Iteration, Residual
1, 1.777926e+02
2, 1.688349e+02
3, 1.610560e+02
4, 1.582866e+02
5, 1.554115e+02
6, 1.538523e+02
7, 1.522646e+02
8, 1.512267e+02
9, 1.501898e+02
10, 1.494387e+02
11, 1.486967e+02
12, 1.481237e+02
13, 1.475613e+02
14, 1.471077e+02
15, 1.466641e+02
16, 1.462949e+02
17, 1.459345e+02
18, 1.456275e+02
19, 1.453281e+02
20, 1.450682e+02
21, 1.448149e+02
22, 1.445919e+02
23, 1.443745e+02
24, 1.441808e+02
25, 1.439918e+02
26, 1.438219e+02
27, 1.436560e+02
28, 1.435056e+02
29, 1.433587e+02
30, 1.432245e+02
31, 1.430935e+02
32, 1.429730e+02
33, 1.428553e+02
34, 1.427465e+02
35, 1.426402e+02
36, 1.425414e+02
37, 1.424449e+02
38, 1.423548e+02
39, 1.422667e+02
40, 1.421842e+02
41, 1.421035e+02
42, 1.420277e+02
43, 1.419534e+02
44, 1.418835e+02
45, 1.418149e+02
46, 1.417502e+02
47, 1.416868e+02
48, 1.416267e+02
49, 1.415678e+02
50, 1.415119e+02
51, 1.414571e+02
52, 1.414050e+02
53, 1.413538e+02
54, 1.413051e+02
55, 1.412572e+02
56, 1.412116e+02
57, 1.411667e+02
58, 1.411239e+02
59, 1.410818e+02
60, 1.410415e+02
61, 1.410019e+02
62, 1.409639e+02
63, 1.409266e+02
64, 1.408908e+02
65, 1.408555e+02
66, 1.408217e+02
67, 1.407884e+02
68, 1.407564e+02
69, 1.407249e+02
70, 1.406946e+02
71, 1.406647e+02
72, 1.406359e+02
73, 1.406076e+02
74, 1.405803e+02
75, 1.405533e+02
76, 1.405274e+02
77, 1.405018e+02
78, 1.404770e+02
79, 1.404527e+02
80, 1.404291e+02
81, 1.404059e+02
82, 1.403834e+02
83, 1.403613e+02
84, 1.403398e+02
85, 1.403187e+02
86, 1.402982e+02
87, 1.402780e+02
88, 1.402584e+02
89, 1.402391e+02
90, 1.402204e+02
91, 1.402019e+02
92, 1.401839e+02
93, 1.401662e+02
94, 1.401491e+02
95, 1.401321e+02
96, 1.401156e+02
97, 1.400993e+02
98, 1.400835e+02
99, 1.400679e+02
100, 1.400528e+02
101, 1.400378e+02
102, 1.400232e+02
103, 1.400088e+02
104, 1.399948e+02
105, 1.399810e+02
106, 1.399675e+02
107, 1.399542e+02
108, 1.399412e+02
109, 1.399284e+02
110, 1.399160e+02
111, 1.399036e+02
112, 1.398916e+02
113, 1.398798e+02
114, 1.398682e+02
115, 1.398568e+02
116, 1.398456e+02
117, 1.398346e+02
118, 1.398238e+02
119, 1.398132e+02
120, 1.398028e+02
121, 1.397926e+02
122, 1.397826e+02
123, 1.397727e+02
124, 1.397630e+02
125, 1.397535e+02
126, 1.397441e+02
127, 1.397349e+02
128, 1.397259e+02
129, 1.397170e+02
130, 1.397083e+02
131, 1.396997e+02
132, 1.396913e+02
133, 1.396830e+02
134, 1.396748e+02
135, 1.396668e+02
136, 1.396589e+02
137, 1.396511e+02
138, 1.396435e+02
139, 1.396360e+02
140, 1.396286e+02
141, 1.396213e+02
142, 1.396142e+02
143, 1.396071e+02
144, 1.396002e+02
145, 1.395934e+02
146, 1.395867e+02
147, 1.395801e+02
148, 1.395736e+02
149, 1.395672e+02
150, 1.395610e+02
151, 1.395548e+02
152, 1.395487e+02
153, 1.395427e+02
154, 1.395368e+02
155, 1.395310e+02
156, 1.395252e+02
157, 1.395196e+02
158, 1.395141e+02
159, 1.395086e+02
160, 1.395032e+02
161, 1.394979e+02
162, 1.394927e+02
163, 1.394875e+02
164, 1.394825e+02
165, 1.394775e+02
166, 1.394726e+02
167, 1.394677e+02
168, 1.394630e+02
169, 1.394583e+02
170, 1.394537e+02
171, 1.394491e+02
172, 1.394446e+02
173, 1.394402e+02
174, 1.394358e+02
175, 1.394315e+02
176, 1.394273e+02
177, 1.394231e+02
178, 1.394190e+02
179, 1.394149e+02
180, 1.394110e+02
181, 1.394070e+02
182, 1.394031e+02
183, 1.393993e+02
184, 1.393956e+02
185, 1.393918e+02
186, 1.393882e+02
187, 1.393846e+02
188, 1.393810e+02
189, 1.393775e+02
190, 1.393741e+02
191, 1.393707e+02
192, 1.393673e+02
193, 1.393640e+02
194, 1.393607e+02
195, 1.393575e+02
196, 1.393543e+02
197, 1.393512e+02
198, 1.393481e+02
199, 1.393451e+02
200, 1.393421e+02
201, 1.393391e+02
202, 1.393362e+02
203, 1.393333e+02
204, 1.393305e+02
205, 1.393277e+02
206, 1.393250e+02
207, 1.393223e+02
208, 1.393196e+02
209, 1.393169e+02
210, 1.393143e+02
211, 1.393118e+02
212, 1.393092e+02
213, 1.393067e+02
214, 1.393043e+02
215, 1.393018e+02
216, 1.392994e+02
217, 1.392971e+02
218, 1.392948e+02
219, 1.392924e+02
220, 1.392902e+02
221, 1.392879e+02
222, 1.392857e+02
223, 1.392836e+02
224, 1.392814e+02
225, 1.392793e+02
226, 1.392772e+02
227, 1.392752e+02
228, 1.392731e+02
229, 1.392711e+02
230, 1.392692e+02
231, 1.392672e+02
232, 1.392653e+02
233, 1.392634e+02
234, 1.392615e+02
235, 1.392597e+02
236, 1.392579e+02
237, 1.392561e+02
238, 1.392543e+02
239, 1.392526e+02
240, 1.392508e+02
241, 1.392491e+02
242, 1.392475e+02
243, 1.392458e+02
244, 1.392442e+02
245, 1.392426e+02
246, 1.392410e+02
247, 1.392394e+02
248, 1.392379e+02
249, 1.392364e+02
250, 1.392349e+02
251, 1.392334e+02
252, 1.392319e+02
253, 1.392305e+02
254, 1.392291e+02
255, 1.392277e+02
256, 1.392263e+02
257, 1.392249e+02
258, 1.392236e+02
259, 1.392222e+02
260, 1.392209e+02
261, 1.392196e+02
262, 1.392184e+02
263, 1.392171e+02
264, 1.392159e+02
265, 1.392147e+02
266, 1.392135e+02
267, 1.392123e+02
268, 1.392111e+02
269, 1.392099e+02
270, 1.392088e+02
271, 1.392077e+02
272, 1.392066e+02
273, 1.392055e+02
274, 1.392044e+02
275, 1.392033e+02
276, 1.392023e+02
277, 1.392013e+02
278, 1.392002e+02
279, 1.391992e+02
280, 1.391983e+02
281, 1.391973e+02
282, 1.391963e+02
283, 1.391954e+02
284, 1.391944e+02
285, 1.391935e+02
286, 1.391926e+02
287, 1.391917e+02
288, 1.391908e+02
289, 1.391899e+02
290, 1.391891e+02
291, 1.391882e+02
292, 1.391874e+02
293, 1.391866e+02
294, 1.391858e+02
295, 1.391849e+02
296, 1.391842e+02
297, 1.391834e+02
298, 1.391826e+02
299, 1.391819e+02
300, 1.391811e+02
301, 1.391804e+02
302, 1.391796e+02
303, 1.391789e+02
304, 1.391782e+02
305, 1.391775e+02
306, 1.391769e+02
307, 1.391762e+02
308, 1.391755e+02
309, 1.391749e+02
310, 1.391742e+02
311, 1.391736e+02
312, 1.391730e+02
313, 1.391723e+02
314, 1.391717e+02
315, 1.391711e+02
316, 1.391705e+02
317, 1.391700e+02
318, 1.391694e+02
319, 1.391688e+02
320, 1.391683e+02
321, 1.391677e+02
322, 1.391672e+02
323, 1.391667e+02
324, 1.391661e+02
325, 1.391656e+02
326, 1.391651e+02
327, 1.391646e+02
328, 1.391641e+02
329, 1.391636e+02
330, 1.391632e+02
331, 1.391627e+02
332, 1.391622e+02
333, 1.391618e+02
334, 1.391613e+02
335, 1.391609e+02
336, 1.391605e+02
337, 1.391600e+02
338, 1.391596e+02
339, 1.391592e+02
340, 1.391588e+02
341, 1.391584e+02
342, 1.391580e+02
343, 1.391576e+02
344, 1.391572e+02
345, 1.391569e+02
346, 1.391565e+02
347, 1.391561e+02
348, 1.391558e+02
349, 1.391554e+02
350, 1.391551e+02
351, 1.391547e+02
352, 1.391544e+02
353, 1.391541e+02
354, 1.391538e+02
355, 1.391534e+02
356, 1.391531e+02
357, 1.391528e+02
358, 1.391525e+02
359, 1.391522e+02
360, 1.391520e+02
361, 1.391517e+02
362, 1.391514e+02
363, 1.391511e+02
364, 1.391508e+02
365, 1.391506e+02
366, 1.391503e+02
367, 1.391501e+02
368, 1.391498e+02
369, 1.391496e+02
370, 1.391493e+02
371, 1.391491e+02
372, 1.391489e+02
373, 1.391486e+02
374, 1.391484e+02
375, 1.391482e+02
376, 1.391480e+02
377, 1.391478e+02
378, 1.391476e+02
379, 1.391474e+02
380, 1.391472e+02
381, 1.391470e+02
382, 1.391468e+02
383, 1.391466e+02
384, 1.391464e+02
385, 1.391463e+02
386, 1.391461e+02
387, 1.391459e+02
388, 1.391458e+02
389, 1.391456e+02
390, 1.391454e+02
391, 1.391453e+02
392, 1.391451e+02
393, 1.391450e+02
394, 1.391448e+02
395, 1.391447e+02
396, 1.391446e+02
397, 1.391444e+02
398, 1.391443e+02
399, 1.391442e+02
400, 1.391441e+02
401, 1.391439e+02
402, 1.391438e+02
403, 1.391437e+02
404, 1.391436e+02
405, 1.391435e+02
406, 1.391434e+02
407, 1.391433e+02
408, 1.391432e+02
409, 1.391431e+02
410, 1.391430e+02
411, 1.391429e+02
412, 1.391428e+02
413, 1.391427e+02
414, 1.391427e+02
415, 1.391426e+02
416, 1.391425e+02
417, 1.391424e+02
418, 1.391424e+02
419, 1.391423e+02
420, 1.391422e+02
421, 1.391422e+02
422, 1.391421e+02
423, 1.391420e+02
424, 1.391420e+02
425, 1.391419e+02
426, 1.391419e+02
427, 1.391418e+02
428, 1.391418e+02
429, 1.391418e+02
430, 1.391417e+02
431, 1.391417e+02
432, 1.391416e+02
433, 1.391416e+02
434, 1.391416e+02
435, 1.391415e+02
436, 1.391415e+02
437, 1.391415e+02
438, 1.391415e+02
439, 1.391415e+02
440, 1.391414e+02
441, 1.391414e+02
442, 1.391414e+02
443, 1.391414e+02
444, 1.391414e+02
445, 1.391414e+02
446, 1.391414e+02
447, 1.391414e+02
448, 1.391414e+02
449, 1.391414e+02
450, 1.391414e+02
451, 1.391414e+02
452, 1.391414e+02
453, 1.391414e+02
454, 1.391414e+02
455, 1.391414e+02
456, 1.391414e+02
457, 1.391414e+02
458, 1.391414e+02
459, 1.391414e+02
460, 1.391415e+02
461, 1.391415e+02
462, 1.391415e+02
463, 1.391415e+02
464, 1.391415e+02
465, 1.391416e+02
466, 1.391416e+02
467, 1.391416e+02
468, 1.391417e+02
469, 1.391417e+02
470, 1.391417e+02
471, 1.391418e+02
472, 1.391418e+02
473, 1.391418e+02
474, 1.391419e+02
475, 1.391419e+02
476, 1.391420e+02
477, 1.391420e+02
478, 1.391421e+02
479, 1.391421e+02
480, 1.391421e+02
481, 1.391422e+02
482, 1.391422e+02
483, 1.391423e+02
484, 1.391423e+02
485, 1.391424e+02
486, 1.391425e+02
487, 1.391425e+02
488, 1.391426e+02
489, 1.391426e+02
490, 1.391427e+02
491, 1.391428e+02
492, 1.391428e+02
493, 1.391429e+02
494, 1.391429e+02
495, 1.391430e+02
496, 1.391431e+02
497, 1.391431e+02
498, 1.391432e+02
499, 1.391433e+02
500, 1.391434e+02
501, 1.391434e+02
502, 1.391435e+02
503, 1.391436e+02
504, 1.391437e+02
505, 1.391437e+02
506, 1.391438e+02
507, 1.391439e+02
508, 1.391440e+02
509, 1.391440e+02
510, 1.391441e+02
511, 1.391442e+02
512, 1.391443e+02
513, 1.391444e+02
514, 1.391445e+02
515, 1.391446e+02
516, 1.391446e+02
517, 1.391447e+02
518, 1.391448e+02
519, 1.391449e+02
520, 1.391450e+02
521, 1.391451e+02
522, 1.391452e+02
523, 1.391453e+02
524, 1.391454e+02
525, 1.391455e+02
526, 1.391456e+02
527, 1.391457e+02
528, 1.391458e+02
529, 1.391459e+02
530, 1.391460e+02
531, 1.391461e+02
532, 1.391462e+02
533, 1.391463e+02
534, 1.391464e+02
535, 1.391465e+02
536, 1.391466e+02
537, 1.391467e+02
538, 1.391468e+02
539, 1.391469e+02
540, 1.391470e+02
541, 1.391471e+02
542, 1.391472e+02
543, 1.391473e+02
544, 1.391474e+02
545, 1.391475e+02
546, 1.391477e+02
547, 1.391478e+02
548, 1.391479e+02
549, 1.391480e+02
550, 1.391481e+02
551, 1.391482e+02
552, 1.391483e+02
553, 1.391485e+02
554, 1.391486e+02
555, 1.391487e+02
556, 1.391488e+02
557, 1.391489e+02
558, 1.391490e+02
559, 1.391492e+02
560, 1.391493e+02
561, 1.391494e+02
562, 1.391495e+02
563, 1.391497e+02
564, 1.391498e+02
565, 1.391499e+02
566, 1.391500e+02
567, 1.391501e+02
568, 1.391503e+02
569, 1.391504e+02
570, 1.391505e+02
571, 1.391507e+02
572, 1.391508e+02
573, 1.391509e+02
574, 1.391510e+02
575, 1.391512e+02
576, 1.391513e+02
577, 1.391514e+02
578, 1.391516e+02
579, 1.391517e+02
580, 1.391518e+02
581, 1.391520e+02
582, 1.391521e+02
583, 1.391522e+02
584, 1.391524e+02
585, 1.391525e+02
586, 1.391526e+02
587, 1.391528e+02
588, 1.391529e+02
589, 1.391530e+02
590, 1.391532e+02
591, 1.391533e+02
592, 1.391534e+02
593, 1.391536e+02
594, 1.391537e+02
595, 1.391539e+02
596, 1.391540e+02
597, 1.391541e+02
598, 1.391543e+02
599, 1.391544e+02
600, 1.391546e+02
601, 1.391547e+02
602, 1.391549e+02
603, 1.391550e+02
604, 1.391551e+02
605, 1.391553e+02
606, 1.391554e+02
607, 1.391556e+02
608, 1.391557e+02
609, 1.391559e+02
610, 1.391560e+02
611, 1.391562e+02
612, 1.391563e+02
613, 1.391565e+02
614, 1.391566e+02
615, 1.391568e+02
616, 1.391569e+02
617, 1.391570e+02
618, 1.391572e+02
619, 1.391574e+02
620, 1.391575e+02
621, 1.391577e+02
622, 1.391578e+02
623, 1.391580e+02
624, 1.391581e+02
625, 1.391583e+02
626, 1.391584e+02
627, 1.391586e+02
628, 1.391587e+02
629, 1.391589e+02
630, 1.391590e+02
631, 1.391592e+02
632, 1.391593e+02
633, 1.391595e+02
634, 1.391597e+02
635, 1.391598e+02
636, 1.391600e+02
637, 1.391601e+02
638, 1.391603e+02
639, 1.391604e+02
640, 1.391606e+02
641, 1.391608e+02
642, 1.391609e+02
643, 1.391611e+02
644, 1.391612e+02
645, 1.391614e+02
646, 1.391616e+02
647, 1.391617e+02
648, 1.391619e+02
649, 1.391620e+02
650, 1.391622e+02
651, 1.391624e+02
652, 1.391625e+02
653, 1.391627e+02
654, 1.391629e+02
655, 1.391630e+02
656, 1.391632e+02
657, 1.391634e+02
658, 1.391635e+02
659, 1.391637e+02
660, 1.391639e+02
661, 1.391640e+02
662, 1.391642e+02
663, 1.391644e+02
664, 1.391645e+02
665, 1.391647e+02
666, 1.391649e+02
667, 1.391650e+02
668, 1.391652e+02
669, 1.391654e+02
670, 1.391655e+02
671, 1.391657e+02
672, 1.391659e+02
673, 1.391660e+02
674, 1.391662e+02
675, 1.391664e+02
676, 1.391666e+02
677, 1.391667e+02
678, 1.391669e+02
679, 1.391671e+02
680, 1.391672e+02
681, 1.391674e+02
682, 1.391676e+02
683, 1.391678e+02
684, 1.391679e+02
685, 1.391681e+02
686, 1.391683e+02
687, 1.391685e+02
688, 1.391686e+02
689, 1.391688e+02
690, 1.391690e+02
691, 1.391692e+02
692, 1.391694e+02
693, 1.391695e+02
694, 1.391697e+02
695, 1.391699e+02
696, 1.391701e+02
697, 1.391702e+02
698, 1.391704e+02
699, 1.391706e+02
700, 1.391708e+02
701, 1.391710e+02
702, 1.391711e+02
703, 1.391713e+02
704, 1.391715e+02
705, 1.391717e+02
706, 1.391719e+02
707, 1.391720e+02
708, 1.391722e+02
709, 1.391724e+02
710, 1.391726e+02
711, 1.391728e+02
712, 1.391730e+02
713, 1.391731e+02
714, 1.391733e+02
715, 1.391735e+02
716, 1.391737e+02
717, 1.391739e+02
718, 1.391741e+02
719, 1.391742e+02
720, 1.391744e+02
721, 1.391746e+02
722, 1.391748e+02
723, 1.391750e+02
724, 1.391752e+02
725, 1.391754e+02
726, 1.391756e+02
727, 1.391757e+02
728, 1.391759e+02
729, 1.391761e+02
730, 1.391763e+02
731, 1.391765e+02
732, 1.391767e+02
733, 1.391769e+02
734, 1.391771e+02
735, 1.391773e+02
736, 1.391774e+02
737, 1.391776e+02
738, 1.391778e+02
739, 1.391780e+02
740, 1.391782e+02
741, 1.391784e+02
742, 1.391786e+02
743, 1.391788e+02
744, 1.391790e+02
745, 1.391792e+02
746, 1.391794e+02
747, 1.391796e+02
748, 1.391798e+02
749, 1.391800e+02
750, 1.391801e+02
751, 1.391803e+02
752, 1.391805e+02
753, 1.391807e+02
754, 1.391809e+02
755, 1.391811e+02
756, 1.391813e+02
757, 1.391815e+02
758, 1.391817e+02
759, 1.391819e+02
760, 1.391821e+02
761, 1.391823e+02
762, 1.391825e+02
763, 1.391827e+02
764, 1.391829e+02
765, 1.391831e+02
766, 1.391833e+02
767, 1.391835e+02
768, 1.391837e+02
769, 1.391839e+02
770, 1.391841e+02
771, 1.391843e+02
772, 1.391845e+02
773, 1.391847e+02
774, 1.391849e+02
775, 1.391851e+02
776, 1.391853e+02
777, 1.391855e+02
778, 1.391857e+02
779, 1.391859e+02
780, 1.391861e+02
781, 1.391863e+02
782, 1.391865e+02
783, 1.391867e+02
784, 1.391869e+02
785, 1.391871e+02
786, 1.391873e+02
787, 1.391876e+02
788, 1.391878e+02
789, 1.391880e+02
790, 1.391882e+02
791, 1.391884e+02
792, 1.391886e+02
793, 1.391888e+02
794, 1.391890e+02
795, 1.391892e+02
796, 1.391894e+02
797, 1.391896e+02
798, 1.391898e+02
799, 1.391900e+02
800, 1.391902e+02
801, 1.391905e+02
802, 1.391907e+02
803, 1.391909e+02
804, 1.391911e+02
805, 1.391913e+02
806, 1.391915e+02
807, 1.391917e+02
808, 1.391919e+02
809, 1.391921e+02
810, 1.391923e+02
811, 1.391926e+02
812, 1.391928e+02
813, 1.391930e+02
814, 1.391932e+02
815, 1.391934e+02
816, 1.391936e+02
817, 1.391938e+02
818, 1.391940e+02
819, 1.391943e+02
820, 1.391945e+02
821, 1.391947e+02
822, 1.391949e+02
823, 1.391951e+02
824, 1.391953e+02
825, 1.391955e+02
826, 1.391958e+02
827, 1.391960e+02
828, 1.391962e+02
829, 1.391964e+02
830, 1.391966e+02
831, 1.391968e+02
832, 1.391971e+02
833, 1.391973e+02
834, 1.391975e+02
835, 1.391977e+02
836, 1.391979e+02
837, 1.391981e+02
838, 1.391984e+02
839, 1.391986e+02
840, 1.391988e+02
841, 1.391990e+02
842, 1.391992e+02
843, 1.391995e+02
844, 1.391997e+02
845, 1.391999e+02
846, 1.392001e+02
847, 1.392003e+02
848, 1.392006e+02
849, 1.392008e+02
850, 1.392010e+02
851, 1.392012e+02
852, 1.392014e+02
853, 1.392017e+02
854, 1.392019e+02
855, 1.392021e+02
856, 1.392023e+02
857, 1.392026e+02
858, 1.392028e+02
859, 1.392030e+02
860, 1.392032e+02
861, 1.392034e+02
862, 1.392037e+02
863, 1.392039e+02
864, 1.392041e+02
865, 1.392043e+02
866, 1.392046e+02
867, 1.392048e+02
868, 1.392050e+02
869, 1.392052e+02
870, 1.392055e+02
871, 1.392057e+02
872, 1.392059e+02
873, 1.392061e+02
874, 1.392064e+02
875, 1.392066e+02
876, 1.392068e+02
877, 1.392071e+02
878, 1.392073e+02
879, 1.392075e+02
880, 1.392077e+02
881, 1.392080e+02
882, 1.392082e+02
883, 1.392084e+02
884, 1.392086e+02
885, 1.392089e+02
886, 1.392091e+02
887, 1.392093e+02
888, 1.392096e+02
889, 1.392098e+02
890, 1.392100e+02
891, 1.392103e+02
892, 1.392105e+02
893, 1.392107e+02
894, 1.392109e+02
895, 1.392112e+02
896, 1.392114e+02
897, 1.392116e+02
898, 1.392119e+02
899, 1.392121e+02
900, 1.392123e+02
901, 1.392126e+02
902, 1.392128e+02
903, 1.392130e+02
904, 1.392133e+02
905, 1.392135e+02
906, 1.392137e+02
907, 1.392140e+02
908, 1.392142e+02
909, 1.392144e+02
910, 1.392147e+02
911, 1.392149e+02
912, 1.392151e+02
913, 1.392154e+02
914, 1.392156e+02
915, 1.392158e+02
916, 1.392161e+02
917, 1.392163e+02
918, 1.392165e+02
919, 1.392168e+02
920, 1.392170e+02
921, 1.392173e+02
922, 1.392175e+02
923, 1.392177e+02
924, 1.392180e+02
925, 1.392182e+02
926, 1.392184e+02
927, 1.392187e+02
928, 1.392189e+02
929, 1.392191e+02
930, 1.392194e+02
931, 1.392196e+02
932, 1.392199e+02
933, 1.392201e+02
934, 1.392203e+02
935, 1.392206e+02
936, 1.392208e+02
937, 1.392210e+02
938, 1.392213e+02
939, 1.392215e+02
940, 1.392218e+02
941, 1.392220e+02
942, 1.392222e+02
943, 1.392225e+02
944, 1.392227e+02
945, 1.392230e+02
946, 1.392232e+02
947, 1.392234e+02
948, 1.392237e+02
949, 1.392239e+02
950, 1.392242e+02
951, 1.392244e+02
952, 1.392246e+02
953, 1.392249e+02
954, 1.392251e+02
955, 1.392254e+02
956, 1.392256e+02
957, 1.392259e+02
958, 1.392261e+02
959, 1.392263e+02
960, 1.392266e+02
961, 1.392268e+02
962, 1.392271e+02
963, 1.392273e+02
964, 1.392276e+02
965, 1.392278e+02
966, 1.392280e+02
967, 1.392283e+02
968, 1.392285e+02
969, 1.392288e+02
970, 1.392290e+02
971, 1.392293e+02
972, 1.392295e+02
973, 1.392297e+02
974, 1.392300e+02
975, 1.392302e+02
976, 1.392305e+02
977, 1.392307e+02
978, 1.392310e+02
979, 1.392312e+02
980, 1.392315e+02
981, 1.392317e+02
982, 1.392320e+02
983, 1.392322e+02
984, 1.392324e+02
985, 1.392327e+02
986, 1.392329e+02
987, 1.392332e+02
988, 1.392334e+02
989, 1.392337e+02
990, 1.392339e+02
991, 1.392342e+02
992, 1.392344e+02
993, 1.392347e+02
994, 1.392349e+02
995, 1.392352e+02
996, 1.392354e+02
997, 1.392356e+02
998, 1.392359e+02
999, 1.392361e+02
1000, 1.392364e+02
1001, 1.392366e+02
1002, 1.392369e+02
1003, 1.392371e+02
1004, 1.392374e+02
1005, 1.392376e+02
1006, 1.392379e+02
1007, 1.392381e+02
1008, 1.392384e+02
1009, 1.392386e+02
1010, 1.392389e+02
1011, 1.392391e+02
1012, 1.392394e+02
1013, 1.392396e+02
1014, 1.392399e+02
1015, 1.392401e+02
1016, 1.392404e+02
1017, 1.392406e+02
1018, 1.392409e+02
1019, 1.392411e+02
1020, 1.392414e+02
1021, 1.392416e+02
1022, 1.392419e+02
1023, 1.392421e+02
1024, 1.392424e+02
1025, 1.392426e+02
1026, 1.392429e+02
1027, 1.392431e+02
1028, 1.392434e+02
1029, 1.392436e+02
1030, 1.392439e+02
1031, 1.392441e+02
1032, 1.392444e+02
1033, 1.392446e+02
1034, 1.392449e+02
1035, 1.392451e+02
1036, 1.392454e+02
1037, 1.392456e+02
1038, 1.392459e+02
1039, 1.392461e+02
1040, 1.392464e+02
1041, 1.392466e+02
1042, 1.392469e+02
1043, 1.392471e+02
1044, 1.392474e+02
1045, 1.392476e+02
1046, 1.392479e+02
1047, 1.392481e+02
1048, 1.392484e+02
1049, 1.392486e+02
1050, 1.392489e+02
1051, 1.392491e+02
1052, 1.392494e+02
1053, 1.392496e+02
1054, 1.392499e+02
1055, 1.392501e+02
1056, 1.392504e+02
1057, 1.392507e+02
1058, 1.392509e+02
1059, 1.392512e+02
1060, 1.392514e+02
1061, 1.392517e+02
1062, 1.392519e+02
1063, 1.392522e+02
1064, 1.392524e+02
1065, 1.392527e+02
1066, 1.392529e+02
1067, 1.392532e+02
1068, 1.392534e+02
1069, 1.392537e+02
1070, 1.392539e+02
1071, 1.392542e+02
1072, 1.392544e+02
1073, 1.392547e+02
1074, 1.392550e+02
1075, 1.392552e+02
1076, 1.392555e+02
1077, 1.392557e+02
1078, 1.392560e+02
1079, 1.392562e+02
1080, 1.392565e+02
1081, 1.392567e+02
1082, 1.392570e+02
1083, 1.392572e+02
1084, 1.392575e+02
1085, 1.392577e+02
1086, 1.392580e+02
1087, 1.392583e+02
1088, 1.392585e+02
1089, 1.392588e+02
1090, 1.392590e+02
1091, 1.392593e+02
1092, 1.392595e+02
1093, 1.392598e+02
1094, 1.392600e+02
1095, 1.392603e+02
1096, 1.392605e+02
1097, 1.392608e+02
1098, 1.392610e+02
1099, 1.392613e+02
1100, 1.392616e+02
1101, 1.392618e+02
1102, 1.392621e+02
1103, 1.392623e+02
1104, 1.392626e+02
1105, 1.392628e+02
1106, 1.392631e+02
1107, 1.392633e+02
1108, 1.392636e+02
1109, 1.392638e+02
1110, 1.392641e+02
1111, 1.392643e+02
1112, 1.392646e+02
1113, 1.392649e+02
1114, 1.392651e+02
1115, 1.392654e+02
1116, 1.392656e+02
1117, 1.392659e+02
1118, 1.392661e+02
1119, 1.392664e+02
1120, 1.392666e+02
1121, 1.392669e+02
1122, 1.392671e+02
1123, 1.392674e+02
1124, 1.392677e+02
1125, 1.392679e+02
1126, 1.392682e+02
1127, 1.392684e+02
1128, 1.392687e+02
1129, 1.392689e+02
1130, 1.392692e+02
1131, 1.392694e+02
1132, 1.392697e+02
1133, 1.392699e+02
1134, 1.392702e+02
1135, 1.392705e+02
1136, 1.392707e+02
1137, 1.392710e+02
1138, 1.392712e+02
1139, 1.392715e+02
1140, 1.392717e+02
1141, 1.392720e+02
1142, 1.392722e+02
1143, 1.392725e+02
1144, 1.392727e+02
1145, 1.392730e+02
1146, 1.392733e+02
1147, 1.392735e+02
1148, 1.392738e+02
1149, 1.392740e+02
1150, 1.392743e+02
1151, 1.392745e+02
1152, 1.392748e+02
1153, 1.392750e+02
1154, 1.392753e+02
1155, 1.392755e+02
1156, 1.392758e+02
1157, 1.392760e+02
1158, 1.392763e+02
1159, 1.392766e+02
1160, 1.392768e+02
1161, 1.392771e+02
1162, 1.392773e+02
1163, 1.392776e+02
1164, 1.392778e+02
1165, 1.392781e+02
1166, 1.392783e+02
1167, 1.392786e+02
1168, 1.392788e+02
1169, 1.392791e+02
1170, 1.392793e+02
1171, 1.392796e+02
1172, 1.392799e+02
1173, 1.392801e+02
1174, 1.392804e+02
1175, 1.392806e+02
1176, 1.392809e+02
1177, 1.392811e+02
1178, 1.392814e+02
1179, 1.392816e+02
1180, 1.392819e+02
1181, 1.392821e+02
1182, 1.392824e+02
1183, 1.392826e+02
1184, 1.392829e+02
1185, 1.392831e+02
1186, 1.392834e+02
1187, 1.392837e+02
1188, 1.392839e+02
1189, 1.392842e+02
1190, 1.392844e+02
1191, 1.392847e+02
1192, 1.392849e+02
1193, 1.392852e+02
1194, 1.392854e+02
1195, 1.392857e+02
1196, 1.392859e+02
1197, 1.392862e+02
1198, 1.392864e+02
1199, 1.392867e+02
1200, 1.392869e+02
1201, 1.392872e+02
1202, 1.392874e+02
1203, 1.392877e+02
1204, 1.392879e+02
1205, 1.392882e+02
1206, 1.392885e+02
1207, 1.392887e+02
1208, 1.392890e+02
1209, 1.392892e+02
1210, 1.392895e+02
1211, 1.392897e+02
1212, 1.392900e+02
1213, 1.392902e+02
1214, 1.392905e+02
1215, 1.392907e+02
1216, 1.392910e+02
1217, 1.392912e+02
1218, 1.392915e+02
1219, 1.392917e+02
1220, 1.392920e+02
1221, 1.392922e+02
1222, 1.392925e+02
1223, 1.392927e+02
1224, 1.392930e+02
1225, 1.392932e+02
1226, 1.392935e+02
1227, 1.392937e+02
1228, 1.392940e+02
1229, 1.392942e+02
1230, 1.392945e+02
1231, 1.392947e+02
1232, 1.392950e+02
1233, 1.392952e+02
1234, 1.392955e+02
1235, 1.392957e+02
1236, 1.392960e+02
1237, 1.392962e+02
1238, 1.392965e+02
1239, 1.392967e+02
1240, 1.392970e+02
1241, 1.392972e+02
1242, 1.392975e+02
1243, 1.392977e+02
1244, 1.392980e+02
1245, 1.392982e+02
1246, 1.392985e+02
1247, 1.392987e+02
1248, 1.392990e+02
1249, 1.392992e+02
1250, 1.392995e+02
1251, 1.392997e+02
1252, 1.393000e+02
1253, 1.393002e+02
1254, 1.393005e+02
1255, 1.393007e+02
1256, 1.393010e+02
1257, 1.393012e+02
1258, 1.393014e+02
1259, 1.393017e+02
1260, 1.393019e+02
1261, 1.393022e+02
1262, 1.393024e+02
1263, 1.393027e+02
1264, 1.393029e+02
1265, 1.393032e+02
1266, 1.393034e+02
1267, 1.393037e+02
1268, 1.393039e+02
1269, 1.393042e+02
1270, 1.393044e+02
1271, 1.393047e+02
1272, 1.393049e+02
1273, 1.393052e+02
1274, 1.393054e+02
1275, 1.393056e+02
1276, 1.393059e+02
1277, 1.393061e+02
1278, 1.393064e+02
1279, 1.393066e+02
1280, 1.393069e+02
1281, 1.393071e+02
1282, 1.393074e+02
1283, 1.393076e+02
1284, 1.393079e+02
1285, 1.393081e+02
1286, 1.393083e+02
1287, 1.393086e+02
1288, 1.393088e+02
1289, 1.393091e+02
1290, 1.393093e+02
1291, 1.393096e+02
1292, 1.393098e+02
1293, 1.393101e+02
1294, 1.393103e+02
1295, 1.393105e+02
1296, 1.393108e+02
1297, 1.393110e+02
1298, 1.393113e+02
1299, 1.393115e+02
1300, 1.393118e+02
1301, 1.393120e+02
1302, 1.393122e+02
1303, 1.393125e+02
1304, 1.393127e+02
1305, 1.393130e+02
1306, 1.393132e+02
1307, 1.393135e+02
1308, 1.393137e+02
1309, 1.393139e+02
1310, 1.393142e+02
1311, 1.393144e+02
1312, 1.393147e+02
1313, 1.393149e+02
1314, 1.393152e+02
1315, 1.393154e+02
1316, 1.393156e+02
1317, 1.393159e+02
1318, 1.393161e+02
1319, 1.393164e+02
1320, 1.393166e+02
1321, 1.393168e+02
1322, 1.393171e+02
1323, 1.393173e+02
1324, 1.393176e+02
1325, 1.393178e+02
1326, 1.393180e+02
1327, 1.393183e+02
1328, 1.393185e+02
1329, 1.393188e+02
1330, 1.393190e+02
1331, 1.393192e+02
1332, 1.393195e+02
1333, 1.393197e+02
1334, 1.393200e+02
1335, 1.393202e+02
1336, 1.393204e+02
1337, 1.393207e+02
1338, 1.393209e+02
1339, 1.393212e+02
1340, 1.393214e+02
1341, 1.393216e+02
1342, 1.393219e+02
1343, 1.393221e+02
1344, 1.393223e+02
1345, 1.393226e+02
1346, 1.393228e+02
1347, 1.393231e+02
1348, 1.393233e+02
1349, 1.393235e+02
1350, 1.393238e+02
1351, 1.393240e+02
1352, 1.393242e+02
1353, 1.393245e+02
1354, 1.393247e+02
1355, 1.393249e+02
1356, 1.393252e+02
1357, 1.393254e+02
1358, 1.393257e+02
1359, 1.393259e+02
1360, 1.393261e+02
1361, 1.393264e+02
1362, 1.393266e+02
1363, 1.393268e+02
1364, 1.393271e+02
1365, 1.393273e+02
1366, 1.393275e+02
1367, 1.393278e+02
1368, 1.393280e+02
1369, 1.393282e+02
1370, 1.393285e+02
1371, 1.393287e+02
1372, 1.393289e+02
1373, 1.393292e+02
1374, 1.393294e+02
1375, 1.393296e+02
1376, 1.393299e+02
1377, 1.393301e+02
1378, 1.393303e+02
1379, 1.393306e+02
1380, 1.393308e+02
1381, 1.393310e+02
1382, 1.393313e+02
1383, 1.393315e+02
1384, 1.393317e+02
1385, 1.393320e+02
1386, 1.393322e+02
1387, 1.393324e+02
1388, 1.393327e+02
1389, 1.393329e+02
1390, 1.393331e+02
1391, 1.393333e+02
1392, 1.393336e+02
1393, 1.393338e+02
1394, 1.393340e+02
1395, 1.393343e+02
1396, 1.393345e+02
1397, 1.393347e+02
1398, 1.393350e+02
1399, 1.393352e+02
1400, 1.393354e+02
1401, 1.393356e+02
1402, 1.393359e+02
1403, 1.393361e+02
1404, 1.393363e+02
1405, 1.393366e+02
1406, 1.393368e+02
1407, 1.393370e+02
1408, 1.393372e+02
1409, 1.393375e+02
1410, 1.393377e+02
1411, 1.393379e+02
1412, 1.393382e+02
1413, 1.393384e+02
1414, 1.393386e+02
1415, 1.393388e+02
1416, 1.393391e+02
1417, 1.393393e+02
1418, 1.393395e+02
1419, 1.393397e+02
1420, 1.393400e+02
1421, 1.393402e+02
1422, 1.393404e+02
1423, 1.393406e+02
1424, 1.393409e+02
1425, 1.393411e+02
1426, 1.393413e+02
1427, 1.393415e+02
1428, 1.393418e+02
1429, 1.393420e+02
1430, 1.393422e+02
1431, 1.393424e+02
1432, 1.393427e+02
1433, 1.393429e+02
1434, 1.393431e+02
1435, 1.393433e+02
1436, 1.393436e+02
1437, 1.393438e+02
1438, 1.393440e+02
1439, 1.393442e+02
1440, 1.393444e+02
1441, 1.393447e+02
1442, 1.393449e+02
1443, 1.393451e+02
1444, 1.393453e+02
1445, 1.393456e+02
1446, 1.393458e+02
1447, 1.393460e+02
1448, 1.393462e+02
1449, 1.393464e+02
1450, 1.393467e+02
1451, 1.393469e+02
1452, 1.393471e+02
1453, 1.393473e+02
1454, 1.393475e+02
1455, 1.393478e+02
1456, 1.393480e+02
1457, 1.393482e+02
1458, 1.393484e+02
1459, 1.393486e+02
1460, 1.393489e+02
1461, 1.393491e+02
1462, 1.393493e+02
1463, 1.393495e+02
1464, 1.393497e+02
1465, 1.393500e+02
1466, 1.393502e+02
1467, 1.393504e+02
1468, 1.393506e+02
1469, 1.393508e+02
1470, 1.393510e+02
1471, 1.393513e+02
1472, 1.393515e+02
1473, 1.393517e+02
1474, 1.393519e+02
1475, 1.393521e+02
1476, 1.393523e+02
1477, 1.393526e+02
1478, 1.393528e+02
1479, 1.393530e+02
1480, 1.393532e+02
1481, 1.393534e+02
1482, 1.393536e+02
1483, 1.393539e+02
1484, 1.393541e+02
1485, 1.393543e+02
1486, 1.393545e+02
1487, 1.393547e+02
1488, 1.393549e+02
1489, 1.393551e+02
1490, 1.393554e+02
1491, 1.393556e+02
1492, 1.393558e+02
1493, 1.393560e+02
1494, 1.393562e+02
1495, 1.393564e+02
1496, 1.393566e+02
1497, 1.393568e+02
1498, 1.393571e+02
1499, 1.393573e+02
1500, 1.393575e+02
1501, 1.393577e+02
1502, 1.393579e+02
1503, 1.393581e+02
1504, 1.393583e+02
1505, 1.393585e+02
1506, 1.393587e+02
1507, 1.393590e+02
1508, 1.393592e+02
1509, 1.393594e+02
1510, 1.393596e+02
1511, 1.393598e+02
1512, 1.393600e+02
1513, 1.393602e+02
1514, 1.393604e+02
1515, 1.393606e+02
1516, 1.393608e+02
1517, 1.393611e+02
1518, 1.393613e+02
1519, 1.393615e+02
1520, 1.393617e+02
1521, 1.393619e+02
1522, 1.393621e+02
1523, 1.393623e+02
1524, 1.393625e+02
1525, 1.393627e+02
1526, 1.393629e+02
1527, 1.393631e+02
1528, 1.393633e+02
1529, 1.393635e+02
1530, 1.393638e+02
1531, 1.393640e+02
1532, 1.393642e+02
1533, 1.393644e+02
1534, 1.393646e+02
1535, 1.393648e+02
1536, 1.393650e+02
1537, 1.393652e+02
1538, 1.393654e+02
1539, 1.393656e+02
1540, 1.393658e+02
1541, 1.393660e+02
1542, 1.393662e+02
1543, 1.393664e+02
1544, 1.393666e+02
1545, 1.393668e+02
1546, 1.393670e+02
1547, 1.393672e+02
1548, 1.393674e+02
1549, 1.393676e+02
1550, 1.393678e+02
1551, 1.393680e+02
1552, 1.393682e+02
1553, 1.393684e+02
1554, 1.393686e+02
1555, 1.393688e+02
1556, 1.393690e+02
1557, 1.393692e+02
1558, 1.393695e+02
1559, 1.393697e+02
1560, 1.393699e+02
1561, 1.393701e+02
1562, 1.393703e+02
1563, 1.393705e+02
1564, 1.393707e+02
1565, 1.393709e+02
1566, 1.393711e+02
1567, 1.393713e+02
1568, 1.393715e+02
1569, 1.393716e+02
1570, 1.393718e+02
1571, 1.393720e+02
1572, 1.393722e+02
1573, 1.393724e+02
1574, 1.393726e+02
1575, 1.393728e+02
1576, 1.393730e+02
1577, 1.393732e+02
1578, 1.393734e+02
1579, 1.393736e+02
1580, 1.393738e+02
1581, 1.393740e+02
1582, 1.393742e+02
1583, 1.393744e+02
1584, 1.393746e+02
1585, 1.393748e+02
1586, 1.393750e+02
1587, 1.393752e+02
1588, 1.393754e+02
1589, 1.393756e+02
1590, 1.393758e+02
1591, 1.393760e+02
1592, 1.393762e+02
1593, 1.393764e+02
1594, 1.393766e+02
1595, 1.393768e+02
1596, 1.393769e+02
1597, 1.393771e+02
1598, 1.393773e+02
1599, 1.393775e+02
1600, 1.393777e+02
1601, 1.393779e+02
1602, 1.393781e+02
1603, 1.393783e+02
1604, 1.393785e+02
1605, 1.393787e+02
1606, 1.393789e+02
1607, 1.393791e+02
1608, 1.393793e+02
1609, 1.393794e+02
1610, 1.393796e+02
1611, 1.393798e+02
1612, 1.393800e+02
1613, 1.393802e+02
1614, 1.393804e+02
1615, 1.393806e+02
1616, 1.393808e+02
1617, 1.393810e+02
1618, 1.393812e+02
1619, 1.393813e+02
1620, 1.393815e+02
1621, 1.393817e+02
1622, 1.393819e+02
1623, 1.393821e+02
1624, 1.393823e+02
1625, 1.393825e+02
1626, 1.393827e+02
1627, 1.393829e+02
1628, 1.393830e+02
1629, 1.393832e+02
1630, 1.393834e+02
1631, 1.393836e+02
1632, 1.393838e+02
1633, 1.393840e+02
1634, 1.393842e+02
1635, 1.393843e+02
1636, 1.393845e+02
1637, 1.393847e+02
1638, 1.393849e+02
1639, 1.393851e+02
1640, 1.393853e+02
1641, 1.393855e+02
1642, 1.393856e+02
1643, 1.393858e+02
1644, 1.393860e+02
1645, 1.393862e+02
1646, 1.393864e+02
1647, 1.393866e+02
1648, 1.393867e+02
1649, 1.393869e+02
1650, 1.393871e+02
1651, 1.393873e+02
1652, 1.393875e+02
1653, 1.393877e+02
1654, 1.393878e+02
1655, 1.393880e+02
1656, 1.393882e+02
1657, 1.393884e+02
1658, 1.393886e+02
1659, 1.393888e+02
1660, 1.393889e+02
1661, 1.393891e+02
1662, 1.393893e+02
1663, 1.393895e+02
1664, 1.393897e+02
1665, 1.393898e+02
1666, 1.393900e+02
1667, 1.393902e+02
1668, 1.393904e+02
1669, 1.393906e+02
1670, 1.393907e+02
1671, 1.393909e+02
1672, 1.393911e+02
1673, 1.393913e+02
1674, 1.393915e+02
1675, 1.393916e+02
1676, 1.393918e+02
1677, 1.393920e+02
1678, 1.393922e+02
1679, 1.393923e+02
1680, 1.393925e+02
1681, 1.393927e+02
1682, 1.393929e+02
1683, 1.393930e+02
1684, 1.393932e+02
1685, 1.393934e+02
1686, 1.393936e+02
1687, 1.393938e+02
1688, 1.393939e+02
1689, 1.393941e+02
1690, 1.393943e+02
1691, 1.393945e+02
1692, 1.393946e+02
1693, 1.393948e+02
1694, 1.393950e+02
1695, 1.393952e+02
1696, 1.393953e+02
1697, 1.393955e+02
1698, 1.393957e+02
1699, 1.393958e+02
1700, 1.393960e+02
1701, 1.393962e+02
1702, 1.393964e+02
1703, 1.393965e+02
1704, 1.393967e+02
1705, 1.393969e+02
1706, 1.393971e+02
1707, 1.393972e+02
1708, 1.393974e+02
1709, 1.393976e+02
1710, 1.393977e+02
1711, 1.393979e+02
1712, 1.393981e+02
1713, 1.393983e+02
1714, 1.393984e+02
1715, 1.393986e+02
1716, 1.393988e+02
1717, 1.393989e+02
1718, 1.393991e+02
1719, 1.393993e+02
1720, 1.393995e+02
1721, 1.393996e+02
1722, 1.393998e+02
1723, 1.394000e+02
1724, 1.394001e+02
1725, 1.394003e+02
1726, 1.394005e+02
1727, 1.394006e+02
1728, 1.394008e+02
1729, 1.394010e+02
1730, 1.394011e+02
1731, 1.394013e+02
1732, 1.394015e+02
1733, 1.394016e+02
1734, 1.394018e+02
1735, 1.394020e+02
1736, 1.394021e+02
1737, 1.394023e+02
1738, 1.394025e+02
1739, 1.394026e+02
1740, 1.394028e+02
1741, 1.394030e+02
1742, 1.394031e+02
1743, 1.394033e+02
1744, 1.394035e+02
1745, 1.394036e+02
1746, 1.394038e+02
1747, 1.394040e+02
1748, 1.394041e+02
1749, 1.394043e+02
1750, 1.394044e+02
1751, 1.394046e+02
1752, 1.394048e+02
1753, 1.394049e+02
1754, 1.394051e+02
1755, 1.394053e+02
1756, 1.394054e+02
1757, 1.394056e+02
1758, 1.394058e+02
1759, 1.394059e+02
1760, 1.394061e+02
1761, 1.394062e+02
1762, 1.394064e+02
1763, 1.394066e+02
1764, 1.394067e+02
1765, 1.394069e+02
1766, 1.394070e+02
1767, 1.394072e+02
1768, 1.394074e+02
1769, 1.394075e+02
1770, 1.394077e+02
1771, 1.394078e+02
1772, 1.394080e+02
1773, 1.394082e+02
1774, 1.394083e+02
1775, 1.394085e+02
1776, 1.394086e+02
1777, 1.394088e+02
1778, 1.394090e+02
1779, 1.394091e+02
1780, 1.394093e+02
1781, 1.394094e+02
1782, 1.394096e+02
1783, 1.394097e+02
1784, 1.394099e+02
1785, 1.394101e+02
1786, 1.394102e+02
1787, 1.394104e+02
1788, 1.394105e+02
1789, 1.394107e+02
1790, 1.394108e+02
1791, 1.394110e+02
1792, 1.394112e+02
1793, 1.394113e+02
1794, 1.394115e+02
1795, 1.394116e+02
1796, 1.394118e+02
1797, 1.394119e+02
1798, 1.394121e+02
1799, 1.394122e+02
1800, 1.394124e+02
1801, 1.394126e+02
1802, 1.394127e+02
1803, 1.394129e+02
1804, 1.394130e+02
1805, 1.394132e+02
1806, 1.394133e+02
1807, 1.394135e+02
1808, 1.394136e+02
1809, 1.394138e+02
1810, 1.394139e+02
1811, 1.394141e+02
1812, 1.394142e+02
1813, 1.394144e+02
1814, 1.394145e+02
1815, 1.394147e+02
1816, 1.394148e+02
1817, 1.394150e+02
1818, 1.394151e+02
1819, 1.394153e+02
1820, 1.394154e+02
1821, 1.394156e+02
1822, 1.394157e+02
1823, 1.394159e+02
1824, 1.394160e+02
1825, 1.394162e+02
1826, 1.394163e+02
1827, 1.394165e+02
1828, 1.394166e+02
1829, 1.394168e+02
1830, 1.394169e+02
1831, 1.394171e+02
1832, 1.394172e+02
1833, 1.394174e+02
1834, 1.394175e+02
1835, 1.394177e+02
1836, 1.394178e+02
1837, 1.394180e+02
1838, 1.394181e+02
1839, 1.394183e+02
1840, 1.394184e+02
1841, 1.394186e+02
1842, 1.394187e+02
1843, 1.394189e+02
1844, 1.394190e+02
1845, 1.394192e+02
1846, 1.394193e+02
1847, 1.394194e+02
1848, 1.394196e+02
1849, 1.394197e+02
1850, 1.394199e+02
1851, 1.394200e+02
1852, 1.394202e+02
1853, 1.394203e+02
1854, 1.394205e+02
1855, 1.394206e+02
1856, 1.394207e+02
1857, 1.394209e+02
1858, 1.394210e+02
1859, 1.394212e+02
1860, 1.394213e+02
1861, 1.394215e+02
1862, 1.394216e+02
1863, 1.394218e+02
1864, 1.394219e+02
1865, 1.394220e+02
1866, 1.394222e+02
1867, 1.394223e+02
1868, 1.394225e+02
1869, 1.394226e+02
1870, 1.394227e+02
1871, 1.394229e+02
1872, 1.394230e+02
1873, 1.394232e+02
1874, 1.394233e+02
1875, 1.394235e+02
1876, 1.394236e+02
1877, 1.394237e+02
1878, 1.394239e+02
1879, 1.394240e+02
1880, 1.394242e+02
1881, 1.394243e+02
1882, 1.394244e+02
1883, 1.394246e+02
1884, 1.394247e+02
1885, 1.394248e+02
1886, 1.394250e+02
1887, 1.394251e+02
1888, 1.394253e+02
1889, 1.394254e+02
1890, 1.394255e+02
1891, 1.394257e+02
1892, 1.394258e+02
1893, 1.394260e+02
1894, 1.394261e+02
1895, 1.394262e+02
1896, 1.394264e+02
1897, 1.394265e+02
1898, 1.394266e+02
1899, 1.394268e+02
1900, 1.394269e+02
1901, 1.394270e+02
1902, 1.394272e+02
1903, 1.394273e+02
1904, 1.394275e+02
1905, 1.394276e+02
1906, 1.394277e+02
1907, 1.394279e+02
1908, 1.394280e+02
1909, 1.394281e+02
1910, 1.394283e+02
1911, 1.394284e+02
1912, 1.394285e+02
1913, 1.394287e+02
1914, 1.394288e+02
1915, 1.394289e+02
1916, 1.394291e+02
1917, 1.394292e+02
1918, 1.394293e+02
1919, 1.394295e+02
1920, 1.394296e+02
1921, 1.394297e+02
1922, 1.394299e+02
1923, 1.394300e+02
1924, 1.394301e+02
1925, 1.394303e+02
1926, 1.394304e+02
1927, 1.394305e+02
1928, 1.394307e+02
1929, 1.394308e+02
1930, 1.394309e+02
1931, 1.394311e+02
1932, 1.394312e+02
1933, 1.394313e+02
1934, 1.394314e+02
1935, 1.394316e+02
1936, 1.394317e+02
1937, 1.394318e+02
1938, 1.394320e+02
1939, 1.394321e+02
1940, 1.394322e+02
1941, 1.394324e+02
1942, 1.394325e+02
1943, 1.394326e+02
1944, 1.394327e+02
1945, 1.394329e+02
1946, 1.394330e+02
1947, 1.394331e+02
1948, 1.394333e+02
1949, 1.394334e+02
1950, 1.394335e+02
1951, 1.394336e+02
1952, 1.394338e+02
1953, 1.394339e+02
1954, 1.394340e+02
1955, 1.394341e+02
1956, 1.394343e+02
1957, 1.394344e+02
1958, 1.394345e+02
1959, 1.394347e+02
1960, 1.394348e+02
1961, 1.394349e+02
1962, 1.394350e+02
1963, 1.394352e+02
1964, 1.394353e+02
1965, 1.394354e+02
1966, 1.394355e+02
1967, 1.394357e+02
1968, 1.394358e+02
1969, 1.394359e+02
1970, 1.394360e+02
1971, 1.394362e+02
1972, 1.394363e+02
1973, 1.394364e+02
1974, 1.394365e+02
1975, 1.394366e+02
1976, 1.394368e+02
1977, 1.394369e+02
1978, 1.394370e+02
1979, 1.394371e+02
1980, 1.394373e+02
1981, 1.394374e+02
1982, 1.394375e+02
1983, 1.394376e+02
1984, 1.394378e+02
1985, 1.394379e+02
1986, 1.394380e+02
1987, 1.394381e+02
1988, 1.394382e+02
1989, 1.394384e+02
1990, 1.394385e+02
1991, 1.394386e+02
1992, 1.394387e+02
1993, 1.394388e+02
1994, 1.394390e+02
1995, 1.394391e+02
1996, 1.394392e+02
1997, 1.394393e+02
1998, 1.394394e+02
1999, 1.394396e+02
2000, 1.394397e+02
2001, 1.394398e+02
2002, 1.394399e+02
2003, 1.394400e+02
2004, 1.394402e+02
2005, 1.394403e+02
2006, 1.394404e+02
2007, 1.394405e+02
2008, 1.394406e+02
2009, 1.394408e+02
2010, 1.394409e+02
2011, 1.394410e+02
2012, 1.394411e+02
2013, 1.394412e+02
2014, 1.394413e+02
2015, 1.394415e+02
2016, 1.394416e+02
2017, 1.394417e+02
2018, 1.394418e+02
2019, 1.394419e+02
2020, 1.394420e+02
2021, 1.394422e+02
2022, 1.394423e+02
2023, 1.394424e+02
2024, 1.394425e+02
2025, 1.394426e+02
2026, 1.394427e+02
2027, 1.394429e+02
2028, 1.394430e+02
2029, 1.394431e+02
2030, 1.394432e+02
2031, 1.394433e+02
2032, 1.394434e+02
2033, 1.394435e+02
2034, 1.394437e+02
2035, 1.394438e+02
2036, 1.394439e+02
2037, 1.394440e+02
2038, 1.394441e+02
2039, 1.394442e+02
2040, 1.394443e+02
2041, 1.394445e+02
2042, 1.394446e+02
2043, 1.394447e+02
2044, 1.394448e+02
2045, 1.394449e+02
2046, 1.394450e+02
2047, 1.394451e+02
2048, 1.394452e+02
2049, 1.394454e+02
2050, 1.394455e+02
2051, 1.394456e+02
2052, 1.394457e+02
2053, 1.394458e+02
2054, 1.394459e+02
2055, 1.394460e+02
2056, 1.394461e+02
2057, 1.394462e+02
2058, 1.394464e+02
2059, 1.394465e+02
2060, 1.394466e+02
2061, 1.394467e+02
2062, 1.394468e+02
2063, 1.394469e+02
2064, 1.394470e+02
2065, 1.394471e+02
2066, 1.394472e+02
2067, 1.394473e+02
2068, 1.394474e+02
2069, 1.394476e+02
2070, 1.394477e+02
2071, 1.394478e+02
2072, 1.394479e+02
2073, 1.394480e+02
2074, 1.394481e+02
2075, 1.394482e+02
2076, 1.394483e+02
2077, 1.394484e+02
2078, 1.394485e+02
2079, 1.394486e+02
2080, 1.394487e+02
2081, 1.394489e+02
2082, 1.394490e+02
2083, 1.394491e+02
2084, 1.394492e+02
2085, 1.394493e+02
2086, 1.394494e+02
2087, 1.394495e+02
2088, 1.394496e+02
2089, 1.394497e+02
2090, 1.394498e+02
2091, 1.394499e+02
2092, 1.394500e+02
2093, 1.394501e+02
2094, 1.394502e+02
2095, 1.394503e+02
2096, 1.394504e+02
2097, 1.394505e+02
2098, 1.394507e+02
2099, 1.394508e+02
2100, 1.394509e+02
2101, 1.394510e+02
2102, 1.394511e+02
2103, 1.394512e+02
2104, 1.394513e+02
2105, 1.394514e+02
2106, 1.394515e+02
2107, 1.394516e+02
2108, 1.394517e+02
2109, 1.394518e+02
2110, 1.394519e+02
2111, 1.394520e+02
2112, 1.394521e+02
2113, 1.394522e+02
2114, 1.394523e+02
2115, 1.394524e+02
2116, 1.394525e+02
2117, 1.394526e+02
2118, 1.394527e+02
2119, 1.394528e+02
2120, 1.394529e+02
2121, 1.394530e+02
2122, 1.394531e+02
2123, 1.394532e+02
2124, 1.394533e+02
2125, 1.394534e+02
2126, 1.394535e+02
2127, 1.394536e+02
2128, 1.394537e+02
2129, 1.394538e+02
2130, 1.394539e+02
2131, 1.394540e+02
2132, 1.394541e+02
2133, 1.394542e+02
2134, 1.394543e+02
2135, 1.394544e+02
2136, 1.394545e+02
2137, 1.394546e+02
2138, 1.394547e+02
2139, 1.394548e+02
2140, 1.394549e+02
2141, 1.394550e+02
2142, 1.394551e+02
2143, 1.394552e+02
2144, 1.394553e+02
2145, 1.394554e+02
2146, 1.394555e+02
2147, 1.394556e+02
2148, 1.394557e+02
2149, 1.394558e+02
2150, 1.394559e+02
2151, 1.394560e+02
2152, 1.394561e+02
2153, 1.394562e+02
2154, 1.394563e+02
2155, 1.394564e+02
2156, 1.394565e+02
2157, 1.394566e+02
2158, 1.394567e+02
2159, 1.394568e+02
2160, 1.394569e+02
2161, 1.394570e+02
2162, 1.394571e+02
2163, 1.394571e+02
2164, 1.394572e+02
2165, 1.394573e+02
2166, 1.394574e+02
2167, 1.394575e+02
2168, 1.394576e+02
2169, 1.394577e+02
2170, 1.394578e+02
2171, 1.394579e+02
2172, 1.394580e+02
2173, 1.394581e+02
2174, 1.394582e+02
2175, 1.394583e+02
2176, 1.394584e+02
2177, 1.394585e+02
2178, 1.394586e+02
2179, 1.394587e+02
2180, 1.394587e+02
2181, 1.394588e+02
2182, 1.394589e+02
2183, 1.394590e+02
2184, 1.394591e+02
2185, 1.394592e+02
2186, 1.394593e+02
2187, 1.394594e+02
2188, 1.394595e+02
2189, 1.394596e+02
2190, 1.394597e+02
2191, 1.394598e+02
2192, 1.394599e+02
2193, 1.394599e+02
2194, 1.394600e+02
2195, 1.394601e+02
2196, 1.394602e+02
2197, 1.394603e+02
2198, 1.394604e+02
2199, 1.394605e+02
2200, 1.394606e+02
2201, 1.394607e+02
2202, 1.394608e+02
2203, 1.394609e+02
2204, 1.394609e+02
2205, 1.394610e+02
2206, 1.394611e+02
2207, 1.394612e+02
2208, 1.394613e+02
2209, 1.394614e+02
2210, 1.394615e+02
2211, 1.394616e+02
2212, 1.394617e+02
2213, 1.394618e+02
2214, 1.394618e+02
2215, 1.394619e+02
2216, 1.394620e+02
2217, 1.394621e+02
2218, 1.394622e+02
2219, 1.394623e+02
2220, 1.394624e+02
2221, 1.394625e+02
2222, 1.394625e+02
2223, 1.394626e+02
2224, 1.394627e+02
2225, 1.394628e+02
2226, 1.394629e+02
2227, 1.394630e+02
2228, 1.394631e+02
2229, 1.394632e+02
2230, 1.394632e+02
2231, 1.394633e+02
2232, 1.394634e+02
2233, 1.394635e+02
2234, 1.394636e+02
2235, 1.394637e+02
2236, 1.394638e+02
2237, 1.394639e+02
2238, 1.394639e+02
2239, 1.394640e+02
2240, 1.394641e+02
2241, 1.394642e+02
2242, 1.394643e+02
2243, 1.394644e+02
2244, 1.394644e+02
2245, 1.394645e+02
2246, 1.394646e+02
2247, 1.394647e+02
2248, 1.394648e+02
2249, 1.394649e+02
2250, 1.394650e+02
2251, 1.394650e+02
2252, 1.394651e+02
2253, 1.394652e+02
2254, 1.394653e+02
2255, 1.394654e+02
2256, 1.394655e+02
2257, 1.394655e+02
2258, 1.394656e+02
2259, 1.394657e+02
2260, 1.394658e+02
2261, 1.394659e+02
2262, 1.394660e+02
2263, 1.394660e+02
2264, 1.394661e+02
2265, 1.394662e+02
2266, 1.394663e+02
2267, 1.394664e+02
2268, 1.394665e+02
2269, 1.394665e+02
2270, 1.394666e+02
2271, 1.394667e+02
2272, 1.394668e+02
2273, 1.394669e+02
2274, 1.394669e+02
2275, 1.394670e+02
2276, 1.394671e+02
2277, 1.394672e+02
2278, 1.394673e+02
2279, 1.394673e+02
2280, 1.394674e+02
2281, 1.394675e+02
2282, 1.394676e+02
2283, 1.394677e+02
2284, 1.394678e+02
2285, 1.394678e+02
2286, 1.394679e+02
2287, 1.394680e+02
2288, 1.394681e+02
2289, 1.394682e+02
2290, 1.394682e+02
2291, 1.394683e+02
2292, 1.394684e+02
2293, 1.394685e+02
2294, 1.394685e+02
2295, 1.394686e+02
2296, 1.394687e+02
2297, 1.394688e+02
2298, 1.394689e+02
2299, 1.394689e+02
2300, 1.394690e+02
2301, 1.394691e+02
2302, 1.394692e+02
2303, 1.394693e+02
2304, 1.394693e+02
2305, 1.394694e+02
2306, 1.394695e+02
2307, 1.394696e+02
2308, 1.394696e+02
2309, 1.394697e+02
2310, 1.394698e+02
2311, 1.394699e+02
2312, 1.394700e+02
2313, 1.394700e+02
2314, 1.394701e+02
2315, 1.394702e+02
2316, 1.394703e+02
2317, 1.394703e+02
2318, 1.394704e+02
2319, 1.394705e+02
2320, 1.394706e+02
2321, 1.394706e+02
2322, 1.394707e+02
2323, 1.394708e+02
2324, 1.394709e+02
2325, 1.394709e+02
2326, 1.394710e+02
2327, 1.394711e+02
2328, 1.394712e+02
2329, 1.394712e+02
2330, 1.394713e+02
2331, 1.394714e+02
2332, 1.394715e+02
2333, 1.394715e+02
2334, 1.394716e+02
2335, 1.394717e+02
2336, 1.394718e+02
2337, 1.394718e+02
2338, 1.394719e+02
2339, 1.394720e+02
2340, 1.394721e+02
2341, 1.394721e+02
2342, 1.394722e+02
2343, 1.394723e+02
2344, 1.394724e+02
2345, 1.394724e+02
2346, 1.394725e+02
2347, 1.394726e+02
2348, 1.394727e+02
2349, 1.394727e+02
2350, 1.394728e+02
2351, 1.394729e+02
2352, 1.394729e+02
2353, 1.394730e+02
2354, 1.394731e+02
2355, 1.394732e+02
2356, 1.394732e+02
2357, 1.394733e+02
2358, 1.394734e+02
2359, 1.394735e+02
2360, 1.394735e+02
2361, 1.394736e+02
2362, 1.394737e+02
2363, 1.394737e+02
2364, 1.394738e+02
2365, 1.394739e+02
2366, 1.394740e+02
2367, 1.394740e+02
2368, 1.394741e+02
2369, 1.394742e+02
2370, 1.394742e+02
2371, 1.394743e+02
2372, 1.394744e+02
2373, 1.394744e+02
2374, 1.394745e+02
2375, 1.394746e+02
2376, 1.394747e+02
2377, 1.394747e+02
2378, 1.394748e+02
2379, 1.394749e+02
2380, 1.394749e+02
2381, 1.394750e+02
2382, 1.394751e+02
2383, 1.394751e+02
2384, 1.394752e+02
2385, 1.394753e+02
2386, 1.394754e+02
2387, 1.394754e+02
2388, 1.394755e+02
2389, 1.394756e+02
2390, 1.394756e+02
2391, 1.394757e+02
2392, 1.394758e+02
2393, 1.394758e+02
2394, 1.394759e+02
2395, 1.394760e+02
2396, 1.394760e+02
2397, 1.394761e+02
2398, 1.394762e+02
2399, 1.394762e+02
2400, 1.394763e+02
2401, 1.394764e+02
2402, 1.394764e+02
2403, 1.394765e+02
2404, 1.394766e+02
2405, 1.394766e+02
2406, 1.394767e+02
2407, 1.394768e+02
2408, 1.394768e+02
2409, 1.394769e+02
2410, 1.394770e+02
2411, 1.394770e+02
2412, 1.394771e+02
2413, 1.394772e+02
2414, 1.394772e+02
2415, 1.394773e+02
2416, 1.394774e+02
2417, 1.394774e+02
2418, 1.394775e+02
2419, 1.394776e+02
2420, 1.394776e+02
2421, 1.394777e+02
2422, 1.394778e+02
2423, 1.394778e+02
2424, 1.394779e+02
2425, 1.394780e+02
2426, 1.394780e+02
2427, 1.394781e+02
2428, 1.394782e+02
2429, 1.394782e+02
2430, 1.394783e+02
2431, 1.394784e+02
2432, 1.394784e+02
2433, 1.394785e+02
2434, 1.394786e+02
2435, 1.394786e+02
2436, 1.394787e+02
2437, 1.394787e+02
2438, 1.394788e+02
2439, 1.394789e+02
2440, 1.394789e+02
2441, 1.394790e+02
2442, 1.394791e+02
2443, 1.394791e+02
2444, 1.394792e+02
2445, 1.394793e+02
2446, 1.394793e+02
2447, 1.394794e+02
2448, 1.394794e+02
2449, 1.394795e+02
2450, 1.394796e+02
2451, 1.394796e+02
2452, 1.394797e+02
2453, 1.394798e+02
2454, 1.394798e+02
2455, 1.394799e+02
2456, 1.394799e+02
2457, 1.394800e+02
2458, 1.394801e+02
2459, 1.394801e+02
2460, 1.394802e+02
2461, 1.394803e+02
2462, 1.394803e+02
2463, 1.394804e+02
2464, 1.394804e+02
2465, 1.394805e+02
2466, 1.394806e+02
2467, 1.394806e+02
2468, 1.394807e+02
2469, 1.394807e+02
2470, 1.394808e+02
2471, 1.394809e+02
2472, 1.394809e+02
2473, 1.394810e+02
2474, 1.394810e+02
2475, 1.394811e+02
2476, 1.394812e+02
2477, 1.394812e+02
2478, 1.394813e+02
2479, 1.394813e+02
2480, 1.394814e+02
2481, 1.394815e+02
2482, 1.394815e+02
2483, 1.394816e+02
2484, 1.394816e+02
2485, 1.394817e+02
2486, 1.394818e+02
2487, 1.394818e+02
2488, 1.394819e+02
2489, 1.394819e+02
2490, 1.394820e+02
2491, 1.394821e+02
2492, 1.394821e+02
2493, 1.394822e+02
2494, 1.394822e+02
2495, 1.394823e+02
2496, 1.394824e+02
2497, 1.394824e+02
2498, 1.394825e+02
2499, 1.394825e+02
2500, 1.394826e+02
2501, 1.394826e+02
2502, 1.394827e+02
2503, 1.394828e+02
2504, 1.394828e+02
2505, 1.394829e+02
2506, 1.394829e+02
2507, 1.394830e+02
2508, 1.394831e+02
2509, 1.394831e+02
2510, 1.394832e+02
2511, 1.394832e+02
2512, 1.394833e+02
2513, 1.394833e+02
2514, 1.394834e+02
2515, 1.394835e+02
2516, 1.394835e+02
2517, 1.394836e+02
2518, 1.394836e+02
2519, 1.394837e+02
2520, 1.394837e+02
2521, 1.394838e+02
2522, 1.394839e+02
2523, 1.394839e+02
2524, 1.394840e+02
2525, 1.394840e+02
2526, 1.394841e+02
2527, 1.394841e+02
2528, 1.394842e+02
2529, 1.394842e+02
2530, 1.394843e+02
2531, 1.394844e+02
2532, 1.394844e+02
2533, 1.394845e+02
2534, 1.394845e+02
2535, 1.394846e+02
2536, 1.394846e+02
2537, 1.394847e+02
2538, 1.394847e+02
2539, 1.394848e+02
2540, 1.394849e+02
2541, 1.394849e+02
2542, 1.394850e+02
2543, 1.394850e+02
2544, 1.394851e+02
2545, 1.394851e+02
2546, 1.394852e+02
2547, 1.394852e+02
2548, 1.394853e+02
2549, 1.394853e+02
2550, 1.394854e+02
2551, 1.394854e+02
2552, 1.394855e+02
2553, 1.394856e+02
2554, 1.394856e+02
2555, 1.394857e+02
2556, 1.394857e+02
2557, 1.394858e+02
2558, 1.394858e+02
2559, 1.394859e+02
2560, 1.394859e+02
2561, 1.394860e+02
2562, 1.394860e+02
2563, 1.394861e+02
2564, 1.394861e+02
2565, 1.394862e+02
2566, 1.394862e+02
2567, 1.394863e+02
2568, 1.394864e+02
2569, 1.394864e+02
2570, 1.394865e+02
2571, 1.394865e+02
2572, 1.394866e+02
2573, 1.394866e+02
2574, 1.394867e+02
2575, 1.394867e+02
2576, 1.394868e+02
2577, 1.394868e+02
2578, 1.394869e+02
2579, 1.394869e+02
2580, 1.394870e+02
2581, 1.394870e+02
2582, 1.394871e+02
2583, 1.394871e+02
2584, 1.394872e+02
2585, 1.394872e+02
2586, 1.394873e+02
2587, 1.394873e+02
2588, 1.394874e+02
2589, 1.394874e+02
2590, 1.394875e+02
2591, 1.394875e+02
2592, 1.394876e+02
2593, 1.394876e+02
2594, 1.394877e+02
2595, 1.394877e+02
2596, 1.394878e+02
2597, 1.394878e+02
2598, 1.394879e+02
2599, 1.394879e+02
2600, 1.394880e+02
2601, 1.394880e+02
2602, 1.394881e+02
2603, 1.394881e+02
2604, 1.394882e+02
2605, 1.394882e+02
2606, 1.394883e+02
2607, 1.394883e+02
2608, 1.394884e+02
2609, 1.394884e+02
2610, 1.394885e+02
2611, 1.394885e+02
2612, 1.394886e+02
2613, 1.394886e+02
2614, 1.394887e+02
2615, 1.394887e+02
2616, 1.394888e+02
2617, 1.394888e+02
2618, 1.394889e+02
2619, 1.394889e+02
2620, 1.394890e+02
2621, 1.394890e+02
2622, 1.394891e+02
2623, 1.394891e+02
2624, 1.394892e+02
2625, 1.394892e+02
2626, 1.394893e+02
2627, 1.394893e+02
2628, 1.394894e+02
2629, 1.394894e+02
2630, 1.394895e+02
2631, 1.394895e+02
2632, 1.394896e+02
2633, 1.394896e+02
2634, 1.394897e+02
2635, 1.394897e+02
2636, 1.394897e+02
2637, 1.394898e+02
2638, 1.394898e+02
2639, 1.394899e+02
2640, 1.394899e+02
2641, 1.394900e+02
2642, 1.394900e+02
2643, 1.394901e+02
2644, 1.394901e+02
2645, 1.394902e+02
2646, 1.394902e+02
2647, 1.394903e+02
2648, 1.394903e+02
2649, 1.394904e+02
2650, 1.394904e+02
2651, 1.394904e+02
2652, 1.394905e+02
2653, 1.394905e+02
2654, 1.394906e+02
2655, 1.394906e+02
2656, 1.394907e+02
2657, 1.394907e+02
2658, 1.394908e+02
2659, 1.394908e+02
2660, 1.394909e+02
2661, 1.394909e+02
2662, 1.394910e+02
2663, 1.394910e+02
2664, 1.394910e+02
2665, 1.394911e+02
2666, 1.394911e+02
2667, 1.394912e+02
2668, 1.394912e+02
2669, 1.394913e+02
2670, 1.394913e+02
2671, 1.394914e+02
2672, 1.394914e+02
2673, 1.394914e+02
2674, 1.394915e+02
2675, 1.394915e+02
2676, 1.394916e+02
2677, 1.394916e+02
2678, 1.394917e+02
2679, 1.394917e+02
2680, 1.394918e+02
2681, 1.394918e+02
2682, 1.394918e+02
2683, 1.394919e+02
2684, 1.394919e+02
2685, 1.394920e+02
2686, 1.394920e+02
2687, 1.394921e+02
2688, 1.394921e+02
2689, 1.394922e+02
2690, 1.394922e+02
2691, 1.394922e+02
2692, 1.394923e+02
2693, 1.394923e+02
2694, 1.394924e+02
2695, 1.394924e+02
2696, 1.394925e+02
2697, 1.394925e+02
2698, 1.394925e+02
2699, 1.394926e+02
2700, 1.394926e+02
2701, 1.394927e+02
2702, 1.394927e+02
2703, 1.394928e+02
2704, 1.394928e+02
2705, 1.394928e+02
2706, 1.394929e+02
2707, 1.394929e+02
2708, 1.394930e+02
2709, 1.394930e+02
2710, 1.394931e+02
2711, 1.394931e+02
2712, 1.394931e+02
2713, 1.394932e+02
2714, 1.394932e+02
2715, 1.394933e+02
2716, 1.394933e+02
2717, 1.394934e+02
2718, 1.394934e+02
2719, 1.394934e+02
2720, 1.394935e+02
2721, 1.394935e+02
2722, 1.394936e+02
2723, 1.394936e+02
2724, 1.394936e+02
2725, 1.394937e+02
2726, 1.394937e+02
2727, 1.394938e+02
2728, 1.394938e+02
2729, 1.394938e+02
2730, 1.394939e+02
2731, 1.394939e+02
2732, 1.394940e+02
2733, 1.394940e+02
2734, 1.394941e+02
2735, 1.394941e+02
2736, 1.394941e+02
2737, 1.394942e+02
2738, 1.394942e+02
2739, 1.394943e+02
2740, 1.394943e+02
2741, 1.394943e+02
2742, 1.394944e+02
2743, 1.394944e+02
2744, 1.394945e+02
2745, 1.394945e+02
2746, 1.394945e+02
2747, 1.394946e+02
2748, 1.394946e+02
2749, 1.394947e+02
2750, 1.394947e+02
2751, 1.394947e+02
2752, 1.394948e+02
2753, 1.394948e+02
2754, 1.394949e+02
2755, 1.394949e+02
2756, 1.394949e+02
2757, 1.394950e+02
2758, 1.394950e+02
2759, 1.394950e+02
2760, 1.394951e+02
2761, 1.394951e+02
2762, 1.394952e+02
2763, 1.394952e+02
2764, 1.394952e+02
2765, 1.394953e+02
2766, 1.394953e+02
2767, 1.394954e+02
2768, 1.394954e+02
2769, 1.394954e+02
2770, 1.394955e+02
2771, 1.394955e+02
2772, 1.394956e+02
2773, 1.394956e+02
2774, 1.394956e+02
2775, 1.394957e+02
2776, 1.394957e+02
2777, 1.394957e+02
2778, 1.394958e+02
2779, 1.394958e+02
2780, 1.394959e+02
2781, 1.394959e+02
2782, 1.394959e+02
2783, 1.394960e+02
2784, 1.394960e+02
2785, 1.394960e+02
2786, 1.394961e+02
2787, 1.394961e+02
2788, 1.394962e+02
2789, 1.394962e+02
2790, 1.394962e+02
2791, 1.394963e+02
2792, 1.394963e+02
2793, 1.394963e+02
2794, 1.394964e+02
2795, 1.394964e+02
2796, 1.394965e+02
2797, 1.394965e+02
2798, 1.394965e+02
2799, 1.394966e+02
2800, 1.394966e+02
2801, 1.394966e+02
2802, 1.394967e+02
2803, 1.394967e+02
2804, 1.394968e+02
2805, 1.394968e+02
2806, 1.394968e+02
2807, 1.394969e+02
2808, 1.394969e+02
2809, 1.394969e+02
2810, 1.394970e+02
2811, 1.394970e+02
2812, 1.394970e+02
2813, 1.394971e+02
2814, 1.394971e+02
2815, 1.394971e+02
2816, 1.394972e+02
2817, 1.394972e+02
2818, 1.394973e+02
2819, 1.394973e+02
2820, 1.394973e+02
2821, 1.394974e+02
2822, 1.394974e+02
2823, 1.394974e+02
2824, 1.394975e+02
2825, 1.394975e+02
2826, 1.394975e+02
2827, 1.394976e+02
2828, 1.394976e+02
2829, 1.394976e+02
2830, 1.394977e+02
2831, 1.394977e+02
2832, 1.394978e+02
2833, 1.394978e+02
2834, 1.394978e+02
2835, 1.394979e+02
2836, 1.394979e+02
2837, 1.394979e+02
2838, 1.394980e+02
2839, 1.394980e+02
2840, 1.394980e+02
2841, 1.394981e+02
2842, 1.394981e+02
2843, 1.394981e+02
2844, 1.394982e+02
2845, 1.394982e+02
2846, 1.394982e+02
2847, 1.394983e+02
2848, 1.394983e+02
2849, 1.394983e+02
2850, 1.394984e+02
2851, 1.394984e+02
2852, 1.394984e+02
2853, 1.394985e+02
2854, 1.394985e+02
2855, 1.394985e+02
2856, 1.394986e+02
2857, 1.394986e+02
2858, 1.394986e+02
2859, 1.394987e+02
2860, 1.394987e+02
2861, 1.394987e+02
2862, 1.394988e+02
2863, 1.394988e+02
2864, 1.394988e+02
2865, 1.394989e+02
2866, 1.394989e+02
2867, 1.394989e+02
2868, 1.394990e+02
2869, 1.394990e+02
2870, 1.394990e+02
2871, 1.394991e+02
2872, 1.394991e+02
2873, 1.394991e+02
2874, 1.394992e+02
2875, 1.394992e+02
2876, 1.394992e+02
2877, 1.394993e+02
2878, 1.394993e+02
2879, 1.394993e+02
2880, 1.394994e+02
2881, 1.394994e+02
2882, 1.394994e+02
2883, 1.394995e+02
2884, 1.394995e+02
2885, 1.394995e+02
2886, 1.394996e+02
2887, 1.394996e+02
2888, 1.394996e+02
2889, 1.394997e+02
2890, 1.394997e+02
2891, 1.394997e+02
2892, 1.394998e+02
2893, 1.394998e+02
2894, 1.394998e+02
2895, 1.394998e+02
2896, 1.394999e+02
2897, 1.394999e+02
2898, 1.394999e+02
2899, 1.395000e+02
2900, 1.395000e+02
2901, 1.395000e+02
2902, 1.395001e+02
2903, 1.395001e+02
2904, 1.395001e+02
2905, 1.395002e+02
2906, 1.395002e+02
2907, 1.395002e+02
2908, 1.395003e+02
2909, 1.395003e+02
2910, 1.395003e+02
2911, 1.395003e+02
2912, 1.395004e+02
2913, 1.395004e+02
2914, 1.395004e+02
2915, 1.395005e+02
2916, 1.395005e+02
2917, 1.395005e+02
2918, 1.395006e+02
2919, 1.395006e+02
2920, 1.395006e+02
2921, 1.395007e+02
2922, 1.395007e+02
2923, 1.395007e+02
2924, 1.395007e+02
2925, 1.395008e+02
2926, 1.395008e+02
2927, 1.395008e+02
2928, 1.395009e+02
2929, 1.395009e+02
2930, 1.395009e+02
2931, 1.395010e+02
2932, 1.395010e+02
2933, 1.395010e+02
2934, 1.395010e+02
2935, 1.395011e+02
2936, 1.395011e+02
2937, 1.395011e+02
2938, 1.395012e+02
2939, 1.395012e+02
2940, 1.395012e+02
2941, 1.395013e+02
2942, 1.395013e+02
2943, 1.395013e+02
2944, 1.395013e+02
2945, 1.395014e+02
2946, 1.395014e+02
2947, 1.395014e+02
2948, 1.395015e+02
2949, 1.395015e+02
2950, 1.395015e+02
2951, 1.395015e+02
2952, 1.395016e+02
2953, 1.395016e+02
2954, 1.395016e+02
2955, 1.395017e+02
2956, 1.395017e+02
2957, 1.395017e+02
2958, 1.395017e+02
2959, 1.395018e+02
2960, 1.395018e+02
2961, 1.395018e+02
2962, 1.395019e+02
2963, 1.395019e+02
2964, 1.395019e+02
2965, 1.395019e+02
2966, 1.395020e+02
2967, 1.395020e+02
2968, 1.395020e+02
2969, 1.395021e+02
2970, 1.395021e+02
2971, 1.395021e+02
2972, 1.395021e+02
2973, 1.395022e+02
2974, 1.395022e+02
2975, 1.395022e+02
2976, 1.395023e+02
2977, 1.395023e+02
2978, 1.395023e+02
2979, 1.395023e+02
2980, 1.395024e+02
2981, 1.395024e+02
2982, 1.395024e+02
2983, 1.395025e+02
2984, 1.395025e+02
2985, 1.395025e+02
2986, 1.395025e+02
2987, 1.395026e+02
2988, 1.395026e+02
2989, 1.395026e+02
2990, 1.395026e+02
2991, 1.395027e+02
2992, 1.395027e+02
2993, 1.395027e+02
2994, 1.395028e+02
2995, 1.395028e+02
2996, 1.395028e+02
2997, 1.395028e+02
2998, 1.395029e+02
2999, 1.395029e+02
3000, 1.395029e+02
3001, 1.395029e+02
3002, 1.395030e+02
3003, 1.395030e+02
3004, 1.395030e+02
3005, 1.395030e+02
3006, 1.395031e+02
3007, 1.395031e+02
3008, 1.395031e+02
3009, 1.395032e+02
3010, 1.395032e+02
3011, 1.395032e+02
3012, 1.395032e+02
3013, 1.395033e+02
3014, 1.395033e+02
3015, 1.395033e+02
3016, 1.395033e+02
3017, 1.395034e+02
3018, 1.395034e+02
3019, 1.395034e+02
3020, 1.395034e+02
3021, 1.395035e+02
3022, 1.395035e+02
3023, 1.395035e+02
3024, 1.395035e+02
3025, 1.395036e+02
3026, 1.395036e+02
3027, 1.395036e+02
3028, 1.395036e+02
3029, 1.395037e+02
3030, 1.395037e+02
3031, 1.395037e+02
3032, 1.395038e+02
3033, 1.395038e+02
3034, 1.395038e+02
3035, 1.395038e+02
3036, 1.395039e+02
3037, 1.395039e+02
3038, 1.395039e+02
3039, 1.395039e+02
3040, 1.395040e+02
3041, 1.395040e+02
3042, 1.395040e+02
3043, 1.395040e+02
3044, 1.395041e+02
3045, 1.395041e+02
3046, 1.395041e+02
3047, 1.395041e+02
3048, 1.395042e+02
3049, 1.395042e+02
3050, 1.395042e+02
3051, 1.395042e+02
3052, 1.395043e+02
3053, 1.395043e+02
3054, 1.395043e+02
3055, 1.395043e+02
3056, 1.395044e+02
3057, 1.395044e+02
3058, 1.395044e+02
3059, 1.395044e+02
3060, 1.395045e+02
3061, 1.395045e+02
3062, 1.395045e+02
3063, 1.395045e+02
3064, 1.395045e+02
3065, 1.395046e+02
3066, 1.395046e+02
3067, 1.395046e+02
3068, 1.395046e+02
3069, 1.395047e+02
3070, 1.395047e+02
3071, 1.395047e+02
3072, 1.395047e+02
3073, 1.395048e+02
3074, 1.395048e+02
3075, 1.395048e+02
3076, 1.395048e+02
3077, 1.395049e+02
3078, 1.395049e+02
3079, 1.395049e+02
3080, 1.395049e+02
3081, 1.395050e+02
3082, 1.395050e+02
3083, 1.395050e+02
3084, 1.395050e+02
3085, 1.395050e+02
3086, 1.395051e+02
3087, 1.395051e+02
3088, 1.395051e+02
3089, 1.395051e+02
3090, 1.395052e+02
3091, 1.395052e+02
3092, 1.395052e+02
3093, 1.395052e+02
3094, 1.395053e+02
3095, 1.395053e+02
3096, 1.395053e+02
3097, 1.395053e+02
3098, 1.395054e+02
3099, 1.395054e+02
3100, 1.395054e+02
3101, 1.395054e+02
3102, 1.395054e+02
3103, 1.395055e+02
3104, 1.395055e+02
3105, 1.395055e+02
3106, 1.395055e+02
3107, 1.395056e+02
3108, 1.395056e+02
3109, 1.395056e+02
3110, 1.395056e+02
3111, 1.395056e+02
3112, 1.395057e+02
3113, 1.395057e+02
3114, 1.395057e+02
3115, 1.395057e+02
3116, 1.395058e+02
3117, 1.395058e+02
3118, 1.395058e+02
3119, 1.395058e+02
3120, 1.395058e+02
3121, 1.395059e+02
3122, 1.395059e+02
3123, 1.395059e+02
3124, 1.395059e+02
3125, 1.395060e+02
3126, 1.395060e+02
3127, 1.395060e+02
3128, 1.395060e+02
3129, 1.395060e+02
3130, 1.395061e+02
3131, 1.395061e+02
3132, 1.395061e+02
3133, 1.395061e+02
3134, 1.395062e+02
3135, 1.395062e+02
3136, 1.395062e+02
3137, 1.395062e+02
3138, 1.395062e+02
3139, 1.395063e+02
3140, 1.395063e+02
3141, 1.395063e+02
3142, 1.395063e+02
3143, 1.395064e+02
3144, 1.395064e+02
3145, 1.395064e+02
3146, 1.395064e+02
3147, 1.395064e+02
3148, 1.395065e+02
3149, 1.395065e+02
3150, 1.395065e+02
3151, 1.395065e+02
3152, 1.395065e+02
3153, 1.395066e+02
3154, 1.395066e+02
3155, 1.395066e+02
3156, 1.395066e+02
3157, 1.395066e+02
3158, 1.395067e+02
3159, 1.395067e+02
3160, 1.395067e+02
3161, 1.395067e+02
3162, 1.395068e+02
3163, 1.395068e+02
3164, 1.395068e+02
3165, 1.395068e+02
3166, 1.395068e+02
3167, 1.395069e+02
3168, 1.395069e+02
3169, 1.395069e+02
3170, 1.395069e+02
3171, 1.395069e+02
3172, 1.395070e+02
3173, 1.395070e+02
3174, 1.395070e+02
3175, 1.395070e+02
3176, 1.395070e+02
3177, 1.395071e+02
3178, 1.395071e+02
3179, 1.395071e+02
3180, 1.395071e+02
3181, 1.395071e+02
3182, 1.395072e+02
3183, 1.395072e+02
3184, 1.395072e+02
3185, 1.395072e+02
3186, 1.395072e+02
3187, 1.395073e+02
3188, 1.395073e+02
3189, 1.395073e+02
3190, 1.395073e+02
3191, 1.395073e+02
3192, 1.395074e+02
3193, 1.395074e+02
3194, 1.395074e+02
3195, 1.395074e+02
3196, 1.395074e+02
3197, 1.395075e+02
3198, 1.395075e+02
3199, 1.395075e+02
3200, 1.395075e+02
3201, 1.395075e+02
3202, 1.395076e+02
3203, 1.395076e+02
3204, 1.395076e+02
3205, 1.395076e+02
3206, 1.395076e+02
3207, 1.395077e+02
3208, 1.395077e+02
3209, 1.395077e+02
3210, 1.395077e+02
3211, 1.395077e+02
3212, 1.395077e+02
3213, 1.395078e+02
3214, 1.395078e+02
3215, 1.395078e+02
3216, 1.395078e+02
3217, 1.395078e+02
3218, 1.395079e+02
3219, 1.395079e+02
3220, 1.395079e+02
3221, 1.395079e+02
3222, 1.395079e+02
3223, 1.395080e+02
3224, 1.395080e+02
3225, 1.395080e+02
3226, 1.395080e+02
3227, 1.395080e+02
3228, 1.395081e+02
3229, 1.395081e+02
3230, 1.395081e+02
3231, 1.395081e+02
3232, 1.395081e+02
3233, 1.395081e+02
3234, 1.395082e+02
3235, 1.395082e+02
3236, 1.395082e+02
3237, 1.395082e+02
3238, 1.395082e+02
3239, 1.395083e+02
3240, 1.395083e+02
3241, 1.395083e+02
3242, 1.395083e+02
3243, 1.395083e+02
3244, 1.395083e+02
3245, 1.395084e+02
3246, 1.395084e+02
3247, 1.395084e+02
3248, 1.395084e+02
3249, 1.395084e+02
3250, 1.395085e+02
3251, 1.395085e+02
3252, 1.395085e+02
3253, 1.395085e+02
3254, 1.395085e+02
3255, 1.395085e+02
3256, 1.395086e+02
3257, 1.395086e+02
3258, 1.395086e+02
3259, 1.395086e+02
3260, 1.395086e+02
3261, 1.395087e+02
3262, 1.395087e+02
3263, 1.395087e+02
3264, 1.395087e+02
3265, 1.395087e+02
3266, 1.395087e+02
3267, 1.395088e+02
3268, 1.395088e+02
3269, 1.395088e+02
3270, 1.395088e+02
3271, 1.395088e+02
3272, 1.395088e+02
3273, 1.395089e+02
3274, 1.395089e+02
3275, 1.395089e+02
3276, 1.395089e+02
3277, 1.395089e+02
3278, 1.395090e+02
3279, 1.395090e+02
3280, 1.395090e+02
3281, 1.395090e+02
3282, 1.395090e+02
3283, 1.395090e+02
3284, 1.395091e+02
3285, 1.395091e+02
3286, 1.395091e+02
3287, 1.395091e+02
3288, 1.395091e+02
3289, 1.395091e+02
3290, 1.395092e+02
3291, 1.395092e+02
3292, 1.395092e+02
3293, 1.395092e+02
3294, 1.395092e+02
3295, 1.395092e+02
3296, 1.395093e+02
3297, 1.395093e+02
3298, 1.395093e+02
3299, 1.395093e+02
3300, 1.395093e+02
3301, 1.395093e+02
3302, 1.395094e+02
3303, 1.395094e+02
3304, 1.395094e+02
3305, 1.395094e+02
3306, 1.395094e+02
3307, 1.395094e+02
3308, 1.395095e+02
3309, 1.395095e+02
3310, 1.395095e+02
3311, 1.395095e+02
3312, 1.395095e+02
3313, 1.395095e+02
3314, 1.395096e+02
3315, 1.395096e+02
3316, 1.395096e+02
3317, 1.395096e+02
3318, 1.395096e+02
3319, 1.395096e+02
3320, 1.395097e+02
3321, 1.395097e+02
3322, 1.395097e+02
3323, 1.395097e+02
3324, 1.395097e+02
3325, 1.395097e+02
3326, 1.395098e+02
3327, 1.395098e+02
3328, 1.395098e+02
3329, 1.395098e+02
3330, 1.395098e+02
3331, 1.395098e+02
3332, 1.395098e+02
3333, 1.395099e+02
3334, 1.395099e+02
3335, 1.395099e+02
3336, 1.395099e+02
3337, 1.395099e+02
3338, 1.395099e+02
3339, 1.395100e+02
3340, 1.395100e+02
3341, 1.395100e+02
3342, 1.395100e+02
3343, 1.395100e+02
3344, 1.395100e+02
3345, 1.395101e+02
3346, 1.395101e+02
3347, 1.395101e+02
3348, 1.395101e+02
3349, 1.395101e+02
3350, 1.395101e+02
3351, 1.395101e+02
3352, 1.395102e+02
3353, 1.395102e+02
3354, 1.395102e+02
3355, 1.395102e+02
3356, 1.395102e+02
3357, 1.395102e+02
3358, 1.395103e+02
3359, 1.395103e+02
3360, 1.395103e+02
3361, 1.395103e+02
3362, 1.395103e+02
3363, 1.395103e+02
3364, 1.395103e+02
3365, 1.395104e+02
3366, 1.395104e+02
3367, 1.395104e+02
3368, 1.395104e+02
3369, 1.395104e+02
3370, 1.395104e+02
3371, 1.395104e+02
3372, 1.395105e+02
3373, 1.395105e+02
3374, 1.395105e+02
3375, 1.395105e+02
3376, 1.395105e+02
3377, 1.395105e+02
3378, 1.395105e+02
3379, 1.395106e+02
3380, 1.395106e+02
3381, 1.395106e+02
3382, 1.395106e+02
3383, 1.395106e+02
3384, 1.395106e+02
3385, 1.395107e+02
3386, 1.395107e+02
3387, 1.395107e+02
3388, 1.395107e+02
3389, 1.395107e+02
3390, 1.395107e+02
3391, 1.395107e+02
3392, 1.395108e+02
3393, 1.395108e+02
3394, 1.395108e+02
3395, 1.395108e+02
3396, 1.395108e+02
3397, 1.395108e+02
3398, 1.395108e+02
3399, 1.395109e+02
3400, 1.395109e+02
3401, 1.395109e+02
3402, 1.395109e+02
3403, 1.395109e+02
3404, 1.395109e+02
3405, 1.395109e+02
3406, 1.395110e+02
3407, 1.395110e+02
3408, 1.395110e+02
3409, 1.395110e+02
3410, 1.395110e+02
3411, 1.395110e+02
3412, 1.395110e+02
3413, 1.395111e+02
3414, 1.395111e+02
3415, 1.395111e+02
3416, 1.395111e+02
3417, 1.395111e+02
3418, 1.395111e+02
3419, 1.395111e+02
3420, 1.395111e+02
3421, 1.395112e+02
3422, 1.395112e+02
3423, 1.395112e+02
3424, 1.395112e+02
3425, 1.395112e+02
3426, 1.395112e+02
3427, 1.395112e+02
3428, 1.395113e+02
3429, 1.395113e+02
3430, 1.395113e+02
3431, 1.395113e+02
3432, 1.395113e+02
3433, 1.395113e+02
3434, 1.395113e+02
3435, 1.395114e+02
3436, 1.395114e+02
3437, 1.395114e+02
3438, 1.395114e+02
3439, 1.395114e+02
3440, 1.395114e+02
3441, 1.395114e+02
3442, 1.395114e+02
3443, 1.395115e+02
3444, 1.395115e+02
3445, 1.395115e+02
3446, 1.395115e+02
3447, 1.395115e+02
3448, 1.395115e+02
3449, 1.395115e+02
3450, 1.395116e+02
3451, 1.395116e+02
3452, 1.395116e+02
3453, 1.395116e+02
3454, 1.395116e+02
3455, 1.395116e+02
3456, 1.395116e+02
3457, 1.395116e+02
3458, 1.395117e+02
3459, 1.395117e+02
3460, 1.395117e+02
3461, 1.395117e+02
3462, 1.395117e+02
3463, 1.395117e+02
3464, 1.395117e+02
3465, 1.395117e+02
3466, 1.395118e+02
3467, 1.395118e+02
3468, 1.395118e+02
3469, 1.395118e+02
3470, 1.395118e+02
3471, 1.395118e+02
3472, 1.395118e+02
3473, 1.395118e+02
3474, 1.395119e+02
3475, 1.395119e+02
3476, 1.395119e+02
3477, 1.395119e+02
3478, 1.395119e+02
3479, 1.395119e+02
3480, 1.395119e+02
3481, 1.395119e+02
3482, 1.395120e+02
3483, 1.395120e+02
3484, 1.395120e+02
3485, 1.395120e+02
3486, 1.395120e+02
3487, 1.395120e+02
3488, 1.395120e+02
3489, 1.395120e+02
3490, 1.395121e+02
3491, 1.395121e+02
3492, 1.395121e+02
3493, 1.395121e+02
3494, 1.395121e+02
3495, 1.395121e+02
3496, 1.395121e+02
3497, 1.395121e+02
3498, 1.395122e+02
3499, 1.395122e+02
3500, 1.395122e+02
3501, 1.395122e+02
3502, 1.395122e+02
3503, 1.395122e+02
3504, 1.395122e+02
3505, 1.395122e+02
3506, 1.395123e+02
3507, 1.395123e+02
3508, 1.395123e+02
3509, 1.395123e+02
3510, 1.395123e+02
3511, 1.395123e+02
3512, 1.395123e+02
3513, 1.395123e+02
3514, 1.395123e+02
3515, 1.395124e+02
3516, 1.395124e+02
3517, 1.395124e+02
3518, 1.395124e+02
3519, 1.395124e+02
3520, 1.395124e+02
3521, 1.395124e+02
3522, 1.395124e+02
3523, 1.395125e+02
3524, 1.395125e+02
3525, 1.395125e+02
3526, 1.395125e+02
3527, 1.395125e+02
3528, 1.395125e+02
3529, 1.395125e+02
3530, 1.395125e+02
3531, 1.395125e+02
3532, 1.395126e+02
3533, 1.395126e+02
3534, 1.395126e+02
3535, 1.395126e+02
3536, 1.395126e+02
3537, 1.395126e+02
3538, 1.395126e+02
3539, 1.395126e+02
3540, 1.395127e+02
3541, 1.395127e+02
3542, 1.395127e+02
3543, 1.395127e+02
3544, 1.395127e+02
3545, 1.395127e+02
3546, 1.395127e+02
3547, 1.395127e+02
3548, 1.395127e+02
3549, 1.395128e+02
3550, 1.395128e+02
3551, 1.395128e+02
3552, 1.395128e+02
3553, 1.395128e+02
3554, 1.395128e+02
3555, 1.395128e+02
3556, 1.395128e+02
3557, 1.395128e+02
3558, 1.395129e+02
3559, 1.395129e+02
3560, 1.395129e+02
3561, 1.395129e+02
3562, 1.395129e+02
3563, 1.395129e+02
3564, 1.395129e+02
3565, 1.395129e+02
3566, 1.395129e+02
3567, 1.395130e+02
3568, 1.395130e+02
3569, 1.395130e+02
3570, 1.395130e+02
3571, 1.395130e+02
3572, 1.395130e+02
3573, 1.395130e+02
3574, 1.395130e+02
3575, 1.395130e+02
3576, 1.395130e+02
3577, 1.395131e+02
3578, 1.395131e+02
3579, 1.395131e+02
3580, 1.395131e+02
3581, 1.395131e+02
3582, 1.395131e+02
3583, 1.395131e+02
3584, 1.395131e+02
3585, 1.395131e+02
3586, 1.395132e+02
3587, 1.395132e+02
3588, 1.395132e+02
3589, 1.395132e+02
3590, 1.395132e+02
3591, 1.395132e+02
3592, 1.395132e+02
3593, 1.395132e+02
3594, 1.395132e+02
3595, 1.395132e+02
3596, 1.395133e+02
3597, 1.395133e+02
3598, 1.395133e+02
3599, 1.395133e+02
3600, 1.395133e+02
3601, 1.395133e+02
3602, 1.395133e+02
3603, 1.395133e+02
3604, 1.395133e+02
3605, 1.395134e+02
3606, 1.395134e+02
3607, 1.395134e+02
3608, 1.395134e+02
3609, 1.395134e+02
3610, 1.395134e+02
3611, 1.395134e+02
3612, 1.395134e+02
3613, 1.395134e+02
3614, 1.395134e+02
3615, 1.395135e+02
3616, 1.395135e+02
3617, 1.395135e+02
3618, 1.395135e+02
3619, 1.395135e+02
3620, 1.395135e+02
3621, 1.395135e+02
3622, 1.395135e+02
3623, 1.395135e+02
3624, 1.395135e+02
3625, 1.395136e+02
3626, 1.395136e+02
3627, 1.395136e+02
3628, 1.395136e+02
3629, 1.395136e+02
3630, 1.395136e+02
3631, 1.395136e+02
3632, 1.395136e+02
3633, 1.395136e+02
3634, 1.395136e+02
3635, 1.395137e+02
3636, 1.395137e+02
3637, 1.395137e+02
3638, 1.395137e+02
3639, 1.395137e+02
3640, 1.395137e+02
3641, 1.395137e+02
3642, 1.395137e+02
3643, 1.395137e+02
3644, 1.395137e+02
3645, 1.395137e+02
3646, 1.395138e+02
3647, 1.395138e+02
3648, 1.395138e+02
3649, 1.395138e+02
3650, 1.395138e+02
3651, 1.395138e+02
3652, 1.395138e+02
3653, 1.395138e+02
3654, 1.395138e+02
3655, 1.395138e+02
3656, 1.395139e+02
3657, 1.395139e+02
3658, 1.395139e+02
3659, 1.395139e+02
3660, 1.395139e+02
3661, 1.395139e+02
3662, 1.395139e+02
3663, 1.395139e+02
3664, 1.395139e+02
3665, 1.395139e+02
3666, 1.395139e+02
3667, 1.395140e+02
3668, 1.395140e+02
3669, 1.395140e+02
3670, 1.395140e+02
3671, 1.395140e+02
3672, 1.395140e+02
3673, 1.395140e+02
3674, 1.395140e+02
3675, 1.395140e+02
3676, 1.395140e+02
3677, 1.395140e+02
3678, 1.395141e+02
3679, 1.395141e+02
3680, 1.395141e+02
3681, 1.395141e+02
3682, 1.395141e+02
3683, 1.395141e+02
3684, 1.395141e+02
3685, 1.395141e+02
3686, 1.395141e+02
3687, 1.395141e+02
3688, 1.395141e+02
3689, 1.395142e+02
3690, 1.395142e+02
3691, 1.395142e+02
3692, 1.395142e+02
3693, 1.395142e+02
3694, 1.395142e+02
3695, 1.395142e+02
3696, 1.395142e+02
3697, 1.395142e+02
3698, 1.395142e+02
3699, 1.395142e+02
3700, 1.395143e+02
3701, 1.395143e+02
3702, 1.395143e+02
3703, 1.395143e+02
3704, 1.395143e+02
3705, 1.395143e+02
3706, 1.395143e+02
3707, 1.395143e+02
3708, 1.395143e+02
3709, 1.395143e+02
3710, 1.395143e+02
3711, 1.395144e+02
3712, 1.395144e+02
3713, 1.395144e+02
3714, 1.395144e+02
3715, 1.395144e+02
3716, 1.395144e+02
3717, 1.395144e+02
3718, 1.395144e+02
3719, 1.395144e+02
3720, 1.395144e+02
3721, 1.395144e+02
3722, 1.395144e+02
3723, 1.395145e+02
3724, 1.395145e+02
3725, 1.395145e+02
3726, 1.395145e+02
3727, 1.395145e+02
3728, 1.395145e+02
3729, 1.395145e+02
3730, 1.395145e+02
3731, 1.395145e+02
3732, 1.395145e+02
3733, 1.395145e+02
3734, 1.395145e+02
3735, 1.395146e+02
3736, 1.395146e+02
3737, 1.395146e+02
3738, 1.395146e+02
3739, 1.395146e+02
3740, 1.395146e+02
3741, 1.395146e+02
3742, 1.395146e+02
3743, 1.395146e+02
3744, 1.395146e+02
3745, 1.395146e+02
3746, 1.395146e+02
3747, 1.395147e+02
3748, 1.395147e+02
3749, 1.395147e+02
3750, 1.395147e+02
3751, 1.395147e+02
3752, 1.395147e+02
3753, 1.395147e+02
3754, 1.395147e+02
3755, 1.395147e+02
3756, 1.395147e+02
3757, 1.395147e+02
3758, 1.395147e+02
3759, 1.395147e+02
3760, 1.395148e+02
3761, 1.395148e+02
3762, 1.395148e+02
3763, 1.395148e+02
3764, 1.395148e+02
3765, 1.395148e+02
3766, 1.395148e+02
3767, 1.395148e+02
3768, 1.395148e+02
3769, 1.395148e+02
3770, 1.395148e+02
3771, 1.395148e+02
3772, 1.395149e+02
3773, 1.395149e+02
3774, 1.395149e+02
3775, 1.395149e+02
3776, 1.395149e+02
3777, 1.395149e+02
3778, 1.395149e+02
3779, 1.395149e+02
3780, 1.395149e+02
3781, 1.395149e+02
3782, 1.395149e+02
3783, 1.395149e+02
3784, 1.395149e+02
3785, 1.395150e+02
3786, 1.395150e+02
3787, 1.395150e+02
3788, 1.395150e+02
3789, 1.395150e+02
3790, 1.395150e+02
3791, 1.395150e+02
3792, 1.395150e+02
3793, 1.395150e+02
3794, 1.395150e+02
3795, 1.395150e+02
3796, 1.395150e+02
3797, 1.395150e+02
3798, 1.395151e+02
3799, 1.395151e+02
3800, 1.395151e+02
3801, 1.395151e+02
3802, 1.395151e+02
3803, 1.395151e+02
3804, 1.395151e+02
3805, 1.395151e+02
3806, 1.395151e+02
3807, 1.395151e+02
3808, 1.395151e+02
3809, 1.395151e+02
3810, 1.395151e+02
3811, 1.395151e+02
3812, 1.395152e+02
3813, 1.395152e+02
3814, 1.395152e+02
3815, 1.395152e+02
3816, 1.395152e+02
3817, 1.395152e+02
3818, 1.395152e+02
3819, 1.395152e+02
3820, 1.395152e+02
3821, 1.395152e+02
3822, 1.395152e+02
3823, 1.395152e+02
3824, 1.395152e+02
3825, 1.395152e+02
3826, 1.395153e+02
3827, 1.395153e+02
3828, 1.395153e+02
3829, 1.395153e+02
3830, 1.395153e+02
3831, 1.395153e+02
3832, 1.395153e+02
3833, 1.395153e+02
3834, 1.395153e+02
3835, 1.395153e+02
3836, 1.395153e+02
3837, 1.395153e+02
3838, 1.395153e+02
3839, 1.395153e+02
3840, 1.395154e+02
3841, 1.395154e+02
3842, 1.395154e+02
3843, 1.395154e+02
3844, 1.395154e+02
3845, 1.395154e+02
3846, 1.395154e+02
3847, 1.395154e+02
3848, 1.395154e+02
3849, 1.395154e+02
3850, 1.395154e+02
3851, 1.395154e+02
3852, 1.395154e+02
3853, 1.395154e+02
3854, 1.395155e+02
3855, 1.395155e+02
3856, 1.395155e+02
3857, 1.395155e+02
3858, 1.395155e+02
3859, 1.395155e+02
3860, 1.395155e+02
3861, 1.395155e+02
3862, 1.395155e+02
3863, 1.395155e+02
3864, 1.395155e+02
3865, 1.395155e+02
3866, 1.395155e+02
3867, 1.395155e+02
3868, 1.395155e+02
3869, 1.395156e+02
3870, 1.395156e+02
3871, 1.395156e+02
3872, 1.395156e+02
3873, 1.395156e+02
3874, 1.395156e+02
3875, 1.395156e+02
3876, 1.395156e+02
3877, 1.395156e+02
3878, 1.395156e+02
3879, 1.395156e+02
3880, 1.395156e+02
3881, 1.395156e+02
3882, 1.395156e+02
3883, 1.395156e+02
3884, 1.395157e+02
3885, 1.395157e+02
3886, 1.395157e+02
3887, 1.395157e+02
3888, 1.395157e+02
3889, 1.395157e+02
3890, 1.395157e+02
3891, 1.395157e+02
3892, 1.395157e+02
3893, 1.395157e+02
3894, 1.395157e+02
3895, 1.395157e+02
3896, 1.395157e+02
3897, 1.395157e+02
3898, 1.395157e+02
3899, 1.395158e+02
3900, 1.395158e+02
3901, 1.395158e+02
3902, 1.395158e+02
3903, 1.395158e+02
3904, 1.395158e+02
3905, 1.395158e+02
3906, 1.395158e+02
3907, 1.395158e+02
3908, 1.395158e+02
3909, 1.395158e+02
3910, 1.395158e+02
3911, 1.395158e+02
3912, 1.395158e+02
3913, 1.395158e+02
3914, 1.395158e+02
3915, 1.395159e+02
3916, 1.395159e+02
3917, 1.395159e+02
3918, 1.395159e+02
3919, 1.395159e+02
3920, 1.395159e+02
3921, 1.395159e+02
3922, 1.395159e+02
3923, 1.395159e+02
3924, 1.395159e+02
3925, 1.395159e+02
3926, 1.395159e+02
3927, 1.395159e+02
3928, 1.395159e+02
3929, 1.395159e+02
3930, 1.395159e+02
3931, 1.395159e+02
3932, 1.395160e+02
3933, 1.395160e+02
3934, 1.395160e+02
3935, 1.395160e+02
3936, 1.395160e+02
3937, 1.395160e+02
3938, 1.395160e+02
3939, 1.395160e+02
3940, 1.395160e+02
3941, 1.395160e+02
3942, 1.395160e+02
3943, 1.395160e+02
3944, 1.395160e+02
3945, 1.395160e+02
3946, 1.395160e+02
3947, 1.395160e+02
3948, 1.395161e+02
3949, 1.395161e+02
3950, 1.395161e+02
3951, 1.395161e+02
3952, 1.395161e+02
3953, 1.395161e+02
3954, 1.395161e+02
3955, 1.395161e+02
3956, 1.395161e+02
3957, 1.395161e+02
3958, 1.395161e+02
3959, 1.395161e+02
3960, 1.395161e+02
3961, 1.395161e+02
3962, 1.395161e+02
3963, 1.395161e+02
3964, 1.395161e+02
3965, 1.395162e+02
3966, 1.395162e+02
3967, 1.395162e+02
3968, 1.395162e+02
3969, 1.395162e+02
3970, 1.395162e+02
3971, 1.395162e+02
3972, 1.395162e+02
3973, 1.395162e+02
3974, 1.395162e+02
3975, 1.395162e+02
3976, 1.395162e+02
3977, 1.395162e+02
3978, 1.395162e+02
3979, 1.395162e+02
3980, 1.395162e+02
3981, 1.395162e+02
3982, 1.395162e+02
3983, 1.395163e+02
3984, 1.395163e+02
3985, 1.395163e+02
3986, 1.395163e+02
3987, 1.395163e+02
3988, 1.395163e+02
3989, 1.395163e+02
3990, 1.395163e+02
3991, 1.395163e+02
3992, 1.395163e+02
3993, 1.395163e+02
3994, 1.395163e+02
3995, 1.395163e+02
3996, 1.395163e+02
3997, 1.395163e+02
3998, 1.395163e+02
3999, 1.395163e+02
4000, 1.395163e+02
4001, 1.395164e+02
4002, 1.395164e+02
4003, 1.395164e+02
4004, 1.395164e+02
4005, 1.395164e+02
4006, 1.395164e+02
4007, 1.395164e+02
4008, 1.395164e+02
4009, 1.395164e+02
4010, 1.395164e+02
4011, 1.395164e+02
4012, 1.395164e+02
4013, 1.395164e+02
4014, 1.395164e+02
4015, 1.395164e+02
4016, 1.395164e+02
4017, 1.395164e+02
4018, 1.395164e+02
4019, 1.395164e+02
4020, 1.395165e+02
4021, 1.395165e+02
4022, 1.395165e+02
4023, 1.395165e+02
4024, 1.395165e+02
4025, 1.395165e+02
4026, 1.395165e+02
4027, 1.395165e+02
4028, 1.395165e+02
4029, 1.395165e+02
4030, 1.395165e+02
4031, 1.395165e+02
4032, 1.395165e+02
4033, 1.395165e+02
4034, 1.395165e+02
4035, 1.395165e+02
4036, 1.395165e+02
4037, 1.395165e+02
4038, 1.395165e+02
4039, 1.395166e+02
4040, 1.395166e+02
4041, 1.395166e+02
4042, 1.395166e+02
4043, 1.395166e+02
4044, 1.395166e+02
4045, 1.395166e+02
4046, 1.395166e+02
4047, 1.395166e+02
4048, 1.395166e+02
4049, 1.395166e+02
4050, 1.395166e+02
4051, 1.395166e+02
4052, 1.395166e+02
4053, 1.395166e+02
4054, 1.395166e+02
4055, 1.395166e+02
4056, 1.395166e+02
4057, 1.395166e+02
4058, 1.395166e+02
4059, 1.395167e+02
4060, 1.395167e+02
4061, 1.395167e+02
4062, 1.395167e+02
4063, 1.395167e+02
4064, 1.395167e+02
4065, 1.395167e+02
4066, 1.395167e+02
4067, 1.395167e+02
4068, 1.395167e+02
4069, 1.395167e+02
4070, 1.395167e+02
4071, 1.395167e+02
4072, 1.395167e+02
4073, 1.395167e+02
4074, 1.395167e+02
4075, 1.395167e+02
4076, 1.395167e+02
4077, 1.395167e+02
4078, 1.395167e+02
4079, 1.395167e+02
4080, 1.395168e+02
4081, 1.395168e+02
4082, 1.395168e+02
4083, 1.395168e+02
4084, 1.395168e+02
4085, 1.395168e+02
4086, 1.395168e+02
4087, 1.395168e+02
4088, 1.395168e+02
4089, 1.395168e+02
4090, 1.395168e+02
4091, 1.395168e+02
4092, 1.395168e+02
4093, 1.395168e+02
4094, 1.395168e+02
4095, 1.395168e+02
4096, 1.395168e+02
4097, 1.395168e+02
4098, 1.395168e+02
4099, 1.395168e+02
4100, 1.395168e+02
4101, 1.395169e+02
4102, 1.395169e+02
4103, 1.395169e+02
4104, 1.395169e+02
4105, 1.395169e+02
4106, 1.395169e+02
4107, 1.395169e+02
4108, 1.395169e+02
4109, 1.395169e+02
4110, 1.395169e+02
4111, 1.395169e+02
4112, 1.395169e+02
4113, 1.395169e+02
4114, 1.395169e+02
4115, 1.395169e+02
4116, 1.395169e+02
4117, 1.395169e+02
4118, 1.395169e+02
4119, 1.395169e+02
4120, 1.395169e+02
4121, 1.395169e+02
4122, 1.395169e+02
4123, 1.395169e+02
4124, 1.395170e+02
4125, 1.395170e+02
4126, 1.395170e+02
4127, 1.395170e+02
4128, 1.395170e+02
4129, 1.395170e+02
4130, 1.395170e+02
4131, 1.395170e+02
4132, 1.395170e+02
4133, 1.395170e+02
4134, 1.395170e+02
4135, 1.395170e+02
4136, 1.395170e+02
4137, 1.395170e+02
4138, 1.395170e+02
4139, 1.395170e+02
4140, 1.395170e+02
4141, 1.395170e+02
4142, 1.395170e+02
4143, 1.395170e+02
4144, 1.395170e+02
4145, 1.395170e+02
4146, 1.395171e+02
4147, 1.395171e+02
4148, 1.395171e+02
4149, 1.395171e+02
4150, 1.395171e+02
4151, 1.395171e+02
4152, 1.395171e+02
4153, 1.395171e+02
4154, 1.395171e+02
4155, 1.395171e+02
4156, 1.395171e+02
4157, 1.395171e+02
4158, 1.395171e+02
4159, 1.395171e+02
4160, 1.395171e+02
4161, 1.395171e+02
4162, 1.395171e+02
4163, 1.395171e+02
4164, 1.395171e+02
4165, 1.395171e+02
4166, 1.395171e+02
4167, 1.395171e+02
4168, 1.395171e+02
4169, 1.395171e+02
4170, 1.395172e+02
4171, 1.395172e+02
4172, 1.395172e+02
4173, 1.395172e+02
4174, 1.395172e+02
4175, 1.395172e+02
4176, 1.395172e+02
4177, 1.395172e+02
4178, 1.395172e+02
4179, 1.395172e+02
4180, 1.395172e+02
4181, 1.395172e+02
4182, 1.395172e+02
4183, 1.395172e+02
4184, 1.395172e+02
4185, 1.395172e+02
4186, 1.395172e+02
4187, 1.395172e+02
4188, 1.395172e+02
4189, 1.395172e+02
4190, 1.395172e+02
4191, 1.395172e+02
4192, 1.395172e+02
4193, 1.395172e+02
4194, 1.395172e+02
4195, 1.395173e+02
4196, 1.395173e+02
4197, 1.395173e+02
4198, 1.395173e+02
4199, 1.395173e+02
4200, 1.395173e+02
4201, 1.395173e+02
4202, 1.395173e+02
4203, 1.395173e+02
4204, 1.395173e+02
4205, 1.395173e+02
4206, 1.395173e+02
4207, 1.395173e+02
4208, 1.395173e+02
4209, 1.395173e+02
4210, 1.395173e+02
4211, 1.395173e+02
4212, 1.395173e+02
4213, 1.395173e+02
4214, 1.395173e+02
4215, 1.395173e+02
4216, 1.395173e+02
4217, 1.395173e+02
4218, 1.395173e+02
4219, 1.395173e+02
4220, 1.395173e+02
4221, 1.395174e+02
4222, 1.395174e+02
4223, 1.395174e+02
4224, 1.395174e+02
4225, 1.395174e+02
4226, 1.395174e+02
4227, 1.395174e+02
4228, 1.395174e+02
4229, 1.395174e+02
4230, 1.395174e+02
4231, 1.395174e+02
4232, 1.395174e+02
4233, 1.395174e+02
4234, 1.395174e+02
4235, 1.395174e+02
4236, 1.395174e+02
4237, 1.395174e+02
4238, 1.395174e+02
4239, 1.395174e+02
4240, 1.395174e+02
4241, 1.395174e+02
4242, 1.395174e+02
4243, 1.395174e+02
4244, 1.395174e+02
4245, 1.395174e+02
4246, 1.395174e+02
4247, 1.395174e+02
4248, 1.395175e+02
4249, 1.395175e+02
4250, 1.395175e+02
4251, 1.395175e+02
4252, 1.395175e+02
4253, 1.395175e+02
4254, 1.395175e+02
4255, 1.395175e+02
4256, 1.395175e+02
4257, 1.395175e+02
4258, 1.395175e+02
4259, 1.395175e+02
4260, 1.395175e+02
4261, 1.395175e+02
4262, 1.395175e+02
4263, 1.395175e+02
4264, 1.395175e+02
4265, 1.395175e+02
4266, 1.395175e+02
4267, 1.395175e+02
4268, 1.395175e+02
4269, 1.395175e+02
4270, 1.395175e+02
4271, 1.395175e+02
4272, 1.395175e+02
4273, 1.395175e+02
4274, 1.395175e+02
4275, 1.395175e+02
4276, 1.395176e+02
4277, 1.395176e+02
4278, 1.395176e+02
4279, 1.395176e+02
4280, 1.395176e+02
4281, 1.395176e+02
4282, 1.395176e+02
4283, 1.395176e+02
4284, 1.395176e+02
4285, 1.395176e+02
4286, 1.395176e+02
4287, 1.395176e+02
4288, 1.395176e+02
4289, 1.395176e+02
4290, 1.395176e+02
4291, 1.395176e+02
4292, 1.395176e+02
4293, 1.395176e+02
4294, 1.395176e+02
4295, 1.395176e+02
4296, 1.395176e+02
4297, 1.395176e+02
4298, 1.395176e+02
4299, 1.395176e+02
4300, 1.395176e+02
4301, 1.395176e+02
4302, 1.395176e+02
4303, 1.395176e+02
4304, 1.395176e+02
4305, 1.395177e+02
4306, 1.395177e+02
4307, 1.395177e+02
4308, 1.395177e+02
4309, 1.395177e+02
4310, 1.395177e+02
4311, 1.395177e+02
4312, 1.395177e+02
4313, 1.395177e+02
4314, 1.395177e+02
4315, 1.395177e+02
4316, 1.395177e+02
4317, 1.395177e+02
4318, 1.395177e+02
4319, 1.395177e+02
4320, 1.395177e+02
4321, 1.395177e+02
4322, 1.395177e+02
4323, 1.395177e+02
4324, 1.395177e+02
4325, 1.395177e+02
4326, 1.395177e+02
4327, 1.395177e+02
4328, 1.395177e+02
4329, 1.395177e+02
4330, 1.395177e+02
4331, 1.395177e+02
4332, 1.395177e+02
4333, 1.395177e+02
4334, 1.395177e+02
4335, 1.395177e+02
4336, 1.395178e+02
4337, 1.395178e+02
4338, 1.395178e+02
4339, 1.395178e+02
4340, 1.395178e+02
4341, 1.395178e+02
4342, 1.395178e+02
4343, 1.395178e+02
4344, 1.395178e+02
4345, 1.395178e+02
4346, 1.395178e+02
4347, 1.395178e+02
4348, 1.395178e+02
4349, 1.395178e+02
4350, 1.395178e+02
4351, 1.395178e+02
4352, 1.395178e+02
4353, 1.395178e+02
4354, 1.395178e+02
4355, 1.395178e+02
4356, 1.395178e+02
4357, 1.395178e+02
4358, 1.395178e+02
4359, 1.395178e+02
4360, 1.395178e+02
4361, 1.395178e+02
4362, 1.395178e+02
4363, 1.395178e+02
4364, 1.395178e+02
4365, 1.395178e+02
4366, 1.395178e+02
4367, 1.395178e+02
4368, 1.395178e+02
4369, 1.395179e+02
4370, 1.395179e+02
4371, 1.395179e+02
4372, 1.395179e+02
4373, 1.395179e+02
4374, 1.395179e+02
4375, 1.395179e+02
4376, 1.395179e+02
4377, 1.395179e+02
4378, 1.395179e+02
4379, 1.395179e+02
4380, 1.395179e+02
4381, 1.395179e+02
4382, 1.395179e+02
4383, 1.395179e+02
4384, 1.395179e+02
4385, 1.395179e+02
4386, 1.395179e+02
4387, 1.395179e+02
4388, 1.395179e+02
4389, 1.395179e+02
4390, 1.395179e+02
4391, 1.395179e+02
4392, 1.395179e+02
4393, 1.395179e+02
4394, 1.395179e+02
4395, 1.395179e+02
4396, 1.395179e+02
4397, 1.395179e+02
4398, 1.395179e+02
4399, 1.395179e+02
4400, 1.395179e+02
4401, 1.395179e+02
4402, 1.395179e+02
4403, 1.395180e+02
4404, 1.395180e+02
4405, 1.395180e+02
4406, 1.395180e+02
4407, 1.395180e+02
4408, 1.395180e+02
4409, 1.395180e+02
4410, 1.395180e+02
4411, 1.395180e+02
4412, 1.395180e+02
4413, 1.395180e+02
4414, 1.395180e+02
4415, 1.395180e+02
4416, 1.395180e+02
4417, 1.395180e+02
4418, 1.395180e+02
4419, 1.395180e+02
4420, 1.395180e+02
4421, 1.395180e+02
4422, 1.395180e+02
4423, 1.395180e+02
4424, 1.395180e+02
4425, 1.395180e+02
4426, 1.395180e+02
4427, 1.395180e+02
4428, 1.395180e+02
4429, 1.395180e+02
4430, 1.395180e+02
4431, 1.395180e+02
4432, 1.395180e+02
4433, 1.395180e+02
4434, 1.395180e+02
4435, 1.395180e+02
4436, 1.395180e+02
4437, 1.395180e+02
4438, 1.395180e+02
4439, 1.395180e+02
4440, 1.395181e+02
4441, 1.395181e+02
4442, 1.395181e+02
4443, 1.395181e+02
4444, 1.395181e+02
4445, 1.395181e+02
4446, 1.395181e+02
4447, 1.395181e+02
4448, 1.395181e+02
4449, 1.395181e+02
4450, 1.395181e+02
4451, 1.395181e+02
4452, 1.395181e+02
4453, 1.395181e+02
4454, 1.395181e+02
4455, 1.395181e+02
4456, 1.395181e+02
4457, 1.395181e+02
4458, 1.395181e+02
4459, 1.395181e+02
4460, 1.395181e+02
4461, 1.395181e+02
4462, 1.395181e+02
4463, 1.395181e+02
4464, 1.395181e+02
4465, 1.395181e+02
4466, 1.395181e+02
4467, 1.395181e+02
4468, 1.395181e+02
4469, 1.395181e+02
4470, 1.395181e+02
4471, 1.395181e+02
4472, 1.395181e+02
4473, 1.395181e+02
4474, 1.395181e+02
4475, 1.395181e+02
4476, 1.395181e+02
4477, 1.395181e+02
4478, 1.395181e+02
4479, 1.395182e+02
4480, 1.395182e+02
4481, 1.395182e+02
4482, 1.395182e+02
4483, 1.395182e+02
4484, 1.395182e+02
4485, 1.395182e+02
4486, 1.395182e+02
4487, 1.395182e+02
4488, 1.395182e+02
4489, 1.395182e+02
4490, 1.395182e+02
4491, 1.395182e+02
4492, 1.395182e+02
4493, 1.395182e+02
4494, 1.395182e+02
4495, 1.395182e+02
4496, 1.395182e+02
4497, 1.395182e+02
4498, 1.395182e+02
4499, 1.395182e+02
4500, 1.395182e+02
4501, 1.395182e+02
4502, 1.395182e+02
4503, 1.395182e+02
4504, 1.395182e+02
4505, 1.395182e+02
4506, 1.395182e+02
4507, 1.395182e+02
4508, 1.395182e+02
4509, 1.395182e+02
4510, 1.395182e+02
4511, 1.395182e+02
4512, 1.395182e+02
4513, 1.395182e+02
4514, 1.395182e+02
4515, 1.395182e+02
4516, 1.395182e+02
4517, 1.395182e+02
4518, 1.395182e+02
4519, 1.395182e+02
4520, 1.395183e+02
4521, 1.395183e+02
4522, 1.395183e+02
4523, 1.395183e+02
4524, 1.395183e+02
4525, 1.395183e+02
4526, 1.395183e+02
4527, 1.395183e+02
4528, 1.395183e+02
4529, 1.395183e+02
4530, 1.395183e+02
4531, 1.395183e+02
4532, 1.395183e+02
4533, 1.395183e+02
4534, 1.395183e+02
4535, 1.395183e+02
4536, 1.395183e+02
4537, 1.395183e+02
4538, 1.395183e+02
4539, 1.395183e+02
4540, 1.395183e+02
4541, 1.395183e+02
4542, 1.395183e+02
4543, 1.395183e+02
4544, 1.395183e+02
4545, 1.395183e+02
4546, 1.395183e+02
4547, 1.395183e+02
4548, 1.395183e+02
4549, 1.395183e+02
4550, 1.395183e+02
4551, 1.395183e+02
4552, 1.395183e+02
4553, 1.395183e+02
4554, 1.395183e+02
4555, 1.395183e+02
4556, 1.395183e+02
4557, 1.395183e+02
4558, 1.395183e+02
4559, 1.395183e+02
4560, 1.395183e+02
4561, 1.395183e+02
4562, 1.395183e+02
4563, 1.395183e+02
4564, 1.395184e+02
4565, 1.395184e+02
4566, 1.395184e+02
4567, 1.395184e+02
4568, 1.395184e+02
4569, 1.395184e+02
4570, 1.395184e+02
4571, 1.395184e+02
4572, 1.395184e+02
4573, 1.395184e+02
4574, 1.395184e+02
4575, 1.395184e+02
4576, 1.395184e+02
4577, 1.395184e+02
4578, 1.395184e+02
4579, 1.395184e+02
4580, 1.395184e+02
4581, 1.395184e+02
4582, 1.395184e+02
4583, 1.395184e+02
4584, 1.395184e+02
4585, 1.395184e+02
4586, 1.395184e+02
4587, 1.395184e+02
4588, 1.395184e+02
4589, 1.395184e+02
4590, 1.395184e+02
4591, 1.395184e+02
4592, 1.395184e+02
4593, 1.395184e+02
4594, 1.395184e+02
4595, 1.395184e+02
4596, 1.395184e+02
4597, 1.395184e+02
4598, 1.395184e+02
4599, 1.395184e+02
4600, 1.395184e+02
4601, 1.395184e+02
4602, 1.395184e+02
4603, 1.395184e+02
4604, 1.395184e+02
4605, 1.395184e+02
4606, 1.395184e+02
4607, 1.395184e+02
4608, 1.395184e+02
4609, 1.395184e+02
4610, 1.395184e+02
4611, 1.395184e+02
4612, 1.395185e+02
4613, 1.395185e+02
4614, 1.395185e+02
4615, 1.395185e+02
4616, 1.395185e+02
4617, 1.395185e+02
4618, 1.395185e+02
4619, 1.395185e+02
4620, 1.395185e+02
4621, 1.395185e+02
4622, 1.395185e+02
4623, 1.395185e+02
4624, 1.395185e+02
4625, 1.395185e+02
4626, 1.395185e+02
4627, 1.395185e+02
4628, 1.395185e+02
4629, 1.395185e+02
4630, 1.395185e+02
4631, 1.395185e+02
4632, 1.395185e+02
4633, 1.395185e+02
4634, 1.395185e+02
4635, 1.395185e+02
4636, 1.395185e+02
4637, 1.395185e+02
4638, 1.395185e+02
4639, 1.395185e+02
4640, 1.395185e+02
4641, 1.395185e+02
4642, 1.395185e+02
4643, 1.395185e+02
4644, 1.395185e+02
4645, 1.395185e+02
4646, 1.395185e+02
4647, 1.395185e+02
4648, 1.395185e+02
4649, 1.395185e+02
4650, 1.395185e+02
4651, 1.395185e+02
4652, 1.395185e+02
4653, 1.395185e+02
4654, 1.395185e+02
4655, 1.395185e+02
4656, 1.395185e+02
4657, 1.395185e+02
4658, 1.395185e+02
4659, 1.395185e+02
4660, 1.395185e+02
4661, 1.395185e+02
4662, 1.395185e+02
4663, 1.395185e+02
4664, 1.395186e+02
4665, 1.395186e+02
4666, 1.395186e+02
4667, 1.395186e+02
4668, 1.395186e+02
4669, 1.395186e+02
4670, 1.395186e+02
4671, 1.395186e+02
4672, 1.395186e+02
4673, 1.395186e+02
4674, 1.395186e+02
4675, 1.395186e+02
4676, 1.395186e+02
4677, 1.395186e+02
4678, 1.395186e+02
4679, 1.395186e+02
4680, 1.395186e+02
4681, 1.395186e+02
4682, 1.395186e+02
4683, 1.395186e+02
4684, 1.395186e+02
4685, 1.395186e+02
4686, 1.395186e+02
4687, 1.395186e+02
4688, 1.395186e+02
4689, 1.395186e+02
4690, 1.395186e+02
4691, 1.395186e+02
4692, 1.395186e+02
4693, 1.395186e+02
4694, 1.395186e+02
4695, 1.395186e+02
4696, 1.395186e+02
4697, 1.395186e+02
4698, 1.395186e+02
4699, 1.395186e+02
4700, 1.395186e+02
4701, 1.395186e+02
4702, 1.395186e+02
4703, 1.395186e+02
4704, 1.395186e+02
4705, 1.395186e+02
4706, 1.395186e+02
4707, 1.395186e+02
4708, 1.395186e+02
4709, 1.395186e+02
4710, 1.395186e+02
4711, 1.395186e+02
4712, 1.395186e+02
4713, 1.395186e+02
4714, 1.395186e+02
4715, 1.395186e+02
4716, 1.395186e+02
4717, 1.395186e+02
4718, 1.395186e+02
4719, 1.395186e+02
4720, 1.395187e+02
4721, 1.395187e+02
4722, 1.395187e+02
4723, 1.395187e+02
4724, 1.395187e+02
4725, 1.395187e+02
4726, 1.395187e+02
4727, 1.395187e+02
4728, 1.395187e+02
4729, 1.395187e+02
4730, 1.395187e+02
4731, 1.395187e+02
4732, 1.395187e+02
4733, 1.395187e+02
4734, 1.395187e+02
4735, 1.395187e+02
4736, 1.395187e+02
4737, 1.395187e+02
4738, 1.395187e+02
4739, 1.395187e+02
4740, 1.395187e+02
4741, 1.395187e+02
4742, 1.395187e+02
4743, 1.395187e+02
4744, 1.395187e+02
4745, 1.395187e+02
4746, 1.395187e+02
4747, 1.395187e+02
4748, 1.395187e+02
4749, 1.395187e+02
4750, 1.395187e+02
4751, 1.395187e+02
4752, 1.395187e+02
4753, 1.395187e+02
4754, 1.395187e+02
4755, 1.395187e+02
4756, 1.395187e+02
4757, 1.395187e+02
4758, 1.395187e+02
4759, 1.395187e+02
4760, 1.395187e+02
4761, 1.395187e+02
4762, 1.395187e+02
4763, 1.395187e+02
4764, 1.395187e+02
4765, 1.395187e+02
4766, 1.395187e+02
4767, 1.395187e+02
4768, 1.395187e+02
4769, 1.395187e+02
4770, 1.395187e+02
4771, 1.395187e+02
4772, 1.395187e+02
4773, 1.395187e+02
4774, 1.395187e+02
4775, 1.395187e+02
4776, 1.395187e+02
4777, 1.395187e+02
4778, 1.395187e+02
4779, 1.395187e+02
4780, 1.395187e+02
4781, 1.395187e+02
4782, 1.395188e+02
4783, 1.395188e+02
4784, 1.395188e+02
4785, 1.395188e+02
4786, 1.395188e+02
4787, 1.395188e+02
4788, 1.395188e+02
4789, 1.395188e+02
4790, 1.395188e+02
4791, 1.395188e+02
4792, 1.395188e+02
4793, 1.395188e+02
4794, 1.395188e+02
4795, 1.395188e+02
4796, 1.395188e+02
4797, 1.395188e+02
4798, 1.395188e+02
4799, 1.395188e+02
4800, 1.395188e+02
4801, 1.395188e+02
4802, 1.395188e+02
4803, 1.395188e+02
4804, 1.395188e+02
4805, 1.395188e+02
4806, 1.395188e+02
4807, 1.395188e+02
4808, 1.395188e+02
4809, 1.395188e+02
4810, 1.395188e+02
4811, 1.395188e+02
4812, 1.395188e+02
4813, 1.395188e+02
4814, 1.395188e+02
4815, 1.395188e+02
4816, 1.395188e+02
4817, 1.395188e+02
4818, 1.395188e+02
4819, 1.395188e+02
4820, 1.395188e+02
4821, 1.395188e+02
4822, 1.395188e+02
4823, 1.395188e+02
4824, 1.395188e+02
4825, 1.395188e+02
4826, 1.395188e+02
4827, 1.395188e+02
4828, 1.395188e+02
4829, 1.395188e+02
4830, 1.395188e+02
4831, 1.395188e+02
4832, 1.395188e+02
4833, 1.395188e+02
4834, 1.395188e+02
4835, 1.395188e+02
4836, 1.395188e+02
4837, 1.395188e+02
4838, 1.395188e+02
4839, 1.395188e+02
4840, 1.395188e+02
4841, 1.395188e+02
4842, 1.395188e+02
4843, 1.395188e+02
4844, 1.395188e+02
4845, 1.395188e+02
4846, 1.395188e+02
4847, 1.395188e+02
4848, 1.395188e+02
4849, 1.395188e+02
4850, 1.395188e+02
4851, 1.395188e+02
4852, 1.395189e+02
4853, 1.395189e+02
4854, 1.395189e+02
4855, 1.395189e+02
4856, 1.395189e+02
4857, 1.395189e+02
4858, 1.395189e+02
4859, 1.395189e+02
4860, 1.395189e+02
4861, 1.395189e+02
4862, 1.395189e+02
4863, 1.395189e+02
4864, 1.395189e+02
4865, 1.395189e+02
4866, 1.395189e+02
4867, 1.395189e+02
4868, 1.395189e+02
4869, 1.395189e+02
4870, 1.395189e+02
4871, 1.395189e+02
4872, 1.395189e+02
4873, 1.395189e+02
4874, 1.395189e+02
4875, 1.395189e+02
4876, 1.395189e+02
4877, 1.395189e+02
4878, 1.395189e+02
4879, 1.395189e+02
4880, 1.395189e+02
4881, 1.395189e+02
4882, 1.395189e+02
4883, 1.395189e+02
4884, 1.395189e+02
4885, 1.395189e+02
4886, 1.395189e+02
4887, 1.395189e+02
4888, 1.395189e+02
4889, 1.395189e+02
4890, 1.395189e+02
4891, 1.395189e+02
4892, 1.395189e+02
4893, 1.395189e+02
4894, 1.395189e+02
4895, 1.395189e+02
4896, 1.395189e+02
4897, 1.395189e+02
4898, 1.395189e+02
4899, 1.395189e+02
4900, 1.395189e+02
4901, 1.395189e+02
4902, 1.395189e+02
4903, 1.395189e+02
4904, 1.395189e+02
4905, 1.395189e+02
4906, 1.395189e+02
4907, 1.395189e+02
4908, 1.395189e+02
4909, 1.395189e+02
4910, 1.395189e+02
4911, 1.395189e+02
4912, 1.395189e+02
4913, 1.395189e+02
4914, 1.395189e+02
4915, 1.395189e+02
4916, 1.395189e+02
4917, 1.395189e+02
4918, 1.395189e+02
4919, 1.395189e+02
4920, 1.395189e+02
4921, 1.395189e+02
4922, 1.395189e+02
4923, 1.395189e+02
4924, 1.395189e+02
4925, 1.395189e+02
4926, 1.395189e+02
4927, 1.395189e+02
4928, 1.395189e+02
4929, 1.395190e+02
4930, 1.395190e+02
4931, 1.395190e+02
4932, 1.395190e+02
4933, 1.395190e+02
4934, 1.395190e+02
4935, 1.395190e+02
4936, 1.395190e+02
4937, 1.395190e+02
4938, 1.395190e+02
4939, 1.395190e+02
4940, 1.395190e+02
4941, 1.395190e+02
4942, 1.395190e+02
4943, 1.395190e+02
4944, 1.395190e+02
4945, 1.395190e+02
4946, 1.395190e+02
4947, 1.395190e+02
4948, 1.395190e+02
4949, 1.395190e+02
4950, 1.395190e+02
4951, 1.395190e+02
4952, 1.395190e+02
4953, 1.395190e+02
4954, 1.395190e+02
4955, 1.395190e+02
4956, 1.395190e+02
4957, 1.395190e+02
4958, 1.395190e+02
4959, 1.395190e+02
4960, 1.395190e+02
4961, 1.395190e+02
4962, 1.395190e+02
4963, 1.395190e+02
4964, 1.395190e+02
4965, 1.395190e+02
4966, 1.395190e+02
4967, 1.395190e+02
4968, 1.395190e+02
4969, 1.395190e+02
4970, 1.395190e+02
4971, 1.395190e+02
4972, 1.395190e+02
4973, 1.395190e+02
4974, 1.395190e+02
4975, 1.395190e+02
4976, 1.395190e+02
4977, 1.395190e+02
4978, 1.395190e+02
4979, 1.395190e+02
4980, 1.395190e+02
4981, 1.395190e+02
4982, 1.395190e+02
4983, 1.395190e+02
4984, 1.395190e+02
4985, 1.395190e+02
4986, 1.395190e+02
4987, 1.395190e+02
4988, 1.395190e+02
4989, 1.395190e+02
4990, 1.395190e+02
4991, 1.395190e+02
4992, 1.395190e+02
4993, 1.395190e+02
4994, 1.395190e+02
4995, 1.395190e+02
4996, 1.395190e+02
4997, 1.395190e+02
4998, 1.395190e+02
4999, 1.395190e+02
5000, 1.395190e+02
5001, 1.395190e+02
5002, 1.395190e+02
5003, 1.395190e+02
5004, 1.395190e+02
5005, 1.395190e+02
5006, 1.395190e+02
5007, 1.395190e+02
5008, 1.395190e+02
5009, 1.395190e+02
5010, 1.395190e+02
5011, 1.395190e+02
5012, 1.395190e+02
5013, 1.395190e+02
5014, 1.395190e+02
5015, 1.395190e+02
5016, 1.395190e+02
5017, 1.395190e+02
5018, 1.395190e+02
5019, 1.395191e+02
5020, 1.395191e+02
5021, 1.395191e+02
5022, 1.395191e+02
5023, 1.395191e+02
5024, 1.395191e+02
5025, 1.395191e+02
5026, 1.395191e+02
5027, 1.395191e+02
5028, 1.395191e+02
5029, 1.395191e+02
5030, 1.395191e+02
5031, 1.395191e+02
5032, 1.395191e+02
5033, 1.395191e+02
5034, 1.395191e+02
5035, 1.395191e+02
5036, 1.395191e+02
5037, 1.395191e+02
5038, 1.395191e+02
5039, 1.395191e+02
5040, 1.395191e+02
5041, 1.395191e+02
5042, 1.395191e+02
5043, 1.395191e+02
5044, 1.395191e+02
5045, 1.395191e+02
5046, 1.395191e+02
5047, 1.395191e+02
5048, 1.395191e+02
5049, 1.395191e+02
5050, 1.395191e+02
5051, 1.395191e+02
5052, 1.395191e+02
5053, 1.395191e+02
5054, 1.395191e+02
5055, 1.395191e+02
5056, 1.395191e+02
5057, 1.395191e+02
5058, 1.395191e+02
5059, 1.395191e+02
5060, 1.395191e+02
5061, 1.395191e+02
5062, 1.395191e+02
5063, 1.395191e+02
5064, 1.395191e+02
5065, 1.395191e+02
5066, 1.395191e+02
5067, 1.395191e+02
5068, 1.395191e+02
5069, 1.395191e+02
5070, 1.395191e+02
5071, 1.395191e+02
5072, 1.395191e+02
5073, 1.395191e+02
5074, 1.395191e+02
5075, 1.395191e+02
5076, 1.395191e+02
5077, 1.395191e+02
5078, 1.395191e+02
5079, 1.395191e+02
5080, 1.395191e+02
5081, 1.395191e+02
5082, 1.395191e+02
5083, 1.395191e+02
5084, 1.395191e+02
5085, 1.395191e+02
5086, 1.395191e+02
5087, 1.395191e+02
5088, 1.395191e+02
5089, 1.395191e+02
5090, 1.395191e+02
5091, 1.395191e+02
5092, 1.395191e+02
5093, 1.395191e+02
5094, 1.395191e+02
5095, 1.395191e+02
5096, 1.395191e+02
5097, 1.395191e+02
5098, 1.395191e+02
5099, 1.395191e+02
5100, 1.395191e+02
5101, 1.395191e+02
5102, 1.395191e+02
5103, 1.395191e+02
5104, 1.395191e+02
5105, 1.395191e+02
5106, 1.395191e+02
5107, 1.395191e+02
5108, 1.395191e+02
5109, 1.395191e+02
5110, 1.395191e+02
5111, 1.395191e+02
5112, 1.395191e+02
5113, 1.395191e+02
5114, 1.395191e+02
5115, 1.395191e+02
5116, 1.395191e+02
5117, 1.395191e+02
5118, 1.395191e+02
5119, 1.395191e+02
5120, 1.395191e+02
5121, 1.395191e+02
5122, 1.395191e+02
5123, 1.395192e+02
5124, 1.395192e+02
5125, 1.395192e+02
5126, 1.395192e+02
5127, 1.395192e+02
5128, 1.395192e+02
5129, 1.395192e+02
5130, 1.395192e+02
5131, 1.395192e+02
5132, 1.395192e+02
5133, 1.395192e+02
5134, 1.395192e+02
5135, 1.395192e+02
5136, 1.395192e+02
5137, 1.395192e+02
5138, 1.395192e+02
5139, 1.395192e+02
5140, 1.395192e+02
5141, 1.395192e+02
5142, 1.395192e+02
5143, 1.395192e+02
5144, 1.395192e+02
5145, 1.395192e+02
5146, 1.395192e+02
5147, 1.395192e+02
5148, 1.395192e+02
5149, 1.395192e+02
5150, 1.395192e+02
5151, 1.395192e+02
5152, 1.395192e+02
5153, 1.395192e+02
5154, 1.395192e+02
5155, 1.395192e+02
5156, 1.395192e+02
5157, 1.395192e+02
5158, 1.395192e+02
5159, 1.395192e+02
5160, 1.395192e+02
5161, 1.395192e+02
5162, 1.395192e+02
5163, 1.395192e+02
5164, 1.395192e+02
5165, 1.395192e+02
5166, 1.395192e+02
5167, 1.395192e+02
5168, 1.395192e+02
5169, 1.395192e+02
5170, 1.395192e+02
5171, 1.395192e+02
5172, 1.395192e+02
5173, 1.395192e+02
5174, 1.395192e+02
5175, 1.395192e+02
5176, 1.395192e+02
5177, 1.395192e+02
5178, 1.395192e+02
5179, 1.395192e+02
5180, 1.395192e+02
5181, 1.395192e+02
5182, 1.395192e+02
5183, 1.395192e+02
5184, 1.395192e+02
5185, 1.395192e+02
5186, 1.395192e+02
5187, 1.395192e+02
5188, 1.395192e+02
5189, 1.395192e+02
5190, 1.395192e+02
5191, 1.395192e+02
5192, 1.395192e+02
5193, 1.395192e+02
5194, 1.395192e+02
5195, 1.395192e+02
5196, 1.395192e+02
5197, 1.395192e+02
5198, 1.395192e+02
5199, 1.395192e+02
5200, 1.395192e+02
5201, 1.395192e+02
5202, 1.395192e+02
5203, 1.395192e+02
5204, 1.395192e+02
5205, 1.395192e+02
5206, 1.395192e+02
5207, 1.395192e+02
5208, 1.395192e+02
5209, 1.395192e+02
5210, 1.395192e+02
5211, 1.395192e+02
5212, 1.395192e+02
5213, 1.395192e+02
5214, 1.395192e+02
5215, 1.395192e+02
5216, 1.395192e+02
5217, 1.395192e+02
5218, 1.395192e+02
5219, 1.395192e+02
5220, 1.395192e+02
5221, 1.395192e+02
5222, 1.395192e+02
5223, 1.395192e+02
5224, 1.395192e+02
5225, 1.395192e+02
5226, 1.395192e+02
5227, 1.395192e+02
5228, 1.395192e+02
5229, 1.395192e+02
5230, 1.395192e+02
5231, 1.395192e+02
5232, 1.395192e+02
5233, 1.395192e+02
5234, 1.395192e+02
5235, 1.395192e+02
5236, 1.395192e+02
5237, 1.395192e+02
5238, 1.395192e+02
5239, 1.395192e+02
5240, 1.395192e+02
5241, 1.395192e+02
5242, 1.395192e+02
5243, 1.395192e+02
5244, 1.395192e+02
5245, 1.395192e+02
5246, 1.395192e+02
5247, 1.395192e+02
5248, 1.395193e+02
5249, 1.395193e+02
5250, 1.395193e+02
5251, 1.395193e+02
5252, 1.395193e+02
5253, 1.395193e+02
5254, 1.395193e+02
5255, 1.395193e+02
5256, 1.395193e+02
5257, 1.395193e+02
5258, 1.395193e+02
5259, 1.395193e+02
5260, 1.395193e+02
5261, 1.395193e+02
5262, 1.395193e+02
5263, 1.395193e+02
5264, 1.395193e+02
5265, 1.395193e+02
5266, 1.395193e+02
5267, 1.395193e+02
5268, 1.395193e+02
5269, 1.395193e+02
5270, 1.395193e+02
5271, 1.395193e+02
5272, 1.395193e+02
5273, 1.395193e+02
5274, 1.395193e+02
5275, 1.395193e+02
5276, 1.395193e+02
5277, 1.395193e+02
5278, 1.395193e+02
5279, 1.395193e+02
5280, 1.395193e+02
5281, 1.395193e+02
5282, 1.395193e+02
5283, 1.395193e+02
5284, 1.395193e+02
5285, 1.395193e+02
5286, 1.395193e+02
5287, 1.395193e+02
5288, 1.395193e+02
5289, 1.395193e+02
5290, 1.395193e+02
5291, 1.395193e+02
5292, 1.395193e+02
5293, 1.395193e+02
5294, 1.395193e+02
5295, 1.395193e+02
5296, 1.395193e+02
5297, 1.395193e+02
5298, 1.395193e+02
5299, 1.395193e+02
5300, 1.395193e+02
5301, 1.395193e+02
5302, 1.395193e+02
5303, 1.395193e+02
5304, 1.395193e+02
5305, 1.395193e+02
5306, 1.395193e+02
5307, 1.395193e+02
5308, 1.395193e+02
5309, 1.395193e+02
5310, 1.395193e+02
5311, 1.395193e+02
5312, 1.395193e+02
5313, 1.395193e+02
5314, 1.395193e+02
5315, 1.395193e+02
5316, 1.395193e+02
5317, 1.395193e+02
5318, 1.395193e+02
5319, 1.395193e+02
5320, 1.395193e+02
5321, 1.395193e+02
5322, 1.395193e+02
5323, 1.395193e+02
5324, 1.395193e+02
5325, 1.395193e+02
5326, 1.395193e+02
5327, 1.395193e+02
5328, 1.395193e+02
5329, 1.395193e+02
5330, 1.395193e+02
5331, 1.395193e+02
5332, 1.395193e+02
5333, 1.395193e+02
5334, 1.395193e+02
5335, 1.395193e+02
5336, 1.395193e+02
5337, 1.395193e+02
5338, 1.395193e+02
5339, 1.395193e+02
5340, 1.395193e+02
5341, 1.395193e+02
5342, 1.395193e+02
5343, 1.395193e+02
5344, 1.395193e+02
5345, 1.395193e+02
5346, 1.395193e+02
5347, 1.395193e+02
5348, 1.395193e+02
5349, 1.395193e+02
5350, 1.395193e+02
5351, 1.395193e+02
5352, 1.395193e+02
5353, 1.395193e+02
5354, 1.395193e+02
5355, 1.395193e+02
5356, 1.395193e+02
5357, 1.395193e+02
5358, 1.395193e+02
5359, 1.395193e+02
5360, 1.395193e+02
5361, 1.395193e+02
5362, 1.395193e+02
5363, 1.395193e+02
5364, 1.395193e+02
5365, 1.395193e+02
5366, 1.395193e+02
5367, 1.395193e+02
5368, 1.395193e+02
5369, 1.395193e+02
5370, 1.395193e+02
5371, 1.395193e+02
5372, 1.395193e+02
5373, 1.395193e+02
5374, 1.395193e+02
5375, 1.395193e+02
5376, 1.395193e+02
5377, 1.395193e+02
5378, 1.395193e+02
5379, 1.395193e+02
5380, 1.395193e+02
5381, 1.395193e+02
5382, 1.395193e+02
5383, 1.395193e+02
5384, 1.395193e+02
5385, 1.395193e+02
5386, 1.395193e+02
5387, 1.395193e+02
5388, 1.395193e+02
5389, 1.395193e+02
5390, 1.395193e+02
5391, 1.395193e+02
5392, 1.395193e+02
5393, 1.395193e+02
5394, 1.395193e+02
5395, 1.395193e+02
5396, 1.395193e+02
5397, 1.395193e+02
5398, 1.395193e+02
5399, 1.395193e+02
5400, 1.395193e+02
5401, 1.395193e+02
5402, 1.395193e+02
5403, 1.395193e+02
5404, 1.395193e+02
5405, 1.395193e+02
5406, 1.395194e+02
5407, 1.395194e+02
5408, 1.395194e+02
5409, 1.395194e+02
5410, 1.395194e+02
5411, 1.395194e+02
5412, 1.395194e+02
5413, 1.395194e+02
5414, 1.395194e+02
5415, 1.395194e+02
5416, 1.395194e+02
5417, 1.395194e+02
5418, 1.395194e+02
5419, 1.395194e+02
5420, 1.395194e+02
5421, 1.395194e+02
5422, 1.395194e+02
5423, 1.395194e+02
5424, 1.395194e+02
5425, 1.395194e+02
5426, 1.395194e+02
5427, 1.395194e+02
5428, 1.395194e+02
5429, 1.395194e+02
5430, 1.395194e+02
5431, 1.395194e+02
5432, 1.395194e+02
5433, 1.395194e+02
5434, 1.395194e+02
5435, 1.395194e+02
5436, 1.395194e+02
5437, 1.395194e+02
5438, 1.395194e+02
5439, 1.395194e+02
5440, 1.395194e+02
5441, 1.395194e+02
5442, 1.395194e+02
5443, 1.395194e+02
5444, 1.395194e+02
5445, 1.395194e+02
5446, 1.395194e+02
5447, 1.395194e+02
5448, 1.395194e+02
5449, 1.395194e+02
5450, 1.395194e+02
5451, 1.395194e+02
5452, 1.395194e+02
5453, 1.395194e+02
5454, 1.395194e+02
5455, 1.395194e+02
5456, 1.395194e+02
5457, 1.395194e+02
5458, 1.395194e+02
5459, 1.395194e+02
5460, 1.395194e+02
5461, 1.395194e+02
5462, 1.395194e+02
5463, 1.395194e+02
5464, 1.395194e+02
5465, 1.395194e+02
5466, 1.395194e+02
5467, 1.395194e+02
5468, 1.395194e+02
5469, 1.395194e+02
5470, 1.395194e+02
5471, 1.395194e+02
5472, 1.395194e+02
5473, 1.395194e+02
5474, 1.395194e+02
5475, 1.395194e+02
5476, 1.395194e+02
5477, 1.395194e+02
5478, 1.395194e+02
5479, 1.395194e+02
5480, 1.395194e+02
5481, 1.395194e+02
5482, 1.395194e+02
5483, 1.395194e+02
5484, 1.395194e+02
5485, 1.395194e+02
5486, 1.395194e+02
5487, 1.395194e+02
5488, 1.395194e+02
5489, 1.395194e+02
5490, 1.395194e+02
5491, 1.395194e+02
5492, 1.395194e+02
5493, 1.395194e+02
5494, 1.395194e+02
5495, 1.395194e+02
5496, 1.395194e+02
5497, 1.395194e+02
5498, 1.395194e+02
5499, 1.395194e+02
5500, 1.395194e+02
5501, 1.395194e+02
5502, 1.395194e+02
5503, 1.395194e+02
5504, 1.395194e+02
5505, 1.395194e+02
5506, 1.395194e+02
5507, 1.395194e+02
5508, 1.395194e+02
5509, 1.395194e+02
5510, 1.395194e+02
5511, 1.395194e+02
5512, 1.395194e+02
5513, 1.395194e+02
5514, 1.395194e+02
5515, 1.395194e+02
5516, 1.395194e+02
5517, 1.395194e+02
5518, 1.395194e+02
5519, 1.395194e+02
5520, 1.395194e+02
5521, 1.395194e+02
5522, 1.395194e+02
5523, 1.395194e+02
5524, 1.395194e+02
5525, 1.395194e+02
5526, 1.395194e+02
5527, 1.395194e+02
5528, 1.395194e+02
5529, 1.395194e+02
5530, 1.395194e+02
5531, 1.395194e+02
5532, 1.395194e+02
5533, 1.395194e+02
5534, 1.395194e+02
5535, 1.395194e+02
5536, 1.395194e+02
5537, 1.395194e+02
5538, 1.395194e+02
5539, 1.395194e+02
5540, 1.395194e+02
5541, 1.395194e+02
5542, 1.395194e+02
5543, 1.395194e+02
5544, 1.395194e+02
5545, 1.395194e+02
5546, 1.395194e+02
5547, 1.395194e+02
5548, 1.395194e+02
5549, 1.395194e+02
5550, 1.395194e+02
5551, 1.395194e+02
5552, 1.395194e+02
5553, 1.395194e+02
5554, 1.395194e+02
5555, 1.395194e+02
5556, 1.395194e+02
5557, 1.395194e+02
5558, 1.395194e+02
5559, 1.395194e+02
5560, 1.395194e+02
5561, 1.395194e+02
5562, 1.395194e+02
5563, 1.395194e+02
5564, 1.395194e+02
5565, 1.395194e+02
5566, 1.395194e+02
5567, 1.395194e+02
5568, 1.395194e+02
5569, 1.395194e+02
5570, 1.395194e+02
5571, 1.395194e+02
5572, 1.395194e+02
5573, 1.395194e+02
5574, 1.395194e+02
5575, 1.395194e+02
5576, 1.395194e+02
5577, 1.395194e+02
5578, 1.395194e+02
5579, 1.395194e+02
5580, 1.395194e+02
5581, 1.395194e+02
5582, 1.395194e+02
