0.000000, 0.000000, 0.000000, 0.000000
0.000000, 0.010755, 0.000000, 0.014803
0.000000, 0.021597, 0.000000, 0.029655
0.000000, 0.033448, 0.000000, 0.045777
0.000000, 0.045500, 0.000000, 0.061960
0.000000, 0.057899, 0.000000, 0.078372
0.000000, 0.070478, 0.000000, 0.094781
0.000000, 0.083276, 0.000000, 0.111255
0.000000, 0.096279, 0.000000, 0.127813
0.000000, 0.109343, 0.000000, 0.144293
0.000000, 0.122354, 0.000000, 0.160574
0.000000, 0.135251, 0.000000, 0.176575
0.000000, 0.148125, 0.000000, 0.192443
0.000000, 0.160994, 0.000000, 0.208202
0.000000, 0.173929, 0.000000, 0.223968
0.000000, 0.186917, 0.000000, 0.239728
0.000000, 0.199955, 0.000000, 0.255479
0.000000, 0.213057, 0.000000, 0.271245
0.000000, 0.226249, 0.000000, 0.287059
0.000000, 0.239548, 0.000000, 0.302958
0.000000, 0.252916, 0.000000, 0.318889
0.000000, 0.266310, 0.000000, 0.334790
0.000000, 0.279730, 0.000000, 0.350660
0.000000, 0.293210, 0.000000, 0.366555
0.000000, 0.306746, 0.000000, 0.382505
0.000000, 0.320139, 0.000000, 0.398194
0.000000, 0.333464, 0.000000, 0.413724
0.000000, 0.346801, 0.000000, 0.429199
0.000000, 0.360197, 0.000000, 0.444662
0.000000, 0.373712, 0.000000, 0.460202
0.000000, 0.387310, 0.000000, 0.475773
0.000000, 0.400954, 0.000000, 0.491323
0.000000, 0.414644, 0.000000, 0.506840
0.000000, 0.428410, 0.000000, 0.522355
0.000000, 0.442304, 0.000000, 0.537946
0.000000, 0.456306, 0.000000, 0.553756
0.000000, 0.469470, 0.000000, 0.568369
0.000000, 0.482296, 0.000000, 0.582424
0.000000, 0.495090, 0.000000, 0.596362
0.000000, 0.507721, 0.000000, 0.609992
0.000000, 0.520000, 0.000000, 0.623093
0.000000, 0.531685, 0.000000, 0.635566
0.000000, 0.542741, 0.000000, 0.647560
0.000000, 0.554654, 0.000000, 0.660338
0.000000, 0.567726, 0.000000, 0.674035
0.000000, 0.581396, 0.000000, 0.688158
0.000000, 0.595347, 0.000000, 0.702480
0.000000, 0.609204, 0.000000, 0.716548
0.000000, 0.622924, 0.000000, 0.730210
0.000000, 0.637031, 0.000000, 0.744218
0.000000, 0.651128, 0.000000, 0.758046
0.000000, 0.664928, 0.000000, 0.771385
0.000000, 0.678431, 0.000000, 0.783974
0.000000, 0.692643, 0.000000, 0.797275
0.000000, 0.706570, 0.000000, 0.809899
0.000000, 0.720639, 0.000000, 0.822298
0.000000, 0.735083, 0.000000, 0.834869
0.000000, 0.749533, 0.000000, 0.846951
0.000000, 0.764823, 0.000000, 0.859854
0.000000, 0.778977, 0.000000, 0.871047
0.000000, 0.793123, 0.000000, 0.882026
0.000000, 0.806711, 0.000000, 0.891842
0.000000, 0.821308, 0.000000, 0.902076
0.000000, 0.836489, 0.000000, 0.912278
0.000000, 0.851557, 0.000000, 0.921897
0.000000, 0.865590, 0.000000, 0.929944
0.000000, 0.879696, 0.000000, 0.937393
0.000000, 0.893469, 0.000000, 0.943909
0.000000, 0.906920, 0.000000, 0.949457
0.000000, 0.920080, 0.000000, 0.953992
0.000000, 0.933351, 0.000000, 0.957593
0.000000, 0.945699, 0.000000, 0.959896
0.000000, 0.959562, 0.000000, 0.961150
0.000000, 0.972602, 0.000000, 0.962150
0.000000, 0.985200, 0.000000, 0.986630
0.000000, 1.000000, 0.000000, 0.000000
0.008688, 0.756863, 0.007207, 0.853077
0.009154, 0.828561, 0.006152, 0.906948
0.009174, 0.989329, -0.334850, 0.666707
0.009439, 0.844117, 0.005924, 0.917102
0.009857, 0.952306, 0.001555, 0.960976
0.009887, 0.813458, 0.007022, 0.896531
0.009940, 0.449389, 0.011325, 0.545900
0.009973, 0.742105, 0.008527, 0.840746
0.009980, 0.728090, 0.008765, 0.828780
0.010035, 0.588108, 0.010444, 0.694898
0.010039, 0.629506, 0.010050, 0.736681
0.010131, 0.435276, 0.011624, 0.530066
0.010174, 0.573633, 0.010712, 0.679912
0.010277, 0.643845, 0.010133, 0.750822
0.010306, 0.685295, 0.009662, 0.790354
0.010309, 0.602226, 0.010597, 0.709353
0.010314, 0.559073, 0.010981, 0.664705
0.010322, 0.421445, 0.011923, 0.514501
0.010435, 0.407752, 0.012131, 0.499013
0.010478, 0.544421, 0.011274, 0.649269
0.010507, 0.394106, 0.012288, 0.483498
0.010587, 0.380470, 0.012456, 0.467920
0.010596, 0.786793, 0.008184, 0.877028
0.010617, 0.615959, 0.010776, 0.723228
0.010656, 0.299872, 0.012944, 0.374376
0.010727, 0.366865, 0.012693, 0.452310
0.010731, 0.286343, 0.013102, 0.358443
0.010740, 0.713560, 0.009653, 0.815978
0.010755, 0.529944, 0.011684, 0.633930
0.010814, 0.272913, 0.013270, 0.342581
0.010838, 0.259492, 0.013364, 0.326675
0.010842, 0.246054, 0.013436, 0.310689
0.010847, 0.873188, 0.005776, 0.933764
0.010873, 0.772022, 0.008705, 0.865439
0.010895, 0.658173, 0.010573, 0.764804
0.010909, 0.232671, 0.013586, 0.294716
0.010924, 0.353373, 0.012998, 0.436765
0.010932, 0.313487, 0.013213, 0.390373
0.010970, 0.699525, 0.010076, 0.803425
0.011014, 0.340062, 0.013175, 0.421358
0.011039, 0.326795, 0.013274, 0.405925
0.011049, 0.219432, 0.013831, 0.278868
0.011120, 0.102757, 0.014654, 0.135950
0.011166, 0.206315, 0.014048, 0.263110
0.011166, 0.887183, 0.005317, 0.940728
0.011169, 0.089484, 0.014822, 0.119129
0.011182, 0.516151, 0.012266, 0.619254
0.011216, 0.115915, 0.014683, 0.152482
0.011248, 0.193275, 0.014225, 0.247385
0.011284, 0.858792, 0.006578, 0.925865
0.011303, 0.463716, 0.012785, 0.561937
0.011309, 0.180291, 0.014377, 0.231664
0.011314, 0.502733, 0.012516, 0.604757
0.011361, 0.000000, 0.015651, 0.000000
0.011383, 0.167337, 0.014550, 0.215908
0.011395, 0.927071, 0.003259, 0.955828
0.011400, 0.025016, 0.015637, 0.034302
0.011421, 0.076389, 0.015269, 0.102362
0.011422, 0.128820, 0.014857, 0.168560
0.011462, 0.141660, 0.014819, 0.184443
0.011462, 0.489552, 0.012779, 0.590402
0.011488, 0.154447, 0.014767, 0.200156
0.011504, 0.900785, 0.004789, 0.946725
0.011553, 0.671386, 0.011025, 0.777344
0.011638, 0.799668, 0.008637, 0.886626
0.011641, 0.063534, 0.015678, 0.085693
0.011722, 0.964908, 0.001720, 0.962930
0.011725, 0.050873, 0.015905, 0.069051
0.011731, 0.476511, 0.013175, 0.576101
0.011836, 0.914050, 0.004195, 0.951765
0.011937, 0.037990, 0.016292, 0.051857
0.013129, 0.940476, 0.002973, 0.959072
0.013423, 1.000000, -1.126985, 0.000000
0.013695, 0.976980, 0.020533, 0.983056
0.013912, 0.011588, 0.019144, 0.015928
0.018511, 0.762079, 0.015175, 0.857017
0.018733, 0.834890, 0.012262, 0.910679
0.019000, 0.820561, 0.013164, 0.901086
0.019327, 0.749279, 0.016293, 0.846478
0.019666, 0.580823, 0.020584, 0.687265
0.019772, 0.565959, 0.020937, 0.671776
0.019906, 0.635517, 0.019798, 0.742374
0.019943, 0.455847, 0.022643, 0.552995
0.019996, 0.781212, 0.015641, 0.872269
0.020028, 0.551339, 0.021442, 0.656480
0.020069, 0.721987, 0.017800, 0.823216
0.020129, 0.441956, 0.023018, 0.537468
0.020225, 0.595053, 0.020917, 0.701906
0.020397, 0.650407, 0.019964, 0.757069
0.020564, 0.428236, 0.023675, 0.522071
0.020629, 0.537115, 0.022310, 0.641477
0.020773, 0.847362, 0.012824, 0.918362
0.020839, 0.414618, 0.024146, 0.506706
0.020906, 0.953495, -0.004231, 0.953373
0.020926, 0.735403, 0.018109, 0.834738
0.020983, 0.988156, -0.947626, 0.000232
0.020983, 0.401036, 0.024464, 0.491301
0.020996, 0.608904, 0.021446, 0.715983
0.021018, 0.691622, 0.019519, 0.795833
0.021083, 0.387442, 0.024727, 0.475805
0.021244, 0.373812, 0.025061, 0.460197
0.021324, 0.306327, 0.025836, 0.381867
0.021395, 0.622483, 0.021570, 0.729592
0.021423, 0.292850, 0.026090, 0.366028
0.021567, 0.360174, 0.025587, 0.444510
0.021597, 0.706791, 0.019619, 0.809612
0.021599, 0.252554, 0.026698, 0.318341
0.021608, 0.279494, 0.026446, 0.350285
0.021639, 0.266078, 0.026616, 0.334407
0.021641, 0.678769, 0.020468, 0.784098
0.021656, 0.807122, 0.015710, 0.891644
0.021693, 0.239075, 0.026947, 0.302276
0.021727, 0.523626, 0.023717, 0.627152
0.021984, 0.225802, 0.027447, 0.286412
0.021994, 0.346645, 0.026237, 0.428885
0.022032, 0.320098, 0.026559, 0.398017
0.022033, 0.096041, 0.029108, 0.127309
0.022108, 0.869552, 0.011984, 0.931170
0.022112, 0.333394, 0.026518, 0.413520
0.022227, 0.109432, 0.029168, 0.144220
0.022232, 0.510196, 0.024478, 0.612696
0.022256, 0.212669, 0.027926, 0.270661
0.022362, 0.882083, 0.011033, 0.937578
0.022442, 0.082708, 0.029861, 0.110325
0.022444, 0.199625, 0.028306, 0.254956
0.022593, 0.186653, 0.028640, 0.239277
0.022621, 0.496995, 0.025108, 0.598386
0.022685, 0.173717, 0.028910, 0.223574
0.022755, 0.122316, 0.029672, 0.160337
0.022842, 0.160761, 0.029269, 0.207770
0.022848, 0.895125, 0.009985, 0.943469
0.022909, 0.019962, 0.031393, 0.027330
0.022914, 0.135173, 0.029700, 0.176307
0.022945, 0.483786, 0.025665, 0.583978
0.022989, 0.069554, 0.030810, 0.093371
0.023054, 0.147861, 0.029707, 0.191952
0.023084, 0.663903, 0.022233, 0.769926
0.023110, 0.932703, 0.003901, 0.954278
0.023363, 0.044539, 0.031736, 0.060510
0.023423, 0.908235, 0.008691, 0.948490
0.023431, 0.858340, 0.013633, 0.924694
0.023467, 0.470539, 0.026446, 0.569476
0.023482, 0.000000, 0.032280, 0.000000
0.023557, 0.056983, 0.031795, 0.076972
0.023673, 0.031552, 0.032334, 0.043075
0.023951, 0.921073, 0.006689, 0.952054
0.024027, 0.793457, 0.018164, 0.881607
0.024135, 0.966550, 0.006028, 0.964690
0.025585, 0.770566, 0.020549, 0.863628
0.026125, 1.000000, -0.997827, 0.000000
0.027882, 0.943287, -0.002510, 0.950080
0.028382, 0.978141, -0.858785, 0.100083
0.028751, 0.573234, 0.030272, 0.679207
0.028758, 0.827535, 0.019340, 0.905166
0.028905, 0.641131, 0.028575, 0.747575
0.029266, 0.010583, 0.040131, 0.014491
0.029374, 0.717129, 0.026227, 0.818532
0.029393, 0.558311, 0.031301, 0.663563
0.029830, 0.587587, 0.031041, 0.694060
0.029924, 0.460455, 0.033887, 0.557822
0.030176, 0.744560, 0.025653, 0.842168
0.030193, 0.697217, 0.027809, 0.800657
0.030212, 0.757335, 0.024991, 0.852704
0.030411, 0.544088, 0.032723, 0.648631
0.030536, 0.447655, 0.034808, 0.543538
0.030952, 0.601433, 0.031821, 0.708205
0.030958, 0.434639, 0.035522, 0.529049
0.031312, 0.421372, 0.036160, 0.514160
0.031384, 0.838958, 0.020076, 0.912458
0.031443, 0.816047, 0.022091, 0.897159
0.031467, 0.672928, 0.029957, 0.778158
0.031514, 0.407984, 0.036621, 0.499030
0.031614, 0.394521, 0.036959, 0.483731
0.031709, 0.380984, 0.037288, 0.468266
0.031932, 0.312452, 0.038589, 0.388870
0.031942, 0.367348, 0.037778, 0.452615
0.031994, 0.615125, 0.032476, 0.721991
0.032170, 0.299102, 0.039077, 0.373230
0.032184, 0.781412, 0.025114, 0.871879
0.032192, 0.730053, 0.028106, 0.829755
0.032251, 0.531138, 0.035022, 0.634975
0.032259, 0.653574, 0.031440, 0.759748
0.032267, 0.259066, 0.039778, 0.325940
0.032329, 0.245449, 0.040053, 0.309729
0.032443, 0.628630, 0.032489, 0.735121
0.032464, 0.272669, 0.039825, 0.342083
0.032473, 0.353619, 0.038622, 0.436789
0.032486, 0.285973, 0.039658, 0.357799
0.032804, 0.232141, 0.040845, 0.293849
0.032833, 0.102823, 0.043168, 0.135670
0.032978, 0.517855, 0.036126, 0.620743
0.033071, 0.089464, 0.043767, 0.118713
0.033169, 0.956539, 0.030428, 0.984041
0.033175, 0.326760, 0.039881, 0.405652
0.033214, 0.339973, 0.039720, 0.421000
0.033253, 0.219004, 0.041609, 0.278118
0.033579, 0.205944, 0.042227, 0.262415
0.033641, 0.989681, -0.972227, -0.015798
0.033689, 0.803171, 0.024697, 0.887953
0.033698, 0.504898, 0.037218, 0.606760
0.033704, 0.075817, 0.044914, 0.101212
0.033844, 0.192997, 0.042776, 0.246791
0.033850, 0.850742, 0.020419, 0.919375
0.033982, 0.115732, 0.044401, 0.151896
0.033990, 0.876169, 0.017424, 0.933268
0.034014, 0.180094, 0.043213, 0.231156
0.034057, 0.491897, 0.037909, 0.592603
0.034078, 0.167176, 0.043524, 0.215430
0.034209, 0.889151, 0.015664, 0.939326
0.034275, 0.128659, 0.044522, 0.168033
0.034319, 0.154125, 0.044073, 0.199457
0.034333, 0.037545, 0.046615, 0.050970
0.034390, 0.685167, 0.032207, 0.789436
0.034609, 0.479104, 0.038806, 0.578561
0.034673, 0.863680, 0.019378, 0.926646
0.034690, 0.902517, 0.013595, 0.944607
0.034716, 0.141145, 0.044835, 0.183480
0.035177, 0.062927, 0.047201, 0.084512
0.035289, 0.916320, 0.010758, 0.948693
0.035529, 0.050400, 0.047979, 0.068081
0.035536, 0.023007, 0.048476, 0.031350
0.035810, 0.930744, 0.009525, 0.954060
0.035848, 0.707378, 0.032503, 0.809563
0.036954, 0.000000, 0.050581, 0.000000
0.037469, 0.767806, 0.030230, 0.860800
0.037647, 0.969873, -0.904845, 0.050527
0.038010, 0.565763, 0.040246, 0.671159
0.038117, 0.663112, 0.036724, 0.768567
0.038137, 0.467914, 0.043018, 0.566085
0.038190, 0.791648, 0.028948, 0.879197
0.038938, 0.579540, 0.040777, 0.685443
0.039389, 1.000000, -0.961033, 0.000000
0.039599, 0.641909, 0.039085, 0.748103
0.039645, 0.551100, 0.042430, 0.655669
0.039900, 0.740986, 0.034089, 0.838549
0.040186, 0.945065, 0.101965, 1.049477
0.040654, 0.828031, 0.027176, 0.904465
0.040730, 0.593299, 0.042160, 0.699549
0.040992, 0.454587, 0.046556, 0.551112
0.041173, 0.719425, 0.036573, 0.819972
0.041613, 0.441460, 0.047579, 0.536493
0.041901, 0.318399, 0.050504, 0.395597
0.041930, 0.428301, 0.048252, 0.521753
0.042043, 0.754121, 0.034956, 0.849518
0.042144, 0.415032, 0.048804, 0.506797
0.042165, 0.606515, 0.043127, 0.712891
0.042248, 0.401686, 0.049223, 0.491672
0.042285, 0.388279, 0.049559, 0.476398
0.042354, 0.374785, 0.049926, 0.460949
0.042568, 0.696064, 0.039227, 0.798938
0.042630, 0.361134, 0.050536, 0.445249
0.042706, 0.813888, 0.030114, 0.894664
0.042723, 0.983412, -0.973080, -0.014685
0.042759, 0.011337, 0.058319, 0.015427
0.042773, 0.251806, 0.052848, 0.317091
0.042839, 0.538773, 0.046260, 0.642760
0.042890, 0.265573, 0.052730, 0.333464
0.043014, 0.304870, 0.052112, 0.379739
0.043407, 0.347276, 0.051749, 0.429255
0.043476, 0.238477, 0.053984, 0.301216
0.043477, 0.279207, 0.053191, 0.349627
0.043547, 0.619259, 0.043998, 0.725541
0.043571, 0.841440, 0.027395, 0.912497
0.043607, 0.292227, 0.053095, 0.364967
0.043626, 0.525438, 0.047537, 0.628552
0.043685, 0.082801, 0.057857, 0.109858
0.043704, 0.096710, 0.057536, 0.127654
0.043845, 0.674712, 0.041605, 0.779256
0.044151, 0.225323, 0.055091, 0.285491
0.044216, 0.778826, 0.034659, 0.868895
0.044260, 0.031801, 0.060001, 0.043075
0.044272, 0.630976, 0.044207, 0.737104
0.044589, 0.333365, 0.053462, 0.413214
0.044611, 0.212221, 0.055939, 0.269757
0.044771, 0.108651, 0.058583, 0.142681
0.044809, 0.512783, 0.049231, 0.614971
0.045066, 0.199283, 0.056788, 0.254163
0.045146, 0.499736, 0.050001, 0.600816
0.045177, 0.855222, 0.026388, 0.920370
0.045229, 0.959289, -0.767520, 0.181160
0.045348, 0.186455, 0.057430, 0.238644
0.045376, 0.160642, 0.058064, 0.207198
0.045422, 0.122216, 0.059108, 0.159750
0.045454, 0.173596, 0.057857, 0.223017
0.045593, 0.881963, 0.022047, 0.934048
0.045739, 0.868832, 0.024482, 0.927638
0.045753, 0.147340, 0.058871, 0.190858
0.045761, 0.486819, 0.051068, 0.586702
0.045799, 0.730481, 0.039887, 0.829176
0.045869, 0.069786, 0.061147, 0.093104
0.045878, 0.895212, 0.019497, 0.939639
0.045923, 0.652222, 0.044791, 0.757748
0.046320, 0.908621, 0.016772, 0.944548
0.046587, 0.134180, 0.060285, 0.174592
0.046828, 0.801884, 0.034328, 0.885833
0.046851, 0.922167, 0.020256, 0.955202
0.046898, 0.044136, 0.063279, 0.059526
0.047626, 0.558652, 0.050680, 0.663349
0.047670, 0.056904, 0.063932, 0.076323
0.048104, 0.474832, 0.054041, 0.573482
0.048259, 0.707962, 0.043644, 0.809305
0.048608, 0.935307, 0.079652, 1.019349
0.048676, 0.685846, 0.045493, 0.789277
0.048726, 0.571570, 0.051338, 0.676878
0.049373, 0.766029, 0.039908, 0.858372
0.049728, 0.584687, 0.051831, 0.690398
0.050075, 0.021033, 0.067952, 0.028486
0.050100, 0.973351, -0.987381, -0.032336
0.050259, 0.000000, 0.068385, 0.000000
0.050343, 0.462170, 0.056937, 0.559338
0.050896, 1.000000, -0.955578, 0.000000
0.051096, 0.743163, 0.043383, 0.839507
0.051212, 0.789550, 0.038917, 0.876269
0.051231, 0.663338, 0.049291, 0.768067
0.051460, 0.322749, 0.061905, 0.400413
0.051565, 0.822705, 0.035035, 0.899468
0.052033, 0.448765, 0.059259, 0.544396
0.052151, 0.598362, 0.053711, 0.704328
0.052287, 0.640231, 0.051670, 0.745829
0.052509, 0.948996, -0.619098, 0.321532
0.052573, 0.435467, 0.060273, 0.529524
0.052828, 0.422205, 0.060954, 0.514620
0.052881, 0.547354, 0.056728, 0.651263
0.052965, 0.408929, 0.061491, 0.499621
0.053012, 0.395650, 0.061914, 0.484541
0.053014, 0.382374, 0.062275, 0.469390
0.053053, 0.258077, 0.065365, 0.324271
0.053064, 0.369078, 0.062684, 0.454143
0.053233, 0.090870, 0.070114, 0.119896
0.053243, 0.309924, 0.064352, 0.385326
0.053421, 0.355746, 0.063451, 0.438779
0.053598, 0.271946, 0.065710, 0.340737
0.053687, 0.834183, 0.034709, 0.906644
0.053718, 0.719552, 0.047630, 0.819074
0.053882, 0.611588, 0.054812, 0.717586
0.053943, 0.532940, 0.058452, 0.636086
0.053988, 0.244883, 0.066847, 0.308599
0.054604, 0.342427, 0.065200, 0.423344
0.054894, 0.231732, 0.068300, 0.292910
0.054947, 0.114929, 0.071612, 0.150310
0.054950, 0.285526, 0.067052, 0.356836
0.054978, 0.987604, -0.957877, -0.000558
0.055114, 0.754801, 0.045646, 0.848741
0.055238, 0.847316, 0.033457, 0.914259
0.055395, 0.297437, 0.067275, 0.370733
0.055398, 0.625771, 0.055572, 0.731435
0.055488, 0.697163, 0.050977, 0.799142
0.055495, 0.218466, 0.069383, 0.276998
0.055737, 0.078590, 0.073802, 0.104132
0.055980, 0.811959, 0.039539, 0.891602
0.056015, 0.520770, 0.061204, 0.623189
0.056099, 0.507433, 0.061812, 0.608773
0.056183, 0.032552, 0.075802, 0.043851
0.056185, 0.205497, 0.070585, 0.261385
0.056358, 0.860899, 0.031500, 0.921510
0.056397, 0.154093, 0.072276, 0.198842
0.056629, 0.494164, 0.062897, 0.594340
0.056664, 0.675696, 0.053638, 0.779364
0.056665, 0.777245, 0.044466, 0.866289
0.056731, 0.192722, 0.071616, 0.245950
0.056812, 0.167141, 0.072431, 0.214835
0.056889, 0.180016, 0.072168, 0.230537
0.056937, 0.874367, 0.028874, 0.928056
0.057078, 0.140325, 0.073557, 0.181852
0.057112, 0.010890, 0.077410, 0.014725
0.057153, 0.887542, 0.025684, 0.933660
0.057196, 0.102279, 0.074975, 0.134387
0.057316, 0.962887, -0.982162, -0.033570
0.057572, 0.900696, 0.022065, 0.938269
0.057955, 0.561433, 0.061502, 0.665802
0.058139, 0.731632, 0.050418, 0.829097
0.058153, 0.913787, 0.025739, 0.949584
0.058439, 0.066489, 0.077806, 0.088504
0.058517, 0.481734, 0.065460, 0.580698
0.058641, 0.330842, 0.070325, 0.409761
0.058858, 0.126606, 0.076330, 0.164898
0.058910, 0.651386, 0.057449, 0.756220
0.059031, 0.043962, 0.079279, 0.058971
0.059330, 0.926577, 0.063703, 0.992662
0.059526, 0.574961, 0.062497, 0.679762
0.059617, 0.799669, 0.043811, 0.882502
0.060330, 0.588172, 0.062646, 0.693295
0.060339, 0.055260, 0.080672, 0.073823
0.060504, 0.469201, 0.068150, 0.566800
0.061135, 0.708683, 0.055130, 0.808914
0.061155, 0.939360, -0.554372, 0.376726
0.061998, 0.456195, 0.070317, 0.552357
0.062376, 0.976468, -0.958762, -0.006755
0.062471, 0.765961, 0.050346, 0.856803
0.062518, 0.686824, 0.058248, 0.789202
0.062726, 0.317219, 0.075580, 0.393588
0.062741, 0.539927, 0.067636, 0.643143
0.063019, 0.442813, 0.071964, 0.537413
0.063053, 0.637475, 0.062430, 0.742484
0.063145, 1.000000, -0.957506, 0.000000
0.063159, 0.743365, 0.053482, 0.838431
0.063208, 0.264164, 0.077654, 0.331152
0.063215, 0.665324, 0.060599, 0.769164
0.063474, 0.429465, 0.072960, 0.522446
0.063705, 0.416193, 0.073688, 0.507496
0.063827, 0.402989, 0.074276, 0.492545
0.063852, 0.601559, 0.065507, 0.706716
0.063882, 0.389868, 0.074772, 0.477612
0.063897, 0.376835, 0.075208, 0.462703
0.063897, 0.000000, 0.086407, 0.000000
0.063945, 0.824533, 0.042845, 0.898710
0.064023, 0.363919, 0.075760, 0.447847
0.064036, 0.022458, 0.086364, 0.030221
0.064281, 0.787558, 0.048907, 0.873056
0.064296, 0.089170, 0.084591, 0.117458
0.064332, 0.278429, 0.078670, 0.348201
0.064513, 0.251374, 0.079641, 0.316003
0.064576, 0.351010, 0.076809, 0.432911
0.064646, 0.615476, 0.065462, 0.720563
0.064825, 0.952710, -0.963563, -0.022997
0.065277, 0.838721, 0.041015, 0.907125
0.065470, 0.304186, 0.079285, 0.378376
0.065476, 0.238466, 0.081220, 0.300655
0.065487, 0.552009, 0.069977, 0.655741
0.065946, 0.113229, 0.085900, 0.147924
0.066029, 0.224880, 0.082304, 0.284382
0.066102, 0.720737, 0.058369, 0.818971
0.066584, 0.852652, 0.038785, 0.914729
0.066820, 0.515008, 0.073237, 0.616477
0.067114, 0.211652, 0.084062, 0.268484
0.067130, 0.148124, 0.086118, 0.191132
0.067132, 0.501145, 0.074212, 0.601455
0.067599, 0.338640, 0.080789, 0.418507
0.067657, 0.866323, 0.036009, 0.921456
0.067663, 0.810512, 0.047753, 0.888756
0.067683, 0.528676, 0.073510, 0.630933
0.067822, 0.075763, 0.089622, 0.100126
0.067861, 0.754804, 0.056036, 0.847206
0.067882, 0.626148, 0.067984, 0.730929
0.068015, 0.160839, 0.086831, 0.206777
0.068032, 0.198882, 0.085616, 0.253077
0.068115, 0.290936, 0.082911, 0.362881
0.068351, 0.173746, 0.086840, 0.222577
0.068373, 0.879687, 0.032535, 0.927170
0.068536, 0.186307, 0.086660, 0.237852
0.068583, 0.134706, 0.088417, 0.174453
0.068638, 0.988423, -0.956186, -0.002309
0.068710, 0.698150, 0.062908, 0.798823
0.068866, 0.892755, 0.028850, 0.932276
0.068923, 0.034741, 0.092458, 0.046520
0.068967, 0.565192, 0.072935, 0.669211
0.069026, 0.488480, 0.076879, 0.587609
0.069520, 0.905658, 0.037995, 0.949455
0.069809, 0.965859, -0.956502, -0.011674
0.069934, 0.656279, 0.067735, 0.759933
0.069975, 0.100482, 0.091541, 0.131668
0.070081, 0.776365, 0.054867, 0.863857
0.070180, 0.676576, 0.066241, 0.779107
0.070549, 0.918290, 0.044545, 0.960647
0.070562, 0.577856, 0.073853, 0.682075
0.070656, 0.011941, 0.095115, 0.016037
0.070708, 0.325900, 0.084892, 0.403471
0.070824, 0.732313, 0.061182, 0.828302
0.070893, 0.589946, 0.073443, 0.694436
0.071004, 0.476042, 0.079641, 0.573909
0.071247, 0.048322, 0.095101, 0.064417
0.071669, 0.062417, 0.095116, 0.082776
0.071974, 0.644883, 0.070617, 0.748805
0.071979, 0.930685, -0.681874, 0.238048
0.072224, 0.797431, 0.053162, 0.878878
0.072385, 0.463247, 0.081758, 0.559763
0.072816, 0.123181, 0.094299, 0.160040
0.072902, 0.269612, 0.089346, 0.337285
0.073350, 0.450057, 0.083420, 0.545091
0.073399, 0.943020, -0.935607, -0.004520
0.073695, 0.608968, 0.075022, 0.713405
0.073802, 0.710462, 0.066209, 0.809228
0.073976, 0.436749, 0.084697, 0.530216
0.074118, 0.541907, 0.079718, 0.644538
0.074389, 0.423423, 0.085718, 0.515240
0.074635, 0.313345, 0.090050, 0.388836
0.074646, 0.410221, 0.086546, 0.500338
0.074825, 0.397176, 0.087265, 0.485535
0.074936, 0.384286, 0.087884, 0.470828
0.075085, 0.371673, 0.088528, 0.456366
0.075227, 0.359123, 0.089146, 0.441883
0.075387, 0.257516, 0.092779, 0.322846
0.075570, 0.819865, 0.051251, 0.893350
0.075596, 0.087380, 0.099265, 0.114796
0.075616, 0.743777, 0.063787, 0.837167
0.075727, 0.832282, 0.048651, 0.901023
0.075924, 0.977546, -0.953534, -0.006322
0.075984, 0.765519, 0.061021, 0.854609
0.076076, 0.231781, 0.094516, 0.292271
0.076179, 0.687625, 0.070748, 0.788560
0.076196, 1.000000, -0.955003, 0.000000
0.076332, 0.245503, 0.094368, 0.308625
0.076485, 0.346785, 0.091073, 0.427562
0.076736, 0.633303, 0.076210, 0.737279
0.076896, 0.845412, 0.046158, 0.908260
0.076974, 0.280277, 0.094006, 0.349972
0.076983, 0.000000, 0.103285, 0.000000
0.077043, 0.666499, 0.073613, 0.769060
0.077073, 0.507598, 0.084812, 0.607859
0.077346, 0.555877, 0.082336, 0.659061
0.077378, 0.300348, 0.093801, 0.373540
0.077390, 0.955821, -0.951782, -0.015461
0.077415, 0.218140, 0.096661, 0.275930
0.077666, 0.597492, 0.079880, 0.701613
0.077694, 0.024429, 0.103936, 0.032603
0.077971, 0.521276, 0.085058, 0.622607
0.078006, 0.785926, 0.059296, 0.869643
0.078085, 0.142740, 0.100220, 0.184061
0.078160, 0.858708, 0.043172, 0.914765
0.078306, 0.110704, 0.101835, 0.144261
0.079050, 0.722253, 0.069417, 0.818818
0.079101, 0.204886, 0.099246, 0.259970
0.079176, 0.620020, 0.079705, 0.724124
0.079256, 0.871952, 0.039263, 0.920142
0.079274, 0.154284, 0.101349, 0.198382
0.079458, 0.167244, 0.101100, 0.214295
0.079488, 0.074715, 0.104734, 0.098391
0.079489, 0.494803, 0.088148, 0.593907
0.079827, 0.333788, 0.095496, 0.412238
0.079937, 0.806656, 0.056828, 0.883669
0.080103, 0.885014, 0.035505, 0.925473
0.080138, 0.192322, 0.101015, 0.244784
0.080343, 0.179881, 0.101751, 0.229708
0.080352, 0.569436, 0.084617, 0.672920
0.080422, 0.755183, 0.066097, 0.845657
0.080437, 0.038439, 0.107166, 0.051106
0.080830, 0.897863, 0.051567, 0.949800
0.081327, 0.700524, 0.074017, 0.799617
0.081607, 0.532581, 0.088321, 0.634343
0.081686, 0.583013, 0.085044, 0.686541
0.081734, 0.482631, 0.091282, 0.580580
0.081845, 0.910543, -0.036665, 0.865398
0.081876, 0.653904, 0.079393, 0.756596
0.082404, 0.052322, 0.109260, 0.069251
0.082431, 0.132258, 0.106166, 0.170922
0.082479, 0.988856, -0.952706, -0.003560
0.082640, 0.098077, 0.107869, 0.128124
0.082852, 0.289462, 0.100815, 0.360568
0.083100, 0.470066, 0.093465, 0.566772
0.083195, 0.011221, 0.111158, 0.014939
0.083255, 0.922948, -0.865844, 0.043050
0.083513, 0.966910, -0.949807, -0.010853
0.083683, 0.322694, 0.100563, 0.399381
0.083829, 0.457023, 0.094946, 0.552336
0.083835, 0.734161, 0.071915, 0.828165
0.083917, 0.774125, 0.065737, 0.859864
0.084064, 0.267123, 0.103077, 0.334031
0.084170, 0.676919, 0.079236, 0.777952
0.084280, 0.063516, 0.111293, 0.083759
0.084580, 0.443750, 0.096452, 0.537550
0.084828, 0.934893, -0.927538, -0.007455
0.084931, 0.430583, 0.097486, 0.522823
0.085200, 0.546606, 0.091272, 0.648888
0.085250, 0.641909, 0.083781, 0.744894
0.085368, 0.417291, 0.098608, 0.507855
0.085489, 0.946264, -0.942963, -0.016425
0.085536, 0.607960, 0.087057, 0.711622
0.085727, 0.404198, 0.099620, 0.493050
0.085974, 0.391271, 0.100480, 0.478352
0.086025, 0.239297, 0.106508, 0.300873
0.086062, 0.796016, 0.063174, 0.875176
0.086310, 0.120769, 0.111598, 0.156506
0.086335, 0.309721, 0.104233, 0.384113
0.086375, 0.378797, 0.101494, 0.464110
0.086377, 0.366326, 0.102021, 0.449785
0.086883, 0.354159, 0.103118, 0.435724
0.086920, 0.225632, 0.108152, 0.284549
0.086941, 0.712171, 0.077545, 0.809139
0.087167, 0.815348, 0.059644, 0.887712
0.087287, 0.513717, 0.095611, 0.613766
0.087535, 0.826641, 0.057044, 0.894672
0.087560, 0.253949, 0.107877, 0.318369
0.087646, 0.085184, 0.114769, 0.111516
0.087734, 0.341604, 0.104614, 0.421051
0.087782, 0.838782, 0.053877, 0.901578
0.088276, 0.691007, 0.081399, 0.790286
0.088341, 0.746889, 0.073740, 0.837827
0.088603, 0.594991, 0.091236, 0.698294
0.088612, 0.629060, 0.088273, 0.732112
0.088843, 0.851524, 0.050489, 0.907782
0.088954, 0.211739, 0.111218, 0.267806
0.089202, 0.501562, 0.098450, 0.600576
0.089318, 0.663814, 0.085459, 0.765227
0.089489, 0.559745, 0.094890, 0.662234
0.089667, 1.000000, -0.950636, 0.000000
0.089718, 0.978104, -0.949304, -0.007902
0.089736, 0.277839, 0.109596, 0.346549
0.089865, 0.159263, 0.114484, 0.204042
0.090038, 0.864480, 0.046142, 0.912849
0.090101, 0.144620, 0.115355, 0.185934
0.090304, 0.020661, 0.120097, 0.027386
0.090415, 0.000000, 0.120436, 0.000000
0.090458, 0.761588, 0.072933, 0.849169
0.090610, 0.031595, 0.120289, 0.041816
0.090851, 0.108405, 0.117895, 0.140829
0.090979, 0.297959, 0.110294, 0.370171
0.091138, 0.877452, 0.044154, 0.920175
0.091276, 0.956126, -0.945123, -0.016043
0.091289, 0.784956, 0.069132, 0.866324
0.091348, 0.172447, 0.115837, 0.220193
0.091468, 0.198116, 0.114920, 0.251349
0.091755, 0.571777, 0.096333, 0.674295
0.091846, 0.045107, 0.121515, 0.059533
0.091959, 0.724097, 0.080212, 0.818534
0.092072, 0.890353, 0.072501, 0.956664
0.092203, 0.524063, 0.100291, 0.624619
0.092305, 0.185600, 0.116517, 0.236223
0.092485, 0.072484, 0.121459, 0.095067
0.092595, 0.489150, 0.102951, 0.587037
0.092629, 0.617238, 0.093352, 0.720188
0.092760, 0.583490, 0.096442, 0.686231
0.092968, 0.903204, -0.190710, 0.696840
0.093085, 0.537858, 0.100294, 0.639160
0.094080, 0.476829, 0.105349, 0.573580
0.094128, 0.651036, 0.091412, 0.752703
0.094210, 0.331883, 0.112712, 0.409446
0.094295, 0.916192, -0.973106, -0.074550
0.094429, 0.805705, 0.066654, 0.879725
0.094575, 0.463781, 0.106666, 0.559217
0.094849, 0.131929, 0.121965, 0.170108
0.094942, 0.702333, 0.085891, 0.799498
0.095003, 0.682474, 0.088570, 0.781625
0.095033, 0.450606, 0.107931, 0.544618
0.095056, 0.319179, 0.114299, 0.394768
0.095182, 0.095817, 0.123924, 0.124743
0.095498, 0.265309, 0.117117, 0.331519
0.095823, 0.437250, 0.109562, 0.529706
0.095865, 0.424301, 0.110308, 0.515217
0.095877, 0.058389, 0.126302, 0.076756
0.095952, 0.737230, 0.081506, 0.828752
0.095974, 0.245027, 0.118496, 0.307294
0.096049, 0.929305, -0.927373, -0.017652
0.096254, 0.772945, 0.075215, 0.856490
0.096400, 0.988975, -0.947761, -0.004391
0.096450, 0.410991, 0.111669, 0.500182
0.096809, 0.397762, 0.112752, 0.485173
0.097064, 0.967283, -0.945095, -0.012907
0.097140, 0.287407, 0.118154, 0.357434
0.097153, 0.550939, 0.103643, 0.652551
0.097213, 0.604248, 0.099156, 0.706788
0.097218, 0.232661, 0.120526, 0.292443
0.097332, 0.942667, -0.939371, -0.021995
0.097339, 0.010676, 0.129204, 0.014119
0.097501, 0.346581, 0.115992, 0.426455
0.097517, 0.638228, 0.096058, 0.740085
0.097529, 0.372432, 0.114834, 0.456267
0.097656, 0.385288, 0.114366, 0.470986
0.097805, 0.671400, 0.092520, 0.771116
0.097830, 0.359824, 0.115782, 0.441766
0.097909, 0.219870, 0.121922, 0.277109
0.098768, 0.510906, 0.108296, 0.610016
0.098857, 0.119128, 0.127566, 0.153941
0.098948, 0.306663, 0.119492, 0.379940
0.098999, 0.830781, 0.062492, 0.893611
0.099062, 0.817579, 0.066435, 0.885901
0.099151, 0.750960, 0.081671, 0.839184
0.099580, 0.152540, 0.126960, 0.195324
0.099627, 0.843862, 0.058521, 0.900268
0.099817, 0.082909, 0.130341, 0.108139
0.099903, 0.795619, 0.072737, 0.871709
0.100066, 0.713873, 0.088682, 0.808595
0.100397, 0.205750, 0.125598, 0.260011
0.100791, 0.856886, 0.054337, 0.905988
0.101077, 0.498248, 0.111703, 0.596300
0.101103, 0.591706, 0.104270, 0.693866
0.101495, 0.625995, 0.101250, 0.727865
0.101751, 0.254612, 0.125225, 0.318633
0.101802, 0.036006, 0.134262, 0.047326
0.101945, 0.164686, 0.129464, 0.210278
0.102040, 0.869841, 0.057736, 0.918912
0.102370, 0.530140, 0.110788, 0.630173
0.102424, 0.692867, 0.093869, 0.790040
0.102513, 0.659544, 0.098379, 0.759629
0.102610, 0.564261, 0.108287, 0.665845
0.102812, 0.276114, 0.125538, 0.343960
0.103028, 0.177982, 0.130248, 0.226530
0.103051, 0.577627, 0.107556, 0.679354
0.103158, 0.022743, 0.136395, 0.029944
0.103171, 0.882704, 0.094868, 0.963347
0.103195, 0.106478, 0.133609, 0.137886
0.103268, 1.000000, -0.945214, 0.000000
0.103442, 0.955379, -0.940402, -0.018756
0.103582, 0.977973, -0.943941, -0.009477
0.103743, 0.141444, 0.132692, 0.181442
0.103764, 0.727745, 0.089557, 0.819657
0.103881, 0.783877, 0.078307, 0.862623
0.103901, 0.047666, 0.136679, 0.062507
0.104014, 0.069224, 0.136136, 0.090409
0.104077, 0.762449, 0.083263, 0.846906
0.104138, 0.895492, -0.403336, 0.468878
0.104172, 0.000000, 0.137895, 0.000000
0.104331, 0.191548, 0.131175, 0.242808
0.105010, 0.908287, -0.961733, -0.075134
0.105154, 0.613432, 0.106198, 0.715143
0.105188, 0.484060, 0.117188, 0.580595
0.105278, 0.296492, 0.127560, 0.367714
0.105334, 0.470575, 0.118280, 0.566040
0.105666, 0.338837, 0.126044, 0.417126
0.105779, 0.457214, 0.119641, 0.551295
0.105959, 0.541360, 0.113739, 0.641764
0.105994, 0.326226, 0.127068, 0.402586
0.106085, 0.444019, 0.120811, 0.536648
0.106354, 0.519579, 0.115865, 0.618499
0.106491, 0.646942, 0.103697, 0.747320
0.106527, 0.921327, -0.930390, -0.033518
0.106753, 0.418026, 0.123125, 0.507540
0.106952, 0.314789, 0.128722, 0.389093
0.107113, 0.681018, 0.099785, 0.778661
0.107190, 0.404095, 0.124397, 0.491704
0.107192, 0.430472, 0.122883, 0.521449
0.107463, 0.093501, 0.139545, 0.121294
0.107569, 0.128853, 0.138062, 0.165641
0.107611, 0.741095, 0.090250, 0.829806
0.107619, 0.241519, 0.132928, 0.302638
0.107976, 0.352510, 0.128093, 0.432835
0.107980, 0.807183, 0.074893, 0.876983
0.108254, 0.216037, 0.134824, 0.272002
0.108373, 0.264770, 0.132836, 0.330389
0.108465, 0.378532, 0.127303, 0.462671
0.108511, 0.934093, -0.931336, -0.026739
0.108592, 0.229111, 0.134700, 0.287790
0.108866, 0.552807, 0.115840, 0.653477
0.108869, 0.365866, 0.128461, 0.448187
0.108909, 0.391798, 0.127100, 0.477783
0.108946, 0.703597, 0.097995, 0.798314
0.109098, 0.772821, 0.084636, 0.853462
0.109365, 0.600711, 0.111752, 0.702143
0.109371, 0.822266, 0.071041, 0.885409
0.109829, 0.057309, 0.143912, 0.074857
0.110091, 0.945232, -0.935290, -0.024332
0.110154, 0.988889, -0.941887, -0.005136
0.110233, 0.836061, 0.066633, 0.892383
0.110353, 0.966319, -0.939539, -0.015359
0.110359, 0.634709, 0.108905, 0.735250
0.110515, 0.011183, 0.145769, 0.014675
0.110672, 0.668867, 0.104758, 0.767155
0.111078, 0.718263, 0.097351, 0.810422
0.111239, 0.285932, 0.135268, 0.355111
0.111395, 0.495514, 0.123198, 0.592524
0.111424, 0.849280, 0.062050, 0.898184
0.111434, 0.080182, 0.145029, 0.104147
0.111442, 0.153534, 0.141767, 0.196026
0.111559, 0.202178, 0.139520, 0.255109
0.111572, 0.508160, 0.122434, 0.606173
0.111683, 0.116774, 0.143829, 0.150439
0.111971, 0.753633, 0.091113, 0.838643
0.111975, 0.587322, 0.115785, 0.688466
0.112334, 0.793757, 0.081486, 0.867165
0.112395, 0.032006, 0.147764, 0.041895
0.112806, 0.862282, 0.068740, 0.914499
0.113014, 0.167837, 0.143072, 0.213539
0.113494, 0.305429, 0.136983, 0.377736
0.113521, 0.574335, 0.118684, 0.675188
0.113947, 0.622038, 0.113921, 0.722573
0.114010, 0.251562, 0.140262, 0.314291
0.114164, 0.875159, 0.068291, 0.919933
0.114605, 0.181193, 0.144422, 0.229783
0.114693, 0.530502, 0.123939, 0.629465
0.115061, 0.655867, 0.110647, 0.754538
0.115310, 0.887932, -0.666817, 0.190882
0.115340, 0.103939, 0.148961, 0.134129
0.115418, 0.691211, 0.105677, 0.786435
0.115787, 0.138917, 0.147794, 0.177648
0.115837, 0.043742, 0.151898, 0.057120
0.115910, 0.563173, 0.122254, 0.663561
0.115929, 0.731164, 0.098929, 0.820103
0.116173, 0.332224, 0.138823, 0.408891
0.116203, 0.900715, -0.926715, -0.053221
0.116230, 0.275165, 0.141865, 0.342296
0.116372, 0.410984, 0.134547, 0.498902
0.116505, 0.475139, 0.130357, 0.570093
0.116639, 0.462734, 0.131412, 0.556514
0.116716, 0.067531, 0.152139, 0.087751
0.116816, 0.913687, -0.925955, -0.042197
0.116818, 1.000000, -0.938981, 0.000000
0.116943, 0.437064, 0.133536, 0.528140
0.117025, 0.977480, -0.937849, -0.011011
0.117042, 0.781508, 0.088016, 0.857691
0.117101, 0.449899, 0.132834, 0.542346
0.117261, 0.954886, -0.934406, -0.021677
0.117430, 0.345018, 0.139632, 0.423646
0.117516, 0.021030, 0.154390, 0.027488
0.117648, 0.609402, 0.119069, 0.709808
0.117694, 0.000000, 0.154764, 0.000000
0.118185, 0.318453, 0.141911, 0.392697
0.118426, 0.540913, 0.126970, 0.639961
0.118468, 0.814790, 0.078801, 0.877970
0.118469, 0.212669, 0.147559, 0.267470
0.118592, 0.486548, 0.131778, 0.582183
0.118698, 0.927475, -0.926195, -0.033363
0.118722, 0.192401, 0.148891, 0.243039
0.118733, 0.766386, 0.093204, 0.846524
0.118736, 0.358300, 0.140428, 0.438882
0.118863, 0.710096, 0.105409, 0.802099
0.118941, 0.679166, 0.110773, 0.775289
0.119016, 0.423228, 0.136803, 0.512548
0.119044, 0.384520, 0.139249, 0.468816
0.119201, 0.225222, 0.147930, 0.282680
0.119262, 0.643614, 0.116303, 0.742551
0.119358, 0.520457, 0.129835, 0.618614
0.119460, 0.295229, 0.144667, 0.365530
0.119541, 0.090726, 0.154756, 0.117217
0.119726, 0.238298, 0.147911, 0.298271
0.119790, 0.262537, 0.146750, 0.327038
0.119965, 0.398876, 0.139434, 0.485009
0.120064, 0.371940, 0.141219, 0.454520
0.120115, 0.743181, 0.099755, 0.828647
0.120325, 0.828593, 0.074507, 0.884522
0.120406, 0.551937, 0.128025, 0.651328
0.120719, 0.127101, 0.154668, 0.162928
0.120866, 0.801554, 0.084610, 0.869343
0.120992, 0.596264, 0.123939, 0.696396
0.121892, 0.841835, 0.069592, 0.890027
0.122019, 0.941372, -0.929236, -0.028896
0.122298, 0.054478, 0.159553, 0.070773
0.122325, 0.665382, 0.116012, 0.762081
0.122512, 0.147340, 0.155798, 0.187776
0.122648, 0.499580, 0.135152, 0.595843
0.122672, 0.630685, 0.121320, 0.729781
0.122937, 0.159760, 0.155783, 0.203121
0.123307, 0.698999, 0.111253, 0.791779
0.123437, 0.854811, 0.080815, 0.910830
0.123446, 0.583347, 0.127892, 0.683180
0.123546, 0.078121, 0.160230, 0.101012
0.123556, 0.755716, 0.099441, 0.837336
0.123631, 0.988685, -0.935336, -0.005854
0.123667, 0.965981, -0.933280, -0.017390
0.123755, 0.722079, 0.107153, 0.811163
0.123919, 0.114216, 0.159227, 0.146657
0.124087, 0.510434, 0.135796, 0.607421
0.124566, 0.010517, 0.163298, 0.013709
0.124576, 0.032253, 0.163044, 0.041989
0.124898, 0.172537, 0.157582, 0.218677
0.124982, 0.867651, -0.007218, 0.827341
0.125199, 0.203338, 0.156320, 0.255918
0.125540, 0.307998, 0.151284, 0.380196
0.125612, 0.284721, 0.152640, 0.352943
0.125775, 0.571005, 0.131641, 0.670417
0.126051, 0.789916, 0.091571, 0.860404
0.126082, 0.250033, 0.154968, 0.311728
0.126312, 0.326601, 0.151166, 0.401823
0.126335, 0.617904, 0.126577, 0.716982
0.126432, 0.880382, -0.854494, -0.010574
0.127129, 0.100993, 0.163729, 0.129825
0.127211, 0.411323, 0.146966, 0.498669
0.127356, 0.775533, 0.096883, 0.850396
0.127498, 0.892970, -0.893969, -0.035141
0.127717, 0.431537, 0.146116, 0.521191
0.127915, 0.338541, 0.152405, 0.415663
0.128031, 0.652758, 0.123240, 0.749682
0.128072, 0.918199, -0.919962, -0.041074
0.128155, 0.455713, 0.144820, 0.548005
0.128162, 0.905556, -0.916845, -0.048164
0.128276, 0.467684, 0.144005, 0.561098
0.128295, 0.184037, 0.161164, 0.232468
0.128332, 0.531259, 0.138428, 0.629152
0.128422, 0.272475, 0.156691, 0.338370
0.128570, 0.389868, 0.149956, 0.474306
0.128658, 0.443151, 0.146343, 0.534113
0.128874, 0.065084, 0.167307, 0.084140
0.129093, 0.479637, 0.143924, 0.574001
0.129168, 0.734426, 0.108848, 0.819835
0.129215, 0.351056, 0.153195, 0.430034
0.129398, 0.558571, 0.136728, 0.657262
0.129414, 0.363803, 0.152606, 0.444555
0.129423, 0.216614, 0.160844, 0.271734
0.129484, 0.676387, 0.120712, 0.770815
0.129501, 0.809088, 0.086987, 0.870564
0.129512, 0.042954, 0.168872, 0.055707
0.129553, 0.953516, -0.928334, -0.024592
0.129734, 0.604984, 0.131606, 0.703903
0.129964, 0.688107, 0.119037, 0.781252
0.130192, 0.821601, 0.082166, 0.876753
0.130236, 1.000000, -0.932089, 0.000000
0.130274, 0.136699, 0.165946, 0.174225
0.130438, 0.977281, -0.931048, -0.012291
0.130470, 0.229274, 0.161485, 0.286911
0.130498, 0.544667, 0.139347, 0.642732
0.130528, 0.931645, -0.922635, -0.035330
0.130642, 0.709657, 0.115442, 0.799253
0.130663, 0.491937, 0.144574, 0.587051
0.131257, 0.639359, 0.128311, 0.736757
0.131293, 0.021315, 0.171530, 0.027676
0.131327, 0.260437, 0.160815, 0.323879
0.131564, 0.377705, 0.154208, 0.460235
0.131603, 0.000000, 0.172085, 0.000000
0.131619, 0.298083, 0.159130, 0.368321
0.132161, 0.834502, 0.077594, 0.882204
0.132197, 0.088160, 0.170591, 0.113404
0.132205, 0.747908, 0.107886, 0.829332
0.132746, 0.519172, 0.144339, 0.616108
0.132830, 0.317209, 0.159455, 0.390525
0.132836, 0.241014, 0.163706, 0.300740
0.132981, 0.592129, 0.136483, 0.690782
0.133160, 0.194971, 0.166565, 0.245434
0.133169, 0.123799, 0.170279, 0.158188
0.133183, 0.762497, 0.104656, 0.839679
0.133258, 0.421661, 0.153108, 0.509690
0.133430, 0.150524, 0.169183, 0.191162
0.133501, 0.400755, 0.154936, 0.486405
0.133931, 0.847384, 0.097464, 0.911318
0.134111, 0.665761, 0.126735, 0.760492
0.134748, 0.163831, 0.170146, 0.207449
0.134974, 0.626406, 0.133784, 0.723928
0.135177, 0.720893, 0.116754, 0.807427
0.135348, 0.075821, 0.174885, 0.097571
0.135380, 0.505679, 0.148470, 0.601490
0.135516, 0.579720, 0.140587, 0.678062
0.135618, 0.053027, 0.176069, 0.068466
0.135653, 0.860203, -0.124433, 0.692919
0.135681, 0.799017, 0.094371, 0.862413
0.135859, 0.110606, 0.174113, 0.141480
0.136143, 0.942785, -0.922820, -0.031345
0.136424, 0.965458, -0.926601, -0.019300
0.136791, 0.698502, 0.122921, 0.788714
0.137000, 0.988580, -0.928149, -0.006464
0.137311, 0.872948, -0.932566, -0.102524
0.137419, 0.785110, 0.100342, 0.853458
0.137475, 0.567161, 0.144106, 0.665097
0.137537, 0.288989, 0.166738, 0.357300
0.137649, 0.207174, 0.171415, 0.259920
0.137858, 0.032251, 0.179512, 0.041727
0.137926, 0.329401, 0.164758, 0.404387
0.138213, 0.175704, 0.173808, 0.221786
0.138457, 0.010779, 0.180518, 0.013956
0.138534, 0.613486, 0.139111, 0.710978
0.138769, 0.277921, 0.168846, 0.344181
0.138866, 0.885587, -0.892112, -0.048645
0.138967, 0.773228, 0.105337, 0.845220
0.139116, 0.922053, -0.915864, -0.042498
0.139173, 0.098129, 0.178724, 0.125634
0.139244, 0.448223, 0.157799, 0.538733
0.139253, 0.342421, 0.165513, 0.419393
0.139535, 0.656430, 0.133310, 0.751068
0.139630, 0.367689, 0.164263, 0.448306
0.139721, 0.434029, 0.159462, 0.522920
0.139756, 0.897936, -0.905659, -0.052412
0.139907, 0.538381, 0.149926, 0.635263
0.140061, 0.307731, 0.168670, 0.379160
0.140089, 0.472379, 0.156649, 0.565006
0.140102, 0.388998, 0.163344, 0.472571
0.140103, 0.910219, -0.911724, -0.048656
0.140207, 0.460151, 0.157854, 0.551703
0.140288, 0.813197, 0.090776, 0.867871
0.140325, 0.410956, 0.161998, 0.497348
0.140361, 0.552707, 0.148772, 0.649865
0.140432, 0.730660, 0.118574, 0.813877
0.140555, 0.252828, 0.172473, 0.314453
0.140781, 0.678059, 0.130443, 0.770287
0.140836, 0.645402, 0.136379, 0.740660
0.140918, 0.219513, 0.174715, 0.274549
0.140921, 0.355416, 0.166556, 0.434046
0.141287, 0.266207, 0.172566, 0.330225
0.141375, 0.483839, 0.157007, 0.577249
0.141393, 0.063119, 0.182806, 0.081159
0.141594, 0.495641, 0.156122, 0.589906
0.141962, 0.600618, 0.144305, 0.697968
0.141972, 0.741708, 0.116835, 0.822045
0.141982, 0.526990, 0.153378, 0.623305
0.142070, 0.826468, 0.087189, 0.875087
0.142227, 0.187043, 0.178121, 0.235341
0.142668, 0.142313, 0.180869, 0.180420
0.142730, 0.230858, 0.176278, 0.288019
0.142896, 0.954287, -0.921380, -0.026397
0.142935, 0.710117, 0.125524, 0.796976
0.143575, 1.000000, -0.924589, 0.000000
0.143590, 0.131431, 0.182688, 0.167048
0.143601, 0.754140, 0.114452, 0.830669
0.143744, 0.976958, -0.923652, -0.013535
0.143749, 0.042759, 0.186491, 0.055105
0.144146, 0.839559, 0.120707, 0.917510
0.144176, 0.633684, 0.141447, 0.729222
0.144276, 0.932023, -0.915961, -0.038776
0.144435, 0.156031, 0.182463, 0.197341
0.144455, 0.688496, 0.131563, 0.778563
0.144625, 0.241941, 0.177970, 0.301176
0.144861, 0.514313, 0.157784, 0.609587
0.145118, 0.378438, 0.169919, 0.460275
0.145125, 0.021720, 0.188628, 0.028026
0.145326, 0.085203, 0.186800, 0.109020
0.145353, 0.000000, 0.189068, 0.000000
0.145356, 0.118662, 0.185430, 0.151047
0.145421, 0.587918, 0.149511, 0.684989
0.145807, 0.318807, 0.174761, 0.391607
0.145929, 0.422333, 0.167483, 0.509632
0.146044, 0.298203, 0.176409, 0.367704
0.146071, 0.852537, -0.274650, 0.525337
0.146435, 0.199098, 0.182620, 0.249709
0.146623, 0.792444, 0.103155, 0.854182
0.146777, 0.399433, 0.170244, 0.483848
0.146810, 0.667254, 0.137916, 0.759561
0.146832, 0.073407, 0.189167, 0.094068
0.147464, 0.575597, 0.153237, 0.672426
0.147487, 0.562464, 0.154953, 0.659048
0.147509, 0.765272, 0.113675, 0.837030
0.147577, 0.621424, 0.146667, 0.717118
0.147933, 0.865474, -0.944800, -0.129155
0.148040, 0.167685, 0.186318, 0.211466
0.148360, 0.805027, 0.098751, 0.860223
0.148478, 0.720936, 0.127367, 0.804201
0.148693, 0.442352, 0.168862, 0.531396
0.148808, 0.332226, 0.177409, 0.406924
0.148889, 0.107493, 0.190330, 0.136954
0.149570, 0.965636, -0.919132, -0.020719
0.149668, 0.285545, 0.181482, 0.352537
0.149679, 0.878420, -0.892120, -0.064062
0.149688, 0.053041, 0.193471, 0.068092
0.149697, 0.503322, 0.164125, 0.597360
0.149728, 0.943344, -0.915605, -0.033738
0.149925, 0.545295, 0.159606, 0.641198
0.149974, 0.700256, 0.133643, 0.787196
0.150196, 0.988193, -0.920434, -0.007191
0.150232, 0.778364, 0.110831, 0.844376
0.150490, 0.211454, 0.186882, 0.264386
0.150522, 0.344668, 0.178555, 0.421111
0.150584, 0.095516, 0.192922, 0.121842
0.150891, 0.918580, -0.908921, -0.047620
0.150908, 0.608820, 0.151875, 0.704540
0.151007, 0.654317, 0.144179, 0.746983
0.151043, 0.366780, 0.177636, 0.446558
0.151073, 0.467254, 0.169225, 0.558356
0.151359, 0.891486, -0.898132, -0.059991
0.151447, 0.273516, 0.184386, 0.338312
0.151664, 0.904476, -0.904009, -0.055009
0.151733, 0.032675, 0.196595, 0.042014
0.151783, 0.818473, 0.098347, 0.869417
0.151959, 0.260399, 0.185790, 0.322742
0.151995, 0.179082, 0.190571, 0.225172
0.152148, 0.011007, 0.197367, 0.014165
0.152201, 0.454175, 0.171724, 0.544106
0.152500, 0.733042, 0.127178, 0.812383
0.152538, 0.410434, 0.175945, 0.495742
0.152811, 0.355981, 0.180433, 0.433936
0.152920, 0.478822, 0.170141, 0.570780
0.153077, 0.534418, 0.164229, 0.629654
0.153101, 0.147837, 0.193531, 0.186790
0.153102, 0.490502, 0.169136, 0.583266
0.153166, 0.388130, 0.178474, 0.470656
0.153483, 0.223539, 0.189825, 0.278725
0.153537, 0.642146, 0.148761, 0.735477
0.153645, 0.431818, 0.175361, 0.519377
0.153988, 0.677681, 0.142116, 0.767214
0.154026, 0.248411, 0.189036, 0.308444
0.154045, 0.831556, 0.140106, 0.919297
0.154111, 0.745106, 0.124751, 0.820783
0.154241, 0.308671, 0.185487, 0.379404
0.154293, 0.595887, 0.157181, 0.691487
0.154375, 0.522368, 0.167019, 0.616936
0.154850, 0.125381, 0.196831, 0.158970
0.154910, 0.063896, 0.199514, 0.081744
0.155263, 0.190837, 0.193867, 0.239212
0.155314, 0.554802, 0.164000, 0.650279
0.155456, 0.235318, 0.191512, 0.292683
0.156212, 0.844550, -0.439123, 0.343690
0.156256, 0.711196, 0.136074, 0.794444
0.156354, 0.932133, -0.909482, -0.041497
0.156396, 0.953799, -0.913487, -0.028684
0.156715, 1.000000, -0.916672, 0.000000
0.156789, 0.630013, 0.153983, 0.723666
0.156990, 0.137172, 0.198912, 0.173482
0.157003, 0.323015, 0.187730, 0.395769
0.157030, 0.756521, 0.123050, 0.827726
0.157196, 0.787556, 0.111221, 0.846877
0.157216, 0.690826, 0.141925, 0.777566
0.157539, 0.976732, -0.915396, -0.014678
0.157575, 0.077024, 0.202395, 0.098318
0.157607, 0.159115, 0.198553, 0.200491
0.157624, 0.294984, 0.190380, 0.363116
0.157888, 0.582499, 0.162763, 0.677841
0.157909, 0.568807, 0.164762, 0.664207
0.158210, 0.376191, 0.185213, 0.456700
0.158217, 0.043457, 0.204304, 0.055672
0.158231, 0.857509, -0.910840, -0.110677
0.158339, 0.664012, 0.148847, 0.754218
0.158686, 0.510509, 0.172984, 0.604035
0.158854, 0.022101, 0.205481, 0.028349
0.158948, 0.000000, 0.205703, 0.000000
0.159002, 0.799247, 0.107302, 0.852744
0.159188, 0.420921, 0.182573, 0.506805
0.159296, 0.203533, 0.198058, 0.254327
0.159533, 0.088343, 0.204270, 0.112472
0.159678, 0.114398, 0.203199, 0.145012
0.159885, 0.768568, 0.120522, 0.834491
0.159979, 0.398725, 0.185425, 0.482039
0.160042, 0.617805, 0.159210, 0.711635
0.160168, 0.870503, -0.890176, -0.078532
0.160293, 0.336527, 0.190644, 0.411171
0.160529, 0.443535, 0.182015, 0.531737
0.160892, 0.723315, 0.136358, 0.802552
0.161015, 0.101794, 0.205562, 0.129314
0.161159, 0.811127, 0.106560, 0.861340
0.161393, 0.463188, 0.181004, 0.552963
0.161508, 0.170653, 0.202718, 0.214407
0.161710, 0.281689, 0.196167, 0.347308
0.161855, 0.883600, -0.890083, -0.067932
0.162055, 0.964129, -0.911258, -0.022980
0.162234, 0.498279, 0.178168, 0.590601
0.162341, 0.921957, -0.903463, -0.048739
0.162390, 0.910106, -0.900232, -0.055403
0.162581, 0.268369, 0.198050, 0.331497
0.162765, 0.651106, 0.155482, 0.741826
0.162861, 0.349364, 0.192676, 0.425697
0.163086, 0.989495, -0.912388, -0.006822
0.163107, 0.605633, 0.164240, 0.699521
0.163325, 0.544134, 0.173677, 0.638301
0.163473, 0.216471, 0.202419, 0.269711
0.163544, 0.362991, 0.192394, 0.441180
0.163571, 0.054503, 0.210522, 0.069587
0.163586, 0.943407, -0.907440, -0.036184
0.163677, 0.897009, -0.895299, -0.062748
0.163799, 0.701546, 0.144684, 0.784672
0.163873, 0.255064, 0.200477, 0.315708
0.163941, 0.823748, 0.135209, 0.896336
0.164113, 0.474950, 0.182806, 0.565554
0.164362, 0.735674, 0.135129, 0.810614
0.164755, 0.531169, 0.176880, 0.624852
0.164854, 0.409271, 0.190022, 0.493315
0.164907, 0.778929, 0.119375, 0.838534
0.165287, 0.683361, 0.150513, 0.769205
0.165357, 0.182382, 0.206745, 0.228455
0.165367, 0.148190, 0.208621, 0.186646
0.165431, 0.315216, 0.198188, 0.386046
0.165433, 0.486325, 0.183009, 0.577684
0.165568, 0.033393, 0.213511, 0.042686
0.165585, 0.241894, 0.203374, 0.299940
0.165629, 0.010798, 0.213826, 0.013810
0.165701, 0.387218, 0.192947, 0.468601
0.165761, 0.558034, 0.174241, 0.651942
0.166043, 0.638705, 0.160969, 0.729937
0.166158, 0.593576, 0.169220, 0.687346
0.166231, 0.836455, -0.590117, 0.175972
0.166245, 0.228364, 0.205036, 0.283779
0.166483, 0.432386, 0.189744, 0.518896
0.166515, 0.127791, 0.211128, 0.161457
0.166565, 0.671359, 0.154453, 0.758696
0.166590, 0.302372, 0.200457, 0.370999
0.166654, 0.067388, 0.213812, 0.085793
0.166656, 0.453745, 0.187784, 0.542167
0.166835, 0.518726, 0.180651, 0.611652
0.166933, 0.747430, 0.132942, 0.817948
0.167334, 0.194410, 0.208332, 0.242787
0.168405, 0.849184, -0.873355, -0.089857
0.168533, 0.571737, 0.175017, 0.665222
0.168897, 0.713690, 0.145324, 0.792777
0.169020, 0.328028, 0.201489, 0.400655
0.169284, 0.791191, 0.116474, 0.843450
0.169313, 0.626464, 0.166395, 0.718021
0.169750, 0.759267, 0.130332, 0.824607
0.169822, 0.932687, -0.901544, -0.043947
0.169874, 0.080167, 0.217342, 0.101824
0.169896, 0.290560, 0.205286, 0.357100
0.169915, 0.374920, 0.198805, 0.454266
0.169933, 0.582580, 0.174723, 0.675823
0.170112, 0.160694, 0.213765, 0.201745
0.170329, 0.980671, -0.907193, -0.012919
0.170464, 0.861851, -0.881197, -0.086917
0.170548, 1.000000, -0.907610, 0.000000
0.170708, 0.954275, -0.904629, -0.030339
0.170960, 0.970099, -0.906055, -0.019965
0.171060, 0.093133, 0.218194, 0.118012
0.171145, 0.659609, 0.161139, 0.747471
0.171295, 0.208366, 0.212401, 0.259501
0.171408, 0.505474, 0.187127, 0.597050
0.171428, 0.117889, 0.217529, 0.148866
0.171475, 0.803397, 0.114297, 0.850882
0.171508, 0.421472, 0.196439, 0.506348
0.171822, 0.137767, 0.217077, 0.173482
0.171871, 0.106074, 0.218674, 0.134174
0.172079, 0.021492, 0.221552, 0.027399
0.172192, 0.692965, 0.153809, 0.775484
0.172362, 0.340391, 0.204442, 0.414622
0.172472, 0.874330, -0.882061, -0.077838
0.172510, 0.045042, 0.221550, 0.057322
0.172619, 0.000000, 0.222381, 0.000000
0.172633, 0.614217, 0.171850, 0.705923
0.173008, 0.276084, 0.209886, 0.339695
0.173162, 0.467103, 0.193569, 0.556169
0.173217, 0.725945, 0.144743, 0.800572
0.173300, 0.262060, 0.211274, 0.323285
0.173417, 0.442823, 0.196409, 0.529570
0.173493, 0.397295, 0.200882, 0.479013
0.173710, 0.815692, 0.119577, 0.862330
0.173782, 0.920422, -0.896300, -0.052423
0.173815, 0.770390, 0.128117, 0.829495
0.174006, 0.886282, -0.885655, -0.071850
0.174027, 0.908410, -0.893097, -0.059719
0.174073, 0.352713, 0.205399, 0.428498
0.174408, 0.173130, 0.218306, 0.216685
0.175094, 0.647394, 0.167380, 0.735826
0.175134, 0.550012, 0.185016, 0.642674
0.175355, 0.537963, 0.186996, 0.630429
0.175357, 0.363806, 0.205992, 0.441108
0.175439, 0.248962, 0.214772, 0.307704
0.175487, 0.493922, 0.192961, 0.584576
0.175633, 0.602075, 0.176962, 0.693824
0.175658, 0.409605, 0.202211, 0.492618
0.175910, 0.308695, 0.211052, 0.377742
0.175941, 0.058045, 0.225438, 0.073705
0.176137, 0.897265, -0.888436, -0.066755
0.176223, 0.828278, -0.699010, 0.050404
0.176248, 0.678842, 0.160888, 0.762538
0.176412, 0.235034, 0.216857, 0.291066
0.176516, 0.563225, 0.184386, 0.655643
0.176738, 0.738073, 0.143009, 0.807882
0.176964, 0.526008, 0.190335, 0.617863
0.177054, 0.704771, 0.154305, 0.783424
0.177079, 0.480193, 0.196335, 0.569782
0.177128, 0.221088, 0.218702, 0.274459
0.177605, 0.942749, -0.898477, -0.038840
0.177663, 0.150273, 0.223518, 0.188538
0.177692, 0.197940, 0.220696, 0.246433
0.177846, 0.782259, 0.124614, 0.833860
0.177858, 0.989397, -0.902523, -0.007289
0.178004, 0.320549, 0.212643, 0.391385
0.178018, 0.384504, 0.207267, 0.464387
0.178219, 0.031969, 0.228772, 0.040616
0.178326, 0.185379, 0.222179, 0.231154
0.178375, 0.513892, 0.193436, 0.604981
0.178392, 0.455917, 0.200518, 0.543327
0.178501, 0.071124, 0.228081, 0.090095
0.178514, 0.840937, -0.853856, -0.087580
0.178633, 0.635123, 0.173251, 0.724017
0.179311, 0.590046, 0.182688, 0.681579
0.179373, 0.010805, 0.230557, 0.013738
0.179519, 0.963271, -0.899727, -0.025329
0.179588, 0.750021, 0.140257, 0.814623
0.180024, 0.431572, 0.204931, 0.516523
0.180030, 0.285581, 0.217641, 0.350469
0.180146, 0.667692, 0.167026, 0.752211
0.180676, 0.126613, 0.228457, 0.159276
0.180734, 0.853627, -0.869247, -0.092326
0.181110, 0.298159, 0.217978, 0.365062
0.181197, 0.576921, 0.186831, 0.668488
0.181248, 0.085212, 0.230981, 0.107710
0.181347, 0.794772, 0.119057, 0.836972
0.181759, 0.716593, 0.154113, 0.790820
0.181814, 0.622952, 0.178749, 0.712205
0.181894, 0.332839, 0.216251, 0.405322
0.182374, 0.098768, 0.231764, 0.124584
0.182503, 0.162935, 0.228679, 0.203739
0.182667, 0.930652, -0.893000, -0.047673
0.182692, 0.112981, 0.231586, 0.142299
0.182727, 0.268474, 0.222071, 0.330163
0.182874, 0.372129, 0.213958, 0.449978
0.182939, 0.866310, -0.873456, -0.086388
0.182977, 0.687188, 0.164147, 0.767515
0.183082, 0.761597, 0.137347, 0.820035
0.183451, 0.976774, -0.898077, -0.016318
0.183475, 0.209346, 0.227094, 0.259938
0.183698, 0.418860, 0.210397, 0.502226
0.183704, 0.807263, 0.097109, 0.820776
0.184061, 0.656184, 0.173266, 0.741386
0.184268, 0.139786, 0.232036, 0.175244
0.184350, 1.000000, -0.898180, 0.000000
0.184501, 0.041257, 0.236247, 0.052271
0.184593, 0.345369, 0.218326, 0.419435
0.184616, 0.467958, 0.205940, 0.555617
0.184724, 0.445216, 0.208685, 0.530962
0.185024, 0.952322, -0.894823, -0.033414
0.185256, 0.917246, -0.888415, -0.056969
0.185286, 0.610718, 0.184502, 0.700115
0.185302, 0.878922, -0.876917, -0.080137
0.185378, 0.404611, 0.213674, 0.486062
0.185499, 0.256678, 0.226254, 0.316096
0.185608, 0.503917, 0.202430, 0.593604
0.185810, 0.728675, 0.152727, 0.797958
0.185919, 0.021592, 0.238369, 0.027370
0.186032, 0.819779, -0.748568, -0.016397
0.186098, 0.697436, 0.163576, 0.774803
0.186234, 0.243248, 0.228059, 0.300119
0.186264, 0.000000, 0.238977, 0.000000
0.186394, 0.357950, 0.219229, 0.433452
0.186570, 0.051912, 0.238522, 0.065674
0.186644, 0.392931, 0.216303, 0.473015
0.186667, 0.904485, -0.884322, -0.065431
0.186676, 0.490851, 0.205320, 0.579811
0.186754, 0.554582, 0.196098, 0.645279
0.186829, 0.542628, 0.198085, 0.633322
0.186839, 0.773450, 0.133464, 0.824416
0.187121, 0.566597, 0.194460, 0.657162
0.187213, 0.891037, -0.879993, -0.073813
0.187223, 0.310719, 0.224226, 0.379233
0.187280, 0.174497, 0.233746, 0.217481
0.187462, 0.644121, 0.179174, 0.730007
0.187625, 0.230222, 0.230666, 0.284586
0.187709, 0.530609, 0.200827, 0.620960
0.188184, 0.598769, 0.189633, 0.688275
0.188309, 0.277585, 0.228109, 0.340558
0.188316, 0.196174, 0.233702, 0.243688
0.188468, 0.832434, -0.844378, -0.096005
0.188589, 0.517951, 0.203600, 0.607794
0.188770, 0.063464, 0.240836, 0.080142
0.189254, 0.740780, 0.150222, 0.804600
0.189478, 0.676193, 0.172581, 0.756731
0.189546, 0.076191, 0.241254, 0.096046
0.189625, 0.478674, 0.210048, 0.566454
0.189766, 0.153388, 0.238041, 0.191678
0.190060, 0.323203, 0.226519, 0.393410
0.190329, 0.785720, 0.127098, 0.826642
0.190770, 0.988338, -0.893568, -0.008405
0.190784, 0.845140, -0.858770, -0.099652
0.190823, 0.218454, 0.235359, 0.270385
0.190922, 0.381220, 0.222322, 0.459476
0.190923, 0.708286, 0.163695, 0.781488
0.190937, 0.456264, 0.214225, 0.542175
0.191005, 0.585915, 0.194821, 0.675400
0.191097, 0.965681, -0.892001, -0.024687
0.191125, 0.184584, 0.237794, 0.229481
0.191229, 0.631682, 0.185464, 0.718021
0.191589, 0.436487, 0.217265, 0.520656
0.191648, 0.940458, -0.888777, -0.042501
0.191700, 0.289818, 0.231219, 0.354668
0.192445, 0.129861, 0.242427, 0.162579
0.192484, 0.105041, 0.243758, 0.131948
0.192529, 0.752680, 0.146936, 0.810340
0.192556, 0.090541, 0.244335, 0.113848
0.192656, 0.031954, 0.246410, 0.040390
0.193047, 0.857928, -0.864291, -0.094784
0.193089, 0.011047, 0.247194, 0.013970
0.193171, 0.425721, 0.220212, 0.508629
0.193368, 0.798360, 0.094286, 0.798739
0.193418, 0.118190, 0.244256, 0.148170
0.193437, 0.665201, 0.178945, 0.746528
0.194229, 0.619486, 0.190973, 0.706271
0.194335, 0.368807, 0.227402, 0.445105
0.194380, 0.335681, 0.230485, 0.407378
0.194451, 0.926503, -0.884335, -0.052609
0.194511, 0.412440, 0.223135, 0.493770
0.194541, 0.301363, 0.233625, 0.367838
0.194822, 0.719678, 0.162364, 0.788214
0.194973, 0.574692, 0.200797, 0.663762
0.195338, 0.686836, 0.174113, 0.763478
0.195348, 0.870912, -0.868247, -0.088373
0.195373, 0.266238, 0.237318, 0.326654
0.195646, 0.205597, 0.241964, 0.254593
0.195730, 0.166057, 0.244599, 0.206841
0.195833, 0.810954, -0.774226, -0.060208
0.196010, 0.764585, 0.142845, 0.814972
0.196042, 0.251991, 0.239110, 0.309719
0.196065, 0.143356, 0.246131, 0.178982
0.196595, 0.653633, 0.184763, 0.735885
0.196723, 0.346867, 0.232157, 0.419881
0.196781, 0.912389, -0.879777, -0.062691
0.196997, 0.954443, -0.886717, -0.033293
0.197074, 0.977247, -0.888590, -0.016714
0.197112, 0.466478, 0.219671, 0.552335
0.197407, 0.400108, 0.227756, 0.479912
0.197417, 0.499712, 0.215528, 0.587610
0.197422, 0.043623, 0.252007, 0.055019
0.197590, 1.000000, -0.888798, 0.000000
0.197651, 0.898337, -0.875682, -0.072206
0.197877, 0.239442, 0.242288, 0.294821
0.198087, 0.511523, 0.214498, 0.599768
0.198115, 0.607048, 0.197313, 0.693933
0.198117, 0.357770, 0.232782, 0.432212
0.198188, 0.561798, 0.206324, 0.650509
0.198189, 0.549298, 0.208524, 0.638129
0.198227, 0.823541, -0.836504, -0.106629
0.198260, 0.884211, -0.871206, -0.081329
0.198444, 0.446555, 0.223678, 0.530912
0.198521, 0.731600, 0.160018, 0.794644
0.198735, 0.536950, 0.211158, 0.625655
0.198737, 0.698097, 0.173023, 0.771023
0.198899, 0.487926, 0.218767, 0.575026
0.199016, 0.313918, 0.237817, 0.382004
0.199374, 0.524632, 0.213811, 0.613064
0.199380, 0.641204, 0.190425, 0.724376
0.199477, 0.776710, 0.136764, 0.817434
0.199718, 0.079806, 0.253455, 0.100206
0.199730, 0.000000, 0.255291, 0.000000
0.199913, 0.022173, 0.255347, 0.027962
0.199938, 0.594765, 0.201647, 0.682001
0.200058, 0.055350, 0.254875, 0.069676
0.200059, 0.279107, 0.241865, 0.341376
0.200106, 0.388596, 0.232026, 0.466815
0.200327, 0.227174, 0.246131, 0.280108
0.200333, 0.192149, 0.248465, 0.238084
0.200685, 0.836119, -0.848933, -0.108393
0.200801, 0.067086, 0.255312, 0.084317
0.201933, 0.743751, 0.156558, 0.800443
0.201941, 0.178035, 0.251334, 0.220968
0.201946, 0.476037, 0.223640, 0.561939
0.201973, 0.326564, 0.240136, 0.396276
0.202242, 0.098288, 0.255803, 0.123112
0.202264, 0.155520, 0.253037, 0.193570
0.202397, 0.675463, 0.183280, 0.752245
0.202538, 0.789248, 0.104849, 0.790422
0.203029, 0.848562, -0.854583, -0.103882
0.203183, 0.133515, 0.255248, 0.166530
0.203507, 0.214979, 0.250788, 0.265324
0.203621, 0.376412, 0.237262, 0.452758
0.203712, 0.945030, -0.880717, -0.040887
0.203712, 0.420427, 0.232512, 0.501515
0.203805, 0.628349, 0.197580, 0.711914
0.203810, 0.291701, 0.245291, 0.355806
0.203973, 0.434452, 0.231189, 0.516944
0.204019, 0.966006, -0.882723, -0.025468
0.204037, 0.988807, -0.883871, -0.008410
0.204062, 0.710114, 0.172502, 0.777770
0.204134, 0.582214, 0.208240, 0.669180
0.204611, 0.933841, -0.878509, -0.049133
0.204702, 0.109859, 0.258296, 0.137339
0.204802, 0.457226, 0.229282, 0.541618
0.205240, 0.860827, -0.858573, -0.097893
0.205315, 0.259470, 0.249598, 0.317873
0.205378, 0.755746, 0.152165, 0.805024
0.205398, 0.801921, -0.777048, -0.081734
0.205471, 0.122045, 0.258508, 0.152255
0.205992, 0.664044, 0.189706, 0.741894
0.206101, 0.920738, -0.875170, -0.058766
0.206139, 0.034172, 0.262758, 0.042984
0.206317, 0.616073, 0.202847, 0.700293
0.206498, 0.011449, 0.263403, 0.014407
0.206863, 0.087900, 0.261823, 0.110035
0.206921, 0.408175, 0.237550, 0.487777
0.207123, 0.304019, 0.248110, 0.369777
0.207291, 0.570427, 0.213664, 0.657209
0.207351, 0.686704, 0.183477, 0.759316
0.207388, 0.721896, 0.169930, 0.784338
0.207408, 0.872722, -0.861593, -0.091407
0.207447, 0.201806, 0.256403, 0.249258
0.207650, 0.364434, 0.243094, 0.438885
0.207930, 0.814599, -0.830227, -0.119194
0.207933, 0.339231, 0.245914, 0.410289
0.208026, 0.907044, -0.870903, -0.068809
0.208233, 0.651458, 0.195283, 0.730703
0.208555, 0.248061, 0.254359, 0.304215
0.208701, 0.270364, 0.252841, 0.330526
0.208741, 0.767631, 0.145492, 0.806816
0.208745, 0.166712, 0.260218, 0.206825
0.208793, 0.145178, 0.261456, 0.180548
0.208922, 0.894417, -0.867191, -0.077725
0.209035, 0.556750, 0.218016, 0.643487
0.209099, 0.351436, 0.246031, 0.423982
0.209515, 0.506826, 0.227164, 0.593140
0.209592, 0.543873, 0.220960, 0.630674
0.209739, 0.494913, 0.229251, 0.580770
0.209941, 0.235952, 0.256911, 0.289774
0.210012, 0.519030, 0.225703, 0.605581
0.210140, 0.046694, 0.267330, 0.058608
0.210142, 0.396351, 0.242517, 0.474355
0.210277, 0.699340, 0.181071, 0.767631
0.210427, 0.977786, -0.878717, -0.016981
0.210438, 0.827218, -0.839448, -0.117563
0.210656, 0.531725, 0.224209, 0.618376
0.210663, 0.638525, 0.200988, 0.718942
0.210695, 0.602796, 0.209993, 0.687087
0.210725, 0.883460, -0.862797, -0.085548
0.210789, 0.316304, 0.251279, 0.383606
0.210797, 0.445279, 0.237315, 0.527795
0.210822, 0.073716, 0.267115, 0.092251
0.210896, 0.734595, 0.166290, 0.790568
0.210977, 0.955214, -0.876494, -0.034147
0.211049, 0.482598, 0.232477, 0.567668
0.211103, 1.000000, -0.878686, 0.000000
0.211276, 0.188161, 0.261861, 0.232560
0.211451, 0.590706, 0.213419, 0.675566
0.211513, 0.468060, 0.235038, 0.552151
0.211742, 0.780147, 0.108845, 0.775276
0.212459, 0.282631, 0.256257, 0.344555
0.212788, 0.384421, 0.246822, 0.460765
0.212918, 0.000000, 0.271144, 0.000000
0.212958, 0.426827, 0.242008, 0.507434
0.212959, 0.023520, 0.271084, 0.029517
0.213023, 0.223950, 0.261536, 0.275359
0.213045, 0.059896, 0.270326, 0.074990
0.213062, 0.839739, -0.845028, -0.113026
0.213265, 0.328386, 0.253045, 0.397270
0.214604, 0.133775, 0.269091, 0.166298
0.214626, 0.746930, 0.162065, 0.795511
0.214657, 0.792747, -0.764126, -0.087867
0.214758, 0.098602, 0.270995, 0.123016
0.215358, 0.674865, 0.193728, 0.747431
0.215448, 0.211225, 0.265282, 0.259944
0.215512, 0.155712, 0.268994, 0.193043
0.215518, 0.852129, -0.849005, -0.106976
0.215792, 0.176635, 0.268029, 0.218369
0.216084, 0.295314, 0.259410, 0.358987
0.216198, 0.929096, -0.869318, -0.054395
0.216314, 0.111745, 0.272160, 0.139106
0.216319, 0.942812, -0.871153, -0.044113
0.216428, 0.372093, 0.252307, 0.446606
0.216508, 0.625490, 0.209624, 0.705990
0.216518, 0.415393, 0.247383, 0.494541
0.217082, 0.712254, 0.180470, 0.773708
0.217138, 0.967081, -0.872971, -0.025598
0.217189, 0.455659, 0.242858, 0.538044
0.217334, 0.915224, -0.866052, -0.064818
0.217337, 0.259127, 0.263912, 0.316593
0.217340, 0.084308, 0.274595, 0.105189
0.217391, 0.805524, -0.822287, -0.130300
0.217403, 0.613487, 0.213534, 0.695087
0.217473, 0.661571, 0.199806, 0.736244
0.217521, 0.578976, 0.221762, 0.663178
0.217573, 0.988929, -0.873572, -0.008639
0.217763, 0.122744, 0.273372, 0.152559
0.217789, 0.565349, 0.224923, 0.650153
0.217914, 0.864354, -0.852065, -0.100227
0.218375, 0.758488, 0.156185, 0.797394
0.218491, 0.436312, 0.246935, 0.517163
0.218499, 0.687914, 0.191428, 0.755996
0.219037, 0.725134, 0.175815, 0.780846
0.219164, 0.036041, 0.278226, 0.045085
0.219199, 0.198472, 0.270628, 0.244398
0.219235, 0.011346, 0.278671, 0.014202
0.219383, 0.358951, 0.257062, 0.431470
0.219561, 0.648651, 0.205592, 0.724970
0.219798, 0.308007, 0.262572, 0.373288
0.219857, 0.551139, 0.229813, 0.635812
0.219990, 0.901212, -0.861123, -0.075552
0.220037, 0.818264, -0.830231, -0.127280
0.220040, 0.404012, 0.252704, 0.481642
0.220180, 0.245168, 0.268292, 0.299811
0.220188, 0.346228, 0.259338, 0.417044
0.220600, 0.272443, 0.266639, 0.331905
0.220845, 0.876209, -0.853911, -0.093311
0.220878, 0.476817, 0.243746, 0.559938
0.220887, 0.770940, 0.117050, 0.764103
0.220914, 0.700609, 0.188066, 0.764033
0.221260, 0.501720, 0.240229, 0.585947
0.221278, 0.513898, 0.238179, 0.598420
0.221545, 0.636090, 0.211021, 0.713726
0.221588, 0.144104, 0.276949, 0.178554
0.221648, 0.526431, 0.236326, 0.611034
0.221671, 0.489646, 0.242619, 0.573354
0.221699, 0.592302, 0.222657, 0.674718
0.221852, 0.070034, 0.280494, 0.087313
0.221885, 0.539384, 0.234151, 0.623968
0.221977, 0.048986, 0.281433, 0.061192
0.222006, 0.889158, -0.856672, -0.084649
0.222081, 0.334930, 0.262691, 0.404055
0.222181, 0.233729, 0.271674, 0.286265
0.222527, 0.165676, 0.276828, 0.204722
0.222722, 0.830856, -0.835523, -0.122208
0.222806, 0.392472, 0.257186, 0.468574
0.222877, 0.320763, 0.264908, 0.387617
0.223263, 0.738264, 0.171535, 0.786150
0.223552, 0.956139, -0.867080, -0.034617
0.223803, 0.603994, 0.221739, 0.684791
0.223923, 0.783520, -0.753328, -0.096517
0.224111, 0.186335, 0.277330, 0.229499
0.224143, 0.978058, -0.868116, -0.017391
0.224269, 0.285733, 0.269815, 0.347106
0.224360, 0.464527, 0.249287, 0.546391
0.224753, 1.000000, -0.868110, 0.000000
0.224819, 0.220149, 0.275706, 0.269813
0.224917, 0.445912, 0.252648, 0.526663
0.225066, 0.380437, 0.261142, 0.454951
0.225097, 0.022549, 0.285533, 0.028149
0.225180, 0.424681, 0.255792, 0.503618
0.225503, 0.843541, -0.839504, -0.116037
0.225923, 0.105174, 0.283958, 0.130567
0.226131, 0.000000, 0.286953, 0.000000
0.226536, 0.092370, 0.285292, 0.114787
0.226609, 0.796324, -0.811930, -0.139193
0.227028, 0.131804, 0.284156, 0.163253
0.227379, 0.059506, 0.287608, 0.074130
0.227388, 0.668690, 0.205171, 0.738313
0.227412, 0.935024, -0.861675, -0.051469
0.227553, 0.922398, -0.859672, -0.061222
0.227702, 0.208605, 0.280014, 0.255885
0.227947, 0.558731, 0.236188, 0.641522
0.227961, 0.299142, 0.272924, 0.362341
0.227971, 0.680787, 0.201094, 0.747100
0.228103, 0.856065, -0.842583, -0.109027
0.228134, 0.749254, 0.165402, 0.785991
0.228149, 0.367195, 0.266114, 0.439748
0.228237, 0.252351, 0.277278, 0.307667
0.228290, 0.079792, 0.287931, 0.099210
0.228293, 0.617751, 0.222090, 0.695929
0.228334, 0.571505, 0.233759, 0.653771
0.228361, 0.909024, -0.856659, -0.071482
0.228716, 0.154394, 0.284934, 0.190680
0.228755, 0.946805, -0.861967, -0.042429
0.229212, 0.412847, 0.261795, 0.490204
0.229222, 0.655800, 0.211140, 0.727548
0.229334, 0.118771, 0.287498, 0.147145
0.229349, 0.717974, 0.185295, 0.770961
0.229373, 0.809166, -0.820908, -0.137021
0.229640, 0.263739, 0.278038, 0.320983
0.229699, 0.175258, 0.284769, 0.215822
0.230161, 0.583451, 0.232695, 0.664528
0.230379, 0.693389, 0.197611, 0.754970
0.230488, 0.628833, 0.220813, 0.704800
0.230527, 0.761870, 0.108782, 0.735350
0.230569, 0.966839, -0.862466, -0.026668
0.230586, 0.706758, 0.191647, 0.763632
0.230627, 0.729927, 0.178994, 0.776292
0.230818, 0.868433, -0.844792, -0.101526
0.230827, 0.032846, 0.292268, 0.040915
0.231097, 0.642659, 0.217020, 0.716230
0.231207, 0.353559, 0.271142, 0.424140
0.231223, 0.989431, -0.862816, -0.008538
0.231512, 0.196336, 0.285404, 0.240937
0.231558, 0.434682, 0.261431, 0.513611
0.231614, 0.455268, 0.258498, 0.535609
0.231954, 0.312830, 0.276175, 0.377621
0.232263, 0.821745, -0.825814, -0.131714
0.232272, 0.472720, 0.256493, 0.553911
0.232342, 0.228978, 0.283999, 0.279763
0.232364, 0.327736, 0.275189, 0.394690
0.232372, 0.011002, 0.294391, 0.013702
0.232473, 0.534093, 0.245771, 0.616617
0.232614, 0.881481, -0.847217, -0.092762
0.232664, 0.276089, 0.280500, 0.335128
0.232678, 0.483976, 0.255106, 0.565648
0.232703, 0.520574, 0.248638, 0.603109
0.232796, 0.508125, 0.251048, 0.590515
0.232893, 0.341403, 0.274446, 0.410316
0.232927, 0.401158, 0.267433, 0.476944
0.232974, 0.774060, -0.728285, -0.091122
0.233095, 0.496124, 0.253489, 0.578186
0.233099, 0.894905, -0.850134, -0.083018
0.233164, 0.547661, 0.243645, 0.629664
0.233183, 0.044376, 0.294927, 0.055208
0.233717, 0.595834, 0.232859, 0.674962
0.233996, 0.142403, 0.291944, 0.175808
0.234373, 0.241362, 0.285581, 0.294396
0.234841, 0.834582, -0.830117, -0.125221
0.234971, 0.389314, 0.271199, 0.463619
0.235312, 0.608558, 0.230856, 0.685843
0.235824, 0.787131, -0.802133, -0.148994
0.235976, 0.070123, 0.297462, 0.087007
0.235991, 0.288607, 0.283206, 0.349318
0.236230, 0.376685, 0.274110, 0.449368
0.236342, 0.164196, 0.293476, 0.202100
0.236898, 0.108780, 0.296940, 0.134506
0.237136, 0.096775, 0.297752, 0.119766
0.237395, 0.422606, 0.269493, 0.499736
0.237433, 0.979074, -0.857563, -0.017130
0.237553, 0.185025, 0.293467, 0.227032
0.237622, 0.739767, 0.171221, 0.771178
0.237934, 0.847557, -0.833080, -0.118011
0.238181, 0.561895, 0.245352, 0.642259
0.238401, 0.021661, 0.301506, 0.026915
0.238404, 0.955941, -0.855281, -0.036024
0.238404, 0.218138, 0.292062, 0.266480
0.238415, 0.444385, 0.267462, 0.523027
0.238506, 0.800001, -0.811190, -0.146510
0.238686, 0.129629, 0.298203, 0.159977
0.238767, 0.055646, 0.301196, 0.069020
0.238773, 1.000000, -0.856827, 0.000000
0.238813, 0.083850, 0.300477, 0.103872
0.238901, 0.917517, -0.850084, -0.066815
0.238952, 0.929982, -0.851970, -0.056966
0.238956, 0.675134, 0.211281, 0.738441
0.239037, 0.905172, -0.847663, -0.076447
0.239139, 0.662529, 0.216404, 0.729067
0.239192, 0.362550, 0.279093, 0.433181
0.239390, 0.300671, 0.285948, 0.362860
0.239399, 0.206665, 0.293985, 0.252664
0.239544, 0.464201, 0.265593, 0.543834
0.239562, 0.000000, 0.303013, 0.000000
0.239665, 0.942451, -0.852850, -0.047069
0.239812, 0.253236, 0.290919, 0.307832
0.240102, 0.753286, 0.081648, 0.688108
0.240181, 0.574672, 0.244199, 0.653799
0.240316, 0.687617, 0.206859, 0.746547
0.240467, 0.649148, 0.222373, 0.718187
0.240741, 0.860100, -0.835327, -0.110284
0.241018, 0.635161, 0.227639, 0.706724
0.241105, 0.726000, 0.188515, 0.769938
0.241265, 0.266036, 0.291453, 0.322627
0.241281, 0.621767, 0.232146, 0.695572
0.241294, 0.700543, 0.201342, 0.754419
0.241632, 0.812338, -0.815993, -0.141451
0.241639, 0.713739, 0.194764, 0.762173
0.241742, 0.152670, 0.300625, 0.187836
0.241785, 0.410763, 0.275972, 0.486305
0.242434, 0.322397, 0.287333, 0.387563
0.242750, 0.586727, 0.243497, 0.664184
0.242767, 0.527191, 0.257442, 0.607662
0.242890, 0.872815, -0.837481, -0.101698
0.242893, 0.118475, 0.303724, 0.146119
0.243029, 0.033311, 0.306922, 0.041315
0.243032, 0.968567, -0.852502, -0.026019
0.243055, 0.231233, 0.296536, 0.281641
0.243225, 0.764869, -0.751943, -0.135267
0.243295, 0.174159, 0.301063, 0.213625
0.243304, 0.335391, 0.286971, 0.402309
0.243392, 0.540569, 0.255220, 0.620651
0.243668, 0.310977, 0.289873, 0.374285
0.244008, 0.348845, 0.286228, 0.417385
0.244029, 0.885943, -0.839938, -0.092157
0.244062, 0.488481, 0.266218, 0.568367
0.244080, 0.513399, 0.261544, 0.593670
0.244103, 0.475940, 0.268455, 0.555377
0.244172, 0.195446, 0.300495, 0.238966
0.244183, 0.825366, -0.820368, -0.134750
0.244290, 0.777607, -0.784793, -0.151061
0.244311, 0.432583, 0.275583, 0.509469
0.244595, 0.501159, 0.264437, 0.581234
0.244598, 0.279071, 0.294133, 0.337467
0.245129, 0.454328, 0.273099, 0.532477
0.245301, 0.598849, 0.242462, 0.674303
0.245336, 0.990341, -0.851291, -0.008061
0.245499, 0.398649, 0.281723, 0.472573
0.245554, 0.553216, 0.254458, 0.632267
0.245975, 0.010806, 0.310669, 0.013393
0.246022, 0.140269, 0.306333, 0.172500
0.246213, 0.065751, 0.309838, 0.081308
0.246283, 0.373466, 0.285736, 0.444459
0.246352, 0.386727, 0.284218, 0.459295
0.246375, 0.610785, 0.239891, 0.684424
0.246566, 0.044622, 0.310865, 0.055235
0.246685, 0.838544, -0.824011, -0.127103
0.247405, 0.897429, -0.839751, -0.084047
0.247697, 0.791054, -0.801978, -0.156707
0.248173, 0.092351, 0.311172, 0.113916
0.248259, 0.104975, 0.310773, 0.129380
0.248325, 0.291376, 0.297269, 0.351332
0.248504, 0.745613, 0.057667, 0.646923
0.248508, 0.243545, 0.301927, 0.295676
0.249387, 0.077846, 0.313119, 0.096054
0.249648, 0.566554, 0.255099, 0.643858
0.249930, 0.421055, 0.283437, 0.496327
0.249942, 0.669169, 0.221605, 0.729371
0.250014, 0.162710, 0.309891, 0.199472
0.250077, 0.655936, 0.227194, 0.719661
0.250183, 0.910587, -0.839916, -0.074129
0.250192, 0.360055, 0.291786, 0.429043
0.250293, 0.923202, -0.841953, -0.063950
0.250404, 0.733512, 0.204781, 0.782982
0.250526, 0.851755, -0.825794, -0.119176
0.250533, 0.948354, -0.844724, -0.043293
0.250566, 0.681889, 0.216283, 0.737797
0.250617, 0.219368, 0.306332, 0.266930
0.250690, 0.207848, 0.307363, 0.253311
0.250854, 0.935700, -0.843108, -0.053797
0.250855, 0.980774, -0.846495, -0.016210
0.250989, 0.256932, 0.303650, 0.311134
0.251010, 0.642497, 0.233078, 0.709008
0.251065, 0.802553, -0.805740, -0.151508
0.251132, 0.184769, 0.309667, 0.225832
0.251311, 0.442426, 0.281599, 0.518851
0.251359, 0.022110, 0.316976, 0.027344
0.251756, 0.959725, -0.844684, -0.033906
0.251757, 0.127824, 0.313878, 0.157089
0.252031, 0.629415, 0.238586, 0.698241
0.252128, 0.707369, 0.203948, 0.752323
0.252235, 0.694447, 0.211042, 0.744862
0.252542, 0.055382, 0.317676, 0.068366
0.252542, 0.579123, 0.254481, 0.654648
0.252570, 0.465881, 0.279081, 0.543424
0.252648, 0.269934, 0.304312, 0.326046
0.252820, 0.720925, 0.196779, 0.759256
0.252847, 0.302140, 0.301386, 0.363232
0.252979, 0.520459, 0.269006, 0.598737
0.253155, 0.000000, 0.319290, 0.000000
0.253202, 0.815843, -0.810649, -0.144467
0.253211, 0.864233, -0.827515, -0.110779
0.253484, 1.000000, -0.844543, 0.000000
0.253588, 0.533603, 0.266739, 0.611520
0.253734, 0.231567, 0.309046, 0.281124
0.253895, 0.327078, 0.299931, 0.391612
0.254003, 0.408738, 0.289666, 0.482362
0.254136, 0.756435, -0.783618, -0.186912
0.254345, 0.150938, 0.315678, 0.184966
0.254471, 0.877620, -0.830051, -0.100906
0.254482, 0.314967, 0.301926, 0.377757
0.254565, 0.115153, 0.317761, 0.141495
0.254618, 0.339525, 0.299341, 0.405625
0.254653, 0.480036, 0.278734, 0.557736
0.254735, 0.769141, -0.779010, -0.165727
0.254988, 0.617709, 0.245010, 0.687574
0.255088, 0.781965, -0.790785, -0.163363
0.255181, 0.493223, 0.276780, 0.571092
0.255402, 0.591400, 0.253591, 0.664817
0.255452, 0.546172, 0.265629, 0.623196
0.255647, 0.970979, -0.841964, -0.024670
0.255686, 0.033681, 0.322018, 0.041582
0.255798, 0.829394, -0.814374, -0.136580
0.255942, 0.196923, 0.314299, 0.239862
0.255981, 0.173438, 0.316107, 0.211880
0.256106, 0.506193, 0.275087, 0.583797
0.256458, 0.383382, 0.295857, 0.454199
0.256463, 0.452970, 0.285353, 0.529126
0.256634, 0.371081, 0.297629, 0.440499
0.256932, 0.282983, 0.308070, 0.340792
0.256990, 0.603979, 0.251151, 0.675223
0.257095, 0.890242, -0.830753, -0.091609
0.257444, 0.432031, 0.289904, 0.506960
0.257752, 0.350655, 0.301509, 0.417681
0.257755, 0.138233, 0.320334, 0.169341
0.257779, 0.087993, 0.322785, 0.108211
0.257973, 0.396406, 0.295806, 0.468395
0.258043, 0.558661, 0.264996, 0.634326
0.258280, 0.067740, 0.324196, 0.083410
0.258341, 0.842504, -0.817238, -0.128239
0.259411, 0.011069, 0.326707, 0.013652
0.259635, 0.742580, -0.422107, 0.149607
0.259684, 0.100945, 0.324546, 0.123958
0.259756, 0.902937, -0.831001, -0.081889
0.260101, 0.045062, 0.326980, 0.055510
0.260207, 0.662537, 0.231729, 0.719970
0.260411, 0.990330, -0.838598, -0.008312
0.260686, 0.249513, 0.315604, 0.301546
0.261019, 0.675974, 0.225912, 0.728663
0.261142, 0.649682, 0.237958, 0.710340
0.261328, 0.792317, -0.794647, -0.162543
0.261465, 0.916212, -0.831745, -0.071256
0.261843, 0.928828, -0.833264, -0.060789
0.261886, 0.571395, 0.265154, 0.645078
0.261901, 0.419973, 0.296595, 0.493325
0.261944, 0.805932, -0.800773, -0.154418
0.262138, 0.237779, 0.318475, 0.287804
0.262248, 0.941927, -0.834361, -0.049788
0.262276, 0.293240, 0.313226, 0.352093
0.262405, 0.210679, 0.321031, 0.255825
0.262438, 0.636972, 0.244055, 0.700243
0.262476, 0.262275, 0.316486, 0.316233
0.262489, 0.714323, 0.196721, 0.740629
0.262731, 0.223358, 0.320255, 0.270668
0.262766, 0.687674, 0.220791, 0.734838
0.262981, 0.729251, 0.150822, 0.705499
0.262991, 0.515211, 0.280083, 0.591371
0.263123, 0.954358, -0.834662, -0.039283
0.263180, 0.361849, 0.306164, 0.429428
0.263391, 0.701388, 0.212308, 0.741186
0.263500, 0.471662, 0.289442, 0.547370
0.263555, 0.855504, -0.817384, -0.120149
0.263569, 0.161173, 0.325905, 0.196669
0.263851, 0.078727, 0.330354, 0.096665
0.263946, 0.185797, 0.324669, 0.226101
0.264035, 0.274800, 0.317056, 0.330580
0.264123, 0.527425, 0.278444, 0.603076
0.264267, 0.022484, 0.332343, 0.027675
0.264290, 0.820009, -0.805044, -0.146113
0.264304, 0.124856, 0.328808, 0.152773
0.264342, 0.305895, 0.314211, 0.366320
0.264487, 0.869549, -0.820330, -0.109524
0.264676, 0.458871, 0.293040, 0.533979
0.264707, 0.624691, 0.250495, 0.689752
0.264771, 0.443505, 0.295809, 0.517811
0.265028, 0.979905, -0.834424, -0.017402
0.265037, 0.583813, 0.264391, 0.655259
0.265120, 0.777803, -0.784049, -0.172013
0.265131, 0.112084, 0.330528, 0.137287
0.265313, 0.057308, 0.332802, 0.070413
0.265376, 0.318621, 0.313984, 0.380711
0.265483, 0.330781, 0.312695, 0.394465
0.265523, 0.965944, -0.833293, -0.029496
0.265594, 0.485147, 0.289013, 0.560804
0.265620, 0.539229, 0.277062, 0.614049
0.265889, 0.764536, -0.776820, -0.180374
0.265916, 0.408205, 0.302754, 0.480004
0.266053, 0.611324, 0.256384, 0.678351
0.266291, 0.752599, -0.755517, -0.173296
0.266342, 0.148667, 0.329999, 0.181485
0.266372, 0.198866, 0.326524, 0.241445
0.266555, 0.497690, 0.287415, 0.573218
0.266581, 0.882970, -0.821734, -0.099339
0.266673, 0.000000, 0.335411, 0.000000
0.266850, 0.173471, 0.328981, 0.211201
0.267299, 0.375229, 0.308982, 0.443707
0.267364, 0.387243, 0.307364, 0.456883
0.267374, 0.597090, 0.262284, 0.665961
0.267532, 0.342397, 0.313576, 0.407247
0.267717, 0.551460, 0.275939, 0.625020
0.267774, 0.832940, -0.807212, -0.138178
0.268457, 1.000000, -0.831843, 0.000000
0.268476, 0.034246, 0.337201, 0.042081
0.268583, 0.136161, 0.333328, 0.166252
0.269257, 0.091732, 0.336371, 0.112363
0.269445, 0.430741, 0.302980, 0.503606
0.269669, 0.895696, -0.821659, -0.089542
0.269983, 0.844367, -0.809146, -0.130380
0.270196, 0.669511, 0.234977, 0.719578
0.270810, 0.563281, 0.275593, 0.635077
0.271002, 0.739310, -0.779091, -0.219494
0.271224, 0.507974, 0.289845, 0.582327
0.271385, 0.353724, 0.316433, 0.419360
0.271411, 0.069305, 0.339700, 0.084929
0.271519, 0.909004, -0.822361, -0.078737
0.271549, 0.398518, 0.310321, 0.468574
0.271571, 0.657055, 0.242069, 0.710750
0.271574, 0.721000, 0.135883, 0.673058
0.271763, 0.284091, 0.325211, 0.340695
0.272090, 0.797948, -0.790674, -0.163903
0.272326, 0.811422, -0.796162, -0.155036
0.272497, 0.256496, 0.328685, 0.308574
0.272684, 0.243905, 0.330209, 0.294009
0.272701, 0.046874, 0.341843, 0.057469
0.272722, 0.693701, 0.223341, 0.732599
0.272758, 0.230680, 0.331369, 0.278426
0.272810, 0.011280, 0.342631, 0.013843
0.272861, 0.934651, -0.824673, -0.057067
0.272878, 0.644948, 0.248506, 0.701704
0.273198, 0.921903, -0.822782, -0.068032
0.273254, 0.103512, 0.340574, 0.126514
0.273765, 0.269862, 0.328898, 0.323998
0.273822, 0.217673, 0.333795, 0.263109
0.273823, 0.785488, -0.783621, -0.172399
0.273978, 0.948532, -0.824971, -0.045152
0.274084, 0.297027, 0.326410, 0.355192
0.274205, 0.418443, 0.310094, 0.489662
0.274238, 0.862273, -0.810849, -0.117597
0.274336, 0.708513, 0.264790, 0.788145
0.274373, 0.451809, 0.304432, 0.524707
0.274473, 0.680408, 0.231487, 0.723807
0.274561, 0.520417, 0.290264, 0.593775
0.274589, 0.632867, 0.254929, 0.692103
0.274759, 0.465101, 0.302366, 0.538474
0.274786, 0.574317, 0.275927, 0.643762
0.274863, 0.366078, 0.318618, 0.432533
0.274880, 0.477177, 0.300079, 0.550732
0.275342, 0.974238, -0.825387, -0.022718
0.275446, 0.988686, -0.825795, -0.009982
0.275697, 0.205998, 0.337013, 0.249233
0.275708, 0.309844, 0.326764, 0.369550
0.275902, 0.116943, 0.343133, 0.142689
0.275924, 0.876188, -0.812708, -0.106772
0.276016, 0.619980, 0.261213, 0.681600
0.276075, 0.825055, -0.798484, -0.146704
0.276144, 0.192493, 0.338543, 0.233176
0.276192, 0.772458, -0.775562, -0.181355
0.276391, 0.531965, 0.289178, 0.604389
0.276424, 0.960622, -0.823607, -0.034752
0.276455, 0.166700, 0.340761, 0.202455
0.276498, 0.180387, 0.339931, 0.218817
0.276539, 0.322418, 0.326224, 0.383694
0.276582, 0.154842, 0.341737, 0.188281
0.276635, 0.082064, 0.345403, 0.100296
0.276744, 0.586023, 0.273952, 0.653295
0.276957, 0.607485, 0.266695, 0.671270
0.276962, 0.023043, 0.347388, 0.028230
0.277362, 0.490068, 0.299916, 0.563225
0.277385, 0.544201, 0.286915, 0.615609
0.277554, 0.439966, 0.309969, 0.511847
0.277703, 0.128765, 0.344551, 0.156840
0.277860, 0.334415, 0.326232, 0.397023
0.277992, 0.748755, -0.760630, -0.195242
0.278127, 0.059224, 0.347921, 0.072428
0.278157, 0.850816, -0.804639, -0.127662
0.278199, 0.730828, -0.704958, -0.164536
0.278221, 0.760011, -0.766701, -0.188703
0.278545, 0.142362, 0.344841, 0.173195
0.278710, 0.378662, 0.321083, 0.445811
0.279320, 0.389563, 0.320121, 0.457597
0.279358, 0.596499, 0.272625, 0.661298
0.279421, 0.888342, -0.812273, -0.097398
0.279695, 0.407336, 0.317828, 0.476872
0.280182, 0.000000, 0.351443, 0.000000
0.280342, 0.556646, 0.286175, 0.626210
0.280387, 0.500762, 0.300551, 0.573113
0.280463, 0.036530, 0.351245, 0.044681
0.280499, 0.346290, 0.327620, 0.409899
0.280691, 0.666743, 0.242984, 0.712297
0.281307, 0.902113, -0.813089, -0.086061
0.281326, 0.837179, -0.798431, -0.139158
0.281922, 0.094733, 0.351246, 0.115511
0.282140, 0.428111, 0.316928, 0.498549
0.282149, 0.699607, 0.177856, 0.682053
0.282638, 0.803852, -0.786003, -0.164185
0.282735, 1.000000, -0.819618, 0.000000
0.282819, 0.940993, -0.816544, -0.052505
0.283219, 0.653823, 0.251271, 0.702706
0.283327, 0.250430, 0.341879, 0.300545
0.283341, 0.277273, 0.339169, 0.331551
0.283381, 0.815634, -0.789805, -0.156052
0.283424, 0.237129, 0.343185, 0.284996
0.283480, 0.263615, 0.340717, 0.315770
0.283550, 0.719551, -0.449339, 0.070047
0.283725, 0.072198, 0.354147, 0.088066
0.283761, 0.513304, 0.300921, 0.584580
0.283848, 0.914873, -0.812723, -0.075443
0.283910, 0.289260, 0.338492, 0.345206
0.283978, 0.358654, 0.329831, 0.423154
0.284157, 0.791564, -0.779852, -0.173199
0.284398, 0.224401, 0.345489, 0.270051
0.284468, 0.687424, 0.230696, 0.719117
0.284502, 0.869416, -0.804082, -0.114147
0.284740, 0.641426, 0.258429, 0.693660
0.284768, 0.927867, -0.813695, -0.064210
0.285073, 0.108092, 0.354341, 0.131531
0.285134, 0.566735, 0.287447, 0.633851
0.285329, 0.049089, 0.356706, 0.059904
0.285345, 0.459184, 0.314416, 0.530161
0.285666, 0.980198, -0.816473, -0.017769
0.285707, 0.628002, 0.265251, 0.683584
0.285825, 0.740534, -0.751825, -0.204518
0.285962, 0.301974, 0.339392, 0.359465
0.286165, 0.011905, 0.358141, 0.014525
0.286201, 0.482221, 0.310507, 0.553411
0.286491, 0.470512, 0.313287, 0.541500
0.286550, 0.212505, 0.349156, 0.256006
0.286590, 0.397255, 0.326924, 0.464920
0.286597, 0.778955, -0.772565, -0.182516
0.286874, 0.370890, 0.331216, 0.436115
0.286915, 0.967941, -0.814949, -0.028801
0.286948, 0.199918, 0.350622, 0.241123
0.287182, 0.448557, 0.318419, 0.518877
0.287198, 0.173786, 0.352874, 0.210148
0.287259, 0.314439, 0.339325, 0.373372
0.287277, 0.953774, -0.813783, -0.041513
0.287303, 0.578730, 0.285447, 0.643551
0.287324, 0.524442, 0.301532, 0.594354
0.287462, 0.416809, 0.324585, 0.485668
0.287517, 0.187047, 0.352351, 0.225906
0.287539, 0.614666, 0.272286, 0.672760
0.287589, 0.675759, 0.241993, 0.713559
0.287643, 0.858212, -0.798923, -0.124058
0.287750, 0.536925, 0.298575, 0.605927
0.287981, 0.160632, 0.354776, 0.194472
0.288067, 0.121352, 0.357288, 0.147409
0.288121, 0.026592, 0.360325, 0.032436
0.288122, 0.766830, -0.765453, -0.190597
0.288128, 0.709436, -0.128541, 0.374275
0.288312, 0.326338, 0.339003, 0.386609
0.288815, 0.549608, 0.295909, 0.617188
0.288820, 0.826161, -0.789293, -0.149867
0.288896, 0.134551, 0.357464, 0.163201
0.288940, 0.147892, 0.356786, 0.179218
0.289358, 0.085324, 0.360298, 0.103792
0.289611, 0.880722, -0.802303, -0.105689
0.289703, 0.602651, 0.278786, 0.662456
0.290083, 0.590144, 0.283797, 0.652150
0.290200, 0.338723, 0.339485, 0.400187
0.290325, 0.894757, -0.804220, -0.093791
0.290405, 0.061929, 0.362356, 0.075397
0.290413, 0.752766, -0.756411, -0.200019
0.290492, 0.846224, -0.793815, -0.134464
0.290544, 0.437365, 0.324100, 0.506673
0.290745, 0.989873, -0.812267, -0.009154
0.290937, 0.384388, 0.333678, 0.450295
0.291290, 0.494269, 0.312862, 0.564191
0.291832, 0.729975, -0.749062, -0.220581
0.291941, 0.506232, 0.310597, 0.575680
0.292210, 0.662964, 0.251328, 0.702804
0.292685, 0.350959, 0.340528, 0.413368
0.293035, 0.038982, 0.365990, 0.047452
0.293234, 0.940603, -0.807269, -0.053763
0.293531, 0.000000, 0.366726, 0.000000
0.293590, 0.406169, 0.333011, 0.473338
0.293652, 0.257402, 0.353062, 0.307559
0.293669, 0.243808, 0.354367, 0.291763
0.293688, 0.800743, -0.776918, -0.170545
0.293730, 0.696826, 0.263802, 0.749330
0.293759, 0.098949, 0.365007, 0.120110
0.294115, 0.270557, 0.352212, 0.322651
0.294175, 0.812777, -0.780738, -0.161836
0.294261, 0.906840, -0.802635, -0.083844
0.294872, 0.230676, 0.357010, 0.276384
0.295090, 0.650067, 0.260957, 0.694004
0.295165, 0.636073, 0.268141, 0.684779
0.295360, 0.426176, 0.331279, 0.494102
0.295432, 0.558867, 0.299063, 0.623649
0.295522, 0.835273, -0.786792, -0.144608
0.295586, 0.282726, 0.352558, 0.336428
0.295646, 0.787026, -0.770100, -0.181022
0.295723, 0.075280, 0.368223, 0.091428
0.295779, 0.294370, 0.351358, 0.349594
0.296187, 0.018750, 0.369936, 0.022802
0.296198, 0.868656, -0.794148, -0.117205
0.296206, 0.929725, -0.803586, -0.063756
0.296379, 0.918269, -0.802259, -0.073994
0.296551, 0.622309, 0.275689, 0.674450
0.296771, 0.112909, 0.367872, 0.136783
0.296780, 0.719490, -0.751408, -0.241091
0.296794, 0.362869, 0.343349, 0.425886
0.296991, 0.685073, 0.243554, 0.714326
0.297047, 0.963436, -0.805687, -0.033374
0.297123, 0.483242, 0.321244, 0.551990
0.297227, 0.459739, 0.326514, 0.528294
0.297422, 0.471715, 0.324111, 0.540320
0.297474, 0.219154, 0.361222, 0.262810
0.297491, 0.571427, 0.296664, 0.633804
0.297514, 1.000000, -0.806238, 0.000000
0.297778, 0.051223, 0.371291, 0.062215
0.297896, 0.374732, 0.342720, 0.438632
0.297906, 0.307453, 0.352234, 0.364193
0.297947, 0.517224, 0.313592, 0.584787
0.298034, 0.180999, 0.365009, 0.217906
0.298193, 0.530446, 0.310134, 0.596992
0.298233, 0.194339, 0.364270, 0.233669
0.298259, 0.762544, -0.757036, -0.198373
0.298309, 0.544016, 0.306236, 0.609324
0.298313, 0.167628, 0.366345, 0.202063
0.298354, 0.207057, 0.363350, 0.248602
0.298409, 0.741101, -0.745134, -0.210927
0.298446, 0.977311, -0.804907, -0.020768
0.299100, 0.448010, 0.330907, 0.515983
0.299111, 0.393874, 0.340975, 0.459159
0.299335, 0.154025, 0.368544, 0.185862
0.299349, 0.888692, -0.795309, -0.100524
0.299475, 0.126974, 0.370410, 0.153563
0.299603, 0.330993, 0.350995, 0.390268
0.299619, 0.318801, 0.352678, 0.376690
0.299661, 0.949742, -0.802456, -0.045987
0.299752, 0.856429, -0.788604, -0.128269
0.299771, 0.608681, 0.284116, 0.662909
0.299894, 0.707100, -0.654455, -0.165960
0.299975, 0.140223, 0.370163, 0.169357
0.300015, 0.774693, -0.761770, -0.191281
0.300275, 0.674027, 0.243957, 0.698531
0.300334, 0.583271, 0.294771, 0.642654
0.301015, 0.822739, -0.778754, -0.156169
0.301104, 0.415549, 0.339354, 0.481937
0.301221, 0.009071, 0.375770, 0.011014
0.301263, 0.596228, 0.290464, 0.652688
0.301413, 0.089266, 0.374172, 0.108058
0.301457, 0.029925, 0.376030, 0.036318
0.302256, 0.344069, 0.352166, 0.404450
0.302341, 0.504007, 0.321253, 0.570946
0.302361, 0.063534, 0.376305, 0.076993
0.303103, 0.436241, 0.337425, 0.503034
0.303420, 0.878006, -0.789940, -0.110526
0.303490, 0.250842, 0.364953, 0.298909
0.303518, 0.797100, -0.768260, -0.176778
0.303541, 0.662556, 0.261051, 0.698651
0.303687, 0.845012, -0.782701, -0.138718
0.303825, 0.900168, -0.793212, -0.091093
0.304001, 0.752135, -0.748135, -0.207583
0.304396, 0.237219, 0.367309, 0.283028
0.304536, 0.492390, 0.326372, 0.559216
0.304536, 0.263855, 0.364847, 0.313825
0.304586, 0.989065, -0.799850, -0.010107
0.304945, 0.104046, 0.377951, 0.125768
0.305053, 0.383212, 0.349228, 0.446783
0.305374, 0.355557, 0.353838, 0.416537
0.305449, 0.729806, -0.735904, -0.222529
0.305535, 0.641644, 0.271828, 0.682554
0.305638, 0.809665, -0.771012, -0.167885
0.305846, 0.694457, -0.267572, 0.197436
0.306061, 0.403722, 0.346695, 0.468423
0.306127, 0.041369, 0.381317, 0.050106
0.306133, 0.629396, 0.278885, 0.674526
0.306327, 0.937500, -0.795199, -0.057668
0.306339, 0.552277, 0.310790, 0.614145
0.306352, 0.276240, 0.365558, 0.327804
0.306541, 0.300014, 0.362821, 0.354651
0.307009, 0.075593, 0.381275, 0.091378
0.307191, 0.652378, 0.265832, 0.687195
0.307437, 0.616236, 0.286316, 0.664849
0.307571, 0.564873, 0.307541, 0.624608
0.307780, 0.957456, -0.795406, -0.039431
0.307795, 0.785496, -0.760783, -0.186866
0.307842, 0.925178, -0.792815, -0.069036
0.307964, 0.118306, 0.380786, 0.142721
0.308158, 0.288355, 0.366011, 0.341207
0.308197, 0.538151, 0.316988, 0.600991
0.308222, 0.833158, -0.775985, -0.149683
0.308322, 0.479491, 0.333219, 0.545564
0.308325, 0.911913, -0.790911, -0.081132
0.308382, 0.000000, 0.384306, 0.000000
0.308429, 0.225861, 0.373217, 0.269582
0.308437, 0.716743, -0.721338, -0.226897
0.308570, 0.866360, -0.783215, -0.121606
0.308604, 0.175119, 0.377767, 0.210170
0.308641, 0.425675, 0.345350, 0.491079
0.308777, 0.369786, 0.355446, 0.431643
0.308778, 0.467146, 0.336603, 0.533245
0.308831, 0.525043, 0.321552, 0.588884
0.308843, 0.188461, 0.377010, 0.225867
0.308986, 0.969151, -0.795062, -0.028662
0.309070, 0.161331, 0.379361, 0.193859
0.309221, 0.019762, 0.385329, 0.023924
0.309410, 0.201689, 0.376627, 0.241370
0.309829, 0.764021, -0.750194, -0.202804
0.309869, 0.147060, 0.381246, 0.176871
0.310069, 0.214459, 0.376300, 0.256250
0.310101, 0.455889, 0.340510, 0.521693
0.310138, 0.684003, 0.117291, 0.566532
0.310318, 0.336156, 0.362171, 0.394479
0.310492, 0.053106, 0.386140, 0.064188
0.310511, 0.513014, 0.326587, 0.577234
0.310674, 0.576415, 0.305824, 0.633037
0.310806, 0.324038, 0.364447, 0.380998
0.311093, 0.132690, 0.383518, 0.159679
0.311301, 0.889012, -0.784895, -0.102130
0.311340, 0.704159, -0.705023, -0.229341
0.311401, 0.742562, -0.738434, -0.217153
0.311485, 0.312031, 0.366917, 0.367598
0.311520, 0.445371, 0.344216, 0.510639
0.311701, 0.589414, 0.301413, 0.642971
0.311800, 1.000000, -0.793249, 0.000000
0.312197, 0.602678, 0.296059, 0.652725
0.312311, 0.085725, 0.387146, 0.103391
0.312554, 0.854949, -0.777443, -0.132283
0.312788, 0.672506, 0.283173, 0.720356
0.312876, 0.392433, 0.356066, 0.455319
0.313081, 0.979954, -0.791704, -0.018739
0.313128, 0.821146, -0.768633, -0.160889
0.313367, 0.946117, -0.789614, -0.050272
0.313411, 0.243997, 0.376996, 0.289970
0.313662, 0.414199, 0.352797, 0.478049
0.313779, 0.775323, -0.752439, -0.196519
0.313875, 0.097125, 0.388535, 0.117011
0.314065, 0.798307, -0.760623, -0.179450
0.314287, 0.500417, 0.333669, 0.564329
0.314537, 0.031108, 0.391378, 0.037571
0.314719, 0.256296, 0.377242, 0.304005
0.314871, 0.064938, 0.390883, 0.078317
0.315342, 0.359521, 0.364175, 0.419360
0.315757, 0.009950, 0.392941, 0.012015
0.315814, 0.346788, 0.366735, 0.405451
0.316004, 0.877027, -0.778807, -0.113564
0.316300, 0.900481, -0.782213, -0.092506
0.316350, 0.843427, -0.771716, -0.143010
0.316452, 0.661223, 0.252363, 0.672675
0.316538, 0.268175, 0.378010, 0.317402
0.316654, 0.487753, 0.339304, 0.551514
0.316693, 0.637747, 0.280739, 0.673673
0.316736, 0.435883, 0.351648, 0.499926
0.316905, 0.624826, 0.288223, 0.665634
0.316997, 0.380442, 0.362528, 0.441713
0.317285, 0.109482, 0.392091, 0.131683
0.317292, 0.546051, 0.322445, 0.604904
0.317412, 0.300669, 0.375056, 0.354092
0.317434, 0.753384, -0.740159, -0.213295
0.317602, 0.733876, -0.730147, -0.225977
0.317681, 0.558719, 0.318301, 0.615638
0.317924, 0.722216, -0.722220, -0.232009
0.317936, 0.810076, -0.761478, -0.171258
0.317969, 0.233472, 0.383333, 0.277399
0.318349, 0.921382, -0.782811, -0.073595
0.318382, 0.612943, 0.295435, 0.656963
0.318404, 0.402638, 0.360018, 0.465032
0.318493, 0.648836, 0.274664, 0.678498
0.318972, 0.042697, 0.396326, 0.051462
0.318987, 0.169484, 0.390265, 0.202763
0.319005, 0.958145, -0.785021, -0.039403
0.319008, 0.279605, 0.379447, 0.330085
0.319165, 0.533215, 0.328384, 0.593000
0.319297, 0.474198, 0.345346, 0.537649
0.319408, 0.990222, -0.786021, -0.009223
0.319468, 0.182614, 0.389802, 0.218158
0.319513, 0.933671, -0.783047, -0.062311
0.319556, 0.694498, -0.755803, -0.301516
0.319579, 0.155838, 0.391920, 0.186614
0.319620, 0.121649, 0.394014, 0.146019
0.319860, 0.195776, 0.389159, 0.233534
0.319917, 0.787394, -0.752384, -0.189822
0.320304, 0.076270, 0.396874, 0.091760
0.320420, 0.709205, -0.706412, -0.234204
0.320625, 0.290124, 0.379953, 0.341756
0.320750, 0.209192, 0.389068, 0.249136
0.320826, 0.333455, 0.374241, 0.390035
0.320851, 0.831786, -0.765111, -0.154003
0.320852, 0.521182, 0.333735, 0.581659
0.320924, 0.142911, 0.394254, 0.171191
0.320987, 0.461392, 0.350196, 0.524686
0.321100, 0.865353, -0.772112, -0.124849
0.321245, 0.424958, 0.358567, 0.487714
0.321416, 0.569412, 0.317266, 0.623029
0.321974, 0.368963, 0.369903, 0.428585
0.322131, 0.969762, -0.782855, -0.028605
0.322156, 0.582082, 0.312595, 0.632721
0.322174, 0.222524, 0.389378, 0.264426
0.322279, 0.320945, 0.377653, 0.375983
0.322294, 0.765672, -0.742239, -0.206919
0.322300, 0.682139, -0.440259, -0.007638
0.322457, 0.910683, -0.777948, -0.083921
0.322620, 0.000000, 0.401064, 0.000000
0.322627, 0.020842, 0.401046, 0.025104
0.322891, 0.509032, 0.339308, 0.569913
0.322902, 0.594930, 0.307381, 0.642027
0.323050, 0.887924, -0.774292, -0.104868
0.323150, 0.054501, 0.400895, 0.065556
0.323211, 0.448693, 0.355454, 0.511567
0.324051, 0.246988, 0.388950, 0.292373
0.324124, 0.088699, 0.400882, 0.106508
0.324155, 0.132524, 0.398680, 0.158694
0.325132, 0.853673, -0.766287, -0.135971
0.325261, 0.946083, -0.778741, -0.051121
0.325267, 0.309474, 0.382643, 0.362879
0.325455, 0.669935, 0.055946, 0.470765
0.325745, 0.799327, -0.751730, -0.182318
0.325882, 0.496157, 0.345835, 0.556978
0.325899, 0.355375, 0.376365, 0.413188
0.325958, 0.390625, 0.370171, 0.450803
0.326078, 0.413826, 0.365891, 0.475234
0.326083, 0.743440, -0.729573, -0.224004
0.326162, 0.820894, -0.757715, -0.164596
0.326417, 0.259799, 0.390202, 0.306746
0.326493, 0.606156, 0.304414, 0.648099
0.326505, 0.631734, 0.289830, 0.663897
0.326597, 0.100976, 0.403222, 0.121055
0.326671, 1.000000, -0.779202, 0.000000
0.326821, 0.777891, -0.743706, -0.199525
0.327515, 0.980432, -0.778206, -0.018649
0.327539, 0.032226, 0.406562, 0.038727
0.327665, 0.066453, 0.405748, 0.079752
0.327751, 0.553616, 0.328572, 0.607386
0.328042, 0.343196, 0.380653, 0.399589
0.328045, 0.483121, 0.351520, 0.543987
0.328105, 0.657080, 0.280420, 0.681866
0.328499, 0.436437, 0.363539, 0.497892
0.328639, 0.729714, -0.720853, -0.234169
0.328653, 0.876061, -0.767347, -0.116521
0.328822, 0.841753, -0.760622, -0.147225
0.328873, 0.898314, -0.770516, -0.096133
0.328954, 0.272165, 0.391610, 0.320493
0.329068, 0.619769, 0.298551, 0.655288
0.329117, 0.541415, 0.334269, 0.596647
0.329121, 0.236220, 0.395873, 0.279476
0.329322, 0.163693, 0.402571, 0.195153
0.329356, 0.716501, -0.711012, -0.240494
0.329394, 0.378337, 0.376243, 0.437343
0.329557, 0.402360, 0.371762, 0.462511
0.329681, 0.644046, 0.283389, 0.668056
0.329710, 0.010591, 0.409329, 0.012722
0.329917, 0.702221, -0.711567, -0.258555
0.330029, 0.756049, -0.732614, -0.216972
0.330128, 0.922605, -0.772049, -0.073608
0.330191, 0.176433, 0.402674, 0.210062
0.330287, 0.810664, -0.751443, -0.174275
0.330331, 0.297459, 0.389929, 0.348786
0.330442, 0.113058, 0.407203, 0.135274
0.330618, 0.189237, 0.402109, 0.224986
0.330714, 0.958656, -0.774199, -0.039522
0.330756, 0.470315, 0.357586, 0.530980
0.330919, 0.150190, 0.405272, 0.179104
0.330972, 0.202024, 0.401361, 0.239820
0.331181, 0.529833, 0.340143, 0.585956
0.331632, 0.043998, 0.411074, 0.052772
0.332008, 0.330710, 0.386974, 0.385352
0.332245, 0.935153, -0.771483, -0.061956
0.332266, 0.215119, 0.401652, 0.254889
0.332381, 0.284625, 0.393837, 0.334069
0.332394, 0.690069, -0.672324, -0.236870
0.332674, 0.790143, -0.743266, -0.191880
0.332677, 0.079011, 0.411252, 0.094616
0.332696, 0.517509, 0.345614, 0.574519
0.332739, 0.124266, 0.409048, 0.148384
0.332747, 0.563257, 0.328854, 0.613390
0.332895, 0.457933, 0.362860, 0.518339
0.333061, 0.575485, 0.323823, 0.622757
0.333383, 0.364852, 0.382849, 0.422143
0.333447, 0.424230, 0.371289, 0.484358
0.333645, 0.864521, -0.760809, -0.127845
0.333677, 0.587880, 0.318514, 0.631623
0.334062, 0.829605, -0.753261, -0.159020
0.334311, 0.990254, -0.771906, -0.009370
0.334533, 0.908669, -0.766642, -0.087159
0.334646, 0.318660, 0.391708, 0.371712
0.334688, 0.504896, 0.351432, 0.562438
0.334690, 0.768721, -0.734219, -0.209418
0.334739, 0.678240, -0.709491, -0.291421
0.334922, 0.249618, 0.401065, 0.294224
0.334993, 0.138638, 0.410929, 0.165289
0.335515, 0.227383, 0.404042, 0.268642
0.335570, 0.886591, -0.762731, -0.107896
0.335592, 0.056436, 0.415314, 0.067555
0.335631, 0.970114, -0.770189, -0.028762
0.335810, 0.091513, 0.414308, 0.109372
0.336090, 0.021788, 0.416745, 0.026107
0.336185, 0.599377, 0.314410, 0.638294
0.336220, 0.446448, 0.368969, 0.506107
0.336431, 0.000000, 0.417247, 0.000000
0.336922, 0.632884, 0.289606, 0.652418
0.337219, 0.491799, 0.357748, 0.549549
0.337353, 0.665524, -0.363665, 0.031614
0.337363, 0.852869, -0.755293, -0.139077
0.337442, 0.947840, -0.767382, -0.050234
0.337504, 0.352076, 0.389448, 0.407648
0.337907, 0.736722, -0.718276, -0.234046
0.338143, 0.261875, 0.403216, 0.307739
0.338282, 0.611458, 0.308960, 0.644751
0.338288, 0.802719, -0.742444, -0.183184
0.338295, 0.307039, 0.397446, 0.358344
0.338462, 0.411784, 0.379092, 0.470454
0.338587, 0.386300, 0.384480, 0.444012
0.338934, 0.397847, 0.382495, 0.455947
0.339070, 0.549536, 0.339500, 0.599562
0.339134, 0.748197, -0.722639, -0.226434
0.339249, 0.104047, 0.417770, 0.124115
0.339335, 0.723144, -0.710082, -0.243337
0.339473, 0.652705, 0.255864, 0.635382
0.339660, 0.709764, -0.704226, -0.253452
0.339682, 0.781015, -0.734663, -0.201465
0.339811, 0.068853, 0.419759, 0.082234
0.339874, 0.159041, 0.414991, 0.188882
0.339911, 0.479264, 0.363951, 0.537036
0.340221, 0.817180, -0.744742, -0.171327
0.340318, 0.033363, 0.421416, 0.039892
0.340515, 0.340502, 0.394695, 0.394679
0.340582, 0.840991, -0.750091, -0.150393
0.340732, 0.273840, 0.404604, 0.320901
0.340771, 0.623360, 0.302867, 0.649848
0.340849, 0.373724, 0.389215, 0.430247
0.340924, 0.435184, 0.376371, 0.493711
0.341185, 0.170643, 0.415779, 0.202420
0.341462, 0.240051, 0.409528, 0.282571
0.341481, 1.000000, -0.765089, 0.000000
0.341634, 0.182873, 0.415310, 0.216646
0.341657, 0.875213, -0.755365, -0.119344
0.341664, 0.916703, -0.760605, -0.080311
0.341861, 0.897077, -0.758305, -0.098927
0.342019, 0.538683, 0.346203, 0.589548
0.342059, 0.980272, -0.764344, -0.019141
0.342118, 0.195137, 0.414764, 0.230832
0.342202, 0.295266, 0.403384, 0.344676
0.342280, 0.207387, 0.413721, 0.244940
0.342371, 0.697419, -0.690594, -0.257583
0.342480, 0.526508, 0.351132, 0.579006
0.342597, 0.466670, 0.370027, 0.524251
0.342779, 0.760364, -0.724798, -0.218800
0.342793, 0.128356, 0.420494, 0.152651
0.343008, 0.642014, 0.268462, 0.633921
0.343095, 0.927463, -0.760308, -0.070161
0.343263, 0.011237, 0.425149, 0.013429
0.343451, 0.959673, -0.762213, -0.039155
0.343610, 0.327969, 0.400079, 0.380532
0.343641, 0.046546, 0.424898, 0.055558
0.344149, 0.513585, 0.357123, 0.567120
0.344172, 0.148910, 0.420808, 0.176758
0.344428, 0.116165, 0.423140, 0.138191
0.344434, 0.569634, 0.334993, 0.613039
0.344501, 0.558210, 0.340198, 0.604209
0.344651, 0.581848, 0.329212, 0.621787
0.344748, 0.220002, 0.415307, 0.259230
0.345143, 0.081365, 0.425617, 0.096951
0.345191, 0.285200, 0.408056, 0.333025
0.345212, 0.793255, -0.733931, -0.193086
0.345236, 0.424165, 0.383273, 0.481568
0.345247, 0.938488, -0.759339, -0.059736
0.345547, 0.360910, 0.396481, 0.415653
0.345573, 0.685222, -0.689549, -0.274760
0.345751, 0.454887, 0.376240, 0.511983
0.345936, 0.828732, -0.742657, -0.162486
0.346068, 0.500533, 0.363183, 0.554785
0.346253, 0.863859, -0.749249, -0.130602
0.346433, 0.593838, 0.324052, 0.628925
0.346494, 0.673453, -0.637521, -0.238259
0.347037, 0.252170, 0.414468, 0.295743
0.347184, 0.315440, 0.405950, 0.366268
0.347331, 0.093217, 0.427471, 0.110875
0.347466, 0.772589, -0.725535, -0.210824
0.348008, 0.058824, 0.429624, 0.070064
0.348463, 0.885872, -0.750744, -0.110345
0.348536, 0.138203, 0.426530, 0.163892
0.348597, 0.906312, -0.753033, -0.090940
0.348626, 0.605922, 0.318323, 0.635088
0.348780, 0.659661, -0.672290, -0.294390
0.348812, 0.730157, -0.707439, -0.243445
0.348972, 0.232129, 0.418774, 0.272639
0.349030, 0.990131, -0.757776, -0.009655
0.349088, 0.806679, -0.734434, -0.182656
0.349155, 0.488151, 0.369959, 0.542557
0.349398, 0.852350, -0.744279, -0.141784
0.349472, 0.403495, 0.392197, 0.459518
0.349607, 0.022863, 0.432176, 0.027232
0.349726, 0.443705, 0.383031, 0.499982
0.349797, 0.970025, -0.756584, -0.029332
0.349860, 0.000000, 0.432796, 0.000000
0.350067, 0.716788, -0.700341, -0.253444
0.350175, 0.414535, 0.390476, 0.470653
0.350187, 0.264388, 0.416451, 0.309119
0.350330, 0.350235, 0.403652, 0.403533
0.350418, 0.391781, 0.395744, 0.447332
0.350467, 0.618583, 0.311622, 0.641274
0.350583, 0.741565, -0.711242, -0.236061
0.350601, 0.632439, 0.303600, 0.649266
0.350638, 0.949762, -0.754834, -0.049149
0.350846, 0.380541, 0.398445, 0.435490
0.351334, 0.303116, 0.412315, 0.352043
0.351453, 0.161732, 0.428189, 0.191208
0.351580, 0.037162, 0.434207, 0.044222
0.351600, 0.105624, 0.431883, 0.125356
0.351723, 0.475332, 0.376236, 0.529830
0.351820, 0.070995, 0.433519, 0.084373
0.351845, 0.840411, -0.739818, -0.153188
0.351893, 0.752746, -0.714845, -0.228067
0.352080, 0.705447, -0.692329, -0.261137
0.352216, 0.337954, 0.407776, 0.389961
0.352456, 0.175179, 0.428299, 0.206788
0.352639, 0.368829, 0.402574, 0.422774
0.352799, 0.784342, -0.724925, -0.202788
0.352937, 0.647261, -0.175921, 0.179459
0.352979, 0.547966, 0.351283, 0.592540
0.353035, 0.277002, 0.417869, 0.322815
0.353198, 0.817931, -0.733720, -0.173753
0.353231, 0.522666, 0.361740, 0.571690
0.353271, 0.187725, 0.428144, 0.221251
0.353351, 0.535328, 0.356883, 0.582234
0.353720, 0.211637, 0.426198, 0.248655
0.353821, 0.199843, 0.427607, 0.235161
0.353873, 0.917692, -0.749032, -0.080521
0.354274, 0.432662, 0.390308, 0.487900
0.354614, 0.126103, 0.434358, 0.149332
0.354767, 0.692901, -0.684892, -0.271634
0.354905, 0.874333, -0.742950, -0.122148
0.355009, 0.325388, 0.412870, 0.375866
0.355150, 0.463168, 0.383030, 0.517347
0.355197, 0.508987, 0.368430, 0.559134
0.355306, 0.243193, 0.424807, 0.284591
0.355388, 0.574396, 0.340482, 0.610913
0.355563, 0.560886, 0.347333, 0.601122
0.355666, 0.764674, -0.716126, -0.219956
0.355869, 0.896060, -0.745040, -0.101587
0.355996, 0.929157, -0.748055, -0.069569
0.356137, 1.000000, -0.750920, 0.000000
0.356187, 0.291553, 0.419503, 0.338685
0.356333, 0.049243, 0.439482, 0.058472
0.356393, 0.011137, 0.440234, 0.013232
0.356451, 0.148832, 0.434823, 0.175767
0.356557, 0.980080, -0.750316, -0.019648
0.356622, 0.587179, 0.334270, 0.618700
0.356741, 0.669302, -0.665344, -0.282822
0.357196, 0.224540, 0.428868, 0.263093
0.357263, 0.797132, -0.724826, -0.193085
0.357434, 0.959591, -0.748707, -0.039857
0.357999, 0.939656, -0.747013, -0.059470
0.358225, 0.082994, 0.440517, 0.098341
0.358247, 0.094478, 0.440085, 0.111899
0.358297, 0.828876, -0.731581, -0.165009
0.358318, 0.497237, 0.375305, 0.547759
0.358800, 0.115172, 0.439702, 0.136226
0.358867, 0.680463, -0.670954, -0.277380
0.358928, 0.599043, 0.328451, 0.624406
0.358934, 0.863142, -0.737378, -0.133330
0.359075, 0.451591, 0.390052, 0.505158
0.359213, 0.422165, 0.397849, 0.476263
0.359249, 0.724203, -0.697309, -0.252444
0.359394, 0.312947, 0.419547, 0.361532
0.359624, 0.254841, 0.428218, 0.297213
0.359815, 0.029891, 0.443906, 0.035459
0.360149, 0.359661, 0.412332, 0.411719
0.360285, 0.611786, 0.321087, 0.630627
0.360572, 0.484020, 0.381717, 0.535056
0.360704, 0.137502, 0.440430, 0.162242
0.360735, 0.060833, 0.444199, 0.072070
0.360944, 0.775595, -0.715409, -0.212590
0.360984, 0.624787, 0.318344, 0.641906
0.361113, 0.658164, -0.668177, -0.304322
0.361151, 0.851374, -0.733247, -0.144769
0.361289, 0.884524, -0.738486, -0.113315
0.361374, 0.409679, 0.402994, 0.463183
0.361378, 0.397853, 0.405737, 0.451215
0.361439, 0.637487, -0.068093, 0.265306
0.361599, 0.907821, -0.740867, -0.090848
0.361659, 0.735210, -0.700271, -0.245302
0.361773, 0.267655, 0.428914, 0.311275
0.361867, 0.347147, 0.416524, 0.398147
0.362144, 0.808971, -0.723580, -0.183859
0.362145, 0.385658, 0.409179, 0.438505
0.362731, 0.373402, 0.412357, 0.425671
0.362854, 0.158202, 0.441488, 0.186224
0.362859, 0.169914, 0.440580, 0.199813
0.363156, 0.839906, -0.729274, -0.155822
0.363326, 0.280977, 0.428710, 0.325826
0.363331, 0.000000, 0.448204, 0.000000
0.363358, 0.517341, 0.372306, 0.563215
0.363413, 0.440480, 0.397280, 0.493206
0.363413, 0.702536, -0.683962, -0.269446
0.363480, 0.235070, 0.434878, 0.274420
0.363526, 0.746544, -0.703223, -0.237220
0.363556, 0.714030, -0.689425, -0.261661
0.363611, 0.990002, -0.743565, -0.009939
0.363632, 0.072187, 0.447114, 0.085379
0.363786, 0.334587, 0.420781, 0.384323
0.364007, 0.969792, -0.742739, -0.030024
0.364065, 0.471648, 0.388871, 0.522610
0.364313, 0.757100, -0.706454, -0.229019
0.364457, 0.182001, 0.441410, 0.213663
0.364471, 0.529728, 0.368206, 0.573010
0.364472, 0.019974, 0.449394, 0.023655
0.364516, 0.948388, -0.741253, -0.051259
0.364524, 0.302942, 0.426877, 0.349930
0.364616, 0.215459, 0.438178, 0.251938
0.364666, 0.541911, 0.363019, 0.582525
0.364948, 0.103482, 0.447391, 0.122176
0.365018, 0.041306, 0.449733, 0.048887
0.365299, 0.567434, 0.350932, 0.600741
0.365303, 0.787977, -0.715338, -0.203209
0.365433, 0.193422, 0.441395, 0.226682
0.365646, 0.648360, -0.650296, -0.304212
0.365921, 0.204508, 0.440839, 0.239325
0.365955, 0.921515, -0.737872, -0.077868
0.365970, 0.553858, 0.358365, 0.590814
0.366445, 0.581018, 0.344238, 0.609203
0.366484, 0.321980, 0.425750, 0.370189
0.366799, 0.820337, -0.722033, -0.174616
0.366806, 0.689845, -0.674571, -0.279142
0.367462, 0.125174, 0.448863, 0.147385
0.368079, 0.459645, 0.396301, 0.510199
0.368180, 0.506441, 0.380594, 0.552138
0.368232, 0.429728, 0.404882, 0.481468
0.368261, 0.668805, -0.661471, -0.292994
0.368707, 0.896786, -0.732960, -0.102360
0.368717, 0.872060, -0.729633, -0.126288
0.369082, 0.492857, 0.386336, 0.540030
0.369325, 0.292449, 0.433677, 0.337656
0.369515, 0.246089, 0.440214, 0.286077
0.369580, 0.934363, -0.735314, -0.065456
0.369678, 0.592540, 0.339401, 0.614400
0.369783, 0.090841, 0.453648, 0.107134
0.369797, 0.766658, -0.705007, -0.222827
0.369858, 0.053087, 0.455036, 0.062689
0.370246, 0.605301, 0.329962, 0.619450
0.370311, 0.148988, 0.450647, 0.174960
0.370335, 0.800072, -0.714117, -0.193805
0.370643, 1.000000, -0.736682, 0.000000
0.370811, 0.010204, 0.456798, 0.012055
0.370876, 0.224804, 0.444257, 0.261908
0.370891, 0.958767, -0.735524, -0.041254
0.370967, 0.979825, -0.736170, -0.020205
0.371142, 0.417449, 0.410909, 0.468598
0.371173, 0.858943, -0.725236, -0.139240
0.371259, 0.726237, -0.689250, -0.256010
0.371278, 0.258945, 0.440541, 0.300258
0.371468, 0.832073, -0.720106, -0.164707
0.371470, 0.137019, 0.452794, 0.160972
0.371593, 0.618088, 0.321391, 0.622508
0.371864, 0.112227, 0.454736, 0.132023
0.371999, 0.354724, 0.425793, 0.404237
0.372022, 0.631003, -0.341550, -0.028209
0.372107, 0.366717, 0.423453, 0.416726
0.372263, 0.884566, -0.727843, -0.114659
0.372368, 0.079121, 0.457065, 0.093248
0.372447, 0.030894, 0.458549, 0.036464
0.372561, 0.404736, 0.415484, 0.455589
0.372645, 0.448086, 0.404045, 0.497932
0.372674, 0.480477, 0.393843, 0.527814
0.372777, 0.679342, -0.664826, -0.288952
0.372857, 0.910937, -0.730262, -0.088886
0.372881, 0.392398, 0.418710, 0.443044
0.373028, 0.271444, 0.440727, 0.313891
0.373194, 0.845912, -0.721021, -0.151985
0.373295, 0.342034, 0.429577, 0.390562
0.373345, 0.778482, -0.705703, -0.213698
0.373391, 0.379822, 0.422064, 0.430086
0.373516, 0.740088, -0.693052, -0.246003
0.373670, 0.162755, 0.453533, 0.190687
0.373785, 0.313376, 0.435156, 0.359738
0.373915, 0.519823, 0.379975, 0.560930
0.373990, 0.065503, 0.459207, 0.077160
0.374061, 0.699942, -0.675252, -0.276442
0.374576, 0.657330, -0.650020, -0.302833
0.374649, 0.175749, 0.453428, 0.205533
0.374841, 0.642803, -0.646435, -0.317453
0.375027, 0.712093, -0.680337, -0.268198
0.375055, 0.328642, 0.433908, 0.375972
0.375220, 0.282646, 0.441531, 0.325958
0.375550, 0.811971, -0.712215, -0.184191
0.375610, 0.575890, 0.352246, 0.599731
0.375963, 0.754063, -0.695786, -0.235377
0.376026, 0.532331, 0.376117, 0.569840
0.376194, 0.564315, 0.359638, 0.592315
0.376215, 0.946115, -0.729776, -0.054169
0.376548, 0.212966, 0.452015, 0.247911
0.376586, 0.468257, 0.401472, 0.515468
0.376732, 0.543136, 0.371472, 0.577595
0.376855, 0.234083, 0.449860, 0.271691
0.376914, 0.188749, 0.454942, 0.220298
0.377209, 0.000000, 0.464240, 0.000000
0.377409, 0.437240, 0.411740, 0.486238
0.377538, 0.301549, 0.441181, 0.346319
0.377734, 0.042378, 0.464338, 0.049890
0.377806, 0.200410, 0.454763, 0.233508
0.377911, 0.100656, 0.462447, 0.118237
0.377948, 0.969195, -0.728984, -0.031058
0.377994, 0.790693, -0.704878, -0.204113
0.378063, 0.989793, -0.729281, -0.010296
0.378085, 0.923105, -0.726227, -0.077266
0.378218, 0.553890, 0.366974, 0.584457
0.378353, 0.500452, 0.391498, 0.543083
0.378522, 0.020931, 0.465613, 0.024645
0.379097, 0.120034, 0.462562, 0.140717
0.379914, 0.901423, -0.722401, -0.098970
0.379929, 0.823985, -0.710724, -0.173929
0.380076, 0.689290, -0.665692, -0.286658
0.380482, 0.586432, 0.346516, 0.600907
0.380697, 0.425215, 0.418260, 0.473710
0.380736, 0.668941, -0.653954, -0.300059
0.380814, 0.599670, 0.354791, 0.624486
0.380959, 0.130991, 0.464045, 0.153345
0.381090, 0.456195, 0.409505, 0.502949
0.381195, 0.864710, -0.716590, -0.135167
0.381199, 0.511361, 0.389461, 0.551020
0.381341, 0.767414, -0.695454, -0.225606
0.381426, 0.489272, 0.398398, 0.532368
0.381489, 0.876888, -0.718023, -0.123320
0.381622, 0.253960, 0.452659, 0.293346
0.381762, 0.721644, -0.679160, -0.263714
0.382041, 0.611303, 0.189979, 0.468944
0.382131, 0.087741, 0.467907, 0.102948
0.382275, 0.143567, 0.464714, 0.167834
0.382278, 0.890485, -0.718808, -0.110035
0.382294, 0.053637, 0.469198, 0.062992
0.382330, 0.242650, 0.454933, 0.280654
0.382484, 0.837354, -0.710851, -0.161742
0.382555, 0.412368, 0.423517, 0.460665
0.382590, 0.155388, 0.464122, 0.181436
0.382629, 0.624511, -0.580371, -0.285718
0.382742, 0.934796, -0.722557, -0.065904
0.382849, 0.851527, -0.712890, -0.148195
0.383260, 0.733166, -0.682529, -0.255086
0.383324, 0.803025, -0.703098, -0.194159
0.383362, 0.266160, 0.452880, 0.306629
0.383387, 0.361684, 0.436258, 0.409187
0.383433, 0.349415, 0.438840, 0.396401
0.383601, 0.957717, -0.722959, -0.042849
0.383655, 0.373920, 0.433847, 0.421706
0.383658, 0.399479, 0.427888, 0.447608
0.383784, 0.290634, 0.449784, 0.333502
0.383815, 0.222929, 0.459074, 0.258394
0.383955, 0.322146, 0.444488, 0.367376
0.383968, 0.336447, 0.441976, 0.382676
0.384039, 0.386810, 0.431335, 0.434790
0.384436, 0.075845, 0.470955, 0.088938
0.384513, 0.649274, -0.642410, -0.316759
0.384624, 0.010853, 0.472672, 0.012748
0.384670, 0.168622, 0.465491, 0.196523
0.384780, 0.635640, -0.605176, -0.296798
0.384868, 0.745507, -0.685636, -0.245434
0.384872, 0.702262, -0.668554, -0.279788
0.384952, 1.000000, -0.722448, 0.000000
0.384962, 0.477325, 0.405866, 0.520683
0.385059, 0.780123, -0.695882, -0.215400
0.385190, 0.979239, -0.722020, -0.021085
0.385452, 0.032601, 0.473480, 0.038270
0.385478, 0.524433, 0.386986, 0.559401
0.385531, 0.064200, 0.472536, 0.075267
0.385870, 0.278015, 0.453949, 0.319354
0.385879, 0.911838, -0.717561, -0.089159
0.385942, 0.181881, 0.465561, 0.211520
0.386240, 0.109962, 0.471165, 0.128576
0.386510, 0.310267, 0.449313, 0.354203
0.386650, 0.444876, 0.418254, 0.490744
0.386682, 0.573955, 0.356845, 0.588466
0.386753, 0.679040, -0.655814, -0.296924
0.387548, 0.208998, 0.464758, 0.242230
0.387890, 0.659678, -0.643978, -0.309792
0.388382, 0.758010, -0.686545, -0.235834
0.388503, 0.562274, 0.368953, 0.584072
0.388598, 0.815733, -0.701011, -0.183425
0.388667, 0.946399, -0.717378, -0.054545
0.388904, 0.548445, 0.377124, 0.574748
0.389042, 0.465163, 0.413769, 0.508438
0.389079, 0.536326, 0.383753, 0.566335
0.389137, 0.712951, -0.669958, -0.273429
0.389641, 0.195748, 0.468572, 0.227033
0.389913, 0.096038, 0.476335, 0.112248
0.390057, 0.500505, 0.401198, 0.538360
0.390129, 0.792935, -0.694448, -0.205009
0.390264, 0.433062, 0.425205, 0.478501
0.390316, 0.594654, 0.306924, 0.558685
0.390564, 0.000000, 0.479604, 0.000000
0.390681, 0.923763, -0.713792, -0.077565
0.390871, 0.299222, 0.455991, 0.341647
0.390928, 0.044581, 0.479415, 0.052186
0.390940, 0.122593, 0.475955, 0.142988
0.391166, 0.232873, 0.465982, 0.268647
0.391745, 0.968278, -0.715206, -0.032410
0.391795, 0.828675, -0.700529, -0.171714
0.391814, 0.692144, -0.658824, -0.290304
0.392067, 0.618582, -0.604274, -0.326366
0.392072, 0.022564, 0.481133, 0.026416
0.392229, 0.420042, 0.430855, 0.465503
0.392252, 0.989310, -0.715084, -0.010929
0.392319, 0.884482, -0.708398, -0.117132
0.392443, 0.870720, -0.706523, -0.130807
0.392452, 0.513783, 0.397304, 0.547894
0.392492, 0.899212, -0.709817, -0.102434
0.392533, 0.135448, 0.476885, 0.157722
0.392632, 0.843076, -0.702218, -0.157949
0.392699, 0.857324, -0.704355, -0.144042
0.392757, 0.488062, 0.408524, 0.526962
0.392966, 0.246942, 0.466155, 0.284088
0.393497, 0.259911, 0.464837, 0.298291
0.393686, 0.583532, 0.341207, 0.575715
0.393726, 0.330823, 0.453193, 0.374760
0.393735, 0.406925, 0.435926, 0.452362
0.393745, 0.148184, 0.477367, 0.172306
0.393851, 0.770507, -0.685305, -0.226325
0.393917, 0.725027, -0.670707, -0.265558
0.394098, 0.606515, -0.150543, 0.107346
0.394120, 0.643188, -0.625808, -0.319118
0.394297, 0.453733, 0.422431, 0.496402
0.394309, 0.160627, 0.476920, 0.186502
0.394363, 0.343809, 0.451401, 0.388350
0.394571, 0.356225, 0.448992, 0.401174
0.394649, 0.393927, 0.440217, 0.439318
0.394736, 0.368565, 0.446411, 0.413780
0.394776, 0.381064, 0.443496, 0.426402
0.394874, 0.668738, -0.644839, -0.308069
0.394970, 0.218736, 0.471964, 0.252387
0.395238, 0.083563, 0.482854, 0.097484
0.395342, 0.736747, -0.673770, -0.256262
0.395480, 0.806342, -0.692576, -0.193700
0.395699, 0.173550, 0.477409, 0.201162
0.395845, 0.934903, -0.709445, -0.066618
0.395868, 0.272331, 0.465687, 0.311632
0.395873, 0.056733, 0.484814, 0.066258
0.396082, 0.069442, 0.484382, 0.081023
0.396116, 0.318535, 0.457999, 0.361283
0.396247, 0.285562, 0.463908, 0.325908
0.396297, 0.630278, -0.617022, -0.328774
0.396587, 0.186547, 0.477062, 0.215814
0.396622, 0.748578, -0.676561, -0.246511
0.396706, 0.475497, 0.416740, 0.514677
0.396810, 0.957296, -0.709609, -0.043812
0.396820, 0.782038, -0.685734, -0.216612
0.397075, 0.105150, 0.483920, 0.122437
0.397507, 0.011981, 0.487403, 0.013996
0.397534, 0.703668, -0.659566, -0.284063
0.397571, 0.524692, 0.395791, 0.553514
0.397654, 0.913035, -0.706035, -0.088972
0.398150, 0.557135, 0.377259, 0.574165
0.398353, 0.682602, -0.649540, -0.300233
0.398411, 0.034663, 0.488248, 0.040460
0.398654, 0.654435, -0.634115, -0.319252
0.398790, 0.205202, 0.477611, 0.236685
0.398829, 0.571598, 0.373874, 0.587601
0.398917, 1.000000, -0.708421, 0.000000
0.399256, 0.978161, -0.707846, -0.022468
0.399893, 0.441133, 0.431646, 0.482976
0.400029, 0.115827, 0.486646, 0.134603
0.400152, 0.308528, 0.464289, 0.350030
0.400702, 0.545071, 0.385865, 0.564860
0.400738, 0.944758, -0.705041, -0.056833
0.400767, 0.761260, -0.676571, -0.236492
0.401005, 0.506610, 0.407148, 0.538292
0.401160, 0.819618, -0.690019, -0.182154
0.401555, 0.465247, 0.424829, 0.504068
0.401572, 0.795125, -0.684352, -0.205551
0.401573, 0.595425, 0.089211, 0.324709
0.401598, 0.295939, 0.468002, 0.336277
0.401684, 0.427737, 0.437583, 0.470032
0.401725, 0.715598, -0.660938, -0.276110
0.401944, 0.534941, 0.393217, 0.558176
0.401984, 0.834552, -0.691825, -0.167795
0.402229, 0.240065, 0.477161, 0.275194
0.402481, 0.495666, 0.413292, 0.529068
0.402704, 0.849060, -0.693421, -0.153651
0.402770, 0.128104, 0.489012, 0.148578
0.402796, 0.890151, -0.698686, -0.112588
0.402921, 0.094662, 0.491063, 0.110000
0.402943, 0.876861, -0.696948, -0.125982
0.402948, 0.618178, -0.614384, -0.348947
0.402992, 0.863223, -0.695140, -0.139634
0.403117, 0.227597, 0.479734, 0.261233
0.403233, 0.000000, 0.493796, 0.000000
0.403442, 0.414357, 0.443235, 0.456833
0.403603, 0.253703, 0.476834, 0.290080
0.403633, 0.047612, 0.493862, 0.055426
0.403747, 0.926194, -0.700849, -0.076032
0.404050, 0.902752, -0.698666, -0.099954
0.404095, 0.140825, 0.489574, 0.163075
0.404399, 0.483560, 0.420012, 0.518401
0.404825, 0.694221, -0.649901, -0.294407
0.404826, 0.401132, 0.448299, 0.443697
0.404835, 0.337983, 0.463378, 0.380054
0.404852, 0.641284, -0.621595, -0.330086
0.404958, 0.325800, 0.465958, 0.367302
0.405000, 0.074489, 0.494343, 0.086556
0.405031, 0.193918, 0.485841, 0.223338
0.405096, 0.153655, 0.489699, 0.177668
0.405331, 0.024227, 0.495971, 0.028186
0.405522, 0.388110, 0.452451, 0.430750
0.405527, 0.674125, -0.640151, -0.309719
0.405611, 0.350402, 0.461605, 0.392781
0.405640, 0.583833, 0.402099, 0.620909
0.405756, 0.166422, 0.489282, 0.192131
0.405758, 0.453253, 0.432817, 0.491902
0.405798, 0.362727, 0.459004, 0.405316
0.405808, 0.375273, 0.456003, 0.417944
0.405902, 0.265959, 0.477506, 0.303147
0.405954, 0.989118, -0.701216, -0.011267
0.406067, 0.966722, -0.700734, -0.034436
0.406185, 0.727905, -0.661499, -0.267351
0.406450, 0.179749, 0.488869, 0.207199
0.406731, 0.516076, 0.406784, 0.542591
0.406998, 0.606892, -0.603144, -0.356788
0.407207, 0.563020, 0.375465, 0.568391
0.407239, 0.806447, -0.681548, -0.195979
0.407257, 0.662969, -0.633322, -0.318341
0.407266, 0.216015, 0.485694, 0.247810
0.407288, 0.278363, 0.477011, 0.316376
0.407321, 0.783682, -0.676279, -0.217553
0.407397, 0.739336, -0.664190, -0.257844
0.407593, 0.771918, -0.673251, -0.228553
0.407705, 0.751312, -0.667562, -0.247332
0.408103, 0.061307, 0.498553, 0.071196
0.408558, 0.952327, -0.697415, -0.049405
0.408970, 0.629451, -0.612477, -0.340306
0.409188, 0.085222, 0.498629, 0.098795
0.409355, 0.010724, 0.500640, 0.012450
0.409522, 0.915918, -0.694175, -0.086968
0.409550, 0.106806, 0.498028, 0.123676
0.409926, 0.706243, -0.650694, -0.286814
0.410464, 0.289414, 0.478534, 0.327733
0.410605, 0.551039, 0.384730, 0.558812
0.410725, 0.037342, 0.502153, 0.043345
0.410786, 0.937746, -0.694314, -0.064579
0.410924, 0.316434, 0.474159, 0.356394
0.411109, 0.527280, 0.403672, 0.547899
0.411118, 0.474936, 0.429186, 0.508549
0.411131, 0.205655, 0.491173, 0.235790
0.411167, 0.303538, 0.476882, 0.342745
0.411587, 0.651532, -0.624109, -0.328207
0.411743, 0.433472, 0.445038, 0.472092
0.411763, 0.684951, -0.640513, -0.304486
0.411959, 0.828191, -0.681136, -0.175706
0.411996, 0.573879, 0.356524, 0.556491
0.412291, 0.119362, 0.500294, 0.137913
0.412307, 0.445147, 0.441504, 0.482369
0.412643, 0.841658, -0.682594, -0.162484
0.412720, 1.000000, -0.694348, 0.000000
0.412770, 0.978104, -0.694096, -0.022797
0.412866, 0.247089, 0.487720, 0.281444
0.412898, 0.855799, -0.684366, -0.148391
0.413038, 0.503669, 0.417658, 0.530263
0.413067, 0.462374, 0.435791, 0.497128
0.413206, 0.420900, 0.450450, 0.460032
0.413292, 0.233852, 0.489986, 0.266816
0.413294, 0.595490, -0.538395, -0.315611
0.413375, 0.816056, -0.677508, -0.187838
0.413505, 0.490081, 0.424530, 0.519740
0.413542, 0.869468, -0.685474, -0.134699
0.413820, 0.793694, -0.672457, -0.209516
0.413900, 0.718921, -0.651963, -0.277605
0.414040, 0.760652, -0.664365, -0.240565
0.414050, 0.882373, -0.686497, -0.121662
0.414081, 0.132740, 0.501396, 0.153099
0.414436, 0.539163, 0.398507, 0.553284
0.414724, 0.894250, -0.687028, -0.109607
0.414764, 0.407908, 0.455887, 0.447346
0.414992, 0.617908, -0.601832, -0.351139
0.415355, 0.330532, 0.475919, 0.370217
0.415387, 0.146009, 0.501844, 0.168124
0.415523, 0.905908, -0.687222, -0.097722
0.415537, 0.050452, 0.507200, 0.058400
0.415812, 0.259406, 0.489214, 0.294521
0.415987, 0.394890, 0.460826, 0.434541
0.416021, 0.097062, 0.505890, 0.112126
0.416031, 0.072722, 0.507044, 0.084105
0.416132, 0.343454, 0.473848, 0.383298
0.416293, 0.185270, 0.499201, 0.212419
0.416296, 0.159060, 0.501758, 0.182863
0.416381, 0.381832, 0.464789, 0.421743
0.416384, 0.019500, 0.508573, 0.022575
0.416491, 0.000000, 0.508655, 0.000000
0.416625, 0.959511, -0.689360, -0.042261
0.416705, 0.172042, 0.500991, 0.197493
0.416772, 0.368750, 0.468552, 0.408718
0.416865, 0.356190, 0.471712, 0.396108
0.416972, 0.926577, -0.687462, -0.076507
0.417026, 0.222742, 0.495561, 0.254079
0.417125, 0.673553, -0.631325, -0.315523
0.417129, 0.639910, -0.613862, -0.338847
0.417710, 0.197035, 0.499390, 0.225416
0.417901, 0.696257, -0.640330, -0.297973
0.418016, 0.746295, -0.656852, -0.254738
0.418274, 0.271462, 0.489941, 0.307174
0.418448, 0.781201, -0.665285, -0.222411
0.418550, 0.562070, 0.344150, 0.521689
0.418588, 0.584730, -0.286139, -0.083584
0.418669, 0.732691, -0.652285, -0.267135
0.418777, 0.516482, 0.414876, 0.536246
0.419399, 0.802835, -0.669008, -0.201824
0.419565, 0.029712, 0.512049, 0.034336
0.419648, 0.989066, -0.687158, -0.011452
0.419793, 0.606592, -0.587469, -0.356634
0.419836, 0.661964, -0.623885, -0.325311
0.420193, 0.946829, -0.685366, -0.055634
0.420493, 0.296460, 0.487919, 0.333479
0.420683, 0.282696, 0.490605, 0.318818
0.420933, 0.454109, 0.445793, 0.487077
0.420991, 0.084925, 0.511868, 0.097901
0.421086, 0.969170, -0.685200, -0.032308
0.421283, 0.769922, -0.660073, -0.233733
0.421641, 0.211724, 0.502143, 0.241369
0.421679, 0.309858, 0.486712, 0.347427
0.421696, 0.110401, 0.511360, 0.127063
0.421798, 0.481547, 0.434899, 0.509189
0.421853, 0.708082, -0.641444, -0.289545
0.421887, 0.628591, -0.604145, -0.348708
0.421932, 0.062051, 0.514080, 0.071591
0.422446, 0.468669, 0.441115, 0.498623
0.422452, 0.550270, 0.395440, 0.553848
0.422689, 0.241032, 0.499207, 0.273413
0.422744, 0.848996, -0.673683, -0.156594
0.422857, 0.440431, 0.452558, 0.474434
0.422875, 0.915247, -0.680470, -0.088650
0.422939, 0.322381, 0.485418, 0.360176
0.423106, 0.527439, 0.410877, 0.540429
0.423335, 0.009512, 0.516462, 0.010978
0.423389, 0.124421, 0.512372, 0.142953
0.423390, 0.834899, -0.670959, -0.170871
0.423495, 0.427493, 0.457716, 0.462693
0.423544, 0.495030, 0.429731, 0.518599
0.423653, 0.862716, -0.674493, -0.142789
0.424057, 0.685230, -0.630959, -0.309308
0.424070, 0.040847, 0.517009, 0.047098
0.424316, 0.823273, -0.668033, -0.182614
0.424349, 0.573480, 0.000665, 0.182148
0.424401, 0.650519, -0.614851, -0.335703
0.424509, 0.507009, 0.423958, 0.526471
0.424661, 0.414775, 0.463006, 0.450695
0.424788, 0.876066, -0.674949, -0.129277
0.424791, 0.721090, -0.643235, -0.279251
0.425039, 0.811803, -0.665188, -0.194085
0.425094, 0.138154, 0.513288, 0.158438
0.425136, 0.935778, -0.679675, -0.067422
0.425276, 0.756634, -0.653058, -0.247158
0.425406, 0.252747, 0.500495, 0.285806
0.425852, 0.595564, -0.564402, -0.354636
0.426041, 0.889024, -0.675034, -0.116072
0.426145, 0.401757, 0.468486, 0.438110
0.426191, 0.336188, 0.485831, 0.373714
0.426466, 1.000000, -0.680159, 0.000000
0.426467, 0.901612, -0.675687, -0.103086
0.426585, 0.151636, 0.513866, 0.173579
0.426676, 0.791136, -0.659647, -0.214622
0.426842, 0.388321, 0.473125, 0.425147
0.426886, 0.230546, 0.505212, 0.261357
0.427008, 0.375107, 0.476958, 0.412319
0.427079, 0.539033, 0.405754, 0.544695
0.427338, 0.978981, -0.678999, -0.022144
0.427361, 0.349216, 0.483914, 0.386584
0.427408, 0.164643, 0.513592, 0.188159
0.427503, 0.177416, 0.512387, 0.202461
0.427537, 0.617254, -0.593310, -0.358661
0.427663, 0.097319, 0.518766, 0.111763
0.427993, 0.362073, 0.481382, 0.399271
0.427999, 0.202364, 0.510114, 0.230182
0.428160, 0.073850, 0.520627, 0.084912
0.428172, 0.189477, 0.511847, 0.215864
0.428508, 0.264350, 0.502052, 0.297879
0.428543, 0.743275, -0.646469, -0.260375
0.428611, 0.672910, -0.622202, -0.320975
0.428714, 0.052083, 0.521857, 0.059897
0.428737, 0.957129, -0.676774, -0.045186
0.429312, 0.019938, 0.523246, 0.022945
0.429725, 0.639154, -0.605107, -0.346320
0.430079, 0.561984, 0.379788, 0.541616
0.430230, 0.289816, 0.499337, 0.324655
0.430493, 0.000000, 0.524599, 0.000000
0.430565, 0.696924, -0.630116, -0.302071
0.430601, 0.924294, -0.673256, -0.079754
0.430761, 0.779642, -0.653336, -0.226598
0.430950, 0.219997, 0.511087, 0.249266
0.431228, 0.584340, -0.550955, -0.361544
0.431462, 0.461497, 0.451515, 0.488884
0.431496, 0.732120, -0.640612, -0.271387
0.431584, 0.302671, 0.498329, 0.337913
0.431785, 0.275788, 0.503455, 0.309489
0.431961, 0.448351, 0.457381, 0.477779
0.432328, 0.841842, -0.663100, -0.165179
0.432335, 0.661074, -0.614114, -0.331737
0.432576, 0.515931, 0.423424, 0.527011
0.432601, 0.475322, 0.446183, 0.499333
0.432670, 0.801015, -0.655792, -0.206114
0.432727, 0.086786, 0.524825, 0.099457
0.432756, 0.606200, -0.581760, -0.367062
0.432894, 0.709846, -0.632533, -0.291718
0.432978, 0.030496, 0.527121, 0.035015
0.433076, 0.488257, 0.440124, 0.508737
0.433080, 0.766514, -0.648243, -0.239725
0.433130, 0.315398, 0.497405, 0.350858
0.433161, 0.107257, 0.524394, 0.122788
0.433311, 0.434694, 0.463822, 0.465544
0.433445, 0.118840, 0.523939, 0.135914
0.433478, 0.855820, -0.663709, -0.151057
0.433600, 0.945686, -0.671482, -0.057442
0.433689, 0.989356, -0.672546, -0.011272
0.433993, 0.243061, 0.511195, 0.274031
0.434403, 0.550756, 0.399859, 0.543989
0.434448, 0.910866, -0.668269, -0.094076
0.434505, 0.328207, 0.495979, 0.363667
0.434591, 0.501750, 0.433798, 0.517297
0.434605, 0.527911, 0.413249, 0.529118
0.434659, 0.967626, -0.671149, -0.034297
0.434710, 0.627799, -0.595423, -0.356585
0.434913, 0.869246, -0.663880, -0.137418
0.434919, 0.131394, 0.524720, 0.150032
0.435161, 0.421297, 0.470326, 0.453063
0.435599, 0.826922, -0.657494, -0.180763
0.435731, 0.683849, -0.620865, -0.314931
0.435760, 0.814057, -0.654988, -0.193694
0.435966, 0.063291, 0.529554, 0.072498
0.436099, 0.408970, 0.475401, 0.441624
0.436229, 0.882694, -0.664003, -0.123629
0.436289, 0.144491, 0.525190, 0.164693
0.436655, 0.720913, -0.632594, -0.283029
0.436693, 0.395059, 0.480402, 0.428570
0.436769, 0.573068, -0.570551, -0.402927
0.436809, 0.209780, 0.518842, 0.237318
0.436823, 0.753064, -0.641423, -0.253381
0.437132, 0.010166, 0.532074, 0.011655
0.437200, 0.649744, -0.605123, -0.342486
0.437321, 0.040710, 0.531774, 0.046629
0.437400, 0.341870, 0.495801, 0.376859
0.437431, 0.896662, -0.664159, -0.109188
0.437439, 0.381210, 0.485264, 0.415267
0.437795, 0.254653, 0.513466, 0.285950
0.437976, 0.157855, 0.525944, 0.179569
0.438169, 0.368776, 0.489558, 0.403154
0.438482, 0.595027, -0.570138, -0.376194
0.438586, 0.196106, 0.522496, 0.222042
0.438612, 0.354874, 0.493689, 0.389436
0.438640, 0.170631, 0.525383, 0.193770
0.438800, 0.934153, -0.665433, -0.069873
0.438881, 0.232705, 0.517946, 0.262077
0.439167, 0.183044, 0.524640, 0.207520
0.439368, 0.539975, 0.374918, 0.499617
0.439929, 0.075575, 0.533543, 0.086365
0.439997, 0.284398, 0.510584, 0.317155
0.440298, 1.000000, -0.665671, 0.000000
0.440342, 0.789590, -0.646204, -0.218850
0.440403, 0.616623, -0.585091, -0.366932
0.440552, 0.671492, -0.612061, -0.326963
0.440621, 0.051009, 0.535177, 0.058315
0.440937, 0.978176, -0.664820, -0.023237
0.441115, 0.741358, -0.634292, -0.265451
0.441159, 0.265920, 0.515191, 0.297450
0.441607, 0.776259, -0.642213, -0.232181
0.441731, 0.098803, 0.534379, 0.112677
0.441914, 0.836534, -0.652405, -0.171905
0.441973, 0.955980, -0.663069, -0.046875
0.442019, 0.296328, 0.510401, 0.329250
0.442095, 0.455497, 0.462684, 0.479361
0.442165, 0.561683, -0.271758, -0.125835
0.442328, 0.468426, 0.456878, 0.489344
0.442379, 0.638218, -0.595658, -0.353429
0.442572, 0.020893, 0.538154, 0.023887
0.442574, 0.704444, -0.622177, -0.299595
0.442707, 0.921731, -0.660621, -0.083228
0.442791, 0.442216, 0.468933, 0.468218
0.442835, 0.693361, -0.618293, -0.309379
0.443054, 0.222973, 0.523789, 0.250907
0.443130, 0.849151, -0.653086, -0.159142
0.443347, 0.308275, 0.509303, 0.341330
0.443492, 0.481548, 0.451090, 0.498431
0.443813, 0.087406, 0.537260, 0.099626
0.443846, 0.428921, 0.475113, 0.456541
0.443872, 0.583831, -0.562357, -0.388943
0.444001, 0.802816, -0.645065, -0.206378
0.444163, 0.000000, 0.540007, 0.000000
0.444169, 0.507820, 0.435904, 0.515026
0.444212, 0.494410, 0.444364, 0.506785
0.444391, 0.762255, -0.636451, -0.246379
0.444524, 0.320716, 0.507829, 0.353821
0.444568, 0.111892, 0.536860, 0.127337
0.444583, 0.729775, -0.627923, -0.277168
0.445022, 0.519171, 0.427951, 0.520063
0.445142, 0.862006, -0.652576, -0.146073
0.445166, 0.660218, -0.603649, -0.337911
0.445366, 0.124468, 0.536781, 0.141439
0.445623, 0.909269, -0.656624, -0.096592
0.445628, 0.605524, -0.574906, -0.376776
0.445777, 0.333556, 0.506074, 0.366467
0.445853, 0.402355, 0.486488, 0.432351
0.446013, 0.244099, 0.523933, 0.273348
0.446231, 0.816453, -0.645008, -0.192995
0.446399, 0.137292, 0.536949, 0.155770
0.446472, 0.530185, 0.417400, 0.521181
0.446572, 0.715637, -0.622072, -0.290749
0.446585, 0.275849, 0.519037, 0.306959
0.446607, 0.387685, 0.491906, 0.418587
0.446608, 0.874410, -0.652488, -0.133309
0.446732, 0.944224, -0.657745, -0.059577
0.446812, 0.031593, 0.542651, 0.036028
0.446950, 0.550386, 0.052854, 0.178965
0.447254, 0.989297, -0.658326, -0.011454
0.447409, 0.415481, 0.483221, 0.443495
0.447413, 0.150424, 0.536887, 0.170368
0.447587, 0.886629, -0.652693, -0.120594
0.447600, 0.626950, -0.586118, -0.364082
0.447896, 0.362187, 0.500746, 0.394091
0.448072, 0.966532, -0.657100, -0.035814
0.448265, 0.681073, -0.609285, -0.321863
0.448283, 0.213683, 0.530765, 0.240112
0.448400, 0.202062, 0.532377, 0.227389
0.448632, 0.057362, 0.543886, 0.065303
0.448890, 0.347261, 0.505702, 0.379278
0.448903, 0.898262, -0.652215, -0.108448
0.449246, 0.572619, -0.532504, -0.379676
0.449340, 0.068645, 0.544181, 0.078079
0.449407, 0.827759, -0.643699, -0.181982
0.449592, 0.164071, 0.538104, 0.185391
0.449640, 0.375078, 0.498733, 0.405921
0.449719, 0.189280, 0.535425, 0.213221
0.449844, 0.648528, -0.594882, -0.349122
0.449990, 0.750689, -0.628284, -0.258784
0.450235, 0.255428, 0.526569, 0.284775
0.450365, 0.176352, 0.537631, 0.198906
0.450600, 0.010486, 0.547205, 0.011942
0.451056, 0.042659, 0.547053, 0.048521
0.451214, 0.594318, -0.564683, -0.387240
0.451709, 0.931233, -0.651817, -0.073669
0.451900, 0.288201, 0.522280, 0.318893
0.452086, 0.770483, -0.630716, -0.240001
0.452094, 0.233587, 0.532064, 0.261138
0.452543, 0.782517, -0.632847, -0.228210
0.452687, 0.449519, 0.473764, 0.469823
0.452755, 0.539491, 0.391195, 0.497831
0.452900, 0.462272, 0.467836, 0.479498
0.452940, 0.080333, 0.547826, 0.091179
0.452965, 0.840933, -0.641806, -0.168885
0.453095, 0.793726, -0.634425, -0.217104
0.453437, 0.615769, -0.576048, -0.374906
0.453593, 0.474924, 0.461712, 0.488247
0.453634, 0.670541, -0.600808, -0.332755
0.453846, 0.739285, -0.621810, -0.270623
0.454019, 0.978460, -0.651083, -0.023161
0.454039, 1.000000, -0.651170, 0.000000
0.454046, 0.436629, 0.480541, 0.458868
0.454068, 0.300243, 0.521981, 0.330843
0.454276, 0.093476, 0.548677, 0.105958
0.454310, 0.702928, -0.611188, -0.304591
0.454353, 0.691008, -0.607364, -0.315280
0.454370, 0.105107, 0.548002, 0.119038
0.454405, 0.561327, -0.523420, -0.390892
0.454427, 0.853941, -0.642169, -0.155572
0.454553, 0.487879, 0.454839, 0.496294
0.454570, 0.266676, 0.529121, 0.295909
0.454782, 0.424964, 0.485965, 0.448868
0.454869, 0.500989, 0.446501, 0.503853
0.454889, 0.394717, 0.497228, 0.422366
0.454900, 0.312111, 0.520164, 0.342725
0.455069, 0.918585, -0.647465, -0.087345
0.455156, 0.807286, -0.634699, -0.203759
0.455261, 0.637154, -0.585491, -0.360317
0.455338, 0.725892, -0.616984, -0.283706
0.455562, 0.954492, -0.648867, -0.048946
0.455749, 0.324326, 0.518195, 0.354836
0.455851, 0.021165, 0.552983, 0.024035
0.456128, 0.117707, 0.549217, 0.133086
0.456175, 0.513599, 0.436548, 0.507925
0.456605, 0.583100, -0.552205, -0.395276
0.456620, 0.223381, 0.538430, 0.249496
0.456724, 0.336818, 0.516035, 0.366975
0.456957, 0.356375, 0.511079, 0.385975
0.456990, 0.130395, 0.549155, 0.147203
0.457242, 0.406974, 0.495037, 0.432483
0.457306, 0.867257, -0.640614, -0.141925
0.457506, 0.526153, 0.409169, 0.494387
0.457689, 0.658633, -0.592810, -0.344241
0.457707, 0.143136, 0.548856, 0.161339
0.457714, 0.000000, 0.555169, 0.000000
0.457806, 0.714049, -0.611284, -0.295412
0.457897, 0.759588, -0.622696, -0.251924
0.458177, 0.156268, 0.548047, 0.175847
0.458323, 0.906061, -0.642996, -0.100903
0.458446, 0.604726, -0.566491, -0.385093
0.458562, 0.244493, 0.537191, 0.271789
0.458626, 0.941298, -0.645034, -0.063234
0.458711, 0.050961, 0.555360, 0.057730
0.458725, 0.879593, -0.640417, -0.129054
0.458839, 0.819603, -0.632841, -0.191728
0.459069, 0.278831, 0.531426, 0.307737
0.459167, 0.209976, 0.542927, 0.234615
0.459227, 0.383120, 0.505027, 0.410370
0.459454, 0.550300, -0.546071, -0.434175
0.459499, 0.892393, -0.640731, -0.115548
0.459735, 0.196961, 0.545268, 0.220407
0.459942, 0.032109, 0.557243, 0.036367
0.460203, 0.368085, 0.510659, 0.396108
0.460483, 0.967869, -0.644045, -0.034699
0.460489, 0.625876, -0.576196, -0.371265
0.460711, 0.062526, 0.557129, 0.070723
0.460721, 0.183503, 0.548011, 0.205601
0.460929, 0.989106, -0.643827, -0.011770
0.461496, 0.832141, -0.632007, -0.179155
0.461856, 0.170302, 0.550738, 0.190994
0.461858, 0.571732, -0.541066, -0.404673
0.462008, 0.681354, -0.597481, -0.326367
0.462224, 0.417058, 0.495480, 0.439282
0.462628, 0.256892, 0.539294, 0.284201
0.462638, 0.073833, 0.558821, 0.083392
0.462694, 0.647268, -0.584046, -0.355544
0.462943, 0.346550, 0.519523, 0.374842
0.463022, 0.772220, -0.620266, -0.240479
0.463431, 0.442782, 0.485278, 0.459594
0.463459, 0.455514, 0.479048, 0.469167
0.463679, 0.748118, -0.614582, -0.264435
0.463806, 0.798376, -0.624541, -0.214267
0.463911, 0.291532, 0.533909, 0.319892
0.463996, 0.593485, -0.556056, -0.395387
0.464056, 0.845265, -0.631003, -0.165779
0.464096, 0.468088, 0.472703, 0.477671
0.464122, 0.538283, -0.171773, -0.081183
0.464138, 0.010614, 0.562330, 0.012003
0.464386, 0.733949, -0.610536, -0.278342
0.464494, 0.086298, 0.560320, 0.097322
0.464534, 0.927151, -0.638143, -0.078739
0.464826, 0.784212, -0.620936, -0.228805
0.464826, 0.480751, 0.465476, 0.485284
0.465118, 0.695114, -0.599028, -0.314978
0.465378, 0.858443, -0.631342, -0.152095
0.465529, 0.493479, 0.457052, 0.491812
0.465594, 0.396103, 0.506330, 0.419895
0.465638, 0.668775, -0.589909, -0.338602
0.465794, 0.041948, 0.563488, 0.047355
0.465852, 0.233460, 0.546708, 0.258909
0.465957, 0.098853, 0.561274, 0.111322
0.466087, 0.303496, 0.533419, 0.331538
0.466239, 0.315068, 0.530840, 0.343095
0.466278, 0.429523, 0.493567, 0.447847
0.466658, 0.505535, 0.448106, 0.496412
0.466696, 0.110691, 0.561235, 0.124488
0.466749, 0.614728, -0.566063, -0.382555
0.466800, 0.327614, 0.528213, 0.355346
0.466850, 0.269462, 0.541326, 0.296555
0.467049, 0.560590, -0.535951, -0.419882
0.467329, 0.959280, -0.636311, -0.044155
0.467330, 0.219494, 0.550319, 0.243741
0.467389, 0.913997, -0.634046, -0.093033
0.467429, 0.707685, -0.600687, -0.304061
0.467482, 0.811042, -0.622761, -0.201852
0.467590, 0.123231, 0.561342, 0.138397
0.467648, 1.000000, -0.636722, 0.000000
0.467687, 0.721217, -0.604014, -0.291331
0.467805, 0.978112, -0.636357, -0.023756
0.468030, 0.376128, 0.515387, 0.401116
0.468099, 0.517350, 0.432637, 0.493679
0.468274, 0.635872, -0.574726, -0.367062
0.468636, 0.160326, 0.559040, 0.179287
0.468645, 0.135862, 0.561464, 0.152323
0.468947, 0.148142, 0.560607, 0.165852
0.469052, 0.021506, 0.567641, 0.024250
0.469147, 0.900050, -0.631217, -0.108135
0.469204, 0.356839, 0.522532, 0.382869
0.469278, 0.581970, -0.545577, -0.405658
0.469559, 0.948807, -0.633609, -0.055576
0.469603, 0.528187, 0.138761, 0.210287
0.469644, 0.205543, 0.554746, 0.228412
0.469713, 0.760314, -0.611343, -0.253707
0.469742, 0.872408, -0.628225, -0.137743
0.469840, 0.937838, -0.632810, -0.067468
0.469859, 0.885962, -0.629359, -0.123287
0.470051, 0.337298, 0.528848, 0.363950
0.470232, 0.407489, 0.506039, 0.428005
0.470299, 0.246994, 0.549036, 0.272470
0.470519, 0.191878, 0.557453, 0.213519
0.470532, 0.657490, -0.581507, -0.350054
0.470985, 0.823680, -0.621047, -0.189255
0.471013, 0.053978, 0.568986, 0.060747
0.471013, 0.282285, 0.542944, 0.308916
0.471153, 0.603893, -0.557248, -0.392536
0.471272, 0.000000, 0.570285, 0.000000
0.471480, 0.548537, -0.486238, -0.390673
0.472094, 0.179106, 0.560710, 0.199458
0.472537, 0.387127, 0.515685, 0.409483
0.472856, 0.065878, 0.570422, 0.074020
0.473308, 0.624593, -0.565774, -0.378161
0.473330, 0.792197, -0.613619, -0.222133
0.473391, 0.836076, -0.620274, -0.176600
0.473686, 0.032343, 0.572466, 0.036366
0.473703, 0.740594, -0.603051, -0.274042
0.474254, 0.438029, 0.495834, 0.450778
0.474256, 0.677102, -0.585120, -0.334136
0.474261, 0.366224, 0.524295, 0.390036
0.474299, 0.687705, -0.588459, -0.324531
0.474303, 0.772452, -0.609104, -0.242413
0.474327, 0.449700, 0.489969, 0.459338
0.474425, 0.988920, -0.629417, -0.012081
0.474488, 0.419372, 0.504638, 0.436094
0.474531, 0.078430, 0.571721, 0.087994
0.474622, 0.259909, 0.551157, 0.285184
0.474708, 0.571209, -0.536110, -0.416266
0.474793, 0.461609, 0.483583, 0.467183
0.475212, 0.848590, -0.619822, -0.163596
0.475305, 0.474047, 0.475850, 0.474286
0.475396, 0.646062, -0.573056, -0.361577
0.475405, 0.967909, -0.627953, -0.034995
0.475676, 0.861255, -0.620748, -0.150193
0.476076, 0.486744, 0.465743, 0.479010
0.476098, 0.091309, 0.572786, 0.102288
0.476202, 0.295600, 0.545462, 0.321378
0.476308, 0.321300, 0.539137, 0.346753
0.476375, 0.167961, 0.566701, 0.186855
0.476568, 0.591761, -0.546880, -0.403855
0.476595, 0.803802, -0.612256, -0.210722
0.476706, 0.728882, -0.597352, -0.286190
0.476707, 0.700654, -0.589998, -0.313215
0.476924, 0.346084, 0.533029, 0.370482
0.477119, 0.226172, 0.559490, 0.249334
0.477340, 0.920430, -0.623881, -0.086693
0.477341, 0.537123, -0.505956, -0.431757
0.477445, 0.498942, 0.451072, 0.477772
0.477715, 0.750892, -0.601436, -0.264741
0.477761, 0.010924, 0.577449, 0.012261
0.478028, 0.308211, 0.544094, 0.333444
0.478082, 0.103716, 0.574298, 0.115979
0.478168, 0.238702, 0.558601, 0.262401
0.478202, 0.931373, -0.623552, -0.074877
0.478317, 0.714754, -0.592412, -0.300290
0.478379, 0.116204, 0.573614, 0.129781
0.478393, 0.398355, 0.516586, 0.417063
0.478522, 0.214006, 0.562953, 0.236232
0.478578, 0.044521, 0.577514, 0.049906
0.478641, 0.511424, 0.434473, 0.474912
0.478808, 0.272513, 0.552955, 0.297361
0.478880, 0.907477, -0.621494, -0.100828
0.478979, 0.128829, 0.573239, 0.143672
0.479011, 0.559365, -0.521766, -0.421928
0.479150, 0.666752, -0.577264, -0.344980
0.479271, 0.782616, -0.606078, -0.232998
0.479848, 0.893905, -0.619449, -0.115566
0.479953, 0.200047, 0.566372, 0.221078
0.480029, 0.154788, 0.572009, 0.172078
0.480075, 0.815922, -0.610537, -0.198628
0.480203, 0.142236, 0.573420, 0.158316
0.480416, 0.955948, -0.622200, -0.048181
0.480491, 0.377399, 0.526190, 0.398070
0.480583, 0.880462, -0.617570, -0.130119
0.480606, 0.613644, -0.555094, -0.389978
0.480662, 0.429119, 0.505058, 0.440967
0.480796, 0.523995, -0.269952, -0.217147
0.481031, 0.333051, 0.540706, 0.356944
0.481133, 1.000000, -0.622293, 0.000000
0.481396, 0.634929, -0.563626, -0.373239
0.481678, 0.978121, -0.621470, -0.023962
0.482375, 0.285277, 0.553737, 0.309540
0.482378, 0.022242, 0.582358, 0.024898
0.482393, 0.187684, 0.570634, 0.207479
0.482531, 0.355554, 0.535392, 0.377646
0.482585, 0.762092, -0.598901, -0.254487
0.482668, 0.581550, -0.537070, -0.414255
0.482700, 0.251274, 0.561095, 0.274740
0.482766, 0.601585, -0.547594, -0.400099
0.482780, 0.943062, -0.619138, -0.062332
0.482934, 0.409935, 0.515586, 0.424820
0.483274, 0.057424, 0.582380, 0.064182
0.483470, 0.828398, -0.608784, -0.185980
0.483498, 0.868525, -0.613196, -0.143192
0.483536, 0.655452, -0.569523, -0.356473
0.483592, 0.547996, -0.513982, -0.433944
0.484186, 0.069708, 0.582644, 0.077809
0.484741, 0.000000, 0.585216, 0.000000
0.485126, 0.176015, 0.575086, 0.194580
0.485341, 0.690952, -0.579224, -0.324750
0.485394, 0.794612, -0.601696, -0.221612
0.485407, 0.840776, -0.608288, -0.173091
0.485509, 0.441954, 0.501988, 0.447818
0.485642, 0.624566, -0.555861, -0.383481
0.485644, 0.388641, 0.526540, 0.405984
0.485653, 0.453713, 0.495601, 0.455876
0.485790, 0.466435, 0.487201, 0.463126
0.485809, 0.083289, 0.583763, 0.092822
0.485892, 0.854268, -0.609242, -0.158732
0.485925, 0.739463, -0.590749, -0.277856
0.486056, 0.034656, 0.585956, 0.038694
0.486341, 0.479318, 0.475052, 0.466321
0.486516, 0.678463, -0.574329, -0.336684
0.486525, 0.319941, 0.549395, 0.342781
0.486657, 0.366694, 0.535422, 0.386412
0.486794, 0.725312, -0.586786, -0.292089
0.486937, 0.569391, -0.526615, -0.424135
0.487010, 0.704830, -0.581407, -0.312018
0.487105, 0.263338, 0.563244, 0.286317
0.487656, 0.773048, -0.595816, -0.244267
0.487794, 0.989774, -0.614993, -0.011251
0.487800, 0.230691, 0.569880, 0.252366
0.488186, 0.491118, 0.446517, 0.450159
0.488195, 0.095534, 0.585734, 0.106250
0.488336, 0.643805, -0.561152, -0.368334
0.488447, 0.420379, 0.515211, 0.430581
0.488558, 0.163054, 0.580280, 0.180168
0.488659, 0.297980, 0.557051, 0.320788
0.488741, 0.208221, 0.574428, 0.228543
0.488861, 0.807059, -0.600149, -0.209173
0.488862, 0.535655, -0.490691, -0.432566
0.488886, 0.966407, -0.613638, -0.036964
0.488960, 0.915425, -0.611272, -0.092831
0.489074, 0.929075, -0.611764, -0.077908
0.489118, 0.503163, 0.374793, 0.392051
0.489417, 0.343293, 0.545503, 0.364140
0.489450, 0.109316, 0.586200, 0.121375
0.489479, 0.134833, 0.583974, 0.149335
0.489824, 0.308946, 0.555496, 0.331279
0.489997, 0.901713, -0.609218, -0.107843
0.489999, 0.121710, 0.585796, 0.134944
0.490323, 0.592317, -0.537419, -0.410722
0.490477, 0.219656, 0.574605, 0.240390
0.490495, 0.048096, 0.590460, 0.053543
0.490533, 0.751316, -0.588836, -0.266964
0.490566, 0.514683, -0.298769, -0.269195
0.490767, 0.243211, 0.570779, 0.264894
0.490918, 0.275460, 0.564513, 0.297824
0.490937, 0.888357, -0.607206, -0.122439
0.490954, 0.400078, 0.526349, 0.413401
0.491286, 0.666364, -0.566271, -0.349276
0.491369, 0.012179, 0.592083, 0.013563
0.491456, 0.149346, 0.584701, 0.164963
0.491517, 0.714743, -0.579531, -0.303525
0.491553, 0.558017, -0.517137, -0.434527
0.492149, 0.196554, 0.579772, 0.215680
0.492275, 0.819855, -0.598413, -0.196160
0.492313, 0.784566, -0.593094, -0.233187
0.492328, 0.953511, -0.609355, -0.051236
0.492471, 0.606744, -0.542581, -0.400712
0.492586, 0.329795, 0.552431, 0.350536
0.492689, 0.378423, 0.536507, 0.394570
0.492753, 0.432778, 0.512115, 0.437547
0.492931, 0.875581, -0.603892, -0.136452
0.493025, 0.525755, -0.468383, -0.427771
0.493680, 0.287755, 0.564419, 0.309479
0.494200, 0.979645, -0.607975, -0.022477
0.494325, 0.074626, 0.593461, 0.082790
0.494392, 0.861802, -0.601035, -0.151497
0.494395, 0.355427, 0.546189, 0.373690
0.494592, 0.618416, -0.545983, -0.392233
0.494641, 0.579175, -0.527414, -0.422340
0.494808, 0.024825, 0.595818, 0.027590
0.495068, 0.184645, 0.584544, 0.202607
0.495079, 1.000000, -0.607057, 0.000000
0.495135, 0.545358, -0.504432, -0.441985
0.495223, 0.941603, -0.605943, -0.064457
0.495487, 0.061859, 0.595451, 0.068634
0.495529, 0.698023, -0.571416, -0.320756
0.495552, 0.762951, -0.585997, -0.256066
0.495676, 0.632011, -0.550434, -0.381217
0.495743, 0.847133, -0.598085, -0.167454
0.495796, 0.654576, -0.558311, -0.361396
0.495827, 0.833053, -0.596517, -0.182591
0.495842, 0.732487, -0.579415, -0.286967
0.495846, 0.255196, 0.573760, 0.276285
0.495950, 0.458558, 0.499242, 0.452754
0.496280, 0.472253, 0.486603, 0.456731
0.496345, 0.410604, 0.525920, 0.419356
0.496764, 0.172509, 0.587812, 0.189392
0.497121, 0.686018, -0.566696, -0.332679
0.497128, 0.445662, 0.507070, 0.443081
0.497239, 0.796818, -0.589872, -0.221145
0.497473, 0.037840, 0.598285, 0.041963
0.497623, 0.000000, 0.598619, 0.000000
0.498249, 0.101210, 0.596173, 0.111838
0.498278, 0.367460, 0.545368, 0.383006
0.498318, 0.086514, 0.597113, 0.095675
0.498371, 0.390247, 0.536592, 0.402277
0.498519, 0.233688, 0.580548, 0.253695
0.498776, 0.317800, 0.561757, 0.337451
0.498852, 0.483702, 0.444843, 0.426053
0.499183, 0.140325, 0.593904, 0.154410
0.499805, 0.496440, 0.190626, 0.186526
0.499839, 0.568415, -0.517958, -0.432714
0.499842, 0.742799, -0.577626, -0.277419
0.499871, 0.267235, 0.575283, 0.287649
0.499923, 0.207920, 0.586202, 0.226565
0.499933, 0.674645, -0.560845, -0.344226
0.499939, 0.642728, -0.550559, -0.373372
0.499996, 0.158717, 0.592735, 0.174173
0.500128, 0.920132, -0.599448, -0.088295
0.500417, 0.774807, -0.583108, -0.244672
0.500497, 0.907930, -0.598359, -0.101734
0.500557, 0.422595, 0.523099, 0.426203
0.500630, 0.809057, -0.588191, -0.208729
0.500663, 0.127568, 0.596697, 0.140433
0.500673, 0.970961, -0.600678, -0.032177
0.500688, 0.721965, -0.572230, -0.298535
0.500773, 0.931601, -0.599169, -0.075682
0.500946, 0.336747, 0.558116, 0.354535
0.501140, 0.304859, 0.567511, 0.324418
0.501502, 0.508256, -0.468532, -0.460186
0.501575, 0.114715, 0.598683, 0.126354
0.501597, 0.895228, -0.596269, -0.115737
0.501646, 0.222268, 0.585555, 0.241265
0.501687, 0.599484, -0.532068, -0.410540
0.501696, 0.587491, -0.526440, -0.419817
0.501822, 0.708206, -0.567862, -0.312412
0.501858, 0.051186, 0.602697, 0.056591
0.501870, 0.989802, -0.599619, -0.011313
0.502555, 0.960297, -0.598450, -0.044035
0.502707, 0.533283, -0.491510, -0.453494
0.502815, 0.346894, 0.556565, 0.363189
0.502816, 0.882756, -0.593927, -0.129471
0.502887, 0.280439, 0.575269, 0.300136
0.503081, 0.555985, -0.508427, -0.442641
0.503107, 0.294203, 0.572224, 0.313621
0.503205, 0.519997, -0.474568, -0.453711
0.503354, 0.246069, 0.583137, 0.265515
0.503794, 0.194381, 0.592318, 0.211742
0.503842, 0.869453, -0.591706, -0.144084
0.503854, 0.821036, -0.586381, -0.196390
0.503898, 0.008336, 0.605633, 0.009216
0.504049, 0.753928, -0.575617, -0.266893
0.504239, 0.400703, 0.536680, 0.408065
0.504378, 0.662995, -0.553183, -0.356402
0.504471, 0.380067, 0.545832, 0.391392
0.504488, 0.434046, 0.519500, 0.431960
0.504721, 0.073235, 0.605000, 0.080759
0.504722, 0.611890, -0.534866, -0.401732
0.504892, 0.786867, -0.580461, -0.232790
0.504926, 0.855750, -0.589264, -0.159101
0.505263, 0.018424, 0.607225, 0.020344
0.505482, 0.466319, 0.498753, 0.450087
0.505763, 0.949140, -0.594571, -0.056497
0.505947, 0.624911, -0.538950, -0.391160
0.506171, 0.544165, -0.498905, -0.451665
0.506209, 0.326190, 0.566273, 0.343207
0.506361, 0.149441, 0.600666, 0.163530
0.506446, 0.842462, -0.586233, -0.173664
0.506880, 0.695703, -0.559880, -0.325909
0.506924, 0.167865, 0.599024, 0.183175
0.507194, 0.181392, 0.597571, 0.197517
0.507308, 0.358206, 0.556628, 0.371677
0.507456, 0.454318, 0.501929, 0.435887
0.507474, 0.029869, 0.609385, 0.032931
0.507576, 0.093199, 0.606720, 0.102440
0.508096, 0.831577, -0.583149, -0.185583
0.508517, 0.413499, 0.533602, 0.415552
0.508519, 0.650799, -0.545509, -0.368919
0.508633, 0.765499, -0.573033, -0.255752
0.508706, 0.732029, -0.566435, -0.290146
0.508766, 0.061865, 0.609744, 0.068076
0.508769, 0.258644, 0.585927, 0.277127
0.508902, 0.980252, -0.591757, -0.021991
0.508908, 0.577489, -0.516197, -0.430924
0.509101, 1.000000, -0.591780, 0.000000
0.509194, 0.041257, 0.610836, 0.045417
0.509316, 0.799185, -0.577627, -0.220411
0.509529, 0.683708, -0.554261, -0.338252
0.509567, 0.233953, 0.591723, 0.251969
0.509664, 0.489475, 0.066899, 0.042261
0.509722, 0.214390, 0.595263, 0.231759
0.509727, 0.443765, 0.516723, 0.434745
0.509754, 0.369567, 0.554388, 0.380485
0.509911, 0.637130, -0.539867, -0.381828
0.509919, 0.476495, 0.506653, 0.465156
0.509940, 0.104385, 0.608371, 0.114451
0.510009, 0.938672, -0.589417, -0.068252
0.510311, 0.312856, 0.573977, 0.329538
0.510590, 0.136886, 0.606466, 0.149597
0.510735, 0.717260, -0.561296, -0.305509
0.511097, 0.272679, 0.585154, 0.290603
0.511561, 0.564286, -0.507477, -0.441902
0.511844, 0.390125, 0.547445, 0.396396
0.511880, 0.914340, -0.586330, -0.095333
0.511987, 0.082775, 0.612093, 0.090798
0.512252, 0.124768, 0.609339, 0.136375
0.512274, 0.926347, -0.586423, -0.082036
0.512275, 0.501710, -0.464530, -0.477623
0.512282, 0.901976, -0.585172, -0.109037
0.512386, 0.591066, -0.519759, -0.421957
0.512424, 0.202993, 0.599876, 0.219475
0.512644, 0.744061, -0.564982, -0.278671
0.512706, 0.000000, 0.615541, 0.000000
0.512816, 0.811407, -0.575659, -0.207855
0.512970, 0.672209, -0.547807, -0.350208
0.513157, 0.777369, -0.570338, -0.244078
0.513172, 0.287303, 0.583717, 0.304425
0.513329, 0.968898, -0.586821, -0.034721
0.513413, 0.425085, 0.530461, 0.420710
0.513502, 0.526242, -0.481786, -0.465943
0.513518, 0.337123, 0.569504, 0.350919
0.513696, 0.889325, -0.582675, -0.123084
0.513872, 0.513529, -0.473117, -0.473546
0.513930, 0.876776, -0.581476, -0.136926
0.513963, 0.603080, -0.523606, -0.412810
0.514525, 0.300703, 0.581417, 0.316919
0.514543, 0.863374, -0.579679, -0.151697
0.514613, 0.705318, -0.554689, -0.318309
0.514741, 0.245323, 0.594631, 0.262503
0.514756, 0.114587, 0.612792, 0.125148
0.514976, 0.349376, 0.566413, 0.361237
0.515031, 0.157954, 0.608792, 0.171663
0.515071, 0.050601, 0.617007, 0.055485
0.515355, 0.551588, -0.497868, -0.452807
0.515491, 0.404053, 0.543550, 0.405208
0.515637, 0.224231, 0.599628, 0.240905
0.516015, 0.849476, -0.576766, -0.167043
0.516022, 0.538480, -0.489595, -0.461662
0.516098, 0.957308, -0.583515, -0.047721
0.516108, 0.615560, -0.526619, -0.403001
0.516246, 0.191849, 0.605511, 0.207261
0.516327, 0.463011, 0.467107, 0.400999
0.516349, 0.989773, -0.583795, -0.011440
0.516918, 0.660439, -0.540706, -0.362504
0.516950, 0.756019, -0.562789, -0.267082
0.516955, 0.010660, 0.620007, 0.011685
0.516999, 0.171244, 0.609142, 0.185502
0.517022, 0.823343, -0.572622, -0.195515
0.517147, 0.377973, 0.557100, 0.384426
0.517255, 0.323741, 0.577089, 0.337566
0.517438, 0.789336, -0.567716, -0.232069
0.517596, 0.072030, 0.618904, 0.078793
0.517851, 0.023512, 0.620718, 0.025758
0.518191, 0.436104, 0.525565, 0.423583
0.518469, 0.627039, -0.528694, -0.393747
0.518814, 0.692827, -0.547587, -0.331708
0.518869, 0.725302, -0.554818, -0.299088
0.518941, 0.145713, 0.614381, 0.158197
0.519416, 0.836533, -0.571614, -0.181485
0.519567, 0.363585, 0.565054, 0.371671
0.519768, 0.093936, 0.619871, 0.102453
0.519837, 0.946040, -0.579032, -0.060418
0.519915, 0.648124, -0.534262, -0.374969
0.519942, 0.181801, 0.610767, 0.196213
0.520063, 0.254996, 0.597937, 0.271100
0.520097, 0.036372, 0.622861, 0.039774
0.520180, 0.483631, -0.242545, -0.287248
0.520222, 0.450054, 0.519224, 0.432040
0.520413, 0.571443, -0.504508, -0.441030
0.520502, 0.266774, 0.595709, 0.282622
0.520971, 0.583354, -0.509509, -0.431920
0.521409, 0.415381, 0.541537, 0.409880
0.521442, 0.768009, -0.560175, -0.255273
0.521600, 0.801311, -0.564978, -0.219841
0.521632, 0.211970, 0.607876, 0.227285
0.521910, 0.060875, 0.623959, 0.066431
0.521990, 0.494621, -0.427247, -0.461179
0.522080, 0.735874, -0.553704, -0.288897
0.522125, 0.279489, 0.594187, 0.294612
0.522269, 0.395549, 0.552826, 0.395586
0.522288, 0.132354, 0.619253, 0.143586
0.522293, 0.235263, 0.604307, 0.250902
0.522297, 0.681104, -0.541201, -0.344077
0.522386, 0.312599, 0.585287, 0.325805
0.522387, 0.637871, -0.528702, -0.385194
0.522480, 0.105120, 0.621685, 0.114314
0.522597, 0.978505, -0.576845, -0.024128
0.522690, 0.472987, 0.268416, 0.207626
0.522698, 0.934255, -0.575458, -0.073701
0.523087, 1.000000, -0.576423, 0.000000
0.523438, 0.909159, -0.573407, -0.101743
0.523587, 0.714287, -0.547719, -0.311279
0.523593, 0.921563, -0.573892, -0.087918
0.523650, 0.558870, -0.495888, -0.452079
0.523934, 0.896540, -0.572096, -0.115815
0.524492, 0.595470, -0.511657, -0.423393
0.524747, 0.871615, -0.569322, -0.143503
0.524904, 0.531215, -0.479500, -0.471649
0.524937, 0.507074, -0.462080, -0.484285
0.525021, 0.519136, -0.471711, -0.479031
0.525065, 0.858216, -0.567795, -0.158318
0.525077, 0.083132, 0.626174, 0.090420
0.525107, 0.813105, -0.562833, -0.207593
0.525144, 0.291894, 0.593834, 0.305687
0.525352, 0.353899, 0.573631, 0.361260
0.525399, 0.331623, 0.581821, 0.342022
0.525518, 0.384868, 0.560542, 0.386080
0.525550, 0.200324, 0.613731, 0.214638
0.525572, 0.883481, -0.569327, -0.130418
0.525659, 0.119483, 0.624074, 0.129511
0.525719, 0.966648, -0.573280, -0.037497
0.525767, 0.669257, -0.534741, -0.356521
0.525788, 0.747375, -0.552041, -0.277645
0.525897, 0.780005, -0.557396, -0.243255
0.525948, 0.342045, 0.578692, 0.350961
0.526030, 0.607438, -0.514984, -0.413739
0.526218, 0.048265, 0.628997, 0.052551
0.526448, 0.164517, 0.619871, 0.177209
0.526586, 0.426138, 0.538186, 0.413445
0.526688, 0.545516, -0.486755, -0.463330
0.526850, 0.000000, 0.630445, 0.000000
0.527080, 0.701929, -0.541564, -0.324571
0.527334, 0.302411, 0.592904, 0.314937
0.527538, 0.014356, 0.631191, 0.015634
0.527606, 0.222894, 0.611907, 0.237368
0.527683, 0.460789, 0.512180, 0.429282
0.528193, 0.846470, -0.563212, -0.171526
0.528321, 0.372218, 0.568468, 0.374997
0.528413, 0.245993, 0.608021, 0.260373
0.528527, 0.154071, 0.623405, 0.165975
0.528615, 0.619543, -0.516969, -0.403910
0.528716, 0.825309, -0.560385, -0.194746
0.528790, 0.406157, 0.551723, 0.399529
0.528845, 0.439205, 0.524251, 0.412976
0.529101, 0.656591, -0.528143, -0.369670
0.529486, 0.953865, -0.568747, -0.051953
0.529957, 0.759126, -0.549777, -0.266035
0.529995, 0.988450, -0.568859, -0.013018
0.530088, 0.071465, 0.632293, 0.077531
0.530135, 0.188756, 0.620243, 0.201981
0.530139, 0.026343, 0.633766, 0.028624
0.530160, 0.791923, -0.554632, -0.231114
0.530209, 0.175617, 0.622335, 0.188339
0.530839, 0.141916, 0.627200, 0.152869
0.530952, 0.259816, 0.607523, 0.273439
0.531031, 0.321973, 0.590124, 0.331605
0.531386, 0.725169, -0.542032, -0.301733
0.531514, 0.690541, -0.534441, -0.336983
0.531893, 0.577312, -0.498026, -0.441526
0.531902, 0.631341, -0.517868, -0.394231
0.531953, 0.484147, -0.444879, -0.504257
0.532010, 0.835423, -0.557879, -0.184029
0.532268, 0.107877, 0.631879, 0.116508
0.532275, 0.272704, 0.605626, 0.285564
0.532503, 0.037251, 0.636029, 0.040402
0.532530, 0.566741, -0.492860, -0.450298
0.532594, 0.094646, 0.633445, 0.102333
0.532602, 0.449311, 0.475279, 0.372148
0.532744, 0.497693, -0.448769, -0.492357
0.533202, 0.942413, -0.564241, -0.064956
0.533467, 0.644457, -0.520395, -0.382418
0.533580, 0.361055, 0.577578, 0.363870
0.533622, 0.211675, 0.620058, 0.224918
0.533908, 0.059187, 0.636791, 0.064077
0.534045, 0.232850, 0.616392, 0.246145
0.534095, 0.587743, -0.500462, -0.433724
0.534130, 0.129272, 0.631974, 0.139136
0.534215, 0.804150, -0.551881, -0.218423
0.534271, 0.737495, -0.541554, -0.289541
0.534313, 0.471240, -0.299088, -0.376221
0.534318, 0.394418, 0.562065, 0.388548
0.534330, 0.929520, -0.562541, -0.079508
0.534369, 0.770936, -0.547057, -0.254206
0.534486, 0.284876, 0.604403, 0.296529
0.534556, 0.865884, -0.558042, -0.150647
0.534600, 0.536381, -0.476146, -0.473930
0.534778, 0.903852, -0.560627, -0.108327
0.534807, 0.916570, -0.561329, -0.094073
0.534851, 0.679010, -0.528354, -0.349260
0.534946, 0.711347, -0.535654, -0.316695
0.535090, 0.416835, 0.548847, 0.402127
0.535108, 0.890874, -0.559465, -0.122870
0.535294, 0.554609, -0.485072, -0.461038
0.535969, 0.310849, 0.598251, 0.320069
0.536082, 0.975995, -0.562088, -0.027148
0.536321, 1.000000, -0.561990, 0.000000
0.536325, 0.524191, -0.468051, -0.483148
0.536445, 0.347574, 0.585460, 0.351706
0.536717, 0.009056, 0.641080, 0.009804
0.536779, 0.512182, -0.460276, -0.490873
0.536866, 0.599471, -0.502543, -0.424657
0.536956, 0.962832, -0.560691, -0.042034
0.537174, 0.382005, 0.570595, 0.378305
0.537229, 0.816615, -0.550224, -0.205233
0.537478, 0.431397, 0.540011, 0.408347
0.537498, 0.082399, 0.639420, 0.088865
0.537683, 0.666632, -0.522558, -0.362234
0.537776, 0.877311, -0.555545, -0.138198
0.537814, 0.334319, 0.591759, 0.340045
0.537832, 0.200724, 0.626109, 0.213041
0.537846, 0.854655, -0.553448, -0.163389
0.538226, 0.610869, -0.505392, -0.415009
0.538430, 0.749930, -0.539351, -0.277171
0.538544, 0.047067, 0.642103, 0.050816
0.538706, 0.117251, 0.637948, 0.125954
0.538848, 0.782510, -0.544040, -0.242458
0.538892, 0.297952, 0.604932, 0.307470
0.538918, 0.164900, 0.632876, 0.176022
0.539510, 0.457980, 0.232653, 0.133121
0.539860, 0.252654, 0.617674, 0.264386
0.540213, 0.242015, 0.620444, 0.253928
0.540304, 0.152097, 0.635845, 0.162482
0.540324, 0.700105, -0.527762, -0.329302
0.540578, 0.178323, 0.632586, 0.189674
0.540606, 0.221930, 0.625086, 0.233958
0.540816, 0.020521, 0.645319, 0.022137
0.540933, 0.404761, 0.560078, 0.391171
0.541082, 0.370349, 0.579251, 0.367774
0.541183, 0.622708, -0.506553, -0.405128
0.541230, 0.842577, -0.548643, -0.177088
0.541309, 0.545053, -0.475837, -0.471178
0.541440, 0.655048, -0.515769, -0.374487
0.541752, 0.190232, 0.631857, 0.201710
0.541937, 0.000000, 0.646779, 0.000000
0.542152, 0.069989, 0.645120, 0.075300
0.542248, 0.265527, 0.616944, 0.276233
0.542359, 0.719438, -0.529590, -0.309787
0.542429, 0.139326, 0.639481, 0.148858
0.542606, 0.828843, -0.545679, -0.192383
0.542609, 0.443068, 0.553032, 0.429615
0.542647, 0.794644, -0.541688, -0.229861
0.542652, 0.988443, -0.554899, -0.013121
0.542765, 0.502675, -0.450102, -0.499951
0.542826, 0.103600, 0.643473, 0.111110
0.542829, 0.762002, -0.536700, -0.265052
0.542859, 0.490326, -0.441897, -0.507199
0.542931, 0.321705, 0.600723, 0.327358
0.543444, 0.565216, -0.483439, -0.456354
0.543557, 0.032694, 0.648026, 0.035191
0.543585, 0.951090, -0.553097, -0.055496
0.543615, 0.634952, -0.508054, -0.394411
0.543759, 0.576938, -0.487948, -0.446678
0.544125, 0.478580, -0.413733, -0.495017
0.544198, 0.688879, -0.521342, -0.341544
0.544524, 0.730137, -0.529393, -0.299037
0.544807, 0.422975, 0.546314, 0.395200
0.544821, 0.937479, -0.551330, -0.070956
0.544840, 0.357297, 0.588150, 0.356049
0.545268, 0.276492, 0.616919, 0.285784
0.545619, 0.924150, -0.549801, -0.086059
0.545717, 0.392096, 0.571175, 0.380792
0.545770, 0.288517, 0.613815, 0.296752
0.545774, 0.589824, -0.491230, -0.436405
0.545780, 0.092029, 0.647440, 0.098591
0.545824, 0.898290, -0.548068, -0.115228
0.545868, 0.885474, -0.547150, -0.129630
0.545937, 0.911096, -0.548735, -0.100811
0.545968, 0.866145, -0.545485, -0.151279
0.545974, 0.057742, 0.649625, 0.061989
0.546004, 0.466752, -0.387217, -0.485487
0.546309, 0.126530, 0.644910, 0.135016
0.546392, 0.210387, 0.633000, 0.221312
0.546431, 0.532804, -0.465878, -0.482831
0.546547, 0.675768, -0.516077, -0.355360
0.546590, 0.806799, -0.538916, -0.217070
0.546677, 0.644800, -0.507856, -0.385803
0.546746, 0.741286, -0.529185, -0.287744
0.546986, 0.965224, -0.549499, -0.039532
0.547380, 0.344465, 0.595682, 0.344774
0.547425, 0.308248, 0.609224, 0.314052
0.547526, 0.232528, 0.629738, 0.243076
0.547631, 0.773275, -0.533325, -0.253671
0.548013, 0.520917, -0.458371, -0.492084
0.548585, 0.709194, -0.521196, -0.321657
0.548670, 0.554838, -0.474686, -0.467010
0.548740, 0.977741, -0.548101, -0.025345
0.549060, 0.044618, 0.653249, 0.047820
0.549070, 0.412693, 0.557634, 0.388551
0.549083, 0.818010, -0.537486, -0.205033
0.549240, 0.602372, -0.492543, -0.426413
0.549299, 0.852390, -0.540808, -0.166952
0.549391, 0.380035, 0.580341, 0.370596
0.549537, 1.000000, -0.547320, 0.000000
0.549549, 0.452661, -0.130865, -0.249034
0.549958, 0.010384, 0.655280, 0.011132
0.550145, 0.614070, -0.495548, -0.415983
0.550172, 0.080187, 0.652896, 0.085710
0.550200, 0.332565, 0.602828, 0.333922
0.550403, 0.256737, 0.626765, 0.265820
0.550424, 0.663765, -0.509222, -0.368224
0.550491, 0.113337, 0.650570, 0.120744
0.550646, 0.433546, 0.508937, 0.363955
0.550686, 0.172378, 0.643720, 0.182084
0.550747, 0.160166, 0.645505, 0.169526
0.551162, 0.510191, -0.450093, -0.501037
0.551176, 0.199047, 0.639696, 0.209068
0.551305, 0.753691, -0.526354, -0.275259
0.551350, 0.785860, -0.531113, -0.240554
0.551852, 0.838110, -0.536655, -0.183091
0.552006, 0.185318, 0.643107, 0.195089
0.552050, 0.244356, 0.631406, 0.253585
0.552297, 0.147918, 0.648624, 0.156660
0.552595, 0.367455, 0.589204, 0.360091
0.552927, 0.876346, -0.538813, -0.140415
0.552938, 0.627661, -0.497002, -0.404014
0.553167, 0.221832, 0.637390, 0.231377
0.553331, 0.021707, 0.658566, 0.023205
0.553490, 0.542768, -0.465412, -0.478751
0.553553, 0.296487, 0.618440, 0.301648
0.553641, 0.401360, 0.570511, 0.381817
0.553825, 0.497487, -0.440700, -0.510736
0.553992, 0.698805, -0.513567, -0.333517
0.554140, 0.135704, 0.651930, 0.143766
0.554405, 0.320523, 0.610919, 0.322253
0.554567, 0.485508, -0.429843, -0.515652
0.554576, 0.068189, 0.658220, 0.072708
0.554646, 0.720873, -0.517123, -0.310615
0.554808, 0.567356, -0.474873, -0.459255
0.554819, 0.580851, -0.480011, -0.447604
0.555012, 0.684805, -0.509600, -0.348132
0.555050, 0.798795, -0.528828, -0.226904
0.555193, 0.652398, -0.501563, -0.380622
0.555350, 0.101648, 0.656726, 0.108029
0.555433, 0.267865, 0.628626, 0.275030
0.555590, 0.943224, -0.539601, -0.064811
0.555936, 0.955485, -0.539566, -0.050842
0.555943, 0.000000, 0.661724, 0.000000
0.555965, 0.032981, 0.661021, 0.035181
0.556028, 0.990030, -0.539845, -0.011398
0.556251, 0.890637, -0.535943, -0.124491
0.556278, 0.826213, -0.530473, -0.196716
0.556363, 0.282368, 0.625410, 0.288086
0.556422, 0.930405, -0.538111, -0.079430
0.556426, 0.354878, 0.598158, 0.348962
0.556605, 0.473561, -0.417990, -0.521113
0.556681, 0.862046, -0.533447, -0.156756
0.556704, 0.763718, -0.522194, -0.265311
0.556755, 0.461972, -0.373795, -0.491147
0.556759, 0.443194, 0.121369, -0.017018
0.556783, 0.904117, -0.536319, -0.109292
0.556858, 0.917385, -0.536961, -0.094244
0.557327, 0.732290, -0.516360, -0.299029
0.557352, 0.422644, 0.529349, 0.362656
0.557526, 0.056368, 0.661777, 0.060009
0.557667, 0.593384, -0.481903, -0.437430
0.557933, 0.389587, 0.580187, 0.371710
0.557964, 0.744753, -0.517892, -0.285909
0.557966, 0.122639, 0.657306, 0.129758
0.558040, 0.639258, -0.495374, -0.394283
0.558395, 0.530100, -0.455666, -0.490881
0.558575, 0.212111, 0.644640, 0.220733
0.558583, 0.968075, -0.536643, -0.036509
0.558692, 0.089893, 0.661045, 0.095393
0.559107, 0.672872, -0.502709, -0.361139
0.559114, 0.309509, 0.618893, 0.311195
0.559117, 0.343027, 0.605630, 0.338689
0.559731, 0.811994, -0.525199, -0.212869
0.559776, 0.776312, -0.520752, -0.252098
0.559828, 0.847699, -0.528769, -0.173124
0.559895, 0.232338, 0.641642, 0.240200
0.559979, 0.555118, -0.465546, -0.471594
0.560080, 0.044645, 0.664833, 0.047458
0.560469, 0.617833, -0.486956, -0.415547
0.560831, 0.517883, -0.447730, -0.501149
0.561007, 0.254356, 0.637426, 0.260932
0.561037, 0.980246, -0.534164, -0.022627
0.561113, 0.710967, -0.508595, -0.322253
0.561208, 0.377380, 0.589776, 0.362314
0.561801, 0.411232, 0.569036, 0.382631
0.561992, 0.606040, -0.482039, -0.427183
0.562145, 0.167110, 0.656045, 0.175034
0.562413, 0.191308, 0.652324, 0.199374
0.562493, 0.179063, 0.654547, 0.187077
0.562572, 0.331299, 0.613404, 0.327968
0.562754, 0.202377, 0.650608, 0.210315
0.562802, 0.077456, 0.666219, 0.082019
0.562919, 0.155189, 0.658509, 0.162777
0.563127, 0.505227, -0.439317, -0.511306
0.563311, 0.012011, 0.669124, 0.012748
0.563374, 0.789081, -0.518541, -0.238593
0.563415, 0.453172, -0.371841, -0.508421
0.563485, 0.692686, -0.502488, -0.341748
0.563512, 0.661393, -0.495552, -0.373719
0.563658, 1.000000, -0.531276, 0.000000
0.563851, 0.111771, 0.664561, 0.117875
0.563935, 0.242135, 0.643240, 0.248670
0.563957, 0.432663, 0.264591, 0.104410
0.564028, 0.871196, -0.526064, -0.147019
0.564246, 0.365235, 0.598627, 0.352594
0.564420, 0.835652, -0.522518, -0.187018
0.564513, 0.543322, -0.456887, -0.483255
0.564598, 0.143342, 0.661745, 0.150424
0.564606, 0.299456, 0.627168, 0.300659
0.564759, 0.573890, -0.468693, -0.457325
0.564935, 0.273647, 0.635620, 0.277688
0.565190, 0.883342, -0.525686, -0.133360
0.565241, 0.492216, -0.430080, -0.520845
0.565514, 0.131655, 0.663990, 0.138288
0.565675, 0.628789, -0.485104, -0.406518
0.565966, 0.753431, -0.510675, -0.277800
0.566032, 0.024361, 0.671787, 0.025799
0.566072, 0.399644, 0.576006, 0.369945
0.566146, 0.479757, -0.421402, -0.528723
0.566379, 0.288227, 0.632375, 0.290275
0.566708, 0.222890, 0.650366, 0.229606
0.566848, 0.801192, -0.516303, -0.225681
0.566921, 0.320005, 0.621471, 0.317100
0.567029, 0.649028, -0.489126, -0.387004
0.567086, 0.896896, -0.524372, -0.118071
0.567131, 0.723805, -0.504702, -0.309825
0.567210, 0.856997, -0.521380, -0.163295
0.567362, 0.064944, 0.671435, 0.068577
0.567445, 0.584716, -0.470072, -0.448565
0.567480, 0.948031, -0.526355, -0.059679
0.567664, 0.739354, -0.506640, -0.293236
0.567684, 0.935831, -0.525736, -0.073665
0.567691, 0.910275, -0.524521, -0.102872
0.567816, 0.822881, -0.517640, -0.201671
0.567916, 0.100486, 0.669824, 0.105765
0.567918, 0.681630, -0.495657, -0.354110
0.568023, 0.923324, -0.524778, -0.087982
0.568290, 0.466103, -0.407434, -0.534283
0.568349, 0.563414, -0.461685, -0.467827
0.568378, 0.766778, -0.510139, -0.263693
0.568419, 0.037085, 0.673934, 0.039187
0.568476, 0.261620, 0.642357, 0.265722
0.568483, 0.960402, -0.525481, -0.045508
0.568645, 0.353151, 0.608016, 0.341835
0.568739, 0.702536, -0.498955, -0.332494
0.568923, 0.000000, 0.674741, 0.000000
0.569256, 0.051671, 0.674263, 0.054530
0.569548, 0.596139, -0.471854, -0.438739
0.569693, 0.533710, -0.448466, -0.493224
0.569768, 0.387462, 0.587953, 0.362422
0.569878, 0.421308, 0.569446, 0.387031
0.570026, 0.442840, -0.382791, -0.540061
0.570383, 0.973559, -0.523498, -0.030421
0.570649, 0.988251, -0.523417, -0.013518
0.570795, 0.088396, 0.673589, 0.092921
0.571003, 0.341720, 0.615300, 0.332368
0.571283, 0.522900, -0.442331, -0.502509
0.571508, 0.121850, 0.671363, 0.127555
0.571651, 0.779989, -0.508377, -0.249653
0.571664, 0.211792, 0.657507, 0.217820
0.571691, 0.616834, -0.475939, -0.419727
0.571950, 0.638121, -0.481455, -0.399034
0.572195, 0.670507, -0.488860, -0.366442
0.572337, 0.309513, 0.630080, 0.306413
0.572474, 0.845277, -0.514508, -0.176947
0.572871, 0.248165, 0.650164, 0.252142
0.572881, 0.551798, -0.453355, -0.479593
0.572992, 0.812162, -0.510748, -0.214159
0.573102, 0.375449, 0.598596, 0.354260
0.573254, 0.511415, -0.435302, -0.512191
0.573493, 0.174517, 0.666188, 0.180751
0.573678, 0.187296, 0.664184, 0.193425
0.573774, 0.161863, 0.668427, 0.168018
0.574022, 0.233903, 0.654808, 0.238485
0.574075, 0.199414, 0.662319, 0.205281
0.574143, 0.279125, 0.642155, 0.279805
0.574150, 0.713295, -0.495380, -0.322194
0.574340, 0.409859, 0.553032, 0.349679
0.574629, 0.865948, -0.513813, -0.153740
0.574832, 0.454873, -0.397552, -0.546337
0.574862, 0.077475, 0.678506, 0.081252
0.574930, 0.499122, -0.427728, -0.521962
0.574978, 0.148997, 0.671484, 0.154860
0.575317, 0.329743, 0.624036, 0.321369
0.575427, 0.732368, -0.497160, -0.301961
0.575706, 0.606767, -0.469272, -0.430582
0.575903, 0.692133, -0.489529, -0.344812
0.575910, 0.658798, -0.482519, -0.379260
0.575925, 0.363419, 0.607418, 0.344978
0.576213, 0.008589, 0.682482, 0.009026
0.576258, 0.135581, 0.674504, 0.141070
0.576266, 0.791449, -0.504747, -0.237555
0.576338, 0.877339, -0.512712, -0.140904
0.576350, 0.297379, 0.637888, 0.294819
0.576419, 0.832753, -0.509073, -0.191435
0.576682, 0.475008, -0.412122, -0.538370
0.576877, 0.431478, -0.389729, -0.568232
0.576919, 1.000000, -0.516619, 0.000000
0.576990, 0.573959, -0.457758, -0.461533
0.576998, 0.889675, -0.512923, -0.126908
0.576999, 0.018566, 0.683276, 0.019488
0.577012, 0.486815, -0.419503, -0.531548
0.577096, 0.758251, -0.499541, -0.274255
0.577201, 0.110459, 0.678199, 0.115236
0.578026, 0.397694, 0.574182, 0.351437
0.578028, 0.267766, 0.649202, 0.268576
0.578144, 0.902998, -0.512404, -0.111732
0.578232, 0.030621, 0.684318, 0.032111
0.578272, 0.745721, -0.496378, -0.288048
0.578584, 0.626289, -0.471861, -0.412428
0.578700, 0.541623, -0.444360, -0.490484
0.578996, 0.916089, -0.512143, -0.096763
0.579022, 0.067469, 0.683430, 0.070567
0.579030, 0.043418, 0.684708, 0.045478
0.579282, 0.056287, 0.684373, 0.058910
0.579298, 0.585598, -0.459462, -0.451617
0.579395, 0.221686, 0.662726, 0.225660
0.579425, 0.952774, -0.512987, -0.054546
0.579489, 0.801841, -0.502385, -0.226364
0.579516, 0.940673, -0.512565, -0.068503
0.579723, 0.772234, -0.498464, -0.259205
0.579771, 0.928755, -0.511797, -0.082231
0.579812, 0.097112, 0.682096, 0.101237
0.580131, 0.647597, -0.475619, -0.391558
0.580184, 0.319633, 0.632284, 0.311452
0.580205, 0.855368, -0.506786, -0.166189
0.580302, 0.965546, -0.512208, -0.039821
0.580411, 0.680882, -0.482602, -0.357454
0.580478, 0.561222, -0.450233, -0.474205
0.580598, 0.978638, -0.512144, -0.024698
0.580962, 0.255677, 0.655485, 0.256870
0.581246, 0.287124, 0.645674, 0.284439
0.581259, 0.821466, -0.502575, -0.204590
0.581342, 0.351374, 0.617773, 0.334087
0.581533, 0.722340, -0.489045, -0.313765
0.581614, 0.596787, -0.460684, -0.441787
0.581732, 0.385971, 0.597581, 0.355629
0.581781, 0.442565, -0.392172, -0.564532
0.581987, 0.465529, -0.403448, -0.547979
0.582169, 0.529950, -0.436747, -0.501706
0.582314, 0.702996, -0.484918, -0.334602
0.582423, 0.339162, 0.624894, 0.325066
0.582508, 0.420062, -0.012948, -0.210650
0.582806, 0.122728, 0.682558, 0.127211
0.583561, 0.208832, 0.669564, 0.212499
0.583673, 0.000000, 0.690500, 0.000000
0.583768, 0.242332, 0.661673, 0.243914
0.583788, 0.518328, -0.430415, -0.511811
0.584199, 0.990222, -0.508154, -0.011326
0.584235, 0.182671, 0.675263, 0.186998
0.584390, 0.307204, 0.640758, 0.299899
0.584412, 0.086265, 0.687654, 0.089680
0.584501, 0.169813, 0.677777, 0.174291
0.584523, 0.842846, -0.500947, -0.180755
0.584525, 0.669105, -0.475935, -0.370543
0.584775, 0.636039, -0.468177, -0.404294
0.584906, 0.505612, -0.423716, -0.522293
0.584922, 0.374248, 0.604550, 0.344384
0.585026, 0.196060, 0.673593, 0.199903
0.585139, 0.784331, -0.494082, -0.246506
0.585159, 0.157166, 0.680412, 0.161627
0.585179, 0.614819, -0.462334, -0.425405
0.586280, 0.407224, 0.465191, 0.246772
0.586316, 0.454122, -0.394614, -0.558549
0.586376, 0.144670, 0.683416, 0.148955
0.586432, 0.867668, -0.500767, -0.152651
0.586597, 0.550624, -0.440972, -0.485738
0.586753, 0.492690, -0.415968, -0.532829
0.586800, 0.734045, -0.485345, -0.302005
0.586906, 0.810351, -0.495109, -0.217635
0.587038, 0.275848, 0.654535, 0.272857
0.587185, 0.362796, 0.614823, 0.337984
0.587351, 0.230475, 0.668028, 0.232051
0.587530, 0.881413, -0.500533, -0.137010
0.587708, 0.132965, 0.686311, 0.137020
0.587806, 0.764400, -0.488632, -0.268922
0.587961, 0.478691, -0.407647, -0.543316
0.588045, 0.692010, -0.476835, -0.347281
0.588086, 0.104444, 0.689816, 0.108022
0.588094, 0.895165, -0.500809, -0.121274
0.588131, 0.712842, -0.480488, -0.325121
0.588478, 0.569523, -0.445775, -0.469371
0.588567, 0.023878, 0.694999, 0.024827
0.588567, 0.075412, 0.692770, 0.078199
0.588639, 0.657724, -0.469284, -0.383172
0.589269, 0.753438, -0.485514, -0.281175
0.589354, 0.831539, -0.494527, -0.193990
0.589456, 0.908600, -0.499974, -0.105874
0.589459, 0.295706, 0.649390, 0.288665
0.589503, 0.430888, -0.333569, -0.529733
0.589590, 0.329757, 0.634788, 0.314901
0.589717, 0.036620, 0.695960, 0.038028
0.589763, 0.011073, 0.696599, 0.011504
0.589952, 0.049724, 0.695625, 0.051595
0.590102, 0.580145, -0.447634, -0.460031
0.590261, 0.604788, -0.454649, -0.436551
0.590302, 0.263553, 0.661402, 0.261157
0.590452, 0.796899, -0.489703, -0.233106
0.590459, 0.062640, 0.695509, 0.064916
0.590489, 0.395409, 0.599115, 0.358529
0.590776, 0.921536, -0.499110, -0.091005
0.590850, 0.957833, -0.500157, -0.048965
0.591107, 1.000000, -0.500202, 0.000000
0.591264, 0.114857, 0.691908, 0.118282
0.591319, 0.853668, -0.494276, -0.169016
0.591340, 0.945391, -0.499287, -0.063406
0.591364, 0.538606, -0.432428, -0.498077
0.591522, 0.742794, -0.481464, -0.293128
0.591543, 0.317309, 0.642002, 0.304789
0.591565, 0.623754, -0.458400, -0.418278
0.591827, 0.217820, 0.675319, 0.219185
0.592052, 0.591684, -0.449231, -0.449691
0.592073, 0.970121, -0.498945, -0.034720
0.592145, 0.933986, -0.498004, -0.076648
0.592323, 0.679673, -0.469961, -0.361084
0.592520, 0.343809, 0.629564, 0.323116
0.592689, 0.646621, -0.462619, -0.395397
0.592852, 0.980928, -0.498089, -0.022171
0.592902, 0.251188, 0.667397, 0.249438
0.592947, 0.774729, -0.484283, -0.258116
0.593424, 0.443194, -0.377463, -0.563625
0.593538, 0.466229, -0.396990, -0.554932
0.593864, 0.383004, 0.592207, 0.332144
0.593866, 0.416731, -0.367326, -0.585563
0.594196, 0.093924, 0.697104, 0.096745
0.594355, 0.526723, -0.425243, -0.509349
0.594401, 0.559764, -0.437159, -0.480275
0.594416, 0.820241, -0.487840, -0.207267
0.594512, 0.190142, 0.683716, 0.192337
0.594606, 0.725277, -0.475459, -0.312686
0.594709, 0.355501, 0.623613, 0.328787
0.594769, 0.284896, 0.657881, 0.277846
0.594794, 0.513464, -0.419466, -0.520588
0.595195, 0.177011, 0.686902, 0.179524
0.595447, 0.204661, 0.681626, 0.205997
0.595653, 0.164245, 0.689545, 0.166991
0.596308, 0.500796, -0.412666, -0.531327
0.596450, 0.702230, -0.469907, -0.337991
0.596504, 0.634604, -0.456031, -0.408531
0.596643, 0.239366, 0.674144, 0.237788
0.596704, 0.151479, 0.692590, 0.154266
0.596873, 0.304743, 0.651602, 0.292928
0.597081, 0.370118, 0.614909, 0.334999
0.597086, 0.667588, -0.462641, -0.374727
0.597103, 0.125981, 0.696623, 0.128849
0.597110, 0.000000, 0.704133, 0.000000
0.597188, 0.487169, -0.405560, -0.542195
0.597226, 0.842206, -0.486605, -0.182537
0.597496, 0.455187, -0.387297, -0.563737
0.597648, 0.786853, -0.480676, -0.245205
0.597648, 0.862970, -0.487800, -0.158831
0.597798, 0.874380, -0.488492, -0.145747
0.598092, 0.888017, -0.489044, -0.130067
0.598386, 0.083331, 0.702196, 0.085605
0.598553, 0.138739, 0.696373, 0.141397
0.598795, 0.807918, -0.481808, -0.221673
0.598828, 0.989730, -0.491370, -0.011967
0.599008, 0.405475, -0.135036, -0.370465
0.599052, 0.272330, 0.665997, 0.265877
0.599214, 0.547597, -0.428757, -0.493010
0.599465, 0.901257, -0.488252, -0.114852
0.599548, 0.019332, 0.706375, 0.019909
0.599600, 0.714281, -0.468447, -0.325471
0.599641, 0.690068, -0.464180, -0.351437
0.599693, 0.762433, -0.475401, -0.272689
0.599711, 0.612263, -0.447400, -0.431756
0.600021, 0.227550, 0.680360, 0.226185
0.600108, 0.070526, 0.704819, 0.072422
0.600183, 0.474823, -0.397143, -0.552722
0.600230, 0.425037, -0.369793, -0.586349
0.600516, 0.043718, 0.706637, 0.044956
0.600586, 0.104226, 0.702526, 0.106593
0.600696, 0.030749, 0.707297, 0.031626
0.600783, 0.056941, 0.706295, 0.058496
0.600862, 0.571676, -0.434939, -0.471277
0.601229, 0.914299, -0.486929, -0.099835
0.601447, 0.336304, 0.639511, 0.313348
0.601473, 0.598697, -0.442098, -0.445558
0.601624, 0.735877, -0.469555, -0.302229
0.601676, 0.656923, -0.455584, -0.386700
0.601765, 0.749373, -0.471268, -0.287367
0.601801, 0.324906, 0.645853, 0.305476
0.602034, 0.951429, -0.487187, -0.056665
0.602055, 0.584533, -0.437651, -0.459481
0.602069, 0.830825, -0.480277, -0.195961
0.602356, 0.436707, -0.374178, -0.579245
0.602393, 0.393371, 0.373436, 0.119408
0.602428, 0.260130, 0.672948, 0.254387
0.602676, 0.963882, -0.486851, -0.042175
0.602883, 0.294454, 0.660698, 0.282459
0.602947, 0.927201, -0.485553, -0.084924
0.603089, 0.313547, 0.652334, 0.296813
0.603800, 0.623273, -0.446002, -0.421724
0.603912, 0.116592, 0.704283, 0.118646
0.604030, 0.215436, 0.687059, 0.214094
0.604182, 0.535681, -0.420121, -0.505336
0.604244, 0.676953, -0.456946, -0.366254
0.604245, 0.797322, -0.474557, -0.234183
0.604262, 0.775901, -0.472019, -0.258232
0.604416, 0.195584, 0.691872, 0.195499
0.604453, 0.852573, -0.479326, -0.171263
0.604479, 0.521093, -0.414464, -0.518155
0.604587, 0.644904, -0.450091, -0.399809
0.604594, 0.010080, 0.711735, 0.010347
0.604839, 1.000000, -0.484591, 0.000000
0.604909, 0.939999, -0.483765, -0.070090
0.604962, 0.347927, 0.635108, 0.318688
0.605017, 0.976731, -0.484176, -0.027194
0.605281, 0.381213, 0.623647, 0.347855
0.605539, 0.360201, 0.624429, 0.322380
0.605620, 0.248445, 0.679386, 0.243284
0.605711, 0.183406, 0.695678, 0.183714
0.605776, 0.558467, -0.426346, -0.485253
0.606350, 0.448365, -0.378563, -0.574258
0.606475, 0.170752, 0.698810, 0.171464
0.606501, 0.508764, -0.407858, -0.529293
0.606669, 0.818958, -0.474099, -0.209930
0.606692, 0.495297, -0.402025, -0.540371
0.606733, 0.281598, 0.668894, 0.270772
0.606972, 0.158474, 0.701396, 0.159517
0.607065, 0.462073, -0.385549, -0.565317
0.607492, 0.879663, -0.477922, -0.140291
0.607686, 0.723519, -0.461171, -0.316694
0.607742, 0.414693, -0.327861, -0.566109
0.608054, 0.145318, 0.704649, 0.146541
0.608082, 0.092415, 0.711161, 0.093990
0.608528, 0.634108, -0.443591, -0.411698
0.608852, 0.130826, 0.707538, 0.132191
0.609080, 0.205148, 0.694101, 0.203405
0.609164, 0.865023, -0.474922, -0.157277
0.609281, 0.893300, -0.476614, -0.124577
0.609313, 0.709134, -0.457121, -0.332602
0.609428, 0.483629, -0.394639, -0.550761
0.609447, 0.370397, 0.593048, 0.299177
0.609547, 0.236620, 0.686392, 0.231762
0.609737, 0.698874, -0.454935, -0.343744
0.609765, 0.078672, 0.713963, 0.080003
0.610260, 0.841405, -0.471899, -0.184535
0.610531, 0.064749, 0.715682, 0.065882
0.610645, 0.687068, -0.451903, -0.356574
0.610796, 0.786511, -0.466054, -0.247090
0.610889, 0.050722, 0.716786, 0.051644
0.610926, 0.666254, -0.447854, -0.378825
0.610959, 0.036856, 0.717380, 0.037549
0.611034, 0.304447, 0.662483, 0.286609
0.611076, 0.000000, 0.718425, 0.000000
0.611112, 0.766905, -0.463245, -0.269079
0.611151, 0.605431, -0.434297, -0.441428
0.611282, 0.906232, -0.475092, -0.109667
0.611343, 0.269373, 0.677256, 0.259150
0.611363, 0.402460, -0.350309, -0.607695
0.611384, 0.988643, -0.477237, -0.013319
0.611416, 0.428215, -0.360976, -0.587564
0.611471, 0.547108, -0.417430, -0.497534
0.611662, 0.472148, -0.387471, -0.560484
0.611723, 0.755982, -0.461269, -0.281390
0.611844, 0.105587, 0.713543, 0.106814
0.611873, 0.591844, -0.430092, -0.455048
0.611878, 0.022729, 0.718930, 0.023149
0.611939, 0.807823, -0.467045, -0.223083
0.612502, 0.567712, -0.422800, -0.478576
0.612649, 0.224965, 0.692307, 0.220559
0.612773, 0.578637, -0.425600, -0.468108
0.612889, 0.329957, 0.650492, 0.302981
0.613063, 0.527622, -0.409341, -0.515572
0.613251, 0.918998, -0.473473, -0.094885
0.613273, 0.954061, -0.474328, -0.053857
0.613314, 0.743876, -0.457962, -0.295084
0.613459, 0.652565, -0.442498, -0.393707
0.613668, 0.616617, -0.434477, -0.430800
0.613685, 0.317056, 0.658183, 0.294184
0.613842, 0.733115, -0.455795, -0.307009
0.614229, 0.290950, 0.670934, 0.275127
0.614240, 0.966076, -0.473707, -0.039812
0.614409, 0.389915, -0.116982, -0.389618
0.614429, 0.830090, -0.466370, -0.197909
0.614545, 0.341045, 0.644651, 0.308543
0.614607, 0.119009, 0.714442, 0.119787
0.615050, 0.440142, -0.367727, -0.584238
0.615084, 0.257715, 0.684446, 0.248203
0.615269, 0.931463, -0.471682, -0.080397
0.615972, 0.191697, 0.703442, 0.189404
0.616132, 0.354328, 0.637083, 0.315189
0.616233, 0.501593, -0.396864, -0.539244
0.616451, 0.852938, -0.465863, -0.171766
0.616672, 0.178506, 0.706904, 0.176928
0.616990, 0.453653, -0.374262, -0.576597
0.617044, 0.515746, -0.401600, -0.527486
0.617125, 0.677943, -0.443412, -0.367520
0.617166, 0.873180, -0.466315, -0.148351
0.617407, 0.627415, -0.433070, -0.420592
0.617567, 0.716369, -0.449256, -0.325966
0.617647, 0.010955, 0.724795, 0.011094
0.617677, 0.796825, -0.459502, -0.236167
0.617859, 0.154355, 0.712534, 0.153759
0.617938, 1.000000, -0.469773, 0.000000
0.617976, 0.776307, -0.456757, -0.259344
0.618026, 0.943794, -0.469025, -0.066051
0.618030, 0.978292, -0.469525, -0.025524
0.618031, 0.213921, 0.700154, 0.209251
0.618126, 0.641320, -0.435189, -0.406263
0.618155, 0.245989, 0.690903, 0.237320
0.618214, 0.378083, 0.409365, 0.118033
0.618253, 0.537753, -0.408127, -0.508241
0.618266, 0.140961, 0.715078, 0.140780
0.618370, 0.166328, 0.710911, 0.165094
0.618641, 0.885444, -0.465512, -0.134226
0.618911, 0.557555, -0.413730, -0.490115
0.619062, 0.420073, -0.351554, -0.597418
0.619143, 0.278840, 0.679840, 0.263807
0.619341, 0.818668, -0.459783, -0.211425
0.619360, 0.489513, -0.389350, -0.550490
0.619726, 0.364712, 0.597954, 0.284691
0.619956, 0.084568, 0.723535, 0.085090
0.620544, 0.202063, 0.705287, 0.197912
0.620662, 0.096435, 0.723080, 0.096814
0.620706, 0.071534, 0.725355, 0.072022
0.620871, 0.058295, 0.726364, 0.058753
0.620966, 0.692079, -0.441640, -0.352904
0.621095, 0.465056, -0.377077, -0.570470
0.621112, 0.409707, -0.347740, -0.608758
0.621114, 0.044870, 0.727231, 0.045251
0.621266, 0.898116, -0.463193, -0.119595
0.621313, 0.300491, 0.671810, 0.279005
0.621414, 0.659586, -0.435429, -0.387796
0.621423, 0.031778, 0.727971, 0.032057
0.621573, 0.598535, -0.422164, -0.450882
0.621740, 0.130246, 0.719911, 0.129881
0.622168, 0.477653, -0.382017, -0.561231
0.622386, 0.584236, -0.417762, -0.465297
0.622576, 0.233888, 0.698487, 0.225603
0.622645, 0.726693, -0.445185, -0.315328
0.622697, 0.704553, -0.441923, -0.339723
0.622823, 0.862785, -0.459308, -0.160819
0.623029, 0.841539, -0.457484, -0.185411
0.623092, 0.324423, 0.660083, 0.293769
0.623190, 0.763957, -0.449454, -0.273839
0.623228, 0.752048, -0.448129, -0.287311
0.623335, 0.108756, 0.724329, 0.108684
0.623422, 0.910632, -0.461461, -0.105093
0.623636, 0.397524, -0.309728, -0.588089
0.623924, 0.431367, -0.357064, -0.595156
0.624043, 0.610726, -0.422563, -0.439170
0.624207, 0.267169, 0.688463, 0.252674
0.624304, 0.569863, -0.412076, -0.479884
0.624336, 0.786264, -0.450823, -0.248820
0.624545, 0.000000, 0.731769, 0.000000
0.624565, 0.311717, 0.668352, 0.285064
0.624763, 0.989042, -0.461872, -0.012921
0.624953, 0.526459, -0.398315, -0.520759
0.624957, 0.670328, -0.433664, -0.377030
0.625008, 0.807118, -0.452291, -0.225168
0.625031, 0.347826, 0.644526, 0.304222
0.625296, 0.547469, -0.404652, -0.501479
0.625354, 0.020387, 0.732270, 0.020493
0.625436, 0.507164, -0.391115, -0.537976
0.625661, 0.222590, 0.704382, 0.214920
0.625744, 0.968221, -0.460391, -0.037469
0.625793, 0.922569, -0.459247, -0.091196
0.625998, 0.956645, -0.459871, -0.051112
0.626031, 0.444782, -0.363289, -0.587602
0.626131, 0.739072, -0.443115, -0.302112
0.626250, 0.335561, 0.654008, 0.297256
0.626443, 0.830150, -0.452773, -0.198861
0.626504, 0.288684, 0.681151, 0.268163
0.626612, 0.185462, 0.714601, 0.181343
0.626663, 0.120271, 0.725956, 0.119522
0.627087, 0.385406, -0.339123, -0.635968
0.627436, 0.648738, -0.426992, -0.400408
0.627722, 0.255661, 0.695544, 0.242170
0.627765, 0.634038, -0.423827, -0.416000
0.627805, 0.149336, 0.722782, 0.147315
0.627843, 0.934641, -0.457320, -0.077080
0.627909, 0.621943, -0.421040, -0.428480
0.628386, 0.875604, -0.453667, -0.146230
0.628831, 0.682789, -0.431715, -0.364336
0.628910, 0.495450, -0.383767, -0.549395
0.628986, 0.174057, 0.719251, 0.170328
0.629179, 0.372087, 0.062089, -0.249468
0.629689, 0.457135, -0.366861, -0.580568
0.629749, 0.715849, -0.435952, -0.328406
0.629779, 0.852102, -0.450693, -0.173725
0.629814, 0.888361, -0.452922, -0.131452
0.630089, 0.161605, 0.722665, 0.158496
0.630180, 0.243631, 0.701673, 0.231482
0.630290, 0.195796, 0.715666, 0.189911
0.630292, 0.774172, -0.442837, -0.263203
0.630532, 0.358743, 0.677781, 0.346244
0.630589, 0.946640, -0.454537, -0.063026
0.630855, 0.208893, 0.712788, 0.201479
0.631133, 0.420183, -0.346380, -0.606946
0.631146, 0.516777, -0.389460, -0.531517
0.631205, 1.000000, -0.454490, 0.000000
0.631217, 0.592034, -0.410856, -0.459677
0.631229, 0.796566, -0.444171, -0.237816
0.631384, 0.558425, -0.402037, -0.492857
0.631507, 0.077247, 0.735481, 0.076867
0.631519, 0.536763, -0.395592, -0.513444
0.631580, 0.138151, 0.728145, 0.136069
0.631624, 0.817546, -0.445802, -0.213829
0.631672, 0.052275, 0.737303, 0.052129
0.631713, 0.010308, 0.738739, 0.010298
0.631810, 0.978215, -0.453615, -0.025755
0.631845, 0.277085, 0.690295, 0.257292
0.631896, 0.089472, 0.734743, 0.088861
0.631905, 0.064585, 0.736842, 0.064323
0.632112, 0.483341, -0.376355, -0.560854
0.632122, 0.039846, 0.738162, 0.039744
0.632459, 0.577763, -0.406122, -0.474255
0.632529, 0.695478, -0.429784, -0.351157
0.632542, 0.406489, -0.333815, -0.612655
0.632573, 0.300459, 0.679647, 0.273465
0.633114, 0.470387, -0.370181, -0.571863
0.633185, 0.902050, -0.449778, -0.115587
0.633295, 0.101384, 0.734783, 0.100363
0.633397, 0.660636, -0.422932, -0.388923
0.633589, 0.322748, 0.667098, 0.286258
0.633819, 0.749529, -0.435951, -0.291418
0.633976, 0.604189, -0.410925, -0.448061
0.634191, 0.029414, 0.740690, 0.029289
0.634278, 0.434643, -0.352304, -0.599116
0.634443, 0.728288, -0.432536, -0.315279
0.634753, 0.864936, -0.445853, -0.159118
0.635150, 0.761400, -0.435871, -0.278177
0.635791, 0.393781, -0.329705, -0.627781
0.635874, 0.113612, 0.735848, 0.111915
0.635937, 0.345859, 0.625608, 0.270195
0.636046, 0.127488, 0.733917, 0.125233
0.636119, 0.219554, 0.714343, 0.209331
0.636201, 0.231795, 0.710602, 0.219677
0.636265, 0.640329, -0.416086, -0.411014
0.636313, 0.913750, -0.446803, -0.101985
0.636544, 0.840670, -0.442116, -0.187494
0.636815, 0.706496, -0.426847, -0.339767
0.636847, 0.785084, -0.436698, -0.251527
0.637105, 0.673064, -0.421192, -0.376271
0.637280, 0.265493, 0.699180, 0.246361
0.637300, 0.311507, 0.676702, 0.278180
0.637318, 0.505001, -0.379935, -0.544182
0.637396, 0.965235, -0.446911, -0.041184
0.637486, 0.828286, -0.439980, -0.201902
0.637561, 0.615889, -0.409821, -0.436853
0.637888, 0.447113, -0.355999, -0.592048
0.638107, 0.989013, -0.446512, -0.013026
0.638162, 0.926465, -0.445186, -0.087070
0.638188, 0.547326, -0.392389, -0.505441
0.638249, 0.289155, 0.689317, 0.263087
0.638268, 0.333943, 0.660406, 0.287642
0.638288, 0.380538, -0.294900, -0.611538
0.638335, 0.000000, 0.745359, 0.000000
0.638346, 0.526447, -0.386031, -0.525087
0.638389, 0.567191, -0.397552, -0.486206
0.638615, 0.806834, -0.436812, -0.226757
0.638908, 0.184843, 0.726010, 0.178056
0.638974, 0.150484, 0.733054, 0.146496
0.639534, 0.878702, -0.441177, -0.143297
0.639709, 0.739222, -0.428172, -0.303780
0.639729, 0.020387, 0.746522, 0.020196
0.639909, 0.253631, 0.705899, 0.236132
0.640059, 0.892379, -0.441292, -0.127262
0.640099, 0.171939, 0.729814, 0.166090
0.640309, 0.939425, -0.443068, -0.071812
0.640363, 0.367711, -0.294757, -0.626434
0.640475, 0.628378, -0.409390, -0.424488
0.640622, 0.585221, -0.399725, -0.468737
0.640757, 0.651367, -0.413390, -0.400139
0.640812, 0.685687, -0.419271, -0.363191
0.640869, 0.492896, -0.372546, -0.556096
0.640957, 0.198688, 0.724395, 0.189879
0.641023, 0.953578, -0.442710, -0.055079
0.641166, 0.459460, -0.359099, -0.584080
0.641740, 0.853284, -0.437187, -0.173225
0.641769, 0.413230, -0.335148, -0.617090
0.641880, 0.242320, 0.711659, 0.226443
0.642008, 0.426296, -0.342638, -0.609002
0.642161, 0.772558, -0.429378, -0.266381
0.642163, 0.718342, -0.422640, -0.327412
0.642508, 0.160609, 0.734336, 0.155220
0.642539, 0.044635, 0.748215, 0.044015
0.642787, 0.069650, 0.747043, 0.068522
0.642976, 0.355778, 0.247942, -0.098951
0.642999, 0.082354, 0.746140, 0.080880
0.643264, 0.056698, 0.748437, 0.055815
0.643597, 0.140658, 0.739079, 0.136531
0.643674, 0.278312, 0.698326, 0.253027
0.643700, 0.596506, -0.399228, -0.458043
0.643721, 0.480763, -0.365616, -0.567585
0.643842, 0.514867, -0.377330, -0.537499
0.643996, 0.210597, 0.723691, 0.199428
0.644205, 0.977051, -0.439426, -0.027280
0.644218, 0.094358, 0.746092, 0.092380
0.644235, 0.795729, -0.429417, -0.240080
0.644405, 1.000000, -0.439227, 0.000000
0.644494, 0.300355, 0.687212, 0.266875
0.644610, 0.817729, -0.430980, -0.214728
0.644834, 0.536679, -0.382997, -0.517469
0.644949, 0.401151, -0.326965, -0.627358
0.645223, 0.556731, -0.388125, -0.498264
0.645322, 0.751232, -0.423292, -0.290890
0.645362, 0.663326, -0.410566, -0.388124
0.645460, 0.470389, -0.360140, -0.576981
0.645462, 0.697110, -0.415957, -0.351390
0.645589, 0.010363, 0.752411, 0.010206
0.645605, 0.322603, 0.671265, 0.276205
0.645746, 0.106281, 0.746131, 0.103658
0.645971, 0.033608, 0.752383, 0.033055
0.645973, 0.865771, -0.433093, -0.158875
0.646470, 0.438407, -0.345532, -0.602625
0.646521, 0.903905, -0.434528, -0.114022
0.646564, 0.575255, -0.391391, -0.480192
0.646577, 0.118763, 0.745201, 0.115441
0.646945, 0.223652, 0.722223, 0.209554
0.646946, 0.607687, -0.398352, -0.447308
0.647289, 0.130311, 0.744156, 0.126233
0.647417, 0.388367, -0.314336, -0.633092
0.647548, 0.730007, -0.418207, -0.315093
0.647690, 0.640319, -0.404051, -0.413257
0.647869, 0.831358, -0.428319, -0.199155
0.647897, 0.343595, 0.682734, 0.312611
0.648073, 0.917373, -0.433496, -0.098206
0.648200, 0.762167, -0.421336, -0.278828
0.648658, 0.782591, -0.423136, -0.255625
0.648972, 0.268690, 0.706502, 0.243787
0.649006, 0.676366, -0.408833, -0.374636
0.649068, 0.502276, -0.368508, -0.550654
0.649561, 0.843531, -0.427546, -0.185186
0.649628, 0.312511, 0.684028, 0.272323
0.649717, 0.889580, -0.429929, -0.131033
0.649963, 0.965822, -0.432513, -0.040707
0.650029, 0.619280, -0.397557, -0.435925
0.650041, 0.450830, -0.348394, -0.594732
0.650050, 0.930673, -0.431614, -0.082496
0.650160, 0.708571, -0.412452, -0.339399
0.650165, 0.376029, -0.306011, -0.642632
0.650181, 0.190243, 0.734519, 0.180160
0.650378, 0.177425, 0.737781, 0.168808
0.650446, 0.877105, -0.428450, -0.145779
0.650556, 0.257962, 0.712356, 0.235287
0.650686, 0.288790, 0.697964, 0.256823
0.650762, 0.332734, 0.613834, 0.225576
0.650798, 0.234841, 0.721524, 0.217361
0.650862, 0.525175, -0.373953, -0.530110
0.650924, 0.988113, -0.431743, -0.014168
0.651397, 0.943953, -0.430437, -0.066753
0.651757, 0.419238, -0.332295, -0.619076
0.651951, 0.806952, -0.421739, -0.227886
0.651954, 0.546393, -0.378822, -0.510125
0.652006, 0.000000, 0.758756, 0.000000
0.652087, 0.022278, 0.758549, 0.021764
0.652421, 0.151232, 0.745378, 0.144754
0.652574, 0.586621, -0.387942, -0.470115
0.652656, 0.364055, -0.285543, -0.639216
0.652689, 0.489301, -0.360928, -0.563529
0.652714, 0.164914, 0.742789, 0.157099
0.652787, 0.565322, -0.382782, -0.491664
0.652789, 0.742140, -0.413882, -0.302102
0.652921, 0.652778, -0.400719, -0.400895
0.653169, 0.246786, 0.718915, 0.225813
0.653325, 0.202826, 0.733893, 0.190183
0.653451, 0.061790, 0.757812, 0.060108
0.653635, 0.075516, 0.756887, 0.073329
0.653674, 0.046865, 0.759096, 0.045638
0.653788, 0.955673, -0.427918, -0.052859
0.653915, 0.687522, -0.405226, -0.363203
0.654136, 0.629917, -0.395304, -0.425541
0.654177, 0.462969, -0.350014, -0.586618
0.654335, 0.856078, -0.422875, -0.170805
0.654622, 0.408153, -0.324626, -0.628308
0.654870, 0.719946, -0.408786, -0.327367
0.655184, 0.429714, -0.335040, -0.613286
0.655186, 0.087916, 0.757226, 0.085059
0.655444, 0.351827, -0.280228, -0.648470
0.655638, 0.793117, -0.416243, -0.244211
0.655764, 0.770943, -0.413745, -0.269643
0.655780, 0.512971, -0.365716, -0.542998
0.655804, 0.820738, -0.418481, -0.212201
0.655859, 0.301560, 0.692213, 0.260045
0.656070, 0.598217, -0.386876, -0.458995
0.656194, 0.666925, -0.399420, -0.386009
0.656233, 0.214998, 0.732582, 0.199523
0.656299, 0.138958, 0.751096, 0.132800
0.656336, 0.100519, 0.756850, 0.096907
0.656832, 0.395614, -0.315736, -0.637221
0.656877, 0.476482, -0.352760, -0.576174
0.657140, 1.000000, -0.424584, 0.000000
0.657334, 0.277941, 0.707745, 0.246290
0.657396, 0.113058, 0.756155, 0.108581
0.657410, 0.976022, -0.424148, -0.028650
0.657919, 0.535376, -0.370088, -0.522415
0.658139, 0.754707, -0.409359, -0.288494
0.658163, 0.125674, 0.755027, 0.120232
0.658196, 0.033908, 0.764001, 0.032871
0.658280, 0.909669, -0.421339, -0.107749
0.658285, 0.698997, -0.402106, -0.351175
0.658426, 0.897005, -0.420454, -0.122743
0.658529, 0.010968, 0.764912, 0.010637
0.658653, 0.868443, -0.418545, -0.156490
0.658693, 0.441381, -0.337577, -0.605977
0.659055, 0.324292, 0.675667, 0.267354
0.659288, 0.576013, -0.378745, -0.482461
0.659339, 0.833913, -0.415440, -0.197100
0.659356, 0.610051, -0.385882, -0.447382
0.659397, 0.227010, 0.731093, 0.208224
0.659490, 0.640901, -0.391549, -0.414769
0.659627, 0.555424, -0.373557, -0.503210
0.659798, 0.922855, -0.420107, -0.092134
0.659957, 0.732060, -0.404586, -0.314350
0.660006, 0.384011, -0.307147, -0.646367
0.660380, 0.500331, -0.357592, -0.556099
0.660390, 0.883030, -0.417250, -0.139328
0.660857, 0.782053, -0.409048, -0.257379
0.660903, 0.338535, 0.235980, -0.152264
0.661023, 0.183090, 0.745612, 0.171253
0.661026, 0.313283, 0.694604, 0.270934
0.661259, 0.265583, 0.716600, 0.236025
0.661686, 0.936445, -0.418285, -0.075987
0.661948, 0.291952, 0.703502, 0.253025
0.662173, 0.846616, -0.413241, -0.182473
0.662315, 0.195228, 0.743481, 0.181276
0.662331, 0.677900, -0.394475, -0.375007
0.662333, 0.453152, -0.339445, -0.598004
0.662732, 0.372635, -0.297605, -0.653647
0.662795, 0.171237, 0.750252, 0.160509
0.662967, 0.055475, 0.767277, 0.053388
0.663116, 0.523611, -0.361865, -0.535131
0.663233, 0.800412, -0.408159, -0.236431
0.663266, 0.158101, 0.753620, 0.148804
0.663350, 0.988152, -0.417342, -0.014193
0.663402, 0.253398, 0.723776, 0.226559
0.663438, 0.621421, -0.383776, -0.436214
0.663481, 0.418006, -0.323476, -0.625983
0.663666, 0.069685, 0.766828, 0.066903
0.663682, 0.710332, -0.397657, -0.339270
0.663798, 0.659518, -0.389920, -0.395262
0.663960, 0.949634, -0.415941, -0.060290
0.663985, 0.240109, 0.729727, 0.216626
0.664095, 0.487987, -0.350298, -0.568544
0.664240, 0.963832, -0.416013, -0.043320
0.664433, 0.587708, -0.376023, -0.471631
0.664537, 0.811822, -0.407736, -0.223317
0.664731, 0.361009, -0.286675, -0.658628
0.664776, 0.021787, 0.770659, 0.020962
0.665220, 0.744389, -0.400157, -0.301026
0.665266, 0.764061, -0.402253, -0.278548
0.665341, 0.000000, 0.771469, 0.000000
0.665458, 0.146065, 0.758082, 0.137608
0.665514, 0.465512, -0.341378, -0.588784
0.665545, 0.403772, -0.314903, -0.637103
0.665705, 0.545090, -0.364996, -0.514987
0.665864, 0.649433, -0.385986, -0.406506
0.666077, 0.081621, 0.768103, 0.077988
0.666163, 0.206713, 0.743345, 0.189674
0.666165, 0.565524, -0.369391, -0.494671
0.666262, 0.043314, 0.771205, 0.041562
0.666587, 0.348599, -0.218380, -0.606515
0.666706, 0.094613, 0.767220, 0.090129
0.666812, 0.430365, -0.326525, -0.618221
0.666841, 0.689247, -0.391223, -0.363192
0.667007, 0.859844, -0.408522, -0.167212
0.667102, 0.721631, -0.395324, -0.327052
0.667549, 0.511438, -0.354225, -0.547944
0.667610, 0.282328, 0.711925, 0.243591
0.667907, 0.133081, 0.762693, 0.125435
0.667983, 0.632585, -0.380947, -0.425150
0.667995, 0.599858, -0.374816, -0.459774
0.668018, 0.823738, -0.404710, -0.209695
0.668188, 0.107257, 0.766982, 0.101713
0.668239, 0.303975, 0.689837, 0.246087
0.668728, 0.874581, -0.407140, -0.149790
0.668872, 0.119907, 0.765753, 0.113268
0.669021, 0.217780, 0.741917, 0.197642
0.669580, 0.476665, -0.341665, -0.580463
0.669611, 0.902173, -0.407758, -0.117133
0.669624, 0.889269, -0.406955, -0.132434
0.669677, 0.391789, -0.305864, -0.647425
0.669765, 0.976513, -0.409827, -0.028205
0.669793, 0.774937, -0.398146, -0.266467
0.669820, 0.330030, 0.213820, -0.194743
0.669914, 1.000000, -0.409739, 0.000000
0.669999, 0.914868, -0.407917, -0.102029
0.670050, 0.789620, -0.399249, -0.249510
0.670166, 0.668713, -0.384402, -0.386217
0.670352, 0.229782, 0.738519, 0.206427
0.670557, 0.442358, -0.328472, -0.610210
0.670797, 0.533970, -0.357179, -0.527203
0.671009, 0.700717, -0.388204, -0.351017
0.671165, 0.271810, 0.719926, 0.235236
0.671199, 0.835674, -0.401935, -0.195932
0.671267, 0.928014, -0.406953, -0.086371
0.671322, 0.031574, 0.776477, 0.030126
0.671609, 0.576830, -0.366328, -0.484374
0.671720, 0.010436, 0.777438, 0.009957
0.671837, 0.317517, 0.721706, 0.292787
0.671906, 0.611647, -0.372986, -0.448169
0.671986, 0.499334, -0.346550, -0.560585
0.672078, 0.733991, -0.391156, -0.313615
0.672299, 0.754481, -0.393290, -0.290319
0.672455, 0.188766, 0.753737, 0.173070
0.672519, 0.063821, 0.775646, 0.060630
0.673079, 0.380460, -0.297317, -0.656503
0.673438, 0.555034, -0.359648, -0.506948
0.673516, 0.410877, -0.312757, -0.636003
0.673548, 0.178039, 0.757734, 0.163779
0.673734, 0.941319, -0.404365, -0.070492
0.673833, 0.165242, 0.761179, 0.152751
0.673936, 0.260368, 0.727724, 0.226521
0.673940, 0.847226, -0.399627, -0.182542
0.673997, 0.454290, -0.330086, -0.601531
0.674208, 0.643232, -0.376002, -0.414698
0.674390, 0.293075, 0.711654, 0.248142
0.674697, 0.247786, 0.734168, 0.217723
0.674812, 0.802008, -0.394965, -0.235584
0.675062, 0.341165, -0.285328, -0.692636
0.675129, 0.368674, -0.288871, -0.664471
0.675155, 0.954512, -0.403152, -0.054705
0.675283, 0.522110, -0.349730, -0.539892
0.675467, 0.052438, 0.779268, 0.049697
0.675620, 0.152945, 0.765610, 0.141669
0.675687, 0.199372, 0.753271, 0.180815
0.675800, 0.680039, -0.379926, -0.374620
0.675927, 0.988781, -0.402635, -0.013503
0.675966, 0.355758, -0.277124, -0.668843
0.675994, 0.421572, -0.315664, -0.629002
0.675999, 0.589341, -0.364344, -0.472336
0.676060, 0.487770, -0.339312, -0.572495
0.676594, 0.623176, -0.370083, -0.436767
0.676693, 0.656957, -0.375416, -0.400083
0.676965, 0.088622, 0.777336, 0.083377
0.677172, 0.813942, -0.393368, -0.221903
0.677209, 0.075331, 0.778970, 0.071004
0.677391, 0.712382, -0.382585, -0.338754
0.677396, 0.966367, -0.400842, -0.040503
0.677525, 0.140338, 0.769900, 0.130193
0.677705, 0.465541, -0.330761, -0.593046
0.678257, 0.020121, 0.783389, 0.019034
0.678328, 0.857656, -0.395047, -0.170434
0.678464, 0.236555, 0.741852, 0.208220
0.678473, 0.869021, -0.395617, -0.156980
0.678483, 0.399349, -0.303722, -0.646815
0.678565, 0.723730, -0.382583, -0.326013
0.678657, 0.101158, 0.777372, 0.094701
0.678725, 0.765774, -0.387221, -0.278067
0.678881, 0.743755, -0.384590, -0.303287
0.678887, 0.565791, -0.356507, -0.497287
0.678968, 0.544303, -0.351609, -0.519029
0.679025, 0.000000, 0.784321, 0.000000
0.679294, 0.781043, -0.387920, -0.260366
0.679307, 0.041125, 0.783542, 0.038818
0.679310, 0.432666, -0.317556, -0.621586
0.679389, 0.127156, 0.774022, 0.118122
0.679507, 0.305326, 0.669634, 0.215368
0.679513, 0.510139, -0.342462, -0.552533
0.679620, 0.881809, -0.395040, -0.141851
0.679772, 0.210642, 0.752925, 0.188365
0.679784, 0.114190, 0.776527, 0.106396
0.679797, 0.281570, 0.719096, 0.235848
0.679891, 0.690769, -0.376903, -0.363288
0.680098, 0.601525, -0.362401, -0.460386
0.680444, 0.825946, -0.390495, -0.208057
0.680817, 0.894642, -0.394300, -0.126611
0.680864, 0.222864, 0.749147, 0.197285
0.681118, 0.907123, -0.394566, -0.111718
0.681570, 0.327497, -0.247361, -0.675012
0.681585, 0.634064, -0.366549, -0.425903
0.681588, 0.919684, -0.394546, -0.096693
0.681810, 0.669767, -0.371822, -0.386890
0.682129, 0.476405, -0.330272, -0.584738
0.682682, 0.978619, -0.394652, -0.025797
0.682784, 0.444003, -0.318920, -0.613513
0.682836, 0.932557, -0.393578, -0.081287
0.683048, 0.702173, -0.374831, -0.350886
0.683073, 1.000000, -0.394296, 0.000000
0.683146, 0.578653, -0.354759, -0.484901
0.683198, 0.532497, -0.344567, -0.531750
0.683202, 0.792779, -0.384577, -0.247127
0.683346, 0.388225, -0.294850, -0.657106
0.683444, 0.315623, 0.328745, -0.112256
0.683622, 0.837876, -0.387638, -0.194210
0.683779, 0.173866, 0.767288, 0.157641
0.683932, 0.063620, 0.786351, 0.059521
0.683942, 0.269290, 0.729029, 0.226886
0.684159, 0.498408, -0.334811, -0.564928
0.684335, 0.188235, 0.763850, 0.169239
0.684442, 0.029783, 0.788727, 0.027940
0.684460, 0.613587, -0.359965, -0.448410
0.684935, 0.409896, -0.303754, -0.641959
0.685266, 0.256092, 0.737037, 0.218114
0.685267, 0.754115, -0.378461, -0.292119
0.685346, 0.646794, -0.364491, -0.412674
0.685501, 0.350767, -0.272150, -0.681111
0.685635, 0.160817, 0.772330, 0.146204
0.685641, 0.338490, -0.262048, -0.684870
0.685698, 0.732822, -0.375561, -0.316501
0.685775, 0.009717, 0.790604, 0.009100
0.685796, 0.377030, -0.287452, -0.665931
0.685855, 0.945826, -0.390325, -0.065384
0.685894, 0.294660, 0.720167, 0.245839
0.686139, 0.364186, -0.280097, -0.674129
0.686403, 0.455160, -0.319661, -0.605174
0.687066, 0.554793, -0.345811, -0.510365
0.687132, 0.804855, -0.381062, -0.233344
0.687246, 0.849296, -0.384192, -0.180938
0.687342, 0.083546, 0.787360, 0.077536
0.687465, 0.520325, -0.337367, -0.544759
0.687485, 0.148055, 0.776915, 0.134904
0.687600, 0.243746, 0.744906, 0.209177
0.687652, 0.773693, -0.377599, -0.269674
0.687665, 0.051539, 0.790639, 0.048044
0.687675, 0.421578, -0.306407, -0.633881
0.687692, 0.200529, 0.762355, 0.177979
0.687762, 0.591010, -0.352316, -0.472893
0.688106, 0.487014, -0.327879, -0.576726
0.688129, 0.957351, -0.387946, -0.051538
0.688526, 0.659131, -0.362866, -0.399625
0.689089, 0.134943, 0.781046, 0.123236
0.689372, 0.989991, -0.386785, -0.012106
0.689412, 0.682258, -0.365115, -0.374067
0.689422, 0.095058, 0.787897, 0.087735
0.689675, 0.230029, 0.752590, 0.198944
0.689703, 0.862030, -0.382081, -0.165942
0.689730, 0.720048, -0.369519, -0.331527
0.689832, 0.816928, -0.378959, -0.219414
0.690054, 0.107784, 0.786635, 0.099086
0.690133, 0.625301, -0.355840, -0.436791
0.690141, 0.969056, -0.385849, -0.037438
0.690165, 0.568190, -0.345372, -0.497191
0.690305, 0.874475, -0.382177, -0.151170
0.690382, 0.282933, 0.724257, 0.230705
0.690420, 0.465989, -0.319552, -0.596843
0.690894, 0.121388, 0.784990, 0.111042
0.691026, 0.397929, -0.293899, -0.653816
0.691135, 0.073346, 0.791962, 0.067834
0.691317, 0.433499, -0.307901, -0.625492
0.691393, 0.215478, 0.759854, 0.187894
0.691506, 0.542671, -0.338592, -0.523548
0.691543, 0.886856, -0.381422, -0.136448
0.691690, 0.709210, -0.365893, -0.343952
0.691768, 0.508273, -0.330116, -0.557544
0.691991, 0.039818, 0.795272, 0.036936
0.692019, 0.742255, -0.369454, -0.306446
0.692139, 0.603419, -0.349934, -0.460578
0.692326, 0.019118, 0.796463, 0.017742
0.692444, 0.899254, -0.380956, -0.121630
0.692450, 0.694800, -0.363379, -0.360441
0.692627, 0.305797, 0.318857, -0.144205
0.692642, 0.763445, -0.370946, -0.282092
0.692706, 0.911558, -0.381176, -0.106861
0.692809, 0.784806, -0.372697, -0.257234
0.692953, 0.671150, -0.359634, -0.386915
0.693047, 0.829019, -0.376098, -0.205376
0.693153, 0.924042, -0.381108, -0.091847
0.693185, 0.181148, 0.772940, 0.160971
0.693228, 0.000000, 0.797656, 0.000000
0.693539, 0.319349, -0.232180, -0.685822
0.693896, 0.637241, -0.353644, -0.424430
0.694201, 0.936856, -0.380351, -0.076433
0.694551, 0.331054, -0.252089, -0.694780
0.695052, 0.476157, -0.318315, -0.588895
0.695066, 0.580344, -0.342619, -0.485499
0.695121, 0.445368, -0.308744, -0.616671
0.695301, 0.168829, 0.778173, 0.150457
0.695311, 0.530158, -0.331919, -0.536942
0.695348, 0.273512, 0.732656, 0.222459
0.696028, 0.061089, 0.797591, 0.056194
0.696052, 0.410289, -0.295222, -0.646355
0.696055, 0.262280, 0.739465, 0.215538
0.696065, 0.358160, -0.270747, -0.683694
0.696078, 0.344783, -0.262718, -0.691285
0.696172, 0.980788, -0.378716, -0.023291
0.696412, 0.372204, -0.277968, -0.674803
0.696510, 0.796085, -0.369489, -0.244425
0.696524, 0.840966, -0.372842, -0.191447
0.696691, 0.386010, -0.284373, -0.665281
0.696828, 0.496478, -0.322155, -0.570135
0.696848, 0.615715, -0.347002, -0.448266
0.696998, 0.650356, -0.352199, -0.410512
0.697029, 1.000000, -0.377747, 0.000000
0.697302, 0.028629, 0.800594, 0.026378
0.697497, 0.204395, 0.768432, 0.177494
0.697702, 0.250792, 0.747714, 0.208679
0.697707, 0.156580, 0.783476, 0.139757
0.697726, 0.292831, 0.709462, 0.222530
0.697959, 0.729408, -0.361304, -0.321856
0.698396, 0.751979, -0.363208, -0.295947
0.698426, 0.191566, 0.773804, 0.167506
0.698617, 0.559781, -0.334869, -0.507515
0.698898, 0.238203, 0.754928, 0.200242
0.699143, 0.853530, -0.370611, -0.176677
0.699198, 0.144596, 0.787552, 0.129414
0.699222, 0.457110, -0.308844, -0.607589
0.699250, 0.422768, -0.297357, -0.637420
0.699463, 0.592838, -0.340237, -0.473119
0.699571, 0.085117, 0.798270, 0.077541
0.699587, 0.949592, -0.374299, -0.061158
0.699593, 0.808288, -0.366921, -0.230349
0.699709, 0.517528, -0.324579, -0.550472
0.700215, 0.048631, 0.802232, 0.044529
0.700278, 0.774691, -0.363159, -0.269720
0.700452, 0.010841, 0.804157, 0.009948
0.700509, 0.485727, -0.315792, -0.581359
0.700514, 0.224886, 0.762275, 0.190822
0.700520, 0.132742, 0.791191, 0.119099
0.700736, 0.098204, 0.797494, 0.089026
0.700871, 0.866448, -0.369369, -0.161358
0.701010, 0.662595, -0.349475, -0.397528
0.701015, 0.960967, -0.372797, -0.047390
0.701067, 0.110503, 0.795755, 0.099788
0.701396, 0.549965, -0.330050, -0.518282
0.701543, 0.702916, -0.354103, -0.352385
0.701972, 0.688104, -0.351853, -0.369226
0.702380, 0.879101, -0.368293, -0.146280
0.702492, 0.820447, -0.364500, -0.216230
0.702530, 0.399088, -0.285597, -0.657961
0.702576, 0.121636, 0.795117, 0.109185
0.702613, 0.716942, -0.354571, -0.336603
0.702757, 0.676576, -0.349373, -0.382144
0.702782, 0.971764, -0.370800, -0.034304
0.702906, 0.071768, 0.802625, 0.065219
0.702976, 0.570332, -0.332386, -0.497446
0.703254, 0.628135, -0.342053, -0.435888
0.703297, 0.435191, -0.298231, -0.628299
0.703624, 0.891282, -0.367484, -0.131723
0.703818, 0.312719, -0.262541, -0.736471
0.703933, 0.990193, -0.369579, -0.011919
0.704021, 0.282807, 0.745112, 0.237004
0.704082, 0.504918, -0.317227, -0.563863
0.704096, 0.468468, -0.307717, -0.598654
0.704107, 0.605160, -0.337356, -0.460749
0.704192, 0.903347, -0.367350, -0.117213
0.704260, 0.915486, -0.367736, -0.102558
0.704380, 0.538665, -0.324619, -0.530415
0.704417, 0.178572, 0.782645, 0.155587
0.704521, 0.740171, -0.354976, -0.310223
0.704609, 0.300871, -0.153288, -0.637957
0.704662, 0.927592, -0.367639, -0.087921
0.704683, 0.212972, 0.770308, 0.180919
0.704936, 0.762323, -0.356710, -0.284619
0.705108, 0.641789, -0.341984, -0.421116
0.705166, 0.036508, 0.807478, 0.033224
0.705260, 0.337223, -0.253932, -0.702139
0.705425, 0.324453, -0.250304, -0.713394
0.705488, 0.939518, -0.366964, -0.073487
0.705772, 0.832616, -0.361516, -0.202024
0.705975, 0.786534, -0.357730, -0.256466
0.706164, 0.364586, -0.267604, -0.684995
0.706214, 0.350882, -0.260605, -0.694051
0.706838, 0.000000, 0.810037, 0.000000
0.706952, 0.165928, 0.788355, 0.144955
0.706996, 0.582512, -0.330373, -0.485384
0.707044, 0.270357, 0.729717, 0.203073
0.707102, 0.377919, -0.273148, -0.676008
0.707240, 0.412183, -0.286861, -0.649223
0.707382, 0.447348, -0.298493, -0.618914
0.707423, 0.022261, 0.810301, 0.020200
0.707552, 0.526755, -0.318806, -0.543072
0.707669, 0.058493, 0.808210, 0.052870
0.708576, 0.617008, -0.334415, -0.448687
0.708616, 0.199481, 0.778489, 0.169842
0.708719, 0.845178, -0.358875, -0.187248
0.708741, 0.258526, 0.750908, 0.208381
0.708897, 0.799280, -0.355417, -0.241744
0.709248, 0.246665, 0.756276, 0.199684
0.709315, 0.653934, -0.339057, -0.408321
0.709520, 0.479006, -0.305463, -0.590219
0.709813, 0.389943, -0.276234, -0.668154
0.709974, 0.153316, 0.794315, 0.134043
0.710047, 0.234020, 0.764009, 0.192287
0.710281, 0.492191, -0.308068, -0.577775
0.710502, 0.729012, -0.346914, -0.323675
0.710779, 0.857897, -0.357272, -0.172183
0.710815, 0.424938, -0.288299, -0.639716
0.711049, 0.980615, -0.361081, -0.023617
0.711055, 0.750478, -0.348488, -0.298965
0.711067, 0.695162, -0.342461, -0.362401
0.711230, 0.141536, 0.798198, 0.124159
0.711243, 0.080650, 0.808919, 0.072191
0.711269, 1.000000, -0.360990, 0.000000
0.711352, 0.594676, -0.327831, -0.473241
0.711573, 0.092499, 0.807735, 0.082500
0.711721, 0.667826, -0.338217, -0.393153
0.711757, 0.187587, 0.785174, 0.160082
0.711823, 0.772927, -0.349696, -0.272880
0.711911, 0.559567, -0.321002, -0.510428
0.711914, 0.459223, -0.297845, -0.609469
0.711926, 0.514403, -0.311643, -0.556322
0.712008, 0.811825, -0.352752, -0.227162
0.712193, 0.870719, -0.356382, -0.156896
0.712394, 0.291678, 0.026434, -0.475832
0.712442, 0.957173, -0.359201, -0.052203
0.712574, 0.046157, 0.813518, 0.041468
0.712583, 0.104778, 0.806653, 0.092973
0.712584, 0.707935, -0.342221, -0.348052
0.712864, 0.129161, 0.802324, 0.113561
0.712962, 0.221443, 0.772068, 0.183029
0.713542, 0.116251, 0.805434, 0.102590
0.713684, 0.010984, 0.816062, 0.009871
0.714076, 0.635524, -0.331134, -0.429256
0.714154, 0.547524, -0.316336, -0.523318
0.714193, 0.681140, -0.337196, -0.378607
0.714312, 0.968748, -0.357065, -0.038119
0.714348, 0.572226, -0.320744, -0.497599
0.714394, 0.946326, -0.356572, -0.065427
0.714686, 0.402479, -0.277199, -0.660042
0.714706, 0.883748, -0.354057, -0.141324
0.714806, 0.067765, 0.813534, 0.060456
0.714943, 0.305990, -0.217815, -0.712813
0.715085, 0.824197, -0.350059, -0.212710
0.715148, 0.719433, -0.340507, -0.335127
0.715369, 0.437559, -0.288332, -0.630120
0.715728, 0.908189, -0.353978, -0.111838
0.715742, 0.502632, -0.305175, -0.568864
0.715791, 0.342799, -0.250297, -0.704388
0.715811, 0.895822, -0.353353, -0.126809
0.715818, 0.920655, -0.354303, -0.096712
0.715878, 0.329979, -0.242969, -0.712039
0.716075, 0.279162, 0.552320, 0.031392
0.716091, 0.356753, -0.257090, -0.695308
0.716282, 0.032865, 0.817621, 0.029395
0.716307, 0.933217, -0.354037, -0.081445
0.716397, 0.174987, 0.792963, 0.149138
0.716464, 0.605343, -0.324025, -0.462599
0.716484, 0.317378, -0.232126, -0.716362
0.716507, 0.208546, 0.780256, 0.173047
0.716777, 0.535418, -0.311200, -0.536223
0.717202, 0.369646, -0.262145, -0.686653
0.717269, 0.761748, -0.342335, -0.286423
0.717375, 0.782275, -0.343990, -0.262366
0.717720, 0.626307, -0.325792, -0.439920
0.717731, 0.738728, -0.339657, -0.313278
0.717769, 0.470320, -0.295351, -0.600698
0.718054, 0.836770, -0.347423, -0.197926
0.718455, 0.989519, -0.352507, -0.012805
0.718611, 0.162509, 0.798428, 0.139005
0.718644, 0.645736, -0.327503, -0.418637
0.718782, 0.585564, -0.318255, -0.484117
0.718906, 0.415092, -0.278071, -0.650971
0.719076, 0.266772, 0.770076, 0.226612
0.719165, 0.792946, -0.342810, -0.249969
0.719429, 0.522800, -0.305880, -0.549561
0.719516, 0.381798, -0.265453, -0.678471
0.719760, 0.449701, -0.287895, -0.620442
0.720184, 0.056072, 0.819466, 0.049669
0.720326, 0.658543, -0.327363, -0.404662
0.720331, 0.000000, 0.822004, 0.000000
0.720337, 0.243135, 0.765603, 0.192835
0.720417, 0.615625, -0.321210, -0.451933
0.720777, 0.849506, -0.345007, -0.182846
0.720928, 0.482892, -0.295464, -0.589503
0.720934, 0.021486, 0.822247, 0.019076
0.721150, 0.254614, 0.748467, 0.188021
0.721164, 0.196056, 0.788702, 0.162675
0.721273, 0.690930, -0.330245, -0.368272
0.721440, 0.230203, 0.772696, 0.184182
0.721861, 0.804427, -0.340612, -0.236651
0.722417, 0.862097, -0.343829, -0.167826
0.722451, 0.427632, -0.278989, -0.641183
0.722588, 0.137036, 0.808434, 0.117871
0.722698, 0.149659, 0.805241, 0.127893
0.722709, 0.298241, -0.221244, -0.733872
0.722777, 0.393763, -0.267417, -0.670235
0.722835, 0.076463, 0.819440, 0.067154
0.723214, 0.493982, -0.295824, -0.579209
0.723252, 0.087523, 0.818450, 0.076572
0.723256, 0.671343, -0.325686, -0.390685
0.723316, 0.750289, -0.334294, -0.300384
0.723326, 0.874883, -0.343495, -0.152481
0.723377, 0.702473, -0.329160, -0.355373
0.723489, 0.099731, 0.816743, 0.086910
0.723860, 0.123283, 0.812517, 0.106451
0.724337, 0.043615, 0.824000, 0.038437
0.724383, 0.564666, -0.308777, -0.507377
0.724502, 0.509394, -0.297908, -0.564087
0.724559, 0.977787, -0.345355, -0.027217
0.724764, 0.816326, -0.338112, -0.222757
0.724784, 0.596561, -0.313556, -0.473320
0.724802, 0.184248, 0.795815, 0.153099
0.724908, 0.460956, -0.286123, -0.611393
0.724926, 0.217484, 0.781509, 0.175003
0.725005, 0.553854, -0.306189, -0.518828
0.725155, 0.964424, -0.344355, -0.043578
0.725161, 1.000000, -0.344750, 0.000000
0.725199, 0.727652, -0.329791, -0.326707
0.725271, 0.286946, -0.241314, -0.768372
0.725367, 0.714327, -0.328210, -0.342069
0.725422, 0.772610, -0.333748, -0.274385
0.725453, 0.348549, -0.246824, -0.705520
0.725470, 0.111567, 0.816363, 0.096459
0.725471, 0.576644, -0.309601, -0.494766
0.725520, 0.952885, -0.343685, -0.057696
0.726280, 0.940358, -0.342527, -0.073030
0.726538, 0.334860, -0.239390, -0.715296
0.726984, 0.914069, -0.340927, -0.105136
0.727012, 0.926946, -0.341291, -0.089430
0.727085, 0.542645, -0.301922, -0.530822
0.727221, 0.323041, -0.232757, -0.722988
0.727236, 0.010569, 0.827985, 0.009286
0.727239, 0.406060, -0.267969, -0.661574
0.727283, 0.901454, -0.340080, -0.120494
0.727287, 0.361207, -0.251134, -0.697317
0.727355, 0.888611, -0.339451, -0.136090
0.727564, 0.828557, -0.335696, -0.208385
0.727670, 0.440295, -0.277991, -0.631302
0.727672, 0.635415, -0.316097, -0.431377
0.727722, 0.309696, -0.225785, -0.731729
0.728084, 0.066095, 0.825250, 0.057642
0.728302, 0.682232, -0.321293, -0.379021
0.728574, 0.275174, 0.065058, -0.474221
0.728789, 0.172485, 0.802932, 0.143267
0.728835, 0.530762, -0.297821, -0.543345
0.728850, 0.205058, 0.789858, 0.165464
0.729052, 0.031975, 0.828850, 0.027980
0.729274, 0.373248, -0.254518, -0.689014
0.729332, 0.762100, -0.328360, -0.287132
0.729707, 0.609442, -0.310118, -0.460079
0.729722, 0.648772, -0.315598, -0.416847
0.729791, 0.160998, 0.807326, 0.134552
0.729859, 0.784102, -0.329568, -0.261276
0.729987, 0.474076, -0.284518, -0.600137
0.730272, 0.841032, -0.333337, -0.193635
0.730376, 0.739355, -0.325067, -0.313777
0.730501, 0.518453, -0.293656, -0.556162
0.730521, 0.622616, -0.311082, -0.445744
0.730565, 0.239147, 0.771710, 0.183296
0.730901, 0.418348, -0.268688, -0.652108
0.731253, 0.262906, 0.593404, 0.036866
0.731619, 0.990206, -0.337062, -0.012038
0.731684, 0.661371, -0.314970, -0.402980
0.731877, 0.500399, -0.288542, -0.574631
0.731899, 0.795993, -0.328202, -0.247439
0.732019, 0.385302, -0.256831, -0.680463
0.732236, 0.586517, -0.303887, -0.485276
0.732380, 0.054429, 0.830108, 0.047202
0.732754, 0.129677, 0.818212, 0.109643
0.732874, 0.450616, -0.275938, -0.623279
0.733044, 0.853518, -0.330816, -0.178789
0.733121, 0.226984, 0.781741, 0.176902
0.733544, 0.694078, -0.316625, -0.366115
0.733605, 0.250487, 0.797749, 0.219839
0.733665, 0.877928, -0.331271, -0.149267
0.733799, 0.486536, -0.283679, -0.589006
0.733902, 0.431096, -0.269722, -0.641541
0.734019, 0.092618, 0.826589, 0.079300
0.734030, 0.000000, 0.833919, 0.000000
0.734035, 0.865417, -0.330247, -0.164456
0.734081, 0.141870, 0.816205, 0.118828
0.734112, 0.192350, 0.798959, 0.155022
0.734218, 0.297220, -0.215195, -0.742769
0.734503, 0.020904, 0.834020, 0.018123
0.734554, 0.078602, 0.829219, 0.067514
0.734567, 0.808002, -0.325992, -0.233395
0.735411, 0.340727, -0.236340, -0.715723
0.735447, 0.397605, -0.258189, -0.671441
0.735578, 0.750956, -0.320066, -0.300717
0.735701, 0.572609, -0.297980, -0.500806
0.735758, 0.706501, -0.315487, -0.352210
0.736002, 0.105256, 0.826143, 0.089336
0.736048, 0.600772, -0.301901, -0.470465
0.736166, 0.969532, -0.331472, -0.037478
0.736193, 0.463261, -0.275926, -0.612081
0.736262, 0.719074, -0.316239, -0.337835
0.736285, 0.673607, -0.311201, -0.389705
0.736326, 0.152902, 0.814663, 0.126608
0.736747, 0.042788, 0.834733, 0.036875
0.736865, 0.560647, -0.294775, -0.513720
0.737052, 0.352144, -0.240163, -0.708218
0.737137, 0.981253, -0.330370, -0.023071
0.737157, 0.214696, 0.790224, 0.167388
0.737266, 0.820254, -0.323685, -0.218977
0.737302, 0.118385, 0.824484, 0.099703
0.737302, 0.946888, -0.329659, -0.065316
0.737315, 0.933888, -0.329326, -0.081262
0.737473, 0.317560, -0.223735, -0.732054
0.737543, 0.285215, -0.201941, -0.746464
0.737937, 0.958329, -0.329111, -0.051270
0.737982, 0.920778, -0.328129, -0.097339
0.738060, 0.549299, -0.291567, -0.525858
0.738128, 0.180310, 0.806586, 0.145441
0.738569, 0.774299, -0.318508, -0.273508
0.738665, 0.908610, -0.326843, -0.112229
0.738780, 0.896184, -0.326277, -0.127415
0.738786, 0.730600, -0.314453, -0.324743
0.739176, 0.536879, -0.288193, -0.538985
0.739211, 0.363663, -0.243120, -0.700415
0.739225, 0.510614, -0.283206, -0.565922
0.739320, 0.640964, -0.303866, -0.426838
0.739497, 1.000000, -0.327643, 0.000000
0.739660, 0.328959, -0.228000, -0.725829
0.739778, 0.066308, 0.835112, 0.056547
0.739826, 0.628604, -0.301617, -0.440506
0.739848, 0.410564, -0.258438, -0.661678
0.739883, 0.832737, -0.321440, -0.204211
0.740294, 0.762798, -0.315543, -0.287214
0.740408, 0.524196, -0.284580, -0.552285
0.740523, 0.272877, -0.240558, -0.800458
0.740716, 0.202209, 0.798464, 0.158294
0.740870, 0.306725, -0.215903, -0.740489
0.741017, 0.010314, 0.839833, 0.008836
0.741131, 0.166871, 0.813732, 0.135126
0.741157, 0.614385, -0.298242, -0.456395
0.741278, 0.375181, -0.245711, -0.692093
0.741487, 0.238205, 0.774280, 0.173381
0.741625, 0.684539, -0.306368, -0.377936
0.741714, 0.885205, -0.322041, -0.140811
0.741785, 0.652723, -0.302521, -0.413953
0.741837, 0.439687, -0.264714, -0.635774
0.741879, 0.787017, -0.315775, -0.258866
0.742069, 0.031365, 0.840014, 0.026788
0.742158, 0.424390, -0.260336, -0.649952
0.742372, 0.591555, -0.293602, -0.481358
0.742444, 0.475659, -0.272719, -0.601601
0.742519, 0.845437, -0.319133, -0.189113
0.742558, 0.497718, -0.277268, -0.579689
0.743130, 0.260329, 0.095384, -0.476322
0.743402, 0.664757, -0.302075, -0.400535
0.743532, 0.131676, 0.826181, 0.108609
0.743676, 0.742376, -0.309800, -0.311434
0.743949, 0.086486, 0.835720, 0.072718
0.744036, 0.386785, -0.247379, -0.683508
0.744170, 0.451879, -0.265552, -0.624997
0.744335, 0.054198, 0.840190, 0.045924
0.744388, 0.799293, -0.313802, -0.244517
0.744412, 0.580171, -0.289762, -0.494116
0.744436, 0.225861, 0.791380, 0.173154
0.744474, 0.871595, -0.318144, -0.157514
0.745219, 0.697838, -0.303662, -0.363117
0.745657, 0.858404, -0.316224, -0.173664
0.745984, 0.487457, -0.271701, -0.590636
0.746216, 0.340339, -0.228480, -0.720864
0.746407, 0.098000, 0.835790, 0.081594
0.746574, 0.989545, -0.319245, -0.012909
0.746660, 0.248636, 0.561399, -0.027454
0.746726, 0.295107, -0.205992, -0.750268
0.746777, 0.143930, 0.825174, 0.116909
0.746983, 0.811544, -0.311621, -0.230094
0.747080, 0.398233, -0.248368, -0.674689
0.747225, 0.189640, 0.808459, 0.147828
0.747246, 0.464176, -0.265432, -0.613815
0.747405, 0.155692, 0.821799, 0.125194
0.747410, 0.975181, -0.318082, -0.030653
0.747621, 0.710709, -0.302254, -0.348625
0.747670, 0.567965, -0.284374, -0.507731
0.747737, 0.110769, 0.834319, 0.091477
0.747745, 0.603234, -0.289380, -0.469454
0.747788, 0.941014, -0.317067, -0.072798
0.747862, 0.000000, 0.845682, 0.000000
0.748003, 0.075966, 0.840666, 0.063558
0.748168, 0.020519, 0.845603, 0.017325
0.748230, 0.352514, -0.231861, -0.712528
0.748346, 0.927558, -0.316038, -0.089368
0.748559, 0.753910, -0.305082, -0.298345
0.748656, 0.721905, -0.302141, -0.335773
0.748988, 0.213491, 0.798459, 0.161655
0.749041, 0.042345, 0.845056, 0.035619
0.749217, 0.318127, -0.216529, -0.737677
0.749487, 0.543384, -0.278460, -0.534023
0.749552, 0.823858, -0.309413, -0.215516
0.749557, 0.283019, -0.199594, -0.760494
0.749781, 0.556157, -0.280259, -0.520669
0.749808, 0.175956, 0.816028, 0.138091
0.749991, 0.963873, -0.314851, -0.044648
0.750067, 0.903420, -0.313144, -0.119054
0.750167, 0.674586, -0.295430, -0.390109
0.750255, 0.636573, -0.290907, -0.432915
0.750256, 0.622986, -0.289269, -0.448142
0.750260, 0.915829, -0.313273, -0.103814
0.750325, 0.952857, -0.314247, -0.058248
0.750355, 0.122482, 0.833575, 0.099974
0.750575, 0.530422, -0.275105, -0.547735
0.750592, 0.517478, -0.272812, -0.561166
0.750882, 0.364808, -0.234273, -0.703893
0.750989, 0.766832, -0.303318, -0.283355
0.751049, 0.408686, -0.247886, -0.666536
0.751094, 0.506038, -0.270189, -0.572981
0.751264, 0.778877, -0.304110, -0.269273
0.751698, 0.419748, -0.250334, -0.656696
0.751797, 0.201797, 0.805131, 0.152775
0.751823, 0.734297, -0.299597, -0.321644
0.752053, 0.432660, -0.253342, -0.645022
0.752059, 0.836103, -0.307236, -0.200958
0.752238, 0.270176, -0.189185, -0.767039
0.752327, 0.892208, -0.309784, -0.132788
0.752425, 0.064529, 0.845736, 0.053644
0.752736, 0.647544, -0.289431, -0.420947
0.752740, 0.329263, -0.219082, -0.731703
0.752838, 0.306532, -0.208519, -0.746917
0.752895, 0.688573, -0.293865, -0.374544
0.753209, 0.376875, -0.236418, -0.694814
0.753219, 0.235940, 0.796000, 0.182262
0.753275, 0.660135, -0.290289, -0.406858
0.753463, 0.590982, -0.281371, -0.483601
0.753520, 0.880455, -0.307845, -0.147202
0.753625, 1.000000, -0.310987, 0.000000
0.754374, 0.791085, -0.301372, -0.255023
0.754515, 0.848219, -0.305048, -0.186477
0.754735, 0.444592, -0.253705, -0.634493
0.754742, 0.163504, 0.824192, 0.128032
0.754971, 0.010218, 0.851537, 0.008510
0.755001, 0.481473, -0.261449, -0.598526
0.755040, 0.611963, -0.282496, -0.460917
0.755203, 0.030957, 0.850962, 0.025739
0.755450, 0.135826, 0.833912, 0.108553
0.755745, 0.258376, -0.223499, -0.816727
0.755759, 0.868117, -0.304601, -0.162365
0.755890, 0.223561, 0.822257, 0.189580
0.755931, 0.087822, 0.845147, 0.071901
0.755982, 0.470886, -0.258273, -0.609113
0.756001, 0.456172, -0.255115, -0.623634
0.756218, 0.578961, -0.276675, -0.497076
0.756243, 0.495786, -0.262954, -0.584283
0.756299, 0.981479, -0.307494, -0.022944
0.756358, 0.388969, -0.237494, -0.685522
0.756772, 0.702499, -0.290774, -0.358915
0.756811, 0.052974, 0.850539, 0.043740
0.756924, 0.803242, -0.299263, -0.240735
0.757250, 0.341959, -0.220915, -0.724198
0.757338, 0.745743, -0.294115, -0.308713
0.757391, 0.102084, 0.843526, 0.082779
0.757641, 0.934558, -0.305061, -0.081004
0.758757, 0.293497, -0.198403, -0.758133
0.758976, 0.246370, -0.066132, -0.671298
0.758992, 0.184148, 0.818106, 0.139470
0.759036, 0.149757, 0.832026, 0.117285
0.759337, 0.858754, -0.299790, -0.173919
0.759392, 0.815490, -0.297178, -0.226236
0.759526, 0.567584, -0.271417, -0.509789
0.759568, 0.354699, -0.223762, -0.715126
0.759610, 0.631240, -0.279741, -0.440037
0.759921, 0.725464, -0.289266, -0.332598
0.760172, 0.400507, -0.237435, -0.676493
0.760262, 0.075488, 0.850515, 0.061458
0.760324, 0.195725, 0.813428, 0.145562
0.760536, 0.600606, -0.274890, -0.474104
0.760561, 0.547419, -0.267308, -0.531567
0.760606, 0.946403, -0.301863, -0.066452
0.760675, 0.535288, -0.265274, -0.544410
0.760692, 0.969882, -0.302165, -0.037373
0.760725, 0.757918, -0.291184, -0.294719
0.760812, 0.279959, -0.190093, -0.767114
0.760827, 0.113767, 0.843595, 0.090937
0.760856, 0.679724, -0.283769, -0.385480
0.761130, 0.714153, -0.286935, -0.346000
0.761208, 0.909785, -0.300098, -0.111685
0.761379, 0.522065, -0.262384, -0.558440
0.761425, 0.210305, 0.806030, 0.152779
0.761541, 0.991018, -0.301348, -0.011149
0.761556, 0.041508, 0.855309, 0.033996
0.761632, 0.923135, -0.299991, -0.095235
0.761678, 0.318357, -0.208170, -0.743319
0.761727, 0.000000, 0.857226, 0.000000
0.761926, 0.667405, -0.281253, -0.399642
0.761977, 0.020529, 0.856982, 0.016830
0.761997, 0.827766, -0.294861, -0.211626
0.762103, 0.771230, -0.290631, -0.279115
0.762313, 0.125580, 0.841571, 0.099313
0.762434, 0.509469, -0.259082, -0.571533
0.762574, 0.171927, 0.825748, 0.130387
0.762608, 0.413012, -0.238538, -0.665834
0.762670, 0.557670, -0.266549, -0.520873
0.762749, 0.367476, -0.225426, -0.705812
0.762762, 0.425488, -0.241499, -0.654350
0.763199, 0.898442, -0.297124, -0.125653
0.763432, 0.305364, -0.201205, -0.752931
0.763623, 0.619979, -0.273889, -0.453097
0.763926, 0.693576, -0.281564, -0.369828
0.763937, 0.958250, -0.298259, -0.051871
0.764155, 0.654192, -0.277259, -0.414839
0.764229, 0.783157, -0.289100, -0.265188
0.764397, 0.642081, -0.275536, -0.428355
0.764503, 0.840064, -0.292633, -0.196934
0.764564, 0.486689, -0.252774, -0.595133
0.764568, 0.437966, -0.242727, -0.643092
0.764638, 0.331457, -0.211289, -0.735140
0.764667, 0.463158, -0.248047, -0.618582
0.764847, 0.268421, -0.182815, -0.776933
0.764857, 0.063605, 0.855781, 0.051417
0.764970, 0.886501, -0.294436, -0.140350
0.765155, 0.379788, -0.227143, -0.696144
0.765199, 0.736989, -0.284132, -0.319642
0.765292, 0.588274, -0.268012, -0.488258
0.765364, 0.874899, -0.293396, -0.154552
0.765456, 0.233955, 0.332989, -0.291171
0.765947, 0.094763, 0.851580, 0.075492
0.766363, 0.221919, 0.795566, 0.152044
0.766519, 0.139279, 0.840617, 0.107731
0.767048, 0.795179, -0.286653, -0.251087
0.767213, 0.159884, 0.833630, 0.121091
0.767656, 0.450815, -0.242564, -0.631477
0.768115, 0.851762, -0.288958, -0.182939
0.768153, 0.256909, -0.169103, -0.779314
0.768289, 0.344679, -0.213318, -0.726276
0.768321, 0.475502, -0.246846, -0.607102
0.768438, 0.498316, -0.250929, -0.584098
0.768470, 1.000000, -0.293035, 0.000000
0.768824, 0.030605, 0.861992, 0.024676
0.768859, 0.609389, -0.266735, -0.465492
0.768875, 0.935309, -0.291623, -0.080390
0.768879, 0.576360, -0.262469, -0.501715
0.768943, 0.010859, 0.862931, 0.008769
0.769033, 0.392004, -0.227191, -0.686560
0.769039, 0.979966, -0.292301, -0.024941
0.769246, 0.083772, 0.856154, 0.066543
0.769336, 0.052113, 0.860608, 0.041810
0.769439, 0.807318, -0.284678, -0.236743
0.769695, 0.287268, -0.188702, -0.767540
0.770256, 0.704390, -0.275284, -0.358018
0.770483, 0.749060, -0.279047, -0.306057
0.770615, 0.202147, 0.818690, 0.147159
0.770676, 0.245852, -0.148800, -0.772936
0.770788, 0.357784, -0.215647, -0.716499
0.770853, 0.865176, -0.286236, -0.166653
0.770992, 0.105703, 0.853001, 0.082624
0.771162, 0.725631, -0.276109, -0.333390
0.771257, 0.914808, -0.288168, -0.105841
0.771261, 0.685162, -0.272234, -0.380199
0.771316, 0.630039, -0.266410, -0.442803
0.771329, 0.529842, -0.253081, -0.551796
0.771417, 0.542753, -0.254927, -0.538107
0.771477, 0.179614, 0.827217, 0.130849
0.771587, 0.763238, -0.278789, -0.289322
0.771633, 0.190073, 0.824905, 0.139297
0.771852, 0.819437, -0.282606, -0.222333
0.772106, 0.404493, -0.227652, -0.676110
0.772512, 0.297708, -0.191851, -0.762251
0.772638, 0.673301, -0.269511, -0.393978
0.772866, 0.947349, -0.287361, -0.065602
0.773036, 0.128853, 0.848209, 0.098638
0.773075, 0.597793, -0.260613, -0.478843
0.773123, 0.149378, 0.841423, 0.112234
0.773342, 0.565250, -0.256040, -0.514275
0.773395, 0.311266, -0.196987, -0.753342
0.773531, 0.072312, 0.861310, 0.057061
0.773571, 0.968515, -0.286924, -0.039277
0.773646, 0.518280, -0.248802, -0.564253
0.773682, 0.416668, -0.229131, -0.665259
0.773939, 0.116966, 0.852174, 0.090143
0.773959, 0.040636, 0.865234, 0.032323
0.773976, 0.323432, -0.201291, -0.744774
0.774114, 0.661470, -0.266628, -0.407642
0.774255, 0.428945, -0.231396, -0.653815
0.774283, 0.553808, -0.253408, -0.526652
0.774385, 0.276604, -0.180564, -0.776469
0.774397, 0.831910, -0.280324, -0.207412
0.774492, 0.775205, -0.276290, -0.275387
0.774535, 0.714793, -0.271290, -0.346425
0.774731, 0.371047, -0.216339, -0.706534
0.774778, 0.903417, -0.283411, -0.119993
0.774833, 0.214066, 0.821651, 0.161727
0.775180, 0.000000, 0.868027, 0.000000
0.775230, 0.507975, -0.245499, -0.575308
0.775230, 0.463961, -0.237689, -0.619997
0.775488, 0.925003, -0.283454, -0.093375
0.775554, 0.892133, -0.282128, -0.133980
0.775731, 0.989962, -0.284461, -0.012533
0.775994, 0.169133, 0.834883, 0.122991
0.776037, 0.487603, -0.241202, -0.596342
0.776280, 0.649686, -0.262880, -0.421167
0.776298, 0.022051, 0.868415, 0.017478
0.776453, 0.441420, -0.231966, -0.642383
0.776779, 0.619354, -0.259005, -0.455342
0.776841, 0.335685, -0.203478, -0.736412
0.776923, 0.878609, -0.279797, -0.150620
0.777158, 0.787241, -0.274017, -0.261260
0.777179, 0.383103, -0.217528, -0.696722
0.777319, 0.738317, -0.269996, -0.319127
0.777363, 0.639506, -0.260603, -0.432855
0.777483, 0.843871, -0.277338, -0.193097
0.777505, 0.585547, -0.254175, -0.492881
0.777628, 0.237521, -0.162843, -0.802870
0.777668, 0.225873, 0.069486, -0.577501
0.777761, 0.695023, -0.265602, -0.369432
0.777776, 0.264579, -0.172057, -0.784777
0.778097, 0.094261, 0.860821, 0.072709
0.778119, 0.060807, 0.866456, 0.047596
0.778321, 0.957958, -0.281213, -0.052544
0.779557, 0.348554, -0.205498, -0.726945
0.779658, 0.799395, -0.271928, -0.246939
0.779689, 0.856374, -0.275414, -0.178011
0.779996, 0.139059, 0.849605, 0.103210
0.780123, 0.756073, -0.268058, -0.298396
0.780158, 0.453351, -0.230723, -0.631515
0.780552, 0.476455, -0.234633, -0.608549
0.781134, 0.396162, -0.217311, -0.685975
0.781150, 0.936136, -0.277030, -0.079741
0.781220, 0.252233, -0.164337, -0.793835
0.781281, 0.158269, 0.842875, 0.114526
0.781403, 0.536453, -0.243296, -0.546321
0.781684, 0.607859, -0.252184, -0.468742
0.781730, 0.361820, -0.207650, -0.716473
0.781840, 0.082153, 0.865851, 0.063138
0.781961, 0.573442, -0.247706, -0.506647
0.782039, 0.498967, -0.236933, -0.585822
0.782100, 0.811239, -0.269822, -0.232890
0.782141, 0.011017, 0.873345, 0.008610
0.782183, 0.048477, 0.870996, 0.037681
0.782244, 0.979087, -0.276604, -0.026175
0.782287, 0.205682, 0.859614, 0.182211
0.782337, 0.287700, -0.180901, -0.773501
0.782390, 0.681871, -0.259045, -0.385089
0.782399, 0.193855, 0.841029, 0.148346
0.782609, 1.000000, -0.276260, 0.000000
0.782697, 0.727431, -0.262678, -0.332230
0.782871, 0.302176, -0.186603, -0.763832
0.783283, 0.912709, -0.273625, -0.108878
0.783545, 0.033940, 0.873433, 0.026354
0.783670, 0.181170, 0.832802, 0.125385
0.783764, 0.868437, -0.271141, -0.163469
0.783773, 0.105245, 0.862179, 0.079372
0.783938, 0.823821, -0.268433, -0.217831
0.784008, 0.524974, -0.238887, -0.559022
0.784341, 0.668778, -0.255590, -0.400367
0.784484, 0.629961, -0.251451, -0.444325
0.784540, 0.407470, -0.216818, -0.676460
0.784564, 0.547999, -0.241489, -0.534419
0.784604, 0.315801, -0.190525, -0.754553
0.784605, 0.419602, -0.219441, -0.664960
0.784667, 0.127416, 0.856489, 0.094182
0.784753, 0.704898, -0.258424, -0.358774
0.784919, 0.767480, -0.263250, -0.285270
0.785050, 0.596155, -0.247053, -0.482106
0.785735, 0.431967, -0.220955, -0.653369
0.785746, 0.887989, -0.269666, -0.139532
0.785862, 0.746866, -0.260588, -0.309763
0.785902, 0.116453, 0.860587, 0.086593
0.785972, 0.946951, -0.271619, -0.066417
0.786067, 0.716548, -0.257830, -0.345260
0.786205, 0.560686, -0.241413, -0.521061
0.786331, 0.274558, -0.172416, -0.783704
0.786461, 0.655759, -0.251897, -0.415467
0.786552, 0.070625, 0.871371, 0.053824
0.786726, 0.327576, -0.192963, -0.746276
0.786808, 0.465765, -0.226357, -0.620392
0.786900, 0.512125, -0.233879, -0.572905
0.786970, 0.778906, -0.261709, -0.271902
0.787171, 0.836433, -0.265260, -0.202696
0.787173, 0.968443, -0.270632, -0.039567
0.787261, 0.375206, -0.206495, -0.706400
0.787574, 0.147601, 0.851024, 0.105697
0.787709, 0.241943, -0.153632, -0.801144
0.787862, 0.923918, -0.268602, -0.095159
0.787991, 0.900402, -0.267503, -0.124305
0.788113, 0.488401, -0.228886, -0.597669
0.788267, 0.217013, 0.021974, -0.645341
0.788326, 0.387634, -0.208641, -0.695514
0.788403, 0.168942, 0.841462, 0.116948
0.788485, 0.000000, 0.878351, 0.000000
0.788837, 0.229672, -0.139133, -0.800051
0.788899, 0.339706, -0.195087, -0.737234
0.788920, 0.443467, -0.220110, -0.642875
0.789085, 0.022360, 0.878271, 0.017128
0.789182, 0.618344, -0.244912, -0.457939
0.789437, 0.642636, -0.247113, -0.430556
0.789481, 0.583973, -0.240667, -0.496035
0.789482, 0.691973, -0.251712, -0.374094
0.789543, 0.989479, -0.267982, -0.013210
0.789771, 0.791774, -0.259259, -0.256715
0.789939, 0.261892, -0.164228, -0.793112
0.790010, 0.848403, -0.262573, -0.188321
0.790116, 0.092065, 0.869869, 0.068625
0.790443, 0.058074, 0.876105, 0.043973
0.790652, 0.352465, -0.197384, -0.727078
0.791220, 0.736598, -0.253447, -0.322287
0.791342, 0.877791, -0.262455, -0.152353
0.791789, 0.957606, -0.264985, -0.053246
0.792167, 0.859251, -0.260511, -0.175147
0.792248, 0.294837, -0.177104, -0.772812
0.792479, 0.455102, -0.218716, -0.632064
0.792514, 0.364821, -0.199140, -0.716877
0.792668, 0.536859, -0.231227, -0.547528
0.792784, 0.803153, -0.256468, -0.243318
0.792811, 0.203617, 0.567147, -0.118704
0.792873, 0.758027, -0.253130, -0.297139
0.792920, 0.044666, 0.879445, 0.033732
0.792964, 0.477852, -0.222140, -0.609254
0.793193, 0.678399, -0.246186, -0.390098
0.793392, 0.934888, -0.262294, -0.081668
0.793507, 0.136326, 0.858984, 0.096777
0.793620, 0.308573, -0.181199, -0.763238
0.793758, 0.190769, 0.878396, 0.172278
0.793865, 0.500927, -0.224835, -0.585634
0.793873, 0.571568, -0.234364, -0.510289
0.793923, 0.815921, -0.255936, -0.228011
0.794342, 0.606494, -0.237785, -0.471693
0.794639, 0.156924, 0.851012, 0.108132
0.794803, 0.081088, 0.875393, 0.059990
0.794875, 0.522565, -0.226928, -0.563167
0.794883, 0.398253, -0.205057, -0.687333
0.795020, 0.250563, -0.155606, -0.802046
0.795022, 0.282668, -0.170333, -0.782398
0.795167, 0.010971, 0.883258, 0.008267
0.795176, 0.911992, -0.259387, -0.110269
0.795621, 0.422864, -0.209521, -0.664205
0.795653, 0.665124, -0.242161, -0.405629
0.795753, 0.725375, -0.247153, -0.335762
0.795758, 0.101362, 0.871445, 0.073738
0.795790, 0.828951, -0.254482, -0.212340
0.795803, 0.550132, -0.229595, -0.533824
0.795926, 0.411088, -0.206838, -0.675651
0.795946, 0.629998, -0.238424, -0.445539
0.796086, 0.978835, -0.260026, -0.026633
0.796439, 0.178901, 0.842788, 0.120495
0.796467, 1.000000, -0.259706, 0.000000
0.796610, 0.033085, 0.883271, 0.024766
0.796631, 0.594783, -0.233900, -0.484895
0.796784, 0.112818, 0.868930, 0.081033
0.797116, 0.712893, -0.244581, -0.350523
0.797288, 0.125046, 0.865358, 0.088611
0.797369, 0.890294, -0.255785, -0.137231
0.797465, 0.701246, -0.243218, -0.364124
0.797499, 0.320592, -0.182208, -0.755329
0.797910, 0.783081, -0.248910, -0.267681
0.798183, 0.770183, -0.247735, -0.283149
0.798217, 0.433407, -0.209002, -0.654375
0.798245, 0.652310, -0.238006, -0.420574
0.798352, 0.384237, -0.198678, -0.701076
0.798635, 0.068141, 0.880507, 0.050118
0.798663, 0.867927, -0.253062, -0.164807
0.798664, 0.945691, -0.256296, -0.068313
0.798706, 0.467244, -0.214481, -0.620920
0.798926, 0.270323, -0.162592, -0.792251
0.799268, 0.332420, -0.184383, -0.746374
0.799381, 0.237699, -0.149192, -0.813926
0.799507, 0.746664, -0.244405, -0.311093
0.799544, 0.225199, -0.155335, -0.833232
0.799574, 0.561266, -0.226824, -0.522199
0.799804, 0.842801, -0.250294, -0.195605
0.800056, 0.490098, -0.216695, -0.597780
0.800250, 0.345539, -0.187291, -0.735668
0.800297, 0.511257, -0.219540, -0.575827
0.800564, 0.923385, -0.253344, -0.096290
0.800593, 0.212972, -0.165819, -0.855655
0.800689, 0.968250, -0.254345, -0.040014
0.800737, 0.372677, -0.193789, -0.711944
0.800911, 0.167101, 0.847686, 0.109052
0.801012, 0.617424, -0.231402, -0.460250
0.801057, 0.688216, -0.237879, -0.379479
0.801152, 0.581770, -0.227461, -0.499959
0.801152, 0.144866, 0.859776, 0.098485
0.801237, 0.444653, -0.208050, -0.643891
0.801796, 0.000000, 0.888280, 0.000000
0.801860, 0.901808, -0.251010, -0.123236
0.802088, 0.055189, 0.884879, 0.040376
0.802138, 0.358512, -0.189069, -0.724934
0.802159, 0.021567, 0.888029, 0.015900
0.802370, 0.640334, -0.232112, -0.434555
0.802488, 0.531447, -0.219877, -0.554599
0.802589, 0.301563, -0.172022, -0.771691
0.803313, 0.258728, -0.154763, -0.801578
0.803330, 0.989019, -0.251440, -0.013861
0.803659, 0.794572, -0.242768, -0.254280
0.803754, 0.199693, 0.160419, -0.540847
0.803925, 0.854738, -0.246128, -0.181364
0.804043, 0.956514, -0.250134, -0.054862
0.804170, 0.091675, 0.879592, 0.065249
0.804191, 0.735358, -0.237988, -0.324780
0.804206, 0.674898, -0.233073, -0.395141
0.804223, 0.879626, -0.247039, -0.150754
0.804236, 0.807958, -0.243044, -0.238314
0.804318, 0.456328, -0.206935, -0.632785
0.804648, 0.757690, -0.239117, -0.298468
0.804788, 0.290315, -0.166424, -0.780909
0.805169, 0.479339, -0.209727, -0.609625
0.805203, 0.543062, -0.218387, -0.542454
0.805380, 0.043786, 0.888583, 0.031827
0.805459, 0.820899, -0.242333, -0.222697
0.806111, 0.405610, -0.195971, -0.682886
0.806143, 0.078387, 0.883710, 0.055927
0.806181, 0.934369, -0.246875, -0.082719
0.806196, 0.187764, 0.707262, -0.009386
0.806545, 0.419977, -0.198341, -0.669224
0.806656, 0.833896, -0.241599, -0.206926
0.806685, 0.312720, -0.172495, -0.764442
0.806717, 0.392610, -0.192729, -0.695250
0.807028, 0.605170, -0.223258, -0.474395
0.807127, 0.593005, -0.221933, -0.488058
0.807225, 0.500629, -0.210686, -0.587942
0.807277, 0.105535, 0.877831, 0.073415
0.807286, 0.661948, -0.228405, -0.410367
0.807427, 0.133074, 0.868309, 0.089764
0.807431, 0.722462, -0.233153, -0.340157
0.807434, 0.570867, -0.219217, -0.512579
0.807473, 0.155196, 0.859350, 0.102334
0.807569, 0.246464, -0.146738, -0.811072
0.807848, 0.278269, -0.159817, -0.790636
0.808106, 0.520741, -0.212440, -0.566808
0.808126, 0.119216, 0.873917, 0.081449
0.808150, 0.628298, -0.224322, -0.448702
0.808315, 0.780766, -0.236260, -0.271152
0.808331, 0.913247, -0.243581, -0.109235
0.808528, 0.010517, 0.893052, 0.007603
0.808727, 0.710045, -0.230646, -0.354760
0.809391, 0.697789, -0.228901, -0.369098
0.809432, 0.554725, -0.215183, -0.530477
0.809434, 0.176240, 0.876092, 0.139593
0.809485, 0.432854, -0.197781, -0.657276
0.809495, 0.031975, 0.892641, 0.022986
0.809952, 0.338919, -0.177240, -0.744013
0.810013, 0.891688, -0.240631, -0.136130
0.810087, 1.000000, -0.243374, 0.000000
0.810396, 0.325436, -0.173219, -0.755451
0.810472, 0.867940, -0.238956, -0.165533
0.810497, 0.468369, -0.202519, -0.621576
0.810503, 0.978237, -0.242744, -0.027553
0.810555, 0.064908, 0.889269, 0.045940
0.810591, 0.380196, -0.186483, -0.707516
0.810778, 0.650024, -0.223290, -0.424280
0.810785, 0.221532, -0.132427, -0.825986
0.810963, 0.768786, -0.232334, -0.285710
0.811082, 0.233345, -0.137416, -0.819161
0.811091, 0.366344, -0.182952, -0.720209
0.811611, 0.351967, -0.179101, -0.733156
0.811622, 0.944864, -0.240557, -0.069679
0.812340, 0.208416, -0.126488, -0.834448
0.812378, 0.266422, -0.152175, -0.800613
0.812579, 0.684535, -0.224085, -0.384716
0.812907, 0.616671, -0.217758, -0.462225
0.812939, 0.445148, -0.196397, -0.645652
0.813056, 0.745446, -0.228254, -0.313654
0.813081, 0.489922, -0.202997, -0.599920
0.813288, 0.164318, 0.844267, 0.091469
0.813425, 0.966572, -0.238869, -0.042328
0.813522, 0.582498, -0.213671, -0.500440
0.813634, 0.844061, -0.233727, -0.194922
0.814077, 0.532576, -0.207437, -0.554861
0.814101, 0.924739, -0.237003, -0.095071
0.814201, 0.300857, -0.162887, -0.776239
0.814230, 0.510389, -0.204523, -0.578612
0.814265, 0.145643, 0.865769, 0.092788
0.814808, 0.802446, -0.229915, -0.245614
0.815328, 0.054207, 0.894256, 0.037911
0.815342, 0.638281, -0.216974, -0.438062
0.815362, 0.000000, 0.898038, 0.000000
0.815486, 0.020759, 0.897578, 0.014645
0.815494, 0.903136, -0.234549, -0.122169
0.815572, 0.671587, -0.219562, -0.399983
0.815610, 0.456729, -0.195485, -0.634245
0.815762, 0.815452, -0.229495, -0.229885
0.815878, 0.732403, -0.223884, -0.329157
0.815895, 0.857189, -0.231895, -0.179116
0.815905, 0.955276, -0.235582, -0.056647
0.816000, 0.412258, -0.187676, -0.678351
0.816003, 0.196228, -0.153204, -0.874932
0.816064, 0.757091, -0.225327, -0.299862
0.816105, 0.086007, 0.888590, 0.058798
0.816262, 0.255103, -0.145105, -0.809653
0.816282, 0.829096, -0.229617, -0.213299
0.816308, 0.789824, -0.227297, -0.260890
0.816332, 0.287717, -0.157056, -0.786885
0.816386, 0.564139, -0.208481, -0.520837
0.816494, 0.098121, 0.885665, 0.066225
0.816547, 0.880871, -0.232217, -0.149862
0.816786, 0.989946, -0.235161, -0.012764
0.816985, 0.398442, -0.184160, -0.691844
0.817465, 0.042400, 0.897115, 0.029568
0.817483, 0.073607, 0.892214, 0.050500
0.817643, 0.544436, -0.204934, -0.542518
0.817814, 0.595358, -0.210123, -0.486570
0.817814, 0.314824, -0.164132, -0.766205
0.817898, 0.478628, -0.196340, -0.612219
0.818440, 0.111374, 0.882683, 0.073504
0.818596, 0.424944, -0.187353, -0.666503
0.819014, 0.184204, 0.176437, -0.555655
0.819142, 0.124193, 0.878151, 0.080279
0.819289, 0.718958, -0.218814, -0.345140
0.819510, 0.242042, -0.137519, -0.819138
0.819782, 0.659423, -0.213626, -0.414270
0.819813, 0.135179, 0.873699, 0.085560
0.820058, 0.935972, -0.230076, -0.081129
0.820187, 0.333955, -0.167206, -0.750889
0.820221, 0.606487, -0.208492, -0.474442
0.820222, 0.387323, -0.178942, -0.703023
0.820332, 0.706510, -0.216648, -0.359765
0.820387, 0.274689, -0.149673, -0.797889
0.820600, 0.777265, -0.221320, -0.276246
0.820624, 0.521559, -0.199017, -0.567520
0.820738, 0.694032, -0.215225, -0.374328
0.820831, 0.373545, -0.175604, -0.715930
0.821094, 0.359627, -0.172403, -0.728605
0.821118, 0.500065, -0.195835, -0.590416
0.821145, 0.216993, -0.125094, -0.834039
0.821149, 0.627309, -0.209269, -0.450910
0.821584, 0.574741, -0.203778, -0.509676
0.821618, 0.914983, -0.227547, -0.107595
0.821722, 0.345832, -0.168731, -0.740983
0.821846, 0.437749, -0.186203, -0.654383
0.821882, 0.171223, 0.775236, 0.025611
0.822279, 0.010454, 0.902706, 0.007203
0.822412, 0.156499, 0.884651, 0.114782
0.822487, 0.465863, -0.189742, -0.625922
0.822557, 0.030803, 0.901740, 0.021139
0.822574, 0.870706, -0.224292, -0.162676
0.822941, 0.892455, -0.225009, -0.135803
0.823365, 0.228510, -0.129364, -0.828810
0.823379, 0.647351, -0.208468, -0.428453
0.823481, 0.555001, -0.199655, -0.531689
0.824080, 0.981202, -0.226115, -0.023912
0.824182, 0.971171, -0.225844, -0.036662
0.824243, 1.000000, -0.226091, 0.000000
0.824398, 0.680948, -0.209955, -0.389862
0.824515, 0.765852, -0.215743, -0.289976
0.824918, 0.324678, -0.160819, -0.760087
0.824977, 0.305446, -0.155704, -0.775814
0.825143, 0.064017, 0.899171, 0.042863
0.825186, 0.205094, -0.119097, -0.844155
0.825386, 0.836574, -0.219103, -0.204807
0.825390, 0.451109, -0.184649, -0.641541
0.825484, 0.617253, -0.203419, -0.462708
0.825728, 0.848758, -0.219392, -0.189939
0.825740, 0.947095, -0.223377, -0.067217
0.825815, 0.533746, -0.194763, -0.555001
0.825818, 0.404428, -0.176727, -0.687685
0.825830, 0.740766, -0.212602, -0.320016
0.826007, 0.489214, -0.189224, -0.602338
0.826131, 0.586603, -0.199843, -0.497032
0.826319, 0.797622, -0.215640, -0.252096
0.826337, 0.294171, -0.151400, -0.785194
0.826377, 0.752204, -0.212685, -0.306455
0.826401, 0.264047, -0.141695, -0.807639
0.826485, 0.809888, -0.216173, -0.237280
0.826592, 0.822930, -0.216798, -0.221454
0.826595, 0.959095, -0.222602, -0.052022
0.827340, 0.728124, -0.209883, -0.334958
0.827428, 0.510721, -0.190381, -0.579946
0.827455, 0.144345, 0.877342, 0.090786
0.827509, 0.090991, 0.894261, 0.058982
0.827578, 0.860997, -0.217712, -0.174929
0.827713, 0.669634, -0.205156, -0.403117
0.827731, 0.078065, 0.897807, 0.051153
0.827735, 0.926814, -0.220514, -0.092949
0.827782, 0.251979, -0.136420, -0.816343
0.827817, 0.051689, 0.902859, 0.034452
0.828057, 0.282072, -0.146440, -0.794958
0.828072, 0.416370, -0.176548, -0.676501
0.828278, 0.104017, 0.890618, 0.066086
0.828459, 0.193330, -0.119938, -0.859689
0.828517, 0.904629, -0.218775, -0.120871
0.828968, 0.000000, 0.907383, 0.000000
0.828977, 0.635618, -0.200978, -0.442231
0.829377, 0.020827, 0.907050, 0.013943
0.829387, 0.785178, -0.211200, -0.267312
0.829428, 0.476396, -0.183946, -0.616090
0.829763, 0.040770, 0.905485, 0.027087
0.829902, 0.881615, -0.215970, -0.149584
0.829919, 0.117573, 0.886750, 0.072985
0.829929, 0.566213, -0.193611, -0.520004
0.830334, 0.598561, -0.196200, -0.484120
0.830509, 0.179862, -0.107945, -0.859285
0.830693, 0.380468, -0.167733, -0.711539
0.830711, 0.545087, -0.190614, -0.543282
0.830730, 0.428334, -0.175805, -0.665191
0.830827, 0.366524, -0.164927, -0.724471
0.830870, 0.238412, -0.129131, -0.826435
0.831154, 0.352302, -0.161724, -0.737488
0.831422, 0.393749, -0.169450, -0.699191
0.831469, 0.714099, -0.204018, -0.351774
0.831652, 0.314193, -0.152541, -0.770481
0.831734, 0.130700, 0.879942, 0.076659
0.831738, 0.989689, -0.216910, -0.013159
0.831771, 0.701723, -0.202726, -0.366150
0.831996, 0.689727, -0.201609, -0.380153
0.832104, 0.337807, -0.157743, -0.750519
0.832140, 0.216057, -0.118848, -0.840082
0.832203, 0.657252, -0.198980, -0.417791
0.832350, 0.166183, 0.473943, -0.288556
0.832726, 0.523038, -0.186035, -0.567338
0.832913, 0.463152, -0.178556, -0.630238
0.833550, 0.440299, -0.174735, -0.653663
0.833813, 0.939120, -0.213455, -0.077591
0.834019, 0.609993, -0.193007, -0.471630
0.834282, 0.774359, -0.204519, -0.280471
0.834621, 0.577863, -0.189463, -0.507605
0.834721, 0.916536, -0.211657, -0.106170
0.834820, 0.499898, -0.181149, -0.592261
0.835187, 0.272992, -0.138267, -0.804252
0.835455, 0.154248, 0.874258, 0.093718
0.835544, 0.894222, -0.209706, -0.134184
0.835635, 0.623658, -0.192281, -0.456305
0.835752, 0.965790, -0.211691, -0.043714
0.835769, 0.646487, -0.193949, -0.430322
0.835957, 0.761013, -0.201740, -0.296629
0.835994, 0.010544, 0.911855, 0.006876
0.836410, 0.870429, -0.207416, -0.163748
0.836484, 0.031390, 0.910912, 0.020331
0.836516, 0.556709, -0.185337, -0.531146
0.836599, 0.227207, -0.121075, -0.835738
0.836936, 0.830169, -0.204630, -0.213260
0.836954, 0.843070, -0.205316, -0.197485
0.837026, 0.301040, -0.144741, -0.782797
0.837027, 0.451943, -0.172786, -0.642301
0.837054, 0.325617, -0.150682, -0.762126
0.837058, 0.406264, -0.166058, -0.688026
0.837202, 0.069974, 0.905317, 0.044194
0.837437, 0.486640, -0.176773, -0.606478
0.837533, 0.817072, -0.203140, -0.229214
0.837571, 0.057608, 0.907980, 0.036685
0.837634, 0.856036, -0.205149, -0.181566
0.837647, 0.977594, -0.209507, -0.028656
0.837684, 0.287742, -0.140683, -0.793537
0.837741, 0.724879, -0.197172, -0.339367
0.837761, 0.203494, -0.109970, -0.849355
0.837985, 0.804410, -0.201807, -0.244518
0.838009, 0.792697, -0.201082, -0.258650
0.838035, 0.679156, -0.193700, -0.392814
0.838185, 0.737426, -0.197458, -0.324594
0.838218, 0.534750, -0.181263, -0.555285
0.838253, 1.000000, -0.209083, 0.000000
0.838260, 0.248270, -0.128025, -0.822832
0.838464, 0.748547, -0.197893, -0.311551
0.838537, 0.083486, 0.902763, 0.051694
0.838591, 0.952680, -0.207996, -0.060501
0.838807, 0.096134, 0.898988, 0.058553
0.838928, 0.667144, -0.191805, -0.406820
0.838989, 0.589606, -0.185587, -0.494960
0.839035, 0.188941, -0.106418, -0.861145
0.839365, 0.141982, 0.904311, 0.105216
0.839417, 0.260246, -0.131248, -0.814888
0.839589, 0.512769, -0.177454, -0.579125
0.839862, 0.108928, 0.894674, 0.064463
0.840068, 0.418770, -0.165014, -0.676227
0.840605, 0.929005, -0.204910, -0.090650
0.840845, 0.474366, -0.171675, -0.619648
0.840849, 0.359861, -0.154361, -0.732552
0.840976, 0.373386, -0.156723, -0.719999
0.841185, 0.044330, 0.912415, 0.027939
0.841275, 0.634503, -0.186655, -0.444514
0.841545, 0.346702, -0.151177, -0.744683
0.841607, 0.905956, -0.202812, -0.119767
0.841727, 0.386242, -0.158225, -0.708030
0.841800, 0.175752, -0.137314, -0.906567
0.842078, 0.121080, 0.891510, 0.070268
0.842276, 0.883990, -0.200923, -0.147226
0.842495, 0.000000, 0.916189, 0.000000
0.842800, 0.313041, -0.142874, -0.774205
0.842851, 0.692539, -0.188932, -0.377601
0.842889, 0.568862, -0.179335, -0.518338
0.843013, 0.021293, 0.915850, 0.013426
0.843019, 0.430315, -0.163709, -0.665161
0.843048, 0.704803, -0.189545, -0.363355
0.843147, 0.601407, -0.181856, -0.482113
0.843253, 0.546676, -0.176873, -0.542787
0.843731, 0.215732, -0.112095, -0.845522
0.843961, 0.237899, -0.120531, -0.831902
0.844388, 0.783061, -0.192813, -0.270683
0.844760, 0.716150, -0.188264, -0.350200
0.844813, 0.334476, -0.145774, -0.756223
0.844817, 0.163335, -0.037221, -0.816750
0.844855, 0.131315, 0.886815, 0.072780
0.844931, 0.463473, -0.166051, -0.631415
0.844990, 0.988584, -0.200937, -0.014676
0.845045, 0.397623, -0.156852, -0.697649
0.845377, 0.524456, -0.172361, -0.567184
0.845406, 0.769232, -0.190824, -0.287421
0.845421, 0.614109, -0.180271, -0.467986
0.845749, 0.441687, -0.162461, -0.654013
0.845889, 0.657294, -0.182885, -0.418551
0.846094, 0.941983, -0.198641, -0.074367
0.846458, 0.965355, -0.198636, -0.044485
0.846563, 0.279437, -0.131456, -0.802615
0.846602, 0.493448, -0.167763, -0.600391
0.846853, 0.645681, -0.180955, -0.432033
0.847375, 0.918587, -0.196231, -0.104083
0.847557, 0.268651, -0.127731, -0.811141
0.847594, 0.580591, -0.175057, -0.505780
0.847693, 0.862706, -0.193201, -0.173896
0.847843, 0.505086, -0.167683, -0.588169
0.847891, 0.196173, -0.101456, -0.858040
0.847965, 0.836418, -0.191486, -0.206252
0.848150, 0.874713, -0.193209, -0.159017
0.848240, 0.292467, -0.133455, -0.792715
0.848324, 0.849438, -0.191720, -0.190275
0.848330, 0.730492, -0.184783, -0.333331
0.848354, 0.151294, 0.421455, -0.370183
0.848372, 0.756396, -0.186470, -0.302927
0.848378, 0.823179, -0.190255, -0.222435
0.848567, 0.453271, -0.161014, -0.642457
0.848610, 0.810029, -0.189221, -0.238407
0.848751, 0.076501, 0.910210, 0.045168
0.848768, 0.559062, -0.171853, -0.529672
0.848773, 0.895117, -0.193514, -0.133677
0.848803, 0.410296, -0.155041, -0.685813
0.848901, 0.033335, 0.918396, 0.020311
0.849161, 0.302871, -0.135163, -0.784303
0.849237, 0.064167, 0.913508, 0.038266
0.849273, 0.625364, -0.176700, -0.455550
0.849341, 0.052947, 0.915798, 0.031866
0.849350, 0.796237, -0.187487, -0.255062
0.849471, 0.670674, -0.179634, -0.403461
0.849474, 0.010790, 0.920347, 0.006605
0.849486, 0.250641, -0.120971, -0.825002
0.849708, 0.322114, -0.138900, -0.768106
0.849739, 0.227523, -0.113049, -0.840797
0.850107, 0.089133, 0.907184, 0.051344
0.850114, 0.682898, -0.179729, -0.389413
0.850188, 0.101484, 0.902786, 0.057448
0.850325, 0.481736, -0.162494, -0.613140
0.850520, 0.536548, -0.167861, -0.554531
0.851289, 0.366776, -0.145840, -0.728032
0.851298, 0.743752, -0.182116, -0.318007
0.851303, 0.977242, -0.193154, -0.029340
0.851345, 0.184638, -0.094581, -0.865704
0.851605, 0.206386, -0.103861, -0.854160
0.851655, 1.000000, -0.192882, 0.000000
0.851854, 0.592330, -0.171180, -0.493034
0.851907, 0.954090, -0.191907, -0.059090
0.852216, 0.114332, 0.896368, 0.060348
0.852238, 0.354843, -0.142902, -0.739291
0.852362, 0.379437, -0.146890, -0.716160
0.852848, 0.139594, 0.797916, -0.010754
0.853041, 0.422181, -0.152441, -0.674627
0.853146, 0.931187, -0.189624, -0.088338
0.853482, 0.515519, -0.162588, -0.577512
0.853589, 0.343263, -0.139578, -0.750106
0.854014, 0.908037, -0.187626, -0.117677
0.854070, 0.172365, -0.089816, -0.874992
0.854196, 0.470342, -0.157114, -0.625460
0.854343, 0.696245, -0.175539, -0.374067
0.854460, 0.636859, -0.171477, -0.442729
0.854795, 0.777406, -0.179838, -0.278097
0.854868, 0.260789, -0.119973, -0.819334
0.855029, 0.389895, -0.145903, -0.706606
0.855082, 0.604789, -0.168445, -0.479268
0.855338, 0.548842, -0.163604, -0.541478
0.855532, 0.707884, -0.174877, -0.360609
0.855563, 0.720410, -0.175580, -0.345852
0.855698, 0.434064, -0.151272, -0.663011
0.855742, 0.043464, 0.921128, 0.025405
0.855841, 0.000000, 0.924366, 0.000000
0.855876, 0.022279, 0.923539, 0.013131
0.855959, 0.571583, -0.164824, -0.516413
0.856118, 0.239724, -0.112913, -0.834824
0.856418, 0.217692, -0.105344, -0.849409
0.856482, 0.310628, -0.130647, -0.779451
0.856492, 0.125987, 0.931467, 0.102798
0.856586, 0.884314, -0.183306, -0.147502
0.857196, 0.285181, -0.124419, -0.800790
0.857301, 0.331141, -0.133971, -0.761696
0.857621, 0.160648, -0.108050, -0.906694
0.857653, 0.402338, -0.145114, -0.694817
0.857704, 0.650067, -0.168566, -0.427751
0.857712, 0.765392, -0.175641, -0.292698
0.857954, 0.446530, -0.150454, -0.650527
0.858118, 0.498846, -0.155912, -0.595816
0.858274, 0.527072, -0.158428, -0.565551
0.858283, 0.988682, -0.184709, -0.014648
0.858326, 0.661895, -0.168647, -0.414257
0.858362, 0.616516, -0.165534, -0.466265
0.858620, 0.788311, -0.175755, -0.265169
0.858802, 0.830047, -0.177813, -0.214614
0.858805, 0.857094, -0.179183, -0.181366
0.858852, 0.459344, -0.150975, -0.637402
0.858952, 0.966094, -0.183462, -0.043813
0.859046, 0.843379, -0.178195, -0.198278
0.859049, 0.870531, -0.179521, -0.164720
0.859096, 0.943334, -0.182735, -0.073060
0.859096, 0.803487, -0.175963, -0.246830
0.859473, 0.733917, -0.171627, -0.330045
0.859722, 0.816362, -0.175946, -0.231329
0.859896, 0.069334, 0.917893, 0.038609
0.859903, 0.273542, -0.119431, -0.810855
0.859912, 0.488517, -0.152951, -0.606995
0.860047, 0.920401, -0.180678, -0.102285
0.860377, 0.195196, -0.094399, -0.864182
0.860411, 0.561517, -0.158968, -0.527878
0.860636, 0.583219, -0.160458, -0.503918
0.860832, 0.081567, 0.914807, 0.044315
0.860886, 0.897654, -0.178647, -0.131028
0.860930, 0.674527, -0.166369, -0.399791
0.861000, 0.753435, -0.170966, -0.307123
0.861184, 0.297592, -0.123916, -0.791508
0.861513, 0.148998, -0.080935, -0.890570
0.861534, 0.055853, 0.922056, 0.031219
0.861565, 0.413391, -0.142675, -0.684517
0.861591, 0.105078, 0.906331, 0.054650
0.861716, 0.686819, -0.166194, -0.385555
0.862009, 0.093748, 0.911275, 0.049645
0.862038, 0.373565, -0.136683, -0.723358
0.862487, 0.628285, -0.161563, -0.453137
0.862523, 0.011197, 0.927998, 0.006367
0.862533, 0.033068, 0.926301, 0.018667
0.862567, 0.250440, -0.111385, -0.829191
0.862726, 0.229616, -0.105254, -0.843844
0.862857, 0.508048, -0.151627, -0.586326
0.862876, 0.319811, -0.126887, -0.772816
0.862926, 0.538893, -0.154314, -0.553096
0.863046, 0.181925, -0.087461, -0.872317
0.863534, 0.362421, -0.133562, -0.734133
0.863746, 0.476815, -0.147656, -0.619698
0.864121, 0.207071, -0.096739, -0.858875
0.864139, 0.595542, -0.157369, -0.490362
0.864506, 0.136719, 0.345018, -0.474347
0.864510, 0.351543, -0.130928, -0.744405
0.864942, 0.977629, -0.176388, -0.029030
0.865125, 1.000000, -0.176326, 0.000000
0.865305, 0.955093, -0.175434, -0.058153
0.865368, 0.340256, -0.128273, -0.754923
0.865407, 0.115127, 0.908962, 0.063233
0.865658, 0.426711, -0.140179, -0.671651
0.866065, 0.932561, -0.173718, -0.087052
0.866184, 0.394576, -0.135608, -0.703641
0.866274, 0.742971, -0.163942, -0.319754
0.866302, 0.641129, -0.157944, -0.438662
0.866325, 0.724104, -0.162812, -0.342031
0.866717, 0.775823, -0.165177, -0.280608
0.866777, 0.909588, -0.171886, -0.116257
0.866831, 0.170381, -0.081055, -0.880082
0.866940, 0.712111, -0.161454, -0.356309
0.867031, 0.700051, -0.160630, -0.370386
0.867086, 0.518878, -0.147982, -0.575121
0.867190, 0.383069, -0.133066, -0.714906
0.867195, 0.440098, -0.140134, -0.658186
0.867199, 0.262868, -0.111100, -0.820985
0.867309, 0.550791, -0.150390, -0.540379
0.867680, 0.796661, -0.165071, -0.255535
0.867749, 0.607652, -0.154067, -0.476947
0.867988, 0.466413, -0.142095, -0.631072
0.868174, 0.285834, -0.115558, -0.802860
0.868184, 0.219359, -0.098364, -0.852448
0.868632, 0.044729, 0.927852, 0.024065
0.868684, 0.888548, -0.168500, -0.142761
0.868715, 0.308110, -0.119554, -0.784186
0.868951, 0.000000, 0.931794, 0.000000
0.869167, 0.022255, 0.931000, 0.012099
0.869259, 0.877534, -0.167301, -0.156576
0.869319, 0.574095, -0.149843, -0.514492
0.869400, 0.823601, -0.164388, -0.223005
0.869449, 0.850544, -0.165698, -0.189994
0.869474, 0.653797, -0.155019, -0.424316
0.869510, 0.452497, -0.139058, -0.645728
0.869639, 0.239469, -0.103224, -0.839158
0.869666, 0.864167, -0.166105, -0.173171
0.869750, 0.836816, -0.164634, -0.206876
0.870006, 0.763882, -0.160553, -0.295114
0.870051, 0.125642, 0.673227, -0.161681
0.870305, 0.328698, -0.121832, -0.766249
0.870436, 0.158543, -0.077066, -0.890021
0.870510, 0.064494, 0.924477, 0.033600
0.870664, 0.665508, -0.154333, -0.410908
0.871087, 0.619636, -0.150997, -0.463566
0.871257, 0.497247, -0.141512, -0.598695
0.871266, 0.562887, -0.146845, -0.527232
0.871297, 0.809550, -0.161333, -0.240196
0.871391, 0.530295, -0.144192, -0.563126
0.871607, 0.485193, -0.140042, -0.611613
0.871679, 0.189845, -0.086074, -0.871663
0.871810, 0.988864, -0.167996, -0.014506
0.872052, 0.404242, -0.130999, -0.694877
0.872122, 0.966631, -0.167239, -0.043398
0.872162, 0.416800, -0.132379, -0.682346
0.872220, 0.076203, 0.920992, 0.037618
0.872342, 0.944370, -0.166354, -0.072145
0.872389, 0.785643, -0.158786, -0.269173
0.872627, 0.689401, -0.153321, -0.383095
0.872637, 0.677449, -0.152666, -0.397104
0.872843, 0.274758, -0.109336, -0.812945
0.872901, 0.921817, -0.164772, -0.100986
0.872920, 0.088328, 0.919844, 0.045295
0.873146, 0.586466, -0.146412, -0.501172
0.873424, 0.101965, 0.916928, 0.053028
0.873660, 0.733004, -0.154427, -0.331886
0.874094, 0.200431, -0.088492, -0.866402
0.874149, 0.371240, -0.124688, -0.727242
0.874194, 0.297172, -0.112743, -0.794660
0.874215, 0.147034, -0.100972, -0.927165
0.874360, 0.899001, -0.161919, -0.129899
0.874569, 0.251954, -0.102778, -0.831185
0.874610, 0.632398, -0.147684, -0.449182
0.874648, 0.751720, -0.154245, -0.309814
0.875558, 0.033714, 0.933074, 0.017400
0.875565, 0.509123, -0.137868, -0.586522
0.875636, 0.011160, 0.935111, 0.005817
0.875692, 0.542073, -0.140324, -0.550579
0.876005, 0.054682, 0.929497, 0.027597
0.876022, 0.360197, -0.121368, -0.737965
0.876060, 0.318468, -0.114922, -0.776425
0.876117, 0.434441, -0.130277, -0.664924
0.876371, 0.349149, -0.119457, -0.748334
0.876648, 0.598725, -0.143216, -0.487629
0.876655, 0.179129, -0.079267, -0.879513
0.876685, 0.212764, -0.090790, -0.859512
0.876790, 0.227854, -0.095013, -0.849294
0.876961, 0.136381, -0.092372, -0.928361
0.877045, 0.338176, -0.117186, -0.758634
0.877565, 0.391348, -0.123935, -0.708370
0.877688, 0.114619, 0.846427, -0.005640
0.877700, 0.720010, -0.148893, -0.347503
0.877887, 0.460815, -0.131050, -0.637827
0.878015, 0.474483, -0.132195, -0.623631
0.878412, 0.645402, -0.144004, -0.434499
0.878611, 0.977874, -0.159410, -0.028901
0.878728, 1.000000, -0.159435, 0.000000
0.878830, 0.707761, -0.146911, -0.362011
0.878851, 0.955768, -0.158610, -0.057636
0.879116, 0.798191, -0.151053, -0.254219
0.879209, 0.933697, -0.157388, -0.086063
0.879393, 0.911006, -0.156207, -0.114982
0.879469, 0.167100, -0.073187, -0.886941
0.879683, 0.554188, -0.136725, -0.537496
0.879754, 0.264149, -0.101491, -0.822963
0.879828, 0.521134, -0.134142, -0.573869
0.879845, 0.858074, -0.153120, -0.181176
0.880021, 0.844142, -0.152234, -0.198367
0.880064, 0.819010, -0.150939, -0.229079
0.880068, 0.445958, -0.127335, -0.653544
0.880068, 0.872381, -0.153527, -0.163447
0.880100, 0.773807, -0.148718, -0.283741
0.880289, 0.424685, -0.124939, -0.675228
0.880437, 0.611043, -0.139607, -0.473890
0.880481, 0.286368, -0.105355, -0.804978
0.880731, 0.379695, -0.119369, -0.720076
0.880945, 0.830852, -0.150402, -0.214645
0.880994, 0.696889, -0.143705, -0.374762
0.881118, 0.886429, -0.152907, -0.146002
0.881180, 0.741619, -0.145777, -0.322123
0.881511, 0.240880, -0.094870, -0.841253
0.881783, 0.307988, -0.108076, -0.786677
0.881840, 0.658220, -0.140690, -0.419933
0.881854, 0.567246, -0.135157, -0.523119
0.881917, 0.761099, -0.145854, -0.299001
0.882065, 0.000000, 0.938622, 0.000000
0.882140, 0.487907, -0.128925, -0.609775
0.882158, 0.022511, 0.937624, 0.011115
0.882454, 0.044527, 0.934595, 0.021516
0.882571, 0.578635, -0.135122, -0.510574
0.882653, 0.066931, 0.929440, 0.031559
0.882671, 0.411219, -0.121086, -0.689240
0.883051, 0.623408, -0.137301, -0.459973
0.883107, 0.669843, -0.139824, -0.406574
0.883146, 0.127253, -0.086962, -0.934251
0.883610, 0.154913, -0.067055, -0.895258
0.883643, 0.683399, -0.139856, -0.390688
0.883702, 0.092039, 0.934062, 0.054337
0.883996, 0.329123, -0.109427, -0.768066
0.884066, 0.533253, -0.130339, -0.560942
0.884109, 0.499991, -0.127791, -0.597114
0.884286, 0.190437, -0.079014, -0.876003
0.884297, 0.079062, 0.922171, 0.031953
0.884317, 0.786086, -0.144161, -0.269258
0.885332, 0.809507, -0.143993, -0.240928
0.885437, 0.399946, -0.117061, -0.700819
0.885460, 0.989001, -0.150978, -0.014426
0.885655, 0.966924, -0.150381, -0.043302
0.885740, 0.104597, 0.911221, 0.043697
0.885775, 0.203682, -0.082085, -0.868328
0.885866, 0.945082, -0.149477, -0.071649
0.885869, 0.275798, -0.098852, -0.814823
0.885937, 0.923094, -0.148499, -0.099849
0.885941, 0.728765, -0.139382, -0.337620
0.886049, 0.590423, -0.131875, -0.497549
0.886304, 0.899419, -0.147085, -0.129979
0.886381, 0.217900, -0.085601, -0.858952
0.886447, 0.636487, -0.134054, -0.445132
0.886682, 0.253542, -0.093759, -0.832820
0.887145, 0.366618, -0.111509, -0.733592
0.887309, 0.297675, -0.101507, -0.796588
0.887368, 0.454755, -0.120460, -0.645025
0.887698, 0.141819, -0.058188, -0.901100
0.887926, 0.354131, -0.109188, -0.745461
0.888063, 0.342066, -0.107476, -0.756743
0.888118, 0.545592, -0.126659, -0.547641
0.888214, 0.512160, -0.124216, -0.584272
0.888426, 0.435188, -0.117569, -0.665286
0.888652, 0.011267, 0.941508, 0.005275
0.888734, 0.467115, -0.120080, -0.632241
0.888836, 0.033626, 0.939365, 0.015513
0.888870, 0.177047, -0.071919, -0.885313
0.888871, 0.319215, -0.103506, -0.777821
0.888909, 0.230721, -0.086985, -0.850550
0.889089, 0.056408, 0.934879, 0.025305
0.889175, 0.602427, -0.128984, -0.484186
0.889274, 0.750810, -0.136417, -0.311721
0.889422, 0.715620, -0.134560, -0.353352
0.889980, 0.117725, -0.022202, -0.881669
0.889996, 0.850788, -0.140116, -0.190663
0.890079, 0.864674, -0.140648, -0.173480
0.890367, 0.650077, -0.130169, -0.429722
0.890417, 0.388706, -0.110849, -0.712453
0.890514, 0.478864, -0.119144, -0.620057
0.890646, 0.420316, -0.113865, -0.680895
0.890953, 0.836870, -0.138284, -0.207831
0.891187, 0.878262, -0.139924, -0.156667
0.891223, 0.558477, -0.123991, -0.533569
0.891311, 0.798409, -0.136034, -0.254558
0.891470, 0.912058, -0.141121, -0.114171
0.891685, 0.165793, -0.066540, -0.892278
0.892026, 0.765516, -0.133663, -0.294147
0.892168, 0.822444, -0.136092, -0.225503
0.892229, 0.703611, -0.130582, -0.367542
0.892264, 0.691619, -0.129925, -0.381425
0.892299, 0.978110, -0.142265, -0.028789
0.892389, 0.524475, -0.120468, -0.571152
0.892444, 1.000000, -0.142254, 0.000000
0.892516, 0.265559, -0.091472, -0.824457
0.892577, 0.955984, -0.141411, -0.057727
0.892658, 0.934517, -0.140524, -0.085481
0.892703, 0.377518, -0.107354, -0.723668
0.893009, 0.676296, -0.128384, -0.399625
0.893051, 0.614857, -0.125178, -0.470256
0.893235, 0.287213, -0.094658, -0.806594
0.893694, 0.737732, -0.130396, -0.327392
0.893714, 0.570861, -0.121922, -0.519945
0.893741, 0.243423, -0.086171, -0.842143
0.893742, 0.776091, -0.132091, -0.281692
0.893944, 0.491374, -0.116397, -0.607028
0.894312, 0.445452, -0.112339, -0.655408
0.894506, 0.890253, -0.136341, -0.141852
0.894614, 0.626795, -0.123986, -0.456736
0.894670, 0.131051, -0.046526, -0.904145
0.894764, 0.309163, -0.096721, -0.787682
0.894965, 0.662866, -0.125412, -0.415334
0.895023, 0.408002, -0.108200, -0.693782
0.895118, 0.000000, 0.944727, 0.000000
0.895157, 0.082964, 0.916387, 0.021390
0.895167, 0.068872, 0.934121, 0.029067
0.895260, 0.022479, 0.943654, 0.009868
0.895291, 0.094755, 0.991480, 0.108329
0.895348, 0.045218, 0.939827, 0.019113
0.895407, 0.152445, -0.059574, -0.900237
0.895740, 0.582441, -0.120288, -0.507124
0.895978, 0.332244, -0.098792, -0.766895
0.896208, 0.787797, -0.129512, -0.267604
0.896230, 0.184982, -0.070130, -0.883047
0.896292, 0.196258, -0.073282, -0.876027
0.896452, 0.536964, -0.116755, -0.557721
0.896633, 0.208763, -0.076255, -0.867874
0.896860, 0.503469, -0.114084, -0.594265
0.897380, 0.108166, 0.046779, -0.825207
0.897665, 0.809410, -0.128690, -0.241622
0.897711, 0.640205, -0.121006, -0.441391
0.897781, 0.428885, -0.107273, -0.672751
0.897836, 0.221138, -0.078321, -0.859532
0.898006, 0.724354, -0.124575, -0.343466
0.898757, 0.357354, -0.099182, -0.743739
0.898838, 0.457786, -0.108567, -0.643000
0.898943, 0.594153, -0.117245, -0.494088
0.898981, 0.276917, -0.088082, -0.816259
0.899055, 0.396209, -0.102972, -0.705961
0.899157, 0.902165, -0.130972, -0.127015
0.899166, 0.924053, -0.131827, -0.099103
0.899184, 0.344825, -0.097326, -0.755724
0.899217, 0.989146, -0.133665, -0.014337
0.899235, 0.967248, -0.133302, -0.043170
0.899259, 0.255516, -0.084181, -0.833780
0.899650, 0.757635, -0.123961, -0.303889
0.899774, 0.944975, -0.131953, -0.072237
0.900011, 0.549792, -0.113538, -0.543782
0.900100, 0.298812, -0.090479, -0.797671
0.900205, 0.369211, -0.099085, -0.732620
0.900434, 0.321864, -0.093321, -0.777038
0.900561, 0.857650, -0.127166, -0.182637
0.900741, 0.515763, -0.110626, -0.581191
0.900753, 0.469785, -0.107436, -0.630519
0.900857, 0.685498, -0.119359, -0.389010
0.900946, 0.845131, -0.126111, -0.198056
0.901093, 0.233772, -0.078613, -0.850988
0.901121, 0.870761, -0.127013, -0.166363
0.901385, 0.606107, -0.115040, -0.480682
0.901406, 0.142276, -0.052647, -0.906840
0.901697, 0.011219, 0.947189, 0.004580
0.901761, 0.056976, 0.940171, 0.022862
0.901768, 0.033889, 0.944534, 0.013465
0.901797, 0.832028, -0.124527, -0.214250
0.901919, 0.711236, -0.119271, -0.359121
0.902131, 0.162539, -0.059834, -0.897704
0.902175, 0.120537, -0.036921, -0.908881
0.902318, 0.745807, -0.120227, -0.318179
0.902684, 0.482126, -0.106245, -0.617571
0.902727, 0.651874, -0.115660, -0.428282
0.903135, 0.417553, -0.100764, -0.684821
0.903298, 0.438420, -0.102319, -0.663358
0.903309, 0.562390, -0.110527, -0.530003
0.903496, 0.383663, -0.097308, -0.718750
0.903588, 0.174691, -0.062791, -0.891472
0.903783, 0.914017, -0.125550, -0.112101
0.904294, 0.672965, -0.114766, -0.404007
0.904343, 0.796580, -0.119783, -0.257297
0.904399, 0.882743, -0.123415, -0.151576
0.904736, 0.698030, -0.115250, -0.374541
0.904744, 0.528322, -0.106952, -0.567706
0.904858, 0.820175, -0.120205, -0.228860
0.905076, 0.076290, 0.920879, 0.014734
0.905222, 0.630424, -0.111712, -0.452960
0.905607, 0.098915, 0.136027, -0.749361
0.905704, 0.266634, -0.080805, -0.825909
0.905960, 0.781646, -0.117237, -0.275512
0.906012, 0.494576, -0.103458, -0.604456
0.906031, 0.618569, -0.110242, -0.466702
0.906033, 0.288615, -0.083821, -0.807407
0.906045, 0.978399, -0.124878, -0.028610
0.906051, 0.956312, -0.124382, -0.057675
0.906075, 0.768771, -0.116510, -0.290807
0.906163, 0.574492, -0.107925, -0.516661
0.906203, 0.733257, -0.114980, -0.333271
0.906284, 1.000000, -0.124746, 0.000000
0.906474, 0.245973, -0.076751, -0.842642
0.906670, 0.933616, -0.122782, -0.087175
0.907168, 0.310920, -0.085800, -0.787911
0.907525, 0.406089, -0.095288, -0.696818
0.907621, 0.199283, -0.066518, -0.877068
0.907768, 0.131825, -0.045916, -0.913683
0.907913, 0.186772, -0.063309, -0.885367
0.907931, 0.449100, -0.098255, -0.652647
0.908094, 0.211670, -0.068923, -0.868611
0.908120, 0.045381, 0.944177, 0.016062
0.908196, 0.000000, 0.950090, 0.000000
0.908225, 0.022478, 0.948897, 0.008554
0.908233, 0.894645, -0.119087, -0.136822
0.908373, 0.334663, -0.087493, -0.766217
0.908400, 0.087477, 0.733983, -0.161491
0.908501, 0.541145, -0.103474, -0.553802
0.908806, 0.586060, -0.105480, -0.503812
0.908901, 0.661951, -0.108793, -0.416944
0.909152, 0.224120, -0.070667, -0.859792
0.909330, 0.506994, -0.100592, -0.591257
0.909428, 0.153015, -0.053019, -0.905077
0.909878, 0.066168, 0.955252, 0.038950
0.909939, 0.348059, -0.087444, -0.753923
0.909969, 0.809116, -0.113321, -0.242384
0.909982, 0.110224, -0.027879, -0.913556
0.910382, 0.720467, -0.109394, -0.348584
0.910432, 0.427810, -0.094042, -0.674913
0.910444, 0.640940, -0.106029, -0.441081
0.910486, 0.360425, -0.088164, -0.742157
0.910928, 0.373180, -0.088941, -0.729755
0.911008, 0.460553, -0.095791, -0.640954
0.911278, 0.755716, -0.109620, -0.306672
0.911425, 0.394688, -0.090363, -0.708614
0.911505, 0.685174, -0.106613, -0.389949
0.911565, 0.863609, -0.113496, -0.175642
0.911655, 0.322633, -0.083080, -0.777822
0.911767, 0.597540, -0.102603, -0.490951
0.911809, 0.277923, -0.077333, -0.817404
0.912052, 0.840950, -0.111998, -0.203680
0.912132, 0.553937, -0.100053, -0.539824
0.912366, 0.473213, -0.095173, -0.627663
0.912422, 0.907146, -0.114255, -0.121166
0.912540, 0.301003, -0.079723, -0.797454
0.912634, 0.256516, -0.073520, -0.835316
0.912818, 0.852463, -0.111464, -0.189483
0.912843, 0.967672, -0.116003, -0.042906
0.913005, 0.519528, -0.097243, -0.577823
0.913113, 0.989309, -0.115988, -0.014225
0.913147, 0.608870, -0.101494, -0.478050
0.913192, 0.945273, -0.114912, -0.072298
0.913363, 0.236870, -0.069791, -0.850910
0.913386, 0.165595, -0.054533, -0.899493
0.913808, 0.921580, -0.113099, -0.102832
0.914102, 0.707767, -0.104408, -0.363732
0.914122, 0.874378, -0.110674, -0.162329
0.914322, 0.829143, -0.108679, -0.218235
0.914637, 0.742753, -0.105029, -0.322278
0.914644, 0.033692, 0.948297, 0.010386
0.914754, 0.011183, 0.952019, 0.003773
0.914856, 0.485477, -0.093238, -0.614768
0.914949, 0.142813, -0.047083, -0.911990
0.915282, 0.121108, -0.039262, -0.921090
0.915553, 0.416078, -0.087852, -0.687365
0.915701, 0.055801, 0.956420, 0.029959
0.915767, 0.566560, -0.096538, -0.525919
0.915893, 0.799205, -0.105516, -0.254529
0.915962, 0.788016, -0.105100, -0.268257
0.916072, 0.651000, -0.099810, -0.429803
0.916129, 0.438936, -0.088884, -0.663871
0.916274, 0.628000, -0.098665, -0.456367
0.916438, 0.672862, -0.100243, -0.404560
0.916671, 0.384779, -0.084257, -0.718872
0.916827, 0.532348, -0.093659, -0.563962
0.917071, 0.098406, -0.104778, -1.003402
0.917594, 0.886259, -0.106796, -0.147683
0.917676, 0.775865, -0.102535, -0.282940
0.917840, 0.695982, -0.099447, -0.377691
0.917996, 0.178284, -0.054960, -0.893236
0.918004, 0.498062, -0.090523, -0.601406
0.918056, 0.076929, 0.756839, -0.153163
0.918355, 0.289769, -0.073194, -0.808049
0.918582, 0.729970, -0.099756, -0.337615
0.918611, 0.818540, -0.102860, -0.231236
0.918941, 0.267408, -0.069848, -0.827322
0.918971, 0.578790, -0.093428, -0.512345
0.919078, 0.191352, -0.057090, -0.885060
0.919142, 0.203752, -0.059524, -0.876583
0.919331, 0.933975, -0.106662, -0.087210
0.919357, 0.956801, -0.107384, -0.057405
0.919603, 0.215927, -0.061435, -0.867896
0.919633, 0.764442, -0.099700, -0.296678
0.919908, 0.978742, -0.107142, -0.028360
0.920107, 0.404398, -0.082312, -0.699614
0.920189, 0.340271, -0.076898, -0.762509
0.920263, 1.000000, -0.106857, 0.000000
0.920357, 0.313685, -0.074095, -0.787059
0.920408, 0.227918, -0.062868, -0.858981
0.920539, 0.617012, -0.093195, -0.468985
0.920584, 0.545157, -0.090062, -0.550020
0.920585, 0.131601, -0.040961, -0.919008
0.920607, 0.246796, -0.065613, -0.844281
0.920855, 0.450385, -0.084638, -0.652338
0.921111, 0.328074, -0.074847, -0.773919
0.921191, 0.044519, 0.951461, 0.015681
0.921209, 0.898486, -0.102731, -0.132525
0.921284, 0.022270, 0.953501, 0.007164
0.921294, 0.000000, 0.954627, 0.000000
0.921546, 0.352622, -0.076719, -0.750820
0.921589, 0.510748, -0.087246, -0.587841
0.921843, 0.087483, -0.006401, -0.913894
0.921859, 0.464075, -0.084392, -0.637953
0.921876, 0.590907, -0.090600, -0.498809
0.921925, 0.364404, -0.077357, -0.739434
0.922146, 0.661203, -0.092991, -0.418265
0.922354, 0.426745, -0.081544, -0.676945
0.922400, 0.110076, -0.040124, -0.935347
0.922555, 0.638831, -0.091692, -0.444162
0.922605, 0.154258, -0.046428, -0.908488
0.922920, 0.717442, -0.094052, -0.352622
0.922940, 0.375381, -0.077242, -0.728678
0.923332, 0.683801, -0.092387, -0.392065
0.923356, 0.751957, -0.094668, -0.311658
0.923520, 0.838835, -0.097402, -0.206598
0.923590, 0.862722, -0.098204, -0.177204
0.923832, 0.066644, 0.927312, 0.005964
0.923934, 0.911232, -0.099805, -0.116538
0.923956, 0.807914, -0.095733, -0.244207
0.924073, 0.166899, -0.048643, -0.901549
0.924126, 0.301419, -0.069368, -0.798431
0.924309, 0.278846, -0.066697, -0.818303
0.924321, 0.557872, -0.086405, -0.536081
0.924345, 0.476419, -0.082409, -0.625030
0.924383, 0.850001, -0.096672, -0.192829
0.924403, 0.603717, -0.088188, -0.484405
0.925023, 0.523442, -0.084049, -0.574148
0.925272, 0.393644, -0.076272, -0.710728
0.925723, 0.875743, -0.096051, -0.161221
0.925877, 0.257051, -0.062686, -0.836766
0.926528, 0.968128, -0.098391, -0.042591
0.926690, 0.946061, -0.097573, -0.071694
0.926763, 0.488928, -0.080434, -0.611735
0.926857, 0.923278, -0.096541, -0.101259
0.927032, 0.739330, -0.089742, -0.326800
0.927193, 0.705776, -0.088483, -0.366519
0.927201, 0.989524, -0.097844, -0.014044
0.927407, 0.237263, -0.058842, -0.852808
0.927604, 0.795585, -0.090791, -0.259326
0.927623, 0.142116, -0.040695, -0.916142
0.927773, 0.828493, -0.091679, -0.219398
0.927827, 0.033102, 0.949341, 0.004902
0.927835, 0.414618, -0.075068, -0.689818
0.927929, 0.011102, 0.955778, 0.002694
0.928010, 0.437561, -0.076282, -0.666105
0.928417, 0.570364, -0.082253, -0.522309
0.928481, 0.120196, -0.034860, -0.927350
0.928604, 0.784084, -0.089207, -0.273310
0.928711, 0.649270, -0.084784, -0.432372
0.928782, 0.627424, -0.083940, -0.457461
0.928862, 0.055524, 1.007559, 0.074852
0.928900, 0.536348, -0.080285, -0.560113
0.928924, 0.671702, -0.085272, -0.406339
0.929141, 0.100059, -0.025923, -0.932855
0.929814, 0.501663, -0.077704, -0.598105
0.930029, 0.889025, -0.091049, -0.144746
0.930170, 0.185809, -0.048647, -0.890956
0.930507, 0.198216, -0.050580, -0.882512
0.930550, 0.210744, -0.052566, -0.873542
0.930584, 0.772627, -0.086395, -0.287150
0.930799, 0.223554, -0.054290, -0.863983
0.930835, 0.694419, -0.083709, -0.379916
0.931069, 0.289499, -0.061934, -0.809823
0.931167, 0.727010, -0.084305, -0.341552
0.931199, 0.383466, -0.069579, -0.721247
0.931471, 0.457180, -0.073694, -0.645680
0.931522, 0.322485, -0.064601, -0.779989
0.931768, 0.582032, -0.078852, -0.509352
0.931921, 0.935554, -0.090431, -0.085572
0.931981, 0.269063, -0.058992, -0.827396
0.931995, 0.817162, -0.085970, -0.233284
0.932007, 0.335258, -0.065212, -0.768131
0.932346, 0.347306, -0.065845, -0.756742
0.932351, 0.077251, -0.030842, -0.951104
0.932384, 0.174780, -0.045158, -0.898488
0.932497, 0.615672, -0.079176, -0.471017
0.932570, 0.761082, -0.083590, -0.301033
0.932594, 0.957287, -0.090258, -0.057116
0.932737, 0.549162, -0.076480, -0.546090
0.932795, 0.130241, -0.035153, -0.923466
0.932976, 0.310972, -0.062240, -0.790608
0.933215, 0.403275, -0.068816, -0.701662
0.933306, 0.089096, -0.023917, -0.940196
0.933428, 0.359516, -0.065701, -0.745004
0.933721, 0.514619, -0.073956, -0.584160
0.933870, 0.044102, 0.992284, 0.050185
0.933877, 0.900495, -0.086597, -0.130560
0.933892, 0.979143, -0.089016, -0.028025
0.934072, 0.593738, -0.076608, -0.496200
0.934143, 0.446789, -0.070300, -0.656858
0.934280, 0.371101, -0.065671, -0.733714
0.934296, 0.425185, -0.068981, -0.679368
0.934408, 1.000000, -0.088511, 0.000000
0.934424, 0.468249, -0.071071, -0.634096
0.934432, 0.000000, 0.958254, 0.000000
0.934507, 0.161435, -0.041276, -0.907168
0.934618, 0.022106, 0.957912, 0.006264
0.934918, 0.659958, -0.077748, -0.420199
0.935058, 0.246600, -0.053877, -0.846504
0.935219, 0.854479, -0.083190, -0.187949
0.935376, 0.682486, -0.077867, -0.393958
0.935401, 0.637593, -0.076488, -0.446086
0.935479, 0.748865, -0.079647, -0.315683
0.935504, 0.867201, -0.083289, -0.172282
0.935581, 0.840744, -0.082224, -0.204711
0.936069, 0.149597, -0.037918, -0.914256
0.936158, 0.299512, -0.058319, -0.801268
0.936211, 0.110909, -0.027500, -0.932024
0.936219, 0.715360, -0.077812, -0.355505
0.936316, 0.480240, -0.069582, -0.621424
0.936317, 0.912759, -0.083895, -0.115057
0.936386, 0.804905, -0.080107, -0.248363
0.936457, 0.605195, -0.074204, -0.483127
0.936590, 0.561971, -0.072579, -0.531971
0.936914, 0.527286, -0.070907, -0.570421
0.937088, 0.879973, -0.081649, -0.156335
0.937356, 0.065998, 0.247172, -0.680694
0.937457, 0.258652, -0.053230, -0.836790
0.937576, 0.279592, -0.055220, -0.819024
0.938462, 0.232986, -0.049551, -0.857688
0.938589, 0.492564, -0.067636, -0.608301
0.939115, 0.392033, -0.062123, -0.713262
0.939567, 0.924609, -0.080097, -0.099973
0.939651, 0.736481, -0.074184, -0.330535
0.939788, 0.792964, -0.075513, -0.262892
0.939943, 0.827443, -0.076280, -0.221050
0.940259, 0.968922, -0.080473, -0.041800
0.940554, 0.413653, -0.061842, -0.691546
0.940589, 0.704466, -0.072194, -0.368385
0.940890, 0.136790, -0.032589, -0.922150
0.940954, 0.434978, -0.062501, -0.669604
0.940988, 0.540218, -0.066802, -0.556261
0.941078, 0.947076, -0.078837, -0.070760
0.941100, 0.218750, -0.045787, -0.869066
0.941185, 0.032890, 0.954323, 0.004309
0.941199, 0.011536, 0.957630, 0.000915
0.941256, 0.625447, -0.069226, -0.460255
0.941385, 0.505367, -0.065069, -0.594544
0.941419, 0.648710, -0.069694, -0.433469
0.941455, 0.781481, -0.073132, -0.276807
0.941457, 0.670434, -0.070235, -0.408208
0.941572, 0.989255, -0.079082, -0.014512
0.941603, 0.205657, -0.043738, -0.878888
0.941683, 0.099282, -0.022341, -0.938069
0.941740, 0.574499, -0.067107, -0.518106
0.941948, 0.054822, 0.649443, -0.286862
0.941994, 0.193204, -0.041755, -0.887864
0.942754, 0.122087, -0.028206, -0.929706
0.942994, 0.329691, -0.054367, -0.774223
0.943345, 0.770102, -0.070487, -0.290496
0.943445, 0.181796, -0.039108, -0.895858
0.943455, 0.693225, -0.068425, -0.381602
0.943542, 0.342381, -0.054697, -0.762241
0.943736, 0.379681, -0.056756, -0.725958
0.943786, 0.457714, -0.060511, -0.645660
0.943789, 0.936092, -0.074900, -0.085175
0.943864, 0.317482, -0.052685, -0.785615
0.944129, 0.890085, -0.072899, -0.143878
0.944187, 0.814571, -0.070588, -0.236918
0.944196, 0.086091, -0.017660, -0.943231
0.944238, 0.724833, -0.068281, -0.344525
0.944251, 0.354862, -0.054798, -0.750296
0.944586, 0.169683, -0.036512, -0.903936
0.944679, 0.586540, -0.064089, -0.504660
0.944850, 0.553010, -0.062852, -0.542169
0.945014, 0.758387, -0.068127, -0.304543
0.945166, 0.291585, -0.049555, -0.809113
0.945217, 0.958627, -0.073692, -0.055612
0.945647, 0.367277, -0.054155, -0.738257
0.945701, 0.267719, -0.047108, -0.830046
0.945743, 0.445378, -0.057892, -0.658812
0.945860, 0.613434, -0.063468, -0.474037
0.945873, 0.305418, -0.049952, -0.796758
0.945906, 0.903221, -0.071109, -0.127518
0.945932, 0.518554, -0.060498, -0.580319
0.945951, 0.470575, -0.058711, -0.632254
0.945997, 0.401681, -0.055616, -0.703957
0.946293, 0.043436, 0.951841, 0.005679
0.946309, 0.848805, -0.068864, -0.195217
0.946490, 0.599297, -0.062355, -0.490222
0.946526, 0.861835, -0.068967, -0.179188
0.946626, 0.157405, -0.033288, -0.911834
0.946749, 0.074391, -0.018820, -0.952067
0.946885, 0.875168, -0.068888, -0.162633
0.947126, 0.241203, -0.043475, -0.852163
0.947172, 0.424380, -0.055470, -0.680861
0.947214, 0.681248, -0.063592, -0.395695
0.947322, 0.000000, 0.960305, 0.000000
0.947325, 0.253617, -0.044488, -0.842088
0.947442, 0.746263, -0.064845, -0.319061
0.947653, 0.637696, -0.062005, -0.446264
0.947706, 0.836236, -0.066708, -0.210563
0.947971, 0.483180, -0.056991, -0.618839
0.948001, 0.659077, -0.062133, -0.421674
0.948285, 0.023398, 0.972684, 0.016693
0.948350, 0.145109, -0.030214, -0.919185
0.948420, 1.000000, -0.070109, 0.000000
0.948440, 0.978486, -0.069880, -0.029116
0.948519, 0.279743, -0.045647, -0.819811
0.948714, 0.530943, -0.057787, -0.566840
0.948834, 0.565300, -0.058679, -0.528607
0.948879, 0.110041, -0.022869, -0.936411
0.949048, 0.916171, -0.067411, -0.111084
0.949113, 0.802578, -0.064088, -0.251553
0.949179, 0.227521, -0.040492, -0.863200
0.950037, 0.495955, -0.055170, -0.605093
0.950259, 0.714106, -0.060673, -0.357261
0.951473, 0.063030, -0.043527, -0.984195
0.951601, 0.388775, -0.049282, -0.717377
0.951781, 0.213424, -0.037055, -0.874344
0.951786, 0.130832, -0.025816, -0.927572
0.952294, 0.790554, -0.059834, -0.266205
0.952421, 0.823099, -0.060427, -0.226823
0.952501, 0.509101, -0.052865, -0.590834
0.952758, 0.734113, -0.058060, -0.333747
0.952935, 0.928297, -0.062630, -0.095528
0.952966, 0.626772, -0.055461, -0.458876
0.952973, 0.412206, -0.048898, -0.693536
0.953076, 0.096550, -0.018124, -0.942584
0.953102, 0.543961, -0.053219, -0.552519
0.953132, 0.200572, -0.034697, -0.884056
0.953756, 0.703230, -0.056182, -0.370092
0.953806, 0.011643, 0.960890, 0.002339
0.954176, 0.669349, -0.054979, -0.409860
0.954351, 0.336689, -0.043968, -0.768266
0.954410, 0.779349, -0.056943, -0.279686
0.954532, 0.435512, -0.048182, -0.669633
0.954630, 0.648495, -0.053989, -0.434017
0.954765, 0.324263, -0.042891, -0.780018
0.954826, 0.941061, -0.060480, -0.078979
0.954863, 0.966996, -0.061129, -0.044676
0.954920, 0.189092, -0.032168, -0.892426
0.954961, 0.952812, -0.060668, -0.063575
0.955019, 0.578691, -0.051932, -0.513712
0.955039, 0.349494, -0.043966, -0.756030
0.955239, 0.050776, 0.154633, -0.790970
0.955410, 0.035880, 0.898707, -0.053183
0.955510, 0.449665, -0.047645, -0.654755
0.955549, 0.462108, -0.048033, -0.641690
0.955680, 0.691616, -0.053604, -0.383687
0.955712, 0.767669, -0.055078, -0.293680
0.955724, 0.177020, -0.030233, -0.900759
0.955774, 0.989675, -0.060270, -0.014052
0.956031, 0.882683, -0.057323, -0.153607
0.956104, 0.362166, -0.043532, -0.743815
0.956173, 0.375887, -0.044080, -0.730356
0.956219, 0.895271, -0.057441, -0.137870
0.956257, 0.312209, -0.040815, -0.791279
0.956317, 0.083743, -0.014094, -0.947626
0.956350, 0.299230, -0.039975, -0.803147
0.956591, 0.591689, -0.050438, -0.499270
0.956614, 0.120026, -0.021499, -0.933753
0.956951, 0.604917, -0.050313, -0.484211
0.957006, 0.164858, -0.027926, -0.908793
0.957096, 0.261126, -0.036827, -0.836583
0.957102, 0.616632, -0.050379, -0.470670
0.957179, 0.755883, -0.053017, -0.307717
0.957389, 0.812026, -0.053897, -0.240356
0.957501, 0.868839, -0.055057, -0.170830
0.957608, 0.855714, -0.054590, -0.187001
0.957635, 0.554915, -0.048356, -0.540566
0.957768, 0.399770, -0.043455, -0.706476
0.957776, 0.474419, -0.046010, -0.628636
0.957823, 0.287150, -0.037908, -0.813989
0.957901, 0.723773, -0.051550, -0.346069
0.957962, 0.908082, -0.055498, -0.121668
0.958179, 0.273441, -0.036735, -0.826113
0.958285, 0.843285, -0.053411, -0.202176
0.958292, 0.247903, -0.034876, -0.847737
0.958363, 0.522787, -0.046715, -0.575985
0.958573, 0.152395, -0.025385, -0.916616
0.958586, 0.235172, -0.033668, -0.858068
0.958877, 0.422930, -0.043152, -0.682668
0.958926, 0.679782, -0.049466, -0.397646
0.959056, 0.139482, -0.023338, -0.924074
0.959184, 0.743982, -0.050321, -0.321947
0.959538, 0.831119, -0.051553, -0.217099
0.959540, 0.486832, -0.044446, -0.615323
0.959669, 0.567410, -0.046318, -0.526516
0.959927, 0.221796, -0.031548, -0.868667
0.960059, 0.535434, -0.045124, -0.562094
0.960127, 0.000000, 0.963780, 0.000000
0.960571, 0.636950, -0.046707, -0.447490
0.960620, 0.023299, 0.999677, 0.040671
0.960893, 0.106751, -0.017209, -0.940424
0.961014, 0.071777, -0.011810, -0.953724
0.961321, 0.499288, -0.042818, -0.601844
0.961571, 0.659449, -0.045933, -0.421451
0.961904, 0.799231, -0.047978, -0.256055
0.961922, 0.979499, -0.051924, -0.027935
0.962144, 0.921024, -0.050293, -0.105123
0.962592, 1.000000, -0.051163, 0.000000
0.963035, 0.511821, -0.041221, -0.588099
0.963167, 0.207972, -0.027954, -0.879582
0.963779, 0.388366, -0.036893, -0.718090
0.964438, 0.711605, -0.043371, -0.360669
0.964770, 0.059958, -0.019132, -0.967753
0.965121, 0.409828, -0.036223, -0.696562
0.965132, 0.093786, -0.013242, -0.946245
0.965341, 0.442578, -0.036937, -0.662412
0.965705, 0.788279, -0.043017, -0.269300
0.965728, 0.342920, -0.033288, -0.762921
0.965755, 0.330631, -0.032769, -0.774626
0.965903, 0.046422, -0.039787, -0.992381
0.965922, 0.932632, -0.045596, -0.090311
0.966177, 0.698859, -0.041041, -0.375533
0.966264, 0.957995, -0.045742, -0.056979
0.966358, 0.196791, -0.024705, -0.888111
0.966358, 0.011215, 0.978203, 0.021610
0.966362, 0.625515, -0.039655, -0.460643
0.966453, 0.130098, -0.018053, -0.930324
0.966473, 0.455333, -0.036066, -0.649003
0.966736, 0.775994, -0.041529, -0.284051
0.966807, 0.945339, -0.044721, -0.073739
0.966942, 0.184328, -0.023276, -0.897006
0.966975, 0.735688, -0.040610, -0.331977
0.967087, 0.354724, -0.032400, -0.751647
0.967090, 0.586229, -0.038150, -0.505605
0.967113, 0.821080, -0.041771, -0.229577
0.967167, 0.366916, -0.032744, -0.739736
0.967180, 0.318955, -0.030940, -0.785651
0.967209, 0.546101, -0.037260, -0.550412
0.967242, 0.647390, -0.038974, -0.435596
0.967404, 0.969640, -0.044380, -0.041337
0.967509, 0.306500, -0.030108, -0.797200
0.967606, 0.888421, -0.042424, -0.146747
0.967615, 0.034158, 0.375224, -0.580338
0.967635, 0.875517, -0.042112, -0.162814
0.967664, 0.599504, -0.037703, -0.490485
0.967695, 0.671211, -0.038793, -0.407869
0.967774, 0.431672, -0.034064, -0.673870
0.967797, 0.171640, -0.021604, -0.905654
0.967865, 0.763368, -0.039924, -0.299118
0.968015, 0.685997, -0.038610, -0.390516
0.968034, 0.466794, -0.034662, -0.636918
0.968314, 0.900966, -0.041758, -0.130966
0.968319, 0.294096, -0.028821, -0.808475
0.968344, 0.378360, -0.031941, -0.728335
0.968378, 0.117004, -0.015424, -0.937019
0.968438, 0.612791, -0.037013, -0.475285
0.968459, 0.574126, -0.036338, -0.519079
0.968477, 0.861877, -0.040757, -0.179698
0.968511, 0.280920, -0.028047, -0.820200
0.968512, 0.254861, -0.026742, -0.842611
0.968735, 0.267602, -0.027212, -0.831834
0.968817, 0.081692, -0.009914, -0.950915
0.968828, 0.158604, -0.019758, -0.914090
0.968951, 0.723562, -0.038017, -0.346428
0.969029, 0.750275, -0.038277, -0.314648
0.969064, 0.559705, -0.035404, -0.535404
0.969098, 0.808287, -0.039055, -0.245166
0.969099, 0.848521, -0.039702, -0.196082
0.969172, 0.144794, -0.018206, -0.922434
0.969373, 0.241674, -0.025311, -0.853552
0.969614, 0.479060, -0.033219, -0.623828
0.969808, 0.531793, -0.034058, -0.566359
0.969849, 0.228844, -0.024198, -0.863833
0.969854, 0.835151, -0.038499, -0.212425
0.969858, 0.913432, -0.039945, -0.115050
0.970438, 0.419806, -0.030957, -0.686283
0.970489, 0.398772, -0.030354, -0.707967
0.970753, 0.215928, -0.022724, -0.873983
0.970775, 0.989149, -0.040061, -0.014863
0.971101, 0.491781, -0.031851, -0.610114
0.971218, 0.519525, -0.032234, -0.579683
0.972473, 0.505038, -0.030582, -0.595676
0.973156, 0.000000, 0.998258, 0.000000
0.973194, 0.103851, -0.011600, -0.943543
0.973407, 0.635530, -0.031485, -0.449266
0.973432, 0.021821, 0.755485, -0.204527
0.973821, 0.658304, -0.031284, -0.423021
0.975151, 0.069069, -0.006215, -0.955570
0.976193, 1.000000, -0.032737, 0.000000
0.976357, 0.798068, -0.029793, -0.257823
0.976501, 0.447985, -0.025156, -0.656950
0.976504, 0.055917, -0.009339, -0.963883
0.976634, 0.978260, -0.031988, -0.029767
0.976714, 0.923994, -0.031041, -0.101624
0.976807, 0.337031, -0.022387, -0.768820
0.976865, 0.705182, -0.028138, -0.368224
0.977296, 0.205591, -0.017138, -0.882462
0.977579, 0.784671, -0.028096, -0.273842
0.977709, 0.386472, -0.022675, -0.720562
0.977726, 0.937667, -0.029972, -0.084073
0.977925, 0.192227, -0.015994, -0.892218
0.978038, 0.951400, -0.029766, -0.065982
0.978043, 0.093138, -0.008421, -0.948327
0.978043, 0.043443, -0.045773, -1.004128
0.978046, 0.717005, -0.026828, -0.354352
0.978149, 0.692602, -0.026448, -0.382954
0.978175, 0.679365, -0.026283, -0.398352
0.978185, 0.137537, -0.012405, -0.927389
0.978282, 0.593809, -0.025262, -0.497094
0.978373, 0.743622, -0.026680, -0.322780
0.978379, 0.622004, -0.025461, -0.464932
0.978416, 0.771332, -0.026905, -0.289775
0.978445, 0.347901, -0.021069, -0.758369
0.978486, 0.178950, -0.014881, -0.901519
0.978497, 0.326231, -0.020479, -0.779269
0.978506, 0.124937, -0.011230, -0.934136
0.978520, 0.607453, -0.025137, -0.481557
0.978598, 0.964621, -0.029185, -0.048294
0.978612, 0.540130, -0.024232, -0.557278
0.978650, 0.411120, -0.022204, -0.695480
0.978668, 0.553091, -0.024336, -0.542950
0.978678, 0.360097, -0.021122, -0.746586
0.978690, 0.882119, -0.027839, -0.154769
0.978726, 0.314097, -0.019938, -0.790673
0.978776, 0.868617, -0.027543, -0.171528
0.978782, 0.826400, -0.027034, -0.223402
0.978838, 0.567125, -0.024304, -0.527170
0.978894, 0.437536, -0.022421, -0.668154
0.978907, 0.580772, -0.024385, -0.511819
0.978934, 0.812985, -0.026680, -0.239660
0.978986, 0.730850, -0.025794, -0.337856
0.979040, 0.301435, -0.019293, -0.802293
0.979073, 0.757796, -0.025948, -0.305888
0.979117, 0.372715, -0.020965, -0.734272
0.979122, 0.458833, -0.022519, -0.645503
0.979129, 0.895577, -0.027450, -0.137906
0.979131, 0.165515, -0.013679, -0.910488
0.979140, 0.288197, -0.018815, -0.814208
0.979214, 0.274814, -0.018336, -0.826005
0.979327, 0.151699, -0.012706, -0.919174
0.979411, 0.261341, -0.017726, -0.837644
0.979451, 0.854819, -0.026496, -0.188537
0.979452, 0.011609, 0.934786, -0.017193
0.979534, 0.248016, -0.017158, -0.848834
0.979653, 0.667410, -0.024392, -0.412373
0.979653, 0.031375, 0.008259, -0.951666
0.979679, 0.647530, -0.024176, -0.435407
0.979807, 0.909222, -0.026732, -0.120602
0.979810, 0.470975, -0.021960, -0.632606
0.979910, 0.840913, -0.025739, -0.205583
0.979981, 0.080930, -0.006328, -0.952686
0.980157, 0.112429, -0.009372, -0.940388
0.980200, 0.425444, -0.020831, -0.680738
0.980220, 0.234291, -0.016094, -0.860089
0.980490, 0.220450, -0.015345, -0.871084
0.980859, 0.484061, -0.020999, -0.618608
0.980966, 0.526509, -0.021408, -0.572300
0.981170, 0.398809, -0.019372, -0.708071
0.981193, 0.512468, -0.020983, -0.587647
0.981705, 0.497795, -0.020242, -0.603737
0.984734, 0.634974, -0.018074, -0.449940
0.985921, 0.987310, -0.019395, -0.017482
0.986045, 0.000000, 1.113233, 0.000000
0.987634, 0.062734, -0.001741, -0.957440
0.988067, 0.102723, -0.005123, -0.945446
0.988096, 0.022404, -0.036465, -0.993076
0.988252, 0.657773, -0.014036, -0.423723
0.988328, 1.000000, -0.016106, 0.000000
0.988400, 0.792066, -0.014581, -0.265105
0.988401, 0.805050, -0.014657, -0.249489
0.988524, 0.930667, -0.015404, -0.093347
0.988629, 0.973044, -0.015590, -0.036992
0.988738, 0.917440, -0.014984, -0.110279
0.988753, 0.337172, -0.010863, -0.769094
0.988754, 0.199267, -0.008338, -0.887494
0.988792, 0.049944, 0.000454, -0.958520
0.988821, 0.613911, -0.013120, -0.474348
0.988837, 0.698227, -0.013542, -0.376520
0.988846, 0.447949, -0.011944, -0.657392
0.988905, 0.944416, -0.015009, -0.075386
0.988966, 0.710849, -0.013455, -0.361716
0.988988, 0.212327, -0.008486, -0.877689
0.989037, 0.778681, -0.013708, -0.281116
0.989039, 0.684992, -0.013234, -0.392028
0.989055, 0.378729, -0.011048, -0.728463
0.989064, 0.074889, -0.002919, -0.955184
0.989159, 0.185932, -0.007698, -0.897101
0.989162, 0.724030, -0.013276, -0.346110
0.989166, 0.600669, -0.012644, -0.489461
0.989197, 0.751136, -0.013368, -0.313969
0.989228, 0.560358, -0.012334, -0.534918
0.989235, 0.144455, -0.006383, -0.924058
0.989252, 0.958419, -0.014644, -0.056755
0.989378, 0.130951, -0.005804, -0.931699
0.989422, 0.546987, -0.012031, -0.549825
0.989423, 0.587448, -0.012269, -0.504437
0.989430, 0.875272, -0.013768, -0.163388
0.989431, 0.765028, -0.013145, -0.297408
0.989434, 0.573894, -0.012178, -0.519735
0.989479, 0.172363, -0.007103, -0.906430
0.989501, 0.833055, -0.013416, -0.215361
0.989535, 0.351107, -0.010266, -0.755752
0.989539, 0.419476, -0.010959, -0.687004
0.989553, 0.888998, -0.013701, -0.146272
0.989561, 0.737713, -0.012850, -0.329885
0.989565, 0.323266, -0.009908, -0.782186
0.989589, 0.861520, -0.013470, -0.180383
0.989607, 0.819120, -0.013203, -0.232365
0.989655, 0.295723, -0.009446, -0.807560
0.989656, 0.309478, -0.009638, -0.794997
0.989659, 0.158480, -0.006576, -0.915481
0.989663, 0.282044, -0.009236, -0.819806
0.989713, 0.268401, -0.008977, -0.831749
0.989717, 0.364904, -0.010242, -0.742232
0.989843, 0.089252, -0.003690, -0.950754
0.989858, 0.254700, -0.008625, -0.843462
0.989875, 0.533755, -0.011431, -0.564400
0.989914, 0.902991, -0.013322, -0.128635
0.989943, 0.847431, -0.012927, -0.197709
0.989957, 0.391612, -0.010270, -0.715529
0.989987, 0.036508, -0.006809, -0.966857
0.989993, 0.671687, -0.012016, -0.407526
0.989993, 0.240935, -0.008268, -0.854908
0.990070, 0.461862, -0.010737, -0.642681
0.990166, 0.117252, -0.004835, -0.938795
0.990176, 0.433956, -0.010409, -0.671928
0.990323, 0.406156, -0.010019, -0.700573
0.990335, 0.226755, -0.007727, -0.866383
0.990410, 0.475928, -0.010469, -0.627573
0.990529, 0.626488, -0.011178, -0.459799
0.990627, 0.505006, -0.010414, -0.595927
0.990660, 0.519424, -0.010465, -0.580169
0.990892, 0.490294, -0.010034, -0.611987
0.991263, 0.644506, -0.010382, -0.438954
0.991507, 0.009728, 0.383824, -0.610407
1.000000, 0.000000, 0.000000, 0.000000
1.000000, 0.015532, 0.000000, -1.041896
1.000000, 0.028850, 0.000000, -0.970703
1.000000, 0.042949, 0.000000, -0.960951
1.000000, 0.056291, 0.000000, -0.959968
1.000000, 0.069044, 0.000000, -0.957471
1.000000, 0.082503, 0.000000, -0.953468
1.000000, 0.096534, 0.000000, -0.948251
1.000000, 0.109755, 0.000000, -0.942649
1.000000, 0.124015, 0.000000, -0.935528
1.000000, 0.137778, 0.000000, -0.928090
1.000000, 0.151462, 0.000000, -0.920030
1.000000, 0.165363, 0.000000, -0.911193
1.000000, 0.179123, 0.000000, -0.901957
1.000000, 0.192679, 0.000000, -0.892410
1.000000, 0.206020, 0.000000, -0.882623
1.000000, 0.219510, 0.000000, -0.872279
1.000000, 0.233742, 0.000000, -0.860814
1.000000, 0.247716, 0.000000, -0.849371
1.000000, 0.261565, 0.000000, -0.837691
1.000000, 0.275318, 0.000000, -0.825805
1.000000, 0.289054, 0.000000, -0.813649
1.000000, 0.302820, 0.000000, -0.801210
1.000000, 0.316639, 0.000000, -0.788485
1.000000, 0.330474, 0.000000, -0.775532
1.000000, 0.343940, 0.000000, -0.762811
1.000000, 0.357765, 0.000000, -0.749271
1.000000, 0.371624, 0.000000, -0.735549
1.000000, 0.385056, 0.000000, -0.722239
1.000000, 0.398969, 0.000000, -0.708017
1.000000, 0.413133, 0.000000, -0.693511
1.000000, 0.426906, 0.000000, -0.679425
1.000000, 0.441120, 0.000000, -0.664557
1.000000, 0.454635, 0.000000, -0.650532
1.000000, 0.468755, 0.000000, -0.635318
1.000000, 0.483042, 0.000000, -0.619880
1.000000, 0.497614, 0.000000, -0.603987
1.000000, 0.512011, 0.000000, -0.588326
1.000000, 0.526367, 0.000000, -0.572528
1.000000, 0.540182, 0.000000, -0.557362
1.000000, 0.553712, 0.000000, -0.542375
1.000000, 0.567155, 0.000000, -0.527368
1.000000, 0.580727, 0.000000, -0.512052
1.000000, 0.594305, 0.000000, -0.496658
1.000000, 0.607788, 0.000000, -0.481335
1.000000, 0.621199, 0.000000, -0.466079
1.000000, 0.635694, 0.000000, -0.449104
1.000000, 0.650763, 0.000000, -0.431544
1.000000, 0.663986, 0.000000, -0.416691
1.000000, 0.677907, 0.000000, -0.400246
1.000000, 0.691215, 0.000000, -0.384783
1.000000, 0.704361, 0.000000, -0.369393
1.000000, 0.717586, 0.000000, -0.353793
1.000000, 0.730985, 0.000000, -0.337942
1.000000, 0.744658, 0.000000, -0.321671
1.000000, 0.758202, 0.000000, -0.305612
1.000000, 0.771928, 0.000000, -0.289197
1.000000, 0.785479, 0.000000, -0.273005
1.000000, 0.798750, 0.000000, -0.257135
1.000000, 0.812090, 0.000000, -0.241045
1.000000, 0.826103, 0.000000, -0.223862
1.000000, 0.840085, 0.000000, -0.206790
1.000000, 0.854292, 0.000000, -0.189293
1.000000, 0.868258, 0.000000, -0.172101
1.000000, 0.882118, 0.000000, -0.154914
1.000000, 0.896062, 0.000000, -0.137442
1.000000, 0.910254, 0.000000, -0.119458
1.000000, 0.923822, 0.000000, -0.102228
1.000000, 0.937238, 0.000000, -0.084888
1.000000, 0.950773, 0.000000, -0.067030
1.000000, 0.964301, 0.000000, -0.048887
1.000000, 0.976971, 0.000000, -0.031677
1.000000, 0.988540, 0.000000, -0.015819
1.000000, 1.000000, 0.000000, 0.000000
