0.000000, 0.000000, 0.000000, 0.000000
0.000000, 0.010755, 0.000000, 0.022900
0.000000, 0.021597, 0.000000, 0.045755
0.000000, 0.033448, 0.000000, 0.070440
0.000000, 0.045500, 0.000000, 0.095025
0.000000, 0.057899, 0.000000, 0.119854
0.000000, 0.070478, 0.000000, 0.144647
0.000000, 0.083276, 0.000000, 0.169563
0.000000, 0.096279, 0.000000, 0.194664
0.000000, 0.109343, 0.000000, 0.219694
0.000000, 0.122354, 0.000000, 0.244458
0.000000, 0.135251, 0.000000, 0.268804
0.000000, 0.148125, 0.000000, 0.292943
0.000000, 0.160994, 0.000000, 0.316888
0.000000, 0.173929, 0.000000, 0.340801
0.000000, 0.186917, 0.000000, 0.364645
0.000000, 0.199955, 0.000000, 0.388395
0.000000, 0.213057, 0.000000, 0.412071
0.000000, 0.226249, 0.000000, 0.435708
0.000000, 0.239548, 0.000000, 0.459344
0.000000, 0.252916, 0.000000, 0.482882
0.000000, 0.266310, 0.000000, 0.506210
0.000000, 0.279730, 0.000000, 0.529313
0.000000, 0.293210, 0.000000, 0.552255
0.000000, 0.306746, 0.000000, 0.575065
0.000000, 0.320139, 0.000000, 0.597272
0.000000, 0.333464, 0.000000, 0.619013
0.000000, 0.346801, 0.000000, 0.640418
0.000000, 0.360197, 0.000000, 0.661531
0.000000, 0.373712, 0.000000, 0.682452
0.000000, 0.387310, 0.000000, 0.703093
0.000000, 0.400954, 0.000000, 0.723360
0.000000, 0.414644, 0.000000, 0.743213
0.000000, 0.428410, 0.000000, 0.762664
0.000000, 0.442304, 0.000000, 0.781780
0.000000, 0.456306, 0.000000, 0.800702
0.000000, 0.469470, 0.000000, 0.817718
0.000000, 0.482296, 0.000000, 0.833632
0.000000, 0.495090, 0.000000, 0.848951
0.000000, 0.507721, 0.000000, 0.863453
0.000000, 0.520000, 0.000000, 0.876899
0.000000, 0.531685, 0.000000, 0.889164
0.000000, 0.542741, 0.000000, 0.900632
0.000000, 0.554654, 0.000000, 0.912280
0.000000, 0.567726, 0.000000, 0.924056
0.000000, 0.581396, 0.000000, 0.935379
0.000000, 0.595347, 0.000000, 0.945942
0.000000, 0.609204, 0.000000, 0.955332
0.000000, 0.622924, 0.000000, 0.963421
0.000000, 0.637031, 0.000000, 0.970549
0.000000, 0.651128, 0.000000, 0.976282
0.000000, 0.664928, 0.000000, 0.980429
0.000000, 0.678431, 0.000000, 0.982975
0.000000, 0.692643, 0.000000, 0.984007
0.000000, 0.706570, 0.000000, 0.983208
0.000000, 0.720639, 0.000000, 0.980509
0.000000, 0.735083, 0.000000, 0.975502
0.000000, 0.749533, 0.000000, 0.968210
0.000000, 0.764823, 0.000000, 0.957148
0.000000, 0.778977, 0.000000, 0.944376
0.000000, 0.793123, 0.000000, 0.928242
0.000000, 0.806711, 0.000000, 0.910238
0.000000, 0.821308, 0.000000, 0.886985
0.000000, 0.836489, 0.000000, 0.857904
0.000000, 0.851557, 0.000000, 0.823279
0.000000, 0.865590, 0.000000, 0.787216
0.000000, 0.879696, 0.000000, 0.745310
0.000000, 0.893469, 0.000000, 0.698667
0.000000, 0.906920, 0.000000, 0.647200
0.000000, 0.920080, 0.000000, 0.590917
0.000000, 0.933351, 0.000000, 0.526978
0.000000, 0.945699, 0.000000, 0.463197
0.000000, 0.959562, 0.000000, 0.378935
0.000000, 0.972602, 0.000000, 0.292002
0.000000, 0.985200, 0.000000, 0.197754
0.000000, 1.000000, 0.000000, 0.000000
0.008688, 0.756863, -0.006102, 0.962836
0.009154, 0.828561, -0.017620, 0.872635
0.009174, 0.989329, -0.119057, 0.140012
0.009439, 0.844117, -0.021564, 0.839880
0.009857, 0.952306, -0.068828, 0.419744
0.009887, 0.813458, -0.016024, 0.898950
0.009940, 0.449389, 0.013353, 0.791239
0.009973, 0.742105, -0.005125, 0.971610
0.009980, 0.728090, -0.003439, 0.977639
0.010035, 0.588108, 0.007643, 0.940160
0.010039, 0.629506, 0.005085, 0.966531
0.010131, 0.435276, 0.014052, 0.772064
0.010174, 0.573633, 0.008529, 0.928566
0.010277, 0.643845, 0.004176, 0.973081
0.010306, 0.685295, 0.000779, 0.983221
0.010309, 0.602226, 0.007016, 0.950326
0.010314, 0.559073, 0.009394, 0.915835
0.010322, 0.421445, 0.014734, 0.752758
0.010435, 0.407752, 0.015290, 0.733138
0.010478, 0.544421, 0.010256, 0.902023
0.010507, 0.394106, 0.015771, 0.713102
0.010587, 0.380470, 0.016252, 0.692627
0.010596, 0.786793, -0.012056, 0.934971
0.010617, 0.615959, 0.006333, 0.959061
0.010656, 0.299872, 0.018177, 0.563400
0.010727, 0.366865, 0.016814, 0.671772
0.010731, 0.286343, 0.018567, 0.540510
0.010740, 0.713560, -0.002107, 0.981534
0.010755, 0.529944, 0.011194, 0.887504
0.010814, 0.272913, 0.018960, 0.517517
0.010838, 0.259492, 0.019240, 0.494271
0.010842, 0.246054, 0.019476, 0.470735
0.010847, 0.873188, -0.033303, 0.763718
0.010873, 0.772022, -0.010010, 0.950233
0.010895, 0.658173, 0.003274, 0.978105
0.010909, 0.232671, 0.019816, 0.447064
0.010924, 0.353373, 0.017456, 0.650693
0.010932, 0.313487, 0.018371, 0.586154
0.010970, 0.699525, -0.000623, 0.983268
0.011014, 0.340062, 0.017918, 0.629517
0.011039, 0.326795, 0.018261, 0.608042
0.011049, 0.219432, 0.020286, 0.423438
0.011120, 0.102757, 0.022139, 0.206995
0.011166, 0.206315, 0.020707, 0.399829
0.011166, 0.887183, -0.039535, 0.718551
0.011169, 0.089484, 0.022442, 0.181468
0.011182, 0.516151, 0.012329, 0.872835
0.011216, 0.115915, 0.022135, 0.232123
0.011248, 0.193275, 0.021061, 0.376165
0.011284, 0.858792, -0.029896, 0.803936
0.011303, 0.463716, 0.014669, 0.810111
0.011309, 0.180291, 0.021371, 0.352421
0.011314, 0.502733, 0.013084, 0.857757
0.011361, 0.000000, 0.024200, 0.000000
0.011383, 0.167337, 0.021704, 0.328555
0.011395, 0.927071, -0.060317, 0.554588
0.011400, 0.025016, 0.024075, 0.052853
0.011421, 0.076389, 0.023175, 0.156077
0.011422, 0.128820, 0.022348, 0.256583
0.011462, 0.141660, 0.022236, 0.280751
0.011462, 0.489552, 0.013827, 0.842275
0.011488, 0.154447, 0.022096, 0.304641
0.011504, 0.900785, -0.046641, 0.668733
0.011553, 0.671386, 0.002214, 0.981277
0.011638, 0.799668, -0.015948, 0.918761
0.011641, 0.063534, 0.023862, 0.130868
0.011722, 0.964908, -0.096605, 0.336999
0.011725, 0.050873, 0.024293, 0.105704
0.011731, 0.476511, 0.014697, 0.826338
0.011836, 0.914050, -0.054732, 0.614050
0.011937, 0.037990, 0.024981, 0.079634
0.013129, 0.940476, -0.079835, 0.485600
0.013423, 1.000000, -0.182752, 0.000000
0.013695, 0.976980, -0.137280, 0.245889
0.013912, 0.011588, 0.029565, 0.024601
0.018511, 0.762079, -0.014354, 0.957097
0.018733, 0.834890, -0.038741, 0.857274
0.019000, 0.820561, -0.033423, 0.884533
0.019327, 0.749279, -0.011643, 0.965926
0.019666, 0.580823, 0.015712, 0.933721
0.019772, 0.565959, 0.017312, 0.921272
0.019906, 0.635517, 0.009232, 0.968385
0.019943, 0.455847, 0.026368, 0.799305
0.019996, 0.781212, -0.021221, 0.938852
0.020028, 0.551339, 0.018962, 0.908013
0.020069, 0.721987, -0.005658, 0.977957
0.020129, 0.441956, 0.027502, 0.780739
0.020225, 0.595053, 0.014558, 0.944439
0.020397, 0.650407, 0.007281, 0.974422
0.020564, 0.428236, 0.028940, 0.761853
0.020629, 0.537115, 0.020880, 0.894145
0.020773, 0.847362, -0.049263, 0.828936
0.020839, 0.414618, 0.030132, 0.742595
0.020906, 0.953495, -0.148287, 0.399642
0.020926, 0.735403, -0.009161, 0.972823
0.020983, 0.988156, -0.231930, 0.122792
0.020983, 0.401036, 0.031108, 0.722903
0.020996, 0.608904, 0.013384, 0.953706
0.021018, 0.691622, 0.000316, 0.981968
0.021083, 0.387442, 0.031991, 0.702730
0.021244, 0.373812, 0.032940, 0.682059
0.021324, 0.306327, 0.036109, 0.573882
0.021395, 0.622483, 0.011799, 0.961670
0.021423, 0.292850, 0.036810, 0.551241
0.021567, 0.360174, 0.034123, 0.660954
0.021597, 0.706791, -0.002760, 0.980945
0.021599, 0.252554, 0.038571, 0.481867
0.021608, 0.279494, 0.037633, 0.528526
0.021639, 0.266078, 0.038175, 0.505424
0.021641, 0.678769, 0.002848, 0.981020
0.021656, 0.807122, -0.032509, 0.905079
0.021693, 0.239075, 0.039188, 0.458143
0.021727, 0.523626, 0.023278, 0.880153
0.021984, 0.225802, 0.040149, 0.434566
0.021994, 0.346645, 0.035457, 0.639623
0.022032, 0.320098, 0.036730, 0.596708
0.022033, 0.096041, 0.044020, 0.193815
0.022108, 0.869552, -0.066039, 0.768542
0.022112, 0.333394, 0.036270, 0.618385
0.022227, 0.109432, 0.044019, 0.219506
0.022232, 0.510196, 0.025044, 0.865462
0.022256, 0.212669, 0.041064, 0.411031
0.022362, 0.882083, -0.075770, 0.728912
0.022442, 0.082708, 0.045261, 0.168060
0.022444, 0.199625, 0.041819, 0.387456
0.022593, 0.186653, 0.042492, 0.363827
0.022621, 0.496995, 0.026646, 0.850358
0.022685, 0.173717, 0.043053, 0.340084
0.022755, 0.122316, 0.044683, 0.244011
0.022842, 0.160761, 0.043733, 0.316124
0.022848, 0.895125, -0.088137, 0.682487
0.022909, 0.019962, 0.048292, 0.042051
0.022914, 0.135173, 0.044622, 0.268307
0.022945, 0.483786, 0.028145, 0.834618
0.022989, 0.069554, 0.046816, 0.142387
0.023054, 0.147861, 0.044518, 0.292096
0.023084, 0.663903, 0.005816, 0.978044
0.023110, 0.932703, -0.130768, 0.514748
0.023363, 0.044539, 0.048524, 0.092653
0.023423, 0.908235, -0.102892, 0.630010
0.023431, 0.858340, -0.062400, 0.799528
0.023467, 0.470539, 0.029871, 0.818257
0.023482, 0.000000, 0.049804, 0.000000
0.023557, 0.056983, 0.048453, 0.117580
0.023673, 0.031552, 0.049618, 0.066142
0.023951, 0.921073, -0.119708, 0.572406
0.024027, 0.793457, -0.030347, 0.922954
0.024135, 0.966550, -0.201742, 0.302425
0.025585, 0.770566, -0.023073, 0.947652
0.026125, 1.000000, -0.284260, 0.000000
0.027882, 0.943287, -0.176565, 0.448876
0.028382, 0.978141, -0.269321, 0.195728
0.028751, 0.573234, 0.024090, 0.926367
0.028758, 0.827535, -0.055289, 0.866475
0.028905, 0.641131, 0.012267, 0.969215
0.029266, 0.010583, 0.061770, 0.022295
0.029374, 0.717129, -0.007034, 0.976725
0.029393, 0.558311, 0.026828, 0.913267
0.029830, 0.587587, 0.022671, 0.937599
0.029924, 0.460455, 0.039113, 0.804271
0.030176, 0.744560, -0.016629, 0.965259
0.030193, 0.697217, -0.001182, 0.979563
0.030212, 0.757335, -0.021787, 0.956823
0.030411, 0.544088, 0.029794, 0.899834
0.030536, 0.447655, 0.041159, 0.787383
0.030952, 0.601433, 0.021043, 0.947279
0.030958, 0.434639, 0.042953, 0.769831
0.031312, 0.421372, 0.044650, 0.751388
0.031384, 0.838958, -0.068591, 0.840758
0.031443, 0.816047, -0.052860, 0.886030
0.031467, 0.672928, 0.005508, 0.977877
0.031514, 0.407984, 0.046107, 0.732268
0.031614, 0.394521, 0.047375, 0.712565
0.031709, 0.380984, 0.048592, 0.692294
0.031932, 0.312452, 0.053673, 0.583463
0.031942, 0.367348, 0.049988, 0.671433
0.031994, 0.615125, 0.019057, 0.955693
0.032170, 0.299102, 0.054885, 0.561227
0.032184, 0.781412, -0.034637, 0.933529
0.032192, 0.730053, -0.012332, 0.971589
0.032251, 0.531138, 0.033462, 0.886762
0.032259, 0.653574, 0.010601, 0.973085
0.032267, 0.259066, 0.057264, 0.492762
0.032329, 0.245449, 0.058063, 0.468921
0.032443, 0.628630, 0.016528, 0.962809
0.032464, 0.272669, 0.056894, 0.516319
0.032473, 0.353619, 0.051828, 0.650000
0.032486, 0.285973, 0.056193, 0.539070
0.032804, 0.232141, 0.059577, 0.445402
0.032833, 0.102823, 0.065209, 0.206413
0.032978, 0.517855, 0.036072, 0.872662
0.033071, 0.089464, 0.066250, 0.180662
0.033169, 0.956539, -0.245247, 0.351427
0.033175, 0.326760, 0.054838, 0.606999
0.033214, 0.339973, 0.053988, 0.628309
0.033253, 0.219004, 0.061029, 0.421969
0.033579, 0.205944, 0.062244, 0.398466
0.033641, 0.989681, -0.329608, 0.085771
0.033689, 0.803171, -0.048554, 0.904897
0.033698, 0.504898, 0.038621, 0.858231
0.033704, 0.075817, 0.068132, 0.154119
0.033844, 0.192997, 0.063334, 0.374980
0.033850, 0.850742, -0.084007, 0.811053
0.033982, 0.115732, 0.066936, 0.231072
0.033990, 0.876169, -0.109587, 0.737730
0.034014, 0.180094, 0.064236, 0.351394
0.034057, 0.491897, 0.040728, 0.843114
0.034078, 0.167176, 0.064930, 0.327601
0.034209, 0.889151, -0.125599, 0.692643
0.034275, 0.128659, 0.066972, 0.255614
0.034319, 0.154125, 0.065956, 0.303372
0.034333, 0.037545, 0.071260, 0.077976
0.034390, 0.685167, 0.002360, 0.978423
0.034609, 0.479104, 0.043001, 0.827592
0.034673, 0.863680, -0.098642, 0.775232
0.034690, 0.902517, -0.145570, 0.639751
0.034716, 0.141145, 0.067282, 0.279096
0.035177, 0.062927, 0.071779, 0.128830
0.035289, 0.916320, -0.170180, 0.577597
0.035529, 0.050400, 0.073154, 0.103949
0.035536, 0.023007, 0.074328, 0.048054
0.035810, 0.930744, -0.199936, 0.504883
0.035848, 0.707378, -0.005059, 0.976649
0.036954, 0.000000, 0.077751, 0.000000
0.037469, 0.767806, -0.032791, 0.944552
0.037647, 0.969873, -0.317524, 0.238389
0.038010, 0.565763, 0.033238, 0.918411
0.038117, 0.663112, 0.009650, 0.974074
0.038137, 0.467914, 0.048837, 0.813111
0.038190, 0.791648, -0.047666, 0.917813
0.038938, 0.579540, 0.031226, 0.929612
0.039389, 1.000000, -0.376162, 0.000000
0.039599, 0.641909, 0.016287, 0.966952
0.039645, 0.551100, 0.037479, 0.904871
0.039900, 0.740986, -0.020763, 0.962855
0.040186, 0.945065, -0.263373, 0.409523
0.040654, 0.828031, -0.079403, 0.856269
0.040730, 0.593299, 0.029519, 0.939557
0.040992, 0.454587, 0.054277, 0.795453
0.041173, 0.719425, -0.011268, 0.971585
0.041613, 0.441460, 0.056811, 0.777982
0.041901, 0.318399, 0.069901, 0.592474
0.041930, 0.428301, 0.058893, 0.759972
0.042043, 0.754121, -0.029054, 0.953217
0.042144, 0.415032, 0.060786, 0.741310
0.042165, 0.606515, 0.027244, 0.948041
0.042248, 0.401686, 0.062464, 0.722067
0.042285, 0.388279, 0.063984, 0.702277
0.042354, 0.374785, 0.065491, 0.681913
0.042568, 0.696064, -0.001560, 0.975352
0.042630, 0.361134, 0.067277, 0.660874
0.042706, 0.813888, -0.070990, 0.880909
0.042723, 0.983412, -0.383455, 0.122625
0.042759, 0.011337, 0.089419, 0.023616
0.042773, 0.251806, 0.076353, 0.479416
0.042839, 0.538773, 0.042883, 0.892622
0.042890, 0.265573, 0.075621, 0.503380
0.043014, 0.304870, 0.072869, 0.570012
0.043407, 0.347276, 0.069838, 0.639095
0.043476, 0.238477, 0.078502, 0.455990
0.043477, 0.279207, 0.075669, 0.526824
0.043547, 0.619259, 0.024642, 0.955118
0.043571, 0.841440, -0.099043, 0.824150
0.043607, 0.292227, 0.074902, 0.548906
0.043626, 0.525438, 0.046218, 0.878954
0.043685, 0.082801, 0.087629, 0.167052
0.043704, 0.096710, 0.086985, 0.194096
0.043845, 0.674712, 0.006725, 0.974171
0.044151, 0.225323, 0.080580, 0.432645
0.044216, 0.778826, -0.046415, 0.929138
0.044260, 0.031801, 0.091679, 0.065793
0.044272, 0.630976, 0.021609, 0.960800
0.044589, 0.333365, 0.073056, 0.616930
0.044611, 0.212221, 0.082252, 0.409170
0.044771, 0.108651, 0.088399, 0.216894
0.044809, 0.512783, 0.049831, 0.865247
0.045066, 0.199283, 0.083896, 0.385797
0.045146, 0.499736, 0.052538, 0.850535
0.045177, 0.855222, -0.119078, 0.787234
0.045229, 0.959289, -0.342041, 0.295672
0.045348, 0.186455, 0.085202, 0.362450
0.045376, 0.160642, 0.086764, 0.314930
0.045422, 0.122216, 0.089012, 0.242865
0.045454, 0.173596, 0.086162, 0.338866
0.045593, 0.881963, -0.157961, 0.702651
0.045739, 0.868832, -0.138875, 0.746413
0.045753, 0.147340, 0.088238, 0.290141
0.045761, 0.486819, 0.055470, 0.835291
0.045799, 0.730481, -0.018296, 0.965189
0.045869, 0.069786, 0.092812, 0.141660
0.045878, 0.895212, -0.181543, 0.651802
0.045923, 0.652222, 0.015297, 0.968520
0.046320, 0.908621, -0.209804, 0.592976
0.046587, 0.134180, 0.090592, 0.265414
0.046828, 0.801884, -0.067557, 0.896737
0.046851, 0.922167, -0.243718, 0.524816
0.046898, 0.044136, 0.096488, 0.090785
0.047626, 0.558652, 0.043190, 0.910049
0.047670, 0.056904, 0.097245, 0.116225
0.048104, 0.474832, 0.060335, 0.820335
0.048259, 0.707962, -0.007675, 0.971133
0.048608, 0.935307, -0.290248, 0.445902
0.048676, 0.685846, 0.002612, 0.972992
0.048726, 0.571570, 0.040953, 0.920929
0.049373, 0.766029, -0.042693, 0.938571
0.049728, 0.584687, 0.038256, 0.930978
0.050075, 0.021033, 0.103892, 0.043483
0.050100, 0.973351, -0.410949, 0.181720
0.050259, 0.000000, 0.104721, 0.000000
0.050343, 0.462170, 0.065298, 0.803937
0.050896, 1.000000, -0.441340, 0.000000
0.051096, 0.743163, -0.028646, 0.955179
0.051212, 0.789550, -0.063226, 0.910558
0.051231, 0.663338, 0.012461, 0.969339
0.051460, 0.322749, 0.085351, 0.598595
0.051565, 0.822705, -0.096301, 0.855669
0.052033, 0.448765, 0.069743, 0.786242
0.052151, 0.598362, 0.035957, 0.939972
0.052287, 0.640231, 0.021878, 0.962041
0.052509, 0.948996, -0.360230, 0.344620
0.052573, 0.435467, 0.072621, 0.768335
0.052828, 0.422205, 0.075028, 0.750008
0.052881, 0.547354, 0.050725, 0.898474
0.052965, 0.408929, 0.077187, 0.731185
0.053012, 0.395650, 0.079128, 0.711897
0.053014, 0.382374, 0.080915, 0.692172
0.053053, 0.258077, 0.094102, 0.489481
0.053064, 0.369078, 0.082694, 0.671985
0.053233, 0.090870, 0.106068, 0.182146
0.053243, 0.309924, 0.089614, 0.577290
0.053421, 0.355746, 0.084884, 0.651300
0.053598, 0.271946, 0.093858, 0.513424
0.053687, 0.834183, -0.114286, 0.828642
0.053718, 0.719552, -0.015376, 0.964966
0.053882, 0.611588, 0.032750, 0.947651
0.053943, 0.532940, 0.055213, 0.884325
0.053988, 0.244883, 0.096885, 0.466447
0.054604, 0.342427, 0.088345, 0.630154
0.054894, 0.231732, 0.099598, 0.443241
0.054947, 0.114929, 0.107970, 0.228343
0.054950, 0.285526, 0.094964, 0.536594
0.054978, 0.987604, -0.459400, 0.079561
0.055114, 0.754801, -0.039468, 0.944064
0.055238, 0.847316, -0.135771, 0.794504
0.055395, 0.297437, 0.094517, 0.556450
0.055398, 0.625771, 0.028657, 0.954611
0.055488, 0.697163, -0.003271, 0.969029
0.055495, 0.218466, 0.101748, 0.419582
0.055737, 0.078590, 0.111856, 0.158217
0.055980, 0.811959, -0.092571, 0.871271
0.056015, 0.520770, 0.060238, 0.871503
0.056099, 0.507433, 0.063398, 0.857016
0.056183, 0.032552, 0.115619, 0.066787
0.056185, 0.205497, 0.104029, 0.396252
0.056358, 0.860899, -0.160014, 0.754427
0.056397, 0.154093, 0.108170, 0.302023
0.056629, 0.494164, 0.066911, 0.841842
0.056664, 0.675696, 0.007669, 0.968667
0.056665, 0.777245, -0.059199, 0.920983
0.056731, 0.192722, 0.106021, 0.373098
0.056812, 0.167141, 0.108048, 0.326210
0.056889, 0.180016, 0.107266, 0.349904
0.056937, 0.874367, -0.185810, 0.709581
0.057078, 0.140325, 0.110419, 0.276249
0.057112, 0.010890, 0.118320, 0.022453
0.057153, 0.887542, -0.213142, 0.660201
0.057196, 0.102279, 0.113276, 0.204151
0.057316, 0.962887, -0.432025, 0.236166
0.057572, 0.900696, -0.245295, 0.603547
0.057955, 0.561433, 0.051468, 0.909733
0.058139, 0.731632, -0.024899, 0.956970
0.058153, 0.913787, -0.283160, 0.538670
0.058439, 0.066489, 0.118150, 0.134523
0.058517, 0.481734, 0.071793, 0.826761
0.058641, 0.330842, 0.096259, 0.611076
0.058858, 0.126606, 0.114883, 0.250492
0.058910, 0.651386, 0.019463, 0.963062
0.059031, 0.043962, 0.120734, 0.089717
0.059330, 0.926577, -0.329430, 0.464625
0.059526, 0.574961, 0.048674, 0.920419
0.059617, 0.799669, -0.085284, 0.887687
0.060330, 0.588172, 0.044947, 0.930093
0.060339, 0.055260, 0.122679, 0.112236
0.060504, 0.469201, 0.076876, 0.810938
0.061135, 0.708683, -0.010942, 0.963588
0.061155, 0.939360, -0.384779, 0.379308
0.061998, 0.456195, 0.081459, 0.794141
0.062376, 0.976468, -0.487812, 0.139845
0.062471, 0.765961, -0.055278, 0.927835
0.062518, 0.686824, 0.001939, 0.965800
0.062726, 0.317219, 0.104606, 0.588205
0.062741, 0.539927, 0.062049, 0.888866
0.063019, 0.442813, 0.085479, 0.776389
0.063053, 0.637475, 0.027088, 0.956446
0.063145, 1.000000, -0.509367, 0.000000
0.063159, 0.743365, -0.036583, 0.946210
0.063208, 0.264164, 0.111382, 0.498943
0.063215, 0.665324, 0.013722, 0.964023
0.063474, 0.429465, 0.088658, 0.758261
0.063705, 0.416193, 0.091416, 0.739773
0.063827, 0.402989, 0.093902, 0.720911
0.063852, 0.601559, 0.042450, 0.937841
0.063882, 0.389868, 0.096172, 0.701721
0.063897, 0.376835, 0.098267, 0.682230
0.063897, 0.000000, 0.131995, 0.000000
0.063945, 0.824533, -0.124137, 0.836290
0.064023, 0.363919, 0.100421, 0.662486
0.064036, 0.022458, 0.131772, 0.045985
0.064281, 0.787558, -0.079083, 0.900265
0.064296, 0.089170, 0.128024, 0.178308
0.064332, 0.278429, 0.111870, 0.523557
0.064513, 0.251374, 0.115016, 0.476767
0.064576, 0.351010, 0.103164, 0.642300
0.064646, 0.615476, 0.037444, 0.945576
0.064825, 0.952710, -0.450511, 0.281441
0.065277, 0.838721, -0.148708, 0.801282
0.065470, 0.304186, 0.110801, 0.566584
0.065476, 0.238466, 0.118040, 0.454165
0.065487, 0.552009, 0.060989, 0.899295
0.065946, 0.113229, 0.129579, 0.224566
0.066029, 0.224880, 0.120343, 0.430072
0.066102, 0.720737, -0.020802, 0.956166
0.066584, 0.852652, -0.176515, 0.761027
0.066820, 0.515008, 0.073190, 0.862552
0.067114, 0.211652, 0.123574, 0.406387
0.067130, 0.148124, 0.129058, 0.290060
0.067132, 0.501145, 0.077270, 0.847255
0.067599, 0.338640, 0.109751, 0.622341
0.067657, 0.866323, -0.207233, 0.715635
0.067663, 0.810512, -0.112359, 0.858988
0.067683, 0.528676, 0.070208, 0.876358
0.067822, 0.075763, 0.135873, 0.151956
0.067861, 0.754804, -0.049983, 0.933260
0.067882, 0.626148, 0.034322, 0.949367
0.068015, 0.160839, 0.129729, 0.313695
0.068032, 0.198882, 0.126452, 0.383338
0.068115, 0.290936, 0.116922, 0.544357
0.068351, 0.173746, 0.129292, 0.337524
0.068373, 0.879687, -0.240450, 0.665315
0.068536, 0.186307, 0.128534, 0.360494
0.068583, 0.134706, 0.132870, 0.264741
0.068638, 0.988423, -0.533006, 0.063902
0.068710, 0.698150, -0.005640, 0.960742
0.068866, 0.892755, -0.276756, 0.609528
0.068923, 0.034741, 0.140849, 0.070685
0.068967, 0.565192, 0.059577, 0.909407
0.069026, 0.488480, 0.082743, 0.832258
0.069520, 0.905658, -0.318740, 0.546062
0.069809, 0.965859, -0.510147, 0.189679
0.069934, 0.656279, 0.019946, 0.958583
0.069975, 0.100482, 0.138345, 0.199783
0.070081, 0.776365, -0.074403, 0.908301
0.070180, 0.676576, 0.008051, 0.961113
0.070549, 0.918290, -0.367593, 0.474298
0.070562, 0.577856, 0.056212, 0.918739
0.070656, 0.011941, 0.145090, 0.024377
0.070708, 0.325900, 0.116598, 0.601280
0.070824, 0.732313, -0.032232, 0.946704
0.070893, 0.589946, 0.051681, 0.927292
0.071004, 0.476042, 0.088283, 0.816938
0.071247, 0.048322, 0.144672, 0.097810
0.071669, 0.062417, 0.144440, 0.125610
0.071974, 0.644883, 0.026661, 0.954495
0.071979, 0.930685, -0.421600, 0.395446
0.072224, 0.797431, -0.102832, 0.875709
0.072385, 0.463247, 0.093179, 0.800806
0.072816, 0.123181, 0.142017, 0.242789
0.072902, 0.269612, 0.127687, 0.507128
0.073350, 0.450057, 0.097588, 0.783704
0.073399, 0.943020, -0.472249, 0.315128
0.073695, 0.608968, 0.045224, 0.937872
0.073802, 0.710462, -0.015843, 0.953956
0.073976, 0.436749, 0.101496, 0.765980
0.074118, 0.541907, 0.072195, 0.886998
0.074389, 0.423423, 0.105003, 0.747743
0.074635, 0.313345, 0.124898, 0.580514
0.074646, 0.410221, 0.108151, 0.729217
0.074825, 0.397176, 0.111038, 0.710452
0.074936, 0.384286, 0.113680, 0.691476
0.075085, 0.371673, 0.116223, 0.672499
0.075227, 0.359123, 0.118642, 0.653209
0.075387, 0.257516, 0.133490, 0.486010
0.075570, 0.819865, -0.142237, 0.828216
0.075596, 0.087380, 0.150282, 0.174074
0.075616, 0.743777, -0.045749, 0.934702
0.075727, 0.832282, -0.164141, 0.798968
0.075924, 0.977546, -0.559415, 0.115767
0.075984, 0.765519, -0.069084, 0.914165
0.076076, 0.231781, 0.137740, 0.441166
0.076179, 0.687625, 0.000712, 0.956830
0.076196, 1.000000, -0.573877, 0.000000
0.076332, 0.245503, 0.136625, 0.465191
0.076485, 0.346785, 0.122700, 0.633743
0.076736, 0.633303, 0.034476, 0.947926
0.076896, 0.845412, -0.192771, 0.761416
0.076974, 0.280277, 0.133428, 0.525108
0.076983, 0.000000, 0.157440, 0.000000
0.077043, 0.666499, 0.014948, 0.955989
0.077073, 0.507598, 0.086443, 0.851423
0.077346, 0.555877, 0.070037, 0.898417
0.077378, 0.300348, 0.131347, 0.558699
0.077390, 0.955821, -0.528921, 0.230064
0.077415, 0.218140, 0.141692, 0.416925
0.077666, 0.597492, 0.052886, 0.929268
0.077694, 0.024429, 0.158274, 0.049451
0.077971, 0.521276, 0.082965, 0.865659
0.078006, 0.785926, -0.096515, 0.885714
0.078085, 0.142740, 0.150359, 0.279013
0.078160, 0.858708, -0.226054, 0.717352
0.078306, 0.110704, 0.153684, 0.218721
0.079050, 0.722253, -0.027888, 0.944655
0.079101, 0.204886, 0.146230, 0.393107
0.079176, 0.620020, 0.042584, 0.940997
0.079256, 0.871952, -0.263514, 0.667100
0.079274, 0.154284, 0.151661, 0.300647
0.079458, 0.167244, 0.150786, 0.324643
0.079488, 0.074715, 0.158800, 0.149122
0.079489, 0.494803, 0.093067, 0.836503
0.079827, 0.333788, 0.130184, 0.612426
0.079937, 0.806656, -0.129733, 0.848268
0.080103, 0.885014, -0.304990, 0.610713
0.080138, 0.192322, 0.149501, 0.370380
0.080343, 0.179881, 0.151198, 0.347782
0.080352, 0.569436, 0.067054, 0.908330
0.080422, 0.755183, -0.061729, 0.919783
0.080437, 0.038439, 0.163050, 0.077476
0.080830, 0.897863, -0.351107, 0.547561
0.081327, 0.700524, -0.010044, 0.950663
0.081607, 0.532581, 0.082673, 0.875570
0.081686, 0.583013, 0.062208, 0.917731
0.081734, 0.482631, 0.099350, 0.821813
0.081845, 0.910543, -0.403567, 0.476294
0.081876, 0.653904, 0.023846, 0.950868
0.082404, 0.052322, 0.166037, 0.104930
0.082431, 0.132258, 0.159622, 0.258997
0.082479, 0.988856, -0.599216, 0.053379
0.082640, 0.098077, 0.163084, 0.194133
0.082852, 0.289462, 0.142192, 0.539746
0.083100, 0.470066, 0.104699, 0.806384
0.083195, 0.011221, 0.169297, 0.022634
0.083255, 0.922948, -0.459526, 0.399721
0.083513, 0.966910, -0.581076, 0.159649
0.083683, 0.322694, 0.138340, 0.594259
0.083829, 0.457023, 0.109317, 0.789950
0.083835, 0.734161, -0.042041, 0.933080
0.083917, 0.774125, -0.088961, 0.894053
0.084064, 0.267123, 0.147428, 0.501557
0.084170, 0.676919, 0.008066, 0.951495
0.084280, 0.063516, 0.168948, 0.126876
0.084580, 0.443750, 0.113905, 0.772647
0.084828, 0.934893, -0.510940, 0.325500
0.084931, 0.430583, 0.117811, 0.755054
0.085200, 0.546606, 0.080613, 0.887213
0.085250, 0.641909, 0.032267, 0.945759
0.085368, 0.417291, 0.121720, 0.736732
0.085489, 0.946264, -0.547202, 0.261710
0.085536, 0.607960, 0.052121, 0.931426
0.085727, 0.404198, 0.125344, 0.718233
0.085974, 0.391271, 0.128639, 0.699526
0.086025, 0.239297, 0.154612, 0.453157
0.086062, 0.796016, -0.124015, 0.857764
0.086310, 0.120769, 0.168147, 0.237066
0.086335, 0.309721, 0.144850, 0.572655
0.086375, 0.378797, 0.131953, 0.681054
0.086377, 0.366326, 0.134548, 0.662237
0.086883, 0.354159, 0.137751, 0.643421
0.086920, 0.225632, 0.157989, 0.429093
0.086941, 0.712171, -0.022163, 0.941769
0.087167, 0.815348, -0.159955, 0.817372
0.087287, 0.513717, 0.095283, 0.854336
0.087535, 0.826641, -0.183113, 0.789811
0.087560, 0.253949, 0.155412, 0.478599
0.087646, 0.085184, 0.173804, 0.168846
0.087734, 0.341604, 0.141478, 0.623474
0.087782, 0.838782, -0.209982, 0.756614
0.088276, 0.691007, -0.003550, 0.946774
0.088341, 0.746889, -0.059437, 0.918213
0.088603, 0.594991, 0.060828, 0.922264
0.088612, 0.629060, 0.041435, 0.939309
0.088843, 0.851524, -0.244165, 0.714686
0.088954, 0.211739, 0.163400, 0.404188
0.089202, 0.501562, 0.101718, 0.840700
0.089318, 0.663814, 0.017983, 0.947044
0.089489, 0.559745, 0.078673, 0.896547
0.089667, 1.000000, -0.633510, 0.000000
0.089718, 0.978104, -0.622966, 0.098181
0.089736, 0.277839, 0.155671, 0.519042
0.089865, 0.159263, 0.171076, 0.308738
0.090038, 0.864480, -0.284290, 0.665170
0.090101, 0.144620, 0.172977, 0.281417
0.090304, 0.020661, 0.182772, 0.041442
0.090415, 0.000000, 0.183377, 0.000000
0.090458, 0.761588, -0.080293, 0.900506
0.090610, 0.031595, 0.182976, 0.063269
0.090851, 0.108405, 0.177984, 0.213179
0.090979, 0.297959, 0.154555, 0.552524
0.091138, 0.877452, -0.329974, 0.608289
0.091276, 0.956126, -0.597893, 0.198547
0.091289, 0.784956, -0.115143, 0.867697
0.091348, 0.172447, 0.172466, 0.332952
0.091468, 0.198116, 0.169690, 0.379566
0.091755, 0.571777, 0.074830, 0.904735
0.091846, 0.045107, 0.184709, 0.090073
0.091959, 0.724097, -0.036526, 0.930722
0.092072, 0.890353, -0.380911, 0.544124
0.092203, 0.524063, 0.096334, 0.863126
0.092305, 0.185600, 0.172777, 0.356937
0.092485, 0.072484, 0.184221, 0.143853
0.092595, 0.489150, 0.109842, 0.825770
0.092629, 0.617238, 0.050330, 0.931877
0.092760, 0.583490, 0.069611, 0.912558
0.092968, 0.903204, -0.436434, 0.473041
0.093085, 0.537858, 0.091480, 0.875937
0.094080, 0.476829, 0.115822, 0.811041
0.094128, 0.651036, 0.028077, 0.941695
0.094210, 0.331883, 0.153693, 0.606772
0.094295, 0.916192, -0.495471, 0.395935
0.094429, 0.805705, -0.157075, 0.824367
0.094575, 0.463781, 0.120752, 0.795128
0.094849, 0.131929, 0.183399, 0.257379
0.094942, 0.702333, -0.015697, 0.937587
0.095003, 0.682474, 0.002971, 0.942073
0.095033, 0.450606, 0.125507, 0.778479
0.095056, 0.319179, 0.157528, 0.586439
0.095182, 0.095817, 0.187426, 0.188702
0.095498, 0.265309, 0.167560, 0.496905
0.095823, 0.437250, 0.130579, 0.760917
0.095865, 0.424301, 0.134390, 0.743597
0.095877, 0.058389, 0.191826, 0.116086
0.095952, 0.737230, -0.054260, 0.916995
0.095974, 0.245027, 0.171426, 0.461710
0.096049, 0.929305, -0.551284, 0.319165
0.096254, 0.772945, -0.103668, 0.877759
0.096400, 0.988975, -0.658125, 0.046006
0.096450, 0.410991, 0.138867, 0.725079
0.096809, 0.397762, 0.142862, 0.706248
0.097064, 0.967283, -0.641304, 0.137676
0.097140, 0.287407, 0.166700, 0.533786
0.097153, 0.550939, 0.089135, 0.885617
0.097213, 0.604248, 0.060562, 0.922586
0.097218, 0.232661, 0.175422, 0.439901
0.097332, 0.942667, -0.596183, 0.248732
0.097339, 0.010676, 0.196669, 0.021347
0.097501, 0.346581, 0.155916, 0.629388
0.097517, 0.638228, 0.038194, 0.936244
0.097529, 0.372432, 0.150168, 0.668959
0.097656, 0.385288, 0.147255, 0.688015
0.097805, 0.671400, 0.012368, 0.940416
0.097830, 0.359824, 0.153531, 0.649809
0.097909, 0.219870, 0.178473, 0.417311
0.098768, 0.510906, 0.108364, 0.846987
0.098857, 0.119128, 0.192253, 0.232772
0.098948, 0.306663, 0.166263, 0.565301
0.098999, 0.830781, -0.223060, 0.752688
0.099062, 0.817579, -0.192191, 0.787674
0.099151, 0.750960, -0.075209, 0.900001
0.099580, 0.152540, 0.190014, 0.295168
0.099627, 0.843862, -0.259387, 0.710859
0.099817, 0.082909, 0.197475, 0.163478
0.099903, 0.795619, -0.148821, 0.833751
0.100066, 0.713873, -0.029760, 0.927301
0.100397, 0.205750, 0.184890, 0.391848
0.100791, 0.856886, -0.302463, 0.661019
0.101077, 0.498248, 0.115960, 0.832679
0.101103, 0.591706, 0.070320, 0.913110
0.101495, 0.625995, 0.048144, 0.929483
0.101751, 0.254612, 0.180174, 0.477674
0.101802, 0.036006, 0.204091, 0.071468
0.101945, 0.164686, 0.193145, 0.317539
0.102040, 0.869841, -0.351832, 0.603456
0.102370, 0.530140, 0.103622, 0.864382
0.102424, 0.692867, -0.008458, 0.932881
0.102513, 0.659544, 0.022470, 0.936008
0.102610, 0.564261, 0.086867, 0.893558
0.102812, 0.276114, 0.178341, 0.513985
0.103028, 0.177982, 0.193559, 0.341835
0.103051, 0.577627, 0.079845, 0.902869
0.103158, 0.022743, 0.207531, 0.045223
0.103171, 0.882704, -0.406769, 0.538650
0.103195, 0.106478, 0.201782, 0.208364
0.103268, 1.000000, -0.687066, 0.000000
0.103442, 0.955379, -0.648759, 0.178664
0.103582, 0.977973, -0.678802, 0.086104
0.103743, 0.141444, 0.199115, 0.274107
0.103764, 0.727745, -0.048495, 0.914272
0.103881, 0.783877, -0.134170, 0.847415
0.103901, 0.047666, 0.207674, 0.094387
0.104014, 0.069224, 0.206537, 0.136566
0.104077, 0.762449, -0.097583, 0.879442
0.104138, 0.895492, -0.464957, 0.468519
0.104172, 0.000000, 0.209900, 0.000000
0.104331, 0.191548, 0.194071, 0.366035
0.105010, 0.908287, -0.521962, 0.396890
0.105154, 0.613432, 0.058405, 0.921850
0.105188, 0.484060, 0.126152, 0.815205
0.105278, 0.296492, 0.178714, 0.547338
0.105334, 0.470575, 0.131442, 0.799611
0.105666, 0.338837, 0.170536, 0.615553
0.105779, 0.457214, 0.136862, 0.783207
0.105959, 0.541360, 0.101472, 0.872932
0.105994, 0.326226, 0.173851, 0.595696
0.106085, 0.444019, 0.141842, 0.766454
0.106354, 0.519579, 0.112374, 0.852242
0.106491, 0.646942, 0.033462, 0.931109
0.106527, 0.921327, -0.576619, 0.325080
0.106753, 0.418026, 0.151150, 0.731804
0.106952, 0.314789, 0.177812, 0.576942
0.107113, 0.681018, 0.002537, 0.930707
0.107190, 0.404095, 0.155933, 0.712258
0.107192, 0.430472, 0.147783, 0.748376
0.107463, 0.093501, 0.211151, 0.183169
0.107569, 0.128853, 0.207686, 0.250100
0.107611, 0.741095, -0.069816, 0.897643
0.107619, 0.241519, 0.192510, 0.453858
0.107976, 0.352510, 0.170916, 0.636233
0.107980, 0.807183, -0.190011, 0.792104
0.108254, 0.216037, 0.197581, 0.408950
0.108373, 0.264770, 0.189937, 0.493944
0.108465, 0.378532, 0.164977, 0.675233
0.108511, 0.934093, -0.623310, 0.259765
0.108592, 0.229111, 0.196249, 0.432112
0.108866, 0.552807, 0.097947, 0.881101
0.108869, 0.365866, 0.168936, 0.656337
0.108909, 0.391798, 0.161954, 0.694434
0.108946, 0.703597, -0.022269, 0.921957
0.109098, 0.772821, -0.122589, 0.855717
0.109365, 0.600711, 0.069110, 0.912853
0.109371, 0.822266, -0.230608, 0.749872
0.109829, 0.057309, 0.218562, 0.112961
0.110091, 0.945232, -0.655780, 0.208540
0.110154, 0.988889, -0.709440, 0.040464
0.110233, 0.836061, -0.271890, 0.705445
0.110353, 0.966319, -0.691855, 0.124269
0.110359, 0.634709, 0.044253, 0.925315
0.110515, 0.011183, 0.221831, 0.022134
0.110672, 0.668867, 0.014055, 0.928514
0.111078, 0.718263, -0.041337, 0.911287
0.111239, 0.285932, 0.190800, 0.528825
0.111395, 0.495514, 0.128308, 0.825243
0.111424, 0.849280, -0.318264, 0.654682
0.111434, 0.080182, 0.219787, 0.157150
0.111442, 0.153534, 0.212084, 0.295640
0.111559, 0.202178, 0.205566, 0.383743
0.111572, 0.508160, 0.122795, 0.838591
0.111683, 0.116774, 0.216863, 0.227035
0.111971, 0.753633, -0.093569, 0.877274
0.111975, 0.587322, 0.079507, 0.903639
0.112334, 0.793757, -0.169942, 0.811386
0.112395, 0.032006, 0.224700, 0.063170
0.112806, 0.862282, -0.371204, 0.596128
0.113014, 0.167837, 0.213193, 0.321774
0.113494, 0.305429, 0.190494, 0.560218
0.113521, 0.574335, 0.088826, 0.894391
0.113947, 0.622038, 0.055460, 0.918607
0.114010, 0.251562, 0.201980, 0.470096
0.114164, 0.875159, -0.430100, 0.530246
0.114605, 0.181193, 0.214324, 0.345928
0.114693, 0.530502, 0.114877, 0.858539
0.115061, 0.655867, 0.026441, 0.924299
0.115310, 0.887932, -0.491135, 0.460475
0.115340, 0.103939, 0.225069, 0.202298
0.115418, 0.691211, -0.010517, 0.919021
0.115787, 0.138917, 0.221835, 0.267789
0.115837, 0.043742, 0.230888, 0.086093
0.115910, 0.563173, 0.097378, 0.885017
0.115929, 0.731164, -0.062885, 0.894539
0.116173, 0.332224, 0.188704, 0.602603
0.116203, 0.900715, -0.548881, 0.391678
0.116230, 0.275165, 0.201423, 0.510015
0.116372, 0.410984, 0.166623, 0.718897
0.116505, 0.475139, 0.142803, 0.800306
0.116639, 0.462734, 0.148092, 0.785640
0.116716, 0.067531, 0.230868, 0.132286
0.116816, 0.913687, -0.599155, 0.327112
0.116818, 1.000000, -0.734318, 0.000000
0.116943, 0.437064, 0.158356, 0.753573
0.117025, 0.977480, -0.726214, 0.077024
0.117042, 0.781508, -0.152927, 0.825216
0.117101, 0.449899, 0.153722, 0.769760
0.117261, 0.954886, -0.700948, 0.157492
0.117430, 0.345018, 0.187474, 0.622236
0.117516, 0.021030, 0.234887, 0.041415
0.117648, 0.609402, 0.066708, 0.910833
0.117694, 0.000000, 0.235526, 0.000000
0.118185, 0.318453, 0.195178, 0.580161
0.118426, 0.540913, 0.112563, 0.865608
0.118468, 0.814790, -0.235487, 0.746046
0.118469, 0.212669, 0.216420, 0.401381
0.118592, 0.486548, 0.140251, 0.812139
0.118698, 0.927475, -0.648150, 0.261277
0.118722, 0.192401, 0.220095, 0.365320
0.118733, 0.766386, -0.125236, 0.847716
0.118736, 0.358300, 0.185922, 0.642176
0.118863, 0.710096, -0.035467, 0.905887
0.118941, 0.679166, 0.002160, 0.918285
0.119016, 0.423228, 0.166050, 0.734671
0.119044, 0.384520, 0.178774, 0.680813
0.119201, 0.225222, 0.215761, 0.423630
0.119262, 0.643614, 0.038252, 0.919178
0.119358, 0.520457, 0.124443, 0.846834
0.119460, 0.295229, 0.202575, 0.542338
0.119541, 0.090726, 0.234247, 0.176650
0.119726, 0.238298, 0.214385, 0.446305
0.119790, 0.262537, 0.209918, 0.487750
0.119965, 0.398876, 0.175598, 0.700922
0.120064, 0.371940, 0.184056, 0.662281
0.120115, 0.743181, -0.085583, 0.876022
0.120325, 0.828593, -0.281993, 0.698591
0.120406, 0.551937, 0.107708, 0.873506
0.120719, 0.127101, 0.232758, 0.245477
0.120866, 0.801554, -0.207063, 0.773705
0.120992, 0.596264, 0.078241, 0.902116
0.121892, 0.841835, -0.332266, 0.646145
0.122019, 0.941372, -0.694116, 0.198744
0.122298, 0.054478, 0.242363, 0.106574
0.122325, 0.665382, 0.016891, 0.916667
0.122512, 0.147340, 0.233364, 0.282630
0.122648, 0.499580, 0.138454, 0.824114
0.122672, 0.630685, 0.050688, 0.913606
0.122937, 0.159760, 0.232600, 0.305579
0.123307, 0.698999, -0.023245, 0.905999
0.123437, 0.854811, -0.388475, 0.586609
0.123446, 0.583347, 0.089058, 0.893217
0.123546, 0.078121, 0.242896, 0.152114
0.123556, 0.755716, -0.111982, 0.853999
0.123631, 0.988685, -0.753788, 0.036023
0.123667, 0.965981, -0.737155, 0.109939
0.123755, 0.722079, -0.056002, 0.890315
0.123919, 0.114216, 0.240179, 0.220853
0.124087, 0.510434, 0.134356, 0.834454
0.124566, 0.010517, 0.248502, 0.020631
0.124576, 0.032253, 0.247981, 0.063190
0.124898, 0.172537, 0.234401, 0.328649
0.124982, 0.867651, -0.450605, 0.519996
0.125199, 0.203338, 0.230059, 0.383797
0.125540, 0.307998, 0.209633, 0.561766
0.125612, 0.284721, 0.215167, 0.523774
0.125775, 0.571005, 0.099211, 0.883847
0.126051, 0.789916, -0.189835, 0.787561
0.126082, 0.250033, 0.223144, 0.465003
0.126312, 0.326601, 0.206195, 0.591192
0.126335, 0.617904, 0.063000, 0.906743
0.126432, 0.880382, -0.514478, 0.450298
0.127129, 0.100993, 0.247467, 0.195380
0.127211, 0.411323, 0.181344, 0.715708
0.127356, 0.775533, -0.158328, 0.814143
0.127498, 0.892970, -0.572481, 0.384635
0.127717, 0.431537, 0.174403, 0.742236
0.127915, 0.338541, 0.205534, 0.609541
0.128031, 0.652758, 0.029922, 0.911015
0.128072, 0.918199, -0.660266, 0.273352
0.128155, 0.455713, 0.164929, 0.772417
0.128162, 0.905556, -0.621752, 0.325383
0.128276, 0.467684, 0.159726, 0.786522
0.128295, 0.184037, 0.238816, 0.348884
0.128332, 0.531259, 0.126612, 0.851643
0.128422, 0.272475, 0.222584, 0.502740
0.128570, 0.389868, 0.190782, 0.685397
0.128658, 0.443151, 0.170885, 0.756752
0.128874, 0.065084, 0.253934, 0.126568
0.129093, 0.479637, 0.155069, 0.799692
0.129168, 0.734426, -0.080729, 0.870005
0.129215, 0.351056, 0.203989, 0.628374
0.129398, 0.558571, 0.110192, 0.872701
0.129414, 0.363803, 0.200427, 0.647310
0.129423, 0.216614, 0.235346, 0.406588
0.129484, 0.676387, 0.002983, 0.906332
0.129501, 0.809088, -0.250337, 0.729686
0.129512, 0.042954, 0.256712, 0.083770
0.129553, 0.953516, -0.740210, 0.143415
0.129734, 0.604984, 0.075330, 0.899031
0.129964, 0.688107, -0.012177, 0.901910
0.130192, 0.821601, -0.291603, 0.689224
0.130236, 1.000000, -0.775610, 0.000000
0.130274, 0.136699, 0.249175, 0.261930
0.130438, 0.977281, -0.768244, 0.067919
0.130470, 0.229274, 0.234906, 0.428612
0.130498, 0.544667, 0.120237, 0.861369
0.130528, 0.931645, -0.702876, 0.216706
0.130642, 0.709657, -0.042287, 0.889296
0.130663, 0.491937, 0.150678, 0.812154
0.131257, 0.639359, 0.043864, 0.906743
0.131293, 0.021315, 0.260969, 0.041598
0.131327, 0.260437, 0.230071, 0.481718
0.131564, 0.377705, 0.199164, 0.666921
0.131603, 0.000000, 0.261905, 0.000000
0.131619, 0.298083, 0.222013, 0.544311
0.132161, 0.834502, -0.344436, 0.636025
0.132197, 0.088160, 0.258312, 0.170515
0.132205, 0.747908, -0.108964, 0.847957
0.132746, 0.519172, 0.137701, 0.838184
0.132830, 0.317209, 0.219077, 0.574647
0.132836, 0.241014, 0.236721, 0.448371
0.132981, 0.592129, 0.087451, 0.890504
0.133160, 0.194971, 0.245810, 0.367629
0.133169, 0.123799, 0.256385, 0.237766
0.133183, 0.762497, -0.140369, 0.823865
0.133258, 0.421661, 0.185567, 0.727056
0.133430, 0.150524, 0.253157, 0.287051
0.133501, 0.400755, 0.193895, 0.699047
0.133931, 0.847384, -0.403741, 0.575379
0.134111, 0.665761, 0.014926, 0.902979
0.134748, 0.163831, 0.253656, 0.311220
0.134974, 0.626406, 0.057390, 0.900850
0.135177, 0.720893, -0.063622, 0.872983
0.135348, 0.075821, 0.265152, 0.146601
0.135380, 0.505679, 0.148024, 0.823746
0.135516, 0.579720, 0.098739, 0.881888
0.135618, 0.053027, 0.267480, 0.102848
0.135653, 0.860203, -0.468803, 0.508016
0.135681, 0.799017, -0.237001, 0.739644
0.135859, 0.110606, 0.262734, 0.212533
0.136143, 0.942785, -0.743642, 0.167864
0.136424, 0.965458, -0.775408, 0.098096
0.136791, 0.698502, -0.029798, 0.887082
0.137000, 0.988580, -0.792609, 0.031770
0.137311, 0.872948, -0.534734, 0.438708
0.137419, 0.785110, -0.203318, 0.768468
0.137475, 0.567161, 0.109636, 0.872759
0.137537, 0.288989, 0.234002, 0.527955
0.137649, 0.207174, 0.251690, 0.388464
0.137858, 0.032251, 0.273055, 0.062652
0.137926, 0.329401, 0.223746, 0.592385
0.138213, 0.175704, 0.258132, 0.332225
0.138457, 0.010779, 0.274721, 0.020950
0.138534, 0.613486, 0.070776, 0.894025
0.138769, 0.277921, 0.238734, 0.509381
0.138866, 0.885587, -0.595026, 0.373690
0.138967, 0.773228, -0.176021, 0.790082
0.139116, 0.922053, -0.710550, 0.230586
0.139173, 0.098129, 0.270226, 0.188624
0.139244, 0.448223, 0.181791, 0.758157
0.139253, 0.342421, 0.221933, 0.612105
0.139535, 0.656430, 0.025431, 0.897602
0.139630, 0.367689, 0.214323, 0.649655
0.139721, 0.434029, 0.188758, 0.740256
0.139756, 0.897936, -0.643819, 0.318303
0.139907, 0.538381, 0.131925, 0.850096
0.140061, 0.307731, 0.233281, 0.557748
0.140089, 0.472379, 0.171049, 0.785875
0.140102, 0.388998, 0.207437, 0.680110
0.140103, 0.910219, -0.683498, 0.269818
0.140207, 0.460151, 0.177259, 0.771850
0.140288, 0.813197, -0.295973, 0.682230
0.140325, 0.410956, 0.199271, 0.710216
0.140361, 0.552707, 0.122359, 0.860680
0.140432, 0.730660, -0.086364, 0.853303
0.140555, 0.252828, 0.247617, 0.467036
0.140781, 0.678059, -0.002852, 0.890871
0.140836, 0.645402, 0.038242, 0.896632
0.140918, 0.219513, 0.255105, 0.409436
0.140921, 0.355416, 0.220322, 0.630954
0.141287, 0.266207, 0.245763, 0.489320
0.141375, 0.483839, 0.166420, 0.797681
0.141393, 0.063119, 0.277483, 0.121782
0.141594, 0.495641, 0.160060, 0.809831
0.141962, 0.600618, 0.083945, 0.886319
0.141972, 0.741708, -0.109970, 0.836409
0.141982, 0.526990, 0.141144, 0.839294
0.142070, 0.826468, -0.351218, 0.628300
0.142227, 0.187043, 0.263471, 0.351897
0.142668, 0.142313, 0.271113, 0.270413
0.142730, 0.230858, 0.255982, 0.428739
0.142896, 0.954287, -0.781097, 0.122898
0.142935, 0.710117, -0.052454, 0.868924
0.143575, 1.000000, -0.811760, 0.000000
0.143590, 0.131431, 0.274562, 0.250447
0.143601, 0.754140, -0.139271, 0.813973
0.143744, 0.976958, -0.804843, 0.060108
0.143749, 0.042759, 0.283522, 0.082646
0.144146, 0.839559, -0.414667, 0.565233
0.144176, 0.633684, 0.051421, 0.892206
0.144276, 0.932023, -0.749087, 0.186834
0.144435, 0.156031, 0.272510, 0.295473
0.144455, 0.688496, -0.019189, 0.881007
0.144625, 0.241941, 0.256936, 0.447432
0.144861, 0.514313, 0.151900, 0.826059
0.145118, 0.378438, 0.218511, 0.663373
0.145125, 0.021720, 0.287001, 0.042015
0.145326, 0.085203, 0.282875, 0.163452
0.145353, 0.000000, 0.287765, 0.000000
0.145356, 0.118662, 0.279352, 0.226398
0.145421, 0.587918, 0.096856, 0.877692
0.145807, 0.318807, 0.239281, 0.573541
0.145929, 0.422333, 0.201866, 0.722816
0.146044, 0.298203, 0.245590, 0.540863
0.146071, 0.852537, -0.483137, 0.496400
0.146435, 0.199098, 0.268844, 0.372589
0.146623, 0.792444, -0.246685, 0.723443
0.146777, 0.399433, 0.212678, 0.691926
0.146810, 0.667254, 0.010037, 0.886051
0.146832, 0.073407, 0.286859, 0.141003
0.147464, 0.575597, 0.108628, 0.869613
0.147487, 0.562464, 0.119600, 0.861737
0.147509, 0.765272, -0.172504, 0.784519
0.147577, 0.621424, 0.065106, 0.886692
0.147933, 0.865474, -0.551504, 0.426824
0.148040, 0.167685, 0.277271, 0.316117
0.148360, 0.805027, -0.293226, 0.680300
0.148478, 0.720936, -0.076716, 0.848704
0.148693, 0.442352, 0.196074, 0.746404
0.148808, 0.332226, 0.239844, 0.593403
0.148889, 0.107493, 0.287291, 0.205143
0.149570, 0.965636, -0.810887, 0.085226
0.149668, 0.285545, 0.254896, 0.519202
0.149679, 0.878420, -0.613396, 0.362511
0.149688, 0.053041, 0.293924, 0.102000
0.149697, 0.503322, 0.163424, 0.812576
0.149728, 0.943344, -0.784362, 0.144105
0.149925, 0.545295, 0.134642, 0.848022
0.149974, 0.700256, -0.041324, 0.864589
0.150196, 0.988193, -0.826198, 0.028696
0.150232, 0.778364, -0.213596, 0.748611
0.150490, 0.211454, 0.273639, 0.393554
0.150522, 0.344668, 0.238387, 0.611708
0.150584, 0.095516, 0.291735, 0.182460
0.150891, 0.918580, -0.741069, 0.214157
0.150908, 0.608820, 0.079028, 0.880195
0.151007, 0.654317, 0.026453, 0.883225
0.151043, 0.366780, 0.231361, 0.644375
0.151073, 0.467254, 0.186085, 0.774224
0.151359, 0.891486, -0.667005, 0.304939
0.151447, 0.273516, 0.261050, 0.499067
0.151664, 0.904476, -0.707499, 0.257974
0.151733, 0.032675, 0.299036, 0.062908
0.151783, 0.818473, -0.356159, 0.619637
0.151959, 0.260399, 0.265221, 0.477077
0.151995, 0.179082, 0.282495, 0.335988
0.152148, 0.011007, 0.300365, 0.021204
0.152201, 0.454175, 0.194307, 0.758798
0.152500, 0.733042, -0.105824, 0.825841
0.152538, 0.410434, 0.215769, 0.704232
0.152811, 0.355981, 0.237900, 0.627763
0.152920, 0.478822, 0.181530, 0.785837
0.153077, 0.534418, 0.145144, 0.837448
0.153101, 0.147837, 0.289566, 0.279147
0.153102, 0.490502, 0.174737, 0.797772
0.153166, 0.388130, 0.226115, 0.673856
0.153483, 0.223539, 0.276355, 0.413947
0.153537, 0.642146, 0.041578, 0.881181
0.153645, 0.431818, 0.207324, 0.731091
0.153988, 0.677681, -0.007689, 0.871654
0.154026, 0.248411, 0.271669, 0.456464
0.154045, 0.831556, -0.422028, 0.555680
0.154111, 0.745106, -0.135169, 0.804234
0.154241, 0.308671, 0.255773, 0.555250
0.154293, 0.595887, 0.093141, 0.872548
0.154375, 0.522368, 0.154913, 0.826650
0.154850, 0.125381, 0.296051, 0.237677
0.154910, 0.063896, 0.302807, 0.122305
0.155263, 0.190837, 0.286119, 0.356267
0.155314, 0.554802, 0.130902, 0.850376
0.155456, 0.235318, 0.277135, 0.433741
0.156212, 0.844550, -0.493095, 0.486001
0.156256, 0.711196, -0.066179, 0.843632
0.156354, 0.932133, -0.783758, 0.163961
0.156396, 0.953799, -0.815769, 0.107920
0.156715, 1.000000, -0.842862, 0.000000
0.156789, 0.630013, 0.056372, 0.877078
0.156990, 0.137172, 0.298394, 0.259139
0.157003, 0.323015, 0.255583, 0.576678
0.157030, 0.756521, -0.168293, 0.776667
0.157196, 0.787556, -0.260171, 0.702244
0.157216, 0.690826, -0.030502, 0.858820
0.157539, 0.976732, -0.838056, 0.052478
0.157575, 0.077024, 0.306791, 0.147020
0.157607, 0.159115, 0.296091, 0.299073
0.157624, 0.294984, 0.265240, 0.532293
0.157888, 0.582499, 0.107580, 0.863533
0.157909, 0.568807, 0.120256, 0.856598
0.158210, 0.376191, 0.238044, 0.655039
0.158217, 0.043457, 0.310583, 0.083239
0.158231, 0.857509, -0.562746, 0.417151
0.158339, 0.664012, 0.011081, 0.870437
0.158686, 0.510509, 0.166933, 0.813277
0.158854, 0.022101, 0.312634, 0.042375
0.158948, 0.000000, 0.313060, 0.000000
0.159002, 0.799247, -0.306679, 0.659899
0.159188, 0.420921, 0.219583, 0.714650
0.159296, 0.203533, 0.290759, 0.377864
0.159533, 0.088343, 0.309148, 0.168070
0.159678, 0.114398, 0.306227, 0.216585
0.159885, 0.768568, -0.207669, 0.742853
0.159979, 0.398725, 0.230929, 0.685393
0.160042, 0.617805, 0.071047, 0.871934
0.160168, 0.870503, -0.625405, 0.354303
0.160293, 0.336527, 0.256067, 0.596248
0.160529, 0.443535, 0.209699, 0.741859
0.160892, 0.723315, -0.095850, 0.820318
0.161015, 0.101794, 0.310499, 0.193143
0.161159, 0.811127, -0.361204, 0.608782
0.161393, 0.463188, 0.199790, 0.763784
0.161508, 0.170653, 0.301166, 0.319231
0.161710, 0.281689, 0.275794, 0.509721
0.161855, 0.883600, -0.678839, 0.299278
0.162055, 0.964129, -0.839171, 0.078075
0.162234, 0.498279, 0.178606, 0.799462
0.162341, 0.921957, -0.780706, 0.180468
0.162390, 0.910106, -0.755159, 0.213381
0.162581, 0.268369, 0.280938, 0.487561
0.162765, 0.651106, 0.028385, 0.867451
0.162861, 0.349364, 0.255257, 0.614442
0.163086, 0.989495, -0.855496, 0.022113
0.163107, 0.605633, 0.085443, 0.866025
0.163325, 0.544134, 0.145085, 0.836434
0.163473, 0.216471, 0.295376, 0.399608
0.163544, 0.362991, 0.250978, 0.633988
0.163571, 0.054503, 0.319777, 0.103912
0.163586, 0.943407, -0.819873, 0.123805
0.163677, 0.897009, -0.725473, 0.249415
0.163799, 0.701546, -0.054926, 0.838163
0.163873, 0.255064, 0.286678, 0.465166
0.163941, 0.823748, -0.428989, 0.543922
0.164113, 0.474950, 0.195616, 0.774980
0.164362, 0.735674, -0.128918, 0.794510
0.164755, 0.531169, 0.156595, 0.825857
0.164854, 0.409271, 0.232515, 0.696926
0.164907, 0.778929, -0.252177, 0.700773
0.165287, 0.683361, -0.022909, 0.849639
0.165357, 0.182382, 0.305854, 0.339447
0.165367, 0.148190, 0.311938, 0.277972
0.165431, 0.315216, 0.271285, 0.561668
0.165433, 0.486325, 0.189618, 0.785811
0.165568, 0.033393, 0.324722, 0.063712
0.165585, 0.241894, 0.292942, 0.442555
0.165629, 0.010798, 0.325377, 0.020609
0.165701, 0.387218, 0.243836, 0.667219
0.165761, 0.558034, 0.134674, 0.843113
0.166043, 0.638705, 0.044994, 0.864781
0.166158, 0.593576, 0.099529, 0.859209
0.166231, 0.836455, -0.500511, 0.475280
0.166245, 0.228364, 0.297409, 0.419419
0.166483, 0.432386, 0.222843, 0.725252
0.166515, 0.127791, 0.317246, 0.240603
0.166565, 0.671359, -0.003541, 0.854411
0.166590, 0.302372, 0.277294, 0.541134
0.166654, 0.067388, 0.324344, 0.127994
0.166656, 0.453745, 0.211200, 0.750134
0.166835, 0.518726, 0.167952, 0.814326
0.166933, 0.747430, -0.163063, 0.767376
0.167334, 0.194410, 0.306771, 0.360119
0.168405, 0.849184, -0.570146, 0.408207
0.168533, 0.571737, 0.123271, 0.847812
0.168897, 0.713690, -0.084976, 0.814624
0.169020, 0.328028, 0.272394, 0.580149
0.169284, 0.791191, -0.309516, 0.647210
0.169313, 0.626464, 0.061091, 0.860947
0.169750, 0.759267, -0.202358, 0.734428
0.169822, 0.932687, -0.818626, 0.140068
0.169874, 0.080167, 0.329247, 0.151783
0.169896, 0.290560, 0.286411, 0.521504
0.169915, 0.374920, 0.255096, 0.648275
0.169933, 0.582580, 0.112736, 0.851113
0.170112, 0.160694, 0.318394, 0.299788
0.170329, 0.980671, -0.867312, 0.037753
0.170464, 0.861851, -0.631922, 0.348221
0.170548, 1.000000, -0.871879, 0.000000
0.170708, 0.954275, -0.848793, 0.091138
0.170960, 0.970099, -0.862839, 0.058595
0.171060, 0.093133, 0.329897, 0.175797
0.171145, 0.659609, 0.013270, 0.852101
0.171295, 0.208366, 0.310831, 0.383816
0.171408, 0.505474, 0.181899, 0.799380
0.171428, 0.117889, 0.327450, 0.221583
0.171475, 0.803397, -0.367428, 0.593961
0.171508, 0.421472, 0.234845, 0.709138
0.171822, 0.137767, 0.325351, 0.258008
0.171871, 0.106074, 0.329948, 0.199784
0.172079, 0.021492, 0.337021, 0.040821
0.172192, 0.692965, -0.045845, 0.829446
0.172362, 0.340391, 0.272817, 0.597445
0.172472, 0.874330, -0.684546, 0.296295
0.172510, 0.045042, 0.336659, 0.085399
0.172619, 0.000000, 0.338381, 0.000000
0.172633, 0.614217, 0.076917, 0.855968
0.173008, 0.276084, 0.295793, 0.496934
0.173162, 0.467103, 0.210051, 0.760925
0.173217, 0.725945, -0.118865, 0.787761
0.173300, 0.262060, 0.300462, 0.474096
0.173417, 0.442823, 0.225306, 0.733648
0.173493, 0.397295, 0.249691, 0.676873
0.173710, 0.815692, -0.433159, 0.532522
0.173782, 0.920422, -0.807317, 0.161998
0.173815, 0.770390, -0.247440, 0.693592
0.174006, 0.886282, -0.726716, 0.253655
0.174027, 0.908410, -0.783318, 0.191483
0.174073, 0.352713, 0.270410, 0.614720
0.174408, 0.173130, 0.323775, 0.321250
0.175094, 0.647394, 0.030855, 0.849859
0.175134, 0.550012, 0.147352, 0.829663
0.175355, 0.537963, 0.158405, 0.821720
0.175357, 0.363806, 0.267608, 0.630160
0.175439, 0.248962, 0.307753, 0.451861
0.175487, 0.493922, 0.193985, 0.786021
0.175633, 0.602075, 0.092306, 0.850401
0.175658, 0.409605, 0.246327, 0.691808
0.175910, 0.308695, 0.289905, 0.547987
0.175941, 0.058045, 0.342230, 0.109702
0.176137, 0.897265, -0.762339, 0.216557
0.176223, 0.828278, -0.506108, 0.463756
0.176248, 0.678842, -0.022071, 0.832805
0.176412, 0.235034, 0.313118, 0.428202
0.176516, 0.563225, 0.135368, 0.835583
0.176738, 0.738073, -0.155931, 0.757943
0.176964, 0.526008, 0.169971, 0.811723
0.177054, 0.704771, -0.075153, 0.807045
0.177079, 0.480193, 0.205313, 0.771719
0.177128, 0.221088, 0.317984, 0.404449
0.177605, 0.942749, -0.849513, 0.107349
0.177663, 0.150273, 0.333783, 0.279677
0.177692, 0.197940, 0.324206, 0.364080
0.177846, 0.782259, -0.302461, 0.643066
0.177858, 0.989397, -0.884123, 0.019073
0.178004, 0.320549, 0.288910, 0.565562
0.178018, 0.384504, 0.261918, 0.657740
0.178219, 0.031969, 0.347821, 0.060415
0.178326, 0.185379, 0.327990, 0.341879
0.178375, 0.513892, 0.181210, 0.800987
0.178392, 0.455917, 0.222951, 0.745381
0.178501, 0.071124, 0.345740, 0.133976
0.178514, 0.840937, -0.576112, 0.397889
0.178633, 0.635123, 0.048393, 0.847105
0.179311, 0.590046, 0.107411, 0.843094
0.179373, 0.010805, 0.350744, 0.020428
0.179519, 0.963271, -0.873983, 0.065546
0.179588, 0.750021, -0.196119, 0.724987
0.180024, 0.431572, 0.239655, 0.716558
0.180030, 0.285581, 0.304243, 0.510161
0.180146, 0.667692, -0.004540, 0.832755
0.180676, 0.126613, 0.343131, 0.236333
0.180734, 0.853627, -0.638422, 0.339097
0.181110, 0.298159, 0.301731, 0.529694
0.181197, 0.576921, 0.122908, 0.836642
0.181248, 0.085212, 0.349541, 0.160021
0.181347, 0.794772, -0.367086, 0.583329
0.181759, 0.716593, -0.108570, 0.780386
0.181814, 0.622952, 0.065511, 0.843731
0.181894, 0.332839, 0.290092, 0.582667
0.182374, 0.098768, 0.349963, 0.184948
0.182503, 0.162935, 0.340072, 0.301451
0.182667, 0.930652, -0.843327, 0.125201
0.182692, 0.112981, 0.348810, 0.211132
0.182727, 0.268474, 0.314052, 0.481739
0.182874, 0.372129, 0.274452, 0.638529
0.182939, 0.866310, -0.692233, 0.287794
0.182977, 0.687188, -0.043862, 0.812434
0.183082, 0.761597, -0.241914, 0.684977
0.183451, 0.976774, -0.889777, 0.039018
0.183475, 0.209346, 0.331758, 0.382689
0.183698, 0.418860, 0.251393, 0.699153
0.183704, 0.807263, -0.435492, 0.520418
0.184061, 0.656184, 0.013411, 0.831793
0.184268, 0.139786, 0.347326, 0.259548
0.184350, 1.000000, -0.896277, 0.000000
0.184501, 0.041257, 0.358934, 0.077611
0.184593, 0.345369, 0.288887, 0.599933
0.184616, 0.467958, 0.221487, 0.753931
0.184724, 0.445216, 0.236794, 0.729437
0.185024, 0.952322, -0.874365, 0.080887
0.185256, 0.917246, -0.827174, 0.148859
0.185286, 0.610718, 0.082349, 0.838856
0.185302, 0.878922, -0.738697, 0.242742
0.185378, 0.404611, 0.261422, 0.680240
0.185499, 0.256678, 0.322253, 0.461683
0.185608, 0.503917, 0.195324, 0.786807
0.185810, 0.728675, -0.146443, 0.749828
0.185919, 0.021592, 0.362464, 0.040619
0.186032, 0.819779, -0.508098, 0.453373
0.186098, 0.697436, -0.069097, 0.795016
0.186234, 0.243248, 0.327391, 0.439228
0.186264, 0.000000, 0.363513, 0.000000
0.186394, 0.357950, 0.285907, 0.616965
0.186570, 0.051912, 0.362107, 0.097436
0.186644, 0.392931, 0.269247, 0.664616
0.186667, 0.904485, -0.805392, 0.174591
0.186676, 0.490851, 0.206594, 0.774569
0.186754, 0.554582, 0.149526, 0.820488
0.186829, 0.542628, 0.161490, 0.813727
0.186839, 0.773450, -0.296509, 0.635780
0.187121, 0.566597, 0.136820, 0.825714
0.187213, 0.891037, -0.776258, 0.205451
0.187223, 0.310719, 0.306716, 0.546995
0.187280, 0.174497, 0.346133, 0.320922
0.187462, 0.644121, 0.032263, 0.830842
0.187625, 0.230222, 0.333423, 0.417110
0.187709, 0.530609, 0.173507, 0.805183
0.188184, 0.598769, 0.098461, 0.833796
0.188309, 0.277585, 0.320265, 0.494780
0.188316, 0.196174, 0.343173, 0.358643
0.188468, 0.832434, -0.578911, 0.388115
0.188589, 0.517951, 0.185641, 0.795330
0.188770, 0.063464, 0.365232, 0.118814
0.189254, 0.740780, -0.188606, 0.715180
0.189478, 0.676193, -0.027058, 0.808678
0.189546, 0.076191, 0.365322, 0.142332
0.189625, 0.478674, 0.218708, 0.760893
0.189766, 0.153388, 0.354834, 0.283081
0.190060, 0.323203, 0.306159, 0.564779
0.190329, 0.785720, -0.360369, 0.577429
0.190770, 0.988338, -0.904900, 0.017906
0.190784, 0.845140, -0.641577, 0.330533
0.190823, 0.218454, 0.342083, 0.396439
0.190922, 0.381220, 0.280976, 0.646912
0.190923, 0.708286, -0.100957, 0.769301
0.190937, 0.456264, 0.236265, 0.737279
0.191005, 0.585915, 0.115363, 0.827634
0.191097, 0.965681, -0.895597, 0.053179
0.191125, 0.184584, 0.350699, 0.337796
0.191229, 0.631682, 0.051187, 0.828159
0.191589, 0.436487, 0.250141, 0.715105
0.191648, 0.940458, -0.873141, 0.094933
0.191700, 0.289818, 0.321466, 0.513071
0.192445, 0.129861, 0.363575, 0.240243
0.192484, 0.105041, 0.367484, 0.195196
0.192529, 0.752680, -0.235505, 0.675258
0.192556, 0.090541, 0.369234, 0.168502
0.192656, 0.031954, 0.374447, 0.059817
0.193047, 0.857928, -0.695904, 0.280406
0.193089, 0.011047, 0.375879, 0.020686
0.193171, 0.425721, 0.258777, 0.701592
0.193368, 0.798360, -0.432990, 0.510912
0.193418, 0.118190, 0.367269, 0.219003
0.193437, 0.665201, -0.008344, 0.809063
0.194229, 0.619486, 0.069512, 0.825504
0.194335, 0.368807, 0.291857, 0.628338
0.194380, 0.335681, 0.307353, 0.581414
0.194451, 0.926503, -0.859816, 0.116299
0.194511, 0.412440, 0.268429, 0.684768
0.194541, 0.301363, 0.321645, 0.529939
0.194822, 0.719678, -0.137197, 0.740434
0.194973, 0.574692, 0.130244, 0.819528
0.195338, 0.686836, -0.055355, 0.785656
0.195348, 0.870912, -0.743286, 0.236179
0.195373, 0.266238, 0.335389, 0.474139
0.195646, 0.205597, 0.353567, 0.373153
0.195730, 0.166057, 0.362973, 0.304468
0.195833, 0.810954, -0.507297, 0.443345
0.196010, 0.764585, -0.290033, 0.627117
0.196042, 0.251991, 0.340991, 0.450657
0.196065, 0.143356, 0.367742, 0.263896
0.196595, 0.653633, 0.011645, 0.810246
0.196723, 0.346867, 0.305705, 0.596415
0.196781, 0.912389, -0.841809, 0.138894
0.196997, 0.954443, -0.896148, 0.066586
0.197074, 0.977247, -0.910658, 0.032490
0.197112, 0.466478, 0.235242, 0.743197
0.197407, 0.400108, 0.279198, 0.667882
0.197417, 0.499712, 0.208528, 0.773223
0.197422, 0.043623, 0.382629, 0.081349
0.197590, 1.000000, -0.916148, 0.000000
0.197651, 0.898337, -0.816661, 0.165587
0.197877, 0.239442, 0.347971, 0.429571
0.198087, 0.511523, 0.198524, 0.781882
0.198115, 0.607048, 0.087688, 0.820362
0.198117, 0.357770, 0.302537, 0.611185
0.198188, 0.561798, 0.146652, 0.811006
0.198189, 0.549298, 0.160688, 0.805388
0.198227, 0.823541, -0.577922, 0.379619
0.198260, 0.884211, -0.786020, 0.195549
0.198444, 0.446555, 0.250979, 0.721747
0.198521, 0.731600, -0.179604, 0.705726
0.198735, 0.536950, 0.174075, 0.798133
0.198737, 0.698097, -0.086172, 0.763643
0.198899, 0.487926, 0.219829, 0.761927
0.199016, 0.313918, 0.323503, 0.547278
0.199374, 0.524632, 0.186885, 0.789844
0.199380, 0.641204, 0.032802, 0.811211
0.199477, 0.776710, -0.353584, 0.569681
0.199718, 0.079806, 0.383405, 0.147970
0.199730, 0.000000, 0.388126, 0.000000
0.199913, 0.022173, 0.388048, 0.041312
0.199938, 0.594765, 0.105287, 0.817204
0.200058, 0.055350, 0.386590, 0.102911
0.200059, 0.279107, 0.338444, 0.493030
0.200106, 0.388596, 0.289161, 0.651665
0.200327, 0.227174, 0.355720, 0.408491
0.200333, 0.192149, 0.364979, 0.348856
0.200685, 0.836119, -0.640758, 0.323185
0.200801, 0.067086, 0.386800, 0.124489
0.201933, 0.743751, -0.228100, 0.664952
0.201941, 0.178035, 0.371172, 0.324072
0.201946, 0.476037, 0.232371, 0.748575
0.201973, 0.326564, 0.322522, 0.564784
0.202242, 0.098288, 0.385837, 0.181534
0.202264, 0.155520, 0.376513, 0.284441
0.202397, 0.675463, -0.037258, 0.781275
0.202538, 0.789248, -0.426343, 0.503810
0.203029, 0.848562, -0.694380, 0.275133
0.203183, 0.133515, 0.382135, 0.245035
0.203507, 0.214979, 0.364503, 0.387065
0.203621, 0.376412, 0.300460, 0.633718
0.203712, 0.945030, -0.897495, 0.074786
0.203712, 0.420427, 0.274519, 0.688570
0.203805, 0.628349, 0.053365, 0.807983
0.203810, 0.291701, 0.339673, 0.511374
0.203973, 0.434452, 0.265481, 0.704531
0.204019, 0.966006, -0.914769, 0.044713
0.204037, 0.988807, -0.923721, 0.014501
0.204062, 0.710114, -0.126056, 0.730656
0.204134, 0.582214, 0.122908, 0.809535
0.204611, 0.933841, -0.886628, 0.090632
0.204702, 0.109859, 0.388720, 0.202224
0.204802, 0.457226, 0.249832, 0.728208
0.205240, 0.860827, -0.739883, 0.234244
0.205315, 0.259470, 0.353691, 0.459804
0.205378, 0.755746, -0.283465, 0.616760
0.205398, 0.801921, -0.503386, 0.434328
0.205471, 0.122045, 0.388011, 0.223988
0.205992, 0.664044, -0.015711, 0.783771
0.206101, 0.920738, -0.871453, 0.109629
0.206139, 0.034172, 0.398990, 0.063362
0.206317, 0.616073, 0.073098, 0.806724
0.206498, 0.011449, 0.400274, 0.021238
0.206863, 0.087900, 0.395444, 0.162029
0.206921, 0.408175, 0.286122, 0.672047
0.207123, 0.304019, 0.339843, 0.528863
0.207291, 0.570427, 0.139040, 0.802581
0.207351, 0.686704, -0.068961, 0.756785
0.207388, 0.721896, -0.167453, 0.697894
0.207408, 0.872722, -0.778211, 0.199489
0.207447, 0.201806, 0.374759, 0.363650
0.207650, 0.364434, 0.312295, 0.615538
0.207930, 0.814599, -0.575368, 0.370467
0.207933, 0.339231, 0.325388, 0.580433
0.208026, 0.907044, -0.853145, 0.129464
0.208233, 0.651458, 0.008724, 0.788597
0.208555, 0.248061, 0.362839, 0.440343
0.208701, 0.270364, 0.355400, 0.476181
0.208741, 0.767631, -0.346041, 0.560818
0.208745, 0.166712, 0.385539, 0.302786
0.208793, 0.145178, 0.389986, 0.264816
0.208922, 0.894417, -0.831304, 0.150640
0.209035, 0.556750, 0.156757, 0.795881
0.209099, 0.351436, 0.320999, 0.596918
0.209515, 0.506826, 0.211328, 0.767446
0.209592, 0.543873, 0.172183, 0.789725
0.209739, 0.494913, 0.222750, 0.758171
0.209941, 0.235952, 0.369004, 0.420081
0.210012, 0.519030, 0.199471, 0.775331
0.210140, 0.046694, 0.405544, 0.086262
0.210142, 0.396351, 0.297390, 0.655573
0.210277, 0.699340, -0.106063, 0.730906
0.210427, 0.977786, -0.928476, 0.026573
0.210438, 0.827218, -0.638748, 0.314791
0.210656, 0.531725, 0.186320, 0.782270
0.210663, 0.638525, 0.032562, 0.791418
0.210695, 0.602796, 0.093581, 0.801263
0.210725, 0.883460, -0.811393, 0.168409
0.210789, 0.316304, 0.340074, 0.545641
0.210797, 0.445279, 0.265057, 0.711217
0.210822, 0.073716, 0.404100, 0.135682
0.210896, 0.734595, -0.218006, 0.656119
0.210977, 0.955214, -0.916610, 0.054403
0.211049, 0.482598, 0.234944, 0.746777
0.211103, 1.000000, -0.933502, 0.000000
0.211276, 0.188161, 0.384774, 0.339288
0.211451, 0.590706, 0.111962, 0.800104
0.211513, 0.468060, 0.247852, 0.733302
0.211742, 0.780147, -0.418983, 0.495631
0.212459, 0.282631, 0.356696, 0.494005
0.212788, 0.384421, 0.307893, 0.638924
0.212918, 0.000000, 0.411934, 0.000000
0.212958, 0.426827, 0.280761, 0.689582
0.212959, 0.023520, 0.411662, 0.043405
0.213023, 0.223950, 0.377897, 0.399372
0.213045, 0.059896, 0.409530, 0.110228
0.213062, 0.839739, -0.693658, 0.266694
0.213265, 0.328386, 0.338170, 0.562165
0.214604, 0.133775, 0.402408, 0.243531
0.214626, 0.746930, -0.275871, 0.606063
0.214657, 0.792747, -0.496504, 0.426482
0.214758, 0.098602, 0.408363, 0.180505
0.215358, 0.674865, -0.049685, 0.751085
0.215448, 0.211225, 0.385629, 0.377320
0.215512, 0.155712, 0.399677, 0.282058
0.215518, 0.852129, -0.740343, 0.225977
0.215792, 0.176635, 0.395385, 0.318355
0.216084, 0.295314, 0.357145, 0.512013
0.216198, 0.929096, -0.897759, 0.083834
0.216314, 0.111745, 0.409039, 0.203861
0.216319, 0.942812, -0.912872, 0.065601
0.216428, 0.372093, 0.319791, 0.620886
0.216508, 0.625490, 0.054080, 0.786154
0.216518, 0.415393, 0.292742, 0.674168
0.217082, 0.712254, -0.156695, 0.686485
0.217138, 0.967081, -0.931566, 0.036087
0.217189, 0.455659, 0.263416, 0.716637
0.217334, 0.915224, -0.880871, 0.102130
0.217337, 0.259127, 0.373199, 0.455152
0.217340, 0.084308, 0.414618, 0.154264
0.217391, 0.805524, -0.570265, 0.361896
0.217403, 0.613487, 0.075035, 0.788270
0.217473, 0.661571, -0.020928, 0.759854
0.217521, 0.578976, 0.129475, 0.790131
0.217573, 0.988929, -0.939767, 0.011880
0.217763, 0.122744, 0.409794, 0.223284
0.217789, 0.565349, 0.148325, 0.787161
0.217914, 0.864354, -0.780286, 0.191036
0.218375, 0.758488, -0.338694, 0.549679
0.218491, 0.436312, 0.279855, 0.695971
0.218499, 0.687914, -0.086976, 0.725544
0.219037, 0.725134, -0.204098, 0.650440
0.219164, 0.036041, 0.422075, 0.066131
0.219199, 0.198472, 0.395501, 0.354751
0.219235, 0.011346, 0.423153, 0.020833
0.219383, 0.358951, 0.331108, 0.601730
0.219561, 0.648651, 0.005949, 0.766305
0.219798, 0.308007, 0.357207, 0.529399
0.219857, 0.551139, 0.167648, 0.780083
0.219990, 0.901212, -0.862972, 0.118944
0.220037, 0.818264, -0.634941, 0.306116
0.220040, 0.404012, 0.304549, 0.658470
0.220180, 0.245168, 0.382597, 0.431620
0.220188, 0.346228, 0.339112, 0.584032
0.220600, 0.272443, 0.373329, 0.474881
0.220845, 0.876209, -0.815199, 0.159938
0.220878, 0.476817, 0.248629, 0.732826
0.220887, 0.770940, -0.410023, 0.487380
0.220914, 0.700609, -0.127462, 0.697090
0.221260, 0.501720, 0.224736, 0.751915
0.221278, 0.513898, 0.211945, 0.759989
0.221545, 0.636090, 0.030917, 0.770725
0.221588, 0.144104, 0.412674, 0.260445
0.221648, 0.526431, 0.198200, 0.766843
0.221671, 0.489646, 0.237086, 0.742555
0.221699, 0.592302, 0.109246, 0.784080
0.221852, 0.070034, 0.424162, 0.127852
0.221885, 0.539384, 0.182933, 0.772873
0.221977, 0.048986, 0.426508, 0.089645
0.222006, 0.889158, -0.844384, 0.134683
0.222081, 0.334930, 0.347641, 0.567344
0.222181, 0.233729, 0.389878, 0.412566
0.222527, 0.165676, 0.409623, 0.297860
0.222722, 0.830856, -0.690468, 0.258619
0.222806, 0.392472, 0.315464, 0.642743
0.222877, 0.320763, 0.355749, 0.546563
0.223263, 0.738264, -0.266298, 0.596813
0.223552, 0.956139, -0.932037, 0.044282
0.223803, 0.603994, 0.090043, 0.779233
0.223923, 0.783520, -0.488508, 0.417949
0.224111, 0.186335, 0.407107, 0.332856
0.224143, 0.978058, -0.943689, 0.021506
0.224269, 0.285733, 0.373644, 0.493937
0.224360, 0.464527, 0.262658, 0.718811
0.224753, 1.000000, -0.947995, 0.000000
0.224819, 0.220149, 0.398415, 0.389241
0.224917, 0.445912, 0.278874, 0.700754
0.225066, 0.380437, 0.325921, 0.626383
0.225097, 0.022549, 0.433249, 0.041191
0.225180, 0.424681, 0.295766, 0.678328
0.225503, 0.843541, -0.739057, 0.217269
0.225923, 0.105174, 0.426931, 0.190614
0.226131, 0.000000, 0.435558, 0.000000
0.226536, 0.092370, 0.429881, 0.167626
0.226609, 0.796324, -0.562734, 0.353981
0.227028, 0.131804, 0.424601, 0.237772
0.227379, 0.059506, 0.435266, 0.108326
0.227388, 0.668690, -0.048694, 0.727483
0.227412, 0.935024, -0.918299, 0.064329
0.227553, 0.922398, -0.904347, 0.078880
0.227702, 0.208605, 0.406786, 0.369277
0.227947, 0.558731, 0.159806, 0.771334
0.227961, 0.299142, 0.373386, 0.512576
0.227971, 0.680787, -0.081374, 0.709493
0.228103, 0.856065, -0.780310, 0.182366
0.228134, 0.749254, -0.330551, 0.537575
0.228149, 0.367195, 0.337952, 0.607493
0.228237, 0.252351, 0.392986, 0.440277
0.228290, 0.079792, 0.434622, 0.144833
0.228293, 0.617751, 0.063424, 0.766552
0.228334, 0.571505, 0.141208, 0.772976
0.228361, 0.909024, -0.887252, 0.094914
0.228716, 0.154394, 0.422878, 0.276919
0.228755, 0.946805, -0.930529, 0.050342
0.229212, 0.412847, 0.308988, 0.662239
0.229222, 0.655800, -0.018670, 0.737499
0.229334, 0.118771, 0.430869, 0.214295
0.229349, 0.717974, -0.202975, 0.630441
0.229373, 0.809166, -0.628725, 0.297989
0.229640, 0.263739, 0.390919, 0.457775
0.229699, 0.175258, 0.419515, 0.312564
0.230161, 0.583451, 0.122866, 0.770667
0.230379, 0.693389, -0.122276, 0.680984
0.230488, 0.628833, 0.040629, 0.756596
0.230527, 0.761870, -0.403034, 0.475242
0.230569, 0.966839, -0.945236, 0.029629
0.230586, 0.706758, -0.166366, 0.652653
0.230627, 0.729927, -0.253467, 0.591441
0.230818, 0.868433, -0.815917, 0.152127
0.230827, 0.032846, 0.443049, 0.059722
0.231097, 0.642659, 0.010221, 0.745258
0.231207, 0.353559, 0.350027, 0.587815
0.231223, 0.989431, -0.953105, 0.009128
0.231512, 0.196336, 0.416721, 0.347645
0.231558, 0.434682, 0.294678, 0.683893
0.231614, 0.455268, 0.277343, 0.703917
0.231954, 0.312830, 0.372764, 0.530681
0.232263, 0.821745, -0.685124, 0.250532
0.232272, 0.472720, 0.261805, 0.718547
0.232342, 0.228978, 0.407882, 0.401284
0.232364, 0.327736, 0.365816, 0.551761
0.232372, 0.011002, 0.446585, 0.019988
0.232473, 0.534093, 0.193876, 0.757170
0.232614, 0.881481, -0.846414, 0.126891
0.232664, 0.276089, 0.390577, 0.475643
0.232678, 0.483976, 0.250992, 0.727113
0.232703, 0.520574, 0.210633, 0.750581
0.232796, 0.508125, 0.225176, 0.743505
0.232893, 0.341403, 0.359226, 0.570559
0.232927, 0.401158, 0.321634, 0.646197
0.232974, 0.774060, -0.477651, 0.410642
0.233095, 0.496124, 0.238589, 0.735454
0.233099, 0.894905, -0.871641, 0.106482
0.233164, 0.547661, 0.176503, 0.761132
0.233183, 0.044376, 0.446696, 0.080477
0.233717, 0.595834, 0.101651, 0.763155
0.233996, 0.142403, 0.434600, 0.254956
0.234373, 0.241362, 0.407032, 0.420748
0.234841, 0.834582, -0.733994, 0.210347
0.234971, 0.389314, 0.332318, 0.630783
0.235312, 0.608558, 0.078071, 0.756600
0.235824, 0.787131, -0.554372, 0.345216
0.235976, 0.070123, 0.449264, 0.126610
0.235991, 0.288607, 0.390131, 0.493099
0.236230, 0.376685, 0.342300, 0.614431
0.236342, 0.164196, 0.433682, 0.292058
0.236898, 0.108780, 0.445587, 0.195306
0.237136, 0.096775, 0.447833, 0.174009
0.237395, 0.422606, 0.310444, 0.666591
0.237433, 0.979074, -0.955883, 0.016405
0.237553, 0.185025, 0.430162, 0.327030
0.237622, 0.739767, -0.319527, 0.527104
0.237934, 0.847557, -0.777832, 0.174040
0.238181, 0.561895, 0.156877, 0.756733
0.238401, 0.021661, 0.456993, 0.039155
0.238404, 0.955941, -0.946245, 0.034970
0.238404, 0.218138, 0.421456, 0.381659
0.238415, 0.444385, 0.293225, 0.687625
0.238506, 0.800001, -0.620699, 0.290008
0.238686, 0.129629, 0.445231, 0.231715
0.238767, 0.055646, 0.455513, 0.100351
0.238773, 1.000000, -0.960054, 0.000000
0.238813, 0.083850, 0.452859, 0.150882
0.238901, 0.917517, -0.911417, 0.070672
0.238952, 0.929982, -0.925378, 0.058008
0.238956, 0.675134, -0.082008, 0.686021
0.239037, 0.905172, -0.895146, 0.084230
0.239139, 0.662529, -0.047127, 0.703797
0.239192, 0.362550, 0.355069, 0.594611
0.239390, 0.300671, 0.389488, 0.509292
0.239399, 0.206665, 0.426627, 0.362398
0.239544, 0.464201, 0.276058, 0.704409
0.239562, 0.000000, 0.459422, 0.000000
0.239665, 0.942451, -0.937630, 0.045656
0.239812, 0.253236, 0.411039, 0.437375
0.240102, 0.753286, -0.397632, 0.460662
0.240181, 0.574672, 0.136878, 0.754259
0.240316, 0.687617, -0.122434, 0.659808
0.240467, 0.649148, -0.013939, 0.716367
0.240741, 0.860100, -0.814125, 0.144367
0.241018, 0.635161, 0.019135, 0.728503
0.241105, 0.726000, -0.268045, 0.558766
0.241265, 0.266036, 0.408032, 0.456592
0.241281, 0.621767, 0.048270, 0.737633
0.241294, 0.700543, -0.168431, 0.628558
0.241632, 0.812338, -0.677327, 0.242879
0.241639, 0.713739, -0.218986, 0.593271
0.241742, 0.152670, 0.445652, 0.271020
0.241785, 0.410763, 0.324453, 0.650395
0.242434, 0.322397, 0.382790, 0.538914
0.242750, 0.586727, 0.116204, 0.748687
0.242767, 0.527191, 0.206869, 0.740800
0.242890, 0.872815, -0.844777, 0.120016
0.242893, 0.118475, 0.454475, 0.211378
0.243029, 0.033311, 0.464760, 0.059964
0.243032, 0.968567, -0.956390, 0.022516
0.243055, 0.231233, 0.424426, 0.401240
0.243225, 0.764869, -0.472363, 0.395281
0.243295, 0.174159, 0.442807, 0.307182
0.243304, 0.335391, 0.376785, 0.556395
0.243392, 0.540569, 0.188874, 0.744560
0.243668, 0.310977, 0.390535, 0.522042
0.244008, 0.348845, 0.369803, 0.573957
0.244029, 0.885943, -0.870730, 0.100186
0.244062, 0.488481, 0.254237, 0.718144
0.244080, 0.513399, 0.225021, 0.732828
0.244103, 0.475940, 0.267771, 0.709119
0.244172, 0.195446, 0.438016, 0.342434
0.244183, 0.825366, -0.727176, 0.203003
0.244290, 0.777607, -0.540952, 0.340297
0.244311, 0.432583, 0.309224, 0.670977
0.244595, 0.501159, 0.240079, 0.725539
0.244598, 0.279071, 0.407399, 0.474924
0.245129, 0.454328, 0.290253, 0.690451
0.245301, 0.598849, 0.093182, 0.740645
0.245336, 0.990341, -0.964172, 0.006400
0.245499, 0.398649, 0.337858, 0.634061
0.245554, 0.553216, 0.171019, 0.744203
0.245975, 0.010806, 0.470702, 0.019415
0.246022, 0.140269, 0.455577, 0.248650
0.246213, 0.065751, 0.467718, 0.117753
0.246283, 0.373466, 0.356873, 0.603637
0.246352, 0.386727, 0.347664, 0.619646
0.246375, 0.610785, 0.068766, 0.733099
0.246566, 0.044622, 0.470217, 0.080012
0.246685, 0.838544, -0.770906, 0.168499
0.247405, 0.897429, -0.893452, 0.080967
0.247697, 0.791054, -0.612913, 0.280345
0.248173, 0.092351, 0.467825, 0.164637
0.248259, 0.104975, 0.466084, 0.186819
0.248325, 0.291376, 0.407153, 0.491419
0.248504, 0.745613, -0.391528, 0.447749
0.248508, 0.243545, 0.428450, 0.418712
0.249387, 0.077846, 0.471745, 0.138815
0.249648, 0.566554, 0.149894, 0.738424
0.249930, 0.421055, 0.324640, 0.654593
0.249942, 0.669169, -0.081746, 0.662185
0.250014, 0.162710, 0.457263, 0.286153
0.250077, 0.655936, -0.043427, 0.681999
0.250183, 0.910587, -0.914231, 0.063920
0.250192, 0.360055, 0.370679, 0.584320
0.250293, 0.923202, -0.928712, 0.052699
0.250404, 0.733512, -0.336092, 0.486782
0.250526, 0.851755, -0.811024, 0.135900
0.250533, 0.948354, -0.950597, 0.033084
0.250566, 0.681889, -0.123486, 0.636549
0.250617, 0.219368, 0.440717, 0.379413
0.250690, 0.207848, 0.444835, 0.360795
0.250854, 0.935700, -0.941107, 0.042084
0.250855, 0.980774, -0.965905, 0.011538
0.250989, 0.256932, 0.426845, 0.438505
0.251010, 0.642497, -0.008432, 0.696324
0.251065, 0.802553, -0.667516, 0.235005
0.251132, 0.184769, 0.452943, 0.322792
0.251311, 0.442426, 0.306984, 0.673913
0.251359, 0.022110, 0.479824, 0.039526
0.251756, 0.959725, -0.958303, 0.024671
0.251757, 0.127824, 0.468051, 0.225990
0.252031, 0.629415, 0.022985, 0.706917
0.252128, 0.707369, -0.221864, 0.568031
0.252235, 0.694447, -0.171478, 0.602293
0.252542, 0.055382, 0.479747, 0.098719
0.252542, 0.579123, 0.127670, 0.732018
0.252570, 0.465881, 0.284686, 0.692466
0.252648, 0.269934, 0.423610, 0.457484
0.252820, 0.720925, -0.283208, 0.521730
0.252847, 0.302140, 0.408264, 0.504682
0.252979, 0.520459, 0.220021, 0.724353
0.253155, 0.000000, 0.483461, 0.000000
0.253202, 0.815843, -0.717727, 0.196497
0.253211, 0.864233, -0.842213, 0.111727
0.253484, 1.000000, -0.969842, 0.000000
0.253588, 0.533603, 0.201703, 0.727829
0.253734, 0.231567, 0.441247, 0.397778
0.253895, 0.327078, 0.395970, 0.538879
0.254003, 0.408738, 0.339208, 0.638342
0.254136, 0.756435, -0.473081, 0.372776
0.254345, 0.150938, 0.467354, 0.265058
0.254471, 0.877620, -0.869096, 0.092533
0.254482, 0.314967, 0.403676, 0.521901
0.254565, 0.115153, 0.475114, 0.203464
0.254618, 0.339525, 0.389463, 0.555102
0.254653, 0.480036, 0.270701, 0.700411
0.254735, 0.769141, -0.539235, 0.321481
0.254988, 0.617709, 0.047904, 0.709412
0.255088, 0.781965, -0.598037, 0.277772
0.255181, 0.493223, 0.255652, 0.708094
0.255402, 0.591400, 0.103608, 0.723091
0.255452, 0.546172, 0.183113, 0.727586
0.255647, 0.970979, -0.965713, 0.015928
0.255686, 0.033681, 0.486982, 0.059967
0.255798, 0.829394, -0.763418, 0.161301
0.255942, 0.196923, 0.456847, 0.341201
0.255981, 0.173438, 0.464112, 0.302472
0.256106, 0.506193, 0.240293, 0.713919
0.256458, 0.383382, 0.361883, 0.608190
0.256463, 0.452970, 0.301116, 0.677965
0.256634, 0.371081, 0.371084, 0.593468
0.256932, 0.282983, 0.423888, 0.474911
0.256990, 0.603979, 0.077154, 0.713949
0.257095, 0.890242, -0.892825, 0.074343
0.257444, 0.432031, 0.322178, 0.658583
0.257752, 0.350655, 0.386452, 0.567474
0.257755, 0.138233, 0.475876, 0.242546
0.257779, 0.087993, 0.485047, 0.155609
0.257973, 0.396406, 0.353500, 0.621814
0.258043, 0.558661, 0.162977, 0.724180
0.258280, 0.067740, 0.488609, 0.120023
0.258341, 0.842504, -0.801710, 0.132403
0.259411, 0.011069, 0.494300, 0.019652
0.259635, 0.742580, -0.421438, 0.400405
0.259684, 0.100945, 0.486426, 0.177916
0.259756, 0.902937, -0.913030, 0.058973
0.260101, 0.045062, 0.493836, 0.079848
0.260207, 0.662537, -0.078195, 0.640952
0.260411, 0.990330, -0.972899, 0.004612
0.260686, 0.249513, 0.444828, 0.422921
0.261019, 0.675974, -0.124405, 0.612104
0.261142, 0.649682, -0.040806, 0.658626
0.261328, 0.792317, -0.657409, 0.224410
0.261465, 0.916212, -0.930114, 0.046540
0.261843, 0.928828, -0.942837, 0.037473
0.261886, 0.571395, 0.139790, 0.715922
0.261901, 0.419973, 0.337492, 0.642911
0.261944, 0.805932, -0.705695, 0.190695
0.262138, 0.237779, 0.452115, 0.404344
0.262248, 0.941927, -0.953649, 0.029094
0.262276, 0.293240, 0.426447, 0.487074
0.262405, 0.210679, 0.462841, 0.361432
0.262438, 0.636972, -0.006957, 0.671815
0.262476, 0.262275, 0.441896, 0.441500
0.262489, 0.714323, -0.284959, 0.498274
0.262731, 0.223358, 0.458533, 0.381363
0.262766, 0.687674, -0.171264, 0.578154
0.262981, 0.729251, -0.363441, 0.437734
0.262991, 0.515211, 0.230725, 0.708227
0.263123, 0.954358, -0.962174, 0.021634
0.263180, 0.361849, 0.385586, 0.577658
0.263391, 0.701388, -0.228702, 0.537270
0.263500, 0.471662, 0.286244, 0.684521
0.263555, 0.855504, -0.838243, 0.102638
0.263569, 0.161173, 0.480088, 0.279912
0.263851, 0.078727, 0.496754, 0.138596
0.263946, 0.185797, 0.473565, 0.320553
0.264035, 0.274800, 0.438252, 0.459342
0.264123, 0.527425, 0.213315, 0.710350
0.264267, 0.022484, 0.502359, 0.039730
0.264290, 0.820009, -0.753168, 0.155538
0.264304, 0.124856, 0.489776, 0.218255
0.264342, 0.305895, 0.422464, 0.503755
0.264487, 0.869549, -0.866251, 0.084269
0.264676, 0.458871, 0.301275, 0.673991
0.264707, 0.624691, 0.022630, 0.679277
0.264771, 0.443505, 0.317599, 0.661600
0.265028, 0.979905, -0.973162, 0.008678
0.265037, 0.583813, 0.114830, 0.706168
0.265120, 0.777803, -0.611868, 0.248826
0.265131, 0.112084, 0.493817, 0.196258
0.265313, 0.057308, 0.501721, 0.100960
0.265376, 0.318621, 0.416534, 0.520636
0.265483, 0.330781, 0.409238, 0.536794
0.265523, 0.965944, -0.969014, 0.014693
0.265594, 0.485147, 0.271416, 0.690489
0.265620, 0.539229, 0.195276, 0.710234
0.265889, 0.764536, -0.557183, 0.286052
0.265916, 0.408205, 0.351986, 0.627557
0.266053, 0.611324, 0.054448, 0.688095
0.266291, 0.752599, -0.501189, 0.326155
0.266342, 0.148667, 0.487961, 0.258256
0.266372, 0.198866, 0.473170, 0.340978
0.266555, 0.497690, 0.255962, 0.695903
0.266581, 0.882970, -0.890859, 0.067198
0.266673, 0.000000, 0.507109, 0.000000
0.266850, 0.173471, 0.482061, 0.299437
0.267299, 0.375229, 0.380591, 0.590477
0.267364, 0.387243, 0.371207, 0.603998
0.267374, 0.597090, 0.086078, 0.694953
0.267532, 0.342397, 0.404362, 0.550469
0.267717, 0.551460, 0.175066, 0.707409
0.267774, 0.832940, -0.793361, 0.124712
0.268457, 1.000000, -0.976885, 0.000000
0.268476, 0.034246, 0.509165, 0.060262
0.268583, 0.136161, 0.494612, 0.236605
0.269257, 0.091732, 0.504355, 0.160464
0.269445, 0.430741, 0.334295, 0.645778
0.269669, 0.895696, -0.911653, 0.052133
0.269983, 0.844367, -0.822942, 0.103610
0.270196, 0.669511, -0.120525, 0.592725
0.270810, 0.563281, 0.153396, 0.700586
0.271002, 0.739310, -0.450931, 0.352596
0.271224, 0.507974, 0.244026, 0.693860
0.271385, 0.353724, 0.401370, 0.561907
0.271411, 0.069305, 0.511003, 0.121289
0.271519, 0.909004, -0.929049, 0.040749
0.271549, 0.398518, 0.366279, 0.612612
0.271571, 0.657055, -0.080250, 0.613322
0.271574, 0.721000, -0.353638, 0.424835
0.271763, 0.284091, 0.444940, 0.469103
0.272090, 0.797948, -0.702216, 0.175529
0.272326, 0.811422, -0.743726, 0.148682
0.272497, 0.256496, 0.459571, 0.428217
0.272684, 0.243905, 0.465701, 0.409295
0.272701, 0.046874, 0.515390, 0.082073
0.272722, 0.693701, -0.222605, 0.519261
0.272758, 0.230680, 0.471276, 0.388846
0.272810, 0.011280, 0.517564, 0.019777
0.272861, 0.934651, -0.953883, 0.025221
0.272878, 0.644948, -0.044201, 0.629825
0.273198, 0.921903, -0.943281, 0.031421
0.273254, 0.103512, 0.509170, 0.180081
0.273765, 0.269862, 0.455048, 0.447404
0.273822, 0.217673, 0.478219, 0.368245
0.273823, 0.785488, -0.664066, 0.197165
0.273978, 0.948532, -0.963852, 0.018230
0.274084, 0.297027, 0.441078, 0.486001
0.274205, 0.418443, 0.350627, 0.629855
0.274238, 0.862273, -0.863581, 0.074717
0.274336, 0.708513, -0.298294, 0.460068
0.274373, 0.451809, 0.316365, 0.657841
0.274473, 0.680408, -0.171652, 0.550110
0.274561, 0.520417, 0.226365, 0.692526
0.274589, 0.632867, -0.011090, 0.642180
0.274759, 0.465101, 0.301277, 0.666800
0.274786, 0.574317, 0.130671, 0.689607
0.274863, 0.366078, 0.396387, 0.574035
0.274880, 0.477177, 0.286692, 0.674161
0.275342, 0.974238, -0.975599, 0.008183
0.275446, 0.988686, -0.978609, 0.003543
0.275697, 0.205998, 0.485644, 0.349186
0.275708, 0.309844, 0.435772, 0.502561
0.275902, 0.116943, 0.511213, 0.202521
0.275924, 0.876188, -0.888639, 0.058940
0.276016, 0.619980, 0.022770, 0.653877
0.276075, 0.825055, -0.786690, 0.116261
0.276144, 0.192493, 0.491062, 0.327444
0.276192, 0.772458, -0.621778, 0.220653
0.276391, 0.531965, 0.208182, 0.691513
0.276424, 0.960622, -0.971127, 0.012333
0.276455, 0.166700, 0.499731, 0.285478
0.276498, 0.180387, 0.495746, 0.307865
0.276539, 0.322418, 0.429067, 0.518784
0.276582, 0.154842, 0.503344, 0.265922
0.276635, 0.082064, 0.518179, 0.142671
0.276744, 0.586023, 0.105134, 0.680109
0.276957, 0.607485, 0.054135, 0.663928
0.276962, 0.023043, 0.524275, 0.040230
0.277362, 0.490068, 0.271159, 0.677660
0.277385, 0.544201, 0.187363, 0.690309
0.277554, 0.439966, 0.331662, 0.645144
0.277703, 0.128765, 0.511556, 0.222074
0.277860, 0.334415, 0.422867, 0.533379
0.277992, 0.748755, -0.525006, 0.283370
0.278127, 0.059224, 0.523507, 0.103056
0.278157, 0.850816, -0.846263, 0.079341
0.278199, 0.730828, -0.434670, 0.348009
0.278221, 0.760011, -0.576974, 0.246622
0.278545, 0.142362, 0.509853, 0.244696
0.278710, 0.378662, 0.390716, 0.585192
0.279320, 0.389563, 0.382119, 0.596367
0.279358, 0.596499, 0.079192, 0.667035
0.279421, 0.888342, -0.908972, 0.044703
0.279695, 0.407336, 0.366414, 0.614071
0.280182, 0.000000, 0.530476, 0.000000
0.280342, 0.556646, 0.164054, 0.683337
0.280387, 0.500762, 0.257488, 0.677829
0.280463, 0.036530, 0.529458, 0.063533
0.280499, 0.346290, 0.417823, 0.546264
0.280691, 0.666743, -0.133080, 0.559729
0.281307, 0.902113, -0.927153, 0.034084
0.281326, 0.837179, -0.822025, 0.088208
0.281922, 0.094733, 0.525367, 0.163618
0.282140, 0.428111, 0.347973, 0.630443
0.282149, 0.699607, -0.281560, 0.452969
0.282638, 0.803852, -0.740587, 0.133187
0.282735, 1.000000, -0.981187, 0.000000
0.282819, 0.940993, -0.962468, 0.015586
0.283219, 0.653823, -0.091509, 0.578854
0.283327, 0.250430, 0.478612, 0.414182
0.283341, 0.277273, 0.464994, 0.453106
0.283381, 0.815634, -0.773739, 0.112219
0.283424, 0.237129, 0.484768, 0.394137
0.283480, 0.263615, 0.472312, 0.433403
0.283550, 0.719551, -0.394914, 0.364824
0.283725, 0.072198, 0.531569, 0.124789
0.283761, 0.513304, 0.239486, 0.676382
0.283848, 0.914873, -0.941863, 0.024995
0.283910, 0.289260, 0.459124, 0.469607
0.283978, 0.358654, 0.412703, 0.558387
0.284157, 0.791564, -0.706873, 0.150722
0.284398, 0.224401, 0.491784, 0.374378
0.284468, 0.687424, -0.229725, 0.484950
0.284502, 0.869416, -0.885016, 0.051036
0.284740, 0.641426, -0.052583, 0.597069
0.284768, 0.927867, -0.953658, 0.019074
0.285073, 0.108092, 0.528208, 0.185707
0.285134, 0.566735, 0.142057, 0.670482
0.285329, 0.049089, 0.536746, 0.084881
0.285345, 0.459184, 0.315282, 0.649977
0.285666, 0.980198, -0.979804, 0.004056
0.285707, 0.628002, -0.012115, 0.615450
0.285825, 0.740534, -0.513548, 0.273637
0.285962, 0.301974, 0.454414, 0.485763
0.286165, 0.011905, 0.540037, 0.020589
0.286201, 0.482221, 0.285760, 0.661709
0.286491, 0.470512, 0.301627, 0.655307
0.286550, 0.212505, 0.500110, 0.355253
0.286590, 0.397255, 0.382570, 0.597722
0.286597, 0.778955, -0.670897, 0.168326
0.286874, 0.370890, 0.406132, 0.569861
0.286915, 0.967941, -0.976814, 0.006408
0.286948, 0.199918, 0.505501, 0.335400
0.287182, 0.448557, 0.329280, 0.640667
0.287198, 0.173786, 0.514889, 0.293719
0.287259, 0.314439, 0.448237, 0.501416
0.287277, 0.953774, -0.971113, 0.009424
0.287303, 0.578730, 0.114931, 0.659935
0.287324, 0.524442, 0.221632, 0.672134
0.287462, 0.416809, 0.364258, 0.615149
0.287517, 0.187047, 0.511127, 0.314914
0.287539, 0.614666, 0.024119, 0.627688
0.287589, 0.675759, -0.186711, 0.507195
0.287643, 0.858212, -0.869081, 0.055103
0.287750, 0.536925, 0.199830, 0.671669
0.287981, 0.160632, 0.520291, 0.272231
0.288067, 0.121352, 0.530601, 0.207417
0.288121, 0.026592, 0.542871, 0.045911
0.288122, 0.766830, -0.631056, 0.190697
0.288128, 0.709436, -0.357862, 0.381177
0.288312, 0.326338, 0.441611, 0.515975
0.288815, 0.549608, 0.175852, 0.667957
0.288820, 0.826161, -0.806602, 0.085388
0.288896, 0.134551, 0.528765, 0.229140
0.288940, 0.147892, 0.525530, 0.251174
0.289358, 0.085324, 0.539162, 0.146393
0.289611, 0.880722, -0.905254, 0.036057
0.289703, 0.602651, 0.054447, 0.634984
0.290083, 0.590144, 0.086123, 0.645409
0.290200, 0.338723, 0.435145, 0.529971
0.290325, 0.894757, -0.923369, 0.027664
0.290405, 0.061929, 0.544061, 0.106418
0.290413, 0.752766, -0.582343, 0.217134
0.290492, 0.846224, -0.849838, 0.060998
0.290544, 0.437365, 0.344572, 0.628592
0.290745, 0.989873, -0.982254, 0.001604
0.290937, 0.384388, 0.398739, 0.580744
0.291290, 0.494269, 0.270606, 0.659287
0.291832, 0.729975, -0.483296, 0.281026
0.291941, 0.506232, 0.252198, 0.661514
0.292210, 0.662964, -0.145563, 0.523012
0.292685, 0.350959, 0.428810, 0.542594
0.293035, 0.038982, 0.550576, 0.066923
0.293234, 0.940603, -0.965268, 0.009099
0.293531, 0.000000, 0.552494, 0.000000
0.293590, 0.406169, 0.380514, 0.599362
0.293652, 0.257402, 0.490210, 0.419253
0.293669, 0.243808, 0.496894, 0.399352
0.293688, 0.800743, -0.750253, 0.108075
0.293730, 0.696826, -0.310617, 0.402080
0.293759, 0.098949, 0.544421, 0.168707
0.294115, 0.270557, 0.483855, 0.437728
0.294175, 0.812777, -0.782329, 0.089282
0.294261, 0.906840, -0.938210, 0.018315
0.294872, 0.230676, 0.504813, 0.379300
0.295090, 0.650067, -0.102002, 0.543156
0.295165, 0.636073, -0.053046, 0.571133
0.295360, 0.426176, 0.360850, 0.614508
0.295432, 0.558867, 0.154351, 0.651369
0.295522, 0.835273, -0.833415, 0.061638
0.295586, 0.282726, 0.479003, 0.453822
0.295646, 0.787026, -0.714447, 0.124860
0.295723, 0.075280, 0.551397, 0.128481
0.295779, 0.294370, 0.472211, 0.469457
0.296187, 0.018750, 0.556879, 0.032101
0.296198, 0.868656, -0.892120, 0.033982
0.296206, 0.929725, -0.958452, 0.009889
0.296379, 0.918269, -0.949454, 0.012766
0.296551, 0.622309, -0.010507, 0.589941
0.296771, 0.112909, 0.546620, 0.191448
0.296780, 0.719490, -0.448047, 0.293905
0.296794, 0.362869, 0.423745, 0.552689
0.296991, 0.685073, -0.261026, 0.430378
0.297047, 0.963436, -0.976949, 0.003595
0.297123, 0.483242, 0.288774, 0.646434
0.297227, 0.459739, 0.321571, 0.635111
0.297422, 0.471715, 0.305557, 0.641097
0.297474, 0.219154, 0.513977, 0.360893
0.297491, 0.571427, 0.125388, 0.640407
0.297514, 1.000000, -0.983558, 0.000000
0.297778, 0.051223, 0.557505, 0.087413
0.297896, 0.374732, 0.414574, 0.564383
0.297906, 0.307453, 0.466679, 0.485366
0.297947, 0.517224, 0.234372, 0.652958
0.298034, 0.180999, 0.529647, 0.301625
0.298193, 0.530446, 0.210668, 0.652464
0.298233, 0.194339, 0.525235, 0.322510
0.298259, 0.762544, -0.639652, 0.164054
0.298309, 0.544016, 0.184480, 0.650118
0.298313, 0.167628, 0.534609, 0.280325
0.298354, 0.207057, 0.520406, 0.342089
0.298409, 0.741101, -0.556029, 0.216902
0.298446, 0.977311, -0.981233, 0.001755
0.299100, 0.448010, 0.337682, 0.625656
0.299111, 0.393874, 0.397840, 0.582346
0.299335, 0.154025, 0.540533, 0.258226
0.299349, 0.888692, -0.920355, 0.019759
0.299475, 0.126974, 0.548057, 0.214139
0.299603, 0.330993, 0.452237, 0.513618
0.299619, 0.318801, 0.461078, 0.498603
0.299661, 0.949742, -0.971366, 0.004228
0.299752, 0.856429, -0.875330, 0.036718
0.299771, 0.608681, 0.026158, 0.599306
0.299894, 0.707100, -0.393289, 0.325387
0.299975, 0.140223, 0.545401, 0.235654
0.300015, 0.774693, -0.684694, 0.133553
0.300275, 0.674027, -0.217359, 0.453332
0.300334, 0.583271, 0.094633, 0.624818
0.301015, 0.822739, -0.813016, 0.062819
0.301104, 0.415549, 0.377126, 0.599549
0.301221, 0.009071, 0.565351, 0.015470
0.301263, 0.596228, 0.059616, 0.609866
0.301413, 0.089266, 0.558378, 0.151085
0.301457, 0.029925, 0.565263, 0.050929
0.302256, 0.344069, 0.445336, 0.527067
0.302341, 0.504007, 0.257431, 0.643804
0.302361, 0.063534, 0.563794, 0.107758
0.303103, 0.436241, 0.354854, 0.612894
0.303420, 0.878006, -0.908835, 0.019436
0.303490, 0.250842, 0.507612, 0.404675
0.303518, 0.797100, -0.755136, 0.087567
0.303541, 0.662556, -0.174356, 0.474579
0.303687, 0.845012, -0.858709, 0.038487
0.303825, 0.900168, -0.934699, 0.010850
0.304001, 0.752135, -0.615131, 0.166977
0.304396, 0.237219, 0.515722, 0.384486
0.304536, 0.492390, 0.276825, 0.637798
0.304536, 0.263855, 0.502173, 0.422584
0.304586, 0.989065, -0.983344, 0.000191
0.304945, 0.104046, 0.561962, 0.175120
0.305053, 0.383212, 0.413891, 0.566335
0.305374, 0.355557, 0.439346, 0.537362
0.305449, 0.729806, -0.528039, 0.219097
0.305535, 0.641644, -0.092786, 0.521775
0.305638, 0.809665, -0.789072, 0.066633
0.305846, 0.694457, -0.346653, 0.343889
0.306061, 0.403722, 0.394043, 0.584119
0.306127, 0.041369, 0.572307, 0.070004
0.306133, 0.629396, -0.049443, 0.545426
0.306327, 0.937500, -0.965447, 0.001800
0.306339, 0.552277, 0.163886, 0.629942
0.306352, 0.276240, 0.497551, 0.438617
0.306541, 0.300014, 0.482718, 0.469956
0.307009, 0.075593, 0.569798, 0.127366
0.307191, 0.652378, -0.140333, 0.487425
0.307437, 0.616236, -0.007545, 0.564398
0.307571, 0.564873, 0.134314, 0.620275
0.307780, 0.957456, -0.975458, -0.000065
0.307795, 0.785496, -0.730100, 0.092993
0.307842, 0.925178, -0.957301, 0.002435
0.307964, 0.118306, 0.563813, 0.197937
0.308158, 0.288355, 0.492388, 0.453652
0.308197, 0.538151, 0.193443, 0.631028
0.308222, 0.833158, -0.840637, 0.039362
0.308322, 0.479491, 0.298178, 0.628017
0.308325, 0.911913, -0.946814, 0.004109
0.308382, 0.000000, 0.577595, 0.000000
0.308429, 0.225861, 0.527233, 0.365982
0.308437, 0.716743, -0.476597, 0.245770
0.308570, 0.866360, -0.895474, 0.017875
0.308604, 0.175119, 0.548214, 0.288724
0.308641, 0.425675, 0.371321, 0.598701
0.308777, 0.369786, 0.430288, 0.549424
0.308778, 0.467146, 0.316747, 0.622614
0.308831, 0.525043, 0.219535, 0.632379
0.308843, 0.188461, 0.543706, 0.309354
0.308986, 0.969151, -0.979511, -0.000547
0.309070, 0.161331, 0.553664, 0.266910
0.309221, 0.019762, 0.578818, 0.033366
0.309410, 0.201689, 0.539416, 0.329406
0.309829, 0.764021, -0.669016, 0.122465
0.309869, 0.147060, 0.559280, 0.243946
0.310069, 0.214459, 0.534977, 0.348359
0.310101, 0.455889, 0.333273, 0.615433
0.310138, 0.684003, -0.305290, 0.363010
0.310318, 0.336156, 0.460912, 0.511430
0.310492, 0.053106, 0.578442, 0.089341
0.310511, 0.513014, 0.242023, 0.629909
0.310674, 0.576415, 0.103042, 0.603502
0.310806, 0.324038, 0.470957, 0.496833
0.311093, 0.132690, 0.565161, 0.220505
0.311301, 0.889012, -0.924946, 0.006194
0.311340, 0.704159, -0.422728, 0.275170
0.311401, 0.742562, -0.596718, 0.161995
0.311485, 0.312031, 0.480700, 0.481766
0.311520, 0.445371, 0.348450, 0.607842
0.311701, 0.589414, 0.066904, 0.587640
0.311800, 1.000000, -0.983825, 0.000000
0.312197, 0.602678, 0.028138, 0.569756
0.312311, 0.085725, 0.576963, 0.143411
0.312554, 0.854949, -0.880653, 0.017886
0.312788, 0.672506, -0.252733, 0.394369
0.312876, 0.392433, 0.411872, 0.567033
0.313081, 0.979954, -0.981922, -0.001156
0.313128, 0.821146, -0.821310, 0.039698
0.313367, 0.946117, -0.970481, -0.002293
0.313411, 0.243997, 0.525272, 0.389717
0.313662, 0.414199, 0.388540, 0.584169
0.313779, 0.775323, -0.710370, 0.092005
0.313875, 0.097125, 0.577521, 0.161898
0.314065, 0.798307, -0.771855, 0.060007
0.314287, 0.500417, 0.264715, 0.622483
0.314537, 0.031108, 0.586992, 0.052174
0.314719, 0.256296, 0.520492, 0.406317
0.314871, 0.064938, 0.584224, 0.108571
0.315342, 0.359521, 0.446460, 0.532778
0.315757, 0.009950, 0.589718, 0.016684
0.315814, 0.346788, 0.458292, 0.518854
0.316004, 0.877027, -0.912252, 0.004401
0.316300, 0.900481, -0.937728, -0.001097
0.316350, 0.843427, -0.864354, 0.018415
0.316452, 0.661223, -0.207741, 0.416790
0.316538, 0.268175, 0.516133, 0.421571
0.316654, 0.487753, 0.286868, 0.616619
0.316693, 0.637747, -0.103534, 0.485802
0.316736, 0.435883, 0.363899, 0.595314
0.316905, 0.624826, -0.054607, 0.514514
0.316997, 0.380442, 0.427957, 0.551806
0.317285, 0.109482, 0.580800, 0.181443
0.317292, 0.546051, 0.172581, 0.607839
0.317412, 0.300669, 0.496125, 0.463362
0.317434, 0.753384, -0.648508, 0.118296
0.317602, 0.733876, -0.578212, 0.158953
0.317681, 0.558719, 0.142324, 0.599408
0.317924, 0.722216, -0.531376, 0.187152
0.317936, 0.810076, -0.802421, 0.039887
0.317969, 0.233472, 0.537266, 0.372393
0.318349, 0.921382, -0.955394, -0.004817
0.318382, 0.612943, -0.015423, 0.532221
0.318404, 0.402638, 0.405478, 0.569658
0.318493, 0.648836, -0.155407, 0.447418
0.318972, 0.042697, 0.593414, 0.071189
0.318987, 0.169484, 0.566297, 0.276350
0.319005, 0.958145, -0.975548, -0.004353
0.319008, 0.279605, 0.512334, 0.435266
0.319165, 0.533215, 0.200131, 0.608945
0.319297, 0.474198, 0.309663, 0.609006
0.319408, 0.990222, -0.982758, -0.001132
0.319468, 0.182614, 0.562172, 0.296350
0.319513, 0.933671, -0.963663, -0.005709
0.319556, 0.694498, -0.403332, 0.266918
0.319579, 0.155838, 0.571802, 0.254881
0.319620, 0.121649, 0.581452, 0.200522
0.319860, 0.195776, 0.557493, 0.316137
0.319917, 0.787394, -0.751686, 0.059138
0.320304, 0.076270, 0.591556, 0.126559
0.320420, 0.709205, -0.480577, 0.213235
0.320625, 0.290124, 0.507473, 0.447804
0.320750, 0.209192, 0.553105, 0.335778
0.320826, 0.333455, 0.475087, 0.499796
0.320851, 0.831786, -0.847181, 0.017695
0.320852, 0.521182, 0.224769, 0.608631
0.320924, 0.142911, 0.577751, 0.234081
0.320987, 0.461392, 0.329993, 0.601993
0.321100, 0.865353, -0.899042, 0.001608
0.321245, 0.424958, 0.380754, 0.582521
0.321416, 0.569412, 0.111524, 0.580797
0.321974, 0.368963, 0.444146, 0.535976
0.322131, 0.969762, -0.978868, -0.004079
0.322156, 0.582082, 0.075637, 0.565458
0.322174, 0.222524, 0.548884, 0.354590
0.322279, 0.320945, 0.486893, 0.484282
0.322294, 0.765672, -0.695703, 0.082333
0.322300, 0.682139, -0.344957, 0.301481
0.322457, 0.910683, -0.947322, -0.007408
0.322620, 0.000000, 0.601253, 0.000000
0.322627, 0.020842, 0.600970, 0.034646
0.322891, 0.509032, 0.248526, 0.606301
0.322902, 0.594930, 0.036096, 0.546304
0.323050, 0.887924, -0.926243, -0.005856
0.323150, 0.054501, 0.599053, 0.090330
0.323211, 0.448693, 0.349520, 0.593191
0.324051, 0.246988, 0.538691, 0.388247
0.324124, 0.088699, 0.595698, 0.146268
0.324155, 0.132524, 0.585823, 0.216730
0.325132, 0.853673, -0.884301, 0.000260
0.325261, 0.946083, -0.969879, -0.007902
0.325267, 0.309474, 0.499332, 0.468430
0.325455, 0.669935, -0.288136, 0.333849
0.325745, 0.799327, -0.786436, 0.032679
0.325882, 0.496157, 0.272752, 0.600996
0.325899, 0.355375, 0.461112, 0.518742
0.325958, 0.390625, 0.425161, 0.551311
0.326078, 0.413826, 0.397910, 0.568911
0.326083, 0.743440, -0.631993, 0.108651
0.326162, 0.820894, -0.830927, 0.014870
0.326417, 0.259799, 0.534484, 0.404365
0.326493, 0.606156, -0.005953, 0.516230
0.326505, 0.631734, -0.103214, 0.459528
0.326597, 0.100976, 0.597271, 0.165649
0.326671, 1.000000, -0.982107, 0.000000
0.326821, 0.777891, -0.735809, 0.053531
0.327515, 0.980432, -0.980338, -0.003589
0.327539, 0.032226, 0.608260, 0.053216
0.327665, 0.066453, 0.604809, 0.109405
0.327751, 0.553616, 0.147707, 0.577353
0.328042, 0.343196, 0.474549, 0.504182
0.328045, 0.483121, 0.296346, 0.596069
0.328105, 0.657080, -0.226969, 0.370887
0.328499, 0.436437, 0.369571, 0.579526
0.328639, 0.729714, -0.588509, 0.127257
0.328653, 0.876061, -0.914030, -0.010011
0.328822, 0.841753, -0.867855, -0.000274
0.328873, 0.898314, -0.936908, -0.012330
0.328954, 0.272165, 0.530143, 0.419171
0.329068, 0.619769, -0.060099, 0.479175
0.329117, 0.541415, 0.176738, 0.582151
0.329121, 0.236220, 0.551656, 0.370504
0.329322, 0.163693, 0.584059, 0.263786
0.329356, 0.716501, -0.538527, 0.155258
0.329394, 0.378337, 0.441360, 0.537016
0.329557, 0.402360, 0.414417, 0.556409
0.329681, 0.644046, -0.166303, 0.409482
0.329710, 0.010591, 0.612725, 0.017461
0.329917, 0.702221, -0.478315, 0.190878
0.330029, 0.756049, -0.679167, 0.074851
0.330128, 0.922605, -0.956082, -0.012826
0.330191, 0.176433, 0.580759, 0.282879
0.330287, 0.810664, -0.813834, 0.014375
0.330331, 0.297459, 0.514452, 0.450153
0.330442, 0.113058, 0.600911, 0.184196
0.330618, 0.189237, 0.576232, 0.301900
0.330714, 0.958656, -0.974254, -0.008404
0.330756, 0.470315, 0.318555, 0.589002
0.330919, 0.150190, 0.590906, 0.242397
0.330972, 0.202024, 0.571162, 0.320616
0.331181, 0.529833, 0.202415, 0.583129
0.331632, 0.043998, 0.613928, 0.072232
0.332008, 0.330710, 0.489776, 0.487239
0.332245, 0.935153, -0.963472, -0.012638
0.332266, 0.215119, 0.566952, 0.339008
0.332381, 0.284625, 0.526133, 0.432798
0.332394, 0.690069, -0.427646, 0.217300
0.332674, 0.790143, -0.772251, 0.026119
0.332677, 0.079011, 0.611157, 0.129087
0.332696, 0.517509, 0.229033, 0.584301
0.332739, 0.124266, 0.601390, 0.201353
0.332747, 0.563257, 0.117281, 0.555361
0.332895, 0.457933, 0.339264, 0.582060
0.333061, 0.575485, 0.081875, 0.540759
0.333383, 0.364852, 0.459068, 0.520591
0.333447, 0.424230, 0.389086, 0.565968
0.333645, 0.864521, -0.901152, -0.013880
0.333677, 0.587880, 0.042799, 0.521794
0.334062, 0.829605, -0.850580, -0.003258
0.334311, 0.990254, -0.980106, -0.002349
0.334533, 0.908669, -0.945572, -0.016784
0.334646, 0.318660, 0.502942, 0.471660
0.334688, 0.504896, 0.254861, 0.582997
0.334690, 0.768721, -0.721603, 0.044425
0.334739, 0.678240, -0.373670, 0.247554
0.334922, 0.249618, 0.552070, 0.385635
0.334993, 0.138638, 0.601047, 0.223279
0.335515, 0.227383, 0.565223, 0.354718
0.335570, 0.886591, -0.925991, -0.018204
0.335592, 0.056436, 0.618917, 0.092094
0.335631, 0.970114, -0.976564, -0.007373
0.335810, 0.091513, 0.613762, 0.148627
0.336090, 0.021788, 0.622844, 0.035620
0.336185, 0.599377, 0.000205, 0.493887
0.336220, 0.446448, 0.358379, 0.572754
0.336431, 0.000000, 0.623840, 0.000000
0.336922, 0.632884, -0.135839, 0.409705
0.337219, 0.491799, 0.280495, 0.579318
0.337353, 0.665524, -0.312043, 0.283274
0.337363, 0.852869, -0.886823, -0.016191
0.337442, 0.947840, -0.968757, -0.013005
0.337504, 0.352076, 0.475795, 0.504291
0.337907, 0.736722, -0.631514, 0.082510
0.338143, 0.261875, 0.548728, 0.399877
0.338282, 0.611458, -0.048511, 0.460992
0.338288, 0.802719, -0.803872, 0.004012
0.338295, 0.307039, 0.516583, 0.455441
0.338462, 0.411784, 0.408739, 0.551772
0.338587, 0.386300, 0.440178, 0.533428
0.338934, 0.397847, 0.426698, 0.541725
0.339070, 0.549536, 0.148888, 0.550693
0.339134, 0.748197, -0.669789, 0.060044
0.339249, 0.104047, 0.616629, 0.167839
0.339335, 0.723144, -0.587580, 0.102792
0.339473, 0.652705, -0.246482, 0.324564
0.339660, 0.709764, -0.537377, 0.130888
0.339682, 0.781015, -0.757736, 0.019027
0.339811, 0.068853, 0.623879, 0.111586
0.339874, 0.159041, 0.601514, 0.252946
0.339911, 0.479264, 0.303931, 0.574027
0.340221, 0.817180, -0.832387, -0.008051
0.340318, 0.033363, 0.628840, 0.054206
0.340515, 0.340502, 0.489875, 0.489850
0.340582, 0.840991, -0.870860, -0.017446
0.340732, 0.273840, 0.544093, 0.413492
0.340771, 0.623360, -0.103588, 0.420108
0.340849, 0.373724, 0.456275, 0.520547
0.340924, 0.435184, 0.377285, 0.560903
0.341185, 0.170643, 0.599396, 0.269948
0.341462, 0.240051, 0.566471, 0.368900
0.341481, 1.000000, -0.978551, 0.000000
0.341634, 0.182873, 0.595139, 0.287906
0.341657, 0.875213, -0.914361, -0.024089
0.341664, 0.916703, -0.950607, -0.021197
0.341861, 0.897077, -0.935536, -0.023673
0.342019, 0.538683, 0.174271, 0.551254
0.342059, 0.980272, -0.976864, -0.005922
0.342118, 0.195137, 0.590447, 0.305587
0.342202, 0.295266, 0.530316, 0.438583
0.342280, 0.207387, 0.584825, 0.323081
0.342371, 0.697419, -0.493242, 0.150172
0.342480, 0.526508, 0.204216, 0.557948
0.342597, 0.466670, 0.326817, 0.567792
0.342779, 0.760364, -0.709284, 0.033561
0.342793, 0.128356, 0.615900, 0.205010
0.343008, 0.642014, -0.200877, 0.347141
0.343095, 0.927463, -0.957216, -0.020091
0.343263, 0.011237, 0.634687, 0.018209
0.343451, 0.959673, -0.971645, -0.012290
0.343610, 0.327969, 0.504653, 0.474060
0.343641, 0.046546, 0.632846, 0.075234
0.344149, 0.513585, 0.233306, 0.559979
0.344172, 0.148910, 0.611731, 0.236169
0.344428, 0.116165, 0.621845, 0.185641
0.344434, 0.569634, 0.084592, 0.512678
0.344501, 0.558210, 0.119011, 0.526538
0.344651, 0.581848, 0.045188, 0.494093
0.344748, 0.220002, 0.581949, 0.339587
0.345143, 0.081365, 0.630510, 0.130731
0.345191, 0.285200, 0.541463, 0.424312
0.345212, 0.793255, -0.789309, -0.003009
0.345236, 0.424165, 0.395480, 0.549406
0.345247, 0.938488, -0.962647, -0.018638
0.345547, 0.360910, 0.474286, 0.504315
0.345573, 0.685222, -0.447726, 0.169803
0.345751, 0.454887, 0.347650, 0.559981
0.345936, 0.828732, -0.853842, -0.021731
0.346068, 0.500533, 0.261233, 0.559850
0.346253, 0.863859, -0.901860, -0.028644
0.346433, 0.593838, 0.000631, 0.466535
0.346494, 0.673453, -0.392408, 0.203023
0.347037, 0.252170, 0.566545, 0.381621
0.347184, 0.315440, 0.519587, 0.457509
0.347331, 0.093217, 0.631372, 0.149023
0.347466, 0.772589, -0.745285, 0.008913
0.348008, 0.058824, 0.638341, 0.094410
0.348463, 0.885872, -0.924894, -0.030335
0.348536, 0.138203, 0.621763, 0.218456
0.348597, 0.906312, -0.942058, -0.027783
0.348626, 0.605922, -0.050191, 0.431534
0.348780, 0.659661, -0.325624, 0.241400
0.348812, 0.730157, -0.629097, 0.058986
0.348972, 0.232129, 0.581003, 0.353859
0.349030, 0.990131, -0.975716, -0.003504
0.349088, 0.806679, -0.817693, -0.018178
0.349155, 0.488151, 0.286098, 0.555562
0.349398, 0.852350, -0.888115, -0.031610
0.349472, 0.403495, 0.426504, 0.531989
0.349607, 0.022863, 0.644069, 0.036708
0.349726, 0.443705, 0.367217, 0.550328
0.349797, 0.970025, -0.972435, -0.010669
0.349860, 0.000000, 0.645290, 0.000000
0.350067, 0.716788, -0.586636, 0.077949
0.350175, 0.414535, 0.411748, 0.537366
0.350187, 0.264388, 0.562498, 0.395176
0.350330, 0.350235, 0.489713, 0.489527
0.350418, 0.391781, 0.442217, 0.523076
0.350467, 0.618583, -0.108651, 0.389630
0.350583, 0.741565, -0.667091, 0.036072
0.350601, 0.632439, -0.176307, 0.342730
0.350638, 0.949762, -0.966010, -0.017745
0.350846, 0.380541, 0.456382, 0.514438
0.351334, 0.303116, 0.534588, 0.440376
0.351453, 0.161732, 0.617907, 0.252801
0.351580, 0.037162, 0.646176, 0.059468
0.351600, 0.105624, 0.635317, 0.167456
0.351723, 0.475332, 0.311321, 0.551438
0.351820, 0.070995, 0.642380, 0.113169
0.351845, 0.840411, -0.872509, -0.033106
0.351893, 0.752746, -0.699868, 0.018735
0.352080, 0.705447, -0.549454, 0.093534
0.352216, 0.337954, 0.503941, 0.476045
0.352456, 0.175179, 0.614076, 0.272166
0.352639, 0.368829, 0.471517, 0.503167
0.352799, 0.784342, -0.775948, -0.012196
0.352937, 0.647261, -0.270557, 0.268225
0.352979, 0.547966, 0.138984, 0.512675
0.353035, 0.277002, 0.556999, 0.408702
0.353198, 0.817931, -0.838871, -0.029633
0.353231, 0.522666, 0.206700, 0.533355
0.353271, 0.187725, 0.609781, 0.289924
0.353351, 0.535328, 0.173543, 0.523500
0.353720, 0.211637, 0.598552, 0.323311
0.353821, 0.199843, 0.604801, 0.306841
0.353873, 0.917692, -0.948703, -0.028906
0.354274, 0.432662, 0.386414, 0.539332
0.354614, 0.126103, 0.634727, 0.198186
0.354767, 0.692901, -0.506602, 0.110909
0.354905, 0.874333, -0.913048, -0.037627
0.355009, 0.325388, 0.518836, 0.460921
0.355150, 0.463168, 0.334284, 0.544523
0.355197, 0.508987, 0.238833, 0.536136
0.355306, 0.243193, 0.582889, 0.364752
0.355388, 0.574396, 0.053180, 0.469327
0.355563, 0.560886, 0.097029, 0.489050
0.355666, 0.764674, -0.734009, -0.002976
0.355869, 0.896060, -0.932722, -0.035298
0.355996, 0.929157, -0.954771, -0.026732
0.356137, 1.000000, -0.973367, 0.000000
0.356187, 0.291553, 0.549627, 0.423388
0.356333, 0.049243, 0.652535, 0.078203
0.356393, 0.011137, 0.655366, 0.017713
0.356451, 0.148832, 0.629965, 0.231815
0.356557, 0.980080, -0.971767, -0.008132
0.356622, 0.587179, 0.005458, 0.441288
0.356741, 0.669302, -0.406876, 0.165563
0.357196, 0.224540, 0.596340, 0.339005
0.357263, 0.797132, -0.803976, -0.028240
0.357434, 0.959591, -0.966902, -0.016492
0.357999, 0.939656, -0.959247, -0.024192
0.358225, 0.082994, 0.650368, 0.130883
0.358247, 0.094478, 0.648070, 0.148708
0.358297, 0.828876, -0.857120, -0.040167
0.358318, 0.497237, 0.264165, 0.533508
0.358800, 0.115172, 0.643959, 0.180339
0.358867, 0.680463, -0.465202, 0.124432
0.358928, 0.599043, -0.046185, 0.405046
0.358934, 0.863142, -0.900965, -0.042713
0.359075, 0.451591, 0.355696, 0.536048
0.359213, 0.422165, 0.404598, 0.527544
0.359249, 0.724203, -0.627078, 0.035933
0.359394, 0.312947, 0.534814, 0.444088
0.359624, 0.254841, 0.580813, 0.376811
0.359815, 0.029891, 0.659735, 0.047299
0.360149, 0.359661, 0.488096, 0.487131
0.360285, 0.611786, -0.105421, 0.363615
0.360572, 0.484020, 0.292501, 0.532331
0.360704, 0.137502, 0.640048, 0.213502
0.360735, 0.060833, 0.657871, 0.095875
0.360944, 0.775595, -0.762959, -0.023164
0.360984, 0.624787, -0.173362, 0.314495
0.361113, 0.658164, -0.365617, 0.179875
0.361151, 0.851374, -0.887380, -0.045844
0.361289, 0.884524, -0.921780, -0.041935
0.361374, 0.409679, 0.424300, 0.518695
0.361378, 0.397853, 0.441059, 0.512387
0.361439, 0.637487, -0.248724, 0.258968
0.361599, 0.907821, -0.940073, -0.036547
0.361659, 0.735210, -0.663617, 0.013347
0.361773, 0.267655, 0.574433, 0.391064
0.361867, 0.347147, 0.503346, 0.474552
0.362144, 0.808971, -0.826894, -0.041412
0.362145, 0.385658, 0.457872, 0.503861
0.362731, 0.373402, 0.473782, 0.494656
0.362854, 0.158202, 0.635894, 0.243281
0.362859, 0.169914, 0.631186, 0.260215
0.363156, 0.839906, -0.872896, -0.048063
0.363326, 0.280977, 0.566108, 0.405589
0.363331, 0.000000, 0.666261, 0.000000
0.363358, 0.517341, 0.213028, 0.510685
0.363413, 0.440480, 0.375978, 0.526391
0.363413, 0.702536, -0.562112, 0.058865
0.363480, 0.235070, 0.598454, 0.349163
0.363526, 0.746544, -0.696644, -0.004743
0.363556, 0.714030, -0.602034, 0.037714
0.363611, 0.990002, -0.969779, -0.004596
0.363632, 0.072187, 0.660500, 0.113112
0.363786, 0.334587, 0.518323, 0.461233
0.364007, 0.969792, -0.966754, -0.013841
0.364065, 0.471648, 0.317434, 0.526895
0.364313, 0.757100, -0.723617, -0.016521
0.364457, 0.182001, 0.628238, 0.276746
0.364471, 0.529728, 0.178382, 0.497262
0.364472, 0.019974, 0.667548, 0.031430
0.364516, 0.948388, -0.960335, -0.023345
0.364524, 0.302942, 0.549217, 0.428950
0.364616, 0.215459, 0.611314, 0.322686
0.364666, 0.541911, 0.142862, 0.483932
0.364948, 0.103482, 0.656227, 0.160966
0.365018, 0.041306, 0.666934, 0.064819
0.365299, 0.567434, 0.060596, 0.446125
0.365303, 0.787977, -0.790479, -0.038721
0.365433, 0.193422, 0.624092, 0.292247
0.365646, 0.648360, -0.329353, 0.190942
0.365921, 0.204508, 0.619092, 0.307213
0.365955, 0.921515, -0.947217, -0.034779
0.365970, 0.553858, 0.104838, 0.465042
0.366445, 0.581018, 0.008641, 0.415680
0.366484, 0.321980, 0.533478, 0.446548
0.366799, 0.820337, -0.845915, -0.051159
0.366806, 0.689845, -0.522338, 0.071666
0.367462, 0.125174, 0.653833, 0.192938
0.368079, 0.459645, 0.340987, 0.519573
0.368180, 0.506441, 0.237724, 0.505693
0.368232, 0.429728, 0.395340, 0.515506
0.368261, 0.668805, -0.439640, 0.114411
0.368707, 0.896786, -0.930075, -0.044899
0.368717, 0.872060, -0.908769, -0.051190
0.369082, 0.492857, 0.269810, 0.510284
0.369325, 0.292449, 0.563484, 0.413553
0.369515, 0.246089, 0.598910, 0.359246
0.369580, 0.934363, -0.952334, -0.031427
0.369678, 0.592540, -0.045334, 0.374926
0.369783, 0.090841, 0.666614, 0.140632
0.369797, 0.766658, -0.749619, -0.036088
0.369858, 0.053087, 0.673122, 0.082622
0.370246, 0.605301, -0.104434, 0.335261
0.370311, 0.148988, 0.650136, 0.227096
0.370335, 0.800072, -0.814248, -0.052236
0.370643, 1.000000, -0.966721, 0.000000
0.370811, 0.010204, 0.677749, 0.015913
0.370876, 0.224804, 0.614197, 0.331397
0.370891, 0.958767, -0.960809, -0.020680
0.370967, 0.979825, -0.965195, -0.010253
0.371142, 0.417449, 0.416348, 0.506889
0.371173, 0.858943, -0.895011, -0.056066
0.371259, 0.726237, -0.650179, -0.002044
0.371278, 0.258945, 0.592116, 0.373720
0.371468, 0.832073, -0.862840, -0.058661
0.371470, 0.137019, 0.656040, 0.209221
0.371593, 0.618088, -0.176394, 0.280801
0.371864, 0.112227, 0.664161, 0.172354
0.371999, 0.354724, 0.503225, 0.469435
0.372022, 0.631003, -0.254770, 0.223571
0.372107, 0.366717, 0.488804, 0.478253
0.372263, 0.884566, -0.919056, -0.051326
0.372368, 0.079121, 0.672845, 0.122245
0.372447, 0.030894, 0.679389, 0.047981
0.372561, 0.404736, 0.436702, 0.499649
0.372645, 0.448086, 0.363225, 0.510559
0.372674, 0.480477, 0.296504, 0.506440
0.372777, 0.679342, -0.494916, 0.071493
0.372857, 0.910937, -0.938242, -0.042741
0.372881, 0.392398, 0.454981, 0.493169
0.373028, 0.271444, 0.584748, 0.387079
0.373194, 0.845912, -0.880108, -0.060141
0.373295, 0.342034, 0.518818, 0.457701
0.373345, 0.778482, -0.775895, -0.049428
0.373391, 0.379822, 0.472638, 0.485222
0.373516, 0.740088, -0.689976, -0.022870
0.373670, 0.162755, 0.649663, 0.245562
0.373785, 0.313376, 0.549094, 0.431154
0.373915, 0.519823, 0.197317, 0.479763
0.373990, 0.065503, 0.677360, 0.101135
0.374061, 0.699942, -0.572563, 0.027374
0.374576, 0.657330, -0.405571, 0.118050
0.374649, 0.175749, 0.645180, 0.263372
0.374841, 0.642803, -0.334103, 0.161156
0.375027, 0.712093, -0.613299, 0.005865
0.375055, 0.328642, 0.534859, 0.444169
0.375220, 0.282646, 0.578150, 0.397882
0.375550, 0.811971, -0.834466, -0.062899
0.375610, 0.575890, 0.008956, 0.389744
0.375963, 0.754063, -0.725999, -0.040878
0.376026, 0.532331, 0.158693, 0.460523
0.376194, 0.564315, 0.052080, 0.411659
0.376215, 0.946115, -0.954188, -0.028586
0.376548, 0.212966, 0.628629, 0.312674
0.376586, 0.468257, 0.322108, 0.500957
0.376732, 0.543136, 0.123921, 0.444354
0.376855, 0.234083, 0.615987, 0.339479
0.376914, 0.188749, 0.642255, 0.280194
0.377209, 0.000000, 0.687786, 0.000000
0.377409, 0.437240, 0.383705, 0.500688
0.377538, 0.301549, 0.564003, 0.415811
0.377734, 0.042378, 0.686342, 0.065217
0.377806, 0.200410, 0.637335, 0.295422
0.377911, 0.100656, 0.676402, 0.153527
0.377948, 0.969195, -0.959760, -0.016999
0.377994, 0.790693, -0.800202, -0.062473
0.378063, 0.989793, -0.962443, -0.005677
0.378085, 0.923105, -0.943010, -0.040481
0.378218, 0.553890, 0.085593, 0.422758
0.378353, 0.500452, 0.245565, 0.482868
0.378522, 0.020931, 0.689218, 0.032233
0.379097, 0.120034, 0.672569, 0.181844
0.379914, 0.901423, -0.929154, -0.051069
0.379929, 0.823985, -0.851927, -0.069690
0.380076, 0.689290, -0.546667, 0.025542
0.380482, 0.586432, -0.046570, 0.342950
0.380697, 0.425215, 0.405760, 0.492856
0.380736, 0.668941, -0.471965, 0.063217
0.380814, 0.599670, -0.109847, 0.300243
0.380959, 0.130991, 0.671833, 0.197212
0.381090, 0.456195, 0.346665, 0.493408
0.381195, 0.864710, -0.898678, -0.064738
0.381199, 0.511361, 0.213716, 0.466503
0.381341, 0.767414, -0.757726, -0.059902
0.381426, 0.489272, 0.271934, 0.481945
0.381489, 0.876888, -0.909707, -0.061351
0.381622, 0.253960, 0.607971, 0.360227
0.381762, 0.721644, -0.649557, -0.025356
0.382041, 0.611303, -0.179101, 0.247286
0.382131, 0.087741, 0.685741, 0.133255
0.382275, 0.143567, 0.669326, 0.214870
0.382278, 0.890485, -0.920390, -0.057199
0.382294, 0.053637, 0.691799, 0.081842
0.382330, 0.242650, 0.616963, 0.346319
0.382484, 0.837354, -0.868777, -0.071844
0.382555, 0.412368, 0.428177, 0.486528
0.382590, 0.155388, 0.665062, 0.231476
0.382629, 0.624511, -0.261006, 0.187664
0.382742, 0.934796, -0.946305, -0.036870
0.382849, 0.851527, -0.884855, -0.069754
0.383260, 0.733166, -0.681497, -0.040609
0.383324, 0.803025, -0.821584, -0.073502
0.383362, 0.266160, 0.600653, 0.372948
0.383387, 0.361684, 0.502917, 0.460463
0.383433, 0.349415, 0.518306, 0.451792
0.383601, 0.957717, -0.953914, -0.024723
0.383655, 0.373920, 0.486821, 0.467769
0.383658, 0.399479, 0.449334, 0.480301
0.383784, 0.290634, 0.580422, 0.398955
0.383815, 0.222929, 0.631957, 0.321089
0.383955, 0.322146, 0.549691, 0.429054
0.383968, 0.336447, 0.533996, 0.441123
0.384039, 0.386810, 0.468688, 0.474112
0.384436, 0.075845, 0.691458, 0.114988
0.384513, 0.649274, -0.397198, 0.095778
0.384624, 0.010853, 0.698839, 0.016563
0.384670, 0.168622, 0.662408, 0.249028
0.384780, 0.635640, -0.331967, 0.134322
0.384868, 0.745507, -0.712423, -0.054041
0.384872, 0.702262, -0.597065, -0.010286
0.384952, 1.000000, -0.958796, 0.000000
0.384962, 0.477325, 0.298803, 0.479029
0.385059, 0.780123, -0.783438, -0.071568
0.385190, 0.979239, -0.957313, -0.012458
0.385452, 0.032601, 0.699086, 0.049600
0.385478, 0.524433, 0.170443, 0.439913
0.385531, 0.064200, 0.694991, 0.097327
0.385870, 0.278015, 0.593681, 0.383896
0.385879, 0.911838, -0.933053, -0.050027
0.385942, 0.181881, 0.657595, 0.266447
0.386240, 0.109962, 0.685738, 0.165051
0.386510, 0.310267, 0.564329, 0.415691
0.386650, 0.444876, 0.368952, 0.482886
0.386682, 0.573955, -0.008077, 0.348272
0.386753, 0.679040, -0.522596, 0.021099
0.387548, 0.208998, 0.645145, 0.301175
0.387890, 0.659678, -0.450991, 0.055899
0.388382, 0.758010, -0.741843, -0.069167
0.388503, 0.562274, 0.035225, 0.367861
0.388598, 0.815733, -0.840359, -0.081443
0.388667, 0.946399, -0.947546, -0.032757
0.388904, 0.548445, 0.086393, 0.393499
0.389042, 0.465163, 0.325379, 0.474127
0.389079, 0.536326, 0.127648, 0.412435
0.389137, 0.712951, -0.633675, -0.035440
0.389641, 0.195748, 0.655506, 0.282909
0.389913, 0.096038, 0.695158, 0.143710
0.390057, 0.500505, 0.236057, 0.451143
0.390129, 0.792935, -0.806359, -0.082892
0.390264, 0.433062, 0.392207, 0.475993
0.390316, 0.594654, -0.116425, 0.266736
0.390564, 0.000000, 0.708083, 0.000000
0.390681, 0.923763, -0.936950, -0.046394
0.390871, 0.299222, 0.579423, 0.400900
0.390928, 0.044581, 0.705962, 0.067132
0.390940, 0.122593, 0.688931, 0.181892
0.391166, 0.232873, 0.634420, 0.328535
0.391745, 0.968278, -0.951561, -0.020252
0.391795, 0.828675, -0.856827, -0.084129
0.391814, 0.692144, -0.575182, -0.016803
0.392067, 0.618582, -0.264842, 0.157045
0.392072, 0.022564, 0.709590, 0.033983
0.392229, 0.420042, 0.416796, 0.471262
0.392252, 0.989310, -0.953928, -0.006888
0.392319, 0.884482, -0.911679, -0.067047
0.392443, 0.870720, -0.900435, -0.072878
0.392452, 0.513783, 0.195254, 0.431118
0.392492, 0.899212, -0.922060, -0.060315
0.392533, 0.135448, 0.686709, 0.199577
0.392632, 0.843076, -0.873346, -0.082055
0.392699, 0.857324, -0.888049, -0.077949
0.392757, 0.488062, 0.267253, 0.453247
0.392966, 0.246942, 0.626456, 0.343784
0.393497, 0.259911, 0.616893, 0.357948
0.393686, 0.583532, -0.069669, 0.288653
0.393726, 0.330823, 0.548277, 0.425524
0.393735, 0.406925, 0.440283, 0.466115
0.393745, 0.148184, 0.683576, 0.216941
0.393851, 0.770507, -0.768435, -0.084649
0.393917, 0.725027, -0.670400, -0.059869
0.394098, 0.606515, -0.201151, 0.194570
0.394120, 0.643188, -0.396543, 0.069571
0.394297, 0.453733, 0.349058, 0.465395
0.394309, 0.160627, 0.678948, 0.233778
0.394363, 0.343809, 0.533155, 0.434366
0.394571, 0.356225, 0.517332, 0.442353
0.394649, 0.393927, 0.462164, 0.460750
0.394736, 0.368565, 0.500515, 0.449314
0.394776, 0.381064, 0.482290, 0.455449
0.394874, 0.668738, -0.500767, 0.011404
0.394970, 0.218736, 0.648475, 0.308837
0.395238, 0.083563, 0.705640, 0.124208
0.395342, 0.736747, -0.699492, -0.071814
0.395480, 0.806342, -0.826880, -0.091338
0.395699, 0.173550, 0.674891, 0.250560
0.395845, 0.934903, -0.938940, -0.042155
0.395868, 0.272331, 0.609158, 0.369309
0.395873, 0.056733, 0.711800, 0.084592
0.396082, 0.069442, 0.709655, 0.103320
0.396116, 0.318535, 0.564158, 0.412963
0.396247, 0.285562, 0.597662, 0.382534
0.396297, 0.630278, -0.343586, 0.094243
0.396587, 0.186547, 0.669223, 0.267169
0.396622, 0.748578, -0.726147, -0.081206
0.396706, 0.475497, 0.297243, 0.451190
0.396810, 0.957296, -0.945756, -0.028461
0.396820, 0.782038, -0.789234, -0.091983
0.397075, 0.105150, 0.702913, 0.155046
0.397507, 0.011981, 0.718113, 0.017896
0.397534, 0.703668, -0.617075, -0.048253
0.397571, 0.524692, 0.153855, 0.400600
0.397654, 0.913035, -0.927561, -0.055933
0.398150, 0.557135, 0.034211, 0.339312
0.398353, 0.682602, -0.554163, -0.023084
0.398411, 0.034663, 0.718215, 0.051584
0.398654, 0.654435, -0.454890, 0.024685
0.398790, 0.205202, 0.661514, 0.289726
0.398829, 0.571598, -0.028754, 0.300040
0.398917, 1.000000, -0.949864, 0.000000
0.399256, 0.978161, -0.948224, -0.014952
0.399893, 0.441133, 0.375312, 0.456070
0.400029, 0.115827, 0.703862, 0.169349
0.400152, 0.308528, 0.578447, 0.399966
0.400702, 0.545071, 0.075813, 0.354460
0.400738, 0.944758, -0.939455, -0.037777
0.400767, 0.761260, -0.753141, -0.094490
0.401005, 0.506610, 0.206635, 0.412445
0.401160, 0.819618, -0.843951, -0.097000
0.401555, 0.465247, 0.319430, 0.444128
0.401572, 0.795125, -0.810246, -0.100387
0.401573, 0.595425, -0.165129, 0.197415
0.401598, 0.295939, 0.592756, 0.387255
0.401684, 0.427737, 0.402403, 0.453461
0.401725, 0.715598, -0.652999, -0.070550
0.401944, 0.534941, 0.111249, 0.368804
0.401984, 0.834552, -0.861373, -0.094473
0.402229, 0.240065, 0.642116, 0.329063
0.402481, 0.495666, 0.237706, 0.419643
0.402704, 0.849060, -0.876405, -0.090435
0.402770, 0.128104, 0.703662, 0.185645
0.402796, 0.890151, -0.910605, -0.071625
0.402921, 0.094662, 0.714063, 0.138464
0.402943, 0.876861, -0.900804, -0.078638
0.402948, 0.618178, -0.304173, 0.099361
0.402992, 0.863223, -0.889523, -0.085013
0.403117, 0.227597, 0.652165, 0.314074
0.403233, 0.000000, 0.726516, 0.000000
0.403442, 0.414357, 0.428424, 0.449813
0.403603, 0.253703, 0.633067, 0.343118
0.403633, 0.047612, 0.724342, 0.070104
0.403747, 0.926194, -0.930343, -0.050997
0.404050, 0.902752, -0.917964, -0.065426
0.404095, 0.140825, 0.700642, 0.202670
0.404399, 0.483560, 0.270116, 0.424892
0.404825, 0.694221, -0.598373, -0.057858
0.404826, 0.401132, 0.452737, 0.445501
0.404835, 0.337983, 0.547739, 0.417285
0.404852, 0.641284, -0.415563, 0.029546
0.404958, 0.325800, 0.562845, 0.408558
0.405000, 0.074489, 0.721614, 0.108979
0.405031, 0.193918, 0.676076, 0.271984
0.405096, 0.153655, 0.696637, 0.219640
0.405331, 0.024227, 0.728723, 0.035643
0.405522, 0.388110, 0.475199, 0.441103
0.405527, 0.674125, -0.537335, -0.033390
0.405611, 0.350402, 0.531898, 0.424024
0.405640, 0.583833, -0.113050, 0.221959
0.405756, 0.166422, 0.691527, 0.236273
0.405758, 0.453253, 0.346690, 0.439694
0.405798, 0.362727, 0.514690, 0.430466
0.405808, 0.375273, 0.495865, 0.436111
0.405902, 0.265959, 0.625104, 0.354045
0.405954, 0.989118, -0.944582, -0.007899
0.406067, 0.966722, -0.941748, -0.024009
0.406185, 0.727905, -0.686087, -0.090467
0.406450, 0.179749, 0.685736, 0.253216
0.406731, 0.516076, 0.168245, 0.381353
0.406998, 0.606892, -0.257770, 0.117260
0.407207, 0.563020, -0.013014, 0.284509
0.407239, 0.806447, -0.825677, -0.106988
0.407257, 0.662969, -0.502439, -0.021184
0.407266, 0.216015, 0.664907, 0.297575
0.407288, 0.278363, 0.615223, 0.365155
0.407321, 0.783682, -0.792616, -0.109003
0.407397, 0.739336, -0.711855, -0.099328
0.407593, 0.771918, -0.773534, -0.108562
0.407705, 0.751312, -0.736051, -0.104340
0.408103, 0.061307, 0.728822, 0.089372
0.408558, 0.952327, -0.936409, -0.034929
0.408970, 0.629451, -0.375132, 0.041027
0.409188, 0.085222, 0.725253, 0.123438
0.409355, 0.010724, 0.735184, 0.015661
0.409522, 0.915918, -0.921704, -0.060296
0.409550, 0.106806, 0.720113, 0.153792
0.409926, 0.706243, -0.636099, -0.083201
0.410464, 0.289414, 0.607455, 0.372462
0.410605, 0.551039, 0.031207, 0.301193
0.410725, 0.037342, 0.735849, 0.054340
0.410786, 0.937746, -0.930163, -0.045992
0.410924, 0.316434, 0.578544, 0.394531
0.411109, 0.527280, 0.122195, 0.348038
0.411118, 0.474936, 0.288276, 0.413275
0.411131, 0.205655, 0.676254, 0.282694
0.411167, 0.303538, 0.593231, 0.383893
0.411587, 0.651532, -0.469315, -0.016240
0.411743, 0.433472, 0.389076, 0.431678
0.411763, 0.684951, -0.579399, -0.066721
0.411959, 0.828191, -0.851169, -0.107293
0.411996, 0.573879, -0.081215, 0.224865
0.412291, 0.119362, 0.719739, 0.170273
0.412307, 0.445147, 0.362760, 0.427119
0.412643, 0.841658, -0.865132, -0.103013
0.412720, 1.000000, -0.939895, 0.000000
0.412770, 0.978104, -0.938540, -0.016697
0.412866, 0.247089, 0.648303, 0.328592
0.412898, 0.855799, -0.878406, -0.096980
0.413038, 0.503669, 0.200441, 0.377574
0.413067, 0.462374, 0.319972, 0.416615
0.413206, 0.420900, 0.415464, 0.430548
0.413292, 0.233852, 0.659155, 0.313899
0.413294, 0.595490, -0.216863, 0.125151
0.413375, 0.816056, -0.836576, -0.112640
0.413505, 0.490081, 0.241877, 0.391861
0.413542, 0.869468, -0.889547, -0.090630
0.413820, 0.793694, -0.807154, -0.117922
0.413900, 0.718921, -0.669965, -0.101912
0.414040, 0.760652, -0.754829, -0.118102
0.414050, 0.882373, -0.898857, -0.083707
0.414081, 0.132740, 0.717311, 0.187823
0.414436, 0.539163, 0.070667, 0.312048
0.414724, 0.894250, -0.906261, -0.076944
0.414764, 0.407908, 0.441316, 0.427879
0.414992, 0.617908, -0.339870, 0.043884
0.415355, 0.330532, 0.564339, 0.398988
0.415387, 0.146009, 0.713588, 0.204993
0.415523, 0.905908, -0.912464, -0.069926
0.415537, 0.050452, 0.740968, 0.072617
0.415812, 0.259406, 0.641006, 0.338809
0.415987, 0.394890, 0.465800, 0.424472
0.416021, 0.097062, 0.731967, 0.138346
0.416031, 0.072722, 0.737849, 0.104221
0.416132, 0.343454, 0.547568, 0.405768
0.416293, 0.185270, 0.695005, 0.254794
0.416296, 0.159060, 0.708821, 0.221657
0.416381, 0.381832, 0.488825, 0.421205
0.416384, 0.019500, 0.744973, 0.028120
0.416491, 0.000000, 0.745479, 0.000000
0.416625, 0.959511, -0.932145, -0.031621
0.416705, 0.172042, 0.702777, 0.238039
0.416772, 0.368750, 0.510409, 0.416506
0.416865, 0.356190, 0.529674, 0.411137
0.416972, 0.926577, -0.921503, -0.056241
0.417026, 0.222742, 0.671551, 0.298694
0.417125, 0.673553, -0.551979, -0.068752
0.417129, 0.639910, -0.436644, -0.014569
0.417710, 0.197035, 0.689609, 0.268327
0.417901, 0.696257, -0.616906, -0.094687
0.418016, 0.746295, -0.729332, -0.122513
0.418274, 0.271462, 0.632312, 0.348255
0.418448, 0.781201, -0.788455, -0.125892
0.418550, 0.562070, -0.041076, 0.232086
0.418588, 0.584730, -0.174082, 0.138278
0.418669, 0.732691, -0.702644, -0.119345
0.418777, 0.516482, 0.147631, 0.338302
0.419399, 0.802835, -0.818386, -0.123571
0.419565, 0.029712, 0.748817, 0.042503
0.419648, 0.989066, -0.934164, -0.008766
0.419793, 0.606592, -0.300301, 0.053473
0.419836, 0.661964, -0.518857, -0.060887
0.420193, 0.946829, -0.926324, -0.042206
0.420493, 0.296460, 0.608686, 0.367986
0.420683, 0.282696, 0.623426, 0.356106
0.420933, 0.454109, 0.336243, 0.401350
0.420991, 0.084925, 0.741683, 0.120206
0.421086, 0.969170, -0.930703, -0.024844
0.421283, 0.769922, -0.770755, -0.130461
0.421641, 0.211724, 0.684732, 0.282954
0.421679, 0.309858, 0.594333, 0.376932
0.421696, 0.110401, 0.735478, 0.154969
0.421798, 0.481547, 0.258995, 0.376145
0.421853, 0.708082, -0.649354, -0.113227
0.421887, 0.628591, -0.402113, -0.009273
0.421932, 0.062051, 0.748153, 0.088049
0.422446, 0.468669, 0.295490, 0.386230
0.422452, 0.550270, 0.004409, 0.249648
0.422689, 0.241032, 0.663599, 0.314268
0.422744, 0.848996, -0.867402, -0.108994
0.422857, 0.440431, 0.369269, 0.403755
0.422875, 0.915247, -0.912093, -0.067072
0.422939, 0.322381, 0.579833, 0.384131
0.423106, 0.527439, 0.098474, 0.301390
0.423335, 0.009512, 0.755206, 0.013541
0.423389, 0.124421, 0.732832, 0.173190
0.423390, 0.834899, -0.853673, -0.116528
0.423495, 0.427493, 0.399202, 0.407045
0.423544, 0.495030, 0.214052, 0.354139
0.423653, 0.862716, -0.878521, -0.102319
0.424057, 0.685230, -0.593013, -0.100703
0.424070, 0.040847, 0.754207, 0.057858
0.424316, 0.823273, -0.841108, -0.122649
0.424349, 0.573480, -0.128866, 0.152167
0.424401, 0.650519, -0.487608, -0.058330
0.424509, 0.507009, 0.171820, 0.333201
0.424661, 0.414775, 0.426798, 0.407413
0.424788, 0.876066, -0.887864, -0.095031
0.424791, 0.721090, -0.680380, -0.126857
0.425039, 0.811803, -0.827730, -0.127843
0.425094, 0.138154, 0.729625, 0.190589
0.425136, 0.935778, -0.918901, -0.052377
0.425276, 0.756634, -0.748876, -0.136683
0.425406, 0.252747, 0.656410, 0.323779
0.425852, 0.595564, -0.264642, 0.057038
0.426041, 0.889024, -0.895610, -0.087309
0.426145, 0.401757, 0.453373, 0.405579
0.426191, 0.336188, 0.563280, 0.387855
0.426466, 1.000000, -0.928917, 0.000000
0.426467, 0.901612, -0.902584, -0.078775
0.426585, 0.151636, 0.725508, 0.207273
0.426676, 0.791136, -0.801224, -0.135733
0.426842, 0.388321, 0.479293, 0.403882
0.426886, 0.230546, 0.676480, 0.299941
0.427008, 0.375107, 0.503046, 0.401558
0.427079, 0.539033, 0.042160, 0.258485
0.427338, 0.978981, -0.926985, -0.017664
0.427361, 0.349216, 0.544935, 0.392475
0.427408, 0.164643, 0.720060, 0.223231
0.427503, 0.177416, 0.713148, 0.238849
0.427537, 0.617254, -0.368660, -0.007196
0.427663, 0.097319, 0.747540, 0.135389
0.427993, 0.362073, 0.525022, 0.396236
0.427999, 0.202364, 0.698215, 0.267951
0.428160, 0.073850, 0.754423, 0.103233
0.428172, 0.189477, 0.706820, 0.252895
0.428508, 0.264350, 0.648717, 0.331939
0.428543, 0.743275, -0.725643, -0.141006
0.428611, 0.672910, -0.563225, -0.100847
0.428714, 0.052083, 0.759007, 0.072980
0.428737, 0.957129, -0.922004, -0.036206
0.429312, 0.019938, 0.763328, 0.028011
0.429725, 0.639154, -0.456957, -0.058015
0.430079, 0.561984, -0.082541, 0.167216
0.430230, 0.289816, 0.623881, 0.352036
0.430493, 0.000000, 0.765432, 0.000000
0.430565, 0.696924, -0.628098, -0.126210
0.430601, 0.924294, -0.910224, -0.063450
0.430761, 0.779642, -0.784415, -0.143567
0.430950, 0.219997, 0.688997, 0.285564
0.431228, 0.584340, -0.223840, 0.066358
0.431462, 0.461497, 0.307957, 0.366970
0.431496, 0.732120, -0.705138, -0.144153
0.431584, 0.302671, 0.610104, 0.360091
0.431785, 0.275788, 0.640216, 0.338941
0.431961, 0.448351, 0.343756, 0.375954
0.432328, 0.841842, -0.855760, -0.121371
0.432335, 0.661074, -0.532384, -0.097759
0.432576, 0.515931, 0.123734, 0.286665
0.432601, 0.475322, 0.265143, 0.349129
0.432670, 0.801015, -0.812101, -0.140408
0.432727, 0.086786, 0.757030, 0.119793
0.432756, 0.606200, -0.334049, -0.002820
0.432894, 0.709846, -0.659383, -0.139018
0.432978, 0.030496, 0.767482, 0.042439
0.433076, 0.488257, 0.223088, 0.331447
0.433080, 0.766514, -0.764561, -0.148664
0.433130, 0.315398, 0.595353, 0.366631
0.433161, 0.107257, 0.751809, 0.147018
0.433311, 0.434694, 0.378172, 0.380893
0.433445, 0.118840, 0.748046, 0.162115
0.433478, 0.855820, -0.867071, -0.114234
0.433600, 0.945686, -0.915243, -0.046912
0.433689, 0.989356, -0.922422, -0.009304
0.433993, 0.243061, 0.673440, 0.306818
0.434403, 0.550756, -0.035151, 0.186787
0.434448, 0.910866, -0.901261, -0.075738
0.434505, 0.328207, 0.579003, 0.372246
0.434591, 0.501750, 0.173342, 0.305072
0.434605, 0.527911, 0.071083, 0.252404
0.434659, 0.967626, -0.919218, -0.028362
0.434710, 0.627799, -0.424513, -0.055453
0.434913, 0.869246, -0.876360, -0.106597
0.434919, 0.131394, 0.745062, 0.177769
0.435161, 0.421297, 0.409586, 0.382381
0.435599, 0.826922, -0.839717, -0.132469
0.435731, 0.683849, -0.599123, -0.129468
0.435760, 0.814057, -0.826023, -0.139002
0.435966, 0.063291, 0.766914, 0.087170
0.436099, 0.408970, 0.437195, 0.384013
0.436229, 0.882694, -0.884476, -0.098035
0.436289, 0.144491, 0.741024, 0.193763
0.436655, 0.720913, -0.684202, -0.151217
0.436693, 0.395059, 0.466521, 0.385009
0.436769, 0.573068, -0.180857, 0.077333
0.436809, 0.209780, 0.702977, 0.270219
0.436823, 0.753064, -0.742910, -0.155488
0.437132, 0.010166, 0.774508, 0.014055
0.437200, 0.649744, -0.503394, -0.098051
0.437321, 0.040710, 0.772367, 0.056066
0.437400, 0.341870, 0.560419, 0.374287
0.437431, 0.896662, -0.891833, -0.088243
0.437439, 0.381210, 0.493722, 0.383779
0.437795, 0.254653, 0.666501, 0.314331
0.437976, 0.157855, 0.736588, 0.209424
0.438169, 0.368776, 0.516351, 0.380776
0.438482, 0.595027, -0.299348, 0.000112
0.438586, 0.196106, 0.714492, 0.253843
0.438612, 0.354874, 0.540253, 0.376911
0.438640, 0.170631, 0.730382, 0.224445
0.438800, 0.934153, -0.907197, -0.058307
0.438881, 0.232705, 0.687164, 0.292479
0.439167, 0.183044, 0.723614, 0.238643
0.439368, 0.539975, 0.003960, 0.197384
0.439929, 0.075575, 0.769696, 0.102936
0.439997, 0.284398, 0.637550, 0.336977
0.440298, 1.000000, -0.916827, 0.000000
0.440342, 0.789590, -0.795244, -0.153533
0.440403, 0.616623, -0.393340, -0.055532
0.440552, 0.671492, -0.570594, -0.131644
0.440621, 0.051009, 0.775339, 0.069656
0.440937, 0.978176, -0.915092, -0.019842
0.441115, 0.741358, -0.723111, -0.162675
0.441159, 0.265920, 0.658399, 0.320904
0.441607, 0.776259, -0.777144, -0.159161
0.441731, 0.098803, 0.765696, 0.133176
0.441914, 0.836534, -0.845227, -0.133231
0.441973, 0.955980, -0.910470, -0.040074
0.442019, 0.296328, 0.625063, 0.343172
0.442095, 0.455497, 0.315152, 0.341515
0.442165, 0.561683, -0.134014, 0.092369
0.442328, 0.468426, 0.275387, 0.326736
0.442379, 0.638218, -0.473272, -0.098471
0.442572, 0.020893, 0.781538, 0.028511
0.442574, 0.704444, -0.651819, -0.157832
0.442707, 0.921731, -0.899325, -0.070303
0.442791, 0.442216, 0.352340, 0.351216
0.442835, 0.693361, -0.626802, -0.152654
0.443054, 0.222973, 0.699376, 0.279347
0.443130, 0.849151, -0.855503, -0.126231
0.443347, 0.308275, 0.610909, 0.349162
0.443492, 0.481548, 0.230224, 0.305127
0.443813, 0.087406, 0.771646, 0.117623
0.443846, 0.428921, 0.387015, 0.357728
0.443872, 0.583831, -0.262415, 0.005583
0.444001, 0.802816, -0.809690, -0.152711
0.444163, 0.000000, 0.784276, 0.000000
0.444169, 0.507820, 0.132144, 0.256825
0.444212, 0.494410, 0.183383, 0.282045
0.444391, 0.762255, -0.756369, -0.166107
0.444524, 0.320716, 0.594760, 0.354423
0.444568, 0.111892, 0.765065, 0.149134
0.444583, 0.729775, -0.702692, -0.167962
0.445022, 0.519171, 0.083798, 0.228254
0.445142, 0.862006, -0.863989, -0.118892
0.445166, 0.660218, -0.543715, -0.133450
0.445366, 0.124468, 0.761061, 0.164728
0.445623, 0.909269, -0.891470, -0.082161
0.445628, 0.605524, -0.360395, -0.053019
0.445777, 0.333556, 0.576626, 0.358475
0.445853, 0.402355, 0.449568, 0.364370
0.446013, 0.244099, 0.683994, 0.297070
0.446231, 0.816453, -0.823399, -0.148672
0.446399, 0.137292, 0.756828, 0.180212
0.446472, 0.530185, 0.029707, 0.191490
0.446572, 0.715637, -0.676155, -0.169414
0.446585, 0.275849, 0.652261, 0.323294
0.446607, 0.387685, 0.481007, 0.365797
0.446608, 0.874410, -0.871455, -0.110702
0.446732, 0.944224, -0.903419, -0.051768
0.446812, 0.031593, 0.786256, 0.042634
0.446950, 0.550386, -0.083803, 0.112608
0.447254, 0.989297, -0.910155, -0.010085
0.447409, 0.415481, 0.418896, 0.356310
0.447413, 0.150424, 0.751666, 0.195691
0.447587, 0.886629, -0.878133, -0.101702
0.447600, 0.626950, -0.442991, -0.098552
0.447896, 0.362187, 0.529952, 0.362788
0.448072, 0.966532, -0.907014, -0.031502
0.448265, 0.681073, -0.600691, -0.158111
0.448283, 0.213683, 0.712117, 0.265734
0.448400, 0.202062, 0.720996, 0.253572
0.448632, 0.057362, 0.784916, 0.076851
0.448890, 0.347261, 0.556072, 0.358251
0.448903, 0.898262, -0.883235, -0.092952
0.449246, 0.572619, -0.223851, 0.012402
0.449340, 0.068645, 0.783488, 0.091603
0.449407, 0.827759, -0.832717, -0.145184
0.449592, 0.164071, 0.746985, 0.210570
0.449640, 0.375078, 0.505717, 0.360020
0.449719, 0.189280, 0.731409, 0.238886
0.449844, 0.648528, -0.514624, -0.134161
0.449990, 0.750689, -0.737790, -0.176423
0.450235, 0.255428, 0.676782, 0.302954
0.450365, 0.176352, 0.740533, 0.224149
0.450600, 0.010486, 0.792791, 0.014056
0.451056, 0.042659, 0.790526, 0.056918
0.451214, 0.594318, -0.327044, -0.051308
0.451709, 0.931233, -0.894887, -0.065116
0.451900, 0.288201, 0.641691, 0.325783
0.452086, 0.770483, -0.766091, -0.175003
0.452094, 0.233587, 0.699227, 0.281924
0.452543, 0.782517, -0.781723, -0.171174
0.452687, 0.449519, 0.322133, 0.315909
0.452755, 0.539491, -0.041275, 0.124352
0.452900, 0.462272, 0.281685, 0.300151
0.452940, 0.080333, 0.785529, 0.105966
0.452965, 0.840933, -0.841977, -0.139846
0.453095, 0.793726, -0.794996, -0.167013
0.453437, 0.615769, -0.413373, -0.100634
0.453593, 0.474924, 0.237830, 0.279863
0.453634, 0.670541, -0.578154, -0.164295
0.453846, 0.739285, -0.719029, -0.183679
0.454019, 0.978460, -0.902932, -0.020949
0.454039, 1.000000, -0.903923, 0.000000
0.454046, 0.436629, 0.358710, 0.324487
0.454068, 0.300243, 0.627804, 0.330514
0.454276, 0.093476, 0.783502, 0.122421
0.454310, 0.702928, -0.652348, -0.181634
0.454353, 0.691008, -0.626770, -0.177302
0.454370, 0.105107, 0.779675, 0.137073
0.454405, 0.561327, -0.182014, 0.022512
0.454427, 0.853941, -0.851351, -0.131518
0.454553, 0.487879, 0.188728, 0.254374
0.454570, 0.266676, 0.668507, 0.307506
0.454782, 0.424964, 0.390376, 0.331867
0.454869, 0.500989, 0.136574, 0.227159
0.454889, 0.394717, 0.464262, 0.346545
0.454900, 0.312111, 0.612141, 0.335766
0.455069, 0.918585, -0.887191, -0.077849
0.455156, 0.807286, -0.808986, -0.162517
0.455261, 0.637154, -0.486531, -0.137025
0.455338, 0.725892, -0.696174, -0.186566
0.455562, 0.954492, -0.897717, -0.044333
0.455749, 0.324326, 0.594722, 0.339892
0.455851, 0.021165, 0.799250, 0.027992
0.456128, 0.117707, 0.777241, 0.152045
0.456175, 0.513599, 0.079843, 0.191906
0.456605, 0.583100, -0.292202, -0.047989
0.456620, 0.223381, 0.712450, 0.268465
0.456724, 0.336818, 0.575469, 0.342637
0.456957, 0.356375, 0.541678, 0.345792
0.456990, 0.130395, 0.772766, 0.167069
0.457242, 0.406974, 0.434584, 0.336076
0.457306, 0.867257, -0.858393, -0.123229
0.457506, 0.526153, 0.017162, 0.149438
0.457689, 0.658633, -0.550198, -0.165394
0.457707, 0.143136, 0.767556, 0.181882
0.457714, 0.000000, 0.802367, 0.000000
0.457806, 0.714049, -0.674661, -0.190352
0.457897, 0.759588, -0.749197, -0.186095
0.458177, 0.156268, 0.761055, 0.196893
0.458323, 0.906061, -0.878830, -0.090607
0.458446, 0.604726, -0.381754, -0.099103
0.458562, 0.244493, 0.694760, 0.285545
0.458626, 0.941298, -0.891492, -0.057717
0.458711, 0.050961, 0.799253, 0.066677
0.458725, 0.879593, -0.864901, -0.113945
0.458839, 0.819603, -0.819097, -0.159009
0.459069, 0.278831, 0.657893, 0.311209
0.459167, 0.209976, 0.725965, 0.253519
0.459227, 0.383120, 0.489010, 0.340381
0.459454, 0.550300, -0.138384, 0.035180
0.459499, 0.892393, -0.871223, -0.103334
0.459735, 0.196961, 0.736560, 0.240039
0.459942, 0.032109, 0.803486, 0.041972
0.460203, 0.368085, 0.519778, 0.340225
0.460483, 0.967869, -0.895340, -0.032133
0.460489, 0.625876, -0.457418, -0.138508
0.460711, 0.062526, 0.799584, 0.081226
0.460721, 0.183503, 0.747167, 0.225325
0.460929, 0.989106, -0.896875, -0.010949
0.461496, 0.832141, -0.828650, -0.152895
0.461856, 0.170302, 0.757019, 0.210411
0.461858, 0.571732, -0.255241, -0.042832
0.462008, 0.681354, -0.608304, -0.189787
0.462224, 0.417058, 0.406274, 0.317676
0.462628, 0.256892, 0.685324, 0.291426
0.462638, 0.073833, 0.799469, 0.095168
0.462694, 0.647268, -0.523502, -0.168803
0.462943, 0.346550, 0.560392, 0.334213
0.463022, 0.772220, -0.764378, -0.188637
0.463431, 0.442782, 0.331329, 0.290740
0.463459, 0.455514, 0.290076, 0.274446
0.463679, 0.748118, -0.731005, -0.197164
0.463806, 0.798376, -0.794620, -0.176384
0.463911, 0.291532, 0.644945, 0.312741
0.463996, 0.593485, -0.349740, -0.098870
0.464056, 0.845265, -0.837354, -0.145353
0.464096, 0.468088, 0.245373, 0.253257
0.464122, 0.538283, -0.083946, 0.057522
0.464138, 0.010614, 0.810611, 0.013757
0.464386, 0.733949, -0.708983, -0.200966
0.464494, 0.086298, 0.798447, 0.110309
0.464534, 0.927151, -0.881568, -0.073128
0.464826, 0.784212, -0.778215, -0.185102
0.464826, 0.480751, 0.196774, 0.228174
0.465118, 0.695114, -0.638728, -0.201118
0.465378, 0.858443, -0.845980, -0.135706
0.465529, 0.493479, 0.144130, 0.199103
0.465594, 0.396103, 0.457255, 0.321326
0.465638, 0.668775, -0.580788, -0.191844
0.465794, 0.041948, 0.809781, 0.053976
0.465852, 0.233460, 0.711729, 0.269258
0.465957, 0.098853, 0.796271, 0.125322
0.466087, 0.303496, 0.629760, 0.315961
0.466239, 0.315068, 0.612900, 0.320631
0.466278, 0.429523, 0.368426, 0.296253
0.466658, 0.505535, 0.089042, 0.165017
0.466696, 0.110691, 0.792701, 0.139382
0.466749, 0.614728, -0.429687, -0.143434
0.466800, 0.327614, 0.593510, 0.323992
0.466850, 0.269462, 0.674276, 0.295755
0.467049, 0.560590, -0.217912, -0.036984
0.467329, 0.959280, -0.886816, -0.041890
0.467330, 0.219494, 0.725746, 0.255715
0.467389, 0.913997, -0.873766, -0.086921
0.467429, 0.707685, -0.663409, -0.207263
0.467482, 0.811042, -0.805293, -0.172584
0.467590, 0.123231, 0.788586, 0.153907
0.467648, 1.000000, -0.890333, 0.000000
0.467687, 0.721217, -0.687554, -0.207891
0.467805, 0.978112, -0.889098, -0.022633
0.468030, 0.376128, 0.502034, 0.322795
0.468099, 0.517350, 0.027012, 0.122082
0.468274, 0.635872, -0.496557, -0.173387
0.468636, 0.160326, 0.770370, 0.195414
0.468645, 0.135862, 0.783850, 0.168040
0.468947, 0.148142, 0.777742, 0.181820
0.469052, 0.021506, 0.816301, 0.027492
0.469147, 0.900050, -0.866176, -0.100963
0.469204, 0.356839, 0.541570, 0.323026
0.469278, 0.581970, -0.315107, -0.096214
0.469559, 0.948807, -0.882475, -0.053028
0.469603, 0.528187, -0.043914, 0.068171
0.469644, 0.205543, 0.739680, 0.240868
0.469713, 0.760314, -0.746082, -0.201643
0.469742, 0.872408, -0.851218, -0.126595
0.469840, 0.937838, -0.879360, -0.064246
0.469859, 0.885962, -0.858627, -0.114410
0.470051, 0.337298, 0.577843, 0.320503
0.470232, 0.407489, 0.426197, 0.303322
0.470299, 0.246994, 0.701791, 0.275862
0.470519, 0.191878, 0.751195, 0.227022
0.470532, 0.657490, -0.556107, -0.196951
0.470985, 0.823680, -0.814486, -0.167029
0.471013, 0.053978, 0.814475, 0.068339
0.471013, 0.282285, 0.661136, 0.298722
0.471153, 0.603893, -0.399313, -0.141835
0.471272, 0.000000, 0.819931, 0.000000
0.471480, 0.548537, -0.171927, -0.023073
0.472094, 0.179106, 0.761963, 0.213070
0.472537, 0.387127, 0.475832, 0.309045
0.472856, 0.065878, 0.814093, 0.082794
0.473308, 0.624593, -0.468327, -0.175628
0.473330, 0.792197, -0.782302, -0.190237
0.473391, 0.836076, -0.822969, -0.159544
0.473686, 0.032343, 0.820997, 0.040798
0.473703, 0.740594, -0.717031, -0.213714
0.474254, 0.438029, 0.333414, 0.262213
0.474256, 0.677102, -0.603117, -0.214686
0.474261, 0.366224, 0.522268, 0.312019
0.474299, 0.687705, -0.625263, -0.217458
0.474303, 0.772452, -0.759388, -0.202176
0.474327, 0.449700, 0.294404, 0.245933
0.474425, 0.988920, -0.882977, -0.011789
0.474488, 0.419372, 0.390221, 0.282141
0.474531, 0.078430, 0.812966, 0.097744
0.474622, 0.259909, 0.690705, 0.280436
0.474708, 0.571209, -0.283072, -0.095251
0.474793, 0.461609, 0.251012, 0.225031
0.475212, 0.848590, -0.830785, -0.150724
0.475305, 0.474047, 0.202409, 0.199937
0.475396, 0.646062, -0.530066, -0.201052
0.475405, 0.967909, -0.879942, -0.034189
0.475676, 0.861255, -0.838922, -0.140058
0.476076, 0.486744, 0.148423, 0.169419
0.476098, 0.091309, 0.810964, 0.112819
0.476202, 0.295600, 0.645667, 0.298062
0.476308, 0.321300, 0.606380, 0.306945
0.476375, 0.167961, 0.773955, 0.198727
0.476568, 0.591761, -0.365124, -0.141007
0.476595, 0.803802, -0.792128, -0.186101
0.476706, 0.728882, -0.698565, -0.221164
0.476707, 0.700654, -0.650647, -0.223819
0.476924, 0.346084, 0.562384, 0.308507
0.477119, 0.226172, 0.728072, 0.252716
0.477340, 0.920430, -0.866322, -0.084152
0.477341, 0.537123, -0.131368, -0.016052
0.477445, 0.498942, 0.089990, 0.132017
0.477715, 0.750892, -0.730193, -0.215773
0.477761, 0.010924, 0.827925, 0.013641
0.478028, 0.308211, 0.627827, 0.300603
0.478082, 0.103716, 0.808995, 0.126745
0.478168, 0.238702, 0.716465, 0.261489
0.478202, 0.931373, -0.868962, -0.073251
0.478317, 0.714754, -0.675391, -0.225863
0.478379, 0.116204, 0.804102, 0.141092
0.478393, 0.398355, 0.444740, 0.288233
0.478522, 0.214006, 0.740556, 0.241067
0.478578, 0.044521, 0.825365, 0.055294
0.478641, 0.511424, 0.021259, 0.084513
0.478808, 0.272513, 0.678115, 0.283244
0.478880, 0.907477, -0.859968, -0.097823
0.478979, 0.128829, 0.798958, 0.155120
0.479011, 0.559365, -0.242661, -0.086040
0.479150, 0.666752, -0.582049, -0.221691
0.479271, 0.782616, -0.768405, -0.202149
0.479848, 0.893905, -0.853075, -0.111743
0.479953, 0.200047, 0.753757, 0.227492
0.480029, 0.154788, 0.786002, 0.182713
0.480075, 0.815922, -0.800889, -0.180615
0.480203, 0.142236, 0.793391, 0.169215
0.480416, 0.955948, -0.872599, -0.047761
0.480491, 0.377399, 0.495562, 0.294686
0.480583, 0.880462, -0.845725, -0.125145
0.480606, 0.613644, -0.443359, -0.185123
0.480662, 0.429119, 0.354510, 0.253340
0.480796, 0.523995, -0.067292, 0.015542
0.481031, 0.333051, 0.586766, 0.300319
0.481133, 1.000000, -0.876089, 0.000000
0.481396, 0.634929, -0.505206, -0.208293
0.481678, 0.978121, -0.874430, -0.023907
0.482375, 0.285277, 0.663121, 0.285291
0.482378, 0.022242, 0.832920, 0.027405
0.482393, 0.187684, 0.765840, 0.214094
0.482531, 0.355554, 0.543123, 0.296517
0.482585, 0.762092, -0.742502, -0.217051
0.482668, 0.581550, -0.338459, -0.145599
0.482700, 0.251274, 0.706095, 0.265525
0.482766, 0.601585, -0.407793, -0.176710
0.482780, 0.943062, -0.867309, -0.062086
0.482934, 0.409935, 0.409620, 0.266692
0.483274, 0.057424, 0.828855, 0.070160
0.483470, 0.828398, -0.808751, -0.173594
0.483498, 0.868525, -0.836222, -0.138156
0.483536, 0.655452, -0.557825, -0.226497
0.483592, 0.547996, -0.203397, -0.077806
0.484186, 0.069708, 0.826811, 0.084708
0.484741, 0.000000, 0.836807, 0.000000
0.485126, 0.176015, 0.777182, 0.200920
0.485341, 0.690952, -0.632556, -0.238942
0.485394, 0.794612, -0.776966, -0.200968
0.485407, 0.840776, -0.816498, -0.164597
0.485509, 0.441954, 0.304536, 0.218879
0.485642, 0.624566, -0.480095, -0.210734
0.485644, 0.388641, 0.465536, 0.276288
0.485653, 0.453713, 0.261528, 0.198645
0.485790, 0.466435, 0.211662, 0.173546
0.485809, 0.083289, 0.824886, 0.100259
0.485892, 0.854268, -0.825247, -0.152880
0.485925, 0.739463, -0.711291, -0.231469
0.486056, 0.034656, 0.835854, 0.042193
0.486341, 0.479318, 0.156361, 0.142567
0.486516, 0.678463, -0.608676, -0.240341
0.486525, 0.319941, 0.610834, 0.289617
0.486657, 0.366694, 0.518195, 0.285021
0.486794, 0.725312, -0.690434, -0.237216
0.486937, 0.569391, -0.299953, -0.138696
0.487010, 0.704830, -0.657385, -0.241591
0.487105, 0.263338, 0.694458, 0.267765
0.487656, 0.773048, -0.752636, -0.217061
0.487794, 0.989774, -0.868462, -0.011471
0.487800, 0.230691, 0.731974, 0.245788
0.488186, 0.491118, 0.096801, 0.102526
0.488195, 0.095534, 0.823598, 0.113585
0.488336, 0.643805, -0.532127, -0.231520
0.488447, 0.420379, 0.372690, 0.239270
0.488558, 0.163054, 0.789522, 0.185852
0.488659, 0.297980, 0.647174, 0.281138
0.488741, 0.208221, 0.754391, 0.227184
0.488861, 0.807059, -0.786276, -0.195022
0.488862, 0.535655, -0.160661, -0.069457
0.488886, 0.966407, -0.865392, -0.037649
0.488960, 0.915425, -0.852656, -0.093356
0.489074, 0.929075, -0.856815, -0.078799
0.489118, 0.503163, 0.028041, 0.055130
0.489417, 0.343293, 0.567572, 0.284741
0.489450, 0.109316, 0.819597, 0.128626
0.489479, 0.134833, 0.807233, 0.156404
0.489824, 0.308946, 0.630046, 0.282147
0.489997, 0.901713, -0.846257, -0.108208
0.489999, 0.121710, 0.814560, 0.142010
0.490323, 0.592317, -0.387396, -0.188399
0.490477, 0.219656, 0.745234, 0.234740
0.490495, 0.048096, 0.839121, 0.057618
0.490533, 0.751316, -0.724969, -0.232098
0.490566, 0.514683, -0.051755, -0.005323
0.490767, 0.243211, 0.720589, 0.251273
0.490918, 0.275460, 0.680640, 0.269089
0.490937, 0.888357, -0.839408, -0.122427
0.490954, 0.400078, 0.430705, 0.253164
0.491286, 0.666364, -0.584453, -0.247198
0.491369, 0.012179, 0.844166, 0.014626
0.491456, 0.149346, 0.801027, 0.170361
0.491517, 0.714743, -0.672750, -0.247205
0.491553, 0.558017, -0.264396, -0.134226
0.492149, 0.196554, 0.767562, 0.214333
0.492275, 0.819855, -0.794499, -0.187669
0.492313, 0.784566, -0.762035, -0.214551
0.492328, 0.953511, -0.859214, -0.052641
0.492471, 0.606744, -0.435456, -0.213089
0.492586, 0.329795, 0.593663, 0.279522
0.492689, 0.378423, 0.487437, 0.265064
0.492753, 0.432778, 0.326034, 0.208316
0.492931, 0.875581, -0.830985, -0.136399
0.493025, 0.525755, -0.123305, -0.059669
0.493680, 0.287755, 0.664243, 0.270194
0.494200, 0.979645, -0.860667, -0.023307
0.494325, 0.074626, 0.837257, 0.087723
0.494392, 0.861802, -0.821871, -0.150883
0.494395, 0.355427, 0.541017, 0.271647
0.494592, 0.618416, -0.470594, -0.229896
0.494641, 0.579175, -0.348596, -0.183153
0.494808, 0.024825, 0.847521, 0.029474
0.495068, 0.184645, 0.779939, 0.201525
0.495079, 1.000000, -0.860377, 0.000000
0.495135, 0.545358, -0.219124, -0.120619
0.495223, 0.941603, -0.853652, -0.066585
0.495487, 0.061859, 0.842163, 0.072740
0.495529, 0.698023, -0.644544, -0.256786
0.495552, 0.762951, -0.736314, -0.231859
0.495676, 0.632011, -0.507140, -0.242702
0.495743, 0.847133, -0.811452, -0.165860
0.495796, 0.654576, -0.560295, -0.253562
0.495827, 0.833053, -0.801742, -0.178830
0.495842, 0.732487, -0.697485, -0.247698
0.495846, 0.255196, 0.709572, 0.252461
0.495950, 0.458558, 0.222847, 0.149388
0.496280, 0.472253, 0.163522, 0.116429
0.496345, 0.410604, 0.394113, 0.226418
0.496764, 0.172509, 0.790713, 0.189301
0.497121, 0.686018, -0.623237, -0.260403
0.497128, 0.445662, 0.271712, 0.170616
0.497239, 0.796818, -0.770357, -0.210464
0.497473, 0.037840, 0.848877, 0.044451
0.497623, 0.000000, 0.851448, 0.000000
0.498249, 0.101210, 0.832543, 0.116142
0.498278, 0.367460, 0.511913, 0.258107
0.498318, 0.086514, 0.838026, 0.099903
0.498371, 0.390247, 0.452226, 0.241542
0.498519, 0.233688, 0.736446, 0.236532
0.498776, 0.317800, 0.616025, 0.267854
0.498852, 0.483702, 0.101205, 0.071739
0.499183, 0.140325, 0.814183, 0.156684
0.499805, 0.496440, 0.023945, 0.017489
0.499839, 0.568415, -0.318882, -0.184432
0.499842, 0.742799, -0.709342, -0.248191
0.499871, 0.267235, 0.696019, 0.253337
0.499923, 0.207920, 0.763794, 0.216764
0.499933, 0.674645, -0.601942, -0.265343
0.499939, 0.642728, -0.534923, -0.258328
0.499996, 0.158717, 0.803378, 0.174212
0.500128, 0.920132, -0.842042, -0.091899
0.500417, 0.774807, -0.746233, -0.229580
0.500497, 0.907930, -0.837482, -0.105552
0.500557, 0.422595, 0.349775, 0.197123
0.500630, 0.809057, -0.778498, -0.203473
0.500663, 0.127568, 0.822830, 0.142969
0.500673, 0.970961, -0.852261, -0.033909
0.500688, 0.721965, -0.680683, -0.258650
0.500773, 0.931601, -0.844506, -0.079238
0.500946, 0.336747, 0.579441, 0.262650
0.501140, 0.304859, 0.639077, 0.262601
0.501502, 0.508256, -0.058304, -0.045253
0.501575, 0.114715, 0.830133, 0.129204
0.501597, 0.895228, -0.831244, -0.119868
0.501646, 0.222268, 0.750786, 0.225727
0.501687, 0.599484, -0.422648, -0.231707
0.501696, 0.587491, -0.385885, -0.218116
0.501822, 0.708206, -0.659802, -0.264968
0.501858, 0.051186, 0.851678, 0.059071
0.501870, 0.989802, -0.852311, -0.011997
0.502555, 0.960297, -0.848742, -0.046582
0.502707, 0.533283, -0.185184, -0.125149
0.502815, 0.346894, 0.557484, 0.256184
0.502816, 0.882756, -0.824343, -0.133826
0.502887, 0.280439, 0.678421, 0.254203
0.503081, 0.555985, -0.278271, -0.174332
0.503107, 0.294203, 0.657132, 0.257438
0.503205, 0.519997, -0.125978, -0.093180
0.503354, 0.246069, 0.725019, 0.238437
0.503794, 0.194381, 0.779201, 0.202553
0.503842, 0.869453, -0.816650, -0.148336
0.503854, 0.821036, -0.785287, -0.195615
0.503898, 0.008336, 0.858813, 0.009633
0.504049, 0.753928, -0.720596, -0.247031
0.504239, 0.400703, 0.415984, 0.214048
0.504378, 0.662995, -0.579430, -0.272978
0.504471, 0.380067, 0.475456, 0.233703
0.504488, 0.434046, 0.302727, 0.164750
0.504721, 0.073235, 0.849574, 0.083114
0.504722, 0.611890, -0.460601, -0.251789
0.504892, 0.786867, -0.755040, -0.225155
0.504926, 0.855750, -0.807878, -0.163019
0.505263, 0.018424, 0.860107, 0.021113
0.505482, 0.466319, 0.166281, 0.089799
0.505763, 0.949140, -0.843017, -0.060177
0.505947, 0.624911, -0.494851, -0.263399
0.506171, 0.544165, -0.238066, -0.163382
0.506209, 0.326190, 0.600119, 0.253748
0.506361, 0.149441, 0.815650, 0.161197
0.506446, 0.842462, -0.798127, -0.177264
0.506880, 0.695703, -0.638425, -0.275801
0.506924, 0.167865, 0.803278, 0.177728
0.507194, 0.181392, 0.792978, 0.189193
0.507308, 0.358206, 0.529582, 0.241038
0.507456, 0.454318, 0.215085, 0.111017
0.507474, 0.029869, 0.861463, 0.033969
0.507576, 0.093199, 0.845662, 0.103841
0.508096, 0.831577, -0.789057, -0.188930
0.508517, 0.413499, 0.369434, 0.183870
0.508519, 0.650799, -0.555151, -0.279586
0.508633, 0.765499, -0.730564, -0.244602
0.508706, 0.732029, -0.690862, -0.265047
0.508766, 0.061865, 0.856977, 0.069513
0.508769, 0.258644, 0.711695, 0.237905
0.508902, 0.980252, -0.843380, -0.023728
0.508908, 0.577489, -0.362702, -0.228230
0.509101, 1.000000, -0.843994, 0.000000
0.509194, 0.041257, 0.861581, 0.046541
0.509316, 0.799185, -0.762615, -0.219187
0.509529, 0.683708, -0.617741, -0.282201
0.509567, 0.233953, 0.743061, 0.224361
0.509664, 0.489475, 0.023956, -0.014812
0.509722, 0.214390, 0.764522, 0.211908
0.509727, 0.443765, 0.254374, 0.125280
0.509754, 0.369567, 0.499689, 0.228085
0.509911, 0.637130, -0.525551, -0.278402
0.509919, 0.476495, 0.102004, 0.037273
0.509940, 0.104385, 0.843448, 0.114657
0.510009, 0.938672, -0.835693, -0.073358
0.510311, 0.312856, 0.625544, 0.246949
0.510590, 0.136886, 0.827474, 0.146673
0.510735, 0.717260, -0.669787, -0.274504
0.511097, 0.272679, 0.692798, 0.239812
0.511561, 0.564286, -0.321872, -0.218259
0.511844, 0.390125, 0.440577, 0.204073
0.511880, 0.914340, -0.826858, -0.102242
0.511987, 0.082775, 0.854150, 0.091249
0.512252, 0.124768, 0.835958, 0.134052
0.512274, 0.926347, -0.829914, -0.088403
0.512275, 0.501710, -0.061740, -0.082210
0.512282, 0.901976, -0.822107, -0.116554
0.512386, 0.591066, -0.408500, -0.254586
0.512424, 0.202993, 0.777842, 0.201358
0.512644, 0.744061, -0.703622, -0.263042
0.512706, 0.000000, 0.869292, 0.000000
0.512816, 0.811407, -0.769668, -0.211225
0.512970, 0.672209, -0.596926, -0.289333
0.513157, 0.777369, -0.739354, -0.240422
0.513172, 0.287303, 0.670488, 0.239952
0.513329, 0.968898, -0.837122, -0.037796
0.513413, 0.425085, 0.320400, 0.147811
0.513502, 0.526242, -0.179536, -0.154470
0.513518, 0.337123, 0.575767, 0.236072
0.513696, 0.889325, -0.815392, -0.131451
0.513872, 0.513529, -0.124682, -0.125351
0.513930, 0.876776, -0.809556, -0.145495
0.513963, 0.603080, -0.443234, -0.269080
0.514525, 0.300703, 0.647977, 0.239405
0.514543, 0.863374, -0.802159, -0.160384
0.514613, 0.705318, -0.650889, -0.284713
0.514741, 0.245323, 0.731927, 0.224219
0.514756, 0.114587, 0.843588, 0.122730
0.514976, 0.349376, 0.547521, 0.228258
0.515031, 0.157954, 0.817753, 0.163201
0.515071, 0.050601, 0.866463, 0.055716
0.515355, 0.551588, -0.283030, -0.211739
0.515491, 0.404053, 0.391869, 0.174944
0.515637, 0.224231, 0.757739, 0.211876
0.516015, 0.849476, -0.792786, -0.175957
0.516022, 0.538480, -0.235100, -0.190870
0.516098, 0.957308, -0.832189, -0.052229
0.516108, 0.615560, -0.477015, -0.283040
0.516246, 0.191849, 0.791109, 0.189705
0.516327, 0.463011, 0.151187, 0.047716
0.516349, 0.989773, -0.835037, -0.012565
0.516918, 0.660439, -0.574874, -0.296911
0.516950, 0.756019, -0.714428, -0.260088
0.516955, 0.010660, 0.873683, 0.011722
0.516999, 0.171244, 0.809312, 0.173013
0.517022, 0.823343, -0.774564, -0.203123
0.517147, 0.377973, 0.470416, 0.200589
0.517255, 0.323741, 0.603516, 0.232274
0.517438, 0.789336, -0.747016, -0.234552
0.517596, 0.072030, 0.863791, 0.078015
0.517851, 0.023512, 0.873664, 0.025757
0.518191, 0.436104, 0.268028, 0.107832
0.518469, 0.627039, -0.505303, -0.293838
0.518814, 0.692827, -0.630412, -0.295192
0.518869, 0.725302, -0.676568, -0.281477
0.518941, 0.145713, 0.829669, 0.149662
0.519416, 0.836533, -0.781174, -0.191515
0.519567, 0.363585, 0.508538, 0.207068
0.519768, 0.093936, 0.858148, 0.099800
0.519837, 0.946040, -0.825657, -0.066586
0.519915, 0.648124, -0.550964, -0.302034
0.519942, 0.181801, 0.802828, 0.178935
0.520063, 0.254996, 0.721314, 0.221187
0.520097, 0.036372, 0.874487, 0.039424
0.520180, 0.483631, 0.014496, -0.055702
0.520222, 0.450054, 0.202705, 0.066177
0.520413, 0.571443, -0.356934, -0.256700
0.520502, 0.266774, 0.704432, 0.224253
0.520971, 0.583354, -0.393740, -0.271424
0.521409, 0.415381, 0.342724, 0.136243
0.521442, 0.768009, -0.723557, -0.255811
0.521600, 0.801311, -0.753438, -0.227412
0.521632, 0.211970, 0.774886, 0.197989
0.521910, 0.060875, 0.871346, 0.065106
0.521990, 0.494621, -0.056356, -0.109483
0.522080, 0.735874, -0.687903, -0.279281
0.522125, 0.279489, 0.684971, 0.224508
0.522269, 0.395549, 0.410631, 0.164596
0.522288, 0.132354, 0.841119, 0.135568
0.522293, 0.235263, 0.748316, 0.209925
0.522297, 0.681104, -0.610594, -0.303860
0.522386, 0.312599, 0.625252, 0.224096
0.522387, 0.637871, -0.530180, -0.305607
0.522480, 0.105120, 0.855699, 0.109840
0.522597, 0.978505, -0.826768, -0.026881
0.522690, 0.472987, 0.071187, -0.024040
0.522698, 0.934255, -0.819652, -0.081572
0.523087, 1.000000, -0.826928, 0.000000
0.523438, 0.909159, -0.811646, -0.112076
0.523587, 0.714287, -0.659509, -0.293373
0.523593, 0.921563, -0.815253, -0.097224
0.523650, 0.558870, -0.320443, -0.251167
0.523934, 0.896540, -0.806620, -0.127186
0.524492, 0.595470, -0.430597, -0.291696
0.524747, 0.871615, -0.795063, -0.156368
0.524904, 0.531215, -0.223149, -0.210710
0.524937, 0.507074, -0.124341, -0.159367
0.525021, 0.519136, -0.175299, -0.186893
0.525065, 0.858216, -0.787929, -0.171590
0.525077, 0.083132, 0.867591, 0.086979
0.525107, 0.813105, -0.759281, -0.218839
0.525144, 0.291894, 0.664102, 0.220389
0.525352, 0.353899, 0.529755, 0.199487
0.525399, 0.331623, 0.583914, 0.212200
0.525518, 0.384868, 0.440957, 0.168432
0.525550, 0.200324, 0.789487, 0.186805
0.525572, 0.883481, -0.799418, -0.143118
0.525659, 0.119483, 0.851677, 0.121855
0.525719, 0.966648, -0.821809, -0.041982
0.525767, 0.669257, -0.589851, -0.311976
0.525788, 0.747375, -0.698605, -0.275822
0.525897, 0.780005, -0.731275, -0.250104
0.525948, 0.342045, 0.559126, 0.205565
0.526030, 0.607438, -0.461896, -0.302767
0.526218, 0.048265, 0.878730, 0.050961
0.526448, 0.164517, 0.822255, 0.160187
0.526586, 0.426138, 0.290951, 0.095555
0.526688, 0.545516, -0.279281, -0.242177
0.526850, 0.000000, 0.884369, 0.000000
0.527080, 0.701929, -0.640707, -0.303896
0.527334, 0.302411, 0.644582, 0.215936
0.527538, 0.014356, 0.884717, 0.015187
0.527606, 0.222894, 0.765977, 0.197591
0.527683, 0.460789, 0.124605, -0.003827
0.528193, 0.846470, -0.777934, -0.186242
0.528321, 0.372218, 0.476485, 0.174928
0.528413, 0.245993, 0.737008, 0.206883
0.528527, 0.154071, 0.832026, 0.150282
0.528615, 0.619543, -0.491678, -0.314268
0.528716, 0.825309, -0.764167, -0.209043
0.528790, 0.406157, 0.363861, 0.125758
0.528845, 0.439205, 0.229855, 0.056012
0.529101, 0.656591, -0.566820, -0.319253
0.529486, 0.953865, -0.815249, -0.058571
0.529957, 0.759126, -0.707838, -0.271289
0.529995, 0.988450, -0.818132, -0.014731
0.530088, 0.071465, 0.876750, 0.073562
0.530135, 0.188756, 0.803901, 0.174837
0.530139, 0.026343, 0.886341, 0.027494
0.530160, 0.791923, -0.737801, -0.243031
0.530209, 0.175617, 0.815936, 0.165438
0.530839, 0.141916, 0.842490, 0.138589
0.530952, 0.259816, 0.717839, 0.207134
0.531031, 0.321973, 0.603550, 0.203786
0.531386, 0.725169, -0.668972, -0.297133
0.531514, 0.690541, -0.622213, -0.315098
0.531893, 0.577312, -0.386364, -0.297242
0.531902, 0.631341, -0.517959, -0.324211
0.531953, 0.484147, -0.035123, -0.127664
0.532010, 0.835423, -0.767125, -0.200490
0.532268, 0.107877, 0.863663, 0.107765
0.532275, 0.272704, 0.697658, 0.207246
0.532503, 0.037251, 0.887210, 0.038425
0.532530, 0.566741, -0.355792, -0.288562
0.532594, 0.094646, 0.870415, 0.095193
0.532602, 0.449311, 0.169505, 0.009172
0.532744, 0.497693, -0.101359, -0.170063
0.533202, 0.942413, -0.808501, -0.073687
0.533467, 0.644457, -0.544096, -0.328200
0.533580, 0.361055, 0.503480, 0.171136
0.533622, 0.211675, 0.782174, 0.184840
0.533908, 0.059187, 0.883975, 0.060267
0.534045, 0.232850, 0.756660, 0.194243
0.534095, 0.587743, -0.416545, -0.311400
0.534130, 0.129272, 0.853488, 0.125768
0.534215, 0.804150, -0.743489, -0.234427
0.534271, 0.737495, -0.681510, -0.292112
0.534313, 0.471240, 0.029863, -0.090734
0.534318, 0.394418, 0.396815, 0.125952
0.534330, 0.929520, -0.804292, -0.090183
0.534369, 0.770936, -0.715542, -0.265638
0.534486, 0.284876, 0.676968, 0.204326
0.534556, 0.865884, -0.780955, -0.167645
0.534600, 0.536381, -0.259144, -0.255637
0.534778, 0.903852, -0.796212, -0.122234
0.534807, 0.916570, -0.800161, -0.106511
0.534851, 0.679010, -0.603367, -0.324287
0.534946, 0.711347, -0.649400, -0.309738
0.535090, 0.416835, 0.311431, 0.082369
0.535108, 0.890874, -0.791186, -0.138147
0.535294, 0.554609, -0.321225, -0.283207
0.535969, 0.310849, 0.625933, 0.196906
0.536082, 0.975995, -0.809781, -0.031107
0.536321, 1.000000, -0.810406, 0.000000
0.536325, 0.524191, -0.217451, -0.241386
0.536445, 0.347574, 0.538269, 0.175667
0.536717, 0.009056, 0.894480, 0.009223
0.536779, 0.512182, -0.172310, -0.220752
0.536866, 0.599471, -0.447737, -0.325192
0.536956, 0.962832, -0.807007, -0.048187
0.537174, 0.382005, 0.435232, 0.135641
0.537229, 0.816615, -0.749441, -0.223818
0.537478, 0.431397, 0.243112, 0.038236
0.537498, 0.082399, 0.879963, 0.081639
0.537683, 0.666632, -0.582593, -0.332297
0.537776, 0.877311, -0.782521, -0.155553
0.537814, 0.334319, 0.571276, 0.181584
0.537832, 0.200724, 0.796556, 0.174527
0.537846, 0.854655, -0.771545, -0.182281
0.538226, 0.610869, -0.474728, -0.332687
0.538430, 0.749930, -0.691664, -0.287196
0.538544, 0.047067, 0.891389, 0.047160
0.538706, 0.117251, 0.864566, 0.112742
0.538848, 0.782510, -0.721694, -0.259042
0.538892, 0.297952, 0.651761, 0.194232
0.538918, 0.164900, 0.831520, 0.150379
0.539510, 0.457980, 0.091359, -0.063963
0.539860, 0.252654, 0.730784, 0.192519
0.540213, 0.242015, 0.746456, 0.189361
0.540304, 0.152097, 0.842725, 0.139987
0.540324, 0.700105, -0.631512, -0.322987
0.540578, 0.178323, 0.820715, 0.158147
0.540606, 0.221930, 0.773340, 0.181574
0.540816, 0.020521, 0.897838, 0.020441
0.540933, 0.404761, 0.346846, 0.083555
0.541082, 0.370349, 0.467554, 0.138768
0.541183, 0.622708, -0.501034, -0.341861
0.541230, 0.842577, -0.761179, -0.197893
0.541309, 0.545053, -0.298433, -0.291058
0.541440, 0.655048, -0.562211, -0.341311
0.541752, 0.190232, 0.809779, 0.164460
0.541937, 0.000000, 0.900027, 0.000000
0.542152, 0.069989, 0.888868, 0.068267
0.542248, 0.265527, 0.710771, 0.190471
0.542359, 0.719438, -0.654770, -0.313968
0.542429, 0.139326, 0.853652, 0.128684
0.542606, 0.828843, -0.751500, -0.214140
0.542609, 0.443068, 0.168777, -0.021758
0.542647, 0.794644, -0.727859, -0.250248
0.542652, 0.988443, -0.801921, -0.015249
0.542765, 0.502675, -0.146222, -0.224990
0.542826, 0.103600, 0.875457, 0.098638
0.542829, 0.762002, -0.699762, -0.281282
0.542859, 0.490326, -0.094562, -0.197270
0.542931, 0.321705, 0.598923, 0.177067
0.543444, 0.565216, -0.361937, -0.319176
0.543557, 0.032694, 0.899122, 0.032068
0.543585, 0.951090, -0.796911, -0.064371
0.543615, 0.634952, -0.525379, -0.347244
0.543759, 0.576938, -0.394852, -0.329787
0.544125, 0.478580, -0.044461, -0.171542
0.544198, 0.688879, -0.613993, -0.333965
0.544524, 0.730137, -0.665615, -0.308905
0.544807, 0.422975, 0.261527, 0.026853
0.544821, 0.937479, -0.792857, -0.082326
0.544840, 0.357297, 0.503039, 0.143011
0.545268, 0.276492, 0.691715, 0.185168
0.545619, 0.924150, -0.788657, -0.099771
0.545717, 0.392096, 0.386109, 0.089846
0.545770, 0.288517, 0.669182, 0.183100
0.545774, 0.589824, -0.428177, -0.341817
0.545780, 0.092029, 0.883554, 0.087106
0.545824, 0.898290, -0.780638, -0.132850
0.545868, 0.885474, -0.775876, -0.148866
0.545937, 0.911096, -0.784617, -0.116623
0.545968, 0.866145, -0.767551, -0.172649
0.545974, 0.057742, 0.896018, 0.055638
0.546004, 0.466752, 0.009839, -0.142136
0.546309, 0.126530, 0.865303, 0.116011
0.546392, 0.210387, 0.789986, 0.169694
0.546431, 0.532804, -0.264523, -0.291371
0.546547, 0.675768, -0.593820, -0.343032
0.546590, 0.806799, -0.732665, -0.240558
0.546677, 0.644800, -0.543291, -0.352199
0.546746, 0.741286, -0.675971, -0.302578
0.546986, 0.965224, -0.794165, -0.046245
0.547380, 0.344465, 0.537535, 0.149251
0.547425, 0.308248, 0.627706, 0.173600
0.547526, 0.232528, 0.761940, 0.176355
0.547631, 0.773275, -0.705452, -0.275182
0.548013, 0.520917, -0.225444, -0.278836
0.548585, 0.709194, -0.638209, -0.328171
0.548670, 0.554838, -0.336790, -0.324661
0.548740, 0.977741, -0.793461, -0.029759
0.549060, 0.044618, 0.901976, 0.042609
0.549070, 0.412693, 0.296844, 0.034305
0.549083, 0.818010, -0.737505, -0.230101
0.549240, 0.602372, -0.458808, -0.354781
0.549299, 0.852390, -0.757111, -0.190703
0.549391, 0.380035, 0.423571, 0.097809
0.549537, 1.000000, -0.793155, 0.000000
0.549549, 0.452661, 0.079607, -0.104648
0.549958, 0.010384, 0.907600, 0.009906
0.550145, 0.614070, -0.484054, -0.359041
0.550172, 0.080187, 0.892429, 0.074768
0.550200, 0.332565, 0.567325, 0.152145
0.550403, 0.256737, 0.726017, 0.176813
0.550424, 0.663765, -0.573888, -0.353536
0.550491, 0.113337, 0.876674, 0.102869
0.550646, 0.433546, 0.191662, -0.031960
0.550686, 0.172378, 0.832640, 0.145136
0.550747, 0.160166, 0.843608, 0.137365
0.551162, 0.510191, -0.192300, -0.272862
0.551176, 0.199047, 0.805441, 0.159449
0.551305, 0.753691, -0.684385, -0.296639
0.551350, 0.785860, -0.712140, -0.265846
0.551852, 0.838110, -0.746493, -0.208881
0.552006, 0.185318, 0.820699, 0.151232
0.552050, 0.244356, 0.745915, 0.172770
0.552297, 0.147918, 0.854629, 0.127871
0.552595, 0.367455, 0.461625, 0.106464
0.552927, 0.876346, -0.763686, -0.163034
0.552938, 0.627661, -0.511222, -0.365333
0.553167, 0.221832, 0.778220, 0.165743
0.553331, 0.021707, 0.909799, 0.020337
0.553490, 0.542768, -0.305323, -0.326415
0.553553, 0.296487, 0.651218, 0.165549
0.553641, 0.401360, 0.334031, 0.041277
0.553825, 0.497487, -0.149007, -0.259519
0.553992, 0.698805, -0.621753, -0.341453
0.554140, 0.135704, 0.865054, 0.117875
0.554405, 0.320523, 0.595207, 0.150835
0.554567, 0.485508, -0.102298, -0.237172
0.554576, 0.068189, 0.900746, 0.062553
0.554646, 0.720873, -0.647622, -0.327098
0.554808, 0.567356, -0.376410, -0.351765
0.554819, 0.580851, -0.410548, -0.359469
0.555012, 0.684805, -0.602616, -0.350791
0.555050, 0.798795, -0.718038, -0.255074
0.555193, 0.652398, -0.554188, -0.364924
0.555350, 0.101648, 0.887090, 0.090690
0.555433, 0.267865, 0.707089, 0.168326
0.555590, 0.943224, -0.779923, -0.076781
0.555936, 0.955485, -0.781420, -0.060354
0.555943, 0.000000, 0.913577, 0.000000
0.555965, 0.032981, 0.910698, 0.030441
0.556028, 0.990030, -0.784040, -0.013602
0.556251, 0.890637, -0.764689, -0.146175
0.556278, 0.826213, -0.734405, -0.225231
0.556363, 0.282368, 0.679208, 0.163761
0.556422, 0.930405, -0.776135, -0.094069
0.556426, 0.354878, 0.496916, 0.111455
0.556605, 0.473561, -0.055879, -0.216934
0.556681, 0.862046, -0.752725, -0.182468
0.556704, 0.763718, -0.688443, -0.292107
0.556755, 0.461972, -0.001283, -0.183398
0.556759, 0.443194, 0.107970, -0.107343
0.556783, 0.904117, -0.768627, -0.128862
0.556858, 0.917385, -0.772318, -0.111446
0.557327, 0.732290, -0.657754, -0.320873
0.557352, 0.422644, 0.226144, -0.030995
0.557526, 0.056368, 0.906892, 0.051241
0.557667, 0.593384, -0.440790, -0.370770
0.557933, 0.389587, 0.372369, 0.049330
0.557964, 0.744753, -0.669815, -0.310808
0.557966, 0.122639, 0.876797, 0.105692
0.558040, 0.639258, -0.531398, -0.372953
0.558395, 0.530100, -0.271014, -0.326736
0.558575, 0.212111, 0.792763, 0.155753
0.558583, 0.968075, -0.779057, -0.043627
0.558692, 0.089893, 0.895528, 0.079526
0.559107, 0.672872, -0.583754, -0.362626
0.559114, 0.309509, 0.619209, 0.146880
0.559117, 0.343027, 0.529934, 0.117958
0.559731, 0.811994, -0.721722, -0.243646
0.559776, 0.776312, -0.695959, -0.282147
0.559828, 0.847699, -0.742030, -0.201599
0.559895, 0.232338, 0.765256, 0.159043
0.559979, 0.555118, -0.347310, -0.356857
0.560080, 0.044645, 0.911985, 0.040229
0.560469, 0.617833, -0.491996, -0.379847
0.560831, 0.517883, -0.234723, -0.319184
0.561007, 0.254356, 0.730445, 0.159170
0.561037, 0.980246, -0.776818, -0.027172
0.561113, 0.710967, -0.631509, -0.341719
0.561208, 0.377380, 0.412870, 0.060892
0.561801, 0.411232, 0.269376, -0.018166
0.561992, 0.606040, -0.468572, -0.382305
0.562145, 0.167110, 0.844302, 0.131479
0.562413, 0.191308, 0.819331, 0.143327
0.562493, 0.179063, 0.832606, 0.137378
0.562572, 0.331299, 0.560092, 0.120649
0.562754, 0.202377, 0.806372, 0.147278
0.562802, 0.077456, 0.904318, 0.067493
0.562919, 0.155189, 0.855564, 0.123931
0.563127, 0.505227, -0.194655, -0.308338
0.563311, 0.012011, 0.919695, 0.010696
0.563374, 0.789081, -0.701939, -0.271466
0.563415, 0.453172, 0.022048, -0.188887
0.563485, 0.692686, -0.607775, -0.357206
0.563512, 0.661393, -0.564954, -0.374392
0.563658, 1.000000, -0.773780, 0.000000
0.563851, 0.111771, 0.888022, 0.093959
0.563935, 0.242135, 0.750766, 0.154143
0.563957, 0.432663, 0.142607, -0.105750
0.564028, 0.871196, -0.747497, -0.174047
0.564246, 0.365235, 0.451495, 0.071407
0.564420, 0.835652, -0.730133, -0.218597
0.564513, 0.543322, -0.318130, -0.359771
0.564598, 0.143342, 0.866452, 0.115251
0.564606, 0.299456, 0.639657, 0.139959
0.564759, 0.573890, -0.398270, -0.380349
0.564935, 0.273647, 0.694751, 0.149835
0.565190, 0.883342, -0.750757, -0.158772
0.565241, 0.492216, -0.150891, -0.293890
0.565514, 0.131655, 0.875881, 0.107013
0.565675, 0.628789, -0.511469, -0.388150
0.565966, 0.753431, -0.670444, -0.310213
0.566032, 0.024361, 0.920929, 0.021343
0.566072, 0.399644, 0.311239, -0.006531
0.566146, 0.479757, -0.104589, -0.273006
0.566379, 0.288227, 0.664321, 0.142202
0.566708, 0.222890, 0.780331, 0.147556
0.566848, 0.801192, -0.706663, -0.260458
0.566921, 0.320005, 0.587085, 0.119830
0.567029, 0.649028, -0.544518, -0.384545
0.567086, 0.896896, -0.752833, -0.141566
0.567131, 0.723805, -0.640812, -0.338083
0.567210, 0.856997, -0.737291, -0.193520
0.567362, 0.064944, 0.912553, 0.055618
0.567445, 0.584716, -0.424184, -0.390312
0.567480, 0.948031, -0.764591, -0.072230
0.567664, 0.739354, -0.655771, -0.324946
0.567684, 0.935831, -0.762180, -0.089037
0.567691, 0.910275, -0.756088, -0.123812
0.567816, 0.822881, -0.719076, -0.235799
0.567916, 0.100486, 0.897545, 0.083227
0.567918, 0.681630, -0.590769, -0.369781
0.568023, 0.923324, -0.758944, -0.106202
0.568290, 0.466103, -0.052699, -0.250655
0.568349, 0.563414, -0.374270, -0.383954
0.568378, 0.766778, -0.679414, -0.298826
0.568419, 0.037085, 0.920955, 0.031916
0.568476, 0.261620, 0.717069, 0.145657
0.568483, 0.960402, -0.764844, -0.055247
0.568645, 0.353151, 0.485761, 0.075389
0.568739, 0.702536, -0.616022, -0.356733
0.568923, 0.000000, 0.924685, 0.000000
0.569256, 0.051671, 0.918280, 0.044004
0.569548, 0.596139, -0.448999, -0.396896
0.569693, 0.533710, -0.295295, -0.365953
0.569768, 0.387462, 0.355018, 0.007235
0.569878, 0.421308, 0.186812, -0.094043
0.570026, 0.442840, 0.054441, -0.187450
0.570383, 0.973559, -0.763410, -0.037105
0.570649, 0.988251, -0.763959, -0.016501
0.570795, 0.088396, 0.905746, 0.072777
0.571003, 0.341720, 0.519668, 0.084368
0.571283, 0.522900, -0.264396, -0.359408
0.571508, 0.121850, 0.886988, 0.096261
0.571651, 0.779989, -0.686250, -0.287376
0.571664, 0.211792, 0.796910, 0.138521
0.571691, 0.616834, -0.489174, -0.400889
0.571950, 0.638121, -0.525457, -0.396208
0.572195, 0.670507, -0.573396, -0.382020
0.572337, 0.309513, 0.609998, 0.114593
0.572474, 0.845277, -0.725123, -0.210775
0.572871, 0.248165, 0.740707, 0.139255
0.572881, 0.551798, -0.347475, -0.388866
0.572992, 0.812162, -0.706500, -0.251630
0.573102, 0.375449, 0.396831, 0.020397
0.573254, 0.511415, -0.230597, -0.351924
0.573493, 0.174517, 0.842532, 0.123959
0.573678, 0.187296, 0.828452, 0.128942
0.573774, 0.161863, 0.855449, 0.117847
0.574022, 0.233903, 0.764557, 0.137778
0.574075, 0.199414, 0.813852, 0.132391
0.574143, 0.279125, 0.680401, 0.129290
0.574150, 0.713295, -0.623697, -0.354146
0.574340, 0.409859, 0.235168, -0.075976
0.574629, 0.865948, -0.731617, -0.185151
0.574832, 0.454873, -0.020212, -0.251065
0.574862, 0.077475, 0.913750, 0.062714
0.574930, 0.499122, -0.192126, -0.340616
0.574978, 0.148997, 0.867915, 0.110088
0.575317, 0.329743, 0.551033, 0.086599
0.575427, 0.732368, -0.641822, -0.338758
0.575706, 0.606767, -0.470067, -0.409248
0.575903, 0.692133, -0.598453, -0.372670
0.575910, 0.658798, -0.555038, -0.393393
0.575925, 0.363419, 0.437568, 0.033741
0.576213, 0.008589, 0.930786, 0.007096
0.576258, 0.135581, 0.879831, 0.101513
0.576266, 0.791449, -0.689229, -0.277841
0.576338, 0.877339, -0.733798, -0.170758
0.576350, 0.297379, 0.637530, 0.114066
0.576419, 0.832753, -0.713967, -0.228428
0.576682, 0.475008, -0.107913, -0.305710
0.576877, 0.431478, 0.093381, -0.181498
0.576919, 1.000000, -0.755673, 0.000000
0.576990, 0.573959, -0.402836, -0.408785
0.576998, 0.889675, -0.737390, -0.154410
0.576999, 0.018566, 0.930820, 0.015189
0.577012, 0.486815, -0.152627, -0.328741
0.577096, 0.758251, -0.663420, -0.314743
0.577201, 0.110459, 0.898192, 0.085099
0.578026, 0.397694, 0.285951, -0.055652
0.578028, 0.267766, 0.702837, 0.125878
0.578144, 0.902998, -0.739922, -0.136612
0.578232, 0.030621, 0.930233, 0.024822
0.578272, 0.745721, -0.651471, -0.328435
0.578584, 0.626289, -0.503904, -0.410613
0.578700, 0.541623, -0.325098, -0.397827
0.578996, 0.916089, -0.742271, -0.118752
0.579022, 0.067469, 0.920855, 0.053457
0.579030, 0.043418, 0.928258, 0.034858
0.579282, 0.056287, 0.924957, 0.044883
0.579298, 0.585598, -0.428224, -0.415880
0.579395, 0.221686, 0.783869, 0.128987
0.579425, 0.952774, -0.748656, -0.067327
0.579489, 0.801841, -0.692309, -0.267878
0.579516, 0.940673, -0.746709, -0.084440
0.579723, 0.772234, -0.671548, -0.301912
0.579771, 0.928755, -0.744031, -0.101242
0.579812, 0.097112, 0.907799, 0.074496
0.580131, 0.647597, -0.536769, -0.405038
0.580184, 0.319633, 0.575219, 0.084361
0.580205, 0.855368, -0.719915, -0.201345
0.580302, 0.965546, -0.748836, -0.049275
0.580411, 0.680882, -0.581557, -0.386038
0.580478, 0.561222, -0.374694, -0.412473
0.580598, 0.978638, -0.749554, -0.030602
0.580962, 0.255677, 0.725794, 0.123632
0.581246, 0.287124, 0.658950, 0.109611
0.581259, 0.821466, -0.701864, -0.245063
0.581342, 0.351374, 0.471699, 0.036112
0.581533, 0.722340, -0.626483, -0.353851
0.581614, 0.596787, -0.450702, -0.420990
0.581732, 0.385971, 0.330967, -0.039888
0.581781, 0.442565, 0.017810, -0.248354
0.581987, 0.465529, -0.081882, -0.307602
0.582169, 0.529950, -0.295977, -0.398395
0.582314, 0.702996, -0.605802, -0.371451
0.582423, 0.339162, 0.511616, 0.051936
0.582508, 0.420062, 0.139076, -0.166456
0.582806, 0.122728, 0.893414, 0.089070
0.583561, 0.208832, 0.803257, 0.121720
0.583673, 0.000000, 0.937204, 0.000000
0.583768, 0.242332, 0.749812, 0.121131
0.583788, 0.518328, -0.264389, -0.392673
0.584199, 0.990222, -0.744914, -0.014114
0.584235, 0.182671, 0.837431, 0.115258
0.584390, 0.307204, 0.605599, 0.085618
0.584412, 0.086265, 0.916608, 0.064741
0.584501, 0.169813, 0.852044, 0.110527
0.584523, 0.842846, -0.708649, -0.219568
0.584525, 0.669105, -0.563906, -0.399040
0.584775, 0.636039, -0.517240, -0.417032
0.584906, 0.505612, -0.227030, -0.382282
0.584922, 0.374248, 0.374651, -0.024144
0.585026, 0.196060, 0.820953, 0.117619
0.585139, 0.784331, -0.674136, -0.292108
0.585159, 0.157166, 0.865333, 0.104810
0.585179, 0.614819, -0.482906, -0.424902
0.586280, 0.407224, 0.202318, -0.133965
0.586316, 0.454122, -0.045182, -0.300031
0.586376, 0.144670, 0.877598, 0.098007
0.586432, 0.867668, -0.716760, -0.187510
0.586597, 0.550624, -0.352349, -0.422872
0.586753, 0.492690, -0.188211, -0.371947
0.586800, 0.734045, -0.632505, -0.347611
0.586906, 0.810351, -0.688510, -0.262022
0.587038, 0.275848, 0.681399, 0.103095
0.587185, 0.362796, 0.416726, -0.007441
0.587351, 0.230475, 0.769964, 0.116568
0.587530, 0.881413, -0.720319, -0.169176
0.587708, 0.132965, 0.888275, 0.091061
0.587806, 0.764400, -0.656681, -0.316585
0.587961, 0.478691, -0.142585, -0.355290
0.588045, 0.692010, -0.588911, -0.386646
0.588086, 0.104444, 0.908883, 0.074543
0.588094, 0.895165, -0.724028, -0.150320
0.588131, 0.712842, -0.611020, -0.368968
0.588478, 0.569523, -0.395870, -0.433013
0.588567, 0.023878, 0.939192, 0.018049
0.588567, 0.075412, 0.924579, 0.055356
0.588639, 0.657724, -0.546377, -0.411519
0.589269, 0.753438, -0.646477, -0.329673
0.589354, 0.831539, -0.696923, -0.236525
0.589456, 0.908600, -0.725842, -0.131848
0.589459, 0.295706, 0.631562, 0.083143
0.589503, 0.430888, 0.050578, -0.250598
0.589590, 0.329757, 0.532157, 0.043187
0.589717, 0.036620, 0.937939, 0.027326
0.589763, 0.011073, 0.941495, 0.008313
0.589952, 0.049724, 0.934832, 0.036850
0.590102, 0.580145, -0.418193, -0.437700
0.590261, 0.604788, -0.464418, -0.435984
0.590302, 0.263553, 0.706757, 0.102504
0.590452, 0.796899, -0.676048, -0.280640
0.590459, 0.062640, 0.931025, 0.045813
0.590489, 0.395409, 0.254393, -0.111981
0.590776, 0.921536, -0.727097, -0.113779
0.590850, 0.957833, -0.733016, -0.061493
0.591107, 1.000000, -0.734910, 0.000000
0.591264, 0.114857, 0.903870, 0.078592
0.591319, 0.853668, -0.704594, -0.208299
0.591340, 0.945391, -0.730643, -0.079578
0.591364, 0.538606, -0.325075, -0.428481
0.591522, 0.742794, -0.635248, -0.342819
0.591543, 0.317309, 0.568699, 0.054591
0.591565, 0.623754, -0.495385, -0.432397
0.591827, 0.217820, 0.790322, 0.110007
0.592052, 0.591684, -0.440471, -0.441201
0.592073, 0.970121, -0.732412, -0.043713
0.592145, 0.933986, -0.727608, -0.096184
0.592323, 0.679673, -0.571339, -0.401138
0.592520, 0.343809, 0.478610, 0.010066
0.592689, 0.646621, -0.528849, -0.423488
0.592852, 0.980928, -0.731826, -0.027972
0.592902, 0.251188, 0.731060, 0.102306
0.592947, 0.774729, -0.658375, -0.308600
0.593424, 0.443194, -0.015907, -0.304074
0.593538, 0.466229, -0.107781, -0.354420
0.593864, 0.383004, 0.308460, -0.087907
0.593866, 0.416731, 0.112067, -0.221308
0.594196, 0.093924, 0.918973, 0.064488
0.594355, 0.526723, -0.296780, -0.429174
0.594401, 0.559764, -0.376009, -0.443872
0.594416, 0.820241, -0.684645, -0.253670
0.594512, 0.190142, 0.830572, 0.104442
0.594606, 0.725277, -0.616756, -0.363436
0.594709, 0.355501, 0.429340, -0.021219
0.594769, 0.284896, 0.654747, 0.079060
0.594794, 0.513464, -0.260820, -0.419941
0.595195, 0.177011, 0.847217, 0.100841
0.595447, 0.204661, 0.810567, 0.104790
0.595653, 0.164245, 0.861969, 0.096796
0.596308, 0.500796, -0.225990, -0.412461
0.596450, 0.702230, -0.592738, -0.386882
0.596504, 0.634604, -0.509694, -0.435178
0.596643, 0.239366, 0.752622, 0.098779
0.596704, 0.151479, 0.875624, 0.091386
0.596873, 0.304743, 0.599302, 0.054217
0.597081, 0.370118, 0.361060, -0.065575
0.597086, 0.667588, -0.553346, -0.415745
0.597103, 0.125981, 0.898671, 0.079965
0.597110, 0.000000, 0.947152, 0.000000
0.597188, 0.487169, -0.184714, -0.399081
0.597226, 0.842206, -0.691596, -0.226201
0.597496, 0.455187, -0.073466, -0.348068
0.597648, 0.786853, -0.661040, -0.297310
0.597648, 0.862970, -0.699687, -0.198183
0.597798, 0.874380, -0.703776, -0.182417
0.598092, 0.888017, -0.707860, -0.163363
0.598386, 0.083331, 0.927204, 0.055886
0.598553, 0.138739, 0.888470, 0.084571
0.598795, 0.807918, -0.672392, -0.271800
0.598828, 0.989730, -0.723493, -0.015213
0.599008, 0.405475, 0.157653, -0.204538
0.599052, 0.272330, 0.682047, 0.078184
0.599214, 0.547597, -0.349918, -0.451046
0.599465, 0.901257, -0.709768, -0.144904
0.599548, 0.019332, 0.947691, 0.013391
0.599600, 0.714281, -0.601616, -0.378762
0.599641, 0.690068, -0.577052, -0.400926
0.599693, 0.762433, -0.641833, -0.327615
0.599711, 0.612263, -0.474206, -0.449638
0.600021, 0.227550, 0.773357, 0.095756
0.600108, 0.070526, 0.934268, 0.047243
0.600183, 0.474823, -0.148591, -0.392023
0.600230, 0.425037, 0.047706, -0.284655
0.600516, 0.043718, 0.943778, 0.029819
0.600586, 0.104226, 0.916308, 0.066492
0.600696, 0.030749, 0.946805, 0.021016
0.600783, 0.056941, 0.939958, 0.038395
0.600862, 0.571676, -0.401721, -0.458869
0.601229, 0.914299, -0.710543, -0.126527
0.601447, 0.336304, 0.489430, -0.007380
0.601473, 0.598697, -0.451201, -0.456643
0.601624, 0.735877, -0.618810, -0.358569
0.601676, 0.656923, -0.536853, -0.428958
0.601765, 0.749373, -0.629529, -0.343975
0.601801, 0.324906, 0.529101, 0.011202
0.602034, 0.951429, -0.715794, -0.072208
0.602055, 0.584533, -0.425922, -0.460249
0.602069, 0.830825, -0.680004, -0.243625
0.602356, 0.436707, -0.010359, -0.327163
0.602393, 0.393371, 0.217277, -0.172693
0.602428, 0.260130, 0.707930, 0.078593
0.602676, 0.963882, -0.716495, -0.053871
0.602883, 0.294454, 0.621765, 0.049006
0.602947, 0.927201, -0.710824, -0.108063
0.603089, 0.313547, 0.564424, 0.024478
0.603800, 0.623273, -0.489455, -0.451353
0.603912, 0.116592, 0.909157, 0.070519
0.604030, 0.215436, 0.793433, 0.091137
0.604182, 0.535681, -0.324575, -0.458588
0.604244, 0.676953, -0.558759, -0.416896
0.604245, 0.797322, -0.659327, -0.288345
0.604262, 0.775901, -0.645840, -0.314900
0.604416, 0.195584, 0.824058, 0.091677
0.604453, 0.852573, -0.686267, -0.215172
0.604479, 0.521093, -0.288751, -0.451758
0.604587, 0.644904, -0.519439, -0.440610
0.604594, 0.010080, 0.952024, 0.006757
0.604839, 1.000000, -0.714797, 0.000000
0.604909, 0.939999, -0.710263, -0.089558
0.604962, 0.347927, 0.436517, -0.045071
0.605017, 0.976731, -0.713745, -0.034855
0.605281, 0.381213, 0.277151, -0.140786
0.605539, 0.360201, 0.382456, -0.076580
0.605620, 0.248445, 0.731396, 0.078159
0.605711, 0.183406, 0.841063, 0.089012
0.605776, 0.558467, -0.375089, -0.467733
0.606350, 0.448365, -0.065474, -0.369377
0.606475, 0.170752, 0.857231, 0.086219
0.606501, 0.508764, -0.258383, -0.449044
0.606669, 0.818958, -0.668128, -0.261651
0.606692, 0.495297, -0.220842, -0.437796
0.606733, 0.281598, 0.652704, 0.052025
0.606972, 0.158474, 0.871558, 0.083091
0.607065, 0.462073, -0.115977, -0.396361
0.607492, 0.879663, -0.692018, -0.178175
0.607686, 0.723519, -0.601873, -0.376783
0.607742, 0.414693, 0.074786, -0.289668
0.608054, 0.145318, 0.885743, 0.078230
0.608082, 0.092415, 0.927692, 0.055692
0.608528, 0.634108, -0.502470, -0.452452
0.608852, 0.130826, 0.899708, 0.072438
0.609080, 0.205148, 0.809531, 0.084461
0.609164, 0.865023, -0.684475, -0.199560
0.609281, 0.893300, -0.693450, -0.159055
0.609313, 0.709134, -0.587193, -0.392929
0.609428, 0.483629, -0.189450, -0.433815
0.609447, 0.370397, 0.320021, -0.125617
0.609547, 0.236620, 0.753582, 0.075454
0.609737, 0.698874, -0.576927, -0.403291
0.609765, 0.078672, 0.936103, 0.047517
0.610260, 0.841405, -0.673661, -0.232966
0.610531, 0.064749, 0.942933, 0.039474
0.610645, 0.687068, -0.564151, -0.415148
0.610796, 0.786511, -0.644581, -0.305890
0.610889, 0.050722, 0.948270, 0.031243
0.610926, 0.666254, -0.541189, -0.433112
0.610959, 0.036856, 0.952091, 0.022902
0.611034, 0.304447, 0.582087, 0.013399
0.611076, 0.000000, 0.956571, 0.000000
0.611112, 0.766905, -0.631392, -0.330329
0.611151, 0.605431, -0.459008, -0.470212
0.611282, 0.906232, -0.694058, -0.140672
0.611343, 0.269373, 0.679754, 0.051359
0.611363, 0.402460, 0.125887, -0.265230
0.611384, 0.988643, -0.705096, -0.017215
0.611416, 0.428215, 0.003391, -0.345531
0.611471, 0.547108, -0.352226, -0.478130
0.611662, 0.472148, -0.156489, -0.426719
0.611723, 0.755982, -0.623073, -0.343761
0.611844, 0.105587, 0.920956, 0.059711
0.611873, 0.591844, -0.436758, -0.475967
0.611878, 0.022729, 0.955467, 0.014046
0.611939, 0.807823, -0.655302, -0.279070
0.612502, 0.567712, -0.393689, -0.481342
0.612649, 0.224965, 0.774910, 0.074383
0.612773, 0.578637, -0.413896, -0.480679
0.612889, 0.329957, 0.490432, -0.036348
0.613063, 0.527622, -0.309475, -0.476293
0.613251, 0.918998, -0.694095, -0.122223
0.613273, 0.954061, -0.699376, -0.069667
0.613314, 0.743876, -0.612288, -0.358980
0.613459, 0.652565, -0.523027, -0.446569
0.613668, 0.616617, -0.474891, -0.469125
0.613685, 0.317056, 0.535588, -0.015718
0.613842, 0.733115, -0.603179, -0.371546
0.614229, 0.290950, 0.618484, 0.021560
0.614240, 0.966076, -0.699512, -0.051587
0.614409, 0.389915, 0.186403, -0.231142
0.614429, 0.830090, -0.663098, -0.250363
0.614545, 0.341045, 0.442062, -0.067466
0.614607, 0.119009, 0.911776, 0.063338
0.615050, 0.440142, -0.051494, -0.386711
0.615084, 0.257715, 0.705049, 0.051940
0.615269, 0.931463, -0.693504, -0.103965
0.615972, 0.191697, 0.829734, 0.075188
0.616132, 0.354328, 0.378724, -0.108345
0.616233, 0.501593, -0.246717, -0.469849
0.616451, 0.852938, -0.669833, -0.219345
0.616672, 0.178506, 0.848453, 0.074319
0.616990, 0.453653, -0.103395, -0.417974
0.617044, 0.515746, -0.283219, -0.480692
0.617125, 0.677943, -0.548809, -0.430083
0.617166, 0.873180, -0.675789, -0.190588
0.617407, 0.627415, -0.488116, -0.468549
0.617567, 0.716369, -0.585096, -0.392813
0.617647, 0.010955, 0.960056, 0.006385
0.617677, 0.796825, -0.641796, -0.296609
0.617859, 0.154355, 0.878558, 0.070316
0.617938, 1.000000, -0.695361, 0.000000
0.617976, 0.776307, -0.629113, -0.323176
0.618026, 0.943794, -0.691521, -0.085794
0.618030, 0.978292, -0.694617, -0.033238
0.618031, 0.213921, 0.793174, 0.067894
0.618126, 0.641320, -0.505845, -0.460503
0.618155, 0.245989, 0.729695, 0.053315
0.618214, 0.378083, 0.241820, -0.203430
0.618253, 0.537753, -0.334045, -0.491210
0.618266, 0.140961, 0.893008, 0.067030
0.618370, 0.166328, 0.864399, 0.071279
0.618641, 0.885444, -0.677670, -0.173186
0.618911, 0.557555, -0.374085, -0.494070
0.619062, 0.420073, 0.019343, -0.358099
0.619143, 0.278840, 0.647130, 0.022121
0.619341, 0.818668, -0.650975, -0.268280
0.619360, 0.489513, -0.216830, -0.468928
0.619726, 0.364712, 0.313130, -0.159849
0.619956, 0.084568, 0.938007, 0.045107
0.620544, 0.202063, 0.812872, 0.066805
0.620662, 0.096435, 0.930969, 0.049853
0.620706, 0.071534, 0.945249, 0.038555
0.620871, 0.058295, 0.951101, 0.031919
0.620966, 0.692079, -0.559449, -0.420769
0.621095, 0.465056, -0.146779, -0.448151
0.621112, 0.409707, 0.059726, -0.339176
0.621114, 0.044870, 0.955797, 0.024842
0.621266, 0.898116, -0.677245, -0.155145
0.621313, 0.300491, 0.578686, -0.013307
0.621414, 0.659586, -0.525010, -0.450407
0.621423, 0.031778, 0.959238, 0.017701
0.621573, 0.598535, -0.444135, -0.489226
0.621740, 0.130246, 0.904375, 0.060955
0.622168, 0.477653, -0.185937, -0.465797
0.622386, 0.584236, -0.421103, -0.495744
0.622576, 0.233888, 0.752918, 0.050994
0.622645, 0.726693, -0.588180, -0.385808
0.622697, 0.704553, -0.569331, -0.409729
0.622823, 0.862785, -0.664329, -0.207560
0.623029, 0.841539, -0.656007, -0.238092
0.623092, 0.324423, 0.489246, -0.063777
0.623190, 0.763957, -0.614619, -0.341978
0.623228, 0.752048, -0.606619, -0.356577
0.623335, 0.108756, 0.923192, 0.052755
0.623422, 0.910632, -0.677215, -0.136913
0.623636, 0.397524, 0.110081, -0.313259
0.623924, 0.431367, -0.036317, -0.403694
0.624043, 0.610726, -0.461039, -0.487107
0.624207, 0.267169, 0.673255, 0.021225
0.624304, 0.569863, -0.396222, -0.502695
0.624336, 0.786264, -0.627016, -0.314180
0.624545, 0.000000, 0.964352, 0.000000
0.624565, 0.311717, 0.534549, -0.043280
0.624763, 0.989042, -0.684771, -0.016959
0.624953, 0.526459, -0.311153, -0.503149
0.624957, 0.670328, -0.533752, -0.445102
0.625008, 0.807118, -0.637539, -0.286767
0.625031, 0.347826, 0.381659, -0.131579
0.625296, 0.547469, -0.354822, -0.506764
0.625354, 0.020387, 0.963388, 0.010881
0.625436, 0.507164, -0.267058, -0.496994
0.625661, 0.222590, 0.774401, 0.051254
0.625744, 0.968221, -0.681994, -0.049215
0.625793, 0.922569, -0.676078, -0.119304
0.625998, 0.956645, -0.680563, -0.067125
0.626031, 0.444782, -0.088095, -0.435660
0.626131, 0.739072, -0.593747, -0.374212
0.626250, 0.335561, 0.435470, -0.102469
0.626443, 0.830150, -0.646501, -0.255612
0.626504, 0.288684, 0.608516, -0.011607
0.626612, 0.185462, 0.838048, 0.060060
0.626663, 0.120271, 0.914663, 0.053780
0.627087, 0.385406, 0.162034, -0.287161
0.627436, 0.648738, -0.507827, -0.466171
0.627722, 0.255661, 0.699469, 0.023774
0.627765, 0.634038, -0.489812, -0.477541
0.627805, 0.149336, 0.885688, 0.058470
0.627843, 0.934641, -0.675031, -0.101199
0.627909, 0.621943, -0.474280, -0.485955
0.628386, 0.875604, -0.660258, -0.190568
0.628831, 0.682789, -0.542737, -0.437339
0.628910, 0.495450, -0.240079, -0.499026
0.628986, 0.174057, 0.854518, 0.057836
0.629179, 0.372087, 0.230973, -0.244097
0.629689, 0.457135, -0.133424, -0.465528
0.629749, 0.715849, -0.571436, -0.403604
0.629779, 0.852102, -0.650571, -0.225534
0.629814, 0.888361, -0.662055, -0.171980
0.630089, 0.161605, 0.871150, 0.056751
0.630180, 0.243631, 0.726521, 0.028560
0.630290, 0.195796, 0.820923, 0.052082
0.630292, 0.774172, -0.612161, -0.333434
0.630532, 0.358743, 0.304455, -0.196887
0.630589, 0.946640, -0.672618, -0.083091
0.630855, 0.208893, 0.798047, 0.047180
0.631133, 0.420183, -0.008406, -0.408915
0.631146, 0.516777, -0.292060, -0.514462
0.631205, 1.000000, -0.674986, 0.000000
0.631217, 0.592034, -0.430269, -0.506870
0.631229, 0.796566, -0.623599, -0.304259
0.631384, 0.558425, -0.374874, -0.517351
0.631507, 0.077247, 0.947025, 0.035624
0.631519, 0.536763, -0.333839, -0.518598
0.631580, 0.138151, 0.898599, 0.053027
0.631624, 0.817546, -0.633559, -0.275606
0.631672, 0.052275, 0.958519, 0.025015
0.631713, 0.010308, 0.967649, 0.005090
0.631810, 0.978215, -0.673434, -0.034063
0.631845, 0.277085, 0.636219, -0.011356
0.631896, 0.089472, 0.939863, 0.039973
0.631905, 0.064585, 0.953576, 0.030245
0.632112, 0.483341, -0.211063, -0.498999
0.632122, 0.039846, 0.962652, 0.019238
0.632459, 0.577763, -0.407429, -0.514331
0.632529, 0.695478, -0.550885, -0.427989
0.632542, 0.406489, 0.043793, -0.382227
0.632573, 0.300459, 0.559149, -0.050587
0.633114, 0.470387, -0.176587, -0.490669
0.633185, 0.902050, -0.660488, -0.152126
0.633295, 0.101384, 0.932015, 0.042958
0.633397, 0.660636, -0.515922, -0.462661
0.633589, 0.322748, 0.470815, -0.101762
0.633819, 0.749529, -0.591852, -0.366970
0.633976, 0.604189, -0.446505, -0.504762
0.634191, 0.029414, 0.966125, 0.013858
0.634278, 0.434643, -0.066795, -0.447975
0.634443, 0.728288, -0.575892, -0.393065
0.634753, 0.864936, -0.647710, -0.208408
0.635150, 0.761400, -0.597955, -0.352858
0.635791, 0.393781, 0.091131, -0.361575
0.635874, 0.113612, 0.922883, 0.044102
0.635937, 0.345859, 0.354586, -0.179174
0.636046, 0.127488, 0.910277, 0.047082
0.636119, 0.219554, 0.774878, 0.032194
0.636201, 0.231795, 0.748850, 0.024034
0.636265, 0.640329, -0.490920, -0.482973
0.636313, 0.913750, -0.658423, -0.134868
0.636544, 0.840670, -0.636494, -0.244704
0.636815, 0.706496, -0.555846, -0.419824
0.636847, 0.785084, -0.609873, -0.322777
0.637105, 0.673064, -0.525165, -0.454852
0.637280, 0.265493, 0.663174, -0.011036
0.637300, 0.311507, 0.508030, -0.089748
0.637318, 0.505001, -0.267768, -0.524472
0.637396, 0.965235, -0.663768, -0.054774
0.637486, 0.828286, -0.629961, -0.262970
0.637561, 0.615889, -0.460078, -0.502475
0.637888, 0.447113, -0.112853, -0.478570
0.638107, 0.989013, -0.664140, -0.017346
0.638162, 0.926465, -0.657960, -0.115531
0.638188, 0.547326, -0.353997, -0.531176
0.638249, 0.289155, 0.587901, -0.049481
0.638268, 0.333943, 0.407329, -0.151673
0.638288, 0.380538, 0.147981, -0.330346
0.638335, 0.000000, 0.971154, 0.000000
0.638346, 0.526447, -0.314110, -0.531781
0.638389, 0.567191, -0.388401, -0.527411
0.638615, 0.806834, -0.618671, -0.293840
0.638908, 0.184843, 0.836743, 0.041268
0.638974, 0.150484, 0.885093, 0.045622
0.639534, 0.878702, -0.644747, -0.189217
0.639709, 0.739222, -0.577541, -0.383730
0.639729, 0.020387, 0.970308, 0.008893
0.639909, 0.253631, 0.692304, -0.004504
0.640059, 0.892379, -0.647584, -0.168538
0.640099, 0.171939, 0.856279, 0.042475
0.640309, 0.939425, -0.656538, -0.095622
0.640363, 0.367711, 0.210363, -0.291969
0.640475, 0.628378, -0.473551, -0.497226
0.640622, 0.585221, -0.415853, -0.524053
0.640757, 0.651367, -0.499512, -0.478754
0.640812, 0.685687, -0.533372, -0.445651
0.640869, 0.492896, -0.241197, -0.527570
0.640957, 0.198688, 0.812458, 0.033211
0.641023, 0.953578, -0.657368, -0.073474
0.641166, 0.459460, -0.153720, -0.503050
0.641740, 0.853284, -0.633635, -0.228063
0.641769, 0.413230, -0.003594, -0.435688
0.641880, 0.242320, 0.719177, 0.002121
0.642008, 0.426296, -0.051351, -0.461392
0.642161, 0.772558, -0.595698, -0.342542
0.642163, 0.718342, -0.559229, -0.410597
0.642508, 0.160609, 0.871807, 0.040637
0.642539, 0.044635, 0.965598, 0.018128
0.642787, 0.069650, 0.955169, 0.026948
0.642976, 0.355778, 0.269667, -0.256995
0.642999, 0.082354, 0.947957, 0.030789
0.643264, 0.056698, 0.961444, 0.022239
0.643597, 0.140658, 0.896876, 0.040202
0.643674, 0.278312, 0.614641, -0.048630
0.643700, 0.596506, -0.430465, -0.522669
0.643721, 0.480763, -0.213434, -0.527899
0.643842, 0.514867, -0.291208, -0.541548
0.643996, 0.210597, 0.788438, 0.021881
0.644205, 0.977051, -0.654222, -0.036550
0.644218, 0.094358, 0.940167, 0.033151
0.644235, 0.795729, -0.605435, -0.312092
0.644405, 1.000000, -0.654336, 0.000000
0.644494, 0.300355, 0.534971, -0.093030
0.644610, 0.817729, -0.615244, -0.281160
0.644834, 0.536679, -0.334093, -0.544565
0.644949, 0.401151, 0.036504, -0.421681
0.645223, 0.556731, -0.369209, -0.541754
0.645322, 0.751232, -0.578445, -0.372347
0.645362, 0.663326, -0.507566, -0.472427
0.645460, 0.470389, -0.187888, -0.524948
0.645462, 0.697110, -0.538368, -0.437437
0.645589, 0.010363, 0.973825, 0.004127
0.645605, 0.322603, 0.437964, -0.152875
0.645746, 0.106281, 0.931133, 0.034438
0.645971, 0.033608, 0.970322, 0.013015
0.645973, 0.865771, -0.631344, -0.210704
0.646470, 0.438407, -0.097672, -0.494684
0.646521, 0.903905, -0.640592, -0.152253
0.646564, 0.575255, -0.398333, -0.537485
0.646577, 0.118763, 0.920115, 0.035674
0.646945, 0.223652, 0.758787, 0.006825
0.646946, 0.607687, -0.443311, -0.520052
0.647289, 0.130311, 0.908424, 0.035808
0.647417, 0.388367, 0.083987, -0.399523
0.647548, 0.730007, -0.561372, -0.400553
0.647690, 0.640319, -0.481433, -0.495863
0.647869, 0.831358, -0.616170, -0.262727
0.647897, 0.343595, 0.320743, -0.235376
0.648073, 0.917373, -0.641150, -0.131518
0.648200, 0.762167, -0.581457, -0.359832
0.648658, 0.782591, -0.592542, -0.332550
0.648972, 0.268690, 0.636402, -0.050156
0.649006, 0.676366, -0.516338, -0.462823
0.649068, 0.502276, -0.265808, -0.549975
0.649561, 0.843531, -0.618639, -0.245380
0.649628, 0.312511, 0.472385, -0.141915
0.649717, 0.889580, -0.632028, -0.175246
0.649963, 0.965822, -0.644274, -0.054842
0.650029, 0.619280, -0.455458, -0.515594
0.650041, 0.450830, -0.138962, -0.520266
0.650050, 0.930673, -0.640183, -0.110845
0.650160, 0.708571, -0.542324, -0.428202
0.650165, 0.376029, 0.132271, -0.375673
0.650181, 0.190243, 0.823632, 0.020907
0.650378, 0.177425, 0.845365, 0.025697
0.650446, 0.877105, -0.627661, -0.194698
0.650556, 0.257962, 0.666869, -0.038825
0.650686, 0.288790, 0.564989, -0.091547
0.650762, 0.332734, 0.369637, -0.210369
0.650798, 0.234841, 0.728772, -0.012287
0.650862, 0.525175, -0.312422, -0.556474
0.650924, 0.988113, -0.644005, -0.019105
0.651397, 0.943953, -0.639876, -0.089899
0.651757, 0.419238, -0.043499, -0.483632
0.651951, 0.806952, -0.600032, -0.299918
0.651954, 0.546393, -0.350312, -0.555773
0.652006, 0.000000, 0.976623, 0.000000
0.652087, 0.022278, 0.974776, 0.007662
0.652421, 0.151232, 0.883280, 0.028705
0.652574, 0.586621, -0.411836, -0.540569
0.652656, 0.364055, 0.184072, -0.346779
0.652689, 0.489301, -0.238194, -0.553682
0.652714, 0.164914, 0.863979, 0.025648
0.652787, 0.565322, -0.380636, -0.551123
0.652789, 0.742140, -0.563053, -0.388856
0.652921, 0.652778, -0.489798, -0.490076
0.653169, 0.246786, 0.694846, -0.031783
0.653325, 0.202826, 0.798229, 0.008319
0.653451, 0.061790, 0.962289, 0.019401
0.653635, 0.075516, 0.954894, 0.022702
0.653674, 0.046865, 0.968775, 0.015074
0.653788, 0.955673, -0.637362, -0.071415
0.653915, 0.687522, -0.520890, -0.455165
0.654136, 0.629917, -0.464475, -0.511854
0.654177, 0.462969, -0.175713, -0.542586
0.654335, 0.856078, -0.615722, -0.228083
0.654622, 0.408153, -0.009780, -0.474165
0.654870, 0.719946, -0.545223, -0.418121
0.655184, 0.429714, -0.082941, -0.511083
0.655186, 0.087916, 0.947055, 0.024086
0.655444, 0.351827, 0.240699, -0.314009
0.655638, 0.793117, -0.588226, -0.321413
0.655764, 0.770943, -0.576358, -0.352353
0.655780, 0.512971, -0.289159, -0.565762
0.655804, 0.820738, -0.600394, -0.281542
0.655859, 0.301560, 0.502531, -0.139964
0.656070, 0.598217, -0.425139, -0.538115
0.656194, 0.666925, -0.500219, -0.479230
0.656233, 0.214998, 0.770516, -0.006307
0.656299, 0.138958, 0.898315, 0.025410
0.656336, 0.100519, 0.937479, 0.024954
0.656832, 0.395614, 0.032306, -0.456974
0.656877, 0.476482, -0.210883, -0.557933
0.657140, 1.000000, -0.634272, 0.000000
0.657334, 0.277941, 0.590981, -0.092670
0.657396, 0.113058, 0.926375, 0.025036
0.657410, 0.976022, -0.633249, -0.038863
0.657919, 0.535376, -0.330318, -0.568356
0.658139, 0.754707, -0.563927, -0.375733
0.658163, 0.125674, 0.913491, 0.024218
0.658196, 0.033908, 0.974140, 0.009944
0.658280, 0.909669, -0.623662, -0.145627
0.658285, 0.698997, -0.525316, -0.445704
0.658426, 0.897005, -0.620591, -0.165696
0.658529, 0.010968, 0.978240, 0.003262
0.658653, 0.868443, -0.612757, -0.210397
0.658693, 0.441381, -0.121654, -0.535692
0.659055, 0.324292, 0.384390, -0.223148
0.659288, 0.576013, -0.393373, -0.555733
0.659339, 0.833913, -0.600313, -0.263340
0.659356, 0.610051, -0.437444, -0.533777
0.659397, 0.227010, 0.739423, -0.024663
0.659490, 0.640901, -0.471535, -0.507903
0.659627, 0.555424, -0.362804, -0.565595
0.659798, 0.922855, -0.623676, -0.124871
0.659957, 0.732060, -0.547210, -0.406454
0.660006, 0.384011, 0.071026, -0.442803
0.660380, 0.500331, -0.264534, -0.573657
0.660390, 0.883030, -0.613879, -0.188116
0.660857, 0.782053, -0.575126, -0.339577
0.660903, 0.338535, 0.295674, -0.290136
0.661023, 0.183090, 0.831224, 0.005724
0.661026, 0.313283, 0.432859, -0.196921
0.661259, 0.265583, 0.625368, -0.083804
0.661686, 0.936445, -0.622584, -0.103287
0.661948, 0.291952, 0.526709, -0.140730
0.662173, 0.846616, -0.600773, -0.245130
0.662315, 0.195228, 0.807492, -0.003981
0.662331, 0.677900, -0.503408, -0.472950
0.662333, 0.453152, -0.156914, -0.556582
0.662732, 0.372635, 0.111994, -0.424560
0.662795, 0.171237, 0.850706, 0.008125
0.662967, 0.055475, 0.967482, 0.013555
0.663116, 0.523611, -0.309031, -0.579364
0.663233, 0.800412, -0.580675, -0.314440
0.663266, 0.158101, 0.871099, 0.012302
0.663350, 0.988152, -0.624134, -0.019362
0.663402, 0.253398, 0.660933, -0.070039
0.663438, 0.621421, -0.447266, -0.529389
0.663481, 0.418006, -0.057969, -0.521567
0.663666, 0.069685, 0.960258, 0.015824
0.663682, 0.710332, -0.527462, -0.436252
0.663798, 0.659518, -0.485501, -0.493863
0.663960, 0.949634, -0.620458, -0.082201
0.663985, 0.240109, 0.699384, -0.052026
0.664095, 0.487987, -0.239571, -0.578771
0.664240, 0.963832, -0.621493, -0.059116
0.664433, 0.587708, -0.406150, -0.555800
0.664537, 0.811822, -0.583882, -0.298299
0.664731, 0.361009, 0.159299, -0.398455
0.664776, 0.021787, 0.978514, 0.005331
0.665220, 0.744389, -0.548223, -0.393709
0.665266, 0.764061, -0.559526, -0.367025
0.665341, 0.000000, 0.980556, 0.000000
0.665458, 0.146065, 0.887621, 0.012652
0.665514, 0.465512, -0.189805, -0.572913
0.665545, 0.403772, -0.014005, -0.505549
0.665705, 0.545090, -0.344510, -0.578831
0.665864, 0.649433, -0.473888, -0.506009
0.666077, 0.081621, 0.952942, 0.015738
0.666163, 0.206713, 0.780349, -0.020844
0.666165, 0.565524, -0.375011, -0.570926
0.666262, 0.043314, 0.973138, 0.009770
0.666587, 0.348599, 0.216061, -0.363601
0.666706, 0.094613, 0.943133, 0.016164
0.666812, 0.430365, -0.098861, -0.547246
0.666841, 0.689247, -0.507634, -0.463801
0.667007, 0.859844, -0.597589, -0.226252
0.667102, 0.721631, -0.531140, -0.424556
0.667549, 0.511438, -0.286741, -0.588454
0.667610, 0.282328, 0.550790, -0.140557
0.667907, 0.133081, 0.903830, 0.012323
0.667983, 0.632585, -0.455177, -0.524387
0.667995, 0.599858, -0.418801, -0.551782
0.668018, 0.823738, -0.583518, -0.281917
0.668188, 0.107257, 0.931920, 0.014871
0.668239, 0.303975, 0.454574, -0.201735
0.668728, 0.874581, -0.598705, -0.203551
0.668872, 0.119907, 0.918961, 0.013214
0.669021, 0.217780, 0.751727, -0.038054
0.669580, 0.476665, -0.217141, -0.587356
0.669611, 0.902173, -0.604109, -0.159851
0.669624, 0.889269, -0.601043, -0.180485
0.669677, 0.391789, 0.020706, -0.498154
0.669765, 0.976513, -0.613402, -0.038686
0.669793, 0.774937, -0.558921, -0.354182
0.669820, 0.330030, 0.307855, -0.306366
0.669914, 1.000000, -0.613674, 0.000000
0.669999, 0.914868, -0.605998, -0.139459
0.670050, 0.789620, -0.565733, -0.333244
0.670166, 0.668713, -0.486917, -0.489759
0.670352, 0.229782, 0.718974, -0.055801
0.670557, 0.442358, -0.135509, -0.569549
0.670797, 0.533970, -0.325247, -0.590488
0.671009, 0.700717, -0.511447, -0.453325
0.671165, 0.271810, 0.583420, -0.129806
0.671199, 0.835674, -0.583096, -0.264934
0.671267, 0.928014, -0.606171, -0.118326
0.671322, 0.031574, 0.977734, 0.005998
0.671609, 0.576830, -0.387472, -0.572064
0.671720, 0.010436, 0.981503, 0.001988
0.671837, 0.317517, 0.371280, -0.266639
0.671906, 0.611647, -0.429321, -0.546995
0.671986, 0.499334, -0.264168, -0.596867
0.672078, 0.733991, -0.532684, -0.411723
0.672299, 0.754481, -0.544588, -0.384181
0.672455, 0.188766, 0.813019, -0.019153
0.672519, 0.063821, 0.964643, 0.010088
0.673079, 0.380460, 0.055772, -0.487446
0.673438, 0.555034, -0.356528, -0.586577
0.673516, 0.410877, -0.049372, -0.543204
0.673548, 0.178039, 0.833117, -0.013734
0.673734, 0.941319, -0.603767, -0.096871
0.673833, 0.165242, 0.855405, -0.006944
0.673936, 0.260368, 0.618707, -0.116174
0.673940, 0.847226, -0.582863, -0.248025
0.673997, 0.454290, -0.168136, -0.587071
0.674208, 0.643232, -0.459736, -0.520299
0.674390, 0.293075, 0.486161, -0.197052
0.674697, 0.247786, 0.659580, -0.095006
0.674812, 0.802008, -0.564387, -0.317182
0.675062, 0.341165, 0.224348, -0.381651
0.675129, 0.368674, 0.097351, -0.467884
0.675155, 0.954512, -0.603043, -0.075315
0.675283, 0.522110, -0.304743, -0.600912
0.675467, 0.052438, 0.970789, 0.007535
0.675620, 0.152945, 0.874238, -0.003995
0.675687, 0.199372, 0.787813, -0.034928
0.675800, 0.680039, -0.489926, -0.481626
0.675927, 0.988781, -0.603619, -0.018626
0.675966, 0.355758, 0.150581, -0.435576
0.675994, 0.421572, -0.084633, -0.564539
0.675999, 0.589341, -0.400318, -0.569193
0.676060, 0.487770, -0.242133, -0.603840
0.676594, 0.623176, -0.437570, -0.541923
0.676693, 0.656957, -0.469654, -0.508248
0.676965, 0.088622, 0.948048, 0.008040
0.677172, 0.813942, -0.565942, -0.300284
0.677209, 0.075331, 0.957935, 0.007941
0.677391, 0.712382, -0.511760, -0.443294
0.677396, 0.966367, -0.600467, -0.055890
0.677525, 0.140338, 0.891825, -0.001832
0.677705, 0.465541, -0.196114, -0.601461
0.678257, 0.020121, 0.981302, 0.002700
0.678328, 0.857656, -0.579003, -0.232969
0.678464, 0.236555, 0.687765, -0.088134
0.678473, 0.869021, -0.582065, -0.214981
0.678483, 0.399349, -0.019957, -0.542122
0.678565, 0.723730, -0.517628, -0.429326
0.678657, 0.101158, 0.936935, 0.005590
0.678725, 0.765774, -0.541777, -0.371853
0.678881, 0.743755, -0.529400, -0.402639
0.678887, 0.565791, -0.368517, -0.588394
0.678968, 0.544303, -0.338449, -0.599570
0.679025, 0.000000, 0.983145, 0.000000
0.679294, 0.781043, -0.548365, -0.350068
0.679307, 0.041125, 0.975828, 0.004861
0.679310, 0.432666, -0.118196, -0.584905
0.679389, 0.127156, 0.908487, -0.000174
0.679507, 0.305326, 0.407595, -0.262149
0.679513, 0.510139, -0.283742, -0.610316
0.679620, 0.881809, -0.583553, -0.194794
0.679772, 0.210642, 0.756739, -0.056520
0.679784, 0.114190, 0.923495, 0.002410
0.679797, 0.281570, 0.521380, -0.188044
0.679891, 0.690769, -0.493270, -0.471989
0.680098, 0.601525, -0.411298, -0.564531
0.680444, 0.825946, -0.565472, -0.283174
0.680817, 0.894642, -0.584537, -0.174320
0.680864, 0.222864, 0.723430, -0.074662
0.681118, 0.907123, -0.586608, -0.154050
0.681570, 0.327497, 0.274000, -0.363366
0.681585, 0.634064, -0.443597, -0.536457
0.681588, 0.919684, -0.588050, -0.133530
0.681810, 0.669767, -0.474749, -0.498319
0.682129, 0.476405, -0.220655, -0.614311
0.682682, 0.978619, -0.592168, -0.035767
0.682784, 0.444003, -0.149254, -0.602353
0.682836, 0.932557, -0.588006, -0.112480
0.683048, 0.702173, -0.497488, -0.460074
0.683073, 1.000000, -0.591994, 0.000000
0.683146, 0.578653, -0.382285, -0.585573
0.683198, 0.532497, -0.319199, -0.610692
0.683202, 0.792779, -0.548064, -0.334576
0.683346, 0.388225, 0.008895, -0.540185
0.683444, 0.315623, 0.334036, -0.324761
0.683622, 0.837876, -0.564640, -0.265729
0.683779, 0.173866, 0.833754, -0.029539
0.683932, 0.063620, 0.965317, 0.003632
0.683942, 0.269290, 0.562250, -0.172097
0.684159, 0.498408, -0.262868, -0.619844
0.684335, 0.188235, 0.804038, -0.043087
0.684442, 0.029783, 0.979796, 0.002379
0.684460, 0.613587, -0.420498, -0.558809
0.684935, 0.409896, -0.061183, -0.577052
0.685266, 0.256092, 0.609567, -0.146706
0.685267, 0.754115, -0.526298, -0.391759
0.685346, 0.646794, -0.451416, -0.526786
0.685501, 0.350767, 0.145811, -0.464552
0.685635, 0.160817, 0.856044, -0.024097
0.685641, 0.338490, 0.202555, -0.426012
0.685698, 0.732822, -0.513677, -0.421530
0.685775, 0.009717, 0.983419, 0.000672
0.685796, 0.377030, 0.042790, -0.528399
0.685855, 0.945826, -0.584481, -0.090766
0.685894, 0.294660, 0.439779, -0.256404
0.686139, 0.364186, 0.089526, -0.502058
0.686403, 0.455160, -0.177010, -0.616837
0.687066, 0.554793, -0.349212, -0.605821
0.687132, 0.804855, -0.547202, -0.318015
0.687246, 0.849296, -0.562578, -0.248867
0.687342, 0.083546, 0.951280, 0.000189
0.687465, 0.520325, -0.299060, -0.621447
0.687485, 0.148055, 0.876030, -0.019564
0.687600, 0.243746, 0.648226, -0.129107
0.687652, 0.773693, -0.532646, -0.364726
0.687665, 0.051539, 0.971764, 0.001829
0.687675, 0.421578, -0.096654, -0.597391
0.687692, 0.200529, 0.772537, -0.063055
0.687762, 0.591010, -0.393346, -0.581712
0.688106, 0.487014, -0.242179, -0.627356
0.688129, 0.957351, -0.581842, -0.071708
0.688526, 0.659131, -0.458460, -0.515946
0.689089, 0.134943, 0.894723, -0.015432
0.689372, 0.989991, -0.581276, -0.016881
0.689412, 0.682258, -0.475423, -0.489418
0.689422, 0.095058, 0.940980, -0.003458
0.689675, 0.230029, 0.688575, -0.110786
0.689703, 0.862030, -0.562267, -0.229185
0.689730, 0.720048, -0.500523, -0.441207
0.689832, 0.816928, -0.547811, -0.300545
0.690054, 0.107784, 0.928047, -0.007007
0.690133, 0.625301, -0.426782, -0.553345
0.690141, 0.969056, -0.579428, -0.052190
0.690165, 0.568190, -0.364655, -0.601500
0.690305, 0.874475, -0.564637, -0.209222
0.690382, 0.282933, 0.482167, -0.239129
0.690420, 0.465989, -0.201518, -0.629197
0.690894, 0.121388, 0.912136, -0.011956
0.691026, 0.397929, -0.033426, -0.580066
0.691135, 0.073346, 0.958640, -0.001382
0.691317, 0.433499, -0.129731, -0.616428
0.691393, 0.215478, 0.728718, -0.092217
0.691506, 0.542671, -0.330474, -0.618437
0.691543, 0.886856, -0.565577, -0.189320
0.691690, 0.709210, -0.491019, -0.456752
0.691768, 0.508273, -0.278791, -0.631608
0.691991, 0.039818, 0.976748, 0.000201
0.692019, 0.742255, -0.510363, -0.412102
0.692139, 0.603419, -0.403089, -0.575953
0.692326, 0.019118, 0.982439, 0.000182
0.692444, 0.899254, -0.566665, -0.169110
0.692450, 0.694800, -0.480559, -0.475968
0.692627, 0.305797, 0.351720, -0.336242
0.692642, 0.763445, -0.520520, -0.382144
0.692706, 0.911558, -0.568479, -0.148776
0.692809, 0.784806, -0.530159, -0.350644
0.692953, 0.671150, -0.462816, -0.505465
0.693047, 0.829019, -0.547051, -0.282788
0.693153, 0.924042, -0.569686, -0.128044
0.693185, 0.181148, 0.810499, -0.054845
0.693228, 0.000000, 0.984146, 0.000000
0.693539, 0.319349, 0.272432, -0.397012
0.693896, 0.637241, -0.433852, -0.544515
0.694201, 0.936856, -0.569761, -0.106729
0.694551, 0.331054, 0.209756, -0.445003
0.695052, 0.476157, -0.222415, -0.640070
0.695066, 0.580344, -0.375557, -0.598496
0.695121, 0.445368, -0.159413, -0.632172
0.695301, 0.168829, 0.834055, -0.047282
0.695311, 0.530158, -0.311118, -0.629786
0.695348, 0.273512, 0.509721, -0.233064
0.696028, 0.061089, 0.966075, -0.003233
0.696052, 0.410289, -0.074650, -0.609286
0.696055, 0.262280, 0.558029, -0.202809
0.696065, 0.358160, 0.090538, -0.527291
0.696078, 0.344783, 0.143399, -0.494110
0.696172, 0.980788, -0.569630, -0.032632
0.696412, 0.372204, 0.039721, -0.557265
0.696510, 0.796085, -0.529450, -0.335172
0.696524, 0.840966, -0.545370, -0.264946
0.696691, 0.386010, -0.005209, -0.581062
0.696828, 0.496478, -0.258664, -0.642431
0.696848, 0.615715, -0.410992, -0.569207
0.696998, 0.650356, -0.441662, -0.532816
0.697029, 1.000000, -0.568493, 0.000000
0.697302, 0.028629, 0.980123, -0.001057
0.697497, 0.204395, 0.749467, -0.092749
0.697702, 0.250792, 0.599913, -0.179981
0.697707, 0.156580, 0.854928, -0.041944
0.697726, 0.292831, 0.403489, -0.311956
0.697959, 0.729408, -0.494915, -0.433353
0.698396, 0.751979, -0.506487, -0.401648
0.698426, 0.191566, 0.781051, -0.077889
0.698617, 0.559781, -0.348818, -0.617696
0.698898, 0.238203, 0.643498, -0.155812
0.699143, 0.853530, -0.544903, -0.245510
0.699198, 0.144596, 0.874456, -0.035665
0.699222, 0.457110, -0.185872, -0.645232
0.699250, 0.422768, -0.109413, -0.628532
0.699463, 0.592838, -0.385636, -0.593005
0.699571, 0.085117, 0.947813, -0.010164
0.699587, 0.949592, -0.562076, -0.085802
0.699593, 0.808288, -0.529489, -0.317562
0.699709, 0.517528, -0.291010, -0.641413
0.700215, 0.048631, 0.972358, -0.003917
0.700278, 0.774691, -0.514527, -0.369115
0.700452, 0.010841, 0.983359, -0.000690
0.700509, 0.485727, -0.239968, -0.650059
0.700514, 0.224886, 0.684878, -0.134486
0.700520, 0.132742, 0.892049, -0.030205
0.700736, 0.098204, 0.934927, -0.015102
0.700871, 0.866448, -0.545561, -0.224937
0.701010, 0.662595, -0.446707, -0.521806
0.701015, 0.960967, -0.560512, -0.066575
0.701067, 0.110503, 0.921262, -0.019929
0.701396, 0.549965, -0.334652, -0.627521
0.701543, 0.702916, -0.474100, -0.471416
0.701972, 0.688104, -0.463868, -0.491012
0.702380, 0.879101, -0.546117, -0.204459
0.702492, 0.820447, -0.529363, -0.299537
0.702530, 0.399088, -0.050699, -0.615320
0.702576, 0.121636, 0.906415, -0.027062
0.702613, 0.716942, -0.481277, -0.453222
0.702757, 0.676576, -0.454850, -0.506057
0.702782, 0.971764, -0.558060, -0.048274
0.702906, 0.071768, 0.957757, -0.009496
0.702976, 0.570332, -0.358187, -0.615327
0.703254, 0.628135, -0.415946, -0.562530
0.703297, 0.435191, -0.140947, -0.645877
0.703624, 0.891282, -0.546746, -0.184525
0.703818, 0.312719, 0.268931, -0.426524
0.703933, 0.990193, -0.556736, -0.016792
0.704021, 0.282807, 0.432634, -0.306995
0.704082, 0.504918, -0.270617, -0.652319
0.704096, 0.468468, -0.208908, -0.656761
0.704107, 0.605160, -0.393853, -0.586426
0.704192, 0.903347, -0.548078, -0.164458
0.704260, 0.915486, -0.549962, -0.144051
0.704380, 0.538665, -0.318388, -0.638124
0.704417, 0.178572, 0.803873, -0.076461
0.704521, 0.740171, -0.491586, -0.421786
0.704609, 0.300871, 0.330079, -0.383288
0.704662, 0.927592, -0.550958, -0.123634
0.704683, 0.212972, 0.713904, -0.125778
0.704936, 0.762323, -0.502023, -0.389723
0.705108, 0.641789, -0.425511, -0.549129
0.705166, 0.036508, 0.976863, -0.004351
0.705260, 0.337223, 0.151269, -0.512729
0.705425, 0.324453, 0.206672, -0.475600
0.705488, 0.939518, -0.550923, -0.103475
0.705772, 0.832616, -0.528132, -0.281207
0.705975, 0.786534, -0.511159, -0.353683
0.706164, 0.364586, 0.048143, -0.577106
0.706214, 0.350882, 0.095975, -0.549874
0.706838, 0.000000, 0.983317, 0.000000
0.706952, 0.165928, 0.828644, -0.067501
0.706996, 0.582512, -0.368382, -0.609952
0.707044, 0.270357, 0.485119, -0.277553
0.707102, 0.377919, 0.004453, -0.601830
0.707240, 0.412183, -0.089537, -0.640432
0.707382, 0.447348, -0.168458, -0.659499
0.707423, 0.022261, 0.980776, -0.003079
0.707552, 0.526755, -0.300917, -0.648738
0.707669, 0.058493, 0.965630, -0.009720
0.708576, 0.617008, -0.400460, -0.578813
0.708616, 0.199481, 0.745792, -0.114941
0.708719, 0.845178, -0.527111, -0.261753
0.708741, 0.258526, 0.535800, -0.246536
0.708897, 0.799280, -0.511722, -0.335127
0.709248, 0.246665, 0.585701, -0.214088
0.709315, 0.653934, -0.430235, -0.538431
0.709520, 0.479006, -0.227866, -0.666515
0.709813, 0.389943, -0.033771, -0.625591
0.709974, 0.153316, 0.850376, -0.061278
0.710047, 0.234020, 0.632785, -0.185485
0.710281, 0.492191, -0.249332, -0.665585
0.710502, 0.729012, -0.477138, -0.440873
0.710779, 0.857897, -0.527254, -0.241493
0.710815, 0.424938, -0.122122, -0.657666
0.711049, 0.980615, -0.544355, -0.033430
0.711055, 0.750478, -0.487311, -0.410115
0.711067, 0.695162, -0.456604, -0.487744
0.711230, 0.141536, 0.870511, -0.053043
0.711243, 0.080650, 0.948178, -0.018645
0.711269, 1.000000, -0.544451, 0.000000
0.711352, 0.594676, -0.376861, -0.603530
0.711573, 0.092499, 0.936647, -0.023811
0.711721, 0.667826, -0.437509, -0.523316
0.711757, 0.187587, 0.772806, -0.104877
0.711823, 0.772927, -0.496467, -0.376890
0.711911, 0.559567, -0.339235, -0.633788
0.711914, 0.459223, -0.192510, -0.670752
0.711926, 0.514403, -0.282003, -0.660638
0.712008, 0.811825, -0.511384, -0.316490
0.712193, 0.870719, -0.528156, -0.220631
0.712394, 0.291678, 0.349419, -0.388926
0.712442, 0.957173, -0.540873, -0.073914
0.712574, 0.046157, 0.971286, -0.009397
0.712583, 0.104778, 0.922621, -0.030621
0.712584, 0.707935, -0.462342, -0.471443
0.712864, 0.129161, 0.889220, -0.046180
0.712962, 0.221443, 0.670473, -0.167745
0.713542, 0.116251, 0.907401, -0.038493
0.713684, 0.010984, 0.981600, -0.002182
0.714076, 0.635524, -0.410312, -0.563462
0.714154, 0.547524, -0.323633, -0.645024
0.714193, 0.681140, -0.443497, -0.508173
0.714312, 0.968748, -0.538228, -0.054061
0.714348, 0.572226, -0.351282, -0.626463
0.714394, 0.946326, -0.536496, -0.092714
0.714686, 0.402479, -0.071681, -0.651332
0.714706, 0.883748, -0.526808, -0.199370
0.714806, 0.067765, 0.957316, -0.017001
0.714943, 0.305990, 0.263391, -0.459057
0.715085, 0.824197, -0.510621, -0.297715
0.715148, 0.719433, -0.465285, -0.456886
0.715369, 0.437559, -0.151300, -0.673167
0.715728, 0.908189, -0.529645, -0.158227
0.715742, 0.502632, -0.263720, -0.670877
0.715791, 0.342799, 0.105417, -0.568057
0.715811, 0.895822, -0.527365, -0.179231
0.715818, 0.920655, -0.531330, -0.136966
0.715878, 0.329979, 0.154104, -0.537675
0.716075, 0.279162, 0.403629, -0.357612
0.716091, 0.356753, 0.056678, -0.596801
0.716282, 0.032865, 0.975958, -0.007583
0.716307, 0.933217, -0.531983, -0.115476
0.716397, 0.174987, 0.797043, -0.099093
0.716464, 0.605343, -0.381941, -0.597964
0.716484, 0.317378, 0.205487, -0.504576
0.716507, 0.208546, 0.705222, -0.152992
0.716777, 0.535418, -0.307268, -0.656100
0.717202, 0.369646, 0.014873, -0.621041
0.717269, 0.761748, -0.483282, -0.396186
0.717375, 0.782275, -0.491772, -0.364798
0.717720, 0.626307, -0.398733, -0.576779
0.717731, 0.738728, -0.471809, -0.430665
0.717769, 0.470320, -0.212412, -0.681442
0.718054, 0.836770, -0.509646, -0.278188
0.718455, 0.989519, -0.532105, -0.018206
0.718611, 0.162509, 0.822780, -0.087646
0.718644, 0.645736, -0.412969, -0.555204
0.718782, 0.585564, -0.361140, -0.619299
0.718906, 0.415092, -0.104684, -0.670644
0.719076, 0.266772, 0.458199, -0.324855
0.719165, 0.792946, -0.493169, -0.348846
0.719429, 0.522800, -0.289771, -0.666811
0.719516, 0.381798, -0.022603, -0.643549
0.719760, 0.449701, -0.175983, -0.684564
0.720184, 0.056072, 0.963433, -0.016595
0.720326, 0.658543, -0.420255, -0.540917
0.720331, 0.000000, 0.980707, 0.000000
0.720337, 0.243135, 0.567856, -0.249739
0.720417, 0.615625, -0.386877, -0.590657
0.720777, 0.849506, -0.508682, -0.257953
0.720928, 0.482892, -0.232288, -0.684644
0.720934, 0.021486, 0.978041, -0.005963
0.721150, 0.254614, 0.512044, -0.290809
0.721164, 0.196056, 0.733919, -0.143963
0.721273, 0.690930, -0.440267, -0.499627
0.721440, 0.230203, 0.617847, -0.218387
0.721861, 0.804427, -0.493134, -0.331667
0.722417, 0.862097, -0.509138, -0.237400
0.722451, 0.427632, -0.133557, -0.684495
0.722588, 0.137036, 0.868143, -0.068298
0.722698, 0.149659, 0.844668, -0.081204
0.722709, 0.298241, 0.275243, -0.469708
0.722777, 0.393763, -0.057009, -0.664397
0.722835, 0.076463, 0.946861, -0.026995
0.723214, 0.493982, -0.248433, -0.684968
0.723252, 0.087523, 0.935981, -0.033258
0.723256, 0.671343, -0.425280, -0.526738
0.723316, 0.750289, -0.469065, -0.416209
0.723326, 0.874883, -0.510599, -0.216131
0.723377, 0.702473, -0.444239, -0.485150
0.723489, 0.099731, 0.922262, -0.040580
0.723860, 0.123283, 0.889711, -0.058140
0.724337, 0.043615, 0.968944, -0.014252
0.724383, 0.564666, -0.335054, -0.643486
0.724502, 0.509394, -0.269784, -0.680570
0.724559, 0.977787, -0.521542, -0.038844
0.724764, 0.816326, -0.492500, -0.313515
0.724784, 0.596561, -0.365681, -0.614371
0.724802, 0.184248, 0.761007, -0.133232
0.724908, 0.460956, -0.196246, -0.694297
0.724926, 0.217484, 0.656508, -0.199764
0.725005, 0.553854, -0.322996, -0.652883
0.725155, 0.964424, -0.519692, -0.062205
0.725161, 1.000000, -0.520916, 0.000000
0.725199, 0.727652, -0.455263, -0.450449
0.725271, 0.286946, 0.323754, -0.439958
0.725367, 0.714327, -0.448070, -0.469694
0.725422, 0.772610, -0.475412, -0.383003
0.725453, 0.348549, 0.067087, -0.613565
0.725470, 0.111567, 0.905501, -0.051417
0.725471, 0.576644, -0.346304, -0.634084
0.725520, 0.952885, -0.518243, -0.082343
0.726280, 0.940358, -0.515883, -0.104221
0.726538, 0.334860, 0.112001, -0.590208
0.726984, 0.914069, -0.511516, -0.149872
0.727012, 0.926946, -0.513139, -0.127595
0.727085, 0.542645, -0.309021, -0.663611
0.727221, 0.323041, 0.153558, -0.565881
0.727236, 0.010569, 0.977995, -0.003631
0.727239, 0.406060, -0.089427, -0.684385
0.727283, 0.901454, -0.509049, -0.171635
0.727287, 0.361207, 0.025427, -0.639604
0.727355, 0.888611, -0.506716, -0.193665
0.727564, 0.828557, -0.491762, -0.294438
0.727670, 0.440295, -0.160003, -0.698327
0.727672, 0.635415, -0.394549, -0.574310
0.727722, 0.309696, 0.206213, -0.531750
0.728084, 0.066095, 0.952994, -0.026216
0.728302, 0.682232, -0.425576, -0.515665
0.728574, 0.275174, 0.373859, -0.409962
0.728789, 0.172485, 0.785153, -0.124894
0.728835, 0.530762, -0.294137, -0.673836
0.728850, 0.205058, 0.690435, -0.184698
0.729052, 0.031975, 0.972140, -0.011857
0.729274, 0.373248, -0.010863, -0.660894
0.729332, 0.762100, -0.465136, -0.400915
0.729707, 0.609442, -0.371781, -0.605256
0.729722, 0.648772, -0.401778, -0.559693
0.729791, 0.160998, 0.811345, -0.110181
0.729859, 0.784102, -0.473038, -0.366806
0.729987, 0.474076, -0.217045, -0.700965
0.730272, 0.841032, -0.490859, -0.274581
0.730376, 0.739355, -0.453447, -0.435840
0.730501, 0.518453, -0.278262, -0.683456
0.730521, 0.622616, -0.381457, -0.591244
0.730565, 0.239147, 0.551746, -0.282868
0.730901, 0.418348, -0.117665, -0.698597
0.731253, 0.262906, 0.429662, -0.374028
0.731619, 0.990206, -0.509629, -0.017260
0.731684, 0.661371, -0.407876, -0.545161
0.731877, 0.500399, -0.254303, -0.694674
0.731899, 0.795993, -0.474220, -0.348685
0.732019, 0.385302, -0.044588, -0.680410
0.732236, 0.586517, -0.349296, -0.631189
0.732380, 0.054429, 0.959255, -0.023470
0.732754, 0.129677, 0.870649, -0.078552
0.732874, 0.450616, -0.178517, -0.708378
0.733044, 0.853518, -0.489449, -0.254384
0.733121, 0.226984, 0.597220, -0.255796
0.733544, 0.694078, -0.425383, -0.502594
0.733605, 0.250487, 0.486264, -0.336670
0.733665, 0.877928, -0.493597, -0.213023
0.733799, 0.486536, -0.234215, -0.703062
0.733902, 0.431096, -0.143827, -0.708473
0.734019, 0.092618, 0.923637, -0.047880
0.734030, 0.000000, 0.976072, 0.000000
0.734035, 0.865417, -0.490439, -0.234451
0.734081, 0.141870, 0.846644, -0.094461
0.734112, 0.192350, 0.719607, -0.175006
0.734218, 0.297220, 0.241902, -0.522091
0.734503, 0.020904, 0.973288, -0.008970
0.734554, 0.078602, 0.938331, -0.038977
0.734567, 0.808002, -0.473999, -0.330202
0.735411, 0.340727, 0.075317, -0.632366
0.735447, 0.397605, -0.076001, -0.698011
0.735578, 0.750956, -0.450799, -0.420648
0.735701, 0.572609, -0.333062, -0.647799
0.735758, 0.706501, -0.429139, -0.486423
0.736002, 0.105256, 0.905707, -0.060628
0.736048, 0.600772, -0.357759, -0.619877
0.736166, 0.969532, -0.501064, -0.053833
0.736193, 0.463261, -0.199118, -0.712824
0.736262, 0.719074, -0.434918, -0.468598
0.736285, 0.673607, -0.409638, -0.532076
0.736326, 0.152902, 0.820545, -0.113312
0.736747, 0.042788, 0.963908, -0.020067
0.736865, 0.560647, -0.320403, -0.659722
0.737052, 0.352144, 0.037803, -0.655988
0.737137, 0.981253, -0.499676, -0.033162
0.737157, 0.214696, 0.634847, -0.237409
0.737266, 0.820254, -0.473414, -0.310976
0.737302, 0.118385, 0.885156, -0.074375
0.737302, 0.946888, -0.497540, -0.093827
0.737315, 0.933888, -0.496277, -0.116673
0.737473, 0.317560, 0.150854, -0.591910
0.737543, 0.285215, 0.287118, -0.496673
0.737937, 0.958329, -0.497238, -0.073703
0.737982, 0.920778, -0.493574, -0.139712
0.738060, 0.549299, -0.307901, -0.670507
0.738128, 0.180310, 0.747722, -0.162795
0.738569, 0.774299, -0.455574, -0.385532
0.738665, 0.908610, -0.490660, -0.161023
0.738780, 0.896184, -0.488669, -0.182672
0.738786, 0.730600, -0.436792, -0.452832
0.739176, 0.536879, -0.293904, -0.681411
0.739211, 0.363663, 0.003194, -0.677174
0.739225, 0.510614, -0.263742, -0.699022
0.739320, 0.640964, -0.384506, -0.576104
0.739497, 1.000000, -0.495873, 0.000000
0.739660, 0.328959, 0.106046, -0.624774
0.739778, 0.066308, 0.946114, -0.035723
0.739826, 0.628604, -0.375115, -0.591364
0.739848, 0.410564, -0.105864, -0.714342
0.739883, 0.832737, -0.472681, -0.291018
0.740294, 0.762798, -0.448397, -0.404283
0.740408, 0.524196, -0.278970, -0.691851
0.740523, 0.272877, 0.338166, -0.464917
0.740716, 0.202209, 0.671910, -0.217933
0.740870, 0.306725, 0.184152, -0.578001
0.741017, 0.010314, 0.972214, -0.005193
0.741131, 0.166871, 0.779190, -0.146539
0.741157, 0.614385, -0.362962, -0.608987
0.741278, 0.375181, -0.028157, -0.694553
0.741487, 0.238205, 0.517549, -0.330311
0.741625, 0.684539, -0.408815, -0.520418
0.741714, 0.885205, -0.481268, -0.202045
0.741785, 0.652723, -0.389273, -0.562920
0.741837, 0.439687, -0.160448, -0.724091
0.741879, 0.787017, -0.455113, -0.366605
0.742069, 0.031365, 0.966233, -0.016454
0.742158, 0.424390, -0.133282, -0.722960
0.742372, 0.591555, -0.343374, -0.634910
0.742444, 0.475659, -0.216130, -0.719271
0.742519, 0.845437, -0.471620, -0.270374
0.742558, 0.497718, -0.245858, -0.710247
0.743130, 0.260329, 0.394328, -0.427588
0.743402, 0.664757, -0.394741, -0.548191
0.743532, 0.131676, 0.854618, -0.100103
0.743676, 0.742376, -0.434672, -0.437217
0.743949, 0.086486, 0.922919, -0.054571
0.744036, 0.386785, -0.057438, -0.710483
0.744170, 0.451879, -0.180057, -0.727223
0.744335, 0.054198, 0.952515, -0.031304
0.744388, 0.799293, -0.455281, -0.347611
0.744412, 0.580171, -0.331454, -0.648429
0.744436, 0.225861, 0.565342, -0.300725
0.744474, 0.871595, -0.474025, -0.226098
0.745219, 0.697838, -0.411042, -0.503740
0.745657, 0.858404, -0.469493, -0.249102
0.745984, 0.487457, -0.230962, -0.719553
0.746216, 0.340339, 0.059488, -0.665662
0.746407, 0.098000, 0.906172, -0.068038
0.746574, 0.989545, -0.483468, -0.018648
0.746660, 0.248636, 0.442571, -0.397790
0.746726, 0.295107, 0.214995, -0.570326
0.746777, 0.143930, 0.825084, -0.123206
0.746983, 0.811544, -0.454874, -0.328295
0.747080, 0.398233, -0.083834, -0.723859
0.747225, 0.189640, 0.699284, -0.209802
0.747246, 0.464176, -0.198388, -0.729649
0.747405, 0.155692, 0.796425, -0.143335
0.747410, 0.975181, -0.481504, -0.044298
0.747621, 0.710709, -0.414166, -0.486456
0.747670, 0.567965, -0.317432, -0.663332
0.747737, 0.110769, 0.886208, -0.082788
0.747745, 0.603234, -0.346964, -0.626651
0.747788, 0.941014, -0.478781, -0.105142
0.747862, 0.000000, 0.969181, 0.000000
0.748003, 0.075966, 0.931135, -0.050192
0.748168, 0.020519, 0.966285, -0.012212
0.748230, 0.352514, 0.022391, -0.688377
0.748346, 0.927558, -0.476432, -0.129035
0.748559, 0.753910, -0.431929, -0.421434
0.748656, 0.721905, -0.417990, -0.470411
0.748988, 0.213491, 0.604471, -0.280583
0.749041, 0.042345, 0.956918, -0.026319
0.749217, 0.318127, 0.123829, -0.635915
0.749487, 0.543384, -0.292557, -0.687105
0.749552, 0.823858, -0.454170, -0.308532
0.749557, 0.283019, 0.257877, -0.545904
0.749781, 0.556157, -0.304569, -0.676300
0.749808, 0.175956, 0.736736, -0.187548
0.749991, 0.963873, -0.476487, -0.064598
0.750067, 0.903420, -0.470341, -0.171833
0.750167, 0.674586, -0.391391, -0.538904
0.750255, 0.636573, -0.367925, -0.588869
0.750256, 0.622986, -0.358588, -0.605611
0.750260, 0.915829, -0.471521, -0.149953
0.750325, 0.952857, -0.475222, -0.084272
0.750355, 0.122482, 0.863228, -0.100871
0.750575, 0.530422, -0.278521, -0.698626
0.750592, 0.517478, -0.264572, -0.708081
0.750882, 0.364808, -0.011745, -0.708757
0.750989, 0.766832, -0.433120, -0.402046
0.751049, 0.408686, -0.106241, -0.735906
0.751094, 0.506038, -0.251252, -0.716096
0.751264, 0.778877, -0.437231, -0.383028
0.751698, 0.419748, -0.127047, -0.739869
0.751797, 0.201797, 0.643062, -0.257311
0.751823, 0.734297, -0.418790, -0.453143
0.752053, 0.432660, -0.148843, -0.741402
0.752059, 0.836103, -0.453243, -0.288577
0.752238, 0.270176, 0.308370, -0.513974
0.752327, 0.892208, -0.464309, -0.191738
0.752425, 0.064529, 0.938433, -0.045068
0.752736, 0.647544, -0.371839, -0.576524
0.752740, 0.329263, 0.082471, -0.667744
0.752838, 0.306532, 0.156193, -0.623665
0.752895, 0.688573, -0.395252, -0.520968
0.753209, 0.376875, -0.041754, -0.724418
0.753219, 0.235940, 0.482766, -0.380416
0.753275, 0.660135, -0.378810, -0.560312
0.753463, 0.590982, -0.331078, -0.644650
0.753520, 0.880455, -0.460272, -0.212506
0.753625, 1.000000, -0.471345, 0.000000
0.754374, 0.791085, -0.436320, -0.364264
0.754515, 0.848219, -0.452021, -0.268519
0.754735, 0.444592, -0.167636, -0.744993
0.754742, 0.163504, 0.762322, -0.176520
0.754971, 0.010218, 0.963991, -0.006949
0.755001, 0.481473, -0.219300, -0.734200
0.755040, 0.611963, -0.345091, -0.622159
0.755203, 0.030957, 0.958100, -0.021443
0.755450, 0.135826, 0.829493, -0.129485
0.755745, 0.258376, 0.353831, -0.486418
0.755759, 0.868117, -0.454126, -0.234439
0.755890, 0.223561, 0.534437, -0.345610
0.755931, 0.087822, 0.910314, -0.070017
0.755982, 0.470886, -0.205260, -0.739967
0.756001, 0.456172, -0.184614, -0.744622
0.756218, 0.578961, -0.318452, -0.659697
0.756243, 0.495786, -0.236350, -0.728340
0.756299, 0.981479, -0.465964, -0.033303
0.756358, 0.388969, -0.069539, -0.738719
0.756772, 0.702499, -0.396696, -0.502862
0.756811, 0.052974, 0.944260, -0.039149
0.756924, 0.803242, -0.435982, -0.345063
0.757250, 0.341959, 0.039619, -0.699777
0.757338, 0.745743, -0.415007, -0.437742
0.757391, 0.102084, 0.888814, -0.087535
0.757641, 0.934558, -0.460716, -0.117539
0.758757, 0.293497, 0.189578, -0.614635
0.758976, 0.246370, 0.403071, -0.454319
0.758992, 0.184148, 0.688451, -0.235348
0.759036, 0.149757, 0.790714, -0.161287
0.759337, 0.858754, -0.445948, -0.251361
0.759392, 0.815490, -0.435431, -0.325326
0.759526, 0.567584, -0.305641, -0.674092
0.759568, 0.354699, 0.004381, -0.720504
0.759610, 0.631240, -0.352629, -0.601716
0.759921, 0.725464, -0.402523, -0.470017
0.760172, 0.400507, -0.093653, -0.750992
0.760262, 0.075488, 0.920493, -0.062623
0.760324, 0.195725, 0.641279, -0.272776
0.760536, 0.600606, -0.330464, -0.639343
0.760561, 0.547419, -0.286866, -0.694309
0.760606, 0.946403, -0.456655, -0.096608
0.760675, 0.535288, -0.275333, -0.705030
0.760692, 0.969882, -0.457864, -0.054352
0.760725, 0.757918, -0.414394, -0.419896
0.760812, 0.279959, 0.237414, -0.585376
0.760827, 0.113767, 0.865059, -0.107942
0.760856, 0.679724, -0.379307, -0.537669
0.761130, 0.714153, -0.395782, -0.487798
0.761208, 0.909785, -0.451798, -0.162159
0.761379, 0.522065, -0.261587, -0.716418
0.761425, 0.210305, 0.576569, -0.323356
0.761541, 0.991018, -0.456988, -0.016224
0.761556, 0.041508, 0.948048, -0.032667
0.761632, 0.923135, -0.452573, -0.138386
0.761678, 0.318357, 0.100144, -0.677302
0.761727, 0.000000, 0.959793, 0.000000
0.761926, 0.667405, -0.371187, -0.555443
0.761977, 0.020529, 0.956692, -0.015982
0.761997, 0.827766, -0.434310, -0.305252
0.762103, 0.771230, -0.416988, -0.399073
0.762313, 0.125580, 0.840423, -0.127685
0.762434, 0.509469, -0.247780, -0.726729
0.762574, 0.171927, 0.719886, -0.217435
0.762608, 0.413012, -0.116618, -0.758177
0.762670, 0.557670, -0.294071, -0.686531
0.762749, 0.367476, -0.027993, -0.739264
0.762762, 0.425488, -0.137258, -0.759158
0.763199, 0.898442, -0.446444, -0.182496
0.763432, 0.305364, 0.138411, -0.657908
0.763623, 0.619979, -0.340287, -0.618449
0.763926, 0.693576, -0.381878, -0.519304
0.763937, 0.958250, -0.451820, -0.075541
0.764155, 0.654192, -0.360720, -0.574686
0.764229, 0.783157, -0.417628, -0.380445
0.764397, 0.642081, -0.353258, -0.590745
0.764503, 0.840064, -0.433091, -0.284861
0.764564, 0.486689, -0.221016, -0.743427
0.764568, 0.437966, -0.156314, -0.761029
0.764638, 0.331457, 0.058631, -0.706041
0.764667, 0.463158, -0.191717, -0.754504
0.764847, 0.268421, 0.273897, -0.566958
0.764857, 0.063605, 0.928053, -0.055401
0.764970, 0.886501, -0.441431, -0.203881
0.765155, 0.379788, -0.055468, -0.752253
0.765199, 0.736989, -0.399243, -0.454535
0.765292, 0.588274, -0.315956, -0.656856
0.765364, 0.874899, -0.438698, -0.224376
0.765456, 0.233955, 0.441971, -0.436113
0.765947, 0.094763, 0.889161, -0.091497
0.766363, 0.221919, 0.500815, -0.391186
0.766519, 0.139279, 0.802724, -0.160030
0.767048, 0.795179, -0.416770, -0.361506
0.767213, 0.159884, 0.746176, -0.203534
0.767656, 0.450815, -0.173970, -0.762742
0.768115, 0.851762, -0.429465, -0.265431
0.768153, 0.256909, 0.314802, -0.542391
0.768289, 0.344679, 0.020111, -0.731829
0.768321, 0.475502, -0.205719, -0.753882
0.768438, 0.498316, -0.231797, -0.740880
0.768470, 1.000000, -0.444635, 0.000000
0.768824, 0.030605, 0.947209, -0.026991
0.768859, 0.609389, -0.326812, -0.634883
0.768875, 0.935309, -0.440898, -0.117258
0.768879, 0.576360, -0.302975, -0.672647
0.768943, 0.010859, 0.953065, -0.009452
0.769033, 0.392004, -0.080780, -0.765152
0.769039, 0.979966, -0.443386, -0.036413
0.769246, 0.083772, 0.900673, -0.082242
0.769336, 0.052113, 0.933572, -0.047717
0.769439, 0.807318, -0.416335, -0.341906
0.769695, 0.287268, 0.186853, -0.639505
0.770256, 0.704390, -0.377615, -0.506401
0.770483, 0.749060, -0.395704, -0.437747
0.770615, 0.202147, 0.580128, -0.335728
0.770676, 0.245852, 0.358894, -0.512694
0.770788, 0.357784, -0.012702, -0.749946
0.770853, 0.865176, -0.427173, -0.242412
0.770992, 0.105703, 0.864767, -0.114270
0.771162, 0.725631, -0.385328, -0.474496
0.771257, 0.914808, -0.434586, -0.154426
0.771261, 0.685162, -0.367086, -0.535057
0.771316, 0.630039, -0.336992, -0.610733
0.771329, 0.529842, -0.261302, -0.719843
0.771417, 0.542753, -0.272890, -0.708406
0.771477, 0.179614, 0.669309, -0.267707
0.771587, 0.763238, -0.398897, -0.415283
0.771633, 0.190073, 0.628342, -0.299871
0.771852, 0.819437, -0.415523, -0.322017
0.772106, 0.404493, -0.103498, -0.773528
0.772512, 0.297708, 0.145068, -0.672839
0.772638, 0.673301, -0.359246, -0.552808
0.772866, 0.947349, -0.435180, -0.095885
0.773036, 0.128853, 0.814864, -0.156137
0.773075, 0.597793, -0.313881, -0.651609
0.773123, 0.149378, 0.763083, -0.197004
0.773342, 0.565250, -0.289658, -0.687868
0.773395, 0.311266, 0.101904, -0.700775
0.773531, 0.072312, 0.909511, -0.073733
0.773571, 0.968515, -0.435179, -0.057443
0.773646, 0.518280, -0.248510, -0.731650
0.773682, 0.416668, -0.123248, -0.776866
0.773939, 0.116966, 0.839542, -0.136623
0.773959, 0.040636, 0.936953, -0.039248
0.773976, 0.323432, 0.067403, -0.720873
0.774114, 0.661470, -0.351049, -0.570211
0.774255, 0.428945, -0.141841, -0.776881
0.774283, 0.553808, -0.279588, -0.700243
0.774385, 0.276604, 0.214573, -0.630024
0.774397, 0.831910, -0.414236, -0.301234
0.774492, 0.775205, -0.398183, -0.396782
0.774535, 0.714793, -0.375707, -0.492648
0.774731, 0.371047, -0.043236, -0.767335
0.774778, 0.903417, -0.426706, -0.175252
0.774833, 0.214066, 0.506029, -0.401799
0.775180, 0.000000, 0.948214, 0.000000
0.775230, 0.507975, -0.237137, -0.741249
0.775230, 0.463961, -0.188452, -0.767855
0.775488, 0.925003, -0.428257, -0.136538
0.775554, 0.892133, -0.423943, -0.195642
0.775731, 0.989962, -0.431838, -0.018353
0.775994, 0.169133, 0.694303, -0.253986
0.776037, 0.487603, -0.215350, -0.756111
0.776280, 0.649686, -0.341720, -0.587516
0.776298, 0.022051, 0.943430, -0.021710
0.776453, 0.441420, -0.158919, -0.777511
0.776779, 0.619354, -0.323434, -0.627686
0.776841, 0.335685, 0.032854, -0.743450
0.776923, 0.878609, -0.419260, -0.219916
0.777158, 0.787241, -0.397535, -0.377712
0.777179, 0.383103, -0.067164, -0.777371
0.777319, 0.738317, -0.380722, -0.457176
0.777363, 0.639506, -0.334611, -0.601906
0.777483, 0.843871, -0.411661, -0.281227
0.777505, 0.585547, -0.300201, -0.668941
0.777628, 0.237521, 0.373346, -0.514483
0.777668, 0.225873, 0.432790, -0.466235
0.777761, 0.695023, -0.362132, -0.523629
0.777776, 0.264579, 0.251788, -0.609761
0.778097, 0.094261, 0.873177, -0.109307
0.778119, 0.060807, 0.916242, -0.064848
0.778321, 0.957958, -0.426427, -0.076988
0.779557, 0.348554, 0.000627, -0.762195
0.779658, 0.799395, -0.396920, -0.358115
0.779689, 0.856374, -0.410451, -0.259805
0.779996, 0.139059, 0.775862, -0.193159
0.780123, 0.756073, -0.382522, -0.429711
0.780158, 0.453351, -0.173202, -0.778463
0.780552, 0.476455, -0.200304, -0.767820
0.781134, 0.396162, -0.091123, -0.787777
0.781150, 0.936136, -0.419260, -0.116911
0.781220, 0.252233, 0.291717, -0.585959
0.781281, 0.158269, 0.716345, -0.242420
0.781403, 0.536453, -0.258217, -0.722993
0.781684, 0.607859, -0.310133, -0.645187
0.781730, 0.361820, -0.028764, -0.776299
0.781840, 0.082153, 0.886193, -0.096936
0.781961, 0.573442, -0.286564, -0.685719
0.782039, 0.498967, -0.223093, -0.754847
0.782100, 0.811239, -0.395986, -0.338675
0.782141, 0.011017, 0.940244, -0.011773
0.782183, 0.048477, 0.922329, -0.053659
0.782244, 0.979087, -0.419933, -0.038421
0.782287, 0.205682, 0.517034, -0.404992
0.782337, 0.287700, 0.157836, -0.684625
0.782390, 0.681871, -0.349309, -0.545215
0.782399, 0.193855, 0.573864, -0.358756
0.782609, 1.000000, -0.419578, 0.000000
0.782697, 0.727431, -0.368047, -0.476235
0.782871, 0.302176, 0.112965, -0.713486
0.783283, 0.912709, -0.412916, -0.159657
0.783545, 0.033940, 0.930363, -0.037702
0.783670, 0.181170, 0.624883, -0.319199
0.783764, 0.868437, -0.405557, -0.239226
0.783773, 0.105245, 0.845683, -0.135853
0.783938, 0.823821, -0.395987, -0.317529
0.784008, 0.524974, -0.245833, -0.735794
0.784341, 0.668778, -0.340286, -0.565150
0.784484, 0.629961, -0.319732, -0.618577
0.784540, 0.407470, -0.109073, -0.794027
0.784564, 0.547999, -0.264670, -0.714480
0.784604, 0.315801, 0.073223, -0.739109
0.784605, 0.419602, -0.127140, -0.793349
0.784667, 0.127416, 0.795495, -0.180122
0.784753, 0.704898, -0.355943, -0.511988
0.784919, 0.767480, -0.378489, -0.412725
0.785050, 0.596155, -0.298550, -0.661640
0.785735, 0.431967, -0.144041, -0.792652
0.785746, 0.887989, -0.405230, -0.204606
0.785862, 0.746866, -0.370152, -0.446633
0.785902, 0.116453, 0.818639, -0.160614
0.785972, 0.946951, -0.411650, -0.097584
0.786067, 0.716548, -0.358574, -0.494527
0.786205, 0.560686, -0.272650, -0.702727
0.786331, 0.274558, 0.192634, -0.668883
0.786461, 0.655759, -0.330839, -0.584667
0.786552, 0.070625, 0.894502, -0.086675
0.786726, 0.327576, 0.041725, -0.758815
0.786808, 0.465765, -0.184988, -0.780790
0.786900, 0.512125, -0.231922, -0.749378
0.786970, 0.778906, -0.378681, -0.394526
0.787171, 0.836433, -0.393197, -0.296291
0.787173, 0.968443, -0.410791, -0.058178
0.787261, 0.375206, -0.056691, -0.793351
0.787574, 0.147601, 0.733356, -0.234464
0.787709, 0.241943, 0.315822, -0.578932
0.787862, 0.923918, -0.406123, -0.139841
0.787991, 0.900402, -0.403029, -0.182550
0.788113, 0.488401, -0.208306, -0.768468
0.788267, 0.217013, 0.433563, -0.483602
0.788326, 0.387634, -0.078167, -0.798388
0.788403, 0.168942, 0.657627, -0.297940
0.788485, 0.000000, 0.934149, 0.000000
0.788837, 0.229672, 0.368137, -0.538769
0.788899, 0.339706, 0.012273, -0.775585
0.788920, 0.443467, -0.157766, -0.793277
0.789085, 0.022360, 0.929289, -0.026587
0.789182, 0.618344, -0.306950, -0.636519
0.789437, 0.642636, -0.319945, -0.604275
0.789481, 0.583973, -0.285326, -0.678977
0.789482, 0.691973, -0.343266, -0.533428
0.789543, 0.989479, -0.407133, -0.019446
0.789771, 0.791774, -0.377673, -0.373727
0.789939, 0.261892, 0.228615, -0.649960
0.790010, 0.848403, -0.390838, -0.275933
0.790116, 0.092065, 0.857698, -0.125259
0.790443, 0.058074, 0.902996, -0.073402
0.790652, 0.352465, -0.015503, -0.788736
0.791220, 0.736598, -0.357977, -0.465009
0.791342, 0.877791, -0.393719, -0.223800
0.791789, 0.957606, -0.402095, -0.078419
0.792167, 0.859251, -0.389023, -0.257065
0.792248, 0.294837, 0.118535, -0.728289
0.792479, 0.455102, -0.170078, -0.792656
0.792514, 0.364821, -0.040038, -0.798869
0.792668, 0.536859, -0.247852, -0.732060
0.792784, 0.803153, -0.375658, -0.355254
0.792811, 0.203617, 0.482873, -0.449343
0.792873, 0.758027, -0.362463, -0.430877
0.792920, 0.044666, 0.911771, -0.057039
0.792964, 0.477852, -0.194415, -0.780457
0.793193, 0.678399, -0.331816, -0.555229
0.793392, 0.934888, -0.397208, -0.120293
0.793507, 0.136326, 0.751536, -0.223402
0.793620, 0.308573, 0.079624, -0.753040
0.793758, 0.190769, 0.543082, -0.399887
0.793865, 0.500927, -0.216141, -0.764828
0.793873, 0.571568, -0.271945, -0.696359
0.793923, 0.815921, -0.376882, -0.333579
0.794342, 0.606494, -0.293468, -0.654682
0.794639, 0.156924, 0.682332, -0.283516
0.794803, 0.081088, 0.867726, -0.113744
0.794875, 0.522565, -0.234100, -0.747392
0.794883, 0.398253, -0.095542, -0.810038
0.795020, 0.250563, 0.257335, -0.637547
0.795022, 0.282668, 0.148914, -0.714563
0.795167, 0.010971, 0.925009, -0.014095
0.795176, 0.911992, -0.391720, -0.162440
0.795621, 0.422864, -0.129741, -0.808131
0.795653, 0.665124, -0.322234, -0.575769
0.795753, 0.725375, -0.346696, -0.484406
0.795758, 0.101362, 0.830581, -0.151992
0.795790, 0.828951, -0.376633, -0.311338
0.795803, 0.550132, -0.254687, -0.721118
0.795926, 0.411088, -0.113643, -0.810708
0.795946, 0.629998, -0.304457, -0.624904
0.796086, 0.978835, -0.395050, -0.039293
0.796439, 0.178901, 0.587797, -0.365432
0.796467, 1.000000, -0.394715, 0.000000
0.796610, 0.033085, 0.914545, -0.043895
0.796631, 0.594783, -0.283610, -0.670563
0.796784, 0.112818, 0.804168, -0.177498
0.797116, 0.712893, -0.339994, -0.504601
0.797288, 0.125046, 0.773039, -0.206312
0.797369, 0.890294, -0.384903, -0.202183
0.797465, 0.701246, -0.334952, -0.522750
0.797499, 0.320592, 0.046324, -0.777012
0.797910, 0.783081, -0.361503, -0.390662
0.798183, 0.770183, -0.357446, -0.412475
0.798217, 0.433407, -0.142481, -0.808458
0.798245, 0.652310, -0.312521, -0.595391
0.798352, 0.384237, -0.074432, -0.814446
0.798635, 0.068141, 0.879221, -0.097743
0.798663, 0.867927, -0.378963, -0.242658
0.798664, 0.945691, -0.388634, -0.100830
0.798706, 0.467244, -0.180045, -0.793005
0.798926, 0.270323, 0.179042, -0.701591
0.799268, 0.332420, 0.019025, -0.792050
0.799381, 0.237699, 0.295389, -0.615327
0.799507, 0.746664, -0.347979, -0.451608
0.799544, 0.225199, 0.348558, -0.572414
0.799574, 0.561266, -0.258528, -0.711792
0.799804, 0.842801, -0.372281, -0.287647
0.800056, 0.490098, -0.201474, -0.778921
0.800250, 0.345539, -0.008119, -0.803629
0.800297, 0.511257, -0.219856, -0.762006
0.800564, 0.923385, -0.383327, -0.142166
0.800593, 0.212972, 0.402451, -0.528775
0.800689, 0.968250, -0.386302, -0.059117
0.800737, 0.372677, -0.056653, -0.816145
0.800911, 0.167101, 0.622050, -0.340803
0.801012, 0.617424, -0.290981, -0.644427
0.801057, 0.688216, -0.324205, -0.543954
0.801152, 0.581770, -0.270122, -0.689300
0.801152, 0.144866, 0.703882, -0.270034
0.801237, 0.444653, -0.154444, -0.807607
0.801796, 0.000000, 0.917307, 0.000000
0.801860, 0.901808, -0.378643, -0.181940
0.802088, 0.055189, 0.888710, -0.080774
0.802138, 0.358512, -0.033021, -0.813888
0.802159, 0.021567, 0.912520, -0.030482
0.802370, 0.640334, -0.300918, -0.614141
0.802488, 0.531447, -0.234044, -0.744979
0.802589, 0.301563, 0.085315, -0.766457
0.803313, 0.258728, 0.207026, -0.689495
0.803330, 0.989019, -0.382215, -0.020498
0.803659, 0.794572, -0.354763, -0.372638
0.803754, 0.199693, 0.455421, -0.487924
0.803925, 0.854738, -0.367520, -0.267379
0.804043, 0.956514, -0.379716, -0.081138
0.804170, 0.091675, 0.832599, -0.148772
0.804191, 0.735358, -0.336653, -0.471475
0.804206, 0.674898, -0.313958, -0.565218
0.804223, 0.879626, -0.371117, -0.222572
0.804236, 0.807958, -0.357204, -0.349877
0.804318, 0.456328, -0.165563, -0.805157
0.804648, 0.757690, -0.342968, -0.435165
0.804788, 0.290315, 0.111058, -0.755817
0.805169, 0.479339, -0.187785, -0.791574
0.805203, 0.543062, -0.239896, -0.735265
0.805380, 0.043786, 0.894364, -0.065610
0.805459, 0.820899, -0.357986, -0.327561
0.806111, 0.405610, -0.105054, -0.825558
0.806143, 0.078387, 0.851791, -0.126142
0.806181, 0.934369, -0.374089, -0.122383
0.806196, 0.187764, 0.504843, -0.448076
0.806545, 0.419977, -0.123343, -0.823136
0.806656, 0.833896, -0.358571, -0.304886
0.806685, 0.312720, 0.054011, -0.790002
0.806717, 0.392610, -0.087224, -0.827461
0.807028, 0.605170, -0.276493, -0.663477
0.807127, 0.593005, -0.269563, -0.679072
0.807225, 0.500629, -0.205027, -0.776996
0.807277, 0.105535, 0.797378, -0.184721
0.807286, 0.661948, -0.303896, -0.585697
0.807427, 0.133074, 0.724030, -0.255098
0.807431, 0.722462, -0.327093, -0.493242
0.807434, 0.570867, -0.255963, -0.706110
0.807473, 0.155196, 0.646455, -0.325049
0.807569, 0.246464, 0.238449, -0.673202
0.807848, 0.278269, 0.138523, -0.744254
0.808106, 0.520741, -0.220429, -0.759701
0.808126, 0.119216, 0.761431, -0.220218
0.808150, 0.628298, -0.287021, -0.633563
0.808315, 0.780766, -0.343240, -0.397412
0.808331, 0.913247, -0.368194, -0.161672
0.808528, 0.010517, 0.906515, -0.016028
0.808727, 0.710045, -0.320673, -0.513300
0.809391, 0.697789, -0.315151, -0.532629
0.809432, 0.554725, -0.243327, -0.725802
0.809434, 0.176240, 0.547257, -0.414366
0.809485, 0.432854, -0.137336, -0.822183
0.809495, 0.031975, 0.896274, -0.049876
0.809952, 0.338919, -0.001576, -0.818326
0.810013, 0.891688, -0.362495, -0.201484
0.810087, 1.000000, -0.370084, 0.000000
0.810396, 0.325436, 0.023947, -0.809861
0.810472, 0.867940, -0.358182, -0.244800
0.810497, 0.468369, -0.173893, -0.804131
0.810503, 0.978237, -0.369001, -0.040841
0.810555, 0.064908, 0.862830, -0.107336
0.810591, 0.380196, -0.069731, -0.832861
0.810778, 0.650024, -0.293548, -0.604408
0.810785, 0.221532, 0.324699, -0.609087
0.810963, 0.768786, -0.335615, -0.418493
0.811082, 0.233345, 0.276688, -0.648801
0.811091, 0.366344, -0.048883, -0.831538
0.811611, 0.351967, -0.025515, -0.827865
0.811622, 0.944864, -0.364934, -0.103282
0.812340, 0.208416, 0.377294, -0.566607
0.812378, 0.266422, 0.163962, -0.735136
0.812579, 0.684535, -0.305203, -0.554135
0.812907, 0.616671, -0.274749, -0.651604
0.812939, 0.445148, -0.149148, -0.820347
0.813056, 0.745446, -0.325419, -0.458002
0.813081, 0.489922, -0.191214, -0.790794
0.813288, 0.164318, 0.586165, -0.383123
0.813425, 0.966572, -0.362915, -0.062789
0.813522, 0.582498, -0.255611, -0.695873
0.813634, 0.844061, -0.348210, -0.288184
0.814077, 0.532576, -0.223285, -0.752455
0.814101, 0.924739, -0.358894, -0.141006
0.814201, 0.300857, 0.072400, -0.793964
0.814230, 0.510389, -0.206763, -0.774140
0.814265, 0.145643, 0.659471, -0.317378
0.814808, 0.802446, -0.337551, -0.361910
0.815328, 0.054207, 0.867070, -0.093096
0.815342, 0.638281, -0.281753, -0.623170
0.815362, 0.000000, 0.896881, 0.000000
0.815486, 0.020759, 0.892351, -0.034548
0.815494, 0.903136, -0.354144, -0.181206
0.815572, 0.671587, -0.295628, -0.574939
0.815610, 0.456729, -0.159448, -0.816472
0.815762, 0.815452, -0.338701, -0.339319
0.815878, 0.732403, -0.316707, -0.480085
0.815895, 0.857189, -0.346807, -0.265245
0.815905, 0.955276, -0.357711, -0.084087
0.816000, 0.412258, -0.111555, -0.836813
0.816003, 0.196228, 0.420007, -0.533924
0.816064, 0.757091, -0.323626, -0.439296
0.816105, 0.086007, 0.818148, -0.158720
0.816262, 0.255103, 0.189588, -0.723414
0.816282, 0.829096, -0.340546, -0.315292
0.816308, 0.789824, -0.331944, -0.384068
0.816332, 0.287717, 0.100356, -0.782066
0.816386, 0.564139, -0.241342, -0.719350
0.816494, 0.098121, 0.792240, -0.187662
0.816547, 0.880871, -0.349229, -0.222223
0.816786, 0.989946, -0.357613, -0.018957
0.816985, 0.398442, -0.094285, -0.840990
0.817465, 0.042400, 0.875238, -0.073459
0.817483, 0.073607, 0.836544, -0.134430
0.817643, 0.544436, -0.227539, -0.742409
0.817814, 0.595358, -0.257315, -0.682127
0.817814, 0.314824, 0.038941, -0.816123
0.817898, 0.478628, -0.177884, -0.803707
0.818440, 0.111374, 0.754917, -0.226382
0.818596, 0.424944, -0.125145, -0.835622
0.819014, 0.184204, 0.465873, -0.496325
0.819142, 0.124193, 0.716571, -0.264722
0.819289, 0.718958, -0.306849, -0.502771
0.819510, 0.242042, 0.223376, -0.703229
0.819782, 0.659423, -0.284426, -0.594609
0.819813, 0.135179, 0.677884, -0.302249
0.820058, 0.935972, -0.348890, -0.120560
0.820187, 0.333955, 0.001368, -0.834331
0.820221, 0.606487, -0.259911, -0.668976
0.820222, 0.387323, -0.079584, -0.846524
0.820332, 0.706510, -0.301053, -0.522893
0.820387, 0.274689, 0.126979, -0.772533
0.820600, 0.777265, -0.321488, -0.406712
0.820624, 0.521559, -0.208923, -0.768253
0.820738, 0.694032, -0.296090, -0.542552
0.820831, 0.373545, -0.060929, -0.847397
0.821094, 0.359627, -0.040790, -0.845801
0.821118, 0.500065, -0.192639, -0.788843
0.821145, 0.216993, 0.309257, -0.636055
0.821149, 0.627309, -0.268587, -0.641026
0.821584, 0.574741, -0.241390, -0.709787
0.821618, 0.914983, -0.344250, -0.159924
0.821722, 0.345832, -0.019463, -0.842664
0.821846, 0.437749, -0.137233, -0.833403
0.821882, 0.171223, 0.516967, -0.452622
0.822279, 0.010454, 0.883945, -0.018752
0.822412, 0.156499, 0.583641, -0.391735
0.822487, 0.465863, -0.163528, -0.817019
0.822557, 0.030803, 0.874693, -0.056034
0.822574, 0.870706, -0.336673, -0.241595
0.822941, 0.892455, -0.339247, -0.201852
0.823365, 0.228510, 0.258671, -0.680873
0.823379, 0.647351, -0.274192, -0.613806
0.823481, 0.555001, -0.227627, -0.734328
0.824080, 0.981202, -0.343822, -0.035578
0.824182, 0.971171, -0.343294, -0.054547
0.824243, 1.000000, -0.343899, 0.000000
0.824398, 0.680948, -0.285775, -0.564156
0.824515, 0.765852, -0.311711, -0.426841
0.824918, 0.324678, 0.015388, -0.837201
0.824977, 0.305446, 0.051519, -0.822135
0.825143, 0.064017, 0.834875, -0.125311
0.825186, 0.205094, 0.344143, -0.611067
0.825386, 0.836574, -0.325976, -0.303871
0.825390, 0.451109, -0.148226, -0.829488
0.825484, 0.617253, -0.257982, -0.656929
0.825728, 0.848758, -0.327575, -0.282058
0.825740, 0.947095, -0.339083, -0.100050
0.825815, 0.533746, -0.211824, -0.759248
0.825818, 0.404428, -0.099889, -0.850640
0.825830, 0.740766, -0.302830, -0.469420
0.826007, 0.489214, -0.180090, -0.801995
0.826131, 0.586603, -0.242121, -0.697577
0.826319, 0.797622, -0.316342, -0.372862
0.826337, 0.294171, 0.073495, -0.813394
0.826377, 0.752204, -0.305069, -0.450499
0.826401, 0.264047, 0.144699, -0.770408
0.826485, 0.809888, -0.318706, -0.351423
0.826592, 0.822930, -0.321148, -0.328373
0.826595, 0.959095, -0.338170, -0.077453
0.827340, 0.728124, -0.296594, -0.490482
0.827428, 0.510721, -0.194637, -0.783708
0.827455, 0.144345, 0.615005, -0.364331
0.827509, 0.090991, 0.780516, -0.193693
0.827578, 0.860997, -0.326146, -0.260093
0.827713, 0.669634, -0.276502, -0.582453
0.827731, 0.078065, 0.805868, -0.161735
0.827735, 0.926814, -0.334170, -0.138422
0.827782, 0.251979, 0.174493, -0.751666
0.827817, 0.051689, 0.845321, -0.102313
0.828057, 0.282072, 0.097979, -0.802379
0.828072, 0.416370, -0.112452, -0.849446
0.828278, 0.104017, 0.746798, -0.231348
0.828459, 0.193330, 0.382571, -0.580466
0.828517, 0.904629, -0.330585, -0.179997
0.828968, 0.000000, 0.872819, 0.000000
0.828977, 0.635618, -0.261176, -0.632908
0.829377, 0.020827, 0.867238, -0.040652
0.829387, 0.785178, -0.308238, -0.395237
0.829428, 0.476396, -0.167239, -0.815178
0.829763, 0.040770, 0.852668, -0.081435
0.829902, 0.881615, -0.325064, -0.222742
0.829919, 0.117573, 0.703066, -0.277167
0.829929, 0.566213, -0.226535, -0.724885
0.830334, 0.598561, -0.242645, -0.684286
0.830509, 0.179862, 0.436573, -0.533125
0.830693, 0.380468, -0.070003, -0.860765
0.830711, 0.545087, -0.213493, -0.749968
0.830730, 0.428334, -0.123569, -0.847135
0.830827, 0.366524, -0.051872, -0.860979
0.830870, 0.238412, 0.208010, -0.730973
0.831154, 0.352302, -0.031908, -0.859345
0.831422, 0.393749, -0.085922, -0.859877
0.831469, 0.714099, -0.285658, -0.514504
0.831652, 0.314193, 0.029398, -0.842515
0.831734, 0.130700, 0.652159, -0.328640
0.831738, 0.989689, -0.329956, -0.019618
0.831771, 0.701723, -0.281246, -0.534191
0.831996, 0.689727, -0.276978, -0.553134
0.832104, 0.337807, -0.010510, -0.856480
0.832140, 0.216057, 0.278021, -0.675826
0.832203, 0.657252, -0.265139, -0.602811
0.832350, 0.166183, 0.494353, -0.480532
0.832726, 0.523038, -0.197677, -0.774997
0.832913, 0.463152, -0.153853, -0.828060
0.833550, 0.440299, -0.133452, -0.843537
0.833813, 0.939120, -0.323915, -0.115748
0.834019, 0.609993, -0.243028, -0.670761
0.834282, 0.774359, -0.297114, -0.414825
0.834621, 0.577863, -0.226883, -0.713080
0.834721, 0.916536, -0.320411, -0.158394
0.834820, 0.499898, -0.180140, -0.799166
0.835187, 0.272992, 0.109500, -0.806443
0.835455, 0.154248, 0.537178, -0.441297
0.835544, 0.894222, -0.316438, -0.200190
0.835635, 0.623658, -0.246711, -0.652593
0.835752, 0.965790, -0.321767, -0.065236
0.835769, 0.646487, -0.255692, -0.619914
0.835957, 0.761013, -0.291135, -0.438197
0.835994, 0.010544, 0.857583, -0.022044
0.836410, 0.870429, -0.311560, -0.244217
0.836484, 0.031390, 0.846168, -0.066874
0.836516, 0.556709, -0.213437, -0.739905
0.836599, 0.227207, 0.228989, -0.721651
0.836936, 0.830169, -0.304089, -0.317458
0.836954, 0.843070, -0.306296, -0.294211
0.837026, 0.301040, 0.049332, -0.842152
0.837027, 0.451943, -0.141576, -0.839347
0.837054, 0.325617, 0.006416, -0.859068
0.837058, 0.406264, -0.098342, -0.862822
0.837202, 0.069974, 0.797057, -0.158386
0.837437, 0.486640, -0.168415, -0.812926
0.837533, 0.817072, -0.300569, -0.340945
0.837571, 0.057608, 0.816100, -0.127972
0.837634, 0.856036, -0.307130, -0.270733
0.837647, 0.977594, -0.318600, -0.042781
0.837684, 0.287742, 0.074441, -0.830430
0.837741, 0.724879, -0.278469, -0.498624
0.837761, 0.203494, 0.306357, -0.657297
0.837985, 0.804410, -0.297203, -0.363357
0.838009, 0.792697, -0.294707, -0.383889
0.838035, 0.679156, -0.263984, -0.571525
0.838185, 0.737426, -0.281194, -0.478114
0.838218, 0.534750, -0.199023, -0.765935
0.838253, 1.000000, -0.318092, 0.000000
0.838260, 0.248270, 0.164691, -0.773289
0.838464, 0.748547, -0.283704, -0.459794
0.838537, 0.083486, 0.767131, -0.197161
0.838591, 0.952680, -0.315966, -0.090358
0.838807, 0.096134, 0.736279, -0.234967
0.838928, 0.667144, -0.258527, -0.590293
0.838989, 0.589606, -0.227000, -0.700234
0.839035, 0.188941, 0.360626, -0.609572
0.839365, 0.141982, 0.575748, -0.404418
0.839417, 0.260246, 0.132344, -0.797711
0.839589, 0.512769, -0.184095, -0.789923
0.839862, 0.108928, 0.696840, -0.278954
0.840068, 0.418770, -0.109800, -0.860966
0.840605, 0.929005, -0.310690, -0.135455
0.840845, 0.474366, -0.156612, -0.825763
0.840849, 0.359861, -0.043760, -0.874049
0.840976, 0.373386, -0.060682, -0.874187
0.841185, 0.044330, 0.823707, -0.100744
0.841275, 0.634503, -0.243044, -0.639565
0.841545, 0.346702, -0.026277, -0.873221
0.841607, 0.905956, -0.306642, -0.178988
0.841727, 0.386242, -0.075434, -0.873347
0.841800, 0.175752, 0.406942, -0.568269
0.842078, 0.121080, 0.648593, -0.329731
0.842276, 0.883990, -0.302711, -0.220011
0.842495, 0.000000, 0.844998, 0.000000
0.842800, 0.313041, 0.023687, -0.861565
0.842851, 0.692539, -0.260697, -0.552190
0.842889, 0.568862, -0.212022, -0.728515
0.843013, 0.021293, 0.838161, -0.048284
0.843019, 0.430315, -0.119045, -0.857955
0.843048, 0.704803, -0.264073, -0.532801
0.843147, 0.601407, -0.226799, -0.686506
0.843253, 0.546676, -0.200070, -0.755333
0.843731, 0.215732, 0.246917, -0.714634
0.843961, 0.237899, 0.181342, -0.768077
0.844388, 0.783061, -0.281560, -0.402153
0.844760, 0.716150, -0.264542, -0.515002
0.844813, 0.334476, -0.009949, -0.874682
0.844817, 0.163335, 0.451143, -0.527314
0.844855, 0.131315, 0.597029, -0.382337
0.844931, 0.463473, -0.145276, -0.837498
0.844990, 0.988584, -0.305712, -0.021951
0.845045, 0.397623, -0.086841, -0.874119
0.845377, 0.524456, -0.185193, -0.781358
0.845406, 0.769232, -0.276842, -0.426438
0.845421, 0.614109, -0.229013, -0.670083
0.845749, 0.441687, -0.127284, -0.853569
0.845889, 0.657294, -0.244502, -0.607462
0.846094, 0.941983, -0.301573, -0.111268
0.846458, 0.965355, -0.301935, -0.066547
0.846563, 0.279437, 0.081334, -0.839397
0.846602, 0.493448, -0.164826, -0.813204
0.846853, 0.645681, -0.239001, -0.625197
0.847375, 0.918587, -0.297209, -0.155775
0.847557, 0.268651, 0.102062, -0.828287
0.847594, 0.580591, -0.211608, -0.715974
0.847693, 0.862706, -0.289851, -0.260089
0.847843, 0.505086, -0.171091, -0.802831
0.847891, 0.196173, 0.301310, -0.670330
0.847965, 0.836418, -0.285306, -0.308146
0.848150, 0.874713, -0.290616, -0.237943
0.848240, 0.292467, 0.055279, -0.855622
0.848324, 0.849438, -0.286698, -0.284490
0.848330, 0.730492, -0.262346, -0.492131
0.848354, 0.151294, 0.491573, -0.488335
0.848372, 0.756396, -0.268796, -0.449088
0.848378, 0.823179, -0.282308, -0.332093
0.848567, 0.453271, -0.134727, -0.847936
0.848610, 0.810029, -0.279498, -0.355615
0.848751, 0.076501, 0.752809, -0.198569
0.848768, 0.559062, -0.199906, -0.743467
0.848773, 0.895117, -0.292166, -0.200124
0.848803, 0.410296, -0.097941, -0.873156
0.848901, 0.033335, 0.815920, -0.081390
0.849161, 0.302871, 0.036588, -0.865429
0.849237, 0.064167, 0.775173, -0.163604
0.849273, 0.625364, -0.227998, -0.655795
0.849341, 0.052947, 0.792601, -0.132701
0.849350, 0.796237, -0.275465, -0.380061
0.849471, 0.670674, -0.243450, -0.588427
0.849474, 0.010790, 0.827459, -0.026063
0.849486, 0.250641, 0.139136, -0.806020
0.849708, 0.322114, 0.006250, -0.877271
0.849739, 0.227523, 0.197467, -0.761853
0.850107, 0.089133, 0.718680, -0.241642
0.850114, 0.682898, -0.246276, -0.569751
0.850188, 0.101484, 0.683746, -0.284361
0.850325, 0.481736, -0.153704, -0.826364
0.850520, 0.536548, -0.186268, -0.770867
0.851289, 0.366776, -0.052223, -0.887018
0.851298, 0.743752, -0.260751, -0.471009
0.851303, 0.977242, -0.293815, -0.043943
0.851345, 0.184638, 0.332414, -0.643787
0.851605, 0.206386, 0.255258, -0.714546
0.851655, 1.000000, -0.293474, 0.000000
0.851854, 0.592330, -0.211150, -0.702477
0.851907, 0.954090, -0.291614, -0.088521
0.852216, 0.114332, 0.633195, -0.339954
0.852238, 0.354843, -0.038213, -0.888379
0.852362, 0.379437, -0.066190, -0.886540
0.852848, 0.139594, 0.524825, -0.454378
0.853041, 0.422181, -0.106585, -0.871316
0.853146, 0.931187, -0.287616, -0.132384
0.853482, 0.515519, -0.171505, -0.795495
0.853589, 0.343263, -0.023982, -0.888956
0.854014, 0.908037, -0.283836, -0.176395
0.854070, 0.172365, 0.371265, -0.607774
0.854196, 0.470342, -0.142723, -0.838816
0.854343, 0.696245, -0.243399, -0.549771
0.854460, 0.636859, -0.224631, -0.640965
0.854795, 0.777406, -0.262174, -0.414210
0.854868, 0.260789, 0.109352, -0.833107
0.855029, 0.389895, -0.076086, -0.886697
0.855082, 0.604789, -0.211830, -0.686896
0.855338, 0.548842, -0.186933, -0.758992
0.855532, 0.707884, -0.244662, -0.531456
0.855563, 0.720410, -0.247829, -0.510919
0.855698, 0.434064, -0.114863, -0.866630
0.855742, 0.043464, 0.787537, -0.115020
0.855841, 0.000000, 0.813314, 0.000000
0.855876, 0.022279, 0.806500, -0.058009
0.855959, 0.571583, -0.196798, -0.731258
0.856118, 0.239724, 0.153490, -0.803092
0.856418, 0.217692, 0.209532, -0.758208
0.856482, 0.310628, 0.020018, -0.882057
0.856492, 0.125987, 0.568302, -0.407226
0.856586, 0.884314, -0.276298, -0.221209
0.857196, 0.285181, 0.060303, -0.865143
0.857301, 0.331141, -0.009043, -0.891322
0.857621, 0.160648, 0.406322, -0.573835
0.857653, 0.402338, -0.087044, -0.884827
0.857704, 0.650067, -0.224210, -0.622401
0.857712, 0.765392, -0.254618, -0.435693
0.857954, 0.446530, -0.122968, -0.860018
0.858118, 0.498846, -0.157167, -0.815240
0.858274, 0.527072, -0.172569, -0.785678
0.858283, 0.988682, -0.281012, -0.021967
0.858326, 0.661895, -0.227020, -0.604782
0.858362, 0.616516, -0.211683, -0.671798
0.858620, 0.788311, -0.257563, -0.395862
0.858802, 0.830047, -0.264583, -0.321457
0.858805, 0.857094, -0.268585, -0.271977
0.858852, 0.459344, -0.131404, -0.851015
0.858952, 0.966094, -0.278901, -0.065714
0.859046, 0.843379, -0.266177, -0.297203
0.859049, 0.870531, -0.269898, -0.247118
0.859096, 0.943334, -0.277468, -0.109619
0.859096, 0.803487, -0.259465, -0.369048
0.859473, 0.733917, -0.244524, -0.489325
0.859722, 0.816362, -0.260655, -0.346273
0.859896, 0.069334, 0.733810, -0.199253
0.859903, 0.273542, 0.078457, -0.858665
0.859912, 0.488517, -0.149281, -0.826352
0.860047, 0.920401, -0.273750, -0.153516
0.860377, 0.195196, 0.265618, -0.711109
0.860411, 0.561517, -0.186647, -0.745846
0.860636, 0.583219, -0.195630, -0.718260
0.860832, 0.081567, 0.702014, -0.242993
0.860886, 0.897654, -0.269888, -0.196710
0.860930, 0.674527, -0.226718, -0.586015
0.861000, 0.753435, -0.246366, -0.456877
0.861184, 0.297592, 0.036842, -0.881693
0.861513, 0.148998, 0.440728, -0.538569
0.861534, 0.055853, 0.753438, -0.159595
0.861565, 0.413391, -0.094705, -0.883210
0.861591, 0.105078, 0.627643, -0.335853
0.861716, 0.686819, -0.228921, -0.566889
0.862009, 0.093748, 0.663545, -0.291232
0.862038, 0.373565, -0.058090, -0.897898
0.862487, 0.628285, -0.209887, -0.656352
0.862523, 0.011197, 0.794092, -0.031050
0.862533, 0.033068, 0.779966, -0.092888
0.862567, 0.250440, 0.120007, -0.834715
0.862726, 0.229616, 0.165295, -0.800404
0.862857, 0.508048, -0.157604, -0.808532
0.862876, 0.319811, 0.004260, -0.895376
0.862926, 0.538893, -0.173148, -0.774539
0.863046, 0.181925, 0.301920, -0.677805
0.863534, 0.362421, -0.046429, -0.901190
0.863746, 0.476815, -0.138666, -0.839489
0.864121, 0.207071, 0.220873, -0.754091
0.864139, 0.595542, -0.195755, -0.703103
0.864506, 0.136719, 0.482226, -0.493965
0.864510, 0.351543, -0.034704, -0.902878
0.864942, 0.977629, -0.268303, -0.043593
0.865125, 1.000000, -0.268278, 0.000000
0.865305, 0.955093, -0.266596, -0.087351
0.865368, 0.340256, -0.021901, -0.903277
0.865407, 0.115127, 0.572612, -0.394588
0.865658, 0.426711, -0.103101, -0.879081
0.866065, 0.932561, -0.263543, -0.130806
0.866184, 0.394576, -0.076704, -0.895695
0.866274, 0.742971, -0.235006, -0.475681
0.866302, 0.641129, -0.208416, -0.638657
0.866325, 0.724104, -0.230698, -0.507289
0.866717, 0.775823, -0.240859, -0.419274
0.866777, 0.909588, -0.260118, -0.174743
0.866831, 0.170381, 0.329895, -0.650853
0.866940, 0.712111, -0.226915, -0.527439
0.867031, 0.700051, -0.223791, -0.547042
0.867086, 0.518878, -0.158672, -0.799231
0.867190, 0.383069, -0.066189, -0.900693
0.867195, 0.440098, -0.111849, -0.871354
0.867199, 0.262868, 0.089670, -0.860356
0.867309, 0.550791, -0.173353, -0.762315
0.867680, 0.796661, -0.242891, -0.382687
0.867749, 0.607652, -0.195160, -0.687667
0.867988, 0.466413, -0.128515, -0.851310
0.868174, 0.285834, 0.050083, -0.884236
0.868184, 0.219359, 0.179374, -0.793128
0.868632, 0.044729, 0.748362, -0.135443
0.868684, 0.888548, -0.254218, -0.214669
0.868715, 0.308110, 0.017644, -0.898594
0.868951, 0.000000, 0.777983, 0.000000
0.869167, 0.022255, 0.769771, -0.066338
0.869259, 0.877534, -0.251947, -0.235469
0.869319, 0.574095, -0.180529, -0.733453
0.869400, 0.823601, -0.244236, -0.334757
0.869449, 0.850544, -0.248071, -0.285559
0.869474, 0.653797, -0.207426, -0.620550
0.869510, 0.452497, -0.118409, -0.863725
0.869639, 0.239469, 0.131986, -0.832945
0.869666, 0.864167, -0.249474, -0.260387
0.869750, 0.836816, -0.245585, -0.310792
0.870006, 0.763882, -0.232826, -0.440717
0.870051, 0.125642, 0.505132, -0.464910
0.870305, 0.328698, -0.009100, -0.907451
0.870436, 0.158543, 0.361115, -0.618664
0.870510, 0.064494, 0.707936, -0.205262
0.870664, 0.665508, -0.208908, -0.602930
0.871087, 0.619636, -0.194443, -0.671752
0.871257, 0.497247, -0.143172, -0.824249
0.871266, 0.562887, -0.173515, -0.748820
0.871297, 0.809550, -0.238597, -0.360411
0.871391, 0.530295, -0.159276, -0.788494
0.871607, 0.485193, -0.136261, -0.836337
0.871679, 0.189845, 0.250392, -0.730052
0.871810, 0.988864, -0.255582, -0.021808
0.872052, 0.404242, -0.082262, -0.896519
0.872122, 0.966631, -0.254259, -0.065256
0.872162, 0.416800, -0.091822, -0.889865
0.872220, 0.076203, 0.674392, -0.252585
0.872342, 0.944370, -0.252617, -0.108522
0.872389, 0.785643, -0.232641, -0.403177
0.872627, 0.689401, -0.212004, -0.565529
0.872637, 0.677449, -0.208973, -0.584674
0.872843, 0.274758, 0.063756, -0.882363
0.872901, 0.921817, -0.249707, -0.151950
0.872920, 0.088328, 0.636743, -0.303404
0.873146, 0.586466, -0.180079, -0.718761
0.873424, 0.101965, 0.587634, -0.364937
0.873660, 0.733004, -0.220236, -0.493996
0.874094, 0.200431, 0.214155, -0.765419
0.874149, 0.371240, -0.053556, -0.910402
0.874194, 0.297172, 0.029793, -0.900620
0.874215, 0.147034, 0.391440, -0.585194
0.874360, 0.899001, -0.244696, -0.195546
0.874569, 0.251954, 0.100532, -0.860724
0.874610, 0.632398, -0.193276, -0.654185
0.874648, 0.751720, -0.222365, -0.462503
0.875558, 0.033714, 0.740037, -0.108196
0.875565, 0.509123, -0.144565, -0.814198
0.875636, 0.011160, 0.756126, -0.035312
0.875692, 0.542073, -0.159383, -0.776518
0.876005, 0.054682, 0.708059, -0.180776
0.876022, 0.360197, -0.042986, -0.914344
0.876060, 0.318468, 0.001719, -0.911959
0.876117, 0.434441, -0.101746, -0.881474
0.876371, 0.349149, -0.032197, -0.915785
0.876648, 0.598725, -0.179548, -0.703222
0.876655, 0.179129, 0.267986, -0.713411
0.876685, 0.212764, 0.177535, -0.800179
0.876790, 0.227854, 0.144027, -0.829242
0.876961, 0.136381, 0.424001, -0.547753
0.877045, 0.338176, -0.020768, -0.916355
0.877565, 0.391348, -0.069459, -0.906805
0.877688, 0.114619, 0.515703, -0.443426
0.877700, 0.720010, -0.210680, -0.516709
0.877887, 0.460815, -0.116748, -0.862075
0.878015, 0.474483, -0.124270, -0.850134
0.878412, 0.645402, -0.191319, -0.635848
0.878611, 0.977874, -0.242474, -0.043505
0.878728, 1.000000, -0.242582, 0.000000
0.878830, 0.707761, -0.206147, -0.537285
0.878851, 0.955768, -0.241038, -0.086788
0.879116, 0.798191, -0.222548, -0.381802
0.879209, 0.933697, -0.238802, -0.129635
0.879393, 0.911006, -0.236444, -0.173234
0.879469, 0.167100, 0.296952, -0.683147
0.879683, 0.554188, -0.159372, -0.763220
0.879754, 0.264149, 0.074115, -0.883486
0.879828, 0.521134, -0.145417, -0.802932
0.879845, 0.858074, -0.229708, -0.272941
0.880021, 0.844142, -0.227613, -0.298739
0.880064, 0.819010, -0.224027, -0.344591
0.880068, 0.445958, -0.106151, -0.875590
0.880068, 0.872381, -0.231014, -0.246309
0.880100, 0.773807, -0.216872, -0.425291
0.880289, 0.424685, -0.092466, -0.890866
0.880437, 0.611043, -0.178168, -0.687049
0.880481, 0.286368, 0.040761, -0.902880
0.880731, 0.379695, -0.058809, -0.913738
0.880945, 0.830852, -0.224054, -0.323130
0.880994, 0.696889, -0.200103, -0.555404
0.881118, 0.886429, -0.230670, -0.220090
0.881180, 0.741619, -0.209108, -0.481018
0.881511, 0.240880, 0.111511, -0.858750
0.881783, 0.307988, 0.012396, -0.915554
0.881840, 0.658220, -0.189464, -0.617172
0.881854, 0.567246, -0.161475, -0.747303
0.881917, 0.761099, -0.211426, -0.447691
0.882065, 0.000000, 0.737820, 0.000000
0.882140, 0.487907, -0.127295, -0.839427
0.882158, 0.022511, 0.728904, -0.076489
0.882454, 0.044527, 0.702499, -0.154812
0.882571, 0.578635, -0.164561, -0.732665
0.882653, 0.066931, 0.656843, -0.242154
0.882671, 0.411219, -0.081761, -0.900847
0.883051, 0.623408, -0.178058, -0.669940
0.883107, 0.669843, -0.190381, -0.599393
0.883146, 0.127253, 0.433360, -0.530522
0.883610, 0.154913, 0.323110, -0.653203
0.883643, 0.683399, -0.192722, -0.577806
0.883702, 0.092039, 0.576758, -0.356358
0.883996, 0.329123, -0.011816, -0.923068
0.884066, 0.533253, -0.145646, -0.790669
0.884109, 0.499991, -0.131076, -0.828099
0.884286, 0.190437, 0.214467, -0.767486
0.884297, 0.079062, 0.616813, -0.298486
0.884317, 0.786086, -0.211414, -0.404448
0.885332, 0.809507, -0.213094, -0.362633
0.885437, 0.399946, -0.072285, -0.908885
0.885460, 0.989001, -0.229708, -0.021740
0.885655, 0.966924, -0.228651, -0.065268
0.885740, 0.104597, 0.517452, -0.426770
0.885775, 0.203682, 0.179614, -0.801834
0.885866, 0.945082, -0.227005, -0.108032
0.885869, 0.275798, 0.051574, -0.902959
0.885937, 0.923094, -0.225078, -0.150581
0.885941, 0.728765, -0.198486, -0.503778
0.886049, 0.590423, -0.163719, -0.717796
0.886304, 0.899419, -0.222334, -0.196109
0.886381, 0.217900, 0.147846, -0.831532
0.886447, 0.636487, -0.176629, -0.651412
0.886682, 0.253542, 0.083681, -0.883505
0.887145, 0.366618, -0.046066, -0.923047
0.887309, 0.297675, 0.022501, -0.918080
0.887368, 0.454755, -0.105259, -0.872582
0.887698, 0.141819, 0.353516, -0.615917
0.887926, 0.354131, -0.035405, -0.926244
0.888063, 0.342066, -0.024605, -0.927539
0.888118, 0.545592, -0.145523, -0.777275
0.888214, 0.512160, -0.132060, -0.816742
0.888426, 0.435188, -0.093479, -0.888731
0.888652, 0.011267, 0.713467, -0.040610
0.888734, 0.467115, -0.110567, -0.862529
0.888836, 0.033626, 0.694634, -0.123119
0.888870, 0.177047, 0.237474, -0.743219
0.888871, 0.319215, -0.002128, -0.926725
0.888909, 0.230721, 0.119261, -0.857633
0.889089, 0.056408, 0.655353, -0.213611
0.889175, 0.602427, -0.163013, -0.701996
0.889274, 0.750810, -0.196798, -0.466945
0.889422, 0.715620, -0.190052, -0.526574
0.889980, 0.117725, 0.439897, -0.512348
0.889996, 0.850788, -0.209893, -0.287734
0.890079, 0.864674, -0.211335, -0.261864
0.890367, 0.650077, -0.174109, -0.631806
0.890417, 0.388706, -0.061931, -0.917805
0.890514, 0.478864, -0.114665, -0.852439
0.890646, 0.420316, -0.082807, -0.900551
0.890953, 0.836870, -0.206416, -0.313562
0.891187, 0.878262, -0.210811, -0.236574
0.891223, 0.558477, -0.146192, -0.762110
0.891311, 0.798409, -0.200572, -0.383320
0.891470, 0.912058, -0.213654, -0.172373
0.891685, 0.165793, 0.259845, -0.717660
0.892026, 0.765516, -0.194322, -0.441642
0.892168, 0.822444, -0.202307, -0.340108
0.892229, 0.703611, -0.182951, -0.546951
0.892264, 0.691619, -0.180426, -0.566325
0.892299, 0.978110, -0.216422, -0.043439
0.892389, 0.524475, -0.132315, -0.804402
0.892444, 1.000000, -0.216477, 0.000000
0.892516, 0.265559, 0.060322, -0.904052
0.892577, 0.955984, -0.214923, -0.087127
0.892658, 0.934517, -0.213240, -0.129050
0.892703, 0.377518, -0.052861, -0.923981
0.893009, 0.676296, -0.176021, -0.591541
0.893051, 0.614857, -0.160954, -0.685234
0.893235, 0.287213, 0.032074, -0.920097
0.893694, 0.737732, -0.186808, -0.490025
0.893714, 0.570861, -0.147015, -0.746759
0.893741, 0.243423, 0.091440, -0.883136
0.893742, 0.776091, -0.192983, -0.423552
0.893944, 0.491374, -0.116926, -0.841515
0.894312, 0.445452, -0.094457, -0.884175
0.894506, 0.890253, -0.205826, -0.214320
0.894614, 0.626795, -0.161771, -0.668125
0.894670, 0.131051, 0.363344, -0.595345
0.894764, 0.309163, 0.006998, -0.930686
0.894965, 0.662866, -0.169925, -0.613265
0.895023, 0.408002, -0.072432, -0.910974
0.895118, 0.000000, 0.692766, 0.000000
0.895157, 0.082964, 0.553975, -0.352638
0.895167, 0.068872, 0.598649, -0.283699
0.895260, 0.022479, 0.682541, -0.086942
0.895291, 0.094755, 0.508102, -0.414744
0.895348, 0.045218, 0.652275, -0.179164
0.895407, 0.152445, 0.287466, -0.683389
0.895740, 0.582441, -0.147857, -0.731816
0.895978, 0.332244, -0.015549, -0.935070
0.896208, 0.787797, -0.190185, -0.402961
0.896230, 0.184982, 0.198077, -0.782997
0.896292, 0.196258, 0.172810, -0.809624
0.896452, 0.536964, -0.132093, -0.791009
0.896633, 0.208763, 0.147003, -0.835486
0.896860, 0.503469, -0.118915, -0.829930
0.897380, 0.108166, 0.441912, -0.494428
0.897665, 0.809410, -0.190540, -0.364551
0.897711, 0.640205, -0.160382, -0.648588
0.897781, 0.428885, -0.082836, -0.898777
0.897836, 0.221138, 0.122429, -0.858992
0.898006, 0.724354, -0.177081, -0.513546
0.898757, 0.357354, -0.035864, -0.934588
0.898838, 0.457786, -0.096800, -0.876098
0.898943, 0.594153, -0.146761, -0.716496
0.898981, 0.276917, 0.040997, -0.920970
0.899055, 0.396209, -0.062784, -0.920099
0.899157, 0.902165, -0.198041, -0.192007
0.899166, 0.924053, -0.199833, -0.149766
0.899184, 0.344825, -0.025874, -0.937117
0.899217, 0.989146, -0.203423, -0.021657
0.899235, 0.967248, -0.202728, -0.065218
0.899259, 0.255516, 0.067910, -0.904396
0.899650, 0.757635, -0.179593, -0.456538
0.899774, 0.944975, -0.200412, -0.109161
0.900011, 0.549792, -0.132001, -0.776265
0.900100, 0.298812, 0.016096, -0.933090
0.900205, 0.369211, -0.044144, -0.932424
0.900434, 0.321864, -0.006308, -0.938552
0.900561, 0.857650, -0.190815, -0.276128
0.900741, 0.515763, -0.119315, -0.817675
0.900753, 0.469785, -0.100597, -0.865997
0.900857, 0.685498, -0.165077, -0.577997
0.900946, 0.845131, -0.188681, -0.299372
0.901093, 0.233772, 0.097116, -0.882672
0.901121, 0.870761, -0.191086, -0.251563
0.901385, 0.606107, -0.146453, -0.700166
0.901406, 0.142276, 0.296870, -0.664752
0.901697, 0.011219, 0.665375, -0.045983
0.901761, 0.056976, 0.600058, -0.245455
0.901768, 0.033889, 0.644159, -0.141199
0.901797, 0.832028, -0.185682, -0.323792
0.901919, 0.711236, -0.168138, -0.536264
0.902131, 0.162539, 0.237013, -0.735556
0.902175, 0.120537, 0.368184, -0.575424
0.902318, 0.745807, -0.173124, -0.477578
0.902684, 0.482126, -0.104026, -0.854775
0.902727, 0.651874, -0.155233, -0.631940
0.903135, 0.417553, -0.072896, -0.909729
0.903298, 0.438420, -0.083706, -0.894483
0.903309, 0.562390, -0.131644, -0.761064
0.903496, 0.383663, -0.052738, -0.929079
0.903588, 0.174691, 0.202815, -0.774120
0.903783, 0.914017, -0.190105, -0.169538
0.904294, 0.672965, -0.157093, -0.599178
0.904343, 0.796580, -0.176568, -0.388269
0.904399, 0.882743, -0.186074, -0.229324
0.904736, 0.698030, -0.161014, -0.558327
0.904744, 0.528322, -0.119031, -0.804341
0.904858, 0.820175, -0.178637, -0.345897
0.905076, 0.076290, 0.526351, -0.353023
0.905222, 0.630424, -0.146645, -0.665069
0.905607, 0.098915, 0.436033, -0.478888
0.905704, 0.266634, 0.048525, -0.922020
0.905960, 0.781646, -0.171805, -0.415398
0.906012, 0.494576, -0.105510, -0.843170
0.906031, 0.618569, -0.142712, -0.683142
0.906033, 0.288615, 0.024252, -0.935248
0.906045, 0.978399, -0.190044, -0.043270
0.906051, 0.956312, -0.189094, -0.087241
0.906075, 0.768771, -0.169778, -0.437939
0.906163, 0.574492, -0.131289, -0.745777
0.906203, 0.733257, -0.164433, -0.499771
0.906284, 1.000000, -0.189921, 0.000000
0.906474, 0.245973, 0.073413, -0.904831
0.906670, 0.933616, -0.186337, -0.131899
0.907168, 0.310920, 0.002562, -0.943219
0.907525, 0.406089, -0.063827, -0.919556
0.907621, 0.199283, 0.143993, -0.838066
0.907768, 0.131825, 0.304571, -0.643966
0.907913, 0.186772, 0.167109, -0.812282
0.907931, 0.449100, -0.084931, -0.887896
0.908094, 0.211670, 0.121884, -0.861181
0.908120, 0.045381, 0.597235, -0.204554
0.908196, 0.000000, 0.642002, 0.000000
0.908225, 0.022478, 0.630875, -0.098886
0.908233, 0.894645, -0.179878, -0.207104
0.908373, 0.334663, -0.017175, -0.945539
0.908400, 0.087477, 0.466425, -0.427038
0.908501, 0.541145, -0.118519, -0.789823
0.908806, 0.586060, -0.130721, -0.730622
0.908901, 0.661951, -0.147528, -0.617499
0.909152, 0.224120, 0.100846, -0.881962
0.909330, 0.506994, -0.106381, -0.830772
0.909428, 0.153015, 0.238443, -0.724980
0.909878, 0.066168, 0.534899, -0.314459
0.909939, 0.348059, -0.026687, -0.944931
0.909969, 0.809116, -0.167828, -0.366398
0.909982, 0.110224, 0.368820, -0.554861
0.910382, 0.720467, -0.155261, -0.522157
0.910432, 0.427810, -0.073010, -0.906244
0.910444, 0.640940, -0.140892, -0.650208
0.910486, 0.360425, -0.035002, -0.942318
0.910928, 0.373180, -0.043011, -0.938195
0.911008, 0.460553, -0.087048, -0.879085
0.911278, 0.755716, -0.158776, -0.461618
0.911425, 0.394688, -0.055308, -0.928372
0.911505, 0.685174, -0.147559, -0.580677
0.911565, 0.863609, -0.170528, -0.265971
0.911655, 0.322633, -0.007637, -0.948214
0.911767, 0.597540, -0.129353, -0.715135
0.911809, 0.277923, 0.032360, -0.935987
0.912052, 0.840950, -0.167427, -0.308365
0.912132, 0.553937, -0.117608, -0.774586
0.912366, 0.473213, -0.090804, -0.867550
0.912422, 0.907146, -0.172858, -0.183474
0.912540, 0.301003, 0.010217, -0.945879
0.912634, 0.256516, 0.054819, -0.922303
0.912818, 0.852463, -0.167085, -0.286957
0.912843, 0.967672, -0.176503, -0.064968
0.913005, 0.519528, -0.106288, -0.817560
0.913113, 0.989309, -0.176633, -0.021543
0.913147, 0.608870, -0.129950, -0.698968
0.913192, 0.945273, -0.174578, -0.109477
0.913363, 0.236870, 0.077764, -0.904144
0.913386, 0.165595, 0.197020, -0.771797
0.913808, 0.921580, -0.171399, -0.155717
0.914102, 0.707767, -0.146972, -0.544107
0.914122, 0.874378, -0.166622, -0.245890
0.914322, 0.829143, -0.161961, -0.330395
0.914637, 0.742753, -0.151111, -0.484628
0.914644, 0.033692, 0.588345, -0.159765
0.914754, 0.011183, 0.611345, -0.052197
0.914856, 0.485477, -0.092798, -0.856073
0.914949, 0.142813, 0.246126, -0.705511
0.915282, 0.121108, 0.306640, -0.623215
0.915553, 0.416078, -0.063707, -0.917228
0.915701, 0.055801, 0.535354, -0.275935
0.915767, 0.566560, -0.116149, -0.758889
0.915893, 0.799205, -0.155747, -0.384827
0.915962, 0.788016, -0.154472, -0.405303
0.916072, 0.651000, -0.134065, -0.635882
0.916129, 0.438936, -0.073539, -0.900132
0.916274, 0.628000, -0.129347, -0.671331
0.916438, 0.672862, -0.137382, -0.601496
0.916671, 0.384779, -0.047191, -0.936435
0.916827, 0.532348, -0.105534, -0.803277
0.917071, 0.098406, 0.375843, -0.520772
0.917594, 0.886259, -0.161115, -0.223810
0.917676, 0.775865, -0.149960, -0.427186
0.917840, 0.695982, -0.138849, -0.564225
0.917996, 0.178284, 0.160052, -0.812991
0.918004, 0.498062, -0.093687, -0.843652
0.918056, 0.076929, 0.452249, -0.403782
0.918355, 0.289769, 0.018247, -0.947616
0.918582, 0.729970, -0.142502, -0.507149
0.918611, 0.818540, -0.152823, -0.350129
0.918941, 0.267408, 0.038685, -0.937086
0.918971, 0.578790, -0.114736, -0.743023
0.919078, 0.191352, 0.135406, -0.842359
0.919142, 0.203752, 0.115860, -0.865281
0.919331, 0.933975, -0.161917, -0.132194
0.919357, 0.956801, -0.163340, -0.087024
0.919603, 0.215927, 0.097696, -0.885231
0.919633, 0.764442, -0.145074, -0.447589
0.919908, 0.978742, -0.163183, -0.043001
0.920107, 0.404398, -0.055151, -0.927188
0.920189, 0.340271, -0.019583, -0.953401
0.920263, 1.000000, -0.162844, 0.000000
0.920357, 0.313685, -0.001317, -0.954555
0.920408, 0.227918, 0.080921, -0.902454
0.920539, 0.617012, -0.120691, -0.688458
0.920584, 0.545157, -0.104296, -0.788273
0.920585, 0.131601, 0.254926, -0.680369
0.920607, 0.246796, 0.058629, -0.923021
0.920855, 0.450385, -0.074056, -0.892341
0.921111, 0.328074, -0.011428, -0.955283
0.921191, 0.044519, 0.535726, -0.228704
0.921209, 0.898486, -0.155281, -0.200936
0.921284, 0.022270, 0.572689, -0.111731
0.921294, 0.000000, 0.585056, 0.000000
0.921546, 0.352622, -0.026984, -0.951621
0.921589, 0.510748, -0.093550, -0.830458
0.921843, 0.087483, 0.390272, -0.479402
0.921859, 0.464075, -0.078170, -0.880017
0.921876, 0.590907, -0.113352, -0.726740
0.921925, 0.364404, -0.033671, -0.948129
0.922146, 0.661203, -0.126198, -0.620966
0.922354, 0.426745, -0.063453, -0.912516
0.922400, 0.110076, 0.309015, -0.596738
0.922555, 0.638831, -0.121719, -0.656014
0.922605, 0.154258, 0.194812, -0.759877
0.922920, 0.717442, -0.133339, -0.529075
0.922940, 0.375381, -0.039224, -0.944197
0.923332, 0.683801, -0.127846, -0.584917
0.923356, 0.751957, -0.136934, -0.469811
0.923520, 0.838835, -0.145543, -0.313204
0.923590, 0.862722, -0.147535, -0.268738
0.923832, 0.066644, 0.455866, -0.364138
0.923934, 0.911232, -0.151116, -0.176743
0.923956, 0.807914, -0.141762, -0.369798
0.924073, 0.166899, 0.166404, -0.796553
0.924126, 0.301419, 0.007272, -0.955608
0.924309, 0.278846, 0.025260, -0.948364
0.924321, 0.557872, -0.102556, -0.772707
0.924345, 0.476419, -0.079880, -0.868724
0.924383, 0.850001, -0.144836, -0.292405
0.924403, 0.603717, -0.112340, -0.708920
0.925023, 0.523442, -0.093022, -0.816435
0.925272, 0.393644, -0.047037, -0.936085
0.925723, 0.875743, -0.144659, -0.244572
0.925877, 0.257051, 0.044011, -0.936825
0.926528, 0.968128, -0.149837, -0.064648
0.926690, 0.946061, -0.148310, -0.108777
0.926763, 0.488928, -0.081259, -0.856377
0.926857, 0.923278, -0.146387, -0.153620
0.927032, 0.739330, -0.128953, -0.492140
0.927193, 0.705776, -0.124500, -0.549276
0.927201, 0.989524, -0.149187, -0.021329
0.927407, 0.237263, 0.062244, -0.921305
0.927604, 0.795585, -0.133882, -0.392609
0.927623, 0.142116, 0.204935, -0.733856
0.927773, 0.828493, -0.136628, -0.332697
0.927827, 0.033102, 0.524558, -0.179395
0.927835, 0.414618, -0.054424, -0.923807
0.927929, 0.011102, 0.550348, -0.059232
0.928010, 0.437561, -0.063101, -0.906067
0.928417, 0.570364, -0.099816, -0.756893
0.928481, 0.120196, 0.253562, -0.657015
0.928604, 0.784084, -0.130962, -0.413499
0.928711, 0.649270, -0.113819, -0.640898
0.928782, 0.627424, -0.110135, -0.674478
0.928862, 0.055524, 0.463204, -0.313781
0.928900, 0.536348, -0.091494, -0.801523
0.928924, 0.671702, -0.116872, -0.605295
0.929141, 0.100059, 0.307687, -0.570632
0.929814, 0.501663, -0.081525, -0.843188
0.930029, 0.889025, -0.137425, -0.219662
0.930170, 0.185809, 0.121828, -0.848930
0.930507, 0.198216, 0.104131, -0.872207
0.930550, 0.210744, 0.088277, -0.892090
0.930584, 0.772627, -0.126233, -0.434146
0.930799, 0.223554, 0.073134, -0.909630
0.930835, 0.694419, -0.116852, -0.568551
0.931069, 0.289499, 0.014343, -0.957809
0.931167, 0.727010, -0.120297, -0.513789
0.931199, 0.383466, -0.039188, -0.944386
0.931471, 0.457180, -0.066753, -0.889748
0.931522, 0.322485, -0.007525, -0.962376
0.931768, 0.582032, -0.097498, -0.741490
0.931921, 0.935554, -0.137327, -0.129914
0.931981, 0.269063, 0.029462, -0.950038
0.931995, 0.817162, -0.127700, -0.353744
0.932007, 0.335258, -0.014843, -0.961426
0.932346, 0.347306, -0.021302, -0.959173
0.932351, 0.077251, 0.366284, -0.458560
0.932384, 0.174780, 0.133587, -0.829264
0.932497, 0.615672, -0.102508, -0.692742
0.932570, 0.761082, -0.121498, -0.454760
0.932594, 0.957287, -0.137408, -0.086781
0.932737, 0.549162, -0.089469, -0.786025
0.932795, 0.130241, 0.213336, -0.704782
0.932976, 0.310972, -0.000506, -0.963095
0.933215, 0.403275, -0.046228, -0.933686
0.933306, 0.089096, 0.321256, -0.527568
0.933428, 0.359516, -0.027131, -0.955985
0.933721, 0.514619, -0.080332, -0.829194
0.933870, 0.044102, 0.467045, -0.258302
0.933877, 0.900495, -0.130933, -0.198225
0.933892, 0.979143, -0.135770, -0.042615
0.934072, 0.593738, -0.096373, -0.725316
0.934143, 0.446789, -0.060909, -0.900249
0.934280, 0.371101, -0.032217, -0.951767
0.934296, 0.425185, -0.053586, -0.918417
0.934408, 1.000000, -0.135118, 0.000000
0.934424, 0.468249, -0.067248, -0.879964
0.934432, 0.000000, 0.521135, 0.000000
0.934507, 0.161435, 0.149265, -0.801106
0.934618, 0.022106, 0.505784, -0.127278
0.934918, 0.659958, -0.105498, -0.624952
0.935058, 0.246600, 0.046324, -0.937337
0.935219, 0.854479, -0.124785, -0.285406
0.935376, 0.682486, -0.107732, -0.588655
0.935401, 0.637593, -0.101530, -0.660119
0.935479, 0.748865, -0.115079, -0.476443
0.935504, 0.867201, -0.125248, -0.261627
0.935581, 0.840744, -0.122945, -0.310798
0.936069, 0.149597, 0.165027, -0.772266
0.936158, 0.299512, 0.006342, -0.963660
0.936211, 0.110909, 0.244821, -0.638573
0.936219, 0.715360, -0.110254, -0.534238
0.936316, 0.480240, -0.068639, -0.868271
0.936317, 0.912759, -0.127045, -0.174705
0.936386, 0.804905, -0.118541, -0.376603
0.936457, 0.605195, -0.094842, -0.708911
0.936590, 0.561971, -0.086949, -0.769876
0.936914, 0.527286, -0.079368, -0.814643
0.937088, 0.879973, -0.123038, -0.237388
0.937356, 0.065998, 0.375546, -0.408077
0.937457, 0.258652, 0.034554, -0.948172
0.937576, 0.279592, 0.019140, -0.959098
0.938462, 0.232986, 0.055203, -0.927984
0.938589, 0.492564, -0.069336, -0.855627
0.939115, 0.392033, -0.038253, -0.942948
0.939567, 0.924609, -0.121484, -0.151870
0.939651, 0.736481, -0.106485, -0.498354
0.939788, 0.792964, -0.111281, -0.398483
0.939943, 0.827443, -0.113658, -0.335582
0.940259, 0.968922, -0.122715, -0.063612
0.940554, 0.413653, -0.044918, -0.929274
0.940589, 0.704466, -0.101574, -0.552941
0.940890, 0.136790, 0.173049, -0.742648
0.940954, 0.434978, -0.051346, -0.912706
0.940988, 0.540218, -0.076913, -0.799207
0.941078, 0.947076, -0.119926, -0.107578
0.941100, 0.218750, 0.065403, -0.914456
0.941185, 0.032890, 0.450356, -0.205028
0.941199, 0.011536, 0.481415, -0.070683
0.941256, 0.625447, -0.090722, -0.679614
0.941385, 0.505367, -0.069158, -0.841831
0.941419, 0.648710, -0.093611, -0.643690
0.941455, 0.781481, -0.107295, -0.419318
0.941457, 0.670434, -0.096240, -0.608992
0.941572, 0.989255, -0.120843, -0.022114
0.941603, 0.205657, 0.077730, -0.897280
0.941683, 0.099282, 0.249117, -0.601634
0.941740, 0.574499, -0.082143, -0.753716
0.941948, 0.054822, 0.384344, -0.352155
0.941994, 0.193204, 0.090490, -0.877958
0.942754, 0.122087, 0.193980, -0.696230
0.942994, 0.329691, -0.010382, -0.968029
0.943345, 0.770102, -0.102922, -0.439731
0.943445, 0.181796, 0.100962, -0.858925
0.943455, 0.693225, -0.095509, -0.571892
0.943542, 0.342381, -0.016130, -0.965896
0.943736, 0.379681, -0.031081, -0.951629
0.943786, 0.457714, -0.055205, -0.892868
0.943789, 0.936092, -0.113762, -0.129467
0.943864, 0.317482, -0.004336, -0.969437
0.944129, 0.890085, -0.110011, -0.218562
0.944187, 0.814571, -0.104793, -0.359671
0.944196, 0.086091, 0.271049, -0.544224
0.944238, 0.724833, -0.097363, -0.518920
0.944251, 0.354862, -0.021259, -0.962563
0.944586, 0.169683, 0.113409, -0.835404
0.944679, 0.586540, -0.079906, -0.737324
0.944850, 0.553010, -0.074201, -0.783255
0.945014, 0.758387, -0.098943, -0.460570
0.945166, 0.291585, 0.009210, -0.967728
0.945217, 0.958627, -0.112293, -0.084660
0.945647, 0.367277, -0.025620, -0.958282
0.945701, 0.267719, 0.023384, -0.959437
0.945743, 0.445378, -0.050122, -0.904871
0.945860, 0.613434, -0.082033, -0.698190
0.945873, 0.305418, 0.001729, -0.970148
0.945906, 0.903221, -0.107536, -0.193773
0.945932, 0.518554, -0.066521, -0.827213
0.945951, 0.470575, -0.056184, -0.880825
0.945997, 0.401681, -0.037249, -0.939352
0.946293, 0.043436, 0.391109, -0.289348
0.946309, 0.848805, -0.103156, -0.296661
0.946490, 0.599297, -0.079164, -0.719188
0.946526, 0.861835, -0.103583, -0.272309
0.946626, 0.157405, 0.124514, -0.809441
0.946749, 0.074391, 0.290465, -0.488397
0.946885, 0.875168, -0.103715, -0.247137
0.947126, 0.241203, 0.040579, -0.942688
0.947172, 0.424380, -0.043153, -0.923219
0.947214, 0.681248, -0.087956, -0.591977
0.947322, 0.000000, 0.451668, 0.000000
0.947325, 0.253617, 0.031639, -0.952225
0.947442, 0.746263, -0.093607, -0.482013
0.947653, 0.637696, -0.082401, -0.661518
0.947706, 0.836236, -0.099628, -0.319933
0.947971, 0.483180, -0.056900, -0.868101
0.948001, 0.659077, -0.084319, -0.628122
0.948285, 0.023398, 0.426256, -0.156337
0.948350, 0.145109, 0.136958, -0.779646
0.948420, 1.000000, -0.107342, 0.000000
0.948440, 0.978486, -0.106824, -0.044425
0.948519, 0.279743, 0.014972, -0.966153
0.948714, 0.530943, -0.065338, -0.812520
0.948834, 0.565300, -0.070801, -0.767466
0.948879, 0.110041, 0.193554, -0.663050
0.949048, 0.916171, -0.102123, -0.168845
0.949113, 0.802578, -0.094779, -0.381811
0.949179, 0.227521, 0.048800, -0.931440
0.950037, 0.495955, -0.057247, -0.854437
0.950259, 0.714106, -0.085956, -0.537593
0.951473, 0.063030, 0.295178, -0.435190
0.951601, 0.388775, -0.029722, -0.949303
0.951781, 0.213424, 0.056797, -0.917286
0.951786, 0.130832, 0.147422, -0.741482
0.952294, 0.790554, -0.088115, -0.403889
0.952421, 0.823099, -0.089936, -0.344661
0.952501, 0.509101, -0.056844, -0.839693
0.952758, 0.734113, -0.083271, -0.503717
0.952935, 0.928297, -0.095035, -0.145281
0.952966, 0.626772, -0.072876, -0.678831
0.952973, 0.412206, -0.035437, -0.934059
0.953076, 0.096550, 0.202010, -0.615081
0.953102, 0.543961, -0.061856, -0.796575
0.953132, 0.200572, 0.065505, -0.900731
0.953756, 0.703230, -0.079029, -0.556156
0.953806, 0.011643, 0.408524, -0.082480
0.954176, 0.669349, -0.075323, -0.612215
0.954351, 0.336689, -0.011342, -0.971644
0.954410, 0.779349, -0.083495, -0.424084
0.954532, 0.435512, -0.039906, -0.915970
0.954630, 0.648495, -0.072562, -0.645478
0.954765, 0.324263, -0.006576, -0.973877
0.954826, 0.941061, -0.091955, -0.120225
0.954863, 0.966996, -0.093389, -0.068199
0.954920, 0.189092, 0.072496, -0.884106
0.954961, 0.952812, -0.092466, -0.096912
0.955019, 0.578691, -0.064079, -0.749821
0.955039, 0.349494, -0.015667, -0.968416
0.955239, 0.050776, 0.307051, -0.367550
0.955410, 0.035880, 0.350768, -0.262119
0.955510, 0.449665, -0.042151, -0.903417
0.955549, 0.462108, -0.044678, -0.891553
0.955680, 0.691616, -0.074780, -0.575577
0.955712, 0.767669, -0.080361, -0.444932
0.955724, 0.177020, 0.082043, -0.862974
0.955774, 0.989675, -0.092393, -0.021505
0.956031, 0.882683, -0.086421, -0.233587
0.956104, 0.362166, -0.019353, -0.964099
0.956173, 0.375887, -0.023382, -0.957770
0.956219, 0.895271, -0.086768, -0.209653
0.956257, 0.312209, -0.001762, -0.975217
0.956317, 0.083743, 0.212932, -0.561901
0.956350, 0.299230, 0.003553, -0.974579
0.956591, 0.591689, -0.063418, -0.731774
0.956614, 0.120026, 0.147032, -0.712891
0.956951, 0.604917, -0.064395, -0.712458
0.957006, 0.164858, 0.091208, -0.839185
0.957096, 0.261126, 0.021324, -0.962699
0.957102, 0.616632, -0.065438, -0.694760
0.957179, 0.755883, -0.076933, -0.465732
0.957389, 0.812026, -0.079956, -0.365188
0.957501, 0.868839, -0.082806, -0.259802
0.957608, 0.855714, -0.081894, -0.284385
0.957635, 0.554915, -0.057371, -0.782920
0.957768, 0.399770, -0.028900, -0.944065
0.957776, 0.474419, -0.044747, -0.879457
0.957823, 0.287150, 0.008530, -0.973109
0.957901, 0.723773, -0.073490, -0.521819
0.957962, 0.908082, -0.083984, -0.185028
0.958179, 0.273441, 0.014657, -0.968958
0.958285, 0.843285, -0.079902, -0.307421
0.958292, 0.247903, 0.027596, -0.955111
0.958363, 0.522787, -0.051976, -0.824129
0.958573, 0.152395, 0.100316, -0.811690
0.958586, 0.235172, 0.034629, -0.945198
0.958877, 0.422930, -0.033509, -0.927231
0.958926, 0.679782, -0.068379, -0.595416
0.959056, 0.139482, 0.113492, -0.777527
0.959184, 0.743982, -0.072580, -0.486707
0.959538, 0.831119, -0.076891, -0.330065
0.959540, 0.486832, -0.045001, -0.866436
0.959669, 0.567410, -0.056171, -0.766069
0.959927, 0.221796, 0.041343, -0.932991
0.960059, 0.535434, -0.051599, -0.808476
0.960127, 0.000000, 0.375311, 0.000000
0.960571, 0.636950, -0.062071, -0.664155
0.960620, 0.023299, 0.345965, -0.180604
0.960893, 0.106751, 0.150609, -0.670626
0.961014, 0.071777, 0.213780, -0.510385
0.961321, 0.499288, -0.044955, -0.852673
0.961571, 0.659449, -0.062400, -0.628683
0.961904, 0.799231, -0.070881, -0.388936
0.961922, 0.979499, -0.079621, -0.042790
0.962144, 0.921024, -0.076253, -0.159933
0.962592, 1.000000, -0.078622, 0.000000
0.963035, 0.511821, -0.044732, -0.838068
0.963167, 0.207972, 0.046077, -0.918417
0.963779, 0.388366, -0.022391, -0.952691
0.964438, 0.711605, -0.061365, -0.543173
0.964770, 0.059958, 0.217720, -0.451885
0.965121, 0.409828, -0.026000, -0.938734
0.965132, 0.093786, 0.151962, -0.623844
0.965341, 0.442578, -0.031779, -0.911721
0.965705, 0.788279, -0.063305, -0.408903
0.965728, 0.342920, -0.010405, -0.973775
0.965755, 0.330631, -0.007031, -0.976690
0.965903, 0.046422, 0.244132, -0.368644
0.965922, 0.932632, -0.069299, -0.137604
0.966177, 0.698859, -0.057574, -0.564512
0.966264, 0.957995, -0.069913, -0.087113
0.966358, 0.196791, 0.048523, -0.904835
0.966358, 0.011215, 0.327433, -0.094052
0.966362, 0.625515, -0.052073, -0.682124
0.966453, 0.130098, 0.101647, -0.757811
0.966473, 0.455333, -0.032787, -0.899964
0.966736, 0.775994, -0.060818, -0.430972
0.966807, 0.945339, -0.068145, -0.112515
0.966942, 0.184328, 0.055575, -0.885223
0.966975, 0.735688, -0.058320, -0.501653
0.967087, 0.354724, -0.012890, -0.970211
0.967090, 0.586229, -0.047640, -0.740619
0.967113, 0.821080, -0.062131, -0.349102
0.967167, 0.366916, -0.015675, -0.965070
0.967180, 0.318955, -0.003524, -0.978723
0.967209, 0.546101, -0.043559, -0.795531
0.967242, 0.647390, -0.052360, -0.648399
0.967404, 0.969640, -0.067977, -0.063299
0.967509, 0.306500, 0.000154, -0.979242
0.967606, 0.888421, -0.064014, -0.223277
0.967615, 0.034158, 0.265474, -0.284607
0.967635, 0.875517, -0.063407, -0.247727
0.967664, 0.599504, -0.047959, -0.721323
0.967695, 0.671211, -0.053263, -0.610159
0.967774, 0.431672, -0.027817, -0.921715
0.967797, 0.171640, 0.062679, -0.862379
0.967865, 0.763368, -0.058149, -0.453385
0.968015, 0.685997, -0.053653, -0.585823
0.968034, 0.466794, -0.032918, -0.888860
0.968314, 0.900966, -0.063131, -0.199277
0.968319, 0.294096, 0.003941, -0.978457
0.968344, 0.378360, -0.017581, -0.959459
0.968378, 0.117004, 0.109139, -0.717881
0.968438, 0.612791, -0.047898, -0.701599
0.968459, 0.574126, -0.044566, -0.757597
0.968477, 0.861877, -0.061215, -0.273436
0.968511, 0.280920, 0.008203, -0.975737
0.968512, 0.254861, 0.017743, -0.964519
0.968735, 0.267602, 0.012774, -0.971065
0.968817, 0.081692, 0.152703, -0.574779
0.968828, 0.158604, 0.070010, -0.835518
0.968951, 0.723562, -0.054205, -0.522714
0.969029, 0.750275, -0.055400, -0.476326
0.969064, 0.559705, -0.042409, -0.777680
0.969098, 0.808287, -0.057870, -0.372670
0.969099, 0.848521, -0.059467, -0.298354
0.969172, 0.144794, 0.080132, -0.802043
0.969373, 0.241674, 0.022465, -0.956059
0.969614, 0.479060, -0.032905, -0.876233
0.969808, 0.531793, -0.038724, -0.814336
0.969849, 0.228844, 0.027549, -0.945489
0.969854, 0.835151, -0.057480, -0.323164
0.969858, 0.913432, -0.060493, -0.175076
0.970438, 0.419806, -0.023698, -0.931921
0.970489, 0.398772, -0.020120, -0.947506
0.970753, 0.215928, 0.032459, -0.932362
0.970775, 0.989149, -0.061659, -0.022852
0.971101, 0.491781, -0.032811, -0.862401
0.971218, 0.519525, -0.035678, -0.829545
0.972473, 0.505038, -0.032684, -0.847225
0.973156, 0.000000, 0.288124, 0.000000
0.973194, 0.103851, 0.104932, -0.675150
0.973407, 0.635530, -0.041804, -0.667218
0.973432, 0.021821, 0.253094, -0.199211
0.973821, 0.658304, -0.042479, -0.631409
0.975151, 0.069069, 0.137600, -0.521228
0.976193, 1.000000, -0.050539, 0.000000
0.976357, 0.798068, -0.043996, -0.391894
0.976501, 0.447985, -0.022261, -0.908250
0.976504, 0.055917, 0.149774, -0.451438
0.976634, 0.978260, -0.049177, -0.045750
0.976714, 0.923994, -0.047093, -0.154770
0.976807, 0.337031, -0.006124, -0.977815
0.976865, 0.705182, -0.039649, -0.554350
0.977296, 0.205591, 0.029086, -0.922422
0.977579, 0.784671, -0.041290, -0.415930
0.977709, 0.386472, -0.013573, -0.956567
0.977726, 0.937667, -0.045633, -0.128326
0.977925, 0.192227, 0.033510, -0.903937
0.978038, 0.951400, -0.045467, -0.100928
0.978043, 0.093138, 0.095062, -0.637624
0.978043, 0.043443, 0.161946, -0.376900
0.978046, 0.717005, -0.038106, -0.534423
0.978149, 0.692602, -0.036939, -0.575400
0.978175, 0.679365, -0.036341, -0.597154
0.978185, 0.137537, 0.060624, -0.789369
0.978282, 0.593809, -0.031910, -0.730377
0.978373, 0.743622, -0.038489, -0.488488
0.978379, 0.622004, -0.033312, -0.688404
0.978416, 0.771332, -0.039325, -0.439707
0.978445, 0.347901, -0.007487, -0.974909
0.978486, 0.178950, 0.038253, -0.882302
0.978497, 0.326231, -0.003748, -0.980470
0.978506, 0.124937, 0.067984, -0.752966
0.978520, 0.607453, -0.032325, -0.710294
0.978598, 0.964621, -0.044737, -0.074072
0.978612, 0.540130, -0.028010, -0.804386
0.978650, 0.411120, -0.016133, -0.939924
0.978668, 0.553091, -0.028833, -0.787388
0.978678, 0.360097, -0.009274, -0.970271
0.978690, 0.882119, -0.041955, -0.235537
0.978726, 0.314097, -0.001460, -0.981908
0.978776, 0.868617, -0.041413, -0.261061
0.978782, 0.826400, -0.040274, -0.339951
0.978838, 0.567125, -0.029493, -0.768200
0.978894, 0.437536, -0.018895, -0.918261
0.978907, 0.580772, -0.030231, -0.749102
0.978934, 0.812985, -0.039589, -0.364530
0.978986, 0.730850, -0.036945, -0.510519
0.979040, 0.301435, 0.001023, -0.981990
0.979073, 0.757796, -0.037696, -0.463608
0.979117, 0.372715, -0.010904, -0.964419
0.979122, 0.458833, -0.020817, -0.898073
0.979129, 0.895577, -0.041457, -0.209873
0.979131, 0.165515, 0.043177, -0.856862
0.979140, 0.288197, 0.003751, -0.980395
0.979214, 0.274814, 0.006702, -0.976947
0.979327, 0.151699, 0.049636, -0.826298
0.979411, 0.261341, 0.009823, -0.971485
0.979451, 0.854819, -0.039734, -0.286967
0.979452, 0.011609, 0.227410, -0.120646
0.979534, 0.248016, 0.013187, -0.963951
0.979653, 0.667410, -0.033389, -0.616801
0.979653, 0.031375, 0.174922, -0.293966
0.979679, 0.647530, -0.032501, -0.648612
0.979807, 0.909222, -0.040457, -0.183572
0.979810, 0.470975, -0.021213, -0.885822
0.979910, 0.840913, -0.038482, -0.312894
0.979981, 0.080930, 0.098218, -0.585029
0.980157, 0.112429, 0.071079, -0.712489
0.980200, 0.425444, -0.016485, -0.928768
0.980220, 0.234291, 0.016416, -0.953930
0.980490, 0.220450, 0.020212, -0.941012
0.980859, 0.484061, -0.021167, -0.871938
0.980966, 0.526509, -0.024074, -0.821878
0.981170, 0.398809, -0.012885, -0.948958
0.981193, 0.512468, -0.022850, -0.839093
0.981705, 0.497795, -0.021236, -0.856529
0.984734, 0.634974, -0.024000, -0.668494
0.985921, 0.987310, -0.029994, -0.027029
0.986045, 0.000000, 0.186889, 0.000000
0.987634, 0.062734, 0.072966, -0.501532
0.988067, 0.102723, 0.046910, -0.681713
0.988096, 0.022404, 0.119447, -0.242545
0.988252, 0.657773, -0.019048, -0.632788
0.988328, 1.000000, -0.024957, 0.000000
0.988400, 0.792066, -0.021485, -0.402948
0.988401, 0.805050, -0.021696, -0.379456
0.988524, 0.930667, -0.023427, -0.142450
0.988629, 0.973044, -0.023995, -0.056961
0.988738, 0.917440, -0.022716, -0.168028
0.988753, 0.337172, -0.003017, -0.979513
0.988754, 0.199267, 0.015571, -0.917503
0.988792, 0.049944, 0.075999, -0.431285
0.988821, 0.613911, -0.017002, -0.701144
0.988837, 0.698227, -0.018993, -0.566462
0.988846, 0.447949, -0.010581, -0.909584
0.988905, 0.944416, -0.022900, -0.115282
0.988966, 0.710849, -0.019040, -0.545242
0.988988, 0.212327, 0.012752, -0.934082
0.989037, 0.778681, -0.020097, -0.426924
0.989039, 0.684992, -0.018381, -0.588502
0.989055, 0.378729, -0.006114, -0.962192
0.989064, 0.074889, 0.056538, -0.563691
0.989159, 0.185932, 0.017686, -0.897668
0.989162, 0.724030, -0.018942, -0.522685
0.989166, 0.600669, -0.016121, -0.720909
0.989197, 0.751136, -0.019360, -0.475671
0.989228, 0.560358, -0.014805, -0.778088
0.989235, 0.144455, 0.027739, -0.812431
0.989252, 0.958419, -0.022433, -0.087050
0.989378, 0.130951, 0.031437, -0.775886
0.989422, 0.546987, -0.014104, -0.796037
0.989423, 0.587448, -0.015362, -0.740137
0.989430, 0.875272, -0.020724, -0.248714
0.989431, 0.765028, -0.019160, -0.451176
0.989434, 0.573894, -0.014944, -0.759392
0.989479, 0.172363, 0.020094, -0.874002
0.989501, 0.833055, -0.020021, -0.327815
0.989535, 0.351107, -0.003856, -0.975136
0.989539, 0.419476, -0.008426, -0.934334
0.989553, 0.888998, -0.020671, -0.222652
0.989561, 0.737713, -0.018479, -0.499046
0.989565, 0.323266, -0.001632, -0.982397
0.989589, 0.861520, -0.020225, -0.274602
0.989607, 0.819120, -0.019628, -0.353587
0.989655, 0.295723, 0.001024, -0.983118
0.989656, 0.309478, -0.000339, -0.983618
0.989659, 0.158480, 0.023014, -0.845733
0.989663, 0.282044, 0.002476, -0.980782
0.989713, 0.268401, 0.004019, -0.976485
0.989717, 0.364904, -0.004818, -0.969366
0.989843, 0.089252, 0.045537, -0.629408
0.989858, 0.254700, 0.005620, -0.970032
0.989875, 0.533755, -0.013048, -0.813157
0.989914, 0.902991, -0.020147, -0.195839
0.989943, 0.847431, -0.019354, -0.300978
0.989957, 0.391612, -0.006466, -0.954503
0.989987, 0.036508, 0.080505, -0.348060
0.989993, 0.671687, -0.016506, -0.610292
0.989993, 0.240935, 0.007350, -0.961215
0.990070, 0.461862, -0.010030, -0.896081
0.990166, 0.117252, 0.033572, -0.733891
0.990176, 0.433956, -0.008655, -0.922203
0.990323, 0.406156, -0.007054, -0.944456
0.990335, 0.226755, 0.009058, -0.949448
0.990410, 0.475928, -0.010286, -0.881444
0.990529, 0.626488, -0.014708, -0.681837
0.990627, 0.505006, -0.011134, -0.848549
0.990660, 0.519424, -0.011589, -0.831166
0.990892, 0.490294, -0.010312, -0.865609
0.991263, 0.644506, -0.013916, -0.653717
0.991507, 0.009728, 0.112058, -0.128885
1.000000, 0.000000, 0.000000, 0.000000
1.000000, 0.015532, 0.000000, -0.202718
1.000000, 0.028850, 0.000000, -0.301854
1.000000, 0.042949, 0.000000, -0.394722
1.000000, 0.056291, 0.000000, -0.471948
1.000000, 0.069044, 0.000000, -0.538037
1.000000, 0.082503, 0.000000, -0.602380
1.000000, 0.096534, 0.000000, -0.661422
1.000000, 0.109755, 0.000000, -0.709742
1.000000, 0.124015, 0.000000, -0.757298
1.000000, 0.137778, 0.000000, -0.796693
1.000000, 0.151462, 0.000000, -0.831076
1.000000, 0.165363, 0.000000, -0.861591
1.000000, 0.179123, 0.000000, -0.887491
1.000000, 0.192679, 0.000000, -0.909286
1.000000, 0.206020, 0.000000, -0.927452
1.000000, 0.219510, 0.000000, -0.942927
1.000000, 0.233742, 0.000000, -0.956362
1.000000, 0.247716, 0.000000, -0.966551
1.000000, 0.261565, 0.000000, -0.974185
1.000000, 0.275318, 0.000000, -0.979510
1.000000, 0.289054, 0.000000, -0.982767
1.000000, 0.302820, 0.000000, -0.984112
1.000000, 0.316639, 0.000000, -0.983667
1.000000, 0.330474, 0.000000, -0.981546
1.000000, 0.343940, 0.000000, -0.978007
1.000000, 0.357765, 0.000000, -0.972885
1.000000, 0.371624, 0.000000, -0.966380
1.000000, 0.385056, 0.000000, -0.958930
1.000000, 0.398969, 0.000000, -0.949874
1.000000, 0.413133, 0.000000, -0.939555
1.000000, 0.426906, 0.000000, -0.928608
1.000000, 0.441120, 0.000000, -0.916136
1.000000, 0.454635, 0.000000, -0.903591
1.000000, 0.468755, 0.000000, -0.889208
1.000000, 0.483042, 0.000000, -0.873863
1.000000, 0.497614, 0.000000, -0.857329
1.000000, 0.512011, 0.000000, -0.840369
1.000000, 0.526367, 0.000000, -0.822633
1.000000, 0.540182, 0.000000, -0.805080
1.000000, 0.553712, 0.000000, -0.787255
1.000000, 0.567155, 0.000000, -0.768968
1.000000, 0.580727, 0.000000, -0.749873
1.000000, 0.594305, 0.000000, -0.730285
1.000000, 0.607788, 0.000000, -0.710426
1.000000, 0.621199, 0.000000, -0.690322
1.000000, 0.635694, 0.000000, -0.667561
1.000000, 0.650763, 0.000000, -0.643616
1.000000, 0.663986, 0.000000, -0.623153
1.000000, 0.677907, 0.000000, -0.600137
1.000000, 0.691215, 0.000000, -0.578299
1.000000, 0.704361, 0.000000, -0.556341
1.000000, 0.717586, 0.000000, -0.533878
1.000000, 0.730985, 0.000000, -0.510866
1.000000, 0.744658, 0.000000, -0.487043
1.000000, 0.758202, 0.000000, -0.463373
1.000000, 0.771928, 0.000000, -0.439003
1.000000, 0.785479, 0.000000, -0.414828
1.000000, 0.798750, 0.000000, -0.391020
1.000000, 0.812090, 0.000000, -0.366761
1.000000, 0.826103, 0.000000, -0.340726
1.000000, 0.840085, 0.000000, -0.314814
1.000000, 0.854292, 0.000000, -0.288181
1.000000, 0.868258, 0.000000, -0.262005
1.000000, 0.882118, 0.000000, -0.235833
1.000000, 0.896062, 0.000000, -0.209253
1.000000, 0.910254, 0.000000, -0.181940
1.000000, 0.923822, 0.000000, -0.155910
1.000000, 0.937238, 0.000000, -0.129716
1.000000, 0.950773, 0.000000, -0.102694
1.000000, 0.964301, 0.000000, -0.075156
1.000000, 0.976971, 0.000000, -0.048887
1.000000, 0.988540, 0.000000, -0.024513
1.000000, 1.000000, 0.000000, 0.000000
