0.000000, 0.000000, 0.000000, 0.000000
0.000000, 0.010755, 0.000000, 0.009106
0.000000, 0.021597, 0.000000, 0.018270
0.000000, 0.033448, 0.000000, 0.028261
0.000000, 0.045500, 0.000000, 0.038367
0.000000, 0.057899, 0.000000, 0.048696
0.000000, 0.070478, 0.000000, 0.059096
0.000000, 0.083276, 0.000000, 0.069596
0.000000, 0.096279, 0.000000, 0.080187
0.000000, 0.109343, 0.000000, 0.090752
0.000000, 0.122354, 0.000000, 0.101201
0.000000, 0.135251, 0.000000, 0.111479
0.000000, 0.148125, 0.000000, 0.121671
0.000000, 0.160994, 0.000000, 0.131789
0.000000, 0.173929, 0.000000, 0.141905
0.000000, 0.186917, 0.000000, 0.152011
0.000000, 0.199955, 0.000000, 0.162106
0.000000, 0.213057, 0.000000, 0.172208
0.000000, 0.226249, 0.000000, 0.182340
0.000000, 0.239548, 0.000000, 0.192526
0.000000, 0.252916, 0.000000, 0.202737
0.000000, 0.266310, 0.000000, 0.212935
0.000000, 0.279730, 0.000000, 0.223124
0.000000, 0.293210, 0.000000, 0.233340
0.000000, 0.306746, 0.000000, 0.243602
0.000000, 0.320139, 0.000000, 0.253715
0.000000, 0.333464, 0.000000, 0.263746
0.000000, 0.346801, 0.000000, 0.273761
0.000000, 0.360197, 0.000000, 0.283792
0.000000, 0.373712, 0.000000, 0.293901
0.000000, 0.387310, 0.000000, 0.304059
0.000000, 0.400954, 0.000000, 0.314236
0.000000, 0.414644, 0.000000, 0.324428
0.000000, 0.428410, 0.000000, 0.334657
0.000000, 0.442304, 0.000000, 0.344982
0.000000, 0.456306, 0.000000, 0.355486
0.000000, 0.469470, 0.000000, 0.365249
0.000000, 0.482296, 0.000000, 0.374691
0.000000, 0.495090, 0.000000, 0.384100
0.000000, 0.507721, 0.000000, 0.393352
0.000000, 0.520000, 0.000000, 0.402296
0.000000, 0.531685, 0.000000, 0.410861
0.000000, 0.542741, 0.000000, 0.419104
0.000000, 0.554654, 0.000000, 0.427941
0.000000, 0.567726, 0.000000, 0.437497
0.000000, 0.581396, 0.000000, 0.447444
0.000000, 0.595347, 0.000000, 0.457625
0.000000, 0.609204, 0.000000, 0.467721
0.000000, 0.622924, 0.000000, 0.477629
0.000000, 0.637031, 0.000000, 0.487893
0.000000, 0.651128, 0.000000, 0.498153
0.000000, 0.664928, 0.000000, 0.508174
0.000000, 0.678431, 0.000000, 0.517775
0.000000, 0.692643, 0.000000, 0.528060
0.000000, 0.706570, 0.000000, 0.537989
0.000000, 0.720639, 0.000000, 0.547931
0.000000, 0.735083, 0.000000, 0.558213
0.000000, 0.749533, 0.000000, 0.568337
0.000000, 0.764823, 0.000000, 0.579418
0.000000, 0.778977, 0.000000, 0.589345
0.000000, 0.793123, 0.000000, 0.599396
0.000000, 0.806711, 0.000000, 0.608720
0.000000, 0.821308, 0.000000, 0.618846
0.000000, 0.836489, 0.000000, 0.629473
0.000000, 0.851557, 0.000000, 0.640135
0.000000, 0.865590, 0.000000, 0.649717
0.000000, 0.879696, 0.000000, 0.659384
0.000000, 0.893469, 0.000000, 0.668791
0.000000, 0.906920, 0.000000, 0.677939
0.000000, 0.920080, 0.000000, 0.686816
0.000000, 0.933351, 0.000000, 0.695841
0.000000, 0.945699, 0.000000, 0.703887
0.000000, 0.959562, 0.000000, 0.714306
0.000000, 0.972602, 0.000000, 0.726370
0.000000, 0.985200, 0.000000, 0.732885
0.000000, 1.000000, 0.000000, 0.000000
0.008688, 0.756863, 0.006265, 0.573609
0.009154, 0.828561, 0.006472, 0.623949
0.009174, 0.989329, -0.272080, 0.473170
0.009439, 0.844117, 0.006643, 0.634867
0.009857, 0.952306, 0.006449, 0.707994
0.009887, 0.813458, 0.007020, 0.613413
0.009940, 0.449389, 0.007624, 0.350272
0.009973, 0.742105, 0.007219, 0.563160
0.009980, 0.728090, 0.007250, 0.553257
0.010035, 0.588108, 0.007507, 0.452279
0.010039, 0.629506, 0.007449, 0.482393
0.010131, 0.435276, 0.007790, 0.339764
0.010174, 0.573633, 0.007631, 0.441686
0.010277, 0.643845, 0.007604, 0.492817
0.010306, 0.685295, 0.007560, 0.522731
0.010309, 0.602226, 0.007692, 0.462597
0.010314, 0.559073, 0.007757, 0.431030
0.010322, 0.421445, 0.007956, 0.329483
0.010435, 0.407752, 0.008064, 0.319293
0.010478, 0.544421, 0.007901, 0.420296
0.010507, 0.394106, 0.008139, 0.309121
0.010587, 0.380470, 0.008222, 0.298942
0.010596, 0.786793, 0.007585, 0.594887
0.010617, 0.615959, 0.007901, 0.472598
0.010656, 0.299872, 0.008407, 0.238377
0.010727, 0.366865, 0.008352, 0.288773
0.010731, 0.286343, 0.008490, 0.228130
0.010740, 0.713560, 0.007827, 0.542899
0.010755, 0.529944, 0.008132, 0.409701
0.010814, 0.272913, 0.008581, 0.217942
0.010838, 0.259492, 0.008626, 0.207736
0.010842, 0.246054, 0.008656, 0.197486
0.010847, 0.873188, 0.007560, 0.654856
0.010873, 0.772022, 0.007810, 0.584428
0.010895, 0.658173, 0.008040, 0.503259
0.010909, 0.232671, 0.008737, 0.187251
0.010924, 0.353373, 0.008527, 0.278675
0.010932, 0.313487, 0.008601, 0.248680
0.010970, 0.699525, 0.008021, 0.532932
0.011014, 0.340062, 0.008620, 0.268692
0.011039, 0.326795, 0.008662, 0.258715
0.011049, 0.219432, 0.008879, 0.177097
0.011120, 0.102757, 0.009234, 0.085417
0.011166, 0.206315, 0.009003, 0.167002
0.011166, 0.887183, 0.007746, 0.664452
0.011169, 0.089484, 0.009309, 0.074644
0.011182, 0.516151, 0.008478, 0.399645
0.011216, 0.115915, 0.009279, 0.096021
0.011248, 0.193275, 0.009101, 0.156926
0.011284, 0.858792, 0.007903, 0.644997
0.011303, 0.463716, 0.008649, 0.360966
0.011309, 0.180291, 0.009183, 0.146847
0.011314, 0.502733, 0.008599, 0.389784
0.011361, 0.000000, 0.009628, 0.000000
0.011383, 0.167337, 0.009277, 0.136742
0.011395, 0.927071, 0.007789, 0.691513
0.011400, 0.025016, 0.009646, 0.021152
0.011421, 0.076389, 0.009556, 0.063939
0.011422, 0.128820, 0.009414, 0.106345
0.011462, 0.141660, 0.009411, 0.116544
0.011462, 0.489552, 0.008732, 0.380075
0.011488, 0.154447, 0.009397, 0.126633
0.011504, 0.900785, 0.007945, 0.673749
0.011553, 0.671386, 0.008500, 0.512754
0.011638, 0.799668, 0.008298, 0.603869
0.011641, 0.063534, 0.009774, 0.053348
0.011722, 0.964908, 0.006053, 0.714604
0.011725, 0.050873, 0.009877, 0.042839
0.011731, 0.476511, 0.008957, 0.370453
0.011836, 0.914050, 0.008142, 0.682772
0.011937, 0.037990, 0.010081, 0.032066
0.013129, 0.940476, 0.008968, 0.700434
0.013423, 1.000000, -0.795681, 0.000000
0.013695, 0.976980, -0.008311, 0.705371
0.013912, 0.011588, 0.011786, 0.009807
0.018511, 0.762079, 0.013330, 0.577231
0.018733, 0.834890, 0.013217, 0.628268
0.019000, 0.820561, 0.013463, 0.618285
0.019327, 0.749279, 0.013965, 0.568180
0.019666, 0.580823, 0.014731, 0.446930
0.019772, 0.565959, 0.014850, 0.436022
0.019906, 0.635517, 0.014751, 0.486664
0.019943, 0.455847, 0.015277, 0.355030
0.019996, 0.781212, 0.014330, 0.590827
0.020028, 0.551339, 0.015083, 0.425340
0.020069, 0.721987, 0.014600, 0.548895
0.020129, 0.441956, 0.015458, 0.344702
0.020225, 0.595053, 0.015111, 0.457342
0.020397, 0.650407, 0.015074, 0.497573
0.020564, 0.428236, 0.015831, 0.334512
0.020629, 0.537115, 0.015578, 0.414954
0.020773, 0.847362, 0.014597, 0.636851
0.020839, 0.414618, 0.016082, 0.324383
0.020906, 0.953495, 0.011015, 0.705793
0.020926, 0.735403, 0.015171, 0.558372
0.020983, 0.988156, -0.689438, 0.022635
0.020983, 0.401036, 0.016233, 0.314265
0.020996, 0.608904, 0.015646, 0.467451
0.021018, 0.691622, 0.015392, 0.527138
0.021083, 0.387442, 0.016350, 0.304122
0.021244, 0.373812, 0.016517, 0.293937
0.021324, 0.306327, 0.016798, 0.243221
0.021395, 0.622483, 0.015901, 0.477312
0.021423, 0.292850, 0.016924, 0.233027
0.021567, 0.360174, 0.016811, 0.283732
0.021597, 0.706791, 0.015763, 0.537996
0.021599, 0.252554, 0.017215, 0.202410
0.021608, 0.279494, 0.017119, 0.222908
0.021639, 0.266078, 0.017195, 0.212715
0.021641, 0.678769, 0.015900, 0.518054
0.021656, 0.807122, 0.015408, 0.609030
0.021693, 0.239075, 0.017345, 0.192113
0.021727, 0.523626, 0.016450, 0.405115
0.021984, 0.225802, 0.017635, 0.181949
0.021994, 0.346645, 0.017189, 0.273595
0.022032, 0.320098, 0.017309, 0.253634
0.022033, 0.096041, 0.018321, 0.079924
0.022108, 0.869552, 0.015426, 0.652362
0.022112, 0.333394, 0.017326, 0.263648
0.022227, 0.109432, 0.018414, 0.090758
0.022232, 0.510196, 0.016873, 0.395249
0.022256, 0.212669, 0.017913, 0.171858
0.022362, 0.882083, 0.015533, 0.661000
0.022442, 0.082708, 0.018731, 0.069066
0.022444, 0.199625, 0.018126, 0.161797
0.022593, 0.186653, 0.018309, 0.151749
0.022621, 0.496995, 0.017209, 0.385534
0.022685, 0.173717, 0.018450, 0.141682
0.022755, 0.122316, 0.018782, 0.101101
0.022842, 0.160761, 0.018645, 0.131545
0.022848, 0.895125, 0.015785, 0.669883
0.022909, 0.019962, 0.019377, 0.016869
0.022914, 0.135173, 0.018844, 0.111352
0.022945, 0.483786, 0.017497, 0.375804
0.022989, 0.069554, 0.019258, 0.058271
0.023054, 0.147861, 0.018888, 0.121395
0.023084, 0.663903, 0.017010, 0.507276
0.023110, 0.932703, 0.015238, 0.694751
0.023363, 0.044539, 0.019692, 0.037522
0.023423, 0.908235, 0.016039, 0.678689
0.023431, 0.858340, 0.016408, 0.644474
0.023467, 0.470539, 0.017940, 0.366062
0.023482, 0.000000, 0.019886, 0.000000
0.023557, 0.056983, 0.019799, 0.047882
0.023673, 0.031552, 0.019999, 0.026635
0.023951, 0.921073, 0.016071, 0.687073
0.024027, 0.793457, 0.017163, 0.599561
0.024135, 0.966550, -0.010248, 0.687799
0.025585, 0.770566, 0.018385, 0.583266
0.026125, 1.000000, -0.743532, 0.000000
0.027882, 0.943287, 0.016571, 0.700081
0.028382, 0.978141, -0.615823, 0.085126
0.028751, 0.573234, 0.021566, 0.441337
0.028758, 0.827535, 0.020334, 0.623112
0.028905, 0.641131, 0.021395, 0.490669
0.029266, 0.010583, 0.024762, 0.008944
0.029374, 0.717129, 0.021389, 0.545357
0.029393, 0.558311, 0.022105, 0.430373
0.029830, 0.587587, 0.022317, 0.451863
0.029924, 0.460455, 0.022901, 0.358345
0.030176, 0.744560, 0.021830, 0.564867
0.030193, 0.697217, 0.022085, 0.531130
0.030212, 0.757335, 0.021783, 0.573878
0.030411, 0.544088, 0.022932, 0.420000
0.030536, 0.447655, 0.023421, 0.348819
0.030952, 0.601433, 0.023097, 0.461984
0.030958, 0.434639, 0.023802, 0.339198
0.031312, 0.421372, 0.024132, 0.329357
0.031384, 0.838958, 0.022115, 0.631134
0.031443, 0.816047, 0.022309, 0.615079
0.031467, 0.672928, 0.023142, 0.513725
0.031514, 0.407984, 0.024347, 0.319397
0.031614, 0.394521, 0.024484, 0.309360
0.031709, 0.380984, 0.024618, 0.299250
0.031932, 0.312452, 0.025116, 0.247771
0.031942, 0.367348, 0.024862, 0.289050
0.031994, 0.615125, 0.023812, 0.471947
0.032170, 0.299102, 0.025376, 0.237694
0.032184, 0.781412, 0.023062, 0.590986
0.032192, 0.730053, 0.023370, 0.554587
0.032251, 0.531138, 0.024383, 0.410594
0.032259, 0.653574, 0.023822, 0.499798
0.032267, 0.259066, 0.025673, 0.207313
0.032329, 0.245449, 0.025803, 0.196920
0.032443, 0.628630, 0.024072, 0.481542
0.032464, 0.272669, 0.025754, 0.217673
0.032473, 0.353619, 0.025340, 0.278766
0.032486, 0.285973, 0.025698, 0.227769
0.032804, 0.232141, 0.026266, 0.186744
0.032833, 0.102823, 0.027229, 0.085344
0.032978, 0.517855, 0.024993, 0.400846
0.033071, 0.089464, 0.027524, 0.074498
0.033169, 0.956539, 0.010289, 0.695825
0.033175, 0.326760, 0.026026, 0.258607
0.033214, 0.339973, 0.025988, 0.268535
0.033253, 0.219004, 0.026712, 0.176666
0.033579, 0.205944, 0.027064, 0.166608
0.033641, 0.989681, -0.723920, -0.014695
0.033689, 0.803171, 0.023994, 0.606163
0.033698, 0.504898, 0.025599, 0.391322
0.033704, 0.075817, 0.028152, 0.063340
0.033844, 0.192997, 0.027370, 0.156599
0.033850, 0.850742, 0.023763, 0.639241
0.033982, 0.115732, 0.028081, 0.095745
0.033990, 0.876169, 0.023659, 0.656821
0.034014, 0.180094, 0.027604, 0.146579
0.034057, 0.491897, 0.025931, 0.381731
0.034078, 0.167176, 0.027755, 0.136497
0.034209, 0.889151, 0.023698, 0.665738
0.034275, 0.128659, 0.028223, 0.106094
0.034319, 0.154125, 0.028053, 0.126254
0.034333, 0.037545, 0.028934, 0.031622
0.034390, 0.685167, 0.025223, 0.522479
0.034609, 0.479104, 0.026410, 0.372271
0.034673, 0.863680, 0.024237, 0.648197
0.034690, 0.902517, 0.023911, 0.674882
0.034716, 0.141145, 0.028482, 0.116006
0.035177, 0.062927, 0.029485, 0.052734
0.035289, 0.916320, 0.024350, 0.684450
0.035529, 0.050400, 0.029871, 0.042355
0.035536, 0.023007, 0.030006, 0.019408
0.035810, 0.930744, 0.026921, 0.696466
0.035848, 0.707378, 0.026162, 0.538359
0.036954, 0.000000, 0.031247, 0.000000
0.037469, 0.767806, 0.026945, 0.581313
0.037647, 0.969873, -0.643188, 0.046608
0.038010, 0.565763, 0.028548, 0.435819
0.038117, 0.663112, 0.028090, 0.506593
0.038137, 0.467914, 0.029156, 0.363938
0.038190, 0.791648, 0.027289, 0.598135
0.038938, 0.579540, 0.029171, 0.445906
0.039389, 1.000000, -0.714514, 0.000000
0.039599, 0.641909, 0.029311, 0.491278
0.039645, 0.551100, 0.029850, 0.425021
0.039900, 0.740986, 0.028885, 0.562266
0.040186, 0.945065, 0.069656, 0.743778
0.040654, 0.828031, 0.028742, 0.623474
0.040730, 0.593299, 0.030437, 0.455974
0.040992, 0.454587, 0.031405, 0.353949
0.041173, 0.719425, 0.029962, 0.546952
0.041613, 0.441460, 0.031954, 0.344221
0.041901, 0.318399, 0.032908, 0.252165
0.041930, 0.428301, 0.032273, 0.334457
0.042043, 0.754121, 0.030343, 0.571704
0.042144, 0.415032, 0.032515, 0.324590
0.042165, 0.606515, 0.031429, 0.465586
0.042248, 0.401686, 0.032673, 0.314646
0.042285, 0.388279, 0.032781, 0.304637
0.042354, 0.374785, 0.032915, 0.294547
0.042568, 0.696064, 0.031142, 0.530189
0.042630, 0.361134, 0.033213, 0.284324
0.042706, 0.813888, 0.030317, 0.613565
0.042723, 0.983412, -0.720929, -0.020947
0.042759, 0.011337, 0.036104, 0.009559
0.042773, 0.251806, 0.034076, 0.201682
0.042839, 0.538773, 0.032339, 0.416114
0.042890, 0.265573, 0.034065, 0.212185
0.043014, 0.304870, 0.033875, 0.241940
0.043407, 0.347276, 0.033909, 0.273939
0.043476, 0.238477, 0.034746, 0.191507
0.043477, 0.279207, 0.034433, 0.222565
0.043547, 0.619259, 0.032374, 0.474786
0.043571, 0.841440, 0.030672, 0.632679
0.043607, 0.292227, 0.034441, 0.232428
0.043626, 0.525438, 0.033013, 0.406346
0.043685, 0.082801, 0.036371, 0.068949
0.043704, 0.096710, 0.036270, 0.080298
0.043845, 0.674712, 0.032229, 0.514927
0.044151, 0.225323, 0.035398, 0.181432
0.044216, 0.778826, 0.031702, 0.589048
0.044260, 0.031801, 0.037275, 0.026761
0.044272, 0.630976, 0.032838, 0.483275
0.044589, 0.333365, 0.034935, 0.263551
0.044611, 0.212221, 0.035883, 0.171356
0.044771, 0.108651, 0.037026, 0.089930
0.044809, 0.512783, 0.033988, 0.397066
0.045066, 0.199283, 0.036368, 0.161369
0.045146, 0.499736, 0.034322, 0.387436
0.045177, 0.855222, 0.031661, 0.642195
0.045229, 0.959289, -0.542497, 0.134334
0.045348, 0.186455, 0.036720, 0.151427
0.045376, 0.160642, 0.036998, 0.131272
0.045422, 0.122216, 0.037442, 0.100852
0.045454, 0.173596, 0.036931, 0.141412
0.045593, 0.881963, 0.031674, 0.660650
0.045739, 0.868832, 0.031911, 0.651610
0.045753, 0.147340, 0.037442, 0.120797
0.045761, 0.486819, 0.034868, 0.377890
0.045799, 0.730481, 0.033239, 0.554735
0.045869, 0.069786, 0.038321, 0.058288
0.045878, 0.895212, 0.031782, 0.669779
0.045923, 0.652222, 0.033916, 0.498665
0.046320, 0.908621, 0.032443, 0.679433
0.046587, 0.134180, 0.038265, 0.110372
0.046828, 0.801884, 0.033361, 0.605228
0.046851, 0.922167, 0.036968, 0.692864
0.046898, 0.044136, 0.039415, 0.037069
0.047626, 0.558652, 0.035812, 0.430531
0.047670, 0.056904, 0.039947, 0.047662
0.048104, 0.474832, 0.036729, 0.369013
0.048259, 0.707962, 0.035209, 0.538669
0.048608, 0.935307, 0.062419, 0.724623
0.048676, 0.685846, 0.035693, 0.522861
0.048726, 0.571570, 0.036558, 0.440046
0.049373, 0.766029, 0.035517, 0.579967
0.049728, 0.584687, 0.037219, 0.449637
0.050075, 0.021033, 0.042193, 0.017700
0.050100, 0.973351, -0.722216, -0.033823
0.050259, 0.000000, 0.042397, 0.000000
0.050343, 0.462170, 0.038518, 0.359556
0.050896, 1.000000, -0.704449, 0.000000
0.051096, 0.743163, 0.036966, 0.563723
0.051212, 0.789550, 0.036607, 0.596504
0.051231, 0.663338, 0.037746, 0.506644
0.051460, 0.322749, 0.040372, 0.255349
0.051565, 0.822705, 0.036506, 0.619623
0.052033, 0.448765, 0.039902, 0.349598
0.052151, 0.598362, 0.038935, 0.459649
0.052287, 0.640231, 0.038710, 0.489965
0.052509, 0.948996, -0.433911, 0.230429
0.052573, 0.435467, 0.040410, 0.339722
0.052828, 0.422205, 0.040701, 0.329861
0.052881, 0.547354, 0.039844, 0.422213
0.052965, 0.408929, 0.040902, 0.319975
0.053012, 0.395650, 0.041036, 0.310069
0.053014, 0.382374, 0.041136, 0.300149
0.053053, 0.258077, 0.042185, 0.206342
0.053064, 0.369078, 0.041275, 0.290198
0.053233, 0.090870, 0.044186, 0.075438
0.053243, 0.309924, 0.041871, 0.245619
0.053421, 0.355746, 0.041655, 0.280203
0.053598, 0.271946, 0.042493, 0.216918
0.053687, 0.834183, 0.037880, 0.627684
0.053718, 0.719552, 0.039083, 0.546869
0.053882, 0.611588, 0.040123, 0.469261
0.053943, 0.532940, 0.040754, 0.411719
0.053988, 0.244883, 0.043062, 0.196291
0.054604, 0.342427, 0.042684, 0.270199
0.054894, 0.231732, 0.043923, 0.186239
0.054947, 0.114929, 0.045330, 0.094886
0.054950, 0.285526, 0.043451, 0.227270
0.054978, 0.987604, -0.704171, -0.008955
0.055114, 0.754801, 0.039757, 0.571951
0.055238, 0.847316, 0.038810, 0.636737
0.055395, 0.297437, 0.043681, 0.236221
0.055398, 0.625771, 0.041129, 0.479426
0.055488, 0.697163, 0.040583, 0.530924
0.055495, 0.218466, 0.044545, 0.176050
0.055737, 0.078590, 0.046396, 0.065402
0.055980, 0.811959, 0.039755, 0.612064
0.056015, 0.520770, 0.042425, 0.402879
0.056099, 0.507433, 0.042585, 0.393028
0.056183, 0.032552, 0.047216, 0.027328
0.056185, 0.205497, 0.045243, 0.166053
0.056358, 0.860899, 0.039418, 0.646062
0.056397, 0.154093, 0.046023, 0.125986
0.056629, 0.494164, 0.043087, 0.383224
0.056664, 0.675696, 0.041640, 0.515525
0.056665, 0.777245, 0.040635, 0.587763
0.056731, 0.192722, 0.045832, 0.156170
0.056812, 0.167141, 0.046203, 0.136237
0.056889, 0.180016, 0.046112, 0.146297
0.056937, 0.874367, 0.039640, 0.655306
0.057078, 0.140325, 0.046748, 0.115100
0.057112, 0.010890, 0.048098, 0.009159
0.057153, 0.887542, 0.039631, 0.664341
0.057196, 0.102279, 0.047348, 0.084699
0.057316, 0.962887, -0.711989, -0.036069
0.057572, 0.900696, 0.040074, 0.673639
0.057955, 0.561433, 0.043552, 0.432489
0.058139, 0.731632, 0.042176, 0.555428
0.058153, 0.913787, 0.043651, 0.685714
0.058439, 0.066489, 0.048788, 0.055476
0.058517, 0.481734, 0.044620, 0.374030
0.058641, 0.330842, 0.045936, 0.261443
0.058858, 0.126606, 0.048405, 0.104231
0.058910, 0.651386, 0.043510, 0.497976
0.059031, 0.043962, 0.049500, 0.036831
0.059330, 0.926577, 0.051223, 0.699413
0.059526, 0.574961, 0.044620, 0.442368
0.059617, 0.799669, 0.042487, 0.603456
0.060330, 0.588172, 0.045111, 0.452011
0.060339, 0.055260, 0.050484, 0.046199
0.060504, 0.469201, 0.046233, 0.364711
0.061135, 0.708683, 0.044589, 0.539061
0.061155, 0.939360, -0.385545, 0.266064
0.061998, 0.456195, 0.047480, 0.355058
0.062376, 0.976468, -0.701027, -0.018335
0.062471, 0.765961, 0.044929, 0.579731
0.062518, 0.686824, 0.045829, 0.523470
0.062726, 0.317219, 0.049244, 0.251027
0.062741, 0.539927, 0.047341, 0.416791
0.063019, 0.442813, 0.048373, 0.345111
0.063053, 0.637475, 0.046703, 0.487889
0.063145, 1.000000, -0.697623, 0.000000
0.063159, 0.743365, 0.045682, 0.563702
0.063208, 0.264164, 0.050162, 0.210830
0.063215, 0.665324, 0.046554, 0.508000
0.063474, 0.429465, 0.048835, 0.335182
0.063705, 0.416193, 0.049126, 0.325302
0.063827, 0.402989, 0.049335, 0.315456
0.063852, 0.601559, 0.047623, 0.461753
0.063882, 0.389868, 0.049492, 0.305656
0.063897, 0.376835, 0.049619, 0.295903
0.063897, 0.000000, 0.053756, 0.000000
0.063945, 0.824533, 0.045240, 0.620785
0.064023, 0.363919, 0.049832, 0.286215
0.064036, 0.022458, 0.053806, 0.018848
0.064281, 0.787558, 0.045964, 0.594928
0.064296, 0.089170, 0.053331, 0.073965
0.064332, 0.278429, 0.050927, 0.221784
0.064513, 0.251374, 0.051351, 0.201105
0.064576, 0.351010, 0.050378, 0.276507
0.064646, 0.615476, 0.048083, 0.471830
0.064825, 0.952710, -0.693947, -0.030470
0.065277, 0.838721, 0.045975, 0.630542
0.065470, 0.304186, 0.051539, 0.241218
0.065476, 0.238466, 0.052279, 0.191265
0.065487, 0.552009, 0.049304, 0.425623
0.065946, 0.113229, 0.054378, 0.093426
0.066029, 0.224880, 0.052885, 0.180844
0.066102, 0.720737, 0.048073, 0.547599
0.066584, 0.852652, 0.046685, 0.640149
0.066820, 0.515008, 0.050649, 0.398515
0.067114, 0.211652, 0.053926, 0.170666
0.067130, 0.148124, 0.054809, 0.121126
0.067132, 0.501145, 0.051006, 0.388263
0.067599, 0.338640, 0.052856, 0.267189
0.067657, 0.866323, 0.047226, 0.649559
0.067663, 0.810512, 0.048063, 0.610928
0.067683, 0.528676, 0.051170, 0.408474
0.067822, 0.075763, 0.056387, 0.062967
0.067861, 0.754804, 0.048940, 0.571739
0.067882, 0.626148, 0.050384, 0.479563
0.068015, 0.160839, 0.055355, 0.131151
0.068032, 0.198882, 0.054838, 0.160803
0.068115, 0.290936, 0.053779, 0.231250
0.068351, 0.173746, 0.055450, 0.141271
0.068373, 0.879687, 0.047561, 0.658780
0.068536, 0.186307, 0.055422, 0.151055
0.068583, 0.134706, 0.056173, 0.110457
0.068638, 0.988423, -0.694466, -0.007809
0.068710, 0.698150, 0.050230, 0.531460
0.068866, 0.892755, 0.048266, 0.668270
0.068923, 0.034741, 0.057759, 0.029085
0.068967, 0.565192, 0.051789, 0.435176
0.069026, 0.488480, 0.052561, 0.378902
0.069520, 0.905658, 0.053205, 0.681410
0.069809, 0.965859, -0.695961, -0.025759
0.069934, 0.656279, 0.051589, 0.501331
0.069975, 0.100482, 0.057847, 0.083083
0.070081, 0.776365, 0.050261, 0.587015
0.070180, 0.676576, 0.051557, 0.516040
0.070549, 0.918290, 0.035679, 0.669184
0.070562, 0.577856, 0.052853, 0.444332
0.070656, 0.011941, 0.059312, 0.010013
0.070708, 0.325900, 0.055403, 0.257488
0.070824, 0.732313, 0.051360, 0.555752
0.070893, 0.589946, 0.052982, 0.453169
0.071004, 0.476042, 0.054185, 0.369689
0.071247, 0.048322, 0.059554, 0.040360
0.071669, 0.062417, 0.059723, 0.051982
0.071974, 0.644883, 0.053213, 0.493035
0.071979, 0.930685, -0.469194, 0.169097
0.072224, 0.797431, 0.051491, 0.601693
0.072385, 0.463247, 0.055361, 0.360206
0.072816, 0.123181, 0.059812, 0.101254
0.072902, 0.269612, 0.057767, 0.214858
0.073350, 0.450057, 0.056225, 0.350408
0.073399, 0.943020, -0.672960, -0.022146
0.073695, 0.608968, 0.054873, 0.466983
0.073802, 0.710462, 0.053799, 0.540209
0.073976, 0.436749, 0.056835, 0.340512
0.074118, 0.541907, 0.055890, 0.418083
0.074389, 0.423423, 0.057282, 0.330588
0.074635, 0.313345, 0.058634, 0.248045
0.074646, 0.410221, 0.057613, 0.320749
0.074825, 0.397176, 0.057883, 0.311010
0.074936, 0.384286, 0.058100, 0.301367
0.075085, 0.371673, 0.058346, 0.291914
0.075227, 0.359123, 0.058583, 0.282473
0.075387, 0.257516, 0.059881, 0.205595
0.075570, 0.819865, 0.053523, 0.617301
0.075596, 0.087380, 0.062624, 0.072375
0.075616, 0.743777, 0.054672, 0.563774
0.075727, 0.832282, 0.053433, 0.625952
0.075924, 0.977546, -0.689741, -0.015561
0.075984, 0.765519, 0.054644, 0.579267
0.076076, 0.231781, 0.060789, 0.185973
0.076179, 0.687625, 0.055815, 0.523826
0.076196, 1.000000, -0.689282, 0.000000
0.076332, 0.245503, 0.060802, 0.196463
0.076485, 0.346785, 0.059690, 0.273172
0.076736, 0.633303, 0.056869, 0.484661
0.076896, 0.845412, 0.054030, 0.635027
0.076974, 0.280277, 0.060879, 0.223035
0.076983, 0.000000, 0.064511, 0.000000
0.077043, 0.666499, 0.056714, 0.508698
0.077073, 0.507598, 0.058477, 0.392872
0.077346, 0.555877, 0.058180, 0.428319
0.077378, 0.300348, 0.060940, 0.238206
0.077390, 0.955821, -0.689202, -0.031271
0.077415, 0.218140, 0.062060, 0.175504
0.077666, 0.597492, 0.057955, 0.458592
0.077694, 0.024429, 0.065012, 0.020420
0.077971, 0.521276, 0.059026, 0.403007
0.078006, 0.785926, 0.055790, 0.593587
0.078085, 0.142740, 0.063760, 0.116689
0.078160, 0.858708, 0.054670, 0.644163
0.078306, 0.110704, 0.064489, 0.091204
0.079050, 0.722253, 0.057462, 0.548546
0.079101, 0.204886, 0.063616, 0.165290
0.079176, 0.620020, 0.058836, 0.475046
0.079256, 0.871952, 0.055208, 0.653259
0.079274, 0.154284, 0.064566, 0.125849
0.079458, 0.167244, 0.064510, 0.136039
0.079488, 0.074715, 0.065971, 0.061979
0.079489, 0.494803, 0.060446, 0.383421
0.079827, 0.333788, 0.062425, 0.263268
0.079937, 0.806656, 0.056824, 0.607927
0.080103, 0.885014, 0.056267, 0.662870
0.080138, 0.192322, 0.064652, 0.155570
0.080343, 0.179881, 0.065025, 0.145913
0.080352, 0.569436, 0.060284, 0.438178
0.080422, 0.755183, 0.057976, 0.571774
0.080437, 0.038439, 0.067162, 0.032064
0.080830, 0.897863, 0.062055, 0.676573
0.081327, 0.700524, 0.059415, 0.533025
0.081607, 0.532581, 0.061642, 0.411218
0.081686, 0.583013, 0.061109, 0.447925
0.081734, 0.482631, 0.062288, 0.374438
0.081845, 0.910543, -0.022958, 0.595955
0.081876, 0.653904, 0.060417, 0.499461
0.082404, 0.052322, 0.068624, 0.043534
0.082431, 0.132258, 0.067457, 0.108313
0.082479, 0.988856, -0.685138, -0.007612
0.082640, 0.098077, 0.068208, 0.080948
0.082852, 0.289462, 0.065384, 0.229908
0.083100, 0.470066, 0.063471, 0.365151
0.083195, 0.011221, 0.069567, 0.009368
0.083255, 0.922948, -0.594490, 0.031640
0.083513, 0.966910, -0.684554, -0.022977
0.083683, 0.322694, 0.065597, 0.254964
0.083829, 0.457023, 0.064170, 0.355473
0.083835, 0.734161, 0.060756, 0.556904
0.083917, 0.774125, 0.060203, 0.585202
0.084064, 0.267123, 0.066623, 0.212852
0.084170, 0.676919, 0.061808, 0.516051
0.084280, 0.063516, 0.070028, 0.052736
0.084580, 0.443750, 0.064891, 0.345605
0.084828, 0.934893, -0.670201, -0.032551
0.084931, 0.430583, 0.065308, 0.335811
0.085200, 0.546606, 0.064189, 0.421456
0.085250, 0.641909, 0.063063, 0.490806
0.085368, 0.417291, 0.065793, 0.325901
0.085489, 0.946264, -0.680176, -0.034603
0.085536, 0.607960, 0.063702, 0.466195
0.085727, 0.404198, 0.066221, 0.316134
0.085974, 0.391271, 0.066561, 0.306471
0.086025, 0.239297, 0.068570, 0.191566
0.086062, 0.796016, 0.061362, 0.600451
0.086310, 0.120769, 0.070806, 0.099116
0.086335, 0.309721, 0.067834, 0.245132
0.086375, 0.378797, 0.067020, 0.297141
0.086377, 0.366326, 0.067167, 0.287777
0.086883, 0.354159, 0.067703, 0.278619
0.086920, 0.225632, 0.069503, 0.181098
0.086941, 0.712171, 0.063342, 0.541272
0.087167, 0.815348, 0.061799, 0.613897
0.087287, 0.513717, 0.066139, 0.397219
0.087535, 0.826641, 0.061855, 0.621853
0.087560, 0.253949, 0.069590, 0.202803
0.087646, 0.085184, 0.072470, 0.070412
0.087734, 0.341604, 0.068502, 0.269093
0.087782, 0.838782, 0.061793, 0.630292
0.088276, 0.691007, 0.064623, 0.526114
0.088341, 0.746889, 0.063813, 0.565813
0.088603, 0.594991, 0.066143, 0.456670
0.088612, 0.629060, 0.065716, 0.481445
0.088843, 0.851524, 0.062272, 0.639058
0.088954, 0.211739, 0.071351, 0.170383
0.089202, 0.501562, 0.067733, 0.388235
0.089318, 0.663814, 0.065768, 0.506546
0.089489, 0.559745, 0.067250, 0.430983
0.089667, 1.000000, -0.680239, 0.000000
0.089718, 0.978104, -0.680194, -0.015068
0.089736, 0.277839, 0.070953, 0.220958
0.089865, 0.159263, 0.073001, 0.129573
0.090038, 0.864480, 0.062922, 0.648030
0.090101, 0.144620, 0.073431, 0.117991
0.090304, 0.020661, 0.075323, 0.017210
0.090415, 0.000000, 0.075480, 0.000000
0.090458, 0.761588, 0.065102, 0.576272
0.090610, 0.031595, 0.075505, 0.026295
0.090851, 0.108405, 0.074698, 0.089142
0.090979, 0.297959, 0.071636, 0.236188
0.091138, 0.877452, 0.064973, 0.658400
0.091276, 0.956126, -0.678885, -0.030258
0.091289, 0.784956, 0.065285, 0.592648
0.091348, 0.172447, 0.073978, 0.139919
0.091468, 0.198116, 0.073607, 0.159859
0.091755, 0.571777, 0.068777, 0.439623
0.091846, 0.045107, 0.076386, 0.037478
0.091959, 0.724097, 0.066795, 0.549626
0.092072, 0.890353, 0.073184, 0.674060
0.092203, 0.524063, 0.069739, 0.404838
0.092305, 0.185600, 0.074521, 0.150179
0.092485, 0.072484, 0.076593, 0.059991
0.092595, 0.489150, 0.070469, 0.379103
0.092629, 0.617238, 0.068854, 0.472847
0.092760, 0.583490, 0.069385, 0.448190
0.092968, 0.903204, -0.131205, 0.473666
0.093085, 0.537858, 0.070234, 0.414954
0.094080, 0.476829, 0.071758, 0.370024
0.094128, 0.651036, 0.069491, 0.497281
0.094210, 0.331883, 0.073666, 0.261646
0.094295, 0.916192, -0.674052, -0.058735
0.094429, 0.805705, 0.067126, 0.607047
0.094575, 0.463781, 0.072297, 0.360356
0.094849, 0.131929, 0.077516, 0.107886
0.094942, 0.702333, 0.069320, 0.534151
0.095003, 0.682474, 0.069661, 0.519815
0.095033, 0.450606, 0.072810, 0.350572
0.095056, 0.319179, 0.074521, 0.252138
0.095182, 0.095817, 0.078413, 0.078919
0.095498, 0.265309, 0.075680, 0.211337
0.095823, 0.437250, 0.073580, 0.340630
0.095865, 0.424301, 0.073777, 0.330995
0.095877, 0.058389, 0.079543, 0.048400
0.095952, 0.737230, 0.069467, 0.558859
0.095974, 0.245027, 0.076356, 0.195790
0.096049, 0.929305, -0.670597, -0.044194
0.096254, 0.772945, 0.069047, 0.584062
0.096400, 0.988975, -0.675688, -0.007594
0.096450, 0.410991, 0.074393, 0.321052
0.096809, 0.397762, 0.074838, 0.311159
0.097064, 0.967283, -0.675132, -0.022590
0.097140, 0.287407, 0.076614, 0.228056
0.097153, 0.550939, 0.073123, 0.424480
0.097213, 0.604248, 0.072431, 0.463287
0.097218, 0.232661, 0.077536, 0.186270
0.097332, 0.942667, -0.674167, -0.039185
0.097339, 0.010676, 0.081103, 0.008883
0.097501, 0.346581, 0.076047, 0.272748
0.097517, 0.638228, 0.072177, 0.487960
0.097529, 0.372432, 0.075730, 0.292202
0.097656, 0.385288, 0.075663, 0.301848
0.097805, 0.671400, 0.071878, 0.511775
0.097830, 0.359824, 0.076131, 0.282731
0.097909, 0.219870, 0.078305, 0.176437
0.098768, 0.510906, 0.074859, 0.395004
0.098857, 0.119128, 0.080971, 0.097598
0.098948, 0.306663, 0.077734, 0.242601
0.098999, 0.830781, 0.069849, 0.624444
0.099062, 0.817579, 0.070163, 0.615217
0.099151, 0.750960, 0.071531, 0.568536
0.099580, 0.152540, 0.080911, 0.124082
0.099627, 0.843862, 0.070055, 0.633540
0.099817, 0.082909, 0.082368, 0.068381
0.099903, 0.795619, 0.071218, 0.599947
0.100066, 0.713873, 0.072846, 0.542201
0.100397, 0.205750, 0.080530, 0.165500
0.100791, 0.856886, 0.071023, 0.642943
0.101077, 0.498248, 0.076783, 0.385675
0.101103, 0.591706, 0.075504, 0.454109
0.101495, 0.625995, 0.075303, 0.479070
0.101751, 0.254612, 0.080797, 0.203116
0.101802, 0.036006, 0.084505, 0.029851
0.101945, 0.164686, 0.082616, 0.133658
0.102040, 0.869841, 0.075240, 0.655305
0.102370, 0.530140, 0.077317, 0.409078
0.102424, 0.692867, 0.074929, 0.527228
0.102513, 0.659544, 0.075529, 0.503228
0.102610, 0.564261, 0.077027, 0.434102
0.102812, 0.276114, 0.081259, 0.219428
0.103028, 0.177982, 0.083238, 0.144062
0.103051, 0.577627, 0.077152, 0.443763
0.103158, 0.022743, 0.085756, 0.018876
0.103171, 0.882704, 0.082606, 0.669224
0.103195, 0.106478, 0.084696, 0.087383
0.103268, 1.000000, -0.671005, 0.000000
0.103442, 0.955379, -0.670659, -0.030860
0.103582, 0.977973, -0.670741, -0.015222
0.103743, 0.141444, 0.084459, 0.115231
0.103764, 0.727745, 0.075287, 0.552021
0.103881, 0.783877, 0.074285, 0.591611
0.103901, 0.047666, 0.086116, 0.039461
0.104014, 0.069224, 0.085944, 0.057152
0.104077, 0.762449, 0.074843, 0.576436
0.104138, 0.895492, -0.277297, 0.313526
0.104172, 0.000000, 0.086657, 0.000000
0.104331, 0.191548, 0.083966, 0.154506
0.105010, 0.908287, -0.671168, -0.067704
0.105154, 0.613432, 0.078202, 0.469878
0.105188, 0.484060, 0.080089, 0.375113
0.105278, 0.296492, 0.082843, 0.234791
0.105334, 0.470575, 0.080410, 0.365255
0.105666, 0.338837, 0.082508, 0.266796
0.105779, 0.457214, 0.080933, 0.355336
0.105959, 0.541360, 0.079870, 0.417302
0.105994, 0.326226, 0.082969, 0.257350
0.106085, 0.444019, 0.081348, 0.345525
0.106354, 0.519579, 0.080451, 0.401145
0.106491, 0.646942, 0.078662, 0.494095
0.106527, 0.921327, -0.668163, -0.054779
0.106753, 0.418026, 0.082221, 0.326158
0.106952, 0.314789, 0.083870, 0.248636
0.107113, 0.681018, 0.078546, 0.518563
0.107190, 0.404095, 0.082735, 0.315691
0.107192, 0.430472, 0.082379, 0.335414
0.107463, 0.093501, 0.088351, 0.076840
0.107569, 0.128853, 0.087770, 0.105168
0.107611, 0.741095, 0.077819, 0.561449
0.107619, 0.241519, 0.085623, 0.192922
0.107976, 0.352510, 0.084103, 0.277074
0.107980, 0.807183, 0.076701, 0.607841
0.108254, 0.216037, 0.086563, 0.173273
0.108373, 0.264770, 0.085836, 0.210747
0.108465, 0.378532, 0.084100, 0.296605
0.108511, 0.934093, -0.666257, -0.044994
0.108592, 0.229111, 0.086622, 0.183394
0.108866, 0.552807, 0.081888, 0.425659
0.108869, 0.365866, 0.084605, 0.287120
0.108909, 0.391798, 0.084254, 0.306542
0.108946, 0.703597, 0.079481, 0.534687
0.109098, 0.772821, 0.078237, 0.583715
0.109365, 0.600711, 0.081530, 0.460589
0.109371, 0.822266, 0.077337, 0.618268
0.109829, 0.057309, 0.090805, 0.047328
0.110091, 0.945232, -0.665844, -0.037863
0.110154, 0.988889, -0.666318, -0.007696
0.110233, 0.836061, 0.077660, 0.627848
0.110353, 0.966319, -0.666066, -0.023335
0.110359, 0.634709, 0.081722, 0.485231
0.110515, 0.011183, 0.091734, 0.009264
0.110672, 0.668867, 0.081365, 0.509795
0.111078, 0.718263, 0.080759, 0.545105
0.111239, 0.285932, 0.087699, 0.226722
0.111395, 0.495514, 0.084633, 0.383466
0.111424, 0.849280, 0.078604, 0.637362
0.111434, 0.080182, 0.091736, 0.065963
0.111442, 0.153534, 0.090380, 0.124641
0.111559, 0.202178, 0.089434, 0.162480
0.111572, 0.508160, 0.084589, 0.392823
0.111683, 0.116774, 0.091320, 0.095482
0.111971, 0.753633, 0.080703, 0.570199
0.111975, 0.587322, 0.083685, 0.450798
0.112334, 0.793757, 0.080097, 0.598422
0.112395, 0.032006, 0.093112, 0.026474
0.112806, 0.862282, 0.082859, 0.649566
0.113014, 0.167837, 0.091357, 0.135863
0.113494, 0.305429, 0.089113, 0.241395
0.113521, 0.574335, 0.085048, 0.441324
0.113947, 0.622038, 0.084585, 0.475986
0.114010, 0.251562, 0.090475, 0.200484
0.114164, 0.875159, 0.058946, 0.631010
0.114605, 0.181193, 0.092351, 0.146268
0.114693, 0.530502, 0.086590, 0.409112
0.115061, 0.655867, 0.084817, 0.500361
0.115310, 0.887932, -0.455373, 0.122526
0.115340, 0.103939, 0.094471, 0.085108
0.115418, 0.691211, 0.084426, 0.525707
0.115787, 0.138917, 0.094096, 0.112941
0.115837, 0.043742, 0.095813, 0.036128
0.115910, 0.563173, 0.087017, 0.433163
0.115929, 0.731164, 0.084016, 0.554187
0.116173, 0.332224, 0.090775, 0.261641
0.116203, 0.900715, -0.654627, -0.063518
0.116230, 0.275165, 0.091823, 0.218517
0.116372, 0.410984, 0.089693, 0.320690
0.116505, 0.475139, 0.088826, 0.368382
0.116639, 0.462734, 0.089121, 0.359205
0.116716, 0.067531, 0.096164, 0.055580
0.116816, 0.913687, -0.661850, -0.061061
0.116818, 1.000000, -0.661762, 0.000000
0.116943, 0.437064, 0.089746, 0.340155
0.117025, 0.977480, -0.661580, -0.015639
0.117042, 0.781508, 0.083736, 0.589803
0.117101, 0.449899, 0.089669, 0.349682
0.117261, 0.954886, -0.661158, -0.031322
0.117430, 0.345018, 0.091550, 0.271271
0.117516, 0.021030, 0.097306, 0.017382
0.117648, 0.609402, 0.087544, 0.466769
0.117694, 0.000000, 0.097504, 0.000000
0.118185, 0.318453, 0.092551, 0.251171
0.118426, 0.540913, 0.089224, 0.416636
0.118468, 0.814790, 0.083927, 0.612801
0.118469, 0.212669, 0.094713, 0.170480
0.118592, 0.486548, 0.090215, 0.376683
0.118698, 0.927475, -0.659806, -0.050311
0.118722, 0.192401, 0.095337, 0.154810
0.118733, 0.766386, 0.085281, 0.579050
0.118736, 0.358300, 0.092348, 0.281243
0.118863, 0.710096, 0.086568, 0.539126
0.118941, 0.679166, 0.087242, 0.517090
0.119016, 0.423228, 0.091543, 0.329815
0.119044, 0.384520, 0.092160, 0.300879
0.119201, 0.225222, 0.095091, 0.180231
0.119262, 0.643614, 0.088138, 0.491506
0.119358, 0.520457, 0.090285, 0.401759
0.119460, 0.295229, 0.093950, 0.233581
0.119541, 0.090726, 0.098052, 0.074367
0.119726, 0.238298, 0.095239, 0.190247
0.119790, 0.262537, 0.094816, 0.208763
0.119965, 0.398876, 0.092641, 0.311584
0.120064, 0.371940, 0.093170, 0.291503
0.120115, 0.743181, 0.086773, 0.562543
0.120325, 0.828593, 0.084903, 0.622386
0.120406, 0.551937, 0.090546, 0.424748
0.120719, 0.127101, 0.098340, 0.103546
0.120866, 0.801554, 0.085954, 0.603561
0.120992, 0.596264, 0.090251, 0.457147
0.121892, 0.841835, 0.086016, 0.631847
0.122019, 0.941372, -0.657657, -0.040736
0.122298, 0.054478, 0.100809, 0.044841
0.122325, 0.665382, 0.089958, 0.506965
0.122512, 0.147340, 0.099293, 0.119483
0.122648, 0.499580, 0.093075, 0.386205
0.122672, 0.630685, 0.090887, 0.482088
0.122937, 0.159760, 0.099406, 0.129297
0.123307, 0.698999, 0.090019, 0.531082
0.123437, 0.854811, 0.090189, 0.643694
0.123446, 0.583347, 0.092302, 0.447696
0.123546, 0.078121, 0.101440, 0.064082
0.123556, 0.755716, 0.088968, 0.571326
0.123631, 0.988685, -0.657106, -0.007877
0.123667, 0.965981, -0.656974, -0.023677
0.123755, 0.722079, 0.089873, 0.547618
0.123919, 0.114216, 0.101129, 0.093189
0.124087, 0.510434, 0.094002, 0.394246
0.124566, 0.010517, 0.102994, 0.008679
0.124576, 0.032253, 0.102898, 0.026592
0.124898, 0.172537, 0.100691, 0.139273
0.124982, 0.867651, 0.001791, 0.559620
0.125199, 0.203338, 0.100229, 0.163141
0.125540, 0.307998, 0.098482, 0.243177
0.125612, 0.284721, 0.098965, 0.225538
0.125775, 0.571005, 0.094253, 0.438645
0.126051, 0.789916, 0.089934, 0.595375
0.126082, 0.250033, 0.099957, 0.199004
0.126312, 0.326601, 0.098758, 0.257239
0.126335, 0.617904, 0.093832, 0.472769
0.126432, 0.880382, -0.583360, -0.017500
0.127129, 0.100993, 0.103893, 0.082488
0.127211, 0.411323, 0.098025, 0.320825
0.127356, 0.775533, 0.091209, 0.585134
0.127498, 0.892970, -0.638343, -0.060348
0.127717, 0.431537, 0.098071, 0.335843
0.127915, 0.338541, 0.099812, 0.266269
0.128031, 0.652758, 0.094403, 0.497833
0.128072, 0.918199, -0.653465, -0.057211
0.128155, 0.455713, 0.098017, 0.353845
0.128162, 0.905556, -0.652636, -0.065682
0.128276, 0.467684, 0.097904, 0.362698
0.128295, 0.184037, 0.103112, 0.148141
0.128332, 0.531259, 0.096862, 0.409525
0.128422, 0.272475, 0.101404, 0.216192
0.128570, 0.389868, 0.099418, 0.304738
0.128658, 0.443151, 0.098612, 0.344520
0.128874, 0.065084, 0.105869, 0.053394
0.129093, 0.479637, 0.098316, 0.371493
0.129168, 0.734426, 0.093507, 0.556233
0.129215, 0.351056, 0.100603, 0.275668
0.129398, 0.558571, 0.097173, 0.429458
0.129414, 0.363803, 0.100512, 0.285185
0.129423, 0.216614, 0.103299, 0.173340
0.129484, 0.676387, 0.094986, 0.514748
0.129501, 0.809088, 0.091862, 0.608587
0.129512, 0.042954, 0.106705, 0.035324
0.129553, 0.953516, -0.652808, -0.032416
0.129734, 0.604984, 0.096590, 0.463316
0.129964, 0.688107, 0.095114, 0.523274
0.130192, 0.821601, 0.092034, 0.617318
0.130236, 1.000000, -0.652577, 0.000000
0.130274, 0.136699, 0.105664, 0.110886
0.130438, 0.977281, -0.652394, -0.015852
0.130470, 0.229274, 0.103872, 0.183090
0.130498, 0.544667, 0.098232, 0.419200
0.130528, 0.931645, -0.651781, -0.047635
0.130642, 0.709657, 0.095110, 0.538456
0.130663, 0.491937, 0.099281, 0.380480
0.131257, 0.639359, 0.097054, 0.488175
0.131293, 0.021315, 0.108312, 0.017547
0.131327, 0.260437, 0.103892, 0.206905
0.131564, 0.377705, 0.101923, 0.295545
0.131603, 0.000000, 0.108626, 0.000000
0.131619, 0.298083, 0.103417, 0.235587
0.132161, 0.834502, 0.093578, 0.626681
0.132197, 0.088160, 0.108157, 0.072058
0.132205, 0.747908, 0.095368, 0.565651
0.132746, 0.519172, 0.100418, 0.400656
0.132830, 0.317209, 0.103994, 0.250015
0.132836, 0.241014, 0.105465, 0.192011
0.132981, 0.592129, 0.099243, 0.453907
0.133160, 0.194971, 0.106705, 0.156510
0.133169, 0.123799, 0.108284, 0.100643
0.133183, 0.762497, 0.095704, 0.575897
0.133258, 0.421661, 0.102466, 0.328348
0.133430, 0.150524, 0.107883, 0.121758
0.133501, 0.400755, 0.103048, 0.312864
0.133931, 0.847384, 0.099157, 0.639492
0.134111, 0.665761, 0.098596, 0.507023
0.134748, 0.163831, 0.108647, 0.132201
0.134974, 0.626406, 0.100057, 0.478749
0.135177, 0.720893, 0.098135, 0.546323
0.135348, 0.075821, 0.110820, 0.062004
0.135380, 0.505679, 0.102637, 0.390640
0.135516, 0.579720, 0.101364, 0.444817
0.135618, 0.053027, 0.111398, 0.043476
0.135653, 0.860203, -0.083678, 0.460261
0.135681, 0.799017, 0.096497, 0.601329
0.135859, 0.110606, 0.110630, 0.090018
0.136143, 0.942785, -0.648122, -0.039974
0.136424, 0.965458, -0.648244, -0.024148
0.136791, 0.698502, 0.099842, 0.530466
0.137000, 0.988580, -0.647925, -0.007986
0.137311, 0.872948, -0.639130, -0.085075
0.137419, 0.785110, 0.098138, 0.591704
0.137475, 0.567161, 0.103057, 0.435580
0.137537, 0.288989, 0.108207, 0.228570
0.137649, 0.207174, 0.109975, 0.165861
0.137858, 0.032251, 0.113464, 0.026488
0.137926, 0.329401, 0.107726, 0.259141
0.138213, 0.175704, 0.111128, 0.141421
0.138457, 0.010779, 0.114054, 0.008859
0.138534, 0.613486, 0.102951, 0.469316
0.138769, 0.277921, 0.109382, 0.220117
0.138866, 0.885587, -0.638130, -0.073306
0.138967, 0.773228, 0.099558, 0.583306
0.139116, 0.922053, -0.645709, -0.054538
0.139173, 0.098129, 0.113467, 0.079935
0.139244, 0.448223, 0.106578, 0.348022
0.139253, 0.342421, 0.108519, 0.268955
0.139535, 0.656430, 0.102775, 0.500208
0.139630, 0.367689, 0.108328, 0.287912
0.139721, 0.434029, 0.107180, 0.337414
0.139756, 0.897936, -0.643193, -0.069832
0.139907, 0.538381, 0.105419, 0.414467
0.140061, 0.307731, 0.109825, 0.242771
0.140089, 0.472379, 0.106770, 0.365851
0.140102, 0.388998, 0.108319, 0.303915
0.140103, 0.910219, -0.644733, -0.062797
0.140207, 0.460151, 0.107088, 0.356824
0.140288, 0.813197, 0.099490, 0.611235
0.140325, 0.410956, 0.108097, 0.320336
0.140361, 0.552707, 0.105468, 0.424855
0.140432, 0.730660, 0.101699, 0.553157
0.140555, 0.252828, 0.111307, 0.200954
0.140781, 0.678059, 0.103220, 0.515791
0.140836, 0.645402, 0.103960, 0.492202
0.140918, 0.219513, 0.112267, 0.175304
0.140921, 0.355416, 0.109522, 0.278589
0.141287, 0.266207, 0.111593, 0.211146
0.141375, 0.483839, 0.107529, 0.374271
0.141393, 0.063119, 0.115800, 0.051601
0.141594, 0.495641, 0.107477, 0.382979
0.141962, 0.600618, 0.105754, 0.459915
0.141972, 0.741708, 0.102548, 0.561069
0.141982, 0.526990, 0.107220, 0.406183
0.142070, 0.826468, 0.101576, 0.621553
0.142227, 0.187043, 0.114031, 0.150156
0.142668, 0.142313, 0.115290, 0.115001
0.142730, 0.230858, 0.113437, 0.183989
0.142896, 0.954287, -0.643621, -0.032020
0.142935, 0.710117, 0.104024, 0.538573
0.143575, 1.000000, -0.643400, 0.000000
0.143590, 0.131431, 0.116312, 0.106429
0.143601, 0.754140, 0.103393, 0.569826
0.143744, 0.976958, -0.643257, -0.016149
0.143749, 0.042759, 0.118003, 0.035023
0.144146, 0.839559, 0.111076, 0.637909
0.144176, 0.633684, 0.106679, 0.483717
0.144276, 0.932023, -0.642244, -0.047607
0.144435, 0.156031, 0.116452, 0.125842
0.144455, 0.688496, 0.105654, 0.523153
0.144625, 0.241941, 0.114696, 0.192481
0.144861, 0.514313, 0.109620, 0.396772
0.145118, 0.378438, 0.112383, 0.295935
0.145125, 0.021720, 0.119286, 0.017810
0.145326, 0.085203, 0.118539, 0.069400
0.145353, 0.000000, 0.119533, 0.000000
0.145356, 0.118662, 0.117954, 0.096231
0.145421, 0.587918, 0.108587, 0.450625
0.145807, 0.318807, 0.114045, 0.250984
0.145929, 0.422333, 0.112177, 0.328711
0.146044, 0.298203, 0.114682, 0.235461
0.146071, 0.852537, -0.190240, 0.340050
0.146435, 0.199098, 0.117071, 0.159423
0.146623, 0.792444, 0.104469, 0.596491
0.146777, 0.399433, 0.113253, 0.311589
0.146810, 0.667254, 0.107877, 0.507906
0.146832, 0.073407, 0.119949, 0.059867
0.147464, 0.575597, 0.110362, 0.441606
0.147487, 0.562464, 0.110625, 0.431930
0.147509, 0.765272, 0.105875, 0.577489
0.147577, 0.621424, 0.109461, 0.474815
0.147933, 0.865474, -0.650537, -0.108408
0.148040, 0.167685, 0.119055, 0.134930
0.148360, 0.805027, 0.105542, 0.605403
0.148478, 0.720936, 0.107754, 0.546067
0.148693, 0.442352, 0.113878, 0.343450
0.148808, 0.332226, 0.116097, 0.261042
0.148889, 0.107493, 0.120981, 0.087260
0.149570, 0.965636, -0.639157, -0.024127
0.149668, 0.285545, 0.117738, 0.225719
0.149679, 0.878420, -0.636449, -0.084415
0.149688, 0.053041, 0.122547, 0.043328
0.149697, 0.503322, 0.113471, 0.388552
0.149728, 0.943344, -0.638765, -0.039765
0.149925, 0.545295, 0.112795, 0.419319
0.149974, 0.700256, 0.109378, 0.531390
0.150196, 0.988193, -0.638821, -0.008292
0.150232, 0.778364, 0.107429, 0.586497
0.150490, 0.211454, 0.119981, 0.168901
0.150522, 0.344668, 0.117165, 0.270361
0.150584, 0.095516, 0.122536, 0.077625
0.150891, 0.918580, -0.637491, -0.057148
0.150908, 0.608820, 0.112205, 0.465634
0.151007, 0.654317, 0.111231, 0.498396
0.151043, 0.366780, 0.117171, 0.287072
0.151073, 0.467254, 0.115193, 0.361814
0.151359, 0.891486, -0.635950, -0.075436
0.151447, 0.273516, 0.119389, 0.216541
0.151664, 0.904476, -0.636618, -0.066933
0.151733, 0.032675, 0.124427, 0.026729
0.151783, 0.818473, 0.109750, 0.616752
0.151959, 0.260399, 0.120059, 0.206495
0.151995, 0.179082, 0.121919, 0.143759
0.152148, 0.011007, 0.124871, 0.009011
0.152201, 0.454175, 0.116326, 0.352174
0.152500, 0.733042, 0.110333, 0.554547
0.152538, 0.410434, 0.117455, 0.319691
0.152811, 0.355981, 0.118711, 0.278833
0.152920, 0.478822, 0.116385, 0.370393
0.153077, 0.534418, 0.115396, 0.411346
0.153101, 0.147837, 0.123451, 0.119189
0.153102, 0.490502, 0.116284, 0.378989
0.153166, 0.388130, 0.118384, 0.303040
0.153483, 0.223539, 0.122057, 0.178165
0.153537, 0.642146, 0.113385, 0.489631
0.153645, 0.431818, 0.117864, 0.335541
0.153988, 0.677681, 0.112869, 0.515204
0.154026, 0.248411, 0.121951, 0.197308
0.154045, 0.831556, 0.119842, 0.633087
0.154111, 0.745106, 0.111163, 0.563072
0.154241, 0.308671, 0.120831, 0.243221
0.154293, 0.595887, 0.115001, 0.456190
0.154375, 0.522368, 0.116618, 0.402475
0.154850, 0.125381, 0.125315, 0.101393
0.154910, 0.063896, 0.126500, 0.052067
0.155263, 0.190837, 0.124191, 0.152811
0.155314, 0.554802, 0.116639, 0.426184
0.155456, 0.235318, 0.123335, 0.187184
0.156212, 0.844550, -0.303142, 0.213884
0.156256, 0.711196, 0.113639, 0.538976
0.156354, 0.932133, -0.634010, -0.047726
0.156396, 0.953799, -0.634282, -0.032502
0.156715, 1.000000, -0.634362, 0.000000
0.156789, 0.630013, 0.116068, 0.480828
0.156990, 0.137172, 0.126764, 0.110699
0.157003, 0.323015, 0.122641, 0.253945
0.157030, 0.756521, 0.112923, 0.571020
0.157196, 0.787556, 0.112169, 0.592798
0.157216, 0.690826, 0.114875, 0.524448
0.157539, 0.976732, -0.633765, -0.016382
0.157575, 0.077024, 0.128426, 0.062655
0.157607, 0.159115, 0.126791, 0.128010
0.157624, 0.294984, 0.123729, 0.232735
0.157888, 0.582499, 0.117976, 0.446409
0.157909, 0.568807, 0.118297, 0.436443
0.158210, 0.376191, 0.122492, 0.293975
0.158217, 0.043457, 0.129420, 0.035457
0.158231, 0.857509, -0.631868, -0.102221
0.158339, 0.664012, 0.116374, 0.505222
0.158686, 0.510509, 0.120117, 0.393704
0.158854, 0.022101, 0.130098, 0.018052
0.158948, 0.000000, 0.130218, 0.000000
0.159002, 0.799247, 0.113388, 0.601231
0.159188, 0.420921, 0.122317, 0.327335
0.159296, 0.203533, 0.127060, 0.162570
0.159533, 0.088343, 0.129736, 0.071719
0.159678, 0.114398, 0.129299, 0.092529
0.159885, 0.768568, 0.114601, 0.579390
0.159979, 0.398725, 0.123397, 0.310819
0.160042, 0.617805, 0.118759, 0.471950
0.160168, 0.870503, -0.632114, -0.093342
0.160293, 0.336527, 0.124909, 0.264092
0.160529, 0.443535, 0.122891, 0.344157
0.160892, 0.723315, 0.116651, 0.547435
0.161015, 0.101794, 0.130668, 0.082488
0.161159, 0.811127, 0.115512, 0.610213
0.161393, 0.463188, 0.123115, 0.358625
0.161508, 0.170653, 0.129600, 0.136975
0.161710, 0.281689, 0.127207, 0.222557
0.161855, 0.883600, -0.628972, -0.081669
0.162055, 0.964129, -0.630416, -0.025282
0.162234, 0.498279, 0.123031, 0.384562
0.162341, 0.921957, -0.629581, -0.054968
0.162390, 0.910106, -0.629403, -0.063287
0.162581, 0.268369, 0.128161, 0.212350
0.162765, 0.651106, 0.119946, 0.495869
0.162861, 0.349364, 0.126612, 0.273688
0.163086, 0.989495, -0.629854, -0.007409
0.163107, 0.605633, 0.121317, 0.463082
0.163325, 0.544134, 0.122865, 0.418215
0.163473, 0.216471, 0.130061, 0.172519
0.163544, 0.362991, 0.126843, 0.283902
0.163571, 0.054503, 0.133469, 0.044361
0.163586, 0.943407, -0.629153, -0.039898
0.163677, 0.897009, -0.628289, -0.072461
0.163799, 0.701546, 0.119364, 0.531902
0.163873, 0.255064, 0.129477, 0.202170
0.163941, 0.823748, 0.112449, 0.612115
0.164113, 0.474950, 0.124967, 0.367374
0.164362, 0.735674, 0.118790, 0.556087
0.164755, 0.531169, 0.124236, 0.408741
0.164854, 0.409271, 0.126882, 0.318522
0.164907, 0.778929, 0.117853, 0.586420
0.165287, 0.683361, 0.120928, 0.518829
0.165357, 0.182382, 0.132335, 0.146035
0.165367, 0.148190, 0.133110, 0.119230
0.165431, 0.315216, 0.129311, 0.247833
0.165433, 0.486325, 0.125738, 0.375792
0.165568, 0.033393, 0.135276, 0.027209
0.165585, 0.241894, 0.131111, 0.192030
0.165629, 0.010798, 0.135436, 0.008803
0.165701, 0.387218, 0.128026, 0.302102
0.165761, 0.558034, 0.124349, 0.428226
0.166043, 0.638705, 0.122669, 0.486880
0.166158, 0.593576, 0.123863, 0.454260
0.166231, 0.836455, -0.403333, 0.100911
0.166245, 0.228364, 0.131946, 0.181622
0.166483, 0.432386, 0.127662, 0.335755
0.166515, 0.127791, 0.134484, 0.103105
0.166565, 0.671359, 0.122181, 0.510212
0.166590, 0.302372, 0.130481, 0.238066
0.166654, 0.067388, 0.135677, 0.054732
0.166656, 0.453745, 0.127309, 0.351519
0.166835, 0.518726, 0.126069, 0.399556
0.166933, 0.747430, 0.120277, 0.564302
0.167334, 0.194410, 0.133535, 0.155277
0.168405, 0.849184, -0.611939, -0.095367
0.168533, 0.571737, 0.126096, 0.438141
0.168897, 0.713690, 0.122706, 0.540387
0.169020, 0.328028, 0.131822, 0.257468
0.169284, 0.791191, 0.120500, 0.594755
0.169313, 0.626464, 0.125387, 0.477979
0.169750, 0.759267, 0.121912, 0.572529
0.169822, 0.932687, -0.624634, -0.047534
0.169874, 0.080167, 0.138016, 0.064990
0.169896, 0.290560, 0.133349, 0.229096
0.169915, 0.374920, 0.131504, 0.292755
0.169933, 0.582580, 0.126904, 0.446086
0.170112, 0.160694, 0.136558, 0.128966
0.170329, 0.980671, -0.624699, -0.013659
0.170464, 0.861851, -0.623581, -0.098515
0.170548, 1.000000, -0.624630, 0.000000
0.170708, 0.954275, -0.624350, -0.032313
0.170960, 0.970099, -0.624194, -0.021131
0.171060, 0.093133, 0.138686, 0.075360
0.171145, 0.659609, 0.125851, 0.501713
0.171295, 0.208366, 0.136363, 0.166076
0.171408, 0.505474, 0.129776, 0.389615
0.171428, 0.117889, 0.138497, 0.095110
0.171475, 0.803397, 0.120264, 0.601485
0.171508, 0.421472, 0.131728, 0.327530
0.171822, 0.137767, 0.138403, 0.110867
0.171871, 0.106074, 0.139098, 0.085700
0.172079, 0.021492, 0.140413, 0.017482
0.172192, 0.692965, 0.125699, 0.525588
0.172362, 0.340391, 0.134125, 0.266713
0.172472, 0.874330, -0.621961, -0.089064
0.172510, 0.045042, 0.140506, 0.036584
0.172619, 0.000000, 0.140917, 0.000000
0.172633, 0.614217, 0.128145, 0.469046
0.173008, 0.276084, 0.136026, 0.217896
0.173162, 0.467103, 0.132001, 0.361409
0.173217, 0.725945, 0.125450, 0.548937
0.173300, 0.262060, 0.136619, 0.207257
0.173417, 0.442823, 0.132689, 0.343294
0.173493, 0.397295, 0.133719, 0.309328
0.173710, 0.815692, 0.099680, 0.585772
0.173782, 0.920422, -0.621569, -0.056244
0.173815, 0.770390, 0.124406, 0.580117
0.174006, 0.886282, -0.620801, -0.080261
0.174027, 0.908410, -0.621249, -0.064724
0.174073, 0.352713, 0.135141, 0.275890
0.174408, 0.173130, 0.139631, 0.138605
0.175094, 0.647394, 0.129083, 0.492883
0.175134, 0.550012, 0.131571, 0.422275
0.175355, 0.537963, 0.132033, 0.413498
0.175357, 0.363806, 0.135904, 0.284246
0.175439, 0.248962, 0.138619, 0.197223
0.175487, 0.493922, 0.133157, 0.381157
0.175633, 0.602075, 0.130668, 0.460168
0.175658, 0.409605, 0.135120, 0.318509
0.175910, 0.308695, 0.137578, 0.242692
0.175941, 0.058045, 0.143056, 0.047067
0.176137, 0.897265, -0.619532, -0.072604
0.176223, 0.828278, -0.474447, 0.017156
0.176248, 0.678842, 0.129015, 0.515230
0.176412, 0.235034, 0.139701, 0.186501
0.176516, 0.563225, 0.132264, 0.431820
0.176738, 0.738073, 0.127594, 0.557393
0.176964, 0.526008, 0.133511, 0.404671
0.177054, 0.704771, 0.128872, 0.533844
0.177079, 0.480193, 0.134673, 0.370999
0.177128, 0.221088, 0.140635, 0.175799
0.177605, 0.942749, -0.619445, -0.040536
0.177663, 0.150273, 0.142679, 0.120590
0.177692, 0.197940, 0.141547, 0.157784
0.177846, 0.782259, 0.126504, 0.587868
0.177858, 0.989397, -0.619518, -0.007508
0.178004, 0.320549, 0.138946, 0.251652
0.178018, 0.384504, 0.137508, 0.299759
0.178219, 0.031969, 0.145081, 0.025939
0.178326, 0.185379, 0.142305, 0.147967
0.178375, 0.513892, 0.134830, 0.395663
0.178392, 0.455917, 0.136183, 0.352911
0.178501, 0.071124, 0.144845, 0.057565
0.178514, 0.840937, -0.602835, -0.099452
0.178633, 0.635123, 0.132014, 0.483971
0.179311, 0.590046, 0.133695, 0.451337
0.179373, 0.010805, 0.146165, 0.008774
0.179519, 0.963271, -0.618222, -0.026025
0.179588, 0.750021, 0.129234, 0.565704
0.180024, 0.431572, 0.137960, 0.334779
0.180030, 0.285581, 0.141303, 0.225050
0.180146, 0.667692, 0.132192, 0.507224
0.180676, 0.126613, 0.145569, 0.101865
0.180734, 0.853627, -0.614373, -0.102730
0.181110, 0.298159, 0.141837, 0.234566
0.181197, 0.576921, 0.135428, 0.441743
0.181248, 0.085212, 0.146790, 0.068847
0.181347, 0.794772, 0.124175, 0.591717
0.181759, 0.716593, 0.131899, 0.542081
0.181814, 0.622952, 0.134685, 0.475111
0.181894, 0.332839, 0.141685, 0.260885
0.182374, 0.098768, 0.147415, 0.079664
0.182503, 0.162935, 0.146157, 0.130412
0.182667, 0.930652, -0.615714, -0.049163
0.182692, 0.112981, 0.147426, 0.091007
0.182727, 0.268474, 0.143776, 0.211918
0.182874, 0.372129, 0.141510, 0.290376
0.182939, 0.866310, -0.614294, -0.094827
0.182977, 0.687188, 0.133664, 0.521015
0.183082, 0.761597, 0.131281, 0.573639
0.183451, 0.976774, -0.615512, -0.016477
0.183475, 0.209346, 0.145849, 0.166563
0.183698, 0.418860, 0.141078, 0.325308
0.183704, 0.807263, 0.082462, 0.554621
0.184061, 0.656184, 0.135395, 0.498919
0.184268, 0.139786, 0.148019, 0.112150
0.184350, 1.000000, -0.615024, 0.000000
0.184501, 0.041257, 0.149907, 0.033412
0.184593, 0.345369, 0.143458, 0.270241
0.184616, 0.467958, 0.140622, 0.361695
0.184724, 0.445216, 0.141227, 0.344820
0.185024, 0.952322, -0.614354, -0.033836
0.185256, 0.917246, -0.613614, -0.058690
0.185286, 0.610718, 0.137575, 0.466176
0.185302, 0.878922, -0.612846, -0.085820
0.185378, 0.404611, 0.142642, 0.314533
0.185499, 0.256678, 0.146226, 0.202860
0.185608, 0.503917, 0.140505, 0.388158
0.185810, 0.728675, 0.134415, 0.550483
0.185919, 0.021592, 0.151195, 0.017496
0.186032, 0.819779, -0.507041, -0.028324
0.186098, 0.697436, 0.135631, 0.528313
0.186234, 0.243248, 0.147115, 0.192545
0.186264, 0.000000, 0.151553, 0.000000
0.186394, 0.357950, 0.144494, 0.279562
0.186570, 0.051912, 0.151412, 0.041994
0.186644, 0.392931, 0.143909, 0.305847
0.186667, 0.904485, -0.612392, -0.067744
0.186676, 0.490851, 0.141647, 0.378581
0.186754, 0.554582, 0.140103, 0.425230
0.186829, 0.542628, 0.140478, 0.416557
0.186839, 0.773450, 0.133094, 0.581316
0.187121, 0.566597, 0.140070, 0.433990
0.187213, 0.891037, -0.611716, -0.077261
0.187223, 0.310719, 0.146280, 0.243980
0.187280, 0.174497, 0.149576, 0.139310
0.187462, 0.644121, 0.138235, 0.490178
0.187625, 0.230222, 0.148536, 0.182530
0.187709, 0.530609, 0.141440, 0.407744
0.188184, 0.598769, 0.140039, 0.457445
0.188309, 0.277585, 0.147924, 0.218794
0.188316, 0.196174, 0.149890, 0.156188
0.188468, 0.832434, -0.597670, -0.107723
0.188589, 0.517951, 0.142408, 0.398422
0.188770, 0.063464, 0.152959, 0.051265
0.189254, 0.740780, 0.136463, 0.558888
0.189478, 0.676193, 0.138731, 0.513014
0.189546, 0.076191, 0.153325, 0.061456
0.189625, 0.478674, 0.144153, 0.369494
0.189766, 0.153388, 0.152032, 0.122762
0.190060, 0.323203, 0.148164, 0.253347
0.190329, 0.785720, 0.130506, 0.584776
0.190770, 0.988338, -0.610616, -0.008294
0.190784, 0.845140, -0.606620, -0.108497
0.190823, 0.218454, 0.151342, 0.173425
0.190922, 0.381220, 0.147463, 0.297000
0.190923, 0.708286, 0.138780, 0.535921
0.190937, 0.456264, 0.145665, 0.352835
0.191005, 0.585915, 0.142466, 0.448012
0.191097, 0.965681, -0.610214, -0.024402
0.191125, 0.184584, 0.152333, 0.147089
0.191229, 0.631682, 0.141358, 0.481124
0.191589, 0.436487, 0.146644, 0.338175
0.191648, 0.940458, -0.609723, -0.042338
0.191700, 0.289818, 0.150271, 0.228060
0.192445, 0.129861, 0.154564, 0.104122
0.192484, 0.105041, 0.155151, 0.084475
0.192529, 0.752680, 0.138332, 0.567071
0.192556, 0.090541, 0.155407, 0.072882
0.192656, 0.031954, 0.156374, 0.025842
0.193047, 0.857928, -0.606767, -0.100776
0.193089, 0.011047, 0.156828, 0.008938
0.193171, 0.425721, 0.148090, 0.330100
0.193368, 0.798360, 0.079553, 0.537852
0.193418, 0.118190, 0.155600, 0.094886
0.193437, 0.665201, 0.141960, 0.505071
0.194229, 0.619486, 0.143915, 0.472246
0.194335, 0.368807, 0.150360, 0.287586
0.194380, 0.335681, 0.151187, 0.262659
0.194451, 0.926503, -0.607447, -0.052281
0.194511, 0.412440, 0.149412, 0.320139
0.194541, 0.301363, 0.152167, 0.236730
0.194822, 0.719678, 0.141200, 0.543852
0.194973, 0.574692, 0.145708, 0.439736
0.195338, 0.686836, 0.142648, 0.520424
0.195348, 0.870912, -0.605643, -0.091737
0.195373, 0.266238, 0.153645, 0.209939
0.195646, 0.205597, 0.155375, 0.163339
0.195730, 0.166057, 0.156410, 0.132582
0.195833, 0.810954, -0.523830, -0.058436
0.196010, 0.764585, 0.139924, 0.574783
0.196042, 0.251991, 0.154477, 0.198977
0.196065, 0.143356, 0.157105, 0.114699
0.196595, 0.653633, 0.144624, 0.496706
0.196723, 0.346867, 0.152688, 0.270981
0.196781, 0.912389, -0.605541, -0.062340
0.196997, 0.954443, -0.606032, -0.032446
0.197074, 0.977247, -0.606182, -0.016209
0.197112, 0.466478, 0.150074, 0.360211
0.197407, 0.400108, 0.151950, 0.310941
0.197417, 0.499712, 0.149508, 0.384825
0.197422, 0.043623, 0.159995, 0.035224
0.197590, 1.000000, -0.605867, 0.000000
0.197651, 0.898337, -0.604647, -0.072329
0.197877, 0.239442, 0.156248, 0.189355
0.198087, 0.511523, 0.149703, 0.393474
0.198115, 0.607048, 0.147136, 0.463144
0.198117, 0.357770, 0.153513, 0.279186
0.198188, 0.561798, 0.148441, 0.430235
0.198189, 0.549298, 0.148780, 0.421126
0.198227, 0.823541, -0.592199, -0.115915
0.198260, 0.884211, -0.603998, -0.082371
0.198444, 0.446555, 0.151626, 0.345547
0.198521, 0.731600, 0.143419, 0.552112
0.198735, 0.536950, 0.149522, 0.412102
0.198737, 0.698097, 0.144742, 0.528355
0.198899, 0.487926, 0.150924, 0.376108
0.199016, 0.313918, 0.155303, 0.246134
0.199374, 0.524632, 0.150332, 0.403081
0.199380, 0.641204, 0.147036, 0.487678
0.199477, 0.776710, 0.137234, 0.578053
0.199718, 0.079806, 0.161163, 0.064197
0.199730, 0.000000, 0.162003, 0.000000
0.199913, 0.022173, 0.162072, 0.017907
0.199938, 0.594765, 0.148824, 0.454163
0.200058, 0.055350, 0.161890, 0.044627
0.200059, 0.279107, 0.156947, 0.219639
0.200106, 0.388596, 0.154302, 0.302294
0.200327, 0.227174, 0.158476, 0.179890
0.200333, 0.192149, 0.159323, 0.152777
0.200685, 0.836119, -0.599462, -0.115210
0.200801, 0.067086, 0.162249, 0.054017
0.201933, 0.743751, 0.145341, 0.560445
0.201941, 0.178035, 0.160926, 0.141769
0.201946, 0.476037, 0.153499, 0.367197
0.201973, 0.326564, 0.157251, 0.255603
0.202242, 0.098288, 0.162814, 0.078907
0.202264, 0.155520, 0.161692, 0.124153
0.202397, 0.675463, 0.148154, 0.512142
0.202538, 0.789248, 0.087806, 0.532625
0.203029, 0.848562, -0.599396, -0.107571
0.203183, 0.133515, 0.162828, 0.106787
0.203507, 0.214979, 0.161244, 0.170408
0.203621, 0.376412, 0.157281, 0.293067
0.203712, 0.945030, -0.601213, -0.039218
0.203712, 0.420427, 0.156203, 0.325840
0.203805, 0.628349, 0.150675, 0.478306
0.203810, 0.291701, 0.159541, 0.229151
0.203973, 0.434452, 0.156086, 0.336342
0.204019, 0.966006, -0.601213, -0.024261
0.204037, 0.988807, -0.601320, -0.007990
0.204062, 0.710114, 0.148168, 0.536707
0.204134, 0.582214, 0.152283, 0.444926
0.204611, 0.933841, -0.600471, -0.047205
0.204702, 0.109859, 0.164512, 0.088057
0.204802, 0.457226, 0.156168, 0.353288
0.205240, 0.860827, -0.598409, -0.099107
0.205315, 0.259470, 0.161476, 0.204490
0.205378, 0.755746, 0.146765, 0.568096
0.205398, 0.801921, -0.525546, -0.073657
0.205471, 0.122045, 0.164791, 0.097650
0.205992, 0.664044, 0.151149, 0.503888
0.206101, 0.920738, -0.599233, -0.056565
0.206139, 0.034172, 0.166842, 0.027548
0.206317, 0.616073, 0.152900, 0.469395
0.206498, 0.011449, 0.167209, 0.009234
0.206863, 0.087900, 0.166580, 0.070558
0.206921, 0.408175, 0.158986, 0.316703
0.207123, 0.304019, 0.161765, 0.238390
0.207291, 0.570427, 0.154967, 0.436280
0.207351, 0.686704, 0.151351, 0.519935
0.207388, 0.721896, 0.150119, 0.544892
0.207408, 0.872722, -0.597233, -0.090739
0.207447, 0.201806, 0.164612, 0.160110
0.207650, 0.364434, 0.160669, 0.283998
0.207930, 0.814599, -0.587491, -0.124918
0.207933, 0.339231, 0.161535, 0.265051
0.208026, 0.907044, -0.597597, -0.066348
0.208233, 0.651458, 0.153179, 0.494748
0.208555, 0.248061, 0.164278, 0.195687
0.208701, 0.270364, 0.163869, 0.212799
0.208741, 0.767631, 0.143272, 0.570459
0.208745, 0.166712, 0.166465, 0.132774
0.208793, 0.145178, 0.166961, 0.115873
0.208922, 0.894417, -0.596697, -0.075354
0.209035, 0.556750, 0.156640, 0.426238
0.209099, 0.351436, 0.162091, 0.274164
0.209515, 0.506826, 0.158401, 0.389727
0.209592, 0.543873, 0.157426, 0.416845
0.209739, 0.494913, 0.158895, 0.380973
0.209941, 0.235952, 0.165653, 0.186359
0.210012, 0.519030, 0.158440, 0.398672
0.210140, 0.046694, 0.169808, 0.037580
0.210142, 0.396351, 0.161756, 0.307829
0.210277, 0.699340, 0.153023, 0.528826
0.210427, 0.977786, -0.596834, -0.015885
0.210438, 0.827218, -0.592528, -0.121982
0.210656, 0.531725, 0.158579, 0.407979
0.210663, 0.638525, 0.155361, 0.485347
0.210695, 0.602796, 0.156525, 0.459658
0.210725, 0.883460, -0.595095, -0.083178
0.210789, 0.316304, 0.164258, 0.247585
0.210797, 0.445279, 0.160972, 0.344190
0.210822, 0.073716, 0.169860, 0.059177
0.210896, 0.734595, 0.152105, 0.553648
0.210977, 0.955214, -0.596175, -0.032018
0.211049, 0.482598, 0.160206, 0.371852
0.211103, 1.000000, -0.596366, 0.000000
0.211276, 0.188161, 0.167880, 0.149403
0.211451, 0.590706, 0.157427, 0.450817
0.211513, 0.468060, 0.160917, 0.361042
0.211742, 0.780147, 0.091448, 0.522749
0.212459, 0.282631, 0.166449, 0.222051
0.212788, 0.384421, 0.164079, 0.298838
0.212918, 0.000000, 0.172159, 0.000000
0.212958, 0.426827, 0.163070, 0.330387
0.212959, 0.023520, 0.172146, 0.018933
0.213023, 0.223950, 0.168373, 0.177086
0.213045, 0.059896, 0.171814, 0.048111
0.213062, 0.839739, -0.592115, -0.114144
0.213265, 0.328386, 0.165860, 0.256671
0.214604, 0.133775, 0.171707, 0.106781
0.214626, 0.746930, 0.153751, 0.561592
0.214657, 0.792747, -0.516684, -0.078349
0.214758, 0.098602, 0.172535, 0.078959
0.215358, 0.674865, 0.157575, 0.511269
0.215448, 0.211225, 0.170534, 0.167173
0.215512, 0.155712, 0.171947, 0.124008
0.215518, 0.852129, -0.590930, -0.105554
0.215792, 0.176635, 0.171653, 0.140328
0.216084, 0.295314, 0.168907, 0.231598
0.216198, 0.929096, -0.592268, -0.050750
0.216314, 0.111745, 0.173419, 0.089316
0.216319, 0.942812, -0.592339, -0.040943
0.216428, 0.372093, 0.167185, 0.289530
0.216508, 0.625490, 0.160064, 0.475791
0.216518, 0.415393, 0.166082, 0.321809
0.217082, 0.712254, 0.157443, 0.537741
0.217138, 0.967081, -0.592050, -0.023582
0.217189, 0.455659, 0.165515, 0.351682
0.217334, 0.915224, -0.591268, -0.060682
0.217337, 0.259127, 0.170784, 0.203961
0.217340, 0.084308, 0.174731, 0.067534
0.217391, 0.805524, -0.581580, -0.132687
0.217403, 0.613487, 0.161113, 0.467129
0.217473, 0.661571, 0.159591, 0.501765
0.217521, 0.578976, 0.162277, 0.442146
0.217573, 0.988929, -0.591794, -0.007932
0.217763, 0.122744, 0.174327, 0.097987
0.217789, 0.565349, 0.162903, 0.432282
0.217914, 0.864354, -0.589628, -0.096952
0.218375, 0.758488, 0.150115, 0.563276
0.218491, 0.436312, 0.167052, 0.337373
0.218499, 0.687914, 0.159345, 0.520318
0.219037, 0.725134, 0.158280, 0.546613
0.219164, 0.036041, 0.176767, 0.028944
0.219199, 0.198472, 0.173730, 0.157196
0.219235, 0.011346, 0.176989, 0.009117
0.219383, 0.358951, 0.169777, 0.279572
0.219561, 0.648651, 0.161547, 0.492408
0.219798, 0.308007, 0.171413, 0.241105
0.219857, 0.551139, 0.164837, 0.421798
0.219990, 0.901212, -0.589078, -0.070732
0.220037, 0.818264, -0.585817, -0.128976
0.220040, 0.404012, 0.169076, 0.313267
0.220180, 0.245168, 0.173275, 0.193129
0.220188, 0.346228, 0.170743, 0.270012
0.220600, 0.272443, 0.172944, 0.214037
0.220845, 0.876209, -0.587842, -0.088583
0.220878, 0.476817, 0.167714, 0.367210
0.220887, 0.770940, 0.097904, 0.515651
0.220914, 0.700609, 0.160613, 0.529249
0.221260, 0.501720, 0.167348, 0.385651
0.221278, 0.513898, 0.167016, 0.394598
0.221545, 0.636090, 0.163405, 0.483268
0.221588, 0.144104, 0.176892, 0.114765
0.221648, 0.526431, 0.166930, 0.403774
0.221671, 0.489646, 0.167990, 0.376735
0.221699, 0.592302, 0.164957, 0.451708
0.221852, 0.070034, 0.178406, 0.056086
0.221885, 0.539384, 0.166737, 0.413267
0.221977, 0.048986, 0.178853, 0.039296
0.222006, 0.889158, -0.587297, -0.079368
0.222081, 0.334930, 0.172511, 0.261484
0.222181, 0.233729, 0.175169, 0.184362
0.222527, 0.165676, 0.177136, 0.131642
0.222722, 0.830856, -0.585099, -0.120768
0.222806, 0.392472, 0.171494, 0.304592
0.222877, 0.320763, 0.173424, 0.250657
0.223263, 0.738264, 0.160084, 0.554955
0.223552, 0.956139, -0.587401, -0.031470
0.223803, 0.603994, 0.166105, 0.460009
0.223923, 0.783520, -0.509058, -0.084398
0.224111, 0.186335, 0.177822, 0.147662
0.224143, 0.978058, -0.587153, -0.015748
0.224269, 0.285733, 0.175432, 0.224084
0.224360, 0.464527, 0.170662, 0.358006
0.224753, 1.000000, -0.586759, 0.000000
0.224819, 0.220149, 0.177482, 0.173773
0.224917, 0.445912, 0.171658, 0.344337
0.225066, 0.380437, 0.173540, 0.295537
0.225097, 0.022549, 0.181409, 0.018085
0.225180, 0.424681, 0.172417, 0.328520
0.225503, 0.843541, -0.583682, -0.111959
0.225923, 0.105174, 0.180921, 0.083930
0.226131, 0.000000, 0.182288, 0.000000
0.226536, 0.092370, 0.181655, 0.073785
0.226609, 0.796324, -0.574251, -0.139005
0.227028, 0.131804, 0.181349, 0.104982
0.227379, 0.059506, 0.182867, 0.047642
0.227388, 0.668690, 0.166525, 0.506461
0.227412, 0.935024, -0.584427, -0.046650
0.227553, 0.922398, -0.584143, -0.055704
0.227702, 0.208605, 0.180006, 0.164804
0.227947, 0.558731, 0.170622, 0.427105
0.227961, 0.299142, 0.177922, 0.234191
0.227971, 0.680787, 0.166473, 0.514973
0.228103, 0.856065, -0.582264, -0.103133
0.228134, 0.749254, 0.155908, 0.554831
0.228149, 0.367195, 0.176230, 0.285502
0.228237, 0.252351, 0.179319, 0.198457
0.228290, 0.079792, 0.183234, 0.063780
0.228293, 0.617751, 0.168974, 0.469876
0.228334, 0.571505, 0.170540, 0.436473
0.228361, 0.909024, -0.583370, -0.065301
0.228716, 0.154394, 0.182174, 0.122687
0.228755, 0.946805, -0.583550, -0.038209
0.229212, 0.412847, 0.175803, 0.319614
0.229222, 0.655800, 0.168324, 0.497176
0.229334, 0.118771, 0.183336, 0.094638
0.229349, 0.717974, 0.165766, 0.540938
0.229373, 0.809166, -0.579141, -0.135934
0.229640, 0.263739, 0.180137, 0.207174
0.229699, 0.175258, 0.182415, 0.138929
0.230161, 0.583451, 0.171500, 0.445062
0.230379, 0.693389, 0.167712, 0.523796
0.230488, 0.628833, 0.170182, 0.477717
0.230527, 0.761870, 0.091993, 0.495607
0.230569, 0.966839, -0.582589, -0.023840
0.230586, 0.706758, 0.167290, 0.533210
0.230627, 0.729927, 0.164800, 0.547856
0.230818, 0.868433, -0.580699, -0.094383
0.230827, 0.032846, 0.185750, 0.026305
0.231097, 0.642659, 0.170151, 0.487665
0.231207, 0.353559, 0.178954, 0.275216
0.231223, 0.989431, -0.582155, -0.007600
0.231512, 0.196336, 0.183235, 0.155208
0.231558, 0.434682, 0.176979, 0.335801
0.231614, 0.455268, 0.176426, 0.351031
0.231954, 0.312830, 0.180570, 0.244397
0.232263, 0.821745, -0.578108, -0.127596
0.232272, 0.472720, 0.176422, 0.363914
0.232342, 0.228978, 0.183076, 0.180412
0.232364, 0.327736, 0.180522, 0.255708
0.232372, 0.011002, 0.187058, 0.008811
0.232473, 0.534093, 0.174780, 0.409075
0.232614, 0.881481, -0.579759, -0.085099
0.232664, 0.276089, 0.182129, 0.216511
0.232678, 0.483976, 0.176420, 0.372245
0.232703, 0.520574, 0.175367, 0.399183
0.232796, 0.508125, 0.175813, 0.390051
0.232893, 0.341403, 0.180612, 0.266088
0.232927, 0.401158, 0.178957, 0.310820
0.232974, 0.774060, -0.491220, -0.080260
0.233095, 0.496124, 0.176392, 0.381218
0.233099, 0.894905, -0.579718, -0.075499
0.233164, 0.547661, 0.174835, 0.418864
0.233183, 0.044376, 0.187483, 0.035506
0.233717, 0.595834, 0.173705, 0.453897
0.233996, 0.142403, 0.186497, 0.113172
0.234373, 0.241362, 0.184406, 0.189960
0.234841, 0.834582, -0.576882, -0.118631
0.234971, 0.389314, 0.180832, 0.301909
0.235312, 0.608558, 0.174427, 0.462982
0.235824, 0.787131, -0.567402, -0.145883
0.235976, 0.070123, 0.189268, 0.055987
0.235991, 0.288607, 0.184326, 0.225927
0.236230, 0.376685, 0.182104, 0.292368
0.236342, 0.164196, 0.187828, 0.130181
0.236898, 0.108780, 0.189294, 0.086588
0.237136, 0.096775, 0.189689, 0.077093
0.237395, 0.422606, 0.181732, 0.326660
0.237433, 0.979074, -0.577779, -0.015072
0.237553, 0.185025, 0.188208, 0.146325
0.237622, 0.739767, 0.160505, 0.545309
0.237934, 0.847557, -0.575112, -0.109483
0.238181, 0.561895, 0.178112, 0.429105
0.238401, 0.021661, 0.191638, 0.017322
0.238404, 0.955941, -0.576876, -0.031732
0.238404, 0.218138, 0.188034, 0.171924
0.238415, 0.444385, 0.181882, 0.342807
0.238506, 0.800001, -0.572368, -0.142728
0.238686, 0.129629, 0.190344, 0.103027
0.238767, 0.055646, 0.191566, 0.044424
0.238773, 1.000000, -0.576823, 0.000000
0.238813, 0.083850, 0.191291, 0.066864
0.238901, 0.917517, -0.576018, -0.059375
0.238952, 0.929982, -0.576196, -0.050417
0.238956, 0.675134, 0.174632, 0.510555
0.239037, 0.905172, -0.575638, -0.068240
0.239139, 0.662529, 0.175263, 0.501591
0.239192, 0.362550, 0.184725, 0.281649
0.239390, 0.300671, 0.186571, 0.234957
0.239399, 0.206665, 0.189018, 0.162984
0.239544, 0.464201, 0.182148, 0.357425
0.239562, 0.000000, 0.192578, 0.000000
0.239665, 0.942451, -0.575772, -0.041450
0.239812, 0.253236, 0.188231, 0.198881
0.240102, 0.753286, 0.072867, 0.462725
0.240181, 0.574672, 0.179171, 0.438326
0.240316, 0.687617, 0.175110, 0.519353
0.240467, 0.649148, 0.176728, 0.491955
0.240741, 0.860100, -0.573514, -0.100599
0.241018, 0.635161, 0.177648, 0.481899
0.241105, 0.726000, 0.173128, 0.545356
0.241265, 0.266036, 0.188979, 0.208600
0.241281, 0.621767, 0.178362, 0.472371
0.241294, 0.700543, 0.175242, 0.528416
0.241632, 0.812338, -0.571244, -0.134640
0.241639, 0.713739, 0.174778, 0.537562
0.241742, 0.152670, 0.192237, 0.121055
0.241785, 0.410763, 0.185408, 0.317747
0.242434, 0.322397, 0.188365, 0.251402
0.242750, 0.586727, 0.180644, 0.446941
0.242767, 0.527191, 0.182653, 0.403690
0.242890, 0.872815, -0.572354, -0.091548
0.242893, 0.118475, 0.193757, 0.094147
0.243029, 0.033311, 0.195130, 0.026604
0.243032, 0.968567, -0.573779, -0.022671
0.243055, 0.231233, 0.191280, 0.181906
0.243225, 0.764869, -0.507681, -0.110906
0.243295, 0.174159, 0.192900, 0.137759
0.243304, 0.335391, 0.188702, 0.261236
0.243392, 0.540569, 0.182688, 0.413443
0.243668, 0.310977, 0.189573, 0.242667
0.244008, 0.348845, 0.188836, 0.271312
0.244029, 0.885943, -0.571857, -0.082156
0.244062, 0.488481, 0.184835, 0.375255
0.244080, 0.513399, 0.184073, 0.393558
0.244103, 0.475940, 0.185237, 0.365992
0.244172, 0.195446, 0.192976, 0.154199
0.244183, 0.825366, -0.569965, -0.125499
0.244290, 0.777607, -0.555454, -0.147416
0.244311, 0.432583, 0.186662, 0.333858
0.244595, 0.501159, 0.184847, 0.384572
0.244598, 0.279071, 0.191173, 0.218438
0.245129, 0.454328, 0.186627, 0.349931
0.245301, 0.598849, 0.182083, 0.455580
0.245336, 0.990341, -0.572119, -0.006971
0.245499, 0.398649, 0.188574, 0.308616
0.245554, 0.553216, 0.183854, 0.422531
0.245975, 0.010806, 0.197487, 0.008628
0.246022, 0.140269, 0.195727, 0.111219
0.246213, 0.065751, 0.197165, 0.052387
0.246283, 0.373466, 0.189795, 0.289614
0.246352, 0.386727, 0.189539, 0.299646
0.246375, 0.610785, 0.182448, 0.464167
0.246566, 0.044622, 0.197701, 0.035587
0.246685, 0.838544, -0.568718, -0.116188
0.247405, 0.897429, -0.569630, -0.073963
0.247697, 0.791054, -0.565865, -0.149776
0.248173, 0.092351, 0.198243, 0.073429
0.248259, 0.104975, 0.198124, 0.083409
0.248325, 0.291376, 0.193687, 0.227694
0.248504, 0.745613, 0.059203, 0.437287
0.248508, 0.243545, 0.195135, 0.191206
0.249387, 0.077846, 0.199374, 0.061923
0.249648, 0.566554, 0.186440, 0.432121
0.249930, 0.421055, 0.191275, 0.325187
0.249942, 0.669169, 0.182799, 0.505849
0.250014, 0.162710, 0.198372, 0.128719
0.250077, 0.655936, 0.183429, 0.496406
0.250183, 0.910587, -0.567838, -0.064532
0.250192, 0.360055, 0.193144, 0.279442
0.250293, 0.923202, -0.568079, -0.055452
0.250404, 0.733512, 0.174241, 0.544280
0.250526, 0.851755, -0.566384, -0.106839
0.250533, 0.948354, -0.568223, -0.037307
0.250566, 0.681889, 0.182715, 0.514852
0.250617, 0.219368, 0.197339, 0.172530
0.250690, 0.207848, 0.197713, 0.163666
0.250854, 0.935700, -0.567838, -0.046444
0.250855, 0.980774, -0.568201, -0.013894
0.250989, 0.256932, 0.196670, 0.201383
0.251010, 0.642497, 0.184640, 0.486772
0.251065, 0.802553, -0.564272, -0.141934
0.251132, 0.184769, 0.198662, 0.145819
0.251311, 0.442426, 0.191630, 0.340920
0.251359, 0.022110, 0.201552, 0.017628
0.251756, 0.959725, -0.567488, -0.029108
0.251757, 0.127824, 0.200396, 0.101344
0.252031, 0.629415, 0.185906, 0.477409
0.252128, 0.707369, 0.182023, 0.532025
0.252235, 0.694447, 0.183292, 0.523593
0.252542, 0.055382, 0.202131, 0.044085
0.252542, 0.579123, 0.188135, 0.441133
0.252570, 0.465881, 0.191896, 0.358300
0.252648, 0.269934, 0.197543, 0.211221
0.252820, 0.720925, 0.178616, 0.538005
0.252847, 0.302140, 0.196837, 0.235729
0.252979, 0.520459, 0.190437, 0.398356
0.253155, 0.000000, 0.203004, 0.000000
0.253202, 0.815843, -0.563328, -0.132611
0.253211, 0.864233, -0.564851, -0.097958
0.253484, 1.000000, -0.566312, 0.000000
0.253588, 0.533603, 0.190469, 0.407977
0.253734, 0.231567, 0.199437, 0.181864
0.253895, 0.327078, 0.196967, 0.254607
0.254003, 0.408738, 0.194704, 0.315873
0.254136, 0.756435, -0.536141, -0.153182
0.254345, 0.150938, 0.201910, 0.119412
0.254471, 0.877620, -0.564325, -0.088369
0.254482, 0.314967, 0.197745, 0.245424
0.254565, 0.115153, 0.202741, 0.091310
0.254618, 0.339525, 0.197172, 0.263985
0.254653, 0.480036, 0.193026, 0.368699
0.254735, 0.769141, -0.551560, -0.157592
0.254988, 0.617709, 0.188514, 0.468897
0.255088, 0.781965, -0.558584, -0.154856
0.255181, 0.493223, 0.192996, 0.378374
0.255402, 0.591400, 0.189791, 0.449897
0.255452, 0.546172, 0.191429, 0.417088
0.255647, 0.970979, -0.564690, -0.020992
0.255686, 0.033681, 0.204803, 0.026822
0.255798, 0.829394, -0.561931, -0.123004
0.255942, 0.196923, 0.201952, 0.155048
0.255981, 0.173438, 0.202601, 0.136877
0.256106, 0.506193, 0.193199, 0.387727
0.256458, 0.383382, 0.197271, 0.296811
0.256463, 0.452970, 0.195179, 0.348564
0.256634, 0.371081, 0.197722, 0.287531
0.256932, 0.282983, 0.200494, 0.221076
0.256990, 0.603979, 0.190471, 0.458868
0.257095, 0.890242, -0.562679, -0.079330
0.257444, 0.432031, 0.196619, 0.333121
0.257752, 0.350655, 0.199196, 0.272215
0.257755, 0.138233, 0.204715, 0.109361
0.257779, 0.087993, 0.205663, 0.069844
0.257973, 0.396406, 0.198083, 0.306575
0.258043, 0.558661, 0.192912, 0.426081
0.258280, 0.067740, 0.206383, 0.053830
0.258341, 0.842504, -0.560606, -0.113696
0.259411, 0.011069, 0.207765, 0.008811
0.259635, 0.742580, -0.278713, 0.087761
0.259684, 0.100945, 0.206925, 0.080038
0.259756, 0.902937, -0.560999, -0.070217
0.260101, 0.045062, 0.208037, 0.035830
0.260207, 0.662537, 0.190455, 0.500619
0.260411, 0.990330, -0.561380, -0.007004
0.260686, 0.249513, 0.204265, 0.195425
0.261019, 0.675974, 0.190466, 0.510169
0.261142, 0.649682, 0.191685, 0.491455
0.261328, 0.792317, -0.556575, -0.149604
0.261465, 0.916212, -0.559998, -0.060655
0.261843, 0.928828, -0.559997, -0.051545
0.261886, 0.571395, 0.195314, 0.435242
0.261901, 0.419973, 0.200338, 0.324013
0.261944, 0.805932, -0.556855, -0.140002
0.262138, 0.237779, 0.205763, 0.186467
0.262248, 0.941927, -0.559847, -0.042070
0.262276, 0.293240, 0.204309, 0.228749
0.262405, 0.210679, 0.206657, 0.165595
0.262438, 0.636972, 0.193160, 0.482359
0.262476, 0.262275, 0.205271, 0.205117
0.262489, 0.714323, 0.180169, 0.527158
0.262731, 0.223358, 0.206512, 0.175298
0.262766, 0.687674, 0.190985, 0.518136
0.262981, 0.729251, 0.122843, 0.477677
0.262991, 0.515211, 0.198066, 0.394189
0.263123, 0.954358, -0.559298, -0.033075
0.263180, 0.361849, 0.202964, 0.280426
0.263391, 0.701388, 0.190532, 0.527487
0.263500, 0.471662, 0.199885, 0.362178
0.263555, 0.855504, -0.557336, -0.104503
0.263569, 0.161173, 0.208694, 0.127163
0.263851, 0.078727, 0.210441, 0.062442
0.263946, 0.185797, 0.208403, 0.146280
0.264035, 0.274800, 0.206113, 0.214623
0.264123, 0.527425, 0.198500, 0.403103
0.264267, 0.022484, 0.211404, 0.017874
0.264290, 0.820009, -0.555654, -0.130006
0.264304, 0.124856, 0.209981, 0.098740
0.264342, 0.305895, 0.205509, 0.238267
0.264487, 0.869549, -0.557040, -0.094410
0.264676, 0.458871, 0.201201, 0.352746
0.264707, 0.624691, 0.195318, 0.473505
0.264771, 0.443505, 0.201733, 0.341325
0.265028, 0.979905, -0.558089, -0.014570
0.265037, 0.583813, 0.197164, 0.444097
0.265120, 0.777803, -0.552552, -0.159393
0.265131, 0.112084, 0.210905, 0.088723
0.265313, 0.057308, 0.211847, 0.045487
0.265376, 0.318621, 0.205946, 0.247886
0.265483, 0.330781, 0.205683, 0.257072
0.265523, 0.965944, -0.557606, -0.024693
0.265594, 0.485147, 0.201030, 0.372079
0.265620, 0.539229, 0.199195, 0.411660
0.265889, 0.764536, -0.550498, -0.168034
0.265916, 0.408205, 0.203716, 0.315112
0.266053, 0.611324, 0.196810, 0.463796
0.266291, 0.752599, -0.531011, -0.158268
0.266342, 0.148667, 0.211114, 0.117370
0.266372, 0.198866, 0.209930, 0.156331
0.266555, 0.497690, 0.201312, 0.381231
0.266581, 0.882970, -0.555840, -0.084772
0.266673, 0.000000, 0.213333, 0.000000
0.266850, 0.173471, 0.210928, 0.136661
0.267299, 0.375229, 0.205704, 0.290357
0.267364, 0.387243, 0.205394, 0.299348
0.267374, 0.597090, 0.198332, 0.453499
0.267532, 0.342397, 0.206882, 0.265741
0.267717, 0.551460, 0.200303, 0.420473
0.267774, 0.832940, -0.553589, -0.120830
0.268457, 1.000000, -0.555723, 0.000000
0.268476, 0.034246, 0.214541, 0.027193
0.268583, 0.136161, 0.213061, 0.107535
0.269257, 0.091732, 0.214420, 0.072645
0.269445, 0.430741, 0.205686, 0.331781
0.269669, 0.895696, -0.553850, -0.075628
0.269983, 0.844367, -0.552347, -0.112670
0.270196, 0.669511, 0.197248, 0.504999
0.270810, 0.563281, 0.202158, 0.428958
0.271002, 0.739310, -0.531050, -0.173218
0.271224, 0.507974, 0.204408, 0.388545
0.271385, 0.353724, 0.209446, 0.274110
0.271411, 0.069305, 0.216352, 0.054915
0.271519, 0.909004, -0.552779, -0.066029
0.271549, 0.398518, 0.208229, 0.307661
0.271571, 0.657055, 0.198877, 0.496193
0.271574, 0.721000, 0.113979, 0.456889
0.271763, 0.284091, 0.211859, 0.221598
0.272090, 0.797948, -0.549371, -0.146075
0.272326, 0.811422, -0.549677, -0.136430
0.272497, 0.256496, 0.213084, 0.200441
0.272684, 0.243905, 0.213634, 0.190866
0.272701, 0.046874, 0.217586, 0.037162
0.272722, 0.693701, 0.195398, 0.519364
0.272758, 0.230680, 0.213985, 0.180669
0.272810, 0.011280, 0.217975, 0.008951
0.272861, 0.934651, -0.552268, -0.047461
0.272878, 0.644948, 0.200381, 0.487586
0.273198, 0.921903, -0.551787, -0.056706
0.273254, 0.103512, 0.217263, 0.081854
0.273765, 0.269862, 0.213724, 0.210649
0.273822, 0.217673, 0.215165, 0.170667
0.273823, 0.785488, -0.547549, -0.154942
0.273978, 0.948532, -0.551567, -0.037394
0.274084, 0.297027, 0.213211, 0.231305
0.274205, 0.418443, 0.209637, 0.322462
0.274238, 0.862273, -0.549920, -0.099888
0.274336, 0.708513, 0.215507, 0.548827
0.274373, 0.451809, 0.208640, 0.347104
0.274473, 0.680408, 0.199480, 0.512260
0.274561, 0.520417, 0.206484, 0.397601
0.274589, 0.632867, 0.202160, 0.478939
0.274759, 0.465101, 0.208527, 0.356973
0.274786, 0.574317, 0.204654, 0.436778
0.274863, 0.366078, 0.211686, 0.283245
0.274880, 0.477177, 0.208192, 0.365829
0.275342, 0.974238, -0.550801, -0.018727
0.275446, 0.988686, -0.550834, -0.008225
0.275697, 0.205998, 0.216929, 0.161650
0.275708, 0.309844, 0.214049, 0.240939
0.275902, 0.116943, 0.219078, 0.092368
0.275924, 0.876188, -0.549026, -0.089866
0.276016, 0.619980, 0.203733, 0.469635
0.276075, 0.825055, -0.547424, -0.126746
0.276144, 0.192493, 0.217571, 0.151184
0.276192, 0.772458, -0.545263, -0.164291
0.276391, 0.531965, 0.207425, 0.405965
0.276424, 0.960622, -0.549832, -0.028627
0.276455, 0.166700, 0.218419, 0.131185
0.276498, 0.180387, 0.218169, 0.141827
0.276539, 0.322418, 0.214319, 0.250429
0.276582, 0.154842, 0.218810, 0.121972
0.276635, 0.082064, 0.220143, 0.064913
0.276744, 0.586023, 0.205611, 0.445104
0.276957, 0.607485, 0.204936, 0.460629
0.276962, 0.023043, 0.221048, 0.018266
0.277362, 0.490068, 0.209614, 0.375239
0.277385, 0.544201, 0.207698, 0.414814
0.277554, 0.439966, 0.211448, 0.338300
0.277703, 0.128765, 0.220186, 0.101581
0.277860, 0.334415, 0.214965, 0.259436
0.277992, 0.748755, -0.539806, -0.178400
0.278127, 0.059224, 0.221568, 0.046878
0.278157, 0.850816, -0.546676, -0.108231
0.278199, 0.730828, -0.483473, -0.138306
0.278221, 0.760011, -0.542038, -0.172074
0.278545, 0.142362, 0.220589, 0.112210
0.278710, 0.378662, 0.214213, 0.292553
0.279320, 0.389563, 0.214337, 0.300687
0.279358, 0.596499, 0.207120, 0.452586
0.279421, 0.888342, -0.546792, -0.081137
0.279695, 0.407336, 0.214126, 0.314026
0.280182, 0.000000, 0.223600, 0.000000
0.280342, 0.556646, 0.209411, 0.423742
0.280387, 0.500762, 0.211469, 0.382937
0.280463, 0.036530, 0.223569, 0.028924
0.280499, 0.346290, 0.216581, 0.268260
0.280691, 0.666743, 0.204887, 0.502566
0.281307, 0.902113, -0.545724, -0.071188
0.281326, 0.837179, -0.544108, -0.118172
0.281922, 0.094733, 0.224019, 0.074826
0.282140, 0.428111, 0.215282, 0.329369
0.282149, 0.699607, 0.165593, 0.486229
0.282638, 0.803852, -0.542124, -0.142219
0.282735, 1.000000, -0.545759, 0.000000
0.282819, 0.940993, -0.545134, -0.042953
0.283219, 0.653823, 0.207394, 0.493395
0.283327, 0.250430, 0.221526, 0.195537
0.283341, 0.277273, 0.220813, 0.216031
0.283381, 0.815634, -0.541925, -0.133752
0.283424, 0.237129, 0.221929, 0.185325
0.283480, 0.263615, 0.221275, 0.205597
0.283550, 0.719551, -0.298431, 0.032989
0.283725, 0.072198, 0.225666, 0.057053
0.283761, 0.513304, 0.213542, 0.392023
0.283848, 0.914873, -0.544078, -0.061956
0.283910, 0.289260, 0.220889, 0.225114
0.283978, 0.358654, 0.218847, 0.277451
0.284157, 0.791564, -0.540585, -0.151083
0.284398, 0.224401, 0.223012, 0.175536
0.284468, 0.687424, 0.203348, 0.513538
0.284502, 0.869416, -0.542665, -0.094941
0.284740, 0.641426, 0.209131, 0.484597
0.284768, 0.927867, -0.543720, -0.052532
0.285073, 0.108092, 0.226189, 0.085261
0.285134, 0.566735, 0.212576, 0.430939
0.285329, 0.049089, 0.227147, 0.038812
0.285345, 0.459184, 0.216592, 0.352157
0.285666, 0.980198, -0.543450, -0.014428
0.285707, 0.628002, 0.210421, 0.474948
0.285825, 0.740534, -0.534139, -0.184871
0.285962, 0.301974, 0.222085, 0.234701
0.286165, 0.011905, 0.227941, 0.009412
0.286201, 0.482221, 0.216464, 0.369151
0.286491, 0.470512, 0.217067, 0.360485
0.286550, 0.212505, 0.225029, 0.166388
0.286590, 0.397255, 0.219643, 0.306294
0.286597, 0.778955, -0.538395, -0.160226
0.286874, 0.370890, 0.220617, 0.286484
0.286915, 0.967941, -0.542530, -0.023369
0.286948, 0.199918, 0.225629, 0.156662
0.287182, 0.448557, 0.218331, 0.344256
0.287198, 0.173786, 0.226432, 0.136437
0.287259, 0.314439, 0.222679, 0.244070
0.287277, 0.953774, -0.542143, -0.033694
0.287303, 0.578730, 0.213677, 0.439502
0.287324, 0.524442, 0.215785, 0.400055
0.287462, 0.416809, 0.219659, 0.320814
0.287517, 0.187047, 0.226399, 0.146721
0.287539, 0.614666, 0.212341, 0.465340
0.287589, 0.675759, 0.208594, 0.507725
0.287643, 0.858212, -0.540124, -0.103122
0.287750, 0.536925, 0.215616, 0.409108
0.287981, 0.160632, 0.227367, 0.126233
0.288067, 0.121352, 0.228268, 0.095614
0.288121, 0.026592, 0.229377, 0.021022
0.288122, 0.766830, -0.536635, -0.168782
0.288128, 0.709436, -0.067012, 0.253423
0.288312, 0.326338, 0.223112, 0.253014
0.288815, 0.549608, 0.215889, 0.418236
0.288820, 0.826161, -0.538445, -0.126339
0.288896, 0.134551, 0.228618, 0.105902
0.288940, 0.147892, 0.228410, 0.116319
0.289358, 0.085324, 0.229762, 0.067312
0.289611, 0.880722, -0.539371, -0.086865
0.289703, 0.602651, 0.214431, 0.456623
0.290083, 0.590144, 0.215236, 0.447605
0.290200, 0.338723, 0.224158, 0.262277
0.290325, 0.894757, -0.539174, -0.076688
0.290405, 0.061929, 0.230866, 0.048894
0.290413, 0.752766, -0.534301, -0.178890
0.290492, 0.846224, -0.537935, -0.111900
0.290544, 0.437365, 0.221258, 0.335914
0.290745, 0.989873, -0.539918, -0.007387
0.290937, 0.384388, 0.223312, 0.296523
0.291290, 0.494269, 0.219819, 0.377807
0.291832, 0.729975, -0.528406, -0.191733
0.291941, 0.506232, 0.219864, 0.386544
0.292210, 0.662964, 0.212833, 0.498822
0.292685, 0.350959, 0.225636, 0.271370
0.293035, 0.038982, 0.233060, 0.030780
0.293234, 0.940603, -0.537628, -0.043337
0.293531, 0.000000, 0.233449, 0.000000
0.293590, 0.406169, 0.224635, 0.312727
0.293652, 0.257402, 0.229168, 0.200566
0.293669, 0.243808, 0.229513, 0.190142
0.293688, 0.800743, -0.534168, -0.144835
0.293730, 0.696826, 0.199256, 0.507823
0.293759, 0.098949, 0.232933, 0.077956
0.294115, 0.270557, 0.229163, 0.210590
0.294175, 0.812777, -0.534098, -0.136144
0.294261, 0.906840, -0.536545, -0.067958
0.294872, 0.230676, 0.230775, 0.180048
0.295090, 0.650067, 0.216169, 0.490176
0.295165, 0.636073, 0.216886, 0.480267
0.295360, 0.426176, 0.225262, 0.327484
0.295432, 0.558867, 0.220483, 0.424881
0.295522, 0.835273, -0.534008, -0.119957
0.295586, 0.282726, 0.229939, 0.219812
0.295646, 0.787026, -0.532331, -0.154792
0.295723, 0.075280, 0.234749, 0.059345
0.295779, 0.294370, 0.229700, 0.228598
0.296187, 0.018750, 0.235531, 0.014799
0.296198, 0.868656, -0.534267, -0.095745
0.296206, 0.929725, -0.535389, -0.051301
0.296379, 0.918269, -0.535200, -0.059661
0.296551, 0.622309, 0.218530, 0.470381
0.296771, 0.112909, 0.234987, 0.088843
0.296780, 0.719490, -0.527450, -0.202810
0.296794, 0.362869, 0.228373, 0.280184
0.296991, 0.685073, 0.204672, 0.503225
0.297047, 0.963436, -0.535282, -0.026715
0.297123, 0.483242, 0.224584, 0.369552
0.297227, 0.459739, 0.225459, 0.352177
0.297422, 0.471715, 0.225173, 0.360981
0.297474, 0.219154, 0.233132, 0.171196
0.297491, 0.571427, 0.221458, 0.433842
0.297514, 1.000000, -0.535094, 0.000000
0.297778, 0.051223, 0.236542, 0.040391
0.297896, 0.374732, 0.228820, 0.289023
0.297906, 0.307453, 0.230958, 0.238474
0.297947, 0.517224, 0.223966, 0.394472
0.298034, 0.180999, 0.234498, 0.141773
0.298193, 0.530446, 0.223593, 0.404023
0.298233, 0.194339, 0.234362, 0.152092
0.298259, 0.762544, -0.529403, -0.172427
0.298309, 0.544016, 0.223127, 0.413855
0.298313, 0.167628, 0.235034, 0.131420
0.298354, 0.207057, 0.234142, 0.161894
0.298409, 0.741101, -0.527962, -0.187417
0.298446, 0.977311, -0.534275, -0.016581
0.299100, 0.448010, 0.227289, 0.343486
0.299111, 0.393874, 0.229149, 0.303326
0.299335, 0.154025, 0.236150, 0.120862
0.299349, 0.888692, -0.532520, -0.081253
0.299475, 0.126974, 0.236839, 0.099808
0.299603, 0.330993, 0.231480, 0.256140
0.299619, 0.318801, 0.231891, 0.246974
0.299661, 0.949742, -0.533273, -0.036735
0.299752, 0.856429, -0.531520, -0.104720
0.299771, 0.608681, 0.221486, 0.460493
0.299894, 0.707100, -0.438779, -0.128059
0.299975, 0.140223, 0.236930, 0.110114
0.300015, 0.774693, -0.528740, -0.163814
0.300275, 0.674027, 0.211606, 0.499563
0.300334, 0.583271, 0.223030, 0.442253
0.301015, 0.822739, -0.529685, -0.129183
0.301104, 0.415549, 0.229959, 0.319443
0.301221, 0.009071, 0.239288, 0.007153
0.301263, 0.596228, 0.223138, 0.451520
0.301413, 0.089266, 0.238758, 0.070222
0.301457, 0.029925, 0.239488, 0.023591
0.302256, 0.344069, 0.233107, 0.265928
0.302341, 0.504007, 0.227694, 0.384594
0.302361, 0.063534, 0.239862, 0.050028
0.303103, 0.436241, 0.230688, 0.334636
0.303420, 0.878006, -0.529410, -0.089112
0.303490, 0.250842, 0.236770, 0.195248
0.303518, 0.797100, -0.527009, -0.147790
0.303541, 0.662556, 0.221780, 0.498706
0.303687, 0.845012, -0.528470, -0.113118
0.303825, 0.900168, -0.529530, -0.072968
0.304001, 0.752135, -0.524976, -0.180162
0.304396, 0.237219, 0.237789, 0.184776
0.304536, 0.492390, 0.229779, 0.376032
0.304536, 0.263855, 0.237244, 0.205182
0.304586, 0.989065, -0.530103, -0.008006
0.304945, 0.104046, 0.241353, 0.081789
0.305053, 0.383212, 0.234003, 0.295218
0.305374, 0.355557, 0.235046, 0.274399
0.305449, 0.729806, -0.522954, -0.196276
0.305535, 0.641644, 0.223850, 0.483395
0.305638, 0.809665, -0.525929, -0.138777
0.305846, 0.694457, -0.162796, 0.132824
0.306061, 0.403722, 0.234031, 0.310416
0.306127, 0.041369, 0.242941, 0.032573
0.306133, 0.629396, 0.225069, 0.474883
0.306327, 0.937500, -0.528178, -0.045730
0.306339, 0.552277, 0.228722, 0.419573
0.306352, 0.276240, 0.238282, 0.214568
0.306541, 0.300014, 0.237670, 0.232545
0.307009, 0.075593, 0.243179, 0.059429
0.307191, 0.652378, 0.223286, 0.489694
0.307437, 0.616236, 0.226665, 0.465476
0.307571, 0.564873, 0.229109, 0.428664
0.307780, 0.957456, -0.527410, -0.031150
0.307795, 0.785496, -0.523625, -0.156334
0.307842, 0.925178, -0.527090, -0.054767
0.307964, 0.118306, 0.243411, 0.092886
0.308158, 0.288355, 0.239188, 0.223614
0.308197, 0.538151, 0.230659, 0.409229
0.308222, 0.833158, -0.524947, -0.121855
0.308322, 0.479491, 0.233036, 0.366363
0.308325, 0.911913, -0.526594, -0.064472
0.308382, 0.000000, 0.244767, 0.000000
0.308429, 0.225861, 0.241238, 0.176034
0.308437, 0.716743, -0.514112, -0.199961
0.308570, 0.866360, -0.525445, -0.097697
0.308604, 0.175119, 0.242654, 0.136982
0.308641, 0.425675, 0.235246, 0.326684
0.308777, 0.369786, 0.237230, 0.285041
0.308778, 0.467146, 0.233839, 0.357275
0.308831, 0.525043, 0.231662, 0.399678
0.308843, 0.188461, 0.242526, 0.147286
0.308986, 0.969151, -0.526728, -0.022598
0.309070, 0.161331, 0.243340, 0.126308
0.309221, 0.019762, 0.245435, 0.015560
0.309410, 0.201689, 0.242661, 0.157484
0.309829, 0.764021, -0.521305, -0.171871
0.309869, 0.147060, 0.244250, 0.115217
0.310069, 0.214459, 0.242858, 0.167300
0.310101, 0.455889, 0.235255, 0.348963
0.310138, 0.684003, 0.106406, 0.391585
0.310318, 0.336156, 0.239403, 0.259684
0.310492, 0.053106, 0.246123, 0.041763
0.310511, 0.513014, 0.233388, 0.390852
0.310674, 0.576415, 0.230887, 0.436877
0.310806, 0.324038, 0.240160, 0.250554
0.311093, 0.132690, 0.245437, 0.104009
0.311301, 0.889012, -0.523972, -0.081236
0.311340, 0.704159, -0.491994, -0.190165
0.311401, 0.742562, -0.519317, -0.187345
0.311485, 0.312031, 0.241102, 0.241534
0.311520, 0.445371, 0.236653, 0.341087
0.311701, 0.589414, 0.231052, 0.446178
0.311800, 1.000000, -0.524915, 0.000000
0.312197, 0.602678, 0.230734, 0.455520
0.312311, 0.085725, 0.247088, 0.067314
0.312554, 0.854949, -0.522341, -0.106101
0.312788, 0.672506, 0.226093, 0.502807
0.312876, 0.392433, 0.239575, 0.301837
0.313081, 0.979954, -0.523878, -0.014699
0.313128, 0.821146, -0.521062, -0.130711
0.313367, 0.946117, -0.523320, -0.039498
0.313411, 0.243997, 0.244455, 0.189731
0.313662, 0.414199, 0.239374, 0.317950
0.313779, 0.775323, -0.519064, -0.163914
0.313875, 0.097125, 0.248132, 0.076216
0.314065, 0.798307, -0.519520, -0.147267
0.314287, 0.500417, 0.236689, 0.381525
0.314537, 0.031108, 0.249381, 0.024460
0.314719, 0.256296, 0.245147, 0.199113
0.314871, 0.064938, 0.249281, 0.051000
0.315342, 0.359521, 0.242456, 0.277083
0.315757, 0.009950, 0.250350, 0.007824
0.315814, 0.346788, 0.243257, 0.267553
0.316004, 0.877027, -0.520420, -0.090083
0.316300, 0.900481, -0.520663, -0.072949
0.316350, 0.843427, -0.519407, -0.114600
0.316452, 0.661223, 0.215349, 0.481057
0.316538, 0.268175, 0.246200, 0.208121
0.316654, 0.487753, 0.238915, 0.372122
0.316693, 0.637747, 0.232006, 0.480025
0.316736, 0.435883, 0.240927, 0.333941
0.316905, 0.624826, 0.233010, 0.471053
0.316997, 0.380442, 0.243039, 0.292711
0.317285, 0.109482, 0.250580, 0.085834
0.317292, 0.546051, 0.236992, 0.414543
0.317412, 0.300669, 0.245935, 0.232777
0.317434, 0.753384, -0.515578, -0.179869
0.317602, 0.733876, -0.514523, -0.193885
0.317681, 0.558719, 0.236748, 0.423725
0.317924, 0.722216, -0.512494, -0.201087
0.317936, 0.810076, -0.517280, -0.138891
0.317969, 0.233472, 0.248199, 0.181567
0.318349, 0.921382, -0.519483, -0.057675
0.318382, 0.612943, 0.234728, 0.462587
0.318404, 0.402638, 0.243324, 0.309189
0.318493, 0.648836, 0.230993, 0.486018
0.318972, 0.042697, 0.252629, 0.033532
0.318987, 0.169484, 0.250648, 0.132394
0.319005, 0.958145, -0.519287, -0.030719
0.319008, 0.279605, 0.247723, 0.216721
0.319165, 0.533215, 0.238924, 0.405176
0.319297, 0.474198, 0.241384, 0.362053
0.319408, 0.990222, -0.519361, -0.007181
0.319468, 0.182614, 0.250716, 0.142527
0.319513, 0.933671, -0.518843, -0.048683
0.319556, 0.694498, -0.525064, -0.237161
0.319579, 0.155838, 0.251385, 0.121814
0.319620, 0.121649, 0.252048, 0.095244
0.319860, 0.195776, 0.250696, 0.152662
0.319917, 0.787394, -0.515059, -0.155390
0.320304, 0.076270, 0.253261, 0.059821
0.320420, 0.709205, -0.504571, -0.205056
0.320625, 0.290124, 0.248630, 0.224649
0.320750, 0.209192, 0.251066, 0.162975
0.320826, 0.333455, 0.247453, 0.257368
0.320851, 0.831786, -0.515891, -0.123201
0.320852, 0.521182, 0.240682, 0.396381
0.320924, 0.142911, 0.252624, 0.111742
0.320987, 0.461392, 0.243160, 0.352622
0.321100, 0.865353, -0.516465, -0.098706
0.321245, 0.424958, 0.244675, 0.325674
0.321416, 0.569412, 0.239029, 0.431330
0.321974, 0.368963, 0.247188, 0.283997
0.322131, 0.969762, -0.517247, -0.022214
0.322156, 0.582082, 0.238988, 0.440411
0.322174, 0.222524, 0.251748, 0.173130
0.322279, 0.320945, 0.248931, 0.247888
0.322294, 0.765672, -0.512583, -0.171194
0.322300, 0.682139, -0.289903, -0.015595
0.322457, 0.910683, -0.516429, -0.065575
0.322620, 0.000000, 0.255575, 0.000000
0.322627, 0.020842, 0.255573, 0.016367
0.322891, 0.509032, 0.242695, 0.387460
0.322902, 0.594930, 0.238915, 0.449575
0.323050, 0.887924, -0.515583, -0.082250
0.323150, 0.054501, 0.255659, 0.042752
0.323211, 0.448693, 0.245335, 0.343244
0.324051, 0.246988, 0.252496, 0.191780
0.324124, 0.088699, 0.256006, 0.069497
0.324155, 0.132524, 0.255278, 0.103623
0.325132, 0.853673, -0.513318, -0.107330
0.325261, 0.946083, -0.514879, -0.039633
0.325267, 0.309474, 0.251584, 0.239183
0.325455, 0.669935, 0.067127, 0.329932
0.325745, 0.799327, -0.511252, -0.146918
0.325882, 0.496157, 0.245413, 0.377912
0.325899, 0.355375, 0.250548, 0.273649
0.325958, 0.390625, 0.249331, 0.299899
0.326078, 0.413826, 0.248689, 0.317252
0.326083, 0.743440, -0.508971, -0.187388
0.326162, 0.820894, -0.511684, -0.131262
0.326417, 0.259799, 0.253928, 0.201481
0.326493, 0.606156, 0.240925, 0.457343
0.326505, 0.631734, 0.238874, 0.474734
0.326597, 0.100976, 0.257693, 0.079042
0.326671, 1.000000, -0.514096, 0.000000
0.326821, 0.777891, -0.509863, -0.162537
0.327515, 0.980432, -0.513474, -0.014394
0.327539, 0.032226, 0.259185, 0.025273
0.327665, 0.066453, 0.258908, 0.052060
0.327751, 0.553616, 0.244281, 0.419485
0.328042, 0.343196, 0.252557, 0.264439
0.328045, 0.483121, 0.247524, 0.368264
0.328105, 0.657080, 0.225656, 0.479089
0.328499, 0.436437, 0.249680, 0.333923
0.328639, 0.729714, -0.506380, -0.197261
0.328653, 0.876061, -0.511329, -0.091040
0.328822, 0.841753, -0.510453, -0.116142
0.328873, 0.898314, -0.511622, -0.074740
0.328954, 0.272165, 0.255485, 0.210811
0.329068, 0.619769, 0.241871, 0.466629
0.329117, 0.541415, 0.245846, 0.410642
0.329121, 0.236220, 0.256603, 0.183404
0.329322, 0.163693, 0.258533, 0.127668
0.329356, 0.716501, -0.503928, -0.205467
0.329394, 0.378337, 0.252442, 0.290755
0.329557, 0.402360, 0.251653, 0.308555
0.329681, 0.644046, 0.237970, 0.480620
0.329710, 0.010591, 0.260923, 0.008306
0.329917, 0.702221, -0.506697, -0.219707
0.330029, 0.756049, -0.506755, -0.178468
0.330128, 0.922605, -0.511019, -0.056920
0.330191, 0.176433, 0.258953, 0.137508
0.330287, 0.810664, -0.508422, -0.138831
0.330331, 0.297459, 0.255775, 0.229951
0.330442, 0.113058, 0.260438, 0.088404
0.330618, 0.189237, 0.258979, 0.147366
0.330714, 0.958656, -0.510943, -0.030424
0.330756, 0.470315, 0.250067, 0.358805
0.330919, 0.150190, 0.259974, 0.117165
0.330972, 0.202024, 0.258918, 0.157181
0.331181, 0.529833, 0.247910, 0.402230
0.331632, 0.043998, 0.262165, 0.034468
0.332008, 0.330710, 0.255972, 0.254959
0.332245, 0.935153, -0.509823, -0.047737
0.332266, 0.215119, 0.259568, 0.167198
0.332381, 0.284625, 0.257658, 0.220128
0.332394, 0.690069, -0.480552, -0.205008
0.332674, 0.790143, -0.506037, -0.153831
0.332677, 0.079011, 0.262591, 0.061830
0.332696, 0.517509, 0.249552, 0.393206
0.332739, 0.124266, 0.261869, 0.097042
0.332747, 0.563257, 0.247569, 0.426358
0.332895, 0.457933, 0.252145, 0.349628
0.333061, 0.575485, 0.247217, 0.435131
0.333383, 0.364852, 0.255850, 0.280494
0.333447, 0.424230, 0.253800, 0.324682
0.333645, 0.864521, -0.507461, -0.099587
0.333677, 0.587880, 0.247050, 0.443965
0.334062, 0.829605, -0.506363, -0.125149
0.334311, 0.990254, -0.508576, -0.007179
0.334533, 0.908669, -0.507767, -0.067230
0.334646, 0.318660, 0.258353, 0.245811
0.334688, 0.504896, 0.251549, 0.383926
0.334690, 0.768721, -0.503878, -0.169462
0.334739, 0.678240, -0.493350, -0.229142
0.334922, 0.249618, 0.260667, 0.193508
0.334993, 0.138638, 0.263373, 0.108180
0.335515, 0.227383, 0.261642, 0.176462
0.335570, 0.886591, -0.506591, -0.083455
0.335592, 0.056436, 0.265000, 0.044161
0.335631, 0.970114, -0.507563, -0.022020
0.335810, 0.091513, 0.264749, 0.071532
0.336090, 0.021788, 0.265721, 0.017065
0.336185, 0.599377, 0.248271, 0.452027
0.336220, 0.446448, 0.255037, 0.341007
0.336431, 0.000000, 0.266027, 0.000000
0.336922, 0.632884, 0.240062, 0.468677
0.337219, 0.491799, 0.253951, 0.374238
0.337353, 0.665524, -0.238366, 0.011808
0.337363, 0.852869, -0.504523, -0.108204
0.337442, 0.947840, -0.506118, -0.038441
0.337504, 0.352076, 0.259349, 0.270766
0.337907, 0.736722, -0.500244, -0.192717
0.338143, 0.261875, 0.262720, 0.202728
0.338282, 0.611458, 0.248987, 0.460321
0.338288, 0.802719, -0.502389, -0.144852
0.338295, 0.307039, 0.261475, 0.236940
0.338462, 0.411784, 0.257960, 0.315229
0.338587, 0.386300, 0.259021, 0.296339
0.338934, 0.397847, 0.258830, 0.304874
0.339070, 0.549536, 0.252743, 0.416034
0.339134, 0.748197, -0.499942, -0.184510
0.339249, 0.104047, 0.267177, 0.081248
0.339335, 0.723144, -0.498310, -0.202284
0.339473, 0.652705, 0.194537, 0.434336
0.339660, 0.709764, -0.498298, -0.212743
0.339682, 0.781015, -0.500760, -0.160718
0.339811, 0.068853, 0.268011, 0.053811
0.339874, 0.159041, 0.266554, 0.123832
0.339911, 0.479264, 0.256482, 0.364995
0.340221, 0.817180, -0.501467, -0.134365
0.340318, 0.033363, 0.268792, 0.026098
0.340515, 0.340502, 0.262032, 0.262026
0.340582, 0.840991, -0.501980, -0.116991
0.340732, 0.273840, 0.264295, 0.211721
0.340771, 0.623360, 0.248788, 0.467246
0.340849, 0.373724, 0.261130, 0.286856
0.340924, 0.435184, 0.258950, 0.332493
0.341185, 0.170643, 0.267375, 0.132795
0.341462, 0.240051, 0.265844, 0.186018
0.341481, 1.000000, -0.503395, 0.000000
0.341634, 0.182873, 0.267441, 0.142209
0.341657, 0.875213, -0.501963, -0.091916
0.341664, 0.916703, -0.502595, -0.061402
0.341861, 0.897077, -0.502230, -0.075854
0.342019, 0.538683, 0.255471, 0.408184
0.342059, 0.980272, -0.502966, -0.014556
0.342118, 0.195137, 0.267496, 0.151618
0.342202, 0.295266, 0.264756, 0.227904
0.342280, 0.207387, 0.267263, 0.160985
0.342371, 0.697419, -0.491996, -0.218031
0.342480, 0.526508, 0.256332, 0.399298
0.342597, 0.466670, 0.258976, 0.355643
0.342779, 0.760364, -0.497775, -0.175824
0.342793, 0.128356, 0.269404, 0.100053
0.343008, 0.642014, 0.216085, 0.446423
0.343095, 0.927463, -0.501727, -0.053496
0.343263, 0.011237, 0.271142, 0.008790
0.343451, 0.959673, -0.501816, -0.029758
0.343610, 0.327969, 0.264765, 0.252508
0.343641, 0.046546, 0.271133, 0.036374
0.344149, 0.513585, 0.258124, 0.389829
0.344172, 0.148910, 0.270072, 0.115947
0.344428, 0.116165, 0.270867, 0.090577
0.344434, 0.569634, 0.255779, 0.430403
0.344501, 0.558210, 0.256324, 0.422085
0.344651, 0.581848, 0.255329, 0.439151
0.344748, 0.220002, 0.268799, 0.170580
0.345143, 0.081365, 0.271933, 0.063517
0.345191, 0.285200, 0.267289, 0.220178
0.345212, 0.793255, -0.497178, -0.151982
0.345236, 0.424165, 0.262550, 0.324150
0.345247, 0.938488, -0.500418, -0.045403
0.345547, 0.360910, 0.265030, 0.277055
0.345573, 0.685222, -0.492428, -0.230319
0.345751, 0.454887, 0.261778, 0.346847
0.345936, 0.828732, -0.497813, -0.126105
0.346068, 0.500533, 0.260090, 0.380221
0.346253, 0.863859, -0.498385, -0.100341
0.346433, 0.593838, 0.255970, 0.447584
0.346494, 0.673453, -0.459255, -0.207197
0.347037, 0.252170, 0.269737, 0.195120
0.347184, 0.315440, 0.267860, 0.242968
0.347331, 0.093217, 0.273330, 0.072690
0.347466, 0.772589, -0.494872, -0.167115
0.348008, 0.058824, 0.274298, 0.045917
0.348463, 0.885872, -0.497344, -0.084219
0.348536, 0.138203, 0.273556, 0.107579
0.348597, 0.906312, -0.497483, -0.069153
0.348626, 0.605922, 0.256704, 0.455858
0.348780, 0.659661, -0.454721, -0.216227
0.348812, 0.730157, -0.492111, -0.197861
0.348972, 0.232129, 0.271643, 0.179723
0.349030, 0.990131, -0.497943, -0.007293
0.349088, 0.806679, -0.494860, -0.142313
0.349155, 0.488151, 0.262931, 0.371107
0.349398, 0.852350, -0.495823, -0.108854
0.349472, 0.403495, 0.266449, 0.308637
0.349607, 0.022863, 0.275730, 0.017848
0.349726, 0.443705, 0.265151, 0.338431
0.349797, 0.970025, -0.497323, -0.022150
0.349860, 0.000000, 0.276089, 0.000000
0.350067, 0.716788, -0.490785, -0.207718
0.350175, 0.414535, 0.266572, 0.316813
0.350187, 0.264388, 0.271726, 0.204296
0.350330, 0.350235, 0.269080, 0.269008
0.350418, 0.391781, 0.267649, 0.299977
0.350467, 0.618583, 0.255942, 0.463283
0.350583, 0.741565, -0.491358, -0.189727
0.350601, 0.632439, 0.246378, 0.463900
0.350638, 0.949762, -0.496576, -0.037125
0.350846, 0.380541, 0.268362, 0.291581
0.351334, 0.303116, 0.271353, 0.233529
0.351453, 0.161732, 0.275269, 0.125692
0.351580, 0.037162, 0.277113, 0.028997
0.351600, 0.105624, 0.276395, 0.082278
0.351723, 0.475332, 0.265350, 0.361597
0.351820, 0.070995, 0.276971, 0.055350
0.351845, 0.840411, -0.493832, -0.117688
0.351893, 0.752746, -0.490973, -0.181706
0.352080, 0.705447, -0.488270, -0.215449
0.352216, 0.337954, 0.270886, 0.259719
0.352456, 0.175179, 0.275741, 0.136032
0.352639, 0.368829, 0.270088, 0.282753
0.352799, 0.784342, -0.491472, -0.158740
0.352937, 0.647261, -0.111448, 0.113023
0.352979, 0.547966, 0.263045, 0.414389
0.353035, 0.277002, 0.273423, 0.213728
0.353198, 0.817931, -0.492289, -0.134212
0.353231, 0.522666, 0.264374, 0.396014
0.353271, 0.187725, 0.276058, 0.145654
0.353351, 0.535328, 0.263912, 0.405238
0.353720, 0.211637, 0.275698, 0.163910
0.353821, 0.199843, 0.276148, 0.154920
0.353873, 0.917692, -0.493730, -0.060819
0.354274, 0.432662, 0.268946, 0.330089
0.354614, 0.126103, 0.278388, 0.098123
0.354767, 0.692901, -0.486357, -0.225203
0.354905, 0.874333, -0.492409, -0.092819
0.355009, 0.325388, 0.273378, 0.250173
0.355150, 0.463168, 0.268395, 0.352545
0.355197, 0.508987, 0.266399, 0.385934
0.355306, 0.243193, 0.276200, 0.188046
0.355388, 0.574396, 0.263453, 0.433214
0.355563, 0.560886, 0.264248, 0.423495
0.355666, 0.764674, -0.488666, -0.173157
0.355869, 0.896060, -0.492143, -0.076830
0.355996, 0.929157, -0.492382, -0.052384
0.356137, 1.000000, -0.492808, 0.000000
0.356187, 0.291553, 0.275453, 0.224725
0.356333, 0.049243, 0.280619, 0.038385
0.356393, 0.011137, 0.280920, 0.008685
0.356451, 0.148832, 0.279254, 0.115619
0.356557, 0.980080, -0.492485, -0.014742
0.356622, 0.587179, 0.263637, 0.442248
0.356741, 0.669302, -0.477537, -0.236275
0.357196, 0.224540, 0.278022, 0.173708
0.357263, 0.797132, -0.488711, -0.149549
0.357434, 0.959591, -0.491707, -0.029903
0.357999, 0.939656, -0.491118, -0.044652
0.358225, 0.082994, 0.281661, 0.064613
0.358247, 0.094478, 0.281561, 0.073538
0.358297, 0.828876, -0.488890, -0.126317
0.358318, 0.497237, 0.269268, 0.377322
0.358800, 0.115172, 0.281667, 0.089573
0.358867, 0.680463, -0.479922, -0.231512
0.358928, 0.599043, 0.264210, 0.450109
0.358934, 0.863142, -0.489214, -0.101130
0.359075, 0.451591, 0.271769, 0.343871
0.359213, 0.422165, 0.273041, 0.322161
0.359249, 0.724203, -0.484456, -0.202679
0.359394, 0.312947, 0.277022, 0.240626
0.359624, 0.254841, 0.279101, 0.196775
0.359815, 0.029891, 0.283374, 0.023293
0.360149, 0.359661, 0.276058, 0.275677
0.360285, 0.611786, 0.262367, 0.456871
0.360572, 0.484020, 0.271479, 0.367541
0.360704, 0.137502, 0.282638, 0.106787
0.360735, 0.060833, 0.283797, 0.047364
0.360944, 0.775595, -0.485326, -0.165400
0.360984, 0.624787, 0.250568, 0.454009
0.361113, 0.658164, -0.474845, -0.245612
0.361151, 0.851374, -0.487298, -0.109829
0.361289, 0.884524, -0.488088, -0.085439
0.361374, 0.409679, 0.275111, 0.312817
0.361378, 0.397853, 0.275588, 0.304078
0.361439, 0.637487, -0.045630, 0.164850
0.361599, 0.907821, -0.488169, -0.068230
0.361659, 0.735210, -0.483169, -0.194781
0.361773, 0.267655, 0.280310, 0.206417
0.361867, 0.347147, 0.277810, 0.266293
0.362144, 0.808971, -0.485556, -0.141025
0.362145, 0.385658, 0.276620, 0.294996
0.362731, 0.373402, 0.277518, 0.285863
0.362854, 0.158202, 0.283901, 0.122727
0.362859, 0.169914, 0.283673, 0.131749
0.363156, 0.839906, -0.485589, -0.118316
0.363326, 0.280977, 0.281025, 0.216422
0.363331, 0.000000, 0.286094, 0.000000
0.363358, 0.517341, 0.272000, 0.391636
0.363413, 0.440480, 0.275418, 0.335499
0.363413, 0.702536, -0.480548, -0.218539
0.363480, 0.235070, 0.282540, 0.181617
0.363526, 0.746544, -0.482278, -0.186622
0.363556, 0.714030, -0.480814, -0.210161
0.363611, 0.990002, -0.487397, -0.007410
0.363632, 0.072187, 0.285834, 0.056158
0.363786, 0.334587, 0.279649, 0.256791
0.364007, 0.969792, -0.487041, -0.022387
0.364065, 0.471648, 0.274608, 0.358372
0.364313, 0.757100, -0.482167, -0.178986
0.364457, 0.182001, 0.284617, 0.141008
0.364471, 0.529728, 0.272283, 0.400639
0.364472, 0.019974, 0.286906, 0.015553
0.364516, 0.948388, -0.486501, -0.038245
0.364524, 0.302942, 0.281294, 0.233014
0.364616, 0.215459, 0.283832, 0.166578
0.364666, 0.541911, 0.271836, 0.409434
0.364948, 0.103482, 0.286481, 0.080430
0.365018, 0.041306, 0.287230, 0.032154
0.365299, 0.567434, 0.270898, 0.427595
0.365303, 0.787977, -0.482644, -0.156504
0.365433, 0.193422, 0.285038, 0.149721
0.365646, 0.648360, -0.454161, -0.236297
0.365921, 0.204508, 0.285115, 0.158186
0.365955, 0.921515, -0.485140, -0.058152
0.365970, 0.553858, 0.272121, 0.417866
0.366445, 0.581018, 0.271135, 0.437392
0.366484, 0.321980, 0.282031, 0.247185
0.366799, 0.820337, -0.482529, -0.132815
0.366806, 0.689845, -0.477196, -0.227545
0.367462, 0.125174, 0.287880, 0.097130
0.368079, 0.459645, 0.278088, 0.349414
0.368180, 0.506441, 0.276022, 0.383481
0.368232, 0.429728, 0.279443, 0.327405
0.368261, 0.668805, -0.474452, -0.242203
0.368707, 0.896786, -0.482962, -0.076506
0.368717, 0.872060, -0.482426, -0.094765
0.369082, 0.492857, 0.277318, 0.373579
0.369325, 0.292449, 0.285199, 0.224929
0.369515, 0.246089, 0.286702, 0.189795
0.369580, 0.934363, -0.482647, -0.048676
0.369678, 0.592540, 0.272430, 0.445010
0.369783, 0.090841, 0.290344, 0.070589
0.369797, 0.766658, -0.478541, -0.172198
0.369858, 0.053087, 0.290770, 0.041281
0.370246, 0.605301, 0.266771, 0.448528
0.370311, 0.148988, 0.289663, 0.115475
0.370335, 0.800072, -0.479413, -0.147801
0.370643, 1.000000, -0.482309, 0.000000
0.370811, 0.010204, 0.291695, 0.007937
0.370876, 0.224804, 0.288327, 0.173568
0.370891, 0.958767, -0.481982, -0.030597
0.370967, 0.979825, -0.482053, -0.014974
0.371142, 0.417449, 0.282081, 0.318209
0.371173, 0.858943, -0.480315, -0.104486
0.371259, 0.726237, -0.475954, -0.201709
0.371278, 0.258945, 0.287653, 0.199503
0.371468, 0.832073, -0.479410, -0.124290
0.371470, 0.137019, 0.290747, 0.106227
0.371593, 0.618088, 0.242016, 0.431414
0.371864, 0.112227, 0.291457, 0.087072
0.371999, 0.354724, 0.285092, 0.271585
0.372022, 0.631003, -0.233828, -0.036186
0.372107, 0.366717, 0.284708, 0.280496
0.372263, 0.884566, -0.480050, -0.085582
0.372368, 0.079121, 0.292404, 0.061465
0.372447, 0.030894, 0.292901, 0.024022
0.372561, 0.404736, 0.283642, 0.308758
0.372645, 0.448086, 0.281947, 0.340734
0.372674, 0.480477, 0.280542, 0.364430
0.372777, 0.679342, -0.472488, -0.235462
0.372857, 0.910937, -0.480063, -0.066076
0.372881, 0.392398, 0.284360, 0.299604
0.373028, 0.271444, 0.288561, 0.208896
0.373194, 0.845912, -0.478468, -0.114125
0.373295, 0.342034, 0.286502, 0.262048
0.373345, 0.778482, -0.476552, -0.163722
0.373391, 0.379822, 0.285228, 0.290255
0.373516, 0.740088, -0.475013, -0.191768
0.373670, 0.162755, 0.291974, 0.126030
0.373785, 0.313376, 0.287820, 0.240513
0.373915, 0.519823, 0.279605, 0.392951
0.373990, 0.065503, 0.293649, 0.050870
0.374061, 0.699942, -0.472734, -0.220852
0.374576, 0.657330, -0.468383, -0.249807
0.374649, 0.175749, 0.292367, 0.135962
0.374841, 0.642803, -0.462175, -0.255293
0.375027, 0.712093, -0.472654, -0.212132
0.375055, 0.328642, 0.288286, 0.251960
0.375220, 0.282646, 0.289881, 0.217314
0.375550, 0.811971, -0.475992, -0.139208
0.375610, 0.575890, 0.277256, 0.432444
0.375963, 0.754063, -0.473671, -0.181627
0.376026, 0.532331, 0.280529, 0.401885
0.376194, 0.564315, 0.278809, 0.424657
0.376215, 0.946115, -0.478118, -0.040032
0.376548, 0.212966, 0.292944, 0.164421
0.376586, 0.468257, 0.283973, 0.355340
0.376732, 0.543136, 0.280499, 0.409640
0.376855, 0.234083, 0.292556, 0.180471
0.376914, 0.188749, 0.293837, 0.145908
0.377209, 0.000000, 0.296529, 0.000000
0.377409, 0.437240, 0.285937, 0.332576
0.377538, 0.301549, 0.291043, 0.231518
0.377734, 0.042378, 0.296756, 0.032912
0.377806, 0.200410, 0.294210, 0.154801
0.377911, 0.100656, 0.296271, 0.078073
0.377948, 0.969195, -0.476955, -0.022895
0.377994, 0.790693, -0.473592, -0.154916
0.378063, 0.989793, -0.476930, -0.007586
0.378085, 0.923105, -0.476440, -0.057119
0.378218, 0.553890, 0.281018, 0.417294
0.378353, 0.500452, 0.283751, 0.378662
0.378522, 0.020931, 0.297472, 0.016258
0.379097, 0.120034, 0.296758, 0.092992
0.379914, 0.901423, -0.474805, -0.073223
0.379929, 0.823985, -0.473151, -0.130479
0.380076, 0.689290, -0.467944, -0.228833
0.380482, 0.586432, 0.277503, 0.437012
0.380697, 0.425215, 0.288860, 0.323575
0.380736, 0.668941, -0.466371, -0.243456
0.380814, 0.599670, 0.280248, 0.449429
0.380959, 0.130991, 0.297998, 0.101422
0.381090, 0.456195, 0.287825, 0.346318
0.381195, 0.864710, -0.473220, -0.100436
0.381199, 0.511361, 0.285356, 0.386505
0.381341, 0.767414, -0.470355, -0.172081
0.381426, 0.489272, 0.286526, 0.370391
0.381489, 0.876888, -0.473271, -0.091433
0.381622, 0.253960, 0.295575, 0.195439
0.381762, 0.721644, -0.468192, -0.205467
0.382041, 0.611303, 0.148118, 0.323630
0.382131, 0.087741, 0.299620, 0.068031
0.382275, 0.143567, 0.298775, 0.111089
0.382278, 0.890485, -0.472860, -0.081359
0.382294, 0.053637, 0.300030, 0.041606
0.382330, 0.242650, 0.296446, 0.186847
0.382484, 0.837354, -0.471627, -0.120675
0.382555, 0.412368, 0.290756, 0.314015
0.382590, 0.155388, 0.298753, 0.120162
0.382629, 0.624511, -0.396845, -0.211431
0.382742, 0.934796, -0.473248, -0.048494
0.382849, 0.851527, -0.471671, -0.110206
0.383260, 0.733166, -0.467695, -0.197179
0.383324, 0.803025, -0.470143, -0.146018
0.383362, 0.266160, 0.296495, 0.204615
0.383387, 0.361684, 0.293321, 0.276362
0.383433, 0.349415, 0.293811, 0.267217
0.383601, 0.957717, -0.472821, -0.031461
0.383655, 0.373920, 0.293044, 0.285441
0.383658, 0.399479, 0.292089, 0.304439
0.383784, 0.290634, 0.296125, 0.223139
0.383815, 0.222929, 0.298162, 0.171847
0.383955, 0.322146, 0.295091, 0.246734
0.383968, 0.336447, 0.294691, 0.257520
0.384039, 0.386810, 0.292870, 0.295036
0.384436, 0.075845, 0.301452, 0.058796
0.384513, 0.649274, -0.462497, -0.257696
0.384624, 0.010853, 0.302051, 0.008421
0.384670, 0.168622, 0.300086, 0.130300
0.384780, 0.635640, -0.441499, -0.247707
0.384868, 0.745507, -0.467093, -0.188261
0.384872, 0.702262, -0.465099, -0.219672
0.384952, 1.000000, -0.471937, 0.000000
0.384962, 0.477325, 0.289692, 0.361554
0.385059, 0.780123, -0.468206, -0.162918
0.385190, 0.979239, -0.471746, -0.015453
0.385452, 0.032601, 0.302649, 0.025291
0.385478, 0.524433, 0.287851, 0.395786
0.385531, 0.064200, 0.302349, 0.049762
0.385870, 0.278015, 0.298050, 0.213530
0.385879, 0.911838, -0.470637, -0.065575
0.385942, 0.181881, 0.300658, 0.140394
0.386240, 0.109962, 0.302205, 0.085099
0.386510, 0.310267, 0.297401, 0.237735
0.386650, 0.444876, 0.292457, 0.337825
0.386682, 0.573955, 0.283663, 0.428792
0.386753, 0.679040, -0.462751, -0.236603
0.387548, 0.208998, 0.301284, 0.161114
0.387890, 0.659678, -0.460735, -0.250439
0.388382, 0.758010, -0.464962, -0.179218
0.388503, 0.562274, 0.287931, 0.422675
0.388598, 0.815733, -0.466702, -0.136804
0.388667, 0.946399, -0.469074, -0.039918
0.388904, 0.548445, 0.288920, 0.412677
0.389042, 0.465163, 0.293236, 0.352482
0.389079, 0.536326, 0.289791, 0.404093
0.389137, 0.712951, -0.462587, -0.212126
0.389641, 0.195748, 0.303213, 0.150965
0.389913, 0.096038, 0.305289, 0.074335
0.390057, 0.500505, 0.292296, 0.378137
0.390129, 0.792935, -0.464892, -0.153638
0.390264, 0.433062, 0.295606, 0.328962
0.390316, 0.594654, 0.247621, 0.405429
0.390564, 0.000000, 0.306555, 0.000000
0.390681, 0.923763, -0.467305, -0.056772
0.390871, 0.299222, 0.301099, 0.229349
0.390928, 0.044581, 0.306631, 0.034541
0.390940, 0.122593, 0.305634, 0.094793
0.391166, 0.232873, 0.303352, 0.179189
0.391745, 0.968278, -0.466968, -0.023642
0.391795, 0.828675, -0.464738, -0.127330
0.391814, 0.692144, -0.459736, -0.227357
0.392067, 0.618582, -0.425377, -0.250876
0.392072, 0.022564, 0.307615, 0.017486
0.392229, 0.420042, 0.297601, 0.319287
0.392252, 0.989310, -0.466646, -0.007967
0.392319, 0.884482, -0.465559, -0.085991
0.392443, 0.870720, -0.465193, -0.096203
0.392452, 0.513783, 0.293384, 0.387631
0.392492, 0.899212, -0.465661, -0.075050
0.392533, 0.135448, 0.306591, 0.104655
0.392632, 0.843076, -0.464456, -0.116691
0.392699, 0.857324, -0.464703, -0.106133
0.392757, 0.488062, 0.294893, 0.369003
0.392966, 0.246942, 0.304301, 0.189817
0.393497, 0.259911, 0.304250, 0.199581
0.393686, 0.583532, 0.277556, 0.424480
0.393726, 0.330823, 0.302065, 0.252891
0.393735, 0.406925, 0.299255, 0.309545
0.393745, 0.148184, 0.307282, 0.114425
0.393851, 0.770507, -0.461439, -0.170236
0.393917, 0.725027, -0.459596, -0.203499
0.394098, 0.606515, -0.103977, 0.058258
0.394120, 0.643188, -0.452288, -0.259554
0.394297, 0.453733, 0.297660, 0.343943
0.394309, 0.160627, 0.307412, 0.123945
0.394363, 0.343809, 0.302158, 0.262645
0.394571, 0.356225, 0.301853, 0.271895
0.394649, 0.393927, 0.300455, 0.299893
0.394736, 0.368565, 0.301503, 0.281065
0.394776, 0.381064, 0.301037, 0.290334
0.394874, 0.668738, -0.456436, -0.244455
0.394970, 0.218736, 0.306610, 0.168356
0.395238, 0.083563, 0.309376, 0.064633
0.395342, 0.736747, -0.459155, -0.195040
0.395480, 0.806342, -0.461446, -0.143921
0.395699, 0.173550, 0.308197, 0.133823
0.395845, 0.934903, -0.463707, -0.048536
0.395868, 0.272331, 0.305696, 0.208931
0.395873, 0.056733, 0.310281, 0.043918
0.396082, 0.069442, 0.310186, 0.053719
0.396116, 0.318535, 0.304240, 0.243580
0.396247, 0.285562, 0.305480, 0.218838
0.396297, 0.630278, -0.449069, -0.268077
0.396587, 0.186547, 0.308524, 0.143723
0.396622, 0.748578, -0.458722, -0.186444
0.396706, 0.475497, 0.298323, 0.359601
0.396810, 0.957296, -0.463173, -0.031852
0.396820, 0.782038, -0.459762, -0.161882
0.397075, 0.105150, 0.310481, 0.081259
0.397507, 0.011981, 0.311677, 0.009276
0.397534, 0.703668, -0.456154, -0.219244
0.397571, 0.524692, 0.296522, 0.395221
0.397654, 0.913035, -0.462156, -0.064845
0.398150, 0.557135, 0.294404, 0.417670
0.398353, 0.682602, -0.454642, -0.234599
0.398411, 0.034663, 0.312321, 0.026828
0.398654, 0.654435, -0.452687, -0.254707
0.398790, 0.205202, 0.309727, 0.157909
0.398829, 0.571598, 0.295228, 0.429062
0.398917, 1.000000, -0.461825, 0.000000
0.399256, 0.978161, -0.461537, -0.016300
0.399893, 0.441133, 0.302283, 0.334400
0.400029, 0.115827, 0.312539, 0.089441
0.400152, 0.308528, 0.307707, 0.236030
0.400702, 0.545071, 0.297131, 0.409142
0.400738, 0.944758, -0.460213, -0.041229
0.400767, 0.761260, -0.456118, -0.177261
0.401005, 0.506610, 0.299968, 0.382011
0.401160, 0.819618, -0.457792, -0.134287
0.401555, 0.465247, 0.302445, 0.352010
0.401572, 0.795125, -0.456659, -0.152358
0.401573, 0.595425, 0.059335, 0.207430
0.401598, 0.295939, 0.309185, 0.226513
0.401684, 0.427737, 0.304255, 0.324559
0.401725, 0.715598, -0.453688, -0.210741
0.401944, 0.534941, 0.299045, 0.402263
0.401984, 0.834552, -0.457512, -0.123232
0.402229, 0.240065, 0.311361, 0.184308
0.402481, 0.495666, 0.301600, 0.374023
0.402704, 0.849060, -0.457297, -0.112481
0.402770, 0.128104, 0.314409, 0.098844
0.402796, 0.890151, -0.458071, -0.081950
0.402921, 0.094662, 0.314973, 0.073099
0.402943, 0.876861, -0.457675, -0.091830
0.402948, 0.618178, -0.444340, -0.277861
0.402992, 0.863223, -0.457365, -0.101966
0.403117, 0.227597, 0.312354, 0.174817
0.403233, 0.000000, 0.315856, 0.000000
0.403442, 0.414357, 0.306121, 0.314631
0.403603, 0.253703, 0.312022, 0.194614
0.403633, 0.047612, 0.316129, 0.036810
0.403747, 0.926194, -0.457816, -0.055102
0.404050, 0.902752, -0.457341, -0.072584
0.404095, 0.140825, 0.315157, 0.108584
0.404399, 0.483560, 0.303580, 0.365125
0.404825, 0.694221, -0.450495, -0.226438
0.404826, 0.401132, 0.307691, 0.304811
0.404835, 0.337983, 0.310100, 0.257871
0.404852, 0.641284, -0.447194, -0.264104
0.404958, 0.325800, 0.310608, 0.248746
0.405000, 0.074489, 0.316807, 0.057531
0.405031, 0.193918, 0.314719, 0.149179
0.405096, 0.153655, 0.315657, 0.118402
0.405331, 0.024227, 0.317357, 0.018722
0.405522, 0.388110, 0.308728, 0.295144
0.405527, 0.674125, -0.449036, -0.241057
0.405611, 0.350402, 0.310272, 0.267149
0.405640, 0.583833, 0.292704, 0.429821
0.405756, 0.166422, 0.315858, 0.128151
0.405758, 0.453253, 0.306002, 0.342964
0.405798, 0.362727, 0.309944, 0.276315
0.405808, 0.375273, 0.309458, 0.285627
0.405902, 0.265959, 0.313367, 0.203806
0.405954, 0.989118, -0.456702, -0.008133
0.406067, 0.966722, -0.456598, -0.024872
0.406185, 0.727905, -0.450918, -0.201901
0.406450, 0.179749, 0.316114, 0.138336
0.406731, 0.516076, 0.303701, 0.388639
0.406998, 0.606892, -0.427457, -0.273067
0.407207, 0.563020, 0.296158, 0.416885
0.407239, 0.806447, -0.452975, -0.144182
0.407257, 0.662969, -0.447321, -0.249241
0.407266, 0.216015, 0.315744, 0.165904
0.407288, 0.278363, 0.313980, 0.213094
0.407321, 0.783682, -0.452080, -0.160955
0.407397, 0.739336, -0.450518, -0.193585
0.407593, 0.771918, -0.451569, -0.169656
0.407705, 0.751312, -0.450770, -0.184820
0.408103, 0.061307, 0.319362, 0.047351
0.408558, 0.952327, -0.454543, -0.035633
0.408970, 0.629451, -0.443756, -0.272972
0.409188, 0.085222, 0.319805, 0.065758
0.409355, 0.010724, 0.320365, 0.008279
0.409522, 0.915918, -0.453454, -0.062827
0.409550, 0.106806, 0.319832, 0.082375
0.409926, 0.706243, -0.447390, -0.217914
0.410464, 0.289414, 0.315971, 0.221298
0.410605, 0.551039, 0.301275, 0.410171
0.410725, 0.037342, 0.321468, 0.028838
0.410786, 0.937746, -0.452725, -0.046540
0.410924, 0.316434, 0.315437, 0.241579
0.411109, 0.527280, 0.306184, 0.396378
0.411118, 0.474936, 0.308947, 0.358577
0.411131, 0.205655, 0.318896, 0.157930
0.411167, 0.303538, 0.316094, 0.231931
0.411587, 0.651532, -0.443590, -0.257678
0.411743, 0.433472, 0.311374, 0.328297
0.411763, 0.684951, -0.445075, -0.233487
0.411959, 0.828191, -0.450164, -0.128202
0.411996, 0.573879, 0.278224, 0.403341
0.412291, 0.119362, 0.321658, 0.091974
0.412307, 0.445147, 0.311204, 0.336765
0.412643, 0.841658, -0.449942, -0.118205
0.412720, 1.000000, -0.451783, 0.000000
0.412770, 0.978104, -0.451718, -0.016386
0.412866, 0.247089, 0.319039, 0.189294
0.412898, 0.855799, -0.450032, -0.107688
0.413038, 0.503669, 0.308868, 0.379279
0.413067, 0.462374, 0.310961, 0.349321
0.413206, 0.420900, 0.313017, 0.319013
0.413292, 0.233852, 0.319711, 0.179250
0.413294, 0.595490, -0.382497, -0.242596
0.413375, 0.816056, -0.448770, -0.137225
0.413505, 0.490081, 0.309976, 0.369506
0.413542, 0.869468, -0.449807, -0.097519
0.413820, 0.793694, -0.447693, -0.153760
0.413900, 0.718921, -0.445062, -0.208813
0.414040, 0.760652, -0.446460, -0.178147
0.414050, 0.882373, -0.449689, -0.087916
0.414081, 0.132740, 0.322764, 0.102209
0.414436, 0.539163, 0.307540, 0.404327
0.414724, 0.894250, -0.449381, -0.079068
0.414764, 0.407908, 0.314730, 0.309387
0.414992, 0.617908, -0.438061, -0.280890
0.415355, 0.330532, 0.318245, 0.251979
0.415387, 0.146009, 0.323491, 0.112352
0.415523, 0.905908, -0.448927, -0.070371
0.415537, 0.050452, 0.324934, 0.038916
0.415812, 0.259406, 0.320944, 0.198558
0.415987, 0.394890, 0.316185, 0.299735
0.416021, 0.097062, 0.324811, 0.074801
0.416031, 0.072722, 0.325134, 0.056075
0.416132, 0.343454, 0.318308, 0.261559
0.416293, 0.185270, 0.323297, 0.142308
0.416296, 0.159060, 0.323905, 0.122316
0.416381, 0.381832, 0.317011, 0.290063
0.416384, 0.019500, 0.325617, 0.015041
0.416491, 0.000000, 0.325635, 0.000000
0.416625, 0.959511, -0.448663, -0.030309
0.416705, 0.172042, 0.323921, 0.132219
0.416772, 0.368750, 0.317827, 0.280356
0.416865, 0.356190, 0.318397, 0.271034
0.416972, 0.926577, -0.448198, -0.054953
0.417026, 0.222742, 0.322829, 0.170746
0.417125, 0.673553, -0.440692, -0.242026
0.417129, 0.639910, -0.438992, -0.266353
0.417710, 0.197035, 0.324006, 0.151206
0.417901, 0.696257, -0.441221, -0.225547
0.418016, 0.746295, -0.443112, -0.188870
0.418274, 0.271462, 0.322400, 0.207567
0.418448, 0.781201, -0.443923, -0.163126
0.418550, 0.562070, 0.276890, 0.387945
0.418588, 0.584730, -0.202565, -0.075426
0.418669, 0.732691, -0.442148, -0.198897
0.418777, 0.516482, 0.312305, 0.388179
0.419399, 0.802835, -0.443917, -0.147155
0.419565, 0.029712, 0.327961, 0.022903
0.419648, 0.989066, -0.446716, -0.008194
0.419793, 0.606592, -0.429508, -0.284887
0.419836, 0.661964, -0.438268, -0.250609
0.420193, 0.946829, -0.446079, -0.039836
0.420493, 0.296460, 0.323206, 0.226267
0.420683, 0.282696, 0.323815, 0.215933
0.420933, 0.454109, 0.317162, 0.342977
0.420991, 0.084925, 0.328558, 0.065386
0.421086, 0.969170, -0.445520, -0.023101
0.421283, 0.769922, -0.441572, -0.171569
0.421641, 0.211724, 0.326651, 0.162312
0.421679, 0.309858, 0.323682, 0.236305
0.421696, 0.110401, 0.328762, 0.084946
0.421798, 0.481547, 0.316388, 0.362831
0.421853, 0.708082, -0.438905, -0.217083
0.421887, 0.628591, -0.434936, -0.274723
0.421932, 0.062051, 0.329612, 0.047803
0.422446, 0.468669, 0.317562, 0.353514
0.422452, 0.550270, 0.308714, 0.407761
0.422689, 0.241032, 0.326512, 0.184425
0.422744, 0.848996, -0.442759, -0.112968
0.422857, 0.440431, 0.319189, 0.332869
0.422875, 0.915247, -0.443670, -0.063480
0.422939, 0.322381, 0.324128, 0.245591
0.423106, 0.527439, 0.314373, 0.395351
0.423335, 0.009512, 0.330788, 0.007328
0.423389, 0.124421, 0.329826, 0.095674
0.423390, 0.834899, -0.441976, -0.123479
0.423495, 0.427493, 0.320276, 0.323390
0.423544, 0.495030, 0.316971, 0.372518
0.423653, 0.862716, -0.442305, -0.102741
0.424057, 0.685230, -0.436299, -0.233866
0.424070, 0.040847, 0.331296, 0.031459
0.424316, 0.823273, -0.440930, -0.132125
0.424349, 0.573480, 0.010375, 0.124348
0.424401, 0.650519, -0.434437, -0.259140
0.424509, 0.507009, 0.316921, 0.380996
0.424661, 0.414775, 0.321703, 0.314003
0.424788, 0.876066, -0.441735, -0.092801
0.424791, 0.721090, -0.437265, -0.207646
0.425039, 0.811803, -0.440033, -0.140646
0.425094, 0.138154, 0.330866, 0.106161
0.425136, 0.935778, -0.442360, -0.048150
0.425276, 0.756634, -0.438253, -0.181518
0.425406, 0.252747, 0.328253, 0.193228
0.425852, 0.595564, -0.413185, -0.281850
0.426041, 0.889024, -0.441036, -0.083141
0.426145, 0.401757, 0.323374, 0.304369
0.426191, 0.336188, 0.326093, 0.255820
0.426466, 1.000000, -0.441749, 0.000000
0.426467, 0.901612, -0.440867, -0.073728
0.426585, 0.151636, 0.331732, 0.116444
0.426676, 0.791136, -0.438281, -0.156029
0.426842, 0.388321, 0.324450, 0.294421
0.426886, 0.230546, 0.329920, 0.176372
0.427008, 0.375107, 0.325115, 0.284643
0.427079, 0.539033, 0.315216, 0.402050
0.427338, 0.978981, -0.441031, -0.015771
0.427361, 0.349216, 0.326430, 0.265445
0.427408, 0.164643, 0.332070, 0.126353
0.427503, 0.177416, 0.331829, 0.136072
0.427537, 0.617254, -0.429826, -0.282769
0.427663, 0.097319, 0.333366, 0.074821
0.427993, 0.362073, 0.326407, 0.274979
0.427999, 0.202364, 0.331563, 0.155017
0.428160, 0.073850, 0.334122, 0.056818
0.428172, 0.189477, 0.332041, 0.145234
0.428508, 0.264350, 0.330242, 0.201902
0.428543, 0.743275, -0.435395, -0.191476
0.428611, 0.672910, -0.432457, -0.243057
0.428714, 0.052083, 0.334632, 0.040070
0.428737, 0.957129, -0.439801, -0.032165
0.429312, 0.019938, 0.335290, 0.015346
0.429725, 0.639154, -0.430001, -0.267620
0.430079, 0.561984, 0.264966, 0.366299
0.430230, 0.289816, 0.330622, 0.220938
0.430493, 0.000000, 0.336154, 0.000000
0.430565, 0.696924, -0.432189, -0.225638
0.430601, 0.924294, -0.438193, -0.056801
0.430761, 0.779642, -0.435002, -0.164680
0.430950, 0.219997, 0.333256, 0.168291
0.431228, 0.584340, -0.402608, -0.284149
0.431462, 0.461497, 0.324464, 0.347823
0.431496, 0.732120, -0.432823, -0.199790
0.431584, 0.302671, 0.331218, 0.230542
0.431785, 0.275788, 0.332211, 0.210339
0.431961, 0.448351, 0.325478, 0.338230
0.432328, 0.841842, -0.435635, -0.118511
0.432335, 0.661074, -0.429263, -0.251872
0.432576, 0.515931, 0.321816, 0.386537
0.432601, 0.475322, 0.324625, 0.357840
0.432670, 0.801015, -0.434213, -0.148873
0.432727, 0.086786, 0.337195, 0.066668
0.432756, 0.606200, -0.424025, -0.289572
0.432894, 0.709846, -0.430997, -0.216240
0.432978, 0.030496, 0.337924, 0.023450
0.433076, 0.488257, 0.324238, 0.367115
0.433080, 0.766514, -0.432975, -0.174499
0.433130, 0.315398, 0.331950, 0.240028
0.433161, 0.107257, 0.337353, 0.082375
0.433311, 0.434694, 0.327108, 0.328186
0.433445, 0.118840, 0.337382, 0.091236
0.433478, 0.855820, -0.434998, -0.108079
0.433600, 0.945686, -0.436298, -0.040794
0.433689, 0.989356, -0.436427, -0.007996
0.433993, 0.243061, 0.334929, 0.185672
0.434403, 0.550756, 0.307498, 0.397534
0.434448, 0.910866, -0.435184, -0.066904
0.434505, 0.328207, 0.332472, 0.249512
0.434591, 0.501750, 0.324574, 0.376743
0.434605, 0.527911, 0.319677, 0.392069
0.434659, 0.967626, -0.435641, -0.024323
0.434710, 0.627799, -0.425797, -0.276055
0.434913, 0.869246, -0.434212, -0.098073
0.434919, 0.131394, 0.338291, 0.100819
0.435161, 0.421297, 0.329096, 0.318301
0.435599, 0.826922, -0.432832, -0.129693
0.435731, 0.683849, -0.427840, -0.235403
0.435760, 0.814057, -0.432239, -0.139236
0.435966, 0.063291, 0.339887, 0.048617
0.436099, 0.408970, 0.330349, 0.309221
0.436229, 0.882694, -0.433500, -0.088038
0.436289, 0.144491, 0.339068, 0.110796
0.436655, 0.720913, -0.428620, -0.208215
0.436693, 0.395059, 0.331376, 0.298941
0.436769, 0.573068, -0.399589, -0.294620
0.436809, 0.209780, 0.337932, 0.160423
0.436823, 0.753064, -0.429784, -0.184561
0.437132, 0.010166, 0.341112, 0.007814
0.437200, 0.649744, -0.425193, -0.260335
0.437321, 0.040710, 0.341078, 0.031273
0.437400, 0.341870, 0.334161, 0.259622
0.437431, 0.896662, -0.432895, -0.077604
0.437439, 0.381210, 0.332509, 0.288690
0.437795, 0.254653, 0.337416, 0.194304
0.437976, 0.157855, 0.340097, 0.120969
0.438169, 0.368776, 0.333634, 0.279530
0.438482, 0.595027, -0.418265, -0.296900
0.438586, 0.196106, 0.339634, 0.150026
0.438612, 0.354874, 0.334514, 0.269205
0.438640, 0.170631, 0.340292, 0.130675
0.438800, 0.934153, -0.432364, -0.049494
0.438881, 0.232705, 0.338839, 0.177704
0.439167, 0.183044, 0.340395, 0.140099
0.439368, 0.539975, 0.298493, 0.376405
0.439929, 0.075575, 0.342734, 0.058005
0.439997, 0.284398, 0.338063, 0.216563
0.440298, 1.000000, -0.431593, 0.000000
0.440342, 0.789590, -0.428380, -0.157601
0.440403, 0.616623, -0.420935, -0.284258
0.440552, 0.671492, -0.423820, -0.244656
0.440621, 0.051009, 0.343453, 0.039157
0.440937, 0.978176, -0.431096, -0.016417
0.441115, 0.741358, -0.426160, -0.193319
0.441159, 0.265920, 0.339573, 0.202685
0.441607, 0.776259, -0.427049, -0.167534
0.441731, 0.098803, 0.343813, 0.075782
0.441914, 0.836534, -0.428334, -0.122638
0.441973, 0.955980, -0.430194, -0.033113
0.442019, 0.296328, 0.339172, 0.225440
0.442095, 0.455497, 0.332498, 0.342921
0.442165, 0.561683, -0.191607, -0.100120
0.442328, 0.468426, 0.331999, 0.352286
0.442379, 0.638218, -0.420881, -0.268953
0.442572, 0.020893, 0.345167, 0.016043
0.442574, 0.704444, -0.423688, -0.220560
0.442707, 0.921731, -0.429370, -0.058861
0.442791, 0.442216, 0.333663, 0.333216
0.442835, 0.693361, -0.423117, -0.228743
0.443054, 0.222973, 0.342191, 0.170229
0.443130, 0.849151, -0.427823, -0.113261
0.443347, 0.308275, 0.339726, 0.234319
0.443492, 0.481548, 0.332164, 0.361738
0.443813, 0.087406, 0.345484, 0.067027
0.443846, 0.428921, 0.335054, 0.323442
0.443872, 0.583831, -0.413991, -0.305527
0.444001, 0.802816, -0.426074, -0.147863
0.444163, 0.000000, 0.346363, 0.000000
0.444169, 0.507820, 0.330745, 0.380162
0.444212, 0.494410, 0.331911, 0.370902
0.444391, 0.762255, -0.424599, -0.178015
0.444524, 0.320716, 0.340162, 0.243569
0.444568, 0.111892, 0.345806, 0.085768
0.444583, 0.729775, -0.423181, -0.201974
0.445022, 0.519171, 0.329137, 0.386667
0.445142, 0.862006, -0.426592, -0.103677
0.445166, 0.660218, -0.419954, -0.253089
0.445366, 0.124468, 0.346159, 0.095352
0.445623, 0.909269, -0.427030, -0.068248
0.445628, 0.605524, -0.416418, -0.292379
0.445777, 0.333556, 0.340590, 0.253068
0.445853, 0.402355, 0.337780, 0.303911
0.446013, 0.244099, 0.343860, 0.186126
0.446231, 0.816453, -0.424696, -0.137725
0.446399, 0.137292, 0.346710, 0.105120
0.446472, 0.530185, 0.322109, 0.386952
0.446572, 0.715637, -0.421221, -0.212479
0.446585, 0.275849, 0.343215, 0.209931
0.446607, 0.387685, 0.338931, 0.293042
0.446608, 0.874410, -0.425776, -0.094416
0.446732, 0.944224, -0.426711, -0.041996
0.446812, 0.031593, 0.348230, 0.024236
0.446950, 0.550386, 0.068186, 0.147299
0.447254, 0.989297, -0.426496, -0.008062
0.447409, 0.415481, 0.338246, 0.313400
0.447413, 0.150424, 0.347186, 0.115099
0.447587, 0.886629, -0.425269, -0.085270
0.447600, 0.626950, -0.416528, -0.277369
0.447896, 0.362187, 0.341031, 0.274230
0.448072, 0.966532, -0.425842, -0.025208
0.448265, 0.681073, -0.418670, -0.237989
0.448283, 0.213683, 0.346370, 0.163090
0.448400, 0.202062, 0.346740, 0.154283
0.448632, 0.057362, 0.349332, 0.043968
0.448890, 0.347261, 0.342321, 0.263100
0.448903, 0.898262, -0.424401, -0.076545
0.449246, 0.572619, -0.394314, -0.298768
0.449340, 0.068645, 0.349718, 0.052597
0.449407, 0.827759, -0.422732, -0.129386
0.449592, 0.164071, 0.348594, 0.125463
0.449640, 0.375078, 0.341822, 0.283719
0.449719, 0.189280, 0.348076, 0.144585
0.449844, 0.648528, -0.416035, -0.261837
0.449990, 0.750689, -0.420048, -0.186733
0.450235, 0.255428, 0.346654, 0.194531
0.450365, 0.176352, 0.348883, 0.134771
0.450600, 0.010486, 0.351156, 0.008042
0.451056, 0.042659, 0.351258, 0.032690
0.451214, 0.594318, -0.411822, -0.300804
0.451709, 0.931233, -0.422914, -0.051812
0.451900, 0.288201, 0.346802, 0.219048
0.452086, 0.770483, -0.419182, -0.172125
0.452094, 0.233587, 0.348699, 0.178040
0.452543, 0.782517, -0.419291, -0.163219
0.452687, 0.449519, 0.340492, 0.338030
0.452755, 0.539491, 0.288555, 0.355313
0.452900, 0.462272, 0.339984, 0.347270
0.452940, 0.080333, 0.352368, 0.061519
0.452965, 0.840933, -0.420364, -0.119594
0.453095, 0.793726, -0.419217, -0.154891
0.453437, 0.615769, -0.411723, -0.285747
0.453593, 0.474924, 0.339771, 0.356346
0.453634, 0.670541, -0.414306, -0.245931
0.453846, 0.739285, -0.416829, -0.195299
0.454019, 0.978460, -0.421535, -0.016244
0.454039, 1.000000, -0.421506, 0.000000
0.454046, 0.436629, 0.342116, 0.328570
0.454068, 0.300243, 0.347956, 0.227956
0.454276, 0.093476, 0.353249, 0.071558
0.454310, 0.702928, -0.415084, -0.222129
0.454353, 0.691008, -0.414611, -0.230920
0.454370, 0.105107, 0.353108, 0.080431
0.454405, 0.561327, -0.388310, -0.305548
0.454427, 0.853941, -0.419690, -0.109911
0.454553, 0.487879, 0.339652, 0.365540
0.454570, 0.266676, 0.349477, 0.202827
0.454782, 0.424964, 0.343205, 0.320010
0.454869, 0.500989, 0.338741, 0.374550
0.454889, 0.394717, 0.344716, 0.297872
0.454900, 0.312111, 0.348095, 0.236748
0.455069, 0.918585, -0.420269, -0.061360
0.455156, 0.807286, -0.418051, -0.144826
0.455261, 0.637154, -0.411538, -0.270357
0.455338, 0.725892, -0.415304, -0.205274
0.455562, 0.954492, -0.420323, -0.034322
0.455749, 0.324326, 0.348267, 0.245809
0.455851, 0.021165, 0.355033, 0.016215
0.456128, 0.117707, 0.354285, 0.090032
0.456175, 0.513599, 0.336141, 0.380698
0.456605, 0.583100, -0.405569, -0.307441
0.456620, 0.223381, 0.352352, 0.170222
0.456724, 0.336818, 0.348479, 0.255033
0.456957, 0.356375, 0.347925, 0.269554
0.456990, 0.130395, 0.354694, 0.099683
0.457242, 0.406974, 0.345917, 0.306791
0.457306, 0.867257, -0.417782, -0.099964
0.457506, 0.526153, 0.317272, 0.370450
0.457689, 0.658633, -0.410849, -0.254834
0.457707, 0.143136, 0.354980, 0.109364
0.457714, 0.000000, 0.356453, 0.000000
0.457806, 0.714049, -0.412980, -0.214072
0.457897, 0.759588, -0.414577, -0.180393
0.458177, 0.156268, 0.355007, 0.119319
0.458323, 0.906061, -0.417610, -0.070807
0.458446, 0.604726, -0.407556, -0.294019
0.458562, 0.244493, 0.353170, 0.186066
0.458626, 0.941298, -0.417942, -0.044292
0.458711, 0.050961, 0.356901, 0.039001
0.458725, 0.879593, -0.416970, -0.090725
0.458839, 0.819603, -0.415606, -0.135697
0.459069, 0.278831, 0.352356, 0.211761
0.459167, 0.209976, 0.354523, 0.159998
0.459227, 0.383120, 0.348372, 0.289123
0.459454, 0.550300, -0.372222, -0.302306
0.459499, 0.892393, -0.416582, -0.081112
0.459735, 0.196961, 0.355285, 0.150148
0.459942, 0.032109, 0.357960, 0.024574
0.460203, 0.368085, 0.349751, 0.278015
0.460483, 0.967869, -0.416768, -0.024259
0.460489, 0.625876, -0.407226, -0.278830
0.460711, 0.062526, 0.358267, 0.047825
0.460721, 0.183503, 0.356363, 0.139947
0.460929, 0.989106, -0.416450, -0.008225
0.461496, 0.832141, -0.413992, -0.126385
0.461856, 0.170302, 0.357507, 0.129919
0.461858, 0.571732, -0.400570, -0.315337
0.462008, 0.681354, -0.408732, -0.238378
0.462224, 0.417058, 0.349058, 0.313918
0.462628, 0.256892, 0.355767, 0.195243
0.462638, 0.073833, 0.359607, 0.056451
0.462694, 0.647268, -0.406668, -0.263350
0.462943, 0.346550, 0.352682, 0.262009
0.463022, 0.772220, -0.411198, -0.171149
0.463431, 0.442782, 0.348598, 0.332548
0.463459, 0.455514, 0.347962, 0.341789
0.463679, 0.748118, -0.410020, -0.189112
0.463806, 0.798376, -0.411537, -0.151725
0.463911, 0.291532, 0.355569, 0.221134
0.463996, 0.593485, -0.402726, -0.302220
0.464056, 0.845265, -0.412363, -0.116590
0.464096, 0.468088, 0.347673, 0.350776
0.464122, 0.538283, -0.097574, -0.040832
0.464138, 0.010614, 0.361240, 0.008121
0.464386, 0.733949, -0.409034, -0.199652
0.464494, 0.086298, 0.360885, 0.065952
0.464534, 0.927151, -0.413515, -0.055018
0.464826, 0.784212, -0.410344, -0.162306
0.464826, 0.480751, 0.347179, 0.359547
0.465118, 0.695114, -0.406952, -0.228335
0.465378, 0.858443, -0.411752, -0.106744
0.465529, 0.493479, 0.346099, 0.367797
0.465594, 0.396103, 0.352504, 0.298424
0.465638, 0.668775, -0.405555, -0.247768
0.465794, 0.041948, 0.362233, 0.032069
0.465852, 0.233460, 0.358912, 0.177563
0.465957, 0.098853, 0.361851, 0.075518
0.466087, 0.303496, 0.356700, 0.229950
0.466239, 0.315068, 0.356353, 0.238537
0.466278, 0.429523, 0.351337, 0.322758
0.466658, 0.505535, 0.343801, 0.373953
0.466696, 0.110691, 0.362187, 0.084519
0.466749, 0.614728, -0.402142, -0.287243
0.466800, 0.327614, 0.356210, 0.247784
0.466850, 0.269462, 0.358457, 0.204518
0.467049, 0.560590, -0.395804, -0.323297
0.467329, 0.959280, -0.411570, -0.030769
0.467330, 0.219494, 0.360344, 0.166979
0.467389, 0.913997, -0.411095, -0.064946
0.467429, 0.707685, -0.405817, -0.219180
0.467482, 0.811042, -0.409092, -0.142322
0.467590, 0.123231, 0.362667, 0.094054
0.467648, 1.000000, -0.411526, 0.000000
0.467687, 0.721217, -0.406065, -0.209149
0.467805, 0.978112, -0.411369, -0.016545
0.468030, 0.376128, 0.355171, 0.283629
0.468099, 0.517350, 0.330649, 0.368754
0.468274, 0.635872, -0.402082, -0.271926
0.468636, 0.160326, 0.362699, 0.122196
0.468645, 0.135862, 0.363236, 0.103642
0.468947, 0.148142, 0.363184, 0.112949
0.469052, 0.021506, 0.364831, 0.016438
0.469147, 0.900050, -0.409624, -0.075483
0.469204, 0.356839, 0.356867, 0.269369
0.469278, 0.581970, -0.398188, -0.310712
0.469559, 0.948807, -0.409878, -0.038695
0.469603, 0.528187, 0.132493, 0.177332
0.469644, 0.205543, 0.362407, 0.156387
0.469713, 0.760314, -0.406017, -0.180249
0.469742, 0.872408, -0.408786, -0.096317
0.469840, 0.937838, -0.409571, -0.046985
0.469859, 0.885962, -0.408925, -0.086115
0.470051, 0.337298, 0.358251, 0.254858
0.470232, 0.407489, 0.355343, 0.306535
0.470299, 0.246994, 0.361742, 0.187579
0.470519, 0.191878, 0.363371, 0.146034
0.470532, 0.657490, -0.401445, -0.256224
0.470985, 0.823680, -0.406832, -0.132940
0.471013, 0.053978, 0.366065, 0.041228
0.471013, 0.282285, 0.361048, 0.213940
0.471153, 0.603893, -0.398380, -0.295306
0.471272, 0.000000, 0.366554, 0.000000
0.471480, 0.548537, -0.363662, -0.303982
0.472094, 0.179106, 0.364843, 0.136345
0.472537, 0.387127, 0.357979, 0.291513
0.472856, 0.065878, 0.367252, 0.050284
0.473308, 0.624593, -0.397928, -0.280415
0.473330, 0.792197, -0.404240, -0.156545
0.473391, 0.836076, -0.405376, -0.123701
0.473686, 0.032343, 0.368158, 0.024695
0.473703, 0.740594, -0.402415, -0.195020
0.474254, 0.438029, 0.356691, 0.328535
0.474256, 0.677102, -0.399628, -0.242005
0.474261, 0.366224, 0.360137, 0.276047
0.474299, 0.687705, -0.400042, -0.234201
0.474303, 0.772452, -0.402967, -0.171319
0.474327, 0.449700, 0.356133, 0.336997
0.474425, 0.988920, -0.406535, -0.008385
0.474488, 0.419372, 0.357833, 0.314977
0.474531, 0.078430, 0.368380, 0.059840
0.474622, 0.259909, 0.364514, 0.197122
0.474708, 0.571209, -0.393716, -0.318821
0.474793, 0.461609, 0.355731, 0.345488
0.475212, 0.848590, -0.404256, -0.114322
0.475305, 0.474047, 0.354773, 0.353797
0.475396, 0.646062, -0.397418, -0.264825
0.475405, 0.967909, -0.405686, -0.024284
0.475676, 0.861255, -0.404164, -0.104802
0.476076, 0.486744, 0.352039, 0.360319
0.476098, 0.091309, 0.369415, 0.069637
0.476202, 0.295600, 0.364517, 0.223757
0.476308, 0.321300, 0.363473, 0.242757
0.476375, 0.167961, 0.368336, 0.127842
0.476568, 0.591761, -0.393811, -0.304357
0.476595, 0.803802, -0.402182, -0.147959
0.476706, 0.728882, -0.399794, -0.203811
0.476707, 0.700654, -0.398760, -0.224718
0.476924, 0.346084, 0.363020, 0.261136
0.477119, 0.226172, 0.367305, 0.171697
0.477340, 0.920430, -0.403866, -0.060202
0.477341, 0.537123, -0.375054, -0.328788
0.477445, 0.498942, 0.343702, 0.360366
0.477715, 0.750892, -0.399847, -0.187507
0.477761, 0.010924, 0.371367, 0.008338
0.478028, 0.308211, 0.365226, 0.232968
0.478082, 0.103716, 0.370789, 0.079066
0.478168, 0.238702, 0.367759, 0.181100
0.478202, 0.931373, -0.403346, -0.051943
0.478317, 0.714754, -0.398200, -0.214389
0.478379, 0.116204, 0.370754, 0.088542
0.478393, 0.398355, 0.361751, 0.299489
0.478522, 0.214006, 0.368750, 0.162537
0.478578, 0.044521, 0.371682, 0.033960
0.478641, 0.511424, 0.322253, 0.347532
0.478808, 0.272513, 0.367170, 0.206404
0.478880, 0.907477, -0.402615, -0.070011
0.478979, 0.128829, 0.370966, 0.098113
0.479011, 0.559365, -0.386872, -0.324512
0.479150, 0.666752, -0.395581, -0.249797
0.479271, 0.782616, -0.399697, -0.163903
0.479848, 0.893905, -0.401710, -0.080272
0.479953, 0.200047, 0.370113, 0.151957
0.480029, 0.154788, 0.371299, 0.117788
0.480075, 0.815922, -0.399967, -0.138972
0.480203, 0.142236, 0.371660, 0.108270
0.480416, 0.955948, -0.401916, -0.033363
0.480491, 0.377399, 0.364230, 0.284017
0.480583, 0.880462, -0.400974, -0.090431
0.480606, 0.613644, -0.392101, -0.288743
0.480662, 0.429119, 0.361785, 0.321726
0.480796, 0.523995, -0.170219, -0.137149
0.481031, 0.333051, 0.366611, 0.251366
0.481133, 1.000000, -0.401631, 0.000000
0.481396, 0.634929, -0.392530, -0.273233
0.481678, 0.978121, -0.401158, -0.016578
0.482375, 0.285277, 0.369287, 0.215768
0.482378, 0.022242, 0.374708, 0.016961
0.482393, 0.187684, 0.372241, 0.142581
0.482531, 0.355554, 0.366735, 0.267895
0.482585, 0.762092, -0.396657, -0.179327
0.482668, 0.581550, -0.388853, -0.312072
0.482700, 0.251274, 0.370748, 0.190403
0.482766, 0.601585, -0.389858, -0.297570
0.482780, 0.943062, -0.400039, -0.043128
0.482934, 0.409935, 0.364478, 0.307715
0.483274, 0.057424, 0.375131, 0.043768
0.483470, 0.828398, -0.397801, -0.129693
0.483498, 0.868525, -0.398515, -0.099457
0.483536, 0.655452, -0.391920, -0.258301
0.483592, 0.547996, -0.383632, -0.333665
0.484186, 0.069708, 0.375574, 0.053097
0.484741, 0.000000, 0.376562, 0.000000
0.485126, 0.176015, 0.374587, 0.133728
0.485341, 0.690952, -0.392140, -0.232258
0.485394, 0.794612, -0.395442, -0.155059
0.485407, 0.840776, -0.396640, -0.120421
0.485509, 0.441954, 0.364593, 0.330750
0.485642, 0.624566, -0.388968, -0.281013
0.485644, 0.388641, 0.367468, 0.292020
0.485653, 0.453713, 0.364076, 0.339267
0.485790, 0.466435, 0.362857, 0.347827
0.485809, 0.083289, 0.376641, 0.063415
0.485892, 0.854268, -0.396512, -0.110256
0.485925, 0.739463, -0.393390, -0.196253
0.486056, 0.034656, 0.377261, 0.026402
0.486341, 0.479318, 0.358378, 0.352928
0.486516, 0.678463, -0.390685, -0.241470
0.486525, 0.319941, 0.371040, 0.241363
0.486657, 0.366694, 0.369206, 0.275873
0.486794, 0.725312, -0.392344, -0.206842
0.486937, 0.569391, -0.384743, -0.320710
0.487010, 0.704830, -0.391408, -0.222028
0.487105, 0.263338, 0.373592, 0.199280
0.487656, 0.773048, -0.393248, -0.171289
0.487794, 0.989774, -0.396673, -0.007759
0.487800, 0.230691, 0.375054, 0.174786
0.488186, 0.491118, 0.337433, 0.339705
0.488195, 0.095534, 0.378305, 0.072701
0.488336, 0.643805, -0.387926, -0.267071
0.488447, 0.420379, 0.367933, 0.315026
0.488558, 0.163054, 0.377424, 0.123867
0.488659, 0.297980, 0.373433, 0.224986
0.488741, 0.208221, 0.376367, 0.157880
0.488861, 0.807059, -0.393289, -0.145840
0.488862, 0.535655, -0.368452, -0.332171
0.488886, 0.966407, -0.395905, -0.025492
0.488960, 0.915425, -0.395327, -0.064126
0.489074, 0.929075, -0.395318, -0.053781
0.489118, 0.503163, 0.266300, 0.277091
0.489417, 0.343293, 0.372236, 0.258527
0.489450, 0.109316, 0.379064, 0.083153
0.489479, 0.134833, 0.378562, 0.102470
0.489824, 0.308946, 0.373904, 0.233099
0.489997, 0.901713, -0.394366, -0.074512
0.489999, 0.121710, 0.379254, 0.092539
0.490323, 0.592317, -0.383957, -0.304720
0.490477, 0.219656, 0.377409, 0.166455
0.490495, 0.048096, 0.380460, 0.036610
0.490533, 0.751316, -0.390530, -0.187632
0.490566, 0.514683, -0.219205, -0.200706
0.490767, 0.243211, 0.376890, 0.184093
0.490918, 0.275460, 0.375953, 0.208180
0.490937, 0.888357, -0.393480, -0.084627
0.490954, 0.400078, 0.370793, 0.300134
0.491286, 0.666364, -0.386761, -0.250619
0.491369, 0.012179, 0.381227, 0.009271
0.491456, 0.149346, 0.379751, 0.113419
0.491517, 0.714743, -0.388436, -0.214820
0.491553, 0.558017, -0.380873, -0.329272
0.492149, 0.196554, 0.379230, 0.149031
0.492275, 0.819855, -0.391116, -0.136316
0.492313, 0.784566, -0.390177, -0.162808
0.492328, 0.953511, -0.393182, -0.035288
0.492471, 0.606744, -0.383064, -0.294281
0.492586, 0.329795, 0.375085, 0.248415
0.492689, 0.378423, 0.373077, 0.284211
0.492753, 0.432778, 0.370342, 0.323744
0.492931, 0.875581, -0.391738, -0.094300
0.493025, 0.525755, -0.350245, -0.324900
0.493680, 0.287755, 0.377513, 0.217218
0.494200, 0.979645, -0.391951, -0.015460
0.494325, 0.074626, 0.383016, 0.056741
0.494392, 0.861802, -0.390410, -0.104734
0.494395, 0.355427, 0.375357, 0.267256
0.494592, 0.618416, -0.382194, -0.285943
0.494641, 0.579175, -0.380124, -0.314445
0.494808, 0.024825, 0.383808, 0.018888
0.495068, 0.184645, 0.381721, 0.140008
0.495079, 1.000000, -0.391256, 0.000000
0.495135, 0.545358, -0.375416, -0.336427
0.495223, 0.941603, -0.391042, -0.044352
0.495487, 0.061859, 0.384063, 0.047040
0.495529, 0.698023, -0.384886, -0.227374
0.495552, 0.762951, -0.387193, -0.179091
0.495676, 0.632011, -0.382030, -0.276036
0.495743, 0.847133, -0.389150, -0.115838
0.495796, 0.654576, -0.382937, -0.259467
0.495827, 0.833053, -0.388890, -0.126487
0.495842, 0.732487, -0.385903, -0.201786
0.495846, 0.255196, 0.380307, 0.192926
0.495950, 0.458558, 0.370876, 0.341850
0.496280, 0.472253, 0.366840, 0.348196
0.496345, 0.410604, 0.374167, 0.307527
0.496764, 0.172509, 0.383209, 0.130809
0.497121, 0.686018, -0.383301, -0.236348
0.497128, 0.445662, 0.372235, 0.332266
0.497239, 0.796818, -0.386842, -0.153734
0.497473, 0.037840, 0.385634, 0.028767
0.497623, 0.000000, 0.385644, 0.000000
0.498249, 0.101210, 0.385598, 0.076870
0.498278, 0.367460, 0.377581, 0.275872
0.498318, 0.086514, 0.385807, 0.065717
0.498371, 0.390247, 0.376652, 0.292594
0.498519, 0.233688, 0.382943, 0.176759
0.498776, 0.317800, 0.380161, 0.239339
0.498852, 0.483702, 0.336059, 0.324330
0.499183, 0.140325, 0.385653, 0.106460
0.499805, 0.496440, 0.115041, 0.112471
0.499839, 0.568415, -0.375755, -0.322488
0.499842, 0.742799, -0.383335, -0.194243
0.499871, 0.267235, 0.382840, 0.201762
0.499923, 0.207920, 0.384645, 0.157371
0.499933, 0.674645, -0.380821, -0.244885
0.499939, 0.642728, -0.379385, -0.268348
0.499996, 0.158717, 0.385819, 0.120314
0.500128, 0.920132, -0.387119, -0.060676
0.500417, 0.774807, -0.383947, -0.170351
0.500497, 0.907930, -0.386723, -0.069938
0.500557, 0.422595, 0.376546, 0.315976
0.500630, 0.809057, -0.384704, -0.144638
0.500663, 0.127568, 0.386976, 0.096790
0.500673, 0.970961, -0.387073, -0.022075
0.500688, 0.721965, -0.381956, -0.209772
0.500773, 0.931601, -0.386676, -0.051968
0.500946, 0.336747, 0.380907, 0.253200
0.501140, 0.304859, 0.382392, 0.229663
0.501502, 0.508256, -0.345771, -0.340559
0.501575, 0.114715, 0.387807, 0.087042
0.501597, 0.895228, -0.385717, -0.079576
0.501646, 0.222268, 0.385440, 0.168056
0.501687, 0.599484, -0.376111, -0.300091
0.501696, 0.587491, -0.375450, -0.308778
0.501822, 0.708206, -0.380610, -0.220027
0.501858, 0.051186, 0.388803, 0.038881
0.501870, 0.989802, -0.386228, -0.007754
0.502555, 0.960297, -0.385670, -0.030192
0.502707, 0.533283, -0.368304, -0.344574
0.502815, 0.346894, 0.381847, 0.260597
0.502816, 0.882756, -0.384585, -0.089034
0.502887, 0.280439, 0.384572, 0.211476
0.503081, 0.555985, -0.372505, -0.331414
0.503107, 0.294203, 0.384297, 0.221724
0.503205, 0.519997, -0.360489, -0.347473
0.503354, 0.246069, 0.386107, 0.185866
0.503794, 0.194381, 0.387884, 0.147112
0.503842, 0.869453, -0.383615, -0.099125
0.503854, 0.821036, -0.382616, -0.135694
0.503898, 0.008336, 0.390410, 0.006332
0.504049, 0.753928, -0.380645, -0.186086
0.504239, 0.400703, 0.380380, 0.299920
0.504378, 0.662995, -0.377063, -0.253649
0.504471, 0.380067, 0.381553, 0.284854
0.504488, 0.434046, 0.378629, 0.323929
0.504721, 0.073235, 0.390817, 0.055600
0.504722, 0.611890, -0.374495, -0.291173
0.504892, 0.786867, -0.380992, -0.161430
0.504926, 0.855750, -0.382585, -0.109516
0.505263, 0.018424, 0.391502, 0.013991
0.505482, 0.466319, 0.373989, 0.343617
0.505763, 0.949140, -0.383203, -0.038691
0.505947, 0.624911, -0.374281, -0.281748
0.506171, 0.544165, -0.369136, -0.339636
0.506209, 0.326190, 0.385235, 0.245227
0.506361, 0.149441, 0.390801, 0.113216
0.506446, 0.842462, -0.381195, -0.119589
0.506880, 0.695703, -0.376492, -0.229527
0.506924, 0.167865, 0.390750, 0.127071
0.507194, 0.181392, 0.390634, 0.137242
0.507308, 0.358206, 0.384617, 0.268706
0.507456, 0.454318, 0.374279, 0.333041
0.507474, 0.029869, 0.393067, 0.022669
0.507576, 0.093199, 0.392568, 0.070677
0.508096, 0.831577, -0.379702, -0.127831
0.508517, 0.413499, 0.382797, 0.308982
0.508519, 0.650799, -0.373462, -0.262773
0.508633, 0.765499, -0.377630, -0.177566
0.508706, 0.732029, -0.376424, -0.202551
0.508766, 0.061865, 0.393805, 0.046929
0.508769, 0.258644, 0.389607, 0.195043
0.508902, 0.980252, -0.380963, -0.015031
0.508908, 0.577489, -0.369752, -0.316450
0.509101, 1.000000, -0.380907, 0.000000
0.509194, 0.041257, 0.394214, 0.031296
0.509316, 0.799185, -0.378026, -0.152274
0.509529, 0.683708, -0.374142, -0.238551
0.509567, 0.233953, 0.391022, 0.176613
0.509664, 0.489475, 0.013809, -0.001629
0.509722, 0.214390, 0.391663, 0.161952
0.509727, 0.443765, 0.381308, 0.330103
0.509754, 0.369567, 0.385833, 0.276890
0.509911, 0.637130, -0.371969, -0.272977
0.509919, 0.476495, 0.373825, 0.347966
0.509940, 0.104385, 0.394088, 0.079096
0.510009, 0.938672, -0.379897, -0.046671
0.510311, 0.312856, 0.388754, 0.235207
0.510590, 0.136886, 0.394170, 0.103669
0.510735, 0.717260, -0.374496, -0.213667
0.511097, 0.272679, 0.390865, 0.205424
0.511561, 0.564286, -0.367094, -0.326122
0.511844, 0.390125, 0.386319, 0.291770
0.511880, 0.914340, -0.378352, -0.065199
0.511987, 0.082775, 0.395947, 0.062735
0.512252, 0.124768, 0.395577, 0.094486
0.512274, 0.926347, -0.378122, -0.056067
0.512275, 0.501710, -0.346370, -0.354542
0.512282, 0.901976, -0.377924, -0.074601
0.512386, 0.591066, -0.367876, -0.306712
0.512424, 0.202993, 0.393942, 0.153332
0.512644, 0.744061, -0.374021, -0.193742
0.512706, 0.000000, 0.397120, 0.000000
0.512816, 0.811407, -0.375769, -0.143162
0.512970, 0.672209, -0.371160, -0.247197
0.513157, 0.777369, -0.374640, -0.168791
0.513172, 0.287303, 0.391938, 0.216247
0.513329, 0.968898, -0.377713, -0.023695
0.513413, 0.425085, 0.385565, 0.316970
0.513502, 0.526242, -0.362072, -0.352183
0.513518, 0.337123, 0.390132, 0.252993
0.513696, 0.889325, -0.376652, -0.084214
0.513872, 0.513529, -0.359621, -0.359887
0.513930, 0.876776, -0.376299, -0.093745
0.513963, 0.603080, -0.367407, -0.298093
0.514525, 0.300703, 0.392363, 0.226091
0.514543, 0.863374, -0.375639, -0.103923
0.514613, 0.705318, -0.371215, -0.222692
0.514741, 0.245323, 0.394404, 0.184914
0.514756, 0.114587, 0.397529, 0.086747
0.514976, 0.349376, 0.390503, 0.261833
0.515031, 0.157954, 0.396964, 0.119446
0.515071, 0.050601, 0.398556, 0.038348
0.515355, 0.551588, -0.363556, -0.335408
0.515491, 0.404053, 0.388277, 0.301732
0.515637, 0.224231, 0.395753, 0.169160
0.516015, 0.849476, -0.374304, -0.114484
0.516022, 0.538480, -0.362203, -0.344760
0.516098, 0.957308, -0.375616, -0.032538
0.516108, 0.615560, -0.366423, -0.289051
0.516246, 0.191849, 0.397033, 0.144877
0.516327, 0.463011, 0.350498, 0.309215
0.516349, 0.989773, -0.375542, -0.007796
0.516918, 0.660439, -0.367782, -0.256053
0.516950, 0.756019, -0.371229, -0.184926
0.516955, 0.010660, 0.400182, 0.008078
0.516999, 0.171244, 0.398076, 0.129387
0.517022, 0.823343, -0.372906, -0.134240
0.517147, 0.377973, 0.390872, 0.282735
0.517255, 0.323741, 0.393334, 0.242931
0.517438, 0.789336, -0.371815, -0.159912
0.517596, 0.072030, 0.400297, 0.054560
0.517851, 0.023512, 0.400739, 0.017814
0.518191, 0.436104, 0.387366, 0.323651
0.518469, 0.627039, -0.365252, -0.280757
0.518814, 0.692827, -0.367690, -0.232145
0.518869, 0.725302, -0.368767, -0.207935
0.518941, 0.145713, 0.400147, 0.110168
0.519416, 0.836533, -0.371446, -0.124326
0.519567, 0.363585, 0.393289, 0.272097
0.519768, 0.093936, 0.401625, 0.071097
0.519837, 0.946040, -0.372752, -0.041145
0.519915, 0.648124, -0.365097, -0.265284
0.519942, 0.181801, 0.399990, 0.137247
0.520063, 0.254996, 0.398027, 0.191966
0.520097, 0.036372, 0.402345, 0.027544
0.520180, 0.483631, -0.197923, -0.225934
0.520222, 0.450054, 0.386648, 0.332216
0.520413, 0.571443, -0.361102, -0.321430
0.520502, 0.266774, 0.397957, 0.200710
0.520971, 0.583354, -0.361306, -0.312796
0.521409, 0.415381, 0.391912, 0.309589
0.521442, 0.768009, -0.368267, -0.176059
0.521600, 0.801311, -0.369034, -0.150989
0.521632, 0.211970, 0.400489, 0.159818
0.521910, 0.060875, 0.403520, 0.046075
0.521990, 0.494621, -0.328328, -0.349511
0.522080, 0.735874, -0.366764, -0.200146
0.522125, 0.279489, 0.398684, 0.210084
0.522269, 0.395549, 0.393627, 0.295219
0.522288, 0.132354, 0.402832, 0.100040
0.522293, 0.235263, 0.400329, 0.177212
0.522297, 0.681104, -0.364668, -0.240971
0.522386, 0.312599, 0.397604, 0.234554
0.522387, 0.637871, -0.362819, -0.272926
0.522480, 0.105120, 0.403315, 0.079480
0.522597, 0.978505, -0.370921, -0.016404
0.522690, 0.472987, 0.173091, 0.135027
0.522698, 0.934255, -0.370541, -0.050150
0.523087, 1.000000, -0.370572, 0.000000
0.523438, 0.909159, -0.369745, -0.069274
0.523587, 0.714287, -0.364925, -0.216323
0.523593, 0.921563, -0.369756, -0.059828
0.523650, 0.558870, -0.358059, -0.330686
0.523934, 0.896540, -0.369225, -0.078885
0.524492, 0.595470, -0.359310, -0.304103
0.524747, 0.871615, -0.368221, -0.097841
0.524904, 0.531215, -0.355500, -0.350597
0.524937, 0.507074, -0.351709, -0.365568
0.525021, 0.519136, -0.354483, -0.359053
0.525065, 0.858216, -0.367757, -0.108023
0.525077, 0.083132, 0.405642, 0.062870
0.525107, 0.813105, -0.366756, -0.142181
0.525144, 0.291894, 0.400445, 0.219164
0.525352, 0.353899, 0.397890, 0.264714
0.525399, 0.331623, 0.398939, 0.248394
0.525518, 0.384868, 0.396555, 0.287320
0.525550, 0.200324, 0.403628, 0.150983
0.525572, 0.883481, -0.367784, -0.088830
0.525659, 0.119483, 0.405558, 0.090290
0.525719, 0.966648, -0.368628, -0.025470
0.525767, 0.669257, -0.361664, -0.249895
0.525788, 0.747375, -0.364408, -0.191657
0.525897, 0.780005, -0.365314, -0.167163
0.525948, 0.342045, 0.398930, 0.256047
0.526030, 0.607438, -0.358812, -0.295465
0.526218, 0.048265, 0.406738, 0.036505
0.526448, 0.164517, 0.405194, 0.124133
0.526586, 0.426138, 0.394705, 0.316742
0.526688, 0.545516, -0.355164, -0.340532
0.526850, 0.000000, 0.407316, 0.000000
0.527080, 0.701929, -0.361972, -0.225690
0.527334, 0.302411, 0.401643, 0.226855
0.527538, 0.014356, 0.407855, 0.010858
0.527606, 0.222894, 0.404529, 0.167799
0.527683, 0.460789, 0.371797, 0.320089
0.528193, 0.846470, -0.365173, -0.116981
0.528321, 0.372218, 0.399171, 0.277951
0.528413, 0.245993, 0.404357, 0.184964
0.528527, 0.154071, 0.406983, 0.116255
0.528615, 0.619543, -0.357444, -0.286673
0.528716, 0.825309, -0.364349, -0.133027
0.528790, 0.406157, 0.397695, 0.302486
0.528845, 0.439205, 0.389791, 0.320273
0.529101, 0.656591, -0.358769, -0.259447
0.529486, 0.953865, -0.365731, -0.035246
0.529957, 0.759126, -0.361705, -0.182974
0.529995, 0.988450, -0.365521, -0.008826
0.530088, 0.071465, 0.409501, 0.054014
0.530135, 0.188756, 0.407300, 0.142212
0.530139, 0.026343, 0.409714, 0.019912
0.530160, 0.791923, -0.362487, -0.158298
0.530209, 0.175617, 0.407742, 0.132388
0.530839, 0.141916, 0.408916, 0.107075
0.530952, 0.259816, 0.405841, 0.195191
0.531031, 0.321973, 0.403497, 0.241094
0.531386, 0.725169, -0.359536, -0.208451
0.531514, 0.690541, -0.358247, -0.234305
0.531893, 0.577312, -0.353023, -0.317700
0.531902, 0.631341, -0.355564, -0.278141
0.531953, 0.484147, -0.339529, -0.376566
0.532010, 0.835423, -0.362084, -0.125422
0.532268, 0.107877, 0.410511, 0.081428
0.532275, 0.272704, 0.406350, 0.204698
0.532503, 0.037251, 0.411404, 0.028144
0.532530, 0.566741, -0.352052, -0.325451
0.532594, 0.094646, 0.411043, 0.071471
0.532602, 0.449311, 0.357039, 0.292596
0.532744, 0.497693, -0.343755, -0.370958
0.533202, 0.942413, -0.362864, -0.044016
0.533467, 0.644457, -0.354980, -0.268536
0.533580, 0.361055, 0.403590, 0.269608
0.533622, 0.211675, 0.409287, 0.159267
0.533908, 0.059187, 0.412326, 0.044701
0.534045, 0.232850, 0.408939, 0.175025
0.534095, 0.587743, -0.351930, -0.310195
0.534130, 0.129272, 0.411566, 0.097510
0.534215, 0.804150, -0.359767, -0.149155
0.534271, 0.737495, -0.357894, -0.199363
0.534313, 0.471240, -0.225589, -0.273929
0.534318, 0.394418, 0.402349, 0.293742
0.534330, 0.929520, -0.361945, -0.053873
0.534369, 0.770936, -0.358797, -0.174224
0.534486, 0.284876, 0.407440, 0.213586
0.534556, 0.865884, -0.360805, -0.102349
0.534600, 0.536381, -0.348894, -0.347510
0.534778, 0.903852, -0.361271, -0.073453
0.534807, 0.916570, -0.361419, -0.063757
0.534851, 0.679010, -0.355354, -0.243002
0.534946, 0.711347, -0.356498, -0.218936
0.535090, 0.416835, 0.400958, 0.309207
0.535108, 0.890874, -0.360870, -0.083354
0.535294, 0.554609, -0.349453, -0.334435
0.535969, 0.310849, 0.407630, 0.232750
0.536082, 0.975995, -0.361044, -0.018367
0.536321, 1.000000, -0.360902, 0.000000
0.536325, 0.524191, -0.347003, -0.356430
0.536445, 0.347574, 0.406271, 0.259611
0.536717, 0.009056, 0.414644, 0.006840
0.536779, 0.512182, -0.345818, -0.364920
0.536866, 0.599471, -0.350490, -0.301767
0.536956, 0.962832, -0.360255, -0.028436
0.537174, 0.382005, 0.405063, 0.284622
0.537229, 0.816615, -0.357861, -0.139809
0.537478, 0.431397, 0.400217, 0.317942
0.537498, 0.082399, 0.414784, 0.062179
0.537683, 0.666632, -0.352863, -0.252348
0.537776, 0.877311, -0.358665, -0.093718
0.537814, 0.334319, 0.407931, 0.249888
0.537832, 0.200724, 0.412613, 0.150957
0.537846, 0.854655, -0.358154, -0.110944
0.538226, 0.610869, -0.350062, -0.293504
0.538430, 0.749930, -0.355170, -0.190138
0.538544, 0.047067, 0.415761, 0.035517
0.538706, 0.117251, 0.415156, 0.088398
0.538848, 0.782510, -0.355810, -0.165628
0.538892, 0.297952, 0.410299, 0.223145
0.538918, 0.164900, 0.414440, 0.124178
0.539510, 0.457980, 0.166037, 0.103644
0.539860, 0.252654, 0.412497, 0.189535
0.540213, 0.242015, 0.413110, 0.181629
0.540304, 0.152097, 0.415659, 0.114532
0.540324, 0.700105, -0.352108, -0.227501
0.540578, 0.178323, 0.415284, 0.134172
0.540606, 0.221930, 0.414086, 0.166706
0.540816, 0.020521, 0.417631, 0.015484
0.540933, 0.404761, 0.406083, 0.300405
0.541082, 0.370349, 0.408541, 0.276002
0.541183, 0.622708, -0.348399, -0.284906
0.541230, 0.842577, -0.355427, -0.120190
0.541309, 0.545053, -0.344506, -0.341595
0.541440, 0.655048, -0.349589, -0.261048
0.541752, 0.190232, 0.415798, 0.143033
0.541937, 0.000000, 0.418559, 0.000000
0.542152, 0.069989, 0.418349, 0.052782
0.542248, 0.265527, 0.413876, 0.199028
0.542359, 0.719438, -0.351228, -0.213094
0.542429, 0.139326, 0.417428, 0.104903
0.542606, 0.828843, -0.354090, -0.130637
0.542609, 0.443068, 0.401308, 0.324258
0.542647, 0.794644, -0.353337, -0.156573
0.542652, 0.988443, -0.356203, -0.008855
0.542765, 0.502675, -0.340427, -0.371553
0.542826, 0.103600, 0.418408, 0.078074
0.542829, 0.762002, -0.352272, -0.181188
0.542859, 0.490326, -0.338516, -0.379281
0.542931, 0.321705, 0.412205, 0.240422
0.543444, 0.565216, -0.344032, -0.327101
0.543557, 0.032694, 0.419615, 0.024656
0.543585, 0.951090, -0.355284, -0.037461
0.543615, 0.634952, -0.347179, -0.276012
0.543759, 0.576938, -0.344293, -0.318487
0.544125, 0.478580, -0.320932, -0.371702
0.544198, 0.688879, -0.348830, -0.236001
0.544524, 0.730137, -0.349986, -0.205153
0.544807, 0.422975, 0.403024, 0.308550
0.544821, 0.937479, -0.354298, -0.047890
0.544840, 0.357297, 0.411900, 0.266324
0.545268, 0.276492, 0.415717, 0.207043
0.545619, 0.924150, -0.353528, -0.058087
0.545717, 0.392096, 0.410667, 0.291465
0.545770, 0.288517, 0.415529, 0.215851
0.545774, 0.589824, -0.343571, -0.309283
0.545780, 0.092029, 0.420710, 0.069328
0.545824, 0.898290, -0.352983, -0.077834
0.545868, 0.885474, -0.352755, -0.087613
0.545937, 0.911096, -0.353100, -0.068062
0.545968, 0.866145, -0.352303, -0.102336
0.545974, 0.057742, 0.421187, 0.043515
0.546004, 0.466752, -0.296602, -0.357916
0.546309, 0.126530, 0.420527, 0.095235
0.546392, 0.210387, 0.418625, 0.157935
0.546431, 0.532804, -0.340204, -0.350795
0.546547, 0.675768, -0.346698, -0.245908
0.546590, 0.806799, -0.350685, -0.147460
0.546677, 0.644800, -0.345279, -0.268815
0.546746, 0.741286, -0.348769, -0.196897
0.546986, 0.965224, -0.352771, -0.026649
0.547380, 0.344465, 0.414335, 0.256841
0.547425, 0.308248, 0.415989, 0.230331
0.547526, 0.232528, 0.418824, 0.174381
0.547631, 0.773275, -0.349050, -0.172833
0.548013, 0.520917, -0.338446, -0.359502
0.548585, 0.709194, -0.346309, -0.220987
0.548670, 0.554838, -0.339691, -0.334894
0.548740, 0.977741, -0.351707, -0.017072
0.549060, 0.044618, 0.423450, 0.033604
0.549070, 0.412693, 0.409108, 0.303344
0.549083, 0.818010, -0.349072, -0.139009
0.549240, 0.602372, -0.341604, -0.300229
0.549299, 0.852390, -0.349683, -0.112900
0.549391, 0.380035, 0.413965, 0.282553
0.549537, 1.000000, -0.351127, 0.000000
0.549549, 0.452661, -0.082339, -0.156435
0.549958, 0.010384, 0.424465, 0.007824
0.550145, 0.614070, -0.341475, -0.291679
0.550172, 0.080187, 0.424096, 0.060373
0.550200, 0.332565, 0.416950, 0.248035
0.550403, 0.256737, 0.420044, 0.192204
0.550424, 0.663765, -0.343329, -0.254943
0.550491, 0.113337, 0.423841, 0.085270
0.550646, 0.433546, 0.374457, 0.283850
0.550686, 0.172378, 0.422810, 0.129486
0.550747, 0.160166, 0.423126, 0.120354
0.551162, 0.510191, -0.335393, -0.367214
0.551176, 0.199047, 0.422362, 0.149333
0.551305, 0.753691, -0.345719, -0.187677
0.551350, 0.785860, -0.346638, -0.163432
0.551852, 0.838110, -0.347502, -0.123817
0.552006, 0.185318, 0.423497, 0.139129
0.552050, 0.244356, 0.421702, 0.182996
0.552297, 0.147918, 0.424484, 0.111149
0.552595, 0.367455, 0.416960, 0.273308
0.552927, 0.876346, -0.347428, -0.094704
0.552938, 0.627661, -0.339952, -0.281731
0.553167, 0.221832, 0.423206, 0.166241
0.553331, 0.021707, 0.426824, 0.016340
0.553490, 0.542768, -0.335614, -0.343950
0.553553, 0.296487, 0.420879, 0.221419
0.553641, 0.401360, 0.415413, 0.297308
0.553825, 0.497487, -0.332606, -0.376349
0.553992, 0.698805, -0.341978, -0.228959
0.554140, 0.135704, 0.426046, 0.101965
0.554405, 0.320523, 0.420509, 0.239030
0.554567, 0.485508, -0.329071, -0.382664
0.554576, 0.068189, 0.427435, 0.051307
0.554646, 0.720873, -0.342184, -0.212424
0.554808, 0.567356, -0.335887, -0.326123
0.554819, 0.580851, -0.336542, -0.316277
0.555012, 0.684805, -0.340773, -0.239481
0.555050, 0.798795, -0.344239, -0.153744
0.555193, 0.652398, -0.339299, -0.263514
0.555350, 0.101648, 0.427626, 0.076435
0.555433, 0.267865, 0.423334, 0.200262
0.555590, 0.943224, -0.346399, -0.043580
0.555936, 0.955485, -0.346223, -0.034177
0.555943, 0.000000, 0.428911, 0.000000
0.555965, 0.032981, 0.428655, 0.024812
0.556028, 0.990030, -0.346195, -0.007656
0.556251, 0.890637, -0.345084, -0.083813
0.556278, 0.826213, -0.343881, -0.132927
0.556363, 0.282368, 0.423547, 0.210956
0.556422, 0.930405, -0.345614, -0.053409
0.556426, 0.354878, 0.420359, 0.263994
0.556605, 0.473561, -0.322998, -0.387401
0.556681, 0.862046, -0.344349, -0.105667
0.556704, 0.763718, -0.342041, -0.180293
0.556755, 0.461972, -0.289868, -0.363204
0.556759, 0.443194, 0.080835, -0.005975
0.556783, 0.904117, -0.344963, -0.073531
0.556858, 0.917385, -0.345098, -0.063381
0.557327, 0.732290, -0.340570, -0.203941
0.557352, 0.422644, 0.391164, 0.286905
0.557526, 0.056368, 0.429631, 0.042390
0.557667, 0.593384, -0.335059, -0.307240
0.557933, 0.389587, 0.419226, 0.288653
0.557964, 0.744753, -0.340544, -0.194623
0.557966, 0.122639, 0.429098, 0.092114
0.558040, 0.639258, -0.336699, -0.273384
0.558395, 0.530100, -0.331480, -0.353483
0.558575, 0.212111, 0.427448, 0.158866
0.558583, 0.968075, -0.344197, -0.024516
0.558692, 0.089893, 0.430180, 0.067561
0.559107, 0.672872, -0.337266, -0.248497
0.559114, 0.309509, 0.424354, 0.230742
0.559117, 0.343027, 0.422865, 0.255237
0.559731, 0.811994, -0.341022, -0.143819
0.559776, 0.776312, -0.340145, -0.170881
0.559828, 0.847699, -0.341761, -0.116671
0.559895, 0.232338, 0.427782, 0.173827
0.559979, 0.555118, -0.331495, -0.335276
0.560080, 0.044645, 0.431536, 0.033557
0.560469, 0.617833, -0.334000, -0.289301
0.560831, 0.517883, -0.328978, -0.362355
0.561007, 0.254356, 0.427906, 0.190104
0.561037, 0.980246, -0.342457, -0.015179
0.561113, 0.710967, -0.337112, -0.220092
0.561208, 0.377380, 0.422498, 0.279929
0.561801, 0.411232, 0.417550, 0.300904
0.561992, 0.606040, -0.332454, -0.298130
0.562145, 0.167110, 0.431294, 0.125286
0.562413, 0.191308, 0.430839, 0.143294
0.562493, 0.179063, 0.431266, 0.134191
0.562572, 0.331299, 0.425915, 0.246533
0.562754, 0.202377, 0.430783, 0.151516
0.562802, 0.077456, 0.433340, 0.058182
0.562919, 0.155189, 0.432117, 0.116370
0.563127, 0.505227, -0.326601, -0.371580
0.563311, 0.012011, 0.434112, 0.009025
0.563374, 0.789081, -0.337803, -0.161309
0.563415, 0.453172, -0.291663, -0.376983
0.563485, 0.692686, -0.334707, -0.233842
0.563512, 0.661393, -0.333543, -0.257179
0.563658, 1.000000, -0.340489, 0.000000
0.563851, 0.111771, 0.433665, 0.083895
0.563935, 0.242135, 0.430442, 0.180966
0.563957, 0.432663, 0.199434, 0.098950
0.564028, 0.871196, -0.339073, -0.098812
0.564246, 0.365235, 0.425403, 0.271076
0.564420, 0.835652, -0.338066, -0.125931
0.564513, 0.543322, -0.327633, -0.344115
0.564598, 0.143342, 0.433581, 0.107486
0.564606, 0.299456, 0.428786, 0.223162
0.564759, 0.573890, -0.328918, -0.321809
0.564935, 0.273647, 0.429967, 0.204151
0.565190, 0.883342, -0.338424, -0.089546
0.565241, 0.492216, -0.324042, -0.380750
0.565514, 0.131655, 0.434422, 0.098724
0.565675, 0.628789, -0.330644, -0.281438
0.565966, 0.753431, -0.334826, -0.188299
0.566032, 0.024361, 0.436078, 0.018295
0.566072, 0.399644, 0.421700, 0.292693
0.566146, 0.479757, -0.321931, -0.388983
0.566379, 0.288227, 0.430426, 0.214802
0.566708, 0.222890, 0.433119, 0.166646
0.566848, 0.801192, -0.335558, -0.152225
0.566921, 0.320005, 0.429524, 0.238074
0.567029, 0.649028, -0.330527, -0.266549
0.567086, 0.896896, -0.337187, -0.079189
0.567131, 0.723805, -0.333131, -0.210692
0.567210, 0.856997, -0.336436, -0.109713
0.567362, 0.064944, 0.436640, 0.048735
0.567445, 0.584716, -0.327455, -0.314002
0.567480, 0.948031, -0.337555, -0.039972
0.567664, 0.739354, -0.333145, -0.198965
0.567684, 0.935831, -0.337307, -0.049348
0.567691, 0.910275, -0.336964, -0.068953
0.567816, 0.822881, -0.335342, -0.135758
0.567916, 0.100486, 0.436835, 0.075391
0.567918, 0.681630, -0.331055, -0.242276
0.568023, 0.923324, -0.336882, -0.058948
0.568290, 0.466103, -0.315906, -0.395168
0.568349, 0.563414, -0.325816, -0.329656
0.568378, 0.766778, -0.333497, -0.178332
0.568419, 0.037085, 0.437764, 0.027839
0.568476, 0.261620, 0.433046, 0.195189
0.568483, 0.960402, -0.336849, -0.030465
0.568645, 0.353151, 0.429218, 0.262122
0.568739, 0.702536, -0.331121, -0.226628
0.568923, 0.000000, 0.438035, 0.000000
0.569256, 0.051671, 0.438286, 0.038778
0.569548, 0.596139, -0.326421, -0.305703
0.569693, 0.533710, -0.323338, -0.351317
0.569768, 0.387462, 0.426951, 0.285639
0.569878, 0.421308, 0.395544, 0.281214
0.570026, 0.442840, -0.293793, -0.392082
0.570383, 0.973559, -0.335444, -0.020348
0.570649, 0.988251, -0.335316, -0.009040
0.570795, 0.088396, 0.438985, 0.066281
0.571003, 0.341720, 0.431451, 0.253701
0.571283, 0.522900, -0.321656, -0.359269
0.571508, 0.121850, 0.439079, 0.091312
0.571651, 0.779989, -0.331415, -0.168416
0.571664, 0.211792, 0.437080, 0.158278
0.571691, 0.616834, -0.325687, -0.290498
0.571950, 0.638121, -0.326424, -0.274804
0.572195, 0.670507, -0.327474, -0.250723
0.572337, 0.309513, 0.433967, 0.230207
0.572474, 0.845277, -0.332278, -0.118756
0.572871, 0.248165, 0.436805, 0.185149
0.572881, 0.551798, -0.321952, -0.338357
0.572992, 0.812162, -0.331214, -0.144019
0.573102, 0.375449, 0.430978, 0.277769
0.573254, 0.511415, -0.319637, -0.367695
0.573493, 0.174517, 0.439382, 0.130535
0.573678, 0.187296, 0.439197, 0.140031
0.573774, 0.161863, 0.439875, 0.121107
0.574022, 0.233903, 0.438106, 0.174572
0.574075, 0.199414, 0.439178, 0.149025
0.574143, 0.279125, 0.436447, 0.207833
0.574150, 0.713295, -0.327549, -0.218795
0.574340, 0.409859, 0.404483, 0.277237
0.574629, 0.865948, -0.331064, -0.102998
0.574832, 0.454873, -0.310952, -0.403953
0.574862, 0.077475, 0.442039, 0.058055
0.574930, 0.499122, -0.317728, -0.376624
0.574978, 0.148997, 0.441045, 0.111499
0.575317, 0.329743, 0.435094, 0.244771
0.575427, 0.732368, -0.327124, -0.204440
0.575706, 0.606767, -0.322349, -0.298135
0.575903, 0.692133, -0.325489, -0.234691
0.575910, 0.658798, -0.324330, -0.259619
0.575925, 0.363419, 0.433720, 0.269027
0.576213, 0.008589, 0.443494, 0.006438
0.576258, 0.135581, 0.442248, 0.101470
0.576266, 0.791449, -0.328261, -0.159835
0.576338, 0.877339, -0.329972, -0.094299
0.576350, 0.297379, 0.437328, 0.221137
0.576419, 0.832753, -0.329135, -0.128414
0.576682, 0.475008, -0.314378, -0.393293
0.576877, 0.431478, -0.271527, -0.383293
0.576919, 1.000000, -0.330797, 0.000000
0.576990, 0.573959, -0.319948, -0.322309
0.576998, 0.889675, -0.329751, -0.084875
0.576999, 0.018566, 0.444099, 0.013914
0.577012, 0.486815, -0.315423, -0.385460
0.577096, 0.758251, -0.326793, -0.185038
0.577201, 0.110459, 0.443332, 0.082693
0.578026, 0.397694, 0.421571, 0.282012
0.578028, 0.267766, 0.439747, 0.199363
0.578144, 0.902998, -0.329088, -0.074667
0.578232, 0.030621, 0.444974, 0.022946
0.578272, 0.745721, -0.325524, -0.194521
0.578584, 0.626289, -0.321055, -0.283842
0.578700, 0.541623, -0.317147, -0.345988
0.578996, 0.916089, -0.328639, -0.064623
0.579022, 0.067469, 0.445209, 0.050527
0.579030, 0.043418, 0.445479, 0.032527
0.579282, 0.056287, 0.445543, 0.042159
0.579298, 0.585598, -0.318790, -0.313882
0.579395, 0.221686, 0.442408, 0.165373
0.579425, 0.952774, -0.328670, -0.036399
0.579489, 0.801841, -0.326091, -0.152007
0.579516, 0.940673, -0.328530, -0.045721
0.579723, 0.772234, -0.325134, -0.174477
0.579771, 0.928755, -0.328196, -0.054891
0.579812, 0.097112, 0.445432, 0.072681
0.580131, 0.647597, -0.320751, -0.268088
0.580184, 0.319633, 0.439133, 0.237225
0.580205, 0.855368, -0.326732, -0.111199
0.580302, 0.965546, -0.328046, -0.026561
0.580411, 0.680882, -0.321762, -0.243274
0.580478, 0.561222, -0.316837, -0.331830
0.580598, 0.978638, -0.327920, -0.016470
0.580962, 0.255677, 0.442390, 0.190393
0.581246, 0.287124, 0.441283, 0.213425
0.581259, 0.821466, -0.325262, -0.137119
0.581342, 0.351374, 0.438300, 0.260116
0.581533, 0.722340, -0.322308, -0.212201
0.581614, 0.596787, -0.317549, -0.305723
0.581732, 0.385971, 0.434809, 0.283160
0.581781, 0.442565, -0.304158, -0.411965
0.581987, 0.465529, -0.310364, -0.400730
0.582169, 0.529950, -0.314087, -0.354702
0.582314, 0.702996, -0.321141, -0.226795
0.582423, 0.339162, 0.439745, 0.251269
0.582508, 0.420062, -0.018746, -0.142913
0.582806, 0.122728, 0.447202, 0.091754
0.583561, 0.208832, 0.445853, 0.155748
0.583673, 0.000000, 0.449125, 0.000000
0.583768, 0.242332, 0.444873, 0.180460
0.583788, 0.518328, -0.312329, -0.363223
0.584199, 0.990222, -0.325255, -0.007544
0.584235, 0.182671, 0.446963, 0.136315
0.584390, 0.307204, 0.442697, 0.227967
0.584412, 0.086265, 0.448925, 0.064520
0.584501, 0.169813, 0.447499, 0.126771
0.584523, 0.842846, -0.323291, -0.120866
0.584525, 0.669105, -0.318306, -0.252235
0.584775, 0.636039, -0.316869, -0.276858
0.584906, 0.505612, -0.310898, -0.372530
0.584922, 0.374248, 0.437775, 0.274573
0.585026, 0.196060, 0.447263, 0.146245
0.585139, 0.784331, -0.321417, -0.165444
0.585159, 0.157166, 0.448267, 0.117358
0.585179, 0.614819, -0.315682, -0.292564
0.586280, 0.407224, 0.335913, 0.198683
0.586316, 0.454122, -0.306299, -0.408831
0.586376, 0.144670, 0.449425, 0.108039
0.586432, 0.867668, -0.322318, -0.101890
0.586597, 0.550624, -0.311817, -0.339816
0.586753, 0.492690, -0.308844, -0.381916
0.586800, 0.734045, -0.318788, -0.203569
0.586906, 0.810351, -0.320754, -0.145700
0.587038, 0.275848, 0.445972, 0.204958
0.587185, 0.362796, 0.441516, 0.267713
0.587351, 0.230475, 0.447878, 0.171603
0.587530, 0.881413, -0.321763, -0.091370
0.587708, 0.132965, 0.450642, 0.099306
0.587806, 0.764400, -0.318913, -0.180643
0.587961, 0.478691, -0.307146, -0.391987
0.588045, 0.692010, -0.316502, -0.235224
0.588086, 0.104444, 0.451366, 0.078040
0.588094, 0.895165, -0.321589, -0.080824
0.588131, 0.712842, -0.317149, -0.219597
0.588478, 0.569523, -0.311291, -0.326052
0.588567, 0.023878, 0.452466, 0.017856
0.588567, 0.075412, 0.452142, 0.056375
0.588639, 0.657724, -0.314842, -0.260877
0.589269, 0.753438, -0.317504, -0.188977
0.589354, 0.831539, -0.319440, -0.129604
0.589456, 0.908600, -0.320747, -0.070505
0.589459, 0.295706, 0.446841, 0.219355
0.589503, 0.430888, -0.271813, -0.394580
0.589590, 0.329757, 0.445389, 0.244131
0.589717, 0.036620, 0.453326, 0.027380
0.589763, 0.011073, 0.453482, 0.008279
0.589952, 0.049724, 0.453381, 0.037171
0.590102, 0.580145, -0.310552, -0.318309
0.590261, 0.604788, -0.311501, -0.300173
0.590302, 0.263553, 0.448833, 0.195829
0.590452, 0.796899, -0.317778, -0.156027
0.590459, 0.062640, 0.453660, 0.046818
0.590489, 0.395409, 0.426684, 0.275937
0.590776, 0.921536, -0.319936, -0.060562
0.590850, 0.957833, -0.320176, -0.032566
0.591107, 1.000000, -0.320023, 0.000000
0.591264, 0.114857, 0.453500, 0.085746
0.591319, 0.853668, -0.318455, -0.112720
0.591340, 0.945391, -0.319732, -0.042173
0.591364, 0.538606, -0.307822, -0.348880
0.591522, 0.742794, -0.315473, -0.197068
0.591543, 0.317309, 0.447341, 0.234983
0.591565, 0.623754, -0.311385, -0.286262
0.591827, 0.217820, 0.451579, 0.162142
0.592052, 0.591684, -0.309621, -0.309908
0.592073, 0.970121, -0.319286, -0.023081
0.592145, 0.933986, -0.319020, -0.050976
0.592323, 0.679673, -0.312892, -0.244611
0.592520, 0.343809, 0.446774, 0.254130
0.592689, 0.646621, -0.311380, -0.269263
0.592852, 0.980928, -0.318682, -0.014733
0.592902, 0.251188, 0.451138, 0.186643
0.592947, 0.774729, -0.315324, -0.172927
0.593424, 0.443194, -0.297330, -0.413815
0.593538, 0.466229, -0.302445, -0.401250
0.593864, 0.383004, 0.432054, 0.268940
0.593866, 0.416731, -0.274347, -0.410968
0.594196, 0.093924, 0.456070, 0.070127
0.594355, 0.526723, -0.305035, -0.357642
0.594401, 0.559764, -0.306524, -0.333497
0.594416, 0.820241, -0.315428, -0.138350
0.594512, 0.190142, 0.454215, 0.141576
0.594606, 0.725277, -0.312631, -0.210377
0.594709, 0.355501, 0.447152, 0.261926
0.594769, 0.284896, 0.451177, 0.211265
0.594794, 0.513464, -0.304115, -0.367360
0.595195, 0.177011, 0.455081, 0.131844
0.595447, 0.204661, 0.454532, 0.152298
0.595653, 0.164245, 0.455717, 0.122371
0.596308, 0.500796, -0.302328, -0.376553
0.596450, 0.702230, -0.310681, -0.227896
0.596504, 0.634604, -0.308123, -0.278372
0.596643, 0.239366, 0.454299, 0.177837
0.596704, 0.151479, 0.456777, 0.112880
0.596873, 0.304743, 0.451724, 0.225594
0.597081, 0.370118, 0.446252, 0.270550
0.597086, 0.667588, -0.308948, -0.253837
0.597103, 0.125981, 0.457666, 0.093947
0.597110, 0.000000, 0.458825, 0.000000
0.597188, 0.487169, -0.301021, -0.386492
0.597226, 0.842206, -0.313756, -0.121595
0.597496, 0.455187, -0.298567, -0.408976
0.597648, 0.786853, -0.312206, -0.163876
0.597648, 0.862970, -0.313868, -0.105690
0.597798, 0.874380, -0.313982, -0.096935
0.598092, 0.888017, -0.313996, -0.086458
0.598386, 0.083331, 0.459255, 0.062178
0.598553, 0.138739, 0.458472, 0.103400
0.598795, 0.807918, -0.311931, -0.147885
0.598828, 0.989730, -0.314233, -0.007940
0.599008, 0.405475, -0.093895, -0.241873
0.599052, 0.272330, 0.454795, 0.201917
0.599214, 0.547597, -0.302516, -0.342710
0.599465, 0.901257, -0.313168, -0.076284
0.599548, 0.019332, 0.460535, 0.014427
0.599600, 0.714281, -0.308648, -0.218878
0.599641, 0.690068, -0.307789, -0.237059
0.599693, 0.762433, -0.310026, -0.182486
0.599711, 0.612263, -0.304884, -0.295089
0.600021, 0.227550, 0.457140, 0.169032
0.600108, 0.070526, 0.460622, 0.052612
0.600183, 0.474823, -0.298193, -0.395538
0.600230, 0.425037, -0.290056, -0.425657
0.600516, 0.043718, 0.461115, 0.032617
0.600586, 0.104226, 0.460563, 0.077707
0.600696, 0.030749, 0.461336, 0.022942
0.600783, 0.056941, 0.461225, 0.042477
0.600862, 0.571676, -0.302275, -0.325014
0.601229, 0.914299, -0.312045, -0.066257
0.601447, 0.336304, 0.453447, 0.248217
0.601473, 0.598697, -0.303003, -0.305168
0.601624, 0.735877, -0.307772, -0.202624
0.601676, 0.656923, -0.305079, -0.261907
0.601765, 0.749373, -0.308040, -0.192403
0.601801, 0.324906, 0.454335, 0.239999
0.602034, 0.951429, -0.311745, -0.037579
0.602055, 0.584533, -0.302006, -0.315667
0.602069, 0.830825, -0.309951, -0.130429
0.602356, 0.436707, -0.293464, -0.421861
0.602393, 0.393371, 0.268498, 0.108678
0.602428, 0.260130, 0.457685, 0.192851
0.602676, 0.963882, -0.311386, -0.027956
0.602883, 0.294454, 0.456596, 0.217889
0.602947, 0.927201, -0.310933, -0.056322
0.603089, 0.313547, 0.455772, 0.231701
0.603800, 0.623273, -0.302294, -0.287089
0.603912, 0.116592, 0.462656, 0.086829
0.604030, 0.215436, 0.460408, 0.159981
0.604182, 0.535681, -0.298289, -0.351605
0.604244, 0.676953, -0.303950, -0.247079
0.604245, 0.797322, -0.307573, -0.156084
0.604262, 0.775901, -0.306956, -0.172368
0.604416, 0.195584, 0.461198, 0.145310
0.604453, 0.852573, -0.308567, -0.113791
0.604479, 0.521093, -0.297412, -0.362287
0.604587, 0.644904, -0.302505, -0.271001
0.604594, 0.010080, 0.464299, 0.007518
0.604839, 1.000000, -0.309788, 0.000000
0.604909, 0.939999, -0.309581, -0.046449
0.604962, 0.347927, 0.455127, 0.256168
0.605017, 0.976731, -0.309578, -0.018014
0.605281, 0.381213, 0.440766, 0.267737
0.605539, 0.360201, 0.451506, 0.261710
0.605620, 0.248445, 0.460422, 0.184173
0.605711, 0.183406, 0.462509, 0.136295
0.605776, 0.558467, -0.298173, -0.335033
0.606350, 0.448365, -0.292150, -0.414681
0.606475, 0.170752, 0.463391, 0.126925
0.606501, 0.508764, -0.295286, -0.371273
0.606669, 0.818958, -0.306302, -0.139633
0.606692, 0.495297, -0.294514, -0.381087
0.606733, 0.281598, 0.459906, 0.208356
0.606972, 0.158474, 0.464038, 0.117829
0.607065, 0.462073, -0.292455, -0.404988
0.607492, 0.879663, -0.306863, -0.093041
0.607686, 0.723519, -0.302909, -0.212168
0.607742, 0.414693, -0.265279, -0.414612
0.608054, 0.145318, 0.465191, 0.108079
0.608082, 0.092415, 0.466203, 0.068819
0.608528, 0.634108, -0.299129, -0.279149
0.608852, 0.130826, 0.466079, 0.097323
0.609080, 0.205148, 0.464337, 0.152238
0.609164, 0.865023, -0.305294, -0.104316
0.609281, 0.893300, -0.305688, -0.082544
0.609313, 0.709134, -0.301221, -0.223054
0.609428, 0.483629, -0.291920, -0.389640
0.609447, 0.370397, 0.429992, 0.245375
0.609547, 0.236620, 0.463718, 0.175377
0.609737, 0.698874, -0.300543, -0.230767
0.609765, 0.078672, 0.467585, 0.058577
0.610260, 0.841405, -0.304011, -0.122475
0.610531, 0.064749, 0.468270, 0.048210
0.610645, 0.687068, -0.299460, -0.239659
0.610796, 0.786511, -0.302388, -0.164483
0.610889, 0.050722, 0.468614, 0.037765
0.610926, 0.666254, -0.298585, -0.255310
0.610959, 0.036856, 0.468712, 0.027442
0.611034, 0.304447, 0.461900, 0.224748
0.611076, 0.000000, 0.469074, 0.000000
0.611112, 0.766905, -0.301541, -0.179361
0.611151, 0.605431, -0.296145, -0.300609
0.611282, 0.906232, -0.304414, -0.072601
0.611343, 0.269373, 0.463752, 0.199265
0.611363, 0.402460, -0.272930, -0.434254
0.611384, 0.988643, -0.304982, -0.008807
0.611416, 0.428215, -0.285641, -0.427605
0.611471, 0.547108, -0.293469, -0.343598
0.611662, 0.472148, -0.289679, -0.397997
0.611723, 0.755982, -0.300833, -0.187703
0.611844, 0.105587, 0.468709, 0.078548
0.611873, 0.591844, -0.295050, -0.310673
0.611878, 0.022729, 0.469582, 0.016925
0.611939, 0.807823, -0.302075, -0.148255
0.612502, 0.567712, -0.293591, -0.328501
0.612649, 0.224965, 0.466280, 0.166695
0.612773, 0.578637, -0.293800, -0.320410
0.612889, 0.329957, 0.461841, 0.242969
0.613063, 0.527622, -0.291370, -0.357857
0.613251, 0.918998, -0.303138, -0.062769
0.613273, 0.954061, -0.303308, -0.035610
0.613314, 0.743876, -0.299317, -0.196941
0.613459, 0.652565, -0.296202, -0.265625
0.613668, 0.616617, -0.294720, -0.292417
0.613685, 0.317056, 0.463204, 0.233734
0.613842, 0.733115, -0.298555, -0.205071
0.614229, 0.290950, 0.464841, 0.214825
0.614240, 0.966076, -0.302778, -0.026313
0.614409, 0.389915, -0.089698, -0.261283
0.614429, 0.830090, -0.300732, -0.131274
0.614545, 0.341045, 0.462130, 0.250590
0.614607, 0.119009, 0.470332, 0.088433
0.615050, 0.440142, -0.285327, -0.420965
0.615084, 0.257715, 0.466890, 0.190602
0.615269, 0.931463, -0.301793, -0.053149
0.615972, 0.191697, 0.469646, 0.142114
0.616132, 0.354328, 0.460074, 0.257638
0.616233, 0.501593, -0.287853, -0.376981
0.616451, 0.852938, -0.299642, -0.113753
0.616672, 0.178506, 0.470538, 0.132382
0.616990, 0.453653, -0.284866, -0.411604
0.617044, 0.515746, -0.287922, -0.366720
0.617125, 0.677943, -0.294336, -0.246742
0.617166, 0.873180, -0.299411, -0.098160
0.617407, 0.627415, -0.292310, -0.284492
0.617567, 0.716369, -0.295259, -0.217842
0.617647, 0.010955, 0.473731, 0.008146
0.617677, 0.796825, -0.297518, -0.156799
0.617859, 0.154355, 0.472037, 0.114539
0.617938, 1.000000, -0.300111, 0.000000
0.617976, 0.776307, -0.296662, -0.172396
0.618026, 0.943794, -0.299889, -0.043627
0.618030, 0.978292, -0.299990, -0.016852
0.618031, 0.213921, 0.470607, 0.158437
0.618126, 0.641320, -0.292220, -0.274094
0.618155, 0.245989, 0.469526, 0.181912
0.618214, 0.378083, 0.278795, 0.095273
0.618253, 0.537753, -0.288007, -0.350676
0.618266, 0.140961, 0.472611, 0.104627
0.618370, 0.166328, 0.472131, 0.123369
0.618641, 0.885444, -0.298562, -0.088741
0.618911, 0.557555, -0.288440, -0.336254
0.619062, 0.420073, -0.279241, -0.433386
0.619143, 0.278840, 0.468937, 0.205832
0.619341, 0.818668, -0.296798, -0.140135
0.619360, 0.489513, -0.284966, -0.385864
0.619726, 0.364712, 0.430109, 0.233243
0.619956, 0.084568, 0.474875, 0.062832
0.620544, 0.202063, 0.472710, 0.149627
0.620662, 0.096435, 0.475192, 0.071620
0.620706, 0.071534, 0.475599, 0.053152
0.620871, 0.058295, 0.475823, 0.043319
0.620966, 0.692079, -0.291879, -0.236203
0.621095, 0.465056, -0.282505, -0.403644
0.621112, 0.409707, -0.278331, -0.442019
0.621114, 0.044870, 0.476049, 0.033341
0.621266, 0.898116, -0.296778, -0.078990
0.621313, 0.300491, 0.469461, 0.221418
0.621414, 0.659586, -0.290471, -0.260611
0.621423, 0.031778, 0.476298, 0.023611
0.621573, 0.598535, -0.288135, -0.306117
0.621740, 0.130246, 0.475289, 0.096623
0.622168, 0.477653, -0.282335, -0.394579
0.622386, 0.584236, -0.286971, -0.316733
0.622576, 0.233888, 0.473168, 0.172910
0.622645, 0.726693, -0.291746, -0.210175
0.622697, 0.704553, -0.291084, -0.226941
0.622823, 0.862785, -0.295052, -0.106291
0.623029, 0.841539, -0.294466, -0.122636
0.623092, 0.324423, 0.469244, 0.238319
0.623190, 0.763957, -0.292401, -0.181922
0.623228, 0.752048, -0.292162, -0.191051
0.623335, 0.108756, 0.476912, 0.080704
0.623422, 0.910632, -0.295403, -0.069355
0.623636, 0.397524, -0.251927, -0.426660
0.623924, 0.431367, -0.278350, -0.427614
0.624043, 0.610726, -0.286776, -0.297177
0.624207, 0.267169, 0.473079, 0.197141
0.624304, 0.569863, -0.284976, -0.327429
0.624336, 0.786264, -0.292203, -0.164998
0.624545, 0.000000, 0.478753, 0.000000
0.624565, 0.311717, 0.471228, 0.229358
0.624763, 0.989042, -0.294974, -0.008517
0.624953, 0.526459, -0.282598, -0.359258
0.624957, 0.670328, -0.288204, -0.252693
0.625008, 0.807118, -0.292279, -0.149108
0.625031, 0.347826, 0.465518, 0.251343
0.625296, 0.547469, -0.283258, -0.343882
0.625354, 0.020387, 0.479246, 0.015136
0.625436, 0.507164, -0.281333, -0.373301
0.625661, 0.222590, 0.475706, 0.164512
0.625744, 0.968221, -0.294100, -0.024696
0.625793, 0.922569, -0.293786, -0.060140
0.625998, 0.956645, -0.293842, -0.033689
0.626031, 0.444782, -0.277844, -0.418439
0.626131, 0.739072, -0.289546, -0.200935
0.626250, 0.335561, 0.469478, 0.244736
0.626443, 0.830150, -0.291730, -0.131485
0.626504, 0.288684, 0.473742, 0.212646
0.626612, 0.185462, 0.477527, 0.137236
0.626663, 0.120271, 0.479031, 0.089154
0.627087, 0.385406, -0.259425, -0.445823
0.627436, 0.648738, -0.285593, -0.268930
0.627722, 0.255661, 0.476030, 0.188610
0.627765, 0.634038, -0.284901, -0.279996
0.627805, 0.149336, 0.479320, 0.110607
0.627843, 0.934641, -0.292384, -0.050799
0.627909, 0.621943, -0.284276, -0.288936
0.628386, 0.875604, -0.291041, -0.096477
0.628831, 0.682789, -0.285764, -0.243500
0.628910, 0.495450, -0.278268, -0.382011
0.628986, 0.174057, 0.479566, 0.128789
0.629179, 0.372087, 0.034456, -0.161885
0.629689, 0.457135, -0.275881, -0.409816
0.629749, 0.715849, -0.286177, -0.218652
0.629779, 0.852102, -0.289667, -0.114663
0.629814, 0.888361, -0.290249, -0.086662
0.630089, 0.161605, 0.480643, 0.119587
0.630180, 0.243631, 0.478179, 0.179722
0.630290, 0.195796, 0.479990, 0.144751
0.630292, 0.774172, -0.287428, -0.174382
0.630532, 0.358743, 0.467241, 0.258424
0.630589, 0.946640, -0.290429, -0.041503
0.630855, 0.208893, 0.479950, 0.154326
0.631133, 0.420183, -0.272820, -0.436286
0.631146, 0.516777, -0.277571, -0.366543
0.631205, 1.000000, -0.290167, 0.000000
0.631217, 0.592034, -0.280675, -0.311253
0.631229, 0.796566, -0.287315, -0.157313
0.631384, 0.558425, -0.279247, -0.336119
0.631507, 0.077247, 0.483333, 0.057266
0.631519, 0.536763, -0.278243, -0.352041
0.631580, 0.138151, 0.482255, 0.102269
0.631624, 0.817546, -0.287576, -0.141281
0.631672, 0.052275, 0.483651, 0.038761
0.631713, 0.010308, 0.483896, 0.007644
0.631810, 0.978215, -0.289629, -0.016950
0.631845, 0.277085, 0.478099, 0.204016
0.631896, 0.089472, 0.483441, 0.066310
0.631905, 0.064585, 0.483765, 0.047884
0.632112, 0.483341, -0.275367, -0.390963
0.632122, 0.039846, 0.483946, 0.029538
0.632459, 0.577763, -0.279231, -0.321900
0.632529, 0.695478, -0.283425, -0.234087
0.632542, 0.406489, -0.267993, -0.443028
0.632573, 0.300459, 0.477523, 0.220873
0.633114, 0.470387, -0.274053, -0.400441
0.633185, 0.902050, -0.287925, -0.076116
0.633295, 0.101384, 0.484226, 0.075094
0.633397, 0.660636, -0.281584, -0.260261
0.633589, 0.322748, 0.476264, 0.236029
0.633819, 0.749529, -0.284101, -0.193235
0.633976, 0.604189, -0.279116, -0.302377
0.634191, 0.029414, 0.485575, 0.021799
0.634278, 0.434643, -0.271364, -0.426166
0.634443, 0.728288, -0.283036, -0.209381
0.634753, 0.864936, -0.286158, -0.104852
0.635150, 0.761400, -0.283409, -0.184223
0.635791, 0.393781, -0.266719, -0.453945
0.635874, 0.113612, 0.485926, 0.084093
0.635937, 0.345859, 0.448726, 0.224899
0.636046, 0.127488, 0.485659, 0.094308
0.636119, 0.219554, 0.483380, 0.161958
0.636201, 0.231795, 0.482970, 0.170879
0.636265, 0.640329, -0.278735, -0.275554
0.636313, 0.913750, -0.285784, -0.067097
0.636544, 0.840670, -0.284354, -0.123597
0.636815, 0.706496, -0.280608, -0.225947
0.636847, 0.785084, -0.282827, -0.166245
0.637105, 0.673064, -0.279276, -0.251104
0.637280, 0.265493, 0.482354, 0.195333
0.637300, 0.311507, 0.480172, 0.228490
0.637318, 0.505001, -0.272532, -0.375435
0.637396, 0.965235, -0.285350, -0.027073
0.637486, 0.828286, -0.283363, -0.133139
0.637561, 0.615889, -0.276901, -0.293836
0.637888, 0.447113, -0.269437, -0.417467
0.638107, 0.989013, -0.284989, -0.008561
0.638162, 0.926465, -0.284569, -0.057251
0.638188, 0.547326, -0.273765, -0.344572
0.638249, 0.289155, 0.482107, 0.212458
0.638268, 0.333943, 0.475237, 0.240227
0.638288, 0.380538, -0.241732, -0.440789
0.638335, 0.000000, 0.488722, 0.000000
0.638346, 0.526447, -0.272725, -0.359833
0.638389, 0.567191, -0.274415, -0.329942
0.638615, 0.806834, -0.282023, -0.149632
0.638908, 0.184843, 0.486512, 0.136466
0.638974, 0.150484, 0.487374, 0.111205
0.639534, 0.878702, -0.282786, -0.094284
0.639709, 0.739222, -0.279430, -0.201262
0.639729, 0.020387, 0.489719, 0.015097
0.639909, 0.253631, 0.484752, 0.186625
0.640059, 0.892379, -0.282575, -0.083691
0.640099, 0.171939, 0.487623, 0.126940
0.640309, 0.939425, -0.283057, -0.047190
0.640363, 0.367711, -0.219590, -0.428621
0.640475, 0.628378, -0.275220, -0.284680
0.640622, 0.585221, -0.273402, -0.316633
0.640757, 0.651367, -0.275758, -0.267450
0.640812, 0.685687, -0.276936, -0.241754
0.640869, 0.492896, -0.269399, -0.384430
0.640957, 0.198688, 0.487575, 0.146550
0.641023, 0.953578, -0.282676, -0.036182
0.641166, 0.459460, -0.267665, -0.408739
0.641740, 0.853284, -0.280763, -0.114003
0.641769, 0.413230, -0.264361, -0.441404
0.641880, 0.242320, 0.486631, 0.178334
0.642008, 0.426296, -0.265321, -0.432514
0.642161, 0.772558, -0.278518, -0.175955
0.642163, 0.718342, -0.276955, -0.217155
0.642508, 0.160609, 0.489656, 0.118559
0.642539, 0.044635, 0.491521, 0.033022
0.642787, 0.069650, 0.491575, 0.051522
0.642976, 0.355778, 0.160308, -0.058745
0.642999, 0.082354, 0.491560, 0.060904
0.643264, 0.056698, 0.492060, 0.041943
0.643597, 0.140658, 0.490941, 0.103877
0.643674, 0.278312, 0.486436, 0.204372
0.643700, 0.596506, -0.271561, -0.308409
0.643721, 0.480763, -0.266756, -0.393371
0.643842, 0.514867, -0.268186, -0.368549
0.643996, 0.210597, 0.489327, 0.155151
0.644205, 0.977051, -0.280413, -0.017904
0.644218, 0.094358, 0.492265, 0.069749
0.644235, 0.795729, -0.277545, -0.158288
0.644405, 1.000000, -0.280262, 0.000000
0.644494, 0.300355, 0.485901, 0.220122
0.644610, 0.817729, -0.277779, -0.141415
0.644834, 0.536679, -0.268394, -0.352643
0.644949, 0.401151, -0.261766, -0.450513
0.645223, 0.556731, -0.268939, -0.337937
0.645322, 0.751232, -0.275503, -0.192259
0.645362, 0.663326, -0.272728, -0.258653
0.645460, 0.470389, -0.265019, -0.400993
0.645462, 0.697110, -0.273825, -0.233303
0.645589, 0.010363, 0.493984, 0.007665
0.645605, 0.322603, 0.480502, 0.231121
0.645746, 0.106281, 0.493156, 0.078517
0.645971, 0.033608, 0.494294, 0.024859
0.645973, 0.865771, -0.277782, -0.104419
0.646470, 0.438407, -0.262728, -0.424084
0.646521, 0.903905, -0.277948, -0.074857
0.646564, 0.575255, -0.268619, -0.324253
0.646577, 0.118763, 0.493493, 0.087692
0.646945, 0.223652, 0.491027, 0.164584
0.646946, 0.607687, -0.269595, -0.300270
0.647289, 0.130311, 0.493805, 0.096184
0.647417, 0.388367, -0.256105, -0.456524
0.647548, 0.730007, -0.273247, -0.208468
0.647690, 0.640319, -0.270244, -0.276013
0.647869, 0.831358, -0.275592, -0.130985
0.647897, 0.343595, 0.457541, 0.224069
0.648073, 0.917373, -0.277069, -0.064440
0.648200, 0.762167, -0.273655, -0.184018
0.648658, 0.782591, -0.273920, -0.168475
0.648972, 0.268690, 0.490631, 0.197183
0.649006, 0.676366, -0.270466, -0.249013
0.649068, 0.502276, -0.263804, -0.377981
0.649561, 0.843531, -0.274702, -0.121692
0.649628, 0.312511, 0.488628, 0.228431
0.649717, 0.889580, -0.275222, -0.085990
0.649963, 0.965822, -0.275996, -0.026686
0.650029, 0.619280, -0.267757, -0.291801
0.650041, 0.450830, -0.260744, -0.415326
0.650050, 0.930673, -0.275703, -0.054102
0.650160, 0.708571, -0.270663, -0.224799
0.650165, 0.376029, -0.251696, -0.463519
0.650181, 0.190243, 0.494364, 0.140073
0.650378, 0.177425, 0.494849, 0.130682
0.650446, 0.877105, -0.274510, -0.095686
0.650556, 0.257962, 0.492233, 0.189356
0.650686, 0.288790, 0.490924, 0.211605
0.650762, 0.332734, 0.440451, 0.195446
0.650798, 0.234841, 0.493357, 0.172581
0.650862, 0.525175, -0.263463, -0.361328
0.650924, 0.988113, -0.275416, -0.009286
0.651397, 0.943953, -0.274810, -0.043760
0.651757, 0.419238, -0.257875, -0.438034
0.651951, 0.806952, -0.272046, -0.149887
0.651954, 0.546393, -0.263535, -0.345816
0.652006, 0.000000, 0.498662, 0.000000
0.652087, 0.022278, 0.498682, 0.016456
0.652421, 0.151232, 0.497133, 0.111463
0.652574, 0.586621, -0.264580, -0.316071
0.652656, 0.364055, -0.233912, -0.456605
0.652689, 0.489301, -0.260617, -0.387657
0.652714, 0.164914, 0.496971, 0.121481
0.652787, 0.565322, -0.263636, -0.331863
0.652789, 0.742140, -0.269658, -0.199407
0.652921, 0.652778, -0.266782, -0.266890
0.653169, 0.246786, 0.494603, 0.181168
0.653325, 0.202826, 0.496293, 0.149184
0.653451, 0.061790, 0.499299, 0.045608
0.653635, 0.075516, 0.499284, 0.055728
0.653674, 0.046865, 0.499695, 0.034600
0.653788, 0.955673, -0.273079, -0.034629
0.653915, 0.687522, -0.267165, -0.240795
0.654136, 0.629917, -0.265087, -0.284039
0.654177, 0.462969, -0.258296, -0.406756
0.654335, 0.856078, -0.271326, -0.112080
0.654622, 0.408153, -0.255311, -0.446191
0.654870, 0.719946, -0.267477, -0.216342
0.655184, 0.429714, -0.255951, -0.430724
0.655186, 0.087916, 0.500288, 0.064849
0.655444, 0.351827, -0.205624, -0.438159
0.655638, 0.793117, -0.268928, -0.160590
0.655764, 0.770943, -0.268198, -0.177527
0.655780, 0.512971, -0.259323, -0.370466
0.655804, 0.820738, -0.269447, -0.139368
0.655859, 0.301560, 0.493185, 0.219761
0.656070, 0.598217, -0.262421, -0.307617
0.656194, 0.666925, -0.264713, -0.256298
0.656233, 0.214998, 0.497930, 0.157948
0.656299, 0.138958, 0.500163, 0.102360
0.656336, 0.100519, 0.500907, 0.074109
0.656832, 0.395614, -0.252598, -0.454798
0.656877, 0.476482, -0.256934, -0.397091
0.657140, 1.000000, -0.270774, 0.000000
0.657334, 0.277941, 0.496056, 0.203455
0.657396, 0.113058, 0.501428, 0.083308
0.657410, 0.976022, -0.270525, -0.018754
0.657919, 0.535376, -0.258682, -0.354164
0.658139, 0.754707, -0.266002, -0.190006
0.658163, 0.125674, 0.501779, 0.092569
0.658196, 0.033908, 0.503003, 0.025010
0.658280, 0.909669, -0.269287, -0.070559
0.658285, 0.698997, -0.264258, -0.232287
0.658426, 0.897005, -0.268911, -0.080389
0.658529, 0.010968, 0.503324, 0.008090
0.658653, 0.868443, -0.268226, -0.102556
0.658693, 0.441381, -0.253991, -0.422548
0.659055, 0.324292, 0.479257, 0.221353
0.659288, 0.576013, -0.259212, -0.324214
0.659339, 0.833913, -0.267064, -0.129287
0.659356, 0.610051, -0.260413, -0.298960
0.659397, 0.227010, 0.499735, 0.166562
0.659490, 0.640901, -0.261436, -0.275992
0.659627, 0.555424, -0.258188, -0.339452
0.659798, 0.922855, -0.268317, -0.060304
0.659957, 0.732060, -0.263967, -0.207270
0.660006, 0.384011, -0.249599, -0.463109
0.660380, 0.500331, -0.255407, -0.379906
0.660390, 0.883030, -0.267093, -0.091242
0.660857, 0.782053, -0.264619, -0.169142
0.660903, 0.338535, 0.142636, -0.103042
0.661023, 0.183090, 0.502266, 0.134510
0.661026, 0.313283, 0.494795, 0.226823
0.661259, 0.265583, 0.499552, 0.194421
0.661686, 0.936445, -0.267005, -0.049711
0.661948, 0.291952, 0.498584, 0.213196
0.662173, 0.846616, -0.265264, -0.119566
0.662315, 0.195228, 0.502844, 0.143329
0.662331, 0.677900, -0.260494, -0.248276
0.662333, 0.453152, -0.251897, -0.414249
0.662732, 0.372635, -0.245616, -0.469878
0.662795, 0.171237, 0.504022, 0.125839
0.662967, 0.055475, 0.506198, 0.040866
0.663116, 0.523611, -0.254356, -0.363000
0.663233, 0.800412, -0.263334, -0.155151
0.663266, 0.158101, 0.504702, 0.116223
0.663350, 0.988152, -0.266104, -0.009279
0.663402, 0.253398, 0.501655, 0.185551
0.663438, 0.621421, -0.257777, -0.290649
0.663481, 0.418006, -0.249377, -0.439556
0.663666, 0.069685, 0.506534, 0.051318
0.663682, 0.710332, -0.260534, -0.223870
0.663798, 0.659518, -0.258738, -0.262087
0.663960, 0.949634, -0.265377, -0.039419
0.663985, 0.240109, 0.502543, 0.175895
0.664095, 0.487987, -0.252170, -0.389099
0.664240, 0.963832, -0.265315, -0.028319
0.664433, 0.587708, -0.255809, -0.315738
0.664537, 0.811822, -0.262664, -0.146432
0.664731, 0.361009, -0.239769, -0.474248
0.664776, 0.021787, 0.507780, 0.016048
0.665220, 0.744389, -0.260363, -0.198052
0.665266, 0.764061, -0.260855, -0.183042
0.665341, 0.000000, 0.508218, 0.000000
0.665458, 0.146065, 0.506604, 0.107370
0.665514, 0.465512, -0.250126, -0.405449
0.665545, 0.403772, -0.247145, -0.449847
0.665705, 0.545090, -0.253300, -0.347339
0.665864, 0.649433, -0.256834, -0.269701
0.666077, 0.081621, 0.508206, 0.060073
0.666163, 0.206713, 0.505317, 0.151588
0.666165, 0.565524, -0.253717, -0.332254
0.666262, 0.043314, 0.508723, 0.031892
0.666587, 0.348599, -0.190572, -0.435480
0.666706, 0.094613, 0.508452, 0.069608
0.666812, 0.430365, -0.247589, -0.430919
0.666841, 0.689247, -0.257499, -0.239903
0.667007, 0.859844, -0.261868, -0.109414
0.667102, 0.721631, -0.258316, -0.215430
0.667549, 0.511438, -0.250585, -0.372097
0.667610, 0.282328, 0.503173, 0.206108
0.667907, 0.133081, 0.508660, 0.097809
0.667983, 0.632585, -0.254758, -0.282472
0.667995, 0.599858, -0.253597, -0.306856
0.668018, 0.823738, -0.260321, -0.137339
0.668188, 0.107257, 0.509331, 0.078868
0.668239, 0.303975, 0.495897, 0.215013
0.668728, 0.874581, -0.260674, -0.097944
0.668872, 0.119907, 0.509607, 0.088135
0.669021, 0.217780, 0.506945, 0.159519
0.669580, 0.476665, -0.247634, -0.397542
0.669611, 0.902173, -0.260594, -0.076538
0.669624, 0.889269, -0.260285, -0.086554
0.669677, 0.391789, -0.243567, -0.458621
0.669765, 0.976513, -0.261271, -0.018418
0.669793, 0.774937, -0.257683, -0.174816
0.669820, 0.330030, 0.130311, -0.128507
0.669914, 1.000000, -0.261179, 0.000000
0.669999, 0.914868, -0.260525, -0.066654
0.670050, 0.789620, -0.257850, -0.163562
0.670166, 0.668713, -0.254251, -0.255387
0.670352, 0.229782, 0.507441, 0.168165
0.670557, 0.442358, -0.245419, -0.422462
0.670797, 0.533970, -0.249091, -0.355723
0.671009, 0.700717, -0.254729, -0.231380
0.671165, 0.271810, 0.506253, 0.198442
0.671199, 0.835674, -0.258180, -0.128190
0.671267, 0.928014, -0.259743, -0.056402
0.671322, 0.031574, 0.512402, 0.023223
0.671609, 0.576830, -0.250078, -0.324090
0.671720, 0.010436, 0.512790, 0.007675
0.671837, 0.317517, 0.493980, 0.222402
0.671906, 0.611647, -0.251105, -0.298243
0.671986, 0.499334, -0.246809, -0.381121
0.672078, 0.733991, -0.254872, -0.206143
0.672299, 0.754481, -0.255317, -0.190569
0.672455, 0.188766, 0.510285, 0.138310
0.672519, 0.063821, 0.512994, 0.046916
0.673079, 0.380460, -0.240395, -0.466722
0.673438, 0.555034, -0.247927, -0.340298
0.673516, 0.410877, -0.241750, -0.445162
0.673548, 0.178039, 0.511489, 0.130493
0.673734, 0.941319, -0.257963, -0.046007
0.673833, 0.165242, 0.512054, 0.121159
0.673936, 0.260368, 0.508810, 0.190116
0.673940, 0.847226, -0.256375, -0.119320
0.673997, 0.454290, -0.243428, -0.413979
0.674208, 0.643232, -0.250407, -0.274674
0.674390, 0.293075, 0.506197, 0.212324
0.674697, 0.247786, 0.509822, 0.180996
0.674812, 0.802008, -0.254604, -0.154193
0.675062, 0.341165, -0.229589, -0.486835
0.675129, 0.368674, -0.237802, -0.474655
0.675155, 0.954512, -0.257069, -0.035691
0.675283, 0.522110, -0.245294, -0.364598
0.675467, 0.052438, 0.515240, 0.038529
0.675620, 0.152945, 0.513717, 0.112155
0.675687, 0.199372, 0.512302, 0.145926
0.675800, 0.680039, -0.250419, -0.247085
0.675927, 0.988781, -0.256613, -0.008808
0.675966, 0.355758, -0.231981, -0.479203
0.675994, 0.421572, -0.240439, -0.437564
0.675999, 0.589341, -0.247239, -0.314955
0.676060, 0.487770, -0.243323, -0.389717
0.676594, 0.623176, -0.247994, -0.289811
0.676693, 0.656957, -0.248940, -0.264411
0.676965, 0.088622, 0.515871, 0.065060
0.677172, 0.813942, -0.253174, -0.145100
0.677209, 0.075331, 0.516220, 0.055310
0.677391, 0.712382, -0.250261, -0.222731
0.677396, 0.966367, -0.255502, -0.026411
0.677525, 0.140338, 0.515395, 0.102907
0.677705, 0.465541, -0.241182, -0.405960
0.678257, 0.020121, 0.517451, 0.014777
0.678328, 0.857656, -0.253166, -0.111278
0.678464, 0.236555, 0.513037, 0.172775
0.678473, 0.869021, -0.253285, -0.102459
0.678483, 0.399349, -0.237618, -0.453695
0.678565, 0.723730, -0.249662, -0.214118
0.678657, 0.101158, 0.516945, 0.074224
0.678725, 0.765774, -0.250814, -0.182150
0.678881, 0.743755, -0.250025, -0.198916
0.678887, 0.565791, -0.244273, -0.332565
0.678968, 0.544303, -0.243426, -0.348447
0.679025, 0.000000, 0.518012, 0.000000
0.679294, 0.781043, -0.250692, -0.170404
0.679307, 0.041125, 0.518091, 0.030195
0.679310, 0.432666, -0.238553, -0.429778
0.679389, 0.127156, 0.517027, 0.093237
0.679507, 0.305326, 0.474704, 0.186939
0.679513, 0.510139, -0.241682, -0.373527
0.679620, 0.881809, -0.252672, -0.092541
0.679772, 0.210642, 0.514981, 0.153999
0.679784, 0.114190, 0.517556, 0.083747
0.679797, 0.281570, 0.511611, 0.204800
0.679891, 0.690769, -0.247693, -0.239143
0.680098, 0.601525, -0.244611, -0.306058
0.680444, 0.825946, -0.250962, -0.135905
0.680817, 0.894642, -0.251991, -0.082564
0.680864, 0.222864, 0.515247, 0.162786
0.681118, 0.907123, -0.251987, -0.072836
0.681570, 0.327497, -0.193863, -0.464815
0.681585, 0.634064, -0.244605, -0.281832
0.681588, 0.919684, -0.251824, -0.063027
0.681810, 0.669767, -0.245580, -0.255031
0.682129, 0.476405, -0.238375, -0.398234
0.682682, 0.978619, -0.251485, -0.016806
0.682784, 0.444003, -0.236531, -0.421784
0.682836, 0.932557, -0.251058, -0.052966
0.683048, 0.702173, -0.245632, -0.230591
0.683073, 1.000000, -0.251218, 0.000000
0.683146, 0.578653, -0.241529, -0.323157
0.683198, 0.532497, -0.239826, -0.357284
0.683202, 0.792779, -0.248075, -0.161521
0.683346, 0.388225, -0.233566, -0.461907
0.683444, 0.315623, 0.202501, -0.077462
0.683622, 0.837876, -0.248796, -0.126736
0.683779, 0.173866, 0.518835, 0.127146
0.683932, 0.063620, 0.521273, 0.046658
0.683942, 0.269290, 0.515286, 0.195985
0.684159, 0.498408, -0.237756, -0.382251
0.684335, 0.188235, 0.518977, 0.137606
0.684442, 0.029783, 0.521774, 0.021842
0.684460, 0.613587, -0.241770, -0.297242
0.684935, 0.409896, -0.233416, -0.446410
0.685266, 0.256092, 0.516820, 0.186393
0.685267, 0.754115, -0.245506, -0.191208
0.685346, 0.646794, -0.242188, -0.272414
0.685501, 0.350767, -0.229041, -0.487421
0.685635, 0.160817, 0.520643, 0.117630
0.685641, 0.338490, -0.222215, -0.489641
0.685698, 0.732822, -0.244526, -0.207406
0.685775, 0.009717, 0.522888, 0.007124
0.685796, 0.377030, -0.231210, -0.469960
0.685855, 0.945826, -0.248863, -0.042578
0.685894, 0.294660, 0.506188, 0.205244
0.686139, 0.364186, -0.230024, -0.478775
0.686403, 0.455160, -0.234364, -0.413878
0.687066, 0.554793, -0.237816, -0.341060
0.687132, 0.804855, -0.245394, -0.152324
0.687246, 0.849296, -0.246281, -0.117954
0.687342, 0.083546, 0.523385, 0.061199
0.687465, 0.520325, -0.236183, -0.366372
0.687485, 0.148055, 0.522327, 0.108301
0.687600, 0.243746, 0.519212, 0.177580
0.687652, 0.773693, -0.244171, -0.176252
0.687665, 0.051539, 0.524015, 0.037769
0.687675, 0.421578, -0.231935, -0.438107
0.687692, 0.200529, 0.520770, 0.146360
0.687762, 0.591010, -0.238502, -0.314138
0.688106, 0.487014, -0.234379, -0.390715
0.688129, 0.957351, -0.247251, -0.033545
0.688526, 0.659131, -0.240192, -0.263255
0.689089, 0.134943, 0.523775, 0.098710
0.689372, 0.989991, -0.246395, -0.007877
0.689412, 0.682258, -0.240224, -0.245839
0.689422, 0.095058, 0.524761, 0.069590
0.689675, 0.230029, 0.521247, 0.167623
0.689703, 0.862030, -0.244647, -0.108098
0.689730, 0.720048, -0.241108, -0.217235
0.689832, 0.816928, -0.243666, -0.143094
0.690054, 0.107784, 0.524989, 0.078875
0.690133, 0.625301, -0.237893, -0.288676
0.690141, 0.969056, -0.245834, -0.024357
0.690165, 0.568190, -0.235930, -0.331186
0.690305, 0.874475, -0.244469, -0.098439
0.690382, 0.282933, 0.516281, 0.202723
0.690420, 0.465989, -0.231863, -0.406190
0.690894, 0.121388, 0.525219, 0.088770
0.691026, 0.397929, -0.228481, -0.455364
0.691135, 0.073346, 0.526282, 0.053696
0.691317, 0.433499, -0.229816, -0.429714
0.691393, 0.215478, 0.523010, 0.157069
0.691506, 0.542671, -0.234029, -0.350116
0.691543, 0.886856, -0.243770, -0.088814
0.691690, 0.709210, -0.239245, -0.225459
0.691768, 0.508273, -0.232512, -0.375341
0.691991, 0.039818, 0.527160, 0.029153
0.692019, 0.742255, -0.240043, -0.200429
0.692139, 0.603419, -0.235647, -0.305060
0.692326, 0.019118, 0.527548, 0.013997
0.692444, 0.899254, -0.243293, -0.079143
0.692450, 0.694800, -0.238329, -0.236479
0.692627, 0.305797, 0.204801, -0.089518
0.692642, 0.763445, -0.240168, -0.184269
0.692706, 0.911558, -0.243281, -0.069521
0.692809, 0.784806, -0.240550, -0.167858
0.692953, 0.671150, -0.237202, -0.254322
0.693047, 0.829019, -0.241489, -0.133810
0.693153, 0.924042, -0.243108, -0.059743
0.693185, 0.181148, 0.525397, 0.132170
0.693228, 0.000000, 0.528320, 0.000000
0.693539, 0.319349, -0.190576, -0.478038
0.693896, 0.637241, -0.235447, -0.279860
0.694201, 0.936856, -0.242495, -0.049702
0.694551, 0.331054, -0.217264, -0.497463
0.695052, 0.476157, -0.228840, -0.398945
0.695066, 0.580344, -0.232675, -0.322331
0.695121, 0.445368, -0.227542, -0.421317
0.695301, 0.168829, 0.527250, 0.123173
0.695311, 0.530158, -0.230724, -0.359450
0.695348, 0.273512, 0.521166, 0.196589
0.696028, 0.061089, 0.529959, 0.044683
0.696052, 0.410289, -0.225353, -0.446654
0.696055, 0.262280, 0.523243, 0.189511
0.696065, 0.358160, -0.222832, -0.483816
0.696078, 0.344783, -0.221553, -0.492635
0.696172, 0.980788, -0.241219, -0.015137
0.696412, 0.372204, -0.223347, -0.473946
0.696510, 0.796085, -0.238082, -0.159314
0.696524, 0.840966, -0.239092, -0.124617
0.696691, 0.386010, -0.223842, -0.464197
0.696828, 0.496478, -0.228273, -0.384101
0.696848, 0.615715, -0.232537, -0.296073
0.696998, 0.650356, -0.233510, -0.270103
0.697029, 1.000000, -0.240566, 0.000000
0.697302, 0.028629, 0.531010, 0.020936
0.697497, 0.204395, 0.527656, 0.148830
0.697702, 0.250792, 0.525944, 0.182135
0.697707, 0.156580, 0.529391, 0.114238
0.697726, 0.292831, 0.483225, 0.173638
0.697959, 0.729408, -0.235197, -0.210401
0.698396, 0.751979, -0.235508, -0.193205
0.698426, 0.191566, 0.528851, 0.139556
0.698617, 0.559781, -0.229287, -0.337664
0.698898, 0.238203, 0.527382, 0.173085
0.699143, 0.853530, -0.237373, -0.114914
0.699198, 0.144596, 0.530733, 0.105494
0.699222, 0.457110, -0.225013, -0.412979
0.699250, 0.422768, -0.223561, -0.437811
0.699463, 0.592838, -0.229791, -0.313180
0.699571, 0.085117, 0.532203, 0.062187
0.699587, 0.949592, -0.238504, -0.039729
0.699593, 0.808288, -0.236051, -0.149990
0.699709, 0.517528, -0.226967, -0.368860
0.700215, 0.048631, 0.533003, 0.035538
0.700278, 0.774691, -0.234635, -0.175825
0.700452, 0.010841, 0.533472, 0.007924
0.700509, 0.485727, -0.225137, -0.392101
0.700514, 0.224886, 0.529072, 0.163491
0.700520, 0.132742, 0.531915, 0.096844
0.700736, 0.098204, 0.532795, 0.071707
0.700871, 0.866448, -0.236321, -0.104892
0.701010, 0.662595, -0.230847, -0.261007
0.701015, 0.960967, -0.237478, -0.030777
0.701067, 0.110503, 0.532727, 0.080647
0.701396, 0.549965, -0.226917, -0.345098
0.701543, 0.702916, -0.231672, -0.230588
0.701972, 0.688104, -0.230946, -0.241850
0.702380, 0.879101, -0.235412, -0.095047
0.702492, 0.820447, -0.234147, -0.140668
0.702530, 0.399088, -0.220194, -0.455102
0.702576, 0.121636, 0.533621, 0.088725
0.702613, 0.716942, -0.231299, -0.220004
0.702757, 0.676576, -0.229929, -0.250499
0.702782, 0.971764, -0.236154, -0.022271
0.702906, 0.071768, 0.534675, 0.052397
0.702976, 0.570332, -0.226395, -0.330013
0.703254, 0.628135, -0.228138, -0.287025
0.703297, 0.435191, -0.221124, -0.429022
0.703624, 0.891282, -0.234699, -0.085553
0.703818, 0.312719, -0.212127, -0.512814
0.703933, 0.990193, -0.235319, -0.007737
0.704021, 0.282807, 0.514609, 0.191403
0.704082, 0.504918, -0.223232, -0.378238
0.704096, 0.468468, -0.221863, -0.404903
0.704107, 0.605160, -0.226697, -0.304142
0.704192, 0.903347, -0.234457, -0.076112
0.704260, 0.915486, -0.234569, -0.066588
0.704380, 0.538665, -0.224279, -0.353524
0.704417, 0.178572, 0.533538, 0.129979
0.704521, 0.740171, -0.230544, -0.202402
0.704609, 0.300871, -0.116990, -0.425179
0.704662, 0.927592, -0.234394, -0.057077
0.704683, 0.212972, 0.532493, 0.154766
0.704936, 0.762323, -0.230832, -0.185475
0.705108, 0.641789, -0.227113, -0.276780
0.705166, 0.036508, 0.536680, 0.026653
0.705260, 0.337223, -0.215007, -0.498884
0.705425, 0.324453, -0.214174, -0.507744
0.705488, 0.939518, -0.233868, -0.047697
0.705772, 0.832616, -0.231917, -0.131308
0.705975, 0.786534, -0.230682, -0.166923
0.706164, 0.364586, -0.215967, -0.479863
0.706214, 0.350882, -0.215220, -0.489511
0.706838, 0.000000, 0.538061, 0.000000
0.706952, 0.165928, 0.535651, 0.120748
0.706996, 0.582512, -0.223782, -0.321095
0.707044, 0.270357, 0.517854, 0.182369
0.707102, 0.377919, -0.215922, -0.470445
0.707240, 0.412183, -0.217298, -0.445833
0.707382, 0.447348, -0.218620, -0.420396
0.707423, 0.022261, 0.538498, 0.016248
0.707552, 0.526755, -0.221462, -0.362362
0.707669, 0.058493, 0.538278, 0.042670
0.708576, 0.617008, -0.223709, -0.295437
0.708616, 0.199481, 0.535788, 0.144919
0.708719, 0.845178, -0.229938, -0.121609
0.708741, 0.258526, 0.532770, 0.186669
0.708897, 0.799280, -0.228793, -0.157185
0.709248, 0.246665, 0.533697, 0.178141
0.709315, 0.653934, -0.224317, -0.267797
0.709520, 0.479006, -0.218233, -0.397383
0.709813, 0.389943, -0.214504, -0.462000
0.709974, 0.153316, 0.538218, 0.111552
0.710047, 0.234020, 0.535397, 0.169650
0.710281, 0.492191, -0.218161, -0.387783
0.710502, 0.729012, -0.225672, -0.211059
0.710779, 0.857897, -0.228652, -0.111759
0.710815, 0.424938, -0.215201, -0.436760
0.711049, 0.980615, -0.229876, -0.015312
0.711055, 0.750478, -0.225862, -0.194709
0.711067, 0.695162, -0.224282, -0.236800
0.711230, 0.141536, 0.539365, 0.102982
0.711243, 0.080650, 0.540474, 0.058759
0.711269, 1.000000, -0.229786, 0.000000
0.711352, 0.594676, -0.220921, -0.312210
0.711573, 0.092499, 0.540606, 0.067379
0.711721, 0.667826, -0.222908, -0.257398
0.711757, 0.187587, 0.538422, 0.136246
0.711823, 0.772927, -0.225863, -0.177512
0.711911, 0.559567, -0.219355, -0.338325
0.711914, 0.459223, -0.215746, -0.411950
0.711926, 0.514403, -0.217730, -0.371535
0.712008, 0.811825, -0.226722, -0.147567
0.712193, 0.870719, -0.227849, -0.101789
0.712394, 0.291678, -0.003411, -0.323492
0.712442, 0.957173, -0.228748, -0.033839
0.712574, 0.046157, 0.541907, 0.033638
0.712583, 0.104778, 0.541080, 0.076281
0.712584, 0.707935, -0.223500, -0.227156
0.712864, 0.129161, 0.540823, 0.093976
0.712962, 0.221443, 0.537984, 0.160517
0.713542, 0.116251, 0.541542, 0.084592
0.713684, 0.010984, 0.542926, 0.008004
0.714076, 0.635524, -0.220119, -0.281721
0.714154, 0.547524, -0.217259, -0.347291
0.714193, 0.681140, -0.221483, -0.247484
0.714312, 0.968748, -0.227339, -0.024702
0.714348, 0.572226, -0.217943, -0.329013
0.714394, 0.946326, -0.227135, -0.042403
0.714686, 0.402479, -0.211470, -0.453167
0.714706, 0.883748, -0.226148, -0.091632
0.714806, 0.067765, 0.543212, 0.049341
0.714943, 0.305990, -0.195180, -0.509683
0.715085, 0.824197, -0.224667, -0.138059
0.715148, 0.719433, -0.221846, -0.218459
0.715369, 0.437559, -0.212352, -0.427789
0.715728, 0.908189, -0.225783, -0.072482
0.715742, 0.502632, -0.214476, -0.380318
0.715791, 0.342799, -0.207970, -0.495722
0.715811, 0.895822, -0.225526, -0.082193
0.715818, 0.920655, -0.225866, -0.062672
0.715878, 0.329979, -0.207117, -0.504636
0.716075, 0.279162, 0.369306, 0.036931
0.716091, 0.356753, -0.208427, -0.485858
0.716282, 0.032865, 0.544672, 0.023934
0.716307, 0.933217, -0.225591, -0.052771
0.716397, 0.174987, 0.542164, 0.127028
0.716464, 0.605343, -0.217411, -0.304421
0.716484, 0.317378, -0.204238, -0.511671
0.716507, 0.208546, 0.541010, 0.151150
0.716777, 0.535418, -0.214865, -0.356281
0.717202, 0.369646, -0.208221, -0.476769
0.717269, 0.761748, -0.221414, -0.186229
0.717375, 0.782275, -0.221836, -0.170440
0.717720, 0.626307, -0.217087, -0.288744
0.717731, 0.738728, -0.220482, -0.203889
0.717769, 0.470320, -0.211832, -0.404078
0.718054, 0.836770, -0.222682, -0.128362
0.718455, 0.989519, -0.224349, -0.008293
0.718611, 0.162509, 0.543994, 0.117941
0.718644, 0.645736, -0.216981, -0.274206
0.718782, 0.585564, -0.214990, -0.319164
0.718906, 0.415092, -0.208893, -0.444238
0.719076, 0.266772, 0.533656, 0.186922
0.719165, 0.792946, -0.220755, -0.162276
0.719429, 0.522800, -0.212439, -0.365642
0.719516, 0.381798, -0.207080, -0.468212
0.719760, 0.449701, -0.209587, -0.419155
0.720184, 0.056072, 0.547258, 0.040788
0.720326, 0.658543, -0.216118, -0.264659
0.720331, 0.000000, 0.547647, 0.000000
0.720337, 0.243135, 0.542045, 0.175609
0.720417, 0.615625, -0.214695, -0.296787
0.720777, 0.849506, -0.220872, -0.118502
0.720928, 0.482892, -0.209963, -0.395044
0.720934, 0.021486, 0.548075, 0.015631
0.721150, 0.254614, 0.530843, 0.172752
0.721164, 0.196056, 0.544804, 0.142024
0.721273, 0.690930, -0.216333, -0.240218
0.721440, 0.230203, 0.543390, 0.166290
0.721861, 0.804427, -0.219015, -0.153505
0.722417, 0.862097, -0.219894, -0.108719
0.722451, 0.427632, -0.206775, -0.435288
0.722588, 0.137036, 0.547528, 0.099450
0.722698, 0.149659, 0.547217, 0.108552
0.722709, 0.298241, -0.190768, -0.516931
0.722777, 0.393763, -0.205213, -0.459785
0.722835, 0.076463, 0.548794, 0.055561
0.723214, 0.493982, -0.208651, -0.386993
0.723252, 0.087523, 0.549015, 0.063585
0.723256, 0.671343, -0.214274, -0.255097
0.723316, 0.750289, -0.216527, -0.195190
0.723326, 0.874883, -0.219472, -0.098745
0.723377, 0.702473, -0.215060, -0.231525
0.723489, 0.099731, 0.548962, 0.072431
0.723860, 0.123283, 0.548690, 0.089467
0.724337, 0.043615, 0.550302, 0.031699
0.724383, 0.564666, -0.210169, -0.334961
0.724502, 0.509394, -0.208173, -0.375630
0.724559, 0.977787, -0.219769, -0.017609
0.724764, 0.816326, -0.217100, -0.144377
0.724784, 0.596561, -0.210825, -0.311181
0.724802, 0.184248, 0.547763, 0.133416
0.724908, 0.460956, -0.206205, -0.411163
0.724926, 0.217484, 0.546603, 0.157248
0.725005, 0.553854, -0.209349, -0.342987
0.725155, 0.964424, -0.219182, -0.028193
0.725161, 1.000000, -0.219354, 0.000000
0.725199, 0.727652, -0.214414, -0.212467
0.725271, 0.286946, -0.190332, -0.526180
0.725367, 0.714327, -0.213908, -0.222611
0.725422, 0.772610, -0.215437, -0.178063
0.725453, 0.348549, -0.201289, -0.492086
0.725470, 0.111567, 0.550212, 0.080975
0.725471, 0.576644, -0.209685, -0.326027
0.725520, 0.952885, -0.218808, -0.037327
0.726280, 0.940358, -0.218134, -0.047244
0.726538, 0.334860, -0.199893, -0.501924
0.726984, 0.914069, -0.217328, -0.068017
0.727012, 0.926946, -0.217445, -0.057852
0.727085, 0.542645, -0.207401, -0.351303
0.727221, 0.323041, -0.198685, -0.510118
0.727236, 0.010569, 0.552564, 0.007678
0.727239, 0.406060, -0.202445, -0.451113
0.727283, 0.901454, -0.216915, -0.077957
0.727287, 0.361207, -0.200530, -0.483186
0.727355, 0.888611, -0.216657, -0.088054
0.727564, 0.828557, -0.215258, -0.134960
0.727670, 0.440295, -0.203394, -0.426258
0.727672, 0.635415, -0.209862, -0.282263
0.727722, 0.309696, -0.196935, -0.518718
0.728084, 0.066095, 0.552742, 0.047981
0.728302, 0.682232, -0.210768, -0.247030
0.728574, 0.275174, 0.026233, -0.318369
0.728789, 0.172485, 0.551007, 0.124844
0.728835, 0.530762, -0.205674, -0.360083
0.728850, 0.205058, 0.549837, 0.148192
0.729052, 0.031975, 0.553781, 0.023216
0.729274, 0.373248, -0.199603, -0.474686
0.729332, 0.762100, -0.212235, -0.186284
0.729707, 0.609442, -0.207494, -0.301702
0.729722, 0.648772, -0.208729, -0.272324
0.729791, 0.160998, 0.551945, 0.116532
0.729859, 0.784102, -0.212364, -0.169354
0.729987, 0.474076, -0.202898, -0.401742
0.730272, 0.841032, -0.213479, -0.125321
0.730376, 0.739355, -0.210856, -0.203747
0.730501, 0.518453, -0.203992, -0.369153
0.730521, 0.622616, -0.207263, -0.291857
0.730565, 0.239147, 0.547128, 0.170138
0.730901, 0.418348, -0.200236, -0.442383
0.731253, 0.262906, 0.402499, 0.046384
0.731619, 0.990206, -0.214436, -0.007780
0.731684, 0.661371, -0.207604, -0.262890
0.731877, 0.500399, -0.202365, -0.382474
0.731899, 0.795993, -0.211156, -0.160273
0.732019, 0.385302, -0.198099, -0.466165
0.732236, 0.586517, -0.204881, -0.318869
0.732380, 0.054429, 0.555943, 0.039479
0.732754, 0.129677, 0.554878, 0.093891
0.732874, 0.450616, -0.199967, -0.419036
0.733044, 0.853518, -0.211627, -0.115641
0.733121, 0.226984, 0.551939, 0.163740
0.733544, 0.694078, -0.207096, -0.238191
0.733605, 0.250487, 0.554340, 0.184392
0.733665, 0.877928, -0.211567, -0.096513
0.733799, 0.486536, -0.200541, -0.392854
0.733902, 0.431096, -0.198487, -0.433221
0.734019, 0.092618, 0.556504, 0.067099
0.734030, 0.000000, 0.557378, 0.000000
0.734035, 0.865417, -0.211082, -0.106341
0.734081, 0.141870, 0.555554, 0.102653
0.734112, 0.192350, 0.554073, 0.138915
0.734218, 0.297220, -0.191883, -0.527969
0.734503, 0.020904, 0.557704, 0.015158
0.734554, 0.078602, 0.557188, 0.056960
0.734567, 0.808002, -0.209428, -0.151065
0.735411, 0.340727, -0.193773, -0.498126
0.735447, 0.397605, -0.196082, -0.457462
0.735578, 0.750956, -0.207171, -0.194989
0.735701, 0.572609, -0.201873, -0.329371
0.735758, 0.706501, -0.205800, -0.228876
0.736002, 0.105256, 0.557794, 0.076209
0.736048, 0.600772, -0.202444, -0.308370
0.736166, 0.969532, -0.210895, -0.024209
0.736193, 0.463261, -0.197934, -0.409888
0.736262, 0.719074, -0.205796, -0.219365
0.736285, 0.673607, -0.204442, -0.253765
0.736326, 0.152902, 0.556757, 0.110519
0.736747, 0.042788, 0.559138, 0.031005
0.736865, 0.560647, -0.200633, -0.338296
0.737052, 0.352144, -0.193053, -0.490007
0.737137, 0.981253, -0.210173, -0.014901
0.737157, 0.214696, 0.555409, 0.154867
0.737266, 0.820254, -0.207659, -0.141633
0.737302, 0.118385, 0.558400, 0.085654
0.737302, 0.946888, -0.209834, -0.042185
0.737315, 0.933888, -0.209707, -0.052487
0.737473, 0.317560, -0.191197, -0.514575
0.737543, 0.285215, -0.181370, -0.528732
0.737937, 0.958329, -0.209431, -0.033110
0.737982, 0.920778, -0.209046, -0.062870
0.738060, 0.549299, -0.199373, -0.346725
0.738128, 0.180310, 0.557343, 0.130163
0.738569, 0.774299, -0.205430, -0.177091
0.738665, 0.908610, -0.208338, -0.072486
0.738780, 0.896184, -0.208083, -0.082293
0.738786, 0.730600, -0.204189, -0.210651
0.739176, 0.536879, -0.198130, -0.355916
0.739211, 0.363663, -0.191977, -0.481916
0.739225, 0.510614, -0.197234, -0.375234
0.739320, 0.640964, -0.201239, -0.278502
0.739497, 1.000000, -0.208397, 0.000000
0.739660, 0.328959, -0.190198, -0.506667
0.739778, 0.066308, 0.561061, 0.047999
0.739826, 0.628604, -0.200442, -0.287718
0.739848, 0.410564, -0.193356, -0.448302
0.739883, 0.832737, -0.205950, -0.131994
0.740294, 0.762798, -0.203836, -0.185997
0.740408, 0.524196, -0.196790, -0.365285
0.740523, 0.272877, -0.194289, -0.552146
0.740716, 0.202209, 0.558231, 0.145683
0.740870, 0.306725, -0.188303, -0.522438
0.741017, 0.010314, 0.562346, 0.007467
0.741131, 0.166871, 0.559920, 0.120440
0.741157, 0.614385, -0.199022, -0.298412
0.741278, 0.375181, -0.190948, -0.473796
0.741487, 0.238205, 0.543725, 0.158276
0.741625, 0.684539, -0.200699, -0.245673
0.741714, 0.885205, -0.205530, -0.090931
0.741785, 0.652723, -0.199689, -0.269708
0.741837, 0.439687, -0.192921, -0.427216
0.741879, 0.787017, -0.203305, -0.167454
0.742069, 0.031365, 0.563031, 0.022701
0.742158, 0.424390, -0.192147, -0.438343
0.742372, 0.591555, -0.197376, -0.315410
0.742444, 0.475659, -0.193737, -0.401084
0.742519, 0.845437, -0.204225, -0.122160
0.742558, 0.497718, -0.194353, -0.384870
0.743130, 0.260329, 0.046740, -0.319698
0.743402, 0.664757, -0.198774, -0.260650
0.743532, 0.131676, 0.562546, 0.095091
0.743676, 0.742376, -0.200728, -0.201747
0.743949, 0.086486, 0.563677, 0.062514
0.744036, 0.386785, -0.189398, -0.465606
0.744170, 0.451879, -0.191663, -0.418532
0.744335, 0.054198, 0.564426, 0.039196
0.744388, 0.799293, -0.201720, -0.158058
0.744412, 0.580171, -0.195557, -0.324048
0.744436, 0.225861, 0.560101, 0.162772
0.744474, 0.871595, -0.203191, -0.101687
0.745219, 0.697838, -0.198328, -0.235698
0.745657, 0.858404, -0.202130, -0.112106
0.745984, 0.487457, -0.191466, -0.392507
0.746216, 0.340339, -0.185954, -0.498869
0.746407, 0.098000, 0.565264, 0.070779
0.746574, 0.989545, -0.203019, -0.008327
0.746660, 0.248636, 0.376931, -0.001088
0.746726, 0.295107, -0.183135, -0.530394
0.746777, 0.143930, 0.564503, 0.103810
0.746983, 0.811544, -0.200033, -0.148634
0.747080, 0.398233, -0.187598, -0.457477
0.747225, 0.189640, 0.563326, 0.136524
0.747246, 0.464176, -0.189766, -0.409588
0.747405, 0.155692, 0.564531, 0.112214
0.747410, 0.975181, -0.202309, -0.019769
0.747621, 0.710709, -0.196885, -0.226034
0.747670, 0.567965, -0.192737, -0.333226
0.747737, 0.110769, 0.565949, 0.079950
0.747745, 0.603234, -0.193673, -0.306885
0.747788, 0.941014, -0.201795, -0.046950
0.747862, 0.000000, 0.567197, 0.000000
0.748003, 0.075966, 0.566762, 0.054872
0.748168, 0.020519, 0.567391, 0.014829
0.748230, 0.352514, -0.184970, -0.490217
0.748346, 0.927558, -0.201233, -0.057636
0.748559, 0.753910, -0.197273, -0.193023
0.748656, 0.721905, -0.196400, -0.217544
0.748988, 0.213491, 0.564152, 0.153986
0.749041, 0.042345, 0.567833, 0.030590
0.749217, 0.318127, -0.182858, -0.514759
0.749487, 0.543384, -0.190606, -0.351456
0.749552, 0.823858, -0.198352, -0.139129
0.749557, 0.283019, -0.181452, -0.539832
0.749781, 0.556157, -0.190803, -0.342067
0.749808, 0.175956, 0.565655, 0.126659
0.749991, 0.963873, -0.200265, -0.028785
0.750067, 0.903420, -0.199571, -0.076767
0.750167, 0.674586, -0.193866, -0.253382
0.750255, 0.636573, -0.192728, -0.282000
0.750256, 0.622986, -0.192389, -0.292264
0.750260, 0.915829, -0.199566, -0.066942
0.750325, 0.952857, -0.199921, -0.037551
0.750355, 0.122482, 0.567478, 0.088310
0.750575, 0.530422, -0.189384, -0.361047
0.750592, 0.517478, -0.188980, -0.370608
0.750882, 0.364808, -0.183538, -0.481572
0.750989, 0.766832, -0.195744, -0.183166
0.751049, 0.408686, -0.185028, -0.449982
0.751094, 0.506038, -0.188251, -0.379047
0.751264, 0.778877, -0.195927, -0.173979
0.751698, 0.419748, -0.184924, -0.441958
0.751797, 0.201797, 0.565922, 0.144902
0.751823, 0.734297, -0.194295, -0.208156
0.752053, 0.432660, -0.185153, -0.432727
0.752059, 0.836103, -0.196714, -0.129654
0.752238, 0.270176, -0.171329, -0.541095
0.752327, 0.892208, -0.197562, -0.085615
0.752425, 0.064529, 0.570043, 0.046567
0.752736, 0.647544, -0.191149, -0.273825
0.752740, 0.329263, -0.180806, -0.507076
0.752838, 0.306532, -0.179707, -0.523078
0.752895, 0.688573, -0.192217, -0.242937
0.753209, 0.376875, -0.182307, -0.473034
0.753219, 0.235940, 0.542290, 0.147804
0.753275, 0.660135, -0.191104, -0.264384
0.753463, 0.590982, -0.188981, -0.316175
0.753520, 0.880455, -0.196441, -0.094897
0.753625, 1.000000, -0.197703, 0.000000
0.754374, 0.791085, -0.193852, -0.164642
0.754515, 0.848219, -0.195101, -0.120248
0.754735, 0.444592, -0.183590, -0.424186
0.754742, 0.163504, 0.569560, 0.117603
0.754971, 0.010218, 0.572240, 0.007372
0.755001, 0.481473, -0.184568, -0.397213
0.755040, 0.611963, -0.188428, -0.300624
0.755203, 0.030957, 0.572317, 0.022332
0.755450, 0.135826, 0.570859, 0.097778
0.755745, 0.258376, -0.183011, -0.563359
0.755759, 0.868117, -0.194512, -0.104652
0.755890, 0.223561, 0.575097, 0.167866
0.755931, 0.087822, 0.572163, 0.063289
0.755982, 0.470886, -0.183465, -0.404909
0.756001, 0.456172, -0.183024, -0.415770
0.756218, 0.578961, -0.186567, -0.325233
0.756243, 0.495786, -0.184055, -0.386676
0.756299, 0.981479, -0.195516, -0.014781
0.756358, 0.388969, -0.180447, -0.464451
0.756772, 0.702499, -0.189618, -0.232463
0.756811, 0.052974, 0.573253, 0.038191
0.756924, 0.803242, -0.192210, -0.155314
0.757250, 0.341959, -0.178036, -0.498175
0.757338, 0.745743, -0.190345, -0.199522
0.757391, 0.102084, 0.572881, 0.073512
0.757641, 0.934558, -0.194157, -0.052177
0.758757, 0.293497, -0.175004, -0.532648
0.758976, 0.246370, -0.057469, -0.446538
0.758992, 0.184148, 0.571755, 0.132248
0.759036, 0.149757, 0.572997, 0.107652
0.759337, 0.858754, -0.191565, -0.112066
0.759392, 0.815490, -0.190609, -0.145871
0.759526, 0.567584, -0.183728, -0.333759
0.759568, 0.354699, -0.176838, -0.489153
0.759610, 0.631240, -0.185475, -0.286280
0.759921, 0.725464, -0.187818, -0.215073
0.760172, 0.400507, -0.178052, -0.456256
0.760262, 0.075488, 0.575411, 0.054354
0.760324, 0.195725, 0.572537, 0.140669
0.760536, 0.600606, -0.183924, -0.309243
0.760561, 0.547419, -0.182400, -0.348810
0.760606, 0.946403, -0.192017, -0.042782
0.760675, 0.535288, -0.181964, -0.357798
0.760692, 0.969882, -0.192121, -0.024061
0.760725, 0.757918, -0.188084, -0.190299
0.760812, 0.279959, -0.172431, -0.541716
0.760827, 0.113767, 0.575087, 0.081829
0.760856, 0.679724, -0.185888, -0.249845
0.761130, 0.714153, -0.186666, -0.223811
0.761208, 0.909785, -0.191143, -0.071906
0.761379, 0.522065, -0.181070, -0.367637
0.761425, 0.210305, 0.570849, 0.149271
0.761541, 0.991018, -0.191553, -0.007177
0.761556, 0.041508, 0.576647, 0.029889
0.761632, 0.923135, -0.190981, -0.061312
0.761678, 0.318357, -0.173904, -0.515140
0.761727, 0.000000, 0.577068, 0.000000
0.761926, 0.667405, -0.184738, -0.259184
0.761977, 0.020529, 0.577153, 0.014784
0.761997, 0.827766, -0.188883, -0.136372
0.762103, 0.771230, -0.187370, -0.180107
0.762313, 0.125580, 0.575770, 0.090247
0.762434, 0.509469, -0.179864, -0.376864
0.762574, 0.171927, 0.574736, 0.123358
0.762608, 0.413012, -0.176680, -0.447278
0.762670, 0.557670, -0.181070, -0.341205
0.762749, 0.367476, -0.174999, -0.480135
0.762762, 0.425488, -0.176987, -0.438251
0.763199, 0.898442, -0.189362, -0.080891
0.763432, 0.305364, -0.172120, -0.524421
0.763623, 0.619979, -0.182120, -0.294844
0.763926, 0.693576, -0.183873, -0.239384
0.763937, 0.958250, -0.189630, -0.033376
0.764155, 0.654192, -0.182662, -0.269184
0.764229, 0.783157, -0.186079, -0.171005
0.764397, 0.642081, -0.182085, -0.278203
0.764503, 0.840064, -0.187230, -0.126831
0.764564, 0.486689, -0.177579, -0.393648
0.764568, 0.437966, -0.176082, -0.429308
0.764638, 0.331457, -0.172312, -0.506055
0.764667, 0.463158, -0.176773, -0.410863
0.764847, 0.268421, -0.169840, -0.550694
0.764857, 0.063605, 0.578821, 0.045753
0.764970, 0.886501, -0.187753, -0.090335
0.765155, 0.379788, -0.173686, -0.471394
0.765199, 0.736989, -0.184081, -0.206419
0.765292, 0.588274, -0.179979, -0.318582
0.765364, 0.874899, -0.187223, -0.099481
0.765456, 0.233955, 0.214705, -0.187586
0.765947, 0.094763, 0.579107, 0.068104
0.766363, 0.221919, 0.545502, 0.130564
0.766519, 0.139279, 0.578523, 0.099956
0.767048, 0.795179, -0.184221, -0.161797
0.767213, 0.159884, 0.578367, 0.114625
0.767656, 0.450815, -0.174218, -0.420097
0.768115, 0.851762, -0.184682, -0.117741
0.768153, 0.256909, -0.161460, -0.553222
0.768289, 0.344679, -0.170146, -0.496710
0.768321, 0.475502, -0.174437, -0.401960
0.768438, 0.498316, -0.175051, -0.385275
0.768470, 1.000000, -0.186230, 0.000000
0.768824, 0.030605, 0.581923, 0.021999
0.768859, 0.609389, -0.177854, -0.302919
0.768875, 0.935309, -0.185543, -0.051706
0.768879, 0.576360, -0.176931, -0.327552
0.768943, 0.010859, 0.582137, 0.007807
0.769033, 0.392004, -0.171260, -0.462715
0.769039, 0.979966, -0.185782, -0.016040
0.769246, 0.083772, 0.581615, 0.060169
0.769336, 0.052113, 0.582086, 0.037448
0.769439, 0.807318, -0.182693, -0.152463
0.769695, 0.287268, -0.166829, -0.537381
0.770256, 0.704390, -0.179335, -0.231380
0.770483, 0.749060, -0.180411, -0.197404
0.770615, 0.202147, 0.579693, 0.145309
0.770676, 0.245852, -0.142088, -0.543420
0.770788, 0.357784, -0.168795, -0.487399
0.770853, 0.865176, -0.182764, -0.107214
0.770992, 0.105703, 0.582444, 0.075844
0.771162, 0.725631, -0.179184, -0.215224
0.771257, 0.914808, -0.183461, -0.068056
0.771261, 0.685162, -0.178026, -0.245945
0.771316, 0.630039, -0.176540, -0.287517
0.771329, 0.529842, -0.173780, -0.362103
0.771417, 0.542753, -0.174059, -0.352520
0.771477, 0.179614, 0.580706, 0.128590
0.771587, 0.763238, -0.179875, -0.186497
0.771633, 0.190073, 0.581648, 0.137243
0.771852, 0.819437, -0.181125, -0.143104
0.772106, 0.404493, -0.169414, -0.453791
0.772512, 0.297708, -0.165262, -0.530134
0.772638, 0.673301, -0.176684, -0.254985
0.772866, 0.947349, -0.182713, -0.042166
0.773036, 0.128853, 0.583258, 0.092330
0.773075, 0.597793, -0.174344, -0.311710
0.773123, 0.149378, 0.582827, 0.106966
0.773342, 0.565250, -0.173223, -0.335883
0.773395, 0.311266, -0.165176, -0.520617
0.773531, 0.072312, 0.584821, 0.051891
0.773571, 0.968515, -0.182348, -0.025243
0.773646, 0.518280, -0.171700, -0.370676
0.773682, 0.416668, -0.168645, -0.445029
0.773939, 0.116966, 0.584087, 0.083812
0.773959, 0.040636, 0.585408, 0.029167
0.773976, 0.323432, -0.165241, -0.512081
0.774114, 0.661470, -0.175253, -0.263968
0.774255, 0.428945, -0.168604, -0.436118
0.774283, 0.553808, -0.172177, -0.344354
0.774385, 0.276604, -0.163137, -0.545238
0.774397, 0.831910, -0.179440, -0.133429
0.774492, 0.775205, -0.177959, -0.177378
0.774535, 0.714793, -0.176365, -0.223639
0.774731, 0.371047, -0.166376, -0.478006
0.774778, 0.903417, -0.180523, -0.077132
0.774833, 0.214066, 0.561343, 0.134840
0.775180, 0.000000, 0.586561, 0.000000
0.775230, 0.507975, -0.170239, -0.378364
0.775230, 0.463961, -0.168951, -0.410642
0.775488, 0.925003, -0.180364, -0.060007
0.775554, 0.892133, -0.179783, -0.086111
0.775731, 0.989962, -0.180725, -0.008053
0.775994, 0.169133, 0.584165, 0.120887
0.776037, 0.487603, -0.169036, -0.393331
0.776280, 0.649686, -0.173256, -0.272854
0.776298, 0.022051, 0.587292, 0.015822
0.776453, 0.441420, -0.167374, -0.427151
0.776779, 0.619354, -0.172087, -0.295661
0.776841, 0.335685, -0.163612, -0.503451
0.776923, 0.878609, -0.178442, -0.096803
0.777158, 0.787241, -0.176217, -0.168166
0.777179, 0.383103, -0.164992, -0.469432
0.777319, 0.738317, -0.174808, -0.205729
0.777363, 0.639506, -0.172187, -0.280580
0.777483, 0.843871, -0.177320, -0.124142
0.777505, 0.585547, -0.170663, -0.320981
0.777628, 0.237521, -0.145694, -0.558127
0.777668, 0.225873, 0.030279, -0.387710
0.777761, 0.695023, -0.173283, -0.238617
0.777776, 0.264579, -0.159637, -0.553212
0.778097, 0.094261, 0.587744, 0.067533
0.778119, 0.060807, 0.588220, 0.043591
0.778321, 0.957958, -0.178705, -0.033746
0.779557, 0.348554, -0.162084, -0.494326
0.779658, 0.799395, -0.174612, -0.158846
0.779689, 0.856374, -0.175900, -0.114391
0.779996, 0.139059, 0.587960, 0.099431
0.780123, 0.756073, -0.173084, -0.192180
0.780158, 0.453351, -0.164986, -0.418584
0.780552, 0.476455, -0.165367, -0.401703
0.781134, 0.396162, -0.162494, -0.460087
0.781150, 0.936136, -0.176182, -0.051208
0.781220, 0.252233, -0.156146, -0.561286
0.781281, 0.158269, 0.588274, 0.113033
0.781403, 0.536453, -0.166368, -0.357479
0.781684, 0.607859, -0.168062, -0.304411
0.781730, 0.361820, -0.160942, -0.484861
0.781840, 0.082153, 0.590485, 0.058807
0.781961, 0.573442, -0.166957, -0.330106
0.782039, 0.498967, -0.164894, -0.385223
0.782100, 0.811239, -0.173029, -0.149728
0.782141, 0.011017, 0.591440, 0.007893
0.782183, 0.048477, 0.591225, 0.034720
0.782244, 0.979087, -0.175719, -0.016804
0.782287, 0.205682, 0.586279, 0.147557
0.782337, 0.287700, -0.157868, -0.537741
0.782390, 0.681871, -0.169421, -0.248741
0.782399, 0.193855, 0.593332, 0.144012
0.782609, 1.000000, -0.175469, 0.000000
0.782697, 0.727431, -0.170338, -0.214117
0.782871, 0.302176, -0.158026, -0.527507
0.783283, 0.912709, -0.174160, -0.069905
0.783545, 0.033940, 0.592387, 0.024305
0.783670, 0.181170, 0.589387, 0.129403
0.783764, 0.868437, -0.173004, -0.104982
0.783773, 0.105245, 0.591334, 0.075246
0.783938, 0.823821, -0.171914, -0.139982
0.784008, 0.524974, -0.164140, -0.366139
0.784341, 0.668778, -0.167624, -0.258741
0.784484, 0.629961, -0.166490, -0.287912
0.784540, 0.407470, -0.160359, -0.452087
0.784564, 0.547999, -0.164282, -0.348995
0.784604, 0.315801, -0.157272, -0.517889
0.784605, 0.419602, -0.160655, -0.443212
0.784667, 0.127416, 0.591468, 0.091017
0.784753, 0.704898, -0.168229, -0.231387
0.784919, 0.767480, -0.169684, -0.183545
0.785050, 0.596155, -0.165200, -0.313247
0.785735, 0.431967, -0.160183, -0.434244
0.785746, 0.887989, -0.171838, -0.089571
0.785862, 0.746866, -0.168450, -0.199408
0.785902, 0.116453, 0.592529, 0.083180
0.785972, 0.946951, -0.172645, -0.042621
0.786067, 0.716548, -0.167486, -0.222521
0.786205, 0.560686, -0.163406, -0.339695
0.786331, 0.274558, -0.154441, -0.547069
0.786461, 0.655759, -0.165681, -0.268639
0.786552, 0.070625, 0.594028, 0.050507
0.786726, 0.327576, -0.156160, -0.509616
0.786808, 0.465765, -0.160379, -0.409674
0.786900, 0.512125, -0.161597, -0.375655
0.786970, 0.778906, -0.168430, -0.174841
0.787171, 0.836433, -0.169677, -0.130183
0.787173, 0.968443, -0.171919, -0.025387
0.787261, 0.375206, -0.157330, -0.475412
0.787574, 0.147601, 0.593023, 0.105280
0.787709, 0.241943, -0.149438, -0.567041
0.787862, 0.923918, -0.170851, -0.061057
0.787991, 0.900402, -0.170329, -0.079766
0.788113, 0.488401, -0.160042, -0.393138
0.788267, 0.217013, -0.007720, -0.439968
0.788326, 0.387634, -0.156935, -0.466475
0.788403, 0.168942, 0.592575, 0.120131
0.788485, 0.000000, 0.595907, 0.000000
0.788837, 0.229672, -0.135688, -0.562650
0.788899, 0.339706, -0.154994, -0.501020
0.788920, 0.443467, -0.158164, -0.425995
0.789085, 0.022360, 0.596277, 0.015988
0.789182, 0.618344, -0.162633, -0.296786
0.789437, 0.642636, -0.163028, -0.278522
0.789481, 0.583973, -0.161522, -0.322452
0.789482, 0.691973, -0.164232, -0.241268
0.789543, 0.989479, -0.170166, -0.008472
0.789771, 0.791774, -0.166582, -0.164965
0.789939, 0.261892, -0.151303, -0.556024
0.790010, 0.848403, -0.167760, -0.120877
0.790116, 0.092065, 0.596186, 0.065742
0.790443, 0.058074, 0.596950, 0.041496
0.790652, 0.352465, -0.154126, -0.491896
0.791220, 0.736598, -0.164058, -0.207402
0.791342, 0.877791, -0.167323, -0.097745
0.791789, 0.957606, -0.168326, -0.034140
0.792167, 0.859251, -0.166304, -0.112385
0.792248, 0.294837, -0.151002, -0.533037
0.792479, 0.455102, -0.155848, -0.417618
0.792514, 0.364821, -0.153141, -0.483016
0.792668, 0.536859, -0.157889, -0.357500
0.792784, 0.803153, -0.164561, -0.156255
0.792811, 0.203617, 0.372306, -0.072993
0.792873, 0.758027, -0.163328, -0.191041
0.792920, 0.044666, 0.598779, 0.031898
0.792964, 0.477852, -0.156120, -0.401007
0.793193, 0.678399, -0.161051, -0.251656
0.793392, 0.934888, -0.166748, -0.052365
0.793507, 0.136326, 0.597476, 0.097118
0.793620, 0.308573, -0.150482, -0.523276
0.793758, 0.190769, 0.608727, 0.149676
0.793865, 0.500927, -0.156064, -0.384087
0.793873, 0.571568, -0.157905, -0.331871
0.793923, 0.815921, -0.163999, -0.146372
0.794342, 0.606494, -0.158387, -0.305756
0.794639, 0.156924, 0.597513, 0.111571
0.794803, 0.081088, 0.599605, 0.057841
0.794875, 0.522565, -0.155896, -0.368228
0.794883, 0.398253, -0.152426, -0.458992
0.795020, 0.250563, -0.147034, -0.563918
0.795022, 0.282668, -0.148562, -0.541745
0.795167, 0.010971, 0.600569, 0.007831
0.795176, 0.911992, -0.165032, -0.070693
0.795621, 0.422864, -0.152603, -0.441190
0.795653, 0.665124, -0.158862, -0.261794
0.795753, 0.725375, -0.160250, -0.216046
0.795758, 0.101362, 0.599911, 0.072245
0.795790, 0.828951, -0.162854, -0.136250
0.795803, 0.550132, -0.155897, -0.347839
0.795926, 0.411088, -0.152066, -0.449837
0.795946, 0.629998, -0.157752, -0.288207
0.796086, 0.978835, -0.165094, -0.017068
0.796439, 0.178901, 0.595204, 0.124513
0.796467, 1.000000, -0.164857, 0.000000
0.796610, 0.033085, 0.601504, 0.023606
0.796631, 0.594783, -0.156342, -0.314544
0.796784, 0.112818, 0.600364, 0.080358
0.797116, 0.712893, -0.158910, -0.225617
0.797288, 0.125046, 0.600433, 0.089024
0.797369, 0.890294, -0.162914, -0.087969
0.797465, 0.701246, -0.158359, -0.234488
0.797499, 0.320592, -0.148091, -0.514892
0.797910, 0.783081, -0.160066, -0.171885
0.798183, 0.770183, -0.159561, -0.181867
0.798217, 0.433407, -0.150944, -0.433504
0.798245, 0.652310, -0.156578, -0.271555
0.798352, 0.384237, -0.149465, -0.469258
0.798635, 0.068141, 0.602533, 0.048567
0.798663, 0.867927, -0.161425, -0.105664
0.798664, 0.945691, -0.162841, -0.043770
0.798706, 0.467244, -0.151522, -0.408881
0.798926, 0.270323, -0.145304, -0.550571
0.799268, 0.332420, -0.147202, -0.506544
0.799381, 0.237699, -0.144257, -0.573899
0.799507, 0.746664, -0.157925, -0.199929
0.799544, 0.225199, -0.146958, -0.585775
0.799574, 0.561266, -0.153317, -0.339661
0.799804, 0.842801, -0.159974, -0.125435
0.800056, 0.490098, -0.151123, -0.392188
0.800250, 0.345539, -0.146895, -0.497154
0.800297, 0.511257, -0.151512, -0.376687
0.800564, 0.923385, -0.161073, -0.061685
0.800593, 0.212972, -0.140255, -0.587719
0.800689, 0.968250, -0.161491, -0.025629
0.800737, 0.372677, -0.147333, -0.477544
0.800911, 0.167101, 0.600025, 0.117234
0.801012, 0.617424, -0.153587, -0.297789
0.801057, 0.688216, -0.155253, -0.244428
0.801152, 0.581770, -0.152630, -0.324466
0.801152, 0.144866, 0.602596, 0.102941
0.801237, 0.444653, -0.149012, -0.425407
0.801796, 0.000000, 0.605197, 0.000000
0.801860, 0.901808, -0.159732, -0.078942
0.802088, 0.055189, 0.605091, 0.039305
0.802138, 0.358512, -0.145901, -0.487850
0.802159, 0.021567, 0.605422, 0.015364
0.802370, 0.640334, -0.153115, -0.280650
0.802488, 0.531447, -0.150338, -0.361759
0.802589, 0.301563, -0.143758, -0.528539
0.803313, 0.258728, -0.141728, -0.558875
0.803330, 0.989019, -0.159567, -0.008874
0.803659, 0.794572, -0.155884, -0.163130
0.803754, 0.199693, 0.088413, -0.367896
0.803925, 0.854738, -0.157117, -0.116213
0.804043, 0.956514, -0.158828, -0.035123
0.804170, 0.091675, 0.606046, 0.065207
0.804191, 0.735358, -0.154020, -0.208690
0.804206, 0.674898, -0.152516, -0.254601
0.804223, 0.879626, -0.157418, -0.096571
0.804236, 0.807958, -0.155826, -0.152827
0.804318, 0.456328, -0.147027, -0.416968
0.804648, 0.757690, -0.154245, -0.191637
0.804788, 0.290315, -0.141811, -0.536677
0.805169, 0.479339, -0.147003, -0.400191
0.805203, 0.543062, -0.148564, -0.353208
0.805380, 0.043786, 0.607489, 0.031159
0.805459, 0.820899, -0.155165, -0.142762
0.806111, 0.405610, -0.144359, -0.454035
0.806143, 0.078387, 0.607533, 0.055733
0.806181, 0.934369, -0.156867, -0.052954
0.806196, 0.187764, 0.475266, 0.007984
0.806545, 0.419977, -0.144430, -0.443617
0.806656, 0.833896, -0.154501, -0.132604
0.806685, 0.312720, -0.141154, -0.520711
0.806717, 0.392610, -0.143553, -0.463485
0.807028, 0.605170, -0.148651, -0.307000
0.807127, 0.593005, -0.148315, -0.316153
0.807225, 0.500629, -0.146023, -0.384674
0.807277, 0.105535, 0.607908, 0.074969
0.807286, 0.661948, -0.149862, -0.264497
0.807427, 0.133074, 0.607223, 0.094430
0.807431, 0.722462, -0.151187, -0.218591
0.807434, 0.570867, -0.147566, -0.332680
0.807473, 0.155196, 0.606140, 0.109680
0.807569, 0.246464, -0.138331, -0.567715
0.807848, 0.278269, -0.139194, -0.545280
0.808106, 0.520741, -0.145849, -0.369850
0.808126, 0.119216, 0.608161, 0.084619
0.808150, 0.628298, -0.148388, -0.289805
0.808315, 0.780766, -0.151934, -0.173920
0.808331, 0.913247, -0.154893, -0.069918
0.808528, 0.010517, 0.609899, 0.007478
0.808727, 0.710045, -0.149877, -0.228063
0.809391, 0.697789, -0.149074, -0.237393
0.809432, 0.554725, -0.145677, -0.344755
0.809434, 0.176240, 0.605172, 0.123992
0.809485, 0.432854, -0.142608, -0.434386
0.809495, 0.031975, 0.610477, 0.022729
0.809952, 0.338919, -0.139621, -0.502223
0.810013, 0.891688, -0.153188, -0.087132
0.810087, 1.000000, -0.154381, 0.000000
0.810396, 0.325436, -0.138891, -0.511892
0.810472, 0.867940, -0.152365, -0.105977
0.810497, 0.468369, -0.142713, -0.408298
0.810503, 0.978237, -0.154007, -0.017623
0.810555, 0.064908, 0.610845, 0.046104
0.810591, 0.380196, -0.140335, -0.472506
0.810778, 0.650024, -0.146891, -0.273553
0.810785, 0.221532, -0.134627, -0.584654
0.810963, 0.768786, -0.149618, -0.183253
0.811082, 0.233345, -0.135149, -0.576809
0.811091, 0.366344, -0.139572, -0.482493
0.811611, 0.351967, -0.138789, -0.492891
0.811622, 0.944864, -0.152767, -0.044574
0.812340, 0.208416, -0.124658, -0.584997
0.812378, 0.266422, -0.135548, -0.553838
0.812579, 0.684535, -0.146297, -0.247510
0.812907, 0.616671, -0.144468, -0.298621
0.812939, 0.445148, -0.140352, -0.425500
0.813056, 0.745446, -0.147464, -0.201275
0.813081, 0.489922, -0.141347, -0.392668
0.813288, 0.164318, 0.596311, 0.102987
0.813425, 0.966572, -0.151587, -0.027067
0.813522, 0.582498, -0.143208, -0.324170
0.813634, 0.844061, -0.149310, -0.124798
0.814077, 0.532576, -0.141603, -0.361202
0.814101, 0.924739, -0.150593, -0.060803
0.814201, 0.300857, -0.135356, -0.529480
0.814230, 0.510389, -0.140983, -0.377649
0.814265, 0.145643, 0.611562, 0.103041
0.814808, 0.802446, -0.147461, -0.157350
0.815328, 0.054207, 0.614372, 0.038461
0.815342, 0.638281, -0.143110, -0.282485
0.815362, 0.000000, 0.614675, 0.000000
0.815486, 0.020759, 0.614708, 0.014731
0.815494, 0.903136, -0.149180, -0.078134
0.815572, 0.671587, -0.143707, -0.257408
0.815610, 0.456729, -0.138611, -0.416983
0.815762, 0.815452, -0.146995, -0.147225
0.815878, 0.732403, -0.144911, -0.211247
0.815895, 0.857189, -0.147955, -0.114616
0.815905, 0.955276, -0.149530, -0.036214
0.816000, 0.412258, -0.137202, -0.449426
0.816003, 0.196228, -0.130442, -0.601031
0.816064, 0.757091, -0.145334, -0.192316
0.816105, 0.086007, 0.614374, 0.060964
0.816262, 0.255103, -0.132386, -0.561931
0.816282, 0.829096, -0.146878, -0.136563
0.816308, 0.789824, -0.145984, -0.167157
0.816332, 0.287717, -0.133393, -0.538832
0.816386, 0.564139, -0.140580, -0.337840
0.816494, 0.098121, 0.614462, 0.069521
0.816547, 0.880871, -0.147903, -0.095861
0.816786, 0.989946, -0.149134, -0.008157
0.816985, 0.398442, -0.136129, -0.459541
0.817465, 0.042400, 0.615880, 0.030065
0.817483, 0.073607, 0.615541, 0.052167
0.817643, 0.544436, -0.139186, -0.352523
0.817814, 0.595358, -0.140219, -0.314656
0.817814, 0.314824, -0.133163, -0.519624
0.817898, 0.478628, -0.137437, -0.401013
0.818440, 0.111374, 0.615566, 0.078853
0.818596, 0.424944, -0.135608, -0.440298
0.819014, 0.184204, 0.104299, -0.374383
0.819142, 0.124193, 0.615588, 0.087804
0.819289, 0.718958, -0.141928, -0.221543
0.819510, 0.242042, -0.129598, -0.571187
0.819782, 0.659423, -0.140175, -0.266665
0.819813, 0.135179, 0.615736, 0.095535
0.820058, 0.935972, -0.146090, -0.051844
0.820187, 0.333955, -0.132001, -0.506040
0.820221, 0.606487, -0.138657, -0.306451
0.820222, 0.387323, -0.133452, -0.467697
0.820332, 0.706510, -0.140820, -0.231021
0.820387, 0.274689, -0.130068, -0.548237
0.820600, 0.777265, -0.142341, -0.176966
0.820624, 0.521559, -0.136410, -0.369537
0.820738, 0.694032, -0.140215, -0.240498
0.820831, 0.373545, -0.132632, -0.477643
0.821094, 0.359627, -0.132056, -0.487648
0.821118, 0.500065, -0.135550, -0.385418
0.821145, 0.216993, -0.127034, -0.588154
0.821149, 0.627309, -0.138376, -0.290789
0.821584, 0.574741, -0.136851, -0.330035
0.821618, 0.914983, -0.144605, -0.068756
0.821722, 0.345832, -0.131212, -0.497561
0.821846, 0.437749, -0.133508, -0.431055
0.821882, 0.171223, 0.524972, 0.033554
0.822279, 0.010454, 0.619489, 0.007404
0.822412, 0.156499, 0.622480, 0.116436
0.822487, 0.465863, -0.133674, -0.410421
0.822557, 0.030803, 0.619542, 0.021811
0.822574, 0.870706, -0.142951, -0.104015
0.822941, 0.892455, -0.143171, -0.086791
0.823365, 0.228510, -0.126312, -0.580629
0.823379, 0.647351, -0.137147, -0.275867
0.823481, 0.555001, -0.134999, -0.344832
0.824080, 0.981202, -0.143365, -0.015268
0.824182, 0.971171, -0.143220, -0.023410
0.824243, 1.000000, -0.143313, 0.000000
0.824398, 0.680948, -0.137111, -0.250528
0.824515, 0.765852, -0.138963, -0.185772
0.824918, 0.324678, -0.128304, -0.512886
0.824977, 0.305446, -0.127684, -0.526492
0.825143, 0.064017, 0.621108, 0.045282
0.825186, 0.205094, -0.124670, -0.597425
0.825386, 0.836574, -0.140020, -0.130980
0.825390, 0.451109, -0.131190, -0.421401
0.825484, 0.617253, -0.134839, -0.298451
0.825728, 0.848758, -0.140054, -0.121443
0.825740, 0.947095, -0.141748, -0.042920
0.825815, 0.533746, -0.132748, -0.360615
0.825818, 0.404428, -0.129729, -0.455364
0.825830, 0.740766, -0.137399, -0.205110
0.826007, 0.489214, -0.131600, -0.393447
0.826131, 0.586603, -0.133655, -0.321326
0.826319, 0.797622, -0.138349, -0.161336
0.826337, 0.294171, -0.126374, -0.534583
0.826377, 0.752204, -0.137228, -0.196345
0.826401, 0.264047, -0.125415, -0.555962
0.826485, 0.809888, -0.138504, -0.151808
0.826592, 0.822930, -0.138723, -0.141647
0.826595, 0.959095, -0.141197, -0.033211
0.827340, 0.728124, -0.135905, -0.214757
0.827428, 0.510721, -0.131038, -0.377723
0.827455, 0.144345, 0.621266, 0.102408
0.827509, 0.090991, 0.622207, 0.064268
0.827578, 0.860997, -0.138841, -0.111805
0.827713, 0.669634, -0.134278, -0.259114
0.827731, 0.078065, 0.622684, 0.055158
0.827735, 0.926814, -0.140010, -0.059342
0.827782, 0.251979, -0.124031, -0.564441
0.827817, 0.051689, 0.623056, 0.036535
0.828057, 0.282072, -0.124761, -0.543173
0.828072, 0.416370, -0.128354, -0.446756
0.828278, 0.104017, 0.622485, 0.073404
0.828459, 0.193330, -0.121090, -0.604562
0.828517, 0.904629, -0.139065, -0.077184
0.828968, 0.000000, 0.624158, 0.000000
0.828977, 0.635618, -0.132567, -0.284776
0.829377, 0.020827, 0.624384, 0.014719
0.829387, 0.785178, -0.135684, -0.171069
0.829428, 0.476396, -0.128729, -0.402905
0.829763, 0.040770, 0.624456, 0.028802
0.829902, 0.881615, -0.137495, -0.095544
0.829919, 0.117573, 0.623422, 0.083022
0.829929, 0.566213, -0.130323, -0.336600
0.830334, 0.598561, -0.130710, -0.312517
0.830509, 0.179862, -0.096908, -0.589414
0.830693, 0.380468, -0.125553, -0.472930
0.830711, 0.545087, -0.129291, -0.352345
0.830730, 0.428334, -0.126672, -0.438153
0.830827, 0.366524, -0.125096, -0.482972
0.830870, 0.238412, -0.121399, -0.574165
0.831154, 0.352302, -0.124495, -0.493246
0.831422, 0.393749, -0.125358, -0.463403
0.831469, 0.714099, -0.132398, -0.225565
0.831652, 0.314193, -0.123085, -0.520439
0.831734, 0.130700, 0.623312, 0.091281
0.831738, 0.989689, -0.137431, -0.008393
0.831771, 0.701723, -0.131841, -0.234896
0.831996, 0.689727, -0.131404, -0.244002
0.832104, 0.337807, -0.123411, -0.503641
0.832140, 0.216057, -0.119801, -0.589831
0.832203, 0.657252, -0.130560, -0.268586
0.832350, 0.166183, 0.311968, -0.189355
0.832726, 0.523038, -0.127291, -0.368710
0.832913, 0.463152, -0.125821, -0.412701
0.833550, 0.440299, -0.124848, -0.429500
0.833813, 0.939120, -0.135407, -0.049489
0.834019, 0.609993, -0.128137, -0.304063
0.834282, 0.774359, -0.131565, -0.179473
0.834621, 0.577863, -0.126997, -0.328044
0.834721, 0.916536, -0.134411, -0.067735
0.834820, 0.499898, -0.125214, -0.385830
0.835187, 0.272992, -0.119386, -0.549978
0.835455, 0.154248, 0.600268, 0.085647
0.835544, 0.894222, -0.133356, -0.085631
0.835635, 0.623658, -0.127176, -0.293850
0.835752, 0.965790, -0.134155, -0.027867
0.835769, 0.646487, -0.127560, -0.276724
0.835957, 0.761013, -0.129982, -0.189828
0.835994, 0.010544, 0.629028, 0.007437
0.836410, 0.870429, -0.132139, -0.104543
0.836484, 0.031390, 0.629292, 0.022135
0.836516, 0.556709, -0.125117, -0.343825
0.836599, 0.227207, -0.116982, -0.582231
0.836936, 0.830169, -0.130819, -0.136251
0.836954, 0.843070, -0.131104, -0.126143
0.837026, 0.301040, -0.118834, -0.530033
0.837027, 0.451943, -0.122500, -0.421030
0.837054, 0.325617, -0.119458, -0.512417
0.837058, 0.406264, -0.121468, -0.454411
0.837202, 0.069974, 0.629324, 0.049302
0.837437, 0.486640, -0.122946, -0.395601
0.837533, 0.817072, -0.130030, -0.146473
0.837571, 0.057608, 0.629695, 0.040592
0.837634, 0.856036, -0.130848, -0.115938
0.837647, 0.977594, -0.132722, -0.018263
0.837684, 0.287742, -0.117977, -0.539435
0.837741, 0.724879, -0.127715, -0.217407
0.837761, 0.203494, -0.115411, -0.598738
0.837985, 0.804410, -0.129350, -0.156294
0.838009, 0.792697, -0.129059, -0.165376
0.838035, 0.679156, -0.126489, -0.252105
0.838185, 0.737426, -0.127644, -0.207834
0.838218, 0.534750, -0.123375, -0.360159
0.838253, 1.000000, -0.132391, 0.000000
0.838260, 0.248270, -0.116430, -0.567428
0.838464, 0.748547, -0.127715, -0.199400
0.838537, 0.083486, 0.630069, 0.058784
0.838591, 0.952680, -0.131833, -0.038557
0.838807, 0.096134, 0.629905, 0.067652
0.838928, 0.667144, -0.125553, -0.261220
0.838989, 0.589606, -0.123911, -0.319404
0.839035, 0.188941, -0.114308, -0.608973
0.839365, 0.141982, 0.633301, 0.104686
0.839417, 0.260246, -0.115957, -0.559020
0.839589, 0.512769, -0.121889, -0.376453
0.839862, 0.108928, 0.630250, 0.076492
0.840068, 0.418770, -0.119519, -0.445391
0.840605, 0.929005, -0.129991, -0.057775
0.840845, 0.474366, -0.120111, -0.404642
0.840849, 0.359861, -0.117559, -0.488020
0.840976, 0.373386, -0.117784, -0.478237
0.841185, 0.044330, 0.632473, 0.031209
0.841275, 0.634503, -0.123089, -0.285889
0.841545, 0.346702, -0.116733, -0.497530
0.841607, 0.905956, -0.128835, -0.076360
0.841727, 0.386242, -0.117537, -0.468993
0.841800, 0.175752, -0.124372, -0.629999
0.842078, 0.121080, 0.631813, 0.085388
0.842276, 0.883990, -0.127839, -0.093907
0.842495, 0.000000, 0.633562, 0.000000
0.842800, 0.313041, -0.114946, -0.521557
0.842851, 0.692539, -0.123040, -0.242083
0.842889, 0.568862, -0.120503, -0.334907
0.843013, 0.021293, 0.633891, 0.014986
0.843019, 0.430315, -0.117576, -0.437050
0.843048, 0.704803, -0.123167, -0.232825
0.843147, 0.601407, -0.120970, -0.310691
0.843253, 0.546676, -0.119789, -0.351412
0.843731, 0.215732, -0.111552, -0.590476
0.843961, 0.237899, -0.112054, -0.574932
0.844388, 0.783061, -0.123875, -0.173009
0.844760, 0.716150, -0.122096, -0.224267
0.844813, 0.334476, -0.114033, -0.506353
0.844817, 0.163335, -0.044601, -0.558594
0.844855, 0.131315, 0.627284, 0.086751
0.844931, 0.463473, -0.116811, -0.412696
0.844990, 0.988584, -0.127153, -0.009339
0.845045, 0.397623, -0.115341, -0.460828
0.845377, 0.524456, -0.117745, -0.367944
0.845406, 0.769232, -0.122797, -0.183742
0.845421, 0.614109, -0.119482, -0.301246
0.845749, 0.441687, -0.115774, -0.428775
0.845889, 0.657294, -0.119941, -0.268719
0.846094, 0.941983, -0.125877, -0.047347
0.846458, 0.965355, -0.125781, -0.028315
0.846563, 0.279437, -0.111349, -0.545643
0.846602, 0.493448, -0.116188, -0.390805
0.846853, 0.645681, -0.118984, -0.277527
0.847375, 0.918587, -0.124516, -0.066296
0.847557, 0.268651, -0.110336, -0.553277
0.847594, 0.580591, -0.117153, -0.326304
0.847693, 0.862706, -0.123117, -0.110910
0.847843, 0.505086, -0.115486, -0.382258
0.847891, 0.196173, -0.108067, -0.604190
0.847965, 0.836418, -0.122312, -0.131620
0.848150, 0.874713, -0.123000, -0.101390
0.848240, 0.292467, -0.110483, -0.536450
0.848324, 0.849438, -0.122315, -0.121388
0.848330, 0.730492, -0.119557, -0.213299
0.848354, 0.151294, 0.279303, -0.244330
0.848372, 0.756396, -0.120190, -0.193668
0.848378, 0.823179, -0.121680, -0.141982
0.848567, 0.453271, -0.113889, -0.420298
0.848610, 0.810029, -0.121182, -0.152217
0.848751, 0.076501, 0.637180, 0.053697
0.848768, 0.559062, -0.115826, -0.342303
0.848773, 0.895117, -0.122983, -0.085178
0.848803, 0.410296, -0.112824, -0.451690
0.848901, 0.033335, 0.637878, 0.023412
0.849161, 0.302871, -0.110070, -0.529012
0.849237, 0.064167, 0.637704, 0.045038
0.849273, 0.625364, -0.116752, -0.292913
0.849341, 0.052947, 0.637933, 0.037173
0.849350, 0.796237, -0.120258, -0.162903
0.849471, 0.670674, -0.117461, -0.258759
0.849474, 0.010790, 0.638394, 0.007578
0.849486, 0.250641, -0.108456, -0.566070
0.849708, 0.322114, -0.110156, -0.515332
0.849739, 0.227523, -0.107630, -0.582400
0.850107, 0.089133, 0.637941, 0.062535
0.850114, 0.682898, -0.117234, -0.249587
0.850188, 0.101484, 0.637557, 0.071138
0.850325, 0.481736, -0.113148, -0.399484
0.850520, 0.536548, -0.114072, -0.359072
0.851289, 0.366776, -0.110033, -0.483264
0.851298, 0.743752, -0.117585, -0.203338
0.851303, 0.977242, -0.122174, -0.018652
0.851345, 0.184638, -0.105640, -0.612699
0.851605, 0.206386, -0.105675, -0.597102
0.851655, 1.000000, -0.121971, 0.000000
0.851854, 0.592330, -0.114125, -0.317652
0.851907, 0.954090, -0.121480, -0.037577
0.852216, 0.114332, 0.637463, 0.078917
0.852238, 0.354843, -0.109069, -0.491893
0.852362, 0.379437, -0.109507, -0.474067
0.852848, 0.139594, 0.547193, 0.010400
0.853041, 0.422181, -0.109922, -0.443138
0.853146, 0.931187, -0.120179, -0.056205
0.853482, 0.515519, -0.111410, -0.374633
0.853589, 0.343263, -0.107812, -0.500246
0.854014, 0.908037, -0.119097, -0.074912
0.854070, 0.172365, -0.101727, -0.619477
0.854196, 0.470342, -0.110004, -0.407897
0.854343, 0.696245, -0.114204, -0.239531
0.854460, 0.636859, -0.112955, -0.284333
0.854795, 0.777406, -0.115595, -0.177614
0.854868, 0.260789, -0.104885, -0.559161
0.855029, 0.389895, -0.107765, -0.466600
0.855082, 0.604789, -0.111883, -0.308408
0.855338, 0.548842, -0.110631, -0.350021
0.855532, 0.707884, -0.113540, -0.230783
0.855563, 0.720410, -0.113762, -0.221243
0.855698, 0.434064, -0.108179, -0.434523
0.855742, 0.043464, 0.642558, 0.030459
0.855841, 0.000000, 0.642825, 0.000000
0.855876, 0.022279, 0.642772, 0.015614
0.855959, 0.571583, -0.110572, -0.333113
0.856118, 0.239724, -0.103410, -0.573952
0.856418, 0.217692, -0.102580, -0.589372
0.856482, 0.310628, -0.104938, -0.523680
0.856492, 0.125987, 0.651624, 0.099252
0.856586, 0.884314, -0.116563, -0.093938
0.857196, 0.285181, -0.103807, -0.541819
0.857301, 0.331141, -0.104817, -0.509028
0.857621, 0.160648, -0.105690, -0.633931
0.857653, 0.402338, -0.106071, -0.457586
0.857704, 0.650067, -0.110683, -0.274428
0.857712, 0.765392, -0.113063, -0.186950
0.857954, 0.446530, -0.106725, -0.425413
0.858118, 0.498846, -0.107592, -0.387022
0.858274, 0.527072, -0.108005, -0.366229
0.858283, 0.988682, -0.116732, -0.009301
0.858326, 0.661895, -0.110450, -0.265591
0.858362, 0.616516, -0.109585, -0.299710
0.858620, 0.788311, -0.112818, -0.169262
0.858802, 0.830047, -0.113622, -0.136847
0.858805, 0.857094, -0.114206, -0.115570
0.858852, 0.459344, -0.106291, -0.416033
0.858952, 0.966094, -0.116022, -0.027829
0.859046, 0.843379, -0.113720, -0.126388
0.859049, 0.870531, -0.114286, -0.104923
0.859096, 0.943334, -0.115671, -0.046426
0.859096, 0.803487, -0.112758, -0.157494
0.859473, 0.733917, -0.110960, -0.210972
0.859722, 0.816362, -0.112586, -0.147544
0.859896, 0.069334, 0.644881, 0.048477
0.859903, 0.273542, -0.101574, -0.550221
0.859912, 0.488517, -0.106051, -0.394674
0.860047, 0.920401, -0.114543, -0.065042
0.860377, 0.195196, -0.099149, -0.605230
0.860411, 0.561517, -0.106983, -0.340664
0.860636, 0.583219, -0.107226, -0.324602
0.860832, 0.081567, 0.645432, 0.057061
0.860886, 0.897654, -0.113449, -0.083370
0.860930, 0.674527, -0.108671, -0.256110
0.861000, 0.753435, -0.110222, -0.196177
0.861184, 0.297592, -0.101212, -0.533074
0.861513, 0.148998, -0.075128, -0.612426
0.861534, 0.055853, 0.646363, 0.039059
0.861565, 0.413391, -0.103393, -0.449696
0.861591, 0.105078, 0.644784, 0.072963
0.861716, 0.686819, -0.108296, -0.246838
0.862009, 0.093748, 0.646121, 0.065630
0.862038, 0.373565, -0.102244, -0.478569
0.862487, 0.628285, -0.106617, -0.290950
0.862523, 0.011197, 0.647404, 0.007830
0.862533, 0.033068, 0.647313, 0.023123
0.862567, 0.250440, -0.099084, -0.566654
0.862726, 0.229616, -0.098412, -0.581174
0.862857, 0.508048, -0.104157, -0.380255
0.862876, 0.319811, -0.100490, -0.517283
0.862926, 0.538893, -0.104685, -0.357570
0.863046, 0.181925, -0.096903, -0.614539
0.863534, 0.362421, -0.100911, -0.486643
0.863746, 0.476815, -0.102939, -0.403319
0.864121, 0.207071, -0.096828, -0.597113
0.864139, 0.595542, -0.104763, -0.315485
0.864506, 0.136719, 0.227832, -0.317803
0.864510, 0.351543, -0.099964, -0.494479
0.864942, 0.977629, -0.111413, -0.018414
0.865125, 1.000000, -0.111338, 0.000000
0.865305, 0.955093, -0.110910, -0.036904
0.865368, 0.340256, -0.099100, -0.502627
0.865407, 0.115127, 0.640268, 0.073650
0.865658, 0.426711, -0.100594, -0.440048
0.866065, 0.932561, -0.109979, -0.055283
0.866184, 0.394576, -0.099589, -0.463416
0.866274, 0.742971, -0.105841, -0.204234
0.866302, 0.641129, -0.103893, -0.281354
0.866325, 0.724104, -0.105411, -0.218600
0.866717, 0.775823, -0.106175, -0.179063
0.866777, 0.909588, -0.109010, -0.073888
0.866831, 0.170381, -0.094272, -0.622937
0.866940, 0.712111, -0.104729, -0.227800
0.867031, 0.700051, -0.104407, -0.236902
0.867086, 0.518878, -0.101158, -0.372391
0.867190, 0.383069, -0.098610, -0.471718
0.867195, 0.440098, -0.099686, -0.430279
0.867199, 0.262868, -0.096051, -0.557940
0.867309, 0.550791, -0.101551, -0.348814
0.867680, 0.796661, -0.105846, -0.162970
0.867749, 0.607652, -0.102201, -0.306500
0.867988, 0.466413, -0.099563, -0.411041
0.868174, 0.285834, -0.095878, -0.541656
0.868184, 0.219359, -0.094254, -0.588523
0.868632, 0.044729, 0.651379, 0.031206
0.868684, 0.888548, -0.107052, -0.090789
0.868715, 0.308110, -0.095982, -0.525814
0.868951, 0.000000, 0.651843, 0.000000
0.869167, 0.022255, 0.651940, 0.015529
0.869259, 0.877534, -0.106385, -0.099601
0.869319, 0.574095, -0.100376, -0.331398
0.869400, 0.823601, -0.105095, -0.142104
0.869449, 0.850544, -0.105642, -0.120972
0.869474, 0.653797, -0.101670, -0.271902
0.869510, 0.452497, -0.098178, -0.421281
0.869639, 0.239469, -0.093736, -0.574551
0.869666, 0.864167, -0.105760, -0.110209
0.869750, 0.836816, -0.105105, -0.131771
0.870006, 0.763882, -0.103353, -0.188331
0.870051, 0.125642, 0.458886, -0.099387
0.870305, 0.328698, -0.095244, -0.511046
0.870436, 0.158543, -0.091943, -0.631599
0.870510, 0.064494, 0.652347, 0.044963
0.870664, 0.665508, -0.100969, -0.263139
0.871087, 0.619636, -0.099836, -0.297589
0.871257, 0.497247, -0.097618, -0.388374
0.871266, 0.562887, -0.098721, -0.339850
0.871297, 0.809550, -0.103291, -0.153088
0.871391, 0.530295, -0.098091, -0.364050
0.871607, 0.485193, -0.097158, -0.397293
0.871679, 0.189845, -0.091005, -0.609213
0.871810, 0.988864, -0.106000, -0.009189
0.872052, 0.404242, -0.095409, -0.456496
0.872122, 0.966631, -0.105597, -0.027501
0.872162, 0.416800, -0.095555, -0.447358
0.872220, 0.076203, 0.652916, 0.052691
0.872342, 0.944370, -0.105166, -0.045749
0.872389, 0.785643, -0.101936, -0.171649
0.872627, 0.689401, -0.099837, -0.245041
0.872637, 0.677449, -0.099637, -0.254130
0.872843, 0.274758, -0.092256, -0.549669
0.872901, 0.921817, -0.104350, -0.064101
0.872920, 0.088328, 0.654827, 0.062792
0.873146, 0.586466, -0.097693, -0.322401
0.873424, 0.101965, 0.653149, 0.070812
0.873660, 0.733004, -0.099835, -0.211946
0.874094, 0.200431, -0.089563, -0.601859
0.874149, 0.371240, -0.093237, -0.480402
0.874194, 0.297172, -0.091764, -0.533763
0.874215, 0.147034, -0.101977, -0.652280
0.874360, 0.899001, -0.102742, -0.082522
0.874569, 0.251954, -0.090492, -0.565833
0.874610, 0.632398, -0.097323, -0.288055
0.874648, 0.751720, -0.099449, -0.197722
0.875558, 0.033714, 0.656244, 0.023467
0.875565, 0.509123, -0.094585, -0.379816
0.875636, 0.011160, 0.656421, 0.007770
0.875692, 0.542073, -0.095011, -0.355400
0.876005, 0.054682, 0.656349, 0.038078
0.876022, 0.360197, -0.091643, -0.488382
0.876060, 0.318468, -0.090834, -0.518533
0.876117, 0.434441, -0.092908, -0.434551
0.876371, 0.349149, -0.091174, -0.496323
0.876648, 0.598725, -0.095209, -0.313325
0.876655, 0.179129, -0.087247, -0.616867
0.876685, 0.212764, -0.088038, -0.593336
0.876790, 0.227854, -0.088325, -0.582751
0.876961, 0.136381, -0.085022, -0.643584
0.877045, 0.338176, -0.090478, -0.504286
0.877565, 0.391348, -0.091093, -0.466015
0.877688, 0.114619, 0.580478, 0.007904
0.877700, 0.720010, -0.096442, -0.221949
0.877887, 0.460815, -0.092016, -0.415263
0.878015, 0.474483, -0.092159, -0.405317
0.878412, 0.645402, -0.094600, -0.278359
0.878611, 0.977874, -0.100514, -0.018286
0.878728, 1.000000, -0.100490, 0.000000
0.878830, 0.707761, -0.095344, -0.231289
0.878851, 0.955768, -0.100118, -0.036491
0.879116, 0.798191, -0.096827, -0.161996
0.879209, 0.933697, -0.099512, -0.054544
0.879393, 0.911006, -0.098970, -0.072957
0.879469, 0.167100, -0.085090, -0.625444
0.879683, 0.554188, -0.092155, -0.346461
0.879754, 0.264149, -0.087033, -0.557349
0.879828, 0.521134, -0.091544, -0.371018
0.879845, 0.858074, -0.097524, -0.115228
0.880021, 0.844142, -0.097096, -0.126221
0.880064, 0.819010, -0.096528, -0.145881
0.880068, 0.445958, -0.090145, -0.426229
0.880068, 0.872381, -0.097640, -0.103889
0.880100, 0.773807, -0.095599, -0.180898
0.880289, 0.424685, -0.089616, -0.441696
0.880437, 0.611043, -0.092485, -0.304160
0.880481, 0.286368, -0.086971, -0.541577
0.880731, 0.379695, -0.088533, -0.474477
0.880945, 0.830852, -0.096064, -0.136636
0.880994, 0.696889, -0.093434, -0.239498
0.881118, 0.886429, -0.097099, -0.092726
0.881180, 0.741619, -0.094113, -0.205551
0.881511, 0.240880, -0.085262, -0.573832
0.881783, 0.307988, -0.086453, -0.526166
0.881840, 0.658220, -0.092159, -0.268794
0.881854, 0.567246, -0.090690, -0.336768
0.881917, 0.761099, -0.093912, -0.190681
0.882065, 0.000000, 0.660844, 0.000000
0.882140, 0.487907, -0.089261, -0.395521
0.882158, 0.022511, 0.660845, 0.015638
0.882454, 0.044527, 0.660862, 0.030911
0.882571, 0.578635, -0.090340, -0.328382
0.882653, 0.066931, 0.660747, 0.046490
0.882671, 0.411219, -0.087636, -0.451661
0.883051, 0.623408, -0.090661, -0.294946
0.883107, 0.669843, -0.091374, -0.260087
0.883146, 0.127253, -0.072622, -0.640896
0.883610, 0.154913, -0.082717, -0.634789
0.883643, 0.683399, -0.091153, -0.249777
0.883702, 0.092039, 0.665999, 0.069362
0.883996, 0.329123, -0.085221, -0.510977
0.884066, 0.533253, -0.088504, -0.362103
0.884109, 0.499991, -0.087976, -0.386722
0.884286, 0.190437, -0.082113, -0.609156
0.884297, 0.079062, 0.659509, 0.052800
0.884317, 0.786086, -0.092526, -0.171560
0.885332, 0.809507, -0.092167, -0.153400
0.885437, 0.399946, -0.085394, -0.459917
0.885460, 0.989001, -0.095070, -0.009113
0.885655, 0.966924, -0.094774, -0.027369
0.885740, 0.104597, 0.628270, 0.042242
0.885775, 0.203682, -0.081379, -0.600052
0.885866, 0.945082, -0.094347, -0.045330
0.885869, 0.275798, -0.082856, -0.549224
0.885937, 0.923094, -0.093930, -0.063261
0.885941, 0.728765, -0.090149, -0.215458
0.886049, 0.590423, -0.087848, -0.319653
0.886304, 0.899419, -0.093240, -0.082439
0.886381, 0.217900, -0.081264, -0.590063
0.886447, 0.636487, -0.088227, -0.285149
0.886682, 0.253542, -0.081818, -0.565006
0.887145, 0.366618, -0.083575, -0.484109
0.887309, 0.297675, -0.082230, -0.533643
0.887368, 0.454755, -0.084797, -0.419861
0.887698, 0.141819, -0.078204, -0.642454
0.887926, 0.354131, -0.082774, -0.493057
0.888063, 0.342066, -0.082463, -0.501726
0.888118, 0.545592, -0.085596, -0.353006
0.888214, 0.512160, -0.085044, -0.377794
0.888426, 0.435188, -0.083694, -0.434123
0.888652, 0.011267, 0.665327, 0.007808
0.888734, 0.467115, -0.083960, -0.410844
0.888836, 0.033626, 0.665322, 0.023284
0.888870, 0.177047, -0.078569, -0.618641
0.888871, 0.319215, -0.081480, -0.518225
0.888909, 0.230721, -0.079743, -0.581154
0.889089, 0.056408, 0.665463, 0.039245
0.889175, 0.602427, -0.085623, -0.310745
0.889274, 0.750810, -0.087947, -0.198754
0.889422, 0.715620, -0.087202, -0.225541
0.889980, 0.117725, -0.021563, -0.600494
0.889996, 0.850788, -0.089279, -0.121190
0.890079, 0.864674, -0.089485, -0.110204
0.890367, 0.650077, -0.085399, -0.275008
0.890417, 0.388706, -0.081508, -0.468133
0.890514, 0.478864, -0.082803, -0.402296
0.890646, 0.420316, -0.081830, -0.445161
0.890953, 0.836870, -0.088243, -0.132164
0.891187, 0.878262, -0.088882, -0.099438
0.891223, 0.558477, -0.083407, -0.343480
0.891311, 0.798409, -0.087177, -0.162074
0.891470, 0.912058, -0.089311, -0.072317
0.891685, 0.165793, -0.076346, -0.626441
0.892026, 0.765516, -0.086004, -0.187451
0.892168, 0.822444, -0.086978, -0.143458
0.892229, 0.703611, -0.084787, -0.234654
0.892264, 0.691619, -0.084538, -0.243641
0.892299, 0.978110, -0.089510, -0.018164
0.892389, 0.524475, -0.082046, -0.368737
0.892444, 1.000000, -0.089457, 0.000000
0.892516, 0.265559, -0.077848, -0.556611
0.892577, 0.955984, -0.089091, -0.036453
0.892658, 0.934517, -0.088713, -0.054055
0.892703, 0.377518, -0.079638, -0.476288
0.893009, 0.676296, -0.083774, -0.255404
0.893051, 0.614857, -0.082811, -0.301488
0.893235, 0.287213, -0.077730, -0.541236
0.893694, 0.737732, -0.084219, -0.208780
0.893714, 0.570861, -0.081678, -0.334325
0.893741, 0.243423, -0.076536, -0.572284
0.893742, 0.776091, -0.084874, -0.179433
0.893944, 0.491374, -0.080397, -0.393171
0.894312, 0.445452, -0.079457, -0.426826
0.894506, 0.890253, -0.086471, -0.089935
0.894614, 0.626795, -0.081776, -0.292584
0.894670, 0.131051, -0.069705, -0.646497
0.894764, 0.309163, -0.076998, -0.525534
0.894965, 0.662866, -0.082049, -0.265558
0.895023, 0.408002, -0.078383, -0.454213
0.895118, 0.000000, 0.669751, 0.000000
0.895157, 0.082964, 0.659532, 0.048378
0.895167, 0.068872, 0.669019, 0.047505
0.895260, 0.022479, 0.669801, 0.015549
0.895291, 0.094755, 0.677428, 0.077264
0.895348, 0.045218, 0.669685, 0.031265
0.895407, 0.152445, -0.073350, -0.635798
0.895740, 0.582441, -0.080293, -0.325762
0.895978, 0.332244, -0.076486, -0.508925
0.896208, 0.787797, -0.083103, -0.170396
0.896230, 0.184982, -0.073546, -0.613243
0.896292, 0.196258, -0.073741, -0.605341
0.896452, 0.536964, -0.079122, -0.359539
0.896633, 0.208763, -0.073762, -0.596645
0.896860, 0.503469, -0.078361, -0.384321
0.897380, 0.108166, 0.034750, -0.555431
0.897665, 0.809410, -0.082355, -0.153714
0.897711, 0.640205, -0.079549, -0.282491
0.897781, 0.428885, -0.076616, -0.438967
0.897836, 0.221138, -0.073157, -0.588004
0.898006, 0.724354, -0.080615, -0.219066
0.898757, 0.357354, -0.074842, -0.490927
0.898838, 0.457786, -0.076236, -0.417906
0.898943, 0.594153, -0.077987, -0.317064
0.898981, 0.276917, -0.073378, -0.548667
0.899055, 0.396209, -0.075207, -0.462840
0.899157, 0.902165, -0.082932, -0.080428
0.899166, 0.924053, -0.083269, -0.062662
0.899184, 0.344825, -0.074341, -0.500021
0.899217, 0.989146, -0.083961, -0.009029
0.899235, 0.967248, -0.083821, -0.027207
0.899259, 0.255516, -0.072793, -0.563827
0.899650, 0.757635, -0.079842, -0.193631
0.899774, 0.944975, -0.083131, -0.045586
0.900011, 0.549792, -0.076576, -0.350074
0.900100, 0.298812, -0.072937, -0.533079
0.900205, 0.369211, -0.073963, -0.482459
0.900434, 0.321864, -0.073058, -0.516506
0.900561, 0.857650, -0.080942, -0.115959
0.900741, 0.515763, -0.075577, -0.375291
0.900753, 0.469785, -0.074958, -0.409137
0.900857, 0.685498, -0.077743, -0.248431
0.900946, 0.845131, -0.080388, -0.125825
0.901093, 0.233772, -0.071072, -0.579195
0.901121, 0.870761, -0.080727, -0.105555
0.901385, 0.606107, -0.076265, -0.308174
0.901406, 0.142276, -0.068568, -0.642538
0.901697, 0.011219, 0.674211, 0.007733
0.901761, 0.056976, 0.674693, 0.040124
0.901768, 0.033889, 0.674075, 0.023299
0.901797, 0.832028, -0.079486, -0.136165
0.901919, 0.711236, -0.077338, -0.229098
0.902131, 0.162539, -0.068900, -0.628973
0.902175, 0.120537, -0.060749, -0.650211
0.902318, 0.745807, -0.077558, -0.202769
0.902684, 0.482126, -0.073667, -0.400111
0.902727, 0.651874, -0.075832, -0.273857
0.903135, 0.417553, -0.072462, -0.447334
0.903298, 0.438420, -0.072611, -0.432040
0.903309, 0.562390, -0.074220, -0.340781
0.903496, 0.383663, -0.071722, -0.471959
0.903588, 0.174691, -0.068134, -0.620579
0.903783, 0.914017, -0.079366, -0.070888
0.904294, 0.672965, -0.074923, -0.258073
0.904343, 0.796580, -0.076775, -0.163720
0.904399, 0.882743, -0.078314, -0.096069
0.904736, 0.698030, -0.074894, -0.239022
0.904744, 0.528322, -0.072690, -0.366046
0.904858, 0.820175, -0.076822, -0.145479
0.905076, 0.076290, 0.660732, 0.038340
0.905222, 0.630424, -0.073597, -0.289938
0.905607, 0.098915, 0.095316, -0.507250
0.905704, 0.266634, -0.068334, -0.556074
0.905960, 0.781646, -0.075272, -0.175361
0.906012, 0.494576, -0.071307, -0.390988
0.906031, 0.618569, -0.072838, -0.298904
0.906033, 0.288615, -0.068452, -0.540446
0.906045, 0.978399, -0.078368, -0.017993
0.906051, 0.956312, -0.078187, -0.036316
0.906075, 0.768771, -0.074930, -0.185177
0.906163, 0.574492, -0.072189, -0.331840
0.906203, 0.733257, -0.074303, -0.212419
0.906284, 1.000000, -0.078232, 0.000000
0.906474, 0.245973, -0.067425, -0.570669
0.906670, 0.933616, -0.077376, -0.054991
0.907168, 0.310920, -0.067971, -0.524526
0.907525, 0.406089, -0.069035, -0.455755
0.907621, 0.199283, -0.065770, -0.603562
0.907768, 0.131825, -0.063532, -0.649423
0.907913, 0.186772, -0.065329, -0.612361
0.907931, 0.449100, -0.069275, -0.424309
0.908094, 0.211670, -0.065661, -0.594871
0.908120, 0.045381, 0.678613, 0.031492
0.908196, 0.000000, 0.678640, 0.000000
0.908225, 0.022478, 0.678638, 0.015500
0.908233, 0.894645, -0.075436, -0.086604
0.908373, 0.334663, -0.067426, -0.507413
0.908400, 0.087477, 0.501754, -0.110585
0.908501, 0.541145, -0.069981, -0.356590
0.908806, 0.586060, -0.070303, -0.323274
0.908901, 0.661951, -0.071173, -0.266398
0.909152, 0.224120, -0.065123, -0.586111
0.909330, 0.506994, -0.068944, -0.381876
0.909428, 0.153015, -0.063550, -0.635643
0.909878, 0.066168, 0.685871, 0.052533
0.909939, 0.348059, -0.066472, -0.497881
0.909969, 0.809116, -0.072517, -0.154112
0.909982, 0.110224, -0.052558, -0.654663
0.910382, 0.720467, -0.070826, -0.222223
0.910432, 0.427810, -0.067137, -0.439925
0.910444, 0.640940, -0.069676, -0.282096
0.910486, 0.360425, -0.066237, -0.488954
0.910928, 0.373180, -0.066071, -0.479675
0.911008, 0.460553, -0.067111, -0.416022
0.911278, 0.755716, -0.070613, -0.195294
0.911425, 0.394688, -0.065986, -0.464109
0.911505, 0.685174, -0.069431, -0.248878
0.911565, 0.863609, -0.072168, -0.111394
0.911655, 0.322633, -0.064855, -0.516190
0.911767, 0.597540, -0.068158, -0.314734
0.911809, 0.277923, -0.064092, -0.548156
0.912052, 0.840950, -0.071402, -0.129315
0.912132, 0.553937, -0.067357, -0.347149
0.912366, 0.473213, -0.066240, -0.406755
0.912422, 0.907146, -0.072237, -0.076579
0.912540, 0.301003, -0.063901, -0.531695
0.912634, 0.256516, -0.063163, -0.563355
0.912818, 0.852463, -0.070966, -0.120233
0.912843, 0.967672, -0.072753, -0.026955
0.913005, 0.519528, -0.066297, -0.372658
0.913113, 0.989309, -0.072642, -0.008927
0.913147, 0.608870, -0.067215, -0.306231
0.913192, 0.945273, -0.072240, -0.045502
0.913363, 0.236870, -0.062318, -0.577166
0.913386, 0.165595, -0.061047, -0.627057
0.913808, 0.921580, -0.071349, -0.064888
0.914102, 0.707767, -0.067730, -0.231930
0.914122, 0.874378, -0.070276, -0.102863
0.914322, 0.829143, -0.069378, -0.138609
0.914637, 0.742753, -0.067775, -0.205277
0.914644, 0.033692, 0.682591, 0.022842
0.914754, 0.011183, 0.683047, 0.007656
0.914856, 0.485477, -0.064503, -0.397789
0.914949, 0.142813, -0.059467, -0.642778
0.915282, 0.121108, -0.058090, -0.656824
0.915553, 0.416078, -0.063170, -0.448589
0.915701, 0.055801, 0.690393, 0.045448
0.915767, 0.566560, -0.064716, -0.337812
0.915893, 0.799205, -0.067603, -0.161858
0.915962, 0.788016, -0.067420, -0.170626
0.916072, 0.651000, -0.065440, -0.274666
0.916129, 0.438936, -0.063003, -0.431881
0.916274, 0.628000, -0.065022, -0.291965
0.916438, 0.672862, -0.065431, -0.258271
0.916671, 0.384779, -0.061961, -0.471336
0.916827, 0.532348, -0.063528, -0.363212
0.917071, 0.098406, -0.088331, -0.703082
0.917594, 0.886259, -0.067687, -0.093458
0.917676, 0.775865, -0.065870, -0.180013
0.917840, 0.695982, -0.064635, -0.240880
0.917996, 0.178284, -0.058044, -0.618431
0.918004, 0.498062, -0.062258, -0.388551
0.918056, 0.076929, 0.526095, -0.100923
0.918355, 0.289769, -0.059504, -0.539786
0.918582, 0.729970, -0.064489, -0.215091
0.918611, 0.818540, -0.065744, -0.146909
0.918941, 0.267408, -0.058770, -0.555761
0.918971, 0.578790, -0.062390, -0.328749
0.919078, 0.191352, -0.057503, -0.609378
0.919142, 0.203752, -0.057661, -0.600691
0.919331, 0.933975, -0.067088, -0.054880
0.919357, 0.956801, -0.067333, -0.036037
0.919603, 0.215927, -0.057523, -0.592111
0.919633, 0.764442, -0.064141, -0.188799
0.919908, 0.978742, -0.067034, -0.017773
0.920107, 0.404398, -0.059640, -0.457185
0.920189, 0.340271, -0.058834, -0.503739
0.920263, 1.000000, -0.066796, 0.000000
0.920357, 0.313685, -0.058367, -0.522766
0.920408, 0.227918, -0.057125, -0.583599
0.920539, 0.617012, -0.061578, -0.300168
0.920584, 0.545157, -0.060798, -0.353771
0.920585, 0.131601, -0.055296, -0.650499
0.920607, 0.246796, -0.057261, -0.570269
0.920855, 0.450385, -0.059589, -0.423617
0.921111, 0.328074, -0.057995, -0.512454
0.921191, 0.044519, 0.690061, 0.033325
0.921209, 0.898486, -0.064970, -0.083723
0.921284, 0.022270, 0.687610, 0.015420
0.921294, 0.000000, 0.687507, 0.000000
0.921546, 0.352622, -0.057979, -0.494801
0.921589, 0.510748, -0.059672, -0.379229
0.921843, 0.087483, -0.009654, -0.633651
0.921859, 0.464075, -0.058978, -0.413571
0.921876, 0.590907, -0.060283, -0.319753
0.921925, 0.364404, -0.057833, -0.486256
0.922146, 0.661203, -0.060834, -0.267094
0.922354, 0.426745, -0.058206, -0.440898
0.922400, 0.110076, -0.057494, -0.669049
0.922555, 0.638831, -0.060270, -0.283916
0.922605, 0.154258, -0.054379, -0.635156
0.922920, 0.717442, -0.060915, -0.224697
0.922940, 0.375381, -0.057200, -0.478242
0.923332, 0.683801, -0.060173, -0.250107
0.923356, 0.751957, -0.061004, -0.198380
0.923520, 0.838835, -0.062103, -0.131105
0.923590, 0.862722, -0.062423, -0.112284
0.923832, 0.066644, 0.649372, 0.010011
0.923934, 0.911232, -0.062972, -0.073487
0.923956, 0.807914, -0.061270, -0.155195
0.924073, 0.166899, -0.053561, -0.626384
0.924126, 0.301419, -0.055451, -0.531539
0.924309, 0.278846, -0.055033, -0.547696
0.924321, 0.557872, -0.058070, -0.344389
0.924345, 0.476419, -0.057233, -0.404565
0.924383, 0.850001, -0.061557, -0.122295
0.924403, 0.603717, -0.058468, -0.310224
0.925023, 0.523442, -0.057187, -0.369887
0.925272, 0.393644, -0.055667, -0.465003
0.925723, 0.875743, -0.060932, -0.102024
0.925877, 0.257051, -0.053606, -0.563148
0.926528, 0.968128, -0.061526, -0.026666
0.926690, 0.946061, -0.061195, -0.044995
0.926763, 0.488928, -0.055527, -0.395377
0.926857, 0.923278, -0.060771, -0.063729
0.927032, 0.739330, -0.057932, -0.208070
0.927193, 0.705776, -0.057412, -0.233597
0.927201, 0.989524, -0.061069, -0.008779
0.927407, 0.237263, -0.052232, -0.577066
0.927604, 0.795585, -0.058188, -0.164840
0.927623, 0.142116, -0.050659, -0.643469
0.927773, 0.828493, -0.058521, -0.139264
0.927827, 0.033102, 0.690779, 0.021600
0.927835, 0.414618, -0.053984, -0.449855
0.927929, 0.011102, 0.691867, 0.007500
0.928010, 0.437561, -0.054077, -0.433052
0.928417, 0.570364, -0.055053, -0.335163
0.928481, 0.120196, -0.050272, -0.659168
0.928604, 0.784084, -0.057251, -0.173783
0.928711, 0.649270, -0.055598, -0.276173
0.928782, 0.627424, -0.055314, -0.292513
0.928862, 0.055524, 0.714271, 0.061626
0.928900, 0.536348, -0.054354, -0.360368
0.928924, 0.671702, -0.055664, -0.259288
0.929141, 0.100059, -0.048790, -0.672102
0.929814, 0.501663, -0.053333, -0.386009
0.930029, 0.889025, -0.057632, -0.091454
0.930170, 0.185809, -0.049552, -0.613374
0.930507, 0.198216, -0.049487, -0.604678
0.930550, 0.210744, -0.049629, -0.595882
0.930584, 0.772627, -0.055525, -0.182631
0.930799, 0.223554, -0.049621, -0.586837
0.930835, 0.694419, -0.054417, -0.242198
0.931069, 0.289499, -0.050250, -0.540209
0.931167, 0.727010, -0.054520, -0.217513
0.931199, 0.383466, -0.051150, -0.472424
0.931471, 0.457180, -0.051661, -0.418678
0.931522, 0.322485, -0.050286, -0.516540
0.931768, 0.582032, -0.052588, -0.326535
0.931921, 0.935554, -0.056768, -0.053721
0.931981, 0.269063, -0.049338, -0.554637
0.931995, 0.817162, -0.054953, -0.148139
0.932007, 0.335258, -0.050068, -0.507383
0.932346, 0.347306, -0.049946, -0.498715
0.932351, 0.077251, -0.024115, -0.662041
0.932384, 0.174780, -0.047820, -0.621021
0.932497, 0.615672, -0.052321, -0.301326
0.932570, 0.761082, -0.053801, -0.191509
0.932594, 0.957287, -0.056442, -0.035742
0.932737, 0.549162, -0.051539, -0.350914
0.932795, 0.130241, -0.046971, -0.651834
0.932976, 0.310972, -0.049090, -0.524753
0.933215, 0.403275, -0.049854, -0.458146
0.933306, 0.089096, -0.042832, -0.676102
0.933428, 0.359516, -0.049266, -0.489860
0.933721, 0.514619, -0.050480, -0.376471
0.933870, 0.044102, 0.715006, 0.049739
0.933877, 0.900495, -0.054686, -0.082328
0.933892, 0.979143, -0.055504, -0.017496
0.934072, 0.593738, -0.050920, -0.317834
0.934143, 0.446789, -0.049562, -0.426390
0.934280, 0.371101, -0.048746, -0.481449
0.934296, 0.425185, -0.049252, -0.442212
0.934408, 1.000000, -0.055124, 0.000000
0.934424, 0.468249, -0.049532, -0.410575
0.934432, 0.000000, 0.696407, 0.000000
0.934507, 0.161435, -0.046136, -0.630345
0.934618, 0.022106, 0.697517, 0.016136
0.934918, 0.659958, -0.050868, -0.268209
0.935058, 0.246600, -0.046852, -0.570685
0.935219, 0.854479, -0.052905, -0.119040
0.935376, 0.682486, -0.050725, -0.251224
0.935401, 0.637593, -0.050281, -0.285012
0.935479, 0.748865, -0.051345, -0.200880
0.935504, 0.867201, -0.052871, -0.109004
0.935581, 0.840744, -0.052393, -0.129792
0.936069, 0.149597, -0.044863, -0.638491
0.936158, 0.299512, -0.046642, -0.533008
0.936211, 0.110909, -0.044020, -0.664923
0.936219, 0.715360, -0.050408, -0.226435
0.936316, 0.480240, -0.048209, -0.401805
0.936317, 0.912759, -0.052857, -0.072421
0.936386, 0.804905, -0.051274, -0.157752
0.936457, 0.605195, -0.049167, -0.309220
0.936590, 0.561971, -0.048699, -0.341451
0.936914, 0.527286, -0.048157, -0.367149
0.937088, 0.879973, -0.051739, -0.098808
0.937356, 0.065998, 0.177385, -0.469786
0.937457, 0.258652, -0.045256, -0.562131
0.937576, 0.279592, -0.045399, -0.547268
0.938462, 0.232986, -0.044240, -0.580259
0.938589, 0.492564, -0.046593, -0.392772
0.939115, 0.392033, -0.045350, -0.466320
0.939567, 0.924609, -0.050334, -0.062788
0.939651, 0.736481, -0.047906, -0.210382
0.939788, 0.792964, -0.048403, -0.167040
0.939943, 0.827443, -0.048689, -0.140247
0.940259, 0.968922, -0.050165, -0.026079
0.940554, 0.413653, -0.044468, -0.450667
0.940589, 0.704466, -0.046849, -0.234693
0.940890, 0.136790, -0.041311, -0.647337
0.940954, 0.434978, -0.044348, -0.435135
0.940988, 0.540218, -0.045149, -0.357587
0.941078, 0.947076, -0.049317, -0.044276
0.941100, 0.218750, -0.042189, -0.590361
0.941185, 0.032890, 0.698706, 0.020597
0.941199, 0.011536, 0.700609, 0.007644
0.941256, 0.625447, -0.045632, -0.294180
0.941385, 0.505367, -0.044573, -0.383356
0.941419, 0.648710, -0.045701, -0.276747
0.941455, 0.781481, -0.046943, -0.175936
0.941457, 0.670434, -0.045855, -0.260387
0.941572, 0.989255, -0.049169, -0.009034
0.941603, 0.205657, -0.041680, -0.599583
0.941683, 0.099282, -0.040195, -0.672995
0.941740, 0.574499, -0.044847, -0.332188
0.941948, 0.054822, 0.461436, -0.196515
0.941994, 0.193204, -0.041257, -0.608339
0.942754, 0.122087, -0.039743, -0.657544
0.942994, 0.329691, -0.041934, -0.511497
0.943345, 0.770102, -0.045310, -0.184692
0.943445, 0.181796, -0.040092, -0.616298
0.943455, 0.693225, -0.044486, -0.243188
0.943542, 0.342381, -0.041642, -0.502352
0.943736, 0.379681, -0.041813, -0.475389
0.943786, 0.457714, -0.042382, -0.418355
0.943789, 0.936092, -0.046949, -0.053370
0.943864, 0.317482, -0.041183, -0.520250
0.944129, 0.890085, -0.046107, -0.090789
0.944187, 0.814571, -0.045122, -0.150371
0.944196, 0.086091, -0.039213, -0.683093
0.944238, 0.724833, -0.044167, -0.219323
0.944251, 0.354862, -0.041225, -0.493346
0.944586, 0.169683, -0.039140, -0.624734
0.944679, 0.586540, -0.042678, -0.323277
0.944850, 0.553010, -0.042290, -0.348127
0.945014, 0.758387, -0.043860, -0.193679
0.945166, 0.291585, -0.039993, -0.538744
0.945217, 0.958627, -0.045970, -0.034703
0.945647, 0.367277, -0.040293, -0.484356
0.945701, 0.267719, -0.039385, -0.555827
0.945743, 0.445378, -0.040821, -0.427467
0.945860, 0.613434, -0.041960, -0.303156
0.945873, 0.305418, -0.039600, -0.528875
0.945906, 0.903221, -0.044847, -0.080283
0.945932, 0.518554, -0.041214, -0.373655
0.945951, 0.470575, -0.040854, -0.409036
0.945997, 0.401681, -0.040304, -0.459398
0.946293, 0.043436, 0.673531, 0.001756
0.946309, 0.848805, -0.043821, -0.123637
0.946490, 0.599297, -0.041374, -0.313762
0.946526, 0.861835, -0.043807, -0.113369
0.946626, 0.157405, -0.037556, -0.633243
0.946749, 0.074391, -0.034461, -0.687615
0.946885, 0.875168, -0.043670, -0.102768
0.947126, 0.241203, -0.038099, -0.574608
0.947172, 0.424380, -0.039601, -0.442901
0.947214, 0.681248, -0.041433, -0.252256
0.947322, 0.000000, 0.705150, 0.000000
0.947325, 0.253617, -0.038079, -0.565878
0.947442, 0.746263, -0.041815, -0.202973
0.947653, 0.637696, -0.040755, -0.285017
0.947706, 0.836236, -0.042524, -0.133479
0.947971, 0.483180, -0.039417, -0.399788
0.948001, 0.659077, -0.040653, -0.269039
0.948285, 0.023398, 0.714139, 0.024381
0.948350, 0.145109, -0.036197, -0.641679
0.948420, 1.000000, -0.043484, 0.000000
0.948440, 0.978486, -0.043412, -0.018103
0.948519, 0.279743, -0.037446, -0.547233
0.948714, 0.530943, -0.039181, -0.364547
0.948834, 0.565300, -0.039323, -0.339059
0.948879, 0.110041, -0.035369, -0.665792
0.949048, 0.916171, -0.042398, -0.069779
0.949113, 0.802578, -0.041027, -0.159727
0.949179, 0.227521, -0.036489, -0.584243
0.950037, 0.495955, -0.037937, -0.390374
0.950259, 0.714106, -0.039310, -0.227478
0.951473, 0.063030, -0.039107, -0.702210
0.951601, 0.388775, -0.036039, -0.468909
0.951781, 0.213424, -0.034494, -0.594226
0.951786, 0.130832, -0.033636, -0.651724
0.952294, 0.790554, -0.038358, -0.169084
0.952421, 0.823099, -0.038580, -0.143858
0.952501, 0.509101, -0.036147, -0.380664
0.952758, 0.734113, -0.037502, -0.212352
0.952935, 0.928297, -0.039282, -0.059860
0.952966, 0.626772, -0.036543, -0.293193
0.952973, 0.412206, -0.035170, -0.451773
0.953076, 0.096550, -0.032325, -0.675079
0.953102, 0.543961, -0.035910, -0.354907
0.953132, 0.200572, -0.033411, -0.603311
0.953756, 0.703230, -0.036463, -0.235708
0.953806, 0.011643, 0.710899, 0.009923
0.954176, 0.669349, -0.035898, -0.261350
0.954351, 0.336689, -0.033631, -0.506515
0.954410, 0.779349, -0.036556, -0.177708
0.954532, 0.435512, -0.034156, -0.434826
0.954630, 0.648495, -0.035401, -0.277002
0.954765, 0.324263, -0.033239, -0.515472
0.954826, 0.941061, -0.037817, -0.049351
0.954863, 0.966996, -0.037989, -0.027772
0.954920, 0.189092, -0.032033, -0.611354
0.954961, 0.952812, -0.037814, -0.039619
0.955019, 0.578691, -0.034654, -0.329130
0.955039, 0.349494, -0.033212, -0.497274
0.955239, 0.050776, 0.113353, -0.557655
0.955410, 0.035880, 0.640401, -0.041335
0.955510, 0.449665, -0.033503, -0.424411
0.955549, 0.462108, -0.033555, -0.415348
0.955680, 0.691616, -0.034858, -0.244455
0.955712, 0.767669, -0.035412, -0.186664
0.955724, 0.177020, -0.031349, -0.619774
0.955774, 0.989675, -0.037322, -0.008708
0.956031, 0.882683, -0.036272, -0.096901
0.956104, 0.362166, -0.032512, -0.488148
0.956173, 0.375887, -0.032551, -0.478243
0.956219, 0.895271, -0.036258, -0.086816
0.956257, 0.312209, -0.032058, -0.524130
0.956317, 0.083743, -0.030134, -0.684048
0.956350, 0.299230, -0.031899, -0.533444
0.956591, 0.591689, -0.033533, -0.319591
0.956614, 0.120026, -0.030158, -0.659170
0.956951, 0.604917, -0.033331, -0.309706
0.957006, 0.164858, -0.030328, -0.628200
0.957096, 0.261126, -0.031074, -0.560623
0.957102, 0.616632, -0.033274, -0.300855
0.957179, 0.755883, -0.034141, -0.195655
0.957389, 0.812026, -0.034459, -0.152514
0.957501, 0.868839, -0.034920, -0.107939
0.957608, 0.855714, -0.034696, -0.118314
0.957635, 0.554915, -0.032508, -0.346890
0.957768, 0.399770, -0.031514, -0.460913
0.957776, 0.474419, -0.031945, -0.406329
0.957823, 0.287150, -0.030734, -0.542039
0.957901, 0.723773, -0.033349, -0.220238
0.957962, 0.908082, -0.034941, -0.076455
0.958179, 0.273441, -0.030381, -0.551879
0.958285, 0.843285, -0.034011, -0.128057
0.958292, 0.247903, -0.030111, -0.570015
0.958363, 0.522787, -0.031763, -0.370571
0.958573, 0.152395, -0.029107, -0.636797
0.958586, 0.235172, -0.029799, -0.578978
0.958877, 0.422930, -0.030815, -0.443944
0.958926, 0.679782, -0.032235, -0.253438
0.959056, 0.139482, -0.028647, -0.645728
0.959184, 0.743982, -0.032458, -0.204769
0.959538, 0.831119, -0.032882, -0.137617
0.959540, 0.486832, -0.030678, -0.397195
0.959669, 0.567410, -0.031012, -0.337559
0.959927, 0.221796, -0.028732, -0.588367
0.960059, 0.535434, -0.030538, -0.361241
0.960127, 0.000000, 0.716405, 0.000000
0.960571, 0.636950, -0.030701, -0.285704
0.960620, 0.023299, 0.724659, 0.028034
0.960893, 0.106751, -0.027056, -0.668275
0.961014, 0.071777, -0.027857, -0.693147
0.961321, 0.499288, -0.029391, -0.388003
0.961571, 0.659449, -0.030049, -0.268812
0.961904, 0.799231, -0.030721, -0.162535
0.961922, 0.979499, -0.032140, -0.017299
0.962144, 0.921024, -0.031568, -0.065892
0.962592, 1.000000, -0.031612, 0.000000
0.963035, 0.511821, -0.028146, -0.378687
0.963167, 0.207972, -0.026315, -0.598221
0.963779, 0.388366, -0.026968, -0.469163
0.964438, 0.711605, -0.028108, -0.229571
0.964770, 0.059958, -0.029574, -0.705201
0.965121, 0.409828, -0.026080, -0.453680
0.965132, 0.093786, -0.024024, -0.677197
0.965341, 0.442578, -0.026067, -0.429623
0.965705, 0.788279, -0.027581, -0.170998
0.965728, 0.342920, -0.025286, -0.502123
0.965755, 0.330631, -0.025202, -0.510989
0.965903, 0.046422, -0.024402, -0.707299
0.965922, 0.932632, -0.028517, -0.056413
0.966177, 0.698859, -0.026653, -0.239128
0.966264, 0.957995, -0.028406, -0.035376
0.966358, 0.196791, -0.023962, -0.606112
0.966358, 0.011215, 0.725345, 0.017234
0.966362, 0.625515, -0.026134, -0.294242
0.966453, 0.130098, -0.023404, -0.652408
0.966473, 0.455333, -0.025275, -0.420276
0.966736, 0.775994, -0.026668, -0.180434
0.966807, 0.945339, -0.027869, -0.045916
0.966942, 0.184328, -0.023462, -0.614834
0.966975, 0.735688, -0.026224, -0.211163
0.967087, 0.354724, -0.024345, -0.493659
0.967090, 0.586229, -0.025400, -0.323688
0.967113, 0.821080, -0.026674, -0.145573
0.967167, 0.366916, -0.024346, -0.484859
0.967180, 0.318955, -0.024093, -0.519404
0.967209, 0.546101, -0.025118, -0.353373
0.967242, 0.647390, -0.025560, -0.277936
0.967404, 0.969640, -0.027495, -0.025610
0.967509, 0.306500, -0.023787, -0.528363
0.967606, 0.888421, -0.026801, -0.092428
0.967615, 0.034158, 0.274291, -0.415097
0.967635, 0.875517, -0.026670, -0.102736
0.967664, 0.599504, -0.025011, -0.313758
0.967695, 0.671211, -0.025319, -0.259989
0.967774, 0.431672, -0.024190, -0.437612
0.967797, 0.171640, -0.022768, -0.623655
0.967865, 0.763368, -0.025680, -0.190080
0.968015, 0.685997, -0.025131, -0.248782
0.968034, 0.466794, -0.024149, -0.411908
0.968314, 0.900966, -0.026312, -0.082318
0.968319, 0.294096, -0.023128, -0.537229
0.968344, 0.378360, -0.023525, -0.476507
0.968378, 0.117004, -0.021959, -0.661293
0.968438, 0.612791, -0.024468, -0.303797
0.968459, 0.574126, -0.024279, -0.332576
0.968477, 0.861877, -0.025871, -0.113567
0.968511, 0.280920, -0.022918, -0.546627
0.968512, 0.254861, -0.022774, -0.565148
0.968735, 0.267602, -0.022685, -0.556134
0.968817, 0.081692, -0.021492, -0.685518
0.968828, 0.158604, -0.021949, -0.632676
0.968951, 0.723562, -0.024594, -0.220429
0.969029, 0.750275, -0.024666, -0.200039
0.969064, 0.559705, -0.023760, -0.343377
0.969098, 0.808287, -0.024980, -0.155550
0.969099, 0.848521, -0.025256, -0.124085
0.969172, 0.144794, -0.021611, -0.642225
0.969373, 0.241674, -0.022077, -0.574463
0.969614, 0.479060, -0.023006, -0.402905
0.969808, 0.531793, -0.023073, -0.364000
0.969849, 0.228844, -0.021660, -0.583460
0.969854, 0.835151, -0.024539, -0.134574
0.969858, 0.913432, -0.025103, -0.072160
0.970438, 0.419806, -0.022142, -0.446319
0.970489, 0.398772, -0.022020, -0.461738
0.970753, 0.215928, -0.020939, -0.592588
0.970775, 0.989149, -0.024717, -0.009175
0.971101, 0.491781, -0.021929, -0.393534
0.971218, 0.519525, -0.021939, -0.372944
0.972473, 0.505038, -0.020935, -0.383725
0.973156, 0.000000, 0.744192, 0.000000
0.973194, 0.103851, -0.018529, -0.670347
0.973407, 0.635530, -0.020702, -0.286795
0.973432, 0.021821, 0.544460, -0.157867
0.973821, 0.658304, -0.020469, -0.269762
0.975151, 0.069069, -0.017553, -0.694676
0.976193, 1.000000, -0.020158, 0.000000
0.976357, 0.798068, -0.019078, -0.163606
0.976501, 0.447985, -0.017692, -0.425698
0.976504, 0.055917, -0.020695, -0.707602
0.976634, 0.978260, -0.019751, -0.018380
0.976714, 0.923994, -0.019450, -0.063555
0.976807, 0.337031, -0.017091, -0.506376
0.976865, 0.705182, -0.018256, -0.234402
0.977296, 0.205591, -0.016214, -0.600097
0.977579, 0.784671, -0.018022, -0.173866
0.977709, 0.386472, -0.016593, -0.470703
0.977726, 0.937667, -0.018690, -0.052354
0.977925, 0.192227, -0.015705, -0.609400
0.978038, 0.951400, -0.018488, -0.040945
0.978043, 0.093138, -0.015122, -0.677584
0.978043, 0.043443, -0.038754, -0.734486
0.978046, 0.717005, -0.017372, -0.225482
0.978149, 0.692602, -0.017195, -0.243878
0.978175, 0.679365, -0.017128, -0.253813
0.978185, 0.137537, -0.015258, -0.647281
0.978282, 0.593809, -0.016783, -0.318042
0.978373, 0.743622, -0.017207, -0.205213
0.978379, 0.622004, -0.016793, -0.296979
0.978416, 0.771332, -0.017288, -0.184070
0.978445, 0.347901, -0.015918, -0.498497
0.978486, 0.178950, -0.015245, -0.618633
0.978497, 0.326231, -0.015812, -0.514264
0.978506, 0.124937, -0.014967, -0.655868
0.978520, 0.607453, -0.016639, -0.307850
0.978598, 0.964621, -0.018063, -0.029876
0.978612, 0.540130, -0.016368, -0.357868
0.978650, 0.411120, -0.015968, -0.452719
0.978668, 0.553091, -0.016366, -0.348325
0.978678, 0.360097, -0.015787, -0.489732
0.978690, 0.882119, -0.017606, -0.097535
0.978726, 0.314097, -0.015603, -0.523015
0.978776, 0.868617, -0.017462, -0.108292
0.978782, 0.826400, -0.017248, -0.141560
0.978838, 0.567125, -0.016272, -0.337867
0.978894, 0.437536, -0.015863, -0.433464
0.978907, 0.580772, -0.016260, -0.327728
0.978934, 0.812985, -0.017055, -0.151989
0.978986, 0.730850, -0.016667, -0.214892
0.979040, 0.301435, -0.015329, -0.532068
0.979073, 0.757796, -0.016703, -0.194391
0.979117, 0.372715, -0.015504, -0.480664
0.979122, 0.458833, -0.015748, -0.417740
0.979129, 0.895577, -0.017312, -0.086721
0.979131, 0.165515, -0.014727, -0.627949
0.979140, 0.288197, -0.015209, -0.541512
0.979214, 0.274814, -0.015108, -0.551038
0.979327, 0.151699, -0.014525, -0.637507
0.979411, 0.261341, -0.014916, -0.560623
0.979451, 0.854819, -0.016836, -0.119209
0.979452, 0.011609, 0.679582, -0.033756
0.979534, 0.248016, -0.014778, -0.570051
0.979653, 0.667410, -0.015932, -0.262864
0.979653, 0.031375, 0.015855, -0.686768
0.979679, 0.647530, -0.015854, -0.277775
0.979807, 0.909222, -0.016808, -0.075649
0.979810, 0.470975, -0.015264, -0.408844
0.979910, 0.840913, -0.016390, -0.130149
0.979981, 0.080930, -0.013788, -0.685977
0.980157, 0.112429, -0.013757, -0.664462
0.980200, 0.425444, -0.014846, -0.442276
0.980220, 0.234291, -0.014233, -0.579753
0.980490, 0.220450, -0.013987, -0.589520
0.980859, 0.484061, -0.014505, -0.399243
0.980966, 0.526509, -0.014531, -0.367904
0.981170, 0.398809, -0.014049, -0.461686
0.981193, 0.512468, -0.014320, -0.378230
0.981705, 0.497795, -0.013897, -0.389112
0.984734, 0.634974, -0.011884, -0.287202
0.985921, 0.987310, -0.011929, -0.010753
0.986045, 0.000000, 0.791974, 0.000000
0.987634, 0.062734, -0.008241, -0.698105
0.988067, 0.102723, -0.008243, -0.671269
0.988096, 0.022404, -0.004167, -0.716384
0.988252, 0.657773, -0.009185, -0.270165
0.988328, 1.000000, -0.009895, 0.000000
0.988400, 0.792066, -0.009345, -0.168253
0.988401, 0.805050, -0.009377, -0.158253
0.988524, 0.930667, -0.009618, -0.058180
0.988629, 0.973044, -0.009617, -0.022810
0.988738, 0.917440, -0.009398, -0.068996
0.988753, 0.337172, -0.008289, -0.506399
0.988754, 0.199267, -0.008016, -0.604497
0.988792, 0.049944, -0.007568, -0.706703
0.988821, 0.613911, -0.008671, -0.303101
0.988837, 0.698227, -0.008796, -0.239700
0.988846, 0.447949, -0.008399, -0.425882
0.988905, 0.944416, -0.009332, -0.046808
0.988966, 0.710849, -0.008720, -0.230179
0.988988, 0.212327, -0.007878, -0.595330
0.989037, 0.778681, -0.008800, -0.178505
0.989039, 0.684992, -0.008615, -0.249683
0.989055, 0.378729, -0.008134, -0.476337
0.989064, 0.074889, -0.007379, -0.690002
0.989159, 0.185932, -0.007698, -0.613804
0.989162, 0.724030, -0.008587, -0.220158
0.989166, 0.600669, -0.008384, -0.312986
0.989197, 0.751136, -0.008612, -0.199543
0.989228, 0.560358, -0.008275, -0.342952
0.989235, 0.144455, -0.007548, -0.642601
0.989252, 0.958419, -0.009068, -0.035112
0.989378, 0.130951, -0.007413, -0.651895
0.989422, 0.546987, -0.008107, -0.352854
0.989423, 0.587448, -0.008164, -0.322821
0.989430, 0.875272, -0.008717, -0.103041
0.989431, 0.765028, -0.008453, -0.188938
0.989434, 0.573894, -0.008136, -0.332904
0.989479, 0.172363, -0.007441, -0.623240
0.989501, 0.833055, -0.008552, -0.136393
0.989535, 0.351107, -0.007735, -0.496395
0.989539, 0.419476, -0.007835, -0.446630
0.989553, 0.888998, -0.008651, -0.092055
0.989561, 0.737713, -0.008294, -0.209746
0.989565, 0.323266, -0.007668, -0.516353
0.989589, 0.861520, -0.008550, -0.113956
0.989607, 0.819120, -0.008432, -0.147291
0.989655, 0.295723, -0.007555, -0.536091
0.989656, 0.309478, -0.007578, -0.526240
0.989659, 0.158480, -0.007282, -0.632878
0.989663, 0.282044, -0.007526, -0.545864
0.989713, 0.268401, -0.007465, -0.555580
0.989717, 0.364904, -0.007623, -0.486394
0.989843, 0.089252, -0.006968, -0.680281
0.989858, 0.254700, -0.007336, -0.565316
0.989875, 0.533755, -0.007739, -0.362579
0.989914, 0.902991, -0.008385, -0.080749
0.989943, 0.847431, -0.008223, -0.125077
0.989957, 0.391612, -0.007484, -0.466977
0.989987, 0.036508, -0.009846, -0.718114
0.989993, 0.671687, -0.007842, -0.259690
0.989993, 0.240935, -0.007213, -0.575060
0.990070, 0.461862, -0.007496, -0.415695
0.990166, 0.117252, -0.006829, -0.661275
0.990176, 0.433956, -0.007377, -0.436027
0.990323, 0.406156, -0.007228, -0.456262
0.990335, 0.226755, -0.006941, -0.585099
0.990410, 0.475928, -0.007258, -0.405312
0.990529, 0.626488, -0.007364, -0.293616
0.990627, 0.505006, -0.007128, -0.383779
0.990660, 0.519424, -0.007122, -0.373150
0.990892, 0.490294, -0.006910, -0.394673
0.991263, 0.644506, -0.006813, -0.280042
0.991507, 0.009728, 0.298982, -0.437273
1.000000, 0.000000, 0.000000, 0.000000
1.000000, 0.015532, 0.000000, -0.766114
1.000000, 0.028850, 0.000000, -0.730384
1.000000, 0.042949, 0.000000, -0.712142
1.000000, 0.056291, 0.000000, -0.702629
1.000000, 0.069044, 0.000000, -0.694145
1.000000, 0.082503, 0.000000, -0.684941
1.000000, 0.096534, 0.000000, -0.675365
1.000000, 0.109755, 0.000000, -0.666528
1.000000, 0.124015, 0.000000, -0.656601
1.000000, 0.137778, 0.000000, -0.647196
1.000000, 0.151462, 0.000000, -0.637774
1.000000, 0.165363, 0.000000, -0.628100
1.000000, 0.179123, 0.000000, -0.618533
1.000000, 0.192679, 0.000000, -0.609092
1.000000, 0.206020, 0.000000, -0.599790
1.000000, 0.219510, 0.000000, -0.590300
1.000000, 0.233742, 0.000000, -0.580126
1.000000, 0.247716, 0.000000, -0.570253
1.000000, 0.261565, 0.000000, -0.560431
1.000000, 0.275318, 0.000000, -0.550658
1.000000, 0.289054, 0.000000, -0.540866
1.000000, 0.302820, 0.000000, -0.531028
1.000000, 0.316639, 0.000000, -0.521134
1.000000, 0.330474, 0.000000, -0.511222
1.000000, 0.343940, 0.000000, -0.501630
1.000000, 0.357765, 0.000000, -0.491565
1.000000, 0.371624, 0.000000, -0.481474
1.000000, 0.385056, 0.000000, -0.471785
1.000000, 0.398969, 0.000000, -0.461550
1.000000, 0.413133, 0.000000, -0.451202
1.000000, 0.426906, 0.000000, -0.441247
1.000000, 0.441120, 0.000000, -0.430837
1.000000, 0.454635, 0.000000, -0.421091
1.000000, 0.468755, 0.000000, -0.410616
1.000000, 0.483042, 0.000000, -0.400044
1.000000, 0.497614, 0.000000, -0.389229
1.000000, 0.512011, 0.000000, -0.378632
1.000000, 0.526367, 0.000000, -0.368013
1.000000, 0.540182, 0.000000, -0.357864
1.000000, 0.553712, 0.000000, -0.347886
1.000000, 0.567155, 0.000000, -0.337937
1.000000, 0.580727, 0.000000, -0.327830
1.000000, 0.594305, 0.000000, -0.317706
1.000000, 0.607788, 0.000000, -0.307661
1.000000, 0.621199, 0.000000, -0.297687
1.000000, 0.635694, 0.000000, -0.286643
1.000000, 0.650763, 0.000000, -0.275246
1.000000, 0.663986, 0.000000, -0.265591
1.000000, 0.677907, 0.000000, -0.254986
1.000000, 0.691215, 0.000000, -0.245009
1.000000, 0.704361, 0.000000, -0.235102
1.000000, 0.717586, 0.000000, -0.225078
1.000000, 0.730985, 0.000000, -0.214902
1.000000, 0.744658, 0.000000, -0.204474
1.000000, 0.758202, 0.000000, -0.194182
1.000000, 0.771928, 0.000000, -0.183677
1.000000, 0.785479, 0.000000, -0.173308
1.000000, 0.798750, 0.000000, -0.163139
1.000000, 0.812090, 0.000000, -0.152831
1.000000, 0.826103, 0.000000, -0.141841
1.000000, 0.840085, 0.000000, -0.130891
1.000000, 0.854292, 0.000000, -0.119674
1.000000, 0.868258, 0.000000, -0.108630
1.000000, 0.882118, 0.000000, -0.097589
1.000000, 0.896062, 0.000000, -0.086376
1.000000, 0.910254, 0.000000, -0.074858
1.000000, 0.923822, 0.000000, -0.063816
1.000000, 0.937238, 0.000000, -0.052784
1.000000, 0.950773, 0.000000, -0.041527
1.000000, 0.964301, 0.000000, -0.030185
1.000000, 0.976971, 0.000000, -0.019504
1.000000, 0.988540, 0.000000, -0.009718
1.000000, 1.000000, 0.000000, 0.000000
