0.000000, 0.000000, 0.000000, 0.000000
0.000000, 0.010755, 0.000000, 0.016835
0.000000, 0.021597, 0.000000, 0.033703
0.000000, 0.033448, 0.000000, 0.051984
0.000000, 0.045500, 0.000000, 0.070284
0.000000, 0.057899, 0.000000, 0.088804
0.000000, 0.070478, 0.000000, 0.107295
0.000000, 0.083276, 0.000000, 0.125847
0.000000, 0.096279, 0.000000, 0.144496
0.000000, 0.109343, 0.000000, 0.163062
0.000000, 0.122354, 0.000000, 0.181411
0.000000, 0.135251, 0.000000, 0.199452
0.000000, 0.148125, 0.000000, 0.217350
0.000000, 0.160994, 0.000000, 0.235126
0.000000, 0.173929, 0.000000, 0.252913
0.000000, 0.186917, 0.000000, 0.270691
0.000000, 0.199955, 0.000000, 0.288453
0.000000, 0.213057, 0.000000, 0.306225
0.000000, 0.226249, 0.000000, 0.324041
0.000000, 0.239548, 0.000000, 0.341941
0.000000, 0.252916, 0.000000, 0.359863
0.000000, 0.266310, 0.000000, 0.377732
0.000000, 0.279730, 0.000000, 0.395548
0.000000, 0.293210, 0.000000, 0.413368
0.000000, 0.306746, 0.000000, 0.431227
0.000000, 0.320139, 0.000000, 0.448768
0.000000, 0.333464, 0.000000, 0.466102
0.000000, 0.346801, 0.000000, 0.483344
0.000000, 0.360197, 0.000000, 0.500539
0.000000, 0.373712, 0.000000, 0.517784
0.000000, 0.387310, 0.000000, 0.535025
0.000000, 0.400954, 0.000000, 0.552200
0.000000, 0.414644, 0.000000, 0.569292
0.000000, 0.428410, 0.000000, 0.586332
0.000000, 0.442304, 0.000000, 0.603403
0.000000, 0.456306, 0.000000, 0.620657
0.000000, 0.469470, 0.000000, 0.636544
0.000000, 0.482296, 0.000000, 0.651767
0.000000, 0.495090, 0.000000, 0.666803
0.000000, 0.507721, 0.000000, 0.681447
0.000000, 0.520000, 0.000000, 0.695459
0.000000, 0.531685, 0.000000, 0.708734
0.000000, 0.542741, 0.000000, 0.721464
0.000000, 0.554654, 0.000000, 0.734956
0.000000, 0.567726, 0.000000, 0.749325
0.000000, 0.581396, 0.000000, 0.764032
0.000000, 0.595347, 0.000000, 0.778829
0.000000, 0.609204, 0.000000, 0.793238
0.000000, 0.622924, 0.000000, 0.807097
0.000000, 0.637031, 0.000000, 0.821158
0.000000, 0.651128, 0.000000, 0.834869
0.000000, 0.664928, 0.000000, 0.847917
0.000000, 0.678431, 0.000000, 0.860048
0.000000, 0.692643, 0.000000, 0.872649
0.000000, 0.706570, 0.000000, 0.884370
0.000000, 0.720639, 0.000000, 0.895621
0.000000, 0.735083, 0.000000, 0.906722
0.000000, 0.749533, 0.000000, 0.917046
0.000000, 0.764823, 0.000000, 0.927616
0.000000, 0.778977, 0.000000, 0.936327
0.000000, 0.793123, 0.000000, 0.944351
0.000000, 0.806711, 0.000000, 0.950994
0.000000, 0.821308, 0.000000, 0.957245
0.000000, 0.836489, 0.000000, 0.962554
0.000000, 0.851557, 0.000000, 0.966385
0.000000, 0.865590, 0.000000, 0.968409
0.000000, 0.879696, 0.000000, 0.968800
0.000000, 0.893469, 0.000000, 0.967312
0.000000, 0.906920, 0.000000, 0.963767
0.000000, 0.920080, 0.000000, 0.957966
0.000000, 0.933351, 0.000000, 0.949232
0.000000, 0.945699, 0.000000, 0.938671
0.000000, 0.959562, 0.000000, 0.921843
0.000000, 0.972602, 0.000000, 0.902381
0.000000, 0.985200, 0.000000, 0.905924
0.000000, 1.000000, 0.000000, 0.000000
0.008688, 0.756863, 0.005893, 0.922049
0.009154, 0.828561, 0.003205, 0.959710
0.009174, 0.989329, -0.342455, 0.599601
0.009439, 0.844117, 0.002368, 0.964376
0.009857, 0.952306, -0.012656, 0.929610
0.009887, 0.813458, 0.004278, 0.953764
0.009940, 0.449389, 0.012306, 0.612076
0.009973, 0.742105, 0.007264, 0.911699
0.009980, 0.728090, 0.007717, 0.901307
0.010035, 0.588108, 0.010755, 0.770963
0.010039, 0.629506, 0.010055, 0.813566
0.010131, 0.435276, 0.012674, 0.594770
0.010174, 0.573633, 0.011120, 0.755410
0.010277, 0.643845, 0.010014, 0.827678
0.010306, 0.685295, 0.009124, 0.866059
0.010309, 0.602226, 0.010818, 0.785835
0.010314, 0.559073, 0.011483, 0.739506
0.010322, 0.421445, 0.013040, 0.577700
0.010435, 0.407752, 0.013304, 0.560663
0.010478, 0.544421, 0.011867, 0.723251
0.010507, 0.394106, 0.013512, 0.543550
0.010587, 0.380470, 0.013729, 0.526323
0.010596, 0.786793, 0.005961, 0.940610
0.010617, 0.615959, 0.010897, 0.799980
0.010656, 0.299872, 0.014425, 0.422121
0.010727, 0.366865, 0.014022, 0.509020
0.010731, 0.286343, 0.014621, 0.404269
0.010740, 0.713560, 0.008728, 0.889839
0.010755, 0.529944, 0.012371, 0.707000
0.010814, 0.272913, 0.014827, 0.386474
0.010838, 0.259492, 0.014951, 0.368609
0.010842, 0.246054, 0.015047, 0.350634
0.010847, 0.873188, 0.000317, 0.968296
0.010873, 0.772022, 0.006745, 0.931888
0.010895, 0.658173, 0.010306, 0.841442
0.010909, 0.232671, 0.015230, 0.332659
0.010924, 0.353373, 0.014388, 0.491750
0.010932, 0.313487, 0.014702, 0.440018
0.010970, 0.699525, 0.009323, 0.878311
0.011014, 0.340062, 0.014612, 0.474601
0.011039, 0.326795, 0.014746, 0.457391
0.011049, 0.219432, 0.015518, 0.314810
0.011120, 0.102757, 0.016538, 0.153655
0.011166, 0.206315, 0.015774, 0.297052
0.011166, 0.887183, -0.001236, 0.967553
0.011169, 0.089484, 0.016741, 0.134707
0.011182, 0.516151, 0.013060, 0.691351
0.011216, 0.115915, 0.016559, 0.172284
0.011248, 0.193275, 0.015985, 0.279322
0.011284, 0.858792, 0.001684, 0.967150
0.011303, 0.463716, 0.013841, 0.629537
0.011309, 0.180291, 0.016167, 0.261590
0.011314, 0.502733, 0.013389, 0.675816
0.011361, 0.000000, 0.017798, 0.000000
0.011383, 0.167337, 0.016371, 0.243816
0.011395, 0.927071, -0.007506, 0.952861
0.011400, 0.025016, 0.017763, 0.038970
0.011421, 0.076389, 0.017262, 0.115824
0.011422, 0.128820, 0.016746, 0.190409
0.011462, 0.141660, 0.016693, 0.208322
0.011462, 0.489552, 0.013730, 0.660362
0.011488, 0.154447, 0.016625, 0.226046
0.011504, 0.900785, -0.003097, 0.964824
0.011553, 0.671386, 0.010588, 0.853611
0.011638, 0.799668, 0.005819, 0.947309
0.011641, 0.063534, 0.017742, 0.097044
0.011722, 0.964908, -0.023270, 0.909217
0.011725, 0.050873, 0.018022, 0.078277
0.011731, 0.476511, 0.014211, 0.644903
0.011836, 0.914050, -0.005297, 0.959959
0.011937, 0.037990, 0.018484, 0.058852
0.013129, 0.940476, -0.011912, 0.942316
0.013423, 1.000000, -0.997170, 0.000000
0.013695, 0.976980, -0.029449, 0.898596
0.013912, 0.011588, 0.021764, 0.018108
0.018511, 0.762079, 0.012196, 0.924940
0.018733, 0.834890, 0.005832, 0.960926
0.019000, 0.820561, 0.007509, 0.955927
0.019327, 0.749279, 0.013621, 0.916284
0.019666, 0.580823, 0.021281, 0.762976
0.019772, 0.565959, 0.021816, 0.746844
0.019906, 0.635517, 0.019707, 0.819146
0.019943, 0.455847, 0.024563, 0.619767
0.019996, 0.781212, 0.011651, 0.936682
0.020028, 0.551339, 0.022500, 0.730791
0.020069, 0.721987, 0.015854, 0.896134
0.020129, 0.441956, 0.025057, 0.602826
0.020225, 0.595053, 0.021444, 0.778092
0.020397, 0.650407, 0.019605, 0.833709
0.020564, 0.428236, 0.025854, 0.585967
0.020629, 0.537115, 0.023558, 0.714936
0.020773, 0.847362, 0.004728, 0.963886
0.020839, 0.414618, 0.026445, 0.569090
0.020906, 0.953495, -0.034972, 0.916205
0.020926, 0.735403, 0.015662, 0.906228
0.020983, 0.988156, -0.871453, 0.039954
0.020983, 0.401036, 0.026865, 0.552123
0.020996, 0.608904, 0.021786, 0.792493
0.021018, 0.691622, 0.018265, 0.871023
0.021083, 0.387442, 0.027222, 0.535011
0.021244, 0.373812, 0.027653, 0.517731
0.021324, 0.306327, 0.028772, 0.430481
0.021395, 0.622483, 0.021697, 0.806290
0.021423, 0.292850, 0.029096, 0.412748
0.021567, 0.360174, 0.028294, 0.500326
0.021597, 0.706791, 0.017945, 0.883793
0.021599, 0.252554, 0.029884, 0.359223
0.021608, 0.279494, 0.029532, 0.395099
0.021639, 0.266078, 0.029758, 0.377276
0.021641, 0.678769, 0.019488, 0.859906
0.021656, 0.807122, 0.010059, 0.950036
0.021693, 0.239075, 0.030194, 0.341152
0.021727, 0.523626, 0.025181, 0.699700
0.021984, 0.225802, 0.030782, 0.323292
0.021994, 0.346645, 0.029070, 0.482950
0.022032, 0.320098, 0.029529, 0.448533
0.022033, 0.096041, 0.032859, 0.143903
0.022108, 0.869552, 0.001127, 0.966525
0.022112, 0.333394, 0.029434, 0.465833
0.022227, 0.109432, 0.032904, 0.162958
0.022232, 0.510196, 0.026117, 0.684251
0.022256, 0.212669, 0.031346, 0.305547
0.022362, 0.882083, -0.001523, 0.966145
0.022442, 0.082708, 0.033738, 0.124771
0.022444, 0.199625, 0.031797, 0.287845
0.022593, 0.186653, 0.032195, 0.270164
0.022621, 0.496995, 0.026911, 0.668890
0.022685, 0.173717, 0.032519, 0.252452
0.022755, 0.122316, 0.033452, 0.181124
0.022842, 0.160761, 0.032942, 0.234623
0.022848, 0.895125, -0.004819, 0.963922
0.022909, 0.019962, 0.035650, 0.031037
0.022914, 0.135173, 0.033465, 0.199133
0.022945, 0.483786, 0.027623, 0.653356
0.022989, 0.069554, 0.034843, 0.105670
0.023054, 0.147861, 0.033455, 0.216778
0.023084, 0.663903, 0.021531, 0.846232
0.023110, 0.932703, -0.020223, 0.942715
0.023363, 0.044539, 0.035970, 0.068604
0.023423, 0.908235, -0.008880, 0.959548
0.023431, 0.858340, 0.003401, 0.965293
0.023467, 0.470539, 0.028573, 0.637655
0.023482, 0.000000, 0.036687, 0.000000
0.023557, 0.056983, 0.035995, 0.087184
0.023673, 0.031552, 0.036690, 0.048885
0.023951, 0.921073, -0.014192, 0.952411
0.024027, 0.793457, 0.012695, 0.943179
0.024135, 0.966550, -0.045921, 0.901800
0.025585, 0.770566, 0.015994, 0.929811
0.026125, 1.000000, -0.923123, 0.000000
0.027882, 0.943287, -0.037784, 0.922744
0.028382, 0.978141, -0.801879, 0.141748
0.028751, 0.573234, 0.031424, 0.754473
0.028758, 0.827535, 0.010064, 0.957042
0.028905, 0.641131, 0.028303, 0.824124
0.029266, 0.010583, 0.045579, 0.016457
0.029374, 0.717129, 0.023532, 0.891573
0.029393, 0.558311, 0.032737, 0.738112
0.029830, 0.587587, 0.031960, 0.769854
0.029924, 0.460455, 0.036716, 0.624927
0.030176, 0.744560, 0.021677, 0.912149
0.030193, 0.697217, 0.025801, 0.875217
0.030212, 0.757335, 0.020336, 0.920850
0.030411, 0.544088, 0.034447, 0.722378
0.030536, 0.447655, 0.037838, 0.609368
0.030952, 0.601433, 0.032480, 0.784370
0.030958, 0.434639, 0.038733, 0.593532
0.031312, 0.421372, 0.039543, 0.577207
0.031384, 0.838958, 0.008684, 0.960008
0.031443, 0.816047, 0.013060, 0.952396
0.031467, 0.672928, 0.028699, 0.853918
0.031514, 0.407984, 0.040158, 0.560572
0.031614, 0.394521, 0.040633, 0.543703
0.031709, 0.380984, 0.041093, 0.526609
0.031932, 0.312452, 0.042942, 0.438270
0.031942, 0.367348, 0.041727, 0.509267
0.031994, 0.615125, 0.032834, 0.798388
0.032170, 0.299102, 0.043550, 0.420775
0.032184, 0.781412, 0.018609, 0.935543
0.032192, 0.730053, 0.024560, 0.901387
0.032251, 0.531138, 0.037068, 0.707887
0.032259, 0.653574, 0.030759, 0.836041
0.032267, 0.259066, 0.044500, 0.367732
0.032329, 0.245449, 0.044857, 0.349508
0.032443, 0.628630, 0.032518, 0.811618
0.032464, 0.272669, 0.044499, 0.385860
0.032473, 0.353619, 0.042747, 0.491688
0.032486, 0.285973, 0.044257, 0.403487
0.032804, 0.232141, 0.045788, 0.331639
0.032833, 0.102823, 0.048709, 0.153296
0.032978, 0.517855, 0.038434, 0.692726
0.033071, 0.089464, 0.049420, 0.134187
0.033169, 0.956539, -0.033268, 0.926227
0.033175, 0.326760, 0.044303, 0.457006
0.033214, 0.339973, 0.044047, 0.474115
0.033253, 0.219004, 0.046686, 0.313924
0.033579, 0.205944, 0.047417, 0.296230
0.033641, 0.989681, -0.919610, 0.004542
0.033689, 0.803171, 0.016173, 0.946500
0.033698, 0.504898, 0.039780, 0.677756
0.033704, 0.075817, 0.050756, 0.114466
0.033844, 0.192997, 0.048069, 0.278616
0.033850, 0.850742, 0.006543, 0.961912
0.033982, 0.115732, 0.050070, 0.171585
0.033990, 0.876169, -0.000792, 0.963202
0.034014, 0.180094, 0.048592, 0.260984
0.034057, 0.491897, 0.040693, 0.662536
0.034078, 0.167176, 0.048973, 0.243245
0.034209, 0.889151, -0.005514, 0.961251
0.034275, 0.128659, 0.050178, 0.189780
0.034319, 0.154125, 0.049619, 0.225225
0.034333, 0.037545, 0.052829, 0.057776
0.034390, 0.685167, 0.030379, 0.864553
0.034609, 0.479104, 0.041822, 0.647373
0.034673, 0.863680, 0.003081, 0.963072
0.034690, 0.902517, -0.011558, 0.956747
0.034716, 0.141145, 0.050504, 0.207201
0.035177, 0.062927, 0.053391, 0.095642
0.035289, 0.916320, -0.020160, 0.948258
0.035529, 0.050400, 0.054323, 0.077107
0.035536, 0.023007, 0.054992, 0.035562
0.035810, 0.930744, -0.031764, 0.935199
0.035848, 0.707378, 0.029657, 0.883161
0.036954, 0.000000, 0.057423, 0.000000
0.037469, 0.767806, 0.023672, 0.926706
0.037647, 0.969873, -0.846991, 0.109480
0.038010, 0.565763, 0.041931, 0.745900
0.038117, 0.663112, 0.035565, 0.844431
0.038137, 0.467914, 0.046508, 0.633814
0.038190, 0.791648, 0.020310, 0.940134
0.038938, 0.579540, 0.042170, 0.760741
0.039389, 1.000000, -0.918666, 0.000000
0.039599, 0.641909, 0.038646, 0.824327
0.039645, 0.551100, 0.044519, 0.729628
0.039900, 0.740986, 0.028978, 0.908410
0.040186, 0.945065, 0.030443, 0.996092
0.040654, 0.828031, 0.013812, 0.954750
0.040730, 0.593299, 0.043243, 0.775252
0.040992, 0.454587, 0.050512, 0.617511
0.041173, 0.719425, 0.032606, 0.892217
0.041613, 0.441460, 0.051790, 0.601563
0.041901, 0.318399, 0.056159, 0.445728
0.041930, 0.428301, 0.052682, 0.585432
0.042043, 0.754121, 0.028620, 0.917340
0.042144, 0.415032, 0.053436, 0.569017
0.042165, 0.606515, 0.043852, 0.788860
0.042248, 0.401686, 0.054038, 0.552370
0.042285, 0.388279, 0.054542, 0.535514
0.042354, 0.374785, 0.055074, 0.518424
0.042568, 0.696064, 0.036402, 0.873035
0.042630, 0.361134, 0.055869, 0.501014
0.042706, 0.813888, 0.017918, 0.949226
0.042723, 0.983412, -0.933711, 0.010348
0.042759, 0.011337, 0.066155, 0.017493
0.042773, 0.251806, 0.059156, 0.357745
0.042839, 0.538773, 0.048795, 0.715947
0.042890, 0.265573, 0.058956, 0.376138
0.043014, 0.304870, 0.058038, 0.427999
0.043407, 0.347276, 0.057325, 0.483236
0.043476, 0.238477, 0.060489, 0.339891
0.043477, 0.279207, 0.059397, 0.394271
0.043547, 0.619259, 0.044328, 0.801638
0.043571, 0.841440, 0.010899, 0.957326
0.043607, 0.292227, 0.059213, 0.411463
0.043626, 0.525438, 0.050415, 0.700861
0.043685, 0.082801, 0.065339, 0.124162
0.043704, 0.096710, 0.064934, 0.144227
0.043845, 0.674712, 0.039731, 0.854453
0.044151, 0.225323, 0.061787, 0.322190
0.044216, 0.778826, 0.025855, 0.932079
0.044260, 0.031801, 0.067983, 0.048802
0.044272, 0.630976, 0.044127, 0.813217
0.044589, 0.333365, 0.059334, 0.465368
0.044611, 0.212221, 0.062790, 0.304469
0.044771, 0.108651, 0.066076, 0.161158
0.044809, 0.512783, 0.052460, 0.686362
0.045066, 0.199283, 0.063792, 0.286895
0.045146, 0.499736, 0.053525, 0.671196
0.045177, 0.855222, 0.006609, 0.958855
0.045229, 0.959289, -0.733758, 0.230772
0.045348, 0.186455, 0.064558, 0.269398
0.045376, 0.160642, 0.065352, 0.233931
0.045422, 0.122216, 0.066633, 0.180410
0.045454, 0.173596, 0.065081, 0.251774
0.045593, 0.881963, -0.004627, 0.957544
0.045739, 0.868832, 0.001300, 0.958977
0.045753, 0.147340, 0.066298, 0.215498
0.045761, 0.486819, 0.054896, 0.656001
0.045799, 0.730481, 0.034731, 0.899951
0.045869, 0.069786, 0.069108, 0.105278
0.045878, 0.895212, -0.011836, 0.953633
0.045923, 0.652222, 0.043841, 0.833567
0.046320, 0.908621, -0.021172, 0.946409
0.046587, 0.134180, 0.067926, 0.197147
0.046828, 0.801884, 0.022417, 0.943246
0.046851, 0.922167, -0.028146, 0.940377
0.046898, 0.044136, 0.071639, 0.067396
0.047626, 0.558652, 0.052973, 0.737500
0.047670, 0.056904, 0.072312, 0.086350
0.048104, 0.474832, 0.058298, 0.641684
0.048259, 0.707962, 0.039691, 0.882167
0.048608, 0.935307, 0.012255, 0.980573
0.048676, 0.685846, 0.042807, 0.863676
0.048726, 0.571570, 0.053301, 0.751593
0.049373, 0.766029, 0.031308, 0.923552
0.049728, 0.584687, 0.053415, 0.765569
0.050075, 0.021033, 0.077004, 0.032270
0.050100, 0.973351, -0.949116, 0.008324
0.050259, 0.000000, 0.077536, 0.000000
0.050343, 0.462170, 0.061640, 0.626318
0.050896, 1.000000, -0.928783, 0.000000
0.051096, 0.743163, 0.036548, 0.908227
0.051212, 0.789550, 0.027384, 0.936281
0.051231, 0.663338, 0.047665, 0.843338
0.051460, 0.322749, 0.068797, 0.451025
0.051565, 0.822705, 0.018674, 0.949835
0.052033, 0.448765, 0.064377, 0.610038
0.052151, 0.598362, 0.054875, 0.779796
0.052287, 0.640231, 0.051130, 0.821555
0.052509, 0.948996, -0.606552, 0.361244
0.052573, 0.435467, 0.065689, 0.593796
0.052828, 0.422205, 0.066629, 0.577471
0.052881, 0.547354, 0.059599, 0.724676
0.052965, 0.408929, 0.067402, 0.560995
0.053012, 0.395650, 0.068040, 0.544385
0.053014, 0.382374, 0.068601, 0.527655
0.053053, 0.258077, 0.073127, 0.365757
0.053064, 0.369078, 0.069206, 0.510777
0.053233, 0.090870, 0.079139, 0.135440
0.053243, 0.309924, 0.071625, 0.434166
0.053421, 0.355746, 0.070198, 0.493728
0.053598, 0.271946, 0.073423, 0.384235
0.053687, 0.834183, 0.015476, 0.952357
0.053718, 0.719552, 0.042352, 0.890461
0.053882, 0.611588, 0.055488, 0.793221
0.053943, 0.532940, 0.061785, 0.708623
0.053988, 0.244883, 0.074864, 0.348141
0.054604, 0.342427, 0.072270, 0.476555
0.054894, 0.231732, 0.076565, 0.330492
0.054947, 0.114929, 0.080749, 0.169730
0.054950, 0.285526, 0.074824, 0.402277
0.054978, 0.987604, -0.935395, 0.014618
0.055114, 0.754801, 0.037132, 0.915304
0.055238, 0.847316, 0.010728, 0.954045
0.055395, 0.297437, 0.074981, 0.417832
0.055398, 0.625771, 0.055663, 0.807101
0.055488, 0.697163, 0.047125, 0.872372
0.055495, 0.218466, 0.077849, 0.312577
0.055737, 0.078590, 0.083353, 0.117666
0.055980, 0.811959, 0.023530, 0.944782
0.056015, 0.520770, 0.065002, 0.694881
0.056099, 0.507433, 0.065973, 0.679497
0.056183, 0.032552, 0.085820, 0.049633
0.056185, 0.205497, 0.079261, 0.294987
0.056358, 0.860899, 0.004654, 0.954212
0.056397, 0.154093, 0.081370, 0.224470
0.056629, 0.494164, 0.067435, 0.664012
0.056664, 0.675696, 0.051080, 0.853820
0.056665, 0.777245, 0.033182, 0.928425
0.056731, 0.192722, 0.080478, 0.277592
0.056812, 0.167141, 0.081498, 0.242508
0.056889, 0.180016, 0.081152, 0.260214
0.056937, 0.874367, -0.002627, 0.952600
0.057078, 0.140325, 0.082861, 0.205304
0.057112, 0.010890, 0.087706, 0.016675
0.057153, 0.887542, -0.011200, 0.948802
0.057196, 0.102279, 0.084589, 0.151777
0.057316, 0.962887, -0.949189, 0.015922
0.057572, 0.900696, -0.022374, 0.941361
0.057955, 0.561433, 0.064162, 0.739761
0.058139, 0.731632, 0.043634, 0.898731
0.058153, 0.913787, -0.029111, 0.937404
0.058439, 0.066489, 0.087933, 0.100043
0.058517, 0.481734, 0.070455, 0.649283
0.058641, 0.330842, 0.078069, 0.461385
0.058858, 0.126606, 0.086033, 0.186181
0.058910, 0.651386, 0.056205, 0.831420
0.059031, 0.043962, 0.089697, 0.066709
0.059330, 0.926577, -0.010609, 0.957026
0.059526, 0.574961, 0.064733, 0.754231
0.059617, 0.799669, 0.028679, 0.938701
0.060330, 0.588172, 0.064391, 0.768168
0.060339, 0.055260, 0.091219, 0.083473
0.060504, 0.469201, 0.073618, 0.634220
0.061135, 0.708683, 0.049949, 0.880766
0.061155, 0.939360, -0.553764, 0.413856
0.061998, 0.456195, 0.076227, 0.618521
0.062376, 0.976468, -0.940030, 0.021021
0.062471, 0.765961, 0.039251, 0.920519
0.062518, 0.686824, 0.054605, 0.862635
0.062726, 0.317219, 0.084045, 0.443307
0.062741, 0.539927, 0.071258, 0.715832
0.063019, 0.442813, 0.078277, 0.602231
0.063053, 0.637475, 0.061859, 0.817687
0.063145, 1.000000, -0.945634, 0.000000
0.063159, 0.743365, 0.044851, 0.905950
0.063208, 0.264164, 0.086827, 0.373413
0.063215, 0.665324, 0.058378, 0.843657
0.063474, 0.429465, 0.079610, 0.585872
0.063705, 0.416193, 0.080637, 0.569484
0.063827, 0.402989, 0.081500, 0.553049
0.063852, 0.601559, 0.066742, 0.781753
0.063882, 0.389868, 0.082247, 0.536590
0.063897, 0.376835, 0.082916, 0.520116
0.063897, 0.000000, 0.097867, 0.000000
0.063945, 0.824533, 0.021679, 0.945978
0.064023, 0.363919, 0.083701, 0.503663
0.064036, 0.022458, 0.097776, 0.034196
0.064281, 0.787558, 0.034400, 0.931702
0.064296, 0.089170, 0.095481, 0.132658
0.064332, 0.278429, 0.087846, 0.392527
0.064513, 0.251374, 0.089145, 0.356397
0.064576, 0.351010, 0.085026, 0.487080
0.064646, 0.615476, 0.066047, 0.795731
0.064825, 0.952710, -0.936312, 0.032006
0.065277, 0.838721, 0.015921, 0.948264
0.065470, 0.304186, 0.088296, 0.426294
0.065476, 0.238466, 0.091003, 0.339142
0.065487, 0.552009, 0.073313, 0.728991
0.065946, 0.113229, 0.096868, 0.167012
0.066029, 0.224880, 0.092306, 0.320832
0.066102, 0.720737, 0.051608, 0.889143
0.066584, 0.852652, 0.009000, 0.948677
0.066820, 0.515008, 0.077922, 0.687441
0.067114, 0.211652, 0.094358, 0.302929
0.067130, 0.148124, 0.096978, 0.215733
0.067132, 0.501145, 0.079354, 0.671387
0.067599, 0.338640, 0.089586, 0.471028
0.067657, 0.866323, 0.000710, 0.947029
0.067663, 0.810512, 0.028213, 0.940152
0.067683, 0.528676, 0.077798, 0.702772
0.067822, 0.075763, 0.101213, 0.113100
0.067861, 0.754804, 0.045323, 0.912312
0.067882, 0.626148, 0.067993, 0.805935
0.068015, 0.160839, 0.097727, 0.233374
0.068032, 0.198882, 0.096175, 0.285569
0.068115, 0.290936, 0.092463, 0.408939
0.068351, 0.173746, 0.097679, 0.251190
0.068373, 0.879687, -0.009350, 0.942876
0.068536, 0.186307, 0.097415, 0.268409
0.068583, 0.134706, 0.099620, 0.196913
0.068638, 0.988423, -0.948935, 0.009179
0.068710, 0.698150, 0.057915, 0.870937
0.068866, 0.892755, -0.021698, 0.935624
0.068923, 0.034741, 0.104602, 0.052605
0.068967, 0.565192, 0.075899, 0.742925
0.069026, 0.488480, 0.082546, 0.656476
0.069520, 0.905658, -0.022760, 0.938706
0.069809, 0.965859, -0.941550, 0.025220
0.069934, 0.656279, 0.065858, 0.834290
0.069975, 0.100482, 0.103277, 0.148660
0.070081, 0.776365, 0.040666, 0.924249
0.070180, 0.676576, 0.062872, 0.852559
0.070549, 0.918290, -0.037093, 0.925997
0.070562, 0.577856, 0.076324, 0.756189
0.070656, 0.011941, 0.107661, 0.018140
0.070708, 0.325900, 0.094291, 0.454244
0.070824, 0.732313, 0.052635, 0.896543
0.070893, 0.589946, 0.075355, 0.768881
0.071004, 0.476042, 0.085836, 0.641663
0.071247, 0.048322, 0.107527, 0.072811
0.071669, 0.062417, 0.107474, 0.093520
0.071974, 0.644883, 0.069437, 0.823338
0.071979, 0.930685, -0.663653, 0.300727
0.072224, 0.797431, 0.034786, 0.933429
0.072385, 0.463247, 0.088438, 0.626328
0.072816, 0.123181, 0.106295, 0.180646
0.072902, 0.269612, 0.099844, 0.380204
0.073350, 0.450057, 0.090551, 0.610374
0.073399, 0.943020, -0.917396, 0.050720
0.073695, 0.608968, 0.075987, 0.788023
0.073802, 0.710462, 0.059588, 0.879725
0.073976, 0.436749, 0.092239, 0.594152
0.074118, 0.541907, 0.083864, 0.716901
0.074389, 0.423423, 0.093636, 0.577772
0.074635, 0.313345, 0.100170, 0.437882
0.074646, 0.410221, 0.094806, 0.561424
0.074825, 0.397176, 0.095840, 0.545141
0.074936, 0.384286, 0.096750, 0.528922
0.075085, 0.371673, 0.097670, 0.512934
0.075227, 0.359123, 0.098550, 0.496889
0.075387, 0.257516, 0.103791, 0.363988
0.075570, 0.819865, 0.026780, 0.939561
0.075596, 0.087380, 0.112041, 0.129613
0.075616, 0.743777, 0.053148, 0.903121
0.075727, 0.832282, 0.020672, 0.941987
0.075924, 0.977546, -0.950750, 0.014608
0.075984, 0.765519, 0.047189, 0.916442
0.076076, 0.231781, 0.105949, 0.329637
0.076179, 0.687625, 0.066076, 0.860811
0.076196, 1.000000, -0.955805, 0.000000
0.076332, 0.245503, 0.105673, 0.348016
0.076485, 0.346785, 0.100864, 0.480977
0.076736, 0.633303, 0.075684, 0.811688
0.076896, 0.845412, 0.013327, 0.942397
0.076974, 0.280277, 0.104942, 0.394389
0.076983, 0.000000, 0.116864, 0.000000
0.077043, 0.666499, 0.070664, 0.842476
0.077073, 0.507598, 0.090451, 0.677934
0.077346, 0.555877, 0.086036, 0.731994
0.077378, 0.300348, 0.104495, 0.420763
0.077390, 0.955821, -0.940190, 0.028311
0.077415, 0.218140, 0.108455, 0.311248
0.077666, 0.597492, 0.081522, 0.775861
0.077694, 0.024429, 0.117555, 0.036848
0.077971, 0.521276, 0.090239, 0.693596
0.078006, 0.785926, 0.041478, 0.926255
0.078085, 0.142740, 0.112881, 0.207709
0.078160, 0.858708, 0.004365, 0.940638
0.078306, 0.110704, 0.114843, 0.162829
0.079050, 0.722253, 0.060896, 0.887383
0.079101, 0.204886, 0.111446, 0.293272
0.079176, 0.620020, 0.080011, 0.798469
0.079256, 0.871952, -0.006997, 0.935908
0.079274, 0.154284, 0.114102, 0.223861
0.079458, 0.167244, 0.113756, 0.241803
0.079488, 0.074715, 0.118264, 0.111094
0.079489, 0.494803, 0.094417, 0.662934
0.079827, 0.333788, 0.105950, 0.463890
0.079937, 0.806656, 0.034044, 0.933618
0.080103, 0.885014, -0.020416, 0.928563
0.080138, 0.192322, 0.113515, 0.276161
0.080343, 0.179881, 0.114418, 0.259173
0.080352, 0.569436, 0.087785, 0.746269
0.080422, 0.755183, 0.052995, 0.908891
0.080437, 0.038439, 0.121156, 0.057739
0.080830, 0.897863, -0.014076, 0.939961
0.081327, 0.700524, 0.067648, 0.870292
0.081607, 0.532581, 0.093257, 0.705879
0.081686, 0.583013, 0.087558, 0.760247
0.081734, 0.482631, 0.098150, 0.648552
0.081845, 0.910543, -0.117697, 0.837834
0.081876, 0.653904, 0.077239, 0.830142
0.082404, 0.052322, 0.123462, 0.078211
0.082431, 0.132258, 0.119629, 0.192873
0.082479, 0.988856, -0.958143, 0.005729
0.082640, 0.098077, 0.121698, 0.144610
0.082852, 0.289462, 0.112435, 0.406191
0.083100, 0.470066, 0.100872, 0.633623
0.083195, 0.011221, 0.125715, 0.016878
0.083255, 0.922948, -0.827715, 0.131591
0.083513, 0.966910, -0.950610, 0.017780
0.083683, 0.322694, 0.111727, 0.449526
0.083829, 0.457023, 0.102842, 0.617977
0.083835, 0.734161, 0.061220, 0.894466
0.083917, 0.774125, 0.048622, 0.918341
0.084064, 0.267123, 0.115207, 0.376455
0.084170, 0.676919, 0.074973, 0.850180
0.084280, 0.063516, 0.125709, 0.094572
0.084580, 0.443750, 0.104831, 0.601892
0.084828, 0.934893, -0.917525, 0.047591
0.084931, 0.430583, 0.106292, 0.585827
0.085200, 0.546606, 0.095754, 0.721018
0.085250, 0.641909, 0.082447, 0.818526
0.085368, 0.417291, 0.107833, 0.569443
0.085489, 0.946264, -0.936052, 0.031110
0.085536, 0.607960, 0.088121, 0.785519
0.085727, 0.404198, 0.109236, 0.553191
0.085974, 0.391271, 0.110453, 0.537014
0.086025, 0.239297, 0.119321, 0.339228
0.086062, 0.796016, 0.040862, 0.927088
0.086310, 0.120769, 0.125804, 0.176603
0.086335, 0.309721, 0.115984, 0.432458
0.086375, 0.378797, 0.111817, 0.521298
0.086377, 0.366326, 0.112634, 0.505460
0.086883, 0.354159, 0.114061, 0.489872
0.086920, 0.225632, 0.121284, 0.320876
0.086941, 0.712171, 0.069246, 0.877941
0.087167, 0.815348, 0.031786, 0.932352
0.087287, 0.513717, 0.101691, 0.683852
0.087535, 0.826641, 0.025400, 0.934246
0.087560, 0.253949, 0.120711, 0.358862
0.087646, 0.085184, 0.129534, 0.125860
0.087734, 0.341604, 0.115928, 0.473567
0.087782, 0.838782, 0.017670, 0.934966
0.088276, 0.691007, 0.075401, 0.861047
0.088341, 0.746889, 0.060417, 0.901330
0.088603, 0.594991, 0.093160, 0.771847
0.088612, 0.629060, 0.087848, 0.805722
0.088843, 0.851524, 0.008108, 0.933135
0.088954, 0.211739, 0.124837, 0.302025
0.089202, 0.501562, 0.105169, 0.669733
0.089318, 0.663814, 0.082100, 0.837696
0.089489, 0.559745, 0.098888, 0.734733
0.089667, 1.000000, -0.962480, 0.000000
0.089718, 0.978104, -0.958860, 0.009084
0.089736, 0.277839, 0.122363, 0.390417
0.089865, 0.159263, 0.128858, 0.230183
0.090038, 0.864480, -0.004446, 0.927817
0.090101, 0.144620, 0.129917, 0.209764
0.090304, 0.020661, 0.135762, 0.030925
0.090415, 0.000000, 0.136170, 0.000000
0.090458, 0.761588, 0.056605, 0.909302
0.090610, 0.031595, 0.135953, 0.047214
0.090851, 0.108405, 0.132956, 0.158902
0.090979, 0.297959, 0.122885, 0.416825
0.091138, 0.877452, -0.017248, 0.921846
0.091276, 0.956126, -0.948595, 0.019342
0.091289, 0.784956, 0.047790, 0.920330
0.091348, 0.172447, 0.130303, 0.248380
0.091468, 0.198116, 0.129097, 0.283482
0.091755, 0.571777, 0.099739, 0.747093
0.091846, 0.045107, 0.137297, 0.067208
0.091959, 0.724097, 0.069702, 0.885138
0.092072, 0.890353, -0.002399, 0.942119
0.092203, 0.524063, 0.106207, 0.695166
0.092305, 0.185600, 0.130981, 0.266441
0.092485, 0.072484, 0.137137, 0.107293
0.092595, 0.489150, 0.110417, 0.655124
0.092629, 0.617238, 0.093755, 0.793592
0.092760, 0.583490, 0.099163, 0.759289
0.092968, 0.903204, -0.261032, 0.684964
0.093085, 0.537858, 0.105589, 0.710449
0.094080, 0.476829, 0.113422, 0.640614
0.094128, 0.651036, 0.088993, 0.825282
0.094210, 0.331883, 0.125059, 0.460561
0.094295, 0.916192, -0.934814, 0.018805
0.094429, 0.805705, 0.038812, 0.925934
0.094575, 0.463781, 0.115279, 0.625102
0.094849, 0.131929, 0.137436, 0.191904
0.094942, 0.702333, 0.077890, 0.868360
0.095003, 0.682474, 0.082954, 0.852317
0.095033, 0.450606, 0.117063, 0.609277
0.095056, 0.319179, 0.127025, 0.444209
0.095182, 0.095817, 0.139812, 0.140742
0.095498, 0.265309, 0.130910, 0.373519
0.095823, 0.437250, 0.119231, 0.593041
0.095865, 0.424301, 0.120408, 0.577234
0.095877, 0.058389, 0.142655, 0.086628
0.095952, 0.737230, 0.068369, 0.892687
0.095974, 0.245027, 0.132682, 0.346337
0.096049, 0.929305, -0.921196, 0.039326
0.096254, 0.772945, 0.055215, 0.912697
0.096400, 0.988975, -0.963941, 0.003412
0.096450, 0.410991, 0.122245, 0.560764
0.096809, 0.397762, 0.123759, 0.544279
0.097064, 0.967283, -0.957653, 0.010816
0.097140, 0.287407, 0.131782, 0.402502
0.097153, 0.550939, 0.108418, 0.724251
0.097213, 0.604248, 0.100513, 0.779837
0.097218, 0.232661, 0.135085, 0.329648
0.097332, 0.942667, -0.941990, 0.022259
0.097339, 0.010676, 0.146042, 0.015939
0.097501, 0.346581, 0.128423, 0.479396
0.097517, 0.638228, 0.094670, 0.812768
0.097529, 0.372432, 0.126623, 0.512404
0.097656, 0.385288, 0.125823, 0.528644
0.097805, 0.671400, 0.087907, 0.842289
0.097830, 0.359824, 0.127930, 0.496361
0.097909, 0.219870, 0.136775, 0.312412
0.098768, 0.510906, 0.115237, 0.679402
0.098857, 0.119128, 0.143808, 0.173648
0.098948, 0.306663, 0.132991, 0.427615
0.098999, 0.830781, 0.023497, 0.926544
0.099062, 0.817579, 0.032671, 0.925491
0.099151, 0.750960, 0.065468, 0.899921
0.099580, 0.152540, 0.142942, 0.220298
0.099627, 0.843862, 0.012867, 0.924925
0.099817, 0.082909, 0.147109, 0.122003
0.099903, 0.795619, 0.045803, 0.919932
0.100066, 0.713873, 0.078510, 0.875386
0.100397, 0.205750, 0.141026, 0.293158
0.100791, 0.856886, -0.000680, 0.919456
0.101077, 0.498248, 0.119395, 0.664706
0.101103, 0.591706, 0.106562, 0.766508
0.101495, 0.625995, 0.100825, 0.800452
0.101751, 0.254612, 0.140100, 0.359001
0.101802, 0.036006, 0.151672, 0.053399
0.101945, 0.164686, 0.145685, 0.237142
0.102040, 0.869841, -0.009576, 0.918048
0.102370, 0.530140, 0.116962, 0.700537
0.102424, 0.692867, 0.086296, 0.858889
0.102513, 0.659544, 0.094717, 0.830976
0.102610, 0.564261, 0.112465, 0.737736
0.102812, 0.276114, 0.140171, 0.387359
0.103028, 0.177982, 0.146474, 0.255449
0.103051, 0.577627, 0.110871, 0.751592
0.103158, 0.022743, 0.154126, 0.033789
0.103171, 0.882704, 0.005688, 0.938345
0.103195, 0.106478, 0.150684, 0.155526
0.103268, 1.000000, -0.966570, 0.000000
0.103442, 0.955379, -0.953854, 0.012114
0.103582, 0.977973, -0.963649, 0.005042
0.103743, 0.141444, 0.149466, 0.204630
0.103764, 0.727745, 0.076653, 0.883819
0.103881, 0.783877, 0.053329, 0.913657
0.103901, 0.047666, 0.154374, 0.070519
0.104014, 0.069224, 0.153695, 0.101990
0.104077, 0.762449, 0.063606, 0.904025
0.104138, 0.895492, -0.445341, 0.489428
0.104172, 0.000000, 0.155840, 0.000000
0.104331, 0.191548, 0.147410, 0.273767
0.105010, 0.908287, -0.939308, 0.006712
0.105154, 0.613432, 0.106794, 0.787555
0.105188, 0.484060, 0.125829, 0.647737
0.105278, 0.296492, 0.142123, 0.413871
0.105334, 0.470575, 0.127521, 0.632088
0.105666, 0.338837, 0.139691, 0.468893
0.105779, 0.457214, 0.129480, 0.616155
0.105959, 0.541360, 0.119446, 0.712506
0.105994, 0.326226, 0.141064, 0.452731
0.106085, 0.444019, 0.131204, 0.600271
0.106354, 0.519579, 0.122834, 0.688032
0.106491, 0.646942, 0.101143, 0.818833
0.106527, 0.921327, -0.922846, 0.030397
0.106753, 0.418026, 0.134542, 0.568534
0.106952, 0.314789, 0.143107, 0.437687
0.107113, 0.681018, 0.093305, 0.847991
0.107190, 0.404095, 0.136333, 0.551181
0.107192, 0.430472, 0.133895, 0.583701
0.107463, 0.093501, 0.157440, 0.136800
0.107569, 0.128853, 0.155584, 0.186791
0.107611, 0.741095, 0.074182, 0.890821
0.107619, 0.241519, 0.148872, 0.340983
0.107976, 0.352510, 0.141667, 0.486263
0.107980, 0.807183, 0.040923, 0.917852
0.108254, 0.216037, 0.151278, 0.306567
0.108373, 0.264770, 0.148473, 0.372096
0.108465, 0.378532, 0.140189, 0.519221
0.108511, 0.934093, -0.939360, 0.018673
0.108592, 0.229111, 0.151000, 0.324307
0.108866, 0.552807, 0.120954, 0.724538
0.108869, 0.365866, 0.141768, 0.503225
0.108909, 0.391798, 0.139623, 0.535849
0.108946, 0.703597, 0.088200, 0.865066
0.109098, 0.772821, 0.061000, 0.906424
0.109365, 0.600711, 0.113380, 0.774220
0.109371, 0.822266, 0.030166, 0.918227
0.109829, 0.057309, 0.162507, 0.084430
0.110091, 0.945232, -0.949813, 0.011665
0.110154, 0.988889, -0.967086, 0.001601
0.110233, 0.836061, 0.018146, 0.916237
0.110353, 0.966319, -0.961314, 0.005591
0.110359, 0.634709, 0.107431, 0.806794
0.110515, 0.011183, 0.164701, 0.016553
0.110672, 0.668867, 0.099497, 0.836972
0.111078, 0.718263, 0.084901, 0.874808
0.111239, 0.285932, 0.150872, 0.399708
0.111395, 0.495514, 0.131733, 0.660216
0.111424, 0.849280, 0.003374, 0.910334
0.111434, 0.080182, 0.163678, 0.117447
0.111442, 0.153534, 0.159605, 0.221015
0.111559, 0.202178, 0.156683, 0.287539
0.111572, 0.508160, 0.130315, 0.674730
0.111683, 0.116774, 0.162155, 0.169637
0.111971, 0.753633, 0.071423, 0.895968
0.111975, 0.587322, 0.118505, 0.760224
0.112334, 0.793757, 0.050416, 0.911955
0.112395, 0.032006, 0.166910, 0.047249
0.112806, 0.862282, -0.001269, 0.913635
0.113014, 0.167837, 0.160968, 0.240732
0.113494, 0.305429, 0.152450, 0.424912
0.113521, 0.574335, 0.122426, 0.746594
0.113947, 0.622038, 0.113593, 0.794067
0.114010, 0.251562, 0.156947, 0.353973
0.114164, 0.875159, -0.024155, 0.894727
0.114605, 0.181193, 0.162380, 0.259016
0.114693, 0.530502, 0.130707, 0.699125
0.115061, 0.655867, 0.106652, 0.824644
0.115310, 0.887932, -0.660259, 0.263077
0.115340, 0.103939, 0.168006, 0.151230
0.115418, 0.691211, 0.096956, 0.853603
0.115787, 0.138917, 0.166485, 0.200270
0.115837, 0.043742, 0.171550, 0.064410
0.115910, 0.563173, 0.126871, 0.734490
0.115929, 0.731164, 0.083227, 0.881356
0.116173, 0.332224, 0.153963, 0.459526
0.116203, 0.900715, -0.921263, 0.015473
0.116230, 0.275165, 0.158394, 0.385307
0.116372, 0.410984, 0.147204, 0.558786
0.116505, 0.475139, 0.140279, 0.635982
0.116639, 0.462734, 0.141936, 0.621366
0.116716, 0.067531, 0.171747, 0.098942
0.116816, 0.913687, -0.924045, 0.020568
0.116818, 1.000000, -0.968481, 0.000000
0.116943, 0.437064, 0.145221, 0.590648
0.117025, 0.977480, -0.965872, 0.001778
0.117042, 0.781508, 0.059219, 0.905397
0.117101, 0.449899, 0.143980, 0.606044
0.117261, 0.954886, -0.957569, 0.004927
0.117430, 0.345018, 0.154573, 0.475866
0.117516, 0.021030, 0.174403, 0.030995
0.117648, 0.609402, 0.119877, 0.781116
0.117694, 0.000000, 0.174841, 0.000000
0.118185, 0.318453, 0.157668, 0.441481
0.118426, 0.540913, 0.133242, 0.709872
0.118468, 0.814790, 0.036567, 0.910565
0.118469, 0.212669, 0.165594, 0.301364
0.118592, 0.486548, 0.141287, 0.648838
0.118698, 0.927475, -0.938253, 0.012722
0.118722, 0.192401, 0.167301, 0.273896
0.118733, 0.766386, 0.068459, 0.898680
0.118736, 0.358300, 0.155131, 0.492699
0.118863, 0.710096, 0.093176, 0.866287
0.118941, 0.679166, 0.103434, 0.843132
0.119016, 0.423228, 0.149253, 0.573607
0.119044, 0.384520, 0.153137, 0.525706
0.119201, 0.225222, 0.165865, 0.318446
0.119262, 0.643614, 0.113499, 0.812777
0.119358, 0.520457, 0.137449, 0.687455
0.119460, 0.295229, 0.161176, 0.411200
0.119541, 0.090726, 0.174602, 0.132144
0.119726, 0.238298, 0.165680, 0.335941
0.119790, 0.262537, 0.164038, 0.368170
0.119965, 0.398876, 0.152916, 0.543462
0.120064, 0.371940, 0.155645, 0.509934
0.120115, 0.743181, 0.080623, 0.886520
0.120325, 0.828593, 0.023593, 0.907413
0.120406, 0.551937, 0.133599, 0.721540
0.120719, 0.127101, 0.174314, 0.183664
0.120866, 0.801554, 0.046988, 0.907477
0.120992, 0.596264, 0.125936, 0.767435
0.121892, 0.841835, 0.007611, 0.900632
0.122019, 0.941372, -0.950986, 0.004891
0.122298, 0.054478, 0.180148, 0.079782
0.122325, 0.665382, 0.110329, 0.830626
0.122512, 0.147340, 0.175441, 0.211637
0.122648, 0.499580, 0.144216, 0.663184
0.122672, 0.630685, 0.119834, 0.800121
0.122937, 0.159760, 0.175333, 0.228922
0.123307, 0.698999, 0.100323, 0.856728
0.123437, 0.854811, 0.008576, 0.909718
0.123446, 0.583347, 0.131042, 0.753914
0.123546, 0.078121, 0.180829, 0.113861
0.123556, 0.755716, 0.076292, 0.891176
0.123631, 0.988685, -0.968129, 0.000078
0.123667, 0.965981, -0.963077, 0.000901
0.123755, 0.722079, 0.091800, 0.872423
0.123919, 0.114216, 0.179527, 0.165307
0.124087, 0.510434, 0.144294, 0.675367
0.124566, 0.010517, 0.184458, 0.015453
0.124576, 0.032253, 0.184144, 0.047330
0.124898, 0.172537, 0.177248, 0.246420
0.124982, 0.867651, -0.097136, 0.806803
0.125199, 0.203338, 0.175526, 0.288311
0.125540, 0.307998, 0.168279, 0.427428
0.125612, 0.284721, 0.170237, 0.397043
0.125775, 0.571005, 0.135867, 0.740752
0.126051, 0.789916, 0.056333, 0.901554
0.126082, 0.250033, 0.173406, 0.350929
0.126312, 0.326601, 0.167744, 0.451452
0.126335, 0.617904, 0.126367, 0.787265
0.126432, 0.880382, -0.824830, 0.087125
0.127129, 0.100993, 0.184667, 0.146314
0.127211, 0.411323, 0.160710, 0.558172
0.127356, 0.775533, 0.066563, 0.896865
0.127498, 0.892970, -0.895819, 0.029634
0.127717, 0.431537, 0.159043, 0.582690
0.127915, 0.338541, 0.168830, 0.466772
0.128031, 0.652758, 0.118809, 0.818311
0.128072, 0.918199, -0.933670, 0.007753
0.128155, 0.455713, 0.156636, 0.611706
0.128162, 0.905556, -0.922300, 0.011279
0.128276, 0.467684, 0.155215, 0.625793
0.128295, 0.184037, 0.181167, 0.261910
0.128332, 0.531259, 0.145762, 0.697955
0.128422, 0.272475, 0.174964, 0.380704
0.128570, 0.389868, 0.164697, 0.531449
0.128658, 0.443151, 0.158815, 0.596670
0.128874, 0.065084, 0.188856, 0.094823
0.129093, 0.479637, 0.154549, 0.639584
0.129168, 0.734426, 0.089703, 0.877437
0.129215, 0.351056, 0.169384, 0.482653
0.129398, 0.558571, 0.142045, 0.726996
0.129414, 0.363803, 0.168388, 0.498685
0.129423, 0.216614, 0.180440, 0.306028
0.129484, 0.676387, 0.112755, 0.837306
0.129501, 0.809088, 0.041289, 0.900489
0.129512, 0.042954, 0.190690, 0.062779
0.129553, 0.953516, -0.958526, -0.000599
0.129734, 0.604984, 0.132686, 0.774034
0.129964, 0.688107, 0.109069, 0.846367
0.130192, 0.821601, 0.028691, 0.898120
0.130236, 1.000000, -0.968567, 0.000000
0.130274, 0.136699, 0.186951, 0.196323
0.130438, 0.977281, -0.966279, -0.001108
0.130470, 0.229274, 0.180993, 0.323051
0.130498, 0.544667, 0.145796, 0.711930
0.130528, 0.931645, -0.945802, 0.001740
0.130642, 0.709657, 0.101452, 0.861249
0.130663, 0.491937, 0.154599, 0.653420
0.131257, 0.639359, 0.125406, 0.805696
0.131293, 0.021315, 0.193726, 0.031187
0.131327, 0.260437, 0.179768, 0.364447
0.131564, 0.377705, 0.169737, 0.515894
0.131603, 0.000000, 0.194371, 0.000000
0.131619, 0.298083, 0.177195, 0.414078
0.132161, 0.834502, 0.012079, 0.890558
0.132197, 0.088160, 0.192472, 0.127788
0.132205, 0.747908, 0.084495, 0.882814
0.132746, 0.519172, 0.152714, 0.684000
0.132830, 0.317209, 0.177140, 0.438758
0.132836, 0.241014, 0.183310, 0.338525
0.132981, 0.592129, 0.138831, 0.760657
0.133160, 0.194971, 0.187117, 0.276439
0.133169, 0.123799, 0.191928, 0.178246
0.133183, 0.762497, 0.076585, 0.888543
0.133258, 0.421661, 0.167006, 0.569964
0.133430, 0.150524, 0.190487, 0.215371
0.133501, 0.400755, 0.169766, 0.544548
0.133931, 0.847384, 0.020038, 0.906418
0.134111, 0.665761, 0.119977, 0.827246
0.134748, 0.163831, 0.191455, 0.233692
0.134974, 0.626406, 0.132311, 0.792949
0.135177, 0.720893, 0.099534, 0.866413
0.135348, 0.075821, 0.197359, 0.109930
0.135380, 0.505679, 0.157904, 0.668447
0.135516, 0.579720, 0.144143, 0.747642
0.135618, 0.053027, 0.198776, 0.077137
0.135653, 0.860203, -0.208183, 0.680092
0.135681, 0.799017, 0.050557, 0.894853
0.135859, 0.110606, 0.196319, 0.159396
0.136143, 0.942785, -0.953594, -0.003125
0.136424, 0.965458, -0.963014, -0.003072
0.136791, 0.698502, 0.110123, 0.851150
0.137000, 0.988580, -0.967482, -0.001253
0.137311, 0.872948, -0.905368, -0.005096
0.137419, 0.785110, 0.061966, 0.891771
0.137475, 0.567161, 0.148854, 0.734332
0.137537, 0.288989, 0.185836, 0.401666
0.137649, 0.207174, 0.192412, 0.292658
0.137858, 0.032251, 0.202718, 0.047009
0.137926, 0.329401, 0.182708, 0.454020
0.138213, 0.175704, 0.195455, 0.249788
0.138457, 0.010779, 0.203876, 0.015722
0.138534, 0.613486, 0.139055, 0.779965
0.138769, 0.277921, 0.188403, 0.387003
0.138866, 0.885587, -0.891397, 0.021459
0.138967, 0.773228, 0.071243, 0.887968
0.139116, 0.922053, -0.940245, -0.002679
0.139173, 0.098129, 0.201588, 0.141527
0.139244, 0.448223, 0.170934, 0.601189
0.139253, 0.342421, 0.183197, 0.470606
0.139535, 0.656430, 0.127506, 0.817739
0.139630, 0.367689, 0.181076, 0.502510
0.139721, 0.434029, 0.173371, 0.584066
0.139756, 0.897936, -0.917385, 0.003962
0.139907, 0.538381, 0.157187, 0.703481
0.140061, 0.307731, 0.187569, 0.425958
0.140089, 0.472379, 0.168495, 0.629378
0.140102, 0.388998, 0.179356, 0.529157
0.140103, 0.910219, -0.930563, -0.001040
0.140207, 0.460151, 0.170412, 0.615106
0.140288, 0.813197, 0.035455, 0.888203
0.140325, 0.410956, 0.177073, 0.556246
0.140361, 0.552707, 0.154869, 0.718518
0.140432, 0.730660, 0.097757, 0.869373
0.140555, 0.252828, 0.192914, 0.353756
0.140781, 0.678059, 0.120895, 0.834618
0.140836, 0.645402, 0.132111, 0.807937
0.140918, 0.219513, 0.195941, 0.309032
0.140921, 0.355416, 0.183977, 0.486750
0.141287, 0.266207, 0.192773, 0.371372
0.141375, 0.483839, 0.168241, 0.642372
0.141393, 0.063119, 0.206339, 0.091415
0.141594, 0.495641, 0.166600, 0.655796
0.141962, 0.600618, 0.145642, 0.766808
0.141972, 0.741708, 0.092480, 0.874246
0.141982, 0.526990, 0.161602, 0.690886
0.142070, 0.826468, 0.018450, 0.881196
0.142227, 0.187043, 0.200177, 0.264987
0.142668, 0.142313, 0.203705, 0.203196
0.142730, 0.230858, 0.197523, 0.324109
0.142896, 0.954287, -0.958772, -0.005963
0.142935, 0.710117, 0.109199, 0.856121
0.143575, 1.000000, -0.967110, 0.000000
0.143590, 0.131431, 0.205850, 0.188147
0.143601, 0.754140, 0.085607, 0.878561
0.143744, 0.976958, -0.965069, -0.003652
0.143749, 0.042759, 0.210566, 0.062064
0.144146, 0.839559, 0.034862, 0.905237
0.144176, 0.633684, 0.138604, 0.796696
0.144276, 0.932023, -0.947754, -0.007186
0.144435, 0.156031, 0.205379, 0.222226
0.144455, 0.688496, 0.119592, 0.840866
0.144625, 0.241941, 0.199237, 0.338818
0.144861, 0.514313, 0.167106, 0.676328
0.145118, 0.378438, 0.186916, 0.515493
0.145125, 0.021720, 0.213014, 0.031563
0.145326, 0.085203, 0.210750, 0.122776
0.145353, 0.000000, 0.213527, 0.000000
0.145356, 0.118662, 0.209020, 0.170109
0.145421, 0.587918, 0.152199, 0.753557
0.145807, 0.318807, 0.194047, 0.439644
0.145929, 0.422333, 0.182548, 0.569386
0.146044, 0.298203, 0.196376, 0.413072
0.146071, 0.852537, -0.340181, 0.531963
0.146435, 0.199098, 0.205079, 0.281078
0.146623, 0.792444, 0.056631, 0.884170
0.146777, 0.399433, 0.186493, 0.541249
0.146810, 0.667254, 0.129605, 0.823996
0.146832, 0.073407, 0.213476, 0.105933
0.147464, 0.575597, 0.157223, 0.740767
0.147487, 0.562464, 0.160266, 0.727238
0.147509, 0.765272, 0.079358, 0.879452
0.147577, 0.621424, 0.145299, 0.784689
0.147933, 0.865474, -0.924379, -0.036669
0.148040, 0.167685, 0.209598, 0.238078
0.148360, 0.805027, 0.043193, 0.880775
0.148478, 0.720936, 0.107234, 0.859726
0.148693, 0.442352, 0.183110, 0.592812
0.148808, 0.332226, 0.196608, 0.456537
0.148889, 0.107493, 0.214615, 0.154216
0.149570, 0.965636, -0.961605, -0.006621
0.149668, 0.285545, 0.202300, 0.396095
0.149679, 0.878420, -0.892459, 0.007133
0.149688, 0.053041, 0.218409, 0.076671
0.149697, 0.503322, 0.174514, 0.663135
0.149728, 0.943344, -0.953630, -0.009609
0.149925, 0.545295, 0.166569, 0.708761
0.149974, 0.700256, 0.118281, 0.846444
0.150196, 0.988193, -0.965383, -0.002471
0.150232, 0.778364, 0.069620, 0.879855
0.150490, 0.211454, 0.209688, 0.297497
0.150522, 0.344668, 0.197506, 0.472176
0.150584, 0.095516, 0.217605, 0.137190
0.150891, 0.918580, -0.939246, -0.010870
0.150908, 0.608820, 0.152008, 0.772109
0.151007, 0.654317, 0.137690, 0.811947
0.151043, 0.366780, 0.195771, 0.500209
0.151073, 0.467254, 0.182184, 0.621656
0.151359, 0.891486, -0.914374, -0.005659
0.151447, 0.273516, 0.205795, 0.380202
0.151664, 0.904476, -0.927989, -0.009810
0.151733, 0.032675, 0.221991, 0.047305
0.151783, 0.818473, 0.026445, 0.873011
0.151959, 0.260399, 0.207630, 0.362810
0.151995, 0.179082, 0.214250, 0.253443
0.152148, 0.011007, 0.222884, 0.015948
0.152201, 0.454175, 0.185570, 0.606322
0.152500, 0.733042, 0.102531, 0.863670
0.152538, 0.410434, 0.192235, 0.553984
0.152811, 0.355981, 0.199213, 0.486252
0.152920, 0.478822, 0.182461, 0.634793
0.153077, 0.534418, 0.172247, 0.696586
0.153101, 0.147837, 0.217907, 0.210273
0.153102, 0.490502, 0.180652, 0.648027
0.153166, 0.388130, 0.195905, 0.526577
0.153483, 0.223539, 0.212796, 0.313527
0.153537, 0.642146, 0.144019, 0.800991
0.153645, 0.431818, 0.190625, 0.579588
0.153988, 0.677681, 0.130949, 0.829026
0.154026, 0.248411, 0.211479, 0.346786
0.154045, 0.831556, 0.046641, 0.900171
0.154111, 0.745106, 0.095599, 0.867869
0.154241, 0.308671, 0.206185, 0.425883
0.154293, 0.595887, 0.158827, 0.758930
0.154375, 0.522368, 0.176119, 0.683285
0.154850, 0.125381, 0.221816, 0.178959
0.154910, 0.063896, 0.225186, 0.092023
0.155263, 0.190837, 0.217803, 0.269173
0.155314, 0.554802, 0.170174, 0.717557
0.155456, 0.235318, 0.214483, 0.329125
0.156212, 0.844550, -0.470370, 0.385518
0.156256, 0.711196, 0.116771, 0.849963
0.156354, 0.932133, -0.947552, -0.013823
0.156396, 0.953799, -0.956867, -0.010697
0.156715, 1.000000, -0.964376, 0.000000
0.156789, 0.630013, 0.150880, 0.789463
0.156990, 0.137172, 0.224066, 0.195274
0.157003, 0.323015, 0.208274, 0.443959
0.157030, 0.756521, 0.088493, 0.869549
0.157196, 0.787556, 0.060950, 0.873075
0.157216, 0.690826, 0.127461, 0.836713
0.157539, 0.976732, -0.962393, -0.006001
0.157575, 0.077024, 0.228388, 0.110673
0.157607, 0.159115, 0.223444, 0.225638
0.157624, 0.294984, 0.211959, 0.407688
0.157888, 0.582499, 0.165939, 0.745014
0.157909, 0.568807, 0.169480, 0.731380
0.158210, 0.376191, 0.203726, 0.511089
0.158217, 0.043457, 0.230665, 0.062665
0.158231, 0.857509, -0.903218, -0.029607
0.158339, 0.664012, 0.139824, 0.816842
0.158686, 0.510509, 0.183243, 0.669481
0.158854, 0.022101, 0.232030, 0.031908
0.158948, 0.000000, 0.232292, 0.000000
0.159002, 0.799247, 0.047372, 0.869020
0.159188, 0.420921, 0.198934, 0.565698
0.159296, 0.203533, 0.222325, 0.286081
0.159533, 0.088343, 0.230437, 0.126590
0.159678, 0.114398, 0.229064, 0.163209
0.159885, 0.768568, 0.079258, 0.869684
0.159979, 0.398725, 0.203037, 0.538736
0.160042, 0.617805, 0.157721, 0.777585
0.160168, 0.870503, -0.892617, -0.007729
0.160293, 0.336527, 0.211076, 0.460898
0.160529, 0.443535, 0.197164, 0.592564
0.160892, 0.723315, 0.112428, 0.853776
0.161015, 0.101794, 0.231822, 0.145540
0.161159, 0.811127, 0.032709, 0.863283
0.161393, 0.463188, 0.194957, 0.615270
0.161508, 0.170653, 0.227995, 0.241235
0.161710, 0.281689, 0.218714, 0.390002
0.161855, 0.883600, -0.908444, -0.013735
0.162055, 0.964129, -0.958551, -0.009984
0.162234, 0.498279, 0.189592, 0.655121
0.162341, 0.921957, -0.941154, -0.017971
0.162390, 0.910106, -0.933352, -0.018479
0.162581, 0.268369, 0.221119, 0.372358
0.162765, 0.651106, 0.148367, 0.804951
0.162861, 0.349364, 0.212888, 0.476842
0.163086, 0.989495, -0.962227, -0.003154
0.163107, 0.605633, 0.164333, 0.765523
0.163325, 0.544134, 0.181044, 0.704534
0.163473, 0.216471, 0.227006, 0.303264
0.163544, 0.362991, 0.212089, 0.493853
0.163571, 0.054503, 0.237648, 0.078311
0.163586, 0.943407, -0.951678, -0.015365
0.163677, 0.897009, -0.923056, -0.018868
0.163799, 0.701546, 0.126323, 0.840150
0.163873, 0.255064, 0.224110, 0.354710
0.163941, 0.823748, 0.040972, 0.876828
0.164113, 0.474950, 0.196110, 0.628509
0.164362, 0.735674, 0.105971, 0.856955
0.164755, 0.531169, 0.185536, 0.690589
0.164854, 0.409271, 0.207552, 0.550788
0.164907, 0.778929, 0.069773, 0.865269
0.165287, 0.683361, 0.136418, 0.827643
0.165357, 0.182382, 0.232369, 0.256966
0.165367, 0.148190, 0.234881, 0.209994
0.165431, 0.315216, 0.220059, 0.432934
0.165433, 0.486325, 0.195531, 0.641268
0.165568, 0.033393, 0.241077, 0.048033
0.165585, 0.241894, 0.227609, 0.337055
0.165629, 0.010798, 0.241455, 0.015539
0.165701, 0.387218, 0.211717, 0.523815
0.165761, 0.558034, 0.180201, 0.718145
0.166043, 0.638705, 0.155746, 0.793568
0.166158, 0.593576, 0.170849, 0.753277
0.166231, 0.836455, -0.585689, 0.253962
0.166245, 0.228364, 0.229724, 0.318967
0.166483, 0.432386, 0.206072, 0.578402
0.166515, 0.127791, 0.237896, 0.181661
0.166565, 0.671359, 0.142867, 0.818670
0.166590, 0.302372, 0.222938, 0.416211
0.166654, 0.067388, 0.241301, 0.096532
0.166656, 0.453745, 0.202758, 0.603406
0.166835, 0.518726, 0.190531, 0.676748
0.166933, 0.747430, 0.098234, 0.859021
0.167334, 0.194410, 0.233977, 0.273018
0.168405, 0.849184, -0.876230, -0.018256
0.168533, 0.571737, 0.179409, 0.731147
0.168897, 0.713690, 0.122252, 0.843924
0.169020, 0.328028, 0.223303, 0.448990
0.169284, 0.791191, 0.054875, 0.857965
0.169313, 0.626464, 0.162985, 0.781993
0.169750, 0.759267, 0.088904, 0.859146
0.169822, 0.932687, -0.945789, -0.020165
0.169874, 0.080167, 0.245231, 0.114557
0.169896, 0.290560, 0.228614, 0.400688
0.169915, 0.374920, 0.218628, 0.507955
0.169933, 0.582580, 0.177728, 0.741461
0.170112, 0.160694, 0.240526, 0.226908
0.170329, 0.980671, -0.959077, -0.006610
0.170464, 0.861851, -0.887607, -0.018803
0.170548, 1.000000, -0.960169, 0.000000
0.170708, 0.954275, -0.953671, -0.014998
0.170960, 0.970099, -0.957298, -0.010155
0.171060, 0.093133, 0.246109, 0.132756
0.171145, 0.659609, 0.151403, 0.807969
0.171295, 0.208366, 0.238315, 0.291694
0.171408, 0.505474, 0.198383, 0.661151
0.171428, 0.117889, 0.245179, 0.167454
0.171475, 0.803397, 0.038749, 0.851125
0.171508, 0.421472, 0.213865, 0.564578
0.171822, 0.137767, 0.244501, 0.195133
0.171871, 0.106074, 0.246569, 0.150933
0.172079, 0.021492, 0.250162, 0.030820
0.172192, 0.692965, 0.135998, 0.830393
0.172362, 0.340391, 0.226134, 0.464295
0.172472, 0.874330, -0.901287, -0.022888
0.172510, 0.045042, 0.250111, 0.064481
0.172619, 0.000000, 0.251111, 0.000000
0.172633, 0.614217, 0.170203, 0.770087
0.173008, 0.276084, 0.234099, 0.381241
0.173162, 0.467103, 0.208026, 0.617919
0.173217, 0.725945, 0.116253, 0.846682
0.173300, 0.262060, 0.235984, 0.362956
0.173417, 0.442823, 0.212628, 0.589489
0.173493, 0.397295, 0.219901, 0.534818
0.173710, 0.815692, 0.028200, 0.845700
0.173782, 0.920422, -0.938871, -0.024643
0.173815, 0.770390, 0.078328, 0.855675
0.174006, 0.886282, -0.914016, -0.026576
0.174027, 0.908410, -0.931640, -0.026529
0.174073, 0.352713, 0.226735, 0.479512
0.174408, 0.173130, 0.245471, 0.243632
0.175094, 0.647394, 0.159638, 0.796896
0.175134, 0.550012, 0.191899, 0.707734
0.175355, 0.537963, 0.195197, 0.695261
0.175357, 0.363806, 0.226944, 0.493308
0.175439, 0.248962, 0.240177, 0.345525
0.175487, 0.493922, 0.205391, 0.647754
0.175633, 0.602075, 0.177035, 0.758097
0.175658, 0.409605, 0.220725, 0.549488
0.175910, 0.308695, 0.234474, 0.423416
0.175941, 0.058045, 0.254459, 0.082898
0.176137, 0.897265, -0.923425, -0.028739
0.176223, 0.828278, -0.677776, 0.145413
0.176248, 0.678842, 0.146011, 0.819015
0.176412, 0.235034, 0.242800, 0.326921
0.176516, 0.563225, 0.189725, 0.720608
0.176738, 0.738073, 0.108406, 0.848228
0.176964, 0.526008, 0.199821, 0.682215
0.177054, 0.704771, 0.131899, 0.834172
0.177079, 0.480193, 0.210003, 0.632059
0.177128, 0.221088, 0.245137, 0.308339
0.177605, 0.942749, -0.947884, -0.020546
0.177663, 0.150273, 0.251612, 0.211988
0.177692, 0.197940, 0.247776, 0.276942
0.177846, 0.782259, 0.063637, 0.848740
0.177858, 0.989397, -0.957179, -0.004070
0.178004, 0.320549, 0.235849, 0.438450
0.178018, 0.384504, 0.227431, 0.518665
0.178219, 0.031969, 0.258289, 0.045675
0.178326, 0.185379, 0.249639, 0.259807
0.178375, 0.513892, 0.204177, 0.668776
0.178392, 0.455917, 0.216176, 0.603890
0.178501, 0.071124, 0.257376, 0.101317
0.178514, 0.840937, -0.858428, -0.016946
0.178633, 0.635123, 0.167515, 0.785596
0.179311, 0.590046, 0.184390, 0.745733
0.179373, 0.010805, 0.260334, 0.015449
0.179519, 0.963271, -0.952956, -0.014203
0.179588, 0.750021, 0.098752, 0.848360
0.180024, 0.431572, 0.222434, 0.575075
0.180030, 0.285581, 0.242449, 0.393032
0.180146, 0.667692, 0.154184, 0.809503
0.180676, 0.126613, 0.257413, 0.179079
0.180734, 0.853627, -0.879961, -0.027641
0.181110, 0.298159, 0.242457, 0.409203
0.181197, 0.576921, 0.190322, 0.732702
0.181248, 0.085212, 0.260580, 0.121113
0.181347, 0.794772, 0.043458, 0.836952
0.181759, 0.716593, 0.126312, 0.836575
0.181814, 0.622952, 0.174977, 0.774201
0.181894, 0.332839, 0.239393, 0.453705
0.182374, 0.098768, 0.261367, 0.140073
0.182503, 0.162935, 0.257252, 0.228992
0.182667, 0.930652, -0.941658, -0.026104
0.182692, 0.112981, 0.261060, 0.159984
0.182727, 0.268474, 0.247833, 0.370385
0.182874, 0.372129, 0.235285, 0.502704
0.182939, 0.866310, -0.895082, -0.032741
0.182977, 0.687188, 0.145649, 0.820467
0.183082, 0.761597, 0.087375, 0.845436
0.183451, 0.976774, -0.953810, -0.009668
0.183475, 0.209346, 0.254740, 0.291968
0.183698, 0.418860, 0.229043, 0.559447
0.183704, 0.807263, 0.008499, 0.806597
0.184061, 0.656184, 0.162501, 0.799400
0.184268, 0.139786, 0.261304, 0.196981
0.184350, 1.000000, -0.954872, 0.000000
0.184501, 0.041257, 0.266698, 0.058765
0.184593, 0.345369, 0.241196, 0.469145
0.184616, 0.467958, 0.221058, 0.616504
0.184724, 0.445216, 0.225586, 0.590262
0.185024, 0.952322, -0.948318, -0.019527
0.185256, 0.917246, -0.934640, -0.031073
0.185286, 0.610718, 0.182620, 0.762336
0.185302, 0.878922, -0.908000, -0.036256
0.185378, 0.404611, 0.233382, 0.541872
0.185499, 0.256678, 0.252785, 0.354650
0.185608, 0.503917, 0.214397, 0.656299
0.185810, 0.728675, 0.118633, 0.837817
0.185919, 0.021592, 0.269134, 0.030767
0.186032, 0.819779, -0.727614, 0.078421
0.186098, 0.697436, 0.141175, 0.824374
0.186234, 0.243248, 0.255116, 0.336816
0.186264, 0.000000, 0.269838, 0.000000
0.186394, 0.357950, 0.241671, 0.484460
0.186570, 0.051912, 0.269232, 0.073824
0.186644, 0.392931, 0.236836, 0.527644
0.186667, 0.904485, -0.927103, -0.034764
0.186676, 0.490851, 0.218558, 0.641814
0.186754, 0.554582, 0.202476, 0.708936
0.186829, 0.542628, 0.205910, 0.696898
0.186839, 0.773450, 0.072403, 0.838715
0.187121, 0.566597, 0.199257, 0.720693
0.187213, 0.891037, -0.917912, -0.037273
0.187223, 0.310719, 0.248957, 0.424698
0.187280, 0.174497, 0.262775, 0.244342
0.187462, 0.644121, 0.170635, 0.788789
0.187625, 0.230222, 0.258316, 0.319448
0.187709, 0.530609, 0.210046, 0.684243
0.188184, 0.598769, 0.189578, 0.750672
0.188309, 0.277585, 0.254290, 0.381796
0.188316, 0.196174, 0.262372, 0.273687
0.188468, 0.832434, -0.845957, -0.022003
0.188589, 0.517951, 0.214221, 0.670664
0.188770, 0.063464, 0.271797, 0.090079
0.189254, 0.740780, 0.108812, 0.837499
0.189478, 0.676193, 0.155830, 0.810009
0.189546, 0.076191, 0.272199, 0.107949
0.189625, 0.478674, 0.224539, 0.627548
0.189766, 0.153388, 0.267893, 0.215367
0.190060, 0.323203, 0.251046, 0.440260
0.190329, 0.785720, 0.051786, 0.826512
0.190770, 0.988338, -0.951781, -0.005306
0.190784, 0.845140, -0.871762, -0.036722
0.190823, 0.218454, 0.263805, 0.303513
0.190922, 0.381220, 0.243959, 0.512691
0.190923, 0.708286, 0.136087, 0.826241
0.190937, 0.456264, 0.230702, 0.601776
0.191005, 0.585915, 0.196684, 0.737892
0.191097, 0.965681, -0.948907, -0.015477
0.191125, 0.184584, 0.267155, 0.257730
0.191229, 0.631682, 0.179111, 0.777362
0.191589, 0.436487, 0.235318, 0.578771
0.191648, 0.940458, -0.942361, -0.025946
0.191700, 0.289818, 0.257369, 0.397356
0.192445, 0.129861, 0.273097, 0.182672
0.192484, 0.105041, 0.274830, 0.148271
0.192529, 0.752680, 0.096835, 0.834792
0.192556, 0.090541, 0.275585, 0.127935
0.192656, 0.031954, 0.278185, 0.045389
0.193047, 0.857928, -0.887618, -0.042115
0.193089, 0.011047, 0.279101, 0.015698
0.193171, 0.425721, 0.239175, 0.565768
0.193368, 0.798360, 0.005366, 0.783718
0.193418, 0.118190, 0.275275, 0.166483
0.193437, 0.665201, 0.164429, 0.800729
0.194229, 0.619486, 0.186767, 0.766150
0.194335, 0.368807, 0.250095, 0.496847
0.194380, 0.335681, 0.254926, 0.455482
0.194451, 0.926503, -0.936067, -0.032168
0.194511, 0.412440, 0.243139, 0.549686
0.194541, 0.301363, 0.259658, 0.411854
0.194822, 0.719678, 0.128717, 0.827366
0.194973, 0.574692, 0.204234, 0.725987
0.195338, 0.686836, 0.152796, 0.812559
0.195348, 0.870912, -0.900734, -0.045010
0.195373, 0.266238, 0.264832, 0.366142
0.195646, 0.205597, 0.271442, 0.285755
0.195730, 0.166057, 0.275082, 0.232293
0.195833, 0.810954, -0.754572, 0.033209
0.196010, 0.764585, 0.081578, 0.828354
0.196042, 0.251991, 0.267208, 0.347277
0.196065, 0.143356, 0.277104, 0.201039
0.196595, 0.653633, 0.172700, 0.791158
0.196723, 0.346867, 0.256292, 0.469122
0.196781, 0.912389, -0.928845, -0.038037
0.196997, 0.954443, -0.943970, -0.021597
0.197074, 0.977247, -0.947923, -0.011011
0.197112, 0.466478, 0.235661, 0.612053
0.197407, 0.400108, 0.248836, 0.534541
0.197417, 0.499712, 0.228331, 0.648929
0.197422, 0.043623, 0.284469, 0.061813
0.197590, 1.000000, -0.948923, 0.000000
0.197651, 0.898337, -0.920835, -0.042566
0.197877, 0.239442, 0.271065, 0.330635
0.198087, 0.511523, 0.226062, 0.661412
0.198115, 0.607048, 0.195148, 0.754034
0.198117, 0.357770, 0.256484, 0.482572
0.198188, 0.561798, 0.211566, 0.712524
0.198189, 0.549298, 0.215494, 0.700263
0.198227, 0.823541, -0.836421, -0.030935
0.198260, 0.884211, -0.911335, -0.045899
0.198444, 0.446555, 0.241428, 0.589239
0.198521, 0.731600, 0.118982, 0.826816
0.198735, 0.536950, 0.219725, 0.687687
0.198737, 0.698097, 0.146827, 0.815822
0.198899, 0.487926, 0.232822, 0.635699
0.199016, 0.313918, 0.263834, 0.427350
0.199374, 0.524632, 0.223888, 0.674858
0.199380, 0.641204, 0.180983, 0.780752
0.199477, 0.776710, 0.061235, 0.816447
0.199718, 0.079806, 0.285925, 0.112560
0.199730, 0.000000, 0.288240, 0.000000
0.199913, 0.022173, 0.288281, 0.031410
0.199938, 0.594765, 0.201594, 0.742568
0.200058, 0.055350, 0.287660, 0.078267
0.200059, 0.279107, 0.269493, 0.382350
0.200106, 0.388596, 0.254097, 0.520190
0.200327, 0.227174, 0.275640, 0.314166
0.200333, 0.192149, 0.278975, 0.267203
0.200685, 0.836119, -0.862318, -0.045654
0.200801, 0.067086, 0.288096, 0.094709
0.201933, 0.743751, 0.106500, 0.823926
0.201941, 0.178035, 0.282443, 0.248021
0.201946, 0.476037, 0.238996, 0.621734
0.201973, 0.326564, 0.265894, 0.442966
0.202242, 0.098288, 0.288440, 0.138266
0.202264, 0.155520, 0.284698, 0.217318
0.202397, 0.675463, 0.163876, 0.801644
0.202538, 0.789248, 0.015089, 0.773916
0.203029, 0.848562, -0.878592, -0.051513
0.203183, 0.133515, 0.287469, 0.186986
0.203507, 0.214979, 0.281111, 0.297588
0.203621, 0.376412, 0.260432, 0.504719
0.203712, 0.945030, -0.938484, -0.027511
0.203712, 0.420427, 0.252700, 0.557440
0.203805, 0.628349, 0.190506, 0.768837
0.203810, 0.291701, 0.272872, 0.398219
0.203973, 0.434452, 0.250309, 0.573943
0.204019, 0.966006, -0.942979, -0.017471
0.204037, 0.988807, -0.945376, -0.005815
0.204062, 0.710114, 0.139573, 0.816269
0.204134, 0.582214, 0.210107, 0.729641
0.204611, 0.933841, -0.934731, -0.032855
0.204702, 0.109859, 0.291150, 0.154216
0.204802, 0.457226, 0.246522, 0.600099
0.205240, 0.860827, -0.891106, -0.053999
0.205315, 0.259470, 0.278659, 0.356095
0.205378, 0.755746, 0.090718, 0.817308
0.205398, 0.801921, -0.758916, 0.009787
0.205471, 0.122045, 0.291262, 0.170945
0.205992, 0.664044, 0.173025, 0.792623
0.206101, 0.920738, -0.929233, -0.038973
0.206139, 0.034172, 0.296616, 0.048268
0.206317, 0.616073, 0.198166, 0.757971
0.206498, 0.011449, 0.297380, 0.016178
0.206863, 0.087900, 0.295297, 0.123549
0.206921, 0.408175, 0.258895, 0.542456
0.207123, 0.304019, 0.275547, 0.413548
0.207291, 0.570427, 0.217320, 0.717593
0.207351, 0.686704, 0.158960, 0.804115
0.207388, 0.721896, 0.129824, 0.816176
0.207408, 0.872722, -0.900958, -0.054435
0.207447, 0.201806, 0.287665, 0.279560
0.207650, 0.364434, 0.267394, 0.489396
0.207930, 0.814599, -0.829391, -0.042970
0.207933, 0.339231, 0.271684, 0.458107
0.208026, 0.907044, -0.922303, -0.045231
0.208233, 0.651458, 0.181815, 0.783174
0.208555, 0.248061, 0.284277, 0.340823
0.208701, 0.270364, 0.281929, 0.370047
0.208741, 0.767631, 0.070373, 0.805394
0.208745, 0.166712, 0.292585, 0.232071
0.208793, 0.145178, 0.294291, 0.202630
0.208922, 0.894417, -0.915300, -0.050134
0.209035, 0.556750, 0.223755, 0.703957
0.209099, 0.351436, 0.271244, 0.473048
0.209515, 0.506826, 0.239534, 0.653335
0.209592, 0.543873, 0.228566, 0.691232
0.209739, 0.494913, 0.242977, 0.640579
0.209941, 0.235952, 0.287440, 0.324709
0.210012, 0.519030, 0.236609, 0.665968
0.210140, 0.046694, 0.301736, 0.065798
0.210142, 0.396351, 0.264976, 0.527768
0.210277, 0.699340, 0.150577, 0.807232
0.210427, 0.977786, -0.941209, -0.012130
0.210438, 0.827218, -0.853001, -0.055088
0.210656, 0.531725, 0.233470, 0.678799
0.210663, 0.638525, 0.190570, 0.772858
0.210695, 0.602796, 0.207630, 0.745030
0.210725, 0.883460, -0.907884, -0.054444
0.210789, 0.316304, 0.278558, 0.428655
0.210797, 0.445279, 0.255985, 0.584967
0.210822, 0.073716, 0.301352, 0.103558
0.210896, 0.734595, 0.116755, 0.813424
0.210977, 0.955214, -0.937371, -0.024218
0.211049, 0.482598, 0.247576, 0.626860
0.211103, 1.000000, -0.941903, 0.000000
0.211276, 0.188161, 0.294045, 0.260822
0.211451, 0.590706, 0.213359, 0.734236
0.211513, 0.468060, 0.251642, 0.610611
0.211742, 0.780147, 0.020018, 0.758896
0.212459, 0.282631, 0.285308, 0.385473
0.212788, 0.384421, 0.270340, 0.512901
0.212918, 0.000000, 0.306112, 0.000000
0.212958, 0.426827, 0.262386, 0.563123
0.212959, 0.023520, 0.306023, 0.033132
0.213023, 0.223950, 0.292897, 0.308570
0.213045, 0.059896, 0.305049, 0.084173
0.213062, 0.839739, -0.869758, -0.061308
0.213265, 0.328386, 0.279981, 0.443575
0.214604, 0.133775, 0.303018, 0.186586
0.214626, 0.746930, 0.100458, 0.806561
0.214657, 0.792747, -0.747272, 0.001719
0.214758, 0.098602, 0.305540, 0.138053
0.215358, 0.674865, 0.171254, 0.792473
0.215448, 0.211225, 0.297377, 0.291319
0.215512, 0.155712, 0.302596, 0.216531
0.215518, 0.852129, -0.882465, -0.063775
0.215792, 0.176635, 0.301165, 0.244870
0.216084, 0.295314, 0.288333, 0.401300
0.216198, 0.929096, -0.927776, -0.038822
0.216314, 0.111745, 0.306724, 0.156084
0.216319, 0.942812, -0.931771, -0.031912
0.216428, 0.372093, 0.276987, 0.497329
0.216508, 0.625490, 0.201606, 0.760227
0.216518, 0.415393, 0.268946, 0.549073
0.217082, 0.712254, 0.140901, 0.804619
0.217138, 0.967081, -0.936242, -0.018853
0.217189, 0.455659, 0.260955, 0.595258
0.217334, 0.915224, -0.922115, -0.045772
0.217337, 0.259127, 0.294558, 0.354319
0.217340, 0.084308, 0.309699, 0.118031
0.217391, 0.805524, -0.821110, -0.054219
0.217403, 0.613487, 0.208214, 0.750527
0.217473, 0.661571, 0.181288, 0.783756
0.217521, 0.578976, 0.223465, 0.721396
0.217573, 0.988929, -0.937987, -0.006412
0.217763, 0.122744, 0.307961, 0.171148
0.217789, 0.565349, 0.228987, 0.708945
0.217914, 0.864354, -0.892522, -0.063965
0.218375, 0.758488, 0.081118, 0.794956
0.218491, 0.436312, 0.266879, 0.573058
0.218499, 0.687914, 0.163011, 0.795938
0.219037, 0.725134, 0.127608, 0.803789
0.219164, 0.036041, 0.314037, 0.050587
0.219199, 0.198472, 0.303634, 0.273887
0.219235, 0.011346, 0.314589, 0.015935
0.219383, 0.358951, 0.282874, 0.480694
0.219561, 0.648651, 0.190692, 0.774543
0.219798, 0.308007, 0.291316, 0.416926
0.219857, 0.551139, 0.236147, 0.694698
0.219990, 0.901212, -0.914692, -0.053147
0.220037, 0.818264, -0.843708, -0.065075
0.220040, 0.404012, 0.275430, 0.534976
0.220180, 0.245168, 0.299842, 0.335594
0.220188, 0.346228, 0.286016, 0.464914
0.220600, 0.272443, 0.297143, 0.371187
0.220845, 0.876209, -0.900222, -0.062943
0.220878, 0.476817, 0.259865, 0.617823
0.220887, 0.770940, 0.028453, 0.746968
0.220914, 0.700609, 0.152917, 0.798076
0.221260, 0.501720, 0.253453, 0.644584
0.221278, 0.513898, 0.249854, 0.657267
0.221545, 0.636090, 0.199407, 0.764986
0.221588, 0.144104, 0.311696, 0.200217
0.221648, 0.526431, 0.246299, 0.669910
0.221671, 0.489646, 0.257303, 0.631614
0.221699, 0.592302, 0.221446, 0.731186
0.221852, 0.070034, 0.316435, 0.097946
0.221885, 0.539384, 0.242228, 0.682731
0.221977, 0.048986, 0.317613, 0.068648
0.222006, 0.889158, -0.907604, -0.059105
0.222081, 0.334930, 0.290234, 0.450609
0.222181, 0.233729, 0.303933, 0.320480
0.222527, 0.165676, 0.311212, 0.229486
0.222722, 0.830856, -0.860474, -0.070934
0.222806, 0.392472, 0.281016, 0.520719
0.222877, 0.320763, 0.293330, 0.432549
0.223263, 0.738264, 0.110404, 0.796512
0.223552, 0.956139, -0.930767, -0.026135
0.223803, 0.603994, 0.217868, 0.739762
0.223923, 0.783520, -0.736275, -0.007592
0.224111, 0.186335, 0.311381, 0.257148
0.224143, 0.978058, -0.933418, -0.013250
0.224269, 0.285733, 0.300174, 0.387869
0.224360, 0.464527, 0.266859, 0.603346
0.224753, 1.000000, -0.934024, 0.000000
0.224819, 0.220149, 0.308780, 0.302091
0.224917, 0.445912, 0.272093, 0.582568
0.225066, 0.380437, 0.286050, 0.505863
0.225097, 0.022549, 0.322301, 0.031572
0.225180, 0.424681, 0.277201, 0.558112
0.225503, 0.843541, -0.873547, -0.073481
0.225923, 0.105174, 0.320049, 0.146411
0.226131, 0.000000, 0.323923, 0.000000
0.226536, 0.092370, 0.321667, 0.128718
0.226609, 0.796324, -0.810426, -0.063518
0.227028, 0.131804, 0.319958, 0.183011
0.227379, 0.059506, 0.324515, 0.083131
0.227388, 0.668690, 0.181517, 0.780353
0.227412, 0.935024, -0.923660, -0.038980
0.227553, 0.922398, -0.919703, -0.045932
0.227702, 0.208605, 0.313875, 0.286506
0.227947, 0.558731, 0.240955, 0.698783
0.227961, 0.299142, 0.303070, 0.404532
0.227971, 0.680787, 0.172397, 0.785190
0.228103, 0.856065, -0.883799, -0.073441
0.228134, 0.749254, 0.091305, 0.783282
0.228149, 0.367195, 0.292232, 0.489201
0.228237, 0.252351, 0.309594, 0.344068
0.228290, 0.079792, 0.324738, 0.111242
0.228293, 0.617751, 0.214280, 0.748097
0.228334, 0.571505, 0.236138, 0.710324
0.228361, 0.909024, -0.914286, -0.053064
0.228716, 0.154394, 0.320486, 0.213676
0.228755, 0.946805, -0.925735, -0.032573
0.229212, 0.412847, 0.284508, 0.543486
0.229222, 0.655800, 0.191726, 0.772300
0.229334, 0.118771, 0.323878, 0.164945
0.229349, 0.717974, 0.135885, 0.791237
0.229373, 0.809166, -0.834011, -0.075020
0.229640, 0.263739, 0.310056, 0.358781
0.229699, 0.175258, 0.319922, 0.241760
0.230161, 0.583451, 0.232578, 0.719910
0.230379, 0.693389, 0.162045, 0.787080
0.230488, 0.628833, 0.209700, 0.754694
0.230527, 0.761870, 0.021871, 0.718683
0.230569, 0.966839, -0.928325, -0.020785
0.230586, 0.706758, 0.148562, 0.789299
0.230627, 0.729927, 0.119804, 0.787408
0.230818, 0.868433, -0.891879, -0.071725
0.230827, 0.032846, 0.329858, 0.045872
0.231097, 0.642659, 0.201579, 0.763309
0.231207, 0.353559, 0.298472, 0.472061
0.231223, 0.989431, -0.929771, -0.006711
0.231512, 0.196336, 0.320180, 0.269752
0.231558, 0.434682, 0.282333, 0.568183
0.231614, 0.455268, 0.277356, 0.591343
0.231954, 0.312830, 0.306051, 0.421167
0.232263, 0.821745, -0.850619, -0.080768
0.232272, 0.472720, 0.273464, 0.610335
0.232342, 0.228978, 0.317766, 0.312957
0.232364, 0.327736, 0.304252, 0.439854
0.232372, 0.011002, 0.332294, 0.015360
0.232473, 0.534093, 0.254464, 0.673790
0.232614, 0.881481, -0.899101, -0.067775
0.232664, 0.276089, 0.312333, 0.374320
0.232678, 0.483976, 0.270755, 0.622403
0.232703, 0.520574, 0.259382, 0.660370
0.232796, 0.508125, 0.263565, 0.647722
0.232893, 0.341403, 0.302731, 0.456903
0.232927, 0.401158, 0.291400, 0.529012
0.232974, 0.774060, -0.713020, -0.005037
0.233095, 0.496124, 0.267614, 0.635182
0.233099, 0.894905, -0.905786, -0.061985
0.233164, 0.547661, 0.250125, 0.686410
0.233183, 0.044376, 0.332821, 0.061887
0.233717, 0.595834, 0.229675, 0.728411
0.233996, 0.142403, 0.328538, 0.196959
0.234373, 0.241362, 0.319160, 0.329157
0.234841, 0.834582, -0.864057, -0.082897
0.234971, 0.389314, 0.296287, 0.514557
0.235312, 0.608558, 0.224402, 0.737411
0.235824, 0.787131, -0.799645, -0.073255
0.235976, 0.070123, 0.335528, 0.097508
0.235991, 0.288607, 0.314825, 0.389849
0.236230, 0.376685, 0.300280, 0.499111
0.236342, 0.164196, 0.329877, 0.226305
0.236898, 0.108780, 0.334590, 0.150701
0.237136, 0.096775, 0.335629, 0.134195
0.237395, 0.422606, 0.291895, 0.552972
0.237433, 0.979074, -0.925233, -0.013731
0.237553, 0.185025, 0.329439, 0.254110
0.237622, 0.739767, 0.099726, 0.769706
0.237934, 0.847557, -0.874657, -0.082967
0.238181, 0.561895, 0.248974, 0.697427
0.238401, 0.021661, 0.340285, 0.030160
0.238404, 0.955941, -0.921726, -0.028787
0.238404, 0.218138, 0.327044, 0.298022
0.238415, 0.444385, 0.287776, 0.577471
0.238506, 0.800001, -0.823782, -0.084797
0.238686, 0.129629, 0.335747, 0.179182
0.238767, 0.055646, 0.339818, 0.077339
0.238773, 1.000000, -0.925124, 0.000000
0.238813, 0.083850, 0.338821, 0.116381
0.238901, 0.917517, -0.911778, -0.052355
0.238952, 0.929982, -0.915599, -0.045035
0.238956, 0.675134, 0.181067, 0.773306
0.239037, 0.905172, -0.907084, -0.059289
0.239139, 0.662529, 0.191623, 0.768061
0.239192, 0.362550, 0.306569, 0.481411
0.239390, 0.300671, 0.317326, 0.404611
0.239399, 0.206665, 0.329492, 0.282624
0.239544, 0.464201, 0.283800, 0.599086
0.239562, 0.000000, 0.342005, 0.000000
0.239665, 0.942451, -0.918204, -0.037586
0.239812, 0.253236, 0.324683, 0.343872
0.240102, 0.753286, -0.002169, 0.673119
0.240181, 0.574672, 0.245094, 0.707703
0.240316, 0.687617, 0.169823, 0.775638
0.240467, 0.649148, 0.202440, 0.760426
0.240741, 0.860100, -0.882854, -0.080975
0.241018, 0.635161, 0.212464, 0.752066
0.241105, 0.726000, 0.122951, 0.773349
0.241265, 0.266036, 0.324813, 0.360187
0.241281, 0.621767, 0.221039, 0.743384
0.241294, 0.700543, 0.156034, 0.776275
0.241632, 0.812338, -0.840211, -0.090625
0.241639, 0.713739, 0.139580, 0.775144
0.241742, 0.152670, 0.338092, 0.210274
0.241785, 0.410763, 0.299751, 0.538321
0.242434, 0.322397, 0.317792, 0.431549
0.242750, 0.586727, 0.241485, 0.716434
0.242767, 0.527191, 0.267021, 0.663273
0.242890, 0.872815, -0.889792, -0.077041
0.242893, 0.118475, 0.342087, 0.163623
0.243029, 0.033311, 0.346352, 0.046280
0.243032, 0.968567, -0.920551, -0.021189
0.243055, 0.231233, 0.331628, 0.314726
0.243225, 0.764869, -0.732351, -0.046007
0.243295, 0.174159, 0.338159, 0.239031
0.243304, 0.335391, 0.316698, 0.447602
0.243392, 0.540569, 0.262505, 0.675804
0.243668, 0.310977, 0.321147, 0.416950
0.244008, 0.348845, 0.315124, 0.463976
0.244029, 0.885943, -0.896145, -0.071367
0.244062, 0.488481, 0.281510, 0.623750
0.244080, 0.513399, 0.273271, 0.649223
0.244103, 0.475940, 0.285376, 0.610464
0.244172, 0.195446, 0.337035, 0.267256
0.244183, 0.825366, -0.853969, -0.092670
0.244290, 0.777607, -0.781439, -0.075604
0.244311, 0.432583, 0.297426, 0.562642
0.244595, 0.501159, 0.277974, 0.636700
0.244598, 0.279071, 0.327258, 0.376437
0.245129, 0.454328, 0.292646, 0.586663
0.245301, 0.598849, 0.237160, 0.724504
0.245336, 0.990341, -0.920503, -0.006649
0.245499, 0.398649, 0.306846, 0.523369
0.245554, 0.553216, 0.259327, 0.686476
0.245975, 0.010806, 0.350614, 0.015000
0.246022, 0.140269, 0.344692, 0.193069
0.246213, 0.065751, 0.349473, 0.091053
0.246283, 0.373466, 0.313025, 0.493137
0.246352, 0.386727, 0.310432, 0.509086
0.246375, 0.610785, 0.231157, 0.732579
0.246566, 0.044622, 0.350745, 0.061856
0.246685, 0.838544, -0.865157, -0.092057
0.247405, 0.897429, -0.899430, -0.066794
0.247697, 0.791054, -0.814055, -0.095441
0.248173, 0.092351, 0.350749, 0.127535
0.248259, 0.104975, 0.350162, 0.144832
0.248325, 0.291376, 0.330178, 0.391540
0.248504, 0.745613, -0.025028, 0.631613
0.248508, 0.243545, 0.337207, 0.330111
0.249387, 0.077846, 0.353064, 0.107532
0.249648, 0.566554, 0.256923, 0.696316
0.249930, 0.421055, 0.306752, 0.548240
0.249942, 0.669169, 0.189981, 0.760992
0.250014, 0.162710, 0.348267, 0.223107
0.250077, 0.655936, 0.201661, 0.755940
0.250183, 0.910587, -0.902690, -0.060140
0.250192, 0.360055, 0.320447, 0.476229
0.250293, 0.923202, -0.906699, -0.052302
0.250404, 0.733512, 0.127575, 0.773371
0.250526, 0.851755, -0.873593, -0.090434
0.250533, 0.948354, -0.912440, -0.035846
0.250566, 0.681889, 0.177584, 0.763551
0.250617, 0.219368, 0.342872, 0.298169
0.250690, 0.207848, 0.344354, 0.283040
0.250854, 0.935700, -0.909567, -0.044368
0.250855, 0.980774, -0.916251, -0.013555
0.250989, 0.256932, 0.338633, 0.347124
0.251010, 0.642497, 0.212771, 0.748879
0.251065, 0.802553, -0.829096, -0.100772
0.251132, 0.184769, 0.347528, 0.252463
0.251311, 0.442426, 0.302748, 0.571787
0.251359, 0.022110, 0.357685, 0.030610
0.251756, 0.959725, -0.913487, -0.028259
0.251757, 0.127824, 0.353343, 0.175761
0.252031, 0.629415, 0.222792, 0.740955
0.252128, 0.707369, 0.146698, 0.761569
0.252235, 0.694447, 0.163431, 0.762674
0.252542, 0.055382, 0.358344, 0.076523
0.252542, 0.579123, 0.253150, 0.705279
0.252570, 0.465881, 0.297485, 0.597134
0.252648, 0.269934, 0.338853, 0.363519
0.252820, 0.720925, 0.127902, 0.757690
0.252847, 0.302140, 0.334188, 0.404389
0.252979, 0.520459, 0.279489, 0.652767
0.253155, 0.000000, 0.360315, 0.000000
0.253202, 0.815843, -0.843423, -0.102359
0.253211, 0.864233, -0.880176, -0.086655
0.253484, 1.000000, -0.914961, 0.000000
0.253588, 0.533603, 0.274882, 0.665059
0.253734, 0.231567, 0.345497, 0.313813
0.253895, 0.327078, 0.331279, 0.435351
0.254003, 0.408738, 0.314448, 0.533082
0.254136, 0.756435, -0.762702, -0.097389
0.254345, 0.150938, 0.354963, 0.206839
0.254471, 0.877620, -0.886707, -0.080577
0.254482, 0.314967, 0.334120, 0.420200
0.254565, 0.115153, 0.357867, 0.158295
0.254618, 0.339525, 0.329907, 0.450555
0.254653, 0.480036, 0.295312, 0.611505
0.254735, 0.769141, -0.775339, -0.091125
0.254988, 0.617709, 0.232501, 0.731753
0.255088, 0.781965, -0.801041, -0.101387
0.255181, 0.493223, 0.291494, 0.624942
0.255402, 0.591400, 0.248786, 0.713241
0.255452, 0.546172, 0.271272, 0.675791
0.255647, 0.970979, -0.911972, -0.020853
0.255686, 0.033681, 0.363327, 0.046533
0.255798, 0.829394, -0.855101, -0.101783
0.255942, 0.196923, 0.352374, 0.267951
0.255981, 0.173438, 0.354973, 0.236810
0.256106, 0.506193, 0.287864, 0.637515
0.256458, 0.383382, 0.323142, 0.502849
0.256463, 0.452970, 0.305479, 0.581903
0.256634, 0.371081, 0.325974, 0.488135
0.256932, 0.282983, 0.342424, 0.379566
0.256990, 0.603979, 0.242565, 0.721302
0.257095, 0.890242, -0.890957, -0.074759
0.257444, 0.432031, 0.312469, 0.558695
0.257752, 0.350655, 0.331561, 0.463437
0.257755, 0.138233, 0.360398, 0.189344
0.257779, 0.087993, 0.363823, 0.121052
0.257973, 0.396406, 0.322024, 0.517890
0.258043, 0.558661, 0.267840, 0.685540
0.258280, 0.067740, 0.365590, 0.093315
0.258341, 0.842504, -0.864201, -0.099169
0.259411, 0.011069, 0.368646, 0.015272
0.259635, 0.742580, -0.434895, 0.202659
0.259684, 0.100945, 0.365657, 0.138631
0.259756, 0.902937, -0.894183, -0.068036
0.260101, 0.045062, 0.368853, 0.062095
0.260207, 0.662537, 0.199271, 0.748837
0.260411, 0.990330, -0.909809, -0.007132
0.260686, 0.249513, 0.352119, 0.336162
0.261019, 0.675974, 0.185320, 0.750723
0.261142, 0.649682, 0.211438, 0.743592
0.261328, 0.792317, -0.817356, -0.112378
0.261465, 0.916212, -0.897361, -0.059976
0.261843, 0.928828, -0.900597, -0.051530
0.261886, 0.571395, 0.264620, 0.694180
0.261901, 0.419973, 0.320697, 0.543923
0.261944, 0.805932, -0.832267, -0.112046
0.262138, 0.237779, 0.355728, 0.320921
0.262248, 0.941927, -0.903162, -0.042465
0.262276, 0.293240, 0.347593, 0.391714
0.262405, 0.210679, 0.359464, 0.285492
0.262438, 0.636972, 0.222634, 0.736938
0.262476, 0.262275, 0.352586, 0.352297
0.262489, 0.714323, 0.125380, 0.734870
0.262731, 0.223358, 0.358196, 0.301934
0.262766, 0.687674, 0.170978, 0.748611
0.262981, 0.729251, 0.051017, 0.670752
0.262991, 0.515211, 0.291171, 0.643748
0.263123, 0.954358, -0.904639, -0.033708
0.263180, 0.361849, 0.335815, 0.475747
0.263391, 0.701388, 0.149504, 0.743072
0.263500, 0.471662, 0.307319, 0.599755
0.263555, 0.855504, -0.870237, -0.096645
0.263569, 0.161173, 0.366182, 0.219699
0.263851, 0.078727, 0.372401, 0.108084
0.263946, 0.185797, 0.364217, 0.252442
0.264035, 0.274800, 0.352667, 0.368017
0.264123, 0.527425, 0.287262, 0.654849
0.264267, 0.022484, 0.374954, 0.030948
0.264290, 0.820009, -0.844853, -0.111255
0.264304, 0.124856, 0.370097, 0.170744
0.264342, 0.305895, 0.348019, 0.407177
0.264487, 0.869549, -0.877262, -0.089740
0.264676, 0.458871, 0.312652, 0.585904
0.264707, 0.624691, 0.233262, 0.728842
0.264771, 0.443505, 0.317375, 0.569213
0.265028, 0.979905, -0.905937, -0.015065
0.265037, 0.583813, 0.260216, 0.702006
0.265120, 0.777803, -0.798395, -0.114970
0.265131, 0.112084, 0.372215, 0.153447
0.265313, 0.057308, 0.375317, 0.078728
0.265376, 0.318621, 0.347061, 0.422819
0.265483, 0.330781, 0.344932, 0.437770
0.265523, 0.965944, -0.904301, -0.025532
0.265594, 0.485147, 0.304938, 0.613029
0.265620, 0.539229, 0.283471, 0.664938
0.265889, 0.764536, -0.778050, -0.111516
0.265916, 0.408205, 0.328322, 0.529489
0.266053, 0.611324, 0.243669, 0.720074
0.266291, 0.752599, -0.758037, -0.107363
0.266342, 0.148667, 0.371008, 0.202725
0.266372, 0.198866, 0.365916, 0.269418
0.266555, 0.497690, 0.301377, 0.625270
0.266581, 0.882970, -0.882280, -0.082943
0.266673, 0.000000, 0.378435, 0.000000
0.266850, 0.173471, 0.369329, 0.235799
0.267299, 0.375229, 0.337818, 0.490762
0.267364, 0.387243, 0.335103, 0.504829
0.267374, 0.597090, 0.253928, 0.709997
0.267532, 0.342397, 0.345143, 0.451494
0.267717, 0.551460, 0.279570, 0.674610
0.267774, 0.832940, -0.853658, -0.109379
0.268457, 1.000000, -0.904025, 0.000000
0.268476, 0.034246, 0.380381, 0.047040
0.268583, 0.136161, 0.374961, 0.185704
0.269257, 0.091732, 0.379018, 0.125563
0.269445, 0.430741, 0.326237, 0.553895
0.269669, 0.895696, -0.885277, -0.076106
0.269983, 0.844367, -0.860241, -0.105769
0.270196, 0.669511, 0.193564, 0.739006
0.270810, 0.563281, 0.276116, 0.682822
0.271002, 0.739310, -0.740748, -0.115758
0.271224, 0.507974, 0.301992, 0.633418
0.271385, 0.353724, 0.347442, 0.464306
0.271411, 0.069305, 0.382973, 0.094902
0.271519, 0.909004, -0.888445, -0.067739
0.271549, 0.398518, 0.337233, 0.516873
0.271571, 0.657055, 0.207566, 0.735561
0.271574, 0.721000, 0.049868, 0.650501
0.271763, 0.284091, 0.361174, 0.378753
0.272090, 0.797948, -0.822601, -0.123084
0.272326, 0.811422, -0.835160, -0.120328
0.272497, 0.256496, 0.366266, 0.343436
0.272684, 0.243905, 0.368467, 0.327381
0.272701, 0.046874, 0.385527, 0.064215
0.272722, 0.693701, 0.162571, 0.734664
0.272758, 0.230680, 0.370245, 0.310167
0.272810, 0.011280, 0.386533, 0.015468
0.272861, 0.934651, -0.894124, -0.049786
0.272878, 0.644948, 0.219838, 0.730797
0.273198, 0.921903, -0.890858, -0.059116
0.273254, 0.103512, 0.383579, 0.141309
0.273765, 0.269862, 0.365904, 0.360339
0.273822, 0.217673, 0.373395, 0.293197
0.273823, 0.785488, -0.808967, -0.126136
0.273978, 0.948532, -0.895797, -0.039654
0.274084, 0.297027, 0.361818, 0.394496
0.274205, 0.418443, 0.334995, 0.538808
0.274238, 0.862273, -0.868098, -0.098590
0.274336, 0.708513, 0.181153, 0.767739
0.274373, 0.451809, 0.325234, 0.575140
0.274473, 0.680408, 0.179489, 0.733270
0.274561, 0.520417, 0.299932, 0.643791
0.274589, 0.632867, 0.231328, 0.724586
0.274759, 0.465101, 0.321314, 0.589131
0.274786, 0.574317, 0.273034, 0.689093
0.274863, 0.366078, 0.348853, 0.478196
0.274880, 0.477177, 0.317242, 0.601494
0.275342, 0.974238, -0.897802, -0.020096
0.275446, 0.988686, -0.898594, -0.008838
0.275697, 0.205998, 0.377347, 0.277771
0.275708, 0.309844, 0.361482, 0.410064
0.275902, 0.116943, 0.386252, 0.159311
0.275924, 0.876188, -0.873577, -0.091007
0.276016, 0.619980, 0.242684, 0.717339
0.276075, 0.825055, -0.844640, -0.118465
0.276144, 0.192493, 0.379458, 0.259960
0.276192, 0.772458, -0.792944, -0.128464
0.276391, 0.531965, 0.296382, 0.653411
0.276424, 0.960622, -0.895522, -0.030762
0.276455, 0.166700, 0.382615, 0.225839
0.276498, 0.180387, 0.381346, 0.244018
0.276539, 0.322418, 0.360131, 0.425389
0.276582, 0.154842, 0.383978, 0.210075
0.276635, 0.082064, 0.389236, 0.112007
0.276744, 0.586023, 0.267359, 0.696281
0.276957, 0.607485, 0.252752, 0.709829
0.276962, 0.023043, 0.391847, 0.031532
0.277362, 0.490068, 0.314991, 0.613540
0.277385, 0.544201, 0.291346, 0.663530
0.277554, 0.439966, 0.332399, 0.561495
0.277703, 0.128765, 0.387632, 0.175049
0.277860, 0.334415, 0.359355, 0.439741
0.277992, 0.748755, -0.757296, -0.124384
0.278127, 0.059224, 0.392263, 0.080885
0.278157, 0.850816, -0.859766, -0.107116
0.278199, 0.730828, -0.683160, -0.078812
0.278221, 0.760011, -0.775942, -0.129084
0.278545, 0.142362, 0.387703, 0.193246
0.278710, 0.378662, 0.350434, 0.492055
0.279320, 0.389563, 0.348428, 0.504515
0.279358, 0.596499, 0.262082, 0.701425
0.279421, 0.888342, -0.876151, -0.084437
0.279695, 0.407336, 0.344260, 0.524817
0.280182, 0.000000, 0.396440, 0.000000
0.280342, 0.556646, 0.287273, 0.672194
0.280387, 0.500762, 0.313707, 0.622704
0.280463, 0.036530, 0.396128, 0.049892
0.280499, 0.346290, 0.360016, 0.453450
0.280691, 0.666743, 0.197045, 0.725612
0.281307, 0.902113, -0.879532, -0.075474
0.281326, 0.837179, -0.850256, -0.116130
0.281922, 0.094733, 0.395640, 0.128919
0.282140, 0.428111, 0.341016, 0.547173
0.282149, 0.699607, 0.116347, 0.682257
0.282638, 0.803852, -0.825424, -0.131049
0.282735, 1.000000, -0.893157, 0.000000
0.282819, 0.940993, -0.887714, -0.046874
0.283219, 0.653823, 0.212784, 0.721718
0.283327, 0.250430, 0.381057, 0.334139
0.283341, 0.277273, 0.376805, 0.368154
0.283381, 0.815634, -0.834584, -0.127482
0.283424, 0.237129, 0.383048, 0.317011
0.283480, 0.263615, 0.379175, 0.350854
0.283550, 0.719551, -0.447533, 0.133341
0.283725, 0.072198, 0.399134, 0.098289
0.283761, 0.513304, 0.311554, 0.633074
0.283848, 0.914873, -0.881265, -0.066902
0.283910, 0.289260, 0.375433, 0.383056
0.283978, 0.358654, 0.361435, 0.467416
0.284157, 0.791564, -0.813850, -0.135741
0.284398, 0.224401, 0.386092, 0.300492
0.284468, 0.687424, 0.162575, 0.711699
0.284502, 0.869416, -0.865047, -0.098956
0.284740, 0.641426, 0.226524, 0.717589
0.284768, 0.927867, -0.883823, -0.057282
0.285073, 0.108092, 0.398913, 0.146729
0.285134, 0.566735, 0.285116, 0.677199
0.285329, 0.049089, 0.402180, 0.066855
0.285345, 0.459184, 0.334358, 0.579163
0.285666, 0.980198, -0.890022, -0.016039
0.285707, 0.628002, 0.239967, 0.712320
0.285825, 0.740534, -0.748203, -0.134839
0.285962, 0.301974, 0.375688, 0.398482
0.286165, 0.011905, 0.403931, 0.016210
0.286201, 0.482221, 0.326764, 0.602292
0.286491, 0.470512, 0.331480, 0.590397
0.286550, 0.212505, 0.390582, 0.284902
0.286590, 0.397255, 0.354842, 0.511535
0.286597, 0.778955, -0.800544, -0.140317
0.286874, 0.370890, 0.361889, 0.481017
0.286915, 0.967941, -0.888192, -0.026016
0.286948, 0.199918, 0.392629, 0.268429
0.287182, 0.448557, 0.339936, 0.567442
0.287198, 0.173786, 0.395909, 0.234104
0.287259, 0.314439, 0.374845, 0.413510
0.287277, 0.953774, -0.886327, -0.037468
0.287303, 0.578730, 0.279137, 0.684334
0.287324, 0.524442, 0.309591, 0.641448
0.287462, 0.416809, 0.350279, 0.533165
0.287517, 0.187047, 0.394958, 0.251568
0.287539, 0.614666, 0.252508, 0.705012
0.287589, 0.675759, 0.183699, 0.714507
0.287643, 0.858212, -0.857937, -0.107475
0.287750, 0.536925, 0.303762, 0.651975
0.287981, 0.160632, 0.398368, 0.216687
0.288067, 0.121352, 0.401995, 0.164363
0.288121, 0.026592, 0.406342, 0.036192
0.288122, 0.766830, -0.786384, -0.142622
0.288128, 0.709436, -0.170511, 0.392330
0.288312, 0.326338, 0.373705, 0.427770
0.288815, 0.549608, 0.297821, 0.661693
0.288820, 0.826161, -0.839462, -0.126269
0.288896, 0.134551, 0.401936, 0.181914
0.288940, 0.147892, 0.400906, 0.199721
0.289358, 0.085324, 0.405873, 0.115760
0.289611, 0.880722, -0.866351, -0.093336
0.289703, 0.602651, 0.263397, 0.697171
0.290083, 0.590144, 0.273054, 0.689720
0.290200, 0.338723, 0.373336, 0.442277
0.290325, 0.894757, -0.870726, -0.083537
0.290405, 0.061929, 0.408414, 0.084097
0.290413, 0.752766, -0.767850, -0.144248
0.290492, 0.846224, -0.850316, -0.116069
0.290544, 0.437365, 0.347239, 0.554494
0.290745, 0.989873, -0.886416, -0.008329
0.290937, 0.384388, 0.363238, 0.495676
0.291290, 0.494269, 0.326855, 0.611915
0.291832, 0.729975, -0.745217, -0.152573
0.291941, 0.506232, 0.322213, 0.622803
0.292210, 0.662964, 0.201154, 0.709967
0.292685, 0.350959, 0.373504, 0.456233
0.293035, 0.038982, 0.412640, 0.052919
0.293234, 0.940603, -0.879424, -0.048936
0.293531, 0.000000, 0.413566, 0.000000
0.293590, 0.406169, 0.360253, 0.519607
0.293652, 0.257402, 0.393024, 0.341369
0.293669, 0.243808, 0.395082, 0.324027
0.293688, 0.800743, -0.818956, -0.141028
0.293730, 0.696826, 0.156455, 0.700831
0.293759, 0.098949, 0.410972, 0.133880
0.294115, 0.270557, 0.391427, 0.357865
0.294175, 0.812777, -0.827783, -0.136435
0.294261, 0.906840, -0.871345, -0.075632
0.294872, 0.230676, 0.398557, 0.307064
0.295090, 0.650067, 0.218240, 0.706782
0.295165, 0.636073, 0.234458, 0.704884
0.295360, 0.426176, 0.356065, 0.540938
0.295432, 0.558867, 0.297425, 0.665048
0.295522, 0.835273, -0.841357, -0.125198
0.295586, 0.282726, 0.391144, 0.372829
0.295646, 0.787026, -0.806525, -0.147212
0.295723, 0.075280, 0.414857, 0.101911
0.295779, 0.294370, 0.389161, 0.387158
0.296187, 0.018750, 0.417136, 0.025422
0.296198, 0.868656, -0.856887, -0.104258
0.296206, 0.929725, -0.875040, -0.058131
0.296379, 0.918269, -0.872555, -0.067252
0.296551, 0.622309, 0.249086, 0.699663
0.296771, 0.112909, 0.413947, 0.152386
0.296780, 0.719490, -0.734615, -0.162427
0.296794, 0.362869, 0.375496, 0.469243
0.296991, 0.685073, 0.175814, 0.704960
0.297047, 0.963436, -0.879539, -0.030665
0.297123, 0.483242, 0.337076, 0.598886
0.297227, 0.459739, 0.346405, 0.575432
0.297422, 0.471715, 0.342015, 0.587375
0.297474, 0.219154, 0.403668, 0.292007
0.297491, 0.571427, 0.290769, 0.672490
0.297514, 1.000000, -0.880942, 0.000000
0.297778, 0.051223, 0.418496, 0.069344
0.297896, 0.374732, 0.373727, 0.482665
0.297906, 0.307453, 0.389288, 0.402871
0.297947, 0.517224, 0.322431, 0.629946
0.298034, 0.180999, 0.409174, 0.242389
0.298193, 0.530446, 0.315858, 0.641030
0.298233, 0.194339, 0.407936, 0.259818
0.298259, 0.762544, -0.780870, -0.154567
0.298309, 0.544016, 0.308452, 0.651898
0.298313, 0.167628, 0.411046, 0.224838
0.298354, 0.207057, 0.406470, 0.276301
0.298409, 0.741101, -0.751936, -0.152475
0.298446, 0.977311, -0.879385, -0.019150
0.299100, 0.448010, 0.352643, 0.562753
0.299111, 0.393874, 0.369932, 0.504160
0.299335, 0.154025, 0.413848, 0.206851
0.299349, 0.888692, -0.862005, -0.090883
0.299475, 0.126974, 0.416527, 0.170990
0.299603, 0.330993, 0.386293, 0.430901
0.299619, 0.318801, 0.388994, 0.416267
0.299661, 0.949742, -0.875762, -0.042347
0.299752, 0.856429, -0.849318, -0.114034
0.299771, 0.608681, 0.263019, 0.691347
0.299894, 0.707100, -0.615083, -0.067587
0.299975, 0.140223, 0.415969, 0.188519
0.300015, 0.774693, -0.793673, -0.154428
0.300275, 0.674027, 0.181062, 0.692943
0.300334, 0.583271, 0.284099, 0.677870
0.301015, 0.822739, -0.830831, -0.135498
0.301104, 0.415549, 0.365718, 0.527646
0.301221, 0.009071, 0.423679, 0.012274
0.301263, 0.596228, 0.274403, 0.684228
0.301413, 0.089266, 0.421328, 0.120356
0.301457, 0.029925, 0.423918, 0.040466
0.302256, 0.344069, 0.386512, 0.445901
0.302341, 0.504007, 0.332710, 0.615956
0.302361, 0.063534, 0.424004, 0.085766
0.303103, 0.436241, 0.360981, 0.549030
0.303420, 0.878006, -0.855378, -0.100170
0.303490, 0.250842, 0.406377, 0.331411
0.303518, 0.797100, -0.811983, -0.150015
0.303541, 0.662556, 0.200388, 0.693662
0.303687, 0.845012, -0.841421, -0.123337
0.303825, 0.900168, -0.862072, -0.083398
0.304001, 0.752135, -0.768037, -0.161432
0.304396, 0.237219, 0.409607, 0.313958
0.304536, 0.492390, 0.340138, 0.604345
0.304536, 0.263855, 0.405599, 0.347674
0.304586, 0.989065, -0.874935, -0.009408
0.304945, 0.104046, 0.425348, 0.140001
0.305053, 0.383212, 0.379718, 0.490533
0.305374, 0.355557, 0.387306, 0.458529
0.305449, 0.729806, -0.738013, -0.161362
0.305535, 0.641644, 0.229180, 0.692921
0.305638, 0.809665, -0.820006, -0.145474
0.305846, 0.694457, -0.281600, 0.239576
0.306061, 0.403722, 0.374767, 0.513030
0.306127, 0.041369, 0.429777, 0.055798
0.306133, 0.629396, 0.244024, 0.691056
0.306327, 0.937500, -0.868161, -0.053562
0.306339, 0.552277, 0.309418, 0.653194
0.306352, 0.276240, 0.405687, 0.362819
0.306541, 0.300014, 0.401244, 0.391966
0.307009, 0.075593, 0.429436, 0.101728
0.307191, 0.652378, 0.213721, 0.689137
0.307437, 0.616236, 0.258561, 0.686567
0.307571, 0.564873, 0.301858, 0.661059
0.307780, 0.957456, -0.869709, -0.036812
0.307795, 0.785496, -0.800950, -0.157918
0.307842, 0.925178, -0.864815, -0.064059
0.307964, 0.118306, 0.428253, 0.158780
0.308158, 0.288355, 0.405459, 0.377292
0.308197, 0.538151, 0.319500, 0.641483
0.308222, 0.833158, -0.832519, -0.133186
0.308322, 0.479491, 0.349398, 0.590416
0.308325, 0.911913, -0.861603, -0.075078
0.308382, 0.000000, 0.433242, 0.000000
0.308429, 0.225861, 0.416609, 0.299011
0.308437, 0.716743, -0.714663, -0.159001
0.308570, 0.866360, -0.847231, -0.110616
0.308604, 0.175119, 0.423496, 0.233510
0.308641, 0.425675, 0.370526, 0.536039
0.308777, 0.369786, 0.387644, 0.474205
0.308778, 0.467146, 0.355077, 0.578317
0.308831, 0.525043, 0.327514, 0.630697
0.308843, 0.188461, 0.422225, 0.250841
0.308986, 0.969151, -0.869939, -0.026826
0.309070, 0.161331, 0.425672, 0.215455
0.309221, 0.019762, 0.434362, 0.026634
0.309410, 0.201689, 0.421335, 0.267921
0.309829, 0.764021, -0.780592, -0.166407
0.309869, 0.147060, 0.428138, 0.196620
0.310069, 0.214459, 0.420477, 0.284279
0.310101, 0.455889, 0.360939, 0.566664
0.310138, 0.684003, 0.028680, 0.532788
0.310318, 0.336156, 0.397865, 0.434565
0.310492, 0.053106, 0.435085, 0.071440
0.310511, 0.513014, 0.335374, 0.619721
0.310674, 0.576415, 0.295188, 0.665795
0.310806, 0.324038, 0.401279, 0.420079
0.311093, 0.132690, 0.431002, 0.177536
0.311301, 0.889012, -0.852957, -0.094268
0.311340, 0.704159, -0.693197, -0.158896
0.311401, 0.742562, -0.755782, -0.170195
0.311485, 0.312031, 0.404832, 0.405607
0.311520, 0.445371, 0.366417, 0.555407
0.311701, 0.589414, 0.285118, 0.671816
0.311800, 1.000000, -0.868812, 0.000000
0.312197, 0.602678, 0.273558, 0.677149
0.312311, 0.085725, 0.435859, 0.115018
0.312554, 0.854949, -0.839771, -0.120453
0.312788, 0.672506, 0.202614, 0.694229
0.312876, 0.392433, 0.385832, 0.498589
0.313081, 0.979954, -0.867115, -0.017647
0.313128, 0.821146, -0.822846, -0.143333
0.313367, 0.946117, -0.863628, -0.047222
0.313411, 0.243997, 0.419911, 0.321137
0.313662, 0.414199, 0.379720, 0.521996
0.313779, 0.775323, -0.790016, -0.166465
0.313875, 0.097125, 0.437241, 0.130122
0.314065, 0.798307, -0.807808, -0.156900
0.314287, 0.500417, 0.345100, 0.606864
0.314537, 0.031108, 0.441076, 0.041800
0.314719, 0.256296, 0.419541, 0.336404
0.314871, 0.064938, 0.440276, 0.087113
0.315342, 0.359521, 0.397883, 0.460578
0.315757, 0.009950, 0.442880, 0.013367
0.315814, 0.346788, 0.401802, 0.445785
0.316004, 0.877027, -0.845515, -0.105091
0.316300, 0.900481, -0.852238, -0.086356
0.316350, 0.843427, -0.832116, -0.130211
0.316452, 0.661223, 0.189990, 0.663811
0.316538, 0.268175, 0.419716, 0.350904
0.316654, 0.487753, 0.353403, 0.594292
0.316693, 0.637747, 0.233391, 0.677275
0.316736, 0.435883, 0.375376, 0.543796
0.316905, 0.624826, 0.250302, 0.677000
0.316997, 0.380442, 0.393949, 0.483912
0.317285, 0.109482, 0.441011, 0.146353
0.317292, 0.546051, 0.321189, 0.641456
0.317412, 0.300669, 0.414417, 0.390607
0.317434, 0.753384, -0.767797, -0.175966
0.317602, 0.733876, -0.744779, -0.177954
0.317681, 0.558719, 0.312682, 0.649712
0.317924, 0.722216, -0.727947, -0.176575
0.317936, 0.810076, -0.813398, -0.152691
0.317969, 0.233472, 0.427375, 0.307159
0.318349, 0.921382, -0.855207, -0.069287
0.318382, 0.612943, 0.264437, 0.673445
0.318404, 0.402638, 0.388674, 0.507979
0.318493, 0.648836, 0.215781, 0.671572
0.318972, 0.042697, 0.446538, 0.057222
0.318987, 0.169484, 0.437514, 0.225007
0.319005, 0.958145, -0.860002, -0.037361
0.319008, 0.279605, 0.420588, 0.364536
0.319165, 0.533215, 0.330767, 0.630912
0.319297, 0.474198, 0.362148, 0.580496
0.319408, 0.990222, -0.861903, -0.008761
0.319468, 0.182614, 0.436567, 0.241974
0.319513, 0.933671, -0.856556, -0.058897
0.319556, 0.694498, -0.716294, -0.205782
0.319579, 0.155838, 0.439752, 0.207147
0.319620, 0.121649, 0.442905, 0.162206
0.319860, 0.195776, 0.435380, 0.258898
0.319917, 0.787394, -0.797030, -0.166230
0.320304, 0.076270, 0.446834, 0.101989
0.320420, 0.709205, -0.703586, -0.172270
0.320625, 0.290124, 0.420447, 0.377068
0.320750, 0.209192, 0.434752, 0.276020
0.320826, 0.333455, 0.410974, 0.428918
0.320851, 0.831786, -0.823490, -0.140351
0.320852, 0.521182, 0.339310, 0.620610
0.320924, 0.142911, 0.442681, 0.190053
0.320987, 0.461392, 0.369428, 0.567592
0.321100, 0.865353, -0.837442, -0.115913
0.321245, 0.424958, 0.384042, 0.530754
0.321416, 0.569412, 0.306612, 0.653138
0.321974, 0.368963, 0.402934, 0.469609
0.322131, 0.969762, -0.858424, -0.027246
0.322156, 0.582082, 0.296267, 0.658936
0.322174, 0.222524, 0.434519, 0.292744
0.322279, 0.320945, 0.415677, 0.413781
0.322294, 0.765672, -0.778401, -0.177262
0.322300, 0.682139, -0.442120, 0.043759
0.322457, 0.910683, -0.849575, -0.079243
0.322620, 0.000000, 0.451968, 0.000000
0.322627, 0.020842, 0.451922, 0.027903
0.322891, 0.509032, 0.347884, 0.609609
0.322902, 0.594930, 0.284496, 0.663448
0.323050, 0.887924, -0.843263, -0.098469
0.323150, 0.054501, 0.451548, 0.072851
0.323211, 0.448693, 0.376950, 0.554278
0.324051, 0.246988, 0.432830, 0.323212
0.324124, 0.088699, 0.451128, 0.118305
0.324155, 0.132524, 0.447851, 0.176143
0.325132, 0.853673, -0.829967, -0.126365
0.325261, 0.946083, -0.853374, -0.048764
0.325267, 0.309474, 0.421936, 0.399487
0.325455, 0.669935, -0.009288, 0.456905
0.325745, 0.799327, -0.802024, -0.163785
0.325882, 0.496157, 0.357352, 0.597058
0.325899, 0.355375, 0.411164, 0.453002
0.325958, 0.390625, 0.400702, 0.492317
0.326078, 0.413826, 0.393128, 0.517362
0.326083, 0.743440, -0.755438, -0.186895
0.326162, 0.820894, -0.814289, -0.150450
0.326417, 0.259799, 0.433474, 0.338732
0.326493, 0.606156, 0.273662, 0.662708
0.326505, 0.631734, 0.239893, 0.662729
0.326597, 0.100976, 0.453533, 0.134394
0.326671, 1.000000, -0.855428, 0.000000
0.326821, 0.777891, -0.786553, -0.175702
0.327515, 0.980432, -0.854265, -0.017888
0.327539, 0.032226, 0.458024, 0.043017
0.327665, 0.066453, 0.456836, 0.088568
0.327751, 0.553616, 0.322585, 0.638761
0.328042, 0.343196, 0.416901, 0.438416
0.328045, 0.483121, 0.365933, 0.584490
0.328105, 0.657080, 0.208484, 0.660672
0.328499, 0.436437, 0.387142, 0.539779
0.328639, 0.729714, -0.739260, -0.191540
0.328653, 0.876061, -0.835108, -0.109831
0.328822, 0.841753, -0.822375, -0.136779
0.328873, 0.898314, -0.841215, -0.091256
0.328954, 0.272165, 0.434250, 0.353502
0.329068, 0.619769, 0.257110, 0.660676
0.329117, 0.541415, 0.332365, 0.630009
0.329121, 0.236220, 0.440968, 0.308874
0.329322, 0.163693, 0.451310, 0.216287
0.329356, 0.716501, -0.720631, -0.190836
0.329394, 0.378337, 0.408486, 0.477914
0.329557, 0.402360, 0.400768, 0.503882
0.329681, 0.644046, 0.217500, 0.651904
0.329710, 0.010591, 0.461180, 0.014128
0.329917, 0.702221, -0.702902, -0.192680
0.330029, 0.756049, -0.766863, -0.187209
0.330128, 0.922605, -0.845245, -0.070379
0.330191, 0.176433, 0.451000, 0.232685
0.330287, 0.810664, -0.805966, -0.159315
0.330331, 0.297459, 0.430686, 0.383957
0.330442, 0.113058, 0.457749, 0.150075
0.330618, 0.189237, 0.449905, 0.249087
0.330714, 0.958656, -0.849700, -0.038011
0.330756, 0.470315, 0.374627, 0.571571
0.330919, 0.150190, 0.454695, 0.198530
0.330972, 0.202024, 0.448568, 0.265366
0.331181, 0.529833, 0.341636, 0.620581
0.331632, 0.043998, 0.462982, 0.058584
0.332008, 0.330710, 0.424768, 0.422927
0.332245, 0.935153, -0.845720, -0.059495
0.332266, 0.215119, 0.448321, 0.281831
0.332381, 0.284625, 0.435831, 0.367958
0.332394, 0.690069, -0.667721, -0.177106
0.332674, 0.790143, -0.792083, -0.173378
0.332677, 0.079011, 0.462818, 0.104991
0.332696, 0.517509, 0.350658, 0.610488
0.332739, 0.124266, 0.459545, 0.164534
0.332747, 0.563257, 0.317660, 0.640315
0.332895, 0.457933, 0.382362, 0.558988
0.333061, 0.575485, 0.306977, 0.645840
0.333383, 0.364852, 0.416949, 0.461600
0.333447, 0.424230, 0.396951, 0.525427
0.333645, 0.864521, -0.827247, -0.120848
0.333677, 0.587880, 0.295079, 0.649867
0.334062, 0.829605, -0.813070, -0.148005
0.334311, 0.990254, -0.848332, -0.009060
0.334533, 0.908669, -0.838785, -0.083522
0.334646, 0.318660, 0.430885, 0.408169
0.334688, 0.504896, 0.359803, 0.599379
0.334690, 0.768721, -0.775689, -0.185974
0.334739, 0.678240, -0.675611, -0.205194
0.334922, 0.249618, 0.445896, 0.324622
0.334993, 0.138638, 0.461285, 0.183163
0.335515, 0.227383, 0.450350, 0.296719
0.335570, 0.886591, -0.832462, -0.102969
0.335592, 0.056436, 0.467600, 0.074951
0.335631, 0.970114, -0.846258, -0.027830
0.335810, 0.091513, 0.466021, 0.121293
0.336090, 0.021788, 0.469431, 0.028968
0.336185, 0.599377, 0.282951, 0.649810
0.336220, 0.446448, 0.390625, 0.546439
0.336431, 0.000000, 0.470022, 0.000000
0.336922, 0.632884, 0.231622, 0.641705
0.337219, 0.491799, 0.369321, 0.587148
0.337353, 0.665524, -0.369136, 0.075220
0.337363, 0.852869, -0.820138, -0.131549
0.337442, 0.947840, -0.842594, -0.048616
0.337504, 0.352076, 0.425275, 0.445956
0.337907, 0.736722, -0.745531, -0.200388
0.338143, 0.261875, 0.447489, 0.339098
0.338282, 0.611458, 0.267667, 0.647807
0.338288, 0.802719, -0.796228, -0.168964
0.338295, 0.307039, 0.437999, 0.393584
0.338462, 0.411784, 0.406816, 0.510640
0.338587, 0.386300, 0.415999, 0.483654
0.338934, 0.397847, 0.412366, 0.495839
0.339070, 0.549536, 0.332352, 0.627407
0.339134, 0.748197, -0.756361, -0.198003
0.339249, 0.104047, 0.469646, 0.137546
0.339335, 0.723144, -0.730027, -0.204226
0.339473, 0.652705, 0.156485, 0.583810
0.339660, 0.709764, -0.713249, -0.205184
0.339682, 0.781015, -0.781962, -0.183048
0.339811, 0.068853, 0.472405, 0.091174
0.339874, 0.159041, 0.465170, 0.209038
0.339911, 0.479264, 0.378361, 0.574979
0.340221, 0.817180, -0.802581, -0.159972
0.340318, 0.033363, 0.474578, 0.044236
0.340515, 0.340502, 0.431997, 0.431980
0.340582, 0.840991, -0.813068, -0.142142
0.340732, 0.273840, 0.448205, 0.353164
0.340771, 0.623360, 0.249496, 0.642000
0.340849, 0.373724, 0.422516, 0.469146
0.340924, 0.435184, 0.400046, 0.533386
0.341185, 0.170643, 0.465657, 0.223888
0.341462, 0.240051, 0.455661, 0.311579
0.341481, 1.000000, -0.841741, 0.000000
0.341634, 0.182873, 0.464688, 0.239502
0.341657, 0.875213, -0.824006, -0.114385
0.341664, 0.916703, -0.833821, -0.077743
0.341861, 0.897077, -0.829639, -0.095389
0.342019, 0.538683, 0.342447, 0.618639
0.342059, 0.980272, -0.840822, -0.018656
0.342118, 0.195137, 0.463588, 0.255043
0.342202, 0.295266, 0.445309, 0.378631
0.342280, 0.207387, 0.461902, 0.270485
0.342371, 0.697419, -0.693807, -0.205481
0.342480, 0.526508, 0.351708, 0.610401
0.342597, 0.466670, 0.387185, 0.562408
0.342779, 0.760364, -0.765165, -0.196026
0.342793, 0.128356, 0.472133, 0.169004
0.343008, 0.642014, 0.203201, 0.615586
0.343095, 0.927463, -0.834427, -0.068139
0.343263, 0.011237, 0.478818, 0.014886
0.343451, 0.959673, -0.838136, -0.038183
0.343610, 0.327969, 0.438933, 0.416725
0.343641, 0.046546, 0.478358, 0.061578
0.344149, 0.513585, 0.361640, 0.600102
0.344172, 0.148910, 0.471921, 0.195552
0.344428, 0.116165, 0.475364, 0.152999
0.344434, 0.569634, 0.316859, 0.632228
0.344501, 0.558210, 0.327701, 0.627233
0.344651, 0.581848, 0.304251, 0.635977
0.344748, 0.220002, 0.463038, 0.285981
0.345143, 0.081365, 0.478758, 0.107393
0.345191, 0.285200, 0.451106, 0.365901
0.345212, 0.793255, -0.786219, -0.178964
0.345236, 0.424165, 0.408898, 0.520607
0.345247, 0.938488, -0.834253, -0.058225
0.345547, 0.360910, 0.431636, 0.453424
0.345573, 0.685222, -0.678515, -0.210624
0.345751, 0.454887, 0.395817, 0.550066
0.345936, 0.828732, -0.803759, -0.153847
0.346068, 0.500533, 0.371373, 0.589000
0.346253, 0.863859, -0.816608, -0.125442
0.346433, 0.593838, 0.290508, 0.636037
0.346494, 0.673453, -0.632190, -0.181795
0.347037, 0.252170, 0.460306, 0.325542
0.347184, 0.315440, 0.446343, 0.401262
0.347331, 0.093217, 0.480610, 0.122757
0.347466, 0.772589, -0.771732, -0.193020
0.348008, 0.058824, 0.483497, 0.077599
0.348463, 0.885872, -0.821143, -0.106891
0.348536, 0.138203, 0.478553, 0.181249
0.348597, 0.906312, -0.825604, -0.088517
0.348626, 0.605922, 0.273918, 0.632729
0.348780, 0.659661, -0.615612, -0.190218
0.348812, 0.730157, -0.735711, -0.212845
0.348972, 0.232129, 0.466174, 0.300361
0.349030, 0.990131, -0.834518, -0.009479
0.349088, 0.806679, -0.790936, -0.171776
0.349155, 0.488151, 0.381203, 0.577293
0.349398, 0.852350, -0.810104, -0.136201
0.349472, 0.403495, 0.421341, 0.497854
0.349607, 0.022863, 0.486605, 0.030161
0.349726, 0.443705, 0.404790, 0.537703
0.349797, 0.970025, -0.832972, -0.028797
0.349860, 0.000000, 0.487340, 0.000000
0.350067, 0.716788, -0.721132, -0.217225
0.350175, 0.414535, 0.417760, 0.508885
0.350187, 0.264388, 0.461651, 0.339798
0.350330, 0.350235, 0.440335, 0.440201
0.350418, 0.391781, 0.426732, 0.485367
0.350467, 0.618583, 0.253782, 0.626838
0.350583, 0.741565, -0.745855, -0.210622
0.350601, 0.632439, 0.237366, 0.627788
0.350638, 0.949762, -0.830485, -0.048231
0.350846, 0.380541, 0.431115, 0.473218
0.351334, 0.303116, 0.454216, 0.385755
0.351453, 0.161732, 0.479641, 0.211209
0.351580, 0.037162, 0.488782, 0.048961
0.351600, 0.105624, 0.485264, 0.138667
0.351723, 0.475332, 0.390618, 0.565147
0.351820, 0.070995, 0.487668, 0.093383
0.351845, 0.840411, -0.803789, -0.146923
0.351893, 0.752746, -0.754669, -0.206631
0.352080, 0.705447, -0.707008, -0.220509
0.352216, 0.337954, 0.446029, 0.425787
0.352456, 0.175179, 0.479272, 0.228271
0.352639, 0.368829, 0.436947, 0.459904
0.352799, 0.784342, -0.775956, -0.189107
0.352937, 0.647261, -0.205979, 0.193847
0.352979, 0.547966, 0.340728, 0.614599
0.353035, 0.277002, 0.462278, 0.354348
0.353198, 0.817931, -0.793360, -0.165305
0.353231, 0.522666, 0.361508, 0.599948
0.353271, 0.187725, 0.478592, 0.244081
0.353351, 0.535328, 0.351675, 0.607556
0.353720, 0.211637, 0.475352, 0.274001
0.353821, 0.199843, 0.477465, 0.259266
0.353873, 0.917692, -0.822755, -0.078968
0.354274, 0.432662, 0.414145, 0.525069
0.354614, 0.126103, 0.487537, 0.165037
0.354767, 0.692901, -0.690442, -0.223936
0.354905, 0.874333, -0.812270, -0.118832
0.355009, 0.325388, 0.452714, 0.410671
0.355150, 0.463168, 0.400129, 0.552778
0.355197, 0.508987, 0.372617, 0.589251
0.355306, 0.243193, 0.472076, 0.312949
0.355388, 0.574396, 0.315014, 0.621807
0.355563, 0.560886, 0.329533, 0.617561
0.355666, 0.764674, -0.761434, -0.203060
0.355869, 0.896060, -0.816883, -0.099424
0.355996, 0.929157, -0.822646, -0.068468
0.356137, 1.000000, -0.827787, 0.000000
0.356187, 0.291553, 0.462872, 0.371085
0.356333, 0.049243, 0.494546, 0.064687
0.356393, 0.011137, 0.495602, 0.014640
0.356451, 0.148832, 0.487389, 0.194078
0.356557, 0.980080, -0.827013, -0.019420
0.356622, 0.587179, 0.299492, 0.622031
0.356741, 0.669302, -0.648705, -0.216752
0.357196, 0.224540, 0.477585, 0.289531
0.357263, 0.797132, -0.780090, -0.182748
0.357434, 0.959591, -0.824864, -0.039391
0.357999, 0.939656, -0.822269, -0.058712
0.358225, 0.082994, 0.495262, 0.108720
0.358247, 0.094478, 0.494571, 0.123683
0.358297, 0.828876, -0.793989, -0.158783
0.358318, 0.497237, 0.382692, 0.578643
0.358800, 0.115172, 0.493712, 0.150492
0.358867, 0.680463, -0.670945, -0.226384
0.358928, 0.599043, 0.282214, 0.617644
0.358934, 0.863142, -0.805450, -0.129898
0.359075, 0.451591, 0.409607, 0.540442
0.359213, 0.422165, 0.423594, 0.512728
0.359249, 0.724203, -0.726405, -0.224680
0.359394, 0.312947, 0.461007, 0.395104
0.359624, 0.254841, 0.475014, 0.326311
0.359815, 0.029891, 0.499605, 0.039211
0.360149, 0.359661, 0.448208, 0.447511
0.360285, 0.611786, 0.260603, 0.611085
0.360572, 0.484020, 0.392795, 0.567055
0.360704, 0.137502, 0.493920, 0.179081
0.360735, 0.060833, 0.499655, 0.079668
0.360944, 0.775595, -0.765301, -0.199608
0.360984, 0.624787, 0.244121, 0.609540
0.361113, 0.658164, -0.648860, -0.237981
0.361151, 0.851374, -0.799760, -0.140925
0.361289, 0.884524, -0.809292, -0.111213
0.361374, 0.409679, 0.431031, 0.499451
0.361378, 0.397853, 0.435837, 0.487534
0.361439, 0.637487, -0.120768, 0.254554
0.361599, 0.907821, -0.813975, -0.089600
0.361659, 0.735210, -0.735558, -0.222619
0.361773, 0.267655, 0.474853, 0.341297
0.361867, 0.347147, 0.454109, 0.433225
0.362144, 0.808971, -0.782292, -0.176252
0.362145, 0.385658, 0.441276, 0.474611
0.362731, 0.373402, 0.446342, 0.461475
0.362854, 0.158202, 0.494404, 0.205337
0.362859, 0.169914, 0.492962, 0.220221
0.363156, 0.839906, -0.794071, -0.151438
0.363326, 0.280977, 0.473595, 0.356770
0.363331, 0.000000, 0.504463, 0.000000
0.363358, 0.517341, 0.371862, 0.588755
0.363413, 0.440480, 0.419095, 0.528139
0.363413, 0.702536, -0.702296, -0.234255
0.363480, 0.235070, 0.483495, 0.301438
0.363526, 0.746544, -0.743746, -0.218604
0.363556, 0.714030, -0.714999, -0.232234
0.363611, 0.990002, -0.820427, -0.009887
0.363632, 0.072187, 0.502729, 0.094323
0.363786, 0.334587, 0.460030, 0.418603
0.364007, 0.969792, -0.819259, -0.029860
0.364065, 0.471648, 0.402980, 0.554993
0.364313, 0.757100, -0.751041, -0.213278
0.364457, 0.182001, 0.493380, 0.235303
0.364471, 0.529728, 0.362357, 0.595011
0.364472, 0.019974, 0.505744, 0.026143
0.364516, 0.948388, -0.817025, -0.050938
0.364524, 0.302942, 0.469719, 0.382316
0.364616, 0.215459, 0.488213, 0.277003
0.364666, 0.541911, 0.351501, 0.600809
0.364948, 0.103482, 0.502472, 0.134871
0.365018, 0.041306, 0.505992, 0.054014
0.365299, 0.567434, 0.325074, 0.608621
0.365303, 0.787977, -0.769391, -0.193492
0.365433, 0.193422, 0.492845, 0.249471
0.365646, 0.648360, -0.614661, -0.224009
0.365921, 0.204508, 0.491695, 0.263221
0.365955, 0.921515, -0.812128, -0.077272
0.365970, 0.553858, 0.340312, 0.604261
0.366445, 0.581018, 0.307847, 0.608472
0.366484, 0.321980, 0.466629, 0.403507
0.366799, 0.820337, -0.783579, -0.169164
0.366806, 0.689845, -0.686163, -0.239391
0.367462, 0.125174, 0.503572, 0.162552
0.368079, 0.459645, 0.413187, 0.542667
0.368180, 0.506441, 0.383221, 0.578164
0.368232, 0.429728, 0.428780, 0.515848
0.368261, 0.668805, -0.655230, -0.238701
0.368707, 0.896786, -0.805253, -0.101425
0.368717, 0.872060, -0.799290, -0.124508
0.369082, 0.492857, 0.393456, 0.568141
0.369325, 0.292449, 0.477908, 0.368858
0.369515, 0.246089, 0.488557, 0.313642
0.369580, 0.934363, -0.810407, -0.065249
0.369678, 0.592540, 0.290104, 0.601947
0.369783, 0.090841, 0.509655, 0.118200
0.369797, 0.766658, -0.753804, -0.210812
0.369858, 0.053087, 0.511762, 0.069203
0.370246, 0.605301, 0.268710, 0.596634
0.370311, 0.148988, 0.504800, 0.192730
0.370335, 0.800072, -0.771756, -0.186906
0.370643, 1.000000, -0.813579, 0.000000
0.370811, 0.010204, 0.513989, 0.013311
0.370876, 0.224804, 0.494284, 0.287455
0.370891, 0.958767, -0.811720, -0.041244
0.370967, 0.979825, -0.812900, -0.020218
0.371142, 0.417449, 0.437237, 0.502824
0.371173, 0.858943, -0.793347, -0.137195
0.371259, 0.726237, -0.723476, -0.234599
0.371278, 0.258945, 0.488001, 0.328769
0.371468, 0.832073, -0.784168, -0.161093
0.371470, 0.137019, 0.507555, 0.177354
0.371593, 0.618088, 0.235257, 0.575378
0.371864, 0.112227, 0.510381, 0.145547
0.371999, 0.354724, 0.462721, 0.438221
0.372022, 0.631003, -0.334766, 0.018303
0.372107, 0.366717, 0.458636, 0.450990
0.372263, 0.884566, -0.799000, -0.113723
0.372368, 0.079121, 0.513644, 0.102858
0.372447, 0.030894, 0.515846, 0.040242
0.372561, 0.404736, 0.444251, 0.489845
0.372645, 0.448086, 0.423463, 0.530206
0.372674, 0.480477, 0.404310, 0.556608
0.372777, 0.679342, -0.671799, -0.246835
0.372857, 0.910937, -0.803822, -0.088593
0.372881, 0.392398, 0.449712, 0.477376
0.373028, 0.271444, 0.487234, 0.343236
0.373194, 0.845912, -0.787404, -0.149557
0.373295, 0.342034, 0.468290, 0.423954
0.373345, 0.778482, -0.758404, -0.204583
0.373391, 0.379822, 0.455194, 0.464312
0.373516, 0.740088, -0.733538, -0.229328
0.373670, 0.162755, 0.507462, 0.209816
0.373785, 0.313376, 0.477438, 0.391762
0.373915, 0.519823, 0.375834, 0.581476
0.373990, 0.065503, 0.516215, 0.085107
0.374061, 0.699942, -0.697081, -0.246484
0.374576, 0.657330, -0.637452, -0.244748
0.374649, 0.175749, 0.506799, 0.225988
0.374841, 0.642803, -0.619816, -0.247990
0.375027, 0.712093, -0.709136, -0.243676
0.375055, 0.328642, 0.474422, 0.408594
0.375220, 0.282646, 0.487138, 0.355906
0.375550, 0.811971, -0.772892, -0.179619
0.375610, 0.575890, 0.314011, 0.594912
0.375963, 0.754063, -0.741774, -0.222794
0.376026, 0.532331, 0.365530, 0.585657
0.376194, 0.564315, 0.330036, 0.594252
0.376215, 0.946115, -0.805473, -0.054340
0.376548, 0.212966, 0.503394, 0.271964
0.376586, 0.468257, 0.415071, 0.544679
0.376732, 0.543136, 0.354876, 0.589058
0.376855, 0.234083, 0.499768, 0.297650
0.376914, 0.188749, 0.507864, 0.241966
0.377209, 0.000000, 0.522251, 0.000000
0.377409, 0.437240, 0.433414, 0.518121
0.377538, 0.301549, 0.484990, 0.377245
0.377734, 0.042378, 0.522165, 0.055006
0.377806, 0.200410, 0.507074, 0.256277
0.377911, 0.100656, 0.519166, 0.130244
0.377948, 0.969195, -0.805460, -0.031239
0.377994, 0.790693, -0.761226, -0.197798
0.378063, 0.989793, -0.806086, -0.010362
0.378085, 0.923105, -0.800680, -0.077458
0.378218, 0.553890, 0.343182, 0.590226
0.378353, 0.500452, 0.394126, 0.566443
0.378522, 0.020931, 0.523721, 0.027174
0.379097, 0.120034, 0.518803, 0.154902
0.379914, 0.901423, -0.795268, -0.099087
0.379929, 0.823985, -0.773956, -0.171123
0.380076, 0.689290, -0.683717, -0.255163
0.380482, 0.586432, 0.295393, 0.583991
0.380697, 0.425215, 0.442505, 0.505554
0.380736, 0.668941, -0.657556, -0.257157
0.380814, 0.599670, 0.289371, 0.594839
0.380959, 0.130991, 0.520114, 0.168688
0.381090, 0.456195, 0.426004, 0.532257
0.381195, 0.864710, -0.785786, -0.134582
0.381199, 0.511361, 0.386931, 0.570591
0.381341, 0.767414, -0.746326, -0.216923
0.381426, 0.489272, 0.404515, 0.556830
0.381489, 0.876888, -0.788592, -0.123113
0.381622, 0.253960, 0.501374, 0.320574
0.381762, 0.721644, -0.714444, -0.245319
0.382041, 0.611303, 0.133011, 0.448022
0.382131, 0.087741, 0.525467, 0.113348
0.382275, 0.143567, 0.520436, 0.184507
0.382278, 0.890485, -0.790745, -0.110202
0.382294, 0.053637, 0.527426, 0.069390
0.382330, 0.242650, 0.504649, 0.306916
0.382484, 0.837354, -0.776400, -0.160169
0.382555, 0.412368, 0.450467, 0.492706
0.382590, 0.155388, 0.519346, 0.199361
0.382629, 0.624511, -0.525349, -0.192998
0.382742, 0.934796, -0.797678, -0.066379
0.382849, 0.851527, -0.780486, -0.147352
0.383260, 0.733166, -0.722718, -0.240253
0.383324, 0.803025, -0.762654, -0.190269
0.383362, 0.266160, 0.500646, 0.334632
0.383387, 0.361684, 0.472398, 0.441628
0.383433, 0.349415, 0.476839, 0.428607
0.383601, 0.957717, -0.799049, -0.043261
0.383655, 0.373920, 0.468006, 0.454204
0.383658, 0.399479, 0.457411, 0.479832
0.383784, 0.290634, 0.495149, 0.363097
0.383815, 0.222929, 0.510439, 0.282856
0.383955, 0.322146, 0.486220, 0.398610
0.383968, 0.336447, 0.481826, 0.414440
0.384039, 0.386810, 0.463234, 0.467162
0.384436, 0.075845, 0.529042, 0.097904
0.384513, 0.649274, -0.630263, -0.261655
0.384624, 0.010853, 0.531567, 0.014042
0.384670, 0.168622, 0.520309, 0.215731
0.384780, 0.635640, -0.584088, -0.235143
0.384868, 0.745507, -0.730448, -0.233814
0.384872, 0.702262, -0.695919, -0.256486
0.384952, 1.000000, -0.799208, 0.000000
0.384962, 0.477325, 0.415425, 0.545985
0.385059, 0.780123, -0.750520, -0.209389
0.385190, 0.979239, -0.798614, -0.021328
0.385452, 0.032601, 0.532366, 0.042142
0.385478, 0.524433, 0.376903, 0.572909
0.385531, 0.064200, 0.530964, 0.082855
0.385870, 0.278015, 0.500751, 0.347936
0.385879, 0.911838, -0.791262, -0.089805
0.385942, 0.181881, 0.519764, 0.231993
0.386240, 0.109962, 0.528537, 0.141397
0.386510, 0.310267, 0.492624, 0.384587
0.386650, 0.444876, 0.437204, 0.519642
0.386682, 0.573955, 0.312767, 0.575748
0.386753, 0.679040, -0.670341, -0.264280
0.387548, 0.208998, 0.517445, 0.265183
0.387890, 0.659678, -0.644518, -0.266181
0.388382, 0.758010, -0.735819, -0.227556
0.388503, 0.562274, 0.332419, 0.576793
0.388598, 0.815733, -0.763356, -0.181509
0.388667, 0.946399, -0.792993, -0.055234
0.388904, 0.548445, 0.351454, 0.576041
0.389042, 0.465163, 0.426639, 0.534299
0.389079, 0.536326, 0.365723, 0.573276
0.389137, 0.712951, -0.703585, -0.255481
0.389641, 0.195748, 0.522338, 0.248626
0.389913, 0.096038, 0.534583, 0.123393
0.390057, 0.500505, 0.400989, 0.556960
0.390129, 0.792935, -0.752515, -0.201548
0.390264, 0.433062, 0.446908, 0.507518
0.390316, 0.594654, 0.242630, 0.527719
0.390564, 0.000000, 0.539252, 0.000000
0.390681, 0.923763, -0.788249, -0.078509
0.390871, 0.299222, 0.500819, 0.370955
0.390928, 0.044581, 0.538811, 0.057403
0.390940, 0.122593, 0.533455, 0.157043
0.391166, 0.232873, 0.517228, 0.293407
0.391745, 0.968278, -0.791484, -0.032925
0.391795, 0.828675, -0.765177, -0.171065
0.391814, 0.692144, -0.683394, -0.266547
0.392067, 0.618582, -0.560893, -0.246862
0.392072, 0.022564, 0.540878, 0.029056
0.392229, 0.420042, 0.455586, 0.494987
0.392252, 0.989310, -0.791674, -0.011111
0.392319, 0.884482, -0.779872, -0.118112
0.392443, 0.870720, -0.776631, -0.131615
0.392452, 0.513783, 0.390366, 0.561601
0.392492, 0.899212, -0.782570, -0.103533
0.392533, 0.135448, 0.534058, 0.173095
0.392632, 0.843076, -0.768996, -0.158048
0.392699, 0.857324, -0.772964, -0.144599
0.392757, 0.488062, 0.412673, 0.547371
0.392966, 0.246942, 0.516376, 0.309808
0.393497, 0.259911, 0.513915, 0.324907
0.393686, 0.583532, 0.284193, 0.550230
0.393726, 0.330823, 0.494139, 0.405021
0.393735, 0.406925, 0.463541, 0.482231
0.393745, 0.148184, 0.534126, 0.188967
0.393851, 0.770507, -0.738636, -0.221240
0.393917, 0.725027, -0.710371, -0.252693
0.394098, 0.606515, -0.165799, 0.125195
0.394120, 0.643188, -0.617333, -0.269916
0.394297, 0.453733, 0.438011, 0.522144
0.394309, 0.160627, 0.533125, 0.204407
0.394363, 0.343809, 0.490478, 0.418821
0.394571, 0.356225, 0.486132, 0.431780
0.394649, 0.393927, 0.470525, 0.469501
0.394736, 0.368565, 0.481479, 0.444384
0.394776, 0.381064, 0.476308, 0.456872
0.394874, 0.668738, -0.656603, -0.275293
0.394970, 0.218736, 0.524629, 0.275674
0.395238, 0.083563, 0.542018, 0.107086
0.395342, 0.736747, -0.717706, -0.246279
0.395480, 0.806342, -0.753678, -0.192352
0.395699, 0.173550, 0.533081, 0.220277
0.395845, 0.934903, -0.784440, -0.067735
0.395868, 0.272331, 0.513719, 0.338842
0.395873, 0.056733, 0.544628, 0.072804
0.396082, 0.069442, 0.543949, 0.089011
0.396116, 0.318535, 0.500697, 0.390827
0.396247, 0.285562, 0.510572, 0.353882
0.396297, 0.630278, -0.593667, -0.267111
0.396587, 0.186547, 0.532034, 0.236112
0.396622, 0.748578, -0.724349, -0.238984
0.396706, 0.475497, 0.424865, 0.536255
0.396810, 0.957296, -0.785481, -0.044647
0.396820, 0.782038, -0.742040, -0.213446
0.397075, 0.105150, 0.542692, 0.134381
0.397507, 0.011981, 0.547847, 0.015382
0.397534, 0.703668, -0.691555, -0.266904
0.397571, 0.524692, 0.380979, 0.560336
0.397654, 0.913035, -0.779760, -0.090403
0.398150, 0.557135, 0.338676, 0.562449
0.398353, 0.682602, -0.671392, -0.276022
0.398411, 0.034663, 0.548661, 0.044448
0.398654, 0.654435, -0.637725, -0.281025
0.398790, 0.205202, 0.531581, 0.258536
0.398829, 0.571598, 0.315899, 0.558572
0.398917, 1.000000, -0.784903, 0.000000
0.399256, 0.978161, -0.784151, -0.022945
0.399893, 0.441133, 0.450270, 0.508654
0.400029, 0.115827, 0.545377, 0.147597
0.400152, 0.308528, 0.508432, 0.378649
0.400702, 0.545071, 0.355695, 0.559207
0.400738, 0.944758, -0.780382, -0.058025
0.400767, 0.761260, -0.728407, -0.231930
0.401005, 0.506610, 0.400730, 0.549896
0.401160, 0.819618, -0.753662, -0.182477
0.401555, 0.465247, 0.435551, 0.525688
0.401572, 0.795125, -0.743753, -0.204513
0.401573, 0.595425, 0.036694, 0.302567
0.401598, 0.295939, 0.513758, 0.364170
0.401684, 0.427737, 0.459635, 0.496542
0.401725, 0.715598, -0.698798, -0.263732
0.401944, 0.534941, 0.369668, 0.557255
0.401984, 0.834552, -0.757708, -0.168845
0.402229, 0.240065, 0.528685, 0.299603
0.402481, 0.495666, 0.411704, 0.543400
0.402704, 0.849060, -0.761218, -0.155189
0.402770, 0.128104, 0.547588, 0.162763
0.402796, 0.890151, -0.770658, -0.114481
0.402921, 0.094662, 0.550805, 0.120627
0.402943, 0.876861, -0.767743, -0.127885
0.402948, 0.618178, -0.589405, -0.288645
0.402992, 0.863223, -0.764566, -0.141441
0.403117, 0.227597, 0.532381, 0.284623
0.403233, 0.000000, 0.554916, 0.000000
0.403442, 0.414357, 0.468540, 0.484005
0.403603, 0.253703, 0.527220, 0.315327
0.403633, 0.047612, 0.554710, 0.060820
0.403747, 0.926194, -0.775273, -0.077678
0.404050, 0.902752, -0.771606, -0.101889
0.404095, 0.140825, 0.547744, 0.178509
0.404399, 0.483560, 0.423209, 0.535135
0.404825, 0.694221, -0.679801, -0.277514
0.404826, 0.401132, 0.476622, 0.471387
0.404835, 0.337983, 0.503529, 0.408846
0.404852, 0.641284, -0.618162, -0.287709
0.404958, 0.325800, 0.507930, 0.395846
0.405000, 0.074489, 0.554822, 0.094918
0.405031, 0.193918, 0.541148, 0.243777
0.405096, 0.153655, 0.547364, 0.194339
0.405331, 0.024227, 0.557237, 0.030927
0.405522, 0.388110, 0.483573, 0.458897
0.405527, 0.674125, -0.660108, -0.285893
0.405611, 0.350402, 0.499772, 0.421548
0.405640, 0.583833, 0.306212, 0.553761
0.405756, 0.166422, 0.546329, 0.210002
0.405758, 0.453253, 0.446972, 0.514183
0.405798, 0.362727, 0.495042, 0.434010
0.405808, 0.375273, 0.489701, 0.446430
0.405902, 0.265959, 0.526821, 0.328943
0.405954, 0.989118, -0.777465, -0.011557
0.406067, 0.966722, -0.776649, -0.035306
0.406185, 0.727905, -0.704570, -0.259143
0.406450, 0.179749, 0.545215, 0.226275
0.406731, 0.516076, 0.392816, 0.547313
0.406998, 0.606892, -0.558951, -0.280069
0.407207, 0.563020, 0.324032, 0.543213
0.407239, 0.806447, -0.743302, -0.196617
0.407257, 0.662969, -0.647248, -0.290353
0.407266, 0.216015, 0.539592, 0.269953
0.407288, 0.278363, 0.525082, 0.342733
0.407321, 0.783682, -0.733820, -0.216735
0.407397, 0.739336, -0.710937, -0.251938
0.407593, 0.771918, -0.728309, -0.226724
0.407705, 0.751312, -0.717645, -0.243203
0.408103, 0.061307, 0.559690, 0.078040
0.408558, 0.952327, -0.772841, -0.050713
0.408970, 0.629451, -0.600523, -0.291845
0.409188, 0.085222, 0.559317, 0.108222
0.409355, 0.010724, 0.562442, 0.013651
0.409522, 0.915918, -0.767896, -0.089101
0.409550, 0.106806, 0.558122, 0.135389
0.409926, 0.706243, -0.686895, -0.275229
0.410464, 0.289414, 0.525493, 0.354275
0.410605, 0.551039, 0.343035, 0.540960
0.410725, 0.037342, 0.563958, 0.047503
0.410786, 0.937746, -0.769127, -0.066328
0.410924, 0.316434, 0.517634, 0.383858
0.411109, 0.527280, 0.380104, 0.544187
0.411118, 0.474936, 0.434276, 0.524573
0.411131, 0.205655, 0.546173, 0.256804
0.411167, 0.303538, 0.522099, 0.369758
0.411587, 0.651532, -0.632612, -0.297155
0.411743, 0.433472, 0.464395, 0.495170
0.411763, 0.684951, -0.668242, -0.287750
0.411959, 0.828191, -0.746391, -0.177904
0.411996, 0.573879, 0.290807, 0.517584
0.412291, 0.119362, 0.560210, 0.150822
0.412307, 0.445147, 0.457204, 0.503692
0.412643, 0.841658, -0.749624, -0.165070
0.412720, 1.000000, -0.770421, 0.000000
0.412770, 0.978104, -0.770011, -0.023478
0.412866, 0.247089, 0.539361, 0.305386
0.412898, 0.855799, -0.753042, -0.151174
0.413038, 0.503669, 0.408352, 0.536480
0.413067, 0.462374, 0.445335, 0.515120
0.413206, 0.420900, 0.473210, 0.484108
0.413292, 0.233852, 0.542876, 0.289824
0.413294, 0.595490, -0.491786, -0.239669
0.413375, 0.816056, -0.741045, -0.189868
0.413505, 0.490081, 0.422067, 0.530407
0.413542, 0.869468, -0.755545, -0.137588
0.413820, 0.793694, -0.732327, -0.210600
0.413900, 0.718921, -0.693466, -0.270100
0.414040, 0.760652, -0.717477, -0.239077
0.414050, 0.882373, -0.757724, -0.124527
0.414081, 0.132740, 0.560951, 0.167281
0.414436, 0.539163, 0.362879, 0.538946
0.414724, 0.894250, -0.759188, -0.112399
0.414764, 0.407908, 0.481914, 0.472199
0.414992, 0.617908, -0.583114, -0.298696
0.415355, 0.330532, 0.517382, 0.397283
0.415387, 0.146009, 0.560910, 0.183540
0.415523, 0.905908, -0.760182, -0.100393
0.415537, 0.050452, 0.569346, 0.063928
0.415812, 0.259406, 0.539819, 0.318922
0.415987, 0.394890, 0.489925, 0.460031
0.416021, 0.097062, 0.567003, 0.122610
0.416031, 0.072722, 0.568812, 0.092022
0.416132, 0.343454, 0.513210, 0.410308
0.416293, 0.185270, 0.556087, 0.231367
0.416296, 0.159060, 0.560233, 0.199467
0.416381, 0.381832, 0.496805, 0.447858
0.416384, 0.019500, 0.571134, 0.024718
0.416491, 0.000000, 0.571273, 0.000000
0.416625, 0.959511, -0.764738, -0.043605
0.416705, 0.172042, 0.558749, 0.215254
0.416772, 0.368750, 0.503263, 0.435239
0.416865, 0.356190, 0.508815, 0.422878
0.416972, 0.926577, -0.761590, -0.078801
0.417026, 0.222742, 0.549685, 0.275963
0.417125, 0.673553, -0.655296, -0.297496
0.417129, 0.639910, -0.616951, -0.305002
0.417710, 0.197035, 0.555577, 0.245260
0.417901, 0.696257, -0.674504, -0.286926
0.418016, 0.746295, -0.706865, -0.252592
0.418274, 0.271462, 0.539370, 0.331952
0.418448, 0.781201, -0.723090, -0.223557
0.418550, 0.562070, 0.291505, 0.493130
0.418588, 0.584730, -0.275311, -0.046329
0.418669, 0.732691, -0.698754, -0.263368
0.418777, 0.516482, 0.394763, 0.532885
0.419399, 0.802835, -0.730680, -0.204286
0.419565, 0.029712, 0.574887, 0.037562
0.419648, 0.989066, -0.762940, -0.011843
0.419793, 0.606592, -0.560246, -0.298264
0.419836, 0.661964, -0.642626, -0.304161
0.420193, 0.946829, -0.760250, -0.057476
0.420493, 0.296460, 0.534400, 0.359041
0.420683, 0.282696, 0.538834, 0.343832
0.420933, 0.454109, 0.456805, 0.503781
0.420991, 0.084925, 0.573830, 0.106978
0.421086, 0.969170, -0.760660, -0.033423
0.421283, 0.769922, -0.715802, -0.234592
0.421641, 0.211724, 0.557540, 0.262061
0.421679, 0.309858, 0.531391, 0.373196
0.421696, 0.110401, 0.572592, 0.138717
0.421798, 0.481547, 0.434010, 0.518555
0.421853, 0.708082, -0.680754, -0.282502
0.421887, 0.628591, -0.600997, -0.311103
0.421932, 0.062051, 0.576725, 0.078247
0.422446, 0.468669, 0.445857, 0.511302
0.422452, 0.550270, 0.339059, 0.519156
0.422689, 0.241032, 0.552075, 0.296038
0.422744, 0.848996, -0.741619, -0.160394
0.422857, 0.440431, 0.468068, 0.492957
0.422875, 0.915247, -0.753814, -0.091550
0.422939, 0.322381, 0.528263, 0.385988
0.423106, 0.527439, 0.379639, 0.527073
0.423335, 0.009512, 0.579839, 0.012003
0.423389, 0.124421, 0.573217, 0.155920
0.423390, 0.834899, -0.737256, -0.174660
0.423495, 0.427493, 0.477317, 0.482979
0.423544, 0.495030, 0.421011, 0.522158
0.423653, 0.862716, -0.743840, -0.146664
0.424057, 0.685230, -0.662203, -0.297841
0.424070, 0.040847, 0.580238, 0.051469
0.424316, 0.823273, -0.732852, -0.186380
0.424349, 0.573480, -0.009196, 0.195966
0.424401, 0.650519, -0.628795, -0.312178
0.424509, 0.507009, 0.407358, 0.524041
0.424661, 0.414775, 0.486236, 0.472230
0.424788, 0.876066, -0.745490, -0.133112
0.424791, 0.721090, -0.687194, -0.275438
0.425039, 0.811803, -0.728404, -0.197712
0.425094, 0.138154, 0.573682, 0.172639
0.425136, 0.935778, -0.753956, -0.069809
0.425276, 0.756634, -0.706229, -0.247748
0.425406, 0.252747, 0.552350, 0.308840
0.425852, 0.595564, -0.535683, -0.297601
0.426041, 0.889024, -0.746581, -0.119783
0.426145, 0.401757, 0.495112, 0.460562
0.426191, 0.336188, 0.526424, 0.399028
0.426466, 1.000000, -0.755702, 0.000000
0.426467, 0.901612, -0.748100, -0.106550
0.426585, 0.151636, 0.573713, 0.188945
0.426676, 0.791136, -0.719651, -0.217754
0.426842, 0.388321, 0.503086, 0.448525
0.426886, 0.230546, 0.559352, 0.282928
0.427008, 0.375107, 0.509962, 0.436468
0.427079, 0.539033, 0.360272, 0.518342
0.427338, 0.978981, -0.754365, -0.022991
0.427361, 0.349216, 0.522156, 0.411540
0.427408, 0.164643, 0.572769, 0.204631
0.427503, 0.177416, 0.570761, 0.220013
0.427537, 0.617254, -0.584170, -0.317737
0.427663, 0.097319, 0.581067, 0.121899
0.427993, 0.362073, 0.517084, 0.423744
0.427999, 0.202364, 0.566728, 0.249676
0.428160, 0.073850, 0.583675, 0.092658
0.428172, 0.189477, 0.569452, 0.234354
0.428508, 0.264350, 0.552809, 0.321164
0.428543, 0.743275, -0.696835, -0.260423
0.428611, 0.672910, -0.649371, -0.307945
0.428714, 0.052083, 0.585401, 0.065380
0.428737, 0.957129, -0.751632, -0.046932
0.429312, 0.019938, 0.587245, 0.025052
0.429725, 0.639154, -0.614349, -0.320670
0.430079, 0.561984, 0.287890, 0.471199
0.430230, 0.289816, 0.547029, 0.348732
0.430493, 0.000000, 0.588778, 0.000000
0.430565, 0.696924, -0.667212, -0.295688
0.430601, 0.924294, -0.746820, -0.082768
0.430761, 0.779642, -0.711492, -0.229865
0.430950, 0.219997, 0.566461, 0.269781
0.431228, 0.584340, -0.515884, -0.301000
0.431462, 0.461497, 0.457004, 0.499535
0.431496, 0.732120, -0.688501, -0.270911
0.431584, 0.302671, 0.544271, 0.362121
0.431785, 0.275788, 0.553006, 0.332897
0.431961, 0.448351, 0.468196, 0.491409
0.432328, 0.841842, -0.730206, -0.170014
0.432335, 0.661074, -0.636797, -0.316561
0.432576, 0.515931, 0.395330, 0.513267
0.432601, 0.475322, 0.444673, 0.505176
0.432670, 0.801015, -0.717563, -0.210536
0.432727, 0.086786, 0.587945, 0.108388
0.432756, 0.606200, -0.566531, -0.322642
0.432894, 0.709846, -0.674298, -0.288477
0.432978, 0.030496, 0.591410, 0.038192
0.433076, 0.488257, 0.431355, 0.509466
0.433080, 0.766514, -0.704021, -0.242639
0.433130, 0.315398, 0.541456, 0.375009
0.433161, 0.107257, 0.586902, 0.133708
0.433311, 0.434694, 0.479476, 0.481435
0.433445, 0.118840, 0.586003, 0.147922
0.433478, 0.855820, -0.732266, -0.155932
0.433600, 0.945686, -0.745807, -0.059773
0.433689, 0.989356, -0.747726, -0.011743
0.433993, 0.243061, 0.564553, 0.295654
0.434403, 0.550756, 0.334718, 0.498404
0.434448, 0.910866, -0.740985, -0.097739
0.434505, 0.328207, 0.537937, 0.387625
0.434591, 0.501750, 0.415343, 0.510415
0.434605, 0.527911, 0.373507, 0.505401
0.434659, 0.967626, -0.746007, -0.035737
0.434710, 0.627799, -0.599371, -0.328185
0.434913, 0.869246, -0.733640, -0.142217
0.434919, 0.131394, 0.586368, 0.163138
0.435161, 0.421297, 0.490199, 0.470558
0.435599, 0.826922, -0.722855, -0.185974
0.435731, 0.683849, -0.654287, -0.307586
0.435760, 0.814057, -0.718693, -0.198850
0.435966, 0.063291, 0.593636, 0.078990
0.436099, 0.408970, 0.498969, 0.460545
0.436229, 0.882694, -0.734812, -0.128232
0.436289, 0.144491, 0.586306, 0.178906
0.436655, 0.720913, -0.678114, -0.282516
0.436693, 0.395059, 0.507857, 0.448906
0.436769, 0.573068, -0.497884, -0.307975
0.436809, 0.209780, 0.575516, 0.256642
0.436823, 0.753064, -0.694683, -0.256115
0.437132, 0.010166, 0.596950, 0.012704
0.437200, 0.649744, -0.623688, -0.325682
0.437321, 0.040710, 0.596407, 0.050804
0.437400, 0.341870, 0.535246, 0.400087
0.437431, 0.896662, -0.735914, -0.113476
0.437439, 0.381210, 0.516233, 0.436641
0.437795, 0.254653, 0.565772, 0.307748
0.437976, 0.157855, 0.586459, 0.194833
0.438169, 0.368776, 0.523371, 0.425140
0.438482, 0.595027, -0.548413, -0.328038
0.438586, 0.196106, 0.580414, 0.240259
0.438612, 0.354874, 0.530513, 0.412021
0.438640, 0.170631, 0.585144, 0.210042
0.438800, 0.934153, -0.739097, -0.072865
0.438881, 0.232705, 0.572638, 0.282640
0.439167, 0.183044, 0.583587, 0.224726
0.439368, 0.539975, 0.326214, 0.468026
0.439929, 0.075575, 0.597744, 0.093986
0.439997, 0.284398, 0.559295, 0.339772
0.440298, 1.000000, -0.740559, 0.000000
0.440342, 0.789590, -0.706375, -0.224087
0.440403, 0.616623, -0.584010, -0.336180
0.440552, 0.671492, -0.641732, -0.318458
0.440621, 0.051009, 0.599983, 0.063479
0.440937, 0.978176, -0.739538, -0.024293
0.441115, 0.741358, -0.685321, -0.268187
0.441159, 0.265920, 0.566327, 0.319325
0.441607, 0.776259, -0.700202, -0.237159
0.441731, 0.098803, 0.598030, 0.122480
0.441914, 0.836534, -0.718835, -0.177839
0.441973, 0.955980, -0.737299, -0.049008
0.442019, 0.296328, 0.557471, 0.351828
0.442095, 0.455497, 0.467857, 0.486840
0.442165, 0.561683, -0.257604, -0.092432
0.442328, 0.468426, 0.455579, 0.492540
0.442379, 0.638218, -0.609846, -0.334853
0.442572, 0.020893, 0.603558, 0.025999
0.442574, 0.704444, -0.663796, -0.298444
0.442707, 0.921731, -0.733573, -0.086897
0.442791, 0.442216, 0.479721, 0.478907
0.442835, 0.693361, -0.656417, -0.306390
0.443054, 0.222973, 0.579679, 0.270513
0.443130, 0.849151, -0.720829, -0.165037
0.443347, 0.308275, 0.554564, 0.363832
0.443492, 0.481548, 0.441697, 0.495605
0.443813, 0.087406, 0.601480, 0.108276
0.443846, 0.428921, 0.490887, 0.469753
0.443872, 0.583831, -0.529258, -0.332164
0.444001, 0.802816, -0.707274, -0.212440
0.444163, 0.000000, 0.605640, 0.000000
0.444169, 0.507820, 0.406448, 0.496556
0.444212, 0.494410, 0.425833, 0.496920
0.444391, 0.762255, -0.691995, -0.251183
0.444524, 0.320716, 0.551030, 0.376108
0.444568, 0.111892, 0.600295, 0.138243
0.444583, 0.729775, -0.676564, -0.279652
0.445022, 0.519171, 0.386722, 0.491602
0.445142, 0.862006, -0.721459, -0.151895
0.445166, 0.660218, -0.629737, -0.328265
0.445366, 0.124468, 0.599717, 0.153434
0.445623, 0.909269, -0.728811, -0.100919
0.445628, 0.605524, -0.568086, -0.342907
0.445777, 0.333556, 0.546940, 0.388336
0.445853, 0.402355, 0.510824, 0.449243
0.446013, 0.244099, 0.577820, 0.293753
0.446231, 0.816453, -0.709054, -0.199490
0.446399, 0.137292, 0.599347, 0.168828
0.446472, 0.530185, 0.358978, 0.477047
0.446572, 0.715637, -0.667350, -0.292204
0.446585, 0.275849, 0.569102, 0.328487
0.446607, 0.387685, 0.520425, 0.437047
0.446608, 0.874410, -0.722347, -0.138916
0.446732, 0.944224, -0.731404, -0.062394
0.446812, 0.031593, 0.608381, 0.039169
0.446950, 0.550386, 0.040417, 0.183166
0.447254, 0.989297, -0.732814, -0.012013
0.447409, 0.415481, 0.503174, 0.457977
0.447413, 0.150424, 0.598638, 0.184469
0.447587, 0.886629, -0.723406, -0.125873
0.447600, 0.626950, -0.595786, -0.343587
0.447896, 0.362187, 0.535540, 0.414305
0.448072, 0.966532, -0.731262, -0.037559
0.448265, 0.681073, -0.644225, -0.318360
0.448283, 0.213683, 0.587850, 0.258678
0.448400, 0.202062, 0.590501, 0.245225
0.448632, 0.057362, 0.609380, 0.070942
0.448890, 0.347261, 0.543764, 0.400100
0.448903, 0.898262, -0.723615, -0.113394
0.449246, 0.572619, -0.499719, -0.326010
0.449340, 0.068645, 0.609477, 0.084786
0.449407, 0.827759, -0.709071, -0.188790
0.449592, 0.164071, 0.599194, 0.200433
0.449640, 0.375078, 0.530219, 0.424691
0.449719, 0.189280, 0.594692, 0.230094
0.449844, 0.648528, -0.616978, -0.338025
0.449990, 0.750689, -0.681875, -0.264025
0.450235, 0.255428, 0.579337, 0.305170
0.450365, 0.176352, 0.597926, 0.214815
0.450600, 0.010486, 0.613483, 0.012973
0.451056, 0.042659, 0.613061, 0.052688
0.451214, 0.594318, -0.551381, -0.349629
0.451709, 0.931233, -0.724749, -0.077289
0.451900, 0.288201, 0.570719, 0.339904
0.452086, 0.770483, -0.688040, -0.246538
0.452094, 0.233587, 0.587393, 0.280397
0.452543, 0.782517, -0.692152, -0.235134
0.452687, 0.449519, 0.478560, 0.474072
0.452755, 0.539491, 0.304312, 0.425261
0.452900, 0.462272, 0.465898, 0.479176
0.452940, 0.080333, 0.613168, 0.098885
0.452965, 0.840933, -0.708515, -0.175897
0.453095, 0.793726, -0.695408, -0.224295
0.453437, 0.615769, -0.581289, -0.352715
0.453593, 0.474924, 0.451821, 0.482040
0.453634, 0.670541, -0.633026, -0.328973
0.453846, 0.739285, -0.673285, -0.275912
0.454019, 0.978460, -0.725093, -0.024363
0.454039, 1.000000, -0.725301, 0.000000
0.454046, 0.436629, 0.490883, 0.466215
0.454068, 0.300243, 0.568582, 0.351612
0.454276, 0.093476, 0.613713, 0.114822
0.454310, 0.702928, -0.653918, -0.306536
0.454353, 0.691008, -0.646596, -0.315516
0.454370, 0.105107, 0.612601, 0.128938
0.454405, 0.561327, -0.482341, -0.331780
0.454427, 0.853941, -0.710085, -0.162400
0.454553, 0.487879, 0.435028, 0.482251
0.454570, 0.266676, 0.580631, 0.316133
0.454782, 0.424964, 0.500986, 0.458771
0.454869, 0.500989, 0.414967, 0.480301
0.454889, 0.394717, 0.522719, 0.437574
0.454900, 0.312111, 0.564787, 0.363315
0.455069, 0.918585, -0.719679, -0.091718
0.455156, 0.807286, -0.697537, -0.211323
0.455261, 0.637154, -0.603788, -0.348075
0.455338, 0.725892, -0.665605, -0.288289
0.455562, 0.954492, -0.722344, -0.051492
0.455749, 0.324326, 0.560601, 0.375064
0.455851, 0.021165, 0.619734, 0.026073
0.456128, 0.117707, 0.613447, 0.144003
0.456175, 0.513599, 0.391198, 0.472488
0.456605, 0.583100, -0.533252, -0.354758
0.456620, 0.223381, 0.595059, 0.267791
0.456724, 0.336818, 0.555953, 0.386615
0.456957, 0.356375, 0.546661, 0.404476
0.456990, 0.130395, 0.612824, 0.159134
0.457242, 0.406974, 0.516147, 0.444983
0.457306, 0.867257, -0.709542, -0.148587
0.457506, 0.526153, 0.355550, 0.452486
0.457689, 0.658633, -0.621337, -0.339245
0.457707, 0.143136, 0.611889, 0.174259
0.457714, 0.000000, 0.622177, 0.000000
0.457806, 0.714049, -0.657297, -0.299515
0.457897, 0.759588, -0.678302, -0.259055
0.458177, 0.156268, 0.610305, 0.189754
0.458323, 0.906061, -0.714412, -0.106037
0.458446, 0.604726, -0.566538, -0.360309
0.458562, 0.244493, 0.591596, 0.290798
0.458626, 0.941298, -0.717950, -0.066578
0.458711, 0.050961, 0.621976, 0.062557
0.458725, 0.879593, -0.710200, -0.135361
0.458839, 0.819603, -0.697145, -0.199679
0.459069, 0.278831, 0.581367, 0.327609
0.459167, 0.209976, 0.601014, 0.251970
0.459227, 0.383120, 0.533474, 0.425839
0.459454, 0.550300, -0.466537, -0.339599
0.459499, 0.892393, -0.711311, -0.121368
0.459735, 0.196961, 0.604571, 0.236961
0.459942, 0.032109, 0.624274, 0.039404
0.460203, 0.368085, 0.543121, 0.412905
0.460483, 0.967869, -0.717519, -0.036595
0.460489, 0.625876, -0.590388, -0.357552
0.460711, 0.062526, 0.623679, 0.076578
0.460721, 0.183503, 0.608503, 0.221231
0.460929, 0.989106, -0.717509, -0.012420
0.461496, 0.832141, -0.697625, -0.187173
0.461856, 0.170302, 0.612321, 0.205657
0.461858, 0.571732, -0.514775, -0.359601
0.462008, 0.681354, -0.634834, -0.327357
0.462224, 0.417058, 0.511971, 0.448025
0.462628, 0.256892, 0.592317, 0.303123
0.462638, 0.073833, 0.625259, 0.090221
0.462694, 0.647268, -0.609133, -0.349690
0.462943, 0.346550, 0.557041, 0.392650
0.463022, 0.772220, -0.678130, -0.248841
0.463431, 0.442782, 0.490033, 0.460794
0.463459, 0.455514, 0.476815, 0.465563
0.463679, 0.748118, -0.668299, -0.272111
0.463806, 0.798376, -0.686168, -0.222919
0.463911, 0.291532, 0.581945, 0.339086
0.463996, 0.593485, -0.550961, -0.368224
0.464056, 0.845265, -0.697817, -0.173720
0.464096, 0.468088, 0.462183, 0.467842
0.464122, 0.538283, -0.170054, -0.067435
0.464138, 0.010614, 0.629954, 0.012993
0.464386, 0.733949, -0.661497, -0.285418
0.464494, 0.086298, 0.626544, 0.105196
0.464534, 0.927151, -0.710217, -0.083060
0.464826, 0.784212, -0.680623, -0.237565
0.464826, 0.480751, 0.444998, 0.467565
0.465118, 0.695114, -0.640857, -0.318845
0.465378, 0.858443, -0.699260, -0.159700
0.465529, 0.493479, 0.424279, 0.463883
0.465594, 0.396103, 0.529774, 0.431463
0.465638, 0.668775, -0.623736, -0.338588
0.465794, 0.041948, 0.630942, 0.051225
0.465852, 0.233460, 0.602695, 0.276672
0.465957, 0.098853, 0.627169, 0.120220
0.466087, 0.303496, 0.579435, 0.350289
0.466239, 0.315068, 0.574752, 0.361591
0.466278, 0.429523, 0.503854, 0.451817
0.466658, 0.505535, 0.400083, 0.455102
0.466696, 0.110691, 0.626685, 0.134341
0.466749, 0.614728, -0.576459, -0.367872
0.466800, 0.327614, 0.569662, 0.373337
0.466850, 0.269462, 0.592748, 0.315177
0.467049, 0.560590, -0.496724, -0.364652
0.467329, 0.959280, -0.709167, -0.046694
0.467330, 0.219494, 0.607893, 0.260770
0.467389, 0.913997, -0.705371, -0.098201
0.467429, 0.707685, -0.645983, -0.309831
0.467482, 0.811042, -0.685925, -0.210884
0.467590, 0.123231, 0.626274, 0.149216
0.467648, 1.000000, -0.710007, 0.000000
0.467687, 0.721217, -0.652491, -0.298311
0.467805, 0.978112, -0.709504, -0.025135
0.468030, 0.376128, 0.544770, 0.414853
0.468099, 0.517350, 0.371018, 0.440426
0.468274, 0.635872, -0.596348, -0.360456
0.468636, 0.160326, 0.621803, 0.192786
0.468645, 0.135862, 0.625790, 0.164056
0.468947, 0.148142, 0.624211, 0.178477
0.469052, 0.021506, 0.635668, 0.026213
0.469147, 0.900050, -0.701748, -0.114131
0.469204, 0.356839, 0.557088, 0.398367
0.469278, 0.581970, -0.534423, -0.375222
0.469559, 0.948807, -0.706079, -0.058810
0.469603, 0.528187, 0.091394, 0.172422
0.469644, 0.205543, 0.613840, 0.244545
0.469713, 0.760314, -0.667375, -0.262831
0.469742, 0.872408, -0.697018, -0.145115
0.469840, 0.937838, -0.704928, -0.071375
0.469859, 0.885962, -0.699034, -0.130030
0.470051, 0.337298, 0.568044, 0.380734
0.470232, 0.407489, 0.524523, 0.435745
0.470299, 0.246994, 0.603561, 0.290163
0.470519, 0.191878, 0.617862, 0.228851
0.470532, 0.657490, -0.612315, -0.349573
0.470985, 0.823680, -0.685535, -0.198431
0.471013, 0.053978, 0.636710, 0.065598
0.471013, 0.282285, 0.592491, 0.327033
0.471153, 0.603893, -0.562985, -0.375689
0.471272, 0.000000, 0.638607, 0.000000
0.471480, 0.548537, -0.450799, -0.342073
0.472094, 0.179106, 0.622295, 0.213914
0.472537, 0.387127, 0.541017, 0.420246
0.472856, 0.065878, 0.638007, 0.079869
0.473308, 0.624593, -0.583572, -0.370363
0.473330, 0.792197, -0.674362, -0.232063
0.473391, 0.836076, -0.685921, -0.185660
0.473686, 0.032343, 0.640797, 0.039256
0.473703, 0.740594, -0.655720, -0.283241
0.474254, 0.438029, 0.499281, 0.447988
0.474256, 0.677102, -0.622892, -0.338137
0.474261, 0.366224, 0.555850, 0.403247
0.474299, 0.687705, -0.629246, -0.329900
0.474303, 0.772452, -0.667101, -0.252459
0.474327, 0.449700, 0.486578, 0.451697
0.474425, 0.988920, -0.702209, -0.012818
0.474488, 0.419372, 0.517194, 0.439193
0.474531, 0.078430, 0.639091, 0.094862
0.474622, 0.259909, 0.604068, 0.302585
0.474708, 0.571209, -0.518537, -0.382129
0.474793, 0.461609, 0.471902, 0.453222
0.475212, 0.848590, -0.686509, -0.172380
0.475305, 0.474047, 0.454056, 0.452275
0.475396, 0.646062, -0.600592, -0.360414
0.475405, 0.967909, -0.700449, -0.037135
0.475676, 0.861255, -0.688430, -0.158487
0.476076, 0.486744, 0.431447, 0.446566
0.476098, 0.091309, 0.639843, 0.110170
0.476202, 0.295600, 0.592736, 0.338473
0.476308, 0.321300, 0.581488, 0.363058
0.476375, 0.167961, 0.629446, 0.200290
0.476568, 0.591761, -0.547308, -0.384605
0.476595, 0.803802, -0.674399, -0.220916
0.476706, 0.728882, -0.647908, -0.295458
0.476707, 0.700654, -0.634378, -0.320575
0.476924, 0.346084, 0.569655, 0.384984
0.477119, 0.226172, 0.616756, 0.265593
0.477340, 0.920430, -0.694885, -0.091914
0.477341, 0.537123, -0.449059, -0.364681
0.477445, 0.498942, 0.401126, 0.431537
0.477715, 0.750892, -0.656038, -0.274950
0.477761, 0.010924, 0.646356, 0.013221
0.478028, 0.308211, 0.589028, 0.349941
0.478082, 0.103716, 0.641021, 0.124767
0.478168, 0.238702, 0.614406, 0.278907
0.478202, 0.931373, -0.694912, -0.079460
0.478317, 0.714754, -0.640119, -0.309055
0.478379, 0.116204, 0.639760, 0.139518
0.478393, 0.398355, 0.536835, 0.423631
0.478522, 0.214006, 0.621623, 0.251866
0.478578, 0.044521, 0.646096, 0.053784
0.478641, 0.511424, 0.356452, 0.402380
0.478808, 0.272513, 0.604059, 0.314255
0.478880, 0.907477, -0.691837, -0.106891
0.478979, 0.128829, 0.638761, 0.154312
0.479011, 0.559365, -0.497733, -0.384059
0.479150, 0.666752, -0.612600, -0.348952
0.479271, 0.782616, -0.665502, -0.243732
0.479848, 0.893905, -0.689033, -0.122464
0.479953, 0.200047, 0.626534, 0.235971
0.480029, 0.154788, 0.635960, 0.184419
0.480075, 0.815922, -0.673943, -0.208940
0.480203, 0.142236, 0.638226, 0.169817
0.480416, 0.955948, -0.694109, -0.051213
0.480491, 0.377399, 0.553487, 0.407827
0.480583, 0.880462, -0.686329, -0.137799
0.480606, 0.613644, -0.569860, -0.382142
0.480662, 0.429119, 0.511063, 0.438111
0.480796, 0.523995, -0.245462, -0.185596
0.481031, 0.333051, 0.580157, 0.371455
0.481133, 1.000000, -0.694645, 0.000000
0.481396, 0.634929, -0.588172, -0.371860
0.481678, 0.978121, -0.693659, -0.025490
0.482375, 0.285277, 0.602758, 0.325797
0.482378, 0.022242, 0.651607, 0.026810
0.482393, 0.187684, 0.632083, 0.221541
0.482531, 0.355554, 0.568987, 0.389736
0.482585, 0.762092, -0.655358, -0.265641
0.482668, 0.581550, -0.533501, -0.393741
0.482700, 0.251274, 0.615355, 0.290907
0.482766, 0.601585, -0.556793, -0.389052
0.482780, 0.943062, -0.690563, -0.066291
0.482934, 0.409935, 0.530003, 0.426731
0.483274, 0.057424, 0.651121, 0.069050
0.483470, 0.828398, -0.673332, -0.196236
0.483498, 0.868525, -0.681009, -0.151698
0.483536, 0.655452, -0.601905, -0.359983
0.483592, 0.547996, -0.479810, -0.388670
0.484186, 0.069708, 0.651103, 0.083665
0.484741, 0.000000, 0.654783, 0.000000
0.485126, 0.176015, 0.637713, 0.207793
0.485341, 0.690952, -0.621908, -0.333249
0.485394, 0.794612, -0.662553, -0.232999
0.485407, 0.840776, -0.673872, -0.183041
0.485509, 0.441954, 0.498415, 0.436732
0.485642, 0.624566, -0.577108, -0.381188
0.485644, 0.388641, 0.549017, 0.411923
0.485653, 0.453713, 0.483598, 0.438351
0.485790, 0.466435, 0.464588, 0.437159
0.485809, 0.083289, 0.651917, 0.099708
0.485892, 0.854268, -0.675893, -0.168117
0.485925, 0.739463, -0.643568, -0.289203
0.486056, 0.034656, 0.655355, 0.041616
0.486341, 0.479318, 0.440083, 0.430136
0.486516, 0.678463, -0.613957, -0.344287
0.486525, 0.319941, 0.591528, 0.356980
0.486657, 0.366694, 0.565256, 0.395897
0.486794, 0.725312, -0.637046, -0.303115
0.486937, 0.569391, -0.516452, -0.399784
0.487010, 0.704830, -0.627475, -0.322024
0.487105, 0.263338, 0.615797, 0.301946
0.487656, 0.773048, -0.653852, -0.256171
0.487794, 0.989774, -0.686818, -0.011999
0.487800, 0.230691, 0.626956, 0.267506
0.488186, 0.491118, 0.400124, 0.404273
0.488195, 0.095534, 0.653612, 0.113981
0.488336, 0.643805, -0.590381, -0.371342
0.488447, 0.420379, 0.522972, 0.426657
0.488558, 0.163054, 0.644164, 0.192388
0.488659, 0.297980, 0.603639, 0.335604
0.488741, 0.208221, 0.634142, 0.242894
0.488861, 0.807059, -0.662337, -0.220647
0.488862, 0.535655, -0.451189, -0.384995
0.488886, 0.966407, -0.685157, -0.039418
0.488960, 0.915425, -0.681314, -0.098835
0.489074, 0.929075, -0.682299, -0.083005
0.489118, 0.503163, 0.319728, 0.339329
0.489417, 0.343293, 0.581753, 0.375747
0.489450, 0.109316, 0.653547, 0.130062
0.489479, 0.134833, 0.649889, 0.159778
0.489824, 0.308946, 0.599829, 0.345386
0.489997, 0.901713, -0.678567, -0.114784
0.489999, 0.121710, 0.652530, 0.144472
0.490323, 0.592317, -0.544292, -0.400155
0.490477, 0.219656, 0.633110, 0.254915
0.490495, 0.048096, 0.660008, 0.057490
0.490533, 0.751316, -0.643655, -0.279219
0.490566, 0.514683, -0.264146, -0.230589
0.490767, 0.243211, 0.626287, 0.279874
0.490918, 0.275460, 0.615111, 0.312773
0.490937, 0.888357, -0.675804, -0.130264
0.490954, 0.400078, 0.542984, 0.414505
0.491286, 0.666364, -0.603060, -0.356705
0.491369, 0.012179, 0.662167, 0.014566
0.491456, 0.149346, 0.649779, 0.176183
0.491517, 0.714743, -0.627907, -0.315021
0.491553, 0.558017, -0.500224, -0.406152
0.492149, 0.196554, 0.640849, 0.229228
0.492275, 0.819855, -0.661784, -0.207559
0.492313, 0.784566, -0.652572, -0.245554
0.492328, 0.953511, -0.680345, -0.054694
0.492471, 0.606744, -0.557809, -0.396484
0.492586, 0.329795, 0.591861, 0.362628
0.492689, 0.378423, 0.561388, 0.400027
0.492753, 0.432778, 0.511110, 0.426217
0.492931, 0.875581, -0.671617, -0.145168
0.493025, 0.525755, -0.421471, -0.375248
0.493680, 0.287755, 0.612782, 0.323676
0.494200, 0.979645, -0.679235, -0.024022
0.494325, 0.074626, 0.662593, 0.088717
0.494392, 0.861802, -0.667773, -0.161098
0.494395, 0.355427, 0.578415, 0.382426
0.494592, 0.618416, -0.566870, -0.392078
0.494641, 0.579175, -0.528160, -0.408573
0.494808, 0.024825, 0.666108, 0.029597
0.495068, 0.184645, 0.646918, 0.215367
0.495079, 1.000000, -0.678338, 0.000000
0.495135, 0.545358, -0.478849, -0.407714
0.495223, 0.941603, -0.676439, -0.068853
0.495487, 0.061859, 0.665089, 0.073550
0.495529, 0.698023, -0.616484, -0.332162
0.495552, 0.762951, -0.642545, -0.269090
0.495676, 0.632011, -0.576863, -0.384558
0.495743, 0.847133, -0.663669, -0.177938
0.495796, 0.654576, -0.592231, -0.368587
0.495827, 0.833053, -0.660952, -0.193753
0.495842, 0.732487, -0.631205, -0.299833
0.495846, 0.255196, 0.627586, 0.290598
0.495950, 0.458558, 0.476231, 0.423274
0.496280, 0.472253, 0.449476, 0.415444
0.496345, 0.410604, 0.536015, 0.414765
0.496764, 0.172509, 0.651370, 0.201449
0.497121, 0.686018, -0.609123, -0.343573
0.497128, 0.445662, 0.494903, 0.422027
0.497239, 0.796818, -0.650660, -0.233813
0.497473, 0.037840, 0.668592, 0.044967
0.497623, 0.000000, 0.669228, 0.000000
0.498249, 0.101210, 0.664554, 0.119542
0.498278, 0.367460, 0.573177, 0.388661
0.498318, 0.086514, 0.666125, 0.102337
0.498371, 0.390247, 0.555595, 0.402857
0.498519, 0.233688, 0.637483, 0.267519
0.498776, 0.317800, 0.603580, 0.349005
0.498852, 0.483702, 0.398308, 0.376918
0.499183, 0.140325, 0.660090, 0.164562
0.499805, 0.496440, 0.179278, 0.174632
0.499839, 0.568415, -0.514165, -0.417121
0.499842, 0.742799, -0.631154, -0.291071
0.499871, 0.267235, 0.627169, 0.301232
0.499923, 0.207920, 0.646361, 0.239691
0.499933, 0.674645, -0.600709, -0.354807
0.499939, 0.642728, -0.581378, -0.380066
0.499996, 0.158717, 0.657609, 0.185288
0.500128, 0.920132, -0.668861, -0.094400
0.500417, 0.774807, -0.641180, -0.258211
0.500497, 0.907930, -0.667259, -0.108725
0.500557, 0.422595, 0.524933, 0.414648
0.500630, 0.809057, -0.650156, -0.221336
0.500663, 0.127568, 0.663815, 0.149732
0.500673, 0.970961, -0.671312, -0.034457
0.500688, 0.721965, -0.622271, -0.312010
0.500773, 0.931601, -0.668907, -0.080976
0.500946, 0.336747, 0.594952, 0.363789
0.501140, 0.304859, 0.612126, 0.336346
0.501502, 0.508256, -0.389514, -0.380036
0.501575, 0.114715, 0.666608, 0.134798
0.501597, 0.895228, -0.664502, -0.123662
0.501646, 0.222268, 0.644047, 0.254545
0.501687, 0.599484, -0.546450, -0.408214
0.501696, 0.587491, -0.534861, -0.413543
0.501822, 0.708206, -0.615362, -0.325659
0.501858, 0.051186, 0.673100, 0.060531
0.501870, 0.989802, -0.670326, -0.012125
0.502555, 0.960297, -0.668774, -0.047178
0.502707, 0.533283, -0.459892, -0.416581
0.502815, 0.346894, 0.590253, 0.370620
0.502816, 0.882756, -0.661424, -0.138303
0.502887, 0.280439, 0.624747, 0.312868
0.503081, 0.555985, -0.497483, -0.422564
0.503107, 0.294203, 0.618986, 0.325717
0.503205, 0.519997, -0.428292, -0.404538
0.503354, 0.246069, 0.638363, 0.278737
0.503794, 0.194381, 0.654088, 0.224022
0.503842, 0.869453, -0.658360, -0.153836
0.503854, 0.821036, -0.649339, -0.208804
0.503898, 0.008336, 0.676754, 0.009860
0.504049, 0.753928, -0.630801, -0.281161
0.504239, 0.400703, 0.549214, 0.402920
0.504378, 0.662995, -0.590452, -0.366985
0.504471, 0.380067, 0.567625, 0.392058
0.504488, 0.434046, 0.511688, 0.412023
0.504721, 0.073235, 0.675001, 0.086230
0.504722, 0.611890, -0.555492, -0.404107
0.504892, 0.786867, -0.639877, -0.246581
0.504926, 0.855750, -0.654948, -0.169765
0.505263, 0.018424, 0.678422, 0.021746
0.505482, 0.466319, 0.457859, 0.402435
0.505763, 0.949140, -0.664403, -0.060580
0.505947, 0.624911, -0.564689, -0.396686
0.506171, 0.544165, -0.480319, -0.426509
0.506209, 0.326190, 0.605398, 0.352202
0.506361, 0.149441, 0.666618, 0.173668
0.506446, 0.842462, -0.650857, -0.185210
0.506880, 0.695703, -0.605030, -0.339562
0.506924, 0.167865, 0.663484, 0.194150
0.507194, 0.181392, 0.660788, 0.209016
0.507308, 0.358206, 0.585990, 0.375867
0.507456, 0.454318, 0.475916, 0.400690
0.507474, 0.029869, 0.680625, 0.035173
0.507576, 0.093199, 0.676122, 0.109177
0.508096, 0.831577, -0.646801, -0.197850
0.508517, 0.413499, 0.537538, 0.403213
0.508519, 0.650799, -0.579909, -0.379298
0.508633, 0.765499, -0.629725, -0.270495
0.508706, 0.732029, -0.618295, -0.305132
0.508766, 0.061865, 0.680396, 0.072619
0.508769, 0.258644, 0.639151, 0.289410
0.508902, 0.980252, -0.661805, -0.023620
0.508908, 0.577489, -0.521871, -0.424818
0.509101, 1.000000, -0.661908, 0.000000
0.509194, 0.041257, 0.681998, 0.048470
0.509316, 0.799185, -0.638219, -0.234270
0.509529, 0.683708, -0.596963, -0.351778
0.509567, 0.233953, 0.648761, 0.264304
0.509664, 0.489475, 0.063587, 0.035669
0.509722, 0.214390, 0.654906, 0.243885
0.509727, 0.443765, 0.497158, 0.403805
0.509754, 0.369567, 0.579170, 0.381550
0.509911, 0.637130, -0.570324, -0.390718
0.509919, 0.476495, 0.440773, 0.393578
0.509940, 0.104385, 0.677392, 0.121801
0.510009, 0.938672, -0.658632, -0.073268
0.510311, 0.312856, 0.616118, 0.338791
0.510590, 0.136886, 0.673571, 0.158778
0.510735, 0.717260, -0.610673, -0.320608
0.511097, 0.272679, 0.635857, 0.302111
0.511561, 0.564286, -0.506507, -0.431848
0.511844, 0.390125, 0.562959, 0.391216
0.511880, 0.914340, -0.654614, -0.102308
0.511987, 0.082775, 0.682242, 0.096669
0.512252, 0.124768, 0.677351, 0.144795
0.512274, 0.926347, -0.655089, -0.088093
0.512275, 0.501710, -0.402575, -0.417463
0.512282, 0.901976, -0.652924, -0.116966
0.512386, 0.591066, -0.533408, -0.422139
0.512424, 0.202993, 0.660962, 0.231069
0.512644, 0.744061, -0.618654, -0.294225
0.512706, 0.000000, 0.687398, 0.000000
0.512816, 0.811407, -0.637296, -0.221527
0.512970, 0.672209, -0.588094, -0.363726
0.513157, 0.777369, -0.628376, -0.259089
0.513172, 0.287303, 0.631424, 0.314826
0.513329, 0.968898, -0.656375, -0.037334
0.513413, 0.425085, 0.524226, 0.399301
0.513502, 0.526242, -0.451591, -0.433541
0.513518, 0.337123, 0.604684, 0.356520
0.513696, 0.889325, -0.649725, -0.132019
0.513872, 0.513529, -0.427145, -0.427634
0.513930, 0.876776, -0.647860, -0.146773
0.513963, 0.603080, -0.542715, -0.416693
0.514525, 0.300703, 0.626129, 0.326184
0.514543, 0.863374, -0.645230, -0.162500
0.514613, 0.705318, -0.601976, -0.333809
0.514741, 0.245323, 0.649964, 0.274042
0.514756, 0.114587, 0.681563, 0.132844
0.514976, 0.349376, 0.597565, 0.364562
0.515031, 0.157954, 0.674496, 0.181524
0.515071, 0.050601, 0.688421, 0.059070
0.515355, 0.551588, -0.490501, -0.439187
0.515491, 0.404053, 0.550352, 0.392992
0.515637, 0.224231, 0.658067, 0.252373
0.516015, 0.849476, -0.641302, -0.178851
0.516022, 0.538480, -0.472708, -0.440889
0.516098, 0.957308, -0.652642, -0.051347
0.516108, 0.615560, -0.550909, -0.410345
0.516246, 0.191849, 0.667960, 0.218166
0.516327, 0.463011, 0.429445, 0.354203
0.516349, 0.989773, -0.653270, -0.012315
0.516918, 0.660439, -0.578445, -0.376029
0.516950, 0.756019, -0.618053, -0.283073
0.516955, 0.010660, 0.692153, 0.012439
0.516999, 0.171244, 0.673729, 0.195711
0.517022, 0.823343, -0.635083, -0.208956
0.517147, 0.377973, 0.576548, 0.380284
0.517255, 0.323741, 0.615724, 0.343923
0.517438, 0.789336, -0.626934, -0.247138
0.517596, 0.072030, 0.689871, 0.083741
0.517851, 0.023512, 0.692823, 0.027409
0.518191, 0.436104, 0.507418, 0.391310
0.518469, 0.627039, -0.557197, -0.403791
0.518814, 0.692827, -0.592605, -0.347592
0.518869, 0.725302, -0.605595, -0.315617
0.518941, 0.145713, 0.681270, 0.167200
0.519416, 0.836533, -0.634986, -0.194352
0.519567, 0.363585, 0.590028, 0.370327
0.519768, 0.093936, 0.690064, 0.108675
0.519837, 0.946040, -0.647605, -0.065067
0.519915, 0.648124, -0.569089, -0.388091
0.519942, 0.181801, 0.674401, 0.206466
0.520063, 0.254996, 0.651584, 0.281573
0.520097, 0.036372, 0.694940, 0.042279
0.520180, 0.483631, -0.187105, -0.237776
0.520222, 0.450054, 0.482701, 0.383443
0.520413, 0.571443, -0.511025, -0.438773
0.520502, 0.266774, 0.647196, 0.292605
0.520971, 0.583354, -0.521991, -0.433699
0.521409, 0.415381, 0.538080, 0.388275
0.521442, 0.768009, -0.616824, -0.271528
0.521600, 0.801311, -0.625207, -0.234806
0.521632, 0.211970, 0.668028, 0.237889
0.521910, 0.060875, 0.695575, 0.070518
0.521990, 0.494621, -0.373741, -0.412355
0.522080, 0.735874, -0.606085, -0.305885
0.522125, 0.279489, 0.643090, 0.303665
0.522269, 0.395549, 0.561783, 0.382984
0.522288, 0.132354, 0.687308, 0.151733
0.522293, 0.235263, 0.661155, 0.261380
0.522297, 0.681104, -0.583971, -0.360167
0.522386, 0.312599, 0.626362, 0.332042
0.522387, 0.637871, -0.560979, -0.397881
0.522480, 0.105120, 0.691449, 0.121058
0.522597, 0.978505, -0.645691, -0.026022
0.522690, 0.472987, 0.238987, 0.170075
0.522698, 0.934255, -0.643489, -0.079415
0.523087, 1.000000, -0.645314, 0.000000
0.523438, 0.909159, -0.640548, -0.109562
0.523587, 0.714287, -0.596709, -0.328499
0.523593, 0.921563, -0.641461, -0.094723
0.523650, 0.558870, -0.496795, -0.446918
0.523934, 0.896540, -0.638680, -0.124667
0.524492, 0.595470, -0.530178, -0.429771
0.524747, 0.871615, -0.634611, -0.154316
0.524904, 0.531215, -0.462161, -0.453218
0.524937, 0.507074, -0.421430, -0.446727
0.525021, 0.519136, -0.443398, -0.451740
0.525065, 0.858216, -0.632268, -0.170127
0.525077, 0.083132, 0.697178, 0.095771
0.525107, 0.813105, -0.623956, -0.222266
0.525144, 0.291894, 0.639802, 0.313206
0.525352, 0.353899, 0.601089, 0.359915
0.525399, 0.331623, 0.617024, 0.344884
0.525518, 0.384868, 0.574145, 0.375828
0.525550, 0.200324, 0.675412, 0.224652
0.525572, 0.883481, -0.635167, -0.140374
0.525659, 0.119483, 0.693184, 0.136812
0.525719, 0.966648, -0.641710, -0.040465
0.525767, 0.669257, -0.575132, -0.372719
0.525788, 0.747375, -0.605957, -0.294973
0.525897, 0.780005, -0.615244, -0.259589
0.525948, 0.342045, 0.610326, 0.351795
0.526030, 0.607438, -0.538185, -0.423037
0.526218, 0.048265, 0.701244, 0.055716
0.526448, 0.164517, 0.685442, 0.186309
0.526586, 0.426138, 0.522531, 0.380561
0.526688, 0.545516, -0.480874, -0.454197
0.526850, 0.000000, 0.703315, 0.000000
0.527080, 0.701929, -0.588463, -0.342212
0.527334, 0.302411, 0.636126, 0.320978
0.527538, 0.014356, 0.704064, 0.016580
0.527606, 0.222894, 0.670587, 0.247188
0.527683, 0.460789, 0.451550, 0.357377
0.528193, 0.846470, -0.626696, -0.184361
0.528321, 0.372218, 0.587445, 0.367615
0.528413, 0.245993, 0.663064, 0.269723
0.528527, 0.154071, 0.690021, 0.174542
0.528615, 0.619543, -0.544600, -0.416051
0.528716, 0.825309, -0.622288, -0.208998
0.528790, 0.406157, 0.550983, 0.377872
0.528845, 0.439205, 0.495367, 0.368719
0.529101, 0.656591, -0.565815, -0.385765
0.529486, 0.953865, -0.636621, -0.056117
0.529957, 0.759126, -0.605067, -0.283578
0.529995, 0.988450, -0.637092, -0.014068
0.530088, 0.071465, 0.704098, 0.081993
0.530135, 0.188756, 0.683383, 0.211297
0.530139, 0.026343, 0.706693, 0.030316
0.530160, 0.791923, -0.613513, -0.247350
0.530209, 0.175617, 0.686921, 0.197367
0.530839, 0.141916, 0.694928, 0.160793
0.530952, 0.259816, 0.659965, 0.281796
0.531031, 0.321973, 0.627493, 0.334229
0.531386, 0.725169, -0.592713, -0.320167
0.531514, 0.690541, -0.579355, -0.355197
0.531893, 0.577312, -0.510848, -0.446553
0.531902, 0.631341, -0.549370, -0.408827
0.531953, 0.484147, -0.384501, -0.452050
0.532010, 0.835423, -0.620318, -0.197880
0.532268, 0.107877, 0.702032, 0.122845
0.532275, 0.272704, 0.655386, 0.292931
0.532503, 0.037251, 0.708929, 0.042741
0.532530, 0.566741, -0.500978, -0.452534
0.532594, 0.094646, 0.704371, 0.107974
0.532602, 0.449311, 0.438001, 0.320715
0.532744, 0.497693, -0.405632, -0.455289
0.533202, 0.942413, -0.631536, -0.070219
0.533467, 0.644457, -0.555487, -0.398685
0.533580, 0.361055, 0.600094, 0.357371
0.533622, 0.211675, 0.680334, 0.233941
0.533908, 0.059187, 0.709236, 0.067698
0.534045, 0.232850, 0.673498, 0.254866
0.534095, 0.587743, -0.518048, -0.442117
0.534130, 0.129272, 0.700821, 0.146312
0.534215, 0.804150, -0.611671, -0.234389
0.534271, 0.737495, -0.593942, -0.308187
0.534313, 0.471240, -0.236609, -0.324048
0.534318, 0.394418, 0.566520, 0.369238
0.534330, 0.929520, -0.629408, -0.085948
0.534369, 0.770936, -0.603539, -0.271822
0.534486, 0.284876, 0.651325, 0.302549
0.534556, 0.865884, -0.622228, -0.162440
0.534600, 0.536381, -0.468041, -0.465518
0.534778, 0.903852, -0.626589, -0.117021
0.534807, 0.916570, -0.627746, -0.101669
0.534851, 0.679010, -0.571151, -0.367773
0.534946, 0.711347, -0.584169, -0.335721
0.535090, 0.416835, 0.536270, 0.369356
0.535108, 0.890874, -0.624862, -0.132669
0.535294, 0.554609, -0.487953, -0.460592
0.535969, 0.310849, 0.638212, 0.322791
0.536082, 0.975995, -0.629673, -0.029388
0.536321, 1.000000, -0.629660, 0.000000
0.536325, 0.524191, -0.452078, -0.469277
0.536445, 0.347574, 0.612936, 0.347574
0.536717, 0.009056, 0.714596, 0.010359
0.536779, 0.512182, -0.434813, -0.469672
0.536866, 0.599471, -0.524903, -0.436309
0.536956, 0.962832, -0.628001, -0.045503
0.537174, 0.382005, 0.581452, 0.362927
0.537229, 0.816615, -0.610885, -0.220700
0.537478, 0.431397, 0.509574, 0.359778
0.537498, 0.082399, 0.711194, 0.093634
0.537683, 0.666632, -0.562932, -0.380807
0.537776, 0.877311, -0.620087, -0.149243
0.537814, 0.334319, 0.623911, 0.338284
0.537832, 0.200724, 0.687876, 0.221537
0.537846, 0.854655, -0.616722, -0.176237
0.538226, 0.610869, -0.531627, -0.428839
0.538430, 0.749930, -0.593226, -0.296032
0.538544, 0.047067, 0.715166, 0.053608
0.538706, 0.117251, 0.707845, 0.132317
0.538848, 0.782510, -0.601523, -0.260009
0.538892, 0.297952, 0.648125, 0.311007
0.538918, 0.164900, 0.698807, 0.183923
0.539510, 0.457980, 0.204218, 0.091496
0.539860, 0.252654, 0.671129, 0.271445
0.540213, 0.242015, 0.675856, 0.261383
0.540304, 0.152097, 0.703046, 0.169945
0.540324, 0.700105, -0.574447, -0.349176
0.540578, 0.178323, 0.697116, 0.197653
0.540606, 0.221930, 0.683818, 0.241876
0.540816, 0.020521, 0.719008, 0.023341
0.540933, 0.404761, 0.553543, 0.361463
0.541082, 0.370349, 0.594995, 0.354767
0.541183, 0.622708, -0.536621, -0.421302
0.541230, 0.842577, -0.610900, -0.191053
0.541309, 0.545053, -0.475937, -0.470632
0.541440, 0.655048, -0.553841, -0.393308
0.541752, 0.190232, 0.694988, 0.209676
0.541937, 0.000000, 0.720656, 0.000000
0.542152, 0.069989, 0.717688, 0.079228
0.542248, 0.265527, 0.667652, 0.282027
0.542359, 0.719438, -0.579261, -0.329881
0.542429, 0.139326, 0.707870, 0.155767
0.542606, 0.828843, -0.606885, -0.207440
0.542609, 0.443068, 0.499184, 0.359008
0.542647, 0.794644, -0.600123, -0.247113
0.542652, 0.988443, -0.621918, -0.014230
0.542765, 0.502675, -0.420577, -0.477363
0.542826, 0.103600, 0.714424, 0.116626
0.542829, 0.762002, -0.591814, -0.283971
0.542859, 0.490326, -0.399536, -0.473909
0.542931, 0.321705, 0.636284, 0.326261
0.543444, 0.565216, -0.494012, -0.463187
0.543557, 0.032694, 0.721719, 0.037050
0.543585, 0.951090, -0.619595, -0.060171
0.543615, 0.634952, -0.541542, -0.412359
0.543759, 0.576938, -0.503510, -0.456551
0.544125, 0.478580, -0.361983, -0.454501
0.544198, 0.688879, -0.566136, -0.361984
0.544524, 0.730137, -0.580519, -0.319229
0.544807, 0.422975, 0.520440, 0.348573
0.544821, 0.937479, -0.617426, -0.076936
0.544840, 0.357297, 0.609169, 0.345639
0.545268, 0.276492, 0.664894, 0.289978
0.545619, 0.924150, -0.615458, -0.093302
0.545717, 0.392096, 0.571362, 0.354963
0.545770, 0.288517, 0.658784, 0.299659
0.545774, 0.589824, -0.511765, -0.449393
0.545780, 0.092029, 0.719182, 0.103436
0.545824, 0.898290, -0.612821, -0.124833
0.545868, 0.885474, -0.611356, -0.140363
0.545937, 0.911096, -0.613948, -0.109264
0.545968, 0.866145, -0.608740, -0.163668
0.545974, 0.057742, 0.722825, 0.065153
0.546004, 0.466752, -0.326940, -0.438617
0.546309, 0.126530, 0.714464, 0.141205
0.546392, 0.210387, 0.693412, 0.228571
0.546431, 0.532804, -0.460900, -0.480206
0.546547, 0.675768, -0.558521, -0.375971
0.546590, 0.806799, -0.598142, -0.233913
0.546677, 0.644800, -0.543924, -0.405209
0.546746, 0.741286, -0.581696, -0.307897
0.546986, 0.965224, -0.615856, -0.042911
0.547380, 0.344465, 0.621773, 0.337026
0.547425, 0.308248, 0.648399, 0.313831
0.547526, 0.232528, 0.686582, 0.249595
0.547631, 0.773275, -0.589403, -0.272564
0.548013, 0.520917, -0.446458, -0.484854
0.548585, 0.709194, -0.569258, -0.342789
0.548670, 0.554838, -0.482081, -0.473345
0.548740, 0.977741, -0.614463, -0.027526
0.549060, 0.044618, 0.726983, 0.050222
0.549070, 0.412693, 0.538925, 0.346659
0.549083, 0.818010, -0.597421, -0.221317
0.549240, 0.602372, -0.517671, -0.442454
0.549299, 0.852390, -0.603029, -0.180645
0.549391, 0.380035, 0.587093, 0.348796
0.549537, 1.000000, -0.613690, 0.000000
0.549549, 0.452661, -0.097444, -0.231261
0.549958, 0.010384, 0.729609, 0.011690
0.550145, 0.614070, -0.524161, -0.433682
0.550172, 0.080187, 0.725440, 0.089802
0.550200, 0.332565, 0.633080, 0.328051
0.550403, 0.256737, 0.678842, 0.270568
0.550424, 0.663765, -0.549454, -0.389260
0.550491, 0.113337, 0.721235, 0.126176
0.550646, 0.433546, 0.471315, 0.306620
0.550686, 0.172378, 0.709076, 0.188877
0.550747, 0.160166, 0.712189, 0.176168
0.551162, 0.510191, -0.432589, -0.490608
0.551176, 0.199047, 0.701704, 0.215839
0.551305, 0.753691, -0.580153, -0.295487
0.551350, 0.785860, -0.588200, -0.259110
0.551852, 0.838110, -0.597783, -0.198071
0.552006, 0.185318, 0.706923, 0.201771
0.552050, 0.244356, 0.685908, 0.258772
0.552297, 0.147918, 0.716547, 0.162937
0.552595, 0.367455, 0.602235, 0.342055
0.552927, 0.876346, -0.601989, -0.152267
0.552938, 0.627661, -0.529437, -0.423720
0.553167, 0.221832, 0.695893, 0.237346
0.553331, 0.021707, 0.732977, 0.024328
0.553490, 0.542768, -0.468438, -0.483623
0.553553, 0.296487, 0.660311, 0.301460
0.553641, 0.401360, 0.557711, 0.343221
0.553825, 0.497487, -0.414619, -0.494382
0.553992, 0.698805, -0.559982, -0.355566
0.554140, 0.135704, 0.721000, 0.149611
0.554405, 0.320523, 0.644799, 0.317529
0.554567, 0.485508, -0.393824, -0.491541
0.554576, 0.068189, 0.731504, 0.076071
0.554646, 0.720873, -0.566723, -0.332392
0.554808, 0.567356, -0.488996, -0.471224
0.554819, 0.580851, -0.499023, -0.462154
0.555012, 0.684805, -0.553732, -0.370352
0.555050, 0.798795, -0.586821, -0.244971
0.555193, 0.652398, -0.539681, -0.402246
0.555350, 0.101648, 0.728349, 0.112724
0.555433, 0.267865, 0.677857, 0.277779
0.555590, 0.943224, -0.604765, -0.070472
0.555936, 0.955485, -0.604919, -0.055299
0.555943, 0.000000, 0.736427, 0.000000
0.555965, 0.032981, 0.735401, 0.036833
0.556028, 0.990030, -0.605505, -0.012406
0.556251, 0.890637, -0.599412, -0.135203
0.556278, 0.826213, -0.590448, -0.212911
0.556363, 0.282368, 0.670817, 0.288938
0.556422, 0.930405, -0.602888, -0.086364
0.556426, 0.354878, 0.616618, 0.333771
0.556605, 0.473561, -0.371780, -0.489155
0.556681, 0.862046, -0.595558, -0.170044
0.556704, 0.763718, -0.576796, -0.285620
0.556755, 0.461972, -0.321519, -0.454953
0.556759, 0.443194, 0.105984, -0.050576
0.556783, 0.904117, -0.600264, -0.118763
0.556858, 0.917385, -0.601328, -0.102451
0.557327, 0.732290, -0.567347, -0.320795
0.557352, 0.422644, 0.498275, 0.308902
0.557526, 0.056368, 0.735624, 0.062737
0.557667, 0.593384, -0.505383, -0.454793
0.557933, 0.389587, 0.575339, 0.338465
0.557964, 0.744753, -0.570360, -0.307262
0.557966, 0.122639, 0.727561, 0.134961
0.558040, 0.639258, -0.530815, -0.415905
0.558395, 0.530100, -0.453742, -0.493836
0.558575, 0.212111, 0.704590, 0.226148
0.558583, 0.968075, -0.601863, -0.039745
0.558692, 0.089893, 0.733482, 0.099471
0.559107, 0.672872, -0.544798, -0.383974
0.559114, 0.309509, 0.655771, 0.307107
0.559117, 0.343027, 0.629100, 0.326257
0.559731, 0.811994, -0.583889, -0.230378
0.559776, 0.776312, -0.576420, -0.271995
0.559828, 0.847699, -0.589813, -0.187808
0.559895, 0.232338, 0.698050, 0.244564
0.559979, 0.555118, -0.475964, -0.482848
0.560080, 0.044645, 0.739139, 0.049579
0.560469, 0.617833, -0.517521, -0.436324
0.560831, 0.517883, -0.440048, -0.500869
0.561007, 0.254356, 0.689265, 0.263586
0.561037, 0.980246, -0.599255, -0.024649
0.561113, 0.710967, -0.556661, -0.345143
0.561208, 0.377380, 0.592390, 0.334057
0.561801, 0.411232, 0.535968, 0.324178
0.561992, 0.606040, -0.509645, -0.447256
0.562145, 0.167110, 0.722116, 0.180517
0.562413, 0.191308, 0.715316, 0.204689
0.562493, 0.179063, 0.719165, 0.192489
0.562572, 0.331299, 0.641156, 0.317492
0.562754, 0.202377, 0.711970, 0.215358
0.562802, 0.077456, 0.739471, 0.085416
0.562919, 0.155189, 0.725903, 0.168118
0.563127, 0.505227, -0.424629, -0.506596
0.563311, 0.012011, 0.744156, 0.013304
0.563374, 0.789081, -0.575119, -0.258000
0.563415, 0.453172, -0.315676, -0.470881
0.563485, 0.692686, -0.547832, -0.365299
0.563512, 0.661393, -0.535626, -0.397192
0.563658, 1.000000, -0.596157, 0.000000
0.563851, 0.111771, 0.735811, 0.122344
0.563935, 0.242135, 0.697497, 0.251654
0.563957, 0.432663, 0.258403, 0.077145
0.564028, 0.871196, -0.587961, -0.159850
0.564246, 0.365235, 0.607997, 0.328705
0.564420, 0.835652, -0.582438, -0.202983
0.564513, 0.543322, -0.463450, -0.493462
0.564598, 0.143342, 0.730359, 0.155475
0.564606, 0.299456, 0.666412, 0.296632
0.564759, 0.573890, -0.487024, -0.474091
0.564935, 0.273647, 0.682457, 0.277505
0.565190, 0.883342, -0.588021, -0.145112
0.565241, 0.492216, -0.407245, -0.510588
0.565514, 0.131655, 0.733693, 0.143088
0.565675, 0.628789, -0.518606, -0.429261
0.565966, 0.753431, -0.563701, -0.299621
0.566032, 0.024361, 0.746816, 0.026886
0.566072, 0.399644, 0.556532, 0.322454
0.566146, 0.479757, -0.388819, -0.510994
0.566379, 0.288227, 0.674913, 0.287672
0.566708, 0.222890, 0.708189, 0.233210
0.566848, 0.801192, -0.573629, -0.244516
0.566921, 0.320005, 0.652843, 0.307894
0.567029, 0.649028, -0.526897, -0.410829
0.567086, 0.896896, -0.587042, -0.128599
0.567131, 0.723805, -0.554262, -0.333103
0.567210, 0.856997, -0.582273, -0.177572
0.567362, 0.064944, 0.745414, 0.071316
0.567445, 0.584716, -0.492249, -0.467784
0.567480, 0.948031, -0.590374, -0.065083
0.567664, 0.739354, -0.558026, -0.315933
0.567684, 0.935831, -0.589492, -0.080322
0.567691, 0.910275, -0.587591, -0.112103
0.567816, 0.822881, -0.576462, -0.218895
0.567916, 0.100486, 0.741977, 0.109644
0.567918, 0.681630, -0.539220, -0.378439
0.568023, 0.923324, -0.588187, -0.095915
0.568290, 0.466103, -0.364535, -0.508891
0.568349, 0.563414, -0.476985, -0.483974
0.568378, 0.766778, -0.564359, -0.284977
0.568419, 0.037085, 0.748836, 0.040772
0.568476, 0.261620, 0.691863, 0.266010
0.568483, 0.960402, -0.589581, -0.049650
0.568645, 0.353151, 0.622812, 0.320798
0.568739, 0.702536, -0.545648, -0.356649
0.568923, 0.000000, 0.750065, 0.000000
0.569256, 0.051671, 0.748802, 0.056681
0.569548, 0.596139, -0.497557, -0.459892
0.569693, 0.533710, -0.452182, -0.503123
0.569768, 0.387462, 0.576874, 0.320741
0.569878, 0.421308, 0.495854, 0.289284
0.570026, 0.442840, -0.314378, -0.492878
0.570383, 0.973559, -0.587532, -0.033212
0.570649, 0.988251, -0.587526, -0.014759
0.570795, 0.088396, 0.746562, 0.096291
0.571003, 0.341720, 0.635546, 0.314681
0.571283, 0.522900, -0.441334, -0.509830
0.571508, 0.121850, 0.742048, 0.131679
0.571651, 0.779989, -0.563589, -0.270382
0.571664, 0.211792, 0.717077, 0.221100
0.571691, 0.616834, -0.507068, -0.443151
0.571950, 0.638121, -0.517208, -0.423516
0.572195, 0.670507, -0.530585, -0.391502
0.572337, 0.309513, 0.664254, 0.297634
0.572474, 0.845277, -0.574280, -0.192552
0.572871, 0.248165, 0.702434, 0.252715
0.572881, 0.551798, -0.465302, -0.495161
0.572992, 0.812162, -0.568397, -0.232603
0.573102, 0.375449, 0.595556, 0.318186
0.573254, 0.511415, -0.428908, -0.516429
0.573493, 0.174517, 0.731333, 0.184829
0.573678, 0.187296, 0.727571, 0.197241
0.573774, 0.161863, 0.735141, 0.172189
0.574022, 0.233903, 0.710094, 0.240014
0.574075, 0.199414, 0.723855, 0.208678
0.574143, 0.279125, 0.686237, 0.276323
0.574150, 0.713295, -0.543331, -0.346727
0.574340, 0.409859, 0.522915, 0.292270
0.574629, 0.865948, -0.574445, -0.167554
0.574832, 0.454873, -0.347968, -0.517174
0.574862, 0.077475, 0.752208, 0.084085
0.574930, 0.499122, -0.414805, -0.522068
0.574978, 0.148997, 0.739648, 0.158926
0.575317, 0.329743, 0.648866, 0.305812
0.575427, 0.732368, -0.547359, -0.325862
0.575706, 0.606767, -0.498269, -0.454269
0.575903, 0.692133, -0.534558, -0.370201
0.575910, 0.658798, -0.522238, -0.404894
0.575925, 0.363419, 0.612222, 0.314432
0.576213, 0.008589, 0.758116, 0.009359
0.576258, 0.135581, 0.744039, 0.144959
0.576266, 0.791449, -0.560568, -0.257844
0.576338, 0.877339, -0.573684, -0.153697
0.576350, 0.297379, 0.675696, 0.287335
0.576419, 0.832753, -0.567769, -0.208367
0.576682, 0.475008, -0.383085, -0.526760
0.576877, 0.431478, -0.294912, -0.497055
0.576919, 1.000000, -0.580093, 0.000000
0.576990, 0.573959, -0.477935, -0.482231
0.576998, 0.889675, -0.574337, -0.138508
0.576999, 0.018566, 0.758870, 0.020190
0.577012, 0.486815, -0.399557, -0.527081
0.577096, 0.758251, -0.552386, -0.296896
0.577201, 0.110459, 0.749904, 0.118730
0.578026, 0.397694, 0.546863, 0.294044
0.578028, 0.267766, 0.696015, 0.265685
0.578144, 0.902998, -0.574163, -0.122027
0.578232, 0.030621, 0.759774, 0.033239
0.578272, 0.745721, -0.547884, -0.311545
0.578584, 0.626289, -0.505400, -0.437828
0.578700, 0.541623, -0.453735, -0.506219
0.578996, 0.916089, -0.574211, -0.105733
0.579022, 0.067469, 0.757736, 0.072900
0.579030, 0.043418, 0.759886, 0.047037
0.579282, 0.056287, 0.759148, 0.060892
0.579298, 0.585598, -0.483274, -0.474352
0.579395, 0.221686, 0.720095, 0.226997
0.579425, 0.952774, -0.575794, -0.059649
0.579489, 0.801841, -0.558746, -0.246099
0.579516, 0.940673, -0.575156, -0.074898
0.579723, 0.772234, -0.552419, -0.281179
0.579771, 0.928755, -0.574102, -0.089894
0.579812, 0.097112, 0.754804, 0.104285
0.580131, 0.647597, -0.513383, -0.417839
0.580184, 0.319633, 0.660291, 0.296839
0.580205, 0.855368, -0.566367, -0.181273
0.580302, 0.965546, -0.575080, -0.043562
0.580411, 0.680882, -0.525877, -0.383710
0.580478, 0.561222, -0.466868, -0.494143
0.580598, 0.978638, -0.575110, -0.027023
0.580962, 0.255677, 0.705142, 0.254746
0.581246, 0.287124, 0.686088, 0.277404
0.581259, 0.821466, -0.560136, -0.222804
0.581342, 0.351374, 0.628110, 0.306387
0.581533, 0.722340, -0.537788, -0.338833
0.581614, 0.596787, -0.487661, -0.466171
0.581732, 0.385971, 0.577171, 0.302622
0.581781, 0.442565, -0.328963, -0.524794
0.581987, 0.465529, -0.369926, -0.534360
0.582169, 0.529950, -0.442175, -0.516094
0.582314, 0.702996, -0.531238, -0.360547
0.582423, 0.339162, 0.642162, 0.302290
0.582508, 0.420062, 0.004179, -0.219250
0.582806, 0.122728, 0.753361, 0.130421
0.583561, 0.208832, 0.729108, 0.213873
0.583673, 0.000000, 0.766470, 0.000000
0.583768, 0.242332, 0.714304, 0.242603
0.583788, 0.518328, -0.431151, -0.523774
0.584199, 0.990222, -0.570772, -0.012402
0.584235, 0.182671, 0.739085, 0.189446
0.584390, 0.307204, 0.672995, 0.287089
0.584412, 0.086265, 0.761150, 0.092223
0.584501, 0.169813, 0.743396, 0.177036
0.584523, 0.842846, -0.559461, -0.197232
0.584525, 0.669105, -0.517334, -0.397584
0.584775, 0.636039, -0.503850, -0.431228
0.584906, 0.505612, -0.418545, -0.530722
0.584922, 0.374248, 0.595105, 0.299925
0.585026, 0.196060, 0.735281, 0.201690
0.585139, 0.784331, -0.548646, -0.268044
0.585159, 0.157166, 0.747631, 0.164517
0.585179, 0.614819, -0.493735, -0.451745
0.586280, 0.407224, 0.423319, 0.176275
0.586316, 0.454122, -0.352519, -0.538946
0.586376, 0.144670, 0.752065, 0.151835
0.586432, 0.867668, -0.560310, -0.166828
0.586597, 0.550624, -0.455124, -0.506054
0.586753, 0.492690, -0.404461, -0.537434
0.586800, 0.734045, -0.535118, -0.327054
0.586906, 0.810351, -0.551436, -0.237178
0.587038, 0.275848, 0.697586, 0.266060
0.587185, 0.362796, 0.613103, 0.299128
0.587351, 0.230475, 0.723022, 0.231107
0.587530, 0.881413, -0.560537, -0.149844
0.587708, 0.132965, 0.756186, 0.139815
0.587806, 0.764400, -0.541309, -0.292148
0.587961, 0.478691, -0.388006, -0.542362
0.588045, 0.692010, -0.521491, -0.374340
0.588086, 0.104444, 0.762173, 0.110624
0.588094, 0.895165, -0.561263, -0.132704
0.588131, 0.712842, -0.527791, -0.351390
0.588478, 0.569523, -0.466090, -0.492931
0.588567, 0.023878, 0.770947, 0.025553
0.588567, 0.075412, 0.766979, 0.080279
0.588639, 0.657724, -0.508825, -0.410963
0.589269, 0.753438, -0.537078, -0.305281
0.589354, 0.831539, -0.551951, -0.211786
0.589456, 0.908600, -0.560701, -0.115929
0.589459, 0.295706, 0.685011, 0.276877
0.589503, 0.430888, -0.283957, -0.506701
0.589590, 0.329757, 0.654634, 0.292229
0.589717, 0.036620, 0.771693, 0.039098
0.589763, 0.011073, 0.772746, 0.011834
0.589952, 0.049724, 0.770976, 0.053015
0.590102, 0.580145, -0.471078, -0.485180
0.590261, 0.604788, -0.484101, -0.463522
0.590302, 0.263553, 0.707694, 0.255467
0.590452, 0.796899, -0.544781, -0.254035
0.590459, 0.062640, 0.770378, 0.066629
0.590489, 0.395409, 0.559899, 0.287512
0.590776, 0.921536, -0.560043, -0.099703
0.590850, 0.957833, -0.561758, -0.053678
0.591107, 1.000000, -0.562032, 0.000000
0.591264, 0.114857, 0.763471, 0.120722
0.591319, 0.853668, -0.552679, -0.184799
0.591340, 0.945391, -0.560643, -0.069503
0.591364, 0.538606, -0.443197, -0.517887
0.591522, 0.742794, -0.531842, -0.318142
0.591543, 0.317309, 0.667603, 0.285783
0.591565, 0.623754, -0.491847, -0.446230
0.591827, 0.217820, 0.732618, 0.218388
0.592052, 0.591684, -0.475752, -0.476276
0.592073, 0.970121, -0.560539, -0.038076
0.592145, 0.933986, -0.559063, -0.084017
0.592323, 0.679673, -0.512774, -0.389082
0.592520, 0.343809, 0.639241, 0.291928
0.592689, 0.646621, -0.500295, -0.423889
0.592852, 0.980928, -0.559656, -0.024321
0.592902, 0.251188, 0.716793, 0.244857
0.592947, 0.774729, -0.537450, -0.281015
0.593424, 0.443194, -0.333490, -0.545096
0.593538, 0.466229, -0.371532, -0.551169
0.593864, 0.383004, 0.570155, 0.275319
0.593866, 0.416731, -0.284337, -0.531392
0.594196, 0.093924, 0.770315, 0.098790
0.594355, 0.526723, -0.432236, -0.527919
0.594401, 0.559764, -0.455343, -0.504388
0.594416, 0.820241, -0.544121, -0.226402
0.594512, 0.190142, 0.745995, 0.192909
0.594606, 0.725277, -0.523842, -0.339071
0.594709, 0.355501, 0.623640, 0.289425
0.594769, 0.284896, 0.696359, 0.266656
0.594794, 0.513464, -0.421085, -0.536130
0.595195, 0.177011, 0.751228, 0.180574
0.595447, 0.204661, 0.741279, 0.205533
0.595653, 0.164245, 0.755685, 0.168423
0.596308, 0.500796, -0.409021, -0.544008
0.596450, 0.702230, -0.515540, -0.365723
0.596504, 0.634604, -0.491615, -0.437618
0.596643, 0.239366, 0.726134, 0.233774
0.596704, 0.151479, 0.760354, 0.155889
0.596873, 0.304743, 0.681506, 0.275658
0.597081, 0.370118, 0.598109, 0.280802
0.597086, 0.667588, -0.503593, -0.403694
0.597103, 0.125981, 0.767200, 0.130747
0.597110, 0.000000, 0.780545, 0.000000
0.597188, 0.487169, -0.395155, -0.550580
0.597226, 0.842206, -0.543831, -0.199739
0.597496, 0.455187, -0.355997, -0.556613
0.597648, 0.786853, -0.534408, -0.267488
0.597648, 0.862970, -0.545968, -0.173967
0.597798, 0.874380, -0.547135, -0.159707
0.598092, 0.888017, -0.548165, -0.142595
0.598386, 0.083331, 0.776153, 0.087266
0.598553, 0.138739, 0.765603, 0.143025
0.598795, 0.807918, -0.536908, -0.242200
0.598828, 0.989730, -0.552290, -0.013142
0.599008, 0.405475, -0.081498, -0.347445
0.599052, 0.272330, 0.708030, 0.255928
0.599214, 0.547597, -0.443819, -0.516909
0.599465, 0.901257, -0.547659, -0.125994
0.599548, 0.019332, 0.782717, 0.020352
0.599600, 0.714281, -0.515332, -0.352990
0.599641, 0.690068, -0.508145, -0.380079
0.599693, 0.762433, -0.527014, -0.297081
0.599711, 0.612263, -0.478807, -0.461019
0.600021, 0.227550, 0.734836, 0.222757
0.600108, 0.070526, 0.779528, 0.073829
0.600183, 0.474823, -0.380816, -0.557755
0.600230, 0.425037, -0.307995, -0.553742
0.600516, 0.043718, 0.782463, 0.045899
0.600586, 0.104226, 0.775041, 0.108238
0.600696, 0.030749, 0.783472, 0.032296
0.600783, 0.056941, 0.781648, 0.059668
0.600862, 0.571676, -0.457141, -0.498469
0.601229, 0.914299, -0.546507, -0.109591
0.601447, 0.336304, 0.649880, 0.280465
0.601473, 0.598697, -0.470738, -0.474674
0.601624, 0.735877, -0.518591, -0.328678
0.601676, 0.656923, -0.494847, -0.416563
0.601765, 0.749373, -0.521567, -0.312906
0.601801, 0.324906, 0.663371, 0.278008
0.602034, 0.951429, -0.547389, -0.062249
0.602055, 0.584533, -0.463097, -0.487925
0.602069, 0.830825, -0.536427, -0.214529
0.602356, 0.436707, -0.329959, -0.562940
0.602393, 0.393371, 0.352640, 0.065814
0.602428, 0.260130, 0.718340, 0.245720
0.602676, 0.963882, -0.547164, -0.046347
0.602883, 0.294454, 0.693360, 0.265653
0.602947, 0.927201, -0.545243, -0.093275
0.603089, 0.313547, 0.675799, 0.273482
0.603800, 0.623273, -0.479603, -0.452003
0.603912, 0.116592, 0.775736, 0.120002
0.604030, 0.215436, 0.743878, 0.211047
0.604182, 0.535681, -0.432168, -0.529094
0.604244, 0.676953, -0.499010, -0.395968
0.604245, 0.797322, -0.528444, -0.256020
0.604262, 0.775901, -0.524355, -0.281926
0.604416, 0.195584, 0.752644, 0.194057
0.604453, 0.852573, -0.536317, -0.187770
0.604479, 0.521093, -0.421425, -0.539367
0.604587, 0.644904, -0.487435, -0.430281
0.604594, 0.010080, 0.788307, 0.010551
0.604839, 1.000000, -0.544818, 0.000000
0.604909, 0.939999, -0.543490, -0.077029
0.604962, 0.347927, 0.633937, 0.275489
0.605017, 0.976731, -0.544296, -0.029899
0.605281, 0.381213, 0.586075, 0.274172
0.605539, 0.360201, 0.613023, 0.270837
0.605620, 0.248445, 0.727758, 0.235668
0.605711, 0.183406, 0.758532, 0.182831
0.605776, 0.558467, -0.445442, -0.512440
0.606350, 0.448365, -0.347689, -0.570104
0.606475, 0.170752, 0.763658, 0.171134
0.606501, 0.508764, -0.410579, -0.548688
0.606669, 0.818958, -0.529126, -0.229905
0.606692, 0.495297, -0.398973, -0.556307
0.606733, 0.281598, 0.705876, 0.255998
0.606972, 0.158474, 0.768005, 0.159646
0.607065, 0.462073, -0.364753, -0.569127
0.607492, 0.879663, -0.535715, -0.154050
0.607686, 0.723519, -0.508567, -0.344538
0.607742, 0.414693, -0.273119, -0.543377
0.608054, 0.145318, 0.772953, 0.146958
0.608082, 0.092415, 0.784614, 0.095068
0.608528, 0.634108, -0.479132, -0.442878
0.608852, 0.130826, 0.777530, 0.132859
0.609080, 0.205148, 0.752652, 0.200298
0.609164, 0.865023, -0.531944, -0.172678
0.609281, 0.893300, -0.534661, -0.136897
0.609313, 0.709134, -0.502883, -0.361479
0.609428, 0.483629, -0.386944, -0.564463
0.609447, 0.370397, 0.571039, 0.238332
0.609547, 0.236620, 0.737469, 0.224858
0.609737, 0.698874, -0.499511, -0.373219
0.609765, 0.078672, 0.788335, 0.080944
0.610260, 0.841405, -0.527751, -0.202463
0.610531, 0.064749, 0.790834, 0.066710
0.610645, 0.687068, -0.495017, -0.386724
0.610796, 0.786511, -0.518598, -0.270342
0.610889, 0.050722, 0.792563, 0.052336
0.610926, 0.666254, -0.488239, -0.409798
0.610959, 0.036856, 0.793613, 0.038078
0.611034, 0.304447, 0.687902, 0.262849
0.611076, 0.000000, 0.795175, 0.000000
0.611112, 0.766905, -0.514286, -0.294045
0.611151, 0.605431, -0.464647, -0.472755
0.611282, 0.906232, -0.533306, -0.120594
0.611343, 0.269373, 0.717778, 0.245654
0.611363, 0.402460, -0.277620, -0.568888
0.611384, 0.988643, -0.536683, -0.014662
0.611416, 0.428215, -0.316702, -0.574002
0.611471, 0.547108, -0.433974, -0.525075
0.611662, 0.472148, -0.374647, -0.571334
0.611723, 0.755982, -0.511375, -0.307285
0.611844, 0.105587, 0.785959, 0.107555
0.611873, 0.591844, -0.457698, -0.486076
0.611878, 0.022729, 0.795506, 0.023466
0.611939, 0.807823, -0.520878, -0.244437
0.612502, 0.567712, -0.444931, -0.508360
0.612649, 0.224965, 0.746017, 0.214523
0.612773, 0.578637, -0.450370, -0.498708
0.612889, 0.329957, 0.659232, 0.265935
0.613063, 0.527622, -0.420178, -0.540983
0.613251, 0.918998, -0.531781, -0.104401
0.613273, 0.954061, -0.533226, -0.059292
0.613314, 0.743876, -0.506904, -0.322048
0.613459, 0.652565, -0.480865, -0.425411
0.613668, 0.616617, -0.466983, -0.462803
0.613685, 0.317056, 0.675205, 0.263415
0.613842, 0.733115, -0.503704, -0.334810
0.614229, 0.290950, 0.701838, 0.254546
0.614240, 0.966076, -0.532665, -0.043841
0.614409, 0.389915, -0.063665, -0.371361
0.614429, 0.830090, -0.521226, -0.217203
0.614545, 0.341045, 0.643128, 0.262654
0.614607, 0.119009, 0.785575, 0.120116
0.615050, 0.440142, -0.335910, -0.581872
0.615084, 0.257715, 0.728276, 0.236019
0.615269, 0.931463, -0.530016, -0.088509
0.615972, 0.191697, 0.764143, 0.186154
0.616132, 0.354328, 0.620085, 0.255734
0.616233, 0.501593, -0.398994, -0.560881
0.616451, 0.852938, -0.521593, -0.188766
0.616672, 0.178506, 0.769961, 0.174548
0.616990, 0.453653, -0.352883, -0.582804
0.617044, 0.515746, -0.409143, -0.552284
0.617125, 0.677943, -0.485102, -0.398876
0.617166, 0.873180, -0.522754, -0.163170
0.617407, 0.627415, -0.467467, -0.453284
0.617567, 0.716369, -0.495261, -0.355264
0.617647, 0.010955, 0.801598, 0.011202
0.617677, 0.796825, -0.512090, -0.258925
0.617859, 0.154355, 0.779318, 0.152582
0.617938, 1.000000, -0.528435, 0.000000
0.617976, 0.776307, -0.507912, -0.284016
0.618026, 0.943794, -0.527269, -0.072763
0.618030, 0.978292, -0.528111, -0.028127
0.618031, 0.213921, 0.755877, 0.203273
0.618126, 0.641320, -0.471793, -0.438915
0.618155, 0.245989, 0.737954, 0.226501
0.618214, 0.378083, 0.381524, 0.052934
0.618253, 0.537753, -0.422860, -0.536698
0.618266, 0.140961, 0.783656, 0.140111
0.618370, 0.166328, 0.775872, 0.163200
0.618641, 0.885444, -0.522239, -0.147728
0.618911, 0.557555, -0.433839, -0.520700
0.619062, 0.420073, -0.306264, -0.585308
0.619143, 0.278840, 0.714663, 0.244852
0.619341, 0.818668, -0.513507, -0.232139
0.619360, 0.489513, -0.387369, -0.570551
0.619726, 0.364712, 0.580530, 0.226362
0.619956, 0.084568, 0.797548, 0.085376
0.620544, 0.202063, 0.763445, 0.192762
0.620662, 0.096435, 0.796197, 0.096936
0.620706, 0.071534, 0.800200, 0.072323
0.620871, 0.058295, 0.801909, 0.059066
0.620966, 0.692079, -0.484832, -0.384032
0.621095, 0.465056, -0.364084, -0.583861
0.621112, 0.409707, -0.291567, -0.587573
0.621114, 0.044870, 0.803333, 0.045529
0.621266, 0.898116, -0.520000, -0.131728
0.621313, 0.300491, 0.695333, 0.251407
0.621414, 0.659586, -0.474550, -0.420419
0.621423, 0.031778, 0.804473, 0.032269
0.621573, 0.598535, -0.451424, -0.484076
0.621740, 0.130246, 0.789695, 0.129182
0.622168, 0.477653, -0.375613, -0.579304
0.622386, 0.584236, -0.444194, -0.498242
0.622576, 0.233888, 0.748401, 0.215624
0.622645, 0.726693, -0.491848, -0.344417
0.622697, 0.704553, -0.486377, -0.370300
0.622823, 0.862785, -0.514731, -0.177005
0.623029, 0.841539, -0.511976, -0.203927
0.623092, 0.324423, 0.666964, 0.252669
0.623190, 0.763957, -0.499220, -0.299984
0.623228, 0.752048, -0.496965, -0.314463
0.623335, 0.108756, 0.796337, 0.108378
0.623422, 0.910632, -0.518367, -0.115826
0.623636, 0.397524, -0.251834, -0.567188
0.623924, 0.431367, -0.324315, -0.594649
0.624043, 0.610726, -0.454094, -0.472974
0.624207, 0.267169, 0.726731, 0.234977
0.624304, 0.569863, -0.435497, -0.512597
0.624336, 0.786264, -0.502074, -0.273010
0.624545, 0.000000, 0.808701, 0.000000
0.624565, 0.311717, 0.683505, 0.250220
0.624763, 0.989042, -0.519672, -0.014255
0.624953, 0.526459, -0.410550, -0.549760
0.624957, 0.670328, -0.474051, -0.409700
0.625008, 0.807118, -0.504775, -0.247363
0.625031, 0.347826, 0.626546, 0.241644
0.625296, 0.547469, -0.422788, -0.532877
0.625354, 0.020387, 0.809046, 0.020573
0.625436, 0.507164, -0.397259, -0.564203
0.625661, 0.222590, 0.756992, 0.205985
0.625744, 0.968221, -0.517932, -0.041343
0.625793, 0.922569, -0.516133, -0.100569
0.625998, 0.956645, -0.517265, -0.056395
0.626031, 0.444782, -0.340759, -0.595530
0.626131, 0.739072, -0.490622, -0.330568
0.626250, 0.335561, 0.649311, 0.245818
0.626443, 0.830150, -0.506353, -0.218752
0.626504, 0.288684, 0.708998, 0.242598
0.626612, 0.185462, 0.775630, 0.176624
0.626663, 0.120271, 0.796711, 0.118598
0.627087, 0.385406, -0.256242, -0.591658
0.627436, 0.648738, -0.464439, -0.434226
0.627722, 0.255661, 0.737375, 0.226146
0.627765, 0.634038, -0.459121, -0.450224
0.627805, 0.149336, 0.789828, 0.145008
0.627843, 0.934641, -0.514182, -0.085045
0.627909, 0.621943, -0.454464, -0.462922
0.628386, 0.875604, -0.508906, -0.161172
0.628831, 0.682789, -0.473403, -0.396852
0.628910, 0.495450, -0.386399, -0.574645
0.628986, 0.174057, 0.782240, 0.166174
0.629179, 0.372087, 0.100082, -0.250995
0.629689, 0.457135, -0.352892, -0.595657
0.629749, 0.715849, -0.481063, -0.358933
0.629779, 0.852102, -0.504905, -0.191377
0.629814, 0.888361, -0.508433, -0.144968
0.630089, 0.161605, 0.787710, 0.155107
0.630180, 0.243631, 0.747224, 0.217427
0.630290, 0.195796, 0.774165, 0.183334
0.630292, 0.774172, -0.492702, -0.288933
0.630532, 0.358743, 0.617536, 0.243471
0.630589, 0.946640, -0.511260, -0.069582
0.630855, 0.208893, 0.768196, 0.193183
0.631133, 0.420183, -0.309235, -0.604919
0.631146, 0.516777, -0.399695, -0.561166
0.631205, 1.000000, -0.511495, 0.000000
0.631217, 0.592034, -0.439099, -0.494601
0.631229, 0.796566, -0.495391, -0.261434
0.631384, 0.558425, -0.423285, -0.526536
0.631507, 0.077247, 0.809914, 0.076459
0.631519, 0.536763, -0.411480, -0.545458
0.631580, 0.138151, 0.796590, 0.133858
0.631624, 0.817546, -0.498171, -0.235314
0.631672, 0.052275, 0.813130, 0.051978
0.631713, 0.010308, 0.815663, 0.010289
0.631810, 0.978215, -0.510482, -0.028447
0.631845, 0.277085, 0.721999, 0.233357
0.631896, 0.089472, 0.808280, 0.088218
0.631905, 0.064585, 0.812050, 0.064048
0.632112, 0.483341, -0.375071, -0.584723
0.632122, 0.039846, 0.814470, 0.039653
0.632459, 0.577763, -0.431596, -0.509054
0.632529, 0.695478, -0.472651, -0.383335
0.632542, 0.406489, -0.287258, -0.603445
0.632573, 0.300459, 0.698156, 0.239367
0.633114, 0.470387, -0.363684, -0.592816
0.633185, 0.902050, -0.505276, -0.127582
0.633295, 0.101384, 0.807275, 0.099329
0.633397, 0.660636, -0.461721, -0.423074
0.633589, 0.322748, 0.668323, 0.237887
0.633819, 0.749529, -0.483664, -0.319628
0.633976, 0.604189, -0.441369, -0.483584
0.634191, 0.029414, 0.817295, 0.029182
0.634278, 0.434643, -0.327402, -0.607590
0.634443, 0.728288, -0.478435, -0.345301
0.634753, 0.864936, -0.499987, -0.175510
0.635150, 0.761400, -0.484364, -0.305428
0.635791, 0.393781, -0.269955, -0.607570
0.635874, 0.113612, 0.807050, 0.110230
0.635937, 0.345859, 0.613695, 0.212271
0.636046, 0.127488, 0.803546, 0.123005
0.636119, 0.219554, 0.766166, 0.198072
0.636201, 0.231795, 0.758783, 0.206150
0.636265, 0.640329, -0.452069, -0.446305
0.636313, 0.913750, -0.502216, -0.112648
0.636544, 0.840670, -0.495074, -0.206709
0.636815, 0.706496, -0.470543, -0.371638
0.636847, 0.785084, -0.486646, -0.276634
0.637105, 0.673064, -0.461302, -0.410261
0.637280, 0.265493, 0.734600, 0.224014
0.637300, 0.311507, 0.684610, 0.234443
0.637318, 0.505001, -0.387404, -0.574056
0.637396, 0.965235, -0.502961, -0.045526
0.637486, 0.828286, -0.492241, -0.222527
0.637561, 0.615889, -0.442166, -0.472895
0.637888, 0.447113, -0.339838, -0.607862
0.638107, 0.989013, -0.502628, -0.014402
0.638162, 0.926465, -0.500628, -0.096219
0.638188, 0.547326, -0.411489, -0.539998
0.638249, 0.289155, 0.712168, 0.231096
0.638268, 0.333943, 0.644804, 0.223651
0.638288, 0.380538, -0.235473, -0.593593
0.638335, 0.000000, 0.822331, 0.000000
0.638346, 0.526447, -0.399918, -0.557964
0.638389, 0.567191, -0.421075, -0.521852
0.638615, 0.806834, -0.487852, -0.249742
0.638908, 0.184843, 0.785976, 0.170940
0.638974, 0.150484, 0.799292, 0.142491
0.639534, 0.878702, -0.495209, -0.158246
0.639709, 0.739222, -0.474555, -0.333343
0.639729, 0.020387, 0.823310, 0.020036
0.639909, 0.253631, 0.745474, 0.216155
0.640059, 0.892379, -0.495672, -0.140598
0.640099, 0.171939, 0.792260, 0.160120
0.640309, 0.939425, -0.498449, -0.079398
0.640363, 0.367711, -0.188656, -0.562514
0.640475, 0.628378, -0.443554, -0.460715
0.640622, 0.585221, -0.426859, -0.505304
0.640757, 0.651367, -0.450685, -0.435626
0.640812, 0.685687, -0.460569, -0.396857
0.640869, 0.492896, -0.376627, -0.585169
0.640957, 0.198688, 0.780964, 0.180566
0.641023, 0.953578, -0.498215, -0.060914
0.641166, 0.459460, -0.350090, -0.605583
0.641740, 0.853284, -0.490075, -0.191221
0.641769, 0.413230, -0.299871, -0.619613
0.641880, 0.242320, 0.755049, 0.208704
0.642008, 0.426296, -0.316396, -0.618615
0.642161, 0.772558, -0.477983, -0.293062
0.642163, 0.718342, -0.467037, -0.358896
0.642508, 0.160609, 0.798627, 0.149853
0.642539, 0.044635, 0.824276, 0.043498
0.642787, 0.069650, 0.821812, 0.067532
0.642976, 0.355778, 0.263545, -0.126878
0.642999, 0.082354, 0.820010, 0.079563
0.643264, 0.056698, 0.823946, 0.055054
0.643597, 0.140658, 0.806523, 0.132534
0.643674, 0.278312, 0.725101, 0.222878
0.643700, 0.596506, -0.428382, -0.495234
0.643721, 0.480763, -0.365990, -0.595403
0.643842, 0.514867, -0.388634, -0.570641
0.643996, 0.210597, 0.776762, 0.187574
0.644205, 0.977051, -0.494722, -0.030189
0.644218, 0.094358, 0.818930, 0.090591
0.644235, 0.795729, -0.479241, -0.264544
0.644405, 1.000000, -0.494541, 0.000000
0.644494, 0.300355, 0.699475, 0.225030
0.644610, 0.817729, -0.481932, -0.236852
0.644834, 0.536679, -0.400070, -0.552896
0.644949, 0.401151, -0.283569, -0.624006
0.645223, 0.556731, -0.409738, -0.534923
0.645322, 0.751232, -0.470089, -0.319814
0.645362, 0.663326, -0.449099, -0.423597
0.645460, 0.470389, -0.356940, -0.603196
0.645462, 0.697110, -0.458111, -0.384768
0.645589, 0.010363, 0.829290, 0.010077
0.645605, 0.322603, 0.665412, 0.219345
0.645746, 0.106281, 0.817757, 0.101259
0.645971, 0.033608, 0.828808, 0.032589
0.645973, 0.865771, -0.485929, -0.175566
0.646470, 0.438407, -0.328215, -0.619975
0.646521, 0.903905, -0.488431, -0.126124
0.646564, 0.575255, -0.416775, -0.517707
0.646577, 0.118763, 0.815398, 0.112372
0.646945, 0.223652, 0.770880, 0.194391
0.646946, 0.607687, -0.429292, -0.484936
0.647289, 0.130311, 0.812831, 0.122404
0.647417, 0.388367, -0.263139, -0.624088
0.647548, 0.730007, -0.463156, -0.346078
0.647690, 0.640319, -0.439623, -0.450086
0.647869, 0.831358, -0.479540, -0.219913
0.647897, 0.343595, 0.621537, 0.204749
0.648073, 0.917373, -0.487528, -0.108676
0.648200, 0.762167, -0.468632, -0.306919
0.648658, 0.782591, -0.471720, -0.281708
0.648972, 0.268690, 0.736282, 0.214791
0.649006, 0.676366, -0.448617, -0.409763
0.649068, 0.502276, -0.376848, -0.583773
0.649561, 0.843531, -0.479128, -0.204622
0.649628, 0.312511, 0.681187, 0.216545
0.649717, 0.889580, -0.483029, -0.144976
0.649963, 0.965822, -0.486969, -0.045085
0.650029, 0.619280, -0.430167, -0.473774
0.650041, 0.450830, -0.338294, -0.617900
0.650050, 0.930673, -0.485626, -0.091333
0.650160, 0.708571, -0.455337, -0.372365
0.650165, 0.376029, -0.241939, -0.622720
0.650181, 0.190243, 0.791923, 0.169927
0.650378, 0.177425, 0.798077, 0.160247
0.650446, 0.877105, -0.481092, -0.161260
0.650556, 0.257962, 0.746854, 0.209506
0.650686, 0.288790, 0.715014, 0.217477
0.650762, 0.332734, 0.604186, 0.166314
0.650798, 0.234841, 0.765474, 0.198315
0.650862, 0.525175, -0.388699, -0.566133
0.650924, 0.988113, -0.486205, -0.015693
0.651397, 0.943953, -0.484473, -0.073928
0.651757, 0.419238, -0.306495, -0.631693
0.651951, 0.806952, -0.471341, -0.251563
0.651954, 0.546393, -0.398557, -0.547770
0.652006, 0.000000, 0.835608, 0.000000
0.652087, 0.022278, 0.835171, 0.021340
0.652421, 0.151232, 0.810479, 0.138539
0.652574, 0.586621, -0.415426, -0.508817
0.652656, 0.364055, -0.224874, -0.624198
0.652689, 0.489301, -0.365782, -0.595890
0.652714, 0.164914, 0.805349, 0.149475
0.652787, 0.565322, -0.406411, -0.530153
0.652789, 0.742140, -0.459313, -0.332419
0.652921, 0.652778, -0.437607, -0.437807
0.653169, 0.246786, 0.757496, 0.202489
0.653325, 0.202826, 0.787561, 0.177151
0.653451, 0.061790, 0.832835, 0.058686
0.653635, 0.075516, 0.830984, 0.071452
0.653674, 0.046865, 0.834893, 0.044611
0.653788, 0.955673, -0.481783, -0.058569
0.653915, 0.687522, -0.445830, -0.398090
0.654136, 0.629917, -0.429257, -0.463620
0.654177, 0.462969, -0.346058, -0.614648
0.654335, 0.856078, -0.474361, -0.188945
0.654622, 0.408153, -0.293045, -0.637242
0.654870, 0.719946, -0.452271, -0.359812
0.655184, 0.429714, -0.316646, -0.632231
0.655186, 0.087916, 0.830256, 0.082564
0.655444, 0.351827, -0.173631, -0.588281
0.655638, 0.793117, -0.464696, -0.269591
0.655764, 0.770943, -0.460857, -0.297355
0.655780, 0.512971, -0.377815, -0.579203
0.655804, 0.820738, -0.468314, -0.234524
0.655859, 0.301560, 0.696336, 0.208913
0.656070, 0.598217, -0.416222, -0.498185
0.656194, 0.666925, -0.437741, -0.422503
0.656233, 0.214998, 0.782125, 0.183347
0.656299, 0.138958, 0.817889, 0.127048
0.656336, 0.100519, 0.828617, 0.093706
0.656832, 0.395614, -0.276702, -0.640852
0.656877, 0.476482, -0.354216, -0.607877
0.657140, 1.000000, -0.478246, 0.000000
0.657334, 0.277941, 0.728742, 0.208737
0.657396, 0.113058, 0.826460, 0.104562
0.657410, 0.976022, -0.477714, -0.031764
0.657919, 0.535376, -0.387737, -0.560806
0.658139, 0.754707, -0.455177, -0.317996
0.658163, 0.125674, 0.823646, 0.115258
0.658196, 0.033908, 0.840198, 0.032013
0.658280, 0.909669, -0.473895, -0.119400
0.658285, 0.698997, -0.443476, -0.385624
0.658426, 0.897005, -0.472681, -0.135992
0.658529, 0.010968, 0.841589, 0.010366
0.658653, 0.868443, -0.469909, -0.173282
0.658693, 0.441381, -0.325936, -0.630419
0.659055, 0.324292, 0.662290, 0.202092
0.659288, 0.576013, -0.404424, -0.522286
0.659339, 0.833913, -0.465437, -0.218056
0.659356, 0.610051, -0.416933, -0.486823
0.659397, 0.227010, 0.775866, 0.188238
0.659490, 0.640901, -0.426678, -0.453064
0.659627, 0.555424, -0.395461, -0.542782
0.659798, 0.922855, -0.472733, -0.102137
0.659957, 0.732060, -0.448584, -0.346129
0.660006, 0.384011, -0.260549, -0.644518
0.660380, 0.500331, -0.366808, -0.592245
0.660390, 0.883030, -0.468825, -0.154373
0.660857, 0.782053, -0.456285, -0.284234
0.660903, 0.338535, 0.249811, -0.186631
0.661023, 0.183090, 0.803247, 0.159599
0.661026, 0.313283, 0.676774, 0.199254
0.661259, 0.265583, 0.742977, 0.201832
0.661686, 0.936445, -0.470872, -0.084272
0.661948, 0.291952, 0.711470, 0.203743
0.662173, 0.846616, -0.463427, -0.202037
0.662315, 0.195228, 0.797760, 0.167263
0.662331, 0.677900, -0.433529, -0.411411
0.662333, 0.453152, -0.333652, -0.627022
0.662732, 0.372635, -0.243596, -0.646258
0.662795, 0.171237, 0.810343, 0.150103
0.662967, 0.055475, 0.842385, 0.051644
0.663116, 0.523611, -0.377191, -0.574005
0.663233, 0.800412, -0.456143, -0.261407
0.663266, 0.158101, 0.816391, 0.139960
0.663350, 0.988152, -0.470160, -0.015748
0.663402, 0.253398, 0.755844, 0.196364
0.663438, 0.621421, -0.416267, -0.475855
0.663481, 0.418006, -0.302170, -0.645058
0.663666, 0.069685, 0.840999, 0.064547
0.663682, 0.710332, -0.439581, -0.373269
0.663798, 0.659518, -0.426967, -0.433036
0.663960, 0.949634, -0.468395, -0.066894
0.663985, 0.240109, 0.767923, 0.191008
0.664095, 0.487987, -0.356469, -0.604256
0.664240, 0.963832, -0.468589, -0.048072
0.664433, 0.587708, -0.403623, -0.512266
0.664537, 0.811822, -0.456144, -0.247065
0.664731, 0.361009, -0.220530, -0.640766
0.664776, 0.021787, 0.847013, 0.020284
0.665220, 0.744389, -0.444556, -0.332022
0.665266, 0.764061, -0.447946, -0.307562
0.665341, 0.000000, 0.848042, 0.000000
0.665458, 0.146065, 0.822874, 0.129706
0.665514, 0.465512, -0.340742, -0.621505
0.665545, 0.403772, -0.286285, -0.651282
0.665705, 0.545090, -0.385054, -0.555453
0.665864, 0.649433, -0.421790, -0.445105
0.666077, 0.081621, 0.841213, 0.074862
0.666163, 0.206713, 0.793443, 0.172219
0.666165, 0.565524, -0.393289, -0.535633
0.666262, 0.043314, 0.846814, 0.040105
0.666587, 0.348599, -0.160506, -0.598141
0.666706, 0.094613, 0.839062, 0.086218
0.666812, 0.430365, -0.312374, -0.643105
0.666841, 0.689247, -0.431027, -0.399184
0.667007, 0.859844, -0.458583, -0.185336
0.667102, 0.721631, -0.437860, -0.360332
0.667549, 0.511438, -0.367018, -0.587007
0.667610, 0.282328, 0.723580, 0.196100
0.667907, 0.133081, 0.829434, 0.118428
0.667983, 0.632585, -0.414665, -0.464892
0.667995, 0.599858, -0.404186, -0.500723
0.668018, 0.823738, -0.453244, -0.232213
0.668188, 0.107257, 0.837311, 0.096803
0.668239, 0.303975, 0.683493, 0.183585
0.668728, 0.874581, -0.457415, -0.166128
0.668872, 0.119907, 0.834383, 0.107293
0.669021, 0.217780, 0.787618, 0.176643
0.669580, 0.476665, -0.345292, -0.616312
0.669611, 0.902173, -0.458665, -0.129987
0.669624, 0.889269, -0.457529, -0.146940
0.669677, 0.391789, -0.271609, -0.658293
0.669765, 0.976513, -0.461748, -0.031322
0.669793, 0.774937, -0.444006, -0.294602
0.669820, 0.330030, 0.237961, -0.221115
0.669914, 1.000000, -0.461695, 0.000000
0.669999, 0.914868, -0.459047, -0.113251
0.670050, 0.789620, -0.445893, -0.276048
0.670166, 0.668713, -0.421991, -0.424052
0.670352, 0.229782, 0.779143, 0.181475
0.670557, 0.442358, -0.320456, -0.639959
0.670797, 0.533970, -0.375190, -0.568308
0.671009, 0.700717, -0.428685, -0.386446
0.671165, 0.271810, 0.737505, 0.191950
0.671199, 0.835674, -0.450575, -0.217154
0.671267, 0.928014, -0.458158, -0.095903
0.671322, 0.031574, 0.852361, 0.028930
0.671609, 0.576830, -0.392137, -0.526254
0.671720, 0.010436, 0.853760, 0.009563
0.671837, 0.317517, 0.672762, 0.190666
0.671906, 0.611647, -0.403870, -0.489297
0.671986, 0.499334, -0.356758, -0.599748
0.672078, 0.733991, -0.434144, -0.346105
0.672299, 0.754481, -0.437648, -0.320771
0.672455, 0.188766, 0.807995, 0.157553
0.672519, 0.063821, 0.849837, 0.057935
0.673079, 0.380460, -0.257097, -0.663458
0.673438, 0.555034, -0.381779, -0.549106
0.673516, 0.410877, -0.291599, -0.657772
0.673548, 0.178039, 0.814661, 0.149902
0.673734, 0.941319, -0.455411, -0.078305
0.673833, 0.165242, 0.821114, 0.140824
0.673936, 0.260368, 0.751303, 0.187535
0.673940, 0.847226, -0.448371, -0.202457
0.673997, 0.454290, -0.327264, -0.635145
0.674208, 0.643232, -0.410641, -0.454607
0.674390, 0.293075, 0.709261, 0.187373
0.674697, 0.247786, 0.764747, 0.184239
0.674812, 0.802008, -0.441692, -0.260951
0.675062, 0.341165, -0.214738, -0.673761
0.675129, 0.368674, -0.240809, -0.665410
0.675155, 0.954512, -0.454176, -0.060786
0.675283, 0.522110, -0.365483, -0.581420
0.675467, 0.052438, 0.854051, 0.047400
0.675620, 0.152945, 0.827937, 0.131080
0.675687, 0.199372, 0.803683, 0.162109
0.675800, 0.680039, -0.418186, -0.412158
0.675927, 0.988781, -0.453748, -0.015008
0.675966, 0.355758, -0.220567, -0.662912
0.675994, 0.421572, -0.300604, -0.655646
0.675999, 0.589341, -0.392009, -0.514700
0.676060, 0.487770, -0.346953, -0.611601
0.676594, 0.623176, -0.402244, -0.478009
0.676693, 0.656957, -0.411371, -0.439394
0.676965, 0.088622, 0.849175, 0.078841
0.677172, 0.813942, -0.440381, -0.245981
0.677209, 0.075331, 0.852041, 0.067312
0.677391, 0.712382, -0.423458, -0.373680
0.677396, 0.966367, -0.451677, -0.045020
0.677525, 0.140338, 0.834430, 0.120832
0.677705, 0.465541, -0.332287, -0.629814
0.678257, 0.020121, 0.859313, 0.018135
0.678328, 0.857656, -0.443572, -0.189196
0.678464, 0.236555, 0.776657, 0.177356
0.678473, 0.869021, -0.444493, -0.174309
0.678483, 0.399349, -0.278376, -0.666802
0.678565, 0.723730, -0.424195, -0.359960
0.678657, 0.101158, 0.847688, 0.089028
0.678725, 0.765774, -0.431591, -0.307716
0.678881, 0.743755, -0.427563, -0.335268
0.678887, 0.565791, -0.380498, -0.540413
0.678968, 0.544303, -0.371892, -0.562036
0.679025, 0.000000, 0.860428, 0.000000
0.679294, 0.781043, -0.433068, -0.288355
0.679307, 0.041125, 0.858728, 0.036892
0.679310, 0.432666, -0.308062, -0.652637
0.679389, 0.127156, 0.840613, 0.109926
0.679507, 0.305326, 0.660159, 0.149436
0.679513, 0.510139, -0.355859, -0.594338
0.679620, 0.881809, -0.444131, -0.157572
0.679772, 0.210642, 0.798340, 0.165333
0.679784, 0.114190, 0.845042, 0.099436
0.679797, 0.281570, 0.722306, 0.178559
0.679891, 0.690769, -0.415780, -0.400315
0.680098, 0.601525, -0.391652, -0.502971
0.680444, 0.825946, -0.437612, -0.230827
0.680817, 0.894642, -0.443551, -0.140694
0.680864, 0.222864, 0.789405, 0.170226
0.681118, 0.907123, -0.444056, -0.124171
0.681570, 0.327497, -0.154247, -0.634990
0.681585, 0.634064, -0.399729, -0.467161
0.681588, 0.919684, -0.444211, -0.107493
0.681810, 0.669767, -0.408663, -0.425780
0.682129, 0.476405, -0.335583, -0.624263
0.682682, 0.978619, -0.444804, -0.028694
0.682784, 0.444003, -0.314373, -0.648321
0.682836, 0.932557, -0.443292, -0.090392
0.683048, 0.702173, -0.414372, -0.387176
0.683073, 1.000000, -0.444446, 0.000000
0.683146, 0.578653, -0.380717, -0.528547
0.683198, 0.532497, -0.362757, -0.575295
0.683202, 0.792779, -0.429885, -0.273975
0.683346, 0.388225, -0.265318, -0.675173
0.683444, 0.315623, 0.324669, -0.170126
0.683622, 0.837876, -0.434813, -0.215630
0.683779, 0.173866, 0.823550, 0.141978
0.683932, 0.063620, 0.859943, 0.056033
0.683942, 0.269290, 0.740619, 0.176026
0.684159, 0.498408, -0.345895, -0.607046
0.684335, 0.188235, 0.815832, 0.150383
0.684442, 0.029783, 0.864111, 0.026408
0.684460, 0.613587, -0.390586, -0.491065
0.684935, 0.409896, -0.286190, -0.669142
0.685266, 0.256092, 0.757541, 0.174447
0.685267, 0.754115, -0.421413, -0.323411
0.685346, 0.646794, -0.398815, -0.453552
0.685501, 0.350767, -0.215408, -0.676989
0.685635, 0.160817, 0.831494, 0.132325
0.685641, 0.338490, -0.191646, -0.668227
0.685698, 0.732822, -0.417105, -0.350049
0.685775, 0.009717, 0.866353, 0.008588
0.685796, 0.377030, -0.252236, -0.680172
0.685855, 0.945826, -0.439780, -0.072743
0.685894, 0.294660, 0.709428, 0.176135
0.686139, 0.364186, -0.236033, -0.681212
0.686403, 0.455160, -0.319417, -0.643124
0.687066, 0.554793, -0.368000, -0.554874
0.687132, 0.804855, -0.426463, -0.258947
0.687246, 0.849296, -0.431309, -0.201050
0.687342, 0.083546, 0.858975, 0.072341
0.687465, 0.520325, -0.353345, -0.588766
0.687485, 0.148055, 0.838655, 0.122629
0.687600, 0.243746, 0.771981, 0.170494
0.687652, 0.773693, -0.421395, -0.298934
0.687665, 0.051539, 0.864827, 0.045094
0.687675, 0.421578, -0.294688, -0.665594
0.687692, 0.200529, 0.809548, 0.155142
0.687762, 0.591010, -0.379909, -0.516872
0.688106, 0.487014, -0.336589, -0.618901
0.688129, 0.957351, -0.437207, -0.057358
0.688526, 0.659131, -0.398197, -0.439954
0.689089, 0.134943, 0.845186, 0.112495
0.689372, 0.989991, -0.436034, -0.013477
0.689412, 0.682258, -0.402467, -0.412635
0.689422, 0.095058, 0.858059, 0.081317
0.689675, 0.230029, 0.786343, 0.165297
0.689703, 0.862030, -0.429277, -0.184497
0.689730, 0.720048, -0.409776, -0.366635
0.689832, 0.816928, -0.424556, -0.243670
0.690054, 0.107784, 0.855090, 0.091360
0.690133, 0.625301, -0.387554, -0.479511
0.690141, 0.969056, -0.434929, -0.041677
0.690165, 0.568190, -0.369662, -0.542079
0.690305, 0.874475, -0.429661, -0.168124
0.690382, 0.282933, 0.717518, 0.162762
0.690420, 0.465989, -0.323054, -0.637477
0.690894, 0.121388, 0.851324, 0.101738
0.691026, 0.397929, -0.272687, -0.679945
0.691135, 0.073346, 0.864281, 0.063100
0.691317, 0.433499, -0.301479, -0.661277
0.691393, 0.215478, 0.799911, 0.158962
0.691506, 0.542671, -0.358789, -0.568780
0.691543, 0.886856, -0.429063, -0.151806
0.691690, 0.709210, -0.405169, -0.380252
0.691768, 0.508273, -0.343858, -0.601944
0.691991, 0.039818, 0.869836, 0.034514
0.692019, 0.742255, -0.410950, -0.339421
0.692139, 0.603419, -0.378968, -0.504646
0.692326, 0.019118, 0.871716, 0.016592
0.692444, 0.899254, -0.428754, -0.135359
0.692450, 0.694800, -0.401491, -0.398152
0.692627, 0.305797, 0.337716, -0.181378
0.692642, 0.763445, -0.413623, -0.312784
0.692706, 0.911558, -0.429182, -0.118944
0.692809, 0.784806, -0.416470, -0.285480
0.692953, 0.671150, -0.395727, -0.426714
0.693047, 0.829019, -0.421762, -0.228254
0.693153, 0.924042, -0.429263, -0.102251
0.693185, 0.181148, 0.825174, 0.141136
0.693228, 0.000000, 0.873060, 0.000000
0.693539, 0.319349, -0.154162, -0.663991
0.693896, 0.637241, -0.386414, -0.466821
0.694201, 0.936856, -0.428556, -0.085111
0.694551, 0.331054, -0.184934, -0.683590
0.695052, 0.476157, -0.325024, -0.631856
0.695066, 0.580344, -0.368550, -0.530814
0.695121, 0.445368, -0.306926, -0.655849
0.695301, 0.168829, 0.833586, 0.132761
0.695311, 0.530158, -0.349991, -0.582708
0.695348, 0.273512, 0.730866, 0.157769
0.696028, 0.061089, 0.870563, 0.052007
0.696052, 0.410289, -0.281173, -0.678594
0.696055, 0.262280, 0.748814, 0.160477
0.696065, 0.358160, -0.228520, -0.694744
0.696078, 0.344783, -0.209899, -0.693302
0.696172, 0.980788, -0.426985, -0.025947
0.696412, 0.372204, -0.245202, -0.693595
0.696510, 0.796085, -0.413361, -0.271506
0.696524, 0.840966, -0.418481, -0.212932
0.696691, 0.386010, -0.259333, -0.690027
0.696828, 0.496478, -0.333729, -0.615031
0.696848, 0.615715, -0.377261, -0.492282
0.696998, 0.650356, -0.386065, -0.452301
0.697029, 1.000000, -0.425930, 0.000000
0.697302, 0.028629, 0.875270, 0.024490
0.697497, 0.204395, 0.811212, 0.149789
0.697702, 0.250792, 0.764494, 0.159578
0.697707, 0.156580, 0.841606, 0.123794
0.697726, 0.292831, 0.672829, 0.126621
0.697959, 0.729408, -0.401355, -0.356567
0.698396, 0.751979, -0.404593, -0.328246
0.698426, 0.191566, 0.821256, 0.143318
0.698617, 0.559781, -0.357805, -0.553819
0.698898, 0.238203, 0.779843, 0.157802
0.699143, 0.853530, -0.416319, -0.196621
0.699198, 0.144596, 0.848264, 0.115252
0.699222, 0.457110, -0.311052, -0.649626
0.699250, 0.422768, -0.288855, -0.673866
0.699463, 0.592838, -0.367654, -0.518563
0.699571, 0.085117, 0.868684, 0.070926
0.699587, 0.949592, -0.421893, -0.068150
0.699593, 0.808288, -0.410944, -0.256071
0.699709, 0.517528, -0.340467, -0.596794
0.700215, 0.048631, 0.875761, 0.041043
0.700278, 0.774691, -0.405548, -0.299524
0.700452, 0.010841, 0.879046, 0.009197
0.700509, 0.485727, -0.325257, -0.626408
0.700514, 0.224886, 0.794243, 0.153954
0.700520, 0.132742, 0.854207, 0.106570
0.700736, 0.098204, 0.866172, 0.080909
0.700871, 0.866448, -0.415225, -0.179655
0.701010, 0.662595, -0.384158, -0.438737
0.701015, 0.960967, -0.420279, -0.052818
0.701067, 0.110503, 0.862629, 0.090208
0.701396, 0.549965, -0.351445, -0.565125
0.701543, 0.702916, -0.391971, -0.390019
0.701972, 0.688104, -0.388568, -0.408298
0.702380, 0.879101, -0.414277, -0.162929
0.702492, 0.820447, -0.408645, -0.240547
0.702530, 0.399088, -0.268641, -0.689806
0.702576, 0.121636, 0.859923, 0.097887
0.702613, 0.716942, -0.393315, -0.372911
0.702757, 0.676576, -0.385098, -0.422316
0.702782, 0.971764, -0.418088, -0.038242
0.702906, 0.071768, 0.874127, 0.059561
0.702976, 0.570332, -0.356742, -0.544147
0.703254, 0.628135, -0.373278, -0.479855
0.703297, 0.435191, -0.294653, -0.668440
0.703624, 0.891282, -0.413588, -0.146762
0.703818, 0.312719, -0.185480, -0.717935
0.703933, 0.990193, -0.416773, -0.013290
0.704021, 0.282807, 0.725818, 0.156313
0.704082, 0.504918, -0.330881, -0.610646
0.704096, 0.468468, -0.313435, -0.643198
0.704107, 0.605160, -0.366037, -0.506166
0.704192, 0.903347, -0.413622, -0.130624
0.704260, 0.915486, -0.414214, -0.114308
0.704380, 0.538665, -0.344232, -0.577799
0.704417, 0.178572, 0.832987, 0.132882
0.704521, 0.740171, -0.394989, -0.344185
0.704609, 0.300871, -0.051387, -0.594319
0.704662, 0.927592, -0.414241, -0.098008
0.704683, 0.212972, 0.806685, 0.147004
0.704936, 0.762323, -0.397922, -0.316106
0.705108, 0.641789, -0.374440, -0.464314
0.705166, 0.036508, 0.881281, 0.030436
0.705260, 0.337223, -0.201647, -0.706795
0.705425, 0.324453, -0.186148, -0.707439
0.705488, 0.939518, -0.413596, -0.081933
0.705772, 0.832616, -0.405676, -0.224902
0.705975, 0.786534, -0.400017, -0.285136
0.706164, 0.364586, -0.234982, -0.706237
0.706214, 0.350882, -0.219387, -0.708370
0.706838, 0.000000, 0.884551, 0.000000
0.706952, 0.165928, 0.842097, 0.124670
0.706996, 0.582512, -0.356210, -0.532211
0.707044, 0.270357, 0.727684, 0.136858
0.707102, 0.377919, -0.248040, -0.703184
0.707240, 0.412183, -0.276330, -0.686304
0.707382, 0.447348, -0.299092, -0.662031
0.707423, 0.022261, 0.884459, 0.018447
0.707552, 0.526755, -0.336492, -0.590954
0.707669, 0.058493, 0.880440, 0.048030
0.708576, 0.617008, -0.364146, -0.493915
0.708616, 0.199481, 0.819632, 0.139245
0.708719, 0.845178, -0.403056, -0.208581
0.708741, 0.258526, 0.751758, 0.143402
0.708897, 0.799280, -0.397907, -0.268976
0.709248, 0.246665, 0.769012, 0.145152
0.709315, 0.653934, -0.372304, -0.450967
0.709520, 0.479006, -0.314106, -0.636881
0.709813, 0.389943, -0.257595, -0.700572
0.709974, 0.153316, 0.850909, 0.115680
0.710047, 0.234020, 0.785515, 0.145118
0.710281, 0.492191, -0.319510, -0.625310
0.710502, 0.729012, -0.385602, -0.359217
0.710779, 0.857897, -0.401559, -0.191892
0.710815, 0.424938, -0.282829, -0.680539
0.711049, 0.980615, -0.407228, -0.026352
0.711055, 0.750478, -0.388352, -0.332141
0.711067, 0.695162, -0.378838, -0.401481
0.711230, 0.141536, 0.857525, 0.107878
0.711243, 0.080650, 0.878680, 0.064787
0.711269, 1.000000, -0.407155, 0.000000
0.711352, 0.594676, -0.354948, -0.520050
0.711573, 0.092499, 0.875962, 0.073639
0.711721, 0.667826, -0.372442, -0.434829
0.711757, 0.187587, 0.830238, 0.132287
0.711823, 0.772927, -0.390628, -0.303465
0.711911, 0.559567, -0.343658, -0.558663
0.711914, 0.459223, -0.302064, -0.655097
0.711926, 0.514403, -0.327301, -0.604830
0.712008, 0.811825, -0.395350, -0.252938
0.712193, 0.870719, -0.400828, -0.174919
0.712394, 0.291678, 0.080979, -0.481387
0.712442, 0.957173, -0.405030, -0.058252
0.712574, 0.046157, 0.886180, 0.037445
0.712583, 0.104778, 0.872962, 0.082388
0.712584, 0.707935, -0.379335, -0.385954
0.712864, 0.129161, 0.864113, 0.099160
0.712962, 0.221443, 0.800173, 0.141006
0.713542, 0.116251, 0.869660, 0.090172
0.713684, 0.010984, 0.889966, 0.008924
0.714076, 0.635524, -0.362342, -0.473766
0.714154, 0.547524, -0.337255, -0.572135
0.714193, 0.681140, -0.372242, -0.419268
0.714312, 0.968748, -0.402683, -0.042545
0.714348, 0.572226, -0.345004, -0.545754
0.714394, 0.946326, -0.402008, -0.073017
0.714686, 0.402479, -0.264888, -0.697739
0.714706, 0.883748, -0.398465, -0.157631
0.714806, 0.067765, 0.884269, 0.054098
0.714943, 0.305990, -0.149916, -0.705963
0.715085, 0.824197, -0.392715, -0.237006
0.715148, 0.719433, -0.378091, -0.371983
0.715369, 0.437559, -0.287340, -0.674242
0.715728, 0.908189, -0.398730, -0.124790
0.715742, 0.502632, -0.318836, -0.617823
0.715791, 0.342799, -0.209127, -0.720956
0.715811, 0.895822, -0.397865, -0.141479
0.715818, 0.920655, -0.399241, -0.107927
0.715878, 0.329979, -0.192352, -0.720572
0.716075, 0.279162, 0.538443, -0.044406
0.716091, 0.356753, -0.224667, -0.719023
0.716282, 0.032865, 0.890661, 0.026423
0.716307, 0.933217, -0.399065, -0.090903
0.716397, 0.174987, 0.841303, 0.123458
0.716464, 0.605343, -0.352052, -0.509389
0.716484, 0.317378, -0.171768, -0.716478
0.716507, 0.208546, 0.813979, 0.135241
0.716777, 0.535418, -0.330306, -0.585596
0.717202, 0.369646, -0.236836, -0.716040
0.717269, 0.761748, -0.382058, -0.318607
0.717375, 0.782275, -0.384670, -0.292067
0.717720, 0.626307, -0.355865, -0.485456
0.717731, 0.738728, -0.378113, -0.348168
0.717769, 0.470320, -0.302657, -0.648609
0.718054, 0.836770, -0.390106, -0.220668
0.718455, 0.989519, -0.397628, -0.014298
0.718611, 0.162509, 0.850428, 0.116155
0.718644, 0.645736, -0.359281, -0.462767
0.718782, 0.585564, -0.343970, -0.532246
0.718906, 0.415092, -0.270963, -0.692699
0.719076, 0.266772, 0.751816, 0.143716
0.719165, 0.792946, -0.383730, -0.278418
0.719429, 0.522800, -0.323026, -0.599405
0.719516, 0.381798, -0.246358, -0.712824
0.719760, 0.449701, -0.290598, -0.667115
0.720184, 0.056072, 0.890672, 0.044105
0.720326, 0.658543, -0.360078, -0.447853
0.720331, 0.000000, 0.895414, 0.000000
0.720337, 0.243135, 0.771657, 0.130467
0.720417, 0.615625, -0.350056, -0.498474
0.720777, 0.849506, -0.387703, -0.203965
0.720928, 0.482892, -0.305556, -0.638765
0.720934, 0.021486, 0.895282, 0.017007
0.721150, 0.254614, 0.749578, 0.122004
0.721164, 0.196056, 0.826742, 0.127881
0.721273, 0.690930, -0.365309, -0.408486
0.721440, 0.230203, 0.790027, 0.131654
0.721861, 0.804427, -0.381652, -0.263750
0.722417, 0.862097, -0.386642, -0.187279
0.722451, 0.427632, -0.276231, -0.685980
0.722588, 0.137036, 0.866626, 0.099841
0.722698, 0.149659, 0.860123, 0.107066
0.722709, 0.298241, -0.151594, -0.726944
0.722777, 0.393763, -0.253874, -0.708997
0.722835, 0.076463, 0.888328, 0.058948
0.723214, 0.493982, -0.308124, -0.629316
0.723252, 0.087523, 0.885863, 0.066810
0.723256, 0.671343, -0.359142, -0.432947
0.723316, 0.750289, -0.372724, -0.334236
0.723326, 0.874883, -0.386504, -0.170203
0.723377, 0.702473, -0.364790, -0.394552
0.723489, 0.099731, 0.882306, 0.075354
0.723860, 0.123283, 0.873659, 0.090890
0.724337, 0.043615, 0.895676, 0.033954
0.724383, 0.564666, -0.331733, -0.557095
0.724502, 0.509394, -0.312959, -0.614730
0.724559, 0.977787, -0.389580, -0.030407
0.724764, 0.816326, -0.379215, -0.248419
0.724784, 0.596561, -0.340173, -0.521524
0.724802, 0.184248, 0.837881, 0.121302
0.724908, 0.460956, -0.291907, -0.660236
0.724926, 0.217484, 0.805639, 0.127826
0.725005, 0.553854, -0.327740, -0.568997
0.725155, 0.964424, -0.388408, -0.048687
0.725161, 1.000000, -0.388932, 0.000000
0.725199, 0.727652, -0.366763, -0.363262
0.725271, 0.286946, -0.146491, -0.736533
0.725367, 0.714327, -0.364379, -0.380113
0.725422, 0.772610, -0.372996, -0.305639
0.725453, 0.348549, -0.214146, -0.731145
0.725470, 0.111567, 0.879529, 0.082631
0.725471, 0.576644, -0.333969, -0.544105
0.725520, 0.952885, -0.387599, -0.064459
0.726280, 0.940358, -0.386220, -0.081591
0.726538, 0.334860, -0.199023, -0.734936
0.726984, 0.914069, -0.384179, -0.117447
0.727012, 0.926946, -0.384718, -0.099913
0.727085, 0.542645, -0.321928, -0.581576
0.727221, 0.323041, -0.184836, -0.736388
0.727236, 0.010569, 0.900652, 0.008180
0.727239, 0.406060, -0.259570, -0.704422
0.727283, 0.901454, -0.383083, -0.134592
0.727287, 0.361207, -0.225571, -0.728792
0.727355, 0.888611, -0.382210, -0.151996
0.727564, 0.828557, -0.376844, -0.232525
0.727670, 0.440295, -0.279264, -0.679046
0.727672, 0.635415, -0.346258, -0.477143
0.727722, 0.309696, -0.167511, -0.736105
0.728084, 0.066095, 0.894627, 0.050202
0.728302, 0.682232, -0.355059, -0.420603
0.728574, 0.275174, 0.121579, -0.481180
0.728789, 0.172485, 0.848402, 0.113932
0.728835, 0.530762, -0.316142, -0.594576
0.728850, 0.205058, 0.819740, 0.122765
0.729052, 0.031975, 0.900661, 0.024517
0.729274, 0.373248, -0.234863, -0.725162
0.729332, 0.762100, -0.366649, -0.319863
0.729707, 0.609442, -0.337745, -0.507969
0.729722, 0.648772, -0.346708, -0.461663
0.729791, 0.160998, 0.856756, 0.108549
0.729859, 0.784102, -0.368764, -0.291290
0.729987, 0.474076, -0.293367, -0.650829
0.730272, 0.841032, -0.374505, -0.216178
0.730376, 0.739355, -0.362095, -0.349280
0.730501, 0.518453, -0.310162, -0.607766
0.730521, 0.622616, -0.339887, -0.492756
0.730565, 0.239147, 0.773742, 0.115894
0.730901, 0.418348, -0.264562, -0.698040
0.731253, 0.262906, 0.579601, -0.042029
0.731619, 0.990206, -0.380286, -0.013458
0.731684, 0.661371, -0.346890, -0.446814
0.731877, 0.500399, -0.302200, -0.626403
0.731899, 0.795993, -0.367621, -0.276016
0.732019, 0.385302, -0.242521, -0.720775
0.732236, 0.586517, -0.329027, -0.534868
0.732380, 0.054429, 0.900057, 0.040855
0.732754, 0.129677, 0.876073, 0.090779
0.732874, 0.450616, -0.280061, -0.673146
0.733044, 0.853518, -0.371949, -0.199701
0.733121, 0.226984, 0.793289, 0.117556
0.733544, 0.694078, -0.350651, -0.406838
0.733605, 0.250487, 0.780661, 0.135178
0.733665, 0.877928, -0.372874, -0.166788
0.733799, 0.486536, -0.294966, -0.640844
0.733902, 0.431096, -0.269393, -0.689888
0.734019, 0.092618, 0.891686, 0.067265
0.734030, 0.000000, 0.905952, 0.000000
0.734035, 0.865417, -0.371526, -0.183738
0.734081, 0.141870, 0.870499, 0.096723
0.734112, 0.192350, 0.833370, 0.115608
0.734218, 0.297220, -0.149716, -0.741805
0.734503, 0.020904, 0.905667, 0.015704
0.734554, 0.078602, 0.896265, 0.057599
0.734567, 0.808002, -0.365507, -0.260501
0.735411, 0.340727, -0.203786, -0.743608
0.735447, 0.397605, -0.248740, -0.715458
0.735578, 0.750956, -0.357059, -0.335100
0.735701, 0.572609, -0.321410, -0.551527
0.735758, 0.706501, -0.350053, -0.391744
0.736002, 0.105256, 0.888658, 0.074708
0.736048, 0.600772, -0.328263, -0.519564
0.736166, 0.969532, -0.373958, -0.041912
0.736193, 0.463261, -0.282963, -0.663481
0.736262, 0.719074, -0.351482, -0.375997
0.736285, 0.673607, -0.343577, -0.432702
0.736326, 0.152902, 0.865010, 0.100905
0.736747, 0.042788, 0.905037, 0.031693
0.736865, 0.560647, -0.316773, -0.565130
0.737052, 0.352144, -0.213984, -0.741371
0.737137, 0.981253, -0.372744, -0.025802
0.737157, 0.214696, 0.808466, 0.113376
0.737266, 0.820254, -0.363257, -0.244544
0.737302, 0.118385, 0.884093, 0.082281
0.737302, 0.946888, -0.371817, -0.073046
0.737315, 0.933888, -0.371350, -0.090874
0.737473, 0.317560, -0.178129, -0.749583
0.737543, 0.285215, -0.136522, -0.746735
0.737937, 0.958329, -0.371260, -0.057344
0.737982, 0.920778, -0.369892, -0.108850
0.738060, 0.549299, -0.312148, -0.577859
0.738128, 0.180310, 0.845286, 0.109372
0.738569, 0.774299, -0.356184, -0.305128
0.738665, 0.908610, -0.368324, -0.125498
0.738780, 0.896184, -0.367557, -0.142469
0.738786, 0.730600, -0.350035, -0.361715
0.739176, 0.536879, -0.307168, -0.591523
0.739211, 0.363663, -0.222558, -0.738099
0.739225, 0.510614, -0.298534, -0.618913
0.739320, 0.640964, -0.333521, -0.473115
0.739497, 1.000000, -0.369704, 0.000000
0.739660, 0.328959, -0.190866, -0.750940
0.739778, 0.066308, 0.902883, 0.047849
0.739826, 0.628604, -0.330216, -0.487863
0.739848, 0.410564, -0.253538, -0.709107
0.739883, 0.832737, -0.361047, -0.228168
0.740294, 0.762798, -0.352501, -0.320357
0.740408, 0.524196, -0.301837, -0.605283
0.740523, 0.272877, -0.142814, -0.768535
0.740716, 0.202209, 0.823754, 0.110171
0.740870, 0.306725, -0.164310, -0.753457
0.741017, 0.010314, 0.910970, 0.007544
0.741131, 0.166871, 0.857239, 0.103024
0.741157, 0.614385, -0.325508, -0.504999
0.741278, 0.375181, -0.230026, -0.733513
0.741487, 0.238205, 0.771125, 0.100296
0.741625, 0.684539, -0.338937, -0.420183
0.741714, 0.885205, -0.362646, -0.157469
0.741785, 0.652723, -0.332862, -0.459356
0.741837, 0.439687, -0.267257, -0.686882
0.741879, 0.787017, -0.353550, -0.288995
0.742069, 0.031365, 0.910313, 0.022769
0.742158, 0.424390, -0.259341, -0.699707
0.742372, 0.591555, -0.318655, -0.531685
0.742444, 0.475659, -0.282374, -0.654707
0.742519, 0.845437, -0.358736, -0.211397
0.742558, 0.497718, -0.290625, -0.633196
0.743130, 0.260329, 0.158290, -0.479507
0.743402, 0.664757, -0.333133, -0.444901
0.743532, 0.131676, 0.880975, 0.086530
0.743676, 0.742376, -0.345391, -0.347246
0.743949, 0.086486, 0.900115, 0.060205
0.744036, 0.386785, -0.236175, -0.728309
0.744170, 0.451879, -0.270786, -0.677405
0.744335, 0.054198, 0.908556, 0.038571
0.744388, 0.799293, -0.351709, -0.273130
0.744412, 0.580171, -0.313532, -0.545358
0.744436, 0.225861, 0.794910, 0.105156
0.744474, 0.871595, -0.358087, -0.176169
0.745219, 0.697838, -0.336674, -0.404164
0.745657, 0.858404, -0.355728, -0.194219
0.745984, 0.487457, -0.283462, -0.644599
0.746216, 0.340339, -0.200016, -0.754203
0.746407, 0.098000, 0.897712, 0.066461
0.746574, 0.989545, -0.360255, -0.014448
0.746660, 0.248636, 0.560222, -0.096020
0.746726, 0.295107, -0.149820, -0.760316
0.746777, 0.143930, 0.875351, 0.090457
0.746983, 0.811544, -0.349599, -0.257154
0.747080, 0.398233, -0.241127, -0.722372
0.747225, 0.189640, 0.838058, 0.102847
0.747246, 0.464176, -0.273226, -0.667429
0.747405, 0.155692, 0.867573, 0.094711
0.747410, 0.975181, -0.358914, -0.034311
0.747621, 0.710709, -0.335742, -0.388377
0.747670, 0.567965, -0.306687, -0.560009
0.747737, 0.110769, 0.893366, 0.073417
0.747745, 0.603234, -0.315168, -0.519484
0.747788, 0.941014, -0.357629, -0.081482
0.747862, 0.000000, 0.916037, 0.000000
0.748003, 0.075966, 0.905940, 0.052326
0.748168, 0.020519, 0.915564, 0.014510
0.748230, 0.352514, -0.209442, -0.750770
0.748346, 0.927558, -0.356371, -0.100027
0.748559, 0.753910, -0.340609, -0.332964
0.748656, 0.721905, -0.336110, -0.374284
0.748988, 0.213491, 0.808192, 0.098501
0.749041, 0.042345, 0.913739, 0.029650
0.749217, 0.318127, -0.177798, -0.763391
0.749487, 0.543384, -0.297933, -0.587646
0.749552, 0.823858, -0.347426, -0.240979
0.749557, 0.283019, -0.133465, -0.761779
0.749781, 0.556157, -0.301177, -0.573775
0.749808, 0.175956, 0.851850, 0.098472
0.749991, 0.963873, -0.355251, -0.049986
0.750067, 0.903420, -0.352908, -0.133256
0.750167, 0.674586, -0.326473, -0.433939
0.750255, 0.636573, -0.319266, -0.480427
0.750256, 0.622986, -0.316546, -0.496833
0.750260, 0.915829, -0.353162, -0.116206
0.750325, 0.952857, -0.354529, -0.065212
0.750355, 0.122482, 0.889202, 0.078540
0.750575, 0.530422, -0.292969, -0.601939
0.750592, 0.517478, -0.288996, -0.615695
0.750882, 0.364808, -0.217231, -0.746406
0.750989, 0.766832, -0.339094, -0.316446
0.751049, 0.408686, -0.244046, -0.716748
0.751094, 0.506038, -0.284790, -0.627750
0.751264, 0.778877, -0.340350, -0.300830
0.751698, 0.419748, -0.249311, -0.708327
0.751797, 0.201797, 0.823456, 0.097202
0.751823, 0.734297, -0.333817, -0.358840
0.752053, 0.432660, -0.255177, -0.697825
0.752059, 0.836103, -0.345256, -0.224801
0.752238, 0.270176, -0.123298, -0.769495
0.752327, 0.892208, -0.348995, -0.148641
0.752425, 0.064529, 0.911740, 0.043820
0.752736, 0.647544, -0.318379, -0.467639
0.752740, 0.329263, -0.187746, -0.764102
0.752838, 0.306532, -0.164555, -0.768879
0.752895, 0.688573, -0.325490, -0.417064
0.753209, 0.376875, -0.223914, -0.740701
0.753219, 0.235940, 0.762054, 0.078594
0.753275, 0.660135, -0.320065, -0.452367
0.753463, 0.590982, -0.305640, -0.535034
0.753520, 0.880455, -0.346677, -0.164778
0.753625, 1.000000, -0.350976, 0.000000
0.754374, 0.791085, -0.337653, -0.285084
0.754515, 0.848219, -0.343037, -0.208682
0.754735, 0.444592, -0.258168, -0.688644
0.754742, 0.163504, 0.863872, 0.091555
0.754971, 0.010218, 0.920813, 0.006995
0.755001, 0.481473, -0.272407, -0.653902
0.755040, 0.611963, -0.308486, -0.510914
0.755203, 0.030957, 0.919450, 0.021092
0.755450, 0.135826, 0.884131, 0.081854
0.755745, 0.258376, -0.131306, -0.792992
0.755759, 0.868117, -0.342868, -0.181765
0.755890, 0.223561, 0.820560, 0.115965
0.755931, 0.087822, 0.907084, 0.057208
0.755982, 0.470886, -0.267570, -0.664500
0.756001, 0.456172, -0.261827, -0.678571
0.756218, 0.578961, -0.299627, -0.549575
0.756243, 0.495786, -0.276093, -0.639889
0.756299, 0.981479, -0.347013, -0.025699
0.756358, 0.388969, -0.229155, -0.734470
0.756772, 0.702499, -0.322766, -0.400104
0.756811, 0.052974, 0.917090, 0.035425
0.756924, 0.803242, -0.335621, -0.269250
0.757250, 0.341959, -0.196905, -0.763083
0.757338, 0.745743, -0.328185, -0.344752
0.757391, 0.102084, 0.902329, 0.064672
0.757641, 0.934558, -0.344078, -0.090733
0.758757, 0.293497, -0.149199, -0.776593
0.758976, 0.246370, 0.037972, -0.635700
0.758992, 0.184148, 0.844577, 0.090689
0.759036, 0.149757, 0.875956, 0.084548
0.759337, 0.858754, -0.337324, -0.194732
0.759392, 0.815490, -0.333583, -0.253150
0.759526, 0.567584, -0.293064, -0.563320
0.759568, 0.354699, -0.205286, -0.758401
0.759610, 0.631240, -0.306862, -0.488737
0.759921, 0.725464, -0.322071, -0.371247
0.760172, 0.400507, -0.232699, -0.728065
0.760262, 0.075488, 0.913608, 0.048577
0.760324, 0.195725, 0.830039, 0.087571
0.760536, 0.600606, -0.299499, -0.525461
0.760561, 0.547419, -0.286798, -0.586291
0.760606, 0.946403, -0.340563, -0.074455
0.760675, 0.535288, -0.283401, -0.599678
0.760692, 0.969882, -0.340991, -0.041874
0.760725, 0.757918, -0.325347, -0.329359
0.760812, 0.279959, -0.132083, -0.777967
0.760827, 0.113767, 0.898777, 0.069124
0.760856, 0.679724, -0.314005, -0.429436
0.761130, 0.714153, -0.319042, -0.386076
0.761208, 0.909785, -0.338316, -0.125121
0.761379, 0.522065, -0.278909, -0.614256
0.761425, 0.210305, 0.808296, 0.081481
0.761541, 0.991018, -0.340114, -0.012493
0.761556, 0.041508, 0.922107, 0.027240
0.761632, 0.923135, -0.338299, -0.106700
0.761678, 0.318357, -0.175138, -0.776082
0.761727, 0.000000, 0.925568, 0.000000
0.761926, 0.667405, -0.310624, -0.444977
0.761977, 0.020529, 0.924906, 0.013519
0.761997, 0.827766, -0.331257, -0.236907
0.762103, 0.771230, -0.325145, -0.312084
0.762313, 0.125580, 0.893046, 0.073773
0.762434, 0.509469, -0.274017, -0.627813
0.762574, 0.171927, 0.857505, 0.086180
0.762608, 0.413012, -0.237041, -0.719343
0.762670, 0.557670, -0.287024, -0.575289
0.762749, 0.367476, -0.211926, -0.752976
0.762762, 0.425488, -0.242693, -0.708926
0.763199, 0.898442, -0.334853, -0.140780
0.763432, 0.305364, -0.161986, -0.780878
0.763623, 0.619979, -0.299812, -0.503111
0.763926, 0.693576, -0.312255, -0.412421
0.763937, 0.958250, -0.336571, -0.058132
0.764155, 0.654192, -0.305558, -0.461675
0.764229, 0.783157, -0.323781, -0.296660
0.764397, 0.642081, -0.302998, -0.476386
0.764503, 0.840064, -0.329002, -0.220548
0.764564, 0.486689, -0.264602, -0.651991
0.764568, 0.437966, -0.246495, -0.698810
0.764638, 0.331457, -0.185183, -0.773878
0.764667, 0.463158, -0.256278, -0.675248
0.764847, 0.268421, -0.116615, -0.780725
0.764857, 0.063605, 0.919657, 0.040260
0.764970, 0.886501, -0.331710, -0.157259
0.765155, 0.379788, -0.217682, -0.746180
0.765199, 0.736989, -0.316833, -0.357128
0.765292, 0.588274, -0.291208, -0.540958
0.765364, 0.874899, -0.330399, -0.173162
0.765456, 0.233955, 0.368989, -0.324726
0.765947, 0.094763, 0.909911, 0.057336
0.766363, 0.221919, 0.779570, 0.064314
0.766519, 0.139279, 0.885899, 0.076110
0.767048, 0.795179, -0.321366, -0.281034
0.767213, 0.159884, 0.869580, 0.080568
0.767656, 0.450815, -0.248786, -0.688311
0.768115, 0.851762, -0.325085, -0.204966
0.768153, 0.256909, -0.101903, -0.782983
0.768289, 0.344679, -0.193441, -0.770259
0.768321, 0.475502, -0.257063, -0.664516
0.768438, 0.498316, -0.264326, -0.641387
0.768470, 1.000000, -0.330755, 0.000000
0.768824, 0.030605, 0.928273, 0.019312
0.768859, 0.609389, -0.291397, -0.516821
0.768875, 0.935309, -0.328965, -0.090118
0.768879, 0.576360, -0.284361, -0.555582
0.768943, 0.010859, 0.929984, 0.006885
0.769033, 0.392004, -0.221502, -0.739355
0.769039, 0.979966, -0.329907, -0.027961
0.769246, 0.083772, 0.915955, 0.050432
0.769336, 0.052113, 0.925004, 0.032396
0.769439, 0.807318, -0.319447, -0.265097
0.769695, 0.287268, -0.141920, -0.790015
0.770256, 0.704390, -0.305819, -0.399702
0.770483, 0.749060, -0.311606, -0.342253
0.770615, 0.202147, 0.817202, 0.071380
0.770676, 0.245852, -0.079716, -0.774924
0.770788, 0.357784, -0.200763, -0.764319
0.770853, 0.865176, -0.322227, -0.186781
0.770992, 0.105703, 0.907463, 0.060452
0.771162, 0.725631, -0.307553, -0.372549
0.771257, 0.914808, -0.324942, -0.118663
0.771261, 0.685162, -0.301636, -0.424144
0.771316, 0.630039, -0.292386, -0.492477
0.771329, 0.529842, -0.270204, -0.608502
0.771417, 0.542753, -0.273434, -0.594229
0.771477, 0.179614, 0.848616, 0.076515
0.771587, 0.763238, -0.311754, -0.323704
0.771633, 0.190073, 0.838582, 0.077808
0.771852, 0.819437, -0.317389, -0.249063
0.772106, 0.404493, -0.225216, -0.730984
0.772512, 0.297708, -0.152927, -0.792051
0.772638, 0.673301, -0.298096, -0.439323
0.772866, 0.947349, -0.324245, -0.073564
0.773036, 0.128853, 0.895025, 0.068554
0.773075, 0.597793, -0.284018, -0.531467
0.773123, 0.149378, 0.879754, 0.073827
0.773342, 0.565250, -0.276640, -0.569291
0.773395, 0.311266, -0.165216, -0.789234
0.773531, 0.072312, 0.922112, 0.042852
0.773571, 0.968515, -0.323831, -0.044046
0.773646, 0.518280, -0.264547, -0.621673
0.773682, 0.416668, -0.229382, -0.721474
0.773939, 0.116966, 0.902762, 0.063950
0.773959, 0.040636, 0.929846, 0.024732
0.773976, 0.323432, -0.174969, -0.785066
0.774114, 0.661470, -0.294361, -0.454349
0.774255, 0.428945, -0.234063, -0.710918
0.774283, 0.553808, -0.272883, -0.582464
0.774385, 0.276604, -0.129258, -0.795639
0.774397, 0.831910, -0.315074, -0.232438
0.774492, 0.775205, -0.309309, -0.308287
0.774535, 0.714793, -0.301824, -0.387079
0.774731, 0.371047, -0.206083, -0.757933
0.774778, 0.903417, -0.319489, -0.134554
0.774833, 0.214066, 0.800566, 0.067964
0.775180, 0.000000, 0.934089, 0.000000
0.775230, 0.507975, -0.259982, -0.633245
0.775230, 0.463961, -0.246255, -0.678368
0.775488, 0.925003, -0.319713, -0.104720
0.775554, 0.892133, -0.317950, -0.150243
0.775731, 0.989962, -0.321099, -0.014057
0.775994, 0.169133, 0.860776, 0.072659
0.776037, 0.487603, -0.253116, -0.654808
0.776280, 0.649686, -0.289668, -0.469232
0.776298, 0.022051, 0.933773, 0.013312
0.776453, 0.441420, -0.236946, -0.700432
0.776779, 0.619354, -0.283724, -0.506386
0.776841, 0.335685, -0.182657, -0.781305
0.776923, 0.878609, -0.315180, -0.168907
0.777158, 0.787241, -0.307084, -0.292619
0.777179, 0.383103, -0.210716, -0.750452
0.777319, 0.738317, -0.301227, -0.356971
0.777363, 0.639506, -0.286637, -0.482023
0.777483, 0.843871, -0.311940, -0.216484
0.777505, 0.585547, -0.276248, -0.546834
0.777628, 0.237521, -0.080230, -0.792156
0.777668, 0.225873, 0.151518, -0.566392
0.777761, 0.695023, -0.294783, -0.412590
0.777776, 0.264579, -0.114565, -0.798784
0.778097, 0.094261, 0.916102, 0.052042
0.778119, 0.060807, 0.927956, 0.035314
0.778321, 0.957958, -0.317374, -0.058943
0.779557, 0.348554, -0.189598, -0.775722
0.779658, 0.799395, -0.305037, -0.276704
0.779689, 0.856374, -0.309973, -0.199628
0.779996, 0.139059, 0.889559, 0.066360
0.780123, 0.756073, -0.299620, -0.334037
0.780158, 0.453351, -0.237746, -0.690489
0.780552, 0.476455, -0.245014, -0.667724
0.781134, 0.396162, -0.213998, -0.742100
0.781150, 0.936136, -0.312543, -0.089464
0.781220, 0.252233, -0.098855, -0.800713
0.781281, 0.158269, 0.872393, 0.067503
0.781403, 0.536453, -0.260682, -0.603800
0.781684, 0.607859, -0.275647, -0.521179
0.781730, 0.361820, -0.196045, -0.768353
0.781840, 0.082153, 0.922859, 0.045062
0.781961, 0.573442, -0.268451, -0.561871
0.782039, 0.498967, -0.250172, -0.644842
0.782100, 0.811239, -0.302932, -0.261065
0.782141, 0.011017, 0.937958, 0.006404
0.782183, 0.048477, 0.933139, 0.027670
0.782244, 0.979087, -0.312223, -0.029369
0.782287, 0.205682, 0.828373, 0.077804
0.782337, 0.287700, -0.141063, -0.804125
0.782390, 0.681871, -0.287019, -0.430016
0.782399, 0.193855, 0.846148, 0.078511
0.782609, 1.000000, -0.311858, 0.000000
0.782697, 0.727431, -0.292766, -0.371674
0.782871, 0.302176, -0.154206, -0.800821
0.783283, 0.912709, -0.308563, -0.122166
0.783545, 0.033940, 0.936617, 0.019346
0.783670, 0.181170, 0.843248, 0.060031
0.783764, 0.868437, -0.305335, -0.183390
0.783773, 0.105245, 0.913010, 0.054066
0.783938, 0.823821, -0.301618, -0.244265
0.784008, 0.524974, -0.254965, -0.617334
0.784341, 0.668778, -0.282643, -0.446877
0.784484, 0.629961, -0.276174, -0.494895
0.784540, 0.407470, -0.216090, -0.734217
0.784564, 0.547999, -0.259829, -0.591569
0.784604, 0.315801, -0.164534, -0.796944
0.784605, 0.419602, -0.221028, -0.723503
0.784667, 0.127416, 0.899421, 0.060459
0.784753, 0.704898, -0.287261, -0.401111
0.784919, 0.767480, -0.294590, -0.319569
0.785050, 0.596155, -0.269369, -0.535803
0.785735, 0.431967, -0.224755, -0.712684
0.785746, 0.887989, -0.303897, -0.156575
0.785862, 0.746866, -0.291057, -0.346843
0.785902, 0.116453, 0.907191, 0.056820
0.785972, 0.946951, -0.306505, -0.074538
0.786067, 0.716548, -0.287027, -0.386216
0.786205, 0.560686, -0.260783, -0.577553
0.786331, 0.274558, -0.127145, -0.810110
0.786461, 0.655759, -0.277990, -0.463520
0.786552, 0.070625, 0.929312, 0.037897
0.786726, 0.327576, -0.171883, -0.792715
0.786808, 0.465765, -0.235294, -0.680471
0.786900, 0.512125, -0.248487, -0.632072
0.786970, 0.778906, -0.293160, -0.304723
0.787171, 0.836433, -0.298277, -0.227381
0.787173, 0.968443, -0.305469, -0.044409
0.787261, 0.375206, -0.199153, -0.761675
0.787574, 0.147601, 0.883030, 0.061074
0.787709, 0.241943, -0.084751, -0.805492
0.787862, 0.923918, -0.302988, -0.106805
0.787991, 0.900402, -0.301582, -0.139515
0.788113, 0.488401, -0.240740, -0.657677
0.788267, 0.217013, 0.103945, -0.635693
0.788326, 0.387634, -0.204220, -0.752401
0.788403, 0.168942, 0.858526, 0.057805
0.788485, 0.000000, 0.941801, 0.000000
0.788837, 0.229672, -0.063808, -0.798096
0.788899, 0.339706, -0.178457, -0.787172
0.788920, 0.443467, -0.225846, -0.703040
0.789085, 0.022360, 0.941022, 0.012280
0.789182, 0.618344, -0.268427, -0.509944
0.789437, 0.642636, -0.272130, -0.480162
0.789481, 0.583973, -0.261703, -0.551064
0.789482, 0.691973, -0.279371, -0.418202
0.789543, 0.989479, -0.302525, -0.014829
0.789771, 0.791774, -0.290723, -0.287842
0.789939, 0.261892, -0.112873, -0.814437
0.790010, 0.848403, -0.295453, -0.211329
0.790116, 0.092065, 0.922165, 0.045773
0.790443, 0.058074, 0.935073, 0.030655
0.790652, 0.352465, -0.184787, -0.779932
0.791220, 0.736598, -0.282827, -0.360918
0.791342, 0.877791, -0.295685, -0.171016
0.791789, 0.957606, -0.299079, -0.059780
0.792167, 0.859251, -0.293278, -0.196588
0.792248, 0.294837, -0.145000, -0.811497
0.792479, 0.455102, -0.226214, -0.692913
0.792514, 0.364821, -0.190037, -0.772106
0.792668, 0.536859, -0.248079, -0.606103
0.792784, 0.803153, -0.287842, -0.272936
0.792811, 0.203617, 0.566987, -0.191809
0.792873, 0.758027, -0.283080, -0.332999
0.792920, 0.044666, 0.939553, 0.023462
0.792964, 0.477852, -0.232633, -0.670056
0.793193, 0.678399, -0.272747, -0.435979
0.793392, 0.934888, -0.295940, -0.091694
0.793507, 0.136326, 0.893848, 0.055149
0.793620, 0.308573, -0.155281, -0.807140
0.793758, 0.190769, 0.861764, 0.081226
0.793865, 0.500927, -0.237997, -0.645969
0.793873, 0.571568, -0.254101, -0.566648
0.793923, 0.815921, -0.287486, -0.255836
0.794342, 0.606494, -0.260041, -0.525152
0.794639, 0.156924, 0.872940, 0.053680
0.794803, 0.081088, 0.928963, 0.039543
0.794875, 0.522565, -0.242287, -0.622711
0.794883, 0.398253, -0.203404, -0.746515
0.795020, 0.250563, -0.099760, -0.819771
0.795022, 0.282668, -0.133661, -0.817606
0.795167, 0.010971, 0.945108, 0.005745
0.795176, 0.911992, -0.292535, -0.123818
0.795621, 0.422864, -0.212246, -0.724843
0.795653, 0.665124, -0.267766, -0.453154
0.795753, 0.725375, -0.275505, -0.376016
0.795758, 0.101362, 0.919229, 0.046240
0.795790, 0.828951, -0.286080, -0.238324
0.795803, 0.550132, -0.247435, -0.591871
0.795926, 0.411088, -0.207553, -0.735800
0.795946, 0.629998, -0.262026, -0.496834
0.796086, 0.978835, -0.293538, -0.029909
0.796439, 0.178901, 0.849715, 0.051718
0.796467, 1.000000, -0.293198, 0.000000
0.796610, 0.033085, 0.943586, 0.016948
0.796631, 0.594783, -0.255147, -0.539547
0.796784, 0.112818, 0.912472, 0.048806
0.797116, 0.712893, -0.272255, -0.392427
0.797288, 0.125046, 0.903697, 0.050795
0.797369, 0.890294, -0.288307, -0.154107
0.797465, 0.701246, -0.270347, -0.407489
0.797499, 0.320592, -0.161588, -0.803867
0.797910, 0.783081, -0.278978, -0.300266
0.798183, 0.770183, -0.277375, -0.317540
0.798217, 0.433407, -0.213501, -0.715767
0.798245, 0.652310, -0.262647, -0.469667
0.798352, 0.384237, -0.194570, -0.759815
0.798635, 0.068141, 0.935591, 0.032747
0.798663, 0.867927, -0.285012, -0.185068
0.798664, 0.945691, -0.289230, -0.076723
0.798706, 0.467244, -0.223614, -0.682588
0.798926, 0.270323, -0.121378, -0.823980
0.799268, 0.332420, -0.167795, -0.798052
0.799381, 0.237699, -0.086536, -0.825596
0.799507, 0.746664, -0.273073, -0.348712
0.799544, 0.225199, -0.082935, -0.835328
0.799574, 0.561266, -0.245333, -0.579784
0.799804, 0.842801, -0.281588, -0.219630
0.800056, 0.490098, -0.228497, -0.659151
0.800250, 0.345539, -0.174540, -0.790024
0.800297, 0.511257, -0.233546, -0.636440
0.800564, 0.923385, -0.285803, -0.108157
0.800593, 0.212972, -0.071569, -0.835152
0.800689, 0.968250, -0.287105, -0.044945
0.800737, 0.372677, -0.187570, -0.770081
0.800911, 0.167101, 0.855550, 0.040883
0.801012, 0.617424, -0.253741, -0.513114
0.801057, 0.688216, -0.263987, -0.424581
0.801152, 0.581770, -0.247406, -0.556064
0.801152, 0.144866, 0.885165, 0.047582
0.801237, 0.444653, -0.214233, -0.705911
0.801796, 0.000000, 0.948731, 0.000000
0.801860, 0.901808, -0.283036, -0.138433
0.802088, 0.055189, 0.941210, 0.026168
0.802138, 0.358512, -0.179841, -0.781700
0.802159, 0.021567, 0.947790, 0.010550
0.802370, 0.640334, -0.255656, -0.485160
0.802488, 0.531447, -0.235696, -0.614380
0.802589, 0.301563, -0.146223, -0.817025
0.803313, 0.258728, -0.109319, -0.829988
0.803330, 0.989019, -0.283870, -0.015572
0.803659, 0.794572, -0.272355, -0.285410
0.803754, 0.199693, 0.220274, -0.554364
0.803925, 0.854738, -0.277076, -0.203718
0.804043, 0.956514, -0.282328, -0.061636
0.804170, 0.091675, 0.927264, 0.038871
0.804191, 0.735358, -0.265630, -0.364068
0.804206, 0.674898, -0.258190, -0.441970
0.804223, 0.879626, -0.278369, -0.169357
0.804236, 0.807958, -0.272913, -0.267555
0.804318, 0.456328, -0.214683, -0.695249
0.804648, 0.757690, -0.267470, -0.334780
0.804788, 0.290315, -0.136923, -0.823550
0.805169, 0.479339, -0.220215, -0.671866
0.805203, 0.543062, -0.235056, -0.601761
0.805380, 0.043786, 0.945593, 0.020390
0.805459, 0.820899, -0.272333, -0.250083
0.806111, 0.405610, -0.196353, -0.744549
0.806143, 0.078387, 0.934290, 0.033798
0.806181, 0.934369, -0.278565, -0.092942
0.806196, 0.187764, 0.685945, -0.104584
0.806545, 0.419977, -0.201044, -0.731552
0.806656, 0.833896, -0.271709, -0.232424
0.806685, 0.312720, -0.151682, -0.814236
0.806717, 0.392610, -0.190892, -0.756253
0.807028, 0.605170, -0.244270, -0.528796
0.807127, 0.593005, -0.242154, -0.543598
0.807225, 0.500629, -0.223363, -0.649712
0.807277, 0.105535, 0.919646, 0.040511
0.807286, 0.661948, -0.252548, -0.458855
0.807427, 0.133074, 0.897378, 0.042955
0.807431, 0.722462, -0.259897, -0.381254
0.807434, 0.570867, -0.237886, -0.570039
0.807473, 0.155196, 0.872942, 0.039920
0.807569, 0.246464, -0.096086, -0.835046
0.807848, 0.278269, -0.126368, -0.830331
0.808106, 0.520741, -0.226995, -0.627705
0.808126, 0.119216, 0.909576, 0.041724
0.808150, 0.628298, -0.246598, -0.500897
0.808315, 0.780766, -0.264805, -0.304369
0.808331, 0.913247, -0.274742, -0.122750
0.808528, 0.010517, 0.951661, 0.004832
0.808727, 0.710045, -0.256742, -0.397496
0.809391, 0.697789, -0.254415, -0.413399
0.809432, 0.554725, -0.232499, -0.589328
0.809434, 0.176240, 0.866795, 0.055529
0.809485, 0.432854, -0.202417, -0.720322
0.809495, 0.031975, 0.949741, 0.014376
0.809952, 0.338919, -0.164418, -0.799860
0.810013, 0.891688, -0.271265, -0.152984
0.810087, 1.000000, -0.274781, 0.000000
0.810396, 0.325436, -0.156943, -0.809073
0.810472, 0.867940, -0.269160, -0.186017
0.810497, 0.468369, -0.211682, -0.684668
0.810503, 0.978237, -0.274051, -0.030966
0.810555, 0.064908, 0.941349, 0.027344
0.810591, 0.380196, -0.182708, -0.768354
0.810778, 0.650024, -0.246446, -0.474279
0.810785, 0.221532, -0.065940, -0.834845
0.810963, 0.768786, -0.260171, -0.320696
0.811082, 0.233345, -0.079801, -0.836749
0.811091, 0.366344, -0.176517, -0.779887
0.811611, 0.351967, -0.169634, -0.791289
0.811622, 0.944864, -0.271484, -0.078312
0.812340, 0.208416, -0.056234, -0.839396
0.812378, 0.266422, -0.115168, -0.837715
0.812579, 0.684535, -0.248648, -0.430778
0.812907, 0.616671, -0.238893, -0.515870
0.812939, 0.445148, -0.202715, -0.709257
0.813056, 0.745446, -0.255072, -0.351914
0.813081, 0.489922, -0.214397, -0.662703
0.813288, 0.164318, 0.845798, 0.017426
0.813425, 0.966572, -0.269645, -0.047577
0.813522, 0.582498, -0.232647, -0.557352
0.813634, 0.844061, -0.263009, -0.219053
0.814077, 0.532576, -0.222689, -0.615589
0.814101, 0.924739, -0.267397, -0.106867
0.814201, 0.300857, -0.140079, -0.825572
0.814230, 0.510389, -0.217838, -0.640615
0.814265, 0.145643, 0.880923, 0.032228
0.814808, 0.802446, -0.258118, -0.275917
0.815328, 0.054207, 0.946762, 0.021945
0.815342, 0.638281, -0.239038, -0.489591
0.815362, 0.000000, 0.954962, 0.000000
0.815486, 0.020759, 0.953846, 0.008754
0.815494, 0.903136, -0.264505, -0.137338
0.815572, 0.671587, -0.243203, -0.447742
0.815610, 0.456729, -0.203235, -0.698111
0.815762, 0.815452, -0.257858, -0.258305
0.815878, 0.732403, -0.249883, -0.369258
0.815895, 0.857189, -0.261108, -0.201335
0.815905, 0.955276, -0.265907, -0.063680
0.816000, 0.412258, -0.189578, -0.741875
0.816003, 0.196228, -0.051829, -0.848029
0.816064, 0.757091, -0.252087, -0.336598
0.816105, 0.086007, 0.933403, 0.031214
0.816262, 0.255103, -0.104284, -0.843684
0.816282, 0.829096, -0.258195, -0.239711
0.816308, 0.789824, -0.254964, -0.293050
0.816332, 0.287717, -0.130351, -0.833345
0.816386, 0.564139, -0.225971, -0.579464
0.816494, 0.098121, 0.926168, 0.033296
0.816547, 0.880871, -0.261704, -0.168474
0.816786, 0.989946, -0.265508, -0.014350
0.816985, 0.398442, -0.183970, -0.754966
0.817465, 0.042400, 0.950788, 0.017061
0.817483, 0.073607, 0.939903, 0.027354
0.817643, 0.544436, -0.220893, -0.602738
0.817814, 0.595358, -0.229536, -0.542593
0.817814, 0.314824, -0.146406, -0.819864
0.817898, 0.478628, -0.206452, -0.675877
0.818440, 0.111374, 0.916599, 0.033220
0.818596, 0.424944, -0.191116, -0.730704
0.819014, 0.184204, 0.232718, -0.573372
0.819142, 0.124193, 0.905074, 0.032350
0.819289, 0.718958, -0.243890, -0.387127
0.819510, 0.242042, -0.091299, -0.848377
0.819782, 0.659423, -0.236225, -0.463638
0.819813, 0.135179, 0.892605, 0.029277
0.820058, 0.935972, -0.259638, -0.091223
0.820187, 0.333955, -0.154846, -0.808555
0.820221, 0.606487, -0.228334, -0.529542
0.820222, 0.387323, -0.177131, -0.766096
0.820332, 0.706510, -0.241134, -0.403400
0.820387, 0.274689, -0.119346, -0.841755
0.820600, 0.777265, -0.248047, -0.310319
0.820624, 0.521559, -0.212974, -0.629476
0.820738, 0.694032, -0.239180, -0.419555
0.820831, 0.373545, -0.171464, -0.778175
0.821094, 0.359627, -0.165684, -0.789670
0.821118, 0.500065, -0.207901, -0.653563
0.821145, 0.216993, -0.062646, -0.847466
0.821149, 0.627309, -0.230150, -0.503908
0.821584, 0.574741, -0.221572, -0.567779
0.821618, 0.914983, -0.256688, -0.120991
0.821722, 0.345832, -0.159272, -0.800648
0.821846, 0.437749, -0.191664, -0.719122
0.821882, 0.171223, 0.746691, -0.077033
0.822279, 0.010454, 0.957463, 0.004043
0.822412, 0.156499, 0.885933, 0.040950
0.822487, 0.465863, -0.198429, -0.690416
0.822557, 0.030803, 0.955127, 0.011689
0.822574, 0.870706, -0.252687, -0.182928
0.822941, 0.892455, -0.253682, -0.152722
0.823365, 0.228510, -0.077245, -0.852587
0.823379, 0.647351, -0.230101, -0.479383
0.823481, 0.555001, -0.215963, -0.591555
0.824080, 0.981202, -0.255287, -0.026891
0.824182, 0.971171, -0.254965, -0.041230
0.824243, 1.000000, -0.255279, 0.000000
0.824398, 0.680948, -0.232942, -0.436871
0.824515, 0.765852, -0.241584, -0.325738
0.824918, 0.324678, -0.146945, -0.817435
0.824977, 0.305446, -0.136878, -0.829619
0.825143, 0.064017, 0.946303, 0.021574
0.825186, 0.205094, -0.048830, -0.849846
0.825386, 0.836574, -0.246490, -0.230300
0.825390, 0.451109, -0.191675, -0.706632
0.825484, 0.617253, -0.223328, -0.516997
0.825728, 0.848758, -0.246956, -0.213601
0.825740, 0.947095, -0.252120, -0.075599
0.825815, 0.533746, -0.209369, -0.616593
0.825818, 0.404428, -0.177862, -0.752423
0.825830, 0.740766, -0.237540, -0.359323
0.826007, 0.489214, -0.200104, -0.666416
0.826131, 0.586603, -0.217975, -0.554365
0.826319, 0.797622, -0.242052, -0.283374
0.826337, 0.294171, -0.129569, -0.836841
0.826377, 0.752204, -0.237891, -0.344199
0.826401, 0.264047, -0.109245, -0.850258
0.826485, 0.809888, -0.242842, -0.266766
0.826592, 0.822930, -0.243727, -0.249008
0.826595, 0.959095, -0.251278, -0.058510
0.827340, 0.728124, -0.234210, -0.376010
0.827428, 0.510721, -0.203065, -0.643100
0.827455, 0.144345, 0.883937, 0.022501
0.827509, 0.090991, 0.932341, 0.025473
0.827578, 0.860997, -0.245193, -0.196751
0.827713, 0.669634, -0.227273, -0.451625
0.827731, 0.078065, 0.940132, 0.023478
0.827735, 0.926814, -0.248822, -0.104554
0.827782, 0.251979, -0.099409, -0.854909
0.827817, 0.051689, 0.951548, 0.017206
0.828057, 0.282072, -0.121216, -0.844014
0.828072, 0.416370, -0.179393, -0.741862
0.828278, 0.104017, 0.922694, 0.025431
0.828459, 0.193330, -0.047071, -0.862465
0.828517, 0.904629, -0.246742, -0.135968
0.828968, 0.000000, 0.960239, 0.000000
0.828977, 0.635618, -0.221436, -0.494731
0.829377, 0.020827, 0.959063, 0.007155
0.829387, 0.785178, -0.236873, -0.300477
0.829428, 0.476396, -0.193512, -0.680989
0.829763, 0.040770, 0.955273, 0.013451
0.829902, 0.881615, -0.243417, -0.168275
0.829919, 0.117573, 0.910266, 0.022937
0.829929, 0.566213, -0.210164, -0.579393
0.830334, 0.598561, -0.214624, -0.540560
0.830509, 0.179862, -0.003096, -0.828934
0.830693, 0.380468, -0.165469, -0.775970
0.830711, 0.545087, -0.205699, -0.604423
0.830730, 0.428334, -0.180187, -0.731018
0.830827, 0.366524, -0.160375, -0.787993
0.830870, 0.238412, -0.086863, -0.860247
0.831154, 0.352302, -0.154626, -0.799814
0.831422, 0.393749, -0.169232, -0.764380
0.831469, 0.714099, -0.227337, -0.394830
0.831652, 0.314193, -0.137360, -0.827821
0.831734, 0.130700, 0.892796, 0.015343
0.831738, 0.989689, -0.244919, -0.014804
0.831771, 0.701723, -0.225576, -0.410814
0.831996, 0.689727, -0.223996, -0.426356
0.832104, 0.337807, -0.147921, -0.811446
0.832140, 0.216057, -0.063979, -0.861502
0.832203, 0.657252, -0.220054, -0.467979
0.832350, 0.166183, 0.498661, -0.337588
0.832726, 0.523038, -0.199392, -0.630170
0.832913, 0.463152, -0.186740, -0.695889
0.833550, 0.440299, -0.180502, -0.719791
0.833813, 0.939120, -0.240914, -0.087303
0.834019, 0.609993, -0.211677, -0.527122
0.834282, 0.774359, -0.229206, -0.315293
0.834621, 0.577863, -0.206320, -0.566259
0.834721, 0.916536, -0.238785, -0.119464
0.834820, 0.499898, -0.192570, -0.656620
0.835187, 0.272992, -0.112003, -0.853165
0.835455, 0.154248, 0.840946, -0.013284
0.835544, 0.894222, -0.236455, -0.150994
0.835635, 0.623658, -0.211457, -0.510434
0.835752, 0.965790, -0.238991, -0.049187
0.835769, 0.646487, -0.214146, -0.481902
0.835957, 0.761013, -0.225858, -0.333415
0.835994, 0.010544, 0.962183, 0.003223
0.836410, 0.870429, -0.233693, -0.184263
0.836484, 0.031390, 0.959477, 0.009227
0.836516, 0.556709, -0.200751, -0.591758
0.836599, 0.227207, -0.075776, -0.866877
0.836936, 0.830169, -0.230157, -0.239939
0.836954, 0.843070, -0.231071, -0.222208
0.837026, 0.301040, -0.127255, -0.839083
0.837027, 0.451943, -0.179758, -0.708633
0.837054, 0.325617, -0.139022, -0.822545
0.837058, 0.406264, -0.167773, -0.754397
0.837202, 0.069974, 0.945902, 0.017406
0.837437, 0.486640, -0.186970, -0.671704
0.837533, 0.817072, -0.228323, -0.257869
0.837571, 0.057608, 0.951717, 0.015241
0.837634, 0.856036, -0.231013, -0.204316
0.837647, 0.977594, -0.236546, -0.032245
0.837684, 0.287742, -0.119754, -0.847176
0.837741, 0.724879, -0.219998, -0.381167
0.837761, 0.203494, -0.049994, -0.865647
0.837985, 0.804410, -0.226655, -0.275056
0.838009, 0.792697, -0.225666, -0.290907
0.838035, 0.679156, -0.214942, -0.440564
0.838185, 0.737426, -0.220603, -0.364708
0.838218, 0.534750, -0.195100, -0.617713
0.838253, 1.000000, -0.236092, 0.000000
0.838260, 0.248270, -0.093644, -0.864607
0.838464, 0.748547, -0.221321, -0.350150
0.838537, 0.083486, 0.938133, 0.017915
0.838591, 0.952680, -0.234798, -0.068088
0.838807, 0.096134, 0.928820, 0.017671
0.838928, 0.667144, -0.212483, -0.456089
0.838989, 0.589606, -0.202699, -0.552761
0.839035, 0.188941, -0.036311, -0.866870
0.839365, 0.141982, 0.902748, 0.030063
0.839417, 0.260246, -0.102000, -0.861502
0.839589, 0.512769, -0.189626, -0.643127
0.839862, 0.108928, 0.916834, 0.014787
0.840068, 0.418770, -0.168337, -0.743155
0.840605, 0.929005, -0.231239, -0.102028
0.840845, 0.474366, -0.180683, -0.685688
0.840849, 0.359861, -0.149513, -0.797306
0.840976, 0.373386, -0.154028, -0.785675
0.841185, 0.044330, 0.957305, 0.011190
0.841275, 0.634503, -0.205713, -0.497713
0.841545, 0.346702, -0.144133, -0.808433
0.841607, 0.905956, -0.228757, -0.134807
0.841727, 0.386242, -0.157427, -0.774434
0.841800, 0.175752, -0.055410, -0.899446
0.842078, 0.121080, 0.902004, 0.008195
0.842276, 0.883990, -0.226489, -0.165720
0.842495, 0.000000, 0.964399, 0.000000
0.842800, 0.313041, -0.129352, -0.834055
0.842851, 0.692539, -0.210047, -0.423833
0.842889, 0.568862, -0.194946, -0.578292
0.843013, 0.021293, 0.962989, 0.005463
0.843019, 0.430315, -0.168349, -0.732433
0.843048, 0.704803, -0.211041, -0.408006
0.843147, 0.601407, -0.199173, -0.538960
0.843253, 0.546676, -0.191123, -0.604640
0.843731, 0.215732, -0.064300, -0.874327
0.843961, 0.237899, -0.084028, -0.871964
0.844388, 0.783061, -0.216257, -0.304502
0.844760, 0.716150, -0.209891, -0.393404
0.844813, 0.334476, -0.136863, -0.819332
0.844817, 0.163335, 0.065209, -0.787943
0.844855, 0.131315, 0.891344, 0.004405
0.844931, 0.463473, -0.173966, -0.698219
0.844990, 0.988584, -0.226905, -0.016522
0.845045, 0.397623, -0.157696, -0.764879
0.845377, 0.524456, -0.185004, -0.630839
0.845406, 0.769232, -0.213809, -0.323280
0.845421, 0.614109, -0.197962, -0.523615
0.845749, 0.441687, -0.168272, -0.721445
0.845889, 0.657294, -0.202349, -0.469269
0.846094, 0.941983, -0.224220, -0.083721
0.846458, 0.965355, -0.224262, -0.050078
0.846563, 0.279437, -0.110305, -0.856911
0.846602, 0.493448, -0.178093, -0.666040
0.846853, 0.645681, -0.199850, -0.484173
0.847375, 0.918587, -0.221402, -0.117182
0.847557, 0.268651, -0.103696, -0.863017
0.847594, 0.580591, -0.190882, -0.564913
0.847693, 0.862706, -0.217630, -0.195781
0.847843, 0.505086, -0.178823, -0.653257
0.847891, 0.196173, -0.043626, -0.876430
0.847965, 0.836418, -0.215457, -0.232187
0.848150, 0.874713, -0.217731, -0.179036
0.848240, 0.292467, -0.116084, -0.850271
0.848324, 0.849438, -0.215846, -0.214218
0.848330, 0.730492, -0.206337, -0.374671
0.848354, 0.151294, 0.452073, -0.412313
0.848372, 0.756396, -0.208719, -0.340696
0.848378, 0.823179, -0.213931, -0.250388
0.848567, 0.453271, -0.167897, -0.709906
0.848610, 0.810029, -0.212614, -0.268340
0.848751, 0.076501, 0.942828, 0.011379
0.848768, 0.559062, -0.186399, -0.590826
0.848773, 0.895117, -0.218215, -0.150513
0.848803, 0.410296, -0.157498, -0.753718
0.848901, 0.033335, 0.961863, 0.006883
0.849161, 0.302871, -0.120422, -0.843968
0.849237, 0.064167, 0.950109, 0.010779
0.849273, 0.625364, -0.194481, -0.510129
0.849341, 0.052947, 0.955392, 0.009773
0.849350, 0.796237, -0.210484, -0.287051
0.849471, 0.670674, -0.199162, -0.452693
0.849474, 0.010790, 0.965655, 0.002327
0.849486, 0.250641, -0.091592, -0.872137
0.849708, 0.322114, -0.128238, -0.830706
0.849739, 0.227523, -0.074457, -0.878976
0.850107, 0.089133, 0.933379, 0.009425
0.850114, 0.682898, -0.199601, -0.437142
0.850188, 0.101484, 0.922142, 0.007076
0.850325, 0.481736, -0.171737, -0.679676
0.850520, 0.536548, -0.180927, -0.617631
0.851289, 0.366776, -0.142808, -0.794900
0.851298, 0.743752, -0.203629, -0.357618
0.851303, 0.977242, -0.218116, -0.033038
0.851345, 0.184638, -0.030013, -0.876870
0.851605, 0.206386, -0.055524, -0.882370
0.851655, 1.000000, -0.217821, 0.000000
0.851854, 0.592330, -0.187186, -0.551235
0.851907, 0.954090, -0.216663, -0.066540
0.852216, 0.114332, 0.904018, -0.002756
0.852238, 0.354843, -0.138169, -0.805552
0.852362, 0.379437, -0.145681, -0.783791
0.852848, 0.139594, 0.775764, -0.104883
0.853041, 0.422181, -0.156227, -0.743036
0.853146, 0.931187, -0.214008, -0.099480
0.853482, 0.515519, -0.174110, -0.642328
0.853589, 0.343263, -0.133131, -0.815678
0.854014, 0.908037, -0.211649, -0.132525
0.854070, 0.172365, -0.021329, -0.881454
0.854196, 0.470342, -0.165297, -0.692819
0.854343, 0.696245, -0.195299, -0.420201
0.854460, 0.636859, -0.189151, -0.496209
0.854795, 0.777406, -0.201646, -0.312977
0.854868, 0.260789, -0.095494, -0.871324
0.855029, 0.389895, -0.146097, -0.774914
0.855082, 0.604789, -0.184704, -0.536335
0.855338, 0.548842, -0.177023, -0.603873
0.855532, 0.707884, -0.194831, -0.405250
0.855563, 0.720410, -0.195882, -0.388798
0.855698, 0.434064, -0.156225, -0.731568
0.855742, 0.043464, 0.959809, 0.006366
0.855841, 0.000000, 0.967308, 0.000000
0.855876, 0.022279, 0.965374, 0.003610
0.855959, 0.571583, -0.179416, -0.576832
0.856118, 0.239724, -0.081930, -0.880677
0.856418, 0.217692, -0.065447, -0.886300
0.856482, 0.310628, -0.118705, -0.841923
0.856492, 0.125987, 0.922508, 0.022857
0.856586, 0.884314, -0.206642, -0.166133
0.857196, 0.285181, -0.107099, -0.859178
0.857301, 0.331141, -0.125876, -0.826772
0.857621, 0.160648, -0.031286, -0.903562
0.857653, 0.402338, -0.146825, -0.763671
0.857704, 0.650067, -0.186362, -0.479795
0.857712, 0.765392, -0.196765, -0.329393
0.857954, 0.446530, -0.156520, -0.719031
0.858118, 0.498846, -0.166032, -0.662013
0.858274, 0.527072, -0.170351, -0.629857
0.858283, 0.988682, -0.208597, -0.016499
0.858326, 0.661895, -0.186788, -0.464895
0.858362, 0.616516, -0.181951, -0.522213
0.858620, 0.788311, -0.197228, -0.298524
0.858802, 0.830047, -0.200023, -0.241706
0.858805, 0.857094, -0.201804, -0.204283
0.858852, 0.459344, -0.158102, -0.705581
0.858952, 0.966094, -0.207153, -0.049349
0.859046, 0.843379, -0.200578, -0.223324
0.859049, 0.870531, -0.202286, -0.185540
0.859096, 0.943334, -0.206283, -0.082296
0.859096, 0.803487, -0.197653, -0.277931
0.859473, 0.733917, -0.191748, -0.371225
0.859722, 0.816362, -0.197783, -0.260515
0.859896, 0.069334, 0.947009, 0.004865
0.859903, 0.273542, -0.099794, -0.867492
0.859912, 0.488517, -0.162251, -0.673916
0.860047, 0.920401, -0.203872, -0.115219
0.860377, 0.195196, -0.045043, -0.890959
0.860411, 0.561517, -0.172641, -0.589438
0.860636, 0.583219, -0.175172, -0.563452
0.860832, 0.081567, 0.937754, 0.002291
0.860886, 0.897654, -0.201471, -0.147603
0.860930, 0.674527, -0.184605, -0.448933
0.861000, 0.753435, -0.191348, -0.345607
0.861184, 0.297592, -0.110099, -0.853046
0.861513, 0.148998, 0.023393, -0.858399
0.861534, 0.055853, 0.954768, 0.004534
0.861565, 0.413391, -0.145569, -0.753843
0.861591, 0.105078, 0.912891, -0.007164
0.861716, 0.686819, -0.184712, -0.433148
0.862009, 0.093748, 0.925957, -0.002384
0.862038, 0.373565, -0.135129, -0.792038
0.862487, 0.628285, -0.177995, -0.507928
0.862523, 0.011197, 0.967741, 0.001284
0.862533, 0.033068, 0.963669, 0.003359
0.862567, 0.250440, -0.085995, -0.880673
0.862726, 0.229616, -0.073052, -0.888572
0.862857, 0.508048, -0.162077, -0.652255
0.862876, 0.319811, -0.117487, -0.837675
0.862926, 0.538893, -0.166571, -0.616753
0.863046, 0.181925, -0.031109, -0.891354
0.863534, 0.362421, -0.130660, -0.802523
0.863746, 0.476815, -0.155938, -0.687509
0.864121, 0.207071, -0.055570, -0.894232
0.864139, 0.595542, -0.172288, -0.548801
0.864506, 0.136719, 0.388994, -0.501203
0.864510, 0.351543, -0.126626, -0.812318
0.864942, 0.977629, -0.199205, -0.032708
0.865125, 1.000000, -0.199147, 0.000000
0.865305, 0.955093, -0.198084, -0.065522
0.865368, 0.340256, -0.122410, -0.822155
0.865407, 0.115127, 0.905873, -0.008777
0.865658, 0.426711, -0.144347, -0.741277
0.866065, 0.932561, -0.196075, -0.098085
0.866184, 0.394576, -0.136617, -0.773353
0.866274, 0.742971, -0.183332, -0.359834
0.866302, 0.641129, -0.174410, -0.492093
0.866325, 0.724104, -0.181740, -0.384740
0.866717, 0.775823, -0.185207, -0.315964
0.866777, 0.909588, -0.193911, -0.130994
0.866831, 0.170381, -0.018756, -0.892235
0.866940, 0.712111, -0.179997, -0.400693
0.867031, 0.700051, -0.178838, -0.416390
0.867086, 0.518878, -0.158801, -0.640558
0.867190, 0.383069, -0.132857, -0.784535
0.867195, 0.440098, -0.145447, -0.727675
0.867199, 0.262868, -0.090455, -0.877100
0.867309, 0.550791, -0.162919, -0.603263
0.867680, 0.796661, -0.185352, -0.287816
0.867749, 0.607652, -0.169112, -0.534248
0.867988, 0.466413, -0.149435, -0.699693
0.868174, 0.285834, -0.100468, -0.863919
0.868184, 0.219359, -0.064386, -0.895264
0.868632, 0.044729, 0.959711, 0.001543
0.868684, 0.888548, -0.189982, -0.160868
0.868715, 0.308110, -0.108824, -0.848680
0.868951, 0.000000, 0.968841, 0.000000
0.869167, 0.022255, 0.966647, 0.001195
0.869259, 0.877534, -0.188571, -0.176443
0.869319, 0.574095, -0.163310, -0.575297
0.869400, 0.823601, -0.184869, -0.251249
0.869449, 0.850544, -0.186577, -0.214087
0.869474, 0.653797, -0.171535, -0.476328
0.869510, 0.452497, -0.145294, -0.715026
0.869639, 0.239469, -0.076643, -0.889602
0.869666, 0.864167, -0.187135, -0.195140
0.869750, 0.836816, -0.185267, -0.233100
0.870006, 0.763882, -0.179866, -0.332287
0.870051, 0.125642, 0.669742, -0.234357
0.870305, 0.328698, -0.114687, -0.833268
0.870436, 0.158543, -0.009936, -0.896102
0.870510, 0.064494, 0.948706, -0.001370
0.870664, 0.665508, -0.171073, -0.461506
0.871087, 0.619636, -0.166139, -0.519666
0.871257, 0.497247, -0.150768, -0.665867
0.871266, 0.562887, -0.159615, -0.589207
0.871297, 0.809550, -0.181300, -0.270612
0.871391, 0.530295, -0.155327, -0.627937
0.871607, 0.485193, -0.148509, -0.679529
0.871679, 0.189845, -0.040455, -0.901662
0.871810, 0.988864, -0.189751, -0.016348
0.872052, 0.404242, -0.133062, -0.765279
0.872122, 0.966631, -0.188864, -0.048910
0.872162, 0.416800, -0.135602, -0.752690
0.872220, 0.076203, 0.938973, -0.005870
0.872342, 0.944370, -0.187812, -0.081310
0.872389, 0.785643, -0.178172, -0.303198
0.872627, 0.689401, -0.170500, -0.430655
0.872637, 0.677449, -0.169510, -0.446231
0.872843, 0.274758, -0.092724, -0.872975
0.872901, 0.921817, -0.185943, -0.113813
0.872920, 0.088328, 0.927288, -0.010939
0.873146, 0.586466, -0.160034, -0.560930
0.873424, 0.101965, 0.914892, -0.014932
0.873660, 0.733004, -0.172549, -0.373529
0.874094, 0.200431, -0.049409, -0.903420
0.874149, 0.371240, -0.123381, -0.797342
0.874194, 0.297172, -0.100803, -0.858686
0.874215, 0.147034, -0.029465, -0.927178
0.874360, 0.899001, -0.182620, -0.146406
0.874569, 0.251954, -0.081154, -0.886590
0.874610, 0.632398, -0.162879, -0.503933
0.874648, 0.751720, -0.172636, -0.348830
0.875558, 0.033714, 0.963562, -0.000539
0.875565, 0.509123, -0.147536, -0.653168
0.875636, 0.011160, 0.968476, 0.000016
0.875692, 0.542073, -0.151716, -0.614638
0.876005, 0.054682, 0.953993, -0.002938
0.876022, 0.360197, -0.118878, -0.807874
0.876060, 0.318468, -0.106783, -0.843354
0.876117, 0.434441, -0.134936, -0.735299
0.876371, 0.349149, -0.115648, -0.817735
0.876648, 0.598725, -0.156967, -0.546244
0.876655, 0.179129, -0.030766, -0.905727
0.876685, 0.212764, -0.057862, -0.903106
0.876790, 0.227854, -0.067233, -0.898426
0.876961, 0.136381, -0.005908, -0.911620
0.877045, 0.338176, -0.111986, -0.827408
0.877565, 0.391348, -0.124794, -0.779248
0.877688, 0.114619, 0.827830, -0.091179
0.877700, 0.720010, -0.166162, -0.391059
0.877887, 0.460815, -0.137598, -0.707411
0.878015, 0.474483, -0.139635, -0.692572
0.878412, 0.645402, -0.159175, -0.487820
0.878611, 0.977874, -0.180061, -0.032582
0.878728, 1.000000, -0.180104, 0.000000
0.878830, 0.707761, -0.163739, -0.407282
0.878851, 0.955768, -0.179115, -0.064978
0.879116, 0.798191, -0.169640, -0.286463
0.879209, 0.933697, -0.177665, -0.097022
0.879393, 0.911006, -0.176238, -0.129618
0.879469, 0.167100, -0.019029, -0.906287
0.879683, 0.554188, -0.148340, -0.600667
0.879754, 0.264149, -0.083962, -0.882426
0.879828, 0.521134, -0.144154, -0.639860
0.879845, 0.858074, -0.172470, -0.204228
0.880021, 0.844142, -0.171374, -0.223599
0.880064, 0.819010, -0.169711, -0.258183
0.880068, 0.445958, -0.132759, -0.723880
0.880068, 0.872381, -0.173019, -0.184252
0.880100, 0.773807, -0.166749, -0.319658
0.880289, 0.424685, -0.128749, -0.746164
0.880437, 0.611043, -0.153404, -0.531292
0.880481, 0.286368, -0.092408, -0.868589
0.880731, 0.379695, -0.119131, -0.791101
0.880945, 0.830852, -0.169208, -0.241937
0.880994, 0.696889, -0.159976, -0.421543
0.881118, 0.886429, -0.172402, -0.164597
0.881180, 0.741619, -0.163028, -0.362719
0.881511, 0.240880, -0.072185, -0.895614
0.881783, 0.307988, -0.098951, -0.853389
0.881840, 0.658220, -0.155826, -0.471775
0.881854, 0.567246, -0.147134, -0.585150
0.881917, 0.761099, -0.163381, -0.336805
0.882065, 0.000000, 0.968900, 0.000000
0.882140, 0.487907, -0.136964, -0.678208
0.882158, 0.022511, 0.966282, -0.001559
0.882454, 0.044527, 0.958317, -0.004502
0.882571, 0.578635, -0.147489, -0.571516
0.882653, 0.066931, 0.943586, -0.010779
0.882671, 0.411219, -0.123756, -0.760580
0.883051, 0.623408, -0.151223, -0.516055
0.883107, 0.669843, -0.155124, -0.456978
0.883146, 0.127253, 0.009524, -0.905713
0.883610, 0.154913, -0.006699, -0.906778
0.883643, 0.683399, -0.155441, -0.439327
0.883702, 0.092039, 0.922479, -0.019305
0.883996, 0.329123, -0.103560, -0.837115
0.884066, 0.533253, -0.140619, -0.626165
0.884109, 0.499991, -0.136383, -0.664884
0.884286, 0.190437, -0.040575, -0.912716
0.884297, 0.079062, 0.929391, -0.019878
0.884317, 0.786086, -0.161781, -0.303433
0.885332, 0.809507, -0.161825, -0.271576
0.885437, 0.399946, -0.118760, -0.772465
0.885460, 0.989001, -0.170569, -0.016269
0.885655, 0.966924, -0.169863, -0.048833
0.885740, 0.104597, 0.891032, -0.040668
0.885775, 0.203682, -0.049404, -0.911511
0.885866, 0.945082, -0.168785, -0.080798
0.885869, 0.275798, -0.084839, -0.877742
0.885937, 0.923094, -0.167598, -0.112588
0.885941, 0.728765, -0.155699, -0.380139
0.886049, 0.590423, -0.144334, -0.557399
0.886304, 0.899419, -0.165907, -0.146564
0.886381, 0.217900, -0.057889, -0.907711
0.886447, 0.636487, -0.147992, -0.499769
0.886682, 0.253542, -0.075402, -0.891577
0.887145, 0.366618, -0.110120, -0.804966
0.887309, 0.297675, -0.091450, -0.862961
0.887368, 0.454755, -0.126219, -0.715510
0.887698, 0.141819, 0.008627, -0.904066
0.887926, 0.354131, -0.106535, -0.816474
0.888063, 0.342066, -0.103488, -0.827173
0.888118, 0.545592, -0.137152, -0.611976
0.888214, 0.512160, -0.133159, -0.651382
0.888426, 0.435188, -0.121998, -0.736581
0.888652, 0.011267, 0.967594, -0.001466
0.888734, 0.467115, -0.126546, -0.702234
0.888836, 0.033626, 0.961884, -0.005149
0.888870, 0.177047, -0.029860, -0.917059
0.888871, 0.319215, -0.096732, -0.846703
0.888909, 0.230721, -0.063705, -0.904069
0.889089, 0.056408, 0.949154, -0.011793
0.889175, 0.602427, -0.141530, -0.542847
0.889274, 0.750810, -0.152693, -0.351172
0.889422, 0.715620, -0.150120, -0.397789
0.889980, 0.117725, 0.072444, -0.852652
0.889996, 0.850788, -0.157781, -0.214990
0.890079, 0.864674, -0.158464, -0.195620
0.890367, 0.650077, -0.144025, -0.482815
0.890417, 0.388706, -0.111609, -0.784519
0.890514, 0.478864, -0.126195, -0.689515
0.890646, 0.420316, -0.117155, -0.752736
0.890953, 0.836870, -0.155624, -0.234343
0.891187, 0.878262, -0.157727, -0.176677
0.891223, 0.558477, -0.134733, -0.596837
0.891311, 0.798409, -0.152787, -0.286970
0.891470, 0.912058, -0.159237, -0.128764
0.891685, 0.165793, -0.020610, -0.918796
0.892026, 0.765516, -0.149789, -0.331477
0.892168, 0.822444, -0.153053, -0.254264
0.892229, 0.703611, -0.145501, -0.413687
0.892264, 0.691619, -0.144572, -0.429170
0.892299, 0.978110, -0.160740, -0.032478
0.892389, 0.524475, -0.129680, -0.637495
0.892444, 1.000000, -0.160745, 0.000000
0.892516, 0.265559, -0.076747, -0.886857
0.892577, 0.955984, -0.159729, -0.065121
0.892658, 0.934517, -0.158655, -0.096419
0.892703, 0.377518, -0.107156, -0.795819
0.893009, 0.676296, -0.142579, -0.449452
0.893051, 0.614857, -0.137697, -0.527640
0.893235, 0.287213, -0.083755, -0.872556
0.893694, 0.737732, -0.145793, -0.368793
0.893714, 0.570861, -0.132895, -0.582095
0.893741, 0.243423, -0.067234, -0.900195
0.893742, 0.776091, -0.148142, -0.317506
0.893944, 0.491374, -0.123912, -0.675895
0.894312, 0.445452, -0.117239, -0.726743
0.894506, 0.890253, -0.153752, -0.159992
0.894614, 0.626795, -0.136678, -0.512776
0.894670, 0.131051, 0.021027, -0.903756
0.894764, 0.309163, -0.089179, -0.856435
0.894965, 0.662866, -0.139030, -0.466954
0.895023, 0.408002, -0.110517, -0.766160
0.895118, 0.000000, 0.967271, 0.000000
0.895157, 0.082964, 0.914014, -0.038113
0.895167, 0.068872, 0.936175, -0.022191
0.895260, 0.022479, 0.964210, -0.004757
0.895291, 0.094755, 0.945619, 0.002255
0.895348, 0.045218, 0.954198, -0.011664
0.895407, 0.152445, -0.008399, -0.919464
0.895740, 0.582441, -0.131467, -0.568160
0.895978, 0.332244, -0.094194, -0.837665
0.896208, 0.787797, -0.145365, -0.301683
0.896230, 0.184982, -0.035179, -0.922092
0.896292, 0.196258, -0.042445, -0.920096
0.896452, 0.536964, -0.126170, -0.623183
0.896633, 0.208763, -0.049418, -0.916723
0.896860, 0.503469, -0.121998, -0.662439
0.897380, 0.108166, 0.138844, -0.796021
0.897665, 0.809410, -0.144634, -0.272467
0.897711, 0.640205, -0.133703, -0.495890
0.897781, 0.428885, -0.111006, -0.744881
0.897836, 0.221138, -0.055231, -0.912687
0.898006, 0.724354, -0.139115, -0.386853
0.898757, 0.357354, -0.097289, -0.815983
0.898838, 0.457786, -0.114014, -0.714073
0.898943, 0.594153, -0.128471, -0.553974
0.898981, 0.276917, -0.076394, -0.881679
0.899055, 0.396209, -0.104379, -0.778753
0.899157, 0.902165, -0.147750, -0.143281
0.899166, 0.924053, -0.148804, -0.111803
0.899184, 0.344825, -0.094223, -0.827516
0.899217, 0.989146, -0.151066, -0.016181
0.899235, 0.967248, -0.150619, -0.048717
0.899259, 0.255516, -0.068894, -0.895589
0.899650, 0.757635, -0.138838, -0.342495
0.899774, 0.944975, -0.149032, -0.081511
0.900011, 0.549792, -0.123141, -0.608220
0.900100, 0.298812, -0.082123, -0.866076
0.900205, 0.369211, -0.098300, -0.805308
0.900434, 0.321864, -0.087849, -0.847595
0.900561, 0.857650, -0.143238, -0.206005
0.900741, 0.515763, -0.118808, -0.648604
0.900753, 0.469785, -0.113441, -0.701070
0.900857, 0.685498, -0.132729, -0.437761
0.900946, 0.845131, -0.141977, -0.223387
0.901093, 0.233772, -0.059397, -0.908384
0.901121, 0.870761, -0.143134, -0.187655
0.901385, 0.606107, -0.126361, -0.539314
0.901406, 0.142276, 0.000035, -0.922306
0.901697, 0.011219, 0.964876, -0.003187
0.901761, 0.056976, 0.942821, -0.021569
0.901768, 0.033889, 0.957890, -0.010705
0.901797, 0.832028, -0.140115, -0.241653
0.901919, 0.711236, -0.133020, -0.404421
0.902131, 0.162539, -0.018451, -0.927388
0.902175, 0.120537, 0.029967, -0.906000
0.902318, 0.745807, -0.134527, -0.358565
0.902684, 0.482126, -0.112763, -0.687485
0.902727, 0.651874, -0.128035, -0.481470
0.903135, 0.417553, -0.103638, -0.757609
0.903298, 0.438420, -0.106490, -0.735526
0.903309, 0.562390, -0.120270, -0.593351
0.903496, 0.383663, -0.097780, -0.791897
0.903588, 0.174691, -0.027478, -0.928557
0.903783, 0.914017, -0.141684, -0.126480
0.904294, 0.672965, -0.127421, -0.454525
0.904343, 0.796580, -0.134523, -0.290155
0.904399, 0.882743, -0.139140, -0.170998
0.904736, 0.698030, -0.128357, -0.421684
0.904744, 0.528322, -0.115328, -0.634247
0.904858, 0.820175, -0.135177, -0.258143
0.905076, 0.076290, 0.910837, -0.047832
0.905222, 0.630424, -0.123255, -0.508830
0.905607, 0.098915, 0.211514, -0.733245
0.905704, 0.266634, -0.068574, -0.890826
0.905960, 0.781646, -0.131542, -0.310670
0.906012, 0.494576, -0.110342, -0.673693
0.906031, 0.618569, -0.121385, -0.524026
0.906033, 0.288615, -0.074807, -0.875457
0.906045, 0.978399, -0.141154, -0.032301
0.906051, 0.956312, -0.140541, -0.065106
0.906075, 0.768771, -0.130608, -0.327865
0.906163, 0.574492, -0.117783, -0.578882
0.906203, 0.733257, -0.128518, -0.375534
0.906284, 1.000000, -0.141027, 0.000000
0.906474, 0.245973, -0.061209, -0.903928
0.906670, 0.933616, -0.138655, -0.098389
0.907168, 0.310920, -0.079648, -0.858380
0.907525, 0.406089, -0.097346, -0.770124
0.907621, 0.199283, -0.040825, -0.925766
0.907768, 0.131825, 0.008180, -0.924924
0.907913, 0.186772, -0.034013, -0.929323
0.907931, 0.449100, -0.102846, -0.724636
0.908094, 0.211670, -0.046588, -0.921534
0.908120, 0.045381, 0.947530, -0.020399
0.908196, 0.000000, 0.963674, 0.000000
0.908225, 0.022478, 0.960126, -0.008463
0.908233, 0.894645, -0.134315, -0.154380
0.908373, 0.334663, -0.083905, -0.838444
0.908400, 0.087477, 0.719468, -0.231960
0.908501, 0.541145, -0.112001, -0.619344
0.908806, 0.586060, -0.115415, -0.564891
0.908901, 0.661951, -0.120618, -0.468989
0.909152, 0.224120, -0.051459, -0.916508
0.909330, 0.506994, -0.107766, -0.659723
0.909428, 0.153015, -0.011696, -0.932609
0.909878, 0.066168, 0.942016, -0.021789
0.909939, 0.348059, -0.085135, -0.826880
0.909969, 0.809116, -0.127362, -0.273409
0.909982, 0.110224, 0.034822, -0.911108
0.910382, 0.720467, -0.122130, -0.392736
0.910432, 0.427810, -0.097372, -0.747877
0.910444, 0.640940, -0.117196, -0.495789
0.910486, 0.360425, -0.086913, -0.815536
0.910928, 0.373180, -0.088696, -0.803391
0.911008, 0.460553, -0.100811, -0.712537
0.911278, 0.755716, -0.122767, -0.345743
0.911425, 0.394688, -0.091637, -0.782321
0.911505, 0.685174, -0.118567, -0.438977
0.911565, 0.863609, -0.127871, -0.198172
0.911655, 0.322633, -0.078510, -0.849648
0.911767, 0.597540, -0.112541, -0.550847
0.911809, 0.277923, -0.067647, -0.884890
0.912052, 0.840950, -0.126070, -0.229798
0.912132, 0.553937, -0.108675, -0.604280
0.912366, 0.473213, -0.100711, -0.698588
0.912422, 0.907146, -0.128919, -0.136740
0.912540, 0.301003, -0.072948, -0.867657
0.912634, 0.256516, -0.060912, -0.899651
0.912818, 0.852463, -0.125529, -0.213790
0.912843, 0.967672, -0.131131, -0.048458
0.913005, 0.519528, -0.104615, -0.645427
0.913113, 0.989309, -0.131159, -0.016069
0.913147, 0.608870, -0.111573, -0.536680
0.913192, 0.945273, -0.129826, -0.081631
0.913363, 0.236870, -0.054110, -0.911559
0.913386, 0.165595, -0.020605, -0.935775
0.913808, 0.921580, -0.127677, -0.116070
0.914102, 0.707767, -0.116415, -0.409732
0.914122, 0.874378, -0.124740, -0.183166
0.914322, 0.829143, -0.122269, -0.246222
0.914637, 0.742753, -0.117503, -0.363296
0.914644, 0.033692, 0.950996, -0.017817
0.914754, 0.011183, 0.959953, -0.005260
0.914856, 0.485477, -0.099153, -0.685019
0.914949, 0.142813, -0.004433, -0.935640
0.915282, 0.121108, 0.015145, -0.928393
0.915553, 0.416078, -0.090385, -0.760970
0.915701, 0.055801, 0.944320, -0.023132
0.915767, 0.566560, -0.105193, -0.589226
0.915893, 0.799205, -0.118522, -0.287120
0.915962, 0.788016, -0.117976, -0.302586
0.916072, 0.651000, -0.110499, -0.483381
0.916129, 0.438936, -0.092617, -0.736740
0.916274, 0.628000, -0.108839, -0.512817
0.916438, 0.672862, -0.111316, -0.455328
0.916671, 0.384779, -0.084877, -0.792982
0.916827, 0.532348, -0.101158, -0.630594
0.917071, 0.098406, -0.022945, -0.977053
0.917594, 0.886259, -0.120424, -0.166668
0.917676, 0.775865, -0.115007, -0.319123
0.917840, 0.695982, -0.110745, -0.425384
0.917996, 0.178284, -0.027343, -0.936937
0.918004, 0.498062, -0.096721, -0.670891
0.918056, 0.076929, 0.744189, -0.215878
0.918355, 0.289769, -0.065773, -0.877793
0.918582, 0.729970, -0.111479, -0.380536
0.918611, 0.818540, -0.115662, -0.260900
0.918941, 0.267408, -0.059802, -0.894313
0.918971, 0.578790, -0.102095, -0.574464
0.919078, 0.191352, -0.033378, -0.934038
0.919142, 0.203752, -0.038755, -0.929697
0.919331, 0.933975, -0.120484, -0.098486
0.919357, 0.956801, -0.121388, -0.064850
0.919603, 0.215927, -0.043343, -0.924627
0.919633, 0.764442, -0.111737, -0.334591
0.919908, 0.978742, -0.121179, -0.032048
0.920107, 0.404398, -0.084099, -0.773742
0.920189, 0.340271, -0.074364, -0.836051
0.920263, 1.000000, -0.120884, 0.000000
0.920357, 0.313685, -0.069295, -0.859151
0.920408, 0.227918, -0.047205, -0.918875
0.920539, 0.617012, -0.102619, -0.526828
0.920584, 0.545157, -0.097627, -0.615592
0.920585, 0.131601, 0.003355, -0.937735
0.920607, 0.246796, -0.053022, -0.908145
0.920855, 0.450385, -0.088711, -0.724923
0.921111, 0.328074, -0.071362, -0.846972
0.921191, 0.044519, 0.941756, -0.027080
0.921209, 0.898486, -0.115898, -0.149596
0.921284, 0.022270, 0.953695, -0.012748
0.921294, 0.000000, 0.957759, 0.000000
0.921546, 0.352622, -0.075184, -0.824883
0.921589, 0.510748, -0.093632, -0.656474
0.921843, 0.087483, 0.070944, -0.888109
0.921859, 0.464075, -0.089007, -0.709846
0.921876, 0.590907, -0.099265, -0.559685
0.921925, 0.364404, -0.076664, -0.813768
0.922146, 0.661203, -0.103108, -0.470654
0.922354, 0.426745, -0.084455, -0.750596
0.922400, 0.110076, 0.019421, -0.933052
0.922555, 0.638831, -0.101334, -0.499410
0.922605, 0.154258, -0.013219, -0.942383
0.922920, 0.717442, -0.104981, -0.397394
0.922940, 0.375381, -0.077289, -0.803184
0.923332, 0.683801, -0.102742, -0.441493
0.923356, 0.751957, -0.105997, -0.351453
0.923520, 0.838835, -0.109629, -0.233143
0.923590, 0.862722, -0.110641, -0.199991
0.923832, 0.066644, 0.888514, -0.076800
0.923934, 0.911232, -0.112653, -0.131581
0.923956, 0.807914, -0.107587, -0.275540
0.924073, 0.166899, -0.020296, -0.942152
0.924126, 0.301419, -0.063726, -0.869918
0.924309, 0.278846, -0.058757, -0.887478
0.924321, 0.557872, -0.093976, -0.600523
0.924345, 0.476419, -0.087368, -0.696272
0.924383, 0.850001, -0.108858, -0.217614
0.924403, 0.603717, -0.096873, -0.543898
0.925023, 0.523442, -0.090567, -0.641829
0.925272, 0.393644, -0.077403, -0.785315
0.925723, 0.875743, -0.108272, -0.181976
0.925877, 0.257051, -0.052388, -0.903107
0.926528, 0.968128, -0.111290, -0.048144
0.926690, 0.946061, -0.110283, -0.081004
0.926763, 0.488928, -0.085692, -0.682213
0.926857, 0.923278, -0.109023, -0.114362
0.927032, 0.739330, -0.100378, -0.368483
0.927193, 0.705776, -0.098649, -0.412995
0.927201, 0.989524, -0.110726, -0.015880
0.927407, 0.237263, -0.046204, -0.915892
0.927604, 0.795585, -0.101964, -0.292599
0.927623, 0.142116, -0.005847, -0.945211
0.927773, 0.828493, -0.103141, -0.247602
0.927827, 0.033102, 0.939116, -0.028178
0.927835, 0.414618, -0.077236, -0.764127
0.927929, 0.011102, 0.952213, -0.007893
0.928010, 0.437561, -0.079489, -0.739600
0.928417, 0.570364, -0.089734, -0.585579
0.928481, 0.120196, 0.010062, -0.940916
0.928604, 0.784084, -0.100114, -0.308353
0.928711, 0.649270, -0.093855, -0.486419
0.928782, 0.627424, -0.092605, -0.514230
0.928862, 0.055524, 0.967600, -0.000944
0.928900, 0.536348, -0.086843, -0.626751
0.928924, 0.671702, -0.094690, -0.457468
0.929141, 0.100059, 0.030856, -0.928466
0.929814, 0.501663, -0.083166, -0.667732
0.930029, 0.889025, -0.102687, -0.163410
0.930170, 0.185809, -0.027619, -0.940745
0.930507, 0.198216, -0.032215, -0.936424
0.930550, 0.210744, -0.036497, -0.931018
0.930584, 0.772627, -0.096885, -0.323944
0.930799, 0.223554, -0.040368, -0.924664
0.930835, 0.694419, -0.093213, -0.428009
0.931069, 0.289499, -0.055838, -0.880871
0.931167, 0.727010, -0.094194, -0.385064
0.931199, 0.383466, -0.070131, -0.796253
0.931471, 0.457180, -0.077534, -0.718339
0.931522, 0.322485, -0.061295, -0.853600
0.931768, 0.582032, -0.086250, -0.571454
0.931921, 0.935554, -0.102184, -0.096689
0.931981, 0.269063, -0.051005, -0.896219
0.931995, 0.817162, -0.096663, -0.263272
0.932007, 0.335258, -0.062846, -0.842384
0.932346, 0.347306, -0.064295, -0.831428
0.932351, 0.077251, 0.060893, -0.904183
0.932384, 0.174780, -0.022441, -0.944757
0.932497, 0.615672, -0.087178, -0.529271
0.932570, 0.761082, -0.093662, -0.339575
0.932594, 0.957287, -0.102086, -0.064576
0.932737, 0.549162, -0.083017, -0.611610
0.932795, 0.130241, 0.001391, -0.946995
0.932976, 0.310972, -0.058150, -0.863627
0.933215, 0.403275, -0.070333, -0.776513
0.933306, 0.089096, 0.041144, -0.922648
0.933428, 0.359516, -0.064931, -0.820021
0.933721, 0.514619, -0.079500, -0.652852
0.933870, 0.044102, 0.965267, -0.003069
0.933877, 0.900495, -0.097714, -0.147435
0.933892, 0.979143, -0.100760, -0.031703
0.934072, 0.593738, -0.084001, -0.557048
0.934143, 0.446789, -0.073610, -0.730177
0.934280, 0.371101, -0.065572, -0.808897
0.934296, 0.425185, -0.071436, -0.753632
0.934408, 1.000000, -0.100222, 0.000000
0.934424, 0.468249, -0.075140, -0.706213
0.934432, 0.000000, 0.949002, 0.000000
0.934507, 0.161435, -0.016146, -0.948430
0.934618, 0.022106, 0.944233, -0.017904
0.934918, 0.659958, -0.086204, -0.472964
0.935058, 0.246600, -0.043862, -0.912309
0.935219, 0.854479, -0.093701, -0.212172
0.935376, 0.682486, -0.086589, -0.443733
0.935401, 0.637593, -0.084528, -0.501726
0.935479, 0.748865, -0.089160, -0.356061
0.935504, 0.867201, -0.093860, -0.194498
0.935581, 0.840744, -0.092557, -0.231077
0.936069, 0.149597, -0.010210, -0.950361
0.936158, 0.299512, -0.053568, -0.873674
0.936211, 0.110909, 0.015154, -0.943086
0.936219, 0.715360, -0.086845, -0.400748
0.936316, 0.480240, -0.073921, -0.692823
0.936317, 0.912759, -0.094713, -0.129958
0.936386, 0.804905, -0.090015, -0.280298
0.936457, 0.605195, -0.081551, -0.542688
0.936590, 0.561971, -0.079039, -0.596295
0.936914, 0.527286, -0.076518, -0.638095
0.937088, 0.879973, -0.092053, -0.176503
0.937356, 0.065998, 0.303566, -0.663740
0.937457, 0.258652, -0.044926, -0.904751
0.937576, 0.279592, -0.048926, -0.889656
0.938462, 0.232986, -0.038555, -0.921450
0.938589, 0.492564, -0.072185, -0.678889
0.939115, 0.392033, -0.063045, -0.788588
0.939567, 0.924609, -0.090477, -0.112963
0.939651, 0.736481, -0.082960, -0.372769
0.939788, 0.792964, -0.084796, -0.296683
0.939943, 0.827443, -0.085813, -0.249514
0.940259, 0.968922, -0.091092, -0.047296
0.940554, 0.413653, -0.063644, -0.766459
0.940589, 0.704466, -0.080487, -0.415202
0.940890, 0.136790, -0.003573, -0.952970
0.940954, 0.434978, -0.065087, -0.743739
0.940988, 0.540218, -0.072357, -0.622829
0.941078, 0.947076, -0.089155, -0.080010
0.941100, 0.218750, -0.033549, -0.930162
0.941185, 0.032890, 0.929673, -0.034451
0.941199, 0.011536, 0.940146, -0.012408
0.941256, 0.625447, -0.076359, -0.517496
0.941385, 0.505367, -0.069756, -0.664212
0.941419, 0.648710, -0.077155, -0.487794
0.941455, 0.781481, -0.082064, -0.312367
0.941457, 0.670434, -0.077988, -0.459680
0.941572, 0.989255, -0.089587, -0.016430
0.941603, 0.205657, -0.029799, -0.936854
0.941683, 0.099282, 0.021451, -0.942280
0.941740, 0.574499, -0.073299, -0.581217
0.941948, 0.054822, 0.643888, -0.324608
0.941994, 0.193204, -0.025998, -0.942395
0.942754, 0.122087, 0.004610, -0.952121
0.942994, 0.329691, -0.052139, -0.848972
0.943345, 0.770102, -0.079036, -0.327786
0.943445, 0.181796, -0.021876, -0.947031
0.943455, 0.693225, -0.076191, -0.430007
0.943542, 0.342381, -0.053211, -0.837474
0.943736, 0.379681, -0.057098, -0.801620
0.943786, 0.457714, -0.063716, -0.718721
0.943789, 0.936092, -0.084657, -0.096284
0.943864, 0.317482, -0.049762, -0.859822
0.944129, 0.890085, -0.082220, -0.162473
0.944187, 0.814571, -0.079361, -0.267431
0.944196, 0.086091, 0.030139, -0.937047
0.944238, 0.724833, -0.076280, -0.388501
0.944251, 0.354862, -0.053983, -0.825850
0.944586, 0.169683, -0.017433, -0.951001
0.944679, 0.586540, -0.070184, -0.566506
0.944850, 0.553010, -0.068309, -0.607564
0.945014, 0.758387, -0.076325, -0.343599
0.945166, 0.291585, -0.045014, -0.881575
0.945217, 0.958627, -0.083397, -0.062924
0.945647, 0.367277, -0.053956, -0.814013
0.945701, 0.267719, -0.040783, -0.900026
0.945743, 0.445378, -0.060616, -0.732605
0.945860, 0.613434, -0.069864, -0.532784
0.945873, 0.305418, -0.046399, -0.870345
0.945906, 0.903221, -0.080251, -0.144044
0.945932, 0.518554, -0.065136, -0.648989
0.945951, 0.470575, -0.062154, -0.704598
0.945997, 0.401681, -0.056833, -0.779400
0.946293, 0.043436, 0.905478, -0.061118
0.946309, 0.848805, -0.077545, -0.220401
0.946490, 0.599297, -0.068461, -0.550644
0.946526, 0.861835, -0.077700, -0.202315
0.946626, 0.157405, -0.012536, -0.954389
0.946749, 0.074391, 0.031437, -0.937332
0.946885, 0.875168, -0.077652, -0.183637
0.947126, 0.241203, -0.034975, -0.918387
0.947172, 0.424380, -0.057457, -0.755658
0.947214, 0.681248, -0.070711, -0.445777
0.947322, 0.000000, 0.936390, 0.000000
0.947325, 0.253617, -0.037185, -0.910296
0.947442, 0.746263, -0.072579, -0.359933
0.947653, 0.637696, -0.068534, -0.502059
0.947706, 0.836236, -0.075076, -0.237713
0.947971, 0.483180, -0.060633, -0.690375
0.948001, 0.659077, -0.068891, -0.474744
0.948285, 0.023398, 0.940686, -0.015704
0.948350, 0.145109, -0.007475, -0.956561
0.948420, 1.000000, -0.079482, 0.000000
0.948440, 0.978486, -0.079180, -0.032977
0.948519, 0.279743, -0.040583, -0.891372
0.948714, 0.530943, -0.062443, -0.634459
0.948834, 0.565300, -0.063964, -0.592819
0.948879, 0.110041, 0.010197, -0.952743
0.949048, 0.916171, -0.076125, -0.125523
0.949113, 0.802578, -0.072007, -0.283944
0.949179, 0.227521, -0.031008, -0.927132
0.950037, 0.495955, -0.058970, -0.675722
0.950259, 0.714106, -0.067713, -0.402814
0.951473, 0.063030, 0.021290, -0.947400
0.951601, 0.388775, -0.049937, -0.793276
0.951781, 0.213424, -0.026622, -0.935555
0.951786, 0.130832, -0.001245, -0.958209
0.952294, 0.790554, -0.067181, -0.300473
0.952421, 0.823099, -0.067966, -0.256074
0.952501, 0.509101, -0.056756, -0.660450
0.952758, 0.734113, -0.064919, -0.376461
0.952935, 0.928297, -0.070772, -0.107995
0.952966, 0.626772, -0.061198, -0.516089
0.952973, 0.412206, -0.050317, -0.768942
0.953076, 0.096550, 0.017307, -0.949682
0.953102, 0.543961, -0.057718, -0.618977
0.953132, 0.200572, -0.023114, -0.942260
0.953756, 0.703230, -0.062632, -0.417207
0.953806, 0.011643, 0.927513, -0.014457
0.954176, 0.669349, -0.061045, -0.461635
0.954351, 0.336689, -0.042565, -0.843875
0.954410, 0.779349, -0.063890, -0.315668
0.954532, 0.435512, -0.050220, -0.744191
0.954630, 0.648495, -0.059773, -0.488524
0.954765, 0.324263, -0.040927, -0.855177
0.954826, 0.941061, -0.068397, -0.089340
0.954863, 0.966996, -0.069255, -0.050606
0.954920, 0.189092, -0.019672, -0.947679
0.954961, 0.952812, -0.068672, -0.071965
0.955019, 0.578691, -0.056787, -0.576587
0.955039, 0.349494, -0.043135, -0.831989
0.955239, 0.050776, 0.202875, -0.764051
0.955410, 0.035880, 0.850144, -0.112396
0.955510, 0.449665, -0.050004, -0.728617
0.955549, 0.462108, -0.050689, -0.714833
0.955680, 0.691616, -0.059683, -0.432425
0.955712, 0.767669, -0.061749, -0.331430
0.955724, 0.177020, -0.016368, -0.952354
0.955774, 0.989675, -0.068363, -0.015932
0.956031, 0.882683, -0.064640, -0.173492
0.956104, 0.362166, -0.043213, -0.819979
0.956173, 0.375887, -0.044251, -0.806540
0.956219, 0.895271, -0.064809, -0.155749
0.956257, 0.312209, -0.038346, -0.865900
0.956317, 0.083743, 0.024743, -0.943891
0.956350, 0.299230, -0.036846, -0.876925
0.956591, 0.591689, -0.055300, -0.560734
0.956614, 0.120026, 0.003148, -0.959329
0.956951, 0.604917, -0.055304, -0.544142
0.957006, 0.164858, -0.012723, -0.956305
0.957096, 0.261126, -0.031473, -0.906603
0.957102, 0.616632, -0.055495, -0.529181
0.957179, 0.755883, -0.059388, -0.347228
0.957389, 0.812026, -0.060588, -0.271347
0.957501, 0.868839, -0.062049, -0.192918
0.957608, 0.855714, -0.061489, -0.211159
0.957635, 0.554915, -0.052590, -0.606012
0.957768, 0.399770, -0.044383, -0.782372
0.957776, 0.474419, -0.048801, -0.701027
0.957823, 0.287150, -0.034243, -0.886877
0.957901, 0.723773, -0.057586, -0.390314
0.957962, 0.908082, -0.062654, -0.137485
0.958179, 0.273441, -0.032310, -0.897663
0.958285, 0.843285, -0.060127, -0.228275
0.958292, 0.247903, -0.028773, -0.916001
0.958363, 0.522787, -0.050373, -0.644518
0.958573, 0.152395, -0.008802, -0.959436
0.958586, 0.235172, -0.026650, -0.924294
0.958877, 0.422930, -0.044693, -0.757865
0.958926, 0.679782, -0.054998, -0.448040
0.959056, 0.139482, -0.004587, -0.961031
0.959184, 0.743982, -0.056314, -0.363232
0.959538, 0.831119, -0.058005, -0.245115
0.959540, 0.486832, -0.047366, -0.686860
0.959669, 0.567410, -0.050525, -0.590671
0.959927, 0.221796, -0.023703, -0.932506
0.960059, 0.535434, -0.048832, -0.629477
0.960127, 0.000000, 0.921136, 0.000000
0.960571, 0.636950, -0.051624, -0.503538
0.960620, 0.023299, 0.943930, -0.006286
0.960893, 0.106751, 0.008389, -0.958433
0.961014, 0.071777, 0.029386, -0.938761
0.961321, 0.499288, -0.045834, -0.672443
0.961571, 0.659449, -0.050936, -0.474596
0.961904, 0.799231, -0.053897, -0.289067
0.961922, 0.979499, -0.058904, -0.031682
0.962144, 0.921024, -0.056819, -0.118842
0.962592, 1.000000, -0.058080, 0.000000
0.963035, 0.511821, -0.044307, -0.657669
0.963167, 0.207972, -0.019636, -0.940669
0.963779, 0.388366, -0.037404, -0.794378
0.964438, 0.711605, -0.048394, -0.406722
0.964770, 0.059958, 0.024480, -0.940832
0.965121, 0.409828, -0.037244, -0.772384
0.965132, 0.093786, 0.013123, -0.955673
0.965341, 0.442578, -0.038652, -0.736859
0.965705, 0.788279, -0.048294, -0.304011
0.965728, 0.342920, -0.032470, -0.839159
0.965755, 0.330631, -0.031540, -0.850507
0.965903, 0.046422, 0.027706, -0.934079
0.965922, 0.932632, -0.051561, -0.102178
0.966177, 0.698859, -0.045734, -0.423373
0.966264, 0.957995, -0.051833, -0.064570
0.966358, 0.196791, -0.016205, -0.946722
0.966358, 0.011215, 0.924916, -0.001772
0.966362, 0.625515, -0.043752, -0.518159
0.966453, 0.130098, -0.001253, -0.963889
0.966473, 0.455333, -0.037964, -0.722765
0.966736, 0.775994, -0.046587, -0.320636
0.966807, 0.945339, -0.050621, -0.083492
0.966942, 0.184328, -0.013789, -0.952211
0.966975, 0.735688, -0.045416, -0.374536
0.967087, 0.354724, -0.031967, -0.828127
0.967090, 0.586229, -0.041786, -0.567798
0.967113, 0.821080, -0.046976, -0.259212
0.967167, 0.366916, -0.032653, -0.816288
0.967180, 0.318955, -0.029366, -0.861103
0.967209, 0.546101, -0.040441, -0.616853
0.967242, 0.647390, -0.043147, -0.490373
0.967404, 0.969640, -0.050330, -0.046876
0.967509, 0.306500, -0.028097, -0.871989
0.967606, 0.888421, -0.047853, -0.165786
0.967615, 0.034158, 0.389612, -0.567794
0.967635, 0.875517, -0.047474, -0.183902
0.967664, 0.599504, -0.041406, -0.551148
0.967695, 0.671211, -0.043087, -0.459500
0.967774, 0.431672, -0.035455, -0.748895
0.967797, 0.171640, -0.011103, -0.956955
0.967865, 0.763368, -0.044748, -0.337603
0.968015, 0.685997, -0.042963, -0.440132
0.968034, 0.466794, -0.036665, -0.709998
0.968314, 0.900966, -0.047131, -0.147998
0.968319, 0.294096, -0.026385, -0.882444
0.968344, 0.378360, -0.032151, -0.804866
0.968378, 0.117004, 0.002756, -0.963672
0.968438, 0.612791, -0.040750, -0.534374
0.968459, 0.574126, -0.039700, -0.582605
0.968477, 0.861877, -0.045920, -0.202946
0.968511, 0.280920, -0.025083, -0.893058
0.968512, 0.254861, -0.022549, -0.912516
0.968735, 0.267602, -0.023676, -0.903320
0.968817, 0.081692, 0.017446, -0.950919
0.968828, 0.158604, -0.008173, -0.960845
0.968951, 0.723562, -0.042469, -0.390762
0.969029, 0.750275, -0.042859, -0.355073
0.969064, 0.559705, -0.038553, -0.600488
0.969098, 0.808287, -0.043894, -0.276800
0.969099, 0.848521, -0.044706, -0.221429
0.969172, 0.144794, -0.005016, -0.963545
0.969373, 0.241674, -0.020551, -0.921598
0.969614, 0.479060, -0.035310, -0.696090
0.969808, 0.531793, -0.036829, -0.634225
0.969849, 0.228844, -0.018790, -0.929760
0.969854, 0.835151, -0.043324, -0.239866
0.969858, 0.913432, -0.045112, -0.130056
0.970438, 0.419806, -0.032020, -0.761857
0.970489, 0.398772, -0.030995, -0.784218
0.970753, 0.215928, -0.016699, -0.937426
0.970775, 0.989149, -0.045501, -0.016877
0.971101, 0.491781, -0.034014, -0.681444
0.971218, 0.519525, -0.034735, -0.648674
0.972473, 0.505038, -0.032808, -0.665948
0.973156, 0.000000, 0.926765, 0.000000
0.973194, 0.103851, 0.006098, -0.962723
0.973407, 0.635530, -0.034795, -0.505586
0.973432, 0.021821, 0.710472, -0.232215
0.973821, 0.658304, -0.034688, -0.476413
0.975151, 0.069069, 0.019311, -0.945150
0.976193, 1.000000, -0.037214, 0.000000
0.976357, 0.798068, -0.033466, -0.291100
0.976501, 0.447985, -0.026403, -0.731282
0.976504, 0.055917, 0.019731, -0.938739
0.976634, 0.978260, -0.036321, -0.033796
0.976714, 0.923994, -0.035083, -0.114946
0.976807, 0.337031, -0.021725, -0.845211
0.976865, 0.705182, -0.031376, -0.415223
0.977296, 0.205591, -0.011922, -0.943984
0.977579, 0.784671, -0.031535, -0.309159
0.977709, 0.386472, -0.022967, -0.797205
0.977726, 0.937667, -0.033919, -0.095196
0.977925, 0.192227, -0.010188, -0.950488
0.978038, 0.951400, -0.033726, -0.074784
0.978043, 0.093138, 0.007848, -0.960863
0.978043, 0.043443, -0.008662, -0.959170
0.978046, 0.717005, -0.029952, -0.399682
0.978149, 0.692602, -0.029452, -0.431712
0.978175, 0.679365, -0.029223, -0.448917
0.978185, 0.137537, -0.002462, -0.966352
0.978282, 0.593809, -0.027715, -0.558498
0.978373, 0.743622, -0.029859, -0.364244
0.978379, 0.622004, -0.028076, -0.522978
0.978416, 0.771332, -0.030172, -0.327109
0.978445, 0.347901, -0.020673, -0.835035
0.978486, 0.178950, -0.008415, -0.956077
0.978497, 0.326231, -0.019629, -0.855356
0.978506, 0.124937, -0.000042, -0.966946
0.978520, 0.607453, -0.027649, -0.541361
0.978598, 0.964621, -0.033108, -0.054792
0.978612, 0.540130, -0.026261, -0.624427
0.978650, 0.411120, -0.022856, -0.771522
0.978668, 0.553091, -0.026462, -0.608807
0.978678, 0.360097, -0.020956, -0.823385
0.978690, 0.882119, -0.031392, -0.174843
0.978726, 0.314097, -0.018818, -0.866235
0.978776, 0.868617, -0.031040, -0.193741
0.978782, 0.826400, -0.030411, -0.252275
0.978838, 0.567125, -0.026513, -0.591546
0.978894, 0.437536, -0.023412, -0.743089
0.978907, 0.580772, -0.026682, -0.574702
0.978934, 0.812985, -0.029992, -0.270613
0.978986, 0.730850, -0.028834, -0.381176
0.979040, 0.301435, -0.017883, -0.877132
0.979073, 0.757796, -0.029071, -0.345246
0.979117, 0.372715, -0.021022, -0.811080
0.979122, 0.458833, -0.023748, -0.719231
0.979129, 0.895577, -0.030973, -0.155834
0.979131, 0.165515, -0.006505, -0.960751
0.979140, 0.288197, -0.017069, -0.888082
0.979214, 0.274814, -0.016219, -0.898667
0.979327, 0.151699, -0.004543, -0.964322
0.979411, 0.261341, -0.015220, -0.908828
0.979451, 0.854819, -0.029843, -0.212930
0.979452, 0.011609, 0.857747, -0.056210
0.979534, 0.248016, -0.014222, -0.918281
0.979653, 0.667410, -0.027079, -0.464564
0.979653, 0.031375, 0.050943, -0.890258
0.979679, 0.647530, -0.026767, -0.490216
0.979807, 0.909222, -0.030185, -0.136334
0.979810, 0.470975, -0.023274, -0.705555
0.979910, 0.840913, -0.028972, -0.232163
0.979981, 0.080930, 0.011052, -0.955389
0.980157, 0.112429, 0.002445, -0.966249
0.980200, 0.425444, -0.021616, -0.756253
0.980220, 0.234291, -0.012770, -0.927444
0.980490, 0.220450, -0.011526, -0.935948
0.980859, 0.484061, -0.022367, -0.690638
0.980966, 0.526509, -0.023117, -0.640764
0.981170, 0.398809, -0.019788, -0.784501
0.981193, 0.512468, -0.022564, -0.657371
0.981705, 0.497795, -0.021665, -0.674706
0.984734, 0.634974, -0.019974, -0.506377
0.985921, 0.987310, -0.022058, -0.019881
0.986045, 0.000000, 0.991220, 0.000000
0.987634, 0.062734, 0.012028, -0.943803
0.988067, 0.102723, 0.002766, -0.965994
0.988096, 0.022404, 0.010747, -0.907992
0.988252, 0.657773, -0.015562, -0.477246
0.988328, 1.000000, -0.018326, 0.000000
0.988400, 0.792066, -0.016373, -0.299324
0.988401, 0.805050, -0.016471, -0.281714
0.988524, 0.930667, -0.017426, -0.105675
0.988629, 0.973044, -0.017707, -0.042022
0.988738, 0.917440, -0.016931, -0.124735
0.988753, 0.337172, -0.010549, -0.845700
0.988754, 0.199267, -0.005596, -0.948019
0.988792, 0.049944, 0.015978, -0.929561
0.988821, 0.613911, -0.014448, -0.533430
0.988837, 0.698227, -0.015090, -0.424544
0.988846, 0.447949, -0.012538, -0.731876
0.988905, 0.944416, -0.017000, -0.085429
0.988966, 0.710849, -0.015013, -0.407964
0.988988, 0.212327, -0.006148, -0.941172
0.989037, 0.778681, -0.015380, -0.317372
0.989039, 0.684992, -0.014724, -0.441890
0.989055, 0.378729, -0.011126, -0.805345
0.989064, 0.074889, 0.007171, -0.954134
0.989159, 0.185932, -0.004674, -0.954190
0.989162, 0.724030, -0.014832, -0.390464
0.989166, 0.600669, -0.013890, -0.550129
0.989197, 0.751136, -0.014970, -0.354356
0.989228, 0.560358, -0.013435, -0.600078
0.989235, 0.144455, -0.001835, -0.966850
0.989252, 0.958419, -0.016610, -0.064391
0.989378, 0.130951, -0.000648, -0.968378
0.989422, 0.546987, -0.013063, -0.616363
0.989423, 0.587448, -0.013443, -0.566632
0.989430, 0.875272, -0.015520, -0.184571
0.989431, 0.765028, -0.014735, -0.335720
0.989434, 0.573894, -0.013306, -0.583444
0.989479, 0.172363, -0.003740, -0.959506
0.989501, 0.833055, -0.015097, -0.243208
0.989535, 0.351107, -0.010101, -0.832622
0.989539, 0.419476, -0.011340, -0.762850
0.989553, 0.888998, -0.015455, -0.165276
0.989561, 0.737713, -0.014374, -0.372247
0.989565, 0.323266, -0.009474, -0.858346
0.989589, 0.861520, -0.015176, -0.203738
0.989607, 0.819120, -0.014847, -0.262394
0.989655, 0.295723, -0.008687, -0.882214
0.989656, 0.309478, -0.009049, -0.870511
0.989659, 0.158480, -0.002779, -0.963825
0.989663, 0.282044, -0.008294, -0.893374
0.989713, 0.268401, -0.007841, -0.903983
0.989717, 0.364904, -0.010204, -0.819192
0.989843, 0.089252, 0.004121, -0.962006
0.989858, 0.254700, -0.007291, -0.914081
0.989875, 0.533755, -0.012367, -0.632231
0.989914, 0.902991, -0.015039, -0.145403
0.989943, 0.847431, -0.014555, -0.223286
0.989957, 0.391612, -0.010443, -0.792216
0.989987, 0.036508, 0.012827, -0.917627
0.989993, 0.671687, -0.013347, -0.459193
0.989993, 0.240935, -0.006715, -0.923598
0.990070, 0.461862, -0.011336, -0.716335
0.990166, 0.117252, 0.000716, -0.968377
0.990176, 0.433956, -0.010855, -0.747139
0.990323, 0.406156, -0.010284, -0.776885
0.990335, 0.226755, -0.005966, -0.932725
0.990410, 0.475928, -0.011117, -0.700274
0.990529, 0.626488, -0.012336, -0.517321
0.990627, 0.505006, -0.011173, -0.666353
0.990660, 0.519424, -0.011278, -0.649336
0.990892, 0.490294, -0.010712, -0.683613
0.991263, 0.644506, -0.011490, -0.494192
0.991507, 0.009728, 0.374593, -0.554816
1.000000, 0.000000, 0.000000, 0.000000
1.000000, 0.015532, 0.000000, -0.949038
1.000000, 0.028850, 0.000000, -0.910202
1.000000, 0.042949, 0.000000, -0.924515
1.000000, 0.056291, 0.000000, -0.940703
1.000000, 0.069044, 0.000000, -0.951603
1.000000, 0.082503, 0.000000, -0.959822
1.000000, 0.096534, 0.000000, -0.965272
1.000000, 0.109755, 0.000000, -0.968095
1.000000, 0.124015, 0.000000, -0.969097
1.000000, 0.137778, 0.000000, -0.968257
1.000000, 0.151462, 0.000000, -0.965919
1.000000, 0.165363, 0.000000, -0.962166
1.000000, 0.179123, 0.000000, -0.957283
1.000000, 0.192679, 0.000000, -0.951464
1.000000, 0.206020, 0.000000, -0.944867
1.000000, 0.219510, 0.000000, -0.937344
1.000000, 0.233742, 0.000000, -0.928464
1.000000, 0.247716, 0.000000, -0.919143
1.000000, 0.261565, 0.000000, -0.909240
1.000000, 0.275318, 0.000000, -0.898825
1.000000, 0.289054, 0.000000, -0.887876
1.000000, 0.302820, 0.000000, -0.876402
1.000000, 0.316639, 0.000000, -0.864421
1.000000, 0.330474, 0.000000, -0.852003
1.000000, 0.343940, 0.000000, -0.839614
1.000000, 0.357765, 0.000000, -0.826247
1.000000, 0.371624, 0.000000, -0.812533
1.000000, 0.385056, 0.000000, -0.799085
1.000000, 0.398969, 0.000000, -0.784571
1.000000, 0.413133, 0.000000, -0.769632
1.000000, 0.426906, 0.000000, -0.755005
1.000000, 0.441120, 0.000000, -0.739445
1.000000, 0.454635, 0.000000, -0.724669
1.000000, 0.468755, 0.000000, -0.708538
1.000000, 0.483042, 0.000000, -0.692077
1.000000, 0.497614, 0.000000, -0.675040
1.000000, 0.512011, 0.000000, -0.658170
1.000000, 0.526367, 0.000000, -0.641070
1.000000, 0.540182, 0.000000, -0.624592
1.000000, 0.553712, 0.000000, -0.608248
1.000000, 0.567155, 0.000000, -0.591829
1.000000, 0.580727, 0.000000, -0.575018
1.000000, 0.594305, 0.000000, -0.558074
1.000000, 0.607788, 0.000000, -0.541166
1.000000, 0.621199, 0.000000, -0.524294
1.000000, 0.635694, 0.000000, -0.505471
1.000000, 0.650763, 0.000000, -0.485954
1.000000, 0.663986, 0.000000, -0.469427
1.000000, 0.677907, 0.000000, -0.451074
1.000000, 0.691215, 0.000000, -0.433798
1.000000, 0.704361, 0.000000, -0.416575
1.000000, 0.717586, 0.000000, -0.399091
1.000000, 0.730985, 0.000000, -0.381304
1.000000, 0.744658, 0.000000, -0.363021
1.000000, 0.758202, 0.000000, -0.344960
1.000000, 0.771928, 0.000000, -0.326478
1.000000, 0.785479, 0.000000, -0.308234
1.000000, 0.798750, 0.000000, -0.290345
1.000000, 0.812090, 0.000000, -0.272196
1.000000, 0.826103, 0.000000, -0.252802
1.000000, 0.840085, 0.000000, -0.233538
1.000000, 0.854292, 0.000000, -0.213791
1.000000, 0.868258, 0.000000, -0.194401
1.000000, 0.882118, 0.000000, -0.175023
1.000000, 0.896062, 0.000000, -0.155333
1.000000, 0.910254, 0.000000, -0.135074
1.000000, 0.923822, 0.000000, -0.115687
1.000000, 0.937238, 0.000000, -0.096159
1.000000, 0.950773, 0.000000, -0.076013
1.000000, 0.964301, 0.000000, -0.055505
1.000000, 0.976971, 0.000000, -0.036006
1.000000, 0.988540, 0.000000, -0.017999
1.000000, 1.000000, 0.000000, 0.000000
