0.000000, 0.000000, 0.000000, 0.000000
0.000000, 0.010755, 0.000000, 0.011873
0.000000, 0.021597, 0.000000, 0.023807
0.000000, 0.033448, 0.000000, 0.036791
0.000000, 0.045500, 0.000000, 0.049878
0.000000, 0.057899, 0.000000, 0.063202
0.000000, 0.070478, 0.000000, 0.076566
0.000000, 0.083276, 0.000000, 0.090013
0.000000, 0.096279, 0.000000, 0.103543
0.000000, 0.109343, 0.000000, 0.117016
0.000000, 0.122354, 0.000000, 0.130325
0.000000, 0.135251, 0.000000, 0.143403
0.000000, 0.148125, 0.000000, 0.156367
0.000000, 0.160994, 0.000000, 0.169236
0.000000, 0.173929, 0.000000, 0.182106
0.000000, 0.186917, 0.000000, 0.194967
0.000000, 0.199955, 0.000000, 0.207819
0.000000, 0.213057, 0.000000, 0.220682
0.000000, 0.226249, 0.000000, 0.233588
0.000000, 0.239548, 0.000000, 0.246567
0.000000, 0.252916, 0.000000, 0.259579
0.000000, 0.266310, 0.000000, 0.272574
0.000000, 0.279730, 0.000000, 0.285556
0.000000, 0.293210, 0.000000, 0.298571
0.000000, 0.306746, 0.000000, 0.311644
0.000000, 0.320139, 0.000000, 0.324520
0.000000, 0.333464, 0.000000, 0.337285
0.000000, 0.346801, 0.000000, 0.350023
0.000000, 0.360197, 0.000000, 0.362774
0.000000, 0.373712, 0.000000, 0.375612
0.000000, 0.387310, 0.000000, 0.388502
0.000000, 0.400954, 0.000000, 0.401403
0.000000, 0.414644, 0.000000, 0.414307
0.000000, 0.428410, 0.000000, 0.427244
0.000000, 0.442304, 0.000000, 0.440282
0.000000, 0.456306, 0.000000, 0.453537
0.000000, 0.469470, 0.000000, 0.465832
0.000000, 0.482296, 0.000000, 0.477700
0.000000, 0.495090, 0.000000, 0.489508
0.000000, 0.507721, 0.000000, 0.501098
0.000000, 0.520000, 0.000000, 0.512281
0.000000, 0.531685, 0.000000, 0.522972
0.000000, 0.542741, 0.000000, 0.533266
0.000000, 0.554654, 0.000000, 0.544281
0.000000, 0.567726, 0.000000, 0.556155
0.000000, 0.581396, 0.000000, 0.568474
0.000000, 0.595347, 0.000000, 0.581046
0.000000, 0.609204, 0.000000, 0.593478
0.000000, 0.622924, 0.000000, 0.605639
0.000000, 0.637031, 0.000000, 0.618202
0.000000, 0.651128, 0.000000, 0.630713
0.000000, 0.664928, 0.000000, 0.642892
0.000000, 0.678431, 0.000000, 0.654507
0.000000, 0.692643, 0.000000, 0.666908
0.000000, 0.706570, 0.000000, 0.678825
0.000000, 0.720639, 0.000000, 0.690692
0.000000, 0.735083, 0.000000, 0.702907
0.000000, 0.749533, 0.000000, 0.714857
0.000000, 0.764823, 0.000000, 0.727873
0.000000, 0.778977, 0.000000, 0.739438
0.000000, 0.793123, 0.000000, 0.751072
0.000000, 0.806711, 0.000000, 0.761776
0.000000, 0.821308, 0.000000, 0.773307
0.000000, 0.836489, 0.000000, 0.785295
0.000000, 0.851557, 0.000000, 0.797208
0.000000, 0.865590, 0.000000, 0.807785
0.000000, 0.879696, 0.000000, 0.818323
0.000000, 0.893469, 0.000000, 0.828438
0.000000, 0.906920, 0.000000, 0.838132
0.000000, 0.920080, 0.000000, 0.847397
0.000000, 0.933351, 0.000000, 0.856637
0.000000, 0.945699, 0.000000, 0.864715
0.000000, 0.959562, 0.000000, 0.874505
0.000000, 0.972602, 0.000000, 0.885761
0.000000, 0.985200, 0.000000, 0.908669
0.000000, 1.000000, 0.000000, 0.000000
0.008688, 0.756863, 0.007311, 0.721045
0.009154, 0.828561, 0.007261, 0.779064
0.009174, 0.989329, -0.311638, 0.605407
0.009439, 0.844117, 0.007371, 0.791317
0.009857, 0.952306, 0.007009, 0.869455
0.009887, 0.813458, 0.007952, 0.767110
0.009940, 0.449389, 0.009560, 0.446955
0.009973, 0.742105, 0.008477, 0.708743
0.009980, 0.728090, 0.008563, 0.697013
0.010035, 0.588108, 0.009218, 0.574421
0.010039, 0.629506, 0.009063, 0.611461
0.010131, 0.435276, 0.009783, 0.433694
0.010174, 0.573633, 0.009396, 0.561314
0.010277, 0.643845, 0.009218, 0.624197
0.010306, 0.685295, 0.009059, 0.660475
0.010309, 0.602226, 0.009416, 0.587148
0.010314, 0.559073, 0.009576, 0.548095
0.010322, 0.421445, 0.010006, 0.420699
0.010435, 0.407752, 0.010155, 0.407803
0.010478, 0.544421, 0.009778, 0.534749
0.010507, 0.394106, 0.010262, 0.394916
0.010587, 0.380470, 0.010379, 0.382005
0.010596, 0.786793, 0.008725, 0.745831
0.010617, 0.615959, 0.009644, 0.599449
0.010656, 0.299872, 0.010675, 0.304985
0.010727, 0.366865, 0.010555, 0.369096
0.010731, 0.286343, 0.010790, 0.291931
0.010740, 0.713560, 0.009291, 0.684674
0.010755, 0.529944, 0.010086, 0.521550
0.010814, 0.272913, 0.010914, 0.278951
0.010838, 0.259492, 0.010980, 0.265945
0.010842, 0.246054, 0.011026, 0.252884
0.010847, 0.873188, 0.008197, 0.813350
0.010873, 0.772022, 0.009048, 0.733691
0.010895, 0.658173, 0.009710, 0.636908
0.010909, 0.232671, 0.011138, 0.239842
0.010924, 0.353373, 0.010788, 0.356267
0.010932, 0.313487, 0.010912, 0.318106
0.010970, 0.699525, 0.009567, 0.672743
0.011014, 0.340062, 0.010916, 0.343574
0.011039, 0.326795, 0.010979, 0.330880
0.011049, 0.219432, 0.011328, 0.226906
0.011120, 0.102757, 0.011899, 0.110204
0.011166, 0.206315, 0.011496, 0.214049
0.011166, 0.887183, 0.008286, 0.823732
0.011169, 0.089484, 0.012018, 0.096455
0.011182, 0.516151, 0.010539, 0.508991
0.011216, 0.115915, 0.011938, 0.123719
0.011248, 0.193275, 0.011631, 0.201219
0.011284, 0.858792, 0.008675, 0.802545
0.011303, 0.463716, 0.010827, 0.460431
0.011309, 0.180291, 0.011745, 0.188391
0.011314, 0.502733, 0.010710, 0.496642
0.011361, 0.000000, 0.012554, 0.000000
0.011383, 0.167337, 0.011877, 0.175532
0.011395, 0.927071, 0.008022, 0.852252
0.011400, 0.025016, 0.012562, 0.027551
0.011421, 0.076389, 0.012359, 0.082763
0.011422, 0.128820, 0.012094, 0.136860
0.011462, 0.141660, 0.012075, 0.149838
0.011462, 0.489552, 0.010895, 0.484461
0.011488, 0.154447, 0.012043, 0.162672
0.011504, 0.900785, 0.008386, 0.833661
0.011553, 0.671386, 0.010226, 0.648421
0.011638, 0.799668, 0.009474, 0.756179
0.011641, 0.063534, 0.012666, 0.069174
0.011722, 0.964908, 0.009398, 0.878824
0.011725, 0.050873, 0.012824, 0.055643
0.011731, 0.476511, 0.011194, 0.472369
0.011836, 0.914050, 0.008490, 0.843174
0.011937, 0.037990, 0.013110, 0.041715
0.013129, 0.940476, 0.009222, 0.861456
0.013423, 1.000000, -1.026841, 0.000000
0.013695, 0.976980, 0.019424, 0.893330
0.013912, 0.011588, 0.015362, 0.012782
0.018511, 0.762079, 0.015518, 0.725225
0.018733, 0.834890, 0.014767, 0.783840
0.019000, 0.820561, 0.015185, 0.772577
0.019327, 0.749279, 0.016350, 0.714601
0.019666, 0.580823, 0.018112, 0.567785
0.019772, 0.565959, 0.018308, 0.554276
0.019906, 0.635517, 0.017920, 0.616652
0.019943, 0.455847, 0.019142, 0.452939
0.019996, 0.781212, 0.016525, 0.741051
0.020028, 0.551339, 0.018645, 0.541013
0.020069, 0.721987, 0.017280, 0.691769
0.020129, 0.441956, 0.019399, 0.439916
0.020225, 0.595053, 0.018525, 0.580643
0.020397, 0.650407, 0.018242, 0.629952
0.020564, 0.428236, 0.019896, 0.427044
0.020629, 0.537115, 0.019301, 0.528082
0.020773, 0.847362, 0.016160, 0.793405
0.020839, 0.414618, 0.020239, 0.414232
0.020906, 0.953495, 0.009779, 0.865645
0.020926, 0.735403, 0.017861, 0.703011
0.020983, 0.988156, -0.864840, 0.000988
0.020983, 0.401036, 0.020455, 0.401420
0.020996, 0.608904, 0.019125, 0.593091
0.021018, 0.691622, 0.018405, 0.665728
0.021083, 0.387442, 0.020628, 0.388563
0.021244, 0.373812, 0.020862, 0.375640
0.021324, 0.306327, 0.021321, 0.311144
0.021395, 0.622483, 0.019377, 0.605203
0.021423, 0.292850, 0.021500, 0.298160
0.021567, 0.360174, 0.021257, 0.362680
0.021597, 0.706791, 0.018755, 0.678751
0.021599, 0.252554, 0.021921, 0.259148
0.021608, 0.279494, 0.021765, 0.285269
0.021639, 0.266078, 0.021878, 0.272280
0.021641, 0.678769, 0.019090, 0.654784
0.021656, 0.807122, 0.017520, 0.762016
0.021693, 0.239075, 0.022103, 0.246027
0.021727, 0.523626, 0.020425, 0.515800
0.021984, 0.225802, 0.022490, 0.233076
0.021994, 0.346645, 0.021757, 0.349795
0.022032, 0.320098, 0.021950, 0.324402
0.022033, 0.096041, 0.023623, 0.103167
0.022108, 0.869552, 0.016766, 0.810495
0.022112, 0.333394, 0.021952, 0.337145
0.022227, 0.109432, 0.023704, 0.116986
0.022232, 0.510196, 0.020992, 0.503457
0.022256, 0.212669, 0.022862, 0.220221
0.022362, 0.882083, 0.016686, 0.819875
0.022442, 0.082708, 0.024196, 0.089292
0.022444, 0.199625, 0.023153, 0.207407
0.022593, 0.186653, 0.023407, 0.194615
0.022621, 0.496995, 0.021450, 0.491284
0.022685, 0.173717, 0.023608, 0.181802
0.022755, 0.122316, 0.024142, 0.130160
0.022842, 0.160761, 0.023881, 0.168903
0.022848, 0.895125, 0.016730, 0.829389
0.022909, 0.019962, 0.025229, 0.021963
0.022914, 0.135173, 0.024190, 0.143209
0.022945, 0.483786, 0.021848, 0.479072
0.022989, 0.069554, 0.024923, 0.075462
0.023054, 0.147861, 0.024218, 0.155988
0.023084, 0.663903, 0.020508, 0.641728
0.023110, 0.932703, 0.014952, 0.854842
0.023363, 0.044539, 0.025577, 0.048749
0.023423, 0.908235, 0.016726, 0.838656
0.023431, 0.858340, 0.018007, 0.801807
0.023467, 0.470539, 0.022438, 0.466825
0.023482, 0.000000, 0.025914, 0.000000
0.023557, 0.056983, 0.025672, 0.062111
0.023673, 0.031552, 0.026014, 0.034650
0.023951, 0.921073, 0.016301, 0.847176
0.024027, 0.793457, 0.019663, 0.751121
0.024135, 0.966550, 0.010971, 0.870191
0.025585, 0.770566, 0.021314, 0.732212
0.026125, 1.000000, -0.916869, 0.000000
0.027882, 0.943287, 0.014541, 0.858767
0.028382, 0.978141, -0.776159, 0.085550
0.028751, 0.573234, 0.026553, 0.560828
0.028758, 0.827535, 0.022821, 0.777906
0.028905, 0.641131, 0.025954, 0.621478
0.029266, 0.010583, 0.032245, 0.011646
0.029374, 0.717129, 0.025352, 0.687476
0.029393, 0.558311, 0.027290, 0.547229
0.029830, 0.587587, 0.027401, 0.573841
0.029924, 0.460455, 0.028678, 0.457070
0.030176, 0.744560, 0.025604, 0.710606
0.030193, 0.697217, 0.026359, 0.670457
0.030212, 0.757335, 0.025405, 0.721195
0.030411, 0.544088, 0.028380, 0.534327
0.030536, 0.447655, 0.029373, 0.445069
0.030952, 0.601433, 0.028276, 0.586317
0.030958, 0.434639, 0.029893, 0.432931
0.031312, 0.421372, 0.030349, 0.420496
0.031384, 0.838958, 0.024620, 0.786883
0.031443, 0.816047, 0.025225, 0.768774
0.031467, 0.672928, 0.027828, 0.649474
0.031514, 0.407984, 0.030659, 0.407894
0.031614, 0.394521, 0.030870, 0.395180
0.031709, 0.380984, 0.031075, 0.382360
0.031932, 0.312452, 0.031867, 0.316920
0.031942, 0.367348, 0.031418, 0.369413
0.031994, 0.615125, 0.029064, 0.598563
0.032170, 0.299102, 0.032223, 0.304089
0.032184, 0.781412, 0.026584, 0.741114
0.032192, 0.730053, 0.027566, 0.698431
0.032251, 0.531138, 0.030240, 0.522596
0.032259, 0.653574, 0.028801, 0.632582
0.032267, 0.259066, 0.032679, 0.265381
0.032329, 0.245449, 0.032869, 0.252135
0.032443, 0.628630, 0.029291, 0.610311
0.032464, 0.272669, 0.032756, 0.278582
0.032473, 0.353619, 0.032057, 0.356348
0.032486, 0.285973, 0.032659, 0.291446
0.032804, 0.232141, 0.033485, 0.239168
0.032833, 0.102823, 0.035067, 0.110037
0.032978, 0.517855, 0.031059, 0.510415
0.033071, 0.089464, 0.035506, 0.096186
0.033169, 0.956539, 0.036901, 0.883322
0.033175, 0.326760, 0.032989, 0.330711
0.033214, 0.339973, 0.032909, 0.343339
0.033253, 0.219004, 0.034079, 0.226327
0.033579, 0.205944, 0.034555, 0.213514
0.033641, 0.989681, -0.888410, -0.020355
0.033689, 0.803171, 0.027336, 0.758571
0.033698, 0.504898, 0.031872, 0.498492
0.033704, 0.075817, 0.036380, 0.081906
0.033844, 0.192997, 0.034974, 0.200767
0.033850, 0.850742, 0.026220, 0.795861
0.033982, 0.115732, 0.036112, 0.123296
0.033990, 0.876169, 0.025538, 0.815114
0.034014, 0.180094, 0.035303, 0.188010
0.034057, 0.491897, 0.032343, 0.486466
0.034078, 0.167176, 0.035528, 0.175177
0.034209, 0.889151, 0.025248, 0.824699
0.034275, 0.128659, 0.036247, 0.136478
0.034319, 0.154125, 0.035946, 0.162140
0.034333, 0.037545, 0.037574, 0.041074
0.034390, 0.685167, 0.030217, 0.660018
0.034609, 0.479104, 0.032996, 0.474583
0.034673, 0.863680, 0.026456, 0.805705
0.034690, 0.902517, 0.025065, 0.834352
0.034716, 0.141145, 0.036536, 0.149096
0.035177, 0.062927, 0.038170, 0.068299
0.035289, 0.916320, 0.024915, 0.844152
0.035529, 0.050400, 0.038735, 0.054940
0.035536, 0.023007, 0.039017, 0.025235
0.035810, 0.930744, 0.027647, 0.857119
0.035848, 0.707378, 0.031116, 0.679062
0.036954, 0.000000, 0.040668, 0.000000
0.037469, 0.767806, 0.031266, 0.729802
0.037647, 0.969873, -0.814078, 0.036517
0.038010, 0.565763, 0.035197, 0.553936
0.038117, 0.663112, 0.033871, 0.640783
0.038137, 0.467914, 0.036476, 0.464085
0.038190, 0.791648, 0.031284, 0.749283
0.038938, 0.579540, 0.035871, 0.566419
0.039389, 1.000000, -0.875136, 0.000000
0.039599, 0.641909, 0.035542, 0.622152
0.039645, 0.551100, 0.036898, 0.540519
0.039900, 0.740986, 0.033917, 0.707411
0.040186, 0.945065, 0.105466, 0.939993
0.040654, 0.828031, 0.032228, 0.778099
0.040730, 0.593299, 0.037323, 0.578838
0.040992, 0.454587, 0.039352, 0.451501
0.041173, 0.719425, 0.035476, 0.689250
0.041613, 0.441460, 0.040100, 0.439236
0.041901, 0.318399, 0.041735, 0.322486
0.041930, 0.428301, 0.040557, 0.426907
0.042043, 0.754121, 0.035425, 0.718497
0.042144, 0.415032, 0.040915, 0.414430
0.042165, 0.606515, 0.038431, 0.590662
0.042248, 0.401686, 0.041166, 0.401842
0.042285, 0.388279, 0.041353, 0.389160
0.042354, 0.374785, 0.041570, 0.376361
0.042568, 0.696064, 0.037174, 0.669196
0.042630, 0.361134, 0.041993, 0.363381
0.042706, 0.813888, 0.034306, 0.766848
0.042723, 0.983412, -0.884289, -0.023600
0.042759, 0.011337, 0.046944, 0.012424
0.042773, 0.251806, 0.043391, 0.258180
0.042839, 0.538773, 0.040055, 0.529419
0.042890, 0.265573, 0.043344, 0.271566
0.043014, 0.304870, 0.042999, 0.309470
0.043407, 0.347276, 0.042918, 0.350186
0.043476, 0.238477, 0.044278, 0.245213
0.043477, 0.279207, 0.043777, 0.284792
0.043547, 0.619259, 0.039474, 0.601951
0.043571, 0.841440, 0.034061, 0.788328
0.043607, 0.292227, 0.043753, 0.297357
0.043626, 0.525438, 0.040976, 0.517224
0.043685, 0.082801, 0.046927, 0.089021
0.043704, 0.096710, 0.046726, 0.103538
0.043845, 0.674712, 0.038727, 0.650810
0.044151, 0.225323, 0.045142, 0.232374
0.044216, 0.778826, 0.036579, 0.738677
0.044260, 0.031801, 0.048386, 0.034737
0.044272, 0.630976, 0.039928, 0.612336
0.044589, 0.333365, 0.044260, 0.336978
0.044611, 0.212221, 0.045795, 0.219534
0.044771, 0.108651, 0.047631, 0.115819
0.044809, 0.512783, 0.042266, 0.505620
0.045066, 0.199283, 0.046451, 0.206811
0.045146, 0.499736, 0.042761, 0.493561
0.045177, 0.855222, 0.034781, 0.798826
0.045229, 0.959289, -0.684009, 0.153026
0.045348, 0.186455, 0.046937, 0.194149
0.045376, 0.160642, 0.047379, 0.168488
0.045422, 0.122216, 0.048106, 0.129753
0.045454, 0.173596, 0.047249, 0.181398
0.045593, 0.881963, 0.033969, 0.818898
0.045739, 0.868832, 0.034647, 0.809118
0.045753, 0.147340, 0.047997, 0.155152
0.045761, 0.486819, 0.043517, 0.481584
0.045799, 0.730481, 0.039189, 0.698422
0.045869, 0.069786, 0.049524, 0.075361
0.045878, 0.895212, 0.033610, 0.828615
0.045923, 0.652222, 0.041014, 0.631081
0.046320, 0.908621, 0.033773, 0.838738
0.046587, 0.134180, 0.049107, 0.141876
0.046828, 0.801884, 0.038013, 0.757255
0.046851, 0.922167, 0.039880, 0.854696
0.046898, 0.044136, 0.051098, 0.048061
0.047626, 0.558652, 0.044207, 0.547304
0.047670, 0.056904, 0.051706, 0.061706
0.048104, 0.474832, 0.045909, 0.470423
0.048259, 0.707962, 0.041854, 0.679274
0.048608, 0.935307, 0.088393, 0.910218
0.048676, 0.685846, 0.042742, 0.660316
0.048726, 0.571570, 0.045019, 0.559097
0.049373, 0.766029, 0.041232, 0.728022
0.049728, 0.584687, 0.045716, 0.570953
0.050075, 0.021033, 0.054783, 0.022975
0.050100, 0.973351, -0.892566, -0.043233
0.050259, 0.000000, 0.055088, 0.000000
0.050343, 0.462170, 0.048220, 0.458516
0.050896, 1.000000, -0.863793, 0.000000
0.051096, 0.743163, 0.043350, 0.708947
0.051212, 0.789550, 0.041992, 0.747138
0.051231, 0.663338, 0.045502, 0.640702
0.051460, 0.322749, 0.051185, 0.326503
0.051565, 0.822705, 0.041054, 0.773476
0.052033, 0.448765, 0.050031, 0.445967
0.052151, 0.598362, 0.047688, 0.583281
0.052287, 0.640231, 0.046954, 0.620423
0.052509, 0.948996, -0.544608, 0.279107
0.052573, 0.435467, 0.050742, 0.433504
0.052828, 0.422205, 0.051177, 0.421047
0.052881, 0.547354, 0.049277, 0.536925
0.052965, 0.408929, 0.051498, 0.408543
0.053012, 0.395650, 0.051730, 0.396000
0.053014, 0.382374, 0.051917, 0.383428
0.053053, 0.258077, 0.053697, 0.264090
0.053064, 0.369078, 0.052151, 0.370803
0.053233, 0.090870, 0.056931, 0.097262
0.053243, 0.309924, 0.053130, 0.314114
0.053421, 0.355746, 0.052687, 0.358109
0.053598, 0.271946, 0.054046, 0.277564
0.053687, 0.834183, 0.042256, 0.782477
0.053718, 0.719552, 0.046259, 0.688957
0.053882, 0.611588, 0.049000, 0.595087
0.053943, 0.532940, 0.050521, 0.523852
0.053988, 0.244883, 0.054855, 0.251281
0.054604, 0.342427, 0.054042, 0.345389
0.054894, 0.231732, 0.055992, 0.238470
0.054947, 0.114929, 0.058262, 0.122090
0.054950, 0.285526, 0.055220, 0.290751
0.054978, 0.987604, -0.863927, -0.007877
0.055114, 0.754801, 0.046385, 0.718532
0.055238, 0.847316, 0.042869, 0.792499
0.055395, 0.297437, 0.055471, 0.302147
0.055398, 0.625771, 0.050066, 0.607520
0.055488, 0.697163, 0.048412, 0.669902
0.055495, 0.218466, 0.056827, 0.225481
0.055737, 0.078590, 0.059858, 0.084410
0.055980, 0.811959, 0.045007, 0.764801
0.056015, 0.520770, 0.052691, 0.512811
0.056099, 0.507433, 0.052994, 0.500490
0.056183, 0.032552, 0.061210, 0.035421
0.056185, 0.205497, 0.057761, 0.212741
0.056358, 0.860899, 0.043055, 0.802711
0.056397, 0.154093, 0.058955, 0.161709
0.056629, 0.494164, 0.053717, 0.488208
0.056664, 0.675696, 0.050009, 0.651364
0.056665, 0.777245, 0.046903, 0.736912
0.056731, 0.192722, 0.058557, 0.200149
0.056812, 0.167141, 0.059130, 0.174761
0.056889, 0.180016, 0.058962, 0.187573
0.056937, 0.874367, 0.042767, 0.812716
0.057078, 0.140325, 0.059948, 0.147843
0.057112, 0.010890, 0.062430, 0.011883
0.057153, 0.887542, 0.042159, 0.822344
0.057196, 0.102279, 0.060934, 0.109090
0.057316, 0.962887, -0.883587, -0.047250
0.057572, 0.900696, 0.041935, 0.832077
0.057955, 0.561433, 0.053726, 0.549639
0.058139, 0.731632, 0.049684, 0.699024
0.058153, 0.913787, 0.047698, 0.847414
0.058439, 0.066489, 0.063030, 0.071680
0.058517, 0.481734, 0.055720, 0.476661
0.058641, 0.330842, 0.058206, 0.334235
0.058858, 0.126606, 0.062148, 0.134001
0.058910, 0.651386, 0.052615, 0.630091
0.059031, 0.043962, 0.064093, 0.047683
0.059330, 0.926577, 0.076694, 0.883280
0.059526, 0.574961, 0.054905, 0.561858
0.059617, 0.799669, 0.048442, 0.754892
0.060330, 0.588172, 0.055363, 0.573760
0.060339, 0.055260, 0.065290, 0.059748
0.060504, 0.469201, 0.057825, 0.464938
0.061135, 0.708683, 0.052974, 0.679529
0.061155, 0.939360, -0.481452, 0.328464
0.061998, 0.456195, 0.059478, 0.452783
0.062376, 0.976468, -0.861930, -0.018713
0.062471, 0.765961, 0.052135, 0.727443
0.062518, 0.686824, 0.054843, 0.660838
0.062726, 0.317219, 0.062455, 0.320963
0.062741, 0.539927, 0.058615, 0.530097
0.063019, 0.442813, 0.060688, 0.440240
0.063053, 0.637475, 0.056676, 0.617748
0.063145, 1.000000, -0.858258, 0.000000
0.063159, 0.743365, 0.053547, 0.708675
0.063208, 0.264164, 0.063827, 0.269769
0.063215, 0.665324, 0.056074, 0.642172
0.063474, 0.429465, 0.061356, 0.427708
0.063705, 0.416193, 0.061806, 0.415221
0.063827, 0.402989, 0.062147, 0.402764
0.063852, 0.601559, 0.058280, 0.585719
0.063882, 0.389868, 0.062420, 0.390352
0.063897, 0.376835, 0.062651, 0.377987
0.063897, 0.000000, 0.069729, 0.000000
0.063945, 0.824533, 0.050770, 0.774399
0.064023, 0.363919, 0.062987, 0.365693
0.064036, 0.022458, 0.069745, 0.024421
0.064281, 0.787558, 0.052746, 0.744979
0.064296, 0.089170, 0.068695, 0.095321
0.064332, 0.278429, 0.064747, 0.283729
0.064513, 0.251374, 0.065389, 0.257381
0.064576, 0.351010, 0.063741, 0.353359
0.064646, 0.615476, 0.058662, 0.598079
0.064825, 0.952710, -0.863514, -0.040405
0.065277, 0.838721, 0.051078, 0.785243
0.065470, 0.304186, 0.065422, 0.308477
0.065476, 0.238466, 0.066618, 0.244841
0.065487, 0.552009, 0.060919, 0.541054
0.065946, 0.113229, 0.069884, 0.120179
0.066029, 0.224880, 0.067441, 0.231554
0.066102, 0.720737, 0.056854, 0.689586
0.066584, 0.852652, 0.051304, 0.795798
0.066820, 0.515008, 0.062952, 0.507262
0.067114, 0.211652, 0.068819, 0.218580
0.067130, 0.148124, 0.070226, 0.155462
0.067132, 0.501145, 0.063523, 0.494437
0.067599, 0.338640, 0.066937, 0.341504
0.067657, 0.866323, 0.051289, 0.806015
0.067663, 0.810512, 0.054418, 0.763146
0.067683, 0.528676, 0.063467, 0.519683
0.067822, 0.075763, 0.072712, 0.081212
0.067861, 0.754804, 0.057071, 0.717984
0.067882, 0.626148, 0.061309, 0.607498
0.068015, 0.160839, 0.070862, 0.168231
0.068032, 0.198882, 0.070033, 0.206009
0.068115, 0.290936, 0.068322, 0.295779
0.068351, 0.173746, 0.070924, 0.181123
0.068373, 0.879687, 0.050959, 0.815866
0.068536, 0.186307, 0.070831, 0.193587
0.068583, 0.134706, 0.072043, 0.141858
0.068638, 0.988423, -0.854904, -0.007642
0.068710, 0.698150, 0.059879, 0.670296
0.068866, 0.892755, 0.051070, 0.826001
0.068923, 0.034741, 0.074764, 0.037637
0.068967, 0.565192, 0.063835, 0.552862
0.069026, 0.488480, 0.065573, 0.482692
0.069520, 0.905658, 0.060445, 0.844767
0.069809, 0.965859, -0.857208, -0.027125
0.069934, 0.656279, 0.062290, 0.633968
0.069975, 0.100482, 0.074414, 0.106941
0.070081, 0.776365, 0.057996, 0.735683
0.070180, 0.676576, 0.061880, 0.651754
0.070549, 0.918290, 0.062070, 0.852327
0.070562, 0.577856, 0.064990, 0.564166
0.070656, 0.011941, 0.076844, 0.012966
0.070708, 0.325900, 0.070225, 0.329150
0.070824, 0.732313, 0.060459, 0.699127
0.070893, 0.589946, 0.064990, 0.575062
0.071004, 0.476042, 0.067707, 0.471112
0.071247, 0.048322, 0.076989, 0.052166
0.071669, 0.062417, 0.077097, 0.067101
0.071974, 0.644883, 0.064445, 0.623860
0.071979, 0.930685, -0.594428, 0.200827
0.072224, 0.797431, 0.058739, 0.752482
0.072385, 0.463247, 0.069286, 0.459182
0.072816, 0.123181, 0.076779, 0.130109
0.072902, 0.269612, 0.073477, 0.274856
0.073350, 0.450057, 0.070476, 0.446840
0.073399, 0.943020, -0.835829, -0.026414
0.073695, 0.608968, 0.067033, 0.592001
0.073802, 0.710462, 0.063847, 0.680627
0.073976, 0.436749, 0.071347, 0.434360
0.074118, 0.541907, 0.069165, 0.531573
0.074389, 0.423423, 0.072010, 0.421829
0.074635, 0.313345, 0.074384, 0.317133
0.074646, 0.410221, 0.072521, 0.409390
0.074825, 0.397176, 0.072951, 0.397065
0.074936, 0.384286, 0.073308, 0.384848
0.075085, 0.371673, 0.073697, 0.372859
0.075227, 0.359123, 0.074073, 0.360876
0.075387, 0.257516, 0.076219, 0.263049
0.075570, 0.819865, 0.060205, 0.770036
0.075596, 0.087380, 0.080631, 0.093211
0.075616, 0.743777, 0.064042, 0.708443
0.075727, 0.832282, 0.059587, 0.779708
0.075924, 0.977546, -0.850038, -0.015825
0.075984, 0.765519, 0.063373, 0.726521
0.076076, 0.231781, 0.077487, 0.238049
0.076179, 0.687625, 0.066751, 0.660989
0.076196, 1.000000, -0.849918, 0.000000
0.076332, 0.245503, 0.077446, 0.251417
0.076485, 0.346785, 0.075544, 0.349058
0.076736, 0.633303, 0.069067, 0.613582
0.076896, 0.845412, 0.059652, 0.789702
0.076974, 0.280277, 0.077388, 0.285268
0.076983, 0.000000, 0.083509, 0.000000
0.077043, 0.666499, 0.068263, 0.642754
0.077073, 0.507598, 0.072754, 0.500106
0.077346, 0.555877, 0.071824, 0.544254
0.077378, 0.300348, 0.077373, 0.304594
0.077390, 0.955821, -0.850472, -0.033557
0.077415, 0.218140, 0.079168, 0.224707
0.077666, 0.597492, 0.070970, 0.581640
0.077694, 0.024429, 0.084094, 0.026401
0.077971, 0.521276, 0.073286, 0.512759
0.078006, 0.785926, 0.064025, 0.742998
0.078085, 0.142740, 0.081707, 0.149744
0.078160, 0.858708, 0.059676, 0.799617
0.078306, 0.110704, 0.082855, 0.117257
0.079050, 0.722253, 0.067881, 0.690399
0.079101, 0.204886, 0.081213, 0.211684
0.079176, 0.620020, 0.071681, 0.601802
0.079256, 0.871952, 0.059393, 0.809239
0.079274, 0.154284, 0.082679, 0.161426
0.079458, 0.167244, 0.082538, 0.174410
0.079488, 0.074715, 0.085012, 0.079866
0.079489, 0.494803, 0.075338, 0.488255
0.079827, 0.333788, 0.079079, 0.336452
0.079937, 0.806656, 0.064438, 0.759279
0.080103, 0.885014, 0.059821, 0.819560
0.080138, 0.192322, 0.082594, 0.199293
0.080343, 0.179881, 0.083132, 0.186989
0.080352, 0.569436, 0.074233, 0.556434
0.080422, 0.755183, 0.067556, 0.717656
0.080437, 0.038439, 0.086785, 0.041415
0.080830, 0.897863, 0.073041, 0.841982
0.081327, 0.700524, 0.070737, 0.671881
0.081607, 0.532581, 0.076395, 0.522951
0.081686, 0.583013, 0.075053, 0.568446
0.081734, 0.482631, 0.077760, 0.476973
0.081845, 0.910543, -0.008853, 0.764926
0.081876, 0.653904, 0.072971, 0.631478
0.082404, 0.052322, 0.088568, 0.056167
0.082431, 0.132258, 0.086503, 0.139042
0.082479, 0.988856, -0.845527, -0.007822
0.082640, 0.098077, 0.087704, 0.104122
0.082852, 0.289462, 0.083069, 0.293998
0.083100, 0.470066, 0.079362, 0.465301
0.083195, 0.011221, 0.089958, 0.012104
0.083255, 0.922948, -0.760931, 0.020828
0.083513, 0.966910, -0.844526, -0.023738
0.083683, 0.322694, 0.083163, 0.325888
0.083829, 0.457023, 0.080363, 0.453125
0.083835, 0.734161, 0.071422, 0.700135
0.083917, 0.774125, 0.069491, 0.733133
0.084064, 0.267123, 0.084753, 0.272260
0.084170, 0.676919, 0.074148, 0.651471
0.084280, 0.063516, 0.090289, 0.067978
0.084580, 0.443750, 0.081391, 0.440692
0.084828, 0.934893, -0.827792, -0.032866
0.084931, 0.430583, 0.082031, 0.428339
0.085200, 0.546606, 0.079362, 0.535636
0.085250, 0.641909, 0.076404, 0.620911
0.085368, 0.417291, 0.082754, 0.415822
0.085489, 0.946264, -0.840092, -0.036668
0.085536, 0.607960, 0.077814, 0.590856
0.085727, 0.404198, 0.083399, 0.403472
0.085974, 0.391271, 0.083927, 0.391240
0.086025, 0.239297, 0.087369, 0.245136
0.086062, 0.796016, 0.069986, 0.750535
0.086310, 0.120769, 0.090869, 0.127295
0.086335, 0.309721, 0.086072, 0.313361
0.086375, 0.378797, 0.084599, 0.379416
0.086377, 0.366326, 0.084873, 0.367541
0.086883, 0.354159, 0.085633, 0.355914
0.086920, 0.225632, 0.088625, 0.231796
0.086941, 0.712171, 0.075083, 0.681557
0.087167, 0.815348, 0.069641, 0.765691
0.087287, 0.513717, 0.082202, 0.505415
0.087535, 0.826641, 0.069158, 0.774577
0.087560, 0.253949, 0.088597, 0.259453
0.087646, 0.085184, 0.093254, 0.090609
0.087734, 0.341604, 0.086726, 0.343807
0.087782, 0.838782, 0.068462, 0.783912
0.088276, 0.691007, 0.077165, 0.663444
0.088341, 0.746889, 0.074597, 0.710445
0.088603, 0.594991, 0.081020, 0.579106
0.088612, 0.629060, 0.079871, 0.609445
0.088843, 0.851524, 0.068230, 0.793409
0.088954, 0.211739, 0.091050, 0.218132
0.089202, 0.501562, 0.084332, 0.494170
0.089318, 0.663814, 0.079191, 0.639894
0.089489, 0.559745, 0.082947, 0.547390
0.089667, 1.000000, -0.840514, 0.000000
0.089718, 0.978104, -0.840228, -0.015673
0.089736, 0.277839, 0.090205, 0.282560
0.089865, 0.159263, 0.093430, 0.166104
0.090038, 0.864480, 0.067918, 0.802829
0.090101, 0.144620, 0.094064, 0.151333
0.090304, 0.020661, 0.097286, 0.022211
0.090415, 0.000000, 0.097528, 0.000000
0.090458, 0.761588, 0.075575, 0.722562
0.090610, 0.031595, 0.097478, 0.033923
0.090851, 0.108405, 0.095935, 0.114531
0.090979, 0.297959, 0.090963, 0.301950
0.091138, 0.877452, 0.070023, 0.814695
0.091276, 0.956126, -0.838458, -0.031729
0.091289, 0.784956, 0.074890, 0.741406
0.091348, 0.172447, 0.094605, 0.179287
0.091468, 0.198116, 0.093998, 0.204708
0.091755, 0.571777, 0.084639, 0.558037
0.091846, 0.045107, 0.098535, 0.048318
0.091959, 0.724097, 0.078804, 0.691298
0.092072, 0.890353, 0.091863, 0.845314
0.092203, 0.524063, 0.086534, 0.514866
0.092305, 0.185600, 0.095231, 0.192368
0.092485, 0.072484, 0.098628, 0.077230
0.092595, 0.489150, 0.087885, 0.482705
0.092629, 0.617238, 0.083913, 0.598867
0.092760, 0.583490, 0.085188, 0.568592
0.092968, 0.903204, -0.145139, 0.612554
0.093085, 0.537858, 0.086955, 0.527446
0.094080, 0.476829, 0.089638, 0.471305
0.094128, 0.651036, 0.083963, 0.628580
0.094210, 0.331883, 0.093327, 0.334305
0.094295, 0.916192, -0.859295, -0.089652
0.094429, 0.805705, 0.076055, 0.757632
0.094575, 0.463781, 0.090458, 0.459156
0.094849, 0.131929, 0.099380, 0.138432
0.094942, 0.702333, 0.082429, 0.672857
0.095003, 0.682474, 0.083392, 0.655712
0.095033, 0.450606, 0.091243, 0.446845
0.095056, 0.319179, 0.094494, 0.322218
0.095182, 0.095817, 0.100778, 0.101437
0.095498, 0.265309, 0.096285, 0.270284
0.095823, 0.437250, 0.092347, 0.434315
0.095865, 0.424301, 0.092723, 0.422163
0.095877, 0.058389, 0.102499, 0.062340
0.095952, 0.737230, 0.081506, 0.702034
0.095974, 0.245027, 0.097252, 0.250464
0.096049, 0.929305, -0.826733, -0.044440
0.096254, 0.772945, 0.079681, 0.731333
0.096400, 0.988975, -0.835667, -0.007971
0.096450, 0.410991, 0.093623, 0.409599
0.096809, 0.397762, 0.094301, 0.397085
0.097064, 0.967283, -0.834673, -0.023702
0.097140, 0.287407, 0.097344, 0.291557
0.097153, 0.550939, 0.090320, 0.539213
0.097213, 0.604248, 0.088525, 0.587064
0.097218, 0.232661, 0.098822, 0.238325
0.097332, 0.942667, -0.832980, -0.041320
0.097339, 0.010676, 0.104700, 0.011457
0.097501, 0.346581, 0.096237, 0.348387
0.097517, 0.638228, 0.087496, 0.617188
0.097529, 0.372432, 0.095639, 0.373069
0.097656, 0.385288, 0.095448, 0.385293
0.097805, 0.671400, 0.086333, 0.645982
0.097830, 0.359824, 0.096244, 0.361056
0.097909, 0.219870, 0.099873, 0.225794
0.098768, 0.510906, 0.093066, 0.502508
0.098857, 0.119128, 0.103881, 0.125271
0.098948, 0.306663, 0.098648, 0.310061
0.098999, 0.830781, 0.077756, 0.776817
0.099062, 0.817579, 0.078840, 0.766563
0.099151, 0.750960, 0.083407, 0.713231
0.099580, 0.152540, 0.103578, 0.159044
0.099627, 0.843862, 0.077180, 0.786757
0.099817, 0.082909, 0.105933, 0.087924
0.099903, 0.795619, 0.081135, 0.749327
0.100066, 0.713873, 0.086243, 0.682256
0.100397, 0.205750, 0.102786, 0.211841
0.100791, 0.856886, 0.077385, 0.796917
0.101077, 0.498248, 0.095631, 0.490826
0.101103, 0.591706, 0.092524, 0.575720
0.101495, 0.625995, 0.091556, 0.606277
0.101751, 0.254612, 0.102857, 0.259781
0.101802, 0.036006, 0.108927, 0.038447
0.101945, 0.164686, 0.105688, 0.171251
0.102040, 0.869841, 0.083978, 0.813177
0.102370, 0.530140, 0.095830, 0.519986
0.102424, 0.692867, 0.089358, 0.664376
0.102513, 0.659544, 0.091015, 0.635561
0.102610, 0.564261, 0.094904, 0.551035
0.102812, 0.276114, 0.103316, 0.280547
0.103028, 0.177982, 0.106407, 0.184516
0.103051, 0.577627, 0.094814, 0.562947
0.103158, 0.022743, 0.110603, 0.024320
0.103171, 0.882704, 0.113004, 0.849951
0.103195, 0.106478, 0.108735, 0.112198
0.103268, 1.000000, -0.830756, 0.000000
0.103442, 0.955379, -0.829614, -0.032635
0.103582, 0.977973, -0.830278, -0.016105
0.103743, 0.141444, 0.108187, 0.147734
0.103764, 0.727745, 0.088636, 0.693723
0.103881, 0.783877, 0.085167, 0.739640
0.103901, 0.047666, 0.110937, 0.050796
0.104014, 0.069224, 0.110591, 0.073505
0.104077, 0.762449, 0.086777, 0.722195
0.104138, 0.895492, -0.336320, 0.405045
0.104172, 0.000000, 0.111795, 0.000000
0.104331, 0.191548, 0.107253, 0.197815
0.105010, 0.908287, -0.849172, -0.092946
0.105154, 0.613432, 0.095358, 0.594970
0.105188, 0.484060, 0.099937, 0.477547
0.105278, 0.296492, 0.105198, 0.300081
0.105334, 0.470575, 0.100513, 0.465186
0.105666, 0.338837, 0.104474, 0.340780
0.105779, 0.457214, 0.101332, 0.452719
0.105959, 0.541360, 0.098802, 0.530154
0.105994, 0.326226, 0.105153, 0.328783
0.106085, 0.444019, 0.102008, 0.440372
0.106354, 0.519579, 0.099875, 0.510045
0.106491, 0.646942, 0.095110, 0.624412
0.106527, 0.921327, -0.827204, -0.059714
0.106753, 0.418026, 0.103392, 0.415948
0.106952, 0.314789, 0.106376, 0.317685
0.107113, 0.681018, 0.094020, 0.653872
0.107190, 0.404095, 0.104182, 0.402718
0.107192, 0.430472, 0.103455, 0.427619
0.107463, 0.093501, 0.113500, 0.098692
0.107569, 0.128853, 0.112500, 0.134869
0.107611, 0.741095, 0.091079, 0.704634
0.107619, 0.241519, 0.109072, 0.246746
0.107976, 0.352510, 0.106380, 0.353805
0.107980, 0.807183, 0.086687, 0.757819
0.108254, 0.216037, 0.110417, 0.221699
0.108373, 0.264770, 0.109209, 0.269468
0.108465, 0.378532, 0.106147, 0.378559
0.108511, 0.934093, -0.823546, -0.047228
0.108592, 0.229111, 0.110419, 0.234604
0.108866, 0.552807, 0.101090, 0.540469
0.108869, 0.365866, 0.106899, 0.366539
0.108909, 0.391798, 0.106216, 0.391138
0.108946, 0.703597, 0.094408, 0.673048
0.109098, 0.772821, 0.090187, 0.730346
0.109365, 0.600711, 0.099691, 0.583511
0.109371, 0.822266, 0.086509, 0.769360
0.109829, 0.057309, 0.116876, 0.060869
0.110091, 0.945232, -0.824109, -0.040300
0.110154, 0.988889, -0.825704, -0.008204
0.110233, 0.836061, 0.085959, 0.779835
0.110353, 0.966319, -0.825041, -0.024848
0.110359, 0.634709, 0.099115, 0.613562
0.110515, 0.011183, 0.118247, 0.011927
0.110672, 0.668867, 0.097747, 0.643249
0.111078, 0.718263, 0.095395, 0.685301
0.111239, 0.285932, 0.111437, 0.289783
0.111395, 0.495514, 0.105432, 0.487911
0.111424, 0.849280, 0.086107, 0.790176
0.111434, 0.080182, 0.117907, 0.084740
0.111442, 0.153534, 0.115670, 0.159684
0.111559, 0.202178, 0.114159, 0.207921
0.111572, 0.508160, 0.105184, 0.499604
0.111683, 0.116774, 0.117127, 0.122484
0.111971, 0.753633, 0.093893, 0.714634
0.111975, 0.587322, 0.102614, 0.571437
0.112334, 0.793757, 0.091227, 0.746957
0.112395, 0.032006, 0.119934, 0.034063
0.112806, 0.862282, 0.094332, 0.807915
0.113014, 0.167837, 0.116826, 0.173986
0.113494, 0.305429, 0.113090, 0.308423
0.113521, 0.574335, 0.104557, 0.559743
0.113947, 0.622038, 0.102901, 0.602219
0.114010, 0.251562, 0.115188, 0.256344
0.114164, 0.875159, 0.088137, 0.807962
0.114605, 0.181193, 0.118016, 0.187251
0.114693, 0.530502, 0.107290, 0.519820
0.115061, 0.655867, 0.102263, 0.631755
0.115310, 0.887932, -0.579300, 0.147022
0.115340, 0.103939, 0.121240, 0.109204
0.115418, 0.691211, 0.100680, 0.662141
0.115787, 0.138917, 0.120505, 0.144721
0.115837, 0.043742, 0.123340, 0.046459
0.115910, 0.563173, 0.107199, 0.549615
0.115929, 0.731164, 0.098695, 0.695786
0.116173, 0.332224, 0.114986, 0.334140
0.116203, 0.900715, -0.818036, -0.075942
0.116230, 0.275165, 0.116751, 0.279313
0.116372, 0.410984, 0.112855, 0.408930
0.116505, 0.475139, 0.110951, 0.468947
0.116639, 0.462734, 0.111492, 0.457429
0.116716, 0.067531, 0.123643, 0.071407
0.116816, 0.913687, -0.820442, -0.067395
0.116818, 1.000000, -0.820850, 0.000000
0.116943, 0.437064, 0.112614, 0.433473
0.117025, 0.977480, -0.820469, -0.016780
0.117042, 0.781508, 0.095991, 0.736917
0.117101, 0.449899, 0.112351, 0.445457
0.117261, 0.954886, -0.819443, -0.033572
0.117430, 0.345018, 0.115858, 0.346355
0.117516, 0.021030, 0.125316, 0.022356
0.117648, 0.609402, 0.106807, 0.590881
0.117694, 0.000000, 0.125599, 0.000000
0.118185, 0.318453, 0.117346, 0.320813
0.118426, 0.540913, 0.110354, 0.529090
0.118468, 0.814790, 0.094261, 0.762699
0.118469, 0.212669, 0.120826, 0.218077
0.118592, 0.486548, 0.112514, 0.479310
0.118698, 0.927475, -0.816668, -0.053714
0.118722, 0.192401, 0.121753, 0.198109
0.118733, 0.766386, 0.098544, 0.724526
0.118736, 0.358300, 0.116745, 0.358994
0.118863, 0.710096, 0.102523, 0.677943
0.118941, 0.679166, 0.104430, 0.651738
0.119016, 0.423228, 0.115037, 0.420419
0.119044, 0.384520, 0.116249, 0.383867
0.119201, 0.225222, 0.121235, 0.230512
0.119262, 0.643614, 0.106609, 0.620930
0.119358, 0.520457, 0.112038, 0.510605
0.119460, 0.295229, 0.119306, 0.298448
0.119541, 0.090726, 0.125898, 0.095439
0.119726, 0.238298, 0.121340, 0.243274
0.119790, 0.262537, 0.120637, 0.266850
0.119965, 0.398876, 0.116700, 0.397390
0.120064, 0.371940, 0.117652, 0.371991
0.120115, 0.743181, 0.101381, 0.705357
0.120325, 0.828593, 0.094322, 0.773085
0.120406, 0.551937, 0.111767, 0.539103
0.120719, 0.127101, 0.126026, 0.132722
0.120866, 0.801554, 0.097342, 0.752232
0.120992, 0.596264, 0.110425, 0.579019
0.121892, 0.841835, 0.094552, 0.783331
0.122019, 0.941372, -0.815151, -0.043807
0.122298, 0.054478, 0.129640, 0.057604
0.122325, 0.665382, 0.108131, 0.639476
0.122512, 0.147340, 0.127088, 0.153026
0.122648, 0.499580, 0.115859, 0.491140
0.122672, 0.630685, 0.110293, 0.609409
0.122937, 0.159760, 0.127155, 0.165549
0.123307, 0.698999, 0.107013, 0.668245
0.123437, 0.854811, 0.104854, 0.802915
0.123446, 0.583347, 0.113236, 0.567356
0.123546, 0.078121, 0.130301, 0.082250
0.123556, 0.755716, 0.103311, 0.715367
0.123631, 0.988685, -0.815767, -0.008508
0.123667, 0.965981, -0.815257, -0.025548
0.123755, 0.722079, 0.105905, 0.687755
0.123919, 0.114216, 0.129671, 0.119471
0.124087, 0.510434, 0.116820, 0.501146
0.124566, 0.010517, 0.132580, 0.011156
0.124576, 0.032253, 0.132410, 0.034173
0.124898, 0.172537, 0.128713, 0.178260
0.124982, 0.867651, 0.018295, 0.721286
0.125199, 0.203338, 0.127920, 0.208685
0.125540, 0.307998, 0.124952, 0.310604
0.125612, 0.284721, 0.125752, 0.288175
0.125775, 0.571005, 0.115909, 0.556159
0.126051, 0.789916, 0.102501, 0.742690
0.126082, 0.250033, 0.127260, 0.254370
0.126312, 0.326601, 0.125141, 0.328461
0.126335, 0.617904, 0.114213, 0.597967
0.126432, 0.880382, -0.750256, -0.037897
0.127129, 0.100993, 0.133277, 0.105766
0.127211, 0.411323, 0.123322, 0.408979
0.127356, 0.775533, 0.104811, 0.730998
0.127498, 0.892970, -0.790482, -0.063643
0.127717, 0.431537, 0.123118, 0.427904
0.127915, 0.338541, 0.126368, 0.339920
0.128031, 0.652758, 0.113859, 0.628305
0.128072, 0.918199, -0.809734, -0.061967
0.128155, 0.455713, 0.122709, 0.450545
0.128162, 0.905556, -0.809214, -0.072160
0.128276, 0.467684, 0.122387, 0.461655
0.128295, 0.184037, 0.131727, 0.189547
0.128332, 0.531259, 0.119968, 0.520096
0.128422, 0.272475, 0.128940, 0.276249
0.128570, 0.389868, 0.125332, 0.388643
0.128658, 0.443151, 0.123635, 0.438817
0.128874, 0.065084, 0.136021, 0.068526
0.129093, 0.479637, 0.122711, 0.472664
0.129168, 0.734426, 0.109584, 0.697593
0.129215, 0.351056, 0.127248, 0.351837
0.129398, 0.558571, 0.119773, 0.544741
0.129414, 0.363803, 0.127001, 0.363892
0.129423, 0.216614, 0.131746, 0.221656
0.129484, 0.676387, 0.113741, 0.648545
0.129501, 0.809088, 0.103372, 0.757228
0.129512, 0.042954, 0.137208, 0.045360
0.129553, 0.953516, -0.810383, -0.035143
0.129734, 0.604984, 0.117914, 0.586336
0.129964, 0.688107, 0.113443, 0.658710
0.130192, 0.821601, 0.102556, 0.766736
0.130236, 1.000000, -0.810877, 0.000000
0.130274, 0.136699, 0.135297, 0.142009
0.130438, 0.977281, -0.810504, -0.017223
0.130470, 0.229274, 0.132393, 0.234081
0.130498, 0.544667, 0.121384, 0.532039
0.130528, 0.931645, -0.808316, -0.051513
0.130642, 0.709657, 0.112574, 0.676661
0.130663, 0.491937, 0.123704, 0.483874
0.131257, 0.639359, 0.117469, 0.616532
0.131293, 0.021315, 0.139325, 0.022536
0.131327, 0.260437, 0.132190, 0.264395
0.131564, 0.377705, 0.128627, 0.376980
0.131603, 0.000000, 0.139755, 0.000000
0.131619, 0.298083, 0.131296, 0.300908
0.132161, 0.834502, 0.103436, 0.777084
0.132197, 0.088160, 0.138804, 0.092399
0.132205, 0.747908, 0.111060, 0.708369
0.132746, 0.519172, 0.124601, 0.508983
0.132830, 0.317209, 0.131860, 0.319232
0.132836, 0.241014, 0.134338, 0.245429
0.132981, 0.592129, 0.121487, 0.574732
0.133160, 0.194971, 0.136236, 0.200182
0.133169, 0.123799, 0.138742, 0.128930
0.133183, 0.762497, 0.110652, 0.720109
0.133258, 0.421661, 0.128763, 0.418384
0.133430, 0.150524, 0.138034, 0.155859
0.133501, 0.400755, 0.129769, 0.398859
0.133931, 0.847384, 0.119500, 0.801984
0.134111, 0.665761, 0.118427, 0.639135
0.134748, 0.163831, 0.138919, 0.169169
0.134974, 0.626406, 0.121492, 0.604985
0.135177, 0.720893, 0.115608, 0.685700
0.135348, 0.075821, 0.142260, 0.079508
0.135380, 0.505679, 0.127615, 0.496464
0.135516, 0.579720, 0.124399, 0.563510
0.135618, 0.053027, 0.143128, 0.055781
0.135653, 0.860203, -0.088381, 0.598055
0.135681, 0.799017, 0.109226, 0.748712
0.135859, 0.110606, 0.141806, 0.115327
0.136143, 0.942785, -0.804900, -0.043550
0.136424, 0.965458, -0.805736, -0.026355
0.136791, 0.698502, 0.118604, 0.666962
0.137000, 0.988580, -0.805739, -0.008729
0.137311, 0.872948, -0.818530, -0.120007
0.137419, 0.785110, 0.111997, 0.737809
0.137475, 0.567161, 0.126790, 0.552099
0.137537, 0.288989, 0.137449, 0.291929
0.137649, 0.207174, 0.140320, 0.212069
0.137858, 0.032251, 0.145861, 0.033994
0.137926, 0.329401, 0.136468, 0.330772
0.138213, 0.175704, 0.142004, 0.180905
0.138457, 0.010779, 0.146652, 0.011370
0.138534, 0.613486, 0.125386, 0.593402
0.138769, 0.277921, 0.139032, 0.281161
0.138866, 0.885587, -0.790295, -0.078946
0.138967, 0.773228, 0.114373, 0.728208
0.139116, 0.922053, -0.801336, -0.059471
0.139173, 0.098129, 0.145500, 0.102418
0.139244, 0.448223, 0.133523, 0.443051
0.139253, 0.342421, 0.137340, 0.343215
0.139535, 0.656430, 0.123755, 0.630749
0.139630, 0.367689, 0.136818, 0.367228
0.139721, 0.434029, 0.134494, 0.429705
0.139756, 0.897936, -0.797105, -0.075897
0.139907, 0.538381, 0.130375, 0.525975
0.140061, 0.307731, 0.139337, 0.309970
0.140089, 0.472379, 0.133363, 0.465397
0.140102, 0.388998, 0.136547, 0.387464
0.140103, 0.910219, -0.799764, -0.068595
0.140207, 0.460151, 0.133966, 0.454081
0.140288, 0.813197, 0.111330, 0.759218
0.140325, 0.410956, 0.135979, 0.408201
0.140361, 0.552707, 0.130104, 0.538805
0.140432, 0.730660, 0.119261, 0.693417
0.140555, 0.252828, 0.141684, 0.256762
0.140781, 0.678059, 0.123440, 0.649354
0.140836, 0.645402, 0.125569, 0.621060
0.140918, 0.219513, 0.143150, 0.224076
0.140921, 0.355416, 0.138467, 0.355404
0.141287, 0.266207, 0.141937, 0.269725
0.141375, 0.483839, 0.134101, 0.475904
0.141393, 0.063119, 0.148673, 0.066155
0.141594, 0.495641, 0.133812, 0.486772
0.141962, 0.600618, 0.129170, 0.581832
0.141972, 0.741708, 0.119641, 0.702526
0.141982, 0.526990, 0.132845, 0.515654
0.142070, 0.826468, 0.113375, 0.771299
0.142227, 0.187043, 0.145628, 0.192016
0.142668, 0.142313, 0.147528, 0.147161
0.142730, 0.230858, 0.144556, 0.235127
0.142896, 0.954287, -0.800365, -0.035117
0.142935, 0.710117, 0.122982, 0.676243
0.143575, 1.000000, -0.800795, 0.000000
0.143590, 0.131431, 0.148924, 0.136235
0.143601, 0.754140, 0.119891, 0.712527
0.143744, 0.976958, -0.800474, -0.017746
0.143749, 0.042759, 0.151593, 0.044915
0.144146, 0.839559, 0.140122, 0.806473
0.144176, 0.633684, 0.129239, 0.610693
0.144276, 0.932023, -0.798015, -0.052163
0.144435, 0.156031, 0.148925, 0.160989
0.144455, 0.688496, 0.125883, 0.657954
0.144625, 0.241941, 0.146075, 0.245931
0.144861, 0.514313, 0.136085, 0.503891
0.145118, 0.378438, 0.141801, 0.377318
0.145125, 0.021720, 0.153291, 0.022844
0.145326, 0.085203, 0.152034, 0.088902
0.145353, 0.000000, 0.153630, 0.000000
0.145356, 0.118662, 0.151091, 0.123195
0.145421, 0.587918, 0.132984, 0.570368
0.145807, 0.318807, 0.144576, 0.320345
0.145929, 0.422333, 0.140936, 0.418680
0.146044, 0.298203, 0.145586, 0.300624
0.146071, 0.852537, -0.226392, 0.443623
0.146435, 0.199098, 0.149421, 0.203801
0.146623, 0.792444, 0.118507, 0.742468
0.146777, 0.399433, 0.142614, 0.397068
0.146810, 0.667254, 0.129411, 0.639693
0.146832, 0.073407, 0.153906, 0.076706
0.147464, 0.575597, 0.135498, 0.559248
0.147487, 0.562464, 0.136180, 0.547346
0.147509, 0.765272, 0.122023, 0.721035
0.147577, 0.621424, 0.133005, 0.599790
0.147933, 0.865474, -0.828666, -0.144219
0.148040, 0.167685, 0.152168, 0.172556
0.148360, 0.805027, 0.118674, 0.752189
0.148478, 0.720936, 0.126787, 0.684736
0.148693, 0.442352, 0.142744, 0.437153
0.148808, 0.332226, 0.147032, 0.333075
0.148889, 0.107493, 0.155024, 0.111713
0.149570, 0.965636, -0.795729, -0.026617
0.149668, 0.285545, 0.149575, 0.288195
0.149679, 0.878420, -0.789125, -0.092933
0.149688, 0.053041, 0.157329, 0.055526
0.149697, 0.503322, 0.141086, 0.493550
0.149728, 0.943344, -0.794666, -0.043817
0.149925, 0.545295, 0.139287, 0.531731
0.149974, 0.700256, 0.129721, 0.667438
0.150196, 0.988193, -0.795680, -0.009159
0.150232, 0.778364, 0.122879, 0.731034
0.150490, 0.211454, 0.153039, 0.215853
0.150522, 0.344668, 0.148243, 0.344870
0.150584, 0.095516, 0.157077, 0.099390
0.150891, 0.918580, -0.792168, -0.062883
0.150908, 0.608820, 0.136738, 0.588523
0.151007, 0.654317, 0.133932, 0.628124
0.151043, 0.366780, 0.147982, 0.366032
0.151073, 0.467254, 0.143950, 0.460140
0.151359, 0.891486, -0.788622, -0.082523
0.151447, 0.273516, 0.151784, 0.276511
0.151664, 0.904476, -0.790437, -0.073587
0.151733, 0.032675, 0.159812, 0.034261
0.151783, 0.818473, 0.124100, 0.766398
0.151959, 0.260399, 0.152749, 0.263721
0.151995, 0.179082, 0.155743, 0.183791
0.152148, 0.011007, 0.160414, 0.011551
0.152201, 0.454175, 0.145600, 0.448049
0.152500, 0.733042, 0.129096, 0.694365
0.152538, 0.410434, 0.147734, 0.407206
0.152811, 0.355981, 0.150061, 0.355574
0.152920, 0.478822, 0.145209, 0.470834
0.153077, 0.534418, 0.142755, 0.521786
0.153101, 0.147837, 0.157907, 0.152438
0.153102, 0.490502, 0.144846, 0.481560
0.153166, 0.388130, 0.149228, 0.386193
0.153483, 0.223539, 0.155591, 0.227631
0.153537, 0.642146, 0.136979, 0.617490
0.153645, 0.431818, 0.147911, 0.427145
0.153988, 0.677681, 0.134881, 0.648087
0.154026, 0.248411, 0.155256, 0.252009
0.154045, 0.831556, 0.156644, 0.806587
0.154111, 0.745106, 0.129320, 0.704103
0.154241, 0.308671, 0.153281, 0.310411
0.154293, 0.595887, 0.140546, 0.576905
0.154375, 0.522368, 0.144551, 0.510754
0.154850, 0.125381, 0.160439, 0.129724
0.154910, 0.063896, 0.162307, 0.066686
0.155263, 0.190837, 0.158553, 0.195305
0.155314, 0.554802, 0.143758, 0.540065
0.155456, 0.235318, 0.157122, 0.239101
0.156212, 0.844550, -0.379966, 0.274026
0.156256, 0.711196, 0.134142, 0.676020
0.156354, 0.932133, -0.788978, -0.052808
0.156396, 0.953799, -0.790032, -0.036024
0.156715, 1.000000, -0.790760, 0.000000
0.156789, 0.630013, 0.140656, 0.606746
0.156990, 0.137172, 0.162214, 0.141588
0.157003, 0.323015, 0.155419, 0.323994
0.157030, 0.756521, 0.130584, 0.713008
0.157196, 0.787556, 0.127468, 0.737562
0.157216, 0.690826, 0.136633, 0.658885
0.157539, 0.976732, -0.789942, -0.018193
0.157575, 0.077024, 0.164704, 0.080221
0.157607, 0.159115, 0.162096, 0.163666
0.157624, 0.294984, 0.157088, 0.297042
0.157888, 0.582499, 0.144584, 0.564842
0.157909, 0.568807, 0.145388, 0.552620
0.158210, 0.376191, 0.154564, 0.374668
0.158217, 0.043457, 0.166130, 0.045419
0.158231, 0.857509, -0.797543, -0.127921
0.158339, 0.664012, 0.139645, 0.635989
0.158686, 0.510509, 0.149151, 0.499763
0.158854, 0.022101, 0.167049, 0.023128
0.158948, 0.000000, 0.167217, 0.000000
0.159002, 0.799247, 0.128067, 0.747008
0.159188, 0.420921, 0.153667, 0.416727
0.159296, 0.203533, 0.162117, 0.207716
0.159533, 0.088343, 0.166298, 0.091790
0.159678, 0.114398, 0.165576, 0.118365
0.159885, 0.768568, 0.131628, 0.722303
0.159979, 0.398725, 0.155378, 0.395917
0.160042, 0.617805, 0.144345, 0.595881
0.160168, 0.870503, -0.785374, -0.104992
0.160293, 0.336527, 0.158131, 0.336824
0.160529, 0.443535, 0.153992, 0.437851
0.160892, 0.723315, 0.136951, 0.685616
0.161015, 0.101794, 0.167417, 0.105545
0.161159, 0.811127, 0.131649, 0.759047
0.161393, 0.463188, 0.153896, 0.455954
0.161508, 0.170653, 0.165601, 0.175075
0.161710, 0.281689, 0.161637, 0.284073
0.161855, 0.883600, -0.780417, -0.089955
0.162055, 0.964129, -0.785966, -0.028152
0.162234, 0.498279, 0.153043, 0.488310
0.162341, 0.921957, -0.783608, -0.061042
0.162390, 0.910106, -0.782815, -0.070183
0.162581, 0.268369, 0.162974, 0.271077
0.162765, 0.651106, 0.144452, 0.624609
0.162861, 0.349364, 0.160122, 0.348948
0.163086, 0.989495, -0.785682, -0.008266
0.163107, 0.605633, 0.147870, 0.585003
0.163325, 0.544134, 0.151684, 0.530004
0.163473, 0.216471, 0.165841, 0.220363
0.163544, 0.362991, 0.160230, 0.361859
0.163571, 0.054503, 0.171240, 0.056794
0.163586, 0.943407, -0.784011, -0.044433
0.163677, 0.897009, -0.780795, -0.080268
0.163799, 0.701546, 0.141333, 0.667312
0.163873, 0.255064, 0.164768, 0.258114
0.163941, 0.823748, 0.150095, 0.783512
0.164113, 0.474950, 0.155958, 0.466840
0.164362, 0.735674, 0.138643, 0.695401
0.164755, 0.531169, 0.153719, 0.518260
0.164854, 0.409271, 0.159586, 0.405544
0.164907, 0.778929, 0.134502, 0.729834
0.165287, 0.683361, 0.144119, 0.651823
0.165357, 0.182382, 0.169005, 0.186600
0.165367, 0.148190, 0.170232, 0.152413
0.165431, 0.315216, 0.163945, 0.316130
0.165433, 0.486325, 0.156667, 0.477321
0.165568, 0.033393, 0.173617, 0.034839
0.165585, 0.241894, 0.166962, 0.245189
0.165629, 0.010798, 0.173851, 0.011272
0.165701, 0.387218, 0.161370, 0.384828
0.165761, 0.558034, 0.153109, 0.542261
0.166043, 0.638705, 0.148226, 0.613674
0.166158, 0.593576, 0.151373, 0.574149
0.166231, 0.836455, -0.519017, 0.119569
0.166245, 0.228364, 0.168142, 0.231933
0.166483, 0.432386, 0.160160, 0.427193
0.166515, 0.127791, 0.172124, 0.131835
0.166565, 0.671359, 0.146190, 0.641547
0.166590, 0.302372, 0.165569, 0.303715
0.166654, 0.067388, 0.173983, 0.070040
0.166656, 0.453745, 0.159315, 0.446960
0.166835, 0.518726, 0.156304, 0.506831
0.166933, 0.747430, 0.139548, 0.704644
0.167334, 0.194410, 0.170436, 0.198356
0.168405, 0.849184, -0.765322, -0.111380
0.168533, 0.571737, 0.154820, 0.554345
0.168897, 0.713690, 0.144521, 0.676930
0.169020, 0.328028, 0.166969, 0.328309
0.169284, 0.791191, 0.136835, 0.739186
0.169313, 0.626464, 0.151984, 0.602811
0.169750, 0.759267, 0.140532, 0.713786
0.169822, 0.932687, -0.778583, -0.053126
0.169874, 0.080167, 0.176910, 0.083141
0.169896, 0.290560, 0.169337, 0.292296
0.169915, 0.374920, 0.165932, 0.372957
0.169933, 0.582580, 0.155443, 0.564024
0.170112, 0.160694, 0.174543, 0.164799
0.170329, 0.980671, -0.779814, -0.015312
0.170464, 0.861851, -0.775180, -0.111218
0.170548, 1.000000, -0.779840, 0.000000
0.170708, 0.954275, -0.778953, -0.036189
0.170960, 0.970099, -0.779105, -0.023686
0.171060, 0.093133, 0.177682, 0.096376
0.171145, 0.659609, 0.151091, 0.631211
0.171295, 0.208366, 0.173932, 0.212091
0.171408, 0.505474, 0.161220, 0.494376
0.171428, 0.117889, 0.177291, 0.121589
0.171475, 0.803397, 0.138475, 0.749449
0.171508, 0.421472, 0.165447, 0.416765
0.171822, 0.137767, 0.177055, 0.141703
0.171871, 0.106074, 0.178140, 0.109580
0.172079, 0.021492, 0.180168, 0.022372
0.172192, 0.692965, 0.149201, 0.659430
0.172362, 0.340391, 0.169723, 0.339983
0.172472, 0.874330, -0.772445, -0.099152
0.172510, 0.045042, 0.180219, 0.046810
0.172619, 0.000000, 0.180829, 0.000000
0.172633, 0.614217, 0.155788, 0.591875
0.173008, 0.276084, 0.172877, 0.278012
0.173162, 0.467103, 0.164877, 0.459204
0.173217, 0.725945, 0.146910, 0.686564
0.173300, 0.262060, 0.173778, 0.264494
0.173417, 0.442823, 0.166245, 0.436520
0.173493, 0.397295, 0.168365, 0.393808
0.173710, 0.815692, 0.134836, 0.751682
0.173782, 0.920422, -0.774634, -0.062974
0.173815, 0.770390, 0.142467, 0.722020
0.174006, 0.886282, -0.771774, -0.089393
0.174027, 0.908410, -0.773691, -0.072384
0.174073, 0.352713, 0.170837, 0.351573
0.174408, 0.173130, 0.178374, 0.177060
0.175094, 0.647394, 0.155498, 0.620473
0.175134, 0.550012, 0.162191, 0.534676
0.175355, 0.537963, 0.163114, 0.523847
0.175357, 0.363806, 0.171640, 0.362122
0.175439, 0.248962, 0.176447, 0.251712
0.175487, 0.493922, 0.165689, 0.483776
0.175633, 0.602075, 0.159302, 0.580986
0.175658, 0.409605, 0.169910, 0.405334
0.175910, 0.308695, 0.174487, 0.309482
0.175941, 0.058045, 0.183426, 0.060201
0.176137, 0.897265, -0.771137, -0.081191
0.176223, 0.828278, -0.613535, 0.009803
0.176248, 0.678842, 0.153865, 0.646991
0.176412, 0.235034, 0.177951, 0.238056
0.176516, 0.563225, 0.162622, 0.546359
0.176738, 0.738073, 0.148521, 0.696030
0.176964, 0.526008, 0.165276, 0.512891
0.177054, 0.704771, 0.152202, 0.668804
0.177079, 0.480193, 0.167899, 0.471086
0.177128, 0.221088, 0.179268, 0.224429
0.177605, 0.942749, -0.773112, -0.045576
0.177663, 0.150273, 0.182422, 0.154063
0.177692, 0.197940, 0.180612, 0.201465
0.177846, 0.782259, 0.144050, 0.730603
0.177858, 0.989397, -0.774039, -0.008457
0.178004, 0.320549, 0.176075, 0.320827
0.178018, 0.384504, 0.173336, 0.381675
0.178219, 0.031969, 0.186080, 0.033179
0.178326, 0.185379, 0.181679, 0.188952
0.178375, 0.513892, 0.167240, 0.501697
0.178392, 0.455917, 0.170330, 0.448459
0.178501, 0.071124, 0.185641, 0.073605
0.178514, 0.840937, -0.751081, -0.113093
0.178633, 0.635123, 0.159550, 0.609621
0.179311, 0.590046, 0.163418, 0.570104
0.179373, 0.010805, 0.187503, 0.011223
0.179519, 0.963271, -0.772241, -0.029333
0.179588, 0.750021, 0.149478, 0.705274
0.180024, 0.431572, 0.173055, 0.425707
0.180030, 0.285581, 0.179471, 0.287031
0.180146, 0.667692, 0.158188, 0.637309
0.180676, 0.126613, 0.186266, 0.130158
0.180734, 0.853627, -0.763202, -0.115408
0.181110, 0.298159, 0.180006, 0.299106
0.181197, 0.576921, 0.166001, 0.558343
0.181248, 0.085212, 0.188063, 0.088008
0.181347, 0.794772, 0.143066, 0.737327
0.181759, 0.716593, 0.154936, 0.678060
0.181814, 0.622952, 0.163283, 0.598816
0.181894, 0.332839, 0.179379, 0.332484
0.182374, 0.098768, 0.188782, 0.101810
0.182503, 0.162935, 0.186763, 0.166549
0.182667, 0.930652, -0.768494, -0.055413
0.182692, 0.112981, 0.188721, 0.116291
0.182727, 0.268474, 0.182801, 0.270324
0.182874, 0.372129, 0.178571, 0.369756
0.182939, 0.866310, -0.763434, -0.106266
0.182977, 0.687188, 0.158835, 0.653413
0.183082, 0.761597, 0.150849, 0.713952
0.183451, 0.976774, -0.769388, -0.018629
0.183475, 0.209346, 0.186003, 0.212607
0.183698, 0.418860, 0.177203, 0.413742
0.183704, 0.807263, 0.114086, 0.713883
0.184061, 0.656184, 0.162562, 0.627234
0.184268, 0.139786, 0.189297, 0.143249
0.184350, 1.000000, -0.768962, 0.000000
0.184501, 0.041257, 0.192200, 0.042717
0.184593, 0.345369, 0.181442, 0.344294
0.184616, 0.467958, 0.175578, 0.459291
0.184724, 0.445216, 0.176849, 0.438192
0.185024, 0.952322, -0.767616, -0.038247
0.185256, 0.917246, -0.765576, -0.066191
0.185286, 0.610718, 0.167278, 0.587876
0.185302, 0.878922, -0.762542, -0.096320
0.185378, 0.404611, 0.179433, 0.400155
0.185499, 0.256678, 0.186039, 0.258784
0.185608, 0.503917, 0.174520, 0.492204
0.185810, 0.728675, 0.156965, 0.687443
0.185919, 0.021592, 0.193889, 0.022369
0.186032, 0.819779, -0.653791, -0.046102
0.186098, 0.697436, 0.160494, 0.661766
0.186234, 0.243248, 0.187300, 0.245651
0.186264, 0.000000, 0.194368, 0.000000
0.186394, 0.357950, 0.182557, 0.356042
0.186570, 0.051912, 0.194085, 0.053677
0.186644, 0.392931, 0.181236, 0.389206
0.186667, 0.904485, -0.763586, -0.076371
0.186676, 0.490851, 0.176278, 0.480279
0.186754, 0.554582, 0.172479, 0.537916
0.186829, 0.542628, 0.173329, 0.527254
0.186839, 0.773450, 0.152081, 0.722469
0.187121, 0.566597, 0.172020, 0.548638
0.187213, 0.891037, -0.762062, -0.086978
0.187223, 0.310719, 0.185476, 0.310975
0.187280, 0.174497, 0.191031, 0.177852
0.187462, 0.644121, 0.166537, 0.616634
0.187625, 0.230222, 0.189235, 0.232900
0.187709, 0.530609, 0.174886, 0.516363
0.188184, 0.598769, 0.170746, 0.577182
0.188309, 0.277585, 0.187966, 0.279004
0.188316, 0.196174, 0.191255, 0.199346
0.188468, 0.832434, -0.744480, -0.122832
0.188589, 0.517951, 0.176460, 0.504823
0.188770, 0.063464, 0.196013, 0.065513
0.189254, 0.740780, 0.158357, 0.696762
0.189478, 0.676193, 0.165401, 0.643623
0.189546, 0.076191, 0.196415, 0.078521
0.189625, 0.478674, 0.179698, 0.468890
0.189766, 0.153388, 0.194324, 0.156745
0.190060, 0.323203, 0.187692, 0.322808
0.190329, 0.785720, 0.150490, 0.728455
0.190770, 0.988338, -0.763912, -0.009418
0.190784, 0.845140, -0.753483, -0.122055
0.190823, 0.218454, 0.192916, 0.221282
0.190922, 0.381220, 0.185907, 0.377979
0.190923, 0.708286, 0.163411, 0.670289
0.190937, 0.456264, 0.182128, 0.448073
0.191005, 0.585915, 0.174200, 0.565608
0.191097, 0.965681, -0.763196, -0.027706
0.191125, 0.184584, 0.194465, 0.187731
0.191229, 0.631682, 0.170862, 0.605606
0.191589, 0.436487, 0.183799, 0.429721
0.191648, 0.940458, -0.762046, -0.048017
0.191700, 0.289818, 0.190799, 0.290731
0.192445, 0.129861, 0.197706, 0.132954
0.192484, 0.105041, 0.198609, 0.107894
0.192529, 0.752680, 0.159494, 0.705760
0.192556, 0.090541, 0.199000, 0.093093
0.192656, 0.031954, 0.200466, 0.033024
0.193047, 0.857928, -0.754370, -0.113463
0.193089, 0.011047, 0.201076, 0.011422
0.193171, 0.425721, 0.185836, 0.419562
0.193368, 0.798360, 0.111504, 0.694282
0.193418, 0.118190, 0.199105, 0.121171
0.193437, 0.665201, 0.169820, 0.634015
0.194229, 0.619486, 0.174497, 0.594796
0.194335, 0.368807, 0.189764, 0.366043
0.194380, 0.335681, 0.191334, 0.334539
0.194451, 0.926503, -0.758986, -0.059342
0.194511, 0.412440, 0.187764, 0.407024
0.194541, 0.301363, 0.193057, 0.301696
0.194822, 0.719678, 0.165361, 0.679148
0.194973, 0.574692, 0.178569, 0.555366
0.195338, 0.686836, 0.169317, 0.651952
0.195348, 0.870912, -0.753997, -0.103559
0.195373, 0.266238, 0.195354, 0.267672
0.195646, 0.205597, 0.198160, 0.208390
0.195730, 0.166057, 0.199817, 0.169222
0.195833, 0.810954, -0.674782, -0.083378
0.196010, 0.764585, 0.160527, 0.714422
0.196042, 0.251991, 0.196563, 0.253727
0.196065, 0.143356, 0.200853, 0.146414
0.196595, 0.653633, 0.173607, 0.623921
0.196723, 0.346867, 0.193057, 0.345028
0.196781, 0.912389, -0.756246, -0.070780
0.196997, 0.954443, -0.758193, -0.036947
0.197074, 0.977247, -0.758752, -0.018472
0.197112, 0.466478, 0.187359, 0.457126
0.197407, 0.400108, 0.191192, 0.395418
0.197417, 0.499712, 0.185749, 0.487730
0.197422, 0.043623, 0.205054, 0.044998
0.197590, 1.000000, -0.758508, 0.000000
0.197651, 0.898337, -0.754547, -0.082047
0.197877, 0.239442, 0.198953, 0.241483
0.198087, 0.511523, 0.185639, 0.498422
0.198115, 0.607048, 0.178931, 0.583643
0.198117, 0.357770, 0.193920, 0.355374
0.198188, 0.561798, 0.182383, 0.543639
0.198189, 0.549298, 0.183254, 0.532482
0.198227, 0.823541, -0.737628, -0.132659
0.198260, 0.884211, -0.753015, -0.093304
0.198444, 0.446555, 0.189781, 0.438797
0.198521, 0.731600, 0.166945, 0.688288
0.198735, 0.536950, 0.184590, 0.521375
0.198737, 0.698097, 0.170989, 0.660961
0.198899, 0.487926, 0.187834, 0.476865
0.199016, 0.313918, 0.196855, 0.313556
0.199374, 0.524632, 0.185994, 0.510244
0.199380, 0.641204, 0.177137, 0.613025
0.199477, 0.776710, 0.159076, 0.720454
0.199718, 0.079806, 0.206388, 0.081974
0.199730, 0.000000, 0.207674, 0.000000
0.199913, 0.022173, 0.207739, 0.022873
0.199938, 0.594765, 0.181513, 0.572700
0.200058, 0.055350, 0.207431, 0.056996
0.200059, 0.279107, 0.199387, 0.279931
0.200106, 0.388596, 0.194363, 0.384481
0.200327, 0.227174, 0.201910, 0.229419
0.200333, 0.192149, 0.203308, 0.194902
0.200685, 0.836119, -0.744769, -0.130211
0.200801, 0.067086, 0.207837, 0.068977
0.201933, 0.743751, 0.168094, 0.697444
0.201941, 0.178035, 0.205473, 0.180875
0.201946, 0.476037, 0.191353, 0.465699
0.201973, 0.326564, 0.199131, 0.325502
0.202242, 0.098288, 0.208405, 0.100731
0.202264, 0.155520, 0.206618, 0.158424
0.202397, 0.675463, 0.176450, 0.641790
0.202538, 0.789248, 0.121561, 0.687730
0.203029, 0.848562, -0.745397, -0.121674
0.203183, 0.133515, 0.208215, 0.136281
0.203507, 0.214979, 0.205547, 0.217319
0.203621, 0.376412, 0.198332, 0.372789
0.203712, 0.945030, -0.752451, -0.044808
0.203712, 0.420427, 0.196091, 0.413986
0.203805, 0.628349, 0.182133, 0.601592
0.203810, 0.291701, 0.202515, 0.291956
0.203973, 0.434452, 0.195623, 0.427139
0.204019, 0.966006, -0.752902, -0.027750
0.204037, 0.988807, -0.753255, -0.009143
0.204062, 0.710114, 0.174044, 0.670214
0.204134, 0.582214, 0.186228, 0.561309
0.204611, 0.933841, -0.751287, -0.053927
0.204702, 0.109859, 0.210513, 0.112391
0.204802, 0.457226, 0.195169, 0.448313
0.205240, 0.860827, -0.745199, -0.112421
0.205315, 0.259470, 0.205368, 0.260630
0.205378, 0.755746, 0.168930, 0.706069
0.205398, 0.801921, -0.676536, -0.101723
0.205471, 0.122045, 0.210786, 0.124613
0.205992, 0.664044, 0.180667, 0.631852
0.206101, 0.920738, -0.749420, -0.064615
0.206139, 0.034172, 0.213801, 0.035174
0.206317, 0.616073, 0.185411, 0.590780
0.206498, 0.011449, 0.214297, 0.011790
0.206863, 0.087900, 0.213258, 0.090056
0.206921, 0.408175, 0.199841, 0.402464
0.207123, 0.304019, 0.205164, 0.303622
0.207291, 0.570427, 0.189969, 0.550656
0.207351, 0.686704, 0.179419, 0.650563
0.207388, 0.721896, 0.175328, 0.679315
0.207408, 0.872722, -0.744688, -0.103221
0.207447, 0.201806, 0.209957, 0.204175
0.207650, 0.364434, 0.202813, 0.361284
0.207930, 0.814599, -0.731941, -0.143782
0.207933, 0.339231, 0.204340, 0.337360
0.208026, 0.907044, -0.746979, -0.075792
0.208233, 0.651458, 0.183819, 0.620914
0.208555, 0.248061, 0.209064, 0.249418
0.208701, 0.270364, 0.208279, 0.271148
0.208741, 0.767631, 0.166659, 0.711169
0.208745, 0.166712, 0.212619, 0.169359
0.208793, 0.145178, 0.213403, 0.147821
0.208922, 0.894417, -0.745347, -0.086022
0.209035, 0.556750, 0.192554, 0.538330
0.209099, 0.351436, 0.204833, 0.348847
0.209515, 0.506826, 0.196493, 0.493425
0.209592, 0.543873, 0.194006, 0.526810
0.209739, 0.494913, 0.197478, 0.482584
0.209941, 0.235952, 0.210941, 0.237544
0.210012, 0.519030, 0.196136, 0.504449
0.210140, 0.046694, 0.217556, 0.047972
0.210142, 0.396351, 0.203557, 0.391244
0.210277, 0.699340, 0.180429, 0.660658
0.210427, 0.977786, -0.748011, -0.018237
0.210438, 0.827218, -0.736222, -0.138410
0.210656, 0.531725, 0.195859, 0.515887
0.210663, 0.638525, 0.187149, 0.609615
0.210695, 0.602796, 0.190402, 0.578841
0.210725, 0.883460, -0.742921, -0.094940
0.210789, 0.316304, 0.208137, 0.315214
0.210797, 0.445279, 0.201444, 0.436779
0.210822, 0.073716, 0.217503, 0.075519
0.210896, 0.734595, 0.176511, 0.688978
0.210977, 0.955214, -0.746901, -0.036748
0.211049, 0.482598, 0.199472, 0.471234
0.211103, 1.000000, -0.747576, 0.000000
0.211276, 0.188161, 0.214241, 0.190512
0.211451, 0.590706, 0.192060, 0.568118
0.211513, 0.468060, 0.200775, 0.457789
0.211742, 0.780147, 0.125280, 0.674730
0.212459, 0.282631, 0.211392, 0.282841
0.212788, 0.384421, 0.206714, 0.379880
0.212918, 0.000000, 0.220607, 0.000000
0.212958, 0.426827, 0.204517, 0.419469
0.212959, 0.023520, 0.220575, 0.024165
0.213023, 0.223950, 0.214532, 0.225725
0.213045, 0.059896, 0.220056, 0.061395
0.213062, 0.839739, -0.736570, -0.129733
0.213265, 0.328386, 0.209970, 0.326669
0.214604, 0.133775, 0.219535, 0.136197
0.214626, 0.746930, 0.177695, 0.698066
0.214657, 0.792747, -0.664937, -0.106848
0.214758, 0.098602, 0.220805, 0.100733
0.215358, 0.674865, 0.187455, 0.639888
0.215448, 0.211225, 0.217402, 0.213085
0.215512, 0.155712, 0.219684, 0.158137
0.215518, 0.852129, -0.736172, -0.120330
0.215792, 0.176635, 0.219145, 0.178921
0.216084, 0.295314, 0.214330, 0.294896
0.216198, 0.929096, -0.741729, -0.058331
0.216314, 0.111745, 0.221853, 0.113926
0.216319, 0.942812, -0.742200, -0.047099
0.216428, 0.372093, 0.210862, 0.368094
0.216508, 0.625490, 0.193456, 0.597894
0.216518, 0.415393, 0.208553, 0.408650
0.217082, 0.712254, 0.184441, 0.670344
0.217138, 0.967081, -0.742355, -0.027164
0.217189, 0.455659, 0.206818, 0.445957
0.217334, 0.915224, -0.740086, -0.069718
0.217337, 0.259127, 0.217190, 0.259820
0.217340, 0.084308, 0.223665, 0.086150
0.217391, 0.805524, -0.724770, -0.153442
0.217403, 0.613487, 0.195350, 0.587474
0.217473, 0.661571, 0.190695, 0.628606
0.217521, 0.578976, 0.198442, 0.557334
0.217573, 0.988929, -0.742257, -0.009142
0.217763, 0.122744, 0.222939, 0.124966
0.217789, 0.565349, 0.199801, 0.545340
0.217914, 0.864354, -0.735568, -0.110862
0.218375, 0.758488, 0.175760, 0.702854
0.218491, 0.436312, 0.209244, 0.428074
0.218499, 0.687914, 0.188568, 0.650175
0.219037, 0.725134, 0.184338, 0.680317
0.219164, 0.036041, 0.226431, 0.036927
0.219199, 0.198472, 0.221592, 0.200357
0.219235, 0.011346, 0.226753, 0.011632
0.219383, 0.358951, 0.214372, 0.355485
0.219561, 0.648651, 0.193825, 0.617445
0.219798, 0.308007, 0.217311, 0.306881
0.219857, 0.551139, 0.202752, 0.532464
0.219990, 0.901212, -0.736982, -0.081294
0.220037, 0.818264, -0.727988, -0.146998
0.220040, 0.404012, 0.212556, 0.397856
0.220180, 0.245168, 0.220515, 0.246024
0.220188, 0.346228, 0.215826, 0.343414
0.220600, 0.272443, 0.219756, 0.272563
0.220845, 0.876209, -0.734284, -0.101609
0.220878, 0.476817, 0.208931, 0.465165
0.220887, 0.770940, 0.132712, 0.665348
0.220914, 0.700609, 0.189018, 0.660274
0.221260, 0.501720, 0.207670, 0.487990
0.221278, 0.513898, 0.206838, 0.499029
0.221545, 0.636090, 0.196792, 0.606494
0.221588, 0.144104, 0.226069, 0.146318
0.221648, 0.526431, 0.206273, 0.510305
0.221671, 0.489646, 0.208862, 0.476949
0.221699, 0.592302, 0.201029, 0.568698
0.221852, 0.070034, 0.228407, 0.071530
0.221885, 0.539384, 0.205536, 0.521947
0.221977, 0.048986, 0.229072, 0.050126
0.222006, 0.889158, -0.734365, -0.091224
0.222081, 0.334930, 0.218254, 0.332612
0.222181, 0.233729, 0.223065, 0.234877
0.222527, 0.165676, 0.226219, 0.167804
0.222722, 0.830856, -0.727982, -0.137840
0.222806, 0.392472, 0.215843, 0.386903
0.222877, 0.320763, 0.219646, 0.318912
0.223263, 0.738264, 0.185767, 0.689966
0.223552, 0.956139, -0.736783, -0.036358
0.223803, 0.603994, 0.201816, 0.578581
0.223923, 0.783520, -0.655595, -0.114444
0.224111, 0.186335, 0.226913, 0.188181
0.224143, 0.978058, -0.736800, -0.018207
0.224269, 0.285733, 0.222725, 0.285253
0.224360, 0.464527, 0.212950, 0.453622
0.224753, 1.000000, -0.736444, 0.000000
0.224819, 0.220149, 0.226141, 0.221375
0.224917, 0.445912, 0.214720, 0.436599
0.225066, 0.380437, 0.218671, 0.375478
0.225097, 0.022549, 0.232368, 0.023065
0.225180, 0.424681, 0.216230, 0.416838
0.225503, 0.843541, -0.727381, -0.128217
0.225923, 0.105174, 0.231449, 0.107003
0.226131, 0.000000, 0.233507, 0.000000
0.226536, 0.092370, 0.232451, 0.094073
0.226609, 0.796324, -0.715664, -0.161191
0.227028, 0.131804, 0.231838, 0.133820
0.227379, 0.059506, 0.234152, 0.060750
0.227388, 0.668690, 0.198271, 0.633399
0.227412, 0.935024, -0.732850, -0.053947
0.227553, 0.922398, -0.732136, -0.064376
0.227702, 0.208605, 0.229476, 0.209948
0.227947, 0.558731, 0.209447, 0.538582
0.227961, 0.299142, 0.225680, 0.298006
0.227971, 0.680787, 0.197311, 0.643250
0.228103, 0.856065, -0.726673, -0.118478
0.228134, 0.749254, 0.183333, 0.692687
0.228149, 0.367195, 0.222324, 0.362785
0.228237, 0.252351, 0.228098, 0.252690
0.228290, 0.079792, 0.234527, 0.081314
0.228293, 0.617751, 0.204462, 0.590144
0.228334, 0.571505, 0.208756, 0.549952
0.228361, 0.909024, -0.730747, -0.075423
0.228716, 0.154394, 0.232725, 0.156352
0.228755, 0.946805, -0.732113, -0.044241
0.229212, 0.412847, 0.220754, 0.405593
0.229222, 0.655800, 0.201282, 0.622401
0.229334, 0.118771, 0.234451, 0.120627
0.229349, 0.717974, 0.193351, 0.672854
0.229373, 0.809166, -0.719791, -0.155593
0.229640, 0.263739, 0.228992, 0.263737
0.229699, 0.175258, 0.232861, 0.177018
0.230161, 0.583451, 0.209333, 0.560260
0.230379, 0.693389, 0.197711, 0.653217
0.230488, 0.628833, 0.205239, 0.599345
0.230527, 0.761870, 0.124755, 0.639757
0.230569, 0.966839, -0.731365, -0.027643
0.230586, 0.706758, 0.196067, 0.663951
0.230627, 0.729927, 0.191590, 0.681007
0.230818, 0.868433, -0.725683, -0.108748
0.230827, 0.032846, 0.237884, 0.033538
0.231097, 0.642659, 0.204313, 0.611079
0.231207, 0.353559, 0.226023, 0.349771
0.231223, 0.989431, -0.731053, -0.008820
0.231512, 0.196336, 0.233705, 0.197705
0.231558, 0.434682, 0.221646, 0.425764
0.231614, 0.455268, 0.220372, 0.444745
0.231954, 0.312830, 0.228805, 0.310852
0.232263, 0.821745, -0.719378, -0.146230
0.232272, 0.472720, 0.219821, 0.460715
0.232342, 0.228978, 0.233150, 0.229727
0.232364, 0.327736, 0.228480, 0.325130
0.232372, 0.011002, 0.239581, 0.011233
0.232473, 0.534093, 0.215556, 0.516378
0.232614, 0.881481, -0.725341, -0.098276
0.232664, 0.276089, 0.231345, 0.275535
0.232678, 0.483976, 0.219444, 0.471022
0.232703, 0.520574, 0.216817, 0.504240
0.232796, 0.508125, 0.217839, 0.493004
0.232893, 0.341403, 0.228346, 0.338231
0.232927, 0.401158, 0.224981, 0.394486
0.232974, 0.774060, -0.633222, -0.109076
0.233095, 0.496124, 0.218987, 0.482100
0.233099, 0.894905, -0.725942, -0.087316
0.233164, 0.547661, 0.215051, 0.528310
0.233183, 0.044376, 0.240077, 0.045262
0.233717, 0.595834, 0.211329, 0.570716
0.233996, 0.142403, 0.238325, 0.144199
0.234373, 0.241362, 0.234707, 0.241843
0.234841, 0.834582, -0.719031, -0.136385
0.234971, 0.389314, 0.227611, 0.383262
0.235312, 0.608558, 0.211480, 0.581511
0.235824, 0.787131, -0.707287, -0.169841
0.235976, 0.070123, 0.242259, 0.071350
0.235991, 0.288607, 0.233939, 0.287412
0.236230, 0.376685, 0.229494, 0.371249
0.236342, 0.164196, 0.239851, 0.165830
0.236898, 0.108780, 0.242096, 0.110325
0.237136, 0.096775, 0.242666, 0.098231
0.237395, 0.422606, 0.227893, 0.414191
0.237433, 0.979074, -0.725882, -0.017539
0.237553, 0.185025, 0.240148, 0.186355
0.237622, 0.739767, 0.187970, 0.679673
0.237934, 0.847557, -0.717969, -0.126301
0.238181, 0.561895, 0.218358, 0.540531
0.238401, 0.021661, 0.245404, 0.022075
0.238404, 0.955941, -0.724530, -0.036921
0.238404, 0.218138, 0.239579, 0.218881
0.238415, 0.444385, 0.227462, 0.434304
0.238506, 0.800001, -0.711382, -0.163955
0.238686, 0.129629, 0.243314, 0.131249
0.238767, 0.055646, 0.245240, 0.056610
0.238773, 1.000000, -0.724850, 0.000000
0.238813, 0.083850, 0.244791, 0.085199
0.238901, 0.917517, -0.722551, -0.068981
0.238952, 0.929982, -0.723151, -0.058616
0.238956, 0.675134, 0.207134, 0.637237
0.239037, 0.905172, -0.721646, -0.079221
0.239139, 0.662529, 0.208853, 0.626821
0.239192, 0.362550, 0.233093, 0.357706
0.239390, 0.300671, 0.236584, 0.298785
0.239399, 0.206665, 0.240950, 0.207506
0.239544, 0.464201, 0.227179, 0.452441
0.239562, 0.000000, 0.246617, 0.000000
0.239665, 0.942451, -0.722964, -0.048238
0.239812, 0.253236, 0.239401, 0.253087
0.240102, 0.753286, 0.099654, 0.597454
0.240181, 0.574672, 0.218999, 0.551595
0.240316, 0.687617, 0.206632, 0.647251
0.240467, 0.649148, 0.211554, 0.615465
0.240741, 0.860100, -0.716960, -0.116394
0.241018, 0.635161, 0.213614, 0.603607
0.241105, 0.726000, 0.202142, 0.678053
0.241265, 0.266036, 0.240169, 0.265388
0.241281, 0.621767, 0.215328, 0.592321
0.241294, 0.700543, 0.205646, 0.657538
0.241632, 0.812338, -0.710883, -0.154890
0.241639, 0.713739, 0.204076, 0.668085
0.241742, 0.152670, 0.245561, 0.154174
0.241785, 0.410763, 0.232795, 0.402936
0.242434, 0.322397, 0.238469, 0.319515
0.242750, 0.586727, 0.220129, 0.561840
0.242767, 0.527191, 0.225447, 0.509354
0.242890, 0.872815, -0.716363, -0.106174
0.242893, 0.118475, 0.247729, 0.119913
0.243029, 0.033311, 0.249844, 0.033896
0.243032, 0.968567, -0.721089, -0.026442
0.243055, 0.231233, 0.243547, 0.231500
0.243225, 0.764869, -0.655398, -0.148899
0.243295, 0.174159, 0.246221, 0.175409
0.243304, 0.335391, 0.238647, 0.331907
0.243392, 0.540569, 0.224901, 0.521245
0.243668, 0.310977, 0.240198, 0.308456
0.244008, 0.348845, 0.238549, 0.344597
0.244029, 0.885943, -0.716455, -0.095447
0.244062, 0.488481, 0.229649, 0.474344
0.244080, 0.513399, 0.227753, 0.496880
0.244103, 0.475940, 0.230594, 0.462897
0.244172, 0.195446, 0.246105, 0.196296
0.244183, 0.825366, -0.710485, -0.144820
0.244290, 0.777607, -0.692358, -0.171665
0.244311, 0.432583, 0.233747, 0.422977
0.244595, 0.501159, 0.229186, 0.485810
0.244598, 0.279071, 0.242754, 0.277801
0.245129, 0.454328, 0.233039, 0.442954
0.245301, 0.598849, 0.221157, 0.572054
0.245336, 0.990341, -0.719312, -0.008144
0.245499, 0.398649, 0.237063, 0.391411
0.245554, 0.553216, 0.225725, 0.532200
0.245975, 0.010806, 0.252871, 0.010991
0.246022, 0.140269, 0.250094, 0.141621
0.246213, 0.065751, 0.252344, 0.066727
0.246283, 0.373466, 0.239209, 0.367556
0.246352, 0.386727, 0.238570, 0.380148
0.246375, 0.610785, 0.220862, 0.582231
0.246566, 0.044622, 0.253095, 0.045330
0.246685, 0.838544, -0.710066, -0.134486
0.247405, 0.897429, -0.714373, -0.086152
0.247697, 0.791054, -0.703383, -0.172780
0.248173, 0.092351, 0.253600, 0.093510
0.248259, 0.104975, 0.253377, 0.106213
0.248325, 0.291376, 0.245736, 0.289454
0.248504, 0.745613, 0.080185, 0.563326
0.248508, 0.243545, 0.248284, 0.243233
0.249387, 0.077846, 0.255102, 0.078854
0.249648, 0.566554, 0.228166, 0.543604
0.249930, 0.421055, 0.239822, 0.412007
0.249942, 0.669169, 0.217003, 0.630867
0.250014, 0.162710, 0.253296, 0.163856
0.250077, 0.655936, 0.218818, 0.619920
0.250183, 0.910587, -0.712777, -0.075332
0.250192, 0.360055, 0.243720, 0.354691
0.250293, 0.923202, -0.713477, -0.064779
0.250404, 0.733512, 0.213532, 0.686857
0.250526, 0.851755, -0.708269, -0.124100
0.250533, 0.948354, -0.714256, -0.043633
0.250566, 0.681889, 0.215793, 0.641158
0.250617, 0.219368, 0.251381, 0.219502
0.250690, 0.207848, 0.251994, 0.208252
0.250854, 0.935700, -0.713530, -0.054302
0.250855, 0.980774, -0.714659, -0.016267
0.250989, 0.256932, 0.250048, 0.256105
0.251010, 0.642497, 0.221262, 0.608608
0.251065, 0.802553, -0.702178, -0.163851
0.251132, 0.184769, 0.253458, 0.185584
0.251311, 0.442426, 0.239616, 0.431554
0.251359, 0.022110, 0.258039, 0.022449
0.251756, 0.959725, -0.713585, -0.034070
0.251757, 0.127824, 0.256134, 0.129016
0.252031, 0.629415, 0.223690, 0.597538
0.252128, 0.707369, 0.212977, 0.660923
0.252235, 0.694447, 0.215308, 0.651002
0.252542, 0.055382, 0.258705, 0.056134
0.252542, 0.579123, 0.229514, 0.554308
0.252570, 0.465881, 0.239161, 0.453082
0.252648, 0.269934, 0.250956, 0.268536
0.252820, 0.720925, 0.210139, 0.669981
0.252847, 0.302140, 0.249527, 0.299531
0.252979, 0.520459, 0.235230, 0.502377
0.253155, 0.000000, 0.259908, 0.000000
0.253202, 0.815843, -0.702213, -0.153534
0.253211, 0.864233, -0.707235, -0.114075
0.253484, 1.000000, -0.712503, 0.000000
0.253588, 0.533603, 0.234670, 0.514099
0.253734, 0.231567, 0.253895, 0.231310
0.253895, 0.327078, 0.249218, 0.323336
0.254003, 0.408738, 0.244441, 0.400259
0.254136, 0.756435, -0.686923, -0.197620
0.254345, 0.150938, 0.257890, 0.151979
0.254471, 0.877620, -0.707327, -0.103092
0.254482, 0.314967, 0.250434, 0.311740
0.254565, 0.115153, 0.259194, 0.116227
0.254618, 0.339525, 0.249223, 0.335142
0.254653, 0.480036, 0.240039, 0.465862
0.254735, 0.769141, -0.687516, -0.184387
0.254988, 0.617709, 0.227564, 0.587274
0.255088, 0.781965, -0.694236, -0.179005
0.255181, 0.493223, 0.239493, 0.477766
0.255402, 0.591400, 0.230774, 0.564649
0.255452, 0.546172, 0.235229, 0.525098
0.255647, 0.970979, -0.710425, -0.024622
0.255686, 0.033681, 0.262175, 0.034149
0.255798, 0.829394, -0.701664, -0.142863
0.255942, 0.196923, 0.257500, 0.197249
0.255981, 0.173438, 0.258572, 0.174167
0.256106, 0.506193, 0.239219, 0.489219
0.256458, 0.383382, 0.248324, 0.376336
0.256463, 0.452970, 0.243664, 0.440876
0.256634, 0.371081, 0.249200, 0.364697
0.256932, 0.282983, 0.254479, 0.280940
0.256990, 0.603979, 0.230795, 0.575244
0.257095, 0.890242, -0.705984, -0.092755
0.257444, 0.432031, 0.246133, 0.421670
0.257752, 0.350655, 0.251528, 0.345435
0.257755, 0.138233, 0.261552, 0.139165
0.257779, 0.087993, 0.263073, 0.088897
0.257973, 0.396406, 0.248997, 0.388528
0.258043, 0.558661, 0.236376, 0.535861
0.258280, 0.067740, 0.264089, 0.068520
0.258341, 0.842504, -0.701043, -0.132419
0.259411, 0.011069, 0.265973, 0.011215
0.259635, 0.742580, -0.360764, 0.107669
0.259684, 0.100945, 0.264615, 0.101857
0.259756, 0.902937, -0.704516, -0.082268
0.260101, 0.045062, 0.266267, 0.045605
0.260207, 0.662537, 0.226364, 0.623937
0.260411, 0.990330, -0.706665, -0.008234
0.260686, 0.249513, 0.259774, 0.248409
0.261019, 0.675974, 0.225159, 0.634827
0.261142, 0.649682, 0.228868, 0.613253
0.261328, 0.792317, -0.692615, -0.173397
0.261465, 0.916212, -0.703785, -0.071172
0.261843, 0.928828, -0.704148, -0.060528
0.261886, 0.571395, 0.238548, 0.546691
0.261901, 0.419973, 0.251125, 0.410186
0.261944, 0.805932, -0.694052, -0.162565
0.262138, 0.237779, 0.261846, 0.237042
0.262248, 0.941927, -0.704273, -0.049436
0.262276, 0.293240, 0.259122, 0.290545
0.262405, 0.210679, 0.263328, 0.210567
0.262438, 0.636972, 0.231595, 0.602552
0.262476, 0.262275, 0.260859, 0.260658
0.262489, 0.714323, 0.211205, 0.655438
0.262731, 0.223358, 0.262977, 0.222863
0.262766, 0.687674, 0.224736, 0.643847
0.262981, 0.729251, 0.164381, 0.618191
0.262991, 0.515211, 0.244757, 0.496829
0.263123, 0.954358, -0.703851, -0.038896
0.263180, 0.361849, 0.255995, 0.355625
0.263391, 0.701388, 0.223012, 0.654556
0.263500, 0.471662, 0.248800, 0.457476
0.263555, 0.855504, -0.698055, -0.122171
0.263569, 0.161173, 0.266436, 0.161751
0.263851, 0.078727, 0.269205, 0.079452
0.263946, 0.185797, 0.265830, 0.186033
0.264035, 0.274800, 0.261716, 0.272655
0.264123, 0.527425, 0.244713, 0.507656
0.264267, 0.022484, 0.270597, 0.022746
0.264290, 0.820009, -0.693802, -0.151433
0.264304, 0.124856, 0.268351, 0.125610
0.264342, 0.305895, 0.260399, 0.302522
0.264487, 0.869549, -0.698456, -0.110555
0.264676, 0.458871, 0.250896, 0.445777
0.264707, 0.624691, 0.235047, 0.591999
0.264771, 0.443505, 0.252100, 0.431625
0.265028, 0.979905, -0.702719, -0.017156
0.265037, 0.583813, 0.240014, 0.557121
0.265120, 0.777803, -0.686833, -0.184809
0.265131, 0.112084, 0.269620, 0.112872
0.265313, 0.057308, 0.271083, 0.057877
0.265376, 0.318621, 0.260698, 0.314633
0.265483, 0.330781, 0.260112, 0.326203
0.265523, 0.965944, -0.702007, -0.029078
0.265594, 0.485147, 0.249674, 0.469599
0.265620, 0.539229, 0.244969, 0.517988
0.265889, 0.764536, -0.684872, -0.196165
0.265916, 0.408205, 0.255683, 0.398965
0.266053, 0.611324, 0.237777, 0.580464
0.266291, 0.752599, -0.662544, -0.185900
0.266342, 0.148667, 0.269621, 0.149280
0.266372, 0.198866, 0.267619, 0.198761
0.266555, 0.497690, 0.249498, 0.480809
0.266581, 0.882970, -0.697688, -0.099470
0.266673, 0.000000, 0.273079, 0.000000
0.266850, 0.173471, 0.269165, 0.173788
0.267299, 0.375229, 0.259087, 0.367973
0.267364, 0.387243, 0.258374, 0.379223
0.267374, 0.597090, 0.240557, 0.568180
0.267532, 0.342397, 0.261365, 0.337069
0.267717, 0.551460, 0.245663, 0.528553
0.267774, 0.832940, -0.692345, -0.141195
0.268457, 1.000000, -0.699989, 0.000000
0.268476, 0.034246, 0.274587, 0.034597
0.268583, 0.136161, 0.272192, 0.136760
0.269257, 0.091732, 0.274220, 0.092403
0.269445, 0.430741, 0.257422, 0.419614
0.269669, 0.895696, -0.695867, -0.088935
0.269983, 0.844367, -0.691619, -0.131954
0.270196, 0.669511, 0.233518, 0.628062
0.270810, 0.563281, 0.247222, 0.538606
0.271002, 0.739310, -0.686894, -0.228997
0.271224, 0.507974, 0.252823, 0.489556
0.271385, 0.353724, 0.264318, 0.347496
0.271411, 0.069305, 0.276786, 0.069847
0.271519, 0.909004, -0.695067, -0.077764
0.271549, 0.398518, 0.261589, 0.389493
0.271571, 0.657055, 0.236503, 0.617807
0.271574, 0.721000, 0.148595, 0.587570
0.271763, 0.284091, 0.268825, 0.281345
0.272090, 0.797948, -0.684881, -0.170269
0.272326, 0.811422, -0.686306, -0.159337
0.272497, 0.256496, 0.270838, 0.254581
0.272684, 0.243905, 0.271737, 0.242467
0.272701, 0.046874, 0.278432, 0.047266
0.272722, 0.693701, 0.230247, 0.645376
0.272758, 0.230680, 0.272358, 0.229537
0.272810, 0.011280, 0.278990, 0.011385
0.272861, 0.934651, -0.695163, -0.055993
0.272878, 0.644948, 0.239290, 0.607751
0.273198, 0.921903, -0.694277, -0.066871
0.273254, 0.103512, 0.277772, 0.104087
0.273765, 0.269862, 0.271429, 0.267472
0.273822, 0.217673, 0.274039, 0.216854
0.273823, 0.785488, -0.681729, -0.180430
0.273978, 0.948532, -0.694610, -0.044157
0.274084, 0.297027, 0.270291, 0.293557
0.274205, 0.418443, 0.262725, 0.407862
0.274238, 0.862273, -0.689785, -0.117387
0.274336, 0.708513, 0.268233, 0.695278
0.274373, 0.451809, 0.260340, 0.438439
0.274473, 0.680408, 0.235168, 0.636126
0.274561, 0.520417, 0.254746, 0.500442
0.274589, 0.632867, 0.242362, 0.597563
0.274759, 0.465101, 0.259691, 0.450621
0.274786, 0.574317, 0.249534, 0.547741
0.274863, 0.366078, 0.266812, 0.358864
0.274880, 0.477177, 0.258793, 0.461525
0.275342, 0.974238, -0.694030, -0.022137
0.275446, 0.988686, -0.694163, -0.009723
0.275697, 0.205998, 0.276430, 0.205401
0.275708, 0.309844, 0.271087, 0.305668
0.275902, 0.116943, 0.280004, 0.117435
0.275924, 0.876188, -0.689407, -0.105805
0.276016, 0.619980, 0.245231, 0.586580
0.276075, 0.825055, -0.684711, -0.148539
0.276144, 0.192493, 0.277404, 0.192120
0.276192, 0.772458, -0.678108, -0.191327
0.276391, 0.531965, 0.255296, 0.510515
0.276424, 0.960622, -0.692730, -0.033847
0.276455, 0.166700, 0.278752, 0.166735
0.276498, 0.180387, 0.278305, 0.180249
0.276539, 0.322418, 0.271159, 0.317603
0.276582, 0.154842, 0.279361, 0.155037
0.276635, 0.082064, 0.281552, 0.082533
0.276744, 0.586023, 0.249917, 0.557550
0.276957, 0.607485, 0.247596, 0.575928
0.276962, 0.023043, 0.282896, 0.023227
0.277362, 0.490068, 0.259982, 0.472980
0.277385, 0.544201, 0.254965, 0.521176
0.277554, 0.439966, 0.264240, 0.427424
0.277703, 0.128765, 0.281318, 0.129123
0.277860, 0.334415, 0.271702, 0.328906
0.277992, 0.748755, -0.672356, -0.210000
0.278127, 0.059224, 0.283465, 0.059602
0.278157, 0.850816, -0.685396, -0.127284
0.278199, 0.730828, -0.620944, -0.179165
0.278221, 0.760011, -0.673320, -0.200299
0.278545, 0.142362, 0.281731, 0.142620
0.278710, 0.378662, 0.269628, 0.370412
0.279320, 0.389563, 0.269465, 0.380554
0.279358, 0.596499, 0.250970, 0.566245
0.279421, 0.888342, -0.687287, -0.095742
0.279695, 0.407336, 0.268657, 0.397180
0.280182, 0.000000, 0.286178, 0.000000
0.280342, 0.556646, 0.256302, 0.531762
0.280387, 0.500762, 0.261762, 0.482268
0.280463, 0.036530, 0.286085, 0.036773
0.280499, 0.346290, 0.273448, 0.339928
0.280691, 0.666743, 0.242522, 0.624334
0.281307, 0.902113, -0.686521, -0.084130
0.281326, 0.837179, -0.681644, -0.138975
0.281922, 0.094733, 0.286435, 0.095106
0.282140, 0.428111, 0.269399, 0.416177
0.282149, 0.699607, 0.190989, 0.601973
0.282638, 0.803852, -0.677063, -0.166708
0.282735, 1.000000, -0.688145, 0.000000
0.282819, 0.940993, -0.686821, -0.050880
0.283219, 0.653823, 0.246503, 0.613478
0.283327, 0.250430, 0.281628, 0.248212
0.283341, 0.277273, 0.280256, 0.274103
0.283381, 0.815634, -0.677699, -0.157075
0.283424, 0.237129, 0.282335, 0.235279
0.283480, 0.263615, 0.281083, 0.260920
0.283550, 0.719551, -0.391261, 0.033058
0.283725, 0.072198, 0.288639, 0.072513
0.283761, 0.513304, 0.263669, 0.493185
0.283848, 0.914873, -0.684954, -0.073339
0.283910, 0.289260, 0.280126, 0.285556
0.283978, 0.358654, 0.275973, 0.351370
0.284157, 0.791564, -0.674310, -0.176924
0.284398, 0.224401, 0.283897, 0.222878
0.284468, 0.687424, 0.240676, 0.638411
0.284502, 0.869416, -0.681623, -0.112112
0.284740, 0.641426, 0.249650, 0.603220
0.284768, 0.927867, -0.684876, -0.062234
0.285073, 0.108092, 0.289111, 0.108343
0.285134, 0.566735, 0.259446, 0.540087
0.285329, 0.049089, 0.290609, 0.049328
0.285345, 0.459184, 0.269848, 0.444249
0.285666, 0.980198, -0.685312, -0.017121
0.285707, 0.628002, 0.252334, 0.591965
0.285825, 0.740534, -0.664460, -0.217380
0.285962, 0.301974, 0.281380, 0.297603
0.286165, 0.011905, 0.291684, 0.011961
0.286201, 0.482221, 0.268706, 0.465115
0.286491, 0.470512, 0.269960, 0.454459
0.286550, 0.212505, 0.286629, 0.211268
0.286590, 0.397255, 0.275840, 0.387330
0.286597, 0.778955, -0.670753, -0.187520
0.286874, 0.370890, 0.277849, 0.362596
0.286915, 0.967941, -0.684124, -0.027736
0.286948, 0.199918, 0.287548, 0.198935
0.287182, 0.448557, 0.272415, 0.434428
0.287198, 0.173786, 0.288865, 0.173289
0.287259, 0.314439, 0.281855, 0.309368
0.287277, 0.953774, -0.683496, -0.039989
0.287303, 0.578730, 0.259957, 0.550156
0.287324, 0.524442, 0.265797, 0.502753
0.287462, 0.416809, 0.275214, 0.405367
0.287517, 0.187047, 0.288688, 0.186334
0.287539, 0.614666, 0.255683, 0.580615
0.287589, 0.675759, 0.246411, 0.630104
0.287643, 0.858212, -0.678110, -0.121819
0.287750, 0.536925, 0.264903, 0.513687
0.287981, 0.160632, 0.290192, 0.160338
0.288067, 0.121352, 0.291676, 0.121472
0.288121, 0.026592, 0.293498, 0.026715
0.288122, 0.766830, -0.667623, -0.197293
0.288128, 0.709436, -0.096179, 0.314228
0.288312, 0.326338, 0.282126, 0.320590
0.288815, 0.549608, 0.264482, 0.524616
0.288820, 0.826161, -0.674377, -0.148877
0.288896, 0.134551, 0.292006, 0.134522
0.288940, 0.147892, 0.291637, 0.147748
0.289358, 0.085324, 0.293789, 0.085518
0.289611, 0.880722, -0.678239, -0.102854
0.289703, 0.602651, 0.259085, 0.570219
0.290083, 0.590144, 0.260982, 0.559562
0.290200, 0.338723, 0.283139, 0.332180
0.290325, 0.894757, -0.678518, -0.090900
0.290405, 0.061929, 0.295305, 0.062120
0.290413, 0.752766, -0.663887, -0.209154
0.290492, 0.846224, -0.674944, -0.132190
0.290544, 0.437365, 0.276453, 0.423982
0.290745, 0.989873, -0.681152, -0.008780
0.290937, 0.384388, 0.280810, 0.375015
0.291290, 0.494269, 0.272241, 0.475472
0.291832, 0.729975, -0.659548, -0.228282
0.291941, 0.506232, 0.271697, 0.486092
0.292210, 0.662964, 0.251800, 0.618801
0.292685, 0.350959, 0.284672, 0.343514
0.293035, 0.038982, 0.298171, 0.039103
0.293234, 0.940603, -0.677877, -0.051529
0.293531, 0.000000, 0.298705, 0.000000
0.293590, 0.406169, 0.281753, 0.395112
0.293652, 0.257402, 0.291174, 0.254393
0.293669, 0.243808, 0.291832, 0.241214
0.293688, 0.800743, -0.667666, -0.170524
0.293730, 0.696826, 0.266621, 0.662285
0.293759, 0.098949, 0.297765, 0.099014
0.294115, 0.270557, 0.290925, 0.267036
0.294175, 0.812777, -0.668442, -0.160568
0.294261, 0.906840, -0.675784, -0.080717
0.294872, 0.230676, 0.293638, 0.228432
0.295090, 0.650067, 0.256947, 0.608698
0.295165, 0.636073, 0.259040, 0.597250
0.295360, 0.426176, 0.281818, 0.413360
0.295432, 0.558867, 0.269370, 0.532164
0.295522, 0.835273, -0.669743, -0.141854
0.295586, 0.282726, 0.291671, 0.278640
0.295646, 0.787026, -0.664477, -0.182069
0.295723, 0.075280, 0.300200, 0.075372
0.295779, 0.294370, 0.291129, 0.289707
0.296187, 0.018750, 0.301352, 0.018796
0.296198, 0.868656, -0.671696, -0.113562
0.296206, 0.929725, -0.674986, -0.061033
0.296379, 0.918269, -0.674494, -0.070949
0.296551, 0.622309, 0.262199, 0.585699
0.296771, 0.112909, 0.300280, 0.112811
0.296780, 0.719490, -0.663240, -0.247067
0.296794, 0.362869, 0.287768, 0.354436
0.296991, 0.685073, 0.246310, 0.629405
0.297047, 0.963436, -0.675413, -0.031820
0.297123, 0.483242, 0.278576, 0.465096
0.297227, 0.459739, 0.280716, 0.443773
0.297422, 0.471715, 0.279835, 0.454578
0.297474, 0.219154, 0.296808, 0.217203
0.297491, 0.571427, 0.269675, 0.542707
0.297514, 1.000000, -0.675386, 0.000000
0.297778, 0.051223, 0.302572, 0.051295
0.297896, 0.374732, 0.287970, 0.365440
0.297906, 0.307453, 0.292430, 0.302095
0.297947, 0.517224, 0.276073, 0.495405
0.298034, 0.180999, 0.299031, 0.179931
0.298193, 0.530446, 0.274873, 0.506940
0.298233, 0.194339, 0.298707, 0.193008
0.298259, 0.762544, -0.659001, -0.202354
0.298309, 0.544016, 0.273491, 0.518766
0.298313, 0.167628, 0.299862, 0.166808
0.298354, 0.207057, 0.298257, 0.205415
0.298409, 0.741101, -0.655606, -0.219569
0.298446, 0.977311, -0.674327, -0.019762
0.299100, 0.448010, 0.283463, 0.432994
0.299111, 0.393874, 0.287770, 0.383228
0.299335, 0.154025, 0.301424, 0.153414
0.299349, 0.888692, -0.670410, -0.096599
0.299475, 0.126974, 0.302540, 0.126707
0.299603, 0.330993, 0.292516, 0.324242
0.299619, 0.318801, 0.293335, 0.312736
0.299661, 0.949742, -0.672837, -0.043781
0.299752, 0.856429, -0.667902, -0.124253
0.299771, 0.608681, 0.266812, 0.573915
0.299894, 0.707100, -0.579152, -0.180848
0.299975, 0.140223, 0.302538, 0.139773
0.300015, 0.774693, -0.659334, -0.192712
0.300275, 0.674027, 0.250142, 0.619709
0.300334, 0.583271, 0.270660, 0.552459
0.301015, 0.822739, -0.663945, -0.152914
0.301104, 0.415549, 0.288023, 0.403189
0.301221, 0.009071, 0.306132, 0.009083
0.301263, 0.596228, 0.269769, 0.563293
0.301413, 0.089266, 0.305216, 0.089146
0.301457, 0.029925, 0.306375, 0.029954
0.302256, 0.344069, 0.294214, 0.336445
0.302341, 0.504007, 0.281304, 0.483171
0.302361, 0.063534, 0.306756, 0.063513
0.303103, 0.436241, 0.288128, 0.421907
0.303420, 0.878006, -0.666334, -0.106028
0.303490, 0.250842, 0.300888, 0.247497
0.303518, 0.797100, -0.659106, -0.174636
0.303541, 0.662556, 0.263628, 0.619153
0.303687, 0.845012, -0.663754, -0.134289
0.303825, 0.900168, -0.667231, -0.086937
0.304001, 0.752135, -0.652987, -0.211618
0.304396, 0.237219, 0.302408, 0.234256
0.304536, 0.492390, 0.284445, 0.472641
0.304536, 0.263855, 0.301254, 0.260018
0.304586, 0.989065, -0.669392, -0.009562
0.304945, 0.104046, 0.308454, 0.103807
0.305053, 0.383212, 0.294161, 0.372945
0.305374, 0.355557, 0.296312, 0.346952
0.305449, 0.729806, -0.649199, -0.230629
0.305535, 0.641644, 0.266450, 0.599794
0.305638, 0.809665, -0.658735, -0.164355
0.305846, 0.694457, -0.220474, 0.158516
0.306061, 0.403722, 0.293490, 0.391800
0.306127, 0.041369, 0.310750, 0.041346
0.306133, 0.629396, 0.269053, 0.589981
0.306327, 0.937500, -0.666523, -0.054610
0.306339, 0.552277, 0.279623, 0.525085
0.306352, 0.276240, 0.302323, 0.271817
0.306541, 0.300014, 0.301033, 0.294435
0.307009, 0.075593, 0.310923, 0.075423
0.307191, 0.652378, 0.264975, 0.607085
0.307437, 0.616236, 0.272137, 0.579014
0.307571, 0.564873, 0.279196, 0.535823
0.307780, 0.957456, -0.665890, -0.037232
0.307795, 0.785496, -0.654320, -0.184776
0.307842, 0.925178, -0.664969, -0.065401
0.307964, 0.118306, 0.310966, 0.117860
0.308158, 0.288355, 0.303204, 0.283165
0.308197, 0.538151, 0.282872, 0.512583
0.308222, 0.833158, -0.658989, -0.144759
0.308322, 0.479491, 0.289060, 0.460642
0.308325, 0.911913, -0.664057, -0.076965
0.308382, 0.000000, 0.313120, 0.000000
0.308429, 0.225861, 0.306971, 0.223155
0.308437, 0.716743, -0.639580, -0.236813
0.308570, 0.866360, -0.661152, -0.116368
0.308604, 0.175119, 0.309455, 0.173740
0.308641, 0.425675, 0.294174, 0.411867
0.308777, 0.369786, 0.298608, 0.360141
0.308778, 0.467146, 0.290641, 0.449506
0.308831, 0.525043, 0.284892, 0.501057
0.308843, 0.188461, 0.309129, 0.186781
0.308986, 0.969151, -0.665213, -0.027024
0.309070, 0.161331, 0.310486, 0.160216
0.309221, 0.019762, 0.313971, 0.019747
0.309410, 0.201689, 0.309132, 0.199683
0.309829, 0.764021, -0.649867, -0.202729
0.309869, 0.147060, 0.311785, 0.146154
0.310069, 0.214459, 0.309204, 0.212091
0.310101, 0.455889, 0.292895, 0.439249
0.310138, 0.684003, 0.139900, 0.505680
0.310318, 0.336156, 0.302306, 0.328401
0.310492, 0.053106, 0.314767, 0.052994
0.310511, 0.513014, 0.287681, 0.490298
0.310674, 0.576415, 0.280417, 0.545305
0.310806, 0.324038, 0.303581, 0.316951
0.311093, 0.132690, 0.313423, 0.131937
0.311301, 0.889012, -0.660247, -0.096979
0.311340, 0.704159, -0.620157, -0.232905
0.311401, 0.742562, -0.645593, -0.220408
0.311485, 0.312031, 0.305066, 0.305618
0.311520, 0.445371, 0.295081, 0.429501
0.311701, 0.589414, 0.279561, 0.556155
0.311800, 1.000000, -0.663158, 0.000000
0.312197, 0.602678, 0.278069, 0.567022
0.312311, 0.085725, 0.315843, 0.085397
0.312554, 0.854949, -0.656974, -0.126454
0.312788, 0.672506, 0.281058, 0.636437
0.312876, 0.392433, 0.300775, 0.380919
0.313081, 0.979954, -0.661860, -0.017602
0.313128, 0.821146, -0.653738, -0.155398
0.313367, 0.946117, -0.660845, -0.047283
0.313411, 0.243997, 0.310718, 0.240356
0.313662, 0.414199, 0.299715, 0.400859
0.313779, 0.775323, -0.648252, -0.193938
0.313875, 0.097125, 0.317103, 0.096676
0.314065, 0.798307, -0.650479, -0.174759
0.314287, 0.500417, 0.292387, 0.478786
0.314537, 0.031108, 0.318972, 0.031031
0.314719, 0.256296, 0.311364, 0.252165
0.314871, 0.064938, 0.318739, 0.064695
0.315342, 0.359521, 0.305442, 0.350005
0.315757, 0.009950, 0.320220, 0.009925
0.315814, 0.346788, 0.306830, 0.338095
0.316004, 0.877027, -0.655596, -0.107634
0.316300, 0.900481, -0.656648, -0.087271
0.316350, 0.843427, -0.652966, -0.136645
0.316452, 0.661223, 0.256078, 0.597346
0.316538, 0.268175, 0.312463, 0.263483
0.316654, 0.487753, 0.295779, 0.467229
0.316693, 0.637747, 0.276196, 0.594880
0.316736, 0.435883, 0.300749, 0.420487
0.316905, 0.624826, 0.278624, 0.584555
0.316997, 0.380442, 0.305487, 0.369423
0.317285, 0.109482, 0.320155, 0.108851
0.317292, 0.546051, 0.289891, 0.518322
0.317412, 0.300669, 0.311408, 0.294474
0.317434, 0.753384, -0.642352, -0.212486
0.317602, 0.733876, -0.639409, -0.228534
0.317681, 0.558719, 0.288683, 0.529213
0.317924, 0.722216, -0.636259, -0.237032
0.317936, 0.810076, -0.648634, -0.165238
0.317969, 0.233472, 0.315646, 0.229983
0.318349, 0.921382, -0.655743, -0.069099
0.318382, 0.612943, 0.281706, 0.574617
0.318404, 0.402638, 0.305052, 0.389840
0.318493, 0.648836, 0.274842, 0.602500
0.318972, 0.042697, 0.323081, 0.042527
0.318987, 0.169484, 0.319672, 0.167811
0.319005, 0.958145, -0.656126, -0.036847
0.319008, 0.279605, 0.314143, 0.274260
0.319165, 0.533215, 0.293066, 0.506995
0.319297, 0.474198, 0.299497, 0.454827
0.319408, 0.990222, -0.656453, -0.008616
0.319468, 0.182614, 0.319592, 0.180624
0.319513, 0.933671, -0.655252, -0.058370
0.319556, 0.694498, -0.672430, -0.302859
0.319579, 0.155838, 0.320760, 0.154412
0.319620, 0.121649, 0.321916, 0.120755
0.319860, 0.195776, 0.319390, 0.193435
0.319917, 0.787394, -0.644516, -0.184568
0.320304, 0.076270, 0.323752, 0.075854
0.320420, 0.709205, -0.625310, -0.241071
0.320625, 0.290124, 0.315044, 0.284187
0.320750, 0.209192, 0.319675, 0.206463
0.320826, 0.333455, 0.312457, 0.325213
0.320851, 0.831786, -0.648226, -0.146997
0.320852, 0.521182, 0.295952, 0.496330
0.320924, 0.142911, 0.322456, 0.141642
0.320987, 0.461392, 0.302307, 0.443223
0.321100, 0.865353, -0.650426, -0.118058
0.321245, 0.424958, 0.305821, 0.410097
0.321416, 0.569412, 0.290530, 0.537902
0.321974, 0.368963, 0.311037, 0.358416
0.322131, 0.969762, -0.653797, -0.026674
0.322156, 0.582082, 0.289430, 0.548503
0.322174, 0.222524, 0.320330, 0.219269
0.322279, 0.320945, 0.314654, 0.313307
0.322294, 0.765672, -0.639967, -0.202983
0.322300, 0.682139, -0.373853, -0.021884
0.322457, 0.910683, -0.651838, -0.078634
0.322620, 0.000000, 0.326880, 0.000000
0.322627, 0.020842, 0.326878, 0.020753
0.322891, 0.509032, 0.299127, 0.485457
0.322902, 0.594930, 0.288210, 0.559124
0.323050, 0.887924, -0.650182, -0.098554
0.323150, 0.054501, 0.326900, 0.054204
0.323211, 0.448693, 0.305575, 0.431627
0.324051, 0.246988, 0.320824, 0.242748
0.324124, 0.088699, 0.327174, 0.088096
0.324155, 0.132524, 0.325931, 0.131331
0.325132, 0.853673, -0.646191, -0.128448
0.325261, 0.946083, -0.650679, -0.047616
0.325267, 0.309474, 0.318282, 0.302321
0.325455, 0.669935, 0.083653, 0.420945
0.325745, 0.799327, -0.640868, -0.175103
0.325882, 0.496157, 0.303171, 0.473733
0.325899, 0.355375, 0.315665, 0.345396
0.325958, 0.390625, 0.312934, 0.378031
0.326078, 0.413826, 0.311238, 0.399510
0.326083, 0.743440, -0.633875, -0.221840
0.326162, 0.820894, -0.642665, -0.156771
0.326417, 0.259799, 0.322372, 0.254919
0.326493, 0.606156, 0.289473, 0.567768
0.326505, 0.631734, 0.285092, 0.588268
0.326597, 0.100976, 0.329241, 0.100174
0.326671, 1.000000, -0.650102, 0.000000
0.326821, 0.777891, -0.637772, -0.193334
0.327515, 0.980432, -0.649307, -0.017313
0.327539, 0.032226, 0.331451, 0.032035
0.327665, 0.066453, 0.330979, 0.065982
0.327751, 0.553616, 0.297963, 0.523406
0.328042, 0.343196, 0.318549, 0.333839
0.328045, 0.483121, 0.306474, 0.461914
0.328105, 0.657080, 0.276982, 0.602769
0.328499, 0.436437, 0.311469, 0.419935
0.328639, 0.729714, -0.629670, -0.233384
0.328653, 0.876061, -0.644689, -0.109214
0.328822, 0.841753, -0.642255, -0.139043
0.328873, 0.898314, -0.645735, -0.089756
0.328954, 0.272165, 0.324074, 0.266607
0.329068, 0.619769, 0.289220, 0.578195
0.329117, 0.541415, 0.300731, 0.512816
0.329121, 0.236220, 0.326220, 0.232104
0.329322, 0.163693, 0.329741, 0.161709
0.329356, 0.716501, -0.625032, -0.242204
0.329394, 0.378337, 0.317247, 0.366570
0.329557, 0.402360, 0.315355, 0.388614
0.329681, 0.644046, 0.285317, 0.597200
0.329710, 0.010591, 0.333683, 0.010526
0.329917, 0.702221, -0.631354, -0.263036
0.330029, 0.756049, -0.632429, -0.211959
0.330128, 0.922605, -0.645578, -0.068441
0.330191, 0.176433, 0.330119, 0.174141
0.330287, 0.810664, -0.638233, -0.165894
0.330331, 0.297459, 0.323845, 0.290613
0.330442, 0.113058, 0.332662, 0.112007
0.330618, 0.189237, 0.329977, 0.186593
0.330714, 0.958656, -0.646061, -0.036621
0.330756, 0.470315, 0.310264, 0.450269
0.330919, 0.150190, 0.331708, 0.148401
0.330972, 0.202024, 0.329712, 0.198984
0.331181, 0.529833, 0.304007, 0.502642
0.331632, 0.043998, 0.335213, 0.043676
0.332008, 0.330710, 0.323189, 0.321881
0.332245, 0.935153, -0.644401, -0.057454
0.332266, 0.215119, 0.330339, 0.211615
0.332381, 0.284625, 0.326522, 0.278234
0.332394, 0.690069, -0.595257, -0.241469
0.332674, 0.790143, -0.634151, -0.183616
0.332677, 0.079011, 0.335611, 0.078335
0.332696, 0.517509, 0.306809, 0.491735
0.332739, 0.124266, 0.334369, 0.122919
0.332747, 0.563257, 0.301045, 0.531113
0.332895, 0.457933, 0.313443, 0.438964
0.333061, 0.575485, 0.299585, 0.541364
0.333383, 0.364852, 0.321951, 0.353673
0.333447, 0.424230, 0.317085, 0.408354
0.333645, 0.864521, -0.639633, -0.119580
0.333677, 0.587880, 0.298264, 0.551587
0.334062, 0.829605, -0.636811, -0.149951
0.334311, 0.990254, -0.643410, -0.008652
0.334533, 0.908669, -0.641363, -0.080903
0.334646, 0.318660, 0.326515, 0.310368
0.334688, 0.504896, 0.310025, 0.480451
0.334690, 0.768721, -0.630104, -0.201938
0.334739, 0.678240, -0.630534, -0.291008
0.334922, 0.249618, 0.331084, 0.244717
0.334993, 0.138638, 0.336158, 0.136996
0.335515, 0.227383, 0.332745, 0.223241
0.335570, 0.886591, -0.639344, -0.100374
0.335592, 0.056436, 0.338777, 0.055942
0.335631, 0.970114, -0.642086, -0.026546
0.335810, 0.091513, 0.338271, 0.090601
0.336090, 0.021788, 0.339790, 0.021618
0.336185, 0.599377, 0.298555, 0.560659
0.336220, 0.446448, 0.317551, 0.428253
0.336431, 0.000000, 0.340185, 0.000000
0.336922, 0.632884, 0.286925, 0.580878
0.337219, 0.491799, 0.313733, 0.468612
0.337353, 0.665524, -0.305306, 0.015904
0.337363, 0.852869, -0.635654, -0.129988
0.337442, 0.947840, -0.640104, -0.046350
0.337504, 0.352076, 0.326732, 0.341426
0.337907, 0.736722, -0.623250, -0.229007
0.338143, 0.261875, 0.333407, 0.256243
0.338282, 0.611458, 0.298210, 0.570032
0.338288, 0.802719, -0.630639, -0.173438
0.338295, 0.307039, 0.330745, 0.299167
0.338462, 0.411784, 0.322747, 0.396489
0.338587, 0.386300, 0.325107, 0.373157
0.338934, 0.397847, 0.324405, 0.383692
0.339070, 0.549536, 0.308251, 0.518428
0.339134, 0.748197, -0.623887, -0.219660
0.339249, 0.104047, 0.341278, 0.102876
0.339335, 0.723144, -0.619590, -0.239891
0.339473, 0.652705, 0.261462, 0.569554
0.339660, 0.709764, -0.619113, -0.252668
0.339682, 0.781015, -0.627342, -0.192113
0.339811, 0.068853, 0.342542, 0.068141
0.339874, 0.159041, 0.339952, 0.156728
0.339911, 0.479264, 0.317539, 0.457274
0.340221, 0.817180, -0.630355, -0.161174
0.340318, 0.033363, 0.343674, 0.033051
0.340515, 0.340502, 0.330456, 0.330444
0.340582, 0.840991, -0.632112, -0.140575
0.340732, 0.273840, 0.335119, 0.267483
0.340771, 0.623360, 0.297452, 0.578421
0.340849, 0.373724, 0.328189, 0.361309
0.340924, 0.435184, 0.322891, 0.417598
0.341185, 0.170643, 0.340864, 0.168042
0.341462, 0.240051, 0.337810, 0.235163
0.341481, 1.000000, -0.637133, 0.000000
0.341634, 0.182873, 0.340786, 0.179926
0.341657, 0.875213, -0.633410, -0.110692
0.341664, 0.916703, -0.635280, -0.074065
0.341861, 0.897077, -0.634383, -0.091440
0.342019, 0.538683, 0.312314, 0.508913
0.342059, 0.980272, -0.636570, -0.017580
0.342118, 0.195137, 0.340675, 0.191794
0.342202, 0.295266, 0.335162, 0.287740
0.342280, 0.207387, 0.340182, 0.203606
0.342371, 0.697419, -0.609573, -0.257838
0.342480, 0.526508, 0.314257, 0.498322
0.342597, 0.466670, 0.321280, 0.445769
0.342779, 0.760364, -0.622344, -0.209915
0.342793, 0.128356, 0.343902, 0.126636
0.343008, 0.642014, 0.265437, 0.561649
0.343095, 0.927463, -0.634444, -0.064574
0.343263, 0.011237, 0.346694, 0.011130
0.343451, 0.959673, -0.635013, -0.035948
0.343610, 0.327969, 0.334257, 0.318475
0.343641, 0.046546, 0.346611, 0.046052
0.344149, 0.513585, 0.317316, 0.486900
0.344172, 0.148910, 0.344545, 0.146720
0.344428, 0.116165, 0.345879, 0.114640
0.344434, 0.569634, 0.310050, 0.534805
0.344501, 0.558210, 0.311714, 0.525080
0.344651, 0.581848, 0.308378, 0.544944
0.344748, 0.220002, 0.341917, 0.215665
0.345143, 0.081365, 0.347478, 0.080400
0.345191, 0.285200, 0.338601, 0.277985
0.345212, 0.793255, -0.623907, -0.182224
0.345236, 0.424165, 0.327827, 0.407155
0.345247, 0.938488, -0.633061, -0.054851
0.345547, 0.360910, 0.333491, 0.348968
0.345573, 0.685222, -0.613007, -0.276308
0.345751, 0.454887, 0.325331, 0.434888
0.345936, 0.828732, -0.626576, -0.151650
0.346068, 0.500533, 0.320558, 0.475255
0.346253, 0.863859, -0.628714, -0.120934
0.346433, 0.593838, 0.307931, 0.554502
0.346494, 0.673453, -0.566281, -0.242364
0.347037, 0.252170, 0.342463, 0.246495
0.347184, 0.315440, 0.338500, 0.306457
0.347331, 0.093217, 0.349160, 0.091989
0.347466, 0.772589, -0.619845, -0.200113
0.348008, 0.058824, 0.350588, 0.058114
0.348463, 0.885872, -0.628177, -0.101664
0.348536, 0.138203, 0.349077, 0.136095
0.348597, 0.906312, -0.628876, -0.083549
0.348626, 0.605922, 0.307664, 0.563920
0.348780, 0.659661, -0.597777, -0.291162
0.348812, 0.730157, -0.613227, -0.235809
0.348972, 0.232129, 0.345272, 0.227093
0.349030, 0.990131, -0.630495, -0.008825
0.349088, 0.806679, -0.621935, -0.171032
0.349155, 0.488151, 0.324773, 0.464093
0.349398, 0.852350, -0.625200, -0.131237
0.349472, 0.403495, 0.333561, 0.387890
0.349607, 0.022863, 0.352509, 0.022588
0.349726, 0.443705, 0.330036, 0.424415
0.349797, 0.970025, -0.629648, -0.026806
0.349860, 0.000000, 0.352987, 0.000000
0.350067, 0.716788, -0.610601, -0.247355
0.350175, 0.414535, 0.333213, 0.397914
0.350187, 0.264388, 0.344687, 0.257948
0.350330, 0.350235, 0.338907, 0.338811
0.350418, 0.391781, 0.335545, 0.377176
0.350467, 0.618583, 0.306644, 0.573423
0.350583, 0.741565, -0.613371, -0.226635
0.350601, 0.632439, 0.299685, 0.579593
0.350638, 0.949762, -0.628544, -0.044927
0.350846, 0.380541, 0.336878, 0.366775
0.351334, 0.303116, 0.343213, 0.294534
0.351453, 0.161732, 0.350971, 0.158937
0.351580, 0.037162, 0.354238, 0.036692
0.351600, 0.105624, 0.352969, 0.104083
0.351723, 0.475332, 0.328486, 0.452448
0.351820, 0.070995, 0.353916, 0.070028
0.351845, 0.840411, -0.622327, -0.141885
0.351893, 0.752746, -0.613821, -0.217430
0.352080, 0.705447, -0.606385, -0.256146
0.352216, 0.337954, 0.341571, 0.327189
0.352456, 0.175179, 0.351396, 0.171977
0.352639, 0.368829, 0.339470, 0.355773
0.352799, 0.784342, -0.616605, -0.190630
0.352937, 0.647261, -0.140649, 0.147797
0.352979, 0.547966, 0.320450, 0.515321
0.353035, 0.277002, 0.346507, 0.269705
0.353198, 0.817931, -0.619457, -0.161630
0.353231, 0.522666, 0.324082, 0.493604
0.353271, 0.187725, 0.351617, 0.184102
0.353351, 0.535328, 0.322526, 0.504513
0.353720, 0.211637, 0.350759, 0.207097
0.353821, 0.199843, 0.351539, 0.195774
0.353873, 0.917692, -0.624561, -0.073613
0.354274, 0.432662, 0.335237, 0.413985
0.354614, 0.126103, 0.355335, 0.124086
0.354767, 0.692901, -0.603701, -0.268276
0.354905, 0.874333, -0.621858, -0.112195
0.355009, 0.325388, 0.345086, 0.315210
0.355150, 0.463168, 0.332893, 0.441281
0.355197, 0.508987, 0.327511, 0.481460
0.355306, 0.243193, 0.350793, 0.237430
0.355388, 0.574396, 0.318474, 0.537013
0.355563, 0.560886, 0.320695, 0.525726
0.355666, 0.764674, -0.611988, -0.207739
0.355869, 0.896060, -0.622157, -0.092973
0.355996, 0.929157, -0.623133, -0.063455
0.356137, 1.000000, -0.624249, 0.000000
0.356187, 0.291553, 0.348678, 0.283397
0.356333, 0.049243, 0.358657, 0.048552
0.356393, 0.011137, 0.359126, 0.010986
0.356451, 0.148832, 0.356181, 0.146162
0.356557, 0.980080, -0.623813, -0.017873
0.356622, 0.587179, 0.317390, 0.547300
0.356741, 0.669302, -0.594170, -0.284039
0.357196, 0.224540, 0.353461, 0.219367
0.357263, 0.797132, -0.614089, -0.180037
0.357434, 0.959591, -0.622715, -0.036256
0.357999, 0.939656, -0.621767, -0.054131
0.358225, 0.082994, 0.359814, 0.081704
0.358247, 0.094478, 0.359605, 0.092984
0.358297, 0.828876, -0.615897, -0.152462
0.358318, 0.497237, 0.331765, 0.470947
0.358800, 0.115172, 0.359585, 0.113243
0.358867, 0.680463, -0.594047, -0.274844
0.358928, 0.599043, 0.317082, 0.556361
0.358934, 0.863142, -0.617636, -0.122317
0.359075, 0.451591, 0.337651, 0.430526
0.359213, 0.422165, 0.340772, 0.404040
0.359249, 0.724203, -0.603895, -0.242317
0.359394, 0.312947, 0.350010, 0.303161
0.359624, 0.254841, 0.354187, 0.248297
0.359815, 0.029891, 0.362210, 0.029455
0.360149, 0.359661, 0.347226, 0.346731
0.360285, 0.611786, 0.315504, 0.565853
0.360572, 0.484020, 0.335311, 0.459050
0.360704, 0.137502, 0.360598, 0.134965
0.360735, 0.060833, 0.362643, 0.059887
0.360944, 0.775595, -0.608784, -0.198973
0.360984, 0.624787, 0.311277, 0.573174
0.361113, 0.658164, -0.593780, -0.298958
0.361151, 0.851374, -0.614899, -0.132848
0.361289, 0.884524, -0.616928, -0.103489
0.361374, 0.409679, 0.343920, 0.392483
0.361378, 0.397853, 0.345058, 0.381751
0.361439, 0.637487, -0.044263, 0.226218
0.361599, 0.907821, -0.617610, -0.082722
0.361659, 0.735210, -0.603329, -0.233378
0.361773, 0.267655, 0.355398, 0.260336
0.361867, 0.347147, 0.349862, 0.335028
0.362144, 0.808971, -0.610956, -0.170175
0.362145, 0.385658, 0.346861, 0.370524
0.362731, 0.373402, 0.348484, 0.359228
0.362854, 0.158202, 0.361948, 0.155051
0.362859, 0.169914, 0.361499, 0.166426
0.363156, 0.839906, -0.612391, -0.143100
0.363326, 0.280977, 0.355938, 0.272814
0.363331, 0.000000, 0.365700, 0.000000
0.363358, 0.517341, 0.333523, 0.487618
0.363413, 0.440480, 0.342707, 0.420099
0.363413, 0.702536, -0.597408, -0.260933
0.363480, 0.235070, 0.358942, 0.229181
0.363526, 0.746544, -0.603163, -0.224032
0.363556, 0.714030, -0.598734, -0.251295
0.363611, 0.990002, -0.617635, -0.009000
0.363632, 0.072187, 0.365165, 0.070984
0.363786, 0.334587, 0.352587, 0.323155
0.364007, 0.969792, -0.617111, -0.027192
0.364065, 0.471648, 0.339874, 0.447779
0.364313, 0.757100, -0.603805, -0.215160
0.364457, 0.182001, 0.362526, 0.178075
0.364471, 0.529728, 0.332836, 0.498160
0.364472, 0.019974, 0.366712, 0.019661
0.364516, 0.948388, -0.616257, -0.046447
0.364524, 0.302942, 0.355661, 0.293519
0.364616, 0.215459, 0.360949, 0.210254
0.364666, 0.541911, 0.331251, 0.508469
0.364948, 0.103482, 0.365782, 0.101639
0.365018, 0.041306, 0.367079, 0.040643
0.365299, 0.567434, 0.327758, 0.529535
0.365303, 0.787977, -0.606340, -0.188718
0.365433, 0.193422, 0.362871, 0.189032
0.365646, 0.648360, -0.579260, -0.298927
0.365921, 0.204508, 0.362778, 0.199678
0.365955, 0.921515, -0.614192, -0.070612
0.365970, 0.553858, 0.330490, 0.518190
0.366445, 0.581018, 0.326685, 0.540754
0.366484, 0.321980, 0.355970, 0.311109
0.366799, 0.820337, -0.607880, -0.160604
0.366806, 0.689845, -0.592235, -0.271490
0.367462, 0.125174, 0.367363, 0.122702
0.368079, 0.459645, 0.344822, 0.436708
0.368180, 0.506441, 0.339143, 0.477573
0.368232, 0.429728, 0.348195, 0.409978
0.368261, 0.668805, -0.587887, -0.289295
0.368707, 0.896786, -0.611028, -0.092891
0.368717, 0.872060, -0.609704, -0.114954
0.369082, 0.492857, 0.341687, 0.465697
0.369325, 0.292449, 0.360844, 0.283282
0.369515, 0.246089, 0.363934, 0.239313
0.369580, 0.934363, -0.611358, -0.059174
0.369678, 0.592540, 0.327519, 0.549730
0.369783, 0.090841, 0.370783, 0.089175
0.369797, 0.766658, -0.600163, -0.207546
0.369858, 0.053087, 0.371536, 0.052159
0.370246, 0.605301, 0.322153, 0.556166
0.370311, 0.148988, 0.369355, 0.145810
0.370335, 0.800072, -0.603149, -0.178651
0.370643, 1.000000, -0.611422, 0.000000
0.370811, 0.010204, 0.372808, 0.010029
0.370876, 0.224804, 0.366430, 0.218913
0.370891, 0.958767, -0.610835, -0.037222
0.370967, 0.979825, -0.611067, -0.018219
0.371142, 0.417449, 0.352061, 0.398599
0.371173, 0.858943, -0.606728, -0.126761
0.371259, 0.726237, -0.594169, -0.242190
0.371278, 0.258945, 0.364828, 0.251441
0.371468, 0.832073, -0.604632, -0.150598
0.371470, 0.137019, 0.370871, 0.134136
0.371593, 0.618088, 0.312832, 0.556568
0.371864, 0.112227, 0.372015, 0.109964
0.371999, 0.354724, 0.358604, 0.341206
0.372022, 0.631003, -0.298554, -0.044506
0.372107, 0.366717, 0.357643, 0.352215
0.372263, 0.884566, -0.607160, -0.103960
0.372368, 0.079121, 0.373471, 0.077635
0.372447, 0.030894, 0.374312, 0.030347
0.372561, 0.404736, 0.354615, 0.386967
0.372645, 0.448086, 0.350188, 0.425923
0.372674, 0.480477, 0.346412, 0.454489
0.372777, 0.679342, -0.585821, -0.281160
0.372857, 0.910937, -0.607799, -0.080345
0.372881, 0.392398, 0.356084, 0.375716
0.373028, 0.271444, 0.365643, 0.263151
0.373194, 0.845912, -0.604028, -0.138447
0.373295, 0.342034, 0.360831, 0.329340
0.373345, 0.778482, -0.598539, -0.197730
0.373391, 0.379822, 0.357724, 0.364195
0.373516, 0.740088, -0.594171, -0.230770
0.373670, 0.162755, 0.372106, 0.159070
0.373785, 0.313376, 0.363476, 0.302578
0.373915, 0.519823, 0.342281, 0.488301
0.373990, 0.065503, 0.375113, 0.064247
0.374061, 0.699942, -0.588101, -0.264546
0.374576, 0.657330, -0.580250, -0.299115
0.374649, 0.175749, 0.372399, 0.171559
0.374841, 0.642803, -0.578569, -0.312293
0.375027, 0.712093, -0.589118, -0.254576
0.375055, 0.328642, 0.363531, 0.316759
0.375220, 0.282646, 0.366979, 0.273605
0.375550, 0.811971, -0.599633, -0.168647
0.375610, 0.575890, 0.334307, 0.534172
0.375963, 0.754063, -0.593564, -0.219050
0.376026, 0.532331, 0.342267, 0.498602
0.376194, 0.564315, 0.337112, 0.524968
0.376215, 0.946115, -0.605986, -0.048753
0.376548, 0.212966, 0.372488, 0.207316
0.376586, 0.468257, 0.351355, 0.443307
0.376732, 0.543136, 0.341225, 0.507585
0.376855, 0.234083, 0.371555, 0.227450
0.376914, 0.188749, 0.374064, 0.184044
0.377209, 0.000000, 0.378953, 0.000000
0.377409, 0.437240, 0.355665, 0.415754
0.377538, 0.301549, 0.367869, 0.291254
0.377734, 0.042378, 0.379167, 0.041558
0.377806, 0.200410, 0.374324, 0.195205
0.377911, 0.100656, 0.378225, 0.098558
0.377948, 0.969195, -0.604768, -0.027901
0.377994, 0.790693, -0.595676, -0.187520
0.378063, 0.989793, -0.604823, -0.009246
0.378085, 0.923105, -0.603599, -0.069562
0.378218, 0.553890, 0.340782, 0.516330
0.378353, 0.500452, 0.348759, 0.471046
0.378522, 0.020931, 0.380126, 0.020529
0.379097, 0.120034, 0.378659, 0.117361
0.379914, 0.901423, -0.601182, -0.089164
0.379929, 0.823985, -0.596745, -0.158371
0.380076, 0.689290, -0.581547, -0.274264
0.380482, 0.586432, 0.334130, 0.539581
0.380697, 0.425215, 0.359902, 0.404625
0.380736, 0.668941, -0.577802, -0.291163
0.380814, 0.599670, 0.342750, 0.560673
0.380959, 0.130991, 0.380114, 0.127967
0.381090, 0.456195, 0.356779, 0.432146
0.381195, 0.864710, -0.598298, -0.122182
0.381199, 0.511361, 0.349761, 0.480091
0.381341, 0.767414, -0.590484, -0.208107
0.381426, 0.489272, 0.352916, 0.460977
0.381489, 0.876888, -0.598714, -0.111290
0.381622, 0.253960, 0.374882, 0.246091
0.381762, 0.721644, -0.584703, -0.247397
0.382041, 0.611303, 0.189854, 0.415676
0.382131, 0.087741, 0.382569, 0.085855
0.382275, 0.143567, 0.380953, 0.140133
0.382278, 0.890485, -0.598553, -0.099095
0.382294, 0.053637, 0.383275, 0.052513
0.382330, 0.242650, 0.376249, 0.235317
0.382484, 0.837354, -0.595433, -0.146673
0.382555, 0.412368, 0.362917, 0.392880
0.382590, 0.155388, 0.380764, 0.151552
0.382629, 0.624511, -0.518355, -0.279759
0.382742, 0.934796, -0.599871, -0.059136
0.382849, 0.851527, -0.595988, -0.134053
0.383260, 0.733166, -0.585026, -0.237818
0.383324, 0.803025, -0.592168, -0.177158
0.383362, 0.266160, 0.375721, 0.257523
0.383387, 0.361684, 0.368487, 0.346643
0.383433, 0.349415, 0.369599, 0.335348
0.383601, 0.957717, -0.599604, -0.038386
0.383655, 0.373920, 0.367606, 0.357810
0.383658, 0.399479, 0.365214, 0.381121
0.383784, 0.290634, 0.374553, 0.280623
0.383815, 0.222929, 0.378852, 0.216486
0.383955, 0.322146, 0.372219, 0.309960
0.383968, 0.336447, 0.371199, 0.323334
0.384039, 0.386810, 0.366795, 0.369582
0.384436, 0.075845, 0.384958, 0.074188
0.384513, 0.649274, -0.573141, -0.309620
0.384624, 0.010853, 0.385948, 0.010628
0.384670, 0.168622, 0.382270, 0.164284
0.384780, 0.635640, -0.545357, -0.295908
0.384868, 0.745507, -0.585206, -0.227445
0.384872, 0.702262, -0.579468, -0.264162
0.384952, 1.000000, -0.598706, 0.000000
0.384962, 0.477325, 0.357572, 0.450173
0.385059, 0.780123, -0.588661, -0.197426
0.385190, 0.979239, -0.598429, -0.018864
0.385452, 0.032601, 0.386680, 0.031915
0.385478, 0.524433, 0.351521, 0.490604
0.385531, 0.064200, 0.386152, 0.062786
0.385870, 0.278015, 0.377333, 0.268581
0.385879, 0.911838, -0.596298, -0.079985
0.385942, 0.181881, 0.382763, 0.176951
0.386240, 0.109962, 0.385641, 0.107340
0.386510, 0.310267, 0.375505, 0.298699
0.386650, 0.444876, 0.363089, 0.421548
0.386682, 0.573955, 0.341249, 0.528216
0.386753, 0.679040, -0.574556, -0.283811
0.387548, 0.208998, 0.383068, 0.202947
0.387890, 0.659678, -0.570408, -0.299901
0.388382, 0.758010, -0.583481, -0.216988
0.388503, 0.562274, 0.348125, 0.521728
0.388598, 0.815733, -0.588602, -0.166335
0.388667, 0.946399, -0.594895, -0.048754
0.388904, 0.548445, 0.350452, 0.509906
0.389042, 0.465163, 0.362676, 0.439021
0.389079, 0.536326, 0.352641, 0.499928
0.389137, 0.712951, -0.577448, -0.255745
0.389641, 0.195748, 0.385761, 0.190172
0.389913, 0.096038, 0.389691, 0.093744
0.390057, 0.500505, 0.358848, 0.469468
0.390129, 0.792935, -0.585346, -0.186607
0.390264, 0.433062, 0.367623, 0.410603
0.390316, 0.594654, 0.302166, 0.505528
0.390564, 0.000000, 0.391676, 0.000000
0.390681, 0.923763, -0.592422, -0.069342
0.390871, 0.299222, 0.380486, 0.288134
0.390928, 0.044581, 0.391683, 0.043564
0.390940, 0.122593, 0.389865, 0.119505
0.391166, 0.232873, 0.385151, 0.225523
0.391745, 0.968278, -0.592505, -0.028901
0.391795, 0.828675, -0.586750, -0.155046
0.391814, 0.692144, -0.572321, -0.273651
0.392067, 0.618582, -0.542499, -0.317757
0.392072, 0.022564, 0.392991, 0.022053
0.392229, 0.420042, 0.370817, 0.398758
0.392252, 0.989310, -0.592192, -0.009742
0.392319, 0.884482, -0.589499, -0.104961
0.392443, 0.870720, -0.588690, -0.117375
0.392452, 0.513783, 0.358970, 0.480422
0.392492, 0.899212, -0.589955, -0.091651
0.392533, 0.135448, 0.390927, 0.131901
0.392632, 0.843076, -0.586934, -0.142220
0.392699, 0.857324, -0.587698, -0.129435
0.392757, 0.488062, 0.362934, 0.458442
0.392966, 0.246942, 0.386001, 0.238777
0.393497, 0.259911, 0.385590, 0.250958
0.393686, 0.583532, 0.332978, 0.522290
0.393726, 0.330823, 0.380543, 0.317226
0.393735, 0.406925, 0.373567, 0.386823
0.393745, 0.148184, 0.391643, 0.144182
0.393851, 0.770507, -0.580013, -0.206633
0.393917, 0.725027, -0.574859, -0.246019
0.394098, 0.606515, -0.122939, 0.085816
0.394120, 0.643188, -0.558610, -0.310564
0.394297, 0.453733, 0.368773, 0.428418
0.394309, 0.160627, 0.391623, 0.156142
0.394363, 0.343809, 0.380148, 0.329260
0.394571, 0.356225, 0.379242, 0.340655
0.394649, 0.393927, 0.375725, 0.374999
0.394736, 0.368565, 0.378256, 0.351929
0.394776, 0.381064, 0.377084, 0.363293
0.394874, 0.668738, -0.566254, -0.293618
0.394970, 0.218736, 0.389567, 0.211873
0.395238, 0.083563, 0.394944, 0.081473
0.395342, 0.736747, -0.575183, -0.236150
0.395480, 0.806342, -0.581828, -0.175193
0.395699, 0.173550, 0.392423, 0.168537
0.395845, 0.934903, -0.588165, -0.059361
0.395868, 0.272331, 0.387053, 0.262557
0.395873, 0.056733, 0.396260, 0.055365
0.396082, 0.069442, 0.396050, 0.067713
0.396116, 0.318535, 0.383704, 0.305611
0.396247, 0.285562, 0.386376, 0.274884
0.396297, 0.630278, -0.555704, -0.322685
0.396587, 0.186547, 0.392595, 0.180946
0.396622, 0.748578, -0.575459, -0.226061
0.396706, 0.475497, 0.367991, 0.446962
0.396810, 0.957296, -0.587743, -0.038978
0.396820, 0.782038, -0.578624, -0.196804
0.397075, 0.105150, 0.396171, 0.102400
0.397507, 0.011981, 0.398161, 0.011694
0.397534, 0.703668, -0.569147, -0.264722
0.397571, 0.524692, 0.361587, 0.488785
0.397654, 0.913035, -0.585926, -0.079307
0.398150, 0.557135, 0.356059, 0.514904
0.398353, 0.682602, -0.565522, -0.282604
0.398411, 0.034663, 0.398941, 0.033816
0.398654, 0.654435, -0.560525, -0.305792
0.398790, 0.205202, 0.393765, 0.198702
0.398829, 0.571598, 0.359101, 0.531565
0.398917, 1.000000, -0.586270, 0.000000
0.399256, 0.978161, -0.585869, -0.019959
0.399893, 0.441133, 0.375172, 0.416561
0.400029, 0.115827, 0.398659, 0.112666
0.400152, 0.308528, 0.388385, 0.296115
0.400702, 0.545071, 0.360089, 0.504448
0.400738, 0.944758, -0.583981, -0.050488
0.400767, 0.761260, -0.573115, -0.215396
0.401005, 0.506610, 0.367309, 0.473052
0.401160, 0.819618, -0.577967, -0.163805
0.401555, 0.465247, 0.373671, 0.437554
0.401572, 0.795125, -0.575522, -0.185614
0.401573, 0.595425, 0.095297, 0.285879
0.401598, 0.295939, 0.390654, 0.284251
0.401684, 0.427737, 0.378410, 0.404574
0.401725, 0.715598, -0.567193, -0.255092
0.401944, 0.534941, 0.363473, 0.496501
0.401984, 0.834552, -0.578185, -0.150461
0.402229, 0.240065, 0.395020, 0.231659
0.402481, 0.495666, 0.370204, 0.463549
0.402704, 0.849060, -0.578408, -0.137446
0.402770, 0.128104, 0.400894, 0.124465
0.402796, 0.890151, -0.580459, -0.100279
0.402921, 0.094662, 0.401945, 0.092075
0.402943, 0.876861, -0.579658, -0.112329
0.402948, 0.618178, -0.551993, -0.337550
0.402992, 0.863223, -0.578914, -0.124673
0.403117, 0.227597, 0.396573, 0.219776
0.403233, 0.000000, 0.403460, 0.000000
0.403442, 0.414357, 0.381483, 0.392448
0.403603, 0.253703, 0.395491, 0.244490
0.403633, 0.047612, 0.403707, 0.046373
0.403747, 0.926194, -0.580808, -0.067502
0.404050, 0.902752, -0.579817, -0.088873
0.404095, 0.140825, 0.401678, 0.136694
0.404399, 0.483560, 0.373567, 0.452891
0.404825, 0.694221, -0.561725, -0.273709
0.404826, 0.401132, 0.384155, 0.380443
0.404835, 0.337983, 0.390184, 0.322926
0.404852, 0.641284, -0.552810, -0.317138
0.404958, 0.325800, 0.391313, 0.311663
0.405000, 0.074489, 0.404401, 0.072457
0.405031, 0.193918, 0.400266, 0.187634
0.405096, 0.153655, 0.402134, 0.149017
0.405331, 0.024227, 0.405326, 0.023584
0.405522, 0.388110, 0.386130, 0.368626
0.405527, 0.674125, -0.558215, -0.290729
0.405611, 0.350402, 0.389867, 0.334326
0.405640, 0.583833, 0.383620, 0.560355
0.405756, 0.166422, 0.402183, 0.161245
0.405758, 0.453253, 0.378798, 0.426435
0.405798, 0.362727, 0.388898, 0.345579
0.405808, 0.375273, 0.387691, 0.356988
0.405902, 0.265959, 0.396816, 0.255877
0.405954, 0.989118, -0.579942, -0.009974
0.406067, 0.966722, -0.579726, -0.030496
0.406185, 0.727905, -0.564793, -0.244992
0.406450, 0.179749, 0.402286, 0.174013
0.406731, 0.516076, 0.370750, 0.480235
0.406998, 0.606892, -0.543040, -0.344067
0.407207, 0.563020, 0.358842, 0.514452
0.407239, 0.806447, -0.571567, -0.176002
0.407257, 0.662969, -0.555153, -0.300313
0.407266, 0.216015, 0.401090, 0.208531
0.407288, 0.278363, 0.397201, 0.267394
0.407321, 0.783682, -0.569442, -0.196220
0.407397, 0.739336, -0.565077, -0.235216
0.407593, 0.771918, -0.568238, -0.206671
0.407705, 0.751312, -0.566125, -0.224806
0.408103, 0.061307, 0.407735, 0.059623
0.408558, 0.952327, -0.577068, -0.043711
0.408970, 0.629451, -0.548025, -0.328115
0.409188, 0.085222, 0.408120, 0.082781
0.409355, 0.010724, 0.409162, 0.010425
0.409522, 0.915918, -0.575273, -0.077041
0.409550, 0.106806, 0.407978, 0.103680
0.409926, 0.706243, -0.559045, -0.264135
0.410464, 0.289414, 0.399311, 0.277476
0.410605, 0.551039, 0.363970, 0.504338
0.410725, 0.037342, 0.410518, 0.036307
0.410786, 0.937746, -0.574681, -0.057107
0.410924, 0.316434, 0.397674, 0.302584
0.411109, 0.527280, 0.372523, 0.488790
0.411118, 0.474936, 0.380625, 0.444600
0.411131, 0.205655, 0.405272, 0.198468
0.411167, 0.303538, 0.398973, 0.290637
0.411587, 0.651532, -0.549689, -0.310421
0.411743, 0.433472, 0.386614, 0.408424
0.411763, 0.684951, -0.554587, -0.282507
0.411959, 0.828191, -0.569004, -0.156836
0.411996, 0.573879, 0.344196, 0.505518
0.412291, 0.119362, 0.410143, 0.115715
0.412307, 0.445147, 0.385597, 0.418541
0.412643, 0.841658, -0.569188, -0.144714
0.412720, 1.000000, -0.573879, 0.000000
0.412770, 0.978104, -0.573757, -0.020121
0.412866, 0.247089, 0.404437, 0.237602
0.412898, 0.855799, -0.569728, -0.131919
0.413038, 0.503669, 0.377960, 0.468726
0.413067, 0.462374, 0.384010, 0.433454
0.413206, 0.420900, 0.389418, 0.397143
0.413292, 0.233852, 0.405632, 0.225065
0.413294, 0.595490, -0.485832, -0.305747
0.413375, 0.816056, -0.566842, -0.167832
0.413505, 0.490081, 0.380516, 0.457257
0.413542, 0.869468, -0.569824, -0.119535
0.413820, 0.793694, -0.564603, -0.187854
0.413900, 0.718921, -0.557219, -0.253691
0.414040, 0.760652, -0.561485, -0.217193
0.414050, 0.882373, -0.569994, -0.107816
0.414081, 0.132740, 0.411382, 0.128552
0.414436, 0.539163, 0.373132, 0.497901
0.414724, 0.894250, -0.569866, -0.097009
0.414764, 0.407908, 0.392299, 0.385412
0.414992, 0.617908, -0.541179, -0.338728
0.415355, 0.330532, 0.400559, 0.315229
0.415387, 0.146009, 0.412118, 0.141267
0.415523, 0.905908, -0.569523, -0.086379
0.415537, 0.050452, 0.414838, 0.048969
0.415812, 0.259406, 0.406470, 0.249055
0.415987, 0.394890, 0.394835, 0.373636
0.416021, 0.097062, 0.414365, 0.094095
0.416031, 0.072722, 0.414959, 0.070549
0.416132, 0.343454, 0.400059, 0.326975
0.416293, 0.185270, 0.411218, 0.178808
0.416296, 0.159060, 0.412443, 0.153754
0.416381, 0.381832, 0.396575, 0.361854
0.416384, 0.019500, 0.415794, 0.018927
0.416491, 0.000000, 0.415830, 0.000000
0.416625, 0.959511, -0.569859, -0.037242
0.416705, 0.172042, 0.412241, 0.166160
0.416772, 0.368750, 0.398259, 0.349987
0.416865, 0.356190, 0.399579, 0.338572
0.416972, 0.926577, -0.568965, -0.067502
0.417026, 0.222742, 0.409813, 0.214355
0.417125, 0.673553, -0.548457, -0.292904
0.417129, 0.639910, -0.543205, -0.320950
0.417710, 0.197035, 0.411866, 0.189917
0.417901, 0.696257, -0.550989, -0.273708
0.418016, 0.746295, -0.556643, -0.230239
0.418274, 0.271462, 0.407908, 0.260177
0.418448, 0.781201, -0.559464, -0.199362
0.418550, 0.562070, 0.332313, 0.475490
0.418588, 0.584730, -0.256649, -0.092923
0.418669, 0.732691, -0.554662, -0.242238
0.418777, 0.516482, 0.380669, 0.478487
0.419399, 0.802835, -0.560403, -0.180102
0.419565, 0.029712, 0.418737, 0.028809
0.419648, 0.989066, -0.567604, -0.010075
0.419793, 0.606592, -0.531033, -0.344705
0.419836, 0.661964, -0.544564, -0.303088
0.420193, 0.946829, -0.566582, -0.048976
0.420493, 0.296460, 0.408044, 0.283282
0.420683, 0.282696, 0.409297, 0.270479
0.420933, 0.454109, 0.392026, 0.425302
0.420991, 0.084925, 0.419179, 0.082216
0.421086, 0.969170, -0.566054, -0.028412
0.421283, 0.769922, -0.556075, -0.209663
0.421641, 0.211724, 0.414871, 0.203714
0.421679, 0.309858, 0.408134, 0.295649
0.421696, 0.110401, 0.419213, 0.106782
0.421798, 0.481547, 0.388804, 0.448677
0.421853, 0.708082, -0.549134, -0.264021
0.421887, 0.628591, -0.537442, -0.331121
0.421932, 0.062051, 0.420695, 0.060111
0.422446, 0.468669, 0.391305, 0.437652
0.422452, 0.550270, 0.376494, 0.504189
0.422689, 0.241032, 0.413939, 0.231263
0.422744, 0.848996, -0.560617, -0.138639
0.422857, 0.440431, 0.395480, 0.413113
0.422875, 0.915247, -0.563199, -0.078051
0.422939, 0.322381, 0.408168, 0.307047
0.423106, 0.527439, 0.382018, 0.486422
0.423335, 0.009512, 0.422345, 0.009215
0.423389, 0.124421, 0.420390, 0.120228
0.423390, 0.834899, -0.559224, -0.151478
0.423495, 0.427493, 0.397707, 0.401719
0.423544, 0.495030, 0.388217, 0.459832
0.423653, 0.862716, -0.560436, -0.126174
0.424057, 0.685230, -0.544304, -0.283955
0.424070, 0.040847, 0.422932, 0.039554
0.424316, 0.823273, -0.557545, -0.162041
0.424349, 0.573480, -0.000424, 0.146297
0.424401, 0.650519, -0.539011, -0.313370
0.424509, 0.507009, 0.386949, 0.469559
0.424661, 0.414775, 0.400284, 0.390358
0.424788, 0.876066, -0.560068, -0.114039
0.424791, 0.721090, -0.548075, -0.253034
0.425039, 0.811803, -0.556018, -0.172428
0.425094, 0.138154, 0.421520, 0.133360
0.425136, 0.935778, -0.561864, -0.059247
0.425276, 0.756634, -0.551374, -0.221828
0.425406, 0.252747, 0.415774, 0.242136
0.425852, 0.595564, -0.510739, -0.341477
0.426041, 0.889024, -0.559488, -0.102229
0.426145, 0.401757, 0.403136, 0.378642
0.426191, 0.336188, 0.409979, 0.319480
0.426466, 1.000000, -0.561465, 0.000000
0.426467, 0.901612, -0.559513, -0.090690
0.426585, 0.151636, 0.422412, 0.146226
0.426676, 0.791136, -0.553065, -0.191151
0.426842, 0.388321, 0.405256, 0.366561
0.426886, 0.230546, 0.418483, 0.221121
0.427008, 0.375107, 0.406815, 0.354672
0.427079, 0.539033, 0.382835, 0.494803
0.427338, 0.978981, -0.560539, -0.019420
0.427361, 0.349216, 0.409763, 0.331215
0.427408, 0.164643, 0.422620, 0.158623
0.427503, 0.177416, 0.422080, 0.170784
0.427537, 0.617254, -0.530483, -0.341050
0.427663, 0.097319, 0.425155, 0.094008
0.427993, 0.362073, 0.409088, 0.342838
0.427999, 0.202364, 0.421226, 0.194452
0.428160, 0.073850, 0.426318, 0.071397
0.428172, 0.189477, 0.422112, 0.182229
0.428508, 0.264350, 0.417898, 0.252817
0.428543, 0.743275, -0.547191, -0.233954
0.428611, 0.672910, -0.538761, -0.295087
0.428714, 0.052083, 0.427089, 0.050354
0.428737, 0.957129, -0.558881, -0.039615
0.429312, 0.019938, 0.428031, 0.019286
0.429725, 0.639154, -0.532745, -0.323671
0.430079, 0.561984, 0.353595, 0.484179
0.430230, 0.289816, 0.417485, 0.276337
0.430493, 0.000000, 0.429131, 0.000000
0.430565, 0.696924, -0.540347, -0.274751
0.430601, 0.924294, -0.556566, -0.069954
0.430761, 0.779642, -0.548571, -0.201794
0.430950, 0.219997, 0.422932, 0.210948
0.431228, 0.584340, -0.499543, -0.346774
0.431462, 0.461497, 0.400056, 0.430171
0.431496, 0.732120, -0.543448, -0.244080
0.431584, 0.302671, 0.417725, 0.288143
0.431785, 0.275788, 0.419957, 0.263168
0.431961, 0.448351, 0.402347, 0.418787
0.432328, 0.841842, -0.551659, -0.145688
0.432335, 0.661074, -0.533984, -0.305684
0.432576, 0.515931, 0.391615, 0.475071
0.432601, 0.475322, 0.399007, 0.441834
0.432670, 0.801015, -0.548510, -0.182711
0.432727, 0.086786, 0.430064, 0.083724
0.432756, 0.606200, -0.522714, -0.349469
0.432894, 0.709846, -0.539842, -0.263780
0.432978, 0.030496, 0.431326, 0.029456
0.433076, 0.488257, 0.397320, 0.452604
0.433080, 0.766514, -0.545490, -0.213760
0.433130, 0.315398, 0.418115, 0.299772
0.433161, 0.107257, 0.430083, 0.103428
0.433311, 0.434694, 0.405353, 0.406742
0.433445, 0.118840, 0.429978, 0.114533
0.433478, 0.855820, -0.551268, -0.132962
0.433600, 0.945686, -0.554465, -0.050282
0.433689, 0.989356, -0.554857, -0.009859
0.433993, 0.243061, 0.424382, 0.232491
0.434403, 0.550756, 0.381401, 0.497558
0.434448, 0.910866, -0.552644, -0.082436
0.434505, 0.328207, 0.418185, 0.311363
0.434591, 0.501750, 0.396342, 0.463612
0.434605, 0.527911, 0.387604, 0.480956
0.434659, 0.967626, -0.553811, -0.029992
0.434710, 0.627799, -0.526744, -0.333885
0.434913, 0.869246, -0.550638, -0.120735
0.434919, 0.131394, 0.430963, 0.126524
0.435161, 0.421297, 0.408714, 0.394799
0.435599, 0.826922, -0.547753, -0.159451
0.435731, 0.683849, -0.534205, -0.286666
0.435760, 0.814057, -0.546573, -0.171101
0.435966, 0.063291, 0.433657, 0.061045
0.436099, 0.408970, 0.411077, 0.383844
0.436229, 0.882694, -0.550060, -0.108447
0.436289, 0.144491, 0.431747, 0.138998
0.436655, 0.720913, -0.537716, -0.254465
0.436693, 0.395059, 0.413228, 0.371431
0.436769, 0.573068, -0.522415, -0.387075
0.436809, 0.209780, 0.429033, 0.200994
0.436823, 0.753064, -0.540947, -0.226081
0.437132, 0.010166, 0.435389, 0.009812
0.437200, 0.649744, -0.528194, -0.315962
0.437321, 0.040710, 0.435281, 0.039265
0.437400, 0.341870, 0.419612, 0.323611
0.437431, 0.896662, -0.549580, -0.095645
0.437439, 0.381210, 0.415450, 0.358990
0.437795, 0.254653, 0.427122, 0.243090
0.437976, 0.157855, 0.432828, 0.151701
0.438169, 0.368776, 0.417539, 0.347833
0.438482, 0.595027, -0.515060, -0.358630
0.438586, 0.196106, 0.431482, 0.187984
0.438612, 0.354874, 0.419368, 0.335242
0.438640, 0.170631, 0.432835, 0.163821
0.438800, 0.934153, -0.549465, -0.061055
0.438881, 0.232705, 0.429556, 0.222448
0.439167, 0.183044, 0.432717, 0.175582
0.439368, 0.539975, 0.357810, 0.458290
0.439929, 0.075575, 0.437169, 0.072798
0.439997, 0.284398, 0.426900, 0.270567
0.440298, 1.000000, -0.548865, 0.000000
0.440342, 0.789590, -0.540935, -0.193615
0.440403, 0.616623, -0.519982, -0.343905
0.440552, 0.671492, -0.528479, -0.297934
0.440621, 0.051009, 0.438229, 0.049145
0.440937, 0.978176, -0.548212, -0.020266
0.441115, 0.741358, -0.535944, -0.236857
0.441159, 0.265920, 0.429439, 0.253368
0.441607, 0.776259, -0.538737, -0.205725
0.441731, 0.098803, 0.438303, 0.095067
0.441914, 0.836534, -0.542509, -0.151023
0.441973, 0.955980, -0.546965, -0.040880
0.442019, 0.296328, 0.427804, 0.281437
0.442095, 0.455497, 0.410033, 0.423471
0.442165, 0.561683, -0.246922, -0.129066
0.442328, 0.468426, 0.408268, 0.434426
0.442379, 0.638218, -0.522083, -0.326440
0.442572, 0.020893, 0.440503, 0.020133
0.442574, 0.704444, -0.530745, -0.269569
0.442707, 0.921731, -0.545607, -0.072649
0.442791, 0.442216, 0.412540, 0.411964
0.442835, 0.693361, -0.529298, -0.279304
0.443054, 0.222973, 0.434007, 0.213039
0.443130, 0.849151, -0.542259, -0.139568
0.443347, 0.308275, 0.427991, 0.292308
0.443492, 0.481548, 0.407182, 0.445319
0.443813, 0.087406, 0.440513, 0.084072
0.443846, 0.428921, 0.415259, 0.400290
0.443872, 0.583831, -0.512140, -0.372310
0.444001, 0.802816, -0.538628, -0.181904
0.444163, 0.000000, 0.442022, 0.000000
0.444169, 0.507820, 0.402877, 0.466607
0.444212, 0.494410, 0.405569, 0.455851
0.444391, 0.762255, -0.535109, -0.218544
0.444524, 0.320716, 0.427983, 0.303619
0.444568, 0.111892, 0.440678, 0.107546
0.444583, 0.729775, -0.531708, -0.247458
0.445022, 0.519171, 0.400390, 0.474585
0.445142, 0.862006, -0.541060, -0.127854
0.445166, 0.660218, -0.522988, -0.308206
0.445366, 0.124468, 0.440950, 0.119531
0.445623, 0.909269, -0.542523, -0.084263
0.445628, 0.605524, -0.513610, -0.353771
0.445777, 0.333556, 0.427893, 0.315188
0.445853, 0.402355, 0.420459, 0.376808
0.446013, 0.244099, 0.435470, 0.232690
0.446231, 0.816453, -0.537410, -0.169612
0.446399, 0.137292, 0.441464, 0.131738
0.446472, 0.530185, 0.395600, 0.479217
0.446572, 0.715637, -0.528509, -0.260172
0.446585, 0.275849, 0.433595, 0.262135
0.446607, 0.387685, 0.422819, 0.363686
0.446608, 0.874410, -0.540339, -0.116503
0.446732, 0.944224, -0.542552, -0.051883
0.446812, 0.031593, 0.444334, 0.030398
0.446950, 0.550386, 0.058785, 0.160661
0.447254, 0.989297, -0.542523, -0.009964
0.447409, 0.415481, 0.420084, 0.388058
0.447413, 0.150424, 0.441847, 0.144197
0.447587, 0.886629, -0.539960, -0.105265
0.447600, 0.626950, -0.515928, -0.336681
0.447896, 0.362187, 0.426907, 0.340851
0.448072, 0.966532, -0.541634, -0.031156
0.448265, 0.681073, -0.523120, -0.290655
0.448283, 0.213683, 0.439473, 0.204021
0.448400, 0.202062, 0.440228, 0.193059
0.448632, 0.057362, 0.445607, 0.055133
0.448890, 0.347261, 0.429311, 0.327275
0.448903, 0.898262, -0.539081, -0.094541
0.449246, 0.572619, -0.485683, -0.362485
0.449340, 0.068645, 0.446010, 0.065942
0.449407, 0.827759, -0.535372, -0.159511
0.449592, 0.164071, 0.443381, 0.157103
0.449640, 0.375078, 0.427106, 0.352240
0.449719, 0.189280, 0.442201, 0.180947
0.449844, 0.648528, -0.517376, -0.318840
0.449990, 0.750689, -0.529023, -0.229365
0.450235, 0.255428, 0.438574, 0.242965
0.450365, 0.176352, 0.443493, 0.168700
0.450600, 0.010486, 0.448065, 0.010083
0.451056, 0.042659, 0.448110, 0.040982
0.451214, 0.594318, -0.507485, -0.364392
0.451709, 0.931233, -0.537704, -0.064058
0.451900, 0.288201, 0.437554, 0.273170
0.452086, 0.770483, -0.528881, -0.211751
0.452094, 0.233587, 0.441813, 0.222476
0.452543, 0.782517, -0.529533, -0.200936
0.452687, 0.449519, 0.419955, 0.416780
0.452755, 0.539491, 0.373783, 0.459816
0.452900, 0.462272, 0.418171, 0.427566
0.452940, 0.080333, 0.449261, 0.077089
0.452965, 0.840933, -0.532817, -0.147603
0.453095, 0.793726, -0.529881, -0.190805
0.453437, 0.615769, -0.509239, -0.346931
0.453593, 0.474924, 0.416668, 0.438042
0.453634, 0.670541, -0.517146, -0.300451
0.453846, 0.739285, -0.524543, -0.239912
0.454019, 0.978460, -0.536324, -0.020099
0.454039, 1.000000, -0.536321, 0.000000
0.454046, 0.436629, 0.422995, 0.405530
0.454068, 0.300243, 0.438471, 0.284031
0.454276, 0.093476, 0.450238, 0.089643
0.454310, 0.702928, -0.520339, -0.272198
0.454353, 0.691008, -0.518981, -0.282688
0.454370, 0.105107, 0.449929, 0.100745
0.454405, 0.561327, -0.479865, -0.373075
0.454427, 0.853941, -0.532344, -0.135741
0.454553, 0.487879, 0.415202, 0.448589
0.454570, 0.266676, 0.441686, 0.253073
0.454782, 0.424964, 0.425248, 0.395347
0.454869, 0.500989, 0.412907, 0.459092
0.454889, 0.394717, 0.429309, 0.368941
0.454900, 0.312111, 0.438111, 0.294780
0.455069, 0.918585, -0.534267, -0.075893
0.455156, 0.807286, -0.528941, -0.178588
0.455261, 0.637154, -0.511089, -0.329266
0.455338, 0.725892, -0.521979, -0.252021
0.455562, 0.954492, -0.534688, -0.042472
0.455749, 0.324326, 0.437749, 0.305832
0.455851, 0.021165, 0.452944, 0.020318
0.456128, 0.117707, 0.451265, 0.112730
0.456175, 0.513599, 0.409081, 0.466558
0.456605, 0.583100, -0.498836, -0.372332
0.456620, 0.223381, 0.446664, 0.212647
0.456724, 0.336818, 0.437374, 0.317037
0.456957, 0.356375, 0.435621, 0.334666
0.456990, 0.130395, 0.451591, 0.124778
0.457242, 0.406974, 0.429869, 0.379438
0.457306, 0.867257, -0.530286, -0.123564
0.457506, 0.526153, 0.386402, 0.455026
0.457689, 0.658633, -0.512116, -0.311269
0.457707, 0.143136, 0.451751, 0.136858
0.457714, 0.000000, 0.454745, 0.000000
0.457806, 0.714049, -0.518481, -0.262746
0.457897, 0.759588, -0.522785, -0.222051
0.458177, 0.156268, 0.451548, 0.149272
0.458323, 0.906061, -0.530781, -0.087611
0.458446, 0.604726, -0.503322, -0.357007
0.458562, 0.244493, 0.447026, 0.232215
0.458626, 0.941298, -0.531615, -0.054829
0.458711, 0.050961, 0.455179, 0.048849
0.458725, 0.879593, -0.529541, -0.112205
0.458839, 0.819603, -0.526333, -0.167530
0.459069, 0.278831, 0.444778, 0.263914
0.459167, 0.209976, 0.449737, 0.199888
0.459227, 0.383120, 0.434503, 0.358157
0.459454, 0.550300, -0.498156, -0.407944
0.459499, 0.892393, -0.529294, -0.100356
0.459735, 0.196961, 0.451026, 0.187635
0.459942, 0.032109, 0.456594, 0.030776
0.460203, 0.368085, 0.437130, 0.344710
0.460483, 0.967869, -0.530348, -0.030047
0.460489, 0.625876, -0.505009, -0.339608
0.460711, 0.062526, 0.456819, 0.059882
0.460721, 0.183503, 0.452694, 0.174922
0.460929, 0.989106, -0.530014, -0.010189
0.461496, 0.832141, -0.524724, -0.156178
0.461856, 0.170302, 0.454415, 0.162413
0.461858, 0.571732, -0.492034, -0.382124
0.462008, 0.681354, -0.511296, -0.292088
0.462224, 0.417058, 0.432832, 0.387534
0.462628, 0.256892, 0.449820, 0.243419
0.462638, 0.073833, 0.458420, 0.070659
0.462694, 0.647268, -0.506248, -0.321700
0.462943, 0.346550, 0.441962, 0.325180
0.463022, 0.772220, -0.519197, -0.211025
0.463431, 0.442782, 0.430077, 0.409382
0.463459, 0.455514, 0.428119, 0.420159
0.463679, 0.748118, -0.516708, -0.232901
0.463806, 0.798376, -0.520618, -0.187321
0.463911, 0.291532, 0.448221, 0.275236
0.463996, 0.593485, -0.496535, -0.366987
0.464056, 0.845265, -0.523048, -0.144197
0.464096, 0.468088, 0.426520, 0.430522
0.464122, 0.538283, -0.137606, -0.064485
0.464138, 0.010614, 0.460775, 0.010166
0.464386, 0.733949, -0.514806, -0.245706
0.464494, 0.086298, 0.459916, 0.082524
0.464534, 0.927151, -0.525972, -0.068163
0.464826, 0.784212, -0.518633, -0.200299
0.464826, 0.480751, 0.424657, 0.440609
0.465118, 0.695114, -0.510069, -0.280298
0.465378, 0.858443, -0.522620, -0.132098
0.465529, 0.493479, 0.422357, 0.450345
0.465594, 0.396103, 0.438538, 0.368841
0.465638, 0.668775, -0.506604, -0.303508
0.465794, 0.041948, 0.461933, 0.040133
0.465852, 0.233460, 0.454518, 0.221465
0.465957, 0.098853, 0.460997, 0.094465
0.466087, 0.303496, 0.449072, 0.285943
0.466239, 0.315068, 0.448095, 0.296435
0.466278, 0.429523, 0.434484, 0.397639
0.466658, 0.505535, 0.420125, 0.459023
0.466696, 0.110691, 0.461266, 0.105699
0.466749, 0.614728, -0.498029, -0.349979
0.466800, 0.327614, 0.447289, 0.307688
0.466850, 0.269462, 0.452681, 0.254697
0.467049, 0.560590, -0.490756, -0.397243
0.467329, 0.959280, -0.523807, -0.038150
0.467330, 0.219494, 0.456715, 0.208316
0.467389, 0.913997, -0.522790, -0.080488
0.467429, 0.707685, -0.509475, -0.269444
0.467482, 0.811042, -0.518032, -0.175923
0.467590, 0.123231, 0.461706, 0.117591
0.467648, 1.000000, -0.523885, 0.000000
0.467687, 0.721217, -0.510522, -0.257364
0.467805, 0.978112, -0.523650, -0.020517
0.468030, 0.376128, 0.443142, 0.350962
0.468099, 0.517350, 0.407610, 0.456778
0.468274, 0.635872, -0.499886, -0.332243
0.468636, 0.160326, 0.461097, 0.152652
0.468645, 0.135862, 0.462222, 0.129533
0.468947, 0.148142, 0.461939, 0.141130
0.469052, 0.021506, 0.465281, 0.020564
0.469147, 0.900050, -0.520772, -0.093554
0.469204, 0.356839, 0.446427, 0.333718
0.469278, 0.581970, -0.490074, -0.377297
0.469559, 0.948807, -0.521632, -0.047992
0.469603, 0.528187, 0.162589, 0.220345
0.469644, 0.205543, 0.459680, 0.195123
0.469713, 0.760314, -0.512367, -0.222389
0.469742, 0.872408, -0.519241, -0.119324
0.469840, 0.937838, -0.521150, -0.058270
0.469859, 0.885962, -0.519670, -0.106716
0.470051, 0.337298, 0.449244, 0.316105
0.470232, 0.407489, 0.441051, 0.378140
0.470299, 0.246994, 0.457571, 0.233694
0.470519, 0.191878, 0.461239, 0.182255
0.470532, 0.657490, -0.500872, -0.313902
0.470985, 0.823680, -0.515630, -0.164503
0.471013, 0.053978, 0.466697, 0.051559
0.471013, 0.282285, 0.455345, 0.266107
0.471153, 0.603893, -0.492583, -0.359744
0.471272, 0.000000, 0.467466, 0.000000
0.471480, 0.548537, -0.446054, -0.369070
0.472094, 0.179106, 0.463380, 0.170181
0.472537, 0.387127, 0.445741, 0.360089
0.472856, 0.065878, 0.468091, 0.062865
0.473308, 0.624593, -0.494015, -0.342621
0.473330, 0.792197, -0.511408, -0.193559
0.473391, 0.836076, -0.514174, -0.153194
0.473686, 0.032343, 0.469425, 0.030877
0.473703, 0.740594, -0.507070, -0.240543
0.474254, 0.438029, 0.439980, 0.403678
0.474256, 0.677102, -0.500097, -0.297236
0.474261, 0.366224, 0.449777, 0.341446
0.474299, 0.687705, -0.501290, -0.287897
0.474303, 0.772452, -0.509120, -0.211681
0.474327, 0.449700, 0.438202, 0.413527
0.474425, 0.988920, -0.517641, -0.010410
0.474488, 0.419372, 0.443014, 0.387768
0.474531, 0.078430, 0.469405, 0.074788
0.474622, 0.259909, 0.460524, 0.245296
0.474708, 0.571209, -0.484423, -0.387853
0.474793, 0.461609, 0.436505, 0.423297
0.475212, 0.848590, -0.513088, -0.141672
0.475305, 0.474047, 0.434152, 0.432893
0.475396, 0.646062, -0.495215, -0.324457
0.475405, 0.967909, -0.516521, -0.030150
0.475676, 0.861255, -0.513260, -0.129927
0.476076, 0.486744, 0.430068, 0.440750
0.476098, 0.091309, 0.470576, 0.087004
0.476202, 0.295600, 0.459032, 0.277904
0.476308, 0.321300, 0.456473, 0.301069
0.476375, 0.167961, 0.467992, 0.159514
0.476568, 0.591761, -0.486051, -0.370743
0.476595, 0.803802, -0.509275, -0.183135
0.476706, 0.728882, -0.503301, -0.251361
0.476707, 0.700654, -0.500523, -0.276643
0.476924, 0.346084, 0.454522, 0.323306
0.477119, 0.226172, 0.465152, 0.213857
0.477340, 0.920430, -0.513860, -0.074733
0.477341, 0.537123, -0.471845, -0.412109
0.477445, 0.498942, 0.421661, 0.443160
0.477715, 0.750892, -0.504409, -0.231580
0.477761, 0.010924, 0.473519, 0.010421
0.478028, 0.308211, 0.459288, 0.289068
0.478082, 0.103716, 0.472159, 0.098745
0.478168, 0.238702, 0.465308, 0.225431
0.478202, 0.931373, -0.513326, -0.064499
0.478317, 0.714754, -0.500644, -0.264259
0.478379, 0.116204, 0.471937, 0.110555
0.478393, 0.398355, 0.449383, 0.369136
0.478522, 0.214006, 0.467329, 0.202490
0.478578, 0.044521, 0.473800, 0.042432
0.478641, 0.511424, 0.413799, 0.446409
0.478808, 0.272513, 0.463298, 0.256538
0.478880, 0.907477, -0.512150, -0.086916
0.478979, 0.128829, 0.472015, 0.122473
0.479011, 0.559365, -0.474557, -0.394134
0.479150, 0.666752, -0.494545, -0.306874
0.479271, 0.782616, -0.505492, -0.202789
0.479848, 0.893905, -0.510820, -0.099649
0.479953, 0.200047, 0.469416, 0.189353
0.480029, 0.154788, 0.471961, 0.146937
0.480075, 0.815922, -0.506909, -0.172187
0.480203, 0.142236, 0.472656, 0.135096
0.480416, 0.955948, -0.511741, -0.041451
0.480491, 0.377399, 0.453920, 0.350566
0.480583, 0.880462, -0.509681, -0.112245
0.480606, 0.613644, -0.486205, -0.353016
0.480662, 0.429119, 0.446780, 0.395133
0.480796, 0.523995, -0.222661, -0.180052
0.481031, 0.333051, 0.459642, 0.311249
0.481133, 1.000000, -0.511524, 0.000000
0.481396, 0.634929, -0.488537, -0.334868
0.481678, 0.978121, -0.510895, -0.020602
0.482375, 0.285277, 0.465335, 0.267854
0.482378, 0.022242, 0.477704, 0.021185
0.482393, 0.187684, 0.472390, 0.177669
0.482531, 0.355554, 0.458422, 0.331107
0.482585, 0.762092, -0.500968, -0.221793
0.482668, 0.581550, -0.479346, -0.380359
0.482700, 0.251274, 0.468550, 0.236727
0.482766, 0.601585, -0.482445, -0.363503
0.482780, 0.943062, -0.509308, -0.053598
0.482934, 0.409935, 0.451655, 0.378486
0.483274, 0.057424, 0.478068, 0.054650
0.483470, 0.828398, -0.504582, -0.160844
0.483498, 0.868525, -0.506386, -0.123476
0.483536, 0.655452, -0.489377, -0.317320
0.483592, 0.547996, -0.471721, -0.407265
0.484186, 0.069708, 0.478507, 0.066284
0.484741, 0.000000, 0.480063, 0.000000
0.485126, 0.176015, 0.475605, 0.166623
0.485341, 0.690952, -0.491952, -0.286222
0.485394, 0.794612, -0.500646, -0.192142
0.485407, 0.840776, -0.503454, -0.149446
0.485509, 0.441954, 0.448774, 0.405135
0.485642, 0.624566, -0.483471, -0.344384
0.485644, 0.388641, 0.456940, 0.359712
0.485653, 0.453713, 0.447058, 0.415063
0.485790, 0.466435, 0.444321, 0.424935
0.485809, 0.083289, 0.479719, 0.079137
0.485892, 0.854268, -0.503603, -0.136890
0.485925, 0.739463, -0.495989, -0.242605
0.486056, 0.034656, 0.480850, 0.032958
0.486341, 0.479318, 0.438246, 0.431216
0.486516, 0.678463, -0.489433, -0.297383
0.486525, 0.319941, 0.465751, 0.298827
0.486657, 0.366694, 0.460642, 0.340403
0.486794, 0.725312, -0.494052, -0.255535
0.486937, 0.569391, -0.473200, -0.390632
0.487010, 0.704830, -0.491848, -0.273964
0.487105, 0.263338, 0.471577, 0.247458
0.487656, 0.773048, -0.497196, -0.212146
0.487794, 0.989774, -0.505310, -0.009652
0.487800, 0.230691, 0.474597, 0.217318
0.488186, 0.491118, 0.414586, 0.417518
0.488195, 0.095534, 0.481676, 0.090682
0.488336, 0.643805, -0.483754, -0.328098
0.488447, 0.420379, 0.454781, 0.386574
0.488558, 0.163054, 0.479437, 0.154308
0.488659, 0.297980, 0.469821, 0.278817
0.488741, 0.208221, 0.476945, 0.196428
0.488861, 0.807059, -0.498384, -0.180903
0.488862, 0.535655, -0.451929, -0.405124
0.488886, 0.966407, -0.504292, -0.031713
0.488960, 0.915425, -0.503155, -0.079740
0.489074, 0.929075, -0.503274, -0.066888
0.489118, 0.503163, 0.342043, 0.355955
0.489417, 0.343293, 0.465835, 0.319402
0.489450, 0.109316, 0.482450, 0.103683
0.489479, 0.134833, 0.481409, 0.127716
0.489824, 0.308946, 0.469834, 0.288624
0.489997, 0.901713, -0.501774, -0.092653
0.489999, 0.121710, 0.482498, 0.115355
0.490323, 0.592317, -0.474693, -0.372554
0.490477, 0.219656, 0.477893, 0.206961
0.490495, 0.048096, 0.484803, 0.045672
0.490533, 0.751316, -0.493006, -0.232271
0.490566, 0.514683, -0.274153, -0.250307
0.490767, 0.243211, 0.476422, 0.228667
0.490918, 0.275460, 0.473961, 0.258197
0.490937, 0.888357, -0.500469, -0.105222
0.490954, 0.400078, 0.459946, 0.368876
0.491286, 0.666364, -0.483944, -0.308666
0.491369, 0.012179, 0.485902, 0.011566
0.491456, 0.149346, 0.482620, 0.141280
0.491517, 0.714743, -0.488752, -0.265462
0.491553, 0.558017, -0.467862, -0.401316
0.492149, 0.196554, 0.480842, 0.185392
0.492275, 0.819855, -0.496052, -0.169250
0.492313, 0.784566, -0.493822, -0.201896
0.492328, 0.953511, -0.500799, -0.043918
0.492471, 0.606744, -0.474982, -0.360565
0.492586, 0.329795, 0.470096, 0.307017
0.492689, 0.378423, 0.464406, 0.349904
0.492753, 0.432778, 0.456387, 0.396305
0.492931, 0.875581, -0.498076, -0.117259
0.493025, 0.525755, -0.432940, -0.400237
0.493680, 0.287755, 0.475293, 0.269100
0.494200, 0.979645, -0.499374, -0.019249
0.494325, 0.074626, 0.487791, 0.070733
0.494392, 0.861802, -0.496166, -0.130226
0.494395, 0.355427, 0.468799, 0.329562
0.494592, 0.618416, -0.474965, -0.350939
0.494641, 0.579175, -0.468914, -0.384236
0.494808, 0.024825, 0.489121, 0.023553
0.495068, 0.184645, 0.484267, 0.174152
0.495079, 1.000000, -0.498533, 0.000000
0.495135, 0.545358, -0.460099, -0.409809
0.495223, 0.941603, -0.498052, -0.055218
0.495487, 0.061859, 0.489233, 0.058638
0.495529, 0.698023, -0.483557, -0.280896
0.495552, 0.762951, -0.489361, -0.222007
0.495676, 0.632011, -0.475851, -0.339302
0.495743, 0.847133, -0.494287, -0.144013
0.495796, 0.654576, -0.478561, -0.319563
0.495827, 0.833053, -0.493640, -0.157193
0.495842, 0.732487, -0.486510, -0.249796
0.495846, 0.255196, 0.480171, 0.239312
0.495950, 0.458558, 0.454789, 0.417352
0.496280, 0.472253, 0.449107, 0.425057
0.496345, 0.410604, 0.462981, 0.377078
0.496764, 0.172509, 0.486422, 0.162725
0.497121, 0.686018, -0.480963, -0.291837
0.497128, 0.445662, 0.457132, 0.405590
0.497239, 0.796818, -0.490085, -0.190882
0.497473, 0.037840, 0.491339, 0.035856
0.497623, 0.000000, 0.491438, 0.000000
0.498249, 0.101210, 0.490731, 0.095744
0.498278, 0.367460, 0.470602, 0.339578
0.498318, 0.086514, 0.491161, 0.081866
0.498371, 0.390247, 0.467698, 0.359372
0.498519, 0.233688, 0.484247, 0.219370
0.498776, 0.317800, 0.476946, 0.295691
0.498852, 0.483702, 0.413772, 0.398640
0.499183, 0.140325, 0.490157, 0.132487
0.499805, 0.496440, 0.151717, 0.148408
0.499839, 0.568415, -0.462801, -0.394117
0.499842, 0.742799, -0.483807, -0.240746
0.499871, 0.267235, 0.482772, 0.249959
0.499923, 0.207920, 0.487217, 0.195458
0.499933, 0.674645, -0.477299, -0.302305
0.499939, 0.642728, -0.473480, -0.330462
0.499996, 0.158717, 0.489980, 0.149650
0.500128, 0.920132, -0.492938, -0.075576
0.500417, 0.774807, -0.485788, -0.211447
0.500497, 0.907930, -0.492303, -0.087105
0.500557, 0.422595, 0.464611, 0.386523
0.500630, 0.809057, -0.487801, -0.179756
0.500663, 0.127568, 0.492046, 0.120460
0.500673, 0.970961, -0.493230, -0.027508
0.500688, 0.721965, -0.481194, -0.259761
0.500773, 0.931601, -0.492476, -0.064743
0.500946, 0.336747, 0.476695, 0.312268
0.501140, 0.304859, 0.480372, 0.283849
0.501502, 0.508256, -0.444009, -0.437281
0.501575, 0.114715, 0.493295, 0.108340
0.501597, 0.895228, -0.490874, -0.099107
0.501646, 0.222268, 0.487727, 0.208565
0.501687, 0.599484, -0.466170, -0.368185
0.501696, 0.587491, -0.464292, -0.378345
0.501822, 0.708206, -0.478886, -0.272310
0.501858, 0.051186, 0.495242, 0.048429
0.501870, 0.989802, -0.492223, -0.009666
0.502555, 0.960297, -0.491430, -0.037631
0.502707, 0.533283, -0.451100, -0.420489
0.502815, 0.346894, 0.477158, 0.321016
0.502816, 0.882756, -0.489266, -0.110883
0.502887, 0.280439, 0.484278, 0.261668
0.503081, 0.555985, -0.457728, -0.404735
0.503107, 0.294203, 0.483253, 0.274112
0.503205, 0.519997, -0.441653, -0.424860
0.503354, 0.246069, 0.487669, 0.230362
0.503794, 0.194381, 0.491644, 0.182688
0.503842, 0.869453, -0.487833, -0.123440
0.503854, 0.821036, -0.485522, -0.168782
0.503898, 0.008336, 0.497408, 0.007886
0.504049, 0.753928, -0.480947, -0.230914
0.504239, 0.400703, 0.471171, 0.367468
0.504378, 0.662995, -0.472041, -0.313132
0.504471, 0.380067, 0.474336, 0.349742
0.504488, 0.434046, 0.465927, 0.395396
0.504721, 0.073235, 0.497585, 0.069209
0.504722, 0.611890, -0.465312, -0.357937
0.504892, 0.786867, -0.482537, -0.200608
0.504926, 0.855750, -0.486288, -0.136364
0.505263, 0.018424, 0.498780, 0.017421
0.505482, 0.466319, 0.460351, 0.421169
0.505763, 0.949140, -0.488270, -0.048243
0.505947, 0.624911, -0.466084, -0.346858
0.506171, 0.544165, -0.452689, -0.414642
0.506209, 0.326190, 0.482583, 0.302355
0.506361, 0.149441, 0.496389, 0.140715
0.506446, 0.842462, -0.484275, -0.148895
0.506880, 0.695703, -0.473223, -0.284108
0.506924, 0.167865, 0.495900, 0.157850
0.507194, 0.181392, 0.495412, 0.170411
0.507308, 0.358206, 0.479678, 0.330382
0.507456, 0.454318, 0.458231, 0.405045
0.507474, 0.029869, 0.500699, 0.028217
0.507576, 0.093199, 0.499539, 0.087920
0.508096, 0.831577, -0.482156, -0.159150
0.508517, 0.413499, 0.472773, 0.377617
0.508519, 0.650799, -0.466925, -0.324370
0.508633, 0.765499, -0.477657, -0.220610
0.508706, 0.732029, -0.474863, -0.251292
0.508766, 0.061865, 0.501420, 0.058390
0.508769, 0.258644, 0.491442, 0.241366
0.508902, 0.980252, -0.485594, -0.018753
0.508908, 0.577489, -0.456705, -0.387983
0.509101, 1.000000, -0.485556, 0.000000
0.509194, 0.041257, 0.502064, 0.038943
0.509316, 0.799185, -0.479226, -0.189436
0.509529, 0.683708, -0.469722, -0.295196
0.509567, 0.233953, 0.494191, 0.218785
0.509664, 0.489475, 0.038372, 0.018485
0.509722, 0.214390, 0.495680, 0.200780
0.509727, 0.443765, 0.468353, 0.402320
0.509754, 0.369567, 0.480250, 0.339908
0.509911, 0.637130, -0.464214, -0.336687
0.509919, 0.476495, 0.472779, 0.439383
0.509940, 0.104385, 0.501281, 0.098344
0.510009, 0.938672, -0.484048, -0.058223
0.510311, 0.312856, 0.487632, 0.290039
0.510590, 0.136886, 0.500838, 0.128802
0.510735, 0.717260, -0.471843, -0.264972
0.511097, 0.272679, 0.492340, 0.253914
0.511561, 0.564286, -0.452316, -0.399483
0.511844, 0.390125, 0.479099, 0.357261
0.511880, 0.914340, -0.481893, -0.081338
0.511987, 0.082775, 0.503878, 0.078002
0.512252, 0.124768, 0.502819, 0.117395
0.512274, 0.926347, -0.481721, -0.069959
0.512275, 0.501710, -0.431785, -0.442329
0.512282, 0.901976, -0.481210, -0.093058
0.512386, 0.591066, -0.455741, -0.376898
0.512424, 0.202993, 0.498875, 0.190092
0.512644, 0.744061, -0.472400, -0.240644
0.512706, 0.000000, 0.505827, 0.000000
0.512816, 0.811407, -0.476765, -0.178261
0.512970, 0.672209, -0.465450, -0.305855
0.513157, 0.777369, -0.474362, -0.209950
0.513172, 0.287303, 0.492916, 0.266950
0.513329, 0.968898, -0.481483, -0.029578
0.513413, 0.425085, 0.474786, 0.386345
0.513502, 0.526242, -0.442687, -0.429929
0.513518, 0.337123, 0.487763, 0.311197
0.513696, 0.889325, -0.479441, -0.105051
0.513872, 0.513529, -0.440656, -0.440999
0.513930, 0.876776, -0.478812, -0.116921
0.513963, 0.603080, -0.456200, -0.366864
0.514525, 0.300703, 0.492704, 0.278795
0.514543, 0.863374, -0.477756, -0.129595
0.514613, 0.705318, -0.467259, -0.276166
0.514741, 0.245323, 0.497888, 0.228742
0.514756, 0.114587, 0.505420, 0.107758
0.514976, 0.349376, 0.487341, 0.321652
0.515031, 0.157954, 0.503855, 0.148226
0.515071, 0.050601, 0.507445, 0.047672
0.515355, 0.551588, -0.446939, -0.410640
0.515491, 0.404053, 0.480080, 0.368533
0.515637, 0.224231, 0.500371, 0.209419
0.516015, 0.849476, -0.475822, -0.142753
0.516022, 0.538480, -0.444006, -0.421510
0.516098, 0.957308, -0.478794, -0.040628
0.516108, 0.615560, -0.456005, -0.356302
0.516246, 0.191849, 0.503041, 0.179567
0.516327, 0.463011, 0.430061, 0.376815
0.516349, 0.989773, -0.478810, -0.009736
0.516918, 0.660439, -0.460670, -0.316793
0.516950, 0.756019, -0.469406, -0.229965
0.516955, 0.010660, 0.509651, 0.010041
0.516999, 0.171244, 0.504903, 0.160454
0.517022, 0.823343, -0.473493, -0.167307
0.517147, 0.377973, 0.485513, 0.346189
0.517255, 0.323741, 0.492484, 0.298906
0.517438, 0.789336, -0.471233, -0.199116
0.517596, 0.072030, 0.509448, 0.067789
0.517851, 0.023512, 0.510319, 0.022141
0.518191, 0.436104, 0.475677, 0.393516
0.518469, 0.627039, -0.455446, -0.346580
0.518814, 0.692827, -0.462340, -0.287895
0.518869, 0.725302, -0.465162, -0.258312
0.518941, 0.145713, 0.508092, 0.136670
0.519416, 0.836533, -0.471975, -0.155055
0.519567, 0.363585, 0.489565, 0.333463
0.519768, 0.093936, 0.510840, 0.088279
0.519837, 0.946040, -0.475132, -0.051397
0.519915, 0.648124, -0.456680, -0.328116
0.519942, 0.181801, 0.506986, 0.170062
0.520063, 0.254996, 0.501910, 0.237117
0.520097, 0.036372, 0.512268, 0.034218
0.520180, 0.483631, -0.243911, -0.279994
0.520222, 0.450054, 0.476093, 0.405879
0.520413, 0.571443, -0.446023, -0.394872
0.520502, 0.266774, 0.501274, 0.247733
0.520971, 0.583354, -0.447336, -0.384799
0.521409, 0.415381, 0.483155, 0.377031
0.521442, 0.768009, -0.466158, -0.219189
0.521600, 0.801311, -0.468110, -0.188187
0.521632, 0.211970, 0.506652, 0.197752
0.521910, 0.060875, 0.513567, 0.057214
0.521990, 0.494621, -0.401969, -0.429296
0.522080, 0.735874, -0.463134, -0.248885
0.522125, 0.279489, 0.501521, 0.259025
0.522269, 0.395549, 0.487130, 0.360311
0.522288, 0.132354, 0.511702, 0.124078
0.522293, 0.235263, 0.505576, 0.219020
0.522297, 0.681104, -0.458043, -0.298811
0.522386, 0.312599, 0.498328, 0.288526
0.522387, 0.637871, -0.453261, -0.337460
0.522480, 0.105120, 0.512765, 0.098630
0.522597, 0.978505, -0.472979, -0.020502
0.522690, 0.472987, 0.236412, 0.187358
0.522698, 0.934255, -0.472277, -0.062664
0.523087, 1.000000, -0.472567, 0.000000
0.523438, 0.909159, -0.471036, -0.086548
0.523587, 0.714287, -0.459958, -0.268789
0.523593, 0.921563, -0.471181, -0.074758
0.523650, 0.558870, -0.441278, -0.405981
0.523934, 0.896540, -0.470232, -0.098546
0.524492, 0.595470, -0.445990, -0.374831
0.524747, 0.871615, -0.468614, -0.122196
0.524904, 0.531215, -0.435475, -0.429151
0.524937, 0.507074, -0.429246, -0.447123
0.525021, 0.519136, -0.433274, -0.439168
0.525065, 0.858216, -0.467797, -0.134885
0.525077, 0.083132, 0.515974, 0.078011
0.525107, 0.813105, -0.465585, -0.177357
0.525144, 0.291894, 0.502992, 0.269840
0.525352, 0.353899, 0.495774, 0.324277
0.525399, 0.331623, 0.498674, 0.304894
0.525518, 0.384868, 0.491569, 0.350819
0.525550, 0.200324, 0.510913, 0.186780
0.525572, 0.883481, -0.468246, -0.110975
0.525659, 0.119483, 0.515337, 0.111957
0.525719, 0.966648, -0.470053, -0.031842
0.525767, 0.669257, -0.453750, -0.309839
0.525788, 0.747375, -0.460656, -0.238574
0.525897, 0.780005, -0.462877, -0.208336
0.525948, 0.342045, 0.497922, 0.313961
0.526030, 0.607438, -0.446327, -0.364686
0.526218, 0.048265, 0.517679, 0.045307
0.526448, 0.164517, 0.513893, 0.153725
0.526586, 0.426138, 0.485410, 0.384890
0.526688, 0.545516, -0.436588, -0.417718
0.526850, 0.000000, 0.518565, 0.000000
0.527080, 0.701929, -0.455781, -0.280411
0.527334, 0.302411, 0.503820, 0.278975
0.527538, 0.014356, 0.519231, 0.013477
0.527606, 0.222894, 0.511213, 0.207307
0.527683, 0.460789, 0.470937, 0.404175
0.528193, 0.846470, -0.464342, -0.146100
0.528321, 0.372218, 0.495770, 0.339618
0.528413, 0.245993, 0.510048, 0.228226
0.528527, 0.154071, 0.516379, 0.143965
0.528615, 0.619543, -0.445564, -0.354372
0.528716, 0.825309, -0.462865, -0.166069
0.528790, 0.406157, 0.490782, 0.368067
0.528845, 0.439205, 0.478403, 0.388755
0.529101, 0.656591, -0.449528, -0.321611
0.529486, 0.953865, -0.466348, -0.044083
0.529957, 0.759126, -0.457727, -0.228009
0.529995, 0.988450, -0.466204, -0.011041
0.530088, 0.071465, 0.520935, 0.066979
0.530135, 0.188756, 0.515809, 0.175864
0.530139, 0.026343, 0.521515, 0.024701
0.530160, 0.791923, -0.459711, -0.197481
0.530209, 0.175617, 0.516746, 0.163784
0.530839, 0.141916, 0.519056, 0.132588
0.530952, 0.259816, 0.511226, 0.240537
0.531031, 0.321973, 0.504793, 0.295800
0.531386, 0.725169, -0.453787, -0.259458
0.531514, 0.690541, -0.450673, -0.291148
0.531893, 0.577312, -0.437057, -0.391520
0.531902, 0.631341, -0.444100, -0.344354
0.531953, 0.484147, -0.418645, -0.466448
0.532010, 0.835423, -0.460253, -0.156683
0.532268, 0.107877, 0.521673, 0.100881
0.532275, 0.272704, 0.511191, 0.251984
0.532503, 0.037251, 0.523569, 0.034898
0.532530, 0.566741, -0.434985, -0.400687
0.532594, 0.094646, 0.522560, 0.088562
0.532602, 0.449311, 0.438970, 0.355867
0.532744, 0.497693, -0.418852, -0.453944
0.533202, 0.942413, -0.462680, -0.055074
0.533467, 0.644457, -0.444208, -0.332861
0.533580, 0.361055, 0.501925, 0.329372
0.533622, 0.211675, 0.517485, 0.196649
0.533908, 0.059187, 0.524561, 0.055405
0.534045, 0.232850, 0.516224, 0.215875
0.534095, 0.587743, -0.436623, -0.382824
0.534130, 0.129272, 0.522611, 0.120714
0.534215, 0.804150, -0.456639, -0.186242
0.534271, 0.737495, -0.452247, -0.248384
0.534313, 0.471240, -0.284990, -0.347251
0.534318, 0.394418, 0.497373, 0.357414
0.534330, 0.929520, -0.461435, -0.067412
0.534369, 0.770936, -0.454501, -0.217333
0.534486, 0.284876, 0.511838, 0.262595
0.534556, 0.865884, -0.459216, -0.127976
0.534600, 0.536381, -0.428382, -0.426597
0.534778, 0.903852, -0.460331, -0.091895
0.534807, 0.916570, -0.460652, -0.079775
0.534851, 0.679010, -0.446567, -0.301926
0.534946, 0.711347, -0.449470, -0.272482
0.535090, 0.416835, 0.493476, 0.375201
0.535108, 0.890874, -0.459669, -0.104268
0.535294, 0.554609, -0.430830, -0.411465
0.535969, 0.310849, 0.510493, 0.285502
0.536082, 0.975995, -0.460545, -0.022993
0.536321, 1.000000, -0.460399, 0.000000
0.536325, 0.524191, -0.424945, -0.437103
0.536445, 0.347574, 0.506208, 0.317381
0.536717, 0.009056, 0.527705, 0.008477
0.536779, 0.512182, -0.422293, -0.446930
0.536866, 0.599471, -0.435804, -0.373007
0.536956, 0.962832, -0.459484, -0.035598
0.537174, 0.382005, 0.501758, 0.346590
0.537229, 0.816615, -0.454565, -0.174698
0.537478, 0.431397, 0.492202, 0.386106
0.537498, 0.082399, 0.527373, 0.077000
0.537683, 0.666632, -0.442897, -0.313463
0.537776, 0.877311, -0.456720, -0.117252
0.537814, 0.334319, 0.509199, 0.305773
0.537832, 0.200724, 0.521955, 0.186331
0.537846, 0.854655, -0.455701, -0.138753
0.538226, 0.610869, -0.436108, -0.363222
0.538430, 0.749930, -0.449310, -0.237145
0.538544, 0.047067, 0.528931, 0.043994
0.538706, 0.117251, 0.527292, 0.109378
0.538848, 0.782510, -0.451131, -0.206812
0.538892, 0.297952, 0.514526, 0.273820
0.538918, 0.164900, 0.525326, 0.153445
0.539510, 0.457980, 0.220516, 0.140143
0.539860, 0.252654, 0.519665, 0.233253
0.540213, 0.242015, 0.520916, 0.223647
0.540304, 0.152097, 0.527165, 0.141550
0.540324, 0.700105, -0.443583, -0.283224
0.540578, 0.178323, 0.525976, 0.165672
0.540606, 0.221930, 0.522972, 0.205465
0.540816, 0.020521, 0.531403, 0.019175
0.540933, 0.404761, 0.500587, 0.364383
0.541082, 0.370349, 0.506905, 0.336188
0.541183, 0.622708, -0.434902, -0.353092
0.541230, 0.842577, -0.452066, -0.150348
0.541309, 0.545053, -0.424152, -0.420397
0.541440, 0.655048, -0.438275, -0.324242
0.541752, 0.190232, 0.526228, 0.176497
0.541937, 0.000000, 0.532592, 0.000000
0.542152, 0.069989, 0.531966, 0.065325
0.542248, 0.265527, 0.520701, 0.244619
0.542359, 0.719438, -0.443303, -0.265603
0.542429, 0.139326, 0.529656, 0.129649
0.542606, 0.828843, -0.450112, -0.163397
0.542609, 0.443068, 0.503359, 0.403920
0.542647, 0.794644, -0.448382, -0.195674
0.542652, 0.988443, -0.454460, -0.011094
0.542765, 0.502675, -0.415127, -0.455270
0.542826, 0.103600, 0.531564, 0.096561
0.542829, 0.762002, -0.446113, -0.226218
0.542859, 0.490326, -0.412594, -0.465177
0.542931, 0.321705, 0.515214, 0.294171
0.543444, 0.565216, -0.425420, -0.403592
0.543557, 0.032694, 0.533833, 0.030517
0.543585, 0.951090, -0.453186, -0.046932
0.543615, 0.634952, -0.434193, -0.342509
0.543759, 0.576938, -0.426702, -0.393436
0.544125, 0.478580, -0.390905, -0.456379
0.544198, 0.688879, -0.439048, -0.293816
0.544524, 0.730137, -0.442180, -0.255899
0.544807, 0.422975, 0.495920, 0.374116
0.544821, 0.937479, -0.451866, -0.060002
0.544840, 0.357297, 0.512017, 0.324560
0.545268, 0.276492, 0.522331, 0.254110
0.545619, 0.924150, -0.450789, -0.072778
0.545717, 0.392096, 0.507297, 0.353704
0.545770, 0.288517, 0.521379, 0.264660
0.545774, 0.589824, -0.426829, -0.382632
0.545780, 0.092029, 0.534606, 0.085721
0.545824, 0.898290, -0.449846, -0.097500
0.545868, 0.885474, -0.449395, -0.109732
0.545937, 0.911096, -0.450131, -0.085271
0.545968, 0.866145, -0.448548, -0.128141
0.545974, 0.057742, 0.535605, 0.053829
0.546004, 0.466752, -0.368893, -0.448035
0.546309, 0.126530, 0.533770, 0.117659
0.546392, 0.210387, 0.528987, 0.194546
0.546431, 0.532804, -0.417948, -0.431604
0.546547, 0.675768, -0.435824, -0.306054
0.546590, 0.806799, -0.445364, -0.184434
0.546677, 0.644800, -0.432457, -0.333965
0.546746, 0.741286, -0.441083, -0.245786
0.546986, 0.965224, -0.450056, -0.033400
0.547380, 0.344465, 0.515977, 0.313233
0.547425, 0.308248, 0.520680, 0.281866
0.547526, 0.232528, 0.528318, 0.214517
0.547631, 0.773275, -0.442445, -0.216003
0.548013, 0.520917, -0.414698, -0.441851
0.548585, 0.709194, -0.436825, -0.275570
0.548670, 0.554838, -0.419407, -0.413222
0.548740, 0.977741, -0.448781, -0.021403
0.549060, 0.044618, 0.538514, 0.041553
0.549070, 0.412693, 0.503309, 0.366979
0.549083, 0.818010, -0.443602, -0.173966
0.549240, 0.602372, -0.425368, -0.372046
0.549299, 0.852390, -0.445040, -0.141391
0.549391, 0.380035, 0.512262, 0.342975
0.549537, 1.000000, -0.448074, 0.000000
0.549549, 0.452661, -0.109573, -0.204997
0.549958, 0.010384, 0.539939, 0.009674
0.550145, 0.614070, -0.425992, -0.361826
0.550172, 0.080187, 0.538979, 0.074607
0.550200, 0.332565, 0.520032, 0.302643
0.550403, 0.256737, 0.528625, 0.235962
0.550424, 0.663765, -0.431098, -0.317278
0.550491, 0.113337, 0.538130, 0.105302
0.550646, 0.433546, 0.464806, 0.347946
0.550686, 0.172378, 0.535427, 0.159621
0.550747, 0.160166, 0.536171, 0.148426
0.551162, 0.510191, -0.410064, -0.451099
0.551176, 0.199047, 0.533977, 0.183878
0.551305, 0.753691, -0.437702, -0.234525
0.551350, 0.785860, -0.439786, -0.204426
0.551852, 0.838110, -0.442045, -0.155071
0.552006, 0.185318, 0.535865, 0.171378
0.552050, 0.244356, 0.531270, 0.224755
0.552297, 0.147918, 0.538168, 0.137090
0.552595, 0.367455, 0.516987, 0.331982
0.552927, 0.876346, -0.442586, -0.118699
0.552938, 0.627661, -0.425002, -0.349992
0.553167, 0.221832, 0.534123, 0.204388
0.553331, 0.021707, 0.542841, 0.020192
0.553490, 0.542768, -0.413535, -0.424282
0.553553, 0.296487, 0.527308, 0.270840
0.553641, 0.401360, 0.512212, 0.360010
0.553825, 0.497487, -0.405617, -0.462028
0.553992, 0.698805, -0.431058, -0.285602
0.554140, 0.135704, 0.540391, 0.125766
0.554405, 0.320523, 0.525179, 0.291694
0.554567, 0.485508, -0.400250, -0.469365
0.554576, 0.068189, 0.543274, 0.063365
0.554646, 0.720873, -0.432181, -0.265250
0.554808, 0.567356, -0.415956, -0.403368
0.554819, 0.580851, -0.417771, -0.391649
0.555012, 0.684805, -0.428970, -0.298572
0.555050, 0.798795, -0.437122, -0.192464
0.555193, 0.652398, -0.425586, -0.327980
0.555350, 0.101648, 0.543031, 0.094331
0.555433, 0.267865, 0.532010, 0.245401
0.555590, 0.943224, -0.441940, -0.054669
0.555936, 0.955485, -0.441781, -0.042877
0.555943, 0.000000, 0.545484, 0.000000
0.555965, 0.032981, 0.545070, 0.030646
0.556028, 0.990030, -0.441830, -0.009607
0.556251, 0.890637, -0.439807, -0.105106
0.556278, 0.826213, -0.437268, -0.166531
0.556363, 0.282368, 0.531414, 0.258160
0.556422, 0.930405, -0.440862, -0.067001
0.556426, 0.354878, 0.522129, 0.320809
0.556605, 0.473561, -0.393343, -0.476408
0.556681, 0.862046, -0.438490, -0.132468
0.556704, 0.763718, -0.433433, -0.225527
0.556755, 0.461972, -0.353449, -0.448018
0.556759, 0.443194, 0.111821, 0.000022
0.556783, 0.904117, -0.439815, -0.092231
0.556858, 0.917385, -0.440106, -0.079508
0.557327, 0.732290, -0.430590, -0.254860
0.557352, 0.422644, 0.481554, 0.347144
0.557526, 0.056368, 0.546107, 0.052334
0.557667, 0.593384, -0.416891, -0.381036
0.557933, 0.389587, 0.517343, 0.349112
0.557964, 0.744753, -0.430986, -0.243346
0.557966, 0.122639, 0.544449, 0.113575
0.558040, 0.639258, -0.421719, -0.340157
0.558395, 0.530100, -0.407514, -0.435885
0.558575, 0.212111, 0.539701, 0.195201
0.558583, 0.968075, -0.439250, -0.030766
0.558692, 0.089893, 0.546380, 0.083349
0.559107, 0.672872, -0.424112, -0.309815
0.559114, 0.309509, 0.530559, 0.281546
0.559117, 0.343027, 0.526126, 0.310365
0.559731, 0.811994, -0.433392, -0.180198
0.559776, 0.776312, -0.431426, -0.213915
0.559828, 0.847699, -0.435006, -0.146283
0.559895, 0.232338, 0.539228, 0.213290
0.559979, 0.555118, -0.409756, -0.414630
0.560080, 0.044645, 0.548556, 0.041414
0.560469, 0.617833, -0.417195, -0.359601
0.560831, 0.517883, -0.403427, -0.446464
0.561007, 0.254356, 0.538270, 0.232875
0.561037, 0.980246, -0.437100, -0.019055
0.561113, 0.710967, -0.425537, -0.274960
0.561208, 0.377380, 0.522409, 0.338773
0.561801, 0.411232, 0.517298, 0.366953
0.561992, 0.606040, -0.414594, -0.370360
0.562145, 0.167110, 0.546020, 0.154132
0.562413, 0.191308, 0.544653, 0.176106
0.562493, 0.179063, 0.545606, 0.165000
0.562572, 0.331299, 0.530712, 0.299889
0.562754, 0.202377, 0.544154, 0.186097
0.562802, 0.077456, 0.550486, 0.071740
0.562919, 0.155189, 0.547380, 0.143204
0.563127, 0.505227, -0.399414, -0.457411
0.563311, 0.012011, 0.551926, 0.011134
0.563374, 0.789081, -0.428829, -0.202089
0.563415, 0.453172, -0.356506, -0.466564
0.563485, 0.692686, -0.421833, -0.292004
0.563512, 0.661393, -0.418996, -0.320657
0.563658, 1.000000, -0.434639, 0.000000
0.563851, 0.111771, 0.550316, 0.103354
0.563935, 0.242135, 0.541978, 0.221718
0.563957, 0.432663, 0.239432, 0.110026
0.564028, 0.871196, -0.431986, -0.123992
0.564246, 0.365235, 0.527002, 0.328278
0.564420, 0.835652, -0.430148, -0.157943
0.564513, 0.543322, -0.404206, -0.425454
0.564598, 0.143342, 0.549497, 0.132280
0.564606, 0.299456, 0.536550, 0.272171
0.564759, 0.573890, -0.408150, -0.398986
0.564935, 0.273647, 0.539655, 0.249519
0.565190, 0.883342, -0.431340, -0.112399
0.565241, 0.492216, -0.395092, -0.468215
0.565514, 0.131655, 0.550812, 0.121520
0.565675, 0.628789, -0.413763, -0.350369
0.565966, 0.753431, -0.424139, -0.235749
0.566032, 0.024361, 0.554324, 0.022558
0.566072, 0.399644, 0.519362, 0.353114
0.566146, 0.479757, -0.391622, -0.478084
0.566379, 0.288227, 0.539282, 0.262135
0.566708, 0.222890, 0.546146, 0.204283
0.566848, 0.801192, -0.426311, -0.190844
0.566921, 0.320005, 0.535882, 0.289613
0.567029, 0.649028, -0.414700, -0.332294
0.567086, 0.896896, -0.429930, -0.099433
0.567131, 0.723805, -0.421071, -0.263556
0.567210, 0.856997, -0.428458, -0.137693
0.567362, 0.064944, 0.554706, 0.060055
0.567445, 0.584716, -0.407166, -0.389828
0.567480, 0.948031, -0.430795, -0.050208
0.567664, 0.739354, -0.421606, -0.249041
0.567684, 0.935831, -0.430414, -0.061983
0.567691, 0.910275, -0.429787, -0.086596
0.567816, 0.822881, -0.426499, -0.170295
0.567916, 0.100486, 0.554450, 0.092829
0.567918, 0.681630, -0.416866, -0.302571
0.568023, 0.923324, -0.429788, -0.074039
0.568290, 0.466103, -0.383364, -0.485570
0.568349, 0.563414, -0.403664, -0.408614
0.568378, 0.766778, -0.422862, -0.223418
0.568419, 0.037085, 0.556344, 0.034307
0.568476, 0.261620, 0.544067, 0.238577
0.568483, 0.960402, -0.429955, -0.038273
0.568645, 0.353151, 0.532603, 0.317496
0.568739, 0.702536, -0.417797, -0.283320
0.568923, 0.000000, 0.556792, 0.000000
0.569256, 0.051671, 0.556879, 0.047774
0.569548, 0.596139, -0.406681, -0.379980
0.569693, 0.533710, -0.398310, -0.434380
0.569768, 0.387462, 0.526620, 0.344578
0.569878, 0.421308, 0.518026, 0.370713
0.570026, 0.442840, -0.366716, -0.493504
0.570383, 0.973559, -0.428217, -0.025570
0.570649, 0.988251, -0.428090, -0.011361
0.570795, 0.088396, 0.557300, 0.081590
0.571003, 0.341720, 0.536281, 0.307526
0.571283, 0.522900, -0.395370, -0.443863
0.571508, 0.121850, 0.556790, 0.112298
0.571651, 0.779989, -0.420612, -0.211154
0.571664, 0.211792, 0.551447, 0.193933
0.571691, 0.616834, -0.407055, -0.361717
0.571950, 0.638121, -0.409120, -0.342623
0.572195, 0.670507, -0.411967, -0.313142
0.572337, 0.309513, 0.541956, 0.279932
0.572474, 0.845277, -0.423037, -0.149103
0.572871, 0.248165, 0.549356, 0.226287
0.572881, 0.551798, -0.398175, -0.419323
0.572992, 0.812162, -0.421097, -0.180726
0.573102, 0.375449, 0.532504, 0.335189
0.573254, 0.511415, -0.391935, -0.453895
0.573493, 0.174517, 0.555701, 0.160173
0.573678, 0.187296, 0.555021, 0.171721
0.573774, 0.161863, 0.556710, 0.148673
0.574022, 0.233903, 0.551670, 0.213506
0.574075, 0.199414, 0.554520, 0.182622
0.574143, 0.279125, 0.547066, 0.253333
0.574150, 0.713295, -0.413770, -0.273832
0.574340, 0.409859, 0.500623, 0.336563
0.574629, 0.865948, -0.421822, -0.129386
0.574832, 0.454873, -0.377408, -0.497323
0.574862, 0.077475, 0.561240, 0.071424
0.574930, 0.499122, -0.388509, -0.464444
0.574978, 0.148997, 0.558524, 0.136910
0.575317, 0.329743, 0.541613, 0.296761
0.575427, 0.732368, -0.413886, -0.256082
0.575706, 0.606767, -0.402417, -0.371216
0.575903, 0.692133, -0.410431, -0.293556
0.575910, 0.658798, -0.407573, -0.324236
0.575925, 0.363419, 0.536786, 0.324744
0.576213, 0.008589, 0.563550, 0.007924
0.576258, 0.135581, 0.560356, 0.124620
0.576266, 0.791449, -0.416938, -0.200557
0.576338, 0.877339, -0.420596, -0.118496
0.576350, 0.297379, 0.546849, 0.268946
0.576419, 0.832753, -0.418877, -0.161264
0.576682, 0.475008, -0.382196, -0.483938
0.576877, 0.431478, -0.366757, -0.510833
0.576919, 1.000000, -0.422395, 0.000000
0.576990, 0.573959, -0.397415, -0.400458
0.576998, 0.889675, -0.420475, -0.106676
0.576999, 0.018566, 0.564286, 0.017120
0.577012, 0.486815, -0.384623, -0.474917
0.577096, 0.758251, -0.414259, -0.232010
0.577201, 0.110459, 0.562270, 0.101616
0.578026, 0.397694, 0.520344, 0.340551
0.578028, 0.267766, 0.551742, 0.243003
0.578144, 0.902998, -0.419772, -0.093868
0.578232, 0.030621, 0.565315, 0.028226
0.578272, 0.745721, -0.412313, -0.243844
0.578584, 0.626289, -0.401939, -0.353997
0.578700, 0.541623, -0.391666, -0.428843
0.578996, 0.916089, -0.419324, -0.081257
0.579022, 0.067469, 0.565275, 0.062120
0.579030, 0.043418, 0.565850, 0.040002
0.579282, 0.056287, 0.565815, 0.051838
0.579298, 0.585598, -0.396799, -0.390473
0.579395, 0.221686, 0.557467, 0.202158
0.579425, 0.952774, -0.419584, -0.045777
0.579489, 0.801841, -0.414448, -0.190849
0.579516, 0.940673, -0.419348, -0.057498
0.579723, 0.772234, -0.412550, -0.218917
0.579771, 0.928755, -0.418852, -0.069029
0.579812, 0.097112, 0.565116, 0.089295
0.580131, 0.647597, -0.402649, -0.334819
0.580184, 0.319633, 0.547218, 0.287537
0.580205, 0.855368, -0.416213, -0.139751
0.580302, 0.965546, -0.418839, -0.033409
0.580411, 0.680882, -0.405369, -0.304323
0.580478, 0.561222, -0.392787, -0.412112
0.580598, 0.978638, -0.418717, -0.020718
0.580962, 0.255677, 0.555652, 0.232120
0.581246, 0.287124, 0.552281, 0.259487
0.581259, 0.821466, -0.413801, -0.172254
0.581342, 0.351374, 0.543288, 0.313951
0.581533, 0.722340, -0.407568, -0.265913
0.581614, 0.596787, -0.395999, -0.380761
0.581732, 0.385971, 0.537492, 0.342136
0.581781, 0.442565, -0.374626, -0.513605
0.581987, 0.465529, -0.376664, -0.493160
0.582169, 0.529950, -0.387097, -0.439454
0.582314, 0.702996, -0.405457, -0.284036
0.582423, 0.339162, 0.546166, 0.303657
0.582508, 0.420062, -0.019848, -0.179701
0.582806, 0.122728, 0.566766, 0.112585
0.583561, 0.208832, 0.562237, 0.190355
0.583673, 0.000000, 0.570536, 0.000000
0.583768, 0.242332, 0.559392, 0.220075
0.583788, 0.518328, -0.384024, -0.449630
0.584199, 0.990222, -0.415361, -0.009494
0.584235, 0.182671, 0.564666, 0.166819
0.584390, 0.307204, 0.552434, 0.276370
0.584412, 0.086265, 0.569599, 0.079213
0.584501, 0.169813, 0.565783, 0.155221
0.584523, 0.842846, -0.411686, -0.151940
0.584525, 0.669105, -0.400612, -0.315537
0.584775, 0.636039, -0.397323, -0.345783
0.584906, 0.505612, -0.381195, -0.460647
0.584922, 0.374248, 0.540283, 0.330124
0.585026, 0.196060, 0.564505, 0.178811
0.585139, 0.784331, -0.408196, -0.207773
0.585159, 0.157166, 0.567133, 0.143752
0.585179, 0.614819, -0.394772, -0.364987
0.586280, 0.407224, 0.426024, 0.249410
0.586316, 0.454122, -0.371940, -0.504107
0.586376, 0.144670, 0.568919, 0.132366
0.586432, 0.867668, -0.410817, -0.128153
0.586597, 0.550624, -0.386015, -0.422104
0.586753, 0.492690, -0.377576, -0.471772
0.586800, 0.734045, -0.403560, -0.255356
0.586906, 0.810351, -0.407922, -0.183110
0.587038, 0.275848, 0.558641, 0.249068
0.587185, 0.362796, 0.546004, 0.322263
0.587351, 0.230475, 0.563642, 0.209263
0.587530, 0.881413, -0.410287, -0.114952
0.587708, 0.132965, 0.570732, 0.121684
0.587806, 0.764400, -0.404569, -0.226818
0.587961, 0.478691, -0.374208, -0.483572
0.588045, 0.692010, -0.399301, -0.294679
0.588086, 0.104444, 0.572280, 0.095701
0.588094, 0.895165, -0.410222, -0.101703
0.588131, 0.712842, -0.400839, -0.275313
0.588478, 0.569523, -0.386713, -0.405738
0.588567, 0.023878, 0.574601, 0.021921
0.588567, 0.075412, 0.573732, 0.069168
0.588639, 0.657724, -0.395854, -0.326358
0.589269, 0.753438, -0.402515, -0.237253
0.589354, 0.831539, -0.406651, -0.162979
0.589456, 0.908600, -0.409282, -0.088740
0.589459, 0.295706, 0.558224, 0.265877
0.589503, 0.430888, -0.323606, -0.481843
0.589590, 0.329757, 0.553609, 0.294733
0.589717, 0.036620, 0.575602, 0.033603
0.589763, 0.011073, 0.575906, 0.010162
0.589952, 0.049724, 0.575555, 0.045611
0.590102, 0.580145, -0.386516, -0.396512
0.590261, 0.604788, -0.389126, -0.374530
0.590302, 0.263553, 0.562876, 0.238030
0.590452, 0.796899, -0.403908, -0.196113
0.590459, 0.062640, 0.575765, 0.057433
0.590489, 0.395409, 0.538020, 0.343723
0.590776, 0.921536, -0.408361, -0.076242
0.590850, 0.957833, -0.408853, -0.041003
0.591107, 1.000000, -0.408738, 0.000000
0.591264, 0.114857, 0.574674, 0.105048
0.591319, 0.853668, -0.405753, -0.141821
0.591340, 0.945391, -0.408235, -0.053098
0.591364, 0.538606, -0.380361, -0.433283
0.591522, 0.742794, -0.399674, -0.247398
0.591543, 0.317309, 0.557019, 0.283961
0.591565, 0.623754, -0.389993, -0.357628
0.591827, 0.217820, 0.568749, 0.197675
0.592052, 0.591684, -0.386089, -0.386461
0.592073, 0.970121, -0.407766, -0.029065
0.592145, 0.933986, -0.407280, -0.064186
0.592323, 0.679673, -0.394349, -0.306444
0.592520, 0.343809, 0.553860, 0.305984
0.592689, 0.646621, -0.391090, -0.336847
0.592852, 0.980928, -0.407017, -0.018555
0.592902, 0.251188, 0.566399, 0.226945
0.592947, 0.774729, -0.400328, -0.217308
0.593424, 0.443194, -0.358800, -0.508932
0.593538, 0.466229, -0.367584, -0.494933
0.593864, 0.383004, 0.533358, 0.323282
0.593866, 0.416731, -0.352971, -0.529139
0.594196, 0.093924, 0.578272, 0.085906
0.594355, 0.526723, -0.376119, -0.443925
0.594401, 0.559764, -0.380323, -0.415086
0.594416, 0.820241, -0.401409, -0.174038
0.594512, 0.190142, 0.573192, 0.172785
0.594606, 0.725277, -0.395612, -0.264066
0.594709, 0.355501, 0.553015, 0.314628
0.594769, 0.284896, 0.564166, 0.255969
0.594794, 0.513464, -0.373937, -0.455458
0.595195, 0.177011, 0.574766, 0.160992
0.595447, 0.204661, 0.572946, 0.185671
0.595653, 0.164245, 0.575998, 0.149500
0.596308, 0.500796, -0.370735, -0.466404
0.596450, 0.702230, -0.392445, -0.285898
0.596504, 0.634604, -0.386531, -0.348209
0.596643, 0.239366, 0.570879, 0.216225
0.596704, 0.151479, 0.577705, 0.137947
0.596873, 0.304743, 0.563231, 0.272591
0.597081, 0.370118, 0.551686, 0.325468
0.597086, 0.667588, -0.388999, -0.318037
0.597103, 0.125981, 0.579530, 0.114908
0.597110, 0.000000, 0.582508, 0.000000
0.597188, 0.487169, -0.367944, -0.478107
0.597226, 0.842206, -0.399653, -0.153052
0.597496, 0.455187, -0.361853, -0.504145
0.597648, 0.786853, -0.396698, -0.206092
0.597648, 0.862970, -0.400082, -0.133072
0.597798, 0.874380, -0.400375, -0.122066
0.598092, 0.888017, -0.400543, -0.108890
0.598386, 0.083331, 0.582365, 0.076119
0.598553, 0.138739, 0.580166, 0.126372
0.598795, 0.807918, -0.396784, -0.186077
0.598828, 0.989730, -0.401402, -0.010005
0.599008, 0.405475, -0.131971, -0.322420
0.599052, 0.272330, 0.569370, 0.244654
0.599214, 0.547597, -0.374679, -0.426483
0.599465, 0.901257, -0.399629, -0.096100
0.599548, 0.019332, 0.584573, 0.017671
0.599600, 0.714281, -0.390309, -0.274797
0.599641, 0.690068, -0.388413, -0.297370
0.599693, 0.762433, -0.393389, -0.229420
0.599711, 0.612263, -0.381456, -0.368837
0.600021, 0.227550, 0.574945, 0.205522
0.600108, 0.070526, 0.584236, 0.064401
0.600183, 0.474823, -0.363482, -0.488939
0.600230, 0.425037, -0.355565, -0.530322
0.600516, 0.043718, 0.585144, 0.039938
0.600586, 0.104226, 0.583587, 0.095035
0.600696, 0.030749, 0.585510, 0.028092
0.600783, 0.056941, 0.585147, 0.051999
0.600862, 0.571676, -0.375981, -0.405285
0.601229, 0.914299, -0.398318, -0.083489
0.601447, 0.336304, 0.562284, 0.298303
0.601473, 0.598697, -0.378441, -0.381232
0.601624, 0.735877, -0.389867, -0.254618
0.601676, 0.656923, -0.383777, -0.328183
0.601765, 0.749373, -0.390563, -0.241861
0.601801, 0.324906, 0.564430, 0.288815
0.602034, 0.951429, -0.398132, -0.047361
0.602055, 0.584533, -0.376432, -0.394037
0.602069, 0.830825, -0.394687, -0.164226
0.602356, 0.436707, -0.355145, -0.520592
0.602393, 0.393371, 0.335154, 0.129553
0.602428, 0.260130, 0.573639, 0.233719
0.602676, 0.963882, -0.397744, -0.035238
0.602883, 0.294454, 0.569798, 0.263105
0.602947, 0.927201, -0.397000, -0.070985
0.603089, 0.313547, 0.567173, 0.279139
0.603800, 0.623273, -0.378830, -0.359245
0.603912, 0.116592, 0.585854, 0.106077
0.604030, 0.215436, 0.579514, 0.194487
0.604182, 0.535681, -0.368771, -0.437483
0.604244, 0.676953, -0.383172, -0.309956
0.604245, 0.797322, -0.391087, -0.196463
0.604262, 0.775901, -0.389858, -0.216872
0.604416, 0.195584, 0.581412, 0.176866
0.604453, 0.852573, -0.393255, -0.143350
0.604479, 0.521093, -0.366628, -0.450237
0.604587, 0.644904, -0.380096, -0.339522
0.604594, 0.010080, 0.589242, 0.009201
0.604839, 1.000000, -0.395770, 0.000000
0.604909, 0.939999, -0.395365, -0.058556
0.604962, 0.347927, 0.563289, 0.307299
0.605017, 0.976731, -0.395473, -0.022711
0.605281, 0.381213, 0.558542, 0.335622
0.605539, 0.360201, 0.557959, 0.313691
0.605620, 0.248445, 0.577652, 0.223234
0.605711, 0.183406, 0.583531, 0.165958
0.605776, 0.558467, -0.370193, -0.417694
0.606350, 0.448365, -0.353946, -0.511826
0.606475, 0.170752, 0.585100, 0.154623
0.606501, 0.508764, -0.363134, -0.461061
0.606669, 0.818958, -0.389892, -0.175863
0.606692, 0.495297, -0.361085, -0.472653
0.606733, 0.281598, 0.574716, 0.251667
0.606972, 0.158474, 0.586323, 0.143611
0.607065, 0.462073, -0.355546, -0.500553
0.607492, 0.879663, -0.391434, -0.117275
0.607686, 0.723519, -0.383434, -0.266690
0.607742, 0.414693, -0.318737, -0.511101
0.608054, 0.145318, 0.588170, 0.131770
0.608082, 0.092415, 0.590739, 0.084051
0.608528, 0.634108, -0.375446, -0.349713
0.608852, 0.130826, 0.589691, 0.118704
0.609080, 0.205148, 0.584753, 0.184964
0.609164, 0.865023, -0.389270, -0.131486
0.609281, 0.893300, -0.390081, -0.104073
0.609313, 0.709134, -0.380888, -0.280301
0.609428, 0.483629, -0.357014, -0.482937
0.609447, 0.370397, 0.532854, 0.295217
0.609547, 0.236620, 0.582313, 0.212552
0.609737, 0.698874, -0.379713, -0.289911
0.609765, 0.078672, 0.592668, 0.071537
0.610260, 0.841405, -0.387347, -0.154354
0.610531, 0.064749, 0.593711, 0.058884
0.610645, 0.687068, -0.377962, -0.300986
0.610796, 0.786511, -0.384348, -0.207131
0.610889, 0.050722, 0.594299, 0.046134
0.610926, 0.666254, -0.376121, -0.320402
0.610959, 0.036856, 0.594539, 0.033527
0.611034, 0.304447, 0.575126, 0.270394
0.611076, 0.000000, 0.595136, 0.000000
0.611112, 0.766905, -0.382845, -0.225781
0.611151, 0.605431, -0.370421, -0.376174
0.611282, 0.906232, -0.388590, -0.091563
0.611343, 0.269373, 0.580177, 0.240662
0.611363, 0.402460, -0.339385, -0.547308
0.611384, 0.988643, -0.389677, -0.011111
0.611416, 0.428215, -0.344480, -0.527369
0.611471, 0.547108, -0.363785, -0.428384
0.611662, 0.472148, -0.353331, -0.492900
0.611723, 0.755982, -0.381700, -0.236238
0.611844, 0.105587, 0.593539, 0.095819
0.611873, 0.591844, -0.368377, -0.388506
0.611878, 0.022729, 0.595705, 0.020675
0.611939, 0.807823, -0.384360, -0.186783
0.612502, 0.567712, -0.365231, -0.410215
0.612649, 0.224965, 0.586044, 0.202053
0.612773, 0.578637, -0.366123, -0.400409
0.612889, 0.329957, 0.572579, 0.291142
0.613063, 0.527622, -0.359922, -0.445597
0.613251, 0.918998, -0.387066, -0.079181
0.613273, 0.954061, -0.387442, -0.044925
0.613314, 0.743876, -0.379507, -0.247839
0.613459, 0.652565, -0.372637, -0.333261
0.613668, 0.616617, -0.369225, -0.366260
0.613685, 0.317056, 0.575453, 0.280498
0.613842, 0.733115, -0.378259, -0.258009
0.614229, 0.290950, 0.579740, 0.258617
0.614240, 0.966076, -0.386833, -0.033201
0.614409, 0.389915, -0.122733, -0.343468
0.614429, 0.830090, -0.383046, -0.165483
0.614545, 0.341045, 0.571981, 0.299896
0.614607, 0.119009, 0.595174, 0.107763
0.615050, 0.440142, -0.345116, -0.519854
0.615084, 0.257715, 0.584717, 0.230214
0.615269, 0.931463, -0.385436, -0.067060
0.615972, 0.191697, 0.591790, 0.172513
0.616132, 0.354328, 0.570050, 0.309581
0.616233, 0.501593, -0.353765, -0.468610
0.616451, 0.852938, -0.381989, -0.143464
0.616672, 0.178506, 0.593446, 0.160798
0.616990, 0.453653, -0.345966, -0.509243
0.617044, 0.515746, -0.354946, -0.456482
0.617125, 0.677943, -0.371282, -0.310011
0.617166, 0.873180, -0.381915, -0.123825
0.617407, 0.627415, -0.366764, -0.356696
0.617567, 0.716369, -0.373661, -0.274054
0.617647, 0.010955, 0.600834, 0.009939
0.617677, 0.796825, -0.378418, -0.197621
0.617859, 0.154355, 0.596187, 0.139260
0.617938, 1.000000, -0.383493, 0.000000
0.617976, 0.776307, -0.376927, -0.217206
0.618026, 0.943794, -0.383099, -0.055061
0.618030, 0.978292, -0.383320, -0.021271
0.618031, 0.213921, 0.591840, 0.191916
0.618126, 0.641320, -0.367244, -0.343902
0.618155, 0.245989, 0.588635, 0.219767
0.618214, 0.378083, 0.360256, 0.124262
0.618253, 0.537753, -0.356601, -0.437350
0.618266, 0.140961, 0.597342, 0.127277
0.618370, 0.166328, 0.595861, 0.149883
0.618641, 0.885444, -0.380986, -0.111974
0.618911, 0.557555, -0.358383, -0.419993
0.619062, 0.420073, -0.336434, -0.534967
0.619143, 0.278840, 0.585537, 0.247753
0.619341, 0.818668, -0.377892, -0.176705
0.619360, 0.489513, -0.349372, -0.479371
0.619726, 0.364712, 0.534461, 0.281018
0.619956, 0.084568, 0.601495, 0.076545
0.620544, 0.202063, 0.594972, 0.181283
0.620662, 0.096435, 0.601655, 0.087211
0.620706, 0.071534, 0.602598, 0.064759
0.620871, 0.058295, 0.603055, 0.052790
0.620966, 0.692079, -0.368700, -0.297041
0.621095, 0.465056, -0.344328, -0.500389
0.621112, 0.409707, -0.336541, -0.547372
0.621114, 0.044870, 0.603477, 0.040638
0.621266, 0.898116, -0.378839, -0.099701
0.621313, 0.300491, 0.584254, 0.265622
0.621414, 0.659586, -0.365812, -0.327366
0.621423, 0.031778, 0.603886, 0.028780
0.621573, 0.598535, -0.360275, -0.383442
0.621740, 0.130246, 0.600920, 0.117495
0.622168, 0.477653, -0.345267, -0.489873
0.622386, 0.584236, -0.358114, -0.396459
0.622576, 0.233888, 0.593739, 0.208848
0.622645, 0.726693, -0.369561, -0.264625
0.622697, 0.704553, -0.368106, -0.285560
0.622823, 0.862785, -0.376295, -0.134140
0.623029, 0.841539, -0.375291, -0.154738
0.623092, 0.324423, 0.581718, 0.284878
0.623190, 0.763957, -0.371299, -0.229266
0.623228, 0.752048, -0.370734, -0.240711
0.623335, 0.108756, 0.603479, 0.098174
0.623422, 0.910632, -0.377205, -0.087564
0.623636, 0.397524, -0.303489, -0.528462
0.623924, 0.431367, -0.336219, -0.528463
0.624043, 0.610726, -0.359196, -0.372595
0.624207, 0.267169, 0.591318, 0.237222
0.624304, 0.569863, -0.354903, -0.409600
0.624336, 0.786264, -0.371518, -0.208048
0.624545, 0.000000, 0.607016, 0.000000
0.624565, 0.311717, 0.585225, 0.274438
0.624763, 0.989042, -0.376965, -0.010756
0.624953, 0.526459, -0.349352, -0.448124
0.624957, 0.670328, -0.363396, -0.317678
0.625008, 0.807118, -0.371996, -0.188086
0.625031, 0.347826, 0.577416, 0.301908
0.625296, 0.547469, -0.351503, -0.429611
0.625354, 0.020387, 0.607571, 0.018435
0.625436, 0.507164, -0.346465, -0.464952
0.625661, 0.222590, 0.597436, 0.198725
0.625744, 0.968221, -0.375811, -0.031190
0.625793, 0.922569, -0.375226, -0.075946
0.625998, 0.956645, -0.375446, -0.042548
0.626031, 0.444782, -0.336967, -0.518056
0.626131, 0.739072, -0.367129, -0.253158
0.626250, 0.335561, 0.580997, 0.292017
0.626443, 0.830150, -0.371673, -0.165930
0.626504, 0.288684, 0.590299, 0.255046
0.626612, 0.185462, 0.601560, 0.166185
0.626663, 0.120271, 0.605739, 0.108320
0.627087, 0.385406, -0.328991, -0.569084
0.627436, 0.648738, -0.359350, -0.337896
0.627722, 0.255661, 0.595653, 0.226990
0.627765, 0.634038, -0.357912, -0.351596
0.627805, 0.149336, 0.605197, 0.134174
0.627843, 0.934641, -0.373509, -0.064163
0.627909, 0.621943, -0.356626, -0.362631
0.628386, 0.875604, -0.371343, -0.121823
0.628831, 0.682789, -0.360784, -0.306382
0.628910, 0.495450, -0.341936, -0.475584
0.628986, 0.174057, 0.604528, 0.155970
0.629179, 0.372087, 0.038760, -0.213740
0.629689, 0.457135, -0.335878, -0.508392
0.629749, 0.715849, -0.362300, -0.275418
0.629779, 0.852102, -0.369361, -0.144780
0.629814, 0.888361, -0.370477, -0.109456
0.630089, 0.161605, 0.606331, 0.144888
0.630180, 0.243631, 0.599037, 0.216400
0.630290, 0.195796, 0.604022, 0.174975
0.630292, 0.774172, -0.365271, -0.219959
0.630532, 0.358743, 0.607178, 0.338599
0.630589, 0.946640, -0.371092, -0.052436
0.630855, 0.208893, 0.603285, 0.186343
0.631133, 0.420183, -0.328858, -0.539344
0.631146, 0.516777, -0.342669, -0.457289
0.631205, 1.000000, -0.370860, 0.000000
0.631217, 0.592034, -0.350820, -0.390210
0.631229, 0.796566, -0.365548, -0.198517
0.631384, 0.558425, -0.347295, -0.420564
0.631507, 0.077247, 0.611956, 0.069582
0.631519, 0.536763, -0.344787, -0.439865
0.631580, 0.138151, 0.609134, 0.124009
0.631624, 0.817546, -0.366228, -0.178343
0.631672, 0.052275, 0.612705, 0.047119
0.631713, 0.010308, 0.613293, 0.009296
0.631810, 0.978215, -0.370164, -0.021418
0.631845, 0.277085, 0.596382, 0.244611
0.631896, 0.089472, 0.611861, 0.080539
0.631905, 0.064585, 0.612684, 0.058192
0.632112, 0.483341, -0.337550, -0.486453
0.632122, 0.039846, 0.613177, 0.035910
0.632459, 0.577763, -0.348329, -0.403297
0.632529, 0.695478, -0.358265, -0.294767
0.632542, 0.406489, -0.321760, -0.547100
0.632573, 0.300459, 0.593557, 0.263934
0.633114, 0.470387, -0.334921, -0.497716
0.633185, 0.902050, -0.367649, -0.096172
0.633295, 0.101384, 0.612556, 0.091145
0.633397, 0.660636, -0.354824, -0.327373
0.633589, 0.322748, 0.590193, 0.281446
0.633819, 0.749529, -0.360543, -0.243694
0.633976, 0.604189, -0.349486, -0.379449
0.634191, 0.029414, 0.615255, 0.026491
0.634278, 0.434643, -0.328497, -0.527836
0.634443, 0.728288, -0.358697, -0.263946
0.634753, 0.864936, -0.365056, -0.132459
0.635150, 0.761400, -0.359939, -0.232416
0.635791, 0.393781, -0.322123, -0.563136
0.635874, 0.113612, 0.614319, 0.101954
0.635937, 0.345859, 0.556205, 0.268300
0.636046, 0.127488, 0.613583, 0.114279
0.636119, 0.219554, 0.606749, 0.195084
0.636201, 0.231795, 0.605492, 0.205599
0.636265, 0.640329, -0.350531, -0.346438
0.636313, 0.913750, -0.365022, -0.084803
0.636544, 0.840670, -0.362495, -0.156133
0.636815, 0.706496, -0.355069, -0.284731
0.636847, 0.785084, -0.359686, -0.209858
0.637105, 0.673064, -0.352384, -0.316119
0.637280, 0.265493, 0.602304, 0.234119
0.637300, 0.311507, 0.595630, 0.272317
0.637318, 0.505001, -0.335823, -0.468375
0.637396, 0.965235, -0.364688, -0.034224
0.637486, 0.828286, -0.361058, -0.168171
0.637561, 0.615889, -0.347278, -0.369092
0.637888, 0.447113, -0.327459, -0.518084
0.638107, 0.989013, -0.364279, -0.010823
0.638162, 0.926465, -0.363548, -0.072372
0.638188, 0.547326, -0.340010, -0.431225
0.638249, 0.289155, 0.599935, 0.253774
0.638268, 0.333943, 0.590267, 0.288147
0.638288, 0.380538, -0.290520, -0.546708
0.638335, 0.000000, 0.619211, 0.000000
0.638346, 0.526447, -0.337489, -0.449699
0.638389, 0.567191, -0.341899, -0.413428
0.638615, 0.806834, -0.359042, -0.188975
0.638908, 0.184843, 0.612381, 0.164687
0.638974, 0.150484, 0.614889, 0.134491
0.639534, 0.878702, -0.360914, -0.119167
0.639709, 0.739222, -0.354442, -0.253903
0.639729, 0.020387, 0.620376, 0.018322
0.639909, 0.253631, 0.606037, 0.223782
0.640059, 0.892379, -0.360774, -0.105794
0.640099, 0.171939, 0.614301, 0.153276
0.640309, 0.939425, -0.361685, -0.059664
0.640363, 0.367711, -0.296433, -0.565286
0.640475, 0.628378, -0.345715, -0.357900
0.640622, 0.585221, -0.341578, -0.397264
0.640757, 0.651367, -0.347253, -0.336558
0.640812, 0.685687, -0.349868, -0.304585
0.640869, 0.492896, -0.331214, -0.479374
0.640957, 0.198688, 0.612943, 0.176570
0.641023, 0.953578, -0.361271, -0.045751
0.641166, 0.459460, -0.326498, -0.508170
0.641740, 0.853284, -0.358101, -0.144090
0.641769, 0.413230, -0.318286, -0.546174
0.641880, 0.242320, 0.609080, 0.213962
0.642008, 0.426296, -0.320711, -0.535947
0.642161, 0.772558, -0.354013, -0.222172
0.642163, 0.718342, -0.350813, -0.273877
0.642508, 0.160609, 0.617228, 0.143159
0.642539, 0.044635, 0.622373, 0.040037
0.642787, 0.069650, 0.622128, 0.062435
0.642976, 0.355778, 0.202707, -0.078781
0.642999, 0.082354, 0.621883, 0.073779
0.643264, 0.056698, 0.622911, 0.050833
0.643597, 0.140658, 0.619548, 0.125535
0.643674, 0.278312, 0.605939, 0.244009
0.643700, 0.596506, -0.339850, -0.387311
0.643721, 0.480763, -0.327168, -0.490231
0.643842, 0.514867, -0.331286, -0.460558
0.643996, 0.210597, 0.614350, 0.186586
0.644205, 0.977051, -0.358454, -0.022647
0.644218, 0.094358, 0.622489, 0.084436
0.644235, 0.795729, -0.353210, -0.199974
0.644405, 1.000000, -0.358268, 0.000000
0.644494, 0.300355, 0.603127, 0.261853
0.644610, 0.817729, -0.353845, -0.178711
0.644834, 0.536679, -0.332884, -0.441404
0.644949, 0.401151, -0.314557, -0.557465
0.645223, 0.556731, -0.334672, -0.423548
0.645322, 0.751232, -0.349770, -0.242728
0.645362, 0.663326, -0.343899, -0.325782
0.645460, 0.470389, -0.324299, -0.499399
0.645462, 0.697110, -0.346316, -0.294170
0.645589, 0.010363, 0.625614, 0.009290
0.645605, 0.322603, 0.595699, 0.275255
0.645746, 0.106281, 0.623280, 0.094973
0.645971, 0.033608, 0.625876, 0.030119
0.645973, 0.865771, -0.354449, -0.132033
0.646470, 0.438407, -0.318870, -0.526596
0.646521, 0.903905, -0.355001, -0.094683
0.646564, 0.575255, -0.335236, -0.406895
0.646577, 0.118763, 0.623338, 0.105998
0.646945, 0.223652, 0.615547, 0.197508
0.646946, 0.607687, -0.337920, -0.377428
0.647289, 0.130311, 0.623346, 0.116176
0.647417, 0.388367, -0.306549, -0.564428
0.647548, 0.730007, -0.346451, -0.263126
0.647690, 0.640319, -0.340008, -0.347440
0.647869, 0.831358, -0.351263, -0.165598
0.647897, 0.343595, 0.605196, 0.305017
0.648073, 0.917373, -0.353980, -0.081520
0.648200, 0.762167, -0.347670, -0.232429
0.648658, 0.782591, -0.348403, -0.212882
0.648972, 0.268690, 0.611640, 0.235271
0.649006, 0.676366, -0.341504, -0.313894
0.649068, 0.502276, -0.325195, -0.472240
0.649561, 0.843531, -0.350309, -0.153893
0.649628, 0.312511, 0.605983, 0.271800
0.649717, 0.889580, -0.351415, -0.108781
0.649963, 0.965822, -0.352805, -0.033768
0.650029, 0.619280, -0.336126, -0.367091
0.650041, 0.450830, -0.317660, -0.516674
0.650050, 0.930673, -0.352302, -0.068452
0.650160, 0.708571, -0.342671, -0.283660
0.650165, 0.376029, -0.303882, -0.576374
0.650181, 0.190243, 0.621484, 0.168416
0.650378, 0.177425, 0.622702, 0.157268
0.650446, 0.877105, -0.350399, -0.121041
0.650556, 0.257962, 0.614415, 0.226111
0.650686, 0.288790, 0.610161, 0.251686
0.650762, 0.332734, 0.546203, 0.231280
0.650798, 0.234841, 0.617518, 0.206608
0.650862, 0.525175, -0.326241, -0.452286
0.650924, 0.988113, -0.352106, -0.011751
0.651397, 0.943953, -0.351225, -0.055374
0.651757, 0.419238, -0.311449, -0.543308
0.651951, 0.806952, -0.346442, -0.189511
0.651954, 0.546393, -0.327539, -0.433513
0.652006, 0.000000, 0.631332, 0.000000
0.652087, 0.022278, 0.631293, 0.019907
0.652421, 0.151232, 0.626608, 0.134281
0.652574, 0.586621, -0.330823, -0.397140
0.652656, 0.364055, -0.281220, -0.567705
0.652689, 0.489301, -0.320488, -0.484083
0.652714, 0.164914, 0.625825, 0.146211
0.652787, 0.565322, -0.328651, -0.416524
0.652789, 0.742140, -0.342225, -0.251876
0.652921, 0.652778, -0.336147, -0.336290
0.653169, 0.246786, 0.618078, 0.216419
0.653325, 0.202826, 0.623081, 0.179006
0.653451, 0.061790, 0.631641, 0.055124
0.653635, 0.075516, 0.631393, 0.067331
0.653674, 0.046865, 0.632313, 0.041827
0.653788, 0.955673, -0.349069, -0.043830
0.653915, 0.687522, -0.337712, -0.303776
0.654136, 0.629917, -0.333228, -0.357634
0.654177, 0.462969, -0.315782, -0.506918
0.654335, 0.856078, -0.346166, -0.141804
0.654622, 0.408153, -0.307467, -0.553079
0.654870, 0.719946, -0.338965, -0.273182
0.655184, 0.429714, -0.310217, -0.535151
0.655186, 0.087916, 0.632361, 0.078288
0.655444, 0.351827, -0.282802, -0.581661
0.655638, 0.793117, -0.342281, -0.203068
0.655764, 0.770943, -0.340958, -0.224406
0.655780, 0.512971, -0.320502, -0.463632
0.655804, 0.820738, -0.343348, -0.176291
0.655859, 0.301560, 0.611184, 0.260149
0.656070, 0.598217, -0.328674, -0.386881
0.656194, 0.666925, -0.334029, -0.323202
0.656233, 0.214998, 0.624253, 0.189134
0.656299, 0.138958, 0.630708, 0.123261
0.656336, 0.100519, 0.632810, 0.089399
0.656832, 0.395614, -0.303045, -0.563169
0.656877, 0.476482, -0.315194, -0.495650
0.657140, 1.000000, -0.346204, 0.000000
0.657334, 0.277941, 0.617026, 0.241708
0.657396, 0.113058, 0.633091, 0.100416
0.657410, 0.976022, -0.345875, -0.023744
0.657919, 0.535376, -0.321038, -0.444003
0.658139, 0.754707, -0.337887, -0.240170
0.658163, 0.125674, 0.633118, 0.111487
0.658196, 0.033908, 0.636466, 0.030202
0.658280, 0.909669, -0.344039, -0.089326
0.658285, 0.698997, -0.334389, -0.293253
0.658426, 0.897005, -0.343470, -0.101768
0.658529, 0.010968, 0.636981, 0.009770
0.658653, 0.868443, -0.342349, -0.129807
0.658693, 0.441381, -0.308959, -0.525904
0.659055, 0.324292, 0.599382, 0.267977
0.659288, 0.576013, -0.323747, -0.407459
0.659339, 0.833913, -0.340495, -0.163603
0.659356, 0.610051, -0.326679, -0.376319
0.659397, 0.227010, 0.625560, 0.198999
0.659490, 0.640901, -0.329086, -0.347831
0.659627, 0.555424, -0.321498, -0.426152
0.659798, 0.922855, -0.342881, -0.076355
0.659957, 0.732060, -0.334836, -0.261913
0.660006, 0.384011, -0.298846, -0.573454
0.660380, 0.500331, -0.314996, -0.475302
0.660390, 0.883030, -0.341037, -0.115512
0.660857, 0.782053, -0.336638, -0.213934
0.660903, 0.338535, 0.188760, -0.126684
0.661023, 0.183090, 0.631251, 0.161279
0.661026, 0.313283, 0.618465, 0.274353
0.661259, 0.265583, 0.622207, 0.231011
0.661686, 0.936445, -0.341268, -0.062952
0.661948, 0.291952, 0.618809, 0.252603
0.662173, 0.846616, -0.338377, -0.151355
0.662315, 0.195228, 0.631273, 0.171607
0.662331, 0.677900, -0.329092, -0.313371
0.662333, 0.453152, -0.307462, -0.516429
0.662732, 0.372635, -0.293099, -0.581477
0.662795, 0.171237, 0.633953, 0.150925
0.662967, 0.055475, 0.640096, 0.049270
0.663116, 0.523611, -0.315133, -0.455032
0.663233, 0.800412, -0.335318, -0.196326
0.663266, 0.158101, 0.635377, 0.139500
0.663350, 0.988152, -0.340256, -0.011753
0.663402, 0.253398, 0.625721, 0.220652
0.663438, 0.621421, -0.323851, -0.366180
0.663481, 0.418006, -0.301534, -0.546219
0.663666, 0.069685, 0.640277, 0.061840
0.663682, 0.710332, -0.330011, -0.282842
0.663798, 0.659518, -0.326346, -0.330660
0.663960, 0.949634, -0.339248, -0.049928
0.663985, 0.240109, 0.627849, 0.209486
0.664095, 0.487987, -0.310306, -0.486596
0.664240, 0.963832, -0.339223, -0.035871
0.664433, 0.587708, -0.320082, -0.397256
0.664537, 0.811822, -0.334641, -0.185337
0.664731, 0.361009, -0.288283, -0.589725
0.664776, 0.021787, 0.642349, 0.019345
0.665220, 0.744389, -0.330570, -0.250440
0.665266, 0.764061, -0.331573, -0.231538
0.665341, 0.000000, 0.642940, 0.000000
0.665458, 0.146065, 0.638163, 0.128884
0.665514, 0.465512, -0.306306, -0.506234
0.665545, 0.403772, -0.297588, -0.558323
0.665705, 0.545090, -0.315008, -0.436101
0.665864, 0.649433, -0.323645, -0.340213
0.666077, 0.081621, 0.642076, 0.072312
0.666163, 0.206713, 0.633499, 0.181060
0.666165, 0.565524, -0.316518, -0.417652
0.666262, 0.043314, 0.643311, 0.038422
0.666587, 0.348599, -0.224405, -0.539224
0.666706, 0.094613, 0.642069, 0.083738
0.666812, 0.430365, -0.300539, -0.536434
0.666841, 0.689247, -0.325660, -0.303021
0.667007, 0.859844, -0.334207, -0.138567
0.667102, 0.721631, -0.327493, -0.272328
0.667549, 0.511438, -0.309868, -0.466319
0.667610, 0.282328, 0.624806, 0.243792
0.667907, 0.133081, 0.641123, 0.117407
0.667983, 0.632585, -0.320504, -0.356188
0.667995, 0.599858, -0.317856, -0.386437
0.668018, 0.823738, -0.331827, -0.173892
0.668188, 0.107257, 0.642785, 0.094787
0.668239, 0.303975, 0.613444, 0.252842
0.668728, 0.874581, -0.332816, -0.124067
0.668872, 0.119907, 0.642721, 0.105837
0.669021, 0.217780, 0.634655, 0.190128
0.669580, 0.476665, -0.304126, -0.497086
0.669611, 0.902173, -0.332934, -0.096971
0.669624, 0.889269, -0.332443, -0.109655
0.669677, 0.391789, -0.292348, -0.568897
0.669765, 0.976513, -0.334097, -0.023339
0.669793, 0.774937, -0.327758, -0.221247
0.669820, 0.330030, 0.170450, -0.161743
0.669914, 1.000000, -0.333995, 0.000000
0.669999, 0.914868, -0.332924, -0.084453
0.670050, 0.789620, -0.328211, -0.207050
0.670166, 0.668713, -0.321022, -0.322488
0.670352, 0.229782, 0.634347, 0.200065
0.670557, 0.442358, -0.298982, -0.526795
0.670797, 0.533970, -0.309306, -0.446601
0.671009, 0.700717, -0.322484, -0.292445
0.671165, 0.271810, 0.629290, 0.234672
0.671199, 0.835674, -0.329254, -0.162362
0.671267, 0.928014, -0.332001, -0.071473
0.671322, 0.031574, 0.647878, 0.027942
0.671609, 0.576830, -0.312557, -0.407858
0.671720, 0.010436, 0.648466, 0.009234
0.671837, 0.317517, 0.641761, 0.293028
0.671906, 0.611647, -0.315225, -0.375920
0.671986, 0.499334, -0.304594, -0.477499
0.672078, 0.733991, -0.323432, -0.260763
0.672299, 0.754481, -0.324410, -0.241159
0.672455, 0.188766, 0.640428, 0.165130
0.672519, 0.063821, 0.648186, 0.056397
0.673079, 0.380460, -0.287554, -0.578525
0.673438, 0.555034, -0.308930, -0.427865
0.673516, 0.410877, -0.292036, -0.553653
0.673548, 0.178039, 0.642469, 0.155882
0.673734, 0.941319, -0.329781, -0.058310
0.673833, 0.165242, 0.643799, 0.144863
0.673936, 0.260368, 0.633323, 0.224943
0.673940, 0.847226, -0.327098, -0.151172
0.673997, 0.454290, -0.297543, -0.517008
0.674208, 0.643232, -0.315448, -0.346692
0.674390, 0.293075, 0.628904, 0.251888
0.674697, 0.247786, 0.635623, 0.214477
0.674812, 0.802008, -0.324290, -0.195290
0.675062, 0.341165, -0.281755, -0.612341
0.675129, 0.368674, -0.283653, -0.588082
0.675155, 0.954512, -0.328698, -0.045241
0.675283, 0.522110, -0.304059, -0.457653
0.675467, 0.052438, 0.651074, 0.046288
0.675620, 0.152945, 0.646358, 0.134135
0.675687, 0.199372, 0.642159, 0.173847
0.675800, 0.680039, -0.316543, -0.312258
0.675927, 0.988781, -0.328172, -0.011165
0.675966, 0.355758, -0.275935, -0.593622
0.675994, 0.421572, -0.291459, -0.545010
0.675999, 0.589341, -0.309581, -0.396769
0.676060, 0.487770, -0.299689, -0.488118
0.676594, 0.623176, -0.311779, -0.365618
0.676693, 0.656957, -0.314042, -0.333960
0.676965, 0.088622, 0.651151, 0.078045
0.677172, 0.813942, -0.322648, -0.183829
0.677209, 0.075331, 0.651864, 0.066372
0.677391, 0.712382, -0.317156, -0.281744
0.677396, 0.966367, -0.326742, -0.033485
0.677525, 0.140338, 0.648896, 0.123099
0.677705, 0.465541, -0.295673, -0.507714
0.678257, 0.020121, 0.654065, 0.017745
0.678328, 0.857656, -0.323121, -0.141036
0.678464, 0.236555, 0.640297, 0.204737
0.678473, 0.869021, -0.323388, -0.129873
0.678483, 0.399349, -0.286202, -0.564030
0.678565, 0.723730, -0.316651, -0.270937
0.678657, 0.101158, 0.652112, 0.088943
0.678725, 0.765774, -0.318932, -0.230662
0.678881, 0.743755, -0.317523, -0.251803
0.678887, 0.565791, -0.304935, -0.418611
0.678968, 0.544303, -0.302913, -0.438120
0.679025, 0.000000, 0.654792, 0.000000
0.679294, 0.781043, -0.319026, -0.215840
0.679307, 0.041125, 0.654664, 0.036242
0.679310, 0.432666, -0.290155, -0.536134
0.679389, 0.127156, 0.651358, 0.111551
0.679507, 0.305326, 0.592490, 0.223060
0.679513, 0.510139, -0.299027, -0.468744
0.679620, 0.881809, -0.322717, -0.117318
0.679772, 0.210642, 0.644559, 0.182960
0.679784, 0.114190, 0.652445, 0.100255
0.679797, 0.281570, 0.634654, 0.241250
0.679891, 0.690769, -0.313404, -0.302406
0.680098, 0.601525, -0.306804, -0.385916
0.680444, 0.825946, -0.319988, -0.172236
0.680817, 0.894642, -0.321942, -0.104683
0.680864, 0.222864, 0.643950, 0.193052
0.681118, 0.907123, -0.322017, -0.092355
0.681570, 0.327497, -0.250895, -0.598627
0.681585, 0.634064, -0.307928, -0.355853
0.681588, 0.919684, -0.321878, -0.079922
0.681810, 0.669767, -0.310209, -0.322377
0.682129, 0.476405, -0.293036, -0.498746
0.682682, 0.978619, -0.321635, -0.021314
0.682784, 0.444003, -0.288630, -0.526941
0.682836, 0.932557, -0.320969, -0.067171
0.683048, 0.702173, -0.311089, -0.291743
0.683073, 1.000000, -0.321313, 0.000000
0.683146, 0.578653, -0.302103, -0.407192
0.683198, 0.532497, -0.297939, -0.449141
0.683202, 0.792779, -0.315899, -0.204680
0.683346, 0.388225, -0.280473, -0.573983
0.683444, 0.315623, 0.280764, -0.078310
0.683622, 0.837876, -0.317372, -0.160665
0.683779, 0.173866, 0.651370, 0.151408
0.683932, 0.063620, 0.658173, 0.055891
0.683942, 0.269290, 0.639849, 0.230672
0.684159, 0.498408, -0.293622, -0.479590
0.684335, 0.188235, 0.650707, 0.163596
0.684442, 0.029783, 0.659207, 0.026179
0.684460, 0.613587, -0.303716, -0.375130
0.684935, 0.409896, -0.282275, -0.556133
0.685266, 0.256092, 0.642885, 0.219678
0.685267, 0.754115, -0.312013, -0.242204
0.685346, 0.646794, -0.305312, -0.344221
0.685501, 0.350767, -0.272222, -0.604112
0.685635, 0.160817, 0.654202, 0.140128
0.685641, 0.338490, -0.266694, -0.610088
0.685698, 0.732822, -0.310371, -0.262636
0.685775, 0.009717, 0.660664, 0.008535
0.685796, 0.377030, -0.276705, -0.583518
0.685855, 0.945826, -0.318216, -0.054008
0.685894, 0.294660, 0.634998, 0.248946
0.686139, 0.364186, -0.274146, -0.593736
0.686403, 0.455160, -0.286848, -0.517785
0.687066, 0.554793, -0.296519, -0.429426
0.687132, 0.804855, -0.312665, -0.193101
0.687246, 0.849296, -0.314301, -0.149584
0.687342, 0.083546, 0.660291, 0.073186
0.687465, 0.520325, -0.292892, -0.460460
0.687485, 0.148055, 0.656809, 0.129054
0.687600, 0.243746, 0.646783, 0.209466
0.687652, 0.773693, -0.310656, -0.223360
0.687665, 0.051539, 0.661663, 0.045204
0.687675, 0.421578, -0.281510, -0.546623
0.687692, 0.200529, 0.651997, 0.173588
0.687762, 0.591010, -0.298847, -0.396218
0.688106, 0.487014, -0.288885, -0.490055
0.688129, 0.957351, -0.316202, -0.042558
0.688526, 0.659131, -0.303173, -0.332860
0.689089, 0.134943, 0.659100, 0.117667
0.689372, 0.989991, -0.315162, -0.009995
0.689412, 0.682258, -0.303827, -0.311058
0.689422, 0.095058, 0.661649, 0.083123
0.689675, 0.230029, 0.650306, 0.197913
0.689703, 0.862030, -0.312343, -0.137117
0.689730, 0.720048, -0.305806, -0.275105
0.689832, 0.816928, -0.310631, -0.181456
0.690054, 0.107784, 0.661543, 0.094139
0.690133, 0.625301, -0.299287, -0.364657
0.690141, 0.969056, -0.314431, -0.030906
0.690165, 0.568190, -0.294774, -0.417393
0.690305, 0.874475, -0.312227, -0.124880
0.690382, 0.282933, 0.642062, 0.240062
0.690420, 0.465989, -0.284576, -0.508845
0.690894, 0.121388, 0.661341, 0.105848
0.691026, 0.397929, -0.275490, -0.567111
0.691135, 0.073346, 0.663997, 0.064158
0.691317, 0.433499, -0.279923, -0.536987
0.691393, 0.215478, 0.653534, 0.185681
0.691506, 0.542671, -0.291333, -0.440754
0.691543, 0.886856, -0.311436, -0.112685
0.691690, 0.709210, -0.303219, -0.285490
0.691768, 0.508273, -0.287809, -0.471618
0.691991, 0.039818, 0.665597, 0.034853
0.692019, 0.742255, -0.304898, -0.253963
0.692139, 0.603419, -0.295761, -0.385114
0.692326, 0.019118, 0.666241, 0.016735
0.692444, 0.899254, -0.310908, -0.100425
0.692450, 0.694800, -0.301748, -0.299373
0.692627, 0.305797, 0.268020, -0.109305
0.692642, 0.763445, -0.305427, -0.233572
0.692706, 0.911558, -0.310964, -0.088220
0.692809, 0.784806, -0.306247, -0.212833
0.692953, 0.671150, -0.299751, -0.321786
0.693047, 0.829019, -0.308005, -0.169735
0.693153, 0.924042, -0.310802, -0.075815
0.693185, 0.181148, 0.658661, 0.156738
0.693228, 0.000000, 0.667222, 0.000000
0.693539, 0.319349, -0.236995, -0.605977
0.693896, 0.637241, -0.296607, -0.353773
0.694201, 0.936856, -0.310081, -0.063079
0.694551, 0.331054, -0.258203, -0.617931
0.695052, 0.476157, -0.281575, -0.500409
0.695066, 0.580344, -0.291239, -0.406643
0.695121, 0.445368, -0.278066, -0.527270
0.695301, 0.168829, 0.661559, 0.146128
0.695311, 0.530158, -0.286713, -0.452383
0.695348, 0.273512, 0.647517, 0.231606
0.696028, 0.061089, 0.668652, 0.053322
0.696052, 0.410289, -0.272892, -0.557352
0.696055, 0.262280, 0.649700, 0.222289
0.696065, 0.358160, -0.265308, -0.600480
0.696078, 0.344783, -0.262780, -0.610833
0.696172, 0.980788, -0.308561, -0.019214
0.696412, 0.372204, -0.267233, -0.589147
0.696510, 0.796085, -0.303283, -0.202077
0.696524, 0.840966, -0.305085, -0.158122
0.696691, 0.386010, -0.269065, -0.577896
0.696828, 0.496478, -0.282046, -0.482540
0.696848, 0.615715, -0.292314, -0.374096
0.696998, 0.650356, -0.294569, -0.341666
0.697029, 1.000000, -0.307744, 0.000000
0.697302, 0.028629, 0.670320, 0.024991
0.697497, 0.204395, 0.659724, 0.175753
0.697702, 0.250792, 0.653911, 0.213813
0.697707, 0.156580, 0.664748, 0.135545
0.697726, 0.292831, 0.628437, 0.231548
0.697959, 0.729408, -0.298543, -0.266659
0.698396, 0.751979, -0.299343, -0.244960
0.698426, 0.191566, 0.662034, 0.164978
0.698617, 0.559781, -0.286245, -0.425728
0.698898, 0.238203, 0.656613, 0.203340
0.699143, 0.853530, -0.303024, -0.145848
0.699198, 0.144596, 0.666917, 0.125224
0.699222, 0.457110, -0.275819, -0.517563
0.699250, 0.422768, -0.271748, -0.547173
0.699463, 0.592838, -0.288126, -0.395458
0.699571, 0.085117, 0.670812, 0.074058
0.699587, 0.949592, -0.305042, -0.050440
0.699593, 0.808288, -0.300863, -0.190311
0.699709, 0.517528, -0.281528, -0.464116
0.700215, 0.048631, 0.672492, 0.042364
0.700278, 0.774691, -0.298604, -0.223022
0.700452, 0.010841, 0.673390, 0.009450
0.700509, 0.485727, -0.277663, -0.492447
0.700514, 0.224886, 0.659739, 0.192309
0.700520, 0.132742, 0.668843, 0.115002
0.700736, 0.098204, 0.671154, 0.085314
0.700871, 0.866448, -0.301800, -0.133152
0.701010, 0.662595, -0.291565, -0.330379
0.701015, 0.960967, -0.303764, -0.039078
0.701067, 0.110503, 0.670668, 0.095883
0.701396, 0.549965, -0.282921, -0.435015
0.701543, 0.702916, -0.293557, -0.292168
0.701972, 0.688104, -0.292317, -0.306351
0.702380, 0.879101, -0.300740, -0.120672
0.702492, 0.820447, -0.298592, -0.178536
0.702530, 0.399088, -0.265948, -0.567795
0.702576, 0.121636, 0.671315, 0.105359
0.702613, 0.716942, -0.293378, -0.278856
0.702757, 0.676576, -0.290764, -0.317236
0.702782, 0.971764, -0.302095, -0.028281
0.702906, 0.071768, 0.674074, 0.062364
0.702976, 0.570332, -0.283095, -0.416449
0.703254, 0.628135, -0.287220, -0.363010
0.703297, 0.435191, -0.269748, -0.537027
0.703624, 0.891282, -0.299924, -0.108634
0.703818, 0.312719, -0.262687, -0.648451
0.703933, 0.990193, -0.301057, -0.009825
0.704021, 0.282807, 0.653557, 0.239201
0.704082, 0.504918, -0.276360, -0.475782
0.704096, 0.468468, -0.272734, -0.508143
0.704107, 0.605160, -0.284703, -0.384376
0.704192, 0.903347, -0.299688, -0.096652
0.704260, 0.915486, -0.299893, -0.084560
0.704380, 0.538665, -0.279203, -0.445521
0.704417, 0.178572, 0.668339, 0.153504
0.704521, 0.740171, -0.292865, -0.256685
0.704609, 0.300871, -0.164302, -0.559399
0.704662, 0.927592, -0.299722, -0.072484
0.704683, 0.212972, 0.664655, 0.182015
0.704936, 0.762323, -0.293600, -0.235299
0.705108, 0.641789, -0.286332, -0.350250
0.705166, 0.036508, 0.677046, 0.031728
0.705260, 0.337223, -0.254681, -0.618989
0.705425, 0.324453, -0.254726, -0.631385
0.705488, 0.939518, -0.299094, -0.060576
0.705772, 0.832616, -0.295889, -0.166705
0.705975, 0.786534, -0.293772, -0.211842
0.706164, 0.364586, -0.258057, -0.596906
0.706214, 0.350882, -0.255930, -0.608025
0.706838, 0.000000, 0.678909, 0.000000
0.706952, 0.165928, 0.671573, 0.142650
0.706996, 0.582512, -0.280316, -0.405552
0.707044, 0.270357, 0.644283, 0.214585
0.707102, 0.377919, -0.259205, -0.586094
0.707240, 0.412183, -0.263581, -0.557261
0.707382, 0.447348, -0.267563, -0.526987
0.707423, 0.022261, 0.679363, 0.019327
0.707552, 0.526755, -0.275231, -0.456522
0.707669, 0.058493, 0.678650, 0.050721
0.708576, 0.617008, -0.281359, -0.373668
0.708616, 0.199481, 0.669498, 0.170443
0.708719, 0.845178, -0.293493, -0.154431
0.708741, 0.258526, 0.662401, 0.219347
0.708897, 0.799280, -0.291545, -0.199548
0.709248, 0.246665, 0.663049, 0.208152
0.709315, 0.653934, -0.283160, -0.339112
0.709520, 0.479006, -0.268956, -0.499358
0.709813, 0.389943, -0.258573, -0.576482
0.709974, 0.153316, 0.675295, 0.131778
0.710047, 0.234020, 0.666169, 0.198497
0.710281, 0.492191, -0.269558, -0.487730
0.710502, 0.729012, -0.286511, -0.267725
0.710779, 0.857897, -0.291973, -0.141950
0.710815, 0.424938, -0.262017, -0.546760
0.711049, 0.980615, -0.294113, -0.019454
0.711055, 0.750478, -0.287118, -0.247074
0.711067, 0.695162, -0.284088, -0.300198
0.711230, 0.141536, 0.677232, 0.121719
0.711243, 0.080650, 0.680776, 0.069708
0.711269, 1.000000, -0.294016, 0.000000
0.711352, 0.594676, -0.277185, -0.394665
0.711573, 0.092499, 0.680616, 0.079878
0.711721, 0.667826, -0.281740, -0.326121
0.711757, 0.187587, 0.673412, 0.160268
0.711823, 0.772927, -0.287467, -0.225331
0.711911, 0.559567, -0.273995, -0.427081
0.711914, 0.459223, -0.264841, -0.517111
0.711926, 0.514403, -0.270111, -0.467970
0.712008, 0.811825, -0.289065, -0.187394
0.712193, 0.870719, -0.291057, -0.129307
0.712394, 0.291678, 0.003257, -0.406659
0.712442, 0.957173, -0.292637, -0.042997
0.712574, 0.046157, 0.683171, 0.039929
0.712583, 0.104778, 0.680778, 0.090342
0.712584, 0.707935, -0.283366, -0.288076
0.712864, 0.129161, 0.679519, 0.111109
0.712962, 0.221443, 0.670221, 0.187872
0.713542, 0.116251, 0.680900, 0.100079
0.713684, 0.010984, 0.684707, 0.009501
0.714076, 0.635524, -0.277414, -0.356684
0.714154, 0.547524, -0.270944, -0.438250
0.714193, 0.681140, -0.280258, -0.313715
0.714312, 0.968748, -0.290857, -0.031390
0.714348, 0.572226, -0.272715, -0.415635
0.714394, 0.946326, -0.290541, -0.053882
0.714686, 0.402479, -0.256007, -0.566489
0.714706, 0.883748, -0.288985, -0.116427
0.714806, 0.067765, 0.684340, 0.058489
0.714943, 0.305990, -0.229552, -0.632786
0.715085, 0.824197, -0.286593, -0.175369
0.715148, 0.719433, -0.281498, -0.277148
0.715369, 0.437559, -0.259463, -0.536355
0.715728, 0.908189, -0.288672, -0.092109
0.715742, 0.502632, -0.265589, -0.478893
0.715791, 0.342799, -0.246875, -0.616061
0.715811, 0.895822, -0.288275, -0.104447
0.715818, 0.920655, -0.288837, -0.079645
0.715878, 0.329979, -0.244684, -0.626294
0.716075, 0.279162, 0.482950, 0.057444
0.716091, 0.356753, -0.248701, -0.604755
0.716282, 0.032865, 0.686636, 0.028382
0.716307, 0.933217, -0.288534, -0.067064
0.716397, 0.174987, 0.678605, 0.149342
0.716464, 0.605343, -0.273158, -0.385122
0.716484, 0.317378, -0.239765, -0.633984
0.716507, 0.208546, 0.674777, 0.176949
0.716777, 0.535418, -0.267513, -0.449445
0.717202, 0.369646, -0.249599, -0.594337
0.717269, 0.761748, -0.281664, -0.236444
0.717375, 0.782275, -0.282493, -0.216452
0.717720, 0.626307, -0.273373, -0.365580
0.717731, 0.738728, -0.280125, -0.258797
0.717769, 0.470320, -0.260751, -0.507930
0.718054, 0.836770, -0.284195, -0.163094
0.718455, 0.989519, -0.287082, -0.010541
0.718611, 0.162509, 0.681512, 0.138729
0.718644, 0.645736, -0.273758, -0.347389
0.718782, 0.585564, -0.269518, -0.403556
0.718906, 0.415092, -0.253871, -0.556220
0.719076, 0.266772, 0.676510, 0.232481
0.719165, 0.792946, -0.281261, -0.206129
0.719429, 0.522800, -0.264007, -0.461077
0.719516, 0.381798, -0.249281, -0.584558
0.719760, 0.449701, -0.256889, -0.526253
0.720184, 0.056072, 0.689392, 0.048270
0.720326, 0.658543, -0.272994, -0.335449
0.720331, 0.000000, 0.690357, 0.000000
0.720337, 0.243135, 0.673621, 0.205034
0.720417, 0.615625, -0.270080, -0.375706
0.720777, 0.849506, -0.282005, -0.150600
0.720928, 0.482892, -0.259138, -0.497121
0.720934, 0.021486, 0.690799, 0.018506
0.721150, 0.254614, 0.659838, 0.201677
0.721164, 0.196056, 0.680133, 0.166196
0.721273, 0.690930, -0.273984, -0.304712
0.721440, 0.230203, 0.675609, 0.193684
0.721861, 0.804427, -0.279192, -0.195040
0.722417, 0.862097, -0.280861, -0.138187
0.722451, 0.427632, -0.252186, -0.545785
0.722588, 0.137036, 0.687030, 0.117058
0.722698, 0.149659, 0.686013, 0.127633
0.722709, 0.298241, -0.228848, -0.646814
0.722777, 0.393763, -0.248018, -0.574916
0.722835, 0.076463, 0.690753, 0.065642
0.723214, 0.493982, -0.258082, -0.487410
0.723252, 0.087523, 0.690723, 0.075066
0.723256, 0.671343, -0.270976, -0.323496
0.723316, 0.750289, -0.275305, -0.247882
0.723326, 0.874883, -0.280423, -0.125524
0.723377, 0.702473, -0.272614, -0.293798
0.723489, 0.099731, 0.690271, 0.085447
0.723860, 0.123283, 0.689025, 0.105373
0.724337, 0.043615, 0.693201, 0.037470
0.724383, 0.564666, -0.262830, -0.423375
0.724502, 0.509394, -0.258210, -0.473563
0.724559, 0.977787, -0.281243, -0.022392
0.724764, 0.816326, -0.276891, -0.183491
0.724784, 0.596561, -0.264692, -0.393809
0.724802, 0.184248, 0.684426, 0.156113
0.724908, 0.460956, -0.253450, -0.516893
0.724926, 0.217484, 0.680379, 0.183142
0.725005, 0.553854, -0.261430, -0.433346
0.725155, 0.964424, -0.280464, -0.035850
0.725161, 1.000000, -0.280727, 0.000000
0.725199, 0.727652, -0.272257, -0.269761
0.725271, 0.286946, -0.246561, -0.676825
0.725367, 0.714327, -0.271386, -0.282585
0.725422, 0.772610, -0.274247, -0.226221
0.725453, 0.348549, -0.239782, -0.612801
0.725470, 0.111567, 0.691311, 0.095378
0.725471, 0.576644, -0.262638, -0.412313
0.725520, 0.952885, -0.279959, -0.047465
0.726280, 0.940358, -0.279066, -0.060078
0.726538, 0.334860, -0.236911, -0.624205
0.726984, 0.914069, -0.277930, -0.086494
0.727012, 0.926946, -0.278136, -0.073569
0.727085, 0.542645, -0.258612, -0.443714
0.727221, 0.323041, -0.234457, -0.633679
0.727236, 0.010569, 0.696192, 0.009069
0.727239, 0.406060, -0.245633, -0.564979
0.727283, 0.901454, -0.277340, -0.099133
0.727287, 0.361207, -0.240006, -0.602669
0.727355, 0.888611, -0.276941, -0.111971
0.727564, 0.828557, -0.274677, -0.171567
0.727670, 0.440295, -0.248922, -0.535276
0.727672, 0.635415, -0.264585, -0.357736
0.727722, 0.309696, -0.231975, -0.644318
0.728084, 0.066095, 0.695688, 0.056596
0.728302, 0.682232, -0.266803, -0.313453
0.728574, 0.275174, 0.035395, -0.405521
0.728789, 0.172485, 0.688999, 0.146026
0.728835, 0.530762, -0.256029, -0.454622
0.728850, 0.205058, 0.685128, 0.172576
0.729052, 0.031975, 0.697484, 0.027399
0.729274, 0.373248, -0.239905, -0.592919
0.729332, 0.762100, -0.270046, -0.236698
0.729707, 0.609442, -0.260922, -0.382121
0.729722, 0.648772, -0.263491, -0.345308
0.729791, 0.160998, 0.690830, 0.136436
0.729859, 0.784102, -0.270505, -0.215245
0.729987, 0.474076, -0.250133, -0.505727
0.730272, 0.841032, -0.272532, -0.159351
0.730376, 0.739355, -0.267954, -0.258822
0.730501, 0.518453, -0.253470, -0.465859
0.730521, 0.622616, -0.260994, -0.369823
0.730565, 0.239147, 0.680158, 0.198294
0.730901, 0.418348, -0.243816, -0.554821
0.731253, 0.262906, 0.518902, 0.063472
0.731619, 0.990206, -0.274451, -0.009897
0.731684, 0.661371, -0.262371, -0.333493
0.731877, 0.500399, -0.250712, -0.482275
0.731899, 0.795993, -0.269116, -0.203750
0.732019, 0.385302, -0.239057, -0.583122
0.732236, 0.586517, -0.256990, -0.403622
0.732380, 0.054429, 0.699721, 0.046508
0.732754, 0.129677, 0.695972, 0.110117
0.732874, 0.450616, -0.245372, -0.526859
0.733044, 0.853518, -0.270279, -0.147074
0.733121, 0.226984, 0.685875, 0.190036
0.733544, 0.694078, -0.262415, -0.302413
0.733605, 0.250487, 0.701680, 0.228532
0.733665, 0.877928, -0.270367, -0.122757
0.733799, 0.486536, -0.247858, -0.495075
0.733902, 0.431096, -0.242506, -0.544022
0.734019, 0.092618, 0.699390, 0.078860
0.734030, 0.000000, 0.701922, 0.000000
0.734035, 0.865417, -0.269667, -0.135257
0.734081, 0.141870, 0.696141, 0.120190
0.734112, 0.192350, 0.691023, 0.161661
0.734218, 0.297220, -0.225847, -0.656294
0.734503, 0.020904, 0.702239, 0.017854
0.734554, 0.078602, 0.700626, 0.066977
0.734567, 0.808002, -0.267054, -0.192091
0.735411, 0.340727, -0.230469, -0.620671
0.735447, 0.397605, -0.237545, -0.573075
0.735578, 0.750956, -0.263464, -0.247813
0.735701, 0.572609, -0.252818, -0.416815
0.735758, 0.706501, -0.261013, -0.290696
0.736002, 0.105256, 0.700462, 0.089414
0.736048, 0.600772, -0.254380, -0.390640
0.736166, 0.969532, -0.269916, -0.030803
0.736193, 0.463261, -0.243578, -0.515945
0.736262, 0.719074, -0.261225, -0.278680
0.736285, 0.673607, -0.258661, -0.322107
0.736326, 0.152902, 0.696896, 0.129138
0.736747, 0.042788, 0.703686, 0.036475
0.736865, 0.560647, -0.250889, -0.427948
0.737052, 0.352144, -0.230627, -0.611427
0.737137, 0.981253, -0.269001, -0.018961
0.737157, 0.214696, 0.690623, 0.179398
0.737266, 0.820254, -0.264931, -0.180140
0.737302, 0.118385, 0.700622, 0.100355
0.737302, 0.946888, -0.268510, -0.053679
0.737315, 0.933888, -0.268304, -0.066787
0.737473, 0.317560, -0.225477, -0.639792
0.737543, 0.285215, -0.212664, -0.657372
0.737937, 0.958329, -0.268022, -0.042134
0.737982, 0.920778, -0.267408, -0.080000
0.738060, 0.549299, -0.248943, -0.438448
0.738128, 0.180310, 0.695702, 0.151436
0.738569, 0.774299, -0.261581, -0.225171
0.738665, 0.908610, -0.266445, -0.092237
0.738780, 0.896184, -0.266070, -0.104718
0.738786, 0.730600, -0.259379, -0.267695
0.739176, 0.536879, -0.246969, -0.449868
0.739211, 0.363663, -0.230295, -0.602178
0.739225, 0.510614, -0.244864, -0.473704
0.739320, 0.640964, -0.253914, -0.353303
0.739497, 1.000000, -0.266752, 0.000000
0.739660, 0.328959, -0.225338, -0.630893
0.739778, 0.066308, 0.705508, 0.056350
0.739826, 0.628604, -0.252611, -0.364875
0.739848, 0.410564, -0.235151, -0.562461
0.739883, 0.832737, -0.262877, -0.167919
0.740294, 0.762798, -0.259405, -0.236485
0.740408, 0.524196, -0.244847, -0.461489
0.740523, 0.272877, -0.248658, -0.706617
0.740716, 0.202209, 0.694882, 0.168740
0.740870, 0.306725, -0.221296, -0.649222
0.741017, 0.010314, 0.707786, 0.008773
0.741131, 0.166871, 0.699640, 0.140169
0.741157, 0.614385, -0.250477, -0.378322
0.741278, 0.375181, -0.229948, -0.592807
0.741487, 0.238205, 0.680510, 0.187993
0.741625, 0.684539, -0.254168, -0.312014
0.741714, 0.885205, -0.262725, -0.115714
0.741785, 0.652723, -0.252234, -0.342300
0.741837, 0.439687, -0.236317, -0.537242
0.741879, 0.787017, -0.259041, -0.212985
0.742069, 0.031365, 0.708443, 0.026654
0.742158, 0.424390, -0.234538, -0.550670
0.742372, 0.591555, -0.247798, -0.399610
0.742444, 0.475659, -0.239081, -0.505530
0.742519, 0.845437, -0.260794, -0.155443
0.742558, 0.497718, -0.240806, -0.485691
0.743130, 0.260329, 0.057276, -0.411071
0.743402, 0.664757, -0.251342, -0.330927
0.743532, 0.131676, 0.704802, 0.110972
0.743676, 0.742376, -0.255174, -0.256492
0.743949, 0.086486, 0.708009, 0.073189
0.744036, 0.386785, -0.228930, -0.583329
0.744170, 0.451879, -0.235421, -0.526846
0.744335, 0.054198, 0.709736, 0.045949
0.744388, 0.799293, -0.257167, -0.201083
0.744412, 0.580171, -0.245202, -0.410456
0.744436, 0.225861, 0.696942, 0.189644
0.744474, 0.871595, -0.259664, -0.129418
0.745219, 0.697838, -0.251423, -0.299483
0.745657, 0.858404, -0.258234, -0.142685
0.745984, 0.487457, -0.236839, -0.495194
0.746216, 0.340339, -0.221452, -0.622478
0.746407, 0.098000, 0.709472, 0.082711
0.746574, 0.989545, -0.259897, -0.010601
0.746660, 0.248636, 0.483166, 0.000270
0.746726, 0.295107, -0.214254, -0.658730
0.746777, 0.143930, 0.706384, 0.120819
0.746983, 0.811544, -0.255148, -0.189137
0.747080, 0.398233, -0.227542, -0.573867
0.747225, 0.189640, 0.701760, 0.157925
0.747246, 0.464176, -0.233727, -0.516123
0.747405, 0.155692, 0.705667, 0.130390
0.747410, 0.975181, -0.258973, -0.025171
0.747621, 0.710709, -0.249823, -0.287309
0.747670, 0.567965, -0.241330, -0.421994
0.747737, 0.110769, 0.709762, 0.093293
0.747745, 0.603234, -0.243501, -0.389104
0.747788, 0.941014, -0.258247, -0.059778
0.747862, 0.000000, 0.713528, 0.000000
0.748003, 0.075966, 0.711956, 0.064169
0.748168, 0.020519, 0.713685, 0.017368
0.748230, 0.352514, -0.221293, -0.612583
0.748346, 0.927558, -0.257479, -0.073384
0.748559, 0.753910, -0.250960, -0.245506
0.748656, 0.721905, -0.249388, -0.276578
0.748988, 0.213491, 0.701082, 0.177830
0.749041, 0.042345, 0.713946, 0.035804
0.749217, 0.318127, -0.215994, -0.641047
0.749487, 0.543384, -0.237902, -0.444707
0.749552, 0.823858, -0.253128, -0.177080
0.749557, 0.283019, -0.212634, -0.671142
0.749781, 0.556157, -0.238560, -0.433061
0.749808, 0.175956, 0.705507, 0.146602
0.749991, 0.963873, -0.256353, -0.036655
0.750067, 0.903420, -0.255262, -0.097750
0.750167, 0.674586, -0.245360, -0.321899
0.750255, 0.636573, -0.243129, -0.357939
0.750256, 0.622986, -0.242388, -0.370838
0.750260, 0.915829, -0.255296, -0.085237
0.750325, 0.952857, -0.255892, -0.047819
0.750355, 0.122482, 0.710985, 0.102831
0.750575, 0.530422, -0.235949, -0.456625
0.750592, 0.517478, -0.234988, -0.468449
0.750882, 0.364808, -0.220530, -0.602656
0.750989, 0.766832, -0.249191, -0.233036
0.751049, 0.408686, -0.225124, -0.565151
0.751094, 0.506038, -0.233662, -0.478877
0.751264, 0.778877, -0.249578, -0.221385
0.751698, 0.419748, -0.225636, -0.555561
0.751797, 0.201797, 0.703730, 0.167036
0.751823, 0.734297, -0.246915, -0.264741
0.752053, 0.432660, -0.226594, -0.544453
0.752059, 0.836103, -0.251155, -0.165056
0.752238, 0.270176, -0.200939, -0.673820
0.752327, 0.892208, -0.252621, -0.109018
0.752425, 0.064529, 0.716104, 0.054380
0.752736, 0.647544, -0.241392, -0.347718
0.752740, 0.329263, -0.214600, -0.632520
0.752838, 0.306532, -0.211338, -0.650870
0.752895, 0.688573, -0.243544, -0.308769
0.753209, 0.376875, -0.219912, -0.592745
0.753219, 0.235940, 0.700158, 0.196384
0.753275, 0.660135, -0.241598, -0.335838
0.753463, 0.590982, -0.237318, -0.400880
0.753520, 0.880455, -0.251131, -0.120843
0.753625, 1.000000, -0.253139, 0.000000
0.754374, 0.791085, -0.247077, -0.209559
0.754515, 0.848219, -0.249199, -0.153112
0.754735, 0.444592, -0.225308, -0.534245
0.754742, 0.163504, 0.710888, 0.136009
0.754971, 0.010218, 0.719446, 0.008610
0.755001, 0.481473, -0.228166, -0.501353
0.755040, 0.611963, -0.237165, -0.381446
0.755203, 0.030957, 0.719382, 0.026073
0.755450, 0.135826, 0.714186, 0.113423
0.755745, 0.258376, -0.231362, -0.717567
0.755759, 0.868117, -0.248596, -0.133276
0.755890, 0.223561, 0.721285, 0.201538
0.755931, 0.087822, 0.717891, 0.073698
0.755982, 0.470886, -0.226376, -0.510815
0.756001, 0.456172, -0.225173, -0.524068
0.756218, 0.578961, -0.233979, -0.412275
0.756243, 0.495786, -0.228118, -0.488462
0.756299, 0.981479, -0.250318, -0.018828
0.756358, 0.388969, -0.218491, -0.582761
0.756772, 0.702499, -0.240501, -0.295595
0.756811, 0.052974, 0.720124, 0.044532
0.756924, 0.803242, -0.245118, -0.197732
0.757250, 0.341959, -0.212431, -0.622568
0.757338, 0.745743, -0.242070, -0.253873
0.757391, 0.102084, 0.718180, 0.085459
0.757641, 0.934558, -0.248479, -0.066467
0.758757, 0.293497, -0.204863, -0.662373
0.758976, 0.246370, -0.093559, -0.590359
0.758992, 0.184148, 0.711717, 0.152157
0.759036, 0.149757, 0.715763, 0.124449
0.759337, 0.858754, -0.244767, -0.142733
0.759392, 0.815490, -0.243200, -0.185749
0.759526, 0.567584, -0.230126, -0.423008
0.759568, 0.354699, -0.211979, -0.612193
0.759610, 0.631240, -0.233912, -0.363535
0.759921, 0.725464, -0.238577, -0.273619
0.760172, 0.400507, -0.216333, -0.573209
0.760262, 0.075488, 0.722076, 0.063213
0.760324, 0.195725, 0.711868, 0.161705
0.760536, 0.600606, -0.231253, -0.392388
0.760561, 0.547419, -0.227871, -0.441777
0.760606, 0.946403, -0.245802, -0.054512
0.760675, 0.535288, -0.226947, -0.452944
0.760692, 0.969882, -0.245983, -0.030658
0.760725, 0.757918, -0.239358, -0.242214
0.760812, 0.279959, -0.200893, -0.673048
0.760827, 0.113767, 0.720223, 0.094881
0.760856, 0.679724, -0.235398, -0.317637
0.761130, 0.714153, -0.236955, -0.284715
0.761208, 0.909785, -0.244551, -0.091618
0.761379, 0.522065, -0.225403, -0.465165
0.761425, 0.210305, 0.709993, 0.172522
0.761541, 0.991018, -0.245284, -0.009145
0.761556, 0.041508, 0.724296, 0.034792
0.761632, 0.923135, -0.244392, -0.078121
0.761678, 0.318357, -0.205784, -0.642587
0.761727, 0.000000, 0.725131, 0.000000
0.761926, 0.667405, -0.233725, -0.329451
0.761977, 0.020529, 0.725151, 0.017211
0.761997, 0.827766, -0.241113, -0.173689
0.762103, 0.771230, -0.238613, -0.229289
0.762313, 0.125580, 0.720397, 0.104458
0.762434, 0.509469, -0.223479, -0.476605
0.762574, 0.171927, 0.716102, 0.141902
0.762608, 0.413012, -0.215386, -0.562570
0.762670, 0.557670, -0.226533, -0.432377
0.762749, 0.367476, -0.210694, -0.601791
0.762762, 0.425488, -0.216401, -0.551690
0.763199, 0.898442, -0.242211, -0.103067
0.763432, 0.305364, -0.202640, -0.653393
0.763623, 0.619979, -0.229455, -0.374395
0.763926, 0.693576, -0.233093, -0.304466
0.763937, 0.958250, -0.242806, -0.042538
0.764155, 0.654192, -0.230861, -0.342112
0.764229, 0.783157, -0.237111, -0.217754
0.764397, 0.642081, -0.229887, -0.353472
0.764503, 0.840064, -0.239115, -0.161573
0.764564, 0.486689, -0.219832, -0.497369
0.764568, 0.437966, -0.215918, -0.540949
0.764638, 0.331457, -0.204989, -0.632319
0.764667, 0.463158, -0.217891, -0.518471
0.764847, 0.268421, -0.197836, -0.684524
0.764857, 0.063605, 0.726383, 0.053128
0.764970, 0.886501, -0.240100, -0.115109
0.765155, 0.379788, -0.209919, -0.591577
0.765199, 0.736989, -0.234011, -0.262730
0.765292, 0.588274, -0.226015, -0.404208
0.765364, 0.874899, -0.239354, -0.126760
0.765456, 0.233955, 0.270036, -0.243132
0.765947, 0.094763, 0.725692, 0.078888
0.766363, 0.221919, 0.696377, 0.167076
0.766519, 0.139279, 0.722761, 0.115257
0.767048, 0.795179, -0.234877, -0.206081
0.767213, 0.159884, 0.721148, 0.131768
0.767656, 0.450815, -0.214244, -0.529886
0.768115, 0.851762, -0.235960, -0.150032
0.768153, 0.256909, -0.186616, -0.687020
0.768289, 0.344679, -0.203456, -0.621688
0.768321, 0.475502, -0.215550, -0.507726
0.768438, 0.498316, -0.217163, -0.487208
0.768470, 1.000000, -0.238500, 0.000000
0.768824, 0.030605, 0.730627, 0.025525
0.768859, 0.609389, -0.223869, -0.384656
0.768875, 0.935309, -0.237501, -0.065908
0.768879, 0.576360, -0.221906, -0.415522
0.768943, 0.010859, 0.731037, 0.009061
0.769033, 0.392004, -0.207758, -0.581453
0.769039, 0.979966, -0.237917, -0.020448
0.769246, 0.083772, 0.729011, 0.069643
0.769336, 0.052113, 0.730452, 0.043414
0.769439, 0.807318, -0.233052, -0.194234
0.769695, 0.287268, -0.195062, -0.668753
0.770256, 0.704390, -0.227532, -0.294441
0.770483, 0.749060, -0.229516, -0.251362
0.770615, 0.202147, 0.722290, 0.168906
0.770676, 0.245852, -0.165846, -0.678302
0.770788, 0.357784, -0.202766, -0.610909
0.770853, 0.865176, -0.233597, -0.136639
0.770992, 0.105703, 0.729079, 0.087553
0.771162, 0.725631, -0.227645, -0.273974
0.771257, 0.914808, -0.234776, -0.086759
0.771261, 0.685162, -0.225568, -0.312883
0.771316, 0.630039, -0.222677, -0.365355
0.771329, 0.529842, -0.216653, -0.458625
0.771417, 0.542753, -0.217394, -0.446721
0.771477, 0.179614, 0.722115, 0.146978
0.771587, 0.763238, -0.229000, -0.237518
0.771633, 0.190073, 0.722771, 0.157087
0.771852, 0.819437, -0.231168, -0.182347
0.772106, 0.404493, -0.206230, -0.570914
0.772512, 0.297708, -0.194191, -0.660728
0.772638, 0.673301, -0.223675, -0.324339
0.772866, 0.947349, -0.233956, -0.053766
0.773036, 0.128853, 0.728788, 0.106234
0.773075, 0.597793, -0.219208, -0.395789
0.773123, 0.149378, 0.726964, 0.122744
0.773342, 0.565250, -0.216992, -0.426044
0.773395, 0.311266, -0.195210, -0.649876
0.773531, 0.072312, 0.733106, 0.059976
0.773571, 0.968515, -0.233540, -0.032189
0.773646, 0.518280, -0.213718, -0.469333
0.773682, 0.416668, -0.205922, -0.560429
0.773939, 0.116966, 0.730407, 0.096523
0.773959, 0.040636, 0.734522, 0.033753
0.773976, 0.323432, -0.196219, -0.640043
0.774114, 0.661470, -0.221663, -0.335715
0.774255, 0.428945, -0.206461, -0.549671
0.774283, 0.553808, -0.215380, -0.436637
0.774385, 0.276604, -0.189966, -0.678151
0.774397, 0.831910, -0.229126, -0.170053
0.774492, 0.775205, -0.226703, -0.225966
0.774535, 0.714793, -0.223925, -0.284695
0.774731, 0.371047, -0.200746, -0.600033
0.774778, 0.903417, -0.230969, -0.098340
0.774833, 0.214066, 0.718750, 0.175219
0.775180, 0.000000, 0.736219, 0.000000
0.775230, 0.507975, -0.211577, -0.478906
0.775230, 0.463961, -0.208394, -0.518654
0.775488, 0.925003, -0.230872, -0.076517
0.775554, 0.892133, -0.229985, -0.109794
0.775731, 0.989962, -0.231496, -0.010270
0.775994, 0.169133, 0.726923, 0.138076
0.776037, 0.487603, -0.209394, -0.497414
0.776280, 0.649686, -0.218933, -0.346970
0.776298, 0.022051, 0.736970, 0.018295
0.776453, 0.441420, -0.205532, -0.538873
0.776779, 0.619354, -0.216862, -0.375711
0.776841, 0.335685, -0.195215, -0.630190
0.776923, 0.878609, -0.228192, -0.123425
0.777158, 0.787241, -0.224614, -0.214282
0.777179, 0.383103, -0.199795, -0.589951
0.777319, 0.738317, -0.222270, -0.262014
0.777363, 0.639506, -0.217397, -0.356739
0.777483, 0.843871, -0.226526, -0.158258
0.777505, 0.585547, -0.214314, -0.407518
0.777628, 0.237521, -0.178769, -0.704992
0.777668, 0.225873, 0.027791, -0.505025
0.777761, 0.695023, -0.219733, -0.303716
0.777776, 0.264579, -0.184926, -0.687481
0.778097, 0.094261, 0.735685, 0.077744
0.778119, 0.060807, 0.737369, 0.050296
0.778321, 0.957958, -0.228893, -0.043046
0.779557, 0.348554, -0.194293, -0.619656
0.779658, 0.799395, -0.222695, -0.202455
0.779689, 0.856374, -0.224812, -0.145857
0.779996, 0.139059, 0.733495, 0.113813
0.780123, 0.756073, -0.220289, -0.244834
0.780158, 0.453351, -0.203130, -0.528575
0.780552, 0.476455, -0.204489, -0.507891
0.781134, 0.396162, -0.197519, -0.578962
0.781150, 0.936136, -0.225581, -0.065320
0.781220, 0.252233, -0.180694, -0.697683
0.781281, 0.158269, 0.732438, 0.128940
0.781403, 0.536453, -0.207677, -0.453191
0.781684, 0.607859, -0.211572, -0.386823
0.781730, 0.361820, -0.193772, -0.608597
0.781840, 0.082153, 0.739304, 0.067638
0.781961, 0.573442, -0.209391, -0.419044
0.782039, 0.498967, -0.204695, -0.487624
0.782100, 0.811239, -0.220788, -0.190872
0.782141, 0.011017, 0.741863, 0.009101
0.782183, 0.048477, 0.741128, 0.040001
0.782244, 0.979087, -0.225104, -0.021439
0.782287, 0.205682, 0.754365, 0.195552
0.782337, 0.287700, -0.184932, -0.670289
0.782390, 0.681871, -0.214651, -0.316609
0.782399, 0.193855, 0.738633, 0.166742
0.782609, 1.000000, -0.224803, 0.000000
0.782697, 0.727431, -0.216460, -0.272728
0.782871, 0.302176, -0.186293, -0.658599
0.783283, 0.912709, -0.222911, -0.089174
0.783545, 0.033940, 0.742746, 0.027993
0.783670, 0.181170, 0.731807, 0.146917
0.783764, 0.868437, -0.221201, -0.133895
0.783773, 0.105245, 0.739295, 0.086288
0.783938, 0.823821, -0.219477, -0.178481
0.784008, 0.524974, -0.204580, -0.464040
0.784341, 0.668778, -0.212170, -0.329289
0.784484, 0.629961, -0.210048, -0.366113
0.784540, 0.407470, -0.195509, -0.569489
0.784564, 0.547999, -0.205413, -0.442715
0.784604, 0.315801, -0.186458, -0.647604
0.784605, 0.419602, -0.196434, -0.558745
0.784667, 0.127416, 0.738210, 0.104066
0.784753, 0.704898, -0.213488, -0.294667
0.784919, 0.767480, -0.216099, -0.233916
0.785050, 0.596155, -0.207731, -0.397994
0.785735, 0.431967, -0.196410, -0.547907
0.785746, 0.887989, -0.219833, -0.114264
0.785862, 0.746866, -0.214304, -0.254091
0.785902, 0.116453, 0.740057, 0.095173
0.785972, 0.946951, -0.221117, -0.054386
0.786067, 0.716548, -0.212702, -0.283436
0.786205, 0.560686, -0.204651, -0.431149
0.786331, 0.274558, -0.179937, -0.681255
0.786461, 0.655759, -0.209501, -0.341837
0.786552, 0.070625, 0.743785, 0.057988
0.786726, 0.327576, -0.185989, -0.638106
0.786808, 0.465765, -0.197992, -0.517917
0.786900, 0.512125, -0.201051, -0.475938
0.786970, 0.778906, -0.214626, -0.222871
0.787171, 0.836433, -0.216725, -0.166024
0.787173, 0.968443, -0.220250, -0.032398
0.787261, 0.375206, -0.190255, -0.597667
0.787574, 0.147601, 0.738581, 0.119828
0.787709, 0.241943, -0.172585, -0.705118
0.787862, 0.923918, -0.218748, -0.077912
0.787991, 0.900402, -0.217978, -0.101776
0.788113, 0.488401, -0.198374, -0.497604
0.788267, 0.217013, -0.016101, -0.566494
0.788326, 0.387634, -0.190433, -0.587010
0.788403, 0.168942, 0.736453, 0.136338
0.788485, 0.000000, 0.747063, 0.000000
0.788837, 0.229672, -0.159526, -0.703749
0.788899, 0.339706, -0.185418, -0.628155
0.788920, 0.443467, -0.194433, -0.537987
0.789085, 0.022360, 0.747382, 0.018365
0.789182, 0.618344, -0.204978, -0.377388
0.789437, 0.642636, -0.205930, -0.354367
0.789481, 0.583973, -0.202852, -0.409631
0.789482, 0.691973, -0.208247, -0.307257
0.789543, 0.989479, -0.218050, -0.010814
0.789771, 0.791774, -0.212401, -0.210334
0.789939, 0.261892, -0.175373, -0.691792
0.790010, 0.848403, -0.214383, -0.154198
0.790116, 0.092065, 0.745454, 0.075204
0.790443, 0.058074, 0.747513, 0.047576
0.790652, 0.352465, -0.185178, -0.617480
0.791220, 0.736598, -0.208613, -0.264315
0.791342, 0.877791, -0.214019, -0.124720
0.791789, 0.957606, -0.215660, -0.043582
0.792167, 0.859251, -0.212596, -0.143386
0.792248, 0.294837, -0.177685, -0.665704
0.792479, 0.455102, -0.192060, -0.527876
0.792514, 0.364821, -0.184718, -0.607029
0.792668, 0.536859, -0.197173, -0.453540
0.792784, 0.803153, -0.209938, -0.199280
0.792811, 0.203617, 0.482786, -0.083781
0.792873, 0.758027, -0.207926, -0.243540
0.792920, 0.044666, 0.749924, 0.036548
0.792964, 0.477852, -0.193201, -0.507473
0.793193, 0.678399, -0.204023, -0.320465
0.793392, 0.934888, -0.213557, -0.066843
0.793507, 0.136326, 0.744392, 0.110319
0.793620, 0.308573, -0.178108, -0.654521
0.793758, 0.190769, 0.771484, 0.187534
0.793865, 0.500927, -0.193876, -0.486596
0.793873, 0.571568, -0.198053, -0.421549
0.793923, 0.815921, -0.209330, -0.186704
0.794342, 0.606494, -0.199416, -0.388780
0.794639, 0.156924, 0.742984, 0.126392
0.794803, 0.081088, 0.749797, 0.066059
0.794875, 0.522565, -0.194302, -0.466948
0.794883, 0.398253, -0.185550, -0.578329
0.795020, 0.250563, -0.169646, -0.701214
0.795022, 0.282668, -0.173952, -0.675928
0.795167, 0.010971, 0.752418, 0.008967
0.795176, 0.911992, -0.211284, -0.090240
0.795621, 0.422864, -0.186842, -0.556774
0.795653, 0.665124, -0.201054, -0.333332
0.795753, 0.725375, -0.203647, -0.275348
0.795758, 0.101362, 0.749247, 0.082306
0.795790, 0.828951, -0.207978, -0.173826
0.795803, 0.550132, -0.195038, -0.441575
0.795926, 0.411088, -0.185686, -0.567301
0.795946, 0.629998, -0.199066, -0.366705
0.796086, 0.978835, -0.211576, -0.021794
0.796439, 0.178901, 0.740398, 0.142277
0.796467, 1.000000, -0.211295, 0.000000
0.796610, 0.033085, 0.753278, 0.027000
0.796631, 0.594783, -0.196607, -0.399859
0.796784, 0.112818, 0.749139, 0.091378
0.797116, 0.712893, -0.201795, -0.287519
0.797288, 0.125046, 0.748472, 0.101047
0.797369, 0.890294, -0.208474, -0.112292
0.797465, 0.701246, -0.200945, -0.298777
0.797499, 0.320592, -0.176145, -0.645013
0.797910, 0.783081, -0.204027, -0.219219
0.798183, 0.770183, -0.203265, -0.231928
0.798217, 0.433407, -0.185260, -0.547513
0.798245, 0.652310, -0.197969, -0.345721
0.798352, 0.384237, -0.181335, -0.590865
0.798635, 0.068141, 0.753617, 0.055397
0.798663, 0.867927, -0.206430, -0.134859
0.798664, 0.945691, -0.208621, -0.055892
0.798706, 0.467244, -0.187206, -0.517369
0.798926, 0.270323, -0.169269, -0.686335
0.799268, 0.332420, -0.175843, -0.635317
0.799381, 0.237699, -0.166108, -0.713544
0.799507, 0.746664, -0.200941, -0.254913
0.799544, 0.225199, -0.172255, -0.731169
0.799574, 0.561266, -0.192090, -0.431434
0.799804, 0.842801, -0.204403, -0.160070
0.800056, 0.490098, -0.187455, -0.496814
0.800250, 0.345539, -0.176255, -0.624275
0.800297, 0.511257, -0.188557, -0.477610
0.800564, 0.923385, -0.206292, -0.078772
0.800593, 0.212972, -0.179435, -0.749118
0.800689, 0.968250, -0.206965, -0.032734
0.800737, 0.372677, -0.178228, -0.600925
0.800911, 0.167101, 0.745597, 0.132784
0.801012, 0.617424, -0.193601, -0.378879
0.801057, 0.688216, -0.196835, -0.311424
0.801152, 0.581770, -0.191690, -0.412426
0.801152, 0.144866, 0.749458, 0.116191
0.801237, 0.444653, -0.183335, -0.537731
0.801796, 0.000000, 0.757766, 0.000000
0.801860, 0.901808, -0.204493, -0.100806
0.802088, 0.055189, 0.756921, 0.044779
0.802138, 0.358512, -0.175793, -0.613318
0.802159, 0.021567, 0.757918, 0.017523
0.802370, 0.640334, -0.193409, -0.357280
0.802488, 0.531447, -0.187650, -0.459094
0.802589, 0.301563, -0.169858, -0.661273
0.803313, 0.258728, -0.164284, -0.696144
0.803330, 0.989019, -0.204556, -0.011337
0.803659, 0.794572, -0.198811, -0.208127
0.803754, 0.199693, 0.113346, -0.466812
0.803925, 0.854738, -0.200865, -0.148357
0.804043, 0.956514, -0.203552, -0.044870
0.804170, 0.091675, 0.756685, 0.073985
0.804191, 0.735358, -0.195860, -0.266105
0.804206, 0.674898, -0.193187, -0.324356
0.804223, 0.879626, -0.201407, -0.123306
0.804236, 0.807958, -0.198857, -0.195018
0.804318, 0.456328, -0.181327, -0.527495
0.804648, 0.757690, -0.196381, -0.244422
0.804788, 0.290315, -0.166818, -0.670865
0.805169, 0.479339, -0.182053, -0.506868
0.805203, 0.543062, -0.185738, -0.448496
0.805380, 0.043786, 0.759932, 0.035452
0.805459, 0.820899, -0.198118, -0.182201
0.806111, 0.405610, -0.176156, -0.572833
0.806143, 0.078387, 0.758926, 0.063242
0.806181, 0.934369, -0.200972, -0.067646
0.806196, 0.187764, 0.617447, 0.023744
0.806545, 0.419977, -0.176829, -0.560198
0.806656, 0.833896, -0.197372, -0.169265
0.806685, 0.312720, -0.167581, -0.652432
0.806717, 0.392610, -0.174623, -0.584292
0.807028, 0.605170, -0.187170, -0.390576
0.807127, 0.593005, -0.186517, -0.402099
0.807225, 0.500629, -0.181474, -0.487722
0.807277, 0.105535, 0.758060, 0.084771
0.807286, 0.661948, -0.189648, -0.336936
0.807427, 0.133074, 0.755510, 0.106381
0.807431, 0.722462, -0.192120, -0.278724
0.807434, 0.570867, -0.185128, -0.422864
0.807473, 0.155196, 0.753361, 0.123923
0.807569, 0.246464, -0.159470, -0.706529
0.807848, 0.278269, -0.162949, -0.681003
0.808106, 0.520741, -0.181802, -0.469319
0.808126, 0.119216, 0.757505, 0.095453
0.808150, 0.628298, -0.187255, -0.368934
0.808315, 0.780766, -0.193661, -0.221909
0.808331, 0.913247, -0.198373, -0.089319
0.808528, 0.010517, 0.763130, 0.008499
0.808727, 0.710045, -0.190310, -0.290765
0.809391, 0.697789, -0.189141, -0.302614
0.809432, 0.554725, -0.182414, -0.438030
0.809434, 0.176240, 0.765980, 0.154900
0.809485, 0.432854, -0.175101, -0.549049
0.809495, 0.031975, 0.763574, 0.025807
0.809952, 0.338919, -0.167311, -0.630848
0.810013, 0.891688, -0.196089, -0.111301
0.810087, 1.000000, -0.197966, 0.000000
0.810396, 0.325436, -0.165696, -0.642306
0.810472, 0.867940, -0.194893, -0.135347
0.810497, 0.468369, -0.176441, -0.517037
0.810503, 0.978237, -0.197470, -0.022525
0.810555, 0.064908, 0.763186, 0.052228
0.810591, 0.380196, -0.170213, -0.595350
0.810778, 0.650024, -0.185716, -0.348438
0.810785, 0.221532, -0.153503, -0.726155
0.810963, 0.768786, -0.190610, -0.233822
0.811082, 0.233345, -0.154505, -0.716775
0.811091, 0.366344, -0.168659, -0.607378
0.811611, 0.351967, -0.167016, -0.619841
0.811622, 0.944864, -0.195783, -0.056964
0.812340, 0.208416, -0.145283, -0.730705
0.812378, 0.266422, -0.157909, -0.691155
0.812579, 0.684535, -0.185454, -0.315484
0.812907, 0.616671, -0.182123, -0.380128
0.812939, 0.445148, -0.172783, -0.538284
0.813056, 0.745446, -0.187640, -0.256773
0.813081, 0.489922, -0.175402, -0.497803
0.813288, 0.164318, 0.743955, 0.118269
0.813425, 0.966572, -0.194346, -0.034599
0.813522, 0.582498, -0.179918, -0.412308
0.813634, 0.844061, -0.190829, -0.159367
0.814077, 0.532576, -0.176830, -0.458693
0.814101, 0.924739, -0.192948, -0.077708
0.814201, 0.300857, -0.160088, -0.663173
0.814230, 0.510389, -0.175505, -0.479186
0.814265, 0.145643, 0.759294, 0.115253
0.814808, 0.802446, -0.188157, -0.200867
0.815328, 0.054207, 0.767515, 0.043470
0.815342, 0.638281, -0.180770, -0.359805
0.815362, 0.000000, 0.768605, 0.000000
0.815486, 0.020759, 0.768537, 0.016669
0.815494, 0.903136, -0.191049, -0.099849
0.815572, 0.671587, -0.182009, -0.328075
0.815610, 0.456729, -0.171040, -0.527896
0.815762, 0.815452, -0.187662, -0.187970
0.815878, 0.732403, -0.184265, -0.269485
0.815895, 0.857189, -0.189206, -0.146408
0.815905, 0.955276, -0.191692, -0.046296
0.816000, 0.412258, -0.167770, -0.567624
0.816003, 0.196228, -0.171223, -0.769199
0.816064, 0.757091, -0.185039, -0.245388
0.816105, 0.086007, 0.766331, 0.068694
0.816262, 0.255103, -0.153459, -0.700682
0.816282, 0.829096, -0.187615, -0.174383
0.816308, 0.789824, -0.186171, -0.213373
0.816332, 0.287717, -0.156971, -0.674182
0.816386, 0.564139, -0.176256, -0.429509
0.816494, 0.098121, 0.765821, 0.078203
0.816547, 0.880871, -0.189288, -0.122481
0.816786, 0.989946, -0.191275, -0.010430
0.816985, 0.398442, -0.165927, -0.579949
0.817465, 0.042400, 0.769513, 0.033958
0.817483, 0.073607, 0.768168, 0.058797
0.817643, 0.544436, -0.174097, -0.447934
0.817814, 0.595358, -0.176416, -0.400426
0.817814, 0.314824, -0.158381, -0.651855
0.817898, 0.478628, -0.170262, -0.508269
0.818440, 0.111374, 0.766281, 0.088445
0.818596, 0.424944, -0.166300, -0.556590
0.819014, 0.184204, 0.133109, -0.474462
0.819142, 0.124193, 0.765408, 0.098238
0.819289, 0.718958, -0.180331, -0.282603
0.819510, 0.242042, -0.149259, -0.711393
0.819782, 0.659423, -0.177376, -0.339850
0.819813, 0.135179, 0.764796, 0.106703
0.820058, 0.935972, -0.187253, -0.066288
0.820187, 0.333955, -0.158061, -0.635931
0.820221, 0.606487, -0.174650, -0.390133
0.820222, 0.387323, -0.162252, -0.589971
0.820332, 0.706510, -0.178787, -0.294656
0.820387, 0.274689, -0.152267, -0.685326
0.820600, 0.777265, -0.181429, -0.225907
0.820624, 0.521559, -0.170117, -0.469249
0.820738, 0.694032, -0.177874, -0.306690
0.820831, 0.373545, -0.160688, -0.602010
0.821094, 0.359627, -0.159380, -0.614043
0.821118, 0.500065, -0.168516, -0.489029
0.821145, 0.216993, -0.144766, -0.731019
0.821149, 0.627309, -0.174634, -0.370377
0.821584, 0.574741, -0.171808, -0.419819
0.821618, 0.914983, -0.185275, -0.087905
0.821722, 0.345832, -0.157726, -0.625926
0.821846, 0.437749, -0.164181, -0.545388
0.821882, 0.171223, 0.681825, 0.058530
0.822279, 0.010454, 0.774049, 0.008343
0.822412, 0.156499, 0.776762, 0.135515
0.822487, 0.465863, -0.165266, -0.520023
0.822557, 0.030803, 0.773893, 0.024565
0.822574, 0.870706, -0.182899, -0.132917
0.822941, 0.892455, -0.183327, -0.110945
0.823365, 0.228510, -0.144538, -0.722373
0.823379, 0.647351, -0.173387, -0.351556
0.823481, 0.555001, -0.169101, -0.438431
0.824080, 0.981202, -0.183910, -0.019532
0.824182, 0.971171, -0.183706, -0.029948
0.824243, 1.000000, -0.183870, 0.000000
0.824398, 0.680948, -0.173788, -0.319466
0.824515, 0.765852, -0.177017, -0.237136
0.824918, 0.324678, -0.153214, -0.644307
0.824977, 0.305446, -0.151446, -0.660336
0.825143, 0.064017, 0.774811, 0.050818
0.825186, 0.205094, -0.142453, -0.743039
0.825386, 0.836574, -0.178936, -0.167339
0.825390, 0.451109, -0.161772, -0.533646
0.825484, 0.617253, -0.170026, -0.380121
0.825728, 0.848758, -0.179065, -0.155177
0.825740, 0.947095, -0.181756, -0.054902
0.825815, 0.533746, -0.165847, -0.458234
0.825818, 0.404428, -0.158427, -0.575221
0.825830, 0.740766, -0.174809, -0.261783
0.826007, 0.489214, -0.163354, -0.499121
0.826131, 0.586603, -0.168024, -0.408958
0.826319, 0.797622, -0.176510, -0.206038
0.826337, 0.294171, -0.149261, -0.669887
0.826377, 0.752204, -0.174697, -0.250629
0.826401, 0.264047, -0.146216, -0.694641
0.826485, 0.809888, -0.176805, -0.193900
0.826592, 0.822930, -0.177181, -0.180946
0.826595, 0.959095, -0.181092, -0.042488
0.827340, 0.728124, -0.172783, -0.274062
0.827428, 0.510721, -0.163193, -0.479615
0.827455, 0.144345, 0.772103, 0.115488
0.827509, 0.090991, 0.774846, 0.071820
0.827578, 0.860997, -0.177596, -0.142893
0.827713, 0.669634, -0.170060, -0.330387
0.827731, 0.078065, 0.776005, 0.061712
0.827735, 0.926814, -0.179479, -0.075908
0.827782, 0.251979, -0.143795, -0.704432
0.827817, 0.051689, 0.777389, 0.040961
0.828057, 0.282072, -0.146660, -0.679987
0.828072, 0.416370, -0.157185, -0.564814
0.828278, 0.104017, 0.774392, 0.081819
0.828459, 0.193330, -0.140675, -0.754459
0.828517, 0.904629, -0.178167, -0.098711
0.828968, 0.000000, 0.779359, 0.000000
0.828977, 0.635618, -0.167441, -0.362897
0.829377, 0.020827, 0.779500, 0.016507
0.829387, 0.785178, -0.173018, -0.218467
0.829428, 0.476396, -0.159475, -0.510931
0.829763, 0.040770, 0.779232, 0.032268
0.829902, 0.881615, -0.176020, -0.122160
0.829919, 0.117573, 0.774650, 0.092382
0.829929, 0.566213, -0.163484, -0.428235
0.830334, 0.598561, -0.164535, -0.397937
0.830509, 0.179862, -0.131449, -0.756089
0.830693, 0.380468, -0.152473, -0.596743
0.830711, 0.545087, -0.161780, -0.447996
0.830730, 0.428334, -0.155535, -0.554381
0.830827, 0.366524, -0.151363, -0.608865
0.830870, 0.238412, -0.139809, -0.715712
0.831154, 0.352302, -0.150033, -0.621220
0.831422, 0.393749, -0.152742, -0.585226
0.831469, 0.714099, -0.168189, -0.287845
0.831652, 0.314193, -0.146545, -0.653590
0.831734, 0.130700, 0.773242, 0.100922
0.831738, 0.989689, -0.176380, -0.010743
0.831771, 0.701723, -0.167352, -0.299702
0.831996, 0.689727, -0.166666, -0.311269
0.832104, 0.337807, -0.148090, -0.633691
0.832140, 0.216057, -0.136362, -0.733518
0.832203, 0.657252, -0.165206, -0.342456
0.832350, 0.166183, 0.402612, -0.232534
0.832726, 0.523038, -0.158824, -0.468496
0.832913, 0.463152, -0.155537, -0.523139
0.833550, 0.440299, -0.153679, -0.543850
0.833813, 0.939120, -0.173671, -0.063340
0.834019, 0.609993, -0.161484, -0.387335
0.834282, 0.774359, -0.167676, -0.229201
0.834621, 0.577863, -0.159532, -0.417570
0.834721, 0.916536, -0.172298, -0.086672
0.834820, 0.499898, -0.155723, -0.489880
0.835187, 0.272992, -0.139892, -0.688346
0.835455, 0.154248, 0.772250, 0.120729
0.835544, 0.894222, -0.170826, -0.109542
0.835635, 0.623658, -0.160478, -0.374462
0.835752, 0.965790, -0.172162, -0.035680
0.835769, 0.646487, -0.161275, -0.352797
0.835957, 0.761013, -0.165561, -0.242419
0.835994, 0.010544, 0.784814, 0.008304
0.836410, 0.870429, -0.169114, -0.133687
0.836484, 0.031390, 0.784863, 0.024693
0.836516, 0.556709, -0.156799, -0.437431
0.836599, 0.227207, -0.134014, -0.725278
0.836936, 0.830169, -0.167157, -0.174144
0.836954, 0.843070, -0.167608, -0.161249
0.837026, 0.301040, -0.140869, -0.665181
0.837027, 0.451943, -0.151142, -0.533525
0.837054, 0.325617, -0.142844, -0.644362
0.837058, 0.406264, -0.148478, -0.574486
0.837202, 0.069974, 0.783759, 0.054834
0.837437, 0.486640, -0.152600, -0.502081
0.837533, 0.817072, -0.166059, -0.187182
0.837571, 0.057608, 0.784638, 0.045187
0.837634, 0.856036, -0.167369, -0.148235
0.837647, 0.977594, -0.170360, -0.023387
0.837684, 0.287742, -0.139150, -0.676233
0.837741, 0.724879, -0.162347, -0.277523
0.837761, 0.203494, -0.130434, -0.743872
0.837985, 0.804410, -0.165096, -0.199701
0.838009, 0.792697, -0.164633, -0.211274
0.838035, 0.679156, -0.160320, -0.321619
0.838185, 0.737426, -0.162379, -0.265356
0.838218, 0.534750, -0.154198, -0.457925
0.838253, 1.000000, -0.169982, 0.000000
0.838260, 0.248270, -0.134920, -0.708610
0.838464, 0.748547, -0.162570, -0.254630
0.838537, 0.083486, 0.783960, 0.065219
0.838591, 0.952680, -0.169173, -0.049373
0.838807, 0.096134, 0.783079, 0.074931
0.838928, 0.667144, -0.159000, -0.333198
0.838989, 0.589606, -0.155858, -0.406766
0.839035, 0.188941, -0.130241, -0.757571
0.839365, 0.141982, 0.793082, 0.124616
0.839417, 0.260246, -0.135176, -0.699055
0.839589, 0.512769, -0.151890, -0.478309
0.839862, 0.108928, 0.782600, 0.084449
0.840068, 0.418770, -0.146515, -0.563561
0.840605, 0.929005, -0.166733, -0.073971
0.840845, 0.474366, -0.148801, -0.513376
0.840849, 0.359861, -0.142065, -0.615348
0.840976, 0.373386, -0.142860, -0.603552
0.841185, 0.044330, 0.788140, 0.034675
0.841275, 0.634503, -0.155477, -0.364473
0.841545, 0.346702, -0.140541, -0.626803
0.841607, 0.905956, -0.165133, -0.097735
0.841727, 0.386242, -0.143028, -0.592385
0.841800, 0.175752, -0.153378, -0.794118
0.842078, 0.121080, 0.784091, 0.094592
0.842276, 0.883990, -0.163722, -0.120151
0.842495, 0.000000, 0.789927, 0.000000
0.842800, 0.313041, -0.136924, -0.655481
0.842851, 0.692539, -0.156099, -0.308947
0.842889, 0.568862, -0.151247, -0.426346
0.843013, 0.021293, 0.790166, 0.016645
0.843019, 0.430315, -0.144494, -0.553421
0.843048, 0.704803, -0.156384, -0.297187
0.843147, 0.601407, -0.152348, -0.395846
0.843253, 0.546676, -0.149958, -0.447067
0.843731, 0.215732, -0.127059, -0.735082
0.843961, 0.237899, -0.129248, -0.717566
0.844388, 0.783061, -0.157958, -0.221053
0.844760, 0.716150, -0.155134, -0.286321
0.844813, 0.334476, -0.136812, -0.637501
0.844817, 0.163335, -0.065718, -0.716298
0.844855, 0.131315, 0.780774, 0.098187
0.844931, 0.463473, -0.144463, -0.523445
0.844990, 0.988584, -0.163327, -0.011970
0.845045, 0.397623, -0.140761, -0.582570
0.845377, 0.524456, -0.146983, -0.467803
0.845406, 0.769232, -0.156485, -0.234746
0.845421, 0.614109, -0.150659, -0.383953
0.845749, 0.441687, -0.142611, -0.543318
0.845889, 0.657294, -0.151788, -0.342778
0.846094, 0.941983, -0.161562, -0.060659
0.846458, 0.965355, -0.161506, -0.036284
0.846563, 0.279437, -0.130998, -0.683984
0.846602, 0.493448, -0.144398, -0.496332
0.846853, 0.645681, -0.150440, -0.353954
0.847375, 0.918587, -0.159700, -0.084904
0.847557, 0.268651, -0.129227, -0.692916
0.847594, 0.580591, -0.147240, -0.415598
0.847693, 0.862706, -0.157558, -0.141891
0.847843, 0.505086, -0.143782, -0.485717
0.847891, 0.196173, -0.121795, -0.750797
0.847965, 0.836418, -0.156354, -0.168317
0.848150, 0.874713, -0.157487, -0.129741
0.848240, 0.292467, -0.130675, -0.673322
0.848324, 0.849438, -0.156445, -0.155264
0.848330, 0.730492, -0.152037, -0.272391
0.848354, 0.151294, 0.359074, -0.303010
0.848372, 0.756396, -0.153067, -0.247418
0.848378, 0.823179, -0.155458, -0.181537
0.848567, 0.453271, -0.140608, -0.532935
0.848610, 0.810029, -0.154731, -0.194590
0.848751, 0.076501, 0.792144, 0.059154
0.848768, 0.559062, -0.145227, -0.435736
0.848773, 0.895117, -0.157606, -0.109047
0.848803, 0.410296, -0.138105, -0.571534
0.848901, 0.033335, 0.794405, 0.025874
0.849161, 0.302871, -0.130706, -0.664607
0.849237, 0.064167, 0.793275, 0.049660
0.849273, 0.625364, -0.147371, -0.373469
0.849341, 0.052947, 0.793937, 0.041027
0.849350, 0.796237, -0.153449, -0.208211
0.849471, 0.670674, -0.148804, -0.330194
0.849474, 0.010790, 0.795282, 0.008379
0.849486, 0.250641, -0.125999, -0.707810
0.849708, 0.322114, -0.131682, -0.648424
0.849739, 0.227523, -0.123540, -0.726446
0.850107, 0.089133, 0.792311, 0.068709
0.850114, 0.682898, -0.148648, -0.318561
0.850188, 0.101484, 0.791189, 0.078106
0.850325, 0.481736, -0.140377, -0.507202
0.850520, 0.536548, -0.142638, -0.456795
0.851289, 0.366776, -0.133297, -0.610010
0.851298, 0.743752, -0.149650, -0.259752
0.851303, 0.977242, -0.156981, -0.023919
0.851345, 0.184638, -0.118391, -0.760701
0.851605, 0.206386, -0.119853, -0.743107
0.851655, 1.000000, -0.156745, 0.000000
0.851854, 0.592330, -0.143614, -0.404756
0.851907, 0.954090, -0.156021, -0.048176
0.852216, 0.114332, 0.790158, 0.086266
0.852238, 0.354843, -0.131707, -0.620459
0.852362, 0.379437, -0.133106, -0.598906
0.852848, 0.139594, 0.704380, 0.026374
0.853041, 0.422181, -0.134914, -0.561180
0.853146, 0.931187, -0.154248, -0.072029
0.853482, 0.515519, -0.138931, -0.476316
0.853589, 0.343263, -0.129767, -0.630556
0.854014, 0.908037, -0.152731, -0.095961
0.854070, 0.172365, -0.114661, -0.769959
0.854196, 0.470342, -0.136238, -0.517728
0.854343, 0.696245, -0.144938, -0.305822
0.854460, 0.636859, -0.142726, -0.362670
0.854795, 0.777406, -0.147374, -0.227004
0.854868, 0.260789, -0.122491, -0.700173
0.855029, 0.389895, -0.131334, -0.589919
0.855082, 0.604789, -0.140970, -0.393132
0.855338, 0.548842, -0.138557, -0.445527
0.855532, 0.707884, -0.144203, -0.294713
0.855563, 0.720410, -0.144594, -0.282573
0.855698, 0.434064, -0.133104, -0.550662
0.855742, 0.043464, 0.799344, 0.033467
0.855841, 0.000000, 0.800234, 0.000000
0.855876, 0.022279, 0.800020, 0.017170
0.855959, 0.571583, -0.138851, -0.424298
0.856118, 0.239724, -0.119578, -0.717265
0.856418, 0.217692, -0.117211, -0.734792
0.856482, 0.310628, -0.125023, -0.658645
0.856492, 0.125987, 0.818594, 0.121792
0.856586, 0.884314, -0.149342, -0.120285
0.857196, 0.285181, -0.122528, -0.680075
0.857301, 0.331141, -0.125726, -0.641225
0.857621, 0.160648, -0.127621, -0.795628
0.857653, 0.402338, -0.129659, -0.579004
0.857704, 0.650067, -0.140010, -0.350157
0.857712, 0.765392, -0.144062, -0.238926
0.857954, 0.446530, -0.131639, -0.539490
0.858118, 0.498846, -0.133861, -0.491857
0.858274, 0.527072, -0.134907, -0.465897
0.858283, 0.988682, -0.150074, -0.011936
0.858326, 0.661895, -0.139843, -0.338958
0.858362, 0.616516, -0.138231, -0.382183
0.858620, 0.788311, -0.143913, -0.216385
0.858802, 0.830047, -0.145227, -0.175060
0.858805, 0.857094, -0.146150, -0.147911
0.858852, 0.459344, -0.131409, -0.527916
0.858952, 0.966094, -0.149105, -0.035704
0.859046, 0.843379, -0.145439, -0.161717
0.859049, 0.870531, -0.146340, -0.134323
0.859096, 0.943334, -0.148573, -0.059542
0.859096, 0.803487, -0.143941, -0.201385
0.859473, 0.733917, -0.141145, -0.269531
0.859722, 0.816362, -0.143813, -0.188708
0.859896, 0.069334, 0.800915, 0.052964
0.859903, 0.273542, -0.119347, -0.690055
0.859912, 0.488517, -0.131742, -0.501424
0.860047, 0.920401, -0.147000, -0.083374
0.860377, 0.195196, -0.111771, -0.752819
0.860411, 0.561517, -0.134199, -0.433850
0.860636, 0.583219, -0.134824, -0.413646
0.860832, 0.081567, 0.800902, 0.062199
0.860886, 0.897654, -0.145460, -0.106815
0.860930, 0.674527, -0.137717, -0.326946
0.861000, 0.753435, -0.140359, -0.250706
0.861184, 0.297592, -0.120070, -0.669978
0.861513, 0.148998, -0.105200, -0.783888
0.861534, 0.055853, 0.803118, 0.042670
0.861565, 0.413391, -0.126705, -0.569462
0.861591, 0.105078, 0.799355, 0.079860
0.861716, 0.686819, -0.137360, -0.315177
0.862009, 0.093748, 0.801047, 0.071469
0.862038, 0.373565, -0.124147, -0.604695
0.862487, 0.628285, -0.134632, -0.371147
0.862523, 0.011197, 0.805247, 0.008566
0.862533, 0.033068, 0.804831, 0.025278
0.862567, 0.250440, -0.115253, -0.709273
0.862726, 0.229616, -0.113296, -0.725930
0.862857, 0.508048, -0.129775, -0.483503
0.862876, 0.319811, -0.120144, -0.651307
0.862926, 0.538893, -0.130968, -0.455127
0.863046, 0.181925, -0.108381, -0.763401
0.863534, 0.362421, -0.122184, -0.614528
0.863746, 0.476815, -0.127653, -0.512252
0.864121, 0.207071, -0.110041, -0.744042
0.864139, 0.595542, -0.131894, -0.402186
0.864506, 0.136719, 0.290499, -0.397859
0.864510, 0.351543, -0.120684, -0.624026
0.864942, 0.977629, -0.143288, -0.023643
0.865125, 1.000000, -0.143219, 0.000000
0.865305, 0.955093, -0.142567, -0.047368
0.865368, 0.340256, -0.119256, -0.633861
0.865407, 0.115127, 0.800339, 0.086793
0.865658, 0.426711, -0.123634, -0.557722
0.866065, 0.932561, -0.141259, -0.070920
0.866184, 0.394576, -0.121560, -0.586371
0.866274, 0.742971, -0.134707, -0.261003
0.866302, 0.641129, -0.131338, -0.359034
0.866325, 0.724104, -0.134014, -0.279290
0.866717, 0.775823, -0.135364, -0.228934
0.866777, 0.909588, -0.139878, -0.094732
0.866831, 0.170381, -0.104918, -0.773222
0.866940, 0.712111, -0.133055, -0.291011
0.867031, 0.700051, -0.132547, -0.302592
0.867086, 0.518878, -0.126237, -0.473751
0.867190, 0.383069, -0.120049, -0.596526
0.867195, 0.440098, -0.122844, -0.545722
0.867199, 0.262868, -0.112415, -0.699420
0.867309, 0.550791, -0.127240, -0.444203
0.867680, 0.796661, -0.135083, -0.208424
0.867749, 0.607652, -0.128823, -0.390880
0.867988, 0.466413, -0.123270, -0.521935
0.868174, 0.285834, -0.113294, -0.680414
0.868184, 0.219359, -0.107967, -0.734622
0.868632, 0.044729, 0.808969, 0.033906
0.868684, 0.888548, -0.137234, -0.116343
0.868715, 0.308110, -0.114343, -0.661700
0.868951, 0.000000, 0.810161, 0.000000
0.869167, 0.022255, 0.810100, 0.016887
0.869259, 0.877534, -0.136315, -0.127606
0.869319, 0.574095, -0.126102, -0.422311
0.869400, 0.823601, -0.134303, -0.181832
0.869449, 0.850544, -0.135181, -0.154879
0.869474, 0.653797, -0.128659, -0.347079
0.869510, 0.452497, -0.121266, -0.534656
0.869639, 0.239469, -0.108533, -0.718765
0.869666, 0.864167, -0.135423, -0.141147
0.869750, 0.836816, -0.134405, -0.168657
0.870006, 0.763882, -0.131690, -0.240771
0.870051, 0.125642, 0.589459, -0.113988
0.870305, 0.328698, -0.114247, -0.644137
0.870436, 0.158543, -0.102768, -0.784283
0.870510, 0.064494, 0.809295, 0.048737
0.870664, 0.665508, -0.127883, -0.335966
0.871087, 0.619636, -0.125983, -0.379646
0.871257, 0.497247, -0.121460, -0.493794
0.871266, 0.562887, -0.123875, -0.432985
0.871297, 0.809550, -0.131913, -0.195855
0.871391, 0.530295, -0.122601, -0.463379
0.871607, 0.485193, -0.120667, -0.504913
0.871679, 0.189845, -0.102417, -0.758080
0.871810, 0.988864, -0.136418, -0.011807
0.872052, 0.404242, -0.116737, -0.578069
0.872122, 0.966631, -0.135845, -0.035329
0.872162, 0.416800, -0.117228, -0.566861
0.872220, 0.076203, 0.809009, 0.056613
0.872342, 0.944370, -0.135195, -0.058742
0.872389, 0.785643, -0.130031, -0.219525
0.872627, 0.689401, -0.126660, -0.312982
0.872637, 0.677449, -0.126303, -0.324535
0.872843, 0.274758, -0.108567, -0.690034
0.872901, 0.921817, -0.134013, -0.082249
0.872920, 0.088328, 0.811703, 0.068687
0.873146, 0.586466, -0.122894, -0.411024
0.873424, 0.101965, 0.810898, 0.079012
0.873660, 0.733004, -0.126994, -0.270871
0.874094, 0.200431, -0.101533, -0.750043
0.874149, 0.371240, -0.113209, -0.607290
0.874194, 0.297172, -0.108933, -0.671354
0.874215, 0.147034, -0.120983, -0.815283
0.874360, 0.899001, -0.131806, -0.105818
0.874569, 0.251954, -0.105459, -0.708959
0.874610, 0.632398, -0.122951, -0.367610
0.874648, 0.751720, -0.126635, -0.252764
0.875558, 0.033714, 0.814564, 0.025358
0.875565, 0.509123, -0.117894, -0.483190
0.875636, 0.011160, 0.815114, 0.008402
0.875692, 0.542073, -0.118935, -0.452593
0.876005, 0.054682, 0.813997, 0.041057
0.876022, 0.360197, -0.110966, -0.617024
0.876060, 0.318468, -0.108635, -0.653304
0.876117, 0.434441, -0.114397, -0.551194
0.876371, 0.349149, -0.110068, -0.626635
0.876648, 0.598725, -0.119918, -0.399606
0.876655, 0.179129, -0.097527, -0.766922
0.876685, 0.212764, -0.100580, -0.740605
0.876790, 0.227854, -0.101749, -0.728566
0.876961, 0.136381, -0.111547, -0.815606
0.877045, 0.338176, -0.108884, -0.636250
0.877565, 0.391348, -0.111154, -0.589866
0.877688, 0.114619, 0.743413, 0.023051
0.877700, 0.720010, -0.122590, -0.283640
0.877887, 0.460815, -0.113846, -0.527370
0.878015, 0.474483, -0.114280, -0.515029
0.878412, 0.645402, -0.119642, -0.355357
0.878611, 0.977874, -0.129414, -0.023512
0.878728, 1.000000, -0.129413, 0.000000
0.878830, 0.707761, -0.121107, -0.295541
0.878851, 0.955768, -0.128825, -0.046898
0.879116, 0.798191, -0.123592, -0.207253
0.879209, 0.933697, -0.127923, -0.070052
0.879393, 0.911006, -0.127078, -0.093624
0.879469, 0.167100, -0.094371, -0.776626
0.879683, 0.554188, -0.115533, -0.441415
0.879754, 0.264149, -0.102021, -0.699336
0.879828, 0.521134, -0.114298, -0.472247
0.879845, 0.858074, -0.124865, -0.147617
0.880021, 0.844142, -0.124228, -0.161643
0.880064, 0.819010, -0.123342, -0.186714
0.880068, 0.445958, -0.111244, -0.540998
0.880068, 0.872381, -0.125109, -0.133149
0.880100, 0.773807, -0.121881, -0.231366
0.880289, 0.424685, -0.110147, -0.560086
0.880437, 0.611043, -0.116626, -0.388058
0.880481, 0.286368, -0.102873, -0.680843
0.880731, 0.379695, -0.107745, -0.600273
0.880945, 0.830852, -0.122823, -0.174927
0.880994, 0.696889, -0.118601, -0.306001
0.881118, 0.886429, -0.124519, -0.118908
0.881180, 0.741619, -0.119779, -0.262781
0.881511, 0.240880, -0.098903, -0.718564
0.881783, 0.307988, -0.103067, -0.662618
0.881840, 0.658220, -0.116670, -0.343246
0.881854, 0.567246, -0.113867, -0.429243
0.881917, 0.761099, -0.119649, -0.243839
0.882065, 0.000000, 0.819958, 0.000000
0.882140, 0.487907, -0.110929, -0.502908
0.882158, 0.022511, 0.819776, 0.016806
0.882454, 0.044527, 0.819222, 0.033141
0.882571, 0.578635, -0.113565, -0.418685
0.882653, 0.066931, 0.818348, 0.049926
0.882671, 0.411219, -0.107421, -0.572402
0.883051, 0.623408, -0.114454, -0.376422
0.883107, 0.669843, -0.115773, -0.332193
0.883146, 0.127253, -0.104255, -0.819628
0.883610, 0.154913, -0.091153, -0.787373
0.883643, 0.683399, -0.115602, -0.319086
0.883702, 0.092039, 0.829036, 0.080552
0.883996, 0.329123, -0.102312, -0.644528
0.884066, 0.533253, -0.110683, -0.461130
0.884109, 0.499991, -0.109531, -0.491963
0.884286, 0.190437, -0.092609, -0.758889
0.884297, 0.079062, 0.815167, 0.055265
0.884317, 0.786086, -0.118041, -0.219490
0.885332, 0.809507, -0.117725, -0.196343
0.885437, 0.399946, -0.104426, -0.582597
0.885460, 0.989001, -0.122504, -0.011728
0.885655, 0.966924, -0.122064, -0.035210
0.885740, 0.104597, 0.800805, 0.064737
0.885775, 0.203682, -0.092555, -0.748757
0.885866, 0.945082, -0.121409, -0.058279
0.885869, 0.275798, -0.097636, -0.690071
0.885937, 0.923094, -0.120727, -0.081256
0.885941, 0.728765, -0.114654, -0.275434
0.886049, 0.590423, -0.110568, -0.407700
0.886304, 0.899419, -0.119692, -0.105806
0.886381, 0.217900, -0.093194, -0.737450
0.886447, 0.636487, -0.111507, -0.364037
0.886682, 0.253542, -0.095513, -0.708577
0.887145, 0.366618, -0.101402, -0.612171
0.887309, 0.297675, -0.097711, -0.671706
0.887368, 0.454755, -0.104826, -0.533245
0.887698, 0.141819, -0.085563, -0.796233
0.887926, 0.354131, -0.100108, -0.623044
0.888063, 0.342066, -0.099398, -0.633524
0.888118, 0.545592, -0.107213, -0.449758
0.888214, 0.512160, -0.106068, -0.480856
0.888426, 0.435188, -0.103102, -0.550918
0.888652, 0.011267, 0.824741, 0.008336
0.888734, 0.467115, -0.104011, -0.522079
0.888836, 0.033626, 0.824346, 0.024833
0.888870, 0.177047, -0.087852, -0.769721
0.888871, 0.319215, -0.097537, -0.653375
0.888909, 0.230721, -0.092095, -0.727373
0.889089, 0.056408, 0.823710, 0.041773
0.889175, 0.602427, -0.107895, -0.396474
0.889274, 0.750810, -0.111995, -0.254179
0.889422, 0.715620, -0.110824, -0.288302
0.889980, 0.117725, -0.043830, -0.771629
0.889996, 0.850788, -0.114291, -0.155293
0.890079, 0.864674, -0.114645, -0.141275
0.890367, 0.650077, -0.108052, -0.351208
0.890417, 0.388706, -0.099438, -0.592769
0.890514, 0.478864, -0.102774, -0.511478
0.890646, 0.420316, -0.100514, -0.564582
0.890953, 0.836870, -0.112880, -0.169296
0.891187, 0.878262, -0.113972, -0.127548
0.891223, 0.558477, -0.104632, -0.437812
0.891311, 0.798409, -0.111292, -0.207431
0.891470, 0.912058, -0.114759, -0.092893
0.891685, 0.165793, -0.084701, -0.778498
0.892026, 0.765516, -0.109605, -0.239781
0.892168, 0.822444, -0.111178, -0.183706
0.892229, 0.703611, -0.107678, -0.299923
0.892264, 0.691619, -0.107277, -0.311346
0.892299, 0.978110, -0.115398, -0.023392
0.892389, 0.524475, -0.102503, -0.469566
0.892444, 1.000000, -0.115363, 0.000000
0.892516, 0.265559, -0.091393, -0.699013
0.892577, 0.955984, -0.114772, -0.046918
0.892658, 0.934517, -0.114152, -0.069510
0.892703, 0.377518, -0.096906, -0.602779
0.893009, 0.676296, -0.106199, -0.326321
0.893051, 0.614857, -0.104473, -0.384797
0.893235, 0.287213, -0.092043, -0.680922
0.893694, 0.737732, -0.107169, -0.266975
0.893714, 0.570861, -0.102604, -0.426303
0.893741, 0.243423, -0.088983, -0.717345
0.893742, 0.776091, -0.108230, -0.229580
0.893944, 0.491374, -0.099984, -0.500154
0.894312, 0.445452, -0.098077, -0.542012
0.894506, 0.890253, -0.110979, -0.115442
0.894614, 0.626795, -0.103275, -0.373533
0.894670, 0.131051, -0.075347, -0.800800
0.894764, 0.309163, -0.091895, -0.662298
0.894965, 0.662866, -0.103915, -0.339248
0.895023, 0.408002, -0.096046, -0.575806
0.895118, 0.000000, 0.829531, 0.000000
0.895157, 0.082964, 0.814106, 0.048943
0.895167, 0.068872, 0.827534, 0.050850
0.895260, 0.022479, 0.829397, 0.016502
0.895291, 0.094755, 0.874110, 0.121576
0.895348, 0.045218, 0.828553, 0.033008
0.895407, 0.152445, -0.080565, -0.789006
0.895740, 0.582441, -0.100986, -0.415516
0.895978, 0.332244, -0.091960, -0.642422
0.896208, 0.787797, -0.106032, -0.218061
0.896230, 0.184982, -0.082771, -0.764158
0.896292, 0.196258, -0.083601, -0.755295
0.896452, 0.536964, -0.099011, -0.458072
0.896633, 0.208763, -0.084250, -0.745467
0.896860, 0.503469, -0.097626, -0.489137
0.897380, 0.108166, 0.021081, -0.719742
0.897665, 0.809410, -0.105207, -0.196820
0.897711, 0.640205, -0.100577, -0.360760
0.897781, 0.428885, -0.094284, -0.557077
0.897836, 0.221138, -0.084141, -0.735662
0.898006, 0.724354, -0.102508, -0.280106
0.898757, 0.357354, -0.090623, -0.620731
0.898838, 0.457786, -0.094313, -0.531030
0.898943, 0.594153, -0.098202, -0.404557
0.898981, 0.276917, -0.086577, -0.689910
0.899055, 0.396209, -0.091928, -0.586476
0.899157, 0.902165, -0.106537, -0.103321
0.899166, 0.924053, -0.107118, -0.080577
0.899184, 0.344825, -0.089711, -0.631765
0.899217, 0.989146, -0.108347, -0.011639
0.899235, 0.967248, -0.108104, -0.035057
0.899259, 0.255516, -0.085133, -0.707723
0.899650, 0.757635, -0.101710, -0.247694
0.899774, 0.944975, -0.107099, -0.058691
0.900011, 0.549792, -0.095977, -0.446214
0.900100, 0.298812, -0.086763, -0.671467
0.900205, 0.369211, -0.089834, -0.610473
0.900434, 0.321864, -0.087573, -0.651655
0.900561, 0.857650, -0.103683, -0.148686
0.900741, 0.515763, -0.094323, -0.477883
0.900753, 0.469785, -0.092919, -0.520157
0.900857, 0.685498, -0.098616, -0.317494
0.900946, 0.845131, -0.102894, -0.161266
0.901093, 0.233772, -0.082298, -0.725665
0.901121, 0.870761, -0.103489, -0.135411
0.901385, 0.606107, -0.096144, -0.393335
0.901406, 0.142276, -0.074735, -0.796725
0.901697, 0.011219, 0.834214, 0.008138
0.901761, 0.056976, 0.833676, 0.042347
0.901768, 0.033889, 0.833593, 0.024454
0.901797, 0.832028, -0.101670, -0.174465
0.901919, 0.711236, -0.098266, -0.292909
0.902131, 0.162539, -0.076360, -0.781970
0.902175, 0.120537, -0.065738, -0.805991
0.902318, 0.745807, -0.098740, -0.259360
0.902684, 0.482126, -0.091499, -0.508938
0.902727, 0.651874, -0.095967, -0.349842
0.903135, 0.417553, -0.088984, -0.567492
0.903298, 0.438420, -0.089530, -0.548613
0.903309, 0.562390, -0.093159, -0.434546
0.903496, 0.383663, -0.087430, -0.597730
0.903588, 0.174691, -0.076214, -0.772779
0.903783, 0.914017, -0.102056, -0.091143
0.904294, 0.672965, -0.094961, -0.329794
0.904343, 0.796580, -0.098008, -0.209591
0.904399, 0.882743, -0.100488, -0.123328
0.904736, 0.698030, -0.095082, -0.305549
0.904744, 0.528322, -0.090873, -0.466335
0.904858, 0.820175, -0.098204, -0.186362
0.905076, 0.076290, 0.819122, 0.041204
0.905222, 0.630424, -0.092980, -0.370251
0.905607, 0.098915, 0.101766, -0.653323
0.905704, 0.266634, -0.080327, -0.698868
0.905960, 0.781646, -0.096018, -0.224449
0.906012, 0.494576, -0.088737, -0.497593
0.906031, 0.618569, -0.091930, -0.381635
0.906033, 0.288615, -0.081155, -0.680413
0.906045, 0.978399, -0.101185, -0.023212
0.906051, 0.956312, -0.100859, -0.046816
0.906075, 0.768771, -0.095512, -0.236951
0.906163, 0.574492, -0.090729, -0.423297
0.906203, 0.733257, -0.094531, -0.271681
0.906284, 1.000000, -0.101046, 0.000000
0.906474, 0.245973, -0.078561, -0.715987
0.906670, 0.933616, -0.099672, -0.070810
0.907168, 0.310920, -0.081214, -0.661462
0.907525, 0.406089, -0.084584, -0.577934
0.907621, 0.199283, -0.074781, -0.753861
0.907768, 0.131825, -0.068846, -0.804755
0.907913, 0.186772, -0.073698, -0.763815
0.907931, 0.449100, -0.085588, -0.539105
0.908094, 0.211670, -0.075197, -0.743984
0.908120, 0.045381, 0.837776, 0.032591
0.908196, 0.000000, 0.838958, 0.000000
0.908225, 0.022478, 0.838782, 0.016249
0.908233, 0.894645, -0.096891, -0.111271
0.908373, 0.334663, -0.081161, -0.640915
0.908400, 0.087477, 0.642250, -0.124007
0.908501, 0.541145, -0.087628, -0.454493
0.908806, 0.586060, -0.088465, -0.412501
0.908901, 0.661951, -0.090141, -0.340407
0.909152, 0.224120, -0.075089, -0.733974
0.909330, 0.506994, -0.085952, -0.486235
0.909428, 0.153015, -0.069988, -0.789736
0.909878, 0.066168, 0.850651, 0.060564
0.909939, 0.348059, -0.080315, -0.629423
0.909969, 0.809116, -0.092643, -0.197380
0.909982, 0.110224, -0.055719, -0.810583
0.910382, 0.720467, -0.090043, -0.284193
0.910432, 0.427810, -0.082625, -0.558475
0.910444, 0.640940, -0.088103, -0.360341
0.910486, 0.360425, -0.080296, -0.618597
0.910928, 0.373180, -0.080355, -0.607300
0.911008, 0.460553, -0.083078, -0.528860
0.911278, 0.755716, -0.089950, -0.249879
0.911425, 0.394688, -0.080656, -0.588268
0.911505, 0.685174, -0.088077, -0.318141
0.911565, 0.863609, -0.092500, -0.142925
0.911655, 0.322633, -0.077793, -0.651574
0.911767, 0.597540, -0.085862, -0.401724
0.911809, 0.277923, -0.075702, -0.689724
0.912052, 0.840950, -0.091391, -0.165788
0.912132, 0.553937, -0.084471, -0.442644
0.912366, 0.473213, -0.082172, -0.517345
0.912422, 0.907146, -0.092886, -0.098484
0.912540, 0.301003, -0.076115, -0.670184
0.912634, 0.256516, -0.073965, -0.707656
0.912818, 0.852463, -0.090898, -0.154206
0.912843, 0.967672, -0.093970, -0.034793
0.913005, 0.519528, -0.082794, -0.474725
0.913113, 0.989309, -0.093897, -0.011530
0.913147, 0.608870, -0.084763, -0.390967
0.913192, 0.945273, -0.093187, -0.058670
0.913363, 0.236870, -0.072338, -0.723791
0.913386, 0.165595, -0.067914, -0.780495
0.913808, 0.921580, -0.091859, -0.083533
0.914102, 0.707767, -0.086044, -0.296582
0.914122, 0.874378, -0.090145, -0.132055
0.914322, 0.829143, -0.088741, -0.177649
0.914637, 0.742753, -0.086274, -0.262619
0.914644, 0.033692, 0.842249, 0.023335
0.914754, 0.011183, 0.843483, 0.007914
0.914856, 0.485477, -0.080172, -0.506195
0.914949, 0.142813, -0.065011, -0.797872
0.915282, 0.121108, -0.062407, -0.813169
0.915553, 0.416078, -0.077571, -0.569247
0.915701, 0.055801, 0.853408, 0.050456
0.915767, 0.566560, -0.081273, -0.430903
0.915893, 0.799205, -0.086318, -0.207270
0.915962, 0.788016, -0.086038, -0.218463
0.916072, 0.651000, -0.082813, -0.350948
0.916129, 0.438936, -0.077707, -0.548613
0.916274, 0.628000, -0.082137, -0.372917
0.916438, 0.672862, -0.082934, -0.330119
0.916671, 0.384779, -0.075577, -0.597221
0.916827, 0.532348, -0.079470, -0.462904
0.917071, 0.098406, -0.118567, -0.887914
0.917594, 0.886259, -0.086917, -0.120083
0.917676, 0.775865, -0.084006, -0.230440
0.917840, 0.695982, -0.082054, -0.308003
0.917996, 0.178284, -0.065188, -0.771119
0.918004, 0.498062, -0.077528, -0.494686
0.918056, 0.076929, 0.665400, -0.117472
0.918355, 0.289769, -0.070617, -0.679977
0.918582, 0.729970, -0.082033, -0.275145
0.918611, 0.818540, -0.084042, -0.188240
0.918941, 0.267408, -0.069155, -0.698925
0.918971, 0.578790, -0.078454, -0.419486
0.919078, 0.191352, -0.065131, -0.760965
0.919142, 0.203752, -0.065799, -0.751095
0.919331, 0.933975, -0.086519, -0.070762
0.919357, 0.956801, -0.086981, -0.046531
0.919603, 0.215927, -0.066092, -0.741283
0.919633, 0.764442, -0.081751, -0.241649
0.919908, 0.978742, -0.086697, -0.022971
0.920107, 0.404398, -0.073066, -0.579910
0.920189, 0.340271, -0.070954, -0.636754
0.920263, 1.000000, -0.086429, 0.000000
0.920357, 0.313685, -0.069836, -0.659696
0.920408, 0.227918, -0.066050, -0.731490
0.920539, 0.617012, -0.077715, -0.383336
0.920584, 0.545157, -0.076174, -0.451066
0.920585, 0.131601, -0.059913, -0.806558
0.920607, 0.246796, -0.066803, -0.715998
0.920855, 0.450385, -0.073651, -0.538431
0.921111, 0.328074, -0.069700, -0.647304
0.921191, 0.044519, 0.850261, 0.034480
0.921209, 0.898486, -0.083532, -0.107689
0.921284, 0.022270, 0.848222, 0.015996
0.921294, 0.000000, 0.848234, 0.000000
0.921546, 0.352622, -0.070164, -0.625935
0.921589, 0.510748, -0.074441, -0.483051
0.921843, 0.087483, -0.026701, -0.806394
0.921859, 0.464075, -0.073066, -0.525955
0.921876, 0.590907, -0.075897, -0.408139
0.921925, 0.364404, -0.070203, -0.615541
0.922146, 0.661203, -0.077044, -0.341362
0.922354, 0.426745, -0.071634, -0.559853
0.922400, 0.110076, -0.063645, -0.829108
0.922555, 0.638831, -0.076203, -0.362741
0.922605, 0.154258, -0.060048, -0.789926
0.922920, 0.717442, -0.077431, -0.287406
0.922940, 0.375381, -0.069625, -0.605774
0.923332, 0.683801, -0.076330, -0.319772
0.923356, 0.751957, -0.077700, -0.253873
0.923520, 0.838835, -0.079488, -0.168120
0.923590, 0.862722, -0.080030, -0.144136
0.923832, 0.066644, 0.823912, 0.027243
0.923934, 0.911232, -0.081071, -0.094631
0.923956, 0.807914, -0.078272, -0.198809
0.924073, 0.166899, -0.059719, -0.780270
0.924126, 0.301419, -0.066089, -0.670283
0.924309, 0.278846, -0.065064, -0.689529
0.924321, 0.557872, -0.072865, -0.439280
0.924345, 0.476419, -0.071045, -0.514763
0.924383, 0.850001, -0.078844, -0.156889
0.924403, 0.603717, -0.073702, -0.396102
0.925023, 0.523442, -0.071463, -0.471365
0.925272, 0.393644, -0.068049, -0.589596
0.925723, 0.875743, -0.078207, -0.131078
0.925877, 0.257051, -0.062830, -0.707804
0.926528, 0.968128, -0.079597, -0.034481
0.926690, 0.946061, -0.079046, -0.058104
0.926763, 0.488928, -0.069060, -0.503315
0.926857, 0.923278, -0.078340, -0.082161
0.927032, 0.739330, -0.073734, -0.266236
0.927193, 0.705776, -0.072929, -0.298766
0.927201, 0.989524, -0.079083, -0.011361
0.927407, 0.237263, -0.060695, -0.724130
0.927604, 0.795585, -0.074287, -0.211124
0.927623, 0.142116, -0.055439, -0.799286
0.927773, 0.828493, -0.074860, -0.178540
0.927827, 0.033102, 0.849752, 0.020669
0.927835, 0.414618, -0.066286, -0.570990
0.927929, 0.011102, 0.852507, 0.007532
0.928010, 0.437561, -0.066693, -0.550213
0.928417, 0.570364, -0.069174, -0.427672
0.928481, 0.120196, -0.054225, -0.816587
0.928604, 0.784084, -0.073046, -0.222530
0.928711, 0.649270, -0.070353, -0.352938
0.928782, 0.627424, -0.069874, -0.373684
0.928862, 0.055524, 0.899175, 0.087697
0.928900, 0.536348, -0.068034, -0.459436
0.928924, 0.671702, -0.070551, -0.331474
0.929141, 0.100059, -0.050911, -0.829743
0.929814, 0.501663, -0.066455, -0.491622
0.930029, 0.889025, -0.074065, -0.117617
0.930170, 0.185809, -0.055990, -0.765917
0.930507, 0.198216, -0.056345, -0.756055
0.930550, 0.210744, -0.056911, -0.745991
0.930584, 0.772627, -0.070800, -0.233818
0.930799, 0.223554, -0.057290, -0.735573
0.930835, 0.694419, -0.069075, -0.309734
0.931069, 0.289499, -0.059658, -0.680786
0.931167, 0.727010, -0.069342, -0.278285
0.931199, 0.383466, -0.062392, -0.598780
0.931471, 0.457180, -0.063936, -0.532402
0.931522, 0.322485, -0.060354, -0.652419
0.931768, 0.582032, -0.066157, -0.416796
0.931921, 0.935554, -0.073293, -0.069358
0.931981, 0.269063, -0.058132, -0.697922
0.931995, 0.817162, -0.070247, -0.189858
0.932007, 0.335258, -0.060319, -0.641369
0.932346, 0.347306, -0.060375, -0.630868
0.932351, 0.077251, -0.051601, -0.846822
0.932384, 0.174780, -0.053656, -0.774614
0.932497, 0.615672, -0.066028, -0.384884
0.932570, 0.761082, -0.068559, -0.245145
0.932594, 0.957287, -0.073020, -0.046228
0.932737, 0.549162, -0.064610, -0.447565
0.932795, 0.130241, -0.050947, -0.808662
0.932976, 0.310972, -0.058710, -0.662325
0.933215, 0.403275, -0.061077, -0.581279
0.933306, 0.089096, -0.049164, -0.839216
0.933428, 0.359516, -0.059748, -0.620114
0.933721, 0.514619, -0.063014, -0.479701
0.933870, 0.044102, 0.888365, 0.063207
0.933877, 0.900495, -0.070373, -0.106008
0.933892, 0.979143, -0.071914, -0.022657
0.934072, 0.593738, -0.064131, -0.405803
0.934143, 0.446789, -0.061229, -0.542017
0.934280, 0.371101, -0.059291, -0.609866
0.934296, 0.425185, -0.060607, -0.561628
0.934408, 1.000000, -0.071464, 0.000000
0.934424, 0.468249, -0.061415, -0.522344
0.934432, 0.000000, 0.857411, 0.000000
0.934507, 0.161435, -0.051293, -0.785116
0.934618, 0.022106, 0.858613, 0.016658
0.934918, 0.659958, -0.064420, -0.342844
0.935058, 0.246600, -0.054693, -0.716889
0.935219, 0.854479, -0.067814, -0.152834
0.935376, 0.682486, -0.064339, -0.321241
0.935401, 0.637593, -0.063570, -0.364204
0.935479, 0.748865, -0.065387, -0.257101
0.935504, 0.867201, -0.067840, -0.140049
0.935581, 0.840744, -0.067085, -0.166518
0.936069, 0.149597, -0.049435, -0.794196
0.936158, 0.299512, -0.055578, -0.672278
0.936211, 0.110909, -0.046533, -0.822534
0.936219, 0.715360, -0.064070, -0.289678
0.936316, 0.480240, -0.059887, -0.511423
0.936317, 0.912759, -0.068109, -0.093355
0.936386, 0.804905, -0.065502, -0.202134
0.936457, 0.605195, -0.061990, -0.394904
0.936590, 0.561971, -0.061138, -0.435661
0.936914, 0.527286, -0.060214, -0.468019
0.937088, 0.879973, -0.066454, -0.127042
0.937356, 0.065998, 0.203482, -0.601753
0.937457, 0.258652, -0.053109, -0.706887
0.937576, 0.279592, -0.053716, -0.689313
0.938462, 0.232986, -0.051334, -0.728151
0.938589, 0.492564, -0.057987, -0.500157
0.939115, 0.392033, -0.055430, -0.591398
0.939567, 0.924609, -0.064951, -0.081041
0.939651, 0.736481, -0.060965, -0.269226
0.939788, 0.792964, -0.061793, -0.213978
0.939943, 0.827443, -0.062288, -0.179843
0.940259, 0.968922, -0.065005, -0.033782
0.940554, 0.413653, -0.054600, -0.572148
0.940589, 0.704466, -0.059507, -0.300212
0.940890, 0.136790, -0.045060, -0.804086
0.940954, 0.434978, -0.054676, -0.552937
0.940988, 0.540218, -0.056543, -0.456017
0.941078, 0.947076, -0.063793, -0.057265
0.941100, 0.218750, -0.048617, -0.739938
0.941185, 0.032890, 0.859537, 0.020879
0.941199, 0.011536, 0.860905, 0.007122
0.941256, 0.625447, -0.057637, -0.375874
0.941385, 0.505367, -0.055575, -0.488393
0.941419, 0.648710, -0.057830, -0.353733
0.941455, 0.781481, -0.059891, -0.225325
0.941457, 0.670434, -0.058115, -0.332921
0.941572, 0.989255, -0.063797, -0.011716
0.941603, 0.205657, -0.047696, -0.750571
0.941683, 0.099282, -0.042001, -0.831377
0.941740, 0.574499, -0.056378, -0.423997
0.941948, 0.054822, 0.572920, -0.244010
0.941994, 0.193204, -0.046874, -0.760592
0.942754, 0.122087, -0.042709, -0.815162
0.942994, 0.329691, -0.050452, -0.646528
0.943345, 0.770102, -0.057771, -0.236491
0.943445, 0.181796, -0.045233, -0.769667
0.943455, 0.693225, -0.056466, -0.311040
0.943542, 0.342381, -0.050282, -0.635459
0.943736, 0.379681, -0.050968, -0.602586
0.943786, 0.457714, -0.052466, -0.532119
0.943789, 0.936092, -0.060665, -0.068974
0.943864, 0.317482, -0.049369, -0.657102
0.944129, 0.890085, -0.059286, -0.116849
0.944187, 0.814571, -0.057683, -0.192765
0.944196, 0.086091, -0.039574, -0.841373
0.944238, 0.724833, -0.056170, -0.280644
0.944251, 0.354862, -0.049947, -0.624523
0.944586, 0.169683, -0.043808, -0.779205
0.944679, 0.586540, -0.053716, -0.412745
0.944850, 0.553010, -0.053041, -0.444123
0.945014, 0.758387, -0.055885, -0.247954
0.945166, 0.291585, -0.047539, -0.679299
0.945217, 0.958627, -0.059548, -0.044948
0.945647, 0.367277, -0.048973, -0.613578
0.945701, 0.267719, -0.046404, -0.699622
0.945743, 0.445378, -0.050425, -0.543462
0.945860, 0.613434, -0.052943, -0.387268
0.945873, 0.305418, -0.047293, -0.667500
0.945906, 0.903221, -0.057758, -0.103470
0.945932, 0.518554, -0.051479, -0.476258
0.945951, 0.470575, -0.050680, -0.520535
0.945997, 0.401681, -0.049370, -0.582961
0.946293, 0.043436, 0.850860, 0.018789
0.946309, 0.848805, -0.056155, -0.158732
0.946490, 0.599297, -0.052139, -0.400709
0.946526, 0.861835, -0.056193, -0.145653
0.946626, 0.157405, -0.041675, -0.788774
0.946749, 0.074391, -0.037971, -0.850075
0.946885, 0.875168, -0.056080, -0.132143
0.947126, 0.241203, -0.044390, -0.721753
0.947172, 0.424380, -0.048730, -0.562620
0.947214, 0.681248, -0.052549, -0.322595
0.947322, 0.000000, 0.866064, 0.000000
0.947325, 0.253617, -0.044611, -0.711514
0.947442, 0.746263, -0.053244, -0.259807
0.947653, 0.637696, -0.051528, -0.364259
0.947706, 0.836236, -0.054440, -0.171258
0.947971, 0.483180, -0.048992, -0.509005
0.948001, 0.659077, -0.051483, -0.343961
0.948285, 0.023398, 0.879037, 0.028151
0.948350, 0.145109, -0.039792, -0.798162
0.948420, 1.000000, -0.056487, 0.000000
0.948440, 0.978486, -0.056350, -0.023491
0.948519, 0.279743, -0.044326, -0.689467
0.948714, 0.530943, -0.049017, -0.464831
0.948834, 0.565300, -0.049387, -0.432709
0.948879, 0.110041, -0.037621, -0.824285
0.949048, 0.916171, -0.054687, -0.090052
0.949113, 0.802578, -0.052410, -0.204694
0.949179, 0.227521, -0.042248, -0.733034
0.950037, 0.495955, -0.047241, -0.497243
0.950259, 0.714106, -0.049962, -0.291047
0.951473, 0.063030, -0.057242, -0.880210
0.951601, 0.388775, -0.044025, -0.594722
0.951781, 0.213424, -0.039658, -0.744655
0.951786, 0.130832, -0.036536, -0.809275
0.952294, 0.790554, -0.048968, -0.216633
0.952421, 0.823099, -0.049351, -0.184503
0.952501, 0.509101, -0.045095, -0.485090
0.952758, 0.734113, -0.047721, -0.271786
0.952935, 0.928297, -0.050743, -0.077357
0.952966, 0.626772, -0.046162, -0.374656
0.952973, 0.412206, -0.043179, -0.573621
0.953076, 0.096550, -0.033910, -0.834291
0.953102, 0.543961, -0.044997, -0.452722
0.953132, 0.200572, -0.038146, -0.755134
0.953756, 0.703230, -0.046313, -0.301545
0.953806, 0.011643, 0.871258, 0.009716
0.954176, 0.669349, -0.045494, -0.334199
0.954351, 0.336689, -0.040555, -0.640639
0.954410, 0.779349, -0.046637, -0.227627
0.954532, 0.435512, -0.042122, -0.552681
0.954630, 0.648495, -0.044796, -0.354101
0.954765, 0.324263, -0.039937, -0.651483
0.954826, 0.941061, -0.048929, -0.063873
0.954863, 0.966996, -0.049303, -0.036040
0.954920, 0.189092, -0.036331, -0.764361
0.954961, 0.952812, -0.049005, -0.051349
0.955019, 0.578691, -0.043586, -0.420199
0.955039, 0.349494, -0.040190, -0.629423
0.955239, 0.050776, 0.125266, -0.705888
0.955410, 0.035880, 0.805874, -0.036512
0.955510, 0.449665, -0.041422, -0.539760
0.955549, 0.462108, -0.041573, -0.528485
0.955680, 0.691616, -0.044242, -0.312688
0.955712, 0.767669, -0.045148, -0.239044
0.955724, 0.177020, -0.035287, -0.773929
0.955774, 0.989675, -0.048520, -0.011318
0.956031, 0.882683, -0.046629, -0.124726
0.956104, 0.362166, -0.039471, -0.618314
0.956173, 0.375887, -0.039649, -0.606206
0.956219, 0.895271, -0.046675, -0.111872
0.956257, 0.312209, -0.038378, -0.661940
0.956317, 0.083743, -0.031195, -0.843846
0.956350, 0.299230, -0.038027, -0.673129
0.956591, 0.591689, -0.042229, -0.408144
0.956614, 0.120026, -0.032449, -0.817510
0.956951, 0.604917, -0.042026, -0.395624
0.957006, 0.164858, -0.033859, -0.783440
0.957096, 0.261126, -0.036527, -0.705486
0.957102, 0.616632, -0.041998, -0.384395
0.957179, 0.755883, -0.043497, -0.250503
0.957389, 0.812026, -0.044049, -0.195534
0.957501, 0.868839, -0.044832, -0.138790
0.957608, 0.855714, -0.044493, -0.151995
0.957635, 0.554915, -0.040785, -0.442640
0.957768, 0.399770, -0.038593, -0.584933
0.957776, 0.474419, -0.039655, -0.517246
0.957823, 0.287150, -0.036488, -0.683425
0.957901, 0.723773, -0.042410, -0.281848
0.957962, 0.908082, -0.045045, -0.098643
0.958179, 0.273441, -0.035888, -0.695145
0.958285, 0.843285, -0.043568, -0.164388
0.958292, 0.247903, -0.035201, -0.716574
0.958363, 0.522787, -0.039699, -0.472451
0.958573, 0.152395, -0.032206, -0.793066
0.958586, 0.235172, -0.034638, -0.727081
0.958877, 0.422930, -0.037915, -0.563990
0.958926, 0.679782, -0.040880, -0.324137
0.959056, 0.139482, -0.031370, -0.802934
0.959184, 0.743982, -0.041325, -0.262124
0.959538, 0.831119, -0.042085, -0.176563
0.959540, 0.486832, -0.038154, -0.505841
0.959669, 0.567410, -0.038960, -0.430864
0.959927, 0.221796, -0.033186, -0.738032
0.960059, 0.535434, -0.038227, -0.460722
0.960127, 0.000000, 0.877642, 0.000000
0.960571, 0.636950, -0.038816, -0.365185
0.960620, 0.023299, 0.904478, 0.046335
0.960893, 0.106751, -0.028731, -0.827403
0.961014, 0.071777, -0.029240, -0.854241
0.961321, 0.499288, -0.036620, -0.494340
0.961571, 0.659449, -0.038055, -0.343707
0.961904, 0.799231, -0.039242, -0.208322
0.961922, 0.979499, -0.041792, -0.022490
0.962144, 0.921024, -0.040763, -0.085136
0.962592, 1.000000, -0.041139, 0.000000
0.963035, 0.511821, -0.035129, -0.482661
0.963167, 0.207972, -0.030180, -0.749478
0.963779, 0.388366, -0.032946, -0.595120
0.964438, 0.711605, -0.035721, -0.293769
0.964770, 0.059958, -0.034323, -0.870416
0.965121, 0.409828, -0.032008, -0.576070
0.965132, 0.093786, -0.025153, -0.836964
0.965341, 0.442578, -0.032191, -0.546273
0.965705, 0.788279, -0.035209, -0.219115
0.965728, 0.342920, -0.030550, -0.635434
0.965755, 0.330631, -0.030343, -0.646181
0.965903, 0.046422, -0.050151, -0.893909
0.965922, 0.932632, -0.036892, -0.073023
0.966177, 0.698859, -0.033845, -0.305945
0.966264, 0.957995, -0.036879, -0.045935
0.966358, 0.196791, -0.027314, -0.758599
0.966358, 0.011215, 0.892331, 0.025374
0.966362, 0.625515, -0.033010, -0.376036
0.966453, 0.130098, -0.025427, -0.810456
0.966473, 0.455333, -0.031281, -0.534664
0.966736, 0.775994, -0.034019, -0.231144
0.966807, 0.945339, -0.036120, -0.059534
0.966942, 0.184328, -0.026544, -0.768564
0.966975, 0.735688, -0.033373, -0.270295
0.967087, 0.354724, -0.029503, -0.625146
0.967090, 0.586229, -0.031971, -0.413359
0.967113, 0.821080, -0.034119, -0.186720
0.967167, 0.366916, -0.029595, -0.614398
0.967180, 0.318955, -0.028909, -0.656363
0.967209, 0.546101, -0.031483, -0.450839
0.967242, 0.647390, -0.032341, -0.355334
0.967404, 0.969640, -0.035737, -0.033288
0.967509, 0.306500, -0.028431, -0.667158
0.967606, 0.888421, -0.034486, -0.119080
0.967615, 0.034158, 0.329395, -0.520864
0.967635, 0.875517, -0.034270, -0.132209
0.967664, 0.599504, -0.031521, -0.400781
0.967695, 0.671211, -0.032091, -0.332500
0.967774, 0.431672, -0.029814, -0.556197
0.967797, 0.171640, -0.025548, -0.778567
0.967865, 0.763368, -0.032735, -0.243438
0.968015, 0.685997, -0.031885, -0.318237
0.968034, 0.466794, -0.029944, -0.524247
0.968314, 0.900966, -0.033906, -0.106187
0.968319, 0.294096, -0.027530, -0.677802
0.968344, 0.378360, -0.028676, -0.604170
0.968378, 0.117004, -0.023572, -0.820128
0.968438, 0.612791, -0.030873, -0.388159
0.968459, 0.574126, -0.030523, -0.424595
0.968477, 0.861877, -0.033201, -0.145999
0.968511, 0.280920, -0.027153, -0.689030
0.968512, 0.254861, -0.026708, -0.710985
0.968735, 0.267602, -0.026742, -0.700332
0.968817, 0.081692, -0.022193, -0.845762
0.968828, 0.158604, -0.024407, -0.788710
0.968951, 0.723562, -0.031276, -0.282110
0.969029, 0.750275, -0.031417, -0.256124
0.969064, 0.559705, -0.029826, -0.438241
0.969098, 0.808287, -0.031927, -0.199431
0.969099, 0.848521, -0.032372, -0.159379
0.969172, 0.144794, -0.023778, -0.799329
0.969373, 0.241674, -0.025746, -0.721949
0.969614, 0.479060, -0.028581, -0.513015
0.969808, 0.531793, -0.028872, -0.464235
0.969849, 0.228844, -0.025111, -0.732468
0.969854, 0.835151, -0.031419, -0.172722
0.969858, 0.913432, -0.032394, -0.093199
0.970438, 0.419806, -0.027229, -0.566995
0.970489, 0.398772, -0.026963, -0.586041
0.970753, 0.215928, -0.024122, -0.743077
0.970775, 0.989149, -0.032187, -0.011946
0.971101, 0.491781, -0.027295, -0.501299
0.971218, 0.519525, -0.027411, -0.475478
0.972473, 0.505038, -0.026107, -0.489014
0.973156, 0.000000, 0.916960, 0.000000
0.973194, 0.103851, -0.019631, -0.829922
0.973407, 0.635530, -0.026170, -0.366598
0.973432, 0.021821, 0.681026, -0.182352
0.973821, 0.658304, -0.025921, -0.344949
0.975151, 0.069069, -0.017642, -0.855168
0.976193, 1.000000, -0.026273, 0.000000
0.976357, 0.798068, -0.024370, -0.209727
0.976501, 0.447985, -0.021871, -0.541440
0.976504, 0.055917, -0.021329, -0.869186
0.976634, 0.978260, -0.025711, -0.023927
0.976714, 0.923994, -0.025138, -0.082216
0.976807, 0.337031, -0.020619, -0.640651
0.976865, 0.705182, -0.023190, -0.299934
0.977296, 0.205591, -0.018574, -0.751843
0.977579, 0.784671, -0.023002, -0.222794
0.977709, 0.386472, -0.020265, -0.597107
0.977726, 0.937667, -0.024216, -0.067879
0.977925, 0.192227, -0.017856, -0.762524
0.978038, 0.951400, -0.024002, -0.053180
0.978043, 0.093138, -0.015832, -0.837668
0.978043, 0.043443, -0.051334, -0.908453
0.978046, 0.717005, -0.022084, -0.288570
0.978149, 0.692602, -0.021825, -0.312008
0.978175, 0.679365, -0.021721, -0.324653
0.978185, 0.137537, -0.016696, -0.805047
0.978282, 0.593809, -0.021140, -0.406231
0.978373, 0.743622, -0.021909, -0.262743
0.978379, 0.622004, -0.021206, -0.379538
0.978416, 0.771332, -0.022047, -0.235794
0.978445, 0.347901, -0.019260, -0.631084
0.978486, 0.178950, -0.017193, -0.773040
0.978497, 0.326231, -0.019016, -0.650231
0.978506, 0.124937, -0.016197, -0.814440
0.978520, 0.607453, -0.020985, -0.393320
0.978598, 0.964621, -0.023489, -0.038860
0.978612, 0.540130, -0.020502, -0.456542
0.978650, 0.411120, -0.019604, -0.574954
0.978668, 0.553091, -0.020530, -0.444512
0.978678, 0.360097, -0.019160, -0.620405
0.978690, 0.882119, -0.022642, -0.125616
0.978726, 0.314097, -0.018696, -0.660809
0.978776, 0.868617, -0.022426, -0.139309
0.978782, 0.826400, -0.022073, -0.181651
0.978838, 0.567125, -0.020442, -0.431306
0.978894, 0.437536, -0.019573, -0.551112
0.978907, 0.580772, -0.020455, -0.418490
0.978934, 0.812985, -0.021804, -0.194919
0.978986, 0.730850, -0.021205, -0.275071
0.979040, 0.301435, -0.018294, -0.671704
0.979073, 0.757796, -0.021284, -0.248947
0.979117, 0.372715, -0.018875, -0.609326
0.979122, 0.458833, -0.019503, -0.531545
0.979129, 0.895577, -0.022298, -0.111835
0.979131, 0.165515, -0.016461, -0.783562
0.979140, 0.288197, -0.018069, -0.683017
0.979214, 0.274814, -0.017861, -0.694374
0.979327, 0.151699, -0.016074, -0.794251
0.979411, 0.261341, -0.017543, -0.705745
0.979451, 0.854819, -0.021594, -0.153201
0.979452, 0.011609, 0.851781, -0.017136
0.979534, 0.248016, -0.017284, -0.716868
0.979653, 0.667410, -0.020188, -0.336176
0.979653, 0.031375, 0.001753, -0.862136
0.979679, 0.647530, -0.020061, -0.355143
0.979807, 0.909222, -0.021685, -0.097698
0.979810, 0.470975, -0.018940, -0.520459
0.979910, 0.840913, -0.020997, -0.167118
0.979981, 0.080930, -0.014191, -0.846437
0.980157, 0.112429, -0.014710, -0.823747
0.980200, 0.425444, -0.018277, -0.562045
0.980220, 0.234291, -0.016545, -0.728253
0.980490, 0.220450, -0.016150, -0.739635
0.980859, 0.484061, -0.018035, -0.508475
0.980966, 0.526509, -0.018171, -0.469181
0.981170, 0.398809, -0.017204, -0.586020
0.981193, 0.512468, -0.017875, -0.482151
0.981705, 0.497795, -0.017314, -0.495799
0.984734, 0.634974, -0.015023, -0.367128
0.985921, 0.987310, -0.015555, -0.014023
0.986045, 0.000000, 1.016186, 0.000000
0.987634, 0.062734, -0.008008, -0.858740
0.988067, 0.102723, -0.008723, -0.831146
0.988096, 0.022404, -0.034422, -0.905213
0.988252, 0.657773, -0.011631, -0.345488
0.988328, 1.000000, -0.012909, 0.000000
0.988400, 0.792066, -0.011932, -0.215655
0.988401, 0.805050, -0.011984, -0.202920
0.988524, 0.930667, -0.012453, -0.075397
0.988629, 0.973044, -0.012524, -0.029713
0.988738, 0.917440, -0.012140, -0.089231
0.988753, 0.337172, -0.010001, -0.640751
0.988754, 0.199267, -0.009152, -0.756982
0.988792, 0.049944, -0.006771, -0.866937
0.988821, 0.613911, -0.010942, -0.387315
0.988837, 0.698227, -0.011169, -0.306706
0.988846, 0.447949, -0.010383, -0.541726
0.988905, 0.944416, -0.012109, -0.060777
0.988966, 0.710849, -0.011082, -0.294575
0.988988, 0.212327, -0.009060, -0.746415
0.989037, 0.778681, -0.011228, -0.228716
0.989039, 0.684992, -0.010929, -0.319425
0.989055, 0.378729, -0.009916, -0.604056
0.989064, 0.074889, -0.007504, -0.850710
0.989159, 0.185932, -0.008721, -0.767633
0.989162, 0.724030, -0.010921, -0.281803
0.989166, 0.600669, -0.010567, -0.399851
0.989197, 0.751136, -0.010971, -0.255529
0.989228, 0.560358, -0.010388, -0.437750
0.989235, 0.144455, -0.008307, -0.800000
0.989252, 0.958419, -0.011789, -0.045670
0.989378, 0.130951, -0.008068, -0.810233
0.989422, 0.546987, -0.010163, -0.450243
0.989423, 0.587448, -0.010278, -0.412304
0.989430, 0.875272, -0.011203, -0.132644
0.989431, 0.765028, -0.010777, -0.242011
0.989434, 0.573894, -0.010229, -0.425058
0.989479, 0.172363, -0.008357, -0.778342
0.989501, 0.833055, -0.010950, -0.175084
0.989535, 0.351107, -0.009367, -0.628589
0.989539, 0.419476, -0.009636, -0.567460
0.989553, 0.888998, -0.011136, -0.118654
0.989561, 0.737713, -0.010558, -0.268533
0.989565, 0.323266, -0.009215, -0.652805
0.989589, 0.861520, -0.010973, -0.146531
0.989607, 0.819120, -0.010785, -0.188956
0.989655, 0.295723, -0.009000, -0.676564
0.989656, 0.309478, -0.009068, -0.664731
0.989659, 0.158480, -0.008100, -0.789179
0.989663, 0.282044, -0.008922, -0.688249
0.989713, 0.268401, -0.008805, -0.699811
0.989717, 0.364904, -0.009264, -0.616380
0.989843, 0.089252, -0.007261, -0.840673
0.989858, 0.254700, -0.008605, -0.711335
0.989875, 0.533755, -0.009686, -0.462495
0.989914, 0.902991, -0.010812, -0.104238
0.989943, 0.847431, -0.010541, -0.160680
0.989957, 0.391612, -0.009151, -0.592558
0.989987, 0.036508, -0.012807, -0.881614
0.989993, 0.671687, -0.009940, -0.332160
0.989993, 0.240935, -0.008410, -0.722801
0.990070, 0.461862, -0.009289, -0.529045
0.990166, 0.117252, -0.007335, -0.820438
0.990176, 0.433956, -0.009097, -0.554322
0.990323, 0.406156, -0.008865, -0.579356
0.990335, 0.226755, -0.008040, -0.734540
0.990410, 0.475928, -0.009014, -0.516088
0.990529, 0.626488, -0.009302, -0.375273
0.990627, 0.505006, -0.008889, -0.489133
0.990660, 0.519424, -0.008898, -0.475791
0.990892, 0.490294, -0.008600, -0.502783
0.991263, 0.644506, -0.008618, -0.358043
0.991507, 0.009728, 0.351478, -0.558371
1.000000, 0.000000, 0.000000, 0.000000
1.000000, 0.015532, 0.000000, -0.956684
1.000000, 0.028850, 0.000000, -0.892069
1.000000, 0.042949, 0.000000, -0.872581
1.000000, 0.056291, 0.000000, -0.863638
1.000000, 0.069044, 0.000000, -0.855126
1.000000, 0.082503, 0.000000, -0.845610
1.000000, 0.096534, 0.000000, -0.835544
1.000000, 0.109755, 0.000000, -0.826130
1.000000, 0.124015, 0.000000, -0.815396
1.000000, 0.137778, 0.000000, -0.805104
1.000000, 0.151462, 0.000000, -0.794671
1.000000, 0.165363, 0.000000, -0.783845
1.000000, 0.179123, 0.000000, -0.773036
1.000000, 0.192679, 0.000000, -0.762277
1.000000, 0.206020, 0.000000, -0.751593
1.000000, 0.219510, 0.000000, -0.740611
1.000000, 0.233742, 0.000000, -0.728748
1.000000, 0.247716, 0.000000, -0.717168
1.000000, 0.261565, 0.000000, -0.705577
1.000000, 0.275318, 0.000000, -0.693981
1.000000, 0.289054, 0.000000, -0.682301
1.000000, 0.302820, 0.000000, -0.670512
1.000000, 0.316639, 0.000000, -0.658603
1.000000, 0.330474, 0.000000, -0.646620
1.000000, 0.343940, 0.000000, -0.634975
1.000000, 0.357765, 0.000000, -0.622701
1.000000, 0.371624, 0.000000, -0.610362
1.000000, 0.385056, 0.000000, -0.598483
1.000000, 0.398969, 0.000000, -0.585888
1.000000, 0.413133, 0.000000, -0.573127
1.000000, 0.426906, 0.000000, -0.560815
1.000000, 0.441120, 0.000000, -0.547900
1.000000, 0.454635, 0.000000, -0.535782
1.000000, 0.468755, 0.000000, -0.522713
1.000000, 0.483042, 0.000000, -0.509505
1.000000, 0.497614, 0.000000, -0.495968
1.000000, 0.512011, 0.000000, -0.482681
1.000000, 0.526367, 0.000000, -0.469334
1.000000, 0.540182, 0.000000, -0.456563
1.000000, 0.553712, 0.000000, -0.443984
1.000000, 0.567155, 0.000000, -0.431424
1.000000, 0.580727, 0.000000, -0.418643
1.000000, 0.594305, 0.000000, -0.405829
1.000000, 0.607788, 0.000000, -0.393101
1.000000, 0.621199, 0.000000, -0.380455
1.000000, 0.635694, 0.000000, -0.366423
1.000000, 0.650763, 0.000000, -0.351936
1.000000, 0.663986, 0.000000, -0.339684
1.000000, 0.677907, 0.000000, -0.326173
1.000000, 0.691215, 0.000000, -0.313474
1.000000, 0.704361, 0.000000, -0.300855
1.000000, 0.717586, 0.000000, -0.288080
1.000000, 0.730985, 0.000000, -0.275113
1.000000, 0.744658, 0.000000, -0.261817
1.000000, 0.758202, 0.000000, -0.248702
1.000000, 0.771928, 0.000000, -0.235308
1.000000, 0.785479, 0.000000, -0.222097
1.000000, 0.798750, 0.000000, -0.209149
1.000000, 0.812090, 0.000000, -0.196025
1.000000, 0.826103, 0.000000, -0.182019
1.000000, 0.840085, 0.000000, -0.168086
1.000000, 0.854292, 0.000000, -0.153807
1.000000, 0.868258, 0.000000, -0.139761
1.000000, 0.882118, 0.000000, -0.125711
1.000000, 0.896062, 0.000000, -0.111427
1.000000, 0.910254, 0.000000, -0.096727
1.000000, 0.923822, 0.000000, -0.082631
1.000000, 0.937238, 0.000000, -0.068486
1.000000, 0.950773, 0.000000, -0.053978
1.000000, 0.964301, 0.000000, -0.039297
1.000000, 0.976971, 0.000000, -0.025423
1.000000, 0.988540, 0.000000, -0.012680
1.000000, 1.000000, 0.000000, 0.000000
