0.000000, 0.000000, 0.000000, 0.000000
0.000000, 0.010755, 0.000000, 0.009879
0.000000, 0.021597, 0.000000, 0.019818
0.000000, 0.033448, 0.000000, 0.030647
0.000000, 0.045500, 0.000000, 0.041592
0.000000, 0.057899, 0.000000, 0.052766
0.000000, 0.070478, 0.000000, 0.064004
0.000000, 0.083276, 0.000000, 0.075338
0.000000, 0.096279, 0.000000, 0.086762
0.000000, 0.109343, 0.000000, 0.098150
0.000000, 0.122354, 0.000000, 0.109408
0.000000, 0.135251, 0.000000, 0.120477
0.000000, 0.148125, 0.000000, 0.131450
0.000000, 0.160994, 0.000000, 0.142342
0.000000, 0.173929, 0.000000, 0.153233
0.000000, 0.186917, 0.000000, 0.164113
0.000000, 0.199955, 0.000000, 0.174982
0.000000, 0.213057, 0.000000, 0.185859
0.000000, 0.226249, 0.000000, 0.196770
0.000000, 0.239548, 0.000000, 0.207741
0.000000, 0.252916, 0.000000, 0.218738
0.000000, 0.266310, 0.000000, 0.229723
0.000000, 0.279730, 0.000000, 0.240698
0.000000, 0.293210, 0.000000, 0.251702
0.000000, 0.306746, 0.000000, 0.262757
0.000000, 0.320139, 0.000000, 0.273650
0.000000, 0.333464, 0.000000, 0.284454
0.000000, 0.346801, 0.000000, 0.295240
0.000000, 0.360197, 0.000000, 0.306043
0.000000, 0.373712, 0.000000, 0.316927
0.000000, 0.387310, 0.000000, 0.327863
0.000000, 0.400954, 0.000000, 0.338818
0.000000, 0.414644, 0.000000, 0.349785
0.000000, 0.428410, 0.000000, 0.360791
0.000000, 0.442304, 0.000000, 0.371895
0.000000, 0.456306, 0.000000, 0.383192
0.000000, 0.469470, 0.000000, 0.393687
0.000000, 0.482296, 0.000000, 0.403832
0.000000, 0.495090, 0.000000, 0.413939
0.000000, 0.507721, 0.000000, 0.423874
0.000000, 0.520000, 0.000000, 0.433474
0.000000, 0.531685, 0.000000, 0.442664
0.000000, 0.542741, 0.000000, 0.451512
0.000000, 0.554654, 0.000000, 0.460993
0.000000, 0.567726, 0.000000, 0.471237
0.000000, 0.581396, 0.000000, 0.481893
0.000000, 0.595347, 0.000000, 0.492793
0.000000, 0.609204, 0.000000, 0.503596
0.000000, 0.622924, 0.000000, 0.514191
0.000000, 0.637031, 0.000000, 0.525162
0.000000, 0.651128, 0.000000, 0.536118
0.000000, 0.664928, 0.000000, 0.546814
0.000000, 0.678431, 0.000000, 0.557051
0.000000, 0.692643, 0.000000, 0.568011
0.000000, 0.706570, 0.000000, 0.578582
0.000000, 0.720639, 0.000000, 0.589155
0.000000, 0.735083, 0.000000, 0.600081
0.000000, 0.749533, 0.000000, 0.610824
0.000000, 0.764823, 0.000000, 0.622575
0.000000, 0.778977, 0.000000, 0.633084
0.000000, 0.793123, 0.000000, 0.643713
0.000000, 0.806711, 0.000000, 0.653558
0.000000, 0.821308, 0.000000, 0.664235
0.000000, 0.836489, 0.000000, 0.675422
0.000000, 0.851557, 0.000000, 0.686630
0.000000, 0.865590, 0.000000, 0.696682
0.000000, 0.879696, 0.000000, 0.706803
0.000000, 0.893469, 0.000000, 0.716629
0.000000, 0.906920, 0.000000, 0.726164
0.000000, 0.920080, 0.000000, 0.735396
0.000000, 0.933351, 0.000000, 0.744755
0.000000, 0.945699, 0.000000, 0.753071
0.000000, 0.959562, 0.000000, 0.763666
0.000000, 0.972602, 0.000000, 0.775990
0.000000, 0.985200, 0.000000, 0.787893
0.000000, 1.000000, 0.000000, 0.000000
0.008688, 0.756863, 0.006631, 0.616413
0.009154, 0.828561, 0.006802, 0.669608
0.009174, 0.989329, -0.282965, 0.515731
0.009439, 0.844117, 0.006969, 0.681093
0.009857, 0.952306, 0.006881, 0.757549
0.009887, 0.813458, 0.007391, 0.658505
0.009940, 0.449389, 0.008186, 0.377584
0.009973, 0.742105, 0.007649, 0.605330
0.009980, 0.728090, 0.007691, 0.594814
0.010035, 0.588108, 0.008025, 0.487065
0.010039, 0.629506, 0.007948, 0.519282
0.010131, 0.435276, 0.008366, 0.366284
0.010174, 0.573633, 0.008161, 0.475718
0.010277, 0.643845, 0.008107, 0.530418
0.010306, 0.685295, 0.008042, 0.562331
0.010309, 0.602226, 0.008217, 0.498109
0.010314, 0.559073, 0.008301, 0.464298
0.010322, 0.421445, 0.008548, 0.355224
0.010435, 0.407752, 0.008666, 0.344258
0.010478, 0.544421, 0.008460, 0.452789
0.010507, 0.394106, 0.008749, 0.333311
0.010587, 0.380470, 0.008841, 0.322354
0.010596, 0.786793, 0.008007, 0.638941
0.010617, 0.615959, 0.008435, 0.508809
0.010656, 0.299872, 0.009052, 0.257128
0.010727, 0.366865, 0.008983, 0.311405
0.010731, 0.286343, 0.009144, 0.246089
0.010740, 0.713560, 0.008310, 0.583802
0.010755, 0.529944, 0.008711, 0.441426
0.010814, 0.272913, 0.009244, 0.235115
0.010838, 0.259492, 0.009294, 0.224122
0.010842, 0.246054, 0.009328, 0.213082
0.010847, 0.873188, 0.007902, 0.702054
0.010873, 0.772022, 0.008255, 0.627875
0.010895, 0.658173, 0.008566, 0.541566
0.010909, 0.232671, 0.009417, 0.202058
0.010924, 0.353373, 0.009173, 0.300531
0.010932, 0.313487, 0.009259, 0.268226
0.010970, 0.699525, 0.008525, 0.573196
0.011014, 0.340062, 0.009275, 0.289781
0.011039, 0.326795, 0.009322, 0.279035
0.011049, 0.219432, 0.009573, 0.191124
0.011120, 0.102757, 0.009986, 0.092398
0.011166, 0.206315, 0.009709, 0.180253
0.011166, 0.887183, 0.008079, 0.712089
0.011169, 0.089484, 0.010072, 0.080782
0.011182, 0.516151, 0.009086, 0.430635
0.011216, 0.115915, 0.010030, 0.103825
0.011248, 0.193275, 0.009817, 0.169403
0.011284, 0.858792, 0.008277, 0.691725
0.011303, 0.463716, 0.009283, 0.389081
0.011309, 0.180291, 0.009908, 0.158553
0.011314, 0.502733, 0.009219, 0.420047
0.011361, 0.000000, 0.010445, 0.000000
0.011383, 0.167337, 0.010012, 0.147673
0.011395, 0.927071, 0.008084, 0.740277
0.011400, 0.025016, 0.010462, 0.022942
0.011421, 0.076389, 0.010344, 0.069231
0.011422, 0.128820, 0.010171, 0.114945
0.011462, 0.141660, 0.010164, 0.125928
0.011462, 0.489552, 0.009365, 0.409617
0.011488, 0.154447, 0.010145, 0.136790
0.011504, 0.900785, 0.008271, 0.721792
0.011553, 0.671386, 0.009048, 0.551695
0.011638, 0.799668, 0.008748, 0.648431
0.011641, 0.063534, 0.010587, 0.057792
0.011722, 0.964908, 0.007639, 0.765527
0.011725, 0.050873, 0.010703, 0.046429
0.011731, 0.476511, 0.009610, 0.399278
0.011836, 0.914050, 0.008464, 0.731192
0.011937, 0.037990, 0.010929, 0.034768
0.013129, 0.940476, 0.009321, 0.749555
0.013423, 1.000000, -0.867304, 0.000000
0.013695, 0.976980, 0.001245, 0.764204
0.013912, 0.011588, 0.012785, 0.010638
0.018511, 0.762079, 0.014102, 0.620240
0.018733, 0.834890, 0.013883, 0.674138
0.019000, 0.820561, 0.014164, 0.663629
0.019327, 0.749279, 0.014789, 0.610645
0.019666, 0.580823, 0.015751, 0.481332
0.019772, 0.565959, 0.015887, 0.469646
0.019906, 0.635517, 0.015733, 0.523839
0.019943, 0.455847, 0.016400, 0.382697
0.019996, 0.781212, 0.015134, 0.634632
0.020028, 0.551339, 0.016145, 0.458197
0.020069, 0.721987, 0.015493, 0.590167
0.020129, 0.441956, 0.016600, 0.371592
0.020225, 0.595053, 0.016147, 0.492480
0.020397, 0.650407, 0.016065, 0.535489
0.020564, 0.428236, 0.017006, 0.360631
0.020629, 0.537115, 0.016683, 0.447058
0.020773, 0.847362, 0.015308, 0.683154
0.020839, 0.414618, 0.017281, 0.349734
0.020906, 0.953495, 0.011375, 0.755123
0.020926, 0.735403, 0.016083, 0.600234
0.020983, 0.988156, -0.743272, 0.016475
0.020983, 0.401036, 0.017448, 0.338845
0.020996, 0.608904, 0.016709, 0.503297
0.021018, 0.691622, 0.016366, 0.567016
0.021083, 0.387442, 0.017579, 0.327927
0.021244, 0.373812, 0.017762, 0.316963
0.021324, 0.306327, 0.018085, 0.262343
0.021395, 0.622483, 0.016970, 0.513844
0.021423, 0.292850, 0.018225, 0.251362
0.021567, 0.360174, 0.018083, 0.305975
0.021597, 0.706791, 0.016744, 0.578574
0.021599, 0.252554, 0.018550, 0.218383
0.021608, 0.279494, 0.018439, 0.240462
0.021639, 0.266078, 0.018524, 0.229482
0.021641, 0.678769, 0.016920, 0.557338
0.021656, 0.807122, 0.016233, 0.653867
0.021693, 0.239075, 0.018693, 0.207292
0.021727, 0.523626, 0.017625, 0.436501
0.021984, 0.225802, 0.019010, 0.196345
0.021994, 0.346645, 0.018494, 0.295058
0.022032, 0.320098, 0.018632, 0.273559
0.022033, 0.096041, 0.019816, 0.086469
0.022108, 0.869552, 0.016130, 0.699422
0.022112, 0.333394, 0.018646, 0.284346
0.022227, 0.109432, 0.019906, 0.098148
0.022232, 0.510196, 0.018086, 0.425909
0.022256, 0.212669, 0.019314, 0.185479
0.022362, 0.882083, 0.016212, 0.708460
0.022442, 0.082708, 0.020270, 0.074756
0.022444, 0.199625, 0.019549, 0.174645
0.022593, 0.186653, 0.019751, 0.163826
0.022621, 0.496995, 0.018453, 0.415477
0.022685, 0.173717, 0.019909, 0.152987
0.022755, 0.122316, 0.020295, 0.109290
0.022842, 0.160761, 0.020126, 0.142074
0.022848, 0.895125, 0.016440, 0.717735
0.022909, 0.019962, 0.021014, 0.018294
0.022914, 0.135173, 0.020354, 0.120331
0.022945, 0.483786, 0.018769, 0.405024
0.022989, 0.069554, 0.020851, 0.063103
0.023054, 0.147861, 0.020394, 0.131146
0.023084, 0.663903, 0.018115, 0.545841
0.023110, 0.932703, 0.015671, 0.743506
0.023363, 0.044539, 0.021343, 0.040670
0.023423, 0.908235, 0.016661, 0.726900
0.023431, 0.858340, 0.017183, 0.691149
0.023467, 0.470539, 0.019251, 0.394555
0.023482, 0.000000, 0.021571, 0.000000
0.023557, 0.056983, 0.021449, 0.051876
0.023673, 0.031552, 0.021683, 0.028879
0.023951, 0.921073, 0.016606, 0.735565
0.024027, 0.793457, 0.018105, 0.643863
0.024135, 0.966550, -0.002806, 0.744349
0.025585, 0.770566, 0.019435, 0.626622
0.026125, 1.000000, -0.797572, 0.000000
0.027882, 0.943287, 0.016783, 0.748827
0.028382, 0.978141, -0.664277, 0.085721
0.028751, 0.573234, 0.023065, 0.475335
0.028758, 0.827535, 0.021374, 0.668692
0.028905, 0.641131, 0.022813, 0.528105
0.029266, 0.010583, 0.026855, 0.009700
0.029374, 0.717129, 0.022704, 0.586392
0.029393, 0.558311, 0.023655, 0.463586
0.029830, 0.587587, 0.023855, 0.486607
0.029924, 0.460455, 0.024581, 0.386251
0.030176, 0.744560, 0.023127, 0.607115
0.030193, 0.697217, 0.023475, 0.571255
0.030212, 0.757335, 0.023053, 0.616670
0.030411, 0.544088, 0.024553, 0.452463
0.030536, 0.447655, 0.025148, 0.376011
0.030952, 0.601433, 0.024674, 0.497440
0.030958, 0.434639, 0.025565, 0.365666
0.031312, 0.421372, 0.025927, 0.355080
0.031384, 0.838958, 0.023215, 0.677127
0.031443, 0.816047, 0.023480, 0.660224
0.031467, 0.672928, 0.024634, 0.552708
0.031514, 0.407984, 0.026165, 0.344363
0.031614, 0.394521, 0.026319, 0.333561
0.031709, 0.380984, 0.026470, 0.322678
0.031932, 0.312452, 0.027038, 0.267240
0.031942, 0.367348, 0.026740, 0.311696
0.031994, 0.615125, 0.025422, 0.508097
0.032170, 0.299102, 0.027323, 0.256387
0.032184, 0.781412, 0.024354, 0.634782
0.032192, 0.730053, 0.024784, 0.596199
0.032251, 0.531138, 0.026118, 0.442373
0.032259, 0.653574, 0.025385, 0.537850
0.032267, 0.259066, 0.027661, 0.223661
0.032329, 0.245449, 0.027806, 0.212466
0.032443, 0.628630, 0.025684, 0.518352
0.032464, 0.272669, 0.027742, 0.234820
0.032473, 0.353619, 0.027261, 0.300623
0.032486, 0.285973, 0.027676, 0.245695
0.032804, 0.232141, 0.028311, 0.201506
0.032833, 0.102823, 0.029440, 0.092300
0.032978, 0.517855, 0.026783, 0.431910
0.033071, 0.089464, 0.029774, 0.080604
0.033169, 0.956539, 0.019421, 0.753611
0.033175, 0.326760, 0.028011, 0.278912
0.033214, 0.339973, 0.027964, 0.289604
0.033253, 0.219004, 0.028798, 0.190652
0.033579, 0.205944, 0.029184, 0.179821
0.033641, 0.989681, -0.774946, -0.016837
0.033689, 0.803171, 0.025286, 0.650814
0.033698, 0.504898, 0.027443, 0.421684
0.033704, 0.075817, 0.030468, 0.068563
0.033844, 0.192997, 0.029522, 0.169042
0.033850, 0.850742, 0.024908, 0.685636
0.033982, 0.115732, 0.030348, 0.103510
0.033990, 0.876169, 0.024712, 0.704055
0.034014, 0.180094, 0.029781, 0.158253
0.034057, 0.491897, 0.027810, 0.411382
0.034078, 0.167176, 0.029953, 0.147398
0.034209, 0.889151, 0.024703, 0.713370
0.034275, 0.128659, 0.030490, 0.114659
0.034319, 0.154125, 0.030284, 0.136369
0.034333, 0.037545, 0.031357, 0.034273
0.034390, 0.685167, 0.026829, 0.562035
0.034609, 0.479104, 0.028334, 0.401218
0.034673, 0.863680, 0.025360, 0.695024
0.034690, 0.902517, 0.024860, 0.722894
0.034716, 0.141145, 0.030757, 0.125334
0.035177, 0.062927, 0.031927, 0.057108
0.035289, 0.916320, 0.025215, 0.732809
0.035529, 0.050400, 0.032360, 0.045888
0.035536, 0.023007, 0.032530, 0.021040
0.035810, 0.930744, 0.028023, 0.745511
0.035848, 0.707378, 0.027789, 0.578939
0.036954, 0.000000, 0.033883, 0.000000
0.037469, 0.767806, 0.028489, 0.624534
0.037647, 0.969873, -0.694851, 0.043672
0.038010, 0.565763, 0.030541, 0.469413
0.038117, 0.663112, 0.029917, 0.545093
0.038137, 0.467914, 0.031288, 0.392259
0.038190, 0.791648, 0.028790, 0.642326
0.038938, 0.579540, 0.031191, 0.480218
0.039389, 1.000000, -0.764065, 0.000000
0.039599, 0.641909, 0.031252, 0.528745
0.039645, 0.551100, 0.031952, 0.457837
0.039900, 0.740986, 0.030607, 0.604334
0.040186, 0.945065, 0.081522, 0.803854
0.040654, 0.828031, 0.030207, 0.669040
0.040730, 0.593299, 0.032526, 0.490994
0.040992, 0.454587, 0.033713, 0.381521
0.041173, 0.719425, 0.031798, 0.588067
0.041613, 0.441460, 0.034315, 0.371061
0.041901, 0.318399, 0.035423, 0.271967
0.041930, 0.428301, 0.034668, 0.360560
0.042043, 0.754121, 0.032118, 0.614343
0.042144, 0.415032, 0.034937, 0.349944
0.042165, 0.606515, 0.033566, 0.501278
0.042248, 0.401686, 0.035117, 0.339243
0.042285, 0.388279, 0.035243, 0.328471
0.042354, 0.374785, 0.035396, 0.317609
0.042568, 0.696064, 0.033102, 0.570231
0.042630, 0.361134, 0.035726, 0.306602
0.042706, 0.813888, 0.031913, 0.658596
0.042723, 0.983412, -0.771394, -0.022380
0.042759, 0.011337, 0.039141, 0.010362
0.042773, 0.251806, 0.036717, 0.217589
0.042839, 0.538773, 0.034631, 0.448283
0.042890, 0.265573, 0.036698, 0.228903
0.043014, 0.304870, 0.036471, 0.260954
0.043407, 0.347276, 0.036483, 0.295420
0.043476, 0.238477, 0.037447, 0.206629
0.043477, 0.279207, 0.037087, 0.240085
0.043547, 0.619259, 0.034557, 0.511116
0.043571, 0.841440, 0.032184, 0.678706
0.043607, 0.292227, 0.037089, 0.250708
0.043626, 0.525438, 0.035368, 0.437801
0.043685, 0.082801, 0.039346, 0.074601
0.043704, 0.096710, 0.039219, 0.086846
0.043845, 0.674712, 0.034301, 0.553970
0.044151, 0.225323, 0.038158, 0.195779
0.044216, 0.778826, 0.033485, 0.632702
0.044260, 0.031801, 0.040393, 0.028999
0.044272, 0.630976, 0.035031, 0.520188
0.044589, 0.333365, 0.037596, 0.284233
0.044611, 0.212221, 0.038689, 0.184926
0.044771, 0.108651, 0.040019, 0.097227
0.044809, 0.512783, 0.036427, 0.427839
0.045066, 0.199283, 0.039221, 0.174171
0.045146, 0.499736, 0.036800, 0.417499
0.045177, 0.855222, 0.033163, 0.688689
0.045229, 0.959289, -0.584879, 0.140152
0.045348, 0.186455, 0.039610, 0.163465
0.045376, 0.160642, 0.039933, 0.141762
0.045422, 0.122216, 0.040453, 0.108999
0.045454, 0.173596, 0.039849, 0.152681
0.045593, 0.881963, 0.033051, 0.708005
0.045739, 0.868832, 0.033363, 0.698551
0.045753, 0.147340, 0.040425, 0.130482
0.045761, 0.486819, 0.037399, 0.407244
0.045799, 0.730481, 0.035247, 0.596324
0.045869, 0.069786, 0.041475, 0.063092
0.045878, 0.895212, 0.033092, 0.717527
0.045923, 0.652222, 0.036142, 0.536620
0.046320, 0.908621, 0.033708, 0.727586
0.046587, 0.134180, 0.041328, 0.119254
0.046828, 0.801884, 0.035159, 0.649789
0.046851, 0.922167, 0.038891, 0.742133
0.046898, 0.044136, 0.042696, 0.040156
0.047626, 0.558652, 0.038323, 0.463733
0.047670, 0.056904, 0.043254, 0.051610
0.048104, 0.474832, 0.039408, 0.397705
0.048259, 0.707962, 0.037395, 0.579242
0.048608, 0.935307, 0.071357, 0.781259
0.048676, 0.685846, 0.037962, 0.562414
0.048726, 0.571570, 0.039101, 0.473928
0.049373, 0.766029, 0.037556, 0.623075
0.049728, 0.584687, 0.039787, 0.484200
0.050075, 0.021033, 0.045725, 0.019180
0.050100, 0.973351, -0.774540, -0.037406
0.050259, 0.000000, 0.045955, 0.000000
0.050343, 0.462170, 0.041341, 0.387539
0.050896, 1.000000, -0.753280, 0.000000
0.051096, 0.743163, 0.039161, 0.605850
0.051212, 0.789550, 0.038626, 0.640559
0.051231, 0.663338, 0.040199, 0.545123
0.051460, 0.322749, 0.043454, 0.275390
0.051565, 0.822705, 0.038387, 0.664942
0.052033, 0.448765, 0.042842, 0.376834
0.052151, 0.598362, 0.041598, 0.494914
0.052287, 0.640231, 0.041276, 0.527321
0.052509, 0.948996, -0.466554, 0.245446
0.052573, 0.435467, 0.043401, 0.366213
0.052828, 0.422205, 0.043726, 0.355606
0.052881, 0.547354, 0.042654, 0.454808
0.052965, 0.408929, 0.043955, 0.344969
0.053012, 0.395650, 0.044111, 0.334309
0.053014, 0.382374, 0.044230, 0.323632
0.053053, 0.258077, 0.045450, 0.222602
0.053064, 0.369078, 0.044391, 0.312920
0.053233, 0.090870, 0.047780, 0.081588
0.053243, 0.309924, 0.045077, 0.264908
0.053421, 0.355746, 0.044810, 0.302157
0.053598, 0.271946, 0.045773, 0.233994
0.053687, 0.834183, 0.039778, 0.673415
0.053718, 0.719552, 0.041475, 0.587946
0.053882, 0.611588, 0.042842, 0.505195
0.053943, 0.532940, 0.043650, 0.443552
0.053988, 0.244883, 0.046405, 0.211776
0.054604, 0.342427, 0.045928, 0.291383
0.054894, 0.231732, 0.047342, 0.200949
0.054947, 0.114929, 0.048981, 0.102556
0.054950, 0.285526, 0.046795, 0.245145
0.054978, 0.987604, -0.753117, -0.008990
0.055114, 0.754801, 0.042078, 0.614561
0.055238, 0.847316, 0.040689, 0.682919
0.055395, 0.297437, 0.047034, 0.254786
0.055398, 0.625771, 0.043886, 0.516056
0.055488, 0.697163, 0.043132, 0.570984
0.055495, 0.218466, 0.048022, 0.189973
0.055737, 0.078590, 0.050190, 0.070756
0.055980, 0.811959, 0.041852, 0.656959
0.056015, 0.520770, 0.045458, 0.434065
0.056099, 0.507433, 0.045648, 0.423490
0.056183, 0.032552, 0.051147, 0.029602
0.056185, 0.205497, 0.048786, 0.179206
0.056358, 0.860899, 0.041252, 0.692691
0.056397, 0.154093, 0.049678, 0.136057
0.056629, 0.494164, 0.046204, 0.412962
0.056664, 0.675696, 0.044313, 0.554578
0.056665, 0.777245, 0.042924, 0.631297
0.056731, 0.192722, 0.049432, 0.168562
0.056812, 0.167141, 0.049858, 0.147096
0.056889, 0.180016, 0.049746, 0.157929
0.056937, 0.874367, 0.041404, 0.702358
0.057078, 0.140325, 0.050477, 0.124331
0.057112, 0.010890, 0.052120, 0.009923
0.057153, 0.887542, 0.041301, 0.711784
0.057196, 0.102279, 0.051181, 0.091574
0.057316, 0.962887, -0.764521, -0.040350
0.057572, 0.900696, 0.041675, 0.721479
0.057955, 0.561433, 0.046599, 0.465814
0.058139, 0.731632, 0.044718, 0.597024
0.058153, 0.913787, 0.046105, 0.734873
0.058439, 0.066489, 0.052798, 0.060037
0.058517, 0.481734, 0.047865, 0.403084
0.058641, 0.330842, 0.049436, 0.281950
0.058858, 0.126606, 0.052286, 0.112625
0.058910, 0.651386, 0.046366, 0.535859
0.059031, 0.043962, 0.053603, 0.039882
0.059330, 0.926577, 0.060171, 0.755408
0.059526, 0.574961, 0.047717, 0.476395
0.059617, 0.799669, 0.044783, 0.647864
0.060330, 0.588172, 0.048216, 0.486718
0.060339, 0.055260, 0.054650, 0.050011
0.060504, 0.469201, 0.049612, 0.393068
0.061135, 0.708683, 0.047353, 0.579624
0.061155, 0.939360, -0.413675, 0.285013
0.061998, 0.456195, 0.050968, 0.382692
0.062376, 0.976468, -0.750184, -0.019032
0.062471, 0.765961, 0.047505, 0.622774
0.062518, 0.686824, 0.048737, 0.563027
0.062726, 0.317219, 0.053008, 0.270727
0.062741, 0.539927, 0.050692, 0.448980
0.063019, 0.442813, 0.051943, 0.371996
0.063053, 0.637475, 0.049803, 0.525079
0.063145, 1.000000, -0.746547, 0.000000
0.063159, 0.743365, 0.048391, 0.605786
0.063208, 0.264164, 0.054039, 0.227427
0.063215, 0.665324, 0.049572, 0.546539
0.063474, 0.429465, 0.052455, 0.361318
0.063705, 0.416193, 0.052784, 0.350689
0.063827, 0.402989, 0.053024, 0.340096
0.063852, 0.601559, 0.050871, 0.497136
0.063882, 0.389868, 0.053207, 0.329549
0.063897, 0.376835, 0.053356, 0.319051
0.063897, 0.000000, 0.058240, 0.000000
0.063945, 0.824533, 0.047555, 0.666104
0.064023, 0.363919, 0.053598, 0.308621
0.064036, 0.022458, 0.058284, 0.020414
0.064281, 0.787558, 0.048503, 0.638838
0.064296, 0.089170, 0.057664, 0.079984
0.064332, 0.278429, 0.054852, 0.239228
0.064513, 0.251374, 0.055331, 0.216952
0.064576, 0.351010, 0.054199, 0.298167
0.064646, 0.615476, 0.051330, 0.507911
0.064825, 0.952710, -0.745680, -0.034478
0.065277, 0.838721, 0.048248, 0.676352
0.065470, 0.304186, 0.055490, 0.260161
0.065476, 0.238466, 0.056342, 0.206354
0.065487, 0.552009, 0.052771, 0.458445
0.065946, 0.113229, 0.058756, 0.100970
0.066029, 0.224880, 0.057007, 0.195128
0.066102, 0.720737, 0.051009, 0.588682
0.066584, 0.852652, 0.048906, 0.686425
0.066820, 0.515008, 0.054279, 0.429363
0.067114, 0.211652, 0.058142, 0.184165
0.067130, 0.148124, 0.059166, 0.130807
0.067132, 0.501145, 0.054684, 0.418357
0.067599, 0.338640, 0.056876, 0.288130
0.067657, 0.866323, 0.049380, 0.696273
0.067663, 0.810512, 0.050600, 0.655704
0.067683, 0.528676, 0.054813, 0.440048
0.067822, 0.075763, 0.060988, 0.068108
0.067861, 0.754804, 0.051793, 0.614287
0.067882, 0.626148, 0.053758, 0.516168
0.068015, 0.160839, 0.059738, 0.141605
0.068032, 0.198882, 0.059137, 0.173541
0.068115, 0.290936, 0.057913, 0.249424
0.068351, 0.173746, 0.059825, 0.152504
0.068373, 0.879687, 0.049624, 0.705899
0.068536, 0.186307, 0.059780, 0.163042
0.068583, 0.134706, 0.060656, 0.119312
0.068638, 0.988423, -0.743258, -0.008009
0.068710, 0.698150, 0.053379, 0.571511
0.068866, 0.892755, 0.050310, 0.715858
0.068923, 0.034741, 0.062541, 0.031491
0.068967, 0.565192, 0.055404, 0.468675
0.069026, 0.488480, 0.056372, 0.408302
0.069520, 0.905658, 0.056764, 0.730988
0.069809, 0.965859, -0.745106, -0.026953
0.069934, 0.656279, 0.054959, 0.539403
0.069975, 0.100482, 0.062522, 0.089810
0.070081, 0.776365, 0.053090, 0.630447
0.070180, 0.676576, 0.054860, 0.555088
0.070549, 0.918290, 0.044949, 0.724753
0.070562, 0.577856, 0.056513, 0.478477
0.070656, 0.011941, 0.064238, 0.010843
0.070708, 0.325900, 0.059629, 0.277679
0.070824, 0.732313, 0.054449, 0.597321
0.070893, 0.589946, 0.056623, 0.487936
0.071004, 0.476042, 0.058134, 0.398402
0.071247, 0.048322, 0.064461, 0.043684
0.071669, 0.062417, 0.064617, 0.056241
0.071974, 0.644883, 0.056723, 0.530544
0.071979, 0.930685, -0.506671, 0.178061
0.072224, 0.797431, 0.054280, 0.645941
0.072385, 0.463247, 0.059416, 0.388210
0.072816, 0.123181, 0.064603, 0.109392
0.072902, 0.269612, 0.062226, 0.231756
0.073350, 0.450057, 0.060363, 0.377677
0.073399, 0.943020, -0.722534, -0.024562
0.073695, 0.608968, 0.058595, 0.502704
0.073802, 0.710462, 0.057123, 0.580798
0.073976, 0.436749, 0.061038, 0.367036
0.074118, 0.541907, 0.059840, 0.450340
0.074389, 0.423423, 0.061537, 0.356362
0.074635, 0.313345, 0.063119, 0.267509
0.074646, 0.410221, 0.061910, 0.345777
0.074825, 0.397176, 0.062218, 0.335298
0.074936, 0.384286, 0.062467, 0.324920
0.075085, 0.371673, 0.062746, 0.314743
0.075227, 0.359123, 0.063016, 0.304579
0.075387, 0.257516, 0.064514, 0.221777
0.075570, 0.819865, 0.056287, 0.662367
0.075596, 0.087380, 0.067703, 0.078250
0.075616, 0.743777, 0.057908, 0.605810
0.075727, 0.832282, 0.056111, 0.671464
0.075924, 0.977546, -0.738371, -0.016099
0.075984, 0.765519, 0.057773, 0.622220
0.076076, 0.231781, 0.065519, 0.200642
0.076179, 0.687625, 0.059351, 0.563358
0.076196, 1.000000, -0.737953, 0.000000
0.076332, 0.245503, 0.065520, 0.211941
0.076485, 0.346785, 0.064220, 0.294563
0.076736, 0.633303, 0.060655, 0.521590
0.076896, 0.845412, 0.056645, 0.680983
0.076974, 0.280277, 0.065568, 0.240564
0.076983, 0.000000, 0.069853, 0.000000
0.077043, 0.666499, 0.060382, 0.547238
0.077073, 0.507598, 0.062681, 0.423288
0.077346, 0.555877, 0.062261, 0.461308
0.077378, 0.300348, 0.065615, 0.256907
0.077390, 0.955821, -0.738219, -0.032876
0.077415, 0.218140, 0.066903, 0.189366
0.077666, 0.597492, 0.061916, 0.493721
0.077694, 0.024429, 0.070380, 0.022103
0.077971, 0.521276, 0.063242, 0.434164
0.078006, 0.785926, 0.058874, 0.637351
0.078085, 0.142740, 0.068830, 0.126011
0.078160, 0.858708, 0.057209, 0.690542
0.078306, 0.110704, 0.069674, 0.098553
0.079050, 0.722253, 0.060959, 0.589636
0.079101, 0.204886, 0.068595, 0.178362
0.079176, 0.620020, 0.062792, 0.511311
0.079256, 0.871952, 0.057632, 0.700017
0.079274, 0.154284, 0.069685, 0.135881
0.079458, 0.167244, 0.069606, 0.146857
0.079488, 0.074715, 0.071339, 0.067022
0.079489, 0.494803, 0.064816, 0.413137
0.079827, 0.333788, 0.067177, 0.283894
0.079937, 0.806656, 0.059841, 0.652467
0.080103, 0.885014, 0.058697, 0.710136
0.080138, 0.192322, 0.069727, 0.167892
0.080343, 0.179881, 0.070145, 0.157492
0.080352, 0.569436, 0.064478, 0.471865
0.080422, 0.755183, 0.061349, 0.614263
0.080437, 0.038439, 0.072685, 0.034698
0.080830, 0.897863, 0.066852, 0.726691
0.081327, 0.700524, 0.063124, 0.573128
0.081607, 0.532581, 0.066020, 0.442965
0.081686, 0.583013, 0.065326, 0.482296
0.081734, 0.482631, 0.066815, 0.403486
0.081845, 0.910543, -0.017615, 0.646817
0.081876, 0.653904, 0.064368, 0.537369
0.082404, 0.052322, 0.074241, 0.047094
0.082431, 0.132258, 0.072836, 0.116980
0.082479, 0.988856, -0.733633, -0.007887
0.082640, 0.098077, 0.073709, 0.087485
0.082852, 0.289462, 0.070410, 0.247963
0.083100, 0.470066, 0.068106, 0.393506
0.083195, 0.011221, 0.075303, 0.010139
0.083255, 0.922948, -0.644926, 0.027062
0.083513, 0.966910, -0.732984, -0.023852
0.083683, 0.322694, 0.070604, 0.274951
0.083829, 0.457023, 0.068880, 0.383104
0.083835, 0.734161, 0.064395, 0.598486
0.083917, 0.774125, 0.063597, 0.628456
0.084064, 0.267123, 0.071768, 0.229587
0.084170, 0.676919, 0.065763, 0.555048
0.084280, 0.063516, 0.075738, 0.057033
0.084580, 0.443750, 0.069677, 0.372496
0.084828, 0.934893, -0.718125, -0.033951
0.084931, 0.430583, 0.070147, 0.361964
0.085200, 0.546606, 0.068713, 0.453934
0.085250, 0.641909, 0.067229, 0.528124
0.085368, 0.417291, 0.070689, 0.351304
0.085489, 0.946264, -0.728649, -0.036240
0.085536, 0.607960, 0.068022, 0.501832
0.085727, 0.404198, 0.071169, 0.340797
0.085974, 0.391271, 0.071553, 0.330399
0.086025, 0.239297, 0.073897, 0.206657
0.086062, 0.796016, 0.064685, 0.644546
0.086310, 0.120769, 0.076471, 0.107065
0.086335, 0.309721, 0.073026, 0.264358
0.086375, 0.378797, 0.072064, 0.320356
0.086377, 0.366326, 0.072240, 0.310277
0.086883, 0.354159, 0.072832, 0.300416
0.086920, 0.225632, 0.074918, 0.195382
0.086941, 0.712171, 0.067240, 0.581872
0.087167, 0.815348, 0.065012, 0.658703
0.087287, 0.513717, 0.070878, 0.427931
0.087535, 0.826641, 0.064985, 0.667069
0.087560, 0.253949, 0.074979, 0.218761
0.087646, 0.085184, 0.078332, 0.076109
0.087734, 0.341604, 0.073707, 0.290157
0.087782, 0.838782, 0.064821, 0.675928
0.088276, 0.691007, 0.068696, 0.565745
0.088341, 0.746889, 0.067565, 0.607908
0.088603, 0.594991, 0.070669, 0.491635
0.088612, 0.629060, 0.070101, 0.518118
0.088843, 0.851524, 0.065203, 0.685097
0.088954, 0.211739, 0.076926, 0.183838
0.089202, 0.501562, 0.072613, 0.418286
0.089318, 0.663814, 0.070027, 0.544899
0.089489, 0.559745, 0.071954, 0.464133
0.089667, 1.000000, -0.728556, 0.000000
0.089718, 0.978104, -0.728471, -0.015648
0.089736, 0.277839, 0.076420, 0.238313
0.089865, 0.159263, 0.078774, 0.139874
0.090038, 0.864480, 0.065721, 0.694435
0.090101, 0.144620, 0.079260, 0.127395
0.090304, 0.020661, 0.081506, 0.018619
0.090415, 0.000000, 0.081686, 0.000000
0.090458, 0.761588, 0.068843, 0.618973
0.090610, 0.031595, 0.081692, 0.028445
0.090851, 0.108405, 0.080692, 0.096305
0.090979, 0.297959, 0.077133, 0.254718
0.091138, 0.877452, 0.068023, 0.705572
0.091276, 0.956126, -0.727096, -0.031505
0.091289, 0.784956, 0.068891, 0.636277
0.091348, 0.172447, 0.079809, 0.151018
0.091468, 0.198116, 0.079375, 0.172499
0.091755, 0.571777, 0.073554, 0.473378
0.091846, 0.045107, 0.082626, 0.040534
0.091959, 0.724097, 0.070844, 0.590719
0.092072, 0.890353, 0.080425, 0.725905
0.092203, 0.524063, 0.074711, 0.436097
0.092305, 0.185600, 0.080377, 0.162072
0.092485, 0.072484, 0.082806, 0.064853
0.092595, 0.489150, 0.075574, 0.408475
0.092629, 0.617238, 0.073489, 0.508918
0.092760, 0.583490, 0.074168, 0.482548
0.092968, 0.903204, -0.134736, 0.514866
0.093085, 0.537858, 0.075206, 0.446943
0.094080, 0.476829, 0.076983, 0.398721
0.094128, 0.651036, 0.074043, 0.535001
0.094210, 0.331883, 0.079276, 0.282130
0.094295, 0.916192, -0.730254, -0.069615
0.094429, 0.805705, 0.070683, 0.651437
0.094575, 0.463781, 0.077588, 0.388332
0.094849, 0.131929, 0.083691, 0.116503
0.094942, 0.702333, 0.073632, 0.574263
0.095003, 0.682474, 0.074089, 0.559008
0.095033, 0.450606, 0.078165, 0.377816
0.095056, 0.319179, 0.080213, 0.271892
0.095182, 0.095817, 0.084724, 0.085272
0.095498, 0.265309, 0.081526, 0.227945
0.095823, 0.437250, 0.079018, 0.367127
0.095865, 0.424301, 0.079254, 0.356767
0.095877, 0.058389, 0.086013, 0.052332
0.095952, 0.737230, 0.073603, 0.600493
0.095974, 0.245027, 0.082278, 0.211195
0.096049, 0.929305, -0.717985, -0.045651
0.096254, 0.772945, 0.072938, 0.627172
0.096400, 0.988975, -0.723809, -0.007897
0.096450, 0.410991, 0.079939, 0.346071
0.096809, 0.397762, 0.080439, 0.335426
0.097064, 0.967283, -0.723171, -0.023494
0.097140, 0.287407, 0.082505, 0.245950
0.097153, 0.550939, 0.078261, 0.457143
0.097213, 0.604248, 0.077352, 0.498681
0.097218, 0.232661, 0.083565, 0.200938
0.097332, 0.942667, -0.722106, -0.040823
0.097339, 0.010676, 0.087748, 0.009609
0.097501, 0.346581, 0.081817, 0.294081
0.097517, 0.638228, 0.076954, 0.525041
0.097529, 0.372432, 0.081439, 0.315023
0.097656, 0.385288, 0.081346, 0.325406
0.097805, 0.671400, 0.076497, 0.550434
0.097830, 0.359824, 0.081889, 0.304828
0.097909, 0.219870, 0.084410, 0.190345
0.098768, 0.510906, 0.080228, 0.425529
0.098857, 0.119128, 0.087439, 0.105406
0.098948, 0.306663, 0.083687, 0.261615
0.098999, 0.830781, 0.073334, 0.669693
0.099062, 0.817579, 0.073778, 0.659998
0.099151, 0.750960, 0.075704, 0.610728
0.099580, 0.152540, 0.087315, 0.133943
0.099627, 0.843862, 0.073428, 0.679226
0.099817, 0.082909, 0.089015, 0.073895
0.099903, 0.795619, 0.075063, 0.643913
0.100066, 0.713873, 0.077313, 0.582791
0.100397, 0.205750, 0.086826, 0.178561
0.100791, 0.856886, 0.074342, 0.689097
0.101077, 0.498248, 0.082322, 0.415513
0.101103, 0.591706, 0.080677, 0.488853
0.101495, 0.625995, 0.080335, 0.515534
0.101751, 0.254612, 0.087053, 0.219083
0.101802, 0.036006, 0.091387, 0.032276
0.101945, 0.164686, 0.089136, 0.144260
0.102040, 0.869841, 0.079496, 0.702921
0.102370, 0.530140, 0.082810, 0.440614
0.102424, 0.692867, 0.079634, 0.566862
0.102513, 0.659544, 0.080434, 0.541306
0.102610, 0.564261, 0.082397, 0.467435
0.102812, 0.276114, 0.087522, 0.236652
0.103028, 0.177982, 0.089787, 0.155469
0.103051, 0.577627, 0.082487, 0.477776
0.103158, 0.022743, 0.092756, 0.020411
0.103171, 0.882704, 0.093377, 0.723776
0.103195, 0.106478, 0.091480, 0.094386
0.103268, 1.000000, -0.718935, 0.000000
0.103442, 0.955379, -0.718469, -0.032141
0.103582, 0.977973, -0.718631, -0.015850
0.103743, 0.141444, 0.091160, 0.124400
0.103764, 0.727745, 0.079821, 0.593195
0.103881, 0.783877, 0.078382, 0.635088
0.103901, 0.047666, 0.093112, 0.042659
0.104014, 0.069224, 0.092894, 0.061767
0.104077, 0.762449, 0.079129, 0.619054
0.104138, 0.895492, -0.295069, 0.339653
0.104172, 0.000000, 0.093737, 0.000000
0.104331, 0.191548, 0.090551, 0.166715
0.105010, 0.908287, -0.724895, -0.076724
0.105154, 0.613432, 0.083477, 0.505698
0.105188, 0.484060, 0.085901, 0.404161
0.105278, 0.296492, 0.089201, 0.253194
0.105334, 0.470575, 0.086278, 0.393573
0.105666, 0.338837, 0.088781, 0.287664
0.105779, 0.457214, 0.086869, 0.382915
0.105959, 0.541360, 0.085510, 0.449422
0.105994, 0.326226, 0.089296, 0.277494
0.106085, 0.444019, 0.087344, 0.372370
0.106354, 0.519579, 0.086195, 0.432094
0.106491, 0.646942, 0.083827, 0.531549
0.106527, 0.921327, -0.716324, -0.057722
0.106753, 0.418026, 0.088335, 0.351544
0.106952, 0.314789, 0.090282, 0.268104
0.107113, 0.681018, 0.083538, 0.557618
0.107190, 0.404095, 0.088914, 0.340284
0.107192, 0.430472, 0.088480, 0.361497
0.107463, 0.093501, 0.095446, 0.083008
0.107569, 0.128853, 0.094752, 0.113549
0.107611, 0.741095, 0.082416, 0.603168
0.107619, 0.241519, 0.092267, 0.208091
0.107976, 0.352510, 0.090475, 0.298725
0.107980, 0.807183, 0.080734, 0.652164
0.108254, 0.216037, 0.093314, 0.186922
0.108373, 0.264770, 0.092468, 0.227296
0.108465, 0.378532, 0.090428, 0.319746
0.108511, 0.934093, -0.713637, -0.046767
0.108592, 0.229111, 0.093361, 0.197827
0.108866, 0.552807, 0.087633, 0.458370
0.108869, 0.365866, 0.090993, 0.309537
0.108909, 0.391798, 0.090570, 0.330439
0.108946, 0.703597, 0.084408, 0.574758
0.109098, 0.772821, 0.082633, 0.626711
0.109365, 0.600711, 0.087079, 0.495755
0.109371, 0.822266, 0.081264, 0.663113
0.109829, 0.057309, 0.098155, 0.051150
0.110091, 0.945232, -0.713387, -0.039470
0.110154, 0.988889, -0.714038, -0.008023
0.110233, 0.836061, 0.081464, 0.673155
0.110353, 0.966319, -0.713717, -0.024322
0.110359, 0.634709, 0.087141, 0.522075
0.110515, 0.011183, 0.099204, 0.010016
0.110672, 0.668867, 0.086598, 0.548265
0.111078, 0.718263, 0.085677, 0.585809
0.111239, 0.285932, 0.094445, 0.244498
0.111395, 0.495514, 0.090743, 0.413113
0.111424, 0.849280, 0.082359, 0.683164
0.111434, 0.080182, 0.099118, 0.071263
0.111442, 0.153534, 0.097524, 0.134526
0.111559, 0.202178, 0.096427, 0.175290
0.111572, 0.508160, 0.090661, 0.423157
0.111683, 0.116774, 0.098604, 0.103102
0.111971, 0.753633, 0.085380, 0.612403
0.111975, 0.587322, 0.089432, 0.485274
0.112334, 0.793757, 0.084421, 0.642205
0.112395, 0.032006, 0.100672, 0.028616
0.112806, 0.862282, 0.087974, 0.697254
0.113014, 0.167837, 0.098554, 0.146616
0.113494, 0.305429, 0.095938, 0.260295
0.113521, 0.574335, 0.090937, 0.475131
0.113947, 0.622038, 0.090249, 0.512187
0.114010, 0.251562, 0.097481, 0.216229
0.114164, 0.875159, 0.069152, 0.684101
0.114605, 0.181193, 0.099606, 0.157825
0.114693, 0.530502, 0.092736, 0.440613
0.115061, 0.655867, 0.090336, 0.538191
0.115310, 0.887932, -0.493227, 0.127824
0.115340, 0.103939, 0.102025, 0.091909
0.115418, 0.691211, 0.089729, 0.565173
0.115787, 0.138917, 0.101553, 0.121908
0.115837, 0.043742, 0.103573, 0.039045
0.115910, 0.563173, 0.093082, 0.466383
0.115929, 0.731164, 0.089041, 0.595411
0.116173, 0.332224, 0.097685, 0.282094
0.116203, 0.900715, -0.703808, -0.068664
0.116230, 0.275165, 0.098901, 0.235656
0.116372, 0.410984, 0.096375, 0.345641
0.116505, 0.475139, 0.095294, 0.396902
0.116639, 0.462734, 0.095641, 0.387043
0.116716, 0.067531, 0.103913, 0.060048
0.116816, 0.913687, -0.709694, -0.064391
0.116818, 1.000000, -0.709285, 0.000000
0.116943, 0.437064, 0.096375, 0.366571
0.117025, 0.977480, -0.709068, -0.016320
0.117042, 0.781508, 0.088357, 0.633077
0.117101, 0.449899, 0.096261, 0.376809
0.117261, 0.954886, -0.708542, -0.032683
0.117430, 0.345018, 0.098498, 0.292460
0.117516, 0.021030, 0.105200, 0.018786
0.117648, 0.609402, 0.093460, 0.502326
0.117694, 0.000000, 0.105422, 0.000000
0.118185, 0.318453, 0.099618, 0.270814
0.118426, 0.540913, 0.095521, 0.448665
0.118468, 0.814790, 0.088250, 0.657277
0.118469, 0.212669, 0.102102, 0.183899
0.118592, 0.486548, 0.096752, 0.405810
0.118698, 0.927475, -0.706947, -0.052478
0.118722, 0.192401, 0.102806, 0.167019
0.118733, 0.766386, 0.090114, 0.621709
0.118736, 0.358300, 0.099333, 0.303193
0.118863, 0.710096, 0.091885, 0.579412
0.118941, 0.679166, 0.092790, 0.555988
0.119016, 0.423228, 0.098336, 0.355450
0.119044, 0.384520, 0.099081, 0.324326
0.119201, 0.225222, 0.102493, 0.194406
0.119262, 0.643614, 0.093933, 0.528727
0.119358, 0.520457, 0.096725, 0.432717
0.119460, 0.295229, 0.101162, 0.251872
0.119541, 0.090726, 0.105908, 0.080317
0.119726, 0.238298, 0.102633, 0.205196
0.119790, 0.262537, 0.102142, 0.225138
0.119965, 0.398876, 0.099569, 0.335839
0.120064, 0.371940, 0.100192, 0.314235
0.120115, 0.743181, 0.091872, 0.604234
0.120325, 0.828593, 0.089114, 0.667307
0.120406, 0.551937, 0.096897, 0.457350
0.120719, 0.127101, 0.106155, 0.111780
0.120866, 0.801554, 0.090509, 0.647537
0.120992, 0.596264, 0.096407, 0.492027
0.121892, 0.841835, 0.090181, 0.677269
0.122019, 0.941372, -0.704802, -0.042525
0.122298, 0.054478, 0.108939, 0.048445
0.122325, 0.665382, 0.095755, 0.545186
0.122512, 0.147340, 0.107143, 0.128948
0.122648, 0.499580, 0.099779, 0.416016
0.122672, 0.630685, 0.096926, 0.518662
0.122937, 0.159760, 0.107244, 0.139525
0.123307, 0.698999, 0.095617, 0.570839
0.123437, 0.854811, 0.096305, 0.691596
0.123446, 0.583347, 0.098651, 0.481907
0.123546, 0.078121, 0.109580, 0.069212
0.123556, 0.755716, 0.094093, 0.613500
0.123631, 0.988685, -0.704411, -0.008228
0.123667, 0.965981, -0.704218, -0.024730
0.123755, 0.722079, 0.095305, 0.588393
0.123919, 0.114216, 0.109184, 0.100608
0.124087, 0.510434, 0.100738, 0.424639
0.124566, 0.010517, 0.111333, 0.009378
0.124576, 0.032253, 0.111218, 0.028733
0.124898, 0.172537, 0.108609, 0.150271
0.124982, 0.867651, 0.007991, 0.607826
0.125199, 0.203338, 0.108061, 0.175984
0.125540, 0.307998, 0.106019, 0.262197
0.125612, 0.284721, 0.106577, 0.243202
0.125775, 0.571005, 0.100786, 0.472212
0.126051, 0.789916, 0.094805, 0.638865
0.126082, 0.250033, 0.107697, 0.214614
0.126312, 0.326601, 0.106284, 0.277337
0.126335, 0.617904, 0.100127, 0.508694
0.126432, 0.880382, -0.634020, -0.025678
0.127129, 0.100993, 0.112184, 0.089061
0.127211, 0.411323, 0.105326, 0.345764
0.127356, 0.775533, 0.096286, 0.628052
0.127498, 0.892970, -0.684286, -0.063026
0.127717, 0.431537, 0.105326, 0.361911
0.127915, 0.338541, 0.107398, 0.287059
0.128031, 0.652758, 0.100554, 0.535427
0.128072, 0.918199, -0.700350, -0.059858
0.128155, 0.455713, 0.105205, 0.381258
0.128162, 0.905556, -0.699688, -0.069010
0.128276, 0.467684, 0.105051, 0.390768
0.128295, 0.184037, 0.111200, 0.159821
0.128332, 0.531259, 0.103729, 0.441015
0.128422, 0.272475, 0.109222, 0.233129
0.128570, 0.389868, 0.106871, 0.328457
0.128658, 0.443151, 0.105877, 0.371236
0.128874, 0.065084, 0.114372, 0.057667
0.129093, 0.479637, 0.105458, 0.400211
0.129168, 0.734426, 0.099060, 0.597484
0.129215, 0.351056, 0.108225, 0.297177
0.129398, 0.558571, 0.103958, 0.462362
0.129414, 0.363803, 0.108102, 0.307418
0.129423, 0.216614, 0.111349, 0.186965
0.129484, 0.676387, 0.101034, 0.553427
0.129501, 0.809088, 0.096629, 0.652725
0.129512, 0.042954, 0.115305, 0.038159
0.129553, 0.953516, -0.699806, -0.033883
0.129734, 0.604984, 0.103132, 0.498579
0.129964, 0.688107, 0.101093, 0.562497
0.130192, 0.821601, 0.096653, 0.661874
0.130236, 1.000000, -0.699677, 0.000000
0.130274, 0.136699, 0.114029, 0.119670
0.130438, 0.977281, -0.699459, -0.016574
0.130470, 0.229274, 0.111948, 0.197469
0.130498, 0.544667, 0.105146, 0.451372
0.130528, 0.931645, -0.698585, -0.049771
0.130642, 0.709657, 0.100944, 0.578618
0.130663, 0.491937, 0.106454, 0.409853
0.131257, 0.639359, 0.103450, 0.525112
0.131293, 0.021315, 0.117054, 0.018957
0.131327, 0.260437, 0.111920, 0.223118
0.131564, 0.377705, 0.109589, 0.318560
0.131603, 0.000000, 0.117401, 0.000000
0.131619, 0.298083, 0.111349, 0.254014
0.132161, 0.834502, 0.098250, 0.671821
0.132197, 0.088160, 0.116801, 0.077802
0.132205, 0.747908, 0.100916, 0.607428
0.132746, 0.519172, 0.107579, 0.431489
0.132830, 0.317209, 0.111936, 0.269549
0.132836, 0.241014, 0.113646, 0.207075
0.132981, 0.592129, 0.106024, 0.488506
0.133160, 0.194971, 0.115055, 0.168828
0.133169, 0.123799, 0.116880, 0.108629
0.133183, 0.762497, 0.101142, 0.618248
0.133258, 0.421661, 0.110071, 0.353838
0.133430, 0.150524, 0.116397, 0.131382
0.133501, 0.400755, 0.110748, 0.337190
0.133931, 0.847384, 0.107039, 0.688362
0.134111, 0.665761, 0.104937, 0.545178
0.134748, 0.163831, 0.117198, 0.142632
0.134974, 0.626406, 0.106719, 0.515034
0.135177, 0.720893, 0.104064, 0.586928
0.135348, 0.075821, 0.119687, 0.066948
0.135380, 0.505679, 0.110004, 0.420739
0.135516, 0.579720, 0.108346, 0.478772
0.135618, 0.053027, 0.120345, 0.046952
0.135653, 0.860203, -0.084036, 0.501029
0.135681, 0.799017, 0.101607, 0.645027
0.135859, 0.110606, 0.119426, 0.097165
0.136143, 0.942785, -0.694842, -0.041816
0.136424, 0.965458, -0.695077, -0.025267
0.136791, 0.698502, 0.106040, 0.570092
0.137000, 0.988580, -0.694797, -0.008358
0.137311, 0.872948, -0.693272, -0.097429
0.137419, 0.785110, 0.103480, 0.634880
0.137475, 0.567161, 0.110211, 0.468880
0.137537, 0.288989, 0.116520, 0.246446
0.137649, 0.207174, 0.118558, 0.178895
0.137858, 0.032251, 0.122598, 0.028609
0.137926, 0.329401, 0.115929, 0.279365
0.138213, 0.175704, 0.119852, 0.152562
0.138457, 0.010779, 0.123243, 0.009568
0.138534, 0.613486, 0.109872, 0.504943
0.138769, 0.277921, 0.117804, 0.237339
0.138866, 0.885587, -0.684103, -0.076817
0.138967, 0.773228, 0.105099, 0.626013
0.139116, 0.922053, -0.692185, -0.057074
0.139173, 0.098129, 0.122503, 0.086285
0.139244, 0.448223, 0.114413, 0.374967
0.139253, 0.342421, 0.116756, 0.289929
0.139535, 0.656430, 0.109439, 0.537886
0.139630, 0.367689, 0.116498, 0.310330
0.139721, 0.434029, 0.115098, 0.363566
0.139756, 0.897936, -0.689352, -0.073065
0.139907, 0.538381, 0.112859, 0.446266
0.140061, 0.307731, 0.118229, 0.261737
0.140089, 0.472379, 0.114545, 0.394115
0.140102, 0.388998, 0.116438, 0.327547
0.140103, 0.910219, -0.691106, -0.065757
0.140207, 0.460151, 0.114924, 0.384419
0.140288, 0.813197, 0.104566, 0.655369
0.140325, 0.410956, 0.116146, 0.345210
0.140361, 0.552707, 0.112852, 0.457388
0.140432, 0.730660, 0.107754, 0.594127
0.140555, 0.252828, 0.119920, 0.216696
0.140781, 0.678059, 0.109767, 0.554464
0.140836, 0.645402, 0.110767, 0.529345
0.140918, 0.219513, 0.121007, 0.189062
0.140921, 0.355416, 0.117809, 0.300293
0.141287, 0.266207, 0.120204, 0.227672
0.141375, 0.483839, 0.115320, 0.403149
0.141393, 0.063119, 0.125070, 0.055713
0.141594, 0.495641, 0.115224, 0.412493
0.141962, 0.600618, 0.112930, 0.494883
0.141972, 0.741708, 0.108553, 0.602491
0.141982, 0.526990, 0.114831, 0.437379
0.142070, 0.826468, 0.106909, 0.666516
0.142227, 0.187043, 0.122961, 0.161967
0.142668, 0.142313, 0.124390, 0.124079
0.142730, 0.230858, 0.122249, 0.198415
0.142896, 0.954287, -0.690186, -0.033531
0.142935, 0.710117, 0.110384, 0.578651
0.143575, 1.000000, -0.690058, 0.000000
0.143590, 0.131431, 0.125515, 0.114844
0.143601, 0.754140, 0.109329, 0.611737
0.143744, 0.976958, -0.689883, -0.016916
0.143749, 0.042759, 0.127473, 0.037818
0.144146, 0.839559, 0.121613, 0.688581
0.144176, 0.633684, 0.113732, 0.520279
0.144276, 0.932023, -0.688615, -0.049848
0.144435, 0.156031, 0.125622, 0.135763
0.144455, 0.688496, 0.112277, 0.562265
0.144625, 0.241941, 0.123587, 0.207560
0.144861, 0.514313, 0.117450, 0.427276
0.145118, 0.378438, 0.120832, 0.318951
0.145125, 0.021720, 0.128872, 0.019233
0.145326, 0.085203, 0.127986, 0.074910
0.145353, 0.000000, 0.129144, 0.000000
0.145356, 0.118662, 0.127304, 0.103846
0.145421, 0.587918, 0.116018, 0.484937
0.145807, 0.318807, 0.122749, 0.270569
0.145929, 0.422333, 0.120498, 0.354200
0.146044, 0.298203, 0.123476, 0.253855
0.146071, 0.852537, -0.200333, 0.370186
0.146435, 0.199098, 0.126218, 0.171944
0.146623, 0.792444, 0.110044, 0.639805
0.146777, 0.399433, 0.121714, 0.335785
0.146810, 0.667254, 0.114789, 0.546034
0.146832, 0.073407, 0.129525, 0.064625
0.147464, 0.575597, 0.117974, 0.475282
0.147487, 0.562464, 0.118320, 0.464929
0.147509, 0.765272, 0.111834, 0.619788
0.147577, 0.621424, 0.116768, 0.510761
0.147933, 0.865474, -0.704065, -0.120869
0.148040, 0.167685, 0.128408, 0.145550
0.148360, 0.805027, 0.111021, 0.649156
0.148478, 0.720936, 0.114243, 0.586549
0.148693, 0.442352, 0.122263, 0.370026
0.148808, 0.332226, 0.124930, 0.281391
0.148889, 0.107493, 0.130585, 0.094167
0.149570, 0.965636, -0.685548, -0.025289
0.149668, 0.285545, 0.126787, 0.243354
0.149679, 0.878420, -0.682469, -0.088770
0.149688, 0.053041, 0.132354, 0.046775
0.149697, 0.503322, 0.121616, 0.418441
0.149728, 0.943344, -0.685040, -0.041674
0.149925, 0.545295, 0.120719, 0.451419
0.149974, 0.700256, 0.116135, 0.570970
0.150196, 0.988193, -0.685246, -0.008693
0.150232, 0.778364, 0.113328, 0.629253
0.150490, 0.211454, 0.129333, 0.182150
0.150522, 0.344668, 0.126052, 0.291418
0.150584, 0.095516, 0.132279, 0.083774
0.150891, 0.918580, -0.683538, -0.059884
0.150908, 0.608820, 0.119764, 0.500942
0.151007, 0.654317, 0.118444, 0.535878
0.151043, 0.366780, 0.126007, 0.309402
0.151073, 0.467254, 0.123594, 0.389743
0.151359, 0.891486, -0.681649, -0.078985
0.151447, 0.273516, 0.128588, 0.233467
0.151664, 0.904476, -0.682510, -0.070136
0.151733, 0.032675, 0.134402, 0.028858
0.151783, 0.818473, 0.115894, 0.661683
0.151959, 0.260399, 0.129333, 0.222645
0.151995, 0.179082, 0.131476, 0.155058
0.152148, 0.011007, 0.134890, 0.009729
0.152201, 0.454175, 0.124853, 0.379389
0.152500, 0.733042, 0.116858, 0.595491
0.152538, 0.410434, 0.126198, 0.344482
0.152811, 0.355981, 0.127689, 0.300529
0.152920, 0.478822, 0.124831, 0.398946
0.153077, 0.534418, 0.123549, 0.442863
0.153101, 0.147837, 0.133178, 0.128577
0.153102, 0.490502, 0.124679, 0.408169
0.153166, 0.388130, 0.127258, 0.326575
0.153483, 0.223539, 0.131549, 0.192124
0.153537, 0.642146, 0.120816, 0.526525
0.153645, 0.431818, 0.126575, 0.361516
0.153988, 0.677681, 0.120015, 0.553745
0.154026, 0.248411, 0.131392, 0.212746
0.154045, 0.831556, 0.132729, 0.685210
0.154111, 0.745106, 0.117616, 0.604491
0.154241, 0.308671, 0.130074, 0.262196
0.154293, 0.595887, 0.122820, 0.490837
0.154375, 0.522368, 0.124909, 0.433350
0.154850, 0.125381, 0.135225, 0.109395
0.154910, 0.063896, 0.136596, 0.056199
0.155263, 0.190837, 0.133903, 0.164805
0.155314, 0.554802, 0.124784, 0.458744
0.155456, 0.235318, 0.132905, 0.201836
0.156212, 0.844550, -0.325781, 0.230593
0.156256, 0.711196, 0.120555, 0.578963
0.156354, 0.932133, -0.679984, -0.050052
0.156396, 0.953799, -0.680384, -0.034093
0.156715, 1.000000, -0.680569, 0.000000
0.156789, 0.630013, 0.123751, 0.517120
0.156990, 0.137172, 0.136768, 0.119422
0.157003, 0.323015, 0.131991, 0.273736
0.157030, 0.756521, 0.119354, 0.612856
0.157196, 0.787556, 0.118209, 0.635812
0.157216, 0.690826, 0.122040, 0.563540
0.157539, 0.976732, -0.679918, -0.017189
0.157575, 0.077024, 0.138655, 0.067619
0.157607, 0.159115, 0.136760, 0.138077
0.157624, 0.294984, 0.133220, 0.250895
0.157888, 0.582499, 0.126069, 0.480366
0.157909, 0.568807, 0.126485, 0.469710
0.158210, 0.376191, 0.131703, 0.316810
0.158217, 0.043457, 0.139768, 0.038273
0.158231, 0.857509, -0.681533, -0.111590
0.158339, 0.664012, 0.123840, 0.543093
0.158686, 0.510509, 0.128704, 0.423931
0.158854, 0.022101, 0.140513, 0.019487
0.158948, 0.000000, 0.140647, 0.000000
0.159002, 0.799247, 0.119425, 0.644746
0.159188, 0.420921, 0.131389, 0.352679
0.159296, 0.203533, 0.136974, 0.175313
0.159533, 0.088343, 0.140047, 0.077391
0.159678, 0.114398, 0.139533, 0.099828
0.159885, 0.768568, 0.120986, 0.621654
0.159979, 0.398725, 0.132616, 0.334924
0.160042, 0.617805, 0.126696, 0.507629
0.160168, 0.870503, -0.678166, -0.098569
0.160293, 0.336527, 0.134401, 0.284652
0.160529, 0.443535, 0.131933, 0.370753
0.160892, 0.723315, 0.123629, 0.587882
0.161015, 0.101794, 0.141032, 0.089003
0.161159, 0.811127, 0.122230, 0.654905
0.161393, 0.463188, 0.132103, 0.386284
0.161508, 0.170653, 0.139768, 0.147733
0.161710, 0.281689, 0.136991, 0.239929
0.161855, 0.883600, -0.674249, -0.085610
0.162055, 0.964129, -0.676360, -0.026539
0.162234, 0.498279, 0.131877, 0.414112
0.162341, 0.921957, -0.675261, -0.057683
0.162390, 0.910106, -0.674984, -0.066402
0.162581, 0.268369, 0.138044, 0.228932
0.162765, 0.651106, 0.127731, 0.533105
0.162861, 0.349364, 0.136202, 0.294972
0.163086, 0.989495, -0.675824, -0.007780
0.163107, 0.605633, 0.129498, 0.498146
0.163325, 0.544134, 0.131491, 0.450171
0.163473, 0.216471, 0.140186, 0.186025
0.163544, 0.362991, 0.136415, 0.305960
0.163571, 0.054503, 0.144116, 0.047876
0.163586, 0.943407, -0.674948, -0.041886
0.163677, 0.897009, -0.673694, -0.076016
0.163799, 0.701546, 0.126703, 0.571392
0.163873, 0.255064, 0.139486, 0.217965
0.163941, 0.823748, 0.125598, 0.663577
0.164113, 0.474950, 0.134045, 0.395666
0.164362, 0.735674, 0.125763, 0.597000
0.164755, 0.531169, 0.133020, 0.440019
0.164854, 0.409271, 0.136327, 0.343190
0.164907, 0.778929, 0.124295, 0.629008
0.165287, 0.683361, 0.128520, 0.557501
0.165357, 0.182382, 0.142696, 0.157489
0.165367, 0.148190, 0.143588, 0.128602
0.165431, 0.315216, 0.139184, 0.267135
0.165433, 0.486325, 0.134826, 0.404694
0.165568, 0.033393, 0.146083, 0.029367
0.165585, 0.241894, 0.141270, 0.207039
0.165629, 0.010798, 0.146263, 0.009501
0.165701, 0.387218, 0.137621, 0.325533
0.165761, 0.558034, 0.133007, 0.460871
0.166043, 0.638705, 0.130717, 0.523507
0.166158, 0.593576, 0.132286, 0.488705
0.166231, 0.836455, -0.437828, 0.104936
0.166245, 0.228364, 0.142195, 0.195826
0.166483, 0.432386, 0.137090, 0.361706
0.166515, 0.127791, 0.145103, 0.111221
0.166565, 0.671359, 0.129950, 0.548334
0.166590, 0.302372, 0.140471, 0.256615
0.166654, 0.067388, 0.146476, 0.059060
0.166656, 0.453745, 0.136637, 0.378637
0.166835, 0.518726, 0.135040, 0.430169
0.166933, 0.747430, 0.127205, 0.605652
0.167334, 0.194410, 0.143966, 0.167440
0.168405, 0.849184, -0.657962, -0.101934
0.168533, 0.571737, 0.134797, 0.471460
0.168897, 0.713690, 0.130125, 0.580337
0.169020, 0.328028, 0.141856, 0.277498
0.169284, 0.791191, 0.127074, 0.637883
0.169313, 0.626464, 0.133696, 0.513997
0.169750, 0.759267, 0.128790, 0.614301
0.169822, 0.932687, -0.670139, -0.049933
0.169874, 0.080167, 0.148981, 0.070121
0.169896, 0.290560, 0.143585, 0.246952
0.169915, 0.374920, 0.141394, 0.315466
0.169933, 0.582580, 0.135596, 0.479945
0.170112, 0.160694, 0.147283, 0.139087
0.170329, 0.980671, -0.670389, -0.014355
0.170464, 0.861851, -0.669009, -0.103998
0.170548, 1.000000, -0.670332, 0.000000
0.170708, 0.954275, -0.669948, -0.033954
0.170960, 0.970099, -0.669834, -0.022207
0.171060, 0.093133, 0.149682, 0.081300
0.171145, 0.659609, 0.133941, 0.539259
0.171295, 0.208366, 0.146990, 0.179070
0.171408, 0.505474, 0.139069, 0.419491
0.171428, 0.117889, 0.149440, 0.102593
0.171475, 0.803397, 0.127641, 0.645925
0.171508, 0.421472, 0.141491, 0.352851
0.171822, 0.137767, 0.149309, 0.119579
0.171871, 0.106074, 0.150108, 0.092449
0.172079, 0.021492, 0.151617, 0.018865
0.172192, 0.692965, 0.133492, 0.564616
0.172362, 0.340391, 0.144304, 0.287441
0.172472, 0.874330, -0.666895, -0.093568
0.172510, 0.045042, 0.151699, 0.039476
0.172619, 0.000000, 0.152165, 0.000000
0.172633, 0.614217, 0.136718, 0.504447
0.173008, 0.276084, 0.146495, 0.234880
0.173162, 0.467103, 0.141617, 0.389232
0.173217, 0.725945, 0.132898, 0.589342
0.173300, 0.262060, 0.147164, 0.223425
0.173417, 0.442823, 0.142448, 0.369780
0.173493, 0.397295, 0.143707, 0.333277
0.173710, 0.815692, 0.112062, 0.635538
0.173782, 0.920422, -0.666833, -0.059102
0.173815, 0.770390, 0.131287, 0.622256
0.174006, 0.886282, -0.665716, -0.084276
0.174027, 0.908410, -0.666407, -0.068003
0.174073, 0.352713, 0.145363, 0.297310
0.174408, 0.173130, 0.150574, 0.149467
0.175094, 0.647394, 0.137472, 0.529832
0.175134, 0.550012, 0.140768, 0.454459
0.175355, 0.537963, 0.141324, 0.445062
0.175357, 0.363806, 0.146154, 0.306297
0.175439, 0.248962, 0.149344, 0.212615
0.175487, 0.493922, 0.142742, 0.410409
0.175633, 0.602075, 0.139488, 0.494952
0.175658, 0.409605, 0.145173, 0.343139
0.175910, 0.308695, 0.148094, 0.261575
0.175941, 0.058045, 0.154434, 0.050781
0.176137, 0.897265, -0.664502, -0.076284
0.176223, 0.828278, -0.516058, 0.013249
0.176248, 0.678842, 0.137137, 0.553582
0.176412, 0.235034, 0.150536, 0.201063
0.176516, 0.563225, 0.141434, 0.464662
0.176738, 0.738073, 0.135026, 0.598241
0.176964, 0.526008, 0.142968, 0.435599
0.177054, 0.704771, 0.136736, 0.573323
0.177079, 0.480193, 0.144426, 0.399507
0.177128, 0.221088, 0.151570, 0.189535
0.177605, 0.942749, -0.664736, -0.042624
0.177663, 0.150273, 0.153896, 0.130048
0.177692, 0.197940, 0.152591, 0.170122
0.177846, 0.782259, 0.133446, 0.630477
0.177858, 0.989397, -0.664946, -0.007897
0.178004, 0.320549, 0.149539, 0.271217
0.178018, 0.384504, 0.147817, 0.322976
0.178219, 0.031969, 0.156635, 0.027987
0.178326, 0.185379, 0.153430, 0.159544
0.178375, 0.513892, 0.144440, 0.425941
0.178392, 0.455917, 0.146145, 0.380087
0.178501, 0.071124, 0.156345, 0.062101
0.178514, 0.840937, -0.647374, -0.105412
0.178633, 0.635123, 0.140684, 0.520313
0.179311, 0.590046, 0.142794, 0.485498
0.179373, 0.010805, 0.157814, 0.009467
0.179519, 0.963271, -0.663528, -0.027375
0.179588, 0.750021, 0.136612, 0.606980
0.180024, 0.431572, 0.148145, 0.360609
0.180030, 0.285581, 0.152155, 0.242570
0.180146, 0.667692, 0.140605, 0.545043
0.180676, 0.126613, 0.157049, 0.109862
0.180734, 0.853627, -0.658908, -0.108195
0.181110, 0.298159, 0.152702, 0.252815
0.181197, 0.576921, 0.144727, 0.475240
0.181248, 0.085212, 0.158424, 0.074265
0.181347, 0.794772, 0.131792, 0.635466
0.181759, 0.716593, 0.139812, 0.581994
0.181814, 0.622952, 0.143618, 0.510848
0.181894, 0.332839, 0.152455, 0.281147
0.182374, 0.098768, 0.159078, 0.085925
0.182503, 0.162935, 0.157621, 0.140622
0.182667, 0.930652, -0.660742, -0.051718
0.182692, 0.112981, 0.159071, 0.098155
0.182727, 0.268474, 0.154856, 0.228425
0.182874, 0.372129, 0.152155, 0.312871
0.182939, 0.866310, -0.658749, -0.099720
0.182977, 0.687188, 0.141985, 0.559657
0.183082, 0.761597, 0.138629, 0.615311
0.183451, 0.976774, -0.660707, -0.017341
0.183475, 0.209346, 0.157207, 0.179572
0.183698, 0.418860, 0.151537, 0.350421
0.183704, 0.807263, 0.093715, 0.602301
0.184061, 0.656184, 0.144104, 0.536179
0.184268, 0.139786, 0.159665, 0.120939
0.184350, 1.000000, -0.660214, 0.000000
0.184501, 0.041257, 0.161825, 0.036044
0.184593, 0.345369, 0.154328, 0.291209
0.184616, 0.467958, 0.150854, 0.389489
0.184724, 0.445216, 0.151598, 0.371374
0.185024, 0.952322, -0.659413, -0.035611
0.185256, 0.917246, -0.658444, -0.061749
0.185286, 0.610718, 0.146786, 0.501295
0.185302, 0.878922, -0.657302, -0.090235
0.185378, 0.404611, 0.153266, 0.338833
0.185499, 0.256678, 0.157520, 0.218666
0.185608, 0.503917, 0.150564, 0.417866
0.185810, 0.728675, 0.142330, 0.590833
0.185919, 0.021592, 0.163225, 0.018875
0.186032, 0.819779, -0.550981, -0.035416
0.186098, 0.697436, 0.143963, 0.567364
0.186234, 0.243248, 0.158505, 0.207553
0.186264, 0.000000, 0.163616, 0.000000
0.186394, 0.357950, 0.155406, 0.301228
0.186570, 0.051912, 0.163437, 0.045299
0.186644, 0.392931, 0.154667, 0.329495
0.186667, 0.904485, -0.657061, -0.071273
0.186676, 0.490851, 0.151849, 0.407594
0.186754, 0.554582, 0.149856, 0.457550
0.186829, 0.542628, 0.150327, 0.448271
0.186839, 0.773450, 0.140484, 0.623457
0.187121, 0.566597, 0.149747, 0.466913
0.187213, 0.891037, -0.656230, -0.081269
0.187223, 0.310719, 0.157453, 0.262935
0.187280, 0.174497, 0.161284, 0.150202
0.187462, 0.644121, 0.147225, 0.526850
0.187625, 0.230222, 0.160061, 0.196765
0.187709, 0.530609, 0.151422, 0.438832
0.188184, 0.598769, 0.149497, 0.491959
0.188309, 0.277585, 0.159302, 0.235819
0.188316, 0.196174, 0.161583, 0.168384
0.188468, 0.832434, -0.641781, -0.114163
0.188589, 0.517951, 0.152527, 0.428846
0.188770, 0.063464, 0.165091, 0.055295
0.189254, 0.740780, 0.144342, 0.599667
0.189478, 0.676193, 0.147461, 0.551104
0.189546, 0.076191, 0.165469, 0.066282
0.189625, 0.478674, 0.154590, 0.397833
0.189766, 0.153388, 0.163968, 0.132367
0.190060, 0.323203, 0.159447, 0.273009
0.190329, 0.785720, 0.138460, 0.627942
0.190770, 0.988338, -0.655562, -0.008735
0.190784, 0.845140, -0.650537, -0.114240
0.190823, 0.218454, 0.163107, 0.186951
0.190922, 0.381220, 0.158524, 0.319969
0.190923, 0.708286, 0.147174, 0.575371
0.190937, 0.456264, 0.156311, 0.379952
0.191005, 0.585915, 0.152176, 0.481870
0.191097, 0.965681, -0.655095, -0.025701
0.191125, 0.184584, 0.164237, 0.158575
0.191229, 0.631682, 0.150648, 0.517178
0.191589, 0.436487, 0.157444, 0.364212
0.191648, 0.940458, -0.654484, -0.044584
0.191700, 0.289818, 0.161800, 0.245788
0.192445, 0.129861, 0.166732, 0.112273
0.192484, 0.105041, 0.167403, 0.091098
0.192529, 0.752680, 0.146170, 0.608269
0.192556, 0.090541, 0.167694, 0.078598
0.192656, 0.031954, 0.168797, 0.027874
0.193047, 0.857928, -0.650713, -0.106044
0.193089, 0.011047, 0.169293, 0.009641
0.193171, 0.425721, 0.159038, 0.355533
0.193368, 0.798360, 0.090809, 0.584574
0.193418, 0.118190, 0.167868, 0.102318
0.193437, 0.665201, 0.150990, 0.542631
0.194229, 0.619486, 0.153468, 0.507696
0.194335, 0.368807, 0.161676, 0.309834
0.194380, 0.335681, 0.162666, 0.283019
0.194451, 0.926503, -0.652008, -0.055065
0.194511, 0.412440, 0.160507, 0.344824
0.194541, 0.301363, 0.163813, 0.255115
0.194822, 0.719678, 0.149596, 0.583715
0.194973, 0.574692, 0.155710, 0.473003
0.195338, 0.686836, 0.151501, 0.558904
0.195348, 0.870912, -0.649649, -0.096554
0.195373, 0.266238, 0.165487, 0.226267
0.195646, 0.205597, 0.167475, 0.176075
0.195730, 0.166057, 0.168665, 0.142940
0.195833, 0.810954, -0.569084, -0.067749
0.196010, 0.764585, 0.147810, 0.616480
0.196042, 0.251991, 0.166413, 0.214459
0.196065, 0.143356, 0.169448, 0.123666
0.196595, 0.653633, 0.153926, 0.533711
0.196723, 0.346867, 0.164246, 0.291965
0.196781, 0.912389, -0.649907, -0.065665
0.196997, 0.954443, -0.650646, -0.034191
0.197074, 0.977247, -0.650868, -0.017083
0.197112, 0.466478, 0.160991, 0.387839
0.197407, 0.400108, 0.163279, 0.334934
0.197417, 0.499712, 0.160221, 0.414232
0.197422, 0.043623, 0.172690, 0.037990
0.197590, 1.000000, -0.650554, 0.000000
0.197651, 0.898337, -0.648857, -0.076178
0.197877, 0.239442, 0.168350, 0.204095
0.198087, 0.511523, 0.160367, 0.423495
0.198115, 0.607048, 0.156995, 0.497963
0.198117, 0.357770, 0.165100, 0.300787
0.198188, 0.561798, 0.158713, 0.462830
0.198189, 0.549298, 0.159156, 0.453091
0.198227, 0.823541, -0.635883, -0.122860
0.198260, 0.884211, -0.648048, -0.086737
0.198444, 0.446555, 0.162746, 0.372100
0.198521, 0.731600, 0.151788, 0.592394
0.198735, 0.536950, 0.160025, 0.443434
0.198737, 0.698097, 0.153592, 0.567270
0.198899, 0.487926, 0.161797, 0.404880
0.199016, 0.313918, 0.167154, 0.265225
0.199374, 0.524632, 0.160964, 0.433775
0.199380, 0.641204, 0.156601, 0.524084
0.199477, 0.776710, 0.145742, 0.620828
0.199718, 0.079806, 0.173907, 0.069227
0.199730, 0.000000, 0.174868, 0.000000
0.199913, 0.022173, 0.174936, 0.019312
0.199938, 0.594765, 0.158889, 0.488370
0.200058, 0.055350, 0.174721, 0.048127
0.200059, 0.279107, 0.169010, 0.236699
0.200106, 0.388596, 0.165846, 0.325629
0.200327, 0.227174, 0.170774, 0.193896
0.200333, 0.192149, 0.171754, 0.164688
0.200685, 0.836119, -0.642895, -0.121402
0.200801, 0.067086, 0.175094, 0.058250
0.201933, 0.743751, 0.153664, 0.601153
0.201941, 0.178035, 0.173508, 0.152827
0.201946, 0.476037, 0.164615, 0.395309
0.201973, 0.326564, 0.169213, 0.275406
0.202242, 0.098288, 0.175665, 0.085081
0.202264, 0.155520, 0.174371, 0.133844
0.202397, 0.675463, 0.157451, 0.550045
0.202538, 0.789248, 0.099535, 0.578873
0.203029, 0.848562, -0.642840, -0.113281
0.203183, 0.133515, 0.175629, 0.115129
0.203507, 0.214979, 0.173780, 0.183674
0.203621, 0.376412, 0.169088, 0.315697
0.203712, 0.945030, -0.645524, -0.041352
0.203712, 0.420427, 0.167765, 0.350913
0.203805, 0.628349, 0.160583, 0.514070
0.203810, 0.291701, 0.171771, 0.246931
0.203973, 0.434452, 0.167581, 0.362190
0.204019, 0.966006, -0.645597, -0.025586
0.204037, 0.988807, -0.645747, -0.008426
0.204062, 0.710114, 0.157069, 0.576045
0.204134, 0.582214, 0.162669, 0.478480
0.204611, 0.933841, -0.644690, -0.049774
0.204702, 0.109859, 0.177480, 0.094941
0.204802, 0.457226, 0.167567, 0.380381
0.205240, 0.860827, -0.641928, -0.104400
0.205315, 0.259470, 0.173933, 0.220376
0.205378, 0.755746, 0.155132, 0.609312
0.205398, 0.801921, -0.570886, -0.083991
0.205471, 0.122045, 0.177760, 0.105277
0.205992, 0.664044, 0.160744, 0.541246
0.206101, 0.920738, -0.643312, -0.059643
0.206139, 0.034172, 0.180069, 0.029707
0.206317, 0.616073, 0.163056, 0.504559
0.206498, 0.011449, 0.180472, 0.009957
0.206863, 0.087900, 0.179734, 0.076075
0.206921, 0.408175, 0.170803, 0.341089
0.207123, 0.304019, 0.174132, 0.256866
0.207291, 0.570427, 0.165617, 0.469225
0.207351, 0.686704, 0.160712, 0.558252
0.207388, 0.721896, 0.158979, 0.584652
0.207408, 0.872722, -0.640814, -0.095623
0.207447, 0.201806, 0.177434, 0.172574
0.207650, 0.364434, 0.172770, 0.305932
0.207930, 0.814599, -0.630867, -0.132502
0.207933, 0.339231, 0.173783, 0.285554
0.208026, 0.907044, -0.641493, -0.069962
0.208233, 0.651458, 0.163025, 0.531514
0.208555, 0.248061, 0.176978, 0.210891
0.208701, 0.270364, 0.176485, 0.229316
0.208741, 0.767631, 0.152227, 0.612714
0.208745, 0.166712, 0.179495, 0.143122
0.208793, 0.145178, 0.180064, 0.124910
0.208922, 0.894417, -0.640447, -0.079451
0.209035, 0.556750, 0.167499, 0.458483
0.209099, 0.351436, 0.174341, 0.295352
0.209515, 0.506826, 0.169698, 0.419417
0.209592, 0.543873, 0.168426, 0.448439
0.209739, 0.494913, 0.170295, 0.410038
0.209941, 0.235952, 0.178484, 0.200842
0.210012, 0.519030, 0.169667, 0.428991
0.210140, 0.046694, 0.183257, 0.040522
0.210142, 0.396351, 0.173822, 0.331541
0.210277, 0.699340, 0.162330, 0.567632
0.210427, 0.977786, -0.640996, -0.016763
0.210438, 0.827218, -0.635461, -0.128609
0.210656, 0.531725, 0.169736, 0.438949
0.210663, 0.638525, 0.165469, 0.521496
0.210695, 0.602796, 0.167025, 0.494144
0.210725, 0.883460, -0.638661, -0.087702
0.210789, 0.316304, 0.176780, 0.266752
0.210797, 0.445279, 0.172772, 0.370583
0.210822, 0.073716, 0.183283, 0.063802
0.210896, 0.734595, 0.160919, 0.593866
0.210977, 0.955214, -0.640240, -0.033787
0.211049, 0.482598, 0.171766, 0.400255
0.211103, 1.000000, -0.640518, 0.000000
0.211276, 0.188161, 0.180981, 0.161032
0.211451, 0.590706, 0.168086, 0.484708
0.211513, 0.468060, 0.172604, 0.388664
0.211742, 0.780147, 0.103090, 0.567950
0.212459, 0.282631, 0.179231, 0.239267
0.212788, 0.384421, 0.176362, 0.321868
0.212918, 0.000000, 0.185804, 0.000000
0.212958, 0.426827, 0.175106, 0.355757
0.212959, 0.023520, 0.185785, 0.020414
0.213023, 0.223950, 0.181442, 0.190849
0.213045, 0.059896, 0.185403, 0.051871
0.213062, 0.839739, -0.635072, -0.120303
0.213265, 0.328386, 0.178466, 0.276520
0.214604, 0.133775, 0.185196, 0.115105
0.214626, 0.746930, 0.162653, 0.602372
0.214657, 0.792747, -0.561305, -0.088915
0.214758, 0.098602, 0.186138, 0.085121
0.215358, 0.674865, 0.167433, 0.548974
0.215448, 0.211225, 0.183793, 0.180165
0.215512, 0.155712, 0.185420, 0.133665
0.215518, 0.852129, -0.633954, -0.111287
0.215792, 0.176635, 0.185066, 0.151248
0.216084, 0.295314, 0.181842, 0.249534
0.216198, 0.929096, -0.636004, -0.053569
0.216314, 0.111745, 0.187071, 0.096281
0.216319, 0.942812, -0.636141, -0.043222
0.216428, 0.372093, 0.179745, 0.311850
0.216508, 0.625490, 0.170589, 0.511274
0.216518, 0.415393, 0.178388, 0.346533
0.217082, 0.712254, 0.166832, 0.576973
0.217138, 0.967081, -0.635917, -0.024900
0.217189, 0.455659, 0.177591, 0.378591
0.217334, 0.915224, -0.634868, -0.064050
0.217337, 0.259127, 0.183956, 0.219778
0.217340, 0.084308, 0.188518, 0.072804
0.217391, 0.805524, -0.624572, -0.140840
0.217403, 0.613487, 0.171815, 0.502044
0.217473, 0.661571, 0.169717, 0.538869
0.217521, 0.578976, 0.173347, 0.475409
0.217573, 0.988929, -0.635678, -0.008376
0.217763, 0.122744, 0.188033, 0.105623
0.217789, 0.565349, 0.174119, 0.464878
0.217914, 0.864354, -0.632717, -0.102265
0.218375, 0.758488, 0.159721, 0.605174
0.218491, 0.436312, 0.179333, 0.363233
0.218499, 0.687914, 0.169153, 0.558521
0.219037, 0.725134, 0.167563, 0.586336
0.219164, 0.036041, 0.190754, 0.031204
0.219199, 0.198472, 0.187262, 0.169411
0.219235, 0.011346, 0.191003, 0.009830
0.219383, 0.358951, 0.182577, 0.301132
0.219561, 0.648651, 0.171930, 0.528911
0.219798, 0.308007, 0.184501, 0.259754
0.219857, 0.551139, 0.176288, 0.453661
0.219990, 0.901212, -0.632460, -0.074665
0.220037, 0.818264, -0.628282, -0.136084
0.220040, 0.404012, 0.181649, 0.337343
0.220180, 0.245168, 0.186670, 0.208107
0.220188, 0.346228, 0.183660, 0.290850
0.220600, 0.272443, 0.186247, 0.230617
0.220845, 0.876209, -0.630951, -0.093483
0.220878, 0.476817, 0.179837, 0.395223
0.220887, 0.770940, 0.109746, 0.560080
0.220914, 0.700609, 0.170329, 0.567939
0.221260, 0.501720, 0.179299, 0.414980
0.221278, 0.513898, 0.178868, 0.424560
0.221545, 0.636090, 0.174032, 0.519177
0.221588, 0.144104, 0.190765, 0.123696
0.221648, 0.526431, 0.178695, 0.434376
0.221671, 0.489646, 0.180058, 0.405427
0.221699, 0.592302, 0.176091, 0.485574
0.221852, 0.070034, 0.192491, 0.060459
0.221885, 0.539384, 0.178400, 0.444529
0.221977, 0.048986, 0.192996, 0.042363
0.222006, 0.889158, -0.630486, -0.083785
0.222081, 0.334930, 0.185598, 0.281672
0.222181, 0.233729, 0.188739, 0.198665
0.222527, 0.165676, 0.190993, 0.141878
0.222722, 0.830856, -0.627570, -0.127377
0.222806, 0.392472, 0.184294, 0.328012
0.222877, 0.320763, 0.186625, 0.270021
0.223263, 0.738264, 0.169491, 0.595296
0.223552, 0.956139, -0.630968, -0.033248
0.223803, 0.603994, 0.177211, 0.494400
0.223923, 0.783520, -0.553283, -0.095541
0.224111, 0.186335, 0.191693, 0.159132
0.224143, 0.978058, -0.630757, -0.016639
0.224269, 0.285733, 0.188889, 0.241423
0.224360, 0.464527, 0.183060, 0.385336
0.224753, 1.000000, -0.630357, 0.000000
0.224819, 0.220149, 0.191257, 0.187252
0.224917, 0.445912, 0.184226, 0.370676
0.225066, 0.380437, 0.186540, 0.318274
0.225097, 0.022549, 0.195758, 0.019496
0.225180, 0.424681, 0.185142, 0.353699
0.225503, 0.843541, -0.626220, -0.118137
0.225923, 0.105174, 0.195161, 0.090463
0.226131, 0.000000, 0.196710, 0.000000
0.226536, 0.092370, 0.195967, 0.079530
0.226609, 0.796324, -0.616720, -0.147599
0.227028, 0.131804, 0.195587, 0.113147
0.227379, 0.059506, 0.197310, 0.051354
0.227388, 0.668690, 0.176977, 0.543733
0.227412, 0.935024, -0.627744, -0.049295
0.227553, 0.922398, -0.627380, -0.058856
0.227702, 0.208605, 0.194000, 0.177588
0.227947, 0.558731, 0.182403, 0.459269
0.227961, 0.299142, 0.191530, 0.252291
0.227971, 0.680787, 0.176775, 0.552744
0.228103, 0.856065, -0.624865, -0.108875
0.228134, 0.749254, 0.166007, 0.596188
0.228149, 0.367195, 0.189480, 0.307475
0.228237, 0.252351, 0.193159, 0.213824
0.228290, 0.079792, 0.197683, 0.068745
0.228293, 0.617751, 0.180130, 0.504865
0.228334, 0.571505, 0.182213, 0.469268
0.228361, 0.909024, -0.626482, -0.068991
0.228716, 0.154394, 0.196439, 0.132219
0.228755, 0.946805, -0.626860, -0.040383
0.229212, 0.412847, 0.188830, 0.344120
0.229222, 0.655800, 0.179035, 0.533864
0.229334, 0.118771, 0.197746, 0.101997
0.229349, 0.717974, 0.175537, 0.580180
0.229373, 0.809166, -0.621146, -0.143535
0.229640, 0.263739, 0.194012, 0.223205
0.229699, 0.175258, 0.196662, 0.149714
0.230161, 0.583451, 0.183136, 0.478416
0.230379, 0.693389, 0.177920, 0.562047
0.230488, 0.628833, 0.181303, 0.513181
0.230527, 0.761870, 0.103064, 0.538230
0.230569, 0.966839, -0.625906, -0.025203
0.230586, 0.706758, 0.177291, 0.571992
0.230627, 0.729927, 0.174503, 0.587623
0.230818, 0.868433, -0.623340, -0.099685
0.230827, 0.032846, 0.200430, 0.028354
0.231097, 0.642659, 0.181120, 0.523746
0.231207, 0.353559, 0.192459, 0.296408
0.231223, 0.989431, -0.625477, -0.008035
0.231512, 0.196336, 0.197504, 0.167244
0.231558, 0.434682, 0.189987, 0.361483
0.231614, 0.455268, 0.189287, 0.377821
0.231954, 0.312830, 0.194337, 0.263259
0.232263, 0.821745, -0.620089, -0.134677
0.232272, 0.472720, 0.189184, 0.391626
0.232342, 0.228978, 0.197260, 0.194384
0.232364, 0.327736, 0.194234, 0.275423
0.232372, 0.011002, 0.201846, 0.009498
0.232473, 0.534093, 0.187027, 0.439970
0.232614, 0.881481, -0.622465, -0.089912
0.232664, 0.276089, 0.196123, 0.233249
0.232678, 0.483976, 0.189114, 0.400550
0.232703, 0.520574, 0.187750, 0.429390
0.232796, 0.508125, 0.188311, 0.419617
0.232893, 0.341403, 0.194285, 0.286587
0.232927, 0.401158, 0.192268, 0.334660
0.232974, 0.774060, -0.534157, -0.091095
0.233095, 0.496124, 0.189008, 0.410159
0.233099, 0.894905, -0.622525, -0.079787
0.233164, 0.547661, 0.186985, 0.450426
0.233183, 0.044376, 0.202293, 0.038270
0.233717, 0.595834, 0.185372, 0.487802
0.233996, 0.142403, 0.201117, 0.121959
0.234373, 0.241362, 0.198667, 0.204664
0.234841, 0.834582, -0.618948, -0.125265
0.234971, 0.389314, 0.194333, 0.325080
0.235312, 0.608558, 0.186018, 0.497461
0.235824, 0.787131, -0.609438, -0.155027
0.235976, 0.070123, 0.204193, 0.060339
0.235991, 0.288607, 0.198450, 0.243372
0.236230, 0.376685, 0.195753, 0.314823
0.236342, 0.164196, 0.202514, 0.140279
0.236898, 0.108780, 0.204175, 0.093312
0.237136, 0.096775, 0.204616, 0.083081
0.237395, 0.422606, 0.195144, 0.351644
0.237433, 0.979074, -0.620833, -0.015944
0.237553, 0.185025, 0.202884, 0.157666
0.237622, 0.739767, 0.170575, 0.585600
0.237934, 0.847557, -0.617228, -0.115667
0.238181, 0.561895, 0.190364, 0.461321
0.238401, 0.021661, 0.206776, 0.018669
0.238404, 0.955941, -0.619826, -0.033567
0.238404, 0.218138, 0.202625, 0.185232
0.238415, 0.444385, 0.195192, 0.368964
0.238506, 0.800001, -0.613887, -0.150803
0.238686, 0.129629, 0.205280, 0.111023
0.238767, 0.055646, 0.206680, 0.047877
0.238773, 1.000000, -0.619834, 0.000000
0.238813, 0.083850, 0.206362, 0.072059
0.238901, 0.917517, -0.618756, -0.062795
0.238952, 0.929982, -0.619011, -0.053327
0.238956, 0.675134, 0.185472, 0.547922
0.239037, 0.905172, -0.618277, -0.072162
0.239139, 0.662529, 0.186300, 0.538425
0.239192, 0.362550, 0.198625, 0.303291
0.239390, 0.300671, 0.200828, 0.253078
0.239399, 0.206665, 0.203709, 0.175601
0.239544, 0.464201, 0.195366, 0.384632
0.239562, 0.000000, 0.207792, 0.000000
0.239665, 0.942451, -0.618611, -0.043850
0.239812, 0.253236, 0.202753, 0.214253
0.240102, 0.753286, 0.081978, 0.502376
0.240181, 0.574672, 0.191382, 0.471141
0.240316, 0.687617, 0.185808, 0.557212
0.240467, 0.649148, 0.188016, 0.528191
0.240741, 0.860100, -0.615671, -0.106331
0.241018, 0.635161, 0.189155, 0.517512
0.241105, 0.726000, 0.183620, 0.585130
0.241265, 0.266036, 0.203523, 0.224710
0.241281, 0.621767, 0.190060, 0.507386
0.241294, 0.700543, 0.185775, 0.566787
0.241632, 0.812338, -0.612739, -0.142212
0.241639, 0.713739, 0.185170, 0.576520
0.241742, 0.152670, 0.207284, 0.130439
0.241785, 0.410763, 0.199145, 0.342057
0.242434, 0.322397, 0.202686, 0.270759
0.242750, 0.586727, 0.192841, 0.480301
0.242767, 0.527191, 0.195487, 0.434137
0.242890, 0.872815, -0.614565, -0.096802
0.242893, 0.118475, 0.208971, 0.101448
0.243029, 0.033311, 0.210535, 0.028671
0.243032, 0.968567, -0.616575, -0.023993
0.243055, 0.231233, 0.206090, 0.195969
0.243225, 0.764869, -0.552332, -0.124477
0.243295, 0.174159, 0.207959, 0.148429
0.243304, 0.335391, 0.203002, 0.281331
0.243392, 0.540569, 0.195421, 0.444557
0.243668, 0.310977, 0.204023, 0.261357
0.244008, 0.348845, 0.203096, 0.292162
0.244029, 0.885943, -0.614148, -0.086894
0.244062, 0.488481, 0.198091, 0.403703
0.244080, 0.513399, 0.197104, 0.423293
0.244103, 0.475940, 0.198602, 0.393783
0.244172, 0.195446, 0.207997, 0.166131
0.244183, 0.825366, -0.611541, -0.132608
0.244290, 0.777607, -0.596663, -0.156702
0.244311, 0.432583, 0.200378, 0.359332
0.244595, 0.501159, 0.198018, 0.413674
0.244598, 0.279071, 0.205847, 0.235289
0.245129, 0.454328, 0.200220, 0.376566
0.245301, 0.598849, 0.194253, 0.489477
0.245336, 0.990341, -0.614844, -0.007379
0.245499, 0.398649, 0.202600, 0.332235
0.245554, 0.553216, 0.196560, 0.454243
0.245975, 0.010806, 0.213078, 0.009298
0.246022, 0.140269, 0.211062, 0.119836
0.246213, 0.065751, 0.212704, 0.056452
0.246283, 0.373466, 0.204025, 0.311820
0.246352, 0.386727, 0.203691, 0.322598
0.246375, 0.610785, 0.194518, 0.498603
0.246566, 0.044622, 0.213298, 0.038349
0.246685, 0.838544, -0.610382, -0.122827
0.247405, 0.897429, -0.611872, -0.078263
0.247697, 0.791054, -0.606937, -0.158377
0.248173, 0.092351, 0.213838, 0.079121
0.248259, 0.104975, 0.213694, 0.089873
0.248325, 0.291376, 0.208514, 0.245236
0.248504, 0.745613, 0.066733, 0.474512
0.248508, 0.243545, 0.210210, 0.205967
0.249387, 0.077846, 0.215070, 0.066723
0.249648, 0.566554, 0.199199, 0.464438
0.249930, 0.421055, 0.205387, 0.350001
0.249942, 0.669169, 0.194183, 0.542791
0.250014, 0.162710, 0.213877, 0.138680
0.250077, 0.655936, 0.195026, 0.532789
0.250183, 0.910587, -0.610054, -0.068309
0.250192, 0.360055, 0.207680, 0.300875
0.250293, 0.923202, -0.610380, -0.058705
0.250404, 0.733512, 0.187857, 0.587065
0.250526, 0.851755, -0.608057, -0.113009
0.250533, 0.948354, -0.610633, -0.039503
0.250566, 0.681889, 0.193917, 0.552305
0.250617, 0.219368, 0.212641, 0.185854
0.250690, 0.207848, 0.213072, 0.176311
0.250854, 0.935700, -0.610180, -0.049175
0.250855, 0.980774, -0.610681, -0.014714
0.250989, 0.256932, 0.211826, 0.216916
0.251010, 0.642497, 0.196480, 0.522564
0.251065, 0.802553, -0.605260, -0.150013
0.251132, 0.184769, 0.214146, 0.157095
0.251311, 0.442426, 0.205649, 0.366867
0.251359, 0.022110, 0.217454, 0.018995
0.251756, 0.959725, -0.609885, -0.030825
0.251757, 0.127824, 0.216112, 0.109189
0.252031, 0.629415, 0.197979, 0.512615
0.252128, 0.707369, 0.192942, 0.570557
0.252235, 0.694447, 0.194357, 0.561534
0.252542, 0.055382, 0.218060, 0.047502
0.252542, 0.579123, 0.200886, 0.474019
0.252570, 0.465881, 0.205793, 0.385490
0.252648, 0.269934, 0.212728, 0.227497
0.252820, 0.720925, 0.189888, 0.577617
0.252847, 0.302140, 0.211865, 0.253865
0.252979, 0.520459, 0.203851, 0.428355
0.253155, 0.000000, 0.219022, 0.000000
0.253202, 0.815843, -0.604423, -0.140209
0.253211, 0.864233, -0.606555, -0.103658
0.253484, 1.000000, -0.608690, 0.000000
0.253588, 0.533603, 0.203780, 0.438631
0.253734, 0.231567, 0.214871, 0.195896
0.253895, 0.327078, 0.211917, 0.274163
0.254003, 0.408738, 0.209127, 0.339984
0.254136, 0.756435, -0.581770, -0.168726
0.254345, 0.150938, 0.217706, 0.128647
0.254471, 0.877620, -0.606113, -0.093538
0.254482, 0.314967, 0.212797, 0.264286
0.254565, 0.115153, 0.218653, 0.098376
0.254618, 0.339525, 0.212090, 0.284244
0.254653, 0.480036, 0.206910, 0.396615
0.254735, 0.769141, -0.592470, -0.167608
0.254988, 0.617709, 0.200881, 0.503537
0.255088, 0.781965, -0.599146, -0.163837
0.255181, 0.493223, 0.206786, 0.406968
0.255402, 0.591400, 0.202525, 0.483325
0.255452, 0.546172, 0.204699, 0.448347
0.255647, 0.970979, -0.606939, -0.022239
0.255686, 0.033681, 0.220955, 0.028900
0.255798, 0.829394, -0.603112, -0.130116
0.255942, 0.196923, 0.217660, 0.167020
0.255981, 0.173438, 0.218409, 0.147453
0.256106, 0.506193, 0.206910, 0.416966
0.256458, 0.383382, 0.212006, 0.319505
0.256463, 0.452970, 0.209388, 0.375031
0.256634, 0.371081, 0.212548, 0.309537
0.256932, 0.282983, 0.215862, 0.238089
0.256990, 0.603979, 0.203114, 0.492852
0.257095, 0.890242, -0.604464, -0.084002
0.257444, 0.432031, 0.211055, 0.358472
0.257752, 0.350655, 0.214220, 0.293078
0.257755, 0.138233, 0.220746, 0.117814
0.257779, 0.087993, 0.221835, 0.075248
0.257973, 0.396406, 0.212815, 0.329984
0.258043, 0.558661, 0.206167, 0.457920
0.258280, 0.067740, 0.222633, 0.057997
0.258341, 0.842504, -0.601856, -0.120322
0.259411, 0.011069, 0.224151, 0.009493
0.259635, 0.742580, -0.303633, 0.091648
0.259684, 0.100945, 0.223180, 0.086227
0.259756, 0.902937, -0.602764, -0.074379
0.260101, 0.045062, 0.224431, 0.038603
0.260207, 0.662537, 0.202369, 0.537112
0.260411, 0.990330, -0.603453, -0.007423
0.260686, 0.249513, 0.220020, 0.210475
0.261019, 0.675974, 0.202189, 0.547204
0.261142, 0.649682, 0.203845, 0.527395
0.261328, 0.792317, -0.597011, -0.158239
0.261465, 0.916212, -0.601776, -0.064266
0.261843, 0.928828, -0.601837, -0.054620
0.261886, 0.571395, 0.208603, 0.467650
0.261901, 0.419973, 0.215110, 0.348677
0.261944, 0.805932, -0.597466, -0.148106
0.262138, 0.237779, 0.221667, 0.200831
0.262248, 0.941927, -0.601727, -0.044585
0.262276, 0.293240, 0.219933, 0.246325
0.262405, 0.210679, 0.222697, 0.178361
0.262438, 0.636972, 0.205573, 0.517737
0.262476, 0.262275, 0.221067, 0.220900
0.262489, 0.714323, 0.191368, 0.565769
0.262731, 0.223358, 0.222508, 0.188804
0.262766, 0.687674, 0.202604, 0.555641
0.262981, 0.729251, 0.136500, 0.519259
0.262991, 0.515211, 0.212039, 0.423822
0.263123, 0.954358, -0.601182, -0.035057
0.263180, 0.361849, 0.218219, 0.301877
0.263391, 0.701388, 0.202051, 0.565649
0.263500, 0.471662, 0.214306, 0.389572
0.263555, 0.855504, -0.598524, -0.110664
0.263569, 0.161173, 0.224995, 0.136978
0.263851, 0.078727, 0.226992, 0.067268
0.263946, 0.185797, 0.224633, 0.157563
0.264035, 0.274800, 0.221932, 0.231122
0.264123, 0.527425, 0.212401, 0.433338
0.264267, 0.022484, 0.228067, 0.019257
0.264290, 0.820009, -0.596373, -0.137598
0.264304, 0.124856, 0.226438, 0.106364
0.264342, 0.305895, 0.221177, 0.256554
0.264487, 0.869549, -0.598334, -0.100003
0.264676, 0.458871, 0.215799, 0.379463
0.264707, 0.624691, 0.208015, 0.508313
0.264771, 0.443505, 0.216467, 0.367224
0.265028, 0.979905, -0.599949, -0.015447
0.265037, 0.583813, 0.210444, 0.477050
0.265120, 0.777803, -0.592624, -0.168660
0.265131, 0.112084, 0.227453, 0.095575
0.265313, 0.057308, 0.228526, 0.049003
0.265376, 0.318621, 0.221601, 0.266893
0.265483, 0.330781, 0.221270, 0.276768
0.265523, 0.965944, -0.599411, -0.026179
0.265594, 0.485147, 0.215436, 0.400157
0.265620, 0.539229, 0.213041, 0.442462
0.265889, 0.764536, -0.590824, -0.178325
0.265916, 0.408205, 0.218796, 0.339105
0.266053, 0.611324, 0.209761, 0.497987
0.266291, 0.752599, -0.570440, -0.168344
0.266342, 0.148667, 0.227623, 0.126426
0.266372, 0.198866, 0.226247, 0.168378
0.266555, 0.497690, 0.215644, 0.409942
0.266581, 0.882970, -0.597167, -0.089825
0.266673, 0.000000, 0.230151, 0.000000
0.266850, 0.173471, 0.227378, 0.147200
0.267299, 0.375229, 0.221098, 0.312523
0.267364, 0.387243, 0.220705, 0.322175
0.267374, 0.597090, 0.211543, 0.487028
0.267532, 0.342397, 0.222511, 0.286078
0.267717, 0.551460, 0.214110, 0.451847
0.267774, 0.832940, -0.594338, -0.127953
0.268457, 1.000000, -0.597450, 0.000000
0.268476, 0.034246, 0.231444, 0.029294
0.268583, 0.136161, 0.229739, 0.115830
0.269257, 0.091732, 0.231266, 0.078253
0.269445, 0.430741, 0.220780, 0.356964
0.269669, 0.895696, -0.595141, -0.080166
0.269983, 0.844367, -0.593137, -0.119356
0.270196, 0.669511, 0.209459, 0.541612
0.270810, 0.563281, 0.215970, 0.460862
0.271002, 0.739310, -0.578155, -0.192068
0.271224, 0.507974, 0.218871, 0.417724
0.271385, 0.353724, 0.225216, 0.295054
0.271411, 0.069305, 0.233370, 0.059153
0.271519, 0.909004, -0.594081, -0.070009
0.271549, 0.398518, 0.223688, 0.331077
0.271571, 0.657055, 0.211349, 0.532265
0.271574, 0.721000, 0.126017, 0.496011
0.271763, 0.284091, 0.228085, 0.238602
0.272090, 0.797948, -0.589462, -0.154641
0.272326, 0.811422, -0.589953, -0.144469
0.272497, 0.256496, 0.229491, 0.215838
0.272684, 0.243905, 0.230122, 0.205537
0.272701, 0.046874, 0.234716, 0.040031
0.272722, 0.693701, 0.207483, 0.557106
0.272758, 0.230680, 0.230533, 0.194559
0.272810, 0.011280, 0.235149, 0.009642
0.272861, 0.934651, -0.593656, -0.050337
0.272878, 0.644948, 0.213108, 0.523132
0.273198, 0.921903, -0.593092, -0.060137
0.273254, 0.103512, 0.234314, 0.088166
0.273765, 0.269862, 0.230138, 0.226817
0.273822, 0.217673, 0.231839, 0.183792
0.273823, 0.785488, -0.587376, -0.164016
0.273978, 0.948532, -0.592958, -0.039666
0.274084, 0.297027, 0.229494, 0.249033
0.274205, 0.418443, 0.225086, 0.346941
0.274238, 0.862273, -0.590730, -0.105876
0.274336, 0.708513, 0.233092, 0.592813
0.274373, 0.451809, 0.223810, 0.373354
0.274473, 0.680408, 0.211727, 0.549305
0.274561, 0.520417, 0.220982, 0.427371
0.274589, 0.632867, 0.215156, 0.513948
0.274759, 0.465101, 0.223598, 0.383923
0.274786, 0.574317, 0.218511, 0.469150
0.274863, 0.366078, 0.227563, 0.304849
0.274880, 0.477177, 0.223153, 0.393400
0.275342, 0.974238, -0.592200, -0.019869
0.275446, 0.988686, -0.592251, -0.008726
0.275697, 0.205998, 0.233769, 0.174083
0.275708, 0.309844, 0.230346, 0.259385
0.275902, 0.116943, 0.236252, 0.099486
0.275924, 0.876188, -0.589894, -0.095284
0.276016, 0.619980, 0.216993, 0.504061
0.276075, 0.825055, -0.587732, -0.134291
0.276144, 0.192493, 0.234491, 0.162815
0.276192, 0.772458, -0.584843, -0.173963
0.276391, 0.531965, 0.221882, 0.436286
0.276424, 0.960622, -0.591144, -0.030373
0.276455, 0.166700, 0.235458, 0.141283
0.276498, 0.180387, 0.235163, 0.152743
0.276539, 0.322418, 0.230586, 0.269583
0.276582, 0.154842, 0.235901, 0.131364
0.276635, 0.082064, 0.237440, 0.069916
0.276744, 0.586023, 0.219401, 0.477990
0.276957, 0.607485, 0.218428, 0.494491
0.276962, 0.023043, 0.238458, 0.019675
0.277362, 0.490068, 0.224574, 0.403448
0.277385, 0.544201, 0.222059, 0.445718
0.277554, 0.439966, 0.226895, 0.363902
0.277703, 0.128765, 0.237425, 0.109403
0.277860, 0.334415, 0.231230, 0.279259
0.277992, 0.748755, -0.579709, -0.189810
0.278127, 0.059224, 0.238996, 0.050491
0.278157, 0.850816, -0.587193, -0.114738
0.278199, 0.730828, -0.525227, -0.152808
0.278221, 0.760011, -0.581287, -0.182218
0.278545, 0.142362, 0.237839, 0.120847
0.278710, 0.378662, 0.230213, 0.314824
0.279320, 0.389563, 0.230287, 0.323550
0.279358, 0.596499, 0.220880, 0.485914
0.279421, 0.888342, -0.587608, -0.086062
0.279695, 0.407336, 0.229962, 0.337860
0.280182, 0.000000, 0.241214, 0.000000
0.280342, 0.556646, 0.223759, 0.455206
0.280387, 0.500762, 0.226471, 0.411655
0.280463, 0.036530, 0.241168, 0.031154
0.280499, 0.346290, 0.232913, 0.288728
0.280691, 0.666743, 0.217587, 0.538906
0.281307, 0.902113, -0.586557, -0.075528
0.281326, 0.837179, -0.584350, -0.125282
0.281922, 0.094733, 0.241604, 0.080587
0.282140, 0.428111, 0.231076, 0.354298
0.282149, 0.699607, 0.175024, 0.521086
0.282638, 0.803852, -0.581879, -0.150703
0.282735, 1.000000, -0.586861, 0.000000
0.282819, 0.940993, -0.586096, -0.045590
0.283219, 0.653823, 0.220392, 0.529130
0.283327, 0.250430, 0.238595, 0.210530
0.283341, 0.277273, 0.237739, 0.232574
0.283381, 0.815634, -0.581807, -0.141772
0.283424, 0.237129, 0.239066, 0.199539
0.283480, 0.263615, 0.238281, 0.221350
0.283550, 0.719551, -0.326164, 0.031437
0.283725, 0.072198, 0.243401, 0.061445
0.283761, 0.513304, 0.228576, 0.421333
0.283848, 0.914873, -0.584871, -0.065753
0.283910, 0.289260, 0.237778, 0.242340
0.283978, 0.358654, 0.235288, 0.298584
0.284157, 0.791564, -0.580095, -0.160077
0.284398, 0.224401, 0.240268, 0.189005
0.284468, 0.687424, 0.216385, 0.551193
0.284502, 0.869416, -0.583094, -0.100721
0.284740, 0.641426, 0.222411, 0.519796
0.284768, 0.927867, -0.584551, -0.055759
0.285073, 0.108092, 0.243923, 0.091820
0.285134, 0.566735, 0.227018, 0.462820
0.285329, 0.049089, 0.245014, 0.041800
0.285345, 0.459184, 0.232268, 0.378688
0.285666, 0.980198, -0.584391, -0.015319
0.285707, 0.628002, 0.223968, 0.509562
0.285825, 0.740534, -0.573349, -0.196500
0.285962, 0.301974, 0.239017, 0.252641
0.286165, 0.011905, 0.245883, 0.010136
0.286201, 0.482221, 0.231956, 0.396867
0.286491, 0.470512, 0.232692, 0.387594
0.286550, 0.212505, 0.242474, 0.179156
0.286590, 0.397255, 0.235936, 0.329527
0.286597, 0.778955, -0.577621, -0.169761
0.286874, 0.370890, 0.237126, 0.308268
0.286915, 0.967941, -0.583397, -0.024812
0.286948, 0.199918, 0.243150, 0.168686
0.287182, 0.448557, 0.234206, 0.370216
0.287198, 0.173786, 0.244072, 0.146915
0.287259, 0.314439, 0.239604, 0.262705
0.287277, 0.953774, -0.582958, -0.035775
0.287303, 0.578730, 0.228053, 0.471908
0.287324, 0.524442, 0.230866, 0.429875
0.287462, 0.416809, 0.235836, 0.345093
0.287517, 0.187047, 0.244011, 0.157986
0.287539, 0.614666, 0.226185, 0.499351
0.287589, 0.675759, 0.221558, 0.544452
0.287643, 0.858212, -0.580310, -0.109411
0.287750, 0.536925, 0.230566, 0.439530
0.287981, 0.160632, 0.245107, 0.135929
0.288067, 0.121352, 0.246146, 0.102963
0.288121, 0.026592, 0.247427, 0.022640
0.288122, 0.766830, -0.575586, -0.178798
0.288128, 0.709436, -0.074496, 0.271274
0.288312, 0.326338, 0.240018, 0.272312
0.288815, 0.549608, 0.230727, 0.449248
0.288820, 0.826161, -0.578240, -0.133994
0.288896, 0.134551, 0.246499, 0.114038
0.288940, 0.147892, 0.246254, 0.125254
0.289358, 0.085324, 0.247799, 0.072486
0.289611, 0.880722, -0.579682, -0.092198
0.289703, 0.602651, 0.228559, 0.490071
0.290083, 0.590144, 0.229571, 0.480489
0.290200, 0.338723, 0.241086, 0.282257
0.290325, 0.894757, -0.579558, -0.081411
0.290405, 0.061929, 0.249012, 0.052653
0.290413, 0.752766, -0.573025, -0.189595
0.290492, 0.846224, -0.577892, -0.118728
0.290544, 0.437365, 0.237416, 0.361257
0.290745, 0.989873, -0.580645, -0.007845
0.290937, 0.384388, 0.239944, 0.319020
0.291290, 0.494269, 0.235442, 0.406079
0.291832, 0.729975, -0.567800, -0.204475
0.291941, 0.506232, 0.235385, 0.415407
0.292210, 0.662964, 0.226022, 0.534759
0.292685, 0.350959, 0.242614, 0.292010
0.293035, 0.038982, 0.251390, 0.033146
0.293234, 0.940603, -0.578116, -0.046030
0.293531, 0.000000, 0.251817, 0.000000
0.293590, 0.406169, 0.241235, 0.336386
0.293652, 0.257402, 0.246794, 0.215906
0.293669, 0.243808, 0.247207, 0.204692
0.293688, 0.800743, -0.573426, -0.153598
0.293730, 0.696826, 0.221340, 0.554414
0.293759, 0.098949, 0.251202, 0.083944
0.294115, 0.270557, 0.246743, 0.226685
0.294175, 0.812777, -0.573491, -0.144421
0.294261, 0.906840, -0.576830, -0.072170
0.294872, 0.230676, 0.248604, 0.193829
0.295090, 0.650067, 0.229745, 0.525568
0.295165, 0.636073, 0.230689, 0.515058
0.295360, 0.426176, 0.241779, 0.352191
0.295432, 0.558867, 0.235514, 0.456255
0.295522, 0.835273, -0.573628, -0.127304
0.295586, 0.282726, 0.247534, 0.236596
0.295646, 0.787026, -0.571311, -0.164137
0.295723, 0.075280, 0.253183, 0.063902
0.295779, 0.294370, 0.247232, 0.246041
0.296187, 0.018750, 0.254059, 0.015935
0.296198, 0.868656, -0.574176, -0.101659
0.296206, 0.929725, -0.575698, -0.054496
0.296379, 0.918269, -0.575452, -0.063372
0.296551, 0.622309, 0.232630, 0.504568
0.296771, 0.112909, 0.253394, 0.095660
0.296780, 0.719490, -0.568552, -0.218137
0.296794, 0.362869, 0.245493, 0.301453
0.296991, 0.685073, 0.218794, 0.541109
0.297047, 0.963436, -0.575678, -0.028385
0.297123, 0.483242, 0.240624, 0.397206
0.297227, 0.459739, 0.241749, 0.378621
0.297422, 0.471715, 0.241348, 0.388037
0.297474, 0.219154, 0.251177, 0.184300
0.297491, 0.571427, 0.236406, 0.465768
0.297514, 1.000000, -0.575513, 0.000000
0.297778, 0.051223, 0.255134, 0.043492
0.297896, 0.374732, 0.245906, 0.310933
0.297906, 0.307453, 0.248532, 0.256649
0.297947, 0.517224, 0.239658, 0.423817
0.298034, 0.180999, 0.252742, 0.152634
0.298193, 0.530446, 0.239130, 0.434002
0.298233, 0.194339, 0.252567, 0.163741
0.298259, 0.762544, -0.567886, -0.182789
0.298309, 0.544016, 0.238492, 0.444480
0.298313, 0.167628, 0.253349, 0.141491
0.298354, 0.207057, 0.252297, 0.174288
0.298409, 0.741101, -0.566175, -0.198722
0.298446, 0.977311, -0.574627, -0.017619
0.299100, 0.448010, 0.243795, 0.369305
0.299111, 0.393874, 0.246148, 0.326270
0.299335, 0.154025, 0.254580, 0.130125
0.299349, 0.888692, -0.572452, -0.086306
0.299475, 0.126974, 0.255369, 0.107460
0.299603, 0.330993, 0.248986, 0.275620
0.299619, 0.318801, 0.249484, 0.265773
0.299661, 0.949742, -0.573512, -0.039036
0.299752, 0.856429, -0.571167, -0.111197
0.299771, 0.608681, 0.235954, 0.494041
0.299894, 0.707100, -0.480859, -0.145495
0.299975, 0.140223, 0.255443, 0.118553
0.300015, 0.774693, -0.567352, -0.173718
0.300275, 0.674027, 0.224938, 0.535814
0.300334, 0.583271, 0.237929, 0.474673
0.301015, 0.822739, -0.568922, -0.137124
0.301104, 0.415549, 0.246881, 0.343538
0.301221, 0.009071, 0.258104, 0.007702
0.301263, 0.596228, 0.237875, 0.484502
0.301413, 0.089266, 0.257483, 0.075606
0.301457, 0.029925, 0.258318, 0.025401
0.302256, 0.344069, 0.250670, 0.286120
0.302341, 0.504007, 0.243760, 0.413230
0.302361, 0.063534, 0.258701, 0.053864
0.303103, 0.436241, 0.247518, 0.359799
0.303420, 0.878006, -0.569084, -0.094671
0.303490, 0.250842, 0.254991, 0.210152
0.303518, 0.797100, -0.565804, -0.156837
0.303541, 0.662556, 0.235968, 0.534955
0.303687, 0.845012, -0.567838, -0.120130
0.303825, 0.900168, -0.569337, -0.077537
0.304001, 0.752135, -0.563063, -0.191032
0.304396, 0.237219, 0.256131, 0.198886
0.304536, 0.492390, 0.246091, 0.404067
0.304536, 0.263855, 0.255458, 0.220832
0.304586, 0.989065, -0.570199, -0.008511
0.304945, 0.104046, 0.260266, 0.088055
0.305053, 0.383212, 0.251418, 0.317540
0.305374, 0.355557, 0.252692, 0.295197
0.305449, 0.729806, -0.560844, -0.208296
0.305535, 0.641644, 0.237966, 0.518207
0.305638, 0.809665, -0.564806, -0.147328
0.305846, 0.694457, -0.178737, 0.140328
0.306061, 0.403722, 0.251319, 0.333827
0.306127, 0.041369, 0.262033, 0.035070
0.306133, 0.629396, 0.239442, 0.509190
0.306327, 0.937500, -0.568053, -0.048612
0.306339, 0.552277, 0.244352, 0.450481
0.306352, 0.276240, 0.256530, 0.230918
0.306541, 0.300014, 0.255774, 0.250238
0.307009, 0.075593, 0.262261, 0.063981
0.307191, 0.652378, 0.237305, 0.524948
0.307437, 0.616236, 0.241329, 0.499211
0.307571, 0.564873, 0.244614, 0.460138
0.307780, 0.957456, -0.567284, -0.033119
0.307795, 0.785496, -0.562081, -0.165918
0.307842, 0.925178, -0.566853, -0.058220
0.307964, 0.118306, 0.262461, 0.099996
0.308158, 0.288355, 0.257454, 0.240633
0.308197, 0.538151, 0.246574, 0.439445
0.308222, 0.833158, -0.563997, -0.129430
0.308322, 0.479491, 0.249684, 0.393699
0.308325, 0.911913, -0.566270, -0.068534
0.308382, 0.000000, 0.264008, 0.000000
0.308429, 0.225861, 0.259881, 0.189473
0.308437, 0.716743, -0.551947, -0.212866
0.308570, 0.866360, -0.564789, -0.103814
0.308604, 0.175119, 0.261537, 0.147454
0.308641, 0.425675, 0.252474, 0.351245
0.308777, 0.369786, 0.254957, 0.306600
0.308778, 0.467146, 0.250647, 0.383982
0.308831, 0.525043, 0.247782, 0.429259
0.308843, 0.188461, 0.261368, 0.158541
0.308986, 0.969151, -0.566583, -0.024029
0.309070, 0.161331, 0.262308, 0.135967
0.309221, 0.019762, 0.264729, 0.016752
0.309410, 0.201689, 0.261481, 0.169514
0.309829, 0.764021, -0.559341, -0.182356
0.309869, 0.147060, 0.263315, 0.124029
0.310069, 0.214459, 0.261660, 0.180073
0.310101, 0.455889, 0.252253, 0.375081
0.310138, 0.684003, 0.118960, 0.426793
0.310318, 0.336156, 0.257468, 0.279374
0.310492, 0.053106, 0.265453, 0.044960
0.310511, 0.513014, 0.249744, 0.419829
0.310674, 0.576415, 0.246355, 0.468828
0.310806, 0.324038, 0.258342, 0.269568
0.311093, 0.132690, 0.264619, 0.111963
0.311301, 0.889012, -0.563366, -0.086357
0.311340, 0.704159, -0.530548, -0.204702
0.311401, 0.742562, -0.556933, -0.198710
0.311485, 0.312031, 0.259410, 0.259876
0.311520, 0.445371, 0.253831, 0.366641
0.311701, 0.589414, 0.246356, 0.478689
0.311800, 1.000000, -0.564673, 0.000000
0.312197, 0.602678, 0.245835, 0.488589
0.312311, 0.085725, 0.266461, 0.072463
0.312554, 0.854949, -0.561407, -0.112760
0.312788, 0.672506, 0.244246, 0.543050
0.312876, 0.392433, 0.257335, 0.324591
0.313081, 0.979954, -0.563560, -0.015634
0.313128, 0.821146, -0.559761, -0.138860
0.313367, 0.946117, -0.562908, -0.042008
0.313411, 0.243997, 0.263281, 0.204185
0.313662, 0.414199, 0.256973, 0.341852
0.313779, 0.775323, -0.557127, -0.174003
0.313875, 0.097125, 0.267571, 0.082043
0.314065, 0.798307, -0.557884, -0.156403
0.314287, 0.500417, 0.253389, 0.409839
0.314537, 0.031108, 0.268974, 0.026331
0.314719, 0.256296, 0.263982, 0.214269
0.314871, 0.064938, 0.268844, 0.054901
0.315342, 0.359521, 0.260621, 0.298023
0.315757, 0.009950, 0.270020, 0.008422
0.315814, 0.346788, 0.261552, 0.287794
0.316004, 0.877027, -0.559519, -0.095779
0.316300, 0.900481, -0.559906, -0.077577
0.316350, 0.843427, -0.558200, -0.121806
0.316452, 0.661223, 0.229308, 0.516213
0.316538, 0.268175, 0.265072, 0.223946
0.316654, 0.487753, 0.255885, 0.399776
0.316693, 0.637747, 0.246685, 0.514510
0.316736, 0.435883, 0.258478, 0.358955
0.316905, 0.624826, 0.247927, 0.504988
0.316997, 0.380442, 0.261123, 0.314778
0.317285, 0.109482, 0.270197, 0.092392
0.317292, 0.546051, 0.253221, 0.444998
0.317412, 0.300669, 0.264653, 0.250441
0.317434, 0.753384, -0.553137, -0.190904
0.317602, 0.733876, -0.551776, -0.205743
0.317681, 0.558719, 0.252806, 0.454761
0.317924, 0.722216, -0.549584, -0.213477
0.317936, 0.810076, -0.555638, -0.147573
0.317969, 0.233472, 0.267346, 0.195393
0.318349, 0.921382, -0.558735, -0.061350
0.318382, 0.612943, 0.249907, 0.495984
0.318404, 0.402638, 0.261286, 0.332435
0.318493, 0.648836, 0.245767, 0.521156
0.318972, 0.042697, 0.272468, 0.036095
0.318987, 0.169484, 0.270158, 0.142494
0.319005, 0.958145, -0.558633, -0.032683
0.319008, 0.279605, 0.266665, 0.233182
0.319165, 0.533215, 0.255424, 0.435004
0.319297, 0.474198, 0.258646, 0.388997
0.319408, 0.990222, -0.558754, -0.007640
0.319468, 0.182614, 0.270199, 0.153395
0.319513, 0.933671, -0.558104, -0.051792
0.319556, 0.694498, -0.569737, -0.258889
0.319579, 0.155838, 0.270981, 0.131109
0.319620, 0.121649, 0.271756, 0.102515
0.319860, 0.195776, 0.270144, 0.164297
0.319917, 0.787394, -0.553032, -0.165064
0.320304, 0.076270, 0.273120, 0.064390
0.320420, 0.709205, -0.540940, -0.217612
0.320625, 0.290124, 0.267595, 0.241693
0.320750, 0.209192, 0.270508, 0.175390
0.320826, 0.333455, 0.266126, 0.276835
0.320851, 0.831786, -0.554369, -0.130967
0.320852, 0.521182, 0.257430, 0.425616
0.320924, 0.142911, 0.272338, 0.120267
0.320987, 0.461392, 0.260657, 0.378904
0.321100, 0.865353, -0.555235, -0.104970
0.321245, 0.424958, 0.262571, 0.350069
0.321416, 0.569412, 0.255088, 0.462793
0.321974, 0.368963, 0.265643, 0.305403
0.322131, 0.969762, -0.556482, -0.023639
0.322156, 0.582082, 0.254870, 0.472422
0.322174, 0.222524, 0.271202, 0.186308
0.322279, 0.320945, 0.267777, 0.266649
0.322294, 0.765672, -0.550136, -0.181807
0.322300, 0.682139, -0.313929, -0.017810
0.322457, 0.910683, -0.555444, -0.069767
0.322620, 0.000000, 0.275651, 0.000000
0.322627, 0.020842, 0.275650, 0.017617
0.322891, 0.509032, 0.259705, 0.416084
0.322902, 0.594930, 0.254607, 0.482130
0.323050, 0.887924, -0.554434, -0.087497
0.323150, 0.054501, 0.275723, 0.046016
0.323211, 0.448693, 0.263090, 0.368857
0.324051, 0.246988, 0.271921, 0.206352
0.324124, 0.088699, 0.276064, 0.074799
0.324155, 0.132524, 0.275217, 0.111525
0.325132, 0.853673, -0.551805, -0.114156
0.325261, 0.946083, -0.553915, -0.042181
0.325267, 0.309474, 0.270682, 0.257287
0.325455, 0.669935, 0.074598, 0.358313
0.325745, 0.799327, -0.549127, -0.156159
0.325882, 0.496157, 0.262735, 0.405866
0.325899, 0.355375, 0.269327, 0.294279
0.325958, 0.390625, 0.267800, 0.322425
0.326078, 0.413826, 0.266952, 0.341017
0.326083, 0.743440, -0.546008, -0.198968
0.326162, 0.820894, -0.549802, -0.139565
0.326417, 0.259799, 0.273412, 0.216771
0.326493, 0.606156, 0.256566, 0.490303
0.326505, 0.631734, 0.254196, 0.508913
0.326597, 0.100976, 0.277864, 0.085069
0.326671, 1.000000, -0.553142, 0.000000
0.326821, 0.777891, -0.547413, -0.172707
0.327515, 0.980432, -0.552472, -0.015323
0.327539, 0.032226, 0.279535, 0.027201
0.327665, 0.066453, 0.279212, 0.056029
0.327751, 0.553616, 0.260872, 0.450122
0.328042, 0.343196, 0.271551, 0.284385
0.328045, 0.483121, 0.265116, 0.395548
0.328105, 0.657080, 0.242714, 0.516438
0.328499, 0.436437, 0.267836, 0.358842
0.328639, 0.729714, -0.543085, -0.209453
0.328653, 0.876061, -0.549839, -0.096872
0.328822, 0.841753, -0.548670, -0.123539
0.328873, 0.898314, -0.550269, -0.079541
0.328954, 0.272165, 0.275038, 0.226789
0.329068, 0.619769, 0.257367, 0.500106
0.329117, 0.541415, 0.262689, 0.440703
0.329121, 0.236220, 0.276378, 0.197331
0.329322, 0.163693, 0.278659, 0.137385
0.329356, 0.716501, -0.540170, -0.217999
0.329394, 0.378337, 0.271218, 0.312605
0.329557, 0.402360, 0.270207, 0.331675
0.329681, 0.644046, 0.253939, 0.515989
0.329710, 0.010591, 0.281411, 0.008939
0.329917, 0.702221, -0.544267, -0.234436
0.330029, 0.756049, -0.543839, -0.189596
0.330128, 0.922605, -0.549722, -0.060590
0.330191, 0.176433, 0.279081, 0.147969
0.330287, 0.810664, -0.546241, -0.147631
0.330331, 0.297459, 0.275239, 0.247347
0.330442, 0.113058, 0.280808, 0.095138
0.330618, 0.189237, 0.279076, 0.158572
0.330714, 0.958656, -0.549741, -0.032392
0.330756, 0.470315, 0.267954, 0.385423
0.330919, 0.150190, 0.280236, 0.126082
0.330972, 0.202024, 0.278975, 0.169127
0.331181, 0.529833, 0.265024, 0.431727
0.331632, 0.043998, 0.282738, 0.037094
0.332008, 0.330710, 0.275285, 0.274190
0.332245, 0.935153, -0.548496, -0.050824
0.332266, 0.215119, 0.279639, 0.179897
0.332381, 0.284625, 0.277320, 0.236785
0.332394, 0.690069, -0.515091, -0.217583
0.332674, 0.790143, -0.543497, -0.163556
0.332677, 0.079011, 0.283168, 0.066539
0.332696, 0.517509, 0.266914, 0.422099
0.332739, 0.124266, 0.282326, 0.104428
0.332747, 0.563257, 0.264231, 0.457358
0.332895, 0.457933, 0.270287, 0.375599
0.333061, 0.575485, 0.263685, 0.466663
0.333383, 0.364852, 0.274957, 0.301576
0.333447, 0.424230, 0.272342, 0.348916
0.333645, 0.864521, -0.545649, -0.105987
0.333677, 0.587880, 0.263325, 0.476018
0.334062, 0.829605, -0.544224, -0.133145
0.334311, 0.990254, -0.547254, -0.007645
0.334533, 0.908669, -0.546207, -0.071577
0.334646, 0.318660, 0.277905, 0.264356
0.334688, 0.504896, 0.269182, 0.412187
0.334690, 0.768721, -0.540956, -0.180131
0.334739, 0.678240, -0.535020, -0.249678
0.334922, 0.249618, 0.280699, 0.208172
0.334993, 0.138638, 0.283923, 0.116408
0.335515, 0.227383, 0.281828, 0.189847
0.335570, 0.886591, -0.544852, -0.088844
0.335592, 0.056436, 0.285783, 0.047523
0.335631, 0.970114, -0.546157, -0.023451
0.335810, 0.091513, 0.285475, 0.076975
0.336090, 0.021788, 0.286579, 0.018364
0.336185, 0.599377, 0.264440, 0.484520
0.336220, 0.446448, 0.273478, 0.366353
0.336431, 0.000000, 0.286910, 0.000000
0.336922, 0.632884, 0.255680, 0.502592
0.337219, 0.491799, 0.271882, 0.401830
0.337353, 0.665524, -0.257528, 0.012575
0.337363, 0.852869, -0.542441, -0.115170
0.337442, 0.947840, -0.544576, -0.040942
0.337504, 0.352076, 0.278786, 0.291118
0.337907, 0.736722, -0.536682, -0.204772
0.338143, 0.261875, 0.282856, 0.218066
0.338282, 0.611458, 0.265034, 0.493295
0.338288, 0.802719, -0.539755, -0.154095
0.338295, 0.307039, 0.281316, 0.254815
0.338462, 0.411784, 0.276890, 0.338757
0.338587, 0.386300, 0.278215, 0.318529
0.338934, 0.397847, 0.277926, 0.327667
0.339070, 0.549536, 0.269910, 0.446305
0.339134, 0.748197, -0.536519, -0.196106
0.339249, 0.104047, 0.288075, 0.087424
0.339335, 0.723144, -0.534394, -0.214855
0.339473, 0.652705, 0.216697, 0.475646
0.339660, 0.709764, -0.534444, -0.226173
0.339682, 0.781015, -0.537796, -0.170930
0.339811, 0.068853, 0.289013, 0.057902
0.339874, 0.159041, 0.287300, 0.133233
0.339911, 0.479264, 0.274712, 0.391943
0.340221, 0.817180, -0.538910, -0.142984
0.340318, 0.033363, 0.289882, 0.028083
0.340515, 0.340502, 0.281734, 0.281726
0.340582, 0.840991, -0.539650, -0.124531
0.340732, 0.273840, 0.284500, 0.227717
0.340771, 0.623360, 0.264886, 0.500842
0.340849, 0.373724, 0.280559, 0.308349
0.340924, 0.435184, 0.277758, 0.357210
0.341185, 0.170643, 0.288160, 0.142872
0.341462, 0.240051, 0.286303, 0.200097
0.341481, 1.000000, -0.541728, 0.000000
0.341634, 0.182873, 0.288201, 0.152996
0.341657, 0.875213, -0.539859, -0.097877
0.341664, 0.916703, -0.540720, -0.065402
0.341861, 0.897077, -0.540254, -0.080787
0.342019, 0.538683, 0.272951, 0.437925
0.342059, 0.980272, -0.541263, -0.015508
0.342118, 0.195137, 0.288226, 0.163113
0.342202, 0.295266, 0.284895, 0.245091
0.342280, 0.207387, 0.287938, 0.173184
0.342371, 0.697419, -0.527290, -0.231498
0.342480, 0.526508, 0.274020, 0.428467
0.342597, 0.466670, 0.277498, 0.381933
0.342779, 0.760364, -0.534380, -0.186963
0.342793, 0.128356, 0.290433, 0.107649
0.343008, 0.642014, 0.232449, 0.481240
0.343095, 0.927463, -0.539832, -0.056989
0.343263, 0.011237, 0.292420, 0.009458
0.343451, 0.959673, -0.540007, -0.031705
0.343610, 0.327969, 0.284738, 0.271496
0.343641, 0.046546, 0.292395, 0.039138
0.344149, 0.513585, 0.276084, 0.418368
0.344172, 0.148910, 0.291113, 0.124745
0.344428, 0.116165, 0.292032, 0.097453
0.344434, 0.569634, 0.272842, 0.461479
0.344501, 0.558210, 0.273588, 0.452653
0.344651, 0.581848, 0.272180, 0.470748
0.344748, 0.220002, 0.289552, 0.183493
0.345143, 0.081365, 0.293228, 0.068340
0.345191, 0.285200, 0.287664, 0.236781
0.345212, 0.793255, -0.534124, -0.161726
0.345236, 0.424165, 0.281700, 0.348249
0.345247, 0.938488, -0.538472, -0.048375
0.345547, 0.360910, 0.284822, 0.297810
0.345573, 0.685222, -0.528823, -0.245792
0.345751, 0.454887, 0.280603, 0.372507
0.345936, 0.828732, -0.535122, -0.134257
0.346068, 0.500533, 0.278329, 0.408112
0.346253, 0.863859, -0.535979, -0.106867
0.346433, 0.593838, 0.272675, 0.479658
0.346494, 0.673453, -0.491644, -0.219438
0.347037, 0.252170, 0.290441, 0.209857
0.347184, 0.315440, 0.288129, 0.261239
0.347331, 0.093217, 0.294712, 0.078205
0.347466, 0.772589, -0.531450, -0.177796
0.348008, 0.058824, 0.295795, 0.049403
0.348463, 0.885872, -0.534994, -0.089722
0.348536, 0.138203, 0.294886, 0.115734
0.348597, 0.906312, -0.535233, -0.073682
0.348626, 0.605922, 0.273322, 0.488447
0.348780, 0.659661, -0.498003, -0.240414
0.348812, 0.730157, -0.527965, -0.210347
0.348972, 0.232129, 0.292566, 0.193304
0.349030, 0.990131, -0.535907, -0.007772
0.349088, 0.806679, -0.531791, -0.151500
0.349155, 0.488151, 0.281494, 0.398365
0.349398, 0.852350, -0.533174, -0.115942
0.349472, 0.403495, 0.286039, 0.331616
0.349607, 0.022863, 0.297357, 0.019203
0.349726, 0.443705, 0.284310, 0.363479
0.349797, 0.970025, -0.535229, -0.023608
0.349860, 0.000000, 0.297748, 0.000000
0.350067, 0.716788, -0.526410, -0.220828
0.350175, 0.414535, 0.286082, 0.340359
0.350187, 0.264388, 0.292527, 0.219702
0.350330, 0.350235, 0.289235, 0.289157
0.350418, 0.391781, 0.287415, 0.322339
0.350467, 0.618583, 0.272724, 0.496695
0.350583, 0.741565, -0.527334, -0.201780
0.350601, 0.632439, 0.264082, 0.499069
0.350638, 0.949762, -0.534398, -0.039568
0.350846, 0.380541, 0.288259, 0.313342
0.351334, 0.303116, 0.291940, 0.251085
0.351453, 0.161732, 0.296676, 0.135207
0.351580, 0.037162, 0.298841, 0.031197
0.351600, 0.105624, 0.297998, 0.088514
0.351723, 0.475332, 0.284210, 0.388193
0.351820, 0.070995, 0.298659, 0.059546
0.351845, 0.840411, -0.530972, -0.125354
0.351893, 0.752746, -0.527074, -0.193305
0.352080, 0.705447, -0.523513, -0.228966
0.352216, 0.337954, 0.291247, 0.279182
0.352456, 0.175179, 0.297151, 0.146325
0.352639, 0.368829, 0.290190, 0.303870
0.352799, 0.784342, -0.527969, -0.168972
0.352937, 0.647261, -0.119296, 0.123106
0.352979, 0.547966, 0.280863, 0.444367
0.353035, 0.277002, 0.294293, 0.229818
0.353198, 0.817931, -0.529155, -0.142930
0.353231, 0.522666, 0.282619, 0.424837
0.353271, 0.187725, 0.297459, 0.156668
0.353351, 0.535328, 0.281958, 0.434641
0.353720, 0.211637, 0.296995, 0.176291
0.353821, 0.199843, 0.297520, 0.166628
0.353873, 0.917692, -0.531268, -0.064825
0.354274, 0.432662, 0.288464, 0.354520
0.354614, 0.126103, 0.300113, 0.105552
0.354767, 0.692901, -0.521537, -0.239552
0.354905, 0.874333, -0.529670, -0.098911
0.355009, 0.325388, 0.293995, 0.268927
0.355150, 0.463168, 0.287584, 0.378499
0.355197, 0.508987, 0.284944, 0.414088
0.355306, 0.243193, 0.297425, 0.202224
0.355388, 0.574396, 0.280897, 0.464290
0.355563, 0.560886, 0.281949, 0.453987
0.355666, 0.764674, -0.524770, -0.184293
0.355869, 0.896060, -0.529493, -0.081889
0.355996, 0.929157, -0.529866, -0.055842
0.356137, 1.000000, -0.530425, 0.000000
0.356187, 0.291553, 0.296405, 0.241612
0.356333, 0.049243, 0.302609, 0.041293
0.356393, 0.011137, 0.302951, 0.009343
0.356451, 0.148832, 0.300996, 0.124364
0.356557, 0.980080, -0.530073, -0.015717
0.356622, 0.587179, 0.280894, 0.473844
0.356741, 0.669302, -0.512867, -0.252307
0.357196, 0.224540, 0.299452, 0.186810
0.357263, 0.797132, -0.525162, -0.159259
0.357434, 0.959591, -0.529216, -0.031883
0.357999, 0.939656, -0.528548, -0.047607
0.358225, 0.082994, 0.303698, 0.069503
0.358247, 0.094478, 0.303574, 0.079103
0.358297, 0.828876, -0.525623, -0.134577
0.358318, 0.497237, 0.288140, 0.404884
0.358800, 0.115172, 0.303659, 0.096349
0.358867, 0.680463, -0.514269, -0.246016
0.358928, 0.599043, 0.281419, 0.482242
0.358934, 0.863142, -0.526201, -0.107782
0.359075, 0.451591, 0.291300, 0.369199
0.359213, 0.422165, 0.292934, 0.346003
0.359249, 0.724203, -0.519790, -0.215605
0.359394, 0.312947, 0.297973, 0.258657
0.359624, 0.254841, 0.300496, 0.211584
0.359815, 0.029891, 0.305586, 0.025056
0.360149, 0.359661, 0.296652, 0.296239
0.360285, 0.611786, 0.279925, 0.490047
0.360572, 0.484020, 0.290647, 0.394435
0.360704, 0.137502, 0.304663, 0.114858
0.360735, 0.060833, 0.306021, 0.050948
0.360944, 0.775595, -0.521347, -0.176123
0.360984, 0.624787, 0.270421, 0.490221
0.361113, 0.658164, -0.510848, -0.263244
0.361151, 0.851374, -0.524084, -0.117057
0.361289, 0.884524, -0.525113, -0.091083
0.361374, 0.409679, 0.295256, 0.335992
0.361378, 0.397853, 0.295865, 0.326644
0.361439, 0.637487, -0.044164, 0.183124
0.361599, 0.907821, -0.525301, -0.072749
0.361659, 0.735210, -0.518574, -0.207275
0.361773, 0.267655, 0.301738, 0.221930
0.361867, 0.347147, 0.298614, 0.286171
0.362144, 0.808971, -0.521912, -0.150246
0.362145, 0.385658, 0.297064, 0.316915
0.362731, 0.373402, 0.298118, 0.307132
0.362854, 0.158202, 0.305975, 0.131992
0.362859, 0.169914, 0.305699, 0.141691
0.363156, 0.839906, -0.522185, -0.126102
0.363326, 0.280977, 0.302439, 0.232662
0.363331, 0.000000, 0.308522, 0.000000
0.363358, 0.517341, 0.290793, 0.420049
0.363413, 0.440480, 0.295304, 0.360216
0.363413, 0.702536, -0.515345, -0.232449
0.363480, 0.235070, 0.304271, 0.195285
0.363526, 0.746544, -0.517771, -0.198657
0.363556, 0.714030, -0.515775, -0.223572
0.363611, 0.990002, -0.524644, -0.007903
0.363632, 0.072187, 0.308201, 0.060403
0.363786, 0.334587, 0.300664, 0.275972
0.364007, 0.969792, -0.524248, -0.023878
0.364065, 0.471648, 0.294119, 0.384621
0.364313, 0.757100, -0.517781, -0.190572
0.364457, 0.182001, 0.306684, 0.151641
0.364471, 0.529728, 0.290924, 0.429601
0.364472, 0.019974, 0.309392, 0.016729
0.364516, 0.948388, -0.523638, -0.040791
0.364524, 0.302942, 0.302616, 0.250465
0.364616, 0.215459, 0.305729, 0.179121
0.364666, 0.541911, 0.290274, 0.438935
0.364948, 0.103482, 0.308858, 0.086505
0.365018, 0.041306, 0.309732, 0.034585
0.365299, 0.567434, 0.288892, 0.458182
0.365303, 0.787977, -0.518619, -0.166721
0.365433, 0.193422, 0.307101, 0.161003
0.365646, 0.648360, -0.492015, -0.256660
0.365921, 0.204508, 0.307149, 0.170099
0.365955, 0.921515, -0.522113, -0.062022
0.365970, 0.553858, 0.290397, 0.447860
0.366445, 0.581018, 0.288947, 0.468564
0.366484, 0.321980, 0.303295, 0.265652
0.366799, 0.820337, -0.518784, -0.141554
0.366806, 0.689845, -0.511585, -0.242005
0.367462, 0.125174, 0.310328, 0.104460
0.368079, 0.459645, 0.297959, 0.375022
0.368180, 0.506441, 0.295212, 0.411316
0.368232, 0.429728, 0.299706, 0.351525
0.368261, 0.668805, -0.508682, -0.257850
0.368707, 0.896786, -0.519699, -0.081598
0.368717, 0.872060, -0.519010, -0.101056
0.369082, 0.492857, 0.296760, 0.400765
0.369325, 0.292449, 0.306863, 0.241762
0.369515, 0.246089, 0.308699, 0.204045
0.369580, 0.934363, -0.519486, -0.051927
0.369678, 0.592540, 0.290341, 0.476791
0.369783, 0.090841, 0.313037, 0.075916
0.369797, 0.766658, -0.514037, -0.183432
0.369858, 0.053087, 0.313537, 0.044398
0.370246, 0.605301, 0.284969, 0.481335
0.370311, 0.148988, 0.312196, 0.124177
0.370335, 0.800072, -0.515295, -0.157519
0.370643, 1.000000, -0.519208, 0.000000
0.370811, 0.010204, 0.314551, 0.008537
0.370876, 0.224804, 0.310528, 0.186608
0.370891, 0.958767, -0.518826, -0.032645
0.370967, 0.979825, -0.518927, -0.015977
0.371142, 0.417449, 0.302639, 0.341671
0.371173, 0.858943, -0.516685, -0.111426
0.371259, 0.726237, -0.510803, -0.214738
0.371278, 0.258945, 0.309666, 0.214463
0.371468, 0.832073, -0.515546, -0.132518
0.371470, 0.137019, 0.313390, 0.114232
0.371593, 0.618088, 0.265226, 0.469831
0.371864, 0.112227, 0.314200, 0.093636
0.371999, 0.354724, 0.306366, 0.291773
0.372022, 0.631003, -0.252450, -0.039015
0.372107, 0.366717, 0.305867, 0.301316
0.372263, 0.884566, -0.516533, -0.091287
0.372368, 0.079121, 0.315269, 0.066100
0.372447, 0.030894, 0.315845, 0.025835
0.372561, 0.404736, 0.304421, 0.331556
0.372645, 0.448086, 0.302197, 0.365712
0.372674, 0.480477, 0.300341, 0.390979
0.372777, 0.679342, -0.506463, -0.250488
0.372857, 0.910937, -0.516655, -0.070493
0.372881, 0.392398, 0.305293, 0.321762
0.373028, 0.271444, 0.310581, 0.224538
0.373194, 0.845912, -0.514633, -0.121706
0.373295, 0.342034, 0.307964, 0.281544
0.373345, 0.778482, -0.512047, -0.174467
0.373391, 0.379822, 0.306324, 0.311754
0.373516, 0.740088, -0.509988, -0.204233
0.373670, 0.162755, 0.314651, 0.135516
0.373785, 0.313376, 0.309559, 0.258457
0.373915, 0.519823, 0.298836, 0.421301
0.373990, 0.065503, 0.316620, 0.054705
0.374061, 0.699942, -0.507014, -0.235037
0.374576, 0.657330, -0.502254, -0.266165
0.374649, 0.175749, 0.315035, 0.146187
0.374841, 0.642803, -0.497629, -0.274125
0.375027, 0.712093, -0.507107, -0.225824
0.375055, 0.328642, 0.309963, 0.270721
0.375220, 0.282646, 0.311940, 0.233560
0.375550, 0.811971, -0.511752, -0.148424
0.375610, 0.575890, 0.295540, 0.463208
0.375963, 0.754063, -0.508722, -0.193506
0.376026, 0.532331, 0.299635, 0.430755
0.376194, 0.564315, 0.297305, 0.454885
0.376215, 0.946115, -0.514676, -0.042721
0.376548, 0.212966, 0.315537, 0.176762
0.376586, 0.468257, 0.304137, 0.381247
0.376732, 0.543136, 0.299440, 0.438972
0.376855, 0.234083, 0.315038, 0.193999
0.376914, 0.188749, 0.316581, 0.156871
0.377209, 0.000000, 0.319758, 0.000000
0.377409, 0.437240, 0.306566, 0.356958
0.377538, 0.301549, 0.313085, 0.248787
0.377734, 0.042378, 0.319988, 0.035391
0.377806, 0.200410, 0.316944, 0.166422
0.377911, 0.100656, 0.319404, 0.083951
0.377948, 0.969195, -0.513469, -0.024435
0.377994, 0.790693, -0.509010, -0.165150
0.378063, 0.989793, -0.513457, -0.008097
0.378085, 0.923105, -0.512824, -0.060956
0.378218, 0.553890, 0.299827, 0.447068
0.378353, 0.500452, 0.303505, 0.406056
0.378522, 0.020931, 0.320768, 0.017483
0.379097, 0.120034, 0.319892, 0.099987
0.379914, 0.901423, -0.511004, -0.078141
0.379929, 0.823985, -0.508817, -0.139166
0.380076, 0.689290, -0.501779, -0.243567
0.380482, 0.586432, 0.295896, 0.468239
0.380697, 0.425215, 0.309807, 0.347314
0.380736, 0.668941, -0.499846, -0.259088
0.380814, 0.599670, 0.300605, 0.483409
0.380959, 0.130991, 0.321205, 0.109046
0.381090, 0.456195, 0.308378, 0.371578
0.381195, 0.864710, -0.509145, -0.107164
0.381199, 0.511361, 0.305062, 0.414354
0.381341, 0.767414, -0.505341, -0.183426
0.381426, 0.489272, 0.306601, 0.397218
0.381489, 0.876888, -0.509261, -0.097568
0.381622, 0.253960, 0.318196, 0.210051
0.381762, 0.721644, -0.502504, -0.218856
0.382041, 0.611303, 0.162460, 0.352046
0.382131, 0.087741, 0.323027, 0.073148
0.382275, 0.143567, 0.322014, 0.119434
0.382278, 0.890485, -0.508881, -0.086828
0.382294, 0.053637, 0.323503, 0.044736
0.382330, 0.242650, 0.319182, 0.200823
0.382484, 0.837354, -0.507283, -0.128741
0.382555, 0.412368, 0.311956, 0.337085
0.382590, 0.155388, 0.321960, 0.129185
0.382629, 0.624511, -0.433368, -0.233077
0.382742, 0.934796, -0.509443, -0.051765
0.382849, 0.851527, -0.507416, -0.117588
0.383260, 0.733166, -0.502129, -0.210088
0.383324, 0.803025, -0.505446, -0.155731
0.383362, 0.266160, 0.319127, 0.219892
0.383387, 0.361684, 0.315128, 0.296806
0.383433, 0.349415, 0.315744, 0.287012
0.383601, 0.957717, -0.509031, -0.033586
0.383655, 0.373920, 0.314735, 0.306520
0.383658, 0.399479, 0.313498, 0.326840
0.383784, 0.290634, 0.318602, 0.239764
0.383815, 0.222929, 0.321109, 0.184710
0.383955, 0.322146, 0.317301, 0.265062
0.383968, 0.336447, 0.316779, 0.276622
0.384039, 0.386810, 0.314443, 0.316782
0.384436, 0.075845, 0.325011, 0.063215
0.384513, 0.649274, -0.496002, -0.274771
0.384624, 0.010853, 0.325700, 0.009055
0.384670, 0.168622, 0.323361, 0.140074
0.384780, 0.635640, -0.473247, -0.263886
0.384868, 0.745507, -0.501638, -0.200645
0.384872, 0.702262, -0.498959, -0.233945
0.384952, 1.000000, -0.508119, 0.000000
0.384962, 0.477325, 0.310120, 0.387768
0.385059, 0.780123, -0.503180, -0.173722
0.385190, 0.979239, -0.507907, -0.016498
0.385452, 0.032601, 0.326339, 0.027193
0.385478, 0.524433, 0.307517, 0.424145
0.385531, 0.064200, 0.325987, 0.053502
0.385870, 0.278015, 0.320736, 0.229446
0.385879, 0.911838, -0.506586, -0.070003
0.385942, 0.181881, 0.323933, 0.150915
0.386240, 0.109962, 0.325770, 0.091489
0.386510, 0.310267, 0.319854, 0.255401
0.386650, 0.444876, 0.313443, 0.362463
0.386682, 0.573955, 0.302250, 0.459062
0.386753, 0.679040, -0.496125, -0.251887
0.387548, 0.208998, 0.324517, 0.173169
0.387890, 0.659678, -0.493749, -0.266602
0.388382, 0.758010, -0.499506, -0.191080
0.388503, 0.562274, 0.307107, 0.452699
0.388598, 0.815733, -0.501878, -0.145963
0.388667, 0.946399, -0.505005, -0.042624
0.388904, 0.548445, 0.308285, 0.442006
0.389042, 0.465163, 0.314040, 0.378056
0.389079, 0.536326, 0.309389, 0.432896
0.389137, 0.712951, -0.496445, -0.226010
0.389641, 0.195748, 0.326640, 0.162261
0.389913, 0.096038, 0.329118, 0.079913
0.390057, 0.500505, 0.312583, 0.405338
0.390129, 0.792935, -0.499763, -0.163896
0.390264, 0.433062, 0.316926, 0.352967
0.390316, 0.594654, 0.265823, 0.436358
0.390564, 0.000000, 0.330552, 0.000000
0.390681, 0.923763, -0.503060, -0.060621
0.390871, 0.299222, 0.323889, 0.246385
0.390928, 0.044581, 0.330617, 0.037133
0.390940, 0.122593, 0.329438, 0.101899
0.391166, 0.232873, 0.326645, 0.192564
0.391745, 0.968278, -0.502788, -0.025249
0.391795, 0.828675, -0.499875, -0.135892
0.391814, 0.692144, -0.493128, -0.242178
0.392067, 0.618582, -0.461211, -0.272661
0.392072, 0.022564, 0.331687, 0.018798
0.392229, 0.420042, 0.319191, 0.342622
0.392252, 0.989310, -0.502457, -0.008509
0.392319, 0.884482, -0.501057, -0.091812
0.392443, 0.870720, -0.500602, -0.102708
0.392452, 0.513783, 0.313547, 0.415384
0.392492, 0.899212, -0.501224, -0.080137
0.392533, 0.135448, 0.330441, 0.112495
0.392632, 0.843076, -0.499665, -0.124558
0.392699, 0.857324, -0.500009, -0.113301
0.392757, 0.488062, 0.315514, 0.395593
0.392966, 0.246942, 0.327602, 0.203965
0.393497, 0.259911, 0.327483, 0.214439
0.393686, 0.583532, 0.295808, 0.454570
0.393726, 0.330823, 0.324717, 0.271594
0.393735, 0.406925, 0.321086, 0.332204
0.393745, 0.148184, 0.331154, 0.122992
0.393851, 0.770507, -0.495881, -0.181587
0.393917, 0.725027, -0.493422, -0.216923
0.394098, 0.606515, -0.109004, 0.066241
0.394120, 0.643188, -0.484497, -0.276293
0.394297, 0.453733, 0.318889, 0.368900
0.394309, 0.160627, 0.331260, 0.133218
0.394363, 0.343809, 0.324726, 0.282038
0.394571, 0.356225, 0.324305, 0.291938
0.394649, 0.393927, 0.322490, 0.321882
0.394736, 0.368565, 0.323831, 0.301750
0.394776, 0.381064, 0.323226, 0.311661
0.394874, 0.668738, -0.489278, -0.260320
0.394970, 0.218736, 0.330205, 0.180918
0.395238, 0.083563, 0.333530, 0.069476
0.395342, 0.736747, -0.493096, -0.207961
0.395480, 0.806342, -0.496199, -0.153594
0.395699, 0.173550, 0.332069, 0.143827
0.395845, 0.934903, -0.499241, -0.051840
0.395868, 0.272331, 0.328973, 0.224459
0.395873, 0.056733, 0.334536, 0.047210
0.396082, 0.069442, 0.334415, 0.057743
0.396116, 0.318535, 0.327131, 0.261603
0.396247, 0.285562, 0.328666, 0.235082
0.396297, 0.630278, -0.481564, -0.286027
0.396587, 0.186547, 0.332375, 0.154457
0.396622, 0.748578, -0.492769, -0.198844
0.396706, 0.475497, 0.319325, 0.385539
0.396810, 0.957296, -0.498710, -0.034024
0.396820, 0.782038, -0.494202, -0.172726
0.397075, 0.105150, 0.334686, 0.087342
0.397507, 0.011981, 0.336064, 0.009971
0.397534, 0.703668, -0.489494, -0.233665
0.397571, 0.524692, 0.316705, 0.423355
0.397654, 0.913035, -0.497523, -0.069261
0.398150, 0.557135, 0.314047, 0.447244
0.398353, 0.682602, -0.487587, -0.249940
0.398411, 0.034663, 0.336751, 0.028838
0.398654, 0.654435, -0.485098, -0.271242
0.398790, 0.205202, 0.333606, 0.169685
0.398829, 0.571598, 0.315790, 0.460409
0.398917, 1.000000, -0.497301, 0.000000
0.399256, 0.978161, -0.496985, -0.017413
0.399893, 0.441133, 0.323959, 0.358662
0.400029, 0.115827, 0.336879, 0.096129
0.400152, 0.308528, 0.330917, 0.253490
0.400702, 0.545071, 0.317003, 0.438041
0.400738, 0.944758, -0.495521, -0.044048
0.400767, 0.761260, -0.490127, -0.189125
0.401005, 0.506610, 0.320637, 0.409292
0.401160, 0.819618, -0.492400, -0.143369
0.401555, 0.465247, 0.323843, 0.377402
0.401572, 0.795125, -0.491003, -0.162627
0.401573, 0.595425, 0.070243, 0.230215
0.401598, 0.295939, 0.332580, 0.243279
0.401684, 0.427737, 0.326211, 0.348149
0.401725, 0.715598, -0.487032, -0.224702
0.401944, 0.534941, 0.319218, 0.430753
0.401984, 0.834552, -0.492198, -0.131588
0.402229, 0.240065, 0.335216, 0.198010
0.402481, 0.495666, 0.322531, 0.400790
0.402704, 0.849060, -0.492053, -0.120126
0.402770, 0.128104, 0.338867, 0.106227
0.402796, 0.890151, -0.493074, -0.087542
0.402921, 0.094662, 0.339537, 0.078564
0.402943, 0.876861, -0.492596, -0.098089
0.402948, 0.618178, -0.477168, -0.297285
0.402992, 0.863223, -0.492199, -0.108908
0.403117, 0.227597, 0.336339, 0.187820
0.403233, 0.000000, 0.340562, 0.000000
0.403442, 0.414357, 0.328342, 0.337537
0.403603, 0.253703, 0.335860, 0.209062
0.403633, 0.047612, 0.340838, 0.039563
0.403747, 0.926194, -0.492919, -0.058874
0.404050, 0.902752, -0.492338, -0.077546
0.404095, 0.140825, 0.339641, 0.116689
0.404399, 0.483560, 0.324805, 0.391309
0.404825, 0.694221, -0.483358, -0.241389
0.404826, 0.401132, 0.330152, 0.327040
0.404835, 0.337983, 0.333271, 0.276846
0.404852, 0.641284, -0.479087, -0.281296
0.404958, 0.325800, 0.333905, 0.267076
0.405000, 0.074489, 0.341535, 0.061830
0.405031, 0.193918, 0.339012, 0.160287
0.405096, 0.153655, 0.340147, 0.127233
0.405331, 0.024227, 0.342171, 0.020122
0.405522, 0.388110, 0.331384, 0.316706
0.405527, 0.674125, -0.481516, -0.256883
0.405611, 0.350402, 0.333362, 0.286772
0.405640, 0.583833, 0.321574, 0.469753
0.405756, 0.166422, 0.340324, 0.137702
0.405758, 0.453253, 0.327778, 0.367717
0.405798, 0.362727, 0.332910, 0.296577
0.405808, 0.375273, 0.332283, 0.306534
0.405902, 0.265959, 0.337239, 0.218909
0.405954, 0.989118, -0.491815, -0.008692
0.406067, 0.966722, -0.491688, -0.026578
0.406185, 0.727905, -0.484234, -0.215370
0.406450, 0.179749, 0.340560, 0.148639
0.406731, 0.516076, 0.324450, 0.416235
0.406998, 0.606892, -0.462514, -0.295667
0.407207, 0.563020, 0.316333, 0.446794
0.407239, 0.806447, -0.487161, -0.153958
0.407257, 0.662969, -0.479529, -0.265571
0.407266, 0.216015, 0.340028, 0.178235
0.407288, 0.278363, 0.337828, 0.228861
0.407321, 0.783682, -0.486025, -0.171830
0.407397, 0.739336, -0.483937, -0.206548
0.407593, 0.771918, -0.485381, -0.181096
0.407705, 0.751312, -0.484333, -0.197232
0.408103, 0.061307, 0.344305, 0.050886
0.408558, 0.952327, -0.489466, -0.038082
0.408970, 0.629451, -0.475395, -0.290882
0.409188, 0.085222, 0.344747, 0.070665
0.409355, 0.010724, 0.345413, 0.008897
0.409522, 0.915918, -0.488221, -0.067141
0.409550, 0.106806, 0.344744, 0.088519
0.409926, 0.706243, -0.480222, -0.232416
0.410464, 0.289414, 0.339896, 0.237635
0.410605, 0.551039, 0.321282, 0.438959
0.410725, 0.037342, 0.346593, 0.030990
0.410786, 0.937746, -0.487494, -0.049742
0.410924, 0.316434, 0.339149, 0.259362
0.411109, 0.527280, 0.326915, 0.424382
0.411118, 0.474936, 0.330629, 0.384259
0.411131, 0.205655, 0.343455, 0.169659
0.411167, 0.303538, 0.339941, 0.249026
0.411587, 0.651532, -0.475398, -0.274566
0.411743, 0.433472, 0.333736, 0.352022
0.411763, 0.684951, -0.477477, -0.248956
0.411959, 0.828191, -0.484310, -0.136950
0.411996, 0.573879, 0.299680, 0.434902
0.412291, 0.119362, 0.346681, 0.098825
0.412307, 0.445147, 0.333415, 0.361036
0.412643, 0.841658, -0.484153, -0.126288
0.412720, 1.000000, -0.486550, 0.000000
0.412770, 0.978104, -0.486473, -0.017515
0.412866, 0.247089, 0.343424, 0.203308
0.412898, 0.855799, -0.484324, -0.115065
0.413038, 0.503669, 0.330120, 0.406208
0.413067, 0.462374, 0.332937, 0.374388
0.413206, 0.420900, 0.335630, 0.342107
0.413292, 0.233852, 0.344210, 0.192531
0.413294, 0.595490, -0.414927, -0.263791
0.413375, 0.816056, -0.482739, -0.146584
0.413505, 0.490081, 0.331502, 0.395833
0.413542, 0.869468, -0.484149, -0.104211
0.413820, 0.793694, -0.481427, -0.164216
0.413900, 0.718921, -0.477903, -0.222802
0.414040, 0.760652, -0.479832, -0.190194
0.414050, 0.882373, -0.484079, -0.093957
0.414081, 0.132740, 0.347842, 0.109815
0.414436, 0.539163, 0.328256, 0.432848
0.414724, 0.894250, -0.483793, -0.084508
0.414764, 0.407908, 0.337597, 0.331823
0.414992, 0.617908, -0.469463, -0.299644
0.415355, 0.330532, 0.342051, 0.270462
0.415387, 0.146009, 0.348590, 0.120706
0.415523, 0.905908, -0.483345, -0.075219
0.415537, 0.050452, 0.350310, 0.041816
0.415812, 0.259406, 0.345406, 0.213228
0.415987, 0.394890, 0.339284, 0.321508
0.416021, 0.097062, 0.350118, 0.080369
0.416031, 0.072722, 0.350500, 0.060251
0.416132, 0.343454, 0.342015, 0.280705
0.416293, 0.185270, 0.348261, 0.152871
0.416296, 0.159060, 0.348999, 0.131405
0.416381, 0.381832, 0.340295, 0.311177
0.416384, 0.019500, 0.351061, 0.016162
0.416491, 0.000000, 0.351083, 0.000000
0.416625, 0.959511, -0.483179, -0.032403
0.416705, 0.172042, 0.348975, 0.142036
0.416772, 0.368750, 0.341287, 0.300802
0.416865, 0.356190, 0.342006, 0.290835
0.416972, 0.926577, -0.482626, -0.058747
0.417026, 0.222742, 0.347609, 0.183390
0.417125, 0.673553, -0.472662, -0.258080
0.417129, 0.639910, -0.470348, -0.283842
0.417710, 0.197035, 0.348978, 0.162417
0.417901, 0.696257, -0.473539, -0.240617
0.418016, 0.746295, -0.476125, -0.201643
0.418274, 0.271462, 0.346900, 0.222873
0.418448, 0.781201, -0.477306, -0.174235
0.418550, 0.562070, 0.294930, 0.414949
0.418588, 0.584730, -0.219928, -0.082566
0.418669, 0.732691, -0.474957, -0.212316
0.418777, 0.516482, 0.333564, 0.415559
0.419399, 0.802835, -0.477463, -0.157216
0.419565, 0.029712, 0.353580, 0.024607
0.419648, 0.989066, -0.481121, -0.008761
0.419793, 0.606592, -0.460624, -0.304356
0.419836, 0.661964, -0.469919, -0.267210
0.420193, 0.946829, -0.480399, -0.042593
0.420493, 0.296460, 0.347607, 0.242896
0.420683, 0.282696, 0.348351, 0.231824
0.420933, 0.454109, 0.339642, 0.367538
0.420991, 0.084925, 0.354163, 0.070247
0.421086, 0.969170, -0.479828, -0.024702
0.421283, 0.769922, -0.474704, -0.183253
0.421641, 0.211724, 0.351763, 0.174320
0.421679, 0.309858, 0.348029, 0.253639
0.421696, 0.110401, 0.354341, 0.091256
0.421798, 0.481547, 0.338435, 0.388622
0.421853, 0.708082, -0.471226, -0.231680
0.421887, 0.628591, -0.465904, -0.292809
0.421932, 0.062051, 0.355332, 0.051357
0.422446, 0.468669, 0.339867, 0.378718
0.422452, 0.550270, 0.330246, 0.437284
0.422689, 0.241032, 0.351475, 0.198035
0.422744, 0.848996, -0.476513, -0.120752
0.422857, 0.440431, 0.341975, 0.356757
0.422875, 0.915247, -0.477746, -0.067877
0.422939, 0.322381, 0.348413, 0.263570
0.423106, 0.527439, 0.335627, 0.423139
0.423335, 0.009512, 0.356627, 0.007873
0.423389, 0.124421, 0.355455, 0.102775
0.423390, 0.834899, -0.475599, -0.131978
0.423495, 0.427493, 0.343291, 0.346654
0.423544, 0.495030, 0.338846, 0.398874
0.423653, 0.862716, -0.476094, -0.109834
0.424057, 0.685230, -0.468164, -0.249525
0.424070, 0.040847, 0.357164, 0.033797
0.424316, 0.823273, -0.474410, -0.141213
0.424349, 0.573480, 0.005929, 0.129051
0.424401, 0.650519, -0.465681, -0.276311
0.424509, 0.507009, 0.338600, 0.407844
0.424661, 0.414775, 0.344959, 0.336637
0.424788, 0.876066, -0.475544, -0.099219
0.424791, 0.721090, -0.469631, -0.221684
0.425039, 0.811803, -0.473375, -0.150311
0.425094, 0.138154, 0.356540, 0.114032
0.425136, 0.935778, -0.476394, -0.051492
0.425276, 0.756634, -0.471045, -0.193886
0.425406, 0.252747, 0.353282, 0.207461
0.425852, 0.595564, -0.443110, -0.301187
0.426041, 0.889024, -0.474845, -0.088901
0.426145, 0.401757, 0.346885, 0.326348
0.426191, 0.336188, 0.350408, 0.274488
0.426466, 1.000000, -0.475802, 0.000000
0.426467, 0.901612, -0.474705, -0.078842
0.426585, 0.151636, 0.357434, 0.125068
0.426676, 0.791136, -0.471362, -0.166733
0.426842, 0.388321, 0.348175, 0.315728
0.426886, 0.230546, 0.355185, 0.189378
0.427008, 0.375107, 0.349015, 0.305286
0.427079, 0.539033, 0.336696, 0.430540
0.427338, 0.978981, -0.475027, -0.016868
0.427361, 0.349216, 0.350656, 0.284769
0.427408, 0.164643, 0.357758, 0.135704
0.427503, 0.177416, 0.357454, 0.146136
0.427537, 0.617254, -0.460360, -0.301468
0.427663, 0.097319, 0.359317, 0.080370
0.427993, 0.362073, 0.350518, 0.294953
0.427999, 0.202364, 0.357074, 0.166464
0.428160, 0.073850, 0.360170, 0.061033
0.428172, 0.189477, 0.357640, 0.155967
0.428508, 0.264350, 0.355352, 0.216741
0.428543, 0.743275, -0.467872, -0.204519
0.428611, 0.672910, -0.463915, -0.259334
0.428714, 0.052083, 0.360742, 0.043043
0.428737, 0.957129, -0.473684, -0.034404
0.429312, 0.019938, 0.361470, 0.016485
0.429725, 0.639154, -0.460802, -0.285374
0.430079, 0.561984, 0.291498, 0.400990
0.430230, 0.289816, 0.355600, 0.237124
0.430493, 0.000000, 0.362400, 0.000000
0.430565, 0.696924, -0.463948, -0.240870
0.430601, 0.924294, -0.471905, -0.060755
0.430761, 0.779642, -0.467773, -0.175987
0.430950, 0.219997, 0.358817, 0.180693
0.431228, 0.584340, -0.432465, -0.304428
0.431462, 0.461497, 0.347301, 0.372544
0.431496, 0.732120, -0.465019, -0.213398
0.431584, 0.302671, 0.356149, 0.247398
0.431785, 0.275788, 0.357393, 0.225762
0.431961, 0.448351, 0.348562, 0.362342
0.432328, 0.841842, -0.468855, -0.126722
0.432335, 0.661074, -0.460356, -0.268732
0.432576, 0.515931, 0.343646, 0.413591
0.432601, 0.475322, 0.347268, 0.383164
0.432670, 0.801015, -0.467087, -0.159140
0.432727, 0.086786, 0.363448, 0.071605
0.432756, 0.606200, -0.454076, -0.308793
0.432894, 0.709846, -0.462834, -0.230912
0.432978, 0.030496, 0.364297, 0.025187
0.433076, 0.488257, 0.346657, 0.392993
0.433080, 0.766514, -0.465501, -0.186474
0.433130, 0.315398, 0.356843, 0.257541
0.433161, 0.107257, 0.363586, 0.088472
0.433311, 0.434694, 0.350476, 0.351640
0.433445, 0.118840, 0.363591, 0.097985
0.433478, 0.855820, -0.468244, -0.115582
0.433600, 0.945686, -0.469919, -0.043641
0.433689, 0.989356, -0.470097, -0.008555
0.433993, 0.243061, 0.360496, 0.199314
0.434403, 0.550756, 0.331171, 0.428493
0.434448, 0.910866, -0.468646, -0.071569
0.434505, 0.328207, 0.357298, 0.267675
0.434591, 0.501750, 0.346799, 0.403179
0.434605, 0.527911, 0.341175, 0.419412
0.434659, 0.967626, -0.469243, -0.026023
0.434710, 0.627799, -0.456173, -0.294387
0.434913, 0.869246, -0.467462, -0.104896
0.434919, 0.131394, 0.364539, 0.108271
0.435161, 0.421297, 0.352760, 0.341094
0.435599, 0.826922, -0.465775, -0.138683
0.435731, 0.683849, -0.459158, -0.251306
0.435760, 0.814057, -0.465059, -0.148874
0.435966, 0.063291, 0.366381, 0.052215
0.436099, 0.408970, 0.354242, 0.331410
0.436229, 0.882694, -0.466754, -0.094173
0.436289, 0.144491, 0.365338, 0.118977
0.436655, 0.720913, -0.460424, -0.222418
0.436693, 0.395059, 0.355493, 0.320446
0.436769, 0.573068, -0.437915, -0.324460
0.436809, 0.209780, 0.363883, 0.172227
0.436823, 0.753064, -0.461979, -0.197230
0.437132, 0.010166, 0.367732, 0.008392
0.437200, 0.649744, -0.455869, -0.277772
0.437321, 0.040710, 0.367684, 0.033587
0.437400, 0.341870, 0.358991, 0.278461
0.437431, 0.896662, -0.466153, -0.083021
0.437439, 0.381210, 0.356849, 0.309503
0.437795, 0.254653, 0.363099, 0.208545
0.437976, 0.157855, 0.366405, 0.129891
0.438169, 0.368776, 0.358177, 0.299718
0.438482, 0.595027, -0.447878, -0.316727
0.438586, 0.196106, 0.365768, 0.161066
0.438612, 0.354874, 0.359249, 0.288687
0.438640, 0.170631, 0.366571, 0.140304
0.438800, 0.934153, -0.465680, -0.052957
0.438881, 0.232705, 0.364745, 0.190747
0.439167, 0.183044, 0.366637, 0.150414
0.439368, 0.539975, 0.317667, 0.401873
0.439929, 0.075575, 0.369428, 0.062292
0.439997, 0.284398, 0.363609, 0.232375
0.440298, 1.000000, -0.464917, 0.000000
0.440342, 0.789590, -0.460776, -0.168507
0.440403, 0.616623, -0.450845, -0.303167
0.440552, 0.671492, -0.454724, -0.261193
0.440621, 0.051009, 0.370229, 0.042051
0.440937, 0.978176, -0.464378, -0.017568
0.441115, 0.741358, -0.458006, -0.206601
0.441159, 0.265920, 0.365348, 0.217504
0.441607, 0.776259, -0.459252, -0.179115
0.441731, 0.098803, 0.370545, 0.081374
0.441914, 0.836534, -0.461012, -0.131181
0.441973, 0.955980, -0.463388, -0.035435
0.442019, 0.296328, 0.364713, 0.241863
0.442095, 0.455497, 0.355921, 0.367184
0.442165, 0.561683, -0.209606, -0.110756
0.442328, 0.468426, 0.355196, 0.377120
0.442379, 0.638218, -0.451121, -0.286981
0.442572, 0.020893, 0.372094, 0.017229
0.442574, 0.704444, -0.454990, -0.235615
0.442707, 0.921731, -0.462446, -0.062987
0.442791, 0.442216, 0.357347, 0.356864
0.442835, 0.693361, -0.454253, -0.244317
0.443054, 0.222973, 0.368390, 0.182712
0.443130, 0.849151, -0.460534, -0.121166
0.443347, 0.308275, 0.365218, 0.251353
0.443492, 0.481548, 0.355166, 0.387127
0.443813, 0.087406, 0.372361, 0.071971
0.443846, 0.428921, 0.359005, 0.346457
0.443872, 0.583831, -0.444227, -0.327010
0.444001, 0.802816, -0.458401, -0.158137
0.444163, 0.000000, 0.373380, 0.000000
0.444169, 0.507820, 0.353276, 0.406684
0.444212, 0.494410, 0.354695, 0.396833
0.444391, 0.762255, -0.456523, -0.190315
0.444524, 0.320716, 0.365589, 0.261240
0.444568, 0.111892, 0.372664, 0.092090
0.444583, 0.729775, -0.454720, -0.215854
0.445022, 0.519171, 0.351605, 0.413781
0.445142, 0.862006, -0.459272, -0.110929
0.445166, 0.660218, -0.450462, -0.270204
0.445366, 0.124468, 0.373011, 0.102374
0.445623, 0.909269, -0.459905, -0.073038
0.445628, 0.605524, -0.445890, -0.311858
0.445777, 0.333556, 0.365937, 0.271383
0.445853, 0.402355, 0.362238, 0.325639
0.446013, 0.244099, 0.370069, 0.199735
0.446231, 0.816453, -0.457009, -0.147324
0.446399, 0.137292, 0.373571, 0.112856
0.446472, 0.530185, 0.345492, 0.415571
0.446572, 0.715637, -0.452486, -0.227060
0.446585, 0.275849, 0.369185, 0.225230
0.446607, 0.387685, 0.363631, 0.314047
0.446608, 0.874410, -0.458450, -0.101032
0.446732, 0.944224, -0.459640, -0.044948
0.446812, 0.031593, 0.375381, 0.026023
0.446950, 0.550386, 0.066699, 0.152168
0.447254, 0.989297, -0.459452, -0.008629
0.447409, 0.415481, 0.362574, 0.335725
0.447413, 0.150424, 0.374042, 0.123561
0.447587, 0.886629, -0.457952, -0.091253
0.447600, 0.626950, -0.446330, -0.295976
0.447896, 0.362187, 0.366141, 0.293965
0.448072, 0.966532, -0.458737, -0.026983
0.448265, 0.681073, -0.449373, -0.254210
0.448283, 0.213683, 0.372921, 0.175033
0.448400, 0.202062, 0.373371, 0.165590
0.448632, 0.057362, 0.376544, 0.047208
0.448890, 0.347261, 0.367664, 0.282074
0.448903, 0.898262, -0.457055, -0.081923
0.449246, 0.572619, -0.422584, -0.319323
0.449340, 0.068645, 0.376943, 0.056471
0.449407, 0.827759, -0.454976, -0.138433
0.449592, 0.164071, 0.375513, 0.134674
0.449640, 0.375078, 0.366854, 0.304073
0.449719, 0.189280, 0.374860, 0.155184
0.449844, 0.648528, -0.446136, -0.279549
0.449990, 0.750689, -0.451568, -0.199660
0.450235, 0.255428, 0.372999, 0.208715
0.450365, 0.176352, 0.375778, 0.144656
0.450600, 0.010486, 0.378534, 0.008634
0.451056, 0.042659, 0.378628, 0.035097
0.451214, 0.594318, -0.440968, -0.320999
0.451709, 0.931233, -0.455546, -0.055464
0.451900, 0.288201, 0.372943, 0.234952
0.452086, 0.770483, -0.450801, -0.184093
0.452094, 0.233587, 0.375318, 0.191036
0.452543, 0.782517, -0.451009, -0.174590
0.452687, 0.449519, 0.364497, 0.361835
0.452755, 0.539491, 0.315927, 0.388067
0.452900, 0.462272, 0.363763, 0.371637
0.452940, 0.080333, 0.379777, 0.066043
0.452965, 0.840933, -0.452503, -0.127983
0.453095, 0.793726, -0.451008, -0.165700
0.453437, 0.615769, -0.441060, -0.304942
0.453593, 0.474924, 0.363336, 0.381249
0.453634, 0.670541, -0.444599, -0.262716
0.453846, 0.739285, -0.448032, -0.208827
0.454019, 0.978460, -0.454126, -0.017392
0.454039, 1.000000, -0.454101, 0.000000
0.454046, 0.436629, 0.366408, 0.351769
0.454068, 0.300243, 0.374088, 0.244465
0.454276, 0.093476, 0.380699, 0.076816
0.454310, 0.702928, -0.445810, -0.237414
0.454353, 0.691008, -0.445171, -0.246767
0.454370, 0.105107, 0.380523, 0.086339
0.454405, 0.561327, -0.416996, -0.327531
0.454427, 0.853941, -0.451847, -0.117636
0.454553, 0.487879, 0.363014, 0.390992
0.454570, 0.266676, 0.375956, 0.217572
0.454782, 0.424964, 0.367726, 0.342661
0.454869, 0.500989, 0.361911, 0.400612
0.454889, 0.394717, 0.369717, 0.319099
0.454900, 0.312111, 0.374143, 0.253861
0.455069, 0.918585, -0.452683, -0.065690
0.455156, 0.807286, -0.449847, -0.154963
0.455261, 0.637154, -0.441195, -0.288663
0.455338, 0.725892, -0.446282, -0.219473
0.455562, 0.954492, -0.452804, -0.036747
0.455749, 0.324326, 0.374226, 0.263540
0.455851, 0.021165, 0.382702, 0.017407
0.456128, 0.117707, 0.381762, 0.096638
0.456175, 0.513599, 0.359174, 0.407333
0.456605, 0.583100, -0.434111, -0.328066
0.456620, 0.223381, 0.379291, 0.182635
0.456724, 0.336818, 0.374341, 0.273386
0.456957, 0.356375, 0.373561, 0.288886
0.456990, 0.130395, 0.382167, 0.106991
0.457242, 0.406974, 0.370848, 0.328568
0.457306, 0.867257, -0.449857, -0.107008
0.457506, 0.526153, 0.339277, 0.396762
0.457689, 0.658633, -0.440768, -0.272225
0.457707, 0.143136, 0.382438, 0.117376
0.457714, 0.000000, 0.384230, 0.000000
0.457806, 0.714049, -0.443682, -0.228870
0.457897, 0.759588, -0.445798, -0.192961
0.458177, 0.156268, 0.382424, 0.128053
0.458323, 0.906061, -0.449799, -0.075810
0.458446, 0.604726, -0.436481, -0.313797
0.458562, 0.244493, 0.380050, 0.199598
0.458626, 0.941298, -0.450231, -0.047425
0.458711, 0.050961, 0.384689, 0.041865
0.458725, 0.879593, -0.449035, -0.097128
0.458839, 0.819603, -0.447301, -0.145228
0.459069, 0.278831, 0.378956, 0.227103
0.459167, 0.209976, 0.381686, 0.171666
0.459227, 0.383120, 0.373751, 0.309731
0.459454, 0.550300, -0.410743, -0.335168
0.459499, 0.892393, -0.448660, -0.086843
0.459735, 0.196961, 0.382565, 0.161106
0.459942, 0.032109, 0.385841, 0.026378
0.460203, 0.368085, 0.375387, 0.297878
0.460483, 0.967869, -0.449007, -0.025978
0.460489, 0.625876, -0.436451, -0.297723
0.460711, 0.062526, 0.386141, 0.051333
0.460721, 0.183503, 0.383780, 0.150165
0.460929, 0.989106, -0.448676, -0.008808
0.461496, 0.832141, -0.445642, -0.135286
0.461856, 0.170302, 0.385061, 0.139408
0.461858, 0.571732, -0.428751, -0.336635
0.462008, 0.681354, -0.438801, -0.254789
0.462224, 0.417058, 0.374058, 0.336085
0.462628, 0.256892, 0.382757, 0.209401
0.462638, 0.073833, 0.387566, 0.060587
0.462694, 0.647268, -0.436169, -0.281335
0.462943, 0.346550, 0.378738, 0.280775
0.463022, 0.772220, -0.442280, -0.183131
0.463431, 0.442782, 0.373202, 0.355857
0.463459, 0.455514, 0.372330, 0.365658
0.463679, 0.748118, -0.440840, -0.202312
0.463806, 0.798376, -0.442821, -0.162386
0.463911, 0.291532, 0.382305, 0.237095
0.463996, 0.593485, -0.431173, -0.322564
0.464056, 0.845265, -0.443956, -0.124822
0.464096, 0.468088, 0.371825, 0.375177
0.464122, 0.538283, -0.108351, -0.047037
0.464138, 0.010614, 0.389377, 0.008716
0.464386, 0.733949, -0.439664, -0.213561
0.464494, 0.086298, 0.388919, 0.070780
0.464534, 0.927151, -0.445460, -0.058921
0.464826, 0.784212, -0.441453, -0.173698
0.464826, 0.480751, 0.371114, 0.384482
0.465118, 0.695114, -0.437059, -0.244135
0.465378, 0.858443, -0.443361, -0.114294
0.465529, 0.493479, 0.369897, 0.393349
0.465594, 0.396103, 0.377996, 0.319558
0.465638, 0.668775, -0.435267, -0.264817
0.465794, 0.041948, 0.390427, 0.034417
0.465852, 0.233460, 0.386272, 0.190450
0.465957, 0.098853, 0.389933, 0.081042
0.466087, 0.303496, 0.383419, 0.246503
0.466239, 0.315068, 0.382950, 0.255679
0.466278, 0.429523, 0.376306, 0.345422
0.466658, 0.505535, 0.367916, 0.400506
0.466696, 0.110691, 0.390265, 0.090697
0.466749, 0.614728, -0.430890, -0.306738
0.466800, 0.327614, 0.382686, 0.265553
0.466850, 0.269462, 0.385555, 0.219299
0.467049, 0.560590, -0.425090, -0.346725
0.467329, 0.959280, -0.443419, -0.032957
0.467330, 0.219494, 0.387881, 0.179104
0.467389, 0.913997, -0.442833, -0.069558
0.467429, 0.707685, -0.435983, -0.234409
0.467482, 0.811042, -0.440279, -0.152358
0.467590, 0.123231, 0.390752, 0.100923
0.467648, 1.000000, -0.443396, 0.000000
0.467687, 0.721217, -0.436375, -0.223719
0.467805, 0.978112, -0.443220, -0.017722
0.468030, 0.376128, 0.381077, 0.303775
0.468099, 0.517350, 0.355175, 0.396365
0.468274, 0.635872, -0.431140, -0.290516
0.468636, 0.160326, 0.390668, 0.131101
0.468645, 0.135862, 0.391328, 0.111204
0.468947, 0.148142, 0.391231, 0.121184
0.469052, 0.021506, 0.393234, 0.017640
0.469147, 0.900050, -0.441223, -0.080845
0.469204, 0.356839, 0.383099, 0.288562
0.469278, 0.581970, -0.426189, -0.331655
0.469559, 0.948807, -0.441592, -0.041449
0.469603, 0.528187, 0.145489, 0.193936
0.469644, 0.205543, 0.390165, 0.167745
0.469713, 0.760314, -0.436658, -0.192898
0.469742, 0.872408, -0.440236, -0.103152
0.469840, 0.937838, -0.441244, -0.050328
0.469859, 0.885962, -0.440432, -0.092231
0.470051, 0.337298, 0.384773, 0.273073
0.470232, 0.407489, 0.380870, 0.328128
0.470299, 0.246994, 0.389222, 0.201148
0.470519, 0.191878, 0.391264, 0.156647
0.470532, 0.657490, -0.430753, -0.273867
0.470985, 0.823680, -0.437929, -0.142344
0.471013, 0.053978, 0.394536, 0.044240
0.471013, 0.282285, 0.388235, 0.229347
0.471153, 0.603893, -0.426729, -0.315349
0.471272, 0.000000, 0.395089, 0.000000
0.471480, 0.548537, -0.389268, -0.324763
0.472094, 0.179106, 0.392898, 0.146256
0.472537, 0.387127, 0.383937, 0.312117
0.472856, 0.065878, 0.395792, 0.053955
0.473308, 0.624593, -0.426566, -0.299595
0.473330, 0.792197, -0.434970, -0.167597
0.473391, 0.836076, -0.436431, -0.132473
0.473686, 0.032343, 0.396802, 0.026499
0.473703, 0.740594, -0.432650, -0.208699
0.474254, 0.438029, 0.381861, 0.351433
0.474256, 0.677102, -0.429055, -0.258788
0.474261, 0.366224, 0.386483, 0.295626
0.474299, 0.687705, -0.429615, -0.250480
0.474303, 0.772452, -0.433481, -0.183393
0.474327, 0.449700, 0.381089, 0.360409
0.474425, 0.988920, -0.438037, -0.008984
0.474488, 0.419372, 0.383352, 0.337040
0.474531, 0.078430, 0.396986, 0.064204
0.474622, 0.259909, 0.392107, 0.211333
0.474708, 0.571209, -0.421469, -0.340530
0.474793, 0.461609, 0.380472, 0.369402
0.475212, 0.848590, -0.435284, -0.122444
0.475305, 0.474047, 0.379287, 0.378232
0.475396, 0.646062, -0.426324, -0.283072
0.475405, 0.967909, -0.437116, -0.026018
0.475676, 0.861255, -0.435237, -0.112256
0.476076, 0.486744, 0.376355, 0.385305
0.476098, 0.091309, 0.398074, 0.074710
0.476202, 0.295600, 0.391846, 0.239803
0.476308, 0.321300, 0.390504, 0.260097
0.476375, 0.167961, 0.396693, 0.137124
0.476568, 0.591761, -0.421690, -0.325024
0.476595, 0.803802, -0.432840, -0.158437
0.476706, 0.728882, -0.429750, -0.218105
0.476707, 0.700654, -0.428381, -0.240402
0.476924, 0.346084, 0.389777, 0.279702
0.477119, 0.226172, 0.395306, 0.184104
0.477340, 0.920430, -0.435092, -0.064499
0.477341, 0.537123, -0.405852, -0.355832
0.477445, 0.498942, 0.368241, 0.386252
0.477715, 0.750892, -0.429990, -0.200710
0.477761, 0.010924, 0.400262, 0.008946
0.478028, 0.308211, 0.392496, 0.249629
0.478082, 0.103716, 0.399526, 0.084820
0.478168, 0.238702, 0.395721, 0.194164
0.478202, 0.931373, -0.434554, -0.055654
0.478317, 0.714754, -0.427923, -0.229405
0.478379, 0.116204, 0.399454, 0.094981
0.478393, 0.398355, 0.387807, 0.320527
0.478522, 0.214006, 0.396924, 0.174288
0.478578, 0.044521, 0.400578, 0.036434
0.478641, 0.511424, 0.351587, 0.378911
0.478808, 0.272513, 0.394861, 0.221232
0.478880, 0.907477, -0.433724, -0.075010
0.478979, 0.128829, 0.399648, 0.105243
0.479011, 0.559365, -0.413869, -0.346472
0.479150, 0.666752, -0.424624, -0.267137
0.479271, 0.782616, -0.430052, -0.175501
0.479848, 0.893905, -0.432716, -0.086004
0.479953, 0.200047, 0.398456, 0.162949
0.480029, 0.154788, 0.399920, 0.126333
0.480075, 0.815922, -0.430534, -0.148844
0.480203, 0.142236, 0.400352, 0.116130
0.480416, 0.955948, -0.433056, -0.035751
0.480491, 0.377399, 0.390713, 0.304041
0.480583, 0.880462, -0.431887, -0.096886
0.480606, 0.613644, -0.420221, -0.308538
0.480662, 0.429119, 0.387404, 0.344112
0.480796, 0.523995, -0.183904, -0.148172
0.481031, 0.333051, 0.393742, 0.269239
0.481133, 1.000000, -0.432775, 0.000000
0.481396, 0.634929, -0.420978, -0.292085
0.481678, 0.978121, -0.432261, -0.017766
0.482375, 0.285277, 0.397025, 0.231214
0.482378, 0.022242, 0.403850, 0.018196
0.482393, 0.187684, 0.400796, 0.152893
0.482531, 0.355554, 0.393638, 0.286848
0.482585, 0.762092, -0.426661, -0.192006
0.482668, 0.581550, -0.416294, -0.333319
0.482700, 0.251274, 0.398841, 0.204090
0.482766, 0.601585, -0.417654, -0.317929
0.482780, 0.943062, -0.431026, -0.046217
0.482934, 0.409935, 0.390546, 0.329206
0.483274, 0.057424, 0.404274, 0.046951
0.483470, 0.828398, -0.428277, -0.138931
0.483498, 0.868525, -0.429206, -0.106562
0.483536, 0.655452, -0.420593, -0.276238
0.483592, 0.547996, -0.410993, -0.356986
0.484186, 0.069708, 0.404727, 0.056955
0.484741, 0.000000, 0.405847, 0.000000
0.485126, 0.176015, 0.403366, 0.143396
0.485341, 0.690952, -0.421223, -0.248524
0.485394, 0.794612, -0.425567, -0.166081
0.485407, 0.840776, -0.427088, -0.129016
0.485509, 0.441954, 0.390176, 0.353601
0.485642, 0.624566, -0.417050, -0.300406
0.485644, 0.388641, 0.394016, 0.312490
0.485653, 0.453713, 0.389473, 0.362660
0.485790, 0.466435, 0.388003, 0.371759
0.485809, 0.083289, 0.405849, 0.068018
0.485892, 0.854268, -0.427006, -0.118135
0.485925, 0.739463, -0.422995, -0.210114
0.486056, 0.034656, 0.406580, 0.028320
0.486341, 0.479318, 0.383242, 0.377351
0.486516, 0.678463, -0.419538, -0.258353
0.486525, 0.319941, 0.398597, 0.258513
0.486657, 0.366694, 0.396143, 0.295299
0.486794, 0.725312, -0.421762, -0.221427
0.486937, 0.569391, -0.411714, -0.342513
0.487010, 0.704830, -0.420576, -0.237632
0.487105, 0.263338, 0.401801, 0.213554
0.487656, 0.773048, -0.423087, -0.183450
0.487794, 0.989774, -0.427450, -0.008316
0.487800, 0.230691, 0.403581, 0.187348
0.488186, 0.491118, 0.361512, 0.363967
0.488195, 0.095534, 0.407615, 0.077970
0.488336, 0.643805, -0.416196, -0.285625
0.488447, 0.420379, 0.394060, 0.336886
0.488558, 0.163054, 0.406463, 0.132815
0.488659, 0.297980, 0.401356, 0.241012
0.488741, 0.208221, 0.405117, 0.169246
0.488861, 0.807059, -0.423333, -0.156237
0.488862, 0.535655, -0.394373, -0.355159
0.488886, 0.966407, -0.426617, -0.027324
0.488960, 0.915425, -0.425922, -0.068728
0.489074, 0.929075, -0.425934, -0.057642
0.489118, 0.503163, 0.289507, 0.301169
0.489417, 0.343293, 0.399637, 0.276789
0.489450, 0.109316, 0.408398, 0.089174
0.489479, 0.134833, 0.407783, 0.109882
0.489824, 0.308946, 0.401760, 0.249663
0.489997, 0.901713, -0.424857, -0.079860
0.489999, 0.121710, 0.408567, 0.099235
0.490323, 0.592317, -0.411256, -0.325630
0.490477, 0.219656, 0.406174, 0.178416
0.490495, 0.048096, 0.410006, 0.039265
0.490533, 0.751316, -0.420030, -0.200938
0.490566, 0.514683, -0.236486, -0.216496
0.490767, 0.243211, 0.405469, 0.197286
0.490918, 0.275460, 0.404235, 0.223039
0.490937, 0.888357, -0.423870, -0.090700
0.490954, 0.400078, 0.397395, 0.321042
0.491286, 0.666364, -0.415226, -0.268151
0.491369, 0.012179, 0.410855, 0.009943
0.491456, 0.149346, 0.409010, 0.121609
0.491517, 0.714743, -0.417492, -0.229983
0.491553, 0.558017, -0.407545, -0.351777
0.492149, 0.196554, 0.408248, 0.159754
0.492275, 0.819855, -0.421069, -0.146061
0.492313, 0.784566, -0.419872, -0.174410
0.492328, 0.953511, -0.423676, -0.037827
0.492471, 0.606744, -0.410524, -0.314589
0.492586, 0.329795, 0.402817, 0.265976
0.492689, 0.378423, 0.400117, 0.304096
0.492753, 0.432778, 0.396422, 0.346063
0.492931, 0.875581, -0.421960, -0.101070
0.493025, 0.525755, -0.375965, -0.348569
0.493680, 0.287755, 0.405801, 0.232671
0.494200, 0.979645, -0.422376, -0.016574
0.494325, 0.074626, 0.412711, 0.060846
0.494392, 0.861802, -0.420490, -0.112252
0.494395, 0.355427, 0.402829, 0.286034
0.494592, 0.618416, -0.409769, -0.305766
0.494641, 0.579175, -0.406978, -0.336001
0.494808, 0.024825, 0.413624, 0.020255
0.495068, 0.184645, 0.410979, 0.150077
0.495079, 1.000000, -0.421634, 0.000000
0.495135, 0.545358, -0.401537, -0.359397
0.495223, 0.941603, -0.421368, -0.047547
0.495487, 0.061859, 0.413860, 0.050442
0.495529, 0.698023, -0.413548, -0.243415
0.495552, 0.762951, -0.416539, -0.191844
0.495676, 0.632011, -0.409775, -0.295251
0.495743, 0.847133, -0.419083, -0.124151
0.495796, 0.654576, -0.411015, -0.277623
0.495827, 0.833053, -0.418747, -0.135555
0.495842, 0.732487, -0.414935, -0.216102
0.495846, 0.255196, 0.409046, 0.206697
0.495950, 0.458558, 0.396754, 0.365383
0.496280, 0.472253, 0.392486, 0.372335
0.496345, 0.410604, 0.400825, 0.328811
0.496764, 0.172509, 0.412629, 0.140218
0.497121, 0.686018, -0.411740, -0.253002
0.497128, 0.445662, 0.398195, 0.355000
0.497239, 0.796818, -0.416369, -0.164730
0.497473, 0.037840, 0.415571, 0.030847
0.497623, 0.000000, 0.415597, 0.000000
0.498249, 0.101210, 0.415431, 0.082417
0.498278, 0.367460, 0.405050, 0.295157
0.498318, 0.086514, 0.415685, 0.070461
0.498371, 0.390247, 0.403760, 0.312930
0.498519, 0.233688, 0.412014, 0.189391
0.498776, 0.317800, 0.408356, 0.256235
0.498852, 0.483702, 0.360421, 0.347743
0.499183, 0.140325, 0.415374, 0.114124
0.499805, 0.496440, 0.124354, 0.121578
0.499839, 0.568415, -0.402188, -0.344621
0.499842, 0.742799, -0.412267, -0.208072
0.499871, 0.267235, 0.411665, 0.216112
0.499923, 0.207920, 0.413991, 0.168639
0.499933, 0.674645, -0.408981, -0.262133
0.499939, 0.642728, -0.407091, -0.287126
0.499996, 0.158717, 0.415482, 0.128963
0.500128, 0.920132, -0.417119, -0.065054
0.500417, 0.774807, -0.413140, -0.182528
0.500497, 0.907930, -0.416668, -0.074983
0.500557, 0.422595, 0.403163, 0.337707
0.500630, 0.809057, -0.414143, -0.155011
0.500663, 0.127568, 0.416836, 0.103758
0.500673, 0.970961, -0.417131, -0.023670
0.500688, 0.721965, -0.410630, -0.224671
0.500773, 0.931601, -0.416658, -0.055720
0.500946, 0.336747, 0.408952, 0.270987
0.501140, 0.304859, 0.410862, 0.245890
0.501502, 0.508256, -0.377081, -0.371446
0.501575, 0.114715, 0.417766, 0.093310
0.501597, 0.895228, -0.415557, -0.085316
0.501646, 0.222268, 0.414757, 0.180062
0.501687, 0.599484, -0.403037, -0.320890
0.501696, 0.587491, -0.402153, -0.330105
0.501822, 0.708206, -0.409075, -0.235632
0.501858, 0.051186, 0.418963, 0.041686
0.501870, 0.989802, -0.416233, -0.008315
0.502555, 0.960297, -0.415617, -0.032374
0.502707, 0.533283, -0.393957, -0.368309
0.502815, 0.346894, 0.409840, 0.278845
0.502816, 0.882756, -0.414306, -0.095456
0.502887, 0.280439, 0.413409, 0.226462
0.503081, 0.555985, -0.398537, -0.354127
0.503107, 0.294203, 0.412995, 0.237400
0.503205, 0.519997, -0.385994, -0.371924
0.503354, 0.246069, 0.415317, 0.199097
0.503794, 0.194381, 0.417536, 0.157639
0.503842, 0.869453, -0.413225, -0.106274
0.503854, 0.821036, -0.411961, -0.145450
0.503898, 0.008336, 0.420715, 0.006788
0.504049, 0.753928, -0.409469, -0.199381
0.504239, 0.400703, 0.407568, 0.320623
0.504378, 0.662995, -0.404848, -0.271521
0.504471, 0.380067, 0.409109, 0.304624
0.504488, 0.434046, 0.405211, 0.346096
0.504721, 0.073235, 0.421093, 0.059603
0.504722, 0.611890, -0.401494, -0.311459
0.504892, 0.786867, -0.410047, -0.173008
0.504926, 0.855750, -0.412073, -0.117413
0.505263, 0.018424, 0.421890, 0.014999
0.505482, 0.466319, 0.400967, 0.368140
0.505763, 0.949140, -0.412955, -0.041491
0.505947, 0.624911, -0.401439, -0.301457
0.506171, 0.544165, -0.394812, -0.362929
0.506209, 0.326190, 0.413683, 0.262436
0.506361, 0.149441, 0.420863, 0.121335
0.506446, 0.842462, -0.410531, -0.128212
0.506880, 0.695703, -0.404564, -0.245818
0.506924, 0.167865, 0.420732, 0.136170
0.507194, 0.181392, 0.420546, 0.147057
0.507308, 0.358206, 0.412655, 0.287422
0.507456, 0.454318, 0.400192, 0.355622
0.507474, 0.029869, 0.423563, 0.024301
0.507576, 0.093199, 0.422929, 0.075756
0.508096, 0.831577, -0.408882, -0.137048
0.508517, 0.413499, 0.409934, 0.330166
0.508519, 0.650799, -0.400875, -0.281289
0.508633, 0.765499, -0.406317, -0.190298
0.508706, 0.732029, -0.404794, -0.217018
0.508766, 0.061865, 0.424318, 0.050304
0.508769, 0.258644, 0.418968, 0.208864
0.508902, 0.980252, -0.410573, -0.016121
0.508908, 0.577489, -0.395958, -0.338355
0.509101, 1.000000, -0.410519, 0.000000
0.509194, 0.041257, 0.424780, 0.033547
0.509316, 0.799185, -0.406933, -0.163231
0.509529, 0.683708, -0.401942, -0.255473
0.509567, 0.233953, 0.420660, 0.189163
0.509664, 0.489475, 0.018873, 0.002193
0.509722, 0.214390, 0.421469, 0.173484
0.509727, 0.443765, 0.408025, 0.352686
0.509754, 0.369567, 0.413801, 0.296091
0.509911, 0.637130, -0.399130, -0.292172
0.509919, 0.476495, 0.405374, 0.377414
0.509940, 0.104385, 0.424532, 0.084772
0.510009, 0.938672, -0.409390, -0.050054
0.510311, 0.312856, 0.417573, 0.251714
0.510590, 0.136886, 0.424522, 0.111093
0.510735, 0.717260, -0.402616, -0.228913
0.511097, 0.272679, 0.420201, 0.219932
0.511561, 0.564286, -0.392930, -0.348650
0.511844, 0.390125, 0.414029, 0.311864
0.511880, 0.914340, -0.407693, -0.069927
0.511987, 0.082775, 0.426576, 0.067236
0.512252, 0.124768, 0.426073, 0.101253
0.512274, 0.926347, -0.407465, -0.060135
0.512275, 0.501710, -0.373076, -0.381910
0.512282, 0.901976, -0.407206, -0.080009
0.512386, 0.591066, -0.394168, -0.328072
0.512424, 0.202993, 0.423978, 0.164248
0.512644, 0.744061, -0.402310, -0.207627
0.512706, 0.000000, 0.427924, 0.000000
0.512816, 0.811407, -0.404575, -0.153490
0.512970, 0.672209, -0.398645, -0.264729
0.513157, 0.777369, -0.403185, -0.180934
0.513172, 0.287303, 0.421220, 0.231465
0.513329, 0.968898, -0.407076, -0.025416
0.513413, 0.425085, 0.412684, 0.338554
0.513502, 0.526242, -0.387109, -0.376420
0.513518, 0.337123, 0.418781, 0.270627
0.513696, 0.889325, -0.405807, -0.090320
0.513872, 0.513529, -0.385052, -0.385340
0.513930, 0.876776, -0.405394, -0.100539
0.513963, 0.603080, -0.393839, -0.318939
0.514525, 0.300703, 0.421546, 0.241953
0.514543, 0.863374, -0.404644, -0.111452
0.514613, 0.705318, -0.399008, -0.238585
0.514741, 0.245323, 0.424197, 0.197999
0.514756, 0.114587, 0.428197, 0.092954
0.514976, 0.349376, 0.419027, 0.280017
0.515031, 0.157954, 0.427436, 0.127970
0.515071, 0.050601, 0.429433, 0.041097
0.515355, 0.551588, -0.388978, -0.358558
0.515491, 0.404053, 0.415894, 0.322372
0.515637, 0.224231, 0.425786, 0.181154
0.516015, 0.849476, -0.403163, -0.122776
0.516022, 0.538480, -0.387341, -0.368490
0.516098, 0.957308, -0.404813, -0.034903
0.516108, 0.615560, -0.392955, -0.309352
0.516246, 0.191849, 0.427350, 0.155182
0.516327, 0.463011, 0.375181, 0.330562
0.516349, 0.989773, -0.404753, -0.008363
0.516918, 0.660439, -0.394921, -0.274216
0.516950, 0.756019, -0.399400, -0.198225
0.516955, 0.010660, 0.431210, 0.008657
0.516999, 0.171244, 0.428568, 0.138603
0.517022, 0.823343, -0.401556, -0.143951
0.517147, 0.377973, 0.419041, 0.302198
0.517255, 0.323741, 0.422341, 0.259871
0.517438, 0.789336, -0.400225, -0.171452
0.517596, 0.072030, 0.431271, 0.058466
0.517851, 0.023512, 0.431802, 0.019091
0.518191, 0.436104, 0.414442, 0.345583
0.518469, 0.627039, -0.391851, -0.300555
0.518814, 0.692827, -0.395133, -0.248719
0.518869, 0.725302, -0.396550, -0.222849
0.518941, 0.145713, 0.430900, 0.118021
0.519416, 0.836533, -0.400044, -0.133338
0.519567, 0.363585, 0.421808, 0.290868
0.519768, 0.093936, 0.432648, 0.076177
0.519837, 0.946040, -0.401724, -0.044140
0.519915, 0.648124, -0.391931, -0.284091
0.519942, 0.181801, 0.430568, 0.146999
0.520063, 0.254996, 0.427998, 0.205490
0.520097, 0.036372, 0.433516, 0.029514
0.520180, 0.483631, -0.214402, -0.244666
0.520222, 0.450054, 0.414367, 0.355535
0.520413, 0.571443, -0.386686, -0.343812
0.520502, 0.266774, 0.427827, 0.214822
0.520971, 0.583354, -0.387079, -0.334657
0.521409, 0.415381, 0.419572, 0.330608
0.521442, 0.768009, -0.396302, -0.188763
0.521600, 0.801311, -0.397302, -0.161916
0.521632, 0.211970, 0.430935, 0.171130
0.521910, 0.060875, 0.434746, 0.049367
0.521990, 0.494621, -0.351702, -0.374598
0.522080, 0.735874, -0.394484, -0.214543
0.522125, 0.279489, 0.428492, 0.224810
0.522269, 0.395549, 0.421700, 0.315363
0.522288, 0.132354, 0.433827, 0.107165
0.522293, 0.235263, 0.430608, 0.189714
0.522297, 0.681104, -0.391797, -0.258174
0.522386, 0.312599, 0.427014, 0.250893
0.522387, 0.637871, -0.389384, -0.292260
0.522480, 0.105120, 0.434426, 0.085148
0.522597, 0.978505, -0.399784, -0.017600
0.522690, 0.472987, 0.191994, 0.150863
0.522698, 0.934255, -0.399335, -0.053804
0.523087, 1.000000, -0.399413, 0.000000
0.523438, 0.909159, -0.398435, -0.074320
0.523587, 0.714287, -0.392353, -0.231851
0.523593, 0.921563, -0.398472, -0.064188
0.523650, 0.558870, -0.383263, -0.353680
0.523934, 0.896540, -0.397849, -0.084630
0.524492, 0.595470, -0.385126, -0.325470
0.524747, 0.871615, -0.396705, -0.104962
0.524904, 0.531215, -0.380113, -0.374814
0.524937, 0.507074, -0.375988, -0.390967
0.525021, 0.519136, -0.378943, -0.383882
0.525065, 0.858216, -0.396164, -0.115881
0.525077, 0.083132, 0.436979, 0.067352
0.525107, 0.813105, -0.394915, -0.152497
0.525144, 0.291894, 0.430257, 0.234465
0.525352, 0.353899, 0.426826, 0.282946
0.525399, 0.331623, 0.428221, 0.265593
0.525518, 0.384868, 0.424973, 0.306941
0.525550, 0.200324, 0.434363, 0.161659
0.525572, 0.883481, -0.396268, -0.095301
0.525659, 0.119483, 0.436794, 0.096715
0.525719, 0.966648, -0.397311, -0.027329
0.525767, 0.669257, -0.388478, -0.267733
0.525788, 0.747375, -0.392037, -0.205484
0.525897, 0.780005, -0.393205, -0.179263
0.525948, 0.342045, 0.428087, 0.273727
0.526030, 0.607438, -0.384754, -0.316303
0.526218, 0.048265, 0.438216, 0.039109
0.526448, 0.164517, 0.436226, 0.132935
0.526586, 0.426138, 0.422424, 0.338170
0.526688, 0.545516, -0.379981, -0.364168
0.526850, 0.000000, 0.438866, 0.000000
0.527080, 0.701929, -0.389097, -0.241893
0.527334, 0.302411, 0.431428, 0.242639
0.527538, 0.014356, 0.439443, 0.011633
0.527606, 0.222894, 0.435185, 0.179620
0.527683, 0.460789, 0.402832, 0.346925
0.528193, 0.846470, -0.393349, -0.125497
0.528321, 0.372218, 0.427936, 0.296962
0.528413, 0.245993, 0.434833, 0.197950
0.528527, 0.154071, 0.438191, 0.124496
0.528615, 0.619543, -0.383444, -0.306975
0.528716, 0.825309, -0.392384, -0.142700
0.528790, 0.406157, 0.425845, 0.322961
0.528845, 0.439205, 0.417147, 0.342015
0.529101, 0.656591, -0.385266, -0.277961
0.529486, 0.953865, -0.394186, -0.037822
0.529957, 0.759126, -0.389216, -0.196216
0.529995, 0.988450, -0.393983, -0.009472
0.530088, 0.071465, 0.441147, 0.057856
0.530135, 0.188756, 0.438360, 0.152255
0.530139, 0.026343, 0.441431, 0.021330
0.530160, 0.791923, -0.390237, -0.169789
0.530209, 0.175617, 0.438902, 0.141747
0.530839, 0.141916, 0.440313, 0.114663
0.530952, 0.259816, 0.436309, 0.208845
0.531031, 0.321973, 0.433188, 0.257760
0.531386, 0.725169, -0.386668, -0.223492
0.531514, 0.690541, -0.385018, -0.251135
0.531893, 0.577312, -0.378193, -0.340022
0.531902, 0.631341, -0.381577, -0.297925
0.531953, 0.484147, -0.364571, -0.404609
0.532010, 0.835423, -0.389992, -0.134561
0.532268, 0.107877, 0.442134, 0.087205
0.532275, 0.272704, 0.436739, 0.218974
0.532503, 0.037251, 0.443235, 0.030146
0.532530, 0.566741, -0.377009, -0.348261
0.532594, 0.094646, 0.442747, 0.076544
0.532602, 0.449311, 0.382758, 0.313110
0.532744, 0.497693, -0.367380, -0.396782
0.533202, 0.942413, -0.391094, -0.047237
0.533467, 0.644457, -0.381094, -0.287699
0.533580, 0.361055, 0.432786, 0.288031
0.533622, 0.211675, 0.440351, 0.170464
0.533908, 0.059187, 0.444195, 0.047876
0.534045, 0.232850, 0.439831, 0.187294
0.534095, 0.587743, -0.377176, -0.332077
0.534130, 0.129272, 0.443201, 0.104414
0.534215, 0.804150, -0.387375, -0.160011
0.534271, 0.737495, -0.384997, -0.213788
0.534313, 0.471240, -0.244453, -0.296678
0.534318, 0.394418, 0.430967, 0.313609
0.534330, 0.929520, -0.390091, -0.057817
0.534369, 0.770936, -0.386168, -0.186872
0.534486, 0.284876, 0.437785, 0.228428
0.534556, 0.865884, -0.388721, -0.109826
0.534600, 0.536381, -0.373185, -0.371690
0.534778, 0.903852, -0.389318, -0.078827
0.534807, 0.916570, -0.389503, -0.068423
0.534851, 0.679010, -0.381826, -0.260455
0.534946, 0.711347, -0.383314, -0.234733
0.535090, 0.416835, 0.429160, 0.330009
0.535108, 0.890874, -0.388859, -0.089450
0.535294, 0.554609, -0.374068, -0.357839
0.535969, 0.310849, 0.437719, 0.248824
0.536082, 0.975995, -0.389166, -0.019713
0.536321, 1.000000, -0.389020, 0.000000
0.536325, 0.524191, -0.370992, -0.381181
0.536445, 0.347574, 0.435821, 0.277380
0.536717, 0.009056, 0.446728, 0.007326
0.536779, 0.512182, -0.369547, -0.390193
0.536866, 0.599471, -0.375795, -0.323146
0.536956, 0.962832, -0.388304, -0.030520
0.537174, 0.382005, 0.434041, 0.303904
0.537229, 0.816615, -0.385384, -0.150006
0.537478, 0.431397, 0.428547, 0.339628
0.537498, 0.082399, 0.446787, 0.066584
0.537683, 0.666632, -0.379055, -0.270465
0.537776, 0.877311, -0.386457, -0.100577
0.537814, 0.334319, 0.437758, 0.267030
0.537832, 0.200724, 0.443975, 0.161557
0.537846, 0.854655, -0.385838, -0.119055
0.538226, 0.610869, -0.375478, -0.314365
0.538430, 0.749930, -0.382155, -0.203939
0.538544, 0.047067, 0.447895, 0.038034
0.538706, 0.117251, 0.447088, 0.094646
0.538848, 0.782510, -0.383027, -0.177687
0.538892, 0.297952, 0.440704, 0.238568
0.538918, 0.164900, 0.446130, 0.132923
0.539510, 0.457980, 0.184466, 0.117052
0.539860, 0.252654, 0.443475, 0.202735
0.540213, 0.242015, 0.444218, 0.194298
0.540304, 0.152097, 0.447494, 0.122601
0.540324, 0.700105, -0.378530, -0.243933
0.540578, 0.178323, 0.446963, 0.143601
0.540606, 0.221930, 0.445413, 0.178363
0.540816, 0.020521, 0.449928, 0.016580
0.540933, 0.404761, 0.434761, 0.320564
0.541082, 0.370349, 0.437906, 0.294704
0.541183, 0.622708, -0.373841, -0.305238
0.541230, 0.842577, -0.382870, -0.128984
0.541309, 0.545053, -0.368672, -0.365525
0.541440, 0.655048, -0.375446, -0.279789
0.541752, 0.190232, 0.447446, 0.153066
0.541937, 0.000000, 0.450929, 0.000000
0.542152, 0.069989, 0.450639, 0.056514
0.542248, 0.265527, 0.444837, 0.212839
0.542359, 0.719438, -0.377730, -0.228537
0.542429, 0.139326, 0.449442, 0.112292
0.542606, 0.828843, -0.381384, -0.140193
0.542609, 0.443068, 0.432644, 0.349347
0.542647, 0.794644, -0.380433, -0.168001
0.542652, 0.988443, -0.383964, -0.009506
0.542765, 0.502675, -0.363710, -0.397350
0.542826, 0.103600, 0.450616, 0.083583
0.542829, 0.762002, -0.379121, -0.194379
0.542859, 0.490326, -0.361823, -0.405882
0.542931, 0.321705, 0.442462, 0.256905
0.543444, 0.565216, -0.368470, -0.350174
0.543557, 0.032694, 0.452049, 0.026399
0.543585, 0.951090, -0.382955, -0.040213
0.543615, 0.634952, -0.372673, -0.295780
0.543759, 0.576938, -0.368909, -0.341024
0.544125, 0.478580, -0.343160, -0.398029
0.544198, 0.688879, -0.374932, -0.253053
0.544524, 0.730137, -0.376473, -0.220052
0.544807, 0.422975, 0.431549, 0.329451
0.544821, 0.937479, -0.381881, -0.051410
0.544840, 0.357297, 0.441664, 0.284388
0.545268, 0.276492, 0.446700, 0.221352
0.545619, 0.924150, -0.381033, -0.062356
0.545717, 0.392096, 0.439842, 0.311040
0.545770, 0.288517, 0.446372, 0.230728
0.545774, 0.589824, -0.368309, -0.331257
0.545780, 0.092029, 0.453116, 0.074215
0.545824, 0.898290, -0.380400, -0.083552
0.545868, 0.885474, -0.380124, -0.094046
0.545937, 0.911096, -0.380551, -0.073064
0.545968, 0.866145, -0.379587, -0.109845
0.545974, 0.057742, 0.453701, 0.046587
0.546004, 0.466752, -0.319866, -0.386150
0.546309, 0.126530, 0.452812, 0.101935
0.546392, 0.210387, 0.450346, 0.168957
0.546431, 0.532804, -0.363917, -0.375363
0.546547, 0.675768, -0.372547, -0.263664
0.546590, 0.806799, -0.377640, -0.158248
0.546677, 0.644800, -0.370743, -0.288131
0.546746, 0.741286, -0.375244, -0.211228
0.546986, 0.965224, -0.380258, -0.028609
0.547380, 0.344465, 0.444431, 0.274291
0.547425, 0.308248, 0.446651, 0.246123
0.547526, 0.232528, 0.450399, 0.186506
0.547631, 0.773275, -0.375727, -0.185453
0.548013, 0.520917, -0.361862, -0.384618
0.548585, 0.709194, -0.372391, -0.237028
0.548670, 0.554838, -0.363709, -0.358525
0.548740, 0.977741, -0.379129, -0.018329
0.549060, 0.044618, 0.456143, 0.035973
0.549070, 0.412693, 0.437915, 0.323622
0.549083, 0.818010, -0.375954, -0.149197
0.549240, 0.602372, -0.366366, -0.321658
0.549299, 0.852390, -0.376733, -0.121190
0.549391, 0.380035, 0.443504, 0.301516
0.549537, 1.000000, -0.378509, 0.000000
0.549549, 0.452661, -0.088914, -0.168963
0.549958, 0.010384, 0.457262, 0.008375
0.550145, 0.614070, -0.366362, -0.312557
0.550172, 0.080187, 0.456777, 0.064622
0.550200, 0.332565, 0.447371, 0.264904
0.550403, 0.256737, 0.451495, 0.205491
0.550424, 0.663765, -0.368838, -0.273351
0.550491, 0.113337, 0.456407, 0.091259
0.550646, 0.433546, 0.402354, 0.304423
0.550686, 0.172378, 0.455051, 0.138538
0.550747, 0.160166, 0.455451, 0.128777
0.551162, 0.510191, -0.358454, -0.392843
0.551176, 0.199047, 0.454412, 0.159739
0.551305, 0.753691, -0.372047, -0.201379
0.551350, 0.785860, -0.373202, -0.175395
0.551852, 0.838110, -0.374343, -0.132911
0.552006, 0.185318, 0.455715, 0.148833
0.552050, 0.244356, 0.453376, 0.195660
0.552297, 0.147918, 0.456962, 0.118929
0.552595, 0.367455, 0.446878, 0.291676
0.552927, 0.876346, -0.374380, -0.101674
0.552938, 0.627661, -0.364884, -0.301979
0.553167, 0.221832, 0.455160, 0.177776
0.553331, 0.021707, 0.459785, 0.017490
0.553490, 0.542768, -0.359202, -0.368210
0.553553, 0.296487, 0.451988, 0.236573
0.553641, 0.401360, 0.444870, 0.317248
0.553825, 0.497487, -0.355336, -0.402611
0.553992, 0.698805, -0.367679, -0.245598
0.554140, 0.135704, 0.458687, 0.109101
0.554405, 0.320523, 0.451311, 0.255286
0.554567, 0.485508, -0.351437, -0.409358
0.554576, 0.068189, 0.460383, 0.054910
0.554646, 0.720873, -0.368053, -0.227905
0.554808, 0.567356, -0.359842, -0.349291
0.554819, 0.580851, -0.360714, -0.338816
0.555012, 0.684805, -0.366282, -0.256861
0.555050, 0.798795, -0.370688, -0.165025
0.555193, 0.652398, -0.364427, -0.282551
0.555350, 0.101648, 0.460501, 0.081793
0.555433, 0.267865, 0.454904, 0.214031
0.555590, 0.943224, -0.373393, -0.046795
0.555936, 0.955485, -0.373216, -0.036699
0.555943, 0.000000, 0.462033, 0.000000
0.555965, 0.032981, 0.461740, 0.026555
0.556028, 0.990030, -0.373200, -0.008221
0.556251, 0.890637, -0.371891, -0.089992
0.556278, 0.826213, -0.370410, -0.142700
0.556363, 0.282368, 0.454986, 0.225408
0.556422, 0.930405, -0.372533, -0.057349
0.556426, 0.354878, 0.450675, 0.281747
0.556605, 0.473561, -0.345295, -0.414902
0.556681, 0.862046, -0.371029, -0.113450
0.556704, 0.763718, -0.368157, -0.193496
0.556755, 0.461972, -0.309942, -0.389201
0.556759, 0.443194, 0.090916, -0.002873
0.556783, 0.904117, -0.371791, -0.078955
0.556858, 0.917385, -0.371958, -0.068057
0.557327, 0.732290, -0.366397, -0.218837
0.557352, 0.422644, 0.419091, 0.306419
0.557526, 0.056368, 0.462755, 0.045364
0.557667, 0.593384, -0.359287, -0.329227
0.557933, 0.389587, 0.448937, 0.307850
0.557964, 0.744753, -0.366447, -0.208860
0.557966, 0.122639, 0.462005, 0.098552
0.558040, 0.639258, -0.361528, -0.293121
0.558395, 0.530100, -0.354622, -0.378401
0.558575, 0.212111, 0.459761, 0.169866
0.558583, 0.968075, -0.371039, -0.026326
0.558692, 0.089893, 0.463270, 0.072290
0.559107, 0.672872, -0.362433, -0.266536
0.559114, 0.309509, 0.455536, 0.246422
0.559117, 0.343027, 0.453508, 0.272425
0.559731, 0.811994, -0.367287, -0.154399
0.559776, 0.776312, -0.366188, -0.183423
0.559828, 0.847699, -0.368206, -0.125269
0.559895, 0.232338, 0.459966, 0.185817
0.559979, 0.555118, -0.355005, -0.359091
0.560080, 0.044645, 0.464811, 0.035908
0.560469, 0.617833, -0.358429, -0.310132
0.560831, 0.517883, -0.351777, -0.387848
0.561007, 0.254356, 0.459907, 0.203156
0.561037, 0.980246, -0.369178, -0.016301
0.561113, 0.710967, -0.362554, -0.236158
0.561208, 0.377380, 0.452596, 0.298556
0.561801, 0.411232, 0.448160, 0.322108
0.561992, 0.606040, -0.356654, -0.319565
0.562145, 0.167110, 0.464156, 0.133987
0.562413, 0.191308, 0.463527, 0.153218
0.562493, 0.179063, 0.464060, 0.143498
0.562572, 0.331299, 0.456912, 0.263145
0.562754, 0.202377, 0.463391, 0.161992
0.562802, 0.077456, 0.466691, 0.062247
0.562919, 0.155189, 0.465098, 0.124458
0.563127, 0.505227, -0.349061, -0.397670
0.563311, 0.012011, 0.467604, 0.009656
0.563374, 0.789081, -0.363734, -0.173174
0.563415, 0.453172, -0.312655, -0.404876
0.563485, 0.692686, -0.359848, -0.250893
0.563512, 0.661393, -0.358353, -0.275855
0.563658, 1.000000, -0.367066, 0.000000
0.563851, 0.111771, 0.466936, 0.089743
0.563935, 0.242135, 0.462722, 0.193393
0.563957, 0.432663, 0.212710, 0.104149
0.564028, 0.871196, -0.365382, -0.106111
0.564246, 0.365235, 0.455864, 0.289133
0.564420, 0.835652, -0.364196, -0.135221
0.564513, 0.543322, -0.350737, -0.368548
0.564598, 0.143342, 0.466719, 0.114957
0.564606, 0.299456, 0.460371, 0.238300
0.564759, 0.573890, -0.352510, -0.344828
0.564935, 0.273647, 0.461915, 0.218078
0.565190, 0.883342, -0.364718, -0.096167
0.565241, 0.492216, -0.346143, -0.407428
0.565514, 0.131655, 0.467668, 0.105588
0.565675, 0.628789, -0.354958, -0.301794
0.565966, 0.753431, -0.360363, -0.202128
0.566032, 0.024361, 0.469703, 0.019573
0.566072, 0.399644, 0.451543, 0.312139
0.566146, 0.479757, -0.343810, -0.416274
0.566379, 0.288227, 0.462248, 0.229395
0.566708, 0.222890, 0.465738, 0.178104
0.566848, 0.801192, -0.361377, -0.163446
0.566921, 0.320005, 0.460897, 0.254110
0.567029, 0.649028, -0.355024, -0.285903
0.567086, 0.896896, -0.363414, -0.085050
0.567131, 0.723805, -0.358372, -0.226130
0.567210, 0.856997, -0.362510, -0.117822
0.567362, 0.064944, 0.470248, 0.052134
0.567445, 0.584716, -0.351082, -0.336546
0.567480, 0.948031, -0.363885, -0.042933
0.567664, 0.739354, -0.358480, -0.213569
0.567684, 0.935831, -0.363605, -0.053003
0.567691, 0.910275, -0.363200, -0.074059
0.567816, 0.822881, -0.361228, -0.145780
0.567916, 0.100486, 0.470371, 0.080636
0.567918, 0.681630, -0.355856, -0.259952
0.568023, 0.923324, -0.363132, -0.063314
0.568290, 0.466103, -0.337288, -0.422950
0.568349, 0.563414, -0.349075, -0.353225
0.568378, 0.766778, -0.359006, -0.191453
0.568419, 0.037085, 0.471497, 0.029781
0.568476, 0.261620, 0.465317, 0.208502
0.568483, 0.960402, -0.363134, -0.032723
0.568645, 0.353151, 0.460095, 0.279579
0.568739, 0.702536, -0.356077, -0.243208
0.568923, 0.000000, 0.471807, 0.000000
0.569256, 0.051671, 0.472036, 0.041480
0.569548, 0.596139, -0.350111, -0.327724
0.569693, 0.533710, -0.346035, -0.376270
0.569768, 0.387462, 0.457230, 0.304543
0.569878, 0.421308, 0.433073, 0.309529
0.570026, 0.442840, -0.317473, -0.423714
0.570383, 0.973559, -0.361629, -0.021858
0.570649, 0.988251, -0.361499, -0.009711
0.570795, 0.088396, 0.472706, 0.070888
0.571003, 0.341720, 0.462637, 0.270624
0.571283, 0.522900, -0.344091, -0.384738
0.571508, 0.121850, 0.472696, 0.097643
0.571651, 0.779989, -0.356835, -0.180835
0.571664, 0.211792, 0.470051, 0.169141
0.571691, 0.616834, -0.349546, -0.311526
0.571950, 0.638121, -0.350538, -0.294766
0.572195, 0.670507, -0.351936, -0.269022
0.572337, 0.309513, 0.465756, 0.245689
0.572474, 0.845277, -0.358005, -0.127546
0.572871, 0.248165, 0.469455, 0.197770
0.572881, 0.551798, -0.344814, -0.362543
0.572992, 0.812162, -0.356753, -0.154665
0.573102, 0.375449, 0.461653, 0.296122
0.573254, 0.511415, -0.341773, -0.393708
0.573493, 0.174517, 0.472764, 0.139528
0.573678, 0.187296, 0.472486, 0.149663
0.573774, 0.161863, 0.473361, 0.129461
0.574022, 0.233903, 0.470970, 0.186492
0.574075, 0.199414, 0.472382, 0.159255
0.574143, 0.279125, 0.468756, 0.221897
0.574150, 0.713295, -0.352321, -0.234854
0.574340, 0.409859, 0.434087, 0.296563
0.574629, 0.865948, -0.356758, -0.110633
0.574832, 0.454873, -0.332247, -0.432755
0.574862, 0.077475, 0.476006, 0.062083
0.574930, 0.499122, -0.339556, -0.403204
0.574978, 0.148997, 0.474678, 0.119194
0.575317, 0.329743, 0.466676, 0.261099
0.575427, 0.732368, -0.351981, -0.219481
0.575706, 0.606767, -0.345881, -0.319718
0.575903, 0.692133, -0.349973, -0.251893
0.575910, 0.658798, -0.348479, -0.278569
0.575925, 0.363419, 0.464706, 0.286780
0.576213, 0.008589, 0.477655, 0.006885
0.576258, 0.135581, 0.476027, 0.108476
0.576266, 0.791449, -0.353498, -0.171649
0.576338, 0.877339, -0.355612, -0.101296
0.576350, 0.297379, 0.469480, 0.236008
0.576419, 0.832753, -0.354591, -0.137926
0.576682, 0.475008, -0.335645, -0.420927
0.576877, 0.431478, -0.301011, -0.421795
0.576919, 1.000000, -0.356641, 0.000000
0.576990, 0.573959, -0.342958, -0.345509
0.576998, 0.889675, -0.355404, -0.091176
0.576999, 0.018566, 0.478301, 0.014879
0.577012, 0.486815, -0.336927, -0.412613
0.577096, 0.758251, -0.351770, -0.198689
0.577201, 0.110459, 0.477290, 0.088410
0.578026, 0.397694, 0.451906, 0.301111
0.578028, 0.267766, 0.472393, 0.212847
0.578144, 0.902998, -0.354716, -0.080214
0.578232, 0.030621, 0.479229, 0.024537
0.578272, 0.745721, -0.350342, -0.208864
0.578584, 0.626289, -0.344691, -0.304484
0.578700, 0.541623, -0.339567, -0.370734
0.578996, 0.916089, -0.354255, -0.069427
0.579022, 0.067469, 0.479421, 0.054024
0.579030, 0.043418, 0.479753, 0.034781
0.579282, 0.056287, 0.479802, 0.045078
0.579298, 0.585598, -0.341857, -0.336554
0.579395, 0.221686, 0.475661, 0.176644
0.579425, 0.952774, -0.354329, -0.039106
0.579489, 0.801841, -0.351209, -0.163263
0.579516, 0.940673, -0.354168, -0.049120
0.579723, 0.772234, -0.350054, -0.187374
0.579771, 0.928755, -0.353794, -0.058972
0.579812, 0.097112, 0.479583, 0.077703
0.580131, 0.647597, -0.344557, -0.287660
0.580184, 0.319633, 0.471107, 0.253030
0.580205, 0.855368, -0.352073, -0.119454
0.580302, 0.965546, -0.353665, -0.028537
0.580411, 0.680882, -0.345900, -0.261113
0.580478, 0.561222, -0.339491, -0.355692
0.580598, 0.978638, -0.353537, -0.017696
0.580962, 0.255677, 0.475335, 0.203275
0.581246, 0.287124, 0.473809, 0.227758
0.581259, 0.821466, -0.350391, -0.147288
0.581342, 0.351374, 0.469745, 0.277259
0.581533, 0.722340, -0.346758, -0.227835
0.581614, 0.596787, -0.340654, -0.327877
0.581732, 0.385971, 0.466077, 0.302219
0.581781, 0.442565, -0.326604, -0.443109
0.581987, 0.465529, -0.331285, -0.428941
0.582169, 0.529950, -0.336158, -0.380048
0.582314, 0.702996, -0.345388, -0.243480
0.582423, 0.339162, 0.471468, 0.267879
0.582508, 0.420062, -0.019778, -0.153918
0.582806, 0.122728, 0.481384, 0.098070
0.583561, 0.208832, 0.479440, 0.166354
0.583673, 0.000000, 0.483691, 0.000000
0.583768, 0.242332, 0.478109, 0.192676
0.583788, 0.518328, -0.334124, -0.389121
0.584199, 0.990222, -0.350672, -0.008106
0.584235, 0.182671, 0.480812, 0.145629
0.584390, 0.307204, 0.475059, 0.243156
0.584412, 0.086265, 0.483353, 0.068967
0.584501, 0.169813, 0.481466, 0.135446
0.584523, 0.842846, -0.348339, -0.129847
0.584525, 0.669105, -0.342112, -0.270735
0.584775, 0.636039, -0.340305, -0.297077
0.584906, 0.505612, -0.332416, -0.399018
0.584922, 0.374248, 0.468861, 0.292537
0.585026, 0.196060, 0.481042, 0.156213
0.585139, 0.784331, -0.346118, -0.177706
0.585159, 0.157166, 0.482358, 0.125396
0.585179, 0.614819, -0.338842, -0.313865
0.586280, 0.407224, 0.364228, 0.215990
0.586316, 0.454122, -0.327130, -0.437931
0.586376, 0.144670, 0.483660, 0.115442
0.586432, 0.867668, -0.347359, -0.109472
0.586597, 0.550624, -0.334014, -0.364270
0.586753, 0.492690, -0.330039, -0.409004
0.586800, 0.734045, -0.343051, -0.218612
0.586906, 0.810351, -0.345507, -0.156521
0.587038, 0.275848, 0.478928, 0.218696
0.587185, 0.362796, 0.473038, 0.285276
0.587351, 0.230475, 0.481419, 0.183213
0.587530, 0.881413, -0.346793, -0.098175
0.587708, 0.132965, 0.485017, 0.106113
0.587806, 0.764400, -0.343339, -0.194027
0.587961, 0.478691, -0.328018, -0.419700
0.588045, 0.692010, -0.340345, -0.252547
0.588086, 0.104444, 0.485908, 0.083400
0.588094, 0.895165, -0.346635, -0.086846
0.588131, 0.712842, -0.341170, -0.235803
0.588478, 0.569523, -0.333681, -0.349632
0.588567, 0.023878, 0.487255, 0.019086
0.588567, 0.075412, 0.486826, 0.060252
0.588639, 0.657724, -0.338317, -0.280017
0.589269, 0.753438, -0.341774, -0.202975
0.589354, 0.831539, -0.344165, -0.139245
0.589456, 0.908600, -0.345753, -0.075762
0.589459, 0.295706, 0.479610, 0.233954
0.589503, 0.430888, -0.288933, -0.421601
0.589590, 0.329757, 0.477592, 0.260211
0.589717, 0.036620, 0.488167, 0.029265
0.589763, 0.011073, 0.488354, 0.008849
0.589952, 0.049724, 0.488204, 0.039728
0.590102, 0.580145, -0.333013, -0.341395
0.590261, 0.604788, -0.334280, -0.322040
0.590302, 0.263553, 0.482112, 0.208959
0.590452, 0.796899, -0.342260, -0.167621
0.590459, 0.062640, 0.488479, 0.050036
0.590489, 0.395409, 0.460530, 0.297616
0.590776, 0.921536, -0.344899, -0.065081
0.590850, 0.957833, -0.345192, -0.034997
0.591107, 1.000000, -0.345042, 0.000000
0.591264, 0.114857, 0.488149, 0.091618
0.591319, 0.853668, -0.343169, -0.121118
0.591340, 0.945391, -0.344704, -0.045320
0.591364, 0.538606, -0.329614, -0.373982
0.591522, 0.742794, -0.339538, -0.211664
0.591543, 0.317309, 0.479846, 0.250495
0.591565, 0.623754, -0.334333, -0.307189
0.591827, 0.217820, 0.485476, 0.173099
0.592052, 0.591684, -0.332141, -0.332452
0.592073, 0.970121, -0.344242, -0.024804
0.592145, 0.933986, -0.343928, -0.054782
0.592323, 0.679673, -0.336389, -0.262629
0.592520, 0.343809, 0.478850, 0.270757
0.592689, 0.646621, -0.334522, -0.289021
0.592852, 0.980928, -0.343594, -0.015834
0.592902, 0.251188, 0.484695, 0.199166
0.592947, 0.774729, -0.339532, -0.185771
0.593424, 0.443194, -0.317057, -0.442931
0.593538, 0.466229, -0.322862, -0.429632
0.593864, 0.383004, 0.463005, 0.286768
0.593866, 0.416731, -0.299764, -0.447430
0.594196, 0.093924, 0.490978, 0.074927
0.594355, 0.526723, -0.326492, -0.383339
0.594401, 0.559764, -0.328488, -0.357635
0.594416, 0.820241, -0.339818, -0.148655
0.594512, 0.190142, 0.488504, 0.151169
0.594606, 0.725277, -0.336395, -0.225956
0.594709, 0.355501, 0.479056, 0.278964
0.594769, 0.284896, 0.484353, 0.225302
0.594794, 0.513464, -0.325331, -0.393675
0.595195, 0.177011, 0.489519, 0.140790
0.595447, 0.204661, 0.488734, 0.162586
0.595653, 0.164245, 0.490277, 0.130685
0.596308, 0.500796, -0.323251, -0.403459
0.596450, 0.702230, -0.334171, -0.244750
0.596504, 0.634604, -0.330939, -0.298796
0.596643, 0.239366, 0.488179, 0.189762
0.596704, 0.151479, 0.491481, 0.120554
0.596873, 0.304743, 0.484673, 0.240472
0.597081, 0.370118, 0.478304, 0.288481
0.597086, 0.667588, -0.332081, -0.272545
0.597103, 0.125981, 0.492561, 0.100349
0.597110, 0.000000, 0.494074, 0.000000
0.597188, 0.487169, -0.321658, -0.414019
0.597226, 0.842206, -0.338084, -0.130666
0.597496, 0.455187, -0.318563, -0.437869
0.597648, 0.786853, -0.336234, -0.176075
0.597648, 0.862970, -0.338257, -0.113582
0.597798, 0.874380, -0.338408, -0.104175
0.598092, 0.888017, -0.338451, -0.092919
0.598386, 0.083331, 0.494415, 0.066425
0.598553, 0.138739, 0.493361, 0.110430
0.598795, 0.807918, -0.336019, -0.158909
0.598828, 0.989730, -0.338810, -0.008534
0.599008, 0.405475, -0.105813, -0.265664
0.599052, 0.272330, 0.488353, 0.215328
0.599214, 0.547597, -0.324077, -0.367510
0.599465, 0.901257, -0.337585, -0.081988
0.599548, 0.019332, 0.495896, 0.015414
0.599600, 0.714281, -0.332062, -0.235100
0.599641, 0.690068, -0.330990, -0.254588
0.599693, 0.762433, -0.333787, -0.196061
0.599711, 0.612263, -0.327280, -0.316697
0.600021, 0.227550, 0.491317, 0.180363
0.600108, 0.070526, 0.495910, 0.056204
0.600183, 0.474823, -0.318473, -0.423663
0.600230, 0.425037, -0.311194, -0.457729
0.600516, 0.043718, 0.496492, 0.034845
0.600586, 0.104226, 0.495747, 0.082999
0.600696, 0.030749, 0.496745, 0.024510
0.600783, 0.056941, 0.496585, 0.045377
0.600862, 0.571676, -0.324092, -0.348663
0.601229, 0.914299, -0.336398, -0.071215
0.601447, 0.336304, 0.486031, 0.264360
0.601473, 0.598697, -0.325144, -0.327484
0.601624, 0.735877, -0.331239, -0.217679
0.601676, 0.656923, -0.327857, -0.281218
0.601765, 0.749373, -0.331592, -0.206711
0.601801, 0.324906, 0.487144, 0.255653
0.602034, 0.951429, -0.336110, -0.040392
0.602055, 0.584533, -0.323941, -0.338703
0.602069, 0.830825, -0.333962, -0.140171
0.602356, 0.436707, -0.313190, -0.451930
0.602393, 0.393371, 0.289085, 0.116461
0.602428, 0.260130, 0.491566, 0.205663
0.602676, 0.963882, -0.335737, -0.030050
0.602883, 0.294454, 0.489984, 0.232224
0.602947, 0.927201, -0.335218, -0.060539
0.603089, 0.313547, 0.488838, 0.246853
0.603800, 0.623273, -0.324607, -0.308180
0.603912, 0.116592, 0.497930, 0.092722
0.604030, 0.215436, 0.494909, 0.170696
0.604182, 0.535681, -0.319430, -0.377042
0.604244, 0.676953, -0.326790, -0.265356
0.604245, 0.797322, -0.331295, -0.167733
0.604262, 0.775901, -0.330548, -0.185220
0.604416, 0.195584, 0.495912, 0.155074
0.604453, 0.852573, -0.332531, -0.122302
0.604479, 0.521093, -0.318311, -0.388413
0.604587, 0.644904, -0.325012, -0.290977
0.604594, 0.010080, 0.499930, 0.008031
0.604839, 1.000000, -0.334027, 0.000000
0.604909, 0.939999, -0.333778, -0.049929
0.604962, 0.347927, 0.487716, 0.272803
0.605017, 0.976731, -0.333794, -0.019364
0.605281, 0.381213, 0.476615, 0.289638
0.605539, 0.360201, 0.483774, 0.278743
0.605620, 0.248445, 0.494604, 0.196407
0.605711, 0.183406, 0.497403, 0.145462
0.605776, 0.558467, -0.319574, -0.359403
0.606350, 0.448365, -0.311688, -0.444086
0.606475, 0.170752, 0.498430, 0.135472
0.606501, 0.508764, -0.315887, -0.397996
0.606669, 0.818958, -0.330003, -0.150073
0.606692, 0.495297, -0.314877, -0.408425
0.606733, 0.281598, 0.493668, 0.222068
0.606972, 0.158474, 0.499196, 0.125773
0.607065, 0.462073, -0.312184, -0.433781
0.607492, 0.879663, -0.330760, -0.100012
0.607686, 0.723519, -0.325955, -0.227949
0.607742, 0.414693, -0.282746, -0.444099
0.608054, 0.145318, 0.500505, 0.115371
0.608082, 0.092415, 0.501819, 0.073485
0.608528, 0.634108, -0.321309, -0.299724
0.608852, 0.130826, 0.501529, 0.103897
0.609080, 0.205148, 0.499183, 0.162412
0.609164, 0.865023, -0.329038, -0.112131
0.609281, 0.893300, -0.329521, -0.088733
0.609313, 0.709134, -0.324064, -0.239634
0.609428, 0.483629, -0.311955, -0.417545
0.609447, 0.370397, 0.461284, 0.261840
0.609547, 0.236620, 0.498236, 0.187019
0.609737, 0.698874, -0.323277, -0.247908
0.609765, 0.078672, 0.503337, 0.062547
0.610260, 0.841405, -0.327602, -0.131649
0.610531, 0.064749, 0.504105, 0.051478
0.610645, 0.687068, -0.322042, -0.257445
0.610796, 0.786511, -0.325682, -0.176779
0.610889, 0.050722, 0.504502, 0.040326
0.610926, 0.666254, -0.320969, -0.274220
0.610959, 0.036856, 0.504627, 0.029303
0.611034, 0.304447, 0.495467, 0.239377
0.611076, 0.000000, 0.505043, 0.000000
0.611112, 0.766905, -0.324690, -0.192755
0.611151, 0.605431, -0.317878, -0.322702
0.611282, 0.906232, -0.328173, -0.078050
0.611343, 0.269373, 0.497906, 0.212367
0.611363, 0.402460, -0.294696, -0.469042
0.611384, 0.988643, -0.328854, -0.009469
0.611416, 0.428215, -0.304578, -0.457970
0.611471, 0.547108, -0.314432, -0.368599
0.611662, 0.472148, -0.309403, -0.426444
0.611723, 0.755982, -0.323883, -0.201714
0.611844, 0.105587, 0.504451, 0.083854
0.611873, 0.591844, -0.316584, -0.333464
0.611878, 0.022729, 0.505576, 0.018072
0.611939, 0.807823, -0.325421, -0.159352
0.612502, 0.567712, -0.314786, -0.352507
0.612649, 0.224965, 0.501074, 0.177760
0.612773, 0.578637, -0.315120, -0.343872
0.612889, 0.329957, 0.495018, 0.258628
0.613063, 0.527622, -0.311966, -0.383806
0.613251, 0.918998, -0.326818, -0.067483
0.613273, 0.954061, -0.327029, -0.038284
0.613314, 0.743876, -0.322203, -0.211639
0.613459, 0.652565, -0.318321, -0.285288
0.613668, 0.616617, -0.316451, -0.313964
0.613685, 0.317056, 0.496661, 0.248848
0.613842, 0.733115, -0.321330, -0.220366
0.614229, 0.290950, 0.498779, 0.228825
0.614240, 0.966076, -0.326472, -0.028290
0.614409, 0.389915, -0.100992, -0.286326
0.614429, 0.830090, -0.324046, -0.141115
0.614545, 0.341045, 0.495248, 0.266761
0.614607, 0.119009, 0.506122, 0.094387
0.615050, 0.440142, -0.304304, -0.450859
0.615084, 0.257715, 0.501378, 0.203131
0.615269, 0.931463, -0.325384, -0.057143
0.615972, 0.191697, 0.504950, 0.151582
0.616132, 0.354328, 0.493426, 0.274752
0.616233, 0.501593, -0.307891, -0.404197
0.616451, 0.852938, -0.322933, -0.122293
0.616672, 0.178506, 0.506000, 0.141215
0.616990, 0.453653, -0.304018, -0.440958
0.617044, 0.515746, -0.308150, -0.393293
0.617125, 0.677943, -0.316493, -0.265080
0.617166, 0.873180, -0.322724, -0.105533
0.617407, 0.627415, -0.313961, -0.305516
0.617567, 0.716369, -0.317705, -0.234088
0.617647, 0.010955, 0.510019, 0.008696
0.617677, 0.796825, -0.320484, -0.168550
0.617859, 0.154355, 0.507759, 0.122202
0.617938, 1.000000, -0.323609, 0.000000
0.617976, 0.776307, -0.319487, -0.185305
0.618026, 0.943794, -0.323350, -0.046908
0.618030, 0.978292, -0.323475, -0.018120
0.618031, 0.213921, 0.505787, 0.168929
0.618126, 0.641320, -0.313969, -0.294388
0.618155, 0.245989, 0.504313, 0.193872
0.618214, 0.378083, 0.302893, 0.104687
0.618253, 0.537753, -0.308505, -0.376219
0.618266, 0.140961, 0.508452, 0.111636
0.618370, 0.166328, 0.507783, 0.131605
0.618641, 0.885444, -0.321839, -0.095412
0.618911, 0.557555, -0.309184, -0.360848
0.619062, 0.420073, -0.297691, -0.464235
0.619143, 0.278840, 0.503288, 0.219232
0.619341, 0.818668, -0.319780, -0.150651
0.619360, 0.489513, -0.304659, -0.413680
0.619726, 0.364712, 0.461936, 0.249240
0.619956, 0.084568, 0.511112, 0.067057
0.620544, 0.202063, 0.508129, 0.159538
0.620662, 0.096435, 0.511411, 0.076430
0.620706, 0.071534, 0.511923, 0.056727
0.620871, 0.058295, 0.512195, 0.046234
0.620966, 0.692079, -0.313943, -0.253803
0.621095, 0.465056, -0.301692, -0.432581
0.621112, 0.409707, -0.297290, -0.474151
0.621114, 0.044870, 0.512461, 0.035586
0.621266, 0.898116, -0.319940, -0.084933
0.621313, 0.300491, 0.503535, 0.235703
0.621414, 0.659586, -0.312228, -0.279972
0.621423, 0.031778, 0.512746, 0.025200
0.621573, 0.598535, -0.309254, -0.328684
0.621740, 0.130246, 0.511365, 0.103087
0.622168, 0.477653, -0.301698, -0.422976
0.622386, 0.584236, -0.307880, -0.340038
0.622576, 0.233888, 0.508316, 0.184266
0.622645, 0.726693, -0.313987, -0.225887
0.622697, 0.704553, -0.313163, -0.243880
0.622823, 0.862785, -0.318015, -0.114286
0.623029, 0.841539, -0.317336, -0.131856
0.623092, 0.324423, 0.502968, 0.253578
0.623190, 0.763957, -0.314858, -0.195556
0.623228, 0.752048, -0.314553, -0.205361
0.623335, 0.108756, 0.513201, 0.086107
0.623422, 0.910632, -0.318481, -0.074578
0.623636, 0.397524, -0.268938, -0.457716
0.623924, 0.431367, -0.296776, -0.458046
0.624043, 0.610726, -0.307905, -0.319142
0.624207, 0.267169, 0.507836, 0.209956
0.624304, 0.569863, -0.305612, -0.351482
0.624336, 0.786264, -0.314732, -0.177382
0.624545, 0.000000, 0.515394, 0.000000
0.624565, 0.311717, 0.505241, 0.244056
0.624763, 0.989042, -0.318077, -0.009159
0.624953, 0.526459, -0.302613, -0.385445
0.624957, 0.670328, -0.309870, -0.271509
0.625008, 0.807118, -0.314884, -0.160312
0.625031, 0.347826, 0.499539, 0.268196
0.625296, 0.547469, -0.303549, -0.369052
0.625354, 0.020387, 0.515911, 0.016153
0.625436, 0.507164, -0.301032, -0.400402
0.625661, 0.222590, 0.511128, 0.175315
0.625744, 0.968221, -0.317126, -0.026557
0.625793, 0.922569, -0.316754, -0.064671
0.625998, 0.956645, -0.316841, -0.036228
0.626031, 0.444782, -0.296439, -0.448343
0.626131, 0.739072, -0.311684, -0.215985
0.626250, 0.335561, 0.503120, 0.260389
0.626443, 0.830150, -0.314363, -0.141377
0.626504, 0.288684, 0.508245, 0.226347
0.626612, 0.185462, 0.513396, 0.146307
0.626663, 0.120271, 0.515405, 0.095100
0.627087, 0.385406, -0.281972, -0.483390
0.627436, 0.648738, -0.306925, -0.288925
0.627722, 0.255661, 0.511112, 0.200870
0.627765, 0.634038, -0.306081, -0.300782
0.627805, 0.149336, 0.515562, 0.117952
0.627843, 0.934641, -0.315256, -0.054629
0.627909, 0.621943, -0.305319, -0.310355
0.628386, 0.875604, -0.313721, -0.103746
0.628831, 0.682789, -0.307330, -0.261677
0.628910, 0.495450, -0.297623, -0.409714
0.628986, 0.174057, 0.515658, 0.137302
0.629179, 0.372087, 0.034463, -0.177601
0.629689, 0.457135, -0.294549, -0.439258
0.629749, 0.715849, -0.307956, -0.235023
0.629779, 0.852102, -0.312199, -0.123303
0.629814, 0.888361, -0.312896, -0.093196
0.630089, 0.161605, 0.516891, 0.127500
0.630180, 0.243631, 0.513534, 0.191415
0.630290, 0.195796, 0.515936, 0.154268
0.630292, 0.774172, -0.309557, -0.187487
0.630532, 0.358743, 0.509660, 0.284112
0.630589, 0.946640, -0.313164, -0.044635
0.630855, 0.208893, 0.515777, 0.164442
0.631133, 0.420183, -0.290793, -0.467397
0.631146, 0.516777, -0.297146, -0.393277
0.631205, 1.000000, -0.312901, 0.000000
0.631217, 0.592034, -0.301222, -0.334259
0.631229, 0.796566, -0.309511, -0.169149
0.631384, 0.558425, -0.299383, -0.360831
0.631507, 0.077247, 0.520171, 0.061085
0.631519, 0.536763, -0.298088, -0.377826
0.631580, 0.138151, 0.518757, 0.109050
0.631624, 0.817546, -0.309858, -0.151919
0.631672, 0.052275, 0.520573, 0.041348
0.631713, 0.010308, 0.520886, 0.008155
0.631810, 0.978215, -0.312319, -0.018230
0.631845, 0.277085, 0.513029, 0.217139
0.631896, 0.089472, 0.520247, 0.070726
0.631905, 0.064585, 0.520667, 0.051078
0.632112, 0.483341, -0.294380, -0.419275
0.632122, 0.039846, 0.520906, 0.031510
0.632459, 0.577763, -0.299550, -0.345652
0.632529, 0.695478, -0.304893, -0.251600
0.632542, 0.406489, -0.285471, -0.474568
0.632573, 0.300459, 0.512074, 0.234958
0.633114, 0.470387, -0.292804, -0.429359
0.633185, 0.902050, -0.310417, -0.081862
0.633295, 0.101384, 0.521040, 0.080085
0.633397, 0.660636, -0.302710, -0.279676
0.633589, 0.322748, 0.510525, 0.251091
0.633819, 0.749529, -0.305880, -0.207751
0.633976, 0.604189, -0.299657, -0.324789
0.634191, 0.029414, 0.522663, 0.023253
0.634278, 0.434643, -0.289420, -0.456665
0.634443, 0.728288, -0.304643, -0.225094
0.634753, 0.864936, -0.308448, -0.112764
0.635150, 0.761400, -0.305185, -0.198077
0.635791, 0.393781, -0.284883, -0.487151
0.635874, 0.113612, 0.522802, 0.089663
0.635937, 0.345859, 0.481315, 0.239542
0.636046, 0.127488, 0.522443, 0.100546
0.636119, 0.219554, 0.519321, 0.172497
0.636201, 0.231795, 0.518756, 0.181965
0.636265, 0.640329, -0.299519, -0.296084
0.636313, 0.913750, -0.308130, -0.072167
0.636544, 0.840670, -0.306456, -0.132924
0.636815, 0.706496, -0.301928, -0.242889
0.636847, 0.785084, -0.304649, -0.178767
0.637105, 0.673064, -0.300313, -0.269882
0.637280, 0.265493, 0.517695, 0.207876
0.637300, 0.311507, 0.514750, 0.242984
0.637318, 0.505001, -0.291642, -0.402823
0.637396, 0.965235, -0.307703, -0.029120
0.637486, 0.828286, -0.305354, -0.143184
0.637561, 0.615889, -0.297379, -0.315676
0.637888, 0.447113, -0.287569, -0.447498
0.638107, 0.989013, -0.307325, -0.009208
0.638162, 0.926465, -0.306834, -0.061579
0.638188, 0.547326, -0.293422, -0.369925
0.638249, 0.289155, 0.517098, 0.225977
0.638268, 0.333943, 0.510079, 0.256268
0.638288, 0.380538, -0.257984, -0.473025
0.638335, 0.000000, 0.526046, 0.000000
0.638346, 0.526447, -0.292093, -0.386208
0.638389, 0.567191, -0.294307, -0.354301
0.638615, 0.806834, -0.303853, -0.160918
0.638908, 0.184843, 0.522973, 0.145389
0.638974, 0.150484, 0.524142, 0.118519
0.639534, 0.878702, -0.304843, -0.101410
0.639709, 0.739222, -0.300818, -0.216399
0.639729, 0.020387, 0.527101, 0.016099
0.639909, 0.253631, 0.520390, 0.198618
0.640059, 0.892379, -0.304640, -0.090018
0.640099, 0.171939, 0.524255, 0.135251
0.640309, 0.939425, -0.305217, -0.050759
0.640363, 0.367711, -0.244825, -0.470613
0.640475, 0.628378, -0.295670, -0.305891
0.640622, 0.585221, -0.293386, -0.340094
0.640757, 0.651367, -0.296403, -0.287429
0.640812, 0.685687, -0.297876, -0.259873
0.640869, 0.492896, -0.288159, -0.412442
0.640957, 0.198688, 0.523985, 0.156088
0.641023, 0.953578, -0.304821, -0.038919
0.641166, 0.459460, -0.285872, -0.438286
0.641740, 0.853284, -0.302620, -0.122620
0.641769, 0.413230, -0.281677, -0.472934
0.641880, 0.242320, 0.522523, 0.189808
0.642008, 0.426296, -0.282891, -0.463512
0.642161, 0.772558, -0.299971, -0.189221
0.642163, 0.718342, -0.298063, -0.233477
0.642508, 0.160609, 0.526503, 0.126320
0.642539, 0.044635, 0.528989, 0.035207
0.642787, 0.069650, 0.528994, 0.054927
0.642976, 0.355778, 0.171866, -0.064683
0.642999, 0.082354, 0.528939, 0.064926
0.643264, 0.056698, 0.529546, 0.044716
0.643597, 0.140658, 0.528005, 0.110691
0.643674, 0.278312, 0.521841, 0.217351
0.643700, 0.596506, -0.291511, -0.331322
0.643721, 0.480763, -0.285197, -0.421991
0.643842, 0.514867, -0.287128, -0.395563
0.643996, 0.210597, 0.525733, 0.165193
0.644205, 0.977051, -0.302395, -0.019260
0.644218, 0.094358, 0.529648, 0.074346
0.644235, 0.795729, -0.299004, -0.170240
0.644405, 1.000000, -0.302234, 0.000000
0.644494, 0.300355, 0.520937, 0.233977
0.644610, 0.817729, -0.299319, -0.152102
0.644834, 0.536679, -0.287582, -0.378608
0.644949, 0.401151, -0.278898, -0.482791
0.645223, 0.556731, -0.288361, -0.362908
0.645322, 0.751232, -0.296647, -0.206751
0.645362, 0.663326, -0.293229, -0.278026
0.645460, 0.470389, -0.283214, -0.430117
0.645462, 0.697110, -0.294597, -0.250829
0.645589, 0.010363, 0.531663, 0.008172
0.645605, 0.322603, 0.515243, 0.245939
0.645746, 0.106281, 0.530548, 0.083679
0.645971, 0.033608, 0.531973, 0.026501
0.645973, 0.865771, -0.299435, -0.112322
0.646470, 0.438407, -0.280329, -0.454644
0.646521, 0.903905, -0.299679, -0.080527
0.646564, 0.575255, -0.288187, -0.348294
0.646577, 0.118763, 0.530847, 0.093446
0.646945, 0.223652, 0.527404, 0.175172
0.646946, 0.607687, -0.289495, -0.322636
0.647289, 0.130311, 0.531115, 0.102481
0.647417, 0.388367, -0.272691, -0.489185
0.647548, 0.730007, -0.294134, -0.224172
0.647690, 0.640319, -0.290421, -0.296654
0.647869, 0.831358, -0.296999, -0.140895
0.647897, 0.343595, 0.501903, 0.249742
0.648073, 0.917373, -0.298751, -0.069323
0.648200, 0.762167, -0.294702, -0.197907
0.648658, 0.782591, -0.295062, -0.181205
0.648972, 0.268690, 0.526419, 0.209671
0.649006, 0.676366, -0.290880, -0.267708
0.649068, 0.502276, -0.282318, -0.405673
0.649561, 0.843531, -0.296076, -0.130907
0.649628, 0.312511, 0.523939, 0.242988
0.649717, 0.889580, -0.296718, -0.092507
0.649963, 0.965822, -0.297631, -0.028710
0.650029, 0.619280, -0.287612, -0.313588
0.650041, 0.450830, -0.278406, -0.445405
0.650050, 0.930673, -0.297290, -0.058204
0.650160, 0.708571, -0.291260, -0.241723
0.650165, 0.376029, -0.269047, -0.497850
0.650181, 0.190243, 0.531281, 0.149126
0.650378, 0.177425, 0.531904, 0.139149
0.650446, 0.877105, -0.295931, -0.102936
0.650556, 0.257962, 0.528264, 0.201371
0.650686, 0.288790, 0.526446, 0.224903
0.650762, 0.332734, 0.472454, 0.207848
0.650798, 0.234841, 0.529749, 0.183606
0.650862, 0.525175, -0.282205, -0.387939
0.650924, 0.988113, -0.297015, -0.009991
0.651397, 0.943953, -0.296340, -0.047079
0.651757, 0.419238, -0.274899, -0.469514
0.651951, 0.806952, -0.293122, -0.161233
0.651954, 0.546393, -0.282493, -0.371388
0.652006, 0.000000, 0.536661, 0.000000
0.652087, 0.022278, 0.536671, 0.017537
0.652421, 0.151232, 0.534535, 0.118704
0.652574, 0.586621, -0.283963, -0.339593
0.652656, 0.364055, -0.249772, -0.490331
0.652689, 0.489301, -0.278773, -0.416023
0.652714, 0.164914, 0.534262, 0.129352
0.652787, 0.565322, -0.282774, -0.356486
0.652789, 0.742140, -0.290330, -0.214462
0.652921, 0.652778, -0.286789, -0.286907
0.653169, 0.246786, 0.530924, 0.192671
0.653325, 0.202826, 0.533217, 0.158770
0.653451, 0.061790, 0.537260, 0.048597
0.653635, 0.075516, 0.537204, 0.059376
0.653674, 0.046865, 0.537714, 0.036869
0.653788, 0.955673, -0.294485, -0.037258
0.653915, 0.687522, -0.287398, -0.258915
0.654136, 0.629917, -0.284825, -0.305300
0.654177, 0.462969, -0.275974, -0.436359
0.654335, 0.856078, -0.292467, -0.120579
0.654622, 0.408153, -0.272035, -0.478223
0.654870, 0.719946, -0.287891, -0.232664
0.655184, 0.429714, -0.273020, -0.461817
0.655186, 0.087916, 0.538232, 0.069085
0.655444, 0.351827, -0.231089, -0.482224
0.655638, 0.793117, -0.289727, -0.172751
0.655764, 0.770943, -0.288866, -0.190958
0.655780, 0.512971, -0.277662, -0.397739
0.655804, 0.820738, -0.290362, -0.149931
0.655859, 0.301560, 0.528631, 0.233424
0.656070, 0.598217, -0.281743, -0.330572
0.656194, 0.666925, -0.284652, -0.275564
0.656233, 0.214998, 0.534828, 0.168036
0.656299, 0.138958, 0.537840, 0.108998
0.656336, 0.100519, 0.538840, 0.078938
0.656832, 0.395614, -0.268963, -0.487369
0.656877, 0.476482, -0.274700, -0.426116
0.657140, 1.000000, -0.292015, 0.000000
0.657334, 0.277941, 0.532022, 0.216180
0.657396, 0.113058, 0.539336, 0.088724
0.657410, 0.976022, -0.291745, -0.020179
0.657919, 0.535376, -0.277206, -0.380362
0.658139, 0.754707, -0.286450, -0.204381
0.658163, 0.125674, 0.539641, 0.098573
0.658196, 0.033908, 0.541269, 0.026645
0.658280, 0.909669, -0.290361, -0.075919
0.658285, 0.698997, -0.284334, -0.249804
0.658426, 0.897005, -0.289938, -0.086496
0.658529, 0.010968, 0.541633, 0.008618
0.658653, 0.868443, -0.289151, -0.110343
0.658693, 0.441381, -0.271110, -0.453195
0.659055, 0.324292, 0.515760, 0.237240
0.659288, 0.576013, -0.278136, -0.348362
0.659339, 0.833913, -0.287828, -0.139097
0.659356, 0.610051, -0.279680, -0.321324
0.659397, 0.227010, 0.536608, 0.177130
0.659490, 0.640901, -0.280981, -0.296707
0.659627, 0.555424, -0.276865, -0.364659
0.659798, 0.922855, -0.289330, -0.064887
0.659957, 0.732060, -0.284171, -0.222940
0.660006, 0.384011, -0.265758, -0.496369
0.660380, 0.500331, -0.273353, -0.407853
0.660390, 0.883030, -0.287955, -0.098174
0.660857, 0.782053, -0.285053, -0.181962
0.660903, 0.338535, 0.154284, -0.110964
0.661023, 0.183090, 0.539744, 0.143125
0.661026, 0.313283, 0.532141, 0.242802
0.661259, 0.265583, 0.535906, 0.206577
0.661686, 0.936445, -0.287928, -0.053491
0.661948, 0.291952, 0.534563, 0.226478
0.662173, 0.846616, -0.285923, -0.128648
0.662315, 0.195228, 0.540249, 0.152472
0.662331, 0.677900, -0.280185, -0.266990
0.662333, 0.453152, -0.269049, -0.444431
0.662732, 0.372635, -0.261383, -0.503599
0.662795, 0.171237, 0.541716, 0.133903
0.662967, 0.055475, 0.544634, 0.043522
0.663116, 0.523611, -0.272475, -0.389848
0.663233, 0.800412, -0.283729, -0.166926
0.663266, 0.158101, 0.542542, 0.123686
0.663350, 0.988152, -0.286984, -0.009985
0.663402, 0.253398, 0.538306, 0.197172
0.663438, 0.621421, -0.276934, -0.312446
0.663481, 0.418006, -0.265886, -0.471310
0.663666, 0.069685, 0.544953, 0.054649
0.663682, 0.710332, -0.280388, -0.240790
0.663798, 0.659518, -0.278200, -0.281818
0.663960, 0.949634, -0.286184, -0.042418
0.663985, 0.240109, 0.539424, 0.186954
0.664095, 0.487987, -0.269766, -0.417693
0.664240, 0.963832, -0.286129, -0.030474
0.664433, 0.587708, -0.274587, -0.339331
0.664537, 0.811822, -0.283040, -0.157552
0.664731, 0.361009, -0.256095, -0.509333
0.664776, 0.021787, 0.546381, 0.017090
0.665220, 0.744389, -0.280347, -0.213057
0.665266, 0.764061, -0.280948, -0.196922
0.665341, 0.000000, 0.546858, 0.000000
0.665458, 0.146065, 0.544653, 0.114264
0.665514, 0.465512, -0.267325, -0.435115
0.665545, 0.403772, -0.263303, -0.482243
0.665705, 0.545090, -0.271551, -0.373144
0.665864, 0.649433, -0.276097, -0.289998
0.666077, 0.081621, 0.546699, 0.063960
0.666163, 0.206713, 0.542761, 0.161190
0.666165, 0.565524, -0.272172, -0.357019
0.666262, 0.043314, 0.547355, 0.033960
0.666587, 0.348599, -0.202547, -0.467053
0.666706, 0.094613, 0.546909, 0.074104
0.666812, 0.430365, -0.264168, -0.462198
0.666841, 0.689247, -0.277028, -0.258024
0.667007, 0.859844, -0.282293, -0.117737
0.667102, 0.721631, -0.278054, -0.231738
0.667549, 0.511438, -0.268330, -0.399603
0.667610, 0.282328, 0.539515, 0.218859
0.667907, 0.133081, 0.546925, 0.104087
0.667983, 0.632585, -0.273770, -0.303710
0.667995, 0.599858, -0.272309, -0.329846
0.668018, 0.823738, -0.280548, -0.147780
0.668188, 0.107257, 0.547787, 0.083947
0.668239, 0.303975, 0.531501, 0.228234
0.668728, 0.874581, -0.281030, -0.105399
0.668872, 0.119907, 0.548012, 0.093797
0.669021, 0.217780, 0.544363, 0.169560
0.669580, 0.476665, -0.264808, -0.426748
0.669611, 0.902173, -0.280988, -0.082367
0.669624, 0.889269, -0.280635, -0.093145
0.669677, 0.391789, -0.259349, -0.491618
0.669765, 0.976513, -0.281777, -0.019822
0.669793, 0.774937, -0.277571, -0.188092
0.669820, 0.330030, 0.140592, -0.138823
0.669914, 1.000000, -0.281681, 0.000000
0.669999, 0.914868, -0.280929, -0.071731
0.670050, 0.789620, -0.277796, -0.175991
0.670166, 0.668713, -0.273436, -0.274664
0.670352, 0.229782, 0.544743, 0.178697
0.670557, 0.442358, -0.262029, -0.453269
0.670797, 0.533970, -0.266954, -0.382150
0.671009, 0.700717, -0.274107, -0.248889
0.671165, 0.271810, 0.542903, 0.210682
0.671199, 0.835674, -0.278270, -0.137946
0.671267, 0.928014, -0.280101, -0.060700
0.671322, 0.031574, 0.551298, 0.024722
0.671609, 0.576830, -0.268370, -0.348327
0.671720, 0.010436, 0.551733, 0.008171
0.671837, 0.317517, 0.538574, 0.245336
0.671906, 0.611647, -0.269721, -0.320644
0.671986, 0.499334, -0.264180, -0.409275
0.672078, 0.733991, -0.274403, -0.221778
0.672299, 0.754481, -0.274960, -0.205040
0.672455, 0.188766, 0.548210, 0.147051
0.672519, 0.063821, 0.551858, 0.049937
0.673079, 0.380460, -0.255814, -0.500245
0.673438, 0.555034, -0.265894, -0.365684
0.673516, 0.410877, -0.257699, -0.477399
0.673548, 0.178039, 0.549594, 0.138752
0.673734, 0.941319, -0.278192, -0.049515
0.673833, 0.165242, 0.550305, 0.128846
0.673936, 0.260368, 0.545776, 0.201846
0.673940, 0.847226, -0.276353, -0.128408
0.673997, 0.454290, -0.260067, -0.444294
0.674208, 0.643232, -0.269169, -0.295385
0.674390, 0.293075, 0.543061, 0.225825
0.674697, 0.247786, 0.547025, 0.192204
0.674812, 0.802008, -0.274339, -0.165929
0.675062, 0.341165, -0.246695, -0.524513
0.675129, 0.368674, -0.252991, -0.508776
0.675155, 0.954512, -0.277241, -0.038413
0.675283, 0.522110, -0.262789, -0.391673
0.675467, 0.052438, 0.554282, 0.041005
0.675620, 0.152945, 0.552170, 0.119274
0.675687, 0.199372, 0.550245, 0.155090
0.675800, 0.680039, -0.269379, -0.265780
0.675927, 0.988781, -0.276760, -0.009480
0.675966, 0.355758, -0.246734, -0.513707
0.675994, 0.421572, -0.256464, -0.469378
0.675999, 0.589341, -0.265425, -0.338578
0.676060, 0.487770, -0.260342, -0.418484
0.676594, 0.623176, -0.266461, -0.311635
0.676693, 0.656957, -0.267672, -0.284385
0.676965, 0.088622, 0.554838, 0.069223
0.677172, 0.813942, -0.272832, -0.156153
0.677209, 0.075331, 0.555260, 0.058852
0.677391, 0.712382, -0.269359, -0.239628
0.677396, 0.966367, -0.275561, -0.028427
0.677525, 0.140338, 0.554045, 0.109440
0.677705, 0.465541, -0.257813, -0.435806
0.678257, 0.020121, 0.556695, 0.015725
0.678328, 0.857656, -0.272916, -0.119764
0.678464, 0.236555, 0.550583, 0.183467
0.678473, 0.869021, -0.273067, -0.110275
0.678483, 0.399349, -0.253154, -0.486520
0.678565, 0.723730, -0.268762, -0.230376
0.678657, 0.101158, 0.555926, 0.078958
0.678725, 0.765774, -0.270156, -0.196010
0.678881, 0.743755, -0.269230, -0.214036
0.678887, 0.565791, -0.262073, -0.357455
0.678968, 0.544303, -0.260993, -0.374446
0.679025, 0.000000, 0.557302, 0.000000
0.679294, 0.781043, -0.270070, -0.183379
0.679307, 0.041125, 0.557347, 0.032129
0.679310, 0.432666, -0.254614, -0.461158
0.679389, 0.127156, 0.555868, 0.099157
0.679507, 0.305326, 0.510450, 0.199742
0.679513, 0.510139, -0.258822, -0.401249
0.679620, 0.881809, -0.272428, -0.099604
0.679772, 0.210642, 0.552969, 0.163593
0.679784, 0.114190, 0.556509, 0.089073
0.679797, 0.281570, 0.548545, 0.217386
0.679891, 0.690769, -0.266503, -0.257269
0.680098, 0.601525, -0.262695, -0.329075
0.680444, 0.825946, -0.270479, -0.146268
0.680817, 0.894642, -0.271713, -0.088867
0.680864, 0.222864, 0.553098, 0.172876
0.681118, 0.907123, -0.271724, -0.078398
0.681570, 0.327497, -0.213283, -0.505801
0.681585, 0.634064, -0.262893, -0.303108
0.681588, 0.919684, -0.271563, -0.067841
0.681810, 0.669767, -0.264133, -0.274343
0.682129, 0.476405, -0.254948, -0.427626
0.682682, 0.978619, -0.271235, -0.018090
0.682784, 0.444003, -0.252612, -0.452706
0.682836, 0.932557, -0.270750, -0.057013
0.683048, 0.702173, -0.264338, -0.248095
0.683073, 1.000000, -0.270951, 0.000000
0.683146, 0.578653, -0.259234, -0.347415
0.683198, 0.532497, -0.257044, -0.383930
0.683202, 0.792779, -0.267290, -0.173836
0.683346, 0.388225, -0.248695, -0.495290
0.683444, 0.315623, 0.224342, -0.077848
0.683622, 0.837876, -0.268172, -0.136409
0.683779, 0.173866, 0.557431, 0.135111
0.683932, 0.063620, 0.560682, 0.049629
0.683942, 0.269290, 0.552501, 0.207910
0.684159, 0.498408, -0.254519, -0.410606
0.684335, 0.188235, 0.557446, 0.146187
0.684442, 0.029783, 0.561289, 0.023235
0.684460, 0.613587, -0.259728, -0.319653
0.684935, 0.409896, -0.248856, -0.478889
0.685266, 0.256092, 0.554309, 0.197756
0.685267, 0.754115, -0.264406, -0.205771
0.685346, 0.646794, -0.260373, -0.293024
0.685501, 0.350767, -0.243581, -0.522577
0.685635, 0.160817, 0.559468, 0.125005
0.685641, 0.338490, -0.237417, -0.526162
0.685698, 0.732822, -0.263276, -0.223189
0.685775, 0.009717, 0.562496, 0.007578
0.685796, 0.377030, -0.246039, -0.503860
0.685855, 0.945826, -0.268394, -0.045834
0.685894, 0.294660, 0.544931, 0.220060
0.686139, 0.364186, -0.244612, -0.513221
0.686403, 0.455160, -0.250442, -0.444339
0.687066, 0.554793, -0.255080, -0.366610
0.687132, 0.804855, -0.264436, -0.163952
0.687246, 0.849296, -0.265488, -0.126966
0.687342, 0.083546, 0.562859, 0.065075
0.687465, 0.520325, -0.253047, -0.393681
0.687485, 0.148055, 0.561359, 0.115094
0.687600, 0.243746, 0.557020, 0.188423
0.687652, 0.773693, -0.263031, -0.189694
0.687665, 0.051539, 0.563635, 0.040166
0.687675, 0.421578, -0.247446, -0.470116
0.687692, 0.200529, 0.559212, 0.155422
0.687762, 0.591010, -0.256079, -0.337786
0.688106, 0.487014, -0.250803, -0.419674
0.688129, 0.957351, -0.266666, -0.036112
0.688526, 0.659131, -0.258295, -0.283209
0.689089, 0.134943, 0.562994, 0.104905
0.689372, 0.989991, -0.265754, -0.008480
0.689412, 0.682258, -0.258442, -0.264509
0.689422, 0.095058, 0.564275, 0.073982
0.689675, 0.230029, 0.559356, 0.177875
0.689703, 0.862030, -0.263752, -0.116363
0.689730, 0.720048, -0.259553, -0.233772
0.689832, 0.816928, -0.262605, -0.154027
0.690054, 0.107784, 0.564454, 0.083842
0.690133, 0.625301, -0.255643, -0.310500
0.690141, 0.969056, -0.265147, -0.026222
0.690165, 0.568190, -0.253165, -0.356064
0.690305, 0.874475, -0.263582, -0.105969
0.690382, 0.282933, 0.554232, 0.215795
0.690420, 0.465989, -0.247902, -0.436196
0.690894, 0.121388, 0.564616, 0.094344
0.691026, 0.397929, -0.243456, -0.488472
0.691135, 0.073346, 0.565982, 0.057087
0.691317, 0.433499, -0.245349, -0.461245
0.691393, 0.215478, 0.561414, 0.166704
0.691506, 0.542671, -0.250934, -0.376334
0.691543, 0.886856, -0.262849, -0.095610
0.691690, 0.709210, -0.257505, -0.242617
0.691768, 0.508273, -0.249019, -0.403302
0.691991, 0.039818, 0.567010, 0.030997
0.692019, 0.742255, -0.258489, -0.215711
0.692139, 0.603419, -0.253101, -0.328084
0.692326, 0.019118, 0.567455, 0.014882
0.692444, 0.899254, -0.262351, -0.085202
0.692450, 0.694800, -0.256462, -0.254465
0.692627, 0.305797, 0.222902, -0.094759
0.692642, 0.763445, -0.258693, -0.198333
0.692706, 0.911558, -0.262352, -0.074844
0.692809, 0.784806, -0.259169, -0.180680
0.692953, 0.671150, -0.255144, -0.273636
0.693047, 0.829019, -0.260288, -0.144044
0.693153, 0.924042, -0.262177, -0.064318
0.693185, 0.181148, 0.564324, 0.140344
0.693228, 0.000000, 0.568286, 0.000000
0.693539, 0.319349, -0.206102, -0.516470
0.693896, 0.637241, -0.253085, -0.301061
0.694201, 0.936856, -0.261530, -0.053509
0.694551, 0.331054, -0.231319, -0.533846
0.695052, 0.476157, -0.244790, -0.428523
0.695066, 0.580344, -0.249766, -0.346614
0.695121, 0.445368, -0.243074, -0.452359
0.695301, 0.168829, 0.566409, 0.130796
0.695311, 0.530158, -0.247299, -0.386350
0.695348, 0.273512, 0.559154, 0.208866
0.696028, 0.061089, 0.569939, 0.047493
0.696052, 0.410289, -0.240313, -0.479303
0.696055, 0.262280, 0.561059, 0.200941
0.696065, 0.358160, -0.236906, -0.518699
0.696078, 0.344783, -0.235463, -0.528144
0.696172, 0.980788, -0.260176, -0.016297
0.696412, 0.372204, -0.237648, -0.508241
0.696510, 0.796085, -0.256544, -0.171498
0.696524, 0.840966, -0.257731, -0.134157
0.696691, 0.386010, -0.238373, -0.497918
0.696828, 0.496478, -0.244387, -0.412702
0.696848, 0.615715, -0.249843, -0.318475
0.696998, 0.650356, -0.251077, -0.290604
0.697029, 1.000000, -0.259476, 0.000000
0.697302, 0.028629, 0.571126, 0.022253
0.697497, 0.204395, 0.566461, 0.157922
0.697702, 0.250792, 0.564072, 0.193124
0.697707, 0.156580, 0.568793, 0.121308
0.697726, 0.292831, 0.527271, 0.193117
0.697959, 0.729408, -0.253233, -0.226457
0.698396, 0.751979, -0.253643, -0.207964
0.698426, 0.191566, 0.567878, 0.148105
0.698617, 0.559781, -0.245992, -0.363060
0.698898, 0.238203, 0.565730, 0.183516
0.699143, 0.853530, -0.255904, -0.123718
0.699198, 0.144596, 0.570314, 0.112028
0.699222, 0.457110, -0.240514, -0.443527
0.699250, 0.422768, -0.238573, -0.469952
0.699463, 0.592838, -0.246758, -0.336836
0.699571, 0.085117, 0.572238, 0.066073
0.699587, 0.949592, -0.257240, -0.042776
0.699593, 0.808288, -0.254387, -0.161472
0.699709, 0.517528, -0.243180, -0.396448
0.700215, 0.048631, 0.573211, 0.037764
0.700278, 0.774691, -0.252774, -0.189273
0.700452, 0.010841, 0.573768, 0.008421
0.700509, 0.485727, -0.240939, -0.421276
0.700514, 0.224886, 0.567703, 0.173371
0.700520, 0.132742, 0.571657, 0.102848
0.700736, 0.098204, 0.572806, 0.076175
0.700871, 0.866448, -0.254794, -0.112933
0.701010, 0.662595, -0.248278, -0.280856
0.701015, 0.960967, -0.256141, -0.033138
0.701067, 0.110503, 0.572665, 0.085663
0.701396, 0.549965, -0.243384, -0.371042
0.701543, 0.702916, -0.249341, -0.248172
0.701972, 0.688104, -0.248501, -0.260279
0.702380, 0.879101, -0.253834, -0.102336
0.702492, 0.820447, -0.252365, -0.151447
0.702530, 0.399088, -0.234693, -0.488357
0.702576, 0.121636, 0.573545, 0.094223
0.702613, 0.716942, -0.248995, -0.236798
0.702757, 0.676576, -0.247356, -0.269576
0.702782, 0.971764, -0.254718, -0.023980
0.702906, 0.071768, 0.574918, 0.055665
0.702976, 0.570332, -0.242971, -0.354897
0.703254, 0.628135, -0.245195, -0.308804
0.703297, 0.435191, -0.236133, -0.460655
0.703624, 0.891282, -0.253085, -0.092118
0.703818, 0.312719, -0.228880, -0.553484
0.703933, 0.990193, -0.253824, -0.008330
0.704021, 0.282807, 0.556436, 0.207562
0.704082, 0.504918, -0.239083, -0.406507
0.704096, 0.468468, -0.237279, -0.434970
0.704107, 0.605160, -0.243518, -0.327172
0.704192, 0.903347, -0.252839, -0.081954
0.704260, 0.915486, -0.252972, -0.071699
0.704380, 0.538665, -0.240477, -0.380084
0.704417, 0.178572, 0.572981, 0.137911
0.704521, 0.740171, -0.248265, -0.217877
0.704609, 0.300871, -0.132785, -0.465425
0.704662, 0.927592, -0.252795, -0.061458
0.704683, 0.212972, 0.571475, 0.164104
0.704936, 0.762323, -0.248645, -0.199669
0.705108, 0.641789, -0.244167, -0.297814
0.705166, 0.036508, 0.577149, 0.028315
0.705260, 0.337223, -0.228430, -0.534892
0.705425, 0.324453, -0.228016, -0.544931
0.705488, 0.939518, -0.252236, -0.051359
0.705772, 0.832616, -0.249990, -0.141379
0.705975, 0.786534, -0.248554, -0.179711
0.706164, 0.364586, -0.229731, -0.514654
0.706214, 0.350882, -0.228748, -0.524877
0.706838, 0.000000, 0.578656, 0.000000
0.706952, 0.165928, 0.575345, 0.128120
0.706996, 0.582512, -0.240254, -0.345369
0.707044, 0.270357, 0.555916, 0.193891
0.707102, 0.377919, -0.229875, -0.504692
0.707240, 0.412183, -0.231791, -0.478577
0.707382, 0.447348, -0.233605, -0.451518
0.707423, 0.022261, 0.579109, 0.017259
0.707552, 0.526755, -0.237374, -0.389564
0.707669, 0.058493, 0.578798, 0.045319
0.708576, 0.617008, -0.240381, -0.317859
0.708616, 0.199481, 0.575127, 0.153657
0.708719, 0.845178, -0.247882, -0.130944
0.708741, 0.258526, 0.571657, 0.198224
0.708897, 0.799280, -0.246553, -0.169240
0.709248, 0.246665, 0.572313, 0.188734
0.709315, 0.653934, -0.241225, -0.288189
0.709520, 0.479006, -0.233513, -0.427002
0.709813, 0.389943, -0.228540, -0.495776
0.709974, 0.153316, 0.578187, 0.118357
0.710047, 0.234020, 0.574273, 0.179753
0.710281, 0.492191, -0.233556, -0.416758
0.710502, 0.729012, -0.242987, -0.227208
0.710779, 0.857897, -0.246520, -0.120343
0.710815, 0.424938, -0.229718, -0.468975
0.711049, 0.980615, -0.247959, -0.016489
0.711055, 0.750478, -0.243261, -0.209622
0.711067, 0.695162, -0.241367, -0.254890
0.711230, 0.141536, 0.579500, 0.109272
0.711243, 0.080650, 0.581049, 0.062385
0.711269, 1.000000, -0.247866, 0.000000
0.711352, 0.594676, -0.237264, -0.335871
0.711573, 0.092499, 0.581138, 0.071528
0.711721, 0.667826, -0.239775, -0.277029
0.711757, 0.187587, 0.578055, 0.144459
0.711823, 0.772927, -0.243328, -0.191122
0.711911, 0.559567, -0.235361, -0.363865
0.711914, 0.459223, -0.230670, -0.442566
0.711926, 0.514403, -0.233287, -0.399410
0.712008, 0.811825, -0.244352, -0.158895
0.712193, 0.870719, -0.245677, -0.109611
0.712394, 0.291678, -0.002141, -0.347517
0.712442, 0.957173, -0.246735, -0.036441
0.712574, 0.046157, 0.582689, 0.035716
0.712583, 0.104778, 0.581574, 0.080965
0.712584, 0.707935, -0.240576, -0.244527
0.712864, 0.129161, 0.581142, 0.099719
0.712962, 0.221443, 0.577167, 0.170066
0.713542, 0.116251, 0.581992, 0.089770
0.713684, 0.010984, 0.583828, 0.008499
0.714076, 0.635524, -0.236627, -0.303166
0.714154, 0.547524, -0.233033, -0.373484
0.714193, 0.681140, -0.238302, -0.266386
0.714312, 0.968748, -0.245220, -0.026602
0.714348, 0.572226, -0.233932, -0.353903
0.714394, 0.946326, -0.244988, -0.045665
0.714686, 0.402479, -0.225486, -0.486464
0.714706, 0.883748, -0.243863, -0.098678
0.714806, 0.067765, 0.584012, 0.052377
0.714943, 0.305990, -0.207422, -0.546887
0.715085, 0.824197, -0.242166, -0.148666
0.715148, 0.719433, -0.238838, -0.235182
0.715369, 0.437559, -0.226830, -0.459478
0.715728, 0.908189, -0.243502, -0.078058
0.715742, 0.502632, -0.229713, -0.408830
0.715791, 0.342799, -0.220962, -0.531586
0.715811, 0.895822, -0.243211, -0.088516
0.715818, 0.920655, -0.243604, -0.067495
0.715878, 0.329979, -0.219900, -0.541050
0.716075, 0.279162, 0.404246, 0.045622
0.716091, 0.356753, -0.221645, -0.521148
0.716282, 0.032865, 0.585658, 0.025408
0.716307, 0.933217, -0.243317, -0.056832
0.716397, 0.174987, 0.582155, 0.134666
0.716464, 0.605343, -0.233562, -0.327544
0.716484, 0.317378, -0.216644, -0.548479
0.716507, 0.208546, 0.580534, 0.160136
0.716777, 0.535418, -0.230386, -0.383129
0.717202, 0.369646, -0.221610, -0.511538
0.717269, 0.761748, -0.238508, -0.200516
0.717375, 0.782275, -0.239019, -0.183526
0.717720, 0.626307, -0.233327, -0.310726
0.717731, 0.738728, -0.237438, -0.219521
0.717769, 0.470320, -0.226607, -0.434227
0.718054, 0.836770, -0.240053, -0.138232
0.718455, 0.989519, -0.242008, -0.008932
0.718611, 0.162509, 0.584220, 0.125040
0.718644, 0.645736, -0.233308, -0.295117
0.718782, 0.585564, -0.230851, -0.343371
0.718906, 0.415092, -0.222901, -0.477024
0.719076, 0.266772, 0.576536, 0.202359
0.719165, 0.792946, -0.237883, -0.174743
0.719429, 0.522800, -0.227697, -0.393167
0.719516, 0.381798, -0.220567, -0.502499
0.719760, 0.449701, -0.224014, -0.450325
0.720184, 0.056072, 0.588352, 0.043283
0.720326, 0.658543, -0.232440, -0.284869
0.720331, 0.000000, 0.588851, 0.000000
0.720337, 0.243135, 0.581426, 0.186151
0.720417, 0.615625, -0.230704, -0.319372
0.720777, 0.849506, -0.238127, -0.127621
0.720928, 0.482892, -0.224726, -0.424611
0.720934, 0.021486, 0.589295, 0.016589
0.721150, 0.254614, 0.569620, 0.183294
0.721164, 0.196056, 0.584704, 0.150449
0.721273, 0.690930, -0.232805, -0.258602
0.721440, 0.230203, 0.582780, 0.176062
0.721861, 0.804427, -0.236037, -0.165309
0.722417, 0.862097, -0.237094, -0.117089
0.722451, 0.427632, -0.220791, -0.467541
0.722588, 0.137036, 0.588193, 0.105442
0.722698, 0.149659, 0.587756, 0.115073
0.722709, 0.298241, -0.203885, -0.555891
0.722777, 0.393763, -0.218740, -0.493597
0.722835, 0.076463, 0.589906, 0.058943
0.723214, 0.493982, -0.223420, -0.416028
0.723252, 0.087523, 0.590093, 0.067448
0.723256, 0.671343, -0.230514, -0.274605
0.723316, 0.750289, -0.233217, -0.210178
0.723326, 0.874883, -0.236659, -0.106351
0.723377, 0.702473, -0.231480, -0.249264
0.723489, 0.099731, 0.589972, 0.076822
0.723860, 0.123283, 0.589528, 0.094866
0.724337, 0.043615, 0.591619, 0.033630
0.724383, 0.564666, -0.225558, -0.360344
0.724502, 0.509394, -0.223035, -0.403890
0.724559, 0.977787, -0.237075, -0.018967
0.724764, 0.816326, -0.234001, -0.155489
0.724784, 0.596561, -0.226450, -0.334843
0.724802, 0.184248, 0.587974, 0.141322
0.724908, 0.460956, -0.220519, -0.441853
0.724926, 0.217484, 0.586327, 0.166460
0.725005, 0.553854, -0.224610, -0.368949
0.725155, 0.964424, -0.236435, -0.030367
0.725161, 1.000000, -0.236630, 0.000000
0.725199, 0.727652, -0.230871, -0.228771
0.725271, 0.286946, -0.209009, -0.571457
0.725367, 0.714327, -0.230283, -0.239684
0.725422, 0.772610, -0.232105, -0.191752
0.725453, 0.348549, -0.213981, -0.527876
0.725470, 0.111567, 0.591227, 0.085860
0.725471, 0.576644, -0.225112, -0.350771
0.725520, 0.952885, -0.236025, -0.040206
0.726280, 0.940358, -0.235292, -0.050888
0.726538, 0.334860, -0.212306, -0.538304
0.726984, 0.914069, -0.234400, -0.073263
0.727012, 0.926946, -0.234539, -0.062314
0.727085, 0.542645, -0.222451, -0.377872
0.727221, 0.323041, -0.210873, -0.546996
0.727236, 0.010569, 0.594075, 0.008144
0.727239, 0.406060, -0.215949, -0.484436
0.727283, 0.901454, -0.233942, -0.083969
0.727287, 0.361207, -0.213355, -0.518479
0.727355, 0.888611, -0.233649, -0.094845
0.727564, 0.828557, -0.232043, -0.145356
0.727670, 0.440295, -0.217326, -0.457977
0.727672, 0.635415, -0.225618, -0.303817
0.727722, 0.309696, -0.209057, -0.556326
0.728084, 0.066095, 0.594143, 0.050886
0.728302, 0.682232, -0.226791, -0.265956
0.728574, 0.275174, 0.028741, -0.343022
0.728789, 0.172485, 0.591540, 0.132228
0.728835, 0.530762, -0.220520, -0.387286
0.728850, 0.205058, 0.589902, 0.156856
0.729052, 0.031975, 0.595342, 0.024623
0.729274, 0.373248, -0.212534, -0.509494
0.729332, 0.762100, -0.228632, -0.200612
0.729707, 0.609442, -0.222946, -0.324697
0.729722, 0.648772, -0.224461, -0.293148
0.729791, 0.160998, 0.592652, 0.123441
0.729859, 0.784102, -0.228828, -0.182391
0.729987, 0.474076, -0.217111, -0.431843
0.730272, 0.841032, -0.230150, -0.134982
0.730376, 0.739355, -0.227081, -0.219407
0.730501, 0.518453, -0.218633, -0.397006
0.730521, 0.622616, -0.222765, -0.314131
0.730565, 0.239147, 0.587036, 0.180412
0.730901, 0.418348, -0.213737, -0.475189
0.731253, 0.262906, 0.438339, 0.054186
0.731619, 0.990206, -0.231330, -0.008381
0.731684, 0.661371, -0.223307, -0.283018
0.731877, 0.500399, -0.216758, -0.411266
0.731899, 0.795993, -0.227556, -0.172620
0.732019, 0.385302, -0.211090, -0.500485
0.732236, 0.586517, -0.220020, -0.343133
0.732380, 0.054429, 0.597583, 0.041859
0.732754, 0.129677, 0.596040, 0.099481
0.732874, 0.450616, -0.213774, -0.450328
0.733044, 0.853518, -0.228176, -0.124562
0.733121, 0.226984, 0.591947, 0.173307
0.733544, 0.694078, -0.222888, -0.256471
0.733605, 0.250487, 0.598539, 0.199433
0.733665, 0.877928, -0.228146, -0.103961
0.733799, 0.486536, -0.214699, -0.422381
0.733902, 0.431096, -0.212010, -0.465462
0.734019, 0.092618, 0.598013, 0.071116
0.734030, 0.000000, 0.599192, 0.000000
0.734035, 0.865417, -0.227606, -0.114548
0.734081, 0.141870, 0.596655, 0.108734
0.734112, 0.192350, 0.594542, 0.147010
0.734218, 0.297220, -0.203859, -0.566525
0.734503, 0.020904, 0.599526, 0.016071
0.734554, 0.078602, 0.598810, 0.060374
0.734567, 0.808002, -0.225721, -0.162712
0.735411, 0.340727, -0.205925, -0.534414
0.735447, 0.397605, -0.209095, -0.491279
0.735578, 0.750956, -0.223149, -0.209997
0.735701, 0.572609, -0.216717, -0.354419
0.735758, 0.706501, -0.221538, -0.246461
0.736002, 0.105256, 0.599309, 0.080747
0.736048, 0.600772, -0.217484, -0.331889
0.736166, 0.969532, -0.227511, -0.026080
0.736193, 0.463261, -0.211722, -0.440596
0.736262, 0.719074, -0.221575, -0.236231
0.736285, 0.673607, -0.219957, -0.273228
0.736326, 0.152902, 0.597823, 0.117026
0.736747, 0.042788, 0.601005, 0.032865
0.736865, 0.560647, -0.215318, -0.363997
0.737052, 0.352144, -0.205323, -0.525841
0.737137, 0.981253, -0.226734, -0.016053
0.737157, 0.214696, 0.595678, 0.163802
0.737266, 0.820254, -0.223842, -0.152561
0.737302, 0.118385, 0.599860, 0.090733
0.737302, 0.946888, -0.226356, -0.045446
0.737315, 0.933888, -0.226209, -0.056545
0.737473, 0.317560, -0.202894, -0.551866
0.737543, 0.285215, -0.192550, -0.567355
0.737937, 0.958329, -0.225928, -0.035671
0.737982, 0.920778, -0.225486, -0.067730
0.738060, 0.549299, -0.213899, -0.373039
0.738128, 0.180310, 0.598145, 0.137735
0.738569, 0.774299, -0.221339, -0.190742
0.738665, 0.908610, -0.224709, -0.078090
0.738780, 0.896184, -0.224424, -0.088655
0.738786, 0.730600, -0.219881, -0.226862
0.739176, 0.536879, -0.212489, -0.382893
0.739211, 0.363663, -0.204334, -0.517295
0.739225, 0.510614, -0.211351, -0.403578
0.739320, 0.640964, -0.216383, -0.299829
0.739497, 1.000000, -0.224824, 0.000000
0.739660, 0.328959, -0.201982, -0.543515
0.739778, 0.066308, 0.602973, 0.050860
0.739826, 0.628604, -0.215470, -0.309730
0.739848, 0.410564, -0.206341, -0.481585
0.739883, 0.832737, -0.222026, -0.142187
0.740294, 0.762798, -0.219593, -0.200332
0.740408, 0.524196, -0.210970, -0.392935
0.740523, 0.272877, -0.212617, -0.598721
0.740716, 0.202209, 0.598798, 0.154056
0.740870, 0.306725, -0.199739, -0.560291
0.741017, 0.010314, 0.604464, 0.007913
0.741131, 0.166871, 0.601025, 0.127447
0.741157, 0.614385, -0.213880, -0.321224
0.741278, 0.375181, -0.203386, -0.508705
0.741487, 0.238205, 0.584719, 0.168995
0.741625, 0.684539, -0.215976, -0.264548
0.741714, 0.885205, -0.221653, -0.097960
0.741785, 0.652723, -0.214766, -0.290389
0.741837, 0.439687, -0.206167, -0.459138
0.741879, 0.787017, -0.219082, -0.180375
0.742069, 0.031365, 0.605166, 0.024054
0.742158, 0.424390, -0.205196, -0.471003
0.742372, 0.591555, -0.211999, -0.339477
0.742444, 0.475659, -0.207347, -0.431247
0.742519, 0.845437, -0.220191, -0.131600
0.742558, 0.497718, -0.208178, -0.413914
0.743130, 0.260329, 0.049378, -0.345845
0.743402, 0.664757, -0.213831, -0.280657
0.743532, 0.131676, 0.604145, 0.100661
0.743676, 0.742376, -0.216191, -0.217293
0.743949, 0.086486, 0.605651, 0.066208
0.744036, 0.386785, -0.201876, -0.500037
0.744170, 0.451879, -0.204934, -0.449893
0.744335, 0.054198, 0.606586, 0.041520
0.744388, 0.799293, -0.217403, -0.170264
0.744412, 0.580171, -0.209989, -0.348760
0.744436, 0.225861, 0.601130, 0.172677
0.744474, 0.871595, -0.219115, -0.109551
0.745219, 0.697838, -0.213473, -0.253831
0.745657, 0.858404, -0.217957, -0.120777
0.745984, 0.487457, -0.205015, -0.422105
0.746216, 0.340339, -0.197653, -0.535353
0.746407, 0.098000, 0.607270, 0.074938
0.746574, 0.989545, -0.219032, -0.008972
0.746660, 0.248636, 0.408998, 0.001322
0.746726, 0.295107, -0.194084, -0.568748
0.746777, 0.143930, 0.606105, 0.109842
0.746983, 0.811544, -0.215612, -0.160122
0.747080, 0.398233, -0.200089, -0.491426
0.747225, 0.189640, 0.604346, 0.144329
0.747246, 0.464176, -0.203016, -0.440370
0.747405, 0.155692, 0.606013, 0.118704
0.747410, 0.975181, -0.218262, -0.021301
0.747621, 0.710709, -0.211963, -0.243443
0.747670, 0.567965, -0.206900, -0.358623
0.747737, 0.110769, 0.607912, 0.084628
0.747745, 0.603234, -0.208086, -0.330354
0.747788, 0.941014, -0.217692, -0.050588
0.747862, 0.000000, 0.609615, 0.000000
0.748003, 0.075966, 0.608977, 0.058101
0.748168, 0.020519, 0.609808, 0.015705
0.748230, 0.352514, -0.196773, -0.526213
0.748346, 0.927558, -0.217075, -0.062102
0.748559, 0.753910, -0.212504, -0.207917
0.748656, 0.721905, -0.211475, -0.234310
0.748988, 0.213491, 0.605088, 0.162879
0.749041, 0.042345, 0.610233, 0.032394
0.749217, 0.318127, -0.194077, -0.552211
0.749487, 0.543384, -0.204474, -0.378180
0.749552, 0.823858, -0.213825, -0.149890
0.749557, 0.283019, -0.192620, -0.579250
0.749781, 0.556157, -0.204760, -0.368118
0.749808, 0.175956, 0.606973, 0.133903
0.749991, 0.963873, -0.216057, -0.031016
0.750067, 0.903420, -0.215263, -0.082716
0.750167, 0.674586, -0.208593, -0.272867
0.750255, 0.636573, -0.207220, -0.303631
0.750256, 0.622986, -0.206798, -0.314662
0.750260, 0.915829, -0.215266, -0.072129
0.750325, 0.952857, -0.215681, -0.040463
0.750355, 0.122482, 0.609439, 0.093443
0.750575, 0.530422, -0.203085, -0.388463
0.750592, 0.517478, -0.202571, -0.398705
0.750882, 0.364808, -0.195405, -0.517076
0.750989, 0.766832, -0.210891, -0.197313
0.751049, 0.408686, -0.197466, -0.483489
0.751094, 0.506038, -0.201714, -0.407745
0.751264, 0.778877, -0.211119, -0.187424
0.751698, 0.419748, -0.197465, -0.474948
0.751797, 0.201797, 0.606969, 0.153138
0.751823, 0.734297, -0.209246, -0.224217
0.752053, 0.432660, -0.197827, -0.465112
0.752059, 0.836103, -0.212084, -0.139689
0.752238, 0.270176, -0.181996, -0.580880
0.752327, 0.892208, -0.213080, -0.092249
0.752425, 0.064529, 0.612505, 0.049294
0.752736, 0.647544, -0.205570, -0.294857
0.752740, 0.329263, -0.192060, -0.544131
0.752838, 0.306532, -0.190581, -0.561053
0.752895, 0.688573, -0.206870, -0.261645
0.753209, 0.376875, -0.194238, -0.508035
0.753219, 0.235940, 0.589723, 0.164297
0.753275, 0.660135, -0.205570, -0.284710
0.753463, 0.590982, -0.202992, -0.340356
0.753520, 0.880455, -0.211859, -0.102251
0.753625, 1.000000, -0.213310, 0.000000
0.754374, 0.791085, -0.208912, -0.177377
0.754515, 0.848219, -0.210367, -0.129563
0.754735, 0.444592, -0.196265, -0.456023
0.754742, 0.163504, 0.611241, 0.124304
0.754971, 0.010218, 0.614961, 0.007804
0.755001, 0.481473, -0.197602, -0.427206
0.755040, 0.611963, -0.202497, -0.323664
0.755203, 0.030957, 0.615018, 0.023638
0.755450, 0.135826, 0.612903, 0.103395
0.755745, 0.258376, -0.199530, -0.609805
0.755759, 0.868117, -0.209764, -0.112764
0.755890, 0.223561, 0.618870, 0.179761
0.755931, 0.087822, 0.614638, 0.066964
0.755982, 0.470886, -0.196345, -0.435440
0.756001, 0.456172, -0.195757, -0.447046
0.756218, 0.578961, -0.200343, -0.350092
0.756243, 0.495786, -0.197156, -0.415943
0.756299, 0.981479, -0.210946, -0.015928
0.756358, 0.388969, -0.192394, -0.498944
0.756772, 0.702499, -0.204119, -0.250389
0.756811, 0.052974, 0.615950, 0.040416
0.756924, 0.803242, -0.207170, -0.167336
0.757250, 0.341959, -0.189297, -0.534764
0.757338, 0.745743, -0.205026, -0.214938
0.757391, 0.102084, 0.615309, 0.077758
0.757641, 0.934558, -0.209457, -0.056228
0.758757, 0.293497, -0.185455, -0.571273
0.758976, 0.246370, -0.069705, -0.489258
0.758992, 0.184148, 0.613299, 0.139674
0.759036, 0.149757, 0.615020, 0.113772
0.759337, 0.858754, -0.206573, -0.120755
0.759392, 0.815490, -0.205470, -0.157171
0.759526, 0.567584, -0.197240, -0.359258
0.759568, 0.354699, -0.188184, -0.525226
0.759610, 0.631240, -0.199408, -0.308271
0.759921, 0.725464, -0.202250, -0.231682
0.760172, 0.400507, -0.189966, -0.490263
0.760262, 0.075488, 0.618143, 0.057495
0.760324, 0.195725, 0.614078, 0.148619
0.760536, 0.600606, -0.197612, -0.332946
0.760561, 0.547419, -0.195707, -0.375407
0.760606, 0.946403, -0.207164, -0.046106
0.760675, 0.535288, -0.195170, -0.385043
0.760692, 0.969882, -0.207288, -0.025931
0.760725, 0.757918, -0.202623, -0.205017
0.760812, 0.279959, -0.182613, -0.580946
0.760827, 0.113767, 0.617560, 0.086518
0.760856, 0.679724, -0.200033, -0.269102
0.761130, 0.714153, -0.200979, -0.241093
0.761208, 0.909785, -0.206191, -0.077491
0.761379, 0.522065, -0.194135, -0.395593
0.761425, 0.210305, 0.612574, 0.158120
0.761541, 0.991018, -0.206682, -0.007735
0.761556, 0.041508, 0.619578, 0.031620
0.761632, 0.923135, -0.206027, -0.066075
0.761678, 0.318357, -0.184621, -0.552787
0.761727, 0.000000, 0.620082, 0.000000
0.761926, 0.667405, -0.198755, -0.279151
0.761977, 0.020529, 0.620159, 0.015640
0.761997, 0.827766, -0.203634, -0.146944
0.762103, 0.771230, -0.201886, -0.194046
0.762313, 0.125580, 0.618181, 0.095391
0.762434, 0.509469, -0.192765, -0.405481
0.762574, 0.171927, 0.616598, 0.130271
0.762608, 0.413012, -0.188625, -0.480723
0.762670, 0.557670, -0.194338, -0.367262
0.762749, 0.367476, -0.186380, -0.515688
0.762762, 0.425488, -0.189064, -0.471101
0.763199, 0.898442, -0.204256, -0.087174
0.763432, 0.305364, -0.182562, -0.562628
0.763623, 0.619979, -0.195759, -0.317492
0.763926, 0.693576, -0.197911, -0.257857
0.763937, 0.958250, -0.204605, -0.035972
0.764155, 0.654192, -0.196477, -0.289913
0.764229, 0.783157, -0.200524, -0.184251
0.764397, 0.642081, -0.195809, -0.299608
0.764503, 0.840064, -0.201876, -0.136672
0.764564, 0.486689, -0.190171, -0.423463
0.764568, 0.437966, -0.188205, -0.461575
0.764638, 0.331457, -0.183107, -0.543209
0.764667, 0.463158, -0.189141, -0.441871
0.764847, 0.268421, -0.180053, -0.590820
0.764857, 0.063605, 0.621808, 0.048382
0.764970, 0.886501, -0.202509, -0.097353
0.765155, 0.379788, -0.185116, -0.506423
0.765199, 0.736989, -0.198261, -0.222384
0.765292, 0.588274, -0.193321, -0.342998
0.765364, 0.874899, -0.201921, -0.107208
0.765456, 0.233955, 0.230214, -0.203492
0.765947, 0.094763, 0.621944, 0.071991
0.766363, 0.221919, 0.590726, 0.143358
0.766519, 0.139279, 0.620965, 0.105588
0.767048, 0.795179, -0.198549, -0.174341
0.767213, 0.159884, 0.620573, 0.121029
0.767656, 0.450815, -0.186319, -0.451764
0.768115, 0.851762, -0.199150, -0.126886
0.768153, 0.256909, -0.170917, -0.593414
0.768289, 0.344679, -0.180975, -0.533348
0.768321, 0.475502, -0.186736, -0.432380
0.768438, 0.498316, -0.187545, -0.414528
0.768470, 1.000000, -0.200949, 0.000000
0.768824, 0.030605, 0.625196, 0.023259
0.768859, 0.609389, -0.191134, -0.326190
0.768875, 0.935309, -0.200179, -0.055729
0.768879, 0.576360, -0.189996, -0.352645
0.768943, 0.010859, 0.625450, 0.008255
0.769033, 0.392004, -0.182661, -0.497227
0.769039, 0.979966, -0.200463, -0.017289
0.769246, 0.083772, 0.624663, 0.063592
0.769336, 0.052113, 0.625308, 0.039588
0.769439, 0.807318, -0.196927, -0.164292
0.769695, 0.287268, -0.176736, -0.576415
0.770256, 0.704390, -0.193063, -0.249265
0.770483, 0.749060, -0.194342, -0.212693
0.770615, 0.202147, 0.622504, 0.154319
0.770676, 0.245852, -0.151211, -0.584012
0.770788, 0.357784, -0.179692, -0.523494
0.770853, 0.865176, -0.197101, -0.115546
0.770992, 0.105703, 0.625398, 0.080125
0.771162, 0.725631, -0.192958, -0.231877
0.771257, 0.914808, -0.197919, -0.073353
0.771261, 0.685162, -0.191595, -0.264938
0.771316, 0.630039, -0.189807, -0.309650
0.771329, 0.529842, -0.186375, -0.389718
0.771417, 0.542753, -0.186745, -0.379445
0.771477, 0.179614, 0.622790, 0.135664
0.771587, 0.763238, -0.193797, -0.200949
0.771633, 0.190073, 0.623793, 0.144902
0.771852, 0.819437, -0.195262, -0.154216
0.772106, 0.404493, -0.180813, -0.487751
0.772512, 0.297708, -0.175218, -0.568788
0.772638, 0.673301, -0.190115, -0.274670
0.772866, 0.947349, -0.197146, -0.045452
0.773036, 0.128853, 0.626061, 0.097492
0.773075, 0.597793, -0.187318, -0.335653
0.773123, 0.149378, 0.625396, 0.112902
0.773342, 0.565250, -0.185965, -0.361608
0.773395, 0.311266, -0.175307, -0.558738
0.773531, 0.072312, 0.628118, 0.054828
0.773571, 0.968515, -0.196765, -0.027211
0.773646, 0.518280, -0.184082, -0.398921
0.773682, 0.416668, -0.180101, -0.478424
0.773939, 0.116966, 0.627042, 0.088508
0.773959, 0.040636, 0.628857, 0.030823
0.773976, 0.323432, -0.175528, -0.549709
0.774114, 0.661470, -0.188537, -0.284338
0.774255, 0.428945, -0.180159, -0.468922
0.774283, 0.553808, -0.184787, -0.370701
0.774385, 0.276604, -0.172716, -0.584802
0.774397, 0.831910, -0.193469, -0.143797
0.774492, 0.775205, -0.191761, -0.191137
0.774535, 0.714793, -0.189896, -0.240945
0.774731, 0.371047, -0.177264, -0.513554
0.774778, 0.903417, -0.194739, -0.083137
0.774833, 0.214066, 0.608479, 0.148756
0.775180, 0.000000, 0.630138, 0.000000
0.775230, 0.507975, -0.182458, -0.407168
0.775230, 0.463961, -0.180795, -0.441715
0.775488, 0.925003, -0.194594, -0.064683
0.775554, 0.892133, -0.193933, -0.092816
0.775731, 0.989962, -0.195022, -0.008681
0.775994, 0.169133, 0.626565, 0.127506
0.776037, 0.487603, -0.181045, -0.423200
0.776280, 0.649686, -0.186351, -0.293902
0.776298, 0.022051, 0.630895, 0.016717
0.776453, 0.441420, -0.178945, -0.459367
0.776779, 0.619354, -0.184983, -0.318423
0.776841, 0.335685, -0.173949, -0.540597
0.776923, 0.878609, -0.192468, -0.104340
0.777158, 0.787241, -0.189911, -0.181221
0.777179, 0.383103, -0.175911, -0.504456
0.777319, 0.738317, -0.188283, -0.221672
0.777363, 0.639506, -0.185166, -0.302215
0.777483, 0.843871, -0.191207, -0.133798
0.777505, 0.585547, -0.183313, -0.345630
0.777628, 0.237521, -0.157596, -0.602290
0.777668, 0.225873, 0.027513, -0.423062
0.777761, 0.695023, -0.186524, -0.257074
0.777776, 0.264579, -0.168862, -0.593271
0.778097, 0.094261, 0.631081, 0.071308
0.778119, 0.060807, 0.631766, 0.046043
0.778321, 0.957958, -0.192841, -0.036380
0.779557, 0.348554, -0.172474, -0.530945
0.779658, 0.799395, -0.188208, -0.171189
0.779689, 0.856374, -0.189699, -0.123297
0.779996, 0.139059, 0.630921, 0.104899
0.780123, 0.756073, -0.186467, -0.207088
0.780158, 0.453351, -0.176485, -0.450241
0.780552, 0.476455, -0.177051, -0.432192
0.781134, 0.396162, -0.173375, -0.494540
0.781150, 0.936136, -0.190099, -0.055204
0.781220, 0.252233, -0.165258, -0.602079
0.781281, 0.158269, 0.631036, 0.119193
0.781403, 0.536453, -0.178472, -0.384818
0.781684, 0.607859, -0.180616, -0.327848
0.781730, 0.361820, -0.171401, -0.520912
0.781840, 0.082153, 0.634050, 0.062082
0.781961, 0.573442, -0.179282, -0.355446
0.782039, 0.498967, -0.176685, -0.414557
0.782100, 0.811239, -0.186525, -0.161371
0.782141, 0.011017, 0.635296, 0.008335
0.782183, 0.048477, 0.634989, 0.036663
0.782244, 0.979087, -0.189628, -0.018117
0.782287, 0.205682, 0.636697, 0.163840
0.782337, 0.287700, -0.167282, -0.576966
0.782390, 0.681871, -0.182331, -0.267984
0.782399, 0.193855, 0.636932, 0.152740
0.782609, 1.000000, -0.189364, 0.000000
0.782697, 0.727431, -0.183443, -0.230716
0.782871, 0.302176, -0.167637, -0.566154
0.783283, 0.912709, -0.187898, -0.075360
0.783545, 0.033940, 0.636264, 0.025664
0.783670, 0.181170, 0.632006, 0.136442
0.783764, 0.868437, -0.186597, -0.113165
0.783773, 0.105245, 0.634790, 0.079400
0.783938, 0.823821, -0.185348, -0.150876
0.784008, 0.524974, -0.176025, -0.394119
0.784341, 0.668778, -0.180359, -0.278748
0.784484, 0.629961, -0.179010, -0.310122
0.784540, 0.407470, -0.171197, -0.486042
0.784564, 0.547999, -0.176296, -0.375733
0.784604, 0.315801, -0.167008, -0.555995
0.784605, 0.419602, -0.171611, -0.476573
0.784667, 0.127416, 0.634735, 0.095999
0.784753, 0.704898, -0.181116, -0.249315
0.784919, 0.767480, -0.182832, -0.197800
0.785050, 0.596155, -0.177495, -0.337355
0.785735, 0.431967, -0.171204, -0.467010
0.785746, 0.887989, -0.185369, -0.096559
0.785862, 0.746866, -0.181457, -0.214887
0.785902, 0.116453, 0.635954, 0.087741
0.785972, 0.946951, -0.186300, -0.045952
0.786067, 0.716548, -0.180345, -0.239772
0.786205, 0.560686, -0.175417, -0.365761
0.786331, 0.274558, -0.163492, -0.586870
0.786461, 0.655759, -0.178229, -0.289404
0.786552, 0.070625, 0.637859, 0.053302
0.786726, 0.327576, -0.165966, -0.547251
0.786808, 0.465765, -0.171650, -0.440760
0.786900, 0.512125, -0.173232, -0.404335
0.786970, 0.778906, -0.181507, -0.188431
0.787171, 0.836433, -0.182959, -0.140323
0.787173, 0.968443, -0.185533, -0.027372
0.787261, 0.375206, -0.167694, -0.510917
0.787574, 0.147601, 0.636161, 0.110969
0.787709, 0.241943, -0.158248, -0.608443
0.787862, 0.923918, -0.184347, -0.065828
0.787991, 0.900402, -0.183759, -0.085995
0.788113, 0.488401, -0.171431, -0.423070
0.788267, 0.217013, -0.012767, -0.478587
0.788326, 0.387634, -0.167385, -0.501409
0.788403, 0.168942, 0.635479, 0.126611
0.788485, 0.000000, 0.640025, 0.000000
0.788837, 0.229672, -0.144851, -0.605102
0.788899, 0.339706, -0.164862, -0.538153
0.788920, 0.443467, -0.169132, -0.458223
0.789085, 0.022360, 0.640399, 0.016873
0.789182, 0.618344, -0.174825, -0.319681
0.789437, 0.642636, -0.175334, -0.300043
0.789481, 0.583973, -0.173495, -0.347259
0.789482, 0.691973, -0.176780, -0.259963
0.789543, 0.989479, -0.183653, -0.009135
0.789771, 0.791774, -0.179542, -0.177799
0.789939, 0.261892, -0.160041, -0.596397
0.790010, 0.848403, -0.180917, -0.130303
0.790116, 0.092065, 0.640010, 0.069340
0.790443, 0.058074, 0.641005, 0.043781
0.790652, 0.352465, -0.164073, -0.528480
0.791220, 0.736598, -0.176706, -0.223509
0.791342, 0.877791, -0.180490, -0.105376
0.791789, 0.957606, -0.181661, -0.036813
0.792167, 0.859251, -0.179364, -0.121154
0.792248, 0.294837, -0.160126, -0.572120
0.792479, 0.455102, -0.166739, -0.449293
0.792514, 0.364821, -0.163146, -0.519055
0.792668, 0.536859, -0.169390, -0.384899
0.792784, 0.803153, -0.177389, -0.168423
0.792811, 0.203617, 0.403857, -0.075941
0.792873, 0.758027, -0.175968, -0.205893
0.792920, 0.044666, 0.642986, 0.033650
0.792964, 0.477852, -0.167174, -0.431524
0.793193, 0.678399, -0.173319, -0.271152
0.793392, 0.934888, -0.179938, -0.056463
0.793507, 0.136326, 0.640972, 0.102325
0.793620, 0.308573, -0.159744, -0.561807
0.793758, 0.190769, 0.657729, 0.163098
0.793865, 0.500927, -0.167247, -0.413408
0.793873, 0.571568, -0.169563, -0.357396
0.793923, 0.815921, -0.176807, -0.157778
0.794342, 0.606494, -0.170221, -0.329342
0.794639, 0.156924, 0.640819, 0.117539
0.794803, 0.081088, 0.643686, 0.060987
0.794875, 0.522565, -0.167182, -0.396414
0.794883, 0.398253, -0.162676, -0.493491
0.795020, 0.250563, -0.155423, -0.604825
0.795022, 0.282668, -0.157399, -0.581363
0.795167, 0.010971, 0.644949, 0.008260
0.795176, 0.911992, -0.178067, -0.076224
0.795621, 0.422864, -0.163051, -0.474499
0.795653, 0.665124, -0.170926, -0.282068
0.795753, 0.725375, -0.172580, -0.232827
0.795758, 0.101362, 0.643868, 0.076146
0.795790, 0.828951, -0.175597, -0.146876
0.795803, 0.550132, -0.167317, -0.374549
0.795926, 0.411088, -0.162391, -0.483735
0.795946, 0.629998, -0.169622, -0.310481
0.796086, 0.978835, -0.178189, -0.018406
0.796439, 0.178901, 0.638716, 0.131678
0.796467, 1.000000, -0.177939, 0.000000
0.796610, 0.033085, 0.645902, 0.024895
0.796631, 0.594783, -0.167979, -0.338790
0.796784, 0.112818, 0.644246, 0.084673
0.797116, 0.712893, -0.171108, -0.243136
0.797288, 0.125046, 0.644203, 0.093779
0.797369, 0.890294, -0.175759, -0.094850
0.797465, 0.701246, -0.170485, -0.252687
0.797499, 0.320592, -0.157346, -0.552966
0.797910, 0.783081, -0.172506, -0.185270
0.798183, 0.770183, -0.171938, -0.196023
0.798217, 0.433407, -0.161357, -0.466307
0.798245, 0.652310, -0.168431, -0.292579
0.798352, 0.384237, -0.159409, -0.504462
0.798635, 0.068141, 0.646853, 0.051196
0.798663, 0.867927, -0.174119, -0.113921
0.798664, 0.945691, -0.175740, -0.047200
0.798706, 0.467244, -0.162195, -0.439986
0.798926, 0.270323, -0.153807, -0.590739
0.799268, 0.332420, -0.156527, -0.544126
0.799381, 0.237699, -0.152506, -0.615590
0.799507, 0.746664, -0.170126, -0.215480
0.799544, 0.225199, -0.156303, -0.629252
0.799574, 0.561266, -0.164598, -0.365784
0.799804, 0.842801, -0.172514, -0.135228
0.800056, 0.490098, -0.161900, -0.422121
0.800250, 0.345539, -0.156332, -0.534162
0.800297, 0.511257, -0.162428, -0.405511
0.800564, 0.923385, -0.173816, -0.066520
0.800593, 0.212972, -0.153763, -0.636011
0.800689, 0.968250, -0.174303, -0.027640
0.800737, 0.372677, -0.157044, -0.513305
0.800911, 0.167101, 0.643628, 0.123691
0.801012, 0.617424, -0.165104, -0.320802
0.801057, 0.688216, -0.167109, -0.263395
0.801152, 0.581770, -0.163945, -0.349471
0.801152, 0.144866, 0.646268, 0.108355
0.801237, 0.444653, -0.159370, -0.457674
0.801796, 0.000000, 0.649841, 0.000000
0.801860, 0.901808, -0.172350, -0.085127
0.802088, 0.055189, 0.649612, 0.041423
0.802138, 0.358512, -0.155397, -0.524287
0.802159, 0.021567, 0.650061, 0.016194
0.802370, 0.640334, -0.164672, -0.302375
0.802488, 0.531447, -0.161270, -0.389511
0.802589, 0.301563, -0.152553, -0.567484
0.803313, 0.258728, -0.149892, -0.599566
0.803330, 0.989019, -0.172242, -0.009571
0.803659, 0.794572, -0.168024, -0.175849
0.803754, 0.199693, 0.093574, -0.398019
0.803925, 0.854738, -0.169461, -0.125301
0.804043, 0.956514, -0.171430, -0.037881
0.804170, 0.091675, 0.650411, 0.068678
0.804191, 0.735358, -0.165897, -0.224927
0.804206, 0.674898, -0.164129, -0.274352
0.804223, 0.879626, -0.169823, -0.104132
0.804236, 0.807958, -0.167987, -0.164753
0.804318, 0.456328, -0.157324, -0.448670
0.804648, 0.757690, -0.166186, -0.206560
0.804788, 0.290315, -0.150365, -0.576127
0.805169, 0.479339, -0.157433, -0.430721
0.805203, 0.543062, -0.159421, -0.380349
0.805380, 0.043786, 0.652186, 0.032830
0.805459, 0.820899, -0.167298, -0.153910
0.806111, 0.405610, -0.154138, -0.488290
0.806143, 0.078387, 0.652064, 0.058698
0.806181, 0.934369, -0.169297, -0.057111
0.806196, 0.187764, 0.517025, 0.013691
0.806545, 0.419977, -0.154316, -0.477174
0.806656, 0.833896, -0.166605, -0.142967
0.806685, 0.312720, -0.149920, -0.559237
0.806717, 0.392610, -0.153181, -0.498374
0.807028, 0.605170, -0.159758, -0.330720
0.807127, 0.593005, -0.159354, -0.340560
0.807225, 0.500629, -0.156498, -0.414108
0.807277, 0.105535, 0.652258, 0.078917
0.807286, 0.661948, -0.161239, -0.285012
0.807427, 0.133074, 0.651261, 0.099354
0.807431, 0.722462, -0.162818, -0.235596
0.807434, 0.570867, -0.158467, -0.358319
0.807473, 0.155196, 0.650124, 0.115603
0.807569, 0.246464, -0.146165, -0.608956
0.807848, 0.278269, -0.147461, -0.585262
0.808106, 0.520741, -0.156409, -0.398217
0.808126, 0.119216, 0.652393, 0.089044
0.808150, 0.628298, -0.159553, -0.312239
0.808315, 0.780766, -0.163743, -0.187483
0.808331, 0.913247, -0.167149, -0.075406
0.808528, 0.010517, 0.654801, 0.007878
0.808727, 0.710045, -0.161378, -0.245797
0.809391, 0.697789, -0.160484, -0.255844
0.809432, 0.554725, -0.156375, -0.371294
0.809434, 0.176240, 0.653482, 0.135192
0.809485, 0.432854, -0.152458, -0.467332
0.809495, 0.031975, 0.655377, 0.023939
0.809952, 0.338919, -0.148551, -0.539645
0.810013, 0.891688, -0.165285, -0.093966
0.810087, 1.000000, -0.166661, 0.000000
0.810396, 0.325436, -0.147649, -0.549919
0.810472, 0.867940, -0.164362, -0.114280
0.810497, 0.468369, -0.152784, -0.439430
0.810503, 0.978237, -0.166253, -0.019010
0.810555, 0.064908, 0.655635, 0.048541
0.810591, 0.380196, -0.149660, -0.508021
0.810778, 0.650024, -0.158009, -0.294763
0.810785, 0.221532, -0.142101, -0.627019
0.810963, 0.768786, -0.161226, -0.197543
0.811082, 0.233345, -0.142592, -0.618537
0.811091, 0.366344, -0.148738, -0.518665
0.811611, 0.351967, -0.147784, -0.529737
0.811622, 0.944864, -0.164890, -0.048079
0.812340, 0.208416, -0.132592, -0.628568
0.812378, 0.266422, -0.143471, -0.594360
0.812579, 0.684535, -0.157464, -0.266742
0.812907, 0.616671, -0.155303, -0.321733
0.812939, 0.445148, -0.150125, -0.457853
0.813056, 0.745446, -0.158859, -0.216961
0.813081, 0.489922, -0.151439, -0.422705
0.813288, 0.164318, 0.640595, 0.109401
0.813425, 0.966572, -0.163637, -0.029198
0.813522, 0.582498, -0.153834, -0.349200
0.813634, 0.844061, -0.161029, -0.134567
0.814077, 0.532576, -0.151913, -0.388967
0.814101, 0.924739, -0.162532, -0.065584
0.814201, 0.300857, -0.143659, -0.568614
0.814230, 0.510389, -0.151148, -0.406610
0.814265, 0.145643, 0.655703, 0.108325
0.814808, 0.802446, -0.158966, -0.169645
0.815328, 0.054207, 0.659405, 0.040478
0.815342, 0.638281, -0.153910, -0.304387
0.815362, 0.000000, 0.659843, 0.000000
0.815486, 0.020759, 0.659861, 0.015506
0.815494, 0.903136, -0.160984, -0.084274
0.815572, 0.671587, -0.154645, -0.277404
0.815610, 0.456729, -0.148333, -0.448754
0.815762, 0.815452, -0.158485, -0.158737
0.815878, 0.732403, -0.156083, -0.227706
0.815895, 0.857189, -0.159595, -0.123601
0.815905, 0.955276, -0.161412, -0.039066
0.816000, 0.412258, -0.146554, -0.483438
0.816003, 0.196228, -0.144748, -0.651693
0.816064, 0.757091, -0.156586, -0.207312
0.816105, 0.086007, 0.659220, 0.064132
0.816262, 0.255103, -0.140000, -0.602953
0.816282, 0.829096, -0.158382, -0.147249
0.816308, 0.789824, -0.157351, -0.180214
0.816332, 0.287717, -0.141443, -0.578541
0.816386, 0.564139, -0.150944, -0.363892
0.816494, 0.098121, 0.659219, 0.073116
0.816547, 0.880871, -0.159575, -0.103386
0.816786, 0.989946, -0.161009, -0.008800
0.816985, 0.398442, -0.145314, -0.494241
0.817465, 0.042400, 0.661038, 0.031637
0.817483, 0.073607, 0.660529, 0.054879
0.817643, 0.544436, -0.149372, -0.379667
0.817814, 0.595358, -0.150670, -0.338990
0.817814, 0.314824, -0.141478, -0.558200
0.817898, 0.478628, -0.147197, -0.431670
0.818440, 0.111374, 0.660263, 0.082898
0.818596, 0.424944, -0.144935, -0.473704
0.819014, 0.184204, 0.110904, -0.404599
0.819142, 0.124193, 0.660148, 0.092275
0.819289, 0.718958, -0.152842, -0.238799
0.819510, 0.242042, -0.136896, -0.612750
0.819782, 0.659423, -0.150813, -0.287376
0.819813, 0.135179, 0.660212, 0.100401
0.820058, 0.935972, -0.157693, -0.055929
0.820187, 0.333955, -0.140420, -0.543794
0.820221, 0.606487, -0.149029, -0.330177
0.820222, 0.387323, -0.142385, -0.502968
0.820332, 0.706510, -0.151622, -0.249008
0.820387, 0.274689, -0.137786, -0.588536
0.820600, 0.777265, -0.153405, -0.190790
0.820624, 0.521559, -0.146300, -0.397939
0.820738, 0.694032, -0.150942, -0.259212
0.820831, 0.373545, -0.141412, -0.513578
0.821094, 0.359627, -0.140692, -0.524237
0.821118, 0.500065, -0.145282, -0.414974
0.821145, 0.216993, -0.134034, -0.630806
0.821149, 0.627309, -0.148789, -0.313334
0.821584, 0.574741, -0.146981, -0.355527
0.821618, 0.914983, -0.156071, -0.074170
0.821722, 0.345832, -0.139684, -0.534792
0.821846, 0.437749, -0.142772, -0.463843
0.821882, 0.171223, 0.571764, 0.042616
0.822279, 0.010454, 0.664913, 0.007788
0.822412, 0.156499, 0.668844, 0.124043
0.822487, 0.465863, -0.143106, -0.441768
0.822557, 0.030803, 0.664934, 0.022940
0.822574, 0.870706, -0.154221, -0.112182
0.822941, 0.892455, -0.154495, -0.093618
0.823365, 0.228510, -0.133279, -0.622758
0.823379, 0.647351, -0.147525, -0.297289
0.823481, 0.555001, -0.144922, -0.371432
0.824080, 0.981202, -0.154792, -0.016474
0.824182, 0.971171, -0.154631, -0.025259
0.824243, 1.000000, -0.154743, 0.000000
0.824398, 0.680948, -0.147571, -0.270020
0.824515, 0.765852, -0.149741, -0.200278
0.824918, 0.324678, -0.136416, -0.551113
0.824977, 0.305446, -0.135583, -0.565554
0.825143, 0.064017, 0.666450, 0.047600
0.825186, 0.205094, -0.131852, -0.641079
0.825386, 0.836574, -0.151008, -0.141250
0.825390, 0.451109, -0.140370, -0.453537
0.825484, 0.617253, -0.144958, -0.321589
0.825728, 0.848758, -0.151066, -0.130973
0.825740, 0.947095, -0.153025, -0.046309
0.825815, 0.533746, -0.142426, -0.388387
0.825818, 0.404428, -0.138534, -0.489842
0.825830, 0.740766, -0.148012, -0.221118
0.826007, 0.489214, -0.141002, -0.423603
0.826131, 0.586603, -0.143590, -0.346184
0.826319, 0.797622, -0.149139, -0.173960
0.826337, 0.294171, -0.134087, -0.574146
0.826377, 0.752204, -0.147849, -0.211676
0.826401, 0.264047, -0.132756, -0.596772
0.826485, 0.809888, -0.149328, -0.163695
0.826592, 0.822930, -0.149586, -0.152746
0.826595, 0.959095, -0.152442, -0.035835
0.827340, 0.728124, -0.146376, -0.231509
0.827428, 0.510721, -0.140497, -0.406751
0.827455, 0.144345, 0.666534, 0.108112
0.827509, 0.090991, 0.667420, 0.067516
0.827578, 0.860997, -0.149777, -0.120588
0.827713, 0.669634, -0.144495, -0.279269
0.827731, 0.078065, 0.668019, 0.057954
0.827735, 0.926814, -0.151136, -0.064026
0.827782, 0.251979, -0.131160, -0.605741
0.827817, 0.051689, 0.668561, 0.038398
0.828057, 0.282072, -0.132260, -0.583261
0.828072, 0.416370, -0.137142, -0.480664
0.828278, 0.104017, 0.667596, 0.077084
0.828459, 0.193330, -0.128717, -0.649423
0.828517, 0.904629, -0.150091, -0.083269
0.828968, 0.000000, 0.669835, 0.000000
0.828977, 0.635618, -0.142568, -0.306888
0.829377, 0.020827, 0.670055, 0.015469
0.829387, 0.785178, -0.146247, -0.184452
0.829428, 0.476396, -0.137869, -0.433754
0.829763, 0.040770, 0.670075, 0.030266
0.829902, 0.881615, -0.148362, -0.103065
0.829919, 0.117573, 0.668482, 0.087187
0.829929, 0.566213, -0.139946, -0.362612
0.830334, 0.598561, -0.140466, -0.336727
0.830509, 0.179862, -0.109532, -0.639857
0.830693, 0.380468, -0.133925, -0.508626
0.830711, 0.545087, -0.138763, -0.379528
0.830730, 0.428334, -0.135417, -0.471484
0.830827, 0.366524, -0.133341, -0.519331
0.830870, 0.238412, -0.128227, -0.616039
0.831154, 0.352302, -0.132597, -0.530277
0.831422, 0.393749, -0.133805, -0.498466
0.831469, 0.714099, -0.142572, -0.243157
0.831652, 0.314193, -0.130790, -0.559193
0.831734, 0.130700, 0.668191, 0.095779
0.831738, 0.989689, -0.148409, -0.009057
0.831771, 0.701723, -0.141947, -0.253205
0.831996, 0.689727, -0.141451, -0.263010
0.832104, 0.337807, -0.131333, -0.541347
0.832140, 0.216057, -0.126320, -0.632606
0.832203, 0.657252, -0.140467, -0.289476
0.832350, 0.166183, 0.337900, -0.201770
0.832726, 0.523038, -0.136533, -0.397102
0.832913, 0.463152, -0.134694, -0.444263
0.833550, 0.440299, -0.133535, -0.462245
0.833813, 0.939120, -0.146194, -0.053405
0.834019, 0.609993, -0.137736, -0.327648
0.834282, 0.774359, -0.141787, -0.193511
0.834621, 0.577863, -0.136415, -0.353435
0.834721, 0.916536, -0.145094, -0.073087
0.834820, 0.499898, -0.134213, -0.415477
0.835187, 0.272992, -0.126485, -0.590541
0.835455, 0.154248, 0.652140, 0.098214
0.835544, 0.894222, -0.143925, -0.092388
0.835635, 0.623658, -0.136741, -0.316667
0.835752, 0.965790, -0.144868, -0.030076
0.835769, 0.646487, -0.137213, -0.298240
0.835957, 0.761013, -0.140062, -0.204674
0.835994, 0.010544, 0.674956, 0.007810
0.836410, 0.870429, -0.142572, -0.112776
0.836484, 0.031390, 0.675195, 0.023243
0.836516, 0.556709, -0.134327, -0.370398
0.836599, 0.227207, -0.123452, -0.624618
0.836936, 0.830169, -0.141082, -0.146950
0.836954, 0.843070, -0.141410, -0.136056
0.837026, 0.301040, -0.126169, -0.569424
0.837027, 0.451943, -0.131086, -0.453199
0.837054, 0.325617, -0.127039, -0.550716
0.837058, 0.406264, -0.129736, -0.488901
0.837202, 0.069974, 0.675052, 0.051749
0.837437, 0.486640, -0.131726, -0.425963
0.837533, 0.817072, -0.140210, -0.157965
0.837571, 0.057608, 0.675513, 0.042612
0.837634, 0.856036, -0.141156, -0.125060
0.837647, 0.977594, -0.143332, -0.019712
0.837684, 0.287742, -0.125141, -0.579399
0.837741, 0.724879, -0.137551, -0.234381
0.837761, 0.203494, -0.121544, -0.642045
0.837985, 0.804410, -0.139455, -0.168547
0.838009, 0.792697, -0.139120, -0.178332
0.838035, 0.679156, -0.136137, -0.271747
0.838185, 0.737426, -0.137499, -0.224072
0.838218, 0.534750, -0.132380, -0.387945
0.838253, 1.000000, -0.142987, 0.000000
0.838260, 0.248270, -0.123108, -0.609018
0.838464, 0.748547, -0.137597, -0.214990
0.838537, 0.083486, 0.675739, 0.061680
0.838591, 0.952680, -0.142359, -0.041614
0.838807, 0.096134, 0.675461, 0.070971
0.838928, 0.667144, -0.135105, -0.281563
0.838989, 0.589606, -0.133137, -0.344160
0.839035, 0.188941, -0.120898, -0.653526
0.839365, 0.141982, 0.681300, 0.112446
0.839417, 0.260246, -0.122737, -0.600147
0.839589, 0.512769, -0.130703, -0.405438
0.839862, 0.108928, 0.675700, 0.080211
0.840068, 0.418770, -0.127727, -0.479278
0.840605, 0.929005, -0.140351, -0.062353
0.840845, 0.474366, -0.128638, -0.435667
0.840849, 0.359861, -0.125274, -0.524779
0.840976, 0.373386, -0.125605, -0.514352
0.841185, 0.044330, 0.678496, 0.032751
0.841275, 0.634503, -0.132376, -0.308117
0.841545, 0.346702, -0.124304, -0.534914
0.841607, 0.905956, -0.139072, -0.082400
0.841727, 0.386242, -0.125422, -0.504496
0.841800, 0.175752, -0.134746, -0.679108
0.842078, 0.121080, 0.677430, 0.089712
0.842276, 0.883990, -0.137963, -0.101320
0.842495, 0.000000, 0.679729, 0.000000
0.842800, 0.313041, -0.122151, -0.560475
0.842851, 0.692539, -0.132455, -0.260967
0.842889, 0.568862, -0.129416, -0.360838
0.843013, 0.021293, 0.680056, 0.015725
0.843019, 0.430315, -0.125715, -0.470375
0.843048, 0.704803, -0.132616, -0.250998
0.843147, 0.601407, -0.130013, -0.334804
0.843253, 0.546676, -0.128576, -0.378569
0.843731, 0.215732, -0.117601, -0.633385
0.843961, 0.237899, -0.118382, -0.617003
0.844388, 0.783061, -0.133519, -0.186567
0.844760, 0.716150, -0.131485, -0.241784
0.844813, 0.334476, -0.121345, -0.544328
0.844817, 0.163335, -0.053038, -0.606245
0.844855, 0.131315, 0.673412, 0.091923
0.844931, 0.463473, -0.125059, -0.444313
0.844990, 0.988584, -0.137350, -0.010083
0.845045, 0.397623, -0.123150, -0.495799
0.845377, 0.524456, -0.126306, -0.396328
0.845406, 0.769232, -0.132336, -0.198135
0.845421, 0.614109, -0.128447, -0.324651
0.845749, 0.441687, -0.123846, -0.461534
0.845889, 0.657294, -0.129045, -0.289648
0.846094, 0.941983, -0.135938, -0.051110
0.846458, 0.965355, -0.135853, -0.030567
0.846563, 0.279437, -0.118052, -0.586060
0.846602, 0.493448, -0.124518, -0.420859
0.846853, 0.645681, -0.127989, -0.299131
0.847375, 0.918587, -0.134439, -0.071555
0.847557, 0.268651, -0.116883, -0.594153
0.847594, 0.580591, -0.125854, -0.351605
0.847693, 0.862706, -0.132837, -0.119658
0.847843, 0.505086, -0.123813, -0.411696
0.847891, 0.196173, -0.113760, -0.647914
0.847965, 0.836418, -0.131926, -0.141979
0.848150, 0.874713, -0.132732, -0.109397
0.848240, 0.292467, -0.117249, -0.576330
0.848324, 0.849438, -0.131950, -0.130952
0.848330, 0.730492, -0.128776, -0.229975
0.848354, 0.151294, 0.302436, -0.261009
0.848372, 0.756396, -0.129506, -0.208834
0.848378, 0.823179, -0.131223, -0.153146
0.848567, 0.453271, -0.121887, -0.452471
0.848610, 0.810029, -0.130664, -0.164175
0.848751, 0.076501, 0.683252, 0.056276
0.848768, 0.559062, -0.124365, -0.368802
0.848773, 0.895117, -0.132750, -0.091920
0.848803, 0.410296, -0.120536, -0.486057
0.848901, 0.033335, 0.684212, 0.024546
0.849161, 0.302871, -0.116898, -0.568444
0.849237, 0.064167, 0.683885, 0.047206
0.849273, 0.625364, -0.125541, -0.315696
0.849341, 0.052947, 0.684188, 0.038967
0.849350, 0.796237, -0.129644, -0.175687
0.849471, 0.670674, -0.126407, -0.278936
0.849474, 0.010790, 0.684802, 0.007946
0.849486, 0.250641, -0.114723, -0.607704
0.849708, 0.322114, -0.117137, -0.553915
0.849739, 0.227523, -0.113609, -0.624944
0.850107, 0.089133, 0.683954, 0.065518
0.850114, 0.682898, -0.126188, -0.269063
0.850188, 0.101484, 0.683463, 0.074544
0.850325, 0.481736, -0.121216, -0.430179
0.850520, 0.536548, -0.122409, -0.386819
0.851289, 0.366776, -0.117309, -0.519778
0.851298, 0.743752, -0.126678, -0.219255
0.851303, 0.977242, -0.131987, -0.020141
0.851345, 0.184638, -0.111164, -0.656996
0.851605, 0.206386, -0.111323, -0.640453
0.851655, 1.000000, -0.131774, 0.000000
0.851854, 0.592330, -0.122634, -0.342314
0.851907, 0.954090, -0.131218, -0.040573
0.852216, 0.114332, 0.683314, 0.082717
0.852238, 0.354843, -0.116207, -0.528982
0.852362, 0.379437, -0.116825, -0.509972
0.852848, 0.139594, 0.594784, 0.017292
0.853041, 0.422181, -0.117498, -0.476936
0.853146, 0.931187, -0.129787, -0.060676
0.853482, 0.515519, -0.119483, -0.403535
0.853589, 0.343263, -0.114796, -0.537890
0.854014, 0.908037, -0.128584, -0.080858
0.854070, 0.172365, -0.107368, -0.664616
0.854196, 0.470342, -0.117805, -0.439211
0.854343, 0.696245, -0.122952, -0.258242
0.854460, 0.636859, -0.121486, -0.306474
0.854795, 0.777406, -0.124590, -0.191547
0.854868, 0.260789, -0.111048, -0.600452
0.855029, 0.389895, -0.115027, -0.502017
0.855082, 0.604789, -0.120258, -0.332380
0.855338, 0.548842, -0.118756, -0.377112
0.855532, 0.707884, -0.122259, -0.248824
0.855563, 0.720410, -0.122520, -0.238547
0.855698, 0.434064, -0.115693, -0.467731
0.855742, 0.043464, 0.689088, 0.031905
0.855841, 0.000000, 0.689459, 0.000000
0.855876, 0.022279, 0.689380, 0.016357
0.855959, 0.571583, -0.118761, -0.358948
0.856118, 0.239724, -0.109293, -0.616098
0.856418, 0.217692, -0.108191, -0.632365
0.856482, 0.310628, -0.111515, -0.562839
0.856492, 0.125987, 0.701851, 0.107735
0.856586, 0.884314, -0.125812, -0.101379
0.857196, 0.285181, -0.110121, -0.582099
0.857301, 0.331141, -0.111531, -0.547263
0.857621, 0.160648, -0.113931, -0.682384
0.857653, 0.402338, -0.113287, -0.492403
0.857704, 0.650067, -0.119072, -0.295820
0.857712, 0.765392, -0.121842, -0.201611
0.857954, 0.446530, -0.114196, -0.457991
0.858118, 0.498846, -0.115332, -0.416843
0.858274, 0.527072, -0.115872, -0.394530
0.858283, 0.988682, -0.126132, -0.010046
0.858326, 0.661895, -0.118847, -0.286309
0.858362, 0.616516, -0.117817, -0.323031
0.858620, 0.788311, -0.121615, -0.182554
0.858802, 0.830047, -0.122550, -0.147630
0.858805, 0.857094, -0.123224, -0.124699
0.858852, 0.459344, -0.113786, -0.447948
0.858952, 0.966094, -0.125349, -0.030055
0.859046, 0.843379, -0.122677, -0.136359
0.859049, 0.870531, -0.123333, -0.113223
0.859096, 0.943334, -0.124949, -0.050132
0.859096, 0.803487, -0.121574, -0.169876
0.859473, 0.733917, -0.119526, -0.227490
0.859722, 0.816362, -0.121411, -0.159158
0.859896, 0.069334, 0.691373, 0.050736
0.859903, 0.273542, -0.107660, -0.591030
0.859912, 0.488517, -0.113643, -0.425057
0.860047, 0.920401, -0.123698, -0.070221
0.860377, 0.195196, -0.104335, -0.649100
0.860411, 0.561517, -0.114880, -0.367072
0.860636, 0.583219, -0.115200, -0.349811
0.860832, 0.081567, 0.691867, 0.059709
0.860886, 0.897654, -0.122480, -0.089991
0.860930, 0.674527, -0.116956, -0.276106
0.861000, 0.753435, -0.118763, -0.211556
0.861184, 0.297592, -0.107468, -0.572852
0.861513, 0.148998, -0.085966, -0.664013
0.861534, 0.055853, 0.693015, 0.040877
0.861565, 0.413391, -0.110483, -0.483990
0.861591, 0.105078, 0.691236, 0.076567
0.861716, 0.686819, -0.116576, -0.266124
0.862009, 0.093748, 0.692531, 0.068697
0.862038, 0.373565, -0.109054, -0.514833
0.862487, 0.628285, -0.114653, -0.313614
0.862523, 0.011197, 0.694256, 0.008196
0.862533, 0.033068, 0.694113, 0.024201
0.862567, 0.250440, -0.104828, -0.608450
0.862726, 0.229616, -0.103927, -0.623789
0.862857, 0.508048, -0.111683, -0.409598
0.862876, 0.319811, -0.106859, -0.556083
0.862926, 0.538893, -0.112347, -0.385245
0.863046, 0.181925, -0.101859, -0.658945
0.863534, 0.362421, -0.107571, -0.523455
0.863746, 0.476815, -0.110267, -0.434341
0.864121, 0.207071, -0.102027, -0.640604
0.864139, 0.595542, -0.112585, -0.340014
0.864506, 0.136719, 0.246344, -0.340490
0.864510, 0.351543, -0.106500, -0.531815
0.864942, 0.977629, -0.120399, -0.019891
0.865125, 1.000000, -0.120326, 0.000000
0.865305, 0.955093, -0.119836, -0.039860
0.865368, 0.340256, -0.105513, -0.540501
0.865407, 0.115127, 0.688468, 0.079263
0.865658, 0.426711, -0.107556, -0.473690
0.866065, 0.932561, -0.118801, -0.059700
0.866184, 0.394576, -0.106332, -0.498675
0.866274, 0.742971, -0.114027, -0.220243
0.866302, 0.641129, -0.111752, -0.303294
0.866325, 0.724104, -0.113533, -0.235717
0.866717, 0.775823, -0.114438, -0.193126
0.866777, 0.909588, -0.117718, -0.079775
0.866831, 0.170381, -0.099078, -0.667915
0.866940, 0.712111, -0.112780, -0.245629
0.867031, 0.700051, -0.112413, -0.255433
0.867086, 0.518878, -0.108504, -0.401170
0.867190, 0.383069, -0.105231, -0.507547
0.867195, 0.440098, -0.106644, -0.463241
0.867199, 0.262868, -0.101731, -0.599267
0.867309, 0.550791, -0.109020, -0.375851
0.867680, 0.796661, -0.114114, -0.175789
0.867749, 0.607652, -0.109860, -0.330358
0.867988, 0.466413, -0.106616, -0.442636
0.868174, 0.285834, -0.101728, -0.582014
0.868184, 0.219359, -0.099448, -0.631594
0.868632, 0.044729, 0.698325, 0.032629
0.868684, 0.888548, -0.115569, -0.098004
0.868715, 0.308110, -0.101994, -0.565194
0.868951, 0.000000, 0.698915, 0.000000
0.869167, 0.022255, 0.698991, 0.016239
0.869259, 0.877534, -0.114832, -0.107506
0.869319, 0.574095, -0.107820, -0.357135
0.869400, 0.823601, -0.113348, -0.153311
0.869449, 0.850544, -0.113983, -0.130540
0.869474, 0.653797, -0.109386, -0.293126
0.869510, 0.452497, -0.105080, -0.453614
0.869639, 0.239469, -0.099088, -0.616861
0.869666, 0.864167, -0.114134, -0.118941
0.869750, 0.836816, -0.113382, -0.142177
0.870006, 0.763882, -0.111379, -0.203117
0.870051, 0.125642, 0.498550, -0.101743
0.870305, 0.328698, -0.101343, -0.549494
0.870436, 0.158543, -0.096896, -0.677443
0.870510, 0.064494, 0.699233, 0.047005
0.870664, 0.665508, -0.108653, -0.283693
0.871087, 0.619636, -0.107344, -0.320776
0.871257, 0.497247, -0.104641, -0.418339
0.871266, 0.562887, -0.106015, -0.366227
0.871297, 0.809550, -0.111382, -0.165149
0.871391, 0.530295, -0.105249, -0.392228
0.871607, 0.485193, -0.104107, -0.427907
0.871679, 0.189845, -0.095733, -0.653413
0.871810, 0.988864, -0.114574, -0.009928
0.872052, 0.404242, -0.101918, -0.491307
0.872122, 0.966631, -0.114125, -0.029712
0.872162, 0.416800, -0.102130, -0.481536
0.872220, 0.076203, 0.699669, 0.054981
0.872342, 0.944370, -0.113633, -0.049419
0.872389, 0.785643, -0.109886, -0.185148
0.872627, 0.689401, -0.107475, -0.264206
0.872637, 0.677449, -0.107239, -0.273994
0.872843, 0.274758, -0.097809, -0.590548
0.872901, 0.921817, -0.112717, -0.069226
0.872920, 0.088328, 0.701971, 0.065916
0.873146, 0.586466, -0.104968, -0.347472
0.873424, 0.101965, 0.700757, 0.074920
0.873660, 0.733004, -0.107542, -0.228559
0.874094, 0.200431, -0.094328, -0.645703
0.874149, 0.371240, -0.099445, -0.516853
0.874194, 0.297172, -0.097446, -0.573678
0.874215, 0.147034, -0.109357, -0.701255
0.874360, 0.899001, -0.110943, -0.089099
0.874569, 0.251954, -0.095768, -0.607684
0.874610, 0.632398, -0.104669, -0.310523
0.874648, 0.751720, -0.107154, -0.213240
0.875558, 0.033714, 0.703463, 0.024516
0.875565, 0.509123, -0.101427, -0.409170
0.875636, 0.011160, 0.703702, 0.008118
0.875692, 0.542073, -0.101978, -0.382949
0.876005, 0.054682, 0.703471, 0.039768
0.876022, 0.360197, -0.097691, -0.525376
0.876060, 0.318468, -0.096594, -0.557498
0.876117, 0.434441, -0.099375, -0.467850
0.876371, 0.349149, -0.097133, -0.533846
0.876648, 0.598725, -0.102326, -0.337718
0.876655, 0.179129, -0.091678, -0.661513
0.876685, 0.212764, -0.092844, -0.636751
0.876790, 0.227854, -0.093281, -0.625586
0.876961, 0.136381, -0.094647, -0.695311
0.877045, 0.338176, -0.096332, -0.542334
0.877565, 0.391348, -0.097254, -0.501508
0.877688, 0.114619, 0.629966, 0.014485
0.877700, 0.720010, -0.103869, -0.239341
0.877887, 0.460815, -0.098519, -0.447196
0.878015, 0.474483, -0.098718, -0.436537
0.878412, 0.645402, -0.101765, -0.300094
0.878611, 0.977874, -0.108660, -0.019762
0.878728, 1.000000, -0.108642, 0.000000
0.878830, 0.707761, -0.102669, -0.249405
0.878851, 0.955768, -0.108211, -0.039429
0.879116, 0.798191, -0.104397, -0.174756
0.879209, 0.933697, -0.107524, -0.058923
0.879393, 0.911006, -0.106900, -0.078792
0.879469, 0.167100, -0.089313, -0.670575
0.879683, 0.554188, -0.098944, -0.373353
0.879754, 0.264149, -0.092204, -0.598741
0.879828, 0.521134, -0.098202, -0.399736
0.879845, 0.858074, -0.105244, -0.124367
0.880021, 0.844142, -0.104759, -0.136214
0.880064, 0.819010, -0.104107, -0.157397
0.880068, 0.445958, -0.096464, -0.458953
0.880068, 0.872381, -0.105394, -0.112147
0.880100, 0.773807, -0.103040, -0.195125
0.880289, 0.424685, -0.095818, -0.475511
0.880437, 0.611043, -0.099425, -0.327865
0.880481, 0.286368, -0.092293, -0.582017
0.880731, 0.379695, -0.094470, -0.510562
0.880945, 0.830852, -0.103625, -0.147436
0.880994, 0.696889, -0.100596, -0.258250
0.881118, 0.886429, -0.104838, -0.100116
0.881180, 0.741619, -0.101392, -0.221683
0.881511, 0.240880, -0.090156, -0.616203
0.881783, 0.307988, -0.091879, -0.565652
0.881840, 0.658220, -0.099162, -0.289801
0.881854, 0.567246, -0.097402, -0.362939
0.881917, 0.761099, -0.101203, -0.205665
0.882065, 0.000000, 0.708336, 0.000000
0.882140, 0.487907, -0.095658, -0.426044
0.882158, 0.022511, 0.708310, 0.016323
0.882454, 0.044527, 0.708240, 0.032252
0.882571, 0.578635, -0.097052, -0.353926
0.882653, 0.066931, 0.708035, 0.048549
0.882671, 0.411219, -0.093649, -0.486184
0.883051, 0.623408, -0.097489, -0.317955
0.883107, 0.669843, -0.098336, -0.280427
0.883146, 0.127253, -0.083528, -0.694452
0.883610, 0.154913, -0.086785, -0.680508
0.883643, 0.683399, -0.098119, -0.269323
0.883702, 0.092039, 0.715299, 0.074331
0.883996, 0.329123, -0.090692, -0.549502
0.884066, 0.533253, -0.094974, -0.390172
0.884109, 0.499991, -0.094317, -0.416609
0.884286, 0.190437, -0.086403, -0.653488
0.884297, 0.079062, 0.706384, 0.054830
0.884317, 0.786086, -0.099746, -0.185071
0.885332, 0.809507, -0.099393, -0.165507
0.885437, 0.399946, -0.091209, -0.495025
0.885460, 0.989001, -0.102801, -0.009851
0.885655, 0.966924, -0.102466, -0.029583
0.885740, 0.104597, 0.680697, 0.050968
0.885775, 0.203682, -0.085752, -0.643920
0.885866, 0.945082, -0.101977, -0.048986
0.885869, 0.275798, -0.087863, -0.590169
0.885937, 0.923094, -0.101489, -0.068341
0.885941, 0.728765, -0.097105, -0.232363
0.886049, 0.590423, -0.094401, -0.344543
0.886304, 0.899419, -0.100704, -0.089035
0.886381, 0.217900, -0.085754, -0.633392
0.886447, 0.636487, -0.094895, -0.307416
0.886682, 0.253542, -0.086612, -0.606903
0.887145, 0.366618, -0.089125, -0.520876
0.887309, 0.297675, -0.087335, -0.573633
0.887368, 0.454755, -0.090774, -0.452154
0.887698, 0.141819, -0.082046, -0.688710
0.887926, 0.354131, -0.088215, -0.530426
0.888063, 0.342066, -0.087825, -0.539670
0.888118, 0.545592, -0.091883, -0.380408
0.888214, 0.512160, -0.091208, -0.407035
0.888426, 0.435188, -0.089528, -0.467436
0.888652, 0.011267, 0.713014, 0.008141
0.888734, 0.467115, -0.089917, -0.442494
0.888836, 0.033626, 0.712949, 0.024274
0.888870, 0.177047, -0.082554, -0.663500
0.888871, 0.319215, -0.086661, -0.557245
0.888909, 0.230721, -0.084253, -0.624003
0.889089, 0.056408, 0.712987, 0.040911
0.889175, 0.602427, -0.092033, -0.334966
0.889274, 0.750810, -0.094764, -0.214374
0.889422, 0.715620, -0.093913, -0.243230
0.889980, 0.117725, -0.029265, -0.651465
0.889996, 0.850788, -0.096343, -0.130810
0.890079, 0.864674, -0.096589, -0.118970
0.890367, 0.650077, -0.091876, -0.296506
0.890417, 0.388706, -0.087016, -0.503826
0.890514, 0.478864, -0.088713, -0.433334
0.890646, 0.420316, -0.087482, -0.479261
0.890953, 0.836870, -0.095204, -0.142637
0.891187, 0.878262, -0.095965, -0.107370
0.891223, 0.558477, -0.089563, -0.370177
0.891311, 0.798409, -0.093997, -0.174859
0.891470, 0.912058, -0.096490, -0.078124
0.891685, 0.165793, -0.080116, -0.671715
0.892026, 0.765516, -0.092688, -0.202198
0.892168, 0.822444, -0.093818, -0.154807
0.892229, 0.703611, -0.091297, -0.253050
0.892264, 0.691619, -0.091011, -0.262726
0.892299, 0.978110, -0.096805, -0.019639
0.892389, 0.524475, -0.088024, -0.397320
0.892444, 1.000000, -0.096756, 0.000000
0.892516, 0.265559, -0.082494, -0.598047
0.892577, 0.955984, -0.096329, -0.039406
0.892658, 0.934517, -0.095886, -0.058417
0.892703, 0.377518, -0.084976, -0.512548
0.893009, 0.676296, -0.090167, -0.275399
0.893051, 0.614857, -0.089033, -0.325013
0.893235, 0.287213, -0.082501, -0.581736
0.893694, 0.737732, -0.090729, -0.225179
0.893714, 0.570861, -0.087733, -0.360339
0.893741, 0.243423, -0.080960, -0.614658
0.893742, 0.776091, -0.091486, -0.193565
0.893944, 0.491374, -0.086171, -0.423554
0.894312, 0.445452, -0.085030, -0.459643
0.894506, 0.890253, -0.093388, -0.097133
0.894614, 0.626795, -0.087941, -0.315433
0.894670, 0.131051, -0.073045, -0.693022
0.894764, 0.309163, -0.081846, -0.565053
0.894965, 0.662866, -0.088291, -0.286339
0.895023, 0.408002, -0.083754, -0.488961
0.895118, 0.000000, 0.717641, 0.000000
0.895157, 0.082964, 0.706387, 0.050087
0.895167, 0.068872, 0.716809, 0.049666
0.895260, 0.022479, 0.717666, 0.016200
0.895291, 0.094755, 0.737140, 0.092428
0.895348, 0.045218, 0.717430, 0.032539
0.895407, 0.152445, -0.076856, -0.681576
0.895740, 0.582441, -0.086267, -0.351133
0.895978, 0.332244, -0.081418, -0.547379
0.896208, 0.787797, -0.089591, -0.183829
0.896230, 0.184982, -0.077358, -0.657894
0.896292, 0.196258, -0.077659, -0.649578
0.896452, 0.536964, -0.084917, -0.387447
0.896633, 0.208763, -0.077781, -0.640416
0.896860, 0.503469, -0.084020, -0.414063
0.897380, 0.108166, 0.030293, -0.603791
0.897665, 0.809410, -0.088816, -0.165865
0.897711, 0.640205, -0.085568, -0.304573
0.897781, 0.428885, -0.081938, -0.472654
0.897836, 0.221138, -0.077236, -0.631308
0.898006, 0.724354, -0.086831, -0.236265
0.898757, 0.357354, -0.079779, -0.528199
0.898838, 0.457786, -0.081621, -0.450098
0.898943, 0.594153, -0.083812, -0.341782
0.898981, 0.276917, -0.077829, -0.589661
0.899055, 0.396209, -0.080320, -0.498201
0.899157, 0.902165, -0.089593, -0.086888
0.899166, 0.924053, -0.089995, -0.067717
0.899184, 0.344825, -0.079192, -0.537904
0.899217, 0.989146, -0.090829, -0.009765
0.899235, 0.967248, -0.090663, -0.029421
0.899259, 0.255516, -0.077082, -0.605739
0.899650, 0.757635, -0.086039, -0.208864
0.899774, 0.944975, -0.089887, -0.049283
0.900011, 0.549792, -0.082212, -0.377284
0.900100, 0.298812, -0.077480, -0.573106
0.900205, 0.369211, -0.078890, -0.519167
0.900434, 0.321864, -0.077723, -0.555473
0.900561, 0.857650, -0.087364, -0.125190
0.900741, 0.515763, -0.081065, -0.404377
0.900753, 0.469785, -0.080287, -0.440701
0.900857, 0.685498, -0.083688, -0.267897
0.900946, 0.845131, -0.086746, -0.135821
0.901093, 0.233772, -0.075124, -0.622020
0.901121, 0.870761, -0.087154, -0.113978
0.901385, 0.606107, -0.081982, -0.332222
0.901406, 0.142276, -0.071763, -0.688701
0.901697, 0.011219, 0.722283, 0.008046
0.901761, 0.056976, 0.722680, 0.041811
0.901768, 0.033889, 0.722065, 0.024226
0.901797, 0.832028, -0.085755, -0.146964
0.901919, 0.711236, -0.083286, -0.247078
0.902131, 0.162539, -0.072287, -0.674477
0.902175, 0.120537, -0.063836, -0.697236
0.902318, 0.745807, -0.083564, -0.218713
0.902684, 0.482126, -0.078936, -0.431023
0.902727, 0.651874, -0.081587, -0.295285
0.903135, 0.417553, -0.077461, -0.481627
0.903298, 0.438420, -0.077686, -0.465254
0.903309, 0.562390, -0.079707, -0.367300
0.903496, 0.383663, -0.076556, -0.507963
0.903588, 0.174691, -0.071591, -0.665675
0.903783, 0.914017, -0.085766, -0.076603
0.904294, 0.672965, -0.080637, -0.278290
0.904343, 0.796580, -0.082782, -0.176648
0.904399, 0.882743, -0.084574, -0.103759
0.904736, 0.698030, -0.080638, -0.257768
0.904744, 0.528322, -0.077997, -0.394455
0.904858, 0.820175, -0.082866, -0.157003
0.905076, 0.076290, 0.708855, 0.040710
0.905222, 0.630424, -0.079152, -0.312597
0.905607, 0.098915, 0.097366, -0.549797
0.905704, 0.266634, -0.072428, -0.597558
0.905960, 0.781646, -0.081144, -0.189193
0.906012, 0.494576, -0.076439, -0.421242
0.906031, 0.618569, -0.078318, -0.322253
0.906033, 0.288615, -0.072669, -0.580968
0.906045, 0.978399, -0.084793, -0.019464
0.906051, 0.956312, -0.084575, -0.039277
0.906075, 0.768771, -0.080759, -0.199764
0.906163, 0.574492, -0.077548, -0.357691
0.906203, 0.733257, -0.080043, -0.229114
0.906284, 1.000000, -0.084655, 0.000000
0.906474, 0.245973, -0.071348, -0.613034
0.906670, 0.933616, -0.083662, -0.059453
0.907168, 0.310920, -0.072265, -0.564043
0.907525, 0.406089, -0.073764, -0.490651
0.907621, 0.199283, -0.069297, -0.647796
0.907768, 0.131825, -0.066463, -0.696027
0.907913, 0.186772, -0.068739, -0.657069
0.907931, 0.449100, -0.074147, -0.456983
0.908094, 0.211670, -0.069268, -0.638631
0.908120, 0.045381, 0.726692, 0.032665
0.908196, 0.000000, 0.726908, 0.000000
0.908225, 0.022478, 0.726884, 0.016123
0.908233, 0.894645, -0.081491, -0.093563
0.908373, 0.334663, -0.071789, -0.545820
0.908400, 0.087477, 0.545124, -0.112364
0.908501, 0.541145, -0.075116, -0.384302
0.908806, 0.586060, -0.075543, -0.348481
0.908901, 0.661951, -0.076588, -0.287261
0.909152, 0.224120, -0.068783, -0.629385
0.909330, 0.506994, -0.073934, -0.411466
0.909428, 0.153015, -0.066605, -0.681539
0.909878, 0.066168, 0.735792, 0.056172
0.909939, 0.348059, -0.070826, -0.535663
0.909969, 0.809116, -0.078208, -0.166306
0.909982, 0.110224, -0.055094, -0.701861
0.910382, 0.720467, -0.076284, -0.239680
0.910432, 0.427810, -0.071801, -0.473718
0.910444, 0.640940, -0.074949, -0.304162
0.910486, 0.360425, -0.070621, -0.526139
0.910928, 0.373180, -0.070491, -0.516232
0.911008, 0.460553, -0.071860, -0.448108
0.911278, 0.755716, -0.076093, -0.210670
0.911425, 0.394688, -0.070472, -0.499599
0.911505, 0.685174, -0.074742, -0.268394
0.911565, 0.863609, -0.077910, -0.120288
0.911655, 0.322633, -0.069005, -0.555188
0.911767, 0.597540, -0.073255, -0.339297
0.911809, 0.277923, -0.067991, -0.589187
0.912052, 0.840950, -0.077050, -0.139599
0.912132, 0.553937, -0.072323, -0.374160
0.912366, 0.473213, -0.070959, -0.438173
0.912422, 0.907146, -0.078063, -0.082758
0.912540, 0.301003, -0.067898, -0.571697
0.912634, 0.256516, -0.066899, -0.605319
0.912818, 0.852463, -0.076597, -0.129813
0.912843, 0.967672, -0.078727, -0.029164
0.913005, 0.519528, -0.071120, -0.401575
0.913113, 0.989309, -0.078624, -0.009660
0.913147, 0.608870, -0.072258, -0.330148
0.913192, 0.945273, -0.078142, -0.049214
0.913363, 0.236870, -0.065898, -0.619951
0.913386, 0.165595, -0.064084, -0.672562
0.913808, 0.921580, -0.077133, -0.070146
0.914102, 0.707767, -0.072936, -0.250142
0.914122, 0.874378, -0.075887, -0.111097
0.914322, 0.829143, -0.074851, -0.149615
0.914637, 0.742753, -0.073021, -0.221428
0.914644, 0.033692, 0.730864, 0.023631
0.914754, 0.011183, 0.731479, 0.007943
0.914856, 0.485477, -0.069127, -0.428560
0.914949, 0.142813, -0.062255, -0.689072
0.915282, 0.121108, -0.060700, -0.703840
0.915553, 0.416078, -0.067528, -0.483007
0.915701, 0.055801, 0.739845, 0.048048
0.915767, 0.566560, -0.069508, -0.364125
0.915893, 0.799205, -0.072897, -0.174655
0.915962, 0.788016, -0.072689, -0.184104
0.916072, 0.651000, -0.070405, -0.296171
0.916129, 0.438936, -0.067410, -0.465118
0.916274, 0.628000, -0.069927, -0.314799
0.916438, 0.672862, -0.070422, -0.278517
0.916671, 0.384779, -0.066144, -0.507342
0.916827, 0.532348, -0.068175, -0.391433
0.917071, 0.098406, -0.099003, -0.759121
0.917594, 0.886259, -0.073115, -0.100968
0.917676, 0.775865, -0.071005, -0.194219
0.917840, 0.695982, -0.069591, -0.259789
0.917996, 0.178284, -0.061027, -0.663532
0.918004, 0.498062, -0.066748, -0.418651
0.918056, 0.076929, 0.569041, -0.103905
0.918355, 0.289769, -0.063181, -0.580325
0.918582, 0.729970, -0.069469, -0.232006
0.918611, 0.818540, -0.070917, -0.158558
0.918941, 0.267408, -0.062301, -0.597297
0.918971, 0.578790, -0.067029, -0.354382
0.919078, 0.191352, -0.060544, -0.654007
0.919142, 0.203752, -0.060789, -0.644847
0.919331, 0.933975, -0.072564, -0.059356
0.919357, 0.956801, -0.072864, -0.038993
0.919603, 0.215927, -0.060716, -0.635790
0.919633, 0.764442, -0.069130, -0.203685
0.919908, 0.978742, -0.072565, -0.019237
0.920107, 0.404398, -0.063724, -0.492220
0.920189, 0.340271, -0.062664, -0.541953
0.920263, 1.000000, -0.072317, 0.000000
0.920357, 0.313685, -0.062071, -0.562229
0.920408, 0.227918, -0.060363, -0.626796
0.920539, 0.617012, -0.066210, -0.323631
0.920584, 0.545157, -0.065267, -0.381294
0.920585, 0.131601, -0.057810, -0.697203
0.920607, 0.246796, -0.060605, -0.612686
0.920855, 0.450385, -0.063785, -0.456275
0.921111, 0.328074, -0.061729, -0.551247
0.921191, 0.044519, 0.738739, 0.034615
0.921209, 0.898486, -0.070208, -0.090482
0.921284, 0.022270, 0.736235, 0.016021
0.921294, 0.000000, 0.736136, 0.000000
0.921546, 0.352622, -0.061795, -0.532420
0.921589, 0.510748, -0.063999, -0.408648
0.921843, 0.087483, -0.015851, -0.685668
0.921859, 0.464075, -0.063162, -0.445506
0.921876, 0.590907, -0.064783, -0.344709
0.921925, 0.364404, -0.061678, -0.523298
0.922146, 0.661203, -0.065462, -0.288024
0.922354, 0.426745, -0.062249, -0.474791
0.922400, 0.110076, -0.060682, -0.717358
0.922555, 0.638831, -0.064830, -0.306141
0.922605, 0.154258, -0.057014, -0.681138
0.922920, 0.717442, -0.065607, -0.242359
0.922940, 0.375381, -0.061036, -0.514740
0.923332, 0.683801, -0.064775, -0.269733
0.923356, 0.751957, -0.065737, -0.214008
0.923520, 0.838835, -0.067016, -0.141540
0.923590, 0.862722, -0.067396, -0.121267
0.923832, 0.066644, 0.702922, 0.017001
0.923934, 0.911232, -0.068077, -0.079448
0.923956, 0.807914, -0.066079, -0.167485
0.924073, 0.166899, -0.056245, -0.671936
0.924126, 0.301419, -0.058924, -0.571579
0.924309, 0.278846, -0.058391, -0.588757
0.924321, 0.557872, -0.062359, -0.371215
0.924345, 0.476419, -0.061318, -0.435851
0.924383, 0.850001, -0.066441, -0.132049
0.924403, 0.603717, -0.062849, -0.334460
0.925023, 0.523442, -0.061356, -0.398620
0.925272, 0.393644, -0.059452, -0.500595
0.925723, 0.875743, -0.065810, -0.110217
0.925877, 0.257051, -0.056785, -0.605163
0.926528, 0.968128, -0.066609, -0.028866
0.926690, 0.946061, -0.066221, -0.048687
0.926763, 0.488928, -0.059515, -0.425996
0.926857, 0.923278, -0.065723, -0.068924
0.927032, 0.739330, -0.062414, -0.224450
0.927193, 0.705776, -0.061823, -0.251951
0.927201, 0.989524, -0.066133, -0.009505
0.927407, 0.237263, -0.055242, -0.619919
0.927604, 0.795585, -0.062743, -0.177880
0.927623, 0.142116, -0.053037, -0.689890
0.927773, 0.828493, -0.063140, -0.150335
0.927827, 0.033102, 0.739159, 0.022065
0.927835, 0.414618, -0.057707, -0.484395
0.927929, 0.011102, 0.740615, 0.007738
0.928010, 0.437561, -0.057859, -0.466399
0.928417, 0.570364, -0.059137, -0.361298
0.928481, 0.120196, -0.052562, -0.706411
0.928604, 0.784084, -0.061722, -0.187515
0.928711, 0.649270, -0.059816, -0.297809
0.928782, 0.627424, -0.059487, -0.315402
0.928862, 0.055524, 0.770543, 0.070645
0.928900, 0.536348, -0.058337, -0.388397
0.928924, 0.671702, -0.059909, -0.279625
0.929141, 0.100059, -0.050750, -0.719825
0.929814, 0.501663, -0.057186, -0.415943
0.930029, 0.889025, -0.062270, -0.098832
0.930170, 0.185809, -0.052150, -0.658284
0.930507, 0.198216, -0.052150, -0.649118
0.930550, 0.210744, -0.052365, -0.639833
0.930584, 0.772627, -0.059850, -0.197048
0.930799, 0.223554, -0.052419, -0.630274
0.930835, 0.694419, -0.058588, -0.261219
0.931069, 0.289499, -0.053358, -0.580826
0.931167, 0.727010, -0.058727, -0.234626
0.931199, 0.383466, -0.054604, -0.508543
0.931471, 0.457180, -0.055313, -0.450998
0.931522, 0.322485, -0.053508, -0.555631
0.931768, 0.582032, -0.056504, -0.352022
0.931921, 0.935554, -0.061422, -0.058125
0.931981, 0.269063, -0.052314, -0.596156
0.931995, 0.817162, -0.059277, -0.159895
0.932007, 0.335258, -0.053316, -0.545872
0.932346, 0.347306, -0.053221, -0.536626
0.932351, 0.077251, -0.033309, -0.717750
0.932384, 0.174780, -0.050267, -0.666347
0.932497, 0.615672, -0.056256, -0.324894
0.932570, 0.761082, -0.057982, -0.206614
0.932594, 0.957287, -0.061105, -0.038693
0.932737, 0.549162, -0.055334, -0.378241
0.932795, 0.130241, -0.049115, -0.698697
0.932976, 0.310972, -0.052200, -0.564384
0.933215, 0.403275, -0.053267, -0.493280
0.933306, 0.089096, -0.046050, -0.725610
0.933428, 0.359516, -0.052531, -0.527177
0.933721, 0.514619, -0.054148, -0.405706
0.933870, 0.044102, 0.767765, 0.054671
0.933877, 0.900495, -0.059112, -0.089004
0.933892, 0.979143, -0.060115, -0.018947
0.934072, 0.593738, -0.054725, -0.342663
0.934143, 0.446789, -0.053047, -0.459271
0.934280, 0.371101, -0.052007, -0.518196
0.934296, 0.425185, -0.052672, -0.476225
0.934408, 1.000000, -0.059713, 0.000000
0.934424, 0.468249, -0.053055, -0.442313
0.934432, 0.000000, 0.745379, 0.000000
0.934507, 0.161435, -0.048422, -0.676164
0.934618, 0.022106, 0.746579, 0.016781
0.934918, 0.659958, -0.054737, -0.289238
0.935058, 0.246600, -0.049593, -0.613194
0.935219, 0.854479, -0.057117, -0.128568
0.935376, 0.682486, -0.054603, -0.270945
0.935401, 0.637593, -0.054085, -0.307335
0.935479, 0.748865, -0.055326, -0.216711
0.935504, 0.867201, -0.057099, -0.117757
0.935581, 0.840744, -0.056545, -0.140144
0.936069, 0.149597, -0.047018, -0.684726
0.936158, 0.299512, -0.049562, -0.573180
0.936211, 0.110909, -0.045811, -0.712313
0.936219, 0.715360, -0.054289, -0.244243
0.936316, 0.480240, -0.051659, -0.432907
0.936317, 0.912759, -0.057158, -0.078321
0.936386, 0.804905, -0.055299, -0.170256
0.936457, 0.605195, -0.052853, -0.333394
0.936590, 0.561971, -0.052301, -0.368071
0.936914, 0.527286, -0.051674, -0.395695
0.937088, 0.879973, -0.055894, -0.106769
0.937356, 0.065998, 0.185400, -0.508680
0.937457, 0.258652, -0.047950, -0.604129
0.937576, 0.279592, -0.048176, -0.588349
0.938462, 0.232986, -0.046776, -0.623348
0.938589, 0.492564, -0.049946, -0.423216
0.939115, 0.392033, -0.048431, -0.502036
0.939567, 0.924609, -0.054452, -0.067930
0.939651, 0.736481, -0.051611, -0.226950
0.939788, 0.792964, -0.052192, -0.180262
0.939943, 0.827443, -0.052534, -0.151406
0.940259, 0.968922, -0.054334, -0.028244
0.940554, 0.413653, -0.047534, -0.485291
0.940589, 0.704466, -0.050448, -0.253142
0.940890, 0.136790, -0.043224, -0.694026
0.940954, 0.434978, -0.047445, -0.468656
0.940988, 0.540218, -0.048463, -0.385423
0.941078, 0.947076, -0.053389, -0.047930
0.941100, 0.218750, -0.044552, -0.634049
0.941185, 0.032890, 0.747936, 0.021500
0.941199, 0.011536, 0.749553, 0.007766
0.941256, 0.625447, -0.049073, -0.317212
0.941385, 0.505367, -0.047800, -0.413111
0.941419, 0.648710, -0.049168, -0.298441
0.941455, 0.781481, -0.050609, -0.189846
0.941457, 0.670434, -0.049351, -0.280818
0.941572, 0.989255, -0.053274, -0.009787
0.941603, 0.205657, -0.043961, -0.643795
0.941683, 0.099282, -0.041774, -0.720792
0.941740, 0.574499, -0.048178, -0.358114
0.941948, 0.054822, 0.495946, -0.209401
0.941994, 0.193204, -0.043460, -0.653037
0.942754, 0.122087, -0.041478, -0.704699
0.942994, 0.329691, -0.044642, -0.550290
0.943345, 0.770102, -0.048839, -0.199279
0.943445, 0.181796, -0.042182, -0.661433
0.943455, 0.693225, -0.047896, -0.262294
0.943542, 0.342381, -0.044362, -0.540538
0.943736, 0.379681, -0.044629, -0.511744
0.943786, 0.457714, -0.045381, -0.450673
0.943789, 0.936092, -0.050810, -0.057763
0.943864, 0.317482, -0.043811, -0.559621
0.944129, 0.890085, -0.049827, -0.098136
0.944187, 0.814571, -0.048674, -0.162316
0.944196, 0.086091, -0.040524, -0.731213
0.944238, 0.724833, -0.047575, -0.236588
0.944251, 0.354862, -0.043948, -0.530928
0.944586, 0.169683, -0.041125, -0.670320
0.944679, 0.586540, -0.045861, -0.348530
0.944850, 0.553010, -0.045409, -0.375257
0.945014, 0.758387, -0.047267, -0.208962
0.945166, 0.291585, -0.042476, -0.579310
0.945217, 0.958627, -0.049785, -0.037583
0.945647, 0.367277, -0.042982, -0.521330
0.945701, 0.267719, -0.041760, -0.597468
0.945743, 0.445378, -0.043690, -0.460444
0.945860, 0.613434, -0.045113, -0.326876
0.945873, 0.305418, -0.042097, -0.568812
0.945906, 0.903221, -0.048488, -0.086818
0.945932, 0.518554, -0.044214, -0.402698
0.945951, 0.470575, -0.043764, -0.440683
0.945997, 0.401681, -0.043062, -0.494644
0.946293, 0.043436, 0.727767, 0.007884
0.946309, 0.848805, -0.047306, -0.133531
0.946490, 0.599297, -0.044472, -0.338292
0.946526, 0.861835, -0.047306, -0.122471
0.946626, 0.157405, -0.039404, -0.679275
0.946749, 0.074391, -0.036750, -0.737197
0.946885, 0.875168, -0.047175, -0.111050
0.947126, 0.241203, -0.040313, -0.617396
0.947172, 0.424380, -0.042350, -0.476988
0.947214, 0.681248, -0.044599, -0.272065
0.947322, 0.000000, 0.754387, 0.000000
0.947325, 0.253617, -0.040333, -0.608141
0.947442, 0.746263, -0.045056, -0.218974
0.947653, 0.637696, -0.043838, -0.307350
0.947706, 0.836236, -0.045892, -0.144127
0.947971, 0.483180, -0.042242, -0.430762
0.948001, 0.659077, -0.043745, -0.290145
0.948285, 0.023398, 0.764718, 0.026147
0.948350, 0.145109, -0.037920, -0.688137
0.948420, 1.000000, -0.047129, 0.000000
0.948440, 0.978486, -0.047042, -0.019615
0.948519, 0.279743, -0.039739, -0.588344
0.948714, 0.530943, -0.042047, -0.392915
0.948834, 0.565300, -0.042236, -0.365511
0.948879, 0.110041, -0.036859, -0.713361
0.949048, 0.916171, -0.045862, -0.075490
0.949113, 0.802578, -0.044247, -0.172395
0.949179, 0.227521, -0.038565, -0.627607
0.950037, 0.495955, -0.040672, -0.420659
0.950259, 0.714106, -0.042337, -0.245375
0.951473, 0.063030, -0.045866, -0.756743
0.951601, 0.388775, -0.038483, -0.504831
0.951781, 0.213424, -0.036411, -0.638175
0.951786, 0.130832, -0.035169, -0.698681
0.952294, 0.790554, -0.041361, -0.182477
0.952421, 0.823099, -0.041625, -0.155312
0.952501, 0.509101, -0.038768, -0.410233
0.952758, 0.734113, -0.040402, -0.229084
0.952935, 0.928297, -0.042509, -0.064785
0.952966, 0.626772, -0.039300, -0.316155
0.952973, 0.412206, -0.037594, -0.486493
0.953076, 0.096550, -0.033615, -0.723068
0.953102, 0.543961, -0.038551, -0.382558
0.953132, 0.200572, -0.035224, -0.647778
0.953756, 0.703230, -0.039264, -0.254244
0.953806, 0.011643, 0.760220, 0.010229
0.954176, 0.669349, -0.038635, -0.281867
0.954351, 0.336689, -0.035819, -0.545001
0.954410, 0.779349, -0.039410, -0.191766
0.954532, 0.435512, -0.036543, -0.468348
0.954630, 0.648495, -0.038086, -0.298723
0.954765, 0.324263, -0.035376, -0.554553
0.954826, 0.941061, -0.040942, -0.053435
0.954863, 0.966996, -0.041164, -0.030092
0.954920, 0.189092, -0.033732, -0.656271
0.954961, 0.952812, -0.040958, -0.042914
0.955019, 0.578691, -0.037232, -0.354837
0.955039, 0.349494, -0.035397, -0.535141
0.955239, 0.050776, 0.116452, -0.602589
0.955410, 0.035880, 0.691094, -0.039093
0.955510, 0.449665, -0.035864, -0.457187
0.955549, 0.462108, -0.035936, -0.447469
0.955680, 0.691616, -0.037529, -0.263666
0.955712, 0.767669, -0.038170, -0.201413
0.955724, 0.177020, -0.032970, -0.665147
0.955774, 0.989675, -0.040460, -0.009440
0.956031, 0.882683, -0.039196, -0.104745
0.956104, 0.362166, -0.034673, -0.525399
0.956173, 0.375887, -0.034738, -0.514816
0.956219, 0.895271, -0.039197, -0.093877
0.956257, 0.312209, -0.034095, -0.563782
0.956317, 0.083743, -0.031297, -0.732453
0.956350, 0.299230, -0.033898, -0.573700
0.956591, 0.591689, -0.036038, -0.344576
0.956614, 0.120026, -0.031487, -0.706498
0.956951, 0.604917, -0.035830, -0.333937
0.957006, 0.164858, -0.031851, -0.674020
0.957096, 0.261126, -0.032934, -0.602592
0.957102, 0.616632, -0.035778, -0.324407
0.957179, 0.755883, -0.036793, -0.211097
0.957389, 0.812026, -0.037172, -0.164635
0.957501, 0.868839, -0.037720, -0.116636
0.957608, 0.855714, -0.037464, -0.127809
0.957635, 0.554915, -0.034908, -0.373943
0.957768, 0.399770, -0.033668, -0.496284
0.957776, 0.474419, -0.034225, -0.437795
0.957823, 0.287150, -0.032634, -0.582847
0.957901, 0.723773, -0.035921, -0.237582
0.957962, 0.908082, -0.037789, -0.082705
0.958179, 0.273441, -0.032229, -0.593309
0.958285, 0.843285, -0.036712, -0.138298
0.958292, 0.247903, -0.031880, -0.612561
0.958363, 0.522787, -0.034080, -0.399397
0.958573, 0.152395, -0.030524, -0.683061
0.958586, 0.235172, -0.031517, -0.622063
0.958877, 0.422930, -0.032954, -0.478117
0.958926, 0.679782, -0.034698, -0.273345
0.959056, 0.139482, -0.029991, -0.692432
0.959184, 0.743982, -0.034973, -0.220915
0.959538, 0.831119, -0.035484, -0.148593
0.959540, 0.486832, -0.032881, -0.427993
0.959669, 0.567410, -0.033311, -0.363907
0.959927, 0.221796, -0.030353, -0.632005
0.960059, 0.535434, -0.032776, -0.389371
0.960127, 0.000000, 0.766140, 0.000000
0.960571, 0.636950, -0.033024, -0.308100
0.960620, 0.023299, 0.779925, 0.034173
0.960893, 0.106751, -0.028191, -0.716027
0.961014, 0.071777, -0.029137, -0.742200
0.961321, 0.499288, -0.031514, -0.418124
0.961571, 0.659449, -0.032335, -0.289906
0.961904, 0.799231, -0.033132, -0.175433
0.961922, 0.979499, -0.034844, -0.018754
0.962144, 0.921024, -0.034157, -0.071309
0.962592, 1.000000, -0.034279, 0.000000
0.963035, 0.511821, -0.030189, -0.408119
0.963167, 0.207972, -0.027765, -0.642432
0.963779, 0.388366, -0.028797, -0.505115
0.964438, 0.711605, -0.030271, -0.247642
0.964770, 0.059958, -0.031890, -0.755762
0.965121, 0.409828, -0.027876, -0.488553
0.965132, 0.093786, -0.024980, -0.725346
0.965341, 0.442578, -0.027897, -0.462779
0.965705, 0.788279, -0.029740, -0.184549
0.965728, 0.342920, -0.026941, -0.540338
0.965755, 0.330631, -0.026833, -0.549794
0.965903, 0.046422, -0.033098, -0.764548
0.965922, 0.932632, -0.030873, -0.061083
0.966177, 0.698859, -0.028699, -0.257937
0.966264, 0.957995, -0.030783, -0.038338
0.966358, 0.196791, -0.025255, -0.650776
0.966358, 0.011215, 0.777005, 0.020062
0.966362, 0.625515, -0.028105, -0.317295
0.966453, 0.130098, -0.024471, -0.699466
0.966473, 0.455333, -0.027062, -0.452761
0.966736, 0.775994, -0.028750, -0.194713
0.966807, 0.945339, -0.030186, -0.049740
0.966942, 0.184328, -0.024696, -0.659980
0.966975, 0.735688, -0.028252, -0.227808
0.967087, 0.354724, -0.025954, -0.531305
0.967090, 0.586229, -0.027294, -0.348990
0.967113, 0.821080, -0.028780, -0.157167
0.967167, 0.366916, -0.025971, -0.521904
0.967180, 0.318955, -0.025635, -0.558767
0.967209, 0.546101, -0.026966, -0.380917
0.967242, 0.647390, -0.027498, -0.299739
0.967404, 0.969640, -0.029804, -0.027762
0.967509, 0.306500, -0.025290, -0.568313
0.967606, 0.888421, -0.028970, -0.099938
0.967615, 0.034158, 0.290673, -0.447439
0.967635, 0.875517, -0.028816, -0.111044
0.967664, 0.599504, -0.026884, -0.338302
0.967695, 0.671211, -0.027250, -0.280407
0.967774, 0.431672, -0.025877, -0.471343
0.967797, 0.171640, -0.023932, -0.669276
0.967865, 0.763368, -0.027679, -0.205102
0.968015, 0.685997, -0.027054, -0.268336
0.968034, 0.466794, -0.025867, -0.443787
0.968314, 0.900966, -0.028453, -0.089042
0.968319, 0.294096, -0.024570, -0.577752
0.968344, 0.378360, -0.025110, -0.512976
0.968378, 0.117004, -0.022917, -0.708766
0.968438, 0.612791, -0.026307, -0.327581
0.968459, 0.574126, -0.026083, -0.358551
0.968477, 0.861877, -0.027942, -0.122709
0.968511, 0.280920, -0.024325, -0.587749
0.968512, 0.254861, -0.024126, -0.607422
0.968735, 0.267602, -0.024055, -0.597853
0.968817, 0.081692, -0.022308, -0.734024
0.968828, 0.158604, -0.023036, -0.678769
0.968951, 0.723562, -0.026491, -0.237791
0.969029, 0.750275, -0.026580, -0.215827
0.969064, 0.559705, -0.025517, -0.370170
0.969098, 0.808287, -0.026945, -0.167912
0.969099, 0.848521, -0.027267, -0.134033
0.969172, 0.144794, -0.022642, -0.688799
0.969373, 0.241674, -0.023363, -0.617303
0.969614, 0.479060, -0.024652, -0.434128
0.969808, 0.531793, -0.024762, -0.392343
0.969849, 0.228844, -0.022897, -0.626834
0.969854, 0.835151, -0.026484, -0.145325
0.969858, 0.913432, -0.027158, -0.078083
0.970438, 0.419806, -0.023676, -0.480674
0.970489, 0.398772, -0.023525, -0.497184
0.970753, 0.215928, -0.022110, -0.636494
0.970775, 0.989149, -0.026807, -0.009950
0.971101, 0.491781, -0.023508, -0.424068
0.971218, 0.519525, -0.023537, -0.401954
0.972473, 0.505038, -0.022451, -0.413536
0.973156, 0.000000, 0.797931, 0.000000
0.973194, 0.103851, -0.019299, -0.718233
0.973407, 0.635530, -0.022267, -0.309280
0.973432, 0.021821, 0.586115, -0.165378
0.973821, 0.658304, -0.022026, -0.290937
0.975151, 0.069069, -0.018121, -0.743503
0.976193, 1.000000, -0.021867, 0.000000
0.976357, 0.798068, -0.020575, -0.176597
0.976501, 0.447985, -0.018938, -0.458579
0.976504, 0.055917, -0.021517, -0.757112
0.976634, 0.978260, -0.021418, -0.019932
0.976714, 0.923994, -0.021051, -0.068804
0.976807, 0.337031, -0.018204, -0.544883
0.976865, 0.705182, -0.019659, -0.252848
0.977296, 0.205591, -0.017104, -0.644449
0.977579, 0.784671, -0.019432, -0.187644
0.977709, 0.386472, -0.017717, -0.506781
0.977726, 0.937667, -0.020243, -0.056714
0.977925, 0.192227, -0.016545, -0.654273
0.978038, 0.951400, -0.020035, -0.044376
0.978043, 0.093138, -0.015721, -0.725787
0.978043, 0.043443, -0.043257, -0.788072
0.978046, 0.717005, -0.018710, -0.243239
0.978149, 0.692602, -0.018513, -0.263057
0.978175, 0.679365, -0.018437, -0.273757
0.978185, 0.137537, -0.015972, -0.694123
0.978282, 0.593809, -0.018037, -0.342917
0.978373, 0.743622, -0.018541, -0.221406
0.978379, 0.622004, -0.018058, -0.320247
0.978416, 0.771332, -0.018636, -0.198633
0.978445, 0.347901, -0.016964, -0.536475
0.978486, 0.178950, -0.016038, -0.664010
0.978497, 0.326231, -0.016832, -0.553301
0.978506, 0.124937, -0.015640, -0.703118
0.978520, 0.607453, -0.017887, -0.331948
0.978598, 0.964621, -0.019583, -0.032392
0.978612, 0.540130, -0.017570, -0.385757
0.978650, 0.411120, -0.017068, -0.487536
0.978668, 0.553091, -0.017574, -0.375497
0.978678, 0.360097, -0.016835, -0.527117
0.978690, 0.882119, -0.019027, -0.105449
0.978726, 0.314097, -0.016597, -0.562631
0.978776, 0.868617, -0.018864, -0.117034
0.978782, 0.826400, -0.018612, -0.152857
0.978838, 0.567125, -0.017478, -0.364248
0.978894, 0.437536, -0.016974, -0.466910
0.978907, 0.580772, -0.017470, -0.353340
0.978934, 0.812985, -0.018398, -0.164084
0.978986, 0.730850, -0.017955, -0.231830
0.979040, 0.301435, -0.016293, -0.572275
0.979073, 0.757796, -0.018001, -0.209749
0.979117, 0.372715, -0.016544, -0.517430
0.979122, 0.458833, -0.016863, -0.450046
0.979129, 0.895577, -0.018718, -0.093796
0.979131, 0.165515, -0.015470, -0.673820
0.979140, 0.288197, -0.016152, -0.582325
0.979214, 0.274814, -0.016029, -0.592454
0.979327, 0.151699, -0.015232, -0.683869
0.979411, 0.261341, -0.015810, -0.602637
0.979451, 0.854819, -0.018181, -0.128790
0.979452, 0.011609, 0.732633, -0.028921
0.979534, 0.248016, -0.015647, -0.612641
0.979653, 0.667410, -0.017146, -0.283507
0.979653, 0.031375, 0.010924, -0.740972
0.979679, 0.647530, -0.017057, -0.299567
0.979807, 0.909222, -0.018183, -0.081856
0.979810, 0.470975, -0.016352, -0.440505
0.979910, 0.840913, -0.017692, -0.140568
0.979981, 0.080930, -0.014296, -0.734516
0.980157, 0.112429, -0.014348, -0.712106
0.980200, 0.425444, -0.015878, -0.476353
0.980220, 0.234291, -0.015053, -0.622927
0.980490, 0.220450, -0.014775, -0.633268
0.980859, 0.484061, -0.015546, -0.430204
0.980966, 0.526509, -0.015592, -0.396547
0.981170, 0.398809, -0.015009, -0.497135
0.981193, 0.512468, -0.015360, -0.407640
0.981705, 0.497795, -0.014900, -0.419328
0.984734, 0.634974, -0.012783, -0.309720
0.985921, 0.987310, -0.012941, -0.011667
0.986045, 0.000000, 0.861328, 0.000000
0.987634, 0.062734, -0.008447, -0.747054
0.988067, 0.102723, -0.008584, -0.719233
0.988096, 0.022404, -0.013971, -0.775062
0.988252, 0.657773, -0.009883, -0.291376
0.988328, 1.000000, -0.010736, 0.000000
0.988400, 0.792066, -0.010077, -0.181603
0.988401, 0.805050, -0.010115, -0.170835
0.988524, 0.930667, -0.010415, -0.063016
0.988629, 0.973044, -0.010430, -0.024741
0.988738, 0.917440, -0.010170, -0.074688
0.988753, 0.337172, -0.008829, -0.544922
0.988754, 0.199267, -0.008451, -0.649109
0.988792, 0.049944, -0.007648, -0.755857
0.988821, 0.613911, -0.009323, -0.326839
0.988837, 0.698227, -0.009471, -0.258561
0.988846, 0.447949, -0.008990, -0.458788
0.988905, 0.944416, -0.010112, -0.050727
0.988966, 0.710849, -0.009391, -0.248304
0.988988, 0.212327, -0.008316, -0.639421
0.989037, 0.778681, -0.009487, -0.192643
0.989039, 0.684992, -0.009274, -0.269316
0.989055, 0.378729, -0.008682, -0.512811
0.989064, 0.074889, -0.007633, -0.738711
0.989159, 0.185932, -0.008105, -0.658932
0.989162, 0.724030, -0.009249, -0.237508
0.989166, 0.600669, -0.009012, -0.337481
0.989197, 0.751136, -0.009281, -0.215302
0.989228, 0.560358, -0.008887, -0.369722
0.989235, 0.144455, -0.007908, -0.689233
0.989252, 0.958419, -0.009830, -0.038070
0.989378, 0.130951, -0.007753, -0.698979
0.989422, 0.546987, -0.008704, -0.380370
0.989423, 0.587448, -0.008773, -0.348065
0.989430, 0.875272, -0.009419, -0.111384
0.989431, 0.765028, -0.009111, -0.203879
0.989434, 0.573894, -0.008741, -0.358914
0.989479, 0.172363, -0.007822, -0.668877
0.989501, 0.833055, -0.009230, -0.147296
0.989535, 0.351107, -0.008245, -0.534245
0.989539, 0.419476, -0.008378, -0.481022
0.989553, 0.888998, -0.009352, -0.099549
0.989561, 0.737713, -0.008936, -0.226292
0.989565, 0.323266, -0.008161, -0.555537
0.989589, 0.861520, -0.009235, -0.123137
0.989607, 0.819120, -0.009098, -0.159030
0.989655, 0.295723, -0.008028, -0.576562
0.989656, 0.309478, -0.008058, -0.566073
0.989659, 0.158480, -0.007643, -0.679018
0.989663, 0.282044, -0.007989, -0.586959
0.989713, 0.268401, -0.007917, -0.597287
0.989717, 0.364904, -0.008132, -0.523562
0.989843, 0.089252, -0.007239, -0.728622
0.989858, 0.254700, -0.007771, -0.607624
0.989875, 0.533755, -0.008306, -0.390826
0.989914, 0.902991, -0.009069, -0.087363
0.989943, 0.847431, -0.008878, -0.135112
0.989957, 0.391612, -0.007993, -0.502800
0.989987, 0.036508, -0.011136, -0.768653
0.989993, 0.671687, -0.008440, -0.280094
0.989993, 0.240935, -0.007633, -0.617960
0.990070, 0.461862, -0.008028, -0.447864
0.990166, 0.117252, -0.007128, -0.708797
0.990176, 0.433956, -0.007892, -0.469661
0.990323, 0.406156, -0.007724, -0.491333
0.990335, 0.226755, -0.007336, -0.628596
0.990410, 0.475928, -0.007777, -0.436723
0.990529, 0.626488, -0.007919, -0.316626
0.990627, 0.505006, -0.007644, -0.413604
0.990660, 0.519424, -0.007641, -0.402187
0.990892, 0.490294, -0.007408, -0.425303
0.991263, 0.644506, -0.007329, -0.302013
0.991507, 0.009728, 0.314679, -0.475605
1.000000, 0.000000, 0.000000, 0.000000
1.000000, 0.015532, 0.000000, -0.825777
1.000000, 0.028850, 0.000000, -0.780756
1.000000, 0.042949, 0.000000, -0.761512
1.000000, 0.056291, 0.000000, -0.751808
1.000000, 0.069044, 0.000000, -0.743045
1.000000, 0.082503, 0.000000, -0.733483
1.000000, 0.096534, 0.000000, -0.723510
1.000000, 0.109755, 0.000000, -0.714291
1.000000, 0.124015, 0.000000, -0.703909
1.000000, 0.137778, 0.000000, -0.694057
1.000000, 0.151462, 0.000000, -0.684167
1.000000, 0.165363, 0.000000, -0.673996
1.000000, 0.179123, 0.000000, -0.663920
1.000000, 0.192679, 0.000000, -0.653964
1.000000, 0.206020, 0.000000, -0.644140
1.000000, 0.219510, 0.000000, -0.634105
1.000000, 0.233742, 0.000000, -0.623330
1.000000, 0.247716, 0.000000, -0.612865
1.000000, 0.261565, 0.000000, -0.602441
1.000000, 0.275318, 0.000000, -0.592059
1.000000, 0.289054, 0.000000, -0.581646
1.000000, 0.302820, 0.000000, -0.571176
1.000000, 0.316639, 0.000000, -0.560637
1.000000, 0.330474, 0.000000, -0.550071
1.000000, 0.343940, 0.000000, -0.539836
1.000000, 0.357765, 0.000000, -0.529086
1.000000, 0.371624, 0.000000, -0.518304
1.000000, 0.385056, 0.000000, -0.507946
1.000000, 0.398969, 0.000000, -0.496995
1.000000, 0.413133, 0.000000, -0.485920
1.000000, 0.426906, 0.000000, -0.475260
1.000000, 0.441120, 0.000000, -0.464104
1.000000, 0.454635, 0.000000, -0.453655
1.000000, 0.468755, 0.000000, -0.442415
1.000000, 0.483042, 0.000000, -0.431069
1.000000, 0.497614, 0.000000, -0.419458
1.000000, 0.512011, 0.000000, -0.408077
1.000000, 0.526367, 0.000000, -0.396666
1.000000, 0.540182, 0.000000, -0.385758
1.000000, 0.553712, 0.000000, -0.375030
1.000000, 0.567155, 0.000000, -0.364329
1.000000, 0.580727, 0.000000, -0.353455
1.000000, 0.594305, 0.000000, -0.342561
1.000000, 0.607788, 0.000000, -0.331749
1.000000, 0.621199, 0.000000, -0.321013
1.000000, 0.635694, 0.000000, -0.309119
1.000000, 0.650763, 0.000000, -0.296844
1.000000, 0.663986, 0.000000, -0.286454
1.000000, 0.677907, 0.000000, -0.275026
1.000000, 0.691215, 0.000000, -0.264281
1.000000, 0.704361, 0.000000, -0.253609
1.000000, 0.717586, 0.000000, -0.242810
1.000000, 0.730985, 0.000000, -0.231848
1.000000, 0.744658, 0.000000, -0.220614
1.000000, 0.758202, 0.000000, -0.209530
1.000000, 0.771928, 0.000000, -0.198213
1.000000, 0.785479, 0.000000, -0.187046
1.000000, 0.798750, 0.000000, -0.176098
1.000000, 0.812090, 0.000000, -0.165000
1.000000, 0.826103, 0.000000, -0.153163
1.000000, 0.840085, 0.000000, -0.141374
1.000000, 0.854292, 0.000000, -0.129295
1.000000, 0.868258, 0.000000, -0.117404
1.000000, 0.882118, 0.000000, -0.105513
1.000000, 0.896062, 0.000000, -0.093432
1.000000, 0.910254, 0.000000, -0.081013
1.000000, 0.923822, 0.000000, -0.069105
1.000000, 0.937238, 0.000000, -0.057191
1.000000, 0.950773, 0.000000, -0.045017
1.000000, 0.964301, 0.000000, -0.032735
1.000000, 0.976971, 0.000000, -0.021158
1.000000, 0.988540, 0.000000, -0.010545
1.000000, 1.000000, 0.000000, 0.000000
