t      Ma         |du_dt|    |dv_dt|
0      1.7321e-01 1.6667e-02 1.7107e-02
1      1.7321e-01 1.1111e-02 9.7792e-03
2      1.7321e-01 2.7026e-02 1.7874e-02
3      1.7321e-01 1.4908e-02 1.3861e-02
4      1.7321e-01 1.8727e-02 2.0125e-02
5      1.7321e-01 8.2192e-03 1.3744e-02
6      1.9640e-01 8.2732e-03 1.6100e-02
7      1.9291e-01 8.8687e-03 9.4055e-03
8      2.0414e-01 7.3065e-03 7.6452e-03
9      1.8799e-01 8.9773e-03 6.3751e-03
10     1.9199e-01 6.0336e-03 5.8301e-03
11     1.7997e-01 5.0064e-03 5.2345e-03
12     1.8501e-01 5.0407e-03 4.3251e-03
13     1.7863e-01 5.0784e-03 4.6250e-03
14     1.8691e-01 4.9023e-03 4.4430e-03
15     1.8422e-01 5.7739e-03 3.3622e-03
16     1.9229e-01 4.5803e-03 4.2950e-03
17     1.9183e-01 3.9445e-03 3.5439e-03
18     1.9733e-01 3.8690e-03 3.4229e-03
19     1.9518e-01 3.4709e-03 3.4619e-03
20     1.9716e-01 3.2706e-03 3.0399e-03
21     1.9570e-01 3.7203e-03 2.7043e-03
22     1.9647e-01 3.2704e-03 2.3697e-03
23     1.9606e-01 3.3374e-03 2.4055e-03
24     1.9741e-01 3.2803e-03 2.2641e-03
25     1.9865e-01 2.8271e-03 2.4362e-03
26     1.9946e-01 2.6220e-03 2.3458e-03
27     2.0087e-01 2.8951e-03 2.3354e-03
28     2.0103e-01 3.1362e-03 2.1848e-03
29     2.0258e-01 3.3517e-03 2.1305e-03
30     2.0211e-01 3.8756e-03 2.4807e-03
31     2.0352e-01 3.6295e-03 3.1273e-03
32     2.0242e-01 4.3344e-03 3.6469e-03
33     2.0353e-01 3.1163e-03 3.7198e-03
34     2.0195e-01 3.2121e-03 3.7304e-03
35     2.0280e-01 2.5137e-03 3.1817e-03
36     2.0094e-01 2.7565e-03 2.2802e-03
37     2.0174e-01 2.9009e-03 1.4966e-03
38     2.0005e-01 2.9630e-03 1.4701e-03
39     2.0109e-01 2.9607e-03 1.3619e-03
40     1.9997e-01 3.0567e-03 1.6883e-03
41     2.0155e-01 3.0820e-03 2.0812e-03
42     2.0112e-01 3.0866e-03 2.0956e-03
43     2.0298e-01 2.8391e-03 2.1330e-03
44     2.0264e-01 2.5424e-03 2.1672e-03
45     2.0395e-01 1.9828e-03 2.0055e-03
46     2.0300e-01 2.1597e-03 2.2791e-03
47     2.0332e-01 2.2882e-03 2.3886e-03
48     2.0149e-01 2.3506e-03 2.2717e-03
49     2.0071e-01 2.3078e-03 2.0644e-03
50     1.9813e-01 2.2071e-03 2.1454e-03
51     1.9671e-01 2.0206e-03 2.3870e-03
52     1.9603e-01 1.7875e-03 2.3024e-03
53     1.9626e-01 1.5931e-03 2.3632e-03
54     1.9593e-01 1.3899e-03 2.4279e-03
55     1.9514e-01 1.3531e-03 2.6670e-03
56     1.9418e-01 1.2179e-03 2.9798e-03
57     1.9326e-01 1.2424e-03 2.9634e-03
58     1.9467e-01 1.5434e-03 2.9723e-03
59     1.9746e-01 1.8016e-03 2.5827e-03
60     1.9994e-01 1.8836e-03 2.1584e-03
61     2.0301e-01 1.8858e-03 1.6498e-03
62     2.0528e-01 1.9575e-03 1.3830e-03
63     2.0744e-01 1.8730e-03 1.4389e-03
64     2.0840e-01 1.8643e-03 1.3497e-03
65     2.0879e-01 1.9988e-03 1.1734e-03
66     2.0791e-01 1.9725e-03 1.0841e-03
67     2.0692e-01 2.0315e-03 1.3431e-03
68     2.0942e-01 1.8233e-03 1.6212e-03
69     2.1175e-01 1.7740e-03 1.7339e-03
70     2.1373e-01 1.7322e-03 1.8729e-03
71     2.1535e-01 1.9043e-03 1.8198e-03
72     2.1642e-01 2.0129e-03 1.8339e-03
73     2.1698e-01 2.0977e-03 1.8665e-03
74     2.1691e-01 2.1051e-03 1.8068e-03
75     2.1636e-01 2.0151e-03 1.5595e-03
76     2.1532e-01 1.8427e-03 1.2446e-03
77     2.1406e-01 1.6173e-03 1.2166e-03
78     2.1265e-01 1.3845e-03 1.3083e-03
79     2.1142e-01 1.1832e-03 1.5374e-03
80     2.1092e-01 9.6684e-04 1.6744e-03
81     2.1055e-01 8.6042e-04 1.6848e-03
82     2.1046e-01 8.2281e-04 1.5905e-03
83     2.1050e-01 8.0137e-04 1.4406e-03
84     2.1077e-01 8.1677e-04 1.2918e-03
85     2.1161e-01 1.0137e-03 1.1908e-03
86     2.1288e-01 1.2088e-03 1.0300e-03
87     2.1432e-01 1.3327e-03 1.1891e-03
88     2.1576e-01 1.3436e-03 1.1568e-03
89     2.1719e-01 1.3165e-03 1.1792e-03
90     2.1849e-01 1.3173e-03 1.1243e-03
91     2.1968e-01 1.3019e-03 1.1684e-03
92     2.2070e-01 1.4241e-03 1.2808e-03
93     2.2162e-01 1.5822e-03 1.3284e-03
94     2.2242e-01 1.6919e-03 1.2819e-03
95     2.2319e-01 1.7428e-03 1.2977e-03
96     2.2395e-01 1.7242e-03 1.2213e-03
97     2.2478e-01 1.6588e-03 1.1017e-03
98     2.2627e-01 1.5487e-03 8.8468e-04
99     2.2785e-01 1.3823e-03 6.3628e-04
100    2.2929e-01 1.1644e-03 6.1184e-04
101    2.3055e-01 1.1972e-03 5.1811e-04
102    2.3166e-01 1.3408e-03 6.1983e-04
103    2.3264e-01 1.4280e-03 7.9662e-04
104    2.3401e-01 1.4201e-03 9.4815e-04
105    2.3555e-01 1.3515e-03 1.0632e-03
106    2.3699e-01 1.2600e-03 1.1325e-03
107    2.3830e-01 1.1386e-03 1.1945e-03
108    2.3944e-01 1.0654e-03 1.1992e-03
109    2.4041e-01 1.1463e-03 1.1256e-03
110    2.4119e-01 1.2572e-03 1.0536e-03
111    2.4257e-01 1.2897e-03 9.8975e-04
112    2.4397e-01 1.2962e-03 9.0226e-04
113    2.4521e-01 1.1941e-03 8.2323e-04
114    2.4621e-01 1.0582e-03 8.3385e-04
115    2.4695e-01 8.2725e-04 8.7488e-04
116    2.4742e-01 8.0026e-04 8.1631e-04
117    2.4765e-01 8.3842e-04 7.8110e-04
118    2.4765e-01 9.6771e-04 7.3862e-04
119    2.4748e-01 1.0611e-03 7.7651e-04
120    2.4716e-01 1.0286e-03 7.9037e-04
121    2.4671e-01 1.1023e-03 7.9768e-04
122    2.4698e-01 1.2026e-03 7.7697e-04
123    2.4699e-01 1.2956e-03 6.7289e-04
124    2.4657e-01 1.3506e-03 7.3784e-04
125    2.4566e-01 1.3415e-03 8.7568e-04
126    2.4423e-01 1.3378e-03 9.9065e-04
127    2.4230e-01 1.2813e-03 1.1478e-03
128    2.3995e-01 1.5004e-03 1.2714e-03
129    2.3730e-01 1.6341e-03 1.3870e-03
130    2.3450e-01 1.6703e-03 1.5143e-03
131    2.3172e-01 1.6180e-03 1.6107e-03
132    2.2918e-01 1.5097e-03 1.6787e-03
133    2.2702e-01 1.3113e-03 1.6647e-03
134    2.2519e-01 1.0652e-03 1.5897e-03
135    2.2396e-01 8.1442e-04 1.4347e-03
136    2.2341e-01 5.6766e-04 1.2312e-03
137    2.2348e-01 5.7784e-04 9.9364e-04
138    2.2415e-01 7.8261e-04 7.5280e-04
139    2.2534e-01 9.6722e-04 5.1265e-04
140    2.2696e-01 1.0905e-03 5.1267e-04
141    2.2890e-01 1.2458e-03 6.9905e-04
142    2.3105e-01 1.4183e-03 8.3519e-04
143    2.3330e-01 1.5644e-03 9.0930e-04
144    2.3556e-01 1.6429e-03 9.3013e-04
145    2.3774e-01 1.6748e-03 8.9316e-04
146    2.3979e-01 1.6493e-03 8.2528e-04
147    2.4165e-01 1.6382e-03 7.8001e-04
148    2.4371e-01 1.6276e-03 7.0469e-04
149    2.4558e-01 1.6512e-03 5.8943e-04
150    2.4724e-01 1.6610e-03 5.6144e-04
151    2.4873e-01 1.6248e-03 5.7384e-04
152    2.5005e-01 1.5515e-03 5.7343e-04
153    2.5122e-01 1.4227e-03 5.9754e-04
154    2.5224e-01 1.2882e-03 6.3274e-04
155    2.5312e-01 1.1935e-03 6.7604e-04
156    2.5384e-01 1.0608e-03 6.8845e-04
157    2.5441e-01 1.0259e-03 7.0795e-04
158    2.5481e-01 9.4169e-04 7.5724e-04
159    2.5504e-01 8.4458e-04 7.7979e-04
160    2.5513e-01 7.1773e-04 7.8386e-04
161    2.5508e-01 5.5639e-04 7.6218e-04
162    2.5494e-01 4.4423e-04 7.2393e-04
163    2.5473e-01 4.1869e-04 7.0017e-04
164    2.5449e-01 4.3927e-04 6.8924e-04
165    2.5422e-01 5.9392e-04 6.5488e-04
166    2.5395e-01 7.2011e-04 6.4973e-04
167    2.5366e-01 8.1162e-04 7.4109e-04
168    2.5333e-01 8.8079e-04 8.2064e-04
169    2.5295e-01 9.3000e-04 8.3084e-04
170    2.5248e-01 9.5424e-04 8.2521e-04
171    2.5189e-01 9.7405e-04 7.8394e-04
172    2.5117e-01 9.6383e-04 7.2184e-04
173    2.5032e-01 9.2705e-04 6.5375e-04
174    2.4934e-01 8.6723e-04 5.4391e-04
175    2.4825e-01 8.7741e-04 5.4511e-04
176    2.4709e-01 9.1037e-04 5.8352e-04
177    2.4589e-01 9.1485e-04 6.0242e-04
178    2.4470e-01 8.9421e-04 6.1714e-04
179    2.4357e-01 8.9749e-04 6.0326e-04
180    2.4253e-01 9.5456e-04 5.7971e-04
181    2.4162e-01 9.8931e-04 5.4665e-04
182    2.4085e-01 1.0063e-03 5.2516e-04
183    2.4024e-01 9.9577e-04 5.6333e-04
184    2.3980e-01 9.6401e-04 5.6117e-04
185    2.3954e-01 9.1472e-04 5.6040e-04
186    2.3944e-01 8.4729e-04 5.3144e-04
187    2.3952e-01 7.7755e-04 5.0819e-04
188    2.3977e-01 7.1031e-04 4.8674e-04
189    2.4018e-01 6.4177e-04 4.6170e-04
190    2.4074e-01 5.6234e-04 4.1431e-04
191    2.4144e-01 6.1297e-04 3.5488e-04
192    2.4228e-01 6.5611e-04 3.8822e-04
193    2.4322e-01 6.9059e-04 4.4757e-04
194    2.4425e-01 7.2480e-04 4.8631e-04
195    2.4533e-01 7.4788e-04 4.9598e-04
196    2.4644e-01 7.4735e-04 4.8063e-04
197    2.4754e-01 7.3609e-04 4.5650e-04
198    2.4860e-01 7.0331e-04 4.3742e-04
199    2.4959e-01 6.6318e-04 3.8920e-04
200    2.5049e-01 6.7587e-04 3.8294e-04
201    2.5128e-01 7.3449e-04 4.2526e-04
202    2.5194e-01 7.8694e-04 4.7671e-04
203    2.5248e-01 8.4793e-04 5.0435e-04
204    2.5289e-01 9.0525e-04 5.0727e-04
205    2.5318e-01 9.5254e-04 5.5397e-04
206    2.5336e-01 9.7772e-04 6.2559e-04
207    2.5345e-01 9.7550e-04 6.7653e-04
208    2.5347e-01 9.5739e-04 7.0074e-04
209    2.5344e-01 9.1855e-04 7.0333e-04
210    2.5339e-01 8.5758e-04 6.9800e-04
211    2.5334e-01 7.8283e-04 6.8037e-04
212    2.5333e-01 7.1438e-04 6.4393e-04
213    2.5338e-01 6.4960e-04 5.9798e-04
214    2.5350e-01 5.8525e-04 5.5239e-04
215    2.5371e-01 5.0453e-04 4.9103e-04
216    2.5401e-01 4.7017e-04 4.2888e-04
217    2.5440e-01 4.6707e-04 3.5449e-04
218    2.5485e-01 4.6614e-04 2.8314e-04
219    2.5534e-01 4.4358e-04 2.0458e-04
220    2.5584e-01 4.2319e-04 2.1938e-04
221    2.5631e-01 3.8203e-04 2.6312e-04
222    2.5673e-01 4.7223e-04 3.0362e-04
223    2.5705e-01 5.8111e-04 3.2560e-04
224    2.5725e-01 6.7423e-04 3.8798e-04
225    2.5732e-01 7.4663e-04 4.3591e-04
226    2.5723e-01 7.9887e-04 4.7980e-04
227    2.5699e-01 8.3846e-04 5.0292e-04
228    2.5660e-01 8.7536e-04 5.0362e-04
229    2.5608e-01 9.1256e-04 4.8369e-04
230    2.5544e-01 9.4105e-04 4.4393e-04
231    2.5471e-01 9.4512e-04 3.9652e-04
232    2.5390e-01 9.2810e-04 3.4019e-04
233    2.5305e-01 8.9129e-04 2.8223e-04
234    2.5217e-01 8.3867e-04 2.7529e-04
235    2.5130e-01 7.6931e-04 2.6497e-04
236    2.5045e-01 7.2632e-04 2.7714e-04
237    2.4965e-01 7.0812e-04 2.9048e-04
238    2.4890e-01 6.8880e-04 3.2410e-04
239    2.4824e-01 6.5757e-04 3.4827e-04
240    2.4766e-01 6.1218e-04 3.7603e-04
241    2.4718e-01 5.5536e-04 3.8238e-04
242    2.4680e-01 4.8803e-04 3.9673e-04
243    2.4654e-01 4.1542e-04 3.8967e-04
244    2.4639e-01 3.4191e-04 3.9064e-04
245    2.4634e-01 3.0047e-04 3.8875e-04
246    2.4639e-01 3.4124e-04 3.9180e-04
247    2.4654e-01 3.8213e-04 3.9108e-04
248    2.4677e-01 4.2406e-04 3.9423e-04
249    2.4708e-01 4.6281e-04 4.0131e-04
250    2.4746e-01 4.9349e-04 3.9673e-04
251    2.4789e-01 5.1326e-04 3.8359e-04
252    2.4837e-01 5.2348e-04 3.7208e-04
253    2.4890e-01 5.3722e-04 3.4919e-04
254    2.4947e-01 5.4585e-04 3.3789e-04
255    2.5009e-01 5.8577e-04 3.1217e-04
256    2.5075e-01 6.4432e-04 2.8593e-04
257    2.5146e-01 7.0721e-04 2.4387e-04
258    2.5222e-01 7.5493e-04 2.0356e-04
259    2.5302e-01 7.9797e-04 1.7562e-04
260    2.5387e-01 8.2631e-04 1.8667e-04
261    2.5476e-01 8.4840e-04 2.1835e-04
262    2.5569e-01 8.6159e-04 2.4212e-04
263    2.5664e-01 8.5632e-04 2.8139e-04
264    2.5760e-01 8.4073e-04 3.1540e-04
265    2.5855e-01 8.0642e-04 3.3486e-04
266    2.5947e-01 7.6231e-04 3.4570e-04
267    2.6034e-01 7.0121e-04 3.4714e-04
268    2.6113e-01 6.3552e-04 3.3501e-04
269    2.6183e-01 5.6108e-04 3.0875e-04
270    2.6241e-01 4.7493e-04 2.7124e-04
271    2.6285e-01 3.8314e-04 2.3833e-04
272    2.6315e-01 3.0699e-04 2.4035e-04
273    2.6329e-01 2.3372e-04 2.2792e-04
274    2.6327e-01 2.4210e-04 2.1675e-04
275    2.6309e-01 2.7182e-04 1.9159e-04
276    2.6275e-01 3.0370e-04 1.9391e-04
277    2.6227e-01 3.3616e-04 2.1973e-04
278    2.6165e-01 3.9267e-04 2.4026e-04
279    2.6091e-01 4.5662e-04 2.6835e-04
280    2.6007e-01 5.1259e-04 3.0190e-04
281    2.5914e-01 5.6160e-04 3.3682e-04
282    2.5814e-01 6.1165e-04 3.6369e-04
283    2.5710e-01 6.4580e-04 3.8949e-04
284    2.5603e-01 6.6838e-04 4.0527e-04
285    2.5496e-01 6.7404e-04 4.1824e-04
286    2.5390e-01 6.6732e-04 4.2010e-04
287    2.5289e-01 6.4342e-04 4.1838e-04
288    2.5194e-01 6.0738e-04 4.1157e-04
289    2.5108e-01 5.8818e-04 3.9931e-04
290    2.5031e-01 5.7253e-04 3.8200e-04
291    2.4967e-01 5.4893e-04 3.5537e-04
292    2.4916e-01 5.1859e-04 3.5758e-04
293    2.4879e-01 4.8263e-04 3.5111e-04
294    2.4856e-01 4.4272e-04 3.4779e-04
295    2.4848e-01 4.0004e-04 3.2709e-04
296    2.4852e-01 3.5601e-04 3.0982e-04
297    2.4869e-01 3.1121e-04 2.7893e-04
298    2.4898e-01 2.6630e-04 2.5438e-04
299    2.4936e-01 2.9279e-04 2.2129e-04
300    2.4983e-01 3.5884e-04 1.8494e-04
301    2.5038e-01 4.1697e-04 1.7502e-04
302    2.5098e-01 4.7165e-04 2.0372e-04
303    2.5164e-01 5.2474e-04 2.3234e-04
304    2.5233e-01 5.7455e-04 2.4741e-04
305    2.5306e-01 6.1938e-04 2.4945e-04
306    2.5381e-01 6.5778e-04 2.3757e-04
307    2.5458e-01 6.8467e-04 2.1984e-04
308    2.5536e-01 7.0482e-04 2.1948e-04
309    2.5614e-01 7.1342e-04 2.1445e-04
310    2.5692e-01 7.1527e-04 2.0115e-04
311    2.5770e-01 7.0575e-04 1.8423e-04
312    2.5845e-01 6.8965e-04 1.6760e-04
313    2.5918e-01 6.6258e-04 1.5838e-04
314    2.5987e-01 6.2944e-04 1.6470e-04
315    2.6052e-01 5.8617e-04 1.7340e-04
316    2.6111e-01 5.3797e-04 2.0008e-04
317    2.6165e-01 4.8377e-04 2.3168e-04
318    2.6211e-01 4.7679e-04 2.5473e-04
319    2.6250e-01 4.5835e-04 2.6970e-04
320    2.6280e-01 4.3066e-04 2.7989e-04
321    2.6301e-01 3.9314e-04 2.8324e-04
322    2.6313e-01 3.5198e-04 2.7691e-04
323    2.6316e-01 3.0528e-04 2.8534e-04
324    2.6310e-01 2.5528e-04 2.9594e-04
325    2.6294e-01 2.1105e-04 3.1017e-04
326    2.6270e-01 1.8696e-04 3.2130e-04
327    2.6238e-01 2.1869e-04 3.2844e-04
328    2.6198e-01 2.4946e-04 3.2672e-04
329    2.6153e-01 2.7374e-04 3.2083e-04
330    2.6103e-01 2.9694e-04 3.0664e-04
331    2.6049e-01 3.1495e-04 2.8938e-04
332    2.5992e-01 3.3702e-04 2.6559e-04
333    2.5935e-01 3.8486e-04 2.4085e-04
334    2.5878e-01 4.3137e-04 2.1210e-04
335    2.5823e-01 4.7625e-04 1.8493e-04
336    2.5770e-01 5.1582e-04 1.6683e-04
337    2.5721e-01 5.4929e-04 1.6268e-04
338    2.5676e-01 5.7565e-04 1.5644e-04
339    2.5636e-01 5.9441e-04 1.4567e-04
340    2.5600e-01 6.0496e-04 1.5236e-04
341    2.5570e-01 6.0718e-04 1.7479e-04
342    2.5545e-01 6.0091e-04 1.8842e-04
343    2.5525e-01 5.8647e-04 2.0348e-04
344    2.5509e-01 5.6412e-04 2.0882e-04
345    2.5497e-01 5.3457e-04 2.1503e-04
346    2.5489e-01 4.9845e-04 2.1163e-04
347    2.5483e-01 4.5672e-04 2.0942e-04
348    2.5480e-01 4.1018e-04 1.9845e-04
349    2.5479e-01 3.5987e-04 1.8964e-04
350    2.5481e-01 3.0661e-04 1.7341e-04
351    2.5484e-01 2.5139e-04 1.6063e-04
352    2.5489e-01 1.9500e-04 1.4197e-04
353    2.5496e-01 1.8200e-04 1.2813e-04
354    2.5506e-01 2.0616e-04 1.2735e-04
355    2.5520e-01 2.2810e-04 1.5737e-04
356    2.5536e-01 2.4590e-04 1.8846e-04
357    2.5556e-01 2.7674e-04 2.1344e-04
358    2.5581e-01 3.1826e-04 2.3709e-04
359    2.5610e-01 3.5824e-04 2.5366e-04
360    2.5643e-01 3.9354e-04 2.6604e-04
361    2.5680e-01 4.2474e-04 2.7387e-04
362    2.5721e-01 4.5248e-04 2.7872e-04
363    2.5766e-01 4.7292e-04 2.7902e-04
364    2.5813e-01 4.8512e-04 2.7325e-04
365    2.5862e-01 4.9780e-04 2.6348e-04
366    2.5912e-01 5.0302e-04 2.5354e-04
367    2.5963e-01 4.9900e-04 2.4355e-04
368    2.6014e-01 4.8498e-04 2.3128e-04
369    2.6064e-01 4.6196e-04 2.2376e-04
370    2.6112e-01 4.2980e-04 2.1595e-04
371    2.6157e-01 3.9207e-04 2.0450e-04
372    2.6200e-01 3.7646e-04 1.8966e-04
373    2.6239e-01 3.5684e-04 1.7043e-04
374    2.6275e-01 3.3175e-04 1.4586e-04
375    2.6306e-01 3.0516e-04 1.3009e-04
376    2.6332e-01 2.7431e-04 1.2534e-04
377    2.6353e-01 2.4184e-04 1.1660e-04
378    2.6369e-01 2.0662e-04 1.0497e-04
379    2.6380e-01 1.7431e-04 9.3171e-05
380    2.6386e-01 1.9630e-04 1.0337e-04
381    2.6385e-01 2.3744e-04 1.1893e-04
382    2.6380e-01 2.7234e-04 1.3391e-04
383    2.6369e-01 3.0143e-04 1.4715e-04
384    2.6353e-01 3.2841e-04 1.5764e-04
385    2.6332e-01 3.5735e-04 1.6190e-04
386    2.6306e-01 3.8757e-04 1.6345e-04
387    2.6276e-01 4.1321e-04 1.5963e-04
388    2.6242e-01 4.3352e-04 1.5010e-04
389    2.6204e-01 4.5002e-04 1.3618e-04
390    2.6163e-01 4.6172e-04 1.2120e-04
391    2.6119e-01 4.6810e-04 1.1969e-04
392    2.6073e-01 4.6917e-04 1.2460e-04
393    2.6025e-01 4.6487e-04 1.3291e-04
394    2.5976e-01 4.5534e-04 1.4516e-04
395    2.5927e-01 4.4068e-04 1.5526e-04
396    2.5878e-01 4.2122e-04 1.7134e-04
397    2.5830e-01 3.9727e-04 1.8742e-04
398    2.5784e-01 3.6936e-04 1.9880e-04
399    2.5741e-01 3.3799e-04 2.1021e-04
400    2.5700e-01 3.0508e-04 2.1943e-04
401    2.5664e-01 2.7276e-04 2.2196e-04
402    2.5632e-01 2.3784e-04 2.2192e-04
403    2.5606e-01 2.0158e-04 2.1661e-04
404    2.5586e-01 1.6410e-04 2.0692e-04
405    2.5572e-01 1.2658e-04 1.9716e-04
406    2.5565e-01 1.1370e-04 1.8134e-04
407    2.5566e-01 1.3450e-04 1.6635e-04
408    2.5574e-01 1.5440e-04 1.5903e-04
409    2.5589e-01 1.7493e-04 1.6208e-04
410    2.5613e-01 2.1321e-04 1.6214e-04
411    2.5643e-01 2.5635e-04 1.6027e-04
412    2.5681e-01 3.0134e-04 1.5530e-04
413    2.5725e-01 3.4192e-04 1.4907e-04
414    2.5775e-01 3.7999e-04 1.4154e-04
415    2.5830e-01 4.1272e-04 1.3349e-04
416    2.5889e-01 4.4201e-04 1.2540e-04
417    2.5952e-01 4.6509e-04 1.2827e-04
418    2.6017e-01 4.8387e-04 1.3705e-04
419    2.6083e-01 4.9562e-04 1.4178e-04
420    2.6149e-01 5.0228e-04 1.4115e-04
421    2.6214e-01 5.0128e-04 1.3686e-04
422    2.6277e-01 4.9466e-04 1.3196e-04
423    2.6336e-01 4.8008e-04 1.2827e-04
424    2.6391e-01 4.5982e-04 1.2406e-04
425    2.6442e-01 4.3182e-04 1.1653e-04
426    2.6486e-01 3.9866e-04 1.1624e-04
427    2.6524e-01 3.5862e-04 1.1490e-04
428    2.6554e-01 3.1458e-04 1.1390e-04
429    2.6578e-01 2.6514e-04 1.0822e-04
430    2.6593e-01 2.1340e-04 1.0046e-04
431    2.6601e-01 1.5820e-04 1.0798e-04
432    2.6601e-01 1.1078e-04 1.1537e-04
433    2.6594e-01 7.4067e-05 1.2061e-04
434    2.6580e-01 9.7311e-05 1.2456e-04
435    2.6560e-01 1.4244e-04 1.2673e-04
436    2.6534e-01 1.8373e-04 1.3239e-04
437    2.6502e-01 2.2016e-04 1.4605e-04
438    2.6465e-01 2.5170e-04 1.6081e-04
439    2.6425e-01 2.7765e-04 1.7284e-04
440    2.6380e-01 2.9824e-04 1.8320e-04
441    2.6334e-01 3.1303e-04 1.8981e-04
442    2.6285e-01 3.2251e-04 1.9464e-04
443    2.6235e-01 3.2810e-04 1.9584e-04
444    2.6185e-01 3.3518e-04 1.9545e-04
445    2.6135e-01 3.4471e-04 1.9174e-04
446    2.6085e-01 3.5210e-04 1.8715e-04
447    2.6038e-01 3.5577e-04 1.8342e-04
448    2.5992e-01 3.5568e-04 1.7729e-04
449    2.5950e-01 3.5222e-04 1.7015e-04
450    2.5912e-01 3.4782e-04 1.6399e-04
451    2.5878e-01 3.3946e-04 1.7023e-04
452    2.5849e-01 3.2729e-04 1.7187e-04
453    2.5825e-01 3.1132e-04 1.7316e-04
454    2.5807e-01 2.9187e-04 1.6974e-04
455    2.5795e-01 2.6913e-04 1.6593e-04
456    2.5789e-01 2.4431e-04 1.5758e-04
457    2.5789e-01 2.1667e-04 1.4909e-04
458    2.5796e-01 1.8676e-04 1.3822e-04
459    2.5808e-01 1.5491e-04 1.2834e-04
460    2.5825e-01 1.5774e-04 1.1453e-04
461    2.5848e-01 1.8949e-04 1.0189e-04
462    2.5875e-01 2.1985e-04 8.8693e-05
463    2.5907e-01 2.5283e-04 1.0077e-04
464    2.5942e-01 2.8308e-04 1.1008e-04
465    2.5979e-01 3.0844e-04 1.1642e-04
466    2.6020e-01 3.3040e-04 1.1918e-04
467    2.6062e-01 3.4699e-04 1.1836e-04
468    2.6105e-01 3.5986e-04 1.1549e-04
469    2.6149e-01 3.6721e-04 1.2447e-04
470    2.6192e-01 3.7082e-04 1.3127e-04
471    2.6236e-01 3.6905e-04 1.3732e-04
472    2.6278e-01 3.6380e-04 1.4116e-04
473    2.6319e-01 3.5356e-04 1.4425e-04
474    2.6357e-01 3.4030e-04 1.4522e-04
475    2.6394e-01 3.2263e-04 1.5008e-04
476    2.6428e-01 3.0259e-04 1.5510e-04
477    2.6458e-01 2.8890e-04 1.5939e-04
478    2.6486e-01 2.8011e-04 1.6072e-04
479    2.6510e-01 2.6596e-04 1.6094e-04
480    2.6530e-01 2.4665e-04 1.5886e-04
481    2.6546e-01 2.2350e-04 1.5473e-04
482    2.6559e-01 1.9680e-04 1.4877e-04
483    2.6567e-01 1.6569e-04 1.3965e-04
484    2.6571e-01 1.3171e-04 1.2868e-04
485    2.6572e-01 9.9309e-05 1.2416e-04
486    2.6568e-01 7.5891e-05 1.1969e-04
487    2.6561e-01 8.7688e-05 1.1323e-04
488    2.6550e-01 9.7331e-05 1.0794e-04
489    2.6535e-01 1.1379e-04 1.0652e-04
490    2.6518e-01 1.4936e-04 1.0351e-04
491    2.6497e-01 1.8363e-04 1.0009e-04
492    2.6474e-01 2.1593e-04 9.5520e-05
493    2.6449e-01 2.4590e-04 9.3624e-05
494    2.6422e-01 2.7292e-04 9.3004e-05
495    2.6393e-01 2.9672e-04 9.2475e-05
496    2.6363e-01 3.1678e-04 9.3186e-05
497    2.6332e-01 3.3292e-04 9.9919e-05
498    2.6301e-01 3.4474e-04 1.0364e-04
499    2.6271e-01 3.5319e-04 1.0462e-04
500    2.6240e-01 3.5874e-04 1.0267e-04
501    2.6211e-01 3.6109e-04 9.8251e-05
502    2.6183e-01 3.5811e-04 1.0452e-04
503    2.6157e-01 3.4968e-04 1.1131e-04
504    2.6132e-01 3.3595e-04 1.1713e-04
505    2.6110e-01 3.1709e-04 1.2316e-04
506    2.6090e-01 2.9349e-04 1.2585e-04
507    2.6074e-01 2.6557e-04 1.2844e-04
508    2.6059e-01 2.3774e-04 1.2754e-04
509    2.6048e-01 2.0745e-04 1.2645e-04
510    2.6040e-01 1.7510e-04 1.2462e-04
511    2.6035e-01 1.4213e-04 1.2003e-04
512    2.6034e-01 1.0904e-04 1.1518e-04
513    2.6035e-01 7.5416e-05 1.0763e-04
514    2.6040e-01 6.6919e-05 1.0009e-04
515    2.6048e-01 1.0004e-04 1.0279e-04
516    2.6060e-01 1.3179e-04 1.1795e-04
517    2.6074e-01 1.6036e-04 1.3152e-04
518    2.6091e-01 1.8541e-04 1.4262e-04
519    2.6111e-01 2.0650e-04 1.5144e-04
520    2.6134e-01 2.2346e-04 1.5732e-04
521    2.6159e-01 2.3603e-04 1.6064e-04
522    2.6187e-01 2.4497e-04 1.6094e-04
523    2.6216e-01 2.5422e-04 1.5881e-04
524    2.6248e-01 2.6725e-04 1.5397e-04
525    2.6280e-01 2.7677e-04 1.4716e-04
526    2.6314e-01 2.8385e-04 1.4093e-04
527    2.6348e-01 2.8707e-04 1.3316e-04
528    2.6383e-01 2.8756e-04 1.2497e-04
529    2.6418e-01 2.8400e-04 1.2121e-04
530    2.6452e-01 2.7766e-04 1.1582e-04
531    2.6485e-01 2.6732e-04 1.1020e-04
532    2.6517e-01 2.5521e-04 1.0532e-04
533    2.6547e-01 2.4089e-04 9.8789e-05
534    2.6575e-01 2.2309e-04 9.1827e-05
535    2.6600e-01 2.0298e-04 8.5149e-05
536    2.6622e-01 1.7983e-04 7.7784e-05
537    2.6640e-01 1.5490e-04 7.0777e-05
538    2.6655e-01 1.2756e-04 6.9233e-05
539    2.6665e-01 9.9146e-05 6.8166e-05
540    2.6671e-01 7.6422e-05 6.7676e-05
541    2.6672e-01 1.0032e-04 6.7517e-05
542    2.6668e-01 1.2381e-04 6.5581e-05
543    2.6659e-01 1.4519e-04 6.2678e-05
544    2.6646e-01 1.6515e-04 5.7542e-05
545    2.6629e-01 1.8622e-04 5.2407e-05
546    2.6607e-01 2.0470e-04 6.3411e-05
547    2.6581e-01 2.2043e-04 7.2775e-05
548    2.6553e-01 2.3393e-04 8.1491e-05
549    2.6521e-01 2.4501e-04 8.9831e-05
550    2.6487e-01 2.5328e-04 9.6372e-05
551    2.6452e-01 2.5876e-04 1.0353e-04
552    2.6415e-01 2.6135e-04 1.1012e-04
553    2.6378e-01 2.6113e-04 1.1520e-04
554    2.6342e-01 2.5866e-04 1.1940e-04
555    2.6306e-01 2.5481e-04 1.2253e-04
556    2.6272e-01 2.4823e-04 1.2579e-04
557    2.6241e-01 2.3895e-04 1.2791e-04
558    2.6211e-01 2.2714e-04 1.2816e-04
559    2.6185e-01 2.1317e-04 1.3076e-04
560    2.6162e-01 1.9722e-04 1.3457e-04
561    2.6143e-01 1.7927e-04 1.3537e-04
562    2.6128e-01 1.5962e-04 1.3486e-04
563    2.6117e-01 1.3857e-04 1.3181e-04
564    2.6109e-01 1.1660e-04 1.2632e-04
565    2.6107e-01 9.3641e-05 1.1934e-04
566    2.6108e-01 7.0319e-05 1.0963e-04
567    2.6113e-01 5.6676e-05 9.8801e-05
568    2.6122e-01 8.6325e-05 8.6588e-05
569    2.6135e-01 1.1466e-04 7.4753e-05
570    2.6151e-01 1.4152e-04 7.2025e-05
571    2.6170e-01 1.6605e-04 7.4804e-05
572    2.6193e-01 1.9418e-04 7.6739e-05
573    2.6218e-01 2.1898e-04 7.8117e-05
574    2.6246e-01 2.4110e-04 7.8653e-05
575    2.6276e-01 2.5918e-04 7.9248e-05
576    2.6308e-01 2.7399e-04 8.1078e-05
577    2.6341e-01 2.8435e-04 8.2688e-05
578    2.6375e-01 2.9116e-04 8.6656e-05
579    2.6411e-01 2.9340e-04 8.8548e-05
580    2.6446e-01 2.9209e-04 8.8029e-05
581    2.6481e-01 2.8635e-04 8.5657e-05
582    2.6515e-01 2.7731e-04 8.4655e-05
583    2.6549e-01 2.6421e-04 8.6456e-05
584    2.6580e-01 2.4830e-04 8.7385e-05
585    2.6610e-01 2.2990e-04 8.8195e-05
586    2.6636e-01 2.0984e-04 8.8534e-05
587    2.6660e-01 1.8761e-04 8.8101e-05
588    2.6680e-01 1.6277e-04 8.7043e-05
589    2.6697e-01 1.3646e-04 8.4532e-05
590    2.6709e-01 1.1245e-04 8.1382e-05
591    2.6717e-01 8.9207e-05 7.7811e-05
592    2.6720e-01 6.4755e-05 7.3387e-05
593    2.6719e-01 5.4394e-05 6.7707e-05
594    2.6714e-01 6.4827e-05 6.8850e-05
595    2.6704e-01 7.4840e-05 7.1677e-05
596    2.6690e-01 9.7790e-05 7.4231e-05
597    2.6673e-01 1.1855e-04 7.9994e-05
598    2.6652e-01 1.3707e-04 8.4964e-05
599    2.6628e-01 1.5290e-04 9.2321e-05
600    2.6601e-01 1.6629e-04 9.8746e-05
601    2.6573e-01 1.7819e-04 1.0350e-04
602    2.6543e-01 1.8954e-04 1.0698e-04
603    2.6512e-01 1.9689e-04 1.0872e-04
604    2.6481e-01 2.0668e-04 1.0919e-04
605    2.6450e-01 2.1562e-04 1.0801e-04
606    2.6420e-01 2.2211e-04 1.0575e-04
607    2.6391e-01 2.2679e-04 1.0209e-04
608    2.6364e-01 2.3046e-04 9.8914e-05
609    2.6339e-01 2.3216e-04 9.5238e-05
610    2.6317e-01 2.3076e-04 1.0059e-04
611    2.6297e-01 2.2621e-04 1.0402e-04
612    2.6280e-01 2.1853e-04 1.0724e-04
613    2.6266e-01 2.0781e-04 1.0909e-04
614    2.6255e-01 1.9420e-04 1.0939e-04
615    2.6247e-01 1.7791e-04 1.0870e-04
616    2.6242e-01 1.5921e-04 1.0555e-04
617    2.6241e-01 1.3843e-04 1.0143e-04
618    2.6242e-01 1.1735e-04 9.4993e-05
619    2.6246e-01 9.5387e-05 8.7812e-05
620    2.6252e-01 7.2564e-05 7.8989e-05
621    2.6261e-01 8.4155e-05 6.9443e-05
622    2.6272e-01 1.0264e-04 5.9679e-05
623    2.6285e-01 1.1967e-04 4.8874e-05
624    2.6300e-01 1.3922e-04 5.0482e-05
625    2.6317e-01 1.5662e-04 6.0072e-05
626    2.6335e-01 1.7217e-04 6.9074e-05
627    2.6355e-01 1.8488e-04 7.7477e-05
628    2.6376e-01 1.9541e-04 8.4933e-05
629    2.6398e-01 2.0289e-04 9.1482e-05
630    2.6420e-01 2.0808e-04 9.6841e-05
631    2.6444e-01 2.1022e-04 1.0152e-04
632    2.6468e-01 2.1016e-04 1.0573e-04
633    2.6492e-01 2.0721e-04 1.0870e-04
634    2.6516e-01 2.0228e-04 1.1064e-04
635    2.6540e-01 1.9667e-04 1.1129e-04
636    2.6563e-01 1.9051e-04 1.1089e-04
637    2.6586e-01 1.8348e-04 1.0923e-04
638    2.6607e-01 1.7299e-04 1.0721e-04
639    2.6627e-01 1.6186e-04 1.0450e-04
640    2.6646e-01 1.5031e-04 1.0050e-04
641    2.6662e-01 1.3608e-04 9.5739e-05
642    2.6676e-01 1.2096e-04 9.0505e-05
643    2.6688e-01 1.0361e-04 8.3895e-05
644    2.6697e-01 8.5839e-05 7.6290e-05
645    2.6702e-01 6.8306e-05 6.7514e-05
646    2.6705e-01 4.8518e-05 5.8012e-05
647    2.6705e-01 4.2463e-05 4.7679e-05
648    2.6702e-01 4.9738e-05 4.1323e-05
649    2.6696e-01 7.0244e-05 4.0085e-05
650    2.6686e-01 9.0747e-05 3.8795e-05
651    2.6675e-01 1.1019e-04 4.0368e-05
652    2.6660e-01 1.2809e-04 4.4407e-05
653    2.6644e-01 1.4417e-04 4.8033e-05
654    2.6625e-01 1.5825e-04 5.1494e-05
655    2.6605e-01 1.7381e-04 5.4476e-05
656    2.6584e-01 1.8740e-04 5.7752e-05
657    2.6562e-01 1.9841e-04 6.2221e-05
658    2.6539e-01 2.0668e-04 6.5062e-05
659    2.6516e-01 2.1208e-04 6.6166e-05
660    2.6494e-01 2.1477e-04 6.5865e-05
661    2.6472e-01 2.1558e-04 7.0704e-05
662    2.6451e-01 2.1342e-04 7.7172e-05
663    2.6431e-01 2.0833e-04 8.2467e-05
664    2.6412e-01 2.0038e-04 8.7194e-05
665    2.6395e-01 1.8971e-04 9.0492e-05
666    2.6380e-01 1.7650e-04 9.2991e-05
667    2.6367e-01 1.6100e-04 9.3929e-05
668    2.6355e-01 1.4349e-04 9.4155e-05
669    2.6346e-01 1.2504e-04 9.2597e-05
670    2.6339e-01 1.0750e-04 9.0099e-05
671    2.6334e-01 8.8856e-05 8.5902e-05
672    2.6331e-01 6.9392e-05 8.0903e-05
673    2.6330e-01 4.9461e-05 7.4415e-05
674    2.6331e-01 3.1920e-05 6.7376e-05
675    2.6335e-01 4.8794e-05 5.9156e-05
676    2.6341e-01 6.5264e-05 5.6881e-05
677    2.6349e-01 8.1528e-05 6.3944e-05
678    2.6359e-01 9.8014e-05 7.0487e-05
679    2.6371e-01 1.1386e-04 7.6219e-05
680    2.6384e-01 1.2971e-04 8.0922e-05
681    2.6400e-01 1.4365e-04 8.4615e-05
682    2.6418e-01 1.5613e-04 8.7137e-05
683    2.6437e-01 1.6633e-04 8.8568e-05
684    2.6457e-01 1.7474e-04 8.9237e-05
685    2.6479e-01 1.8064e-04 8.9148e-05
686    2.6501e-01 1.8457e-04 8.8235e-05
687    2.6524e-01 1.8587e-04 8.6422e-05
688    2.6548e-01 1.8514e-04 8.3924e-05
689    2.6572e-01 1.8181e-04 8.0685e-05
690    2.6595e-01 1.7745e-04 7.7546e-05
691    2.6618e-01 1.7160e-04 7.5373e-05
692    2.6640e-01 1.6329e-04 7.2587e-05
693    2.6661e-01 1.5314e-04 6.9863e-05
694    2.6680e-01 1.4073e-04 6.6714e-05
695    2.6697e-01 1.2674e-04 6.4070e-05
696    2.6711e-01 1.1083e-04 6.2433e-05
697    2.6723e-01 9.3736e-05 5.9565e-05
698    2.6732e-01 7.5163e-05 5.6461e-05
699    2.6738e-01 5.5893e-05 5.3238e-05
700    2.6741e-01 3.6469e-05 4.9877e-05
701    2.6741e-01 4.1551e-05 4.6362e-05
702    2.6737e-01 5.5558e-05 4.1869e-05
703    2.6731e-01 6.9668e-05 3.6655e-05
704    2.6721e-01 8.3059e-05 3.4831e-05
705    2.6708e-01 9.5372e-05 4.1832e-05
706    2.6693e-01 1.0671e-04 4.8655e-05
707    2.6676e-01 1.1860e-04 5.4755e-05
708    2.6656e-01 1.2911e-04 6.0125e-05
709    2.6635e-01 1.3813e-04 6.4578e-05
710    2.6613e-01 1.4621e-04 6.8848e-05
711    2.6590e-01 1.5249e-04 7.3444e-05
712    2.6566e-01 1.5689e-04 7.7253e-05
713    2.6543e-01 1.5935e-04 8.0067e-05
714    2.6520e-01 1.6035e-04 8.2301e-05
715    2.6498e-01 1.6020e-04 8.4184e-05
716    2.6477e-01 1.5815e-04 8.4986e-05
717    2.6458e-01 1.5419e-04 8.4871e-05
718    2.6440e-01 1.4838e-04 8.6620e-05
719    2.6424e-01 1.4080e-04 8.8703e-05
720    2.6411e-01 1.3154e-04 8.9767e-05
721    2.6399e-01 1.2082e-04 8.9210e-05
722    2.6390e-01 1.1015e-04 8.7592e-05
723    2.6383e-01 9.8192e-05 8.4385e-05
724    2.6379e-01 8.5109e-05 8.0431e-05
725    2.6377e-01 7.1112e-05 7.5519e-05
726    2.6377e-01 5.6404e-05 6.9772e-05
727    2.6379e-01 4.1231e-05 6.2877e-05
728    2.6384e-01 5.0548e-05 5.5409e-05
729    2.6391e-01 6.6763e-05 4.7102e-05
730    2.6400e-01 8.1998e-05 3.8551e-05
731    2.6410e-01 9.5841e-05 3.6400e-05
732    2.6423e-01 1.1163e-04 4.1457e-05
733    2.6437e-01 1.2585e-04 4.6283e-05
734    2.6452e-01 1.3847e-04 5.0724e-05
735    2.6469e-01 1.4880e-04 5.4760e-05
736    2.6487e-01 1.5724e-04 5.8261e-05
737    2.6506e-01 1.6319e-04 6.1234e-05
738    2.6526e-01 1.6711e-04 6.4165e-05
739    2.6546e-01 1.6849e-04 6.6680e-05
740    2.6566e-01 1.6785e-04 6.8724e-05
741    2.6587e-01 1.6476e-04 7.0182e-05
742    2.6607e-01 1.5981e-04 7.1126e-05
743    2.6627e-01 1.5263e-04 7.1452e-05
744    2.6646e-01 1.4458e-04 7.1660e-05
745    2.6664e-01 1.3550e-04 7.1616e-05
746    2.6681e-01 1.2455e-04 7.0920e-05
747    2.6696e-01 1.1233e-04 6.9885e-05
748    2.6709e-01 9.8575e-05 6.8356e-05
749    2.6720e-01 8.3907e-05 6.5896e-05
750    2.6728e-01 7.0311e-05 6.2619e-05
751    2.6735e-01 5.5898e-05 5.8471e-05
752    2.6738e-01 4.1511e-05 5.3559e-05
753    2.6739e-01 3.0718e-05 4.7799e-05
754    2.6738e-01 3.6604e-05 4.1386e-05
755    2.6734e-01 4.1830e-05 3.4464e-05
756    2.6727e-01 4.9836e-05 3.5551e-05
757    2.6718e-01 6.2705e-05 3.9785e-05
758    2.6707e-01 7.4499e-05 4.3636e-05
759    2.6694e-01 8.4932e-05 4.6972e-05
760    2.6679e-01 9.3991e-05 5.0087e-05
761    2.6663e-01 1.0307e-04 5.2658e-05
762    2.6646e-01 1.1138e-04 5.5673e-05
763    2.6628e-01 1.2162e-04 5.8412e-05
764    2.6609e-01 1.3049e-04 6.0525e-05
765    2.6590e-01 1.3767e-04 6.1908e-05
766    2.6572e-01 1.4305e-04 6.2690e-05
767    2.6554e-01 1.4685e-04 6.3201e-05
768    2.6537e-01 1.4937e-04 6.3224e-05
769    2.6521e-01 1.4993e-04 6.5889e-05
770    2.6506e-01 1.4849e-04 6.9769e-05
771    2.6493e-01 1.4507e-04 7.2645e-05
772    2.6480e-01 1.3969e-04 7.4734e-05
773    2.6470e-01 1.3244e-04 7.5693e-05
774    2.6461e-01 1.2342e-04 7.5774e-05
775    2.6454e-01 1.1279e-04 7.4677e-05
776    2.6449e-01 1.0070e-04 7.2691e-05
777    2.6446e-01 8.7365e-05 6.9570e-05
778    2.6444e-01 7.2998e-05 6.5641e-05
779    2.6444e-01 5.9000e-05 6.0705e-05
780    2.6445e-01 4.4516e-05 5.5126e-05
781    2.6448e-01 3.5875e-05 4.8745e-05
782    2.6452e-01 4.7655e-05 4.1950e-05
783    2.6458e-01 5.8822e-05 3.4610e-05
784    2.6465e-01 7.0148e-05 3.4403e-05
785    2.6474e-01 8.1224e-05 4.0655e-05
786    2.6484e-01 9.1967e-05 4.6447e-05
787    2.6494e-01 1.0146e-04 5.2136e-05
788    2.6506e-01 1.0980e-04 5.7626e-05
789    2.6519e-01 1.1648e-04 6.2380e-05
790    2.6533e-01 1.2184e-04 6.6660e-05
791    2.6547e-01 1.2543e-04 7.0310e-05
792    2.6562e-01 1.2764e-04 7.3164e-05
793    2.6577e-01 1.2808e-04 7.5131e-05
794    2.6593e-01 1.2717e-04 7.6259e-05
795    2.6609e-01 1.2477e-04 7.6487e-05
796    2.6625e-01 1.2144e-04 7.5886e-05
797    2.6640e-01 1.1743e-04 7.4607e-05
798    2.6655e-01 1.1119e-04 7.3062e-05
799    2.6669e-01 1.0450e-04 7.0727e-05
800    2.6683e-01 9.6608e-05 6.7581e-05
801    2.6695e-01 8.7765e-05 6.4043e-05
802    2.6706e-01 7.7713e-05 6.0066e-05
803    2.6715e-01 6.6928e-05 5.5283e-05
804    2.6722e-01 5.5584e-05 4.9824e-05
805    2.6728e-01 4.3414e-05 4.3909e-05
806    2.6731e-01 3.2291e-05 3.8837e-05
807    2.6733e-01 2.3181e-05 3.4633e-05
808    2.6732e-01 2.7992e-05 3.1321e-05
809    2.6729e-01 4.0368e-05 2.8127e-05
810    2.6724e-01 5.2189e-05 2.4351e-05
811    2.6718e-01 6.3844e-05 2.2416e-05
812    2.6709e-01 7.4729e-05 2.5992e-05
813    2.6699e-01 8.4538e-05 2.9632e-05
814    2.6687e-01 9.3131e-05 3.3347e-05
815    2.6674e-01 1.0107e-04 3.6694e-05
816    2.6660e-01 1.0947e-04 3.9674e-05
817    2.6646e-01 1.1637e-04 4.2215e-05
818    2.6630e-01 1.2167e-04 4.5314e-05
819    2.6615e-01 1.2531e-04 4.8297e-05
820    2.6599e-01 1.2724e-04 5.0881e-05
821    2.6584e-01 1.2769e-04 5.3385e-05
822    2.6569e-01 1.2708e-04 5.7000e-05
823    2.6555e-01 1.2483e-04 6.0524e-05
824    2.6542e-01 1.2097e-04 6.3213e-05
825    2.6530e-01 1.1556e-04 6.5326e-05
826    2.6519e-01 1.0869e-04 6.7014e-05
827    2.6509e-01 1.0048e-04 6.7633e-05
828    2.6500e-01 9.1064e-05 6.7411e-05
829    2.6493e-01 8.0592e-05 6.6089e-05
830    2.6488e-01 6.9594e-05 6.3946e-05
831    2.6483e-01 5.8959e-05 6.0769e-05
832    2.6481e-01 4.7685e-05 5.6926e-05
833    2.6480e-01 3.5957e-05 5.2277e-05
834    2.6480e-01 2.3961e-05 4.7042e-05
835    2.6482e-01 2.6913e-05 4.1157e-05
836    2.6485e-01 3.8004e-05 3.4891e-05
837    2.6490e-01 4.8695e-05 3.1600e-05
838    2.6496e-01 5.9162e-05 3.5886e-05
839    2.6503e-01 6.9305e-05 3.9731e-05
840    2.6512e-01 7.9919e-05 4.3450e-05
841    2.6522e-01 8.9294e-05 4.7130e-05
842    2.6533e-01 9.7629e-05 5.0261e-05
843    2.6545e-01 1.0447e-04 5.3126e-05
844    2.6558e-01 1.1007e-04 5.5444e-05
845    2.6572e-01 1.1401e-04 5.7161e-05
846    2.6586e-01 1.1659e-04 5.8315e-05
847    2.6601e-01 1.1744e-04 5.8867e-05
848    2.6616e-01 1.1690e-04 5.8874e-05
849    2.6631e-01 1.1467e-04 5.8310e-05
850    2.6646e-01 1.1157e-04 5.7553e-05
851    2.6661e-01 1.0758e-04 5.6522e-05
852    2.6675e-01 1.0202e-04 5.4967e-05
853    2.6688e-01 9.5280e-05 5.3075e-05
854    2.6700e-01 8.7135e-05 5.2112e-05
855    2.6710e-01 7.7995e-05 5.1058e-05
856    2.6720e-01 6.7686e-05 4.9306e-05
857    2.6727e-01 5.6652e-05 4.6780e-05
858    2.6733e-01 4.4753e-05 4.3599e-05
859    2.6737e-01 3.2459e-05 3.9706e-05
860    2.6739e-01 2.2655e-05 3.5564e-05
861    2.6739e-01 2.2444e-05 3.1379e-05
862    2.6737e-01 2.6715e-05 2.7387e-05
863    2.6733e-01 3.5335e-05 2.3018e-05
864    2.6727e-01 4.4353e-05 2.1509e-05
865    2.6720e-01 5.3020e-05 2.6130e-05
866    2.6711e-01 6.1003e-05 3.0741e-05
867    2.6700e-01 6.8323e-05 3.5086e-05
868    2.6688e-01 7.6733e-05 3.8947e-05
869    2.6676e-01 8.3576e-05 4.2249e-05
870    2.6662e-01 8.9035e-05 4.4976e-05
871    2.6648e-01 9.2988e-05 4.7076e-05
872    2.6634e-01 9.6984e-05 4.9806e-05
873    2.6619e-01 9.9749e-05 5.2256e-05
874    2.6605e-01 1.0125e-04 5.4233e-05
875    2.6591e-01 1.0220e-04 5.5806e-05
876    2.6578e-01 1.0193e-04 5.6681e-05
877    2.6566e-01 1.0041e-04 5.7822e-05
878    2.6555e-01 9.7639e-05 5.9626e-05
879    2.6544e-01 9.3658e-05 6.0985e-05
880    2.6535e-01 8.8513e-05 6.1557e-05
881    2.6528e-01 8.2278e-05 6.1151e-05
882    2.6521e-01 7.5040e-05 6.0148e-05
883    2.6516e-01 6.6906e-05 5.8293e-05
884    2.6513e-01 5.7993e-05 5.5675e-05
885    2.6511e-01 4.8938e-05 5.2244e-05
886    2.6510e-01 3.9597e-05 4.8159e-05
887    2.6510e-01 2.9834e-05 4.3400e-05
888    2.6512e-01 2.5435e-05 3.8150e-05
889    2.6516e-01 3.5179e-05 3.2414e-05
890    2.6520e-01 4.4417e-05 2.6389e-05
891    2.6526e-01 5.3081e-05 2.1251e-05
892    2.6533e-01 6.2084e-05 2.5562e-05
893    2.6541e-01 7.0942e-05 2.9634e-05
894    2.6550e-01 7.8898e-05 3.3411e-05
895    2.6559e-01 8.5572e-05 3.6836e-05
896    2.6570e-01 9.1155e-05 4.0598e-05
897    2.6581e-01 9.5312e-05 4.4173e-05
898    2.6593e-01 9.8275e-05 4.7319e-05
899    2.6605e-01 9.9755e-05 4.9967e-05
900    2.6617e-01 1.0003e-04 5.2111e-05
901    2.6630e-01 9.8840e-05 5.3698e-05
902    2.6642e-01 9.6509e-05 5.4736e-05
903    2.6654e-01 9.2826e-05 5.5201e-05
904    2.6666e-01 8.8773e-05 5.5466e-05
905    2.6677e-01 8.3848e-05 5.5136e-05
906    2.6688e-01 7.7770e-05 5.4186e-05
907    2.6698e-01 7.0872e-05 5.2627e-05
908    2.6706e-01 6.2998e-05 5.0449e-05
909    2.6714e-01 5.4507e-05 4.7877e-05
910    2.6720e-01 4.6150e-05 4.4846e-05
911    2.6725e-01 3.7302e-05 4.1203e-05
912    2.6728e-01 2.8160e-05 3.7010e-05
913    2.6730e-01 1.9372e-05 3.2309e-05
914    2.6730e-01 2.1246e-05 2.7605e-05
915    2.6729e-01 2.4719e-05 2.3453e-05
916    2.6726e-01 2.7681e-05 1.8933e-05
917    2.6721e-01 3.3265e-05 1.7605e-05
918    2.6716e-01 4.0944e-05 2.1012e-05
919    2.6709e-01 4.8853e-05 2.4175e-05
920    2.6700e-01 5.6355e-05 2.7250e-05
921    2.6691e-01 6.3091e-05 3.0135e-05
922    2.6681e-01 6.8961e-05 3.2635e-05
923    2.6671e-01 7.5069e-05 3.4713e-05
924    2.6659e-01 8.0782e-05 3.6369e-05
925    2.6648e-01 8.5410e-05 3.8210e-05
926    2.6637e-01 8.8884e-05 4.0258e-05
927    2.6625e-01 9.1156e-05 4.1963e-05
928    2.6614e-01 9.2622e-05 4.3390e-05
929    2.6603e-01 9.3044e-05 4.6464e-05
930    2.6593e-01 9.2239e-05 4.8871e-05
931    2.6584e-01 9.0214e-05 5.1012e-05
932    2.6575e-01 8.6991e-05 5.2542e-05
933    2.6567e-01 8.2620e-05 5.3344e-05
934    2.6561e-01 7.7161e-05 5.3455e-05
935    2.6555e-01 7.0702e-05 5.2811e-05
936    2.6550e-01 6.3341e-05 5.1476e-05
937    2.6547e-01 5.5198e-05 4.9414e-05
938    2.6544e-01 4.6397e-05 4.6714e-05
939    2.6543e-01 3.7269e-05 4.3369e-05
940    2.6542e-01 2.8370e-05 3.9491e-05
941    2.6543e-01 1.9202e-05 3.5094e-05
942    2.6545e-01 2.3266e-05 3.0308e-05
943    2.6547e-01 3.0228e-05 2.5165e-05
944    2.6551e-01 3.7509e-05 2.0219e-05
945    2.6556e-01 4.4616e-05 2.4744e-05
946    2.6561e-01 5.2050e-05 2.8956e-05
947    2.6568e-01 5.8634e-05 3.2791e-05
948    2.6575e-01 6.4766e-05 3.6196e-05
949    2.6583e-01 6.9909e-05 3.9123e-05
950    2.6592e-01 7.4224e-05 4.2286e-05
951    2.6601e-01 7.7438e-05 4.5200e-05
952    2.6610e-01 7.9742e-05 4.7578e-05
953    2.6620e-01 8.0894e-05 4.9376e-05
954    2.6631e-01 8.1114e-05 5.0601e-05
955    2.6641e-01 8.0192e-05 5.1224e-05
956    2.6651e-01 7.8378e-05 5.1270e-05
957    2.6662e-01 7.6145e-05 5.0990e-05
958    2.6672e-01 7.3036e-05 5.0196e-05
959    2.6681e-01 6.9128e-05 4.8841e-05
960    2.6690e-01 6.4255e-05 4.6929e-05
961    2.6698e-01 5.8686e-05 4.4495e-05
962    2.6705e-01 5.2278e-05 4.1688e-05
963    2.6712e-01 4.5322e-05 3.9836e-05
964    2.6717e-01 3.7698e-05 3.7942e-05
965    2.6721e-01 2.9853e-05 3.5488e-05
966    2.6724e-01 2.2565e-05 3.2530e-05
967    2.6726e-01 1.6380e-05 2.9070e-05
968    2.6726e-01 1.7130e-05 2.5176e-05
969    2.6725e-01 2.0794e-05 2.1565e-05
970    2.6722e-01 2.8099e-05 1.8355e-05
971    2.6718e-01 3.5184e-05 1.4824e-05
972    2.6714e-01 4.1995e-05 1.5191e-05
973    2.6707e-01 4.8209e-05 1.8796e-05
974    2.6700e-01 5.3740e-05 2.2266e-05
975    2.6692e-01 5.8509e-05 2.5459e-05
976    2.6684e-01 6.3106e-05 2.8342e-05
977    2.6674e-01 6.7767e-05 3.0869e-05
978    2.6665e-01 7.1509e-05 3.3019e-05
979    2.6655e-01 7.4284e-05 3.4757e-05
980    2.6645e-01 7.6060e-05 3.6761e-05
981    2.6635e-01 7.6890e-05 3.8993e-05
982    2.6625e-01 7.7162e-05 4.1197e-05
983    2.6615e-01 7.6451e-05 4.3639e-05
984    2.6606e-01 7.4763e-05 4.5673e-05
985    2.6598e-01 7.2125e-05 4.7141e-05
986    2.6590e-01 6.8574e-05 4.7921e-05
987    2.6583e-01 6.4165e-05 4.8196e-05
988    2.6577e-01 5.8964e-05 4.8004e-05
989    2.6572e-01 5.3052e-05 4.7083e-05
990    2.6568e-01 4.6519e-05 4.5537e-05
991    2.6564e-01 3.9467e-05 4.3306e-05
992    2.6562e-01 3.2342e-05 4.0544e-05
993    2.6561e-01 2.5218e-05 3.7291e-05
994    2.6561e-01 1.7857e-05 3.3566e-05
995    2.6561e-01 1.6001e-05 2.9408e-05
996    2.6563e-01 2.1667e-05 2.4913e-05
997    2.6566e-01 2.8474e-05 2.0131e-05
998    2.6570e-01 3.5138e-05 1.8480e-05
999    2.6574e-01 4.1689e-05 2.1883e-05
1000   2.6580e-01 4.8373e-05 2.5020e-05
1001   2.6586e-01 5.4463e-05 2.7851e-05
1002   2.6593e-01 5.9879e-05 3.0345e-05
1003   2.6601e-01 6.4357e-05 3.2620e-05
1004   2.6609e-01 6.8026e-05 3.5227e-05
1005   2.6617e-01 7.0652e-05 3.7436e-05
1006   2.6626e-01 7.2392e-05 3.9242e-05
1007   2.6636e-01 7.3045e-05 4.0613e-05
1008   2.6645e-01 7.2800e-05 4.1554e-05
1009   2.6654e-01 7.1487e-05 4.2045e-05
1010   2.6664e-01 6.9465e-05 4.2298e-05
1011   2.6673e-01 6.6950e-05 4.2146e-05
1012   2.6681e-01 6.3476e-05 4.1542e-05
1013   2.6690e-01 5.9265e-05 4.0494e-05
1014   2.6697e-01 5.4198e-05 3.9854e-05
1015   2.6704e-01 4.8520e-05 3.9109e-05
1016   2.6710e-01 4.2134e-05 3.7825e-05
1017   2.6715e-01 3.5305e-05 3.6001e-05
1018   2.6719e-01 2.8179e-05 3.3676e-05
1019   2.6721e-01 2.0914e-05 3.0862e-05
1020   2.6723e-01 1.5337e-05 2.7611e-05
1021   2.6723e-01 1.4956e-05 2.4283e-05
1022   2.6723e-01 1.7852e-05 2.0676e-05
1023   2.6721e-01 2.0466e-05 1.6791e-05
1024   2.6718e-01 2.4312e-05 1.3506e-05
1025   2.6714e-01 3.0414e-05 1.3994e-05
1026   2.6708e-01 3.6044e-05 1.7457e-05
1027   2.6702e-01 4.1072e-05 2.0791e-05
1028   2.6695e-01 4.5960e-05 2.3829e-05
1029   2.6688e-01 5.0575e-05 2.6526e-05
1030   2.6680e-01 5.4326e-05 2.8855e-05
1031   2.6671e-01 5.7265e-05 3.0785e-05
1032   2.6663e-01 5.9826e-05 3.2302e-05
1033   2.6654e-01 6.2109e-05 3.3643e-05
1034   2.6645e-01 6.3603e-05 3.5658e-05
1035   2.6636e-01 6.4670e-05 3.7264e-05
1036   2.6628e-01 6.4916e-05 3.8484e-05
1037   2.6620e-01 6.4333e-05 4.0369e-05
1038   2.6612e-01 6.2924e-05 4.1743e-05
1039   2.6605e-01 6.0705e-05 4.2587e-05
1040   2.6599e-01 5.7704e-05 4.2898e-05
1041   2.6594e-01 5.3964e-05 4.2834e-05
1042   2.6589e-01 4.9536e-05 4.2236e-05
1043   2.6586e-01 4.4488e-05 4.1049e-05
1044   2.6583e-01 3.8892e-05 3.9304e-05
1045   2.6581e-01 3.2832e-05 3.7017e-05
1046   2.6580e-01 2.6398e-05 3.4239e-05
1047   2.6579e-01 2.0041e-05 3.1006e-05
1048   2.6580e-01 1.3792e-05 2.7383e-05
1049   2.6581e-01 1.8548e-05 2.3421e-05
1050   2.6584e-01 2.3681e-05 1.9198e-05
1051   2.6587e-01 2.9234e-05 1.4773e-05
1052   2.6591e-01 3.4583e-05 1.5505e-05
1053   2.6595e-01 4.0284e-05 1.8902e-05
1054   2.6600e-01 4.5480e-05 2.2075e-05
1055   2.6606e-01 4.9942e-05 2.4982e-05
1056   2.6612e-01 5.3768e-05 2.7582e-05
1057   2.6619e-01 5.6756e-05 2.9842e-05
1058   2.6626e-01 5.9029e-05 3.2325e-05
1059   2.6634e-01 6.0410e-05 3.4636e-05
1060   2.6641e-01 6.1047e-05 3.6547e-05
1061   2.6649e-01 6.0789e-05 3.8025e-05
1062   2.6657e-01 5.9809e-05 3.9063e-05
1063   2.6664e-01 5.7979e-05 3.9678e-05
1064   2.6672e-01 5.5884e-05 3.9975e-05
1065   2.6679e-01 5.3183e-05 3.9801e-05
1066   2.6686e-01 4.9745e-05 3.9152e-05
1067   2.6692e-01 4.5766e-05 3.8034e-05
1068   2.6698e-01 4.1151e-05 3.6453e-05
1069   2.6703e-01 3.6110e-05 3.4431e-05
1070   2.6707e-01 3.0780e-05 3.2693e-05
1071   2.6711e-01 2.5254e-05 3.0857e-05
1072   2.6714e-01 1.9710e-05 2.8536e-05
1073   2.6715e-01 1.4641e-05 2.5843e-05
1074   2.6716e-01 1.2458e-05 2.2971e-05
1075   2.6716e-01 1.4900e-05 1.9957e-05
1076   2.6715e-01 1.7026e-05 1.6629e-05
1077   2.6713e-01 1.9166e-05 1.3075e-05
1078   2.6710e-01 2.3930e-05 1.0342e-05
1079   2.6706e-01 2.9128e-05 1.2199e-05
1080   2.6701e-01 3.3923e-05 1.5059e-05
1081   2.6696e-01 3.8245e-05 1.7750e-05
1082   2.6690e-01 4.2031e-05 2.0206e-05
1083   2.6684e-01 4.5226e-05 2.2395e-05
1084   2.6677e-01 4.8793e-05 2.4296e-05
1085   2.6670e-01 5.1850e-05 2.5886e-05
1086   2.6663e-01 5.4198e-05 2.7153e-05
1087   2.6656e-01 5.5806e-05 2.8523e-05
1088   2.6648e-01 5.6913e-05 3.0327e-05
1089   2.6641e-01 5.7342e-05 3.2703e-05
1090   2.6634e-01 5.7012e-05 3.4691e-05
1091   2.6628e-01 5.5930e-05 3.6240e-05
1092   2.6622e-01 5.4107e-05 3.7275e-05
1093   2.6616e-01 5.1572e-05 3.7835e-05
1094   2.6611e-01 4.8362e-05 3.7857e-05
1095   2.6607e-01 4.4527e-05 3.7537e-05
1096   2.6603e-01 4.0124e-05 3.6728e-05
1097   2.6600e-01 3.5223e-05 3.5416e-05
1098   2.6598e-01 2.9899e-05 3.3622e-05
1099   2.6596e-01 2.4234e-05 3.1375e-05
1100   2.6596e-01 1.8413e-05 2.8713e-05
1101   2.6595e-01 1.2833e-05 2.5678e-05
1102   2.6596e-01 1.2843e-05 2.2323e-05
1103   2.6597e-01 1.6703e-05 1.8700e-05
1104   2.6599e-01 2.1138e-05 1.4870e-05
1105   2.6602e-01 2.6210e-05 1.3439e-05
1106   2.6605e-01 3.1215e-05 1.6590e-05
1107   2.6609e-01 3.5520e-05 1.9519e-05
1108   2.6614e-01 3.9624e-05 2.2187e-05
1109   2.6619e-01 4.2912e-05 2.4561e-05
1110   2.6624e-01 4.5897e-05 2.6610e-05
1111   2.6630e-01 4.8221e-05 2.8424e-05
1112   2.6636e-01 5.0042e-05 3.0514e-05
1113   2.6642e-01 5.1120e-05 3.2225e-05
1114   2.6649e-01 5.1578e-05 3.3547e-05
1115   2.6656e-01 5.1287e-05 3.4461e-05
1116   2.6662e-01 5.0389e-05 3.4969e-05
1117   2.6669e-01 4.9149e-05 3.5206e-05
1118   2.6675e-01 4.7302e-05 3.5026e-05
1119   2.6682e-01 4.4913e-05 3.4434e-05
1120   2.6688e-01 4.1887e-05 3.3435e-05
1121   2.6693e-01 3.8387e-05 3.2416e-05
1122   2.6698e-01 3.4333e-05 3.1878e-05
1123   2.6702e-01 2.9904e-05 3.0901e-05
1124   2.6706e-01 2.5033e-05 2.9495e-05
1125   2.6709e-01 2.0109e-05 2.7677e-05
1126   2.6711e-01 1.5299e-05 2.5469e-05
1127   2.6712e-01 1.1697e-05 2.2898e-05
1128   2.6713e-01 1.0992e-05 2.0090e-05
1129   2.6712e-01 1.3081e-05 1.7201e-05
1130   2.6711e-01 1.4918e-05 1.4038e-05
1131   2.6709e-01 1.9110e-05 1.1163e-05
1132   2.6706e-01 2.3475e-05 8.8260e-06
1133   2.6703e-01 2.7520e-05 1.1103e-05
1134   2.6698e-01 3.1180e-05 1.3924e-05
1135   2.6694e-01 3.4403e-05 1.6554e-05
1136   2.6688e-01 3.7145e-05 1.8960e-05
1137   2.6682e-01 3.9846e-05 2.1108e-05
1138   2.6676e-01 4.2518e-05 2.2974e-05
1139   2.6670e-01 4.4613e-05 2.4532e-05
1140   2.6664e-01 4.6108e-05 2.5767e-05
1141   2.6657e-01 4.7083e-05 2.7090e-05
1142   2.6651e-01 4.7620e-05 2.8776e-05
1143   2.6645e-01 4.7543e-05 3.0745e-05
1144   2.6639e-01 4.6853e-05 3.2288e-05
1145   2.6633e-01 4.5558e-05 3.3445e-05
1146   2.6628e-01 4.3678e-05 3.4143e-05
1147   2.6623e-01 4.1240e-05 3.4393e-05
1148   2.6619e-01 3.8281e-05 3.4152e-05
1149   2.6615e-01 3.4843e-05 3.3498e-05
1150   2.6612e-01 3.0979e-05 3.2499e-05
1151   2.6610e-01 2.6747e-05 3.1026e-05
1152   2.6608e-01 2.2207e-05 2.9139e-05
1153   2.6607e-01 1.7429e-05 2.6849e-05
1154   2.6606e-01 1.2803e-05 2.4265e-05
1155   2.6607e-01 9.9534e-06 2.1369e-05
1156   2.6607e-01 1.3097e-05 1.8206e-05
1157   2.6609e-01 1.6453e-05 1.4830e-05
1158   2.6611e-01 2.0828e-05 1.1291e-05
1159   2.6614e-01 2.5110e-05 1.1795e-05
1160   2.6617e-01 2.9287e-05 1.4435e-05
1161   2.6621e-01 3.2868e-05 1.6894e-05
1162   2.6625e-01 3.6376e-05 1.9140e-05
1163   2.6630e-01 3.9308e-05 2.1147e-05
1164   2.6635e-01 4.1736e-05 2.2889e-05
1165   2.6640e-01 4.3518e-05 2.4554e-05
1166   2.6646e-01 4.4747e-05 2.6360e-05
1167   2.6652e-01 4.5300e-05 2.7852e-05
1168   2.6657e-01 4.5288e-05 2.9017e-05
1169   2.6663e-01 4.4608e-05 2.9837e-05
1170   2.6669e-01 4.3500e-05 3.0395e-05
1171   2.6675e-01 4.2026e-05 3.0618e-05
1172   2.6680e-01 3.9952e-05 3.0479e-05
1173   2.6685e-01 3.7413e-05 2.9978e-05
1174   2.6690e-01 3.4339e-05 2.9607e-05
1175   2.6695e-01 3.0878e-05 2.9195e-05
1176   2.6698e-01 2.6971e-05 2.8382e-05
1177   2.6702e-01 2.2779e-05 2.7180e-05
1178   2.6704e-01 1.8648e-05 2.5604e-05
1179   2.6706e-01 1.4222e-05 2.3714e-05
1180   2.6708e-01 1.1013e-05 2.1516e-05
1181   2.6708e-01 9.3823e-06 1.9171e-05
1182   2.6708e-01 1.1326e-05 1.6604e-05
1183   2.6707e-01 1.3087e-05 1.3815e-05
1184   2.6706e-01 1.4925e-05 1.0810e-05
1185   2.6704e-01 1.7632e-05 8.2577e-06
1186   2.6701e-01 2.1252e-05 9.1235e-06
1187   2.6697e-01 2.4524e-05 1.1687e-05
1188   2.6693e-01 2.7787e-05 1.4079e-05
1189   2.6689e-01 3.0856e-05 1.6268e-05
1190   2.6684e-01 3.3381e-05 1.8227e-05
1191   2.6679e-01 3.5520e-05 1.9931e-05
1192   2.6673e-01 3.7217e-05 2.1363e-05
1193   2.6668e-01 3.8523e-05 2.2508e-05
1194   2.6662e-01 3.9753e-05 2.3376e-05
1195   2.6657e-01 4.0627e-05 2.4893e-05
1196   2.6652e-01 4.0972e-05 2.6605e-05
1197   2.6646e-01 4.0781e-05 2.8108e-05
1198   2.6642e-01 4.0053e-05 2.9277e-05
1199   2.6637e-01 3.8801e-05 3.0063e-05
1200   2.6633e-01 3.7039e-05 3.0422e-05
1201   2.6629e-01 3.4794e-05 3.0382e-05
1202   2.6626e-01 3.2098e-05 2.9914e-05
1203   2.6623e-01 2.8990e-05 2.9100e-05
1204   2.6621e-01 2.5517e-05 2.7985e-05
1205   2.6619e-01 2.1731e-05 2.6491e-05
1206   2.6618e-01 1.7686e-05 2.4635e-05
1207   2.6617e-01 1.3444e-05 2.2455e-05
1208   2.6617e-01 9.2537e-06 1.9980e-05
1209   2.6618e-01 1.0577e-05 1.7256e-05
1210   2.6619e-01 1.3373e-05 1.4320e-05
1211   2.6621e-01 1.6300e-05 1.1226e-05
1212   2.6623e-01 2.0171e-05 8.6575e-06
1213   2.6625e-01 2.3657e-05 1.1203e-05
1214   2.6628e-01 2.7018e-05 1.3685e-05
1215   2.6632e-01 2.9806e-05 1.5990e-05
1216   2.6635e-01 3.2382e-05 1.8085e-05
1217   2.6640e-01 3.4383e-05 1.9944e-05
1218   2.6644e-01 3.6064e-05 2.1542e-05
1219   2.6649e-01 3.7198e-05 2.3077e-05
1220   2.6653e-01 3.7869e-05 2.4701e-05
1221   2.6658e-01 3.7982e-05 2.6013e-05
1222   2.6663e-01 3.7633e-05 2.7003e-05
1223   2.6668e-01 3.6821e-05 2.7668e-05
1224   2.6673e-01 3.5723e-05 2.8061e-05
1225   2.6678e-01 3.4216e-05 2.8105e-05
1226   2.6682e-01 3.2228e-05 2.7798e-05
1227   2.6686e-01 2.9876e-05 2.7143e-05
1228   2.6690e-01 2.7103e-05 2.6184e-05
1229   2.6693e-01 2.4187e-05 2.5671e-05
1230   2.6697e-01 2.1208e-05 2.4850e-05
1231   2.6699e-01 1.7930e-05 2.3670e-05
1232   2.6701e-01 1.4402e-05 2.2178e-05
1233   2.6702e-01 1.0670e-05 2.0364e-05
1234   2.6703e-01 8.5436e-06 1.8280e-05
1235   2.6704e-01 9.0070e-06 1.6090e-05
1236   2.6703e-01 1.0525e-05 1.3703e-05
1237   2.6702e-01 1.1886e-05 1.1132e-05
1238   2.6701e-01 1.3735e-05 8.3869e-06
1239   2.6699e-01 1.7014e-05 6.4718e-06
1240   2.6696e-01 2.0097e-05 8.1464e-06
1241   2.6693e-01 2.2897e-05 1.0365e-05
1242   2.6689e-01 2.5373e-05 1.2440e-05
1243   2.6685e-01 2.7489e-05 1.4344e-05
1244   2.6681e-01 2.9296e-05 1.6055e-05
1245   2.6677e-01 3.1355e-05 1.7550e-05
1246   2.6672e-01 3.2981e-05 1.8840e-05
1247   2.6668e-01 3.4154e-05 1.9865e-05
1248   2.6663e-01 3.5018e-05 2.0907e-05
1249   2.6658e-01 3.5439e-05 2.2715e-05
1250   2.6654e-01 3.5390e-05 2.4278e-05
1251   2.6650e-01 3.4872e-05 2.5536e-05
1252   2.6646e-01 3.3891e-05 2.6432e-05
1253   2.6642e-01 3.2465e-05 2.6979e-05
1254   2.6638e-01 3.0613e-05 2.7144e-05
1255   2.6635e-01 2.8364e-05 2.6952e-05
1256   2.6632e-01 2.5751e-05 2.6381e-05
1257   2.6630e-01 2.2816e-05 2.5466e-05
1258   2.6628e-01 1.9600e-05 2.4241e-05
1259   2.6627e-01 1.6154e-05 2.2732e-05
1260   2.6626e-01 1.2528e-05 2.0925e-05
1261   2.6626e-01 8.8491e-06 1.8830e-05
1262   2.6626e-01 7.8778e-06 1.6501e-05
1263   2.6626e-01 9.9378e-06 1.3973e-05
1264   2.6628e-01 1.2292e-05 1.1289e-05
1265   2.6629e-01 1.5662e-05 8.4841e-06
1266   2.6631e-01 1.8905e-05 8.9492e-06
1267   2.6633e-01 2.1781e-05 1.1194e-05
1268   2.6636e-01 2.4526e-05 1.3286e-05
1269   2.6639e-01 2.6764e-05 1.5199e-05
1270   2.6642e-01 2.8803e-05 1.6908e-05
1271   2.6646e-01 3.0278e-05 1.8393e-05
1272   2.6650e-01 3.1505e-05 1.9635e-05
1273   2.6654e-01 3.2233e-05 2.1045e-05
1274   2.6658e-01 3.2680e-05 2.2300e-05
1275   2.6663e-01 3.2644e-05 2.3273e-05
1276   2.6667e-01 3.2216e-05 2.3959e-05
1277   2.6671e-01 3.1571e-05 2.4410e-05
1278   2.6675e-01 3.0475e-05 2.4558e-05
1279   2.6679e-01 2.9021e-05 2.4403e-05
1280   2.6683e-01 2.7150e-05 2.3992e-05
1281   2.6687e-01 2.4965e-05 2.4016e-05
1282   2.6690e-01 2.2419e-05 2.3709e-05
1283   2.6693e-01 1.9621e-05 2.3079e-05
1284   2.6695e-01 1.6601e-05 2.2130e-05
1285   2.6697e-01 1.3495e-05 2.0881e-05
1286   2.6699e-01 1.0400e-05 1.9380e-05
1287   2.6700e-01 8.5743e-06 1.7598e-05
1288   2.6700e-01 6.9255e-06 1.5656e-05
1289   2.6700e-01 8.3890e-06 1.3591e-05
1290   2.6700e-01 9.6913e-06 1.1326e-05
1291   2.6699e-01 1.1042e-05 8.9065e-06
1292   2.6697e-01 1.3228e-05 6.6845e-06
1293   2.6695e-01 1.5935e-05 5.9574e-06
1294   2.6692e-01 1.8739e-05 8.1086e-06
1295   2.6690e-01 2.1077e-05 1.0142e-05
1296   2.6686e-01 2.3254e-05 1.2032e-05
1297   2.6683e-01 2.4906e-05 1.3751e-05
1298   2.6679e-01 2.6457e-05 1.5279e-05
1299   2.6675e-01 2.7713e-05 1.6596e-05
1300   2.6671e-01 2.8594e-05 1.7687e-05
1301   2.6667e-01 2.9147e-05 1.8539e-05
1302   2.6663e-01 2.9685e-05 1.9796e-05
1303   2.6659e-01 2.9835e-05 2.1300e-05
1304   2.6655e-01 2.9592e-05 2.2506e-05
1305   2.6651e-01 2.8963e-05 2.3392e-05
1306   2.6648e-01 2.7955e-05 2.4013e-05
1307   2.6645e-01 2.6584e-05 2.4314e-05
1308   2.6642e-01 2.4869e-05 2.4271e-05
1309   2.6639e-01 2.2836e-05 2.3906e-05
1310   2.6637e-01 2.0514e-05 2.3205e-05
1311   2.6635e-01 1.7939e-05 2.2201e-05
1312   2.6634e-01 1.5146e-05 2.0953e-05
1313   2.6633e-01 1.2178e-05 1.9438e-05
1314   2.6633e-01 9.0771e-06 1.7668e-05
1315   2.6632e-01 6.3072e-06 1.5659e-05
1316   2.6633e-01 8.0092e-06 1.3466e-05
1317   2.6634e-01 9.9887e-06 1.1130e-05
1318   2.6635e-01 1.2349e-05 8.6614e-06
1319   2.6636e-01 1.5222e-05 6.1758e-06
1320   2.6638e-01 1.7902e-05 8.1552e-06
1321   2.6640e-01 2.0251e-05 1.0119e-05
1322   2.6643e-01 2.2462e-05 1.1950e-05
1323   2.6646e-01 2.4218e-05 1.3623e-05
1324   2.6649e-01 2.5780e-05 1.5118e-05
1325   2.6652e-01 2.6874e-05 1.6415e-05
1326   2.6656e-01 2.7764e-05 1.7499e-05
1327   2.6659e-01 2.8236e-05 1.8818e-05
1328   2.6663e-01 2.8352e-05 1.9911e-05
1329   2.6667e-01 2.8049e-05 2.0751e-05
1330   2.6670e-01 2.7521e-05 2.1366e-05
1331   2.6674e-01 2.6689e-05 2.1727e-05
1332   2.6678e-01 2.5476e-05 2.1814e-05
1333   2.6681e-01 2.3963e-05 2.1627e-05
1334   2.6684e-01 2.2107e-05 2.1549e-05
1335   2.6687e-01 1.9998e-05 2.1379e-05
1336   2.6689e-01 1.7872e-05 2.0923e-05
1337   2.6692e-01 1.5705e-05 2.0218e-05
1338   2.6694e-01 1.3322e-05 1.9243e-05
1339   2.6695e-01 1.0754e-05 1.7995e-05
1340   2.6696e-01 8.0386e-06 1.6507e-05
1341   2.6697e-01 6.5104e-06 1.4786e-05
1342   2.6697e-01 7.0345e-06 1.3003e-05
1343   2.6696e-01 8.2365e-06 1.1047e-05
1344   2.6696e-01 9.3146e-06 8.9313e-06
1345   2.6694e-01 1.0641e-05 6.6952e-06
1346   2.6693e-01 1.3033e-05 4.9235e-06
1347   2.6691e-01 1.5394e-05 6.2006e-06
1348   2.6689e-01 1.7654e-05 8.0401e-06
1349   2.6686e-01 1.9496e-05 9.7620e-06
1350   2.6683e-01 2.1180e-05 1.1344e-05
1351   2.6680e-01 2.2402e-05 1.2767e-05
1352   2.6677e-01 2.3457e-05 1.4012e-05
1353   2.6673e-01 2.4280e-05 1.5066e-05
1354   2.6670e-01 2.4777e-05 1.5916e-05
1355   2.6666e-01 2.5444e-05 1.6805e-05
1356   2.6663e-01 2.5774e-05 1.8243e-05
1357   2.6660e-01 2.5762e-05 1.9422e-05
1358   2.6656e-01 2.5406e-05 2.0351e-05
1359   2.6653e-01 2.4713e-05 2.1043e-05
1360   2.6650e-01 2.3693e-05 2.1437e-05
1361   2.6648e-01 2.2360e-05 2.1545e-05
1362   2.6646e-01 2.0734e-05 2.1350e-05
1363   2.6644e-01 1.8840e-05 2.0873e-05
1364   2.6642e-01 1.6704e-05 2.0106e-05
1365   2.6641e-01 1.4359e-05 1.9077e-05
1366   2.6640e-01 1.1839e-05 1.7815e-05
1367   2.6639e-01 9.1818e-06 1.6353e-05
1368   2.6639e-01 6.4249e-06 1.4681e-05
1369   2.6639e-01 6.4422e-06 1.2812e-05
1370   2.6639e-01 7.9070e-06 1.0790e-05
1371   2.6640e-01 9.5680e-06 8.6472e-06
1372   2.6641e-01 1.2053e-05 6.4096e-06
1373   2.6643e-01 1.4404e-05 6.2472e-06
1374   2.6644e-01 1.6598e-05 8.0744e-06
1375   2.6647e-01 1.8479e-05 9.8325e-06
1376   2.6649e-01 2.0223e-05 1.1456e-05
1377   2.6651e-01 2.1566e-05 1.2924e-05
1378   2.6654e-01 2.2731e-05 1.4216e-05
1379   2.6657e-01 2.3478e-05 1.5319e-05
1380   2.6660e-01 2.3994e-05 1.6330e-05
1381   2.6663e-01 2.4179e-05 1.7441e-05
1382   2.6666e-01 2.3988e-05 1.8326e-05
1383   2.6669e-01 2.3609e-05 1.8982e-05
1384   2.6672e-01 2.3006e-05 1.9420e-05
1385   2.6676e-01 2.2149e-05 1.9609e-05
1386   2.6678e-01 2.0978e-05 1.9545e-05
1387   2.6681e-01 1.9562e-05 1.9229e-05
1388   2.6684e-01 1.7992e-05 1.9191e-05
1389   2.6686e-01 1.6402e-05 1.8940e-05
1390   2.6688e-01 1.4586e-05 1.8455e-05
1391   2.6690e-01 1.2569e-05 1.7709e-05
1392   2.6691e-01 1.0381e-05 1.6727e-05
1393   2.6692e-01 8.0515e-06 1.5508e-05
1394   2.6693e-01 6.4006e-06 1.4084e-05
1395   2.6693e-01 5.5099e-06 1.2490e-05
1396   2.6693e-01 6.5742e-06 1.0820e-05
1397   2.6693e-01 7.5415e-06 9.0062e-06
1398   2.6692e-01 8.5574e-06 7.0615e-06
1399   2.6691e-01 1.0281e-05 5.0980e-06
1400   2.6690e-01 1.2528e-05 4.4063e-06
1401   2.6688e-01 1.4455e-05 6.1514e-06
1402   2.6686e-01 1.6279e-05 7.7960e-06
1403   2.6683e-01 1.7734e-05 9.3168e-06
1404   2.6681e-01 1.9041e-05 1.0729e-05
1405   2.6678e-01 1.9945e-05 1.2011e-05
1406   2.6675e-01 2.0673e-05 1.3106e-05
1407   2.6672e-01 2.1108e-05 1.3997e-05
1408   2.6669e-01 2.1676e-05 1.4677e-05
1409   2.6666e-01 2.2055e-05 1.5598e-05
1410   2.6663e-01 2.2139e-05 1.6786e-05
1411   2.6660e-01 2.1928e-05 1.7735e-05
1412   2.6658e-01 2.1425e-05 1.8457e-05
1413   2.6655e-01 2.0638e-05 1.8954e-05
1414   2.6653e-01 1.9580e-05 1.9183e-05
1415   2.6651e-01 1.8265e-05 1.9155e-05
1416   2.6649e-01 1.6714e-05 1.8858e-05
1417   2.6647e-01 1.4951e-05 1.8311e-05
1418   2.6646e-01 1.2999e-05 1.7510e-05
1419   2.6645e-01 1.0890e-05 1.6480e-05
1420   2.6644e-01 8.6532e-06 1.5241e-05
1421   2.6644e-01 6.3218e-06 1.3845e-05
1422   2.6643e-01 4.9556e-06 1.2272e-05
1423   2.6644e-01 6.1514e-06 1.0537e-05
1424   2.6644e-01 7.4877e-06 8.6745e-06
1425   2.6645e-01 9.4415e-06 6.7049e-06
1426   2.6646e-01 1.1520e-05 4.6666e-06
1427   2.6648e-01 1.3487e-05 6.2005e-06
1428   2.6649e-01 1.5268e-05 7.7977e-06
1429   2.6651e-01 1.6803e-05 9.2874e-06
1430   2.6653e-01 1.8167e-05 1.0649e-05
1431   2.6655e-01 1.9220e-05 1.1867e-05
1432   2.6658e-01 2.0062e-05 1.2924e-05
1433   2.6660e-01 2.0615e-05 1.3809e-05
1434   2.6663e-01 2.0859e-05 1.4763e-05
1435   2.6666e-01 2.0916e-05 1.5651e-05
1436   2.6669e-01 2.0617e-05 1.6341e-05
1437   2.6671e-01 2.0268e-05 1.6842e-05
1438   2.6674e-01 1.9627e-05 1.7126e-05
1439   2.6677e-01 1.8750e-05 1.7190e-05
1440   2.6679e-01 1.7603e-05 1.7220e-05
1441   2.6681e-01 1.6248e-05 1.7328e-05
1442   2.6684e-01 1.4689e-05 1.7196e-05
1443   2.6685e-01 1.3229e-05 1.6838e-05
1444   2.6687e-01 1.1589e-05 1.6280e-05
1445   2.6688e-01 9.7921e-06 1.5493e-05
1446   2.6690e-01 7.8644e-06 1.4498e-05
1447   2.6690e-01 6.1478e-06 1.3299e-05
1448   2.6691e-01 5.0721e-06 1.1923e-05
1449   2.6691e-01 5.3218e-06 1.0471e-05
1450   2.6691e-01 6.2210e-06 8.8945e-06
1451   2.6690e-01 7.0394e-06 7.1996e-06
1452   2.6689e-01 8.2282e-06 5.4002e-06
1453   2.6688e-01 1.0143e-05 3.8968e-06
1454   2.6687e-01 1.1999e-05 4.5459e-06
1455   2.6685e-01 1.3567e-05 6.0533e-06
1456   2.6683e-01 1.5028e-05 7.4666e-06
1457   2.6681e-01 1.6161e-05 8.7656e-06
1458   2.6679e-01 1.7154e-05 9.9822e-06
1459   2.6676e-01 1.7792e-05 1.1057e-05
1460   2.6674e-01 1.8269e-05 1.1965e-05
1461   2.6671e-01 1.8599e-05 1.2693e-05
1462   2.6669e-01 1.8694e-05 1.3385e-05
1463   2.6666e-01 1.8829e-05 1.4529e-05
1464   2.6663e-01 1.8782e-05 1.5470e-05
1465   2.6661e-01 1.8487e-05 1.6190e-05
1466   2.6659e-01 1.7946e-05 1.6697e-05
1467   2.6657e-01 1.7169e-05 1.7011e-05
1468   2.6655e-01 1.6166e-05 1.7085e-05
1469   2.6653e-01 1.4952e-05 1.6930e-05
1470   2.6651e-01 1.3546e-05 1.6539e-05
1471   2.6650e-01 1.1967e-05 1.5928e-05
1472   2.6649e-01 1.0239e-05 1.5096e-05
1473   2.6648e-01 8.3864e-06 1.4068e-05
1474   2.6648e-01 6.4363e-06 1.2880e-05
1475   2.6648e-01 4.4168e-06 1.1547e-05
1476   2.6648e-01 5.0414e-06 1.0068e-05
1477   2.6648e-01 6.0786e-06 8.4577e-06
1478   2.6649e-01 7.3449e-06 6.7480e-06
1479   2.6649e-01 9.2667e-06 4.9573e-06
1480   2.6651e-01 1.0986e-05 4.4561e-06
1481   2.6652e-01 1.2606e-05 5.8925e-06
1482   2.6653e-01 1.4030e-05 7.2983e-06
1483   2.6655e-01 1.5260e-05 8.6043e-06
1484   2.6657e-01 1.6292e-05 9.7928e-06
1485   2.6659e-01 1.7091e-05 1.0849e-05
1486   2.6661e-01 1.7652e-05 1.1759e-05
1487   2.6664e-01 1.8008e-05 1.2511e-05
1488   2.6666e-01 1.8063e-05 1.3414e-05
1489   2.6668e-01 1.7968e-05 1.4161e-05
1490   2.6671e-01 1.7566e-05 1.4738e-05
1491   2.6673e-01 1.7107e-05 1.5125e-05
1492   2.6675e-01 1.6403e-05 1.5315e-05
1493   2.6677e-01 1.5503e-05 1.5305e-05
1494   2.6679e-01 1.4381e-05 1.5404e-05
1495   2.6681e-01 1.3385e-05 1.5382e-05
1496   2.6683e-01 1.2216e-05 1.5182e-05
1497   2.6685e-01 1.0880e-05 1.4775e-05
1498   2.6686e-01 9.3957e-06 1.4170e-05
1499   2.6687e-01 7.7835e-06 1.3367e-05
1500   2.6688e-01 6.0665e-06 1.2386e-05
1501   2.6688e-01 4.8225e-06 1.1231e-05
1502   2.6688e-01 4.3496e-06 9.9450e-06
1503   2.6688e-01 5.1683e-06 8.6012e-06
1504   2.6688e-01 5.8941e-06 7.1373e-06
1505   2.6687e-01 6.6964e-06 5.5793e-06
1506   2.6686e-01 8.2117e-06 3.9411e-06
1507   2.6685e-01 9.7853e-06 3.3310e-06
1508   2.6684e-01 1.1293e-05 4.7256e-06
1509   2.6682e-01 1.2542e-05 6.0607e-06
1510   2.6681e-01 1.3688e-05 7.3027e-06
1511   2.6679e-01 1.4544e-05 8.4368e-06
1512   2.6677e-01 1.5271e-05 9.4936e-06
1513   2.6675e-01 1.5689e-05 1.0405e-05
1514   2.6672e-01 1.5965e-05 1.1160e-05
1515   2.6670e-01 1.6015e-05 1.1748e-05
1516   2.6668e-01 1.6227e-05 1.2367e-05
1517   2.6666e-01 1.6293e-05 1.3288e-05
1518   2.6664e-01 1.6139e-05 1.4023e-05
1519   2.6662e-01 1.5769e-05 1.4573e-05
1520   2.6660e-01 1.5188e-05 1.4949e-05
1521   2.6658e-01 1.4406e-05 1.5123e-05
1522   2.6657e-01 1.3433e-05 1.5084e-05
1523   2.6655e-01 1.2284e-05 1.4844e-05
1524   2.6654e-01 1.0977e-05 1.4397e-05
1525   2.6653e-01 9.5296e-06 1.3761e-05
1526   2.6652e-01 7.9638e-06 1.2934e-05
1527   2.6652e-01 6.3026e-06 1.1941e-05
1528   2.6651e-01 4.5696e-06 1.0807e-05
1529   2.6651e-01 4.0058e-06 9.5615e-06
1530   2.6651e-01 4.8742e-06 8.1958e-06
1531   2.6652e-01 5.8150e-06 6.7248e-06
1532   2.6652e-01 7.2584e-06 5.1764e-06
1533   2.6653e-01 8.8589e-06 3.5673e-06
1534   2.6654e-01 1.0270e-05 4.5293e-06
1535   2.6655e-01 1.1592e-05 5.8353e-06
1536   2.6657e-01 1.2719e-05 7.0588e-06
1537   2.6658e-01 1.3695e-05 8.1838e-06
1538   2.6660e-01 1.4460e-05 9.1952e-06
1539   2.6662e-01 1.5061e-05 1.0081e-05
1540   2.6664e-01 1.5404e-05 1.0828e-05
1541   2.6666e-01 1.5620e-05 1.1529e-05
1542   2.6668e-01 1.5548e-05 1.2278e-05
1543   2.6670e-01 1.5347e-05 1.2871e-05
1544   2.6672e-01 1.4865e-05 1.3299e-05
1545   2.6674e-01 1.4375e-05 1.3551e-05
1546   2.6676e-01 1.3678e-05 1.3625e-05
1547   2.6678e-01 1.2818e-05 1.3670e-05
1548   2.6679e-01 1.2007e-05 1.3749e-05
1549   2.6681e-01 1.1056e-05 1.3658e-05
1550   2.6682e-01 9.9531e-06 1.3395e-05
1551   2.6683e-01 8.7153e-06 1.2944e-05
1552   2.6684e-01 7.3604e-06 1.2320e-05
1553   2.6685e-01 5.9071e-06 1.1524e-05
1554   2.6686e-01 4.6378e-06 1.0575e-05
1555   2.6686e-01 3.8480e-06 9.4774e-06
1556   2.6686e-01 4.1320e-06 8.3014e-06
1557   2.6686e-01 4.8035e-06 7.0503e-06
1558   2.6686e-01 5.4149e-06 5.7008e-06
1559   2.6685e-01 6.4725e-06 4.2761e-06
1560   2.6684e-01 7.9629e-06 3.0050e-06
1561   2.6683e-01 9.2563e-06 3.6379e-06
1562   2.6682e-01 1.0481e-05 4.8571e-06
1563   2.6680e-01 1.1476e-05 6.0001e-06
1564   2.6679e-01 1.2372e-05 7.0520e-06
1565   2.6677e-01 1.3014e-05 8.0183e-06
1566   2.6675e-01 1.3537e-05 8.8889e-06
1567   2.6674e-01 1.3793e-05 9.6253e-06
1568   2.6672e-01 1.3922e-05 1.0219e-05
1569   2.6670e-01 1.3864e-05 1.0726e-05
1570   2.6668e-01 1.3955e-05 1.1430e-05
1571   2.6666e-01 1.3896e-05 1.2171e-05
1572   2.6664e-01 1.3651e-05 1.2742e-05
1573   2.6662e-01 1.3224e-05 1.3143e-05
1574   2.6661e-01 1.2621e-05 1.3387e-05
1575   2.6659e-01 1.1852e-05 1.3450e-05
1576   2.6658e-01 1.0927e-05 1.3324e-05
1577   2.6657e-01 9.8610e-06 1.3020e-05
1578   2.6656e-01 8.6692e-06 1.2535e-05
1579   2.6655e-01 7.3693e-06 1.1884e-05
1580   2.6655e-01 5.9796e-06 1.1070e-05
1581   2.6654e-01 4.5207e-06 1.0113e-05
1582   2.6654e-01 3.2436e-06 9.0518e-06
1583   2.6654e-01 3.9014e-06 7.8882e-06
1584   2.6654e-01 4.6219e-06 6.6264e-06
1585   2.6655e-01 5.6955e-06 5.2803e-06
1586   2.6655e-01 7.0612e-06 3.8746e-06
1587   2.6656e-01 8.3952e-06 3.3159e-06
1588   2.6657e-01 9.5451e-06 4.4538e-06
1589   2.6658e-01 1.0630e-05 5.5764e-06
1590   2.6660e-01 1.1507e-05 6.6204e-06
1591   2.6661e-01 1.2285e-05 7.5727e-06
1592   2.6663e-01 1.2834e-05 8.4204e-06
1593   2.6664e-01 1.3276e-05 9.1534e-06
1594   2.6666e-01 1.3472e-05 9.7698e-06
1595   2.6668e-01 1.3553e-05 1.0432e-05
1596   2.6669e-01 1.3386e-05 1.1044e-05
1597   2.6671e-01 1.3106e-05 1.1510e-05
1598   2.6673e-01 1.2669e-05 1.1823e-05
1599   2.6675e-01 1.2146e-05 1.1981e-05
1600   2.6676e-01 1.1449e-05 1.2118e-05
1601   2.6678e-01 1.0670e-05 1.2268e-05
1602   2.6679e-01 9.9228e-06 1.2249e-05
1603   2.6680e-01 9.0405e-06 1.2089e-05
1604   2.6681e-01 8.0359e-06 1.1767e-05
1605   2.6682e-01 6.9232e-06 1.1281e-05
1606   2.6683e-01 5.7183e-06 1.0644e-05
1607   2.6684e-01 4.4376e-06 9.8586e-06
1608   2.6684e-01 3.7004e-06 8.9425e-06
1609   2.6684e-01 3.3524e-06 7.9094e-06
1610   2.6684e-01 3.9644e-06 6.8355e-06
1611   2.6684e-01 4.5199e-06 5.6718e-06
1612   2.6684e-01 5.1461e-06 4.4293e-06
1613   2.6683e-01 6.4170e-06 3.1292e-06
1614   2.6682e-01 7.6497e-06 2.5907e-06
1615   2.6681e-01 8.7034e-06 3.6893e-06
1616   2.6680e-01 9.6875e-06 4.7480e-06
1617   2.6679e-01 1.0466e-05 5.7343e-06
1618   2.6677e-01 1.1151e-05 6.6353e-06
1619   2.6676e-01 1.1612e-05 7.4679e-06
1620   2.6674e-01 1.1965e-05 8.1982e-06
1621   2.6673e-01 1.2086e-05 8.8067e-06
1622   2.6671e-01 1.2095e-05 9.2867e-06
1623   2.6669e-01 1.1965e-05 9.7855e-06
1624   2.6668e-01 1.1962e-05 1.0505e-05
1625   2.6666e-01 1.1834e-05 1.1081e-05
1626   2.6665e-01 1.1547e-05 1.1502e-05
1627   2.6663e-01 1.1107e-05 1.1784e-05
1628   2.6662e-01 1.0518e-05 1.1914e-05
1629   2.6661e-01 9.7912e-06 1.1882e-05
1630   2.6660e-01 8.9359e-06 1.1685e-05
1631   2.6659e-01 7.9652e-06 1.1331e-05
1632   2.6658e-01 6.8927e-06 1.0821e-05
1633   2.6657e-01 5.7345e-06 1.0169e-05
1634   2.6657e-01 4.5068e-06 9.3771e-06
1635   2.6657e-01 3.2275e-06 8.4648e-06
1636   2.6657e-01 3.1759e-06 7.4799e-06
1637   2.6657e-01 3.8076e-06 6.4011e-06
1638   2.6657e-01 4.4841e-06 5.2438e-06
1639   2.6657e-01 5.6500e-06 4.0210e-06
1640   2.6658e-01 6.7869e-06 2.7894e-06
1641   2.6659e-01 7.8854e-06 3.2973e-06
1642   2.6660e-01 8.8172e-06 4.3281e-06
1643   2.6661e-01 9.6838e-06 5.3084e-06
1644   2.6662e-01 1.0361e-05 6.2139e-06
1645   2.6663e-01 1.0953e-05 7.0331e-06
1646   2.6665e-01 1.1339e-05 7.7551e-06
1647   2.6666e-01 1.1628e-05 8.3710e-06
1648   2.6668e-01 1.1704e-05 8.9077e-06
1649   2.6669e-01 1.1678e-05 9.5154e-06
1650   2.6671e-01 1.1440e-05 1.0010e-05
1651   2.6672e-01 1.1104e-05 1.0371e-05
1652   2.6674e-01 1.0633e-05 1.0594e-05
1653   2.6675e-01 1.0098e-05 1.0675e-05
1654   2.6676e-01 9.5447e-06 1.0837e-05
1655   2.6678e-01 8.9593e-06 1.0893e-05
1656   2.6679e-01 8.2512e-06 1.0828e-05
1657   2.6680e-01 7.4306e-06 1.0611e-05
1658   2.6681e-01 6.5095e-06 1.0252e-05
1659   2.6681e-01 5.5009e-06 9.7499e-06
1660   2.6682e-01 4.4192e-06 9.1179e-06
1661   2.6682e-01 3.4894e-06 8.3594e-06
1662   2.6683e-01 2.9102e-06 7.4907e-06
1663   2.6683e-01 3.2471e-06 6.5477e-06
1664   2.6682e-01 3.7445e-06 5.5513e-06
1665   2.6682e-01 4.2165e-06 4.4825e-06
1666   2.6682e-01 5.1559e-06 3.3518e-06
1667   2.6681e-01 6.2075e-06 2.2907e-06
1668   2.6680e-01 7.2164e-06 2.7883e-06
1669   2.6679e-01 8.0641e-06 3.7666e-06
1670   2.6678e-01 8.8439e-06 4.6870e-06
1671   2.6677e-01 9.4415e-06 5.5365e-06
1672   2.6676e-01 9.9530e-06 6.3081e-06
1673   2.6675e-01 1.0269e-05 7.0154e-06
1674   2.6673e-01 1.0489e-05 7.6187e-06
1675   2.6672e-01 1.0508e-05 8.1096e-06
1676   2.6670e-01 1.0429e-05 8.5312e-06
1677   2.6669e-01 1.0336e-05 8.9820e-06
1678   2.6668e-01 1.0286e-05 9.5600e-06
1679   2.6666e-01 1.0098e-05 1.0003e-05
1680   2.6665e-01 9.7733e-06 1.0313e-05
1681   2.6664e-01 9.3182e-06 1.0504e-05
1682   2.6663e-01 8.7392e-06 1.0547e-05
1683   2.6662e-01 8.0449e-06 1.0448e-05
1684   2.6661e-01 7.2455e-06 1.0203e-05
1685   2.6660e-01 6.3530e-06 9.8221e-06
1686   2.6660e-01 5.3800e-06 9.3060e-06
1687   2.6659e-01 4.3409e-06 8.6677e-06
1688   2.6659e-01 3.2505e-06 7.9115e-06
1689   2.6659e-01 2.5143e-06 7.0564e-06
1690   2.6659e-01 3.0752e-06 6.1463e-06
1691   2.6659e-01 3.5894e-06 5.1558e-06
1692   2.6659e-01 4.3993e-06 4.1029e-06
1693   2.6660e-01 5.4669e-06 3.0132e-06
1694   2.6660e-01 6.4086e-06 2.4330e-06
1695   2.6661e-01 7.3086e-06 3.3365e-06
1696   2.6662e-01 8.0589e-06 4.2385e-06
1697   2.6663e-01 8.7460e-06 5.0800e-06
1698   2.6664e-01 9.2651e-06 5.8497e-06
1699   2.6665e-01 9.7053e-06 6.5377e-06
1700   2.6666e-01 9.9658e-06 7.1349e-06
1701   2.6668e-01 1.0139e-05 7.6477e-06
1702   2.6669e-01 1.0127e-05 8.1425e-06
1703   2.6670e-01 1.0026e-05 8.6393e-06
1704   2.6671e-01 9.7439e-06 9.0199e-06
1705   2.6673e-01 9.3780e-06 9.2794e-06
1706   2.6674e-01 8.9318e-06 9.4146e-06
1707   2.6675e-01 8.4443e-06 9.5599e-06
1708   2.6676e-01 7.9856e-06 9.6770e-06
1709   2.6677e-01 7.4175e-06 9.6736e-06
1710   2.6678e-01 6.7487e-06 9.5501e-06
1711   2.6679e-01 5.9888e-06 9.2931e-06
1712   2.6680e-01 5.1488e-06 8.9113e-06
1713   2.6680e-01 4.2406e-06 8.4057e-06
1714   2.6681e-01 3.2930e-06 7.7882e-06
1715   2.6681e-01 2.8108e-06 7.0630e-06
1716   2.6681e-01 2.6023e-06 6.2448e-06
1717   2.6681e-01 3.0614e-06 5.3901e-06
1718   2.6681e-01 3.4688e-06 4.4698e-06
1719   2.6681e-01 4.0510e-06 3.4915e-06
1720   2.6680e-01 5.0413e-06 2.4652e-06
1721   2.6679e-01 5.9097e-06 2.0308e-06
1722   2.6679e-01 6.7332e-06 2.8998e-06
1723   2.6678e-01 7.4122e-06 3.7418e-06
1724   2.6677e-01 8.0260e-06 4.5272e-06
1725   2.6676e-01 8.4787e-06 5.2450e-06
1726   2.6675e-01 8.8524e-06 5.9015e-06
1727   2.6674e-01 9.0553e-06 6.4841e-06
1728   2.6672e-01 9.1724e-06 6.9719e-06
1729   2.6671e-01 9.1161e-06 7.3581e-06
1730   2.6670e-01 8.9747e-06 7.7649e-06
1731   2.6669e-01 8.8579e-06 8.2406e-06
1732   2.6668e-01 8.7475e-06 8.6943e-06
1733   2.6666e-01 8.5194e-06 9.0250e-06
1734   2.6665e-01 8.1771e-06 9.2403e-06
1735   2.6664e-01 7.7261e-06 9.3444e-06
1736   2.6664e-01 7.1729e-06 9.3174e-06
1737   2.6663e-01 6.5259e-06 9.1648e-06
1738   2.6662e-01 5.7943e-06 8.8849e-06
1739   2.6661e-01 4.9889e-06 8.4866e-06
1740   2.6661e-01 4.1213e-06 7.9716e-06
1741   2.6661e-01 3.2041e-06 7.3522e-06
1742   2.6661e-01 2.4148e-06 6.6332e-06
1743   2.6660e-01 2.4791e-06 5.8455e-06
1744   2.6661e-01 2.9448e-06 5.0023e-06
1745   2.6661e-01 3.4290e-06 4.0943e-06
1746   2.6661e-01 4.3416e-06 3.1376e-06
1747   2.6662e-01 5.2329e-06 2.2540e-06
1748   2.6662e-01 6.0092e-06 2.4562e-06
1749   2.6663e-01 6.7420e-06 3.2678e-06
1750   2.6664e-01 7.3404e-06 4.0443e-06
1751   2.6665e-01 7.8778e-06 4.7637e-06
1752   2.6666e-01 8.2665e-06 5.4159e-06
1753   2.6667e-01 8.5822e-06 5.9930e-06
1754   2.6668e-01 8.7408e-06 6.4872e-06
1755   2.6669e-01 8.8207e-06 6.9251e-06
1756   2.6670e-01 8.7413e-06 7.3823e-06
1757   2.6671e-01 8.5838e-06 7.7793e-06
1758   2.6672e-01 8.2712e-06 8.0715e-06
1759   2.6673e-01 7.8984e-06 8.2552e-06
1760   2.6674e-01 7.4770e-06 8.3975e-06
1761   2.6675e-01 7.0954e-06 8.5582e-06
1762   2.6676e-01 6.6519e-06 8.6030e-06
1763   2.6677e-01 6.1177e-06 8.5482e-06
1764   2.6678e-01 5.5010e-06 8.3779e-06
1765   2.6678e-01 4.8104e-06 8.0908e-06
1766   2.6679e-01 4.0559e-06 7.6953e-06
1767   2.6679e-01 3.2479e-06 7.1933e-06
1768   2.6680e-01 2.6538e-06 6.5958e-06
1769   2.6680e-01 2.2202e-06 5.9075e-06
1770   2.6680e-01 2.5158e-06 5.1570e-06
1771   2.6680e-01 2.8937e-06 4.3709e-06
1772   2.6679e-01 3.2546e-06 3.5254e-06
1773   2.6679e-01 4.0381e-06 2.6345e-06
1774   2.6679e-01 4.8596e-06 1.7678e-06
1775   2.6678e-01 5.5699e-06 2.1358e-06
1776   2.6677e-01 6.2345e-06 2.9089e-06
1777   2.6677e-01 6.7697e-06 3.6374e-06
1778   2.6676e-01 7.2433e-06 4.3117e-06
1779   2.6675e-01 7.5747e-06 4.9223e-06
1780   2.6674e-01 7.8342e-06 5.4840e-06
1781   2.6673e-01 7.9450e-06 5.9674e-06
1782   2.6672e-01 7.9799e-06 6.3643e-06
1783   2.6671e-01 7.8658e-06 6.7079e-06
1784   2.6670e-01 7.6782e-06 7.0571e-06
1785   2.6669e-01 7.5932e-06 7.5046e-06
1786   2.6668e-01 7.4456e-06 7.8501e-06
1787   2.6667e-01 7.1979e-06 8.0848e-06
1788   2.6666e-01 6.8536e-06 8.2297e-06
1789   2.6665e-01 6.4182e-06 8.2632e-06
1790   2.6664e-01 5.8978e-06 8.1812e-06
1791   2.6664e-01 5.3004e-06 7.9891e-06
1792   2.6663e-01 4.6344e-06 7.6865e-06
1793   2.6663e-01 3.9096e-06 7.2818e-06
1794   2.6662e-01 3.1364e-06 6.7775e-06
1795   2.6662e-01 2.3259e-06 6.1847e-06
1796   2.6662e-01 2.0033e-06 5.5086e-06
1797   2.6662e-01 2.4127e-06 4.7874e-06
1798   2.6662e-01 2.7921e-06 4.0128e-06
1799   2.6662e-01 3.4452e-06 3.1868e-06
1800   2.6663e-01 4.2079e-06 2.3891e-06
1801   2.6663e-01 4.9451e-06 1.7643e-06
1802   2.6664e-01 5.5779e-06 2.4740e-06
1803   2.6664e-01 6.1670e-06 3.1910e-06
1804   2.6665e-01 6.6360e-06 3.8620e-06
1805   2.6666e-01 7.0476e-06 4.4782e-06
1806   2.6667e-01 7.3282e-06 5.0313e-06
1807   2.6668e-01 7.5425e-06 5.5144e-06
1808   2.6669e-01 7.6200e-06 5.9355e-06
1809   2.6670e-01 7.6279e-06 6.3090e-06
1810   2.6671e-01 7.4989e-06 6.7115e-06
1811   2.6672e-01 7.3025e-06 7.0228e-06
1812   2.6673e-01 6.9747e-06 7.2389e-06
1813   2.6673e-01 6.6063e-06 7.3570e-06
1814   2.6674e-01 6.3087e-06 7.5180e-06
1815   2.6675e-01 5.9626e-06 7.6079e-06
1816   2.6676e-01 5.5352e-06 7.6110e-06
1817   2.6677e-01 5.0327e-06 7.5101e-06
1818   2.6677e-01 4.4624e-06 7.3079e-06
1819   2.6678e-01 3.8324e-06 7.0042e-06
1820   2.6678e-01 3.1519e-06 6.6069e-06
1821   2.6678e-01 2.4793e-06 6.1184e-06
1822   2.6679e-01 2.1254e-06 5.5492e-06
1823   2.6679e-01 2.0434e-06 4.9037e-06
1824   2.6679e-01 2.3824e-06 4.2240e-06
1825   2.6678e-01 2.6884e-06 3.5009e-06
1826   2.6678e-01 3.2227e-06 2.7305e-06
1827   2.6678e-01 3.9271e-06 1.9605e-06
1828   2.6677e-01 4.6036e-06 1.5518e-06
1829   2.6677e-01 5.1795e-06 2.2358e-06
1830   2.6676e-01 5.7107e-06 2.9053e-06
1831   2.6676e-01 6.1268e-06 3.5308e-06
1832   2.6675e-01 6.4857e-06 4.1040e-06
1833   2.6674e-01 6.7199e-06 4.6240e-06
1834   2.6673e-01 6.8895e-06 5.0914e-06
1835   2.6672e-01 6.9303e-06 5.4844e-06
1836   2.6671e-01 6.9045e-06 5.7984e-06
1837   2.6670e-01 6.7512e-06 6.1259e-06
1838   2.6669e-01 6.5806e-06 6.4430e-06
1839   2.6669e-01 6.4911e-06 6.7956e-06
1840   2.6668e-01 6.3137e-06 7.0537e-06
1841   2.6667e-01 6.0515e-06 7.2219e-06
1842   2.6666e-01 5.7083e-06 7.3007e-06
1843   2.6666e-01 5.2893e-06 7.2803e-06
1844   2.6665e-01 4.8006e-06 7.1586e-06
1845   2.6664e-01 4.2496e-06 6.9407e-06
1846   2.6664e-01 3.6441e-06 6.6270e-06
1847   2.6664e-01 2.9929e-06 6.2255e-06
1848   2.6664e-01 2.3053e-06 5.7391e-06
1849   2.6663e-01 1.8498e-06 5.1780e-06
1850   2.6663e-01 1.9504e-06 4.5510e-06
1851   2.6663e-01 2.2868e-06 3.8920e-06
1852   2.6664e-01 2.6637e-06 3.1845e-06
1853   2.6664e-01 3.3765e-06 2.4894e-06
1854   2.6664e-01 4.0113e-06 1.8047e-06
1855   2.6665e-01 4.6182e-06 1.8348e-06
1856   2.6665e-01 5.1309e-06 2.4740e-06
1857   2.6666e-01 5.6010e-06 3.0905e-06
1858   2.6666e-01 5.9643e-06 3.6625e-06
1859   2.6667e-01 6.2741e-06 4.1827e-06
1860   2.6668e-01 6.4689e-06 4.6439e-06
1861   2.6669e-01 6.6039e-06 5.0423e-06
1862   2.6669e-01 6.6202e-06 5.3955e-06
1863   2.6670e-01 6.5753e-06 5.7408e-06
1864   2.6671e-01 6.4129e-06 6.0589e-06
1865   2.6672e-01 6.1926e-06 6.2944e-06
1866   2.6673e-01 5.8609e-06 6.4445e-06
1867   2.6674e-01 5.5630e-06 6.5895e-06
1868   2.6674e-01 5.2968e-06 6.7150e-06
1869   2.6675e-01 4.9581e-06 6.7544e-06
1870   2.6676e-01 4.5523e-06 6.7127e-06
1871   2.6676e-01 4.0851e-06 6.5773e-06
1872   2.6677e-01 3.5635e-06 6.3534e-06
1873   2.6677e-01 2.9947e-06 6.0414e-06
1874   2.6677e-01 2.3869e-06 5.6488e-06
1875   2.6678e-01 2.0123e-06 5.1785e-06
1876   2.6678e-01 1.6940e-06 4.6400e-06
1877   2.6678e-01 1.9497e-06 4.0443e-06
1878   2.6678e-01 2.2283e-06 3.4262e-06
1879   2.6677e-01 2.5175e-06 2.7637e-06
1880   2.6677e-01 3.1770e-06 2.0985e-06
1881   2.6677e-01 3.7609e-06 1.4263e-06
1882   2.6676e-01 4.3154e-06 1.6489e-06
1883   2.6676e-01 4.7792e-06 2.2580e-06
1884   2.6675e-01 5.1998e-06 2.8326e-06
1885   2.6675e-01 5.5184e-06 3.3649e-06
1886   2.6674e-01 5.7841e-06 3.8479e-06
1887   2.6673e-01 5.9407e-06 4.2891e-06
1888   2.6672e-01 6.0393e-06 4.6729e-06
1889   2.6672e-01 6.0265e-06 4.9890e-06
1890   2.6671e-01 5.9555e-06 5.2642e-06
1891   2.6670e-01 5.7754e-06 5.5437e-06
1892   2.6669e-01 5.6280e-06 5.8664e-06
1893   2.6669e-01 5.5094e-06 6.1359e-06
1894   2.6668e-01 5.3165e-06 6.3202e-06
1895   2.6667e-01 5.0523e-06 6.4299e-06
1896   2.6667e-01 4.7207e-06 6.4544e-06
1897   2.6666e-01 4.3268e-06 6.3914e-06
1898   2.6666e-01 3.8762e-06 6.2396e-06
1899   2.6665e-01 3.3756e-06 6.0041e-06
1900   2.6665e-01 2.8321e-06 5.6861e-06
1901   2.6665e-01 2.2536e-06 5.2928e-06
1902   2.6665e-01 1.7567e-06 4.8277e-06
1903   2.6664e-01 1.5740e-06 4.3001e-06
1904   2.6664e-01 1.8783e-06 3.7292e-06
1905   2.6665e-01 2.1538e-06 3.1238e-06
1906   2.6665e-01 2.6656e-06 2.5155e-06
1907   2.6665e-01 3.2622e-06 1.9044e-06
1908   2.6665e-01 3.7870e-06 1.2997e-06
1909   2.6666e-01 4.2829e-06 1.8519e-06
1910   2.6666e-01 4.6938e-06 2.4163e-06
1911   2.6667e-01 5.0638e-06 2.9458e-06
1912   2.6667e-01 5.3389e-06 3.4331e-06
1913   2.6668e-01 5.5648e-06 3.8719e-06
1914   2.6669e-01 5.6898e-06 4.2564e-06
1915   2.6669e-01 5.7613e-06 4.5960e-06
1916   2.6670e-01 5.7300e-06 4.8807e-06
1917   2.6671e-01 5.6451e-06 5.1994e-06
1918   2.6672e-01 5.4598e-06 5.4492e-06
1919   2.6672e-01 5.2250e-06 5.6245e-06
1920   2.6673e-01 4.9021e-06 5.7457e-06
1921   2.6674e-01 4.6987e-06 5.8968e-06
1922   2.6674e-01 4.4357e-06 5.9661e-06
1923   2.6675e-01 4.1123e-06 5.9683e-06
1924   2.6675e-01 3.7335e-06 5.8896e-06
1925   2.6676e-01 3.3045e-06 5.7289e-06
1926   2.6676e-01 2.8318e-06 5.4913e-06
1927   2.6676e-01 2.3217e-06 5.1778e-06
1928   2.6677e-01 1.8769e-06 4.7955e-06
1929   2.6677e-01 1.6114e-06 4.3475e-06
1930   2.6677e-01 1.5931e-06 3.8425e-06
1931   2.6677e-01 1.8495e-06 3.3047e-06
1932   2.6677e-01 2.0758e-06 2.7365e-06
1933   2.6676e-01 2.5276e-06 2.1597e-06
1934   2.6676e-01 3.0767e-06 1.5763e-06
1935   2.6676e-01 3.5566e-06 1.1762e-06
1936   2.6675e-01 4.0066e-06 1.7106e-06
1937   2.6675e-01 4.3751e-06 2.2379e-06
1938   2.6674e-01 4.7027e-06 2.7316e-06
1939   2.6674e-01 4.9401e-06 3.1848e-06
1940   2.6673e-01 5.1292e-06 3.5945e-06
1941   2.6673e-01 5.2232e-06 3.9658e-06
1942   2.6672e-01 5.2657e-06 4.2799e-06
1943   2.6671e-01 5.2122e-06 4.5323e-06
1944   2.6671e-01 5.1082e-06 4.7937e-06
1945   2.6670e-01 4.9114e-06 5.0314e-06
1946   2.6669e-01 4.8118e-06 5.3060e-06
1947   2.6669e-01 4.6746e-06 5.5057e-06
1948   2.6668e-01 4.4744e-06 5.6335e-06
1949   2.6668e-01 4.2142e-06 5.6952e-06
1950   2.6667e-01 3.8979e-06 5.6772e-06
1951   2.6667e-01 3.5302e-06 5.5824e-06
1952   2.6666e-01 3.1164e-06 5.4103e-06
1953   2.6666e-01 2.6626e-06 5.1659e-06
1954   2.6666e-01 2.1752e-06 4.8507e-06
1955   2.6666e-01 1.6613e-06 4.4715e-06
1956   2.6665e-01 1.4094e-06 4.0320e-06
1957   2.6665e-01 1.5322e-06 3.5405e-06
1958   2.6665e-01 1.7814e-06 3.0234e-06
1959   2.6666e-01 2.0967e-06 2.4950e-06
1960   2.6666e-01 2.6090e-06 1.9640e-06
1961   2.6666e-01 3.1046e-06 1.4311e-06
1962   2.6666e-01 3.5349e-06 1.3607e-06
1963   2.6667e-01 3.9360e-06 1.8616e-06
1964   2.6667e-01 4.2611e-06 2.3487e-06
1965   2.6668e-01 4.5475e-06 2.8019e-06
1966   2.6668e-01 4.7502e-06 3.2149e-06
1967   2.6669e-01 4.9080e-06 3.5827e-06
1968   2.6669e-01 4.9779e-06 3.9039e-06
1969   2.6670e-01 5.0002e-06 4.1866e-06
1970   2.6671e-01 4.9340e-06 4.4488e-06
1971   2.6671e-01 4.8213e-06 4.7038e-06
1972   2.6672e-01 4.6233e-06 4.8942e-06
1973   2.6672e-01 4.3834e-06 5.0179e-06
1974   2.6673e-01 4.1587e-06 5.1523e-06
1975   2.6674e-01 3.9555e-06 5.2500e-06
1976   2.6674e-01 3.6985e-06 5.2841e-06
1977   2.6675e-01 3.3913e-06 5.2497e-06
1978   2.6675e-01 3.0385e-06 5.1443e-06
1979   2.6675e-01 2.6453e-06 4.9675e-06
1980   2.6676e-01 2.2172e-06 4.7241e-06
1981   2.6676e-01 1.7602e-06 4.4157e-06
1982   2.6676e-01 1.5214e-06 4.0487e-06
1983   2.6676e-01 1.2868e-06 3.6265e-06
1984   2.6676e-01 1.5170e-06 3.1569e-06
1985   2.6676e-01 1.7262e-06 2.6733e-06
1986   2.6676e-01 2.0028e-06 2.1786e-06
1987   2.6676e-01 2.4754e-06 1.6758e-06
1988   2.6675e-01 2.9300e-06 1.1511e-06
1989   2.6675e-01 3.3217e-06 1.2612e-06
1990   2.6675e-01 3.6838e-06 1.7409e-06
1991   2.6674e-01 3.9733e-06 2.1939e-06
1992   2.6674e-01 4.2245e-06 2.6143e-06
1993   2.6673e-01 4.3963e-06 2.9962e-06
1994   2.6673e-01 4.5246e-06 3.3438e-06
1995   2.6672e-01 4.5701e-06 3.6484e-06
1996   2.6672e-01 4.5703e-06 3.9006e-06
1997   2.6671e-01 4.4879e-06 4.1187e-06
1998   2.6670e-01 4.3621e-06 4.3423e-06
1999   2.6670e-01 4.1874e-06 4.5693e-06
2000   2.6669e-01 4.0931e-06 4.7794e-06
2001   2.6669e-01 3.9435e-06 4.9223e-06
2002   2.6668e-01 3.7408e-06 5.0070e-06
2003   2.6668e-01 3.4882e-06 5.0269e-06
2004   2.6667e-01 3.1894e-06 4.9766e-06
2005   2.6667e-01 2.8487e-06 4.8591e-06
2006   2.6667e-01 2.4711e-06 4.6745e-06
2007   2.6667e-01 2.0622e-06 4.4275e-06
2008   2.6666e-01 1.6276e-06 4.1201e-06
2009   2.6666e-01 1.3403e-06 3.7586e-06
2010   2.6666e-01 1.2386e-06 3.3464e-06
2011   2.6666e-01 1.4607e-06 2.8966e-06
2012   2.6666e-01 1.6639e-06 2.4417e-06
2013   2.6666e-01 2.0825e-06 1.9857e-06
2014   2.6667e-01 2.5106e-06 1.5127e-06
2015   2.6667e-01 2.9203e-06 1.0405e-06
2016   2.6667e-01 3.2707e-06 1.3939e-06
2017   2.6668e-01 3.5927e-06 1.8376e-06
2018   2.6668e-01 3.8467e-06 2.2544e-06
2019   2.6668e-01 4.0647e-06 2.6389e-06
2020   2.6669e-01 4.2089e-06 2.9856e-06
2021   2.6669e-01 4.3126e-06 3.2904e-06
2022   2.6670e-01 4.3397e-06 3.5620e-06
2023   2.6670e-01 4.3249e-06 3.7881e-06
2024   2.6671e-01 4.2339e-06 4.0304e-06
2025   2.6672e-01 4.1029e-06 4.2291e-06
2026   2.6672e-01 3.8994e-06 4.3697e-06
2027   2.6673e-01 3.6608e-06 4.4876e-06
2028   2.6673e-01 3.5062e-06 4.6051e-06
2029   2.6674e-01 3.3047e-06 4.6606e-06
2030   2.6674e-01 3.0584e-06 4.6631e-06
2031   2.6674e-01 2.7710e-06 4.6006e-06
2032   2.6675e-01 2.4466e-06 4.4759e-06
2033   2.6675e-01 2.0898e-06 4.2892e-06
2034   2.6675e-01 1.7058e-06 4.0452e-06
2035   2.6675e-01 1.4201e-06 3.7457e-06
2036   2.6675e-01 1.2243e-06 3.3966e-06
2037   2.6675e-01 1.2397e-06 3.0014e-06
2038   2.6675e-01 1.4295e-06 2.5778e-06
2039   2.6675e-01 1.5997e-06 2.1518e-06
2040   2.6675e-01 1.9917e-06 1.7189e-06
2041   2.6675e-01 2.3850e-06 1.2642e-06
2042   2.6675e-01 2.7591e-06 8.9622e-07
2043   2.6674e-01 3.0763e-06 1.3125e-06
2044   2.6674e-01 3.3649e-06 1.7258e-06
2045   2.6674e-01 3.5887e-06 2.1132e-06
2046   2.6673e-01 3.7772e-06 2.4694e-06
2047   2.6673e-01 3.8959e-06 2.7904e-06
2048   2.6672e-01 3.9755e-06 3.0832e-06
2049   2.6672e-01 3.9833e-06 3.3313e-06
2050   2.6671e-01 3.9514e-06 3.5320e-06
2051   2.6671e-01 3.8487e-06 3.7383e-06
2052   2.6670e-01 3.7088e-06 3.9187e-06
2053   2.6670e-01 3.5730e-06 4.1320e-06
2054   2.6669e-01 3.4655e-06 4.2877e-06
2055   2.6669e-01 3.3112e-06 4.3855e-06
2056   2.6668e-01 3.1126e-06 4.4325e-06
2057   2.6668e-01 2.8725e-06 4.4190e-06
2058   2.6668e-01 2.5945e-06 4.3441e-06
2059   2.6668e-01 2.2827e-06 4.2107e-06
2060   2.6667e-01 1.9414e-06 4.0193e-06
2061   2.6667e-01 1.5758e-06 3.7744e-06
2062   2.6667e-01 1.2554e-06 3.4781e-06
2063   2.6667e-01 1.0764e-06 3.1364e-06
2064   2.6667e-01 1.1978e-06 2.7526e-06
2065   2.6667e-01 1.3800e-06 2.3511e-06
2066   2.6667e-01 1.6313e-06 1.9624e-06
2067   2.6667e-01 2.0312e-06 1.5486e-06
2068   2.6667e-01 2.3865e-06 1.1354e-06
2069   2.6668e-01 2.7226e-06 1.0130e-06
2070   2.6668e-01 3.0051e-06 1.4036e-06
2071   2.6668e-01 3.2602e-06 1.7857e-06
2072   2.6669e-01 3.4548e-06 2.1418e-06
2073   2.6669e-01 3.6162e-06 2.4673e-06
2074   2.6669e-01 3.7129e-06 2.7577e-06
2075   2.6670e-01 3.7732e-06 3.0141e-06
2076   2.6670e-01 3.7670e-06 3.2380e-06
2077   2.6671e-01 3.7242e-06 3.4378e-06
2078   2.6671e-01 3.6161e-06 3.6402e-06
2079   2.6672e-01 3.4737e-06 3.7925e-06
2080   2.6672e-01 3.2701e-06 3.8948e-06
2081   2.6673e-01 3.1035e-06 4.0198e-06
2082   2.6673e-01 2.9481e-06 4.0950e-06
2083   2.6673e-01 2.7526e-06 4.1220e-06
2084   2.6674e-01 2.5200e-06 4.0955e-06
2085   2.6674e-01 2.2536e-06 4.0121e-06
2086   2.6674e-01 1.9573e-06 3.8746e-06
2087   2.6675e-01 1.6353e-06 3.6836e-06
2088   2.6675e-01 1.3123e-06 3.4435e-06
2089   2.6675e-01 1.1500e-06 3.1562e-06
2090   2.6675e-01 1.0071e-06 2.8275e-06
2091   2.6675e-01 1.1808e-06 2.4605e-06
2092   2.6675e-01 1.3355e-06 2.0899e-06
2093   2.6675e-01 1.5727e-06 1.7206e-06
2094   2.6675e-01 1.9406e-06 1.3287e-06
2095   2.6674e-01 2.2655e-06 9.2025e-07
2096   2.6674e-01 2.5708e-06 9.5819e-07
2097   2.6674e-01 2.8247e-06 1.3333e-06
2098   2.6673e-01 3.0515e-06 1.6888e-06
2099   2.6673e-01 3.2209e-06 2.0190e-06
2100   2.6673e-01 3.3580e-06 2.3198e-06
2101   2.6672e-01 3.4339e-06 2.5926e-06
2102   2.6672e-01 3.4751e-06 2.8336e-06
2103   2.6671e-01 3.4543e-06 3.0337e-06
2104   2.6671e-01 3.3988e-06 3.2057e-06
2105   2.6671e-01 3.2830e-06 3.3839e-06
2106   2.6670e-01 3.1355e-06 3.5535e-06
2107   2.6670e-01 3.0427e-06 3.7161e-06
2108   2.6669e-01 2.9272e-06 3.8270e-06
2109   2.6669e-01 2.7723e-06 3.8921e-06
2110   2.6669e-01 2.5803e-06 3.9065e-06
2111   2.6668e-01 2.3541e-06 3.8677e-06
2112   2.6668e-01 2.0969e-06 3.7753e-06
2113   2.6668e-01 1.8125e-06 3.6322e-06
2114   2.6668e-01 1.5050e-06 3.4392e-06
2115   2.6668e-01 1.1787e-06 3.2006e-06
2116   2.6668e-01 1.0176e-06 2.9186e-06
2117   2.6667e-01 9.7340e-07 2.5987e-06
2118   2.6667e-01 1.1387e-06 2.2454e-06
2119   2.6668e-01 1.2865e-06 1.9122e-06
2120   2.6668e-01 1.6148e-06 1.5586e-06
2121   2.6668e-01 1.9484e-06 1.1934e-06
2122   2.6668e-01 2.2411e-06 8.2593e-07
2123   2.6668e-01 2.5146e-06 1.0463e-06
2124   2.6669e-01 2.7399e-06 1.3942e-06
2125   2.6669e-01 2.9393e-06 1.7216e-06
2126   2.6669e-01 3.0851e-06 2.0241e-06
2127   2.6670e-01 3.2006e-06 2.2976e-06
2128   2.6670e-01 3.2594e-06 2.5386e-06
2129   2.6670e-01 3.2860e-06 2.7550e-06
2130   2.6671e-01 3.2551e-06 2.9342e-06
2131   2.6671e-01 3.1923e-06 3.1191e-06
2132   2.6671e-01 3.0739e-06 3.2770e-06
2133   2.6672e-01 2.9263e-06 3.3905e-06
2134   2.6672e-01 2.7379e-06 3.4936e-06
2135   2.6673e-01 2.6195e-06 3.5851e-06
2136   2.6673e-01 2.4654e-06 3.6298e-06
2137   2.6673e-01 2.2779e-06 3.6309e-06
2138   2.6674e-01 2.0599e-06 3.5826e-06
2139   2.6674e-01 1.8144e-06 3.4847e-06
2140   2.6674e-01 1.5450e-06 3.3398e-06
2141   2.6674e-01 1.2555e-06 3.1490e-06
2142   2.6674e-01 1.0731e-06 2.9163e-06
2143   2.6674e-01 9.2621e-07 2.6439e-06
2144   2.6674e-01 9.6559e-07 2.3368e-06
2145   2.6674e-01 1.1082e-06 2.0082e-06
2146   2.6674e-01 1.2357e-06 1.6942e-06
2147   2.6674e-01 1.5533e-06 1.3584e-06
2148   2.6674e-01 1.8592e-06 1.0049e-06
2149   2.6674e-01 2.1259e-06 6.8074e-07
2150   2.6674e-01 2.3731e-06 1.0047e-06
2151   2.6673e-01 2.5742e-06 1.3282e-06
2152   2.6673e-01 2.7500e-06 1.6317e-06
2153   2.6673e-01 2.8750e-06 1.9111e-06
2154   2.6672e-01 2.9707e-06 2.1627e-06
2155   2.6672e-01 3.0132e-06 2.3928e-06
2156   2.6672e-01 3.0249e-06 2.5886e-06
2157   2.6671e-01 2.9830e-06 2.7474e-06
2158   2.6671e-01 2.9113e-06 2.9092e-06
2159   2.6671e-01 2.7882e-06 3.0466e-06
2160   2.6670e-01 2.6612e-06 3.2089e-06
2161   2.6670e-01 2.5769e-06 3.3294e-06
2162   2.6669e-01 2.4578e-06 3.4048e-06
2163   2.6669e-01 2.3057e-06 3.4418e-06
2164   2.6669e-01 2.1229e-06 3.4306e-06
2165   2.6669e-01 1.9121e-06 3.3730e-06
2166   2.6668e-01 1.6762e-06 3.2687e-06
2167   2.6668e-01 1.4188e-06 3.1205e-06
2168   2.6668e-01 1.1435e-06 2.9297e-06
2169   2.6668e-01 9.5433e-07 2.7001e-06
2170   2.6668e-01 8.1898e-07 2.4341e-06
2171   2.6668e-01 9.3319e-07 2.1365e-06
2172   2.6668e-01 1.0686e-06 1.8405e-06
2173   2.6668e-01 1.2800e-06 1.5389e-06
2174   2.6668e-01 1.5689e-06 1.2182e-06
2175   2.6668e-01 1.8457e-06 8.9909e-07
2176   2.6669e-01 2.0853e-06 7.5831e-07
2177   2.6669e-01 2.3060e-06 1.0624e-06
2178   2.6669e-01 2.4834e-06 1.3612e-06
2179   2.6669e-01 2.6368e-06 1.6401e-06
2180   2.6670e-01 2.7428e-06 1.8953e-06
2181   2.6670e-01 2.8213e-06 2.1236e-06
2182   2.6670e-01 2.8505e-06 2.3267e-06
2183   2.6671e-01 2.8510e-06 2.5031e-06
2184   2.6671e-01 2.8021e-06 2.6553e-06
2185   2.6671e-01 2.7255e-06 2.8150e-06
2186   2.6672e-01 2.6016e-06 2.9357e-06
2187   2.6672e-01 2.4531e-06 3.0248e-06
2188   2.6672e-01 2.3178e-06 3.1266e-06
2189   2.6673e-01 2.1983e-06 3.1853e-06
2190   2.6673e-01 2.0489e-06 3.2070e-06
2191   2.6673e-01 1.8720e-06 3.1857e-06
2192   2.6673e-01 1.6701e-06 3.1212e-06
2193   2.6674e-01 1.4461e-06 3.0136e-06
2194   2.6674e-01 1.2032e-06 2.8654e-06
2195   2.6674e-01 9.9108e-07 2.6780e-06
2196   2.6674e-01 8.7100e-07 2.4551e-06
2197   2.6674e-01 7.8657e-07 2.1988e-06
2198   2.6674e-01 9.1551e-07 1.9139e-06
2199   2.6674e-01 1.0319e-06 1.6415e-06
2200   2.6674e-01 1.2412e-06 1.3547e-06
2201   2.6674e-01 1.5066e-06 1.0505e-06
2202   2.6674e-01 1.7594e-06 7.3287e-07
2203   2.6673e-01 1.9765e-06 7.2973e-07
2204   2.6673e-01 2.1747e-06 1.0209e-06
2205   2.6673e-01 2.3318e-06 1.2984e-06
2206   2.6673e-01 2.4653e-06 1.5566e-06
2207   2.6672e-01 2.5541e-06 1.7920e-06
2208   2.6672e-01 2.6166e-06 2.0055e-06
2209   2.6672e-01 2.6327e-06 2.1946e-06
2210   2.6671e-01 2.6218e-06 2.3525e-06
2211   2.6671e-01 2.5648e-06 2.4871e-06
2212   2.6671e-01 2.4822e-06 2.6279e-06
2213   2.6670e-01 2.3560e-06 2.7581e-06
2214   2.6670e-01 2.2636e-06 2.8843e-06
2215   2.6670e-01 2.1742e-06 2.9700e-06
2216   2.6670e-01 2.0554e-06 3.0195e-06
2217   2.6669e-01 1.9091e-06 3.0310e-06
2218   2.6669e-01 1.7374e-06 3.0002e-06
2219   2.6669e-01 1.5429e-06 2.9289e-06
2220   2.6669e-01 1.3284e-06 2.8171e-06
2221   2.6669e-01 1.0969e-06 2.6677e-06
2222   2.6669e-01 8.8466e-07 2.4819e-06
2223   2.6668e-01 7.7329e-07 2.2634e-06
2224   2.6668e-01 7.6280e-07 2.0144e-06
2225   2.6668e-01 8.8438e-07 1.7498e-06
2226   2.6668e-01 9.9427e-07 1.4948e-06
2227   2.6669e-01 1.2614e-06 1.2204e-06
2228   2.6669e-01 1.5021e-06 9.3914e-07
2229   2.6669e-01 1.7302e-06 6.5346e-07
2230   2.6669e-01 1.9245e-06 7.8574e-07
2231   2.6669e-01 2.1006e-06 1.0573e-06
2232   2.6669e-01 2.2381e-06 1.3132e-06
2233   2.6670e-01 2.3533e-06 1.5500e-06
2234   2.6670e-01 2.4268e-06 1.7646e-06
2235   2.6670e-01 2.4758e-06 1.9542e-06
2236   2.6671e-01 2.4817e-06 2.1253e-06
2237   2.6671e-01 2.4625e-06 2.2667e-06
2238   2.6671e-01 2.4009e-06 2.4080e-06
2239   2.6671e-01 2.3155e-06 2.5329e-06
2240   2.6672e-01 2.1901e-06 2.6241e-06
2241   2.6672e-01 2.0469e-06 2.7143e-06
2242   2.6672e-01 1.9557e-06 2.7849e-06
2243   2.6673e-01 1.8379e-06 2.8200e-06
2244   2.6673e-01 1.6953e-06 2.8210e-06
2245   2.6673e-01 1.5299e-06 2.7828e-06
2246   2.6673e-01 1.3442e-06 2.7070e-06
2247   2.6673e-01 1.1408e-06 2.5938e-06
2248   2.6673e-01 9.2262e-07 2.4459e-06
2249   2.6673e-01 8.0988e-07 2.2645e-06
2250   2.6674e-01 7.0096e-07 2.0533e-06
2251   2.6674e-01 7.5286e-07 1.8142e-06
2252   2.6674e-01 8.5846e-07 1.5709e-06
2253   2.6673e-01 9.7171e-07 1.3279e-06
2254   2.6673e-01 1.2186e-06 1.0673e-06
2255   2.6673e-01 1.4389e-06 7.9336e-07
2256   2.6673e-01 1.6462e-06 5.1775e-07
2257   2.6673e-01 1.8213e-06 7.6559e-07
2258   2.6673e-01 1.9784e-06 1.0180e-06
2259   2.6673e-01 2.0988e-06 1.2550e-06
2260   2.6672e-01 2.1977e-06 1.4737e-06
2261   2.6672e-01 2.2573e-06 1.6708e-06
2262   2.6672e-01 2.2935e-06 1.8509e-06
2263   2.6672e-01 2.2894e-06 2.0048e-06
2264   2.6671e-01 2.2617e-06 2.1303e-06
2265   2.6671e-01 2.1946e-06 2.2566e-06
2266   2.6671e-01 2.1056e-06 2.3654e-06
2267   2.6670e-01 1.9846e-06 2.4872e-06
2268   2.6670e-01 1.9188e-06 2.5807e-06
2269   2.6670e-01 1.8271e-06 2.6389e-06
2270   2.6670e-01 1.7108e-06 2.6669e-06
2271   2.6669e-01 1.5717e-06 2.6585e-06
2272   2.6669e-01 1.4118e-06 2.6133e-06
2273   2.6669e-01 1.2334e-06 2.5327e-06
2274   2.6669e-01 1.0392e-06 2.4174e-06
2275   2.6669e-01 8.3180e-07 2.2697e-06
2276   2.6669e-01 7.2283e-07 2.0913e-06
2277   2.6669e-01 6.2189e-07 1.8854e-06
2278   2.6669e-01 7.2796e-07 1.6542e-06
2279   2.6669e-01 8.2720e-07 1.4351e-06
2280   2.6669e-01 9.9571e-07 1.2020e-06
2281   2.6669e-01 1.2205e-06 9.5502e-07
2282   2.6669e-01 1.4198e-06 7.0827e-07
2283   2.6669e-01 1.6064e-06 5.6779e-07
2284   2.6669e-01 1.7624e-06 8.0399e-07
2285   2.6670e-01 1.9012e-06 1.0372e-06
2286   2.6670e-01 2.0057e-06 1.2551e-06
2287   2.6670e-01 2.0899e-06 1.4549e-06
2288   2.6670e-01 2.1374e-06 1.6338e-06
2289   2.6671e-01 2.1631e-06 1.7942e-06
2290   2.6671e-01 2.1514e-06 1.9326e-06
2291   2.6671e-01 2.1179e-06 2.0489e-06
2292   2.6671e-01 2.0481e-06 2.1745e-06
2293   2.6672e-01 1.9580e-06 2.2699e-06
2294   2.6672e-01 1.8341e-06 2.3466e-06
2295   2.6672e-01 1.7331e-06 2.4257e-06
2296   2.6672e-01 1.6412e-06 2.4709e-06
2297   2.6672e-01 1.5270e-06 2.4882e-06
2298   2.6673e-01 1.3923e-06 2.4719e-06
2299   2.6673e-01 1.2390e-06 2.4214e-06
2300   2.6673e-01 1.0693e-06 2.3382e-06
2301   2.6673e-01 8.8576e-07 2.2228e-06
2302   2.6673e-01 7.4842e-07 2.0777e-06
2303   2.6673e-01 6.5809e-07 1.9043e-06
2304   2.6673e-01 6.1356e-07 1.7058e-06
2305   2.6673e-01 7.1062e-07 1.4891e-06
2306   2.6673e-01 7.9652e-07 1.2839e-06
2307   2.6673e-01 9.6930e-07 1.0620e-06
2308   2.6673e-01 1.1755e-06 8.2631e-07
2309   2.6673e-01 1.3571e-06 5.8434e-07
2310   2.6673e-01 1.5260e-06 5.5564e-07
2311   2.6673e-01 1.6657e-06 7.8128e-07
2312   2.6672e-01 1.7886e-06 9.9748e-07
2313   2.6672e-01 1.8790e-06 1.1988e-06
2314   2.6672e-01 1.9498e-06 1.3827e-06
2315   2.6672e-01 1.9862e-06 1.5493e-06
2316   2.6672e-01 2.0018e-06 1.6974e-06
2317   2.6671e-01 1.9826e-06 1.8212e-06
2318   2.6671e-01 1.9429e-06 1.9261e-06
2319   2.6671e-01 1.8696e-06 2.0368e-06
2320   2.6671e-01 1.7776e-06 2.1362e-06
2321   2.6670e-01 1.6876e-06 2.2337e-06
2322   2.6670e-01 1.6181e-06 2.3002e-06
2323   2.6670e-01 1.5267e-06 2.3383e-06
2324   2.6670e-01 1.4149e-06 2.3467e-06
2325   2.6670e-01 1.2843e-06 2.3232e-06
2326   2.6669e-01 1.1369e-06 2.2675e-06
2327   2.6669e-01 9.7462e-07 2.1812e-06
2328   2.6669e-01 7.9994e-07 2.0651e-06
2329   2.6669e-01 6.7063e-07 1.9215e-06
2330   2.6669e-01 5.8635e-07 1.7518e-06
2331   2.6669e-01 5.9535e-07 1.5593e-06
2332   2.6669e-01 6.8621e-07 1.3630e-06
2333   2.6669e-01 7.8230e-07 1.1657e-06
2334   2.6669e-01 9.7734e-07 9.5366e-07
2335   2.6669e-01 1.1646e-06 7.3748e-07
2336   2.6669e-01 1.3285e-06 5.1612e-07
2337   2.6670e-01 1.4798e-06 5.9204e-07
2338   2.6670e-01 1.6037e-06 8.0330e-07
2339   2.6670e-01 1.7115e-06 1.0026e-06
2340   2.6670e-01 1.7889e-06 1.1873e-06
2341   2.6670e-01 1.8478e-06 1.3549e-06
2342   2.6671e-01 1.8748e-06 1.5041e-06
2343   2.6671e-01 1.8823e-06 1.6379e-06
2344   2.6671e-01 1.8576e-06 1.7488e-06
2345   2.6671e-01 1.8139e-06 1.8569e-06
2346   2.6671e-01 1.7393e-06 1.9550e-06
2347   2.6672e-01 1.6474e-06 2.0276e-06
2348   2.6672e-01 1.5310e-06 2.1041e-06
2349   2.6672e-01 1.4605e-06 2.1588e-06
2350   2.6672e-01 1.3701e-06 2.1863e-06
2351   2.6672e-01 1.2613e-06 2.1867e-06
2352   2.6673e-01 1.1356e-06 2.1573e-06
2353   2.6673e-01 9.9480e-07 2.0980e-06
2354   2.6673e-01 8.4101e-07 2.0105e-06
2355   2.6673e-01 6.8555e-07 1.8954e-06
2356   2.6673e-01 6.1216e-07 1.7551e-06
2357   2.6673e-01 5.3008e-07 1.5910e-06
2358   2.6673e-01 5.8509e-07 1.4060e-06
2359   2.6673e-01 6.6460e-07 1.2258e-06
2360   2.6673e-01 7.6815e-07 1.0377e-06
2361   2.6673e-01 9.4735e-07 8.3617e-07
2362   2.6673e-01 1.1185e-06 6.2433e-07
2363   2.6673e-01 1.2671e-06 4.1484e-07
2364   2.6673e-01 1.4034e-06 5.8293e-07
2365   2.6672e-01 1.5135e-06 7.7912e-07
2366   2.6672e-01 1.6080e-06 9.6364e-07
2367   2.6672e-01 1.6737e-06 1.1339e-06
2368   2.6672e-01 1.7218e-06 1.2878e-06
2369   2.6672e-01 1.7398e-06 1.4283e-06
2370   2.6671e-01 1.7396e-06 1.5488e-06
2371   2.6671e-01 1.7093e-06 1.6473e-06
2372   2.6671e-01 1.6613e-06 1.7455e-06
2373   2.6671e-01 1.5848e-06 1.8313e-06
2374   2.6671e-01 1.4925e-06 1.9250e-06
2375   2.6670e-01 1.4298e-06 1.9971e-06
2376   2.6670e-01 1.3591e-06 2.0417e-06
2377   2.6670e-01 1.2701e-06 2.0635e-06
2378   2.6670e-01 1.1641e-06 2.0566e-06
2379   2.6670e-01 1.0428e-06 2.0218e-06
2380   2.6670e-01 9.0775e-07 1.9590e-06
2381   2.6670e-01 7.6106e-07 1.8699e-06
2382   2.6669e-01 6.1652e-07 1.7553e-06
2383   2.6669e-01 5.4764e-07 1.6174e-06
2384   2.6669e-01 4.8464e-07 1.4577e-06
2385   2.6669e-01 5.6627e-07 1.2820e-06
2386   2.6669e-01 6.4035e-07 1.1164e-06
2387   2.6669e-01 7.8008e-07 9.3622e-07
2388   2.6670e-01 9.4324e-07 7.4689e-07
2389   2.6670e-01 1.0982e-06 5.5582e-07
2390   2.6670e-01 1.2318e-06 4.2522e-07
2391   2.6670e-01 1.3534e-06 6.0825e-07
2392   2.6670e-01 1.4504e-06 7.8961e-07
2393   2.6670e-01 1.5325e-06 9.5935e-07
2394   2.6670e-01 1.5877e-06 1.1151e-06
2395   2.6671e-01 1.6264e-06 1.2550e-06
2396   2.6671e-01 1.6371e-06 1.3809e-06
2397   2.6671e-01 1.6307e-06 1.4894e-06
2398   2.6671e-01 1.5967e-06 1.5782e-06
2399   2.6671e-01 1.5463e-06 1.6767e-06
2400   2.6671e-01 1.4695e-06 1.7522e-06
2401   2.6672e-01 1.3784e-06 1.8172e-06
2402   2.6672e-01 1.2962e-06 1.8782e-06
2403   2.6672e-01 1.2254e-06 1.9134e-06
2404   2.6672e-01 1.1381e-06 1.9268e-06
2405   2.6672e-01 1.0355e-06 1.9139e-06
2406   2.6672e-01 9.1916e-07 1.8749e-06
2407   2.6673e-01 7.9068e-07 1.8100e-06
2408   2.6673e-01 6.5192e-07 1.7208e-06
2409   2.6673e-01 5.6439e-07 1.6081e-06
2410   2.6673e-01 4.9727e-07 1.4741e-06
2411   2.6673e-01 4.7900e-07 1.3201e-06
2412   2.6673e-01 5.5107e-07 1.1588e-06
2413   2.6673e-01 6.1558e-07 1.0005e-06
2414   2.6673e-01 7.6116e-07 8.2895e-07
2415   2.6673e-01 9.1056e-07 6.4688e-07
2416   2.6672e-01 1.0516e-06 4.6323e-07
2417   2.6672e-01 1.1723e-06 4.2196e-07
2418   2.6672e-01 1.2811e-06 5.9654e-07
2419   2.6672e-01 1.3665e-06 7.6458e-07
2420   2.6672e-01 1.4376e-06 9.2127e-07
2421   2.6672e-01 1.4834e-06 1.0645e-06
2422   2.6672e-01 1.5133e-06 1.1944e-06
2423   2.6671e-01 1.5172e-06 1.3100e-06
2424   2.6671e-01 1.5049e-06 1.4070e-06
2425   2.6671e-01 1.4670e-06 1.4884e-06
2426   2.6671e-01 1.4139e-06 1.5752e-06
2427   2.6671e-01 1.3365e-06 1.6516e-06
2428   2.6671e-01 1.2601e-06 1.7270e-06
2429   2.6670e-01 1.2061e-06 1.7781e-06
2430   2.6670e-01 1.1359e-06 1.8074e-06
2431   2.6670e-01 1.0504e-06 1.8140e-06
2432   2.6670e-01 9.5100e-07 1.7955e-06
2433   2.6670e-01 8.3908e-07 1.7526e-06
2434   2.6670e-01 7.1626e-07 1.6856e-06
2435   2.6670e-01 5.8431e-07 1.5960e-06
2436   2.6670e-01 5.0709e-07 1.4846e-06
2437   2.6670e-01 4.4419e-07 1.3537e-06
2438   2.6670e-01 4.6475e-07 1.2045e-06
2439   2.6670e-01 5.3174e-07 1.0585e-06
2440   2.6670e-01 6.1049e-07 9.0647e-07
2441   2.6670e-01 7.6204e-07 7.4267e-07
2442   2.6670e-01 8.9771e-07 5.7709e-07
2443   2.6670e-01 1.0251e-06 4.0585e-07
2444   2.6670e-01 1.1331e-06 4.4680e-07
2445   2.6670e-01 1.2297e-06 6.1065e-07
2446   2.6670e-01 1.3044e-06 7.6557e-07
2447   2.6670e-01 1.3654e-06 9.0930e-07
2448   2.6671e-01 1.4027e-06 1.0399e-06
2449   2.6671e-01 1.4253e-06 1.1568e-06
2450   2.6671e-01 1.4236e-06 1.2612e-06
2451   2.6671e-01 1.4070e-06 1.3480e-06
2452   2.6671e-01 1.3665e-06 1.4306e-06
2453   2.6671e-01 1.3121e-06 1.5075e-06
2454   2.6672e-01 1.2354e-06 1.5650e-06
2455   2.6672e-01 1.1467e-06 1.6277e-06
2456   2.6672e-01 1.0917e-06 1.6699e-06
2457   2.6672e-01 1.0223e-06 1.6913e-06
2458   2.6672e-01 9.3913e-07 1.6917e-06
2459   2.6672e-01 8.4343e-07 1.6686e-06
2460   2.6672e-01 7.3658e-07 1.6230e-06
2461   2.6672e-01 6.2008e-07 1.5549e-06
2462   2.6672e-01 5.1737e-07 1.4661e-06
2463   2.6672e-01 4.6202e-07 1.3572e-06
2464   2.6673e-01 4.0095e-07 1.2305e-06
2465   2.6673e-01 4.5478e-07 1.0871e-06
2466   2.6673e-01 5.1369e-07 9.5359e-07
2467   2.6672e-01 6.0079e-07 8.0847e-07
2468   2.6672e-01 7.3989e-07 6.5277e-07
2469   2.6672e-01 8.6369e-07 4.9211e-07
2470   2.6672e-01 9.7915e-07 3.3011e-07
2471   2.6672e-01 1.0762e-06 4.4391e-07
2472   2.6672e-01 1.1620e-06 5.9612e-07
2473   2.6672e-01 1.2271e-06 7.3935e-07
2474   2.6672e-01 1.2790e-06 8.7171e-07
2475   2.6672e-01 1.3087e-06 9.9138e-07
2476   2.6671e-01 1.3244e-06 1.1007e-06
2477   2.6671e-01 1.3175e-06 1.1947e-06
2478   2.6671e-01 1.2965e-06 1.2718e-06
2479   2.6671e-01 1.2535e-06 1.3479e-06
2480   2.6671e-01 1.1976e-06 1.4151e-06
2481   2.6671e-01 1.1212e-06 1.4873e-06
2482   2.6671e-01 1.0669e-06 1.5430e-06
2483   2.6670e-01 1.0123e-06 1.5773e-06
2484   2.6670e-01 9.4401e-07 1.5939e-06
2485   2.6670e-01 8.6315e-07 1.5887e-06
2486   2.6670e-01 7.7086e-07 1.5615e-06
2487   2.6670e-01 6.6851e-07 1.5131e-06
2488   2.6670e-01 5.5753e-07 1.4440e-06
2489   2.6670e-01 4.6643e-07 1.3556e-06
2490   2.6670e-01 4.1426e-07 1.2488e-06
2491   2.6670e-01 3.7880e-07 1.1255e-06
2492   2.6670e-01 4.4006e-07 9.9726e-07
2493   2.6670e-01 4.9460e-07 8.6669e-07
2494   2.6670e-01 6.0608e-07 7.2780e-07
2495   2.6670e-01 7.3280e-07 5.8277e-07
2496   2.6670e-01 8.4488e-07 4.3518e-07
2497   2.6670e-01 9.4877e-07 3.1931e-07
2498   2.6670e-01 1.0352e-06 4.6080e-07
2499   2.6670e-01 1.1109e-06 6.0149e-07
2500   2.6670e-01 1.1671e-06 7.3326e-07
2501   2.6671e-01 1.2109e-06 8.5439e-07
2502   2.6671e-01 1.2340e-06 9.6323e-07
2503   2.6671e-01 1.2439e-06 1.0618e-06
2504   2.6671e-01 1.2328e-06 1.1463e-06
2505   2.6671e-01 1.2087e-06 1.2148e-06
2506   2.6671e-01 1.1643e-06 1.2911e-06
2507   2.6671e-01 1.1080e-06 1.3505e-06
2508   2.6672e-01 1.0329e-06 1.4047e-06
2509   2.6672e-01 9.6961e-07 1.4518e-06
2510   2.6672e-01 9.1512e-07 1.4793e-06
2511   2.6672e-01 8.4826e-07 1.4893e-06
2512   2.6672e-01 7.7005e-07 1.4793e-06
2513   2.6672e-01 6.8160e-07 1.4489e-06
2514   2.6672e-01 5.8420e-07 1.3989e-06
2515   2.6672e-01 4.7922e-07 1.3297e-06
2516   2.6672e-01 4.2607e-07 1.2427e-06
2517   2.6672e-01 3.7539e-07 1.1388e-06
2518   2.6672e-01 3.7291e-07 1.0199e-06
2519   2.6672e-01 4.2723e-07 8.9976e-07
2520   2.6672e-01 4.7497e-07 7.7755e-07
2521   2.6672e-01 5.9250e-07 6.4528e-07
2522   2.6672e-01 7.0842e-07 5.0511e-07
2523   2.6672e-01 8.1027e-07 3.6526e-07
2524   2.6672e-01 9.0399e-07 3.2019e-07
2525   2.6672e-01 9.8109e-07 4.5494e-07
2526   2.6672e-01 1.0478e-06 5.8523e-07
2527   2.6672e-01 1.0961e-06 7.0680e-07
2528   2.6672e-01 1.1325e-06 8.1805e-07
2529   2.6672e-01 1.1495e-06 9.1902e-07
2530   2.6671e-01 1.1540e-06 1.0090e-06
2531   2.6671e-01 1.1390e-06 1.0847e-06
2532   2.6671e-01 1.1119e-06 1.1477e-06
2533   2.6671e-01 1.0660e-06 1.2156e-06
2534   2.6671e-01 1.0091e-06 1.2753e-06
2535   2.6671e-01 9.4164e-07 1.3333e-06
2536   2.6671e-01 8.9976e-07 1.3727e-06
2537   2.6670e-01 8.4576e-07 1.3952e-06
2538   2.6670e-01 7.8041e-07 1.4001e-06
2539   2.6670e-01 7.0470e-07 1.3858e-06
2540   2.6670e-01 6.1971e-07 1.3525e-06
2541   2.6670e-01 5.2669e-07 1.3008e-06
2542   2.6670e-01 4.2693e-07 1.2314e-06
2543   2.6670e-01 3.8347e-07 1.1455e-06
2544   2.6670e-01 3.3580e-07 1.0442e-06
2545   2.6670e-01 3.6190e-07 9.3521e-07
2546   2.6670e-01 4.1209e-07 8.2099e-07
2547   2.6670e-01 4.7957e-07 7.0305e-07
2548   2.6670e-01 5.9018e-07 5.7684e-07
2549   2.6670e-01 6.9549e-07 4.5006e-07
2550   2.6670e-01 7.8739e-07 3.1789e-07
2551   2.6670e-01 8.7136e-07 3.3744e-07
2552   2.6670e-01 9.3963e-07 4.6407e-07
2553   2.6670e-01 9.9798e-07 5.8422e-07
2554   2.6671e-01 1.0390e-06 6.9578e-07
2555   2.6671e-01 1.0689e-06 7.9729e-07
2556   2.6671e-01 1.0807e-06 8.8856e-07
2557   2.6671e-01 1.0809e-06 9.6987e-07
2558   2.6671e-01 1.0629e-06 1.0375e-06
2559   2.6671e-01 1.0337e-06 1.1008e-06
2560   2.6671e-01 9.8724e-07 1.1608e-06
2561   2.6671e-01 9.3066e-07 1.2071e-06
2562   2.6672e-01 8.5872e-07 1.2570e-06
2563   2.6672e-01 8.1647e-07 1.2896e-06
2564   2.6672e-01 7.6317e-07 1.3062e-06
2565   2.6672e-01 6.9961e-07 1.3063e-06
2566   2.6672e-01 6.2673e-07 1.2885e-06
2567   2.6672e-01 5.4556e-07 1.2530e-06
2568   2.6672e-01 4.5728e-07 1.2006e-06
2569   2.6672e-01 3.8999e-07 1.1317e-06
2570   2.6672e-01 3.4877e-07 1.0478e-06
2571   2.6672e-01 3.0382e-07 9.4963e-07
2572   2.6672e-01 3.5300e-07 8.4679e-07
2573   2.6672e-01 3.9732e-07 7.3975e-07
2574   2.6672e-01 4.7234e-07 6.2783e-07
2575   2.6672e-01 5.7373e-07 5.0787e-07
2576   2.6672e-01 6.6974e-07 3.8585e-07
2577   2.6672e-01 7.5289e-07 2.6088e-07
2578   2.6672e-01 8.2825e-07 3.3775e-07
2579   2.6672e-01 8.8870e-07 4.5559e-07
2580   2.6672e-01 9.3959e-07 5.6659e-07
2581   2.6672e-01 9.7417e-07 6.6922e-07
2582   2.6672e-01 9.9812e-07 7.6215e-07
2583   2.6671e-01 1.0051e-06 8.4710e-07
2584   2.6671e-01 1.0012e-06 9.2024e-07
2585   2.6671e-01 9.8044e-07 9.8031e-07
2586   2.6671e-01 9.4924e-07 1.0392e-06
2587   2.6671e-01 9.0209e-07 1.0917e-06
2588   2.6671e-01 8.4569e-07 1.1474e-06
2589   2.6671e-01 7.9728e-07 1.1902e-06
2590   2.6671e-01 7.5503e-07 1.2166e-06
2591   2.6671e-01 7.0264e-07 1.2294e-06
2592   2.6670e-01 6.4087e-07 1.2252e-06
2593   2.6670e-01 5.7063e-07 1.2043e-06
2594   2.6670e-01 4.9293e-07 1.1668e-06
2595   2.6670e-01 4.0888e-07 1.1135e-06
2596   2.6670e-01 3.5227e-07 1.0451e-06
2597   2.6670e-01 3.1329e-07 9.6281e-07
2598   2.6670e-01 2.9592e-07 8.7020e-07
2599   2.6670e-01 3.4133e-07 7.7545e-07
2600   2.6670e-01 3.8212e-07 6.7135e-07
2601   2.6670e-01 4.7357e-07 5.6431e-07
2602   2.6670e-01 5.6593e-07 4.5351e-07
2603   2.6670e-01 6.5289e-07 3.3965e-07
2604   2.6670e-01 7.2763e-07 2.4023e-07
2605   2.6670e-01 7.9483e-07 3.4949e-07
2606   2.6671e-01 8.4797e-07 4.5838e-07
2607   2.6671e-01 8.9200e-07 5.6049e-07
2608   2.6671e-01 9.2077e-07 6.5442e-07
2609   2.6671e-01 9.3954e-07 7.3894e-07
2610   2.6671e-01 9.4254e-07 8.1574e-07
2611   2.6671e-01 9.3535e-07 8.8149e-07
2612   2.6671e-01 9.1258e-07 9.3484e-07
2613   2.6671e-01 8.8014e-07 9.9331e-07
2614   2.6671e-01 8.3303e-07 1.0398e-06
2615   2.6671e-01 7.7745e-07 1.0841e-06
2616   2.6672e-01 7.2592e-07 1.1203e-06
2617   2.6672e-01 6.8388e-07 1.1418e-06
2618   2.6672e-01 6.3263e-07 1.1493e-06
2619   2.6672e-01 5.7292e-07 1.1414e-06
2620   2.6672e-01 5.0561e-07 1.1180e-06
2621   2.6672e-01 4.3166e-07 1.0792e-06
2622   2.6672e-01 3.5510e-07 1.0258e-06
2623   2.6672e-01 3.2133e-07 9.5847e-07
2624   2.6672e-01 2.8353e-07 8.7841e-07
2625   2.6672e-01 2.9022e-07 7.9099e-07
2626   2.6672e-01 3.3061e-07 6.9997e-07
2627   2.6672e-01 3.6935e-07 6.0290e-07
2628   2.6672e-01 4.6325e-07 5.0093e-07
2629   2.6672e-01 5.4763e-07 3.9456e-07
2630   2.6672e-01 6.2661e-07 2.8670e-07
2631   2.6672e-01 6.9390e-07 2.4305e-07
2632   2.6672e-01 7.5384e-07 3.4695e-07
2633   2.6672e-01 8.0046e-07 4.4773e-07
2634   2.6672e-01 8.3833e-07 5.4185e-07
2635   2.6672e-01 8.6185e-07 6.2804e-07
2636   2.6671e-01 8.7589e-07 7.0638e-07
2637   2.6671e-01 8.7519e-07 7.7623e-07
2638   2.6671e-01 8.6495e-07 8.3505e-07
2639   2.6671e-01 8.4027e-07 8.8372e-07
2640   2.6671e-01 8.0663e-07 9.3659e-07
2641   2.6671e-01 7.5950e-07 9.8329e-07
2642   2.6671e-01 7.0463e-07 1.0280e-06
2643   2.6671e-01 6.7194e-07 1.0583e-06
2644   2.6671e-01 6.3035e-07 1.0754e-06
2645   2.6671e-01 5.8032e-07 1.0792e-06
2646   2.6671e-01 5.2258e-07 1.0681e-06
2647   2.6670e-01 4.5797e-07 1.0424e-06
2648   2.6670e-01 3.8742e-07 1.0024e-06
2649   2.6670e-01 3.2173e-07 9.4889e-07
2650   2.6670e-01 2.8962e-07 8.8251e-07
2651   2.6670e-01 2.5395e-07 8.0445e-07
2652   2.6670e-01 2.8155e-07 7.2577e-07
2653   2.6670e-01 3.1870e-07 6.3813e-07
2654   2.6670e-01 3.7354e-07 5.4428e-07
2655   2.6670e-01 4.5933e-07 4.4775e-07
2656   2.6670e-01 5.3597e-07 3.5017e-07
2657   2.6670e-01 6.0726e-07 2.4824e-07
2658   2.6671e-01 6.6747e-07 2.5515e-07
2659   2.6671e-01 7.2059e-07 3.5286e-07
2660   2.6671e-01 7.6117e-07 4.4579e-07
2661   2.6671e-01 7.9346e-07 5.3218e-07
2662   2.6671e-01 8.1234e-07 6.1084e-07
2663   2.6671e-01 8.2231e-07 6.8191e-07
2664   2.6671e-01 8.1858e-07 7.4499e-07
2665   2.6671e-01 8.0597e-07 7.9758e-07
2666   2.6671e-01 7.8002e-07 8.4600e-07
2667   2.6671e-01 7.4580e-07 8.9272e-07
2668   2.6671e-01 6.9918e-07 9.3097e-07
2669   2.6671e-01 6.4551e-07 9.6946e-07
2670   2.6672e-01 6.1085e-07 9.9438e-07
2671   2.6672e-01 5.6989e-07 1.0074e-06
2672   2.6672e-01 5.2128e-07 1.0073e-06
2673   2.6672e-01 4.6572e-07 9.9341e-07
2674   2.6672e-01 4.0403e-07 9.6604e-07
2675   2.6672e-01 3.3707e-07 9.2540e-07
2676   2.6672e-01 2.9421e-07 8.7235e-07
2677   2.6672e-01 2.6303e-07 8.0743e-07
2678   2.6672e-01 2.3685e-07 7.3323e-07
2679   2.6672e-01 2.7396e-07 6.5791e-07
2680   2.6672e-01 3.0687e-07 5.7396e-07
2681   2.6672e-01 3.6818e-07 4.8640e-07
2682   2.6672e-01 4.4675e-07 3.9396e-07
2683   2.6672e-01 5.1652e-07 3.0133e-07
2684   2.6672e-01 5.8098e-07 2.0500e-07
2685   2.6672e-01 6.3488e-07 2.5682e-07
2686   2.6672e-01 6.8192e-07 3.4788e-07
2687   2.6672e-01 7.1710e-07 4.3370e-07
2688   2.6672e-01 7.4436e-07 5.1313e-07
2689   2.6671e-01 7.5901e-07 5.8509e-07
2690   2.6671e-01 7.6527e-07 6.5099e-07
2691   2.6671e-01 7.5877e-07 7.0774e-07
2692   2.6671e-01 7.4396e-07 7.5446e-07
2693   2.6671e-01 7.1681e-07 7.9985e-07
2694   2.6671e-01 6.8203e-07 8.4080e-07
2695   2.6671e-01 6.3589e-07 8.8412e-07
2696   2.6671e-01 5.9632e-07 9.1706e-07
2697   2.6671e-01 5.6368e-07 9.3728e-07
2698   2.6671e-01 5.2346e-07 9.4701e-07
2699   2.6671e-01 4.7627e-07 9.4377e-07
2700   2.6671e-01 4.2277e-07 9.2746e-07
2701   2.6671e-01 3.6375e-07 8.9859e-07
2702   2.6670e-01 3.0005e-07 8.5740e-07
2703   2.6670e-01 2.6608e-07 8.0473e-07
2704   2.6670e-01 2.3652e-07 7.4116e-07
2705   2.6670e-01 2.3061e-07 6.7412e-07
2706   2.6670e-01 2.6474e-07 6.0139e-07
2707   2.6670e-01 2.9486e-07 5.2083e-07
2708   2.6670e-01 3.6748e-07 4.3658e-07
2709   2.6670e-01 4.3906e-07 3.5194e-07
2710   2.6671e-01 5.0222e-07 2.6427e-07
2711   2.6671e-01 5.6019e-07 1.8093e-07
2712   2.6671e-01 6.0816e-07 2.6515e-07
2713   2.6671e-01 6.4954e-07 3.4930e-07
2714   2.6671e-01 6.7978e-07 4.2825e-07
2715   2.6671e-01 7.0253e-07 5.0095e-07
2716   2.6671e-01 7.1352e-07 5.6643e-07
2717   2.6671e-01 7.1664e-07 6.2616e-07
2718   2.6671e-01 7.0791e-07 6.7715e-07
2719   2.6671e-01 6.9147e-07 7.1863e-07
2720   2.6671e-01 6.6364e-07 7.6340e-07
2721   2.6671e-01 6.2880e-07 7.9965e-07
2722   2.6671e-01 5.8352e-07 8.3547e-07
2723   2.6671e-01 5.4383e-07 8.6332e-07
2724   2.6672e-01 5.1142e-07 8.7994e-07
2725   2.6672e-01 4.7211e-07 8.8552e-07
2726   2.6672e-01 4.2650e-07 8.7945e-07
2727   2.6672e-01 3.7523e-07 8.6122e-07
2728   2.6672e-01 3.1906e-07 8.3133e-07
2729   2.6672e-01 2.6762e-07 7.9006e-07
2730   2.6672e-01 2.4242e-07 7.3821e-07
2731   2.6672e-01 2.1383e-07 6.7636e-07
2732   2.6672e-01 2.2547e-07 6.1341e-07
2733   2.6672e-01 2.5591e-07 5.4352e-07
2734   2.6672e-01 2.9081e-07 4.6654e-07
2735   2.6672e-01 3.5962e-07 3.8789e-07
2736   2.6672e-01 4.2497e-07 3.0707e-07
2737   2.6672e-01 4.8224e-07 2.2406e-07
2738   2.6672e-01 5.3442e-07 1.8452e-07
2739   2.6672e-01 5.7708e-07 2.6451e-07
2740   2.6672e-01 6.1339e-07 3.4234e-07
2741   2.6671e-01 6.3919e-07 4.1506e-07
2742   2.6671e-01 6.5787e-07 4.8172e-07
2743   2.6671e-01 6.6553e-07 5.4240e-07
2744   2.6671e-01 6.6579e-07 5.9651e-07
2745   2.6671e-01 6.5502e-07 6.4211e-07
2746   2.6671e-01 6.3708e-07 6.7963e-07
2747   2.6671e-01 6.0863e-07 7.2068e-07
2748   2.6671e-01 5.7372e-07 7.5726e-07
2749   2.6671e-01 5.2927e-07 7.9156e-07
2750   2.6671e-01 5.0238e-07 8.1485e-07
2751   2.6671e-01 4.7034e-07 8.2801e-07
2752   2.6671e-01 4.3201e-07 8.3077e-07
2753   2.6671e-01 3.8794e-07 8.2218e-07
2754   2.6671e-01 3.3877e-07 8.0224e-07
2755   2.6671e-01 2.8521e-07 7.7146e-07
2756   2.6671e-01 2.4280e-07 7.3013e-07
2757   2.6671e-01 2.1877e-07 6.7906e-07
2758   2.6671e-01 1.9171e-07 6.2183e-07
2759   2.6671e-01 2.1857e-07 5.6203e-07
2760   2.6671e-01 2.4646e-07 4.9475e-07
2761   2.6671e-01 2.9248e-07 4.2108e-07
2762   2.6671e-01 3.5533e-07 3.4687e-07
2763   2.6671e-01 4.1470e-07 2.7176e-07
2764   2.6671e-01 4.6636e-07 1.9330e-07
2765   2.6671e-01 5.1307e-07 1.9320e-07
2766   2.6671e-01 5.5078e-07 2.6847e-07
2767   2.6671e-01 5.8243e-07 3.4023e-07
2768   2.6671e-01 6.0422e-07 4.0698e-07
2769   2.6671e-01 6.1929e-07 4.6782e-07
2770   2.6671e-01 6.2409e-07 5.2299e-07
2771   2.6671e-01 6.2197e-07 5.7183e-07
2772   2.6671e-01 6.0963e-07 6.1258e-07
2773   2.6671e-01 5.9064e-07 6.4965e-07
2774   2.6671e-01 5.6196e-07 6.8591e-07
2775   2.6671e-01 5.2736e-07 7.1709e-07
2776   2.6671e-01 4.8402e-07 7.4661e-07
2777   2.6671e-01 4.5730e-07 7.6577e-07
2778   2.6672e-01 4.2579e-07 7.7587e-07
2779   2.6672e-01 3.8857e-07 7.7557e-07
2780   2.6672e-01 3.4619e-07 7.6489e-07
2781   2.6672e-01 2.9925e-07 7.4365e-07
2782   2.6672e-01 2.4842e-07 7.1238e-07
2783   2.6672e-01 2.2179e-07 6.7138e-07
2784   2.6672e-01 1.9848e-07 6.2142e-07
2785   2.6672e-01 1.8453e-07 5.6764e-07
2786   2.6672e-01 2.1222e-07 5.0996e-07
2787   2.6672e-01 2.3698e-07 4.4549e-07
2788   2.6672e-01 2.8821e-07 3.7599e-07
2789   2.6672e-01 3.4571e-07 3.0578e-07
2790   2.6672e-01 3.9973e-07 2.3452e-07
2791   2.6672e-01 4.4637e-07 1.6040e-07
2792   2.6672e-01 4.8817e-07 1.9534e-07
2793   2.6672e-01 5.2144e-07 2.6557e-07
2794   2.6671e-01 5.4890e-07 3.3180e-07
2795   2.6671e-01 5.6708e-07 3.9313e-07
2796   2.6671e-01 5.7889e-07 4.4876e-07
2797   2.6671e-01 5.8109e-07 4.9975e-07
2798   2.6671e-01 5.7680e-07 5.4369e-07
2799   2.6671e-01 5.6302e-07 5.7990e-07
2800   2.6671e-01 5.4308e-07 6.1486e-07
2801   2.6671e-01 5.1422e-07 6.4674e-07
2802   2.6671e-01 4.7993e-07 6.8050e-07
2803   2.6671e-01 4.4641e-07 7.0574e-07
2804   2.6671e-01 4.2118e-07 7.2139e-07
2805   2.6671e-01 3.9029e-07 7.2869e-07
2806   2.6671e-01 3.5419e-07 7.2604e-07
2807   2.6671e-01 3.1342e-07 7.1350e-07
2808   2.6671e-01 2.6855e-07 6.9114e-07
2809   2.6671e-01 2.2043e-07 6.5946e-07
2810   2.6671e-01 2.0078e-07 6.1880e-07
2811   2.6671e-01 1.7862e-07 5.7000e-07
2812   2.6671e-01 1.7956e-07 5.2117e-07
2813   2.6671e-01 2.0494e-07 4.6548e-07
2814   2.6671e-01 2.2840e-07 4.0362e-07
2815   2.6671e-01 2.8647e-07 3.3707e-07
2816   2.6671e-01 3.3885e-07 2.7252e-07
2817   2.6671e-01 3.8776e-07 2.0506e-07
2818   2.6671e-01 4.2965e-07 1.3646e-07
2819   2.6671e-01 4.6686e-07 2.0130e-07
2820   2.6671e-01 4.9603e-07 2.6619e-07
2821   2.6671e-01 5.1967e-07 3.2713e-07
2822   2.6671e-01 5.3462e-07 3.8328e-07
2823   2.6671e-01 5.4357e-07 4.3394e-07
2824   2.6671e-01 5.4357e-07 4.8021e-07
2825   2.6671e-01 5.3752e-07 5.1968e-07
2826   2.6671e-01 5.2270e-07 5.5182e-07
2827   2.6671e-01 5.0217e-07 5.8611e-07
2828   2.6671e-01 4.7344e-07 6.1431e-07
2829   2.6671e-01 4.3974e-07 6.4312e-07
2830   2.6671e-01 4.0763e-07 6.6444e-07
2831   2.6671e-01 3.8262e-07 6.7730e-07
2832   2.6671e-01 3.5246e-07 6.8148e-07
2833   2.6672e-01 3.1760e-07 6.7666e-07
2834   2.6672e-01 2.7854e-07 6.6264e-07
2835   2.6672e-01 2.3583e-07 6.3949e-07
2836   2.6672e-01 2.0183e-07 6.0774e-07
2837   2.6672e-01 1.8273e-07 5.6771e-07
2838   2.6672e-01 1.6133e-07 5.2185e-07
2839   2.6672e-01 1.7513e-07 4.7456e-07
2840   2.6672e-01 1.9780e-07 4.2101e-07
2841   2.6672e-01 2.2702e-07 3.6189e-07
2842   2.6672e-01 2.8028e-07 2.9963e-07
2843   2.6672e-01 3.2804e-07 2.3826e-07
2844   2.6672e-01 3.7237e-07 1.7441e-07
2845   2.6672e-01 4.0999e-07 1.4006e-07
2846   2.6671e-01 4.4309e-07 2.0159e-07
2847   2.6671e-01 4.6857e-07 2.6159e-07
2848   2.6671e-01 4.8877e-07 3.1769e-07
2849   2.6671e-01 5.0080e-07 3.6914e-07
2850   2.6671e-01 5.0717e-07 4.1607e-07
2851   2.6671e-01 5.0519e-07 4.5788e-07
2852   2.6671e-01 4.9755e-07 4.9318e-07
2853   2.6671e-01 4.8179e-07 5.2205e-07
2854   2.6671e-01 4.6075e-07 5.5385e-07
2855   2.6671e-01 4.3217e-07 5.8253e-07
2856   2.6671e-01 3.9907e-07 6.0888e-07
2857   2.6671e-01 3.7595e-07 6.2668e-07
2858   2.6671e-01 3.5127e-07 6.3675e-07
2859   2.6671e-01 3.2189e-07 6.3885e-07
2860   2.6671e-01 2.8824e-07 6.3211e-07
2861   2.6671e-01 2.5080e-07 6.1677e-07
2862   2.6671e-01 2.1010e-07 5.9297e-07
2863   2.6671e-01 1.8328e-07 5.6119e-07
2864   2.6671e-01 1.6503e-07 5.2180e-07
2865   2.6671e-01 1.4637e-07 4.8010e-07
2866   2.6671e-01 1.6963e-07 4.3428e-07
2867   2.6671e-01 1.9033e-07 3.8276e-07
2868   2.6671e-01 2.2738e-07 3.2620e-07
2869   2.6671e-01 2.7603e-07 2.6810e-07
2870   2.6671e-01 3.1940e-07 2.1038e-07
2871   2.6671e-01 3.5940e-07 1.5004e-07
2872   2.6671e-01 3.9302e-07 1.4641e-07
2873   2.6671e-01 4.2230e-07 2.0434e-07
2874   2.6671e-01 4.4440e-07 2.5966e-07
2875   2.6671e-01 4.6149e-07 3.1115e-07
2876   2.6671e-01 4.7094e-07 3.5811e-07
2877   2.6671e-01 4.7508e-07 4.0085e-07
2878   2.6671e-01 4.7146e-07 4.3857e-07
2879   2.6671e-01 4.6257e-07 4.7010e-07
2880   2.6671e-01 4.4617e-07 4.9848e-07
2881   2.6671e-01 4.2491e-07 5.2655e-07
2882   2.6671e-01 3.9672e-07 5.5167e-07
2883   2.6671e-01 3.6440e-07 5.7434e-07
2884   2.6671e-01 3.4258e-07 5.8905e-07
2885   2.6671e-01 3.1834e-07 5.9680e-07
2886   2.6671e-01 2.8983e-07 5.9647e-07
2887   2.6671e-01 2.5747e-07 5.8812e-07
2888   2.6672e-01 2.2173e-07 5.7179e-07
2889   2.6672e-01 1.8312e-07 5.4761e-07
2890   2.6672e-01 1.6727e-07 5.1608e-07
2891   2.6672e-01 1.4960e-07 4.7754e-07
2892   2.6672e-01 1.4348e-07 4.3854e-07
2893   2.6672e-01 1.6438e-07 3.9432e-07
2894   2.6672e-01 1.8279e-07 3.4493e-07
2895   2.6672e-01 2.2400e-07 2.9100e-07
2896   2.6672e-01 2.6849e-07 2.3671e-07
2897   2.6672e-01 3.0790e-07 1.8197e-07
2898   2.6672e-01 3.4399e-07 1.2497e-07
2899   2.6671e-01 3.7402e-07 1.4862e-07
2900   2.6671e-01 3.9985e-07 2.0271e-07
2901   2.6671e-01 4.1891e-07 2.5374e-07
2902   2.6671e-01 4.3321e-07 3.0102e-07
2903   2.6671e-01 4.4033e-07 3.4394e-07
2904   2.6671e-01 4.4246e-07 3.8334e-07
2905   2.6671e-01 4.3736e-07 4.1727e-07
2906   2.6671e-01 4.2735e-07 4.4529e-07
2907   2.6671e-01 4.1040e-07 4.7217e-07
2908   2.6671e-01 3.8897e-07 4.9690e-07
2909   2.6671e-01 3.6119e-07 5.2320e-07
2910   2.6671e-01 3.3452e-07 5.4256e-07
2911   2.6671e-01 3.1501e-07 5.5463e-07
2912   2.6671e-01 2.9127e-07 5.6003e-07
2913   2.6671e-01 2.6365e-07 5.5799e-07
2914   2.6671e-01 2.3254e-07 5.4823e-07
2915   2.6671e-01 1.9840e-07 5.3104e-07
2916   2.6671e-01 1.6628e-07 5.0657e-07
2917   2.6671e-01 1.5155e-07 4.7532e-07
2918   2.6671e-01 1.3473e-07 4.3954e-07
2919   2.6671e-01 1.3949e-07 4.0223e-07
2920   2.6671e-01 1.5860e-07 3.5954e-07
2921   2.6671e-01 1.7921e-07 3.1216e-07
2922   2.6671e-01 2.2196e-07 2.6070e-07
2923   2.6671e-01 2.6248e-07 2.1057e-07
2924   2.6671e-01 2.9814e-07 1.5875e-07
2925   2.6671e-01 3.3056e-07 1.0499e-07
2926   2.6671e-01 3.5724e-07 1.5296e-07
2927   2.6671e-01 3.7991e-07 2.0294e-07
2928   2.6671e-01 3.9620e-07 2.4988e-07
2929   2.6671e-01 4.0799e-07 2.9316e-07
2930   2.6671e-01 4.1309e-07 3.3236e-07
2931   2.6671e-01 4.1350e-07 3.6805e-07
2932   2.6671e-01 4.0720e-07 3.9852e-07
2933   2.6671e-01 3.9635e-07 4.2338e-07
2934   2.6671e-01 3.7909e-07 4.4963e-07
2935   2.6671e-01 3.5771e-07 4.7149e-07
2936   2.6671e-01 3.3051e-07 4.9448e-07
2937   2.6671e-01 3.0571e-07 5.1083e-07
2938   2.6671e-01 2.8641e-07 5.2073e-07
2939   2.6671e-01 2.6326e-07 5.2388e-07
2940   2.6671e-01 2.3660e-07 5.2008e-07
2941   2.6671e-01 2.0681e-07 5.0918e-07
2942   2.6671e-01 1.7433e-07 4.9138e-07
2943   2.6672e-01 1.5213e-07 4.6686e-07
2944   2.6672e-01 1.3782e-07 4.3609e-07
2945   2.6672e-01 1.2159e-07 4.0260e-07
2946   2.6672e-01 1.3577e-07 3.6644e-07
2947   2.6672e-01 1.5287e-07 3.2538e-07
2948   2.6672e-01 1.7795e-07 2.8008e-07
2949   2.6672e-01 2.1712e-07 2.3112e-07
2950   2.6671e-01 2.5405e-07 1.8437e-07
2951   2.6671e-01 2.8633e-07 1.3533e-07
2952   2.6671e-01 3.1544e-07 1.0639e-07
2953   2.6671e-01 3.3910e-07 1.5365e-07
2954   2.6671e-01 3.5891e-07 1.9983e-07
2955   2.6671e-01 3.7271e-07 2.4304e-07
2956   2.6671e-01 3.8225e-07 2.8268e-07
2957   2.6671e-01 3.8552e-07 3.1890e-07
2958   2.6671e-01 3.8439e-07 3.5115e-07
2959   2.6671e-01 3.7702e-07 3.7840e-07
2960   2.6671e-01 3.6543e-07 4.0060e-07
2961   2.6671e-01 3.4793e-07 4.2517e-07
2962   2.6671e-01 3.2664e-07 4.4773e-07
2963   2.6671e-01 3.0003e-07 4.6788e-07
2964   2.6671e-01 2.8157e-07 4.8152e-07
2965   2.6671e-01 2.6255e-07 4.8929e-07
2966   2.6671e-01 2.4002e-07 4.9071e-07
2967   2.6671e-01 2.1430e-07 4.8552e-07
2968   2.6671e-01 1.8578e-07 4.7363e-07
2969   2.6671e-01 1.5484e-07 4.5533e-07
2970   2.6671e-01 1.3823e-07 4.3082e-07
2971   2.6671e-01 1.2454e-07 4.0055e-07
2972   2.6671e-01 1.1405e-07 3.7004e-07
2973   2.6671e-01 1.3141e-07 3.3500e-07
2974   2.6671e-01 1.4697e-07 2.9550e-07
2975   2.6671e-01 1.7754e-07 2.5217e-07
2976   2.6671e-01 2.1331e-07 2.0683e-07
2977   2.6671e-01 2.4684e-07 1.6249e-07
2978   2.6671e-01 2.7594e-07 1.1616e-07
2979   2.6671e-01 3.0197e-07 1.1106e-07
2980   2.6671e-01 3.2283e-07 1.5558e-07
2981   2.6671e-01 3.4003e-07 1.9816e-07
2982   2.6671e-01 3.5159e-07 2.3781e-07
2983   2.6671e-01 3.5913e-07 2.7400e-07
2984   2.6671e-01 3.6082e-07 3.0703e-07
2985   2.6671e-01 3.5840e-07 3.3612e-07
2986   2.6671e-01 3.5020e-07 3.6046e-07
2987   2.6671e-01 3.3809e-07 3.8218e-07
2988   2.6671e-01 3.2053e-07 4.0386e-07
2989   2.6671e-01 2.9950e-07 4.2400e-07
2990   2.6671e-01 2.7361e-07 4.4134e-07
2991   2.6671e-01 2.5678e-07 4.5267e-07
2992   2.6671e-01 2.3812e-07 4.5856e-07
2993   2.6671e-01 2.1628e-07 4.5817e-07
2994   2.6671e-01 1.9157e-07 4.5174e-07
2995   2.6671e-01 1.6434e-07 4.3909e-07
2996   2.6671e-01 1.3771e-07 4.2050e-07
2997   2.6671e-01 1.2606e-07 3.9618e-07
2998   2.6671e-01 1.1281e-07 3.6748e-07
2999   2.6671e-01 1.1152e-07 3.3813e-07
3000   2.6671e-01 1.2714e-07 3.0431e-07
3001   2.6671e-01 1.4099e-07 2.6644e-07
3002   2.6671e-01 1.7476e-07 2.2511e-07
3003   2.6671e-01 2.0743e-07 1.8281e-07
3004   2.6671e-01 2.3790e-07 1.4077e-07
3005   2.6671e-01 2.6411e-07 9.7014e-08
3006   2.6671e-01 2.8735e-07 1.1311e-07
3007   2.6671e-01 3.0570e-07 1.5470e-07
3008   2.6671e-01 3.2054e-07 1.9396e-07
3009   2.6671e-01 3.3008e-07 2.3036e-07
3010   2.6671e-01 3.3582e-07 2.6346e-07
3011   2.6671e-01 3.3610e-07 2.9381e-07
3012   2.6671e-01 3.3253e-07 3.1997e-07
3013   2.6671e-01 3.2360e-07 3.4159e-07
3014   2.6671e-01 3.1105e-07 3.6225e-07
3015   2.6671e-01 2.9348e-07 3.8146e-07
3016   2.6671e-01 2.7274e-07 4.0190e-07
3017   2.6671e-01 2.5088e-07 4.1669e-07
3018   2.6671e-01 2.3580e-07 4.2600e-07
3019   2.6671e-01 2.1755e-07 4.3003e-07
3020   2.6671e-01 1.9640e-07 4.2836e-07
3021   2.6671e-01 1.7267e-07 4.2085e-07
3022   2.6671e-01 1.4668e-07 4.0755e-07
3023   2.6671e-01 1.2548e-07 3.8875e-07
3024   2.6671e-01 1.1428e-07 3.6466e-07
3025   2.6671e-01 1.0164e-07 3.3843e-07
3026   2.6671e-01 1.0832e-07 3.0987e-07
3027   2.6671e-01 1.2256e-07 2.7722e-07
3028   2.6671e-01 1.3959e-07 2.4090e-07
3029   2.6671e-01 1.7264e-07 2.0148e-07
3030   2.6671e-01 2.0239e-07 1.6238e-07
3031   2.6671e-01 2.2995e-07 1.2259e-07
3032   2.6671e-01 2.5347e-07 8.1324e-08
3033   2.6671e-01 2.7413e-07 1.1632e-07
3034   2.6671e-01 2.9017e-07 1.5474e-07
3035   2.6671e-01 3.0287e-07 1.9086e-07
3036   2.6671e-01 3.1061e-07 2.2418e-07
3037   2.6671e-01 3.1477e-07 2.5444e-07
3038   2.6671e-01 3.1385e-07 2.8193e-07
3039   2.6671e-01 3.0934e-07 3.0541e-07
3040   2.6671e-01 2.9988e-07 3.2458e-07
3041   2.6671e-01 2.8706e-07 3.4468e-07
3042   2.6671e-01 2.6963e-07 3.6203e-07
3043   2.6671e-01 2.4930e-07 3.7983e-07
3044   2.6671e-01 2.2943e-07 3.9231e-07
3045   2.6671e-01 2.1453e-07 3.9994e-07
3046   2.6671e-01 1.9675e-07 4.0230e-07
3047   2.6671e-01 1.7635e-07 3.9926e-07
3048   2.6671e-01 1.5363e-07 3.9088e-07
3049   2.6671e-01 1.2890e-07 3.7712e-07
3050   2.6671e-01 1.1473e-07 3.5827e-07
3051   2.6671e-01 1.0386e-07 3.3456e-07
3052   2.6671e-01 9.1676e-08 3.1009e-07
3053   2.6671e-01 1.0523e-07 2.8240e-07
3054   2.6671e-01 1.1798e-07 2.5099e-07
3055   2.6671e-01 1.3849e-07 2.1626e-07
3056   2.6671e-01 1.6875e-07 1.7875e-07
3057   2.6671e-01 1.9585e-07 1.4233e-07
3058   2.6671e-01 2.2079e-07 1.0469e-07
3059   2.6671e-01 2.4187e-07 8.0859e-08
3060   2.6671e-01 2.6019e-07 1.1714e-07
3061   2.6671e-01 2.7414e-07 1.5264e-07
3062   2.6671e-01 2.8492e-07 1.8586e-07
3063   2.6671e-01 2.9104e-07 2.1636e-07
3064   2.6671e-01 2.9378e-07 2.4428e-07
3065   2.6671e-01 2.9179e-07 2.6911e-07
3066   2.6671e-01 2.8645e-07 2.9011e-07
3067   2.6671e-01 2.7653e-07 3.0716e-07
3068   2.6671e-01 2.6350e-07 3.2610e-07
3069   2.6671e-01 2.4625e-07 3.4380e-07
3070   2.6671e-01 2.2635e-07 3.5923e-07
3071   2.6671e-01 2.1105e-07 3.6963e-07
3072   2.6671e-01 1.9639e-07 3.7562e-07
3073   2.6671e-01 1.7911e-07 3.7660e-07
3074   2.6671e-01 1.5945e-07 3.7253e-07
3075   2.6671e-01 1.3770e-07 3.6338e-07
3076   2.6671e-01 1.1417e-07 3.4925e-07
3077   2.6671e-01 1.0430e-07 3.3043e-07
3078   2.6671e-01 9.3888e-08 3.0780e-07
3079   2.6671e-01 8.8654e-08 2.8479e-07
3080   2.6671e-01 1.0175e-07 2.5797e-07
3081   2.6671e-01 1.1333e-07 2.2775e-07
3082   2.6671e-01 1.3777e-07 1.9454e-07
3083   2.6671e-01 1.6540e-07 1.5927e-07
3084   2.6671e-01 1.8999e-07 1.2526e-07
3085   2.6671e-01 2.1247e-07 8.9694e-08
3086   2.6671e-01 2.3128e-07 8.4333e-08
3087   2.6671e-01 2.4745e-07 1.1852e-07
3088   2.6671e-01 2.5950e-07 1.5124e-07
3089   2.6671e-01 2.6855e-07 1.8173e-07
3090   2.6671e-01 2.7323e-07 2.0957e-07
3091   2.6671e-01 2.7475e-07 2.3506e-07
3092   2.6671e-01 2.7186e-07 2.5745e-07
3093   2.6671e-01 2.6587e-07 2.7619e-07
3094   2.6671e-01 2.5563e-07 2.9282e-07
3095   2.6671e-01 2.4254e-07 3.0953e-07
3096   2.6671e-01 2.2556e-07 3.2557e-07
3097   2.6671e-01 2.0618e-07 3.3884e-07
3098   2.6671e-01 1.9257e-07 3.4752e-07
3099   2.6671e-01 1.7821e-07 3.5200e-07
3100   2.6671e-01 1.6147e-07 3.5163e-07
3101   2.6671e-01 1.4258e-07 3.4661e-07
3102   2.6671e-01 1.2183e-07 3.3687e-07
3103   2.6671e-01 1.0380e-07 3.2253e-07
3104   2.6671e-01 9.5059e-08 3.0384e-07
3105   2.6671e-01 8.4997e-08 2.8272e-07
3106   2.6671e-01 8.6517e-08 2.6030e-07
3107   2.6671e-01 9.8310e-08 2.3440e-07
3108   2.6671e-01 1.0886e-07 2.0542e-07
3109   2.6671e-01 1.3552e-07 1.7374e-07
3110   2.6671e-01 1.6076e-07 1.4087e-07
3111   2.6671e-01 1.8306e-07 1.0863e-07
3112   2.6671e-01 2.0331e-07 7.5056e-08
3113   2.6671e-01 2.2007e-07 8.6116e-08
3114   2.6671e-01 2.3429e-07 1.1806e-07
3115   2.6671e-01 2.4463e-07 1.4823e-07
3116   2.6671e-01 2.5211e-07 1.7621e-07
3117   2.6671e-01 2.5551e-07 2.0170e-07
3118   2.6671e-01 2.5594e-07 2.2504e-07
3119   2.6671e-01 2.5226e-07 2.4517e-07
3120   2.6671e-01 2.4569e-07 2.6183e-07
3121   2.6671e-01 2.3521e-07 2.7768e-07
3122   2.6671e-01 2.2210e-07 2.9284e-07
3123   2.6671e-01 2.0543e-07 3.0846e-07
3124   2.6671e-01 1.8830e-07 3.1977e-07
3125   2.6671e-01 1.7664e-07 3.2691e-07
3126   2.6671e-01 1.6261e-07 3.2994e-07
3127   2.6671e-01 1.4641e-07 3.2858e-07
3128   2.6671e-01 1.2829e-07 3.2274e-07
3129   2.6671e-01 1.0849e-07 3.1251e-07
3130   2.6671e-01 9.4627e-08 2.9802e-07
3131   2.6671e-01 8.6206e-08 2.7952e-07
3132   2.6671e-01 7.6595e-08 2.6019e-07
3133   2.6671e-01 8.3959e-08 2.3837e-07
3134   2.6671e-01 9.4687e-08 2.1338e-07
3135   2.6671e-01 1.0917e-07 1.8559e-07
3136   2.6671e-01 1.3357e-07 1.5537e-07
3137   2.6671e-01 1.5655e-07 1.2497e-07
3138   2.6671e-01 1.7672e-07 9.4464e-08
3139   2.6671e-01 1.9489e-07 6.2800e-08
3140   2.6671e-01 2.0975e-07 8.8512e-08
3141   2.6671e-01 2.2219e-07 1.1802e-07
3142   2.6671e-01 2.3097e-07 1.4577e-07
3143   2.6671e-01 2.3706e-07 1.7138e-07
3144   2.6671e-01 2.3933e-07 1.9471e-07
3145   2.6671e-01 2.3882e-07 2.1584e-07
3146   2.6671e-01 2.3451e-07 2.3390e-07
3147   2.6671e-01 2.2751e-07 2.4867e-07
3148   2.6671e-01 2.1689e-07 2.6405e-07
3149   2.6671e-01 2.0386e-07 2.7791e-07
3150   2.6671e-01 1.8758e-07 2.9151e-07
3151   2.6671e-01 1.7228e-07 3.0104e-07
3152   2.6671e-01 1.6078e-07 3.0688e-07
3153   2.6671e-01 1.4712e-07 3.0865e-07
3154   2.6671e-01 1.3151e-07 3.0625e-07
3155   2.6671e-01 1.1416e-07 2.9974e-07
3156   2.6671e-01 9.5333e-08 2.8916e-07
3157   2.6671e-01 8.6467e-08 2.7463e-07
3158   2.6671e-01 7.8299e-08 2.5642e-07
3159   2.6671e-01 7.0686e-08 2.3844e-07
3160   2.6671e-01 8.1432e-08 2.1729e-07
3161   2.6671e-01 9.1049e-08 1.9324e-07
3162   2.6671e-01 1.0817e-07 1.6666e-07
3163   2.6671e-01 1.3050e-07 1.3791e-07
3164   2.6671e-01 1.5141e-07 1.0963e-07
3165   2.6671e-01 1.6964e-07 8.0771e-08
3166   2.6671e-01 1.8592e-07 6.1503e-08
3167   2.6671e-01 1.9906e-07 8.9327e-08
3168   2.6671e-01 2.0989e-07 1.1658e-07
3169   2.6671e-01 2.1727e-07 1.4210e-07
3170   2.6671e-01 2.2211e-07 1.6553e-07
3171   2.6671e-01 2.2338e-07 1.8702e-07
3172   2.6671e-01 2.2204e-07 2.0610e-07
3173   2.6671e-01 2.1716e-07 2.2226e-07
3174   2.6671e-01 2.0980e-07 2.3534e-07
3175   2.6671e-01 1.9910e-07 2.4991e-07
3176   2.6671e-01 1.8619e-07 2.6380e-07
3177   2.6671e-01 1.7031e-07 2.7557e-07
3178   2.6671e-01 1.5832e-07 2.8351e-07
3179   2.6671e-01 1.4702e-07 2.8810e-07
3180   2.6671e-01 1.3375e-07 2.8875e-07
3181   2.6671e-01 1.1872e-07 2.8561e-07
3182   2.6671e-01 1.0213e-07 2.7852e-07
3183   2.6671e-01 8.5476e-08 2.6767e-07
3184   2.6671e-01 7.8641e-08 2.5316e-07
3185   2.6671e-01 7.0804e-08 2.3645e-07
3186   2.6671e-01 6.8877e-08 2.1886e-07
3187   2.6671e-01 7.8673e-08 1.9836e-07
3188   2.6671e-01 8.7382e-08 1.7523e-07
3189   2.6671e-01 1.0729e-07 1.4982e-07
3190   2.6671e-01 1.2767e-07 1.2246e-07
3191   2.6671e-01 1.4665e-07 9.6363e-08
3192   2.6671e-01 1.6306e-07 6.9100e-08
3193   2.6671e-01 1.7760e-07 6.4109e-08
3194   2.6671e-01 1.8916e-07 9.0332e-08
3195   2.6671e-01 1.9852e-07 1.1545e-07
3196   2.6671e-01 2.0465e-07 1.3886e-07
3197   2.6671e-01 2.0837e-07 1.6025e-07
3198   2.6671e-01 2.0877e-07 1.7988e-07
3199   2.6671e-01 2.0674e-07 1.9709e-07
3200   2.6671e-01 2.0142e-07 2.1150e-07
3201   2.6671e-01 1.9381e-07 2.2423e-07
3202   2.6671e-01 1.8312e-07 2.3708e-07
3203   2.6671e-01 1.7041e-07 2.4980e-07
3204   2.6671e-01 1.5498e-07 2.5991e-07
3205   2.6671e-01 1.4451e-07 2.6657e-07
3206   2.6671e-01 1.3345e-07 2.6996e-07
3207   2.6671e-01 1.2061e-07 2.6962e-07
3208   2.6671e-01 1.0618e-07 2.6572e-07
3209   2.6671e-01 9.0352e-08 2.5819e-07
3210   2.6671e-01 7.8290e-08 2.4716e-07
3211   2.6671e-01 7.1635e-08 2.3277e-07
3212   2.6671e-01 6.4067e-08 2.1721e-07
3213   2.6671e-01 6.7092e-08 2.0007e-07
3214   2.6671e-01 7.5913e-08 1.8027e-07
3215   2.6671e-01 8.4852e-08 1.5808e-07
3216   2.6671e-01 1.0543e-07 1.3384e-07
3217   2.6671e-01 1.2403e-07 1.0835e-07
3218   2.6671e-01 1.4124e-07 8.3638e-08
3219   2.6671e-01 1.5600e-07 5.7903e-08
3220   2.6671e-01 1.6895e-07 6.5609e-08
3221   2.6671e-01 1.7909e-07 9.0118e-08
3222   2.6671e-01 1.8712e-07 1.1327e-07
3223   2.6671e-01 1.9211e-07 1.3474e-07
3224   2.6671e-01 1.9485e-07 1.5435e-07
3225   2.6671e-01 1.9447e-07 1.7227e-07
3226   2.6671e-01 1.9183e-07 1.8774e-07
3227   2.6671e-01 1.8614e-07 2.0054e-07
3228   2.6671e-01 1.7833e-07 2.1270e-07
3229   2.6671e-01 1.6769e-07 2.2464e-07
3230   2.6671e-01 1.5520e-07 2.3657e-07
3231   2.6671e-01 1.4143e-07 2.4519e-07
3232   2.6671e-01 1.3242e-07 2.5067e-07
3233   2.6671e-01 1.2163e-07 2.5295e-07
3234   2.6671e-01 1.0922e-07 2.5181e-07
3235   2.6671e-01 9.5373e-08 2.4731e-07
3236   2.6671e-01 8.0286e-08 2.3941e-07
3237   2.6671e-01 7.1394e-08 2.2828e-07
3238   2.6671e-01 6.4980e-08 2.1404e-07
3239   2.6671e-01 5.7742e-08 1.9979e-07
3240   2.6671e-01 6.5046e-08 1.8311e-07
3241   2.6671e-01 7.3055e-08 1.6400e-07
3242   2.6671e-01 8.4849e-08 1.4273e-07
3243   2.6671e-01 1.0368e-07 1.1961e-07
3244   2.6671e-01 1.2060e-07 9.6026e-08
3245   2.6671e-01 1.3617e-07 7.2637e-08
3246   2.6671e-01 1.4939e-07 4.8372e-08
3247   2.6671e-01 1.6088e-07 6.7406e-08
3248   2.6671e-01 1.6971e-07 9.0043e-08
3249   2.6671e-01 1.7654e-07 1.1133e-07
3250   2.6671e-01 1.8053e-07 1.3099e-07
3251   2.6671e-01 1.8239e-07 1.4894e-07
3252   2.6671e-01 1.8136e-07 1.6517e-07
3253   2.6671e-01 1.7821e-07 1.7904e-07
3254   2.6671e-01 1.7225e-07 1.9039e-07
3255   2.6671e-01 1.6432e-07 2.0216e-07
3256   2.6671e-01 1.5380e-07 2.1317e-07
3257   2.6671e-01 1.4159e-07 2.2356e-07
3258   2.6671e-01 1.2943e-07 2.3081e-07
3259   2.6671e-01 1.2056e-07 2.3528e-07
3260   2.6671e-01 1.1007e-07 2.3659e-07
3261   2.6671e-01 9.8111e-08 2.3468e-07
3262   2.6671e-01 8.4868e-08 2.2966e-07
3263   2.6671e-01 7.0522e-08 2.2150e-07
3264   2.6671e-01 6.5205e-08 2.1034e-07
3265   2.6671e-01 5.8990e-08 1.9684e-07
3266   2.6671e-01 5.4872e-08 1.8311e-07
3267   2.6671e-01 6.2999e-08 1.6693e-07
3268   2.6671e-01 7.0181e-08 1.4854e-07
3269   2.6671e-01 8.3980e-08 1.2819e-07
3270   2.6671e-01 1.0121e-07 1.0619e-07
3271   2.6671e-01 1.1660e-07 8.4277e-08
3272   2.6671e-01 1.3065e-07 6.2158e-08
3273   2.6671e-01 1.4249e-07 4.6815e-08
3274   2.6671e-01 1.5264e-07 6.8140e-08
3275   2.6671e-01 1.6030e-07 8.9040e-08
3276   2.6671e-01 1.6605e-07 1.0861e-07
3277   2.6671e-01 1.6913e-07 1.2659e-07
3278   2.6671e-01 1.7022e-07 1.4311e-07
3279   2.6671e-01 1.6861e-07 1.5776e-07
3280   2.6671e-01 1.6502e-07 1.7016e-07
3281   2.6671e-01 1.5884e-07 1.8019e-07
3282   2.6671e-01 1.5084e-07 1.9139e-07
3283   2.6671e-01 1.4046e-07 2.0227e-07
3284   2.6671e-01 1.2854e-07 2.1126e-07
3285   2.6671e-01 1.1884e-07 2.1731e-07
3286   2.6671e-01 1.1013e-07 2.2081e-07
3287   2.6671e-01 9.9952e-08 2.2126e-07
3288   2.6671e-01 8.8449e-08 2.1877e-07
3289   2.6671e-01 7.5789e-08 2.1332e-07
3290   2.6671e-01 6.4466e-08 2.0494e-07
3291   2.6671e-01 5.9317e-08 1.9381e-07
3292   2.6671e-01 5.3350e-08 1.8141e-07
3293   2.6671e-01 5.3412e-08 1.6798e-07
3294   2.6671e-01 6.0810e-08 1.5230e-07
3295   2.6671e-01 6.7301e-08 1.3462e-07
3296   2.6671e-01 8.3115e-08 1.1516e-07
3297   2.6671e-01 9.8837e-08 9.4234e-08
3298   2.6671e-01 1.1279e-07 7.4001e-08
3299   2.6671e-01 1.2545e-07 5.3108e-08
3300   2.6671e-01 1.3599e-07 4.8780e-08
3301   2.6671e-01 1.4494e-07 6.8881e-08
3302   2.6671e-01 1.5152e-07 8.8143e-08
3303   2.6671e-01 1.5630e-07 1.0610e-07
3304   2.6671e-01 1.5858e-07 1.2251e-07
3305   2.6671e-01 1.5899e-07 1.3761e-07
3306   2.6671e-01 1.5690e-07 1.5081e-07
3307   2.6671e-01 1.5297e-07 1.6187e-07
3308   2.6671e-01 1.4664e-07 1.7161e-07
3309   2.6671e-01 1.3864e-07 1.8147e-07
3310   2.6671e-01 1.2845e-07 1.9152e-07
3311   2.6671e-01 1.1686e-07 1.9923e-07
3312   2.6671e-01 1.0850e-07 2.0432e-07
3313   2.6671e-01 9.9984e-08 2.0688e-07
3314   2.6671e-01 9.0138e-08 2.0658e-07
3315   2.6671e-01 7.9100e-08 2.0352e-07
3316   2.6671e-01 6.7030e-08 1.9772e-07
3317   2.6671e-01 5.9021e-08 1.8922e-07
3318   2.6671e-01 5.4009e-08 1.7818e-07
3319   2.6671e-01 4.8252e-08 1.6666e-07
3320   2.6671e-01 5.1946e-08 1.5357e-07
3321   2.6671e-01 5.8610e-08 1.3843e-07
3322   2.6671e-01 6.6364e-08 1.2146e-07
3323   2.6671e-01 8.1607e-08 1.0290e-07
3324   2.6671e-01 9.5946e-08 8.3186e-08
3325   2.6671e-01 1.0859e-07 6.4262e-08
3326   2.6671e-01 1.1997e-07 4.4544e-08
3327   2.6671e-01 1.2934e-07 5.0016e-08
3328   2.6671e-01 1.3718e-07 6.8801e-08
3329   2.6671e-01 1.4279e-07 8.6545e-08
3330   2.6671e-01 1.4670e-07 1.0301e-07
3331   2.6671e-01 1.4828e-07 1.1807e-07
3332   2.6671e-01 1.4809e-07 1.3182e-07
3333   2.6671e-01 1.4557e-07 1.4368e-07
3334   2.6671e-01 1.4135e-07 1.5351e-07
3335   2.6671e-01 1.3492e-07 1.6283e-07
3336   2.6671e-01 1.2694e-07 1.7221e-07
3337   2.6671e-01 1.1697e-07 1.8131e-07
3338   2.6671e-01 1.0630e-07 1.8788e-07
3339   2.6671e-01 9.9331e-08 1.9206e-07
3340   2.6671e-01 9.1033e-08 1.9378e-07
3341   2.6671e-01 8.1526e-08 1.9285e-07
3342   2.6671e-01 7.0945e-08 1.8935e-07
3343   2.6671e-01 5.9444e-08 1.8327e-07
3344   2.6671e-01 5.3834e-08 1.7469e-07
3345   2.6671e-01 4.8999e-08 1.6392e-07
3346   2.6671e-01 4.3574e-08 1.5322e-07
3347   2.6671e-01 5.0314e-08 1.4048e-07
3348   2.6671e-01 5.6355e-08 1.2587e-07
3349   2.6671e-01 6.6169e-08 1.0960e-07
3350   2.6671e-01 8.0113e-08 9.1906e-08
3351   2.6671e-01 9.3159e-08 7.3659e-08
3352   2.6671e-01 1.0458e-07 5.5750e-08
3353   2.6671e-01 1.1478e-07 3.7162e-08
3354   2.6671e-01 1.2308e-07 5.1372e-08
3355   2.6671e-01 1.2991e-07 6.8720e-08
3356   2.6671e-01 1.3465e-07 8.5036e-08
3357   2.6671e-01 1.3778e-07 1.0010e-07
3358   2.6671e-01 1.3873e-07 1.1390e-07
3359   2.6671e-01 1.3803e-07 1.2634e-07
3360   2.6671e-01 1.3517e-07 1.3698e-07
3361   2.6671e-01 1.3073e-07 1.4569e-07
3362   2.6671e-01 1.2424e-07 1.5469e-07
3363   2.6671e-01 1.1635e-07 1.6340e-07
3364   2.6671e-01 1.0663e-07 1.7132e-07
3365   2.6671e-01 9.7295e-08 1.7684e-07
3366   2.6671e-01 9.0446e-08 1.8025e-07
3367   2.6671e-01 8.2385e-08 1.8122e-07
3368   2.6671e-01 7.3231e-08 1.7971e-07
3369   2.6671e-01 6.3114e-08 1.7582e-07
3370   2.6671e-01 5.3199e-08 1.6954e-07
3371   2.6671e-01 4.9147e-08 1.6095e-07
3372   2.6671e-01 4.4464e-08 1.5093e-07
3373   2.6671e-01 4.2575e-08 1.4044e-07
3374   2.6671e-01 4.8670e-08 1.2808e-07
3375   2.6671e-01 5.4089e-08 1.1401e-07
3376   2.6671e-01 6.5400e-08 9.8452e-08
3377   2.6671e-01 7.8148e-08 8.1609e-08
3378   2.6671e-01 9.0008e-08 6.4666e-08
3379   2.6671e-01 1.0031e-07 4.7732e-08
3380   2.6671e-01 1.0944e-07 3.5669e-08
3381   2.6671e-01 1.1675e-07 5.2000e-08
3382   2.6671e-01 1.2267e-07 6.8011e-08
3383   2.6671e-01 1.2662e-07 8.3007e-08
3384   2.6671e-01 1.2906e-07 9.6786e-08
3385   2.6671e-01 1.2945e-07 1.0947e-07
3386   2.6671e-01 1.2831e-07 1.2070e-07
3387   2.6671e-01 1.2515e-07 1.3021e-07
3388   2.6671e-01 1.2054e-07 1.3790e-07
3389   2.6671e-01 1.1404e-07 1.4648e-07
3390   2.6671e-01 1.0625e-07 1.5500e-07
3391   2.6671e-01 9.6788e-08 1.6184e-07
3392   2.6671e-01 8.9263e-08 1.6646e-07
3393   2.6671e-01 8.2551e-08 1.6911e-07
3394   2.6671e-01 7.4737e-08 1.6942e-07
3395   2.6671e-01 6.5935e-08 1.6747e-07
3396   2.6671e-01 5.6270e-08 1.6325e-07
3397   2.6671e-01 4.8644e-08 1.5681e-07
3398   2.6671e-01 4.4715e-08 1.4824e-07
3399   2.6671e-01 4.0215e-08 1.3904e-07
3400   2.6671e-01 4.1399e-08 1.2878e-07
3401   2.6671e-01 4.6939e-08 1.1680e-07
3402   2.6671e-01 5.1828e-08 1.0327e-07
3403   2.6671e-01 6.4583e-08 8.8398e-08
3404   2.6671e-01 7.6211e-08 7.2378e-08
3405   2.6671e-01 8.6965e-08 5.6729e-08
3406   2.6671e-01 9.6235e-08 4.0735e-08
3407   2.6671e-01 1.0436e-07 3.7154e-08
3408   2.6671e-01 1.1079e-07 5.2550e-08
3409   2.6671e-01 1.1588e-07 6.7305e-08
3410   2.6671e-01 1.1912e-07 8.1060e-08
3411   2.6671e-01 1.2094e-07 9.3635e-08
3412   2.6671e-01 1.2085e-07 1.0523e-07
3413   2.6671e-01 1.1933e-07 1.1535e-07
3414   2.6671e-01 1.1595e-07 1.2383e-07
3415   2.6671e-01 1.1121e-07 1.3128e-07
3416   2.6671e-01 1.0475e-07 1.3884e-07
3417   2.6671e-01 9.7093e-08 1.4674e-07
3418   2.6671e-01 8.7919e-08 1.5261e-07
3419   2.6671e-01 8.1502e-08 1.5649e-07
3420   2.6671e-01 7.4948e-08 1.5842e-07
3421   2.6671e-01 6.7396e-08 1.5816e-07
3422   2.6671e-01 5.8954e-08 1.5577e-07
3423   2.6671e-01 4.9743e-08 1.5129e-07
3424   2.6671e-01 4.4518e-08 1.4476e-07
3425   2.6671e-01 4.0697e-08 1.3626e-07
3426   2.6671e-01 3.6357e-08 1.2774e-07
3427   2.6671e-01 4.0205e-08 1.1773e-07
3428   2.6671e-01 4.5196e-08 1.0616e-07
3429   2.6671e-01 5.1594e-08 9.3180e-08
3430   2.6671e-01 6.3340e-08 7.8991e-08
3431   2.6671e-01 7.3939e-08 6.3779e-08
3432   2.6671e-01 8.3679e-08 4.9276e-08
3433   2.6671e-01 9.2002e-08 3.4184e-08
3434   2.6671e-01 9.9228e-08 3.8156e-08
3435   2.6671e-01 1.0484e-07 5.2538e-08
3436   2.6671e-01 1.0918e-07 6.6126e-08
3437   2.6671e-01 1.1179e-07 7.8737e-08
3438   2.6671e-01 1.1306e-07 9.0298e-08
3439   2.6671e-01 1.1255e-07 1.0083e-07
3440   2.6671e-01 1.1071e-07 1.0991e-07
3441   2.6671e-01 1.0713e-07 1.1745e-07
3442   2.6671e-01 1.0231e-07 1.2459e-07
3443   2.6671e-01 9.5898e-08 1.3194e-07
3444   2.6671e-01 8.8402e-08 1.3888e-07
3445   2.6671e-01 7.9941e-08 1.4387e-07
3446   2.6671e-01 7.4559e-08 1.4707e-07
3447   2.6671e-01 6.8178e-08 1.4834e-07
3448   2.6671e-01 6.0891e-08 1.4758e-07
3449   2.6671e-01 5.2804e-08 1.4488e-07
3450   2.6671e-01 4.4031e-08 1.4018e-07
3451   2.6671e-01 4.0611e-08 1.3360e-07
3452   2.6671e-01 3.6924e-08 1.2555e-07
3453   2.6671e-01 3.3807e-08 1.1739e-07
3454   2.6671e-01 3.8906e-08 1.0765e-07
3455   2.6671e-01 4.3423e-08 9.6483e-08
3456   2.6671e-01 5.1328e-08 8.4041e-08
3457   2.6671e-01 6.2071e-08 7.0512e-08
3458   2.6671e-01 7.1708e-08 5.6419e-08
3459   2.6671e-01 8.0506e-08 4.2709e-08
3460   2.6671e-01 8.7955e-08 2.8483e-08
3461   2.6671e-01 9.4351e-08 3.9182e-08
3462   2.6671e-01 9.9221e-08 5.2462e-08
3463   2.6671e-01 1.0289e-07 6.4955e-08
3464   2.6671e-01 1.0494e-07 7.6493e-08
3465   2.6671e-01 1.0572e-07 8.7086e-08
3466   2.6671e-01 1.0485e-07 9.6609e-08
3467   2.6671e-01 1.0274e-07 1.0476e-07
3468   2.6671e-01 9.9029e-08 1.1143e-07
3469   2.6671e-01 9.4165e-08 1.1832e-07
3470   2.6671e-01 8.7839e-08 1.2518e-07
3471   2.6671e-01 8.0526e-08 1.3121e-07
3472   2.6671e-01 7.3176e-08 1.3540e-07
3473   2.6671e-01 6.7890e-08 1.3800e-07
3474   2.6671e-01 6.1697e-08 1.3871e-07
3475   2.6671e-01 5.4685e-08 1.3751e-07
3476   2.6671e-01 4.6956e-08 1.3451e-07
3477   2.6671e-01 4.0120e-08 1.2966e-07
3478   2.6671e-01 3.7062e-08 1.2307e-07
3479   2.6671e-01 3.3494e-08 1.1560e-07
3480   2.6671e-01 3.2979e-08 1.0759e-07
3481   2.6671e-01 3.7591e-08 9.8141e-08
3482   2.6671e-01 4.1642e-08 8.7393e-08
3483   2.6671e-01 5.0675e-08 7.5491e-08
3484   2.6671e-01 6.0494e-08 6.2616e-08
3485   2.6671e-01 6.9247e-08 4.9537e-08
3486   2.6671e-01 7.7182e-08 3.6575e-08
3487   2.6671e-01 8.3833e-08 2.7201e-08
3488   2.6671e-01 8.9475e-08 3.9702e-08
3489   2.6671e-01 9.3676e-08 5.1956e-08
3490   2.6671e-01 9.6743e-08 6.3435e-08
3491   2.6671e-01 9.8284e-08 7.3983e-08
3492   2.6671e-01 9.8640e-08 8.3713e-08
3493   2.6671e-01 9.7458e-08 9.2307e-08
3494   2.6671e-01 9.5116e-08 9.9590e-08
3495   2.6671e-01 9.1299e-08 1.0548e-07
3496   2.6671e-01 8.6419e-08 1.1205e-07
3497   2.6671e-01 8.0198e-08 1.1870e-07
3498   2.6671e-01 7.3079e-08 1.2392e-07
3499   2.6671e-01 6.7088e-08 1.2744e-07
3500   2.6671e-01 6.1915e-08 1.2944e-07
3501   2.6671e-01 5.5917e-08 1.2964e-07
3502   2.6671e-01 4.9179e-08 1.2810e-07
3503   2.6671e-01 4.1799e-08 1.2485e-07
3504   2.6671e-01 3.6690e-08 1.1989e-07
3505   2.6671e-01 3.3722e-08 1.1331e-07
3506   2.6671e-01 3.0292e-08 1.0645e-07
3507   2.6671e-01 3.2037e-08 9.8618e-08
3508   2.6671e-01 3.6223e-08 8.9461e-08
3509   2.6671e-01 4.0433e-08 7.9126e-08
3510   2.6671e-01 4.9956e-08 6.7750e-08
3511   2.6671e-01 5.8910e-08 5.5504e-08
3512   2.6671e-01 6.6841e-08 4.3421e-08
3513   2.6671e-01 7.3978e-08 3.1181e-08
3514   2.6671e-01 7.9895e-08 2.8326e-08
3515   2.6671e-01 8.4847e-08 4.0112e-08
3516   2.6671e-01 8.8442e-08 5.1403e-08
3517   2.6671e-01 9.0965e-08 6.1931e-08
3518   2.6671e-01 9.2059e-08 7.1558e-08
3519   2.6671e-01 9.2044e-08 8.0450e-08
3520   2.6671e-01 9.0599e-08 8.8191e-08
3521   2.6671e-01 8.8077e-08 9.4682e-08
3522   2.6671e-01 8.4193e-08 1.0038e-07
3523   2.6671e-01 7.9330e-08 1.0633e-07
3524   2.6671e-01 7.3240e-08 1.1237e-07
3525   2.6671e-01 6.6333e-08 1.1684e-07
3526   2.6671e-01 6.1254e-08 1.1979e-07
3527   2.6671e-01 5.6209e-08 1.2123e-07
3528   2.6671e-01 5.0416e-08 1.2100e-07
3529   2.6671e-01 4.3957e-08 1.1914e-07
3530   2.6671e-01 3.6927e-08 1.1569e-07
3531   2.6671e-01 3.3566e-08 1.1066e-07
3532   2.6671e-01 3.0681e-08 1.0414e-07
3533   2.6671e-01 2.7375e-08 9.7798e-08
3534   2.6671e-01 3.1074e-08 9.0156e-08
3535   2.6671e-01 3.4845e-08 8.1309e-08
3536   2.6671e-01 4.0228e-08 7.1392e-08
3537   2.6671e-01 4.8951e-08 6.0538e-08
3538   2.6671e-01 5.7110e-08 4.8911e-08
3539   2.6671e-01 6.4286e-08 3.7720e-08
3540   2.6671e-01 7.0693e-08 2.6172e-08
3541   2.6671e-01 7.5941e-08 2.9128e-08
3542   2.6671e-01 8.0267e-08 4.0131e-08
3543   2.6671e-01 8.3315e-08 5.0527e-08
3544   2.6671e-01 8.5350e-08 6.0176e-08
3545   2.6671e-01 8.6047e-08 6.9038e-08
3546   2.6671e-01 8.5706e-08 7.7093e-08
3547   2.6671e-01 8.4037e-08 8.4046e-08
3548   2.6671e-01 8.1367e-08 8.9810e-08
3549   2.6671e-01 7.7441e-08 9.5277e-08
3550   2.6671e-01 7.2616e-08 1.0104e-07
3551   2.6671e-01 6.6668e-08 1.0632e-07
3552   2.6671e-01 6.0154e-08 1.1011e-07
3553   2.6671e-01 5.5997e-08 1.1254e-07
3554   2.6671e-01 5.1089e-08 1.1349e-07
3555   2.6671e-01 4.5504e-08 1.1288e-07
3556   2.6671e-01 3.9321e-08 1.1077e-07
3557   2.6671e-01 3.3013e-08 1.0716e-07
3558   2.6671e-01 3.0622e-08 1.0209e-07
3559   2.6671e-01 2.7836e-08 9.6080e-08
3560   2.6671e-01 2.6215e-08 8.9842e-08
3561   2.6671e-01 3.0043e-08 8.2404e-08
3562   2.6671e-01 3.3452e-08 7.3867e-08
3563   2.6671e-01 3.9929e-08 6.4361e-08
3564   2.6671e-01 4.7904e-08 5.4014e-08
3565   2.6671e-01 5.5321e-08 4.3150e-08
3566   2.6671e-01 6.1797e-08 3.2664e-08
3567   2.6671e-01 6.7531e-08 2.1780e-08
3568   2.6671e-01 7.2165e-08 2.9905e-08
3569   2.6671e-01 7.5923e-08 4.0064e-08
3570   2.6671e-01 7.8477e-08 4.9620e-08
3571   2.6671e-01 8.0077e-08 5.8447e-08
3572   2.6671e-01 8.0428e-08 6.6568e-08
3573   2.6671e-01 7.9808e-08 7.3853e-08
3574   2.6671e-01 7.7954e-08 8.0085e-08
3575   2.6671e-01 7.5175e-08 8.5187e-08
3576   2.6671e-01 7.1237e-08 9.0458e-08
3577   2.6671e-01 6.6475e-08 9.5848e-08
3578   2.6671e-01 6.0686e-08 1.0043e-07
3579   2.6671e-01 5.5062e-08 1.0362e-07
3580   2.6671e-01 5.0985e-08 1.0559e-07
3581   2.6671e-01 4.6226e-08 1.0611e-07
3582   2.6671e-01 4.0855e-08 1.0516e-07
3583   2.6671e-01 3.4948e-08 1.0283e-07
3584   2.6671e-01 3.0273e-08 9.9102e-08
3585   2.6671e-01 2.7937e-08 9.4026e-08
3586   2.6671e-01 2.5241e-08 8.8460e-08
3587   2.6671e-01 2.5536e-08 8.2340e-08
3588   2.6671e-01 2.8998e-08 7.5122e-08
3589   2.6671e-01 3.2056e-08 6.6903e-08
3590   2.6671e-01 3.9368e-08 5.7810e-08
3591   2.6671e-01 4.6652e-08 4.7963e-08
3592   2.6671e-01 5.3387e-08 3.7886e-08
3593   2.6671e-01 5.9222e-08 2.7974e-08
3594   2.6671e-01 6.4340e-08 2.0764e-08
3595   2.6671e-01 6.8418e-08 3.0326e-08
3596   2.6671e-01 7.1660e-08 3.9698e-08
3597   2.6671e-01 7.3770e-08 4.8476e-08
3598   2.6671e-01 7.4981e-08 5.6544e-08
3599   2.6671e-01 7.5026e-08 6.3998e-08
3600   2.6671e-01 7.4164e-08 7.0570e-08
3601   2.6671e-01 7.2158e-08 7.6138e-08
3602   2.6671e-01 6.9294e-08 8.0649e-08
3603   2.6671e-01 6.5364e-08 8.5672e-08
3604   2.6671e-01 6.0679e-08 9.0866e-08
3605   2.6671e-01 5.5058e-08 9.4824e-08
3606   2.6671e-01 5.0449e-08 9.7506e-08
3607   2.6671e-01 4.6464e-08 9.9010e-08
3608   2.6671e-01 4.1858e-08 9.9144e-08
3609   2.6671e-01 3.6701e-08 9.7932e-08
3610   2.6671e-01 3.1064e-08 9.5414e-08
3611   2.6671e-01 2.7686e-08 9.1603e-08
3612   2.6671e-01 2.5419e-08 8.6545e-08
3613   2.6671e-01 2.2826e-08 8.1434e-08
3614   2.6671e-01 2.4782e-08 7.5445e-08
3615   2.6671e-01 2.7921e-08 6.8452e-08
3616   2.6671e-01 3.1410e-08 6.0550e-08
3617   2.6671e-01 3.8740e-08 5.1859e-08
3618   2.6671e-01 4.5380e-08 4.2495e-08
3619   2.6671e-01 5.1480e-08 3.3184e-08
3620   2.6671e-01 5.6722e-08 2.3825e-08
3621   2.6671e-01 6.1276e-08 2.1617e-08
3622   2.6671e-01 6.4844e-08 3.0633e-08
3623   2.6671e-01 6.7620e-08 3.9267e-08
3624   2.6671e-01 6.9333e-08 4.7316e-08
3625   2.6671e-01 7.0200e-08 5.4695e-08
3626   2.6671e-01 6.9980e-08 6.1491e-08
3627   2.6671e-01 6.8914e-08 6.7409e-08
3628   2.6671e-01 6.6788e-08 7.2371e-08
3629   2.6671e-01 6.3869e-08 7.6733e-08
3630   2.6671e-01 5.9971e-08 8.1408e-08
3631   2.6671e-01 5.5382e-08 8.6005e-08
3632   2.6671e-01 4.9938e-08 8.9394e-08
3633   2.6671e-01 4.6058e-08 9.1641e-08
3634   2.6671e-01 4.2175e-08 9.2722e-08
3635   2.6671e-01 3.7730e-08 9.2522e-08
3636   2.6671e-01 3.2789e-08 9.1069e-08
3637   2.6671e-01 2.7422e-08 8.8401e-08
3638   2.6671e-01 2.5321e-08 8.4537e-08
3639   2.6671e-01 2.3119e-08 7.9642e-08
3640   2.6671e-01 2.0823e-08 7.4808e-08
3641   2.6671e-01 2.4009e-08 6.8966e-08
3642   2.6671e-01 2.6836e-08 6.2209e-08
3643   2.6671e-01 3.1208e-08 5.4627e-08
3644   2.6671e-01 3.7920e-08 4.6335e-08
3645   2.6671e-01 4.3965e-08 3.7444e-08
3646   2.6671e-01 4.9484e-08 2.8826e-08
3647   2.6671e-01 5.4183e-08 1.9996e-08
3648   2.6671e-01 5.8222e-08 2.2254e-08
3649   2.6671e-01 6.1328e-08 3.0664e-08
3650   2.6671e-01 6.3683e-08 3.8611e-08
3651   2.6671e-01 6.5040e-08 4.5987e-08
3652   2.6671e-01 6.5602e-08 5.2774e-08
3653   2.6671e-01 6.5150e-08 5.8930e-08
3654   2.6671e-01 6.3910e-08 6.4245e-08
3655   2.6671e-01 6.1689e-08 6.8648e-08
3656   2.6671e-01 5.8736e-08 7.2834e-08
3657   2.6671e-01 5.4883e-08 7.7338e-08
3658   2.6671e-01 5.0399e-08 8.1354e-08
3659   2.6671e-01 4.5289e-08 8.4229e-08
3660   2.6671e-01 4.2078e-08 8.6075e-08
3661   2.6671e-01 3.8304e-08 8.6780e-08
3662   2.6671e-01 3.4022e-08 8.6288e-08
3663   2.6671e-01 2.9295e-08 8.4647e-08
3664   2.6671e-01 2.4910e-08 8.1861e-08
3665   2.6671e-01 2.3101e-08 7.7968e-08
3666   2.6671e-01 2.0974e-08 7.3462e-08
3667   2.6671e-01 2.0296e-08 6.8700e-08
3668   2.6671e-01 2.3192e-08 6.3014e-08
3669   2.6671e-01 2.5745e-08 5.6494e-08
3670   2.6671e-01 3.0921e-08 4.9227e-08
3671   2.6671e-01 3.7056e-08 4.1323e-08
3672   2.6671e-01 4.2548e-08 3.2960e-08
3673   2.6671e-01 4.7528e-08 2.4941e-08
3674   2.6671e-01 5.1727e-08 1.6620e-08
3675   2.6671e-01 5.5294e-08 2.2843e-08
3676   2.6671e-01 5.7981e-08 3.0606e-08
3677   2.6671e-01 5.9956e-08 3.7910e-08
3678   2.6671e-01 6.0997e-08 4.4657e-08
3679   2.6671e-01 6.1291e-08 5.0877e-08
3680   2.6671e-01 6.0641e-08 5.6442e-08
3681   2.6671e-01 5.9259e-08 6.1204e-08
3682   2.6671e-01 5.6969e-08 6.5101e-08
3683   2.6671e-01 5.4005e-08 6.9132e-08
3684   2.6671e-01 5.0214e-08 7.3353e-08
3685   2.6671e-01 4.5849e-08 7.6840e-08
3686   2.6671e-01 4.1451e-08 7.9253e-08
3687   2.6671e-01 3.8306e-08 8.0745e-08
3688   2.6671e-01 3.4650e-08 8.1119e-08
3689   2.6671e-01 3.0535e-08 8.0376e-08
3690   2.6671e-01 2.6020e-08 7.8566e-08
3691   2.6671e-01 2.2836e-08 7.5692e-08
3692   2.6671e-01 2.1068e-08 7.1796e-08
3693   2.6671e-01 1.9012e-08 6.7631e-08
3694   2.6671e-01 1.9745e-08 6.2958e-08
3695   2.6671e-01 2.2364e-08 5.7440e-08
3696   2.6671e-01 2.4653e-08 5.1163e-08
3697   2.6671e-01 3.0454e-08 4.4211e-08
3698   2.6671e-01 3.6055e-08 3.6689e-08
3699   2.6671e-01 4.1039e-08 2.8936e-08
3700   2.6671e-01 4.5524e-08 2.1356e-08
3701   2.6671e-01 4.9267e-08 1.5864e-08
3702   2.6671e-01 5.2404e-08 2.3177e-08
3703   2.6671e-01 5.4712e-08 3.0338e-08
3704   2.6671e-01 5.6346e-08 3.7045e-08
3705   2.6671e-01 5.7103e-08 4.3210e-08
3706   2.6671e-01 5.7162e-08 4.8916e-08
3707   2.6671e-01 5.6342e-08 5.3936e-08
3708   2.6671e-01 5.4841e-08 5.8189e-08
3709   2.6671e-01 5.2502e-08 6.1642e-08
3710   2.6671e-01 4.9541e-08 6.5542e-08
3711   2.6671e-01 4.5824e-08 6.9523e-08
3712   2.6671e-01 4.1583e-08 7.2531e-08
3713   2.6671e-01 3.7957e-08 7.4567e-08
3714   2.6671e-01 3.4886e-08 7.5696e-08
3715   2.6671e-01 3.1351e-08 7.5778e-08
3716   2.6671e-01 2.7402e-08 7.4822e-08
3717   2.6671e-01 2.3096e-08 7.2882e-08
3718   2.6671e-01 2.0884e-08 6.9944e-08
3719   2.6671e-01 1.9169e-08 6.6063e-08
3720   2.6671e-01 1.7190e-08 6.2241e-08
3721   2.6671e-01 1.9144e-08 5.7668e-08
3722   2.6671e-01 2.1517e-08 5.2322e-08
3723   2.6671e-01 2.4468e-08 4.6287e-08
3724   2.6671e-01 2.9926e-08 3.9644e-08
3725   2.6671e-01 3.5031e-08 3.2491e-08
3726   2.6671e-01 3.9541e-08 2.5326e-08
3727   2.6671e-01 4.3570e-08 1.8171e-08
3728   2.6671e-01 4.6894e-08 1.6512e-08
3729   2.6671e-01 4.9640e-08 2.3406e-08
3730   2.6671e-01 5.1604e-08 3.0002e-08
3731   2.6671e-01 5.2933e-08 3.6152e-08
3732   2.6671e-01 5.3441e-08 4.1801e-08
3733   2.6671e-01 5.3296e-08 4.6992e-08
3734   2.6671e-01 5.2333e-08 5.1511e-08
3735   2.6671e-01 5.0739e-08 5.5299e-08
3736   2.6671e-01 4.8370e-08 5.8635e-08
3737   2.6671e-01 4.5431e-08 6.2302e-08
3738   2.6671e-01 4.1799e-08 6.5795e-08
3739   2.6671e-01 3.7692e-08 6.8367e-08
3740   2.6671e-01 3.4648e-08 7.0071e-08
3741   2.6671e-01 3.1659e-08 7.0878e-08
3742   2.6671e-01 2.8250e-08 7.0705e-08
3743   2.6671e-01 2.4468e-08 6.9568e-08
3744   2.6671e-01 2.0514e-08 6.7514e-08
3745   2.6671e-01 1.9095e-08 6.4537e-08
3746   2.6671e-01 1.7429e-08 6.0866e-08
3747   2.6671e-01 1.6131e-08 5.7171e-08
3748   2.6671e-01 1.8528e-08 5.2710e-08
3749   2.6671e-01 2.0665e-08 4.7545e-08
3750   2.6671e-01 2.4271e-08 4.1754e-08
3751   2.6671e-01 2.9267e-08 3.5416e-08
3752   2.6671e-01 3.3913e-08 2.8624e-08
3753   2.6671e-01 3.7990e-08 2.1996e-08
3754   2.6671e-01 4.1601e-08 1.5246e-08
3755   2.6671e-01 4.4542e-08 1.7014e-08
3756   2.6671e-01 4.6933e-08 2.3439e-08
3757   2.6671e-01 4.8588e-08 2.9509e-08
3758   2.6671e-01 4.9642e-08 3.5143e-08
3759   2.6671e-01 4.9930e-08 4.0336e-08
3760   2.6671e-01 4.9606e-08 4.5036e-08
3761   2.6671e-01 4.8524e-08 4.9093e-08
3762   2.6671e-01 4.6855e-08 5.2455e-08
3763   2.6671e-01 4.4473e-08 5.5657e-08
3764   2.6671e-01 4.1566e-08 5.9173e-08
3765   2.6671e-01 3.8026e-08 6.2222e-08
3766   2.6671e-01 3.4113e-08 6.4402e-08
3767   2.6671e-01 3.1635e-08 6.5800e-08
3768   2.6671e-01 2.8733e-08 6.6320e-08
3769   2.6671e-01 2.5451e-08 6.5926e-08
3770   2.6671e-01 2.1835e-08 6.4646e-08
3771   2.6671e-01 1.8805e-08 6.2502e-08
3772   2.6671e-01 1.7420e-08 5.9505e-08
3773   2.6671e-01 1.5809e-08 5.6127e-08
3774   2.6671e-01 1.5706e-08 5.2487e-08
3775   2.6671e-01 1.7883e-08 4.8146e-08
3776   2.6671e-01 1.9810e-08 4.3162e-08
3777   2.6671e-01 2.4003e-08 3.7613e-08
3778   2.6671e-01 2.8567e-08 3.1572e-08
3779   2.6671e-01 3.2788e-08 2.5144e-08
3780   2.6671e-01 3.6463e-08 1.9016e-08
3781   2.6671e-01 3.9689e-08 1.2656e-08
3782   2.6671e-01 4.2281e-08 1.7460e-08
3783   2.6671e-01 4.4350e-08 2.3390e-08
3784   2.6671e-01 4.5726e-08 2.8968e-08
3785   2.6671e-01 4.6537e-08 3.4120e-08
3786   2.6671e-01 4.6632e-08 3.8879e-08
3787   2.6671e-01 4.6155e-08 4.3128e-08
3788   2.6671e-01 4.4975e-08 4.6761e-08
3789   2.6671e-01 4.3252e-08 4.9734e-08
3790   2.6671e-01 4.0872e-08 5.2817e-08
3791   2.6671e-01 3.8011e-08 5.6116e-08
3792   2.6671e-01 3.4572e-08 5.8761e-08
3793   2.6671e-01 3.1218e-08 6.0594e-08
3794   2.6671e-01 2.8793e-08 6.1716e-08
3795   2.6671e-01 2.5984e-08 6.1984e-08
3796   2.6671e-01 2.2831e-08 6.1398e-08
3797   2.6671e-01 1.9380e-08 5.9992e-08
3798   2.6671e-01 1.7234e-08 5.7782e-08
3799   2.6671e-01 1.5882e-08 5.4785e-08
3800   2.6671e-01 1.4325e-08 5.1667e-08
3801   2.6671e-01 1.5262e-08 4.8095e-08
3802   2.6671e-01 1.7230e-08 4.3881e-08
3803   2.6671e-01 1.9030e-08 3.9084e-08
3804   2.6671e-01 2.3611e-08 3.3775e-08
3805   2.6671e-01 2.7776e-08 2.8026e-08
3806   2.6671e-01 3.1604e-08 2.2069e-08
3807   2.6671e-01 3.4910e-08 1.6278e-08
3808   2.6671e-01 3.7786e-08 1.2133e-08
3809   2.6671e-01 4.0060e-08 1.7722e-08
3810   2.6671e-01 4.1836e-08 2.3190e-08
3811   2.6671e-01 4.2962e-08 2.8311e-08
3812   2.6671e-01 4.3556e-08 3.3018e-08
3813   2.6671e-01 4.3481e-08 3.7382e-08
3814   2.6671e-01 4.2873e-08 4.1213e-08
3815   2.6671e-01 4.1613e-08 4.4457e-08
3816   2.6671e-01 3.9851e-08 4.7100e-08
3817   2.6671e-01 3.7484e-08 5.0147e-08
3818   2.6671e-01 3.4678e-08 5.3174e-08
3819   2.6671e-01 3.1344e-08 5.5453e-08
3820   2.6671e-01 2.8571e-08 5.6999e-08
3821   2.6671e-01 2.6206e-08 5.7844e-08
3822   2.6671e-01 2.3492e-08 5.7890e-08
3823   2.6671e-01 2.0468e-08 5.7140e-08
3824   2.6671e-01 1.7178e-08 5.5637e-08
3825   2.6671e-01 1.5761e-08 5.3379e-08
3826   2.6671e-01 1.4449e-08 5.0396e-08
3827   2.6671e-01 1.2950e-08 4.7536e-08
3828   2.6671e-01 1.4784e-08 4.4041e-08
3829   2.6671e-01 1.6565e-08 3.9959e-08
3830   2.6671e-01 1.8972e-08 3.5347e-08
3831   2.6671e-01 2.3167e-08 3.0273e-08
3832   2.6671e-01 2.6961e-08 2.4808e-08
3833   2.6671e-01 3.0425e-08 1.9303e-08
3834   2.6671e-01 3.3392e-08 1.3836e-08
3835   2.6671e-01 3.5945e-08 1.2624e-08
3836   2.6671e-01 3.7930e-08 1.7893e-08
3837   2.6671e-01 3.9443e-08 2.2929e-08
3838   2.6671e-01 4.0344e-08 2.7624e-08
3839   2.6671e-01 4.0746e-08 3.1945e-08
3840   2.6671e-01 4.0525e-08 3.5905e-08
3841   2.6671e-01 3.9808e-08 3.9353e-08
3842   2.6671e-01 3.8485e-08 4.2242e-08
3843   2.6671e-01 3.6700e-08 4.4793e-08
3844   2.6671e-01 3.4359e-08 4.7660e-08
3845   2.6671e-01 3.1616e-08 5.0315e-08
3846   2.6671e-01 2.8392e-08 5.2262e-08
3847   2.6671e-01 2.6075e-08 5.3554e-08
3848   2.6671e-01 2.3775e-08 5.4154e-08
3849   2.6671e-01 2.1160e-08 5.4005e-08
3850   2.6671e-01 1.8266e-08 5.3119e-08
3851   2.6671e-01 1.5483e-08 5.1530e-08
3852   2.6671e-01 1.4407e-08 4.9244e-08
3853   2.6671e-01 1.3133e-08 4.6481e-08
3854   2.6671e-01 1.2479e-08 4.3659e-08
3855   2.6671e-01 1.4294e-08 4.0249e-08
3856   2.6671e-01 1.5897e-08 3.6305e-08
3857   2.6671e-01 1.8796e-08 3.1879e-08
3858   2.6671e-01 2.2634e-08 2.7039e-08
3859   2.6671e-01 2.6084e-08 2.1850e-08
3860   2.6671e-01 2.9215e-08 1.6759e-08
3861   2.6671e-01 3.1870e-08 1.1603e-08
3862   2.6671e-01 3.4129e-08 1.3018e-08
3863   2.6671e-01 3.5851e-08 1.7922e-08
3864   2.6671e-01 3.7126e-08 2.2555e-08
3865   2.6671e-01 3.7828e-08 2.6855e-08
3866   2.6671e-01 3.8060e-08 3.0826e-08
3867   2.6671e-01 3.7712e-08 3.4411e-08
3868   2.6671e-01 3.6901e-08 3.7506e-08
3869   2.6671e-01 3.5532e-08 4.0068e-08
3870   2.6671e-01 3.3734e-08 4.2518e-08
3871   2.6671e-01 3.1427e-08 4.5257e-08
3872   2.6671e-01 2.8753e-08 4.7572e-08
3873   2.6671e-01 2.5707e-08 4.9220e-08
3874   2.6671e-01 2.3794e-08 5.0279e-08
3875   2.6671e-01 2.1563e-08 5.0661e-08
3876   2.6671e-01 1.9047e-08 5.0344e-08
3877   2.6671e-01 1.6281e-08 4.9348e-08
3878   2.6671e-01 1.4192e-08 4.7693e-08
3879   2.6671e-01 1.3142e-08 4.5392e-08
3880   2.6671e-01 1.1911e-08 4.2852e-08
3881   2.6671e-01 1.2138e-08 4.0072e-08
3882   2.6671e-01 1.3786e-08 3.6753e-08
3883   2.6671e-01 1.5230e-08 3.2948e-08
3884   2.6671e-01 1.8561e-08 2.8707e-08
3885   2.6671e-01 2.2067e-08 2.4094e-08
3886   2.6671e-01 2.5199e-08 1.9172e-08
3887   2.6671e-01 2.8020e-08 1.4477e-08
3888   2.6671e-01 3.0390e-08 9.6191e-09
3889   2.6671e-01 3.2380e-08 1.3355e-08
3890   2.6671e-01 3.3864e-08 1.7881e-08
3891   2.6671e-01 3.4925e-08 2.2138e-08
3892   2.6671e-01 3.5448e-08 2.6069e-08
3893   2.6671e-01 3.5532e-08 2.9708e-08
3894   2.6671e-01 3.5076e-08 3.2948e-08
3895   2.6671e-01 3.4190e-08 3.5718e-08
3896   2.6671e-01 3.2787e-08 3.7983e-08
3897   2.6671e-01 3.0990e-08 4.0340e-08
3898   2.6671e-01 2.8725e-08 4.2912e-08
3899   2.6671e-01 2.6126e-08 4.4919e-08
3900   2.6671e-01 2.3521e-08 4.6308e-08
3901   2.6671e-01 2.1651e-08 4.7151e-08
3902   2.6671e-01 1.9493e-08 4.7341e-08
3903   2.6671e-01 1.7078e-08 4.6878e-08
3904   2.6671e-01 1.4439e-08 4.5788e-08
3905   2.6671e-01 1.3003e-08 4.4083e-08
3906   2.6671e-01 1.1978e-08 4.1783e-08
3907   2.6671e-01 1.0789e-08 3.9442e-08
3908   2.6671e-01 1.1782e-08 3.6714e-08
3909   2.6671e-01 1.3271e-08 3.3493e-08
3910   2.6671e-01 1.4820e-08 2.9829e-08
3911   2.6671e-01 1.8239e-08 2.5773e-08
3912   2.6671e-01 2.1437e-08 2.1383e-08
3913   2.6671e-01 2.4276e-08 1.6812e-08
3914   2.6671e-01 2.6813e-08 1.2387e-08
3915   2.6671e-01 2.8921e-08 9.2878e-09
3916   2.6671e-01 3.0668e-08 1.3558e-08
3917   2.6671e-01 3.1936e-08 1.7731e-08
3918   2.6671e-01 3.2804e-08 2.1638e-08
3919   2.6671e-01 3.3170e-08 2.5233e-08
3920   2.6671e-01 3.3124e-08 2.8564e-08
3921   2.6671e-01 3.2575e-08 3.1484e-08
3922   2.6671e-01 3.1627e-08 3.3957e-08
3923   2.6671e-01 3.0201e-08 3.5979e-08
3924   2.6671e-01 2.8414e-08 3.8356e-08
3925   2.6671e-01 2.6198e-08 4.0653e-08
3926   2.6671e-01 2.3678e-08 4.2381e-08
3927   2.6671e-01 2.1516e-08 4.3552e-08
3928   2.6671e-01 1.9694e-08 4.4183e-08
3929   2.6671e-01 1.7611e-08 4.4204e-08
3930   2.6671e-01 1.5295e-08 4.3617e-08
3931   2.6671e-01 1.2782e-08 4.2454e-08
3932   2.6671e-01 1.1891e-08 4.0714e-08
3933   2.6671e-01 1.0896e-08 3.8462e-08
3934   2.6671e-01 9.8967e-09 3.6279e-08
3935   2.6671e-01 1.1403e-08 3.3610e-08
3936   2.6671e-01 1.2750e-08 3.0490e-08
3937   2.6671e-01 1.4745e-08 2.6968e-08
3938   2.6671e-01 1.7875e-08 2.3092e-08
3939   2.6671e-01 2.0787e-08 1.8919e-08
3940   2.6671e-01 2.3355e-08 1.4695e-08
3941   2.6671e-01 2.5631e-08 1.0518e-08
3942   2.6671e-01 2.7500e-08 9.6595e-09
3943   2.6671e-01 2.9024e-08 1.3686e-08
3944   2.6671e-01 3.0097e-08 1.7527e-08
3945   2.6671e-01 3.0794e-08 2.1109e-08
3946   2.6671e-01 3.1020e-08 2.4411e-08
3947   2.6671e-01 3.0861e-08 2.7431e-08
3948   2.6671e-01 3.0235e-08 3.0059e-08
3949   2.6671e-01 2.9239e-08 3.2260e-08
3950   2.6671e-01 2.7802e-08 3.4211e-08
3951   2.6671e-01 2.6033e-08 3.6448e-08
3952   2.6671e-01 2.3872e-08 3.8462e-08
3953   2.6671e-01 2.1435e-08 3.9936e-08
3954   2.6671e-01 1.9631e-08 4.0913e-08
3955   2.6671e-01 1.7862e-08 4.1357e-08
3956   2.6671e-01 1.5855e-08 4.1231e-08
3957   2.6671e-01 1.3641e-08 4.0538e-08
3958   2.6671e-01 1.1691e-08 3.9313e-08
3959   2.6671e-01 1.0866e-08 3.7553e-08
3960   2.6671e-01 9.9005e-09 3.5474e-08
3961   2.6671e-01 9.6493e-09 3.3316e-08
3962   2.6671e-01 1.1016e-08 3.0712e-08
3963   2.6671e-01 1.2228e-08 2.7697e-08
3964   2.6671e-01 1.4587e-08 2.4318e-08
3965   2.6671e-01 1.7449e-08 2.0620e-08
3966   2.6671e-01 2.0097e-08 1.6659e-08
3967   2.6671e-01 2.2415e-08 1.2753e-08
3968   2.6671e-01 2.4452e-08 8.8145e-09
3969   2.6671e-01 2.6102e-08 9.9673e-09
3970   2.6671e-01 2.7424e-08 1.3709e-08
3971   2.6671e-01 2.8322e-08 1.7243e-08
3972   2.6671e-01 2.8865e-08 2.0523e-08
3973   2.6671e-01 2.8968e-08 2.3556e-08
3974   2.6671e-01 2.8711e-08 2.6289e-08
3975   2.6671e-01 2.8021e-08 2.8646e-08
3976   2.6671e-01 2.6988e-08 3.0598e-08
3977   2.6671e-01 2.5549e-08 3.2472e-08
3978   2.6671e-01 2.3805e-08 3.4603e-08
3979   2.6671e-01 2.1702e-08 3.6357e-08
3980   2.6671e-01 1.9380e-08 3.7604e-08
3981   2.6671e-01 1.7904e-08 3.8403e-08
3982   2.6671e-01 1.6189e-08 3.8682e-08
3983   2.6671e-01 1.4260e-08 3.8427e-08
3984   2.6671e-01 1.2145e-08 3.7651e-08
3985   2.6671e-01 1.0716e-08 3.6377e-08
3986   2.6671e-01 9.9109e-09 3.4607e-08
3987   2.6671e-01 8.9774e-09 3.2696e-08
3988   2.6671e-01 9.3768e-09 3.0571e-08
3989   2.6671e-01 1.0616e-08 2.8036e-08
3990   2.6671e-01 1.1707e-08 2.5128e-08
3991   2.6671e-01 1.4382e-08 2.1890e-08
3992   2.6671e-01 1.6995e-08 1.8367e-08
3993   2.6671e-01 1.9399e-08 1.4610e-08
3994   2.6671e-01 2.1485e-08 1.1007e-08
3995   2.6671e-01 2.3303e-08 7.2971e-09
3996   2.6671e-01 2.4753e-08 1.0222e-08
3997   2.6671e-01 2.5893e-08 1.3674e-08
3998   2.6671e-01 2.6633e-08 1.6921e-08
3999   2.6671e-01 2.7040e-08 1.9919e-08
4000   2.6671e-01 2.7035e-08 2.2698e-08
4001   2.6671e-01 2.6695e-08 2.5167e-08
4002   2.6671e-01 2.5953e-08 2.7277e-08
4003   2.6671e-01 2.4894e-08 2.9002e-08
4004   2.6671e-01 2.3461e-08 3.0823e-08
4005   2.6671e-01 2.1748e-08 3.2805e-08
4006   2.6671e-01 1.9709e-08 3.4324e-08
4007   2.6671e-01 1.7728e-08 3.5377e-08
4008   2.6671e-01 1.6287e-08 3.6008e-08
4009   2.6671e-01 1.4629e-08 3.6141e-08
4010   2.6671e-01 1.2779e-08 3.5776e-08
4011   2.6671e-01 1.0762e-08 3.4929e-08
4012   2.6671e-01 9.8158e-09 3.3617e-08
4013   2.6671e-01 9.0311e-09 3.1849e-08
4014   2.6671e-01 8.1294e-09 3.0091e-08
4015   2.6671e-01 9.0928e-09 2.8005e-08
4016   2.6671e-01 1.0213e-08 2.5545e-08
4017   2.6671e-01 1.1491e-08 2.2745e-08
4018   2.6671e-01 1.4116e-08 1.9648e-08
4019   2.6671e-01 1.6499e-08 1.6295e-08
4020   2.6671e-01 1.8676e-08 1.2792e-08
4021   2.6671e-01 2.0551e-08 9.4128e-09
4022   2.6671e-01 2.2168e-08 7.1164e-09
4023   2.6671e-01 2.3437e-08 1.0378e-08
4024   2.6671e-01 2.4411e-08 1.3560e-08
4025   2.6671e-01 2.5010e-08 1.6540e-08
4026   2.6671e-01 2.5295e-08 1.9286e-08
4027   2.6671e-01 2.5197e-08 2.1823e-08
4028   2.6671e-01 2.4786e-08 2.4048e-08
4029   2.6671e-01 2.4002e-08 2.5931e-08
4030   2.6671e-01 2.2925e-08 2.7478e-08
4031   2.6671e-01 2.1504e-08 2.9328e-08
4032   2.6671e-01 1.9828e-08 3.1072e-08
4033   2.6671e-01 1.7854e-08 3.2378e-08
4034   2.6671e-01 1.6209e-08 3.3264e-08
4035   2.6671e-01 1.4806e-08 3.3735e-08
4036   2.6671e-01 1.3207e-08 3.3740e-08
4037   2.6671e-01 1.1434e-08 3.3280e-08
4038   2.6671e-01 9.6137e-09 3.2378e-08
4039   2.6671e-01 8.9751e-09 3.1041e-08
4040   2.6671e-01 8.2133e-09 2.9339e-08
4041   2.6671e-01 7.6519e-09 2.7671e-08
4042   2.6671e-01 8.7935e-09 2.5630e-08
4043   2.6671e-01 9.8051e-09 2.3248e-08
4044   2.6671e-01 1.1415e-08 2.0557e-08
4045   2.6671e-01 1.3817e-08 1.7598e-08
4046   2.6671e-01 1.5986e-08 1.4411e-08
4047   2.6671e-01 1.7955e-08 1.1173e-08
4048   2.6671e-01 1.9635e-08 7.9841e-09
4049   2.6671e-01 2.1068e-08 7.3975e-09
4050   2.6671e-01 2.2172e-08 1.0472e-08
4051   2.6671e-01 2.2996e-08 1.3402e-08
4052   2.6671e-01 2.3469e-08 1.6132e-08
4053   2.6671e-01 2.3647e-08 1.8654e-08
4054   2.6671e-01 2.3468e-08 2.0955e-08
4055   2.6671e-01 2.2997e-08 2.2956e-08
4056   2.6671e-01 2.2182e-08 2.4631e-08
4057   2.6671e-01 2.1096e-08 2.6123e-08
4058   2.6671e-01 1.9694e-08 2.7865e-08
4059   2.6671e-01 1.8059e-08 2.9392e-08
4060   2.6671e-01 1.6153e-08 3.0506e-08
4061   2.6671e-01 1.4785e-08 3.1244e-08
4062   2.6671e-01 1.3424e-08 3.1572e-08
4063   2.6671e-01 1.1885e-08 3.1465e-08
4064   2.6671e-01 1.0190e-08 3.0925e-08
4065   2.6671e-01 8.8261e-09 2.9978e-08
4066   2.6671e-01 8.1996e-09 2.8625e-08
4067   2.6671e-01 7.4608e-09 2.7056e-08
4068   2.6671e-01 7.4523e-09 2.5407e-08
4069   2.6671e-01 8.4875e-09 2.3416e-08
4070   2.6671e-01 9.3975e-09 2.1114e-08
4071   2.6671e-01 1.1279e-08 1.8533e-08
4072   2.6671e-01 1.3475e-08 1.5710e-08
4073   2.6671e-01 1.5446e-08 1.2685e-08
4074   2.6671e-01 1.7222e-08 9.6919e-09
4075   2.6671e-01 1.8724e-08 6.6853e-09
4076   2.6671e-01 1.9989e-08 7.6372e-09
4077   2.6671e-01 2.0944e-08 1.0490e-08
4078   2.6671e-01 2.1634e-08 1.3185e-08
4079   2.6671e-01 2.1994e-08 1.5684e-08
4080   2.6671e-01 2.2077e-08 1.8000e-08
4081   2.6671e-01 2.1828e-08 2.0081e-08
4082   2.6671e-01 2.1308e-08 2.1876e-08
4083   2.6671e-01 2.0469e-08 2.3361e-08
4084   2.6671e-01 1.9381e-08 2.4794e-08
4085   2.6671e-01 1.8003e-08 2.6448e-08
4086   2.6671e-01 1.6412e-08 2.7778e-08
4087   2.6671e-01 1.4616e-08 2.8718e-08
4088   2.6671e-01 1.3478e-08 2.9322e-08
4089   2.6671e-01 1.2160e-08 2.9524e-08
4090   2.6671e-01 1.0681e-08 2.9319e-08
4091   2.6671e-01 9.0626e-09 2.8716e-08
4092   2.6671e-01 8.0891e-09 2.7732e-08
4093   2.6671e-01 7.4774e-09 2.6373e-08
4094   2.6671e-01 6.7636e-09 2.4932e-08
4095   2.6671e-01 7.2356e-09 2.3308e-08
4096   2.6671e-01 8.1738e-09 2.1371e-08
4097   2.6671e-01 8.9921e-09 1.9150e-08
4098   2.6671e-01 1.1107e-08 1.6677e-08
4099   2.6671e-01 1.3111e-08 1.3987e-08
4100   2.6671e-01 1.4899e-08 1.1118e-08
4101   2.6671e-01 1.6498e-08 8.3580e-09
4102   2.6671e-01 1.7836e-08 5.5261e-09
4103   2.6671e-01 1.8948e-08 7.8288e-09
4104   2.6671e-01 1.9767e-08 1.0461e-08
4105   2.6671e-01 2.0336e-08 1.2935e-08
4106   2.6671e-01 2.0596e-08 1.5220e-08
4107   2.6671e-01 2.0597e-08 1.7342e-08
4108   2.6671e-01 2.0289e-08 1.9221e-08
4109   2.6671e-01 1.9729e-08 2.0827e-08
4110   2.6671e-01 1.8874e-08 2.2138e-08
4111   2.6671e-01 1.7790e-08 2.3567e-08
4112   2.6671e-01 1.6440e-08 2.5070e-08
4113   2.6671e-01 1.4897e-08 2.6221e-08
4114   2.6671e-01 1.3367e-08 2.7017e-08
4115   2.6671e-01 1.2256e-08 2.7489e-08
4116   2.6671e-01 1.0983e-08 2.7580e-08
4117   2.6671e-01 9.5653e-09 2.7292e-08
4118   2.6671e-01 8.0230e-09 2.6635e-08
4119   2.6671e-01 7.4080e-09 2.5623e-08
4120   2.6671e-01 6.8118e-09 2.4266e-08
4121   2.6671e-01 6.1226e-09 2.2942e-08
4122   2.6671e-01 7.0100e-09 2.1348e-08
4123   2.6671e-01 7.8574e-09 1.9468e-08
4124   2.6671e-01 8.9288e-09 1.7330e-08
4125   2.6671e-01 1.0891e-08 1.4965e-08
4126   2.6671e-01 1.2718e-08 1.2406e-08
4127   2.6671e-01 1.4336e-08 9.7224e-09
4128   2.6671e-01 1.5773e-08 7.1425e-09
4129   2.6671e-01 1.6961e-08 5.4572e-09
4130   2.6671e-01 1.7934e-08 7.9475e-09
4131   2.6671e-01 1.8630e-08 1.0373e-08
4132   2.6671e-01 1.9091e-08 1.2644e-08
4133   2.6671e-01 1.9263e-08 1.4740e-08
4134   2.6671e-01 1.9192e-08 1.6672e-08
4135   2.6671e-01 1.8833e-08 1.8366e-08
4136   2.6671e-01 1.8241e-08 1.9798e-08
4137   2.6671e-01 1.7377e-08 2.0982e-08
4138   2.6671e-01 1.6302e-08 2.2419e-08
4139   2.6671e-01 1.4984e-08 2.3741e-08
4140   2.6671e-01 1.3489e-08 2.4729e-08
4141   2.6671e-01 1.2215e-08 2.5399e-08
4142   2.6671e-01 1.1136e-08 2.5748e-08
4143   2.6671e-01 9.9086e-09 2.5742e-08
4144   2.6671e-01 8.5511e-09 2.5382e-08
4145   2.6671e-01 7.2628e-09 2.4684e-08
4146   2.6671e-01 6.7725e-09 2.3654e-08
4147   2.6671e-01 6.1937e-09 2.2369e-08
4148   2.6671e-01 5.9139e-09 2.1092e-08
4149   2.6671e-01 6.7742e-09 1.9533e-08
4150   2.6671e-01 7.5391e-09 1.7712e-08
4151   2.6671e-01 8.8546e-09 1.5658e-08
4152   2.6671e-01 1.0650e-08 1.3398e-08
4153   2.6671e-01 1.2312e-08 1.0966e-08
4154   2.6671e-01 1.3774e-08 8.4861e-09
4155   2.6671e-01 1.5061e-08 6.0516e-09
4156   2.6671e-01 1.6112e-08 5.6694e-09
4157   2.6671e-01 1.6959e-08 8.0170e-09
4158   2.6671e-01 1.7545e-08 1.0250e-08
4159   2.6671e-01 1.7909e-08 1.2330e-08
4160   2.6671e-01 1.8002e-08 1.4255e-08
4161   2.6671e-01 1.7869e-08 1.6006e-08
4162   2.6671e-01 1.7469e-08 1.7529e-08
4163   2.6671e-01 1.6852e-08 1.8803e-08
4164   2.6671e-01 1.5985e-08 1.9944e-08
4165   2.6671e-01 1.4923e-08 2.1298e-08
4166   2.6671e-01 1.3640e-08 2.2454e-08
4167   2.6671e-01 1.2197e-08 2.3296e-08
4168   2.6671e-01 1.1139e-08 2.3852e-08
4169   2.6671e-01 1.0092e-08 2.4094e-08
4170   2.6671e-01 8.9119e-09 2.4003e-08
4171   2.6671e-01 7.6146e-09 2.3582e-08
4172   2.6671e-01 6.6663e-09 2.2850e-08
4173   2.6671e-01 6.1858e-09 2.1809e-08
4174   2.6671e-01 5.6245e-09 2.0625e-08
4175   2.6671e-01 5.7537e-09 1.9364e-08
4176   2.6671e-01 6.5334e-09 1.7843e-08
4177   2.6671e-01 7.2213e-09 1.6084e-08
4178   2.6671e-01 8.7375e-09 1.4113e-08
4179   2.6671e-01 1.0378e-08 1.1957e-08
4180   2.6671e-01 1.1888e-08 9.6484e-09
4181   2.6671e-01 1.3206e-08 7.3571e-09
4182   2.6671e-01 1.4356e-08 5.0620e-09
4183   2.6671e-01 1.5283e-08 5.8556e-09
4184   2.6671e-01 1.6014e-08 8.0300e-09
4185   2.6671e-01 1.6501e-08 1.0083e-08
4186   2.6671e-01 1.6778e-08 1.1987e-08
4187   2.6671e-01 1.6803e-08 1.3754e-08
4188   2.6671e-01 1.6616e-08 1.5338e-08
4189   2.6671e-01 1.6182e-08 1.6703e-08
4190   2.6671e-01 1.5547e-08 1.7832e-08
4191   2.6671e-01 1.4681e-08 1.8928e-08
4192   2.6671e-01 1.3637e-08 2.0211e-08
4193   2.6671e-01 1.2391e-08 2.1217e-08
4194   2.6671e-01 1.1027e-08 2.1926e-08
4195   2.6671e-01 1.0149e-08 2.2380e-08
4196   2.6671e-01 9.1362e-09 2.2526e-08
4197   2.6671e-01 8.0027e-09 2.2362e-08
4198   2.6671e-01 6.7648e-09 2.1892e-08
4199   2.6671e-01 6.1088e-09 2.1134e-08
4200   2.6671e-01 5.6399e-09 2.0088e-08
4201   2.6671e-01 5.0977e-09 1.9002e-08
4202   2.6671e-01 5.5816e-09 1.7760e-08
4203   2.6671e-01 6.2878e-09 1.6280e-08
4204   2.6671e-01 6.9503e-09 1.4583e-08
4205   2.6671e-01 8.5928e-09 1.2695e-08
4206   2.6671e-01 1.0089e-08 1.0641e-08
4207   2.6671e-01 1.1459e-08 8.4521e-09
4208   2.6671e-01 1.2644e-08 6.3390e-09
4209   2.6671e-01 1.3669e-08 4.1775e-09
4210   2.6671e-01 1.4481e-08 5.9996e-09
4211   2.6671e-01 1.5108e-08 8.0051e-09
4212   2.6671e-01 1.5506e-08 9.8904e-09
4213   2.6671e-01 1.5707e-08 1.1630e-08
4214   2.6671e-01 1.5672e-08 1.3249e-08
4215   2.6671e-01 1.5440e-08 1.4679e-08
4216   2.6671e-01 1.4978e-08 1.5900e-08
4217   2.6671e-01 1.4330e-08 1.6896e-08
4218   2.6671e-01 1.3471e-08 1.8015e-08
4219   2.6671e-01 1.2448e-08 1.9154e-08
4220   2.6671e-01 1.1241e-08 2.0024e-08
4221   2.6671e-01 1.0081e-08 2.0626e-08
4222   2.6671e-01 9.2262e-09 2.0978e-08
4223   2.6671e-01 8.2485e-09 2.1039e-08
4224   2.6671e-01 7.1623e-09 2.0811e-08
4225   2.6671e-01 5.9835e-09 2.0302e-08
4226   2.6671e-01 5.5931e-09 1.9523e-08
4227   2.6671e-01 5.1364e-09 1.8479e-08
4228   2.6671e-01 4.6855e-09 1.7483e-08
4229   2.6671e-01 5.4029e-09 1.6263e-08
4230   2.6671e-01 6.0404e-09 1.4827e-08
4231   2.6671e-01 6.9123e-09 1.3194e-08
4232   2.6671e-01 8.4169e-09 1.1388e-08
4233   2.6671e-01 9.7803e-09 9.4346e-09
4234   2.6671e-01 1.1020e-08 7.3817e-09
4235   2.6671e-01 1.2084e-08 5.4128e-09
4236   2.6671e-01 1.2993e-08 4.1884e-09
4237   2.6671e-01 1.3702e-08 6.0893e-09
4238   2.6671e-01 1.4235e-08 7.9372e-09
4239   2.6671e-01 1.4553e-08 9.6666e-09
4240   2.6671e-01 1.4686e-08 1.1265e-08
4241   2.6671e-01 1.4599e-08 1.2736e-08
4242   2.6671e-01 1.4328e-08 1.4024e-08
4243   2.6671e-01 1.3845e-08 1.5113e-08
4244   2.6671e-01 1.3190e-08 1.6018e-08
4245   2.6671e-01 1.2340e-08 1.7134e-08
4246   2.6671e-01 1.1341e-08 1.8135e-08
4247   2.6671e-01 1.0175e-08 1.8882e-08
4248   2.6671e-01 9.2089e-09 1.9387e-08
4249   2.6671e-01 8.3782e-09 1.9646e-08
4250   2.6671e-01 7.4364e-09 1.9634e-08
4251   2.6671e-01 6.3970e-09 1.9352e-08
4252   2.6671e-01 5.4859e-09 1.8811e-08
4253   2.6671e-01 5.1125e-09 1.8018e-08
4254   2.6671e-01 4.6693e-09 1.7046e-08
4255   2.6671e-01 4.5654e-09 1.6070e-08
4256   2.6671e-01 5.2172e-09 1.4877e-08
4257   2.6671e-01 5.7923e-09 1.3487e-08
4258   2.6671e-01 6.8455e-09 1.1917e-08
4259   2.6671e-01 8.2217e-09 1.0192e-08
4260   2.6671e-01 9.4615e-09 8.3355e-09
4261   2.6671e-01 1.0581e-08 6.4385e-09
4262   2.6671e-01 1.1533e-08 4.5808e-09
4263   2.6671e-01 1.2337e-08 4.3484e-09
4264   2.6671e-01 1.2952e-08 6.1401e-09
4265   2.6671e-01 1.3401e-08 7.8408e-09
4266   2.6671e-01 1.3647e-08 9.4250e-09
4267   2.6671e-01 1.3721e-08 1.0893e-08
4268   2.6671e-01 1.3589e-08 1.2226e-08
4269   2.6671e-01 1.3286e-08 1.3383e-08
4270   2.6671e-01 1.2786e-08 1.4351e-08
4271   2.6671e-01 1.2129e-08 1.5223e-08
4272   2.6671e-01 1.1292e-08 1.6274e-08
4273   2.6671e-01 1.0320e-08 1.7149e-08
4274   2.6671e-01 9.1947e-09 1.7784e-08
4275   2.6671e-01 8.3949e-09 1.8203e-08
4276   2.6671e-01 7.5900e-09 1.8380e-08
4277   2.6671e-01 6.6846e-09 1.8304e-08
4278   2.6671e-01 5.6919e-09 1.7976e-08
4279   2.6671e-01 5.0342e-09 1.7410e-08
4280   2.6671e-01 4.6684e-09 1.6610e-08
4281   2.6671e-01 4.2389e-09 1.5715e-08
4282   2.6671e-01 4.4376e-09 1.4750e-08
4283   2.6671e-01 5.0282e-09 1.3587e-08
4284   2.6671e-01 5.5450e-09 1.2244e-08
4285   2.6671e-01 6.7476e-09 1.0738e-08
4286   2.6671e-01 8.0048e-09 9.0930e-09
4287   2.6671e-01 9.1304e-09 7.3307e-09
4288   2.6671e-01 1.0139e-08 5.5783e-09
4289   2.6671e-01 1.0989e-08 3.8272e-09
4290   2.6671e-01 1.1698e-08 4.4926e-09
4291   2.6671e-01 1.2227e-08 6.1490e-09
4292   2.6671e-01 1.2600e-08 7.7125e-09
4293   2.6671e-01 1.2783e-08 9.1619e-09
4294   2.6671e-01 1.2803e-08 1.0509e-08
4295   2.6671e-01 1.2633e-08 1.1714e-08
4296   2.6671e-01 1.2304e-08 1.2752e-08
4297   2.6671e-01 1.1793e-08 1.3609e-08
4298   2.6671e-01 1.1136e-08 1.4462e-08
4299   2.6671e-01 1.0316e-08 1.5440e-08
4300   2.6671e-01 9.3712e-09 1.6201e-08
4301   2.6671e-01 8.3215e-09 1.6736e-08
4302   2.6671e-01 7.6451e-09 1.7077e-08
4303   2.6671e-01 6.8669e-09 1.7182e-08
4304   2.6671e-01 5.9981e-09 1.7049e-08
4305   2.6671e-01 5.0511e-09 1.6684e-08
4306   2.6671e-01 4.6125e-09 1.6098e-08
4307   2.6671e-01 4.2556e-09 1.5295e-08
4308   2.6671e-01 3.8407e-09 1.4475e-08
4309   2.6671e-01 4.3014e-09 1.3525e-08
4310   2.6671e-01 4.8360e-09 1.2394e-08
4311   2.6671e-01 5.3984e-09 1.1098e-08
4312   2.6671e-01 6.6287e-09 9.6561e-09
4313   2.6671e-01 7.7752e-09 8.0889e-09
4314   2.6671e-01 8.7952e-09 6.4180e-09
4315   2.6671e-01 9.7026e-09 4.8019e-09
4316   2.6671e-01 1.0458e-08 3.1530e-09
4317   2.6671e-01 1.1080e-08 4.6004e-09
4318   2.6671e-01 1.1532e-08 6.1279e-09
4319   2.6671e-01 1.1836e-08 7.5635e-09
4320   2.6671e-01 1.1963e-08 8.8888e-09
4321   2.6671e-01 1.1938e-08 1.0122e-08
4322   2.6671e-01 1.1735e-08 1.1209e-08
4323   2.6671e-01 1.1385e-08 1.2137e-08
4324   2.6671e-01 1.0867e-08 1.2893e-08
4325   2.6671e-01 1.0215e-08 1.3768e-08
4326   2.6671e-01 9.4121e-09 1.4631e-08
4327   2.6671e-01 8.4973e-09 1.5288e-08
4328   2.6671e-01 7.6057e-09 1.5742e-08
4329   2.6671e-01 6.9473e-09 1.6004e-08
4330   2.6671e-01 6.1967e-09 1.6045e-08
4331   2.6671e-01 5.3645e-09 1.5865e-08
4332   2.6671e-01 4.5142e-09 1.5469e-08
4333   2.6671e-01 4.2221e-09 1.4869e-08
4334   2.6671e-01 3.8745e-09 1.4068e-08
4335   2.6671e-01 3.6192e-09 1.3315e-08
4336   2.6671e-01 4.1604e-09 1.2383e-08
4337   2.6671e-01 4.6428e-09 1.1286e-08
4338   2.6671e-01 5.3608e-09 1.0039e-08
4339   2.6671e-01 6.4873e-09 8.6596e-09
4340   2.6671e-01 7.5315e-09 7.1688e-09
4341   2.6671e-01 8.4540e-09 5.5994e-09
4342   2.6671e-01 9.2680e-09 4.0967e-09
4343   2.6671e-01 9.9378e-09 3.2170e-09
4344   2.6671e-01 1.0480e-08 4.6678e-09
4345   2.6671e-01 1.0862e-08 6.0749e-09
4346   2.6671e-01 1.1106e-08 7.3915e-09
4347   2.6671e-01 1.1183e-08 8.6104e-09
4348   2.6671e-01 1.1118e-08 9.7290e-09
4349   2.6671e-01 1.0887e-08 1.0708e-08
4350   2.6671e-01 1.0521e-08 1.1535e-08
4351   2.6671e-01 9.9990e-09 1.2227e-08
4352   2.6671e-01 9.3544e-09 1.3092e-08
4353   2.6671e-01 8.5721e-09 1.3850e-08
4354   2.6671e-01 7.6878e-09 1.4413e-08
4355   2.6671e-01 6.9445e-09 1.4794e-08
4356   2.6671e-01 6.3054e-09 1.4986e-08
4357   2.6671e-01 5.5828e-09 1.4970e-08
4358   2.6671e-01 4.7870e-09 1.4749e-08
4359   2.6671e-01 4.1454e-09 1.4330e-08
4360   2.6671e-01 3.8586e-09 1.3720e-08
4361   2.6671e-01 3.5213e-09 1.2984e-08
4362   2.6671e-01 3.5233e-09 1.2236e-08
4363   2.6671e-01 4.0147e-09 1.1325e-08
4364   2.6671e-01 4.4495e-09 1.0262e-08
4365   2.6671e-01 5.3012e-09 9.0642e-09
4366   2.6671e-01 6.3312e-09 7.7471e-09
4367   2.6671e-01 7.2805e-09 6.3304e-09
4368   2.6671e-01 8.1131e-09 4.8802e-09
4369   2.6671e-01 8.8414e-09 3.4626e-09
4370   2.6671e-01 9.4327e-09 3.3382e-09
4371   2.6671e-01 9.9027e-09 4.7047e-09
4372   2.6671e-01 1.0222e-08 5.9995e-09
4373   2.6671e-01 1.0411e-08 7.2053e-09
4374   2.6671e-01 1.0445e-08 8.3243e-09
4375   2.6671e-01 1.0345e-08 9.3375e-09
4376   2.6671e-01 1.0093e-08 1.0217e-08
4377   2.6671e-01 9.7135e-09 1.0952e-08
4378   2.6671e-01 9.1915e-09 1.1619e-08
4379   2.6671e-01 8.5568e-09 1.2433e-08
4380   2.6671e-01 7.7963e-09 1.3095e-08
4381   2.6671e-01 6.9435e-09 1.3573e-08
4382   2.6671e-01 6.3286e-09 1.3888e-08
4383   2.6671e-01 5.7098e-09 1.4018e-08
4384   2.6671e-01 5.0155e-09 1.3954e-08
4385   2.6671e-01 4.2557e-09 1.3698e-08
4386   2.6671e-01 3.8032e-09 1.3261e-08
4387   2.6671e-01 3.5225e-09 1.2644e-08
4388   2.6671e-01 3.1957e-09 1.1968e-08
4389   2.6671e-01 3.4216e-09 1.1230e-08
4390   2.6671e-01 3.8666e-09 1.0341e-08
4391   2.6671e-01 4.2572e-09 9.3144e-09
4392   2.6671e-01 5.2192e-09 8.1651e-09
4393   2.6671e-01 6.1597e-09 6.9090e-09
4394   2.6671e-01 7.0212e-09 5.5646e-09
4395   2.6671e-01 7.7711e-09 4.2252e-09
4396   2.6671e-01 8.4208e-09 2.8892e-09
4397   2.6671e-01 8.9406e-09 3.4489e-09
4398   2.6671e-01 9.3453e-09 4.7102e-09
4399   2.6671e-01 9.6088e-09 5.9004e-09
4400   2.6671e-01 9.7491e-09 7.0033e-09
4401   2.6671e-01 9.7440e-09 8.0299e-09
4402   2.6671e-01 9.6152e-09 8.9459e-09
4403   2.6671e-01 9.3442e-09 9.7340e-09
4404   2.6671e-01 8.9564e-09 1.0384e-08
4405   2.6671e-01 8.4369e-09 1.1052e-08
4406   2.6671e-01 7.8142e-09 1.1793e-08
4407   2.6671e-01 7.0768e-09 1.2369e-08
4408   2.6671e-01 6.2817e-09 1.2772e-08
4409   2.6671e-01 5.7606e-09 1.3027e-08
4410   2.6671e-01 5.1628e-09 1.3101e-08
4411   2.6671e-01 4.4969e-09 1.2995e-08
4412   2.6671e-01 3.7726e-09 1.2710e-08
4413   2.6671e-01 3.4840e-09 1.2259e-08
4414   2.6671e-01 3.2103e-09 1.1641e-08
4415   2.6671e-01 2.8947e-09 1.1021e-08
4416   2.6671e-01 3.3140e-09 1.0295e-08
4417   2.6671e-01 3.7166e-09 9.4304e-09
4418   2.6671e-01 4.1788e-09 8.4404e-09
4419   2.6671e-01 5.1213e-09 7.3397e-09
4420   2.6671e-01 5.9786e-09 6.1433e-09
4421   2.6671e-01 6.7591e-09 4.8688e-09
4422   2.6671e-01 7.4328e-09 3.6337e-09
4423   2.6671e-01 8.0105e-09 2.3758e-09
4424   2.6671e-01 8.4652e-09 3.5295e-09
4425   2.6671e-01 8.8109e-09 4.6924e-09
4426   2.6671e-01 9.0238e-09 5.7850e-09
4427   2.6671e-01 9.1210e-09 6.7952e-09
4428   2.6671e-01 9.0826e-09 7.7326e-09
4429   2.6671e-01 8.9290e-09 8.5589e-09
4430   2.6671e-01 8.6436e-09 9.2632e-09
4431   2.6671e-01 8.2502e-09 9.8367e-09
4432   2.6671e-01 7.7358e-09 1.0520e-08
4433   2.6671e-01 7.1269e-09 1.1173e-08
4434   2.6671e-01 6.4136e-09 1.1670e-08
4435   2.6671e-01 5.7395e-09 1.2012e-08
4436   2.6671e-01 5.2328e-09 1.2206e-08
4437   2.6671e-01 4.6565e-09 1.2232e-08
4438   2.6671e-01 4.0191e-09 1.2090e-08
4439   2.6671e-01 3.4112e-09 1.1783e-08
4440   2.6671e-01 3.1884e-09 1.1321e-08
4441   2.6671e-01 2.9220e-09 1.0713e-08
4442   2.6671e-01 2.7927e-09 1.0137e-08
4443   2.6671e-01 3.2029e-09 9.4240e-09
4444   2.6671e-01 3.5661e-09 8.5854e-09
4445   2.6671e-01 4.1445e-09 7.6327e-09
4446   2.6671e-01 5.0072e-09 6.5802e-09
4447   2.6671e-01 5.7875e-09 5.4421e-09
4448   2.6671e-01 6.4933e-09 4.2433e-09
4449   2.6671e-01 7.0970e-09 3.0970e-09
4450   2.6671e-01 7.6090e-09 2.4728e-09
4451   2.6671e-01 8.0046e-09 3.5796e-09
4452   2.6671e-01 8.2969e-09 4.6508e-09
4453   2.6671e-01 8.4647e-09 5.6525e-09
4454   2.6671e-01 8.5239e-09 6.5814e-09
4455   2.6671e-01 8.4566e-09 7.4317e-09
4456   2.6671e-01 8.2820e-09 8.1755e-09
4457   2.6671e-01 7.9856e-09 8.8030e-09
4458   2.6671e-01 7.5894e-09 9.3325e-09
4459   2.6671e-01 7.0820e-09 1.0001e-08
4460   2.6671e-01 6.4885e-09 1.0575e-08
4461   2.6671e-01 5.7999e-09 1.1000e-08
4462   2.6671e-01 5.2384e-09 1.1286e-08
4463   2.6671e-01 4.7468e-09 1.1427e-08
4464   2.6671e-01 4.1924e-09 1.1411e-08
4465   2.6671e-01 3.5832e-09 1.1237e-08
4466   2.6671e-01 3.1320e-09 1.0913e-08
4467   2.6671e-01 2.9133e-09 1.0443e-08
4468   2.6671e-01 2.6549e-09 9.8853e-09
4469   2.6671e-01 2.7164e-09 9.3136e-09
4470   2.6671e-01 3.0887e-09 8.6166e-09
4471   2.6671e-01 3.4158e-09 7.8048e-09
4472   2.6671e-01 4.0936e-09 6.8895e-09
4473   2.6671e-01 4.8821e-09 5.8844e-09
4474   2.6671e-01 5.5911e-09 4.8031e-09
4475   2.6671e-01 6.2279e-09 3.6955e-09
4476   2.6671e-01 6.7674e-09 2.6142e-09
4477   2.6671e-01 7.2193e-09 2.5659e-09
4478   2.6671e-01 7.5613e-09 3.6062e-09
4479   2.6671e-01 7.8056e-09 4.5917e-09
4480   2.6671e-01 7.9331e-09 5.5089e-09
4481   2.6671e-01 7.9589e-09 6.3616e-09
4482   2.6671e-01 7.8668e-09 7.1315e-09
4483   2.6671e-01 7.6751e-09 7.7995e-09
4484   2.6671e-01 7.3705e-09 8.3567e-09
4485   2.6671e-01 6.9741e-09 8.8666e-09
4486   2.6671e-01 6.4757e-09 9.4961e-09
4487   2.6671e-01 5.8987e-09 9.9966e-09
4488   2.6671e-01 5.2354e-09 1.0357e-08
4489   2.6671e-01 4.7721e-09 1.0594e-08
4490   2.6671e-01 4.2965e-09 1.0688e-08
4491   2.6671e-01 3.7642e-09 1.0634e-08
4492   2.6671e-01 3.1828e-09 1.0435e-08
4493   2.6671e-01 2.8728e-09 1.0096e-08
4494   2.6671e-01 2.6588e-09 9.6229e-09
4495   2.6671e-01 2.4086e-09 9.1106e-09
4496   2.6671e-01 2.6358e-09 8.5458e-09
4497   2.6671e-01 2.9728e-09 7.8662e-09
4498   2.6671e-01 3.2665e-09 7.0821e-09
4499   2.6671e-01 4.0262e-09 6.2043e-09
4500   2.6671e-01 4.7460e-09 5.2458e-09
4501   2.6671e-01 5.3891e-09 4.2198e-09
4502   2.6671e-01 5.9624e-09 3.1970e-09
4503   2.6671e-01 6.4432e-09 2.1781e-09
4504   2.6671e-01 6.8403e-09 2.6492e-09
4505   2.6671e-01 7.1337e-09 3.6093e-09
4506   2.6671e-01 7.3349e-09 4.5149e-09
4507   2.6671e-01 7.4266e-09 5.3537e-09
4508   2.6671e-01 7.4231e-09 6.1357e-09
4509   2.6671e-01 7.3099e-09 6.8315e-09
4510   2.6671e-01 7.1042e-09 7.4298e-09
4511   2.6671e-01 6.7942e-09 7.9228e-09
4512   2.6671e-01 6.3997e-09 8.4452e-09
4513   2.6671e-01 5.9117e-09 9.0062e-09
4514   2.6671e-01 5.3521e-09 9.4406e-09
4515   2.6671e-01 4.7431e-09 9.7447e-09
4516   2.6671e-01 4.3417e-09 9.9346e-09
4517   2.6671e-01 3.8826e-09 9.9870e-09
4518   2.6671e-01 3.3724e-09 9.9016e-09
4519   2.6671e-01 2.8202e-09 9.6805e-09
4520   2.6671e-01 2.6312e-09 9.3320e-09
4521   2.6671e-01 2.4226e-09 8.8575e-09
4522   2.6671e-01 2.2102e-09 8.3883e-09
4523   2.6671e-01 2.5511e-09 7.8326e-09
4524   2.6671e-01 2.8558e-09 7.1716e-09
4525   2.6671e-01 3.2400e-09 6.4157e-09
4526   2.6671e-01 3.9469e-09 5.5751e-09
4527   2.6671e-01 4.6028e-09 4.6622e-09
4528   2.6671e-01 5.1851e-09 3.6897e-09
4529   2.6671e-01 5.7000e-09 2.7467e-09
4530   2.6671e-01 6.1268e-09 1.8142e-09
4531   2.6671e-01 6.4742e-09 2.7092e-09
4532   2.6671e-01 6.7236e-09 3.5943e-09
4533   2.6671e-01 6.8862e-09 4.4254e-09
4534   2.6671e-01 6.9463e-09 5.1950e-09
4535   2.6671e-01 6.9173e-09 5.9074e-09
4536   2.6671e-01 6.7864e-09 6.5349e-09
4537   2.6671e-01 6.5695e-09 7.0694e-09
4538   2.6671e-01 6.2565e-09 7.5039e-09
4539   2.6671e-01 5.8658e-09 8.0370e-09
4540   2.6671e-01 5.3895e-09 8.5312e-09
4541   2.6671e-01 4.8482e-09 8.9056e-09
4542   2.6671e-01 4.3323e-09 9.1631e-09
4543   2.6671e-01 3.9423e-09 9.3075e-09
4544   2.6671e-01 3.5001e-09 9.3231e-09
4545   2.6671e-01 3.0118e-09 9.2104e-09
4546   2.6671e-01 2.5787e-09 8.9724e-09
4547   2.6671e-01 2.4074e-09 8.6158e-09
4548   2.6671e-01 2.2044e-09 8.1551e-09
4549   2.6671e-01 2.1543e-09 7.7137e-09
4550   2.6671e-01 2.4639e-09 7.1686e-09
4551   2.6671e-01 2.7386e-09 6.5275e-09
4552   2.6671e-01 3.2091e-09 5.8001e-09
4553   2.6671e-01 3.8558e-09 4.9964e-09
4554   2.6671e-01 4.4527e-09 4.1282e-09
4555   2.6671e-01 4.9788e-09 3.2130e-09
4556   2.6671e-01 5.4401e-09 2.3385e-09
4557   2.6671e-01 5.8178e-09 1.9020e-09
4558   2.6671e-01 6.1198e-09 2.7464e-09
4559   2.6671e-01 6.3297e-09 3.5614e-09
4560   2.6671e-01 6.4578e-09 4.3233e-09
4561   2.6671e-01 6.4899e-09 5.0307e-09
4562   2.6671e-01 6.4388e-09 5.6768e-09
4563   2.6671e-01 6.2931e-09 6.2414e-09
4564   2.6671e-01 6.0678e-09 6.7174e-09
4565   2.6671e-01 5.7538e-09 7.1223e-09
4566   2.6671e-01 5.3684e-09 7.6393e-09
4567   2.6671e-01 4.9048e-09 8.0726e-09
4568   2.6671e-01 4.3823e-09 8.3928e-09
4569   2.6671e-01 3.9524e-09 8.6081e-09
4570   2.6671e-01 3.5744e-09 8.7120e-09
4571   2.6671e-01 3.1492e-09 8.6955e-09
4572   2.6671e-01 2.6828e-09 8.5595e-09
4573   2.6671e-01 2.3672e-09 8.3084e-09
4574   2.6671e-01 2.1992e-09 7.9465e-09
4575   2.6671e-01 2.0023e-09 7.5236e-09
4576   2.6671e-01 2.0937e-09 7.0858e-09
4577   2.6671e-01 2.3745e-09 6.5529e-09
4578   2.6671e-01 2.6218e-09 5.9324e-09
4579   2.6671e-01 3.1656e-09 5.2336e-09
4580   2.6671e-01 3.7565e-09 4.4662e-09
4581   2.6671e-01 4.2987e-09 3.6415e-09
4582   2.6671e-01 4.7730e-09 2.7959e-09
4583   2.6671e-01 5.1852e-09 1.9712e-09
4584   2.6671e-01 5.5179e-09 1.9736e-09
4585   2.6671e-01 5.7789e-09 2.7653e-09
4586   2.6671e-01 5.9532e-09 3.5150e-09
4587   2.6671e-01 6.0504e-09 4.2125e-09
4588   2.6671e-01 6.0581e-09 4.8617e-09
4589   2.6671e-01 5.9881e-09 5.4465e-09
4590   2.6671e-01 5.8303e-09 5.9534e-09
4591   2.6671e-01 5.5988e-09 6.3759e-09
4592   2.6671e-01 5.2856e-09 6.7718e-09
4593   2.6671e-01 4.9070e-09 7.2520e-09
4594   2.6671e-01 4.4570e-09 7.6300e-09
4595   2.6671e-01 3.9537e-09 7.9012e-09
4596   2.6671e-01 3.5992e-09 8.0786e-09
4597   2.6671e-01 3.2338e-09 8.1467e-09
4598   2.6671e-01 2.8257e-09 8.1023e-09
4599   2.6671e-01 2.3808e-09 7.9467e-09
4600   2.6671e-01 2.1708e-09 7.6853e-09
4601   2.6671e-01 2.0065e-09 7.3207e-09
4602   2.6671e-01 1.8160e-09 6.9329e-09
4603   2.6671e-01 2.0300e-09 6.5004e-09
4604   2.6671e-01 2.2840e-09 5.9810e-09
4605   2.6671e-01 2.5197e-09 5.3817e-09
4606   2.6671e-01 3.1101e-09 4.7116e-09
4607   2.6671e-01 3.6493e-09 3.9799e-09
4608   2.6671e-01 4.1410e-09 3.1974e-09
4609   2.6671e-01 4.5676e-09 2.4168e-09
4610   2.6671e-01 4.9347e-09 1.6397e-09
4611   2.6671e-01 5.2266e-09 2.0360e-09
4612   2.6671e-01 5.4504e-09 2.7666e-09
4613   2.6671e-01 5.5927e-09 3.4553e-09
4614   2.6671e-01 5.6626e-09 4.0931e-09
4615   2.6671e-01 5.6489e-09 4.6884e-09
4616   2.6671e-01 5.5628e-09 5.2167e-09
4617   2.6671e-01 5.3952e-09 5.6706e-09
4618   2.6671e-01 5.1595e-09 6.0441e-09
4619   2.6671e-01 4.8487e-09 6.4521e-09
4620   2.6671e-01 4.4780e-09 6.8766e-09
4621   2.6671e-01 4.0423e-09 7.2043e-09
4622   2.6671e-01 3.5822e-09 7.4334e-09
4623   2.6671e-01 3.2732e-09 7.5748e-09
4624   2.6671e-01 2.9206e-09 7.6112e-09
4625   2.6671e-01 2.5297e-09 7.5427e-09
4626   2.6671e-01 2.1208e-09 7.3709e-09
4627   2.6671e-01 1.9879e-09 7.1019e-09
4628   2.6671e-01 1.8278e-09 6.7368e-09
4629   2.6671e-01 1.7049e-09 6.3820e-09
4630   2.6671e-01 1.9634e-09 5.9565e-09
4631   2.6671e-01 2.1929e-09 5.4515e-09
4632   2.6671e-01 2.5049e-09 4.8738e-09
4633   2.6671e-01 3.0457e-09 4.2322e-09
4634   2.6671e-01 3.5368e-09 3.5355e-09
4635   2.6671e-01 3.9818e-09 2.7938e-09
4636   2.6671e-01 4.3647e-09 2.0742e-09
4637   2.6671e-01 4.6906e-09 1.3978e-09
4638   2.6671e-01 4.9452e-09 2.0806e-09
4639   2.6671e-01 5.1355e-09 2.7539e-09
4640   2.6671e-01 5.2491e-09 3.3859e-09
4641   2.6671e-01 5.2949e-09 3.9720e-09
4642   2.6671e-01 5.2626e-09 4.5131e-09
4643   2.6671e-01 5.1629e-09 4.9894e-09
4644   2.6671e-01 4.9878e-09 5.3947e-09
4645   2.6671e-01 4.7498e-09 5.7237e-09
4646   2.6671e-01 4.4427e-09 6.1391e-09
4647   2.6671e-01 4.0809e-09 6.5128e-09
4648   2.6671e-01 3.6599e-09 6.7949e-09
4649   2.6671e-01 3.2709e-09 6.9886e-09
4650   2.6671e-01 2.9708e-09 7.0954e-09
4651   2.6671e-01 2.6314e-09 7.1041e-09
4652   2.6671e-01 2.2575e-09 7.0149e-09
4653   2.6671e-01 1.9491e-09 6.8301e-09
4654   2.6671e-01 1.8183e-09 6.5556e-09
4655   2.6671e-01 1.6626e-09 6.2057e-09
4656   2.6671e-01 1.6604e-09 5.8677e-09
4657   2.6671e-01 1.8950e-09 5.4505e-09
4658   2.6671e-01 2.1018e-09 4.9607e-09
4659   2.6671e-01 2.4781e-09 4.4049e-09
4660   2.6671e-01 2.9729e-09 3.7915e-09
4661   2.6671e-01 3.4195e-09 3.1290e-09
4662   2.6671e-01 3.8214e-09 2.4308e-09
4663   2.6671e-01 4.1641e-09 1.7639e-09
4664   2.6671e-01 4.4523e-09 1.4639e-09
4665   2.6671e-01 4.6732e-09 2.1079e-09
4666   2.6671e-01 4.8332e-09 2.7278e-09
4667   2.6671e-01 4.9213e-09 3.3071e-09
4668   2.6671e-01 4.9457e-09 3.8457e-09
4669   2.6671e-01 4.8974e-09 4.3362e-09
4670   2.6671e-01 4.7864e-09 4.7647e-09
4671   2.6671e-01 4.6056e-09 5.1254e-09
4672   2.6671e-01 4.3668e-09 5.4351e-09
4673   2.6671e-01 4.0646e-09 5.8342e-09
4674   2.6671e-01 3.7125e-09 6.1616e-09
4675   2.6671e-01 3.3066e-09 6.4025e-09
4676   2.6671e-01 2.9828e-09 6.5642e-09
4677   2.6671e-01 2.6922e-09 6.6403e-09
4678   2.6671e-01 2.3661e-09 6.6247e-09
4679   2.6671e-01 2.0091e-09 6.5180e-09
4680   2.6671e-01 1.7889e-09 6.3234e-09
4681   2.6671e-01 1.6607e-09 6.0450e-09
4682   2.6671e-01 1.5098e-09 5.7241e-09
4683   2.6671e-01 1.6124e-09 5.3889e-09
4684   2.6671e-01 1.8251e-09 4.9812e-09
4685   2.6671e-01 2.0112e-09 4.5071e-09
4686   2.6671e-01 2.4419e-09 3.9734e-09
4687   2.6671e-01 2.8938e-09 3.3878e-09
4688   2.6671e-01 3.2993e-09 2.7584e-09
4689   2.6671e-01 3.6616e-09 2.1135e-09
4690   2.6671e-01 3.9674e-09 1.4846e-09
4691   2.6671e-01 4.2213e-09 1.5189e-09
4692   2.6671e-01 4.4115e-09 2.1212e-09
4693   2.6671e-01 4.5443e-09 2.6913e-09
4694   2.6671e-01 4.6096e-09 3.2215e-09
4695   2.6671e-01 4.6153e-09 3.7157e-09
4696   2.6671e-01 4.5533e-09 4.1596e-09
4697   2.6671e-01 4.4331e-09 4.5441e-09
4698   2.6671e-01 4.2484e-09 4.8641e-09
4699   2.6671e-01 4.0102e-09 5.1741e-09
4700   2.6671e-01 3.7139e-09 5.5374e-09
4701   2.6671e-01 3.3721e-09 5.8227e-09
4702   2.6671e-01 2.9815e-09 6.0265e-09
4703   2.6671e-01 2.7152e-09 6.1595e-09
4704   2.6671e-01 2.4345e-09 6.2084e-09
4705   2.6671e-01 2.1217e-09 6.1717e-09
4706   2.6671e-01 1.7816e-09 6.0503e-09
4707   2.6671e-01 1.6401e-09 5.8481e-09
4708   2.6671e-01 1.5148e-09 5.5678e-09
4709   2.6671e-01 1.3688e-09 5.2737e-09
4710   2.6671e-01 1.5622e-09 4.9428e-09
4711   2.6671e-01 1.7546e-09 4.5454e-09
4712   2.6671e-01 1.9535e-09 4.0876e-09
4713   2.6671e-01 2.3970e-09 3.5759e-09
4714   2.6671e-01 2.8092e-09 3.0176e-09
4715   2.6671e-01 3.1767e-09 2.4206e-09
4716   2.6671e-01 3.5025e-09 1.8252e-09
4717   2.6671e-01 3.7745e-09 1.2328e-09
4718   2.6671e-01 3.9971e-09 1.5656e-09
4719   2.6671e-01 4.1596e-09 2.1212e-09
4720   2.6671e-01 4.2679e-09 2.6449e-09
4721   2.6671e-01 4.3131e-09 3.1301e-09
4722   2.6671e-01 4.3025e-09 3.5826e-09
4723   2.6671e-01 4.2289e-09 3.9835e-09
4724   2.6671e-01 4.1013e-09 4.3276e-09
4725   2.6671e-01 3.9140e-09 4.6104e-09
4726   2.6671e-01 3.6776e-09 4.9288e-09
4727   2.6671e-01 3.3880e-09 5.2497e-09
4728   2.6671e-01 3.0571e-09 5.4969e-09
4729   2.6671e-01 2.7060e-09 5.6693e-09
4730   2.6671e-01 2.4681e-09 5.7743e-09
4731   2.6671e-01 2.1975e-09 5.7993e-09
4732   2.6671e-01 1.8980e-09 5.7444e-09
4733   2.6671e-01 1.6040e-09 5.6108e-09
4734   2.6671e-01 1.5016e-09 5.4031e-09
4735   2.6671e-01 1.3795e-09 5.1226e-09
4736   2.6671e-01 1.3148e-09 4.8537e-09
4737   2.6671e-01 1.5099e-09 4.5282e-09
4738   2.6671e-01 1.6837e-09 4.1419e-09
4739   2.6671e-01 1.9392e-09 3.7007e-09
4740   2.6671e-01 2.3453e-09 3.2108e-09
4741   2.6671e-01 2.7207e-09 2.6793e-09
4742   2.6671e-01 3.0530e-09 2.1135e-09
4743   2.6671e-01 3.3453e-09 1.5647e-09
4744   2.6671e-01 3.5864e-09 1.0777e-09
4745   2.6671e-01 3.7806e-09 1.5985e-09
4746   2.6671e-01 3.9181e-09 2.1106e-09
4747   2.6671e-01 4.0046e-09 2.5910e-09
4748   2.6671e-01 4.0319e-09 3.0371e-09
4749   2.6671e-01 4.0072e-09 3.4480e-09
4750   2.6671e-01 3.9239e-09 3.8093e-09
4751   2.6671e-01 3.7905e-09 4.1165e-09
4752   2.6671e-01 3.6021e-09 4.3654e-09
4753   2.6671e-01 3.3685e-09 4.6888e-09
4754   2.6671e-01 3.0863e-09 4.9711e-09
4755   2.6671e-01 2.7666e-09 5.1837e-09
4756   2.6671e-01 2.4700e-09 5.3292e-09
4757   2.6671e-01 2.2392e-09 5.4080e-09
4758   2.6671e-01 1.9788e-09 5.4120e-09
4759   2.6671e-01 1.6925e-09 5.3415e-09
4760   2.6671e-01 1.4738e-09 5.1982e-09
4761   2.6671e-01 1.3732e-09 4.9864e-09
4762   2.6671e-01 1.2544e-09 4.7209e-09
4763   2.6671e-01 1.2793e-09 4.4617e-09
4764   2.6671e-01 1.4564e-09 4.1426e-09
4765   2.6671e-01 1.6129e-09 3.7681e-09
4766   2.6671e-01 1.9162e-09 3.3437e-09
4767   2.6671e-01 2.2875e-09 2.8754e-09
4768   2.6671e-01 2.6287e-09 2.3700e-09
4769   2.6671e-01 2.9288e-09 1.8376e-09
4770   2.6671e-01 3.1903e-09 1.3290e-09
4771   2.6671e-01 3.4032e-09 1.1273e-09
4772   2.6671e-01 3.5715e-09 1.6184e-09
4773   2.6671e-01 3.6865e-09 2.0898e-09
4774   2.6671e-01 3.7535e-09 2.5301e-09
4775   2.6671e-01 3.7651e-09 2.9399e-09
4776   2.6671e-01 3.7282e-09 3.3123e-09
4777   2.6671e-01 3.6368e-09 3.6372e-09
4778   2.6671e-01 3.4991e-09 3.9105e-09
4779   2.6671e-01 3.3107e-09 4.1473e-09
4780   2.6671e-01 3.0809e-09 4.4550e-09
4781   2.6671e-01 2.8066e-09 4.7022e-09
4782   2.6671e-01 2.4983e-09 4.8835e-09
4783   2.6671e-01 2.2515e-09 5.0047e-09
4784   2.6671e-01 2.0282e-09 5.0602e-09
4785   2.6671e-01 1.7781e-09 5.0459e-09
4786   2.6671e-01 1.5048e-09 4.9622e-09
4787   2.6671e-01 1.3524e-09 4.8116e-09
4788   2.6671e-01 1.2538e-09 4.5971e-09
4789   2.6671e-01 1.1388e-09 4.3537e-09
4790   2.6671e-01 1.2415e-09 4.0968e-09
4791   2.6671e-01 1.4019e-09 3.7850e-09
4792   2.6671e-01 1.5426e-09 3.4226e-09
4793   2.6671e-01 1.8861e-09 3.0151e-09
4794   2.6671e-01 2.2251e-09 2.5681e-09
4795   2.6671e-01 2.5348e-09 2.0881e-09
4796   2.6671e-01 2.8050e-09 1.5963e-09
4797   2.6671e-01 3.0383e-09 1.1168e-09
4798   2.6671e-01 3.2255e-09 1.1695e-09
4799   2.6671e-01 3.3704e-09 1.6277e-09
4800   2.6671e-01 3.4652e-09 2.0611e-09
4801   2.6671e-01 3.5148e-09 2.4640e-09
4802   2.6671e-01 3.5127e-09 2.8399e-09
4803   2.6671e-01 3.4653e-09 3.1768e-09
4804   2.6671e-01 3.3675e-09 3.4683e-09
4805   2.6671e-01 3.2268e-09 3.7105e-09
4806   2.6671e-01 3.0394e-09 3.9528e-09
4807   2.6671e-01 2.8140e-09 4.2276e-09
4808   2.6671e-01 2.5482e-09 4.4428e-09
4809   2.6671e-01 2.2515e-09 4.5958e-09
4810   2.6671e-01 2.0487e-09 4.6953e-09
4811   2.6671e-01 1.8331e-09 4.7303e-09
4812   2.6671e-01 1.5934e-09 4.7001e-09
4813   2.6671e-01 1.3341e-09 4.6053e-09
4814   2.6671e-01 1.2396e-09 4.4491e-09
4815   2.6671e-01 1.1433e-09 4.2333e-09
4816   2.6671e-01 1.0392e-09 4.0104e-09
4817   2.6671e-01 1.2019e-09 3.7569e-09
4818   2.6671e-01 1.3470e-09 3.4531e-09
4819   2.6671e-01 1.5104e-09 3.1032e-09
4820   2.6671e-01 1.8495e-09 2.7125e-09
4821   2.6671e-01 2.1586e-09 2.2864e-09
4822   2.6671e-01 2.4392e-09 1.8311e-09
4823   2.6671e-01 2.6820e-09 1.3773e-09
4824   2.6671e-01 2.8895e-09 9.2558e-10
4825   2.6671e-01 3.0533e-09 1.2043e-09
4826   2.6671e-01 3.1770e-09 1.6269e-09
4827   2.6671e-01 3.2536e-09 2.0249e-09
4828   2.6671e-01 3.2878e-09 2.3941e-09
4829   2.6671e-01 3.2738e-09 2.7377e-09
4830   2.6671e-01 3.2176e-09 3.0418e-09
4831   2.6671e-01 3.1146e-09 3.3026e-09
4832   2.6671e-01 2.9720e-09 3.5166e-09
4833   2.6671e-01 2.7865e-09 3.7646e-09
4834   2.6671e-01 2.5662e-09 4.0073e-09
4835   2.6671e-01 2.3091e-09 4.1934e-09
4836   2.6671e-01 2.0445e-09 4.3231e-09
4837   2.6671e-01 1.8615e-09 4.4009e-09
4838   2.6671e-01 1.6537e-09 4.4178e-09
4839   2.6671e-01 1.4243e-09 4.3739e-09
4840   2.6671e-01 1.2130e-09 4.2699e-09
4841   2.6671e-01 1.1347e-09 4.1097e-09
4842   2.6671e-01 1.0409e-09 3.8939e-09
4843   2.6671e-01 1.0131e-09 3.6903e-09
4844   2.6671e-01 1.1610e-09 3.4410e-09
4845   2.6671e-01 1.2919e-09 3.1457e-09
4846   2.6671e-01 1.4976e-09 2.8086e-09
4847   2.6671e-01 1.8080e-09 2.4347e-09
4848   2.6671e-01 2.0893e-09 2.0290e-09
4849   2.6671e-01 2.3430e-09 1.5976e-09
4850   2.6671e-01 2.5607e-09 1.1793e-09
4851   2.6671e-01 2.7445e-09 8.3145e-10
4852   2.6671e-01 2.8870e-09 1.2286e-09
4853   2.6671e-01 2.9917e-09 1.6179e-09
4854   2.6671e-01 3.0521e-09 1.9830e-09
4855   2.6671e-01 3.0727e-09 2.3225e-09
4856   2.6671e-01 3.0483e-09 2.6343e-09
4857   2.6671e-01 2.9847e-09 2.9083e-09
4858   2.6671e-01 2.8778e-09 3.1409e-09
4859   2.6671e-01 2.7343e-09 3.3291e-09
4860   2.6671e-01 2.5514e-09 3.5806e-09
4861   2.6671e-01 2.3368e-09 3.7939e-09
4862   2.6671e-01 2.0886e-09 3.9538e-09
4863   2.6671e-01 1.8655e-09 4.0631e-09
4864   2.6671e-01 1.6881e-09 4.1211e-09
4865   2.6671e-01 1.4883e-09 4.1221e-09
4866   2.6671e-01 1.2691e-09 4.0664e-09
4867   2.6671e-01 1.1143e-09 3.9551e-09
4868   2.6671e-01 1.0373e-09 3.7920e-09
4869   2.6671e-01 9.4628e-10 3.5902e-09
4870   2.6671e-01 9.8499e-10 3.3916e-09
4871   2.6671e-01 1.1192e-09 3.1474e-09
4872   2.6671e-01 1.2370e-09 2.8611e-09
4873   2.6671e-01 1.4782e-09 2.5369e-09
4874   2.6671e-01 1.7620e-09 2.1795e-09
4875   2.6671e-01 2.0176e-09 1.7938e-09
4876   2.6671e-01 2.2466e-09 1.3881e-09
4877   2.6671e-01 2.4411e-09 1.0003e-09
4878   2.6671e-01 2.6033e-09 8.6857e-10
4879   2.6671e-01 2.7266e-09 1.2431e-09
4880   2.6671e-01 2.8140e-09 1.6014e-09
4881   2.6671e-01 2.8600e-09 1.9359e-09
4882   2.6671e-01 2.8686e-09 2.2476e-09
4883   2.6671e-01 2.8354e-09 2.5302e-09
4884   2.6671e-01 2.7656e-09 2.7765e-09
4885   2.6671e-01 2.6559e-09 2.9833e-09
4886   2.6671e-01 2.5124e-09 3.1670e-09
4887   2.6671e-01 2.3327e-09 3.4015e-09
4888   2.6671e-01 2.1242e-09 3.5880e-09
4889   2.6671e-01 1.8852e-09 3.7242e-09
4890   2.6671e-01 1.6998e-09 3.8150e-09
4891   2.6671e-01 1.5282e-09 3.8554e-09
4892   2.6671e-01 1.3365e-09 3.8426e-09
4893   2.6671e-01 1.1273e-09 3.7769e-09
4894   2.6671e-01 1.0223e-09 3.6603e-09
4895   2.6671e-01 9.4694e-10 3.4952e-09
4896   2.6671e-01 8.5875e-10 3.3103e-09
4897   2.6671e-01 9.5518e-10 3.1136e-09
4898   2.6671e-01 1.0767e-09 2.8749e-09
4899   2.6671e-01 1.1826e-09 2.5980e-09
4900   2.6671e-01 1.4536e-09 2.2867e-09
4901   2.6671e-01 1.7126e-09 1.9456e-09
4902   2.6671e-01 1.9445e-09 1.5794e-09
4903   2.6671e-01 2.1506e-09 1.2047e-09
4904   2.6671e-01 2.3240e-09 8.3915e-10
4905   2.6671e-01 2.4666e-09 9.0099e-10
4906   2.6671e-01 2.5723e-09 1.2493e-09
4907   2.6671e-01 2.6443e-09 1.5787e-09
4908   2.6671e-01 2.6774e-09 1.8847e-09
4909   2.6671e-01 2.6756e-09 2.1707e-09
4910   2.6671e-01 2.6348e-09 2.4262e-09
4911   2.6671e-01 2.5601e-09 2.6471e-09
4912   2.6671e-01 2.4484e-09 2.8303e-09
4913   2.6671e-01 2.3057e-09 3.0196e-09
4914   2.6671e-01 2.1299e-09 3.2272e-09
4915   2.6671e-01 1.9278e-09 3.3895e-09
4916   2.6671e-01 1.6980e-09 3.5042e-09
4917   2.6671e-01 1.5461e-09 3.5786e-09
4918   2.6671e-01 1.3806e-09 3.6034e-09
4919   2.6671e-01 1.1969e-09 3.5786e-09
4920   2.6671e-01 9.9914e-10 3.5046e-09
4921   2.6671e-01 9.3680e-10 3.3838e-09
4922   2.6671e-01 8.6324e-10 3.2179e-09
4923   2.6671e-01 8.0119e-10 3.0488e-09
4924   2.6671e-01 9.2415e-10 2.8547e-09
4925   2.6671e-01 1.0340e-09 2.6222e-09
4926   2.6671e-01 1.1693e-09 2.3549e-09
4927   2.6671e-01 1.4243e-09 2.0565e-09
4928   2.6671e-01 1.6603e-09 1.7314e-09
4929   2.6671e-01 1.8703e-09 1.3841e-09
4930   2.6671e-01 2.0554e-09 1.0384e-09
4931   2.6671e-01 2.2094e-09 6.9407e-10
4932   2.6671e-01 2.3341e-09 9.2683e-10
4933   2.6671e-01 2.4241e-09 1.2481e-09
4934   2.6671e-01 2.4822e-09 1.5505e-09
4935   2.6671e-01 2.5039e-09 1.8314e-09
4936   2.6671e-01 2.4930e-09 2.0921e-09
4937   2.6671e-01 2.4459e-09 2.3227e-09
4938   2.6671e-01 2.3673e-09 2.5202e-09
4939   2.6671e-01 2.2545e-09 2.6820e-09
4940   2.6671e-01 2.1132e-09 2.8752e-09
4941   2.6671e-01 1.9417e-09 3.0584e-09
4942   2.6671e-01 1.7462e-09 3.1987e-09
4943   2.6671e-01 1.5450e-09 3.2961e-09
4944   2.6671e-01 1.4042e-09 3.3537e-09
4945   2.6671e-01 1.2448e-09 3.3648e-09
4946   2.6671e-01 1.0690e-09 3.3296e-09
4947   2.6671e-01 9.1755e-10 3.2488e-09
4948   2.6671e-01 8.5728e-10 3.1250e-09
4949   2.6671e-01 7.8570e-10 2.9592e-09
4950   2.6671e-01 7.8042e-10 2.8049e-09
4951   2.6671e-01 8.9214e-10 2.6140e-09
4952   2.6671e-01 9.9120e-10 2.3882e-09
4953   2.6671e-01 1.1579e-09 2.1307e-09
4954   2.6671e-01 1.3912e-09 1.8451e-09
4955   2.6671e-01 1.6060e-09 1.5357e-09
4956   2.6671e-01 1.7957e-09 1.2067e-09
4957   2.6671e-01 1.9616e-09 8.8801e-10
4958   2.6671e-01 2.0978e-09 6.4179e-10
4959   2.6671e-01 2.2063e-09 9.4463e-10
4960   2.6671e-01 2.2820e-09 1.2406e-09
4961   2.6671e-01 2.3278e-09 1.5179e-09
4962   2.6671e-01 2.3395e-09 1.7761e-09
4963   2.6671e-01 2.3207e-09 2.0127e-09
4964   2.6671e-01 2.2682e-09 2.2204e-09
4965   2.6671e-01 2.1867e-09 2.3964e-09
4966   2.6671e-01 2.0736e-09 2.5402e-09
4967   2.6671e-01 1.9343e-09 2.7342e-09
4968   2.6671e-01 1.7674e-09 2.8951e-09
4969   2.6671e-01 1.5787e-09 3.0154e-09
4970   2.6671e-01 1.4092e-09 3.0973e-09
4971   2.6671e-01 1.2728e-09 3.1398e-09
4972   2.6671e-01 1.1196e-09 3.1390e-09
4973   2.6671e-01 9.5177e-10 3.0950e-09
4974   2.6671e-01 8.4271e-10 3.0087e-09
4975   2.6671e-01 7.8353e-10 2.8829e-09
4976   2.6671e-01 7.1402e-10 2.7296e-09
4977   2.6671e-01 7.5821e-10 2.5773e-09
4978   2.6671e-01 8.5951e-10 2.3904e-09
4979   2.6671e-01 9.4863e-10 2.1715e-09
4980   2.6671e-01 1.1417e-09 1.9239e-09
4981   2.6671e-01 1.3548e-09 1.6510e-09
4982   2.6671e-01 1.5500e-09 1.3569e-09
4983   2.6671e-01 1.7210e-09 1.0478e-09
4984   2.6671e-01 1.8693e-09 7.5213e-10
4985   2.6671e-01 1.9893e-09 6.6952e-10
4986   2.6671e-01 2.0831e-09 9.5505e-10
4987   2.6671e-01 2.1460e-09 1.2274e-09
4988   2.6671e-01 2.1807e-09 1.4814e-09
4989   2.6671e-01 2.1836e-09 1.7185e-09
4990   2.6671e-01 2.1580e-09 1.9328e-09
4991   2.6671e-01 2.1013e-09 2.1194e-09
4992   2.6671e-01 2.0175e-09 2.2759e-09
4993   2.6671e-01 1.9047e-09 2.4195e-09
4994   2.6671e-01 1.7680e-09 2.5968e-09
4995   2.6671e-01 1.6059e-09 2.7374e-09
4996   2.6671e-01 1.4243e-09 2.8397e-09
4997   2.6671e-01 1.2835e-09 2.9077e-09
4998   2.6671e-01 1.1517e-09 2.9369e-09
4999   2.6671e-01 1.0047e-09 2.9257e-09
5000   2.6671e-01 8.4485e-10 2.8742e-09
5001   2.6671e-01 7.7297e-10 2.7839e-09
5002   2.6671e-01 7.1506e-10 2.6567e-09
5003   2.6671e-01 6.4776e-10 2.5164e-09
5004   2.6671e-01 7.3476e-10 2.3655e-09
5005   2.6671e-01 8.2646e-10 2.1830e-09
5006   2.6671e-01 9.0897e-10 1.9713e-09
5007   2.6671e-01 1.1215e-09 1.7336e-09
5008   2.6671e-01 1.3160e-09 1.4732e-09
5009   2.6671e-01 1.4929e-09 1.1939e-09
5010   2.6671e-01 1.6469e-09 9.0851e-10
5011   2.6671e-01 1.7789e-09 6.2982e-10
5012   2.6671e-01 1.8842e-09 6.9440e-10
5013   2.6671e-01 1.9646e-09 9.5922e-10
5014   2.6671e-01 2.0160e-09 1.2095e-09
5015   2.6671e-01 2.0410e-09 1.4419e-09
5016   2.6671e-01 2.0362e-09 1.6593e-09
5017   2.6671e-01 2.0049e-09 1.8530e-09
5018   2.6671e-01 1.9446e-09 2.0202e-09
5019   2.6671e-01 1.8594e-09 2.1588e-09
5020   2.6671e-01 1.7475e-09 2.3064e-09
5021   2.6671e-01 1.6137e-09 2.4633e-09
5022   2.6671e-01 1.4568e-09 2.5855e-09
5023   2.6671e-01 1.2822e-09 2.6717e-09
5024   2.6671e-01 1.1670e-09 2.7270e-09
5025   2.6671e-01 1.0399e-09 2.7445e-09
5026   2.6671e-01 8.9916e-10 2.7242e-09
5027   2.6671e-01 7.5500e-10 2.6665e-09
5028   2.6671e-01 7.0816e-10 2.5731e-09
5029   2.6671e-01 6.5167e-10 2.4454e-09
5030   2.6671e-01 6.1721e-10 2.3171e-09
5031   2.6671e-01 7.1044e-10 2.1684e-09
5032   2.6671e-01 7.9326e-10 1.9906e-09
5033   2.6671e-01 9.0318e-10 1.7863e-09
5034   2.6671e-01 1.0979e-09 1.5585e-09
5035   2.6671e-01 1.2751e-09 1.3104e-09
5036   2.6671e-01 1.4352e-09 1.0455e-09
5037   2.6671e-01 1.5734e-09 7.8221e-10
5038   2.6671e-01 1.6906e-09 5.1979e-10
5039   2.6671e-01 1.7825e-09 7.1353e-10
5040   2.6671e-01 1.8509e-09 9.5771e-10
5041   2.6671e-01 1.8920e-09 1.1875e-09
5042   2.6671e-01 1.9083e-09 1.4011e-09
5043   2.6671e-01 1.8968e-09 1.5988e-09
5044   2.6671e-01 1.8606e-09 1.7736e-09
5045   2.6671e-01 1.7977e-09 1.9231e-09
5046   2.6671e-01 1.7117e-09 2.0454e-09
5047   2.6671e-01 1.6011e-09 2.1957e-09
5048   2.6671e-01 1.4705e-09 2.3340e-09
5049   2.6671e-01 1.3190e-09 2.4395e-09
5050   2.6671e-01 1.1676e-09 2.5127e-09
5051   2.6671e-01 1.0594e-09 2.5552e-09
5052   2.6671e-01 9.3706e-10 2.5623e-09
5053   2.6671e-01 8.0249e-10 2.5342e-09
5054   2.6671e-01 6.9403e-10 2.4714e-09
5055   2.6671e-01 6.4789e-10 2.3759e-09
5056   2.6671e-01 5.9295e-10 2.2487e-09
5057   2.6671e-01 6.0076e-10 2.1313e-09
5058   2.6671e-01 6.8542e-10 1.9852e-09
5059   2.6671e-01 7.6009e-10 1.8125e-09
5060   2.6671e-01 8.9339e-10 1.6157e-09
5061   2.6671e-01 1.0715e-09 1.3977e-09
5062   2.6671e-01 1.2326e-09 1.1616e-09
5063   2.6671e-01 1.3773e-09 9.1073e-10
5064   2.6671e-01 1.5010e-09 6.6808e-10
5065   2.6671e-01 1.6047e-09 4.9565e-10
5066   2.6671e-01 1.6844e-09 7.2654e-10
5067   2.6671e-01 1.7419e-09 9.5143e-10
5068   2.6671e-01 1.7738e-09 1.1621e-09
5069   2.6671e-01 1.7825e-09 1.3584e-09
5070   2.6671e-01 1.7652e-09 1.5378e-09
5071   2.6671e-01 1.7250e-09 1.6951e-09
5072   2.6671e-01 1.6601e-09 1.8284e-09
5073   2.6671e-01 1.5738e-09 1.9383e-09
5074   2.6671e-01 1.4651e-09 2.0876e-09
5075   2.6671e-01 1.3380e-09 2.2090e-09
5076   2.6671e-01 1.1919e-09 2.2993e-09
5077   2.6671e-01 1.0646e-09 2.3607e-09
5078   2.6671e-01 9.5983e-10 2.3919e-09
5079   2.6671e-01 8.4236e-10 2.3900e-09
5080   2.6671e-01 7.1388e-10 2.3552e-09
5081   2.6671e-01 6.3727e-10 2.2883e-09
5082   2.6671e-01 5.9199e-10 2.1913e-09
5083   2.6671e-01 5.3868e-10 2.0748e-09
5084   2.6671e-01 5.8325e-10 1.9580e-09
5085   2.6671e-01 6.5999e-10 1.8149e-09
5086   2.6671e-01 7.2713e-10 1.6476e-09
5087   2.6671e-01 8.8002e-10 1.4584e-09
5088   2.6671e-01 1.0427e-09 1.2501e-09
5089   2.6671e-01 1.1890e-09 1.0257e-09
5090   2.6671e-01 1.3195e-09 7.9035e-10
5091   2.6671e-01 1.4298e-09 5.6499e-10
5092   2.6671e-01 1.5212e-09 5.1632e-10
5093   2.6671e-01 1.5899e-09 7.3398e-10
5094   2.6671e-01 1.6376e-09 9.4086e-10
5095   2.6671e-01 1.6613e-09 1.1338e-09
5096   2.6671e-01 1.6633e-09 1.3140e-09
5097   2.6671e-01 1.6411e-09 1.4764e-09
5098   2.6671e-01 1.5977e-09 1.6178e-09
5099   2.6671e-01 1.5312e-09 1.7361e-09
5100   2.6671e-01 1.4453e-09 1.8484e-09
5101   2.6671e-01 1.3387e-09 1.9823e-09
5102   2.6671e-01 1.2153e-09 2.0883e-09
5103   2.6671e-01 1.0747e-09 2.1650e-09
5104   2.6671e-01 9.6928e-10 2.2158e-09
5105   2.6671e-01 8.6807e-10 2.2369e-09
5106   2.6671e-01 7.5543e-10 2.2271e-09
5107   2.6671e-01 6.3347e-10 2.1868e-09
5108   2.6671e-01 5.8440e-10 2.1168e-09
5109   2.6671e-01 5.4012e-10 2.0189e-09
5110   2.6671e-01 4.8852e-10 1.9123e-09
5111   2.6671e-01 5.6485e-10 1.7968e-09
5112   2.6671e-01 6.3428e-10 1.6570e-09
5113   2.6671e-01 7.0373e-10 1.4952e-09
5114   2.6671e-01 8.6372e-10 1.3137e-09
5115   2.6671e-01 1.0121e-09 1.1150e-09
5116   2.6671e-01 1.1447e-09 9.0192e-10
5117   2.6671e-01 1.2620e-09 6.8461e-10
5118   2.6671e-01 1.3602e-09 4.7221e-10
5119   2.6671e-01 1.4404e-09 5.3539e-10
5120   2.6671e-01 1.4991e-09 7.3665e-10
5121   2.6671e-01 1.5380e-09 9.2676e-10
5122   2.6671e-01 1.5545e-09 1.1033e-09
5123   2.6671e-01 1.5506e-09 1.2684e-09
5124   2.6671e-01 1.5242e-09 1.4152e-09
5125   2.6671e-01 1.4782e-09 1.5418e-09
5126   2.6671e-01 1.4109e-09 1.6466e-09
5127   2.6671e-01 1.3256e-09 1.7616e-09
5128   2.6671e-01 1.2214e-09 1.8800e-09
5129   2.6671e-01 1.1020e-09 1.9721e-09
5130   2.6671e-01 9.6698e-10 2.0368e-09
5131   2.6671e-01 8.8094e-10 2.0778e-09
5132   2.6671e-01 7.8341e-10 2.0900e-09
5133   2.6671e-01 6.7558e-10 2.0734e-09
5134   2.6671e-01 5.7136e-10 2.0284e-09
5135   2.6671e-01 5.3527e-10 1.9562e-09
5136   2.6671e-01 4.9208e-10 1.8579e-09
5137   2.6671e-01 4.7538e-10 1.7606e-09
5138   2.6671e-01 5.4583e-10 1.6466e-09
5139   2.6671e-01 6.0851e-10 1.5106e-09
5140   2.6671e-01 6.9836e-10 1.3545e-09
5141   2.6671e-01 8.4486e-10 1.1805e-09
5142   2.6671e-01 9.8003e-10 9.9122e-10
5143   2.6671e-01 1.1000e-09 7.8922e-10
5144   2.6671e-01 1.2052e-09 5.8877e-10
5145   2.6671e-01 1.2923e-09 3.8879e-10
5146   2.6671e-01 1.3622e-09 5.4951e-10
5147   2.6671e-01 1.4119e-09 7.3505e-10
5148   2.6671e-01 1.4430e-09 9.0953e-10
5149   2.6671e-01 1.4531e-09 1.0719e-09
5150   2.6671e-01 1.4441e-09 1.2219e-09
5151   2.6671e-01 1.4142e-09 1.3543e-09
5152   2.6671e-01 1.3661e-09 1.4674e-09
5153   2.6671e-01 1.2984e-09 1.5598e-09
5154   2.6671e-01 1.2142e-09 1.6767e-09
5155   2.6671e-01 1.1126e-09 1.7810e-09
5156   2.6671e-01 9.9731e-10 1.8604e-09
5157   2.6671e-01 8.8258e-10 1.9152e-09
5158   2.6671e-01 7.9934e-10 1.9465e-09
5159   2.6671e-01 7.0553e-10 1.9509e-09
5160   2.6671e-01 6.0248e-10 1.9285e-09
5161   2.6671e-01 5.2511e-10 1.8796e-09
5162   2.6671e-01 4.8959e-10 1.8058e-09
5163   2.6671e-01 4.4761e-10 1.7092e-09
5164   2.6671e-01 4.6237e-10 1.6191e-09
5165   2.6671e-01 5.2632e-10 1.5072e-09
5166   2.6671e-01 5.8280e-10 1.3750e-09
5167   2.6671e-01 6.8999e-10 1.2247e-09
5168   2.6671e-01 8.2396e-10 1.0583e-09
5169   2.6671e-01 9.4686e-10 8.7816e-10
5170   2.6671e-01 1.0551e-09 6.8685e-10
5171   2.6671e-01 1.1493e-09 5.0217e-10
5172   2.6671e-01 1.2262e-09 3.8294e-10
5173   2.6671e-01 1.2868e-09 5.5897e-10
5174   2.6671e-01 1.3285e-09 7.2982e-10
5175   2.6671e-01 1.3525e-09 8.8976e-10
5176   2.6671e-01 1.3570e-09 1.0390e-09
5177   2.6671e-01 1.3436e-09 1.1750e-09
5178   2.6671e-01 1.3109e-09 1.2942e-09
5179   2.6671e-01 1.2612e-09 1.3949e-09
5180   2.6671e-01 1.1935e-09 1.4797e-09
5181   2.6671e-01 1.1106e-09 1.5938e-09
5182   2.6671e-01 1.0120e-09 1.6853e-09
5183   2.6671e-01 9.0081e-10 1.7532e-09
5184   2.6671e-01 8.0442e-10 1.7991e-09
5185   2.6671e-01 7.2391e-10 1.8218e-09
5186   2.6671e-01 6.3385e-10 1.8194e-09
5187   2.6671e-01 5.3551e-10 1.7919e-09
5188   2.6671e-01 4.8205e-10 1.7400e-09
5189   2.6671e-01 4.4722e-10 1.6652e-09
5190   2.6671e-01 4.0650e-10 1.5767e-09
5191   2.6671e-01 4.4858e-10 1.4871e-09
5192   2.6671e-01 5.0652e-10 1.3776e-09
5193   2.6671e-01 5.5728e-10 1.2496e-09
5194   2.6671e-01 6.7897e-10 1.1051e-09
5195   2.6671e-01 8.0131e-10 9.4612e-10
5196   2.6671e-01 9.1286e-10 7.7495e-10
5197   2.6671e-01 1.0104e-09 5.9579e-10
5198   2.6671e-01 1.0944e-09 4.2399e-10
5199   2.6671e-01 1.1621e-09 3.9847e-10
5200   2.6671e-01 1.2143e-09 5.6422e-10
5201   2.6671e-01 1.2486e-09 7.2137e-10
5202   2.6671e-01 1.2665e-09 8.6779e-10
5203   2.6671e-01 1.2659e-09 1.0047e-09
5204   2.6671e-01 1.2488e-09 1.1279e-09
5205   2.6671e-01 1.2138e-09 1.2349e-09
5206   2.6671e-01 1.1630e-09 1.3243e-09
5207   2.6671e-01 1.0957e-09 1.4119e-09
5208   2.6671e-01 1.0144e-09 1.5131e-09
5209   2.6671e-01 9.1881e-10 1.5929e-09
5210   2.6671e-01 8.1186e-10 1.6505e-09
5211   2.6671e-01 7.3208e-10 1.6884e-09
5212   2.6671e-01 6.5437e-10 1.7035e-09
5213   2.6671e-01 5.6806e-10 1.6951e-09
5214   2.6671e-01 4.7503e-10 1.6635e-09
5215   2.6671e-01 4.4195e-10 1.6094e-09
5216   2.6671e-01 4.0792e-10 1.5339e-09
5217   2.6671e-01 3.7541e-10 1.4530e-09
5218   2.6671e-01 4.3416e-10 1.3643e-09
5219   2.6671e-01 4.8656e-10 1.2574e-09
5220   2.6671e-01 5.4365e-10 1.1337e-09
5221   2.6671e-01 6.6578e-10 9.9506e-10
5222   2.6671e-01 7.7732e-10 8.4340e-10
5223   2.6671e-01 8.7840e-10 6.8093e-10
5224   2.6671e-01 9.6607e-10 5.1554e-10
5225   2.6671e-01 1.0408e-09 3.5365e-10
5226   2.6671e-01 1.1000e-09 4.1293e-10
5227   2.6671e-01 1.1446e-09 5.6586e-10
5228   2.6671e-01 1.1724e-09 7.1023e-10
5229   2.6671e-01 1.1847e-09 8.4443e-10
5230   2.6671e-01 1.1799e-09 9.6964e-10
5231   2.6671e-01 1.1596e-09 1.0809e-09
5232   2.6671e-01 1.1227e-09 1.1767e-09
5233   2.6671e-01 1.0713e-09 1.2558e-09
5234   2.6671e-01 1.0046e-09 1.3453e-09
5235   2.6671e-01 9.2525e-10 1.4348e-09
5236   2.6671e-01 8.3277e-10 1.5040e-09
5237   2.6671e-01 7.3111e-10 1.5526e-09
5238   2.6671e-01 6.6509e-10 1.5829e-09
5239   2.6671e-01 5.9025e-10 1.5914e-09
5240   2.6671e-01 5.0766e-10 1.5779e-09
5241   2.6671e-01 4.3236e-10 1.5427e-09
5242   2.6671e-01 4.0469e-10 1.4869e-09
5243   2.6671e-01 3.7153e-10 1.4113e-09
5244   2.6671e-01 3.6589e-10 1.3374e-09
5245   2.6671e-01 4.1929e-10 1.2501e-09
5246   2.6671e-01 4.6657e-10 1.1460e-09
5247   2.6671e-01 5.3891e-10 1.0267e-09
5248   2.6671e-01 6.5071e-10 8.9386e-10
5249   2.6671e-01 7.5225e-10 7.4939e-10
5250   2.6671e-01 8.4365e-10 5.9537e-10
5251   2.6671e-01 9.2224e-10 4.4283e-10
5252   2.6671e-01 9.8848e-10 2.9043e-10
5253   2.6671e-01 1.0400e-09 4.2331e-10
5254   2.6671e-01 1.0777e-09 5.6427e-10
5255   2.6671e-01 1.0997e-09 6.9674e-10
5256   2.6671e-01 1.1071e-09 8.2018e-10
5257   2.6671e-01 1.0986e-09 9.3389e-10
5258   2.6671e-01 1.0756e-09 1.0342e-09
5259   2.6671e-01 1.0373e-09 1.1197e-09
5260   2.6671e-01 9.8561e-10 1.1894e-09
5261   2.6671e-01 9.1989e-10 1.2802e-09
5262   2.6671e-01 8.4256e-10 1.3589e-09
5263   2.6671e-01 7.5331e-10 1.4186e-09
5264   2.6671e-01 6.6718e-10 1.4596e-09
5265   2.6671e-01 6.0321e-10 1.4827e-09
5266   2.6671e-01 5.3126e-10 1.4852e-09
5267   2.6671e-01 4.5237e-10 1.4673e-09
5268   2.6671e-01 3.9727e-10 1.4293e-09
5269   2.6671e-01 3.7006e-10 1.3724e-09
5270   2.6671e-01 3.3784e-10 1.2988e-09
5271   2.6671e-01 3.5563e-10 1.2297e-09
5272   2.6671e-01 4.0409e-10 1.1439e-09
5273   2.6671e-01 4.4666e-10 1.0429e-09
5274   2.6671e-01 5.3192e-10 9.2800e-10
5275   2.6671e-01 6.3412e-10 8.0095e-10
5276   2.6671e-01 7.2640e-10 6.6351e-10
5277   2.6671e-01 8.0889e-10 5.1766e-10
5278   2.6671e-01 8.7915e-10 3.7715e-10
5279   2.6671e-01 9.3763e-10 2.9597e-10
5280   2.6671e-01 9.8223e-10 4.3016e-10
5281   2.6671e-01 1.0138e-09 5.5993e-10
5282   2.6671e-01 1.0305e-09 6.8134e-10
5283   2.6671e-01 1.0336e-09 7.9473e-10
5284   2.6671e-01 1.0219e-09 8.9782e-10
5285   2.6671e-01 9.9677e-10 9.8803e-10
5286   2.6671e-01 9.5740e-10 1.0642e-09
5287   2.6671e-01 9.0572e-10 1.1305e-09
5288   2.6671e-01 8.4118e-10 1.2167e-09
5289   2.6671e-01 7.6604e-10 1.2856e-09
5290   2.6671e-01 6.8008e-10 1.3366e-09
5291   2.6671e-01 6.0787e-10 1.3709e-09
5292   2.6671e-01 5.4604e-10 1.3875e-09
5293   2.6671e-01 4.7700e-10 1.3848e-09
5294   2.6671e-01 4.0175e-10 1.3632e-09
5295   2.6671e-01 3.6461e-10 1.3229e-09
5296   2.6671e-01 3.3794e-10 1.2653e-09
5297   2.6671e-01 3.0670e-10 1.1980e-09
5298   2.6671e-01 3.4481e-10 1.1292e-09
5299   2.6671e-01 3.8869e-10 1.0453e-09
5300   2.6671e-01 4.2693e-10 9.4748e-10
5301   2.6671e-01 5.2296e-10 8.3708e-10
5302   2.6671e-01 6.1627e-10 7.1573e-10
5303   2.6671e-01 6.9998e-10 5.8515e-10
5304   2.6671e-01 7.7427e-10 4.4882e-10
5305   2.6671e-01 8.3689e-10 3.1789e-10
5306   2.6671e-01 8.8830e-10 3.0788e-10
5307   2.6671e-01 9.2660e-10 4.3383e-10
5308   2.6671e-01 9.5258e-10 5.5317e-10
5309   2.6671e-01 9.6469e-10 6.6428e-10
5310   2.6671e-01 9.6407e-10 7.6834e-10
5311   2.6671e-01 9.4958e-10 8.6162e-10
5312   2.6671e-01 9.2270e-10 9.4258e-10
5313   2.6671e-01 8.8264e-10 1.0101e-09
5314   2.6671e-01 8.3125e-10 1.0785e-09
5315   2.6671e-01 7.6807e-10 1.1548e-09
5316   2.6671e-01 6.9525e-10 1.2150e-09
5317   2.6671e-01 6.1262e-10 1.2580e-09
5318   2.6671e-01 5.5298e-10 1.2863e-09
5319   2.6671e-01 4.9334e-10 1.2971e-09
5320   2.6671e-01 4.2720e-10 1.2900e-09
5321   2.6671e-01 3.5624e-10 1.2652e-09
5322   2.6671e-01 3.3420e-10 1.2233e-09
5323   2.6671e-01 3.0815e-10 1.1652e-09
5324   2.6671e-01 2.8911e-10 1.1037e-09
5325   2.6671e-01 3.3353e-10 1.0358e-09
5326   2.6671e-01 3.7319e-10 9.5390e-10
5327   2.6671e-01 4.2041e-10 8.5934e-10
5328   2.6671e-01 5.1239e-10 7.5342e-10
5329   2.6671e-01 5.9743e-10 6.3770e-10
5330   2.6671e-01 6.7325e-10 5.1377e-10
5331   2.6671e-01 7.3998e-10 3.8794e-10
5332   2.6671e-01 7.9562e-10 2.6458e-10
5333   2.6671e-01 8.4059e-10 3.1857e-10
5334   2.6671e-01 8.7320e-10 4.3476e-10
5335   2.6671e-01 8.9419e-10 5.4437e-10
5336   2.6671e-01 9.0220e-10 6.4636e-10
5337   2.6671e-01 8.9832e-10 7.4129e-10
5338   2.6671e-01 8.8152e-10 8.2553e-10
5339   2.6671e-01 8.5324e-10 8.9799e-10
5340   2.6671e-01 8.1280e-10 9.5773e-10
5341   2.6671e-01 7.6194e-10 1.0274e-09
5342   2.6671e-01 7.0029e-10 1.0949e-09
5343   2.6671e-01 6.2987e-10 1.1469e-09
5344   2.6671e-01 5.5294e-10 1.1834e-09
5345   2.6671e-01 5.0218e-10 1.2058e-09
5346   2.6671e-01 4.4476e-10 1.2115e-09
5347   2.6671e-01 3.8151e-10 1.2006e-09
5348   2.6671e-01 3.2725e-10 1.1731e-09
5349   2.6671e-01 3.0594e-10 1.1300e-09
5350   2.6671e-01 2.8057e-10 1.0718e-09
5351   2.6671e-01 2.8157e-10 1.0157e-09
5352   2.6671e-01 3.2193e-10 9.4881e-10
5353   2.6671e-01 3.5770e-10 8.6916e-10
5354   2.6671e-01 4.1625e-10 7.7797e-10
5355   2.6671e-01 5.0043e-10 6.7652e-10
5356   2.6671e-01 5.7782e-10 5.6630e-10
5357   2.6671e-01 6.4634e-10 4.4883e-10
5358   2.6671e-01 7.0614e-10 3.3281e-10
5359   2.6671e-01 7.5539e-10 2.1773e-10
5360   2.6671e-01 7.9452e-10 3.2618e-10
5361   2.6671e-01 8.2199e-10 4.3325e-10
5362   2.6671e-01 8.3853e-10 5.3381e-10
5363   2.6671e-01 8.4293e-10 6.2760e-10
5364   2.6671e-01 8.3621e-10 7.1378e-10
5365   2.6671e-01 8.1750e-10 7.8971e-10
5366   2.6671e-01 7.8816e-10 8.5438e-10
5367   2.6671e-01 7.4759e-10 9.0696e-10
5368   2.6671e-01 6.9746e-10 9.7744e-10
5369   2.6671e-01 6.3747e-10 1.0368e-09
5370   2.6671e-01 5.6952e-10 1.0816e-09
5371   2.6671e-01 5.0440e-10 1.1123e-09
5372   2.6671e-01 4.5525e-10 1.1292e-09
5373   2.6671e-01 4.0008e-10 1.1305e-09
5374   2.6671e-01 3.3969e-10 1.1162e-09
5375   2.6671e-01 3.0063e-10 1.0867e-09
5376   2.6671e-01 2.7969e-10 1.0427e-09
5377   2.6671e-01 2.5505e-10 9.8684e-10
5378   2.6671e-01 2.7349e-10 9.3371e-10
5379   2.6671e-01 3.1009e-10 8.6803e-10
5380   2.6671e-01 3.4229e-10 7.9073e-10
5381   2.6671e-01 4.1042e-10 7.0295e-10
5382   2.6671e-01 4.8734e-10 6.0594e-10
5383   2.6671e-01 5.5766e-10 5.0109e-10
5384   2.6671e-01 6.1946e-10 3.8988e-10
5385   2.6671e-01 6.7290e-10 2.8302e-10
5386   2.6671e-01 7.1632e-10 2.2882e-10
5387   2.6671e-01 7.5015e-10 3.3111e-10
5388   2.6671e-01 7.7300e-10 4.2966e-10
5389   2.6671e-01 7.8557e-10 5.2180e-10
5390   2.6671e-01 7.8679e-10 6.0794e-10
5391   2.6671e-01 7.7765e-10 6.8605e-10
5392   2.6671e-01 7.5737e-10 7.5432e-10
5393   2.6671e-01 7.2725e-10 8.1186e-10
5394   2.6671e-01 6.8680e-10 8.6366e-10
5395   2.6671e-01 6.3757e-10 9.2873e-10
5396   2.6671e-01 5.7935e-10 9.8068e-10
5397   2.6671e-01 5.1391e-10 1.0189e-09
5398   2.6671e-01 4.5939e-10 1.0445e-09
5399   2.6671e-01 4.1191e-10 1.0565e-09
5400   2.6671e-01 3.5900e-10 1.0539e-09
5401   2.6671e-01 3.0158e-10 1.0368e-09
5402   2.6671e-01 2.7584e-10 1.0056e-09
5403   2.6671e-01 2.5533e-10 9.6114e-10
5404   2.6671e-01 2.3146e-10 9.1001e-10
5405   2.6671e-01 2.6500e-10 8.5728e-10
5406   2.6671e-01 2.9813e-10 7.9302e-10
5407   2.6671e-01 3.2704e-10 7.1818e-10
5408   2.6671e-01 4.0314e-10 6.3384e-10
5409   2.6671e-01 4.7333e-10 5.4120e-10
5410   2.6671e-01 5.3711e-10 4.4161e-10
5411   2.6671e-01 5.9272e-10 3.3791e-10
5412   2.6671e-01 6.4033e-10 2.3811e-10
5413   2.6671e-01 6.7844e-10 2.3795e-10
5414   2.6671e-01 7.0747e-10 3.3364e-10
5415   2.6671e-01 7.2617e-10 4.2424e-10
5416   2.6671e-01 7.3522e-10 5.0855e-10
5417   2.6671e-01 7.3366e-10 5.8759e-10
5418   2.6671e-01 7.2245e-10 6.5824e-10
5419   2.6671e-01 7.0092e-10 7.1947e-10
5420   2.6671e-01 6.7028e-10 7.7050e-10
5421   2.6671e-01 6.3014e-10 8.2371e-10
5422   2.6671e-01 5.8197e-10 8.8137e-10
5423   2.6671e-01 5.2559e-10 9.2659e-10
5424   2.6671e-01 4.6270e-10 9.5885e-10
5425   2.6671e-01 4.1774e-10 9.7992e-10
5426   2.6671e-01 3.7197e-10 9.8757e-10
5427   2.6671e-01 3.2131e-10 9.8159e-10
5428   2.6671e-01 2.6935e-10 9.6214e-10
5429   2.6671e-01 2.5277e-10 9.2971e-10
5430   2.6671e-01 2.3276e-10 8.8495e-10
5431   2.6671e-01 2.2251e-10 8.3826e-10
5432   2.6671e-01 2.5618e-10 7.8614e-10
5433   2.6671e-01 2.8612e-10 7.2347e-10
5434   2.6671e-01 3.2449e-10 6.5116e-10
5435   2.6671e-01 3.9465e-10 5.7027e-10
5436   2.6671e-01 4.5861e-10 4.8194e-10
5437   2.6671e-01 5.1634e-10 3.8744e-10
5438   2.6671e-01 5.6626e-10 2.9174e-10
5439   2.6671e-01 6.0854e-10 1.9772e-10
5440   2.6671e-01 6.4183e-10 2.4584e-10
5441   2.6671e-01 6.6651e-10 3.3409e-10
5442   2.6671e-01 6.8150e-10 4.1729e-10
5443   2.6671e-01 6.8743e-10 4.9480e-10
5444   2.6671e-01 6.8346e-10 5.6674e-10
5445   2.6671e-01 6.7051e-10 6.3053e-10
5446   2.6671e-01 6.4800e-10 6.8531e-10
5447   2.6671e-01 6.1708e-10 7.3039e-10
5448   2.6671e-01 5.7742e-10 7.8453e-10
5449   2.6671e-01 5.3042e-10 8.3542e-10
5450   2.6671e-01 4.7596e-10 8.7455e-10
5451   2.6671e-01 4.1822e-10 9.0186e-10
5452   2.6671e-01 3.7920e-10 9.1841e-10
5453   2.6671e-01 3.3516e-10 9.2224e-10
5454   2.6671e-01 2.8673e-10 9.1336e-10
5455   2.6671e-01 2.4768e-10 8.9195e-10
5456   2.6671e-01 2.3134e-10 8.5864e-10
5457   2.6671e-01 2.1186e-10 8.1385e-10
5458   2.6671e-01 2.1656e-10 7.7129e-10
5459   2.6671e-01 2.4714e-10 7.1997e-10
5460   2.6671e-01 2.7412e-10 6.5902e-10
5461   2.6671e-01 3.2095e-10 5.8931e-10
5462   2.6671e-01 3.8514e-10 5.1185e-10
5463   2.6671e-01 4.4332e-10 4.2773e-10
5464   2.6671e-01 4.9548e-10 3.3817e-10
5465   2.6671e-01 5.4018e-10 2.4994e-10
5466   2.6671e-01 5.7759e-10 1.6872e-10
5467   2.6671e-01 6.0649e-10 2.5139e-10
5468   2.6671e-01 6.2726e-10 3.3270e-10
5469   2.6671e-01 6.3893e-10 4.0902e-10
5470   2.6671e-01 6.4211e-10 4.8027e-10
5471   2.6671e-01 6.3606e-10 5.4557e-10
5472   2.6671e-01 6.2167e-10 6.0304e-10
5473   2.6671e-01 5.9842e-10 6.5191e-10
5474   2.6671e-01 5.6742e-10 6.9156e-10
5475   2.6671e-01 5.2840e-10 7.4623e-10
5476   2.6671e-01 4.8267e-10 7.9095e-10
5477   2.6671e-01 4.3016e-10 8.2456e-10
5478   2.6671e-01 3.8137e-10 8.4758e-10
5479   2.6671e-01 3.4361e-10 8.5994e-10
5480   2.6671e-01 3.0132e-10 8.6042e-10
5481   2.6671e-01 2.5509e-10 8.4905e-10
5482   2.6671e-01 2.2748e-10 8.2606e-10
5483   2.6671e-01 2.1143e-10 7.9216e-10
5484   2.6671e-01 1.9252e-10 7.4964e-10
5485   2.6671e-01 2.1021e-10 7.0885e-10
5486   2.6671e-01 2.3793e-10 6.5851e-10
5487   2.6671e-01 2.6221e-10 5.9938e-10
5488   2.6671e-01 3.1617e-10 5.3229e-10
5489   2.6671e-01 3.7481e-10 4.5824e-10
5490   2.6671e-01 4.2764e-10 3.7824e-10
5491   2.6671e-01 4.7467e-10 2.9346e-10
5492   2.6671e-01 5.1457e-10 2.1221e-10
5493   2.6671e-01 5.4754e-10 1.7696e-10
5494   2.6671e-01 5.7246e-10 2.5492e-10
5495   2.6671e-01 5.8972e-10 3.2975e-10
5496   2.6671e-01 5.9843e-10 3.9965e-10
5497   2.6671e-01 5.9920e-10 4.6508e-10
5498   2.6671e-01 5.9138e-10 5.2424e-10
5499   2.6671e-01 5.7580e-10 5.7589e-10
5500   2.6671e-01 5.5203e-10 6.1935e-10
5501   2.6671e-01 5.2112e-10 6.5978e-10
5502   2.6671e-01 4.8286e-10 7.0889e-10
5503   2.6671e-01 4.3849e-10 7.4801e-10
5504   2.6671e-01 3.8797e-10 7.7662e-10
5505   2.6671e-01 3.4720e-10 7.9577e-10
5506   2.6671e-01 3.1075e-10 8.0444e-10
5507   2.6671e-01 2.7021e-10 8.0198e-10
5508   2.6671e-01 2.2640e-10 7.8851e-10
5509   2.6671e-01 2.0867e-10 7.6428e-10
5510   2.6671e-01 1.9296e-10 7.3002e-10
5511   2.6671e-01 1.7557e-10 6.9115e-10
5512   2.6671e-01 2.0356e-10 6.5068e-10
5513   2.6671e-01 2.2865e-10 6.0146e-10
5514   2.6671e-01 2.5257e-10 5.4423e-10
5515   2.6671e-01 3.1030e-10 4.7978e-10
5516   2.6671e-01 3.6380e-10 4.0908e-10
5517   2.6671e-01 4.1169e-10 3.3310e-10
5518   2.6671e-01 4.5399e-10 2.5424e-10
5519   2.6671e-01 4.8951e-10 1.7819e-10
5520   2.6671e-01 5.1843e-10 1.8395e-10
5521   2.6671e-01 5.3975e-10 2.5663e-10
5522   2.6671e-01 5.5385e-10 3.2541e-10
5523   2.6671e-01 5.5994e-10 3.8939e-10
5524   2.6671e-01 5.5861e-10 4.4938e-10
5525   2.6671e-01 5.4928e-10 5.0288e-10
5526   2.6671e-01 5.3275e-10 5.4918e-10
5527   2.6671e-01 5.0865e-10 5.8770e-10
5528   2.6671e-01 4.7799e-10 6.2911e-10
5529   2.6671e-01 4.4060e-10 6.7260e-10
5530   2.6671e-01 3.9764e-10 7.0662e-10
5531   2.6671e-01 3.4912e-10 7.3074e-10
5532   2.6671e-01 3.1560e-10 7.4642e-10
5533   2.6671e-01 2.8048e-10 7.5180e-10
5534   2.6671e-01 2.4167e-10 7.4681e-10
5535   2.6671e-01 2.0396e-10 7.3157e-10
5536   2.6671e-01 1.9117e-10 7.0646e-10
5537   2.6671e-01 1.7585e-10 6.7200e-10
5538   2.6671e-01 1.7122e-10 6.3653e-10
5539   2.6671e-01 1.9668e-10 5.9655e-10
5540   2.6671e-01 2.1933e-10 5.4857e-10
5541   2.6671e-01 2.5067e-10 4.9329e-10
5542   2.6671e-01 3.0354e-10 4.3149e-10
5543   2.6671e-01 3.5227e-10 3.6408e-10
5544   2.6671e-01 3.9560e-10 2.9200e-10
5545   2.6671e-01 4.3356e-10 2.1924e-10
5546   2.6671e-01 4.6507e-10 1.4761e-10
5547   2.6671e-01 4.9031e-10 1.8975e-10
5548   2.6671e-01 5.0838e-10 2.5677e-10
5549   2.6671e-01 5.1965e-10 3.1992e-10
5550   2.6671e-01 5.2342e-10 3.7880e-10
5551   2.6671e-01 5.2026e-10 4.3332e-10
5552   2.6671e-01 5.0967e-10 4.8160e-10
5553   2.6671e-01 4.9240e-10 5.2300e-10
5554   2.6671e-01 4.6815e-10 5.5700e-10
5555   2.6671e-01 4.3787e-10 5.9905e-10
5556   2.6671e-01 4.0143e-10 6.3741e-10
5557   2.6671e-01 3.5994e-10 6.6681e-10
5558   2.6671e-01 3.1634e-10 6.8726e-10
5559   2.6671e-01 2.8636e-10 6.9945e-10
5560   2.6671e-01 2.5259e-10 7.0194e-10
5561   2.6671e-01 2.1551e-10 6.9477e-10
5562   2.6671e-01 1.8750e-10 6.7808e-10
5563   2.6671e-01 1.7491e-10 6.5233e-10
5564   2.6671e-01 1.6000e-10 6.1788e-10
5565   2.6671e-01 1.6653e-10 5.8555e-10
5566   2.6671e-01 1.8964e-10 5.4622e-10
5567   2.6671e-01 2.1005e-10 4.9956e-10
5568   2.6671e-01 2.4767e-10 4.4628e-10
5569   2.6671e-01 2.9603e-10 3.8712e-10
5570   2.6671e-01 3.4034e-10 3.2294e-10
5571   2.6671e-01 3.7946e-10 2.5464e-10
5572   2.6671e-01 4.1344e-10 1.8757e-10
5573   2.6671e-01 4.4128e-10 1.3077e-10
5574   2.6671e-01 4.6318e-10 1.9379e-10
5575   2.6671e-01 4.7832e-10 2.5553e-10
5576   2.6671e-01 4.8707e-10 3.1344e-10
5577   2.6671e-01 4.8880e-10 3.6755e-10
5578   2.6671e-01 4.8407e-10 4.1702e-10
5579   2.6671e-01 4.7243e-10 4.6050e-10
5580   2.6671e-01 4.5461e-10 4.9742e-10
5581   2.6671e-01 4.3035e-10 5.2794e-10
5582   2.6671e-01 4.0057e-10 5.6968e-10
5583   2.6671e-01 3.6516e-10 6.0337e-10
5584   2.6671e-01 3.2516e-10 6.2858e-10
5585   2.6671e-01 2.8836e-10 6.4578e-10
5586   2.6671e-01 2.5937e-10 6.5481e-10
5587   2.6671e-01 2.2695e-10 6.5478e-10
5588   2.6671e-01 1.9157e-10 6.4574e-10
5589   2.6671e-01 1.7216e-10 6.2786e-10
5590   2.6671e-01 1.5981e-10 6.0169e-10
5591   2.6671e-01 1.4535e-10 5.6937e-10
5592   2.6671e-01 1.6154e-10 5.3804e-10
5593   2.6671e-01 1.8249e-10 4.9947e-10
5594   2.6671e-01 2.0084e-10 4.5422e-10
5595   2.6671e-01 2.4375e-10 4.0295e-10
5596   2.6671e-01 2.8791e-10 3.4640e-10
5597   2.6671e-01 3.2813e-10 2.8538e-10
5598   2.6671e-01 3.6338e-10 2.2073e-10
5599   2.6671e-01 3.9371e-10 1.5898e-10
5600   2.6671e-01 4.1821e-10 1.3687e-10
5601   2.6671e-01 4.3708e-10 1.9629e-10
5602   2.6671e-01 4.4958e-10 2.5310e-10
5603   2.6671e-01 4.5609e-10 3.0613e-10
5604   2.6671e-01 4.5603e-10 3.5581e-10
5605   2.6671e-01 4.4995e-10 4.0061e-10
5606   2.6671e-01 4.3746e-10 4.3967e-10
5607   2.6671e-01 4.1926e-10 4.7249e-10
5608   2.6671e-01 3.9513e-10 5.0400e-10
5609   2.6671e-01 3.6593e-10 5.4107e-10
5610   2.6671e-01 3.3160e-10 5.7050e-10
5611   2.6671e-01 2.9312e-10 5.9193e-10
5612   2.6671e-01 2.6243e-10 6.0620e-10
5613   2.6671e-01 2.3445e-10 6.1243e-10
5614   2.6671e-01 2.0339e-10 6.1020e-10
5615   2.6671e-01 1.6997e-10 5.9958e-10
5616   2.6671e-01 1.5789e-10 5.8080e-10
5617   2.6671e-01 1.4581e-10 5.5438e-10
5618   2.6671e-01 1.3512e-10 5.2484e-10
5619   2.6671e-01 1.5634e-10 4.9377e-10
5620   2.6671e-01 1.7529e-10 4.5608e-10
5621   2.6671e-01 1.9500e-10 4.1229e-10
5622   2.6671e-01 2.3902e-10 3.6306e-10
5623   2.6671e-01 2.7929e-10 3.0908e-10
5624   2.6671e-01 3.1574e-10 2.5113e-10
5625   2.6671e-01 3.4743e-10 1.9118e-10
5626   2.6671e-01 3.7441e-10 1.3322e-10
5627   2.6671e-01 3.9587e-10 1.4223e-10
5628   2.6671e-01 4.1199e-10 1.9743e-10
5629   2.6671e-01 4.2214e-10 2.4963e-10
5630   2.6671e-01 4.2665e-10 2.9824e-10
5631   2.6671e-01 4.2504e-10 3.4369e-10
5632   2.6671e-01 4.1782e-10 3.8419e-10
5633   2.6671e-01 4.0466e-10 4.1920e-10
5634   2.6671e-01 3.8621e-10 4.4826e-10
5635   2.6671e-01 3.6232e-10 4.8046e-10
5636   2.6671e-01 3.3379e-10 5.1326e-10
5637   2.6671e-01 3.0059e-10 5.3883e-10
5638   2.6671e-01 2.6364e-10 5.5687e-10
5639   2.6671e-01 2.3844e-10 5.6851e-10
5640   2.6671e-01 2.1150e-10 5.7226e-10
5641   2.6671e-01 1.8179e-10 5.6812e-10
5642   2.6671e-01 1.5443e-10 5.5619e-10
5643   2.6671e-01 1.4461e-10 5.3676e-10
5644   2.6671e-01 1.3284e-10 5.1020e-10
5645   2.6671e-01 1.3169e-10 4.8327e-10
5646   2.6671e-01 1.5098e-10 4.5259e-10
5647   2.6671e-01 1.6808e-10 4.1586e-10
5648   2.6671e-01 1.9333e-10 3.7358e-10
5649   2.6671e-01 2.3363e-10 3.2638e-10
5650   2.6671e-01 2.7029e-10 2.7493e-10
5651   2.6671e-01 3.0326e-10 2.1996e-10
5652   2.6671e-01 3.3168e-10 1.6465e-10
5653   2.6671e-01 3.5560e-10 1.1007e-10
5654   2.6671e-01 3.7429e-10 1.4648e-10
5655   2.6671e-01 3.8794e-10 1.9738e-10
5656   2.6671e-01 3.9598e-10 2.4529e-10
5657   2.6671e-01 3.9873e-10 2.9001e-10
5658   2.6671e-01 3.9578e-10 3.3131e-10
5659   2.6671e-01 3.8760e-10 3.6785e-10
5660   2.6671e-01 3.7391e-10 3.9913e-10
5661   2.6671e-01 3.5536e-10 4.2477e-10
5662   2.6671e-01 3.3181e-10 4.5740e-10
5663   2.6671e-01 3.0401e-10 4.8631e-10
5664   2.6671e-01 2.7197e-10 5.0837e-10
5665   2.6671e-01 2.3930e-10 5.2368e-10
5666   2.6671e-01 2.1626e-10 5.3264e-10
5667   2.6671e-01 1.9037e-10 5.3422e-10
5668   2.6671e-01 1.6199e-10 5.2844e-10
5669   2.6671e-01 1.4193e-10 5.1542e-10
5670   2.6671e-01 1.3228e-10 4.9552e-10
5671   2.6671e-01 1.2083e-10 4.6900e-10
5672   2.6671e-01 1.2799e-10 4.4447e-10
5673   2.6671e-01 1.4550e-10 4.1431e-10
5674   2.6671e-01 1.6090e-10 3.7860e-10
5675   2.6671e-01 1.9084e-10 3.3786e-10
5676   2.6671e-01 2.2768e-10 2.9269e-10
5677   2.6671e-01 2.6101e-10 2.4371e-10
5678   2.6671e-01 2.9077e-10 1.9164e-10
5679   2.6671e-01 3.1618e-10 1.4066e-10
5680   2.6671e-01 3.3731e-10 1.0137e-10
5681   2.6671e-01 3.5349e-10 1.4941e-10
5682   2.6671e-01 3.6491e-10 1.9628e-10
5683   2.6671e-01 3.7107e-10 2.4021e-10
5684   2.6671e-01 3.7227e-10 2.8131e-10
5685   2.6671e-01 3.6816e-10 3.1877e-10
5686   2.6671e-01 3.5919e-10 3.5165e-10
5687   2.6671e-01 3.4513e-10 3.7953e-10
5688   2.6671e-01 3.2658e-10 4.0338e-10
5689   2.6671e-01 3.0344e-10 4.3488e-10
5690   2.6671e-01 2.7644e-10 4.6024e-10
5691   2.6671e-01 2.4557e-10 4.7914e-10
5692   2.6671e-01 2.1805e-10 4.9199e-10
5693   2.6671e-01 1.9579e-10 4.9856e-10
5694   2.6671e-01 1.7094e-10 4.9823e-10
5695   2.6671e-01 1.4390e-10 4.9105e-10
5696   2.6671e-01 1.3029e-10 4.7715e-10
5697   2.6671e-01 1.2082e-10 4.5696e-10
5698   2.6671e-01 1.0972e-10 4.3238e-10
5699   2.6671e-01 1.2409e-10 4.0832e-10
5700   2.6671e-01 1.3995e-10 3.7875e-10
5701   2.6671e-01 1.5378e-10 3.4413e-10
5702   2.6671e-01 1.8765e-10 3.0495e-10
5703   2.6671e-01 2.2129e-10 2.6178e-10
5704   2.6671e-01 2.5153e-10 2.1522e-10
5705   2.6671e-01 2.7833e-10 1.6594e-10
5706   2.6671e-01 3.0099e-10 1.1901e-10
5707   2.6671e-01 3.1957e-10 1.0589e-10
5708   2.6671e-01 3.3348e-10 1.5117e-10
5709   2.6671e-01 3.4290e-10 1.9429e-10
5710   2.6671e-01 3.4738e-10 2.3451e-10
5711   2.6671e-01 3.4723e-10 2.7223e-10
5712   2.6671e-01 3.4213e-10 3.0615e-10
5713   2.6671e-01 3.3252e-10 3.3568e-10
5714   2.6671e-01 3.1821e-10 3.6044e-10
5715   2.6671e-01 2.9977e-10 3.8499e-10
5716   2.6671e-01 2.7711e-10 4.1295e-10
5717   2.6671e-01 2.5094e-10 4.3509e-10
5718   2.6671e-01 2.2127e-10 4.5112e-10
5719   2.6671e-01 1.9836e-10 4.6176e-10
5720   2.6671e-01 1.7690e-10 4.6621e-10
5721   2.6671e-01 1.5310e-10 4.6423e-10
5722   2.6671e-01 1.2760e-10 4.5587e-10
5723   2.6671e-01 1.1946e-10 4.4131e-10
5724   2.6671e-01 1.1020e-10 4.2094e-10
5725   2.6671e-01 1.0398e-10 3.9849e-10
5726   2.6671e-01 1.2003e-10 3.7464e-10
5727   2.6671e-01 1.3437e-10 3.4576e-10
5728   2.6671e-01 1.5068e-10 3.1227e-10
5729   2.6671e-01 1.8387e-10 2.7465e-10
5730   2.6671e-01 2.1454e-10 2.3345e-10
5731   2.6671e-01 2.4193e-10 1.8924e-10
5732   2.6671e-01 2.6601e-10 1.4368e-10
5733   2.6671e-01 2.8615e-10 9.9513e-11
5734   2.6671e-01 3.0241e-10 1.0999e-10
5735   2.6671e-01 3.1426e-10 1.5190e-10
5736   2.6671e-01 3.2189e-10 1.9152e-10
5737   2.6671e-01 3.2489e-10 2.2844e-10
5738   2.6671e-01 3.2356e-10 2.6288e-10
5739   2.6671e-01 3.1763e-10 2.9352e-10
5740   2.6671e-01 3.0751e-10 3.1998e-10
5741   2.6671e-01 2.9305e-10 3.4189e-10
5742   2.6671e-01 2.7480e-10 3.6692e-10
5743   2.6671e-01 2.5269e-10 3.9165e-10
5744   2.6671e-01 2.2738e-10 4.1086e-10
5745   2.6671e-01 1.9890e-10 4.2437e-10
5746   2.6671e-01 1.8016e-10 4.3296e-10
5747   2.6671e-01 1.5950e-10 4.3555e-10
5748   2.6671e-01 1.3674e-10 4.3214e-10
5749   2.6671e-01 1.1695e-10 4.2279e-10
5750   2.6671e-01 1.0938e-10 4.0775e-10
5751   2.6671e-01 1.0037e-10 3.8731e-10
5752   2.6671e-01 1.0126e-10 3.6685e-10
5753   2.6671e-01 1.1585e-10 3.4332e-10
5754   2.6671e-01 1.2878e-10 3.1518e-10
5755   2.6671e-01 1.4922e-10 2.8286e-10
5756   2.6671e-01 1.7960e-10 2.4680e-10
5757   2.6671e-01 2.0751e-10 2.0754e-10
5758   2.6671e-01 2.3227e-10 1.6561e-10
5759   2.6671e-01 2.5386e-10 1.2358e-10
5760   2.6671e-01 2.7169e-10 8.1996e-11
5761   2.6671e-01 2.8585e-10 1.1310e-10
5762   2.6671e-01 2.9585e-10 1.5174e-10
5763   2.6671e-01 3.0187e-10 1.8809e-10
5764   2.6671e-01 3.0356e-10 2.2205e-10
5765   2.6671e-01 3.0121e-10 2.5333e-10
5766   2.6671e-01 2.9458e-10 2.8097e-10
5767   2.6671e-01 2.8408e-10 3.0460e-10
5768   2.6671e-01 2.6957e-10 3.2392e-10
5769   2.6671e-01 2.5158e-10 3.4923e-10
5770   2.6671e-01 2.3006e-10 3.7100e-10
5771   2.6671e-01 2.0564e-10 3.8756e-10
5772   2.6671e-01 1.8102e-10 3.9901e-10
5773   2.6671e-01 1.6333e-10 4.0558e-10
5774   2.6671e-01 1.4348e-10 4.0653e-10
5775   2.6671e-01 1.2176e-10 4.0188e-10
5776   2.6671e-01 1.0746e-10 3.9173e-10
5777   2.6671e-01 1.0002e-10 3.7635e-10
5778   2.6671e-01 9.1262e-11 3.5595e-10
5779   2.6671e-01 9.8360e-11 3.3733e-10
5780   2.6671e-01 1.1159e-10 3.1420e-10
5781   2.6671e-01 1.2323e-10 2.8686e-10
5782   2.6671e-01 1.4715e-10 2.5572e-10
5783   2.6671e-01 1.7492e-10 2.2122e-10
5784   2.6671e-01 2.0028e-10 1.8385e-10
5785   2.6671e-01 2.2262e-10 1.4414e-10
5786   2.6671e-01 2.4191e-10 1.0541e-10
5787   2.6671e-01 2.5764e-10 7.8594e-11
5788   2.6671e-01 2.6989e-10 1.1521e-10
5789   2.6671e-01 2.7822e-10 1.5079e-10
5790   2.6671e-01 2.8281e-10 1.8411e-10
5791   2.6671e-01 2.8335e-10 2.1531e-10
5792   2.6671e-01 2.8013e-10 2.4367e-10
5793   2.6671e-01 2.7293e-10 2.6854e-10
5794   2.6671e-01 2.6215e-10 2.8958e-10
5795   2.6671e-01 2.4767e-10 3.0819e-10
5796   2.6671e-01 2.3000e-10 3.3196e-10
5797   2.6671e-01 2.0912e-10 3.5105e-10
5798   2.6671e-01 1.8559e-10 3.6521e-10
5799   2.6671e-01 1.6489e-10 3.7479e-10
5800   2.6671e-01 1.4780e-10 3.7956e-10
5801   2.6671e-01 1.2876e-10 3.7908e-10
5802   2.6671e-01 1.0813e-10 3.7338e-10
5803   2.6671e-01 9.8621e-11 3.6258e-10
5804   2.6671e-01 9.1336e-11 3.4699e-10
5805   2.6671e-01 8.2844e-11 3.2831e-10
5806   2.6671e-01 9.5305e-11 3.0982e-10
5807   2.6671e-01 1.0728e-10 2.8716e-10
5808   2.6671e-01 1.1774e-10 2.6067e-10
5809   2.6671e-01 1.4456e-10 2.3072e-10
5810   2.6671e-01 1.6991e-10 1.9776e-10
5811   2.6671e-01 1.9291e-10 1.6224e-10
5812   2.6671e-01 2.1302e-10 1.2473e-10
5813   2.6671e-01 2.3022e-10 8.9019e-11
5814   2.6671e-01 2.4403e-10 8.1940e-11
5815   2.6671e-01 2.5454e-10 1.1644e-10
5816   2.6671e-01 2.6137e-10 1.4916e-10
5817   2.6671e-01 2.6470e-10 1.7966e-10
5818   2.6671e-01 2.6424e-10 2.0829e-10
5819   2.6671e-01 2.6027e-10 2.3396e-10
5820   2.6671e-01 2.5261e-10 2.5628e-10
5821   2.6671e-01 2.4164e-10 2.7496e-10
5822   2.6671e-01 2.2727e-10 2.9407e-10
5823   2.6671e-01 2.0997e-10 3.1515e-10
5824   2.6671e-01 1.8975e-10 3.3180e-10
5825   2.6671e-01 1.6714e-10 3.4379e-10
5826   2.6671e-01 1.4994e-10 3.5170e-10
5827   2.6671e-01 1.3347e-10 3.5487e-10
5828   2.6671e-01 1.1525e-10 3.5314e-10
5829   2.6671e-01 9.6286e-11 3.4657e-10
5830   2.6671e-01 9.0397e-11 3.3528e-10
5831   2.6671e-01 8.3283e-11 3.1957e-10
5832   2.6671e-01 7.9970e-11 3.0251e-10
5833   2.6671e-01 9.2137e-11 2.8420e-10
5834   2.6671e-01 1.0296e-10 2.6208e-10
5835   2.6671e-01 1.1625e-10 2.3646e-10
5836   2.6671e-01 1.4154e-10 2.0772e-10
5837   2.6671e-01 1.6463e-10 1.7626e-10
5838   2.6671e-01 1.8546e-10 1.4254e-10
5839   2.6671e-01 2.0352e-10 1.0792e-10
5840   2.6671e-01 2.1879e-10 7.4263e-11
5841   2.6671e-01 2.3087e-10 8.5062e-11
5842   2.6671e-01 2.3982e-10 1.1689e-10
5843   2.6671e-01 2.4530e-10 1.4695e-10
5844   2.6671e-01 2.4750e-10 1.7498e-10
5845   2.6671e-01 2.4617e-10 2.0107e-10
5846   2.6671e-01 2.4157e-10 2.2426e-10
5847   2.6671e-01 2.3355e-10 2.4424e-10
5848   2.6671e-01 2.2247e-10 2.6077e-10
5849   2.6671e-01 2.0828e-10 2.8020e-10
5850   2.6671e-01 1.9140e-10 2.9883e-10
5851   2.6671e-01 1.7186e-10 3.1326e-10
5852   2.6671e-01 1.5017e-10 3.2338e-10
5853   2.6671e-01 1.3613e-10 3.2971e-10
5854   2.6671e-01 1.2028e-10 3.3148e-10
5855   2.6671e-01 1.0286e-10 3.2867e-10
5856   2.6671e-01 8.8557e-11 3.2136e-10
5857   2.6671e-01 8.2750e-11 3.0972e-10
5858   2.6671e-01 7.5823e-11 2.9397e-10
5859   2.6671e-01 7.7832e-11 2.7843e-10
5860   2.6671e-01 8.8884e-11 2.6038e-10
5861   2.6671e-01 9.8645e-11 2.3883e-10
5862   2.6671e-01 1.1501e-10 2.1411e-10
5863   2.6671e-01 1.3815e-10 1.8657e-10
5864   2.6671e-01 1.5916e-10 1.5660e-10
5865   2.6671e-01 1.7798e-10 1.2463e-10
5866   2.6671e-01 1.9415e-10 9.2695e-11
5867   2.6671e-01 2.0768e-10 6.1013e-11
5868   2.6671e-01 2.1816e-10 8.7333e-11
5869   2.6671e-01 2.2570e-10 1.1667e-10
5870   2.6671e-01 2.2999e-10 1.4424e-10
5871   2.6671e-01 2.3120e-10 1.7003e-10
5872   2.6671e-01 2.2911e-10 1.9371e-10
5873   2.6671e-01 2.2399e-10 2.1462e-10
5874   2.6671e-01 2.1570e-10 2.3246e-10
5875   2.6671e-01 2.0459e-10 2.4701e-10
5876   2.6671e-01 1.9062e-10 2.6663e-10
5877   2.6671e-01 1.7420e-10 2.8303e-10
5878   2.6671e-01 1.5536e-10 2.9544e-10
5879   2.6671e-01 1.3694e-10 3.0400e-10
5880   2.6671e-01 1.2336e-10 3.0880e-10
5881   2.6671e-01 1.0814e-10 3.0933e-10
5882   2.6671e-01 9.1521e-11 3.0560e-10
5883   2.6671e-01 8.1354e-11 2.9769e-10
5884   2.6671e-01 7.5649e-11 2.8581e-10
5885   2.6671e-01 6.8921e-11 2.7026e-10
5886   2.6671e-01 7.5556e-11 2.5598e-10
5887   2.6671e-01 8.5576e-11 2.3824e-10
5888   2.6671e-01 9.4358e-11 2.1731e-10
5889   2.6671e-01 1.1331e-10 1.9350e-10
5890   2.6671e-01 1.3446e-10 1.6715e-10
5891   2.6671e-01 1.5354e-10 1.3864e-10
5892   2.6671e-01 1.7052e-10 1.0836e-10
5893   2.6671e-01 1.8496e-10 7.8938e-11
5894   2.6671e-01 1.9688e-10 6.0939e-11
5895   2.6671e-01 2.0593e-10 8.8846e-11
5896   2.6671e-01 2.1220e-10 1.1585e-10
5897   2.6671e-01 2.1542e-10 1.4112e-10
5898   2.6671e-01 2.1576e-10 1.6480e-10
5899   2.6671e-01 2.1303e-10 1.8627e-10
5900   2.6671e-01 2.0747e-10 2.0507e-10
5901   2.6671e-01 1.9900e-10 2.2095e-10
5902   2.6671e-01 1.8792e-10 2.3545e-10
5903   2.6671e-01 1.7422e-10 2.5339e-10
5904   2.6671e-01 1.5828e-10 2.6775e-10
5905   2.6671e-01 1.4015e-10 2.7835e-10
5906   2.6671e-01 1.2469e-10 2.8550e-10
5907   2.6671e-01 1.1158e-10 2.8894e-10
5908   2.6671e-01 9.6994e-11 2.8839e-10
5909   2.6671e-01 8.1245e-11 2.8388e-10
5910   2.6671e-01 7.4644e-11 2.7548e-10
5911   2.6671e-01 6.9058e-11 2.6346e-10
5912   2.6671e-01 6.3051e-11 2.4925e-10
5913   2.6671e-01 7.3168e-11 2.3505e-10
5914   2.6671e-01 8.2237e-11 2.1768e-10
5915   2.6671e-01 9.0399e-11 1.9741e-10
5916   2.6671e-01 1.1123e-10 1.7452e-10
5917   2.6671e-01 1.3052e-10 1.4935e-10
5918   2.6671e-01 1.4783e-10 1.2225e-10
5919   2.6671e-01 1.6310e-10 9.3748e-11
5920   2.6671e-01 1.7596e-10 6.6532e-11
5921   2.6671e-01 1.8642e-10 6.3498e-11
5922   2.6671e-01 1.9417e-10 8.9694e-11
5923   2.6671e-01 1.9931e-10 1.1452e-10
5924   2.6671e-01 2.0158e-10 1.3765e-10
5925   2.6671e-01 2.0116e-10 1.5938e-10
5926   2.6671e-01 1.9788e-10 1.7880e-10
5927   2.6671e-01 1.9198e-10 1.9567e-10
5928   2.6671e-01 1.8338e-10 2.0976e-10
5929   2.6671e-01 1.7239e-10 2.2461e-10
5930   2.6671e-01 1.5899e-10 2.4051e-10
5931   2.6671e-01 1.4357e-10 2.5302e-10
5932   2.6671e-01 1.2615e-10 2.6198e-10
5933   2.6671e-01 1.1334e-10 2.6786e-10
5934   2.6671e-01 1.0071e-10 2.7010e-10
5935   2.6671e-01 8.6758e-11 2.6861e-10
5936   2.6671e-01 7.2943e-11 2.6344e-10
5937   2.6671e-01 6.8401e-11 2.5469e-10
5938   2.6671e-01 6.2949e-11 2.4258e-10
5939   2.6671e-01 6.1497e-11 2.2962e-10
5940   2.6671e-01 7.0699e-11 2.1557e-10
5941   2.6671e-01 7.8890e-11 1.9861e-10
5942   2.6671e-01 8.9744e-11 1.7901e-10
5943   2.6671e-01 1.0883e-10 1.5705e-10
5944   2.6671e-01 1.2640e-10 1.3304e-10
5945   2.6671e-01 1.4206e-10 1.0732e-10
5946   2.6671e-01 1.5577e-10 8.1012e-11
5947   2.6671e-01 1.6718e-10 5.5369e-11
5948   2.6671e-01 1.7632e-10 6.5792e-11
5949   2.6671e-01 1.8289e-10 8.9955e-11
5950   2.6671e-01 1.8701e-10 1.1276e-10
5951   2.6671e-01 1.8844e-10 1.3404e-10
5952   2.6671e-01 1.8736e-10 1.5380e-10
5953   2.6671e-01 1.8362e-10 1.7134e-10
5954   2.6671e-01 1.7745e-10 1.8644e-10
5955   2.6671e-01 1.6879e-10 1.9889e-10
5956   2.6671e-01 1.5794e-10 2.1397e-10
5957   2.6671e-01 1.4488e-10 2.2800e-10
5958   2.6671e-01 1.2998e-10 2.3883e-10
5959   2.6671e-01 1.1364e-10 2.4641e-10
5960   2.6671e-01 1.0286e-10 2.5107e-10
5961   2.6671e-01 9.0712e-11 2.5225e-10
5962   2.6671e-01 7.7378e-11 2.4996e-10
5963   2.6671e-01 6.7072e-11 2.4423e-10
5964   2.6671e-01 6.2597e-11 2.3523e-10
5965   2.6671e-01 5.7292e-11 2.2310e-10
5966   2.6671e-01 5.9815e-11 2.1130e-10
5967   2.6671e-01 6.8170e-11 1.9745e-10
5968   2.6671e-01 7.5553e-11 1.8094e-10
5969   2.6671e-01 8.8696e-11 1.6204e-10
5970   2.6671e-01 1.0615e-10 1.4100e-10
5971   2.6671e-01 1.2213e-10 1.1813e-10
5972   2.6671e-01 1.3628e-10 9.3743e-11
5973   2.6671e-01 1.4855e-10 6.9485e-11
5974   2.6671e-01 1.5864e-10 4.5350e-11
5975   2.6671e-01 1.6657e-10 6.7442e-11
5976   2.6671e-01 1.7209e-10 8.9706e-11
5977   2.6671e-01 1.7529e-10 1.1062e-10
5978   2.6671e-01 1.7599e-10 1.3019e-10
5979   2.6671e-01 1.7434e-10 1.4813e-10
5980   2.6671e-01 1.7022e-10 1.6393e-10
5981   2.6671e-01 1.6385e-10 1.7740e-10
5982   2.6671e-01 1.5518e-10 1.8836e-10
5983   2.6671e-01 1.4450e-10 2.0356e-10
5984   2.6671e-01 1.3181e-10 2.1590e-10
5985   2.6671e-01 1.1745e-10 2.2521e-10
5986   2.6671e-01 1.0360e-10 2.3160e-10
5987   2.6671e-01 9.3169e-11 2.3510e-10
5988   2.6671e-01 8.1512e-11 2.3536e-10
5989   2.6671e-01 6.8792e-11 2.3237e-10
5990   2.6671e-01 6.1600e-11 2.2620e-10
5991   2.6671e-01 5.7208e-11 2.1702e-10
5992   2.6671e-01 5.2058e-11 2.0520e-10
5993   2.6671e-01 5.8031e-11 1.9421e-10
5994   2.6671e-01 6.5604e-11 1.8061e-10
5995   2.6671e-01 7.2242e-11 1.6459e-10
5996   2.6671e-01 8.7308e-11 1.4639e-10
5997   2.6671e-01 1.0325e-10 1.2626e-10
5998   2.6671e-01 1.1776e-10 1.0450e-10
5999   2.6671e-01 1.3051e-10 8.1416e-11
6000   2.6671e-01 1.4147e-10 5.9072e-11
6001   2.6671e-01 1.5035e-10 4.7251e-11
6002   2.6671e-01 1.5719e-10 6.8520e-11
6003   2.6671e-01 1.6176e-10 8.9012e-11
6004   2.6671e-01 1.6415e-10 1.0817e-10
6005   2.6671e-01 1.6420e-10 1.2615e-10
6006   2.6671e-01 1.6206e-10 1.4240e-10
6007   2.6671e-01 1.5763e-10 1.5661e-10
6008   2.6671e-01 1.5112e-10 1.6859e-10
6009   2.6671e-01 1.4250e-10 1.7988e-10
6010   2.6671e-01 1.3203e-10 1.9341e-10
6011   2.6671e-01 1.1972e-10 2.0420e-10
6012   2.6671e-01 1.0590e-10 2.1214e-10
6013   2.6671e-01 9.4293e-11 2.1746e-10
6014   2.6671e-01 8.4231e-11 2.1994e-10
6015   2.6671e-01 7.3063e-11 2.1938e-10
6016   2.6671e-01 6.1045e-11 2.1581e-10
6017   2.6671e-01 5.6505e-11 2.0928e-10
6018   2.6671e-01 5.2208e-11 2.0001e-10
6019   2.6671e-01 4.8498e-11 1.8921e-10
6020   2.6671e-01 5.6167e-11 1.7830e-10
6021   2.6671e-01 6.3017e-11 1.6498e-10
6022   2.6671e-01 6.9769e-11 1.4947e-10
6023   2.6671e-01 8.5635e-11 1.3197e-10
6024   2.6671e-01 1.0018e-10 1.1275e-10
6025   2.6671e-01 1.1333e-10 9.2080e-11
6026   2.6671e-01 1.2479e-10 7.0427e-11
6027   2.6671e-01 1.3454e-10 4.9686e-11
6028   2.6671e-01 1.4233e-10 4.9208e-11
6029   2.6671e-01 1.4818e-10 6.9097e-11
6030   2.6671e-01 1.5189e-10 8.7934e-11
6031   2.6671e-01 1.5357e-10 1.0549e-10
6032   2.6671e-01 1.5305e-10 1.2195e-10
6033   2.6671e-01 1.5050e-10 1.3665e-10
6034   2.6671e-01 1.4582e-10 1.4939e-10
6035   2.6671e-01 1.3923e-10 1.6001e-10
6036   2.6671e-01 1.3068e-10 1.7155e-10
6037   2.6671e-01 1.2045e-10 1.8354e-10
6038   2.6671e-01 1.0855e-10 1.9293e-10
6039   2.6671e-01 9.5275e-11 1.9962e-10
6040   2.6671e-01 8.5681e-11 2.0399e-10
6041   2.6671e-01 7.5993e-11 2.0556e-10
6042   2.6671e-01 6.5310e-11 2.0430e-10
6043   2.6671e-01 5.5255e-11 2.0023e-10
6044   2.6671e-01 5.1765e-11 1.9345e-10
6045   2.6671e-01 4.7575e-11 1.8412e-10
6046   2.6671e-01 4.7271e-11 1.7427e-10
6047   2.6671e-01 5.4243e-11 1.6348e-10
6048   2.6671e-01 6.0428e-11 1.5049e-10
6049   2.6671e-01 6.9191e-11 1.3549e-10
6050   2.6671e-01 8.3720e-11 1.1871e-10
6051   2.6671e-01 9.6961e-11 1.0038e-10
6052   2.6671e-01 1.0886e-10 8.0766e-11
6053   2.6671e-01 1.1914e-10 6.0781e-11
6054   2.6671e-01 1.2779e-10 4.1243e-11
6055   2.6671e-01 1.3458e-10 5.0889e-11
6056   2.6671e-01 1.3954e-10 6.9232e-11
6057   2.6671e-01 1.4249e-10 8.6528e-11
6058   2.6671e-01 1.4353e-10 1.0269e-10
6059   2.6671e-01 1.4252e-10 1.1765e-10
6060   2.6671e-01 1.3962e-10 1.3091e-10
6061   2.6671e-01 1.3476e-10 1.4231e-10
6062   2.6671e-01 1.2812e-10 1.5169e-10
6063   2.6671e-01 1.1969e-10 1.6339e-10
6064   2.6671e-01 1.0972e-10 1.7396e-10
6065   2.6671e-01 9.8233e-11 1.8208e-10
6066   2.6671e-01 8.6003e-11 1.8774e-10
6067   2.6671e-01 7.7721e-11 1.9117e-10
6068   2.6671e-01 6.8411e-11 1.9194e-10
6069   2.6671e-01 5.8207e-11 1.9007e-10
6070   2.6671e-01 5.0795e-11 1.8560e-10
6071   2.6671e-01 4.7360e-11 1.7864e-10
6072   2.6671e-01 4.3285e-11 1.6929e-10
6073   2.6671e-01 4.5950e-11 1.6033e-10
6074   2.6671e-01 5.2278e-11 1.4970e-10
6075   2.6671e-01 5.7849e-11 1.3706e-10
6076   2.6671e-01 6.8320e-11 1.2260e-10
6077   2.6671e-01 8.1605e-11 1.0653e-10
6078   2.6671e-01 9.3643e-11 8.9072e-11
6079   2.6671e-01 1.0439e-10 7.0479e-11
6080   2.6671e-01 1.1358e-10 5.2055e-11
6081   2.6671e-01 1.2123e-10 3.4895e-11
6082   2.6671e-01 1.2711e-10 5.2084e-11
6083   2.6671e-01 1.3126e-10 6.8981e-11
6084   2.6671e-01 1.3353e-10 8.4843e-11
6085   2.6671e-01 1.3401e-10 9.9698e-11
6086   2.6671e-01 1.3259e-10 1.1327e-10
6087   2.6671e-01 1.2940e-10 1.2522e-10
6088   2.6671e-01 1.2440e-10 1.3538e-10
6089   2.6671e-01 1.1776e-10 1.4392e-10
6090   2.6671e-01 1.0948e-10 1.5540e-10
6091   2.6671e-01 9.9789e-11 1.6469e-10
6092   2.6671e-01 8.8721e-11 1.7166e-10
6093   2.6671e-01 7.8373e-11 1.7643e-10
6094   2.6671e-01 7.0370e-11 1.7898e-10
6095   2.6671e-01 6.1438e-11 1.7906e-10
6096   2.6671e-01 5.1714e-11 1.7667e-10
6097   2.6671e-01 4.6640e-11 1.7186e-10
6098   2.6671e-01 4.3270e-11 1.6478e-10
6099   2.6671e-01 3.9316e-11 1.5579e-10
6100   2.6671e-01 4.4554e-11 1.4734e-10
6101   2.6671e-01 5.0287e-11 1.3690e-10
6102   2.6671e-01 5.5294e-11 1.2464e-10
6103   2.6671e-01 6.7196e-11 1.1072e-10
6104   2.6671e-01 7.9327e-11 9.5349e-11
6105   2.6671e-01 9.0252e-11 7.8744e-11
6106   2.6671e-01 9.9932e-11 6.1142e-11
6107   2.6671e-01 1.0813e-10 4.4176e-11
6108   2.6671e-01 1.1486e-10 3.6638e-11
6109   2.6671e-01 1.1992e-10 5.2848e-11
6110   2.6671e-01 1.2335e-10 6.8396e-11
6111   2.6671e-01 1.2502e-10 8.2924e-11
6112   2.6671e-01 1.2501e-10 9.6563e-11
6113   2.6671e-01 1.2322e-10 1.0886e-10
6114   2.6671e-01 1.1981e-10 1.1960e-10
6115   2.6671e-01 1.1471e-10 1.2863e-10
6116   2.6671e-01 1.0810e-10 1.3742e-10
6117   2.6671e-01 9.9994e-11 1.4762e-10
6118   2.6671e-01 9.0602e-11 1.5574e-10
6119   2.6671e-01 7.9960e-11 1.6167e-10
6120   2.6671e-01 7.1307e-11 1.6563e-10
6121   2.6671e-01 6.3589e-11 1.6741e-10
6122   2.6671e-01 5.5036e-11 1.6687e-10
6123   2.6671e-01 4.5866e-11 1.6405e-10
6124   2.6671e-01 4.2771e-11 1.5898e-10
6125   2.6671e-01 3.9476e-11 1.5182e-10
6126   2.6671e-01 3.7299e-11 1.4362e-10
6127   2.6671e-01 4.3101e-11 1.3523e-10
6128   2.6671e-01 4.8285e-11 1.2502e-10
6129   2.6671e-01 5.3879e-11 1.1315e-10
6130   2.6671e-01 6.5859e-11 9.9776e-11
6131   2.6671e-01 7.6919e-11 8.5101e-11
6132   2.6671e-01 8.6817e-11 6.9328e-11
6133   2.6671e-01 9.5517e-11 5.2880e-11
6134   2.6671e-01 1.0281e-10 3.7075e-11
6135   2.6671e-01 1.0870e-10 3.8133e-11
6136   2.6671e-01 1.1302e-10 5.3233e-11
6137   2.6671e-01 1.1580e-10 6.7523e-11
6138   2.6671e-01 1.1693e-10 8.0854e-11
6139   2.6671e-01 1.1649e-10 9.3319e-11
6140   2.6671e-01 1.1441e-10 1.0444e-10
6141   2.6671e-01 1.1081e-10 1.1406e-10
6142   2.6671e-01 1.0565e-10 1.2206e-10
6143   2.6671e-01 9.9112e-11 1.3103e-10
6144   2.6671e-01 9.1196e-11 1.4005e-10
6145   2.6671e-01 8.2113e-11 1.4711e-10
6146   2.6671e-01 7.1899e-11 1.5210e-10
6147   2.6671e-01 6.4769e-11 1.5534e-10
6148   2.6671e-01 5.7342e-11 1.5644e-10
6149   2.6671e-01 4.9163e-11 1.5537e-10
6150   2.6671e-01 4.1863e-11 1.5218e-10
6151   2.6671e-01 3.9172e-11 1.4692e-10
6152   2.6671e-01 3.5961e-11 1.3973e-10
6153   2.6671e-01 3.6331e-11 1.3225e-10
6154   2.6671e-01 4.1604e-11 1.2396e-10
6155   2.6671e-01 4.6282e-11 1.1401e-10
6156   2.6671e-01 5.3376e-11 1.0254e-10
6157   2.6671e-01 6.4342e-11 8.9712e-11
6158   2.6671e-01 7.4411e-11 7.5719e-11
6159   2.6671e-01 8.3360e-11 6.0755e-11
6160   2.6671e-01 9.1161e-11 4.5578e-11
6161   2.6671e-01 9.7623e-11 3.0692e-11
6162   2.6671e-01 1.0275e-10 3.9363e-11
6163   2.6671e-01 1.0640e-10 5.3285e-11
6164   2.6671e-01 1.0861e-10 6.6403e-11
6165   2.6671e-01 1.0926e-10 7.8669e-11
6166   2.6671e-01 1.0846e-10 8.9995e-11
6167   2.6671e-01 1.0612e-10 1.0003e-10
6168   2.6671e-01 1.0237e-10 1.0863e-10
6169   2.6671e-01 9.7195e-11 1.1569e-10
6170   2.6671e-01 9.0749e-11 1.2476e-10
6171   2.6671e-01 8.3044e-11 1.3272e-10
6172   2.6671e-01 7.4279e-11 1.3881e-10
6173   2.6671e-01 6.5086e-11 1.4304e-10
6174   2.6671e-01 5.8727e-11 1.4555e-10
6175   2.6671e-01 5.1592e-11 1.4604e-10
6176   2.6671e-01 4.3784e-11 1.4453e-10
6177   2.6671e-01 3.8475e-11 1.4103e-10
6178   2.6671e-01 3.5828e-11 1.3564e-10
6179   2.6671e-01 3.2707e-11 1.2845e-10
6180   2.6671e-01 3.5295e-11 1.2165e-10
6181   2.6671e-01 4.0079e-11 1.1349e-10
6182   2.6671e-01 4.4291e-11 1.0381e-10
6183   2.6671e-01 5.2654e-11 9.2746e-11
6184   2.6671e-01 6.2677e-11 8.0467e-11
6185   2.6671e-01 7.1829e-11 6.7143e-11
6186   2.6671e-01 7.9904e-11 5.2963e-11
6187   2.6671e-01 8.6879e-11 3.8974e-11
6188   2.6671e-01 9.2583e-11 2.7122e-11
6189   2.6671e-01 9.7023e-11 4.0224e-11
6190   2.6671e-01 1.0007e-10 5.3047e-11
6191   2.6671e-01 1.0176e-10 6.5075e-11
6192   2.6671e-01 1.0200e-10 7.6348e-11
6193   2.6671e-01 1.0087e-10 8.6622e-11
6194   2.6671e-01 9.8325e-11 9.5651e-11
6195   2.6671e-01 9.4478e-11 1.0332e-10
6196   2.6671e-01 8.9310e-11 1.0997e-10
6197   2.6671e-01 8.2979e-11 1.1863e-10
6198   2.6671e-01 7.5499e-11 1.2562e-10
6199   2.6671e-01 6.7057e-11 1.3084e-10
6200   2.6671e-01 5.9290e-11 1.3439e-10
6201   2.6671e-01 5.3149e-11 1.3625e-10
6202   2.6671e-01 4.6307e-11 1.3621e-10
6203   2.6671e-01 3.8886e-11 1.3431e-10
6204   2.6671e-01 3.5318e-11 1.3056e-10
6205   2.6671e-01 3.2724e-11 1.2509e-10
6206   2.6671e-01 2.9697e-11 1.1826e-10
6207   2.6671e-01 3.4203e-11 1.1176e-10
6208   2.6671e-01 3.8536e-11 1.0376e-10
6209   2.6671e-01 4.2319e-11 9.4365e-11
6210   2.6671e-01 5.1743e-11 8.3724e-11
6211   2.6671e-01 6.0893e-11 7.1984e-11
6212   2.6671e-01 6.9196e-11 5.9315e-11
6213   2.6671e-01 7.6466e-11 4.5893e-11
6214   2.6671e-01 8.2685e-11 3.3012e-11
6215   2.6671e-01 8.7697e-11 2.8408e-11
6216   2.6671e-01 9.1514e-11 4.0761e-11
6217   2.6671e-01 9.4014e-11 5.2558e-11
6218   2.6671e-01 9.5245e-11 6.3571e-11
6219   2.6671e-01 9.5122e-11 7.3919e-11
6220   2.6671e-01 9.3727e-11 8.3221e-11
6221   2.6671e-01 9.1012e-11 9.1332e-11
6222   2.6671e-01 8.7096e-11 9.8144e-11
6223   2.6671e-01 8.1964e-11 1.0498e-10
6224   2.6671e-01 7.5766e-11 1.1267e-10
6225   2.6671e-01 6.8521e-11 1.1876e-10
6226   2.6671e-01 6.0406e-11 1.2320e-10
6227   2.6671e-01 5.3924e-11 1.2614e-10
6228   2.6671e-01 4.8005e-11 1.2741e-10
6229   2.6671e-01 4.1456e-11 1.2692e-10
6230   2.6671e-01 3.4475e-11 1.2469e-10
6231   2.6671e-01 3.2379e-11 1.2075e-10
6232   2.6671e-01 2.9846e-11 1.1523e-10
6233   2.6671e-01 2.8674e-11 1.0900e-10
6234   2.6671e-01 3.3071e-11 1.0255e-10
6235   2.6671e-01 3.6986e-11 9.4727e-11
6236   2.6671e-01 4.1556e-11 8.5638e-11
6237   2.6671e-01 5.0674e-11 7.5418e-11
6238   2.6671e-01 5.9013e-11 6.4211e-11
6239   2.6671e-01 6.6533e-11 5.2179e-11
6240   2.6671e-01 7.3063e-11 3.9686e-11
6241   2.6671e-01 7.8591e-11 2.7643e-11
6242   2.6671e-01 8.2972e-11 2.9550e-11
6243   2.6671e-01 8.6225e-11 4.1013e-11
6244   2.6671e-01 8.8240e-11 5.1852e-11
6245   2.6671e-01 8.9065e-11 6.1972e-11
6246   2.6671e-01 8.8624e-11 7.1410e-11
6247   2.6671e-01 8.7002e-11 7.9817e-11
6248   2.6671e-01 8.4155e-11 8.7083e-11
6249   2.6671e-01 8.0199e-11 9.3113e-11
6250   2.6671e-01 7.5125e-11 1.0007e-10
6251   2.6671e-01 6.9078e-11 1.0687e-10
6252   2.6671e-01 6.2075e-11 1.1216e-10
6253   2.6671e-01 5.4289e-11 1.1589e-10
6254   2.6671e-01 4.8961e-11 1.1829e-10
6255   2.6671e-01 4.3268e-11 1.1904e-10
6256   2.6671e-01 3.7007e-11 1.1815e-10
6257   2.6671e-01 3.1714e-11 1.1565e-10
6258   2.6671e-01 2.9647e-11 1.1158e-10
6259   2.6671e-01 2.7179e-11 1.0603e-10
6260   2.6671e-01 2.7913e-11 1.0035e-10
6261   2.6671e-01 3.1907e-11 9.3984e-11
6262   2.6671e-01 3.5439e-11 8.6357e-11
6263   2.6671e-01 4.1128e-11 7.7580e-11
6264   2.6671e-01 4.9472e-11 6.7780e-11
6265   2.6671e-01 5.7060e-11 5.7098e-11
6266   2.6671e-01 6.3858e-11 4.5684e-11
6267   2.6671e-01 6.9709e-11 3.4159e-11
6268   2.6671e-01 7.4603e-11 2.2817e-11
6269   2.6671e-01 7.8413e-11 3.0446e-11
6270   2.6671e-01 8.1157e-11 4.1013e-11
6271   2.6671e-01 8.2738e-11 5.0961e-11
6272   2.6671e-01 8.3204e-11 6.0271e-11
6273   2.6671e-01 8.2491e-11 6.8844e-11
6274   2.6671e-01 8.0678e-11 7.6426e-11
6275   2.6671e-01 7.7731e-11 8.2918e-11
6276   2.6671e-01 7.3762e-11 8.8235e-11
6277   2.6671e-01 6.8766e-11 9.5259e-11
6278   2.6671e-01 6.2881e-11 1.0125e-10
6279   2.6671e-01 5.6128e-11 1.0581e-10
6280   2.6671e-01 4.9256e-11 1.0897e-10
6281   2.6671e-01 4.4375e-11 1.1081e-10
6282   2.6671e-01 3.8908e-11 1.1111e-10
6283   2.6671e-01 3.2934e-11 1.0989e-10
6284   2.6671e-01 2.9140e-11 1.0715e-10
6285   2.6671e-01 2.7108e-11 1.0299e-10
6286   2.6671e-01 2.4711e-11 9.7447e-11
6287   2.6671e-01 2.7101e-11 9.2284e-11
6288   2.6671e-01 3.0723e-11 8.6020e-11
6289   2.6671e-01 3.3901e-11 7.8606e-11
6290   2.6671e-01 4.0535e-11 7.0147e-11
6291   2.6671e-01 4.8162e-11 6.0766e-11
6292   2.6671e-01 5.5055e-11 5.0596e-11
6293   2.6671e-01 6.1186e-11 3.9783e-11
6294   2.6671e-01 6.6414e-11 2.9162e-11
6295   2.6671e-01 7.0731e-11 2.1079e-11
6296   2.6671e-01 7.4022e-11 3.1065e-11
6297   2.6671e-01 7.6309e-11 4.0795e-11
6298   2.6671e-01 7.7503e-11 4.9914e-11
6299   2.6671e-01 7.7655e-11 5.8468e-11
6300   2.6671e-01 7.6706e-11 6.6242e-11
6301   2.6671e-01 7.4737e-11 7.3065e-11
6302   2.6671e-01 7.1719e-11 7.8848e-11
6303   2.6671e-01 6.7760e-11 8.4031e-11
6304   2.6671e-01 6.2859e-11 9.0562e-11
6305   2.6671e-01 5.7147e-11 9.5813e-11
6306   2.6671e-01 5.0647e-11 9.9718e-11
6307   2.6671e-01 4.4854e-11 1.0237e-10
6308   2.6671e-01 4.0142e-11 1.0371e-10
6309   2.6671e-01 3.4902e-11 1.0362e-10
6310   2.6671e-01 2.9239e-11 1.0210e-10
6311   2.6671e-01 2.6742e-11 9.9182e-11
6312   2.6671e-01 2.4753e-11 9.4955e-11
6313   2.6671e-01 2.2593e-11 8.9763e-11
6314   2.6671e-01 2.6249e-11 8.4764e-11
6315   2.6671e-01 2.9528e-11 7.8624e-11
6316   2.6671e-01 3.2381e-11 7.1434e-11
6317   2.6671e-01 3.9804e-11 6.3297e-11
6318   2.6671e-01 4.6762e-11 5.4332e-11
6319   2.6671e-01 5.3014e-11 4.4663e-11
6320   2.6671e-01 5.8532e-11 3.4430e-11
6321   2.6671e-01 6.3189e-11 2.4653e-11
6322   2.6671e-01 6.6980e-11 2.2026e-11
6323   2.6671e-01 6.9802e-11 3.1439e-11
6324   2.6671e-01 7.1677e-11 4.0389e-11
6325   2.6671e-01 7.2528e-11 4.8736e-11
6326   2.6671e-01 7.2405e-11 5.6586e-11
6327   2.6671e-01 7.1257e-11 6.3623e-11
6328   2.6671e-01 6.9163e-11 6.9748e-11
6329   2.6671e-01 6.6099e-11 7.4882e-11
6330   2.6671e-01 6.2169e-11 8.0195e-11
6331   2.6671e-01 5.7376e-11 8.5987e-11
6332   2.6671e-01 5.1845e-11 9.0568e-11
6333   2.6671e-01 4.5601e-11 9.3878e-11
6334   2.6671e-01 4.0779e-11 9.6066e-11
6335   2.6671e-01 3.6240e-11 9.6968e-11
6336   2.6671e-01 3.1226e-11 9.6531e-11
6337   2.6671e-01 2.6127e-11 9.4768e-11
6338   2.6671e-01 2.4511e-11 9.1712e-11
6339   2.6671e-01 2.2568e-11 8.7452e-11
6340   2.6671e-01 2.2041e-11 8.2716e-11
6341   2.6671e-01 2.5366e-11 7.7762e-11
6342   2.6671e-01 2.8329e-11 7.1762e-11
6343   2.6671e-01 3.2068e-11 6.4807e-11
6344   2.6671e-01 3.8953e-11 5.6994e-11
6345   2.6671e-01 4.5294e-11 4.8437e-11
6346   2.6671e-01 5.0953e-11 3.9257e-11
6347   2.6671e-01 5.5908e-11 2.9770e-11
6348   2.6671e-01 6.0042e-11 2.0593e-11
6349   2.6671e-01 6.3355e-11 2.2898e-11
6350   2.6671e-01 6.5753e-11 3.1598e-11
6351   2.6671e-01 6.7259e-11 3.9819e-11
6352   2.6671e-01 6.7807e-11 4.7500e-11
6353   2.6671e-01 6.7444e-11 5.4646e-11
6354   2.6671e-01 6.6129e-11 6.1002e-11
6355   2.6671e-01 6.3937e-11 6.6487e-11
6356   2.6671e-01 6.0849e-11 7.1029e-11
6357   2.6671e-01 5.6966e-11 7.6425e-11
6358   2.6671e-01 5.2293e-11 8.1544e-11
6359   2.6671e-01 4.6950e-11 8.5515e-11
6360   2.6671e-01 4.0961e-11 8.8303e-11
6361   2.6671e-01 3.7010e-11 9.0066e-11
6362   2.6671e-01 3.2647e-11 9.0580e-11
6363   2.6671e-01 2.7856e-11 8.9845e-11
6364   2.6671e-01 2.4029e-11 8.7878e-11
6365   2.6671e-01 2.2436e-11 8.4724e-11
6366   2.6671e-01 2.0545e-11 8.0450e-11
6367   2.6671e-01 2.1442e-11 7.6138e-11
6368   2.6671e-01 2.4462e-11 7.1248e-11
6369   2.6671e-01 2.7134e-11 6.5403e-11
6370   2.6671e-01 3.1706e-11 5.8687e-11
6371   2.6671e-01 3.8005e-11 5.1199e-11
6372   2.6671e-01 4.3773e-11 4.3044e-11
6373   2.6671e-01 4.8885e-11 3.4338e-11
6374   2.6671e-01 5.3323e-11 2.5587e-11
6375   2.6671e-01 5.6980e-11 1.6947e-11
6376   2.6671e-01 5.9858e-11 2.3549e-11
6377   2.6671e-01 6.1873e-11 3.1568e-11
6378   2.6671e-01 6.3051e-11 3.9111e-11
6379   2.6671e-01 6.3331e-11 4.6176e-11
6380   2.6671e-01 6.2763e-11 5.2664e-11
6381   2.6671e-01 6.1308e-11 5.8395e-11
6382   2.6671e-01 5.9042e-11 6.3293e-11
6383   2.6671e-01 5.5950e-11 6.7294e-11
6384   2.6671e-01 5.2129e-11 7.2733e-11
6385   2.6671e-01 4.7585e-11 7.7239e-11
6386   2.6671e-01 4.2434e-11 8.0659e-11
6387   2.6671e-01 3.7276e-11 8.3017e-11
6388   2.6671e-01 3.3530e-11 8.4359e-11
6389   2.6671e-01 2.9342e-11 8.4532e-11
6390   2.6671e-01 2.4771e-11 8.3542e-11
6391   2.6671e-01 2.2073e-11 8.1407e-11
6392   2.6671e-01 2.0509e-11 7.8185e-11
6393   2.6671e-01 1.8672e-11 7.3921e-11
6394   2.6671e-01 2.0807e-11 7.0001e-11
6395   2.6671e-01 2.3544e-11 6.5194e-11
6396   2.6671e-01 2.5947e-11 5.9514e-11
6397   2.6671e-01 3.1222e-11 5.3045e-11
6398   2.6671e-01 3.6976e-11 4.5877e-11
6399   2.6671e-01 4.2215e-11 3.8116e-11
6400   2.6671e-01 4.6823e-11 2.9869e-11
6401   2.6671e-01 5.0786e-11 2.1807e-11
6402   2.6671e-01 5.4008e-11 1.6380e-11
6403   2.6671e-01 5.6492e-11 2.3991e-11
6404   2.6671e-01 5.8164e-11 3.1374e-11
6405   2.6671e-01 5.9049e-11 3.8286e-11
6406   2.6671e-01 5.9094e-11 4.4776e-11
6407   2.6671e-01 5.8348e-11 5.0658e-11
6408   2.6671e-01 5.6781e-11 5.5812e-11
6409   2.6671e-01 5.4462e-11 6.0173e-11
6410   2.6671e-01 5.1384e-11 6.4207e-11
6411   2.6671e-01 4.7636e-11 6.9130e-11
6412   2.6671e-01 4.3229e-11 7.3077e-11
6413   2.6671e-01 3.8272e-11 7.5998e-11
6414   2.6671e-01 3.3932e-11 7.7970e-11
6415   2.6671e-01 3.0318e-11 7.8937e-11
6416   2.6671e-01 2.6305e-11 7.8813e-11
6417   2.6671e-01 2.1984e-11 7.7606e-11
6418   2.6671e-01 2.0252e-11 7.5337e-11
6419   2.6671e-01 1.8721e-11 7.2072e-11
6420   2.6671e-01 1.7371e-11 6.8128e-11
6421   2.6671e-01 2.0142e-11 6.4282e-11
6422   2.6671e-01 2.2619e-11 5.9573e-11
6423   2.6671e-01 2.4913e-11 5.4067e-11
6424   2.6671e-01 3.0634e-11 4.7846e-11
6425   2.6671e-01 3.5882e-11 4.0997e-11
6426   2.6671e-01 4.0632e-11 3.3620e-11
6427   2.6671e-01 4.4777e-11 2.5818e-11
6428   2.6671e-01 4.8305e-11 1.8397e-11
6429   2.6671e-01 5.1130e-11 1.7091e-11
6430   2.6671e-01 5.3258e-11 2.4249e-11
6431   2.6671e-01 5.4621e-11 3.1038e-11
6432   2.6671e-01 5.5246e-11 3.7370e-11
6433   2.6671e-01 5.5087e-11 4.3318e-11
6434   2.6671e-01 5.4191e-11 4.8640e-11
6435   2.6671e-01 5.2534e-11 5.3265e-11
6436   2.6671e-01 5.0182e-11 5.7134e-11
6437   2.6671e-01 4.7131e-11 6.1259e-11
6438   2.6671e-01 4.3467e-11 6.5623e-11
6439   2.6671e-01 3.9204e-11 6.9062e-11
6440   2.6671e-01 3.4442e-11 7.1533e-11
6441   2.6671e-01 3.0838e-11 7.3157e-11
6442   2.6671e-01 2.7358e-11 7.3794e-11
6443   2.6671e-01 2.3519e-11 7.3411e-11
6444   2.6671e-01 1.9799e-11 7.2021e-11
6445   2.6671e-01 1.8557e-11 6.9650e-11
6446   2.6671e-01 1.7063e-11 6.6362e-11
6447   2.6671e-01 1.6936e-11 6.2766e-11
6448   2.6671e-01 1.9455e-11 5.8958e-11
6449   2.6671e-01 2.1693e-11 5.4358e-11
6450   2.6671e-01 2.4719e-11 4.9034e-11
6451   2.6671e-01 2.9957e-11 4.3062e-11
6452   2.6671e-01 3.4738e-11 3.6528e-11
6453   2.6671e-01 3.9036e-11 2.9525e-11
6454   2.6671e-01 4.2755e-11 2.2322e-11
6455   2.6671e-01 4.5886e-11 1.5328e-11
6456   2.6671e-01 4.8350e-11 1.7741e-11
6457   2.6671e-01 5.0156e-11 2.4345e-11
6458   2.6671e-01 5.1243e-11 3.0579e-11
6459   2.6671e-01 5.1639e-11 3.6409e-11
6460   2.6671e-01 5.1302e-11 4.1818e-11
6461   2.6671e-01 5.0280e-11 4.6623e-11
6462   2.6671e-01 4.8553e-11 5.0763e-11
6463   2.6671e-01 4.6184e-11 5.4183e-11
6464   2.6671e-01 4.3174e-11 5.8365e-11
6465   2.6671e-01 3.9603e-11 6.2219e-11
6466   2.6671e-01 3.5487e-11 6.5196e-11
6467   2.6671e-01 3.0950e-11 6.7280e-11
6468   2.6671e-01 2.7977e-11 6.8575e-11
6469   2.6671e-01 2.4632e-11 6.8920e-11
6470   2.6671e-01 2.0967e-11 6.8314e-11
6471   2.6671e-01 1.8205e-11 6.6771e-11
6472   2.6671e-01 1.6981e-11 6.4330e-11
6473   2.6671e-01 1.5528e-11 6.1034e-11
6474   2.6671e-01 1.6466e-11 5.7761e-11
6475   2.6671e-01 1.8753e-11 5.4006e-11
6476   2.6671e-01 2.0770e-11 4.9526e-11
6477   2.6671e-01 2.4417e-11 4.4388e-11
6478   2.6671e-01 2.9209e-11 3.8665e-11
6479   2.6671e-01 3.3555e-11 3.2440e-11
6480   2.6671e-01 3.7437e-11 2.5799e-11
6481   2.6671e-01 4.0765e-11 1.9156e-11
6482   2.6671e-01 4.3534e-11 1.2574e-11
6483   2.6671e-01 4.5670e-11 1.8214e-11
6484   2.6671e-01 4.7186e-11 2.4298e-11
6485   2.6671e-01 4.8026e-11 3.0018e-11
6486   2.6671e-01 4.8220e-11 3.5378e-11
6487   2.6671e-01 4.7730e-11 4.0288e-11
6488   2.6671e-01 4.6604e-11 4.4618e-11
6489   2.6671e-01 4.4825e-11 4.8312e-11
6490   2.6671e-01 4.2455e-11 5.1358e-11
6491   2.6671e-01 3.9495e-11 5.5532e-11
6492   2.6671e-01 3.6025e-11 5.8921e-11
6493   2.6671e-01 3.2059e-11 6.1482e-11
6494   2.6671e-01 2.8208e-11 6.3241e-11
6495   2.6671e-01 2.5335e-11 6.4218e-11
6496   2.6671e-01 2.2126e-11 6.4306e-11
6497   2.6671e-01 1.8631e-11 6.3509e-11
6498   2.6671e-01 1.6719e-11 6.1843e-11
6499   2.6671e-01 1.5518e-11 5.9352e-11
6500   2.6671e-01 1.4108e-11 5.6068e-11
6501   2.6671e-01 1.5970e-11 5.3094e-11
6502   2.6671e-01 1.8042e-11 4.9404e-11
6503   2.6671e-01 1.9855e-11 4.5053e-11
6504   2.6671e-01 2.4024e-11 4.0104e-11
6505   2.6671e-01 2.8400e-11 3.4629e-11
6506   2.6671e-01 3.2347e-11 2.8705e-11
6507   2.6671e-01 3.5844e-11 2.2417e-11
6508   2.6671e-01 3.8814e-11 1.6297e-11
6509   2.6671e-01 4.1252e-11 1.2727e-11
6510   2.6671e-01 4.3092e-11 1.8528e-11
6511   2.6671e-01 4.4347e-11 2.4128e-11
6512   2.6671e-01 4.4968e-11 2.9368e-11
6513   2.6671e-01 4.4983e-11 3.4291e-11
6514   2.6671e-01 4.4364e-11 3.8740e-11
6515   2.6671e-01 4.3153e-11 4.2633e-11
6516   2.6671e-01 4.1338e-11 4.5920e-11
6517   2.6671e-01 3.8979e-11 4.9058e-11
6518   2.6671e-01 3.6080e-11 5.2769e-11
6519   2.6671e-01 3.2715e-11 5.5734e-11
6520   2.6671e-01 2.8902e-11 5.7917e-11
6521   2.6671e-01 2.5669e-11 5.9384e-11
6522   2.6671e-01 2.2897e-11 6.0080e-11
6523   2.6671e-01 1.9825e-11 5.9945e-11
6524   2.6671e-01 1.6528e-11 5.8985e-11
6525   2.6671e-01 1.5335e-11 5.7219e-11
6526   2.6671e-01 1.4161e-11 5.4699e-11
6527   2.6671e-01 1.3355e-11 5.1702e-11
6528   2.6671e-01 1.5451e-11 4.8745e-11
6529   2.6671e-01 1.7326e-11 4.5131e-11
6530   2.6671e-01 1.9233e-11 4.0916e-11
6531   2.6671e-01 2.3554e-11 3.6159e-11
6532   2.6671e-01 2.7545e-11 3.0929e-11
6533   2.6671e-01 3.1121e-11 2.5299e-11
6534   2.6671e-01 3.4265e-11 1.9374e-11
6535   2.6671e-01 3.6908e-11 1.3719e-11
6536   2.6671e-01 3.9043e-11 1.3269e-11
6537   2.6671e-01 4.0616e-11 1.8703e-11
6538   2.6671e-01 4.1636e-11 2.3852e-11
6539   2.6671e-01 4.2064e-11 2.8658e-11
6540   2.6671e-01 4.1924e-11 3.3162e-11
6541   2.6671e-01 4.1194e-11 3.7186e-11
6542   2.6671e-01 3.9915e-11 4.0678e-11
6543   2.6671e-01 3.8079e-11 4.3592e-11
6544   2.6671e-01 3.5743e-11 4.6794e-11
6545   2.6671e-01 3.2912e-11 5.0080e-11
6546   2.6671e-01 2.9657e-11 5.2661e-11
6547   2.6671e-01 2.5996e-11 5.4504e-11
6548   2.6671e-01 2.3319e-11 5.5709e-11
6549   2.6671e-01 2.0652e-11 5.6155e-11
6550   2.6671e-01 1.7714e-11 5.5825e-11
6551   2.6671e-01 1.5006e-11 5.4730e-11
6552   2.6671e-01 1.4048e-11 5.2890e-11
6553   2.6671e-01 1.2902e-11 5.0354e-11
6554   2.6671e-01 1.3012e-11 4.7623e-11
6555   2.6671e-01 1.4918e-11 4.4697e-11
6556   2.6671e-01 1.6610e-11 4.1170e-11
6557   2.6671e-01 1.9062e-11 3.7094e-11
6558   2.6671e-01 2.3019e-11 3.2529e-11
6559   2.6671e-01 2.6653e-11 2.7540e-11
6560   2.6671e-01 2.9887e-11 2.2197e-11
6561   2.6671e-01 3.2707e-11 1.6728e-11
6562   2.6671e-01 3.5049e-11 1.1400e-11
6563   2.6671e-01 3.6911e-11 1.3745e-11
6564   2.6671e-01 3.8241e-11 1.8756e-11
6565   2.6671e-01 3.9052e-11 2.3484e-11
6566   2.6671e-01 3.9308e-11 2.7908e-11
6567   2.6671e-01 3.9035e-11 3.2001e-11
6568   2.6671e-01 3.8212e-11 3.5633e-11
6569   2.6671e-01 3.6882e-11 3.8757e-11
6570   2.6671e-01 3.5037e-11 4.1331e-11
6571   2.6671e-01 3.2733e-11 4.4571e-11
6572   2.6671e-01 2.9976e-11 4.7471e-11
6573   2.6671e-01 2.6834e-11 4.9704e-11
6574   2.6671e-01 2.3430e-11 5.1260e-11
6575   2.6671e-01 2.1147e-11 5.2210e-11
6576   2.6671e-01 1.8585e-11 5.2436e-11
6577   2.6671e-01 1.5780e-11 5.1939e-11
6578   2.6671e-01 1.3794e-11 5.0731e-11
6579   2.6671e-01 1.2851e-11 4.8840e-11
6580   2.6671e-01 1.1738e-11 4.6301e-11
6581   2.6671e-01 1.2644e-11 4.3816e-11
6582   2.6671e-01 1.4373e-11 4.0932e-11
6583   2.6671e-01 1.5897e-11 3.7499e-11
6584   2.6671e-01 1.8813e-11 3.3567e-11
6585   2.6671e-01 2.2430e-11 2.9194e-11
6586   2.6671e-01 2.5733e-11 2.4441e-11
6587   2.6671e-01 2.8652e-11 1.9376e-11
6588   2.6671e-01 3.1175e-11 1.4334e-11
6589   2.6671e-01 3.3243e-11 9.3975e-12
6590   2.6671e-01 3.4856e-11 1.4086e-11
6591   2.6671e-01 3.5968e-11 1.8703e-11
6592   2.6671e-01 3.6593e-11 2.3038e-11
6593   2.6671e-01 3.6697e-11 2.7105e-11
6594   2.6671e-01 3.6309e-11 3.0820e-11
6595   2.6671e-01 3.5411e-11 3.4092e-11
6596   2.6671e-01 3.4042e-11 3.6877e-11
6597   2.6671e-01 3.2199e-11 3.9251e-11
6598   2.6671e-01 2.9935e-11 4.2398e-11
6599   2.6671e-01 2.7258e-11 4.4946e-11
6600   2.6671e-01 2.4232e-11 4.6862e-11
6601   2.6671e-01 2.1347e-11 4.8173e-11
6602   2.6671e-01 1.9142e-11 4.8883e-11
6603   2.6671e-01 1.6685e-11 4.8917e-11
6604   2.6671e-01 1.4017e-11 4.8277e-11
6605   2.6671e-01 1.2665e-11 4.6977e-11
6606   2.6671e-01 1.1740e-11 4.5051e-11
6607   2.6671e-01 1.0660e-11 4.2556e-11
6608   2.6671e-01 1.2256e-11 4.0266e-11
6609   2.6671e-01 1.3822e-11 3.7434e-11
6610   2.6671e-01 1.5192e-11 3.4101e-11
6611   2.6671e-01 1.8495e-11 3.0316e-11
6612   2.6671e-01 2.1797e-11 2.6133e-11
6613   2.6671e-01 2.4795e-11 2.1612e-11
6614   2.6671e-01 2.7424e-11 1.6816e-11
6615   2.6671e-01 2.9674e-11 1.2171e-11
6616   2.6671e-01 3.1492e-11 9.8865e-12
6617   2.6671e-01 3.2880e-11 1.4308e-11
6618   2.6671e-01 3.3796e-11 1.8556e-11
6619   2.6671e-01 3.4255e-11 2.2528e-11
6620   2.6671e-01 3.4227e-11 2.6262e-11
6621   2.6671e-01 3.3741e-11 2.9627e-11
6622   2.6671e-01 3.2780e-11 3.2567e-11
6623   2.6671e-01 3.1386e-11 3.5044e-11
6624   2.6671e-01 2.9555e-11 3.7483e-11
6625   2.6671e-01 2.7338e-11 4.0279e-11
6626   2.6671e-01 2.4744e-11 4.2506e-11
6627   2.6671e-01 2.1835e-11 4.4137e-11
6628   2.6671e-01 1.9417e-11 4.5227e-11
6629   2.6671e-01 1.7292e-11 4.5725e-11
6630   2.6671e-01 1.4940e-11 4.5590e-11
6631   2.6671e-01 1.2425e-11 4.4830e-11
6632   2.6671e-01 1.1614e-11 4.3456e-11
6633   2.6671e-01 1.0710e-11 4.1510e-11
6634   2.6671e-01 1.0264e-11 3.9234e-11
6635   2.6671e-01 1.1852e-11 3.6959e-11
6636   2.6671e-01 1.3268e-11 3.4188e-11
6637   2.6671e-01 1.4831e-11 3.0959e-11
6638   2.6671e-01 1.8119e-11 2.7322e-11
6639   2.6671e-01 2.1129e-11 2.3327e-11
6640   2.6671e-01 2.3845e-11 1.9032e-11
6641   2.6671e-01 2.6207e-11 1.4533e-11
6642   2.6671e-01 2.8208e-11 1.0223e-11
6643   2.6671e-01 2.9799e-11 1.0300e-11
6644   2.6671e-01 3.0983e-11 1.4425e-11
6645   2.6671e-01 3.1723e-11 1.8330e-11
6646   2.6671e-01 3.2035e-11 2.1978e-11
6647   2.6671e-01 3.1892e-11 2.5387e-11
6648   2.6671e-01 3.1323e-11 2.8429e-11
6649   2.6671e-01 3.0314e-11 3.1065e-11
6650   2.6671e-01 2.8905e-11 3.3259e-11
6651   2.6671e-01 2.7093e-11 3.5743e-11
6652   2.6671e-01 2.4930e-11 3.8218e-11
6653   2.6671e-01 2.2422e-11 4.0154e-11
6654   2.6671e-01 1.9630e-11 4.1527e-11
6655   2.6671e-01 1.7633e-11 4.2420e-11
6656   2.6671e-01 1.5589e-11 4.2730e-11
6657   2.6671e-01 1.3341e-11 4.2450e-11
6658   2.6671e-01 1.1372e-11 4.1587e-11
6659   2.6671e-01 1.0636e-11 4.0161e-11
6660   2.6671e-01 9.7550e-12 3.8204e-11
6661   2.6671e-01 9.9939e-12 3.6131e-11
6662   2.6671e-01 1.1437e-11 3.3882e-11
6663   2.6671e-01 1.2715e-11 3.1177e-11
6664   2.6671e-01 1.4685e-11 2.8058e-11
6665   2.6671e-01 1.7695e-11 2.4568e-11
6666   2.6671e-01 2.0434e-11 2.0758e-11
6667   2.6671e-01 2.2890e-11 1.6682e-11
6668   2.6671e-01 2.5007e-11 1.2531e-11
6669   2.6671e-01 2.6780e-11 8.4708e-12
6670   2.6671e-01 2.8164e-11 1.0647e-11
6671   2.6671e-01 2.9166e-11 1.4450e-11
6672   2.6671e-01 2.9748e-11 1.8035e-11
6673   2.6671e-01 2.9930e-11 2.1392e-11
6674   2.6671e-01 2.9688e-11 2.4489e-11
6675   2.6671e-01 2.9050e-11 2.7234e-11
6676   2.6671e-01 2.8004e-11 2.9591e-11
6677   2.6671e-01 2.6589e-11 3.1528e-11
6678   2.6671e-01 2.4804e-11 3.4037e-11
6679   2.6671e-01 2.2698e-11 3.6219e-11
6680   2.6671e-01 2.0279e-11 3.7891e-11
6681   2.6671e-01 1.7736e-11 3.9053e-11
6682   2.6671e-01 1.5984e-11 3.9748e-11
6683   2.6671e-01 1.4021e-11 3.9893e-11
6684   2.6671e-01 1.1876e-11 3.9487e-11
6685   2.6671e-01 1.0451e-11 3.8541e-11
6686   2.6671e-01 9.7266e-12 3.7078e-11
6687   2.6671e-01 8.8717e-12 3.5120e-11
6688   2.6671e-01 9.7054e-12 3.3235e-11
6689   2.6671e-01 1.1015e-11 3.1020e-11
6690   2.6671e-01 1.2165e-11 2.8389e-11
6691   2.6671e-01 1.4481e-11 2.5380e-11
6692   2.6671e-01 1.7231e-11 2.2038e-11
6693   2.6671e-01 1.9720e-11 1.8410e-11
6694   2.6671e-01 2.1936e-11 1.4547e-11
6695   2.6671e-01 2.3829e-11 1.0720e-11
6696   2.6671e-01 2.5393e-11 7.3188e-12
6697   2.6671e-01 2.6590e-11 1.0892e-11
6698   2.6671e-01 2.7425e-11 1.4395e-11
6699   2.6671e-01 2.7869e-11 1.7682e-11
6700   2.6671e-01 2.7936e-11 2.0767e-11
6701   2.6671e-01 2.7609e-11 2.3577e-11
6702   2.6671e-01 2.6914e-11 2.6048e-11
6703   2.6671e-01 2.5842e-11 2.8149e-11
6704   2.6671e-01 2.4429e-11 2.9997e-11
6705   2.6671e-01 2.2677e-11 3.2369e-11
6706   2.6671e-01 2.0632e-11 3.4284e-11
6707   2.6671e-01 1.8304e-11 3.5718e-11
6708   2.6671e-01 1.6153e-11 3.6694e-11
6709   2.6671e-01 1.4462e-11 3.7208e-11
6710   2.6671e-01 1.2581e-11 3.7208e-11
6711   2.6671e-01 1.0545e-11 3.6696e-11
6712   2.6671e-01 9.5930e-12 3.5682e-11
6713   2.6671e-01 8.8836e-12 3.4193e-11
6714   2.6671e-01 8.0821e-12 3.2298e-11
6715   2.6671e-01 9.4025e-12 3.0535e-11
6716   2.6671e-01 1.0588e-11 2.8361e-11
6717   2.6671e-01 1.1621e-11 2.5808e-11
6718   2.6671e-01 1.4225e-11 2.2913e-11
6719   2.6671e-01 1.6735e-11 1.9717e-11
6720   2.6671e-01 1.8993e-11 1.6266e-11
6721   2.6671e-01 2.0988e-11 1.2609e-11
6722   2.6671e-01 2.2674e-11 9.0851e-12
6723   2.6671e-01 2.4049e-11 7.6782e-12
6724   2.6671e-01 2.5077e-11 1.1048e-11
6725   2.6671e-01 2.5763e-11 1.4271e-11
6726   2.6671e-01 2.6082e-11 1.7280e-11
6727   2.6671e-01 2.6051e-11 2.0112e-11
6728   2.6671e-01 2.5651e-11 2.2657e-11
6729   2.6671e-01 2.4909e-11 2.4876e-11
6730   2.6671e-01 2.3819e-11 2.6743e-11
6731   2.6671e-01 2.2417e-11 2.8638e-11
6732   2.6671e-01 2.0703e-11 3.0744e-11
6733   2.6671e-01 1.8723e-11 3.2416e-11
6734   2.6671e-01 1.6486e-11 3.3634e-11
6735   2.6671e-01 1.4688e-11 3.4443e-11
6736   2.6671e-01 1.3059e-11 3.4798e-11
6737   2.6671e-01 1.1259e-11 3.4672e-11
6738   2.6671e-01 9.3699e-12 3.4069e-11
6739   2.6671e-01 8.7943e-12 3.3001e-11
6740   2.6671e-01 8.1012e-12 3.1499e-11
6741   2.6671e-01 7.8870e-12 2.9770e-11
6742   2.6671e-01 9.0887e-12 2.8021e-11
6743   2.6671e-01 1.0160e-11 2.5894e-11
6744   2.6671e-01 1.1442e-11 2.3423e-11
6745   2.6671e-01 1.3926e-11 2.0641e-11
6746   2.6671e-01 1.6214e-11 1.7590e-11
6747   2.6671e-01 1.8258e-11 1.4312e-11
6748   2.6671e-01 2.0050e-11 1.0897e-11
6749   2.6671e-01 2.1548e-11 7.6123e-12
6750   2.6671e-01 2.2750e-11 7.9948e-12
6751   2.6671e-01 2.3625e-11 1.1125e-11
6752   2.6671e-01 2.4178e-11 1.4086e-11
6753   2.6671e-01 2.4387e-11 1.6854e-11
6754   2.6671e-01 2.4268e-11 1.9434e-11
6755   2.6671e-01 2.3808e-11 2.1734e-11
6756   2.6671e-01 2.3030e-11 2.3723e-11
6757   2.6671e-01 2.1931e-11 2.5376e-11
6758   2.6671e-01 2.0544e-11 2.7301e-11
6759   2.6671e-01 1.8873e-11 2.9164e-11
6760   2.6671e-01 1.6959e-11 3.0616e-11
6761   2.6671e-01 1.4813e-11 3.1639e-11
6762   2.6671e-01 1.3333e-11 3.2299e-11
6763   2.6671e-01 1.1766e-11 3.2512e-11
6764   2.6671e-01 1.0047e-11 3.2277e-11
6765   2.6671e-01 8.6189e-12 3.1599e-11
6766   2.6671e-01 8.0517e-12 3.0492e-11
6767   2.6671e-01 7.3764e-12 2.8983e-11
6768   2.6671e-01 7.6750e-12 2.7409e-11
6769   2.6671e-01 8.7668e-12 2.5681e-11
6770   2.6671e-01 9.7329e-12 2.3607e-11
6771   2.6671e-01 1.1319e-11 2.1220e-11
6772   2.6671e-01 1.3592e-11 1.8552e-11
6773   2.6671e-01 1.5673e-11 1.5643e-11
6774   2.6671e-01 1.7521e-11 1.2533e-11
6775   2.6671e-01 1.9126e-11 9.3819e-12
6776   2.6671e-01 2.0452e-11 6.2888e-12
6777   2.6671e-01 2.1497e-11 8.2468e-12
6778   2.6671e-01 2.2233e-11 1.1132e-11
6779   2.6671e-01 2.2667e-11 1.3850e-11
6780   2.6671e-01 2.2780e-11 1.6397e-11
6781   2.6671e-01 2.2586e-11 1.8741e-11
6782   2.6671e-01 2.2075e-11 2.0815e-11
6783   2.6671e-01 2.1270e-11 2.2592e-11
6784   2.6671e-01 2.0168e-11 2.4049e-11
6785   2.6671e-01 1.8802e-11 2.5991e-11
6786   2.6671e-01 1.7178e-11 2.7632e-11
6787   2.6671e-01 1.5332e-11 2.8884e-11
6788   2.6671e-01 1.3425e-11 2.9751e-11
6789   2.6671e-01 1.2081e-11 3.0260e-11
6790   2.6671e-01 1.0578e-11 3.0348e-11
6791   2.6671e-01 8.9365e-12 3.0019e-11
6792   2.6671e-01 7.9195e-12 2.9278e-11
6793   2.6671e-01 7.3611e-12 2.8145e-11
6794   2.6671e-01 6.7059e-12 2.6638e-11
6795   2.6671e-01 7.4498e-12 2.5207e-11
6796   2.6671e-01 8.4394e-12 2.3506e-11
6797   2.6671e-01 9.3088e-12 2.1489e-11
6798   2.6671e-01 1.1151e-11 1.9188e-11
6799   2.6671e-01 1.3228e-11 1.6633e-11
6800   2.6671e-01 1.5118e-11 1.3864e-11
6801   2.6671e-01 1.6785e-11 1.0916e-11
6802   2.6671e-01 1.8218e-11 8.0120e-12
6803   2.6671e-01 1.9387e-11 5.6981e-12
6804   2.6671e-01 2.0290e-11 8.4223e-12
6805   2.6671e-01 2.0902e-11 1.1079e-11
6806   2.6671e-01 2.1231e-11 1.3571e-11
6807   2.6671e-01 2.1258e-11 1.5911e-11
6808   2.6671e-01 2.1000e-11 1.8036e-11
6809   2.6671e-01 2.0447e-11 1.9903e-11
6810   2.6671e-01 1.9623e-11 2.1486e-11
6811   2.6671e-01 1.8525e-11 2.2924e-11
6812   2.6671e-01 1.7185e-11 2.4712e-11
6813   2.6671e-01 1.5609e-11 2.6151e-11
6814   2.6671e-01 1.3832e-11 2.7223e-11
6815   2.6671e-01 1.2223e-11 2.7949e-11
6816   2.6671e-01 1.0926e-11 2.8321e-11
6817   2.6671e-01 9.4856e-12 2.8301e-11
6818   2.6671e-01 7.9319e-12 2.7892e-11
6819   2.6671e-01 7.2668e-12 2.7101e-11
6820   2.6671e-01 6.7208e-12 2.5951e-11
6821   2.6671e-01 6.2125e-12 2.4511e-11
6822   2.6671e-01 7.2135e-12 2.3154e-11
6823   2.6671e-01 8.1092e-12 2.1485e-11
6824   2.6671e-01 8.8896e-12 1.9529e-11
6825   2.6671e-01 1.0945e-11 1.7315e-11
6826   2.6671e-01 1.2840e-11 1.4873e-11
6827   2.6671e-01 1.4555e-11 1.2240e-11
6828   2.6671e-01 1.6054e-11 9.4503e-12
6829   2.6671e-01 1.7331e-11 6.7767e-12
6830   2.6671e-01 1.8356e-11 5.9628e-12
6831   2.6671e-01 1.9131e-11 8.5305e-12
6832   2.6671e-01 1.9631e-11 1.0974e-11
6833   2.6671e-01 1.9866e-11 1.3256e-11
6834   2.6671e-01 1.9818e-11 1.5403e-11
6835   2.6671e-01 1.9506e-11 1.7327e-11
6836   2.6671e-01 1.8919e-11 1.9002e-11
6837   2.6671e-01 1.8083e-11 2.0408e-11
6838   2.6671e-01 1.6994e-11 2.1880e-11
6839   2.6671e-01 1.5685e-11 2.3465e-11
6840   2.6671e-01 1.4159e-11 2.4721e-11
6841   2.6671e-01 1.2452e-11 2.5629e-11
6842   2.6671e-01 1.1110e-11 2.6230e-11
6843   2.6671e-01 9.8617e-12 2.6481e-11
6844   2.6671e-01 8.4835e-12 2.6367e-11
6845   2.6671e-01 7.1030e-12 2.5890e-11
6846   2.6671e-01 6.6603e-12 2.5060e-11
6847   2.6671e-01 6.1270e-12 2.3900e-11
6848   2.6671e-01 6.0588e-12 2.2588e-11
6849   2.6671e-01 6.9695e-12 2.1242e-11
6850   2.6671e-01 7.7783e-12 1.9611e-11
6851   2.6671e-01 8.8184e-12 1.7718e-11
6852   2.6671e-01 1.0708e-11 1.5591e-11
6853   2.6671e-01 1.2433e-11 1.3260e-11
6854   2.6671e-01 1.3986e-11 1.0760e-11
6855   2.6671e-01 1.5331e-11 8.1674e-12
6856   2.6671e-01 1.6465e-11 5.6635e-12
6857   2.6671e-01 1.7361e-11 6.2036e-12
6858   2.6671e-01 1.8019e-11 8.5791e-12
6859   2.6671e-01 1.8419e-11 1.0824e-11
6860   2.6671e-01 1.8570e-11 1.2925e-11
6861   2.6671e-01 1.8459e-11 1.4878e-11
6862   2.6671e-01 1.8100e-11 1.6616e-11
6863   2.6671e-01 1.7488e-11 1.8117e-11
6864   2.6671e-01 1.6645e-11 1.9360e-11
6865   2.6671e-01 1.5570e-11 2.0853e-11
6866   2.6671e-01 1.4293e-11 2.2254e-11
6867   2.6671e-01 1.2820e-11 2.3343e-11
6868   2.6671e-01 1.1183e-11 2.4107e-11
6869   2.6671e-01 1.0081e-11 2.4592e-11
6870   2.6671e-01 8.8808e-12 2.4737e-11
6871   2.6671e-01 7.5654e-12 2.4541e-11
6872   2.6671e-01 6.5318e-12 2.4008e-11
6873   2.6671e-01 6.0959e-12 2.3150e-11
6874   2.6671e-01 5.5768e-12 2.1986e-11
6875   2.6671e-01 5.8926e-12 2.0792e-11
6876   2.6671e-01 6.7193e-12 1.9463e-11
6877   2.6671e-01 7.4487e-12 1.7874e-11
6878   2.6671e-01 8.7157e-12 1.6045e-11
6879   2.6671e-01 1.0444e-11 1.4007e-11
6880   2.6671e-01 1.2013e-11 1.1785e-11
6881   2.6671e-01 1.3415e-11 9.4130e-12
6882   2.6671e-01 1.4620e-11 7.0214e-12
6883   2.6671e-01 1.5623e-11 4.6643e-12
6884   2.6671e-01 1.6400e-11 6.3863e-12
6885   2.6671e-01 1.6953e-11 8.5761e-12
6886   2.6671e-01 1.7265e-11 1.0636e-11
6887   2.6671e-01 1.7343e-11 1.2568e-11
6888   2.6671e-01 1.7176e-11 1.4341e-11
6889   2.6671e-01 1.6779e-11 1.5909e-11
6890   2.6671e-01 1.6147e-11 1.7248e-11
6891   2.6671e-01 1.5303e-11 1.8345e-11
6892   2.6671e-01 1.4246e-11 1.9847e-11
6893   2.6671e-01 1.3005e-11 2.1081e-11
6894   2.6671e-01 1.1584e-11 2.2018e-11
6895   2.6671e-01 1.0162e-11 2.2665e-11
6896   2.6671e-01 9.1313e-12 2.3035e-11
6897   2.6671e-01 7.9793e-12 2.3086e-11
6898   2.6671e-01 6.7246e-12 2.2820e-11
6899   2.6671e-01 5.9999e-12 2.2240e-11
6900   2.6671e-01 5.5716e-12 2.1364e-11
6901   2.6671e-01 5.0683e-12 2.0202e-11
6902   2.6671e-01 5.7165e-12 1.9117e-11
6903   2.6671e-01 6.4656e-12 1.7810e-11
6904   2.6671e-01 7.1216e-12 1.6265e-11
6905   2.6671e-01 8.5793e-12 1.4503e-11
6906   2.6671e-01 1.0158e-11 1.2552e-11
6907   2.6671e-01 1.1583e-11 1.0437e-11
6908   2.6671e-01 1.2847e-11 8.1898e-12
6909   2.6671e-01 1.3922e-11 5.9857e-12
6910   2.6671e-01 1.4806e-11 4.4350e-12
6911   2.6671e-01 1.5476e-11 6.5115e-12
6912   2.6671e-01 1.5935e-11 8.5273e-12
6913   2.6671e-01 1.6167e-11 1.0415e-11
6914   2.6671e-01 1.6180e-11 1.2190e-11
6915   2.6671e-01 1.5966e-11 1.3798e-11
6916   2.6671e-01 1.5538e-11 1.5207e-11
6917   2.6671e-01 1.4894e-11 1.6400e-11
6918   2.6671e-01 1.4052e-11 1.7518e-11
6919   2.6671e-01 1.3017e-11 1.8865e-11
6920   2.6671e-01 1.1812e-11 1.9947e-11
6921   2.6671e-01 1.0447e-11 2.0747e-11
6922   2.6671e-01 9.2488e-12 2.1287e-11
6923   2.6671e-01 8.2537e-12 2.1555e-11
6924   2.6671e-01 7.1518e-12 2.1525e-11
6925   2.6671e-01 5.9663e-12 2.1198e-11
6926   2.6671e-01 5.5043e-12 2.0582e-11
6927   2.6671e-01 5.0853e-12 1.9693e-11
6928   2.6671e-01 4.7751e-12 1.8600e-11
6929   2.6671e-01 5.5326e-12 1.7555e-11
6930   2.6671e-01 6.2103e-12 1.6275e-11
6931   2.6671e-01 6.8564e-12 1.4776e-11
6932   2.6671e-01 8.4150e-12 1.3083e-11
6933   2.6671e-01 9.8545e-12 1.1217e-11
6934   2.6671e-01 1.1147e-11 9.2070e-12
6935   2.6671e-01 1.2283e-11 7.0805e-12
6936   2.6671e-01 1.3241e-11 5.0520e-12
6937   2.6671e-01 1.4015e-11 4.6316e-12
6938   2.6671e-01 1.4588e-11 6.5859e-12
6939   2.6671e-01 1.4963e-11 8.4392e-12
6940   2.6671e-01 1.5125e-11 1.0171e-11
6941   2.6671e-01 1.5082e-11 1.1796e-11
6942   2.6671e-01 1.4827e-11 1.3250e-11
6943   2.6671e-01 1.4374e-11 1.4516e-11
6944   2.6671e-01 1.3721e-11 1.5574e-11
6945   2.6671e-01 1.2888e-11 1.6715e-11
6946   2.6671e-01 1.1876e-11 1.7910e-11
6947   2.6671e-01 1.0711e-11 1.8851e-11
6948   2.6671e-01 9.3995e-12 1.9529e-11
6949   2.6671e-01 8.4036e-12 1.9975e-11
6950   2.6671e-01 7.4461e-12 2.0151e-11
6951   2.6671e-01 6.3922e-12 2.0050e-11
6952   2.6671e-01 5.3850e-12 1.9673e-11
6953   2.6671e-01 5.0434e-12 1.9028e-11
6954   2.6671e-01 4.6344e-12 1.8133e-11
6955   2.6671e-01 4.6541e-12 1.7137e-11
6956   2.6671e-01 5.3425e-12 1.6102e-11
6957   2.6671e-01 5.9548e-12 1.4851e-11
6958   2.6671e-01 6.7998e-12 1.3401e-11
6959   2.6671e-01 8.2267e-12 1.1775e-11
6960   2.6671e-01 9.5382e-12 9.9947e-12
6961   2.6671e-01 1.0707e-11 8.0865e-12
6962   2.6671e-01 1.1727e-11 6.1188e-12
6963   2.6671e-01 1.2576e-11 4.2107e-12
6964   2.6671e-01 1.3252e-11 4.8127e-12
6965   2.6671e-01 1.3737e-11 6.6154e-12
6966   2.6671e-01 1.4036e-11 8.3180e-12
6967   2.6671e-01 1.4135e-11 9.9116e-12
6968   2.6671e-01 1.4044e-11 1.1390e-11
6969   2.6671e-01 1.3755e-11 1.2703e-11
6970   2.6671e-01 1.3284e-11 1.3835e-11
6971   2.6671e-01 1.2627e-11 1.4771e-11
6972   2.6671e-01 1.1805e-11 1.5927e-11
6973   2.6671e-01 1.0819e-11 1.6981e-11
6974   2.6671e-01 9.6946e-12 1.7797e-11
6975   2.6671e-01 8.4405e-12 1.8368e-11
6976   2.6671e-01 7.6220e-12 1.8724e-11
6977   2.6671e-01 6.7031e-12 1.8821e-11
6978   2.6671e-01 5.6958e-12 1.8658e-11
6979   2.6671e-01 4.9511e-12 1.8239e-11
6980   2.6671e-01 4.6145e-12 1.7575e-11
6981   2.6671e-01 4.2173e-12 1.6677e-11
6982   2.6671e-01 4.5240e-12 1.5771e-11
6983   2.6671e-01 5.1487e-12 1.4750e-11
6984   2.6671e-01 5.7004e-12 1.3531e-11
6985   2.6671e-01 6.7143e-12 1.2132e-11
6986   2.6671e-01 8.0187e-12 1.0573e-11
6987   2.6671e-01 9.2118e-12 8.8766e-12
6988   2.6671e-01 1.0266e-11 7.0671e-12
6989   2.6671e-01 1.1180e-11 5.2519e-12
6990   2.6671e-01 1.1929e-11 3.4561e-12
6991   2.6671e-01 1.2516e-11 4.9446e-12
6992   2.6671e-01 1.2922e-11 6.6058e-12
6993   2.6671e-01 1.3154e-11 8.1678e-12
6994   2.6671e-01 1.3197e-11 9.6332e-12
6995   2.6671e-01 1.3065e-11 1.0975e-11
6996   2.6671e-01 1.2748e-11 1.2159e-11
6997   2.6671e-01 1.2263e-11 1.3169e-11
6998   2.6671e-01 1.1606e-11 1.4013e-11
6999   2.6671e-01 1.0798e-11 1.5155e-11
7000   2.6671e-01 9.8398e-12 1.6082e-11
7001   2.6671e-01 8.7570e-12 1.6784e-11
7002   2.6671e-01 7.6918e-12 1.7266e-11
7003   2.6671e-01 6.9004e-12 1.7534e-11
7004   2.6671e-01 6.0194e-12 1.7562e-11
7005   2.6671e-01 5.0603e-12 1.7346e-11
7006   2.6671e-01 4.5464e-12 1.6893e-11
7007   2.6671e-01 4.2166e-12 1.6215e-11
7008   2.6671e-01 3.8309e-12 1.5320e-11
7009   2.6671e-01 4.3861e-12 1.4497e-11
7010   2.6671e-01 4.9523e-12 1.3494e-11
7011   2.6671e-01 5.4480e-12 1.2309e-11
7012   2.6671e-01 6.6040e-12 1.0961e-11
7013   2.6671e-01 7.7949e-12 9.4695e-12
7014   2.6671e-01 8.8779e-12 7.8554e-12
7015   2.6671e-01 9.8277e-12 6.1413e-12
7016   2.6671e-01 1.0643e-11 4.4692e-12
7017   2.6671e-01 1.1302e-11 3.4508e-12
7018   2.6671e-01 1.1808e-11 5.0336e-12
7019   2.6671e-01 1.2143e-11 6.5625e-12
7020   2.6671e-01 1.2315e-11 7.9934e-12
7021   2.6671e-01 1.2311e-11 9.3393e-12
7022   2.6671e-01 1.2142e-11 1.0555e-11
7023   2.6671e-01 1.1803e-11 1.1619e-11
7024   2.6671e-01 1.1308e-11 1.2518e-11
7025   2.6671e-01 1.0654e-11 1.3387e-11
7026   2.6671e-01 9.8630e-12 1.4402e-11
7027   2.6671e-01 8.9344e-12 1.5213e-11
7028   2.6671e-01 7.8933e-12 1.5811e-11
7029   2.6671e-01 6.9979e-12 1.6213e-11
7030   2.6671e-01 6.2351e-12 1.6405e-11
7031   2.6671e-01 5.3915e-12 1.6370e-11
7032   2.6671e-01 4.4873e-12 1.6110e-11
7033   2.6671e-01 4.1695e-12 1.5630e-11
7034   2.6671e-01 3.8470e-12 1.4944e-11
7035   2.6671e-01 3.6692e-12 1.4114e-11
7036   2.6671e-01 4.2428e-12 1.3309e-11
7037   2.6671e-01 4.7551e-12 1.2327e-11
7038   2.6671e-01 5.2866e-12 1.1179e-11
7039   2.6671e-01 6.4724e-12 9.8831e-12
7040   2.6671e-01 7.5583e-12 8.4580e-12
7041   2.6671e-01 8.5396e-12 6.9240e-12
7042   2.6671e-01 9.3932e-12 5.3060e-12
7043   2.6671e-01 1.0119e-11 3.7632e-12
7044   2.6671e-01 1.0696e-11 3.6007e-12
7045   2.6671e-01 1.1128e-11 5.0840e-12
7046   2.6671e-01 1.1400e-11 6.4897e-12
7047   2.6671e-01 1.1518e-11 7.8035e-12
7048   2.6671e-01 1.1472e-11 9.0333e-12
7049   2.6671e-01 1.1274e-11 1.0133e-11
7050   2.6671e-01 1.0916e-11 1.1088e-11
7051   2.6671e-01 1.0415e-11 1.1885e-11
7052   2.6671e-01 9.7685e-12 1.2770e-11
7053   2.6671e-01 8.9960e-12 1.3669e-11
7054   2.6671e-01 8.0981e-12 1.4375e-11
7055   2.6671e-01 7.0988e-12 1.4880e-11
7056   2.6671e-01 6.3558e-12 1.5210e-11
7057   2.6671e-01 5.6222e-12 1.5334e-11
7058   2.6671e-01 4.8159e-12 1.5246e-11
7059   2.6671e-01 4.0823e-12 1.4948e-11
7060   2.6671e-01 3.8191e-12 1.4448e-11
7061   2.6671e-01 3.5053e-12 1.3756e-11
7062   2.6671e-01 3.5740e-12 1.3001e-11
7063   2.6671e-01 4.0955e-12 1.2205e-11
7064   2.6671e-01 4.5576e-12 1.1244e-11
7065   2.6671e-01 5.2376e-12 1.0135e-11
7066   2.6671e-01 6.3233e-12 8.8909e-12
7067   2.6671e-01 7.3119e-12 7.5320e-12
7068   2.6671e-01 8.1994e-12 6.0751e-12
7069   2.6671e-01 8.9650e-12 4.5813e-12
7070   2.6671e-01 9.6077e-12 3.1288e-12
7071   2.6671e-01 1.0111e-11 3.7327e-12
7072   2.6671e-01 1.0476e-11 5.1011e-12
7073   2.6671e-01 1.0691e-11 6.3914e-12
7074   2.6671e-01 1.0762e-11 7.6007e-12
7075   2.6671e-01 1.0681e-11 8.7189e-12
7076   2.6671e-01 1.0457e-11 9.7115e-12
7077   2.6671e-01 1.0086e-11 1.0565e-11
7078   2.6671e-01 9.5819e-12 1.1269e-11
7079   2.6671e-01 8.9452e-12 1.2164e-11
7080   2.6671e-01 8.1921e-12 1.2958e-11
7081   2.6671e-01 7.3266e-12 1.3568e-11
7082   2.6671e-01 6.3906e-12 1.3994e-11
7083   2.6671e-01 5.7626e-12 1.4255e-11
7084   2.6671e-01 5.0582e-12 1.4318e-11
7085   2.6671e-01 4.2883e-12 1.4185e-11
7086   2.6671e-01 3.7523e-12 1.3856e-11
7087   2.6671e-01 3.4936e-12 1.3341e-11
7088   2.6671e-01 3.1884e-12 1.2649e-11
7089   2.6671e-01 3.4722e-12 1.1962e-11
7090   2.6671e-01 3.9450e-12 1.1177e-11
7091   2.6671e-01 4.3615e-12 1.0242e-11
7092   2.6671e-01 5.1679e-12 9.1716e-12
7093   2.6671e-01 6.1594e-12 7.9796e-12
7094   2.6671e-01 7.0587e-12 6.6846e-12
7095   2.6671e-01 7.8587e-12 5.3039e-12
7096   2.6671e-01 8.5441e-12 3.9266e-12
7097   2.6671e-01 9.1110e-12 2.5586e-12
7098   2.6671e-01 9.5471e-12 3.8281e-12
7099   2.6671e-01 9.8518e-12 5.0882e-12
7100   2.6671e-01 1.0017e-11 6.2722e-12
7101   2.6671e-01 1.0046e-11 7.3837e-12
7102   2.6671e-01 9.9341e-12 8.3982e-12
7103   2.6671e-01 9.6887e-12 9.2925e-12
7104   2.6671e-01 9.3084e-12 1.0054e-11
7105   2.6671e-01 8.8048e-12 1.0711e-11
7106   2.6671e-01 8.1797e-12 1.1572e-11
7107   2.6671e-01 7.4483e-12 1.2269e-11
7108   2.6671e-01 6.6152e-12 1.2793e-11
7109   2.6671e-01 5.8214e-12 1.3152e-11
7110   2.6671e-01 5.2146e-12 1.3347e-11
7111   2.6671e-01 4.5401e-12 1.3358e-11
7112   2.6671e-01 3.8084e-12 1.3185e-11
7113   2.6671e-01 3.4448e-12 1.2831e-11
7114   2.6671e-01 3.1911e-12 1.2306e-11
7115   2.6671e-01 2.8955e-12 1.1616e-11
7116   2.6671e-01 3.3646e-12 1.0993e-11
7117   2.6671e-01 3.7932e-12 1.0222e-11
7118   2.6671e-01 4.1671e-12 9.3142e-12
7119   2.6671e-01 5.0788e-12 8.2831e-12
7120   2.6671e-01 5.9842e-12 7.1434e-12
7121   2.6671e-01 6.8001e-12 5.9109e-12
7122   2.6671e-01 7.5207e-12 4.6036e-12
7123   2.6671e-01 8.1316e-12 3.3352e-12
7124   2.6671e-01 8.6299e-12 2.6843e-12
7125   2.6671e-01 9.0047e-12 3.8903e-12
7126   2.6671e-01 9.2561e-12 5.0504e-12
7127   2.6671e-01 9.3761e-12 6.1344e-12
7128   2.6671e-01 9.3688e-12 7.1552e-12
7129   2.6671e-01 9.2306e-12 8.0744e-12
7130   2.6671e-01 8.9684e-12 8.8777e-12
7131   2.6671e-01 8.5817e-12 9.5548e-12
7132   2.6671e-01 8.0809e-12 1.0230e-11
7133   2.6671e-01 7.4695e-12 1.0994e-11
7134   2.6671e-01 6.7603e-12 1.1603e-11
7135   2.6671e-01 5.9596e-12 1.2050e-11
7136   2.6671e-01 5.2947e-12 1.2348e-11
7137   2.6671e-01 4.7096e-12 1.2485e-11
7138   2.6671e-01 4.0645e-12 1.2450e-11
7139   2.6671e-01 3.3746e-12 1.2243e-11
7140   2.6671e-01 3.1586e-12 1.1869e-11
7141   2.6671e-01 2.9107e-12 1.1339e-11
7142   2.6671e-01 2.8191e-12 1.0709e-11
7143   2.6671e-01 3.2533e-12 1.0090e-11
7144   2.6671e-01 3.6404e-12 9.3355e-12
7145   2.6671e-01 4.0782e-12 8.4563e-12
7146   2.6671e-01 4.9741e-12 7.4651e-12
7147   2.6671e-01 5.7993e-12 6.3764e-12
7148   2.6671e-01 6.5385e-12 5.2054e-12
7149   2.6671e-01 7.1859e-12 3.9773e-12
7150   2.6671e-01 7.7289e-12 2.8016e-12
7151   2.6671e-01 8.1648e-12 2.7985e-12
7152   2.6671e-01 8.4842e-12 3.9242e-12
7153   2.6671e-01 8.6874e-12 4.9901e-12
7154   2.6671e-01 8.7675e-12 5.9867e-12
7155   2.6671e-01 8.7290e-12 6.9181e-12
7156   2.6671e-01 8.5685e-12 7.7491e-12
7157   2.6671e-01 8.2928e-12 8.4694e-12
7158   2.6671e-01 7.9023e-12 9.0691e-12
7159   2.6671e-01 7.4074e-12 9.7556e-12
7160   2.6671e-01 6.8106e-12 1.0432e-11
7161   2.6671e-01 6.1250e-12 1.0962e-11
7162   2.6671e-01 5.3568e-12 1.1337e-11
7163   2.6671e-01 4.8066e-12 1.1582e-11
7164   2.6671e-01 4.2449e-12 1.1667e-11
7165   2.6671e-01 3.6278e-12 1.1592e-11
7166   2.6671e-01 3.0946e-12 1.1358e-11
7167   2.6671e-01 2.8922e-12 1.0969e-11
7168   2.6671e-01 2.6513e-12 1.0436e-11
7169   2.6671e-01 2.7442e-12 9.8619e-12
7170   2.6671e-01 3.1388e-12 9.2501e-12
7171   2.6671e-01 3.4880e-12 8.5135e-12
7172   2.6671e-01 4.0364e-12 7.6639e-12
7173   2.6671e-01 4.8568e-12 6.7125e-12
7174   2.6671e-01 5.6078e-12 5.6747e-12
7175   2.6671e-01 6.2756e-12 4.5629e-12
7176   2.6671e-01 6.8557e-12 3.4295e-12
7177   2.6671e-01 7.3366e-12 2.3221e-12
7178   2.6671e-01 7.7162e-12 2.8947e-12
7179   2.6671e-01 7.9854e-12 3.9325e-12
7180   2.6671e-01 8.1458e-12 4.9113e-12
7181   2.6671e-01 8.1907e-12 5.8287e-12
7182   2.6671e-01 8.1252e-12 6.6745e-12
7183   2.6671e-01 7.9456e-12 7.4244e-12
7184   2.6671e-01 7.6601e-12 8.0683e-12
7185   2.6671e-01 7.2680e-12 8.5976e-12
7186   2.6671e-01 6.7805e-12 9.2903e-12
7187   2.6671e-01 6.2000e-12 9.8867e-12
7188   2.6671e-01 5.5391e-12 1.0344e-11
7189   2.6671e-01 4.8378e-12 1.0662e-11
7190   2.6671e-01 4.3565e-12 1.0853e-11
7191   2.6671e-01 3.8170e-12 1.0893e-11
7192   2.6671e-01 3.2281e-12 1.0783e-11
7193   2.6671e-01 2.8435e-12 1.0526e-11
7194   2.6671e-01 2.6451e-12 1.0127e-11
7195   2.6671e-01 2.4104e-12 9.5931e-12
7196   2.6671e-01 2.6644e-12 9.0716e-12
7197   2.6671e-01 3.0223e-12 8.4689e-12
7198   2.6671e-01 3.3367e-12 7.7521e-12
7199   2.6671e-01 3.9789e-12 6.9325e-12
7200   2.6671e-01 4.7282e-12 6.0215e-12
7201   2.6671e-01 5.4107e-12 5.0327e-12
7202   2.6671e-01 6.0130e-12 3.9791e-12
7203   2.6671e-01 6.5319e-12 2.9342e-12
7204   2.6671e-01 6.9557e-12 1.9881e-12
7205   2.6671e-01 7.2841e-12 2.9631e-12
7206   2.6671e-01 7.5084e-12 3.9190e-12
7207   2.6671e-01 7.6303e-12 4.8165e-12
7208   2.6671e-01 7.6444e-12 5.6594e-12
7209   2.6671e-01 7.5553e-12 6.4267e-12
7210   2.6671e-01 7.3606e-12 7.1019e-12
7211   2.6671e-01 7.0678e-12 7.6756e-12
7212   2.6671e-01 6.6773e-12 8.1869e-12
7213   2.6671e-01 6.1986e-12 8.8354e-12
7214   2.6671e-01 5.6351e-12 9.3587e-12
7215   2.6671e-01 4.9987e-12 9.7512e-12
7216   2.6671e-01 4.4054e-12 1.0018e-11
7217   2.6671e-01 3.9408e-12 1.0159e-11
7218   2.6671e-01 3.4238e-12 1.0160e-11
7219   2.6671e-01 2.8657e-12 1.0021e-11
7220   2.6671e-01 2.6099e-12 9.7449e-12
7221   2.6671e-01 2.4152e-12 9.3392e-12
7222   2.6671e-01 2.2194e-12 8.8148e-12
7223   2.6671e-01 2.5809e-12 8.3350e-12
7224   2.6671e-01 2.9046e-12 7.7431e-12
7225   2.6671e-01 3.1871e-12 7.0476e-12
7226   2.6671e-01 3.9073e-12 6.2583e-12
7227   2.6671e-01 4.5911e-12 5.3875e-12
7228   2.6671e-01 5.2100e-12 4.4464e-12
7229   2.6671e-01 5.7524e-12 3.4496e-12
7230   2.6671e-01 6.2146e-12 2.4871e-12
7231   2.6671e-01 6.5869e-12 2.0873e-12
7232   2.6671e-01 6.8688e-12 3.0066e-12
7233   2.6671e-01 7.0525e-12 3.8865e-12
7234   2.6671e-01 7.1405e-12 4.7077e-12
7235   2.6671e-01 7.1276e-12 5.4815e-12
7236   2.6671e-01 7.0190e-12 6.1767e-12
7237   2.6671e-01 6.8116e-12 6.7827e-12
7238   2.6671e-01 6.5143e-12 7.2930e-12
7239   2.6671e-01 6.1264e-12 7.8164e-12
7240   2.6671e-01 5.6586e-12 8.3920e-12
7241   2.6671e-01 5.1125e-12 8.8493e-12
7242   2.6671e-01 4.5016e-12 9.1824e-12
7243   2.6671e-01 4.0052e-12 9.4037e-12
7244   2.6671e-01 3.5574e-12 9.5015e-12
7245   2.6671e-01 3.0632e-12 9.4675e-12
7246   2.6671e-01 2.5502e-12 9.3037e-12
7247   2.6671e-01 2.3924e-12 9.0125e-12
7248   2.6671e-01 2.2023e-12 8.6028e-12
7249   2.6671e-01 2.1654e-12 8.1249e-12
7250   2.6671e-01 2.4940e-12 7.6488e-12
7251   2.6671e-01 2.7868e-12 7.0693e-12
7252   2.6671e-01 3.1432e-12 6.3963e-12
7253   2.6671e-01 3.8241e-12 5.6379e-12
7254   2.6671e-01 4.4470e-12 4.8064e-12
7255   2.6671e-01 5.0075e-12 3.9123e-12
7256   2.6671e-01 5.4943e-12 2.9802e-12
7257   2.6671e-01 5.9051e-12 2.0843e-12
7258   2.6671e-01 6.2303e-12 2.1744e-12
7259   2.6671e-01 6.4705e-12 3.0288e-12
7260   2.6671e-01 6.6180e-12 3.8369e-12
7261   2.6671e-01 6.6759e-12 4.5931e-12
7262   2.6671e-01 6.6393e-12 5.2979e-12
7263   2.6671e-01 6.5136e-12 5.9255e-12
7264   2.6671e-01 6.2972e-12 6.4692e-12
7265   2.6671e-01 5.9971e-12 6.9205e-12
7266   2.6671e-01 5.6144e-12 7.4522e-12
7267   2.6671e-01 5.1575e-12 7.9613e-12
7268   2.6671e-01 4.6305e-12 8.3581e-12
7269   2.6671e-01 4.0441e-12 8.6384e-12
7270   2.6671e-01 3.6351e-12 8.8186e-12
7271   2.6671e-01 3.2046e-12 8.8774e-12
7272   2.6671e-01 2.7326e-12 8.8137e-12
7273   2.6671e-01 2.3460e-12 8.6291e-12
7274   2.6671e-01 2.1902e-12 8.3275e-12
7275   2.6671e-01 2.0049e-12 7.9156e-12
7276   2.6671e-01 2.1065e-12 7.4807e-12
7277   2.6671e-01 2.4054e-12 7.0102e-12
7278   2.6671e-01 2.6691e-12 6.4452e-12
7279   2.6671e-01 3.1086e-12 5.7947e-12
7280   2.6671e-01 3.7310e-12 5.0672e-12
7281   2.6671e-01 4.2981e-12 4.2744e-12
7282   2.6671e-01 4.8042e-12 3.4262e-12
7283   2.6671e-01 5.2406e-12 2.5660e-12
7284   2.6671e-01 5.6036e-12 1.7223e-12
7285   2.6671e-01 5.8868e-12 2.2441e-12
7286   2.6671e-01 6.0885e-12 3.0318e-12
7287   2.6671e-01 6.2041e-12 3.7732e-12
7288   2.6671e-01 6.2349e-12 4.4692e-12
7289   2.6671e-01 6.1787e-12 5.1093e-12
7290   2.6671e-01 6.0391e-12 5.6757e-12
7291   2.6671e-01 5.8156e-12 6.1612e-12
7292   2.6671e-01 5.5144e-12 6.5590e-12
7293   2.6671e-01 5.1378e-12 7.0950e-12
7294   2.6671e-01 4.6936e-12 7.5435e-12
7295   2.6671e-01 4.1857e-12 7.8856e-12
7296   2.6671e-01 3.6625e-12 8.1225e-12
7297   2.6671e-01 3.2932e-12 8.2618e-12
7298   2.6671e-01 2.8800e-12 8.2865e-12
7299   2.6671e-01 2.4299e-12 8.1971e-12
7300   2.6671e-01 2.1555e-12 7.9955e-12
7301   2.6671e-01 2.0023e-12 7.6862e-12
7302   2.6671e-01 1.8225e-12 7.2746e-12
7303   2.6671e-01 2.0442e-12 6.8796e-12
7304   2.6671e-01 2.3152e-12 6.4164e-12
7305   2.6671e-01 2.5525e-12 5.8669e-12
7306   2.6671e-01 3.0614e-12 5.2394e-12
7307   2.6671e-01 3.6305e-12 4.5433e-12
7308   2.6671e-01 4.1452e-12 3.7882e-12
7309   2.6671e-01 4.6015e-12 2.9844e-12
7310   2.6671e-01 4.9914e-12 2.1916e-12
7311   2.6671e-01 5.3117e-12 1.5496e-12
7312   2.6671e-01 5.5556e-12 2.2930e-12
7313   2.6671e-01 5.7236e-12 3.0180e-12
7314   2.6671e-01 5.8103e-12 3.6983e-12
7315   2.6671e-01 5.8180e-12 4.3375e-12
7316   2.6671e-01 5.7442e-12 4.9177e-12
7317   2.6671e-01 5.5932e-12 5.4277e-12
7318   2.6671e-01 5.3647e-12 5.8597e-12
7319   2.6671e-01 5.0646e-12 6.2575e-12
7320   2.6671e-01 4.6953e-12 6.7460e-12
7321   2.6671e-01 4.2643e-12 7.1392e-12
7322   2.6671e-01 3.7757e-12 7.4320e-12
7323   2.6671e-01 3.3339e-12 7.6306e-12
7324   2.6671e-01 2.9777e-12 7.7326e-12
7325   2.6671e-01 2.5823e-12 7.7276e-12
7326   2.6671e-01 2.1564e-12 7.6162e-12
7327   2.6671e-01 1.9773e-12 7.4006e-12
7328   2.6671e-01 1.8278e-12 7.0870e-12
7329   2.6671e-01 1.7056e-12 6.6891e-12
7330   2.6671e-01 1.9791e-12 6.3192e-12
7331   2.6671e-01 2.2241e-12 5.8652e-12
7332   2.6671e-01 2.4418e-12 5.3317e-12
7333   2.6671e-01 3.0041e-12 4.7282e-12
7334   2.6671e-01 3.5231e-12 4.0623e-12
7335   2.6671e-01 3.9901e-12 3.3444e-12
7336   2.6671e-01 4.4005e-12 2.5836e-12
7337   2.6671e-01 4.7477e-12 1.8532e-12
7338   2.6671e-01 5.0284e-12 1.6223e-12
7339   2.6671e-01 5.2380e-12 2.3233e-12
7340   2.6671e-01 5.3746e-12 2.9900e-12
7341   2.6671e-01 5.4363e-12 3.6133e-12
7342   2.6671e-01 5.4235e-12 4.1994e-12
7343   2.6671e-01 5.3353e-12 4.7247e-12
7344   2.6671e-01 5.1748e-12 5.1823e-12
7345   2.6671e-01 4.9433e-12 5.5663e-12
7346   2.6671e-01 4.6456e-12 5.9724e-12
7347   2.6671e-01 4.2849e-12 6.4058e-12
7348   2.6671e-01 3.8677e-12 6.7489e-12
7349   2.6671e-01 3.3987e-12 6.9976e-12
7350   2.6671e-01 3.0300e-12 7.1616e-12
7351   2.6671e-01 2.6870e-12 7.2302e-12
7352   2.6671e-01 2.3086e-12 7.1996e-12
7353   2.6671e-01 1.9334e-12 7.0696e-12
7354   2.6671e-01 1.8129e-12 6.8430e-12
7355   2.6671e-01 1.6657e-12 6.5268e-12
7356   2.6671e-01 1.6632e-12 6.1640e-12
7357   2.6671e-01 1.9117e-12 5.7977e-12
7358   2.6671e-01 2.1330e-12 5.3531e-12
7359   2.6671e-01 2.4230e-12 4.8373e-12
7360   2.6671e-01 2.9385e-12 4.2573e-12
7361   2.6671e-01 3.4106e-12 3.6220e-12
7362   2.6671e-01 3.8339e-12 2.9399e-12
7363   2.6671e-01 4.2015e-12 2.2323e-12
7364   2.6671e-01 4.5102e-12 1.5495e-12
7365   2.6671e-01 4.7550e-12 1.6887e-12
7366   2.6671e-01 4.9331e-12 2.3374e-12
7367   2.6671e-01 5.0421e-12 2.9496e-12
7368   2.6671e-01 5.0815e-12 3.5235e-12
7369   2.6671e-01 5.0509e-12 4.0572e-12
7370   2.6671e-01 4.9505e-12 4.5313e-12
7371   2.6671e-01 4.7828e-12 4.9415e-12
7372   2.6671e-01 4.5498e-12 5.2807e-12
7373   2.6671e-01 4.2557e-12 5.6925e-12
7374   2.6671e-01 3.9042e-12 6.0756e-12
7375   2.6671e-01 3.5014e-12 6.3730e-12
7376   2.6671e-01 3.0516e-12 6.5817e-12
7377   2.6671e-01 2.7489e-12 6.7144e-12
7378   2.6671e-01 2.4193e-12 6.7545e-12
7379   2.6671e-01 2.0582e-12 6.7006e-12
7380   2.6671e-01 1.7782e-12 6.5558e-12
7381   2.6671e-01 1.6589e-12 6.3218e-12
7382   2.6671e-01 1.5162e-12 6.0040e-12
7383   2.6671e-01 1.6172e-12 5.6742e-12
7384   2.6671e-01 1.8429e-12 5.3121e-12
7385   2.6671e-01 2.0424e-12 4.8789e-12
7386   2.6671e-01 2.3941e-12 4.3806e-12
7387   2.6671e-01 2.8651e-12 3.8246e-12
7388   2.6671e-01 3.2950e-12 3.2192e-12
7389   2.6671e-01 3.6765e-12 2.5719e-12
7390   2.6671e-01 4.0065e-12 1.9191e-12
7391   2.6671e-01 4.2787e-12 1.2760e-12
7392   2.6671e-01 4.4915e-12 1.7395e-12
7393   2.6671e-01 4.6410e-12 2.3371e-12
7394   2.6671e-01 4.7259e-12 2.8993e-12
7395   2.6671e-01 4.7451e-12 3.4267e-12
7396   2.6671e-01 4.6992e-12 3.9111e-12
7397   2.6671e-01 4.5887e-12 4.3386e-12
7398   2.6671e-01 4.4158e-12 4.7049e-12
7399   2.6671e-01 4.1828e-12 5.0046e-12
7400   2.6671e-01 3.8937e-12 5.4183e-12
7401   2.6671e-01 3.5520e-12 5.7554e-12
7402   2.6671e-01 3.1634e-12 6.0118e-12
7403   2.6671e-01 2.7726e-12 6.1880e-12
7404   2.6671e-01 2.4893e-12 6.2892e-12
7405   2.6671e-01 2.1732e-12 6.3034e-12
7406   2.6671e-01 1.8287e-12 6.2306e-12
7407   2.6671e-01 1.6334e-12 6.0731e-12
7408   2.6671e-01 1.5158e-12 5.8338e-12
7409   2.6671e-01 1.3780e-12 5.5165e-12
7410   2.6671e-01 1.5685e-12 5.2170e-12
7411   2.6671e-01 1.7729e-12 4.8608e-12
7412   2.6671e-01 1.9524e-12 4.4398e-12
7413   2.6671e-01 2.3558e-12 3.9596e-12
7414   2.6671e-01 2.7861e-12 3.4273e-12
7415   2.6671e-01 3.1762e-12 2.8505e-12
7416   2.6671e-01 3.5204e-12 2.2377e-12
7417   2.6671e-01 3.8146e-12 1.6359e-12
7418   2.6671e-01 4.0549e-12 1.2076e-12
7419   2.6671e-01 4.2381e-12 1.7743e-12
7420   2.6671e-01 4.3616e-12 2.3241e-12
7421   2.6671e-01 4.4248e-12 2.8394e-12
7422   2.6671e-01 4.4269e-12 3.3244e-12
7423   2.6671e-01 4.3678e-12 3.7631e-12
7424   2.6671e-01 4.2493e-12 4.1479e-12
7425   2.6671e-01 4.0723e-12 4.4735e-12
7426   2.6671e-01 3.8406e-12 4.7820e-12
7427   2.6671e-01 3.5569e-12 5.1505e-12
7428   2.6671e-01 3.2259e-12 5.4453e-12
7429   2.6671e-01 2.8522e-12 5.6649e-12
7430   2.6671e-01 2.5231e-12 5.8121e-12
7431   2.6671e-01 2.2496e-12 5.8849e-12
7432   2.6671e-01 1.9474e-12 5.8774e-12
7433   2.6671e-01 1.6224e-12 5.7881e-12
7434   2.6671e-01 1.4981e-12 5.6201e-12
7435   2.6671e-01 1.3837e-12 5.3776e-12
7436   2.6671e-01 1.3104e-12 5.0757e-12
7437   2.6671e-01 1.5177e-12 4.7909e-12
7438   2.6671e-01 1.7027e-12 4.4421e-12
7439   2.6671e-01 1.8834e-12 4.0333e-12
7440   2.6671e-01 2.3098e-12 3.5719e-12
7441   2.6671e-01 2.7025e-12 3.0626e-12
7442   2.6671e-01 3.0559e-12 2.5148e-12
7443   2.6671e-01 3.3658e-12 1.9343e-12
7444   2.6671e-01 3.6274e-12 1.3805e-12
7445   2.6671e-01 3.8381e-12 1.2614e-12
7446   2.6671e-01 3.9944e-12 1.7950e-12
7447   2.6671e-01 4.0953e-12 2.3006e-12
7448   2.6671e-01 4.1390e-12 2.7733e-12
7449   2.6671e-01 4.1258e-12 3.2171e-12
7450   2.6671e-01 4.0556e-12 3.6141e-12
7451   2.6671e-01 3.9305e-12 3.9593e-12
7452   2.6671e-01 3.7515e-12 4.2485e-12
7453   2.6671e-01 3.5220e-12 4.5637e-12
7454   2.6671e-01 3.2449e-12 4.8897e-12
7455   2.6671e-01 2.9251e-12 5.1468e-12
7456   2.6671e-01 2.5660e-12 5.3317e-12
7457   2.6671e-01 2.2922e-12 5.4537e-12
7458   2.6671e-01 2.0289e-12 5.5020e-12
7459   2.6671e-01 1.7401e-12 5.4742e-12
7460   2.6671e-01 1.4665e-12 5.3717e-12
7461   2.6671e-01 1.3727e-12 5.1958e-12
7462   2.6671e-01 1.2605e-12 4.9515e-12
7463   2.6671e-01 1.2772e-12 4.6763e-12
7464   2.6671e-01 1.4651e-12 4.3942e-12
7465   2.6671e-01 1.6326e-12 4.0531e-12
7466   2.6671e-01 1.8671e-12 3.6581e-12
7467   2.6671e-01 2.2574e-12 3.2144e-12
7468   2.6671e-01 2.6153e-12 2.7293e-12
7469   2.6671e-01 2.9349e-12 2.2083e-12
7470   2.6671e-01 3.2127e-12 1.6711e-12
7471   2.6671e-01 3.4448e-12 1.1511e-12
7472   2.6671e-01 3.6285e-12 1.3115e-12
7473   2.6671e-01 3.7609e-12 1.8031e-12
7474   2.6671e-01 3.8411e-12 2.2679e-12
7475   2.6671e-01 3.8682e-12 2.7033e-12
7476   2.6671e-01 3.8416e-12 3.1064e-12
7477   2.6671e-01 3.7623e-12 3.4652e-12
7478   2.6671e-01 3.6320e-12 3.7742e-12
7479   2.6671e-01 3.4519e-12 4.0298e-12
7480   2.6671e-01 3.2256e-12 4.3484e-12
7481   2.6671e-01 2.9558e-12 4.6364e-12
7482   2.6671e-01 2.6472e-12 4.8591e-12
7483   2.6671e-01 2.3033e-12 5.0147e-12
7484   2.6671e-01 2.0785e-12 5.1119e-12
7485   2.6671e-01 1.8261e-12 5.1385e-12
7486   2.6671e-01 1.5500e-12 5.0944e-12
7487   2.6671e-01 1.3481e-12 4.9803e-12
7488   2.6671e-01 1.2556e-12 4.7988e-12
7489   2.6671e-01 1.1467e-12 4.5536e-12
7490   2.6671e-01 1.2411e-12 4.3041e-12
7491   2.6671e-01 1.4118e-12 4.0249e-12
7492   2.6671e-01 1.5625e-12 3.6932e-12
7493   2.6671e-01 1.8433e-12 3.3111e-12
7494   2.6671e-01 2.1998e-12 2.8867e-12
7495   2.6671e-01 2.5254e-12 2.4233e-12
7496   2.6671e-01 2.8136e-12 1.9302e-12
7497   2.6671e-01 3.0628e-12 1.4350e-12
7498   2.6671e-01 3.2672e-12 9.4430e-13
7499   2.6671e-01 3.4267e-12 1.3478e-12
7500   2.6671e-01 3.5374e-12 1.8010e-12
7501   2.6671e-01 3.5993e-12 2.2274e-12
7502   2.6671e-01 3.6111e-12 2.6276e-12
7503   2.6671e-01 3.5737e-12 2.9937e-12
7504   2.6671e-01 3.4867e-12 3.3167e-12
7505   2.6671e-01 3.3525e-12 3.5926e-12
7506   2.6671e-01 3.1726e-12 3.8260e-12
7507   2.6671e-01 2.9503e-12 4.1379e-12
7508   2.6671e-01 2.6878e-12 4.3908e-12
7509   2.6671e-01 2.3905e-12 4.5825e-12
7510   2.6671e-01 2.0986e-12 4.7142e-12
7511   2.6671e-01 1.8816e-12 4.7872e-12
7512   2.6671e-01 1.6394e-12 4.7951e-12
7513   2.6671e-01 1.3764e-12 4.7362e-12
7514   2.6671e-01 1.2377e-12 4.6124e-12
7515   2.6671e-01 1.1476e-12 4.4274e-12
7516   2.6671e-01 1.0417e-12 4.1829e-12
7517   2.6671e-01 1.2031e-12 3.9557e-12
7518   2.6671e-01 1.3578e-12 3.6822e-12
7519   2.6671e-01 1.4932e-12 3.3592e-12
7520   2.6671e-01 1.8125e-12 2.9921e-12
7521   2.6671e-01 2.1382e-12 2.5846e-12
7522   2.6671e-01 2.4333e-12 2.1451e-12
7523   2.6671e-01 2.6934e-12 1.6769e-12
7524   2.6671e-01 2.9151e-12 1.2207e-12
7525   2.6671e-01 3.0953e-12 9.4044e-13
7526   2.6671e-01 3.2325e-12 1.3722e-12
7527   2.6671e-01 3.3240e-12 1.7895e-12
7528   2.6671e-01 3.3695e-12 2.1800e-12
7529   2.6671e-01 3.3682e-12 2.5476e-12
7530   2.6671e-01 3.3209e-12 2.8794e-12
7531   2.6671e-01 3.2281e-12 3.1697e-12
7532   2.6671e-01 3.0908e-12 3.4155e-12
7533   2.6671e-01 2.9124e-12 3.6551e-12
7534   2.6671e-01 2.6942e-12 3.9319e-12
7535   2.6671e-01 2.4407e-12 4.1539e-12
7536   2.6671e-01 2.1542e-12 4.3170e-12
7537   2.6671e-01 1.9092e-12 4.4267e-12
7538   2.6671e-01 1.6997e-12 4.4793e-12
7539   2.6671e-01 1.4681e-12 4.4698e-12
7540   2.6671e-01 1.2201e-12 4.3988e-12
7541   2.6671e-01 1.1349e-12 4.2677e-12
7542   2.6671e-01 1.0471e-12 4.0803e-12
7543   2.6671e-01 1.0066e-12 3.8513e-12
7544   2.6671e-01 1.1638e-12 3.6318e-12
7545   2.6671e-01 1.3038e-12 3.3640e-12
7546   2.6671e-01 1.4523e-12 3.0508e-12
7547   2.6671e-01 1.7756e-12 2.6976e-12
7548   2.6671e-01 2.0731e-12 2.3085e-12
7549   2.6671e-01 2.3402e-12 1.8904e-12
7550   2.6671e-01 2.5740e-12 1.4492e-12
7551   2.6671e-01 2.7710e-12 1.0275e-12
7552   2.6671e-01 2.9290e-12 9.8186e-13
7553   2.6671e-01 3.0460e-12 1.3864e-12
7554   2.6671e-01 3.1203e-12 1.7700e-12
7555   2.6671e-01 3.1513e-12 2.1288e-12
7556   2.6671e-01 3.1385e-12 2.4644e-12
7557   2.6671e-01 3.0829e-12 2.7646e-12
7558   2.6671e-01 2.9852e-12 3.0249e-12
7559   2.6671e-01 2.8467e-12 3.2427e-12
7560   2.6671e-01 2.6702e-12 3.4868e-12
7561   2.6671e-01 2.4573e-12 3.7322e-12
7562   2.6671e-01 2.2119e-12 3.9249e-12
7563   2.6671e-01 1.9370e-12 4.0629e-12
7564   2.6671e-01 1.7334e-12 4.1531e-12
7565   2.6671e-01 1.5324e-12 4.1867e-12
7566   2.6671e-01 1.3108e-12 4.1626e-12
7567   2.6671e-01 1.1119e-12 4.0814e-12
7568   2.6671e-01 1.0398e-12 3.9446e-12
7569   2.6671e-01 9.5349e-13 3.7560e-12
7570   2.6671e-01 9.8031e-13 3.5475e-12
7571   2.6671e-01 1.1230e-12 3.3303e-12
7572   2.6671e-01 1.2491e-12 3.0685e-12
7573   2.6671e-01 1.4385e-12 2.7657e-12
7574   2.6671e-01 1.7341e-12 2.4268e-12
7575   2.6671e-01 2.0050e-12 2.0556e-12
7576   2.6671e-01 2.2469e-12 1.6586e-12
7577   2.6671e-01 2.4563e-12 1.2511e-12
7578   2.6671e-01 2.6308e-12 8.5452e-13
7579   2.6671e-01 2.7685e-12 1.0179e-12
7580   2.6671e-01 2.8673e-12 1.3913e-12
7581   2.6671e-01 2.9261e-12 1.7433e-12
7582   2.6671e-01 2.9442e-12 2.0737e-12
7583   2.6671e-01 2.9218e-12 2.3788e-12
7584   2.6671e-01 2.8592e-12 2.6497e-12
7585   2.6671e-01 2.7577e-12 2.8824e-12
7586   2.6671e-01 2.6188e-12 3.0749e-12
7587   2.6671e-01 2.4447e-12 3.3216e-12
7588   2.6671e-01 2.2375e-12 3.5380e-12
7589   2.6671e-01 2.0010e-12 3.7048e-12
7590   2.6671e-01 1.7442e-12 3.8208e-12
7591   2.6671e-01 1.5715e-12 3.8922e-12
7592   2.6671e-01 1.3786e-12 3.9095e-12
7593   2.6671e-01 1.1669e-12 3.8729e-12
7594   2.6671e-01 1.0220e-12 3.7831e-12
7595   2.6671e-01 9.5070e-13 3.6426e-12
7596   2.6671e-01 8.6735e-13 3.4533e-12
7597   2.6671e-01 9.5228e-13 3.2638e-12
7598   2.6671e-01 1.0815e-12 3.0499e-12
7599   2.6671e-01 1.1953e-12 2.7948e-12
7600   2.6671e-01 1.4188e-12 2.5026e-12
7601   2.6671e-01 1.6890e-12 2.1779e-12
7602   2.6671e-01 1.9354e-12 1.8245e-12
7603   2.6671e-01 2.1530e-12 1.4481e-12
7604   2.6671e-01 2.3409e-12 1.0720e-12
7605   2.6671e-01 2.4945e-12 6.9859e-13
7606   2.6671e-01 2.6140e-12 1.0443e-12
7607   2.6671e-01 2.6959e-12 1.3880e-12
7608   2.6671e-01 2.7414e-12 1.7112e-12
7609   2.6671e-01 2.7478e-12 2.0147e-12
7610   2.6671e-01 2.7177e-12 2.2911e-12
7611   2.6671e-01 2.6491e-12 2.5356e-12
7612   2.6671e-01 2.5452e-12 2.7433e-12
7613   2.6671e-01 2.4061e-12 2.9247e-12
7614   2.6671e-01 2.2354e-12 3.1598e-12
7615   2.6671e-01 2.0340e-12 3.3500e-12
7616   2.6671e-01 1.8063e-12 3.4930e-12
7617   2.6671e-01 1.5884e-12 3.5910e-12
7618   2.6671e-01 1.4222e-12 3.6444e-12
7619   2.6671e-01 1.2369e-12 3.6471e-12
7620   2.6671e-01 1.0363e-12 3.5996e-12
7621   2.6671e-01 9.3829e-13 3.5032e-12
7622   2.6671e-01 8.6846e-13 3.3599e-12
7623   2.6671e-01 7.9223e-13 3.1716e-12
7624   2.6671e-01 9.2276e-13 2.9995e-12
7625   2.6671e-01 1.0398e-12 2.7891e-12
7626   2.6671e-01 1.1418e-12 2.5417e-12
7627   2.6671e-01 1.3942e-12 2.2602e-12
7628   2.6671e-01 1.6404e-12 1.9495e-12
7629   2.6671e-01 1.8642e-12 1.6130e-12
7630   2.6671e-01 2.0600e-12 1.2566e-12
7631   2.6671e-01 2.2277e-12 9.1058e-13
7632   2.6671e-01 2.3624e-12 7.3223e-13
7633   2.6671e-01 2.4657e-12 1.0614e-12
7634   2.6671e-01 2.5325e-12 1.3777e-12
7635   2.6671e-01 2.5660e-12 1.6740e-12
7636   2.6671e-01 2.5624e-12 1.9525e-12
7637   2.6671e-01 2.5252e-12 2.2030e-12
7638   2.6671e-01 2.4515e-12 2.4226e-12
7639   2.6671e-01 2.3463e-12 2.6071e-12
7640   2.6671e-01 2.2077e-12 2.7932e-12
7641   2.6671e-01 2.0412e-12 3.0020e-12
7642   2.6671e-01 1.8458e-12 3.1682e-12
7643   2.6671e-01 1.6273e-12 3.2903e-12
7644   2.6671e-01 1.4443e-12 3.3714e-12
7645   2.6671e-01 1.2841e-12 3.4087e-12
7646   2.6671e-01 1.1068e-12 3.3992e-12
7647   2.6671e-01 9.1796e-13 3.3428e-12
7648   2.6671e-01 8.5980e-13 3.2406e-12
7649   2.6671e-01 7.9230e-13 3.0957e-12
7650   2.6671e-01 7.7325e-13 2.9220e-12
7651   2.6671e-01 8.9197e-13 2.7534e-12
7652   2.6671e-01 9.9785e-13 2.5471e-12
7653   2.6671e-01 1.1195e-12 2.3074e-12
7654   2.6671e-01 1.3649e-12 2.0370e-12
7655   2.6671e-01 1.5897e-12 1.7404e-12
7656   2.6671e-01 1.7922e-12 1.4200e-12
7657   2.6671e-01 1.9684e-12 1.0854e-12
7658   2.6671e-01 2.1169e-12 7.6469e-13
7659   2.6671e-01 2.2351e-12 7.6357e-13
7660   2.6671e-01 2.3224e-12 1.0708e-12
7661   2.6671e-01 2.3771e-12 1.3616e-12
7662   2.6671e-01 2.3989e-12 1.6339e-12
7663   2.6671e-01 2.3874e-12 1.8878e-12
7664   2.6671e-01 2.3435e-12 2.1144e-12
7665   2.6671e-01 2.2670e-12 2.3111e-12
7666   2.6671e-01 2.1603e-12 2.4748e-12
7667   2.6671e-01 2.0238e-12 2.6637e-12
7668   2.6671e-01 1.8606e-12 2.8484e-12
7669   2.6671e-01 1.6724e-12 2.9928e-12
7670   2.6671e-01 1.4624e-12 3.0959e-12
7671   2.6671e-01 1.3114e-12 3.1622e-12
7672   2.6671e-01 1.1568e-12 3.1856e-12
7673   2.6671e-01 9.8789e-13 3.1650e-12
7674   2.6671e-01 8.4284e-13 3.1008e-12
7675   2.6671e-01 7.8743e-13 2.9945e-12
7676   2.6671e-01 7.2135e-13 2.8491e-12
7677   2.6671e-01 7.5270e-13 2.6911e-12
7678   2.6671e-01 8.6074e-13 2.5236e-12
7679   2.6671e-01 9.5601e-13 2.3233e-12
7680   2.6671e-01 1.1078e-12 2.0907e-12
7681   2.6671e-01 1.3322e-12 1.8319e-12
7682   2.6671e-01 1.5369e-12 1.5482e-12
7683   2.6671e-01 1.7198e-12 1.2454e-12
7684   2.6671e-01 1.8775e-12 9.3621e-13
7685   2.6671e-01 2.0093e-12 6.3351e-13
7686   2.6671e-01 2.1121e-12 7.8958e-13
7687   2.6671e-01 2.1859e-12 1.0730e-12
7688   2.6671e-01 2.2288e-12 1.3402e-12
7689   2.6671e-01 2.2410e-12 1.5908e-12
7690   2.6671e-01 2.2218e-12 1.8213e-12
7691   2.6671e-01 2.1729e-12 2.0261e-12
7692   2.6671e-01 2.0938e-12 2.2017e-12
7693   2.6671e-01 1.9869e-12 2.3464e-12
7694   2.6671e-01 1.8525e-12 2.5367e-12
7695   2.6671e-01 1.6937e-12 2.6998e-12
7696   2.6671e-01 1.5121e-12 2.8243e-12
7697   2.6671e-01 1.3202e-12 2.9111e-12
7698   2.6671e-01 1.1885e-12 2.9633e-12
7699   2.6671e-01 1.0400e-12 2.9739e-12
7700   2.6671e-01 8.7879e-13 2.9443e-12
7701   2.6671e-01 7.7467e-13 2.8738e-12
7702   2.6671e-01 7.2010e-13 2.7648e-12
7703   2.6671e-01 6.5604e-13 2.6191e-12
7704   2.6671e-01 7.3094e-13 2.4752e-12
7705   2.6671e-01 8.2828e-13 2.3105e-12
7706   2.6671e-01 9.1434e-13 2.1151e-12
7707   2.6671e-01 1.0915e-12 1.8915e-12
7708   2.6671e-01 1.2965e-12 1.6431e-12
7709   2.6671e-01 1.4827e-12 1.3733e-12
7710   2.6671e-01 1.6474e-12 1.0857e-12
7711   2.6671e-01 1.7887e-12 8.0043e-13
7712   2.6671e-01 1.9046e-12 5.4243e-13
7713   2.6671e-01 1.9938e-12 8.0864e-13
7714   2.6671e-01 2.0547e-12 1.0695e-12
7715   2.6671e-01 2.0878e-12 1.3144e-12
7716   2.6671e-01 2.0911e-12 1.5446e-12
7717   2.6671e-01 2.0665e-12 1.7536e-12
7718   2.6671e-01 2.0126e-12 1.9381e-12
7719   2.6671e-01 1.9324e-12 2.0945e-12
7720   2.6671e-01 1.8247e-12 2.2357e-12
7721   2.6671e-01 1.6934e-12 2.4124e-12
7722   2.6671e-01 1.5387e-12 2.5555e-12
7723   2.6671e-01 1.3645e-12 2.6626e-12
7724   2.6671e-01 1.2018e-12 2.7352e-12
7725   2.6671e-01 1.0749e-12 2.7745e-12
7726   2.6671e-01 9.3280e-13 2.7737e-12
7727   2.6671e-01 7.7955e-13 2.7362e-12
7728   2.6671e-01 7.1125e-13 2.6604e-12
7729   2.6671e-01 6.5693e-13 2.5495e-12
7730   2.6671e-01 6.0869e-13 2.4054e-12
7731   2.6671e-01 7.0770e-13 2.2738e-12
7732   2.6671e-01 7.9600e-13 2.1127e-12
7733   2.6671e-01 8.7318e-13 1.9227e-12
7734   2.6671e-01 1.0718e-12 1.7078e-12
7735   2.6671e-01 1.2588e-12 1.4700e-12
7736   2.6671e-01 1.4277e-12 1.2134e-12
7737   2.6671e-01 1.5757e-12 9.4096e-13
7738   2.6671e-01 1.7017e-12 6.7844e-13
7739   2.6671e-01 1.8034e-12 5.7000e-13
7740   2.6671e-01 1.8802e-12 8.2064e-13
7741   2.6671e-01 1.9299e-12 1.0608e-12
7742   2.6671e-01 1.9536e-12 1.2850e-12
7743   2.6671e-01 1.9498e-12 1.4963e-12
7744   2.6671e-01 1.9193e-12 1.6855e-12
7745   2.6671e-01 1.8624e-12 1.8513e-12
7746   2.6671e-01 1.7804e-12 1.9902e-12
7747   2.6671e-01 1.6744e-12 2.1348e-12
7748   2.6671e-01 1.5454e-12 2.2918e-12
7749   2.6671e-01 1.3963e-12 2.4165e-12
7750   2.6671e-01 1.2286e-12 2.5074e-12
7751   2.6671e-01 1.0930e-12 2.5675e-12
7752   2.6671e-01 9.6972e-13 2.5942e-12
7753   2.6671e-01 8.3428e-13 2.5850e-12
7754   2.6671e-01 6.9478e-13 2.5400e-12
7755   2.6671e-01 6.5185e-13 2.4606e-12
7756   2.6671e-01 5.9908e-13 2.3487e-12
7757   2.6671e-01 5.9375e-13 2.2164e-12
7758   2.6671e-01 6.8366e-13 2.0871e-12
7759   2.6671e-01 7.6376e-13 1.9283e-12
7760   2.6671e-01 8.6292e-13 1.7454e-12
7761   2.6671e-01 1.0488e-12 1.5379e-12
7762   2.6671e-01 1.2190e-12 1.3116e-12
7763   2.6671e-01 1.3719e-12 1.0671e-12
7764   2.6671e-01 1.5052e-12 8.1295e-13
7765   2.6671e-01 1.6170e-12 5.6868e-13
7766   2.6671e-01 1.7058e-12 5.9393e-13
7767   2.6671e-01 1.7707e-12 8.2654e-13
7768   2.6671e-01 1.8109e-12 1.0475e-12
7769   2.6671e-01 1.8261e-12 1.2538e-12
7770   2.6671e-01 1.8162e-12 1.4458e-12
7771   2.6671e-01 1.7807e-12 1.6174e-12
7772   2.6671e-01 1.7218e-12 1.7656e-12
7773   2.6671e-01 1.6387e-12 1.8887e-12
7774   2.6671e-01 1.5345e-12 2.0352e-12
7775   2.6671e-01 1.4083e-12 2.1740e-12
7776   2.6671e-01 1.2648e-12 2.2823e-12
7777   2.6671e-01 1.1035e-12 2.3589e-12
7778   2.6671e-01 9.9169e-13 2.4078e-12
7779   2.6671e-01 8.7380e-13 2.4236e-12
7780   2.6671e-01 7.4406e-13 2.4062e-12
7781   2.6671e-01 6.3932e-13 2.3559e-12
7782   2.6671e-01 5.9658e-13 2.2735e-12
7783   2.6671e-01 5.4565e-13 2.1609e-12
7784   2.6671e-01 5.7785e-13 2.0410e-12
7785   2.6671e-01 6.5948e-13 1.9128e-12
7786   2.6671e-01 7.3126e-13 1.7583e-12
7787   2.6671e-01 8.5337e-13 1.5809e-12
7788   2.6671e-01 1.0231e-12 1.3822e-12
7789   2.6671e-01 1.1782e-12 1.1661e-12
7790   2.6671e-01 1.3160e-12 9.3428e-13
7791   2.6671e-01 1.4355e-12 6.9976e-13
7792   2.6671e-01 1.5341e-12 4.6990e-13
7793   2.6671e-01 1.6115e-12 6.1261e-13
7794   2.6671e-01 1.6660e-12 8.2778e-13
7795   2.6671e-01 1.6976e-12 1.0300e-12
7796   2.6671e-01 1.7054e-12 1.2198e-12
7797   2.6671e-01 1.6900e-12 1.3949e-12
7798   2.6671e-01 1.6511e-12 1.5490e-12
7799   2.6671e-01 1.5899e-12 1.6818e-12
7800   2.6671e-01 1.5068e-12 1.7899e-12
7801   2.6671e-01 1.4036e-12 1.9375e-12
7802   2.6671e-01 1.2819e-12 2.0604e-12
7803   2.6671e-01 1.1431e-12 2.1533e-12
7804   2.6671e-01 9.9957e-13 2.2180e-12
7805   2.6671e-01 8.9823e-13 2.2558e-12
7806   2.6671e-01 7.8497e-13 2.2623e-12
7807   2.6671e-01 6.6150e-13 2.2379e-12
7808   2.6671e-01 5.8710e-13 2.1827e-12
7809   2.6671e-01 5.4527e-13 2.0986e-12
7810   2.6671e-01 4.9598e-13 1.9860e-12
7811   2.6671e-01 5.6034e-13 1.8770e-12
7812   2.6671e-01 6.3451e-13 1.7507e-12
7813   2.6671e-01 6.9929e-13 1.6006e-12
7814   2.6671e-01 8.4027e-13 1.4294e-12
7815   2.6671e-01 9.9488e-13 1.2392e-12
7816   2.6671e-01 1.1364e-12 1.0334e-12
7817   2.6671e-01 1.2602e-12 8.1386e-13
7818   2.6671e-01 1.3674e-12 5.9779e-13
7819   2.6671e-01 1.4540e-12 4.2305e-13
7820   2.6671e-01 1.5209e-12 6.2627e-13
7821   2.6671e-01 1.5657e-12 8.2391e-13
7822   2.6671e-01 1.5897e-12 1.0095e-12
7823   2.6671e-01 1.5909e-12 1.1841e-12
7824   2.6671e-01 1.5711e-12 1.3423e-12
7825   2.6671e-01 1.5287e-12 1.4815e-12
7826   2.6671e-01 1.4669e-12 1.5995e-12
7827   2.6671e-01 1.3836e-12 1.7089e-12
7828   2.6671e-01 1.2831e-12 1.8425e-12
7829   2.6671e-01 1.1642e-12 1.9496e-12
7830   2.6671e-01 1.0311e-12 2.0293e-12
7831   2.6671e-01 9.0957e-13 2.0836e-12
7832   2.6671e-01 8.1202e-13 2.1115e-12
7833   2.6671e-01 7.0365e-13 2.1095e-12
7834   2.6671e-01 5.8672e-13 2.0793e-12
7835   2.6671e-01 5.3851e-13 2.0206e-12
7836   2.6671e-01 4.9780e-13 1.9349e-12
7837   2.6671e-01 4.6758e-13 1.8251e-12
7838   2.6671e-01 5.4254e-13 1.7242e-12
7839   2.6671e-01 6.0946e-13 1.6003e-12
7840   2.6671e-01 6.7018e-13 1.4543e-12
7841   2.6671e-01 8.2463e-13 1.2899e-12
7842   2.6671e-01 9.6537e-13 1.1078e-12
7843   2.6671e-01 1.0936e-12 9.1246e-13
7844   2.6671e-01 1.2048e-12 7.0445e-13
7845   2.6671e-01 1.3005e-12 5.0493e-13
7846   2.6671e-01 1.3761e-12 4.4308e-13
7847   2.6671e-01 1.4337e-12 6.3446e-13
7848   2.6671e-01 1.4702e-12 8.1637e-13
7849   2.6671e-01 1.4877e-12 9.8650e-13
7850   2.6671e-01 1.4828e-12 1.1463e-12
7851   2.6671e-01 1.4592e-12 1.2895e-12
7852   2.6671e-01 1.4143e-12 1.4147e-12
7853   2.6671e-01 1.3514e-12 1.5192e-12
7854   2.6671e-01 1.2690e-12 1.6312e-12
7855   2.6671e-01 1.1706e-12 1.7495e-12
7856   2.6671e-01 1.0559e-12 1.8431e-12
7857   2.6671e-01 9.2795e-13 1.9107e-12
7858   2.6671e-01 8.2650e-13 1.9550e-12
7859   2.6671e-01 7.3278e-13 1.9741e-12
7860   2.6671e-01 6.2872e-13 1.9655e-12
7861   2.6671e-01 5.2670e-13 1.9303e-12
7862   2.6671e-01 4.9376e-13 1.8684e-12
7863   2.6671e-01 4.5335e-13 1.7816e-12
7864   2.6671e-01 4.5588e-13 1.6819e-12
7865   2.6671e-01 5.2407e-13 1.5817e-12
7866   2.6671e-01 5.8420e-13 1.4605e-12
7867   2.6671e-01 6.6481e-13 1.3195e-12
7868   2.6671e-01 8.0615e-13 1.1614e-12
7869   2.6671e-01 9.3466e-13 9.8772e-13
