t      Ma         |du_dt|    |dv_dt|
0      1.7321e-01 1.6667e-02 1.5701e-02
1      1.7321e-01 1.1111e-02 9.0493e-03
2      1.7321e-01 1.9880e-02 1.5395e-02
3      1.7321e-01 1.1290e-02 1.2433e-02
4      1.7321e-01 1.3589e-02 1.4539e-02
5      1.7321e-01 6.8694e-03 1.0310e-02
6      1.7321e-01 5.3849e-03 9.6613e-03
7      1.7321e-01 5.1656e-03 5.5978e-03
8      1.7321e-01 4.2725e-03 4.9811e-03
9      1.7321e-01 4.7652e-03 4.3362e-03
10     1.7321e-01 3.4631e-03 4.3363e-03
11     1.7321e-01 3.3825e-03 3.8016e-03
12     1.7321e-01 2.9127e-03 3.3931e-03
13     1.7321e-01 2.7994e-03 3.0277e-03
14     1.7321e-01 2.8664e-03 3.0030e-03
15     1.7321e-01 2.5207e-03 2.7936e-03
16     1.7321e-01 2.5489e-03 2.7080e-03
17     1.7321e-01 2.3681e-03 2.4317e-03
18     1.7321e-01 2.2276e-03 2.3734e-03
19     1.7321e-01 2.1507e-03 2.2248e-03
20     1.7321e-01 2.0781e-03 2.1717e-03
21     1.7321e-01 2.0348e-03 2.0694e-03
22     1.7321e-01 1.9428e-03 1.9944e-03
23     1.7321e-01 1.8486e-03 1.9079e-03
24     1.7321e-01 1.8366e-03 1.8287e-03
25     1.7321e-01 1.7690e-03 1.7629e-03
26     1.7321e-01 1.7822e-03 1.6638e-03
27     1.7321e-01 2.0153e-03 1.5491e-03
28     1.7321e-01 2.1519e-03 1.3989e-03
29     1.7321e-01 2.1988e-03 1.3189e-03
30     1.7321e-01 2.1734e-03 1.2943e-03
31     1.7321e-01 2.0110e-03 1.2536e-03
32     1.7321e-01 1.8396e-03 1.4142e-03
33     1.7321e-01 1.7144e-03 1.5041e-03
34     1.7321e-01 1.5959e-03 1.5564e-03
35     1.7321e-01 1.4932e-03 1.5025e-03
36     1.7321e-01 1.4189e-03 1.3761e-03
37     1.7321e-01 1.3789e-03 1.2860e-03
38     1.7321e-01 1.4172e-03 1.2303e-03
39     1.7321e-01 1.3894e-03 1.1891e-03
40     1.7321e-01 1.2817e-03 1.1892e-03
41     1.7321e-01 1.2318e-03 1.1444e-03
42     1.7321e-01 1.2312e-03 1.1231e-03
43     1.7321e-01 1.2082e-03 1.0838e-03
44     1.7321e-01 1.2056e-03 1.0570e-03
45     1.7321e-01 1.2062e-03 1.0421e-03
46     1.7321e-01 1.2190e-03 1.0048e-03
47     1.7321e-01 1.2337e-03 9.9366e-04
48     1.7321e-01 1.1966e-03 9.4941e-04
49     1.7321e-01 1.1757e-03 9.4626e-04
50     1.7321e-01 1.1577e-03 9.1440e-04
51     1.7321e-01 1.0463e-03 8.9470e-04
52     1.7321e-01 9.3539e-04 8.3027e-04
53     1.7321e-01 8.9888e-04 7.7395e-04
54     1.7321e-01 8.9944e-04 6.5805e-04
55     1.7321e-01 9.2242e-04 6.0406e-04
56     1.7321e-01 9.8083e-04 5.3366e-04
57     1.7321e-01 1.0683e-03 5.3668e-04
58     1.7321e-01 1.1943e-03 5.8042e-04
59     1.7321e-01 1.2847e-03 6.7749e-04
60     1.7321e-01 1.3274e-03 8.2778e-04
61     1.7321e-01 1.3570e-03 9.6540e-04
62     1.7321e-01 1.3522e-03 1.0655e-03
63     1.7321e-01 1.3145e-03 1.1078e-03
64     1.7321e-01 1.2788e-03 1.1218e-03
65     1.7321e-01 1.2541e-03 1.1094e-03
66     1.7321e-01 1.1996e-03 1.0764e-03
67     1.7321e-01 1.1627e-03 1.0822e-03
68     1.7424e-01 1.1115e-03 1.1274e-03
69     1.7568e-01 1.0959e-03 1.1363e-03
70     1.7708e-01 1.0835e-03 1.1041e-03
71     1.7838e-01 1.1010e-03 1.0291e-03
72     1.7959e-01 1.1051e-03 9.3993e-04
73     1.8065e-01 1.1112e-03 8.5994e-04
74     1.8162e-01 1.1061e-03 7.8070e-04
75     1.8278e-01 1.1122e-03 7.2286e-04
76     1.8377e-01 1.0955e-03 6.8301e-04
77     1.8482e-01 1.0866e-03 6.3569e-04
78     1.8579e-01 1.0776e-03 6.0578e-04
79     1.8656e-01 1.0787e-03 5.8313e-04
80     1.8735e-01 1.1095e-03 6.1331e-04
81     1.8807e-01 1.1651e-03 6.7056e-04
82     1.8864e-01 1.2251e-03 7.0109e-04
83     1.8938e-01 1.2683e-03 7.0960e-04
84     1.9008e-01 1.2915e-03 7.0187e-04
85     1.9097e-01 1.2756e-03 7.0879e-04
86     1.9199e-01 1.2347e-03 7.0510e-04
87     1.9301e-01 1.1549e-03 6.8459e-04
88     1.9403e-01 1.0554e-03 6.6433e-04
89     1.9495e-01 9.3629e-04 6.7890e-04
90     1.9567e-01 7.9991e-04 7.0350e-04
91     1.9620e-01 7.0422e-04 7.1907e-04
92     1.9656e-01 7.3446e-04 7.3312e-04
93     1.9679e-01 7.5600e-04 7.2872e-04
94     1.9712e-01 8.0014e-04 7.0448e-04
95     1.9774e-01 8.6909e-04 6.8128e-04
96     1.9847e-01 9.3567e-04 6.5414e-04
97     1.9917e-01 9.8195e-04 6.4191e-04
98     1.9978e-01 1.0036e-03 6.4755e-04
99     2.0024e-01 9.9893e-04 6.6649e-04
100    2.0055e-01 9.6718e-04 6.7424e-04
101    2.0072e-01 9.1056e-04 7.0140e-04
102    2.0086e-01 8.3210e-04 7.2758e-04
103    2.0091e-01 7.4318e-04 7.5466e-04
104    2.0086e-01 6.6866e-04 8.0242e-04
105    2.0074e-01 6.2153e-04 8.2815e-04
106    2.0063e-01 5.9495e-04 8.4218e-04
107    2.0051e-01 5.7695e-04 8.5637e-04
108    2.0035e-01 5.6587e-04 8.7050e-04
109    2.0015e-01 5.6083e-04 9.1420e-04
110    1.9994e-01 5.5626e-04 9.5624e-04
111    1.9973e-01 5.4361e-04 9.9130e-04
112    1.9953e-01 5.2966e-04 1.0085e-03
113    1.9935e-01 5.0097e-04 1.0392e-03
114    1.9919e-01 4.6287e-04 1.0766e-03
115    1.9911e-01 4.1401e-04 1.0876e-03
116    1.9911e-01 4.6564e-04 1.0990e-03
117    1.9913e-01 5.1213e-04 1.0982e-03
118    1.9919e-01 5.5066e-04 1.0576e-03
119    1.9927e-01 5.7501e-04 1.0044e-03
120    1.9938e-01 5.8148e-04 9.1580e-04
121    1.9951e-01 5.6828e-04 8.1894e-04
122    1.9968e-01 5.4066e-04 6.9534e-04
123    1.9988e-01 4.9851e-04 5.7152e-04
124    2.0015e-01 5.0070e-04 4.6985e-04
125    2.0044e-01 5.5032e-04 4.1350e-04
126    2.0076e-01 5.7883e-04 4.2648e-04
127    2.0110e-01 5.8837e-04 4.3472e-04
128    2.0146e-01 5.9793e-04 4.3552e-04
129    2.0185e-01 5.9431e-04 4.2421e-04
130    2.0226e-01 5.7840e-04 4.0789e-04
131    2.0277e-01 5.6286e-04 3.8899e-04
132    2.0333e-01 5.6922e-04 3.6803e-04
133    2.0393e-01 5.8177e-04 3.6913e-04
134    2.0458e-01 5.8206e-04 3.8909e-04
135    2.0526e-01 5.8921e-04 4.1689e-04
136    2.0602e-01 5.9504e-04 4.5806e-04
137    2.0678e-01 5.8800e-04 4.9833e-04
138    2.0750e-01 5.9185e-04 5.3775e-04
139    2.0818e-01 5.8937e-04 5.8464e-04
140    2.0880e-01 5.8072e-04 6.3719e-04
141    2.0933e-01 5.7583e-04 6.7328e-04
142    2.0978e-01 6.3710e-04 7.0722e-04
143    2.1014e-01 7.0205e-04 7.2335e-04
144    2.1041e-01 7.5705e-04 7.2343e-04
145    2.1055e-01 7.9843e-04 7.1376e-04
146    2.1059e-01 8.2456e-04 6.8700e-04
147    2.1051e-01 8.3327e-04 6.4259e-04
148    2.1035e-01 8.2482e-04 5.9325e-04
149    2.1012e-01 7.9906e-04 5.3538e-04
150    2.0986e-01 7.6051e-04 4.6778e-04
151    2.0958e-01 7.1023e-04 4.0474e-04
152    2.0928e-01 6.4982e-04 4.2376e-04
153    2.0898e-01 5.9618e-04 4.3836e-04
154    2.0870e-01 5.4433e-04 4.3006e-04
155    2.0845e-01 5.1126e-04 4.3141e-04
156    2.0822e-01 4.9830e-04 4.2767e-04
157    2.0804e-01 4.7314e-04 4.1121e-04
158    2.0794e-01 4.4872e-04 3.9445e-04
159    2.0792e-01 4.3538e-04 4.2296e-04
160    2.0795e-01 4.2283e-04 4.4277e-04
161    2.0800e-01 4.2581e-04 4.5656e-04
162    2.0808e-01 4.2522e-04 4.6769e-04
163    2.0816e-01 4.2426e-04 4.6596e-04
164    2.0824e-01 4.1836e-04 4.6131e-04
165    2.0832e-01 4.1276e-04 4.4497e-04
166    2.0839e-01 3.9789e-04 4.2693e-04
167    2.0844e-01 3.8394e-04 4.1339e-04
168    2.0848e-01 3.5939e-04 4.1924e-04
169    2.0850e-01 3.3949e-04 4.2071e-04
170    2.0853e-01 3.2411e-04 4.2323e-04
171    2.0855e-01 3.3625e-04 4.1371e-04
172    2.0859e-01 3.7251e-04 3.9512e-04
173    2.0864e-01 3.9310e-04 3.6910e-04
174    2.0873e-01 4.1917e-04 3.2927e-04
175    2.0901e-01 4.2957e-04 3.0383e-04
176    2.0931e-01 4.3001e-04 3.0978e-04
177    2.0962e-01 4.1186e-04 3.1397e-04
178    2.0994e-01 3.8494e-04 3.1896e-04
179    2.1025e-01 3.9513e-04 3.2521e-04
180    2.1054e-01 4.1623e-04 3.2902e-04
181    2.1081e-01 4.3631e-04 3.3473e-04
182    2.1105e-01 4.5348e-04 3.7126e-04
183    2.1126e-01 4.6880e-04 4.0806e-04
184    2.1143e-01 4.8266e-04 4.3517e-04
185    2.1156e-01 4.9306e-04 4.5785e-04
186    2.1165e-01 5.0448e-04 4.6925e-04
187    2.1172e-01 5.1600e-04 4.8284e-04
188    2.1176e-01 5.2613e-04 4.9982e-04
189    2.1179e-01 5.3558e-04 5.0534e-04
190    2.1193e-01 5.4512e-04 4.9987e-04
191    2.1214e-01 5.5386e-04 4.8265e-04
192    2.1236e-01 5.6499e-04 4.5492e-04
193    2.1259e-01 5.7932e-04 4.2160e-04
194    2.1281e-01 5.9262e-04 3.7956e-04
195    2.1305e-01 6.0192e-04 3.4094e-04
196    2.1329e-01 6.0705e-04 3.0649e-04
197    2.1354e-01 6.0464e-04 2.9622e-04
198    2.1381e-01 5.9437e-04 2.9246e-04
199    2.1410e-01 5.7490e-04 2.8165e-04
200    2.1441e-01 5.4927e-04 2.6239e-04
201    2.1474e-01 5.1479e-04 2.3623e-04
202    2.1510e-01 4.7312e-04 2.0630e-04
203    2.1550e-01 4.4714e-04 1.8819e-04
204    2.1592e-01 4.7868e-04 2.0003e-04
205    2.1638e-01 4.9642e-04 2.0699e-04
206    2.1687e-01 5.0793e-04 2.1240e-04
207    2.1738e-01 5.1193e-04 2.2751e-04
208    2.1791e-01 5.0422e-04 2.4694e-04
209    2.1846e-01 4.9701e-04 2.6487e-04
210    2.1901e-01 4.8702e-04 2.8747e-04
211    2.1955e-01 4.7728e-04 3.0648e-04
212    2.2008e-01 4.5887e-04 3.1672e-04
213    2.2058e-01 4.4453e-04 3.2954e-04
214    2.2104e-01 4.3237e-04 3.3007e-04
215    2.2146e-01 4.2810e-04 3.3656e-04
216    2.2183e-01 4.3245e-04 3.3767e-04
217    2.2216e-01 4.4773e-04 3.5885e-04
218    2.2243e-01 4.7055e-04 3.7185e-04
219    2.2265e-01 4.9133e-04 3.7954e-04
220    2.2283e-01 5.1198e-04 3.8387e-04
221    2.2297e-01 5.2909e-04 3.8513e-04
222    2.2309e-01 5.3547e-04 3.7949e-04
223    2.2319e-01 5.3744e-04 3.6536e-04
224    2.2333e-01 5.3175e-04 3.4451e-04
225    2.2355e-01 5.1961e-04 3.1581e-04
226    2.2377e-01 5.0374e-04 2.8282e-04
227    2.2398e-01 4.7860e-04 2.6541e-04
228    2.2421e-01 4.5119e-04 2.5497e-04
229    2.2444e-01 4.2010e-04 2.4089e-04
230    2.2469e-01 3.8404e-04 2.2863e-04
231    2.2494e-01 3.4676e-04 2.2896e-04
232    2.2521e-01 3.3343e-04 2.2038e-04
233    2.2549e-01 3.4369e-04 2.2014e-04
234    2.2578e-01 3.5623e-04 2.1122e-04
235    2.2607e-01 3.6548e-04 2.1157e-04
236    2.2635e-01 3.6752e-04 2.1170e-04
237    2.2665e-01 3.6995e-04 2.2811e-04
238    2.2699e-01 3.6258e-04 2.4919e-04
239    2.2731e-01 3.5582e-04 2.6522e-04
240    2.2759e-01 3.4000e-04 2.7271e-04
241    2.2784e-01 3.2135e-04 2.7329e-04
242    2.2804e-01 2.9615e-04 2.6556e-04
243    2.2820e-01 2.9085e-04 2.5106e-04
244    2.2830e-01 3.1344e-04 2.3257e-04
245    2.2834e-01 3.3057e-04 2.3235e-04
246    2.2832e-01 3.4505e-04 2.3397e-04
247    2.2825e-01 3.5369e-04 2.3120e-04
248    2.2810e-01 3.5969e-04 2.3172e-04
249    2.2790e-01 3.6264e-04 2.2913e-04
250    2.2762e-01 3.6174e-04 2.1980e-04
251    2.2728e-01 3.6009e-04 2.0737e-04
252    2.2687e-01 3.5829e-04 2.0370e-04
253    2.2640e-01 3.6019e-04 2.4407e-04
254    2.2587e-01 3.6272e-04 2.8971e-04
255    2.2528e-01 3.6880e-04 3.3904e-04
256    2.2464e-01 4.1324e-04 3.8568e-04
257    2.2395e-01 4.5092e-04 4.3099e-04
258    2.2323e-01 4.8388e-04 4.6898e-04
259    2.2248e-01 5.0812e-04 5.0401e-04
260    2.2171e-01 5.2598e-04 5.2993e-04
261    2.2094e-01 5.3395e-04 5.5138e-04
262    2.2018e-01 5.3484e-04 5.6278e-04
263    2.1943e-01 5.2614e-04 5.6900e-04
264    2.1872e-01 5.1236e-04 5.6554e-04
265    2.1804e-01 4.9265e-04 5.5699e-04
266    2.1742e-01 4.6443e-04 5.4294e-04
267    2.1686e-01 4.3579e-04 5.2385e-04
268    2.1637e-01 4.0538e-04 5.0639e-04
269    2.1595e-01 3.7719e-04 4.8285e-04
270    2.1561e-01 3.5281e-04 4.5644e-04
271    2.1535e-01 3.3678e-04 4.2534e-04
272    2.1516e-01 3.2565e-04 3.9272e-04
273    2.1504e-01 3.1435e-04 3.5695e-04
274    2.1499e-01 3.0481e-04 3.2109e-04
275    2.1502e-01 2.9158e-04 2.8615e-04
276    2.1510e-01 2.7656e-04 2.5520e-04
277    2.1524e-01 2.5962e-04 2.2720e-04
278    2.1544e-01 2.3832e-04 2.0250e-04
279    2.1568e-01 2.1458e-04 1.7513e-04
280    2.1597e-01 1.8880e-04 1.5245e-04
281    2.1630e-01 2.0734e-04 1.2940e-04
282    2.1666e-01 2.3246e-04 1.3469e-04
283    2.1705e-01 2.5608e-04 1.5020e-04
284    2.1747e-01 2.7815e-04 1.6131e-04
285    2.1791e-01 2.9817e-04 1.6777e-04
286    2.1837e-01 3.1351e-04 1.6990e-04
287    2.1885e-01 3.2990e-04 1.7226e-04
288    2.1934e-01 3.4495e-04 1.7609e-04
289    2.1984e-01 3.6101e-04 1.7566e-04
290    2.2034e-01 3.7805e-04 1.7184e-04
291    2.2084e-01 3.9709e-04 1.6486e-04
292    2.2135e-01 4.1706e-04 1.7173e-04
293    2.2185e-01 4.3718e-04 1.8396e-04
294    2.2234e-01 4.5506e-04 1.9633e-04
295    2.2282e-01 4.6927e-04 2.0071e-04
296    2.2329e-01 4.7994e-04 2.1066e-04
297    2.2375e-01 4.8755e-04 2.1192e-04
298    2.2420e-01 4.8994e-04 2.1281e-04
299    2.2463e-01 4.8944e-04 2.1092e-04
300    2.2505e-01 4.8407e-04 2.0200e-04
301    2.2546e-01 4.7629e-04 1.9751e-04
302    2.2585e-01 4.6431e-04 1.8648e-04
303    2.2622e-01 4.5457e-04 1.7293e-04
304    2.2658e-01 4.4559e-04 1.7042e-04
305    2.2693e-01 4.3310e-04 1.6807e-04
306    2.2726e-01 4.2167e-04 1.7618e-04
307    2.2758e-01 4.1120e-04 1.9953e-04
308    2.2788e-01 4.0225e-04 2.2136e-04
309    2.2817e-01 3.9484e-04 2.3682e-04
310    2.2845e-01 3.8823e-04 2.5515e-04
311    2.2872e-01 3.8143e-04 2.6167e-04
312    2.2897e-01 3.7378e-04 2.7350e-04
313    2.2921e-01 3.6616e-04 2.7136e-04
314    2.2944e-01 3.5589e-04 2.7407e-04
315    2.2965e-01 3.4373e-04 2.6299e-04
316    2.2985e-01 3.3316e-04 2.5641e-04
317    2.3003e-01 3.2027e-04 2.3704e-04
318    2.3020e-01 3.0902e-04 2.2190e-04
319    2.3036e-01 2.9956e-04 2.1627e-04
320    2.3050e-01 2.9215e-04 2.2464e-04
321    2.3062e-01 2.8031e-04 2.3087e-04
322    2.3074e-01 2.6698e-04 2.3490e-04
323    2.3084e-01 2.4904e-04 2.3583e-04
324    2.3095e-01 2.2917e-04 2.3455e-04
325    2.3104e-01 2.0628e-04 2.3034e-04
326    2.3112e-01 1.9914e-04 2.2421e-04
327    2.3118e-01 2.0020e-04 2.1685e-04
328    2.3124e-01 2.0103e-04 2.0821e-04
329    2.3128e-01 1.9945e-04 1.9803e-04
330    2.3131e-01 1.9882e-04 1.8623e-04
331    2.3132e-01 1.9930e-04 1.7352e-04
332    2.3133e-01 2.0004e-04 1.7561e-04
333    2.3132e-01 2.0213e-04 1.9121e-04
334    2.3130e-01 2.0607e-04 2.0461e-04
335    2.3127e-01 2.1177e-04 2.1527e-04
336    2.3123e-01 2.1840e-04 2.2547e-04
337    2.3118e-01 2.2405e-04 2.2914e-04
338    2.3112e-01 2.2885e-04 2.3532e-04
339    2.3105e-01 2.3099e-04 2.3492e-04
340    2.3097e-01 2.3071e-04 2.3532e-04
341    2.3088e-01 2.2711e-04 2.3218e-04
342    2.3078e-01 2.2052e-04 2.2713e-04
343    2.3067e-01 2.1020e-04 2.2217e-04
344    2.3054e-01 2.1496e-04 2.1369e-04
345    2.3043e-01 2.2090e-04 2.0968e-04
346    2.3031e-01 2.2689e-04 2.0608e-04
347    2.3017e-01 2.3357e-04 2.0131e-04
348    2.3003e-01 2.4109e-04 1.9520e-04
349    2.2988e-01 2.4935e-04 1.8930e-04
350    2.2971e-01 2.5791e-04 1.8264e-04
351    2.2953e-01 2.6523e-04 1.7843e-04
352    2.2933e-01 2.7255e-04 1.7502e-04
353    2.2912e-01 2.7930e-04 1.7204e-04
354    2.2890e-01 2.8328e-04 1.6926e-04
355    2.2866e-01 2.8598e-04 1.6667e-04
356    2.2841e-01 2.8709e-04 1.6593e-04
357    2.2815e-01 2.8562e-04 1.6789e-04
358    2.2788e-01 2.8257e-04 1.7066e-04
359    2.2760e-01 2.7642e-04 1.7269e-04
360    2.2732e-01 2.9843e-04 1.7661e-04
361    2.2703e-01 3.1671e-04 1.8047e-04
362    2.2675e-01 3.3151e-04 1.8306e-04
363    2.2646e-01 3.4247e-04 1.8527e-04
364    2.2618e-01 3.5000e-04 1.8591e-04
365    2.2591e-01 3.5416e-04 1.8588e-04
366    2.2566e-01 3.5488e-04 1.8403e-04
367    2.2541e-01 3.5276e-04 1.8124e-04
368    2.2518e-01 3.4781e-04 1.7643e-04
369    2.2497e-01 3.4069e-04 1.7052e-04
370    2.2478e-01 3.3163e-04 1.7527e-04
371    2.2461e-01 3.2283e-04 1.8402e-04
372    2.2446e-01 3.1717e-04 1.9493e-04
373    2.2434e-01 3.1602e-04 1.9772e-04
374    2.2425e-01 3.1806e-04 2.0464e-04
375    2.2418e-01 3.2089e-04 2.0380e-04
376    2.2413e-01 3.2158e-04 2.0368e-04
377    2.2411e-01 3.2103e-04 1.9965e-04
378    2.2412e-01 3.1770e-04 1.9239e-04
379    2.2416e-01 3.1089e-04 1.8545e-04
380    2.2422e-01 3.0265e-04 1.7478e-04
381    2.2431e-01 2.9219e-04 1.6246e-04
382    2.2443e-01 2.7897e-04 1.6422e-04
383    2.2457e-01 2.6352e-04 1.6700e-04
384    2.2474e-01 2.4676e-04 1.6779e-04
385    2.2492e-01 2.2916e-04 1.6639e-04
386    2.2513e-01 2.1244e-04 1.6277e-04
387    2.2536e-01 1.9834e-04 1.5745e-04
388    2.2560e-01 1.9198e-04 1.5013e-04
389    2.2585e-01 1.8464e-04 1.4059e-04
390    2.2611e-01 1.8031e-04 1.3023e-04
391    2.2638e-01 1.8858e-04 1.3192e-04
392    2.2665e-01 1.9359e-04 1.3209e-04
393    2.2692e-01 1.9680e-04 1.3017e-04
394    2.2719e-01 1.9679e-04 1.2641e-04
395    2.2745e-01 1.9513e-04 1.2112e-04
396    2.2771e-01 1.9052e-04 1.1481e-04
397    2.2795e-01 1.8462e-04 1.0690e-04
398    2.2818e-01 1.7882e-04 9.7278e-05
399    2.2839e-01 1.7361e-04 1.0157e-04
400    2.2859e-01 1.7157e-04 9.9745e-05
401    2.2877e-01 1.6959e-04 9.9372e-05
402    2.2893e-01 1.6872e-04 9.8219e-05
403    2.2908e-01 1.7011e-04 1.0712e-04
404    2.2920e-01 1.7115e-04 1.1702e-04
405    2.2931e-01 1.7994e-04 1.2702e-04
406    2.2941e-01 1.9686e-04 1.3583e-04
407    2.2948e-01 2.1799e-04 1.4296e-04
408    2.2954e-01 2.3945e-04 1.4818e-04
409    2.2959e-01 2.5982e-04 1.5155e-04
410    2.2962e-01 2.7786e-04 1.5372e-04
411    2.2966e-01 2.9314e-04 1.5478e-04
412    2.2969e-01 3.0642e-04 1.6331e-04
413    2.2971e-01 3.1716e-04 1.7567e-04
414    2.2972e-01 3.2478e-04 1.8694e-04
415    2.2972e-01 3.2972e-04 1.9714e-04
416    2.2971e-01 3.3178e-04 2.0647e-04
417    2.2970e-01 3.3153e-04 2.1399e-04
418    2.2968e-01 3.2885e-04 2.2044e-04
419    2.2966e-01 3.2452e-04 2.2492e-04
420    2.2964e-01 3.1972e-04 2.2818e-04
421    2.2962e-01 3.1340e-04 2.2936e-04
422    2.2960e-01 3.0751e-04 2.3088e-04
423    2.2960e-01 3.0256e-04 2.3070e-04
424    2.2960e-01 3.0022e-04 2.2929e-04
425    2.2962e-01 2.9893e-04 2.2576e-04
426    2.2965e-01 2.9798e-04 2.2103e-04
427    2.2970e-01 2.9635e-04 2.1428e-04
428    2.2976e-01 2.9333e-04 2.0647e-04
429    2.2985e-01 2.8950e-04 1.9686e-04
430    2.2994e-01 2.8329e-04 1.8642e-04
431    2.3006e-01 2.7511e-04 1.7448e-04
432    2.3019e-01 2.6455e-04 1.6204e-04
433    2.3034e-01 2.5207e-04 1.5795e-04
434    2.3051e-01 2.3734e-04 1.5274e-04
435    2.3068e-01 2.2170e-04 1.4548e-04
436    2.3087e-01 2.0476e-04 1.3623e-04
437    2.3106e-01 1.8690e-04 1.2596e-04
438    2.3126e-01 1.9146e-04 1.1542e-04
439    2.3147e-01 1.9235e-04 1.0353e-04
440    2.3167e-01 1.9473e-04 9.0370e-05
441    2.3187e-01 1.9512e-04 7.6257e-05
442    2.3207e-01 1.9434e-04 6.1308e-05
443    2.3226e-01 1.9276e-04 5.4851e-05
444    2.3244e-01 1.8897e-04 5.2492e-05
445    2.3262e-01 1.8533e-04 5.6767e-05
446    2.3278e-01 1.7907e-04 6.3155e-05
447    2.3293e-01 1.7329e-04 6.9469e-05
448    2.3307e-01 1.6533e-04 7.3906e-05
449    2.3319e-01 1.5733e-04 7.8515e-05
450    2.3330e-01 1.5453e-04 8.8148e-05
451    2.3339e-01 1.6446e-04 9.6720e-05
452    2.3346e-01 1.7639e-04 1.0642e-04
453    2.3352e-01 1.8785e-04 1.1734e-04
454    2.3356e-01 1.9761e-04 1.2702e-04
455    2.3359e-01 2.0798e-04 1.3530e-04
456    2.3360e-01 2.1830e-04 1.4217e-04
457    2.3359e-01 2.2962e-04 1.4751e-04
458    2.3356e-01 2.4230e-04 1.5138e-04
459    2.3352e-01 2.5544e-04 1.5419e-04
460    2.3346e-01 2.6865e-04 1.5541e-04
461    2.3338e-01 2.8031e-04 1.5512e-04
462    2.3328e-01 2.9118e-04 1.5326e-04
463    2.3317e-01 2.9956e-04 1.4997e-04
464    2.3304e-01 3.0568e-04 1.4523e-04
465    2.3290e-01 3.0938e-04 1.3931e-04
466    2.3275e-01 3.1149e-04 1.3257e-04
467    2.3258e-01 3.1124e-04 1.2465e-04
468    2.3239e-01 3.0857e-04 1.1573e-04
469    2.3220e-01 3.0379e-04 1.0653e-04
470    2.3200e-01 2.9688e-04 9.7606e-05
471    2.3179e-01 2.8819e-04 8.8629e-05
472    2.3158e-01 2.8028e-04 8.3786e-05
473    2.3136e-01 2.7241e-04 7.9357e-05
474    2.3114e-01 2.6338e-04 7.3322e-05
475    2.3091e-01 2.5307e-04 6.8167e-05
476    2.3069e-01 2.4415e-04 6.2110e-05
477    2.3047e-01 2.4429e-04 6.1976e-05
478    2.3025e-01 2.4409e-04 6.1369e-05
479    2.3003e-01 2.4393e-04 6.5331e-05
480    2.2982e-01 2.4299e-04 6.9414e-05
481    2.2961e-01 2.4119e-04 7.3187e-05
482    2.2941e-01 2.3869e-04 7.8093e-05
483    2.2922e-01 2.3555e-04 8.1364e-05
484    2.2904e-01 2.3142e-04 8.5761e-05
485    2.2887e-01 2.2603e-04 8.8640e-05
486    2.2870e-01 2.1970e-04 9.2515e-05
487    2.2855e-01 2.1218e-04 9.8927e-05
488    2.2840e-01 2.0380e-04 1.0572e-04
489    2.2826e-01 1.9436e-04 1.1147e-04
490    2.2813e-01 1.8494e-04 1.1602e-04
491    2.2801e-01 1.7558e-04 1.1938e-04
492    2.2790e-01 1.6642e-04 1.2143e-04
493    2.2780e-01 1.5771e-04 1.2219e-04
494    2.2771e-01 1.5296e-04 1.2159e-04
495    2.2762e-01 1.5046e-04 1.1969e-04
496    2.2755e-01 1.4681e-04 1.2116e-04
497    2.2748e-01 1.4194e-04 1.2251e-04
498    2.2742e-01 1.3697e-04 1.2431e-04
499    2.2736e-01 1.3013e-04 1.2623e-04
500    2.2732e-01 1.2325e-04 1.2702e-04
501    2.2728e-01 1.1544e-04 1.2870e-04
502    2.2726e-01 1.0652e-04 1.2908e-04
503    2.2724e-01 1.1341e-04 1.3015e-04
504    2.2723e-01 1.2092e-04 1.2951e-04
505    2.2723e-01 1.2722e-04 1.2929e-04
506    2.2724e-01 1.3216e-04 1.2785e-04
507    2.2726e-01 1.3599e-04 1.2607e-04
508    2.2729e-01 1.3908e-04 1.2590e-04
509    2.2733e-01 1.4102e-04 1.2448e-04
510    2.2739e-01 1.4195e-04 1.2211e-04
511    2.2746e-01 1.4255e-04 1.1919e-04
512    2.2754e-01 1.4271e-04 1.1515e-04
513    2.2764e-01 1.4303e-04 1.0992e-04
514    2.2775e-01 1.4332e-04 1.0367e-04
515    2.2787e-01 1.4420e-04 9.6655e-05
516    2.2801e-01 1.4527e-04 8.8715e-05
517    2.2816e-01 1.4700e-04 7.9983e-05
518    2.2833e-01 1.5837e-04 7.3101e-05
519    2.2851e-01 1.6998e-04 6.6623e-05
520    2.2870e-01 1.8188e-04 6.1380e-05
521    2.2891e-01 1.9191e-04 5.5429e-05
522    2.2912e-01 2.0309e-04 5.0405e-05
523    2.2935e-01 2.1227e-04 4.5288e-05
524    2.2958e-01 2.2252e-04 4.0083e-05
525    2.2983e-01 2.3269e-04 4.4501e-05
526    2.3008e-01 2.4358e-04 4.9619e-05
527    2.3034e-01 2.5317e-04 5.5599e-05
528    2.3061e-01 2.6155e-04 6.2872e-05
529    2.3088e-01 2.6901e-04 6.9660e-05
530    2.3115e-01 2.7466e-04 7.6600e-05
531    2.3142e-01 2.7922e-04 8.5261e-05
532    2.3170e-01 2.8185e-04 9.3204e-05
533    2.3198e-01 2.8435e-04 1.0027e-04
534    2.3226e-01 2.8533e-04 1.0648e-04
535    2.3253e-01 2.8563e-04 1.1167e-04
536    2.3281e-01 2.8377e-04 1.1587e-04
537    2.3307e-01 2.8129e-04 1.1894e-04
538    2.3334e-01 2.7674e-04 1.2091e-04
539    2.3359e-01 2.7168e-04 1.2166e-04
540    2.3384e-01 2.6472e-04 1.2124e-04
541    2.3409e-01 2.5738e-04 1.1956e-04
542    2.3432e-01 2.4906e-04 1.1670e-04
543    2.3454e-01 2.3954e-04 1.1258e-04
544    2.3475e-01 2.2992e-04 1.0732e-04
545    2.3494e-01 2.2050e-04 1.0087e-04
546    2.3512e-01 2.1125e-04 9.3400e-05
547    2.3529e-01 2.0290e-04 8.4885e-05
548    2.3544e-01 1.9291e-04 7.5515e-05
549    2.3557e-01 1.8284e-04 6.5313e-05
550    2.3569e-01 1.7332e-04 5.4991e-05
551    2.3579e-01 1.6189e-04 4.5721e-05
552    2.3587e-01 1.5164e-04 4.4315e-05
553    2.3594e-01 1.3955e-04 4.4344e-05
554    2.3598e-01 1.2782e-04 4.7048e-05
555    2.3601e-01 1.1614e-04 4.9298e-05
556    2.3601e-01 1.0292e-04 5.2129e-05
557    2.3600e-01 9.1171e-05 5.4289e-05
558    2.3597e-01 7.7855e-05 5.7255e-05
559    2.3592e-01 8.1586e-05 5.9326e-05
560    2.3584e-01 8.4709e-05 6.2181e-05
561    2.3575e-01 8.9404e-05 6.7373e-05
562    2.3564e-01 9.6080e-05 7.3909e-05
563    2.3552e-01 1.0240e-04 8.0216e-05
564    2.3537e-01 1.0963e-04 8.5413e-05
565    2.3521e-01 1.1924e-04 8.9383e-05
566    2.3503e-01 1.2861e-04 9.2191e-05
567    2.3483e-01 1.3816e-04 9.4200e-05
568    2.3462e-01 1.4817e-04 9.7035e-05
569    2.3440e-01 1.5852e-04 1.0009e-04
570    2.3416e-01 1.6881e-04 1.0254e-04
571    2.3391e-01 1.7899e-04 1.0465e-04
572    2.3365e-01 1.8845e-04 1.0610e-04
573    2.3339e-01 1.9691e-04 1.0758e-04
574    2.3311e-01 2.0460e-04 1.0930e-04
575    2.3283e-01 2.1103e-04 1.1030e-04
576    2.3255e-01 2.1626e-04 1.1134e-04
577    2.3227e-01 2.2062e-04 1.1168e-04
578    2.3199e-01 2.2328e-04 1.1207e-04
579    2.3171e-01 2.2501e-04 1.1180e-04
580    2.3144e-01 2.2503e-04 1.1159e-04
581    2.3117e-01 2.2413e-04 1.1072e-04
582    2.3091e-01 2.2192e-04 1.0991e-04
583    2.3065e-01 2.1842e-04 1.0845e-04
584    2.3041e-01 2.1404e-04 1.0704e-04
585    2.3018e-01 2.0827e-04 1.0557e-04
586    2.2996e-01 2.0175e-04 1.0362e-04
587    2.2975e-01 1.9399e-04 1.0198e-04
588    2.2955e-01 1.9101e-04 9.9427e-05
589    2.2937e-01 1.8987e-04 9.7176e-05
590    2.2921e-01 1.8846e-04 9.4352e-05
591    2.2905e-01 1.8656e-04 9.1543e-05
592    2.2892e-01 1.8417e-04 8.8227e-05
593    2.2879e-01 1.8115e-04 8.5311e-05
594    2.2868e-01 1.7763e-04 8.1718e-05
595    2.2859e-01 1.7352e-04 7.8270e-05
596    2.2851e-01 1.6917e-04 7.5031e-05
597    2.2844e-01 1.6444e-04 7.3725e-05
598    2.2838e-01 1.5906e-04 7.1511e-05
599    2.2834e-01 1.5331e-04 6.9581e-05
600    2.2832e-01 1.4753e-04 6.7011e-05
601    2.2830e-01 1.4191e-04 6.4248e-05
602    2.2830e-01 1.3600e-04 6.1253e-05
603    2.2832e-01 1.2987e-04 5.7902e-05
604    2.2834e-01 1.2832e-04 5.4559e-05
605    2.2838e-01 1.2970e-04 5.0737e-05
606    2.2842e-01 1.3039e-04 5.5442e-05
607    2.2848e-01 1.3011e-04 6.1122e-05
608    2.2855e-01 1.2896e-04 6.7470e-05
609    2.2863e-01 1.2669e-04 7.3111e-05
610    2.2872e-01 1.2343e-04 7.8070e-05
611    2.2882e-01 1.1897e-04 8.2242e-05
612    2.2894e-01 1.1347e-04 8.5667e-05
613    2.2905e-01 1.0690e-04 8.8348e-05
614    2.2918e-01 9.9359e-05 9.0185e-05
615    2.2932e-01 1.0160e-04 9.1220e-05
616    2.2946e-01 1.1023e-04 9.1370e-05
617    2.2962e-01 1.1884e-04 9.0713e-05
618    2.2978e-01 1.2693e-04 8.9182e-05
619    2.2994e-01 1.3494e-04 8.6870e-05
620    2.3011e-01 1.4270e-04 8.3723e-05
621    2.3029e-01 1.4993e-04 7.9851e-05
622    2.3047e-01 1.5702e-04 7.5215e-05
623    2.3066e-01 1.6328e-04 6.9937e-05
624    2.3084e-01 1.6929e-04 6.4412e-05
625    2.3104e-01 1.7435e-04 5.8798e-05
626    2.3123e-01 1.7907e-04 5.2729e-05
627    2.3142e-01 1.8275e-04 4.9220e-05
628    2.3162e-01 1.8600e-04 4.8103e-05
629    2.3181e-01 1.8813e-04 4.6555e-05
630    2.3201e-01 1.8976e-04 4.4778e-05
631    2.3220e-01 1.9170e-04 4.3135e-05
632    2.3239e-01 1.9251e-04 4.1147e-05
633    2.3257e-01 1.9301e-04 3.8578e-05
634    2.3275e-01 1.9221e-04 3.6294e-05
635    2.3293e-01 1.9111e-04 3.4427e-05
636    2.3310e-01 1.8874e-04 3.7512e-05
637    2.3326e-01 1.8612e-04 4.2843e-05
638    2.3342e-01 1.8230e-04 4.7741e-05
639    2.3357e-01 1.7855e-04 5.2244e-05
640    2.3371e-01 1.7578e-04 5.8343e-05
641    2.3385e-01 1.7753e-04 6.3801e-05
642    2.3397e-01 1.7855e-04 6.8659e-05
643    2.3408e-01 1.7877e-04 7.2795e-05
644    2.3419e-01 1.7831e-04 7.6267e-05
645    2.3429e-01 1.7708e-04 7.8969e-05
646    2.3437e-01 1.7532e-04 8.0982e-05
647    2.3445e-01 1.7414e-04 8.2215e-05
648    2.3451e-01 1.7237e-04 8.2767e-05
649    2.3457e-01 1.6994e-04 8.2566e-05
650    2.3462e-01 1.6730e-04 8.3904e-05
651    2.3465e-01 1.6414e-04 8.9251e-05
652    2.3468e-01 1.6107e-04 9.3899e-05
653    2.3470e-01 1.5773e-04 9.8048e-05
654    2.3471e-01 1.5428e-04 1.0141e-04
655    2.3471e-01 1.5092e-04 1.0420e-04
656    2.3470e-01 1.4712e-04 1.0621e-04
657    2.3469e-01 1.4331e-04 1.0764e-04
658    2.3467e-01 1.3883e-04 1.0839e-04
659    2.3464e-01 1.3389e-04 1.0827e-04
660    2.3461e-01 1.2867e-04 1.0748e-04
661    2.3457e-01 1.2268e-04 1.0584e-04
662    2.3452e-01 1.1605e-04 1.0394e-04
663    2.3448e-01 1.0897e-04 1.0193e-04
664    2.3442e-01 1.0135e-04 9.9143e-05
665    2.3437e-01 9.3073e-05 9.5906e-05
666    2.3431e-01 8.4169e-05 9.2260e-05
667    2.3425e-01 7.5094e-05 8.7992e-05
668    2.3419e-01 6.5445e-05 8.3551e-05
669    2.3413e-01 6.0258e-05 7.8533e-05
670    2.3406e-01 6.3903e-05 7.3459e-05
671    2.3399e-01 6.7366e-05 6.7937e-05
672    2.3392e-01 7.0139e-05 6.2486e-05
673    2.3386e-01 7.2720e-05 5.7295e-05
674    2.3379e-01 7.4638e-05 5.3366e-05
675    2.3371e-01 7.6319e-05 4.8889e-05
676    2.3364e-01 8.0153e-05 4.5168e-05
677    2.3357e-01 8.9234e-05 4.1685e-05
678    2.3350e-01 9.9132e-05 3.8958e-05
679    2.3342e-01 1.0862e-04 3.6220e-05
680    2.3335e-01 1.1775e-04 3.3517e-05
681    2.3327e-01 1.2655e-04 3.0712e-05
682    2.3320e-01 1.3591e-04 2.7936e-05
683    2.3312e-01 1.4457e-04 2.5546e-05
684    2.3304e-01 1.5302e-04 2.8971e-05
685    2.3296e-01 1.6072e-04 3.2601e-05
686    2.3288e-01 1.6763e-04 3.6005e-05
687    2.3280e-01 1.7361e-04 3.9233e-05
688    2.3272e-01 1.7883e-04 4.2946e-05
689    2.3263e-01 1.8352e-04 4.7105e-05
690    2.3254e-01 1.8727e-04 5.0728e-05
691    2.3245e-01 1.9014e-04 5.4009e-05
692    2.3236e-01 1.9209e-04 5.6852e-05
693    2.3227e-01 1.9320e-04 5.9040e-05
694    2.3218e-01 1.9343e-04 6.0725e-05
695    2.3209e-01 1.9288e-04 6.1706e-05
696    2.3199e-01 1.9228e-04 6.2151e-05
697    2.3190e-01 1.9171e-04 6.1869e-05
698    2.3180e-01 1.9035e-04 6.1047e-05
699    2.3171e-01 1.8833e-04 5.9507e-05
700    2.3161e-01 1.8557e-04 5.9176e-05
701    2.3152e-01 1.8251e-04 5.8902e-05
702    2.3143e-01 1.7888e-04 5.8657e-05
703    2.3134e-01 1.7461e-04 5.6914e-05
704    2.3126e-01 1.7020e-04 5.5850e-05
705    2.3117e-01 1.6541e-04 5.3190e-05
706    2.3109e-01 1.6033e-04 5.0947e-05
707    2.3102e-01 1.5498e-04 4.8029e-05
708    2.3095e-01 1.4923e-04 4.5190e-05
709    2.3089e-01 1.4338e-04 4.2334e-05
710    2.3083e-01 1.3686e-04 3.9569e-05
711    2.3077e-01 1.3001e-04 4.0454e-05
712    2.3073e-01 1.2283e-04 4.0529e-05
713    2.3068e-01 1.1497e-04 4.1199e-05
714    2.3065e-01 1.0692e-04 4.1256e-05
715    2.3062e-01 9.8628e-05 4.1189e-05
716    2.3060e-01 9.0003e-05 4.1463e-05
717    2.3059e-01 8.0915e-05 4.2084e-05
718    2.3058e-01 7.2326e-05 4.2799e-05
719    2.3058e-01 6.4952e-05 4.4235e-05
720    2.3058e-01 5.7698e-05 4.5543e-05
721    2.3060e-01 5.0369e-05 4.7674e-05
722    2.3061e-01 5.0621e-05 5.0713e-05
723    2.3064e-01 5.5620e-05 5.3197e-05
724    2.3067e-01 6.0889e-05 5.5459e-05
725    2.3071e-01 6.6472e-05 5.7614e-05
726    2.3075e-01 7.2461e-05 5.9241e-05
727    2.3079e-01 7.8846e-05 6.0731e-05
728    2.3085e-01 8.5469e-05 6.2150e-05
729    2.3091e-01 9.3029e-05 6.3157e-05
730    2.3097e-01 1.0238e-04 6.4239e-05
731    2.3104e-01 1.1177e-04 6.5036e-05
732    2.3111e-01 1.2062e-04 6.5982e-05
733    2.3118e-01 1.2912e-04 6.6555e-05
734    2.3127e-01 1.3687e-04 6.7135e-05
735    2.3135e-01 1.4378e-04 6.7395e-05
736    2.3144e-01 1.4986e-04 6.7694e-05
737    2.3153e-01 1.5530e-04 6.7516e-05
738    2.3162e-01 1.5976e-04 6.7304e-05
739    2.3172e-01 1.6333e-04 6.6733e-05
740    2.3182e-01 1.6588e-04 6.5993e-05
741    2.3192e-01 1.6754e-04 6.5156e-05
742    2.3202e-01 1.6820e-04 6.4079e-05
743    2.3213e-01 1.6801e-04 6.2644e-05
744    2.3224e-01 1.6688e-04 6.0987e-05
745    2.3235e-01 1.6495e-04 5.9192e-05
746    2.3246e-01 1.6217e-04 5.6967e-05
747    2.3257e-01 1.5869e-04 5.4563e-05
748    2.3268e-01 1.5504e-04 5.2085e-05
749    2.3279e-01 1.5182e-04 4.9184e-05
750    2.3290e-01 1.4808e-04 4.7165e-05
751    2.3302e-01 1.4385e-04 4.6514e-05
752    2.3313e-01 1.4001e-04 4.5413e-05
753    2.3324e-01 1.4067e-04 4.4531e-05
754    2.3335e-01 1.4182e-04 4.3737e-05
755    2.3346e-01 1.4177e-04 4.2496e-05
756    2.3357e-01 1.4221e-04 4.1483e-05
757    2.3369e-01 1.4145e-04 4.0465e-05
758    2.3379e-01 1.4116e-04 3.9059e-05
759    2.3390e-01 1.3987e-04 3.7535e-05
760    2.3401e-01 1.3877e-04 3.5633e-05
761    2.3411e-01 1.3711e-04 3.6701e-05
762    2.3422e-01 1.3505e-04 3.7560e-05
763    2.3432e-01 1.3304e-04 3.9281e-05
764    2.3442e-01 1.3015e-04 3.9469e-05
765    2.3452e-01 1.2763e-04 4.0358e-05
766    2.3461e-01 1.2469e-04 4.0288e-05
767    2.3470e-01 1.2100e-04 3.9971e-05
768    2.3479e-01 1.1782e-04 3.9724e-05
769    2.3487e-01 1.1370e-04 3.8439e-05
770    2.3495e-01 1.0950e-04 3.7870e-05
771    2.3503e-01 1.0520e-04 3.6700e-05
772    2.3510e-01 9.9950e-05 3.4949e-05
773    2.3516e-01 9.5128e-05 3.3882e-05
774    2.3522e-01 8.9417e-05 3.3901e-05
775    2.3528e-01 8.3617e-05 3.6482e-05
776    2.3532e-01 7.7500e-05 3.9139e-05
777    2.3536e-01 7.0816e-05 4.1353e-05
778    2.3539e-01 6.4206e-05 4.3335e-05
779    2.3541e-01 5.7066e-05 4.4980e-05
780    2.3543e-01 6.0799e-05 4.6255e-05
781    2.3543e-01 6.5252e-05 4.7148e-05
782    2.3543e-01 6.9859e-05 4.7709e-05
783    2.3541e-01 7.4656e-05 4.7690e-05
784    2.3539e-01 7.9373e-05 4.7558e-05
785    2.3535e-01 8.4048e-05 4.6555e-05
786    2.3531e-01 8.8383e-05 4.5719e-05
787    2.3525e-01 9.2535e-05 4.3861e-05
788    2.3519e-01 9.7844e-05 4.2171e-05
789    2.3511e-01 1.0284e-04 3.9474e-05
790    2.3502e-01 1.0748e-04 3.6964e-05
791    2.3493e-01 1.1170e-04 3.3477e-05
792    2.3482e-01 1.1545e-04 3.0212e-05
793    2.3470e-01 1.1876e-04 2.6021e-05
794    2.3457e-01 1.2160e-04 2.6106e-05
795    2.3444e-01 1.2415e-04 2.8484e-05
796    2.3430e-01 1.2627e-04 3.0913e-05
797    2.3414e-01 1.2799e-04 3.3094e-05
798    2.3399e-01 1.2922e-04 3.6002e-05
799    2.3382e-01 1.3008e-04 3.8898e-05
800    2.3365e-01 1.3048e-04 4.1675e-05
801    2.3348e-01 1.3205e-04 4.6102e-05
802    2.3330e-01 1.3575e-04 5.0253e-05
803    2.3312e-01 1.3867e-04 5.4389e-05
804    2.3293e-01 1.4101e-04 5.8311e-05
805    2.3275e-01 1.4256e-04 6.1783e-05
806    2.3256e-01 1.4349e-04 6.4957e-05
807    2.3238e-01 1.4363e-04 6.7607e-05
808    2.3220e-01 1.4313e-04 6.9894e-05
809    2.3202e-01 1.4205e-04 7.1707e-05
810    2.3185e-01 1.4005e-04 7.3120e-05
811    2.3168e-01 1.3748e-04 7.4067e-05
812    2.3152e-01 1.3402e-04 7.4408e-05
813    2.3136e-01 1.3074e-04 7.4582e-05
814    2.3122e-01 1.2711e-04 7.4625e-05
815    2.3108e-01 1.2263e-04 7.4180e-05
816    2.3095e-01 1.1780e-04 7.3229e-05
817    2.3083e-01 1.1210e-04 7.1922e-05
818    2.3073e-01 1.0611e-04 7.0126e-05
819    2.3063e-01 9.9877e-05 6.7923e-05
820    2.3055e-01 9.3188e-05 6.5491e-05
821    2.3048e-01 8.7863e-05 6.2863e-05
822    2.3042e-01 8.4114e-05 6.0985e-05
823    2.3037e-01 8.0080e-05 5.8726e-05
824    2.3034e-01 7.5931e-05 5.6401e-05
825    2.3032e-01 7.1626e-05 5.4201e-05
826    2.3031e-01 6.7067e-05 5.1885e-05
827    2.3032e-01 6.2378e-05 4.9593e-05
828    2.3034e-01 5.7421e-05 4.7605e-05
829    2.3037e-01 5.2357e-05 4.5509e-05
830    2.3041e-01 4.7052e-05 4.3161e-05
831    2.3047e-01 4.1672e-05 4.1542e-05
832    2.3053e-01 3.7408e-05 3.9686e-05
833    2.3061e-01 4.3608e-05 3.7419e-05
834    2.3069e-01 4.9627e-05 3.5850e-05
835    2.3078e-01 5.5522e-05 3.3942e-05
836    2.3089e-01 6.3429e-05 3.1731e-05
837    2.3099e-01 7.1609e-05 3.2154e-05
838    2.3111e-01 7.9275e-05 3.3441e-05
839    2.3123e-01 8.7041e-05 3.5461e-05
840    2.3136e-01 9.4564e-05 3.7056e-05
841    2.3149e-01 1.0169e-04 3.8162e-05
842    2.3162e-01 1.0875e-04 3.8839e-05
843    2.3176e-01 1.1538e-04 3.9036e-05
844    2.3190e-01 1.2164e-04 3.8825e-05
845    2.3204e-01 1.2764e-04 3.8166e-05
846    2.3219e-01 1.3320e-04 3.7142e-05
847    2.3233e-01 1.3801e-04 3.5722e-05
848    2.3248e-01 1.4262e-04 3.3995e-05
849    2.3262e-01 1.4679e-04 3.2109e-05
850    2.3276e-01 1.5021e-04 2.9946e-05
851    2.3290e-01 1.5305e-04 2.7583e-05
852    2.3304e-01 1.5511e-04 2.8296e-05
853    2.3318e-01 1.5682e-04 3.0066e-05
854    2.3332e-01 1.5803e-04 3.1392e-05
855    2.3345e-01 1.5934e-04 3.3140e-05
856    2.3359e-01 1.6021e-04 3.4322e-05
857    2.3372e-01 1.6022e-04 3.5181e-05
858    2.3384e-01 1.5982e-04 3.6169e-05
859    2.3397e-01 1.5866e-04 3.6257e-05
860    2.3409e-01 1.5699e-04 3.6829e-05
861    2.3420e-01 1.5492e-04 3.6523e-05
862    2.3432e-01 1.5205e-04 3.6242e-05
863    2.3443e-01 1.4883e-04 3.5595e-05
864    2.3454e-01 1.4487e-04 3.4401e-05
865    2.3464e-01 1.4063e-04 3.3415e-05
866    2.3474e-01 1.3584e-04 3.1453e-05
867    2.3483e-01 1.3132e-04 3.0033e-05
868    2.3493e-01 1.2662e-04 2.7957e-05
869    2.3501e-01 1.2142e-04 2.6021e-05
870    2.3509e-01 1.1646e-04 2.5144e-05
871    2.3517e-01 1.1072e-04 2.5528e-05
872    2.3524e-01 1.0531e-04 2.5916e-05
873    2.3531e-01 9.9977e-05 2.6689e-05
874    2.3537e-01 9.4571e-05 2.7061e-05
875    2.3542e-01 8.9181e-05 2.7906e-05
876    2.3547e-01 8.3795e-05 2.8645e-05
877    2.3551e-01 7.8688e-05 2.9370e-05
878    2.3555e-01 7.3757e-05 3.0523e-05
879    2.3558e-01 6.8755e-05 3.1512e-05
880    2.3560e-01 6.3260e-05 3.2626e-05
881    2.3561e-01 5.8166e-05 3.3881e-05
882    2.3562e-01 5.2919e-05 3.4865e-05
883    2.3561e-01 4.8032e-05 3.6237e-05
884    2.3560e-01 4.3908e-05 3.7069e-05
885    2.3558e-01 3.9681e-05 3.8338e-05
886    2.3556e-01 4.3149e-05 3.9064e-05
887    2.3552e-01 4.6215e-05 3.9867e-05
888    2.3548e-01 4.8951e-05 4.0428e-05
889    2.3542e-01 5.1685e-05 4.0868e-05
890    2.3536e-01 5.4621e-05 4.1559e-05
891    2.3529e-01 5.8663e-05 4.2973e-05
892    2.3522e-01 6.2495e-05 4.3761e-05
893    2.3513e-01 6.6126e-05 4.4970e-05
894    2.3504e-01 6.9743e-05 4.5427e-05
895    2.3494e-01 7.3423e-05 4.6290e-05
896    2.3484e-01 7.7340e-05 4.6606e-05
897    2.3473e-01 8.1509e-05 4.6896e-05
898    2.3461e-01 8.5736e-05 4.7341e-05
899    2.3449e-01 8.9847e-05 4.7444e-05
900    2.3436e-01 9.3690e-05 4.7462e-05
901    2.3423e-01 9.7152e-05 4.7594e-05
902    2.3410e-01 1.0022e-04 4.7346e-05
903    2.3397e-01 1.0291e-04 4.7105e-05
904    2.3383e-01 1.0496e-04 4.6853e-05
905    2.3369e-01 1.0660e-04 4.6267e-05
906    2.3355e-01 1.0777e-04 4.5759e-05
907    2.3342e-01 1.0841e-04 4.5240e-05
908    2.3328e-01 1.0857e-04 4.4425e-05
909    2.3314e-01 1.0811e-04 4.3556e-05
910    2.3301e-01 1.0814e-04 4.2393e-05
911    2.3288e-01 1.1018e-04 4.1323e-05
912    2.3276e-01 1.1196e-04 4.0205e-05
913    2.3264e-01 1.1341e-04 3.8825e-05
914    2.3252e-01 1.1458e-04 3.7374e-05
915    2.3241e-01 1.1543e-04 3.5779e-05
916    2.3230e-01 1.1601e-04 3.4441e-05
917    2.3221e-01 1.1634e-04 3.2828e-05
918    2.3211e-01 1.1653e-04 3.2805e-05
919    2.3203e-01 1.1645e-04 3.3743e-05
920    2.3195e-01 1.1604e-04 3.3960e-05
921    2.3188e-01 1.1535e-04 3.4485e-05
922    2.3182e-01 1.1434e-04 3.4421e-05
923    2.3177e-01 1.1335e-04 3.4558e-05
924    2.3173e-01 1.1204e-04 3.4192e-05
925    2.3169e-01 1.1032e-04 3.4127e-05
926    2.3166e-01 1.0824e-04 3.3432e-05
927    2.3164e-01 1.0576e-04 3.3246e-05
928    2.3163e-01 1.0291e-04 3.2221e-05
929    2.3162e-01 9.9667e-05 3.1831e-05
930    2.3163e-01 9.6139e-05 3.0538e-05
931    2.3164e-01 9.2565e-05 2.9965e-05
932    2.3165e-01 8.8732e-05 2.8679e-05
933    2.3168e-01 8.4583e-05 2.7752e-05
934    2.3171e-01 8.0193e-05 2.6553e-05
935    2.3174e-01 7.5509e-05 2.5420e-05
936    2.3178e-01 7.0609e-05 2.4376e-05
937    2.3183e-01 6.5463e-05 2.3224e-05
938    2.3188e-01 6.0183e-05 2.4596e-05
939    2.3194e-01 5.4691e-05 2.5724e-05
940    2.3199e-01 4.9051e-05 2.6641e-05
941    2.3206e-01 4.3244e-05 2.7292e-05
942    2.3212e-01 4.4011e-05 2.7713e-05
943    2.3219e-01 4.7594e-05 2.7854e-05
944    2.3226e-01 5.1054e-05 2.7758e-05
945    2.3233e-01 5.4475e-05 2.7380e-05
946    2.3240e-01 5.7744e-05 2.6768e-05
947    2.3247e-01 6.0905e-05 2.5883e-05
948    2.3254e-01 6.4187e-05 2.4778e-05
949    2.3261e-01 6.7151e-05 2.3419e-05
950    2.3269e-01 7.0091e-05 2.1863e-05
951    2.3276e-01 7.3031e-05 2.2537e-05
952    2.3283e-01 7.5676e-05 2.3892e-05
953    2.3290e-01 7.8148e-05 2.5063e-05
954    2.3298e-01 8.0483e-05 2.6482e-05
955    2.3305e-01 8.2623e-05 2.7469e-05
956    2.3312e-01 8.4599e-05 2.8706e-05
957    2.3319e-01 8.6193e-05 2.9820e-05
958    2.3325e-01 8.7937e-05 3.0599e-05
959    2.3332e-01 9.1474e-05 3.1794e-05
960    2.3339e-01 9.5268e-05 3.2612e-05
961    2.3346e-01 9.8697e-05 3.3377e-05
962    2.3352e-01 1.0171e-04 3.4379e-05
963    2.3359e-01 1.0434e-04 3.5003e-05
964    2.3365e-01 1.0655e-04 3.5756e-05
965    2.3372e-01 1.0836e-04 3.6588e-05
966    2.3379e-01 1.0973e-04 3.7121e-05
967    2.3385e-01 1.1070e-04 3.7840e-05
968    2.3392e-01 1.1124e-04 3.8564e-05
969    2.3399e-01 1.1137e-04 3.9026e-05
970    2.3406e-01 1.1107e-04 3.9548e-05
971    2.3413e-01 1.1038e-04 4.0120e-05
972    2.3420e-01 1.0988e-04 4.0473e-05
973    2.3427e-01 1.0923e-04 4.0959e-05
974    2.3434e-01 1.0817e-04 4.1368e-05
975    2.3441e-01 1.0672e-04 4.1740e-05
976    2.3447e-01 1.0486e-04 4.1753e-05
977    2.3454e-01 1.0261e-04 4.1721e-05
978    2.3460e-01 9.9972e-05 4.1393e-05
979    2.3467e-01 9.6968e-05 4.0885e-05
980    2.3473e-01 9.3581e-05 4.0253e-05
981    2.3479e-01 8.9852e-05 3.9283e-05
982    2.3484e-01 8.5765e-05 3.8256e-05
983    2.3490e-01 8.1482e-05 3.6876e-05
984    2.3495e-01 7.6916e-05 3.5456e-05
985    2.3500e-01 7.2033e-05 3.3710e-05
986    2.3505e-01 6.7912e-05 3.1932e-05
987    2.3510e-01 6.5224e-05 3.0125e-05
988    2.3514e-01 6.2387e-05 2.8400e-05
989    2.3517e-01 5.9156e-05 2.6863e-05
990    2.3521e-01 5.6192e-05 2.5233e-05
991    2.3523e-01 5.2457e-05 2.3650e-05
992    2.3526e-01 4.9174e-05 2.2408e-05
993    2.3528e-01 4.5334e-05 2.1032e-05
994    2.3529e-01 4.1423e-05 1.9666e-05
995    2.3530e-01 3.7520e-05 1.8666e-05
996    2.3530e-01 3.3074e-05 1.8626e-05
997    2.3530e-01 3.0418e-05 1.9470e-05
998    2.3529e-01 3.4612e-05 2.0472e-05
999    2.3528e-01 3.8792e-05 2.0988e-05
1000   2.3526e-01 4.2839e-05 2.1644e-05
1001   2.3523e-01 4.6686e-05 2.1802e-05
1002   2.3520e-01 5.0587e-05 2.2090e-05
1003   2.3516e-01 5.6163e-05 2.1876e-05
1004   2.3512e-01 6.1656e-05 2.1787e-05
1005   2.3507e-01 6.6884e-05 2.1301e-05
1006   2.3502e-01 7.1810e-05 2.0742e-05
1007   2.3496e-01 7.6616e-05 2.1124e-05
1008   2.3489e-01 8.1131e-05 2.2001e-05
1009   2.3483e-01 8.5286e-05 2.2747e-05
1010   2.3475e-01 8.9097e-05 2.3194e-05
1011   2.3468e-01 9.2521e-05 2.3514e-05
1012   2.3460e-01 9.5697e-05 2.3544e-05
1013   2.3451e-01 9.8518e-05 2.3457e-05
1014   2.3443e-01 1.0093e-04 2.3095e-05
1015   2.3434e-01 1.0293e-04 2.2636e-05
1016   2.3425e-01 1.0451e-04 2.1966e-05
1017   2.3415e-01 1.0568e-04 2.1136e-05
1018   2.3406e-01 1.0642e-04 2.0235e-05
1019   2.3397e-01 1.0676e-04 1.9117e-05
1020   2.3387e-01 1.0705e-04 1.7966e-05
1021   2.3378e-01 1.0744e-04 1.6643e-05
1022   2.3368e-01 1.0743e-04 1.5273e-05
1023   2.3359e-01 1.0705e-04 1.4972e-05
1024   2.3350e-01 1.0626e-04 1.7058e-05
1025   2.3341e-01 1.0512e-04 1.8613e-05
1026   2.3332e-01 1.0361e-04 2.0597e-05
1027   2.3323e-01 1.0206e-04 2.1991e-05
1028   2.3315e-01 1.0058e-04 2.3808e-05
1029   2.3307e-01 9.8821e-05 2.4986e-05
1030   2.3299e-01 9.6882e-05 2.6616e-05
1031   2.3291e-01 9.4711e-05 2.7743e-05
1032   2.3284e-01 9.2278e-05 2.9085e-05
1033   2.3278e-01 8.9633e-05 3.0017e-05
1034   2.3272e-01 8.6817e-05 3.1009e-05
1035   2.3266e-01 8.3878e-05 3.1770e-05
1036   2.3261e-01 8.0722e-05 3.2366e-05
1037   2.3256e-01 7.7390e-05 3.2984e-05
1038   2.3251e-01 7.4004e-05 3.3356e-05
1039   2.3247e-01 7.0434e-05 3.3691e-05
1040   2.3243e-01 6.6729e-05 3.4096e-05
1041   2.3240e-01 6.2930e-05 3.4258e-05
1042   2.3237e-01 5.9038e-05 3.4431e-05
1043   2.3235e-01 5.5088e-05 3.4627e-05
1044   2.3233e-01 5.1017e-05 3.4842e-05
1045   2.3231e-01 4.6865e-05 3.4898e-05
1046   2.3230e-01 4.2565e-05 3.4845e-05
1047   2.3230e-01 3.8212e-05 3.5085e-05
1048   2.3229e-01 3.3741e-05 3.4824e-05
1049   2.3229e-01 2.9260e-05 3.4853e-05
1050   2.3230e-01 2.5015e-05 3.4648e-05
1051   2.3231e-01 2.7947e-05 3.4236e-05
1052   2.3232e-01 3.0703e-05 3.4128e-05
1053   2.3234e-01 3.3396e-05 3.3558e-05
1054   2.3237e-01 3.5936e-05 3.3227e-05
1055   2.3239e-01 3.8330e-05 3.2529e-05
1056   2.3242e-01 4.0878e-05 3.1893e-05
1057   2.3246e-01 4.4413e-05 3.1129e-05
1058   2.3250e-01 4.7886e-05 3.0837e-05
1059   2.3254e-01 5.1155e-05 3.0493e-05
1060   2.3259e-01 5.4249e-05 3.0342e-05
1061   2.3264e-01 5.7197e-05 2.9754e-05
1062   2.3271e-01 5.9905e-05 2.9367e-05
1063   2.3277e-01 6.2360e-05 2.8658e-05
1064   2.3284e-01 6.4689e-05 2.7951e-05
1065   2.3291e-01 6.8128e-05 2.7234e-05
1066   2.3299e-01 7.2168e-05 2.6233e-05
1067   2.3307e-01 7.5900e-05 2.5549e-05
1068   2.3316e-01 7.9461e-05 2.4558e-05
1069   2.3324e-01 8.2683e-05 2.3610e-05
1070   2.3333e-01 8.5703e-05 2.2755e-05
1071   2.3343e-01 8.8358e-05 2.1813e-05
1072   2.3352e-01 9.0787e-05 2.0963e-05
1073   2.3362e-01 9.2831e-05 2.0247e-05
1074   2.3372e-01 9.4631e-05 1.9472e-05
1075   2.3383e-01 9.6219e-05 1.8738e-05
1076   2.3393e-01 9.7956e-05 1.8297e-05
1077   2.3403e-01 9.9263e-05 1.7834e-05
1078   2.3414e-01 1.0036e-04 1.7432e-05
1079   2.3425e-01 1.0120e-04 1.7059e-05
1080   2.3435e-01 1.0168e-04 1.8596e-05
1081   2.3446e-01 1.0195e-04 1.9707e-05
1082   2.3456e-01 1.0177e-04 2.0912e-05
1083   2.3467e-01 1.0139e-04 2.1675e-05
1084   2.3477e-01 1.0056e-04 2.2513e-05
1085   2.3487e-01 9.9527e-05 2.2898e-05
1086   2.3497e-01 9.8200e-05 2.3346e-05
1087   2.3507e-01 9.6570e-05 2.3339e-05
1088   2.3516e-01 9.4730e-05 2.3390e-05
1089   2.3525e-01 9.2467e-05 2.2991e-05
1090   2.3533e-01 9.0005e-05 2.2655e-05
1091   2.3541e-01 8.7132e-05 2.1880e-05
1092   2.3549e-01 8.4075e-05 2.1179e-05
1093   2.3556e-01 8.0719e-05 2.0068e-05
1094   2.3563e-01 7.7161e-05 1.9030e-05
1095   2.3569e-01 7.3411e-05 1.8476e-05
1096   2.3574e-01 6.9600e-05 1.9223e-05
1097   2.3579e-01 6.5428e-05 1.9659e-05
1098   2.3583e-01 6.1130e-05 2.0240e-05
1099   2.3586e-01 5.6580e-05 2.0497e-05
1100   2.3589e-01 5.1868e-05 2.0885e-05
1101   2.3591e-01 4.6946e-05 2.0939e-05
1102   2.3593e-01 4.2020e-05 2.1110e-05
1103   2.3593e-01 3.6966e-05 2.0939e-05
1104   2.3593e-01 3.1894e-05 2.0876e-05
1105   2.3592e-01 2.6865e-05 2.0466e-05
1106   2.3591e-01 2.1799e-05 2.0156e-05
1107   2.3589e-01 2.1538e-05 1.9497e-05
1108   2.3586e-01 2.3358e-05 1.8936e-05
1109   2.3582e-01 2.5108e-05 1.8026e-05
1110   2.3578e-01 2.6894e-05 1.7215e-05
1111   2.3573e-01 2.9643e-05 1.6881e-05
1112   2.3567e-01 3.3371e-05 1.7156e-05
1113   2.3561e-01 3.6973e-05 1.7454e-05
1114   2.3554e-01 4.0661e-05 1.7706e-05
1115   2.3547e-01 4.5626e-05 1.8853e-05
1116   2.3539e-01 5.0376e-05 1.9872e-05
1117   2.3530e-01 5.4906e-05 2.1058e-05
1118   2.3522e-01 5.9123e-05 2.1950e-05
1119   2.3512e-01 6.3120e-05 2.2997e-05
1120   2.3503e-01 6.6750e-05 2.3871e-05
1121   2.3493e-01 7.0127e-05 2.4904e-05
1122   2.3483e-01 7.3108e-05 2.5927e-05
1123   2.3473e-01 7.5812e-05 2.6905e-05
1124   2.3462e-01 7.8100e-05 2.7866e-05
1125   2.3452e-01 8.0094e-05 2.8670e-05
1126   2.3441e-01 8.1660e-05 2.9446e-05
1127   2.3430e-01 8.2923e-05 3.0058e-05
1128   2.3420e-01 8.3754e-05 3.0634e-05
1129   2.3409e-01 8.4282e-05 3.1086e-05
1130   2.3399e-01 8.4380e-05 3.1499e-05
1131   2.3388e-01 8.4182e-05 3.1858e-05
1132   2.3378e-01 8.3607e-05 3.2050e-05
1133   2.3368e-01 8.2745e-05 3.2184e-05
1134   2.3359e-01 8.1587e-05 3.2151e-05
1135   2.3349e-01 8.0060e-05 3.2058e-05
1136   2.3341e-01 7.8700e-05 3.1800e-05
1137   2.3332e-01 7.8050e-05 3.1484e-05
1138   2.3324e-01 7.7514e-05 3.1022e-05
1139   2.3316e-01 7.6799e-05 3.0570e-05
1140   2.3309e-01 7.5879e-05 3.0141e-05
1141   2.3302e-01 7.4785e-05 3.0476e-05
1142   2.3296e-01 7.3561e-05 3.0641e-05
1143   2.3290e-01 7.2219e-05 3.0698e-05
1144   2.3285e-01 7.0719e-05 3.0688e-05
1145   2.3281e-01 6.9022e-05 3.0400e-05
1146   2.3276e-01 6.7172e-05 3.0319e-05
1147   2.3273e-01 6.5133e-05 2.9783e-05
1148   2.3270e-01 6.2996e-05 2.9463e-05
1149   2.3268e-01 6.0789e-05 2.8732e-05
1150   2.3266e-01 5.8453e-05 2.8171e-05
1151   2.3265e-01 5.5979e-05 2.7297e-05
1152   2.3264e-01 5.3335e-05 2.6576e-05
1153   2.3264e-01 5.0564e-05 2.5567e-05
1154   2.3265e-01 4.7636e-05 2.4788e-05
1155   2.3266e-01 4.4597e-05 2.3742e-05
1156   2.3267e-01 4.1418e-05 2.2778e-05
1157   2.3270e-01 3.8144e-05 2.1742e-05
1158   2.3272e-01 3.4799e-05 2.0627e-05
1159   2.3275e-01 3.1387e-05 1.9638e-05
1160   2.3279e-01 2.7897e-05 1.8426e-05
1161   2.3283e-01 2.7880e-05 1.7503e-05
1162   2.3288e-01 3.1134e-05 1.6415e-05
1163   2.3292e-01 3.5559e-05 1.5448e-05
1164   2.3298e-01 4.0000e-05 1.4571e-05
1165   2.3303e-01 4.4323e-05 1.5290e-05
1166   2.3309e-01 4.8438e-05 1.5896e-05
1167   2.3316e-01 5.2404e-05 1.6363e-05
1168   2.3323e-01 5.6133e-05 1.6711e-05
1169   2.3330e-01 5.9687e-05 1.6917e-05
1170   2.3337e-01 6.2979e-05 1.7027e-05
1171   2.3344e-01 6.6073e-05 1.7072e-05
1172   2.3352e-01 6.8951e-05 1.6969e-05
1173   2.3360e-01 7.1537e-05 1.6744e-05
1174   2.3368e-01 7.3912e-05 1.6378e-05
1175   2.3376e-01 7.5957e-05 1.5898e-05
1176   2.3384e-01 7.7779e-05 1.5285e-05
1177   2.3393e-01 7.9264e-05 1.4571e-05
1178   2.3401e-01 8.0519e-05 1.3737e-05
1179   2.3410e-01 8.1435e-05 1.2816e-05
1180   2.3419e-01 8.2121e-05 1.2792e-05
1181   2.3427e-01 8.2920e-05 1.3239e-05
1182   2.3436e-01 8.3612e-05 1.3903e-05
1183   2.3444e-01 8.3948e-05 1.4596e-05
1184   2.3452e-01 8.4101e-05 1.5235e-05
1185   2.3461e-01 8.3904e-05 1.5960e-05
1186   2.3469e-01 8.3533e-05 1.6816e-05
1187   2.3477e-01 8.2824e-05 1.7571e-05
1188   2.3485e-01 8.1952e-05 1.8348e-05
1189   2.3492e-01 8.0821e-05 1.9251e-05
1190   2.3500e-01 7.9475e-05 1.9961e-05
1191   2.3507e-01 7.7995e-05 2.0805e-05
1192   2.3514e-01 7.6215e-05 2.1561e-05
1193   2.3520e-01 7.4317e-05 2.2200e-05
1194   2.3527e-01 7.2137e-05 2.2950e-05
1195   2.3533e-01 6.9858e-05 2.3423e-05
1196   2.3538e-01 6.7574e-05 2.4094e-05
1197   2.3544e-01 6.5471e-05 2.4442e-05
1198   2.3549e-01 6.3589e-05 2.4969e-05
1199   2.3553e-01 6.2164e-05 2.5211e-05
1200   2.3557e-01 6.0649e-05 2.5585e-05
1201   2.3561e-01 5.8893e-05 2.5676e-05
1202   2.3565e-01 5.7055e-05 2.5895e-05
1203   2.3567e-01 5.4991e-05 2.5884e-05
1204   2.3570e-01 5.2693e-05 2.5893e-05
1205   2.3572e-01 5.0232e-05 2.5839e-05
1206   2.3574e-01 4.7636e-05 2.5607e-05
1207   2.3575e-01 4.4815e-05 2.5511e-05
1208   2.3575e-01 4.1787e-05 2.5191e-05
1209   2.3576e-01 3.8697e-05 2.4903e-05
1210   2.3575e-01 3.5400e-05 2.4609e-05
1211   2.3575e-01 3.1949e-05 2.4116e-05
1212   2.3574e-01 2.8443e-05 2.3766e-05
1213   2.3572e-01 2.4764e-05 2.3300e-05
1214   2.3570e-01 2.1106e-05 2.2698e-05
1215   2.3568e-01 1.7341e-05 2.2246e-05
1216   2.3565e-01 1.7759e-05 2.1562e-05
1217   2.3562e-01 1.9616e-05 2.0947e-05
1218   2.3559e-01 2.1596e-05 2.0292e-05
1219   2.3555e-01 2.3557e-05 1.9459e-05
1220   2.3551e-01 2.5472e-05 1.8781e-05
1221   2.3546e-01 2.7545e-05 1.7853e-05
1222   2.3542e-01 3.0379e-05 1.7328e-05
1223   2.3537e-01 3.3082e-05 1.7096e-05
1224   2.3531e-01 3.5669e-05 1.6874e-05
1225   2.3526e-01 3.8066e-05 1.6617e-05
1226   2.3520e-01 4.1085e-05 1.6270e-05
1227   2.3514e-01 4.4865e-05 1.5981e-05
1228   2.3508e-01 4.8490e-05 1.5558e-05
1229   2.3502e-01 5.1951e-05 1.5236e-05
1230   2.3495e-01 5.5227e-05 1.4892e-05
1231   2.3489e-01 5.8331e-05 1.4511e-05
1232   2.3482e-01 6.1265e-05 1.4176e-05
1233   2.3475e-01 6.3965e-05 1.3764e-05
1234   2.3469e-01 6.6428e-05 1.3439e-05
1235   2.3462e-01 6.8635e-05 1.3020e-05
1236   2.3455e-01 7.0586e-05 1.2714e-05
1237   2.3449e-01 7.2266e-05 1.2523e-05
1238   2.3442e-01 7.3675e-05 1.2245e-05
1239   2.3435e-01 7.4800e-05 1.2076e-05
1240   2.3429e-01 7.5647e-05 1.2162e-05
1241   2.3423e-01 7.6357e-05 1.2924e-05
1242   2.3417e-01 7.7250e-05 1.3908e-05
1243   2.3411e-01 7.7874e-05 1.4543e-05
1244   2.3405e-01 7.8218e-05 1.5469e-05
1245   2.3399e-01 7.8292e-05 1.5974e-05
1246   2.3394e-01 7.8087e-05 1.6816e-05
1247   2.3388e-01 7.7613e-05 1.7192e-05
1248   2.3384e-01 7.6864e-05 1.7928e-05
1249   2.3379e-01 7.5853e-05 1.8183e-05
1250   2.3374e-01 7.4672e-05 1.8790e-05
1251   2.3370e-01 7.3260e-05 1.8938e-05
1252   2.3366e-01 7.1600e-05 1.9398e-05
1253   2.3363e-01 6.9693e-05 1.9458e-05
1254   2.3359e-01 6.7551e-05 1.9756e-05
1255   2.3356e-01 6.5177e-05 1.9749e-05
1256   2.3354e-01 6.2672e-05 1.9874e-05
1257   2.3351e-01 6.0259e-05 1.9861e-05
1258   2.3349e-01 5.7755e-05 1.9785e-05
1259   2.3348e-01 5.5086e-05 1.9804e-05
1260   2.3346e-01 5.2247e-05 1.9547e-05
1261   2.3345e-01 4.9264e-05 1.9568e-05
1262   2.3345e-01 4.6130e-05 1.9318e-05
1263   2.3344e-01 4.2874e-05 1.9177e-05
1264   2.3344e-01 3.9492e-05 1.8976e-05
1265   2.3344e-01 3.6013e-05 1.8663e-05
1266   2.3345e-01 3.2433e-05 1.8509e-05
1267   2.3346e-01 2.8839e-05 1.8340e-05
1268   2.3347e-01 2.5177e-05 1.8151e-05
1269   2.3348e-01 2.1478e-05 1.8014e-05
1270   2.3350e-01 1.7730e-05 1.7813e-05
1271   2.3352e-01 1.4986e-05 1.7812e-05
1272   2.3355e-01 1.7766e-05 1.7679e-05
1273   2.3357e-01 2.0563e-05 1.7480e-05
1274   2.3360e-01 2.3320e-05 1.7475e-05
1275   2.3363e-01 2.6015e-05 1.7320e-05
1276   2.3367e-01 2.8633e-05 1.7141e-05
1277   2.3370e-01 3.1124e-05 1.7652e-05
1278   2.3374e-01 3.3482e-05 1.8444e-05
1279   2.3378e-01 3.6687e-05 1.9021e-05
1280   2.3383e-01 4.0114e-05 1.9664e-05
1281   2.3387e-01 4.3360e-05 2.0181e-05
1282   2.3392e-01 4.6431e-05 2.0613e-05
1283   2.3397e-01 4.9303e-05 2.1105e-05
1284   2.3402e-01 5.1948e-05 2.1386e-05
1285   2.3407e-01 5.4365e-05 2.1725e-05
1286   2.3413e-01 5.6535e-05 2.1995e-05
1287   2.3418e-01 5.8461e-05 2.2152e-05
1288   2.3424e-01 6.0125e-05 2.2367e-05
1289   2.3430e-01 6.1565e-05 2.2457e-05
1290   2.3435e-01 6.2754e-05 2.2512e-05
1291   2.3441e-01 6.3684e-05 2.2624e-05
1292   2.3448e-01 6.4358e-05 2.2570e-05
1293   2.3454e-01 6.4771e-05 2.2537e-05
1294   2.3460e-01 6.4930e-05 2.2560e-05
1295   2.3466e-01 6.4833e-05 2.2404e-05
1296   2.3472e-01 6.4486e-05 2.2308e-05
1297   2.3478e-01 6.3890e-05 2.2215e-05
1298   2.3485e-01 6.3139e-05 2.2001e-05
1299   2.3491e-01 6.2722e-05 2.1873e-05
1300   2.3497e-01 6.2648e-05 2.1644e-05
1301   2.3503e-01 6.2473e-05 2.1335e-05
1302   2.3509e-01 6.2063e-05 2.1107e-05
1303   2.3515e-01 6.1553e-05 2.0707e-05
1304   2.3521e-01 6.0809e-05 2.0444e-05
1305   2.3526e-01 5.9966e-05 1.9997e-05
1306   2.3532e-01 5.8894e-05 1.9611e-05
1307   2.3537e-01 5.7727e-05 1.9115e-05
1308   2.3542e-01 5.6444e-05 1.8644e-05
1309   2.3547e-01 5.5020e-05 1.8156e-05
1310   2.3552e-01 5.3520e-05 1.7611e-05
1311   2.3557e-01 5.1853e-05 1.7032e-05
1312   2.3561e-01 5.0146e-05 1.6475e-05
1313   2.3565e-01 4.8190e-05 1.5873e-05
1314   2.3568e-01 4.6200e-05 1.5322e-05
1315   2.3572e-01 4.3972e-05 1.4601e-05
1316   2.3575e-01 4.1720e-05 1.4103e-05
1317   2.3578e-01 3.9242e-05 1.3427e-05
1318   2.3580e-01 3.6752e-05 1.2894e-05
1319   2.3582e-01 3.4076e-05 1.2691e-05
1320   2.3584e-01 3.1350e-05 1.3183e-05
1321   2.3585e-01 2.8505e-05 1.3655e-05
1322   2.3586e-01 2.5653e-05 1.3958e-05
1323   2.3586e-01 2.2684e-05 1.4337e-05
1324   2.3586e-01 1.9705e-05 1.4484e-05
1325   2.3586e-01 1.7663e-05 1.4696e-05
1326   2.3585e-01 1.9755e-05 1.4669e-05
1327   2.3584e-01 2.1830e-05 1.4699e-05
1328   2.3583e-01 2.3872e-05 1.4486e-05
1329   2.3581e-01 2.5819e-05 1.4325e-05
1330   2.3578e-01 2.8384e-05 1.3919e-05
1331   2.3575e-01 3.1259e-05 1.3563e-05
1332   2.3572e-01 3.4108e-05 1.2964e-05
1333   2.3569e-01 3.6827e-05 1.2417e-05
1334   2.3565e-01 3.9403e-05 1.1631e-05
1335   2.3561e-01 4.1831e-05 1.0902e-05
1336   2.3556e-01 4.4103e-05 9.9631e-06
1337   2.3551e-01 4.6259e-05 9.0461e-06
1338   2.3546e-01 4.8247e-05 8.0033e-06
1339   2.3541e-01 5.0050e-05 7.8206e-06
1340   2.3535e-01 5.1669e-05 8.3824e-06
1341   2.3529e-01 5.3095e-05 8.9288e-06
1342   2.3523e-01 5.4329e-05 9.4817e-06
1343   2.3517e-01 5.5365e-05 1.0150e-05
1344   2.3510e-01 5.6206e-05 1.0703e-05
1345   2.3504e-01 5.6848e-05 1.1365e-05
1346   2.3497e-01 5.7559e-05 1.1978e-05
1347   2.3490e-01 5.8349e-05 1.2625e-05
1348   2.3483e-01 5.8971e-05 1.3357e-05
1349   2.3477e-01 5.9415e-05 1.3983e-05
1350   2.3470e-01 5.9745e-05 1.4721e-05
1351   2.3463e-01 5.9927e-05 1.5431e-05
1352   2.3456e-01 5.9939e-05 1.6077e-05
1353   2.3449e-01 5.9791e-05 1.6696e-05
1354   2.3443e-01 5.9498e-05 1.7285e-05
1355   2.3436e-01 5.9073e-05 1.7919e-05
1356   2.3430e-01 5.8483e-05 1.8468e-05
1357   2.3424e-01 5.7747e-05 1.9035e-05
1358   2.3418e-01 5.6938e-05 1.9656e-05
1359   2.3412e-01 5.5986e-05 2.0127e-05
1360   2.3407e-01 5.4896e-05 2.0636e-05
1361   2.3402e-01 5.3660e-05 2.1093e-05
1362   2.3397e-01 5.2295e-05 2.1449e-05
1363   2.3392e-01 5.0792e-05 2.1835e-05
1364   2.3388e-01 4.9170e-05 2.2099e-05
1365   2.3384e-01 4.7458e-05 2.2334e-05
1366   2.3381e-01 4.5655e-05 2.2433e-05
1367   2.3377e-01 4.3747e-05 2.2517e-05
1368   2.3375e-01 4.1720e-05 2.2490e-05
1369   2.3372e-01 3.9607e-05 2.2391e-05
1370   2.3370e-01 3.7386e-05 2.2246e-05
1371   2.3368e-01 3.5085e-05 2.2002e-05
1372   2.3367e-01 3.2688e-05 2.1710e-05
1373   2.3366e-01 3.0227e-05 2.1395e-05
1374   2.3366e-01 2.7693e-05 2.0908e-05
1375   2.3366e-01 2.5116e-05 2.0540e-05
1376   2.3366e-01 2.2482e-05 2.0002e-05
1377   2.3367e-01 1.9820e-05 1.9463e-05
1378   2.3368e-01 1.7118e-05 1.8916e-05
1379   2.3369e-01 1.4405e-05 1.8236e-05
1380   2.3371e-01 1.2247e-05 1.7646e-05
1381   2.3373e-01 1.4780e-05 1.6984e-05
1382   2.3376e-01 1.7296e-05 1.6221e-05
1383   2.3378e-01 1.9770e-05 1.5579e-05
1384   2.3382e-01 2.2202e-05 1.4819e-05
1385   2.3385e-01 2.5594e-05 1.4046e-05
1386   2.3389e-01 2.8886e-05 1.3313e-05
1387   2.3393e-01 3.2113e-05 1.2464e-05
1388   2.3398e-01 3.5215e-05 1.1702e-05
1389   2.3402e-01 3.8226e-05 1.1257e-05
1390   2.3407e-01 4.1088e-05 1.1172e-05
1391   2.3412e-01 4.3836e-05 1.0972e-05
1392   2.3418e-01 4.6412e-05 1.0839e-05
1393   2.3423e-01 4.8853e-05 1.0689e-05
1394   2.3429e-01 5.1103e-05 1.0486e-05
1395   2.3435e-01 5.3200e-05 1.0358e-05
1396   2.3441e-01 5.5089e-05 1.0269e-05
1397   2.3447e-01 5.6810e-05 1.0150e-05
1398   2.3454e-01 5.8315e-05 1.0134e-05
1399   2.3460e-01 5.9631e-05 1.0084e-05
1400   2.3467e-01 6.0721e-05 1.0077e-05
1401   2.3473e-01 6.1623e-05 1.0196e-05
1402   2.3480e-01 6.2289e-05 1.0337e-05
1403   2.3486e-01 6.2938e-05 1.0454e-05
1404   2.3493e-01 6.3573e-05 1.0627e-05
1405   2.3500e-01 6.3940e-05 1.0934e-05
1406   2.3506e-01 6.4142e-05 1.1139e-05
1407   2.3513e-01 6.4076e-05 1.1412e-05
1408   2.3519e-01 6.3846e-05 1.1706e-05
1409   2.3525e-01 6.3411e-05 1.1928e-05
1410   2.3531e-01 6.2767e-05 1.2265e-05
1411   2.3537e-01 6.1972e-05 1.2506e-05
1412   2.3543e-01 6.0928e-05 1.2766e-05
1413   2.3549e-01 5.9744e-05 1.3002e-05
1414   2.3554e-01 5.8320e-05 1.3197e-05
1415   2.3559e-01 5.6768e-05 1.3404e-05
1416   2.3564e-01 5.4991e-05 1.3551e-05
1417   2.3569e-01 5.3099e-05 1.3703e-05
1418   2.3573e-01 5.1055e-05 1.3819e-05
1419   2.3578e-01 4.8878e-05 1.3895e-05
1420   2.3581e-01 4.6606e-05 1.4000e-05
1421   2.3585e-01 4.4314e-05 1.4013e-05
1422   2.3588e-01 4.1981e-05 1.4125e-05
1423   2.3591e-01 3.9449e-05 1.4118e-05
1424   2.3593e-01 3.6892e-05 1.4159e-05
1425   2.3596e-01 3.4253e-05 1.4185e-05
1426   2.3597e-01 3.1865e-05 1.4141e-05
1427   2.3599e-01 2.9255e-05 1.4200e-05
1428   2.3600e-01 2.6793e-05 1.4180e-05
1429   2.3600e-01 2.4170e-05 1.4148e-05
1430   2.3600e-01 2.1427e-05 1.4172e-05
1431   2.3600e-01 1.8814e-05 1.4079e-05
1432   2.3600e-01 1.6074e-05 1.4060e-05
1433   2.3599e-01 1.3309e-05 1.4019e-05
1434   2.3597e-01 1.0877e-05 1.3917e-05
1435   2.3596e-01 1.2489e-05 1.3864e-05
1436   2.3593e-01 1.4197e-05 1.3693e-05
1437   2.3591e-01 1.6042e-05 1.3569e-05
1438   2.3588e-01 1.7926e-05 1.3367e-05
1439   2.3585e-01 1.9795e-05 1.3133e-05
1440   2.3581e-01 2.1609e-05 1.2908e-05
1441   2.3578e-01 2.3664e-05 1.2579e-05
1442   2.3573e-01 2.6329e-05 1.2295e-05
1443   2.3569e-01 2.8854e-05 1.1893e-05
1444   2.3564e-01 3.1270e-05 1.1964e-05
1445   2.3559e-01 3.3566e-05 1.2462e-05
1446   2.3554e-01 3.5711e-05 1.2899e-05
1447   2.3549e-01 3.7729e-05 1.3326e-05
1448   2.3543e-01 3.9556e-05 1.3689e-05
1449   2.3538e-01 4.1242e-05 1.4037e-05
1450   2.3532e-01 4.2725e-05 1.4338e-05
1451   2.3526e-01 4.4056e-05 1.4612e-05
1452   2.3520e-01 4.5174e-05 1.4867e-05
1453   2.3514e-01 4.6132e-05 1.5063e-05
1454   2.3508e-01 4.6873e-05 1.5237e-05
1455   2.3502e-01 4.7449e-05 1.5351e-05
1456   2.3496e-01 4.7806e-05 1.5443e-05
1457   2.3490e-01 4.7997e-05 1.5473e-05
1458   2.3484e-01 4.8642e-05 1.5480e-05
1459   2.3478e-01 4.9462e-05 1.5427e-05
1460   2.3473e-01 5.0142e-05 1.5364e-05
1461   2.3467e-01 5.0685e-05 1.5285e-05
1462   2.3462e-01 5.1084e-05 1.5150e-05
1463   2.3457e-01 5.1342e-05 1.4988e-05
1464   2.3452e-01 5.1453e-05 1.4770e-05
1465   2.3447e-01 5.1451e-05 1.4541e-05
1466   2.3442e-01 5.1338e-05 1.4789e-05
1467   2.3438e-01 5.1075e-05 1.5312e-05
1468   2.3434e-01 5.0673e-05 1.5676e-05
1469   2.3430e-01 5.0123e-05 1.6064e-05
1470   2.3427e-01 4.9437e-05 1.6333e-05
1471   2.3423e-01 4.8605e-05 1.6601e-05
1472   2.3420e-01 4.7641e-05 1.6749e-05
1473   2.3418e-01 4.6539e-05 1.6908e-05
1474   2.3415e-01 4.5322e-05 1.6924e-05
1475   2.3413e-01 4.3973e-05 1.6986e-05
1476   2.3412e-01 4.2509e-05 1.6864e-05
1477   2.3410e-01 4.0948e-05 1.6845e-05
1478   2.3409e-01 3.9263e-05 1.6623e-05
1479   2.3408e-01 3.7469e-05 1.6547e-05
1480   2.3408e-01 3.5561e-05 1.6232e-05
1481   2.3408e-01 3.3557e-05 1.6066e-05
1482   2.3408e-01 3.1452e-05 1.5667e-05
1483   2.3408e-01 2.9265e-05 1.5417e-05
1484   2.3409e-01 2.6992e-05 1.5003e-05
1485   2.3410e-01 2.4652e-05 1.4624e-05
1486   2.3411e-01 2.2244e-05 1.4207e-05
1487   2.3413e-01 1.9784e-05 1.3712e-05
1488   2.3415e-01 1.7273e-05 1.3302e-05
1489   2.3417e-01 1.4735e-05 1.2729e-05
1490   2.3419e-01 1.5645e-05 1.2311e-05
1491   2.3421e-01 1.7621e-05 1.1761e-05
1492   2.3424e-01 2.0044e-05 1.1258e-05
1493   2.3427e-01 2.2414e-05 1.0729e-05
1494   2.3430e-01 2.4686e-05 1.0238e-05
1495   2.3433e-01 2.6891e-05 9.6896e-06
1496   2.3437e-01 2.9027e-05 9.2275e-06
1497   2.3440e-01 3.1057e-05 8.7209e-06
1498   2.3444e-01 3.3004e-05 8.3129e-06
1499   2.3448e-01 3.4814e-05 7.8776e-06
1500   2.3452e-01 3.6529e-05 8.3553e-06
1501   2.3456e-01 3.8097e-05 8.7758e-06
1502   2.3460e-01 3.9560e-05 9.2274e-06
1503   2.3465e-01 4.0868e-05 9.7180e-06
1504   2.3469e-01 4.2062e-05 1.0141e-05
1505   2.3474e-01 4.3094e-05 1.0600e-05
1506   2.3478e-01 4.4008e-05 1.1111e-05
1507   2.3483e-01 4.4756e-05 1.1549e-05
1508   2.3487e-01 4.5382e-05 1.2023e-05
1509   2.3492e-01 4.5841e-05 1.2540e-05
1510   2.3497e-01 4.6383e-05 1.2974e-05
1511   2.3502e-01 4.6843e-05 1.3445e-05
1512   2.3506e-01 4.7202e-05 1.3900e-05
1513   2.3511e-01 4.7380e-05 1.4315e-05
1514   2.3516e-01 4.7459e-05 1.4759e-05
1515   2.3520e-01 4.7360e-05 1.5123e-05
1516   2.3525e-01 4.7165e-05 1.5495e-05
1517   2.3529e-01 4.6798e-05 1.5880e-05
1518   2.3534e-01 4.6344e-05 1.6174e-05
1519   2.3538e-01 4.5825e-05 1.6484e-05
1520   2.3543e-01 4.5143e-05 1.6698e-05
1521   2.3547e-01 4.4635e-05 1.6925e-05
1522   2.3551e-01 4.4171e-05 1.7081e-05
1523   2.3555e-01 4.3580e-05 1.7194e-05
1524   2.3558e-01 4.2829e-05 1.7297e-05
1525   2.3562e-01 4.1917e-05 1.7306e-05
1526   2.3566e-01 4.0852e-05 1.7319e-05
1527   2.3569e-01 3.9633e-05 1.7231e-05
1528   2.3572e-01 3.8269e-05 1.7147e-05
1529   2.3575e-01 3.6764e-05 1.6963e-05
1530   2.3577e-01 3.5359e-05 1.6784e-05
1531   2.3580e-01 3.3816e-05 1.6509e-05
1532   2.3582e-01 3.2350e-05 1.6240e-05
1533   2.3584e-01 3.0612e-05 1.5897e-05
1534   2.3586e-01 2.8959e-05 1.5526e-05
1535   2.3587e-01 2.7110e-05 1.5142e-05
1536   2.3589e-01 2.5231e-05 1.4686e-05
1537   2.3590e-01 2.3350e-05 1.4248e-05
1538   2.3590e-01 2.1278e-05 1.3728e-05
1539   2.3591e-01 1.9315e-05 1.3230e-05
1540   2.3591e-01 1.7199e-05 1.2662e-05
1541   2.3591e-01 1.5065e-05 1.2118e-05
1542   2.3591e-01 1.2993e-05 1.1571e-05
1543   2.3590e-01 1.0864e-05 1.0974e-05
1544   2.3589e-01 9.2578e-06 1.0425e-05
1545   2.3588e-01 1.1089e-05 9.7979e-06
1546   2.3587e-01 1.2880e-05 9.2225e-06
1547   2.3585e-01 1.4683e-05 8.6336e-06
1548   2.3583e-01 1.6436e-05 8.0063e-06
1549   2.3581e-01 1.8131e-05 7.8174e-06
1550   2.3578e-01 1.9762e-05 7.5433e-06
1551   2.3576e-01 2.1860e-05 7.2827e-06
1552   2.3573e-01 2.4228e-05 6.9039e-06
1553   2.3570e-01 2.6549e-05 6.5395e-06
1554   2.3567e-01 2.8777e-05 6.0597e-06
1555   2.3563e-01 3.0903e-05 5.5970e-06
1556   2.3560e-01 3.2920e-05 5.5220e-06
1557   2.3556e-01 3.4822e-05 5.6201e-06
1558   2.3552e-01 3.6600e-05 5.7757e-06
1559   2.3548e-01 3.8250e-05 5.8717e-06
1560   2.3544e-01 3.9764e-05 6.0261e-06
1561   2.3540e-01 4.1139e-05 6.1643e-06
1562   2.3535e-01 4.2368e-05 6.3257e-06
1563   2.3531e-01 4.3448e-05 6.5399e-06
1564   2.3527e-01 4.4375e-05 6.7096e-06
1565   2.3522e-01 4.5147e-05 6.9321e-06
1566   2.3518e-01 4.5761e-05 7.1501e-06
1567   2.3513e-01 4.6215e-05 7.4040e-06
1568   2.3509e-01 4.6685e-05 7.7027e-06
1569   2.3504e-01 4.7165e-05 7.9686e-06
1570   2.3500e-01 4.7484e-05 8.3453e-06
1571   2.3496e-01 4.7643e-05 8.8196e-06
1572   2.3491e-01 4.7641e-05 9.4628e-06
1573   2.3487e-01 4.7480e-05 1.0119e-05
1574   2.3483e-01 4.7159e-05 1.0689e-05
1575   2.3479e-01 4.6715e-05 1.1297e-05
1576   2.3476e-01 4.6125e-05 1.1818e-05
1577   2.3472e-01 4.5385e-05 1.2351e-05
1578   2.3469e-01 4.4500e-05 1.2821e-05
1579   2.3465e-01 4.3471e-05 1.3270e-05
1580   2.3462e-01 4.2305e-05 1.3659e-05
1581   2.3459e-01 4.1004e-05 1.4008e-05
1582   2.3456e-01 3.9624e-05 1.4319e-05
1583   2.3454e-01 3.8312e-05 1.4556e-05
1584   2.3451e-01 3.6911e-05 1.4793e-05
1585   2.3449e-01 3.5407e-05 1.4908e-05
1586   2.3447e-01 3.3815e-05 1.5079e-05
1587   2.3445e-01 3.2153e-05 1.5111e-05
1588   2.3444e-01 3.0414e-05 1.5193e-05
1589   2.3443e-01 2.8602e-05 1.5181e-05
1590   2.3442e-01 2.6714e-05 1.5128e-05
1591   2.3441e-01 2.4765e-05 1.5077e-05
1592   2.3440e-01 2.2755e-05 1.4913e-05
1593   2.3440e-01 2.0708e-05 1.4806e-05
1594   2.3440e-01 1.8627e-05 1.4575e-05
1595   2.3440e-01 1.6516e-05 1.4378e-05
1596   2.3440e-01 1.4369e-05 1.4141e-05
1597   2.3440e-01 1.2207e-05 1.3876e-05
1598   2.3441e-01 1.0024e-05 1.3569e-05
1599   2.3442e-01 9.2118e-06 1.3301e-05
1600   2.3443e-01 1.0805e-05 1.2924e-05
1601   2.3445e-01 1.2347e-05 1.2593e-05
1602   2.3446e-01 1.3843e-05 1.2198e-05
1603   2.3448e-01 1.5281e-05 1.1779e-05
1604   2.3450e-01 1.6654e-05 1.1399e-05
1605   2.3453e-01 1.8330e-05 1.0937e-05
1606   2.3455e-01 2.0381e-05 1.0488e-05
1607   2.3458e-01 2.2355e-05 1.0022e-05
1608   2.3460e-01 2.4282e-05 9.7427e-06
1609   2.3463e-01 2.6118e-05 9.9761e-06
1610   2.3467e-01 2.7893e-05 1.0155e-05
1611   2.3470e-01 2.9564e-05 1.0339e-05
1612   2.3473e-01 3.1162e-05 1.0501e-05
1613   2.3477e-01 3.2645e-05 1.0640e-05
1614   2.3481e-01 3.4043e-05 1.0787e-05
1615   2.3485e-01 3.5316e-05 1.0877e-05
1616   2.3489e-01 3.6495e-05 1.0977e-05
1617   2.3493e-01 3.7541e-05 1.1071e-05
1618   2.3497e-01 3.8485e-05 1.1137e-05
1619   2.3501e-01 3.9315e-05 1.1213e-05
1620   2.3505e-01 4.0038e-05 1.1239e-05
1621   2.3510e-01 4.0652e-05 1.1286e-05
1622   2.3514e-01 4.1140e-05 1.1370e-05
1623   2.3519e-01 4.1693e-05 1.1399e-05
1624   2.3523e-01 4.2157e-05 1.1448e-05
1625   2.3528e-01 4.2528e-05 1.1484e-05
1626   2.3532e-01 4.2738e-05 1.1497e-05
1627   2.3537e-01 4.2851e-05 1.1528e-05
1628   2.3541e-01 4.2803e-05 1.1507e-05
1629   2.3546e-01 4.2657e-05 1.1520e-05
1630   2.3550e-01 4.2350e-05 1.1533e-05
1631   2.3554e-01 4.1947e-05 1.1499e-05
1632   2.3558e-01 4.1407e-05 1.1488e-05
1633   2.3562e-01 4.0771e-05 1.1415e-05
1634   2.3566e-01 4.0040e-05 1.1366e-05
1635   2.3570e-01 3.9154e-05 1.1257e-05
1636   2.3574e-01 3.8178e-05 1.1182e-05
1637   2.3577e-01 3.7052e-05 1.1049e-05
1638   2.3580e-01 3.5842e-05 1.0950e-05
1639   2.3583e-01 3.4489e-05 1.0783e-05
1640   2.3586e-01 3.3060e-05 1.0650e-05
1641   2.3589e-01 3.1562e-05 1.0451e-05
1642   2.3591e-01 3.0056e-05 1.0287e-05
1643   2.3593e-01 2.8408e-05 1.0058e-05
1644   2.3595e-01 2.6725e-05 9.8670e-06
1645   2.3597e-01 2.4912e-05 9.6152e-06
1646   2.3598e-01 2.3075e-05 9.6915e-06
1647   2.3600e-01 2.1121e-05 9.7852e-06
1648   2.3600e-01 1.9156e-05 9.8525e-06
1649   2.3601e-01 1.7087e-05 9.8971e-06
1650   2.3601e-01 1.5035e-05 9.8619e-06
1651   2.3601e-01 1.3023e-05 9.8246e-06
1652   2.3601e-01 1.0939e-05 9.6925e-06
1653   2.3600e-01 8.8663e-06 9.5557e-06
1654   2.3600e-01 9.0882e-06 9.3227e-06
1655   2.3598e-01 1.0351e-05 9.0837e-06
1656   2.3597e-01 1.1600e-05 8.7486e-06
1657   2.3595e-01 1.2810e-05 8.4075e-06
1658   2.3593e-01 1.3980e-05 7.9720e-06
1659   2.3591e-01 1.5185e-05 7.5323e-06
1660   2.3589e-01 1.6910e-05 7.0014e-06
1661   2.3586e-01 1.8608e-05 6.4697e-06
1662   2.3583e-01 2.0246e-05 5.8516e-06
1663   2.3580e-01 2.1819e-05 5.2375e-06
1664   2.3577e-01 2.3323e-05 5.2827e-06
1665   2.3574e-01 2.4753e-05 5.7554e-06
1666   2.3570e-01 2.6105e-05 6.2905e-06
1667   2.3566e-01 2.7375e-05 6.8088e-06
1668   2.3562e-01 2.8558e-05 7.3193e-06
1669   2.3558e-01 2.9718e-05 7.8079e-06
1670   2.3554e-01 3.0943e-05 8.2837e-06
1671   2.3550e-01 3.2058e-05 8.7328e-06
1672   2.3545e-01 3.3028e-05 9.1687e-06
1673   2.3541e-01 3.3881e-05 9.5846e-06
1674   2.3537e-01 3.4587e-05 9.9696e-06
1675   2.3532e-01 3.5178e-05 1.0330e-05
1676   2.3528e-01 3.5645e-05 1.0654e-05
1677   2.3523e-01 3.5960e-05 1.0950e-05
1678   2.3519e-01 3.6149e-05 1.1206e-05
1679   2.3514e-01 3.6185e-05 1.1430e-05
1680   2.3510e-01 3.6380e-05 1.1674e-05
1681   2.3506e-01 3.6512e-05 1.1889e-05
1682   2.3502e-01 3.6540e-05 1.2077e-05
1683   2.3498e-01 3.6472e-05 1.2226e-05
1684   2.3494e-01 3.6333e-05 1.2342e-05
1685   2.3490e-01 3.6105e-05 1.2424e-05
1686   2.3487e-01 3.5783e-05 1.2595e-05
1687   2.3483e-01 3.5361e-05 1.2841e-05
1688   2.3480e-01 3.4847e-05 1.3089e-05
1689   2.3477e-01 3.4237e-05 1.3340e-05
1690   2.3474e-01 3.3539e-05 1.3570e-05
1691   2.3472e-01 3.2748e-05 1.3710e-05
1692   2.3469e-01 3.1874e-05 1.3873e-05
1693   2.3467e-01 3.0913e-05 1.3931e-05
1694   2.3465e-01 2.9883e-05 1.4012e-05
1695   2.3463e-01 2.8793e-05 1.3977e-05
1696   2.3461e-01 2.7623e-05 1.3967e-05
1697   2.3460e-01 2.6382e-05 1.3842e-05
1698   2.3459e-01 2.5069e-05 1.3745e-05
1699   2.3458e-01 2.3694e-05 1.3537e-05
1700   2.3458e-01 2.2255e-05 1.3385e-05
1701   2.3457e-01 2.0763e-05 1.3121e-05
1702   2.3457e-01 1.9216e-05 1.2899e-05
1703   2.3457e-01 1.7627e-05 1.2567e-05
1704   2.3457e-01 1.5993e-05 1.2281e-05
1705   2.3458e-01 1.4326e-05 1.1906e-05
1706   2.3459e-01 1.2626e-05 1.1548e-05
1707   2.3460e-01 1.0905e-05 1.1150e-05
1708   2.3461e-01 9.1613e-06 1.0718e-05
1709   2.3462e-01 1.0457e-05 1.0303e-05
1710   2.3464e-01 1.1929e-05 9.8152e-06
1711   2.3466e-01 1.3350e-05 9.3803e-06
1712   2.3468e-01 1.5195e-05 8.8703e-06
1713   2.3470e-01 1.7142e-05 8.3994e-06
1714   2.3472e-01 1.9043e-05 7.8861e-06
1715   2.3475e-01 2.0862e-05 7.3757e-06
1716   2.3478e-01 2.2620e-05 6.8699e-06
1717   2.3480e-01 2.4284e-05 6.3269e-06
1718   2.3483e-01 2.5875e-05 5.8359e-06
1719   2.3487e-01 2.7361e-05 5.2781e-06
1720   2.3490e-01 2.8764e-05 5.1753e-06
1721   2.3493e-01 3.0052e-05 5.4071e-06
1722   2.3497e-01 3.1249e-05 5.6365e-06
1723   2.3500e-01 3.2323e-05 5.8838e-06
1724   2.3504e-01 3.3298e-05 6.1074e-06
1725   2.3508e-01 3.4145e-05 6.3696e-06
1726   2.3512e-01 3.4889e-05 6.6571e-06
1727   2.3515e-01 3.5515e-05 6.9350e-06
1728   2.3519e-01 3.6033e-05 7.2236e-06
1729   2.3523e-01 3.6443e-05 7.5325e-06
1730   2.3527e-01 3.6724e-05 7.8111e-06
1731   2.3531e-01 3.7035e-05 8.1079e-06
1732   2.3535e-01 3.7305e-05 8.4289e-06
1733   2.3539e-01 3.7465e-05 8.7194e-06
1734   2.3543e-01 3.7509e-05 9.0235e-06
1735   2.3547e-01 3.7462e-05 9.3104e-06
1736   2.3551e-01 3.7274e-05 9.5966e-06
1737   2.3554e-01 3.6998e-05 9.8906e-06
1738   2.3558e-01 3.6584e-05 1.0146e-05
1739   2.3561e-01 3.6087e-05 1.0406e-05
1740   2.3565e-01 3.5456e-05 1.0625e-05
1741   2.3568e-01 3.4746e-05 1.0846e-05
1742   2.3571e-01 3.3910e-05 1.1051e-05
1743   2.3575e-01 3.3013e-05 1.1220e-05
1744   2.3577e-01 3.2046e-05 1.1384e-05
1745   2.3580e-01 3.0962e-05 1.1500e-05
1746   2.3583e-01 2.9814e-05 1.1610e-05
1747   2.3585e-01 2.8557e-05 1.1671e-05
1748   2.3588e-01 2.7285e-05 1.1724e-05
1749   2.3590e-01 2.6171e-05 1.1727e-05
1750   2.3591e-01 2.4881e-05 1.1721e-05
1751   2.3593e-01 2.3645e-05 1.1665e-05
1752   2.3595e-01 2.2277e-05 1.1600e-05
1753   2.3596e-01 2.0863e-05 1.1485e-05
1754   2.3597e-01 1.9438e-05 1.1362e-05
1755   2.3598e-01 1.7878e-05 1.1203e-05
1756   2.3598e-01 1.6387e-05 1.1017e-05
1757   2.3599e-01 1.4754e-05 1.0826e-05
1758   2.3599e-01 1.3167e-05 1.0588e-05
1759   2.3599e-01 1.1543e-05 1.0347e-05
1760   2.3598e-01 9.8369e-06 1.0060e-05
1761   2.3598e-01 8.2272e-06 9.7715e-06
1762   2.3597e-01 6.5881e-06 9.4468e-06
1763   2.3596e-01 6.3961e-06 9.1152e-06
1764   2.3595e-01 7.5024e-06 8.7844e-06
1765   2.3593e-01 8.6680e-06 8.4141e-06
1766   2.3592e-01 9.8202e-06 8.0467e-06
1767   2.3590e-01 1.0936e-05 7.6430e-06
1768   2.3588e-01 1.2017e-05 7.2440e-06
1769   2.3586e-01 1.3156e-05 6.8501e-06
1770   2.3584e-01 1.4705e-05 6.4224e-06
1771   2.3581e-01 1.6180e-05 6.0042e-06
1772   2.3579e-01 1.7596e-05 5.5548e-06
1773   2.3576e-01 1.8929e-05 5.3479e-06
1774   2.3573e-01 2.0195e-05 5.5452e-06
1775   2.3570e-01 2.1410e-05 5.7366e-06
1776   2.3567e-01 2.2829e-05 5.9160e-06
1777   2.3564e-01 2.4173e-05 6.0885e-06
1778   2.3560e-01 2.5439e-05 6.2481e-06
1779   2.3557e-01 2.6622e-05 6.3998e-06
1780   2.3554e-01 2.7717e-05 6.5662e-06
1781   2.3550e-01 2.8720e-05 6.7193e-06
1782   2.3547e-01 2.9627e-05 6.8669e-06
1783   2.3543e-01 3.0436e-05 6.9982e-06
1784   2.3540e-01 3.1143e-05 7.1233e-06
1785   2.3536e-01 3.1745e-05 7.2317e-06
1786   2.3533e-01 3.2241e-05 7.3335e-06
1787   2.3530e-01 3.2629e-05 7.4180e-06
1788   2.3526e-01 3.3078e-05 7.4974e-06
1789   2.3523e-01 3.3484e-05 7.5712e-06
1790   2.3520e-01 3.3779e-05 7.6263e-06
1791   2.3517e-01 3.3965e-05 7.7766e-06
1792   2.3514e-01 3.4066e-05 8.2209e-06
1793   2.3511e-01 3.4055e-05 8.6224e-06
1794   2.3508e-01 3.3935e-05 9.0089e-06
1795   2.3505e-01 3.3703e-05 9.3581e-06
1796   2.3503e-01 3.3363e-05 9.6854e-06
1797   2.3500e-01 3.2914e-05 9.9729e-06
1798   2.3498e-01 3.2359e-05 1.0241e-05
1799   2.3496e-01 3.1699e-05 1.0459e-05
1800   2.3494e-01 3.0937e-05 1.0670e-05
1801   2.3492e-01 3.0076e-05 1.0811e-05
1802   2.3490e-01 2.9120e-05 1.0968e-05
1803   2.3489e-01 2.8071e-05 1.1040e-05
1804   2.3487e-01 2.6961e-05 1.1135e-05
1805   2.3486e-01 2.5860e-05 1.1141e-05
1806   2.3485e-01 2.4684e-05 1.1172e-05
1807   2.3484e-01 2.3432e-05 1.1116e-05
1808   2.3483e-01 2.2109e-05 1.1084e-05
1809   2.3483e-01 2.0728e-05 1.0968e-05
1810   2.3482e-01 1.9325e-05 1.0877e-05
1811   2.3482e-01 1.7872e-05 1.0740e-05
1812   2.3482e-01 1.6370e-05 1.0562e-05
1813   2.3482e-01 1.4830e-05 1.0407e-05
1814   2.3483e-01 1.3251e-05 1.0180e-05
1815   2.3483e-01 1.1655e-05 9.9766e-06
1816   2.3484e-01 1.0034e-05 9.7044e-06
1817   2.3484e-01 8.3968e-06 9.4584e-06
1818   2.3485e-01 7.3405e-06 9.1592e-06
1819   2.3486e-01 8.4268e-06 8.8614e-06
1820   2.3488e-01 9.4917e-06 8.5479e-06
1821   2.3489e-01 1.0718e-05 8.2188e-06
1822   2.3491e-01 1.2189e-05 7.8762e-06
1823   2.3492e-01 1.3611e-05 7.5498e-06
1824   2.3494e-01 1.5003e-05 7.1719e-06
1825   2.3496e-01 1.6337e-05 6.8185e-06
1826   2.3498e-01 1.7631e-05 6.4357e-06
1827   2.3500e-01 1.8859e-05 6.0478e-06
1828   2.3502e-01 2.0040e-05 5.8119e-06
1829   2.3505e-01 2.1148e-05 6.1637e-06
1830   2.3507e-01 2.2201e-05 6.4862e-06
1831   2.3510e-01 2.3174e-05 6.8060e-06
1832   2.3513e-01 2.4087e-05 7.1174e-06
1833   2.3515e-01 2.4914e-05 7.4211e-06
1834   2.3518e-01 2.5675e-05 7.7204e-06
1835   2.3521e-01 2.6346e-05 7.9880e-06
1836   2.3524e-01 2.6947e-05 8.2678e-06
1837   2.3527e-01 2.7480e-05 8.5439e-06
1838   2.3530e-01 2.7932e-05 8.7881e-06
1839   2.3533e-01 2.8311e-05 9.0244e-06
1840   2.3536e-01 2.8620e-05 9.2576e-06
1841   2.3539e-01 2.8974e-05 9.4728e-06
1842   2.3542e-01 2.9265e-05 9.6782e-06
1843   2.3545e-01 2.9491e-05 9.8493e-06
1844   2.3548e-01 2.9613e-05 1.0010e-05
1845   2.3552e-01 2.9669e-05 1.0175e-05
1846   2.3555e-01 2.9620e-05 1.0304e-05
1847   2.3558e-01 2.9506e-05 1.0419e-05
1848   2.3561e-01 2.9287e-05 1.0498e-05
1849   2.3563e-01 2.9005e-05 1.0566e-05
1850   2.3566e-01 2.8620e-05 1.0621e-05
1851   2.3569e-01 2.8185e-05 1.0644e-05
1852   2.3572e-01 2.7691e-05 1.0654e-05
1853   2.3574e-01 2.7097e-05 1.0622e-05
1854   2.3577e-01 2.6445e-05 1.0578e-05
1855   2.3579e-01 2.5696e-05 1.0494e-05
1856   2.3581e-01 2.4893e-05 1.0398e-05
1857   2.3584e-01 2.3999e-05 1.0262e-05
1858   2.3586e-01 2.3068e-05 1.0116e-05
1859   2.3587e-01 2.2108e-05 9.9325e-06
1860   2.3589e-01 2.1119e-05 9.7441e-06
1861   2.3591e-01 2.0037e-05 9.5235e-06
1862   2.3592e-01 1.8933e-05 9.2993e-06
1863   2.3593e-01 1.7742e-05 9.0382e-06
1864   2.3594e-01 1.6536e-05 8.7756e-06
1865   2.3595e-01 1.5251e-05 8.4788e-06
1866   2.3596e-01 1.3986e-05 8.1833e-06
1867   2.3596e-01 1.2610e-05 7.8708e-06
1868   2.3597e-01 1.1282e-05 7.5448e-06
1869   2.3597e-01 9.9185e-06 7.2249e-06
1870   2.3597e-01 8.5155e-06 6.9927e-06
1871   2.3597e-01 7.1407e-06 6.9229e-06
1872   2.3596e-01 5.8943e-06 6.8217e-06
1873   2.3596e-01 6.9683e-06 6.7059e-06
1874   2.3595e-01 8.0504e-06 6.5383e-06
1875   2.3594e-01 9.1023e-06 6.3579e-06
1876   2.3593e-01 1.0121e-05 6.1248e-06
1877   2.3592e-01 1.1111e-05 5.8793e-06
1878   2.3590e-01 1.2076e-05 5.5822e-06
1879   2.3588e-01 1.3356e-05 5.2740e-06
1880   2.3587e-01 1.4756e-05 4.9163e-06
1881   2.3585e-01 1.6104e-05 4.5497e-06
1882   2.3583e-01 1.7394e-05 4.1366e-06
1883   2.3580e-01 1.8623e-05 3.7177e-06
1884   2.3578e-01 1.9787e-05 3.2560e-06
1885   2.3576e-01 2.0881e-05 2.9283e-06
1886   2.3573e-01 2.1904e-05 3.2349e-06
1887   2.3571e-01 2.2851e-05 3.5517e-06
1888   2.3568e-01 2.3719e-05 3.8716e-06
1889   2.3565e-01 2.4507e-05 4.1921e-06
1890   2.3562e-01 2.5211e-05 4.5080e-06
1891   2.3559e-01 2.5830e-05 4.8213e-06
1892   2.3556e-01 2.6362e-05 5.1269e-06
1893   2.3553e-01 2.6806e-05 5.4267e-06
1894   2.3550e-01 2.7161e-05 5.7154e-06
1895   2.3547e-01 2.7426e-05 5.9950e-06
1896   2.3544e-01 2.7719e-05 6.2604e-06
1897   2.3541e-01 2.8013e-05 6.5136e-06
1898   2.3538e-01 2.8216e-05 6.7496e-06
1899   2.3535e-01 2.8329e-05 6.9704e-06
1900   2.3533e-01 2.8352e-05 7.1750e-06
1901   2.3530e-01 2.8298e-05 7.4095e-06
1902   2.3527e-01 2.8167e-05 7.7455e-06
1903   2.3524e-01 2.7949e-05 8.0816e-06
1904   2.3522e-01 2.7644e-05 8.4128e-06
1905   2.3519e-01 2.7255e-05 8.7406e-06
1906   2.3517e-01 2.6783e-05 9.0610e-06
1907   2.3514e-01 2.6230e-05 9.3747e-06
1908   2.3512e-01 2.5599e-05 9.6331e-06
1909   2.3510e-01 2.4894e-05 9.8898e-06
1910   2.3508e-01 2.4229e-05 1.0086e-05
1911   2.3506e-01 2.3496e-05 1.0281e-05
1912   2.3504e-01 2.2701e-05 1.0412e-05
1913   2.3503e-01 2.1844e-05 1.0541e-05
1914   2.3501e-01 2.0943e-05 1.0606e-05
1915   2.3500e-01 1.9990e-05 1.0669e-05
1916   2.3499e-01 1.8981e-05 1.0669e-05
1917   2.3498e-01 1.7926e-05 1.0666e-05
1918   2.3497e-01 1.6822e-05 1.0602e-05
1919   2.3496e-01 1.5679e-05 1.0536e-05
1920   2.3496e-01 1.4495e-05 1.0410e-05
1921   2.3495e-01 1.3280e-05 1.0283e-05
1922   2.3495e-01 1.2033e-05 1.0098e-05
1923   2.3495e-01 1.0762e-05 9.9145e-06
1924   2.3495e-01 9.4688e-06 9.6805e-06
1925   2.3496e-01 8.1610e-06 9.4391e-06
1926   2.3496e-01 6.8391e-06 9.1724e-06
1927   2.3497e-01 5.5117e-06 8.8690e-06
1928   2.3497e-01 6.1188e-06 8.5702e-06
1929   2.3498e-01 7.1783e-06 8.2235e-06
1930   2.3499e-01 8.2224e-06 7.8839e-06
1931   2.3501e-01 9.2362e-06 7.4993e-06
1932   2.3502e-01 1.0521e-05 7.1243e-06
1933   2.3504e-01 1.1911e-05 6.7073e-06
1934   2.3505e-01 1.3272e-05 6.3026e-06
1935   2.3507e-01 1.4583e-05 5.8626e-06
1936   2.3509e-01 1.5855e-05 5.4306e-06
1937   2.3511e-01 1.7067e-05 4.9783e-06
1938   2.3513e-01 1.8232e-05 4.5199e-06
1939   2.3515e-01 1.9327e-05 4.6370e-06
1940   2.3518e-01 2.0368e-05 4.7994e-06
1941   2.3520e-01 2.1332e-05 4.9636e-06
1942   2.3523e-01 2.2234e-05 5.1417e-06
1943   2.3525e-01 2.3066e-05 5.3035e-06
1944   2.3528e-01 2.3826e-05 5.4662e-06
1945   2.3531e-01 2.4516e-05 5.6308e-06
1946   2.3533e-01 2.5118e-05 5.7955e-06
1947   2.3536e-01 2.5646e-05 5.9609e-06
1948   2.3539e-01 2.6083e-05 6.1143e-06
1949   2.3542e-01 2.6442e-05 6.2909e-06
1950   2.3545e-01 2.6707e-05 6.4694e-06
1951   2.3548e-01 2.6933e-05 6.6292e-06
1952   2.3551e-01 2.7191e-05 6.7901e-06
1953   2.3554e-01 2.7379e-05 6.9607e-06
1954   2.3557e-01 2.7463e-05 7.1118e-06
1955   2.3560e-01 2.7477e-05 7.2617e-06
1956   2.3563e-01 2.7388e-05 7.3904e-06
1957   2.3565e-01 2.7229e-05 7.5168e-06
1958   2.3568e-01 2.6969e-05 7.6451e-06
1959   2.3571e-01 2.6640e-05 7.7534e-06
1960   2.3573e-01 2.6222e-05 7.8584e-06
1961   2.3576e-01 2.5737e-05 7.9359e-06
1962   2.3578e-01 2.5188e-05 8.0092e-06
1963   2.3581e-01 2.4544e-05 8.0544e-06
1964   2.3583e-01 2.3840e-05 8.0948e-06
1965   2.3585e-01 2.3046e-05 8.1067e-06
1966   2.3587e-01 2.2198e-05 8.1133e-06
1967   2.3589e-01 2.1265e-05 8.0915e-06
1968   2.3591e-01 2.0284e-05 8.0643e-06
1969   2.3592e-01 1.9265e-05 8.0087e-06
1970   2.3594e-01 1.8250e-05 7.9479e-06
1971   2.3595e-01 1.7156e-05 7.8592e-06
1972   2.3596e-01 1.6039e-05 7.7656e-06
1973   2.3597e-01 1.4850e-05 7.6448e-06
1974   2.3598e-01 1.3647e-05 7.5196e-06
1975   2.3598e-01 1.2381e-05 7.3835e-06
1976   2.3599e-01 1.1108e-05 7.2280e-06
1977   2.3599e-01 9.8645e-06 7.0701e-06
1978   2.3599e-01 8.6239e-06 6.8874e-06
1979   2.3599e-01 7.3451e-06 6.7031e-06
1980   2.3598e-01 6.0764e-06 6.4950e-06
1981   2.3598e-01 4.8205e-06 6.2863e-06
1982   2.3597e-01 4.3281e-06 6.0628e-06
1983   2.3597e-01 5.1972e-06 5.8328e-06
1984   2.3596e-01 6.0503e-06 5.6036e-06
1985   2.3594e-01 6.8985e-06 5.3544e-06
1986   2.3593e-01 7.8078e-06 5.1102e-06
1987   2.3592e-01 8.6885e-06 4.8487e-06
1988   2.3590e-01 9.5421e-06 4.5881e-06
1989   2.3589e-01 1.0672e-05 4.3297e-06
1990   2.3587e-01 1.1880e-05 4.0555e-06
1991   2.3585e-01 1.3030e-05 3.7837e-06
1992   2.3583e-01 1.4134e-05 3.4973e-06
1993   2.3581e-01 1.5173e-05 3.7999e-06
1994   2.3578e-01 1.6159e-05 4.0955e-06
1995   2.3576e-01 1.7072e-05 4.3839e-06
1996   2.3574e-01 1.7926e-05 4.6616e-06
1997   2.3571e-01 1.8702e-05 4.9298e-06
1998   2.3568e-01 1.9414e-05 5.1851e-06
1999   2.3566e-01 2.0043e-05 5.4287e-06
2000   2.3563e-01 2.0603e-05 5.6573e-06
2001   2.3561e-01 2.1077e-05 5.8723e-06
2002   2.3558e-01 2.1480e-05 6.0725e-06
2003   2.3555e-01 2.1795e-05 6.2546e-06
2004   2.3553e-01 2.2135e-05 6.4207e-06
2005   2.3550e-01 2.2441e-05 6.5668e-06
2006   2.3547e-01 2.2740e-05 6.6958e-06
2007   2.3545e-01 2.3068e-05 6.8038e-06
2008   2.3542e-01 2.3326e-05 6.9274e-06
2009   2.3539e-01 2.3526e-05 7.0483e-06
2010   2.3537e-01 2.3657e-05 7.1526e-06
2011   2.3535e-01 2.3715e-05 7.2357e-06
2012   2.3532e-01 2.3701e-05 7.3015e-06
2013   2.3530e-01 2.3613e-05 7.4540e-06
2014   2.3528e-01 2.3453e-05 7.6888e-06
2015   2.3526e-01 2.3221e-05 7.9310e-06
2016   2.3524e-01 2.2917e-05 8.1497e-06
2017   2.3522e-01 2.2542e-05 8.3558e-06
2018   2.3520e-01 2.2099e-05 8.5353e-06
2019   2.3518e-01 2.1588e-05 8.6788e-06
2020   2.3517e-01 2.1011e-05 8.8182e-06
2021   2.3515e-01 2.0369e-05 8.9060e-06
2022   2.3514e-01 1.9666e-05 8.9895e-06
2023   2.3513e-01 1.8954e-05 9.0215e-06
2024   2.3512e-01 1.8216e-05 9.0494e-06
2025   2.3511e-01 1.7424e-05 9.0271e-06
2026   2.3510e-01 1.6578e-05 9.0005e-06
2027   2.3510e-01 1.5684e-05 8.9356e-06
2028   2.3509e-01 1.4743e-05 8.8471e-06
2029   2.3509e-01 1.3758e-05 8.7439e-06
2030   2.3509e-01 1.2738e-05 8.6015e-06
2031   2.3509e-01 1.1699e-05 8.4577e-06
2032   2.3509e-01 1.0629e-05 8.2706e-06
2033   2.3509e-01 9.5354e-06 8.0839e-06
2034   2.3510e-01 8.4180e-06 7.8561e-06
2035   2.3510e-01 7.2836e-06 7.6305e-06
2036   2.3511e-01 6.1336e-06 7.3661e-06
2037   2.3511e-01 5.8754e-06 7.1060e-06
2038   2.3512e-01 6.7417e-06 6.8095e-06
2039   2.3513e-01 7.5835e-06 6.5195e-06
2040   2.3514e-01 8.5504e-06 6.1956e-06
2041   2.3516e-01 9.7074e-06 5.8803e-06
2042   2.3517e-01 1.0838e-05 5.5411e-06
2043   2.3519e-01 1.1923e-05 5.1980e-06
2044   2.3520e-01 1.2974e-05 4.8451e-06
2045   2.3522e-01 1.3973e-05 4.4816e-06
2046   2.3523e-01 1.4931e-05 4.1157e-06
2047   2.3525e-01 1.5830e-05 3.7403e-06
2048   2.3527e-01 1.6683e-05 3.3620e-06
2049   2.3529e-01 1.7472e-05 3.3943e-06
2050   2.3531e-01 1.8209e-05 3.6494e-06
2051   2.3533e-01 1.8878e-05 3.9105e-06
2052   2.3536e-01 1.9491e-05 4.1840e-06
2053   2.3538e-01 2.0034e-05 4.4460e-06
2054   2.3540e-01 2.0524e-05 4.7069e-06
2055   2.3542e-01 2.0955e-05 4.9829e-06
2056   2.3545e-01 2.1312e-05 5.2460e-06
2057   2.3547e-01 2.1608e-05 5.5057e-06
2058   2.3549e-01 2.1829e-05 5.7599e-06
2059   2.3552e-01 2.1987e-05 6.0153e-06
2060   2.3554e-01 2.2184e-05 6.2646e-06
2061   2.3557e-01 2.2352e-05 6.4964e-06
2062   2.3559e-01 2.2440e-05 6.7204e-06
2063   2.3561e-01 2.2472e-05 6.9475e-06
2064   2.3564e-01 2.2424e-05 7.1539e-06
2065   2.3566e-01 2.2322e-05 7.3504e-06
2066   2.3568e-01 2.2140e-05 7.5235e-06
2067   2.3570e-01 2.1906e-05 7.6851e-06
2068   2.3573e-01 2.1594e-05 7.8220e-06
2069   2.3575e-01 2.1233e-05 7.9461e-06
2070   2.3577e-01 2.0819e-05 8.0475e-06
2071   2.3579e-01 2.0344e-05 8.1327e-06
2072   2.3580e-01 1.9824e-05 8.2026e-06
2073   2.3582e-01 1.9233e-05 8.2448e-06
2074   2.3584e-01 1.8600e-05 8.2710e-06
2075   2.3586e-01 1.7958e-05 8.2693e-06
2076   2.3587e-01 1.7290e-05 8.2515e-06
2077   2.3588e-01 1.6637e-05 8.2059e-06
2078   2.3590e-01 1.5870e-05 8.1445e-06
2079   2.3591e-01 1.5123e-05 8.0557e-06
2080   2.3592e-01 1.4267e-05 7.9518e-06
2081   2.3593e-01 1.3436e-05 7.8214e-06
2082   2.3593e-01 1.2521e-05 7.6768e-06
2083   2.3594e-01 1.1599e-05 7.5070e-06
2084   2.3595e-01 1.0650e-05 7.3243e-06
2085   2.3595e-01 9.6395e-06 7.1263e-06
2086   2.3595e-01 8.6640e-06 6.9091e-06
2087   2.3595e-01 7.6124e-06 6.6820e-06
2088   2.3595e-01 6.5921e-06 6.4341e-06
2089   2.3595e-01 5.5533e-06 6.1780e-06
2090   2.3595e-01 4.4937e-06 5.9032e-06
2091   2.3594e-01 3.4502e-06 5.6222e-06
2092   2.3594e-01 4.2649e-06 5.3246e-06
2093   2.3593e-01 5.0891e-06 5.0247e-06
2094   2.3592e-01 5.8964e-06 4.7126e-06
2095   2.3591e-01 6.6840e-06 4.3984e-06
2096   2.3590e-01 7.4538e-06 4.0848e-06
2097   2.3589e-01 8.2065e-06 3.7579e-06
2098   2.3588e-01 8.9312e-06 3.4630e-06
2099   2.3586e-01 9.9203e-06 3.2020e-06
2100   2.3585e-01 1.0969e-05 2.9155e-06
2101   2.3583e-01 1.1981e-05 2.6220e-06
2102   2.3582e-01 1.2952e-05 2.3053e-06
2103   2.3580e-01 1.3879e-05 2.3566e-06
2104   2.3578e-01 1.4760e-05 2.5494e-06
2105   2.3576e-01 1.5591e-05 2.7425e-06
2106   2.3574e-01 1.6369e-05 2.9415e-06
2107   2.3572e-01 1.7092e-05 3.1388e-06
2108   2.3570e-01 1.7757e-05 3.3322e-06
2109   2.3568e-01 1.8362e-05 3.5224e-06
2110   2.3566e-01 1.8905e-05 3.7070e-06
2111   2.3564e-01 1.9384e-05 3.8870e-06
2112   2.3562e-01 1.9799e-05 4.0598e-06
2113   2.3560e-01 2.0146e-05 4.2264e-06
2114   2.3557e-01 2.0426e-05 4.3843e-06
2115   2.3555e-01 2.0638e-05 4.5344e-06
2116   2.3553e-01 2.0862e-05 4.6743e-06
2117   2.3551e-01 2.1089e-05 4.8073e-06
2118   2.3549e-01 2.1260e-05 4.9318e-06
2119   2.3547e-01 2.1363e-05 5.0886e-06
2120   2.3545e-01 2.1397e-05 5.3626e-06
2121   2.3543e-01 2.1361e-05 5.6798e-06
2122   2.3541e-01 2.1257e-05 5.9671e-06
2123   2.3539e-01 2.1084e-05 6.2541e-06
2124   2.3537e-01 2.0844e-05 6.5071e-06
2125   2.3536e-01 2.0537e-05 6.7555e-06
2126   2.3534e-01 2.0164e-05 6.9683e-06
2127   2.3532e-01 1.9728e-05 7.1750e-06
2128   2.3531e-01 1.9230e-05 7.3448e-06
2129   2.3530e-01 1.8672e-05 7.5072e-06
2130   2.3528e-01 1.8056e-05 7.6320e-06
2131   2.3527e-01 1.7385e-05 7.7486e-06
2132   2.3526e-01 1.6660e-05 7.8271e-06
2133   2.3525e-01 1.5951e-05 7.8970e-06
2134   2.3524e-01 1.5199e-05 7.9288e-06
2135   2.3523e-01 1.4404e-05 7.9518e-06
2136   2.3523e-01 1.3573e-05 7.9372e-06
2137   2.3522e-01 1.2703e-05 7.9141e-06
2138   2.3522e-01 1.1798e-05 7.8540e-06
2139   2.3521e-01 1.0896e-05 7.7861e-06
2140   2.3521e-01 9.9683e-06 7.6821e-06
2141   2.3521e-01 9.0212e-06 7.5713e-06
2142   2.3521e-01 8.0521e-06 7.4257e-06
2143   2.3521e-01 7.0671e-06 7.2744e-06
2144   2.3521e-01 6.0670e-06 7.0983e-06
2145   2.3522e-01 5.0581e-06 6.9029e-06
2146   2.3522e-01 4.0411e-06 6.7017e-06
2147   2.3523e-01 4.5102e-06 6.4712e-06
2148   2.3523e-01 5.2280e-06 6.2364e-06
2149   2.3524e-01 5.9316e-06 5.9742e-06
2150   2.3525e-01 6.6138e-06 5.7093e-06
2151   2.3526e-01 7.5838e-06 5.4188e-06
2152   2.3527e-01 8.5395e-06 5.1274e-06
2153   2.3528e-01 9.4627e-06 4.8133e-06
2154   2.3529e-01 1.0362e-05 4.4984e-06
2155   2.3531e-01 1.1222e-05 4.1700e-06
2156   2.3532e-01 1.2053e-05 3.8302e-06
2157   2.3534e-01 1.2840e-05 3.4893e-06
2158   2.3535e-01 1.3591e-05 3.6043e-06
2159   2.3537e-01 1.4293e-05 3.8162e-06
2160   2.3539e-01 1.4955e-05 4.0183e-06
2161   2.3540e-01 1.5563e-05 4.2075e-06
2162   2.3542e-01 1.6133e-05 4.3994e-06
2163   2.3544e-01 1.6660e-05 4.5868e-06
2164   2.3546e-01 1.7130e-05 4.7607e-06
2165   2.3548e-01 1.7552e-05 4.9235e-06
2166   2.3550e-01 1.7914e-05 5.0921e-06
2167   2.3552e-01 1.8225e-05 5.2477e-06
2168   2.3554e-01 1.8473e-05 5.4200e-06
2169   2.3556e-01 1.8670e-05 5.5789e-06
2170   2.3558e-01 1.8845e-05 5.7270e-06
2171   2.3560e-01 1.9046e-05 5.8599e-06
2172   2.3562e-01 1.9179e-05 5.9945e-06
2173   2.3564e-01 1.9263e-05 6.1182e-06
2174   2.3566e-01 1.9279e-05 6.2257e-06
2175   2.3568e-01 1.9246e-05 6.3311e-06
2176   2.3570e-01 1.9144e-05 6.4194e-06
2177   2.3572e-01 1.8995e-05 6.4975e-06
2178   2.3574e-01 1.8791e-05 6.5568e-06
2179   2.3576e-01 1.8534e-05 6.6068e-06
2180   2.3578e-01 1.8232e-05 6.6471e-06
2181   2.3580e-01 1.7862e-05 6.6676e-06
2182   2.3581e-01 1.7449e-05 6.6763e-06
2183   2.3583e-01 1.6973e-05 6.6654e-06
2184   2.3585e-01 1.6455e-05 6.6459e-06
2185   2.3586e-01 1.5876e-05 6.6083e-06
2186   2.3587e-01 1.5260e-05 6.5602e-06
2187   2.3589e-01 1.4588e-05 6.4918e-06
2188   2.3590e-01 1.3908e-05 6.4135e-06
2189   2.3591e-01 1.3199e-05 6.3156e-06
2190   2.3592e-01 1.2470e-05 6.2085e-06
2191   2.3593e-01 1.1686e-05 6.0828e-06
2192   2.3593e-01 1.0886e-05 5.9489e-06
2193   2.3594e-01 1.0038e-05 5.7974e-06
2194   2.3594e-01 9.1785e-06 5.6389e-06
2195   2.3595e-01 8.2762e-06 5.5372e-06
2196   2.3595e-01 7.3718e-06 5.4670e-06
2197   2.3595e-01 6.4804e-06 5.3781e-06
2198   2.3595e-01 5.5494e-06 5.2756e-06
2199   2.3595e-01 4.6305e-06 5.1424e-06
2200   2.3595e-01 3.7161e-06 4.9958e-06
2201   2.3594e-01 3.6922e-06 4.8189e-06
2202   2.3594e-01 4.3541e-06 4.6326e-06
2203   2.3593e-01 5.0006e-06 4.4407e-06
2204   2.3592e-01 5.6300e-06 4.2363e-06
2205   2.3592e-01 6.2489e-06 4.0043e-06
2206   2.3591e-01 6.8475e-06 3.7650e-06
2207   2.3590e-01 7.4227e-06 3.5144e-06
2208   2.3589e-01 8.2549e-06 3.2407e-06
2209   2.3587e-01 9.0939e-06 2.9568e-06
2210   2.3586e-01 9.9022e-06 2.6521e-06
2211   2.3585e-01 1.0677e-05 2.3395e-06
2212   2.3583e-01 1.1417e-05 2.0086e-06
2213   2.3581e-01 1.2118e-05 2.1213e-06
2214   2.3580e-01 1.2780e-05 2.3860e-06
2215   2.3578e-01 1.3399e-05 2.6481e-06
2216   2.3576e-01 1.3974e-05 2.9054e-06
2217   2.3575e-01 1.4503e-05 3.1579e-06
2218   2.3573e-01 1.4985e-05 3.4035e-06
2219   2.3571e-01 1.5418e-05 3.6456e-06
2220   2.3569e-01 1.5801e-05 3.8801e-06
2221   2.3567e-01 1.6132e-05 4.1039e-06
2222   2.3565e-01 1.6412e-05 4.3176e-06
2223   2.3563e-01 1.6639e-05 4.5188e-06
2224   2.3561e-01 1.6813e-05 4.7082e-06
2225   2.3559e-01 1.7009e-05 4.8833e-06
2226   2.3557e-01 1.7201e-05 5.0451e-06
2227   2.3555e-01 1.7349e-05 5.1912e-06
2228   2.3553e-01 1.7445e-05 5.3226e-06
2229   2.3552e-01 1.7487e-05 5.4372e-06
2230   2.3550e-01 1.7475e-05 5.5359e-06
2231   2.3548e-01 1.7408e-05 5.6170e-06
2232   2.3546e-01 1.7289e-05 5.8074e-06
2233   2.3545e-01 1.7116e-05 6.0216e-06
2234   2.3543e-01 1.6891e-05 6.2250e-06
2235   2.3541e-01 1.6615e-05 6.4132e-06
2236   2.3540e-01 1.6289e-05 6.5868e-06
2237   2.3539e-01 1.5914e-05 6.7463e-06
2238   2.3537e-01 1.5492e-05 6.8802e-06
2239   2.3536e-01 1.5023e-05 7.0011e-06
2240   2.3535e-01 1.4510e-05 7.0905e-06
2241   2.3534e-01 1.3958e-05 7.1666e-06
2242   2.3533e-01 1.3417e-05 7.2111e-06
2243   2.3532e-01 1.2838e-05 7.2421e-06
2244   2.3531e-01 1.2229e-05 7.2419e-06
2245   2.3531e-01 1.1598e-05 7.2284e-06
2246   2.3530e-01 1.0934e-05 7.1843e-06
2247   2.3530e-01 1.0242e-05 7.1277e-06
2248   2.3529e-01 9.5227e-06 7.0443e-06
2249   2.3529e-01 8.7802e-06 6.9516e-06
2250   2.3529e-01 8.0150e-06 6.8294e-06
2251   2.3529e-01 7.2318e-06 6.6977e-06
2252   2.3529e-01 6.4311e-06 6.5380e-06
2253   2.3529e-01 5.6179e-06 6.3701e-06
2254   2.3529e-01 4.7926e-06 6.1758e-06
2255   2.3530e-01 3.9604e-06 5.9748e-06
2256   2.3530e-01 3.9099e-06 5.7493e-06
2257   2.3531e-01 4.5711e-06 5.5187e-06
2258   2.3532e-01 5.2144e-06 5.2655e-06
2259   2.3532e-01 5.8426e-06 5.0091e-06
2260   2.3533e-01 6.6408e-06 4.7321e-06
2261   2.3534e-01 7.5099e-06 4.4538e-06
2262   2.3535e-01 8.3578e-06 4.1568e-06
2263   2.3536e-01 9.1724e-06 3.8606e-06
2264   2.3538e-01 9.9601e-06 3.5478e-06
2265   2.3539e-01 1.0709e-05 3.2376e-06
2266   2.3540e-01 1.1426e-05 2.9131e-06
2267   2.3542e-01 1.2099e-05 2.5931e-06
2268   2.3543e-01 1.2735e-05 2.3436e-06
2269   2.3545e-01 1.3323e-05 2.5232e-06
2270   2.3546e-01 1.3874e-05 2.7113e-06
2271   2.3548e-01 1.4386e-05 2.8935e-06
2272   2.3550e-01 1.4845e-05 3.0759e-06
2273   2.3551e-01 1.5260e-05 3.2651e-06
2274   2.3553e-01 1.5621e-05 3.4473e-06
2275   2.3555e-01 1.5935e-05 3.6238e-06
2276   2.3557e-01 1.6192e-05 3.8084e-06
2277   2.3558e-01 1.6400e-05 3.9864e-06
2278   2.3560e-01 1.6552e-05 4.1788e-06
2279   2.3562e-01 1.6654e-05 4.3612e-06
2280   2.3564e-01 1.6804e-05 4.5386e-06
2281   2.3566e-01 1.6909e-05 4.7115e-06
2282   2.3568e-01 1.6953e-05 4.8786e-06
2283   2.3569e-01 1.6952e-05 5.0387e-06
2284   2.3571e-01 1.6889e-05 5.1854e-06
2285   2.3573e-01 1.6783e-05 5.3239e-06
2286   2.3575e-01 1.6616e-05 5.4480e-06
2287   2.3576e-01 1.6406e-05 5.5629e-06
2288   2.3578e-01 1.6151e-05 5.6624e-06
2289   2.3579e-01 1.5846e-05 5.7517e-06
2290   2.3581e-01 1.5502e-05 5.8291e-06
2291   2.3582e-01 1.5102e-05 5.8927e-06
2292   2.3584e-01 1.4665e-05 5.9442e-06
2293   2.3585e-01 1.4175e-05 5.9783e-06
2294   2.3586e-01 1.3651e-05 6.0000e-06
2295   2.3587e-01 1.3077e-05 6.0039e-06
2296   2.3588e-01 1.2474e-05 5.9952e-06
2297   2.3589e-01 1.1847e-05 5.9687e-06
2298   2.3590e-01 1.1225e-05 5.9295e-06
2299   2.3591e-01 1.0557e-05 5.8728e-06
2300   2.3592e-01 9.8735e-06 5.8037e-06
2301   2.3592e-01 9.1844e-06 5.7175e-06
2302   2.3593e-01 8.4542e-06 5.6194e-06
2303   2.3593e-01 7.7452e-06 5.5048e-06
2304   2.3593e-01 6.9810e-06 5.3790e-06
2305   2.3594e-01 6.2250e-06 5.2428e-06
2306   2.3594e-01 5.4474e-06 5.0927e-06
2307   2.3594e-01 4.6450e-06 4.9331e-06
2308   2.3593e-01 3.8634e-06 4.7596e-06
2309   2.3593e-01 3.0658e-06 4.5777e-06
2310   2.3593e-01 2.4433e-06 4.3830e-06
2311   2.3592e-01 2.9577e-06 4.1813e-06
2312   2.3592e-01 3.5283e-06 3.9681e-06
2313   2.3591e-01 4.0930e-06 3.7493e-06
2314   2.3590e-01 4.6492e-06 3.5205e-06
2315   2.3590e-01 5.1905e-06 3.2876e-06
2316   2.3589e-01 5.7142e-06 3.0516e-06
2317   2.3588e-01 6.3847e-06 2.8100e-06
2318   2.3587e-01 7.1247e-06 2.5663e-06
2319   2.3585e-01 7.8317e-06 2.3164e-06
2320   2.3584e-01 8.5113e-06 2.0661e-06
2321   2.3583e-01 9.1533e-06 1.8559e-06
2322   2.3582e-01 9.7637e-06 2.0484e-06
2323   2.3580e-01 1.0341e-05 2.2404e-06
2324   2.3579e-01 1.0941e-05 2.4328e-06
2325   2.3577e-01 1.1505e-05 2.6204e-06
2326   2.3576e-01 1.2032e-05 2.8018e-06
2327   2.3574e-01 1.2519e-05 2.9771e-06
2328   2.3573e-01 1.2966e-05 3.1450e-06
2329   2.3571e-01 1.3370e-05 3.3056e-06
2330   2.3569e-01 1.3730e-05 3.4585e-06
2331   2.3568e-01 1.4046e-05 3.6052e-06
2332   2.3566e-01 1.4316e-05 3.7431e-06
2333   2.3564e-01 1.4539e-05 3.8706e-06
2334   2.3563e-01 1.4715e-05 3.9884e-06
2335   2.3561e-01 1.4875e-05 4.0950e-06
2336   2.3560e-01 1.5072e-05 4.1912e-06
2337   2.3558e-01 1.5221e-05 4.2756e-06
2338   2.3556e-01 1.5322e-05 4.3491e-06
2339   2.3555e-01 1.5373e-05 4.4103e-06
2340   2.3553e-01 1.5376e-05 4.5591e-06
2341   2.3552e-01 1.5330e-05 4.7773e-06
2342   2.3551e-01 1.5235e-05 4.9843e-06
2343   2.3549e-01 1.5091e-05 5.1826e-06
2344   2.3548e-01 1.4901e-05 5.3580e-06
2345   2.3547e-01 1.4662e-05 5.5236e-06
2346   2.3546e-01 1.4378e-05 5.6653e-06
2347   2.3545e-01 1.4049e-05 5.7962e-06
2348   2.3544e-01 1.3676e-05 5.9026e-06
2349   2.3543e-01 1.3260e-05 5.9975e-06
2350   2.3542e-01 1.2803e-05 6.0676e-06
2351   2.3541e-01 1.2307e-05 6.1259e-06
2352   2.3540e-01 1.1786e-05 6.1593e-06
2353   2.3540e-01 1.1265e-05 6.1808e-06
2354   2.3539e-01 1.0711e-05 6.1775e-06
2355   2.3539e-01 1.0125e-05 6.1626e-06
2356   2.3538e-01 9.5102e-06 6.1234e-06
2357   2.3538e-01 8.8679e-06 6.0731e-06
2358   2.3538e-01 8.2020e-06 5.9992e-06
2359   2.3538e-01 7.5138e-06 5.9148e-06
2360   2.3538e-01 6.8046e-06 5.8077e-06
2361   2.3538e-01 6.0773e-06 5.6912e-06
2362   2.3538e-01 5.3341e-06 5.5530e-06
2363   2.3538e-01 4.5899e-06 5.4064e-06
2364   2.3538e-01 3.8510e-06 5.2395e-06
2365   2.3539e-01 3.1063e-06 5.0654e-06
2366   2.3539e-01 3.6391e-06 4.8745e-06
2367   2.3540e-01 4.1624e-06 4.6735e-06
2368   2.3540e-01 4.6697e-06 4.4617e-06
2369   2.3541e-01 5.2678e-06 4.2366e-06
2370   2.3542e-01 5.9791e-06 4.0053e-06
2371   2.3542e-01 6.6664e-06 3.7607e-06
2372   2.3543e-01 7.3351e-06 3.5112e-06
2373   2.3544e-01 7.9755e-06 3.2522e-06
2374   2.3545e-01 8.5930e-06 2.9861e-06
2375   2.3546e-01 9.1782e-06 2.7176e-06
2376   2.3548e-01 9.7367e-06 2.4395e-06
2377   2.3549e-01 1.0259e-05 2.2362e-06
2378   2.3550e-01 1.0752e-05 2.4383e-06
2379   2.3551e-01 1.1206e-05 2.6464e-06
2380   2.3553e-01 1.1628e-05 2.8479e-06
2381   2.3554e-01 1.2022e-05 3.0461e-06
2382   2.3555e-01 1.2375e-05 3.2469e-06
2383   2.3557e-01 1.2691e-05 3.4397e-06
2384   2.3558e-01 1.2964e-05 3.6228e-06
2385   2.3560e-01 1.3200e-05 3.8078e-06
2386   2.3561e-01 1.3391e-05 3.9858e-06
2387   2.3563e-01 1.3543e-05 4.1527e-06
2388   2.3564e-01 1.3650e-05 4.3088e-06
2389   2.3566e-01 1.3781e-05 4.4596e-06
2390   2.3567e-01 1.3890e-05 4.6035e-06
2391   2.3569e-01 1.3963e-05 4.7350e-06
2392   2.3570e-01 1.3987e-05 4.8526e-06
2393   2.3572e-01 1.3975e-05 4.9804e-06
2394   2.3573e-01 1.3915e-05 5.0985e-06
2395   2.3575e-01 1.3819e-05 5.2035e-06
2396   2.3576e-01 1.3679e-05 5.2937e-06
2397   2.3577e-01 1.3506e-05 5.3702e-06
2398   2.3579e-01 1.3300e-05 5.4374e-06
2399   2.3580e-01 1.3047e-05 5.4905e-06
2400   2.3581e-01 1.2762e-05 5.5287e-06
2401   2.3582e-01 1.2431e-05 5.5504e-06
2402   2.3583e-01 1.2071e-05 5.5571e-06
2403   2.3585e-01 1.1668e-05 5.5474e-06
2404   2.3586e-01 1.1237e-05 5.5226e-06
2405   2.3586e-01 1.0767e-05 5.4816e-06
2406   2.3587e-01 1.0273e-05 5.4260e-06
2407   2.3588e-01 9.7780e-06 5.3545e-06
2408   2.3589e-01 9.2663e-06 5.2690e-06
2409   2.3589e-01 8.7168e-06 5.1733e-06
2410   2.3590e-01 8.1543e-06 5.0731e-06
2411   2.3591e-01 7.5636e-06 4.9585e-06
2412   2.3591e-01 6.9516e-06 4.8359e-06
2413   2.3591e-01 6.3320e-06 4.6992e-06
2414   2.3591e-01 5.6847e-06 4.5533e-06
2415   2.3592e-01 5.0407e-06 4.3987e-06
2416   2.3592e-01 4.3803e-06 4.2328e-06
2417   2.3592e-01 3.7266e-06 4.1229e-06
2418   2.3592e-01 3.0654e-06 4.0099e-06
2419   2.3591e-01 2.4062e-06 3.8852e-06
2420   2.3591e-01 2.6107e-06 3.7405e-06
2421   2.3591e-01 3.1255e-06 3.5848e-06
2422   2.3590e-01 3.6291e-06 3.4117e-06
2423   2.3590e-01 4.1200e-06 3.2299e-06
2424   2.3589e-01 4.5966e-06 3.0419e-06
2425   2.3588e-01 5.0622e-06 2.8465e-06
2426   2.3588e-01 5.5108e-06 2.6452e-06
2427   2.3587e-01 6.0632e-06 2.4332e-06
2428   2.3586e-01 6.7136e-06 2.2140e-06
2429   2.3585e-01 7.3409e-06 1.9944e-06
2430   2.3584e-01 7.9428e-06 1.7627e-06
2431   2.3583e-01 8.5176e-06 1.5253e-06
2432   2.3582e-01 9.0632e-06 1.4042e-06
2433   2.3581e-01 9.5779e-06 1.5103e-06
2434   2.3579e-01 1.0060e-05 1.6892e-06
2435   2.3578e-01 1.0508e-05 1.8774e-06
2436   2.3577e-01 1.0921e-05 2.0625e-06
2437   2.3575e-01 1.1297e-05 2.2443e-06
2438   2.3574e-01 1.1635e-05 2.4216e-06
2439   2.3573e-01 1.1934e-05 2.5975e-06
2440   2.3571e-01 1.2193e-05 2.7695e-06
2441   2.3570e-01 1.2412e-05 2.9347e-06
2442   2.3569e-01 1.2589e-05 3.0933e-06
2443   2.3567e-01 1.2726e-05 3.2438e-06
2444   2.3566e-01 1.2828e-05 3.3863e-06
2445   2.3564e-01 1.2983e-05 3.5197e-06
2446   2.3563e-01 1.3097e-05 3.6442e-06
2447   2.3562e-01 1.3169e-05 3.7584e-06
2448   2.3560e-01 1.3199e-05 3.8626e-06
2449   2.3559e-01 1.3187e-05 3.9557e-06
2450   2.3558e-01 1.3133e-05 4.1170e-06
2451   2.3557e-01 1.3037e-05 4.3149e-06
2452   2.3555e-01 1.2901e-05 4.5063e-06
2453   2.3554e-01 1.2724e-05 4.6803e-06
2454   2.3553e-01 1.2508e-05 4.8438e-06
2455   2.3552e-01 1.2253e-05 4.9885e-06
2456   2.3551e-01 1.1960e-05 5.1215e-06
2457   2.3550e-01 1.1630e-05 5.2379e-06
2458   2.3549e-01 1.1265e-05 5.3362e-06
2459   2.3548e-01 1.0867e-05 5.4214e-06
2460   2.3548e-01 1.0435e-05 5.4858e-06
2461   2.3547e-01 9.9856e-06 5.5371e-06
2462   2.3546e-01 9.5372e-06 5.5677e-06
2463   2.3546e-01 9.0613e-06 5.5844e-06
2464   2.3545e-01 8.5601e-06 5.5827e-06
2465   2.3545e-01 8.0349e-06 5.5642e-06
2466   2.3544e-01 7.4880e-06 5.5308e-06
2467   2.3544e-01 6.9211e-06 5.4785e-06
2468   2.3544e-01 6.3379e-06 5.4137e-06
2469   2.3544e-01 5.7469e-06 5.3295e-06
2470   2.3544e-01 5.1538e-06 5.2336e-06
2471   2.3544e-01 4.5500e-06 5.1191e-06
2472   2.3544e-01 3.9358e-06 4.9936e-06
2473   2.3544e-01 3.3150e-06 4.8506e-06
2474   2.3544e-01 2.6881e-06 4.6977e-06
2475   2.3544e-01 2.6448e-06 4.5283e-06
2476   2.3545e-01 3.1169e-06 4.3503e-06
2477   2.3545e-01 3.5799e-06 4.1571e-06
2478   2.3546e-01 4.0294e-06 3.9565e-06
2479   2.3546e-01 4.5354e-06 3.7421e-06
2480   2.3547e-01 5.1659e-06 3.5218e-06
2481   2.3548e-01 5.7764e-06 3.2909e-06
2482   2.3549e-01 6.3710e-06 3.0522e-06
2483   2.3549e-01 6.9414e-06 2.8105e-06
2484   2.3550e-01 7.4920e-06 2.5587e-06
2485   2.3551e-01 8.0147e-06 2.3057e-06
2486   2.3552e-01 8.5140e-06 2.0442e-06
2487   2.3553e-01 8.9821e-06 1.9512e-06
2488   2.3554e-01 9.4244e-06 2.1129e-06
2489   2.3556e-01 9.8440e-06 2.2694e-06
2490   2.3557e-01 1.0229e-05 2.4214e-06
2491   2.3558e-01 1.0583e-05 2.5793e-06
2492   2.3559e-01 1.0901e-05 2.7305e-06
2493   2.3561e-01 1.1186e-05 2.8755e-06
2494   2.3562e-01 1.1432e-05 3.0206e-06
2495   2.3563e-01 1.1644e-05 3.1626e-06
2496   2.3564e-01 1.1816e-05 3.2972e-06
2497   2.3566e-01 1.1952e-05 3.4235e-06
2498   2.3567e-01 1.2048e-05 3.5460e-06
2499   2.3568e-01 1.2153e-05 3.6656e-06
2500   2.3570e-01 1.2247e-05 3.7755e-06
2501   2.3571e-01 1.2309e-05 3.8763e-06
2502   2.3572e-01 1.2326e-05 3.9826e-06
2503   2.3574e-01 1.2310e-05 4.0862e-06
2504   2.3575e-01 1.2250e-05 4.1795e-06
2505   2.3576e-01 1.2158e-05 4.2630e-06
2506   2.3578e-01 1.2034e-05 4.3356e-06
2507   2.3579e-01 1.1870e-05 4.4019e-06
2508   2.3580e-01 1.1674e-05 4.4588e-06
2509   2.3581e-01 1.1436e-05 4.5037e-06
2510   2.3582e-01 1.1169e-05 4.5374e-06
2511   2.3583e-01 1.0860e-05 4.5587e-06
2512   2.3584e-01 1.0525e-05 4.5686e-06
2513   2.3585e-01 1.0150e-05 4.5660e-06
2514   2.3586e-01 9.7511e-06 4.5598e-06
2515   2.3587e-01 9.3162e-06 4.5407e-06
2516   2.3587e-01 8.8588e-06 4.5116e-06
2517   2.3588e-01 8.3960e-06 4.4696e-06
2518   2.3589e-01 7.9244e-06 4.4178e-06
2519   2.3589e-01 7.4201e-06 4.3535e-06
2520   2.3590e-01 6.9038e-06 4.2798e-06
2521   2.3590e-01 6.3583e-06 4.1941e-06
2522   2.3590e-01 5.8044e-06 4.1083e-06
2523   2.3591e-01 5.2251e-06 4.0607e-06
2524   2.3591e-01 4.6472e-06 3.9949e-06
2525   2.3591e-01 4.0732e-06 3.9168e-06
2526   2.3591e-01 3.4763e-06 3.8209e-06
2527   2.3591e-01 2.8852e-06 3.7132e-06
2528   2.3591e-01 2.3016e-06 3.5881e-06
2529   2.3590e-01 1.8985e-06 3.4519e-06
2530   2.3590e-01 2.3255e-06 3.2992e-06
2531   2.3590e-01 2.7446e-06 3.1362e-06
2532   2.3589e-01 3.1544e-06 2.9621e-06
2533   2.3589e-01 3.5538e-06 2.7783e-06
2534   2.3588e-01 3.9454e-06 2.5861e-06
2535   2.3588e-01 4.3241e-06 2.3813e-06
2536   2.3587e-01 4.6882e-06 2.1722e-06
2537   2.3586e-01 5.2134e-06 1.9640e-06
2538   2.3585e-01 5.7443e-06 1.7497e-06
2539   2.3584e-01 6.2563e-06 1.5346e-06
2540   2.3583e-01 6.7475e-06 1.3141e-06
2541   2.3582e-01 7.2167e-06 1.3652e-06
2542   2.3581e-01 7.6621e-06 1.4927e-06
2543   2.3580e-01 8.0824e-06 1.6501e-06
2544   2.3579e-01 8.4763e-06 1.8303e-06
2545   2.3578e-01 8.8425e-06 2.0063e-06
2546   2.3577e-01 9.1799e-06 2.1783e-06
2547   2.3576e-01 9.4875e-06 2.3481e-06
2548   2.3575e-01 9.7643e-06 2.5118e-06
2549   2.3573e-01 1.0009e-05 2.6682e-06
2550   2.3572e-01 1.0222e-05 2.8173e-06
2551   2.3571e-01 1.0402e-05 2.9581e-06
2552   2.3570e-01 1.0549e-05 3.0904e-06
2553   2.3568e-01 1.0661e-05 3.2135e-06
2554   2.3567e-01 1.0781e-05 3.3273e-06
2555   2.3566e-01 1.0910e-05 3.4310e-06
2556   2.3565e-01 1.1006e-05 3.5246e-06
2557   2.3564e-01 1.1066e-05 3.6075e-06
2558   2.3563e-01 1.1092e-05 3.6797e-06
2559   2.3561e-01 1.1084e-05 3.7406e-06
2560   2.3560e-01 1.1041e-05 3.8271e-06
2561   2.3559e-01 1.0963e-05 3.9867e-06
2562   2.3558e-01 1.0852e-05 4.1363e-06
2563   2.3557e-01 1.0706e-05 4.2706e-06
2564   2.3556e-01 1.0528e-05 4.3969e-06
2565   2.3555e-01 1.0317e-05 4.5096e-06
2566   2.3555e-01 1.0075e-05 4.6092e-06
2567   2.3554e-01 9.8014e-06 4.6959e-06
2568   2.3553e-01 9.4983e-06 4.7656e-06
2569   2.3552e-01 9.1663e-06 4.8251e-06
2570   2.3552e-01 8.8068e-06 4.8669e-06
2571   2.3551e-01 8.4324e-06 4.8967e-06
2572   2.3551e-01 8.0566e-06 4.9085e-06
2573   2.3550e-01 7.6573e-06 4.9083e-06
2574   2.3550e-01 7.2361e-06 4.8904e-06
2575   2.3550e-01 6.7940e-06 4.8608e-06
2576   2.3549e-01 6.3330e-06 4.8139e-06
2577   2.3549e-01 5.8542e-06 4.7557e-06
2578   2.3549e-01 5.3596e-06 4.6809e-06
2579   2.3549e-01 4.8516e-06 4.5955e-06
2580   2.3549e-01 4.3309e-06 4.4942e-06
2581   2.3549e-01 3.7992e-06 4.3832e-06
2582   2.3549e-01 3.2580e-06 4.2572e-06
2583   2.3549e-01 2.7096e-06 4.1224e-06
2584   2.3550e-01 2.2823e-06 3.9738e-06
2585   2.3550e-01 2.6893e-06 3.8175e-06
2586   2.3550e-01 3.0863e-06 3.6485e-06
2587   2.3551e-01 3.4733e-06 3.4729e-06
2588   2.3551e-01 3.9009e-06 3.2859e-06
2589   2.3552e-01 4.4402e-06 3.0937e-06
2590   2.3553e-01 4.9665e-06 2.8913e-06
2591   2.3553e-01 5.4730e-06 2.6850e-06
2592   2.3554e-01 5.9632e-06 2.4700e-06
2593   2.3555e-01 6.4304e-06 2.2524e-06
2594   2.3556e-01 6.8781e-06 2.0275e-06
2595   2.3556e-01 7.2999e-06 1.8014e-06
2596   2.3557e-01 7.6995e-06 1.5703e-06
2597   2.3558e-01 8.0724e-06 1.5346e-06
2598   2.3559e-01 8.4240e-06 1.7003e-06
2599   2.3560e-01 8.7502e-06 1.8635e-06
2600   2.3561e-01 9.0453e-06 2.0253e-06
2601   2.3562e-01 9.3131e-06 2.1908e-06
2602   2.3563e-01 9.5481e-06 2.3509e-06
2603   2.3564e-01 9.7545e-06 2.5056e-06
2604   2.3566e-01 9.9269e-06 2.6635e-06
2605   2.3567e-01 1.0070e-05 2.8151e-06
2606   2.3568e-01 1.0178e-05 2.9597e-06
2607   2.3569e-01 1.0256e-05 3.0965e-06
2608   2.3570e-01 1.0329e-05 3.2308e-06
2609   2.3571e-01 1.0409e-05 3.3595e-06
2610   2.3572e-01 1.0452e-05 3.4787e-06
2611   2.3574e-01 1.0468e-05 3.5888e-06
2612   2.3575e-01 1.0446e-05 3.6886e-06
2613   2.3576e-01 1.0396e-05 3.7784e-06
2614   2.3577e-01 1.0310e-05 3.8680e-06
2615   2.3578e-01 1.0197e-05 3.9585e-06
2616   2.3579e-01 1.0060e-05 4.0380e-06
2617   2.3580e-01 9.8877e-06 4.1070e-06
2618   2.3581e-01 9.6897e-06 4.1689e-06
2619   2.3582e-01 9.4574e-06 4.2186e-06
2620   2.3583e-01 9.2013e-06 4.2566e-06
2621   2.3583e-01 8.9127e-06 4.2821e-06
2622   2.3584e-01 8.6020e-06 4.2956e-06
2623   2.3585e-01 8.2610e-06 4.2965e-06
2624   2.3586e-01 7.9003e-06 4.2853e-06
2625   2.3586e-01 7.5117e-06 4.2615e-06
2626   2.3587e-01 7.1337e-06 4.2258e-06
2627   2.3587e-01 6.7315e-06 4.1777e-06
2628   2.3588e-01 6.3179e-06 4.1180e-06
2629   2.3588e-01 5.8979e-06 4.0463e-06
2630   2.3589e-01 5.4460e-06 3.9635e-06
2631   2.3589e-01 5.0035e-06 3.8692e-06
2632   2.3589e-01 4.5232e-06 3.7735e-06
2633   2.3589e-01 4.0553e-06 3.6673e-06
2634   2.3589e-01 3.5556e-06 3.5520e-06
2635   2.3589e-01 3.0665e-06 3.4270e-06
2636   2.3589e-01 2.5644e-06 3.2936e-06
2637   2.3589e-01 2.0533e-06 3.1860e-06
2638   2.3589e-01 1.5526e-06 3.0719e-06
2639   2.3589e-01 1.7534e-06 2.9487e-06
2640   2.3588e-01 2.1330e-06 2.8138e-06
2641   2.3588e-01 2.5054e-06 2.6700e-06
2642   2.3588e-01 2.8693e-06 2.5136e-06
2643   2.3587e-01 3.2236e-06 2.3494e-06
2644   2.3587e-01 3.5690e-06 2.1764e-06
2645   2.3586e-01 3.9035e-06 1.9968e-06
2646   2.3585e-01 4.2446e-06 1.8110e-06
2647   2.3585e-01 4.7284e-06 1.6193e-06
2648   2.3584e-01 5.1961e-06 1.4361e-06
2649   2.3583e-01 5.6464e-06 1.2488e-06
2650   2.3582e-01 6.0776e-06 1.0625e-06
2651   2.3582e-01 6.4885e-06 1.1184e-06
2652   2.3581e-01 6.8775e-06 1.2156e-06
2653   2.3580e-01 7.2436e-06 1.3343e-06
2654   2.3579e-01 7.5854e-06 1.4810e-06
2655   2.3578e-01 7.9019e-06 1.6247e-06
2656   2.3577e-01 8.1920e-06 1.7647e-06
2657   2.3576e-01 8.4548e-06 1.9041e-06
2658   2.3575e-01 8.6896e-06 2.0399e-06
2659   2.3574e-01 8.8955e-06 2.1705e-06
2660   2.3573e-01 9.0720e-06 2.2957e-06
2661   2.3572e-01 9.2186e-06 2.4148e-06
2662   2.3571e-01 9.3363e-06 2.5276e-06
2663   2.3570e-01 9.4251e-06 2.6336e-06
2664   2.3569e-01 9.5267e-06 2.7325e-06
2665   2.3568e-01 9.6253e-06 2.8238e-06
2666   2.3567e-01 9.6930e-06 2.9075e-06
2667   2.3566e-01 9.7295e-06 2.9832e-06
2668   2.3565e-01 9.7347e-06 3.0536e-06
2669   2.3564e-01 9.7088e-06 3.1858e-06
2670   2.3563e-01 9.6518e-06 3.3420e-06
2671   2.3562e-01 9.5641e-06 3.4860e-06
2672   2.3561e-01 9.4461e-06 3.6212e-06
2673   2.3561e-01 9.2981e-06 3.7432e-06
2674   2.3560e-01 9.1208e-06 3.8558e-06
2675   2.3559e-01 8.9148e-06 3.9549e-06
2676   2.3558e-01 8.6811e-06 4.0430e-06
2677   2.3558e-01 8.4202e-06 4.1188e-06
2678   2.3557e-01 8.1334e-06 4.1807e-06
2679   2.3557e-01 7.8216e-06 4.2316e-06
2680   2.3556e-01 7.4859e-06 4.2675e-06
2681   2.3556e-01 7.1403e-06 4.2924e-06
2682   2.3555e-01 6.7924e-06 4.3026e-06
2683   2.3555e-01 6.4246e-06 4.3010e-06
2684   2.3554e-01 6.0382e-06 4.2861e-06
2685   2.3554e-01 5.6346e-06 4.2579e-06
2686   2.3554e-01 5.2152e-06 4.2186e-06
2687   2.3554e-01 4.7813e-06 4.1652e-06
2688   2.3554e-01 4.3347e-06 4.1014e-06
2689   2.3554e-01 3.8766e-06 4.0240e-06
2690   2.3554e-01 3.4089e-06 3.9367e-06
2691   2.3554e-01 2.9333e-06 3.8364e-06
2692   2.3554e-01 2.4518e-06 3.7270e-06
2693   2.3554e-01 1.9763e-06 3.6053e-06
2694   2.3554e-01 1.9937e-06 3.4753e-06
2695   2.3555e-01 2.3278e-06 3.3340e-06
2696   2.3555e-01 2.6574e-06 3.1853e-06
2697   2.3555e-01 2.9787e-06 3.0263e-06
2698   2.3556e-01 3.3734e-06 2.8610e-06
2699   2.3556e-01 3.8218e-06 2.6878e-06
2700   2.3557e-01 4.2603e-06 2.5075e-06
2701   2.3557e-01 4.6826e-06 2.3230e-06
2702   2.3558e-01 5.0914e-06 2.1311e-06
2703   2.3559e-01 5.4814e-06 1.9360e-06
2704   2.3559e-01 5.8553e-06 1.7349e-06
2705   2.3560e-01 6.2079e-06 1.5319e-06
2706   2.3561e-01 6.5421e-06 1.4158e-06
2707   2.3562e-01 6.8588e-06 1.5654e-06
2708   2.3563e-01 7.1544e-06 1.7116e-06
2709   2.3563e-01 7.4289e-06 1.8556e-06
2710   2.3564e-01 7.6775e-06 2.0014e-06
2711   2.3565e-01 7.9035e-06 2.1418e-06
2712   2.3566e-01 8.1023e-06 2.2762e-06
2713   2.3567e-01 8.2771e-06 2.4118e-06
2714   2.3568e-01 8.4237e-06 2.5418e-06
2715   2.3569e-01 8.5454e-06 2.6647e-06
2716   2.3570e-01 8.6381e-06 2.7803e-06
2717   2.3571e-01 8.7055e-06 2.8909e-06
2718   2.3572e-01 8.7804e-06 2.9975e-06
2719   2.3573e-01 8.8494e-06 3.0958e-06
2720   2.3574e-01 8.8869e-06 3.1851e-06
2721   2.3575e-01 8.9007e-06 3.2655e-06
2722   2.3576e-01 8.8831e-06 3.3364e-06
2723   2.3577e-01 8.8420e-06 3.3990e-06
2724   2.3578e-01 8.7763e-06 3.4715e-06
2725   2.3578e-01 8.6831e-06 3.5346e-06
2726   2.3579e-01 8.5671e-06 3.5878e-06
2727   2.3580e-01 8.4207e-06 3.6337e-06
2728   2.3581e-01 8.2522e-06 3.6709e-06
2729   2.3582e-01 8.0545e-06 3.6974e-06
2730   2.3582e-01 7.8359e-06 3.7138e-06
2731   2.3583e-01 7.5895e-06 3.7194e-06
2732   2.3584e-01 7.3239e-06 3.7148e-06
2733   2.3585e-01 7.0322e-06 3.6996e-06
2734   2.3585e-01 6.7230e-06 3.6742e-06
2735   2.3586e-01 6.3898e-06 3.6385e-06
2736   2.3586e-01 6.0642e-06 3.5929e-06
2737   2.3587e-01 5.7182e-06 3.5372e-06
2738   2.3587e-01 5.3617e-06 3.4721e-06
2739   2.3587e-01 4.9834e-06 3.3974e-06
2740   2.3588e-01 4.5972e-06 3.3457e-06
2741   2.3588e-01 4.1917e-06 3.3167e-06
2742   2.3588e-01 3.7808e-06 3.2770e-06
2743   2.3588e-01 3.3641e-06 3.2237e-06
2744   2.3588e-01 2.9402e-06 3.1600e-06
2745   2.3588e-01 2.5181e-06 3.0831e-06
2746   2.3588e-01 2.0842e-06 2.9974e-06
2747   2.3588e-01 1.6509e-06 2.9021e-06
2748   2.3588e-01 1.4576e-06 2.7946e-06
2749   2.3588e-01 1.7800e-06 2.6776e-06
2750   2.3587e-01 2.0961e-06 2.5492e-06
2751   2.3587e-01 2.4048e-06 2.4121e-06
2752   2.3587e-01 2.7052e-06 2.2643e-06
2753   2.3586e-01 2.9975e-06 2.1088e-06
2754   2.3586e-01 3.2806e-06 1.9462e-06
2755   2.3585e-01 3.5523e-06 1.7785e-06
2756   2.3585e-01 3.9486e-06 1.6047e-06
2757   2.3584e-01 4.3450e-06 1.4321e-06
2758   2.3584e-01 4.7264e-06 1.2610e-06
2759   2.3583e-01 5.0918e-06 1.0877e-06
2760   2.3582e-01 5.4399e-06 9.1437e-07
2761   2.3581e-01 5.7696e-06 9.9492e-07
2762   2.3581e-01 6.0799e-06 1.0989e-06
2763   2.3580e-01 6.3699e-06 1.2002e-06
2764   2.3579e-01 6.6385e-06 1.3130e-06
2765   2.3578e-01 6.8852e-06 1.4589e-06
2766   2.3577e-01 7.1089e-06 1.6036e-06
2767   2.3577e-01 7.3093e-06 1.7439e-06
2768   2.3576e-01 7.4855e-06 1.8797e-06
2769   2.3575e-01 7.6372e-06 2.0103e-06
2770   2.3574e-01 7.7639e-06 2.1353e-06
2771   2.3573e-01 7.8659e-06 2.2540e-06
2772   2.3572e-01 7.9445e-06 2.3664e-06
2773   2.3571e-01 8.0178e-06 2.4718e-06
2774   2.3570e-01 8.1059e-06 2.5714e-06
2775   2.3569e-01 8.1682e-06 2.6645e-06
2776   2.3569e-01 8.2046e-06 2.7496e-06
2777   2.3568e-01 8.2149e-06 2.8266e-06
2778   2.3567e-01 8.1994e-06 2.8950e-06
2779   2.3566e-01 8.1581e-06 2.9547e-06
2780   2.3565e-01 8.0912e-06 3.0817e-06
2781   2.3564e-01 7.9989e-06 3.2045e-06
2782   2.3564e-01 7.8819e-06 3.3194e-06
2783   2.3563e-01 7.7403e-06 3.4241e-06
2784   2.3562e-01 7.5749e-06 3.5190e-06
2785   2.3562e-01 7.3861e-06 3.6018e-06
2786   2.3561e-01 7.1749e-06 3.6744e-06
2787   2.3561e-01 6.9418e-06 3.7343e-06
2788   2.3560e-01 6.6878e-06 3.7837e-06
2789   2.3560e-01 6.4137e-06 3.8202e-06
2790   2.3559e-01 6.1241e-06 3.8459e-06
2791   2.3559e-01 5.8395e-06 3.8587e-06
2792   2.3558e-01 5.5381e-06 3.8607e-06
2793   2.3558e-01 5.2209e-06 3.8498e-06
2794   2.3558e-01 4.8890e-06 3.8283e-06
2795   2.3558e-01 4.5434e-06 3.7941e-06
2796   2.3557e-01 4.1855e-06 3.7496e-06
2797   2.3557e-01 3.8163e-06 3.6928e-06
2798   2.3557e-01 3.4372e-06 3.6262e-06
2799   2.3557e-01 3.0494e-06 3.5478e-06
2800   2.3557e-01 2.6546e-06 3.4606e-06
2801   2.3557e-01 2.2545e-06 3.3624e-06
2802   2.3558e-01 1.8495e-06 3.2558e-06
2803   2.3558e-01 1.5784e-06 3.1386e-06
2804   2.3558e-01 1.8728e-06 3.0139e-06
2805   2.3558e-01 2.1686e-06 2.8804e-06
2806   2.3559e-01 2.4562e-06 2.7389e-06
2807   2.3559e-01 2.7366e-06 2.5913e-06
2808   2.3559e-01 3.1363e-06 2.4357e-06
2809   2.3560e-01 3.5278e-06 2.2751e-06
2810   2.3560e-01 3.9089e-06 2.1075e-06
2811   2.3561e-01 4.2751e-06 1.9360e-06
2812   2.3561e-01 4.6283e-06 1.7587e-06
2813   2.3562e-01 4.9643e-06 1.5786e-06
2814   2.3563e-01 5.2851e-06 1.3939e-06
2815   2.3563e-01 5.5873e-06 1.2075e-06
2816   2.3564e-01 5.8758e-06 1.1249e-06
2817   2.3565e-01 6.1464e-06 1.2554e-06
2818   2.3565e-01 6.3951e-06 1.3829e-06
2819   2.3566e-01 6.6243e-06 1.5115e-06
2820   2.3567e-01 6.8302e-06 1.6400e-06
2821   2.3568e-01 7.0152e-06 1.7645e-06
2822   2.3569e-01 7.1757e-06 1.8867e-06
2823   2.3569e-01 7.3144e-06 2.0090e-06
2824   2.3570e-01 7.4277e-06 2.1262e-06
2825   2.3571e-01 7.5185e-06 2.2378e-06
2826   2.3572e-01 7.5835e-06 2.3436e-06
2827   2.3573e-01 7.6293e-06 2.4482e-06
2828   2.3574e-01 7.6933e-06 2.5469e-06
2829   2.3574e-01 7.7362e-06 2.6388e-06
2830   2.3575e-01 7.7514e-06 2.7234e-06
2831   2.3576e-01 7.7453e-06 2.8006e-06
2832   2.3577e-01 7.7116e-06 2.8699e-06
2833   2.3578e-01 7.6569e-06 2.9314e-06
2834   2.3579e-01 7.5831e-06 2.9914e-06
2835   2.3579e-01 7.4825e-06 3.0541e-06
2836   2.3580e-01 7.3617e-06 3.1085e-06
2837   2.3581e-01 7.2147e-06 3.1563e-06
2838   2.3581e-01 7.0485e-06 3.1964e-06
2839   2.3582e-01 6.8572e-06 3.2274e-06
2840   2.3583e-01 6.6480e-06 3.2494e-06
2841   2.3583e-01 6.4152e-06 3.2621e-06
2842   2.3584e-01 6.1660e-06 3.2656e-06
2843   2.3584e-01 5.8948e-06 3.2598e-06
2844   2.3585e-01 5.6091e-06 3.2448e-06
2845   2.3585e-01 5.3119e-06 3.2206e-06
2846   2.3586e-01 5.0173e-06 3.1873e-06
2847   2.3586e-01 4.7029e-06 3.1450e-06
2848   2.3586e-01 4.3801e-06 3.0939e-06
2849   2.3587e-01 4.0397e-06 3.0341e-06
2850   2.3587e-01 3.6931e-06 2.9786e-06
2851   2.3587e-01 3.3312e-06 2.9421e-06
2852   2.3587e-01 2.9676e-06 2.8959e-06
2853   2.3587e-01 2.6072e-06 2.8383e-06
2854   2.3587e-01 2.2333e-06 2.7713e-06
2855   2.3587e-01 1.8618e-06 2.6934e-06
2856   2.3587e-01 1.4919e-06 2.6065e-06
2857   2.3587e-01 1.1300e-06 2.5092e-06
2858   2.3587e-01 1.2849e-06 2.4036e-06
2859   2.3587e-01 1.5592e-06 2.2881e-06
2860   2.3586e-01 1.8283e-06 2.1670e-06
2861   2.3586e-01 2.0911e-06 2.0391e-06
2862   2.3586e-01 2.3470e-06 1.9025e-06
2863   2.3585e-01 2.5959e-06 1.7596e-06
2864   2.3585e-01 2.8369e-06 1.6089e-06
2865   2.3584e-01 3.1682e-06 1.4529e-06
2866   2.3584e-01 3.5084e-06 1.2922e-06
2867   2.3583e-01 3.8367e-06 1.1281e-06
2868   2.3583e-01 4.1489e-06 9.6831e-07
2869   2.3582e-01 4.4471e-06 8.1665e-07
2870   2.3581e-01 4.7273e-06 8.7367e-07
2871   2.3581e-01 4.9917e-06 9.6326e-07
2872   2.3580e-01 5.2476e-06 1.0501e-06
2873   2.3579e-01 5.4951e-06 1.1375e-06
2874   2.3579e-01 5.7245e-06 1.2628e-06
2875   2.3578e-01 5.9351e-06 1.3875e-06
2876   2.3577e-01 6.1262e-06 1.5084e-06
2877   2.3577e-01 6.2972e-06 1.6249e-06
2878   2.3576e-01 6.4476e-06 1.7369e-06
2879   2.3575e-01 6.5776e-06 1.8437e-06
2880   2.3574e-01 6.6874e-06 1.9453e-06
2881   2.3573e-01 6.7756e-06 2.0411e-06
2882   2.3573e-01 6.8418e-06 2.1309e-06
2883   2.3572e-01 6.9103e-06 2.2163e-06
2884   2.3571e-01 6.9842e-06 2.2954e-06
2885   2.3570e-01 7.0358e-06 2.3679e-06
2886   2.3570e-01 7.0649e-06 2.4333e-06
2887   2.3569e-01 7.0716e-06 2.4915e-06
2888   2.3568e-01 7.0557e-06 2.5423e-06
2889   2.3568e-01 7.0175e-06 2.6393e-06
2890   2.3567e-01 6.9571e-06 2.7523e-06
2891   2.3566e-01 6.8746e-06 2.8558e-06
2892   2.3566e-01 6.7706e-06 2.9511e-06
2893   2.3565e-01 6.6452e-06 3.0364e-06
2894   2.3565e-01 6.4992e-06 3.1130e-06
2895   2.3564e-01 6.3328e-06 3.1796e-06
2896   2.3564e-01 6.1468e-06 3.2375e-06
2897   2.3563e-01 5.9418e-06 3.2844e-06
2898   2.3563e-01 5.7185e-06 3.3220e-06
2899   2.3562e-01 5.4777e-06 3.3485e-06
2900   2.3562e-01 5.2210e-06 3.3655e-06
2901   2.3562e-01 4.9708e-06 3.3714e-06
2902   2.3561e-01 4.7059e-06 3.3679e-06
2903   2.3561e-01 4.4272e-06 3.3533e-06
2904   2.3561e-01 4.1358e-06 3.3294e-06
2905   2.3561e-01 3.8325e-06 3.2947e-06
2906   2.3561e-01 3.5185e-06 3.2510e-06
2907   2.3561e-01 3.1947e-06 3.1968e-06
2908   2.3561e-01 2.8623e-06 3.1341e-06
2909   2.3561e-01 2.5224e-06 3.0613e-06
2910   2.3561e-01 2.1763e-06 2.9805e-06
2911   2.3561e-01 1.8253e-06 2.8903e-06
2912   2.3561e-01 1.4710e-06 2.7926e-06
2913   2.3561e-01 1.5169e-06 2.6862e-06
2914   2.3561e-01 1.7629e-06 2.5730e-06
2915   2.3562e-01 2.0072e-06 2.4519e-06
2916   2.3562e-01 2.2438e-06 2.3250e-06
2917   2.3562e-01 2.5527e-06 2.1911e-06
2918   2.3563e-01 2.8843e-06 2.0522e-06
2919   2.3563e-01 3.2067e-06 1.9088e-06
2920   2.3563e-01 3.5195e-06 1.7599e-06
2921   2.3564e-01 3.8189e-06 1.6074e-06
2922   2.3564e-01 4.1067e-06 1.4504e-06
2923   2.3565e-01 4.3794e-06 1.2908e-06
2924   2.3565e-01 4.6386e-06 1.1277e-06
2925   2.3566e-01 4.8835e-06 9.6300e-07
2926   2.3567e-01 5.1149e-06 1.0437e-06
2927   2.3567e-01 5.3309e-06 1.1690e-06
2928   2.3568e-01 5.5281e-06 1.2918e-06
2929   2.3569e-01 5.7085e-06 1.4178e-06
2930   2.3569e-01 5.8692e-06 1.5398e-06
2931   2.3570e-01 6.0121e-06 1.6578e-06
2932   2.3571e-01 6.1343e-06 1.7762e-06
2933   2.3571e-01 6.2381e-06 1.8906e-06
2934   2.3572e-01 6.3206e-06 1.9998e-06
2935   2.3573e-01 6.3842e-06 2.1032e-06
2936   2.3573e-01 6.4263e-06 2.2017e-06
2937   2.3574e-01 6.4791e-06 2.2976e-06
2938   2.3575e-01 6.5209e-06 2.3868e-06
2939   2.3576e-01 6.5449e-06 2.4690e-06
2940   2.3576e-01 6.5458e-06 2.5439e-06
2941   2.3577e-01 6.5290e-06 2.6114e-06
2942   2.3578e-01 6.4911e-06 2.6710e-06
2943   2.3578e-01 6.4357e-06 2.7228e-06
2944   2.3579e-01 6.3629e-06 2.7685e-06
2945   2.3580e-01 6.2677e-06 2.8174e-06
2946   2.3580e-01 6.1559e-06 2.8618e-06
2947   2.3581e-01 6.0225e-06 2.8989e-06
2948   2.3581e-01 5.8732e-06 2.9290e-06
2949   2.3582e-01 5.7034e-06 2.9503e-06
2950   2.3582e-01 5.5189e-06 2.9631e-06
2951   2.3583e-01 5.3150e-06 2.9669e-06
2952   2.3583e-01 5.0977e-06 2.9622e-06
2953   2.3584e-01 4.8625e-06 2.9486e-06
2954   2.3584e-01 4.6166e-06 2.9265e-06
2955   2.3585e-01 4.3714e-06 2.8957e-06
2956   2.3585e-01 4.1177e-06 2.8566e-06
2957   2.3585e-01 3.8479e-06 2.8092e-06
2958   2.3585e-01 3.5713e-06 2.7537e-06
2959   2.3586e-01 3.2804e-06 2.6904e-06
2960   2.3586e-01 2.9846e-06 2.6454e-06
2961   2.3586e-01 2.6778e-06 2.6104e-06
2962   2.3586e-01 2.3712e-06 2.5668e-06
2963   2.3586e-01 2.0648e-06 2.5133e-06
2964   2.3586e-01 1.7475e-06 2.4515e-06
2965   2.3586e-01 1.4323e-06 2.3801e-06
2966   2.3586e-01 1.1188e-06 2.3008e-06
2967   2.3586e-01 1.0278e-06 2.2125e-06
2968   2.3586e-01 1.2699e-06 2.1168e-06
2969   2.3585e-01 1.5074e-06 2.0126e-06
2970   2.3585e-01 1.7396e-06 1.9017e-06
2971   2.3585e-01 1.9658e-06 1.7838e-06
2972   2.3585e-01 2.1852e-06 1.6612e-06
2973   2.3584e-01 2.3973e-06 1.5330e-06
2974   2.3584e-01 2.6022e-06 1.3982e-06
2975   2.3583e-01 2.8726e-06 1.2587e-06
2976   2.3583e-01 3.1707e-06 1.1168e-06
2977   2.3583e-01 3.4579e-06 9.7104e-07
2978   2.3582e-01 3.7332e-06 8.3132e-07
2979   2.3582e-01 3.9959e-06 6.9638e-07
2980   2.3581e-01 4.2449e-06 7.2060e-07
2981   2.3580e-01 4.4796e-06 8.0154e-07
2982   2.3580e-01 4.6992e-06 8.8219e-07
2983   2.3579e-01 4.9029e-06 9.6134e-07
2984   2.3579e-01 5.0903e-06 1.0463e-06
2985   2.3578e-01 5.2606e-06 1.1599e-06
2986   2.3577e-01 5.4134e-06 1.2705e-06
2987   2.3577e-01 5.5482e-06 1.3775e-06
2988   2.3576e-01 5.6652e-06 1.4809e-06
2989   2.3575e-01 5.7643e-06 1.5801e-06
2990   2.3575e-01 5.8445e-06 1.6750e-06
2991   2.3574e-01 5.9056e-06 1.7672e-06
2992   2.3574e-01 5.9475e-06 1.8542e-06
2993   2.3573e-01 6.0143e-06 1.9359e-06
2994   2.3572e-01 6.0628e-06 2.0119e-06
2995   2.3572e-01 6.0918e-06 2.0820e-06
2996   2.3571e-01 6.1013e-06 2.1459e-06
2997   2.3570e-01 6.0912e-06 2.2035e-06
2998   2.3570e-01 6.0617e-06 2.2620e-06
2999   2.3569e-01 6.0128e-06 2.3682e-06
3000   2.3569e-01 5.9450e-06 2.4675e-06
3001   2.3568e-01 5.8583e-06 2.5585e-06
3002   2.3568e-01 5.7533e-06 2.6420e-06
3003   2.3567e-01 5.6302e-06 2.7166e-06
3004   2.3567e-01 5.4895e-06 2.7831e-06
3005   2.3566e-01 5.3319e-06 2.8404e-06
3006   2.3566e-01 5.1578e-06 2.8893e-06
3007   2.3565e-01 4.9678e-06 2.9287e-06
3008   2.3565e-01 4.7628e-06 2.9594e-06
3009   2.3565e-01 4.5433e-06 2.9805e-06
3010   2.3564e-01 4.3217e-06 2.9927e-06
3011   2.3564e-01 4.0960e-06 2.9953e-06
3012   2.3564e-01 3.8584e-06 2.9891e-06
3013   2.3564e-01 3.6097e-06 2.9733e-06
3014   2.3564e-01 3.3509e-06 2.9490e-06
3015   2.3563e-01 3.0826e-06 2.9152e-06
3016   2.3563e-01 2.8060e-06 2.8731e-06
3017   2.3563e-01 2.5219e-06 2.8218e-06
3018   2.3563e-01 2.2314e-06 2.7626e-06
3019   2.3563e-01 1.9353e-06 2.6947e-06
3020   2.3563e-01 1.6352e-06 2.6193e-06
3021   2.3563e-01 1.3324e-06 2.5358e-06
3022   2.3564e-01 1.1365e-06 2.4453e-06
3023   2.3564e-01 1.3485e-06 2.3473e-06
3024   2.3564e-01 1.5592e-06 2.2431e-06
3025   2.3564e-01 1.7683e-06 2.1321e-06
3026   2.3564e-01 1.9711e-06 2.0156e-06
3027   2.3565e-01 2.2580e-06 1.8935e-06
3028   2.3565e-01 2.5437e-06 1.7668e-06
3029   2.3565e-01 2.8200e-06 1.6361e-06
3030   2.3566e-01 3.0878e-06 1.5006e-06
3031   2.3566e-01 3.3442e-06 1.3618e-06
3032   2.3567e-01 3.5905e-06 1.2192e-06
3033   2.3567e-01 3.8236e-06 1.0742e-06
3034   2.3568e-01 4.0457e-06 9.2634e-07
3035   2.3568e-01 4.2585e-06 8.6332e-07
3036   2.3569e-01 4.4562e-06 9.5976e-07
3037   2.3569e-01 4.6404e-06 1.0662e-06
3038   2.3570e-01 4.8084e-06 1.1742e-06
3039   2.3570e-01 4.9617e-06 1.2807e-06
3040   2.3571e-01 5.0979e-06 1.3836e-06
3041   2.3571e-01 5.2185e-06 1.4854e-06
3042   2.3572e-01 5.3212e-06 1.5855e-06
3043   2.3573e-01 5.4078e-06 1.6810e-06
3044   2.3573e-01 5.4759e-06 1.7719e-06
3045   2.3574e-01 5.5275e-06 1.8577e-06
3046   2.3575e-01 5.5603e-06 1.9418e-06
3047   2.3575e-01 5.6095e-06 2.0209e-06
3048   2.3576e-01 5.6416e-06 2.0940e-06
3049   2.3576e-01 5.6579e-06 2.1612e-06
3050   2.3577e-01 5.6542e-06 2.2220e-06
3051   2.3578e-01 5.6349e-06 2.2764e-06
3052   2.3578e-01 5.6010e-06 2.3241e-06
3053   2.3579e-01 5.5477e-06 2.3655e-06
3054   2.3579e-01 5.4791e-06 2.4021e-06
3055   2.3580e-01 5.3912e-06 2.4443e-06
3056   2.3580e-01 5.2885e-06 2.4794e-06
3057   2.3581e-01 5.1672e-06 2.5094e-06
3058   2.3581e-01 5.0319e-06 2.5323e-06
3059   2.3582e-01 4.8789e-06 2.5478e-06
3060   2.3582e-01 4.7130e-06 2.5560e-06
3061   2.3583e-01 4.5303e-06 2.5567e-06
3062   2.3583e-01 4.3360e-06 2.5501e-06
3063   2.3583e-01 4.1263e-06 2.5362e-06
3064   2.3584e-01 3.9094e-06 2.5150e-06
3065   2.3584e-01 3.6913e-06 2.4865e-06
3066   2.3584e-01 3.4656e-06 2.4510e-06
3067   2.3585e-01 3.2263e-06 2.4395e-06
3068   2.3585e-01 2.9811e-06 2.4283e-06
3069   2.3585e-01 2.7239e-06 2.4080e-06
3070   2.3585e-01 2.4625e-06 2.3796e-06
3071   2.3585e-01 2.1935e-06 2.3424e-06
3072   2.3585e-01 1.9237e-06 2.2971e-06
3073   2.3585e-01 1.6539e-06 2.2433e-06
3074   2.3585e-01 1.3754e-06 2.1818e-06
3075   2.3585e-01 1.0987e-06 2.1121e-06
3076   2.3585e-01 8.4563e-07 2.0352e-06
3077   2.3585e-01 9.8417e-07 1.9505e-06
3078   2.3585e-01 1.1863e-06 1.8592e-06
3079   2.3585e-01 1.3842e-06 1.7607e-06
3080   2.3584e-01 1.5774e-06 1.6562e-06
3081   2.3584e-01 1.7651e-06 1.5457e-06
3082   2.3584e-01 1.9467e-06 1.4315e-06
3083   2.3584e-01 2.1226e-06 1.3124e-06
3084   2.3583e-01 2.3182e-06 1.1879e-06
3085   2.3583e-01 2.5728e-06 1.0593e-06
3086   2.3582e-01 2.8166e-06 9.2658e-07
3087   2.3582e-01 3.0509e-06 7.9315e-07
3088   2.3582e-01 3.2754e-06 6.6458e-07
3089   2.3581e-01 3.4914e-06 6.1930e-07
3090   2.3581e-01 3.6957e-06 6.9573e-07
3091   2.3580e-01 3.8877e-06 7.7231e-07
3092   2.3580e-01 4.0667e-06 8.4653e-07
3093   2.3579e-01 4.2322e-06 9.1814e-07
3094   2.3579e-01 4.3837e-06 1.0038e-06
3095   2.3578e-01 4.5208e-06 1.1073e-06
3096   2.3577e-01 4.6430e-06 1.2076e-06
3097   2.3577e-01 4.7506e-06 1.3042e-06
3098   2.3576e-01 4.8432e-06 1.3973e-06
3099   2.3576e-01 4.9201e-06 1.4879e-06
3100   2.3575e-01 4.9810e-06 1.5739e-06
3101   2.3575e-01 5.0258e-06 1.6551e-06
3102   2.3574e-01 5.0714e-06 1.7312e-06
3103   2.3574e-01 5.1222e-06 1.8020e-06
3104   2.3573e-01 5.1567e-06 1.8673e-06
3105   2.3572e-01 5.1747e-06 1.9268e-06
3106   2.3572e-01 5.1763e-06 1.9804e-06
3107   2.3571e-01 5.1614e-06 2.0279e-06
3108   2.3571e-01 5.1303e-06 2.0691e-06
3109   2.3570e-01 5.0830e-06 2.1554e-06
3110   2.3570e-01 5.0197e-06 2.2388e-06
3111   2.3569e-01 4.9406e-06 2.3148e-06
3112   2.3569e-01 4.8461e-06 2.3837e-06
3113   2.3569e-01 4.7366e-06 2.4447e-06
3114   2.3568e-01 4.6124e-06 2.4982e-06
3115   2.3568e-01 4.4739e-06 2.5435e-06
3116   2.3567e-01 4.3218e-06 2.5811e-06
3117   2.3567e-01 4.1564e-06 2.6103e-06
3118   2.3567e-01 3.9784e-06 2.6316e-06
3119   2.3567e-01 3.7884e-06 2.6443e-06
3120   2.3566e-01 3.6024e-06 2.6492e-06
3121   2.3566e-01 3.4074e-06 2.6456e-06
3122   2.3566e-01 3.2026e-06 2.6346e-06
3123   2.3566e-01 2.9885e-06 2.6151e-06
3124   2.3566e-01 2.7659e-06 2.5879e-06
3125   2.3566e-01 2.5356e-06 2.5525e-06
3126   2.3566e-01 2.2983e-06 2.5098e-06
3127   2.3566e-01 2.0549e-06 2.4591e-06
3128   2.3566e-01 1.8061e-06 2.4014e-06
3129   2.3566e-01 1.5528e-06 2.3363e-06
3130   2.3566e-01 1.2970e-06 2.2646e-06
3131   2.3566e-01 1.0384e-06 2.1859e-06
3132   2.3566e-01 1.1026e-06 2.1012e-06
3133   2.3566e-01 1.2839e-06 2.0101e-06
3134   2.3566e-01 1.4660e-06 1.9137e-06
3135   2.3566e-01 1.6433e-06 1.8114e-06
3136   2.3567e-01 1.8658e-06 1.7045e-06
3137   2.3567e-01 2.1130e-06 1.5939e-06
3138   2.3567e-01 2.3552e-06 1.4787e-06
3139   2.3568e-01 2.5884e-06 1.3600e-06
3140   2.3568e-01 2.8136e-06 1.2375e-06
3141   2.3568e-01 3.0282e-06 1.1123e-06
3142   2.3569e-01 3.2335e-06 9.8401e-07
3143   2.3569e-01 3.4274e-06 8.5387e-07
3144   2.3569e-01 3.6133e-06 7.2299e-07
3145   2.3570e-01 3.7880e-06 7.4858e-07
3146   2.3570e-01 3.9492e-06 8.1980e-07
3147   2.3571e-01 4.0982e-06 9.1636e-07
3148   2.3571e-01 4.2329e-06 1.0173e-06
3149   2.3572e-01 4.3545e-06 1.1155e-06
3150   2.3572e-01 4.4610e-06 1.2106e-06
3151   2.3573e-01 4.5537e-06 1.3065e-06
3152   2.3573e-01 4.6308e-06 1.3990e-06
3153   2.3574e-01 4.6937e-06 1.4876e-06
3154   2.3574e-01 4.7406e-06 1.5720e-06
3155   2.3575e-01 4.7731e-06 1.6527e-06
3156   2.3576e-01 4.8055e-06 1.7312e-06
3157   2.3576e-01 4.8383e-06 1.8046e-06
3158   2.3577e-01 4.8540e-06 1.8728e-06
3159   2.3577e-01 4.8561e-06 1.9354e-06
3160   2.3578e-01 4.8410e-06 1.9923e-06
3161   2.3578e-01 4.8137e-06 2.0432e-06
3162   2.3579e-01 4.7730e-06 2.0881e-06
3163   2.3579e-01 4.7155e-06 2.1268e-06
3164   2.3580e-01 4.6450e-06 2.1609e-06
3165   2.3580e-01 4.5582e-06 2.1935e-06
3166   2.3581e-01 4.4590e-06 2.2265e-06
3167   2.3581e-01 4.3441e-06 2.2538e-06
3168   2.3581e-01 4.2177e-06 2.2752e-06
3169   2.3582e-01 4.0764e-06 2.2898e-06
3170   2.3582e-01 3.9245e-06 2.2976e-06
3171   2.3582e-01 3.7589e-06 2.2985e-06
3172   2.3583e-01 3.5836e-06 2.2926e-06
3173   2.3583e-01 3.3959e-06 2.2798e-06
3174   2.3583e-01 3.2126e-06 2.2604e-06
3175   2.3583e-01 3.0189e-06 2.2342e-06
3176   2.3584e-01 2.8193e-06 2.2015e-06
3177   2.3584e-01 2.6087e-06 2.1623e-06
3178   2.3584e-01 2.3936e-06 2.1434e-06
3179   2.3584e-01 2.1690e-06 2.1208e-06
3180   2.3584e-01 1.9413e-06 2.0910e-06
3181   2.3584e-01 1.7137e-06 2.0536e-06
3182   2.3584e-01 1.4801e-06 2.0093e-06
3183   2.3584e-01 1.2472e-06 1.9577e-06
3184   2.3584e-01 1.0104e-06 1.8994e-06
3185   2.3584e-01 7.7286e-07 1.8341e-06
3186   2.3584e-01 7.3080e-07 1.7627e-06
3187   2.3584e-01 9.0852e-07 1.6846e-06
3188   2.3584e-01 1.0830e-06 1.6009e-06
3189   2.3584e-01 1.2538e-06 1.5112e-06
3190   2.3583e-01 1.4202e-06 1.4164e-06
3191   2.3583e-01 1.5818e-06 1.3163e-06
3192   2.3583e-01 1.7380e-06 1.2119e-06
3193   2.3583e-01 1.9126e-06 1.1050e-06
3194   2.3582e-01 2.1291e-06 9.9368e-07
3195   2.3582e-01 2.3379e-06 8.7900e-07
3196   2.3582e-01 2.5391e-06 7.6076e-07
3197   2.3581e-01 2.7318e-06 6.4000e-07
3198   2.3581e-01 2.9136e-06 5.2575e-07
3199   2.3581e-01 3.0874e-06 5.5474e-07
3200   2.3580e-01 3.2613e-06 6.2148e-07
3201   2.3580e-01 3.4243e-06 6.8693e-07
3202   2.3579e-01 3.5758e-06 7.5031e-07
3203   2.3579e-01 3.7154e-06 8.1140e-07
3204   2.3578e-01 3.8426e-06 8.8920e-07
3205   2.3578e-01 3.9576e-06 9.7809e-07
3206   2.3577e-01 4.0598e-06 1.0642e-06
3207   2.3577e-01 4.1486e-06 1.1476e-06
3208   2.3576e-01 4.2239e-06 1.2290e-06
3209   2.3576e-01 4.2853e-06 1.3067e-06
3210   2.3576e-01 4.3327e-06 1.3806e-06
3211   2.3575e-01 4.3660e-06 1.4503e-06
3212   2.3575e-01 4.4091e-06 1.5156e-06
3213   2.3574e-01 4.4472e-06 1.5763e-06
3214   2.3574e-01 4.4711e-06 1.6323e-06
3215   2.3573e-01 4.4805e-06 1.6834e-06
3216   2.3573e-01 4.4756e-06 1.7293e-06
3217   2.3572e-01 4.4564e-06 1.7700e-06
3218   2.3572e-01 4.4229e-06 1.8433e-06
3219   2.3571e-01 4.3754e-06 1.9201e-06
3220   2.3571e-01 4.3139e-06 1.9912e-06
3221   2.3571e-01 4.2388e-06 2.0558e-06
3222   2.3570e-01 4.1504e-06 2.1140e-06
3223   2.3570e-01 4.0489e-06 2.1654e-06
3224   2.3570e-01 3.9348e-06 2.2101e-06
3225   2.3569e-01 3.8084e-06 2.2476e-06
3226   2.3569e-01 3.6702e-06 2.2783e-06
3227   2.3569e-01 3.5207e-06 2.3015e-06
3228   2.3569e-01 3.3605e-06 2.3179e-06
3229   2.3568e-01 3.1913e-06 2.3267e-06
3230   2.3568e-01 3.0261e-06 2.3286e-06
3231   2.3568e-01 2.8519e-06 2.3230e-06
3232   2.3568e-01 2.6694e-06 2.3105e-06
3233   2.3568e-01 2.4792e-06 2.2907e-06
3234   2.3568e-01 2.2819e-06 2.2640e-06
3235   2.3568e-01 2.0782e-06 2.2303e-06
3236   2.3568e-01 1.8688e-06 2.1900e-06
3237   2.3568e-01 1.6544e-06 2.1429e-06
3238   2.3568e-01 1.4358e-06 2.0896e-06
3239   2.3568e-01 1.2138e-06 2.0298e-06
3240   2.3568e-01 9.9002e-07 1.9642e-06
3241   2.3568e-01 8.5212e-07 1.8926e-06
3242   2.3568e-01 1.0073e-06 1.8157e-06
3243   2.3568e-01 1.1597e-06 1.7333e-06
3244   2.3568e-01 1.3120e-06 1.6462e-06
3245   2.3568e-01 1.4709e-06 1.5541e-06
3246   2.3569e-01 1.6798e-06 1.4579e-06
3247   2.3569e-01 1.8876e-06 1.3579e-06
3248   2.3569e-01 2.0900e-06 1.2547e-06
3249   2.3569e-01 2.2845e-06 1.1485e-06
3250   2.3570e-01 2.4721e-06 1.0391e-06
3251   2.3570e-01 2.6506e-06 9.2722e-07
3252   2.3570e-01 2.8209e-06 8.1288e-07
3253   2.3571e-01 2.9831e-06 6.9689e-07
3254   2.3571e-01 3.1369e-06 6.4485e-07
3255   2.3571e-01 3.2812e-06 7.1001e-07
3256   2.3572e-01 3.4139e-06 7.7876e-07
3257   2.3572e-01 3.5361e-06 8.6924e-07
3258   2.3573e-01 3.6461e-06 9.5888e-07
3259   2.3573e-01 3.7450e-06 1.0458e-06
3260   2.3574e-01 3.8309e-06 1.1317e-06
3261   2.3574e-01 3.9052e-06 1.2160e-06
3262   2.3574e-01 3.9662e-06 1.2967e-06
3263   2.3575e-01 4.0151e-06 1.3735e-06
3264   2.3575e-01 4.0504e-06 1.4463e-06
3265   2.3576e-01 4.0735e-06 1.5169e-06
3266   2.3576e-01 4.1077e-06 1.5836e-06
3267   2.3577e-01 4.1310e-06 1.6456e-06
3268   2.3577e-01 4.1398e-06 1.7026e-06
3269   2.3578e-01 4.1370e-06 1.7544e-06
3270   2.3578e-01 4.1220e-06 1.8009e-06
3271   2.3578e-01 4.0942e-06 1.8419e-06
3272   2.3579e-01 4.0550e-06 1.8774e-06
3273   2.3579e-01 4.0016e-06 1.9073e-06
3274   2.3580e-01 3.9372e-06 1.9329e-06
3275   2.3580e-01 3.8590e-06 1.9597e-06
3276   2.3580e-01 3.7702e-06 1.9844e-06
3277   2.3581e-01 3.6683e-06 2.0042e-06
3278   2.3581e-01 3.5565e-06 2.0184e-06
3279   2.3581e-01 3.4323e-06 2.0265e-06
3280   2.3582e-01 3.2990e-06 2.0285e-06
3281   2.3582e-01 3.1542e-06 2.0245e-06
3282   2.3582e-01 3.0013e-06 2.0145e-06
3283   2.3583e-01 2.8405e-06 1.9984e-06
3284   2.3583e-01 2.6825e-06 1.9765e-06
3285   2.3583e-01 2.5142e-06 1.9487e-06
3286   2.3583e-01 2.3409e-06 1.9408e-06
3287   2.3583e-01 2.1585e-06 1.9301e-06
3288   2.3583e-01 1.9722e-06 1.9132e-06
3289   2.3583e-01 1.7781e-06 1.8903e-06
3290   2.3584e-01 1.5813e-06 1.8610e-06
3291   2.3584e-01 1.3858e-06 1.8250e-06
3292   2.3584e-01 1.1845e-06 1.7828e-06
3293   2.3584e-01 9.8368e-07 1.7342e-06
3294   2.3584e-01 7.7904e-07 1.6796e-06
3295   2.3583e-01 6.2155e-07 1.6190e-06
3296   2.3583e-01 7.2971e-07 1.5528e-06
3297   2.3583e-01 8.8067e-07 1.4809e-06
3298   2.3583e-01 1.0285e-06 1.4040e-06
3299   2.3583e-01 1.1726e-06 1.3219e-06
3300   2.3583e-01 1.3127e-06 1.2352e-06
3301   2.3583e-01 1.4481e-06 1.1440e-06
3302   2.3582e-01 1.5786e-06 1.0489e-06
3303   2.3582e-01 1.7187e-06 9.5112e-07
3304   2.3582e-01 1.9029e-06 8.5046e-07
3305   2.3582e-01 2.0864e-06 7.4687e-07
3306   2.3581e-01 2.2629e-06 6.4032e-07
3307   2.3581e-01 2.4317e-06 5.3303e-07
3308   2.3581e-01 2.5922e-06 4.3457e-07
3309   2.3580e-01 2.7439e-06 4.9617e-07
3310   2.3580e-01 2.8863e-06 5.5790e-07
3311   2.3580e-01 3.0190e-06 6.1794e-07
3312   2.3579e-01 3.1416e-06 6.7608e-07
3313   2.3579e-01 3.2537e-06 7.3226e-07
3314   2.3578e-01 3.3554e-06 7.9708e-07
3315   2.3578e-01 3.4461e-06 8.7883e-07
3316   2.3578e-01 3.5256e-06 9.5956e-07
3317   2.3577e-01 3.5934e-06 1.0374e-06
3318   2.3577e-01 3.6495e-06 1.1121e-06
3319   2.3576e-01 3.6937e-06 1.1834e-06
3320   2.3576e-01 3.7258e-06 1.2511e-06
3321   2.3575e-01 3.7537e-06 1.3150e-06
3322   2.3575e-01 3.7903e-06 1.3748e-06
3323   2.3575e-01 3.8147e-06 1.4303e-06
3324   2.3574e-01 3.8268e-06 1.4814e-06
3325   2.3574e-01 3.8267e-06 1.5279e-06
3326   2.3573e-01 3.8143e-06 1.5697e-06
3327   2.3573e-01 3.7898e-06 1.6066e-06
3328   2.3573e-01 3.7533e-06 1.6681e-06
3329   2.3572e-01 3.7049e-06 1.7343e-06
3330   2.3572e-01 3.6448e-06 1.7950e-06
3331   2.3572e-01 3.5733e-06 1.8499e-06
3332   2.3571e-01 3.4906e-06 1.8990e-06
3333   2.3571e-01 3.3970e-06 1.9418e-06
3334   2.3571e-01 3.2929e-06 1.9786e-06
3335   2.3571e-01 3.1787e-06 2.0090e-06
3336   2.3570e-01 3.0547e-06 2.0332e-06
3337   2.3570e-01 2.9215e-06 2.0507e-06
3338   2.3570e-01 2.7794e-06 2.0620e-06
3339   2.3570e-01 2.6369e-06 2.0666e-06
3340   2.3570e-01 2.4914e-06 2.0649e-06
3341   2.3569e-01 2.3386e-06 2.0567e-06
3342   2.3569e-01 2.1791e-06 2.0421e-06
3343   2.3569e-01 2.0133e-06 2.0211e-06
3344   2.3569e-01 1.8420e-06 1.9941e-06
3345   2.3569e-01 1.6655e-06 1.9607e-06
3346   2.3569e-01 1.4847e-06 1.9215e-06
3347   2.3569e-01 1.2999e-06 1.8764e-06
3348   2.3569e-01 1.1120e-06 1.8257e-06
3349   2.3569e-01 9.2256e-07 1.7694e-06
3350   2.3569e-01 7.3106e-07 1.7080e-06
3351   2.3569e-01 7.9175e-07 1.6414e-06
3352   2.3569e-01 9.2505e-07 1.5701e-06
3353   2.3570e-01 1.0576e-06 1.4941e-06
3354   2.3570e-01 1.1882e-06 1.4139e-06
3355   2.3570e-01 1.3489e-06 1.3295e-06
3356   2.3570e-01 1.5300e-06 1.2416e-06
3357   2.3570e-01 1.7084e-06 1.1511e-06
3358   2.3571e-01 1.8815e-06 1.0573e-06
3359   2.3571e-01 2.0476e-06 9.6082e-07
3360   2.3571e-01 2.2073e-06 8.6171e-07
3361   2.3571e-01 2.3590e-06 7.6057e-07
3362   2.3572e-01 2.5038e-06 6.5745e-07
3363   2.3572e-01 2.6428e-06 5.5418e-07
3364   2.3572e-01 2.7723e-06 5.6923e-07
3365   2.3573e-01 2.8933e-06 6.2599e-07
3366   2.3573e-01 3.0041e-06 6.8469e-07
3367   2.3573e-01 3.1057e-06 7.6523e-07
3368   2.3574e-01 3.1963e-06 8.4357e-07
3369   2.3574e-01 3.2771e-06 9.1973e-07
3370   2.3574e-01 3.3466e-06 9.9624e-07
3371   2.3575e-01 3.4058e-06 1.0699e-06
3372   2.3575e-01 3.4533e-06 1.1404e-06
3373   2.3576e-01 3.4901e-06 1.2075e-06
3374   2.3576e-01 3.5151e-06 1.2717e-06
3375   2.3576e-01 3.5376e-06 1.3340e-06
3376   2.3577e-01 3.5620e-06 1.3922e-06
3377   2.3577e-01 3.5762e-06 1.4463e-06
3378   2.3578e-01 3.5778e-06 1.4960e-06
3379   2.3578e-01 3.5693e-06 1.5413e-06
3380   2.3578e-01 3.5514e-06 1.5819e-06
3381   2.3579e-01 3.5210e-06 1.6177e-06
3382   2.3579e-01 3.4807e-06 1.6487e-06
3383   2.3579e-01 3.4282e-06 1.6749e-06
3384   2.3580e-01 3.3661e-06 1.6972e-06
3385   2.3580e-01 3.2921e-06 1.7201e-06
3386   2.3580e-01 3.2091e-06 1.7417e-06
3387   2.3581e-01 3.1149e-06 1.7589e-06
3388   2.3581e-01 3.0122e-06 1.7712e-06
3389   2.3581e-01 2.8989e-06 1.7781e-06
3390   2.3582e-01 2.7780e-06 1.7797e-06
3391   2.3582e-01 2.6473e-06 1.7760e-06
3392   2.3582e-01 2.5098e-06 1.7670e-06
3393   2.3582e-01 2.3703e-06 1.7528e-06
3394   2.3582e-01 2.2290e-06 1.7382e-06
3395   2.3582e-01 2.0792e-06 1.7368e-06
3396   2.3583e-01 1.9253e-06 1.7292e-06
3397   2.3583e-01 1.7638e-06 1.7158e-06
3398   2.3583e-01 1.5993e-06 1.6963e-06
3399   2.3583e-01 1.4284e-06 1.6720e-06
3400   2.3583e-01 1.2576e-06 1.6420e-06
3401   2.3583e-01 1.0870e-06 1.6061e-06
3402   2.3583e-01 9.1111e-07 1.5649e-06
3403   2.3583e-01 7.3830e-07 1.5180e-06
3404   2.3583e-01 5.6571e-07 1.4660e-06
3405   2.3583e-01 5.4472e-07 1.4087e-06
3406   2.3583e-01 6.7496e-07 1.3467e-06
3407   2.3583e-01 8.0278e-07 1.2798e-06
3408   2.3582e-01 9.2778e-07 1.2086e-06
3409   2.3582e-01 1.0495e-06 1.1330e-06
3410   2.3582e-01 1.1677e-06 1.0536e-06
3411   2.3582e-01 1.2819e-06 9.7041e-07
3412   2.3582e-01 1.4299e-06 8.8390e-07
3413   2.3582e-01 1.5908e-06 7.9512e-07
3414   2.3581e-01 1.7462e-06 7.0423e-07
3415   2.3581e-01 1.8946e-06 6.1095e-07
3416   2.3581e-01 2.0366e-06 5.1535e-07
3417   2.3581e-01 2.1727e-06 4.1923e-07
3418   2.3580e-01 2.3004e-06 4.1505e-07
3419   2.3580e-01 2.4205e-06 4.7047e-07
3420   2.3580e-01 2.5313e-06 5.2441e-07
3421   2.3579e-01 2.6337e-06 5.7669e-07
3422   2.3579e-01 2.7263e-06 6.2766e-07
3423   2.3579e-01 2.8191e-06 6.7723e-07
3424   2.3578e-01 2.9030e-06 7.4302e-07
3425   2.3578e-01 2.9774e-06 8.1568e-07
3426   2.3578e-01 3.0420e-06 8.8580e-07
3427   2.3577e-01 3.0966e-06 9.5318e-07
3428   2.3577e-01 3.1412e-06 1.0176e-06
3429   2.3576e-01 3.1755e-06 1.0788e-06
3430   2.3576e-01 3.1995e-06 1.1367e-06
3431   2.3576e-01 3.2285e-06 1.1910e-06
3432   2.3575e-01 3.2562e-06 1.2416e-06
3433   2.3575e-01 3.2735e-06 1.2883e-06
3434   2.3575e-01 3.2803e-06 1.3310e-06
3435   2.3574e-01 3.2765e-06 1.3695e-06
3436   2.3574e-01 3.2623e-06 1.4037e-06
3437   2.3574e-01 3.2377e-06 1.4389e-06
3438   2.3573e-01 3.2028e-06 1.4994e-06
3439   2.3573e-01 3.1578e-06 1.5549e-06
3440   2.3573e-01 3.1028e-06 1.6055e-06
3441   2.3573e-01 3.0380e-06 1.6508e-06
3442   2.3572e-01 2.9637e-06 1.6910e-06
3443   2.3572e-01 2.8801e-06 1.7257e-06
3444   2.3572e-01 2.7876e-06 1.7549e-06
3445   2.3572e-01 2.6864e-06 1.7787e-06
3446   2.3571e-01 2.5770e-06 1.7969e-06
3447   2.3571e-01 2.4597e-06 1.8094e-06
3448   2.3571e-01 2.3349e-06 1.8162e-06
3449   2.3571e-01 2.2123e-06 1.8173e-06
3450   2.3571e-01 2.0848e-06 1.8127e-06
3451   2.3571e-01 1.9512e-06 1.8024e-06
3452   2.3571e-01 1.8118e-06 1.7867e-06
3453   2.3571e-01 1.6673e-06 1.7652e-06
3454   2.3570e-01 1.5181e-06 1.7385e-06
3455   2.3570e-01 1.3646e-06 1.7063e-06
3456   2.3570e-01 1.2075e-06 1.6690e-06
3457   2.3570e-01 1.0471e-06 1.6265e-06
3458   2.3571e-01 8.8474e-07 1.5793e-06
3459   2.3571e-01 7.2073e-07 1.5271e-06
3460   2.3571e-01 6.3323e-07 1.4706e-06
3461   2.3571e-01 7.4794e-07 1.4095e-06
3462   2.3571e-01 8.6015e-07 1.3445e-06
3463   2.3571e-01 9.7313e-07 1.2754e-06
3464   2.3571e-01 1.0938e-06 1.2027e-06
3465   2.3571e-01 1.2490e-06 1.1264e-06
3466   2.3571e-01 1.4028e-06 1.0471e-06
3467   2.3572e-01 1.5521e-06 9.6581e-07
3468   2.3572e-01 1.6967e-06 8.8175e-07
3469   2.3572e-01 1.8349e-06 7.9545e-07
3470   2.3572e-01 1.9674e-06 7.0700e-07
3471   2.3573e-01 2.0927e-06 6.1687e-07
3472   2.3573e-01 2.2132e-06 5.2517e-07
3473   2.3573e-01 2.3272e-06 4.6782e-07
3474   2.3573e-01 2.4330e-06 5.2089e-07
3475   2.3574e-01 2.5312e-06 5.7236e-07
3476   2.3574e-01 2.6206e-06 6.2554e-07
3477   2.3574e-01 2.7018e-06 6.9859e-07
3478   2.3575e-01 2.7737e-06 7.6957e-07
3479   2.3575e-01 2.8369e-06 8.3976e-07
3480   2.3575e-01 2.8905e-06 9.0875e-07
3481   2.3576e-01 2.9351e-06 9.7502e-07
3482   2.3576e-01 2.9698e-06 1.0384e-06
3483   2.3576e-01 2.9953e-06 1.0986e-06
3484   2.3577e-01 3.0108e-06 1.1567e-06
3485   2.3577e-01 3.0350e-06 1.2121e-06
3486   2.3577e-01 3.0499e-06 1.2637e-06
3487   2.3578e-01 3.0561e-06 1.3115e-06
3488   2.3578e-01 3.0520e-06 1.3552e-06
3489   2.3578e-01 3.0396e-06 1.3948e-06
3490   2.3579e-01 3.0186e-06 1.4300e-06
3491   2.3579e-01 2.9870e-06 1.4609e-06
3492   2.3579e-01 2.9469e-06 1.4872e-06
3493   2.3579e-01 2.8967e-06 1.5089e-06
3494   2.3580e-01 2.8383e-06 1.5271e-06
3495   2.3580e-01 2.7701e-06 1.5456e-06
3496   2.3580e-01 2.6943e-06 1.5632e-06
3497   2.3581e-01 2.6091e-06 1.5766e-06
3498   2.3581e-01 2.5169e-06 1.5855e-06
3499   2.3581e-01 2.4159e-06 1.5896e-06
3500   2.3581e-01 2.3086e-06 1.5889e-06
3501   2.3581e-01 2.1932e-06 1.5833e-06
3502   2.3582e-01 2.0819e-06 1.5730e-06
3503   2.3582e-01 1.9646e-06 1.5578e-06
3504   2.3582e-01 1.8409e-06 1.5432e-06
3505   2.3582e-01 1.7112e-06 1.5395e-06
3506   2.3582e-01 1.5759e-06 1.5304e-06
3507   2.3582e-01 1.4356e-06 1.5160e-06
3508   2.3582e-01 1.2957e-06 1.4964e-06
3509   2.3582e-01 1.1565e-06 1.4717e-06
3510   2.3582e-01 1.0135e-06 1.4421e-06
3511   2.3582e-01 8.6721e-07 1.4082e-06
3512   2.3582e-01 7.1843e-07 1.3696e-06
3513   2.3582e-01 5.6891e-07 1.3261e-06
3514   2.3582e-01 4.5041e-07 1.2781e-06
3515   2.3582e-01 5.2795e-07 1.2257e-06
3516   2.3582e-01 6.3991e-07 1.1691e-06
3517   2.3582e-01 7.4957e-07 1.1083e-06
3518   2.3582e-01 8.5658e-07 1.0438e-06
3519   2.3582e-01 9.6059e-07 9.7562e-07
3520   2.3582e-01 1.0613e-06 9.0411e-07
3521   2.3581e-01 1.1583e-06 8.2938e-07
3522   2.3581e-01 1.2962e-06 7.5184e-07
3523   2.3581e-01 1.4309e-06 6.7162e-07
3524   2.3581e-01 1.5607e-06 5.9054e-07
3525   2.3581e-01 1.6844e-06 5.0745e-07
3526   2.3580e-01 1.8025e-06 4.2248e-07
3527   2.3580e-01 1.9142e-06 3.3726e-07
3528   2.3580e-01 2.0198e-06 3.6849e-07
3529   2.3580e-01 2.1232e-06 4.1738e-07
3530   2.3579e-01 2.2223e-06 4.6497e-07
3531   2.3579e-01 2.3140e-06 5.1187e-07
3532   2.3579e-01 2.3981e-06 5.5744e-07
3533   2.3578e-01 2.4742e-06 6.0125e-07
3534   2.3578e-01 2.5421e-06 6.5895e-07
3535   2.3578e-01 2.6016e-06 7.2331e-07
3536   2.3578e-01 2.6525e-06 7.8546e-07
3537   2.3577e-01 2.6947e-06 8.4518e-07
3538   2.3577e-01 2.7281e-06 9.0229e-07
3539   2.3577e-01 2.7526e-06 9.5661e-07
3540   2.3576e-01 2.7693e-06 1.0080e-06
3541   2.3576e-01 2.7970e-06 1.0562e-06
3542   2.3576e-01 2.8156e-06 1.1011e-06
3543   2.3575e-01 2.8251e-06 1.1426e-06
3544   2.3575e-01 2.8256e-06 1.1805e-06
3545   2.3575e-01 2.8169e-06 1.2148e-06
3546   2.3575e-01 2.7992e-06 1.2452e-06
3547   2.3574e-01 2.7726e-06 1.2902e-06
3548   2.3574e-01 2.7371e-06 1.3420e-06
3549   2.3574e-01 2.6930e-06 1.3895e-06
3550   2.3574e-01 2.6403e-06 1.4326e-06
3551   2.3573e-01 2.5793e-06 1.4710e-06
3552   2.3573e-01 2.5103e-06 1.5048e-06
3553   2.3573e-01 2.4333e-06 1.5337e-06
3554   2.3573e-01 2.3488e-06 1.5577e-06
3555   2.3573e-01 2.2571e-06 1.5768e-06
3556   2.3572e-01 2.1584e-06 1.5909e-06
3557   2.3572e-01 2.0531e-06 1.5999e-06
3558   2.3572e-01 1.9442e-06 1.6039e-06
3559   2.3572e-01 1.8363e-06 1.6027e-06
3560   2.3572e-01 1.7231e-06 1.5967e-06
3561   2.3572e-01 1.6048e-06 1.5855e-06
3562   2.3572e-01 1.4818e-06 1.5695e-06
3563   2.3572e-01 1.3547e-06 1.5485e-06
3564   2.3572e-01 1.2238e-06 1.5228e-06
3565   2.3572e-01 1.0895e-06 1.4924e-06
3566   2.3572e-01 9.5240e-07 1.4574e-06
3567   2.3572e-01 8.1305e-07 1.4179e-06
3568   2.3572e-01 6.7247e-07 1.3742e-06
3569   2.3572e-01 5.3042e-07 1.3263e-06
3570   2.3572e-01 5.8171e-07 1.2744e-06
3571   2.3572e-01 6.7904e-07 1.2187e-06
3572   2.3572e-01 7.7493e-07 1.1595e-06
3573   2.3572e-01 8.7069e-07 1.0968e-06
3574   2.3572e-01 9.9152e-07 1.0309e-06
3575   2.3572e-01 1.1233e-06 9.6206e-07
3576   2.3573e-01 1.2545e-06 8.9049e-07
3577   2.3573e-01 1.3809e-06 8.1702e-07
3578   2.3573e-01 1.5030e-06 7.4146e-07
3579   2.3573e-01 1.6196e-06 6.6398e-07
3580   2.3573e-01 1.7312e-06 5.8469e-07
3581   2.3573e-01 1.8373e-06 5.0400e-07
3582   2.3574e-01 1.9388e-06 4.2282e-07
3583   2.3574e-01 2.0343e-06 4.3328e-07
3584   2.3574e-01 2.1226e-06 4.7943e-07
3585   2.3574e-01 2.2044e-06 5.2407e-07
3586   2.3575e-01 2.2784e-06 5.7718e-07
3587   2.3575e-01 2.3454e-06 6.4083e-07
3588   2.3575e-01 2.4043e-06 7.0277e-07
3589   2.3576e-01 2.4557e-06 7.6474e-07
3590   2.3576e-01 2.4987e-06 8.2438e-07
3591   2.3576e-01 2.5340e-06 8.8152e-07
3592   2.3576e-01 2.5608e-06 9.3598e-07
3593   2.3577e-01 2.5796e-06 9.8781e-07
3594   2.3577e-01 2.5949e-06 1.0381e-06
3595   2.3577e-01 2.6137e-06 1.0852e-06
3596   2.3578e-01 2.6232e-06 1.1289e-06
3597   2.3578e-01 2.6252e-06 1.1691e-06
3598   2.3578e-01 2.6197e-06 1.2058e-06
3599   2.3578e-01 2.6057e-06 1.2387e-06
3600   2.3579e-01 2.5841e-06 1.2678e-06
3601   2.3579e-01 2.5536e-06 1.2929e-06
3602   2.3579e-01 2.5158e-06 1.3141e-06
3603   2.3579e-01 2.4693e-06 1.3313e-06
3604   2.3580e-01 2.4158e-06 1.3453e-06
3605   2.3580e-01 2.3539e-06 1.3618e-06
3606   2.3580e-01 2.2855e-06 1.3753e-06
3607   2.3580e-01 2.2091e-06 1.3852e-06
3608   2.3581e-01 2.1267e-06 1.3912e-06
3609   2.3581e-01 2.0369e-06 1.3929e-06
3610   2.3581e-01 1.9417e-06 1.3904e-06
3611   2.3581e-01 1.8397e-06 1.3836e-06
3612   2.3581e-01 1.7379e-06 1.3741e-06
3613   2.3581e-01 1.6326e-06 1.3779e-06
3614   2.3581e-01 1.5237e-06 1.3769e-06
3615   2.3582e-01 1.4091e-06 1.3711e-06
3616   2.3582e-01 1.2916e-06 1.3606e-06
3617   2.3582e-01 1.1692e-06 1.3455e-06
3618   2.3582e-01 1.0481e-06 1.3256e-06
3619   2.3582e-01 9.2705e-07 1.3013e-06
3620   2.3582e-01 8.0300e-07 1.2725e-06
3621   2.3582e-01 6.7639e-07 1.2400e-06
3622   2.3582e-01 5.4922e-07 1.2034e-06
3623   2.3582e-01 4.2034e-07 1.1625e-06
3624   2.3582e-01 4.0902e-07 1.1177e-06
3625   2.3582e-01 5.0541e-07 1.0690e-06
3626   2.3582e-01 5.9997e-07 1.0167e-06
3627   2.3581e-01 6.9237e-07 9.6084e-07
3628   2.3581e-01 7.8233e-07 9.0172e-07
3629   2.3581e-01 8.6955e-07 8.3944e-07
3630   2.3581e-01 9.5377e-07 7.7433e-07
3631   2.3581e-01 1.0600e-06 7.0649e-07
3632   2.3581e-01 1.1793e-06 6.3627e-07
3633   2.3581e-01 1.2938e-06 5.6384e-07
3634   2.3580e-01 1.4039e-06 4.9080e-07
3635   2.3580e-01 1.5085e-06 4.1612e-07
3636   2.3580e-01 1.6081e-06 3.3993e-07
3637   2.3580e-01 1.7016e-06 2.9932e-07
3638   2.3580e-01 1.7901e-06 3.4421e-07
3639   2.3579e-01 1.8726e-06 3.8817e-07
3640   2.3579e-01 1.9482e-06 4.3166e-07
3641   2.3579e-01 2.0174e-06 4.7376e-07
3642   2.3579e-01 2.0846e-06 5.1431e-07
3643   2.3578e-01 2.1458e-06 5.5319e-07
3644   2.3578e-01 2.1999e-06 6.0938e-07
3645   2.3578e-01 2.2468e-06 6.6676e-07
3646   2.3578e-01 2.2863e-06 7.2204e-07
3647   2.3577e-01 2.3184e-06 7.7504e-07
3648   2.3577e-01 2.3428e-06 8.2558e-07
3649   2.3577e-01 2.3596e-06 8.7349e-07
3650   2.3577e-01 2.3787e-06 9.1863e-07
3651   2.3576e-01 2.3984e-06 9.6086e-07
3652   2.3576e-01 2.4103e-06 1.0000e-06
3653   2.3576e-01 2.4145e-06 1.0360e-06
3654   2.3576e-01 2.4109e-06 1.0687e-06
3655   2.3575e-01 2.3996e-06 1.0985e-06
3656   2.3575e-01 2.3806e-06 1.1249e-06
3657   2.3575e-01 2.3541e-06 1.1640e-06
3658   2.3575e-01 2.3201e-06 1.2079e-06
3659   2.3574e-01 2.2788e-06 1.2479e-06
3660   2.3574e-01 2.2303e-06 1.2839e-06
3661   2.3574e-01 2.1748e-06 1.3157e-06
3662   2.3574e-01 2.1125e-06 1.3433e-06
3663   2.3574e-01 2.0436e-06 1.3665e-06
3664   2.3573e-01 1.9684e-06 1.3854e-06
3665   2.3573e-01 1.8872e-06 1.3998e-06
3666   2.3573e-01 1.8002e-06 1.4099e-06
3667   2.3573e-01 1.7077e-06 1.4153e-06
3668   2.3573e-01 1.6156e-06 1.4164e-06
3669   2.3573e-01 1.5213e-06 1.4129e-06
3670   2.3573e-01 1.4224e-06 1.4050e-06
3671   2.3573e-01 1.3194e-06 1.3927e-06
3672   2.3573e-01 1.2127e-06 1.3761e-06
3673   2.3573e-01 1.1025e-06 1.3551e-06
3674   2.3573e-01 9.8923e-07 1.3300e-06
3675   2.3573e-01 8.7329e-07 1.3008e-06
3676   2.3573e-01 7.5508e-07 1.2676e-06
3677   2.3573e-01 6.3577e-07 1.2305e-06
3678   2.3573e-01 5.1499e-07 1.1897e-06
3679   2.3573e-01 4.6290e-07 1.1452e-06
3680   2.3573e-01 5.4666e-07 1.0974e-06
3681   2.3573e-01 6.2961e-07 1.0462e-06
3682   2.3573e-01 7.1250e-07 9.9199e-07
3683   2.3573e-01 8.0219e-07 9.3479e-07
3684   2.3573e-01 9.1686e-07 8.7492e-07
3685   2.3573e-01 1.0303e-06 8.1248e-07
3686   2.3573e-01 1.1415e-06 7.4825e-07
3687   2.3574e-01 1.2485e-06 6.8222e-07
3688   2.3574e-01 1.3514e-06 6.1429e-07
3689   2.3574e-01 1.4494e-06 5.4476e-07
3690   2.3574e-01 1.5429e-06 4.7379e-07
3691   2.3574e-01 1.6327e-06 4.0168e-07
3692   2.3574e-01 1.7171e-06 3.4571e-07
3693   2.3575e-01 1.7961e-06 3.8790e-07
3694   2.3575e-01 1.8688e-06 4.2888e-07
3695   2.3575e-01 1.9357e-06 4.6870e-07
3696   2.3575e-01 1.9958e-06 5.1613e-07
3697   2.3576e-01 2.0496e-06 5.7271e-07
3698   2.3576e-01 2.0964e-06 6.2864e-07
3699   2.3576e-01 2.1366e-06 6.8363e-07
3700   2.3576e-01 2.1695e-06 7.3655e-07
3701   2.3577e-01 2.1957e-06 7.8722e-07
3702   2.3577e-01 2.2144e-06 8.3547e-07
3703   2.3577e-01 2.2264e-06 8.8194e-07
3704   2.3577e-01 2.2424e-06 9.2636e-07
3705   2.3578e-01 2.2541e-06 9.6791e-07
3706   2.3578e-01 2.2580e-06 1.0065e-06
3707   2.3578e-01 2.2554e-06 1.0419e-06
3708   2.3578e-01 2.2467e-06 1.0741e-06
3709   2.3579e-01 2.2302e-06 1.1029e-06
3710   2.3579e-01 2.2072e-06 1.1283e-06
3711   2.3579e-01 2.1766e-06 1.1502e-06
3712   2.3579e-01 2.1397e-06 1.1685e-06
3713   2.3579e-01 2.0954e-06 1.1832e-06
3714   2.3580e-01 2.0452e-06 1.1950e-06
3715   2.3580e-01 1.9879e-06 1.2091e-06
3716   2.3580e-01 1.9251e-06 1.2206e-06
3717   2.3580e-01 1.8557e-06 1.2285e-06
3718   2.3580e-01 1.7811e-06 1.2331e-06
3719   2.3581e-01 1.7005e-06 1.2339e-06
3720   2.3581e-01 1.6203e-06 1.2309e-06
3721   2.3581e-01 1.5389e-06 1.2241e-06
3722   2.3581e-01 1.4526e-06 1.2210e-06
3723   2.3581e-01 1.3615e-06 1.2220e-06
3724   2.3581e-01 1.2660e-06 1.2187e-06
3725   2.3581e-01 1.1664e-06 1.2113e-06
3726   2.3581e-01 1.0631e-06 1.1996e-06
3727   2.3581e-01 9.6246e-07 1.1840e-06
3728   2.3581e-01 8.6000e-07 1.1642e-06
3729   2.3581e-01 7.5475e-07 1.1405e-06
3730   2.3581e-01 6.4706e-07 1.1129e-06
3731   2.3581e-01 5.3816e-07 1.0816e-06
3732   2.3581e-01 4.2806e-07 1.0472e-06
3733   2.3581e-01 3.3146e-07 1.0092e-06
3734   2.3581e-01 3.8754e-07 9.6777e-07
3735   2.3581e-01 4.6934e-07 9.2303e-07
3736   2.3581e-01 5.5003e-07 8.7519e-07
3737   2.3581e-01 6.2876e-07 8.2433e-07
3738   2.3581e-01 7.0530e-07 7.7071e-07
3739   2.3581e-01 7.7939e-07 7.1443e-07
3740   2.3581e-01 8.7148e-07 6.5576e-07
3741   2.3581e-01 9.7486e-07 5.9482e-07
3742   2.3580e-01 1.0749e-06 5.3191e-07
3743   2.3580e-01 1.1707e-06 4.6715e-07
3744   2.3580e-01 1.2625e-06 4.0185e-07
3745   2.3580e-01 1.3495e-06 3.3541e-07
3746   2.3580e-01 1.4319e-06 2.6787e-07
3747   2.3580e-01 1.5089e-06 2.7731e-07
3748   2.3579e-01 1.5810e-06 3.1665e-07
3749   2.3579e-01 1.6481e-06 3.5562e-07
3750   2.3579e-01 1.7094e-06 3.9343e-07
3751   2.3579e-01 1.7650e-06 4.2995e-07
3752   2.3578e-01 1.8182e-06 4.6507e-07
3753   2.3578e-01 1.8683e-06 5.0119e-07
3754   2.3578e-01 1.9123e-06 5.5285e-07
3755   2.3578e-01 1.9500e-06 6.0275e-07
3756   2.3578e-01 1.9813e-06 6.5074e-07
3757   2.3577e-01 2.0061e-06 6.9667e-07
3758   2.3577e-01 2.0243e-06 7.4038e-07
3759   2.3577e-01 2.0359e-06 7.8174e-07
3760   2.3577e-01 2.0554e-06 8.2061e-07
3761   2.3576e-01 2.0693e-06 8.5688e-07
3762   2.3576e-01 2.0766e-06 8.9052e-07
3763   2.3576e-01 2.0772e-06 9.2171e-07
3764   2.3576e-01 2.0711e-06 9.4999e-07
3765   2.3576e-01 2.0583e-06 9.7527e-07
3766   2.3575e-01 2.0390e-06 1.0009e-06
3767   2.3575e-01 2.0132e-06 1.0413e-06
3768   2.3575e-01 1.9809e-06 1.0784e-06
3769   2.3575e-01 1.9424e-06 1.1120e-06
3770   2.3575e-01 1.8977e-06 1.1420e-06
3771   2.3575e-01 1.8471e-06 1.1683e-06
3772   2.3574e-01 1.7906e-06 1.1909e-06
3773   2.3574e-01 1.7286e-06 1.2096e-06
3774   2.3574e-01 1.6612e-06 1.2245e-06
3775   2.3574e-01 1.5887e-06 1.2354e-06
3776   2.3574e-01 1.5113e-06 1.2425e-06
3777   2.3574e-01 1.4293e-06 1.2455e-06
3778   2.3574e-01 1.3499e-06 1.2446e-06
3779   2.3574e-01 1.2666e-06 1.2398e-06
3780   2.3574e-01 1.1795e-06 1.2311e-06
3781   2.3574e-01 1.0889e-06 1.2185e-06
3782   2.3573e-01 9.9527e-07 1.2021e-06
3783   2.3573e-01 8.9878e-07 1.1819e-06
3784   2.3573e-01 7.9982e-07 1.1582e-06
3785   2.3573e-01 6.9869e-07 1.1307e-06
3786   2.3573e-01 5.9615e-07 1.0999e-06
3787   2.3573e-01 4.9250e-07 1.0656e-06
3788   2.3573e-01 3.8771e-07 1.0282e-06
3789   2.3574e-01 4.3257e-07 9.8753e-07
3790   2.3574e-01 5.0435e-07 9.4396e-07
3791   2.3574e-01 5.7438e-07 8.9753e-07
3792   2.3574e-01 6.4475e-07 8.4850e-07
3793   2.3574e-01 7.3766e-07 7.9696e-07
3794   2.3574e-01 8.3429e-07 7.4312e-07
3795   2.3574e-01 9.3054e-07 6.8711e-07
3796   2.3574e-01 1.0238e-06 6.2933e-07
3797   2.3574e-01 1.1134e-06 5.7028e-07
3798   2.3574e-01 1.1994e-06 5.0964e-07
3799   2.3575e-01 1.2810e-06 4.4768e-07
3800   2.3575e-01 1.3590e-06 3.8452e-07
3801   2.3575e-01 1.4338e-06 3.2087e-07
3802   2.3575e-01 1.5035e-06 3.2226e-07
3803   2.3575e-01 1.5685e-06 3.5963e-07
3804   2.3576e-01 1.6280e-06 3.9585e-07
3805   2.3576e-01 1.6824e-06 4.3164e-07
3806   2.3576e-01 1.7310e-06 4.7756e-07
3807   2.3576e-01 1.7742e-06 5.2766e-07
3808   2.3576e-01 1.8113e-06 5.7781e-07
3809   2.3577e-01 1.8427e-06 6.2617e-07
3810   2.3577e-01 1.8679e-06 6.7258e-07
3811   2.3577e-01 1.8873e-06 7.1689e-07
3812   2.3577e-01 1.9003e-06 7.5895e-07
3813   2.3577e-01 1.9116e-06 7.9983e-07
3814   2.3578e-01 1.9243e-06 8.3823e-07
3815   2.3578e-01 1.9312e-06 8.7400e-07
3816   2.3578e-01 1.9319e-06 9.0701e-07
3817   2.3578e-01 1.9270e-06 9.3717e-07
3818   2.3578e-01 1.9166e-06 9.6437e-07
3819   2.3579e-01 1.8995e-06 9.8854e-07
3820   2.3579e-01 1.8769e-06 1.0096e-06
3821   2.3579e-01 1.8478e-06 1.0275e-06
3822   2.3579e-01 1.8134e-06 1.0421e-06
3823   2.3579e-01 1.7728e-06 1.0535e-06
3824   2.3580e-01 1.7271e-06 1.0628e-06
3825   2.3580e-01 1.6755e-06 1.0746e-06
3826   2.3580e-01 1.6192e-06 1.0831e-06
3827   2.3580e-01 1.5574e-06 1.0885e-06
3828   2.3580e-01 1.4929e-06 1.0908e-06
3829   2.3580e-01 1.4293e-06 1.0897e-06
3830   2.3580e-01 1.3611e-06 1.0853e-06
3831   2.3580e-01 1.2884e-06 1.0818e-06
3832   2.3581e-01 1.2115e-06 1.0846e-06
3833   2.3581e-01 1.1307e-06 1.0838e-06
3834   2.3581e-01 1.0463e-06 1.0792e-06
3835   2.3581e-01 9.5852e-07 1.0710e-06
3836   2.3581e-01 8.7089e-07 1.0591e-06
3837   2.3581e-01 7.8368e-07 1.0436e-06
3838   2.3581e-01 6.9393e-07 1.0245e-06
3839   2.3581e-01 6.0197e-07 1.0020e-06
3840   2.3581e-01 5.0846e-07 9.7606e-07
3841   2.3581e-01 4.1413e-07 9.4682e-07
3842   2.3581e-01 3.1852e-07 9.1435e-07
3843   2.3581e-01 3.0382e-07 8.7933e-07
3844   2.3581e-01 3.7316e-07 8.4137e-07
3845   2.3581e-01 4.4331e-07 8.0052e-07
3846   2.3581e-01 5.1187e-07 7.5699e-07
3847   2.3581e-01 5.7861e-07 7.1086e-07
3848   2.3581e-01 6.4332e-07 6.6236e-07
3849   2.3580e-01 7.0579e-07 6.1160e-07
3850   2.3580e-01 7.9255e-07 5.5879e-07
3851   2.3580e-01 8.7992e-07 5.0407e-07
3852   2.3580e-01 9.6429e-07 4.4768e-07
3853   2.3580e-01 1.0449e-06 3.8975e-07
3854   2.3580e-01 1.1220e-06 3.3140e-07
3855   2.3580e-01 1.1949e-06 2.7220e-07
3856   2.3579e-01 1.2637e-06 2.1682e-07
3857   2.3579e-01 1.3279e-06 2.5279e-07
3858   2.3579e-01 1.3876e-06 2.8836e-07
3859   2.3579e-01 1.4427e-06 3.2300e-07
3860   2.3579e-01 1.4931e-06 3.5658e-07
3861   2.3579e-01 1.5420e-06 3.8899e-07
3862   2.3578e-01 1.5872e-06 4.2013e-07
3863   2.3578e-01 1.6272e-06 4.5424e-07
3864   2.3578e-01 1.6618e-06 5.0017e-07
3865   2.3578e-01 1.6909e-06 5.4450e-07
3866   2.3578e-01 1.7145e-06 5.8710e-07
3867   2.3577e-01 1.7324e-06 6.2781e-07
3868   2.3577e-01 1.7447e-06 6.6653e-07
3869   2.3577e-01 1.7569e-06 7.0311e-07
3870   2.3577e-01 1.7713e-06 7.3778e-07
3871   2.3577e-01 1.7799e-06 7.7013e-07
3872   2.3576e-01 1.7828e-06 8.0003e-07
3873   2.3576e-01 1.7799e-06 8.2738e-07
3874   2.3576e-01 1.7713e-06 8.5209e-07
3875   2.3576e-01 1.7570e-06 8.7408e-07
3876   2.3576e-01 1.7371e-06 8.9955e-07
3877   2.3576e-01 1.7117e-06 9.3402e-07
3878   2.3575e-01 1.6808e-06 9.6547e-07
3879   2.3575e-01 1.6446e-06 9.9376e-07
3880   2.3575e-01 1.6033e-06 1.0188e-06
3881   2.3575e-01 1.5569e-06 1.0406e-06
3882   2.3575e-01 1.5056e-06 1.0590e-06
3883   2.3575e-01 1.4497e-06 1.0740e-06
3884   2.3575e-01 1.3893e-06 1.0856e-06
3885   2.3575e-01 1.3246e-06 1.0937e-06
3886   2.3574e-01 1.2559e-06 1.0983e-06
3887   2.3574e-01 1.1862e-06 1.0994e-06
3888   2.3574e-01 1.1161e-06 1.0969e-06
3889   2.3574e-01 1.0428e-06 1.0911e-06
3890   2.3574e-01 9.6636e-07 1.0817e-06
3891   2.3574e-01 8.8715e-07 1.0690e-06
3892   2.3574e-01 8.0544e-07 1.0529e-06
3893   2.3574e-01 7.2146e-07 1.0335e-06
3894   2.3574e-01 6.3553e-07 1.0109e-06
3895   2.3574e-01 5.4812e-07 9.8519e-07
3896   2.3574e-01 4.5980e-07 9.5642e-07
3897   2.3574e-01 3.7041e-07 9.2470e-07
3898   2.3574e-01 3.3944e-07 8.9017e-07
3899   2.3574e-01 4.0015e-07 8.5291e-07
3900   2.3574e-01 4.6132e-07 8.1309e-07
3901   2.3574e-01 5.2169e-07 7.7081e-07
3902   2.3574e-01 5.8896e-07 7.2625e-07
3903   2.3575e-01 6.7366e-07 6.7953e-07
3904   2.3575e-01 7.5676e-07 6.3083e-07
3905   2.3575e-01 8.3851e-07 5.8030e-07
3906   2.3575e-01 9.1759e-07 5.2819e-07
3907   2.3575e-01 9.9330e-07 4.7517e-07
3908   2.3575e-01 1.0659e-06 4.2084e-07
3909   2.3575e-01 1.1346e-06 3.6540e-07
3910   2.3575e-01 1.2008e-06 3.0900e-07
3911   2.3576e-01 1.2634e-06 2.5991e-07
3912   2.3576e-01 1.3216e-06 2.9336e-07
3913   2.3576e-01 1.3755e-06 3.2599e-07
3914   2.3576e-01 1.4247e-06 3.5767e-07
3915   2.3576e-01 1.4694e-06 3.8928e-07
3916   2.3576e-01 1.5090e-06 4.3236e-07
3917   2.3577e-01 1.5439e-06 4.7686e-07
3918   2.3577e-01 1.5735e-06 5.2059e-07
3919   2.3577e-01 1.5982e-06 5.6269e-07
3920   2.3577e-01 1.6174e-06 6.0304e-07
3921   2.3577e-01 1.6316e-06 6.4150e-07
3922   2.3577e-01 1.6406e-06 6.7838e-07
3923   2.3578e-01 1.6520e-06 7.1374e-07
3924   2.3578e-01 1.6602e-06 7.4685e-07
3925   2.3578e-01 1.6636e-06 7.7762e-07
3926   2.3578e-01 1.6620e-06 8.0592e-07
3927   2.3578e-01 1.6551e-06 8.3170e-07
3928   2.3579e-01 1.6434e-06 8.5485e-07
3929   2.3579e-01 1.6260e-06 8.7531e-07
3930   2.3579e-01 1.6038e-06 8.9301e-07
3931   2.3579e-01 1.5761e-06 9.0792e-07
3932   2.3579e-01 1.5438e-06 9.1997e-07
3933   2.3579e-01 1.5062e-06 9.2914e-07
3934   2.3579e-01 1.4644e-06 9.3759e-07
3935   2.3580e-01 1.4175e-06 9.4714e-07
3936   2.3580e-01 1.3666e-06 9.5377e-07
3937   2.3580e-01 1.3110e-06 9.5760e-07
3938   2.3580e-01 1.2545e-06 9.5877e-07
3939   2.3580e-01 1.1980e-06 9.5696e-07
3940   2.3580e-01 1.1376e-06 9.5819e-07
3941   2.3580e-01 1.0735e-06 9.6224e-07
3942   2.3580e-01 1.0059e-06 9.6298e-07
3943   2.3580e-01 9.3512e-07 9.6045e-07
3944   2.3580e-01 8.6133e-07 9.5464e-07
3945   2.3580e-01 7.8563e-07 9.4559e-07
3946   2.3581e-01 7.1210e-07 9.3332e-07
3947   2.3581e-01 6.3629e-07 9.1789e-07
3948   2.3581e-01 5.5844e-07 8.9934e-07
3949   2.3581e-01 4.7887e-07 8.7776e-07
3950   2.3581e-01 3.9872e-07 8.5320e-07
3951   2.3581e-01 3.1731e-07 8.2577e-07
3952   2.3581e-01 2.4470e-07 7.9555e-07
3953   2.3580e-01 2.9028e-07 7.6277e-07
3954   2.3580e-01 3.4916e-07 7.2779e-07
3955   2.3580e-01 4.0859e-07 6.9035e-07
3956   2.3580e-01 4.6656e-07 6.5061e-07
3957   2.3580e-01 5.2289e-07 6.0867e-07
3958   2.3580e-01 5.7739e-07 5.6470e-07
3959   2.3580e-01 6.5150e-07 5.1882e-07
3960   2.3580e-01 7.2716e-07 4.7123e-07
3961   2.3580e-01 8.0104e-07 4.2205e-07
3962   2.3580e-01 8.7220e-07 3.7149e-07
3963   2.3580e-01 9.3999e-07 3.1968e-07
3964   2.3580e-01 1.0046e-06 2.6772e-07
3965   2.3579e-01 1.0654e-06 2.1500e-07
3966   2.3579e-01 1.1227e-06 2.0523e-07
3967   2.3579e-01 1.1758e-06 2.3731e-07
3968   2.3579e-01 1.2250e-06 2.6859e-07
3969   2.3579e-01 1.2697e-06 2.9898e-07
3970   2.3579e-01 1.3107e-06 3.2837e-07
3971   2.3578e-01 1.3474e-06 3.5667e-07
3972   2.3578e-01 1.3792e-06 3.8379e-07
3973   2.3578e-01 1.4092e-06 4.1867e-07
3974   2.3578e-01 1.4367e-06 4.5890e-07
3975   2.3578e-01 1.4595e-06 4.9764e-07
3976   2.3578e-01 1.4774e-06 5.3477e-07
3977   2.3577e-01 1.4906e-06 5.7023e-07
3978   2.3577e-01 1.4988e-06 6.0411e-07
3979   2.3577e-01 1.5121e-06 6.3604e-07
3980   2.3577e-01 1.5222e-06 6.6591e-07
3981   2.3577e-01 1.5273e-06 6.9364e-07
3982   2.3577e-01 1.5275e-06 7.1914e-07
3983   2.3576e-01 1.5227e-06 7.4232e-07
3984   2.3576e-01 1.5131e-06 7.6313e-07
3985   2.3576e-01 1.4986e-06 7.8149e-07
3986   2.3576e-01 1.4794e-06 8.0722e-07
3987   2.3576e-01 1.4554e-06 8.3625e-07
3988   2.3576e-01 1.4269e-06 8.6256e-07
3989   2.3576e-01 1.3938e-06 8.8605e-07
3990   2.3576e-01 1.3563e-06 9.0667e-07
3991   2.3575e-01 1.3146e-06 9.2435e-07
3992   2.3575e-01 1.2687e-06 9.3904e-07
3993   2.3575e-01 1.2190e-06 9.5071e-07
3994   2.3575e-01 1.1654e-06 9.5932e-07
3995   2.3575e-01 1.1083e-06 9.6485e-07
3996   2.3575e-01 1.0478e-06 9.6730e-07
3997   2.3575e-01 9.8845e-07 9.6666e-07
3998   2.3575e-01 9.2698e-07 9.6296e-07
3999   2.3575e-01 8.6276e-07 9.5620e-07
4000   2.3575e-01 7.9603e-07 9.4642e-07
4001   2.3575e-01 7.2698e-07 9.3366e-07
4002   2.3575e-01 6.5588e-07 9.1797e-07
4003   2.3575e-01 5.8294e-07 8.9941e-07
4004   2.3575e-01 5.0843e-07 8.7806e-07
4005   2.3575e-01 4.3314e-07 8.5397e-07
4006   2.3575e-01 3.5681e-07 8.2726e-07
4007   2.3575e-01 2.7966e-07 7.9800e-07
4008   2.3575e-01 3.2038e-07 7.6630e-07
4009   2.3575e-01 3.7289e-07 7.3227e-07
4010   2.3575e-01 4.2466e-07 6.9604e-07
4011   2.3575e-01 4.7644e-07 6.5771e-07
4012   2.3575e-01 5.4685e-07 6.1742e-07
4013   2.3575e-01 6.1850e-07 5.7532e-07
4014   2.3575e-01 6.8947e-07 5.3154e-07
4015   2.3575e-01 7.5831e-07 4.8621e-07
4016   2.3575e-01 8.2472e-07 4.3983e-07
4017   2.3575e-01 8.8812e-07 3.9246e-07
4018   2.3576e-01 9.4867e-07 3.4401e-07
4019   2.3576e-01 1.0063e-06 2.9468e-07
4020   2.3576e-01 1.0613e-06 2.4485e-07
4021   2.3576e-01 1.1130e-06 2.3826e-07
4022   2.3576e-01 1.1608e-06 2.6802e-07
4023   2.3576e-01 1.2049e-06 2.9692e-07
4024   2.3576e-01 1.2448e-06 3.2538e-07
4025   2.3577e-01 1.2808e-06 3.5370e-07
4026   2.3577e-01 1.3123e-06 3.9361e-07
4027   2.3577e-01 1.3398e-06 4.3357e-07
4028   2.3577e-01 1.3626e-06 4.7219e-07
4029   2.3577e-01 1.3812e-06 5.0932e-07
4030   2.3577e-01 1.3951e-06 5.4484e-07
4031   2.3577e-01 1.4046e-06 5.7863e-07
4032   2.3578e-01 1.4123e-06 6.1130e-07
4033   2.3578e-01 1.4217e-06 6.4221e-07
4034   2.3578e-01 1.4261e-06 6.7107e-07
4035   2.3578e-01 1.4263e-06 6.9780e-07
4036   2.3578e-01 1.4227e-06 7.2231e-07
4037   2.3578e-01 1.4142e-06 7.4452e-07
4038   2.3579e-01 1.4015e-06 7.6437e-07
4039   2.3579e-01 1.3840e-06 7.8179e-07
4040   2.3579e-01 1.3624e-06 7.9672e-07
4041   2.3579e-01 1.3362e-06 8.0913e-07
4042   2.3579e-01 1.3061e-06 8.1898e-07
4043   2.3579e-01 1.2715e-06 8.2625e-07
4044   2.3579e-01 1.2333e-06 8.3366e-07
4045   2.3579e-01 1.1909e-06 8.4124e-07
4046   2.3580e-01 1.1491e-06 8.4620e-07
4047   2.3580e-01 1.1059e-06 8.4857e-07
4048   2.3580e-01 1.0590e-06 8.4862e-07
4049   2.3580e-01 1.0086e-06 8.4602e-07
4050   2.3580e-01 9.5499e-07 8.4942e-07
4051   2.3580e-01 8.9828e-07 8.5155e-07
4052   2.3580e-01 8.3865e-07 8.5078e-07
4053   2.3580e-01 7.7634e-07 8.4713e-07
4054   2.3580e-01 7.1154e-07 8.4060e-07
4055   2.3580e-01 6.4795e-07 8.3124e-07
4056   2.3580e-01 5.8357e-07 8.1906e-07
4057   2.3580e-01 5.1732e-07 8.0412e-07
4058   2.3580e-01 4.4942e-07 7.8646e-07
4059   2.3580e-01 3.8068e-07 7.6617e-07
4060   2.3580e-01 3.1100e-07 7.4329e-07
4061   2.3580e-01 2.4035e-07 7.1793e-07
4062   2.3580e-01 2.3125e-07 6.9015e-07
4063   2.3580e-01 2.7476e-07 6.6007e-07
4064   2.3580e-01 3.2615e-07 6.2787e-07
4065   2.3580e-01 3.7682e-07 5.9389e-07
4066   2.3580e-01 4.2614e-07 5.5794e-07
4067   2.3580e-01 4.7397e-07 5.2012e-07
4068   2.3580e-01 5.3069e-07 4.8059e-07
4069   2.3580e-01 5.9622e-07 4.3944e-07
4070   2.3580e-01 6.5992e-07 3.9686e-07
4071   2.3580e-01 7.2191e-07 3.5295e-07
4072   2.3580e-01 7.8145e-07 3.0789e-07
4073   2.3579e-01 8.3801e-07 2.6181e-07
4074   2.3579e-01 8.9175e-07 2.1570e-07
4075   2.3579e-01 9.4217e-07 1.6899e-07
4076   2.3579e-01 9.8944e-07 1.8890e-07
4077   2.3579e-01 1.0331e-06 2.1704e-07
4078   2.3579e-01 1.0733e-06 2.4445e-07
4079   2.3579e-01 1.1096e-06 2.7105e-07
4080   2.3579e-01 1.1425e-06 2.9675e-07
4081   2.3578e-01 1.1718e-06 3.2147e-07
4082   2.3578e-01 1.2003e-06 3.4516e-07
4083   2.3578e-01 1.2259e-06 3.7868e-07
4084   2.3578e-01 1.2475e-06 4.1392e-07
4085   2.3578e-01 1.2649e-06 4.4799e-07
4086   2.3578e-01 1.2782e-06 4.8072e-07
4087   2.3578e-01 1.2873e-06 5.1190e-07
4088   2.3577e-01 1.2952e-06 5.4141e-07
4089   2.3577e-01 1.3059e-06 5.6918e-07
4090   2.3577e-01 1.3123e-06 5.9511e-07
4091   2.3577e-01 1.3145e-06 6.1912e-07
4092   2.3577e-01 1.3124e-06 6.4115e-07
4093   2.3577e-01 1.3061e-06 6.6111e-07
4094   2.3577e-01 1.2956e-06 6.7895e-07
4095   2.3576e-01 1.2809e-06 6.9493e-07
4096   2.3576e-01 1.2621e-06 7.2181e-07
4097   2.3576e-01 1.2393e-06 7.4633e-07
4098   2.3576e-01 1.2126e-06 7.6841e-07
4099   2.3576e-01 1.1820e-06 7.8799e-07
4100   2.3576e-01 1.1477e-06 8.0501e-07
4101   2.3576e-01 1.1098e-06 8.1943e-07
4102   2.3576e-01 1.0685e-06 8.3121e-07
4103   2.3576e-01 1.0238e-06 8.4031e-07
4104   2.3576e-01 9.7600e-07 8.4670e-07
4105   2.3575e-01 9.2516e-07 8.5038e-07
4106   2.3575e-01 8.7264e-07 8.5133e-07
4107   2.3575e-01 8.2082e-07 8.4957e-07
4108   2.3575e-01 7.6656e-07 8.4511e-07
4109   2.3575e-01 7.1003e-07 8.3796e-07
4110   2.3575e-01 6.5144e-07 8.2816e-07
4111   2.3575e-01 5.9098e-07 8.1575e-07
4112   2.3575e-01 5.2885e-07 8.0078e-07
4113   2.3575e-01 4.6526e-07 7.8329e-07
4114   2.3575e-01 4.0075e-07 7.6337e-07
4115   2.3575e-01 3.3544e-07 7.4107e-07
4116   2.3575e-01 2.6930e-07 7.1648e-07
4117   2.3575e-01 2.5195e-07 6.8968e-07
4118   2.3575e-01 2.9609e-07 6.6077e-07
4119   2.3575e-01 3.4103e-07 6.2984e-07
4120   2.3575e-01 3.8503e-07 5.9701e-07
4121   2.3575e-01 4.3692e-07 5.6238e-07
4122   2.3576e-01 4.9910e-07 5.2607e-07
4123   2.3576e-01 5.5989e-07 4.8821e-07
4124   2.3576e-01 6.2020e-07 4.4892e-07
4125   2.3576e-01 6.7822e-07 4.0832e-07
4126   2.3576e-01 7.3406e-07 3.6659e-07
4127   2.3576e-01 7.8725e-07 3.2432e-07
4128   2.3576e-01 8.3792e-07 2.8117e-07
4129   2.3576e-01 8.8646e-07 2.3728e-07
4130   2.3576e-01 9.3230e-07 1.9424e-07
4131   2.3576e-01 9.7517e-07 2.2077e-07
4132   2.3576e-01 1.0146e-06 2.4682e-07
4133   2.3577e-01 1.0509e-06 2.7205e-07
4134   2.3577e-01 1.0835e-06 2.9728e-07
4135   2.3577e-01 1.1127e-06 3.2544e-07
4136   2.3577e-01 1.1381e-06 3.6088e-07
4137   2.3577e-01 1.1598e-06 3.9576e-07
4138   2.3577e-01 1.1777e-06 4.2938e-07
4139   2.3577e-01 1.1918e-06 4.6162e-07
4140   2.3578e-01 1.2019e-06 4.9239e-07
4141   2.3578e-01 1.2084e-06 5.2177e-07
4142   2.3578e-01 1.2166e-06 5.5005e-07
4143   2.3578e-01 1.2227e-06 5.7658e-07
4144   2.3578e-01 1.2248e-06 6.0126e-07
4145   2.3578e-01 1.2234e-06 6.2401e-07
4146   2.3578e-01 1.2184e-06 6.4477e-07
4147   2.3578e-01 1.2092e-06 6.6347e-07
4148   2.3579e-01 1.1964e-06 6.8006e-07
4149   2.3579e-01 1.1796e-06 6.9447e-07
4150   2.3579e-01 1.1592e-06 7.0668e-07
4151   2.3579e-01 1.1349e-06 7.1665e-07
4152   2.3579e-01 1.1073e-06 7.2434e-07
4153   2.3579e-01 1.0759e-06 7.2973e-07
4154   2.3579e-01 1.0414e-06 7.3663e-07
4155   2.3579e-01 1.0049e-06 7.4232e-07
4156   2.3579e-01 9.6908e-07 7.4570e-07
4157   2.3580e-01 9.3012e-07 7.4678e-07
4158   2.3580e-01 8.8813e-07 7.4582e-07
4159   2.3580e-01 8.4326e-07 7.5050e-07
4160   2.3580e-01 7.9566e-07 7.5372e-07
4161   2.3580e-01 7.4550e-07 7.5437e-07
4162   2.3580e-01 6.9295e-07 7.5246e-07
4163   2.3580e-01 6.3819e-07 7.4801e-07
4164   2.3580e-01 5.8302e-07 7.4103e-07
4165   2.3580e-01 5.2850e-07 7.3155e-07
4166   2.3580e-01 4.7227e-07 7.1960e-07
4167   2.3580e-01 4.1457e-07 7.0523e-07
4168   2.3580e-01 3.5584e-07 6.8849e-07
4169   2.3580e-01 2.9642e-07 6.6944e-07
4170   2.3580e-01 2.3609e-07 6.4815e-07
4171   2.3580e-01 1.8204e-07 6.2469e-07
4172   2.3580e-01 2.1799e-07 5.9915e-07
4173   2.3580e-01 2.5982e-07 5.7161e-07
4174   2.3580e-01 3.0377e-07 5.4216e-07
4175   2.3580e-01 3.4663e-07 5.1107e-07
4176   2.3580e-01 3.8826e-07 4.7850e-07
4177   2.3580e-01 4.2964e-07 4.4433e-07
4178   2.3580e-01 4.8686e-07 4.0871e-07
4179   2.3580e-01 5.4239e-07 3.7173e-07
4180   2.3579e-01 5.9640e-07 3.3353e-07
4181   2.3579e-01 6.4872e-07 2.9424e-07
4182   2.3579e-01 6.9884e-07 2.5399e-07
4183   2.3579e-01 7.4632e-07 2.1298e-07
4184   2.3579e-01 7.9130e-07 1.7204e-07
4185   2.3579e-01 8.3334e-07 1.5213e-07
4186   2.3579e-01 8.7261e-07 1.7656e-07
4187   2.3579e-01 9.0870e-07 2.0119e-07
4188   2.3579e-01 9.4176e-07 2.2504e-07
4189   2.3579e-01 9.7144e-07 2.4862e-07
4190   2.3578e-01 9.9798e-07 2.7139e-07
4191   2.3578e-01 1.0216e-06 2.9317e-07
4192   2.3578e-01 1.0416e-06 3.1716e-07
4193   2.3578e-01 1.0617e-06 3.4874e-07
4194   2.3578e-01 1.0782e-06 3.7900e-07
4195   2.3578e-01 1.0913e-06 4.0803e-07
4196   2.3578e-01 1.1007e-06 4.3641e-07
4197   2.3578e-01 1.1066e-06 4.6366e-07
4198   2.3577e-01 1.1156e-06 4.8940e-07
4199   2.3577e-01 1.1228e-06 5.1355e-07
4200   2.3577e-01 1.1263e-06 5.3603e-07
4201   2.3577e-01 1.1262e-06 5.5676e-07
4202   2.3577e-01 1.1225e-06 5.7569e-07
4203   2.3577e-01 1.1152e-06 5.9276e-07
4204   2.3577e-01 1.1042e-06 6.0791e-07
4205   2.3577e-01 1.0898e-06 6.2355e-07
4206   2.3577e-01 1.0719e-06 6.4629e-07
4207   2.3576e-01 1.0505e-06 6.6691e-07
4208   2.3576e-01 1.0258e-06 6.8535e-07
4209   2.3576e-01 9.9794e-07 7.0156e-07
4210   2.3576e-01 9.6690e-07 7.1548e-07
4211   2.3576e-01 9.3284e-07 7.2707e-07
4212   2.3576e-01 8.9588e-07 7.3631e-07
4213   2.3576e-01 8.5614e-07 7.4317e-07
4214   2.3576e-01 8.1376e-07 7.4764e-07
4215   2.3576e-01 7.6890e-07 7.4970e-07
4216   2.3576e-01 7.2440e-07 7.4936e-07
4217   2.3576e-01 6.7887e-07 7.4662e-07
4218   2.3576e-01 6.3132e-07 7.4150e-07
4219   2.3576e-01 5.8192e-07 7.3402e-07
4220   2.3576e-01 5.3083e-07 7.2422e-07
4221   2.3576e-01 4.7823e-07 7.1213e-07
4222   2.3576e-01 4.2430e-07 6.9780e-07
4223   2.3576e-01 3.6936e-07 6.8128e-07
4224   2.3576e-01 3.1377e-07 6.6263e-07
4225   2.3576e-01 2.5739e-07 6.4192e-07
4226   2.3576e-01 2.0041e-07 6.1922e-07
4227   2.3576e-01 2.3633e-07 5.9461e-07
4228   2.3576e-01 2.7464e-07 5.6818e-07
4229   2.3576e-01 3.1284e-07 5.4001e-07
4230   2.3576e-01 3.5074e-07 5.1021e-07
4231   2.3576e-01 4.0410e-07 4.7887e-07
4232   2.3576e-01 4.5691e-07 4.4611e-07
4233   2.3576e-01 5.0907e-07 4.1202e-07
4234   2.3576e-01 5.6010e-07 3.7674e-07
4235   2.3576e-01 6.0906e-07 3.4036e-07
4236   2.3576e-01 6.5605e-07 3.0321e-07
4237   2.3576e-01 7.0069e-07 2.6550e-07
4238   2.3576e-01 7.4315e-07 2.2706e-07
4239   2.3576e-01 7.8399e-07 1.8814e-07
4240   2.3577e-01 8.2208e-07 1.7769e-07
4241   2.3577e-01 8.5753e-07 2.0120e-07
4242   2.3577e-01 8.8999e-07 2.2405e-07
4243   2.3577e-01 9.1962e-07 2.4648e-07
4244   2.3577e-01 9.4607e-07 2.6855e-07
4245   2.3577e-01 9.6951e-07 2.9542e-07
4246   2.3577e-01 9.8963e-07 3.2693e-07
4247   2.3577e-01 1.0066e-06 3.5747e-07
4248   2.3577e-01 1.0202e-06 3.8687e-07
4249   2.3578e-01 1.0305e-06 4.1503e-07
4250   2.3578e-01 1.0374e-06 4.4185e-07
4251   2.3578e-01 1.0430e-06 4.6768e-07
4252   2.3578e-01 1.0496e-06 4.9223e-07
4253   2.3578e-01 1.0530e-06 5.1520e-07
4254   2.3578e-01 1.0532e-06 5.3652e-07
4255   2.3578e-01 1.0501e-06 5.5612e-07
4256   2.3578e-01 1.0440e-06 5.7394e-07
4257   2.3578e-01 1.0342e-06 5.8991e-07
4258   2.3579e-01 1.0213e-06 6.0400e-07
4259   2.3579e-01 1.0049e-06 6.1617e-07
4260   2.3579e-01 9.8562e-07 6.2636e-07
4261   2.3579e-01 9.6293e-07 6.3456e-07
4262   2.3579e-01 9.3744e-07 6.4075e-07
4263   2.3579e-01 9.0875e-07 6.4489e-07
4264   2.3579e-01 8.7874e-07 6.5122e-07
4265   2.3579e-01 8.4944e-07 6.5562e-07
4266   2.3579e-01 8.1737e-07 6.5796e-07
4267   2.3579e-01 7.8264e-07 6.5824e-07
4268   2.3579e-01 7.4536e-07 6.6114e-07
4269   2.3579e-01 7.0567e-07 6.6506e-07
4270   2.3580e-01 6.6371e-07 6.6672e-07
4271   2.3580e-01 6.1962e-07 6.6613e-07
4272   2.3580e-01 5.7354e-07 6.6329e-07
4273   2.3580e-01 5.2565e-07 6.5821e-07
4274   2.3580e-01 4.7956e-07 6.5092e-07
4275   2.3580e-01 4.3199e-07 6.4144e-07
4276   2.3580e-01 3.8305e-07 6.2980e-07
4277   2.3580e-01 3.3297e-07 6.1606e-07
4278   2.3580e-01 2.8238e-07 6.0025e-07
4279   2.3580e-01 2.3091e-07 5.8245e-07
4280   2.3580e-01 1.7880e-07 5.6270e-07
4281   2.3580e-01 1.7472e-07 5.4108e-07
4282   2.3580e-01 2.0675e-07 5.1767e-07
4283   2.3580e-01 2.4150e-07 4.9254e-07
4284   2.3580e-01 2.7884e-07 4.6578e-07
4285   2.3580e-01 3.1518e-07 4.3748e-07
4286   2.3579e-01 3.5042e-07 4.0799e-07
4287   2.3579e-01 3.9881e-07 3.7723e-07
4288   2.3579e-01 4.4718e-07 3.4524e-07
4289   2.3579e-01 4.9401e-07 3.1212e-07
4290   2.3579e-01 5.3954e-07 2.7799e-07
4291   2.3579e-01 5.8341e-07 2.4295e-07
4292   2.3579e-01 6.2531e-07 2.0714e-07
4293   2.3579e-01 6.6487e-07 1.7084e-07
4294   2.3579e-01 7.0219e-07 1.3457e-07
4295   2.3579e-01 7.3693e-07 1.4353e-07
4296   2.3579e-01 7.6921e-07 1.6540e-07
4297   2.3579e-01 7.9870e-07 1.8705e-07
4298   2.3579e-01 8.2554e-07 2.0812e-07
4299   2.3578e-01 8.4943e-07 2.2890e-07
4300   2.3578e-01 8.7051e-07 2.4884e-07
4301   2.3578e-01 8.8903e-07 2.6787e-07
4302   2.3578e-01 9.0446e-07 2.9353e-07
4303   2.3578e-01 9.1961e-07 3.2118e-07
4304   2.3578e-01 9.3241e-07 3.4764e-07
4305   2.3578e-01 9.4214e-07 3.7313e-07
4306   2.3578e-01 9.4879e-07 3.9745e-07
4307   2.3578e-01 9.5401e-07 4.2033e-07
4308   2.3578e-01 9.6181e-07 4.4171e-07
4309   2.3577e-01 9.6648e-07 4.6151e-07
4310   2.3577e-01 9.6801e-07 4.7981e-07
4311   2.3577e-01 9.6641e-07 4.9751e-07
4312   2.3577e-01 9.6169e-07 5.1360e-07
4313   2.3577e-01 9.5387e-07 5.2801e-07
4314   2.3577e-01 9.4299e-07 5.4073e-07
4315   2.3577e-01 9.2909e-07 5.5764e-07
4316   2.3577e-01 9.1222e-07 5.7675e-07
4317   2.3577e-01 8.9245e-07 5.9397e-07
4318   2.3577e-01 8.6986e-07 6.0925e-07
4319   2.3577e-01 8.4452e-07 6.2256e-07
4320   2.3576e-01 8.1653e-07 6.3384e-07
4321   2.3576e-01 7.8597e-07 6.4305e-07
4322   2.3576e-01 7.5298e-07 6.5019e-07
4323   2.3576e-01 7.1765e-07 6.5522e-07
4324   2.3576e-01 6.8011e-07 6.5815e-07
4325   2.3576e-01 6.4080e-07 6.5895e-07
4326   2.3576e-01 6.0255e-07 6.5764e-07
4327   2.3576e-01 5.6249e-07 6.5423e-07
4328   2.3576e-01 5.2076e-07 6.4874e-07
4329   2.3576e-01 4.7749e-07 6.4118e-07
4330   2.3576e-01 4.3286e-07 6.3159e-07
4331   2.3576e-01 3.8699e-07 6.2001e-07
4332   2.3576e-01 3.4004e-07 6.0647e-07
4333   2.3576e-01 2.9259e-07 5.9103e-07
4334   2.3576e-01 2.4438e-07 5.7374e-07
4335   2.3576e-01 1.9558e-07 5.5467e-07
4336   2.3576e-01 1.8756e-07 5.3388e-07
4337   2.3576e-01 2.2001e-07 5.1144e-07
4338   2.3576e-01 2.5304e-07 4.8744e-07
4339   2.3576e-01 2.8532e-07 4.6195e-07
4340   2.3576e-01 3.2526e-07 4.3505e-07
4341   2.3576e-01 3.7127e-07 4.0685e-07
4342   2.3576e-01 4.1590e-07 3.7744e-07
4343   2.3576e-01 4.6030e-07 3.4691e-07
4344   2.3576e-01 5.0320e-07 3.1538e-07
4345   2.3576e-01 5.4426e-07 2.8293e-07
4346   2.3577e-01 5.8356e-07 2.4983e-07
4347   2.3577e-01 6.2078e-07 2.1630e-07
4348   2.3577e-01 6.5639e-07 1.8219e-07
4349   2.3577e-01 6.9023e-07 1.4802e-07
4350   2.3577e-01 7.2166e-07 1.6464e-07
4351   2.3577e-01 7.5077e-07 1.8531e-07
4352   2.3577e-01 7.7728e-07 2.0537e-07
4353   2.3577e-01 8.0131e-07 2.2531e-07
4354   2.3577e-01 8.2258e-07 2.4461e-07
4355   2.3577e-01 8.4123e-07 2.7112e-07
4356   2.3577e-01 8.5702e-07 2.9881e-07
4357   2.3578e-01 8.7009e-07 3.2553e-07
4358   2.3578e-01 8.8021e-07 3.5120e-07
4359   2.3578e-01 8.8756e-07 3.7573e-07
4360   2.3578e-01 8.9205e-07 3.9907e-07
4361   2.3578e-01 8.9813e-07 4.2164e-07
4362   2.3578e-01 9.0221e-07 4.4285e-07
4363   2.3578e-01 9.0359e-07 4.6263e-07
4364   2.3578e-01 9.0246e-07 4.8091e-07
4365   2.3578e-01 8.9829e-07 4.9764e-07
4366   2.3578e-01 8.9144e-07 5.1276e-07
4367   2.3578e-01 8.8152e-07 5.2623e-07
4368   2.3579e-01 8.6899e-07 5.3801e-07
4369   2.3579e-01 8.5349e-07 5.4806e-07
4370   2.3579e-01 8.3547e-07 5.5635e-07
4371   2.3579e-01 8.1461e-07 5.6287e-07
4372   2.3579e-01 7.9139e-07 5.6758e-07
4373   2.3579e-01 7.6861e-07 5.7140e-07
4374   2.3579e-01 7.4453e-07 5.7635e-07
4375   2.3579e-01 7.1802e-07 5.7947e-07
4376   2.3579e-01 6.8917e-07 5.8077e-07
4377   2.3579e-01 6.5808e-07 5.8118e-07
4378   2.3579e-01 6.2485e-07 5.8568e-07
4379   2.3579e-01 5.8961e-07 5.8820e-07
4380   2.3579e-01 5.5247e-07 5.8873e-07
4381   2.3579e-01 5.1357e-07 5.8728e-07
4382   2.3579e-01 4.7303e-07 5.8385e-07
4383   2.3579e-01 4.3281e-07 5.7845e-07
4384   2.3579e-01 3.9244e-07 5.7112e-07
4385   2.3579e-01 3.5084e-07 5.6187e-07
4386   2.3580e-01 3.0812e-07 5.5074e-07
4387   2.3580e-01 2.6483e-07 5.3778e-07
4388   2.3580e-01 2.2085e-07 5.2302e-07
4389   2.3579e-01 1.7619e-07 5.0653e-07
4390   2.3579e-01 1.3824e-07 4.8835e-07
4391   2.3579e-01 1.6475e-07 4.6855e-07
4392   2.3579e-01 1.9337e-07 4.4721e-07
4393   2.3579e-01 2.2495e-07 4.2439e-07
4394   2.3579e-01 2.5665e-07 4.0017e-07
4395   2.3579e-01 2.8744e-07 3.7464e-07
4396   2.3579e-01 3.2310e-07 3.4790e-07
4397   2.3579e-01 3.6538e-07 3.2029e-07
4398   2.3579e-01 4.0622e-07 2.9164e-07
4399   2.3579e-01 4.4566e-07 2.6204e-07
4400   2.3579e-01 4.8400e-07 2.3160e-07
4401   2.3579e-01 5.2078e-07 2.0042e-07
4402   2.3579e-01 5.5581e-07 1.6860e-07
4403   2.3579e-01 5.8877e-07 1.3652e-07
4404   2.3579e-01 6.1976e-07 1.1671e-07
4405   2.3579e-01 6.4849e-07 1.3596e-07
4406   2.3579e-01 6.7506e-07 1.5544e-07
4407   2.3579e-01 6.9921e-07 1.7432e-07
4408   2.3578e-01 7.2103e-07 1.9291e-07
4409   2.3578e-01 7.4030e-07 2.1097e-07
4410   2.3578e-01 7.5712e-07 2.2825e-07
4411   2.3578e-01 7.7168e-07 2.4669e-07
4412   2.3578e-01 7.8457e-07 2.7171e-07
4413   2.3578e-01 7.9676e-07 2.9571e-07
4414   2.3578e-01 8.0632e-07 3.1863e-07
4415   2.3578e-01 8.1323e-07 3.4080e-07
4416   2.3578e-01 8.1748e-07 3.6176e-07
4417   2.3578e-01 8.2355e-07 3.8142e-07
4418   2.3578e-01 8.2879e-07 3.9972e-07
4419   2.3577e-01 8.3133e-07 4.1660e-07
4420   2.3577e-01 8.3117e-07 4.3202e-07
4421   2.3577e-01 8.2831e-07 4.4592e-07
4422   2.3577e-01 8.2279e-07 4.5851e-07
4423   2.3577e-01 8.1461e-07 4.7081e-07
4424   2.3577e-01 8.0382e-07 4.8158e-07
4425   2.3577e-01 7.9046e-07 4.9835e-07
4426   2.3577e-01 7.7458e-07 5.1443e-07
4427   2.3577e-01 7.5624e-07 5.2883e-07
4428   2.3577e-01 7.3551e-07 5.4151e-07
4429   2.3577e-01 7.1246e-07 5.5242e-07
4430   2.3577e-01 6.8717e-07 5.6153e-07
4431   2.3577e-01 6.5974e-07 5.6881e-07
4432   2.3577e-01 6.3026e-07 5.7425e-07
4433   2.3577e-01 5.9883e-07 5.7783e-07
4434   2.3576e-01 5.6557e-07 5.7955e-07
4435   2.3576e-01 5.3216e-07 5.7940e-07
4436   2.3576e-01 4.9842e-07 5.7739e-07
4437   2.3576e-01 4.6319e-07 5.7353e-07
4438   2.3576e-01 4.2660e-07 5.6784e-07
4439   2.3576e-01 3.8876e-07 5.6034e-07
4440   2.3576e-01 3.4981e-07 5.5107e-07
4441   2.3576e-01 3.0987e-07 5.4005e-07
4442   2.3576e-01 2.6933e-07 5.2733e-07
4443   2.3576e-01 2.2820e-07 5.1295e-07
4444   2.3576e-01 1.8649e-07 4.9696e-07
4445   2.3576e-01 1.4753e-07 4.7943e-07
4446   2.3576e-01 1.7502e-07 4.6041e-07
4447   2.3576e-01 2.0293e-07 4.3996e-07
4448   2.3576e-01 2.3114e-07 4.1817e-07
4449   2.3576e-01 2.5952e-07 3.9510e-07
4450   2.3576e-01 2.9948e-07 3.7083e-07
4451   2.3577e-01 3.3850e-07 3.4544e-07
4452   2.3577e-01 3.7671e-07 3.1903e-07
4453   2.3577e-01 4.1424e-07 2.9167e-07
4454   2.3577e-01 4.5042e-07 2.6346e-07
4455   2.3577e-01 4.8497e-07 2.3450e-07
4456   2.3577e-01 5.1794e-07 2.0499e-07
4457   2.3577e-01 5.4908e-07 1.7518e-07
4458   2.3577e-01 5.7909e-07 1.4490e-07
4459   2.3577e-01 6.0723e-07 1.3297e-07
4460   2.3577e-01 6.3325e-07 1.5152e-07
4461   2.3577e-01 6.5723e-07 1.6956e-07
4462   2.3577e-01 6.7895e-07 1.8722e-07
4463   2.3577e-01 6.9849e-07 2.0465e-07
4464   2.3577e-01 7.1563e-07 2.2248e-07
4465   2.3577e-01 7.3050e-07 2.4729e-07
4466   2.3578e-01 7.4287e-07 2.7141e-07
4467   2.3578e-01 7.5289e-07 2.9464e-07
4468   2.3578e-01 7.6036e-07 3.1691e-07
4469   2.3578e-01 7.6544e-07 3.3815e-07
4470   2.3578e-01 7.6943e-07 3.5850e-07
4471   2.3578e-01 7.7434e-07 3.7795e-07
4472   2.3578e-01 7.7658e-07 3.9617e-07
4473   2.3578e-01 7.7665e-07 4.1311e-07
4474   2.3578e-01 7.7444e-07 4.2871e-07
4475   2.3578e-01 7.6957e-07 4.4292e-07
4476   2.3578e-01 7.6238e-07 4.5570e-07
4477   2.3578e-01 7.5259e-07 4.6701e-07
4478   2.3579e-01 7.4056e-07 4.7682e-07
4479   2.3579e-01 7.2599e-07 4.8510e-07
4480   2.3579e-01 7.0929e-07 4.9182e-07
4481   2.3579e-01 6.9017e-07 4.9696e-07
4482   2.3579e-01 6.6991e-07 5.0052e-07
4483   2.3579e-01 6.5024e-07 5.0424e-07
4484   2.3579e-01 6.2844e-07 5.0800e-07
4485   2.3579e-01 6.0460e-07 5.1015e-07
4486   2.3579e-01 5.7879e-07 5.1070e-07
4487   2.3579e-01 5.5111e-07 5.1550e-07
4488   2.3579e-01 5.2165e-07 5.1861e-07
4489   2.3579e-01 4.9052e-07 5.1996e-07
4490   2.3579e-01 4.5782e-07 5.1956e-07
4491   2.3579e-01 4.2366e-07 5.1742e-07
4492   2.3579e-01 3.8873e-07 5.1353e-07
4493   2.3579e-01 3.5463e-07 5.0793e-07
4494   2.3579e-01 3.1940e-07 5.0062e-07
4495   2.3579e-01 2.8317e-07 4.9165e-07
4496   2.3579e-01 2.4625e-07 4.8103e-07
4497   2.3579e-01 2.0880e-07 4.6882e-07
4498   2.3579e-01 1.7072e-07 4.5504e-07
4499   2.3579e-01 1.3227e-07 4.3976e-07
4500   2.3579e-01 1.3163e-07 4.2303e-07
4501   2.3579e-01 1.5511e-07 4.0490e-07
4502   2.3579e-01 1.8021e-07 3.8544e-07
4503   2.3579e-01 2.0728e-07 3.6471e-07
4504   2.3579e-01 2.3409e-07 3.4278e-07
4505   2.3579e-01 2.6225e-07 3.1974e-07
4506   2.3579e-01 2.9864e-07 2.9566e-07
4507   2.3579e-01 3.3446e-07 2.7077e-07
4508   2.3579e-01 3.6897e-07 2.4511e-07
4509   2.3579e-01 4.0222e-07 2.1866e-07
4510   2.3579e-01 4.3457e-07 1.9151e-07
4511   2.3579e-01 4.6542e-07 1.6376e-07
4512   2.3579e-01 4.9469e-07 1.3549e-07
4513   2.3579e-01 5.2214e-07 1.0720e-07
4514   2.3579e-01 5.4784e-07 1.0988e-07
4515   2.3579e-01 5.7156e-07 1.2702e-07
4516   2.3579e-01 5.9337e-07 1.4403e-07
4517   2.3578e-01 6.1305e-07 1.6055e-07
4518   2.3578e-01 6.3071e-07 1.7690e-07
4519   2.3578e-01 6.4613e-07 1.9261e-07
4520   2.3578e-01 6.5942e-07 2.0761e-07
4521   2.3578e-01 6.7072e-07 2.2727e-07
4522   2.3578e-01 6.7979e-07 2.4906e-07
4523   2.3578e-01 6.8829e-07 2.6993e-07
4524   2.3578e-01 6.9533e-07 2.8994e-07
4525   2.3578e-01 7.0010e-07 3.0916e-07
4526   2.3578e-01 7.0358e-07 3.2727e-07
4527   2.3578e-01 7.0920e-07 3.4422e-07
4528   2.3578e-01 7.1252e-07 3.5995e-07
4529   2.3578e-01 7.1352e-07 3.7441e-07
4530   2.3577e-01 7.1221e-07 3.8757e-07
4531   2.3577e-01 7.0859e-07 3.9938e-07
4532   2.3577e-01 7.0270e-07 4.0980e-07
4533   2.3577e-01 6.9454e-07 4.1982e-07
4534   2.3577e-01 6.8415e-07 4.3022e-07
4535   2.3577e-01 6.7158e-07 4.4497e-07
4536   2.3577e-01 6.5687e-07 4.5840e-07
4537   2.3577e-01 6.4008e-07 4.7035e-07
4538   2.3577e-01 6.2127e-07 4.8076e-07
4539   2.3577e-01 6.0050e-07 4.8959e-07
4540   2.3577e-01 5.7785e-07 4.9683e-07
4541   2.3577e-01 5.5339e-07 5.0245e-07
4542   2.3577e-01 5.2723e-07 5.0644e-07
4543   2.3577e-01 4.9943e-07 5.0879e-07
4544   2.3577e-01 4.7011e-07 5.0950e-07
4545   2.3577e-01 4.4178e-07 5.0857e-07
4546   2.3577e-01 4.1215e-07 5.0600e-07
4547   2.3577e-01 3.8129e-07 5.0182e-07
4548   2.3577e-01 3.4931e-07 4.9603e-07
4549   2.3577e-01 3.1631e-07 4.8866e-07
4550   2.3577e-01 2.8242e-07 4.7974e-07
4551   2.3577e-01 2.4786e-07 4.6930e-07
4552   2.3577e-01 2.1282e-07 4.5738e-07
4553   2.3577e-01 1.7723e-07 4.4403e-07
4554   2.3577e-01 1.4120e-07 4.2928e-07
4555   2.3577e-01 1.3929e-07 4.1320e-07
4556   2.3577e-01 1.6325e-07 3.9583e-07
4557   2.3577e-01 1.8741e-07 3.7725e-07
4558   2.3577e-01 2.1131e-07 3.5750e-07
4559   2.3577e-01 2.4185e-07 3.3667e-07
4560   2.3577e-01 2.7578e-07 3.1481e-07
4561   2.3577e-01 3.0881e-07 2.9201e-07
4562   2.3577e-01 3.4146e-07 2.6834e-07
4563   2.3577e-01 3.7308e-07 2.4389e-07
4564   2.3577e-01 4.0348e-07 2.1872e-07
4565   2.3577e-01 4.3243e-07 1.9293e-07
4566   2.3577e-01 4.5998e-07 1.6679e-07
4567   2.3577e-01 4.8614e-07 1.4033e-07
4568   2.3577e-01 5.1103e-07 1.1373e-07
4569   2.3577e-01 5.3428e-07 1.2269e-07
4570   2.3577e-01 5.5566e-07 1.3897e-07
4571   2.3577e-01 5.7526e-07 1.5478e-07
4572   2.3577e-01 5.9287e-07 1.7043e-07
4573   2.3577e-01 6.0858e-07 1.8566e-07
4574   2.3578e-01 6.2221e-07 2.0340e-07
4575   2.3578e-01 6.3385e-07 2.2522e-07
4576   2.3578e-01 6.4333e-07 2.4630e-07
4577   2.3578e-01 6.5078e-07 2.6658e-07
4578   2.3578e-01 6.5602e-07 2.8598e-07
4579   2.3578e-01 6.5919e-07 3.0444e-07
4580   2.3578e-01 6.6362e-07 3.2225e-07
4581   2.3578e-01 6.6664e-07 3.3908e-07
4582   2.3578e-01 6.6747e-07 3.5480e-07
4583   2.3578e-01 6.6639e-07 3.6936e-07
4584   2.3578e-01 6.6328e-07 3.8272e-07
4585   2.3578e-01 6.5790e-07 3.9484e-07
4586   2.3578e-01 6.5055e-07 4.0568e-07
4587   2.3578e-01 6.4097e-07 4.1521e-07
4588   2.3579e-01 6.2948e-07 4.2339e-07
4589   2.3579e-01 6.1585e-07 4.3021e-07
4590   2.3579e-01 6.0040e-07 4.3565e-07
4591   2.3579e-01 5.8444e-07 4.3968e-07
4592   2.3579e-01 5.6845e-07 4.4231e-07
4593   2.3579e-01 5.5060e-07 4.4586e-07
4594   2.3579e-01 5.3096e-07 4.4866e-07
4595   2.3579e-01 5.0959e-07 4.5004e-07
4596   2.3579e-01 4.8656e-07 4.5243e-07
4597   2.3579e-01 4.6197e-07 4.5595e-07
4598   2.3579e-01 4.3589e-07 4.5793e-07
4599   2.3579e-01 4.0841e-07 4.5837e-07
4600   2.3579e-01 3.7963e-07 4.5727e-07
4601   2.3579e-01 3.4965e-07 4.5464e-07
4602   2.3579e-01 3.2036e-07 4.5048e-07
4603   2.3579e-01 2.9052e-07 4.4482e-07
4604   2.3579e-01 2.5976e-07 4.3768e-07
4605   2.3579e-01 2.2823e-07 4.2908e-07
4606   2.3579e-01 1.9632e-07 4.1906e-07
4607   2.3579e-01 1.6380e-07 4.0764e-07
4608   2.3579e-01 1.3079e-07 3.9488e-07
4609   2.3579e-01 1.0488e-07 3.8082e-07
4610   2.3579e-01 1.2446e-07 3.6550e-07
4611   2.3579e-01 1.4554e-07 3.4898e-07
4612   2.3579e-01 1.6735e-07 3.3132e-07
4613   2.3579e-01 1.9006e-07 3.1257e-07
4614   2.3579e-01 2.1278e-07 2.9281e-07
4615   2.3579e-01 2.4333e-07 2.7210e-07
4616   2.3579e-01 2.7436e-07 2.5050e-07
4617   2.3579e-01 3.0457e-07 2.2813e-07
4618   2.3579e-01 3.3361e-07 2.0523e-07
4619   2.3579e-01 3.6151e-07 1.8167e-07
4620   2.3579e-01 3.8865e-07 1.5754e-07
4621   2.3579e-01 4.1439e-07 1.3292e-07
4622   2.3579e-01 4.3872e-07 1.0788e-07
4623   2.3579e-01 4.6146e-07 8.8534e-08
4624   2.3579e-01 4.8264e-07 1.0368e-07
4625   2.3579e-01 5.0210e-07 1.1896e-07
4626   2.3578e-01 5.1988e-07 1.3384e-07
4627   2.3578e-01 5.3581e-07 1.4844e-07
4628   2.3578e-01 5.4996e-07 1.6269e-07
4629   2.3578e-01 5.6218e-07 1.7635e-07
4630   2.3578e-01 5.7255e-07 1.9015e-07
4631   2.3578e-01 5.8119e-07 2.0990e-07
4632   2.3578e-01 5.8825e-07 2.2886e-07
4633   2.3578e-01 5.9525e-07 2.4699e-07
4634   2.3578e-01 6.0030e-07 2.6445e-07
4635   2.3578e-01 6.0338e-07 2.8106e-07
4636   2.3578e-01 6.0755e-07 2.9668e-07
4637   2.3578e-01 6.1136e-07 3.1124e-07
4638   2.3578e-01 6.1318e-07 3.2471e-07
4639   2.3578e-01 6.1301e-07 3.3705e-07
4640   2.3578e-01 6.1084e-07 3.4820e-07
4641   2.3577e-01 6.0671e-07 3.5815e-07
4642   2.3577e-01 6.0061e-07 3.6686e-07
4643   2.3577e-01 5.9259e-07 3.7431e-07
4644   2.3577e-01 5.8267e-07 3.8409e-07
4645   2.3577e-01 5.7088e-07 3.9648e-07
4646   2.3577e-01 5.5728e-07 4.0762e-07
4647   2.3577e-01 5.4191e-07 4.1748e-07
4648   2.3577e-01 5.2483e-07 4.2600e-07
4649   2.3577e-01 5.0609e-07 4.3312e-07
4650   2.3577e-01 4.8578e-07 4.3883e-07
4651   2.3577e-01 4.6394e-07 4.4312e-07
4652   2.3577e-01 4.4068e-07 4.4596e-07
4653   2.3577e-01 4.1605e-07 4.4736e-07
4654   2.3577e-01 3.9107e-07 4.4732e-07
4655   2.3577e-01 3.6610e-07 4.4583e-07
4656   2.3577e-01 3.4003e-07 4.4291e-07
4657   2.3577e-01 3.1295e-07 4.3858e-07
4658   2.3577e-01 2.8496e-07 4.3284e-07
4659   2.3577e-01 2.5615e-07 4.2572e-07
4660   2.3577e-01 2.2662e-07 4.1725e-07
4661   2.3577e-01 1.9674e-07 4.0746e-07
4662   2.3577e-01 1.6633e-07 3.9639e-07
4663   2.3577e-01 1.3549e-07 3.8407e-07
4664   2.3577e-01 1.1025e-07 3.7054e-07
4665   2.3577e-01 1.3030e-07 3.5586e-07
4666   2.3577e-01 1.5067e-07 3.4008e-07
4667   2.3577e-01 1.7146e-07 3.2324e-07
4668   2.3577e-01 1.9375e-07 3.0542e-07
4669   2.3577e-01 2.2302e-07 2.8666e-07
4670   2.3577e-01 2.5174e-07 2.6704e-07
4671   2.3577e-01 2.7974e-07 2.4661e-07
4672   2.3577e-01 3.0746e-07 2.2545e-07
4673   2.3577e-01 3.3406e-07 2.0363e-07
4674   2.3577e-01 3.5957e-07 1.8121e-07
4675   2.3577e-01 3.8379e-07 1.5829e-07
4676   2.3577e-01 4.0676e-07 1.3507e-07
4677   2.3577e-01 4.2871e-07 1.1163e-07
4678   2.3577e-01 4.4934e-07 9.9100e-08
4679   2.3577e-01 4.6853e-07 1.1366e-07
4680   2.3577e-01 4.8608e-07 1.2788e-07
4681   2.3577e-01 5.0207e-07 1.4175e-07
4682   2.3578e-01 5.1634e-07 1.5549e-07
4683   2.3578e-01 5.2894e-07 1.6871e-07
4684   2.3578e-01 5.3975e-07 1.8654e-07
4685   2.3578e-01 5.4882e-07 2.0555e-07
4686   2.3578e-01 5.5604e-07 2.2388e-07
4687   2.3578e-01 5.6149e-07 2.4148e-07
4688   2.3578e-01 5.6505e-07 2.5828e-07
4689   2.3578e-01 5.6812e-07 2.7432e-07
4690   2.3578e-01 5.7149e-07 2.8971e-07
4691   2.3578e-01 5.7311e-07 3.0416e-07
4692   2.3578e-01 5.7303e-07 3.1761e-07
4693   2.3578e-01 5.7113e-07 3.3002e-07
4694   2.3578e-01 5.6751e-07 3.4136e-07
4695   2.3578e-01 5.6194e-07 3.5159e-07
4696   2.3578e-01 5.5467e-07 3.6067e-07
4697   2.3578e-01 5.4552e-07 3.6858e-07
4698   2.3579e-01 5.3474e-07 3.7530e-07
4699   2.3579e-01 5.2215e-07 3.8081e-07
4700   2.3579e-01 5.0899e-07 3.8509e-07
4701   2.3579e-01 4.9598e-07 3.8813e-07
4702   2.3579e-01 4.8135e-07 3.9018e-07
4703   2.3579e-01 4.6516e-07 3.9338e-07
4704   2.3579e-01 4.4744e-07 3.9533e-07
4705   2.3579e-01 4.2828e-07 3.9670e-07
4706   2.3579e-01 4.0774e-07 4.0051e-07
4707   2.3579e-01 3.8588e-07 4.0297e-07
4708   2.3579e-01 3.6279e-07 4.0407e-07
4709   2.3579e-01 3.3854e-07 4.0381e-07
4710   2.3579e-01 3.1322e-07 4.0221e-07
4711   2.3579e-01 2.8771e-07 3.9925e-07
4712   2.3579e-01 2.6244e-07 3.9497e-07
4713   2.3579e-01 2.3634e-07 3.8936e-07
4714   2.3579e-01 2.0950e-07 3.8247e-07
4715   2.3579e-01 1.8226e-07 3.7430e-07
4716   2.3579e-01 1.5453e-07 3.6489e-07
4717   2.3579e-01 1.2633e-07 3.5428e-07
4718   2.3579e-01 9.7934e-08 3.4250e-07
4719   2.3579e-01 9.9399e-08 3.2959e-07
4720   2.3579e-01 1.1668e-07 3.1561e-07
4721   2.3579e-01 1.3511e-07 3.0058e-07
4722   2.3579e-01 1.5408e-07 2.8458e-07
4723   2.3579e-01 1.7388e-07 2.6765e-07
4724   2.3579e-01 1.9735e-07 2.4985e-07
4725   2.3579e-01 2.2391e-07 2.3125e-07
4726   2.3579e-01 2.5028e-07 2.1190e-07
4727   2.3579e-01 2.7578e-07 1.9187e-07
4728   2.3579e-01 3.0024e-07 1.7140e-07
4729   2.3579e-01 3.2372e-07 1.5043e-07
4730   2.3579e-01 3.4649e-07 1.2898e-07
4731   2.3579e-01 3.6799e-07 1.0714e-07
4732   2.3579e-01 3.8825e-07 8.5045e-08
4733   2.3579e-01 4.0710e-07 8.3897e-08
4734   2.3578e-01 4.2459e-07 9.7310e-08
4735   2.3578e-01 4.4056e-07 1.1067e-07
4736   2.3578e-01 4.5507e-07 1.2361e-07
4737   2.3578e-01 4.6796e-07 1.3646e-07
4738   2.3578e-01 4.7931e-07 1.4881e-07
4739   2.3578e-01 4.8897e-07 1.6063e-07
4740   2.3578e-01 4.9703e-07 1.7556e-07
4741   2.3578e-01 5.0361e-07 1.9270e-07
4742   2.3578e-01 5.0868e-07 2.0913e-07
4743   2.3578e-01 5.1379e-07 2.2481e-07
4744   2.3578e-01 5.1722e-07 2.3997e-07
4745   2.3578e-01 5.1953e-07 2.5427e-07
4746   2.3578e-01 5.2359e-07 2.6767e-07
4747   2.3578e-01 5.2595e-07 2.8012e-07
4748   2.3578e-01 5.2659e-07 2.9160e-07
4749   2.3578e-01 5.2552e-07 3.0206e-07
4750   2.3578e-01 5.2275e-07 3.1148e-07
4751   2.3578e-01 5.1830e-07 3.1981e-07
4752   2.3577e-01 5.1217e-07 3.2705e-07
4753   2.3577e-01 5.0439e-07 3.3317e-07
4754   2.3577e-01 4.9501e-07 3.4273e-07
4755   2.3577e-01 4.8404e-07 3.5310e-07
4756   2.3577e-01 4.7154e-07 3.6233e-07
4757   2.3577e-01 4.5754e-07 3.7047e-07
4758   2.3577e-01 4.4211e-07 3.7738e-07
4759   2.3577e-01 4.2528e-07 3.8307e-07
4760   2.3577e-01 4.0712e-07 3.8750e-07
4761   2.3577e-01 3.8770e-07 3.9067e-07
4762   2.3577e-01 3.6709e-07 3.9257e-07
4763   2.3577e-01 3.4534e-07 3.9320e-07
4764   2.3577e-01 3.2418e-07 3.9256e-07
4765   2.3577e-01 3.0223e-07 3.9066e-07
4766   2.3577e-01 2.7937e-07 3.8749e-07
4767   2.3577e-01 2.5569e-07 3.8309e-07
4768   2.3577e-01 2.3126e-07 3.7746e-07
4769   2.3577e-01 2.0617e-07 3.7063e-07
4770   2.3577e-01 1.8069e-07 3.6262e-07
4771   2.3577e-01 1.5478e-07 3.5346e-07
4772   2.3577e-01 1.2846e-07 3.4318e-07
4773   2.3577e-01 1.0182e-07 3.3183e-07
4774   2.3577e-01 1.0369e-07 3.1944e-07
4775   2.3577e-01 1.2118e-07 3.0605e-07
4776   2.3577e-01 1.3882e-07 2.9171e-07
4777   2.3577e-01 1.5645e-07 2.7647e-07
4778   2.3577e-01 1.7981e-07 2.6038e-07
4779   2.3577e-01 2.0492e-07 2.4350e-07
4780   2.3577e-01 2.2925e-07 2.2588e-07
4781   2.3577e-01 2.5320e-07 2.0759e-07
4782   2.3577e-01 2.7659e-07 1.8868e-07
4783   2.3577e-01 2.9898e-07 1.6921e-07
4784   2.3577e-01 3.2038e-07 1.4926e-07
4785   2.3577e-01 3.4065e-07 1.2889e-07
4786   2.3577e-01 3.5982e-07 1.0835e-07
4787   2.3577e-01 3.7823e-07 8.7680e-08
4788   2.3577e-01 3.9531e-07 9.1686e-08
4789   2.3577e-01 4.1111e-07 1.0445e-07
4790   2.3578e-01 4.2549e-07 1.1686e-07
4791   2.3578e-01 4.3849e-07 1.2910e-07
4792   2.3578e-01 4.4999e-07 1.4106e-07
4793   2.3578e-01 4.6005e-07 1.5291e-07
4794   2.3578e-01 4.6853e-07 1.7003e-07
4795   2.3578e-01 4.7552e-07 1.8658e-07
4796   2.3578e-01 4.8090e-07 2.0252e-07
4797   2.3578e-01 4.8475e-07 2.1778e-07
4798   2.3578e-01 4.8696e-07 2.3232e-07
4799   2.3578e-01 4.9032e-07 2.4630e-07
4800   2.3578e-01 4.9236e-07 2.5957e-07
4801   2.3578e-01 4.9289e-07 2.7198e-07
4802   2.3578e-01 4.9208e-07 2.8350e-07
4803   2.3578e-01 4.8959e-07 2.9410e-07
4804   2.3578e-01 4.8560e-07 3.0373e-07
4805   2.3578e-01 4.7997e-07 3.1238e-07
4806   2.3578e-01 4.7288e-07 3.2001e-07
4807   2.3578e-01 4.6418e-07 3.2659e-07
4808   2.3578e-01 4.5410e-07 3.3212e-07
4809   2.3579e-01 4.4264e-07 3.3658e-07
4810   2.3579e-01 4.3216e-07 3.3995e-07
4811   2.3579e-01 4.2026e-07 3.4222e-07
4812   2.3579e-01 4.0698e-07 3.4432e-07
4813   2.3579e-01 3.9239e-07 3.4673e-07
4814   2.3579e-01 3.7652e-07 3.4804e-07
4815   2.3579e-01 3.5943e-07 3.5123e-07
4816   2.3579e-01 3.4119e-07 3.5400e-07
4817   2.3579e-01 3.2185e-07 3.5558e-07
4818   2.3579e-01 3.0149e-07 3.5596e-07
4819   2.3579e-01 2.8017e-07 3.5516e-07
4820   2.3579e-01 2.5797e-07 3.5316e-07
4821   2.3579e-01 2.3662e-07 3.4999e-07
4822   2.3579e-01 2.1453e-07 3.4565e-07
4823   2.3579e-01 1.9177e-07 3.4017e-07
4824   2.3579e-01 1.6854e-07 3.3355e-07
4825   2.3579e-01 1.4493e-07 3.2584e-07
4826   2.3579e-01 1.2088e-07 3.1704e-07
4827   2.3579e-01 9.6473e-08 3.0721e-07
4828   2.3579e-01 7.9357e-08 2.9636e-07
4829   2.3579e-01 9.3772e-08 2.8454e-07
4830   2.3579e-01 1.0929e-07 2.7180e-07
4831   2.3579e-01 1.2529e-07 2.5816e-07
4832   2.3579e-01 1.4146e-07 2.4369e-07
4833   2.3579e-01 1.5990e-07 2.2843e-07
4834   2.3579e-01 1.8299e-07 2.1243e-07
4835   2.3579e-01 2.0569e-07 1.9575e-07
4836   2.3579e-01 2.2796e-07 1.7844e-07
4837   2.3579e-01 2.4945e-07 1.6056e-07
4838   2.3579e-01 2.6999e-07 1.4230e-07
4839   2.3579e-01 2.8974e-07 1.2365e-07
4840   2.3579e-01 3.0876e-07 1.0463e-07
4841   2.3579e-01 3.2665e-07 8.5283e-08
4842   2.3579e-01 3.4345e-07 6.6947e-08
4843   2.3578e-01 3.5900e-07 7.8803e-08
4844   2.3578e-01 3.7336e-07 9.0729e-08
4845   2.3578e-01 3.8639e-07 1.0239e-07
4846   2.3578e-01 3.9813e-07 1.1381e-07
4847   2.3578e-01 4.0847e-07 1.2499e-07
4848   2.3578e-01 4.1745e-07 1.3572e-07
4849   2.3578e-01 4.2498e-07 1.4597e-07
4850   2.3578e-01 4.3111e-07 1.6145e-07
4851   2.3578e-01 4.3599e-07 1.7635e-07
4852   2.3578e-01 4.3949e-07 1.9062e-07
4853   2.3578e-01 4.4315e-07 2.0429e-07
4854   2.3578e-01 4.4534e-07 2.1739e-07
4855   2.3578e-01 4.4824e-07 2.2971e-07
4856   2.3578e-01 4.5098e-07 2.4123e-07
4857   2.3578e-01 4.5226e-07 2.5191e-07
4858   2.3578e-01 4.5206e-07 2.6170e-07
4859   2.3578e-01 4.5039e-07 2.7059e-07
4860   2.3578e-01 4.4726e-07 2.7855e-07
4861   2.3578e-01 4.4269e-07 2.8554e-07
4862   2.3578e-01 4.3670e-07 2.9156e-07
4863   2.3578e-01 4.2930e-07 2.9658e-07
4864   2.3577e-01 4.2054e-07 3.0529e-07
4865   2.3577e-01 4.1043e-07 3.1392e-07
4866   2.3577e-01 3.9901e-07 3.2152e-07
4867   2.3577e-01 3.8634e-07 3.2816e-07
4868   2.3577e-01 3.7245e-07 3.3372e-07
4869   2.3577e-01 3.5739e-07 3.3820e-07
4870   2.3577e-01 3.4121e-07 3.4157e-07
4871   2.3577e-01 3.2398e-07 3.4383e-07
4872   2.3577e-01 3.0575e-07 3.4497e-07
4873   2.3577e-01 2.8712e-07 3.4499e-07
4874   2.3577e-01 2.6864e-07 3.4390e-07
4875   2.3577e-01 2.4935e-07 3.4170e-07
4876   2.3577e-01 2.2933e-07 3.3840e-07
4877   2.3577e-01 2.0862e-07 3.3402e-07
4878   2.3577e-01 1.8732e-07 3.2857e-07
4879   2.3577e-01 1.6557e-07 3.2207e-07
4880   2.3577e-01 1.4348e-07 3.1455e-07
4881   2.3577e-01 1.2101e-07 3.0603e-07
4882   2.3577e-01 9.8230e-08 2.9655e-07
4883   2.3577e-01 8.2443e-08 2.8613e-07
4884   2.3577e-01 9.7092e-08 2.7482e-07
4885   2.3577e-01 1.1213e-07 2.6266e-07
4886   2.3577e-01 1.2738e-07 2.4967e-07
4887   2.3577e-01 1.4481e-07 2.3592e-07
4888   2.3577e-01 1.6628e-07 2.2145e-07
4889   2.3577e-01 1.8753e-07 2.0630e-07
4890   2.3577e-01 2.0808e-07 1.9053e-07
4891   2.3577e-01 2.2849e-07 1.7418e-07
4892   2.3577e-01 2.4816e-07 1.5733e-07
4893   2.3577e-01 2.6693e-07 1.4001e-07
4894   2.3577e-01 2.8482e-07 1.2230e-07
4895   2.3577e-01 3.0171e-07 1.0424e-07
4896   2.3577e-01 3.1777e-07 8.6094e-08
4897   2.3578e-01 3.3300e-07 7.3604e-08
4898   2.3578e-01 3.4707e-07 8.4947e-08
4899   2.3578e-01 3.6001e-07 9.6106e-08
4900   2.3578e-01 3.7171e-07 1.0696e-07
4901   2.3578e-01 3.8221e-07 1.1775e-07
4902   2.3578e-01 3.9140e-07 1.2814e-07
4903   2.3578e-01 3.9933e-07 1.4028e-07
4904   2.3578e-01 4.0591e-07 1.5520e-07
4905   2.3578e-01 4.1119e-07 1.6961e-07
4906   2.3578e-01 4.1508e-07 1.8346e-07
4907   2.3578e-01 4.1765e-07 1.9669e-07
4908   2.3578e-01 4.1989e-07 2.0929e-07
4909   2.3578e-01 4.2234e-07 2.2143e-07
4910   2.3578e-01 4.2334e-07 2.3285e-07
4911   2.3578e-01 4.2316e-07 2.4349e-07
4912   2.3578e-01 4.2172e-07 2.5334e-07
4913   2.3578e-01 4.1883e-07 2.6235e-07
4914   2.3578e-01 4.1467e-07 2.7051e-07
4915   2.3578e-01 4.0910e-07 2.7778e-07
4916   2.3578e-01 4.0230e-07 2.8415e-07
4917   2.3578e-01 3.9413e-07 2.8959e-07
4918   2.3578e-01 3.8499e-07 2.9409e-07
4919   2.3578e-01 3.7656e-07 2.9763e-07
4920   2.3579e-01 3.6689e-07 3.0022e-07
4921   2.3579e-01 3.5603e-07 3.0183e-07
4922   2.3579e-01 3.4400e-07 3.0394e-07
4923   2.3579e-01 3.3086e-07 3.0568e-07
4924   2.3579e-01 3.1665e-07 3.0740e-07
4925   2.3579e-01 3.0142e-07 3.1039e-07
4926   2.3579e-01 2.8521e-07 3.1233e-07
4927   2.3579e-01 2.6810e-07 3.1322e-07
4928   2.3579e-01 2.5014e-07 3.1306e-07
4929   2.3579e-01 2.3138e-07 3.1186e-07
4930   2.3579e-01 2.1275e-07 3.0962e-07
4931   2.3579e-01 1.9404e-07 3.0634e-07
4932   2.3579e-01 1.7472e-07 3.0205e-07
4933   2.3579e-01 1.5488e-07 2.9676e-07
4934   2.3579e-01 1.3477e-07 2.9049e-07
4935   2.3579e-01 1.1425e-07 2.8326e-07
4936   2.3579e-01 9.3383e-08 2.7510e-07
4937   2.3579e-01 7.2430e-08 2.6603e-07
4938   2.3579e-01 7.5217e-08 2.5610e-07
4939   2.3579e-01 8.7954e-08 2.4532e-07
4940   2.3579e-01 1.0150e-07 2.3375e-07
4941   2.3579e-01 1.1535e-07 2.2142e-07
4942   2.3579e-01 1.2907e-07 2.0837e-07
4943   2.3579e-01 1.4871e-07 1.9465e-07
4944   2.3579e-01 1.6826e-07 1.8030e-07
4945   2.3579e-01 1.8761e-07 1.6538e-07
4946   2.3579e-01 2.0638e-07 1.4993e-07
4947   2.3579e-01 2.2444e-07 1.3401e-07
4948   2.3579e-01 2.4167e-07 1.1774e-07
4949   2.3579e-01 2.5823e-07 1.0119e-07
4950   2.3579e-01 2.7409e-07 8.4345e-08
4951   2.3578e-01 2.8895e-07 6.7240e-08
4952   2.3578e-01 3.0284e-07 6.3610e-08
4953   2.3578e-01 3.1565e-07 7.4084e-08
4954   2.3578e-01 3.2740e-07 8.4549e-08
4955   2.3578e-01 3.3800e-07 9.4699e-08
4956   2.3578e-01 3.4747e-07 1.0475e-07
4957   2.3578e-01 3.5573e-07 1.1445e-07
4958   2.3578e-01 3.6280e-07 1.2374e-07
4959   2.3578e-01 3.6862e-07 1.3491e-07
4960   2.3578e-01 3.7323e-07 1.4836e-07
4961   2.3578e-01 3.7678e-07 1.6127e-07
4962   2.3578e-01 3.7967e-07 1.7360e-07
4963   2.3578e-01 3.8214e-07 1.8548e-07
4964   2.3578e-01 3.8368e-07 1.9675e-07
4965   2.3578e-01 3.8663e-07 2.0733e-07
4966   2.3578e-01 3.8831e-07 2.1718e-07
4967   2.3578e-01 3.8873e-07 2.2627e-07
4968   2.3578e-01 3.8788e-07 2.3458e-07
4969   2.3578e-01 3.8577e-07 2.4207e-07
4970   2.3578e-01 3.8242e-07 2.4874e-07
4971   2.3578e-01 3.7782e-07 2.5455e-07
4972   2.3578e-01 3.7202e-07 2.5949e-07
4973   2.3578e-01 3.6502e-07 2.6356e-07
4974   2.3578e-01 3.5686e-07 2.7162e-07
4975   2.3578e-01 3.4755e-07 2.7878e-07
4976   2.3577e-01 3.3715e-07 2.8503e-07
4977   2.3577e-01 3.2568e-07 2.9041e-07
4978   2.3577e-01 3.1319e-07 2.9485e-07
4979   2.3577e-01 2.9972e-07 2.9834e-07
4980   2.3577e-01 2.8531e-07 3.0085e-07
4981   2.3577e-01 2.7002e-07 3.0238e-07
4982   2.3577e-01 2.5390e-07 3.0292e-07
4983   2.3577e-01 2.3810e-07 3.0249e-07
4984   2.3577e-01 2.2184e-07 3.0108e-07
4985   2.3577e-01 2.0490e-07 2.9870e-07
4986   2.3577e-01 1.8736e-07 2.9535e-07
4987   2.3577e-01 1.6927e-07 2.9106e-07
4988   2.3577e-01 1.5072e-07 2.8584e-07
4989   2.3577e-01 1.3191e-07 2.7971e-07
4990   2.3577e-01 1.1274e-07 2.7269e-07
4991   2.3577e-01 9.3266e-08 2.6480e-07
4992   2.3577e-01 7.3562e-08 2.5608e-07
4993   2.3577e-01 7.7427e-08 2.4656e-07
4994   2.3577e-01 9.0189e-08 2.3626e-07
4995   2.3577e-01 1.0308e-07 2.2523e-07
4996   2.3577e-01 1.1611e-07 2.1349e-07
4997   2.3577e-01 1.3412e-07 2.0110e-07
4998   2.3577e-01 1.5260e-07 1.8810e-07
4999   2.3577e-01 1.7059e-07 1.7452e-07
5000   2.3577e-01 1.8813e-07 1.6041e-07
5001   2.3577e-01 2.0534e-07 1.4583e-07
5002   2.3577e-01 2.2188e-07 1.3082e-07
5003   2.3577e-01 2.3762e-07 1.1543e-07
5004   2.3578e-01 2.5258e-07 9.9708e-08
5005   2.3578e-01 2.6664e-07 8.4016e-08
5006   2.3578e-01 2.8010e-07 7.0154e-08
5007   2.3578e-01 2.9270e-07 6.8484e-08
5008   2.3578e-01 3.0428e-07 7.8474e-08
5009   2.3578e-01 3.1488e-07 8.8195e-08
5010   2.3578e-01 3.2439e-07 9.7753e-08
5011   2.3578e-01 3.3285e-07 1.0712e-07
5012   2.3578e-01 3.4018e-07 1.1613e-07
5013   2.3578e-01 3.4641e-07 1.2835e-07
5014   2.3578e-01 3.5147e-07 1.4132e-07
5015   2.3578e-01 3.5540e-07 1.5381e-07
5016   2.3578e-01 3.5813e-07 1.6580e-07
5017   2.3578e-01 3.5972e-07 1.7723e-07
5018   2.3578e-01 3.6220e-07 1.8817e-07
5019   2.3578e-01 3.6368e-07 1.9861e-07
5020   2.3578e-01 3.6398e-07 2.0839e-07
5021   2.3578e-01 3.6323e-07 2.1748e-07
5022   2.3578e-01 3.6136e-07 2.2586e-07
5023   2.3578e-01 3.5826e-07 2.3350e-07
5024   2.3578e-01 3.5407e-07 2.4036e-07
5025   2.3578e-01 3.4868e-07 2.4645e-07
5026   2.3578e-01 3.4223e-07 2.5173e-07
5027   2.3578e-01 3.3463e-07 2.5619e-07
5028   2.3578e-01 3.2749e-07 2.5981e-07
5029   2.3578e-01 3.1966e-07 2.6260e-07
5030   2.3578e-01 3.1080e-07 2.6453e-07
5031   2.3579e-01 3.0092e-07 2.6569e-07
5032   2.3579e-01 2.9006e-07 2.6773e-07
5033   2.3579e-01 2.7826e-07 2.6892e-07
5034   2.3579e-01 2.6557e-07 2.7187e-07
5035   2.3579e-01 2.5203e-07 2.7406e-07
5036   2.3579e-01 2.3767e-07 2.7533e-07
5037   2.3579e-01 2.2257e-07 2.7567e-07
5038   2.3579e-01 2.0675e-07 2.7509e-07
5039   2.3579e-01 1.9052e-07 2.7360e-07
5040   2.3579e-01 1.7471e-07 2.7119e-07
5041   2.3579e-01 1.5834e-07 2.6789e-07
5042   2.3579e-01 1.4148e-07 2.6370e-07
5043   2.3579e-01 1.2434e-07 2.5863e-07
5044   2.3579e-01 1.0686e-07 2.5272e-07
5045   2.3579e-01 8.9056e-08 2.4597e-07
5046   2.3579e-01 7.0995e-08 2.3842e-07
5047   2.3579e-01 6.0043e-08 2.3008e-07
5048   2.3579e-01 7.0658e-08 2.2099e-07
5049   2.3579e-01 8.2005e-08 2.1119e-07
5050   2.3579e-01 9.3740e-08 2.0069e-07
5051   2.3579e-01 1.0571e-07 1.8955e-07
5052   2.3579e-01 1.2045e-07 1.7780e-07
5053   2.3579e-01 1.3748e-07 1.6547e-07
5054   2.3579e-01 1.5407e-07 1.5262e-07
5055   2.3579e-01 1.7054e-07 1.3928e-07
5056   2.3579e-01 1.8636e-07 1.2550e-07
5057   2.3579e-01 2.0154e-07 1.1133e-07
5058   2.3578e-01 2.1598e-07 9.6863e-08
5059   2.3578e-01 2.2988e-07 8.2196e-08
5060   2.3578e-01 2.4309e-07 6.7282e-08
5061   2.3578e-01 2.5542e-07 5.2194e-08
5062   2.3578e-01 2.6690e-07 5.9821e-08
5063   2.3578e-01 2.7742e-07 6.9110e-08
5064   2.3578e-01 2.8702e-07 7.8220e-08
5065   2.3578e-01 2.9561e-07 8.7124e-08
5066   2.3578e-01 3.0322e-07 9.5873e-08
5067   2.3578e-01 3.0976e-07 1.0428e-07
5068   2.3578e-01 3.1529e-07 1.1231e-07
5069   2.3578e-01 3.1972e-07 1.2394e-07
5070   2.3578e-01 3.2311e-07 1.3561e-07
5071   2.3578e-01 3.2561e-07 1.4679e-07
5072   2.3578e-01 3.2740e-07 1.5747e-07
5073   2.3578e-01 3.2895e-07 1.6775e-07
5074   2.3578e-01 3.3098e-07 1.7743e-07
5075   2.3578e-01 3.3294e-07 1.8650e-07
5076   2.3578e-01 3.3381e-07 1.9492e-07
5077   2.3578e-01 3.3360e-07 2.0266e-07
5078   2.3578e-01 3.3230e-07 2.0970e-07
5079   2.3578e-01 3.2992e-07 2.1602e-07
5080   2.3578e-01 3.2647e-07 2.2160e-07
5081   2.3578e-01 3.2198e-07 2.2642e-07
5082   2.3578e-01 3.1645e-07 2.3047e-07
5083   2.3578e-01 3.0990e-07 2.3470e-07
5084   2.3578e-01 3.0237e-07 2.4141e-07
5085   2.3578e-01 2.9387e-07 2.4733e-07
5086   2.3578e-01 2.8445e-07 2.5243e-07
5087   2.3578e-01 2.7413e-07 2.5675e-07
5088   2.3578e-01 2.6294e-07 2.6026e-07
5089   2.3578e-01 2.5094e-07 2.6292e-07
5090   2.3577e-01 2.3816e-07 2.6471e-07
5091   2.3577e-01 2.2463e-07 2.6565e-07
5092   2.3577e-01 2.1076e-07 2.6572e-07
5093   2.3577e-01 1.9707e-07 2.6493e-07
5094   2.3577e-01 1.8279e-07 2.6329e-07
5095   2.3577e-01 1.6795e-07 2.6079e-07
5096   2.3577e-01 1.5263e-07 2.5746e-07
5097   2.3577e-01 1.3686e-07 2.5330e-07
5098   2.3577e-01 1.2083e-07 2.4833e-07
5099   2.3577e-01 1.0450e-07 2.4257e-07
5100   2.3577e-01 8.7882e-08 2.3604e-07
5101   2.3577e-01 7.1041e-08 2.2876e-07
5102   2.3577e-01 6.1680e-08 2.2076e-07
5103   2.3577e-01 7.2348e-08 2.1207e-07
5104   2.3577e-01 8.3454e-08 2.0271e-07
5105   2.3577e-01 9.4609e-08 1.9272e-07
5106   2.3577e-01 1.0826e-07 1.8214e-07
5107   2.3577e-01 1.2401e-07 1.7099e-07
5108   2.3577e-01 1.3968e-07 1.5932e-07
5109   2.3578e-01 1.5488e-07 1.4717e-07
5110   2.3578e-01 1.6985e-07 1.3457e-07
5111   2.3578e-01 1.8434e-07 1.2158e-07
5112   2.3578e-01 1.9821e-07 1.0823e-07
5113   2.3578e-01 2.1138e-07 9.4566e-08
5114   2.3578e-01 2.2386e-07 8.0903e-08
5115   2.3578e-01 2.3560e-07 6.8792e-08
5116   2.3578e-01 2.4679e-07 5.6511e-08
5117   2.3578e-01 2.5718e-07 6.3473e-08
5118   2.3578e-01 2.6667e-07 7.2192e-08
5119   2.3578e-01 2.7529e-07 8.0663e-08
5120   2.3578e-01 2.8297e-07 8.9081e-08
5121   2.3578e-01 2.8974e-07 9.7217e-08
5122   2.3578e-01 2.9551e-07 1.0543e-07
5123   2.3578e-01 3.0034e-07 1.1710e-07
5124   2.3578e-01 3.0415e-07 1.2837e-07
5125   2.3578e-01 3.0698e-07 1.3922e-07
5126   2.3578e-01 3.0878e-07 1.4960e-07
5127   2.3578e-01 3.1053e-07 1.5948e-07
5128   2.3578e-01 3.1221e-07 1.6898e-07
5129   2.3578e-01 3.1291e-07 1.7796e-07
5130   2.3578e-01 3.1269e-07 1.8634e-07
5131   2.3578e-01 3.1149e-07 1.9411e-07
5132   2.3578e-01 3.0932e-07 2.0124e-07
5133   2.3578e-01 3.0611e-07 2.0771e-07
5134   2.3578e-01 3.0196e-07 2.1349e-07
5135   2.3578e-01 2.9679e-07 2.1858e-07
5136   2.3578e-01 2.9072e-07 2.2295e-07
5137   2.3578e-01 2.8469e-07 2.2659e-07
5138   2.3578e-01 2.7840e-07 2.2950e-07
5139   2.3578e-01 2.7120e-07 2.3166e-07
5140   2.3578e-01 2.6312e-07 2.3307e-07
5141   2.3578e-01 2.5418e-07 2.3433e-07
5142   2.3578e-01 2.4442e-07 2.3583e-07
5143   2.3579e-01 2.3387e-07 2.3769e-07
5144   2.3579e-01 2.2257e-07 2.4003e-07
5145   2.3579e-01 2.1055e-07 2.4156e-07
5146   2.3579e-01 1.9787e-07 2.4229e-07
5147   2.3579e-01 1.8455e-07 2.4220e-07
5148   2.3579e-01 1.7066e-07 2.4131e-07
5149   2.3579e-01 1.5705e-07 2.3962e-07
5150   2.3579e-01 1.4319e-07 2.3713e-07
5151   2.3579e-01 1.2889e-07 2.3385e-07
5152   2.3579e-01 1.1427e-07 2.2981e-07
5153   2.3579e-01 9.9385e-08 2.2500e-07
5154   2.3579e-01 8.4202e-08 2.1946e-07
5155   2.3579e-01 6.8767e-08 2.1319e-07
5156   2.3579e-01 5.3319e-08 2.0623e-07
5157   2.3579e-01 5.6861e-08 1.9860e-07
5158   2.3579e-01 6.6250e-08 1.9031e-07
5159   2.3579e-01 7.6212e-08 1.8141e-07
5160   2.3579e-01 8.6372e-08 1.7193e-07
5161   2.3579e-01 9.7475e-08 1.6189e-07
5162   2.3579e-01 1.1205e-07 1.5133e-07
5163   2.3579e-01 1.2646e-07 1.4028e-07
5164   2.3579e-01 1.4061e-07 1.2879e-07
5165   2.3578e-01 1.5449e-07 1.1689e-07
5166   2.3578e-01 1.6778e-07 1.0463e-07
5167   2.3578e-01 1.8051e-07 9.2039e-08
5168   2.3578e-01 1.9257e-07 7.9204e-08
5169   2.3578e-01 2.0420e-07 6.6224e-08
5170   2.3578e-01 2.1516e-07 5.3048e-08
5171   2.3578e-01 2.2535e-07 4.7980e-08
5172   2.3578e-01 2.3479e-07 5.6130e-08
5173   2.3578e-01 2.4339e-07 6.4300e-08
5174   2.3578e-01 2.5119e-07 7.2231e-08
5175   2.3578e-01 2.5810e-07 8.0065e-08
5176   2.3578e-01 2.6416e-07 8.7657e-08
5177   2.3578e-01 2.6929e-07 9.4934e-08
5178   2.3578e-01 2.7354e-07 1.0319e-07
5179   2.3578e-01 2.7685e-07 1.1371e-07
5180   2.3578e-01 2.7927e-07 1.2383e-07
5181   2.3578e-01 2.8092e-07 1.3349e-07
5182   2.3578e-01 2.8228e-07 1.4277e-07
5183   2.3578e-01 2.8334e-07 1.5162e-07
5184   2.3578e-01 2.8547e-07 1.5994e-07
5185   2.3578e-01 2.8666e-07 1.6770e-07
5186   2.3578e-01 2.8692e-07 1.7488e-07
5187   2.3578e-01 2.8624e-07 1.8146e-07
5188   2.3578e-01 2.8464e-07 1.8741e-07
5189   2.3578e-01 2.8211e-07 1.9271e-07
5190   2.3578e-01 2.7867e-07 1.9736e-07
5191   2.3578e-01 2.7433e-07 2.0133e-07
5192   2.3578e-01 2.6911e-07 2.0463e-07
5193   2.3578e-01 2.6303e-07 2.0867e-07
5194   2.3578e-01 2.5611e-07 2.1424e-07
5195   2.3578e-01 2.4838e-07 2.1910e-07
5196   2.3578e-01 2.3986e-07 2.2324e-07
5197   2.3578e-01 2.3059e-07 2.2668e-07
5198   2.3578e-01 2.2059e-07 2.2941e-07
5199   2.3578e-01 2.0990e-07 2.3139e-07
5200   2.3578e-01 1.9857e-07 2.3261e-07
5201   2.3578e-01 1.8662e-07 2.3308e-07
5202   2.3578e-01 1.7486e-07 2.3279e-07
5203   2.3578e-01 1.6281e-07 2.3175e-07
5204   2.3578e-01 1.5027e-07 2.2995e-07
5205   2.3578e-01 1.3728e-07 2.2742e-07
5206   2.3578e-01 1.2389e-07 2.2415e-07
5207   2.3578e-01 1.1021e-07 2.2017e-07
5208   2.3578e-01 9.6294e-08 2.1548e-07
5209   2.3578e-01 8.2113e-08 2.1011e-07
5210   2.3578e-01 6.7713e-08 2.0406e-07
5211   2.3578e-01 5.3144e-08 1.9738e-07
5212   2.3578e-01 5.7961e-08 1.9007e-07
5213   2.3578e-01 6.7292e-08 1.8216e-07
5214   2.3578e-01 7.6724e-08 1.7368e-07
5215   2.3578e-01 8.6837e-08 1.6467e-07
5216   2.3578e-01 1.0036e-07 1.5514e-07
5217   2.3578e-01 1.1391e-07 1.4514e-07
5218   2.3578e-01 1.2717e-07 1.3469e-07
5219   2.3578e-01 1.4002e-07 1.2384e-07
5220   2.3578e-01 1.5274e-07 1.1261e-07
5221   2.3578e-01 1.6490e-07 1.0105e-07
5222   2.3578e-01 1.7652e-07 8.9198e-08
5223   2.3578e-01 1.8752e-07 7.7393e-08
5224   2.3578e-01 1.9789e-07 6.6837e-08
5225   2.3578e-01 2.0771e-07 5.6102e-08
5226   2.3578e-01 2.1695e-07 5.1008e-08
5227   2.3578e-01 2.2548e-07 5.8808e-08
5228   2.3578e-01 2.3324e-07 6.6404e-08
5229   2.3578e-01 2.4023e-07 7.3847e-08
5230   2.3578e-01 2.4640e-07 8.1172e-08
5231   2.3578e-01 2.5178e-07 8.8222e-08
5232   2.3578e-01 2.5630e-07 9.6686e-08
5233   2.3578e-01 2.5999e-07 1.0683e-07
5234   2.3578e-01 2.6280e-07 1.1660e-07
5235   2.3578e-01 2.6477e-07 1.2599e-07
5236   2.3578e-01 2.6589e-07 1.3496e-07
5237   2.3578e-01 2.6778e-07 1.4351e-07
5238   2.3578e-01 2.6875e-07 1.5170e-07
5239   2.3578e-01 2.6888e-07 1.5940e-07
5240   2.3578e-01 2.6829e-07 1.6656e-07
5241   2.3578e-01 2.6678e-07 1.7317e-07
5242   2.3578e-01 2.6446e-07 1.7920e-07
5243   2.3578e-01 2.6124e-07 1.8465e-07
5244   2.3578e-01 2.5722e-07 1.8949e-07
5245   2.3578e-01 2.5233e-07 1.9371e-07
5246   2.3578e-01 2.4729e-07 1.9730e-07
5247   2.3578e-01 2.4225e-07 2.0024e-07
5248   2.3578e-01 2.3641e-07 2.0253e-07
5249   2.3578e-01 2.2981e-07 2.0416e-07
5250   2.3578e-01 2.2246e-07 2.0513e-07
5251   2.3578e-01 2.1439e-07 2.0645e-07
5252   2.3578e-01 2.0562e-07 2.0752e-07
5253   2.3578e-01 1.9620e-07 2.0994e-07
5254   2.3578e-01 1.8614e-07 2.1166e-07
5255   2.3578e-01 1.7549e-07 2.1268e-07
5256   2.3578e-01 1.6428e-07 2.1298e-07
5257   2.3579e-01 1.5255e-07 2.1257e-07
5258   2.3579e-01 1.4068e-07 2.1146e-07
5259   2.3579e-01 1.2895e-07 2.0964e-07
5260   2.3579e-01 1.1683e-07 2.0713e-07
5261   2.3579e-01 1.0436e-07 2.0394e-07
5262   2.3579e-01 9.1691e-08 2.0007e-07
5263   2.3579e-01 7.8746e-08 1.9555e-07
5264   2.3579e-01 6.5566e-08 1.9038e-07
5265   2.3579e-01 5.2240e-08 1.8459e-07
5266   2.3579e-01 4.5479e-08 1.7820e-07
5267   2.3579e-01 5.3315e-08 1.7123e-07
5268   2.3579e-01 6.1617e-08 1.6370e-07
5269   2.3579e-01 7.0270e-08 1.5564e-07
5270   2.3579e-01 7.9056e-08 1.4708e-07
5271   2.3578e-01 9.0852e-08 1.3805e-07
5272   2.3578e-01 1.0339e-07 1.2858e-07
5273   2.3578e-01 1.1559e-07 1.1869e-07
5274   2.3578e-01 1.2764e-07 1.0844e-07
5275   2.3578e-01 1.3933e-07 9.7837e-08
5276   2.3578e-01 1.5049e-07 8.6932e-08
5277   2.3578e-01 1.6115e-07 7.5759e-08
5278   2.3578e-01 1.7124e-07 6.4389e-08
5279   2.3578e-01 1.8094e-07 5.2913e-08
5280   2.3578e-01 1.9003e-07 4.2769e-08
5281   2.3578e-01 1.9844e-07 4.5264e-08
5282   2.3578e-01 2.0619e-07 5.2485e-08
5283   2.3578e-01 2.1321e-07 5.9591e-08
5284   2.3578e-01 2.1952e-07 6.6521e-08
5285   2.3578e-01 2.2507e-07 7.3353e-08
5286   2.3578e-01 2.2986e-07 7.9921e-08
5287   2.3578e-01 2.3387e-07 8.6204e-08
5288   2.3578e-01 2.3710e-07 9.4883e-08
5289   2.3578e-01 2.3951e-07 1.0400e-07
5290   2.3578e-01 2.4120e-07 1.1274e-07
5291   2.3578e-01 2.4218e-07 1.2108e-07
5292   2.3578e-01 2.4311e-07 1.2912e-07
5293   2.3578e-01 2.4454e-07 1.3672e-07
5294   2.3578e-01 2.4594e-07 1.4384e-07
5295   2.3578e-01 2.4653e-07 1.5046e-07
5296   2.3578e-01 2.4632e-07 1.5656e-07
5297   2.3578e-01 2.4531e-07 1.6212e-07
5298   2.3578e-01 2.4350e-07 1.6712e-07
5299   2.3578e-01 2.4090e-07 1.7155e-07
5300   2.3578e-01 2.3753e-07 1.7540e-07
5301   2.3578e-01 2.3339e-07 1.7865e-07
5302   2.3578e-01 2.2850e-07 1.8130e-07
5303   2.3578e-01 2.2288e-07 1.8535e-07
5304   2.3578e-01 2.1656e-07 1.8995e-07
5305   2.3578e-01 2.0954e-07 1.9392e-07
5306   2.3578e-01 2.0187e-07 1.9726e-07
5307   2.3578e-01 1.9356e-07 1.9997e-07
5308   2.3578e-01 1.8464e-07 2.0206e-07
5309   2.3578e-01 1.7515e-07 2.0349e-07
5310   2.3578e-01 1.6512e-07 2.0425e-07
5311   2.3578e-01 1.5478e-07 2.0435e-07
5312   2.3578e-01 1.4463e-07 2.0379e-07
5313   2.3578e-01 1.3404e-07 2.0256e-07
5314   2.3578e-01 1.2306e-07 2.0068e-07
5315   2.3578e-01 1.1170e-07 1.9816e-07
5316   2.3578e-01 1.0004e-07 1.9499e-07
5317   2.3578e-01 8.8201e-08 1.9121e-07
5318   2.3578e-01 7.6112e-08 1.8681e-07
5319   2.3578e-01 6.3818e-08 1.8181e-07
5320   2.3578e-01 5.1358e-08 1.7624e-07
5321   2.3578e-01 4.6273e-08 1.7011e-07
5322   2.3578e-01 5.4057e-08 1.6345e-07
5323   2.3578e-01 6.2187e-08 1.5627e-07
5324   2.3578e-01 7.0346e-08 1.4860e-07
5325   2.3578e-01 8.1017e-08 1.4047e-07
5326   2.3578e-01 9.2568e-08 1.3191e-07
5327   2.3578e-01 1.0416e-07 1.2294e-07
5328   2.3578e-01 1.1536e-07 1.1360e-07
5329   2.3578e-01 1.2633e-07 1.0391e-07
5330   2.3578e-01 1.3703e-07 9.3919e-08
5331   2.3578e-01 1.4724e-07 8.3646e-08
5332   2.3578e-01 1.5696e-07 7.3432e-08
5333   2.3578e-01 1.6613e-07 6.4241e-08
5334   2.3578e-01 1.7476e-07 5.4873e-08
5335   2.3578e-01 1.8296e-07 4.5397e-08
5336   2.3578e-01 1.9058e-07 4.7436e-08
5337   2.3578e-01 1.9757e-07 5.4230e-08
5338   2.3578e-01 2.0389e-07 6.0836e-08
5339   2.3578e-01 2.0954e-07 6.7377e-08
5340   2.3578e-01 2.1447e-07 7.3727e-08
5341   2.3578e-01 2.1871e-07 7.9825e-08
5342   2.3578e-01 2.2221e-07 8.8345e-08
5343   2.3578e-01 2.2499e-07 9.7142e-08
5344   2.3578e-01 2.2701e-07 1.0561e-07
5345   2.3578e-01 2.2831e-07 1.1372e-07
5346   2.3578e-01 2.2962e-07 1.2145e-07
5347   2.3578e-01 2.3084e-07 1.2887e-07
5348   2.3578e-01 2.3126e-07 1.3590e-07
5349   2.3578e-01 2.3102e-07 1.4248e-07
5350   2.3578e-01 2.3011e-07 1.4859e-07
5351   2.3578e-01 2.2841e-07 1.5420e-07
5352   2.3578e-01 2.2601e-07 1.5931e-07
5353   2.3578e-01 2.2284e-07 1.6389e-07
5354   2.3578e-01 2.1899e-07 1.6793e-07
5355   2.3578e-01 2.1453e-07 1.7142e-07
5356   2.3578e-01 2.1052e-07 1.7435e-07
5357   2.3578e-01 2.0582e-07 1.7671e-07
5358   2.3578e-01 2.0045e-07 1.7849e-07
5359   2.3578e-01 1.9443e-07 1.7970e-07
5360   2.3578e-01 1.8777e-07 1.8040e-07
5361   2.3578e-01 1.8052e-07 1.8168e-07
5362   2.3578e-01 1.7267e-07 1.8338e-07
5363   2.3578e-01 1.6428e-07 1.8521e-07
5364   2.3578e-01 1.5536e-07 1.8643e-07
5365   2.3578e-01 1.4594e-07 1.8702e-07
5366   2.3578e-01 1.3607e-07 1.8699e-07
5367   2.3578e-01 1.2576e-07 1.8634e-07
5368   2.3578e-01 1.1581e-07 1.8507e-07
5369   2.3578e-01 1.0554e-07 1.8318e-07
5370   2.3578e-01 9.4949e-08 1.8069e-07
5371   2.3578e-01 8.4162e-08 1.7761e-07
5372   2.3578e-01 7.3143e-08 1.7394e-07
5373   2.3578e-01 6.1903e-08 1.6970e-07
5374   2.3578e-01 5.0481e-08 1.6491e-07
5375   2.3578e-01 3.9090e-08 1.5957e-07
5376   2.3578e-01 4.2951e-08 1.5372e-07
5377   2.3578e-01 4.9866e-08 1.4737e-07
5378   2.3578e-01 5.7190e-08 1.4054e-07
5379   2.3578e-01 6.4641e-08 1.3326e-07
5380   2.3578e-01 7.3641e-08 1.2555e-07
5381   2.3578e-01 8.4331e-08 1.1744e-07
5382   2.3578e-01 9.4996e-08 1.0895e-07
5383   2.3578e-01 1.0534e-07 1.0012e-07
5384   2.3578e-01 1.1556e-07 9.0975e-08
5385   2.3578e-01 1.2539e-07 8.1544e-08
5386   2.3578e-01 1.3475e-07 7.1861e-08
5387   2.3578e-01 1.4366e-07 6.1958e-08
5388   2.3578e-01 1.5210e-07 5.2024e-08
5389   2.3578e-01 1.6016e-07 4.3287e-08
5390   2.3578e-01 1.6767e-07 3.6107e-08
5391   2.3578e-01 1.7459e-07 4.2430e-08
5392   2.3578e-01 1.8093e-07 4.8789e-08
5393   2.3578e-01 1.8663e-07 5.4967e-08
5394   2.3578e-01 1.9171e-07 6.1055e-08
5395   2.3578e-01 1.9612e-07 6.6975e-08
5396   2.3578e-01 1.9988e-07 7.2656e-08
5397   2.3578e-01 2.0295e-07 7.8717e-08
5398   2.3578e-01 2.0536e-07 8.6924e-08
5399   2.3578e-01 2.0706e-07 9.4816e-08
5400   2.3578e-01 2.0816e-07 1.0237e-07
5401   2.3578e-01 2.0863e-07 1.0960e-07
5402   2.3578e-01 2.0959e-07 1.1652e-07
5403   2.3578e-01 2.1085e-07 1.2304e-07
5404   2.3578e-01 2.1169e-07 1.2913e-07
5405   2.3578e-01 2.1183e-07 1.3477e-07
5406   2.3578e-01 2.1128e-07 1.3995e-07
5407   2.3578e-01 2.1005e-07 1.4465e-07
5408   2.3578e-01 2.0814e-07 1.4885e-07
5409   2.3578e-01 2.0555e-07 1.5255e-07
5410   2.3578e-01 2.0230e-07 1.5573e-07
5411   2.3578e-01 1.9840e-07 1.5838e-07
5412   2.3578e-01 1.9386e-07 1.6049e-07
5413   2.3578e-01 1.8871e-07 1.6442e-07
5414   2.3578e-01 1.8295e-07 1.6820e-07
5415   2.3578e-01 1.7662e-07 1.7143e-07
5416   2.3578e-01 1.6973e-07 1.7409e-07
5417   2.3578e-01 1.6230e-07 1.7619e-07
5418   2.3578e-01 1.5437e-07 1.7775e-07
5419   2.3578e-01 1.4596e-07 1.7873e-07
5420   2.3578e-01 1.3710e-07 1.7913e-07
5421   2.3578e-01 1.2836e-07 1.7894e-07
5422   2.3578e-01 1.1943e-07 1.7818e-07
5423   2.3578e-01 1.1014e-07 1.7683e-07
5424   2.3578e-01 1.0052e-07 1.7492e-07
5425   2.3578e-01 9.0604e-08 1.7244e-07
5426   2.3578e-01 8.0518e-08 1.6940e-07
5427   2.3578e-01 7.0222e-08 1.6583e-07
5428   2.3578e-01 5.9730e-08 1.6172e-07
5429   2.3578e-01 4.9081e-08 1.5710e-07
5430   2.3578e-01 3.8347e-08 1.5198e-07
5431   2.3578e-01 4.3410e-08 1.4638e-07
5432   2.3578e-01 5.0240e-08 1.4032e-07
5433   2.3578e-01 5.7208e-08 1.3382e-07
5434   2.3578e-01 6.5171e-08 1.2690e-07
5435   2.3578e-01 7.5151e-08 1.1959e-07
5436   2.3578e-01 8.5094e-08 1.1191e-07
5437   2.3578e-01 9.4895e-08 1.0388e-07
5438   2.3578e-01 1.0435e-07 9.5542e-08
5439   2.3578e-01 1.1368e-07 8.6915e-08
5440   2.3578e-01 1.2267e-07 7.8029e-08
5441   2.3578e-01 1.3122e-07 6.9182e-08
5442   2.3578e-01 1.3934e-07 6.1201e-08
5443   2.3578e-01 1.4696e-07 5.3047e-08
5444   2.3578e-01 1.5413e-07 4.4757e-08
5445   2.3578e-01 1.6094e-07 3.7947e-08
5446   2.3578e-01 1.6719e-07 4.3993e-08
5447   2.3578e-01 1.7290e-07 4.9909e-08
5448   2.3578e-01 1.7801e-07 5.5688e-08
5449   2.3578e-01 1.8254e-07 6.1398e-08
5450   2.3578e-01 1.8645e-07 6.6898e-08
5451   2.3578e-01 1.8976e-07 7.2720e-08
5452   2.3578e-01 1.9242e-07 8.0622e-08
5453   2.3578e-01 1.9447e-07 8.8250e-08
5454   2.3578e-01 1.9586e-07 9.5579e-08
5455   2.3578e-01 1.9676e-07 1.0259e-07
5456   2.3578e-01 1.9806e-07 1.0926e-07
5457   2.3578e-01 1.9875e-07 1.1567e-07
5458   2.3578e-01 1.9877e-07 1.2170e-07
5459   2.3578e-01 1.9824e-07 1.2732e-07
5460   2.3578e-01 1.9710e-07 1.3252e-07
5461   2.3578e-01 1.9529e-07 1.3728e-07
5462   2.3578e-01 1.9288e-07 1.4158e-07
5463   2.3578e-01 1.8981e-07 1.4542e-07
5464   2.3578e-01 1.8617e-07 1.4878e-07
5465   2.3578e-01 1.8287e-07 1.5165e-07
5466   2.3578e-01 1.7911e-07 1.5403e-07
5467   2.3578e-01 1.7476e-07 1.5590e-07
5468   2.3578e-01 1.6984e-07 1.5726e-07
5469   2.3578e-01 1.6437e-07 1.5811e-07
5470   2.3578e-01 1.5836e-07 1.5891e-07
5471   2.3578e-01 1.5185e-07 1.5995e-07
5472   2.3578e-01 1.4485e-07 1.6180e-07
5473   2.3578e-01 1.3738e-07 1.6316e-07
5474   2.3578e-01 1.2948e-07 1.6397e-07
5475   2.3578e-01 1.2116e-07 1.6423e-07
5476   2.3578e-01 1.1247e-07 1.6395e-07
5477   2.3578e-01 1.0377e-07 1.6312e-07
5478   2.3578e-01 9.5086e-08 1.6175e-07
5479   2.3578e-01 8.6101e-08 1.5985e-07
5480   2.3578e-01 7.6900e-08 1.5742e-07
5481   2.3578e-01 6.7521e-08 1.5447e-07
5482   2.3578e-01 5.7938e-08 1.5102e-07
5483   2.3578e-01 4.8182e-08 1.4707e-07
5484   2.3578e-01 3.8354e-08 1.4264e-07
5485   2.3578e-01 3.4466e-08 1.3775e-07
5486   2.3578e-01 4.0254e-08 1.3241e-07
5487   2.3578e-01 4.6341e-08 1.2664e-07
5488   2.3578e-01 5.2727e-08 1.2046e-07
5489   2.3578e-01 5.9399e-08 1.1390e-07
5490   2.3578e-01 6.8589e-08 1.0697e-07
5491   2.3578e-01 7.7785e-08 9.9698e-08
5492   2.3578e-01 8.6800e-08 9.2112e-08
5493   2.3578e-01 9.5610e-08 8.4235e-08
5494   2.3578e-01 1.0421e-07 7.6095e-08
5495   2.3578e-01 1.1246e-07 6.7717e-08
5496   2.3578e-01 1.2029e-07 5.9132e-08
5497   2.3578e-01 1.2771e-07 5.0627e-08
5498   2.3578e-01 1.3477e-07 4.3023e-08
5499   2.3578e-01 1.4144e-07 3.5288e-08
5500   2.3578e-01 1.4763e-07 3.4107e-08
5501   2.3578e-01 1.5331e-07 3.9708e-08
5502   2.3578e-01 1.5847e-07 4.5237e-08
5503   2.3578e-01 1.6307e-07 5.0621e-08
5504   2.3578e-01 1.6714e-07 5.5943e-08
5505   2.3578e-01 1.7062e-07 6.1065e-08
5506   2.3578e-01 1.7354e-07 6.5969e-08
5507   2.3578e-01 1.7587e-07 7.2386e-08
5508   2.3578e-01 1.7761e-07 7.9493e-08
5509   2.3578e-01 1.7875e-07 8.6315e-08
5510   2.3578e-01 1.7940e-07 9.2829e-08
5511   2.3578e-01 1.8008e-07 9.9087e-08
5512   2.3578e-01 1.8071e-07 1.0503e-07
5513   2.3578e-01 1.8170e-07 1.1061e-07
5514   2.3578e-01 1.8210e-07 1.1581e-07
5515   2.3578e-01 1.8191e-07 1.2060e-07
5516   2.3578e-01 1.8112e-07 1.2498e-07
5517   2.3578e-01 1.7974e-07 1.2893e-07
5518   2.3578e-01 1.7779e-07 1.3245e-07
5519   2.3578e-01 1.7525e-07 1.3551e-07
5520   2.3578e-01 1.7216e-07 1.3811e-07
5521   2.3578e-01 1.6851e-07 1.4025e-07
5522   2.3578e-01 1.6432e-07 1.4211e-07
5523   2.3578e-01 1.5960e-07 1.4569e-07
5524   2.3578e-01 1.5438e-07 1.4878e-07
5525   2.3578e-01 1.4868e-07 1.5138e-07
5526   2.3578e-01 1.4250e-07 1.5348e-07
5527   2.3578e-01 1.3588e-07 1.5508e-07
5528   2.3578e-01 1.2883e-07 1.5621e-07
5529   2.3578e-01 1.2139e-07 1.5683e-07
5530   2.3578e-01 1.1370e-07 1.5695e-07
5531   2.3578e-01 1.0617e-07 1.5655e-07
5532   2.3578e-01 9.8324e-08 1.5564e-07
5533   2.3578e-01 9.0179e-08 1.5422e-07
5534   2.3578e-01 8.1767e-08 1.5231e-07
5535   2.3578e-01 7.3164e-08 1.4991e-07
5536   2.3578e-01 6.4396e-08 1.4703e-07
5537   2.3578e-01 5.5449e-08 1.4368e-07
5538   2.3578e-01 4.6350e-08 1.3986e-07
5539   2.3578e-01 3.7131e-08 1.3561e-07
5540   2.3578e-01 3.4774e-08 1.3092e-07
5541   2.3578e-01 4.0469e-08 1.2582e-07
5542   2.3578e-01 4.6418e-08 1.2032e-07
5543   2.3578e-01 5.2389e-08 1.1445e-07
5544   2.3578e-01 6.0765e-08 1.0821e-07
5545   2.3578e-01 6.9237e-08 1.0165e-07
5546   2.3578e-01 7.7779e-08 9.4769e-08
5547   2.3578e-01 8.6059e-08 8.7600e-08
5548   2.3578e-01 9.4089e-08 8.0165e-08
5549   2.3578e-01 1.0197e-07 7.2491e-08
5550   2.3578e-01 1.0951e-07 6.4859e-08
5551   2.3578e-01 1.1666e-07 5.7939e-08
5552   2.3578e-01 1.2342e-07 5.0853e-08
5553   2.3578e-01 1.2975e-07 4.3625e-08
5554   2.3578e-01 1.3573e-07 3.6327e-08
5555   2.3578e-01 1.4134e-07 3.5404e-08
5556   2.3578e-01 1.4646e-07 4.0688e-08
5557   2.3578e-01 1.5110e-07 4.5829e-08
5558   2.3578e-01 1.5522e-07 5.0903e-08
5559   2.3578e-01 1.5884e-07 5.5848e-08
5560   2.3578e-01 1.6192e-07 6.0602e-08
5561   2.3578e-01 1.6447e-07 6.6586e-08
5562   2.3578e-01 1.6647e-07 7.3437e-08
5563   2.3578e-01 1.6793e-07 8.0037e-08
5564   2.3578e-01 1.6883e-07 8.6365e-08
5565   2.3578e-01 1.6987e-07 9.2402e-08
5566   2.3578e-01 1.7069e-07 9.8176e-08
5567   2.3578e-01 1.7098e-07 1.0367e-07
5568   2.3578e-01 1.7074e-07 1.0883e-07
5569   2.3578e-01 1.6999e-07 1.1362e-07
5570   2.3578e-01 1.6870e-07 1.1803e-07
5571   2.3578e-01 1.6685e-07 1.2205e-07
5572   2.3578e-01 1.6448e-07 1.2566e-07
5573   2.3578e-01 1.6156e-07 1.2886e-07
5574   2.3578e-01 1.5868e-07 1.3164e-07
5575   2.3578e-01 1.5568e-07 1.3398e-07
5576   2.3578e-01 1.5217e-07 1.3589e-07
5577   2.3578e-01 1.4816e-07 1.3735e-07
5578   2.3578e-01 1.4367e-07 1.3836e-07
5579   2.3578e-01 1.3872e-07 1.3893e-07
5580   2.3578e-01 1.3331e-07 1.3980e-07
5581   2.3578e-01 1.2748e-07 1.4121e-07
5582   2.3578e-01 1.2124e-07 1.4262e-07
5583   2.3578e-01 1.1462e-07 1.4358e-07
5584   2.3578e-01 1.0763e-07 1.4407e-07
5585   2.3578e-01 1.0030e-07 1.4407e-07
5586   2.3578e-01 9.2710e-08 1.4360e-07
5587   2.3578e-01 8.5365e-08 1.4265e-07
5588   2.3578e-01 7.7754e-08 1.4123e-07
5589   2.3578e-01 6.9913e-08 1.3934e-07
5590   2.3578e-01 6.1939e-08 1.3700e-07
5591   2.3578e-01 5.3776e-08 1.3420e-07
5592   2.3578e-01 4.5453e-08 1.3097e-07
5593   2.3578e-01 3.6996e-08 1.2731e-07
5594   2.3578e-01 2.8595e-08 1.2323e-07
5595   2.3578e-01 3.2446e-08 1.1876e-07
5596   2.3578e-01 3.7538e-08 1.1390e-07
5597   2.3578e-01 4.2919e-08 1.0867e-07
5598   2.3578e-01 4.8383e-08 1.0309e-07
5599   2.3578e-01 5.5646e-08 9.7182e-08
5600   2.3578e-01 6.3487e-08 9.0963e-08
5601   2.3578e-01 7.1350e-08 8.4456e-08
5602   2.3578e-01 7.8964e-08 7.7682e-08
5603   2.3578e-01 8.6465e-08 7.0664e-08
5604   2.3578e-01 9.3697e-08 6.3426e-08
5605   2.3578e-01 1.0061e-07 5.5992e-08
5606   2.3578e-01 1.0715e-07 4.8703e-08
5607   2.3578e-01 1.1334e-07 4.2094e-08
5608   2.3578e-01 1.1923e-07 3.5354e-08
5609   2.3578e-01 1.2474e-07 2.8507e-08
5610   2.3578e-01 1.2983e-07 3.2011e-08
5611   2.3578e-01 1.3447e-07 3.6949e-08
5612   2.3578e-01 1.3866e-07 4.1750e-08
5613   2.3578e-01 1.4236e-07 4.6473e-08
5614   2.3578e-01 1.4560e-07 5.1079e-08
5615   2.3578e-01 1.4833e-07 5.5503e-08
5616   2.3578e-01 1.5057e-07 5.9924e-08
5617   2.3578e-01 1.5229e-07 6.6308e-08
5618   2.3578e-01 1.5352e-07 7.2453e-08
5619   2.3578e-01 1.5423e-07 7.8340e-08
5620   2.3578e-01 1.5466e-07 8.3955e-08
5621   2.3578e-01 1.5539e-07 8.9361e-08
5622   2.3578e-01 1.5582e-07 9.4454e-08
5623   2.3578e-01 1.5640e-07 9.9219e-08
5624   2.3578e-01 1.5647e-07 1.0364e-07
5625   2.3578e-01 1.5602e-07 1.0771e-07
5626   2.3578e-01 1.5508e-07 1.1140e-07
5627   2.3578e-01 1.5362e-07 1.1472e-07
5628   2.3578e-01 1.5167e-07 1.1765e-07
5629   2.3578e-01 1.4923e-07 1.2018e-07
5630   2.3578e-01 1.4631e-07 1.2230e-07
5631   2.3578e-01 1.4292e-07 1.2401e-07
5632   2.3578e-01 1.3908e-07 1.2602e-07
5633   2.3578e-01 1.3479e-07 1.2895e-07
5634   2.3578e-01 1.3008e-07 1.3146e-07
5635   2.3578e-01 1.2495e-07 1.3354e-07
5636   2.3578e-01 1.1943e-07 1.3517e-07
5637   2.3578e-01 1.1354e-07 1.3637e-07
5638   2.3578e-01 1.0730e-07 1.3715e-07
5639   2.3578e-01 1.0072e-07 1.3749e-07
5640   2.3578e-01 9.4221e-08 1.3738e-07
5641   2.3578e-01 8.7598e-08 1.3682e-07
5642   2.3578e-01 8.0711e-08 1.3581e-07
5643   2.3578e-01 7.3582e-08 1.3437e-07
5644   2.3578e-01 6.6253e-08 1.3249e-07
5645   2.3578e-01 5.8797e-08 1.3019e-07
5646   2.3578e-01 5.1174e-08 1.2747e-07
5647   2.3578e-01 4.3410e-08 1.2434e-07
5648   2.3578e-01 3.5529e-08 1.2081e-07
5649   2.3578e-01 2.7789e-08 1.1690e-07
5650   2.3578e-01 3.2537e-08 1.1262e-07
5651   2.3578e-01 3.7538e-08 1.0798e-07
5652   2.3578e-01 4.2684e-08 1.0301e-07
5653   2.3578e-01 4.8936e-08 9.7708e-08
5654   2.3578e-01 5.6321e-08 9.2105e-08
5655   2.3578e-01 6.3616e-08 8.6218e-08
5656   2.3578e-01 7.0842e-08 8.0066e-08
5657   2.3578e-01 7.7829e-08 7.3669e-08
5658   2.3578e-01 8.4668e-08 6.7050e-08
5659   2.3578e-01 9.1286e-08 6.0447e-08
5660   2.3578e-01 9.7598e-08 5.4458e-08
5661   2.3578e-01 1.0357e-07 4.8311e-08
5662   2.3578e-01 1.0919e-07 4.2026e-08
5663   2.3578e-01 1.1443e-07 3.5646e-08
5664   2.3578e-01 1.1941e-07 2.9207e-08
5665   2.3578e-01 1.2401e-07 3.2890e-08
5666   2.3578e-01 1.2819e-07 3.7485e-08
5667   2.3578e-01 1.3195e-07 4.1961e-08
5668   2.3578e-01 1.3526e-07 4.6400e-08
5669   2.3578e-01 1.3812e-07 5.0679e-08
5670   2.3578e-01 1.4052e-07 5.4784e-08
5671   2.3578e-01 1.4246e-07 6.0800e-08
5672   2.3578e-01 1.4392e-07 6.6733e-08
5673   2.3578e-01 1.4492e-07 7.2439e-08
5674   2.3578e-01 1.4562e-07 7.7899e-08
5675   2.3578e-01 1.4656e-07 8.3096e-08
5676   2.3578e-01 1.4700e-07 8.8090e-08
5677   2.3578e-01 1.4698e-07 9.2799e-08
5678   2.3578e-01 1.4655e-07 9.7198e-08
5679   2.3578e-01 1.4564e-07 1.0127e-07
5680   2.3578e-01 1.4427e-07 1.0501e-07
5681   2.3578e-01 1.4242e-07 1.0840e-07
5682   2.3578e-01 1.4013e-07 1.1143e-07
5683   2.3578e-01 1.3758e-07 1.1409e-07
5684   2.3578e-01 1.3521e-07 1.1638e-07
5685   2.3578e-01 1.3239e-07 1.1828e-07
5686   2.3578e-01 1.2914e-07 1.1980e-07
5687   2.3578e-01 1.2547e-07 1.2092e-07
5688   2.3578e-01 1.2140e-07 1.2165e-07
5689   2.3578e-01 1.1693e-07 1.2212e-07
5690   2.3578e-01 1.1208e-07 1.2306e-07
5691   2.3578e-01 1.0688e-07 1.2451e-07
5692   2.3578e-01 1.0133e-07 1.2554e-07
5693   2.3578e-01 9.5463e-08 1.2619e-07
5694   2.3578e-01 8.9292e-08 1.2642e-07
5695   2.3578e-01 8.2841e-08 1.2622e-07
5696   2.3578e-01 7.6474e-08 1.2561e-07
5697   2.3578e-01 7.0033e-08 1.2459e-07
5698   2.3578e-01 6.3374e-08 1.2315e-07
5699   2.3578e-01 5.6583e-08 1.2131e-07
5700   2.3578e-01 4.9636e-08 1.1907e-07
5701   2.3578e-01 4.2540e-08 1.1643e-07
5702   2.3578e-01 3.5319e-08 1.1342e-07
5703   2.3578e-01 2.8072e-08 1.1004e-07
5704   2.3578e-01 2.6103e-08 1.0630e-07
5705   2.3578e-01 3.0378e-08 1.0222e-07
5706   2.3578e-01 3.4861e-08 9.7808e-08
5707   2.3578e-01 3.9556e-08 9.3080e-08
5708   2.3578e-01 4.4971e-08 8.8053e-08
5709   2.3578e-01 5.1773e-08 8.2746e-08
5710   2.3578e-01 5.8521e-08 7.7175e-08
5711   2.3578e-01 6.5167e-08 7.1360e-08
5712   2.3578e-01 7.1609e-08 6.5321e-08
5713   2.3578e-01 7.7963e-08 5.9078e-08
5714   2.3578e-01 8.4031e-08 5.2652e-08
5715   2.3578e-01 8.9811e-08 4.6391e-08
5716   2.3578e-01 9.5268e-08 4.0658e-08
5717   2.3578e-01 1.0040e-07 3.4800e-08
5718   2.3578e-01 1.0530e-07 2.8835e-08
5719   2.3578e-01 1.0985e-07 2.5624e-08
5720   2.3578e-01 1.1402e-07 2.9957e-08
5721   2.3578e-01 1.1779e-07 3.4249e-08
5722   2.3578e-01 1.2117e-07 3.8420e-08
5723   2.3578e-01 1.2413e-07 4.2555e-08
5724   2.3578e-01 1.2668e-07 4.6538e-08
5725   2.3578e-01 1.2880e-07 5.0356e-08
5726   2.3578e-01 1.3048e-07 5.5069e-08
5727   2.3578e-01 1.3173e-07 6.0595e-08
5728   2.3578e-01 1.3254e-07 6.5904e-08
5729   2.3578e-01 1.3292e-07 7.0979e-08
5730   2.3578e-01 1.3354e-07 7.5840e-08
5731   2.3578e-01 1.3392e-07 8.0478e-08
5732   2.3578e-01 1.3426e-07 8.4837e-08
5733   2.3578e-01 1.3453e-07 8.8902e-08
5734   2.3578e-01 1.3435e-07 9.2660e-08
5735   2.3578e-01 1.3374e-07 9.6101e-08
5736   2.3578e-01 1.3269e-07 9.9213e-08
5737   2.3578e-01 1.3121e-07 1.0199e-07
5738   2.3578e-01 1.2931e-07 1.0442e-07
5739   2.3578e-01 1.2699e-07 1.0649e-07
5740   2.3578e-01 1.2426e-07 1.0821e-07
5741   2.3578e-01 1.2113e-07 1.0956e-07
5742   2.3578e-01 1.1762e-07 1.1160e-07
5743   2.3578e-01 1.1373e-07 1.1400e-07
5744   2.3578e-01 1.0949e-07 1.1602e-07
5745   2.3578e-01 1.0489e-07 1.1766e-07
5746   2.3578e-01 9.9974e-08 1.1892e-07
5747   2.3578e-01 9.4741e-08 1.1978e-07
5748   2.3578e-01 8.9215e-08 1.2029e-07
5749   2.3578e-01 8.3507e-08 1.2040e-07
5750   2.3578e-01 7.7923e-08 1.2012e-07
5751   2.3578e-01 7.2103e-08 1.1944e-07
5752   2.3578e-01 6.6066e-08 1.1838e-07
5753   2.3578e-01 5.9832e-08 1.1694e-07
5754   2.3578e-01 5.3485e-08 1.1512e-07
5755   2.3578e-01 4.6994e-08 1.1293e-07
5756   2.3578e-01 4.0370e-08 1.1038e-07
5757   2.3578e-01 3.3636e-08 1.0747e-07
5758   2.3578e-01 2.6831e-08 1.0422e-07
5759   2.3578e-01 2.6166e-08 1.0065e-07
5760   2.3578e-01 3.0338e-08 9.6747e-08
5761   2.3578e-01 3.4696e-08 9.2544e-08
5762   2.3578e-01 3.9331e-08 8.8050e-08
5763   2.3578e-01 4.5629e-08 8.3281e-08
5764   2.3578e-01 5.1891e-08 7.8254e-08
5765   2.3578e-01 5.8162e-08 7.2984e-08
5766   2.3578e-01 6.4264e-08 6.7491e-08
5767   2.3578e-01 7.0149e-08 6.1793e-08
5768   2.3578e-01 7.5964e-08 5.6088e-08
5769   2.3578e-01 8.1512e-08 5.0917e-08
5770   2.3578e-01 8.6786e-08 4.5596e-08
5771   2.3578e-01 9.1756e-08 4.0143e-08
5772   2.3578e-01 9.6421e-08 3.4577e-08
5773   2.3578e-01 1.0077e-07 2.8964e-08
5774   2.3578e-01 1.0488e-07 2.6377e-08
5775   2.3578e-01 1.0865e-07 3.0476e-08
5776   2.3578e-01 1.1204e-07 3.4468e-08
5777   2.3578e-01 1.1507e-07 3.8395e-08
5778   2.3578e-01 1.1770e-07 4.2238e-08
5779   2.3578e-01 1.1995e-07 4.5935e-08
5780   2.3578e-01 1.2180e-07 5.0114e-08
5781   2.3578e-01 1.2324e-07 5.5437e-08
5782   2.3578e-01 1.2428e-07 6.0569e-08
5783   2.3578e-01 1.2491e-07 6.5494e-08
5784   2.3578e-01 1.2572e-07 7.0198e-08
5785   2.3578e-01 1.2630e-07 7.4685e-08
5786   2.3578e-01 1.2645e-07 7.8975e-08
5787   2.3578e-01 1.2622e-07 8.2999e-08
5788   2.3578e-01 1.2564e-07 8.6746e-08
5789   2.3578e-01 1.2463e-07 9.0203e-08
5790   2.3578e-01 1.2324e-07 9.3360e-08
5791   2.3578e-01 1.2143e-07 9.6207e-08
5792   2.3578e-01 1.1924e-07 9.8736e-08
5793   2.3578e-01 1.1735e-07 1.0094e-07
5794   2.3578e-01 1.1510e-07 1.0281e-07
5795   2.3578e-01 1.1248e-07 1.0434e-07
5796   2.3578e-01 1.0948e-07 1.0553e-07
5797   2.3578e-01 1.0614e-07 1.0638e-07
5798   2.3578e-01 1.0245e-07 1.0687e-07
5799   2.3578e-01 9.8426e-08 1.0742e-07
5800   2.3578e-01 9.4089e-08 1.0855e-07
5801   2.3578e-01 8.9452e-08 1.0965e-07
5802   2.3578e-01 8.4529e-08 1.1038e-07
5803   2.3578e-01 7.9338e-08 1.1078e-07
5804   2.3578e-01 7.3897e-08 1.1081e-07
5805   2.3578e-01 6.8335e-08 1.1047e-07
5806   2.3578e-01 6.2887e-08 1.0976e-07
5807   2.3578e-01 5.7244e-08 1.0869e-07
5808   2.3578e-01 5.1454e-08 1.0727e-07
5809   2.3578e-01 4.5544e-08 1.0549e-07
5810   2.3578e-01 3.9498e-08 1.0336e-07
5811   2.3578e-01 3.3333e-08 1.0090e-07
5812   2.3578e-01 2.7086e-08 9.8111e-08
5813   2.3578e-01 2.1347e-08 9.5002e-08
5814   2.3578e-01 2.4529e-08 9.1584e-08
5815   2.3578e-01 2.8279e-08 8.7870e-08
5816   2.3578e-01 3.2235e-08 8.3874e-08
5817   2.3578e-01 3.6283e-08 7.9608e-08
5818   2.3578e-01 4.2059e-08 7.5087e-08
5819   2.3578e-01 4.7825e-08 7.0328e-08
5820   2.3578e-01 5.3625e-08 6.5346e-08
5821   2.3578e-01 5.9235e-08 6.0157e-08
5822   2.3578e-01 6.4717e-08 5.4781e-08
5823   2.3578e-01 7.0055e-08 4.9235e-08
5824   2.3578e-01 7.5139e-08 4.3864e-08
5825   2.3578e-01 7.9965e-08 3.8900e-08
5826   2.3578e-01 8.4505e-08 3.3816e-08
5827   2.3578e-01 8.8777e-08 2.8628e-08
5828   2.3578e-01 9.2835e-08 2.3354e-08
5829   2.3578e-01 9.6567e-08 2.4085e-08
5830   2.3578e-01 9.9974e-08 2.7912e-08
5831   2.3578e-01 1.0303e-07 3.1637e-08
5832   2.3578e-01 1.0575e-07 3.5294e-08
5833   2.3578e-01 1.0810e-07 3.8870e-08
5834   2.3578e-01 1.1009e-07 4.2309e-08
5835   2.3578e-01 1.1171e-07 4.5597e-08
5836   2.3578e-01 1.1296e-07 5.0463e-08
5837   2.3578e-01 1.1382e-07 5.5238e-08
5838   2.3578e-01 1.1431e-07 5.9816e-08
5839   2.3578e-01 1.1471e-07 6.4183e-08
5840   2.3578e-01 1.1519e-07 6.8383e-08
5841   2.3578e-01 1.1531e-07 7.2354e-08
5842   2.3578e-01 1.1559e-07 7.6075e-08
5843   2.3578e-01 1.1561e-07 7.9533e-08
5844   2.3578e-01 1.1525e-07 8.2718e-08
5845   2.3578e-01 1.1452e-07 8.5620e-08
5846   2.3578e-01 1.1342e-07 8.8230e-08
5847   2.3578e-01 1.1195e-07 9.0540e-08
5848   2.3578e-01 1.1012e-07 9.2544e-08
5849   2.3578e-01 1.0793e-07 9.4235e-08
5850   2.3578e-01 1.0540e-07 9.5609e-08
5851   2.3578e-01 1.0253e-07 9.6662e-08
5852   2.3578e-01 9.9332e-08 9.8730e-08
5853   2.3578e-01 9.5820e-08 1.0068e-07
5854   2.3578e-01 9.2005e-08 1.0230e-07
5855   2.3578e-01 8.7901e-08 1.0358e-07
5856   2.3578e-01 8.3522e-08 1.0452e-07
5857   2.3578e-01 7.8883e-08 1.0512e-07
5858   2.3578e-01 7.4000e-08 1.0540e-07
5859   2.3578e-01 6.9174e-08 1.0533e-07
5860   2.3578e-01 6.4260e-08 1.0493e-07
5861   2.3578e-01 5.9152e-08 1.0418e-07
5862   2.3578e-01 5.3867e-08 1.0310e-07
5863   2.3578e-01 4.8456e-08 1.0168e-07
5864   2.3578e-01 4.2932e-08 9.9934e-08
5865   2.3578e-01 3.7287e-08 9.7866e-08
5866   2.3578e-01 3.1537e-08 9.5485e-08
5867   2.3578e-01 2.5704e-08 9.2799e-08
5868   2.3578e-01 2.0936e-08 8.9816e-08
5869   2.3578e-01 2.4431e-08 8.6549e-08
5870   2.3578e-01 2.8091e-08 8.3008e-08
5871   2.3578e-01 3.1885e-08 7.9206e-08
5872   2.3578e-01 3.6801e-08 7.5155e-08
5873   2.3578e-01 4.2251e-08 7.0870e-08
5874   2.3578e-01 4.7603e-08 6.6365e-08
5875   2.3578e-01 5.2944e-08 6.1655e-08
5876   2.3578e-01 5.8092e-08 5.6757e-08
5877   2.3578e-01 6.3099e-08 5.1830e-08
5878   2.3578e-01 6.7985e-08 4.7372e-08
5879   2.3578e-01 7.2629e-08 4.2773e-08
5880   2.3578e-01 7.7030e-08 3.8049e-08
5881   2.3578e-01 8.1161e-08 3.3215e-08
5882   2.3578e-01 8.5023e-08 2.8313e-08
5883   2.3578e-01 8.8643e-08 2.3353e-08
5884   2.3578e-01 9.2017e-08 2.4571e-08
5885   2.3578e-01 9.5087e-08 2.8132e-08
5886   2.3578e-01 9.7831e-08 3.1595e-08
5887   2.3578e-01 1.0026e-07 3.5036e-08
5888   2.3578e-01 1.0234e-07 3.8358e-08
5889   2.3578e-01 1.0409e-07 4.1548e-08
5890   2.3578e-01 1.0549e-07 4.5818e-08
5891   2.3578e-01 1.0654e-07 5.0424e-08
5892   2.3578e-01 1.0724e-07 5.4856e-08
5893   2.3578e-01 1.0781e-07 5.9101e-08
5894   2.3578e-01 1.0846e-07 6.3146e-08
5895   2.3578e-01 1.0876e-07 6.7022e-08
5896   2.3578e-01 1.0869e-07 7.0692e-08
5897   2.3578e-01 1.0833e-07 7.4125e-08
5898   2.3578e-01 1.0764e-07 7.7310e-08
5899   2.3578e-01 1.0658e-07 8.0237e-08
5900   2.3578e-01 1.0519e-07 8.2897e-08
5901   2.3578e-01 1.0345e-07 8.5281e-08
5902   2.3578e-01 1.0175e-07 8.7384e-08
5903   2.3578e-01 9.9967e-08 8.9198e-08
5904   2.3578e-01 9.7856e-08 9.0718e-08
5905   2.3578e-01 9.5427e-08 9.1939e-08
5906   2.3578e-01 9.2687e-08 9.2860e-08
5907   2.3578e-01 8.9648e-08 9.3476e-08
5908   2.3578e-01 8.6319e-08 9.3788e-08
5909   2.3578e-01 8.2712e-08 9.4516e-08
5910   2.3578e-01 7.8841e-08 9.5645e-08
5911   2.3578e-01 7.4718e-08 9.6454e-08
5912   2.3578e-01 7.0358e-08 9.6951e-08
5913   2.3578e-01 6.5776e-08 9.7146e-08
5914   2.3578e-01 6.0987e-08 9.7019e-08
5915   2.3578e-01 5.6320e-08 9.6570e-08
5916   2.3578e-01 5.1542e-08 9.5803e-08
5917   2.3578e-01 4.6610e-08 9.4720e-08
5918   2.3578e-01 4.1590e-08 9.3326e-08
5919   2.3578e-01 3.6442e-08 9.1626e-08
5920   2.3578e-01 3.1186e-08 8.9627e-08
5921   2.3578e-01 2.5838e-08 8.7334e-08
5922   2.3578e-01 2.0494e-08 8.4758e-08
5923   2.3578e-01 1.9767e-08 8.1907e-08
5924   2.3578e-01 2.2925e-08 7.8791e-08
5925   2.3578e-01 2.6226e-08 7.5421e-08
5926   2.3578e-01 2.9677e-08 7.1809e-08
5927   2.3578e-01 3.4049e-08 6.7966e-08
5928   2.3578e-01 3.9065e-08 6.3908e-08
5929   2.3578e-01 4.4015e-08 5.9646e-08
5930   2.3578e-01 4.8928e-08 5.5196e-08
5931   2.3578e-01 5.3659e-08 5.0573e-08
5932   2.3578e-01 5.8319e-08 4.5793e-08
5933   2.3578e-01 6.2798e-08 4.1199e-08
5934   2.3578e-01 6.7049e-08 3.6883e-08
5935   2.3578e-01 7.1072e-08 3.2478e-08
5936   2.3578e-01 7.4842e-08 2.7973e-08
5937   2.3578e-01 7.8397e-08 2.3384e-08
5938   2.3578e-01 8.1740e-08 1.9213e-08
5939   2.3578e-01 8.4795e-08 2.2557e-08
5940   2.3578e-01 8.7567e-08 2.5881e-08
5941   2.3578e-01 9.0035e-08 2.9110e-08
5942   2.3578e-01 9.2203e-08 3.2312e-08
5943   2.3578e-01 9.4054e-08 3.5402e-08
5944   2.3578e-01 9.5593e-08 3.8367e-08
5945   2.3578e-01 9.6806e-08 4.1810e-08
5946   2.3578e-01 9.7700e-08 4.6097e-08
5947   2.3578e-01 9.8261e-08 5.0218e-08
5948   2.3578e-01 9.8516e-08 5.4162e-08
5949   2.3578e-01 9.9039e-08 5.7930e-08
5950   2.3578e-01 9.9278e-08 6.1540e-08
5951   2.3578e-01 9.9243e-08 6.4936e-08
5952   2.3578e-01 9.9412e-08 6.8107e-08
5953   2.3578e-01 9.9256e-08 7.1045e-08
5954   2.3578e-01 9.8776e-08 7.3739e-08
5955   2.3578e-01 9.7974e-08 7.6181e-08
5956   2.3578e-01 9.6855e-08 7.8364e-08
5957   2.3578e-01 9.5422e-08 8.0282e-08
5958   2.3578e-01 9.3681e-08 8.1928e-08
5959   2.3578e-01 9.1639e-08 8.3299e-08
5960   2.3578e-01 8.9303e-08 8.4389e-08
5961   2.3578e-01 8.6682e-08 8.5386e-08
5962   2.3578e-01 8.3786e-08 8.7248e-08
5963   2.3578e-01 8.0624e-08 8.8822e-08
5964   2.3578e-01 7.7208e-08 9.0102e-08
5965   2.3578e-01 7.3549e-08 9.1084e-08
5966   2.3578e-01 6.9661e-08 9.1768e-08
5967   2.3578e-01 6.5556e-08 9.2150e-08
5968   2.3578e-01 6.1319e-08 9.2256e-08
5969   2.3578e-01 5.7176e-08 9.2061e-08
5970   2.3578e-01 5.2858e-08 9.1566e-08
5971   2.3578e-01 4.8382e-08 9.0774e-08
5972   2.3578e-01 4.3772e-08 8.9688e-08
5973   2.3578e-01 3.9077e-08 8.8311e-08
5974   2.3578e-01 3.4269e-08 8.6650e-08
5975   2.3578e-01 2.9364e-08 8.4711e-08
5976   2.3578e-01 2.4379e-08 8.2500e-08
5977   2.3578e-01 1.9371e-08 8.0026e-08
5978   2.3578e-01 1.9698e-08 7.7297e-08
5979   2.3578e-01 2.2756e-08 7.4323e-08
5980   2.3578e-01 2.5950e-08 7.1114e-08
5981   2.3578e-01 2.9666e-08 6.7681e-08
5982   2.3578e-01 3.4295e-08 6.4037e-08
5983   2.3578e-01 3.8917e-08 6.0193e-08
5984   2.3578e-01 4.3518e-08 5.6162e-08
5985   2.3578e-01 4.8029e-08 5.1960e-08
5986   2.3578e-01 5.2365e-08 4.7696e-08
5987   2.3578e-01 5.6622e-08 4.3861e-08
5988   2.3578e-01 6.0716e-08 3.9895e-08
5989   2.3578e-01 6.4596e-08 3.5810e-08
5990   2.3578e-01 6.8260e-08 3.1621e-08
5991   2.3578e-01 7.1686e-08 2.7346e-08
5992   2.3578e-01 7.4873e-08 2.3030e-08
5993   2.3578e-01 7.7876e-08 1.9627e-08
5994   2.3578e-01 8.0633e-08 2.2800e-08
5995   2.3578e-01 8.3125e-08 2.5892e-08
5996   2.3578e-01 8.5332e-08 2.8925e-08
5997   2.3578e-01 8.7260e-08 3.1904e-08
5998   2.3578e-01 8.8892e-08 3.4773e-08
5999   2.3578e-01 9.0234e-08 3.7675e-08
6000   2.3578e-01 9.1272e-08 4.1801e-08
6001   2.3578e-01 9.2014e-08 4.5782e-08
6002   2.3578e-01 9.2448e-08 4.9606e-08
6003   2.3578e-01 9.3087e-08 5.3261e-08
6004   2.3578e-01 9.3473e-08 5.6741e-08
6005   2.3578e-01 9.3564e-08 6.0080e-08
6006   2.3578e-01 9.3358e-08 6.3216e-08
6007   2.3578e-01 9.2883e-08 6.6140e-08
6008   2.3578e-01 9.2117e-08 6.8842e-08
6009   2.3578e-01 9.1042e-08 7.1314e-08
6010   2.3578e-01 8.9682e-08 7.3550e-08
6011   2.3578e-01 8.8171e-08 7.5541e-08
6012   2.3578e-01 8.6768e-08 7.7282e-08
6013   2.3578e-01 8.5081e-08 7.8768e-08
6014   2.3578e-01 8.3116e-08 7.9994e-08
6015   2.3578e-01 8.0881e-08 8.0957e-08
6016   2.3578e-01 7.8384e-08 8.1655e-08
6017   2.3578e-01 7.5634e-08 8.2086e-08
6018   2.3578e-01 7.2640e-08 8.2416e-08
6019   2.3578e-01 6.9413e-08 8.3312e-08
6020   2.3578e-01 6.5965e-08 8.4170e-08
6021   2.3578e-01 6.2306e-08 8.4748e-08
6022   2.3578e-01 5.8451e-08 8.5051e-08
6023   2.3578e-01 5.4411e-08 8.5090e-08
6024   2.3578e-01 5.0331e-08 8.4847e-08
6025   2.3578e-01 4.6290e-08 8.4324e-08
6026   2.3578e-01 4.2104e-08 8.3523e-08
6027   2.3578e-01 3.7828e-08 8.2447e-08
6028   2.3578e-01 3.3449e-08 8.1101e-08
6029   2.3578e-01 2.8969e-08 7.9489e-08
6030   2.3578e-01 2.4404e-08 7.7618e-08
6031   2.3578e-01 1.9796e-08 7.5494e-08
6032   2.3578e-01 1.6223e-08 7.3126e-08
6033   2.3578e-01 1.8544e-08 7.0520e-08
6034   2.3578e-01 2.1307e-08 6.7687e-08
6035   2.3578e-01 2.4216e-08 6.4636e-08
6036   2.3578e-01 2.7547e-08 6.1379e-08
6037   2.3578e-01 3.1799e-08 5.7925e-08
6038   2.3578e-01 3.6054e-08 5.4287e-08
6039   2.3578e-01 4.0309e-08 5.0478e-08
6040   2.3578e-01 4.4454e-08 4.6510e-08
6041   2.3578e-01 4.8462e-08 4.2396e-08
6042   2.3578e-01 5.2392e-08 3.8468e-08
6043   2.3578e-01 5.6142e-08 3.4732e-08
6044   2.3578e-01 5.9690e-08 3.0911e-08
6045   2.3578e-01 6.3035e-08 2.7007e-08
6046   2.3578e-01 6.6156e-08 2.3021e-08
6047   2.3578e-01 6.9109e-08 1.8966e-08
6048   2.3578e-01 7.1852e-08 1.8081e-08
6049   2.3578e-01 7.4345e-08 2.1034e-08
6050   2.3578e-01 7.6589e-08 2.3917e-08
6051   2.3578e-01 7.8568e-08 2.6743e-08
6052   2.3578e-01 8.0286e-08 2.9515e-08
6053   2.3578e-01 8.1729e-08 3.2181e-08
6054   2.3578e-01 8.2901e-08 3.4734e-08
6055   2.3578e-01 8.3791e-08 3.8314e-08
6056   2.3578e-01 8.4405e-08 4.2016e-08
6057   2.3578e-01 8.4733e-08 4.5570e-08
6058   2.3578e-01 8.5109e-08 4.8962e-08
6059   2.3578e-01 8.5415e-08 5.2216e-08
6060   2.3578e-01 8.5464e-08 5.5306e-08
6061   2.3578e-01 8.5444e-08 5.8204e-08
6062   2.3578e-01 8.5437e-08 6.0902e-08
6063   2.3578e-01 8.5152e-08 6.3391e-08
6064   2.3578e-01 8.4588e-08 6.5663e-08
6065   2.3578e-01 8.3750e-08 6.7712e-08
6066   2.3578e-01 8.2640e-08 6.9531e-08
6067   2.3578e-01 8.1263e-08 7.1115e-08
6068   2.3578e-01 7.9625e-08 7.2459e-08
6069   2.3578e-01 7.7730e-08 7.3559e-08
6070   2.3578e-01 7.5587e-08 7.4413e-08
6071   2.3578e-01 7.3203e-08 7.5503e-08
6072   2.3578e-01 7.0587e-08 7.7017e-08
6073   2.3578e-01 6.7747e-08 7.8276e-08
6074   2.3578e-01 6.4693e-08 7.9276e-08
6075   2.3578e-01 6.1438e-08 8.0015e-08
6076   2.3578e-01 5.7990e-08 8.0492e-08
6077   2.3578e-01 5.4364e-08 8.0704e-08
6078   2.3578e-01 5.0783e-08 8.0674e-08
6079   2.3578e-01 4.7136e-08 8.0381e-08
6080   2.3578e-01 4.3347e-08 7.9827e-08
6081   2.3578e-01 3.9428e-08 7.9013e-08
6082   2.3578e-01 3.5432e-08 7.7944e-08
6083   2.3578e-01 3.1340e-08 7.6623e-08
6084   2.3578e-01 2.7158e-08 7.5055e-08
6085   2.3578e-01 2.2900e-08 7.3247e-08
6086   2.3578e-01 1.8585e-08 7.1203e-08
6087   2.3578e-01 1.5794e-08 6.8933e-08
6088   2.3578e-01 1.8379e-08 6.6443e-08
6089   2.3578e-01 2.1063e-08 6.3743e-08
6090   2.3578e-01 2.3844e-08 6.0841e-08
6091   2.3578e-01 2.7724e-08 5.7749e-08
6092   2.3578e-01 3.1739e-08 5.4476e-08
6093   2.3578e-01 3.5666e-08 5.1034e-08
6094   2.3578e-01 3.9605e-08 4.7434e-08
6095   2.3578e-01 4.3408e-08 4.3748e-08
6096   2.3578e-01 4.7073e-08 4.0456e-08
6097   2.3578e-01 5.0670e-08 3.7041e-08
6098   2.3578e-01 5.4095e-08 3.3516e-08
6099   2.3578e-01 5.7330e-08 2.9892e-08
6100   2.3578e-01 6.0374e-08 2.6181e-08
6101   2.3578e-01 6.3208e-08 2.2419e-08
6102   2.3578e-01 6.5838e-08 1.8607e-08
6103   2.3578e-01 6.8318e-08 1.8332e-08
6104   2.3578e-01 7.0563e-08 2.1087e-08
6105   2.3578e-01 7.2575e-08 2.3768e-08
6106   2.3578e-01 7.4341e-08 2.6424e-08
6107   2.3578e-01 7.5863e-08 2.8998e-08
6108   2.3578e-01 7.7128e-08 3.1472e-08
6109   2.3578e-01 7.8142e-08 3.4492e-08
6110   2.3578e-01 7.8893e-08 3.8059e-08
6111   2.3578e-01 7.9389e-08 4.1496e-08
6112   2.3578e-01 7.9837e-08 4.4790e-08
6113   2.3578e-01 8.0296e-08 4.7932e-08
6114   2.3578e-01 8.0483e-08 5.0935e-08
6115   2.3578e-01 8.0415e-08 5.3791e-08
6116   2.3578e-01 8.0113e-08 5.6464e-08
6117   2.3578e-01 7.9561e-08 5.8948e-08
6118   2.3578e-01 7.8760e-08 6.1235e-08
6119   2.3578e-01 7.7745e-08 6.3318e-08
6120   2.3578e-01 7.6534e-08 6.5190e-08
6121   2.3578e-01 7.5250e-08 6.6845e-08
6122   2.3578e-01 7.3909e-08 6.8279e-08
6123   2.3578e-01 7.2327e-08 6.9488e-08
6124   2.3578e-01 7.0509e-08 7.0468e-08
6125   2.3578e-01 6.8463e-08 7.1216e-08
6126   2.3578e-01 6.6195e-08 7.1731e-08
6127   2.3578e-01 6.3714e-08 7.2011e-08
6128   2.3578e-01 6.1028e-08 7.2473e-08
6129   2.3578e-01 5.8147e-08 7.3356e-08
6130   2.3578e-01 5.5081e-08 7.3993e-08
6131   2.3578e-01 5.1841e-08 7.4384e-08
6132   2.3578e-01 4.8436e-08 7.4535e-08
6133   2.3578e-01 4.4880e-08 7.4454e-08
6134   2.3578e-01 4.1457e-08 7.4127e-08
6135   2.3578e-01 3.7912e-08 7.3555e-08
6136   2.3578e-01 3.4268e-08 7.2742e-08
6137   2.3578e-01 3.0545e-08 7.1689e-08
6138   2.3578e-01 2.6730e-08 7.0402e-08
6139   2.3578e-01 2.2835e-08 6.8885e-08
6140   2.3578e-01 1.8874e-08 6.7143e-08
6141   2.3578e-01 1.4933e-08 6.5184e-08
6142   2.3578e-01 1.4971e-08 6.3013e-08
6143   2.3578e-01 1.7303e-08 6.0639e-08
6144   2.3578e-01 1.9735e-08 5.8069e-08
6145   2.3578e-01 2.2271e-08 5.5313e-08
6146   2.3578e-01 2.5794e-08 5.2381e-08
6147   2.3578e-01 2.9486e-08 4.9281e-08
6148   2.3578e-01 3.3118e-08 4.6026e-08
6149   2.3578e-01 3.6741e-08 4.2625e-08
6150   2.3578e-01 4.0235e-08 3.9092e-08
6151   2.3578e-01 4.3640e-08 3.5730e-08
6152   2.3578e-01 4.6936e-08 3.2512e-08
6153   2.3578e-01 5.0071e-08 2.9193e-08
6154   2.3578e-01 5.3028e-08 2.5815e-08
6155   2.3578e-01 5.5804e-08 2.2358e-08
6156   2.3578e-01 5.8383e-08 1.8833e-08
6157   2.3578e-01 6.0831e-08 1.5252e-08
6158   2.3578e-01 6.3076e-08 1.6952e-08
6159   2.3578e-01 6.5101e-08 1.9522e-08
6160   2.3578e-01 6.6910e-08 2.2020e-08
6161   2.3578e-01 6.8488e-08 2.4493e-08
6162   2.3578e-01 6.9838e-08 2.6886e-08
6163   2.3578e-01 7.0949e-08 2.9183e-08
6164   2.3578e-01 7.1827e-08 3.1685e-08
6165   2.3578e-01 7.2460e-08 3.5004e-08
6166   2.3578e-01 7.2855e-08 3.8197e-08
6167   2.3578e-01 7.3100e-08 4.1256e-08
6168   2.3578e-01 7.3460e-08 4.4171e-08
6169   2.3578e-01 7.3601e-08 4.6975e-08
6170   2.3578e-01 7.3508e-08 4.9615e-08
6171   2.3578e-01 7.3488e-08 5.2084e-08
6172   2.3578e-01 7.3352e-08 5.4374e-08
6173   2.3578e-01 7.2976e-08 5.6479e-08
6174   2.3578e-01 7.2362e-08 5.8390e-08
6175   2.3578e-01 7.1514e-08 6.0103e-08
6176   2.3578e-01 7.0434e-08 6.1613e-08
6177   2.3578e-01 6.9126e-08 6.2915e-08
6178   2.3578e-01 6.7596e-08 6.4005e-08
6179   2.3578e-01 6.5850e-08 6.4880e-08
6180   2.3578e-01 6.3893e-08 6.5538e-08
6181   2.3578e-01 6.1732e-08 6.6695e-08
6182   2.3578e-01 5.9376e-08 6.7917e-08
6183   2.3578e-01 5.6833e-08 6.8914e-08
6184   2.3578e-01 5.4111e-08 6.9684e-08
6185   2.3578e-01 5.1219e-08 7.0225e-08
6186   2.3578e-01 4.8169e-08 7.0535e-08
6187   2.3578e-01 4.5026e-08 7.0613e-08
6188   2.3578e-01 4.1950e-08 7.0480e-08
6189   2.3578e-01 3.8745e-08 7.0117e-08
6190   2.3578e-01 3.5425e-08 6.9526e-08
6191   2.3578e-01 3.2020e-08 6.8710e-08
6192   2.3578e-01 2.8539e-08 6.7671e-08
6193   2.3578e-01 2.4977e-08 6.6414e-08
6194   2.3578e-01 2.1343e-08 6.4943e-08
6195   2.3578e-01 1.7652e-08 6.3264e-08
6196   2.3578e-01 1.3966e-08 6.1383e-08
6197   2.3578e-01 1.4840e-08 5.9305e-08
6198   2.3578e-01 1.7084e-08 5.7040e-08
6199   2.3578e-01 1.9426e-08 5.4593e-08
6200   2.3578e-01 2.2390e-08 5.1975e-08
6201   2.3578e-01 2.5794e-08 4.9194e-08
6202   2.3578e-01 2.9212e-08 4.6260e-08
6203   2.3578e-01 3.2589e-08 4.3182e-08
6204   2.3578e-01 3.5915e-08 3.9990e-08
6205   2.3578e-01 3.9118e-08 3.7169e-08
6206   2.3578e-01 4.2233e-08 3.4236e-08
6207   2.3578e-01 4.5246e-08 3.1198e-08
6208   2.3578e-01 4.8107e-08 2.8069e-08
6209   2.3578e-01 5.0800e-08 2.4856e-08
6210   2.3578e-01 5.3323e-08 2.1578e-08
6211   2.3578e-01 5.5661e-08 1.8264e-08
6212   2.3578e-01 5.7841e-08 1.4900e-08
6213   2.3578e-01 5.9867e-08 1.7042e-08
6214   2.3578e-01 6.1687e-08 1.9433e-08
6215   2.3578e-01 6.3305e-08 2.1772e-08
6216   2.3578e-01 6.4707e-08 2.4076e-08
6217   2.3578e-01 6.5897e-08 2.6298e-08
6218   2.3578e-01 6.6865e-08 2.8428e-08
6219   2.3578e-01 6.7615e-08 3.1492e-08
6220   2.3578e-01 6.8138e-08 3.4574e-08
6221   2.3578e-01 6.8450e-08 3.7537e-08
6222   2.3578e-01 6.8938e-08 4.0372e-08
6223   2.3578e-01 6.9206e-08 4.3069e-08
6224   2.3578e-01 6.9241e-08 4.5657e-08
6225   2.3578e-01 6.9057e-08 4.8095e-08
6226   2.3578e-01 6.8702e-08 5.0371e-08
6227   2.3578e-01 6.8161e-08 5.2478e-08
6228   2.3578e-01 6.7429e-08 5.4409e-08
6229   2.3578e-01 6.6447e-08 5.6159e-08
6230   2.3578e-01 6.5282e-08 5.7722e-08
6231   2.3578e-01 6.4151e-08 5.9094e-08
6232   2.3578e-01 6.2884e-08 6.0269e-08
6233   2.3578e-01 6.1413e-08 6.1246e-08
6234   2.3578e-01 5.9742e-08 6.2022e-08
6235   2.3578e-01 5.7877e-08 6.2593e-08
6236   2.3578e-01 5.5826e-08 6.2959e-08
6237   2.3578e-01 5.3595e-08 6.3151e-08
6238   2.3578e-01 5.1192e-08 6.3844e-08
6239   2.3578e-01 4.8626e-08 6.4517e-08
6240   2.3578e-01 4.5906e-08 6.4975e-08
6241   2.3578e-01 4.3041e-08 6.5217e-08
6242   2.3578e-01 4.0040e-08 6.5248e-08
6243   2.3578e-01 3.7046e-08 6.5076e-08
6244   2.3578e-01 3.4046e-08 6.4690e-08
6245   2.3578e-01 3.0944e-08 6.4091e-08
6246   2.3578e-01 2.7782e-08 6.3281e-08
6247   2.3578e-01 2.4536e-08 6.2264e-08
6248   2.3578e-01 2.1216e-08 6.1043e-08
6249   2.3578e-01 1.7834e-08 5.9624e-08
6250   2.3578e-01 1.4436e-08 5.8010e-08
6251   2.3578e-01 1.2322e-08 5.6208e-08
6252   2.3578e-01 1.4020e-08 5.4225e-08
6253   2.3578e-01 1.6056e-08 5.2067e-08
6254   2.3578e-01 1.8195e-08 4.9742e-08
6255   2.3578e-01 2.0904e-08 4.7257e-08
6256   2.3578e-01 2.4035e-08 4.4622e-08
6257   2.3578e-01 2.7183e-08 4.1846e-08
6258   2.3578e-01 3.0305e-08 3.8937e-08
6259   2.3578e-01 3.3361e-08 3.5906e-08
6260   2.3578e-01 3.6301e-08 3.3023e-08
6261   2.3578e-01 3.9192e-08 3.0257e-08
6262   2.3578e-01 4.1951e-08 2.7396e-08
6263   2.3578e-01 4.4567e-08 2.4460e-08
6264   2.3578e-01 4.7024e-08 2.1467e-08
6265   2.3578e-01 4.9322e-08 1.8409e-08
6266   2.3578e-01 5.1460e-08 1.5296e-08
6267   2.3578e-01 5.3470e-08 1.3546e-08
6268   2.3578e-01 5.5300e-08 1.5819e-08
6269   2.3578e-01 5.6938e-08 1.8047e-08
6270   2.3578e-01 5.8387e-08 2.0226e-08
6271   2.3578e-01 5.9635e-08 2.2370e-08
6272   2.3578e-01 6.0685e-08 2.4434e-08
6273   2.3578e-01 6.1528e-08 2.6412e-08
6274   2.3578e-01 6.2168e-08 2.9033e-08
6275   2.3578e-01 6.2597e-08 3.1898e-08
6276   2.3578e-01 6.2822e-08 3.4650e-08
6277   2.3578e-01 6.3148e-08 3.7280e-08
6278   2.3578e-01 6.3340e-08 3.9796e-08
6279   2.3578e-01 6.3356e-08 4.2195e-08
6280   2.3578e-01 6.3175e-08 4.4448e-08
6281   2.3578e-01 6.3152e-08 4.6547e-08
6282   2.3578e-01 6.2922e-08 4.8488e-08
6283   2.3578e-01 6.2488e-08 5.0263e-08
6284   2.3578e-01 6.1850e-08 5.1866e-08
6285   2.3578e-01 6.1011e-08 5.3294e-08
6286   2.3578e-01 5.9975e-08 5.4542e-08
6287   2.3578e-01 5.8746e-08 5.5607e-08
6288   2.3578e-01 5.7328e-08 5.6484e-08
6289   2.3578e-01 5.5726e-08 5.7172e-08
6290   2.3578e-01 5.3947e-08 5.7676e-08
6291   2.3578e-01 5.1996e-08 5.8850e-08
6292   2.3578e-01 4.9881e-08 5.9828e-08
6293   2.3578e-01 4.7608e-08 6.0609e-08
6294   2.3578e-01 4.5186e-08 6.1190e-08
6295   2.3578e-01 4.2624e-08 6.1570e-08
6296   2.3578e-01 3.9929e-08 6.1747e-08
6297   2.3578e-01 3.7274e-08 6.1722e-08
6298   2.3578e-01 3.4567e-08 6.1512e-08
6299   2.3578e-01 3.1755e-08 6.1102e-08
6300   2.3578e-01 2.8855e-08 6.0493e-08
6301   2.3578e-01 2.5898e-08 5.9688e-08
6302   2.3578e-01 2.2864e-08 5.8690e-08
6303   2.3578e-01 1.9766e-08 5.7503e-08
6304   2.3578e-01 1.6612e-08 5.6131e-08
6305   2.3578e-01 1.3435e-08 5.4579e-08
6306   2.3578e-01 1.1936e-08 5.2852e-08
6307   2.3578e-01 1.3837e-08 5.0958e-08
6308   2.3578e-01 1.5808e-08 4.8901e-08
6309   2.3578e-01 1.8000e-08 4.6691e-08
6310   2.3578e-01 2.0907e-08 4.4333e-08
6311   2.3578e-01 2.3860e-08 4.1836e-08
6312   2.3578e-01 2.6754e-08 3.9209e-08
6313   2.3578e-01 2.9654e-08 3.6461e-08
6314   2.3578e-01 3.2458e-08 3.4032e-08
6315   2.3578e-01 3.5151e-08 3.1517e-08
6316   2.3578e-01 3.7794e-08 2.8906e-08
6317   2.3578e-01 4.0315e-08 2.6208e-08
6318   2.3578e-01 4.2699e-08 2.3432e-08
6319   2.3578e-01 4.4935e-08 2.0588e-08
6320   2.3578e-01 4.7020e-08 1.7705e-08
6321   2.3578e-01 4.8944e-08 1.4779e-08
6322   2.3578e-01 5.0746e-08 1.3659e-08
6323   2.3578e-01 5.2393e-08 1.5787e-08
6324   2.3578e-01 5.3862e-08 1.7858e-08
6325   2.3578e-01 5.5153e-08 1.9905e-08
6326   2.3578e-01 5.6258e-08 2.1895e-08
6327   2.3578e-01 5.7178e-08 2.3810e-08
6328   2.3578e-01 5.7905e-08 2.5936e-08
6329   2.3578e-01 5.8444e-08 2.8695e-08
6330   2.3578e-01 5.8787e-08 3.1354e-08
6331   2.3578e-01 5.9153e-08 3.3905e-08
6332   2.3578e-01 5.9464e-08 3.6341e-08
6333   2.3578e-01 5.9586e-08 3.8664e-08
6334   2.3578e-01 5.9537e-08 4.0880e-08
6335   2.3578e-01 5.9348e-08 4.2959e-08
6336   2.3578e-01 5.8992e-08 4.4892e-08
6337   2.3578e-01 5.8419e-08 4.6675e-08
6338   2.3578e-01 5.7681e-08 4.8302e-08
6339   2.3578e-01 5.6731e-08 4.9767e-08
6340   2.3578e-01 5.5645e-08 5.1068e-08
6341   2.3578e-01 5.4636e-08 5.2198e-08
6342   2.3578e-01 5.3450e-08 5.3156e-08
6343   2.3578e-01 5.2089e-08 5.3939e-08
6344   2.3578e-01 5.0560e-08 5.4544e-08
6345   2.3578e-01 4.8868e-08 5.4970e-08
6346   2.3578e-01 4.7017e-08 5.5216e-08
6347   2.3578e-01 4.5017e-08 5.5490e-08
6348   2.3578e-01 4.2872e-08 5.6179e-08
6349   2.3578e-01 4.0591e-08 5.6681e-08
6350   2.3578e-01 3.8182e-08 5.6994e-08
6351   2.3578e-01 3.5652e-08 5.7118e-08
6352   2.3578e-01 3.3034e-08 5.7057e-08
6353   2.3578e-01 3.0498e-08 5.6819e-08
6354   2.3578e-01 2.7867e-08 5.6395e-08
6355   2.3578e-01 2.5174e-08 5.5785e-08
6356   2.3578e-01 2.2413e-08 5.4992e-08
6357   2.3578e-01 1.9585e-08 5.4019e-08
6358   2.3578e-01 1.6699e-08 5.2870e-08
6359   2.3578e-01 1.3771e-08 5.1548e-08
6360   2.3578e-01 1.0858e-08 5.0060e-08
6361   2.3578e-01 1.1342e-08 4.8409e-08
6362   2.3578e-01 1.3066e-08 4.6603e-08
6363   2.3578e-01 1.4857e-08 4.4646e-08
6364   2.3578e-01 1.6861e-08 4.2546e-08
6365   2.3578e-01 1.9541e-08 4.0311e-08
6366   2.3578e-01 2.2258e-08 3.7948e-08
6367   2.3578e-01 2.4925e-08 3.5464e-08
6368   2.3578e-01 2.7602e-08 3.2869e-08
6369   2.3578e-01 3.0176e-08 3.0395e-08
6370   2.3578e-01 3.2666e-08 2.8022e-08
6371   2.3578e-01 3.5097e-08 2.5562e-08
6372   2.3578e-01 3.7403e-08 2.3021e-08
6373   2.3578e-01 3.9580e-08 2.0428e-08
6374   2.3578e-01 4.1618e-08 1.7779e-08
6375   2.3578e-01 4.3515e-08 1.5076e-08
6376   2.3578e-01 4.5286e-08 1.2329e-08
6377   2.3578e-01 4.6929e-08 1.2714e-08
6378   2.3578e-01 4.8415e-08 1.4697e-08
6379   2.3578e-01 4.9733e-08 1.6626e-08
6380   2.3578e-01 5.0886e-08 1.8532e-08
6381   2.3578e-01 5.1864e-08 2.0382e-08
6382   2.3578e-01 5.2671e-08 2.2160e-08
6383   2.3578e-01 5.3298e-08 2.3966e-08
6384   2.3578e-01 5.3750e-08 2.6531e-08
6385   2.3578e-01 5.4021e-08 2.9001e-08
6386   2.3578e-01 5.4253e-08 3.1369e-08
6387   2.3578e-01 5.4493e-08 3.3627e-08
6388   2.3578e-01 5.4564e-08 3.5795e-08
6389   2.3578e-01 5.4510e-08 3.7844e-08
6390   2.3578e-01 5.4338e-08 3.9762e-08
6391   2.3578e-01 5.4221e-08 4.1544e-08
6392   2.3578e-01 5.3927e-08 4.3184e-08
6393   2.3578e-01 5.3457e-08 4.4677e-08
6394   2.3578e-01 5.2813e-08 4.6018e-08
6395   2.3578e-01 5.1999e-08 4.7203e-08
6396   2.3578e-01 5.1016e-08 4.8230e-08
6397   2.3578e-01 4.9869e-08 4.9094e-08
6398   2.3578e-01 4.8562e-08 4.9793e-08
6399   2.3578e-01 4.7100e-08 5.0326e-08
6400   2.3578e-01 4.5488e-08 5.0927e-08
6401   2.3578e-01 4.3731e-08 5.1875e-08
6402   2.3578e-01 4.1837e-08 5.2651e-08
6403   2.3578e-01 3.9811e-08 5.3253e-08
6404   2.3578e-01 3.7660e-08 5.3680e-08
6405   2.3578e-01 3.5392e-08 5.3930e-08
6406   2.3578e-01 3.3062e-08 5.4004e-08
6407   2.3578e-01 3.0777e-08 5.3906e-08
6408   2.3578e-01 2.8398e-08 5.3640e-08
6409   2.3578e-01 2.5933e-08 5.3200e-08
6410   2.3578e-01 2.3418e-08 5.2586e-08
6411   2.3578e-01 2.0837e-08 5.1802e-08
6412   2.3578e-01 1.8196e-08 5.0851e-08
6413   2.3578e-01 1.5504e-08 4.9737e-08
6414   2.3578e-01 1.2770e-08 4.8463e-08
6415   2.3578e-01 1.0056e-08 4.7034e-08
6416   2.3578e-01 1.1188e-08 4.5456e-08
6417   2.3578e-01 1.2836e-08 4.3732e-08
6418   2.3578e-01 1.4555e-08 4.1870e-08
6419   2.3578e-01 1.6917e-08 3.9876e-08
6420   2.3578e-01 1.9421e-08 3.7756e-08
6421   2.3578e-01 2.1944e-08 3.5519e-08
6422   2.3578e-01 2.4423e-08 3.3171e-08
6423   2.3578e-01 2.6880e-08 3.1064e-08
6424   2.3578e-01 2.9240e-08 2.8911e-08
6425   2.3578e-01 3.1519e-08 2.6670e-08
6426   2.3578e-01 3.3742e-08 2.4349e-08
6427   2.3578e-01 3.5846e-08 2.1954e-08
6428   2.3578e-01 3.7830e-08 1.9495e-08
6429   2.3578e-01 3.9682e-08 1.6985e-08
6430   2.3578e-01 4.1401e-08 1.4445e-08
6431   2.3578e-01 4.2983e-08 1.1864e-08
6432   2.3578e-01 4.4465e-08 1.2726e-08
6433   2.3578e-01 4.5799e-08 1.4571e-08
6434   2.3578e-01 4.6978e-08 1.6372e-08
6435   2.3578e-01 4.8002e-08 1.8152e-08
6436   2.3578e-01 4.8864e-08 1.9869e-08
6437   2.3578e-01 4.9565e-08 2.1517e-08
6438   2.3578e-01 5.0100e-08 2.3705e-08
6439   2.3578e-01 5.0472e-08 2.6087e-08
6440   2.3578e-01 5.0725e-08 2.8378e-08
6441   2.3578e-01 5.1073e-08 3.0572e-08
6442   2.3578e-01 5.1249e-08 3.2661e-08
6443   2.3578e-01 5.1329e-08 3.4663e-08
6444   2.3578e-01 5.1263e-08 3.6554e-08
6445   2.3578e-01 5.1007e-08 3.8322e-08
6446   2.3578e-01 5.0607e-08 3.9961e-08
6447   2.3578e-01 5.0021e-08 4.1466e-08
6448   2.3578e-01 4.9294e-08 4.2833e-08
6449   2.3578e-01 4.8386e-08 4.4057e-08
6450   2.3578e-01 4.7430e-08 4.5134e-08
6451   2.3578e-01 4.6478e-08 4.6061e-08
6452   2.3578e-01 4.5375e-08 4.6837e-08
6453   2.3578e-01 4.4124e-08 4.7457e-08
6454   2.3578e-01 4.2731e-08 4.7922e-08
6455   2.3578e-01 4.1200e-08 4.8229e-08
6456   2.3578e-01 3.9536e-08 4.8378e-08
6457   2.3578e-01 3.7747e-08 4.8856e-08
6458   2.3578e-01 3.5837e-08 4.9383e-08
6459   2.3578e-01 3.3813e-08 4.9745e-08
6460   2.3578e-01 3.1683e-08 4.9942e-08
6461   2.3578e-01 2.9453e-08 4.9974e-08
6462   2.3578e-01 2.7254e-08 4.9844e-08
6463   2.3578e-01 2.5027e-08 4.9560e-08
6464   2.3578e-01 2.2732e-08 4.9113e-08
6465   2.3578e-01 2.0387e-08 4.8505e-08
6466   2.3578e-01 1.7980e-08 4.7738e-08
6467   2.3578e-01 1.5519e-08 4.6815e-08
6468   2.3578e-01 1.3012e-08 4.5740e-08
6469   2.3578e-01 1.0506e-08 4.4516e-08
6470   2.3578e-01 9.3586e-09 4.3148e-08
6471   2.3578e-01 1.0599e-08 4.1640e-08
6472   2.3578e-01 1.2100e-08 3.9998e-08
6473   2.3578e-01 1.3674e-08 3.8228e-08
6474   2.3578e-01 1.5863e-08 3.6336e-08
6475   2.3578e-01 1.8170e-08 3.4328e-08
6476   2.3578e-01 2.0493e-08 3.2212e-08
6477   2.3578e-01 2.2785e-08 2.9994e-08
6478   2.3578e-01 2.5042e-08 2.7866e-08
6479   2.3578e-01 2.7209e-08 2.5835e-08
6480   2.3578e-01 2.9321e-08 2.3722e-08
6481   2.3578e-01 3.1356e-08 2.1535e-08
6482   2.3578e-01 3.3279e-08 1.9284e-08
6483   2.3578e-01 3.5088e-08 1.6993e-08
6484   2.3578e-01 3.6774e-08 1.4651e-08
6485   2.3578e-01 3.8336e-08 1.2265e-08
6486   2.3578e-01 3.9799e-08 1.0130e-08
6487   2.3578e-01 4.1137e-08 1.1878e-08
6488   2.3578e-01 4.2338e-08 1.3596e-08
6489   2.3578e-01 4.3392e-08 1.5274e-08
6490   2.3578e-01 4.4303e-08 1.6929e-08
6491   2.3578e-01 4.5062e-08 1.8524e-08
6492   2.3578e-01 4.5672e-08 2.0053e-08
6493   2.3578e-01 4.6127e-08 2.1964e-08
6494   2.3578e-01 4.6430e-08 2.4177e-08
6495   2.3578e-01 4.6582e-08 2.6305e-08
6496   2.3578e-01 4.6861e-08 2.8339e-08
6497   2.3578e-01 4.7025e-08 3.0282e-08
6498   2.3578e-01 4.7057e-08 3.2140e-08
6499   2.3578e-01 4.6952e-08 3.3888e-08
6500   2.3578e-01 4.6692e-08 3.5519e-08
6501   2.3578e-01 4.6508e-08 3.7028e-08
6502   2.3578e-01 4.6172e-08 3.8411e-08
6503   2.3578e-01 4.5685e-08 3.9663e-08
6504   2.3578e-01 4.5051e-08 4.0781e-08
6505   2.3578e-01 4.4270e-08 4.1762e-08
6506   2.3578e-01 4.3347e-08 4.2602e-08
6507   2.3578e-01 4.2285e-08 4.3298e-08
6508   2.3578e-01 4.1087e-08 4.3850e-08
6509   2.3578e-01 3.9758e-08 4.4256e-08
6510   2.3578e-01 3.8303e-08 4.4920e-08
6511   2.3578e-01 3.6726e-08 4.5680e-08
6512   2.3578e-01 3.5033e-08 4.6289e-08
6513   2.3578e-01 3.3231e-08 4.6745e-08
6514   2.3578e-01 3.1325e-08 4.7046e-08
6515   2.3578e-01 2.9322e-08 4.7194e-08
6516   2.3578e-01 2.7355e-08 4.7186e-08
6517   2.3578e-01 2.5344e-08 4.7036e-08
6518   2.3578e-01 2.3257e-08 4.6733e-08
6519   2.3578e-01 2.1113e-08 4.6277e-08
6520   2.3578e-01 1.8920e-08 4.5671e-08
6521   2.3578e-01 1.6671e-08 4.4918e-08
6522   2.3578e-01 1.4375e-08 4.4020e-08
6523   2.3578e-01 1.2038e-08 4.2979e-08
6524   2.3578e-01 9.6984e-09 4.1801e-08
6525   2.3578e-01 9.0234e-09 4.0490e-08
6526   2.3578e-01 1.0423e-08 3.9049e-08
6527   2.3578e-01 1.1870e-08 3.7484e-08
6528   2.3578e-01 1.3627e-08 3.5800e-08
6529   2.3578e-01 1.5779e-08 3.4004e-08
6530   2.3578e-01 1.7951e-08 3.2102e-08
6531   2.3578e-01 2.0087e-08 3.0099e-08
6532   2.3578e-01 2.2215e-08 2.8268e-08
6533   2.3578e-01 2.4286e-08 2.6430e-08
6534   2.3578e-01 2.6270e-08 2.4510e-08
6535   2.3578e-01 2.8204e-08 2.2516e-08
6536   2.3578e-01 3.0063e-08 2.0454e-08
6537   2.3578e-01 3.1816e-08 1.8332e-08
6538   2.3578e-01 3.3462e-08 1.6155e-08
6539   2.3578e-01 3.4992e-08 1.3948e-08
6540   2.3578e-01 3.6406e-08 1.1706e-08
6541   2.3578e-01 3.7711e-08 1.0167e-08
6542   2.3578e-01 3.8915e-08 1.1807e-08
6543   2.3578e-01 3.9991e-08 1.3404e-08
6544   2.3578e-01 4.0931e-08 1.4979e-08
6545   2.3578e-01 4.1736e-08 1.6515e-08
6546   2.3578e-01 4.2400e-08 1.7994e-08
6547   2.3578e-01 4.2925e-08 1.9484e-08
6548   2.3578e-01 4.3306e-08 2.1613e-08
6549   2.3578e-01 4.3547e-08 2.3667e-08
6550   2.3578e-01 4.3837e-08 2.5639e-08
6551   2.3578e-01 4.4096e-08 2.7524e-08
6552   2.3578e-01 4.4247e-08 2.9318e-08
6553   2.3578e-01 4.4235e-08 3.1035e-08
6554   2.3578e-01 4.4096e-08 3.2647e-08
6555   2.3578e-01 4.3796e-08 3.4149e-08
6556   2.3578e-01 4.3370e-08 3.5536e-08
6557   2.3578e-01 4.2786e-08 3.6803e-08
6558   2.3578e-01 4.2082e-08 3.7948e-08
6559   2.3578e-01 4.1224e-08 3.8967e-08
6560   2.3578e-01 4.0386e-08 3.9855e-08
6561   2.3578e-01 3.9495e-08 4.0612e-08
6562   2.3578e-01 3.8476e-08 4.1235e-08
6563   2.3578e-01 3.7332e-08 4.1721e-08
6564   2.3578e-01 3.6068e-08 4.2070e-08
6565   2.3578e-01 3.4688e-08 4.2282e-08
6566   2.3578e-01 3.3197e-08 4.2432e-08
6567   2.3578e-01 3.1599e-08 4.2968e-08
6568   2.3578e-01 2.9902e-08 4.3362e-08
6569   2.3578e-01 2.8110e-08 4.3612e-08
6570   2.3578e-01 2.6229e-08 4.3717e-08
6571   2.3578e-01 2.4306e-08 4.3678e-08
6572   2.3578e-01 2.2422e-08 4.3498e-08
6573   2.3578e-01 2.0469e-08 4.3183e-08
6574   2.3578e-01 1.8478e-08 4.2727e-08
6575   2.3578e-01 1.6430e-08 4.2130e-08
6576   2.3578e-01 1.4333e-08 4.1396e-08
6577   2.3578e-01 1.2194e-08 4.0527e-08
6578   2.3578e-01 1.0034e-08 3.9526e-08
6579   2.3578e-01 7.8761e-09 3.8396e-08
6580   2.3578e-01 8.5920e-09 3.7143e-08
6581   2.3578e-01 9.8664e-09 3.5770e-08
6582   2.3578e-01 1.1187e-08 3.4282e-08
6583   2.3578e-01 1.2821e-08 3.2684e-08
6584   2.3578e-01 1.4805e-08 3.0983e-08
6585   2.3578e-01 1.6807e-08 2.9182e-08
6586   2.3578e-01 1.8772e-08 2.7290e-08
6587   2.3578e-01 2.0739e-08 2.5457e-08
6588   2.3578e-01 2.2640e-08 2.3722e-08
6589   2.3578e-01 2.4460e-08 2.1912e-08
6590   2.3578e-01 2.6250e-08 2.0033e-08
6591   2.3578e-01 2.7949e-08 1.8092e-08
6592   2.3578e-01 2.9549e-08 1.6104e-08
6593   2.3578e-01 3.1049e-08 1.4077e-08
6594   2.3578e-01 3.2440e-08 1.2008e-08
6595   2.3578e-01 3.3722e-08 9.9034e-09
6596   2.3578e-01 3.4927e-08 9.5172e-09
6597   2.3578e-01 3.6012e-08 1.1045e-08
6598   2.3578e-01 3.6976e-08 1.2532e-08
6599   2.3578e-01 3.7814e-08 1.3999e-08
6600   2.3578e-01 3.8526e-08 1.5427e-08
6601   2.3578e-01 3.9107e-08 1.6800e-08
6602   2.3578e-01 3.9559e-08 1.8114e-08
6603   2.3578e-01 3.9877e-08 2.0074e-08
6604   2.3578e-01 4.0064e-08 2.1982e-08
6605   2.3578e-01 4.0289e-08 2.3812e-08
6606   2.3578e-01 4.0511e-08 2.5558e-08
6607   2.3578e-01 4.0614e-08 2.7231e-08
6608   2.3578e-01 4.0566e-08 2.8818e-08
6609   2.3578e-01 4.0400e-08 3.0306e-08
6610   2.3578e-01 4.0087e-08 3.1689e-08
6611   2.3578e-01 3.9857e-08 3.2965e-08
6612   2.3578e-01 3.9497e-08 3.4128e-08
6613   2.3578e-01 3.9008e-08 3.5176e-08
6614   2.3578e-01 3.8393e-08 3.6104e-08
6615   2.3578e-01 3.7654e-08 3.6911e-08
6616   2.3578e-01 3.6793e-08 3.7594e-08
6617   2.3578e-01 3.5815e-08 3.8151e-08
6618   2.3578e-01 3.4722e-08 3.8580e-08
6619   2.3578e-01 3.3518e-08 3.8881e-08
6620   2.3578e-01 3.2208e-08 3.9581e-08
6621   2.3578e-01 3.0796e-08 4.0184e-08
6622   2.3578e-01 2.9288e-08 4.0655e-08
6623   2.3578e-01 2.7687e-08 4.0991e-08
6624   2.3578e-01 2.6001e-08 4.1193e-08
6625   2.3578e-01 2.4274e-08 4.1259e-08
6626   2.3578e-01 2.2576e-08 4.1195e-08
6627   2.3578e-01 2.0809e-08 4.1002e-08
6628   2.3578e-01 1.8984e-08 4.0675e-08
6629   2.3578e-01 1.7121e-08 4.0216e-08
6630   2.3578e-01 1.5207e-08 3.9627e-08
6631   2.3578e-01 1.3249e-08 3.8910e-08
6632   2.3578e-01 1.1254e-08 3.8067e-08
6633   2.3578e-01 9.2378e-09 3.7101e-08
6634   2.3578e-01 7.4085e-09 3.6017e-08
6635   2.3578e-01 8.4426e-09 3.4817e-08
6636   2.3578e-01 9.6536e-09 3.3507e-08
6637   2.3578e-01 1.0944e-08 3.2091e-08
6638   2.3578e-01 1.2791e-08 3.0573e-08
6639   2.3578e-01 1.4633e-08 2.8959e-08
6640   2.3578e-01 1.6500e-08 2.7254e-08
6641   2.3578e-01 1.8319e-08 2.5654e-08
6642   2.3578e-01 2.0131e-08 2.4088e-08
6643   2.3578e-01 2.1874e-08 2.2448e-08
6644   2.3578e-01 2.3542e-08 2.0738e-08
6645   2.3578e-01 2.5177e-08 1.8966e-08
6646   2.3578e-01 2.6728e-08 1.7137e-08
6647   2.3578e-01 2.8185e-08 1.5257e-08
6648   2.3578e-01 2.9548e-08 1.3337e-08
6649   2.3578e-01 3.0809e-08 1.1393e-08
6650   2.3578e-01 3.1967e-08 9.4167e-09
6651   2.3578e-01 3.3042e-08 9.4926e-09
6652   2.3578e-01 3.4016e-08 1.0914e-08
6653   2.3578e-01 3.4878e-08 1.2298e-08
6654   2.3578e-01 3.5622e-08 1.3671e-08
6655   2.3578e-01 3.6248e-08 1.4995e-08
6656   2.3578e-01 3.6752e-08 1.6268e-08
6657   2.3578e-01 3.7137e-08 1.7826e-08
6658   2.3578e-01 3.7396e-08 1.9663e-08
6659   2.3578e-01 3.7627e-08 2.1432e-08
6660   2.3578e-01 3.7935e-08 2.3128e-08
6661   2.3578e-01 3.8105e-08 2.4744e-08
6662   2.3578e-01 3.8165e-08 2.6288e-08
6663   2.3578e-01 3.8085e-08 2.7753e-08
6664   2.3578e-01 3.7895e-08 2.9124e-08
6665   2.3578e-01 3.7567e-08 3.0397e-08
6666   2.3578e-01 3.7131e-08 3.1568e-08
6667   2.3578e-01 3.6561e-08 3.2633e-08
6668   2.3578e-01 3.5886e-08 3.3589e-08
6669   2.3578e-01 3.5082e-08 3.4433e-08
6670   2.3578e-01 3.4350e-08 3.5162e-08
6671   2.3578e-01 3.3523e-08 3.5776e-08
6672   2.3578e-01 3.2586e-08 3.6271e-08
6673   2.3578e-01 3.1545e-08 3.6646e-08
6674   2.3578e-01 3.0401e-08 3.6901e-08
6675   2.3578e-01 2.9161e-08 3.7035e-08
6676   2.3578e-01 2.7827e-08 3.7338e-08
6677   2.3578e-01 2.6404e-08 3.7750e-08
6678   2.3578e-01 2.4898e-08 3.8036e-08
6679   2.3578e-01 2.3314e-08 3.8196e-08
6680   2.3578e-01 2.1656e-08 3.8229e-08
6681   2.3578e-01 2.0041e-08 3.8137e-08
6682   2.3578e-01 1.8386e-08 3.7921e-08
6683   2.3578e-01 1.6689e-08 3.7589e-08
6684   2.3578e-01 1.4949e-08 3.7133e-08
6685   2.3578e-01 1.3164e-08 3.6555e-08
6686   2.3578e-01 1.1339e-08 3.5858e-08
6687   2.3578e-01 9.4810e-09 3.5045e-08
6688   2.3578e-01 7.6323e-09 3.4118e-08
6689   2.3578e-01 7.1059e-09 3.3080e-08
6690   2.3578e-01 8.0157e-09 3.1935e-08
6691   2.3578e-01 9.1241e-09 3.0688e-08
6692   2.3578e-01 1.0340e-08 2.9343e-08
6693   2.3578e-01 1.2038e-08 2.7903e-08
6694   2.3578e-01 1.3737e-08 2.6375e-08
6695   2.3578e-01 1.5455e-08 2.4764e-08
6696   2.3578e-01 1.7137e-08 2.3183e-08
6697   2.3578e-01 1.8802e-08 2.1704e-08
6698   2.3578e-01 2.0401e-08 2.0155e-08
6699   2.3578e-01 2.1945e-08 1.8544e-08
6700   2.3578e-01 2.3442e-08 1.6875e-08
6701   2.3578e-01 2.4858e-08 1.5154e-08
6702   2.3578e-01 2.6187e-08 1.3400e-08
6703   2.3578e-01 2.7427e-08 1.1609e-08
6704   2.3578e-01 2.8572e-08 9.7827e-09
6705   2.3578e-01 2.9629e-08 7.9282e-09
6706   2.3578e-01 3.0610e-08 8.9039e-09
6707   2.3578e-01 3.1486e-08 1.0227e-08
6708   2.3578e-01 3.2256e-08 1.1518e-08
6709   2.3578e-01 3.2916e-08 1.2793e-08
6710   2.3578e-01 3.3467e-08 1.4023e-08
6711   2.3578e-01 3.3905e-08 1.5204e-08
6712   2.3578e-01 3.4230e-08 1.6591e-08
6713   2.3578e-01 3.4440e-08 1.8298e-08
6714   2.3578e-01 3.4636e-08 1.9939e-08
6715   2.3578e-01 3.4891e-08 2.1511e-08
6716   2.3578e-01 3.5018e-08 2.3009e-08
6717   2.3578e-01 3.5041e-08 2.4446e-08
6718   2.3578e-01 3.4935e-08 2.5799e-08
6719   2.3578e-01 3.4727e-08 2.7064e-08
6720   2.3578e-01 3.4391e-08 2.8235e-08
6721   2.3578e-01 3.4124e-08 2.9311e-08
6722   2.3578e-01 3.3753e-08 3.0286e-08
6723   2.3578e-01 3.3272e-08 3.1160e-08
6724   2.3578e-01 3.2684e-08 3.1928e-08
6725   2.3578e-01 3.1990e-08 3.2589e-08
6726   2.3578e-01 3.1193e-08 3.3140e-08
6727   2.3578e-01 3.0297e-08 3.3580e-08
6728   2.3578e-01 2.9304e-08 3.3909e-08
6729   2.3578e-01 2.8217e-08 3.4253e-08
6730   2.3578e-01 2.7041e-08 3.4842e-08
6731   2.3578e-01 2.5780e-08 3.5316e-08
6732   2.3578e-01 2.4438e-08 3.5673e-08
6733   2.3578e-01 2.3020e-08 3.5913e-08
6734   2.3578e-01 2.1530e-08 3.6034e-08
6735   2.3578e-01 2.0073e-08 3.6038e-08
6736   2.3578e-01 1.8579e-08 3.5932e-08
6737   2.3578e-01 1.7029e-08 3.5709e-08
6738   2.3578e-01 1.5444e-08 3.5370e-08
6739   2.3578e-01 1.3817e-08 3.4916e-08
6740   2.3578e-01 1.2149e-08 3.4349e-08
6741   2.3578e-01 1.0446e-08 3.3671e-08
6742   2.3578e-01 8.7148e-09 3.2885e-08
6743   2.3578e-01 6.9912e-09 3.1993e-08
6744   2.3578e-01 6.8254e-09 3.0998e-08
6745   2.3578e-01 7.8563e-09 2.9904e-08
6746   2.3578e-01 8.9199e-09 2.8716e-08
6747   2.3578e-01 1.0324e-08 2.7436e-08
6748   2.3578e-01 1.1915e-08 2.6070e-08
6749   2.3578e-01 1.3513e-08 2.4622e-08
6750   2.3578e-01 1.5093e-08 2.3222e-08
6751   2.3578e-01 1.6655e-08 2.1890e-08
6752   2.3578e-01 1.8182e-08 2.0491e-08
6753   2.3578e-01 1.9646e-08 1.9029e-08
6754   2.3578e-01 2.1061e-08 1.7508e-08
6755   2.3578e-01 2.2428e-08 1.5935e-08
6756   2.3578e-01 2.3719e-08 1.4314e-08
6757   2.3578e-01 2.4928e-08 1.2650e-08
6758   2.3578e-01 2.6054e-08 1.0963e-08
6759   2.3578e-01 2.7089e-08 9.2475e-09
6760   2.3578e-01 2.8035e-08 7.5601e-09
6761   2.3578e-01 2.8917e-08 8.8219e-09
6762   2.3578e-01 2.9701e-08 1.0052e-08
6763   2.3578e-01 3.0387e-08 1.1262e-08
6764   2.3578e-01 3.0970e-08 1.2446e-08
6765   2.3578e-01 3.1452e-08 1.3587e-08
6766   2.3578e-01 3.1828e-08 1.4680e-08
6767   2.3578e-01 3.2099e-08 1.6266e-08
6768   2.3578e-01 3.2305e-08 1.7849e-08
6769   2.3578e-01 3.2604e-08 1.9371e-08
6770   2.3578e-01 3.2811e-08 2.0827e-08
6771   2.3578e-01 3.2897e-08 2.2211e-08
6772   2.3578e-01 3.2888e-08 2.3538e-08
6773   2.3578e-01 3.2759e-08 2.4786e-08
6774   2.3578e-01 3.2534e-08 2.5950e-08
6775   2.3578e-01 3.2192e-08 2.7027e-08
6776   2.3578e-01 3.1758e-08 2.8013e-08
6777   2.3578e-01 3.1208e-08 2.8905e-08
6778   2.3578e-01 3.0570e-08 2.9701e-08
6779   2.3578e-01 2.9852e-08 3.0397e-08
6780   2.3578e-01 2.9182e-08 3.0993e-08
6781   2.3578e-01 2.8418e-08 3.1487e-08
6782   2.3578e-01 2.7562e-08 3.1876e-08
6783   2.3578e-01 2.6618e-08 3.2160e-08
6784   2.3578e-01 2.5587e-08 3.2339e-08
6785   2.3578e-01 2.4475e-08 3.2427e-08
6786   2.3578e-01 2.3285e-08 3.2822e-08
6787   2.3578e-01 2.2021e-08 3.3132e-08
6788   2.3578e-01 2.0687e-08 3.3331e-08
6789   2.3578e-01 1.9289e-08 3.3419e-08
6790   2.3578e-01 1.7875e-08 3.3397e-08
6791   2.3578e-01 1.6475e-08 3.3265e-08
6792   2.3578e-01 1.5030e-08 3.3030e-08
6793   2.3578e-01 1.3552e-08 3.2689e-08
6794   2.3578e-01 1.2033e-08 3.2240e-08
6795   2.3578e-01 1.0477e-08 3.1687e-08
6796   2.3578e-01 8.8912e-09 3.1030e-08
6797   2.3578e-01 7.2975e-09 3.0272e-08
6798   2.3578e-01 5.8854e-09 2.9416e-08
6799   2.3578e-01 6.5092e-09 2.8465e-08
6800   2.3578e-01 7.4517e-09 2.7423e-08
6801   2.3578e-01 8.4254e-09 2.6293e-08
6802   2.3578e-01 9.7491e-09 2.5078e-08
6803   2.3578e-01 1.1215e-08 2.3784e-08
6804   2.3578e-01 1.2690e-08 2.2415e-08
6805   2.3578e-01 1.4143e-08 2.1048e-08
6806   2.3578e-01 1.5586e-08 1.9789e-08
6807   2.3578e-01 1.6988e-08 1.8468e-08
6808   2.3578e-01 1.8331e-08 1.7089e-08
6809   2.3578e-01 1.9639e-08 1.5656e-08
6810   2.3578e-01 2.0888e-08 1.4175e-08
6811   2.3578e-01 2.2067e-08 1.2653e-08
6812   2.3578e-01 2.3168e-08 1.1105e-08
6813   2.3578e-01 2.4190e-08 9.5229e-09
6814   2.3578e-01 2.5128e-08 7.9130e-09
6815   2.3578e-01 2.5999e-08 7.1127e-09
6816   2.3578e-01 2.6793e-08 8.2880e-09
6817   2.3578e-01 2.7496e-08 9.4329e-09
6818   2.3578e-01 2.8107e-08 1.0560e-08
6819   2.3578e-01 2.8622e-08 1.1660e-08
6820   2.3578e-01 2.9042e-08 1.2718e-08
6821   2.3578e-01 2.9364e-08 1.3732e-08
6822   2.3578e-01 2.9589e-08 1.5166e-08
6823   2.3578e-01 2.9769e-08 1.6637e-08
6824   2.3578e-01 3.0022e-08 1.8048e-08
6825   2.3578e-01 3.0186e-08 1.9397e-08
6826   2.3578e-01 3.0239e-08 2.0686e-08
6827   2.3578e-01 3.0202e-08 2.1913e-08
6828   2.3578e-01 3.0055e-08 2.3065e-08
6829   2.3578e-01 2.9820e-08 2.4137e-08
6830   2.3578e-01 2.9475e-08 2.5127e-08
6831   2.3578e-01 2.9187e-08 2.6032e-08
6832   2.3578e-01 2.8816e-08 2.6848e-08
6833   2.3578e-01 2.8351e-08 2.7574e-08
6834   2.3578e-01 2.7795e-08 2.8206e-08
6835   2.3578e-01 2.7149e-08 2.8744e-08
6836   2.3578e-01 2.6415e-08 2.9186e-08
6837   2.3578e-01 2.5598e-08 2.9530e-08
6838   2.3578e-01 2.4698e-08 2.9776e-08
6839   2.3578e-01 2.3721e-08 3.0171e-08
6840   2.3578e-01 2.2668e-08 3.0640e-08
6841   2.3578e-01 2.1544e-08 3.1007e-08
6842   2.3578e-01 2.0353e-08 3.1272e-08
6843   2.3578e-01 1.9098e-08 3.1433e-08
6844   2.3578e-01 1.7819e-08 3.1492e-08
6845   2.3578e-01 1.6557e-08 3.1451e-08
6846   2.3578e-01 1.5244e-08 3.1312e-08
6847   2.3578e-01 1.3894e-08 3.1070e-08
6848   2.3578e-01 1.2511e-08 3.0727e-08
6849   2.3578e-01 1.1092e-08 3.0285e-08
6850   2.3578e-01 9.6398e-09 2.9744e-08
6851   2.3578e-01 8.1608e-09 2.9108e-08
6852   2.3578e-01 6.6751e-09 2.8378e-08
6853   2.3578e-01 5.6287e-09 2.7557e-08
6854   2.3578e-01 6.3735e-09 2.6647e-08
6855   2.3578e-01 7.2650e-09 2.5653e-08
6856   2.3578e-01 8.3147e-09 2.4577e-08
6857   2.3578e-01 9.6775e-09 2.3424e-08
6858   2.3578e-01 1.1034e-08 2.2197e-08
6859   2.3578e-01 1.2413e-08 2.0968e-08
6860   2.3578e-01 1.3749e-08 1.9839e-08
6861   2.3578e-01 1.5087e-08 1.8649e-08
6862   2.3578e-01 1.6372e-08 1.7400e-08
6863   2.3578e-01 1.7600e-08 1.6098e-08
6864   2.3578e-01 1.8798e-08 1.4747e-08
6865   2.3578e-01 1.9939e-08 1.3351e-08
6866   2.3578e-01 2.1012e-08 1.1916e-08
6867   2.3578e-01 2.2012e-08 1.0450e-08
6868   2.3578e-01 2.2938e-08 8.9636e-09
6869   2.3578e-01 2.3786e-08 7.4521e-09
6870   2.3578e-01 2.4563e-08 7.0730e-09
6871   2.3578e-01 2.5276e-08 8.1661e-09
6872   2.3578e-01 2.5903e-08 9.2300e-09
6873   2.3578e-01 2.6445e-08 1.0285e-08
6874   2.3578e-01 2.6898e-08 1.1306e-08
6875   2.3578e-01 2.7262e-08 1.2287e-08
6876   2.3578e-01 2.7535e-08 1.3392e-08
6877   2.3578e-01 2.7718e-08 1.4808e-08
6878   2.3578e-01 2.8017e-08 1.6171e-08
6879   2.3578e-01 2.8225e-08 1.7479e-08
6880   2.3578e-01 2.8351e-08 1.8727e-08
6881   2.3578e-01 2.8373e-08 1.9917e-08
6882   2.3578e-01 2.8313e-08 2.1050e-08
6883   2.3578e-01 2.8150e-08 2.2111e-08
6884   2.3578e-01 2.7904e-08 2.3097e-08
6885   2.3578e-01 2.7559e-08 2.4006e-08
6886   2.3578e-01 2.7133e-08 2.4834e-08
6887   2.3578e-01 2.6611e-08 2.5580e-08
6888   2.3578e-01 2.6012e-08 2.6239e-08
6889   2.3578e-01 2.5385e-08 2.6812e-08
6890   2.3578e-01 2.4764e-08 2.7296e-08
6891   2.3578e-01 2.4063e-08 2.7689e-08
6892   2.3578e-01 2.3283e-08 2.7991e-08
6893   2.3578e-01 2.2429e-08 2.8200e-08
6894   2.3578e-01 2.1504e-08 2.8317e-08
6895   2.3578e-01 2.0509e-08 2.8501e-08
6896   2.3578e-01 1.9449e-08 2.8823e-08
6897   2.3578e-01 1.8328e-08 2.9049e-08
6898   2.3578e-01 1.7149e-08 2.9178e-08
6899   2.3578e-01 1.5917e-08 2.9211e-08
6900   2.3578e-01 1.4729e-08 2.9147e-08
6901   2.3578e-01 1.3500e-08 2.8990e-08
6902   2.3578e-01 1.2245e-08 2.8743e-08
6903   2.3578e-01 1.0953e-08 2.8401e-08
6904   2.3578e-01 9.6280e-09 2.7967e-08
6905   2.3578e-01 8.2746e-09 2.7441e-08
6906   2.3578e-01 6.9015e-09 2.6826e-08
6907   2.3578e-01 5.5337e-09 2.6125e-08
6908   2.3578e-01 5.3949e-09 2.5338e-08
6909   2.3578e-01 6.0627e-09 2.4470e-08
6910   2.3578e-01 6.8838e-09 2.3523e-08
6911   2.3578e-01 7.8802e-09 2.2501e-08
6912   2.3578e-01 9.1358e-09 2.1407e-08
6913   2.3578e-01 1.0388e-08 2.0245e-08
6914   2.3578e-01 1.1657e-08 1.9056e-08
6915   2.3578e-01 1.2892e-08 1.7988e-08
6916   2.3578e-01 1.4122e-08 1.6863e-08
6917   2.3578e-01 1.5300e-08 1.5685e-08
6918   2.3578e-01 1.6428e-08 1.4458e-08
6919   2.3578e-01 1.7532e-08 1.3185e-08
6920   2.3578e-01 1.8573e-08 1.1872e-08
6921   2.3578e-01 1.9551e-08 1.0531e-08
6922   2.3578e-01 2.0461e-08 9.1629e-09
6923   2.3578e-01 2.1301e-08 7.7674e-09
6924   2.3578e-01 2.2068e-08 6.3492e-09
6925   2.3578e-01 2.2782e-08 6.6640e-09
6926   2.3578e-01 2.3422e-08 7.6815e-09
6927   2.3578e-01 2.3982e-08 8.6723e-09
6928   2.3578e-01 2.4463e-08 9.6540e-09
6929   2.3578e-01 2.4860e-08 1.0601e-08
6930   2.3578e-01 2.5175e-08 1.1511e-08
6931   2.3578e-01 2.5405e-08 1.2513e-08
6932   2.3578e-01 2.5560e-08 1.3828e-08
6933   2.3578e-01 2.5825e-08 1.5093e-08
6934   2.3578e-01 2.5996e-08 1.6305e-08
6935   2.3578e-01 2.6088e-08 1.7460e-08
6936   2.3578e-01 2.6085e-08 1.8568e-08
6937   2.3578e-01 2.6005e-08 1.9614e-08
6938   2.3578e-01 2.5830e-08 2.0592e-08
6939   2.3578e-01 2.5579e-08 2.1500e-08
6940   2.3578e-01 2.5235e-08 2.2335e-08
6941   2.3578e-01 2.4941e-08 2.3094e-08
6942   2.3578e-01 2.4577e-08 2.3775e-08
6943   2.3578e-01 2.4133e-08 2.4375e-08
6944   2.3578e-01 2.3611e-08 2.4894e-08
6945   2.3578e-01 2.3013e-08 2.5329e-08
6946   2.3578e-01 2.2342e-08 2.5679e-08
6947   2.3578e-01 2.1599e-08 2.5944e-08
6948   2.3578e-01 2.0788e-08 2.6122e-08
6949   2.3578e-01 1.9910e-08 2.6550e-08
6950   2.3578e-01 1.8970e-08 2.6918e-08
6951   2.3578e-01 1.7970e-08 2.7198e-08
6952   2.3578e-01 1.6915e-08 2.7388e-08
6953   2.3578e-01 1.5806e-08 2.7487e-08
6954   2.3578e-01 1.4728e-08 2.7497e-08
6955   2.3578e-01 1.3617e-08 2.7424e-08
6956   2.3578e-01 1.2468e-08 2.7260e-08
6957   2.3578e-01 1.1293e-08 2.7009e-08
6958   2.3578e-01 1.0086e-08 2.6669e-08
6959   2.3578e-01 8.8485e-09 2.6243e-08
6960   2.3578e-01 7.5860e-09 2.5732e-08
6961   2.3578e-01 6.3061e-09 2.5138e-08
6962   2.3578e-01 5.0324e-09 2.4463e-08
6963   2.3578e-01 5.1647e-09 2.3709e-08
6964   2.3578e-01 5.9247e-09 2.2880e-08
6965   2.3578e-01 6.7072e-09 2.1979e-08
6966   2.3578e-01 7.8257e-09 2.1007e-08
6967   2.3578e-01 9.0037e-09 1.9969e-08
6968   2.3578e-01 1.0180e-08 1.8891e-08
6969   2.3578e-01 1.1347e-08 1.7936e-08
6970   2.3578e-01 1.2494e-08 1.6925e-08
6971   2.3578e-01 1.3621e-08 1.5861e-08
6972   2.3578e-01 1.4700e-08 1.4749e-08
6973   2.3578e-01 1.5734e-08 1.3591e-08
6974   2.3578e-01 1.6742e-08 1.2391e-08
6975   2.3578e-01 1.7691e-08 1.1155e-08
6976   2.3578e-01 1.8581e-08 9.8852e-09
6977   2.3578e-01 1.9406e-08 8.5966e-09
6978   2.3578e-01 2.0167e-08 7.2861e-09
6979   2.3578e-01 2.0858e-08 5.9552e-09
6980   2.3578e-01 2.1494e-08 6.5854e-09
6981   2.3578e-01 2.2068e-08 7.5313e-09
6982   2.3578e-01 2.2566e-08 8.4592e-09
6983   2.3578e-01 2.2990e-08 9.3705e-09
6984   2.3578e-01 2.3337e-08 1.0249e-08
6985   2.3578e-01 2.3607e-08 1.1092e-08
6986   2.3578e-01 2.3798e-08 1.2231e-08
6987   2.3578e-01 2.4052e-08 1.3450e-08
6988   2.3578e-01 2.4276e-08 1.4623e-08
6989   2.3578e-01 2.4411e-08 1.5745e-08
6990   2.3578e-01 2.4474e-08 1.6813e-08
6991   2.3578e-01 2.4448e-08 1.7836e-08
6992   2.3578e-01 2.4350e-08 1.8800e-08
6993   2.3578e-01 2.4165e-08 1.9701e-08
6994   2.3578e-01 2.3909e-08 2.0535e-08
6995   2.3578e-01 2.3568e-08 2.1301e-08
6996   2.3578e-01 2.3158e-08 2.1994e-08
6997   2.3578e-01 2.2665e-08 2.2615e-08
6998   2.3578e-01 2.2108e-08 2.3160e-08
6999   2.3578e-01 2.1562e-08 2.3628e-08
7000   2.3578e-01 2.0989e-08 2.4017e-08
7001   2.3578e-01 2.0348e-08 2.4327e-08
7002   2.3578e-01 1.9641e-08 2.4557e-08
7003   2.3578e-01 1.8872e-08 2.4706e-08
7004   2.3578e-01 1.8042e-08 2.4774e-08
7005   2.3578e-01 1.7155e-08 2.5043e-08
7006   2.3578e-01 1.6213e-08 2.5286e-08
7007   2.3578e-01 1.5220e-08 2.5444e-08
7008   2.3578e-01 1.4180e-08 2.5518e-08
7009   2.3578e-01 1.3140e-08 2.5508e-08
7010   2.3578e-01 1.2099e-08 2.5413e-08
7011   2.3578e-01 1.1030e-08 2.5242e-08
7012   2.3578e-01 9.9321e-09 2.4988e-08
7013   2.3578e-01 8.8045e-09 2.4652e-08
7014   2.3578e-01 7.6507e-09 2.4236e-08
7015   2.3578e-01 6.4744e-09 2.3740e-08
7016   2.3578e-01 5.2985e-09 2.3168e-08
7017   2.3578e-01 4.4721e-09 2.2520e-08
7018   2.3578e-01 4.9312e-09 2.1800e-08
7019   2.3578e-01 5.6286e-09 2.1010e-08
7020   2.3578e-01 6.3522e-09 2.0152e-08
7021   2.3578e-01 7.4115e-09 1.9230e-08
7022   2.3578e-01 8.4971e-09 1.8246e-08
7023   2.3578e-01 9.5836e-09 1.7209e-08
7024   2.3578e-01 1.0656e-08 1.6305e-08
7025   2.3578e-01 1.1716e-08 1.5349e-08
7026   2.3578e-01 1.2751e-08 1.4345e-08
7027   2.3578e-01 1.3740e-08 1.3295e-08
7028   2.3578e-01 1.4695e-08 1.2204e-08
7029   2.3578e-01 1.5616e-08 1.1075e-08
7030   2.3578e-01 1.6482e-08 9.9126e-09
7031   2.3578e-01 1.7292e-08 8.7310e-09
7032   2.3578e-01 1.8041e-08 7.5233e-09
7033   2.3578e-01 1.8730e-08 6.2933e-09
7034   2.3578e-01 1.9358e-08 5.3078e-09
7035   2.3578e-01 1.9938e-08 6.2106e-09
7036   2.3578e-01 2.0451e-08 7.0906e-09
7037   2.3578e-01 2.0894e-08 7.9553e-09
7038   2.3578e-01 2.1268e-08 8.8015e-09
7039   2.3578e-01 2.1570e-08 9.6165e-09
7040   2.3578e-01 2.1801e-08 1.0398e-08
7041   2.3578e-01 2.1958e-08 1.1443e-08
7042   2.3578e-01 2.2194e-08 1.2575e-08
7043   2.3578e-01 2.2381e-08 1.3662e-08
7044   2.3578e-01 2.2486e-08 1.4702e-08
7045   2.3578e-01 2.2524e-08 1.5694e-08
7046   2.3578e-01 2.2480e-08 1.6641e-08
7047   2.3578e-01 2.2368e-08 1.7531e-08
7048   2.3578e-01 2.2176e-08 1.8361e-08
7049   2.3578e-01 2.1918e-08 1.9128e-08
7050   2.3578e-01 2.1581e-08 1.9830e-08
7051   2.3578e-01 2.1290e-08 2.0465e-08
7052   2.3578e-01 2.0939e-08 2.1030e-08
7053   2.3578e-01 2.0520e-08 2.1525e-08
7054   2.3578e-01 2.0034e-08 2.1948e-08
7055   2.3578e-01 1.9484e-08 2.2297e-08
7056   2.3578e-01 1.8872e-08 2.2572e-08
7057   2.3578e-01 1.8200e-08 2.2771e-08
7058   2.3578e-01 1.7470e-08 2.2977e-08
7059   2.3578e-01 1.6685e-08 2.3340e-08
7060   2.3578e-01 1.5847e-08 2.3627e-08
7061   2.3578e-01 1.4960e-08 2.3834e-08
7062   2.3578e-01 1.4026e-08 2.3964e-08
7063   2.3578e-01 1.3079e-08 2.4014e-08
7064   2.3578e-01 1.2140e-08 2.3990e-08
7065   2.3578e-01 1.1165e-08 2.3890e-08
7066   2.3578e-01 1.0166e-08 2.3711e-08
7067   2.3578e-01 9.1390e-09 2.3456e-08
7068   2.3578e-01 8.0854e-09 2.3124e-08
7069   2.3578e-01 7.0085e-09 2.2717e-08
7070   2.3578e-01 5.9118e-09 2.2238e-08
7071   2.3578e-01 4.8167e-09 2.1686e-08
7072   2.3578e-01 4.2749e-09 2.1065e-08
7073   2.3578e-01 4.8141e-09 2.0376e-08
7074   2.3578e-01 5.4739e-09 1.9622e-08
7075   2.3578e-01 6.3182e-09 1.8806e-08
7076   2.3578e-01 7.3248e-09 1.7931e-08
7077   2.3578e-01 8.3243e-09 1.6999e-08
7078   2.3578e-01 9.3439e-09 1.6177e-08
7079   2.3578e-01 1.0329e-08 1.5320e-08
7080   2.3578e-01 1.1313e-08 1.4416e-08
7081   2.3578e-01 1.2261e-08 1.3467e-08
7082   2.3578e-01 1.3166e-08 1.2476e-08
7083   2.3578e-01 1.4042e-08 1.1447e-08
7084   2.3578e-01 1.4882e-08 1.0384e-08
7085   2.3578e-01 1.5670e-08 9.2895e-09
7086   2.3578e-01 1.6405e-08 8.1707e-09
7087   2.3578e-01 1.7084e-08 7.0361e-09
7088   2.3578e-01 1.7706e-08 5.8815e-09
7089   2.3578e-01 1.8268e-08 5.2651e-09
7090   2.3578e-01 1.8788e-08 6.1047e-09
7091   2.3578e-01 1.9246e-08 6.9223e-09
7092   2.3578e-01 1.9638e-08 7.7317e-09
7093   2.3578e-01 1.9966e-08 8.5167e-09
7094   2.3578e-01 2.0227e-08 9.2721e-09
7095   2.3578e-01 2.0422e-08 1.0053e-08
7096   2.3578e-01 2.0644e-08 1.1141e-08
7097   2.3578e-01 2.0860e-08 1.2191e-08
7098   2.3578e-01 2.1014e-08 1.3198e-08
7099   2.3578e-01 2.1091e-08 1.4160e-08
7100   2.3578e-01 2.1106e-08 1.5076e-08
7101   2.3578e-01 2.1046e-08 1.5950e-08
7102   2.3578e-01 2.0922e-08 1.6770e-08
7103   2.3578e-01 2.0724e-08 1.7534e-08
7104   2.3578e-01 2.0466e-08 1.8238e-08
7105   2.3578e-01 2.0134e-08 1.8881e-08
7106   2.3578e-01 1.9743e-08 1.9460e-08
7107   2.3578e-01 1.9283e-08 1.9975e-08
7108   2.3578e-01 1.8767e-08 2.0423e-08
7109   2.3578e-01 1.8293e-08 2.0803e-08
7110   2.3578e-01 1.7767e-08 2.1115e-08
7111   2.3578e-01 1.7184e-08 2.1356e-08
7112   2.3578e-01 1.6545e-08 2.1527e-08
7113   2.3578e-01 1.5854e-08 2.1627e-08
7114   2.3578e-01 1.5112e-08 2.1732e-08
7115   2.3578e-01 1.4322e-08 2.1983e-08
7116   2.3578e-01 1.3487e-08 2.2160e-08
7117   2.3578e-01 1.2610e-08 2.2265e-08
7118   2.3578e-01 1.1700e-08 2.2295e-08
7119   2.3578e-01 1.0820e-08 2.2252e-08
7120   2.3578e-01 9.9088e-09 2.2140e-08
7121   2.3578e-01 8.9771e-09 2.1957e-08
7122   2.3578e-01 8.0180e-09 2.1702e-08
7123   2.3578e-01 7.0348e-09 2.1376e-08
7124   2.3578e-01 6.0309e-09 2.0980e-08
7125   2.3578e-01 5.0175e-09 2.0516e-08
7126   2.3578e-01 4.0036e-09 1.9986e-08
7127   2.3578e-01 4.0946e-09 1.9391e-08
7128   2.3578e-01 4.5864e-09 1.8734e-08
7129   2.3578e-01 5.1941e-09 1.8016e-08
7130   2.3578e-01 6.0034e-09 1.7240e-08
7131   2.3578e-01 6.9325e-09 1.6410e-08
7132   2.3578e-01 7.8561e-09 1.5528e-08
7133   2.3578e-01 8.7944e-09 1.4740e-08
7134   2.3578e-01 9.7017e-09 1.3929e-08
7135   2.3578e-01 1.0608e-08 1.3075e-08
7136   2.3578e-01 1.1478e-08 1.2179e-08
7137   2.3578e-01 1.2306e-08 1.1245e-08
7138   2.3578e-01 1.3115e-08 1.0277e-08
7139   2.3578e-01 1.3882e-08 9.2761e-09
7140   2.3578e-01 1.4600e-08 8.2516e-09
7141   2.3578e-01 1.5268e-08 7.2080e-09
7142   2.3578e-01 1.5884e-08 6.1428e-09
7143   2.3578e-01 1.6446e-08 5.0598e-09
7144   2.3578e-01 1.6960e-08 4.9803e-09
7145   2.3578e-01 1.7427e-08 5.7616e-09
7146   2.3578e-01 1.7836e-08 6.5219e-09
7147   2.3578e-01 1.8183e-08 7.2759e-09
7148   2.3578e-01 1.8471e-08 8.0044e-09
7149   2.3578e-01 1.8696e-08 8.7047e-09
7150   2.3578e-01 1.8859e-08 9.4252e-09
7151   2.3578e-01 1.9069e-08 1.0436e-08
7152   2.3578e-01 1.9251e-08 1.1409e-08
7153   2.3578e-01 1.9376e-08 1.2343e-08
7154   2.3578e-01 1.9431e-08 1.3233e-08
7155   2.3578e-01 1.9427e-08 1.4085e-08
7156   2.3578e-01 1.9352e-08 1.4892e-08
7157   2.3578e-01 1.9220e-08 1.5648e-08
7158   2.3578e-01 1.9019e-08 1.6351e-08
7159   2.3578e-01 1.8761e-08 1.6997e-08
7160   2.3578e-01 1.8436e-08 1.7586e-08
7161   2.3578e-01 1.8156e-08 1.8116e-08
7162   2.3578e-01 1.7821e-08 1.8584e-08
7163   2.3578e-01 1.7428e-08 1.8990e-08
7164   2.3578e-01 1.6980e-08 1.9332e-08
7165   2.3578e-01 1.6477e-08 1.9610e-08
7166   2.3578e-01 1.5921e-08 1.9822e-08
7167   2.3578e-01 1.5314e-08 1.9969e-08
7168   2.3578e-01 1.4659e-08 2.0213e-08
7169   2.3578e-01 1.3958e-08 2.0499e-08
7170   2.3578e-01 1.3213e-08 2.0717e-08
7171   2.3578e-01 1.2427e-08 2.0867e-08
7172   2.3578e-01 1.1602e-08 2.0949e-08
7173   2.3578e-01 1.0804e-08 2.0962e-08
7174   2.3578e-01 9.9783e-09 2.0911e-08
7175   2.3578e-01 9.1272e-09 2.0792e-08
7176   2.3578e-01 8.2551e-09 2.0605e-08
7177   2.3578e-01 7.3586e-09 2.0351e-08
7178   2.3578e-01 6.4405e-09 2.0031e-08
7179   2.3578e-01 5.5041e-09 1.9646e-08
7180   2.3578e-01 4.5604e-09 1.9198e-08
7181   2.3578e-01 3.6164e-09 1.8688e-08
7182   2.3578e-01 3.9097e-09 1.8119e-08
7183   2.3578e-01 4.4707e-09 1.7491e-08
7184   2.3578e-01 5.0869e-09 1.6807e-08
7185   2.3578e-01 5.9358e-09 1.6071e-08
7186   2.3578e-01 6.8067e-09 1.5283e-08
7187   2.3578e-01 7.6736e-09 1.4557e-08
7188   2.3578e-01 8.5360e-09 1.3834e-08
7189   2.3578e-01 9.3782e-09 1.3067e-08
7190   2.3578e-01 1.0210e-08 1.2259e-08
7191   2.3578e-01 1.1006e-08 1.1413e-08
7192   2.3578e-01 1.1763e-08 1.0532e-08
7193   2.3578e-01 1.2504e-08 9.6193e-09
7194   2.3578e-01 1.3202e-08 8.6773e-09
7195   2.3578e-01 1.3856e-08 7.7095e-09
7196   2.3578e-01 1.4462e-08 6.7265e-09
7197   2.3578e-01 1.5019e-08 5.7264e-09
7198   2.3578e-01 1.5525e-08 4.7102e-09
7199   2.3578e-01 1.5984e-08 4.9111e-09
7200   2.3578e-01 1.6402e-08 5.6373e-09
7201   2.3578e-01 1.6765e-08 6.3484e-09
7202   2.3578e-01 1.7072e-08 7.0487e-09
7203   2.3578e-01 1.7322e-08 7.7242e-09
7204   2.3578e-01 1.7514e-08 8.3729e-09
7205   2.3578e-01 1.7703e-08 9.1885e-09
7206   2.3578e-01 1.7920e-08 1.0126e-08
7207   2.3578e-01 1.8073e-08 1.1028e-08
7208   2.3578e-01 1.8172e-08 1.1892e-08
7209   2.3578e-01 1.8206e-08 1.2715e-08
7210   2.3578e-01 1.8185e-08 1.3502e-08
7211   2.3578e-01 1.8099e-08 1.4246e-08
7212   2.3578e-01 1.7959e-08 1.4942e-08
7213   2.3578e-01 1.7755e-08 1.5588e-08
7214   2.3578e-01 1.7500e-08 1.6181e-08
7215   2.3578e-01 1.7182e-08 1.6720e-08
7216   2.3578e-01 1.6814e-08 1.7202e-08
7217   2.3578e-01 1.6386e-08 1.7627e-08
7218   2.3578e-01 1.5931e-08 1.7994e-08
7219   2.3578e-01 1.5501e-08 1.8301e-08
7220   2.3578e-01 1.5020e-08 1.8547e-08
7221   2.3578e-01 1.4492e-08 1.8732e-08
7222   2.3578e-01 1.3917e-08 1.8855e-08
7223   2.3578e-01 1.3297e-08 1.8916e-08
7224   2.3578e-01 1.2636e-08 1.9088e-08
7225   2.3578e-01 1.1934e-08 1.9277e-08
7226   2.3578e-01 1.1194e-08 1.9403e-08
7227   2.3578e-01 1.0420e-08 1.9464e-08
7228   2.3578e-01 9.6550e-09 1.9461e-08
7229   2.3578e-01 8.8814e-09 1.9395e-08
7230   2.3578e-01 8.0893e-09 1.9269e-08
7231   2.3578e-01 7.2741e-09 1.9081e-08
7232   2.3578e-01 6.4370e-09 1.8829e-08
7233   2.3578e-01 5.5807e-09 1.8517e-08
7234   2.3578e-01 4.7082e-09 1.8144e-08
7235   2.3578e-01 3.8405e-09 1.7712e-08
7236   2.3578e-01 3.3977e-09 1.7222e-08
7237   2.3578e-01 3.7364e-09 1.6677e-08
7238   2.3578e-01 4.2526e-09 1.6079e-08
7239   2.3578e-01 4.8506e-09 1.5429e-08
7240   2.3578e-01 5.6350e-09 1.4729e-08
7241   2.3578e-01 6.4375e-09 1.3983e-08
7242   2.3578e-01 7.2386e-09 1.3292e-08
7243   2.3578e-01 8.0317e-09 1.2607e-08
7244   2.3578e-01 8.8099e-09 1.1881e-08
7245   2.3578e-01 9.5727e-09 1.1119e-08
7246   2.3578e-01 1.0302e-08 1.0321e-08
7247   2.3578e-01 1.1001e-08 9.4910e-09
7248   2.3578e-01 1.1678e-08 8.6316e-09
7249   2.3578e-01 1.2315e-08 7.7457e-09
7250   2.3578e-01 1.2909e-08 6.8439e-09
7251   2.3578e-01 1.3460e-08 5.9229e-09
7252   2.3578e-01 1.3964e-08 4.9844e-09
7253   2.3578e-01 1.4421e-08 4.0316e-09
7254   2.3578e-01 1.4840e-08 4.6477e-09
7255   2.3578e-01 1.5214e-08 5.3232e-09
7256   2.3578e-01 1.5537e-08 5.9859e-09
7257   2.3578e-01 1.5807e-08 6.6360e-09
7258   2.3578e-01 1.6024e-08 7.2626e-09
7259   2.3578e-01 1.6188e-08 7.8636e-09
7260   2.3578e-01 1.6368e-08 8.6230e-09
7261   2.3578e-01 1.6554e-08 9.4929e-09
7262   2.3578e-01 1.6681e-08 1.0329e-08
7263   2.3578e-01 1.6757e-08 1.1129e-08
7264   2.3578e-01 1.6773e-08 1.1892e-08
7265   2.3578e-01 1.6738e-08 1.2622e-08
7266   2.3578e-01 1.6643e-08 1.3309e-08
7267   2.3578e-01 1.6498e-08 1.3950e-08
7268   2.3578e-01 1.6294e-08 1.4543e-08
7269   2.3578e-01 1.6042e-08 1.5087e-08
7270   2.3578e-01 1.5733e-08 1.5580e-08
7271   2.3578e-01 1.5467e-08 1.6020e-08
7272   2.3578e-01 1.5151e-08 1.6406e-08
7273   2.3578e-01 1.4786e-08 1.6737e-08
7274   2.3578e-01 1.4373e-08 1.7012e-08
7275   2.3578e-01 1.3915e-08 1.7231e-08
7276   2.3578e-01 1.3412e-08 1.7392e-08
7277   2.3578e-01 1.2867e-08 1.7495e-08
7278   2.3578e-01 1.2281e-08 1.7764e-08
7279   2.3578e-01 1.1656e-08 1.7987e-08
7280   2.3578e-01 1.0995e-08 1.8150e-08
7281   2.3578e-01 1.0299e-08 1.8253e-08
7282   2.3578e-01 9.5982e-09 1.8296e-08
7283   2.3578e-01 8.9001e-09 1.8282e-08
7284   2.3578e-01 8.1754e-09 1.8211e-08
7285   2.3578e-01 7.4352e-09 1.8079e-08
7286   2.3578e-01 6.6728e-09 1.7889e-08
7287   2.3578e-01 5.8907e-09 1.7641e-08
7288   2.3578e-01 5.0916e-09 1.7335e-08
7289   2.3578e-01 4.2788e-09 1.6974e-08
7290   2.3578e-01 3.4709e-09 1.6558e-08
7291   2.3578e-01 3.2463e-09 1.6088e-08
7292   2.3578e-01 3.6377e-09 1.5567e-08
7293   2.3578e-01 4.1266e-09 1.4996e-08
7294   2.3578e-01 4.8033e-09 1.4378e-08
7295   2.3578e-01 5.5473e-09 1.3714e-08
7296   2.3578e-01 6.2861e-09 1.3073e-08
7297   2.3578e-01 7.0371e-09 1.2463e-08
7298   2.3578e-01 7.7656e-09 1.1814e-08
7299   2.3578e-01 8.4875e-09 1.1127e-08
7300   2.3578e-01 9.1865e-09 1.0407e-08
7301   2.3578e-01 9.8540e-09 9.6541e-09
7302   2.3578e-01 1.0494e-08 8.8717e-09
7303   2.3578e-01 1.1112e-08 8.0623e-09
7304   2.3578e-01 1.1692e-08 7.2288e-09
7305   2.3578e-01 1.2232e-08 6.3759e-09
7306   2.3578e-01 1.2730e-08 5.5108e-09
7307   2.3578e-01 1.3185e-08 4.6300e-09
7308   2.3578e-01 1.3596e-08 3.9156e-09
7309   2.3578e-01 1.3970e-08 4.5596e-09
7310   2.3578e-01 1.4303e-08 5.1872e-09
7311   2.3578e-01 1.4589e-08 5.8071e-09
7312   2.3578e-01 1.4825e-08 6.4102e-09
7313   2.3578e-01 1.5013e-08 6.9908e-09
7314   2.3578e-01 1.5176e-08 7.5472e-09
7315   2.3578e-01 1.5382e-08 8.3762e-09
7316   2.3578e-01 1.5540e-08 9.1827e-09
7317   2.3578e-01 1.5644e-08 9.9573e-09
7318   2.3578e-01 1.5699e-08 1.0698e-08
7319   2.3578e-01 1.5699e-08 1.1402e-08
7320   2.3578e-01 1.5652e-08 1.2076e-08
7321   2.3578e-01 1.5549e-08 1.2708e-08
7322   2.3578e-01 1.5400e-08 1.3298e-08
7323   2.3578e-01 1.5196e-08 1.3843e-08
7324   2.3578e-01 1.4948e-08 1.4341e-08
7325   2.3578e-01 1.4646e-08 1.4791e-08
7326   2.3578e-01 1.4302e-08 1.5191e-08
7327   2.3578e-01 1.3907e-08 1.5541e-08
7328   2.3578e-01 1.3512e-08 1.5840e-08
7329   2.3578e-01 1.3118e-08 1.6085e-08
7330   2.3578e-01 1.2681e-08 1.6278e-08
7331   2.3578e-01 1.2204e-08 1.6416e-08
7332   2.3578e-01 1.1687e-08 1.6501e-08
7333   2.3578e-01 1.1134e-08 1.6553e-08
7334   2.3578e-01 1.0545e-08 1.6749e-08
7335   2.3578e-01 9.9222e-09 1.6888e-08
7336   2.3578e-01 9.2688e-09 1.6972e-08
7337   2.3578e-01 8.5989e-09 1.6999e-08
7338   2.3578e-01 7.9443e-09 1.6971e-08
7339   2.3578e-01 7.2695e-09 1.6890e-08
7340   2.3578e-01 6.5772e-09 1.6755e-08
7341   2.3578e-01 5.8649e-09 1.6565e-08
7342   2.3578e-01 5.1351e-09 1.6321e-08
7343   2.3578e-01 4.3902e-09 1.6024e-08
7344   2.3578e-01 3.6421e-09 1.5674e-08
7345   2.3578e-01 2.8904e-09 1.5274e-08
7346   2.3578e-01 3.1072e-09 1.4824e-08
7347   2.3578e-01 3.4698e-09 1.4327e-08
7348   2.3578e-01 3.9200e-09 1.3783e-08
7349   2.3578e-01 4.5732e-09 1.3196e-08
7350   2.3578e-01 5.2609e-09 1.2566e-08
7351   2.3578e-01 5.9422e-09 1.1958e-08
7352   2.3578e-01 6.6352e-09 1.1380e-08
7353   2.3578e-01 7.3047e-09 1.0766e-08
7354   2.3578e-01 7.9714e-09 1.0118e-08
7355   2.3578e-01 8.6123e-09 9.4378e-09
7356   2.3578e-01 9.2233e-09 8.7281e-09
7357   2.3578e-01 9.8136e-09 7.9913e-09
7358   2.3578e-01 1.0377e-08 7.2298e-09
7359   2.3578e-01 1.0906e-08 6.4483e-09
7360   2.3578e-01 1.1396e-08 5.6531e-09
7361   2.3578e-01 1.1848e-08 4.8411e-09
7362   2.3578e-01 1.2259e-08 4.0149e-09
7363   2.3578e-01 1.2629e-08 3.7172e-09
7364   2.3578e-01 1.2970e-08 4.3163e-09
7365   2.3578e-01 1.3267e-08 4.8997e-09
7366   2.3578e-01 1.3519e-08 5.4772e-09
7367   2.3578e-01 1.3726e-08 6.0368e-09
7368   2.3578e-01 1.3887e-08 6.5750e-09
7369   2.3578e-01 1.4045e-08 7.0906e-09
7370   2.3578e-01 1.4223e-08 7.8666e-09
7371   2.3578e-01 1.4357e-08 8.6146e-09
7372   2.3578e-01 1.4439e-08 9.3323e-09
7373   2.3578e-01 1.4478e-08 1.0017e-08
7374   2.3578e-01 1.4464e-08 1.0672e-08
7375   2.3578e-01 1.4407e-08 1.1294e-08
7376   2.3578e-01 1.4298e-08 1.1877e-08
7377   2.3578e-01 1.4147e-08 1.2420e-08
7378   2.3578e-01 1.3945e-08 1.2920e-08
7379   2.3578e-01 1.3701e-08 1.3376e-08
7380   2.3578e-01 1.3415e-08 1.3788e-08
7381   2.3578e-01 1.3162e-08 1.4152e-08
7382   2.3578e-01 1.2866e-08 1.4469e-08
7383   2.3578e-01 1.2529e-08 1.4738e-08
7384   2.3578e-01 1.2152e-08 1.4957e-08
7385   2.3578e-01 1.1736e-08 1.5126e-08
7386   2.3578e-01 1.1282e-08 1.5245e-08
7387   2.3578e-01 1.0793e-08 1.5375e-08
7388   2.3578e-01 1.0270e-08 1.5597e-08
7389   2.3578e-01 9.7144e-09 1.5768e-08
7390   2.3578e-01 9.1286e-09 1.5886e-08
7391   2.3578e-01 8.5145e-09 1.5952e-08
7392   2.3578e-01 7.9239e-09 1.5966e-08
7393   2.3578e-01 7.3099e-09 1.5931e-08
7394   2.3578e-01 6.6796e-09 1.5845e-08
7395   2.3578e-01 6.0317e-09 1.5706e-08
7396   2.3578e-01 5.3659e-09 1.5517e-08
7397   2.3578e-01 4.6845e-09 1.5277e-08
7398   2.3578e-01 3.9896e-09 1.4988e-08
7399   2.3578e-01 3.2937e-09 1.4650e-08
7400   2.3578e-01 2.6918e-09 1.4265e-08
7401   2.3578e-01 2.9630e-09 1.3834e-08
7402   2.3578e-01 3.3746e-09 1.3360e-08
7403   2.3578e-01 3.8756e-09 1.2842e-08
7404   2.3578e-01 4.5035e-09 1.2284e-08
7405   2.3578e-01 5.1484e-09 1.1715e-08
7406   2.3578e-01 5.7873e-09 1.1203e-08
7407   2.3578e-01 6.4242e-09 1.0655e-08
7408   2.3578e-01 7.0428e-09 1.0074e-08
7409   2.3578e-01 7.6567e-09 9.4609e-09
7410   2.3578e-01 8.2435e-09 8.8188e-09
7411   2.3578e-01 8.8020e-09 8.1495e-09
7412   2.3578e-01 9.3428e-09 7.4553e-09
7413   2.3578e-01 9.8565e-09 6.7385e-09
7414   2.3578e-01 1.0337e-08 6.0016e-09
7415   2.3578e-01 1.0781e-08 5.2525e-09
7416   2.3578e-01 1.1190e-08 4.4902e-09
7417   2.3578e-01 1.1560e-08 3.7151e-09
7418   2.3578e-01 1.1892e-08 3.6591e-09
7419   2.3578e-01 1.2195e-08 4.2160e-09
7420   2.3578e-01 1.2459e-08 4.7602e-09
7421   2.3578e-01 1.2681e-08 5.2976e-09
7422   2.3578e-01 1.2861e-08 5.8164e-09
7423   2.3578e-01 1.2999e-08 6.3149e-09
7424   2.3578e-01 1.3199e-08 6.8974e-09
7425   2.3578e-01 1.3351e-08 7.6172e-09
7426   2.3578e-01 1.3463e-08 8.3103e-09
7427   2.3578e-01 1.3527e-08 8.9746e-09
7428   2.3578e-01 1.3550e-08 9.6080e-09
7429   2.3578e-01 1.3525e-08 1.0213e-08
7430   2.3578e-01 1.3459e-08 1.0786e-08
7431   2.3578e-01 1.3345e-08 1.1323e-08
7432   2.3578e-01 1.3192e-08 1.1822e-08
7433   2.3578e-01 1.2992e-08 1.2280e-08
7434   2.3578e-01 1.2754e-08 1.2698e-08
7435   2.3578e-01 1.2471e-08 1.3073e-08
7436   2.3578e-01 1.2151e-08 1.3404e-08
7437   2.3578e-01 1.1789e-08 1.3690e-08
7438   2.3578e-01 1.1447e-08 1.3931e-08
7439   2.3578e-01 1.1087e-08 1.4126e-08
7440   2.3578e-01 1.0691e-08 1.4274e-08
7441   2.3578e-01 1.0261e-08 1.4375e-08
7442   2.3578e-01 9.7988e-09 1.4429e-08
7443   2.3578e-01 9.3050e-09 1.4534e-08
7444   2.3578e-01 8.7818e-09 1.4682e-08
7445   2.3578e-01 8.2310e-09 1.4781e-08
7446   2.3578e-01 7.6544e-09 1.4831e-08
7447   2.3578e-01 7.0914e-09 1.4833e-08
7448   2.3578e-01 6.5168e-09 1.4787e-08
7449   2.3578e-01 5.9293e-09 1.4695e-08
7450   2.3578e-01 5.3237e-09 1.4555e-08
7451   2.3578e-01 4.7020e-09 1.4368e-08
7452   2.3578e-01 4.0664e-09 1.4133e-08
7453   2.3578e-01 3.4219e-09 1.3852e-08
7454   2.3578e-01 2.7786e-09 1.3527e-08
7455   2.3578e-01 2.5806e-09 1.3157e-08
7456   2.3578e-01 2.8310e-09 1.2746e-08
7457   2.3578e-01 3.2134e-09 1.2293e-08
7458   2.3578e-01 3.7027e-09 1.1801e-08
7459   2.3578e-01 4.2837e-09 1.1271e-08
7460   2.3578e-01 4.8779e-09 1.0735e-08
7461   2.3578e-01 5.4686e-09 1.0248e-08
7462   2.3578e-01 6.0542e-09 9.7297e-09
7463   2.3578e-01 6.6259e-09 9.1801e-09
7464   2.3578e-01 7.1890e-09 8.6015e-09
7465   2.3578e-01 7.7265e-09 7.9959e-09
7466   2.3578e-01 8.2373e-09 7.3653e-09
7467   2.3578e-01 8.7356e-09 6.7119e-09
7468   2.3578e-01 9.2037e-09 6.0378e-09
7469   2.3578e-01 9.6406e-09 5.3501e-09
7470   2.3578e-01 1.0044e-08 4.6485e-09
7471   2.3578e-01 1.0414e-08 3.9333e-09
7472   2.3578e-01 1.0747e-08 3.2067e-09
7473   2.3578e-01 1.1049e-08 3.4738e-09
7474   2.3578e-01 1.1321e-08 3.9916e-09
7475   2.3578e-01 1.1555e-08 4.4989e-09
7476   2.3578e-01 1.1750e-08 4.9977e-09
7477   2.3578e-01 1.1906e-08 5.4787e-09
7478   2.3578e-01 1.2041e-08 5.9405e-09
7479   2.3578e-01 1.2215e-08 6.4903e-09
7480   2.3578e-01 1.2345e-08 7.1580e-09
7481   2.3578e-01 1.2438e-08 7.8005e-09
7482   2.3578e-01 1.2486e-08 8.4156e-09
7483   2.3578e-01 1.2495e-08 9.0013e-09
7484   2.3578e-01 1.2461e-08 9.5628e-09
7485   2.3578e-01 1.2388e-08 1.0092e-08
7486   2.3578e-01 1.2271e-08 1.0586e-08
7487   2.3578e-01 1.2118e-08 1.1045e-08
7488   2.3578e-01 1.1921e-08 1.1465e-08
7489   2.3578e-01 1.1689e-08 1.1847e-08
7490   2.3578e-01 1.1426e-08 1.2189e-08
7491   2.3578e-01 1.1188e-08 1.2490e-08
7492   2.3578e-01 1.0913e-08 1.2749e-08
7493   2.3578e-01 1.0604e-08 1.2965e-08
7494   2.3578e-01 1.0260e-08 1.3138e-08
7495   2.3578e-01 9.8839e-09 1.3267e-08
7496   2.3578e-01 9.4762e-09 1.3352e-08
7497   2.3578e-01 9.0385e-09 1.3509e-08
7498   2.3578e-01 8.5725e-09 1.3682e-08
7499   2.3578e-01 8.0795e-09 1.3809e-08
7500   2.3578e-01 7.5615e-09 1.3892e-08
7501   2.3578e-01 7.0428e-09 1.3928e-08
7502   2.3578e-01 6.5233e-09 1.3921e-08
7503   2.3578e-01 5.9864e-09 1.3870e-08
7504   2.3578e-01 5.4363e-09 1.3774e-08
7505   2.3578e-01 4.8699e-09 1.3632e-08
7506   2.3578e-01 4.2891e-09 1.3447e-08
7507   2.3578e-01 3.6960e-09 1.3217e-08
7508   2.3578e-01 3.0963e-09 1.2945e-08
7509   2.3578e-01 2.4972e-09 1.2631e-08
7510   2.3578e-01 2.4645e-09 1.2277e-08
7511   2.3578e-01 2.7501e-09 1.1883e-08
7512   2.3578e-01 3.1174e-09 1.1452e-08
7513   2.3578e-01 3.6522e-09 1.0983e-08
7514   2.3578e-01 4.2025e-09 1.0480e-08
7515   2.3578e-01 4.7494e-09 1.0050e-08
7516   2.3578e-01 5.3028e-09 9.5885e-09
7517   2.3578e-01 5.8407e-09 9.0971e-09
7518   2.3578e-01 6.3707e-09 8.5772e-09
7519   2.3578e-01 6.8867e-09 8.0306e-09
7520   2.3578e-01 7.3784e-09 7.4592e-09
7521   2.3578e-01 7.8462e-09 6.8648e-09
7522   2.3578e-01 8.3011e-09 6.2495e-09
7523   2.3578e-01 8.7272e-09 5.6154e-09
7524   2.3578e-01 9.1238e-09 4.9659e-09
7525   2.3578e-01 9.4891e-09 4.3070e-09
7526   2.3578e-01 9.8226e-09 3.6358e-09
7527   2.3578e-01 1.0123e-08 2.9545e-09
7528   2.3578e-01 1.0391e-08 3.4027e-09
7529   2.3578e-01 1.0634e-08 3.8838e-09
7530   2.3578e-01 1.0841e-08 4.3580e-09
7531   2.3578e-01 1.1012e-08 4.8207e-09
7532   2.3578e-01 1.1146e-08 5.2664e-09
7533   2.3578e-01 1.1316e-08 5.6938e-09
7534   2.3578e-01 1.1467e-08 6.2923e-09
7535   2.3578e-01 1.1577e-08 6.9113e-09
7536   2.3578e-01 1.1652e-08 7.5063e-09
7537   2.3578e-01 1.1685e-08 8.0753e-09
7538   2.3578e-01 1.1683e-08 8.6165e-09
7539   2.3578e-01 1.1640e-08 9.1347e-09
7540   2.3578e-01 1.1562e-08 9.6221e-09
7541   2.3578e-01 1.1442e-08 1.0077e-08
7542   2.3578e-01 1.1289e-08 1.0498e-08
7543   2.3578e-01 1.1096e-08 1.0883e-08
7544   2.3578e-01 1.0870e-08 1.1232e-08
7545   2.3578e-01 1.0606e-08 1.1543e-08
7546   2.3578e-01 1.0311e-08 1.1815e-08
7547   2.3578e-01 9.9809e-09 1.2049e-08
7548   2.3578e-01 9.6849e-09 1.2242e-08
7549   2.3578e-01 9.3577e-09 1.2395e-08
7550   2.3578e-01 9.0004e-09 1.2506e-08
7551   2.3578e-01 8.6144e-09 1.2577e-08
7552   2.3578e-01 8.2010e-09 1.2606e-08
7553   2.3578e-01 7.7616e-09 1.2748e-08
7554   2.3578e-01 7.2977e-09 1.2858e-08
7555   2.3578e-01 6.8110e-09 1.2925e-08
7556   2.3578e-01 6.3176e-09 1.2949e-08
7557   2.3578e-01 5.8305e-09 1.2931e-08
7558   2.3578e-01 5.3305e-09 1.2873e-08
7559   2.3578e-01 4.8159e-09 1.2774e-08
7560   2.3578e-01 4.2868e-09 1.2632e-08
7561   2.3578e-01 3.7448e-09 1.2449e-08
7562   2.3578e-01 3.1919e-09 1.2226e-08
7563   2.3578e-01 2.6397e-09 1.1963e-08
7564   2.3578e-01 2.1467e-09 1.1661e-08
7565   2.3578e-01 2.3573e-09 1.1322e-08
7566   2.3578e-01 2.6256e-09 1.0946e-08
7567   2.3578e-01 2.9881e-09 1.0535e-08
7568   2.3578e-01 3.4828e-09 1.0090e-08
7569   2.3578e-01 3.9921e-09 9.6163e-09
7570   2.3578e-01 4.4957e-09 9.2086e-09
7571   2.3578e-01 5.0074e-09 8.7716e-09
7572   2.3578e-01 5.5016e-09 8.3067e-09
7573   2.3578e-01 5.9911e-09 7.8154e-09
7574   2.3578e-01 6.4641e-09 7.2996e-09
7575   2.3578e-01 6.9140e-09 6.7609e-09
7576   2.3578e-01 7.3452e-09 6.2011e-09
7577   2.3578e-01 7.7602e-09 5.6222e-09
7578   2.3578e-01 8.1481e-09 5.0267e-09
7579   2.3578e-01 8.5083e-09 4.4216e-09
7580   2.3578e-01 8.8391e-09 3.8032e-09
7581   2.3578e-01 9.1401e-09 3.1737e-09
7582   2.3578e-01 9.4098e-09 2.7710e-09
7583   2.3578e-01 9.6545e-09 3.2299e-09
7584   2.3578e-01 9.8705e-09 3.6770e-09
7585   2.3578e-01 1.0053e-08 4.1189e-09
7586   2.3578e-01 1.0202e-08 4.5480e-09
7587   2.3578e-01 1.0319e-08 4.9611e-09
7588   2.3578e-01 1.0482e-08 5.3568e-09
7589   2.3578e-01 1.0612e-08 5.9234e-09
7590   2.3578e-01 1.0705e-08 6.4974e-09
7591   2.3578e-01 1.0764e-08 7.0486e-09
7592   2.3578e-01 1.0785e-08 7.5750e-09
7593   2.3578e-01 1.0774e-08 8.0774e-09
7594   2.3578e-01 1.0723e-08 8.5561e-09
7595   2.3578e-01 1.0641e-08 9.0053e-09
7596   2.3578e-01 1.0520e-08 9.4238e-09
7597   2.3578e-01 1.0368e-08 9.8101e-09
7598   2.3578e-01 1.0180e-08 1.0163e-08
7599   2.3578e-01 9.9607e-09 1.0482e-08
7600   2.3578e-01 9.7219e-09 1.0765e-08
7601   2.3578e-01 9.4991e-09 1.1012e-08
7602   2.3578e-01 9.2457e-09 1.1222e-08
7603   2.3578e-01 8.9627e-09 1.1395e-08
7604   2.3578e-01 8.6510e-09 1.1530e-08
7605   2.3578e-01 8.3118e-09 1.1626e-08
7606   2.3578e-01 7.9463e-09 1.1686e-08
7607   2.3578e-01 7.5557e-09 1.1858e-08
7608   2.3578e-01 7.1414e-09 1.1990e-08
7609   2.3578e-01 6.7048e-09 1.2084e-08
7610   2.3578e-01 6.2497e-09 1.2137e-08
7611   2.3578e-01 5.8106e-09 1.2151e-08
7612   2.3578e-01 5.3537e-09 1.2127e-08
7613   2.3578e-01 4.8867e-09 1.2065e-08
7614   2.3578e-01 4.4052e-09 1.1962e-08
7615   2.3578e-01 3.9106e-09 1.1821e-08
7616   2.3578e-01 3.4047e-09 1.1642e-08
7617   2.3578e-01 2.8890e-09 1.1424e-08
7618   2.3578e-01 2.3756e-09 1.1170e-08
7619   2.3578e-01 2.0455e-09 1.0880e-08
7620   2.3578e-01 2.2470e-09 1.0555e-08
7621   2.3578e-01 2.5484e-09 1.0196e-08
7622   2.3578e-01 2.9535e-09 9.8043e-09
7623   2.3578e-01 3.4182e-09 9.3817e-09
7624   2.3578e-01 3.8952e-09 8.9975e-09
7625   2.3578e-01 4.3663e-09 8.6104e-09
7626   2.3578e-01 4.8373e-09 8.1961e-09
7627   2.3578e-01 5.2918e-09 7.7560e-09
7628   2.3578e-01 5.7445e-09 7.2916e-09
7629   2.3578e-01 6.1775e-09 6.8046e-09
7630   2.3578e-01 6.5887e-09 6.2966e-09
7631   2.3578e-01 6.9838e-09 5.7693e-09
7632   2.3578e-01 7.3619e-09 5.2245e-09
7633   2.3578e-01 7.7144e-09 4.6640e-09
7634   2.3578e-01 8.0410e-09 4.0936e-09
7635   2.3578e-01 8.3400e-09 3.5132e-09
7636   2.3578e-01 8.6111e-09 2.9227e-09
7637   2.3578e-01 8.8529e-09 2.7239e-09
7638   2.3578e-01 9.0705e-09 3.1504e-09
7639   2.3578e-01 9.2621e-09 3.5665e-09
7640   2.3578e-01 9.4225e-09 3.9784e-09
7641   2.3578e-01 9.5518e-09 4.3763e-09
7642   2.3578e-01 9.6980e-09 4.7589e-09
7643   2.3578e-01 9.8401e-09 5.1737e-09
7644   2.3578e-01 9.9520e-09 5.7256e-09
7645   2.3578e-01 1.0028e-08 6.2574e-09
7646   2.3578e-01 1.0074e-08 6.7675e-09
7647   2.3578e-01 1.0084e-08 7.2542e-09
7648   2.3578e-01 1.0064e-08 7.7182e-09
7649   2.3578e-01 1.0008e-08 8.1596e-09
7650   2.3578e-01 9.9217e-09 8.5732e-09
7651   2.3578e-01 9.8007e-09 8.9577e-09
7652   2.3578e-01 9.6503e-09 9.3120e-09
7653   2.3578e-01 9.4662e-09 9.6349e-09
7654   2.3578e-01 9.2540e-09 9.9254e-09
7655   2.3578e-01 9.0095e-09 1.0183e-08
7656   2.3578e-01 8.7386e-09 1.0406e-08
7657   2.3578e-01 8.4532e-09 1.0595e-08
7658   2.3578e-01 8.1832e-09 1.0749e-08
7659   2.3578e-01 7.8868e-09 1.0867e-08
7660   2.3578e-01 7.5653e-09 1.0949e-08
7661   2.3578e-01 7.2196e-09 1.0995e-08
7662   2.3578e-01 6.8510e-09 1.1056e-08
7663   2.3578e-01 6.4608e-09 1.1171e-08
7664   2.3578e-01 6.0502e-09 1.1250e-08
7665   2.3578e-01 5.6208e-09 1.1291e-08
7666   2.3578e-01 5.2063e-09 1.1295e-08
7667   2.3578e-01 4.7803e-09 1.1264e-08
7668   2.3578e-01 4.3435e-09 1.1197e-08
7669   2.3578e-01 3.8934e-09 1.1093e-08
7670   2.3578e-01 3.4316e-09 1.0953e-08
7671   2.3578e-01 2.9596e-09 1.0777e-08
7672   2.3578e-01 2.4837e-09 1.0566e-08
7673   2.3578e-01 2.0065e-09 1.0321e-08
7674   2.3578e-01 1.9596e-09 1.0042e-08
7675   2.3578e-01 2.1452e-09 9.7313e-09
7676   2.3578e-01 2.4376e-09 9.3891e-09
7677   2.3578e-01 2.8259e-09 9.0167e-09
7678   2.3578e-01 3.2565e-09 8.6156e-09
7679   2.3578e-01 3.6959e-09 8.2567e-09
7680   2.3578e-01 4.1318e-09 7.8895e-09
7681   2.3578e-01 4.5647e-09 7.4972e-09
7682   2.3578e-01 4.9847e-09 7.0810e-09
7683   2.3578e-01 5.3999e-09 6.6426e-09
7684   2.3578e-01 5.7964e-09 6.1832e-09
7685   2.3578e-01 6.1724e-09 5.7046e-09
7686   2.3578e-01 6.5361e-09 5.2083e-09
7687   2.3578e-01 6.8806e-09 4.6959e-09
7688   2.3578e-01 7.2011e-09 4.1721e-09
7689   2.3578e-01 7.4972e-09 3.6383e-09
7690   2.3578e-01 7.7675e-09 3.0937e-09
7691   2.3578e-01 8.0117e-09 2.5402e-09
7692   2.3578e-01 8.2284e-09 2.5933e-09
7693   2.3578e-01 8.4260e-09 2.9898e-09
7694   2.3578e-01 8.5959e-09 3.3777e-09
7695   2.3578e-01 8.7366e-09 3.7599e-09
7696   2.3578e-01 8.8483e-09 4.1288e-09
7697   2.3578e-01 8.9910e-09 4.4831e-09
7698   2.3578e-01 9.1145e-09 4.8797e-09
7699   2.3578e-01 9.2099e-09 5.3917e-09
7700   2.3578e-01 9.2724e-09 5.8846e-09
7701   2.3578e-01 9.3063e-09 6.3568e-09
7702   2.3578e-01 9.3071e-09 6.8069e-09
7703   2.3578e-01 9.2795e-09 7.2376e-09
7704   2.3578e-01 9.2190e-09 7.6446e-09
7705   2.3578e-01 9.1304e-09 8.0254e-09
7706   2.3578e-01 9.0098e-09 8.3789e-09
7707   2.3578e-01 8.8619e-09 8.7038e-09
7708   2.3578e-01 8.6829e-09 8.9992e-09
7709   2.3578e-01 8.4779e-09 9.2642e-09
7710   2.3578e-01 8.2625e-09 9.4981e-09
7711   2.3578e-01 8.0558e-09 9.7000e-09
7712   2.3578e-01 7.8232e-09 9.8695e-09
7713   2.3578e-01 7.5656e-09 1.0006e-08
7714   2.3578e-01 7.2839e-09 1.0109e-08
7715   2.3578e-01 6.9790e-09 1.0179e-08
7716   2.3578e-01 6.6521e-09 1.0265e-08
7717   2.3578e-01 6.3042e-09 1.0399e-08
7718   2.3578e-01 5.9366e-09 1.0499e-08
7719   2.3578e-01 5.5506e-09 1.0564e-08
7720   2.3578e-01 5.1669e-09 1.0594e-08
7721   2.3578e-01 4.7801e-09 1.0592e-08
7722   2.3578e-01 4.3822e-09 1.0556e-08
7723   2.3578e-01 3.9732e-09 1.0485e-08
7724   2.3578e-01 3.5523e-09 1.0380e-08
7725   2.3578e-01 3.1209e-09 1.0241e-08
7726   2.3578e-01 2.6806e-09 1.0069e-08
7727   2.3578e-01 2.2380e-09 9.8649e-09
7728   2.3578e-01 1.7937e-09 9.6286e-09
7729   2.3578e-01 1.8706e-09 9.3613e-09
7730   2.3578e-01 2.0797e-09 9.0640e-09
7731   2.3578e-01 2.3811e-09 8.7377e-09
7732   2.3578e-01 2.7778e-09 8.3836e-09
7733   2.3578e-01 3.1850e-09 8.0404e-09
7734   2.3578e-01 3.5894e-09 7.7164e-09
7735   2.3578e-01 3.9974e-09 7.3680e-09
7736   2.3578e-01 4.3950e-09 6.9964e-09
7737   2.3578e-01 4.7844e-09 6.6028e-09
7738   2.3578e-01 5.1648e-09 6.1886e-09
7739   2.3578e-01 5.5274e-09 5.7552e-09
7740   2.3578e-01 5.8707e-09 5.3041e-09
7741   2.3578e-01 6.2038e-09 4.8368e-09
7742   2.3578e-01 6.5172e-09 4.3549e-09
7743   2.3578e-01 6.8082e-09 3.8607e-09
7744   2.3578e-01 7.0762e-09 3.3595e-09
7745   2.3578e-01 7.3200e-09 2.8485e-09
7746   2.3578e-01 7.5394e-09 2.3296e-09
7747   2.3578e-01 7.7331e-09 2.5372e-09
7748   2.3578e-01 7.9084e-09 2.9055e-09
7749   2.3578e-01 8.0583e-09 3.2679e-09
7750   2.3578e-01 8.1812e-09 3.6224e-09
7751   2.3578e-01 8.3044e-09 3.9642e-09
7752   2.3578e-01 8.4413e-09 4.2922e-09
7753   2.3578e-01 8.5481e-09 4.7232e-09
7754   2.3578e-01 8.6285e-09 5.1977e-09
7755   2.3578e-01 8.6784e-09 5.6541e-09
7756   2.3578e-01 8.7016e-09 6.0909e-09
7757   2.3578e-01 8.6942e-09 6.5067e-09
7758   2.3578e-01 8.6603e-09 6.9043e-09
7759   2.3578e-01 8.5961e-09 7.2794e-09
7760   2.3578e-01 8.5058e-09 7.6297e-09
7761   2.3578e-01 8.3858e-09 7.9541e-09
7762   2.3578e-01 8.2406e-09 8.2517e-09
7763   2.3578e-01 8.0667e-09 8.5216e-09
7764   2.3578e-01 7.8689e-09 8.7629e-09
7765   2.3578e-01 7.6437e-09 8.9749e-09
7766   2.3578e-01 7.3960e-09 9.1570e-09
7767   2.3578e-01 7.1501e-09 9.3086e-09
7768   2.3578e-01 6.9048e-09 9.4294e-09
7769   2.3578e-01 6.6373e-09 9.5190e-09
7770   2.3578e-01 6.3487e-09 9.5772e-09
7771   2.3578e-01 6.0399e-09 9.6039e-09
7772   2.3578e-01 5.7119e-09 9.6946e-09
7773   2.3578e-01 5.3660e-09 9.7805e-09
7774   2.3578e-01 5.0033e-09 9.8339e-09
7775   2.3578e-01 4.6399e-09 9.8548e-09
7776   2.3578e-01 4.2773e-09 9.8437e-09
7777   2.3578e-01 3.9066e-09 9.8026e-09
7778   2.3578e-01 3.5240e-09 9.7293e-09
7779   2.3578e-01 3.1308e-09 9.6241e-09
7780   2.3578e-01 2.7283e-09 9.4875e-09
7781   2.3578e-01 2.3183e-09 9.3200e-09
7782   2.3578e-01 1.9100e-09 9.1222e-09
7783   2.3578e-01 1.6308e-09 8.8949e-09
7784   2.3578e-01 1.7881e-09 8.6388e-09
7785   2.3578e-01 1.9870e-09 8.3548e-09
7786   2.3578e-01 2.2846e-09 8.0441e-09
7787   2.3578e-01 2.6522e-09 7.7108e-09
7788   2.3578e-01 3.0296e-09 7.3883e-09
7789   2.3578e-01 3.4019e-09 7.0807e-09
7790   2.3578e-01 3.7793e-09 6.7505e-09
7791   2.3578e-01 4.1446e-09 6.3988e-09
7792   2.3578e-01 4.5042e-09 6.0269e-09
7793   2.3578e-01 4.8528e-09 5.6360e-09
7794   2.3578e-01 5.1845e-09 5.2275e-09
7795   2.3578e-01 5.4995e-09 4.8027e-09
7796   2.3578e-01 5.8045e-09 4.3631e-09
7797   2.3578e-01 6.0897e-09 3.9101e-09
7798   2.3578e-01 6.3538e-09 3.4497e-09
7799   2.3578e-01 6.5964e-09 2.9793e-09
7800   2.3578e-01 6.8163e-09 2.5002e-09
7801   2.3578e-01 7.0134e-09 2.0633e-09
7802   2.3578e-01 7.1886e-09 2.4143e-09
7803   2.3578e-01 7.3452e-09 2.7565e-09
7804   2.3578e-01 7.4774e-09 3.0943e-09
7805   2.3578e-01 7.5843e-09 3.4231e-09
7806   2.3578e-01 7.7055e-09 3.7398e-09
7807   2.3578e-01 7.8254e-09 4.0433e-09
7808   2.3578e-01 7.9172e-09 4.4557e-09
7809   2.3578e-01 7.9845e-09 4.8956e-09
7810   2.3578e-01 8.0234e-09 5.3183e-09
7811   2.3578e-01 8.0376e-09 5.7224e-09
7812   2.3578e-01 8.0233e-09 6.1075e-09
7813   2.3578e-01 7.9844e-09 6.4754e-09
7814   2.3578e-01 7.9174e-09 6.8210e-09
7815   2.3578e-01 7.8262e-09 7.1432e-09
7816   2.3578e-01 7.7077e-09 7.4411e-09
7817   2.3578e-01 7.5658e-09 7.7138e-09
7818   2.3578e-01 7.3975e-09 7.9603e-09
7819   2.3578e-01 7.2070e-09 8.1800e-09
7820   2.3578e-01 7.0140e-09 8.3722e-09
7821   2.3578e-01 6.8234e-09 8.5363e-09
7822   2.3578e-01 6.6110e-09 8.6719e-09
7823   2.3578e-01 6.3774e-09 8.7786e-09
7824   2.3578e-01 6.1236e-09 8.8562e-09
7825   2.3578e-01 5.8503e-09 8.9043e-09
7826   2.3578e-01 5.5586e-09 9.0078e-09
7827   2.3578e-01 5.2494e-09 9.1111e-09
7828   2.3578e-01 4.9238e-09 9.1842e-09
7829   2.3578e-01 4.5871e-09 9.2270e-09
7830   2.3578e-01 4.2600e-09 9.2398e-09
7831   2.3578e-01 3.9211e-09 9.2246e-09
7832   2.3578e-01 3.5739e-09 9.1792e-09
7833   2.3578e-01 3.2159e-09 9.1038e-09
7834   2.3578e-01 2.8484e-09 8.9987e-09
7835   2.3578e-01 2.4726e-09 8.8644e-09
7836   2.3578e-01 2.0914e-09 8.7013e-09
7837   2.3578e-01 1.7110e-09 8.5101e-09
7838   2.3578e-01 1.5539e-09 8.2915e-09
7839   2.3578e-01 1.7038e-09 8.0462e-09
7840   2.3578e-01 1.9407e-09 7.7751e-09
7841   2.3578e-01 2.2509e-09 7.4830e-09
7842   2.3578e-01 2.5950e-09 7.1918e-09
7843   2.3578e-01 2.9483e-09 6.9020e-09
7844   2.3578e-01 3.2958e-09 6.6099e-09
7845   2.3578e-01 3.6437e-09 6.2968e-09
7846   2.3578e-01 3.9789e-09 5.9640e-09
7847   2.3578e-01 4.3120e-09 5.6124e-09
7848   2.3578e-01 4.6311e-09 5.2434e-09
7849   2.3578e-01 4.9342e-09 4.8582e-09
7850   2.3578e-01 5.2229e-09 4.4580e-09
7851   2.3578e-01 5.5007e-09 4.0443e-09
7852   2.3578e-01 5.7598e-09 3.6185e-09
7853   2.3578e-01 5.9992e-09 3.1846e-09
7854   2.3578e-01 6.2184e-09 2.7431e-09
7855   2.3578e-01 6.4163e-09 2.2937e-09
7856   2.3578e-01 6.5929e-09 2.0261e-09
7857   2.3578e-01 6.7487e-09 2.3523e-09
7858   2.3578e-01 6.8875e-09 2.6702e-09
7859   2.3578e-01 7.0035e-09 2.9855e-09
7860   2.3578e-01 7.1085e-09 3.2903e-09
7861   2.3578e-01 7.2353e-09 3.5835e-09
7862   2.3578e-01 7.3397e-09 3.8779e-09
7863   2.3578e-01 7.4181e-09 4.3006e-09
7864   2.3578e-01 7.4735e-09 4.7082e-09
7865   2.3578e-01 7.5026e-09 5.0994e-09
7866   2.3578e-01 7.5086e-09 5.4729e-09
7867   2.3578e-01 7.4883e-09 5.8287e-09
7868   2.3578e-01 7.4451e-09 6.1678e-09
7869   2.3578e-01 7.3759e-09 6.4860e-09
7870   2.3578e-01 7.2844e-09 6.7821e-09
7871   2.3578e-01 7.1675e-09 7.0553e-09
7872   2.3578e-01 7.0290e-09 7.3047e-09
7873   2.3578e-01 6.8662e-09 7.5296e-09
7874   2.3578e-01 6.6829e-09 7.7293e-09
7875   2.3578e-01 6.4766e-09 7.9031e-09
7876   2.3578e-01 6.2512e-09 8.0507e-09
7877   2.3578e-01 6.0397e-09 8.1714e-09
7878   2.3578e-01 5.8176e-09 8.2652e-09
7879   2.3578e-01 5.5770e-09 8.3316e-09
7880   2.3578e-01 5.3186e-09 8.3705e-09
7881   2.3578e-01 5.0433e-09 8.4029e-09
7882   2.3578e-01 4.7521e-09 8.4929e-09
7883   2.3578e-01 4.4461e-09 8.5548e-09
7884   2.3578e-01 4.1277e-09 8.5882e-09
7885   2.3578e-01 3.8208e-09 8.5933e-09
7886   2.3578e-01 3.5049e-09 8.5721e-09
7887   2.3578e-01 3.1800e-09 8.5233e-09
7888   2.3578e-01 2.8454e-09 8.4465e-09
7889   2.3578e-01 2.5022e-09 8.3421e-09
7890   2.3578e-01 2.1517e-09 8.2105e-09
7891   2.3578e-01 1.8002e-09 8.0522e-09
7892   2.3578e-01 1.4461e-09 7.8677e-09
7893   2.3578e-01 1.4875e-09 7.6578e-09
7894   2.3578e-01 1.6255e-09 7.4232e-09
7895   2.3578e-01 1.8649e-09 7.1648e-09
7896   2.3578e-01 2.1559e-09 6.8917e-09
7897   2.3578e-01 2.4752e-09 6.6151e-09
7898   2.3578e-01 2.8006e-09 6.3418e-09
7899   2.3578e-01 3.1223e-09 6.0646e-09
7900   2.3578e-01 3.4421e-09 5.7682e-09
7901   2.3578e-01 3.7508e-09 5.4534e-09
7902   2.3578e-01 4.0573e-09 5.1214e-09
7903   2.3578e-01 4.3494e-09 4.7734e-09
7904   2.3578e-01 4.6265e-09 4.4104e-09
7905   2.3578e-01 4.8920e-09 4.0338e-09
7906   2.3578e-01 5.1450e-09 3.6448e-09
7907   2.3578e-01 5.3805e-09 3.2462e-09
7908   2.3578e-01 5.5975e-09 2.8404e-09
7909   2.3578e-01 5.7955e-09 2.4262e-09
7910   2.3578e-01 5.9737e-09 2.0051e-09
7911   2.3578e-01 6.1318e-09 1.9340e-09
7912   2.3578e-01 6.2729e-09 2.2372e-09
7913   2.3578e-01 6.3958e-09 2.5335e-09
7914   2.3578e-01 6.4973e-09 2.8261e-09
7915   2.3578e-01 6.6013e-09 3.1086e-09
7916   2.3578e-01 6.7129e-09 3.3802e-09
7917   2.3578e-01 6.8035e-09 3.6652e-09
7918   2.3578e-01 6.8699e-09 4.0573e-09
7919   2.3578e-01 6.9150e-09 4.4349e-09
7920   2.3578e-01 6.9356e-09 4.7970e-09
7921   2.3578e-01 6.9347e-09 5.1424e-09
7922   2.3578e-01 6.9095e-09 5.4725e-09
7923   2.3578e-01 6.8630e-09 5.7852e-09
7924   2.3578e-01 6.7924e-09 6.0782e-09
7925   2.3578e-01 6.7012e-09 6.3503e-09
7926   2.3578e-01 6.5865e-09 6.6009e-09
7927   2.3578e-01 6.4519e-09 6.8291e-09
7928   2.3578e-01 6.2948e-09 7.0342e-09
7929   2.3578e-01 6.1189e-09 7.2157e-09
7930   2.3578e-01 5.9470e-09 7.3729e-09
7931   2.3578e-01 5.7723e-09 7.5054e-09
7932   2.3578e-01 5.5790e-09 7.6129e-09
7933   2.3578e-01 5.3680e-09 7.6951e-09
7934   2.3578e-01 5.1399e-09 7.7517e-09
7935   2.3578e-01 4.8955e-09 7.7936e-09
7936   2.3578e-01 4.6358e-09 7.8976e-09
7937   2.3578e-01 4.3616e-09 7.9755e-09
7938   2.3578e-01 4.0738e-09 8.0271e-09
7939   2.3578e-01 3.7899e-09 8.0522e-09
7940   2.3578e-01 3.5019e-09 8.0524e-09
7941   2.3578e-01 3.2069e-09 8.0270e-09
7942   2.3578e-01 2.9027e-09 7.9753e-09
7943   2.3578e-01 2.5898e-09 7.8976e-09
7944   2.3578e-01 2.2693e-09 7.7941e-09
7945   2.3578e-01 1.9423e-09 7.6654e-09
7946   2.3578e-01 1.6156e-09 7.5118e-09
7947   2.3578e-01 1.2982e-09 7.3340e-09
7948   2.3578e-01 1.4194e-09 7.1326e-09
7949   2.3578e-01 1.5787e-09 6.9083e-09
7950   2.3578e-01 1.8184e-09 6.6689e-09
7951   2.3578e-01 2.1128e-09 6.4265e-09
7952   2.3578e-01 2.4143e-09 6.1638e-09
7953   2.3578e-01 2.7138e-09 5.9180e-09
7954   2.3578e-01 3.0147e-09 5.6550e-09
7955   2.3578e-01 3.3083e-09 5.3742e-09
7956   2.3578e-01 3.5944e-09 5.0765e-09
7957   2.3578e-01 3.8752e-09 4.7629e-09
7958   2.3578e-01 4.1423e-09 4.4345e-09
7959   2.3578e-01 4.3952e-09 4.0925e-09
7960   2.3578e-01 4.6385e-09 3.7379e-09
7961   2.3578e-01 4.8686e-09 3.3720e-09
7962   2.3578e-01 5.0823e-09 2.9964e-09
7963   2.3578e-01 5.2786e-09 2.6155e-09
7964   2.3578e-01 5.4571e-09 2.2269e-09
7965   2.3578e-01 5.6171e-09 1.8321e-09
7966   2.3578e-01 5.7583e-09 1.8903e-09
7967   2.3578e-01 5.8835e-09 2.1720e-09
7968   2.3578e-01 5.9918e-09 2.4487e-09
7969   2.3578e-01 6.0803e-09 2.7200e-09
7970   2.3578e-01 6.1994e-09 2.9818e-09
7971   2.3578e-01 6.2971e-09 3.2331e-09
7972   2.3578e-01 6.3753e-09 3.5428e-09
7973   2.3578e-01 6.4309e-09 3.9062e-09
7974   2.3578e-01 6.4666e-09 4.2559e-09
7975   2.3578e-01 6.4797e-09 4.5908e-09
7976   2.3578e-01 6.4727e-09 4.9099e-09
7977   2.3578e-01 6.4432e-09 5.2146e-09
7978   2.3578e-01 6.3940e-09 5.5028e-09
7979   2.3578e-01 6.3225e-09 5.7722e-09
7980   2.3578e-01 6.2318e-09 6.0221e-09
7981   2.3578e-01 6.1195e-09 6.2516e-09
7982   2.3578e-01 5.9888e-09 6.4601e-09
7983   2.3578e-01 5.8374e-09 6.6469e-09
7984   2.3578e-01 5.6686e-09 6.8114e-09
7985   2.3578e-01 5.4803e-09 6.9533e-09
7986   2.3578e-01 5.2785e-09 7.0720e-09
7987   2.3578e-01 5.0946e-09 7.1672e-09
7988   2.3578e-01 4.8943e-09 7.2387e-09
7989   2.3578e-01 4.6783e-09 7.2863e-09
7990   2.3578e-01 4.4476e-09 7.3100e-09
7991   2.3578e-01 4.2027e-09 7.3662e-09
7992   2.3578e-01 3.9447e-09 7.4333e-09
7993   2.3578e-01 3.6743e-09 7.4758e-09
7994   2.3578e-01 3.4065e-09 7.4936e-09
7995   2.3578e-01 3.1374e-09 7.4873e-09
7996   2.3578e-01 2.8616e-09 7.4580e-09
7997   2.3578e-01 2.5771e-09 7.4041e-09
7998   2.3578e-01 2.2848e-09 7.3260e-09
7999   2.3578e-01 1.9857e-09 7.2240e-09
8000   2.3578e-01 1.6827e-09 7.0985e-09
8001   2.3578e-01 1.3797e-09 6.9499e-09
8002   2.3578e-01 1.2384e-09 6.7788e-09
8003   2.3578e-01 1.3560e-09 6.5858e-09
8004   2.3578e-01 1.5216e-09 6.3716e-09
8005   2.3578e-01 1.7460e-09 6.1482e-09
8006   2.3578e-01 2.0192e-09 5.9177e-09
8007   2.3578e-01 2.2990e-09 5.6688e-09
8008   2.3578e-01 2.5746e-09 5.4369e-09
8009   2.3578e-01 2.8531e-09 5.1877e-09
8010   2.3578e-01 3.1228e-09 4.9219e-09
8011   2.3578e-01 3.3870e-09 4.6406e-09
8012   2.3578e-01 3.6442e-09 4.3446e-09
8013   2.3578e-01 3.8885e-09 4.0351e-09
8014   2.3578e-01 4.1194e-09 3.7130e-09
8015   2.3578e-01 4.3430e-09 3.3794e-09
8016   2.3578e-01 4.5524e-09 3.0355e-09
8017   2.3578e-01 4.7463e-09 2.6853e-09
8018   2.3578e-01 4.9238e-09 2.3278e-09
8019   2.3578e-01 5.0848e-09 1.9635e-09
8020   2.3578e-01 5.2284e-09 1.5936e-09
8021   2.3578e-01 5.3545e-09 1.8029e-09
8022   2.3578e-01 5.4675e-09 2.0645e-09
8023   2.3578e-01 5.5628e-09 2.3224e-09
8024   2.3578e-01 5.6504e-09 2.5740e-09
8025   2.3578e-01 5.7563e-09 2.8165e-09
8026   2.3578e-01 5.8416e-09 3.0491e-09
8027   2.3578e-01 5.9087e-09 3.3484e-09
8028   2.3578e-01 5.9549e-09 3.6852e-09
8029   2.3578e-01 5.9825e-09 4.0091e-09
8030   2.3578e-01 5.9891e-09 4.3189e-09
8031   2.3578e-01 5.9771e-09 4.6138e-09
8032   2.3578e-01 5.9442e-09 4.8961e-09
8033   2.3578e-01 5.8929e-09 5.1616e-09
8034   2.3578e-01 5.8211e-09 5.4095e-09
8035   2.3578e-01 5.7316e-09 5.6389e-09
8036   2.3578e-01 5.6221e-09 5.8492e-09
8037   2.3578e-01 5.4955e-09 6.0396e-09
8038   2.3578e-01 5.3500e-09 6.2097e-09
8039   2.3578e-01 5.1884e-09 6.3590e-09
8040   2.3578e-01 5.0362e-09 6.4869e-09
8041   2.3578e-01 4.8766e-09 6.5931e-09
8042   2.3578e-01 4.7015e-09 6.6774e-09
8043   2.3578e-01 4.5114e-09 6.7394e-09
8044   2.3578e-01 4.3070e-09 6.7791e-09
8045   2.3578e-01 4.0891e-09 6.8378e-09
8046   2.3578e-01 3.8583e-09 6.9180e-09
8047   2.3578e-01 3.6154e-09 6.9753e-09
8048   2.3578e-01 3.3663e-09 7.0096e-09
8049   2.3578e-01 3.1226e-09 7.0211e-09
8050   2.3578e-01 2.8711e-09 7.0114e-09
8051   2.3578e-01 2.6128e-09 6.9786e-09
8052   2.3578e-01 2.3466e-09 6.9231e-09
8053   2.3578e-01 2.0735e-09 6.8450e-09
8054   2.3578e-01 1.7943e-09 6.7446e-09
8055   2.3578e-01 1.5127e-09 6.6223e-09
8056   2.3578e-01 1.2305e-09 6.4787e-09
8057   2.3578e-01 1.1801e-09 6.3141e-09
8058   2.3578e-01 1.2915e-09 6.1292e-09
8059   2.3578e-01 1.4841e-09 5.9333e-09
8060   2.3578e-01 1.7156e-09 5.7323e-09
8061   2.3578e-01 1.9707e-09 5.5131e-09
8062   2.3578e-01 2.2320e-09 5.2886e-09
8063   2.3578e-01 2.4885e-09 5.0683e-09
8064   2.3578e-01 2.7458e-09 4.8320e-09
8065   2.3578e-01 2.9932e-09 4.5805e-09
8066   2.3578e-01 3.2379e-09 4.3146e-09
8067   2.3578e-01 3.4733e-09 4.0352e-09
8068   2.3578e-01 3.6965e-09 3.7433e-09
8069   2.3578e-01 3.9074e-09 3.4400e-09
8070   2.3578e-01 4.1118e-09 3.1261e-09
8071   2.3578e-01 4.3019e-09 2.8028e-09
8072   2.3578e-01 4.4776e-09 2.4731e-09
8073   2.3578e-01 4.6379e-09 2.1376e-09
8074   2.3578e-01 4.7827e-09 1.7960e-09
8075   2.3578e-01 4.9113e-09 1.5058e-09
8076   2.3578e-01 5.0235e-09 1.7551e-09
8077   2.3578e-01 5.1234e-09 1.9980e-09
8078   2.3578e-01 5.2069e-09 2.2387e-09
8079   2.3578e-01 5.3073e-09 2.4719e-09
8080   2.3578e-01 5.4006e-09 2.6965e-09
8081   2.3578e-01 5.4747e-09 2.9116e-09
8082   2.3578e-01 5.5318e-09 3.2279e-09
8083   2.3578e-01 5.5694e-09 3.5400e-09
8084   2.3578e-01 5.5898e-09 3.8396e-09
8085   2.3578e-01 5.5906e-09 4.1260e-09
8086   2.3578e-01 5.5742e-09 4.3984e-09
8087   2.3578e-01 5.5384e-09 4.6588e-09
8088   2.3578e-01 5.4856e-09 4.9032e-09
8089   2.3578e-01 5.4138e-09 5.1310e-09
8090   2.3578e-01 5.3256e-09 5.3414e-09
8091   2.3578e-01 5.2190e-09 5.5338e-09
8092   2.3578e-01 5.0966e-09 5.7075e-09
8093   2.3578e-01 4.9567e-09 5.8622e-09
8094   2.3578e-01 4.8020e-09 5.9972e-09
8095   2.3578e-01 4.6309e-09 6.1123e-09
8096   2.3578e-01 4.4575e-09 6.2070e-09
8097   2.3578e-01 4.2910e-09 6.2811e-09
8098   2.3578e-01 4.1109e-09 6.3345e-09
8099   2.3578e-01 3.9177e-09 6.3670e-09
8100   2.3578e-01 3.7120e-09 6.3830e-09
8101   2.3578e-01 3.4946e-09 6.4513e-09
8102   2.3578e-01 3.2663e-09 6.4999e-09
8103   2.3578e-01 3.0316e-09 6.5270e-09
8104   2.3578e-01 2.8030e-09 6.5325e-09
8105   2.3578e-01 2.5686e-09 6.5182e-09
8106   2.3578e-01 2.3268e-09 6.4828e-09
8107   2.3578e-01 2.0780e-09 6.4261e-09
8108   2.3578e-01 1.8230e-09 6.3484e-09
8109   2.3578e-01 1.5626e-09 6.2500e-09
8110   2.3578e-01 1.3029e-09 6.1312e-09
8111   2.3578e-01 1.0401e-09 5.9926e-09
8112   2.3578e-01 1.1290e-09 5.8345e-09
8113   2.3578e-01 1.2398e-09 5.6577e-09
8114   2.3578e-01 1.4261e-09 5.4752e-09
8115   2.3578e-01 1.6446e-09 5.2838e-09
8116   2.3578e-01 1.8814e-09 5.0755e-09
8117   2.3578e-01 2.1221e-09 4.8645e-09
8118   2.3578e-01 2.3597e-09 4.6555e-09
8119   2.3578e-01 2.5961e-09 4.4317e-09
8120   2.3578e-01 2.8232e-09 4.1938e-09
8121   2.3578e-01 3.0491e-09 3.9427e-09
8122   2.3578e-01 3.2645e-09 3.6792e-09
8123   2.3578e-01 3.4685e-09 3.4042e-09
8124   2.3578e-01 3.6623e-09 3.1187e-09
8125   2.3578e-01 3.8484e-09 2.8236e-09
8126   2.3578e-01 4.0212e-09 2.5205e-09
8127   2.3578e-01 4.1803e-09 2.2124e-09
8128   2.3578e-01 4.3251e-09 1.8977e-09
8129   2.3578e-01 4.4553e-09 1.5775e-09
8130   2.3578e-01 4.5703e-09 1.4408e-09
8131   2.3578e-01 4.6710e-09 1.6725e-09
8132   2.3578e-01 4.7600e-09 1.8986e-09
8133   2.3578e-01 4.8343e-09 2.1223e-09
8134   2.3578e-01 4.9318e-09 2.3384e-09
8135   2.3578e-01 5.0138e-09 2.5463e-09
8136   2.3578e-01 5.0780e-09 2.7505e-09
8137   2.3578e-01 5.1262e-09 3.0504e-09
8138   2.3578e-01 5.1564e-09 3.3394e-09
8139   2.3578e-01 5.1705e-09 3.6168e-09
8140   2.3578e-01 5.1665e-09 3.8815e-09
8141   2.3578e-01 5.1464e-09 4.1341e-09
8142   2.3578e-01 5.1084e-09 4.3742e-09
8143   2.3578e-01 5.0547e-09 4.5992e-09
8144   2.3578e-01 4.9834e-09 4.8086e-09
8145   2.3578e-01 4.8968e-09 5.0015e-09
8146   2.3578e-01 4.7933e-09 5.1775e-09
8147   2.3578e-01 4.6753e-09 5.3360e-09
8148   2.3578e-01 4.5412e-09 5.4766e-09
8149   2.3578e-01 4.3934e-09 5.5987e-09
8150   2.3578e-01 4.2593e-09 5.7022e-09
8151   2.3578e-01 4.1143e-09 5.7866e-09
8152   2.3578e-01 3.9561e-09 5.8517e-09
8153   2.3578e-01 3.7854e-09 5.8974e-09
8154   2.3578e-01 3.6027e-09 5.9235e-09
8155   2.3578e-01 3.4087e-09 5.9937e-09
8156   2.3578e-01 3.2040e-09 6.0544e-09
8157   2.3578e-01 2.9893e-09 6.0951e-09
8158   2.3578e-01 2.7794e-09 6.1157e-09
8159   2.3578e-01 2.5653e-09 6.1174e-09
8160   2.3578e-01 2.3460e-09 6.0996e-09
8161   2.3578e-01 2.1197e-09 6.0619e-09
8162   2.3578e-01 1.8870e-09 6.0044e-09
8163   2.3578e-01 1.6489e-09 5.9273e-09
8164   2.3578e-01 1.4063e-09 5.8310e-09
8165   2.3578e-01 1.1648e-09 5.7158e-09
8166   2.3578e-01 9.8625e-10 5.5821e-09
8167   2.3578e-01 1.0769e-09 5.4304e-09
8168   2.3578e-01 1.2095e-09 5.2702e-09
8169   2.3578e-01 1.3886e-09 5.1043e-09
8170   2.3578e-01 1.6073e-09 4.9220e-09
8171   2.3578e-01 1.8307e-09 4.7241e-09
8172   2.3578e-01 2.0522e-09 4.5337e-09
8173   2.3578e-01 2.2742e-09 4.3354e-09
8174   2.3578e-01 2.4913e-09 4.1234e-09
8175   2.3578e-01 2.7016e-09 3.8984e-09
8176   2.3578e-01 2.9086e-09 3.6612e-09
8177   2.3578e-01 3.1055e-09 3.4126e-09
8178   2.3578e-01 3.2917e-09 3.1535e-09
8179   2.3578e-01 3.4693e-09 2.8847e-09
8180   2.3578e-01 3.6385e-09 2.6072e-09
8181   2.3578e-01 3.7952e-09 2.3219e-09
8182   2.3578e-01 3.9391e-09 2.0326e-09
8183   2.3578e-01 4.0696e-09 1.7374e-09
8184   2.3578e-01 4.1864e-09 1.4373e-09
8185   2.3578e-01 4.2891e-09 1.4073e-09
8186   2.3578e-01 4.3783e-09 1.6225e-09
8187   2.3578e-01 4.4566e-09 1.8335e-09
8188   2.3578e-01 4.5417e-09 2.0410e-09
8189   2.3578e-01 4.6279e-09 2.2412e-09
8190   2.3578e-01 4.6996e-09 2.4336e-09
8191   2.3578e-01 4.7547e-09 2.6556e-09
8192   2.3578e-01 4.7950e-09 2.9336e-09
8193   2.3578e-01 4.8185e-09 3.2012e-09
8194   2.3578e-01 4.8271e-09 3.4577e-09
8195   2.3578e-01 4.8188e-09 3.7022e-09
8196   2.3578e-01 4.7956e-09 3.9355e-09
8197   2.3578e-01 4.7558e-09 4.1567e-09
8198   2.3578e-01 4.7015e-09 4.3637e-09
8199   2.3578e-01 4.6309e-09 4.5559e-09
8200   2.3578e-01 4.5462e-09 4.7326e-09
8201   2.3578e-01 4.4458e-09 4.8935e-09
8202   2.3578e-01 4.3321e-09 5.0379e-09
8203   2.3578e-01 4.2035e-09 5.1654e-09
8204   2.3578e-01 4.0624e-09 5.2756e-09
8205   2.3578e-01 3.9073e-09 5.3683e-09
8206   2.3578e-01 3.7588e-09 5.4432e-09
8207   2.3578e-01 3.6087e-09 5.5001e-09
8208   2.3578e-01 3.4471e-09 5.5387e-09
8209   2.3578e-01 3.2746e-09 5.5592e-09
8210   2.3578e-01 3.0917e-09 5.5925e-09
8211   2.3578e-01 2.8991e-09 5.6449e-09
8212   2.3578e-01 2.6975e-09 5.6786e-09
8213   2.3578e-01 2.5001e-09 5.6935e-09
8214   2.3578e-01 2.3004e-09 5.6904e-09
8215   2.3578e-01 2.0951e-09 5.6695e-09
8216   2.3578e-01 1.8834e-09 5.6301e-09
8217   2.3578e-01 1.6660e-09 5.5722e-09
8218   2.3578e-01 1.4438e-09 5.4961e-09
8219   2.3578e-01 1.2199e-09 5.4021e-09
8220   2.3578e-01 9.9493e-10 5.2906e-09
8221   2.3578e-01 9.4009e-10 5.1619e-09
8222   2.3578e-01 1.0281e-09 5.0165e-09
8223   2.3578e-01 1.1656e-09 4.8675e-09
8224   2.3578e-01 1.3339e-09 4.7092e-09
8225   2.3578e-01 1.5371e-09 4.5358e-09
8226   2.3578e-01 1.7446e-09 4.3479e-09
8227   2.3578e-01 1.9484e-09 4.1693e-09
8228   2.3578e-01 2.1540e-09 3.9813e-09
8229   2.3578e-01 2.3534e-09 3.7807e-09
8230   2.3578e-01 2.5476e-09 3.5680e-09
8231   2.3578e-01 2.7371e-09 3.3442e-09
8232   2.3578e-01 2.9173e-09 3.1099e-09
8233   2.3578e-01 3.0872e-09 2.8659e-09
8234   2.3578e-01 3.2503e-09 2.6130e-09
8235   2.3578e-01 3.4042e-09 2.3521e-09
8236   2.3578e-01 3.5463e-09 2.0860e-09
8237   2.3578e-01 3.6764e-09 1.8145e-09
8238   2.3578e-01 3.7939e-09 1.5378e-09
8239   2.3578e-01 3.8987e-09 1.2566e-09
8240   2.3578e-01 3.9903e-09 1.3450e-09
8241   2.3578e-01 4.0706e-09 1.5449e-09
8242   2.3578e-01 4.1394e-09 1.7415e-09
8243   2.3578e-01 4.2237e-09 1.9339e-09
8244   2.3578e-01 4.2997e-09 2.1194e-09
8245   2.3578e-01 4.3623e-09 2.2974e-09
8246   2.3578e-01 4.4094e-09 2.5141e-09
8247   2.3578e-01 4.4427e-09 2.7717e-09
8248   2.3578e-01 4.4604e-09 3.0195e-09
8249   2.3578e-01 4.4641e-09 3.2567e-09
8250   2.3578e-01 4.4523e-09 3.4826e-09
8251   2.3578e-01 4.4266e-09 3.6988e-09
8252   2.3578e-01 4.3856e-09 3.9026e-09
8253   2.3578e-01 4.3311e-09 4.0930e-09
8254   2.3578e-01 4.2615e-09 4.2694e-09
8255   2.3578e-01 4.1789e-09 4.4313e-09
8256   2.3578e-01 4.0820e-09 4.5783e-09
8257   2.3578e-01 3.9726e-09 4.7098e-09
8258   2.3578e-01 3.8496e-09 4.8254e-09
8259   2.3578e-01 3.7173e-09 4.9249e-09
8260   2.3578e-01 3.5975e-09 5.0079e-09
8261   2.3578e-01 3.4661e-09 5.0743e-09
8262   2.3578e-01 3.3237e-09 5.1237e-09
8263   2.3578e-01 3.1708e-09 5.1562e-09
8264   2.3578e-01 3.0078e-09 5.1868e-09
8265   2.3578e-01 2.8355e-09 5.2491e-09
8266   2.3578e-01 2.6543e-09 5.2939e-09
8267   2.3578e-01 2.4700e-09 5.3213e-09
8268   2.3578e-01 2.2883e-09 5.3314e-09
8269   2.3578e-01 2.1017e-09 5.3254e-09
8270   2.3578e-01 1.9094e-09 5.3018e-09
8271   2.3578e-01 1.7114e-09 5.2610e-09
8272   2.3578e-01 1.5083e-09 5.2030e-09
8273   2.3578e-01 1.3009e-09 5.1281e-09
8274   2.3578e-01 1.0929e-09 5.0365e-09
8275   2.3578e-01 8.8338e-10 4.9286e-09
8276   2.3578e-01 8.9601e-10 4.8048e-09
8277   2.3578e-01 9.8595e-10 4.6739e-09
8278   2.3578e-01 1.1344e-09 4.5375e-09
8279   2.3578e-01 1.3076e-09 4.3865e-09
8280   2.3578e-01 1.4967e-09 4.2216e-09
8281   2.3578e-01 1.6903e-09 4.0480e-09
8282   2.3578e-01 1.8797e-09 3.8820e-09
8283   2.3578e-01 2.0697e-09 3.7038e-09
8284   2.3578e-01 2.2526e-09 3.5139e-09
8285   2.3578e-01 2.4324e-09 3.3129e-09
8286   2.3578e-01 2.6059e-09 3.1016e-09
8287   2.3578e-01 2.7704e-09 2.8807e-09
8288   2.3578e-01 2.9253e-09 2.6509e-09
8289   2.3578e-01 3.0746e-09 2.4130e-09
8290   2.3578e-01 3.2143e-09 2.1678e-09
8291   2.3578e-01 3.3430e-09 1.9174e-09
8292   2.3578e-01 3.4605e-09 1.6627e-09
8293   2.3578e-01 3.5661e-09 1.4032e-09
8294   2.3578e-01 3.6599e-09 1.1397e-09
8295   2.3578e-01 3.7413e-09 1.3085e-09
8296   2.3578e-01 3.8122e-09 1.4941e-09
8297   2.3578e-01 3.8833e-09 1.6776e-09
8298   2.3578e-01 3.9642e-09 1.8559e-09
8299   2.3578e-01 4.0311e-09 2.0276e-09
8300   2.3578e-01 4.0853e-09 2.1923e-09
8301   2.3578e-01 4.1252e-09 2.4212e-09
8302   2.3578e-01 4.1522e-09 2.6598e-09
8303   2.3578e-01 4.1647e-09 2.8891e-09
8304   2.3578e-01 4.1642e-09 3.1084e-09
8305   2.3578e-01 4.1493e-09 3.3169e-09
8306   2.3578e-01 4.1216e-09 3.5164e-09
8307   2.3578e-01 4.0797e-09 3.7040e-09
8308   2.3578e-01 4.0252e-09 3.8790e-09
8309   2.3578e-01 3.9568e-09 4.0408e-09
8310   2.3578e-01 3.8764e-09 4.1890e-09
8311   2.3578e-01 3.7828e-09 4.3231e-09
8312   2.3578e-01 3.6777e-09 4.4426e-09
8313   2.3578e-01 3.5601e-09 4.5473e-09
8314   2.3578e-01 3.4318e-09 4.6369e-09
8315   2.3578e-01 3.2918e-09 4.7110e-09
8316   2.3578e-01 3.1649e-09 4.7695e-09
8317   2.3578e-01 3.0300e-09 4.8122e-09
8318   2.3578e-01 2.8854e-09 4.8390e-09
8319   2.3578e-01 2.7317e-09 4.8499e-09
8320   2.3578e-01 2.5694e-09 4.8967e-09
8321   2.3578e-01 2.3990e-09 4.9348e-09
8322   2.3578e-01 2.2260e-09 4.9566e-09
8323   2.3578e-01 2.0558e-09 4.9621e-09
8324   2.3578e-01 1.8816e-09 4.9526e-09
8325   2.3578e-01 1.7016e-09 4.9269e-09
8326   2.3578e-01 1.5165e-09 4.8851e-09
8327   2.3578e-01 1.3269e-09 4.8273e-09
8328   2.3578e-01 1.1340e-09 4.7538e-09
8329   2.3578e-01 9.4155e-10 4.6648e-09
8330   2.3578e-01 7.8870e-10 4.5607e-09
8331   2.3578e-01 8.5664e-10 4.4418e-09
8332   2.3578e-01 9.4992e-10 4.3202e-09
8333   2.3578e-01 1.0899e-09 4.1899e-09
8334   2.3578e-01 1.2541e-09 4.0461e-09
8335   2.3578e-01 1.4299e-09 3.8893e-09
8336   2.3578e-01 1.6082e-09 3.7267e-09
8337   2.3578e-01 1.7836e-09 3.5692e-09
8338   2.3578e-01 1.9583e-09 3.4004e-09
8339   2.3578e-01 2.1260e-09 3.2208e-09
8340   2.3578e-01 2.2920e-09 3.0310e-09
8341   2.3578e-01 2.4508e-09 2.8317e-09
8342   2.3578e-01 2.6010e-09 2.6235e-09
8343   2.3578e-01 2.7426e-09 2.4072e-09
8344   2.3578e-01 2.8793e-09 2.1835e-09
8345   2.3578e-01 3.0061e-09 1.9534e-09
8346   2.3578e-01 3.1227e-09 1.7196e-09
8347   2.3578e-01 3.2286e-09 1.4807e-09
8348   2.3578e-01 3.3236e-09 1.2375e-09
8349   2.3578e-01 3.4074e-09 1.0724e-09
8350   2.3578e-01 3.4797e-09 1.2492e-09
8351   2.3578e-01 3.5433e-09 1.4216e-09
8352   2.3578e-01 3.6141e-09 1.5924e-09
8353   2.3578e-01 3.6858e-09 1.7576e-09
8354   2.3578e-01 3.7445e-09 1.9166e-09
8355   2.3578e-01 3.7913e-09 2.0689e-09
8356   2.3578e-01 3.8248e-09 2.2914e-09
8357   2.3578e-01 3.8463e-09 2.5124e-09
8358   2.3578e-01 3.8543e-09 2.7246e-09
8359   2.3578e-01 3.8503e-09 2.9273e-09
8360   2.3578e-01 3.8329e-09 3.1205e-09
8361   2.3578e-01 3.8036e-09 3.3045e-09
8362   2.3578e-01 3.7611e-09 3.4772e-09
8363   2.3578e-01 3.7070e-09 3.6380e-09
8364   2.3578e-01 3.6402e-09 3.7864e-09
8365   2.3578e-01 3.5622e-09 3.9220e-09
8366   2.3578e-01 3.4719e-09 4.0443e-09
8367   2.3578e-01 3.3712e-09 4.1530e-09
8368   2.3578e-01 3.2588e-09 4.2478e-09
8369   2.3578e-01 3.1431e-09 4.3283e-09
8370   2.3578e-01 3.0342e-09 4.3944e-09
8371   2.3578e-01 2.9156e-09 4.4458e-09
8372   2.3578e-01 2.7878e-09 4.4825e-09
8373   2.3578e-01 2.6511e-09 4.5044e-09
8374   2.3578e-01 2.5062e-09 4.5456e-09
8375   2.3578e-01 2.3533e-09 4.5929e-09
8376   2.3578e-01 2.1932e-09 4.6249e-09
8377   2.3578e-01 2.0380e-09 4.6417e-09
8378   2.3578e-01 1.8789e-09 4.6442e-09
8379   2.3578e-01 1.7157e-09 4.6319e-09
8380   2.3578e-01 1.5473e-09 4.6044e-09
8381   2.3578e-01 1.3742e-09 4.5619e-09
8382   2.3578e-01 1.1971e-09 4.5045e-09
8383   2.3578e-01 1.0179e-09 4.4325e-09
8384   2.3578e-01 8.3855e-10 4.3461e-09
8385   2.3578e-01 7.4893e-10 4.2457e-09
8386   2.3578e-01 8.1676e-10 4.1388e-09
8387   2.3578e-01 9.2626e-10 4.0272e-09
8388   2.3578e-01 1.0601e-09 3.9027e-09
8389   2.3578e-01 1.2227e-09 3.7657e-09
8390   2.3578e-01 1.3883e-09 3.6167e-09
8391   2.3578e-01 1.5523e-09 3.4695e-09
8392   2.3578e-01 1.7162e-09 3.3201e-09
8393   2.3578e-01 1.8766e-09 3.1602e-09
8394   2.3578e-01 2.0312e-09 2.9903e-09
8395   2.3578e-01 2.1839e-09 2.8110e-09
8396   2.3578e-01 2.3290e-09 2.6230e-09
8397   2.3578e-01 2.4662e-09 2.4268e-09
8398   2.3578e-01 2.5958e-09 2.2233e-09
8399   2.3578e-01 2.7201e-09 2.0129e-09
8400   2.3578e-01 2.8351e-09 1.7965e-09
8401   2.3578e-01 2.9404e-09 1.5769e-09
8402   2.3578e-01 3.0359e-09 1.3528e-09
8403   2.3578e-01 3.1210e-09 1.1249e-09
8404   2.3578e-01 3.1958e-09 1.0469e-09
8405   2.3578e-01 3.2597e-09 1.2111e-09
8406   2.3578e-01 3.3188e-09 1.3720e-09
8407   2.3578e-01 3.3929e-09 1.5305e-09
8408   2.3578e-01 3.4562e-09 1.6835e-09
8409   2.3578e-01 3.5074e-09 1.8306e-09
8410   2.3578e-01 3.5476e-09 1.9893e-09
8411   2.3578e-01 3.5753e-09 2.2017e-09
8412   2.3578e-01 3.5919e-09 2.4063e-09
8413   2.3578e-01 3.5960e-09 2.6025e-09
8414   2.3578e-01 3.5888e-09 2.7898e-09
8415   2.3578e-01 3.5693e-09 2.9682e-09
8416   2.3578e-01 3.5387e-09 3.1377e-09
8417   2.3578e-01 3.4960e-09 3.2966e-09
8418   2.3578e-01 3.4425e-09 3.4442e-09
8419   2.3578e-01 3.3772e-09 3.5802e-09
8420   2.3578e-01 3.3016e-09 3.7041e-09
8421   2.3578e-01 3.2147e-09 3.8155e-09
8422   2.3578e-01 3.1181e-09 3.9141e-09
8423   2.3578e-01 3.0110e-09 3.9997e-09
8424   2.3578e-01 2.8948e-09 4.0720e-09
8425   2.3578e-01 2.7732e-09 4.1307e-09
8426   2.3578e-01 2.6607e-09 4.1757e-09
8427   2.3578e-01 2.5397e-09 4.2069e-09
8428   2.3578e-01 2.4106e-09 4.2243e-09
8429   2.3578e-01 2.2740e-09 4.2427e-09
8430   2.3578e-01 2.1302e-09 4.2836e-09
8431   2.3578e-01 1.9798e-09 4.3102e-09
8432   2.3578e-01 1.8343e-09 4.3226e-09
8433   2.3578e-01 1.6860e-09 4.3214e-09
8434   2.3578e-01 1.5331e-09 4.3067e-09
8435   2.3578e-01 1.3756e-09 4.2778e-09
8436   2.3578e-01 1.2139e-09 4.2349e-09
8437   2.3578e-01 1.0487e-09 4.1782e-09
8438   2.3578e-01 8.8318e-10 4.1079e-09
8439   2.3578e-01 7.1613e-10 4.0243e-09
8440   2.3578e-01 7.1336e-10 3.9276e-09
8441   2.3578e-01 7.7931e-10 3.8284e-09
8442   2.3578e-01 8.9238e-10 3.7216e-09
8443   2.3578e-01 1.0193e-09 3.6029e-09
8444   2.3578e-01 1.1699e-09 3.4725e-09
8445   2.3578e-01 1.3238e-09 3.3311e-09
8446   2.3578e-01 1.4747e-09 3.1934e-09
8447   2.3578e-01 1.6266e-09 3.0517e-09
8448   2.3578e-01 1.7738e-09 2.9003e-09
8449   2.3578e-01 1.9165e-09 2.7397e-09
8450   2.3578e-01 2.0564e-09 2.5706e-09
8451   2.3578e-01 2.1891e-09 2.3933e-09
8452   2.3578e-01 2.3142e-09 2.2086e-09
8453   2.3578e-01 2.4332e-09 2.0171e-09
8454   2.3578e-01 2.5461e-09 1.8194e-09
8455   2.3578e-01 2.6504e-09 1.6173e-09
8456   2.3578e-01 2.7456e-09 1.4114e-09
8457   2.3578e-01 2.8315e-09 1.2013e-09
8458   2.3578e-01 2.9078e-09 9.8779e-10
8459   2.3578e-01 2.9744e-09 1.0025e-09
8460   2.3578e-01 3.0314e-09 1.1550e-09
8461   2.3578e-01 3.0911e-09 1.3049e-09
8462   2.3578e-01 3.1569e-09 1.4518e-09
8463   2.3578e-01 3.2128e-09 1.5936e-09
8464   2.3578e-01 3.2573e-09 1.7297e-09
8465   2.3578e-01 3.2915e-09 1.8861e-09
8466   2.3578e-01 3.3142e-09 2.0829e-09
8467   2.3578e-01 3.3265e-09 2.2723e-09
8468   2.3578e-01 3.3272e-09 2.4538e-09
8469   2.3578e-01 3.3175e-09 2.6267e-09
8470   2.3578e-01 3.2963e-09 2.7920e-09
8471   2.3578e-01 3.2648e-09 2.9482e-09
8472   2.3578e-01 3.2221e-09 3.0943e-09
8473   2.3578e-01 3.1694e-09 3.2298e-09
8474   2.3578e-01 3.1059e-09 3.3544e-09
8475   2.3578e-01 3.0328e-09 3.4676e-09
8476   2.3578e-01 2.9494e-09 3.5691e-09
8477   2.3578e-01 2.8570e-09 3.6586e-09
8478   2.3578e-01 2.7549e-09 3.7358e-09
8479   2.3578e-01 2.6540e-09 3.8006e-09
8480   2.3578e-01 2.5554e-09 3.8527e-09
8481   2.3578e-01 2.4487e-09 3.8919e-09
8482   2.3578e-01 2.3342e-09 3.9183e-09
8483   2.3578e-01 2.2124e-09 3.9319e-09
8484   2.3578e-01 2.0836e-09 3.9801e-09
8485   2.3578e-01 1.9484e-09 4.0151e-09
8486   2.3578e-01 1.8120e-09 4.0369e-09
8487   2.3578e-01 1.6766e-09 4.0456e-09
8488   2.3578e-01 1.5380e-09 4.0420e-09
8489   2.3578e-01 1.3949e-09 4.0252e-09
8490   2.3578e-01 1.2475e-09 3.9952e-09
8491   2.3578e-01 1.0965e-09 3.9522e-09
8492   2.3578e-01 9.4228e-10 3.8963e-09
8493   2.3578e-01 7.8864e-10 3.8277e-09
8494   2.3578e-01 6.3305e-10 3.7468e-09
8495   2.3578e-01 6.8014e-10 3.6595e-09
8496   2.3578e-01 7.5539e-10 3.5688e-09
8497   2.3578e-01 8.6683e-10 3.4666e-09
8498   2.3578e-01 9.9657e-10 3.3532e-09
8499   2.3578e-01 1.1369e-09 3.2292e-09
8500   2.3578e-01 1.2802e-09 3.0953e-09
8501   2.3578e-01 1.4201e-09 2.9703e-09
8502   2.3578e-01 1.5607e-09 2.8360e-09
8503   2.3578e-01 1.6957e-09 2.6927e-09
8504   2.3578e-01 1.8278e-09 2.5409e-09
8505   2.3578e-01 1.9558e-09 2.3812e-09
8506   2.3578e-01 2.0769e-09 2.2141e-09
8507   2.3578e-01 2.1910e-09 2.0402e-09
8508   2.3578e-01 2.2999e-09 1.8600e-09
8509   2.3578e-01 2.4024e-09 1.6742e-09
8510   2.3578e-01 2.4968e-09 1.4842e-09
8511   2.3578e-01 2.5827e-09 1.2910e-09
8512   2.3578e-01 2.6599e-09 1.0941e-09
8513   2.3578e-01 2.7281e-09 8.9403e-10
8514   2.3578e-01 2.7872e-09 9.7490e-10
8515   2.3578e-01 2.8375e-09 1.1165e-09
8516   2.3578e-01 2.9026e-09 1.2563e-09
8517   2.3578e-01 2.9610e-09 1.3924e-09
8518   2.3578e-01 3.0101e-09 1.5237e-09
8519   2.3578e-01 3.0486e-09 1.6496e-09
8520   2.3578e-01 3.0774e-09 1.8149e-09
8521   2.3578e-01 3.0956e-09 1.9972e-09
8522   2.3578e-01 3.1041e-09 2.1725e-09
8523   2.3578e-01 3.1018e-09 2.3402e-09
8524   2.3578e-01 3.0898e-09 2.4999e-09
8525   2.3578e-01 3.0672e-09 2.6524e-09
8526   2.3578e-01 3.0351e-09 2.7962e-09
8527   2.3578e-01 2.9926e-09 2.9305e-09
8528   2.3578e-01 2.9409e-09 3.0548e-09
8529   2.3578e-01 2.8792e-09 3.1687e-09
8530   2.3578e-01 2.8086e-09 3.2721e-09
8531   2.3578e-01 2.7285e-09 3.3644e-09
8532   2.3578e-01 2.6402e-09 3.4454e-09
8533   2.3578e-01 2.5429e-09 3.5150e-09
8534   2.3578e-01 2.4381e-09 3.5729e-09
8535   2.3578e-01 2.3342e-09 3.6188e-09
8536   2.3578e-01 2.2331e-09 3.6529e-09
8537   2.3578e-01 2.1249e-09 3.6748e-09
8538   2.3578e-01 2.0100e-09 3.6846e-09
8539   2.3578e-01 1.8887e-09 3.7140e-09
8540   2.3578e-01 1.7616e-09 3.7439e-09
8541   2.3578e-01 1.6339e-09 3.7613e-09
8542   2.3578e-01 1.5075e-09 3.7664e-09
8543   2.3578e-01 1.3777e-09 3.7602e-09
8544   2.3578e-01 1.2437e-09 3.7417e-09
8545   2.3578e-01 1.1060e-09 3.7109e-09
8546   2.3578e-01 9.6498e-10 3.6680e-09
8547   2.3578e-01 8.2232e-10 3.6131e-09
8548   2.3578e-01 6.7934e-10 3.5464e-09
8549   2.3578e-01 5.9882e-10 3.4683e-09
8550   2.3578e-01 6.4984e-10 3.3875e-09
8551   2.3578e-01 7.2789e-10 3.3004e-09
8552   2.3578e-01 8.3267e-10 3.2028e-09
8553   2.3578e-01 9.5619e-10 3.0948e-09
8554   2.3578e-01 1.0867e-09 2.9769e-09
8555   2.3578e-01 1.2186e-09 2.8517e-09
8556   2.3578e-01 1.3483e-09 2.7332e-09
8557   2.3578e-01 1.4774e-09 2.6059e-09
8558   2.3578e-01 1.6013e-09 2.4704e-09
8559   2.3578e-01 1.7233e-09 2.3270e-09
8560   2.3578e-01 1.8403e-09 2.1764e-09
8561   2.3578e-01 1.9510e-09 2.0189e-09
8562   2.3578e-01 2.0549e-09 1.8552e-09
8563   2.3578e-01 2.1548e-09 1.6858e-09
8564   2.3578e-01 2.2478e-09 1.5113e-09
8565   2.3578e-01 2.3333e-09 1.3340e-09
8566   2.3578e-01 2.4107e-09 1.1527e-09
8567   2.3578e-01 2.4800e-09 9.6818e-10
8568   2.3578e-01 2.5409e-09 7.9745e-10
8569   2.3578e-01 2.5933e-09 9.3228e-10
8570   2.3578e-01 2.6415e-09 1.0637e-09
8571   2.3578e-01 2.7027e-09 1.1940e-09
8572   2.3578e-01 2.7544e-09 1.3201e-09
8573   2.3578e-01 2.7974e-09 1.4416e-09
8574   2.3578e-01 2.8305e-09 1.5580e-09
8575   2.3578e-01 2.8546e-09 1.7199e-09
8576   2.3578e-01 2.8688e-09 1.8887e-09
8577   2.3578e-01 2.8740e-09 2.0509e-09
8578   2.3578e-01 2.8692e-09 2.2059e-09
8579   2.3578e-01 2.8554e-09 2.3536e-09
8580   2.3578e-01 2.8318e-09 2.4945e-09
8581   2.3578e-01 2.7994e-09 2.6269e-09
8582   2.3578e-01 2.7573e-09 2.7502e-09
8583   2.3578e-01 2.7067e-09 2.8642e-09
8584   2.3578e-01 2.6469e-09 2.9685e-09
8585   2.3578e-01 2.5790e-09 3.0628e-09
8586   2.3578e-01 2.5022e-09 3.1467e-09
8587   2.3578e-01 2.4179e-09 3.2201e-09
8588   2.3578e-01 2.3254e-09 3.2827e-09
8589   2.3578e-01 2.2378e-09 3.3343e-09
8590   2.3578e-01 2.1489e-09 3.3749e-09
8591   2.3578e-01 2.0531e-09 3.4042e-09
8592   2.3578e-01 1.9508e-09 3.4222e-09
8593   2.3578e-01 1.8425e-09 3.4451e-09
8594   2.3578e-01 1.7283e-09 3.4818e-09
8595   2.3578e-01 1.6088e-09 3.5070e-09
8596   2.3578e-01 1.4940e-09 3.5206e-09
8597   2.3578e-01 1.3759e-09 3.5234e-09
8598   2.3578e-01 1.2543e-09 3.5149e-09
8599   2.3578e-01 1.1289e-09 3.4950e-09
8600   2.3578e-01 1.0001e-09 3.4636e-09
8601   2.3578e-01 8.6847e-10 3.4209e-09
8602   2.3578e-01 7.3599e-10 3.3671e-09
8603   2.3578e-01 6.0276e-10 3.3024e-09
8604   2.3578e-01 5.6852e-10 3.2311e-09
8605   2.3578e-01 6.1935e-10 3.1578e-09
8606   2.3578e-01 7.0895e-10 3.0743e-09
8607   2.3578e-01 8.0926e-10 2.9810e-09
8608   2.3578e-01 9.3014e-10 2.8781e-09
8609   2.3578e-01 1.0530e-09 2.7661e-09
8610   2.3578e-01 1.1744e-09 2.6525e-09
8611   2.3578e-01 1.2955e-09 2.5400e-09
8612   2.3578e-01 1.4140e-09 2.4194e-09
8613   2.3578e-01 1.5277e-09 2.2912e-09
8614   2.3578e-01 1.6403e-09 2.1558e-09
8615   2.3578e-01 1.7473e-09 2.0137e-09
8616   2.3578e-01 1.8482e-09 1.8654e-09
8617   2.3578e-01 1.9429e-09 1.7113e-09
8618   2.3578e-01 2.0342e-09 1.5520e-09
8619   2.3578e-01 2.1185e-09 1.3880e-09
8620   2.3578e-01 2.1957e-09 1.2214e-09
8621   2.3578e-01 2.2654e-09 1.0515e-09
8622   2.3578e-01 2.3275e-09 8.7854e-10
8623   2.3578e-01 2.3818e-09 7.7830e-10
8624   2.3578e-01 2.4281e-09 9.0351e-10
8625   2.3578e-01 2.4812e-09 1.0260e-09
8626   2.3578e-01 2.5357e-09 1.1469e-09
8627   2.3578e-01 2.5813e-09 1.2637e-09
8628   2.3578e-01 2.6187e-09 1.3761e-09
8629   2.3578e-01 2.6469e-09 1.4893e-09
8630   2.3578e-01 2.6669e-09 1.6514e-09
8631   2.3578e-01 2.6775e-09 1.8077e-09
8632   2.3578e-01 2.6798e-09 1.9576e-09
8633   2.3578e-01 2.6728e-09 2.1008e-09
8634   2.3578e-01 2.6575e-09 2.2372e-09
8635   2.3578e-01 2.6331e-09 2.3670e-09
8636   2.3578e-01 2.6005e-09 2.4887e-09
8637   2.3578e-01 2.5590e-09 2.6020e-09
8638   2.3578e-01 2.5096e-09 2.7065e-09
8639   2.3578e-01 2.4517e-09 2.8018e-09
8640   2.3578e-01 2.3864e-09 2.8877e-09
8641   2.3578e-01 2.3129e-09 2.9639e-09
8642   2.3578e-01 2.2324e-09 3.0302e-09
8643   2.3578e-01 2.1444e-09 3.0864e-09
8644   2.3578e-01 2.0500e-09 3.1323e-09
8645   2.3578e-01 1.9616e-09 3.1678e-09
8646   2.3578e-01 1.8710e-09 3.1929e-09
8647   2.3578e-01 1.7744e-09 3.2074e-09
8648   2.3578e-01 1.6723e-09 3.2172e-09
8649   2.3578e-01 1.5649e-09 3.2482e-09
8650   2.3578e-01 1.4530e-09 3.2693e-09
8651   2.3578e-01 1.3454e-09 3.2795e-09
8652   2.3578e-01 1.2352e-09 3.2794e-09
8653   2.3578e-01 1.1213e-09 3.2691e-09
8654   2.3578e-01 1.0040e-09 3.2480e-09
8655   2.3578e-01 8.8376e-10 3.2163e-09
8656   2.3578e-01 7.6089e-10 3.1740e-09
8657   2.3578e-01 6.3854e-10 3.1215e-09
8658   2.3578e-01 5.1446e-10 3.0588e-09
8659   2.3578e-01 5.4116e-10 2.9929e-09
8660   2.3578e-01 5.9658e-10 2.9224e-09
8661   2.3578e-01 6.8278e-10 2.8425e-09
8662   2.3578e-01 7.7860e-10 2.7534e-09
8663   2.3578e-01 8.9027e-10 2.6555e-09
8664   2.3578e-01 1.0045e-09 2.5491e-09
8665   2.3578e-01 1.1162e-09 2.4431e-09
8666   2.3578e-01 1.2284e-09 2.3364e-09
8667   2.3578e-01 1.3372e-09 2.2223e-09
8668   2.3578e-01 1.4422e-09 2.1011e-09
8669   2.3578e-01 1.5453e-09 1.9733e-09
8670   2.3578e-01 1.6431e-09 1.8394e-09
8671   2.3578e-01 1.7351e-09 1.6997e-09
8672   2.3578e-01 1.8220e-09 1.5547e-09
8673   2.3578e-01 1.9049e-09 1.4050e-09
8674   2.3578e-01 1.9813e-09 1.2517e-09
8675   2.3578e-01 2.0510e-09 1.0956e-09
8676   2.3578e-01 2.1137e-09 9.3629e-10
8677   2.3578e-01 2.1694e-09 7.7427e-10
8678   2.3578e-01 2.2176e-09 7.4665e-10
8679   2.3578e-01 2.2585e-09 8.6292e-10
8680   2.3578e-01 2.3120e-09 9.7705e-10
8681   2.3578e-01 2.3604e-09 1.0891e-09
8682   2.3578e-01 2.4005e-09 1.1973e-09
8683   2.3578e-01 2.4330e-09 1.3013e-09
8684   2.3578e-01 2.4569e-09 1.4139e-09
8685   2.3578e-01 2.4731e-09 1.5641e-09
8686   2.3578e-01 2.4807e-09 1.7088e-09
8687   2.3578e-01 2.4805e-09 1.8475e-09
8688   2.3578e-01 2.4718e-09 1.9797e-09
8689   2.3578e-01 2.4552e-09 2.1060e-09
8690   2.3578e-01 2.4303e-09 2.2256e-09
8691   2.3578e-01 2.3977e-09 2.3375e-09
8692   2.3578e-01 2.3570e-09 2.4415e-09
8693   2.3578e-01 2.3090e-09 2.5372e-09
8694   2.3578e-01 2.2531e-09 2.6243e-09
8695   2.3578e-01 2.1903e-09 2.7026e-09
8696   2.3578e-01 2.1200e-09 2.7717e-09
8697   2.3578e-01 2.0434e-09 2.8316e-09
8698   2.3578e-01 1.9598e-09 2.8820e-09
8699   2.3578e-01 1.8841e-09 2.9227e-09
8700   2.3578e-01 1.8041e-09 2.9538e-09
8701   2.3578e-01 1.7183e-09 2.9751e-09
8702   2.3578e-01 1.6272e-09 2.9865e-09
8703   2.3578e-01 1.5310e-09 3.0159e-09
8704   2.3578e-01 1.4300e-09 3.0433e-09
8705   2.3578e-01 1.3291e-09 3.0606e-09
8706   2.3578e-01 1.2284e-09 3.0679e-09
8707   2.3578e-01 1.1252e-09 3.0659e-09
8708   2.3578e-01 1.0186e-09 3.0540e-09
8709   2.3578e-01 9.0890e-10 3.0320e-09
8710   2.3578e-01 7.9653e-10 3.0001e-09
8711   2.3578e-01 6.8235e-10 2.9584e-09
8712   2.3578e-01 5.6833e-10 2.9072e-09
8713   2.3578e-01 4.7696e-10 2.8489e-09
8714   2.3578e-01 5.1611e-10 2.7901e-09
8715   2.3578e-01 5.7833e-10 2.7224e-09
8716   2.3578e-01 6.6205e-10 2.6459e-09
8717   2.3578e-01 7.5945e-10 2.5609e-09
8718   2.3578e-01 8.6364e-10 2.4677e-09
8719   2.3578e-01 9.6979e-10 2.3666e-09
8720   2.3578e-01 1.0732e-09 2.2705e-09
8721   2.3578e-01 1.1771e-09 2.1693e-09
8722   2.3578e-01 1.2769e-09 2.0613e-09
8723   2.3578e-01 1.3740e-09 1.9468e-09
8724   2.3578e-01 1.4683e-09 1.8262e-09
8725   2.3578e-01 1.5576e-09 1.6999e-09
8726   2.3578e-01 1.6415e-09 1.5683e-09
8727   2.3578e-01 1.7210e-09 1.4320e-09
8728   2.3578e-01 1.7962e-09 1.2913e-09
8729   2.3578e-01 1.8654e-09 1.1472e-09
8730   2.3578e-01 1.9282e-09 1.0008e-09
8731   2.3578e-01 1.9845e-09 8.5140e-10
8732   2.3578e-01 2.0342e-09 6.9964e-10
8733   2.3578e-01 2.0770e-09 7.2587e-10
8734   2.3578e-01 2.1199e-09 8.3379e-10
8735   2.3578e-01 2.1697e-09 9.4024e-10
8736   2.3578e-01 2.2126e-09 1.0441e-09
8737   2.3578e-01 2.2477e-09 1.1443e-09
8738   2.3578e-01 2.2757e-09 1.2404e-09
8739   2.3578e-01 2.2959e-09 1.3597e-09
8740   2.3578e-01 2.3087e-09 1.4988e-09
8741   2.3578e-01 2.3136e-09 1.6326e-09
8742   2.3578e-01 2.3112e-09 1.7608e-09
8743   2.3578e-01 2.3009e-09 1.8829e-09
8744   2.3578e-01 2.2834e-09 1.9994e-09
8745   2.3578e-01 2.2580e-09 2.1095e-09
8746   2.3578e-01 2.2257e-09 2.2124e-09
8747   2.3578e-01 2.1858e-09 2.3078e-09
8748   2.3578e-01 2.1392e-09 2.3954e-09
8749   2.3578e-01 2.0853e-09 2.4749e-09
8750   2.3578e-01 2.0250e-09 2.5461e-09
8751   2.3578e-01 1.9579e-09 2.6087e-09
8752   2.3578e-01 1.8849e-09 2.6626e-09
8753   2.3578e-01 1.8055e-09 2.7077e-09
8754   2.3578e-01 1.7215e-09 2.7438e-09
8755   2.3578e-01 1.6457e-09 2.7708e-09
8756   2.3578e-01 1.5647e-09 2.7886e-09
8757   2.3578e-01 1.4787e-09 2.7972e-09
8758   2.3578e-01 1.3881e-09 2.8150e-09
8759   2.3578e-01 1.2932e-09 2.8384e-09
8760   2.3578e-01 1.1990e-09 2.8523e-09
8761   2.3578e-01 1.1050e-09 2.8569e-09
8762   2.3578e-01 1.0083e-09 2.8529e-09
8763   2.3578e-01 9.0853e-10 2.8396e-09
8764   2.3578e-01 8.0602e-10 2.8169e-09
8765   2.3578e-01 7.0111e-10 2.7851e-09
8766   2.3578e-01 5.9559e-10 2.7441e-09
8767   2.3578e-01 4.8935e-10 2.6943e-09
8768   2.3578e-01 4.5447e-10 2.6405e-09
8769   2.3578e-01 4.9283e-10 2.5838e-09
8770   2.3578e-01 5.5794e-10 2.5188e-09
8771   2.3578e-01 6.3577e-10 2.4456e-09
8772   2.3578e-01 7.2881e-10 2.3646e-09
8773   2.3578e-01 8.2579e-10 2.2760e-09
8774   2.3578e-01 9.2349e-10 2.1802e-09
8775   2.3578e-01 1.0194e-09 2.0906e-09
8776   2.3578e-01 1.1148e-09 1.9947e-09
8777   2.3578e-01 1.2063e-09 1.8926e-09
8778   2.3578e-01 1.2960e-09 1.7844e-09
8779   2.3578e-01 1.3822e-09 1.6706e-09
8780   2.3578e-01 1.4637e-09 1.5516e-09
8781   2.3578e-01 1.5401e-09 1.4278e-09
8782   2.3578e-01 1.6130e-09 1.2996e-09
8783   2.3578e-01 1.6813e-09 1.1674e-09
8784   2.3578e-01 1.7438e-09 1.0329e-09
8785   2.3578e-01 1.8004e-09 8.9559e-10
8786   2.3578e-01 1.8510e-09 7.5564e-10
8787   2.3578e-01 1.8953e-09 6.1354e-10
8788   2.3578e-01 1.9332e-09 6.9523e-10
8789   2.3578e-01 1.9767e-09 7.9539e-10
8790   2.3578e-01 2.0211e-09 8.9454e-10
8791   2.3578e-01 2.0590e-09 9.9076e-10
8792   2.3578e-01 2.0897e-09 1.0835e-09
8793   2.3578e-01 2.1138e-09 1.1724e-09
8794   2.3578e-01 2.1305e-09 1.2900e-09
8795   2.3578e-01 2.1404e-09 1.4189e-09
8796   2.3578e-01 2.1430e-09 1.5427e-09
8797   2.3578e-01 2.1387e-09 1.6611e-09
8798   2.3578e-01 2.1272e-09 1.7739e-09
8799   2.3578e-01 2.1089e-09 1.8817e-09
8800   2.3578e-01 2.0834e-09 1.9830e-09
8801   2.3578e-01 2.0515e-09 2.0775e-09
8802   2.3578e-01 2.0125e-09 2.1650e-09
8803   2.3578e-01 1.9673e-09 2.2452e-09
8804   2.3578e-01 1.9155e-09 2.3177e-09
8805   2.3578e-01 1.8577e-09 2.3824e-09
8806   2.3578e-01 1.7937e-09 2.4392e-09
8807   2.3578e-01 1.7243e-09 2.4877e-09
8808   2.3578e-01 1.6505e-09 2.5280e-09
8809   2.3578e-01 1.5838e-09 2.5598e-09
8810   2.3578e-01 1.5120e-09 2.5831e-09
8811   2.3578e-01 1.4355e-09 2.5979e-09
8812   2.3578e-01 1.3544e-09 2.6094e-09
8813   2.3578e-01 1.2691e-09 2.6379e-09
8814   2.3578e-01 1.1806e-09 2.6577e-09
8815   2.3578e-01 1.0951e-09 2.6686e-09
8816   2.3578e-01 1.0073e-09 2.6714e-09
8817   2.3578e-01 9.1664e-10 2.6656e-09
8818   2.3578e-01 8.2326e-10 2.6512e-09
8819   2.3578e-01 7.2744e-10 2.6280e-09
8820   2.3578e-01 6.2949e-10 2.5963e-09
8821   2.3578e-01 5.3155e-10 2.5562e-09
8822   2.3578e-01 4.3255e-10 2.5084e-09
8823   2.3578e-01 4.3139e-10 2.4618e-09
8824   2.3578e-01 4.7390e-10 2.4072e-09
8825   2.3578e-01 5.4239e-10 2.3448e-09
8826   2.3578e-01 6.1776e-10 2.2749e-09
8827   2.3578e-01 7.0756e-10 2.1977e-09
8828   2.3578e-01 7.9878e-10 2.1134e-09
8829   2.3578e-01 8.8865e-10 2.0259e-09
8830   2.3578e-01 9.7812e-10 1.9413e-09
8831   2.3578e-01 1.0657e-09 1.8504e-09
8832   2.3578e-01 1.1495e-09 1.7538e-09
8833   2.3578e-01 1.2325e-09 1.6516e-09
8834   2.3578e-01 1.3113e-09 1.5443e-09
8835   2.3578e-01 1.3856e-09 1.4322e-09
8836   2.3578e-01 1.4552e-09 1.3156e-09
8837   2.3578e-01 1.5218e-09 1.1951e-09
8838   2.3578e-01 1.5836e-09 1.0710e-09
8839   2.3578e-01 1.6401e-09 9.4466e-10
8840   2.3578e-01 1.6910e-09 8.1586e-10
8841   2.3578e-01 1.7363e-09 6.8472e-10
8842   2.3578e-01 1.7757e-09 5.7821e-10
8843   2.3578e-01 1.8097e-09 6.7359e-10
8844   2.3578e-01 1.8556e-09 7.6679e-10
8845   2.3578e-01 1.8951e-09 8.5895e-10
8846   2.3578e-01 1.9285e-09 9.4807e-10
8847   2.3578e-01 1.9552e-09 1.0338e-09
8848   2.3578e-01 1.9756e-09 1.1160e-09
8849   2.3578e-01 1.9893e-09 1.2379e-09
8850   2.3578e-01 1.9966e-09 1.3571e-09
8851   2.3578e-01 1.9971e-09 1.4716e-09
8852   2.3578e-01 1.9913e-09 1.5810e-09
8853   2.3578e-01 1.9787e-09 1.6852e-09
8854   2.3578e-01 1.9599e-09 1.7845e-09
8855   2.3578e-01 1.9344e-09 1.8777e-09
8856   2.3578e-01 1.9029e-09 1.9645e-09
8857   2.3578e-01 1.8649e-09 2.0446e-09
8858   2.3578e-01 1.8212e-09 2.1179e-09
8859   2.3578e-01 1.7714e-09 2.1840e-09
8860   2.3578e-01 1.7161e-09 2.2428e-09
8861   2.3578e-01 1.6551e-09 2.2941e-09
8862   2.3578e-01 1.5890e-09 2.3377e-09
8863   2.3578e-01 1.5177e-09 2.3735e-09
8864   2.3578e-01 1.4461e-09 2.4015e-09
8865   2.3578e-01 1.3782e-09 2.4215e-09
8866   2.3578e-01 1.3060e-09 2.4335e-09
8867   2.3578e-01 1.2296e-09 2.4397e-09
8868   2.3578e-01 1.1494e-09 2.4615e-09
8869   2.3578e-01 1.0667e-09 2.4780e-09
8870   2.3578e-01 9.8665e-10 2.4864e-09
8871   2.3578e-01 9.0457e-10 2.4870e-09
8872   2.3578e-01 8.1972e-10 2.4797e-09
8873   2.3578e-01 7.3240e-10 2.4644e-09
8874   2.3578e-01 6.4288e-10 2.4409e-09
8875   2.3578e-01 5.5193e-10 2.4095e-09
8876   2.3578e-01 4.6101e-10 2.3703e-09
8877   2.3578e-01 3.8104e-10 2.3263e-09
8878   2.3578e-01 4.1041e-10 2.2812e-09
8879   2.3578e-01 4.5721e-10 2.2286e-09
8880   2.3578e-01 5.2215e-10 2.1688e-09
8881   2.3578e-01 5.9457e-10 2.1021e-09
8882   2.3578e-01 6.7734e-10 2.0286e-09
8883   2.3578e-01 7.6221e-10 1.9486e-09
8884   2.3578e-01 8.4488e-10 1.8671e-09
8885   2.3578e-01 9.2781e-10 1.7868e-09
8886   2.3578e-01 1.0082e-09 1.7008e-09
8887   2.3578e-01 1.0854e-09 1.6095e-09
8888   2.3578e-01 1.1615e-09 1.5130e-09
8889   2.3578e-01 1.2335e-09 1.4118e-09
8890   2.3578e-01 1.3013e-09 1.3063e-09
8891   2.3578e-01 1.3647e-09 1.1967e-09
8892   2.3578e-01 1.4255e-09 1.0834e-09
8893   2.3578e-01 1.4816e-09 9.6714e-10
8894   2.3578e-01 1.5325e-09 8.4891e-10
8895   2.3578e-01 1.5783e-09 7.2818e-10
8896   2.3578e-01 1.6188e-09 6.0534e-10
8897   2.3578e-01 1.6538e-09 5.5565e-10
8898   2.3578e-01 1.6886e-09 6.4421e-10
8899   2.3578e-01 1.7297e-09 7.3104e-10
8900   2.3578e-01 1.7647e-09 8.1647e-10
8901   2.3578e-01 1.7941e-09 8.9900e-10
8902   2.3578e-01 1.8172e-09 9.7836e-10
8903   2.3578e-01 1.8345e-09 1.0592e-09
8904   2.3578e-01 1.8454e-09 1.1737e-09
8905   2.3578e-01 1.8505e-09 1.2841e-09
8906   2.3578e-01 1.8493e-09 1.3900e-09
8907   2.3578e-01 1.8421e-09 1.4910e-09
8908   2.3578e-01 1.8287e-09 1.5874e-09
8909   2.3578e-01 1.8095e-09 1.6789e-09
8910   2.3578e-01 1.7842e-09 1.7646e-09
8911   2.3578e-01 1.7533e-09 1.8443e-09
8912   2.3578e-01 1.7164e-09 1.9177e-09
8913   2.3578e-01 1.6742e-09 1.9846e-09
8914   2.3578e-01 1.6264e-09 2.0449e-09
8915   2.3578e-01 1.5736e-09 2.0982e-09
8916   2.3578e-01 1.5155e-09 2.1446e-09
8917   2.3578e-01 1.4527e-09 2.1837e-09
8918   2.3578e-01 1.3892e-09 2.2156e-09
8919   2.3578e-01 1.3291e-09 2.2401e-09
8920   2.3578e-01 1.2649e-09 2.2571e-09
8921   2.3578e-01 1.1967e-09 2.2667e-09
8922   2.3578e-01 1.1248e-09 2.2840e-09
8923   2.3578e-01 1.0493e-09 2.3053e-09
8924   2.3578e-01 9.7475e-10 2.3189e-09
8925   2.3578e-01 8.9988e-10 2.3250e-09
8926   2.3578e-01 8.2293e-10 2.3241e-09
8927   2.3578e-01 7.4348e-10 2.3156e-09
8928   2.3578e-01 6.6182e-10 2.2995e-09
8929   2.3578e-01 5.7820e-10 2.2759e-09
8930   2.3578e-01 4.9375e-10 2.2449e-09
8931   2.3578e-01 4.0899e-10 2.2066e-09
8932   2.3578e-01 3.6210e-10 2.1691e-09
8933   2.3578e-01 3.9155e-10 2.1254e-09
8934   2.3578e-01 4.4271e-10 2.0749e-09
8935   2.3578e-01 5.0548e-10 2.0176e-09
8936   2.3578e-01 5.7872e-10 1.9539e-09
8937   2.3578e-01 6.5612e-10 1.8839e-09
8938   2.3578e-01 7.3471e-10 1.8080e-09
8939   2.3578e-01 8.1118e-10 1.7339e-09
8940   2.3578e-01 8.8801e-10 1.6578e-09
8941   2.3578e-01 9.6170e-10 1.5764e-09
8942   2.3578e-01 1.0332e-09 1.4900e-09
8943   2.3578e-01 1.1027e-09 1.3990e-09
8944   2.3578e-01 1.1685e-09 1.3036e-09
8945   2.3578e-01 1.2302e-09 1.2042e-09
8946   2.3578e-01 1.2882e-09 1.1011e-09
8947   2.3578e-01 1.3434e-09 9.9462e-10
8948   2.3578e-01 1.3941e-09 8.8546e-10
8949   2.3578e-01 1.4400e-09 7.7454e-10
8950   2.3578e-01 1.4811e-09 6.6137e-10
8951   2.3578e-01 1.5172e-09 5.4632e-10
8952   2.3578e-01 1.5482e-09 5.4011e-10
8953   2.3578e-01 1.5857e-09 6.2231e-10
8954   2.3578e-01 1.6224e-09 7.0328e-10
8955   2.3578e-01 1.6533e-09 7.8243e-10
8956   2.3578e-01 1.6790e-09 8.5883e-10
8957   2.3578e-01 1.6989e-09 9.3221e-10
8958   2.3578e-01 1.7133e-09 1.0180e-09
8959   2.3578e-01 1.7219e-09 1.1241e-09
8960   2.3578e-01 1.7250e-09 1.2262e-09
8961   2.3578e-01 1.7222e-09 1.3241e-09
8962   2.3578e-01 1.7139e-09 1.4173e-09
8963   2.3578e-01 1.6999e-09 1.5063e-09
8964   2.3578e-01 1.6804e-09 1.5905e-09
8965   2.3578e-01 1.6553e-09 1.6693e-09
8966   2.3578e-01 1.6251e-09 1.7424e-09
8967   2.3578e-01 1.5893e-09 1.8096e-09
8968   2.3578e-01 1.5487e-09 1.8707e-09
8969   2.3578e-01 1.5028e-09 1.9255e-09
8970   2.3578e-01 1.4524e-09 1.9739e-09
8971   2.3578e-01 1.3970e-09 2.0156e-09
8972   2.3578e-01 1.3375e-09 2.0506e-09
8973   2.3578e-01 1.2735e-09 2.0789e-09
8974   2.3578e-01 1.2127e-09 2.1002e-09
8975   2.3578e-01 1.1521e-09 2.1146e-09
8976   2.3578e-01 1.0878e-09 2.1220e-09
8977   2.3578e-01 1.0200e-09 2.1322e-09
8978   2.3578e-01 9.4911e-10 2.1504e-09
8979   2.3578e-01 8.7962e-10 2.1616e-09
8980   2.3578e-01 8.0974e-10 2.1656e-09
8981   2.3578e-01 7.3764e-10 2.1631e-09
8982   2.3578e-01 6.6330e-10 2.1535e-09
8983   2.3578e-01 5.8697e-10 2.1369e-09
8984   2.3578e-01 5.0891e-10 2.1133e-09
8985   2.3578e-01 4.3085e-10 2.0827e-09
8986   2.3578e-01 3.5189e-10 2.0468e-09
8987   2.3578e-01 3.4481e-10 2.0111e-09
8988   2.3578e-01 3.7426e-10 1.9690e-09
8989   2.3578e-01 4.2736e-10 1.9204e-09
8990   2.3578e-01 4.8524e-10 1.8657e-09
8991   2.3578e-01 5.5540e-10 1.8049e-09
8992   2.3578e-01 6.2748e-10 1.7384e-09
8993   2.3578e-01 6.9980e-10 1.6663e-09
8994   2.3578e-01 7.7073e-10 1.5974e-09
8995   2.3578e-01 8.4128e-10 1.5253e-09
8996   2.3578e-01 9.0884e-10 1.4483e-09
8997   2.3578e-01 9.7479e-10 1.3667e-09
8998   2.3578e-01 1.0384e-09 1.2808e-09
8999   2.3578e-01 1.0984e-09 1.1910e-09
9000   2.3578e-01 1.1546e-09 1.0974e-09
9001   2.3578e-01 1.2077e-09 1.0004e-09
9002   2.3578e-01 1.2578e-09 9.0045e-10
9003   2.3578e-01 1.3036e-09 7.9849e-10
9004   2.3578e-01 1.3450e-09 6.9448e-10
9005   2.3578e-01 1.3818e-09 5.8844e-10
9006   2.3578e-01 1.4140e-09 4.8072e-10
9007   2.3578e-01 1.4418e-09 5.1807e-10
9008   2.3578e-01 1.4792e-09 5.9436e-10
9009   2.3578e-01 1.5118e-09 6.6977e-10
9010   2.3578e-01 1.5391e-09 7.4310e-10
9011   2.3578e-01 1.5615e-09 8.1381e-10
9012   2.3578e-01 1.5785e-09 8.8166e-10
9013   2.3578e-01 1.5905e-09 9.6693e-10
9014   2.3578e-01 1.5969e-09 1.0652e-09
9015   2.3578e-01 1.5983e-09 1.1596e-09
9016   2.3578e-01 1.5942e-09 1.2500e-09
9017   2.3578e-01 1.5850e-09 1.3361e-09
9018   2.3578e-01 1.5705e-09 1.4184e-09
9019   2.3578e-01 1.5510e-09 1.4959e-09
9020   2.3578e-01 1.5262e-09 1.5683e-09
9021   2.3578e-01 1.4967e-09 1.6354e-09
9022   2.3578e-01 1.4621e-09 1.6968e-09
9023   2.3578e-01 1.4230e-09 1.7526e-09
9024   2.3578e-01 1.3791e-09 1.8025e-09
9025   2.3578e-01 1.3310e-09 1.8463e-09
9026   2.3578e-01 1.2784e-09 1.8839e-09
9027   2.3578e-01 1.2219e-09 1.9152e-09
9028   2.3578e-01 1.1673e-09 1.9401e-09
9029   2.3578e-01 1.1135e-09 1.9586e-09
9030   2.3578e-01 1.0562e-09 1.9706e-09
9031   2.3578e-01 9.9556e-10 1.9761e-09
9032   2.3578e-01 9.3181e-10 1.9973e-09
9033   2.3578e-01 8.6630e-10 2.0128e-09
9034   2.3578e-01 8.0248e-10 2.0216e-09
9035   2.3578e-01 7.3718e-10 2.0242e-09
9036   2.3578e-01 6.6964e-10 2.0203e-09
9037   2.3578e-01 6.0008e-10 2.0098e-09
9038   2.3578e-01 5.2874e-10 1.9928e-09
9039   2.3578e-01 4.5595e-10 1.9693e-09
9040   2.3578e-01 3.8343e-10 1.9393e-09
9041   2.3578e-01 3.0986e-10 1.9087e-09
9042   2.3578e-01 3.2722e-10 1.8741e-09
9043   2.3578e-01 3.6316e-10 1.8334e-09
9044   2.3578e-01 4.1473e-10 1.7868e-09
9045   2.3578e-01 4.7161e-10 1.7344e-09
9046   2.3578e-01 5.3823e-10 1.6765e-09
9047   2.3578e-01 6.0598e-10 1.6133e-09
9048   2.3578e-01 6.7250e-10 1.5460e-09
9049   2.3578e-01 7.3865e-10 1.4823e-09
9050   2.3578e-01 8.0339e-10 1.4139e-09
9051   2.3578e-01 8.6529e-10 1.3411e-09
9052   2.3578e-01 9.2626e-10 1.2640e-09
9053   2.3578e-01 9.8437e-10 1.1830e-09
9054   2.3578e-01 1.0391e-09 1.0984e-09
9055   2.3578e-01 1.0902e-09 1.0103e-09
9056   2.3578e-01 1.1388e-09 9.1915e-10
9057   2.3578e-01 1.1841e-09 8.2522e-10
9058   2.3578e-01 1.2255e-09 7.2954e-10
9059   2.3578e-01 1.2626e-09 6.3200e-10
9060   2.3578e-01 1.2956e-09 5.3264e-10
9061   2.3578e-01 1.3242e-09 4.3179e-10
9062   2.3578e-01 1.3544e-09 5.0188e-10
9063   2.3578e-01 1.3878e-09 5.7274e-10
9064   2.3578e-01 1.4168e-09 6.4294e-10
9065   2.3578e-01 1.4408e-09 7.1085e-10
9066   2.3578e-01 1.4603e-09 7.7626e-10
9067   2.3578e-01 1.4747e-09 8.3896e-10
9068   2.3578e-01 1.4843e-09 9.2741e-10
9069   2.3578e-01 1.4889e-09 1.0183e-09
9070   2.3578e-01 1.4888e-09 1.1057e-09
9071   2.3578e-01 1.4836e-09 1.1892e-09
9072   2.3578e-01 1.4737e-09 1.2686e-09
9073   2.3578e-01 1.4588e-09 1.3445e-09
9074   2.3578e-01 1.4393e-09 1.4158e-09
9075   2.3578e-01 1.4150e-09 1.4823e-09
9076   2.3578e-01 1.3863e-09 1.5437e-09
9077   2.3578e-01 1.3528e-09 1.5999e-09
9078   2.3578e-01 1.3153e-09 1.6507e-09
9079   2.3578e-01 1.2733e-09 1.6960e-09
9080   2.3578e-01 1.2274e-09 1.7356e-09
9081   2.3578e-01 1.1774e-09 1.7694e-09
9082   2.3578e-01 1.1239e-09 1.7974e-09
9083   2.3578e-01 1.0669e-09 1.8193e-09
9084   2.3578e-01 1.0152e-09 1.8352e-09
9085   2.3578e-01 9.6109e-10 1.8451e-09
9086   2.3578e-01 9.0396e-10 1.8489e-09
9087   2.3578e-01 8.4401e-10 1.8641e-09
9088   2.3578e-01 7.8300e-10 1.8771e-09
9089   2.3578e-01 7.2341e-10 1.8839e-09
9090   2.3578e-01 6.6219e-10 1.8848e-09
9091   2.3578e-01 5.9895e-10 1.8798e-09
9092   2.3578e-01 5.3390e-10 1.8686e-09
9093   2.3578e-01 4.6727e-10 1.8513e-09
9094   2.3578e-01 3.9995e-10 1.8280e-09
9095   2.3578e-01 3.3235e-10 1.7987e-09
9096   2.3578e-01 2.8923e-10 1.7707e-09
9097   2.3578e-01 3.1140e-10 1.7371e-09
9098   2.3578e-01 3.5011e-10 1.6979e-09
9099   2.3578e-01 3.9907e-10 1.6533e-09
9100   2.3578e-01 4.5387e-10 1.6033e-09
9101   2.3578e-01 5.1526e-10 1.5481e-09
9102   2.3578e-01 5.7833e-10 1.4880e-09
9103   2.3578e-01 6.3951e-10 1.4255e-09
9104   2.3578e-01 7.0083e-10 1.3651e-09
9105   2.3578e-01 7.6023e-10 1.3004e-09
9106   2.3578e-01 8.1707e-10 1.2315e-09
9107   2.3578e-01 8.7317e-10 1.1588e-09
9108   2.3578e-01 9.2624e-10 1.0824e-09
9109   2.3578e-01 9.7610e-10 1.0027e-09
9110   2.3578e-01 1.0226e-09 9.1983e-10
9111   2.3578e-01 1.0671e-09 8.3417e-10
9112   2.3578e-01 1.1081e-09 7.4612e-10
9113   2.3578e-01 1.1454e-09 6.5663e-10
9114   2.3578e-01 1.1788e-09 5.6521e-10
9115   2.3578e-01 1.2082e-09 4.7215e-10
9116   2.3578e-01 1.2336e-09 4.1320e-10
9117   2.3578e-01 1.2642e-09 4.8060e-10
9118   2.3578e-01 1.2941e-09 5.4661e-10
9119   2.3578e-01 1.3198e-09 6.1168e-10
9120   2.3578e-01 1.3409e-09 6.7457e-10
9121   2.3578e-01 1.3576e-09 7.3508e-10
9122   2.3578e-01 1.3697e-09 7.9301e-10
9123   2.3578e-01 1.3774e-09 8.8018e-10
9124   2.3578e-01 1.3804e-09 9.6433e-10
9125   2.3578e-01 1.3790e-09 1.0451e-09
9126   2.3578e-01 1.3729e-09 1.1222e-09
9127   2.3578e-01 1.3624e-09 1.1957e-09
9128   2.3578e-01 1.3473e-09 1.2656e-09
9129   2.3578e-01 1.3280e-09 1.3312e-09
9130   2.3578e-01 1.3041e-09 1.3922e-09
9131   2.3578e-01 1.2762e-09 1.4485e-09
9132   2.3578e-01 1.2440e-09 1.4999e-09
9133   2.3578e-01 1.2080e-09 1.5462e-09
9134   2.3578e-01 1.1679e-09 1.5873e-09
9135   2.3578e-01 1.1242e-09 1.6231e-09
9136   2.3578e-01 1.0767e-09 1.6534e-09
9137   2.3578e-01 1.0263e-09 1.6783e-09
9138   2.3578e-01 9.7927e-10 1.6975e-09
9139   2.3578e-01 9.3114e-10 1.7111e-09
9140   2.3578e-01 8.8009e-10 1.7191e-09
9141   2.3578e-01 8.2628e-10 1.7286e-09
9142   2.3578e-01 7.6990e-10 1.7452e-09
9143   2.3578e-01 7.1474e-10 1.7559e-09
9144   2.3578e-01 6.5904e-10 1.7610e-09
9145   2.3578e-01 6.0166e-10 1.7607e-09
9146   2.3578e-01 5.4245e-10 1.7547e-09
9147   2.3578e-01 4.8162e-10 1.7430e-09
9148   2.3578e-01 4.1938e-10 1.7255e-09
9149   2.3578e-01 3.5690e-10 1.7024e-09
9150   2.3578e-01 2.9389e-10 1.6773e-09
9151   2.3578e-01 2.7479e-10 1.6502e-09
9152   2.3578e-01 2.9697e-10 1.6177e-09
9153   2.3578e-01 3.3911e-10 1.5800e-09
9154   2.3578e-01 3.8576e-10 1.5372e-09
9155   2.3578e-01 4.4092e-10 1.4895e-09
9156   2.3578e-01 4.9846e-10 1.4370e-09
9157   2.3578e-01 5.5669e-10 1.3799e-09
9158   2.3578e-01 6.1326e-10 1.3230e-09
9159   2.3578e-01 6.7006e-10 1.2657e-09
9160   2.3578e-01 7.2451e-10 1.2044e-09
9161   2.3578e-01 7.7709e-10 1.1393e-09
9162   2.3578e-01 8.2838e-10 1.0707e-09
9163   2.3578e-01 8.7681e-10 9.9867e-10
9164   2.3578e-01 9.2222e-10 9.2359e-10
9165   2.3578e-01 9.6451e-10 8.4567e-10
9166   2.3578e-01 1.0050e-09 7.6517e-10
9167   2.3578e-01 1.0421e-09 6.8251e-10
9168   2.3578e-01 1.0757e-09 5.9857e-10
9169   2.3578e-01 1.1057e-09 5.1287e-10
9170   2.3578e-01 1.1319e-09 4.2572e-10
9171   2.3578e-01 1.1558e-09 4.0165e-10
9172   2.3578e-01 1.1866e-09 4.6420e-10
9173   2.3578e-01 1.2132e-09 5.2574e-10
9174   2.3578e-01 1.2359e-09 5.8603e-10
9175   2.3578e-01 1.2543e-09 6.4424e-10
9176   2.3578e-01 1.2687e-09 7.0019e-10
9177   2.3578e-01 1.2787e-09 7.6180e-10
9178   2.3578e-01 1.2846e-09 8.4262e-10
9179   2.3578e-01 1.2862e-09 9.2046e-10
9180   2.3578e-01 1.2837e-09 9.9509e-10
9181   2.3578e-01 1.2768e-09 1.0663e-09
9182   2.3578e-01 1.2658e-09 1.1341e-09
9183   2.3578e-01 1.2506e-09 1.1985e-09
9184   2.3578e-01 1.2315e-09 1.2587e-09
9185   2.3578e-01 1.2082e-09 1.3147e-09
9186   2.3578e-01 1.1812e-09 1.3662e-09
9187   2.3578e-01 1.1501e-09 1.4131e-09
9188   2.3578e-01 1.1156e-09 1.4553e-09
9189   2.3578e-01 1.0773e-09 1.4925e-09
9190   2.3578e-01 1.0357e-09 1.5248e-09
9191   2.3578e-01 9.9072e-10 1.5520e-09
9192   2.3578e-01 9.4271e-10 1.5740e-09
9193   2.3578e-01 8.9366e-10 1.5908e-09
9194   2.3578e-01 8.4820e-10 1.6024e-09
9195   2.3578e-01 8.0006e-10 1.6086e-09
9196   2.3578e-01 7.4941e-10 1.6146e-09
9197   2.3578e-01 6.9643e-10 1.6282e-09
9198   2.3578e-01 6.4513e-10 1.6371e-09
9199   2.3578e-01 5.9315e-10 1.6405e-09
9200   2.3578e-01 5.3939e-10 1.6390e-09
9201   2.3578e-01 4.8399e-10 1.6322e-09
9202   2.3578e-01 4.2715e-10 1.6200e-09
9203   2.3578e-01 3.6911e-10 1.6025e-09
9204   2.3578e-01 3.1128e-10 1.5798e-09
9205   2.3578e-01 2.5257e-10 1.5569e-09
9206   2.3578e-01 2.6151e-10 1.5305e-09
9207   2.3578e-01 2.8705e-10 1.4991e-09
9208   2.3578e-01 3.2716e-10 1.4629e-09
9209   2.3578e-01 3.7043e-10 1.4219e-09
9210   2.3578e-01 4.2312e-10 1.3764e-09
9211   2.3578e-01 4.7673e-10 1.3264e-09
9212   2.3578e-01 5.3031e-10 1.2723e-09
9213   2.3578e-01 5.8279e-10 1.2194e-09
9214   2.3578e-01 6.3493e-10 1.1651e-09
9215   2.3578e-01 6.8485e-10 1.1071e-09
9216   2.3578e-01 7.3337e-10 1.0457e-09
9217   2.3578e-01 7.8025e-10 9.8090e-10
9218   2.3578e-01 8.2444e-10 9.1306e-10
9219   2.3578e-01 8.6577e-10 8.4240e-10
9220   2.3578e-01 9.0451e-10 7.6913e-10
9221   2.3578e-01 9.4124e-10 6.9352e-10
9222   2.3578e-01 9.7476e-10 6.1630e-10
9223   2.3578e-01 1.0050e-09 5.3758e-10
9224   2.3578e-01 1.0318e-09 4.5729e-10
9225   2.3578e-01 1.0552e-09 3.7569e-10
9226   2.3578e-01 1.0796e-09 3.8580e-10
9227   2.3578e-01 1.1072e-09 4.4385e-10
9228   2.3578e-01 1.1308e-09 5.0116e-10
9229   2.3578e-01 1.1508e-09 5.5701e-10
9230   2.3578e-01 1.1668e-09 6.1088e-10
9231   2.3578e-01 1.1791e-09 6.6260e-10
9232   2.3578e-01 1.1873e-09 7.2429e-10
9233   2.3578e-01 1.1917e-09 7.9912e-10
9234   2.3578e-01 1.1920e-09 8.7112e-10
9235   2.3578e-01 1.1886e-09 9.4008e-10
9236   2.3578e-01 1.1811e-09 1.0058e-09
9237   2.3578e-01 1.1698e-09 1.0685e-09
9238   2.3578e-01 1.1546e-09 1.1278e-09
9239   2.3578e-01 1.1357e-09 1.1831e-09
9240   2.3578e-01 1.1131e-09 1.2345e-09
9241   2.3578e-01 1.0869e-09 1.2816e-09
9242   2.3578e-01 1.0571e-09 1.3244e-09
9243   2.3578e-01 1.0240e-09 1.3627e-09
9244   2.3578e-01 9.8755e-10 1.3965e-09
9245   2.3578e-01 9.4803e-10 1.4256e-09
9246   2.3578e-01 9.0535e-10 1.4499e-09
9247   2.3578e-01 8.6044e-10 1.4694e-09
9248   2.3578e-01 8.2005e-10 1.4840e-09
9249   2.3578e-01 7.7711e-10 1.4937e-09
9250   2.3578e-01 7.3173e-10 1.4985e-09
9251   2.3578e-01 6.8407e-10 1.5115e-09
9252   2.3578e-01 6.3560e-10 1.5235e-09
9253   2.3578e-01 5.8810e-10 1.5306e-09
9254   2.3578e-01 5.3937e-10 1.5329e-09
9255   2.3578e-01 4.8901e-10 1.5303e-09
9256   2.3578e-01 4.3718e-10 1.5228e-09
9257   2.3578e-01 3.8406e-10 1.5102e-09
9258   2.3578e-01 3.3017e-10 1.4928e-09
9259   2.3578e-01 2.7624e-10 1.4721e-09
9260   2.3578e-01 2.3036e-10 1.4512e-09
9261   2.3578e-01 2.4811e-10 1.4255e-09
9262   2.3578e-01 2.7812e-10 1.3952e-09
9263   2.3578e-01 3.1698e-10 1.3604e-09
9264   2.3578e-01 3.5997e-10 1.3213e-09
9265   2.3578e-01 4.0937e-10 1.2779e-09
9266   2.3578e-01 4.5972e-10 1.2304e-09
9267   2.3578e-01 5.0899e-10 1.1790e-09
9268   2.3578e-01 5.5792e-10 1.1308e-09
9269   2.3578e-01 6.0576e-10 1.0794e-09
9270   2.3578e-01 6.5149e-10 1.0246e-09
9271   2.3578e-01 6.9633e-10 9.6648e-10
9272   2.3578e-01 7.3914e-10 9.0539e-10
9273   2.3578e-01 7.7942e-10 8.4148e-10
9274   2.3578e-01 8.1702e-10 7.7497e-10
9275   2.3578e-01 8.5240e-10 7.0609e-10
9276   2.3578e-01 8.8566e-10 6.3507e-10
9277   2.3578e-01 9.1589e-10 5.6263e-10
9278   2.3578e-01 9.4305e-10 4.8882e-10
9279   2.3578e-01 9.6702e-10 4.1359e-10
9280   2.3578e-01 9.8775e-10 3.3720e-10
9281   2.3578e-01 1.0137e-09 3.7373e-10
9282   2.3578e-01 1.0383e-09 4.2758e-10
9283   2.3578e-01 1.0593e-09 4.8099e-10
9284   2.3578e-01 1.0768e-09 5.3270e-10
9285   2.3578e-01 1.0907e-09 5.8254e-10
9286   2.3578e-01 1.1010e-09 6.3034e-10
9287   2.3578e-01 1.1076e-09 6.9444e-10
9288   2.3578e-01 1.1107e-09 7.6369e-10
9289   2.3578e-01 1.1099e-09 8.3027e-10
9290   2.3578e-01 1.1057e-09 8.9396e-10
9291   2.3578e-01 1.0976e-09 9.5455e-10
9292   2.3578e-01 1.0862e-09 1.0124e-09
9293   2.3578e-01 1.0710e-09 1.0669e-09
9294   2.3578e-01 1.0525e-09 1.1178e-09
9295   2.3578e-01 1.0305e-09 1.1648e-09
9296   2.3578e-01 1.0052e-09 1.2079e-09
9297   2.3578e-01 9.7659e-10 1.2469e-09
9298   2.3578e-01 9.4497e-10 1.2818e-09
9299   2.3578e-01 9.1019e-10 1.3123e-09
9300   2.3578e-01 8.7265e-10 1.3385e-09
9301   2.3578e-01 8.3220e-10 1.3602e-09
9302   2.3578e-01 7.8943e-10 1.3773e-09
9303   2.3578e-01 7.4774e-10 1.3900e-09
9304   2.3578e-01 7.0722e-10 1.3980e-09
9305   2.3578e-01 6.6447e-10 1.4014e-09
9306   2.3578e-01 6.1965e-10 1.4108e-09
9307   2.3578e-01 5.7460e-10 1.4210e-09
9308   2.3578e-01 5.3025e-10 1.4265e-09
9309   2.3578e-01 4.8457e-10 1.4276e-09
9310   2.3578e-01 4.3742e-10 1.4241e-09
9311   2.3578e-01 3.8895e-10 1.4160e-09
9312   2.3578e-01 3.3933e-10 1.4032e-09
9313   2.3578e-01 2.8950e-10 1.3859e-09
9314   2.3578e-01 2.3922e-10 1.3671e-09
9315   2.3578e-01 2.1946e-10 1.3466e-09
9316   2.3578e-01 2.3622e-10 1.3217e-09
9317   2.3578e-01 2.6793e-10 1.2925e-09
9318   2.3578e-01 3.0485e-10 1.2591e-09
9319   2.3578e-01 3.4636e-10 1.2217e-09
9320   2.3578e-01 3.9191e-10 1.1804e-09
9321   2.3578e-01 4.3877e-10 1.1353e-09
9322   2.3578e-01 4.8408e-10 1.0873e-09
9323   2.3578e-01 5.2944e-10 1.0419e-09
9324   2.3578e-01 5.7332e-10 9.9319e-10
9325   2.3578e-01 6.1521e-10 9.4134e-10
9326   2.3578e-01 6.5656e-10 8.8652e-10
9327   2.3578e-01 6.9565e-10 8.2892e-10
9328   2.3578e-01 7.3236e-10 7.6873e-10
9329   2.3578e-01 7.6653e-10 7.0617e-10
9330   2.3578e-01 7.9890e-10 6.4144e-10
9331   2.3578e-01 8.2899e-10 5.7478e-10
9332   2.3578e-01 8.5624e-10 5.0710e-10
9333   2.3578e-01 8.8061e-10 4.3791e-10
9334   2.3578e-01 9.0200e-10 3.6746e-10
9335   2.3578e-01 9.2147e-10 3.0707e-10
9336   2.3578e-01 9.4648e-10 3.5832e-10
9337   2.3578e-01 9.6842e-10 4.0847e-10
9338   2.3578e-01 9.8699e-10 4.5798e-10
9339   2.3578e-01 1.0024e-09 5.0586e-10
9340   2.3578e-01 1.0143e-09 5.5196e-10
9341   2.3578e-01 1.0230e-09 5.9613e-10
9342   2.3578e-01 1.0281e-09 6.5966e-10
9343   2.3578e-01 1.0300e-09 7.2375e-10
9344   2.3578e-01 1.0283e-09 7.8530e-10
9345   2.3578e-01 1.0234e-09 8.4411e-10
9346   2.3578e-01 1.0150e-09 9.0013e-10
9347   2.3578e-01 1.0034e-09 9.5350e-10
9348   2.3578e-01 9.8837e-10 1.0036e-09
9349   2.3578e-01 9.7026e-10 1.0503e-09
9350   2.3578e-01 9.4889e-10 1.0934e-09
9351   2.3578e-01 9.2456e-10 1.1328e-09
9352   2.3578e-01 8.9713e-10 1.1683e-09
9353   2.3578e-01 8.6693e-10 1.2000e-09
9354   2.3578e-01 8.3384e-10 1.2276e-09
9355   2.3578e-01 7.9820e-10 1.2511e-09
9356   2.3578e-01 7.6004e-10 1.2704e-09
9357   2.3578e-01 7.2150e-10 1.2855e-09
9358   2.3578e-01 6.8542e-10 1.2963e-09
9359   2.3578e-01 6.4719e-10 1.3029e-09
9360   2.3578e-01 6.0693e-10 1.3076e-09
9361   2.3578e-01 5.6479e-10 1.3204e-09
9362   2.3578e-01 5.2399e-10 1.3289e-09
9363   2.3578e-01 4.8255e-10 1.3330e-09
9364   2.3578e-01 4.3974e-10 1.3332e-09
9365   2.3578e-01 3.9560e-10 1.3289e-09
9366   2.3578e-01 3.5028e-10 1.3204e-09
9367   2.3578e-01 3.0394e-10 1.3075e-09
9368   2.3578e-01 2.5770e-10 1.2905e-09
9369   2.3578e-01 2.1084e-10 1.2745e-09
9370   2.3578e-01 2.0845e-10 1.2544e-09
9371   2.3578e-01 2.2777e-10 1.2303e-09
9372   2.3578e-01 2.5958e-10 1.2022e-09
9373   2.3578e-01 2.9429e-10 1.1702e-09
9374   2.3578e-01 3.3589e-10 1.1345e-09
9375   2.3578e-01 3.7869e-10 1.0951e-09
9376   2.3578e-01 4.2181e-10 1.0523e-09
9377   2.3578e-01 4.6369e-10 1.0085e-09
9378   2.3578e-01 5.0570e-10 9.6548e-10
9379   2.3578e-01 5.4593e-10 9.1937e-10
9380   2.3578e-01 5.8462e-10 8.7035e-10
9381   2.3578e-01 6.2245e-10 8.1860e-10
9382   2.3578e-01 6.5812e-10 7.6430e-10
9383   2.3578e-01 6.9153e-10 7.0763e-10
9384   2.3578e-01 7.2257e-10 6.4878e-10
9385   2.3578e-01 7.5211e-10 5.8796e-10
9386   2.3578e-01 7.7929e-10 5.2541e-10
9387   2.3578e-01 8.0383e-10 4.6192e-10
9388   2.3578e-01 8.2566e-10 3.9708e-10
9389   2.3578e-01 8.4470e-10 3.3109e-10
9390   2.3578e-01 8.6553e-10 2.9852e-10
9391   2.3578e-01 8.8793e-10 3.4608e-10
9392   2.3578e-01 9.0746e-10 3.9282e-10
9393   2.3578e-01 9.2384e-10 4.3870e-10
9394   2.3578e-01 9.3725e-10 4.8301e-10
9395   2.3578e-01 9.4744e-10 5.2563e-10
9396   2.3578e-01 9.5458e-10 5.6978e-10
9397   2.3578e-01 9.5846e-10 6.3130e-10
9398   2.3578e-01 9.5928e-10 6.9059e-10
9399   2.3578e-01 9.5684e-10 7.4746e-10
9400   2.3578e-01 9.5136e-10 8.0174e-10
9401   2.3578e-01 9.4266e-10 8.5346e-10
9402   2.3578e-01 9.3099e-10 9.0258e-10
9403   2.3578e-01 9.1619e-10 9.4863e-10
9404   2.3578e-01 8.9851e-10 9.9144e-10
9405   2.3578e-01 8.7782e-10 1.0309e-09
9406   2.3578e-01 8.5441e-10 1.0669e-09
9407   2.3578e-01 8.2814e-10 1.0992e-09
9408   2.3578e-01 7.9932e-10 1.1279e-09
9409   2.3578e-01 7.6784e-10 1.1528e-09
9410   2.3578e-01 7.3403e-10 1.1739e-09
9411   2.3578e-01 6.9779e-10 1.1911e-09
9412   2.3578e-01 6.5987e-10 1.2043e-09
9413   2.3578e-01 6.2443e-10 1.2135e-09
9414   2.3578e-01 5.8838e-10 1.2187e-09
9415   2.3578e-01 5.5050e-10 1.2226e-09
9416   2.3578e-01 5.1096e-10 1.2321e-09
9417   2.3578e-01 4.7313e-10 1.2391e-09
9418   2.3578e-01 4.3435e-10 1.2420e-09
9419   2.3578e-01 3.9425e-10 1.2412e-09
9420   2.3578e-01 3.5296e-10 1.2363e-09
9421   2.3578e-01 3.1060e-10 1.2274e-09
9422   2.3578e-01 2.6762e-10 1.2144e-09
9423   2.3578e-01 2.2459e-10 1.1989e-09
9424   2.3578e-01 1.8389e-10 1.1832e-09
9425   2.3578e-01 1.9827e-10 1.1637e-09
9426   2.3578e-01 2.1998e-10 1.1404e-09
9427   2.3578e-01 2.5028e-10 1.1134e-09
9428   2.3578e-01 2.8282e-10 1.0827e-09
9429   2.3578e-01 3.2229e-10 1.0487e-09
9430   2.3578e-01 3.6217e-10 1.0112e-09
9431   2.3578e-01 4.0184e-10 9.7051e-10
9432   2.3578e-01 4.4070e-10 9.2997e-10
9433   2.3578e-01 4.7926e-10 8.8916e-10
9434   2.3578e-01 5.1613e-10 8.4552e-10
9435   2.3578e-01 5.5183e-10 7.9922e-10
9436   2.3578e-01 5.8640e-10 7.5040e-10
9437   2.3578e-01 6.1892e-10 6.9923e-10
9438   2.3578e-01 6.4934e-10 6.4589e-10
9439   2.3578e-01 6.7758e-10 5.9056e-10
9440   2.3578e-01 7.0450e-10 5.3343e-10
9441   2.3578e-01 7.2904e-10 4.7498e-10
9442   2.3578e-01 7.5110e-10 4.1545e-10
9443   2.3578e-01 7.7064e-10 3.5469e-10
9444   2.3578e-01 7.8757e-10 2.9292e-10
9445   2.3578e-01 8.0867e-10 2.8712e-10
9446   2.3578e-01 8.2871e-10 3.3125e-10
9447   2.3578e-01 8.4606e-10 3.7478e-10
9448   2.3578e-01 8.6048e-10 4.1727e-10
9449   2.3578e-01 8.7212e-10 4.5829e-10
9450   2.3578e-01 8.8076e-10 4.9769e-10
9451   2.3578e-01 8.8656e-10 5.4222e-10
9452   2.3578e-01 8.8933e-10 5.9917e-10
9453   2.3578e-01 8.8926e-10 6.5401e-10
9454   2.3578e-01 8.8616e-10 7.0656e-10
9455   2.3578e-01 8.8025e-10 7.5665e-10
9456   2.3578e-01 8.7135e-10 8.0447e-10
9457   2.3578e-01 8.5969e-10 8.4968e-10
9458   2.3578e-01 8.4514e-10 8.9199e-10
9459   2.3578e-01 8.2794e-10 9.3125e-10
9460   2.3578e-01 8.0796e-10 9.6736e-10
9461   2.3578e-01 7.8546e-10 1.0002e-09
9462   2.3578e-01 7.6034e-10 1.0296e-09
9463   2.3578e-01 7.3287e-10 1.0556e-09
9464   2.3578e-01 7.0297e-10 1.0781e-09
9465   2.3578e-01 6.7092e-10 1.0969e-09
9466   2.3578e-01 6.3698e-10 1.1121e-09
9467   2.3578e-01 6.0392e-10 1.1237e-09
9468   2.3578e-01 5.7174e-10 1.1314e-09
9469   2.3578e-01 5.3777e-10 1.1355e-09
9470   2.3578e-01 5.0213e-10 1.1431e-09
9471   2.3578e-01 4.6626e-10 1.1526e-09
9472   2.3578e-01 4.3090e-10 1.1582e-09
9473   2.3578e-01 3.9453e-10 1.1602e-09
9474   2.3578e-01 3.5697e-10 1.1585e-09
9475   2.3578e-01 3.1833e-10 1.1531e-09
9476   2.3578e-01 2.7876e-10 1.1439e-09
9477   2.3578e-01 2.3887e-10 1.1309e-09
9478   2.3578e-01 1.9874e-10 1.1179e-09
9479   2.3578e-01 1.7483e-10 1.1025e-09
9480   2.3578e-01 1.8807e-10 1.0835e-09
9481   2.3578e-01 2.1284e-10 1.0609e-09
9482   2.3578e-01 2.4214e-10 1.0350e-09
9483   2.3578e-01 2.7469e-10 1.0057e-09
9484   2.3578e-01 3.1134e-10 9.7318e-10
9485   2.3578e-01 3.4878e-10 9.3756e-10
9486   2.3578e-01 3.8526e-10 8.9894e-10
9487   2.3578e-01 4.2147e-10 8.6198e-10
9488   2.3578e-01 4.5684e-10 8.2331e-10
9489   2.3578e-01 4.9061e-10 7.8202e-10
9490   2.3578e-01 5.2359e-10 7.3828e-10
9491   2.3578e-01 5.5516e-10 6.9223e-10
9492   2.3578e-01 5.8480e-10 6.4403e-10
9493   2.3578e-01 6.1245e-10 5.9383e-10
9494   2.3578e-01 6.3824e-10 5.4181e-10
9495   2.3578e-01 6.6260e-10 4.8815e-10
9496   2.3578e-01 6.8473e-10 4.3334e-10
9497   2.3578e-01 7.0453e-10 3.7752e-10
9498   2.3578e-01 7.2197e-10 3.2060e-10
9499   2.3578e-01 7.3841e-10 2.6278e-10
9500   2.3578e-01 7.5894e-10 2.7816e-10
9501   2.3578e-01 7.7683e-10 3.1910e-10
9502   2.3578e-01 7.9220e-10 3.5965e-10
9503   2.3578e-01 8.0484e-10 3.9900e-10
9504   2.3578e-01 8.1488e-10 4.3694e-10
9505   2.3578e-01 8.2213e-10 4.7335e-10
9506   2.3578e-01 8.2674e-10 5.1973e-10
9507   2.3578e-01 8.2854e-10 5.7245e-10
9508   2.3578e-01 8.2769e-10 6.2315e-10
9509   2.3578e-01 8.2403e-10 6.7168e-10
9510   2.3578e-01 8.1776e-10 7.1788e-10
9511   2.3578e-01 8.0873e-10 7.6200e-10
9512   2.3578e-01 7.9714e-10 8.0359e-10
9513   2.3578e-01 7.8288e-10 8.4243e-10
9514   2.3578e-01 7.6617e-10 8.7842e-10
9515   2.3578e-01 7.4690e-10 9.1143e-10
9516   2.3578e-01 7.2531e-10 9.4136e-10
9517   2.3578e-01 7.0130e-10 9.6813e-10
9518   2.3578e-01 6.7514e-10 9.9165e-10
9519   2.3578e-01 6.4674e-10 1.0119e-09
9520   2.3578e-01 6.1637e-10 1.0287e-09
9521   2.3578e-01 5.8410e-10 1.0421e-09
9522   2.3578e-01 5.5072e-10 1.0521e-09
9523   2.3578e-01 5.2036e-10 1.0586e-09
9524   2.3578e-01 4.8836e-10 1.0615e-09
9525   2.3578e-01 4.5484e-10 1.0672e-09
9526   2.3578e-01 4.2157e-10 1.0751e-09
9527   2.3578e-01 3.8855e-10 1.0795e-09
9528   2.3578e-01 3.5446e-10 1.0806e-09
9529   2.3578e-01 3.1929e-10 1.0783e-09
9530   2.3578e-01 2.8317e-10 1.0724e-09
9531   2.3578e-01 2.4621e-10 1.0630e-09
9532   2.3578e-01 2.0931e-10 1.0505e-09
9533   2.3578e-01 1.7190e-10 1.0384e-09
9534   2.3578e-01 1.6646e-10 1.0233e-09
9535   2.3578e-01 1.7998e-10 1.0048e-09
9536   2.3578e-01 2.0490e-10 9.8306e-10
9537   2.3578e-01 2.3275e-10 9.5815e-10
9538   2.3578e-01 2.6423e-10 9.3016e-10
9539   2.3578e-01 2.9814e-10 8.9918e-10
9540   2.3578e-01 3.3288e-10 8.6533e-10
9541   2.3578e-01 3.6641e-10 8.2871e-10
9542   2.3578e-01 3.9999e-10 7.9449e-10
9543   2.3578e-01 4.3243e-10 7.5786e-10
9544   2.3578e-01 4.6335e-10 7.1883e-10
9545   2.3578e-01 4.9376e-10 6.7754e-10
9546   2.3578e-01 5.2258e-10 6.3412e-10
9547   2.3578e-01 5.4958e-10 5.8872e-10
9548   2.3578e-01 5.7470e-10 5.4150e-10
9549   2.3578e-01 5.9828e-10 4.9262e-10
9550   2.3578e-01 6.2031e-10 4.4223e-10
9551   2.3578e-01 6.4024e-10 3.9103e-10
9552   2.3578e-01 6.5800e-10 3.3871e-10
9553   2.3578e-01 6.7355e-10 2.8540e-10
9554   2.3578e-01 6.9036e-10 2.3129e-10
9555   2.3578e-01 7.0877e-10 2.6699e-10
9556   2.3578e-01 7.2471e-10 3.0506e-10
9557   2.3578e-01 7.3830e-10 3.4271e-10
9558   2.3578e-01 7.4935e-10 3.7914e-10
9559   2.3578e-01 7.5797e-10 4.1423e-10
9560   2.3578e-01 7.6399e-10 4.4787e-10
9561   2.3578e-01 7.6755e-10 4.9410e-10
9562   2.3578e-01 7.6850e-10 5.4288e-10
9563   2.3578e-01 7.6699e-10 5.8975e-10
9564   2.3578e-01 7.6287e-10 6.3456e-10
9565   2.3578e-01 7.5634e-10 6.7722e-10
9566   2.3578e-01 7.4724e-10 7.1793e-10
9567   2.3578e-01 7.3579e-10 7.5618e-10
9568   2.3578e-01 7.2186e-10 7.9184e-10
9569   2.3578e-01 7.0567e-10 8.2481e-10
9570   2.3578e-01 6.8711e-10 8.5498e-10
9571   2.3578e-01 6.6642e-10 8.8226e-10
9572   2.3578e-01 6.4351e-10 9.0657e-10
9573   2.3578e-01 6.1862e-10 9.2784e-10
9574   2.3578e-01 5.9167e-10 9.4600e-10
9575   2.3578e-01 5.6297e-10 9.6101e-10
9576   2.3578e-01 5.3281e-10 9.7282e-10
9577   2.3578e-01 5.0453e-10 9.8140e-10
9578   2.3578e-01 4.7589e-10 9.8673e-10
9579   2.3578e-01 4.4577e-10 9.8880e-10
9580   2.3578e-01 4.1427e-10 9.9853e-10
9581   2.3578e-01 3.8410e-10 1.0052e-09
9582   2.3578e-01 3.5323e-10 1.0085e-09
9583   2.3578e-01 3.2129e-10 1.0089e-09
9584   2.3578e-01 2.8837e-10 1.0059e-09
9585   2.3578e-01 2.5460e-10 9.9966e-10
9586   2.3578e-01 2.2019e-10 9.9013e-10
9587   2.3578e-01 1.8585e-10 9.7946e-10
9588   2.3578e-01 1.5099e-10 9.6771e-10
9589   2.3578e-01 1.5807e-10 9.5289e-10
9590   2.3578e-01 1.7458e-10 9.3499e-10
9591   2.3578e-01 1.9861e-10 9.1406e-10
9592   2.3578e-01 2.2448e-10 8.9018e-10
9593   2.3578e-01 2.5583e-10 8.6344e-10
9594   2.3578e-01 2.8768e-10 8.3393e-10
9595   2.3578e-01 3.1964e-10 8.0176e-10
9596   2.3578e-01 3.5065e-10 7.6821e-10
9597   2.3578e-01 3.8171e-10 7.3586e-10
9598   2.3578e-01 4.1145e-10 7.0118e-10
9599   2.3578e-01 4.3993e-10 6.6429e-10
9600   2.3578e-01 4.6782e-10 6.2531e-10
9601   2.3578e-01 4.9410e-10 5.8437e-10
9602   2.3578e-01 5.1867e-10 5.4163e-10
9603   2.3578e-01 5.4148e-10 4.9721e-10
9604   2.3578e-01 5.6299e-10 4.5128e-10
9605   2.3578e-01 5.8289e-10 4.0398e-10
9606   2.3578e-01 6.0081e-10 3.5599e-10
9607   2.3578e-01 6.1671e-10 3.0695e-10
9608   2.3578e-01 6.3054e-10 2.5704e-10
9609   2.3578e-01 6.4816e-10 2.2174e-10
9610   2.3578e-01 6.6464e-10 2.5789e-10
9611   2.3578e-01 6.7882e-10 2.9336e-10
9612   2.3578e-01 6.9080e-10 3.2824e-10
9613   2.3578e-01 7.0040e-10 3.6196e-10
9614   2.3578e-01 7.0774e-10 3.9440e-10
9615   2.3578e-01 7.1266e-10 4.2595e-10
9616   2.3578e-01 7.1530e-10 4.7274e-10
9617   2.3578e-01 7.1550e-10 5.1787e-10
9618   2.3578e-01 7.1342e-10 5.6117e-10
9619   2.3578e-01 7.0893e-10 6.0253e-10
9620   2.3578e-01 7.0219e-10 6.4192e-10
9621   2.3578e-01 6.9308e-10 6.7939e-10
9622   2.3578e-01 6.8179e-10 7.1454e-10
9623   2.3578e-01 6.6822e-10 7.4726e-10
9624   2.3578e-01 6.5256e-10 7.7744e-10
9625   2.3578e-01 6.3471e-10 8.0499e-10
9626   2.3578e-01 6.1490e-10 8.2983e-10
9627   2.3578e-01 5.9305e-10 8.5188e-10
9628   2.3578e-01 5.6938e-10 8.7108e-10
9629   2.3578e-01 5.4383e-10 8.8737e-10
9630   2.3578e-01 5.1663e-10 9.0071e-10
9631   2.3578e-01 4.8804e-10 9.1106e-10
9632   2.3578e-01 4.5966e-10 9.1839e-10
9633   2.3578e-01 4.3267e-10 9.2268e-10
9634   2.3578e-01 4.0432e-10 9.2527e-10
9635   2.3578e-01 3.7510e-10 9.3185e-10
9636   2.3578e-01 3.4691e-10 9.3734e-10
9637   2.3578e-01 3.1796e-10 9.3977e-10
9638   2.3578e-01 2.8804e-10 9.3938e-10
9639   2.3578e-01 2.5725e-10 9.3591e-10
9640   2.3578e-01 2.2569e-10 9.2936e-10
9641   2.3578e-01 1.9384e-10 9.1978e-10
9642   2.3578e-01 1.6182e-10 9.1013e-10
9643   2.3578e-01 1.3952e-10 8.9860e-10
9644   2.3578e-01 1.5027e-10 8.8414e-10
9645   2.3578e-01 1.6847e-10 8.6681e-10
9646   2.3578e-01 1.9136e-10 8.4667e-10
9647   2.3578e-01 2.1594e-10 8.2380e-10
9648   2.3578e-01 2.4541e-10 7.9829e-10
9649   2.3578e-01 2.7510e-10 7.7021e-10
9650   2.3578e-01 3.0450e-10 7.3966e-10
9651   2.3578e-01 3.3327e-10 7.0860e-10
9652   2.3578e-01 3.6178e-10 6.7794e-10
9653   2.3578e-01 3.8903e-10 6.4512e-10
9654   2.3578e-01 4.1530e-10 6.1026e-10
9655   2.3578e-01 4.4078e-10 5.7348e-10
9656   2.3578e-01 4.6474e-10 5.3491e-10
9657   2.3578e-01 4.8710e-10 4.9468e-10
9658   2.3578e-01 5.0779e-10 4.5292e-10
9659   2.3578e-01 5.2744e-10 4.0977e-10
9660   2.3578e-01 5.4538e-10 3.6556e-10
9661   2.3578e-01 5.6149e-10 3.2056e-10
9662   2.3578e-01 5.7570e-10 2.7462e-10
9663   2.3578e-01 5.8900e-10 2.2790e-10
9664   2.3578e-01 6.0571e-10 2.1355e-10
9665   2.3578e-01 6.2044e-10 2.4708e-10
9666   2.3578e-01 6.3302e-10 2.8012e-10
9667   2.3578e-01 6.4354e-10 3.1243e-10
9668   2.3578e-01 6.5185e-10 3.4362e-10
9669   2.3578e-01 6.5806e-10 3.7361e-10
9670   2.3578e-01 6.6201e-10 4.0569e-10
9671   2.3578e-01 6.6383e-10 4.4901e-10
9672   2.3578e-01 6.6340e-10 4.9074e-10
9673   2.3578e-01 6.6085e-10 5.3075e-10
9674   2.3578e-01 6.5606e-10 5.6892e-10
9675   2.3578e-01 6.4918e-10 6.0533e-10
9676   2.3578e-01 6.4012e-10 6.3981e-10
9677   2.3578e-01 6.2904e-10 6.7211e-10
9678   2.3578e-01 6.1585e-10 7.0212e-10
9679   2.3578e-01 6.0073e-10 7.2974e-10
9680   2.3578e-01 5.8360e-10 7.5489e-10
9681   2.3578e-01 5.6466e-10 7.7749e-10
9682   2.3578e-01 5.4385e-10 7.9748e-10
9683   2.3578e-01 5.2136e-10 8.1479e-10
9684   2.3578e-01 4.9715e-10 8.2939e-10
9685   2.3578e-01 4.7163e-10 8.4121e-10
9686   2.3578e-01 4.4476e-10 8.5025e-10
9687   2.3578e-01 4.2064e-10 8.5646e-10
9688   2.3578e-01 3.9520e-10 8.5984e-10
9689   2.3578e-01 3.6853e-10 8.6413e-10
9690   2.3578e-01 3.4199e-10 8.7146e-10
9691   2.3578e-01 3.1565e-10 8.7591e-10
9692   2.3578e-01 2.8850e-10 8.7762e-10
9693   2.3578e-01 2.6047e-10 8.7659e-10
9694   2.3578e-01 2.3167e-10 8.7268e-10
9695   2.3578e-01 2.0218e-10 8.6592e-10
9696   2.3578e-01 1.7264e-10 8.5733e-10
9697   2.3578e-01 1.4277e-10 8.4835e-10
9698   2.3578e-01 1.3263e-10 8.3698e-10
9699   2.3578e-01 1.4266e-10 8.2290e-10
9700   2.3578e-01 1.6278e-10 8.0615e-10
9701   2.3578e-01 1.8489e-10 7.8679e-10
9702   2.3578e-01 2.0956e-10 7.6491e-10
9703   2.3578e-01 2.3675e-10 7.4056e-10
9704   2.3578e-01 2.6460e-10 7.1385e-10
9705   2.3578e-01 2.9163e-10 6.8486e-10
9706   2.3578e-01 3.1844e-10 6.5651e-10
9707   2.3578e-01 3.4458e-10 6.2745e-10
9708   2.3578e-01 3.6953e-10 5.9640e-10
9709   2.3578e-01 3.9380e-10 5.6347e-10
9710   2.3578e-01 4.1706e-10 5.2878e-10
9711   2.3578e-01 4.3889e-10 4.9243e-10
9712   2.3578e-01 4.5920e-10 4.5457e-10
9713   2.3578e-01 4.7800e-10 4.1531e-10
9714   2.3578e-01 4.9586e-10 3.7479e-10
9715   2.3578e-01 5.1203e-10 3.3334e-10
9716   2.3578e-01 5.2648e-10 2.9115e-10
9717   2.3578e-01 5.3916e-10 2.4812e-10
9718   2.3578e-01 5.5323e-10 2.0438e-10
9719   2.3578e-01 5.6822e-10 2.0692e-10
9720   2.3578e-01 5.8136e-10 2.3802e-10
9721   2.3578e-01 5.9249e-10 2.6880e-10
9722   2.3578e-01 6.0170e-10 2.9871e-10
9723   2.3578e-01 6.0885e-10 3.2757e-10
9724   2.3578e-01 6.1404e-10 3.5528e-10
9725   2.3578e-01 6.1713e-10 3.8880e-10
9726   2.3578e-01 6.1824e-10 4.2889e-10
9727   2.3578e-01 6.1725e-10 4.6747e-10
9728   2.3578e-01 6.1430e-10 5.0442e-10
9729   2.3578e-01 6.0927e-10 5.3962e-10
9730   2.3578e-01 6.0232e-10 5.7321e-10
9731   2.3578e-01 5.9334e-10 6.0493e-10
9732   2.3578e-01 5.8249e-10 6.3459e-10
9733   2.3578e-01 5.6969e-10 6.6209e-10
9734   2.3578e-01 5.5511e-10 6.8735e-10
9735   2.3578e-01 5.3869e-10 7.1028e-10
9736   2.3578e-01 5.2059e-10 7.3083e-10
9737   2.3578e-01 5.0078e-10 7.4892e-10
9738   2.3578e-01 4.7942e-10 7.6451e-10
9739   2.3578e-01 4.5649e-10 7.7755e-10
9740   2.3578e-01 4.3226e-10 7.8800e-10
9741   2.3578e-01 4.0689e-10 7.9584e-10
9742   2.3578e-01 3.8284e-10 8.0105e-10
9743   2.3578e-01 3.5889e-10 8.0362e-10
9744   2.3578e-01 3.3381e-10 8.0718e-10
9745   2.3578e-01 3.0923e-10 8.1300e-10
9746   2.3578e-01 2.8463e-10 8.1652e-10
9747   2.3578e-01 2.5918e-10 8.1752e-10
9748   2.3578e-01 2.3295e-10 8.1593e-10
9749   2.3578e-01 2.0602e-10 8.1167e-10
9750   2.3578e-01 1.7855e-10 8.0475e-10
9751   2.3578e-01 1.5115e-10 7.9699e-10
9752   2.3578e-01 1.2331e-10 7.8813e-10
9753   2.3578e-01 1.2622e-10 7.7697e-10
9754   2.3578e-01 1.3803e-10 7.6328e-10
9755   2.3578e-01 1.5680e-10 7.4712e-10
9756   2.3578e-01 1.7763e-10 7.2854e-10
9757   2.3578e-01 2.0151e-10 7.0761e-10
9758   2.3578e-01 2.2678e-10 6.8441e-10
9759   2.3578e-01 2.5251e-10 6.5901e-10
9760   2.3578e-01 2.7736e-10 6.3152e-10
9761   2.3578e-01 3.0222e-10 6.0530e-10
9762   2.3578e-01 3.2619e-10 5.7777e-10
9763   2.3578e-01 3.4903e-10 5.4841e-10
9764   2.3578e-01 3.7140e-10 5.1732e-10
9765   2.3578e-01 3.9263e-10 4.8461e-10
9766   2.3578e-01 4.1250e-10 4.5039e-10
9767   2.3578e-01 4.3096e-10 4.1477e-10
9768   2.3578e-01 4.4814e-10 3.7788e-10
9769   2.3578e-01 4.6428e-10 3.3983e-10
9770   2.3578e-01 4.7883e-10 3.0110e-10
9771   2.3578e-01 4.9178e-10 2.6156e-10
9772   2.3578e-01 5.0306e-10 2.2126e-10
9773   2.3578e-01 5.1733e-10 1.8033e-10
9774   2.3578e-01 5.3076e-10 1.9883e-10
9775   2.3578e-01 5.4246e-10 2.2771e-10
9776   2.3578e-01 5.5228e-10 2.5632e-10
9777   2.3578e-01 5.6032e-10 2.8401e-10
9778   2.3578e-01 5.6643e-10 3.1070e-10
9779   2.3578e-01 5.7071e-10 3.3631e-10
9780   2.3578e-01 5.7304e-10 3.6990e-10
9781   2.3578e-01 5.7354e-10 4.0700e-10
9782   2.3578e-01 5.7209e-10 4.4266e-10
9783   2.3578e-01 5.6881e-10 4.7677e-10
9784   2.3578e-01 5.6361e-10 5.0924e-10
9785   2.3578e-01 5.5662e-10 5.4027e-10
9786   2.3578e-01 5.4776e-10 5.6944e-10
9787   2.3578e-01 5.3717e-10 5.9667e-10
9788   2.3578e-01 5.2478e-10 6.2186e-10
9789   2.3578e-01 5.1076e-10 6.4495e-10
9790   2.3578e-01 4.9503e-10 6.6585e-10
9791   2.3578e-01 4.7777e-10 6.8451e-10
9792   2.3578e-01 4.5892e-10 7.0088e-10
9793   2.3578e-01 4.3866e-10 7.1490e-10
9794   2.3578e-01 4.1697e-10 7.2653e-10
9795   2.3578e-01 3.9432e-10 7.3574e-10
9796   2.3578e-01 3.7138e-10 7.4251e-10
9797   2.3578e-01 3.4992e-10 7.4683e-10
9798   2.3578e-01 3.2736e-10 7.4867e-10
9799   2.3578e-01 3.0405e-10 7.5471e-10
9800   2.3578e-01 2.8156e-10 7.5992e-10
9801   2.3578e-01 2.5851e-10 7.6262e-10
9802   2.3578e-01 2.3466e-10 7.6307e-10
9803   2.3578e-01 2.1011e-10 7.6101e-10
9804   2.3578e-01 1.8493e-10 7.5646e-10
9805   2.3578e-01 1.5944e-10 7.4952e-10
9806   2.3578e-01 1.3387e-10 7.4287e-10
9807   2.3578e-01 1.1159e-10 7.3425e-10
9808   2.3578e-01 1.1983e-10 7.2332e-10
9809   2.3578e-01 1.3370e-10 7.1003e-10
9810   2.3578e-01 1.5186e-10 6.9445e-10
9811   2.3578e-01 1.7128e-10 6.7663e-10
9812   2.3578e-01 1.9482e-10 6.5663e-10
9813   2.3578e-01 2.1853e-10 6.3453e-10
9814   2.3578e-01 2.4221e-10 6.1040e-10
9815   2.3578e-01 2.6519e-10 5.8470e-10
9816   2.3578e-01 2.8817e-10 5.6041e-10
9817   2.3578e-01 3.1014e-10 5.3434e-10
9818   2.3578e-01 3.3111e-10 5.0658e-10
9819   2.3578e-01 3.5168e-10 4.7723e-10
9820   2.3578e-01 3.7104e-10 4.4640e-10
9821   2.3578e-01 3.8912e-10 4.1417e-10
9822   2.3578e-01 4.0587e-10 3.8067e-10
9823   2.3578e-01 4.2153e-10 3.4600e-10
9824   2.3578e-01 4.3610e-10 3.1029e-10
9825   2.3578e-01 4.4918e-10 2.7400e-10
9826   2.3578e-01 4.6076e-10 2.3694e-10
9827   2.3578e-01 4.7182e-10 1.9920e-10
9828   2.3578e-01 4.8551e-10 1.6463e-10
9829   2.3578e-01 4.9753e-10 1.9207e-10
9830   2.3578e-01 5.0792e-10 2.1898e-10
9831   2.3578e-01 5.1656e-10 2.4549e-10
9832   2.3578e-01 5.2353e-10 2.7112e-10
9833   2.3578e-01 5.2871e-10 2.9579e-10
9834   2.3578e-01 5.3219e-10 3.1943e-10
9835   2.3578e-01 5.3385e-10 3.5385e-10
9836   2.3578e-01 5.3381e-10 3.8816e-10
9837   2.3578e-01 5.3196e-10 4.2111e-10
9838   2.3578e-01 5.2841e-10 4.5260e-10
9839   2.3578e-01 5.2308e-10 4.8257e-10
9840   2.3578e-01 5.1610e-10 5.1114e-10
9841   2.3578e-01 5.0739e-10 5.3795e-10
9842   2.3578e-01 4.9708e-10 5.6292e-10
9843   2.3578e-01 4.8511e-10 5.8599e-10
9844   2.3578e-01 4.7163e-10 6.0708e-10
9845   2.3578e-01 4.5658e-10 6.2611e-10
9846   2.3578e-01 4.4012e-10 6.4305e-10
9847   2.3578e-01 4.2221e-10 6.5783e-10
9848   2.3578e-01 4.0300e-10 6.7041e-10
9849   2.3578e-01 3.8247e-10 6.8076e-10
9850   2.3578e-01 3.6101e-10 6.8884e-10
9851   2.3578e-01 3.3846e-10 6.9465e-10
9852   2.3578e-01 3.1813e-10 6.9816e-10
9853   2.3578e-01 2.9691e-10 6.9982e-10
9854   2.3578e-01 2.7531e-10 7.0438e-10
9855   2.3578e-01 2.5431e-10 7.0870e-10
9856   2.3578e-01 2.3268e-10 7.1069e-10
9857   2.3578e-01 2.1035e-10 7.1057e-10
9858   2.3578e-01 1.8738e-10 7.0811e-10
9859   2.3578e-01 1.6386e-10 7.0333e-10
9860   2.3578e-01 1.4026e-10 6.9708e-10
9861   2.3578e-01 1.1642e-10 6.9039e-10
9862   2.3578e-01 1.0583e-10 6.8192e-10
9863   2.3578e-01 1.1386e-10 6.7124e-10
9864   2.3578e-01 1.2892e-10 6.5837e-10
9865   2.3578e-01 1.4622e-10 6.4337e-10
9866   2.3578e-01 1.6492e-10 6.2630e-10
9867   2.3578e-01 1.8683e-10 6.0720e-10
9868   2.3578e-01 2.0894e-10 5.8616e-10
9869   2.3578e-01 2.3072e-10 5.6325e-10
9870   2.3578e-01 2.5204e-10 5.3948e-10
9871   2.3578e-01 2.7313e-10 5.1645e-10
9872   2.3578e-01 2.9325e-10 4.9178e-10
9873   2.3578e-01 3.1260e-10 4.6555e-10
9874   2.3578e-01 3.3139e-10 4.3786e-10
9875   2.3578e-01 3.4902e-10 4.0880e-10
9876   2.3578e-01 3.6547e-10 3.7847e-10
9877   2.3578e-01 3.8066e-10 3.4697e-10
9878   2.3578e-01 3.9495e-10 3.1441e-10
9879   2.3578e-01 4.0809e-10 2.8099e-10
9880   2.3578e-01 4.1984e-10 2.4700e-10
9881   2.3578e-01 4.3017e-10 2.1228e-10
9882   2.3578e-01 4.4148e-10 1.7695e-10
9883   2.3578e-01 4.5378e-10 1.5874e-10
9884   2.3578e-01 4.6451e-10 1.8420e-10
9885   2.3578e-01 4.7372e-10 2.0926e-10
9886   2.3578e-01 4.8130e-10 2.3380e-10
9887   2.3578e-01 4.8732e-10 2.5752e-10
9888   2.3578e-01 4.9168e-10 2.8033e-10
9889   2.3578e-01 4.9444e-10 3.0339e-10
9890   2.3578e-01 4.9552e-10 3.3631e-10
9891   2.3578e-01 4.9501e-10 3.6804e-10
9892   2.3578e-01 4.9283e-10 3.9848e-10
9893   2.3578e-01 4.8907e-10 4.2754e-10
9894   2.3578e-01 4.8367e-10 4.5524e-10
9895   2.3578e-01 4.7673e-10 4.8152e-10
9896   2.3578e-01 4.6820e-10 5.0616e-10
9897   2.3578e-01 4.5818e-10 5.2907e-10
9898   2.3578e-01 4.4664e-10 5.5018e-10
9899   2.3578e-01 4.3370e-10 5.6942e-10
9900   2.3578e-01 4.1933e-10 5.8675e-10
9901   2.3578e-01 4.0365e-10 6.0210e-10
9902   2.3578e-01 3.8664e-10 6.1544e-10
9903   2.3578e-01 3.6845e-10 6.2671e-10
9904   2.3578e-01 3.4918e-10 6.3590e-10
9905   2.3578e-01 3.2899e-10 6.4297e-10
9906   2.3578e-01 3.0946e-10 6.4791e-10
9907   2.3578e-01 2.9040e-10 6.5071e-10
9908   2.3578e-01 2.7044e-10 6.5289e-10
9909   2.3578e-01 2.5081e-10 6.5859e-10
9910   2.3578e-01 2.3118e-10 6.6210e-10
9911   2.3578e-01 2.1090e-10 6.6354e-10
9912   2.3578e-01 1.8999e-10 6.6292e-10
9913   2.3578e-01 1.6850e-10 6.6012e-10
9914   2.3578e-01 1.4653e-10 6.5516e-10
9915   2.3578e-01 1.2464e-10 6.4989e-10
9916   2.3578e-01 1.0241e-10 6.4334e-10
9917   2.3578e-01 1.0058e-10 6.3498e-10
9918   2.3578e-01 1.0943e-10 6.2456e-10
9919   2.3578e-01 1.2442e-10 6.1211e-10
9920   2.3578e-01 1.4111e-10 5.9769e-10
9921   2.3578e-01 1.5983e-10 5.8134e-10
9922   2.3578e-01 1.8001e-10 5.6312e-10
9923   2.3578e-01 2.0074e-10 5.4310e-10
9924   2.3578e-01 2.2076e-10 5.2135e-10
9925   2.3578e-01 2.4061e-10 4.9963e-10
9926   2.3578e-01 2.5995e-10 4.7780e-10
9927   2.3578e-01 2.7837e-10 4.5446e-10
9928   2.3578e-01 2.9624e-10 4.2968e-10
9929   2.3578e-01 3.1339e-10 4.0356e-10
9930   2.3578e-01 3.2945e-10 3.7618e-10
9931   2.3578e-01 3.4439e-10 3.4764e-10
9932   2.3578e-01 3.5815e-10 3.1802e-10
9933   2.3578e-01 3.7117e-10 2.8744e-10
9934   2.3578e-01 3.8300e-10 2.5612e-10
9935   2.3578e-01 3.9353e-10 2.2425e-10
9936   2.3578e-01 4.0274e-10 1.9173e-10
9937   2.3578e-01 4.1451e-10 1.5866e-10
9938   2.3578e-01 4.2554e-10 1.5385e-10
9939   2.3578e-01 4.3510e-10 1.7747e-10
9940   2.3578e-01 4.4324e-10 2.0081e-10
9941   2.3578e-01 4.4987e-10 2.2353e-10
9942   2.3578e-01 4.5503e-10 2.4547e-10
9943   2.3578e-01 4.5864e-10 2.6654e-10
9944   2.3578e-01 4.6077e-10 2.9072e-10
9945   2.3578e-01 4.6135e-10 3.2119e-10
9946   2.3578e-01 4.6044e-10 3.5052e-10
9947   2.3578e-01 4.5798e-10 3.7863e-10
9948   2.3578e-01 4.5405e-10 4.0543e-10
9949   2.3578e-01 4.4861e-10 4.3099e-10
9950   2.3578e-01 4.4174e-10 4.5517e-10
9951   2.3578e-01 4.3340e-10 4.7779e-10
9952   2.3578e-01 4.2369e-10 4.9879e-10
9953   2.3578e-01 4.1258e-10 5.1809e-10
9954   2.3578e-01 4.0018e-10 5.3565e-10
9955   2.3578e-01 3.8645e-10 5.5140e-10
9956   2.3578e-01 3.7153e-10 5.6530e-10
9957   2.3578e-01 3.5539e-10 5.7731e-10
9958   2.3578e-01 3.3816e-10 5.8739e-10
9959   2.3578e-01 3.1989e-10 5.9552e-10
9960   2.3578e-01 3.0084e-10 6.0168e-10
9961   2.3578e-01 2.8164e-10 6.0584e-10
9962   2.3578e-01 2.6370e-10 6.0800e-10
9963   2.3578e-01 2.4494e-10 6.1045e-10
9964   2.3578e-01 2.2681e-10 6.1445e-10
9965   2.3578e-01 2.0845e-10 6.1726e-10
9966   2.3578e-01 1.8945e-10 6.1815e-10
9967   2.3578e-01 1.6987e-10 6.1710e-10
9968   2.3578e-01 1.4979e-10 6.1402e-10
9969   2.3578e-01 1.2942e-10 6.0896e-10
9970   2.3578e-01 1.0901e-10 6.0423e-10
9971   2.3578e-01 8.9428e-11 5.9776e-10
9972   2.3578e-01 9.5670e-11 5.8954e-10
9973   2.3578e-01 1.0578e-10 5.7940e-10
9974   2.3578e-01 1.1999e-10 5.6738e-10
9975   2.3578e-01 1.3549e-10 5.5353e-10
9976   2.3578e-01 1.5363e-10 5.3789e-10
9977   2.3578e-01 1.7246e-10 5.2052e-10
9978   2.3578e-01 1.9154e-10 5.0148e-10
9979   2.3578e-01 2.0993e-10 4.8085e-10
9980   2.3578e-01 2.2835e-10 4.6078e-10
9981   2.3578e-01 2.4608e-10 4.4010e-10
9982   2.3578e-01 2.6294e-10 4.1803e-10
9983   2.3578e-01 2.7941e-10 3.9464e-10
9984   2.3578e-01 2.9505e-10 3.7001e-10
9985   2.3578e-01 3.0967e-10 3.4422e-10
9986   2.3578e-01 3.2324e-10 3.1737e-10
9987   2.3578e-01 3.3575e-10 2.8954e-10
9988   2.3578e-01 3.4756e-10 2.6083e-10
9989   2.3578e-01 3.5820e-10 2.3155e-10
9990   2.3578e-01 3.6762e-10 2.0168e-10
9991   2.3578e-01 3.7652e-10 1.7123e-10
9992   2.3578e-01 3.8767e-10 1.4029e-10
9993   2.3578e-01 3.9754e-10 1.4799e-10
9994   2.3578e-01 4.0604e-10 1.6989e-10
9995   2.3578e-01 4.1322e-10 1.9161e-10
9996   2.3578e-01 4.1898e-10 2.1265e-10
9997   2.3578e-01 4.2338e-10 2.3294e-10
9998   2.3578e-01 4.2634e-10 2.5241e-10
9999   2.3578e-01 4.2792e-10 2.7678e-10
10000  2.3578e-01 4.2805e-10 3.0497e-10
10001  2.3578e-01 4.2680e-10 3.3209e-10
10002  2.3578e-01 4.2412e-10 3.5804e-10
10003  2.3578e-01 4.2008e-10 3.8275e-10
10004  2.3578e-01 4.1463e-10 4.0636e-10
10005  2.3578e-01 4.0786e-10 4.2859e-10
10006  2.3578e-01 3.9973e-10 4.4936e-10
10007  2.3578e-01 3.9035e-10 4.6860e-10
10008  2.3578e-01 3.7966e-10 4.8624e-10
10009  2.3578e-01 3.6779e-10 5.0225e-10
10010  2.3578e-01 3.5470e-10 5.1656e-10
10011  2.3578e-01 3.4051e-10 5.2914e-10
10012  2.3578e-01 3.2521e-10 5.3994e-10
10013  2.3578e-01 3.0890e-10 5.4894e-10
10014  2.3578e-01 2.9182e-10 5.5612e-10
10015  2.3578e-01 2.7386e-10 5.6144e-10
10016  2.3578e-01 2.5728e-10 5.6491e-10
10017  2.3578e-01 2.4039e-10 5.6651e-10
10018  2.3578e-01 2.2313e-10 5.7015e-10
10019  2.3578e-01 2.0636e-10 5.7422e-10
10020  2.3578e-01 1.8913e-10 5.7639e-10
10021  2.3578e-01 1.7133e-10 5.7686e-10
10022  2.3578e-01 1.5301e-10 5.7544e-10
10023  2.3578e-01 1.3424e-10 5.7213e-10
10024  2.3578e-01 1.1534e-10 5.6788e-10
10025  2.3578e-01 9.6301e-11 5.6306e-10
10026  2.3578e-01 8.4587e-11 5.5675e-10
10027  2.3578e-01 9.0800e-11 5.4868e-10
10028  2.3578e-01 1.0233e-10 5.3883e-10
10029  2.3578e-01 1.1606e-10 5.2724e-10
10030  2.3578e-01 1.3074e-10 5.1394e-10
10031  2.3578e-01 1.4833e-10 4.9899e-10
10032  2.3578e-01 1.6599e-10 4.8244e-10
10033  2.3578e-01 1.8354e-10 4.6435e-10
10034  2.3578e-01 2.0057e-10 4.4478e-10
10035  2.3578e-01 2.1757e-10 4.2646e-10
10036  2.3578e-01 2.3381e-10 4.0687e-10
10037  2.3578e-01 2.4926e-10 3.8600e-10
10038  2.3578e-01 2.6443e-10 3.6392e-10
10039  2.3578e-01 2.7869e-10 3.4070e-10
10040  2.3578e-01 2.9199e-10 3.1642e-10
10041  2.3578e-01 3.0429e-10 2.9116e-10
10042  2.3578e-01 3.1570e-10 2.6501e-10
10043  2.3578e-01 3.2635e-10 2.3806e-10
10044  2.3578e-01 3.3591e-10 2.1063e-10
10045  2.3578e-01 3.4433e-10 1.8264e-10
10046  2.3578e-01 3.5368e-10 1.5413e-10
10047  2.3578e-01 3.6370e-10 1.2518e-10
10048  2.3578e-01 3.7252e-10 1.4299e-10
10049  2.3578e-01 3.8006e-10 1.6339e-10
10050  2.3578e-01 3.8637e-10 1.8352e-10
10051  2.3578e-01 3.9135e-10 2.0299e-10
10052  2.3578e-01 3.9507e-10 2.2174e-10
10053  2.3578e-01 3.9744e-10 2.3972e-10
10054  2.3578e-01 3.9853e-10 2.6474e-10
10055  2.3578e-01 3.9828e-10 2.9082e-10
10056  2.3578e-01 3.9674e-10 3.1587e-10
10057  2.3578e-01 3.9388e-10 3.3982e-10
10058  2.3578e-01 3.8975e-10 3.6262e-10
10059  2.3578e-01 3.8433e-10 3.8437e-10
10060  2.3578e-01 3.7768e-10 4.0480e-10
10061  2.3578e-01 3.6978e-10 4.2386e-10
10062  2.3578e-01 3.6071e-10 4.4147e-10
10063  2.3578e-01 3.5045e-10 4.5759e-10
10064  2.3578e-01 3.3910e-10 4.7217e-10
10065  2.3578e-01 3.2662e-10 4.8515e-10
10066  2.3578e-01 3.1314e-10 4.9651e-10
10067  2.3578e-01 2.9864e-10 5.0622e-10
10068  2.3578e-01 2.8322e-10 5.1423e-10
10069  2.3578e-01 2.6704e-10 5.2054e-10
10070  2.3578e-01 2.5012e-10 5.2512e-10
10071  2.3578e-01 2.3389e-10 5.2797e-10
10072  2.3578e-01 2.1800e-10 5.2907e-10
10073  2.3578e-01 2.0204e-10 5.3217e-10
10074  2.3578e-01 1.8637e-10 5.3556e-10
10075  2.3578e-01 1.7022e-10 5.3718e-10
10076  2.3578e-01 1.5354e-10 5.3722e-10
10077  2.3578e-01 1.3641e-10 5.3548e-10
10078  2.3578e-01 1.1887e-10 5.3199e-10
10079  2.3578e-01 1.0138e-10 5.2821e-10
10080  2.3578e-01 8.3624e-11 5.2335e-10
10081  2.3578e-01 8.0254e-11 5.1714e-10
10082  2.3578e-01 8.6474e-11 5.0924e-10
10083  2.3578e-01 9.8587e-11 4.9970e-10
10084  2.3578e-01 1.1168e-10 4.8853e-10
10085  2.3578e-01 1.2593e-10 4.7578e-10
10086  2.3578e-01 1.4219e-10 4.6151e-10
10087  2.3578e-01 1.5867e-10 4.4575e-10
10088  2.3578e-01 1.7481e-10 4.2857e-10
10089  2.3578e-01 1.9061e-10 4.1040e-10
10090  2.3578e-01 2.0621e-10 3.9311e-10
10091  2.3578e-01 2.2108e-10 3.7457e-10
10092  2.3578e-01 2.3533e-10 3.5485e-10
10093  2.3578e-01 2.4918e-10 3.3401e-10
10094  2.3578e-01 2.6217e-10 3.1213e-10
10095  2.3578e-01 2.7426e-10 2.8927e-10
10096  2.3578e-01 2.8541e-10 2.6553e-10
10097  2.3578e-01 2.9582e-10 2.4096e-10
10098  2.3578e-01 3.0542e-10 2.1572e-10
10099  2.3578e-01 3.1399e-10 1.9005e-10
10100  2.3578e-01 3.2150e-10 1.6383e-10
10101  2.3578e-01 3.3098e-10 1.3714e-10
10102  2.3578e-01 3.3997e-10 1.1794e-10
10103  2.3578e-01 3.4784e-10 1.3726e-10
10104  2.3578e-01 3.5452e-10 1.5625e-10
10105  2.3578e-01 3.6004e-10 1.7489e-10
10106  2.3578e-01 3.6433e-10 1.9290e-10
10107  2.3578e-01 3.6744e-10 2.1023e-10
10108  2.3578e-01 3.6930e-10 2.2683e-10
10109  2.3578e-01 3.6996e-10 2.5177e-10
10110  2.3578e-01 3.6938e-10 2.7589e-10
10111  2.3578e-01 3.6761e-10 2.9903e-10
10112  2.3578e-01 3.6460e-10 3.2113e-10
10113  2.3578e-01 3.6043e-10 3.4220e-10
10114  2.3578e-01 3.5505e-10 3.6221e-10
10115  2.3578e-01 3.4855e-10 3.8099e-10
10116  2.3578e-01 3.4089e-10 3.9846e-10
10117  2.3578e-01 3.3215e-10 4.1458e-10
10118  2.3578e-01 3.2231e-10 4.2930e-10
10119  2.3578e-01 3.1146e-10 4.4257e-10
10120  2.3578e-01 2.9959e-10 4.5434e-10
10121  2.3578e-01 2.8679e-10 4.6460e-10
10122  2.3578e-01 2.7305e-10 4.7330e-10
10123  2.3578e-01 2.5855e-10 4.8042e-10
10124  2.3578e-01 2.4335e-10 4.8595e-10
10125  2.3578e-01 2.2766e-10 4.8986e-10
10126  2.3578e-01 2.1338e-10 4.9215e-10
10127  2.3578e-01 1.9843e-10 4.9338e-10
10128  2.3578e-01 1.8391e-10 4.9747e-10
10129  2.3578e-01 1.6927e-10 5.0024e-10
10130  2.3578e-01 1.5413e-10 5.0144e-10
10131  2.3578e-01 1.3852e-10 5.0109e-10
10132  2.3578e-01 1.2249e-10 4.9909e-10
10133  2.3578e-01 1.0618e-10 4.9564e-10
10134  2.3578e-01 8.9883e-11 4.9234e-10
10135  2.3578e-01 7.3345e-11 4.8756e-10
10136  2.3578e-01 7.6252e-11 4.8142e-10
10137  2.3578e-01 8.3868e-11 4.7371e-10
10138  2.3578e-01 9.5135e-11 4.6447e-10
10139  2.3578e-01 1.0765e-10 4.5372e-10
10140  2.3578e-01 1.2187e-10 4.4151e-10
10141  2.3578e-01 1.3691e-10 4.2789e-10
10142  2.3578e-01 1.5228e-10 4.1289e-10
10143  2.3578e-01 1.6712e-10 3.9657e-10
10144  2.3578e-01 1.8183e-10 3.7996e-10
10145  2.3578e-01 1.9612e-10 3.6357e-10
10146  2.3578e-01 2.0974e-10 3.4603e-10
10147  2.3578e-01 2.2289e-10 3.2740e-10
10148  2.3578e-01 2.3553e-10 3.0774e-10
10149  2.3578e-01 2.4736e-10 2.8712e-10
10150  2.3578e-01 2.5833e-10 2.6561e-10
10151  2.3578e-01 2.6844e-10 2.4329e-10
10152  2.3578e-01 2.7790e-10 2.2022e-10
10153  2.3578e-01 2.8654e-10 1.9656e-10
10154  2.3578e-01 2.9422e-10 1.7250e-10
10155  2.3578e-01 3.0152e-10 1.4794e-10
10156  2.3578e-01 3.1065e-10 1.2295e-10
10157  2.3578e-01 3.1870e-10 1.1434e-10
10158  2.3578e-01 3.2572e-10 1.3226e-10
10159  2.3578e-01 3.3161e-10 1.4995e-10
10160  2.3578e-01 3.3642e-10 1.6720e-10
10161  2.3578e-01 3.4009e-10 1.8386e-10
10162  2.3578e-01 3.4265e-10 1.9988e-10
10163  2.3578e-01 3.4405e-10 2.1729e-10
10164  2.3578e-01 3.4435e-10 2.4043e-10
10165  2.3578e-01 3.4348e-10 2.6272e-10
10166  2.3578e-01 3.4151e-10 2.8409e-10
10167  2.3578e-01 3.3840e-10 3.0447e-10
10168  2.3578e-01 3.3420e-10 3.2391e-10
10169  2.3578e-01 3.2890e-10 3.4232e-10
10170  2.3578e-01 3.2255e-10 3.5956e-10
10171  2.3578e-01 3.1513e-10 3.7558e-10
10172  2.3578e-01 3.0671e-10 3.9033e-10
10173  2.3578e-01 2.9729e-10 4.0375e-10
10174  2.3578e-01 2.8694e-10 4.1581e-10
10175  2.3578e-01 2.7564e-10 4.2648e-10
10176  2.3578e-01 2.6350e-10 4.3572e-10
10177  2.3578e-01 2.5049e-10 4.4351e-10
10178  2.3578e-01 2.3676e-10 4.4982e-10
10179  2.3578e-01 2.2242e-10 4.5463e-10
10180  2.3578e-01 2.0741e-10 4.5794e-10
10181  2.3578e-01 1.9374e-10 4.5974e-10
10182  2.3578e-01 1.7972e-10 4.6141e-10
10183  2.3578e-01 1.6634e-10 4.6417e-10
10184  2.3578e-01 1.5261e-10 4.6640e-10
10185  2.3578e-01 1.3842e-10 4.6717e-10
10186  2.3578e-01 1.2381e-10 4.6649e-10
10187  2.3578e-01 1.0883e-10 4.6427e-10
10188  2.3578e-01 9.3724e-11 4.6121e-10
10189  2.3578e-01 7.8519e-11 4.5780e-10
10190  2.3578e-01 6.7772e-11 4.5307e-10
10191  2.3578e-01 7.2493e-11 4.4702e-10
10192  2.3578e-01 8.0999e-11 4.3951e-10
10193  2.3578e-01 9.1765e-11 4.3058e-10
10194  2.3578e-01 1.0330e-10 4.2025e-10
10195  2.3578e-01 1.1709e-10 4.0857e-10
10196  2.3578e-01 1.3113e-10 3.9558e-10
10197  2.3578e-01 1.4527e-10 3.8132e-10
10198  2.3578e-01 1.5890e-10 3.6584e-10
10199  2.3578e-01 1.7255e-10 3.5050e-10
10200  2.3578e-01 1.8565e-10 3.3497e-10
10201  2.3578e-01 1.9811e-10 3.1838e-10
10202  2.3578e-01 2.1023e-10 3.0079e-10
10203  2.3578e-01 2.2175e-10 2.8225e-10
10204  2.3578e-01 2.3252e-10 2.6283e-10
10205  2.3578e-01 2.4248e-10 2.4260e-10
10206  2.3578e-01 2.5162e-10 2.2162e-10
10207  2.3578e-01 2.6024e-10 1.9996e-10
10208  2.3578e-01 2.6801e-10 1.7784e-10
10209  2.3578e-01 2.7487e-10 1.5530e-10
10210  2.3578e-01 2.8235e-10 1.3230e-10
10211  2.3578e-01 2.9056e-10 1.0892e-10
10212  2.3578e-01 2.9777e-10 1.1010e-10
10213  2.3578e-01 3.0400e-10 1.2671e-10
10214  2.3578e-01 3.0918e-10 1.4318e-10
10215  2.3578e-01 3.1336e-10 1.5915e-10
10216  2.3578e-01 3.1647e-10 1.7456e-10
10217  2.3578e-01 3.1856e-10 1.8935e-10
10218  2.3578e-01 3.1956e-10 2.0701e-10
10219  2.3578e-01 3.1953e-10 2.2842e-10
10220  2.3578e-01 3.1843e-10 2.4902e-10
10221  2.3578e-01 3.1630e-10 2.6875e-10
10222  2.3578e-01 3.1311e-10 2.8755e-10
10223  2.3578e-01 3.0892e-10 3.0549e-10
10224  2.3578e-01 3.0370e-10 3.2242e-10
10225  2.3578e-01 2.9752e-10 3.3825e-10
10226  2.3578e-01 2.9035e-10 3.5293e-10
10227  2.3578e-01 2.8227e-10 3.6641e-10
10228  2.3578e-01 2.7325e-10 3.7865e-10
10229  2.3578e-01 2.6338e-10 3.8961e-10
10230  2.3578e-01 2.5265e-10 3.9926e-10
10231  2.3578e-01 2.4113e-10 4.0758e-10
10232  2.3578e-01 2.2883e-10 4.1453e-10
10233  2.3578e-01 2.1598e-10 4.2011e-10
10234  2.3578e-01 2.0247e-10 4.2429e-10
10235  2.3578e-01 1.8915e-10 4.2706e-10
10236  2.3578e-01 1.7650e-10 4.2842e-10
10237  2.3578e-01 1.6373e-10 4.3052e-10
10238  2.3578e-01 1.5122e-10 4.3369e-10
10239  2.3578e-01 1.3834e-10 4.3544e-10
10240  2.3578e-01 1.2505e-10 4.3588e-10
10241  2.3578e-01 1.1137e-10 4.3491e-10
10242  2.3578e-01 9.7371e-11 4.3251e-10
10243  2.3578e-01 8.3361e-11 4.3000e-10
10244  2.3578e-01 6.9179e-11 4.2651e-10
10245  2.3578e-01 6.4092e-11 4.2189e-10
10246  2.3578e-01 6.8785e-11 4.1594e-10
10247  2.3578e-01 7.8261e-11 4.0864e-10
10248  2.3578e-01 8.8646e-11 4.0002e-10
10249  2.3578e-01 9.9801e-11 3.9010e-10
10250  2.3578e-01 1.1291e-10 3.7893e-10
10251  2.3578e-01 1.2607e-10 3.6655e-10
10252  2.3578e-01 1.3908e-10 3.5299e-10
10253  2.3578e-01 1.5171e-10 3.3830e-10
10254  2.3578e-01 1.6429e-10 3.2428e-10
10255  2.3578e-01 1.7629e-10 3.0958e-10
10256  2.3578e-01 1.8768e-10 2.9389e-10
10257  2.3578e-01 1.9886e-10 2.7728e-10
10258  2.3578e-01 2.0936e-10 2.5981e-10
10259  2.3578e-01 2.1915e-10 2.4152e-10
10260  2.3578e-01 2.2818e-10 2.2249e-10
10261  2.3578e-01 2.3649e-10 2.0278e-10
10262  2.3578e-01 2.4428e-10 1.8245e-10
10263  2.3578e-01 2.5125e-10 1.6174e-10
10264  2.3578e-01 2.5738e-10 1.4061e-10
10265  2.3578e-01 2.6513e-10 1.1907e-10
10266  2.3578e-01 2.7250e-10 9.7199e-11
10267  2.3578e-01 2.7894e-10 1.0641e-10
10268  2.3578e-01 2.8446e-10 1.2186e-10
10269  2.3578e-01 2.8901e-10 1.3713e-10
10270  2.3578e-01 2.9261e-10 1.5191e-10
10271  2.3578e-01 2.9523e-10 1.6616e-10
10272  2.3578e-01 2.9688e-10 1.7982e-10
10273  2.3578e-01 2.9753e-10 1.9800e-10
10274  2.3578e-01 2.9723e-10 2.1780e-10
10275  2.3578e-01 2.9592e-10 2.3683e-10
10276  2.3578e-01 2.9366e-10 2.5504e-10
10277  2.3578e-01 2.9043e-10 2.7236e-10
10278  2.3578e-01 2.8626e-10 2.8891e-10
10279  2.3578e-01 2.8115e-10 3.0448e-10
10280  2.3578e-01 2.7514e-10 3.1900e-10
10281  2.3578e-01 2.6823e-10 3.3244e-10
10282  2.3578e-01 2.6047e-10 3.4475e-10
10283  2.3578e-01 2.5185e-10 3.5590e-10
10284  2.3578e-01 2.4245e-10 3.6585e-10
10285  2.3578e-01 2.3225e-10 3.7457e-10
10286  2.3578e-01 2.2134e-10 3.8204e-10
10287  2.3578e-01 2.0971e-10 3.8824e-10
10288  2.3578e-01 1.9756e-10 3.9315e-10
10289  2.3578e-01 1.8482e-10 3.9675e-10
10290  2.3578e-01 1.7194e-10 3.9904e-10
10291  2.3578e-01 1.6004e-10 4.0002e-10
10292  2.3578e-01 1.4824e-10 4.0213e-10
10293  2.3578e-01 1.3656e-10 4.0451e-10
10294  2.3578e-01 1.2448e-10 4.0583e-10
10295  2.3578e-01 1.1203e-10 4.0595e-10
10296  2.3578e-01 9.9242e-11 4.0473e-10
10297  2.3578e-01 8.6209e-11 4.0224e-10
10298  2.3578e-01 7.3192e-11 4.0000e-10
10299  2.3578e-01 5.9968e-11 3.9647e-10
10300  2.3578e-01 6.0835e-11 3.9192e-10
10301  2.3578e-01 6.6315e-11 3.8609e-10
10302  2.3578e-01 7.5341e-11 3.7900e-10
10303  2.3578e-01 8.5244e-11 3.7069e-10
10304  2.3578e-01 9.6121e-11 3.6119e-10
10305  2.3578e-01 1.0820e-10 3.5052e-10
10306  2.3578e-01 1.2048e-10 3.3872e-10
10307  2.3578e-01 1.3243e-10 3.2584e-10
10308  2.3578e-01 1.4416e-10 3.1196e-10
10309  2.3578e-01 1.5569e-10 2.9899e-10
10310  2.3578e-01 1.6668e-10 2.8507e-10
10311  2.3578e-01 1.7718e-10 2.7025e-10
10312  2.3578e-01 1.8740e-10 2.5458e-10
10313  2.3578e-01 1.9696e-10 2.3810e-10
10314  2.3578e-01 2.0585e-10 2.2089e-10
10315  2.3578e-01 2.1404e-10 2.0300e-10
10316  2.3578e-01 2.2160e-10 1.8448e-10
10317  2.3578e-01 2.2863e-10 1.6541e-10
10318  2.3578e-01 2.3487e-10 1.4605e-10
10319  2.3578e-01 2.4071e-10 1.2626e-10
10320  2.3578e-01 2.4814e-10 1.0610e-10
10321  2.3578e-01 2.5475e-10 8.7582e-11
10322  2.3578e-01 2.6049e-10 1.0223e-10
10323  2.3578e-01 2.6537e-10 1.1662e-10
10324  2.3578e-01 2.6934e-10 1.3076e-10
10325  2.3578e-01 2.7244e-10 1.4443e-10
10326  2.3578e-01 2.7461e-10 1.5760e-10
10327  2.3578e-01 2.7589e-10 1.7021e-10
10328  2.3578e-01 2.7623e-10 1.8840e-10
10329  2.3578e-01 2.7569e-10 2.0671e-10
10330  2.3578e-01 2.7421e-10 2.2430e-10
10331  2.3578e-01 2.7186e-10 2.4110e-10
10332  2.3578e-01 2.6860e-10 2.5710e-10
10333  2.3578e-01 2.6448e-10 2.7234e-10
10334  2.3578e-01 2.5949e-10 2.8663e-10
10335  2.3578e-01 2.5367e-10 2.9995e-10
10336  2.3578e-01 2.4700e-10 3.1225e-10
10337  2.3578e-01 2.3957e-10 3.2349e-10
10338  2.3578e-01 2.3134e-10 3.3364e-10
10339  2.3578e-01 2.2239e-10 3.4267e-10
10340  2.3578e-01 2.1272e-10 3.5055e-10
10341  2.3578e-01 2.0239e-10 3.5725e-10
10342  2.3578e-01 1.9144e-10 3.6276e-10
10343  2.3578e-01 1.8003e-10 3.6707e-10
10344  2.3578e-01 1.6803e-10 3.7015e-10
10345  2.3578e-01 1.5677e-10 3.7202e-10
10346  2.3578e-01 1.4558e-10 3.7281e-10
10347  2.3578e-01 1.3486e-10 3.7560e-10
10348  2.3578e-01 1.2392e-10 3.7778e-10
10349  2.3578e-01 1.1260e-10 3.7876e-10
10350  2.3578e-01 1.0094e-10 3.7858e-10
10351  2.3578e-01 8.8986e-11 3.7716e-10
10352  2.3578e-01 7.6890e-11 3.7512e-10
10353  2.3578e-01 6.4743e-11 3.7276e-10
10354  2.3578e-01 5.4197e-11 3.6927e-10
10355  2.3578e-01 5.7785e-11 3.6476e-10
10356  2.3578e-01 6.4231e-11 3.5907e-10
10357  2.3578e-01 7.2769e-11 3.5220e-10
10358  2.3578e-01 8.2079e-11 3.4420e-10
10359  2.3578e-01 9.2893e-11 3.3509e-10
10360  2.3578e-01 1.0412e-10 3.2490e-10
10361  2.3578e-01 1.1552e-10 3.1367e-10
10362  2.3578e-01 1.2651e-10 3.0144e-10
10363  2.3578e-01 1.3741e-10 2.8874e-10
10364  2.3578e-01 1.4799e-10 2.7645e-10
10365  2.3578e-01 1.5804e-10 2.6327e-10
10366  2.3578e-01 1.6773e-10 2.4927e-10
10367  2.3578e-01 1.7705e-10 2.3448e-10
10368  2.3578e-01 1.8575e-10 2.1896e-10
10369  2.3578e-01 1.9382e-10 2.0276e-10
10370  2.3578e-01 2.0123e-10 1.8594e-10
10371  2.3578e-01 2.0812e-10 1.6855e-10
10372  2.3578e-01 2.1443e-10 1.5069e-10
10373  2.3578e-01 2.2002e-10 1.3254e-10
10374  2.3578e-01 2.2614e-10 1.1400e-10
10375  2.3578e-01 2.3282e-10 9.5128e-11
10376  2.3578e-01 2.3874e-10 8.4945e-11
10377  2.3578e-01 2.4384e-10 9.8529e-11
10378  2.3578e-01 2.4814e-10 1.1193e-10
10379  2.3578e-01 2.5160e-10 1.2502e-10
10380  2.3578e-01 2.5424e-10 1.3767e-10
10381  2.3578e-01 2.5601e-10 1.4983e-10
10382  2.3578e-01 2.5696e-10 1.6235e-10
10383  2.3578e-01 2.5704e-10 1.7991e-10
10384  2.3578e-01 2.5629e-10 1.9683e-10
10385  2.3578e-01 2.5468e-10 2.1307e-10
10386  2.3578e-01 2.5226e-10 2.2856e-10
10387  2.3578e-01 2.4899e-10 2.4333e-10
10388  2.3578e-01 2.4493e-10 2.5734e-10
10389  2.3578e-01 2.4006e-10 2.7047e-10
10390  2.3578e-01 2.3443e-10 2.8268e-10
10391  2.3578e-01 2.2802e-10 2.9393e-10
10392  2.3578e-01 2.2090e-10 3.0419e-10
10393  2.3578e-01 2.1305e-10 3.1342e-10
10394  2.3578e-01 2.0455e-10 3.2159e-10
10395  2.3578e-01 1.9537e-10 3.2869e-10
10396  2.3578e-01 1.8559e-10 3.3470e-10
10397  2.3578e-01 1.7524e-10 3.3959e-10
10398  2.3578e-01 1.6447e-10 3.4335e-10
10399  2.3578e-01 1.5318e-10 3.4597e-10
10400  2.3578e-01 1.4232e-10 3.4745e-10
10401  2.3578e-01 1.3195e-10 3.4857e-10
10402  2.3578e-01 1.2197e-10 3.5047e-10
10403  2.3578e-01 1.1170e-10 3.5223e-10
10404  2.3578e-01 1.0110e-10 3.5290e-10
10405  2.3578e-01 9.0187e-11 3.5246e-10
10406  2.3578e-01 7.9009e-11 3.5086e-10
10407  2.3578e-01 6.7807e-11 3.4909e-10
10408  2.3578e-01 5.6476e-11 3.4664e-10
10409  2.3578e-01 5.1338e-11 3.4319e-10
10410  2.3578e-01 5.4912e-11 3.3873e-10
10411  2.3578e-01 6.1979e-11 3.3318e-10
10412  2.3578e-01 7.0138e-11 3.2654e-10
10413  2.3578e-01 7.8787e-11 3.1885e-10
10414  2.3578e-01 8.9207e-11 3.1013e-10
10415  2.3578e-01 9.9684e-11 3.0041e-10
10416  2.3578e-01 1.1017e-10 2.8973e-10
10417  2.3578e-01 1.2027e-10 2.7812e-10
10418  2.3578e-01 1.3038e-10 2.6641e-10
10419  2.3578e-01 1.4007e-10 2.5475e-10
10420  2.3578e-01 1.4927e-10 2.4229e-10
10421  2.3578e-01 1.5820e-10 2.2907e-10
10422  2.3578e-01 1.6669e-10 2.1512e-10
10423  2.3578e-01 1.7461e-10 2.0051e-10
10424  2.3578e-01 1.8193e-10 1.8527e-10
10425  2.3578e-01 1.8863e-10 1.6946e-10
10426  2.3578e-01 1.9490e-10 1.5313e-10
10427  2.3578e-01 2.0057e-10 1.3643e-10
10428  2.3578e-01 2.0557e-10 1.1942e-10
10429  2.3578e-01 2.1177e-10 1.0206e-10
10430  2.3578e-01 2.1778e-10 8.4406e-11
10431  2.3578e-01 2.2308e-10 8.1873e-11
10432  2.3578e-01 2.2760e-10 9.4468e-11
10433  2.3578e-01 2.3138e-10 1.0694e-10
10434  2.3578e-01 2.3438e-10 1.1906e-10
10435  2.3578e-01 2.3660e-10 1.3075e-10
10436  2.3578e-01 2.3803e-10 1.4199e-10
10437  2.3578e-01 2.3868e-10 1.5476e-10
10438  2.3578e-01 2.3853e-10 1.7100e-10
10439  2.3578e-01 2.3761e-10 1.8665e-10
10440  2.3578e-01 2.3590e-10 2.0164e-10
10441  2.3578e-01 2.3342e-10 2.1592e-10
10442  2.3578e-01 2.3017e-10 2.2956e-10
10443  2.3578e-01 2.2619e-10 2.4244e-10
10444  2.3578e-01 2.2145e-10 2.5450e-10
10445  2.3578e-01 2.1601e-10 2.6568e-10
10446  2.3578e-01 2.0986e-10 2.7597e-10
10447  2.3578e-01 2.0305e-10 2.8532e-10
10448  2.3578e-01 1.9558e-10 2.9371e-10
10449  2.3578e-01 1.8749e-10 3.0111e-10
10450  2.3578e-01 1.7879e-10 3.0750e-10
10451  2.3578e-01 1.6954e-10 3.1287e-10
10452  2.3578e-01 1.5985e-10 3.1719e-10
10453  2.3578e-01 1.4970e-10 3.2046e-10
10454  2.3578e-01 1.3908e-10 3.2267e-10
10455  2.3578e-01 1.2958e-10 3.2381e-10
10456  2.3578e-01 1.2012e-10 3.2505e-10
10457  2.3578e-01 1.1079e-10 3.2741e-10
10458  2.3578e-01 1.0117e-10 3.2880e-10
10459  2.3578e-01 9.1231e-11 3.2921e-10
10460  2.3578e-01 8.1024e-11 3.2854e-10
10461  2.3578e-01 7.0585e-11 3.2686e-10
10462  2.3578e-01 6.0187e-11 3.2540e-10
10463  2.3578e-01 4.9620e-11 3.2288e-10
10464  2.3578e-01 4.8542e-11 3.1950e-10
10465  2.3578e-01 5.2521e-11 3.1512e-10
10466  2.3578e-01 5.9817e-11 3.0971e-10
10467  2.3578e-01 6.7675e-11 3.0330e-10
10468  2.3578e-01 7.6192e-11 2.9591e-10
10469  2.3578e-01 8.5923e-11 2.8757e-10
10470  2.3578e-01 9.5741e-11 2.7830e-10
10471  2.3578e-01 1.0538e-10 2.6814e-10
10472  2.3578e-01 1.1476e-10 2.5713e-10
10473  2.3578e-01 1.2406e-10 2.4642e-10
10474  2.3578e-01 1.3293e-10 2.3538e-10
10475  2.3578e-01 1.4134e-10 2.2360e-10
10476  2.3578e-01 1.4958e-10 2.1111e-10
10477  2.3578e-01 1.5731e-10 1.9796e-10
10478  2.3578e-01 1.6451e-10 1.8420e-10
10479  2.3578e-01 1.7115e-10 1.6987e-10
10480  2.3578e-01 1.7720e-10 1.5501e-10
10481  2.3578e-01 1.8289e-10 1.3969e-10
10482  2.3578e-01 1.8798e-10 1.2405e-10
10483  2.3578e-01 1.9272e-10 1.0811e-10
10484  2.3578e-01 1.9879e-10 9.1854e-11
10485  2.3578e-01 2.0419e-10 7.5338e-11
10486  2.3578e-01 2.0891e-10 7.9153e-11
10487  2.3578e-01 2.1291e-10 9.0855e-11
10488  2.3578e-01 2.1622e-10 1.0243e-10
10489  2.3578e-01 2.1880e-10 1.1365e-10
10490  2.3578e-01 2.2066e-10 1.2446e-10
10491  2.3578e-01 2.2178e-10 1.3483e-10
10492  2.3578e-01 2.2218e-10 1.4802e-10
10493  2.3578e-01 2.2183e-10 1.6305e-10
10494  2.3578e-01 2.2076e-10 1.7750e-10
10495  2.3578e-01 2.1896e-10 1.9133e-10
10496  2.3578e-01 2.1646e-10 2.0450e-10
10497  2.3578e-01 2.1324e-10 2.1707e-10
10498  2.3578e-01 2.0933e-10 2.2892e-10
10499  2.3578e-01 2.0474e-10 2.3998e-10
10500  2.3578e-01 1.9950e-10 2.5022e-10
10501  2.3578e-01 1.9360e-10 2.5962e-10
10502  2.3578e-01 1.8709e-10 2.6813e-10
10503  2.3578e-01 1.7997e-10 2.7575e-10
10504  2.3578e-01 1.7229e-10 2.8244e-10
10505  2.3578e-01 1.6406e-10 2.8819e-10
10506  2.3578e-01 1.5532e-10 2.9297e-10
10507  2.3578e-01 1.4615e-10 2.9679e-10
10508  2.3578e-01 1.3659e-10 2.9961e-10
10509  2.3578e-01 1.2659e-10 3.0145e-10
10510  2.3578e-01 1.1748e-10 3.0229e-10
10511  2.3578e-01 1.0875e-10 3.0377e-10
10512  2.3578e-01 1.0003e-10 3.0540e-10
10513  2.3578e-01 9.1005e-11 3.0646e-10
10514  2.3578e-01 8.1703e-11 3.0661e-10
10515  2.3578e-01 7.2158e-11 3.0576e-10
10516  2.3578e-01 6.2484e-11 3.0431e-10
10517  2.3578e-01 5.2780e-11 3.0273e-10
10518  2.3578e-01 4.3384e-11 3.0016e-10
10519  2.3578e-01 4.6099e-11 2.9683e-10
10520  2.3578e-01 5.0810e-11 2.9253e-10
10521  2.3578e-01 5.7543e-11 2.8728e-10
10522  2.3578e-01 6.5036e-11 2.8110e-10
10523  2.3578e-01 7.3340e-11 2.7401e-10
10524  2.3578e-01 8.2305e-11 2.6603e-10
10525  2.3578e-01 9.1464e-11 2.5721e-10
10526  2.3578e-01 1.0033e-10 2.4756e-10
10527  2.3578e-01 1.0903e-10 2.3712e-10
10528  2.3578e-01 1.1756e-10 2.2724e-10
10529  2.3578e-01 1.2568e-10 2.1679e-10
10530  2.3578e-01 1.3342e-10 2.0566e-10
10531  2.3578e-01 1.4095e-10 1.9387e-10
10532  2.3578e-01 1.4799e-10 1.8148e-10
10533  2.3578e-01 1.5453e-10 1.6852e-10
10534  2.3578e-01 1.6054e-10 1.5505e-10
10535  2.3578e-01 1.6604e-10 1.4109e-10
10536  2.3578e-01 1.7118e-10 1.2671e-10
10537  2.3578e-01 1.7573e-10 1.1210e-10
10538  2.3578e-01 1.8059e-10 9.7168e-11
10539  2.3578e-01 1.8606e-10 8.1953e-11
10540  2.3578e-01 1.9090e-10 6.6506e-11
10541  2.3578e-01 1.9510e-10 7.6108e-11
10542  2.3578e-01 1.9864e-10 8.7002e-11
10543  2.3578e-01 2.0153e-10 9.7725e-11
10544  2.3578e-01 2.0373e-10 1.0810e-10
10545  2.3578e-01 2.0527e-10 1.1809e-10
10546  2.3578e-01 2.0611e-10 1.2767e-10
10547  2.3578e-01 2.0629e-10 1.4093e-10
10548  2.3578e-01 2.0577e-10 1.5482e-10
10549  2.3578e-01 2.0459e-10 1.6817e-10
10550  2.3578e-01 2.0272e-10 1.8093e-10
10551  2.3578e-01 2.0021e-10 1.9309e-10
10552  2.3578e-01 1.9703e-10 2.0467e-10
10553  2.3578e-01 1.9322e-10 2.1555e-10
10554  2.3578e-01 1.8877e-10 2.2569e-10
10555  2.3578e-01 1.8372e-10 2.3507e-10
10556  2.3578e-01 1.7807e-10 2.4365e-10
10557  2.3578e-01 1.7186e-10 2.5141e-10
10558  2.3578e-01 1.6509e-10 2.5832e-10
10559  2.3578e-01 1.5780e-10 2.6436e-10
10560  2.3578e-01 1.5001e-10 2.6952e-10
10561  2.3578e-01 1.4177e-10 2.7378e-10
10562  2.3578e-01 1.3317e-10 2.7713e-10
10563  2.3578e-01 1.2417e-10 2.7955e-10
10564  2.3578e-01 1.1517e-10 2.8106e-10
10565  2.3578e-01 1.0686e-10 2.8163e-10
10566  2.3578e-01 9.8883e-11 2.8346e-10
10567  2.3578e-01 9.0700e-11 2.8517e-10
10568  2.3578e-01 8.2239e-11 2.8597e-10
10569  2.3578e-01 7.3532e-11 2.8590e-10
10570  2.3578e-01 6.4606e-11 2.8488e-10
10571  2.3578e-01 5.5631e-11 2.8374e-10
10572  2.3578e-01 4.6576e-11 2.8206e-10
10573  2.3578e-01 4.1055e-11 2.7952e-10
10574  2.3578e-01 4.3776e-11 2.7621e-10
10575  2.3578e-01 4.9155e-11 2.7200e-10
10576  2.3578e-01 5.5626e-11 2.6691e-10
10577  2.3578e-01 6.2559e-11 2.6095e-10
10578  2.3578e-01 7.0789e-11 2.5416e-10
10579  2.3578e-01 7.9166e-11 2.4654e-10
10580  2.3578e-01 8.7619e-11 2.3814e-10
10581  2.3578e-01 9.5764e-11 2.2897e-10
10582  2.3578e-01 1.0385e-10 2.1928e-10
10583  2.3578e-01 1.1167e-10 2.1005e-10
10584  2.3578e-01 1.1910e-10 2.0016e-10
10585  2.3578e-01 1.2625e-10 1.8964e-10
10586  2.3578e-01 1.3311e-10 1.7852e-10
10587  2.3578e-01 1.3952e-10 1.6685e-10
10588  2.3578e-01 1.4545e-10 1.5465e-10
10589  2.3578e-01 1.5089e-10 1.4198e-10
10590  2.3578e-01 1.5589e-10 1.2888e-10
10591  2.3578e-01 1.6050e-10 1.1540e-10
10592  2.3578e-01 1.6457e-10 1.0171e-10
10593  2.3578e-01 1.6960e-10 8.7725e-11
10594  2.3578e-01 1.7453e-10 7.3485e-11
10595  2.3578e-01 1.7885e-10 6.3080e-11
10596  2.3578e-01 1.8259e-10 7.3373e-11
10597  2.3578e-01 1.8570e-10 8.3516e-11
10598  2.3578e-01 1.8820e-10 9.3443e-11
10599  2.3578e-01 1.9007e-10 1.0304e-10
10600  2.3578e-01 1.9132e-10 1.1227e-10
10601  2.3578e-01 1.9192e-10 1.2125e-10
10602  2.3578e-01 1.9191e-10 1.3457e-10
10603  2.3578e-01 1.9124e-10 1.4741e-10
10604  2.3578e-01 1.8997e-10 1.5974e-10
10605  2.3578e-01 1.8806e-10 1.7151e-10
10606  2.3578e-01 1.8554e-10 1.8272e-10
10607  2.3578e-01 1.8241e-10 1.9338e-10
10608  2.3578e-01 1.7870e-10 2.0337e-10
10609  2.3578e-01 1.7440e-10 2.1267e-10
10610  2.3578e-01 1.6955e-10 2.2124e-10
10611  2.3578e-01 1.6415e-10 2.2907e-10
10612  2.3578e-01 1.5823e-10 2.3613e-10
10613  2.3578e-01 1.5180e-10 2.4239e-10
10614  2.3578e-01 1.4489e-10 2.4784e-10
10615  2.3578e-01 1.3753e-10 2.5246e-10
10616  2.3578e-01 1.2973e-10 2.5624e-10
10617  2.3578e-01 1.2161e-10 2.5917e-10
10618  2.3578e-01 1.1314e-10 2.6124e-10
10619  2.3578e-01 1.0454e-10 2.6245e-10
10620  2.3578e-01 9.6864e-11 2.6320e-10
10621  2.3578e-01 8.9412e-11 2.6451e-10
10622  2.3578e-01 8.1736e-11 2.6590e-10
10623  2.3578e-01 7.3810e-11 2.6645e-10
10624  2.3578e-01 6.5662e-11 2.6618e-10
10625  2.3578e-01 5.7319e-11 2.6503e-10
10626  2.3578e-01 4.9007e-11 2.6407e-10
10627  2.3578e-01 4.0562e-11 2.6232e-10
10628  2.3578e-01 3.8875e-11 2.5980e-10
10629  2.3578e-01 4.1582e-11 2.5652e-10
10630  2.3578e-01 4.7391e-11 2.5241e-10
10631  2.3578e-01 5.3575e-11 2.4749e-10
10632  2.3578e-01 6.0123e-11 2.4176e-10
10633  2.3578e-01 6.7947e-11 2.3525e-10
10634  2.3578e-01 7.5766e-11 2.2798e-10
10635  2.3578e-01 8.3542e-11 2.1999e-10
10636  2.3578e-01 9.1022e-11 2.1129e-10
10637  2.3578e-01 9.8527e-11 2.0235e-10
10638  2.3578e-01 1.0569e-10 1.9361e-10
10639  2.3578e-01 1.1249e-10 1.8425e-10
10640  2.3578e-01 1.1907e-10 1.7431e-10
10641  2.3578e-01 1.2532e-10 1.6383e-10
10642  2.3578e-01 1.3115e-10 1.5283e-10
10643  2.3578e-01 1.3653e-10 1.4136e-10
10644  2.3578e-01 1.4144e-10 1.2945e-10
10645  2.3578e-01 1.4600e-10 1.1715e-10
10646  2.3578e-01 1.5013e-10 1.0455e-10
10647  2.3578e-01 1.5389e-10 9.1719e-11
10648  2.3578e-01 1.5884e-10 7.8621e-11
10649  2.3578e-01 1.6326e-10 6.5297e-11
10650  2.3578e-01 1.6712e-10 6.0857e-11
10651  2.3578e-01 1.7044e-10 7.0400e-11
10652  2.3578e-01 1.7317e-10 7.9840e-11
10653  2.3578e-01 1.7533e-10 8.9028e-11
10654  2.3578e-01 1.7690e-10 9.7899e-11
10655  2.3578e-01 1.7789e-10 1.0643e-10
10656  2.3578e-01 1.7829e-10 1.1565e-10
10657  2.3578e-01 1.7810e-10 1.2797e-10
10658  2.3578e-01 1.7732e-10 1.3984e-10
10659  2.3578e-01 1.7597e-10 1.5122e-10
10660  2.3578e-01 1.7403e-10 1.6207e-10
10661  2.3578e-01 1.7153e-10 1.7243e-10
10662  2.3578e-01 1.6846e-10 1.8222e-10
10663  2.3578e-01 1.6486e-10 1.9140e-10
10664  2.3578e-01 1.6071e-10 1.9992e-10
10665  2.3578e-01 1.5606e-10 2.0776e-10
10666  2.3578e-01 1.5089e-10 2.1490e-10
10667  2.3578e-01 1.4525e-10 2.2131e-10
10668  2.3578e-01 1.3914e-10 2.2698e-10
10669  2.3578e-01 1.3260e-10 2.3189e-10
10670  2.3578e-01 1.2564e-10 2.3602e-10
10671  2.3578e-01 1.1832e-10 2.3937e-10
10672  2.3578e-01 1.1068e-10 2.4192e-10
10673  2.3578e-01 1.0271e-10 2.4367e-10
10674  2.3578e-01 9.5126e-11 2.4462e-10
10675  2.3578e-01 8.8123e-11 2.4547e-10
10676  2.3578e-01 8.1159e-11 2.4707e-10
10677  2.3578e-01 7.3959e-11 2.4817e-10
10678  2.3578e-01 6.6535e-11 2.4853e-10
10679  2.3578e-01 5.8914e-11 2.4808e-10
10680  2.3578e-01 5.1163e-11 2.4713e-10
10681  2.3578e-01 4.3409e-11 2.4611e-10
10682  2.3578e-01 3.5552e-11 2.4429e-10
10683  2.3578e-01 3.6751e-11 2.4182e-10
10684  2.3578e-01 4.0250e-11 2.3859e-10
10685  2.3578e-01 4.5690e-11 2.3459e-10
10686  2.3578e-01 5.1638e-11 2.2983e-10
10687  2.3578e-01 5.8146e-11 2.2432e-10
10688  2.3578e-01 6.5375e-11 2.1809e-10
10689  2.3578e-01 7.2699e-11 2.1116e-10
10690  2.3578e-01 7.9847e-11 2.0356e-10
10691  2.3578e-01 8.6805e-11 1.9530e-10
10692  2.3578e-01 9.3691e-11 1.8712e-10
10693  2.3578e-01 1.0025e-10 1.7884e-10
10694  2.3578e-01 1.0646e-10 1.6999e-10
10695  2.3578e-01 1.1253e-10 1.6061e-10
10696  2.3578e-01 1.1822e-10 1.5072e-10
10697  2.3578e-01 1.2352e-10 1.4037e-10
10698  2.3578e-01 1.2839e-10 1.2958e-10
10699  2.3578e-01 1.3283e-10 1.1839e-10
10700  2.3578e-01 1.3696e-10 1.0684e-10
10701  2.3578e-01 1.4067e-10 9.5046e-11
10702  2.3578e-01 1.4460e-10 8.3024e-11
10703  2.3578e-01 1.4906e-10 7.0760e-11
10704  2.3578e-01 1.5303e-10 5.8296e-11
10705  2.3578e-01 1.5647e-10 5.8857e-11
10706  2.3578e-01 1.5940e-10 6.7713e-11
10707  2.3578e-01 1.6178e-10 7.6488e-11
10708  2.3578e-01 1.6364e-10 8.4989e-11
10709  2.3578e-01 1.6494e-10 9.3189e-11
10710  2.3578e-01 1.6571e-10 1.0106e-10
10711  2.3578e-01 1.6592e-10 1.1062e-10
10712  2.3578e-01 1.6559e-10 1.2201e-10
10713  2.3578e-01 1.6471e-10 1.3298e-10
10714  2.3578e-01 1.6330e-10 1.4348e-10
10715  2.3578e-01 1.6134e-10 1.5348e-10
10716  2.3578e-01 1.5887e-10 1.6303e-10
10717  2.3578e-01 1.5587e-10 1.7204e-10
10718  2.3578e-01 1.5238e-10 1.8045e-10
10719  2.3578e-01 1.4838e-10 1.8826e-10
10720  2.3578e-01 1.4392e-10 1.9542e-10
10721  2.3578e-01 1.3899e-10 2.0192e-10
10722  2.3578e-01 1.3363e-10 2.0775e-10
10723  2.3578e-01 1.2784e-10 2.1288e-10
10724  2.3578e-01 1.2164e-10 2.1729e-10
10725  2.3578e-01 1.1507e-10 2.2098e-10
10726  2.3578e-01 1.0814e-10 2.2393e-10
10727  2.3578e-01 1.0094e-10 2.2615e-10
10728  2.3578e-01 9.3441e-11 2.2761e-10
10729  2.3578e-01 8.6220e-11 2.2832e-10
10730  2.3578e-01 7.9783e-11 2.2935e-10
10731  2.3578e-01 7.3258e-11 2.3046e-10
10732  2.3578e-01 6.6509e-11 2.3131e-10
10733  2.3578e-01 5.9559e-11 2.3148e-10
10734  2.3578e-01 5.2431e-11 2.3089e-10
10735  2.3578e-01 4.5250e-11 2.3009e-10
10736  2.3578e-01 3.8014e-11 2.2898e-10
10737  2.3578e-01 3.2856e-11 2.2712e-10
10738  2.3578e-01 3.4921e-11 2.2468e-10
10739  2.3578e-01 3.8902e-11 2.2151e-10
10740  2.3578e-01 4.3993e-11 2.1762e-10
10741  2.3578e-01 4.9593e-11 2.1302e-10
10742  2.3578e-01 5.5936e-11 2.0773e-10
10743  2.3578e-01 6.2610e-11 2.0178e-10
10744  2.3578e-01 6.9428e-11 1.9518e-10
10745  2.3578e-01 7.5998e-11 1.8795e-10
10746  2.3578e-01 8.2455e-11 1.8012e-10
10747  2.3578e-01 8.8768e-11 1.7259e-10
10748  2.3578e-01 9.4770e-11 1.6475e-10
10749  2.3578e-01 1.0048e-10 1.5638e-10
10750  2.3578e-01 1.0603e-10 1.4753e-10
10751  2.3578e-01 1.1121e-10 1.3821e-10
10752  2.3578e-01 1.1602e-10 1.2846e-10
10753  2.3578e-01 1.2043e-10 1.1832e-10
10754  2.3578e-01 1.2444e-10 1.0781e-10
10755  2.3578e-01 1.2819e-10 9.6970e-11
10756  2.3578e-01 1.3150e-10 8.5946e-11
10757  2.3578e-01 1.3551e-10 7.4683e-11
10758  2.3578e-01 1.3952e-10 6.3205e-11
10759  2.3578e-01 1.4307e-10 5.1548e-11
10760  2.3578e-01 1.4614e-10 5.6639e-11
10761  2.3578e-01 1.4872e-10 6.4883e-11
10762  2.3578e-01 1.5079e-10 7.3009e-11
10763  2.3578e-01 1.5237e-10 8.0873e-11
10764  2.3578e-01 1.5344e-10 8.8452e-11
10765  2.3578e-01 1.5401e-10 9.5720e-11
10766  2.3578e-01 1.5406e-10 1.0537e-10
10767  2.3578e-01 1.5361e-10 1.1591e-10
10768  2.3578e-01 1.5265e-10 1.2604e-10
10769  2.3578e-01 1.5119e-10 1.3572e-10
10770  2.3578e-01 1.4923e-10 1.4495e-10
10771  2.3578e-01 1.4680e-10 1.5375e-10
10772  2.3578e-01 1.4388e-10 1.6202e-10
10773  2.3578e-01 1.4050e-10 1.6974e-10
10774  2.3578e-01 1.3666e-10 1.7689e-10
10775  2.3578e-01 1.3238e-10 1.8343e-10
10776  2.3578e-01 1.2769e-10 1.8935e-10
10777  2.3578e-01 1.2258e-10 1.9464e-10
10778  2.3578e-01 1.1709e-10 1.9927e-10
10779  2.3578e-01 1.1123e-10 2.0323e-10
10780  2.3578e-01 1.0502e-10 2.0652e-10
10781  2.3578e-01 9.8527e-11 2.0912e-10
10782  2.3578e-01 9.1753e-11 2.1102e-10
10783  2.3578e-01 8.4701e-11 2.1223e-10
10784  2.3578e-01 7.8448e-11 2.1273e-10
10785  2.3578e-01 7.2493e-11 2.1383e-10
10786  2.3578e-01 6.6369e-11 2.1517e-10
10787  2.3578e-01 6.0044e-11 2.1582e-10
10788  2.3578e-01 5.3539e-11 2.1581e-10
10789  2.3578e-01 4.6875e-11 2.1509e-10
10790  2.3578e-01 4.0213e-11 2.1451e-10
10791  2.3578e-01 3.3462e-11 2.1331e-10
10792  2.3578e-01 3.1086e-11 2.1146e-10
10793  2.3578e-01 3.3152e-11 2.0903e-10
10794  2.3578e-01 3.7591e-11 2.0593e-10
10795  2.3578e-01 4.2498e-11 2.0215e-10
10796  2.3578e-01 4.7691e-11 1.9772e-10
10797  2.3578e-01 5.3928e-11 1.9265e-10
10798  2.3578e-01 6.0182e-11 1.8696e-10
10799  2.3578e-01 6.6454e-11 1.8068e-10
10800  2.3578e-01 7.2489e-11 1.7381e-10
10801  2.3578e-01 7.8493e-11 1.6641e-10
10802  2.3578e-01 8.4277e-11 1.5950e-10
10803  2.3578e-01 8.9767e-11 1.5208e-10
10804  2.3578e-01 9.5032e-11 1.4418e-10
10805  2.3578e-01 1.0009e-10 1.3582e-10
10806  2.3578e-01 1.0481e-10 1.2704e-10
10807  2.3578e-01 1.0917e-10 1.1787e-10
10808  2.3578e-01 1.1315e-10 1.0833e-10
10809  2.3578e-01 1.1680e-10 9.8458e-11
10810  2.3578e-01 1.2016e-10 8.8292e-11
10811  2.3578e-01 1.2318e-10 7.7973e-11
10812  2.3578e-01 1.2723e-10 6.7425e-11
10813  2.3578e-01 1.3083e-10 5.6683e-11
10814  2.3578e-01 1.3401e-10 4.6826e-11
10815  2.3578e-01 1.3673e-10 5.4620e-11
10816  2.3578e-01 1.3899e-10 6.2295e-11
10817  2.3578e-01 1.4079e-10 6.9818e-11
10818  2.3578e-01 1.4213e-10 7.7091e-11
10819  2.3578e-01 1.4298e-10 8.4093e-11
10820  2.3578e-01 1.4338e-10 9.0800e-11
10821  2.3578e-01 1.4329e-10 1.0062e-10
10822  2.3578e-01 1.4274e-10 1.1036e-10
10823  2.3578e-01 1.4171e-10 1.1971e-10
10824  2.3578e-01 1.4022e-10 1.2865e-10
10825  2.3578e-01 1.3827e-10 1.3716e-10
10826  2.3578e-01 1.3588e-10 1.4526e-10
10827  2.3578e-01 1.3304e-10 1.5285e-10
10828  2.3578e-01 1.2977e-10 1.5993e-10
10829  2.3578e-01 1.2609e-10 1.6646e-10
10830  2.3578e-01 1.2201e-10 1.7243e-10
10831  2.3578e-01 1.1754e-10 1.7782e-10
10832  2.3578e-01 1.1269e-10 1.8261e-10
10833  2.3578e-01 1.0748e-10 1.8679e-10
10834  2.3578e-01 1.0193e-10 1.9034e-10
10835  2.3578e-01 9.6071e-11 1.9326e-10
10836  2.3578e-01 8.9934e-11 1.9554e-10
10837  2.3578e-01 8.3559e-11 1.9717e-10
10838  2.3578e-01 7.6932e-11 1.9815e-10
10839  2.3578e-01 7.1100e-11 1.9864e-10
10840  2.3578e-01 6.5535e-11 1.9970e-10
10841  2.3578e-01 5.9792e-11 2.0063e-10
10842  2.3578e-01 5.3867e-11 2.0110e-10
10843  2.3578e-01 4.7780e-11 2.0093e-10
10844  2.3578e-01 4.1578e-11 2.0026e-10
10845  2.3578e-01 3.5382e-11 1.9965e-10
10846  2.3578e-01 2.9089e-11 1.9839e-10
10847  2.3578e-01 2.9425e-11 1.9655e-10
10848  2.3578e-01 3.1815e-11 1.9415e-10
10849  2.3578e-01 3.6213e-11 1.9111e-10
10850  2.3578e-01 4.0901e-11 1.8745e-10
10851  2.3578e-01 4.5907e-11 1.8319e-10
10852  2.3578e-01 5.1736e-11 1.7833e-10
10853  2.3578e-01 5.7574e-11 1.7290e-10
10854  2.3578e-01 6.3342e-11 1.6692e-10
10855  2.3578e-01 6.8897e-11 1.6040e-10
10856  2.3578e-01 7.4454e-11 1.5359e-10
10857  2.3578e-01 7.9751e-11 1.4703e-10
10858  2.3578e-01 8.4771e-11 1.4001e-10
10859  2.3578e-01 8.9621e-11 1.3255e-10
10860  2.3578e-01 9.4231e-11 1.2467e-10
10861  2.3578e-01 9.8517e-11 1.1640e-10
10862  2.3578e-01 1.0247e-10 1.0776e-10
10863  2.3578e-01 1.0607e-10 9.8800e-11
10864  2.3578e-01 1.0938e-10 8.9535e-11
10865  2.3578e-01 1.1240e-10 8.0030e-11
10866  2.3578e-01 1.1551e-10 7.0360e-11
10867  2.3578e-01 1.1916e-10 6.0483e-11
10868  2.3578e-01 1.2239e-10 5.0432e-11
10869  2.3578e-01 1.2523e-10 4.5218e-11
10870  2.3578e-01 1.2763e-10 5.2444e-11
10871  2.3578e-01 1.2962e-10 5.9587e-11
10872  2.3578e-01 1.3117e-10 6.6549e-11
10873  2.3578e-01 1.3228e-10 7.3274e-11
10874  2.3578e-01 1.3296e-10 7.9741e-11
10875  2.3578e-01 1.3319e-10 8.6391e-11
10876  2.3578e-01 1.3299e-10 9.5731e-11
10877  2.3578e-01 1.3235e-10 1.0473e-10
10878  2.3578e-01 1.3127e-10 1.1336e-10
10879  2.3578e-01 1.2977e-10 1.2160e-10
10880  2.3578e-01 1.2783e-10 1.2946e-10
10881  2.3578e-01 1.2549e-10 1.3691e-10
10882  2.3578e-01 1.2274e-10 1.4388e-10
10883  2.3578e-01 1.1959e-10 1.5037e-10
10884  2.3578e-01 1.1606e-10 1.5634e-10
10885  2.3578e-01 1.1216e-10 1.6178e-10
10886  2.3578e-01 1.0790e-10 1.6668e-10
10887  2.3578e-01 1.0329e-10 1.7102e-10
10888  2.3578e-01 9.8365e-11 1.7479e-10
10889  2.3578e-01 9.3119e-11 1.7797e-10
10890  2.3578e-01 8.7587e-11 1.8055e-10
10891  2.3578e-01 8.1843e-11 1.8254e-10
10892  2.3578e-01 7.5845e-11 1.8392e-10
10893  2.3578e-01 6.9826e-11 1.8470e-10
10894  2.3578e-01 6.4645e-11 1.8528e-10
10895  2.3578e-01 5.9440e-11 1.8636e-10
10896  2.3578e-01 5.4055e-11 1.8723e-10
10897  2.3578e-01 4.8506e-11 1.8754e-10
10898  2.3578e-01 4.2813e-11 1.8725e-10
10899  2.3578e-01 3.7057e-11 1.8675e-10
10900  2.3578e-01 3.1273e-11 1.8605e-10
10901  2.3578e-01 2.6256e-11 1.8473e-10
10902  2.3578e-01 2.7823e-11 1.8292e-10
10903  2.3578e-01 3.0821e-11 1.8055e-10
10904  2.3578e-01 3.4879e-11 1.7759e-10
10905  2.3578e-01 3.9383e-11 1.7405e-10
10906  2.3578e-01 4.4358e-11 1.6995e-10
10907  2.3578e-01 4.9727e-11 1.6530e-10
10908  2.3578e-01 5.5194e-11 1.6012e-10
10909  2.3578e-01 6.0496e-11 1.5443e-10
10910  2.3578e-01 6.5663e-11 1.4824e-10
10911  2.3578e-01 7.0758e-11 1.4200e-10
10912  2.3578e-01 7.5608e-11 1.3579e-10
10913  2.3578e-01 8.0194e-11 1.2915e-10
10914  2.3578e-01 8.4664e-11 1.2210e-10
10915  2.3578e-01 8.8861e-11 1.1467e-10
10916  2.3578e-01 9.2753e-11 1.0689e-10
10917  2.3578e-01 9.6331e-11 9.8766e-11
10918  2.3578e-01 9.9581e-11 9.0343e-11
10919  2.3578e-01 1.0258e-10 8.1646e-11
10920  2.3578e-01 1.0529e-10 7.2749e-11
10921  2.3578e-01 1.0850e-10 6.3687e-11
10922  2.3578e-01 1.1179e-10 5.4440e-11
10923  2.3578e-01 1.1469e-10 4.5038e-11
10924  2.3578e-01 1.1721e-10 4.3750e-11
10925  2.3578e-01 1.1934e-10 5.0448e-11
10926  2.3578e-01 1.2107e-10 5.7095e-11
10927  2.3578e-01 1.2239e-10 6.3536e-11
10928  2.3578e-01 1.2331e-10 6.9752e-11
10929  2.3578e-01 1.2382e-10 7.5724e-11
10930  2.3578e-01 1.2393e-10 8.2640e-11
10931  2.3578e-01 1.2362e-10 9.1277e-11
10932  2.3578e-01 1.2291e-10 9.9592e-11
10933  2.3578e-01 1.2179e-10 1.0756e-10
10934  2.3578e-01 1.2028e-10 1.1515e-10
10935  2.3578e-01 1.1837e-10 1.2240e-10
10936  2.3578e-01 1.1609e-10 1.2924e-10
10937  2.3578e-01 1.1342e-10 1.3564e-10
10938  2.3578e-01 1.1040e-10 1.4158e-10
10939  2.3578e-01 1.0702e-10 1.4704e-10
10940  2.3578e-01 1.0329e-10 1.5200e-10
10941  2.3578e-01 9.9244e-11 1.5645e-10
10942  2.3578e-01 9.4871e-11 1.6037e-10
10943  2.3578e-01 9.0205e-11 1.6376e-10
10944  2.3578e-01 8.5248e-11 1.6660e-10
10945  2.3578e-01 8.0031e-11 1.6889e-10
10946  2.3578e-01 7.4606e-11 1.7061e-10
10947  2.3578e-01 6.8966e-11 1.7177e-10
10948  2.3578e-01 6.3282e-11 1.7237e-10
10949  2.3578e-01 5.8523e-11 1.7308e-10
10950  2.3578e-01 5.3638e-11 1.7384e-10
10951  2.3578e-01 4.8591e-11 1.7452e-10
10952  2.3578e-01 4.3396e-11 1.7468e-10
10953  2.3578e-01 3.8073e-11 1.7427e-10
10954  2.3578e-01 3.2740e-11 1.7388e-10
10955  2.3578e-01 2.7343e-11 1.7310e-10
10956  2.3578e-01 2.4873e-11 1.7175e-10
10957  2.3578e-01 2.6446e-11 1.6997e-10
10958  2.3578e-01 2.9762e-11 1.6763e-10
10959  2.3578e-01 3.3628e-11 1.6475e-10
10960  2.3578e-01 3.7799e-11 1.6133e-10
10961  2.3578e-01 4.2646e-11 1.5739e-10
10962  2.3578e-01 4.7634e-11 1.5295e-10
10963  2.3578e-01 5.2692e-11 1.4801e-10
10964  2.3578e-01 5.7564e-11 1.4260e-10
10965  2.3578e-01 6.2359e-11 1.3674e-10
10966  2.3578e-01 6.7029e-11 1.3099e-10
10967  2.3578e-01 7.1466e-11 1.2511e-10
10968  2.3578e-01 7.5677e-11 1.1883e-10
10969  2.3578e-01 7.9769e-11 1.1218e-10
10970  2.3578e-01 8.3588e-11 1.0518e-10
10971  2.3578e-01 8.7121e-11 9.7844e-11
10972  2.3578e-01 9.0358e-11 9.0209e-11
10973  2.3578e-01 9.3287e-11 8.2298e-11
10974  2.3578e-01 9.6011e-11 7.4136e-11
10975  2.3578e-01 9.8426e-11 6.5820e-11
10976  2.3578e-01 1.0168e-10 5.7332e-11
10977  2.3578e-01 1.0464e-10 4.8677e-11
10978  2.3578e-01 1.0723e-10 3.9883e-11
10979  2.3578e-01 1.0948e-10 4.2135e-11
10980  2.3578e-01 1.1135e-10 4.8370e-11
10981  2.3578e-01 1.1285e-10 5.4525e-11
10982  2.3578e-01 1.1397e-10 6.0483e-11
10983  2.3578e-01 1.1472e-10 6.6228e-11
10984  2.3578e-01 1.1508e-10 7.1740e-11
10985  2.3578e-01 1.1507e-10 7.8758e-11
10986  2.3578e-01 1.1468e-10 8.6743e-11
10987  2.3578e-01 1.1391e-10 9.4424e-11
10988  2.3578e-01 1.1277e-10 1.0177e-10
10989  2.3578e-01 1.1126e-10 1.0877e-10
10990  2.3578e-01 1.0938e-10 1.1545e-10
10991  2.3578e-01 1.0716e-10 1.2174e-10
10992  2.3578e-01 1.0458e-10 1.2761e-10
10993  2.3578e-01 1.0167e-10 1.3305e-10
10994  2.3578e-01 9.8443e-11 1.3803e-10
10995  2.3578e-01 9.4890e-11 1.4255e-10
10996  2.3578e-01 9.1040e-11 1.4659e-10
10997  2.3578e-01 8.6894e-11 1.5014e-10
10998  2.3578e-01 8.2479e-11 1.5318e-10
10999  2.3578e-01 7.7798e-11 1.5571e-10
11000  2.3578e-01 7.2891e-11 1.5773e-10
11001  2.3578e-01 6.7804e-11 1.5922e-10
11002  2.3578e-01 6.2503e-11 1.6018e-10
11003  2.3578e-01 5.7587e-11 1.6061e-10
11004  2.3578e-01 5.3138e-11 1.6139e-10
11005  2.3578e-01 4.8555e-11 1.6228e-10
11006  2.3578e-01 4.3825e-11 1.6281e-10
11007  2.3578e-01 3.8963e-11 1.6284e-10
11008  2.3578e-01 3.3993e-11 1.6240e-10
11009  2.3578e-01 2.9041e-11 1.6208e-10
11010  2.3578e-01 2.4006e-11 1.6123e-10
11011  2.3578e-01 2.3529e-11 1.5989e-10
11012  2.3578e-01 2.5174e-11 1.5811e-10
11013  2.3578e-01 2.8728e-11 1.5582e-10
11014  2.3578e-01 3.2450e-11 1.5302e-10
11015  2.3578e-01 3.6382e-11 1.4972e-10
11016  2.3578e-01 4.1071e-11 1.4594e-10
11017  2.3578e-01 4.5743e-11 1.4170e-10
11018  2.3578e-01 5.0395e-11 1.3699e-10
11019  2.3578e-01 5.4869e-11 1.3185e-10
11020  2.3578e-01 5.9327e-11 1.2629e-10
11021  2.3578e-01 6.3605e-11 1.2103e-10
11022  2.3578e-01 6.7663e-11 1.1547e-10
11023  2.3578e-01 7.1546e-11 1.0953e-10
11024  2.3578e-01 7.5275e-11 1.0326e-10
11025  2.3578e-01 7.8747e-11 9.6658e-11
11026  2.3578e-01 8.1950e-11 8.9758e-11
11027  2.3578e-01 8.4874e-11 8.2580e-11
11028  2.3578e-01 8.7522e-11 7.5150e-11
11029  2.3578e-01 8.9979e-11 6.7492e-11
11030  2.3578e-01 9.2471e-11 5.9712e-11
11031  2.3578e-01 9.5442e-11 5.1761e-11
11032  2.3578e-01 9.8096e-11 4.3661e-11
11033  2.3578e-01 1.0042e-10 3.5439e-11
11034  2.3578e-01 1.0240e-10 4.0647e-11
11035  2.3578e-01 1.0404e-10 4.6452e-11
11036  2.3578e-01 1.0534e-10 5.2149e-11
11037  2.3578e-01 1.0628e-10 5.7659e-11
11038  2.3578e-01 1.0688e-10 6.2967e-11
11039  2.3578e-01 1.0712e-10 6.8053e-11
11040  2.3578e-01 1.0701e-10 7.5212e-11
11041  2.3578e-01 1.0654e-10 8.2593e-11
11042  2.3578e-01 1.0573e-10 8.9685e-11
11043  2.3578e-01 1.0456e-10 9.6463e-11
11044  2.3578e-01 1.0306e-10 1.0292e-10
11045  2.3578e-01 1.0123e-10 1.0907e-10
11046  2.3578e-01 9.9066e-11 1.1484e-10
11047  2.3578e-01 9.6590e-11 1.2022e-10
11048  2.3578e-01 9.3797e-11 1.2520e-10
11049  2.3578e-01 9.0708e-11 1.2975e-10
11050  2.3578e-01 8.7323e-11 1.3386e-10
11051  2.3578e-01 8.3666e-11 1.3752e-10
11052  2.3578e-01 7.9736e-11 1.4072e-10
11053  2.3578e-01 7.5561e-11 1.4345e-10
11054  2.3578e-01 7.1142e-11 1.4570e-10
11055  2.3578e-01 6.6508e-11 1.4747e-10
11056  2.3578e-01 6.1720e-11 1.4874e-10
11057  2.3578e-01 5.6739e-11 1.4953e-10
11058  2.3578e-01 5.2181e-11 1.4985e-10
11059  2.3578e-01 4.8025e-11 1.5070e-10
11060  2.3578e-01 4.3727e-11 1.5133e-10
11061  2.3578e-01 3.9297e-11 1.5170e-10
11062  2.3578e-01 3.4748e-11 1.5162e-10
11063  2.3578e-01 3.0140e-11 1.5127e-10
11064  2.3578e-01 2.5518e-11 1.5087e-10
11065  2.3578e-01 2.0994e-11 1.4996e-10
11066  2.3578e-01 2.2265e-11 1.4863e-10
11067  2.3578e-01 2.4373e-11 1.4686e-10
11068  2.3578e-01 2.7654e-11 1.4461e-10
11069  2.3578e-01 3.1208e-11 1.4190e-10
11070  2.3578e-01 3.5049e-11 1.3873e-10
11071  2.3578e-01 3.9381e-11 1.3511e-10
11072  2.3578e-01 4.3742e-11 1.3105e-10
11073  2.3578e-01 4.8020e-11 1.2657e-10
11074  2.3578e-01 5.2148e-11 1.2169e-10
11075  2.3578e-01 5.6262e-11 1.1650e-10
11076  2.3578e-01 6.0180e-11 1.1159e-10
11077  2.3578e-01 6.3889e-11 1.0632e-10
11078  2.3578e-01 6.7465e-11 1.0072e-10
11079  2.3578e-01 7.0862e-11 9.4796e-11
11080  2.3578e-01 7.4016e-11 8.8579e-11
11081  2.3578e-01 7.6918e-11 8.2087e-11
11082  2.3578e-01 7.9558e-11 7.5341e-11
11083  2.3578e-01 8.1962e-11 6.8366e-11
11084  2.3578e-01 8.4164e-11 6.1200e-11
11085  2.3578e-01 8.6710e-11 5.3914e-11
11086  2.3578e-01 8.9388e-11 4.6470e-11
11087  2.3578e-01 9.1769e-11 3.8891e-11
11088  2.3578e-01 9.3836e-11 3.3586e-11
11089  2.3578e-01 9.5595e-11 3.9055e-11
11090  2.3578e-01 9.7027e-11 4.4456e-11
11091  2.3578e-01 9.8142e-11 4.9729e-11
11092  2.3578e-01 9.8925e-11 5.4824e-11
11093  2.3578e-01 9.9386e-11 5.9726e-11
11094  2.3578e-01 9.9513e-11 6.4513e-11
11095  2.3578e-01 9.9317e-11 7.1588e-11
11096  2.3578e-01 9.8788e-11 7.8409e-11
11097  2.3578e-01 9.7941e-11 8.4955e-11
11098  2.3578e-01 9.6768e-11 9.1204e-11
11099  2.3578e-01 9.5285e-11 9.7164e-11
11100  2.3578e-01 9.3493e-11 1.0282e-10
11101  2.3578e-01 9.1397e-11 1.0812e-10
11102  2.3578e-01 8.9012e-11 1.1305e-10
11103  2.3578e-01 8.6334e-11 1.1760e-10
11104  2.3578e-01 8.3385e-11 1.2175e-10
11105  2.3578e-01 8.0163e-11 1.2549e-10
11106  2.3578e-01 7.6691e-11 1.2880e-10
11107  2.3578e-01 7.2970e-11 1.3169e-10
11108  2.3578e-01 6.9024e-11 1.3413e-10
11109  2.3578e-01 6.4855e-11 1.3613e-10
11110  2.3578e-01 6.0515e-11 1.3767e-10
11111  2.3578e-01 5.6013e-11 1.3876e-10
11112  2.3578e-01 5.1334e-11 1.3939e-10
11113  2.3578e-01 4.7423e-11 1.3978e-10
11114  2.3578e-01 4.3526e-11 1.4051e-10
11115  2.3578e-01 3.9496e-11 1.4120e-10
11116  2.3578e-01 3.5348e-11 1.4146e-10
11117  2.3578e-01 3.1094e-11 1.4127e-10
11118  2.3578e-01 2.6818e-11 1.4105e-10
11119  2.3578e-01 2.2504e-11 1.4057e-10
11120  2.3578e-01 1.9876e-11 1.3962e-10
11121  2.3578e-01 2.1072e-11 1.3830e-10
11122  2.3578e-01 2.3584e-11 1.3655e-10
11123  2.3578e-01 2.6652e-11 1.3436e-10
11124  2.3578e-01 3.0022e-11 1.3173e-10
11125  2.3578e-01 3.3827e-11 1.2868e-10
11126  2.3578e-01 3.7819e-11 1.2521e-10
11127  2.3578e-01 4.1899e-11 1.2134e-10
11128  2.3578e-01 4.5830e-11 1.1708e-10
11129  2.3578e-01 4.9669e-11 1.1245e-10
11130  2.3578e-01 5.3441e-11 1.0770e-10
11131  2.3578e-01 5.7026e-11 1.0304e-10
11132  2.3578e-01 6.0414e-11 9.8058e-11
11133  2.3578e-01 6.3709e-11 9.2766e-11
11134  2.3578e-01 6.6800e-11 8.7183e-11
11135  2.3578e-01 6.9664e-11 8.1328e-11
11136  2.3578e-01 7.2290e-11 7.5222e-11
11137  2.3578e-01 7.4671e-11 6.8883e-11
11138  2.3578e-01 7.6851e-11 6.2336e-11
11139  2.3578e-01 7.8819e-11 5.5628e-11
11140  2.3578e-01 8.1430e-11 4.8801e-11
11141  2.3578e-01 8.3840e-11 4.1831e-11
11142  2.3578e-01 8.5972e-11 3.4742e-11
11143  2.3578e-01 8.7812e-11 3.2510e-11
11144  2.3578e-01 8.9361e-11 3.7579e-11
11145  2.3578e-01 9.0608e-11 4.2605e-11
11146  2.3578e-01 9.1558e-11 4.7483e-11
11147  2.3578e-01 9.2199e-11 5.2193e-11
11148  2.3578e-01 9.2540e-11 5.6719e-11
11149  2.3578e-01 9.2571e-11 6.1719e-11
11150  2.3578e-01 9.2301e-11 6.8261e-11
11151  2.3578e-01 9.1724e-11 7.4563e-11
11152  2.3578e-01 9.0850e-11 8.0603e-11
11153  2.3578e-01 8.9678e-11 8.6363e-11
11154  2.3578e-01 8.8218e-11 9.1859e-11
11155  2.3578e-01 8.6475e-11 9.7055e-11
11156  2.3578e-01 8.4448e-11 1.0192e-10
11157  2.3578e-01 8.2153e-11 1.0644e-10
11158  2.3578e-01 7.9589e-11 1.1059e-10
11159  2.3578e-01 7.6775e-11 1.1437e-10
11160  2.3578e-01 7.3711e-11 1.1777e-10
11161  2.3578e-01 7.0416e-11 1.2077e-10
11162  2.3578e-01 6.6895e-11 1.2337e-10
11163  2.3578e-01 6.3167e-11 1.2555e-10
11164  2.3578e-01 5.9236e-11 1.2732e-10
11165  2.3578e-01 5.5140e-11 1.2866e-10
11166  2.3578e-01 5.0907e-11 1.2958e-10
11167  2.3578e-01 4.6514e-11 1.3007e-10
11168  2.3578e-01 4.2921e-11 1.3056e-10
11169  2.3578e-01 3.9264e-11 1.3110e-10
11170  2.3578e-01 3.5488e-11 1.3162e-10
11171  2.3578e-01 3.1605e-11 1.3177e-10
11172  2.3578e-01 2.7628e-11 1.3149e-10
11173  2.3578e-01 2.3666e-11 1.3134e-10
11174  2.3578e-01 1.9640e-11 1.3079e-10
11175  2.3578e-01 1.8823e-11 1.2982e-10
11176  2.3578e-01 2.0020e-11 1.2851e-10
11177  2.3578e-01 2.2753e-11 1.2679e-10
11178  2.3578e-01 2.5689e-11 1.2465e-10
11179  2.3578e-01 2.8797e-11 1.2212e-10
11180  2.3578e-01 3.2501e-11 1.1918e-10
11181  2.3578e-01 3.6230e-11 1.1587e-10
11182  2.3578e-01 3.9984e-11 1.1218e-10
11183  2.3578e-01 4.3596e-11 1.0813e-10
11184  2.3578e-01 4.7159e-11 1.0373e-10
11185  2.3578e-01 5.0615e-11 9.9354e-11
11186  2.3578e-01 5.3895e-11 9.4944e-11
11187  2.3578e-01 5.7002e-11 9.0234e-11
11188  2.3578e-01 6.0020e-11 8.5239e-11
11189  2.3578e-01 6.2832e-11 7.9977e-11
11190  2.3578e-01 6.5429e-11 7.4465e-11
11191  2.3578e-01 6.7804e-11 6.8723e-11
11192  2.3578e-01 6.9949e-11 6.2769e-11
11193  2.3578e-01 7.1925e-11 5.6625e-11
11194  2.3578e-01 7.3881e-11 5.0356e-11
11195  2.3578e-01 7.6309e-11 4.3960e-11
11196  2.3578e-01 7.8477e-11 3.7437e-11
11197  2.3578e-01 8.0383e-11 3.0807e-11
11198  2.3578e-01 8.2016e-11 3.1335e-11
11199  2.3578e-01 8.3378e-11 3.6049e-11
11200  2.3578e-01 8.4458e-11 4.0707e-11
11201  2.3578e-01 8.5260e-11 4.5219e-11
11202  2.3578e-01 8.5776e-11 4.9571e-11
11203  2.3578e-01 8.6012e-11 5.3749e-11
11204  2.3578e-01 8.5960e-11 5.8846e-11
11205  2.3578e-01 8.5628e-11 6.4895e-11
11206  2.3578e-01 8.5012e-11 7.0715e-11
11207  2.3578e-01 8.4120e-11 7.6288e-11
11208  2.3578e-01 8.2954e-11 8.1596e-11
11209  2.3578e-01 8.1520e-11 8.6665e-11
11210  2.3578e-01 7.9825e-11 9.1440e-11
11211  2.3578e-01 7.7868e-11 9.5901e-11
11212  2.3578e-01 7.5663e-11 1.0004e-10
11213  2.3578e-01 7.3211e-11 1.0383e-10
11214  2.3578e-01 7.0529e-11 1.0728e-10
11215  2.3578e-01 6.7616e-11 1.1036e-10
11216  2.3578e-01 6.4493e-11 1.1307e-10
11217  2.3578e-01 6.1162e-11 1.1540e-10
11218  2.3578e-01 5.7642e-11 1.1735e-10
11219  2.3578e-01 5.3938e-11 1.1891e-10
11220  2.3578e-01 5.0105e-11 1.2007e-10
11221  2.3578e-01 4.6126e-11 1.2084e-10
11222  2.3578e-01 4.2270e-11 1.2120e-10
11223  2.3578e-01 3.8945e-11 1.2175e-10
11224  2.3578e-01 3.5514e-11 1.2235e-10
11225  2.3578e-01 3.1976e-11 1.2277e-10
11226  2.3578e-01 2.8342e-11 1.2282e-10
11227  2.3578e-01 2.4648e-11 1.2261e-10
11228  2.3578e-01 2.0951e-11 1.2241e-10
11229  2.3578e-01 1.7209e-11 1.2181e-10
11230  2.3578e-01 1.7802e-11 1.2083e-10
11231  2.3578e-01 1.9289e-11 1.1953e-10
11232  2.3578e-01 2.1941e-11 1.1784e-10
11233  2.3578e-01 2.4764e-11 1.1576e-10
11234  2.3578e-01 2.7776e-11 1.1331e-10
11235  2.3578e-01 3.1269e-11 1.1050e-10
11236  2.3578e-01 3.4761e-11 1.0733e-10
11237  2.3578e-01 3.8213e-11 1.0381e-10
11238  2.3578e-01 4.1530e-11 9.9962e-11
11239  2.3578e-01 4.4840e-11 9.5796e-11
11240  2.3578e-01 4.8006e-11 9.1788e-11
11241  2.3578e-01 5.1004e-11 8.7614e-11
11242  2.3578e-01 5.3869e-11 8.3162e-11
11243  2.3578e-01 5.6618e-11 7.8448e-11
11244  2.3578e-01 5.9174e-11 7.3489e-11
11245  2.3578e-01 6.1527e-11 6.8302e-11
11246  2.3578e-01 6.3672e-11 6.2903e-11
11247  2.3578e-01 6.5602e-11 5.7312e-11
11248  2.3578e-01 6.7390e-11 5.1546e-11
11249  2.3578e-01 6.9418e-11 4.5682e-11
11250  2.3578e-01 7.1609e-11 3.9692e-11
11251  2.3578e-01 7.3553e-11 3.3587e-11
11252  2.3578e-01 7.5255e-11 2.7388e-11
11253  2.3578e-01 7.6700e-11 3.0240e-11
11254  2.3578e-01 7.7893e-11 3.4628e-11
11255  2.3578e-01 7.8823e-11 3.8939e-11
11256  2.3578e-01 7.9494e-11 4.3112e-11
11257  2.3578e-01 7.9898e-11 4.7133e-11
11258  2.3578e-01 8.0041e-11 5.0988e-11
11259  2.3578e-01 7.9917e-11 5.6203e-11
11260  2.3578e-01 7.9535e-11 6.1794e-11
11261  2.3578e-01 7.8887e-11 6.7167e-11
11262  2.3578e-01 7.7987e-11 7.2307e-11
11263  2.3578e-01 7.6836e-11 7.7201e-11
11264  2.3578e-01 7.5432e-11 8.1867e-11
11265  2.3578e-01 7.3787e-11 8.6252e-11
11266  2.3578e-01 7.1900e-11 9.0342e-11
11267  2.3578e-01 6.9785e-11 9.4125e-11
11268  2.3578e-01 6.7442e-11 9.7589e-11
11269  2.3578e-01 6.4887e-11 1.0072e-10
11270  2.3578e-01 6.2122e-11 1.0352e-10
11271  2.3578e-01 5.9162e-11 1.0597e-10
11272  2.3578e-01 5.6013e-11 1.0806e-10
11273  2.3578e-01 5.2691e-11 1.0979e-10
11274  2.3578e-01 4.9201e-11 1.1116e-10
11275  2.3578e-01 4.5588e-11 1.1216e-10
11276  2.3578e-01 4.1850e-11 1.1279e-10
11277  2.3578e-01 3.8296e-11 1.1305e-10
11278  2.3578e-01 3.5187e-11 1.1367e-10
11279  2.3578e-01 3.1970e-11 1.1409e-10
11280  2.3578e-01 2.8656e-11 1.1440e-10
11281  2.3578e-01 2.5257e-11 1.1436e-10
11282  2.3578e-01 2.1832e-11 1.1421e-10
11283  2.3578e-01 1.8382e-11 1.1394e-10
11284  2.3578e-01 1.5890e-11 1.1330e-10
11285  2.3578e-01 1.6841e-11 1.1232e-10
11286  2.3578e-01 1.8656e-11 1.1103e-10
11287  2.3578e-01 2.1105e-11 1.0937e-10
11288  2.3578e-01 2.3800e-11 1.0736e-10
11289  2.3578e-01 2.6748e-11 1.0500e-10
11290  2.3578e-01 2.9966e-11 1.0230e-10
11291  2.3578e-01 3.3226e-11 9.9269e-11
11292  2.3578e-01 3.6400e-11 9.5921e-11
11293  2.3578e-01 3.9469e-11 9.2267e-11
11294  2.3578e-01 4.2515e-11 8.8319e-11
11295  2.3578e-01 4.5413e-11 8.4633e-11
11296  2.3578e-01 4.8153e-11 8.0683e-11
11297  2.3578e-01 5.0791e-11 7.6478e-11
11298  2.3578e-01 5.3294e-11 7.2031e-11
11299  2.3578e-01 5.5615e-11 6.7360e-11
11300  2.3578e-01 5.7746e-11 6.2479e-11
11301  2.3578e-01 5.9681e-11 5.7405e-11
11302  2.3578e-01 6.1428e-11 5.2156e-11
11303  2.3578e-01 6.3033e-11 4.6755e-11
11304  2.3578e-01 6.5093e-11 4.1269e-11
11305  2.3578e-01 6.7066e-11 3.5660e-11
11306  2.3578e-01 6.8809e-11 2.9948e-11
11307  2.3578e-01 7.0325e-11 2.4938e-11
11308  2.3578e-01 7.1601e-11 2.9075e-11
11309  2.3578e-01 7.2641e-11 3.3158e-11
11310  2.3578e-01 7.3437e-11 3.7148e-11
11311  2.3578e-01 7.3991e-11 4.1006e-11
11312  2.3578e-01 7.4297e-11 4.4720e-11
11313  2.3578e-01 7.4360e-11 4.8276e-11
11314  2.3578e-01 7.4175e-11 5.3516e-11
11315  2.3578e-01 7.3750e-11 5.8683e-11
11316  2.3578e-01 7.3080e-11 6.3643e-11
11317  2.3578e-01 7.2176e-11 6.8381e-11
11318  2.3578e-01 7.1040e-11 7.2899e-11
11319  2.3578e-01 6.9669e-11 7.7189e-11
11320  2.3578e-01 6.8076e-11 8.1215e-11
11321  2.3578e-01 6.6259e-11 8.4963e-11
11322  2.3578e-01 6.4232e-11 8.8422e-11
11323  2.3578e-01 6.1996e-11 9.1582e-11
11324  2.3578e-01 5.9565e-11 9.4433e-11
11325  2.3578e-01 5.6941e-11 9.6965e-11
11326  2.3578e-01 5.4139e-11 9.9173e-11
11327  2.3578e-01 5.1163e-11 1.0105e-10
11328  2.3578e-01 4.8030e-11 1.0259e-10
11329  2.3578e-01 4.4749e-11 1.0379e-10
11330  2.3578e-01 4.1363e-11 1.0464e-10
11331  2.3578e-01 3.7853e-11 1.0515e-10
11332  2.3578e-01 3.4786e-11 1.0541e-10
11333  2.3578e-01 3.1867e-11 1.0596e-10
11334  2.3578e-01 2.8851e-11 1.0645e-10
11335  2.3578e-01 2.5748e-11 1.0666e-10
11336  2.3578e-01 2.2570e-11 1.0654e-10
11337  2.3578e-01 1.9393e-11 1.0648e-10
11338  2.3578e-01 1.6172e-11 1.0615e-10
11339  2.3578e-01 1.5041e-11 1.0547e-10
11340  2.3578e-01 1.5953e-11 1.0451e-10
11341  2.3578e-01 1.8033e-11 1.0322e-10
11342  2.3578e-01 2.0364e-11 1.0160e-10
11343  2.3578e-01 2.2875e-11 9.9654e-11
11344  2.3578e-01 2.5786e-11 9.7382e-11
11345  2.3578e-01 2.8772e-11 9.4795e-11
11346  2.3578e-01 3.1801e-11 9.1904e-11
11347  2.3578e-01 3.4717e-11 8.8719e-11
11348  2.3578e-01 3.7570e-11 8.5250e-11
11349  2.3578e-01 4.0362e-11 8.1628e-11
11350  2.3578e-01 4.3014e-11 7.8139e-11
11351  2.3578e-01 4.5517e-11 7.4402e-11
11352  2.3578e-01 4.7946e-11 7.0430e-11
11353  2.3578e-01 5.0223e-11 6.6237e-11
11354  2.3578e-01 5.2329e-11 6.1838e-11
11355  2.3578e-01 5.4256e-11 5.7247e-11
11356  2.3578e-01 5.6001e-11 5.2480e-11
11357  2.3578e-01 5.7583e-11 4.7552e-11
11358  2.3578e-01 5.9135e-11 4.2497e-11
11359  2.3578e-01 6.1113e-11 3.7356e-11
11360  2.3578e-01 6.2888e-11 3.2105e-11
11361  2.3578e-01 6.4448e-11 2.6763e-11
11362  2.3578e-01 6.5795e-11 2.4150e-11
11363  2.3578e-01 6.6919e-11 2.7985e-11
11364  2.3578e-01 6.7822e-11 3.1784e-11
11365  2.3578e-01 6.8496e-11 3.5476e-11
11366  2.3578e-01 6.8947e-11 3.9042e-11
11367  2.3578e-01 6.9166e-11 4.2470e-11
11368  2.3578e-01 6.9160e-11 4.6081e-11
11369  2.3578e-01 6.8923e-11 5.1033e-11
11370  2.3578e-01 6.8463e-11 5.5806e-11
11371  2.3578e-01 6.7783e-11 6.0383e-11
11372  2.3578e-01 6.6880e-11 6.4751e-11
11373  2.3578e-01 6.5761e-11 6.8917e-11
11374  2.3578e-01 6.4427e-11 7.2860e-11
11375  2.3578e-01 6.2886e-11 7.6554e-11
11376  2.3578e-01 6.1140e-11 7.9987e-11
11377  2.3578e-01 5.9200e-11 8.3148e-11
11378  2.3578e-01 5.7068e-11 8.6028e-11
11379  2.3578e-01 5.4756e-11 8.8619e-11
11380  2.3578e-01 5.2267e-11 9.0911e-11
11381  2.3578e-01 4.9616e-11 9.2898e-11
11382  2.3578e-01 4.6805e-11 9.4576e-11
11383  2.3578e-01 4.3851e-11 9.5938e-11
11384  2.3578e-01 4.0758e-11 9.6981e-11
11385  2.3578e-01 3.7575e-11 9.7704e-11
11386  2.3578e-01 3.4279e-11 9.8103e-11
11387  2.3578e-01 3.1474e-11 9.8443e-11
11388  2.3578e-01 2.8736e-11 9.8881e-11
11389  2.3578e-01 2.5910e-11 9.9223e-11
11390  2.3578e-01 2.3006e-11 9.9354e-11
11391  2.3578e-01 2.0047e-11 9.9211e-11
11392  2.3578e-01 1.7091e-11 9.9156e-11
11393  2.3578e-01 1.4090e-11 9.8775e-11
11394  2.3578e-01 1.4239e-11 9.8071e-11
11395  2.3578e-01 1.5238e-11 9.7115e-11
11396  2.3578e-01 1.7383e-11 9.5847e-11
11397  2.3578e-01 1.9613e-11 9.4267e-11
11398  2.3578e-01 2.1956e-11 9.2382e-11
11399  2.3578e-01 2.4761e-11 9.0198e-11
11400  2.3578e-01 2.7550e-11 8.7723e-11
11401  2.3578e-01 3.0336e-11 8.4965e-11
11402  2.3578e-01 3.3015e-11 8.1936e-11
11403  2.3578e-01 3.5663e-11 7.8645e-11
11404  2.3578e-01 3.8220e-11 7.5312e-11
11405  2.3578e-01 4.0645e-11 7.2008e-11
11406  2.3578e-01 4.2939e-11 6.8474e-11
11407  2.3578e-01 4.5165e-11 6.4725e-11
11408  2.3578e-01 4.7235e-11 6.0773e-11
11409  2.3578e-01 4.9145e-11 5.6631e-11
11410  2.3578e-01 5.0887e-11 5.2314e-11
11411  2.3578e-01 5.2457e-11 4.7835e-11
11412  2.3578e-01 5.3890e-11 4.3211e-11
11413  2.3578e-01 5.5484e-11 3.8487e-11
11414  2.3578e-01 5.7269e-11 3.3670e-11
11415  2.3578e-01 5.8864e-11 2.8756e-11
11416  2.3578e-01 6.0258e-11 2.3759e-11
11417  2.3578e-01 6.1452e-11 2.3296e-11
11418  2.3578e-01 6.2438e-11 2.6857e-11
11419  2.3578e-01 6.3218e-11 3.0382e-11
11420  2.3578e-01 6.3785e-11 3.3797e-11
11421  2.3578e-01 6.4144e-11 3.7092e-11
11422  2.3578e-01 6.4287e-11 4.0257e-11
11423  2.3578e-01 6.4221e-11 4.3956e-11
11424  2.3578e-01 6.3941e-11 4.8535e-11
11425  2.3578e-01 6.3454e-11 5.2943e-11
11426  2.3578e-01 6.2764e-11 5.7166e-11
11427  2.3578e-01 6.1866e-11 6.1189e-11
11428  2.3578e-01 6.0769e-11 6.5032e-11
11429  2.3578e-01 5.9472e-11 6.8655e-11
11430  2.3578e-01 5.7986e-11 7.2044e-11
11431  2.3578e-01 5.6310e-11 7.5186e-11
11432  2.3578e-01 5.4455e-11 7.8074e-11
11433  2.3578e-01 5.2423e-11 8.0697e-11
11434  2.3578e-01 5.0227e-11 8.3049e-11
11435  2.3578e-01 4.7868e-11 8.5121e-11
11436  2.3578e-01 4.5361e-11 8.6909e-11
11437  2.3578e-01 4.2708e-11 8.8405e-11
11438  2.3578e-01 3.9924e-11 8.9608e-11
11439  2.3578e-01 3.7028e-11 9.0513e-11
11440  2.3578e-01 3.4037e-11 9.1118e-11
11441  2.3578e-01 3.1024e-11 9.1422e-11
11442  2.3578e-01 2.8539e-11 9.1803e-11
11443  2.3578e-01 2.5970e-11 9.2209e-11
11444  2.3578e-01 2.3323e-11 9.2541e-11
11445  2.3578e-01 2.0606e-11 9.2596e-11
11446  2.3578e-01 1.7859e-11 9.2525e-11
11447  2.3578e-01 1.5099e-11 9.2405e-11
11448  2.3578e-01 1.2688e-11 9.1981e-11
11449  2.3578e-01 1.3465e-11 9.1271e-11
11450  2.3578e-01 1.4767e-11 9.0317e-11
11451  2.3578e-01 1.6747e-11 8.9070e-11
11452  2.3578e-01 1.8889e-11 8.7533e-11
11453  2.3578e-01 2.1202e-11 8.5712e-11
11454  2.3578e-01 2.3800e-11 8.3615e-11
11455  2.3578e-01 2.6410e-11 8.1248e-11
11456  2.3578e-01 2.8972e-11 7.8620e-11
11457  2.3578e-01 3.1431e-11 7.5741e-11
11458  2.3578e-01 3.3892e-11 7.2620e-11
11459  2.3578e-01 3.6233e-11 6.9568e-11
11460  2.3578e-01 3.8450e-11 6.6438e-11
11461  2.3578e-01 4.0564e-11 6.3099e-11
11462  2.3578e-01 4.2590e-11 5.9561e-11
11463  2.3578e-01 4.4471e-11 5.5836e-11
11464  2.3578e-01 4.6201e-11 5.1938e-11
11465  2.3578e-01 4.7774e-11 4.7878e-11
11466  2.3578e-01 4.9185e-11 4.3672e-11
11467  2.3578e-01 5.0481e-11 3.9334e-11
11468  2.3578e-01 5.2119e-11 3.4915e-11
11469  2.3578e-01 5.3728e-11 3.0404e-11
11470  2.3578e-01 5.5159e-11 2.5805e-11
11471  2.3578e-01 5.6401e-11 2.1133e-11
11472  2.3578e-01 5.7458e-11 2.2491e-11
11473  2.3578e-01 5.8319e-11 2.5806e-11
11474  2.3578e-01 5.8989e-11 2.9068e-11
11475  2.3578e-01 5.9460e-11 3.2226e-11
11476  2.3578e-01 5.9737e-11 3.5270e-11
11477  2.3578e-01 5.9814e-11 3.8191e-11
11478  2.3578e-01 5.9696e-11 4.1986e-11
11479  2.3578e-01 5.9384e-11 4.6218e-11
11480  2.3578e-01 5.8877e-11 5.0288e-11
11481  2.3578e-01 5.8181e-11 5.4182e-11
11482  2.3578e-01 5.7292e-11 5.7891e-11
11483  2.3578e-01 5.6220e-11 6.1430e-11
11484  2.3578e-01 5.4962e-11 6.4758e-11
11485  2.3578e-01 5.3530e-11 6.7864e-11
11486  2.3578e-01 5.1923e-11 7.0739e-11
11487  2.3578e-01 5.0152e-11 7.3375e-11
11488  2.3578e-01 4.8218e-11 7.5763e-11
11489  2.3578e-01 4.6132e-11 7.7895e-11
11490  2.3578e-01 4.3898e-11 7.9767e-11
11491  2.3578e-01 4.1528e-11 8.1371e-11
11492  2.3578e-01 3.9025e-11 8.2704e-11
11493  2.3578e-01 3.6402e-11 8.3762e-11
11494  2.3578e-01 3.3675e-11 8.4542e-11
11495  2.3578e-01 3.0866e-11 8.5042e-11
11496  2.3578e-01 2.8105e-11 8.5262e-11
11497  2.3578e-01 2.5776e-11 8.5700e-11
11498  2.3578e-01 2.3367e-11 8.5985e-11
11499  2.3578e-01 2.0888e-11 8.6233e-11
11500  2.3578e-01 1.8347e-11 8.6218e-11
11501  2.3578e-01 1.5801e-11 8.6192e-11
11502  2.3578e-01 1.3225e-11 8.6017e-11
11503  2.3578e-01 1.2022e-11 8.5559e-11
11504  2.3578e-01 1.2734e-11 8.4847e-11
11505  2.3578e-01 1.4270e-11 8.3897e-11
11506  2.3578e-01 1.6111e-11 8.2673e-11
11507  2.3578e-01 1.8141e-11 8.1181e-11
11508  2.3578e-01 2.0403e-11 7.9425e-11
11509  2.3578e-01 2.2796e-11 7.7413e-11
11510  2.3578e-01 2.5233e-11 7.5151e-11
11511  2.3578e-01 2.7587e-11 7.2650e-11
11512  2.3578e-01 2.9871e-11 6.9914e-11
11513  2.3578e-01 3.2127e-11 6.6957e-11
11514  2.3578e-01 3.4270e-11 6.4151e-11
11515  2.3578e-01 3.6295e-11 6.1189e-11
11516  2.3578e-01 3.8241e-11 5.8034e-11
11517  2.3578e-01 4.0085e-11 5.4697e-11
11518  2.3578e-01 4.1793e-11 5.1188e-11
11519  2.3578e-01 4.3358e-11 4.7520e-11
11520  2.3578e-01 4.4777e-11 4.3705e-11
11521  2.3578e-01 4.6046e-11 3.9756e-11
11522  2.3578e-01 4.7254e-11 3.5688e-11
11523  2.3578e-01 4.8870e-11 3.1557e-11
11524  2.3578e-01 5.0319e-11 2.7333e-11
11525  2.3578e-01 5.1600e-11 2.3030e-11
11526  2.3578e-01 5.2706e-11 1.8662e-11
11527  2.3578e-01 5.3637e-11 2.1639e-11
11528  2.3578e-01 5.4387e-11 2.4723e-11
11529  2.3578e-01 5.4958e-11 2.7742e-11
11530  2.3578e-01 5.5344e-11 3.0662e-11
11531  2.3578e-01 5.5549e-11 3.3473e-11
11532  2.3578e-01 5.5568e-11 3.6168e-11
11533  2.3578e-01 5.5407e-11 3.9995e-11
11534  2.3578e-01 5.5066e-11 4.3906e-11
11535  2.3578e-01 5.4544e-11 4.7662e-11
11536  2.3578e-01 5.3846e-11 5.1253e-11
11537  2.3578e-01 5.2970e-11 5.4675e-11
11538  2.3578e-01 5.1924e-11 5.7929e-11
11539  2.3578e-01 5.0708e-11 6.0984e-11
11540  2.3578e-01 4.9330e-11 6.3831e-11
11541  2.3578e-01 4.7791e-11 6.6461e-11
11542  2.3578e-01 4.6101e-11 6.8865e-11
11543  2.3578e-01 4.4261e-11 7.1037e-11
11544  2.3578e-01 4.2283e-11 7.2970e-11
11545  2.3578e-01 4.0168e-11 7.4657e-11
11546  2.3578e-01 3.7929e-11 7.6095e-11
11547  2.3578e-01 3.5569e-11 7.7280e-11
11548  2.3578e-01 3.3099e-11 7.8207e-11
11549  2.3578e-01 3.0548e-11 7.8875e-11
11550  2.3578e-01 2.7910e-11 7.9281e-11
11551  2.3578e-01 2.5513e-11 7.9453e-11
11552  2.3578e-01 2.3326e-11 7.9892e-11
11553  2.3578e-01 2.1069e-11 8.0217e-11
11554  2.3578e-01 1.8748e-11 8.0395e-11
11555  2.3578e-01 1.6375e-11 8.0319e-11
11556  2.3578e-01 1.4011e-11 8.0349e-11
11557  2.3578e-01 1.1607e-11 8.0126e-11
11558  2.3578e-01 1.1378e-11 7.9640e-11
11559  2.3578e-01 1.2076e-11 7.8935e-11
11560  2.3578e-01 1.3779e-11 7.7991e-11
11561  2.3578e-01 1.5550e-11 7.6793e-11
11562  2.3578e-01 1.7422e-11 7.5346e-11
11563  2.3578e-01 1.9650e-11 7.3656e-11
11564  2.3578e-01 2.1884e-11 7.1727e-11
11565  2.3578e-01 2.4133e-11 6.9569e-11
11566  2.3578e-01 2.6296e-11 6.7187e-11
11567  2.3578e-01 2.8418e-11 6.4590e-11
11568  2.3578e-01 3.0485e-11 6.1834e-11
11569  2.3578e-01 3.2446e-11 5.9221e-11
11570  2.3578e-01 3.4295e-11 5.6419e-11
11571  2.3578e-01 3.6086e-11 5.3439e-11
11572  2.3578e-01 3.7764e-11 5.0291e-11
11573  2.3578e-01 3.9313e-11 4.6987e-11
11574  2.3578e-01 4.0728e-11 4.3536e-11
11575  2.3578e-01 4.2005e-11 3.9951e-11
11576  2.3578e-01 4.3154e-11 3.6244e-11
11577  2.3578e-01 4.4412e-11 3.2437e-11
11578  2.3578e-01 4.5871e-11 2.8567e-11
11579  2.3578e-01 4.7174e-11 2.4612e-11
11580  2.3578e-01 4.8319e-11 2.0588e-11
11581  2.3578e-01 4.9301e-11 1.7936e-11
11582  2.3578e-01 5.0120e-11 2.0835e-11
11583  2.3578e-01 5.0769e-11 2.3705e-11
11584  2.3578e-01 5.1251e-11 2.6497e-11
11585  2.3578e-01 5.1562e-11 2.9196e-11
11586  2.3578e-01 5.1704e-11 3.1792e-11
11587  2.3578e-01 5.1674e-11 3.4395e-11
11588  2.3578e-01 5.1477e-11 3.8143e-11
11589  2.3578e-01 5.1114e-11 4.1756e-11
11590  2.3578e-01 5.0581e-11 4.5223e-11
11591  2.3578e-01 4.9885e-11 4.8532e-11
11592  2.3578e-01 4.9025e-11 5.1688e-11
11593  2.3578e-01 4.8008e-11 5.4679e-11
11594  2.3578e-01 4.6833e-11 5.7482e-11
11595  2.3578e-01 4.5509e-11 6.0090e-11
11596  2.3578e-01 4.4037e-11 6.2493e-11
11597  2.3578e-01 4.2426e-11 6.4685e-11
11598  2.3578e-01 4.0677e-11 6.6658e-11
11599  2.3578e-01 3.8801e-11 6.8408e-11
11600  2.3578e-01 3.6801e-11 6.9928e-11
11601  2.3578e-01 3.4686e-11 7.1214e-11
11602  2.3578e-01 3.2461e-11 7.2264e-11
11603  2.3578e-01 3.0138e-11 7.3073e-11
11604  2.3578e-01 2.7736e-11 7.3640e-11
11605  2.3578e-01 2.5260e-11 7.3964e-11
11606  2.3578e-01 2.3077e-11 7.4195e-11
11607  2.3578e-01 2.1025e-11 7.4548e-11
11608  2.3578e-01 1.8910e-11 7.4773e-11
11609  2.3578e-01 1.6739e-11 7.4886e-11
11610  2.3578e-01 1.4537e-11 7.4841e-11
11611  2.3578e-01 1.2330e-11 7.4824e-11
11612  2.3578e-01 1.0134e-11 7.4560e-11
11613  2.3578e-01 1.0768e-11 7.4052e-11
11614  2.3578e-01 1.1671e-11 7.3353e-11
11615  2.3578e-01 1.3272e-11 7.2419e-11
11616  2.3578e-01 1.4966e-11 7.1251e-11
11617  2.3578e-01 1.6761e-11 6.9851e-11
11618  2.3578e-01 1.8857e-11 6.8225e-11
11619  2.3578e-01 2.0944e-11 6.6379e-11
11620  2.3578e-01 2.3012e-11 6.4319e-11
11621  2.3578e-01 2.4999e-11 6.2054e-11
11622  2.3578e-01 2.6968e-11 5.9590e-11
11623  2.3578e-01 2.8861e-11 5.7055e-11
11624  2.3578e-01 3.0654e-11 5.4579e-11
11625  2.3578e-01 3.2348e-11 5.1929e-11
11626  2.3578e-01 3.3989e-11 4.9116e-11
11627  2.3578e-01 3.5514e-11 4.6149e-11
11628  2.3578e-01 3.6917e-11 4.3037e-11
11629  2.3578e-01 3.8195e-11 3.9792e-11
11630  2.3578e-01 3.9345e-11 3.6425e-11
11631  2.3578e-01 4.0384e-11 3.2946e-11
11632  2.3578e-01 4.1669e-11 2.9387e-11
11633  2.3578e-01 4.2985e-11 2.5762e-11
11634  2.3578e-01 4.4154e-11 2.2061e-11
11635  2.3578e-01 4.5177e-11 1.8297e-11
11636  2.3578e-01 4.6046e-11 1.7314e-11
11637  2.3578e-01 4.6763e-11 2.0004e-11
11638  2.3578e-01 4.7322e-11 2.2669e-11
11639  2.3578e-01 4.7726e-11 2.5252e-11
11640  2.3578e-01 4.7969e-11 2.7746e-11
11641  2.3578e-01 4.8057e-11 3.0142e-11
11642  2.3578e-01 4.7984e-11 3.2823e-11
11643  2.3578e-01 4.7757e-11 3.6288e-11
11644  2.3578e-01 4.7375e-11 3.9625e-11
11645  2.3578e-01 4.6835e-11 4.2823e-11
11646  2.3578e-01 4.6145e-11 4.5872e-11
11647  2.3578e-01 4.5303e-11 4.8783e-11
11648  2.3578e-01 4.4315e-11 5.1531e-11
11649  2.3578e-01 4.3183e-11 5.4102e-11
11650  2.3578e-01 4.1913e-11 5.6489e-11
11651  2.3578e-01 4.0506e-11 5.8685e-11
11652  2.3578e-01 3.8971e-11 6.0681e-11
11653  2.3578e-01 3.7311e-11 6.2473e-11
11654  2.3578e-01 3.5534e-11 6.4056e-11
11655  2.3578e-01 3.3642e-11 6.5423e-11
11656  2.3578e-01 3.1647e-11 6.6572e-11
11657  2.3578e-01 2.9550e-11 6.7499e-11
11658  2.3578e-01 2.7364e-11 6.8202e-11
11659  2.3578e-01 2.5118e-11 6.8679e-11
11660  2.3578e-01 2.2795e-11 6.8929e-11
11661  2.3578e-01 2.0910e-11 6.9195e-11
11662  2.3578e-01 1.8986e-11 6.9472e-11
11663  2.3578e-01 1.7005e-11 6.9731e-11
11664  2.3578e-01 1.4973e-11 6.9787e-11
11665  2.3578e-01 1.2931e-11 6.9791e-11
11666  2.3578e-01 1.0870e-11 6.9722e-11
11667  2.3578e-01 9.5990e-12 6.9425e-11
11668  2.3578e-01 1.0180e-11 6.8909e-11
11669  2.3578e-01 1.1297e-11 6.8212e-11
11670  2.3578e-01 1.2775e-11 6.7292e-11
11671  2.3578e-01 1.4400e-11 6.6154e-11
11672  2.3578e-01 1.6178e-11 6.4801e-11
11673  2.3578e-01 1.8109e-11 6.3239e-11
11674  2.3578e-01 2.0062e-11 6.1473e-11
11675  2.3578e-01 2.1963e-11 5.9509e-11
11676  2.3578e-01 2.3793e-11 5.7356e-11
11677  2.3578e-01 2.5615e-11 5.5019e-11
11678  2.3578e-01 2.7349e-11 5.2696e-11
11679  2.3578e-01 2.8987e-11 5.0351e-11
11680  2.3578e-01 3.0547e-11 4.7847e-11
11681  2.3578e-01 3.2042e-11 4.5192e-11
11682  2.3578e-01 3.3426e-11 4.2395e-11
11683  2.3578e-01 3.4697e-11 3.9467e-11
11684  2.3578e-01 3.5850e-11 3.6416e-11
11685  2.3578e-01 3.6882e-11 3.3253e-11
11686  2.3578e-01 3.7821e-11 2.9990e-11
11687  2.3578e-01 3.9132e-11 2.6661e-11
11688  2.3578e-01 4.0318e-11 2.3265e-11
11689  2.3578e-01 4.1366e-11 1.9802e-11
11690  2.3578e-01 4.2277e-11 1.6282e-11
11691  2.3578e-01 4.3045e-11 1.6723e-11
11692  2.3578e-01 4.3670e-11 1.9227e-11
11693  2.3578e-01 4.4149e-11 2.1693e-11
11694  2.3578e-01 4.4482e-11 2.4082e-11
11695  2.3578e-01 4.4667e-11 2.6386e-11
11696  2.3578e-01 4.4705e-11 2.8597e-11
11697  2.3578e-01 4.4600e-11 3.1357e-11
11698  2.3578e-01 4.4347e-11 3.4559e-11
11699  2.3578e-01 4.3950e-11 3.7640e-11
11700  2.3578e-01 4.3408e-11 4.0589e-11
11701  2.3578e-01 4.2726e-11 4.3398e-11
11702  2.3578e-01 4.1904e-11 4.6080e-11
11703  2.3578e-01 4.0947e-11 4.8604e-11
11704  2.3578e-01 3.9856e-11 5.0961e-11
11705  2.3578e-01 3.8639e-11 5.3146e-11
11706  2.3578e-01 3.7297e-11 5.5150e-11
11707  2.3578e-01 3.5836e-11 5.6967e-11
11708  2.3578e-01 3.4260e-11 5.8593e-11
11709  2.3578e-01 3.2577e-11 6.0022e-11
11710  2.3578e-01 3.0790e-11 6.1250e-11
11711  2.3578e-01 2.8907e-11 6.2274e-11
11712  2.3578e-01 2.6933e-11 6.3090e-11
11713  2.3578e-01 2.4877e-11 6.3697e-11
11714  2.3578e-01 2.2766e-11 6.4094e-11
11715  2.3578e-01 2.0624e-11 6.4278e-11
11716  2.3578e-01 1.8878e-11 6.4588e-11
11717  2.3578e-01 1.7075e-11 6.4797e-11
11718  2.3578e-01 1.5219e-11 6.4978e-11
11719  2.3578e-01 1.3320e-11 6.4980e-11
11720  2.3578e-01 1.1427e-11 6.5016e-11
11721  2.3578e-01 9.5031e-12 6.4905e-11
11722  2.3578e-01 9.0925e-12 6.4579e-11
11723  2.3578e-01 9.6254e-12 6.4061e-11
11724  2.3578e-01 1.0907e-11 6.3365e-11
11725  2.3578e-01 1.2308e-11 6.2461e-11
11726  2.3578e-01 1.3821e-11 6.1355e-11
11727  2.3578e-01 1.5558e-11 6.0050e-11
11728  2.3578e-01 1.7344e-11 5.8551e-11
11729  2.3578e-01 1.9159e-11 5.6863e-11
11730  2.3578e-01 2.0906e-11 5.4993e-11
11731  2.3578e-01 2.2605e-11 5.2946e-11
11732  2.3578e-01 2.4275e-11 5.0731e-11
11733  2.3578e-01 2.5861e-11 4.8597e-11
11734  2.3578e-01 2.7358e-11 4.6378e-11
11735  2.3578e-01 2.8794e-11 4.4011e-11
11736  2.3578e-01 3.0153e-11 4.1507e-11
11737  2.3578e-01 3.1410e-11 3.8872e-11
11738  2.3578e-01 3.2559e-11 3.6116e-11
11739  2.3578e-01 3.3599e-11 3.3248e-11
11740  2.3578e-01 3.4524e-11 3.0279e-11
11741  2.3578e-01 3.5502e-11 2.7217e-11
11742  2.3578e-01 3.6691e-11 2.4107e-11
11743  2.3578e-01 3.7758e-11 2.0928e-11
11744  2.3578e-01 3.8696e-11 1.7688e-11
11745  2.3578e-01 3.9506e-11 1.4398e-11
11746  2.3578e-01 4.0182e-11 1.6100e-11
11747  2.3578e-01 4.0725e-11 1.8429e-11
11748  2.3578e-01 4.1131e-11 2.0712e-11
11749  2.3578e-01 4.1402e-11 2.2920e-11
11750  2.3578e-01 4.1535e-11 2.5048e-11
11751  2.3578e-01 4.1532e-11 2.7088e-11
11752  2.3578e-01 4.1396e-11 2.9881e-11
11753  2.3578e-01 4.1122e-11 3.2840e-11
11754  2.3578e-01 4.0715e-11 3.5684e-11
11755  2.3578e-01 4.0173e-11 3.8403e-11
11756  2.3578e-01 3.9502e-11 4.0995e-11
11757  2.3578e-01 3.8701e-11 4.3461e-11
11758  2.3578e-01 3.7776e-11 4.5778e-11
11759  2.3578e-01 3.6728e-11 4.7939e-11
11760  2.3578e-01 3.5563e-11 4.9936e-11
11761  2.3578e-01 3.4283e-11 5.1765e-11
11762  2.3578e-01 3.2894e-11 5.3418e-11
11763  2.3578e-01 3.1399e-11 5.4891e-11
11764  2.3578e-01 2.9807e-11 5.6181e-11
11765  2.3578e-01 2.8118e-11 5.7282e-11
11766  2.3578e-01 2.6344e-11 5.8192e-11
11767  2.3578e-01 2.4485e-11 5.8909e-11
11768  2.3578e-01 2.2559e-11 5.9430e-11
11769  2.3578e-01 2.0579e-11 5.9754e-11
11770  2.3578e-01 1.8710e-11 5.9881e-11
11771  2.3578e-01 1.7071e-11 6.0214e-11
11772  2.3578e-01 1.5381e-11 6.0429e-11
11773  2.3578e-01 1.3645e-11 6.0574e-11
11774  2.3578e-01 1.1879e-11 6.0554e-11
11775  2.3578e-01 1.0113e-11 6.0603e-11
11776  2.3578e-01 8.3254e-12 6.0454e-11
11777  2.3578e-01 8.6033e-12 6.0106e-11
11778  2.3578e-01 9.2267e-12 5.9591e-11
11779  2.3578e-01 1.0522e-11 5.8898e-11
11780  2.3578e-01 1.1868e-11 5.8013e-11
11781  2.3578e-01 1.3282e-11 5.6940e-11
11782  2.3578e-01 1.4969e-11 5.5682e-11
11783  2.3578e-01 1.6641e-11 5.4245e-11
11784  2.3578e-01 1.8310e-11 5.2633e-11
11785  2.3578e-01 1.9916e-11 5.0853e-11
11786  2.3578e-01 2.1494e-11 4.8910e-11
11787  2.3578e-01 2.3024e-11 4.6815e-11
11788  2.3578e-01 2.4475e-11 4.4857e-11
11789  2.3578e-01 2.5841e-11 4.2757e-11
11790  2.3578e-01 2.7163e-11 4.0522e-11
11791  2.3578e-01 2.8399e-11 3.8160e-11
11792  2.3578e-01 2.9538e-11 3.5678e-11
11793  2.3578e-01 3.0577e-11 3.3086e-11
11794  2.3578e-01 3.1512e-11 3.0391e-11
11795  2.3578e-01 3.2345e-11 2.7604e-11
11796  2.3578e-01 3.3359e-11 2.4737e-11
11797  2.3578e-01 3.4432e-11 2.1825e-11
11798  2.3578e-01 3.5391e-11 1.8848e-11
11799  2.3578e-01 3.6229e-11 1.5817e-11
11800  2.3578e-01 3.6947e-11 1.3317e-11
11801  2.3578e-01 3.7540e-11 1.5508e-11
11802  2.3578e-01 3.8009e-11 1.7675e-11
11803  2.3578e-01 3.8350e-11 1.9786e-11
11804  2.3578e-01 3.8567e-11 2.1827e-11
11805  2.3578e-01 3.8655e-11 2.3792e-11
11806  2.3578e-01 3.8618e-11 2.5673e-11
11807  2.3578e-01 3.8455e-11 2.8501e-11
11808  2.3578e-01 3.8164e-11 3.1235e-11
11809  2.3578e-01 3.7751e-11 3.3859e-11
11810  2.3578e-01 3.7212e-11 3.6365e-11
11811  2.3578e-01 3.6554e-11 3.8755e-11
11812  2.3578e-01 3.5775e-11 4.1022e-11
11813  2.3578e-01 3.4883e-11 4.3148e-11
11814  2.3578e-01 3.3876e-11 4.5127e-11
11815  2.3578e-01 3.2762e-11 4.6953e-11
11816  2.3578e-01 3.1542e-11 4.8620e-11
11817  2.3578e-01 3.0223e-11 5.0122e-11
11818  2.3578e-01 2.8806e-11 5.1456e-11
11819  2.3578e-01 2.7300e-11 5.2618e-11
11820  2.3578e-01 2.5706e-11 5.3604e-11
11821  2.3578e-01 2.4034e-11 5.4411e-11
11822  2.3578e-01 2.2284e-11 5.5037e-11
11823  2.3578e-01 2.0473e-11 5.5481e-11
11824  2.3578e-01 1.8615e-11 5.5741e-11
11825  2.3578e-01 1.6918e-11 5.5898e-11
11826  2.3578e-01 1.5380e-11 5.6180e-11
11827  2.3578e-01 1.3797e-11 5.6328e-11
11828  2.3578e-01 1.2172e-11 5.6424e-11
11829  2.3578e-01 1.0535e-11 5.6433e-11
11830  2.3578e-01 8.8858e-12 5.6437e-11
11831  2.3578e-01 7.6655e-12 5.6256e-11
11832  2.3578e-01 8.1407e-12 5.5890e-11
11833  2.3578e-01 8.9313e-12 5.5379e-11
11834  2.3578e-01 1.0127e-11 5.4692e-11
11835  2.3578e-01 1.1413e-11 5.3827e-11
11836  2.3578e-01 1.2797e-11 5.2788e-11
11837  2.3578e-01 1.4356e-11 5.1578e-11
11838  2.3578e-01 1.5918e-11 5.0201e-11
11839  2.3578e-01 1.7453e-11 4.8664e-11
11840  2.3578e-01 1.8927e-11 4.6970e-11
11841  2.3578e-01 2.0392e-11 4.5126e-11
11842  2.3578e-01 2.1793e-11 4.3199e-11
11843  2.3578e-01 2.3119e-11 4.1344e-11
11844  2.3578e-01 2.4371e-11 3.9358e-11
11845  2.3578e-01 2.5580e-11 3.7248e-11
11846  2.3578e-01 2.6703e-11 3.5021e-11
11847  2.3578e-01 2.7735e-11 3.2684e-11
11848  2.3578e-01 2.8673e-11 3.0246e-11
11849  2.3578e-01 2.9514e-11 2.7715e-11
11850  2.3578e-01 3.0267e-11 2.5099e-11
11851  2.3578e-01 3.1296e-11 2.2420e-11
11852  2.3578e-01 3.2264e-11 1.9691e-11
11853  2.3578e-01 3.3124e-11 1.6905e-11
11854  2.3578e-01 3.3872e-11 1.4071e-11
11855  2.3578e-01 3.4506e-11 1.2865e-11
11856  2.3578e-01 3.5025e-11 1.4896e-11
11857  2.3578e-01 3.5428e-11 1.6910e-11
11858  2.3578e-01 3.5712e-11 1.8863e-11
11859  2.3578e-01 3.5879e-11 2.0749e-11
11860  2.3578e-01 3.5928e-11 2.2563e-11
11861  2.3578e-01 3.5860e-11 2.4504e-11
11862  2.3578e-01 3.5675e-11 2.7125e-11
11863  2.3578e-01 3.5372e-11 2.9649e-11
11864  2.3578e-01 3.4954e-11 3.2069e-11
11865  2.3578e-01 3.4421e-11 3.4378e-11
11866  2.3578e-01 3.3778e-11 3.6582e-11
11867  2.3578e-01 3.3023e-11 3.8665e-11
11868  2.3578e-01 3.2163e-11 4.0616e-11
11869  2.3578e-01 3.1198e-11 4.2428e-11
11870  2.3578e-01 3.0134e-11 4.4095e-11
11871  2.3578e-01 2.8973e-11 4.5614e-11
11872  2.3578e-01 2.7720e-11 4.6979e-11
11873  2.3578e-01 2.6378e-11 4.8186e-11
11874  2.3578e-01 2.4954e-11 4.9231e-11
11875  2.3578e-01 2.3450e-11 5.0112e-11
11876  2.3578e-01 2.1875e-11 5.0825e-11
11877  2.3578e-01 2.0230e-11 5.1370e-11
11878  2.3578e-01 1.8536e-11 5.1745e-11
11879  2.3578e-01 1.6792e-11 5.1948e-11
11880  2.3578e-01 1.5319e-11 5.2133e-11
11881  2.3578e-01 1.3877e-11 5.2357e-11
11882  2.3578e-01 1.2395e-11 5.2524e-11
11883  2.3578e-01 1.0875e-11 5.2577e-11
11884  2.3578e-01 9.3554e-12 5.2621e-11
11885  2.3578e-01 7.8161e-12 5.2585e-11
11886  2.3578e-01 7.2595e-12 5.2377e-11
11887  2.3578e-01 7.6948e-12 5.2003e-11
11888  2.3578e-01 8.6367e-12 5.1492e-11
11889  2.3578e-01 9.7492e-12 5.0815e-11
11890  2.3578e-01 1.0972e-11 4.9972e-11
11891  2.3578e-01 1.2339e-11 4.8967e-11
11892  2.3578e-01 1.3775e-11 4.7804e-11
11893  2.3578e-01 1.5236e-11 4.6487e-11
11894  2.3578e-01 1.6647e-11 4.5020e-11
11895  2.3578e-01 1.8010e-11 4.3410e-11
11896  2.3578e-01 1.9360e-11 4.1660e-11
11897  2.3578e-01 2.0642e-11 3.9895e-11
11898  2.3578e-01 2.1854e-11 3.8138e-11
11899  2.3578e-01 2.3006e-11 3.6261e-11
11900  2.3578e-01 2.4108e-11 3.4269e-11
11901  2.3578e-01 2.5127e-11 3.2170e-11
11902  2.3578e-01 2.6060e-11 2.9971e-11
11903  2.3578e-01 2.6906e-11 2.7678e-11
11904  2.3578e-01 2.7661e-11 2.5301e-11
11905  2.3578e-01 2.8413e-11 2.2847e-11
11906  2.3578e-01 2.9384e-11 2.0340e-11
11907  2.3578e-01 3.0256e-11 1.7785e-11
11908  2.3578e-01 3.1026e-11 1.5178e-11
11909  2.3578e-01 3.1692e-11 1.2528e-11
11910  2.3578e-01 3.2252e-11 1.2432e-11
11911  2.3578e-01 3.2703e-11 1.4322e-11
11912  2.3578e-01 3.3047e-11 1.6186e-11
11913  2.3578e-01 3.3279e-11 1.7992e-11
11914  2.3578e-01 3.3403e-11 1.9734e-11
11915  2.3578e-01 3.3420e-11 2.1407e-11
11916  2.3578e-01 3.3325e-11 2.3413e-11
11917  2.3578e-01 3.3122e-11 2.5835e-11
11918  2.3578e-01 3.2810e-11 2.8166e-11
11919  2.3578e-01 3.2391e-11 3.0398e-11
11920  2.3578e-01 3.1865e-11 3.2524e-11
11921  2.3578e-01 3.1238e-11 3.4556e-11
11922  2.3578e-01 3.0508e-11 3.6469e-11
11923  2.3578e-01 2.9680e-11 3.8257e-11
11924  2.3578e-01 2.8756e-11 3.9915e-11
11925  2.3578e-01 2.7740e-11 4.1438e-11
11926  2.3578e-01 2.6636e-11 4.2820e-11
11927  2.3578e-01 2.5447e-11 4.4058e-11
11928  2.3578e-01 2.4177e-11 4.5148e-11
11929  2.3578e-01 2.2831e-11 4.6088e-11
11930  2.3578e-01 2.1413e-11 4.6873e-11
11931  2.3578e-01 1.9929e-11 4.7502e-11
11932  2.3578e-01 1.8383e-11 4.7974e-11
11933  2.3578e-01 1.6791e-11 4.8287e-11
11934  2.3578e-01 1.5156e-11 4.8439e-11
11935  2.3578e-01 1.3824e-11 4.8658e-11
11936  2.3578e-01 1.2473e-11 4.8829e-11
11937  2.3578e-01 1.1085e-11 4.8945e-11
11938  2.3578e-01 9.6687e-12 4.8956e-11
11939  2.3578e-01 8.2557e-12 4.9022e-11
11940  2.3578e-01 6.8206e-12 4.8952e-11
11941  2.3578e-01 6.8745e-12 4.8722e-11
11942  2.3578e-01 7.3063e-12 4.8345e-11
11943  2.3578e-01 8.3312e-12 4.7835e-11
11944  2.3578e-01 9.3967e-12 4.7168e-11
11945  2.3578e-01 1.0525e-11 4.6348e-11
11946  2.3578e-01 1.1858e-11 4.5378e-11
11947  2.3578e-01 1.3195e-11 4.4262e-11
11948  2.3578e-01 1.4544e-11 4.3002e-11
11949  2.3578e-01 1.5840e-11 4.1605e-11
11950  2.3578e-01 1.7105e-11 4.0074e-11
11951  2.3578e-01 1.8342e-11 3.8416e-11
11952  2.3578e-01 1.9516e-11 3.6794e-11
11953  2.3578e-01 2.0622e-11 3.5131e-11
11954  2.3578e-01 2.1682e-11 3.3357e-11
11955  2.3578e-01 2.2684e-11 3.1478e-11
11956  2.3578e-01 2.3609e-11 2.9500e-11
11957  2.3578e-01 2.4453e-11 2.7430e-11
11958  2.3578e-01 2.5214e-11 2.5275e-11
11959  2.3578e-01 2.5890e-11 2.3043e-11
11960  2.3578e-01 2.6673e-11 2.0742e-11
11961  2.3578e-01 2.7550e-11 1.8399e-11
11962  2.3578e-01 2.8334e-11 1.6007e-11
11963  2.3578e-01 2.9022e-11 1.3568e-11
11964  2.3578e-01 2.9613e-11 1.1090e-11
11965  2.3578e-01 3.0105e-11 1.1976e-11
11966  2.3578e-01 3.0496e-11 1.3735e-11
11967  2.3578e-01 3.0787e-11 1.5460e-11
11968  2.3578e-01 3.0974e-11 1.7129e-11
11969  2.3578e-01 3.1062e-11 1.8738e-11
11970  2.3578e-01 3.1047e-11 2.0282e-11
11971  2.3578e-01 3.0931e-11 2.2319e-11
11972  2.3578e-01 3.0713e-11 2.4557e-11
11973  2.3578e-01 3.0394e-11 2.6708e-11
11974  2.3578e-01 2.9976e-11 2.8766e-11
11975  2.3578e-01 2.9461e-11 3.0728e-11
11976  2.3578e-01 2.8850e-11 3.2596e-11
11977  2.3578e-01 2.8145e-11 3.4353e-11
11978  2.3578e-01 2.7349e-11 3.5992e-11
11979  2.3578e-01 2.6466e-11 3.7508e-11
11980  2.3578e-01 2.5497e-11 3.8897e-11
11981  2.3578e-01 2.4448e-11 4.0155e-11
11982  2.3578e-01 2.3320e-11 4.1277e-11
11983  2.3578e-01 2.2119e-11 4.2262e-11
11984  2.3578e-01 2.0848e-11 4.3104e-11
11985  2.3578e-01 1.9511e-11 4.3803e-11
11986  2.3578e-01 1.8114e-11 4.4355e-11
11987  2.3578e-01 1.6661e-11 4.4761e-11
11988  2.3578e-01 1.5173e-11 4.5019e-11
11989  2.3578e-01 1.3719e-11 4.5127e-11
11990  2.3578e-01 1.2492e-11 4.5364e-11
11991  2.3578e-01 1.1226e-11 4.5507e-11
11992  2.3578e-01 9.9267e-12 4.5624e-11
11993  2.3578e-01 8.6124e-12 4.5640e-11
11994  2.3578e-01 7.2924e-12 4.5691e-11
11995  2.3578e-01 6.1155e-12 4.5592e-11
11996  2.3578e-01 6.5034e-12 4.5344e-11
11997  2.3578e-01 7.0621e-12 4.4968e-11
11998  2.3578e-01 8.0295e-12 4.4459e-11
11999  2.3578e-01 9.0522e-12 4.3806e-11
12000  2.3578e-01 1.0140e-11 4.3009e-11
12001  2.3578e-01 1.1398e-11 4.2074e-11
12002  2.3578e-01 1.2651e-11 4.1003e-11
12003  2.3578e-01 1.3890e-11 3.9800e-11
12004  2.3578e-01 1.5081e-11 3.8469e-11
12005  2.3578e-01 1.6256e-11 3.7016e-11
12006  2.3578e-01 1.7389e-11 3.5444e-11
12007  2.3578e-01 1.8462e-11 3.3959e-11
12008  2.3578e-01 1.9472e-11 3.2385e-11
12009  2.3578e-01 2.0447e-11 3.0710e-11
12010  2.3578e-01 2.1358e-11 2.8937e-11
12011  2.3578e-01 2.2196e-11 2.7074e-11
12012  2.3578e-01 2.2958e-11 2.5127e-11
12013  2.3578e-01 2.3643e-11 2.3103e-11
12014  2.3578e-01 2.4248e-11 2.1007e-11
12015  2.3578e-01 2.5057e-11 1.8850e-11
12016  2.3578e-01 2.5848e-11 1.6659e-11
12017  2.3578e-01 2.6551e-11 1.4419e-11
12018  2.3578e-01 2.7167e-11 1.2137e-11
12019  2.3578e-01 2.7690e-11 9.8854e-12
12020  2.3578e-01 2.8121e-11 1.1540e-11
12021  2.3578e-01 2.8458e-11 1.3176e-11
12022  2.3578e-01 2.8701e-11 1.4772e-11
12023  2.3578e-01 2.8850e-11 1.6315e-11
12024  2.3578e-01 2.8904e-11 1.7800e-11
12025  2.3578e-01 2.8865e-11 1.9224e-11
12026  2.3578e-01 2.8728e-11 2.1292e-11
12027  2.3578e-01 2.8500e-11 2.3359e-11
12028  2.3578e-01 2.8176e-11 2.5344e-11
12029  2.3578e-01 2.7762e-11 2.7240e-11
12030  2.3578e-01 2.7257e-11 2.9050e-11
12031  2.3578e-01 2.6664e-11 3.0767e-11
12032  2.3578e-01 2.5984e-11 3.2379e-11
12033  2.3578e-01 2.5221e-11 3.3880e-11
12034  2.3578e-01 2.4376e-11 3.5266e-11
12035  2.3578e-01 2.3455e-11 3.6533e-11
12036  2.3578e-01 2.2457e-11 3.7676e-11
12037  2.3578e-01 2.1389e-11 3.8692e-11
12038  2.3578e-01 2.0252e-11 3.9579e-11
12039  2.3578e-01 1.9053e-11 4.0334e-11
12040  2.3578e-01 1.7794e-11 4.0954e-11
12041  2.3578e-01 1.6480e-11 4.1437e-11
12042  2.3578e-01 1.5114e-11 4.1784e-11
12043  2.3578e-01 1.3717e-11 4.1992e-11
12044  2.3578e-01 1.2400e-11 4.2097e-11
12045  2.3578e-01 1.1249e-11 4.2322e-11
12046  2.3578e-01 1.0063e-11 4.2418e-11
12047  2.3578e-01 8.8476e-12 4.2498e-11
12048  2.3578e-01 7.6287e-12 4.2535e-11
12049  2.3578e-01 6.3963e-12 4.2551e-11
12050  2.3578e-01 5.7964e-12 4.2427e-11
12051  2.3578e-01 6.1521e-12 4.2164e-11
12052  2.3578e-01 6.8297e-12 4.1790e-11
12053  2.3578e-01 7.7225e-12 4.1285e-11
12054  2.3578e-01 8.6996e-12 4.0646e-11
12055  2.3578e-01 9.7656e-12 3.9874e-11
12056  2.3578e-01 1.0925e-11 3.8974e-11
12057  2.3578e-01 1.2095e-11 3.7948e-11
12058  2.3578e-01 1.3235e-11 3.6800e-11
12059  2.3578e-01 1.4328e-11 3.5533e-11
12060  2.3578e-01 1.5418e-11 3.4154e-11
12061  2.3578e-01 1.6456e-11 3.2690e-11
12062  2.3578e-01 1.7436e-11 3.1302e-11
12063  2.3578e-01 1.8361e-11 2.9813e-11
12064  2.3578e-01 1.9254e-11 2.8231e-11
12065  2.3578e-01 2.0081e-11 2.6560e-11
12066  2.3578e-01 2.0839e-11 2.4806e-11
12067  2.3578e-01 2.1527e-11 2.2974e-11
12068  2.3578e-01 2.2142e-11 2.1073e-11
12069  2.3578e-01 2.2714e-11 1.9106e-11
12070  2.3578e-01 2.3506e-11 1.7089e-11
12071  2.3578e-01 2.4219e-11 1.5037e-11
12072  2.3578e-01 2.4850e-11 1.2941e-11
12073  2.3578e-01 2.5398e-11 1.0807e-11
12074  2.3578e-01 2.5860e-11 9.5570e-12
12075  2.3578e-01 2.6236e-11 1.1090e-11
12076  2.3578e-01 2.6524e-11 1.2611e-11
12077  2.3578e-01 2.6725e-11 1.4087e-11
12078  2.3578e-01 2.6839e-11 1.5513e-11
12079  2.3578e-01 2.6865e-11 1.6884e-11
12080  2.3578e-01 2.6803e-11 1.8289e-11
12081  2.3578e-01 2.6651e-11 2.0269e-11
12082  2.3578e-01 2.6414e-11 2.2179e-11
12083  2.3578e-01 2.6089e-11 2.4010e-11
12084  2.3578e-01 2.5679e-11 2.5757e-11
12085  2.3578e-01 2.5186e-11 2.7426e-11
12086  2.3578e-01 2.4612e-11 2.9003e-11
12087  2.3578e-01 2.3957e-11 3.0482e-11
12088  2.3578e-01 2.3226e-11 3.1856e-11
12089  2.3578e-01 2.2420e-11 3.3123e-11
12090  2.3578e-01 2.1542e-11 3.4276e-11
12091  2.3578e-01 2.0595e-11 3.5315e-11
12092  2.3578e-01 1.9584e-11 3.6235e-11
12093  2.3578e-01 1.8510e-11 3.7033e-11
12094  2.3578e-01 1.7379e-11 3.7707e-11
12095  2.3578e-01 1.6193e-11 3.8257e-11
12096  2.3578e-01 1.4957e-11 3.8678e-11
12097  2.3578e-01 1.3678e-11 3.8972e-11
12098  2.3578e-01 1.2369e-11 3.9136e-11
12099  2.3578e-01 1.1220e-11 3.9263e-11
12100  2.3578e-01 1.0141e-11 3.9443e-11
12101  2.3578e-01 9.0306e-12 3.9550e-11
12102  2.3578e-01 7.8937e-12 3.9598e-11
12103  2.3578e-01 6.7633e-12 3.9659e-11
12104  2.3578e-01 5.6130e-12 3.9643e-11
12105  2.3578e-01 5.4881e-12 3.9499e-11
12106  2.3578e-01 5.8141e-12 3.9227e-11
12107  2.3578e-01 6.5977e-12 3.8854e-11
12108  2.3578e-01 7.4446e-12 3.8355e-11
12109  2.3578e-01 8.3571e-12 3.7731e-11
12110  2.3578e-01 9.4069e-12 3.6985e-11
12111  2.3578e-01 1.0480e-11 3.6119e-11
12112  2.3578e-01 1.1568e-11 3.5137e-11
12113  2.3578e-01 1.2616e-11 3.4042e-11
12114  2.3578e-01 1.3631e-11 3.2838e-11
12115  2.3578e-01 1.4631e-11 3.1528e-11
12116  2.3578e-01 1.5580e-11 3.0187e-11
12117  2.3578e-01 1.6476e-11 2.8871e-11
12118  2.3578e-01 1.7328e-11 2.7464e-11
12119  2.3578e-01 1.8140e-11 2.5971e-11
12120  2.3578e-01 1.8890e-11 2.4396e-11
12121  2.3578e-01 1.9576e-11 2.2744e-11
12122  2.3578e-01 2.0196e-11 2.1023e-11
12123  2.3578e-01 2.0747e-11 1.9236e-11
12124  2.3578e-01 2.1350e-11 1.7392e-11
12125  2.3578e-01 2.2065e-11 1.5505e-11
12126  2.3578e-01 2.2707e-11 1.3583e-11
12127  2.3578e-01 2.3272e-11 1.1621e-11
12128  2.3578e-01 2.3759e-11 9.6265e-12
12129  2.3578e-01 2.4166e-11 9.2396e-12
12130  2.3578e-01 2.4493e-11 1.0666e-11
12131  2.3578e-01 2.4738e-11 1.2074e-11
12132  2.3578e-01 2.4902e-11 1.3439e-11
12133  2.3578e-01 2.4985e-11 1.4756e-11
12134  2.3578e-01 2.4985e-11 1.6021e-11
12135  2.3578e-01 2.4904e-11 1.7478e-11
12136  2.3578e-01 2.4740e-11 1.9308e-11
12137  2.3578e-01 2.4497e-11 2.1071e-11
12138  2.3578e-01 2.4171e-11 2.2759e-11
12139  2.3578e-01 2.3769e-11 2.4369e-11
12140  2.3578e-01 2.3288e-11 2.5906e-11
12141  2.3578e-01 2.2733e-11 2.7355e-11
12142  2.3578e-01 2.2103e-11 2.8711e-11
12143  2.3578e-01 2.1404e-11 2.9969e-11
12144  2.3578e-01 2.0634e-11 3.1125e-11
12145  2.3578e-01 1.9800e-11 3.2176e-11
12146  2.3578e-01 1.8902e-11 3.3118e-11
12147  2.3578e-01 1.7945e-11 3.3949e-11
12148  2.3578e-01 1.6931e-11 3.4667e-11
12149  2.3578e-01 1.5864e-11 3.5269e-11
12150  2.3578e-01 1.4747e-11 3.5753e-11
12151  2.3578e-01 1.3585e-11 3.6118e-11
12152  2.3578e-01 1.2385e-11 3.6364e-11
12153  2.3578e-01 1.1157e-11 3.6490e-11
12154  2.3578e-01 1.0121e-11 3.6643e-11
12155  2.3578e-01 9.1096e-12 3.6783e-11
12156  2.3578e-01 8.0698e-12 3.6855e-11
12157  2.3578e-01 7.0153e-12 3.6870e-11
12158  2.3578e-01 5.9596e-12 3.6947e-11
12159  2.3578e-01 4.8948e-12 3.6906e-11
12160  2.3578e-01 5.1958e-12 3.6743e-11
12161  2.3578e-01 5.5779e-12 3.6469e-11
12162  2.3578e-01 6.3593e-12 3.6095e-11
12163  2.3578e-01 7.1700e-12 3.5603e-11
12164  2.3578e-01 8.0204e-12 3.4996e-11
12165  2.3578e-01 9.0338e-12 3.4275e-11
12166  2.3578e-01 1.0036e-11 3.3443e-11
12167  2.3578e-01 1.1038e-11 3.2504e-11
12168  2.3578e-01 1.2000e-11 3.1460e-11
12169  2.3578e-01 1.2942e-11 3.0316e-11
12170  2.3578e-01 1.3859e-11 2.9075e-11
12171  2.3578e-01 1.4727e-11 2.7842e-11
12172  2.3578e-01 1.5545e-11 2.6596e-11
12173  2.3578e-01 1.6328e-11 2.5267e-11
12174  2.3578e-01 1.7066e-11 2.3857e-11
12175  2.3578e-01 1.7746e-11 2.2374e-11
12176  2.3578e-01 1.8366e-11 2.0820e-11
12177  2.3578e-01 1.8924e-11 1.9201e-11
12178  2.3578e-01 1.9418e-11 1.7524e-11
12179  2.3578e-01 2.0041e-11 1.5794e-11
12180  2.3578e-01 2.0686e-11 1.4031e-11
12181  2.3578e-01 2.1263e-11 1.2231e-11
12182  2.3578e-01 2.1767e-11 1.0396e-11
12183  2.3578e-01 2.2200e-11 8.5308e-12
12184  2.3578e-01 2.2557e-11 8.9066e-12
12185  2.3578e-01 2.2839e-11 1.0233e-11
12186  2.3578e-01 2.3046e-11 1.1536e-11
12187  2.3578e-01 2.3177e-11 1.2798e-11
12188  2.3578e-01 2.3233e-11 1.4015e-11
12189  2.3578e-01 2.3211e-11 1.5182e-11
12190  2.3578e-01 2.3114e-11 1.6667e-11
12191  2.3578e-01 2.2940e-11 1.8358e-11
12192  2.3578e-01 2.2692e-11 1.9985e-11
12193  2.3578e-01 2.2369e-11 2.1542e-11
12194  2.3578e-01 2.1974e-11 2.3026e-11
12195  2.3578e-01 2.1507e-11 2.4440e-11
12196  2.3578e-01 2.0971e-11 2.5771e-11
12197  2.3578e-01 2.0367e-11 2.7014e-11
12198  2.3578e-01 1.9698e-11 2.8164e-11
12199  2.3578e-01 1.8965e-11 2.9219e-11
12200  2.3578e-01 1.8172e-11 3.0175e-11
12201  2.3578e-01 1.7321e-11 3.1030e-11
12202  2.3578e-01 1.6415e-11 3.1780e-11
12203  2.3578e-01 1.5458e-11 3.2424e-11
12204  2.3578e-01 1.4452e-11 3.2959e-11
12205  2.3578e-01 1.3401e-11 3.3385e-11
12206  2.3578e-01 1.2310e-11 3.3700e-11
12207  2.3578e-01 1.1187e-11 3.3904e-11
12208  2.3578e-01 1.0059e-11 3.3995e-11
12209  2.3578e-01 9.1392e-12 3.4164e-11
12210  2.3578e-01 8.1906e-12 3.4268e-11
12211  2.3578e-01 7.2182e-12 3.4352e-11
12212  2.3578e-01 6.2397e-12 3.4385e-11
12213  2.3578e-01 5.2532e-12 3.4434e-11
12214  2.3578e-01 4.6239e-12 3.4369e-11
12215  2.3578e-01 4.9145e-12 3.4192e-11
12216  2.3578e-01 5.4015e-12 3.3919e-11
12217  2.3578e-01 6.1238e-12 3.3545e-11
12218  2.3578e-01 6.9010e-12 3.3062e-11
12219  2.3578e-01 7.7402e-12 3.2472e-11
12220  2.3578e-01 8.6766e-12 3.1777e-11
12221  2.3578e-01 9.6145e-12 3.0979e-11
12222  2.3578e-01 1.0535e-11 3.0081e-11
12223  2.3578e-01 1.1419e-11 2.9087e-11
12224  2.3578e-01 1.2294e-11 2.8000e-11
12225  2.3578e-01 1.3133e-11 2.6823e-11
12226  2.3578e-01 1.3927e-11 2.5695e-11
12227  2.3578e-01 1.4673e-11 2.4516e-11
12228  2.3578e-01 1.5393e-11 2.3260e-11
12229  2.3578e-01 1.6064e-11 2.1930e-11
12230  2.3578e-01 1.6680e-11 2.0533e-11
12231  2.3578e-01 1.7240e-11 1.9070e-11
12232  2.3578e-01 1.7741e-11 1.7550e-11
12233  2.3578e-01 1.8183e-11 1.5975e-11
12234  2.3578e-01 1.8822e-11 1.4353e-11
12235  2.3578e-01 1.9405e-11 1.2705e-11
12236  2.3578e-01 1.9922e-11 1.1020e-11
12237  2.3578e-01 2.0372e-11 9.3027e-12
12238  2.3578e-01 2.0754e-11 7.5602e-12
12239  2.3578e-01 2.1067e-11 8.5856e-12
12240  2.3578e-01 2.1309e-11 9.8198e-12
12241  2.3578e-01 2.1482e-11 1.1025e-11
12242  2.3578e-01 2.1584e-11 1.2191e-11
12243  2.3578e-01 2.1616e-11 1.3315e-11
12244  2.3578e-01 2.1576e-11 1.4391e-11
12245  2.3578e-01 2.1465e-11 1.5902e-11
12246  2.3578e-01 2.1284e-11 1.7464e-11
12247  2.3578e-01 2.1033e-11 1.8966e-11
12248  2.3578e-01 2.0714e-11 2.0400e-11
12249  2.3578e-01 2.0327e-11 2.1769e-11
12250  2.3578e-01 1.9874e-11 2.3069e-11
12251  2.3578e-01 1.9358e-11 2.4290e-11
12252  2.3578e-01 1.8778e-11 2.5428e-11
12253  2.3578e-01 1.8139e-11 2.6480e-11
12254  2.3578e-01 1.7441e-11 2.7442e-11
12255  2.3578e-01 1.6689e-11 2.8311e-11
12256  2.3578e-01 1.5882e-11 2.9085e-11
12257  2.3578e-01 1.5026e-11 2.9761e-11
12258  2.3578e-01 1.4123e-11 3.0338e-11
12259  2.3578e-01 1.3176e-11 3.0814e-11
12260  2.3578e-01 1.2187e-11 3.1187e-11
12261  2.3578e-01 1.1161e-11 3.1457e-11
12262  2.3578e-01 1.0108e-11 3.1623e-11
12263  2.3578e-01 9.0879e-12 3.1692e-11
12264  2.3578e-01 8.2250e-12 3.1870e-11
12265  2.3578e-01 7.3368e-12 3.1943e-11
12266  2.3578e-01 6.4273e-12 3.1999e-11
12267  2.3578e-01 5.5198e-12 3.2047e-11
12268  2.3578e-01 4.5991e-12 3.2068e-11
12269  2.3578e-01 4.3816e-12 3.1984e-11
12270  2.3578e-01 4.6477e-12 3.1795e-11
12271  2.3578e-01 5.2190e-12 3.1522e-11
12272  2.3578e-01 5.8900e-12 3.1151e-11
12273  2.3578e-01 6.6279e-12 3.0678e-11
12274  2.3578e-01 7.4491e-12 3.0106e-11
12275  2.3578e-01 8.3116e-12 2.9436e-11
12276  2.3578e-01 9.1874e-12 2.8671e-11
12277  2.3578e-01 1.0034e-11 2.7814e-11
12278  2.3578e-01 1.0848e-11 2.6868e-11
12279  2.3578e-01 1.1657e-11 2.5836e-11
12280  2.3578e-01 1.2425e-11 2.4725e-11
12281  2.3578e-01 1.3150e-11 2.3685e-11
12282  2.3578e-01 1.3834e-11 2.2570e-11
12283  2.3578e-01 1.4493e-11 2.1384e-11
12284  2.3578e-01 1.5101e-11 2.0131e-11
12285  2.3578e-01 1.5659e-11 1.8814e-11
12286  2.3578e-01 1.6163e-11 1.7439e-11
12287  2.3578e-01 1.6614e-11 1.6010e-11
12288  2.3578e-01 1.7071e-11 1.4533e-11
12289  2.3578e-01 1.7656e-11 1.3016e-11
12290  2.3578e-01 1.8180e-11 1.1472e-11
12291  2.3578e-01 1.8644e-11 9.8954e-12
12292  2.3578e-01 1.9045e-11 8.2898e-12
12293  2.3578e-01 1.9382e-11 7.0982e-12
12294  2.3578e-01 1.9654e-11 8.2553e-12
12295  2.3578e-01 1.9861e-11 9.4031e-12
12296  2.3578e-01 2.0003e-11 1.0518e-11
12297  2.3578e-01 2.0079e-11 1.1595e-11
12298  2.3578e-01 2.0090e-11 1.2632e-11
12299  2.3578e-01 2.0034e-11 1.3647e-11
12300  2.3578e-01 1.9913e-11 1.5144e-11
12301  2.3578e-01 1.9725e-11 1.6586e-11
12302  2.3578e-01 1.9474e-11 1.7971e-11
12303  2.3578e-01 1.9159e-11 1.9293e-11
12304  2.3578e-01 1.8782e-11 2.0555e-11
12305  2.3578e-01 1.8344e-11 2.1750e-11
12306  2.3578e-01 1.7847e-11 2.2869e-11
12307  2.3578e-01 1.7292e-11 2.3912e-11
12308  2.3578e-01 1.6682e-11 2.4873e-11
12309  2.3578e-01 1.6018e-11 2.5749e-11
12310  2.3578e-01 1.5304e-11 2.6539e-11
12311  2.3578e-01 1.4541e-11 2.7239e-11
12312  2.3578e-01 1.3732e-11 2.7848e-11
12313  2.3578e-01 1.2879e-11 2.8364e-11
12314  2.3578e-01 1.1988e-11 2.8785e-11
12315  2.3578e-01 1.1058e-11 2.9111e-11
12316  2.3578e-01 1.0095e-11 2.9340e-11
12317  2.3578e-01 9.1111e-12 2.9472e-11
12318  2.3578e-01 8.2181e-12 2.9559e-11
12319  2.3578e-01 7.4084e-12 2.9703e-11
12320  2.3578e-01 6.5775e-12 2.9772e-11
12321  2.3578e-01 5.7307e-12 2.9813e-11
12322  2.3578e-01 4.8848e-12 2.9878e-11
12323  2.3578e-01 4.0287e-12 2.9875e-11
12324  2.3578e-01 4.1478e-12 2.9774e-11
12325  2.3578e-01 4.4175e-12 2.9577e-11
12326  2.3578e-01 5.0369e-12 2.9306e-11
12327  2.3578e-01 5.6815e-12 2.8938e-11
12328  2.3578e-01 6.3623e-12 2.8476e-11
12329  2.3578e-01 7.1685e-12 2.7922e-11
12330  2.3578e-01 7.9729e-12 2.7278e-11
12331  2.3578e-01 8.7816e-12 2.6545e-11
12332  2.3578e-01 9.5599e-12 2.5728e-11
12333  2.3578e-01 1.0316e-11 2.4828e-11
12334  2.3578e-01 1.1057e-11 2.3848e-11
12335  2.3578e-01 1.1760e-11 2.2830e-11
12336  2.3578e-01 1.2422e-11 2.1845e-11
12337  2.3578e-01 1.3051e-11 2.0791e-11
12338  2.3578e-01 1.3650e-11 1.9671e-11
12339  2.3578e-01 1.4202e-11 1.8489e-11
12340  2.3578e-01 1.4706e-11 1.7250e-11
12341  2.3578e-01 1.5161e-11 1.5957e-11
12342  2.3578e-01 1.5564e-11 1.4615e-11
12343  2.3578e-01 1.6042e-11 1.3229e-11
12344  2.3578e-01 1.6571e-11 1.1810e-11
12345  2.3578e-01 1.7042e-11 1.0365e-11
12346  2.3578e-01 1.7457e-11 8.8887e-12
12347  2.3578e-01 1.7813e-11 7.3878e-12
12348  2.3578e-01 1.8109e-11 6.8659e-12
12349  2.3578e-01 1.8345e-11 7.9415e-12
12350  2.3578e-01 1.8520e-11 9.0048e-12
12351  2.3578e-01 1.8636e-11 1.0036e-11
12352  2.3578e-01 1.8689e-11 1.1031e-11
12353  2.3578e-01 1.8682e-11 1.1988e-11
12354  2.3578e-01 1.8612e-11 1.3044e-11
12355  2.3578e-01 1.8482e-11 1.4427e-11
12356  2.3578e-01 1.8291e-11 1.5759e-11
12357  2.3578e-01 1.8041e-11 1.7036e-11
12358  2.3578e-01 1.7731e-11 1.8253e-11
12359  2.3578e-01 1.7364e-11 1.9416e-11
12360  2.3578e-01 1.6941e-11 2.0514e-11
12361  2.3578e-01 1.6464e-11 2.1541e-11
12362  2.3578e-01 1.5932e-11 2.2495e-11
12363  2.3578e-01 1.5351e-11 2.3372e-11
12364  2.3578e-01 1.4720e-11 2.4170e-11
12365  2.3578e-01 1.4043e-11 2.4887e-11
12366  2.3578e-01 1.3320e-11 2.5520e-11
12367  2.3578e-01 1.2557e-11 2.6067e-11
12368  2.3578e-01 1.1753e-11 2.6528e-11
12369  2.3578e-01 1.0913e-11 2.6900e-11
12370  2.3578e-01 1.0039e-11 2.7183e-11
12371  2.3578e-01 9.1358e-12 2.7375e-11
12372  2.3578e-01 8.2147e-12 2.7478e-11
12373  2.3578e-01 7.4091e-12 2.7584e-11
12374  2.3578e-01 6.6506e-12 2.7698e-11
12375  2.3578e-01 5.8727e-12 2.7743e-11
12376  2.3578e-01 5.0873e-12 2.7767e-11
12377  2.3578e-01 4.2974e-12 2.7835e-11
12378  2.3578e-01 3.6887e-12 2.7812e-11
12379  2.3578e-01 3.9259e-12 2.7697e-11
12380  2.3578e-01 4.2666e-12 2.7498e-11
12381  2.3578e-01 4.8512e-12 2.7225e-11
12382  2.3578e-01 5.4677e-12 2.6862e-11
12383  2.3578e-01 6.1238e-12 2.6412e-11
12384  2.3578e-01 6.8796e-12 2.5876e-11
12385  2.3578e-01 7.6313e-12 2.5258e-11
12386  2.3578e-01 8.3753e-12 2.4557e-11
12387  2.3578e-01 9.0899e-12 2.3777e-11
12388  2.3578e-01 9.7918e-12 2.2921e-11
12389  2.3578e-01 1.0470e-11 2.1993e-11
12390  2.3578e-01 1.1113e-11 2.1057e-11
12391  2.3578e-01 1.1717e-11 2.0125e-11
12392  2.3578e-01 1.2296e-11 1.9128e-11
12393  2.3578e-01 1.2841e-11 1.8072e-11
12394  2.3578e-01 1.3341e-11 1.6958e-11
12395  2.3578e-01 1.3796e-11 1.5792e-11
12396  2.3578e-01 1.4205e-11 1.4577e-11
12397  2.3578e-01 1.4565e-11 1.3317e-11
12398  2.3578e-01 1.5057e-11 1.2016e-11
12399  2.3578e-01 1.5534e-11 1.0690e-11
12400  2.3578e-01 1.5957e-11 9.3371e-12
12401  2.3578e-01 1.6328e-11 7.9562e-12
12402  2.3578e-01 1.6643e-11 6.5534e-12
12403  2.3578e-01 1.6903e-11 6.6227e-12
12404  2.3578e-01 1.7106e-11 7.6233e-12
12405  2.3578e-01 1.7253e-11 8.6069e-12
12406  2.3578e-01 1.7344e-11 9.5603e-12
12407  2.3578e-01 1.7378e-11 1.0479e-11
12408  2.3578e-01 1.7355e-11 1.1362e-11
12409  2.3578e-01 1.7274e-11 1.2444e-11
12410  2.3578e-01 1.7137e-11 1.3721e-11
12411  2.3578e-01 1.6943e-11 1.4951e-11
12412  2.3578e-01 1.6695e-11 1.6128e-11
12413  2.3578e-01 1.6391e-11 1.7250e-11
12414  2.3578e-01 1.6035e-11 1.8321e-11
12415  2.3578e-01 1.5627e-11 1.9328e-11
12416  2.3578e-01 1.5169e-11 2.0269e-11
12417  2.3578e-01 1.4661e-11 2.1142e-11
12418  2.3578e-01 1.4107e-11 2.1942e-11
12419  2.3578e-01 1.3508e-11 2.2668e-11
12420  2.3578e-01 1.2866e-11 2.3319e-11
12421  2.3578e-01 1.2183e-11 2.3890e-11
12422  2.3578e-01 1.1462e-11 2.4382e-11
12423  2.3578e-01 1.0705e-11 2.4792e-11
12424  2.3578e-01 9.9152e-12 2.5120e-11
12425  2.3578e-01 9.0943e-12 2.5364e-11
12426  2.3578e-01 8.2497e-12 2.5524e-11
12427  2.3578e-01 7.3864e-12 2.5600e-11
12428  2.3578e-01 6.6848e-12 2.5720e-11
12429  2.3578e-01 5.9742e-12 2.5805e-11
12430  2.3578e-01 5.2467e-12 2.5857e-11
12431  2.3578e-01 4.5179e-12 2.5897e-11
12432  2.3578e-01 3.7798e-12 2.5940e-11
12433  2.3578e-01 3.4952e-12 2.5900e-11
12434  2.3578e-01 3.7125e-12 2.5773e-11
12435  2.3578e-01 4.1280e-12 2.5573e-11
12436  2.3578e-01 4.6682e-12 2.5300e-11
12437  2.3578e-01 5.2587e-12 2.4943e-11
12438  2.3578e-01 5.9058e-12 2.4506e-11
12439  2.3578e-01 6.6022e-12 2.3989e-11
12440  2.3578e-01 7.3052e-12 2.3395e-11
12441  2.3578e-01 7.9895e-12 2.2725e-11
12442  2.3578e-01 8.6453e-12 2.1982e-11
12443  2.3578e-01 9.2970e-12 2.1169e-11
12444  2.3578e-01 9.9186e-12 2.0289e-11
12445  2.3578e-01 1.0506e-11 1.9432e-11
12446  2.3578e-01 1.1057e-11 1.8549e-11
12447  2.3578e-01 1.1589e-11 1.7608e-11
12448  2.3578e-01 1.2083e-11 1.6611e-11
12449  2.3578e-01 1.2537e-11 1.5562e-11
12450  2.3578e-01 1.2947e-11 1.4465e-11
12451  2.3578e-01 1.3314e-11 1.3323e-11
12452  2.3578e-01 1.3663e-11 1.2140e-11
12453  2.3578e-01 1.4139e-11 1.0920e-11
12454  2.3578e-01 1.4569e-11 9.6807e-12
12455  2.3578e-01 1.4948e-11 8.4142e-12
12456  2.3578e-01 1.5278e-11 7.1225e-12
12457  2.3578e-01 1.5557e-11 5.8113e-12
12458  2.3578e-01 1.5784e-11 6.3866e-12
12459  2.3578e-01 1.5958e-11 7.3174e-12
12460  2.3578e-01 1.6081e-11 8.2276e-12
12461  2.3578e-01 1.6151e-11 9.1082e-12
12462  2.3578e-01 1.6166e-11 9.9569e-12
12463  2.3578e-01 1.6130e-11 1.0770e-11
12464  2.3578e-01 1.6039e-11 1.1875e-11
12465  2.3578e-01 1.5897e-11 1.3055e-11
12466  2.3578e-01 1.5702e-11 1.4189e-11
12467  2.3578e-01 1.5457e-11 1.5274e-11
12468  2.3578e-01 1.5161e-11 1.6309e-11
12469  2.3578e-01 1.4816e-11 1.7293e-11
12470  2.3578e-01 1.4423e-11 1.8217e-11
12471  2.3578e-01 1.3983e-11 1.9080e-11
12472  2.3578e-01 1.3499e-11 1.9877e-11
12473  2.3578e-01 1.2972e-11 2.0607e-11
12474  2.3578e-01 1.2403e-11 2.1268e-11
12475  2.3578e-01 1.1795e-11 2.1856e-11
12476  2.3578e-01 1.1149e-11 2.2372e-11
12477  2.3578e-01 1.0469e-11 2.2812e-11
12478  2.3578e-01 9.7561e-12 2.3177e-11
12479  2.3578e-01 9.0131e-12 2.3464e-11
12480  2.3578e-01 8.2421e-12 2.3674e-11
12481  2.3578e-01 7.4510e-12 2.3805e-11
12482  2.3578e-01 6.6595e-12 2.3858e-11
12483  2.3578e-01 6.0128e-12 2.3991e-11
12484  2.3578e-01 5.3472e-12 2.4053e-11
12485  2.3578e-01 4.6675e-12 2.4085e-11
12486  2.3578e-01 3.9912e-12 2.4136e-11
12487  2.3578e-01 3.3031e-12 2.4158e-11
12488  2.3578e-01 3.3110e-12 2.4102e-11
12489  2.3578e-01 3.5103e-12 2.3966e-11
12490  2.3578e-01 3.9854e-12 2.3767e-11
12491  2.3578e-01 4.4964e-12 2.3494e-11
12492  2.3578e-01 5.0469e-12 2.3145e-11
12493  2.3578e-01 5.6793e-12 2.2720e-11
12494  2.3578e-01 6.3241e-12 2.2222e-11
12495  2.3578e-01 6.9772e-12 2.1652e-11
12496  2.3578e-01 7.6062e-12 2.1013e-11
12497  2.3578e-01 8.2132e-12 2.0306e-11
12498  2.3578e-01 8.8125e-12 1.9534e-11
12499  2.3578e-01 9.3814e-12 1.8700e-11
12500  2.3578e-01 9.9177e-12 1.7913e-11
12501  2.3578e-01 1.0424e-11 1.7078e-11
12502  2.3578e-01 1.0909e-11 1.6189e-11
12503  2.3578e-01 1.1358e-11 1.5249e-11
12504  2.3578e-01 1.1768e-11 1.4261e-11
12505  2.3578e-01 1.2137e-11 1.3229e-11
12506  2.3578e-01 1.2467e-11 1.2157e-11
12507  2.3578e-01 1.2831e-11 1.1047e-11
12508  2.3578e-01 1.3262e-11 9.9052e-12
12509  2.3578e-01 1.3648e-11 8.7449e-12
12510  2.3578e-01 1.3989e-11 7.5592e-12
12511  2.3578e-01 1.4282e-11 6.3515e-12
12512  2.3578e-01 1.4527e-11 5.2710e-12
12513  2.3578e-01 1.4724e-11 6.1441e-12
12514  2.3578e-01 1.4873e-11 7.0098e-12
12515  2.3578e-01 1.4973e-11 7.8515e-12
12516  2.3578e-01 1.5023e-11 8.6654e-12
12517  2.3578e-01 1.5025e-11 9.4485e-12
12518  2.3578e-01 1.4976e-11 1.0199e-11
12519  2.3578e-01 1.4879e-11 1.1311e-11
12520  2.3578e-01 1.4732e-11 1.2402e-11
12521  2.3578e-01 1.4538e-11 1.3448e-11
12522  2.3578e-01 1.4296e-11 1.4447e-11
12523  2.3578e-01 1.4008e-11 1.5402e-11
12524  2.3578e-01 1.3674e-11 1.6306e-11
12525  2.3578e-01 1.3296e-11 1.7154e-11
12526  2.3578e-01 1.2876e-11 1.7943e-11
12527  2.3578e-01 1.2414e-11 1.8672e-11
12528  2.3578e-01 1.1912e-11 1.9337e-11
12529  2.3578e-01 1.1373e-11 1.9937e-11
12530  2.3578e-01 1.0797e-11 2.0470e-11
12531  2.3578e-01 1.0187e-11 2.0934e-11
12532  2.3578e-01 9.5460e-12 2.1329e-11
12533  2.3578e-01 8.8749e-12 2.1652e-11
12534  2.3578e-01 8.1760e-12 2.1903e-11
12535  2.3578e-01 7.4524e-12 2.2081e-11
12536  2.3578e-01 6.7132e-12 2.2187e-11
12537  2.3578e-01 6.0176e-12 2.2246e-11
12538  2.3578e-01 5.4112e-12 2.2360e-11
12539  2.3578e-01 4.7885e-12 2.2404e-11
12540  2.3578e-01 4.1575e-12 2.2439e-11
12541  2.3578e-01 3.5256e-12 2.2501e-11
12542  2.3578e-01 2.9402e-12 2.2505e-11
12543  2.3578e-01 3.1337e-12 2.2436e-11
12544  2.3578e-01 3.3704e-12 2.2293e-11
12545  2.3578e-01 3.8430e-12 2.2094e-11
12546  2.3578e-01 4.3335e-12 2.1824e-11
12547  2.3578e-01 4.8499e-12 2.1482e-11
12548  2.3578e-01 5.4606e-12 2.1071e-11
12549  2.3578e-01 6.0636e-12 2.0591e-11
12550  2.3578e-01 6.6650e-12 2.0046e-11
12551  2.3578e-01 7.2425e-12 1.9435e-11
12552  2.3578e-01 7.8064e-12 1.8763e-11
12553  2.3578e-01 8.3557e-12 1.8030e-11
12554  2.3578e-01 8.8757e-12 1.7257e-11
12555  2.3578e-01 9.3656e-12 1.6520e-11
12556  2.3578e-01 9.8310e-12 1.5731e-11
12557  2.3578e-01 1.0272e-11 1.4891e-11
12558  2.3578e-01 1.0679e-11 1.4005e-11
12559  2.3578e-01 1.1049e-11 1.3075e-11
12560  2.3578e-01 1.1382e-11 1.2105e-11
12561  2.3578e-01 1.1677e-11 1.1097e-11
12562  2.3578e-01 1.2055e-11 1.0056e-11
12563  2.3578e-01 1.2445e-11 8.9884e-12
12564  2.3578e-01 1.2792e-11 7.9016e-12
12565  2.3578e-01 1.3096e-11 6.7922e-12
12566  2.3578e-01 1.3356e-11 5.6629e-12
12567  2.3578e-01 1.3572e-11 5.1011e-12
12568  2.3578e-01 1.3742e-11 5.9123e-12
12569  2.3578e-01 1.3867e-11 6.7147e-12
12570  2.3578e-01 1.3948e-11 7.4929e-12
12571  2.3578e-01 1.3982e-11 8.2447e-12
12572  2.3578e-01 1.3970e-11 8.9672e-12
12573  2.3578e-01 1.3912e-11 9.7336e-12
12574  2.3578e-01 1.3808e-11 1.0778e-11
12575  2.3578e-01 1.3659e-11 1.1784e-11
12576  2.3578e-01 1.3466e-11 1.2749e-11
12577  2.3578e-01 1.3228e-11 1.3670e-11
12578  2.3578e-01 1.2948e-11 1.4549e-11
12579  2.3578e-01 1.2626e-11 1.5380e-11
12580  2.3578e-01 1.2263e-11 1.6157e-11
12581  2.3578e-01 1.1861e-11 1.6880e-11
12582  2.3578e-01 1.1421e-11 1.7545e-11
12583  2.3578e-01 1.0944e-11 1.8151e-11
12584  2.3578e-01 1.0433e-11 1.8696e-11
12585  2.3578e-01 9.8882e-12 1.9177e-11
12586  2.3578e-01 9.3129e-12 1.9595e-11
12587  2.3578e-01 8.7081e-12 1.9947e-11
12588  2.3578e-01 8.0765e-12 2.0233e-11
12589  2.3578e-01 7.4199e-12 2.0451e-11
12590  2.3578e-01 6.7406e-12 2.0602e-11
12591  2.3578e-01 6.0488e-12 2.0684e-11
12592  2.3578e-01 5.4225e-12 2.0759e-11
12593  2.3578e-01 4.8542e-12 2.0849e-11
12594  2.3578e-01 4.2715e-12 2.0877e-11
12595  2.3578e-01 3.6865e-12 2.0905e-11
12596  2.3578e-01 3.0960e-12 2.0963e-11
12597  2.3578e-01 2.7879e-12 2.0951e-11
12598  2.3578e-01 2.9654e-12 2.0871e-11
12599  2.3578e-01 3.2619e-12 2.0726e-11
12600  2.3578e-01 3.6986e-12 2.0525e-11
12601  2.3578e-01 4.1675e-12 2.0259e-11
12602  2.3578e-01 4.6743e-12 1.9925e-11
12603  2.3578e-01 5.2375e-12 1.9528e-11
12604  2.3578e-01 5.8009e-12 1.9066e-11
12605  2.3578e-01 6.3535e-12 1.8544e-11
12606  2.3578e-01 6.8843e-12 1.7962e-11
12607  2.3578e-01 7.4074e-12 1.7323e-11
12608  2.3578e-01 7.9102e-12 1.6628e-11
12609  2.3578e-01 8.3859e-12 1.5918e-11
12610  2.3578e-01 8.8326e-12 1.5220e-11
12611  2.3578e-01 9.2605e-12 1.4474e-11
12612  2.3578e-01 9.6620e-12 1.3681e-11
12613  2.3578e-01 1.0030e-11 1.2847e-11
12614  2.3578e-01 1.0364e-11 1.1971e-11
12615  2.3578e-01 1.0663e-11 1.1059e-11
12616  2.3578e-01 1.0927e-11 1.0113e-11
12617  2.3578e-01 1.1314e-11 9.1364e-12
12618  2.3578e-01 1.1665e-11 8.1389e-12
12619  2.3578e-01 1.1976e-11 7.1210e-12
12620  2.3578e-01 1.2248e-11 6.0833e-12
12621  2.3578e-01 1.2478e-11 5.0273e-12
12622  2.3578e-01 1.2667e-11 4.9233e-12
12623  2.3578e-01 1.2813e-11 5.6779e-12
12624  2.3578e-01 1.2918e-11 6.4204e-12
12625  2.3578e-01 1.2981e-11 7.1400e-12
12626  2.3578e-01 1.3000e-11 7.8340e-12
12627  2.3578e-01 1.2977e-11 8.5006e-12
12628  2.3578e-01 1.2911e-11 9.2885e-12
12629  2.3578e-01 1.2802e-11 1.0253e-11
12630  2.3578e-01 1.2652e-11 1.1182e-11
12631  2.3578e-01 1.2461e-11 1.2072e-11
12632  2.3578e-01 1.2228e-11 1.2920e-11
12633  2.3578e-01 1.1957e-11 1.3730e-11
12634  2.3578e-01 1.1646e-11 1.4492e-11
12635  2.3578e-01 1.1299e-11 1.5205e-11
12636  2.3578e-01 1.0914e-11 1.5866e-11
12637  2.3578e-01 1.0495e-11 1.6473e-11
12638  2.3578e-01 1.0042e-11 1.7024e-11
12639  2.3578e-01 9.5579e-12 1.7518e-11
12640  2.3578e-01 9.0432e-12 1.7953e-11
12641  2.3578e-01 8.5001e-12 1.8328e-11
12642  2.3578e-01 7.9306e-12 1.8642e-11
12643  2.3578e-01 7.3362e-12 1.8894e-11
12644  2.3578e-01 6.7193e-12 1.9083e-11
12645  2.3578e-01 6.0844e-12 1.9209e-11
12646  2.3578e-01 5.4361e-12 1.9271e-11
12647  2.3578e-01 4.8887e-12 1.9355e-11
12648  2.3578e-01 4.3562e-12 1.9425e-11
12649  2.3578e-01 3.8112e-12 1.9456e-11
12650  2.3578e-01 3.2683e-12 1.9496e-11
12651  2.3578e-01 2.7172e-12 1.9535e-11
12652  2.3578e-01 2.6410e-12 1.9509e-11
12653  2.3578e-01 2.8037e-12 1.9420e-11
12654  2.3578e-01 3.1529e-12 1.9274e-11
12655  2.3578e-01 3.5595e-12 1.9073e-11
12656  2.3578e-01 4.0051e-12 1.8810e-11
12657  2.3578e-01 4.5039e-12 1.8486e-11
12658  2.3578e-01 5.0222e-12 1.8102e-11
12659  2.3578e-01 5.5489e-12 1.7659e-11
12660  2.3578e-01 6.0575e-12 1.7160e-11
12661  2.3578e-01 6.5451e-12 1.6605e-11
12662  2.3578e-01 7.0298e-12 1.5997e-11
12663  2.3578e-01 7.4904e-12 1.5339e-11
12664  2.3578e-01 7.9250e-12 1.4689e-11
12665  2.3578e-01 8.3322e-12 1.4027e-11
12666  2.3578e-01 8.7255e-12 1.3322e-11
12667  2.3578e-01 9.0899e-12 1.2575e-11
12668  2.3578e-01 9.4231e-12 1.1789e-11
12669  2.3578e-01 9.7243e-12 1.0965e-11
12670  2.3578e-01 9.9927e-12 1.0108e-11
12671  2.3578e-01 1.0270e-11 9.2194e-12
12672  2.3578e-01 1.0622e-11 8.3036e-12
12673  2.3578e-01 1.0938e-11 7.3710e-12
12674  2.3578e-01 1.1217e-11 6.4184e-12
12675  2.3578e-01 1.1459e-11 5.4475e-12
12676  2.3578e-01 1.1662e-11 4.4608e-12
12677  2.3578e-01 1.1826e-11 4.7500e-12
12678  2.3578e-01 1.1952e-11 5.4517e-12
12679  2.3578e-01 1.2038e-11 6.1388e-12
12680  2.3578e-01 1.2085e-11 6.8036e-12
12681  2.3578e-01 1.2092e-11 7.4445e-12
12682  2.3578e-01 1.2059e-11 8.0593e-12
12683  2.3578e-01 1.1986e-11 8.8652e-12
12684  2.3578e-01 1.1875e-11 9.7564e-12
12685  2.3578e-01 1.1724e-11 1.0614e-11
12686  2.3578e-01 1.1535e-11 1.1434e-11
12687  2.3578e-01 1.1309e-11 1.2216e-11
12688  2.3578e-01 1.1046e-11 1.2960e-11
12689  2.3578e-01 1.0747e-11 1.3659e-11
12690  2.3578e-01 1.0414e-11 1.4312e-11
12691  2.3578e-01 1.0047e-11 1.4917e-11
12692  2.3578e-01 9.6480e-12 1.5470e-11
12693  2.3578e-01 9.2187e-12 1.5972e-11
12694  2.3578e-01 8.7600e-12 1.6420e-11
12695  2.3578e-01 8.2735e-12 1.6812e-11
12696  2.3578e-01 7.7615e-12 1.7148e-11
12697  2.3578e-01 7.2247e-12 1.7427e-11
12698  2.3578e-01 6.6660e-12 1.7648e-11
12699  2.3578e-01 6.0867e-12 1.7811e-11
12700  2.3578e-01 5.4922e-12 1.7914e-11
12701  2.3578e-01 4.8849e-12 1.7958e-11
12702  2.3578e-01 4.3944e-12 1.8054e-11
12703  2.3578e-01 3.8959e-12 1.8105e-11
12704  2.3578e-01 3.3893e-12 1.8123e-11
12705  2.3578e-01 2.8830e-12 1.8171e-11
12706  2.3578e-01 2.3719e-12 1.8193e-11
12707  2.3578e-01 2.5012e-12 1.8155e-11
12708  2.3578e-01 2.6670e-12 1.8059e-11
12709  2.3578e-01 3.0412e-12 1.7913e-11
12710  2.3578e-01 3.4305e-12 1.7712e-11
12711  2.3578e-01 3.8415e-12 1.7454e-11
12712  2.3578e-01 4.3282e-12 1.7139e-11
12713  2.3578e-01 4.8118e-12 1.6769e-11
12714  2.3578e-01 5.2973e-12 1.6344e-11
12715  2.3578e-01 5.7646e-12 1.5867e-11
12716  2.3578e-01 6.2175e-12 1.5339e-11
12717  2.3578e-01 6.6615e-12 1.4762e-11
12718  2.3578e-01 7.0832e-12 1.4137e-11
12719  2.3578e-01 7.4797e-12 1.3541e-11
12720  2.3578e-01 7.8540e-12 1.2915e-11
12721  2.3578e-01 8.2124e-12 1.2250e-11
12722  2.3578e-01 8.5426e-12 1.1544e-11
12723  2.3578e-01 8.8440e-12 1.0804e-11
12724  2.3578e-01 9.1150e-12 1.0029e-11
12725  2.3578e-01 9.3559e-12 9.2245e-12
12726  2.3578e-01 9.6446e-12 8.3903e-12
12727  2.3578e-01 9.9621e-12 7.5322e-12
12728  2.3578e-01 1.0247e-11 6.6605e-12
12729  2.3578e-01 1.0496e-11 5.7691e-12
12730  2.3578e-01 1.0711e-11 4.8611e-12
12731  2.3578e-01 1.0889e-11 3.9392e-12
12732  2.3578e-01 1.1032e-11 4.5721e-12
12733  2.3578e-01 1.1139e-11 5.2246e-12
12734  2.3578e-01 1.1209e-11 5.8599e-12
12735  2.3578e-01 1.1242e-11 6.4743e-12
12736  2.3578e-01 1.1237e-11 7.0657e-12
12737  2.3578e-01 1.1197e-11 7.6326e-12
12738  2.3578e-01 1.1118e-11 8.4473e-12
12739  2.3578e-01 1.1004e-11 9.2703e-12
12740  2.3578e-01 1.0854e-11 1.0061e-11
12741  2.3578e-01 1.0668e-11 1.0816e-11
12742  2.3578e-01 1.0448e-11 1.1537e-11
12743  2.3578e-01 1.0194e-11 1.2221e-11
12744  2.3578e-01 9.9068e-12 1.2863e-11
12745  2.3578e-01 9.5881e-12 1.3461e-11
12746  2.3578e-01 9.2382e-12 1.4013e-11
12747  2.3578e-01 8.8594e-12 1.4518e-11
12748  2.3578e-01 8.4519e-12 1.4973e-11
12749  2.3578e-01 8.0181e-12 1.5379e-11
12750  2.3578e-01 7.5586e-12 1.5732e-11
12751  2.3578e-01 7.0758e-12 1.6033e-11
12752  2.3578e-01 6.5705e-12 1.6281e-11
12753  2.3578e-01 6.0457e-12 1.6474e-11
12754  2.3578e-01 5.5013e-12 1.6613e-11
12755  2.3578e-01 4.9461e-12 1.6697e-11
12756  2.3578e-01 4.4062e-12 1.6736e-11
12757  2.3578e-01 3.9513e-12 1.6827e-11
12758  2.3578e-01 3.4849e-12 1.6862e-11
12759  2.3578e-01 3.0148e-12 1.6883e-11
12760  2.3578e-01 2.5419e-12 1.6939e-11
12761  2.3578e-01 2.2221e-12 1.6947e-11
12762  2.3578e-01 2.3670e-12 1.6899e-11
12763  2.3578e-01 2.5769e-12 1.6796e-11
12764  2.3578e-01 2.9304e-12 1.6651e-11
12765  2.3578e-01 3.3037e-12 1.6452e-11
12766  2.3578e-01 3.7032e-12 1.6199e-11
12767  2.3578e-01 4.1580e-12 1.5894e-11
12768  2.3578e-01 4.6103e-12 1.5537e-11
12769  2.3578e-01 5.0572e-12 1.5131e-11
12770  2.3578e-01 5.4864e-12 1.4675e-11
12771  2.3578e-01 5.9066e-12 1.4172e-11
12772  2.3578e-01 6.3137e-12 1.3625e-11
12773  2.3578e-01 6.6992e-12 1.3039e-11
12774  2.3578e-01 7.0610e-12 1.2487e-11
12775  2.3578e-01 7.4052e-12 1.1896e-11
12776  2.3578e-01 7.7311e-12 1.1267e-11
12777  2.3578e-01 8.0302e-12 1.0603e-11
12778  2.3578e-01 8.3023e-12 9.9048e-12
12779  2.3578e-01 8.5462e-12 9.1770e-12
12780  2.3578e-01 8.7614e-12 8.4202e-12
12781  2.3578e-01 9.0593e-12 7.6385e-12
12782  2.3578e-01 9.3464e-12 6.8356e-12
12783  2.3578e-01 9.6018e-12 6.0192e-12
12784  2.3578e-01 9.8247e-12 5.1849e-12
12785  2.3578e-01 1.0015e-11 4.3359e-12
12786  2.3578e-01 1.0171e-11 3.7895e-12
12787  2.3578e-01 1.0295e-11 4.4007e-12
12788  2.3578e-01 1.0385e-11 5.0060e-12
12789  2.3578e-01 1.0440e-11 5.5935e-12
12790  2.3578e-01 1.0461e-11 6.1608e-12
12791  2.3578e-01 1.0447e-11 6.7066e-12
12792  2.3578e-01 1.0399e-11 7.2620e-12
12793  2.3578e-01 1.0317e-11 8.0503e-12
12794  2.3578e-01 1.0201e-11 8.8102e-12
12795  2.3578e-01 1.0052e-11 9.5391e-12
12796  2.3578e-01 9.8702e-12 1.0235e-11
12797  2.3578e-01 9.6562e-12 1.0899e-11
12798  2.3578e-01 9.4111e-12 1.1528e-11
12799  2.3578e-01 9.1358e-12 1.2116e-11
12800  2.3578e-01 8.8309e-12 1.2663e-11
12801  2.3578e-01 8.4982e-12 1.3168e-11
12802  2.3578e-01 8.1376e-12 1.3627e-11
12803  2.3578e-01 7.7518e-12 1.4041e-11
12804  2.3578e-01 7.3412e-12 1.4407e-11
12805  2.3578e-01 6.9079e-12 1.4725e-11
12806  2.3578e-01 6.4526e-12 1.4994e-11
12807  2.3578e-01 5.9775e-12 1.5213e-11
12808  2.3578e-01 5.4836e-12 1.5382e-11
12809  2.3578e-01 4.9737e-12 1.5499e-11
12810  2.3578e-01 4.4537e-12 1.5565e-11
12811  2.3578e-01 3.9680e-12 1.5616e-11
12812  2.3578e-01 3.5420e-12 1.5689e-11
12813  2.3578e-01 3.1056e-12 1.5709e-11
12814  2.3578e-01 2.6696e-12 1.5734e-11
12815  2.3578e-01 2.2279e-12 1.5781e-11
12816  2.3578e-01 2.1064e-12 1.5777e-11
12817  2.3578e-01 2.2392e-12 1.5721e-11
12818  2.3578e-01 2.4918e-12 1.5615e-11
12819  2.3578e-01 2.8182e-12 1.5469e-11
12820  2.3578e-01 3.1750e-12 1.5272e-11
12821  2.3578e-01 3.5665e-12 1.5026e-11
12822  2.3578e-01 3.9856e-12 1.4730e-11
12823  2.3578e-01 4.4081e-12 1.4387e-11
12824  2.3578e-01 4.8188e-12 1.3997e-11
12825  2.3578e-01 5.2129e-12 1.3563e-11
12826  2.3578e-01 5.6028e-12 1.3085e-11
12827  2.3578e-01 5.9757e-12 1.2566e-11
12828  2.3578e-01 6.3278e-12 1.2027e-11
12829  2.3578e-01 6.6581e-12 1.1505e-11
12830  2.3578e-01 6.9746e-12 1.0946e-11
12831  2.3578e-01 7.2702e-12 1.0352e-11
12832  2.3578e-01 7.5411e-12 9.7258e-12
12833  2.3578e-01 7.7866e-12 9.0700e-12
12834  2.3578e-01 8.0056e-12 8.3850e-12
12835  2.3578e-01 8.2144e-12 7.6752e-12
12836  2.3578e-01 8.5014e-12 6.9409e-12
12837  2.3578e-01 8.7601e-12 6.1909e-12
12838  2.3578e-01 8.9890e-12 5.4267e-12
12839  2.3578e-01 9.1879e-12 4.6460e-12
12840  2.3578e-01 9.3558e-12 3.8527e-12
12841  2.3578e-01 9.4926e-12 3.6596e-12
12842  2.3578e-01 9.5985e-12 4.2283e-12
12843  2.3578e-01 9.6730e-12 4.7885e-12
12844  2.3578e-01 9.7154e-12 5.3314e-12
12845  2.3578e-01 9.7257e-12 5.8556e-12
12846  2.3578e-01 9.7040e-12 6.3589e-12
12847  2.3578e-01 9.6504e-12 6.9321e-12
12848  2.3578e-01 9.5650e-12 7.6605e-12
12849  2.3578e-01 9.4486e-12 8.3617e-12
12850  2.3578e-01 9.3011e-12 9.0339e-12
12851  2.3578e-01 9.1236e-12 9.6745e-12
12852  2.3578e-01 8.9163e-12 1.0287e-11
12853  2.3578e-01 8.6803e-12 1.0863e-11
12854  2.3578e-01 8.4162e-12 1.1403e-11
12855  2.3578e-01 8.1253e-12 1.1903e-11
12856  2.3578e-01 7.8083e-12 1.2364e-11
12857  2.3578e-01 7.4665e-12 1.2782e-11
12858  2.3578e-01 7.1010e-12 1.3157e-11
12859  2.3578e-01 6.7131e-12 1.3488e-11
12860  2.3578e-01 6.3038e-12 1.3774e-11
12861  2.3578e-01 5.8754e-12 1.4014e-11
12862  2.3578e-01 5.4282e-12 1.4207e-11
12863  2.3578e-01 4.9647e-12 1.4353e-11
12864  2.3578e-01 4.4872e-12 1.4451e-11
12865  2.3578e-01 4.0008e-12 1.4501e-11
12866  2.3578e-01 3.5743e-12 1.4561e-11
12867  2.3578e-01 3.1758e-12 1.4617e-11
12868  2.3578e-01 2.7686e-12 1.4636e-11
12869  2.3578e-01 2.3628e-12 1.4673e-11
12870  2.3578e-01 1.9516e-12 1.4706e-11
12871  2.3578e-01 1.9950e-12 1.4691e-11
12872  2.3578e-01 2.1167e-12 1.4627e-11
12873  2.3578e-01 2.4064e-12 1.4521e-11
12874  2.3578e-01 2.7161e-12 1.4373e-11
12875  2.3578e-01 3.0488e-12 1.4179e-11
12876  2.3578e-01 3.4330e-12 1.3939e-11
12877  2.3578e-01 3.8215e-12 1.3654e-11
12878  2.3578e-01 4.2138e-12 1.3324e-11
12879  2.3578e-01 4.5917e-12 1.2952e-11
12880  2.3578e-01 4.9556e-12 1.2538e-11
12881  2.3578e-01 5.3153e-12 1.2083e-11
12882  2.3578e-01 5.6564e-12 1.1591e-11
12883  2.3578e-01 5.9780e-12 1.1097e-11
12884  2.3578e-01 6.2793e-12 1.0603e-11
12885  2.3578e-01 6.5698e-12 1.0074e-11
12886  2.3578e-01 6.8382e-12 9.5148e-12
12887  2.3578e-01 7.0830e-12 8.9246e-12
12888  2.3578e-01 7.3044e-12 8.3073e-12
12889  2.3578e-01 7.5007e-12 7.6637e-12
12890  2.3578e-01 7.7206e-12 6.9971e-12
12891  2.3578e-01 7.9798e-12 6.3088e-12
12892  2.3578e-01 8.2130e-12 5.6076e-12
12893  2.3578e-01 8.4178e-12 4.8922e-12
12894  2.3578e-01 8.5949e-12 4.1620e-12
12895  2.3578e-01 8.7425e-12 3.4205e-12
12896  2.3578e-01 8.8617e-12 3.5323e-12
12897  2.3578e-01 8.9523e-12 4.0612e-12
12898  2.3578e-01 9.0132e-12 4.5795e-12
12899  2.3578e-01 9.0439e-12 5.0812e-12
12900  2.3578e-01 9.0454e-12 5.5651e-12
12901  2.3578e-01 9.0166e-12 6.0291e-12
12902  2.3578e-01 8.9584e-12 6.6176e-12
12903  2.3578e-01 8.8707e-12 7.2902e-12
12904  2.3578e-01 8.7542e-12 7.9375e-12
12905  2.3578e-01 8.6091e-12 8.5567e-12
12906  2.3578e-01 8.4361e-12 9.1477e-12
12907  2.3578e-01 8.2357e-12 9.7101e-12
12908  2.3578e-01 8.0088e-12 1.0239e-11
12909  2.3578e-01 7.7559e-12 1.0734e-11
12910  2.3578e-01 7.4784e-12 1.1191e-11
12911  2.3578e-01 7.1768e-12 1.1611e-11
12912  2.3578e-01 6.8527e-12 1.1991e-11
12913  2.3578e-01 6.5064e-12 1.2331e-11
12914  2.3578e-01 6.1401e-12 1.2630e-11
12915  2.3578e-01 5.7541e-12 1.2886e-11
12916  2.3578e-01 5.3508e-12 1.3100e-11
12917  2.3578e-01 4.9303e-12 1.3270e-11
12918  2.3578e-01 4.4951e-12 1.3395e-11
12919  2.3578e-01 4.0484e-12 1.3477e-11
12920  2.3578e-01 3.5925e-12 1.3513e-11
12921  2.3578e-01 3.2108e-12 1.3581e-11
12922  2.3578e-01 2.8377e-12 1.3623e-11
12923  2.3578e-01 2.4596e-12 1.3633e-11
12924  2.3578e-01 2.0809e-12 1.3675e-11
12925  2.3578e-01 1.7707e-12 1.3696e-11
12926  2.3578e-01 1.8890e-12 1.3671e-11
12927  2.3578e-01 2.0341e-12 1.3602e-11
12928  2.3578e-01 2.3194e-12 1.3495e-11
12929  2.3578e-01 2.6158e-12 1.3348e-11
12930  2.3578e-01 2.9295e-12 1.3157e-11
12931  2.3578e-01 3.2968e-12 1.2924e-11
12932  2.3578e-01 3.6598e-12 1.2648e-11
12933  2.3578e-01 4.0211e-12 1.2332e-11
12934  2.3578e-01 4.3680e-12 1.1976e-11
12935  2.3578e-01 4.7057e-12 1.1582e-11
12936  2.3578e-01 5.0355e-12 1.1150e-11
12937  2.3578e-01 5.3474e-12 1.0683e-11
12938  2.3578e-01 5.6411e-12 1.0231e-11
12939  2.3578e-01 5.9181e-12 9.7630e-12
12940  2.3578e-01 6.1824e-12 9.2637e-12
12941  2.3578e-01 6.4257e-12 8.7357e-12
12942  2.3578e-01 6.6471e-12 8.1800e-12
12943  2.3578e-01 6.8458e-12 7.5993e-12
12944  2.3578e-01 7.0218e-12 6.9946e-12
12945  2.3578e-01 7.2488e-12 6.3690e-12
12946  2.3578e-01 7.4838e-12 5.7239e-12
12947  2.3578e-01 7.6926e-12 5.0687e-12
12948  2.3578e-01 7.8764e-12 4.3990e-12
12949  2.3578e-01 8.0328e-12 3.7162e-12
12950  2.3578e-01 8.1635e-12 3.0233e-12
12951  2.3578e-01 8.2664e-12 3.4018e-12
12952  2.3578e-01 8.3426e-12 3.8935e-12
12953  2.3578e-01 8.3915e-12 4.3730e-12
12954  2.3578e-01 8.4124e-12 4.8363e-12
12955  2.3578e-01 8.4058e-12 5.2830e-12
12956  2.3578e-01 8.3711e-12 5.7109e-12
12957  2.3578e-01 8.3091e-12 6.3075e-12
12958  2.3578e-01 8.2201e-12 6.9285e-12
12959  2.3578e-01 8.1041e-12 7.5255e-12
12960  2.3578e-01 7.9617e-12 8.0960e-12
12961  2.3578e-01 7.7935e-12 8.6408e-12
12962  2.3578e-01 7.6001e-12 9.1579e-12
12963  2.3578e-01 7.3823e-12 9.6432e-12
12964  2.3578e-01 7.1406e-12 1.0096e-11
12965  2.3578e-01 6.8759e-12 1.0514e-11
12966  2.3578e-01 6.5895e-12 1.0897e-11
12967  2.3578e-01 6.2820e-12 1.1242e-11
12968  2.3578e-01 5.9547e-12 1.1550e-11
12969  2.3578e-01 5.6086e-12 1.1819e-11
12970  2.3578e-01 5.2449e-12 1.2049e-11
12971  2.3578e-01 4.8651e-12 1.2238e-11
12972  2.3578e-01 4.4701e-12 1.2387e-11
12973  2.3578e-01 4.0614e-12 1.2494e-11
12974  2.3578e-01 3.6442e-12 1.2561e-11
12975  2.3578e-01 3.2258e-12 1.2588e-11
12976  2.3578e-01 2.8845e-12 1.2659e-11
12977  2.3578e-01 2.5353e-12 1.2688e-11
12978  2.3578e-01 2.1848e-12 1.2700e-11
12979  2.3578e-01 1.8307e-12 1.2748e-11
12980  2.3578e-01 1.6787e-12 1.2757e-11
12981  2.3578e-01 1.7873e-12 1.2725e-11
12982  2.3578e-01 1.9691e-12 1.2650e-11
12983  2.3578e-01 2.2331e-12 1.2544e-11
12984  2.3578e-01 2.5172e-12 1.2398e-11
12985  2.3578e-01 2.8262e-12 1.2211e-11
12986  2.3578e-01 3.1648e-12 1.1984e-11
12987  2.3578e-01 3.5042e-12 1.1719e-11
12988  2.3578e-01 3.8364e-12 1.1416e-11
12989  2.3578e-01 4.1551e-12 1.1076e-11
12990  2.3578e-01 4.4689e-12 1.0701e-11
12991  2.3578e-01 4.7705e-12 1.0291e-11
12992  2.3578e-01 5.0559e-12 9.8485e-12
12993  2.3578e-01 5.3237e-12 9.4341e-12
12994  2.3578e-01 5.5783e-12 8.9917e-12
12995  2.3578e-01 5.8187e-12 8.5202e-12
12996  2.3578e-01 6.0387e-12 8.0225e-12
12997  2.3578e-01 6.2389e-12 7.4995e-12
12998  2.3578e-01 6.4174e-12 6.9532e-12
12999  2.3578e-01 6.5747e-12 6.3852e-12
13000  2.3578e-01 6.8081e-12 5.7982e-12
13001  2.3578e-01 7.0197e-12 5.1948e-12
13002  2.3578e-01 7.2075e-12 4.5815e-12
13003  2.3578e-01 7.3712e-12 3.9545e-12
13004  2.3578e-01 7.5099e-12 3.3162e-12
13005  2.3578e-01 7.6237e-12 2.8144e-12
13006  2.3578e-01 7.7129e-12 3.2750e-12
13007  2.3578e-01 7.7769e-12 3.7318e-12
13008  2.3578e-01 7.8148e-12 4.1746e-12
13009  2.3578e-01 7.8270e-12 4.6032e-12
13010  2.3578e-01 7.8134e-12 5.0150e-12
13011  2.3578e-01 7.7741e-12 5.4172e-12
13012  2.3578e-01 7.7092e-12 6.0120e-12
13013  2.3578e-01 7.6193e-12 6.5856e-12
13014  2.3578e-01 7.5043e-12 7.1357e-12
13015  2.3578e-01 7.3651e-12 7.6615e-12
13016  2.3578e-01 7.2019e-12 8.1636e-12
13017  2.3578e-01 7.0156e-12 8.6382e-12
13018  2.3578e-01 6.8064e-12 9.0835e-12
13019  2.3578e-01 6.5756e-12 9.4974e-12
13020  2.3578e-01 6.3236e-12 9.8796e-12
13021  2.3578e-01 6.0517e-12 1.0228e-11
13022  2.3578e-01 5.7604e-12 1.0542e-11
13023  2.3578e-01 5.4507e-12 1.0820e-11
13024  2.3578e-01 5.1242e-12 1.1063e-11
13025  2.3578e-01 4.7817e-12 1.1268e-11
13026  2.3578e-01 4.4243e-12 1.1435e-11
13027  2.3578e-01 4.0532e-12 1.1565e-11
13028  2.3578e-01 3.6697e-12 1.1656e-11
13029  2.3578e-01 3.2795e-12 1.1709e-11
13030  2.3578e-01 2.9032e-12 1.1745e-11
13031  2.3578e-01 2.5838e-12 1.1802e-11
13032  2.3578e-01 2.2569e-12 1.1821e-11
13033  2.3578e-01 1.9319e-12 1.1838e-11
13034  2.3578e-01 1.6014e-12 1.1877e-11
13035  2.3578e-01 1.5910e-12 1.1876e-11
13036  2.3578e-01 1.6904e-12 1.1837e-11
13037  2.3578e-01 1.9024e-12 1.1761e-11
13038  2.3578e-01 2.1487e-12 1.1653e-11
13039  2.3578e-01 2.4172e-12 1.1508e-11
13040  2.3578e-01 2.7194e-12 1.1326e-11
13041  2.3578e-01 3.0318e-12 1.1107e-11
13042  2.3578e-01 3.3490e-12 1.0851e-11
13043  2.3578e-01 3.6539e-12 1.0561e-11
13044  2.3578e-01 3.9469e-12 1.0236e-11
13045  2.3578e-01 4.2380e-12 9.8795e-12
13046  2.3578e-01 4.5136e-12 9.4909e-12
13047  2.3578e-01 4.7748e-12 9.0834e-12
13048  2.3578e-01 5.0188e-12 8.6926e-12
13049  2.3578e-01 5.2529e-12 8.2736e-12
13050  2.3578e-01 5.4711e-12 7.8293e-12
13051  2.3578e-01 5.6699e-12 7.3597e-12
13052  2.3578e-01 5.8503e-12 6.8678e-12
13053  2.3578e-01 6.0107e-12 6.3538e-12
13054  2.3578e-01 6.1763e-12 5.8209e-12
13055  2.3578e-01 6.3882e-12 5.2698e-12
13056  2.3578e-01 6.5789e-12 4.7061e-12
13057  2.3578e-01 6.7470e-12 4.1319e-12
13058  2.3578e-01 6.8928e-12 3.5451e-12
13059  2.3578e-01 7.0151e-12 2.9488e-12
13060  2.3578e-01 7.1145e-12 2.7199e-12
13061  2.3578e-01 7.1909e-12 3.1484e-12
13062  2.3578e-01 7.2433e-12 3.5706e-12
13063  2.3578e-01 7.2721e-12 3.9804e-12
13064  2.3578e-01 7.2766e-12 4.3755e-12
13065  2.3578e-01 7.2572e-12 4.7559e-12
13066  2.3578e-01 7.2140e-12 5.1726e-12
13067  2.3578e-01 7.1471e-12 5.7222e-12
13068  2.3578e-01 7.0567e-12 6.2516e-12
13069  2.3578e-01 6.9434e-12 6.7588e-12
13070  2.3578e-01 6.8077e-12 7.2429e-12
13071  2.3578e-01 6.6496e-12 7.7055e-12
13072  2.3578e-01 6.4704e-12 8.1413e-12
13073  2.3578e-01 6.2699e-12 8.5496e-12
13074  2.3578e-01 6.0499e-12 8.9283e-12
13075  2.3578e-01 5.8099e-12 9.2770e-12
13076  2.3578e-01 5.5519e-12 9.5940e-12
13077  2.3578e-01 5.2760e-12 9.8788e-12
13078  2.3578e-01 4.9835e-12 1.0130e-11
13079  2.3578e-01 4.6753e-12 1.0348e-11
13080  2.3578e-01 4.3529e-12 1.0531e-11
13081  2.3578e-01 4.0167e-12 1.0679e-11
13082  2.3578e-01 3.6682e-12 1.0792e-11
13083  2.3578e-01 3.3093e-12 1.0868e-11
13084  2.3578e-01 2.9442e-12 1.0909e-11
13085  2.3578e-01 2.6133e-12 1.0951e-11
13086  2.3578e-01 2.3138e-12 1.0996e-11
13087  2.3578e-01 2.0102e-12 1.1007e-11
13088  2.3578e-01 1.7070e-12 1.1039e-11
13089  2.3578e-01 1.4101e-12 1.1067e-11
13090  2.3578e-01 1.5065e-12 1.1058e-11
13091  2.3578e-01 1.6091e-12 1.1013e-11
13092  2.3578e-01 1.8357e-12 1.0936e-11
13093  2.3578e-01 2.0717e-12 1.0828e-11
13094  2.3578e-01 2.3202e-12 1.0684e-11
13095  2.3578e-01 2.6158e-12 1.0507e-11
13096  2.3578e-01 2.9074e-12 1.0294e-11
13097  2.3578e-01 3.1992e-12 1.0049e-11
13098  2.3578e-01 3.4802e-12 9.7713e-12
13099  2.3578e-01 3.7518e-12 9.4624e-12
13100  2.3578e-01 4.0184e-12 9.1228e-12
13101  2.3578e-01 4.2713e-12 8.7545e-12
13102  2.3578e-01 4.5091e-12 8.3808e-12
13103  2.3578e-01 4.7322e-12 8.0106e-12
13104  2.3578e-01 4.9470e-12 7.6150e-12
13105  2.3578e-01 5.1443e-12 7.1953e-12
13106  2.3578e-01 5.3249e-12 6.7532e-12
13107  2.3578e-01 5.4868e-12 6.2900e-12
13108  2.3578e-01 5.6310e-12 5.8073e-12
13109  2.3578e-01 5.8036e-12 5.3070e-12
13110  2.3578e-01 5.9954e-12 4.7902e-12
13111  2.3578e-01 6.1667e-12 4.2632e-12
13112  2.3578e-01 6.3175e-12 3.7255e-12
13113  2.3578e-01 6.4467e-12 3.1770e-12
13114  2.3578e-01 6.5546e-12 2.6193e-12
13115  2.3578e-01 6.6410e-12 2.6264e-12
13116  2.3578e-01 6.7058e-12 3.0249e-12
13117  2.3578e-01 6.7485e-12 3.4157e-12
13118  2.3578e-01 6.7687e-12 3.7942e-12
13119  2.3578e-01 6.7666e-12 4.1593e-12
13120  2.3578e-01 6.7424e-12 4.5097e-12
13121  2.3578e-01 6.6959e-12 4.9390e-12
13122  2.3578e-01 6.6274e-12 5.4465e-12
13123  2.3578e-01 6.5375e-12 5.9349e-12
13124  2.3578e-01 6.4257e-12 6.4023e-12
13125  2.3578e-01 6.2939e-12 6.8488e-12
13126  2.3578e-01 6.1410e-12 7.2740e-12
13127  2.3578e-01 5.9688e-12 7.6739e-12
13128  2.3578e-01 5.7770e-12 8.0479e-12
13129  2.3578e-01 5.5670e-12 8.3942e-12
13130  2.3578e-01 5.3390e-12 8.7123e-12
13131  2.3578e-01 5.0943e-12 9.0006e-12
13132  2.3578e-01 4.8334e-12 9.2590e-12
13133  2.3578e-01 4.5571e-12 9.4857e-12
13134  2.3578e-01 4.2667e-12 9.6812e-12
13135  2.3578e-01 3.9629e-12 9.8441e-12
13136  2.3578e-01 3.6468e-12 9.9744e-12
13137  2.3578e-01 3.3197e-12 1.0071e-11
13138  2.3578e-01 2.9837e-12 1.0135e-11
13139  2.3578e-01 2.6419e-12 1.0165e-11
13140  2.3578e-01 2.3458e-12 1.0214e-11
13141  2.3578e-01 2.0658e-12 1.0248e-11
13142  2.3578e-01 1.7841e-12 1.0252e-11
13143  2.3578e-01 1.5007e-12 1.0288e-11
13144  2.3578e-01 1.3376e-12 1.0307e-11
13145  2.3578e-01 1.4261e-12 1.0291e-11
13146  2.3578e-01 1.5541e-12 1.0241e-11
13147  2.3578e-01 1.7678e-12 1.0163e-11
13148  2.3578e-01 1.9937e-12 1.0055e-11
13149  2.3578e-01 2.2368e-12 9.9142e-12
13150  2.3578e-01 2.5103e-12 9.7412e-12
13151  2.3578e-01 2.7828e-12 9.5365e-12
13152  2.3578e-01 3.0515e-12 9.3010e-12
13153  2.3578e-01 3.3090e-12 9.0354e-12
13154  2.3578e-01 3.5613e-12 8.7411e-12
13155  2.3578e-01 3.8058e-12 8.4185e-12
13156  2.3578e-01 4.0368e-12 8.0694e-12
13157  2.3578e-01 4.2542e-12 7.7265e-12
13158  2.3578e-01 4.4594e-12 7.3761e-12
13159  2.3578e-01 4.6541e-12 7.0024e-12
13160  2.3578e-01 4.8336e-12 6.6067e-12
13161  2.3578e-01 4.9960e-12 6.1901e-12
13162  2.3578e-01 5.1421e-12 5.7545e-12
13163  2.3578e-01 5.2703e-12 5.3011e-12
13164  2.3578e-01 5.4488e-12 4.8312e-12
13165  2.3578e-01 5.6215e-12 4.3468e-12
13166  2.3578e-01 5.7760e-12 3.8545e-12
13167  2.3578e-01 5.9100e-12 3.3513e-12
13168  2.3578e-01 6.0250e-12 2.8382e-12
13169  2.3578e-01 6.1195e-12 2.3174e-12
13170  2.3578e-01 6.1945e-12 2.5306e-12
13171  2.3578e-01 6.2489e-12 2.9011e-12
13172  2.3578e-01 6.2828e-12 3.2626e-12
13173  2.3578e-01 6.2957e-12 3.6122e-12
13174  2.3578e-01 6.2879e-12 3.9493e-12
13175  2.3578e-01 6.2591e-12 4.2722e-12
13176  2.3578e-01 6.2103e-12 4.7089e-12
13177  2.3578e-01 6.1408e-12 5.1773e-12
13178  2.3578e-01 6.0515e-12 5.6282e-12
13179  2.3578e-01 5.9425e-12 6.0586e-12
13180  2.3578e-01 5.8142e-12 6.4701e-12
13181  2.3578e-01 5.6669e-12 6.8609e-12
13182  2.3578e-01 5.5013e-12 7.2279e-12
13183  2.3578e-01 5.3183e-12 7.5703e-12
13184  2.3578e-01 5.1180e-12 7.8869e-12
13185  2.3578e-01 4.9016e-12 8.1766e-12
13186  2.3578e-01 4.6693e-12 8.4388e-12
13187  2.3578e-01 4.4228e-12 8.6726e-12
13188  2.3578e-01 4.1619e-12 8.8773e-12
13189  2.3578e-01 3.8882e-12 9.0522e-12
13190  2.3578e-01 3.6024e-12 9.1970e-12
13191  2.3578e-01 3.3055e-12 9.3110e-12
13192  2.3578e-01 2.9985e-12 9.3944e-12
13193  2.3578e-01 2.6848e-12 9.4463e-12
13194  2.3578e-01 2.3644e-12 9.4674e-12
13195  2.3578e-01 2.1054e-12 9.5202e-12
13196  2.3578e-01 1.8434e-12 9.5445e-12
13197  2.3578e-01 1.5821e-12 9.5500e-12
13198  2.3578e-01 1.3174e-12 9.5902e-12
13199  2.3578e-01 1.2677e-12 9.5997e-12
13200  2.3578e-01 1.3491e-12 9.5779e-12
13201  2.3578e-01 1.5033e-12 9.5246e-12
13202  2.3578e-01 1.7010e-12 9.4467e-12
13203  2.3578e-01 1.9169e-12 9.3387e-12
13204  2.3578e-01 2.1557e-12 9.2008e-12
13205  2.3578e-01 2.4079e-12 9.0325e-12
13206  2.3578e-01 2.6626e-12 8.8354e-12
13207  2.3578e-01 2.9098e-12 8.6092e-12
13208  2.3578e-01 3.1465e-12 8.3561e-12
13209  2.3578e-01 3.3805e-12 8.0753e-12
13210  2.3578e-01 3.6042e-12 7.7695e-12
13211  2.3578e-01 3.8157e-12 7.4382e-12
13212  2.3578e-01 4.0138e-12 7.1247e-12
13213  2.3578e-01 4.2022e-12 6.7931e-12
13214  2.3578e-01 4.3794e-12 6.4404e-12
13215  2.3578e-01 4.5415e-12 6.0672e-12
13216  2.3578e-01 4.6882e-12 5.6750e-12
13217  2.3578e-01 4.8191e-12 5.2651e-12
13218  2.3578e-01 4.9433e-12 4.8392e-12
13219  2.3578e-01 5.1164e-12 4.3984e-12
13220  2.3578e-01 5.2723e-12 3.9451e-12
13221  2.3578e-01 5.4105e-12 3.4844e-12
13222  2.3578e-01 5.5303e-12 3.0134e-12
13223  2.3578e-01 5.6319e-12 2.5337e-12
13224  2.3578e-01 5.7148e-12 2.0903e-12
13225  2.3578e-01 5.7788e-12 2.4372e-12
13226  2.3578e-01 5.8243e-12 2.7815e-12
13227  2.3578e-01 5.8500e-12 3.1155e-12
13228  2.3578e-01 5.8569e-12 3.4386e-12
13229  2.3578e-01 5.8440e-12 3.7493e-12
13230  2.3578e-01 5.8121e-12 4.0473e-12
13231  2.3578e-01 5.7612e-12 4.4890e-12
13232  2.3578e-01 5.6914e-12 4.9217e-12
13233  2.3578e-01 5.6030e-12 5.3370e-12
13234  2.3578e-01 5.4963e-12 5.7339e-12
13235  2.3578e-01 5.3720e-12 6.1130e-12
13236  2.3578e-01 5.2303e-12 6.4717e-12
13237  2.3578e-01 5.0716e-12 6.8085e-12
13238  2.3578e-01 4.8970e-12 7.1217e-12
13239  2.3578e-01 4.7059e-12 7.4108e-12
13240  2.3578e-01 4.5009e-12 7.6748e-12
13241  2.3578e-01 4.2807e-12 7.9130e-12
13242  2.3578e-01 4.0477e-12 8.1243e-12
13243  2.3578e-01 3.8014e-12 8.3086e-12
13244  2.3578e-01 3.5438e-12 8.4652e-12
13245  2.3578e-01 3.2747e-12 8.5933e-12
13246  2.3578e-01 2.9960e-12 8.6930e-12
13247  2.3578e-01 2.7075e-12 8.7637e-12
13248  2.3578e-01 2.4147e-12 8.8055e-12
13249  2.3578e-01 2.1234e-12 8.8298e-12
13250  2.3578e-01 1.8843e-12 8.8753e-12
13251  2.3578e-01 1.6402e-12 8.8914e-12
13252  2.3578e-01 1.3968e-12 8.9034e-12
13253  2.3578e-01 1.1510e-12 8.9350e-12
13254  2.3578e-01 1.2014e-12 8.9372e-12
13255  2.3578e-01 1.2758e-12 8.9098e-12
13256  2.3578e-01 1.4513e-12 8.8544e-12
13257  2.3578e-01 1.6390e-12 8.7760e-12
13258  2.3578e-01 1.8398e-12 8.6691e-12
13259  2.3578e-01 2.0732e-12 8.5338e-12
13260  2.3578e-01 2.3074e-12 8.3712e-12
13261  2.3578e-01 2.5430e-12 8.1812e-12
13262  2.3578e-01 2.7704e-12 7.9649e-12
13263  2.3578e-01 2.9889e-12 7.7229e-12
13264  2.3578e-01 3.2045e-12 7.4562e-12
13265  2.3578e-01 3.4098e-12 7.1654e-12
13266  2.3578e-01 3.6023e-12 6.8572e-12
13267  2.3578e-01 3.7833e-12 6.5643e-12
13268  2.3578e-01 3.9566e-12 6.2512e-12
13269  2.3578e-01 4.1169e-12 5.9178e-12
13270  2.3578e-01 4.2639e-12 5.5664e-12
13271  2.3578e-01 4.3957e-12 5.1971e-12
13272  2.3578e-01 4.5133e-12 4.8120e-12
13273  2.3578e-01 4.6437e-12 4.4118e-12
13274  2.3578e-01 4.8003e-12 3.9985e-12
13275  2.3578e-01 4.9405e-12 3.5748e-12
13276  2.3578e-01 5.0644e-12 3.1433e-12
13277  2.3578e-01 5.1711e-12 2.7027e-12
13278  2.3578e-01 5.2606e-12 2.2545e-12
13279  2.3578e-01 5.3329e-12 2.0212e-12
13280  2.3578e-01 5.3875e-12 2.3440e-12
13281  2.3578e-01 5.4246e-12 2.6623e-12
13282  2.3578e-01 5.4436e-12 2.9713e-12
13283  2.3578e-01 5.4448e-12 3.2693e-12
13284  2.3578e-01 5.4278e-12 3.5563e-12
13285  2.3578e-01 5.3931e-12 3.8592e-12
13286  2.3578e-01 5.3406e-12 4.2737e-12
13287  2.3578e-01 5.2708e-12 4.6729e-12
13288  2.3578e-01 5.1837e-12 5.0560e-12
13289  2.3578e-01 5.0799e-12 5.4214e-12
13290  2.3578e-01 4.9598e-12 5.7706e-12
13291  2.3578e-01 4.8233e-12 6.1002e-12
13292  2.3578e-01 4.6716e-12 6.4085e-12
13293  2.3578e-01 4.5046e-12 6.6954e-12
13294  2.3578e-01 4.3236e-12 6.9591e-12
13295  2.3578e-01 4.1285e-12 7.1996e-12
13296  2.3578e-01 3.9205e-12 7.4155e-12
13297  2.3578e-01 3.7000e-12 7.6067e-12
13298  2.3578e-01 3.4680e-12 7.7721e-12
13299  2.3578e-01 3.2250e-12 7.9119e-12
13300  2.3578e-01 2.9724e-12 8.0250e-12
13301  2.3578e-01 2.7100e-12 8.1117e-12
13302  2.3578e-01 2.4410e-12 8.1713e-12
13303  2.3578e-01 2.1663e-12 8.2042e-12
13304  2.3578e-01 1.9096e-12 8.2336e-12
13305  2.3578e-01 1.6859e-12 8.2696e-12
13306  2.3578e-01 1.4594e-12 8.2780e-12
13307  2.3578e-01 1.2319e-12 8.3023e-12
13308  2.3578e-01 1.0650e-12 8.3250e-12
13309  2.3578e-01 1.1371e-12 8.3210e-12
13310  2.3578e-01 1.2264e-12 8.2891e-12
13311  2.3578e-01 1.3994e-12 8.2327e-12
13312  2.3578e-01 1.5793e-12 8.1541e-12
13313  2.3578e-01 1.7709e-12 8.0480e-12
13314  2.3578e-01 1.9922e-12 7.9165e-12
13315  2.3578e-01 2.2110e-12 7.7586e-12
13316  2.3578e-01 2.4282e-12 7.5763e-12
13317  2.3578e-01 2.6370e-12 7.3689e-12
13318  2.3578e-01 2.8398e-12 7.1386e-12
13319  2.3578e-01 3.0377e-12 6.8846e-12
13320  2.3578e-01 3.2248e-12 6.6093e-12
13321  2.3578e-01 3.4014e-12 6.3262e-12
13322  2.3578e-01 3.5667e-12 6.0494e-12
13323  2.3578e-01 3.7247e-12 5.7530e-12
13324  2.3578e-01 3.8707e-12 5.4389e-12
13325  2.3578e-01 4.0031e-12 5.1074e-12
13326  2.3578e-01 4.1222e-12 4.7602e-12
13327  2.3578e-01 4.2272e-12 4.3980e-12
13328  2.3578e-01 4.3632e-12 4.0226e-12
13329  2.3578e-01 4.5040e-12 3.6346e-12
13330  2.3578e-01 4.6307e-12 3.2385e-12
13331  2.3578e-01 4.7410e-12 2.8349e-12
13332  2.3578e-01 4.8362e-12 2.4225e-12
13333  2.3578e-01 4.9146e-12 2.0038e-12
13334  2.3578e-01 4.9771e-12 1.9527e-12
13335  2.3578e-01 5.0237e-12 2.2528e-12
13336  2.3578e-01 5.0531e-12 2.5472e-12
13337  2.3578e-01 5.0665e-12 2.8329e-12
13338  2.3578e-01 5.0623e-12 3.1080e-12
13339  2.3578e-01 5.0422e-12 3.3727e-12
13340  2.3578e-01 5.0047e-12 3.6855e-12
13341  2.3578e-01 4.9521e-12 4.0686e-12
13342  2.3578e-01 4.8820e-12 4.4368e-12
13343  2.3578e-01 4.7970e-12 4.7900e-12
13344  2.3578e-01 4.6958e-12 5.1267e-12
13345  2.3578e-01 4.5800e-12 5.4475e-12
13346  2.3578e-01 4.4486e-12 5.7500e-12
13347  2.3578e-01 4.3039e-12 6.0324e-12
13348  2.3578e-01 4.1444e-12 6.2949e-12
13349  2.3578e-01 3.9726e-12 6.5354e-12
13350  2.3578e-01 3.7872e-12 6.7543e-12
13351  2.3578e-01 3.5909e-12 6.9498e-12
13352  2.3578e-01 3.3823e-12 7.1227e-12
13353  2.3578e-01 3.1640e-12 7.2709e-12
13354  2.3578e-01 2.9350e-12 7.3956e-12
13355  2.3578e-01 2.6977e-12 7.4950e-12
13356  2.3578e-01 2.4515e-12 7.5702e-12
13357  2.3578e-01 2.1998e-12 7.6198e-12
13358  2.3578e-01 1.9424e-12 7.6446e-12
13359  2.3578e-01 1.7131e-12 7.6786e-12
13360  2.3578e-01 1.5034e-12 7.7066e-12
13361  2.3578e-01 1.2935e-12 7.7082e-12
13362  2.3578e-01 1.0811e-12 7.7380e-12
13363  2.3578e-01 1.0102e-12 7.7534e-12
13364  2.3578e-01 1.0763e-12 7.7438e-12
13365  2.3578e-01 1.1870e-12 7.7082e-12
13366  2.3578e-01 1.3467e-12 7.6515e-12
13367  2.3578e-01 1.5186e-12 7.5722e-12
13368  2.3578e-01 1.7068e-12 7.4678e-12
13369  2.3578e-01 1.9108e-12 7.3397e-12
13370  2.3578e-01 2.1153e-12 7.1874e-12
13371  2.3578e-01 2.3150e-12 7.0122e-12
13372  2.3578e-01 2.5068e-12 6.8139e-12
13373  2.3578e-01 2.6948e-12 6.5943e-12
13374  2.3578e-01 2.8761e-12 6.3532e-12
13375  2.3578e-01 3.0474e-12 6.0921e-12
13376  2.3578e-01 3.2080e-12 5.8325e-12
13377  2.3578e-01 3.3601e-12 5.5704e-12
13378  2.3578e-01 3.5039e-12 5.2907e-12
13379  2.3578e-01 3.6360e-12 4.9940e-12
13380  2.3578e-01 3.7555e-12 4.6820e-12
13381  2.3578e-01 3.8625e-12 4.3550e-12
13382  2.3578e-01 3.9562e-12 4.0151e-12
13383  2.3578e-01 4.0959e-12 3.6625e-12
13384  2.3578e-01 4.2230e-12 3.2989e-12
13385  2.3578e-01 4.3368e-12 2.9289e-12
13386  2.3578e-01 4.4351e-12 2.5512e-12
13387  2.3578e-01 4.5193e-12 2.1656e-12
13388  2.3578e-01 4.5882e-12 1.7743e-12
13389  2.3578e-01 4.6419e-12 1.8826e-12
13390  2.3578e-01 4.6810e-12 2.1614e-12
13391  2.3578e-01 4.7040e-12 2.4339e-12
13392  2.3578e-01 4.7119e-12 2.6975e-12
13393  2.3578e-01 4.7039e-12 2.9517e-12
13394  2.3578e-01 4.6807e-12 3.1956e-12
13395  2.3578e-01 4.6419e-12 3.5147e-12
13396  2.3578e-01 4.5880e-12 3.8686e-12
13397  2.3578e-01 4.5191e-12 4.2079e-12
13398  2.3578e-01 4.4356e-12 4.5335e-12
13399  2.3578e-01 4.3375e-12 4.8442e-12
13400  2.3578e-01 4.2259e-12 5.1386e-12
13401  2.3578e-01 4.1001e-12 5.4164e-12
13402  2.3578e-01 3.9614e-12 5.6749e-12
13403  2.3578e-01 3.8100e-12 5.9150e-12
13404  2.3578e-01 3.6464e-12 6.1340e-12
13405  2.3578e-01 3.4712e-12 6.3329e-12
13406  2.3578e-01 3.2852e-12 6.5100e-12
13407  2.3578e-01 3.0888e-12 6.6658e-12
13408  2.3578e-01 2.8827e-12 6.7988e-12
13409  2.3578e-01 2.6674e-12 6.9095e-12
13410  2.3578e-01 2.4444e-12 6.9968e-12
13411  2.3578e-01 2.2134e-12 7.0614e-12
13412  2.3578e-01 1.9781e-12 7.1018e-12
13413  2.3578e-01 1.7372e-12 7.1199e-12
13414  2.3578e-01 1.5361e-12 7.1570e-12
13415  2.3578e-01 1.3400e-12 7.1780e-12
13416  2.3578e-01 1.1451e-12 7.1796e-12
13417  2.3578e-01 9.4717e-13 7.2127e-12
13418  2.3578e-01 9.5740e-13 7.2214e-12
13419  2.3578e-01 1.0180e-12 7.2071e-12
13420  2.3578e-01 1.1471e-12 7.1686e-12
13421  2.3578e-01 1.2966e-12 7.1114e-12
13422  2.3578e-01 1.4590e-12 7.0325e-12
13423  2.3578e-01 1.6436e-12 6.9299e-12
13424  2.3578e-01 1.8319e-12 6.8058e-12
13425  2.3578e-01 2.0226e-12 6.6584e-12
13426  2.3578e-01 2.2063e-12 6.4907e-12
13427  2.3578e-01 2.3822e-12 6.3010e-12
13428  2.3578e-01 2.5570e-12 6.0921e-12
13429  2.3578e-01 2.7229e-12 5.8629e-12
13430  2.3578e-01 2.8793e-12 5.6159e-12
13431  2.3578e-01 3.0258e-12 5.3778e-12
13432  2.3578e-01 3.1655e-12 5.1301e-12
13433  2.3578e-01 3.2962e-12 4.8654e-12
13434  2.3578e-01 3.4156e-12 4.5862e-12
13435  2.3578e-01 3.5234e-12 4.2919e-12
13436  2.3578e-01 3.6195e-12 3.9851e-12
13437  2.3578e-01 3.7172e-12 3.6654e-12
13438  2.3578e-01 3.8454e-12 3.3347e-12
13439  2.3578e-01 3.9601e-12 2.9940e-12
13440  2.3578e-01 4.0618e-12 2.6480e-12
13441  2.3578e-01 4.1495e-12 2.2946e-12
13442  2.3578e-01 4.2238e-12 1.9340e-12
13443  2.3578e-01 4.2841e-12 1.5685e-12
13444  2.3578e-01 4.3301e-12 1.8136e-12
13445  2.3578e-01 4.3622e-12 2.0729e-12
13446  2.3578e-01 4.3797e-12 2.3244e-12
13447  2.3578e-01 4.3828e-12 2.5685e-12
13448  2.3578e-01 4.3713e-12 2.8027e-12
13449  2.3578e-01 4.3457e-12 3.0276e-12
13450  2.3578e-01 4.3058e-12 3.3512e-12
13451  2.3578e-01 4.2516e-12 3.6779e-12
13452  2.3578e-01 4.1837e-12 3.9909e-12
13453  2.3578e-01 4.1022e-12 4.2906e-12
13454  2.3578e-01 4.0073e-12 4.5768e-12
13455  2.3578e-01 3.8996e-12 4.8476e-12
13456  2.3578e-01 3.7794e-12 5.1022e-12
13457  2.3578e-01 3.6467e-12 5.3387e-12
13458  2.3578e-01 3.5028e-12 5.5577e-12
13459  2.3578e-01 3.3475e-12 5.7576e-12
13460  2.3578e-01 3.1818e-12 5.9382e-12
13461  2.3578e-01 3.0058e-12 6.0985e-12
13462  2.3578e-01 2.8206e-12 6.2388e-12
13463  2.3578e-01 2.6262e-12 6.3576e-12
13464  2.3578e-01 2.4241e-12 6.4558e-12
13465  2.3578e-01 2.2143e-12 6.5321e-12
13466  2.3578e-01 1.9981e-12 6.5870e-12
13467  2.3578e-01 1.7778e-12 6.6199e-12
13468  2.3578e-01 1.5534e-12 6.6370e-12
13469  2.3578e-01 1.3734e-12 6.6723e-12
13470  2.3578e-01 1.1914e-12 6.6863e-12
13471  2.3578e-01 1.0094e-12 6.6943e-12
13472  2.3578e-01 8.4778e-13 6.7197e-12
13473  2.3578e-01 9.0670e-13 6.7230e-12
13474  2.3578e-01 9.6956e-13 6.7043e-12
13475  2.3578e-01 1.1067e-12 6.6640e-12
13476  2.3578e-01 1.2497e-12 6.6066e-12
13477  2.3578e-01 1.4005e-12 6.5281e-12
13478  2.3578e-01 1.5794e-12 6.4278e-12
13479  2.3578e-01 1.7552e-12 6.3071e-12
13480  2.3578e-01 1.9309e-12 6.1656e-12
13481  2.3578e-01 2.0997e-12 6.0047e-12
13482  2.3578e-01 2.2629e-12 5.8238e-12
13483  2.3578e-01 2.4231e-12 5.6250e-12
13484  2.3578e-01 2.5750e-12 5.4075e-12
13485  2.3578e-01 2.7179e-12 5.1742e-12
13486  2.3578e-01 2.8515e-12 4.9552e-12
13487  2.3578e-01 2.9797e-12 4.7208e-12
13488  2.3578e-01 3.0982e-12 4.4711e-12
13489  2.3578e-01 3.2062e-12 4.2078e-12
13490  2.3578e-01 3.3032e-12 3.9310e-12
13491  2.3578e-01 3.3895e-12 3.6423e-12
13492  2.3578e-01 3.4917e-12 3.3420e-12
13493  2.3578e-01 3.6071e-12 3.0321e-12
13494  2.3578e-01 3.7106e-12 2.7137e-12
13495  2.3578e-01 3.8015e-12 2.3896e-12
13496  2.3578e-01 3.8797e-12 2.0589e-12
13497  2.3578e-01 3.9448e-12 1.7218e-12
13498  2.3578e-01 3.9973e-12 1.5018e-12
13499  2.3578e-01 4.0367e-12 1.7447e-12
13500  2.3578e-01 4.0626e-12 1.9848e-12
13501  2.3578e-01 4.0752e-12 2.2174e-12
13502  2.3578e-01 4.0741e-12 2.4424e-12
13503  2.3578e-01 4.0598e-12 2.6588e-12
13504  2.3578e-01 4.0323e-12 2.8791e-12
13505  2.3578e-01 3.9910e-12 3.1914e-12
13506  2.3578e-01 3.9372e-12 3.4927e-12
13507  2.3578e-01 3.8706e-12 3.7814e-12
13508  2.3578e-01 3.7911e-12 4.0573e-12
13509  2.3578e-01 3.6994e-12 4.3211e-12
13510  2.3578e-01 3.5959e-12 4.5696e-12
13511  2.3578e-01 3.4809e-12 4.8029e-12
13512  2.3578e-01 3.3544e-12 5.0195e-12
13513  2.3578e-01 3.2176e-12 5.2194e-12
13514  2.3578e-01 3.0702e-12 5.4012e-12
13515  2.3578e-01 2.9135e-12 5.5651e-12
13516  2.3578e-01 2.7470e-12 5.7099e-12
13517  2.3578e-01 2.5726e-12 5.8361e-12
13518  2.3578e-01 2.3896e-12 5.9421e-12
13519  2.3578e-01 2.1997e-12 6.0292e-12
13520  2.3578e-01 2.0026e-12 6.0953e-12
13521  2.3578e-01 1.8001e-12 6.1421e-12
13522  2.3578e-01 1.5941e-12 6.1677e-12
13523  2.3578e-01 1.3959e-12 6.1887e-12
13524  2.3578e-01 1.2274e-12 6.2169e-12
13525  2.3578e-01 1.0586e-12 6.2251e-12
13526  2.3578e-01 8.8852e-13 6.2419e-12
13527  2.3578e-01 8.0408e-13 6.2612e-12
13528  2.3578e-01 8.5848e-13 6.2592e-12
13529  2.3578e-01 9.3674e-13 6.2374e-12
13530  2.3578e-01 1.0660e-12 6.1963e-12
13531  2.3578e-01 1.2030e-12 6.1380e-12
13532  2.3578e-01 1.3518e-12 6.0604e-12
13533  2.3578e-01 1.5165e-12 5.9623e-12
13534  2.3578e-01 1.6811e-12 5.8456e-12
13535  2.3578e-01 1.8427e-12 5.7095e-12
13536  2.3578e-01 1.9976e-12 5.5553e-12
13537  2.3578e-01 2.1493e-12 5.3828e-12
13538  2.3578e-01 2.2961e-12 5.1935e-12
13539  2.3578e-01 2.4349e-12 4.9875e-12
13540  2.3578e-01 2.5655e-12 4.7736e-12
13541  2.3578e-01 2.6880e-12 4.5661e-12
13542  2.3578e-01 2.8047e-12 4.3446e-12
13543  2.3578e-01 2.9123e-12 4.1090e-12
13544  2.3578e-01 3.0095e-12 3.8609e-12
13545  2.3578e-01 3.0970e-12 3.6005e-12
13546  2.3578e-01 3.1737e-12 3.3291e-12
13547  2.3578e-01 3.2796e-12 3.0472e-12
13548  2.3578e-01 3.3844e-12 2.7562e-12
13549  2.3578e-01 3.4769e-12 2.4586e-12
13550  2.3578e-01 3.5586e-12 2.1555e-12
13551  2.3578e-01 3.6274e-12 1.8458e-12
13552  2.3578e-01 3.6850e-12 1.5311e-12
13553  2.3578e-01 3.7306e-12 1.4518e-12
13554  2.3578e-01 3.7632e-12 1.6776e-12
13555  2.3578e-01 3.7843e-12 1.8996e-12
13556  2.3578e-01 3.7918e-12 2.1148e-12
13557  2.3578e-01 3.7880e-12 2.3224e-12
13558  2.3578e-01 3.7707e-12 2.5217e-12
13559  2.3578e-01 3.7418e-12 2.7500e-12
13560  2.3578e-01 3.6998e-12 3.0386e-12
13561  2.3578e-01 3.6468e-12 3.3164e-12
13562  2.3578e-01 3.5807e-12 3.5826e-12
13563  2.3578e-01 3.5043e-12 3.8368e-12
13564  2.3578e-01 3.4154e-12 4.0794e-12
13565  2.3578e-01 3.3165e-12 4.3077e-12
13566  2.3578e-01 3.2061e-12 4.5213e-12
13567  2.3578e-01 3.0861e-12 4.7194e-12
13568  2.3578e-01 2.9554e-12 4.9016e-12
13569  2.3578e-01 2.8166e-12 5.0672e-12
13570  2.3578e-01 2.6675e-12 5.2156e-12
13571  2.3578e-01 2.5112e-12 5.3467e-12
13572  2.3578e-01 2.3460e-12 5.4597e-12
13573  2.3578e-01 2.1743e-12 5.5545e-12
13574  2.3578e-01 1.9953e-12 5.6307e-12
13575  2.3578e-01 1.8108e-12 5.6884e-12
13576  2.3578e-01 1.6212e-12 5.7272e-12
13577  2.3578e-01 1.4286e-12 5.7469e-12
13578  2.3578e-01 1.2508e-12 5.7714e-12
13579  2.3578e-01 1.0938e-12 5.7933e-12
13580  2.3578e-01 9.3706e-13 5.7964e-12
13581  2.3578e-01 7.7781e-13 5.8179e-12
13582  2.3578e-01 7.6245e-13 5.8312e-12
13583  2.3578e-01 8.1230e-13 5.8249e-12
13584  2.3578e-01 9.0583e-13 5.8002e-12
13585  2.3578e-01 1.0254e-12 5.7586e-12
13586  2.3578e-01 1.1562e-12 5.7000e-12
13587  2.3578e-01 1.3019e-12 5.6234e-12
13588  2.3578e-01 1.4536e-12 5.5281e-12
13589  2.3578e-01 1.6073e-12 5.4152e-12
13590  2.3578e-01 1.7559e-12 5.2843e-12
13591  2.3578e-01 1.8985e-12 5.1370e-12
13592  2.3578e-01 2.0390e-12 4.9725e-12
13593  2.3578e-01 2.1733e-12 4.7927e-12
13594  2.3578e-01 2.3001e-12 4.5972e-12
13595  2.3578e-01 2.4192e-12 4.4011e-12
13596  2.3578e-01 2.5318e-12 4.2048e-12
13597  2.3578e-01 2.6380e-12 3.9952e-12
13598  2.3578e-01 2.7352e-12 3.7732e-12
13599  2.3578e-01 2.8230e-12 3.5393e-12
13600  2.3578e-01 2.9014e-12 3.2945e-12
13601  2.3578e-01 2.9743e-12 3.0391e-12
13602  2.3578e-01 3.0783e-12 2.7750e-12
13603  2.3578e-01 3.1729e-12 2.5019e-12
13604  2.3578e-01 3.2559e-12 2.2239e-12
13605  2.3578e-01 3.3286e-12 1.9404e-12
13606  2.3578e-01 3.3896e-12 1.6506e-12
13607  2.3578e-01 3.4398e-12 1.3570e-12
13608  2.3578e-01 3.4792e-12 1.4001e-12
13609  2.3578e-01 3.5063e-12 1.6102e-12
13610  2.3578e-01 3.5226e-12 1.8155e-12
13611  2.3578e-01 3.5266e-12 2.0141e-12
13612  2.3578e-01 3.5193e-12 2.2060e-12
13613  2.3578e-01 3.5000e-12 2.3897e-12
13614  2.3578e-01 3.4700e-12 2.6232e-12
13615  2.3578e-01 3.4278e-12 2.8898e-12
13616  2.3578e-01 3.3751e-12 3.1460e-12
13617  2.3578e-01 3.3110e-12 3.3913e-12
13618  2.3578e-01 3.2368e-12 3.6257e-12
13619  2.3578e-01 3.1512e-12 3.8484e-12
13620  2.3578e-01 3.0563e-12 4.0580e-12
13621  2.3578e-01 2.9508e-12 4.2536e-12
13622  2.3578e-01 2.8367e-12 4.4347e-12
13623  2.3578e-01 2.7126e-12 4.6008e-12
13624  2.3578e-01 2.5809e-12 4.7513e-12
13625  2.3578e-01 2.4402e-12 4.8856e-12
13626  2.3578e-01 2.2926e-12 5.0039e-12
13627  2.3578e-01 2.1371e-12 5.1050e-12
13628  2.3578e-01 1.9757e-12 5.1896e-12
13629  2.3578e-01 1.8074e-12 5.2564e-12
13630  2.3578e-01 1.6343e-12 5.3062e-12
13631  2.3578e-01 1.4571e-12 5.3378e-12
13632  2.3578e-01 1.2764e-12 5.3525e-12
13633  2.3578e-01 1.1207e-12 5.3793e-12
13634  2.3578e-01 9.7430e-13 5.3961e-12
13635  2.3578e-01 8.2809e-13 5.3968e-12
13636  2.3578e-01 6.8071e-13 5.4227e-12
13637  2.3578e-01 7.2258e-13 5.4309e-12
13638  2.3578e-01 7.6821e-13 5.4212e-12
13639  2.3578e-01 8.7502e-13 5.3935e-12
13640  2.3578e-01 9.8867e-13 5.3517e-12
13641  2.3578e-01 1.1101e-12 5.2939e-12
13642  2.3578e-01 1.2526e-12 5.2179e-12
13643  2.3578e-01 1.3941e-12 5.1259e-12
13644  2.3578e-01 1.5359e-12 5.0161e-12
13645  2.3578e-01 1.6727e-12 4.8913e-12
13646  2.3578e-01 1.8040e-12 4.7498e-12
13647  2.3578e-01 1.9336e-12 4.5940e-12
13648  2.3578e-01 2.0569e-12 4.4225e-12
13649  2.3578e-01 2.1728e-12 4.2380e-12
13650  2.3578e-01 2.2812e-12 4.0577e-12
13651  2.3578e-01 2.3845e-12 3.8724e-12
13652  2.3578e-01 2.4812e-12 3.6742e-12
13653  2.3578e-01 2.5688e-12 3.4649e-12
13654  2.3578e-01 2.6481e-12 3.2447e-12
13655  2.3578e-01 2.7183e-12 3.0144e-12
13656  2.3578e-01 2.7953e-12 2.7745e-12
13657  2.3578e-01 2.8897e-12 2.5265e-12
13658  2.3578e-01 2.9745e-12 2.2707e-12
13659  2.3578e-01 3.0492e-12 2.0112e-12
13660  2.3578e-01 3.1137e-12 1.7454e-12
13661  2.3578e-01 3.1677e-12 1.4749e-12
13662  2.3578e-01 3.2115e-12 1.2001e-12
13663  2.3578e-01 3.2450e-12 1.3495e-12
13664  2.3578e-01 3.2673e-12 1.5448e-12
13665  2.3578e-01 3.2792e-12 1.7343e-12
13666  2.3578e-01 3.2800e-12 1.9181e-12
13667  2.3578e-01 3.2702e-12 2.0948e-12
13668  2.3578e-01 3.2494e-12 2.2643e-12
13669  2.3578e-01 3.2183e-12 2.5018e-12
13670  2.3578e-01 3.1763e-12 2.7479e-12
13671  2.3578e-01 3.1241e-12 2.9842e-12
13672  2.3578e-01 3.0619e-12 3.2100e-12
13673  2.3578e-01 2.9897e-12 3.4260e-12
13674  2.3578e-01 2.9078e-12 3.6305e-12
13675  2.3578e-01 2.8166e-12 3.8227e-12
13676  2.3578e-01 2.7161e-12 4.0017e-12
13677  2.3578e-01 2.6071e-12 4.1671e-12
13678  2.3578e-01 2.4900e-12 4.3184e-12
13679  2.3578e-01 2.3650e-12 4.4551e-12
13680  2.3578e-01 2.2324e-12 4.5768e-12
13681  2.3578e-01 2.0927e-12 4.6832e-12
13682  2.3578e-01 1.9467e-12 4.7738e-12
13683  2.3578e-01 1.7945e-12 4.8485e-12
13684  2.3578e-01 1.6368e-12 4.9072e-12
13685  2.3578e-01 1.4743e-12 4.9497e-12
13686  2.3578e-01 1.3090e-12 4.9755e-12
13687  2.3578e-01 1.1397e-12 4.9870e-12
13688  2.3578e-01 1.0010e-12 5.0148e-12
13689  2.3578e-01 8.6520e-13 5.0263e-12
13690  2.3578e-01 7.2878e-13 5.0319e-12
13691  2.3578e-01 6.4008e-13 5.0523e-12
13692  2.3578e-01 6.8451e-13 5.0560e-12
13693  2.3578e-01 7.3859e-13 5.0430e-12
13694  2.3578e-01 8.4301e-13 5.0139e-12
13695  2.3578e-01 9.5203e-13 4.9721e-12
13696  2.3578e-01 1.0694e-12 4.9138e-12
13697  2.3578e-01 1.2028e-12 4.8399e-12
13698  2.3578e-01 1.3351e-12 4.7502e-12
13699  2.3578e-01 1.4656e-12 4.6452e-12
13700  2.3578e-01 1.5912e-12 4.5249e-12
13701  2.3578e-01 1.7131e-12 4.3903e-12
13702  2.3578e-01 1.8321e-12 4.2414e-12
13703  2.3578e-01 1.9448e-12 4.0793e-12
13704  2.3578e-01 2.0505e-12 3.9037e-12
13705  2.3578e-01 2.1494e-12 3.7388e-12
13706  2.3578e-01 2.2444e-12 3.5635e-12
13707  2.3578e-01 2.3315e-12 3.3766e-12
13708  2.3578e-01 2.4110e-12 3.1793e-12
13709  2.3578e-01 2.4822e-12 2.9720e-12
13710  2.3578e-01 2.5452e-12 2.7553e-12
13711  2.3578e-01 2.6253e-12 2.5303e-12
13712  2.3578e-01 2.7108e-12 2.2974e-12
13713  2.3578e-01 2.7866e-12 2.0584e-12
13714  2.3578e-01 2.8539e-12 1.8154e-12
13715  2.3578e-01 2.9108e-12 1.5667e-12
13716  2.3578e-01 2.9587e-12 1.3137e-12
13717  2.3578e-01 2.9967e-12 1.1159e-12
13718  2.3578e-01 3.0243e-12 1.2987e-12
13719  2.3578e-01 3.0429e-12 1.4796e-12
13720  2.3578e-01 3.0505e-12 1.6548e-12
13721  2.3578e-01 3.0490e-12 1.8245e-12
13722  2.3578e-01 3.0364e-12 1.9874e-12
13723  2.3578e-01 3.0149e-12 2.1475e-12
13724  2.3578e-01 2.9830e-12 2.3828e-12
13725  2.3578e-01 2.9413e-12 2.6101e-12
13726  2.3578e-01 2.8900e-12 2.8277e-12
13727  2.3578e-01 2.8296e-12 3.0359e-12
13728  2.3578e-01 2.7595e-12 3.2349e-12
13729  2.3578e-01 2.6811e-12 3.4223e-12
13730  2.3578e-01 2.5938e-12 3.5988e-12
13731  2.3578e-01 2.4984e-12 3.7624e-12
13732  2.3578e-01 2.3945e-12 3.9137e-12
13733  2.3578e-01 2.2835e-12 4.0511e-12
13734  2.3578e-01 2.1652e-12 4.1755e-12
13735  2.3578e-01 2.0400e-12 4.2852e-12
13736  2.3578e-01 1.9082e-12 4.3811e-12
13737  2.3578e-01 1.7708e-12 4.4619e-12
13738  2.3578e-01 1.6280e-12 4.5283e-12
13739  2.3578e-01 1.4798e-12 4.5793e-12
13740  2.3578e-01 1.3275e-12 4.6151e-12
13741  2.3578e-01 1.1730e-12 4.6358e-12
13742  2.3578e-01 1.0195e-12 4.6502e-12
13743  2.3578e-01 8.9391e-13 4.6726e-12
13744  2.3578e-01 7.6755e-13 4.6797e-12
13745  2.3578e-01 6.3997e-13 4.6918e-12
13746  2.3578e-01 6.0710e-13 4.7073e-12
13747  2.3578e-01 6.4766e-13 4.7071e-12
13748  2.3578e-01 7.1514e-13 4.6917e-12
13749  2.3578e-01 8.1178e-13 4.6618e-12
13750  2.3578e-01 9.1602e-13 4.6192e-12
13751  2.3578e-01 1.0313e-12 4.5618e-12
13752  2.3578e-01 1.1541e-12 4.4892e-12
13753  2.3578e-01 1.2776e-12 4.4025e-12
13754  2.3578e-01 1.3979e-12 4.3010e-12
13755  2.3578e-01 1.5133e-12 4.1862e-12
13756  2.3578e-01 1.6264e-12 4.0576e-12
13757  2.3578e-01 1.7354e-12 3.9164e-12
13758  2.3578e-01 1.8382e-12 3.7619e-12
13759  2.3578e-01 1.9350e-12 3.6004e-12
13760  2.3578e-01 2.0257e-12 3.4450e-12
13761  2.3578e-01 2.1121e-12 3.2796e-12
13762  2.3578e-01 2.1911e-12 3.1029e-12
13763  2.3578e-01 2.2628e-12 2.9172e-12
13764  2.3578e-01 2.3266e-12 2.7217e-12
13765  2.3578e-01 2.3832e-12 2.5186e-12
13766  2.3578e-01 2.4656e-12 2.3069e-12
13767  2.3578e-01 2.5427e-12 2.0890e-12
13768  2.3578e-01 2.6111e-12 1.8655e-12
13769  2.3578e-01 2.6706e-12 1.6372e-12
13770  2.3578e-01 2.7213e-12 1.4055e-12
13771  2.3578e-01 2.7631e-12 1.1685e-12
13772  2.3578e-01 2.7960e-12 1.0792e-12
13773  2.3578e-01 2.8193e-12 1.2493e-12
13774  2.3578e-01 2.8339e-12 1.4163e-12
13775  2.3578e-01 2.8386e-12 1.5785e-12
13776  2.3578e-01 2.8343e-12 1.7349e-12
13777  2.3578e-01 2.8204e-12 1.8853e-12
13778  2.3578e-01 2.7974e-12 2.0516e-12
13779  2.3578e-01 2.7650e-12 2.2691e-12
13780  2.3578e-01 2.7237e-12 2.4786e-12
13781  2.3578e-01 2.6738e-12 2.6795e-12
13782  2.3578e-01 2.6147e-12 2.8710e-12
13783  2.3578e-01 2.5476e-12 3.0541e-12
13784  2.3578e-01 2.4722e-12 3.2263e-12
13785  2.3578e-01 2.3888e-12 3.3880e-12
13786  2.3578e-01 2.2977e-12 3.5374e-12
13787  2.3578e-01 2.1996e-12 3.6755e-12
13788  2.3578e-01 2.0939e-12 3.8006e-12
13789  2.3578e-01 1.9824e-12 3.9132e-12
13790  2.3578e-01 1.8638e-12 4.0126e-12
13791  2.3578e-01 1.7401e-12 4.0984e-12
13792  2.3578e-01 1.6104e-12 4.1706e-12
13793  2.3578e-01 1.4765e-12 4.2290e-12
13794  2.3578e-01 1.3372e-12 4.2733e-12
13795  2.3578e-01 1.1953e-12 4.3034e-12
13796  2.3578e-01 1.0499e-12 4.3192e-12
13797  2.3578e-01 9.1324e-13 4.3367e-12
13798  2.3578e-01 7.9526e-13 4.3538e-12
13799  2.3578e-01 6.7843e-13 4.3575e-12
13800  2.3578e-01 5.5991e-13 4.3727e-12
13801  2.3578e-01 5.7550e-13 4.3844e-12
13802  2.3578e-01 6.1282e-13 4.3803e-12
13803  2.3578e-01 6.9113e-13 4.3631e-12
13804  2.3578e-01 7.8153e-13 4.3326e-12
13805  2.3578e-01 8.7970e-13 4.2892e-12
13806  2.3578e-01 9.9226e-13 4.2330e-12
13807  2.3578e-01 1.1060e-12 4.1621e-12
13808  2.3578e-01 1.2211e-12 4.0784e-12
13809  2.3578e-01 1.3315e-12 3.9809e-12
13810  2.3578e-01 1.4373e-12 3.8711e-12
13811  2.3578e-01 1.5423e-12 3.7483e-12
13812  2.3578e-01 1.6419e-12 3.6141e-12
13813  2.3578e-01 1.7362e-12 3.4678e-12
13814  2.3578e-01 1.8242e-12 3.3195e-12
13815  2.3578e-01 1.9078e-12 3.1725e-12
13816  2.3578e-01 1.9860e-12 3.0160e-12
13817  2.3578e-01 2.0577e-12 2.8493e-12
13818  2.3578e-01 2.1221e-12 2.6744e-12
13819  2.3578e-01 2.1799e-12 2.4907e-12
13820  2.3578e-01 2.2366e-12 2.2996e-12
13821  2.3578e-01 2.3142e-12 2.1011e-12
13822  2.3578e-01 2.3834e-12 1.8965e-12
13823  2.3578e-01 2.4449e-12 1.6877e-12
13824  2.3578e-01 2.4978e-12 1.4746e-12
13825  2.3578e-01 2.5428e-12 1.2572e-12
13826  2.3578e-01 2.5794e-12 1.0364e-12
13827  2.3578e-01 2.6072e-12 1.0413e-12
13828  2.3578e-01 2.6271e-12 1.1995e-12
13829  2.3578e-01 2.6376e-12 1.3541e-12
13830  2.3578e-01 2.6399e-12 1.5039e-12
13831  2.3578e-01 2.6330e-12 1.6481e-12
13832  2.3578e-01 2.6179e-12 1.7869e-12
13833  2.3578e-01 2.5936e-12 1.9575e-12
13834  2.3578e-01 2.5618e-12 2.1584e-12
13835  2.3578e-01 2.5207e-12 2.3516e-12
13836  2.3578e-01 2.4722e-12 2.5367e-12
13837  2.3578e-01 2.4148e-12 2.7134e-12
13838  2.3578e-01 2.3507e-12 2.8815e-12
13839  2.3578e-01 2.2777e-12 3.0396e-12
13840  2.3578e-01 2.1988e-12 3.1874e-12
13841  2.3578e-01 2.1116e-12 3.3244e-12
13842  2.3578e-01 2.0187e-12 3.4498e-12
13843  2.3578e-01 1.9185e-12 3.5639e-12
13844  2.3578e-01 1.8129e-12 3.6658e-12
13845  2.3578e-01 1.7015e-12 3.7555e-12
13846  2.3578e-01 1.5848e-12 3.8323e-12
13847  2.3578e-01 1.4629e-12 3.8968e-12
13848  2.3578e-01 1.3368e-12 3.9478e-12
13849  2.3578e-01 1.2064e-12 3.9862e-12
13850  2.3578e-01 1.0735e-12 4.0108e-12
13851  2.3578e-01 9.3786e-13 4.0228e-12
13852  2.3578e-01 8.1707e-13 4.0421e-12
13853  2.3578e-01 7.0779e-13 4.0555e-12
13854  2.3578e-01 5.9864e-13 4.0553e-12
13855  2.3578e-01 5.0918e-13 4.0762e-12
13856  2.3578e-01 5.4524e-13 4.0828e-12
13857  2.3578e-01 5.8362e-13 4.0768e-12
13858  2.3578e-01 6.6672e-13 4.0566e-12
13859  2.3578e-01 7.5365e-13 4.0262e-12
13860  2.3578e-01 8.4628e-13 3.9835e-12
13861  2.3578e-01 9.5394e-13 3.9277e-12
13862  2.3578e-01 1.0604e-12 3.8591e-12
13863  2.3578e-01 1.1661e-12 3.7779e-12
13864  2.3578e-01 1.2677e-12 3.6845e-12
13865  2.3578e-01 1.3661e-12 3.5796e-12
13866  2.3578e-01 1.4623e-12 3.4626e-12
13867  2.3578e-01 1.5538e-12 3.3351e-12
13868  2.3578e-01 1.6394e-12 3.1965e-12
13869  2.3578e-01 1.7197e-12 3.0605e-12
13870  2.3578e-01 1.7965e-12 2.9216e-12
13871  2.3578e-01 1.8673e-12 2.7734e-12
13872  2.3578e-01 1.9322e-12 2.6165e-12
13873  2.3578e-01 1.9904e-12 2.4517e-12
13874  2.3578e-01 2.0417e-12 2.2790e-12
13875  2.3578e-01 2.1019e-12 2.0993e-12
13876  2.3578e-01 2.1719e-12 1.9130e-12
13877  2.3578e-01 2.2342e-12 1.7213e-12
13878  2.3578e-01 2.2891e-12 1.5263e-12
13879  2.3578e-01 2.3362e-12 1.3268e-12
13880  2.3578e-01 2.3760e-12 1.1238e-12
13881  2.3578e-01 2.4078e-12 9.1723e-13
13882  2.3578e-01 2.4316e-12 1.0040e-12
13883  2.3578e-01 2.4476e-12 1.1512e-12
13884  2.3578e-01 2.4552e-12 1.2935e-12
13885  2.3578e-01 2.4550e-12 1.4324e-12
13886  2.3578e-01 2.4463e-12 1.5654e-12
13887  2.3578e-01 2.4301e-12 1.6933e-12
13888  2.3578e-01 2.4053e-12 1.8670e-12
13889  2.3578e-01 2.3734e-12 2.0529e-12
13890  2.3578e-01 2.3330e-12 2.2307e-12
13891  2.3578e-01 2.2857e-12 2.4013e-12
13892  2.3578e-01 2.2304e-12 2.5642e-12
13893  2.3578e-01 2.1685e-12 2.7183e-12
13894  2.3578e-01 2.0989e-12 2.8636e-12
13895  2.3578e-01 2.0234e-12 2.9986e-12
13896  2.3578e-01 1.9408e-12 3.1239e-12
13897  2.3578e-01 1.8526e-12 3.2380e-12
13898  2.3578e-01 1.7578e-12 3.3419e-12
13899  2.3578e-01 1.6583e-12 3.4339e-12
13900  2.3578e-01 1.5528e-12 3.5149e-12
13901  2.3578e-01 1.4431e-12 3.5835e-12
13902  2.3578e-01 1.3283e-12 3.6409e-12
13903  2.3578e-01 1.2101e-12 3.6853e-12
13904  2.3578e-01 1.0876e-12 3.7183e-12
13905  2.3578e-01 9.6363e-13 3.7385e-12
13906  2.3578e-01 8.3646e-13 3.7467e-12
13907  2.3578e-01 7.2908e-13 3.7679e-12
13908  2.3578e-01 6.2760e-13 3.7776e-12
13909  2.3578e-01 5.2598e-13 3.7813e-12
13910  2.3578e-01 4.8313e-13 3.7973e-12
13911  2.3578e-01 5.1644e-13 3.8011e-12
13912  2.3578e-01 5.6396e-13 3.7922e-12
13913  2.3578e-01 6.4211e-13 3.7713e-12
13914  2.3578e-01 7.2511e-13 3.7405e-12
13915  2.3578e-01 8.1616e-13 3.6979e-12
13916  2.3578e-01 9.1559e-13 3.6429e-12
13917  2.3578e-01 1.0149e-12 3.5765e-12
13918  2.3578e-01 1.1123e-12 3.4983e-12
13919  2.3578e-01 1.2056e-12 3.4087e-12
13920  2.3578e-01 1.2968e-12 3.3082e-12
13921  2.3578e-01 1.3850e-12 3.1971e-12
13922  2.3578e-01 1.4684e-12 3.0757e-12
13923  2.3578e-01 1.5469e-12 2.9450e-12
13924  2.3578e-01 1.6201e-12 2.8199e-12
13925  2.3578e-01 1.6903e-12 2.6888e-12
13926  2.3578e-01 1.7547e-12 2.5488e-12
13927  2.3578e-01 1.8131e-12 2.4009e-12
13928  2.3578e-01 1.8656e-12 2.2457e-12
13929  2.3578e-01 1.9115e-12 2.0834e-12
13930  2.3578e-01 1.9739e-12 1.9144e-12
13931  2.3578e-01 2.0371e-12 1.7400e-12
13932  2.3578e-01 2.0929e-12 1.5605e-12
13933  2.3578e-01 2.1422e-12 1.3780e-12
13934  2.3578e-01 2.1840e-12 1.1915e-12
13935  2.3578e-01 2.2188e-12 1.0015e-12
13936  2.3578e-01 2.2464e-12 8.2897e-13
13937  2.3578e-01 2.2664e-12 9.6665e-13
13938  2.3578e-01 2.2791e-12 1.1029e-12
13939  2.3578e-01 2.2841e-12 1.2349e-12
13940  2.3578e-01 2.2818e-12 1.3627e-12
13941  2.3578e-01 2.2715e-12 1.4856e-12
13942  2.3578e-01 2.2544e-12 1.6033e-12
13943  2.3578e-01 2.2294e-12 1.7791e-12
13944  2.3578e-01 2.1975e-12 1.9500e-12
13945  2.3578e-01 2.1582e-12 2.1145e-12
13946  2.3578e-01 2.1121e-12 2.2712e-12
13947  2.3578e-01 2.0588e-12 2.4211e-12
13948  2.3578e-01 1.9992e-12 2.5629e-12
13949  2.3578e-01 1.9330e-12 2.6960e-12
13950  2.3578e-01 1.8607e-12 2.8196e-12
13951  2.3578e-01 1.7824e-12 2.9338e-12
13952  2.3578e-01 1.6986e-12 3.0379e-12
13953  2.3578e-01 1.6091e-12 3.1322e-12
13954  2.3578e-01 1.5149e-12 3.2153e-12
13955  2.3578e-01 1.4158e-12 3.2882e-12
13956  2.3578e-01 1.3124e-12 3.3495e-12
13957  2.3578e-01 1.2045e-12 3.4002e-12
13958  2.3578e-01 1.0936e-12 3.4392e-12
13959  2.3578e-01 9.7900e-13 3.4671e-12
13960  2.3578e-01 8.6309e-13 3.4832e-12
13961  2.3578e-01 7.4514e-13 3.4935e-12
13962  2.3578e-01 6.5042e-13 3.5106e-12
13963  2.3578e-01 5.5581e-13 3.5172e-12
13964  2.3578e-01 4.6113e-13 3.5255e-12
13965  2.3578e-01 4.5811e-13 3.5383e-12
13966  2.3578e-01 4.8866e-13 3.5386e-12
13967  2.3578e-01 5.4538e-13 3.5280e-12
13968  2.3578e-01 6.1785e-13 3.5062e-12
13969  2.3578e-01 6.9715e-13 3.4749e-12
13970  2.3578e-01 7.8645e-13 3.4327e-12
13971  2.3578e-01 8.7787e-13 3.3789e-12
13972  2.3578e-01 9.7071e-13 3.3147e-12
13973  2.3578e-01 1.0602e-12 3.2389e-12
13974  2.3578e-01 1.1460e-12 3.1537e-12
13975  2.3578e-01 1.2306e-12 3.0572e-12
13976  2.3578e-01 1.3116e-12 2.9520e-12
13977  2.3578e-01 1.3876e-12 2.8364e-12
13978  2.3578e-01 1.4593e-12 2.7144e-12
13979  2.3578e-01 1.5267e-12 2.5984e-12
13980  2.3578e-01 1.5902e-12 2.4743e-12
13981  2.3578e-01 1.6488e-12 2.3423e-12
13982  2.3578e-01 1.7011e-12 2.2030e-12
13983  2.3578e-01 1.7484e-12 2.0568e-12
13984  2.3578e-01 1.7907e-12 1.9043e-12
13985  2.3578e-01 1.8533e-12 1.7458e-12
13986  2.3578e-01 1.9105e-12 1.5819e-12
13987  2.3578e-01 1.9606e-12 1.4142e-12
13988  2.3578e-01 2.0048e-12 1.2432e-12
13989  2.3578e-01 2.0417e-12 1.0690e-12
13990  2.3578e-01 2.0720e-12 8.9121e-13
13991  2.3578e-01 2.0959e-12 8.0225e-13
13992  2.3578e-01 2.1125e-12 9.3013e-13
13993  2.3578e-01 2.1225e-12 1.0560e-12
13994  2.3578e-01 2.1249e-12 1.1781e-12
13995  2.3578e-01 2.1210e-12 1.2958e-12
13996  2.3578e-01 2.1095e-12 1.4093e-12
13997  2.3578e-01 2.0916e-12 1.5306e-12
13998  2.3578e-01 2.0661e-12 1.6943e-12
13999  2.3578e-01 2.0349e-12 1.8522e-12
14000  2.3578e-01 1.9961e-12 2.0035e-12
14001  2.3578e-01 1.9516e-12 2.1480e-12
14002  2.3578e-01 1.9002e-12 2.2862e-12
14003  2.3578e-01 1.8435e-12 2.4161e-12
14004  2.3578e-01 1.7798e-12 2.5381e-12
14005  2.3578e-01 1.7113e-12 2.6511e-12
14006  2.3578e-01 1.6367e-12 2.7553e-12
14007  2.3578e-01 1.5574e-12 2.8500e-12
14008  2.3578e-01 1.4728e-12 2.9355e-12
14009  2.3578e-01 1.3841e-12 3.0106e-12
14010  2.3578e-01 1.2905e-12 3.0761e-12
14011  2.3578e-01 1.1932e-12 3.1307e-12
14012  2.3578e-01 1.0921e-12 3.1755e-12
14013  2.3578e-01 9.8784e-13 3.2093e-12
14014  2.3578e-01 8.8075e-13 3.2327e-12
14015  2.3578e-01 7.7210e-13 3.2454e-12
14016  2.3578e-01 6.6668e-13 3.2576e-12
14017  2.3578e-01 5.7861e-13 3.2715e-12
14018  2.3578e-01 4.9033e-13 3.2747e-12
14019  2.3578e-01 4.0492e-13 3.2861e-12
14020  2.3578e-01 4.3448e-13 3.2950e-12
14021  2.3578e-01 4.6219e-13 3.2934e-12
14022  2.3578e-01 5.2661e-13 3.2806e-12
14023  2.3578e-01 5.9577e-13 3.2584e-12
14024  2.3578e-01 6.6926e-13 3.2271e-12
14025  2.3578e-01 7.5608e-13 3.1852e-12
14026  2.3578e-01 8.4173e-13 3.1328e-12
14027  2.3578e-01 9.2705e-13 3.0703e-12
14028  2.3578e-01 1.0095e-12 2.9980e-12
14029  2.3578e-01 1.0887e-12 2.9159e-12
14030  2.3578e-01 1.1665e-12 2.8245e-12
14031  2.3578e-01 1.2408e-12 2.7239e-12
14032  2.3578e-01 1.3102e-12 2.6150e-12
14033  2.3578e-01 1.3757e-12 2.5024e-12
14034  2.3578e-01 1.4374e-12 2.3930e-12
14035  2.3578e-01 1.4952e-12 2.2755e-12
14036  2.3578e-01 1.5480e-12 2.1511e-12
14037  2.3578e-01 1.5955e-12 2.0197e-12
14038  2.3578e-01 1.6376e-12 1.8822e-12
14039  2.3578e-01 1.6823e-12 1.7387e-12
14040  2.3578e-01 1.7393e-12 1.5902e-12
14041  2.3578e-01 1.7906e-12 1.4364e-12
14042  2.3578e-01 1.8357e-12 1.2798e-12
14043  2.3578e-01 1.8747e-12 1.1198e-12
14044  2.3578e-01 1.9075e-12 9.5676e-13
14045  2.3578e-01 1.9339e-12 7.9085e-13
14046  2.3578e-01 1.9541e-12 7.7457e-13
14047  2.3578e-01 1.9681e-12 8.9340e-13
14048  2.3578e-01 1.9752e-12 1.0099e-12
14049  2.3578e-01 1.9760e-12 1.1226e-12
14050  2.3578e-01 1.9703e-12 1.2314e-12
14051  2.3578e-01 1.9580e-12 1.3358e-12
14052  2.3578e-01 1.9391e-12 1.4608e-12
14053  2.3578e-01 1.9144e-12 1.6120e-12
14054  2.3578e-01 1.8828e-12 1.7576e-12
14055  2.3578e-01 1.8456e-12 1.8971e-12
14056  2.3578e-01 1.8021e-12 2.0303e-12
14057  2.3578e-01 1.7533e-12 2.1571e-12
14058  2.3578e-01 1.6982e-12 2.2764e-12
14059  2.3578e-01 1.6381e-12 2.3880e-12
14060  2.3578e-01 1.5725e-12 2.4915e-12
14061  2.3578e-01 1.5021e-12 2.5864e-12
14062  2.3578e-01 1.4266e-12 2.6726e-12
14063  2.3578e-01 1.3470e-12 2.7498e-12
14064  2.3578e-01 1.2628e-12 2.8178e-12
14065  2.3578e-01 1.1752e-12 2.8764e-12
14066  2.3578e-01 1.0835e-12 2.9252e-12
14067  2.3578e-01 9.8852e-13 2.9643e-12
14068  2.3578e-01 8.9076e-13 2.9937e-12
14069  2.3578e-01 7.9090e-13 3.0133e-12
14070  2.3578e-01 6.8885e-13 3.0224e-12
14071  2.3578e-01 5.9606e-13 3.0365e-12
14072  2.3578e-01 5.1420e-13 3.0470e-12
14073  2.3578e-01 4.3207e-13 3.0478e-12
14074  2.3578e-01 3.8438e-13 3.0628e-12
14075  2.3578e-01 4.1125e-13 3.0688e-12
14076  2.3578e-01 4.4444e-13 3.0648e-12
14077  2.3578e-01 5.0778e-13 3.0503e-12
14078  2.3578e-01 5.7403e-13 3.0282e-12
14079  2.3578e-01 6.4612e-13 2.9967e-12
14080  2.3578e-01 7.2628e-13 2.9553e-12
14081  2.3578e-01 8.0613e-13 2.9047e-12
14082  2.3578e-01 8.8511e-13 2.8441e-12
14083  2.3578e-01 9.6058e-13 2.7747e-12
14084  2.3578e-01 1.0339e-12 2.6961e-12
14085  2.3578e-01 1.1058e-12 2.6093e-12
14086  2.3578e-01 1.1732e-12 2.5134e-12
14087  2.3578e-01 1.2371e-12 2.4104e-12
14088  2.3578e-01 1.2963e-12 2.3071e-12
14089  2.3578e-01 1.3530e-12 2.2036e-12
14090  2.3578e-01 1.4057e-12 2.0924e-12
14091  2.3578e-01 1.4531e-12 1.9754e-12
14092  2.3578e-01 1.4961e-12 1.8514e-12
14093  2.3578e-01 1.5336e-12 1.7223e-12
14094  2.3578e-01 1.5805e-12 1.5874e-12
14095  2.3578e-01 1.6322e-12 1.4481e-12
14096  2.3578e-01 1.6782e-12 1.3038e-12
14097  2.3578e-01 1.7187e-12 1.1573e-12
14098  2.3578e-01 1.7531e-12 1.0081e-12
14099  2.3578e-01 1.7822e-12 8.5523e-13
14100  2.3578e-01 1.8051e-12 7.0052e-13
14101  2.3578e-01 1.8224e-12 7.4695e-13
14102  2.3578e-01 1.8333e-12 8.5767e-13
14103  2.3578e-01 1.8386e-12 9.6505e-13
14104  2.3578e-01 1.8374e-12 1.0694e-12
14105  2.3578e-01 1.8302e-12 1.1697e-12
14106  2.3578e-01 1.8173e-12 1.2660e-12
14107  2.3578e-01 1.7982e-12 1.3936e-12
14108  2.3578e-01 1.7733e-12 1.5332e-12
14109  2.3578e-01 1.7424e-12 1.6677e-12
14110  2.3578e-01 1.7063e-12 1.7957e-12
14111  2.3578e-01 1.6644e-12 1.9187e-12
14112  2.3578e-01 1.6172e-12 2.0352e-12
14113  2.3578e-01 1.5647e-12 2.1445e-12
14114  2.3578e-01 1.5072e-12 2.2467e-12
14115  2.3578e-01 1.4449e-12 2.3413e-12
14116  2.3578e-01 1.3783e-12 2.4276e-12
14117  2.3578e-01 1.3068e-12 2.5060e-12
14118  2.3578e-01 1.2317e-12 2.5759e-12
14119  2.3578e-01 1.1524e-12 2.6370e-12
14120  2.3578e-01 1.0697e-12 2.6898e-12
14121  2.3578e-01 9.8353e-13 2.7329e-12
14122  2.3578e-01 8.9435e-13 2.7674e-12
14123  2.3578e-01 8.0260e-13 2.7924e-12
14124  2.3578e-01 7.0918e-13 2.8085e-12
14125  2.3578e-01 6.1435e-13 2.8150e-12
14126  2.3578e-01 5.3148e-13 2.8306e-12
14127  2.3578e-01 4.5565e-13 2.8381e-12
14128  2.3578e-01 3.7867e-13 2.8405e-12
14129  2.3578e-01 3.6457e-13 2.8537e-12
14130  2.3578e-01 3.8953e-13 2.8567e-12
14131  2.3578e-01 4.3014e-13 2.8511e-12
14132  2.3578e-01 4.8895e-13 2.8357e-12
14133  2.3578e-01 5.5219e-13 2.8130e-12
14134  2.3578e-01 6.2248e-13 2.7820e-12
14135  2.3578e-01 6.9651e-13 2.7411e-12
14136  2.3578e-01 7.7112e-13 2.6918e-12
14137  2.3578e-01 8.4376e-13 2.6335e-12
14138  2.3578e-01 9.1319e-13 2.5670e-12
14139  2.3578e-01 9.8149e-13 2.4919e-12
14140  2.3578e-01 1.0467e-12 2.4092e-12
14141  2.3578e-01 1.1088e-12 2.3183e-12
14142  2.3578e-01 1.1669e-12 2.2203e-12
14143  2.3578e-01 1.2212e-12 2.1259e-12
14144  2.3578e-01 1.2731e-12 2.0279e-12
14145  2.3578e-01 1.3205e-12 1.9230e-12
14146  2.3578e-01 1.3635e-12 1.8126e-12
14147  2.3578e-01 1.4022e-12 1.6959e-12
14148  2.3578e-01 1.4356e-12 1.5745e-12
14149  2.3578e-01 1.4841e-12 1.4479e-12
14150  2.3578e-01 1.5307e-12 1.3171e-12
14151  2.3578e-01 1.5720e-12 1.1821e-12
14152  2.3578e-01 1.6080e-12 1.0454e-12
14153  2.3578e-01 1.6387e-12 9.0537e-13
14154  2.3578e-01 1.6641e-12 7.6269e-13
14155  2.3578e-01 1.6840e-12 6.1800e-13
14156  2.3578e-01 1.6983e-12 7.1941e-13
14157  2.3578e-01 1.7071e-12 8.2194e-13
14158  2.3578e-01 1.7103e-12 9.2147e-13
14159  2.3578e-01 1.7078e-12 1.0176e-12
14160  2.3578e-01 1.6996e-12 1.1102e-12
14161  2.3578e-01 1.6857e-12 1.1989e-12
14162  2.3578e-01 1.6663e-12 1.3280e-12
14163  2.3578e-01 1.6418e-12 1.4569e-12
14164  2.3578e-01 1.6119e-12 1.5806e-12
14165  2.3578e-01 1.5765e-12 1.6989e-12
14166  2.3578e-01 1.5363e-12 1.8119e-12
14167  2.3578e-01 1.4907e-12 1.9190e-12
14168  2.3578e-01 1.4407e-12 2.0193e-12
14169  2.3578e-01 1.3858e-12 2.1127e-12
14170  2.3578e-01 1.3270e-12 2.1989e-12
14171  2.3578e-01 1.2632e-12 2.2778e-12
14172  2.3578e-01 1.1964e-12 2.3490e-12
14173  2.3578e-01 1.1250e-12 2.4120e-12
14174  2.3578e-01 1.0505e-12 2.4672e-12
14175  2.3578e-01 9.7234e-13 2.5139e-12
14176  2.3578e-01 8.9180e-13 2.5523e-12
14177  2.3578e-01 8.0787e-13 2.5824e-12
14178  2.3578e-01 7.2220e-13 2.6038e-12
14179  2.3578e-01 6.3469e-13 2.6166e-12
14180  2.3578e-01 5.4601e-13 2.6234e-12
14181  2.3578e-01 4.7319e-13 2.6375e-12
14182  2.3578e-01 4.0296e-13 2.6422e-12
14183  2.3578e-01 3.3188e-13 2.6487e-12
14184  2.3578e-01 3.4567e-13 2.6586e-12
14185  2.3578e-01 3.6871e-13 2.6596e-12
14186  2.3578e-01 4.1590e-13 2.6520e-12
14187  2.3578e-01 4.7096e-13 2.6362e-12
14188  2.3578e-01 5.3032e-13 2.6135e-12
14189  2.3578e-01 5.9946e-13 2.5820e-12
14190  2.3578e-01 6.6819e-13 2.5425e-12
14191  2.3578e-01 7.3733e-13 2.4945e-12
14192  2.3578e-01 8.0397e-13 2.4384e-12
14193  2.3578e-01 8.6772e-13 2.3747e-12
14194  2.3578e-01 9.3080e-13 2.3031e-12
14195  2.3578e-01 9.9110e-13 2.2241e-12
14196  2.3578e-01 1.0474e-12 2.1383e-12
14197  2.3578e-01 1.1006e-12 2.0457e-12
14198  2.3578e-01 1.1505e-12 1.9590e-12
14199  2.3578e-01 1.1973e-12 1.8661e-12
14200  2.3578e-01 1.2405e-12 1.7671e-12
14201  2.3578e-01 1.2793e-12 1.6630e-12
14202  2.3578e-01 1.3136e-12 1.5535e-12
14203  2.3578e-01 1.3466e-12 1.4391e-12
14204  2.3578e-01 1.3936e-12 1.3202e-12
14205  2.3578e-01 1.4351e-12 1.1976e-12
14206  2.3578e-01 1.4727e-12 1.0715e-12
14207  2.3578e-01 1.5044e-12 9.4320e-13
14208  2.3578e-01 1.5318e-12 8.1243e-13
14209  2.3578e-01 1.5541e-12 6.7928e-13
14210  2.3578e-01 1.5708e-12 5.9615e-13
14211  2.3578e-01 1.5831e-12 6.9246e-13
14212  2.3578e-01 1.5894e-12 7.8723e-13
14213  2.3578e-01 1.5909e-12 8.7902e-13
14214  2.3578e-01 1.5870e-12 9.6814e-13
14215  2.3578e-01 1.5782e-12 1.0533e-12
14216  2.3578e-01 1.5638e-12 1.1417e-12
14217  2.3578e-01 1.5445e-12 1.2649e-12
14218  2.3578e-01 1.5200e-12 1.3839e-12
14219  2.3578e-01 1.4908e-12 1.4980e-12
14220  2.3578e-01 1.4565e-12 1.6071e-12
14221  2.3578e-01 1.4179e-12 1.7108e-12
14222  2.3578e-01 1.3743e-12 1.8093e-12
14223  2.3578e-01 1.3264e-12 1.9010e-12
14224  2.3578e-01 1.2743e-12 1.9867e-12
14225  2.3578e-01 1.2183e-12 2.0649e-12
14226  2.3578e-01 1.1581e-12 2.1370e-12
14227  2.3578e-01 1.0949e-12 2.2011e-12
14228  2.3578e-01 1.0274e-12 2.2586e-12
14229  2.3578e-01 9.5736e-13 2.3079e-12
14230  2.3578e-01 8.8385e-13 2.3500e-12
14231  2.3578e-01 8.0817e-13 2.3837e-12
14232  2.3578e-01 7.2947e-13 2.4096e-12
14233  2.3578e-01 6.4918e-13 2.4278e-12
14234  2.3578e-01 5.6745e-13 2.4379e-12
14235  2.3578e-01 4.8630e-13 2.4463e-12
14236  2.3578e-01 4.2042e-13 2.4576e-12
14237  2.3578e-01 3.5500e-13 2.4603e-12
14238  2.3578e-01 3.0575e-13 2.4688e-12
14239  2.3578e-01 3.2762e-13 2.4757e-12
14240  2.3578e-01 3.5092e-13 2.4755e-12
14241  2.3578e-01 4.0128e-13 2.4659e-12
14242  2.3578e-01 4.5405e-13 2.4497e-12
14243  2.3578e-01 5.1090e-13 2.4272e-12
14244  2.3578e-01 5.7595e-13 2.3957e-12
14245  2.3578e-01 6.4017e-13 2.3575e-12
14246  2.3578e-01 7.0394e-13 2.3105e-12
14247  2.3578e-01 7.6499e-13 2.2571e-12
14248  2.3578e-01 8.2444e-13 2.1953e-12
14249  2.3578e-01 8.8235e-13 2.1278e-12
14250  2.3578e-01 9.3738e-13 2.0521e-12
14251  2.3578e-01 9.8858e-13 1.9712e-12
14252  2.3578e-01 1.0371e-12 1.8859e-12
14253  2.3578e-01 1.0832e-12 1.8043e-12
14254  2.3578e-01 1.1256e-12 1.7160e-12
14255  2.3578e-01 1.1646e-12 1.6234e-12
14256  2.3578e-01 1.1994e-12 1.5244e-12
14257  2.3578e-01 1.2303e-12 1.4220e-12
14258  2.3578e-01 1.2652e-12 1.3139e-12
14259  2.3578e-01 1.3075e-12 1.2029e-12
14260  2.3578e-01 1.3451e-12 1.0873e-12
14261  2.3578e-01 1.3787e-12 9.6964e-13
14262  2.3578e-01 1.4069e-12 8.5010e-13
14263  2.3578e-01 1.4310e-12 7.2724e-13
14264  2.3578e-01 1.4503e-12 6.0308e-13
14265  2.3578e-01 1.4647e-12 5.7600e-13
14266  2.3578e-01 1.4747e-12 6.6550e-13
14267  2.3578e-01 1.4790e-12 7.5296e-13
14268  2.3578e-01 1.4792e-12 8.3807e-13
14269  2.3578e-01 1.4741e-12 9.1993e-13
14270  2.3578e-01 1.4646e-12 9.9867e-13
14271  2.3578e-01 1.4498e-12 1.0900e-12
14272  2.3578e-01 1.4307e-12 1.2038e-12
14273  2.3578e-01 1.4066e-12 1.3136e-12
14274  2.3578e-01 1.3781e-12 1.4186e-12
14275  2.3578e-01 1.3451e-12 1.5190e-12
14276  2.3578e-01 1.3079e-12 1.6145e-12
14277  2.3578e-01 1.2661e-12 1.7046e-12
14278  2.3578e-01 1.2205e-12 1.7889e-12
14279  2.3578e-01 1.1710e-12 1.8669e-12
14280  2.3578e-01 1.1177e-12 1.9388e-12
14281  2.3578e-01 1.0608e-12 2.0038e-12
14282  2.3578e-01 1.0008e-12 2.0623e-12
14283  2.3578e-01 9.3762e-13 2.1138e-12
14284  2.3578e-01 8.7140e-13 2.1583e-12
14285  2.3578e-01 8.0247e-13 2.1954e-12
14286  2.3578e-01 7.3118e-13 2.2255e-12
14287  2.3578e-01 6.5756e-13 2.2478e-12
14288  2.3578e-01 5.8254e-13 2.2629e-12
14289  2.3578e-01 5.0605e-13 2.2704e-12
14290  2.3578e-01 4.3409e-13 2.2806e-12
14291  2.3578e-01 3.7322e-13 2.2887e-12
14292  2.3578e-01 3.1199e-13 2.2898e-12
14293  2.3578e-01 2.9002e-13 2.3008e-12
14294  2.3578e-01 3.1019e-13 2.3059e-12
14295  2.3578e-01 3.3907e-13 2.3034e-12
14296  2.3578e-01 3.8675e-13 2.2930e-12
14297  2.3578e-01 4.3707e-13 2.2767e-12
14298  2.3578e-01 4.9297e-13 2.2537e-12
14299  2.3578e-01 5.5277e-13 2.2230e-12
14300  2.3578e-01 6.1295e-13 2.1855e-12
14301  2.3578e-01 6.7137e-13 2.1404e-12
14302  2.3578e-01 7.2781e-13 2.0887e-12
14303  2.3578e-01 7.8279e-13 2.0301e-12
14304  2.3578e-01 8.3587e-13 1.9653e-12
14305  2.3578e-01 8.8619e-13 1.8940e-12
14306  2.3578e-01 9.3296e-13 1.8167e-12
14307  2.3578e-01 9.7732e-13 1.7388e-12
14308  2.3578e-01 1.0196e-12 1.6611e-12
14309  2.3578e-01 1.0580e-12 1.5782e-12
14310  2.3578e-01 1.0932e-12 1.4903e-12
14311  2.3578e-01 1.1244e-12 1.3976e-12
14312  2.3578e-01 1.1521e-12 1.3008e-12
14313  2.3578e-01 1.1884e-12 1.1998e-12
14314  2.3578e-01 1.2268e-12 1.0952e-12
14315  2.3578e-01 1.2602e-12 9.8727e-13
14316  2.3578e-01 1.2905e-12 8.7738e-13
14317  2.3578e-01 1.3155e-12 7.6508e-13
14318  2.3578e-01 1.3368e-12 6.5062e-13
14319  2.3578e-01 1.3536e-12 5.3426e-13
14320  2.3578e-01 1.3656e-12 5.5564e-13
14321  2.3578e-01 1.3738e-12 6.3873e-13
14322  2.3578e-01 1.3766e-12 7.2009e-13
14323  2.3578e-01 1.3753e-12 7.9827e-13
14324  2.3578e-01 1.3693e-12 8.7406e-13
14325  2.3578e-01 1.3591e-12 9.4653e-13
14326  2.3578e-01 1.3441e-12 1.0400e-12
14327  2.3578e-01 1.3252e-12 1.1452e-12
14328  2.3578e-01 1.3015e-12 1.2463e-12
14329  2.3578e-01 1.2740e-12 1.3430e-12
14330  2.3578e-01 1.2419e-12 1.4357e-12
14331  2.3578e-01 1.2062e-12 1.5234e-12
14332  2.3578e-01 1.1663e-12 1.6061e-12
14333  2.3578e-01 1.1232e-12 1.6831e-12
14334  2.3578e-01 1.0757e-12 1.7544e-12
14335  2.3578e-01 1.0254e-12 1.8197e-12
14336  2.3578e-01 9.7145e-13 1.8791e-12
14337  2.3578e-01 9.1506e-13 1.9318e-12
14338  2.3578e-01 8.5511e-13 1.9785e-12
14339  2.3578e-01 7.9307e-13 2.0180e-12
14340  2.3578e-01 7.2793e-13 2.0512e-12
14341  2.3578e-01 6.6133e-13 2.0773e-12
14342  2.3578e-01 5.9226e-13 2.0967e-12
14343  2.3578e-01 5.2225e-13 2.1090e-12
14344  2.3578e-01 4.5067e-13 2.1145e-12
14345  2.3578e-01 3.8678e-13 2.1256e-12
14346  2.3578e-01 3.3030e-13 2.1319e-12
14347  2.3578e-01 2.7284e-13 2.1334e-12
14348  2.3578e-01 2.7501e-13 2.1436e-12
14349  2.3578e-01 2.9376e-13 2.1465e-12
14350  2.3578e-01 3.2819e-13 2.1427e-12
14351  2.3578e-01 3.7208e-13 2.1316e-12
14352  2.3578e-01 4.1991e-13 2.1152e-12
14353  2.3578e-01 4.7444e-13 2.0920e-12
14354  2.3578e-01 5.2996e-13 2.0619e-12
14355  2.3578e-01 5.8599e-13 2.0254e-12
14356  2.3578e-01 6.3978e-13 1.9820e-12
14357  2.3578e-01 6.9172e-13 1.9323e-12
14358  2.3578e-01 7.4260e-13 1.8764e-12
14359  2.3578e-01 7.9106e-13 1.8147e-12
14360  2.3578e-01 8.3715e-13 1.7468e-12
14361  2.3578e-01 8.7998e-13 1.6736e-12
14362  2.3578e-01 9.2056e-13 1.6022e-12
14363  2.3578e-01 9.5877e-13 1.5288e-12
14364  2.3578e-01 9.9383e-13 1.4502e-12
14365  2.3578e-01 1.0255e-12 1.3677e-12
14366  2.3578e-01 1.0537e-12 1.2802e-12
14367  2.3578e-01 1.0783e-12 1.1894e-12
14368  2.3578e-01 1.1156e-12 1.0942e-12
14369  2.3578e-01 1.1504e-12 9.9654e-13
14370  2.3578e-01 1.1806e-12 8.9548e-13
14371  2.3578e-01 1.2074e-12 7.9209e-13
14372  2.3578e-01 1.2297e-12 6.8768e-13
14373  2.3578e-01 1.2483e-12 5.8024e-13
14374  2.3578e-01 1.2629e-12 4.7210e-13
14375  2.3578e-01 1.2726e-12 5.3550e-13
14376  2.3578e-01 1.2790e-12 6.1255e-13
14377  2.3578e-01 1.2803e-12 6.8739e-13
14378  2.3578e-01 1.2783e-12 7.5980e-13
14379  2.3578e-01 1.2713e-12 8.2960e-13
14380  2.3578e-01 1.2608e-12 8.9630e-13
14381  2.3578e-01 1.2454e-12 9.9125e-13
14382  2.3578e-01 1.2271e-12 1.0882e-12
14383  2.3578e-01 1.2036e-12 1.1816e-12
14384  2.3578e-01 1.1773e-12 1.2707e-12
14385  2.3578e-01 1.1459e-12 1.3558e-12
14386  2.3578e-01 1.1120e-12 1.4365e-12
14387  2.3578e-01 1.0734e-12 1.5123e-12
14388  2.3578e-01 1.0328e-12 1.5827e-12
14389  2.3578e-01 9.8731e-13 1.6479e-12
14390  2.3578e-01 9.4044e-13 1.7072e-12
14391  2.3578e-01 8.8896e-13 1.7612e-12
14392  2.3578e-01 8.3596e-13 1.8092e-12
14393  2.3578e-01 7.7894e-13 1.8509e-12
14394  2.3578e-01 7.2116e-13 1.8862e-12
14395  2.3578e-01 6.5974e-13 1.9157e-12
14396  2.3578e-01 5.9735e-13 1.9386e-12
14397  2.3578e-01 5.3246e-13 1.9550e-12
14398  2.3578e-01 4.6711e-13 1.9651e-12
14399  2.3578e-01 4.0029e-13 1.9699e-12
14400  2.3578e-01 3.4444e-13 1.9808e-12
14401  2.3578e-01 2.9138e-13 1.9848e-12
14402  2.3578e-01 2.4292e-13 1.9889e-12
14403  2.3578e-01 2.6074e-13 1.9973e-12
14404  2.3578e-01 2.7778e-13 1.9983e-12
14405  2.3578e-01 3.1688e-13 1.9933e-12
14406  2.3578e-01 3.5893e-13 1.9816e-12
14407  2.3578e-01 4.0393e-13 1.9647e-12
14408  2.3578e-01 4.5662e-13 1.9419e-12
14409  2.3578e-01 5.0840e-13 1.9123e-12
14410  2.3578e-01 5.5990e-13 1.8770e-12
14411  2.3578e-01 6.0953e-13 1.8349e-12
14412  2.3578e-01 6.5714e-13 1.7877e-12
14413  2.3578e-01 7.0395e-13 1.7339e-12
14414  2.3578e-01 7.4872e-13 1.6755e-12
14415  2.3578e-01 7.9062e-13 1.6109e-12
14416  2.3578e-01 8.2993e-13 1.5418e-12
14417  2.3578e-01 8.6707e-13 1.4761e-12
14418  2.3578e-01 9.0142e-13 1.4071e-12
14419  2.3578e-01 9.3349e-13 1.3325e-12
14420  2.3578e-01 9.6183e-13 1.2550e-12
14421  2.3578e-01 9.8721e-13 1.1725e-12
14422  2.3578e-01 1.0132e-12 1.0873e-12
14423  2.3578e-01 1.0474e-12 9.9784e-13
14424  2.3578e-01 1.0788e-12 9.0614e-13
14425  2.3578e-01 1.1057e-12 8.1160e-13
14426  2.3578e-01 1.1294e-12 7.1507e-13
14427  2.3578e-01 1.1491e-12 6.1721e-13
14428  2.3578e-01 1.1652e-12 5.1678e-13
14429  2.3578e-01 1.1776e-12 4.4315e-13
14430  2.3578e-01 1.1859e-12 5.1562e-13
14431  2.3578e-01 1.1907e-12 5.8695e-13
14432  2.3578e-01 1.1909e-12 6.5596e-13
14433  2.3578e-01 1.1880e-12 7.2314e-13
14434  2.3578e-01 1.1804e-12 7.8710e-13
14435  2.3578e-01 1.1695e-12 8.5159e-13
14436  2.3578e-01 1.1542e-12 9.4425e-13
14437  2.3578e-01 1.1359e-12 1.0340e-12
14438  2.3578e-01 1.1130e-12 1.1199e-12
14439  2.3578e-01 1.0874e-12 1.2020e-12
14440  2.3578e-01 1.0576e-12 1.2804e-12
14441  2.3578e-01 1.0252e-12 1.3543e-12
14442  2.3578e-01 9.8830e-13 1.4238e-12
14443  2.3578e-01 9.4940e-13 1.4883e-12
14444  2.3578e-01 9.0658e-13 1.5478e-12
14445  2.3578e-01 8.6165e-13 1.6016e-12
14446  2.3578e-01 8.1325e-13 1.6506e-12
14447  2.3578e-01 7.6315e-13 1.6937e-12
14448  2.3578e-01 7.0989e-13 1.7314e-12
14449  2.3578e-01 6.5519e-13 1.7631e-12
14450  2.3578e-01 5.9757e-13 1.7891e-12
14451  2.3578e-01 5.3918e-13 1.8089e-12
14452  2.3578e-01 4.7832e-13 1.8228e-12
14453  2.3578e-01 4.1735e-13 1.8307e-12
14454  2.3578e-01 3.5483e-13 1.8370e-12
14455  2.3578e-01 3.0563e-13 1.8451e-12
14456  2.3578e-01 2.5626e-13 1.8483e-12
14457  2.3578e-01 2.3068e-13 1.8538e-12
14458  2.3578e-01 2.4703e-13 1.8601e-12
14459  2.3578e-01 2.6703e-13 1.8596e-12
14460  2.3578e-01 3.0545e-13 1.8536e-12
14461  2.3578e-01 3.4572e-13 1.8418e-12
14462  2.3578e-01 3.8984e-13 1.8246e-12
14463  2.3578e-01 4.3827e-13 1.8019e-12
14464  2.3578e-01 4.8675e-13 1.7728e-12
14465  2.3578e-01 5.3405e-13 1.7387e-12
14466  2.3578e-01 5.7977e-13 1.6983e-12
14467  2.3578e-01 6.2417e-13 1.6531e-12
14468  2.3578e-01 6.6713e-13 1.6018e-12
14469  2.3578e-01 7.0792e-13 1.5459e-12
14470  2.3578e-01 7.4619e-13 1.4849e-12
14471  2.3578e-01 7.8186e-13 1.4209e-12
14472  2.3578e-01 8.1568e-13 1.3595e-12
14473  2.3578e-01 8.4763e-13 1.2940e-12
14474  2.3578e-01 8.7591e-13 1.2241e-12
14475  2.3578e-01 9.0208e-13 1.1504e-12
14476  2.3578e-01 9.2432e-13 1.0734e-12
14477  2.3578e-01 9.5177e-13 9.9278e-13
