0.000000, 0.000000, 0.000000, 0.000000
0.000000, 0.010755, 0.000000, 0.027749
0.000000, 0.021597, 0.000000, 0.044976
0.000000, 0.033448, 0.000000, 0.061777
0.000000, 0.045500, 0.000000, 0.078311
0.000000, 0.057899, 0.000000, 0.095238
0.000000, 0.070478, 0.000000, 0.112415
0.000000, 0.083276, 0.000000, 0.129919
0.000000, 0.096279, 0.000000, 0.147761
0.000000, 0.109343, 0.000000, 0.165714
0.000000, 0.122354, 0.000000, 0.183607
0.000000, 0.135251, 0.000000, 0.201294
0.000000, 0.148125, 0.000000, 0.218924
0.000000, 0.160994, 0.000000, 0.236490
0.000000, 0.173929, 0.000000, 0.254118
0.000000, 0.186917, 0.000000, 0.271777
0.000000, 0.199955, 0.000000, 0.289449
0.000000, 0.213057, 0.000000, 0.307152
0.000000, 0.226249, 0.000000, 0.324917
0.000000, 0.239548, 0.000000, 0.342784
0.000000, 0.252916, 0.000000, 0.360687
0.000000, 0.266310, 0.000000, 0.378546
0.000000, 0.279730, 0.000000, 0.396354
0.000000, 0.293210, 0.000000, 0.414173
0.000000, 0.306746, 0.000000, 0.432054
0.000000, 0.320139, 0.000000, 0.449616
0.000000, 0.333464, 0.000000, 0.466970
0.000000, 0.346801, 0.000000, 0.484235
0.000000, 0.360197, 0.000000, 0.501454
0.000000, 0.373712, 0.000000, 0.518727
0.000000, 0.387310, 0.000000, 0.536001
0.000000, 0.400954, 0.000000, 0.553210
0.000000, 0.414644, 0.000000, 0.570333
0.000000, 0.428410, 0.000000, 0.587395
0.000000, 0.442304, 0.000000, 0.604483
0.000000, 0.456306, 0.000000, 0.621808
0.000000, 0.469470, 0.000000, 0.637734
0.000000, 0.482296, 0.000000, 0.652950
0.000000, 0.495090, 0.000000, 0.667956
0.000000, 0.507721, 0.000000, 0.682547
0.000000, 0.520000, 0.000000, 0.696501
0.000000, 0.531685, 0.000000, 0.709749
0.000000, 0.542741, 0.000000, 0.722626
0.000000, 0.554654, 0.000000, 0.736345
0.000000, 0.567726, 0.000000, 0.750921
0.000000, 0.581396, 0.000000, 0.765784
0.000000, 0.595347, 0.000000, 0.780707
0.000000, 0.609204, 0.000000, 0.795221
0.000000, 0.622924, 0.000000, 0.809159
0.000000, 0.637031, 0.000000, 0.823313
0.000000, 0.651128, 0.000000, 0.837113
0.000000, 0.664928, 0.000000, 0.850286
0.000000, 0.678431, 0.000000, 0.862503
0.000000, 0.692643, 0.000000, 0.875246
0.000000, 0.706570, 0.000000, 0.887116
0.000000, 0.720639, 0.000000, 0.898493
0.000000, 0.735083, 0.000000, 0.909753
0.000000, 0.749533, 0.000000, 0.920221
0.000000, 0.764823, 0.000000, 0.931069
0.000000, 0.778977, 0.000000, 0.939997
0.000000, 0.793123, 0.000000, 0.948296
0.000000, 0.806711, 0.000000, 0.955193
0.000000, 0.821308, 0.000000, 0.961758
0.000000, 0.836489, 0.000000, 0.967463
0.000000, 0.851557, 0.000000, 0.971763
0.000000, 0.865590, 0.000000, 0.974278
0.000000, 0.879696, 0.000000, 0.975243
0.000000, 0.893469, 0.000000, 0.974335
0.000000, 0.906920, 0.000000, 0.971039
0.000000, 0.920080, 0.000000, 0.964396
0.000000, 0.933351, 0.000000, 0.952455
0.000000, 0.945699, 0.000000, 0.941495
0.000000, 0.959562, 0.000000, 0.918168
0.000000, 0.972602, 0.000000, 0.835374
0.000000, 0.985200, 0.000000, 0.841202
0.000000, 1.000000, 0.000000, 0.000000
0.008688, 0.756863, 0.005984, 0.925330
0.009154, 0.828561, 0.003376, 0.964351
0.009174, 0.989329, -0.101836, 0.816993
0.009439, 0.844117, 0.002571, 0.969453
0.009857, 0.952306, 0.002651, 0.959797
0.009887, 0.813458, 0.004450, 0.958040
0.009940, 0.449389, 0.012335, 0.613209
0.009973, 0.742105, 0.007362, 0.914787
0.009980, 0.728090, 0.007809, 0.904204
0.010035, 0.588108, 0.010802, 0.772577
0.010039, 0.629506, 0.010116, 0.815433
0.010131, 0.435276, 0.012703, 0.595875
0.010174, 0.573633, 0.011163, 0.756980
0.010277, 0.643845, 0.010079, 0.829662
0.010306, 0.685295, 0.009200, 0.868454
0.010309, 0.602226, 0.010871, 0.787519
0.010314, 0.559073, 0.011523, 0.741071
0.010322, 0.421445, 0.013068, 0.578767
0.010435, 0.407752, 0.013332, 0.561692
0.010478, 0.544421, 0.011904, 0.724853
0.010507, 0.394106, 0.013539, 0.544544
0.010587, 0.380470, 0.013755, 0.527285
0.010596, 0.786793, 0.006116, 0.944358
0.010617, 0.615959, 0.010956, 0.801754
0.010656, 0.299872, 0.014448, 0.422934
0.010727, 0.366865, 0.014047, 0.509952
0.010731, 0.286343, 0.014644, 0.405082
0.010740, 0.713560, 0.008814, 0.892546
0.010755, 0.529944, 0.012409, 0.708643
0.010814, 0.272913, 0.014851, 0.387288
0.010838, 0.259492, 0.014975, 0.369427
0.010842, 0.246054, 0.015073, 0.351468
0.010847, 0.873188, 0.000697, 0.974374
0.010873, 0.772022, 0.006880, 0.935390
0.010895, 0.658173, 0.010379, 0.843579
0.010909, 0.232671, 0.015258, 0.333519
0.010924, 0.353373, 0.014413, 0.492652
0.010932, 0.313487, 0.014726, 0.440845
0.010970, 0.699525, 0.009409, 0.880867
0.011014, 0.340062, 0.014637, 0.475472
0.011039, 0.326795, 0.014770, 0.458236
0.011049, 0.219432, 0.015550, 0.315708
0.011120, 0.102757, 0.016823, 0.156473
0.011166, 0.206315, 0.015811, 0.298002
0.011166, 0.887183, -0.000782, 0.974291
0.011169, 0.089484, 0.017156, 0.138191
0.011182, 0.516151, 0.013102, 0.692952
0.011216, 0.115915, 0.016765, 0.174591
0.011248, 0.193275, 0.016029, 0.280343
0.011284, 0.858792, 0.002009, 0.972690
0.011303, 0.463716, 0.013878, 0.630750
0.011309, 0.180291, 0.016221, 0.262709
0.011314, 0.502733, 0.013430, 0.677294
0.011361, 0.000000, 0.028805, 0.000000
0.011383, 0.167337, 0.016439, 0.245065
0.011395, 0.927071, -0.004277, 0.966144
0.011400, 0.025016, 0.021735, 0.047586
0.011421, 0.076389, 0.017891, 0.120139
0.011422, 0.128820, 0.016898, 0.192333
0.011462, 0.141660, 0.016808, 0.209958
0.011462, 0.489552, 0.013770, 0.661729
0.011488, 0.154447, 0.016712, 0.227464
0.011504, 0.900785, -0.002614, 0.972419
0.011553, 0.671386, 0.010667, 0.855867
0.011638, 0.799668, 0.006011, 0.951297
0.011641, 0.063534, 0.018713, 0.102360
0.011722, 0.964908, -0.016463, 0.945832
0.011725, 0.050873, 0.019542, 0.084767
0.011731, 0.476511, 0.014250, 0.646180
0.011836, 0.914050, -0.004484, 0.969125
0.011937, 0.037990, 0.020948, 0.066586
0.013129, 0.940476, 0.000874, 0.967190
0.013423, 1.000000, -1.422700, 0.000000
0.013695, 0.976980, 0.134234, 1.102597
0.013912, 0.011588, 0.029728, 0.024766
0.018511, 0.762079, 0.012463, 0.928257
0.018733, 0.834890, 0.006385, 0.965802
0.019000, 0.820561, 0.007977, 0.960414
0.019327, 0.749279, 0.013869, 0.919430
0.019666, 0.580823, 0.021369, 0.764811
0.019772, 0.565959, 0.021901, 0.748622
0.019906, 0.635517, 0.019819, 0.821300
0.019943, 0.455847, 0.024625, 0.621050
0.019996, 0.781212, 0.011991, 0.940314
0.020028, 0.551339, 0.022584, 0.732511
0.020069, 0.721987, 0.016064, 0.898972
0.020129, 0.441956, 0.025119, 0.604051
0.020225, 0.595053, 0.021541, 0.779992
0.020397, 0.650407, 0.019732, 0.835965
0.020564, 0.428236, 0.025914, 0.587114
0.020629, 0.537115, 0.023642, 0.716559
0.020773, 0.847362, 0.005455, 0.969184
0.020839, 0.414618, 0.026502, 0.570175
0.020906, 0.953495, -0.066554, 0.891994
0.020926, 0.735403, 0.015901, 0.909206
0.020983, 0.988156, -0.962927, -0.126373
0.020983, 0.401036, 0.026920, 0.553160
0.020996, 0.608904, 0.021894, 0.794474
0.021018, 0.691622, 0.018439, 0.873574
0.021083, 0.387442, 0.027275, 0.536008
0.021244, 0.373812, 0.027706, 0.518694
0.021324, 0.306327, 0.028817, 0.431316
0.021395, 0.622483, 0.021814, 0.808389
0.021423, 0.292850, 0.029140, 0.413569
0.021567, 0.360174, 0.028345, 0.501258
0.021597, 0.706791, 0.018146, 0.886475
0.021599, 0.252554, 0.029933, 0.360043
0.021608, 0.279494, 0.029577, 0.395913
0.021639, 0.266078, 0.029805, 0.378090
0.021641, 0.678769, 0.019656, 0.862383
0.021656, 0.807122, 0.010528, 0.954232
0.021693, 0.239075, 0.030246, 0.341988
0.021727, 0.523626, 0.025265, 0.701218
0.021984, 0.225802, 0.030841, 0.324157
0.021994, 0.346645, 0.029121, 0.483855
0.022032, 0.320098, 0.029577, 0.449393
0.022033, 0.096041, 0.033526, 0.146871
0.022108, 0.869552, 0.002170, 0.972796
0.022112, 0.333394, 0.029485, 0.466716
0.022227, 0.109432, 0.033381, 0.165398
0.022232, 0.510196, 0.026198, 0.685681
0.022256, 0.212669, 0.031413, 0.306453
0.022362, 0.882083, -0.000213, 0.973127
0.022442, 0.082708, 0.034720, 0.128402
0.022444, 0.199625, 0.031876, 0.288809
0.022593, 0.186653, 0.032291, 0.271208
0.022621, 0.496995, 0.026989, 0.670274
0.022685, 0.173717, 0.032639, 0.253603
0.022755, 0.122316, 0.033805, 0.183154
0.022842, 0.160761, 0.033095, 0.235915
0.022848, 0.895125, -0.003083, 0.971807
0.022909, 0.019962, 0.042640, 0.037079
0.022914, 0.135173, 0.033728, 0.200851
0.022945, 0.483786, 0.027699, 0.654705
0.022989, 0.069554, 0.036304, 0.110056
0.023054, 0.147861, 0.033655, 0.218256
0.023084, 0.663903, 0.021693, 0.848574
0.023110, 0.932703, -0.018530, 0.952372
0.023363, 0.044539, 0.039208, 0.074671
0.023423, 0.908235, -0.006110, 0.968977
0.023431, 0.858340, 0.004354, 0.971062
0.023467, 0.470539, 0.028648, 0.638956
0.023482, 0.000000, 0.047898, 0.000000
0.023557, 0.056983, 0.038188, 0.092399
0.023673, 0.031552, 0.041653, 0.055449
0.023951, 0.921073, -0.009298, 0.964517
0.024027, 0.793457, 0.013162, 0.947098
0.024135, 0.966550, 0.085052, 1.038620
0.025585, 0.770566, 0.016414, 0.933295
0.026125, 1.000000, -0.997514, 0.000000
0.027882, 0.943287, -0.067047, 0.900765
0.028382, 0.978141, -0.939100, 0.015938
0.028751, 0.573234, 0.031565, 0.756184
0.028758, 0.827535, 0.010835, 0.961812
0.028905, 0.641131, 0.028503, 0.826209
0.029266, 0.010583, 0.054298, 0.019726
0.029374, 0.717129, 0.023845, 0.894367
0.029393, 0.558311, 0.032873, 0.739715
0.029830, 0.587587, 0.032116, 0.771660
0.029924, 0.460455, 0.036808, 0.625952
0.030176, 0.744560, 0.022079, 0.915316
0.030193, 0.697217, 0.026087, 0.877815
0.030212, 0.757335, 0.020776, 0.924188
0.030411, 0.544088, 0.034581, 0.723898
0.030536, 0.447655, 0.037927, 0.610390
0.030952, 0.601433, 0.032652, 0.786274
0.030958, 0.434639, 0.038819, 0.594567
0.031312, 0.421372, 0.039627, 0.578235
0.031384, 0.838958, 0.009627, 0.965173
0.031443, 0.816047, 0.013814, 0.956881
0.031467, 0.672928, 0.028955, 0.856266
0.031514, 0.407984, 0.040239, 0.561576
0.031614, 0.394521, 0.040711, 0.544677
0.031709, 0.380984, 0.041167, 0.527550
0.031932, 0.312452, 0.043008, 0.439090
0.031942, 0.367348, 0.041799, 0.510176
0.031994, 0.615125, 0.033025, 0.800385
0.032170, 0.299102, 0.043617, 0.421593
0.032184, 0.781412, 0.019180, 0.939311
0.032192, 0.730053, 0.024940, 0.904369
0.032251, 0.531138, 0.037203, 0.709334
0.032259, 0.653574, 0.031001, 0.838220
0.032267, 0.259066, 0.044573, 0.368542
0.032329, 0.245449, 0.044935, 0.350330
0.032443, 0.628630, 0.032725, 0.813638
0.032464, 0.272669, 0.044569, 0.386668
0.032473, 0.353619, 0.042818, 0.492567
0.032486, 0.285973, 0.044325, 0.404298
0.032804, 0.232141, 0.045874, 0.332487
0.032833, 0.102823, 0.049494, 0.155810
0.032978, 0.517855, 0.038564, 0.694094
0.033071, 0.089464, 0.050516, 0.137190
0.033169, 0.956539, 0.129211, 1.096151
0.033175, 0.326760, 0.044374, 0.457853
0.033214, 0.339973, 0.044117, 0.474970
0.033253, 0.219004, 0.046785, 0.314807
0.033579, 0.205944, 0.047533, 0.297163
0.033641, 0.989681, -0.912508, 0.003417
0.033689, 0.803171, 0.016889, 0.950708
0.033698, 0.504898, 0.039907, 0.679062
0.033704, 0.075817, 0.052316, 0.118013
0.033844, 0.192997, 0.048207, 0.279618
0.033850, 0.850742, 0.007695, 0.967515
0.033982, 0.115732, 0.050667, 0.173706
0.033990, 0.876169, 0.000752, 0.969861
0.034014, 0.180094, 0.048761, 0.262077
0.034057, 0.491897, 0.040815, 0.663770
0.034078, 0.167176, 0.049183, 0.244458
0.034209, 0.889151, -0.003817, 0.968467
0.034275, 0.128659, 0.050631, 0.191589
0.034319, 0.154125, 0.049888, 0.226593
0.034333, 0.037545, 0.057287, 0.062773
0.034390, 0.685167, 0.030685, 0.867010
0.034609, 0.479104, 0.041939, 0.648534
0.034673, 0.863680, 0.004455, 0.969199
0.034690, 0.902517, -0.009325, 0.964970
0.034716, 0.141145, 0.050854, 0.208766
0.035177, 0.062927, 0.055673, 0.099766
0.035289, 0.916320, -0.018152, 0.956735
0.035529, 0.050400, 0.057544, 0.081747
0.035536, 0.023007, 0.061548, 0.039792
0.035810, 0.930744, -0.041857, 0.932013
0.035848, 0.707378, 0.030032, 0.885858
0.036954, 0.000000, 0.066758, 0.000000
0.037469, 0.767806, 0.024259, 0.930281
0.037647, 0.969873, -0.996158, -0.029353
0.038010, 0.565763, 0.042119, 0.747476
0.038117, 0.663112, 0.035876, 0.846666
0.038137, 0.467914, 0.046631, 0.634914
0.038190, 0.791648, 0.021039, 0.944151
0.038938, 0.579540, 0.042377, 0.762357
0.039389, 1.000000, -0.941286, 0.000000
0.039599, 0.641909, 0.038928, 0.826388
0.039645, 0.551100, 0.044700, 0.731148
0.039900, 0.740986, 0.029492, 0.911538
0.040186, 0.945065, 0.177509, 1.150307
0.040654, 0.828031, 0.014907, 0.959670
0.040730, 0.593299, 0.043479, 0.776923
0.040992, 0.454587, 0.050635, 0.618678
0.041173, 0.719425, 0.033072, 0.895077
0.041613, 0.441460, 0.051909, 0.602722
0.041901, 0.318399, 0.056253, 0.446625
0.041930, 0.428301, 0.052797, 0.586548
0.042043, 0.754121, 0.029210, 0.920709
0.042144, 0.415032, 0.053547, 0.570091
0.042165, 0.606515, 0.044116, 0.790583
0.042248, 0.401686, 0.054146, 0.553410
0.042285, 0.388279, 0.054647, 0.536528
0.042354, 0.374785, 0.055177, 0.519418
0.042568, 0.696064, 0.036817, 0.875596
0.042630, 0.361134, 0.055971, 0.501997
0.042706, 0.813888, 0.018918, 0.953787
0.042723, 0.983412, -0.925330, 0.024575
0.042759, 0.011337, 0.073597, 0.019482
0.042773, 0.251806, 0.059258, 0.358569
0.042839, 0.538773, 0.048980, 0.717440
0.042890, 0.265573, 0.059056, 0.376970
0.043014, 0.304870, 0.058137, 0.428889
0.043407, 0.347276, 0.057430, 0.484220
0.043476, 0.238477, 0.060602, 0.340736
0.043477, 0.279207, 0.059497, 0.395121
0.043547, 0.619259, 0.044618, 0.803466
0.043571, 0.841440, 0.012268, 0.962694
0.043607, 0.292227, 0.059315, 0.412343
0.043626, 0.525438, 0.050592, 0.702250
0.043685, 0.082801, 0.066722, 0.126909
0.043704, 0.096710, 0.065958, 0.146599
0.043845, 0.674712, 0.040116, 0.856824
0.044151, 0.225323, 0.061915, 0.323065
0.044216, 0.778826, 0.026605, 0.935873
0.044260, 0.031801, 0.073110, 0.052444
0.044272, 0.630976, 0.044441, 0.815151
0.044589, 0.333365, 0.059441, 0.466343
0.044611, 0.212221, 0.062936, 0.305382
0.044771, 0.108651, 0.066820, 0.163116
0.044809, 0.512783, 0.052632, 0.687702
0.045066, 0.199283, 0.063963, 0.287863
0.045146, 0.499736, 0.053688, 0.672487
0.045177, 0.855222, 0.008314, 0.964808
0.045229, 0.959289, -0.848243, 0.124146
0.045348, 0.186455, 0.064762, 0.270437
0.045376, 0.160642, 0.065649, 0.235171
0.045422, 0.122216, 0.067213, 0.182123
0.045454, 0.173596, 0.065325, 0.252902
0.045593, 0.881963, -0.002105, 0.964995
0.045739, 0.868832, 0.003392, 0.965631
0.045753, 0.147340, 0.066667, 0.216869
0.045761, 0.486819, 0.055052, 0.657259
0.045799, 0.730481, 0.035291, 0.902950
0.045869, 0.069786, 0.071149, 0.108506
0.045878, 0.895212, -0.007875, 0.962927
0.045923, 0.652222, 0.044195, 0.835748
0.046320, 0.908621, -0.017331, 0.955958
0.046587, 0.134180, 0.068389, 0.198660
0.046828, 0.801884, 0.023397, 0.947551
0.046851, 0.922167, -0.031117, 0.943562
0.046898, 0.044136, 0.075562, 0.071139
0.047626, 0.558652, 0.053199, 0.739076
0.047670, 0.056904, 0.075191, 0.089904
0.048104, 0.474832, 0.058454, 0.642936
0.048259, 0.707962, 0.040197, 0.884897
0.048608, 0.935307, 0.114014, 1.088962
0.048676, 0.685846, 0.043263, 0.866183
0.048726, 0.571570, 0.053549, 0.753296
0.049373, 0.766029, 0.032073, 0.927120
0.049728, 0.584687, 0.053684, 0.767398
0.050075, 0.021033, 0.082832, 0.034705
0.050100, 0.973351, -0.977293, -0.010760
0.050259, 0.000000, 0.084949, 0.000000
0.050343, 0.462170, 0.061795, 0.627571
0.050896, 1.000000, -0.948336, 0.000000
0.051096, 0.743163, 0.037228, 0.911420
0.051212, 0.789550, 0.028356, 0.940317
0.051231, 0.663338, 0.048082, 0.845664
0.051460, 0.322749, 0.068899, 0.451780
0.051565, 0.822705, 0.020032, 0.954726
0.052033, 0.448765, 0.064532, 0.611257
0.052151, 0.598362, 0.055170, 0.781769
0.052287, 0.640231, 0.051510, 0.823743
0.052509, 0.948996, -0.691346, 0.283403
0.052573, 0.435467, 0.065840, 0.594967
0.052828, 0.422205, 0.066775, 0.578605
0.052881, 0.547354, 0.059828, 0.726186
0.052965, 0.408929, 0.067544, 0.562095
0.053012, 0.395650, 0.068179, 0.545452
0.053014, 0.382374, 0.068736, 0.528687
0.053053, 0.258077, 0.073251, 0.366558
0.053064, 0.369078, 0.069337, 0.511769
0.053233, 0.090870, 0.080328, 0.137586
0.053243, 0.309924, 0.071731, 0.434924
0.053421, 0.355746, 0.070324, 0.494667
0.053598, 0.271946, 0.073537, 0.385003
0.053687, 0.834183, 0.017069, 0.957677
0.053718, 0.719552, 0.042958, 0.893357
0.053882, 0.611588, 0.055806, 0.795353
0.053943, 0.532940, 0.062007, 0.710127
0.053988, 0.244883, 0.075003, 0.348981
0.054604, 0.342427, 0.072392, 0.477418
0.054894, 0.231732, 0.076720, 0.331357
0.054947, 0.114929, 0.081438, 0.171316
0.054950, 0.285526, 0.074942, 0.403062
0.054978, 0.987604, -0.936852, 0.021773
0.055114, 0.754801, 0.037934, 0.918700
0.055238, 0.847316, 0.012639, 0.959920
0.055395, 0.297437, 0.075094, 0.418606
0.055398, 0.625771, 0.056019, 0.809290
0.055488, 0.697163, 0.047673, 0.875065
0.055495, 0.218466, 0.078021, 0.313460
0.055737, 0.078590, 0.085097, 0.120221
0.055980, 0.811959, 0.024860, 0.949403
0.056015, 0.520770, 0.065224, 0.696389
0.056099, 0.507433, 0.066182, 0.680922
0.056183, 0.032552, 0.090346, 0.052185
0.056185, 0.205497, 0.079456, 0.295903
0.056358, 0.860899, 0.006879, 0.960655
0.056397, 0.154093, 0.081743, 0.225659
0.056629, 0.494164, 0.067635, 0.665393
0.056664, 0.675696, 0.051565, 0.856302
0.056665, 0.777245, 0.034173, 0.932237
0.056731, 0.192722, 0.080701, 0.278550
0.056812, 0.167141, 0.081806, 0.243595
0.056889, 0.180016, 0.081411, 0.261228
0.056937, 0.874367, -0.000021, 0.959721
0.057078, 0.140325, 0.083330, 0.206620
0.057112, 0.010890, 0.093695, 0.017855
0.057153, 0.887542, -0.007000, 0.957819
0.057196, 0.102279, 0.085586, 0.153696
0.057316, 0.962887, -0.987366, -0.014859
0.057572, 0.900696, -0.020898, 0.947917
0.057955, 0.561433, 0.064426, 0.741342
0.058139, 0.731632, 0.044350, 0.901815
0.058153, 0.913787, -0.029401, 0.942734
0.058439, 0.066489, 0.090331, 0.102836
0.058517, 0.481734, 0.070653, 0.650630
0.058641, 0.330842, 0.078193, 0.462162
0.058858, 0.126606, 0.086641, 0.187651
0.058910, 0.651386, 0.056640, 0.833746
0.059031, 0.043962, 0.093352, 0.069410
0.059330, 0.926577, 0.110729, 1.084540
0.059526, 0.574961, 0.065022, 0.755857
0.059617, 0.799669, 0.029952, 0.943038
0.060330, 0.588172, 0.064705, 0.769842
0.060339, 0.055260, 0.094139, 0.086152
0.060504, 0.469201, 0.073816, 0.635519
0.061135, 0.708683, 0.050598, 0.883606
0.061155, 0.939360, -0.622470, 0.351292
0.061998, 0.456195, 0.076423, 0.619770
0.062376, 0.976468, -0.947228, 0.022345
0.062471, 0.765961, 0.040262, 0.924171
0.062518, 0.686824, 0.055175, 0.865251
0.062726, 0.317219, 0.084176, 0.444103
0.062741, 0.539927, 0.071533, 0.717456
0.063019, 0.442813, 0.078469, 0.603421
0.063053, 0.637475, 0.062288, 0.819841
0.063145, 1.000000, -0.962010, 0.000000
0.063159, 0.743365, 0.045700, 0.909242
0.063208, 0.264164, 0.086982, 0.374268
0.063215, 0.665324, 0.058886, 0.846071
0.063474, 0.429465, 0.079795, 0.587012
0.063705, 0.416193, 0.080816, 0.570576
0.063827, 0.402989, 0.081671, 0.554089
0.063852, 0.601559, 0.067106, 0.783533
0.063882, 0.389868, 0.082412, 0.537579
0.063897, 0.376835, 0.083074, 0.521055
0.063897, 0.000000, 0.103764, 0.000000
0.063945, 0.824533, 0.023402, 0.951086
0.064023, 0.363919, 0.083853, 0.504555
0.064036, 0.022458, 0.102572, 0.035867
0.064281, 0.787558, 0.035647, 0.935812
0.064296, 0.089170, 0.096870, 0.134699
0.064332, 0.278429, 0.088004, 0.393415
0.064513, 0.251374, 0.089315, 0.357278
0.064576, 0.351010, 0.085173, 0.487932
0.064646, 0.615476, 0.066449, 0.797578
0.064825, 0.952710, -0.975647, -0.000567
0.065277, 0.838721, 0.018003, 0.953901
0.065470, 0.304186, 0.088448, 0.427178
0.065476, 0.238466, 0.091178, 0.340004
0.065487, 0.552009, 0.073623, 0.730719
0.065946, 0.113229, 0.097723, 0.168637
0.066029, 0.224880, 0.092480, 0.321655
0.066102, 0.720737, 0.052373, 0.892144
0.066584, 0.852652, 0.011483, 0.954914
0.066820, 0.515008, 0.078179, 0.688909
0.067114, 0.211652, 0.094547, 0.303754
0.067130, 0.148124, 0.097403, 0.216845
0.067132, 0.501145, 0.079599, 0.672792
0.067599, 0.338640, 0.089738, 0.471878
0.067657, 0.866323, 0.004160, 0.954484
0.067663, 0.810512, 0.029833, 0.944907
0.067683, 0.528676, 0.078072, 0.704288
0.067822, 0.075763, 0.103121, 0.115311
0.067861, 0.754804, 0.046331, 0.915824
0.067882, 0.626148, 0.068439, 0.807872
0.068015, 0.160839, 0.098070, 0.234374
0.068032, 0.198882, 0.096387, 0.286411
0.068115, 0.290936, 0.092629, 0.409854
0.068351, 0.173746, 0.097964, 0.252117
0.068373, 0.879687, -0.003344, 0.953108
0.068536, 0.186307, 0.097658, 0.269284
0.068583, 0.134706, 0.100156, 0.198134
0.068638, 0.988423, -0.957549, 0.008247
0.068710, 0.698150, 0.058593, 0.873661
0.068866, 0.892755, -0.021512, 0.940272
0.068923, 0.034741, 0.108502, 0.054497
0.068967, 0.565192, 0.076245, 0.744720
0.069026, 0.488480, 0.082788, 0.657820
0.069520, 0.905658, -0.013438, 0.953197
0.069809, 0.965859, -0.951389, 0.022456
0.069934, 0.656279, 0.066406, 0.836524
0.069975, 0.100482, 0.104400, 0.150365
0.070081, 0.776365, 0.041916, 0.928187
0.070180, 0.676576, 0.063482, 0.855052
0.070549, 0.918290, 0.103393, 1.072053
0.070562, 0.577856, 0.076698, 0.758042
0.070656, 0.011941, 0.112514, 0.018983
0.070708, 0.325900, 0.094447, 0.455098
0.070824, 0.732313, 0.053528, 0.899719
0.070893, 0.589946, 0.075750, 0.770781
0.071004, 0.476042, 0.086074, 0.642936
0.071247, 0.048322, 0.110690, 0.074929
0.071669, 0.062417, 0.109887, 0.095629
0.071974, 0.644883, 0.069961, 0.825468
0.071979, 0.930685, -0.809556, 0.160384
0.072224, 0.797431, 0.036341, 0.937891
0.072385, 0.463247, 0.088670, 0.627537
0.072816, 0.123181, 0.107025, 0.182022
0.072902, 0.269612, 0.099972, 0.380854
0.073350, 0.450057, 0.090774, 0.611516
0.073399, 0.943020, -0.926839, 0.047513
0.073695, 0.608968, 0.076430, 0.789941
0.073802, 0.710462, 0.060383, 0.882602
0.073976, 0.436749, 0.092453, 0.595235
0.074118, 0.541907, 0.084173, 0.718419
0.074389, 0.423423, 0.093840, 0.578799
0.074635, 0.313345, 0.100353, 0.438837
0.074646, 0.410221, 0.095002, 0.562403
0.074825, 0.397176, 0.096028, 0.546078
0.074936, 0.384286, 0.096931, 0.529827
0.075085, 0.371673, 0.097847, 0.513821
0.075227, 0.359123, 0.098725, 0.497770
0.075387, 0.257516, 0.103935, 0.364677
0.075570, 0.819865, 0.028895, 0.944817
0.075596, 0.087380, 0.113561, 0.131445
0.075616, 0.743777, 0.054194, 0.906493
0.075727, 0.832282, 0.023159, 0.947785
0.075924, 0.977546, -0.960343, 0.012877
0.075984, 0.765519, 0.048444, 0.920212
0.076076, 0.231781, 0.106125, 0.330384
0.076179, 0.687625, 0.066790, 0.863415
0.076196, 1.000000, -0.966698, 0.000000
0.076332, 0.245503, 0.105838, 0.348753
0.076485, 0.346785, 0.101044, 0.481877
0.076736, 0.633303, 0.076210, 0.813770
0.076896, 0.845412, 0.016380, 0.948957
0.076974, 0.280277, 0.105086, 0.395081
0.076983, 0.000000, 0.121501, 0.000000
0.077043, 0.666499, 0.071305, 0.844836
0.077073, 0.507598, 0.090748, 0.679343
0.077346, 0.555877, 0.086378, 0.733596
0.077378, 0.300348, 0.104668, 0.421616
0.077390, 0.955821, -0.958492, 0.016282
0.077415, 0.218140, 0.108669, 0.312057
0.077666, 0.597492, 0.081964, 0.777785
0.077694, 0.024429, 0.121315, 0.038012
0.077971, 0.521276, 0.090557, 0.695097
0.078006, 0.785926, 0.043007, 0.930514
0.078085, 0.142740, 0.113378, 0.208763
0.078160, 0.858708, 0.008850, 0.948844
0.078306, 0.110704, 0.115818, 0.164302
0.079050, 0.722253, 0.061820, 0.890456
0.079101, 0.204886, 0.111702, 0.294124
0.079176, 0.620020, 0.080511, 0.800552
0.079256, 0.871952, -0.001077, 0.945677
0.079274, 0.154284, 0.114557, 0.224901
0.079458, 0.167244, 0.114154, 0.242797
0.079488, 0.074715, 0.120118, 0.112843
0.079489, 0.494803, 0.094710, 0.664277
0.079827, 0.333788, 0.106138, 0.464800
0.079937, 0.806656, 0.035999, 0.938499
0.080103, 0.885014, -0.026336, 0.926811
0.080138, 0.192322, 0.113813, 0.277054
0.080343, 0.179881, 0.114770, 0.260125
0.080352, 0.569436, 0.088163, 0.748002
0.080422, 0.755183, 0.054234, 0.912486
0.080437, 0.038439, 0.124378, 0.059214
0.080830, 0.897863, 0.009688, 0.968868
0.081327, 0.700524, 0.068482, 0.873073
0.081607, 0.532581, 0.093610, 0.707442
0.081686, 0.583013, 0.087969, 0.762026
0.081734, 0.482631, 0.098440, 0.649839
0.081845, 0.910543, 0.022310, 0.983047
0.081876, 0.653904, 0.077866, 0.832432
0.082404, 0.052322, 0.126128, 0.079849
0.082431, 0.132258, 0.120266, 0.194017
0.082479, 0.988856, -0.966612, 0.004630
0.082640, 0.098077, 0.122933, 0.146134
0.082852, 0.289462, 0.112598, 0.406912
0.083100, 0.470066, 0.101155, 0.634865
0.083195, 0.011221, 0.129631, 0.017400
0.083255, 0.922948, -1.032453, -0.067806
0.083513, 0.966910, -0.958348, 0.016655
0.083683, 0.322694, 0.111934, 0.450494
0.083829, 0.457023, 0.103115, 0.619170
0.083835, 0.734161, 0.062291, 0.897754
0.083917, 0.774125, 0.050119, 0.922399
0.084064, 0.267123, 0.115382, 0.377199
0.084170, 0.676919, 0.075711, 0.852720
0.084280, 0.063516, 0.127887, 0.096189
0.084580, 0.443750, 0.105096, 0.603045
0.084828, 0.934893, -0.884984, 0.085976
0.084931, 0.430583, 0.106548, 0.586945
0.085200, 0.546606, 0.096151, 0.722665
0.085250, 0.641909, 0.083058, 0.820778
0.085368, 0.417291, 0.108082, 0.570532
0.085489, 0.946264, -0.959765, 0.012891
0.085536, 0.607960, 0.088623, 0.787556
0.085727, 0.404198, 0.109479, 0.554259
0.085974, 0.391271, 0.110690, 0.538055
0.086025, 0.239297, 0.119551, 0.340065
0.086062, 0.796016, 0.042781, 0.931768
0.086310, 0.120769, 0.126667, 0.177898
0.086335, 0.309721, 0.116163, 0.433254
0.086375, 0.378797, 0.112047, 0.522316
0.086377, 0.366326, 0.112854, 0.506442
0.086883, 0.354159, 0.114272, 0.490812
0.086920, 0.225632, 0.121552, 0.321757
0.086941, 0.712171, 0.070214, 0.880926
0.087167, 0.815348, 0.034239, 0.937737
0.087287, 0.513717, 0.102035, 0.685204
0.087535, 0.826641, 0.028210, 0.940149
0.087560, 0.253949, 0.120938, 0.359730
0.087646, 0.085184, 0.131014, 0.127319
0.087734, 0.341604, 0.116124, 0.474438
0.087782, 0.838782, 0.020851, 0.941430
0.088276, 0.691007, 0.076257, 0.863769
0.088341, 0.746889, 0.061680, 0.904869
0.088603, 0.594991, 0.093652, 0.773748
0.088612, 0.629060, 0.088438, 0.807892
0.088843, 0.851524, 0.012284, 0.940785
0.088954, 0.211739, 0.125135, 0.302909
0.089202, 0.501562, 0.105508, 0.671062
0.089318, 0.663814, 0.082825, 0.840166
0.089489, 0.559745, 0.099334, 0.736445
0.089667, 1.000000, -0.971044, 0.000000
0.089718, 0.978104, -0.967955, 0.007005
0.089736, 0.277839, 0.122552, 0.391182
0.089865, 0.159263, 0.129270, 0.231058
0.090038, 0.864480, -0.001765, 0.934101
0.090101, 0.144620, 0.130424, 0.210703
0.090304, 0.020661, 0.138953, 0.031645
0.090415, 0.000000, 0.139809, 0.000000
0.090458, 0.761588, 0.058066, 0.913172
0.090610, 0.031595, 0.138821, 0.048149
0.090851, 0.108405, 0.133972, 0.160167
0.090979, 0.297959, 0.123067, 0.417566
0.091138, 0.877452, -0.026894, 0.916406
0.091276, 0.956126, -0.956133, 0.017688
0.091289, 0.784956, 0.049649, 0.924787
0.091348, 0.172447, 0.130657, 0.249210
0.091468, 0.198116, 0.129427, 0.284371
0.091755, 0.571777, 0.100221, 0.748848
0.091846, 0.045107, 0.139906, 0.068409
0.091959, 0.724097, 0.070831, 0.888326
0.092072, 0.890353, 0.060810, 1.010755
0.092203, 0.524063, 0.106595, 0.696632
0.092305, 0.185600, 0.131329, 0.267311
0.092485, 0.072484, 0.138970, 0.108705
0.092595, 0.489150, 0.110756, 0.656445
0.092629, 0.617238, 0.094341, 0.795664
0.092760, 0.583490, 0.099678, 0.761123
0.092968, 0.903204, -0.157566, 0.793159
0.093085, 0.537858, 0.106006, 0.712011
0.094080, 0.476829, 0.113753, 0.641888
0.094128, 0.651036, 0.089712, 0.827668
0.094210, 0.331883, 0.125241, 0.461330
0.094295, 0.916192, -1.107141, -0.148343
0.094429, 0.805705, 0.041282, 0.931128
0.094575, 0.463781, 0.115594, 0.626311
0.094849, 0.131929, 0.138268, 0.193149
0.094942, 0.702333, 0.078889, 0.871287
0.095003, 0.682474, 0.083848, 0.854965
0.095033, 0.450606, 0.117366, 0.610452
0.095056, 0.319179, 0.127214, 0.444966
0.095182, 0.095817, 0.141022, 0.141985
0.095498, 0.265309, 0.131149, 0.374381
0.095823, 0.437250, 0.119522, 0.594183
0.095865, 0.424301, 0.120686, 0.578337
0.095877, 0.058389, 0.144917, 0.087940
0.095952, 0.737230, 0.069697, 0.896121
0.095974, 0.245027, 0.132917, 0.347103
0.096049, 0.929305, -0.894228, 0.071522
0.096254, 0.772945, 0.057003, 0.916905
0.096400, 0.988975, -0.971505, 0.002730
0.096450, 0.410991, 0.122507, 0.561813
0.096809, 0.397762, 0.124005, 0.545266
0.097064, 0.967283, -0.966175, 0.008363
0.097140, 0.287407, 0.131985, 0.403266
0.097153, 0.550939, 0.108879, 0.725911
0.097213, 0.604248, 0.101107, 0.781761
0.097218, 0.232661, 0.135352, 0.330444
0.097332, 0.942667, -0.963116, 0.006124
0.097339, 0.010676, 0.149173, 0.016291
0.097501, 0.346581, 0.128615, 0.480189
0.097517, 0.638228, 0.095372, 0.815023
0.097529, 0.372432, 0.126837, 0.513278
0.097656, 0.385288, 0.126056, 0.529585
0.097805, 0.671400, 0.088762, 0.844846
0.097830, 0.359824, 0.128134, 0.497193
0.097909, 0.219870, 0.137077, 0.313248
0.098768, 0.510906, 0.115639, 0.680878
0.098857, 0.119128, 0.144634, 0.174696
0.098948, 0.306663, 0.133198, 0.428388
0.098999, 0.830781, 0.026926, 0.932981
0.099062, 0.817579, 0.035689, 0.931337
0.099151, 0.750960, 0.067015, 0.903662
0.099580, 0.152540, 0.143463, 0.221192
0.099627, 0.843862, 0.017935, 0.933178
0.099817, 0.082909, 0.148648, 0.123257
0.099903, 0.795619, 0.048191, 0.924881
0.100066, 0.713873, 0.079664, 0.878504
0.100397, 0.205750, 0.141359, 0.293997
0.100791, 0.856886, 0.002961, 0.926420
0.101077, 0.498248, 0.119790, 0.666167
0.101103, 0.591706, 0.107157, 0.768385
0.101495, 0.625995, 0.101523, 0.802611
0.101751, 0.254612, 0.140372, 0.359841
0.101802, 0.036006, 0.153875, 0.054119
0.101945, 0.164686, 0.146156, 0.238016
0.102040, 0.869841, -0.006319, 0.925429
0.102370, 0.530140, 0.117413, 0.702093
0.102424, 0.692867, 0.087337, 0.861738
0.102513, 0.659544, 0.095561, 0.833456
0.102610, 0.564261, 0.112987, 0.739503
0.102812, 0.276114, 0.140431, 0.388239
0.103028, 0.177982, 0.146907, 0.256326
0.103051, 0.577627, 0.111431, 0.753393
0.103158, 0.022743, 0.156817, 0.034366
0.103171, 0.882704, 0.133626, 1.071347
0.103195, 0.106478, 0.151715, 0.156620
0.103268, 1.000000, -0.974008, 0.000000
0.103442, 0.955379, -0.959829, 0.011580
0.103582, 0.977973, -0.971355, 0.003618
0.103743, 0.141444, 0.150249, 0.205769
0.103764, 0.727745, 0.077992, 0.887201
0.103881, 0.783877, 0.055576, 0.918298
0.103901, 0.047666, 0.156468, 0.071404
0.104014, 0.069224, 0.155490, 0.103120
0.104077, 0.762449, 0.065434, 0.908081
0.104138, 0.895492, -0.438447, 0.500230
0.104172, 0.000000, 0.158795, 0.000000
0.104331, 0.191548, 0.147792, 0.274612
0.105010, 0.908287, -1.042514, -0.091295
0.105154, 0.613432, 0.107483, 0.789619
0.105188, 0.484060, 0.126217, 0.649177
0.105278, 0.296492, 0.142363, 0.414691
0.105334, 0.470575, 0.127894, 0.633491
0.105666, 0.338837, 0.139965, 0.469861
0.105779, 0.457214, 0.129834, 0.617475
0.105959, 0.541360, 0.119939, 0.714154
0.105994, 0.326226, 0.141331, 0.453673
0.106085, 0.444019, 0.131539, 0.601511
0.106354, 0.519579, 0.123281, 0.689554
0.106491, 0.646942, 0.101971, 0.821204
0.106527, 0.921327, -0.932421, 0.025390
0.106753, 0.418026, 0.134847, 0.569654
0.106952, 0.314789, 0.143354, 0.438528
0.107113, 0.681018, 0.094318, 0.850732
0.107190, 0.404095, 0.136623, 0.552234
0.107192, 0.430472, 0.134214, 0.584867
0.107463, 0.093501, 0.158745, 0.137907
0.107569, 0.128853, 0.156249, 0.187638
0.107611, 0.741095, 0.075720, 0.894512
0.107619, 0.241519, 0.149153, 0.341758
0.107976, 0.352510, 0.141947, 0.487248
0.107980, 0.807183, 0.043808, 0.923486
0.108254, 0.216037, 0.151586, 0.307329
0.108373, 0.264770, 0.148783, 0.373006
0.108465, 0.378532, 0.140467, 0.520216
0.108511, 0.934093, -0.944732, 0.017973
0.108592, 0.229111, 0.151313, 0.325122
0.108866, 0.552807, 0.121490, 0.726264
0.108869, 0.365866, 0.142050, 0.504223
0.108909, 0.391798, 0.139916, 0.536903
0.108946, 0.703597, 0.089412, 0.868113
0.109098, 0.772821, 0.063150, 0.910860
0.109365, 0.600711, 0.114055, 0.776273
0.109371, 0.822266, 0.033572, 0.924572
0.109829, 0.057309, 0.164427, 0.085365
0.110091, 0.945232, -0.961213, 0.005107
0.110154, 0.988889, -0.973950, 0.001034
0.110233, 0.836061, 0.024057, 0.925209
0.110353, 0.966319, -0.969269, 0.003198
0.110359, 0.634709, 0.108240, 0.809095
0.110515, 0.011183, 0.167258, 0.016803
0.110672, 0.668867, 0.100475, 0.839627
0.111078, 0.718263, 0.086295, 0.878099
0.111239, 0.285932, 0.151179, 0.400660
0.111395, 0.495514, 0.132158, 0.661681
0.111424, 0.849280, 0.005119, 0.915231
0.111434, 0.080182, 0.165139, 0.118442
0.111442, 0.153534, 0.160275, 0.222010
0.111559, 0.202178, 0.157019, 0.288284
0.111572, 0.508160, 0.130765, 0.676325
0.111683, 0.116774, 0.163079, 0.170635
0.111971, 0.753633, 0.073221, 0.900001
0.111975, 0.587322, 0.119147, 0.762204
0.112334, 0.793757, 0.053103, 0.917227
0.112395, 0.032006, 0.168976, 0.047784
0.112806, 0.862282, 0.006130, 0.925094
0.113014, 0.167837, 0.161501, 0.241604
0.113494, 0.305429, 0.152710, 0.425731
0.113521, 0.574335, 0.123040, 0.748481
0.113947, 0.622038, 0.114378, 0.796287
0.114010, 0.251562, 0.157237, 0.354737
0.114164, 0.875159, 0.113489, 1.036724
0.114605, 0.181193, 0.162861, 0.259883
0.114693, 0.530502, 0.131204, 0.700645
0.115061, 0.655867, 0.107608, 0.827179
0.115310, 0.887932, -0.811100, 0.116079
0.115340, 0.103939, 0.169133, 0.152215
0.115418, 0.691211, 0.098148, 0.856567
0.115787, 0.138917, 0.167026, 0.200963
0.115837, 0.043742, 0.173375, 0.065021
0.115910, 0.563173, 0.127469, 0.736258
0.115929, 0.731164, 0.084851, 0.884940
0.116173, 0.332224, 0.154216, 0.460341
0.116203, 0.900715, -0.936658, 0.005249
0.116230, 0.275165, 0.158733, 0.386255
0.116372, 0.410984, 0.147518, 0.559796
0.116505, 0.475139, 0.140677, 0.637202
0.116639, 0.462734, 0.142316, 0.622539
0.116716, 0.067531, 0.173420, 0.099836
0.116816, 0.913687, -0.943105, 0.005530
0.116818, 1.000000, -0.975109, 0.000000
0.116943, 0.437064, 0.145575, 0.591774
0.117025, 0.977480, -0.972665, 0.000690
0.117042, 0.781508, 0.061732, 0.910374
0.117101, 0.449899, 0.144346, 0.607189
0.117261, 0.954886, -0.964060, 0.003404
0.117430, 0.345018, 0.154833, 0.476691
0.117516, 0.021030, 0.176595, 0.031376
0.117648, 0.609402, 0.120632, 0.783276
0.117694, 0.000000, 0.177199, 0.000000
0.118185, 0.318453, 0.157918, 0.442254
0.118426, 0.540913, 0.133780, 0.711405
0.118468, 0.814790, 0.040606, 0.917237
0.118469, 0.212669, 0.165915, 0.302069
0.118592, 0.486548, 0.141711, 0.650054
0.118698, 0.927475, -0.944266, 0.011059
0.118722, 0.192401, 0.167745, 0.274730
0.118733, 0.766386, 0.070684, 0.903183
0.118736, 0.358300, 0.155403, 0.493557
0.118863, 0.710096, 0.094589, 0.869567
0.118941, 0.679166, 0.104579, 0.846000
0.119016, 0.423228, 0.149595, 0.574687
0.119044, 0.384520, 0.153444, 0.526694
0.119201, 0.225222, 0.166196, 0.319214
0.119262, 0.643614, 0.114427, 0.815226
0.119358, 0.520457, 0.137950, 0.688980
0.119460, 0.295229, 0.161494, 0.412142
0.119541, 0.090726, 0.175829, 0.133020
0.119726, 0.238298, 0.166012, 0.336756
0.119790, 0.262537, 0.164323, 0.368906
0.119965, 0.398876, 0.153230, 0.544460
0.120064, 0.371940, 0.155952, 0.510908
0.120115, 0.743181, 0.082530, 0.890414
0.120325, 0.828593, 0.030795, 0.917300
0.120406, 0.551937, 0.134178, 0.723144
0.120719, 0.127101, 0.175197, 0.184628
0.120866, 0.801554, 0.050448, 0.913431
0.120992, 0.596264, 0.126658, 0.769463
0.121892, 0.841835, 0.005720, 0.901616
0.122019, 0.941372, -0.960017, 0.000309
0.122298, 0.054478, 0.181774, 0.080436
0.122325, 0.665382, 0.111419, 0.833294
0.122512, 0.147340, 0.175947, 0.212283
0.122648, 0.499580, 0.144681, 0.664415
0.122672, 0.630685, 0.120725, 0.802447
0.122937, 0.159760, 0.175902, 0.229723
0.123307, 0.698999, 0.101696, 0.859868
0.123437, 0.854811, 0.025703, 0.931008
0.123446, 0.583347, 0.131734, 0.755820
0.123546, 0.078121, 0.182273, 0.114698
0.123556, 0.755716, 0.078529, 0.895463
0.123631, 0.988685, -0.974384, -0.000418
0.123667, 0.965981, -0.970067, -0.000952
0.123755, 0.722079, 0.093418, 0.875997
0.123919, 0.114216, 0.180562, 0.166229
0.124087, 0.510434, 0.144790, 0.676652
0.124566, 0.010517, 0.186548, 0.015625
0.124576, 0.032253, 0.185985, 0.047751
0.124898, 0.172537, 0.177798, 0.247243
0.124982, 0.867651, 0.040081, 0.948111
0.125199, 0.203338, 0.175956, 0.289120
0.125540, 0.307998, 0.168613, 0.428395
0.125612, 0.284721, 0.170559, 0.397906
0.125775, 0.571005, 0.136529, 0.742554
0.126051, 0.789916, 0.059618, 0.907169
0.126082, 0.250033, 0.173695, 0.351642
0.126312, 0.326601, 0.168040, 0.452313
0.126335, 0.617904, 0.127223, 0.789482
0.126432, 0.880382, -1.021657, -0.105262
0.127129, 0.100993, 0.185684, 0.147070
0.127211, 0.411323, 0.161063, 0.559244
0.127356, 0.775533, 0.069464, 0.901912
0.127498, 0.892970, -0.866689, 0.063370
0.127717, 0.431537, 0.159427, 0.583825
0.127915, 0.338541, 0.169142, 0.467691
0.128031, 0.652758, 0.119853, 0.820910
0.128072, 0.918199, -0.940660, 0.004755
0.128155, 0.455713, 0.157074, 0.613033
0.128162, 0.905556, -0.943595, -0.006445
0.128276, 0.467684, 0.155675, 0.627204
0.128295, 0.184037, 0.181695, 0.262745
0.128332, 0.531259, 0.146335, 0.699625
0.128422, 0.272475, 0.175240, 0.381401
0.128570, 0.389868, 0.165042, 0.532463
0.128658, 0.443151, 0.159229, 0.597910
0.128874, 0.065084, 0.190308, 0.095484
0.129093, 0.479637, 0.155036, 0.641109
0.129168, 0.734426, 0.091626, 0.881352
0.129215, 0.351056, 0.169720, 0.483640
0.129398, 0.558571, 0.142685, 0.728734
0.129414, 0.363803, 0.168719, 0.499653
0.129423, 0.216614, 0.180825, 0.306784
0.129484, 0.676387, 0.114023, 0.840128
0.129501, 0.809088, 0.045967, 0.907746
0.129512, 0.042954, 0.192243, 0.063222
0.129553, 0.953516, -0.964810, -0.002282
0.129734, 0.604984, 0.133510, 0.776110
0.129964, 0.688107, 0.110433, 0.849405
0.130192, 0.821601, 0.035350, 0.907413
0.130236, 1.000000, -0.974563, 0.000000
0.130274, 0.136699, 0.187729, 0.197161
0.130438, 0.977281, -0.972432, -0.002024
0.130470, 0.229274, 0.181370, 0.323840
0.130498, 0.544667, 0.146410, 0.713661
0.130528, 0.931645, -0.953380, -0.001722
0.130642, 0.709657, 0.103082, 0.864607
0.130663, 0.491937, 0.155117, 0.655037
0.131257, 0.639359, 0.126408, 0.808157
0.131293, 0.021315, 0.195506, 0.031457
0.131327, 0.260437, 0.180051, 0.365135
0.131564, 0.377705, 0.170072, 0.516851
0.131603, 0.000000, 0.196320, 0.000000
0.131619, 0.298083, 0.177524, 0.414950
0.132161, 0.834502, 0.004816, 0.886341
0.132197, 0.088160, 0.193784, 0.128579
0.132205, 0.747908, 0.086759, 0.887120
0.132746, 0.519172, 0.153291, 0.685607
0.132830, 0.317209, 0.177494, 0.439736
0.132836, 0.241014, 0.183694, 0.339363
0.132981, 0.592129, 0.139628, 0.762634
0.133160, 0.194971, 0.187625, 0.277263
0.133169, 0.123799, 0.192968, 0.179186
0.133183, 0.762497, 0.079261, 0.893302
0.133258, 0.421661, 0.167384, 0.571029
0.133430, 0.150524, 0.191082, 0.216056
0.133501, 0.400755, 0.170154, 0.545656
0.133931, 0.847384, 0.060046, 0.951134
0.134111, 0.665761, 0.121194, 0.830001
0.134748, 0.163831, 0.191991, 0.234378
0.134974, 0.626406, 0.133279, 0.795266
0.135177, 0.720893, 0.101417, 0.870028
0.135348, 0.075821, 0.198613, 0.110561
0.135380, 0.505679, 0.158468, 0.670143
0.135516, 0.579720, 0.144910, 0.749549
0.135618, 0.053027, 0.200126, 0.077594
0.135653, 0.860203, -0.084825, 0.807308
0.135681, 0.799017, 0.054819, 0.901536
0.135859, 0.110606, 0.197173, 0.160037
0.136143, 0.942785, -0.960541, -0.005884
0.136424, 0.965458, -0.969272, -0.004565
0.136791, 0.698502, 0.111696, 0.854413
0.137000, 0.988580, -0.973195, -0.001674
0.137311, 0.872948, -1.077750, -0.173013
0.137419, 0.785110, 0.065495, 0.897623
0.137475, 0.567161, 0.149590, 0.736185
0.137537, 0.288989, 0.186145, 0.402415
0.137649, 0.207174, 0.192890, 0.293461
0.137858, 0.032251, 0.204351, 0.047344
0.137926, 0.329401, 0.183069, 0.454992
0.138213, 0.175704, 0.195967, 0.250483
0.138457, 0.010779, 0.205612, 0.015850
0.138534, 0.613486, 0.139991, 0.782146
0.138769, 0.277921, 0.188696, 0.387688
0.138866, 0.885587, -0.871243, 0.045695
0.138967, 0.773228, 0.074409, 0.893329
0.139116, 0.922053, -0.947583, -0.006267
0.139173, 0.098129, 0.202715, 0.142244
0.139244, 0.448223, 0.171374, 0.602352
0.139253, 0.342421, 0.183566, 0.471613
0.139535, 0.656430, 0.128742, 0.820380
0.139630, 0.367689, 0.181445, 0.503519
0.139721, 0.434029, 0.173786, 0.585166
0.139756, 0.897936, -0.933649, -0.009054
0.139907, 0.538381, 0.157853, 0.705252
0.140061, 0.307731, 0.187912, 0.426817
0.140089, 0.472379, 0.168984, 0.630646
0.140102, 0.388998, 0.179726, 0.530159
0.140103, 0.910219, -0.938262, -0.005092
0.140207, 0.460151, 0.170876, 0.616318
0.140288, 0.813197, 0.041041, 0.896188
0.140325, 0.410956, 0.177499, 0.557422
0.140361, 0.552707, 0.155581, 0.720325
0.140432, 0.730660, 0.099916, 0.873295
0.140555, 0.252828, 0.193314, 0.354612
0.140781, 0.678059, 0.122312, 0.837576
0.140836, 0.645402, 0.133273, 0.810434
0.140918, 0.219513, 0.196356, 0.309761
0.140921, 0.355416, 0.184338, 0.487731
0.141287, 0.266207, 0.193120, 0.372152
0.141375, 0.483839, 0.168760, 0.643687
0.141393, 0.063119, 0.207521, 0.091872
0.141594, 0.495641, 0.167149, 0.657180
0.141962, 0.600618, 0.146545, 0.768903
0.141972, 0.741708, 0.094883, 0.878516
0.141982, 0.526990, 0.162248, 0.692592
0.142070, 0.826468, 0.010380, 0.876191
0.142227, 0.187043, 0.200668, 0.265689
0.142668, 0.142313, 0.204413, 0.203903
0.142730, 0.230858, 0.197893, 0.324794
0.142896, 0.954287, -0.964715, -0.007608
0.142935, 0.710117, 0.111010, 0.859685
0.143575, 1.000000, -0.972597, 0.000000
0.143590, 0.131431, 0.206833, 0.189019
0.143601, 0.754140, 0.088340, 0.883295
0.143744, 0.976958, -0.970711, -0.004452
0.143749, 0.042759, 0.211945, 0.062408
0.144146, 0.839559, 0.116885, 0.992139
0.144176, 0.633684, 0.139716, 0.799096
0.144276, 0.932023, -0.954471, -0.010043
0.144435, 0.156031, 0.205961, 0.222863
0.144455, 0.688496, 0.121176, 0.844026
0.144625, 0.241941, 0.199591, 0.339507
0.144861, 0.514313, 0.167724, 0.677920
0.145118, 0.378438, 0.187317, 0.516560
0.145125, 0.021720, 0.214501, 0.031763
0.145326, 0.085203, 0.211759, 0.123289
0.145353, 0.000000, 0.215173, 0.000000
0.145356, 0.118662, 0.209772, 0.170666
0.145421, 0.587918, 0.153072, 0.755591
0.145807, 0.318807, 0.194396, 0.440498
0.145929, 0.422333, 0.183019, 0.570657
0.146044, 0.298203, 0.196718, 0.413862
0.146071, 0.852537, -0.263044, 0.612252
0.146435, 0.199098, 0.205574, 0.281817
0.146623, 0.792444, 0.061380, 0.891194
0.146777, 0.399433, 0.186887, 0.542263
0.146810, 0.667254, 0.131028, 0.826857
0.146832, 0.073407, 0.214604, 0.106437
0.147464, 0.575597, 0.158062, 0.742739
0.147487, 0.562464, 0.161055, 0.729123
0.147509, 0.765272, 0.082594, 0.884753
0.147577, 0.621424, 0.146366, 0.787018
0.147933, 0.865474, -1.062204, -0.170014
0.148040, 0.167685, 0.210114, 0.238683
0.148360, 0.805027, 0.048807, 0.888717
0.148478, 0.720936, 0.109333, 0.863614
0.148693, 0.442352, 0.183583, 0.593998
0.148808, 0.332226, 0.196960, 0.457394
0.148889, 0.107493, 0.215568, 0.154828
0.149570, 0.965636, -0.967233, -0.007814
0.149668, 0.285545, 0.202628, 0.396819
0.149679, 0.878420, -0.884792, 0.018368
0.149688, 0.053041, 0.219610, 0.077027
0.149697, 0.503322, 0.175118, 0.664508
0.149728, 0.943344, -0.959673, -0.011734
0.149925, 0.545295, 0.167307, 0.710568
0.149974, 0.700256, 0.120107, 0.849892
0.150196, 0.988193, -0.970629, -0.002842
0.150232, 0.778364, 0.073541, 0.885909
0.150490, 0.211454, 0.210192, 0.298278
0.150522, 0.344668, 0.197861, 0.473043
0.150584, 0.095516, 0.218590, 0.137742
0.150891, 0.918580, -0.946052, -0.014205
0.150908, 0.608820, 0.153029, 0.774401
0.151007, 0.654317, 0.139036, 0.814657
0.151043, 0.366780, 0.196156, 0.501184
0.151073, 0.467254, 0.182711, 0.622914
0.151359, 0.891486, -0.926570, -0.014781
0.151447, 0.273516, 0.206199, 0.381054
0.151664, 0.904476, -0.935445, -0.013880
0.151733, 0.032675, 0.223430, 0.047574
0.151783, 0.818473, 0.023229, 0.873023
0.151959, 0.260399, 0.208034, 0.363610
0.151995, 0.179082, 0.214743, 0.254055
0.152148, 0.011007, 0.224368, 0.016045
0.152201, 0.454175, 0.186084, 0.607587
0.152500, 0.733042, 0.104994, 0.867955
0.152538, 0.410434, 0.192665, 0.555051
0.152811, 0.355981, 0.199581, 0.487135
0.152920, 0.478822, 0.183023, 0.636103
0.153077, 0.534418, 0.172965, 0.698261
0.153101, 0.147837, 0.218589, 0.210924
0.153102, 0.490502, 0.181239, 0.649364
0.153166, 0.388130, 0.196346, 0.527701
0.153483, 0.223539, 0.213277, 0.314302
0.153537, 0.642146, 0.145286, 0.803625
0.153645, 0.431818, 0.191128, 0.580869
0.153988, 0.677681, 0.132564, 0.832159
0.154026, 0.248411, 0.211873, 0.347506
0.154045, 0.831556, 0.168518, 1.026638
0.154111, 0.745106, 0.098437, 0.872578
0.154241, 0.308671, 0.206581, 0.426766
0.154293, 0.595887, 0.159804, 0.761198
0.154375, 0.522368, 0.176804, 0.684832
0.154850, 0.125381, 0.222520, 0.179478
0.154910, 0.063896, 0.226153, 0.092352
0.155263, 0.190837, 0.218255, 0.269775
0.155314, 0.554802, 0.170982, 0.719467
0.155456, 0.235318, 0.214920, 0.329859
0.156212, 0.844550, -0.488962, 0.369447
0.156256, 0.711196, 0.118910, 0.853749
0.156354, 0.932133, -0.953619, -0.016225
0.156396, 0.953799, -0.962370, -0.012194
0.156715, 1.000000, -0.969443, 0.000000
0.156789, 0.630013, 0.152089, 0.792020
0.156990, 0.137172, 0.224930, 0.195999
0.157003, 0.323015, 0.208701, 0.444922
0.157030, 0.756521, 0.091818, 0.874801
0.157196, 0.787556, 0.065458, 0.879811
0.157216, 0.690826, 0.129291, 0.840101
0.157539, 0.976732, -0.967582, -0.006698
0.157575, 0.077024, 0.229500, 0.111156
0.157607, 0.159115, 0.224071, 0.226267
0.157624, 0.294984, 0.212333, 0.408476
0.157888, 0.582499, 0.166875, 0.747256
0.157909, 0.568807, 0.170360, 0.733488
0.158210, 0.376191, 0.204149, 0.512109
0.158217, 0.043457, 0.231923, 0.062947
0.158231, 0.857509, -0.981559, -0.103329
0.158339, 0.664012, 0.141348, 0.819805
0.158686, 0.510509, 0.183917, 0.670932
0.158854, 0.022101, 0.233325, 0.032064
0.158948, 0.000000, 0.233690, 0.000000
0.159002, 0.799247, 0.052341, 0.876364
0.159188, 0.420921, 0.199402, 0.566812
0.159296, 0.203533, 0.222775, 0.286712
0.159533, 0.088343, 0.231291, 0.126990
0.159678, 0.114398, 0.229819, 0.163679
0.159885, 0.768568, 0.083206, 0.875656
0.159979, 0.398725, 0.203530, 0.539964
0.160042, 0.617805, 0.158879, 0.780060
0.160168, 0.870503, -0.900857, -0.012856
0.160293, 0.336527, 0.211533, 0.461939
0.160529, 0.443535, 0.197713, 0.593931
0.160892, 0.723315, 0.114945, 0.857988
0.161015, 0.101794, 0.232804, 0.146093
0.161159, 0.811127, 0.034307, 0.868032
0.161393, 0.463188, 0.195529, 0.616605
0.161508, 0.170653, 0.228571, 0.241847
0.161710, 0.281689, 0.219202, 0.390968
0.161855, 0.883600, -0.915491, -0.017796
0.162055, 0.964129, -0.963730, -0.011048
0.162234, 0.498279, 0.190248, 0.656562
0.162341, 0.921957, -0.947286, -0.020763
0.162390, 0.910106, -0.939682, -0.021577
0.162581, 0.268369, 0.221541, 0.373140
0.162765, 0.651106, 0.149817, 0.807823
0.162861, 0.349364, 0.213362, 0.477933
0.163086, 0.989495, -0.967068, -0.003439
0.163107, 0.605633, 0.165449, 0.767873
0.163325, 0.544134, 0.181861, 0.706193
0.163473, 0.216471, 0.227485, 0.303961
0.163544, 0.362991, 0.212551, 0.494910
0.163571, 0.054503, 0.238852, 0.078637
0.163586, 0.943407, -0.957122, -0.017147
0.163677, 0.897009, -0.931083, -0.023812
0.163799, 0.701546, 0.128463, 0.843873
0.163873, 0.255064, 0.224537, 0.355451
0.163941, 0.823748, 0.177483, 1.017207
0.164113, 0.474950, 0.196722, 0.629912
0.164362, 0.735674, 0.108930, 0.861675
0.164755, 0.531169, 0.186317, 0.692223
0.164854, 0.409271, 0.208072, 0.552052
0.164907, 0.778929, 0.074791, 0.872380
0.165287, 0.683361, 0.138299, 0.831002
0.165357, 0.182382, 0.232937, 0.257604
0.165367, 0.148190, 0.235662, 0.210672
0.165431, 0.315216, 0.220453, 0.433748
0.165433, 0.486325, 0.196180, 0.642753
0.165568, 0.033393, 0.242413, 0.048267
0.165585, 0.241894, 0.228075, 0.337802
0.165629, 0.010798, 0.242746, 0.015613
0.165701, 0.387218, 0.212183, 0.524892
0.165761, 0.558034, 0.181098, 0.719810
0.166043, 0.638705, 0.157135, 0.796299
0.166158, 0.593576, 0.171933, 0.755431
0.166231, 0.836455, -0.703999, 0.138250
0.166245, 0.228364, 0.230208, 0.319706
0.166483, 0.432386, 0.206601, 0.579634
0.166515, 0.127791, 0.238605, 0.182142
0.166565, 0.671359, 0.144604, 0.821847
0.166590, 0.302372, 0.223360, 0.417055
0.166654, 0.067388, 0.242137, 0.096792
0.166656, 0.453745, 0.203344, 0.604803
0.166835, 0.518726, 0.191283, 0.678334
0.166933, 0.747430, 0.101696, 0.864314
0.167334, 0.194410, 0.234458, 0.273602
0.168405, 0.849184, -0.896798, -0.034277
0.168533, 0.571737, 0.180404, 0.732895
0.168897, 0.713690, 0.124771, 0.848067
0.169020, 0.328028, 0.223695, 0.449796
0.169284, 0.791191, 0.062868, 0.868102
0.169313, 0.626464, 0.164320, 0.784571
0.169750, 0.759267, 0.093041, 0.865197
0.169822, 0.932687, -0.951219, -0.022148
0.169874, 0.080167, 0.246324, 0.115012
0.169896, 0.290560, 0.229112, 0.401645
0.169915, 0.374920, 0.219104, 0.509006
0.169933, 0.582580, 0.178799, 0.743330
0.170112, 0.160694, 0.241230, 0.227560
0.170329, 0.980671, -0.963818, -0.007108
0.170464, 0.861851, -0.903122, -0.031567
0.170548, 1.000000, -0.964844, 0.000000
0.170708, 0.954275, -0.958687, -0.016275
0.170960, 0.970099, -0.962135, -0.010940
0.171060, 0.093133, 0.246860, 0.133088
0.171145, 0.659609, 0.153075, 0.811032
0.171295, 0.208366, 0.238796, 0.292320
0.171408, 0.505474, 0.199112, 0.662745
0.171428, 0.117889, 0.245876, 0.167862
0.171475, 0.803397, 0.046310, 0.861686
0.171508, 0.421472, 0.214419, 0.565872
0.171822, 0.137767, 0.245234, 0.195669
0.171871, 0.106074, 0.247515, 0.151449
0.172079, 0.021492, 0.251295, 0.030936
0.172192, 0.692965, 0.138185, 0.834098
0.172362, 0.340391, 0.226535, 0.465118
0.172472, 0.874330, -0.907522, -0.026266
0.172510, 0.045042, 0.251188, 0.064705
0.172619, 0.000000, 0.252335, 0.000000
0.172633, 0.614217, 0.171491, 0.772491
0.173008, 0.276084, 0.234458, 0.381867
0.173162, 0.467103, 0.208670, 0.619449
0.173217, 0.725945, 0.119224, 0.851325
0.173300, 0.262060, 0.236440, 0.363718
0.173417, 0.442823, 0.213200, 0.590767
0.173493, 0.397295, 0.220383, 0.535854
0.173710, 0.815692, 0.163313, 0.984239
0.173782, 0.920422, -0.944496, -0.027110
0.173815, 0.770390, 0.083619, 0.862960
0.174006, 0.886282, -0.921423, -0.031142
0.174027, 0.908410, -0.937446, -0.029298
0.174073, 0.352713, 0.227151, 0.480373
0.174408, 0.173130, 0.246142, 0.244291
0.175094, 0.647394, 0.161247, 0.799791
0.175134, 0.550012, 0.192820, 0.709700
0.175355, 0.537963, 0.196072, 0.697099
0.175357, 0.363806, 0.227383, 0.494218
0.175439, 0.248962, 0.240685, 0.346309
0.175487, 0.493922, 0.206114, 0.649435
0.175633, 0.602075, 0.178272, 0.760339
0.175658, 0.409605, 0.221237, 0.550582
0.175910, 0.308695, 0.234926, 0.424284
0.175941, 0.058045, 0.255589, 0.083197
0.176137, 0.897265, -0.929935, -0.032365
0.176223, 0.828278, -0.835065, -0.008744
0.176248, 0.678842, 0.148057, 0.822460
0.176412, 0.235034, 0.243289, 0.327639
0.176516, 0.563225, 0.190710, 0.722696
0.176738, 0.738073, 0.111909, 0.853467
0.176964, 0.526008, 0.200655, 0.683958
0.177054, 0.704771, 0.134450, 0.838275
0.177079, 0.480193, 0.210692, 0.633664
0.177128, 0.221088, 0.245647, 0.309026
0.177605, 0.942749, -0.952873, -0.022097
0.177663, 0.150273, 0.252377, 0.212595
0.177692, 0.197940, 0.248263, 0.277497
0.177846, 0.782259, 0.071051, 0.858203
0.177858, 0.989397, -0.961633, -0.004320
0.178004, 0.320549, 0.236336, 0.439394
0.178018, 0.384504, 0.227943, 0.519750
0.178219, 0.031969, 0.259425, 0.045849
0.178326, 0.185379, 0.250223, 0.260415
0.178375, 0.513892, 0.204969, 0.670461
0.178392, 0.455917, 0.216798, 0.605235
0.178501, 0.071124, 0.258103, 0.101531
0.178514, 0.840937, -0.857404, -0.011799
0.178633, 0.635123, 0.169057, 0.788322
0.179311, 0.590046, 0.185573, 0.747895
0.179373, 0.010805, 0.261482, 0.015508
0.179519, 0.963271, -0.957630, -0.015120
0.179588, 0.750021, 0.102930, 0.854356
0.180024, 0.431572, 0.223027, 0.576379
0.180030, 0.285581, 0.242828, 0.393681
0.180146, 0.667692, 0.156123, 0.812801
0.180676, 0.126613, 0.258109, 0.179499
0.180734, 0.853627, -0.893273, -0.038437
0.181110, 0.298159, 0.242883, 0.409978
0.181197, 0.576921, 0.191415, 0.734927
0.181248, 0.085212, 0.261641, 0.121548
0.181347, 0.794772, 0.046060, 0.842673
0.181759, 0.716593, 0.129307, 0.841163
0.181814, 0.622952, 0.176446, 0.776775
0.181894, 0.332839, 0.239929, 0.454751
0.182374, 0.098768, 0.262114, 0.140393
0.182503, 0.162935, 0.257954, 0.229590
0.182667, 0.930652, -0.946674, -0.027898
0.182692, 0.112981, 0.261974, 0.160478
0.182727, 0.268474, 0.248341, 0.371199
0.182874, 0.372129, 0.235784, 0.503707
0.182939, 0.866310, -0.902385, -0.037393
0.182977, 0.687188, 0.147991, 0.824192
0.183082, 0.761597, 0.092652, 0.852616
0.183451, 0.976774, -0.958252, -0.010182
0.183475, 0.209346, 0.255240, 0.292557
0.183698, 0.418860, 0.229618, 0.560641
0.183704, 0.807263, 0.141981, 0.943449
0.184061, 0.656184, 0.164352, 0.802522
0.184268, 0.139786, 0.261950, 0.197412
0.184350, 1.000000, -0.959211, 0.000000
0.184501, 0.041257, 0.267704, 0.058951
0.184593, 0.345369, 0.241761, 0.470258
0.184616, 0.467958, 0.221733, 0.617905
0.184724, 0.445216, 0.226216, 0.591595
0.185024, 0.952322, -0.952927, -0.020678
0.185256, 0.917246, -0.939864, -0.033301
0.185286, 0.610718, 0.184013, 0.764805
0.185302, 0.878922, -0.914781, -0.040362
0.185378, 0.404611, 0.233929, 0.542981
0.185499, 0.256678, 0.253322, 0.355451
0.185608, 0.503917, 0.215187, 0.658032
0.185810, 0.728675, 0.122204, 0.843041
0.185919, 0.021592, 0.270143, 0.030860
0.186032, 0.819779, -0.879303, -0.069896
0.186098, 0.697436, 0.143809, 0.828436
0.186234, 0.243248, 0.255588, 0.337492
0.186264, 0.000000, 0.270956, 0.000000
0.186394, 0.357950, 0.242216, 0.485538
0.186570, 0.051912, 0.270204, 0.074032
0.186644, 0.392931, 0.237397, 0.528793
0.186667, 0.904485, -0.932608, -0.037432
0.186676, 0.490851, 0.219312, 0.643422
0.186754, 0.554582, 0.203498, 0.710904
0.186829, 0.542628, 0.206865, 0.698794
0.186839, 0.773450, 0.079024, 0.847333
0.187121, 0.566597, 0.200354, 0.722762
0.187213, 0.891037, -0.924001, -0.040650
0.187223, 0.310719, 0.249388, 0.425480
0.187280, 0.174497, 0.263413, 0.244919
0.187462, 0.644121, 0.172386, 0.791743
0.187625, 0.230222, 0.258839, 0.320135
0.187709, 0.530609, 0.210946, 0.686079
0.188184, 0.598769, 0.190891, 0.753084
0.188309, 0.277585, 0.254831, 0.382655
0.188316, 0.196174, 0.262924, 0.274264
0.188468, 0.832434, -0.847230, -0.019572
0.188589, 0.517951, 0.215070, 0.672457
0.188770, 0.063464, 0.272803, 0.090341
0.189254, 0.740780, 0.113186, 0.843602
0.189478, 0.676193, 0.158077, 0.813618
0.189546, 0.076191, 0.272855, 0.108145
0.189625, 0.478674, 0.225268, 0.629007
0.189766, 0.153388, 0.268622, 0.215912
0.190060, 0.323203, 0.251473, 0.441035
0.190329, 0.785720, 0.053181, 0.830967
0.190770, 0.988338, -0.955947, -0.005559
0.190784, 0.845140, -0.882708, -0.045252
0.190823, 0.218454, 0.264329, 0.304134
0.190922, 0.381220, 0.244511, 0.513768
0.190923, 0.708286, 0.139147, 0.830792
0.190937, 0.456264, 0.231380, 0.603136
0.191005, 0.585915, 0.197916, 0.740246
0.191097, 0.965681, -0.953275, -0.016230
0.191125, 0.184584, 0.267748, 0.258290
0.191229, 0.631682, 0.180760, 0.780178
0.191589, 0.436487, 0.235967, 0.580078
0.191648, 0.940458, -0.946984, -0.027362
0.191700, 0.289818, 0.257908, 0.398218
0.192445, 0.129861, 0.273801, 0.183082
0.192484, 0.105041, 0.275575, 0.148597
0.192529, 0.752680, 0.102391, 0.842160
0.192556, 0.090541, 0.276486, 0.128295
0.192656, 0.031954, 0.279198, 0.045528
0.193047, 0.857928, -0.895258, -0.047285
0.193089, 0.011047, 0.280133, 0.015747
0.193171, 0.425721, 0.239796, 0.566972
0.193368, 0.798360, 0.146917, 0.928552
0.193418, 0.118190, 0.276130, 0.166934
0.193437, 0.665201, 0.166557, 0.804155
0.194229, 0.619486, 0.188314, 0.768857
0.194335, 0.368807, 0.250656, 0.497920
0.194380, 0.335681, 0.255383, 0.456303
0.194451, 0.926503, -0.940792, -0.033887
0.194511, 0.412440, 0.243736, 0.550832
0.194541, 0.301363, 0.260220, 0.412767
0.194822, 0.719678, 0.132330, 0.832543
0.194973, 0.574692, 0.205436, 0.728189
0.195338, 0.686836, 0.155393, 0.816551
0.195348, 0.870912, -0.907209, -0.048984
0.195373, 0.266238, 0.265364, 0.366926
0.195646, 0.205597, 0.271979, 0.286325
0.195730, 0.166057, 0.275870, 0.232926
0.195833, 0.810954, -0.905305, -0.114209
0.196010, 0.764585, 0.088272, 0.836971
0.196042, 0.251991, 0.267665, 0.347917
0.196065, 0.143356, 0.277702, 0.201413
0.196595, 0.653633, 0.174689, 0.794413
0.196723, 0.346867, 0.256779, 0.470002
0.196781, 0.912389, -0.933761, -0.040146
0.196997, 0.954443, -0.948257, -0.022572
0.197074, 0.977247, -0.952070, -0.011439
0.197112, 0.466478, 0.236395, 0.613462
0.197407, 0.400108, 0.249457, 0.535754
0.197417, 0.499712, 0.229164, 0.650535
0.197422, 0.043623, 0.285447, 0.061991
0.197590, 1.000000, -0.952989, 0.000000
0.197651, 0.898337, -0.926107, -0.045188
0.197877, 0.239442, 0.271637, 0.331369
0.198087, 0.511523, 0.226944, 0.663131
0.198115, 0.607048, 0.196606, 0.756660
0.198117, 0.357770, 0.257006, 0.483524
0.198188, 0.561798, 0.212686, 0.714652
0.198189, 0.549298, 0.216538, 0.702296
0.198227, 0.823541, -0.839288, -0.030339
0.198260, 0.884211, -0.917135, -0.049123
0.198444, 0.446555, 0.242149, 0.590675
0.198521, 0.731600, 0.123330, 0.832806
0.198735, 0.536950, 0.220710, 0.689623
0.198737, 0.698097, 0.149811, 0.820244
0.198899, 0.487926, 0.233627, 0.637206
0.199016, 0.313918, 0.264419, 0.428317
0.199374, 0.524632, 0.224826, 0.676704
0.199380, 0.641204, 0.182833, 0.783839
0.199477, 0.776710, 0.065307, 0.823471
0.199718, 0.079806, 0.286563, 0.112748
0.199730, 0.000000, 0.289288, 0.000000
0.199913, 0.022173, 0.289196, 0.031487
0.199938, 0.594765, 0.202967, 0.745062
0.200058, 0.055350, 0.288598, 0.078467
0.200059, 0.279107, 0.270014, 0.383137
0.200106, 0.388596, 0.254695, 0.521314
0.200327, 0.227174, 0.276169, 0.314789
0.200333, 0.192149, 0.279585, 0.267772
0.200685, 0.836119, -0.872527, -0.053529
0.200801, 0.067086, 0.289042, 0.094948
0.201933, 0.743751, 0.111726, 0.830879
0.201941, 0.178035, 0.283210, 0.248669
0.201946, 0.476037, 0.239786, 0.623210
0.201973, 0.326564, 0.266477, 0.443951
0.202242, 0.098288, 0.289264, 0.138599
0.202264, 0.155520, 0.285335, 0.217755
0.202397, 0.675463, 0.166387, 0.805499
0.202538, 0.789248, 0.156057, 0.918060
0.203029, 0.848562, -0.886282, -0.056867
0.203183, 0.133515, 0.288168, 0.187385
0.203507, 0.214979, 0.281675, 0.298190
0.203621, 0.376412, 0.261020, 0.505792
0.203712, 0.945030, -0.942717, -0.028669
0.203712, 0.420427, 0.253357, 0.558661
0.203805, 0.628349, 0.192250, 0.771811
0.203810, 0.291701, 0.273398, 0.399025
0.203973, 0.434452, 0.250988, 0.575174
0.204019, 0.966006, -0.947054, -0.018129
0.204037, 0.988807, -0.949255, -0.006044
0.204062, 0.710114, 0.143155, 0.821343
0.204134, 0.582214, 0.211425, 0.731985
0.204611, 0.933841, -0.939087, -0.034262
0.204702, 0.109859, 0.291918, 0.154547
0.204802, 0.457226, 0.247312, 0.601656
0.205240, 0.860827, -0.897543, -0.058105
0.205315, 0.259470, 0.279142, 0.356746
0.205378, 0.755746, 0.096457, 0.824921
0.205398, 0.801921, -0.906418, -0.134481
0.205471, 0.122045, 0.292006, 0.171314
0.205992, 0.664044, 0.175392, 0.796280
0.206101, 0.920738, -0.933726, -0.040655
0.206139, 0.034172, 0.297566, 0.048393
0.206317, 0.616073, 0.199811, 0.760804
0.206498, 0.011449, 0.298340, 0.016220
0.206863, 0.087900, 0.295980, 0.123783
0.206921, 0.408175, 0.259571, 0.543732
0.207123, 0.304019, 0.276081, 0.414368
0.207291, 0.570427, 0.218559, 0.719851
0.207351, 0.686704, 0.161845, 0.808414
0.207388, 0.721896, 0.134015, 0.821926
0.207408, 0.872722, -0.906719, -0.057798
0.207447, 0.201806, 0.288274, 0.280137
0.207650, 0.364434, 0.267966, 0.490394
0.207930, 0.814599, -0.834721, -0.045076
0.207933, 0.339231, 0.272284, 0.459118
0.208026, 0.907044, -0.926963, -0.047274
0.208233, 0.651458, 0.184008, 0.786602
0.208555, 0.248061, 0.284905, 0.341607
0.208701, 0.270364, 0.282468, 0.370792
0.208741, 0.767631, 0.075434, 0.813338
0.208745, 0.166712, 0.293288, 0.232591
0.208793, 0.145178, 0.294897, 0.202991
0.208922, 0.894417, -0.920274, -0.052593
0.209035, 0.556750, 0.224927, 0.706086
0.209099, 0.351436, 0.271819, 0.474025
0.209515, 0.506826, 0.240490, 0.655068
0.209592, 0.543873, 0.229677, 0.693251
0.209739, 0.494913, 0.243895, 0.642263
0.209941, 0.235952, 0.287955, 0.325311
0.210012, 0.519030, 0.237617, 0.667778
0.210140, 0.046694, 0.302760, 0.065986
0.210142, 0.396351, 0.265623, 0.528930
0.210277, 0.699340, 0.153925, 0.812077
0.210427, 0.977786, -0.945083, -0.012503
0.210438, 0.827218, -0.862438, -0.062296
0.210656, 0.531725, 0.234537, 0.680727
0.210663, 0.638525, 0.192592, 0.776089
0.210695, 0.602796, 0.209208, 0.747691
0.210725, 0.883460, -0.913122, -0.057280
0.210789, 0.316304, 0.279113, 0.429513
0.210797, 0.445279, 0.256710, 0.586212
0.210822, 0.073716, 0.302150, 0.103760
0.210896, 0.734595, 0.121816, 0.820152
0.210977, 0.955214, -0.941345, -0.025058
0.211049, 0.482598, 0.248467, 0.628523
0.211103, 1.000000, -0.945714, 0.000000
0.211276, 0.188161, 0.294787, 0.261457
0.211451, 0.590706, 0.214834, 0.736708
0.211513, 0.468060, 0.252493, 0.612216
0.211742, 0.780147, 0.157206, 0.899189
0.212459, 0.282631, 0.285882, 0.386285
0.212788, 0.384421, 0.270970, 0.514005
0.212918, 0.000000, 0.307091, 0.000000
0.212958, 0.426827, 0.263105, 0.564418
0.212959, 0.023520, 0.306927, 0.033208
0.213023, 0.223950, 0.293551, 0.309261
0.213045, 0.059896, 0.305960, 0.084370
0.213062, 0.839739, -0.877330, -0.066627
0.213265, 0.328386, 0.280553, 0.444470
0.214604, 0.133775, 0.303765, 0.186986
0.214626, 0.746930, 0.106922, 0.814893
0.214657, 0.792747, -0.888742, -0.136665
0.214758, 0.098602, 0.306361, 0.138371
0.215358, 0.674865, 0.174044, 0.796624
0.215448, 0.211225, 0.297962, 0.291876
0.215512, 0.155712, 0.303190, 0.216903
0.215518, 0.852129, -0.888801, -0.067923
0.215792, 0.176635, 0.301883, 0.245423
0.216084, 0.295314, 0.288928, 0.402164
0.216198, 0.929096, -0.931920, -0.040187
0.216314, 0.111745, 0.307494, 0.156403
0.216319, 0.942812, -0.935741, -0.032997
0.216428, 0.372093, 0.277618, 0.498396
0.216508, 0.625490, 0.203551, 0.763302
0.216518, 0.415393, 0.269672, 0.550380
0.217082, 0.712254, 0.144979, 0.810296
0.217138, 0.967081, -0.940047, -0.019415
0.217189, 0.455659, 0.261738, 0.596556
0.217334, 0.915224, -0.926375, -0.047418
0.217337, 0.259127, 0.295184, 0.355101
0.217340, 0.084308, 0.310395, 0.118235
0.217391, 0.805524, -0.828875, -0.058868
0.217403, 0.613487, 0.210018, 0.753385
0.217473, 0.661571, 0.183863, 0.787648
0.217521, 0.578976, 0.224877, 0.723776
0.217573, 0.988929, -0.941618, -0.006618
0.217763, 0.122744, 0.308677, 0.171478
0.217789, 0.565349, 0.230314, 0.711223
0.217914, 0.864354, -0.898101, -0.067318
0.218375, 0.758488, 0.090907, 0.807653
0.218491, 0.436312, 0.267663, 0.574458
0.218499, 0.687914, 0.166332, 0.800619
0.219037, 0.725134, 0.132879, 0.810743
0.219164, 0.036041, 0.314872, 0.050693
0.219199, 0.198472, 0.304368, 0.274527
0.219235, 0.011346, 0.315513, 0.015972
0.219383, 0.358951, 0.283510, 0.481732
0.219561, 0.648651, 0.193065, 0.778161
0.219798, 0.308007, 0.291921, 0.417812
0.219857, 0.551139, 0.237415, 0.696851
0.219990, 0.901212, -0.919127, -0.055137
0.220037, 0.818264, -0.852641, -0.071956
0.220040, 0.404012, 0.276126, 0.536167
0.220180, 0.245168, 0.300344, 0.336173
0.220188, 0.346228, 0.286665, 0.465946
0.220600, 0.272443, 0.297742, 0.371962
0.220845, 0.876209, -0.905267, -0.065682
0.220878, 0.476817, 0.260772, 0.619367
0.220887, 0.770940, 0.164966, 0.886570
0.220914, 0.700609, 0.156908, 0.803463
0.221260, 0.501720, 0.254483, 0.646364
0.221278, 0.513898, 0.250940, 0.659130
0.221545, 0.636090, 0.201612, 0.768334
0.221588, 0.144104, 0.312381, 0.200601
0.221648, 0.526431, 0.247451, 0.671853
0.221671, 0.489646, 0.258279, 0.633299
0.221699, 0.592302, 0.223034, 0.733742
0.221852, 0.070034, 0.317197, 0.098114
0.221885, 0.539384, 0.243449, 0.684811
0.221977, 0.048986, 0.318619, 0.068832
0.222006, 0.889158, -0.912271, -0.061417
0.222081, 0.334930, 0.290865, 0.451568
0.222181, 0.233729, 0.304656, 0.321248
0.222527, 0.165676, 0.311837, 0.229904
0.222722, 0.830856, -0.867913, -0.076200
0.222806, 0.392472, 0.281705, 0.521877
0.222877, 0.320763, 0.293933, 0.433434
0.223263, 0.738264, 0.118215, 0.806159
0.223552, 0.956139, -0.934507, -0.026869
0.223803, 0.603994, 0.219627, 0.742460
0.223923, 0.783520, -0.877651, -0.146043
0.224111, 0.186335, 0.312107, 0.257720
0.224143, 0.978058, -0.937041, -0.013581
0.224269, 0.285733, 0.300788, 0.388691
0.224360, 0.464527, 0.267714, 0.604722
0.224753, 1.000000, -0.937600, 0.000000
0.224819, 0.220149, 0.309311, 0.302592
0.224917, 0.445912, 0.272950, 0.584084
0.225066, 0.380437, 0.286741, 0.507000
0.225097, 0.022549, 0.323132, 0.031631
0.225180, 0.424681, 0.277981, 0.559463
0.225503, 0.843541, -0.879775, -0.077598
0.225923, 0.105174, 0.320818, 0.146710
0.226131, 0.000000, 0.324838, 0.000000
0.226536, 0.092370, 0.322335, 0.128934
0.226609, 0.796324, -0.818311, -0.068412
0.227028, 0.131804, 0.320714, 0.183380
0.227379, 0.059506, 0.325517, 0.083341
0.227388, 0.668690, 0.184687, 0.784773
0.227412, 0.935024, -0.927498, -0.040102
0.227553, 0.922398, -0.923649, -0.047290
0.227702, 0.208605, 0.314627, 0.287173
0.227947, 0.558731, 0.242378, 0.701067
0.227961, 0.299142, 0.303735, 0.405455
0.227971, 0.680787, 0.176113, 0.790210
0.228103, 0.856065, -0.889246, -0.076804
0.228134, 0.749254, 0.103007, 0.797754
0.228149, 0.367195, 0.292923, 0.490294
0.228237, 0.252351, 0.310111, 0.344657
0.228290, 0.079792, 0.325486, 0.111433
0.228293, 0.617751, 0.216292, 0.751103
0.228334, 0.571505, 0.237655, 0.712810
0.228361, 0.909024, -0.918344, -0.054708
0.228716, 0.154394, 0.321130, 0.214052
0.228755, 0.946805, -0.929414, -0.033478
0.229212, 0.412847, 0.285266, 0.544731
0.229222, 0.655800, 0.194539, 0.776253
0.229334, 0.118771, 0.324646, 0.165262
0.229349, 0.717974, 0.142472, 0.799213
0.229373, 0.809166, -0.843151, -0.082155
0.229640, 0.263739, 0.310634, 0.359477
0.229699, 0.175258, 0.320570, 0.242214
0.230161, 0.583451, 0.234211, 0.722595
0.230379, 0.693389, 0.166516, 0.792897
0.230488, 0.628833, 0.211945, 0.757935
0.230527, 0.761870, 0.155477, 0.854983
0.230569, 0.966839, -0.931872, -0.021291
0.230586, 0.706758, 0.154086, 0.796178
0.230627, 0.729927, 0.127315, 0.796486
0.230818, 0.868433, -0.896757, -0.074449
0.230827, 0.032846, 0.330638, 0.045960
0.231097, 0.642659, 0.204124, 0.766900
0.231207, 0.353559, 0.299175, 0.473133
0.231223, 0.989431, -0.933182, -0.006889
0.231512, 0.196336, 0.320893, 0.270328
0.231558, 0.434682, 0.283168, 0.569593
0.231614, 0.455268, 0.278284, 0.592957
0.231954, 0.312830, 0.306731, 0.422132
0.232263, 0.821745, -0.857824, -0.086001
0.232272, 0.472720, 0.274416, 0.611853
0.232342, 0.228978, 0.318293, 0.313463
0.232364, 0.327736, 0.304893, 0.440770
0.232372, 0.011002, 0.333192, 0.015392
0.232473, 0.534093, 0.255755, 0.675853
0.232614, 0.881481, -0.903622, -0.070042
0.232664, 0.276089, 0.312946, 0.375080
0.232678, 0.483976, 0.271756, 0.623984
0.232703, 0.520574, 0.260587, 0.662317
0.232796, 0.508125, 0.264697, 0.649544
0.232893, 0.341403, 0.303417, 0.457913
0.232927, 0.401158, 0.292162, 0.530252
0.232974, 0.774060, -0.849805, -0.138833
0.233095, 0.496124, 0.268681, 0.636884
0.233099, 0.894905, -0.910018, -0.063911
0.233164, 0.547661, 0.251511, 0.688584
0.233183, 0.044376, 0.333739, 0.062024
0.233717, 0.595834, 0.231462, 0.731333
0.233996, 0.142403, 0.329295, 0.197353
0.234373, 0.241362, 0.319918, 0.329941
0.234841, 0.834582, -0.870264, -0.087026
0.234971, 0.389314, 0.297047, 0.515763
0.235312, 0.608558, 0.226357, 0.740550
0.235824, 0.787131, -0.809247, -0.080105
0.235976, 0.070123, 0.336327, 0.097676
0.235991, 0.288607, 0.315447, 0.390638
0.236230, 0.376685, 0.301022, 0.500255
0.236342, 0.164196, 0.330525, 0.226704
0.236898, 0.108780, 0.335304, 0.150975
0.237136, 0.096775, 0.336261, 0.134403
0.237395, 0.422606, 0.292717, 0.554280
0.237433, 0.979074, -0.928645, -0.014019
0.237553, 0.185025, 0.330128, 0.254613
0.237622, 0.739767, 0.108053, 0.780341
0.237934, 0.847557, -0.880016, -0.086334
0.238181, 0.561895, 0.250531, 0.699776
0.238401, 0.021661, 0.341069, 0.030207
0.238404, 0.955941, -0.925211, -0.029433
0.238404, 0.218138, 0.327807, 0.298696
0.238415, 0.444385, 0.288675, 0.578950
0.238506, 0.800001, -0.832726, -0.091791
0.238686, 0.129629, 0.336525, 0.179527
0.238767, 0.055646, 0.340748, 0.077515
0.238773, 1.000000, -0.928476, 0.000000
0.238813, 0.083850, 0.339672, 0.116610
0.238901, 0.917517, -0.915518, -0.053673
0.238952, 0.929982, -0.919262, -0.046134
0.238956, 0.675134, 0.184351, 0.777838
0.239037, 0.905172, -0.910940, -0.060890
0.239139, 0.662529, 0.194763, 0.772378
0.239192, 0.362550, 0.307303, 0.482503
0.239390, 0.300671, 0.317962, 0.405440
0.239399, 0.206665, 0.330181, 0.283195
0.239544, 0.464201, 0.284813, 0.600800
0.239562, 0.000000, 0.342867, 0.000000
0.239665, 0.942451, -0.921729, -0.038499
0.239812, 0.253236, 0.325391, 0.344623
0.240102, 0.753286, 0.128624, 0.806341
0.240181, 0.574672, 0.246810, 0.710223
0.240316, 0.687617, 0.173230, 0.780394
0.240467, 0.649148, 0.205313, 0.764451
0.240741, 0.860100, -0.887624, -0.083740
0.241018, 0.635161, 0.215006, 0.755782
0.241105, 0.726000, 0.127392, 0.779661
0.241265, 0.266036, 0.325475, 0.360933
0.241281, 0.621767, 0.223316, 0.746856
0.241294, 0.700543, 0.159780, 0.781497
0.241632, 0.812338, -0.847429, -0.095964
0.241639, 0.713739, 0.144333, 0.781475
0.241742, 0.152670, 0.338852, 0.210689
0.241785, 0.410763, 0.300588, 0.539654
0.242434, 0.322397, 0.318505, 0.432535
0.242750, 0.586727, 0.243395, 0.719148
0.242767, 0.527191, 0.268347, 0.665369
0.242890, 0.872815, -0.894167, -0.079315
0.242893, 0.118475, 0.342828, 0.163917
0.243029, 0.033311, 0.347149, 0.046367
0.243032, 0.968567, -0.923874, -0.021624
0.243055, 0.231233, 0.332261, 0.315307
0.243225, 0.764869, -0.883705, -0.194407
0.243295, 0.174159, 0.338799, 0.239448
0.243304, 0.335391, 0.317416, 0.448610
0.243392, 0.540569, 0.263934, 0.678058
0.243668, 0.310977, 0.321806, 0.417818
0.244008, 0.348845, 0.315871, 0.465051
0.244029, 0.885943, -0.900277, -0.073312
0.244062, 0.488481, 0.282639, 0.625551
0.244080, 0.513399, 0.274526, 0.651200
0.244103, 0.475940, 0.286457, 0.612239
0.244172, 0.195446, 0.337717, 0.267775
0.244183, 0.825366, -0.860075, -0.096866
0.244290, 0.777607, -0.788246, -0.079569
0.244311, 0.432583, 0.298312, 0.564005
0.244595, 0.501159, 0.279166, 0.638581
0.244598, 0.279071, 0.327935, 0.377232
0.245129, 0.454328, 0.293610, 0.588199
0.245301, 0.598849, 0.239286, 0.727461
0.245336, 0.990341, -0.923709, -0.006794
0.245499, 0.398649, 0.307682, 0.524648
0.245554, 0.553216, 0.260892, 0.688880
0.245975, 0.010806, 0.351489, 0.015029
0.246022, 0.140269, 0.345435, 0.193425
0.246213, 0.065751, 0.350383, 0.091242
0.246283, 0.373466, 0.313790, 0.494250
0.246352, 0.386727, 0.311244, 0.510297
0.246375, 0.610785, 0.233495, 0.735805
0.246566, 0.044622, 0.351620, 0.061981
0.246685, 0.838544, -0.870515, -0.095439
0.247405, 0.897429, -0.903281, -0.068441
0.247697, 0.791054, -0.824189, -0.103829
0.248173, 0.092351, 0.351536, 0.127765
0.248259, 0.104975, 0.350841, 0.145073
0.248325, 0.291376, 0.330871, 0.392375
0.248504, 0.745613, 0.080259, 0.740175
0.248508, 0.243545, 0.337878, 0.330760
0.249387, 0.077846, 0.353763, 0.107682
0.249648, 0.566554, 0.258666, 0.698913
0.249930, 0.421055, 0.307667, 0.549678
0.249942, 0.669169, 0.194345, 0.766604
0.250014, 0.162710, 0.349071, 0.223566
0.250077, 0.655936, 0.205151, 0.760638
0.250183, 0.910587, -0.906242, -0.061471
0.250192, 0.360055, 0.321222, 0.477335
0.250293, 0.923202, -0.910194, -0.053399
0.250404, 0.733512, 0.184908, 0.834942
0.250526, 0.851755, -0.878295, -0.093240
0.250533, 0.948354, -0.915777, -0.036581
0.250566, 0.681889, 0.183673, 0.770915
0.250617, 0.219368, 0.343611, 0.298792
0.250690, 0.207848, 0.345072, 0.283611
0.250854, 0.935700, -0.912974, -0.045296
0.250855, 0.980774, -0.919457, -0.013794
0.250989, 0.256932, 0.339378, 0.347888
0.251010, 0.642497, 0.215824, 0.753080
0.251065, 0.802553, -0.836076, -0.105939
0.251132, 0.184769, 0.348268, 0.252970
0.251311, 0.442426, 0.303705, 0.573220
0.251359, 0.022110, 0.358419, 0.030650
0.251756, 0.959725, -0.916743, -0.028782
0.251757, 0.127824, 0.354167, 0.176103
0.252031, 0.629415, 0.225575, 0.744781
0.252128, 0.707369, 0.158934, 0.775259
0.252235, 0.694447, 0.172683, 0.773232
0.252542, 0.055382, 0.359199, 0.076675
0.252542, 0.579123, 0.255080, 0.708075
0.252570, 0.465881, 0.298535, 0.598752
0.252648, 0.269934, 0.339558, 0.364280
0.252820, 0.720925, 0.135535, 0.767779
0.252847, 0.302140, 0.334893, 0.405251
0.252979, 0.520459, 0.280875, 0.654839
0.253155, 0.000000, 0.361177, 0.000000
0.253202, 0.815843, -0.849569, -0.106712
0.253211, 0.864233, -0.884427, -0.088957
0.253484, 1.000000, -0.918095, 0.000000
0.253588, 0.533603, 0.276370, 0.667269
0.253734, 0.231567, 0.346209, 0.314438
0.253895, 0.327078, 0.332016, 0.436323
0.254003, 0.408738, 0.315346, 0.534419
0.254136, 0.756435, -0.883911, -0.215525
0.254345, 0.150938, 0.355728, 0.207230
0.254471, 0.877620, -0.890698, -0.082513
0.254482, 0.314967, 0.334827, 0.421092
0.254565, 0.115153, 0.358528, 0.158549
0.254618, 0.339525, 0.330668, 0.451588
0.254653, 0.480036, 0.296459, 0.613306
0.254735, 0.769141, -0.789164, -0.102449
0.254988, 0.617709, 0.235169, 0.735295
0.255088, 0.781965, -0.808696, -0.107192
0.255181, 0.493223, 0.292721, 0.626854
0.255402, 0.591400, 0.250927, 0.716272
0.255452, 0.546172, 0.272875, 0.678171
0.255647, 0.970979, -0.915080, -0.021220
0.255686, 0.033681, 0.364147, 0.046620
0.255798, 0.829394, -0.860392, -0.105206
0.255942, 0.196923, 0.353043, 0.268440
0.255981, 0.173438, 0.355690, 0.237243
0.256106, 0.506193, 0.289175, 0.639485
0.256458, 0.383382, 0.323970, 0.504023
0.256463, 0.452970, 0.306504, 0.583409
0.256634, 0.371081, 0.326789, 0.489283
0.256932, 0.282983, 0.343148, 0.380377
0.256990, 0.603979, 0.244951, 0.724577
0.257095, 0.890242, -0.894716, -0.076429
0.257444, 0.432031, 0.313465, 0.560246
0.257752, 0.350655, 0.332356, 0.464528
0.257755, 0.138233, 0.361182, 0.189690
0.257779, 0.087993, 0.364580, 0.121247
0.257973, 0.396406, 0.322916, 0.519187
0.258043, 0.558661, 0.269584, 0.688112
0.258280, 0.067740, 0.366565, 0.093519
0.258341, 0.842504, -0.868931, -0.102032
0.259411, 0.011069, 0.369499, 0.015301
0.259635, 0.742580, -0.493987, 0.145847
0.259684, 0.100945, 0.366388, 0.138860
0.259756, 0.902937, -0.897702, -0.069410
0.260101, 0.045062, 0.369708, 0.062214
0.260207, 0.662537, 0.203212, 0.753956
0.260411, 0.990330, -0.912831, -0.007258
0.260686, 0.249513, 0.352793, 0.336793
0.261019, 0.675974, 0.188920, 0.755607
0.261142, 0.649682, 0.215090, 0.748326
0.261328, 0.792317, -0.825072, -0.118492
0.261465, 0.916212, -0.900673, -0.061088
0.261843, 0.928828, -0.903873, -0.052465
0.261886, 0.571395, 0.266531, 0.697002
0.261901, 0.419973, 0.321673, 0.545349
0.261944, 0.805932, -0.838258, -0.116312
0.262138, 0.237779, 0.356535, 0.321631
0.262248, 0.941927, -0.906363, -0.043238
0.262276, 0.293240, 0.348342, 0.392568
0.262405, 0.210679, 0.360230, 0.286085
0.262438, 0.636972, 0.225947, 0.741244
0.262476, 0.262275, 0.353339, 0.353047
0.262489, 0.714323, 0.115297, 0.727005
0.262731, 0.223358, 0.358907, 0.302515
0.262766, 0.687674, 0.172963, 0.752028
0.262981, 0.729251, 0.226938, 0.848285
0.262991, 0.515211, 0.292602, 0.645866
0.263123, 0.954358, -0.907754, -0.034283
0.263180, 0.361849, 0.336651, 0.476893
0.263391, 0.701388, 0.140454, 0.735816
0.263500, 0.471662, 0.308477, 0.601452
0.263555, 0.855504, -0.874424, -0.099008
0.263569, 0.161173, 0.366962, 0.220116
0.263851, 0.078727, 0.373085, 0.108225
0.263946, 0.185797, 0.364953, 0.252919
0.264035, 0.274800, 0.353380, 0.368764
0.264123, 0.527425, 0.288806, 0.657097
0.264267, 0.022484, 0.375669, 0.030985
0.264290, 0.820009, -0.850202, -0.114875
0.264304, 0.124856, 0.370754, 0.171003
0.264342, 0.305895, 0.348769, 0.408059
0.264487, 0.869549, -0.881117, -0.091674
0.264676, 0.458871, 0.313778, 0.587570
0.264707, 0.624691, 0.236281, 0.732805
0.264771, 0.443505, 0.318449, 0.570850
0.265028, 0.979905, -0.908952, -0.015289
0.265037, 0.583813, 0.262306, 0.705084
0.265120, 0.777803, -0.805668, -0.120544
0.265131, 0.112084, 0.372957, 0.153718
0.265313, 0.057308, 0.376129, 0.078868
0.265376, 0.318621, 0.347819, 0.423740
0.265483, 0.330781, 0.345714, 0.438757
0.265523, 0.965944, -0.907304, -0.025932
0.265594, 0.485147, 0.306182, 0.614878
0.265620, 0.539229, 0.285143, 0.667328
0.265889, 0.764536, -0.791319, -0.122919
0.265916, 0.408205, 0.329284, 0.530868
0.266053, 0.611324, 0.246316, 0.723711
0.266291, 0.752599, -0.757259, -0.103413
0.266342, 0.148667, 0.371806, 0.203102
0.266372, 0.198866, 0.366603, 0.269903
0.266555, 0.497690, 0.302703, 0.627270
0.266581, 0.882970, -0.885933, -0.084610
0.266673, 0.000000, 0.379346, 0.000000
0.266850, 0.173471, 0.370112, 0.236256
0.267299, 0.375229, 0.338702, 0.491979
0.267364, 0.387243, 0.335997, 0.506059
0.267374, 0.597090, 0.256258, 0.713354
0.267532, 0.342397, 0.345952, 0.452538
0.267717, 0.551460, 0.281403, 0.677179
0.267774, 0.832940, -0.858341, -0.112229
0.268457, 1.000000, -0.906974, 0.000000
0.268476, 0.034246, 0.381227, 0.047129
0.268583, 0.136161, 0.375708, 0.186022
0.269257, 0.091732, 0.379844, 0.125780
0.269445, 0.430741, 0.327296, 0.555432
0.269669, 0.895696, -0.888721, -0.077517
0.269983, 0.844367, -0.864532, -0.108294
0.270196, 0.669511, 0.199358, 0.745916
0.270810, 0.563281, 0.278159, 0.685610
0.271002, 0.739310, -0.925554, -0.296724
0.271224, 0.507974, 0.303428, 0.635527
0.271385, 0.353724, 0.348287, 0.465408
0.271411, 0.069305, 0.383974, 0.095112
0.271519, 0.909004, -0.891684, -0.068892
0.271549, 0.398518, 0.338172, 0.518155
0.271571, 0.657055, 0.212178, 0.741247
0.271574, 0.721000, 0.180479, 0.784442
0.271763, 0.284091, 0.361977, 0.379599
0.272090, 0.797948, -0.828652, -0.127548
0.272326, 0.811422, -0.840412, -0.123938
0.272497, 0.256496, 0.366979, 0.344089
0.272684, 0.243905, 0.369358, 0.328159
0.272701, 0.046874, 0.386365, 0.064330
0.272722, 0.693701, 0.184687, 0.758269
0.272758, 0.230680, 0.370944, 0.310733
0.272810, 0.011280, 0.387361, 0.015495
0.272861, 0.934651, -0.897212, -0.050590
0.272878, 0.644948, 0.223816, 0.735833
0.273198, 0.921903, -0.893965, -0.060050
0.273254, 0.103512, 0.384284, 0.141526
0.273765, 0.269862, 0.366686, 0.361108
0.273822, 0.217673, 0.374190, 0.293814
0.273823, 0.785488, -0.815622, -0.131273
0.273978, 0.948532, -0.898806, -0.040278
0.274084, 0.297027, 0.362647, 0.395405
0.274205, 0.418443, 0.336024, 0.540249
0.274238, 0.862273, -0.871848, -0.100547
0.274336, 0.708513, 0.271721, 0.861424
0.274373, 0.451809, 0.326394, 0.576842
0.274473, 0.680408, 0.187910, 0.742977
0.274561, 0.520417, 0.301500, 0.646066
0.274589, 0.632867, 0.234844, 0.729159
0.274759, 0.465101, 0.322547, 0.590943
0.274786, 0.574317, 0.275320, 0.692125
0.274863, 0.366078, 0.349726, 0.479343
0.274880, 0.477177, 0.318531, 0.603347
0.275342, 0.974238, -0.900698, -0.020370
0.275446, 0.988686, -0.901464, -0.008967
0.275697, 0.205998, 0.378102, 0.278309
0.275708, 0.309844, 0.362296, 0.410987
0.275902, 0.116943, 0.387085, 0.159620
0.275924, 0.876188, -0.877112, -0.092647
0.276016, 0.619980, 0.245815, 0.721512
0.276075, 0.825055, -0.849297, -0.121433
0.276144, 0.192493, 0.380191, 0.260434
0.276192, 0.772458, -0.800139, -0.133983
0.276391, 0.531965, 0.298075, 0.655842
0.276424, 0.960622, -0.898425, -0.031193
0.276455, 0.166700, 0.383373, 0.226240
0.276498, 0.180387, 0.382219, 0.244537
0.276539, 0.322418, 0.360949, 0.426349
0.276582, 0.154842, 0.384801, 0.210473
0.276635, 0.082064, 0.389881, 0.112138
0.276744, 0.586023, 0.269891, 0.699581
0.276957, 0.607485, 0.255628, 0.713673
0.276962, 0.023043, 0.392613, 0.031573
0.277362, 0.490068, 0.316374, 0.615505
0.277385, 0.544201, 0.293185, 0.666136
0.277554, 0.439966, 0.333539, 0.563120
0.277703, 0.128765, 0.388263, 0.175298
0.277860, 0.334415, 0.360202, 0.440765
0.277992, 0.748755, -0.760343, -0.125120
0.278127, 0.059224, 0.393056, 0.081020
0.278157, 0.850816, -0.863670, -0.109319
0.278199, 0.730828, -0.783923, -0.177439
0.278221, 0.760011, -0.786033, -0.137624
0.278545, 0.142362, 0.388505, 0.193597
0.278710, 0.378662, 0.351359, 0.493279
0.279320, 0.389563, 0.349373, 0.505769
0.279358, 0.596499, 0.264891, 0.705040
0.279421, 0.888342, -0.879492, -0.085869
0.279695, 0.407336, 0.345270, 0.526169
0.280182, 0.000000, 0.397531, 0.000000
0.280342, 0.556646, 0.289308, 0.675003
0.280387, 0.500762, 0.315188, 0.624785
0.280463, 0.036530, 0.396993, 0.049986
0.280499, 0.346290, 0.360888, 0.454527
0.280691, 0.666743, 0.202880, 0.732677
0.281307, 0.902113, -0.882728, -0.076656
0.281326, 0.837179, -0.854416, -0.118518
0.281922, 0.094733, 0.396537, 0.129155
0.282140, 0.428111, 0.342118, 0.548686
0.282149, 0.699607, 0.078186, 0.646319
0.282638, 0.803852, -0.830557, -0.134606
0.282735, 1.000000, -0.895954, 0.000000
0.282819, 0.940993, -0.890609, -0.047568
0.283219, 0.653823, 0.217765, 0.727881
0.283327, 0.250430, 0.381997, 0.334954
0.283341, 0.277273, 0.377616, 0.368943
0.283381, 0.815634, -0.839247, -0.130563
0.283424, 0.237129, 0.383758, 0.317579
0.283480, 0.263615, 0.379951, 0.351557
0.283550, 0.719551, -0.515656, 0.066974
0.283725, 0.072198, 0.400138, 0.098501
0.283761, 0.513304, 0.313174, 0.635302
0.283848, 0.914873, -0.884245, -0.067878
0.283910, 0.289260, 0.376268, 0.383910
0.283978, 0.358654, 0.362371, 0.468593
0.284157, 0.791564, -0.819507, -0.139981
0.284398, 0.224401, 0.386899, 0.301121
0.284468, 0.687424, 0.168399, 0.719182
0.284502, 0.869416, -0.868460, -0.100612
0.284740, 0.641426, 0.230885, 0.723059
0.284768, 0.927867, -0.886782, -0.058067
0.285073, 0.108092, 0.399589, 0.146942
0.285134, 0.566735, 0.287367, 0.680254
0.285329, 0.049089, 0.403016, 0.066970
0.285345, 0.459184, 0.335627, 0.580935
0.285666, 0.980198, -0.892758, -0.016245
0.285707, 0.628002, 0.243816, 0.717181
0.285825, 0.740534, -0.756594, -0.141016
0.285962, 0.301974, 0.376589, 0.399442
0.286165, 0.011905, 0.404713, 0.016232
0.286201, 0.482221, 0.328171, 0.604276
0.286491, 0.470512, 0.332821, 0.592284
0.286550, 0.212505, 0.391402, 0.285488
0.286590, 0.397255, 0.355869, 0.512890
0.286597, 0.778955, -0.806576, -0.144860
0.286874, 0.370890, 0.362845, 0.482234
0.286915, 0.967941, -0.890976, -0.026329
0.286948, 0.199918, 0.393362, 0.268906
0.287182, 0.448557, 0.341164, 0.569134
0.287198, 0.173786, 0.396651, 0.234503
0.287259, 0.314439, 0.375735, 0.414489
0.287277, 0.953774, -0.889154, -0.037961
0.287303, 0.578730, 0.281651, 0.687674
0.287324, 0.524442, 0.311352, 0.643837
0.287462, 0.416809, 0.351368, 0.534598
0.287517, 0.187047, 0.395907, 0.252138
0.287539, 0.614666, 0.256003, 0.709419
0.287589, 0.675759, 0.191856, 0.724039
0.287643, 0.858212, -0.861463, -0.109328
0.287750, 0.536925, 0.305660, 0.654541
0.287981, 0.160632, 0.399224, 0.217107
0.288067, 0.121352, 0.402906, 0.164703
0.288121, 0.026592, 0.407075, 0.036241
0.288122, 0.766830, -0.793558, -0.148233
0.288128, 0.709436, -0.154940, 0.409762
0.288312, 0.326338, 0.374594, 0.428778
0.288815, 0.549608, 0.299891, 0.664439
0.288820, 0.826161, -0.843663, -0.128829
0.288896, 0.134551, 0.402558, 0.182164
0.288940, 0.147892, 0.401759, 0.200102
0.289358, 0.085324, 0.406482, 0.115886
0.289611, 0.880722, -0.869612, -0.094743
0.289703, 0.602651, 0.266624, 0.701227
0.290083, 0.590144, 0.275892, 0.693397
0.290200, 0.338723, 0.374256, 0.443348
0.290325, 0.894757, -0.873825, -0.084771
0.290405, 0.061929, 0.409215, 0.084236
0.290413, 0.752766, -0.775414, -0.150360
0.290492, 0.846224, -0.854076, -0.118122
0.290544, 0.437365, 0.348432, 0.556098
0.290745, 0.989873, -0.889120, -0.008435
0.290937, 0.384388, 0.364241, 0.496967
0.291290, 0.494269, 0.328385, 0.614026
0.291832, 0.729975, -0.773003, -0.177748
0.291941, 0.506232, 0.323850, 0.625035
0.292210, 0.662964, 0.206124, 0.716250
0.292685, 0.350959, 0.374432, 0.457332
0.293035, 0.038982, 0.413526, 0.053020
0.293234, 0.940603, -0.882206, -0.049584
0.293531, 0.000000, 0.414619, 0.000000
0.293590, 0.406169, 0.361371, 0.521073
0.293652, 0.257402, 0.393994, 0.342205
0.293669, 0.243808, 0.395815, 0.324611
0.293688, 0.800743, -0.823761, -0.144356
0.293730, 0.696826, 0.396865, 0.945231
0.293759, 0.098949, 0.411951, 0.134141
0.294115, 0.270557, 0.392278, 0.358628
0.294175, 0.812777, -0.832140, -0.139271
0.294261, 0.906840, -0.874313, -0.076642
0.294872, 0.230676, 0.399373, 0.307700
0.295090, 0.650067, 0.223570, 0.713295
0.295165, 0.636073, 0.239041, 0.710542
0.295360, 0.426176, 0.357244, 0.542462
0.295432, 0.558867, 0.299741, 0.668084
0.295522, 0.835273, -0.845196, -0.127378
0.295586, 0.282726, 0.392006, 0.373643
0.295646, 0.787026, -0.811764, -0.151127
0.295723, 0.075280, 0.415913, 0.102137
0.295779, 0.294370, 0.390026, 0.388016
0.296187, 0.018750, 0.417967, 0.025452
0.296198, 0.868656, -0.860103, -0.105766
0.296206, 0.929725, -0.877811, -0.058848
0.296379, 0.918269, -0.875360, -0.068103
0.296551, 0.622309, 0.253158, 0.704691
0.296771, 0.112909, 0.414605, 0.152603
0.296780, 0.719490, -0.780367, -0.204670
0.296794, 0.362869, 0.376493, 0.470442
0.296991, 0.685073, 0.193012, 0.725335
0.297047, 0.963436, -0.882218, -0.031016
0.297123, 0.483242, 0.338598, 0.600963
0.297227, 0.459739, 0.347752, 0.577240
0.297422, 0.471715, 0.343443, 0.589295
0.297474, 0.219154, 0.404531, 0.292628
0.297491, 0.571427, 0.293345, 0.675834
0.297514, 1.000000, -0.883528, 0.000000
0.297778, 0.051223, 0.419343, 0.069462
0.297896, 0.374732, 0.374744, 0.483910
0.297906, 0.307453, 0.390248, 0.403864
0.297947, 0.517224, 0.324238, 0.632403
0.298034, 0.180999, 0.409928, 0.242805
0.298193, 0.530446, 0.317822, 0.643655
0.298233, 0.194339, 0.408934, 0.260424
0.298259, 0.762544, -0.787406, -0.159718
0.298309, 0.544016, 0.310605, 0.654725
0.298313, 0.167628, 0.411906, 0.225269
0.298354, 0.207057, 0.407256, 0.276814
0.298409, 0.741101, -0.756394, -0.155360
0.298446, 0.977311, -0.882001, -0.019360
0.299100, 0.448010, 0.353958, 0.564490
0.299111, 0.393874, 0.370977, 0.505477
0.299335, 0.154025, 0.414753, 0.207264
0.299349, 0.888692, -0.865003, -0.092124
0.299475, 0.126974, 0.417478, 0.171350
0.299603, 0.330993, 0.387248, 0.431954
0.299619, 0.318801, 0.389967, 0.417303
0.299661, 0.949742, -0.878444, -0.042855
0.299752, 0.856429, -0.852662, -0.115746
0.299771, 0.608681, 0.266670, 0.695894
0.299894, 0.707100, -0.806979, -0.257120
0.299975, 0.140223, 0.416646, 0.188795
0.300015, 0.774693, -0.799139, -0.158395
0.300275, 0.674027, 0.175597, 0.689420
0.300334, 0.583271, 0.286996, 0.681576
0.301015, 0.822739, -0.834769, -0.137891
0.301104, 0.415549, 0.366931, 0.529229
0.301221, 0.009071, 0.424379, 0.012293
0.301263, 0.596228, 0.277654, 0.688351
0.301413, 0.089266, 0.421895, 0.120476
0.301457, 0.029925, 0.424649, 0.040523
0.302256, 0.344069, 0.387525, 0.447049
0.302341, 0.504007, 0.334436, 0.618280
0.302361, 0.063534, 0.424797, 0.085903
0.303103, 0.436241, 0.362263, 0.550655
0.303420, 0.878006, -0.858443, -0.101467
0.303490, 0.250842, 0.407138, 0.332021
0.303518, 0.797100, -0.816529, -0.153248
0.303541, 0.662556, 0.211817, 0.706597
0.303687, 0.845012, -0.844909, -0.125237
0.303825, 0.900168, -0.864948, -0.084445
0.304001, 0.752135, -0.775405, -0.167411
0.304396, 0.237219, 0.410422, 0.314599
0.304536, 0.492390, 0.341810, 0.606590
0.304536, 0.263855, 0.406575, 0.348509
0.304586, 0.989065, -0.877513, -0.009521
0.304945, 0.104046, 0.426410, 0.140294
0.305053, 0.383212, 0.380837, 0.491900
0.305374, 0.355557, 0.388309, 0.459680
0.305449, 0.729806, -0.748792, -0.170610
0.305535, 0.641644, 0.235238, 0.699962
0.305638, 0.809665, -0.824112, -0.148053
0.305846, 0.694457, -0.341522, 0.181227
0.306061, 0.403722, 0.375861, 0.514384
0.306127, 0.041369, 0.430670, 0.055902
0.306133, 0.629396, 0.249159, 0.697121
0.306327, 0.937500, -0.870864, -0.054168
0.306339, 0.552277, 0.311835, 0.656312
0.306352, 0.276240, 0.406664, 0.363682
0.306541, 0.300014, 0.402133, 0.392834
0.307009, 0.075593, 0.430468, 0.101945
0.307191, 0.652378, 0.221003, 0.697545
0.307437, 0.616236, 0.262939, 0.691835
0.307571, 0.564873, 0.304546, 0.664471
0.307780, 0.957456, -0.872126, -0.037222
0.307795, 0.785496, -0.805686, -0.161367
0.307842, 0.925178, -0.867440, -0.064775
0.307964, 0.118306, 0.428966, 0.159031
0.308158, 0.288355, 0.406352, 0.378116
0.308197, 0.538151, 0.321704, 0.644377
0.308222, 0.833158, -0.836118, -0.135186
0.308322, 0.479491, 0.350970, 0.592454
0.308325, 0.911913, -0.864347, -0.075936
0.308382, 0.000000, 0.434323, 0.000000
0.308429, 0.225861, 0.417521, 0.299669
0.308437, 0.716743, -0.717391, -0.159859
0.308570, 0.866360, -0.850295, -0.112020
0.308604, 0.175119, 0.424354, 0.233952
0.308641, 0.425675, 0.371842, 0.537747
0.308777, 0.369786, 0.388708, 0.475452
0.308778, 0.467146, 0.356579, 0.580255
0.308831, 0.525043, 0.329547, 0.633378
0.308843, 0.188461, 0.423005, 0.251284
0.308986, 0.969151, -0.872602, -0.027082
0.309070, 0.161331, 0.426623, 0.215903
0.309221, 0.019762, 0.435288, 0.026669
0.309410, 0.201689, 0.422366, 0.268553
0.309829, 0.764021, -0.786171, -0.170660
0.309869, 0.147060, 0.428882, 0.196936
0.310069, 0.214459, 0.421355, 0.284853
0.310101, 0.455889, 0.362396, 0.568512
0.310138, 0.684003, 0.187793, 0.693777
0.310318, 0.336156, 0.398871, 0.435649
0.310492, 0.053106, 0.435956, 0.071562
0.310511, 0.513014, 0.337291, 0.622238
0.310674, 0.576415, 0.298224, 0.669591
0.310806, 0.324038, 0.402306, 0.421149
0.311093, 0.132690, 0.431935, 0.177895
0.311301, 0.889012, -0.855796, -0.095399
0.311340, 0.704159, -0.742309, -0.204710
0.311401, 0.742562, -0.761389, -0.174432
0.311485, 0.312031, 0.405822, 0.406601
0.311520, 0.445371, 0.367819, 0.557153
0.311701, 0.589414, 0.288557, 0.676063
0.311800, 1.000000, -0.871279, 0.000000
0.312197, 0.602678, 0.277526, 0.681941
0.312311, 0.085725, 0.436615, 0.115185
0.312554, 0.854949, -0.842914, -0.122041
0.312788, 0.672506, 0.295554, 0.790398
0.312876, 0.392433, 0.387067, 0.500096
0.313081, 0.979954, -0.869560, -0.017826
0.313128, 0.821146, -0.826524, -0.145550
0.313367, 0.946117, -0.866249, -0.047723
0.313411, 0.243997, 0.420743, 0.321796
0.313662, 0.414199, 0.380894, 0.523423
0.313779, 0.775323, -0.794832, -0.169867
0.313875, 0.097125, 0.437856, 0.130265
0.314065, 0.798307, -0.811952, -0.159770
0.314287, 0.500417, 0.346951, 0.609274
0.314537, 0.031108, 0.441817, 0.041859
0.314719, 0.256296, 0.420324, 0.337034
0.314871, 0.064938, 0.441049, 0.087247
0.315342, 0.359521, 0.398963, 0.461786
0.315757, 0.009950, 0.443537, 0.013387
0.315814, 0.346788, 0.402896, 0.446979
0.316004, 0.877027, -0.848404, -0.106293
0.316300, 0.900481, -0.854974, -0.087308
0.316350, 0.843427, -0.835393, -0.131967
0.316452, 0.661223, 0.198185, 0.673508
0.316538, 0.268175, 0.420656, 0.351695
0.316654, 0.487753, 0.355138, 0.596483
0.316693, 0.637747, 0.239784, 0.684725
0.316736, 0.435883, 0.376802, 0.545626
0.316905, 0.624826, 0.255761, 0.683438
0.316997, 0.380442, 0.395053, 0.485191
0.317285, 0.109482, 0.442168, 0.146681
0.317292, 0.546051, 0.323682, 0.644648
0.317412, 0.300669, 0.415357, 0.391491
0.317434, 0.753384, -0.773834, -0.180685
0.317602, 0.733876, -0.752664, -0.184536
0.317681, 0.558719, 0.315448, 0.653213
0.317924, 0.722216, -0.736366, -0.183734
0.317936, 0.810076, -0.817198, -0.155003
0.317969, 0.233472, 0.428292, 0.307831
0.318349, 0.921382, -0.857663, -0.070014
0.318382, 0.612943, 0.269180, 0.679093
0.318404, 0.402638, 0.389990, 0.509586
0.318493, 0.648836, 0.223864, 0.680982
0.318972, 0.042697, 0.447430, 0.057328
0.318987, 0.169484, 0.438501, 0.225486
0.319005, 0.958145, -0.862302, -0.037737
0.319008, 0.279605, 0.421614, 0.365425
0.319165, 0.533215, 0.333080, 0.633868
0.319297, 0.474198, 0.363828, 0.582601
0.319408, 0.990222, -0.864295, -0.008856
0.319468, 0.182614, 0.437450, 0.242440
0.319513, 0.933671, -0.859159, -0.059472
0.319556, 0.694498, -0.858422, -0.345050
0.319579, 0.155838, 0.440612, 0.207527
0.319620, 0.121649, 0.443602, 0.162453
0.319860, 0.195776, 0.436184, 0.259367
0.319917, 0.787394, -0.801271, -0.169237
0.320304, 0.076270, 0.447889, 0.102206
0.320420, 0.709205, -0.697461, -0.164168
0.320625, 0.290124, 0.421464, 0.377973
0.320750, 0.209192, 0.435847, 0.276696
0.320826, 0.333455, 0.412059, 0.430044
0.320851, 0.831786, -0.826849, -0.142190
0.320852, 0.521182, 0.341479, 0.623381
0.320924, 0.142911, 0.443492, 0.190379
0.320987, 0.461392, 0.371045, 0.569619
0.321100, 0.865353, -0.840346, -0.117212
0.321245, 0.424958, 0.385319, 0.532289
0.321416, 0.569412, 0.309729, 0.657023
0.321974, 0.368963, 0.404109, 0.470930
0.322131, 0.969762, -0.860972, -0.027474
0.322156, 0.582082, 0.299769, 0.663249
0.322174, 0.222524, 0.435477, 0.293375
0.322279, 0.320945, 0.416713, 0.414816
0.322294, 0.765672, -0.783306, -0.180864
0.322300, 0.682139, -0.508277, -0.020847
0.322457, 0.910683, -0.852207, -0.080038
0.322620, 0.000000, 0.453037, 0.000000
0.322627, 0.020842, 0.452906, 0.027944
0.322891, 0.509032, 0.349947, 0.612224
0.322902, 0.594930, 0.288425, 0.668271
0.323050, 0.887924, -0.845973, -0.099521
0.323150, 0.054501, 0.452456, 0.072979
0.323211, 0.448693, 0.378506, 0.556247
0.324051, 0.246988, 0.433748, 0.323928
0.324124, 0.088699, 0.451896, 0.118485
0.324155, 0.132524, 0.448774, 0.176496
0.325132, 0.853673, -0.832938, -0.127843
0.325261, 0.946083, -0.855887, -0.049237
0.325267, 0.309474, 0.422930, 0.400430
0.325455, 0.669935, 0.049530, 0.516868
0.325745, 0.799327, -0.805822, -0.166332
0.325882, 0.496157, 0.359296, 0.599454
0.325899, 0.355375, 0.412335, 0.454265
0.325958, 0.390625, 0.401858, 0.493632
0.326078, 0.413826, 0.394548, 0.519085
0.326083, 0.743440, -0.760916, -0.191114
0.326162, 0.820894, -0.817688, -0.152463
0.326417, 0.259799, 0.434319, 0.339411
0.326493, 0.606156, 0.278294, 0.668284
0.326505, 0.631734, 0.245774, 0.669773
0.326597, 0.100976, 0.454156, 0.134543
0.326671, 1.000000, -0.857770, 0.000000
0.326821, 0.777891, -0.790804, -0.178664
0.327515, 0.980432, -0.856577, -0.018055
0.327539, 0.032226, 0.458793, 0.043081
0.327665, 0.066453, 0.457569, 0.088696
0.327751, 0.553616, 0.325488, 0.642323
0.328042, 0.343196, 0.418039, 0.439600
0.328045, 0.483121, 0.367808, 0.586796
0.328105, 0.657080, 0.256688, 0.712633
0.328499, 0.436437, 0.388557, 0.541473
0.328639, 0.729714, -0.746647, -0.197755
0.328653, 0.876061, -0.837828, -0.110950
0.328822, 0.841753, -0.825462, -0.138410
0.328873, 0.898314, -0.843800, -0.092163
0.328954, 0.272165, 0.435193, 0.354288
0.329068, 0.619769, 0.262807, 0.667352
0.329117, 0.541415, 0.335042, 0.633315
0.329121, 0.236220, 0.441950, 0.309569
0.329322, 0.163693, 0.452241, 0.216712
0.329356, 0.716501, -0.723328, -0.192198
0.329394, 0.378337, 0.409774, 0.479368
0.329557, 0.402360, 0.402031, 0.505338
0.329681, 0.644046, 0.227531, 0.663447
0.329710, 0.010591, 0.461862, 0.014151
0.329917, 0.702221, -0.729648, -0.217863
0.330029, 0.756049, -0.771903, -0.191014
0.330128, 0.922605, -0.847575, -0.071042
0.330191, 0.176433, 0.452016, 0.233190
0.330287, 0.810664, -0.809472, -0.161427
0.330331, 0.297459, 0.431781, 0.384930
0.330442, 0.113058, 0.458992, 0.150429
0.330618, 0.189237, 0.450831, 0.249584
0.330714, 0.958656, -0.851935, -0.038352
0.330756, 0.470315, 0.376413, 0.573794
0.330919, 0.150190, 0.455444, 0.198846
0.330972, 0.202024, 0.449382, 0.265852
0.331181, 0.529833, 0.344120, 0.623671
0.331632, 0.043998, 0.463885, 0.058694
0.332008, 0.330710, 0.425882, 0.424042
0.332245, 0.935153, -0.848201, -0.060014
0.332266, 0.215119, 0.449470, 0.282542
0.332381, 0.284625, 0.436854, 0.368837
0.332394, 0.690069, -0.655514, -0.163236
0.332674, 0.790143, -0.795882, -0.175989
0.332677, 0.079011, 0.463955, 0.105224
0.332696, 0.517509, 0.353002, 0.613364
0.332739, 0.124266, 0.460273, 0.164791
0.332747, 0.563257, 0.320960, 0.644316
0.332895, 0.457933, 0.384049, 0.561076
0.333061, 0.575485, 0.310711, 0.650323
0.333383, 0.364852, 0.418192, 0.462935
0.333447, 0.424230, 0.398474, 0.527262
0.333645, 0.864521, -0.830013, -0.122052
0.333677, 0.587880, 0.299426, 0.654995
0.334062, 0.829605, -0.816215, -0.149712
0.334311, 0.990254, -0.850596, -0.009146
0.334533, 0.908669, -0.841321, -0.084281
0.334646, 0.318660, 0.431945, 0.409179
0.334688, 0.504896, 0.361996, 0.602030
0.334690, 0.768721, -0.780042, -0.189032
0.334739, 0.678240, -0.792383, -0.318223
0.334922, 0.249618, 0.446902, 0.325388
0.334993, 0.138638, 0.462296, 0.183558
0.335515, 0.227383, 0.451372, 0.297384
0.335570, 0.886591, -0.835046, -0.103947
0.335592, 0.056436, 0.468544, 0.075087
0.335631, 0.970114, -0.848684, -0.028040
0.335810, 0.091513, 0.466780, 0.121480
0.336090, 0.021788, 0.470438, 0.029013
0.336185, 0.599377, 0.288183, 0.655871
0.336220, 0.446448, 0.392189, 0.548292
0.336431, 0.000000, 0.471071, 0.000000
0.336922, 0.632884, 0.246743, 0.657983
0.337219, 0.491799, 0.371422, 0.589691
0.337353, 0.665524, -0.410173, 0.035584
0.337363, 0.852869, -0.822947, -0.132927
0.337442, 0.947840, -0.844947, -0.049050
0.337504, 0.352076, 0.426471, 0.447197
0.337907, 0.736722, -0.751322, -0.205044
0.338143, 0.261875, 0.448416, 0.339834
0.338282, 0.611458, 0.274257, 0.655304
0.338288, 0.802719, -0.799684, -0.171161
0.338295, 0.307039, 0.439170, 0.394632
0.338462, 0.411784, 0.408189, 0.512206
0.338587, 0.386300, 0.417405, 0.485227
0.338934, 0.397847, 0.413722, 0.497363
0.339070, 0.549536, 0.335505, 0.631166
0.339134, 0.748197, -0.761163, -0.201592
0.339249, 0.104047, 0.470316, 0.137714
0.339335, 0.723144, -0.735200, -0.208198
0.339473, 0.652705, 0.368435, 0.797135
0.339660, 0.709764, -0.723338, -0.214094
0.339682, 0.781015, -0.785740, -0.185650
0.339811, 0.068853, 0.473102, 0.091302
0.339874, 0.159041, 0.465897, 0.209368
0.339911, 0.479264, 0.380326, 0.577401
0.340221, 0.817180, -0.805786, -0.161826
0.340318, 0.033363, 0.475428, 0.044307
0.340515, 0.340502, 0.433194, 0.433184
0.340582, 0.840991, -0.815974, -0.143659
0.340732, 0.273840, 0.449160, 0.353952
0.340771, 0.623360, 0.258121, 0.651745
0.340849, 0.373724, 0.423831, 0.470556
0.340924, 0.435184, 0.401683, 0.535339
0.341185, 0.170643, 0.466649, 0.224350
0.341462, 0.240051, 0.456724, 0.312311
0.341481, 1.000000, -0.843982, 0.000000
0.341634, 0.182873, 0.465737, 0.240032
0.341657, 0.875213, -0.826575, -0.115424
0.341664, 0.916703, -0.836172, -0.078426
0.341861, 0.897077, -0.832074, -0.096242
0.342019, 0.538683, 0.345347, 0.622155
0.342059, 0.980272, -0.843004, -0.018812
0.342118, 0.195137, 0.464587, 0.255582
0.342202, 0.295266, 0.446358, 0.379545
0.342280, 0.207387, 0.462721, 0.270983
0.342371, 0.697419, -0.695402, -0.205766
0.342480, 0.526508, 0.354418, 0.613628
0.342597, 0.466670, 0.389037, 0.564642
0.342779, 0.760364, -0.769462, -0.199171
0.342793, 0.128356, 0.472905, 0.169283
0.343008, 0.642014, 0.257122, 0.671751
0.343095, 0.927463, -0.836680, -0.068691
0.343263, 0.011237, 0.479609, 0.014914
0.343451, 0.959673, -0.840301, -0.038484
0.343610, 0.327969, 0.440053, 0.417799
0.343641, 0.046546, 0.479293, 0.061696
0.344149, 0.513585, 0.364140, 0.603074
0.344172, 0.148910, 0.472920, 0.195959
0.344428, 0.116165, 0.476585, 0.153346
0.344434, 0.569634, 0.320862, 0.636918
0.344501, 0.558210, 0.331311, 0.631459
0.344651, 0.581848, 0.308745, 0.641247
0.344748, 0.220002, 0.464213, 0.286708
0.345143, 0.081365, 0.479981, 0.107643
0.345191, 0.285200, 0.452141, 0.366773
0.345212, 0.793255, -0.789660, -0.181251
0.345236, 0.424165, 0.410414, 0.522337
0.345247, 0.938488, -0.836570, -0.058695
0.345547, 0.360910, 0.432884, 0.454715
0.345573, 0.685222, -0.711812, -0.242371
0.345751, 0.454887, 0.397563, 0.552109
0.345936, 0.828732, -0.806723, -0.155440
0.346068, 0.500533, 0.373727, 0.591810
0.346253, 0.863859, -0.819244, -0.126562
0.346433, 0.593838, 0.295739, 0.642124
0.346494, 0.673453, -0.585924, -0.133793
0.347037, 0.252170, 0.461415, 0.326357
0.347184, 0.315440, 0.447595, 0.402387
0.347331, 0.093217, 0.481396, 0.122955
0.347466, 0.772589, -0.775618, -0.195616
0.348008, 0.058824, 0.484474, 0.077743
0.348463, 0.885872, -0.823600, -0.107795
0.348536, 0.138203, 0.479440, 0.181603
0.348597, 0.906312, -0.827953, -0.089223
0.348626, 0.605922, 0.279943, 0.639738
0.348780, 0.659661, -0.869176, -0.440125
0.348812, 0.730157, -0.740733, -0.216658
0.348972, 0.232129, 0.467250, 0.301056
0.349030, 0.990131, -0.836669, -0.009560
0.349088, 0.806679, -0.794141, -0.173711
0.349155, 0.488151, 0.383371, 0.579937
0.349398, 0.852350, -0.812758, -0.137484
0.349472, 0.403495, 0.422828, 0.499500
0.349607, 0.022863, 0.487552, 0.030208
0.349726, 0.443705, 0.406564, 0.539788
0.349797, 0.970025, -0.835269, -0.028996
0.349860, 0.000000, 0.488407, 0.000000
0.350067, 0.716788, -0.727447, -0.222529
0.350175, 0.414535, 0.419287, 0.510585
0.350187, 0.264388, 0.462706, 0.340617
0.350330, 0.350235, 0.441639, 0.441515
0.350418, 0.391781, 0.428239, 0.487019
0.350467, 0.618583, 0.259821, 0.634196
0.350583, 0.741565, -0.750563, -0.214292
0.350601, 0.632439, 0.254478, 0.647708
0.350638, 0.949762, -0.832698, -0.048621
0.350846, 0.380541, 0.432498, 0.474681
0.351334, 0.303116, 0.455287, 0.386699
0.351453, 0.161732, 0.480447, 0.211573
0.351580, 0.037162, 0.489611, 0.049043
0.351600, 0.105624, 0.485937, 0.138843
0.351723, 0.475332, 0.392674, 0.567570
0.351820, 0.070995, 0.488358, 0.093515
0.351845, 0.840411, -0.806535, -0.148335
0.351893, 0.752746, -0.758909, -0.209711
0.352080, 0.705447, -0.712377, -0.224750
0.352216, 0.337954, 0.447225, 0.426940
0.352456, 0.175179, 0.480311, 0.228760
0.352639, 0.368829, 0.438270, 0.461273
0.352799, 0.784342, -0.779337, -0.191411
0.352937, 0.647261, -0.202438, 0.198973
0.352979, 0.547966, 0.344182, 0.618686
0.353035, 0.277002, 0.463265, 0.355159
0.353198, 0.817931, -0.796367, -0.166986
0.353231, 0.522666, 0.364386, 0.603320
0.353271, 0.187725, 0.479656, 0.244629
0.353351, 0.535328, 0.354869, 0.611279
0.353720, 0.211637, 0.476170, 0.274506
0.353821, 0.199843, 0.478541, 0.259849
0.353873, 0.917692, -0.825025, -0.079596
0.354274, 0.432662, 0.415807, 0.526935
0.354614, 0.126103, 0.488633, 0.165381
0.354767, 0.692901, -0.700976, -0.233258
0.354905, 0.874333, -0.814716, -0.119797
0.355009, 0.325388, 0.454037, 0.411872
0.355150, 0.463168, 0.402075, 0.555031
0.355197, 0.508987, 0.375260, 0.592372
0.355306, 0.243193, 0.473206, 0.313704
0.355388, 0.574396, 0.319842, 0.627333
0.355563, 0.560886, 0.333588, 0.622273
0.355666, 0.764674, -0.765197, -0.205706
0.355869, 0.896060, -0.819214, -0.100225
0.355996, 0.929157, -0.824811, -0.068965
0.356137, 1.000000, -0.829930, 0.000000
0.356187, 0.291553, 0.464033, 0.372056
0.356333, 0.049243, 0.495528, 0.064817
0.356393, 0.011137, 0.496461, 0.014667
0.356451, 0.148832, 0.488390, 0.194488
0.356557, 0.980080, -0.829083, -0.019566
0.356622, 0.587179, 0.305633, 0.628935
0.356741, 0.669302, -0.670729, -0.237132
0.357196, 0.224540, 0.478719, 0.290243
0.357263, 0.797132, -0.783245, -0.184768
0.357434, 0.959591, -0.826938, -0.039668
0.357999, 0.939656, -0.824437, -0.059146
0.358225, 0.082994, 0.496432, 0.108963
0.358247, 0.094478, 0.495416, 0.123899
0.358297, 0.828876, -0.796771, -0.160256
0.358318, 0.497237, 0.385111, 0.581554
0.358800, 0.115172, 0.494739, 0.150780
0.358867, 0.680463, -0.674949, -0.229270
0.358928, 0.599043, 0.289437, 0.625773
0.358934, 0.863142, -0.807957, -0.130950
0.359075, 0.451591, 0.411547, 0.542683
0.359213, 0.422165, 0.425276, 0.514588
0.359249, 0.724203, -0.731363, -0.228654
0.359394, 0.312947, 0.462115, 0.396095
0.359624, 0.254841, 0.476208, 0.327158
0.359815, 0.029891, 0.500547, 0.039274
0.360149, 0.359661, 0.449592, 0.448902
0.360285, 0.611786, 0.269104, 0.620996
0.360572, 0.484020, 0.395104, 0.569716
0.360704, 0.137502, 0.494891, 0.179449
0.360735, 0.060833, 0.500610, 0.079814
0.360944, 0.775595, -0.768813, -0.201857
0.360984, 0.624787, 0.319997, 0.688409
0.361113, 0.658164, -0.673799, -0.260929
0.361151, 0.851374, -0.802285, -0.142128
0.361289, 0.884524, -0.811600, -0.112060
0.361374, 0.409679, 0.432680, 0.501249
0.361378, 0.397853, 0.437456, 0.489280
0.361439, 0.637487, 0.023625, 0.399742
0.361599, 0.907821, -0.816193, -0.090240
0.361659, 0.735210, -0.740066, -0.225924
0.361773, 0.267655, 0.476035, 0.342192
0.361867, 0.347147, 0.455417, 0.434486
0.362144, 0.808971, -0.785241, -0.177988
0.362145, 0.385658, 0.442759, 0.476153
0.362731, 0.373402, 0.447792, 0.462960
0.362854, 0.158202, 0.495386, 0.205759
0.362859, 0.169914, 0.493779, 0.220609
0.363156, 0.839906, -0.796666, -0.152754
0.363326, 0.280977, 0.474645, 0.357625
0.363331, 0.000000, 0.505523, 0.000000
0.363358, 0.517341, 0.374873, 0.592252
0.363413, 0.440480, 0.420932, 0.530172
0.363413, 0.702536, -0.708201, -0.239024
0.363480, 0.235070, 0.484700, 0.302206
0.363526, 0.746544, -0.747762, -0.221604
0.363556, 0.714030, -0.720165, -0.236434
0.363611, 0.990002, -0.822471, -0.009962
0.363632, 0.072187, 0.503461, 0.094464
0.363786, 0.334587, 0.461404, 0.419862
0.364007, 0.969792, -0.821447, -0.030049
0.364065, 0.471648, 0.405149, 0.557482
0.364313, 0.757100, -0.754805, -0.215957
0.364457, 0.182001, 0.494536, 0.235852
0.364471, 0.529728, 0.365714, 0.598895
0.364472, 0.019974, 0.506637, 0.026188
0.364516, 0.948388, -0.819135, -0.051310
0.364524, 0.302942, 0.470986, 0.383386
0.364616, 0.215459, 0.489080, 0.277542
0.364666, 0.541911, 0.355236, 0.605114
0.364948, 0.103482, 0.503173, 0.135063
0.365018, 0.041306, 0.506835, 0.054109
0.365299, 0.567434, 0.329975, 0.614204
0.365303, 0.787977, -0.772457, -0.195545
0.365433, 0.193422, 0.493911, 0.250035
0.365646, 0.648360, -0.762537, -0.368730
0.365921, 0.204508, 0.492812, 0.263834
0.365955, 0.921515, -0.814336, -0.077829
0.365970, 0.553858, 0.344527, 0.609103
0.366445, 0.581018, 0.311758, 0.613169
0.366484, 0.321980, 0.467800, 0.404567
0.366799, 0.820337, -0.786355, -0.170677
0.366806, 0.689845, -0.692981, -0.245221
0.367462, 0.125174, 0.504666, 0.162878
0.368079, 0.459645, 0.415323, 0.545102
0.368180, 0.506441, 0.386013, 0.581425
0.368232, 0.429728, 0.430630, 0.517881
0.368261, 0.668805, -0.664670, -0.246960
0.368707, 0.896786, -0.807479, -0.102159
0.368717, 0.872060, -0.801659, -0.125416
0.369082, 0.492857, 0.396065, 0.571103
0.369325, 0.292449, 0.479037, 0.369802
0.369515, 0.246089, 0.489761, 0.314427
0.369580, 0.934363, -0.812468, -0.065675
0.369678, 0.592540, 0.294007, 0.606843
0.369783, 0.090841, 0.510781, 0.118461
0.369797, 0.766658, -0.757185, -0.213099
0.369858, 0.053087, 0.512876, 0.069355
0.370246, 0.605301, 0.278786, 0.608122
0.370311, 0.148988, 0.505771, 0.193128
0.370335, 0.800072, -0.774651, -0.188704
0.370643, 1.000000, -0.815629, 0.000000
0.370811, 0.010204, 0.514875, 0.013339
0.370876, 0.224804, 0.495257, 0.288083
0.370891, 0.958767, -0.813703, -0.041510
0.370967, 0.979825, -0.814866, -0.020355
0.371142, 0.417449, 0.439037, 0.504768
0.371173, 0.858943, -0.795742, -0.138235
0.371259, 0.726237, -0.727779, -0.238006
0.371278, 0.258945, 0.489248, 0.329645
0.371468, 0.832073, -0.786753, -0.162414
0.371470, 0.137019, 0.508599, 0.177738
0.371593, 0.618088, 0.380181, 0.721782
0.371864, 0.112227, 0.511208, 0.145787
0.371999, 0.354724, 0.464139, 0.439582
0.372022, 0.631003, -0.399131, -0.045590
0.372107, 0.366717, 0.460095, 0.452437
0.372263, 0.884566, -0.801181, -0.114523
0.372368, 0.079121, 0.514617, 0.103056
0.372447, 0.030894, 0.516867, 0.040312
0.372561, 0.404736, 0.446000, 0.491706
0.372645, 0.448086, 0.425511, 0.532442
0.372674, 0.480477, 0.406740, 0.559373
0.372777, 0.679342, -0.678681, -0.252646
0.372857, 0.910937, -0.805920, -0.089173
0.372881, 0.392398, 0.451325, 0.479038
0.373028, 0.271444, 0.488480, 0.344172
0.373194, 0.845912, -0.789836, -0.150726
0.373295, 0.342034, 0.469721, 0.425271
0.373345, 0.778482, -0.761613, -0.206587
0.373391, 0.379822, 0.456771, 0.465916
0.373516, 0.740088, -0.737557, -0.232163
0.373670, 0.162755, 0.508564, 0.210292
0.373785, 0.313376, 0.478770, 0.392898
0.373915, 0.519823, 0.379153, 0.585274
0.373990, 0.065503, 0.516996, 0.085240
0.374061, 0.699942, -0.702553, -0.250975
0.374576, 0.657330, -0.647331, -0.253450
0.374649, 0.175749, 0.507585, 0.226384
0.374841, 0.642803, -0.670813, -0.296476
0.375027, 0.712093, -0.713836, -0.247333
0.375055, 0.328642, 0.475710, 0.409756
0.375220, 0.282646, 0.488293, 0.356827
0.375550, 0.811971, -0.775623, -0.181165
0.375610, 0.575890, 0.324273, 0.605904
0.375963, 0.754063, -0.745296, -0.225313
0.376026, 0.532331, 0.369375, 0.590001
0.376194, 0.564315, 0.335142, 0.600029
0.376215, 0.946115, -0.807508, -0.054707
0.376548, 0.212966, 0.504485, 0.272588
0.376586, 0.468257, 0.417439, 0.547350
0.376732, 0.543136, 0.359200, 0.593917
0.376855, 0.234083, 0.500854, 0.298365
0.376914, 0.188749, 0.509156, 0.242583
0.377209, 0.000000, 0.523362, 0.000000
0.377409, 0.437240, 0.435447, 0.520343
0.377538, 0.301549, 0.486194, 0.378268
0.377734, 0.042378, 0.523019, 0.055107
0.377806, 0.200410, 0.508211, 0.256886
0.377911, 0.100656, 0.520118, 0.130491
0.377948, 0.969195, -0.807553, -0.031419
0.377994, 0.790693, -0.764037, -0.199640
0.378063, 0.989793, -0.808032, -0.010434
0.378085, 0.923105, -0.802800, -0.077965
0.378218, 0.553890, 0.348112, 0.595764
0.378353, 0.500452, 0.397097, 0.569772
0.378522, 0.020931, 0.524627, 0.027223
0.379097, 0.120034, 0.519797, 0.155196
0.379914, 0.901423, -0.797344, -0.099733
0.379929, 0.823985, -0.776525, -0.172477
0.380076, 0.689290, -0.689433, -0.259949
0.380482, 0.586432, 0.313216, 0.602764
0.380697, 0.425215, 0.444476, 0.507666
0.380736, 0.668941, -0.664380, -0.263025
0.380814, 0.599670, 0.351636, 0.658827
0.380959, 0.130991, 0.521228, 0.169031
0.381090, 0.456195, 0.428293, 0.534732
0.381195, 0.864710, -0.788052, -0.135512
0.381199, 0.511361, 0.390212, 0.574299
0.381341, 0.767414, -0.749491, -0.218996
0.381426, 0.489272, 0.407271, 0.559927
0.381489, 0.876888, -0.790833, -0.123924
0.381622, 0.253960, 0.502610, 0.321392
0.381762, 0.721644, -0.718546, -0.248564
0.382041, 0.611303, 0.229596, 0.545676
0.382131, 0.087741, 0.526624, 0.113605
0.382275, 0.143567, 0.521548, 0.184936
0.382278, 0.890485, -0.792826, -0.110916
0.382294, 0.053637, 0.528554, 0.069544
0.382330, 0.242650, 0.505829, 0.307702
0.382484, 0.837354, -0.778828, -0.161350
0.382555, 0.412368, 0.452370, 0.494712
0.382590, 0.155388, 0.520306, 0.199772
0.382629, 0.624511, -0.731349, -0.396889
0.382742, 0.934796, -0.799678, -0.066776
0.382849, 0.851527, -0.782793, -0.148400
0.383260, 0.733166, -0.726484, -0.243069
0.383324, 0.803025, -0.765317, -0.191882
0.383362, 0.266160, 0.501970, 0.335562
0.383387, 0.361684, 0.473944, 0.443103
0.383433, 0.349415, 0.478359, 0.430009
0.383601, 0.957717, -0.800950, -0.043520
0.383655, 0.373920, 0.469566, 0.455736
0.383658, 0.399479, 0.459178, 0.481638
0.383784, 0.290634, 0.496419, 0.364113
0.383815, 0.222929, 0.511540, 0.283523
0.383955, 0.322146, 0.487612, 0.399805
0.383968, 0.336447, 0.483254, 0.415725
0.384039, 0.386810, 0.464938, 0.468883
0.384436, 0.075845, 0.529971, 0.098084
0.384513, 0.649274, -0.653781, -0.283887
0.384624, 0.010853, 0.532464, 0.014075
0.384670, 0.168622, 0.521506, 0.216255
0.384780, 0.635640, -0.562691, -0.212222
0.384868, 0.745507, -0.734031, -0.236309
0.384872, 0.702262, -0.700690, -0.260315
0.384952, 1.000000, -0.801175, 0.000000
0.384962, 0.477325, 0.418081, 0.548953
0.385059, 0.780123, -0.753493, -0.211215
0.385190, 0.979239, -0.800489, -0.021458
0.385452, 0.032601, 0.533469, 0.042221
0.385478, 0.524433, 0.380654, 0.577179
0.385531, 0.064200, 0.531772, 0.082993
0.385870, 0.278015, 0.502084, 0.348934
0.385879, 0.911838, -0.793265, -0.090345
0.385942, 0.181881, 0.520539, 0.232407
0.386240, 0.109962, 0.529276, 0.141624
0.386510, 0.310267, 0.493892, 0.385684
0.386650, 0.444876, 0.439438, 0.522077
0.386682, 0.573955, 0.308561, 0.572380
0.386753, 0.679040, -0.676294, -0.269267
0.387548, 0.208998, 0.518602, 0.265825
0.387890, 0.659678, -0.650101, -0.270850
0.388382, 0.758010, -0.739040, -0.229767
0.388503, 0.562274, 0.339443, 0.584524
0.388598, 0.815733, -0.765899, -0.182891
0.388667, 0.946399, -0.794895, -0.055578
0.388904, 0.548445, 0.357141, 0.582305
0.389042, 0.465163, 0.429228, 0.537071
0.389079, 0.536326, 0.370154, 0.578282
0.389137, 0.712951, -0.707747, -0.258611
0.389641, 0.195748, 0.523724, 0.249300
0.389913, 0.096038, 0.535769, 0.123676
0.390057, 0.500505, 0.404226, 0.560551
0.390129, 0.792935, -0.755134, -0.203211
0.390264, 0.433062, 0.449082, 0.509826
0.390316, 0.594654, 0.245039, 0.532446
0.390564, 0.000000, 0.540412, 0.000000
0.390681, 0.923763, -0.790267, -0.078980
0.390871, 0.299222, 0.502165, 0.372048
0.390928, 0.044581, 0.539677, 0.057513
0.390940, 0.122593, 0.534514, 0.157365
0.391166, 0.232873, 0.518356, 0.294124
0.391745, 0.968278, -0.793491, -0.033099
0.391795, 0.828675, -0.767572, -0.172281
0.391814, 0.692144, -0.688291, -0.270557
0.392067, 0.618582, -0.659416, -0.342896
0.392072, 0.022564, 0.541805, 0.029110
0.392229, 0.420042, 0.457666, 0.497162
0.392252, 0.989310, -0.793526, -0.011182
0.392319, 0.884482, -0.781981, -0.118823
0.392443, 0.870720, -0.778772, -0.132442
0.392452, 0.513783, 0.394213, 0.565820
0.392492, 0.899212, -0.784550, -0.104152
0.392533, 0.135448, 0.535187, 0.173458
0.392632, 0.843076, -0.771283, -0.159110
0.392699, 0.857324, -0.775158, -0.145538
0.392757, 0.488062, 0.415728, 0.550758
0.392966, 0.246942, 0.517652, 0.310659
0.393497, 0.259911, 0.515159, 0.325748
0.393686, 0.583532, 0.257166, 0.524312
0.393726, 0.330823, 0.495590, 0.406281
0.393735, 0.406925, 0.465477, 0.484200
0.393745, 0.148184, 0.535300, 0.189431
0.393851, 0.770507, -0.741551, -0.223085
0.393917, 0.725027, -0.714021, -0.255508
0.394098, 0.606515, -0.189876, 0.102297
0.394120, 0.643188, -0.619178, -0.270749
0.394297, 0.453733, 0.440455, 0.524809
0.394309, 0.160627, 0.534103, 0.204839
0.394363, 0.343809, 0.492046, 0.420225
0.394571, 0.356225, 0.487777, 0.433293
0.394649, 0.393927, 0.472363, 0.471347
0.394736, 0.368565, 0.483171, 0.445989
0.394776, 0.381064, 0.477998, 0.458521
0.394874, 0.668738, -0.662154, -0.280029
0.394970, 0.218736, 0.525828, 0.276367
0.395238, 0.083563, 0.543067, 0.107309
0.395342, 0.736747, -0.721106, -0.248759
0.395480, 0.806342, -0.756140, -0.193811
0.395699, 0.173550, 0.534327, 0.220835
0.395845, 0.934903, -0.786358, -0.068108
0.395868, 0.272331, 0.515133, 0.339832
0.395873, 0.056733, 0.545827, 0.072970
0.396082, 0.069442, 0.544715, 0.089160
0.396116, 0.318535, 0.502029, 0.391998
0.396247, 0.285562, 0.511932, 0.354920
0.396297, 0.630278, -0.612330, -0.284609
0.396587, 0.186547, 0.532846, 0.236556
0.396622, 0.748578, -0.727602, -0.241237
0.396706, 0.475497, 0.427843, 0.539419
0.396810, 0.957296, -0.787283, -0.044895
0.396820, 0.782038, -0.744791, -0.215118
0.397075, 0.105150, 0.543711, 0.134659
0.397507, 0.011981, 0.548837, 0.015421
0.397534, 0.703668, -0.695769, -0.270233
0.397571, 0.524692, 0.385535, 0.565291
0.397654, 0.913035, -0.781683, -0.090906
0.398150, 0.557135, 0.348229, 0.572654
0.398353, 0.682602, -0.676501, -0.280235
0.398411, 0.034663, 0.549866, 0.044539
0.398654, 0.654435, -0.645739, -0.288171
0.398790, 0.205202, 0.532948, 0.259234
0.398829, 0.571598, 0.346849, 0.590523
0.398917, 1.000000, -0.786799, 0.000000
0.399256, 0.978161, -0.785951, -0.023072
0.399893, 0.441133, 0.452691, 0.511199
0.400029, 0.115827, 0.546169, 0.147851
0.400152, 0.308528, 0.509887, 0.379844
0.400702, 0.545071, 0.359709, 0.563815
0.400738, 0.944758, -0.782192, -0.058355
0.400767, 0.761260, -0.731371, -0.233900
0.401005, 0.506610, 0.404525, 0.554048
0.401160, 0.819618, -0.756041, -0.183725
0.401555, 0.465247, 0.438281, 0.528666
0.401572, 0.795125, -0.746219, -0.206025
0.401573, 0.595425, 0.190289, 0.456686
0.401598, 0.295939, 0.515183, 0.365291
0.401684, 0.427737, 0.461919, 0.498919
0.401725, 0.715598, -0.702518, -0.266480
0.401944, 0.534941, 0.374994, 0.563031
0.401984, 0.834552, -0.759956, -0.169941
0.402229, 0.240065, 0.529872, 0.300372
0.402481, 0.495666, 0.415312, 0.547312
0.402704, 0.849060, -0.763375, -0.156145
0.402770, 0.128104, 0.548730, 0.163118
0.402796, 0.890151, -0.772656, -0.115115
0.402921, 0.094662, 0.552016, 0.120913
0.402943, 0.876861, -0.769782, -0.128622
0.402948, 0.618178, -0.602617, -0.300318
0.402992, 0.863223, -0.766651, -0.142282
0.403117, 0.227597, 0.533597, 0.285360
0.403233, 0.000000, 0.556081, 0.000000
0.403442, 0.414357, 0.470666, 0.486159
0.403603, 0.253703, 0.528602, 0.316253
0.403633, 0.047612, 0.555633, 0.060944
0.403747, 0.926194, -0.777213, -0.078105
0.404050, 0.902752, -0.773486, -0.102448
0.404095, 0.140825, 0.548917, 0.178906
0.404399, 0.483560, 0.426592, 0.538712
0.404825, 0.694221, -0.684074, -0.280941
0.404826, 0.401132, 0.478615, 0.473380
0.404835, 0.337983, 0.505038, 0.410178
0.404852, 0.641284, -0.624741, -0.293399
0.404958, 0.325800, 0.509359, 0.397110
0.405000, 0.074489, 0.555625, 0.095088
0.405031, 0.193918, 0.542158, 0.244320
0.405096, 0.153655, 0.548570, 0.194833
0.405331, 0.024227, 0.558125, 0.030983
0.405522, 0.388110, 0.485423, 0.460691
0.405527, 0.674125, -0.665092, -0.290133
0.405611, 0.350402, 0.501457, 0.423053
0.405640, 0.583833, 0.507962, 0.757999
0.405756, 0.166422, 0.547369, 0.210475
0.405758, 0.453253, 0.449692, 0.517045
0.405798, 0.362727, 0.496829, 0.435649
0.405808, 0.375273, 0.491557, 0.448181
0.405902, 0.265959, 0.528145, 0.329848
0.405954, 0.989118, -0.779229, -0.011625
0.406067, 0.966722, -0.778557, -0.035477
0.406185, 0.727905, -0.707878, -0.261590
0.406450, 0.179749, 0.546442, 0.226844
0.406731, 0.516076, 0.397195, 0.552097
0.406998, 0.606892, -0.690375, -0.408481
0.407207, 0.563020, 0.347651, 0.567679
0.407239, 0.806447, -0.745611, -0.197977
0.407257, 0.662969, -0.652956, -0.295252
0.407266, 0.216015, 0.540915, 0.270677
0.407288, 0.278363, 0.526554, 0.343769
0.407321, 0.783682, -0.736383, -0.218285
0.407397, 0.739336, -0.714039, -0.254162
0.407593, 0.771918, -0.731036, -0.228388
0.407705, 0.751312, -0.720636, -0.245252
0.408103, 0.061307, 0.560896, 0.078216
0.408558, 0.952327, -0.774547, -0.050984
0.408970, 0.629451, -0.608600, -0.298977
0.409188, 0.085222, 0.560274, 0.108442
0.409355, 0.010724, 0.563464, 0.013686
0.409522, 0.915918, -0.769714, -0.089556
0.409550, 0.106806, 0.559208, 0.135693
0.409926, 0.706243, -0.690647, -0.278146
0.410464, 0.289414, 0.526941, 0.355364
0.410605, 0.551039, 0.338471, 0.537088
0.410725, 0.037342, 0.565260, 0.047612
0.410786, 0.937746, -0.770934, -0.066668
0.410924, 0.316434, 0.519195, 0.385152
0.411109, 0.527280, 0.385441, 0.549981
0.411118, 0.474936, 0.437439, 0.527986
0.411131, 0.205655, 0.547478, 0.257483
0.411167, 0.303538, 0.523644, 0.370979
0.411587, 0.651532, -0.638493, -0.302211
0.411743, 0.433472, 0.466899, 0.497754
0.411763, 0.684951, -0.672599, -0.291286
0.411959, 0.828191, -0.748608, -0.179000
0.411996, 0.573879, 0.355296, 0.583544
0.412291, 0.119362, 0.561075, 0.151106
0.412307, 0.445147, 0.459904, 0.506499
0.412643, 0.841658, -0.751729, -0.166046
0.412720, 1.000000, -0.772243, 0.000000
0.412770, 0.978104, -0.771751, -0.023598
0.412866, 0.247089, 0.540593, 0.306207
0.412898, 0.855799, -0.755084, -0.152026
0.413038, 0.503669, 0.412737, 0.541161
0.413067, 0.462374, 0.448390, 0.518327
0.413206, 0.420900, 0.475540, 0.486458
0.413292, 0.233852, 0.544131, 0.290606
0.413294, 0.595490, -0.588383, -0.336194
0.413375, 0.816056, -0.743252, -0.191089
0.413505, 0.490081, 0.425869, 0.534450
0.413542, 0.869468, -0.757532, -0.138340
0.413820, 0.793694, -0.734693, -0.211997
0.413900, 0.718921, -0.696811, -0.272552
0.414040, 0.760652, -0.720248, -0.240906
0.414050, 0.882373, -0.759678, -0.125185
0.414081, 0.132740, 0.562151, 0.167664
0.414436, 0.539163, 0.372273, 0.548862
0.414724, 0.894250, -0.761060, -0.112972
0.414764, 0.407908, 0.484083, 0.474358
0.414992, 0.617908, -0.592433, -0.306978
0.415355, 0.330532, 0.518977, 0.398676
0.415387, 0.146009, 0.562138, 0.183974
0.415523, 0.905908, -0.761969, -0.100899
0.415537, 0.050452, 0.570293, 0.064064
0.415812, 0.259406, 0.541287, 0.319913
0.415987, 0.394890, 0.491959, 0.461994
0.416021, 0.097062, 0.568334, 0.122924
0.416031, 0.072722, 0.569788, 0.092210
0.416132, 0.343454, 0.514813, 0.411737
0.416293, 0.185270, 0.557370, 0.231975
0.416296, 0.159060, 0.561466, 0.199992
0.416381, 0.381832, 0.498835, 0.449767
0.416384, 0.019500, 0.572109, 0.024775
0.416491, 0.000000, 0.572410, 0.000000
0.416625, 0.959511, -0.766325, -0.043825
0.416705, 0.172042, 0.559845, 0.215766
0.416772, 0.368750, 0.505196, 0.437011
0.416865, 0.356190, 0.510607, 0.424481
0.416972, 0.926577, -0.763454, -0.079193
0.417026, 0.222742, 0.551031, 0.276724
0.417125, 0.673553, -0.659823, -0.301309
0.417129, 0.639910, -0.623349, -0.310636
0.417710, 0.197035, 0.556619, 0.245836
0.417901, 0.696257, -0.678316, -0.289913
0.418016, 0.746295, -0.709712, -0.254563
0.418274, 0.271462, 0.540790, 0.332934
0.418448, 0.781201, -0.725575, -0.225013
0.418550, 0.562070, 0.224279, 0.426953
0.418588, 0.584730, -0.331517, -0.101350
0.418669, 0.732691, -0.701752, -0.265490
0.418777, 0.516482, 0.400423, 0.538909
0.419399, 0.802835, -0.732858, -0.205577
0.419565, 0.029712, 0.575865, 0.037631
0.419648, 0.989066, -0.764618, -0.011906
0.419793, 0.606592, -0.574949, -0.311873
0.419836, 0.661964, -0.647516, -0.308308
0.420193, 0.946829, -0.762046, -0.057755
0.420493, 0.296460, 0.535921, 0.360203
0.420683, 0.282696, 0.540392, 0.344921
0.420933, 0.454109, 0.459874, 0.506962
0.420991, 0.084925, 0.574695, 0.107192
0.421086, 0.969170, -0.762512, -0.033570
0.421283, 0.769922, -0.718389, -0.236188
0.421641, 0.211724, 0.558978, 0.262812
0.421679, 0.309858, 0.533063, 0.374517
0.421696, 0.110401, 0.573683, 0.139038
0.421798, 0.481547, 0.437739, 0.522511
0.421853, 0.708082, -0.684160, -0.285109
0.421887, 0.628591, -0.607791, -0.317117
0.421932, 0.062051, 0.577954, 0.078430
0.422446, 0.468669, 0.449317, 0.514914
0.422452, 0.550270, 0.393130, 0.573977
0.422689, 0.241032, 0.553372, 0.296875
0.422744, 0.848996, -0.743620, -0.161261
0.422857, 0.440431, 0.470863, 0.495820
0.422875, 0.915247, -0.755553, -0.091979
0.422939, 0.322381, 0.529932, 0.387376
0.423106, 0.527439, 0.387097, 0.534984
0.423335, 0.009512, 0.580869, 0.012035
0.423389, 0.124421, 0.574169, 0.156241
0.423390, 0.834899, -0.739296, -0.175643
0.423495, 0.427493, 0.479903, 0.485575
0.423544, 0.495030, 0.425383, 0.526788
0.423653, 0.862716, -0.745768, -0.147422
0.424057, 0.685230, -0.666123, -0.300996
0.424070, 0.040847, 0.581581, 0.051592
0.424316, 0.823273, -0.734968, -0.187452
0.424349, 0.573480, -0.113381, 0.092159
0.424401, 0.650519, -0.634002, -0.316649
0.424509, 0.507009, 0.412305, 0.529279
0.424661, 0.414775, 0.488617, 0.474588
0.424788, 0.876066, -0.747396, -0.133781
0.424791, 0.721090, -0.690264, -0.277678
0.425039, 0.811803, -0.730448, -0.198904
0.425094, 0.138154, 0.574940, 0.173055
0.425136, 0.935778, -0.755699, -0.070146
0.425276, 0.756634, -0.708884, -0.249503
0.425406, 0.252747, 0.553653, 0.309724
0.425852, 0.595564, -0.561721, -0.322528
0.426041, 0.889024, -0.748431, -0.120363
0.426145, 0.401757, 0.497358, 0.462721
0.426191, 0.336188, 0.528195, 0.400560
0.426466, 1.000000, -0.757457, 0.000000
0.426467, 0.901612, -0.749850, -0.107051
0.426585, 0.151636, 0.575006, 0.189424
0.426676, 0.791136, -0.721969, -0.219048
0.426842, 0.388321, 0.505312, 0.450614
0.426886, 0.230546, 0.560714, 0.283736
0.427008, 0.375107, 0.512051, 0.438391
0.427079, 0.539033, 0.374238, 0.532934
0.427338, 0.978981, -0.755992, -0.023101
0.427361, 0.349216, 0.523906, 0.413107
0.427408, 0.164643, 0.574026, 0.205190
0.427503, 0.177416, 0.571911, 0.220563
0.427537, 0.617254, -0.591553, -0.324343
0.427663, 0.097319, 0.582407, 0.122216
0.427993, 0.362073, 0.519004, 0.425462
0.427999, 0.202364, 0.567833, 0.250296
0.428160, 0.073850, 0.584825, 0.092872
0.428172, 0.189477, 0.570783, 0.235000
0.428508, 0.264350, 0.554350, 0.322213
0.428543, 0.743275, -0.699545, -0.262284
0.428611, 0.672910, -0.653474, -0.311361
0.428714, 0.052083, 0.586417, 0.065528
0.428737, 0.957129, -0.753153, -0.047151
0.429312, 0.019938, 0.588320, 0.025118
0.429725, 0.639154, -0.619896, -0.325533
0.430079, 0.561984, 0.653259, 0.838745
0.430230, 0.289816, 0.548653, 0.349890
0.430493, 0.000000, 0.589946, 0.000000
0.430565, 0.696924, -0.670697, -0.298377
0.430601, 0.924294, -0.748562, -0.083141
0.430761, 0.779642, -0.713873, -0.231249
0.430950, 0.219997, 0.567945, 0.270584
0.431228, 0.584340, -0.509776, -0.292807
0.431462, 0.461497, 0.460532, 0.503167
0.431496, 0.732120, -0.691288, -0.272855
0.431584, 0.302671, 0.545886, 0.363365
0.431785, 0.275788, 0.554508, 0.333954
0.431961, 0.448351, 0.471344, 0.494621
0.432328, 0.841842, -0.732117, -0.170904
0.432335, 0.661074, -0.641157, -0.320223
0.432576, 0.515931, 0.400746, 0.519040
0.432601, 0.475322, 0.448683, 0.509341
0.432670, 0.801015, -0.719691, -0.211722
0.432727, 0.086786, 0.588780, 0.108610
0.432756, 0.606200, -0.575804, -0.331129
0.432894, 0.709846, -0.677436, -0.290847
0.432978, 0.030496, 0.592393, 0.038265
0.433076, 0.488257, 0.435855, 0.514181
0.433080, 0.766514, -0.706487, -0.244190
0.433130, 0.315398, 0.543255, 0.376432
0.433161, 0.107257, 0.588175, 0.134057
0.433311, 0.434694, 0.482365, 0.484326
0.433445, 0.118840, 0.587001, 0.148248
0.433478, 0.855820, -0.734170, -0.156702
0.433600, 0.945686, -0.747530, -0.060042
0.433689, 0.989356, -0.749329, -0.011800
0.433993, 0.243061, 0.565939, 0.296543
0.434403, 0.550756, 0.351836, 0.516761
0.434448, 0.910866, -0.742675, -0.098168
0.434505, 0.328207, 0.539731, 0.389122
0.434591, 0.501750, 0.420846, 0.516200
0.434605, 0.527911, 0.373599, 0.505988
0.434659, 0.967626, -0.747784, -0.035886
0.434710, 0.627799, -0.605296, -0.333420
0.434913, 0.869246, -0.735475, -0.142894
0.434919, 0.131394, 0.587467, 0.163512
0.435161, 0.421297, 0.492834, 0.473150
0.435599, 0.826922, -0.724876, -0.186954
0.435731, 0.683849, -0.657897, -0.310503
0.435760, 0.814057, -0.720630, -0.199954
0.435966, 0.063291, 0.594823, 0.079175
0.436099, 0.408970, 0.501462, 0.462940
0.436229, 0.882694, -0.736637, -0.128826
0.436289, 0.144491, 0.587611, 0.179359
0.436655, 0.720913, -0.680980, -0.284605
0.436693, 0.395059, 0.510293, 0.451195
0.436769, 0.573068, -0.742758, -0.552162
0.436809, 0.209780, 0.576763, 0.257346
0.436823, 0.753064, -0.697214, -0.257791
0.437132, 0.010166, 0.598001, 0.012741
0.437200, 0.649744, -0.628292, -0.329624
0.437321, 0.040710, 0.597748, 0.050926
0.437400, 0.341870, 0.537193, 0.401761
0.437431, 0.896662, -0.737650, -0.113980
0.437439, 0.381210, 0.518502, 0.438738
0.437795, 0.254653, 0.567137, 0.308682
0.437976, 0.157855, 0.587844, 0.195367
0.438169, 0.368776, 0.525453, 0.427002
0.438482, 0.595027, -0.555470, -0.334228
0.438586, 0.196106, 0.581753, 0.240938
0.438612, 0.354874, 0.532450, 0.413752
0.438640, 0.170631, 0.586413, 0.210634
0.438800, 0.934153, -0.740756, -0.073189
0.438881, 0.232705, 0.574111, 0.283500
0.439167, 0.183044, 0.584831, 0.225331
0.439368, 0.539975, 0.275642, 0.418228
0.439929, 0.075575, 0.598955, 0.094218
0.439997, 0.284398, 0.560906, 0.340920
0.440298, 1.000000, -0.742239, 0.000000
0.440342, 0.789590, -0.708607, -0.225298
0.440403, 0.616623, -0.590409, -0.341930
0.440552, 0.671492, -0.645477, -0.321543
0.440621, 0.051009, 0.601087, 0.063631
0.440937, 0.978176, -0.741110, -0.024399
0.441115, 0.741358, -0.687855, -0.269906
0.441159, 0.265920, 0.567904, 0.320409
0.441607, 0.776259, -0.702480, -0.238520
0.441731, 0.098803, 0.599325, 0.122801
0.441914, 0.836534, -0.720565, -0.178724
0.441973, 0.955980, -0.738789, -0.049220
0.442019, 0.296328, 0.559181, 0.353067
0.442095, 0.455497, 0.471472, 0.490509
0.442165, 0.561683, -0.263684, -0.097675
0.442328, 0.468426, 0.459706, 0.496760
0.442379, 0.638218, -0.614737, -0.339106
0.442572, 0.020893, 0.604703, 0.026074
0.442574, 0.704444, -0.666883, -0.300783
0.442707, 0.921731, -0.735259, -0.087258
0.442791, 0.442216, 0.482994, 0.482174
0.442835, 0.693361, -0.659681, -0.308934
0.443054, 0.222973, 0.581152, 0.271341
0.443130, 0.849151, -0.722728, -0.165830
0.443347, 0.308275, 0.556287, 0.365166
0.443492, 0.481548, 0.446470, 0.500529
0.443813, 0.087406, 0.602369, 0.108512
0.443846, 0.428921, 0.493832, 0.472652
0.443872, 0.583831, -0.555877, -0.357989
0.444001, 0.802816, -0.709308, -0.213540
0.444163, 0.000000, 0.606830, 0.000000
0.444169, 0.507820, 0.413510, 0.503931
0.444212, 0.494410, 0.431344, 0.502644
0.444391, 0.762255, -0.694354, -0.252695
0.444524, 0.320716, 0.552951, 0.377631
0.444568, 0.111892, 0.601624, 0.138625
0.444583, 0.729775, -0.679189, -0.281478
0.445022, 0.519171, 0.399983, 0.505265
0.445142, 0.862006, -0.723241, -0.152581
0.445166, 0.660218, -0.633657, -0.331544
0.445366, 0.124468, 0.600720, 0.153784
0.445623, 0.909269, -0.730449, -0.101336
0.445628, 0.605524, -0.574849, -0.349014
0.445777, 0.333556, 0.548891, 0.389960
0.445853, 0.402355, 0.513507, 0.451771
0.446013, 0.244099, 0.579317, 0.294695
0.446231, 0.816453, -0.710925, -0.200513
0.446399, 0.137292, 0.600566, 0.169250
0.446472, 0.530185, 0.437659, 0.556278
0.446572, 0.715637, -0.670118, -0.294253
0.446585, 0.275849, 0.570712, 0.329635
0.446607, 0.387685, 0.522901, 0.439344
0.446608, 0.874410, -0.724111, -0.139530
0.446732, 0.944224, -0.733032, -0.062657
0.446812, 0.031593, 0.609438, 0.039251
0.446950, 0.550386, -0.072648, 0.070257
0.447254, 0.989297, -0.734349, -0.012068
0.447409, 0.415481, 0.505995, 0.460687
0.447413, 0.150424, 0.599974, 0.184961
0.447587, 0.886629, -0.725160, -0.126413
0.447600, 0.626950, -0.600957, -0.348148
0.447896, 0.362187, 0.537656, 0.416212
0.448072, 0.966532, -0.732931, -0.037706
0.448265, 0.681073, -0.647556, -0.321063
0.448283, 0.213683, 0.589199, 0.259443
0.448400, 0.202062, 0.591874, 0.245948
0.448632, 0.057362, 0.610514, 0.071121
0.448890, 0.347261, 0.545869, 0.401912
0.448903, 0.898262, -0.725237, -0.113864
0.449246, 0.572619, -0.509546, -0.335043
0.449340, 0.068645, 0.610672, 0.084991
0.449407, 0.827759, -0.711056, -0.189704
0.449592, 0.164071, 0.600669, 0.201023
0.449640, 0.375078, 0.532501, 0.426724
0.449719, 0.189280, 0.596019, 0.230753
0.449844, 0.648528, -0.621134, -0.341564
0.449990, 0.750689, -0.684242, -0.265582
0.450235, 0.255428, 0.580801, 0.306161
0.450365, 0.176352, 0.599249, 0.215449
0.450600, 0.010486, 0.614574, 0.013013
0.451056, 0.042659, 0.614370, 0.052816
0.451214, 0.594318, -0.559255, -0.356881
0.451709, 0.931233, -0.726355, -0.077606
0.451900, 0.288201, 0.572459, 0.341145
0.452086, 0.770483, -0.690240, -0.247902
0.452094, 0.233587, 0.588958, 0.281306
0.452543, 0.782517, -0.694286, -0.236352
0.452687, 0.449519, 0.482305, 0.477803
0.452755, 0.539491, 0.614406, 0.736395
0.452900, 0.462272, 0.470142, 0.483460
0.452940, 0.080333, 0.614329, 0.099133
0.452965, 0.840933, -0.710161, -0.176705
0.453095, 0.793726, -0.697494, -0.225405
0.453437, 0.615769, -0.586788, -0.357634
0.453593, 0.474924, 0.456755, 0.487056
0.453634, 0.670541, -0.636420, -0.331728
0.453846, 0.739285, -0.675691, -0.277517
0.454019, 0.978460, -0.726611, -0.024462
0.454039, 1.000000, -0.726927, 0.000000
0.454046, 0.436629, 0.494258, 0.469534
0.454068, 0.300243, 0.570396, 0.352935
0.454276, 0.093476, 0.614782, 0.115108
0.454310, 0.702928, -0.656836, -0.308684
0.454353, 0.691008, -0.649629, -0.317963
0.454370, 0.105107, 0.613926, 0.129295
0.454405, 0.561327, -0.470212, -0.318155
0.454427, 0.853941, -0.711907, -0.163119
0.454553, 0.487879, 0.440862, 0.488236
0.454570, 0.266676, 0.582260, 0.317256
0.454782, 0.424964, 0.504160, 0.461843
0.454869, 0.500989, 0.422127, 0.487704
0.454889, 0.394717, 0.525443, 0.440111
0.454900, 0.312111, 0.566617, 0.364734
0.455069, 0.918585, -0.721276, -0.092068
0.455156, 0.807286, -0.699424, -0.212335
0.455261, 0.637154, -0.608136, -0.351843
0.455338, 0.725892, -0.668142, -0.290064
0.455562, 0.954492, -0.723799, -0.051697
0.455749, 0.324326, 0.562623, 0.376674
0.455851, 0.021165, 0.620946, 0.026156
0.456128, 0.117707, 0.614780, 0.144412
0.456175, 0.513599, 0.401409, 0.483138
0.456605, 0.583100, -0.541604, -0.362560
0.456620, 0.223381, 0.596568, 0.268652
0.456724, 0.336818, 0.558048, 0.388353
0.456957, 0.356375, 0.548942, 0.406464
0.456990, 0.130395, 0.613889, 0.159519
0.457242, 0.406974, 0.519146, 0.447805
0.457306, 0.867257, -0.711234, -0.149209
0.457506, 0.526153, 0.316577, 0.414410
0.457689, 0.658633, -0.624951, -0.342271
0.457707, 0.143136, 0.613212, 0.174730
0.457714, 0.000000, 0.623381, 0.000000
0.457806, 0.714049, -0.659924, -0.301465
0.457897, 0.759588, -0.680524, -0.260473
0.458177, 0.156268, 0.611668, 0.190287
0.458323, 0.906061, -0.715980, -0.106445
0.458446, 0.604726, -0.572288, -0.365495
0.458562, 0.244493, 0.593209, 0.291793
0.458626, 0.941298, -0.719504, -0.066843
0.458711, 0.050961, 0.623252, 0.062720
0.458725, 0.879593, -0.711883, -0.135917
0.458839, 0.819603, -0.698926, -0.200614
0.459069, 0.278831, 0.583049, 0.328838
0.459167, 0.209976, 0.602415, 0.252752
0.459227, 0.383120, 0.535984, 0.428101
0.459454, 0.550300, -0.744438, -0.616357
0.459499, 0.892393, -0.712979, -0.121852
0.459735, 0.196961, 0.605983, 0.237683
0.459942, 0.032109, 0.625359, 0.039491
0.460203, 0.368085, 0.545494, 0.415045
0.460483, 0.967869, -0.719106, -0.036731
0.460489, 0.625876, -0.594991, -0.361600
0.460711, 0.062526, 0.624822, 0.076777
0.460721, 0.183503, 0.609877, 0.221914
0.460929, 0.989106, -0.718969, -0.012472
0.461496, 0.832141, -0.699472, -0.188010
0.461856, 0.170302, 0.613844, 0.206302
0.461858, 0.571732, -0.518600, -0.362739
0.462008, 0.681354, -0.637837, -0.329713
0.462224, 0.417058, 0.515264, 0.451151
0.462628, 0.256892, 0.593884, 0.304180
0.462638, 0.073833, 0.626504, 0.090451
0.462694, 0.647268, -0.612884, -0.352870
0.462943, 0.346550, 0.559303, 0.394567
0.463022, 0.772220, -0.680223, -0.250112
0.463431, 0.442782, 0.493935, 0.464627
0.463459, 0.455514, 0.481170, 0.469886
0.463679, 0.748118, -0.670553, -0.273558
0.463806, 0.798376, -0.688147, -0.223946
0.463911, 0.291532, 0.583818, 0.340426
0.463996, 0.593485, -0.557287, -0.374074
0.464056, 0.845265, -0.699418, -0.174460
0.464096, 0.468088, 0.467336, 0.473014
0.464122, 0.538283, -0.151628, -0.048227
0.464138, 0.010614, 0.631097, 0.013037
0.464386, 0.733949, -0.663821, -0.286998
0.464494, 0.086298, 0.627693, 0.105472
0.464534, 0.927151, -0.711770, -0.083370
0.464826, 0.784212, -0.682611, -0.238699
0.464826, 0.480751, 0.451193, 0.473830
0.465118, 0.695114, -0.643617, -0.321040
0.465378, 0.858443, -0.700967, -0.160354
0.465529, 0.493479, 0.431761, 0.471526
0.465594, 0.396103, 0.532674, 0.434138
0.465638, 0.668775, -0.626911, -0.341189
0.465794, 0.041948, 0.632242, 0.051354
0.465852, 0.233460, 0.604372, 0.277627
0.465957, 0.098853, 0.628388, 0.120551
0.466087, 0.303496, 0.581363, 0.351703
0.466239, 0.315068, 0.576715, 0.363107
0.466278, 0.429523, 0.507512, 0.455338
0.466658, 0.505535, 0.415240, 0.470537
0.466696, 0.110691, 0.628043, 0.134733
0.466749, 0.614728, -0.581209, -0.372098
0.466800, 0.327614, 0.571793, 0.375043
0.466850, 0.269462, 0.594475, 0.316369
0.467049, 0.560590, -0.541964, -0.409317
0.467329, 0.959280, -0.710527, -0.046861
0.467330, 0.219494, 0.609374, 0.261638
0.467389, 0.913997, -0.706882, -0.098552
0.467429, 0.707685, -0.648694, -0.311749
0.467482, 0.811042, -0.687670, -0.211810
0.467590, 0.123231, 0.627595, 0.149650
0.467648, 1.000000, -0.711593, 0.000000
0.467687, 0.721217, -0.654882, -0.300048
0.467805, 0.978112, -0.710957, -0.025228
0.468030, 0.376128, 0.547377, 0.417211
0.468099, 0.517350, 0.429658, 0.499850
0.468274, 0.635872, -0.600286, -0.363857
0.468636, 0.160326, 0.623207, 0.193357
0.468645, 0.135862, 0.626966, 0.164486
0.468947, 0.148142, 0.625592, 0.178991
0.469052, 0.021506, 0.636944, 0.026301
0.469147, 0.900050, -0.703348, -0.114558
0.469204, 0.356839, 0.559550, 0.400492
0.469278, 0.581970, -0.540586, -0.380921
0.469559, 0.948807, -0.707556, -0.059030
0.469603, 0.528187, 0.162983, 0.244296
0.469644, 0.205543, 0.615331, 0.245336
0.469713, 0.760314, -0.669495, -0.264157
0.469742, 0.872408, -0.698656, -0.145681
0.469840, 0.937838, -0.706407, -0.071643
0.469859, 0.885962, -0.700644, -0.130526
0.470051, 0.337298, 0.570288, 0.382595
0.470232, 0.407489, 0.527794, 0.438807
0.470299, 0.246994, 0.605285, 0.291222
0.470519, 0.191878, 0.619296, 0.229592
0.470532, 0.657490, -0.615612, -0.352324
0.470985, 0.823680, -0.687255, -0.199289
0.471013, 0.053978, 0.638074, 0.065782
0.471013, 0.282285, 0.594253, 0.328353
0.471153, 0.603893, -0.568024, -0.380254
0.471272, 0.000000, 0.639854, 0.000000
0.471480, 0.548537, -0.425682, -0.316394
0.472094, 0.179106, 0.623792, 0.214612
0.472537, 0.387127, 0.543844, 0.422808
0.472856, 0.065878, 0.639158, 0.080085
0.473308, 0.624593, -0.587702, -0.373998
0.473330, 0.792197, -0.676125, -0.233083
0.473391, 0.836076, -0.687633, -0.186432
0.473686, 0.032343, 0.641916, 0.039351
0.473703, 0.740594, -0.657862, -0.284674
0.474254, 0.438029, 0.503515, 0.452083
0.474256, 0.677102, -0.625733, -0.340426
0.474261, 0.366224, 0.558481, 0.405574
0.474299, 0.687705, -0.631940, -0.331976
0.474303, 0.772452, -0.669140, -0.253658
0.474327, 0.449700, 0.491416, 0.456443
0.474425, 0.988920, -0.703606, -0.012868
0.474488, 0.419372, 0.520914, 0.442718
0.474531, 0.078430, 0.640377, 0.095118
0.474622, 0.259909, 0.605742, 0.303723
0.474708, 0.571209, -0.528874, -0.392025
0.474793, 0.461609, 0.476990, 0.458252
0.475212, 0.848590, -0.688083, -0.173064
0.475305, 0.474047, 0.460645, 0.458859
0.475396, 0.646062, -0.604037, -0.363314
0.475405, 0.967909, -0.701946, -0.037263
0.475676, 0.861255, -0.690021, -0.159093
0.476076, 0.486744, 0.440562, 0.455745
0.476098, 0.091309, 0.641026, 0.110480
0.476202, 0.295600, 0.594779, 0.339934
0.476308, 0.321300, 0.583608, 0.364728
0.476375, 0.167961, 0.630992, 0.200937
0.476568, 0.591761, -0.552728, -0.389642
0.476595, 0.803802, -0.676295, -0.221857
0.476706, 0.728882, -0.650119, -0.297009
0.476707, 0.700654, -0.636872, -0.322522
0.476924, 0.346084, 0.572099, 0.387040
0.477119, 0.226172, 0.618293, 0.266534
0.477340, 0.920430, -0.696332, -0.092221
0.477341, 0.537123, -0.533101, -0.447509
0.477445, 0.498942, 0.415442, 0.446043
0.477715, 0.750892, -0.658128, -0.276278
0.477761, 0.010924, 0.647550, 0.013269
0.478028, 0.308211, 0.591096, 0.351473
0.478082, 0.103716, 0.642380, 0.125141
0.478168, 0.238702, 0.616161, 0.279932
0.478202, 0.931373, -0.696317, -0.079737
0.478317, 0.714754, -0.642609, -0.310782
0.478379, 0.116204, 0.641159, 0.139949
0.478393, 0.398355, 0.540024, 0.426552
0.478522, 0.214006, 0.623226, 0.252738
0.478578, 0.044521, 0.647439, 0.053928
0.478641, 0.511424, 0.501798, 0.548037
0.478808, 0.272513, 0.605898, 0.315528
0.478880, 0.907477, -0.693400, -0.107265
0.478979, 0.128829, 0.640066, 0.154772
0.479011, 0.559365, -0.499564, -0.385465
0.479150, 0.666752, -0.615532, -0.351351
0.479271, 0.782616, -0.667504, -0.244815
0.479848, 0.893905, -0.690553, -0.122903
0.479953, 0.200047, 0.628024, 0.236773
0.480029, 0.154788, 0.637419, 0.184984
0.480075, 0.815922, -0.675546, -0.209778
0.480203, 0.142236, 0.639532, 0.170301
0.480416, 0.955948, -0.695428, -0.051387
0.480491, 0.377399, 0.556382, 0.410437
0.480583, 0.880462, -0.687924, -0.138303
0.480606, 0.613644, -0.573983, -0.385775
0.480662, 0.429119, 0.515359, 0.442223
0.480796, 0.523995, -0.345638, -0.285779
0.481031, 0.333051, 0.582510, 0.373329
0.481133, 1.000000, -0.696181, 0.000000
0.481396, 0.634929, -0.591733, -0.374952
0.481678, 0.978121, -0.695064, -0.025579
0.482375, 0.285277, 0.604617, 0.327216
0.482378, 0.022242, 0.652986, 0.026905
0.482393, 0.187684, 0.633598, 0.222300
0.482531, 0.355554, 0.571650, 0.392003
0.482585, 0.762092, -0.657317, -0.266870
0.482668, 0.581550, -0.539428, -0.399278
0.482700, 0.251274, 0.617214, 0.292049
0.482766, 0.601585, -0.561464, -0.393387
0.482780, 0.943062, -0.692057, -0.066525
0.482934, 0.409935, 0.533631, 0.430105
0.483274, 0.057424, 0.652560, 0.069256
0.483470, 0.828398, -0.674993, -0.197023
0.483498, 0.868525, -0.682538, -0.152247
0.483536, 0.655452, -0.604978, -0.362518
0.483592, 0.547996, -0.500774, -0.409136
0.484186, 0.069708, 0.652275, 0.083900
0.484741, 0.000000, 0.656174, 0.000000
0.485126, 0.176015, 0.639318, 0.208509
0.485341, 0.690952, -0.624398, -0.335154
0.485394, 0.794612, -0.664236, -0.233943
0.485407, 0.840776, -0.675445, -0.183747
0.485509, 0.441954, 0.503274, 0.441417
0.485642, 0.624566, -0.580826, -0.384434
0.485644, 0.388641, 0.552197, 0.414820
0.485653, 0.453713, 0.490243, 0.444855
0.485790, 0.466435, 0.470468, 0.442939
0.485809, 0.083289, 0.653213, 0.099991
0.485892, 0.854268, -0.677444, -0.168740
0.485925, 0.739463, -0.645564, -0.290548
0.486056, 0.034656, 0.656497, 0.041722
0.486341, 0.479318, 0.449637, 0.439647
0.486516, 0.678463, -0.616552, -0.346379
0.486525, 0.319941, 0.593735, 0.358702
0.486657, 0.366694, 0.568149, 0.398428
0.486794, 0.725312, -0.639304, -0.304660
0.486937, 0.569391, -0.521448, -0.404418
0.487010, 0.704830, -0.629792, -0.323792
0.487105, 0.263338, 0.617611, 0.303184
0.487656, 0.773048, -0.655759, -0.257296
0.487794, 0.989774, -0.688154, -0.012043
0.487800, 0.230691, 0.628577, 0.268525
0.488186, 0.491118, 0.421795, 0.425972
0.488195, 0.095534, 0.654898, 0.114328
0.488336, 0.643805, -0.593556, -0.374055
0.488447, 0.420379, 0.527140, 0.430573
0.488558, 0.163054, 0.645756, 0.193028
0.488659, 0.297980, 0.605753, 0.337167
0.488741, 0.208221, 0.635696, 0.243766
0.488861, 0.807059, -0.664150, -0.221522
0.488862, 0.535655, -0.457171, -0.390700
0.488886, 0.966407, -0.686593, -0.039545
0.488960, 0.915425, -0.682825, -0.099158
0.489074, 0.929075, -0.683631, -0.083268
0.489118, 0.503163, 0.407300, 0.427008
0.489417, 0.343293, 0.584328, 0.377860
0.489450, 0.109316, 0.655005, 0.130479
0.489479, 0.134833, 0.651199, 0.160270
0.489824, 0.308946, 0.602057, 0.347051
0.489997, 0.901713, -0.680027, -0.115169
0.489999, 0.121710, 0.653992, 0.144945
0.490323, 0.592317, -0.548871, -0.404356
0.490477, 0.219656, 0.634827, 0.255867
0.490495, 0.048096, 0.661443, 0.057654
0.490533, 0.751316, -0.645631, -0.280462
0.490566, 0.514683, -0.252855, -0.218800
0.490767, 0.243211, 0.628084, 0.280977
0.490918, 0.275460, 0.617065, 0.314136
0.490937, 0.888357, -0.677315, -0.130713
0.490954, 0.400078, 0.546553, 0.417783
0.491286, 0.666364, -0.605831, -0.358925
0.491369, 0.012179, 0.663408, 0.014620
0.491456, 0.149346, 0.651163, 0.176722
0.491517, 0.714743, -0.630141, -0.316638
0.491553, 0.558017, -0.509494, -0.415113
0.492149, 0.196554, 0.642420, 0.230060
0.492275, 0.819855, -0.663289, -0.208328
0.492313, 0.784566, -0.654476, -0.246567
0.492328, 0.953511, -0.681619, -0.054872
0.492471, 0.606744, -0.561853, -0.400223
0.492586, 0.329795, 0.594253, 0.364550
0.492689, 0.378423, 0.564609, 0.402906
0.492753, 0.432778, 0.516193, 0.431067
0.492931, 0.875581, -0.673109, -0.145666
0.493025, 0.525755, -0.458386, -0.411757
0.493680, 0.287755, 0.614770, 0.325205
0.494200, 0.979645, -0.680594, -0.024102
0.494325, 0.074626, 0.663808, 0.088980
0.494392, 0.861802, -0.669300, -0.161660
0.494395, 0.355427, 0.581265, 0.384819
0.494592, 0.618416, -0.570397, -0.395188
0.494641, 0.579175, -0.532996, -0.413081
0.494808, 0.024825, 0.667539, 0.029703
0.495068, 0.184645, 0.648583, 0.216159
0.495079, 1.000000, -0.679800, 0.000000
0.495135, 0.545358, -0.483656, -0.412263
0.495223, 0.941603, -0.677946, -0.069086
0.495487, 0.061859, 0.666522, 0.073782
0.495529, 0.698023, -0.618751, -0.333891
0.495552, 0.762951, -0.644374, -0.270234
0.495676, 0.632011, -0.580138, -0.387372
0.495743, 0.847133, -0.665143, -0.178578
0.495796, 0.654576, -0.595041, -0.370947
0.495827, 0.833053, -0.662542, -0.194477
0.495842, 0.732487, -0.633275, -0.301227
0.495846, 0.255196, 0.629563, 0.291823
0.495950, 0.458558, 0.487190, 0.434025
0.496280, 0.472253, 0.457308, 0.423109
0.496345, 0.410604, 0.540090, 0.418541
0.496764, 0.172509, 0.653049, 0.202171
0.497121, 0.686018, -0.611491, -0.345432
0.497128, 0.445662, 0.499181, 0.426086
0.497239, 0.796818, -0.652289, -0.234692
0.497473, 0.037840, 0.669773, 0.045089
0.497623, 0.000000, 0.670535, 0.000000
0.498249, 0.101210, 0.665927, 0.119933
0.498278, 0.367460, 0.576325, 0.391412
0.498318, 0.086514, 0.667401, 0.102644
0.498371, 0.390247, 0.559193, 0.406118
0.498519, 0.233688, 0.639267, 0.268615
0.498776, 0.317800, 0.605982, 0.350835
0.498852, 0.483702, 0.413374, 0.391919
0.499183, 0.140325, 0.661454, 0.165095
0.499805, 0.496440, 0.165384, 0.160751
0.499839, 0.568415, -0.519834, -0.422532
0.499842, 0.742799, -0.633030, -0.292304
0.499871, 0.267235, 0.629159, 0.302593
0.499923, 0.207920, 0.647982, 0.240608
0.499933, 0.674645, -0.603241, -0.356799
0.499939, 0.642728, -0.584367, -0.382608
0.499996, 0.158717, 0.659107, 0.185908
0.500128, 0.920132, -0.670289, -0.094687
0.500417, 0.774807, -0.642969, -0.259263
0.500497, 0.907930, -0.668670, -0.109066
0.500557, 0.422595, 0.529702, 0.419121
0.500630, 0.809057, -0.651885, -0.222158
0.500663, 0.127568, 0.665297, 0.150247
0.500673, 0.970961, -0.672590, -0.034557
0.500688, 0.721965, -0.624379, -0.313487
0.500773, 0.931601, -0.670178, -0.081217
0.500946, 0.336747, 0.597559, 0.365924
0.501140, 0.304859, 0.614427, 0.338079
0.501502, 0.508256, -0.560798, -0.551234
0.501575, 0.114715, 0.668128, 0.135259
0.501597, 0.895228, -0.665945, -0.124064
0.501646, 0.222268, 0.645790, 0.255558
0.501687, 0.599484, -0.550283, -0.411691
0.501696, 0.587491, -0.539128, -0.417509
0.501822, 0.708206, -0.617486, -0.327229
0.501858, 0.051186, 0.674605, 0.060715
0.501870, 0.989802, -0.671605, -0.012163
0.502555, 0.960297, -0.670052, -0.047322
0.502707, 0.533283, -0.473978, -0.430470
0.502815, 0.346894, 0.593065, 0.372979
0.502816, 0.882756, -0.662861, -0.138754
0.502887, 0.280439, 0.626833, 0.314346
0.503081, 0.555985, -0.502706, -0.427547
0.503107, 0.294203, 0.621167, 0.327409
0.503205, 0.519997, -0.432821, -0.408916
0.503354, 0.246069, 0.640270, 0.279933
0.503794, 0.194381, 0.655800, 0.224893
0.503842, 0.869453, -0.659847, -0.154342
0.503854, 0.821036, -0.650791, -0.209525
0.503898, 0.008336, 0.677967, 0.009904
0.504049, 0.753928, -0.632623, -0.282303
0.504239, 0.400703, 0.553279, 0.406634
0.504378, 0.662995, -0.592988, -0.369082
0.504471, 0.380067, 0.571209, 0.395262
0.504488, 0.434046, 0.518362, 0.418410
0.504721, 0.073235, 0.676370, 0.086504
0.504722, 0.611890, -0.558964, -0.407282
0.504892, 0.786867, -0.641677, -0.247535
0.504926, 0.855750, -0.656387, -0.170336
0.505263, 0.018424, 0.679856, 0.021826
0.505482, 0.466319, 0.483456, 0.427667
0.505763, 0.949140, -0.665694, -0.060767
0.505947, 0.624911, -0.567798, -0.399418
0.506171, 0.544165, -0.487594, -0.433624
0.506209, 0.326190, 0.607992, 0.354222
0.506361, 0.149441, 0.668081, 0.174249
0.506446, 0.842462, -0.652306, -0.185850
0.506880, 0.695703, -0.607172, -0.341204
0.506924, 0.167865, 0.665132, 0.194860
0.507194, 0.181392, 0.662519, 0.209820
0.507308, 0.358206, 0.589111, 0.378479
0.507456, 0.454318, 0.474890, 0.399437
0.507474, 0.029869, 0.682034, 0.035295
0.507576, 0.093199, 0.677516, 0.109531
0.508096, 0.831577, -0.648252, -0.198531
0.508517, 0.413499, 0.542250, 0.407566
0.508519, 0.650799, -0.582617, -0.381561
0.508633, 0.765499, -0.631428, -0.271551
0.508706, 0.732029, -0.620287, -0.306471
0.508766, 0.061865, 0.681858, 0.072860
0.508769, 0.258644, 0.641215, 0.290717
0.508902, 0.980252, -0.663123, -0.023695
0.508908, 0.577489, -0.526288, -0.428992
0.509101, 1.000000, -0.663346, 0.000000
0.509194, 0.041257, 0.683231, 0.048612
0.509316, 0.799185, -0.639782, -0.235090
0.509529, 0.683708, -0.599267, -0.353564
0.509567, 0.233953, 0.650647, 0.265459
0.509664, 0.489475, 0.114931, 0.086925
0.509722, 0.214390, 0.656637, 0.244888
0.509727, 0.443765, 0.508396, 0.414699
0.509754, 0.369567, 0.582623, 0.384558
0.509911, 0.637130, -0.573189, -0.393143
0.509919, 0.476495, 0.550107, 0.502056
0.509940, 0.104385, 0.678763, 0.122221
0.510009, 0.938672, -0.659954, -0.073485
0.510311, 0.312856, 0.618609, 0.340698
0.510590, 0.136886, 0.675047, 0.159338
0.510735, 0.717260, -0.612698, -0.322041
0.511097, 0.272679, 0.637994, 0.303620
0.511561, 0.564286, -0.511128, -0.436252
0.511844, 0.390125, 0.567069, 0.394976
0.511880, 0.914340, -0.655958, -0.102607
0.511987, 0.082775, 0.683495, 0.096984
0.512252, 0.124768, 0.678923, 0.145325
0.512274, 0.926347, -0.656428, -0.088345
0.512275, 0.501710, -0.455713, -0.470849
0.512282, 0.901976, -0.654314, -0.117323
0.512386, 0.591066, -0.537186, -0.425657
0.512424, 0.202993, 0.662708, 0.232019
0.512644, 0.744061, -0.620449, -0.295389
0.512706, 0.000000, 0.688803, 0.000000
0.512816, 0.811407, -0.638945, -0.222301
0.512970, 0.672209, -0.590396, -0.365598
0.513157, 0.777369, -0.630047, -0.260066
0.513172, 0.287303, 0.633699, 0.316453
0.513329, 0.968898, -0.657613, -0.037437
0.513413, 0.425085, 0.529649, 0.404347
0.513502, 0.526242, -0.457296, -0.439171
0.513518, 0.337123, 0.607540, 0.358796
0.513696, 0.889325, -0.651104, -0.132427
0.513872, 0.513529, -0.443570, -0.444071
0.513930, 0.876776, -0.649301, -0.147230
0.513963, 0.603080, -0.546102, -0.419763
0.514525, 0.300703, 0.628529, 0.328071
0.514543, 0.863374, -0.646624, -0.163013
0.514613, 0.705318, -0.603955, -0.335290
0.514741, 0.245323, 0.651929, 0.275307
0.514756, 0.114587, 0.683125, 0.133325
0.514976, 0.349376, 0.600655, 0.367206
0.515031, 0.157954, 0.676036, 0.182173
0.515071, 0.050601, 0.689908, 0.059255
0.515355, 0.551588, -0.496024, -0.444581
0.515491, 0.404053, 0.555096, 0.397370
0.515637, 0.224231, 0.659901, 0.253469
0.516015, 0.849476, -0.642672, -0.179430
0.516022, 0.538480, -0.479056, -0.447134
0.516098, 0.957308, -0.653846, -0.051497
0.516108, 0.615560, -0.554000, -0.413154
0.516246, 0.191849, 0.669758, 0.219061
0.516327, 0.463011, 0.418502, 0.343042
0.516349, 0.989773, -0.654488, -0.012350
0.516918, 0.660439, -0.580891, -0.378040
0.516950, 0.756019, -0.619780, -0.284138
0.516955, 0.010660, 0.693524, 0.012496
0.516999, 0.171244, 0.675442, 0.196472
0.517022, 0.823343, -0.636500, -0.209628
0.517147, 0.377973, 0.580447, 0.383710
0.517255, 0.323741, 0.618442, 0.346064
0.517438, 0.789336, -0.628645, -0.248039
0.517596, 0.072030, 0.691388, 0.084030
0.517851, 0.023512, 0.694330, 0.027513
0.518191, 0.436104, 0.512616, 0.396130
0.518469, 0.627039, -0.560008, -0.406308
0.518814, 0.692827, -0.594720, -0.349200
0.518869, 0.725302, -0.607513, -0.316938
0.518941, 0.145713, 0.682812, 0.167807
0.519416, 0.836533, -0.636384, -0.194981
0.519567, 0.363585, 0.593549, 0.373323
0.519768, 0.093936, 0.691586, 0.109053
0.519837, 0.946040, -0.648885, -0.065254
0.519915, 0.648124, -0.571681, -0.390216
0.519942, 0.181801, 0.676187, 0.207315
0.520063, 0.254996, 0.653724, 0.282954
0.520097, 0.036372, 0.696278, 0.042417
0.520180, 0.483631, -0.345561, -0.396499
0.520222, 0.450054, 0.511036, 0.411154
0.520413, 0.571443, -0.515087, -0.442642
0.520502, 0.266774, 0.649398, 0.294047
0.520971, 0.583354, -0.525663, -0.437152
0.521409, 0.415381, 0.543721, 0.393509
0.521442, 0.768009, -0.618429, -0.272507
0.521600, 0.801311, -0.626704, -0.235574
0.521632, 0.211970, 0.669871, 0.238938
0.521910, 0.060875, 0.697084, 0.070762
0.521990, 0.494621, -0.406715, -0.445544
0.522080, 0.735874, -0.607995, -0.307138
0.522125, 0.279489, 0.645391, 0.305358
0.522269, 0.395549, 0.566586, 0.387397
0.522288, 0.132354, 0.688885, 0.152312
0.522293, 0.235263, 0.663177, 0.262611
0.522297, 0.681104, -0.586074, -0.361842
0.522386, 0.312599, 0.629018, 0.334128
0.522387, 0.637871, -0.563548, -0.400156
0.522480, 0.105120, 0.692821, 0.121499
0.522597, 0.978505, -0.647021, -0.026099
0.522690, 0.472987, 0.327803, 0.258601
0.522698, 0.934255, -0.644817, -0.079636
0.523087, 1.000000, -0.646709, 0.000000
0.523438, 0.909159, -0.641857, -0.109872
0.523587, 0.714287, -0.598537, -0.329840
0.523593, 0.921563, -0.642762, -0.094982
0.523650, 0.558870, -0.501352, -0.451357
0.523934, 0.896540, -0.640036, -0.125035
0.524492, 0.595470, -0.533480, -0.432843
0.524747, 0.871615, -0.636002, -0.154777
0.524904, 0.531215, -0.468120, -0.459150
0.524937, 0.507074, -0.430829, -0.456257
0.525021, 0.519136, -0.451241, -0.459619
0.525065, 0.858216, -0.633543, -0.170642
0.525077, 0.083132, 0.698479, 0.096109
0.525107, 0.813105, -0.625528, -0.222996
0.525144, 0.291894, 0.642278, 0.314982
0.525352, 0.353899, 0.604526, 0.362883
0.525399, 0.331623, 0.620002, 0.347288
0.525518, 0.384868, 0.578604, 0.379787
0.525550, 0.200324, 0.677258, 0.225640
0.525572, 0.883481, -0.636529, -0.140787
0.525659, 0.119483, 0.694875, 0.137347
0.525719, 0.966648, -0.642852, -0.040571
0.525767, 0.669257, -0.577358, -0.374528
0.525788, 0.747375, -0.607614, -0.296050
0.525897, 0.780005, -0.616799, -0.260496
0.525948, 0.342045, 0.613520, 0.354369
0.526030, 0.607438, -0.541209, -0.425779
0.526218, 0.048265, 0.702737, 0.055901
0.526448, 0.164517, 0.687075, 0.187036
0.526586, 0.426138, 0.529439, 0.386968
0.526688, 0.545516, -0.485835, -0.459082
0.526850, 0.000000, 0.704692, 0.000000
0.527080, 0.701929, -0.590417, -0.343671
0.527334, 0.302411, 0.638745, 0.323027
0.527538, 0.014356, 0.705506, 0.016657
0.527606, 0.222894, 0.672490, 0.248341
0.527683, 0.460789, 0.568116, 0.472368
0.528193, 0.846470, -0.628024, -0.184923
0.528321, 0.372218, 0.591464, 0.371111
0.528413, 0.245993, 0.665144, 0.271087
0.528527, 0.154071, 0.691642, 0.175219
0.528615, 0.619543, -0.547368, -0.418534
0.528716, 0.825309, -0.623683, -0.209634
0.528790, 0.406157, 0.556817, 0.383297
0.528845, 0.439205, 0.501957, 0.374813
0.529101, 0.656591, -0.568203, -0.387695
0.529486, 0.953865, -0.637811, -0.056272
0.529957, 0.759126, -0.606691, -0.284566
0.529995, 0.988450, -0.638234, -0.014106
0.530088, 0.071465, 0.705731, 0.082296
0.530135, 0.188756, 0.685247, 0.212231
0.530139, 0.026343, 0.708208, 0.030432
0.530160, 0.791923, -0.615140, -0.248203
0.530209, 0.175617, 0.688733, 0.198200
0.530839, 0.141916, 0.696535, 0.161426
0.530952, 0.259816, 0.662281, 0.283316
0.531031, 0.321973, 0.630428, 0.336579
0.531386, 0.725169, -0.594456, -0.321389
0.531514, 0.690541, -0.581300, -0.356706
0.531893, 0.577312, -0.514402, -0.449951
0.531902, 0.631341, -0.551905, -0.411067
0.531953, 0.484147, -0.403219, -0.471696
0.532010, 0.835423, -0.621677, -0.198481
0.532268, 0.107877, 0.703458, 0.123320
0.532275, 0.272704, 0.657765, 0.294516
0.532503, 0.037251, 0.710339, 0.042892
0.532530, 0.566741, -0.504827, -0.456271
0.532594, 0.094646, 0.705957, 0.108379
0.532602, 0.449311, 0.436092, 0.318416
0.532744, 0.497693, -0.415721, -0.465612
0.533202, 0.942413, -0.632804, -0.070406
0.533467, 0.644457, -0.557786, -0.400712
0.533580, 0.361055, 0.603980, 0.360749
0.533622, 0.211675, 0.682305, 0.235047
0.533908, 0.059187, 0.710780, 0.067943
0.534045, 0.232850, 0.675580, 0.256143
0.534095, 0.587743, -0.521229, -0.445116
0.534130, 0.129272, 0.702525, 0.146912
0.534215, 0.804150, -0.613097, -0.235106
0.534271, 0.737495, -0.595790, -0.309382
0.534313, 0.471240, -0.404248, -0.491750
0.534318, 0.394418, 0.571867, 0.374071
0.534330, 0.929520, -0.630688, -0.086173
0.534369, 0.770936, -0.605056, -0.272730
0.534486, 0.284876, 0.653794, 0.304454
0.534556, 0.865884, -0.623451, -0.162901
0.534600, 0.536381, -0.473153, -0.470629
0.534778, 0.903852, -0.627886, -0.117347
0.534807, 0.916570, -0.629001, -0.101935
0.534851, 0.679010, -0.573163, -0.369384
0.534946, 0.711347, -0.585959, -0.337042
0.535090, 0.416835, 0.544465, 0.377118
0.535108, 0.890874, -0.626171, -0.133042
0.535294, 0.554609, -0.492115, -0.464685
0.535969, 0.310849, 0.641100, 0.325082
0.536082, 0.975995, -0.630995, -0.029467
0.536321, 1.000000, -0.631043, 0.000000
0.536325, 0.524191, -0.457716, -0.474971
0.536445, 0.347574, 0.616511, 0.350529
0.536717, 0.009056, 0.716043, 0.010414
0.536779, 0.512182, -0.440814, -0.475801
0.536866, 0.599471, -0.527811, -0.439019
0.536956, 0.962832, -0.628977, -0.045616
0.537174, 0.382005, 0.586251, 0.367191
0.537229, 0.816615, -0.612355, -0.221380
0.537478, 0.431397, 0.517917, 0.367450
0.537498, 0.082399, 0.712591, 0.093989
0.537683, 0.666632, -0.565135, -0.382568
0.537776, 0.877311, -0.621449, -0.149665
0.537814, 0.334319, 0.627199, 0.340957
0.537832, 0.200724, 0.689799, 0.222586
0.537846, 0.854655, -0.617955, -0.176738
0.538226, 0.610869, -0.534352, -0.431324
0.538430, 0.749930, -0.594817, -0.297053
0.538544, 0.047067, 0.716636, 0.053800
0.538706, 0.117251, 0.709500, 0.132867
0.538848, 0.782510, -0.602960, -0.260846
0.538892, 0.297952, 0.650895, 0.313029
0.538918, 0.164900, 0.700556, 0.184694
0.539510, 0.457980, 0.289547, 0.176419
0.539860, 0.252654, 0.673359, 0.272963
0.540213, 0.242015, 0.678044, 0.262800
0.540304, 0.152097, 0.704729, 0.170654
0.540324, 0.700105, -0.576269, -0.350551
0.540578, 0.178323, 0.699015, 0.198545
0.540606, 0.221930, 0.685852, 0.243100
0.540816, 0.020521, 0.720533, 0.023445
0.540933, 0.404761, 0.559632, 0.367001
0.541082, 0.370349, 0.599480, 0.358708
0.541183, 0.622708, -0.539132, -0.423546
0.541230, 0.842577, -0.612224, -0.191608
0.541309, 0.545053, -0.480281, -0.474970
0.541440, 0.655048, -0.555968, -0.395116
0.541752, 0.190232, 0.696933, 0.210675
0.541937, 0.000000, 0.722126, 0.000000
0.542152, 0.069989, 0.719410, 0.079539
0.542248, 0.265527, 0.670158, 0.283715
0.542359, 0.719438, -0.580918, -0.331089
0.542429, 0.139326, 0.709566, 0.156427
0.542606, 0.828843, -0.608210, -0.208031
0.542609, 0.443068, 0.589858, 0.447894
0.542647, 0.794644, -0.601671, -0.247920
0.542652, 0.988443, -0.622999, -0.014268
0.542765, 0.502675, -0.427778, -0.484747
0.542826, 0.103600, 0.715976, 0.117094
0.542829, 0.762002, -0.593352, -0.284895
0.542859, 0.490326, -0.409276, -0.484041
0.542931, 0.321705, 0.639486, 0.328858
0.543444, 0.565216, -0.497608, -0.466714
0.543557, 0.032694, 0.723281, 0.037189
0.543585, 0.951090, -0.620845, -0.060328
0.543615, 0.634952, -0.543881, -0.414404
0.543759, 0.576938, -0.506709, -0.459642
0.544125, 0.478580, -0.388055, -0.480828
0.544198, 0.688879, -0.567974, -0.363424
0.544524, 0.730137, -0.582122, -0.320344
0.544807, 0.422975, 0.533248, 0.360748
0.544821, 0.937479, -0.618646, -0.077130
0.544840, 0.357297, 0.613313, 0.349178
0.545268, 0.276492, 0.667512, 0.291708
0.545619, 0.924150, -0.616684, -0.093532
0.545717, 0.392096, 0.577487, 0.360515
0.545770, 0.288517, 0.661448, 0.301746
0.545774, 0.589824, -0.514648, -0.452126
0.545780, 0.092029, 0.720743, 0.103855
0.545824, 0.898290, -0.614112, -0.125173
0.545868, 0.885474, -0.612586, -0.140734
0.545937, 0.911096, -0.615185, -0.109547
0.545968, 0.866145, -0.609902, -0.164105
0.545974, 0.057742, 0.724407, 0.065401
0.546004, 0.466752, -0.351657, -0.464899
0.546309, 0.126530, 0.716233, 0.141826
0.546392, 0.210387, 0.695500, 0.229731
0.546431, 0.532804, -0.465338, -0.484699
0.546547, 0.675768, -0.560552, -0.377579
0.546590, 0.806799, -0.599534, -0.234593
0.546677, 0.644800, -0.546077, -0.407098
0.546746, 0.741286, -0.583416, -0.309005
0.546986, 0.965224, -0.616782, -0.043012
0.547380, 0.344465, 0.625550, 0.340159
0.547425, 0.308248, 0.651465, 0.316171
0.547526, 0.232528, 0.688800, 0.250955
0.547631, 0.773275, -0.590853, -0.273416
0.548013, 0.520917, -0.451219, -0.489725
0.548585, 0.709194, -0.570966, -0.344048
0.548670, 0.554838, -0.485778, -0.477026
0.548740, 0.977741, -0.615735, -0.027593
0.549060, 0.044618, 0.728463, 0.050414
0.549070, 0.412693, 0.545342, 0.352435
0.549083, 0.818010, -0.598806, -0.221954
0.549240, 0.602372, -0.520278, -0.444894
0.549299, 0.852390, -0.604266, -0.181142
0.549391, 0.380035, 0.592444, 0.353561
0.549537, 1.000000, -0.615015, 0.000000
0.549549, 0.452661, -0.238091, -0.372101
0.549958, 0.010384, 0.731144, 0.011754
0.550145, 0.614070, -0.526633, -0.435959
0.550172, 0.080187, 0.726991, 0.090168
0.550200, 0.332565, 0.636678, 0.331022
0.550403, 0.256737, 0.681230, 0.272235
0.550424, 0.663765, -0.551428, -0.390903
0.550491, 0.113337, 0.722896, 0.126727
0.550646, 0.433546, 0.496835, 0.330967
0.550686, 0.172378, 0.710946, 0.189747
0.550747, 0.160166, 0.713981, 0.176959
0.551162, 0.510191, -0.438344, -0.496521
0.551176, 0.199047, 0.703668, 0.216959
0.551305, 0.753691, -0.581670, -0.296447
0.551350, 0.785860, -0.589531, -0.259882
0.551852, 0.838110, -0.599080, -0.198618
0.552006, 0.185318, 0.708996, 0.202771
0.552050, 0.244356, 0.688268, 0.260311
0.552297, 0.147918, 0.718296, 0.163670
0.552595, 0.367455, 0.607137, 0.346349
0.552927, 0.876346, -0.603277, -0.152676
0.552938, 0.627661, -0.531725, -0.425773
0.553167, 0.221832, 0.698047, 0.238647
0.553331, 0.021707, 0.734562, 0.024440
0.553490, 0.542768, -0.472175, -0.487406
0.553553, 0.296487, 0.663249, 0.303781
0.553641, 0.401360, 0.566965, 0.351827
0.553825, 0.497487, -0.421179, -0.501202
0.553992, 0.698805, -0.561694, -0.356868
0.554140, 0.135704, 0.722795, 0.150298
0.554405, 0.320523, 0.648241, 0.320284
0.554567, 0.485508, -0.402394, -0.500434
0.554576, 0.068189, 0.733290, 0.076386
0.554646, 0.720873, -0.568304, -0.333537
0.554808, 0.567356, -0.492214, -0.474404
0.554819, 0.580851, -0.501936, -0.464980
0.555012, 0.684805, -0.555589, -0.371812
0.555050, 0.798795, -0.588263, -0.245721
0.555193, 0.652398, -0.541662, -0.403965
0.555350, 0.101648, 0.730009, 0.113207
0.555433, 0.267865, 0.680525, 0.279664
0.555590, 0.943224, -0.605903, -0.070641
0.555936, 0.955485, -0.606115, -0.055434
0.555943, 0.000000, 0.738041, 0.000000
0.555965, 0.032981, 0.737027, 0.036979
0.556028, 0.990030, -0.606538, -0.012437
0.556251, 0.890637, -0.600615, -0.135548
0.556278, 0.826213, -0.591761, -0.213490
0.556363, 0.282368, 0.673645, 0.290872
0.556422, 0.930405, -0.604095, -0.086568
0.556426, 0.354878, 0.621081, 0.337569
0.556605, 0.473561, -0.382010, -0.500013
0.556681, 0.862046, -0.596680, -0.170479
0.556704, 0.763718, -0.578248, -0.286489
0.556755, 0.461972, -0.351309, -0.485197
0.556759, 0.443194, 0.270047, 0.112450
0.556783, 0.904117, -0.601534, -0.119074
0.556858, 0.917385, -0.602504, -0.102698
0.557327, 0.732290, -0.568837, -0.321835
0.557352, 0.422644, 0.499459, 0.309159
0.557526, 0.056368, 0.737248, 0.062992
0.557667, 0.593384, -0.508013, -0.457301
0.557933, 0.389587, 0.581705, 0.344163
0.557964, 0.744753, -0.571959, -0.308294
0.557966, 0.122639, 0.729352, 0.135593
0.558040, 0.639258, -0.532943, -0.417766
0.558395, 0.530100, -0.457759, -0.497948
0.558575, 0.212111, 0.706773, 0.227402
0.558583, 0.968075, -0.602821, -0.039836
0.558692, 0.089893, 0.735051, 0.099906
0.559107, 0.672872, -0.546651, -0.385484
0.559114, 0.309509, 0.659084, 0.309710
0.559117, 0.343027, 0.633253, 0.329752
0.559731, 0.811994, -0.585230, -0.231014
0.559776, 0.776312, -0.577816, -0.272800
0.559828, 0.847699, -0.591039, -0.188305
0.559895, 0.232338, 0.700358, 0.246011
0.559979, 0.555118, -0.479159, -0.486068
0.560080, 0.044645, 0.740656, 0.049782
0.560469, 0.617833, -0.519781, -0.438414
0.560831, 0.517883, -0.444730, -0.505708
0.561007, 0.254356, 0.691779, 0.265320
0.561037, 0.980246, -0.600382, -0.024704
0.561113, 0.710967, -0.558288, -0.346334
0.561208, 0.377380, 0.598491, 0.339515
0.561801, 0.411232, 0.574197, 0.361576
0.561992, 0.606040, -0.511993, -0.449458
0.562145, 0.167110, 0.724027, 0.181401
0.562413, 0.191308, 0.717464, 0.205798
0.562493, 0.179063, 0.721203, 0.193464
0.562572, 0.331299, 0.645098, 0.320735
0.562754, 0.202377, 0.714057, 0.216583
0.562802, 0.077456, 0.741228, 0.085790
0.562919, 0.155189, 0.727748, 0.168931
0.563127, 0.505227, -0.429732, -0.511925
0.563311, 0.012011, 0.745775, 0.013378
0.563374, 0.789081, -0.576376, -0.258717
0.563415, 0.453172, -0.337564, -0.494346
0.563485, 0.692686, -0.549526, -0.366626
0.563512, 0.661393, -0.537459, -0.398755
0.563658, 1.000000, -0.597390, 0.000000
0.563851, 0.111771, 0.737544, 0.122914
0.563935, 0.242135, 0.699976, 0.253277
0.563957, 0.432663, 0.227740, 0.045830
0.564028, 0.871196, -0.589043, -0.160238
0.564246, 0.365235, 0.613357, 0.333390
0.564420, 0.835652, -0.583661, -0.203503
0.564513, 0.543322, -0.466893, -0.496983
0.564598, 0.143342, 0.732229, 0.156231
0.564606, 0.299456, 0.669647, 0.299183
0.564759, 0.573890, -0.489869, -0.476914
0.564935, 0.273647, 0.685335, 0.279581
0.565190, 0.883342, -0.589259, -0.145482
0.565241, 0.492216, -0.412939, -0.516598
0.565514, 0.131655, 0.735510, 0.143793
0.565675, 0.628789, -0.520713, -0.431177
0.565966, 0.753431, -0.565204, -0.300568
0.566032, 0.024361, 0.748484, 0.027016
0.566072, 0.399644, 0.560597, 0.325581
0.566146, 0.479757, -0.395611, -0.518209
0.566379, 0.288227, 0.677959, 0.289859
0.566708, 0.222890, 0.710519, 0.234620
0.566848, 0.801192, -0.574968, -0.245215
0.566921, 0.320005, 0.656593, 0.310932
0.567029, 0.649028, -0.528862, -0.412524
0.567086, 0.896896, -0.588266, -0.128920
0.567131, 0.723805, -0.555794, -0.334194
0.567210, 0.856997, -0.583430, -0.178019
0.567362, 0.064944, 0.747149, 0.071628
0.567445, 0.584716, -0.494872, -0.470357
0.567480, 0.948031, -0.591409, -0.065229
0.567664, 0.739354, -0.559463, -0.316908
0.567684, 0.935831, -0.590666, -0.080504
0.567691, 0.910275, -0.588784, -0.112379
0.567816, 0.822881, -0.577821, -0.219486
0.567916, 0.100486, 0.743741, 0.110149
0.567918, 0.681630, -0.540971, -0.379838
0.568023, 0.923324, -0.589332, -0.096133
0.568290, 0.466103, -0.376123, -0.521084
0.568349, 0.563414, -0.479818, -0.486832
0.568378, 0.766778, -0.565739, -0.285801
0.568419, 0.037085, 0.750477, 0.040944
0.568476, 0.261620, 0.694572, 0.267943
0.568483, 0.960402, -0.590659, -0.049763
0.568645, 0.353151, 0.627791, 0.325054
0.568739, 0.702536, -0.547216, -0.357850
0.568923, 0.000000, 0.751640, 0.000000
0.569256, 0.051671, 0.750437, 0.056928
0.569548, 0.596139, -0.499989, -0.462242
0.569693, 0.533710, -0.455812, -0.506849
0.569768, 0.387462, 0.585562, 0.328724
0.569878, 0.421308, 0.789826, 0.582128
0.570026, 0.442840, -0.349893, -0.529319
0.570383, 0.973559, -0.588554, -0.033286
0.570649, 0.988251, -0.588584, -0.014790
0.570795, 0.088396, 0.748207, 0.096744
0.571003, 0.341720, 0.640143, 0.318567
0.571283, 0.522900, -0.445310, -0.513978
0.571508, 0.121850, 0.743965, 0.132348
0.571651, 0.779989, -0.564923, -0.271141
0.571664, 0.211792, 0.719354, 0.222462
0.571691, 0.616834, -0.509155, -0.445099
0.571950, 0.638121, -0.519178, -0.425288
0.572195, 0.670507, -0.532295, -0.392931
0.572337, 0.309513, 0.667914, 0.300554
0.572474, 0.845277, -0.575451, -0.193029
0.572871, 0.248165, 0.705106, 0.254505
0.572881, 0.551798, -0.468326, -0.498259
0.572992, 0.812162, -0.569662, -0.233220
0.573102, 0.375449, 0.602482, 0.324356
0.573254, 0.511415, -0.433120, -0.520862
0.573493, 0.174517, 0.733396, 0.185821
0.573678, 0.187296, 0.729785, 0.198355
0.573774, 0.161863, 0.737091, 0.173094
0.574022, 0.233903, 0.712597, 0.241594
0.574075, 0.199414, 0.726092, 0.209951
0.574143, 0.279125, 0.689350, 0.278612
0.574150, 0.713295, -0.544825, -0.347829
0.574340, 0.409859, 0.496788, 0.263998
0.574629, 0.865948, -0.575537, -0.167950
0.574832, 0.454873, -0.348022, -0.517835
0.574862, 0.077475, 0.754019, 0.084480
0.574930, 0.499122, -0.419431, -0.526989
0.574978, 0.148997, 0.741603, 0.159757
0.575317, 0.329743, 0.653213, 0.309440
0.575427, 0.732368, -0.548762, -0.326852
0.575706, 0.606767, -0.500497, -0.456393
0.575903, 0.692133, -0.536214, -0.371495
0.575910, 0.658798, -0.524029, -0.406431
0.575925, 0.363419, 0.618328, 0.319797
0.576213, 0.008589, 0.759732, 0.009419
0.576258, 0.135581, 0.745948, 0.145726
0.576266, 0.791449, -0.561759, -0.258516
0.576338, 0.877339, -0.574700, -0.154048
0.576350, 0.297379, 0.679125, 0.289963
0.576419, 0.832753, -0.569028, -0.208892
0.576682, 0.475008, -0.390041, -0.534155
0.576877, 0.431478, -0.637393, -0.841672
0.576919, 1.000000, -0.581301, 0.000000
0.576990, 0.573959, -0.480452, -0.484767
0.576998, 0.889675, -0.575528, -0.138845
0.576999, 0.018566, 0.760599, 0.020294
0.577012, 0.486815, -0.404956, -0.532823
0.577096, 0.758251, -0.553838, -0.297792
0.577201, 0.110459, 0.751699, 0.119322
0.578026, 0.397694, 0.563310, 0.309822
0.578028, 0.267766, 0.698980, 0.267861
0.578144, 0.902998, -0.575383, -0.122323
0.578232, 0.030621, 0.761507, 0.033397
0.578272, 0.745721, -0.549275, -0.312464
0.578584, 0.626289, -0.507347, -0.439627
0.578700, 0.541623, -0.456878, -0.509458
0.578996, 0.916089, -0.575319, -0.105976
0.579022, 0.067469, 0.759532, 0.073241
0.579030, 0.043418, 0.761571, 0.047248
0.579282, 0.056287, 0.760872, 0.061181
0.579298, 0.585598, -0.485637, -0.476702
0.579395, 0.221686, 0.722544, 0.228506
0.579425, 0.952774, -0.576775, -0.059775
0.579489, 0.801841, -0.559955, -0.246746
0.579516, 0.940673, -0.576258, -0.075060
0.579723, 0.772234, -0.553706, -0.281940
0.579771, 0.928755, -0.575250, -0.090089
0.579812, 0.097112, 0.756594, 0.104801
0.580131, 0.647597, -0.515218, -0.419474
0.580184, 0.319633, 0.664474, 0.300246
0.580205, 0.855368, -0.567492, -0.181707
0.580302, 0.965546, -0.576116, -0.043656
0.580411, 0.680882, -0.527496, -0.385026
0.580478, 0.561222, -0.469566, -0.496906
0.580598, 0.978638, -0.576129, -0.027079
0.580962, 0.255677, 0.708033, 0.256749
0.581246, 0.287124, 0.689467, 0.279918
0.581259, 0.821466, -0.561373, -0.223366
0.581342, 0.351374, 0.633617, 0.311137
0.581533, 0.722340, -0.539195, -0.339850
0.581614, 0.596787, -0.489864, -0.468337
0.581732, 0.385971, 0.595680, 0.319944
0.581781, 0.442565, -0.409375, -0.606230
0.581987, 0.465529, -0.373406, -0.538337
0.582169, 0.529950, -0.445513, -0.519629
0.582314, 0.702996, -0.532786, -0.361732
0.582423, 0.339162, 0.647283, 0.306664
0.582508, 0.420062, 0.113120, -0.110979
0.582806, 0.122728, 0.755350, 0.131131
0.583561, 0.208832, 0.731502, 0.215312
0.583673, 0.000000, 0.768196, 0.000000
0.583768, 0.242332, 0.717034, 0.244398
0.583788, 0.518328, -0.434696, -0.527542
0.584199, 0.990222, -0.571822, -0.012427
0.584235, 0.182671, 0.741315, 0.190576
0.584390, 0.307204, 0.676902, 0.290198
0.584412, 0.086265, 0.762880, 0.092695
0.584501, 0.169813, 0.745497, 0.178050
0.584523, 0.842846, -0.560637, -0.197703
0.584525, 0.669105, -0.518958, -0.398967
0.584775, 0.636039, -0.505665, -0.432889
0.584906, 0.505612, -0.422490, -0.534952
0.584922, 0.374248, 0.600043, 0.304024
0.585026, 0.196060, 0.737656, 0.202979
0.585139, 0.784331, -0.549910, -0.268753
0.585159, 0.157166, 0.749679, 0.165449
0.585179, 0.614819, -0.495756, -0.453667
0.586280, 0.407224, 0.492664, 0.245431
0.586316, 0.454122, -0.373386, -0.560435
0.586376, 0.144670, 0.754073, 0.152689
0.586432, 0.867668, -0.561371, -0.167203
0.586597, 0.550624, -0.457886, -0.508910
0.586753, 0.492690, -0.408935, -0.542240
0.586800, 0.734045, -0.536479, -0.328010
0.586906, 0.810351, -0.552625, -0.237779
0.587038, 0.275848, 0.700878, 0.268534
0.587185, 0.362796, 0.621004, 0.306213
0.587351, 0.230475, 0.725654, 0.232788
0.587530, 0.881413, -0.561549, -0.150177
0.587708, 0.132965, 0.758188, 0.140621
0.587806, 0.764400, -0.542658, -0.292968
0.587961, 0.478691, -0.392746, -0.547528
0.588045, 0.692010, -0.523050, -0.375570
0.588086, 0.104444, 0.764041, 0.111213
0.588094, 0.895165, -0.562401, -0.133011
0.588131, 0.712842, -0.529227, -0.352467
0.588478, 0.569523, -0.468514, -0.495414
0.588567, 0.023878, 0.772699, 0.025686
0.588567, 0.075412, 0.768883, 0.080685
0.588639, 0.657724, -0.510548, -0.412473
0.589269, 0.753438, -0.538399, -0.306137
0.589354, 0.831539, -0.553146, -0.212292
0.589456, 0.908600, -0.561906, -0.116202
0.589459, 0.295706, 0.688764, 0.279768
0.589503, 0.430888, -0.200181, -0.423865
0.589590, 0.329757, 0.659460, 0.296256
0.589717, 0.036620, 0.773496, 0.039289
0.589763, 0.011073, 0.774495, 0.011914
0.589952, 0.049724, 0.772718, 0.053278
0.590102, 0.580145, -0.473336, -0.487475
0.590261, 0.604788, -0.486100, -0.465488
0.590302, 0.263553, 0.710873, 0.257762
0.590452, 0.796899, -0.545909, -0.254657
0.590459, 0.062640, 0.772210, 0.066967
0.590489, 0.395409, 0.668461, 0.393228
0.590776, 0.921536, -0.561064, -0.099915
0.590850, 0.957833, -0.562716, -0.053788
0.591107, 1.000000, -0.563045, 0.000000
0.591264, 0.114857, 0.765330, 0.121387
0.591319, 0.853668, -0.553784, -0.185226
0.591340, 0.945391, -0.561622, -0.069640
0.591364, 0.538606, -0.446097, -0.520985
0.591522, 0.742794, -0.533082, -0.319011
0.591543, 0.317309, 0.672138, 0.289505
0.591565, 0.623754, -0.493729, -0.448004
0.591827, 0.217820, 0.735198, 0.219984
0.592052, 0.591684, -0.477860, -0.478386
0.592073, 0.970121, -0.561568, -0.038155
0.592145, 0.933986, -0.560249, -0.084197
0.592323, 0.679673, -0.514270, -0.390333
0.592520, 0.343809, 0.645567, 0.297414
0.592689, 0.646621, -0.501962, -0.425403
0.592852, 0.980928, -0.560577, -0.024365
0.592902, 0.251188, 0.719788, 0.246920
0.592947, 0.774729, -0.538718, -0.281751
0.593424, 0.443194, -0.321421, -0.533793
0.593538, 0.466229, -0.378281, -0.558396
0.593864, 0.383004, 0.567474, 0.271512
0.593866, 0.416731, -0.441770, -0.691425
0.594196, 0.093924, 0.772178, 0.099329
0.594355, 0.526723, -0.435267, -0.531166
0.594401, 0.559764, -0.457802, -0.506940
0.594416, 0.820241, -0.545297, -0.226952
0.594512, 0.190142, 0.748390, 0.194191
0.594606, 0.725277, -0.525182, -0.340037
0.594709, 0.355501, 0.629802, 0.294733
0.594769, 0.284896, 0.700018, 0.269450
0.594794, 0.513464, -0.424480, -0.539795
0.595195, 0.177011, 0.753498, 0.181710
0.595447, 0.204661, 0.743807, 0.207015
0.595653, 0.164245, 0.757859, 0.169462
0.596308, 0.500796, -0.412725, -0.548030
0.596450, 0.702230, -0.517033, -0.366875
0.596504, 0.634604, -0.493393, -0.439266
0.596643, 0.239366, 0.729019, 0.235671
0.596704, 0.151479, 0.762455, 0.156837
0.596873, 0.304743, 0.685744, 0.279055
0.597081, 0.370118, 0.610803, 0.292451
0.597086, 0.667588, -0.505201, -0.405086
0.597103, 0.125981, 0.769360, 0.131527
0.597110, 0.000000, 0.782339, 0.000000
0.597188, 0.487169, -0.399209, -0.555035
0.597226, 0.842206, -0.544972, -0.200193
0.597496, 0.455187, -0.358457, -0.559647
0.597648, 0.786853, -0.535639, -0.268165
0.597648, 0.862970, -0.546920, -0.174327
0.597798, 0.874380, -0.548211, -0.160061
0.598092, 0.888017, -0.549118, -0.142892
0.598386, 0.083331, 0.778045, 0.087749
0.598553, 0.138739, 0.767713, 0.143913
0.598795, 0.807918, -0.538048, -0.242790
0.598828, 0.989730, -0.553347, -0.013167
0.599008, 0.405475, -0.207002, -0.473686
0.599052, 0.272330, 0.711560, 0.258579
0.599214, 0.547597, -0.446413, -0.519687
0.599465, 0.901257, -0.548788, -0.126277
0.599548, 0.019332, 0.784514, 0.020466
0.599600, 0.714281, -0.516705, -0.354031
0.599641, 0.690068, -0.509559, -0.381232
0.599693, 0.762433, -0.528298, -0.297886
0.599711, 0.612263, -0.480636, -0.462821
0.600021, 0.227550, 0.737618, 0.224551
0.600108, 0.070526, 0.781480, 0.074229
0.600183, 0.474823, -0.385656, -0.563041
0.600230, 0.425037, -0.373466, -0.620507
0.600516, 0.043718, 0.784295, 0.046141
0.600586, 0.104226, 0.777051, 0.108863
0.600696, 0.030749, 0.785324, 0.032465
0.600783, 0.056941, 0.783488, 0.059989
0.600862, 0.571676, -0.459331, -0.500741
0.601229, 0.914299, -0.547678, -0.109839
0.601447, 0.336304, 0.654952, 0.284688
0.601473, 0.598697, -0.472676, -0.476618
0.601624, 0.735877, -0.519924, -0.329593
0.601676, 0.656923, -0.496386, -0.417946
0.601765, 0.749373, -0.522761, -0.313725
0.601801, 0.324906, 0.669029, 0.282801
0.602034, 0.951429, -0.548144, -0.062352
0.602055, 0.584533, -0.465157, -0.490047
0.602069, 0.830825, -0.537593, -0.215029
0.602356, 0.436707, -0.356747, -0.590419
0.602393, 0.393371, 0.434722, 0.147144
0.602428, 0.260130, 0.721688, 0.248133
0.602676, 0.963882, -0.548219, -0.046450
0.602883, 0.294454, 0.697491, 0.268864
0.602947, 0.927201, -0.546169, -0.093456
0.603089, 0.313547, 0.680598, 0.277423
0.603800, 0.623273, -0.481292, -0.453644
0.603912, 0.116592, 0.777647, 0.120726
0.604030, 0.215436, 0.746605, 0.212740
0.604182, 0.535681, -0.434814, -0.531958
0.604244, 0.676953, -0.500492, -0.397238
0.604245, 0.797322, -0.529544, -0.256620
0.604262, 0.775901, -0.525600, -0.282653
0.604416, 0.195584, 0.755181, 0.195491
0.604453, 0.852573, -0.537451, -0.188195
0.604479, 0.521093, -0.424392, -0.542590
0.604587, 0.644904, -0.489129, -0.431835
0.604594, 0.010080, 0.790115, 0.010635
0.604839, 1.000000, -0.545820, 0.000000
0.604909, 0.939999, -0.544760, -0.077198
0.604962, 0.347927, 0.644111, 0.284707
0.605017, 0.976731, -0.545199, -0.029950
0.605281, 0.381213, 0.660693, 0.345669
0.605539, 0.360201, 0.620496, 0.277214
0.605620, 0.248445, 0.730927, 0.237854
0.605711, 0.183406, 0.760980, 0.184105
0.605776, 0.558467, -0.447786, -0.514939
0.606350, 0.448365, -0.358470, -0.581437
0.606475, 0.170752, 0.765987, 0.172296
0.606501, 0.508764, -0.413677, -0.552118
0.606669, 0.818958, -0.530230, -0.230441
0.606692, 0.495297, -0.402432, -0.560146
0.606733, 0.281598, 0.709815, 0.259054
0.606972, 0.158474, 0.770216, 0.160704
0.607065, 0.462073, -0.369169, -0.574044
0.607492, 0.879663, -0.536761, -0.154382
0.607686, 0.723519, -0.509860, -0.345498
0.607742, 0.414693, -0.256211, -0.527277
0.608054, 0.145318, 0.775155, 0.147938
0.608082, 0.092415, 0.786570, 0.095635
0.608528, 0.634108, -0.480676, -0.444356
0.608852, 0.130826, 0.779841, 0.133724
0.609080, 0.205148, 0.755343, 0.201919
0.609164, 0.865023, -0.532840, -0.173013
0.609281, 0.893300, -0.535565, -0.137165
0.609313, 0.709134, -0.504209, -0.362512
0.609428, 0.483629, -0.390758, -0.568688
0.609447, 0.370397, 0.592528, 0.258744
0.609547, 0.236620, 0.740548, 0.226881
0.609737, 0.698874, -0.500875, -0.374308
0.609765, 0.078672, 0.790339, 0.081421
0.610260, 0.841405, -0.528871, -0.202909
0.610531, 0.064749, 0.792807, 0.067095
0.610645, 0.687068, -0.496382, -0.387875
0.610796, 0.786511, -0.519794, -0.271004
0.610889, 0.050722, 0.794460, 0.052636
0.610926, 0.666254, -0.489714, -0.411106
0.610959, 0.036856, 0.795496, 0.038291
0.611034, 0.304447, 0.692679, 0.266732
0.611076, 0.000000, 0.797123, 0.000000
0.611112, 0.766905, -0.515454, -0.294784
0.611151, 0.605431, -0.466437, -0.474560
0.611282, 0.906232, -0.534445, -0.120862
0.611343, 0.269373, 0.721557, 0.248489
0.611363, 0.402460, -0.353944, -0.648244
0.611384, 0.988643, -0.537723, -0.014692
0.611416, 0.428215, -0.314523, -0.572676
0.611471, 0.547108, -0.436318, -0.527630
0.611662, 0.472148, -0.378766, -0.575904
0.611723, 0.755982, -0.512528, -0.308056
0.611844, 0.105587, 0.788099, 0.108228
0.611873, 0.591844, -0.459571, -0.488017
0.611878, 0.022729, 0.797465, 0.023601
0.611939, 0.807823, -0.521889, -0.244978
0.612502, 0.567712, -0.447060, -0.510627
0.612649, 0.224965, 0.748942, 0.216462
0.612773, 0.578637, -0.452356, -0.500790
0.612889, 0.329957, 0.666762, 0.272569
0.613063, 0.527622, -0.422828, -0.543878
0.613251, 0.918998, -0.532895, -0.104625
0.613273, 0.954061, -0.533952, -0.059387
0.613314, 0.743876, -0.508181, -0.322907
0.613459, 0.652565, -0.482437, -0.426851
0.613668, 0.616617, -0.468688, -0.464498
0.613685, 0.317056, 0.680667, 0.267937
0.613842, 0.733115, -0.504909, -0.335687
0.614229, 0.290950, 0.706291, 0.258071
0.614240, 0.966076, -0.533666, -0.043930
0.614409, 0.389915, -0.120849, -0.429343
0.614429, 0.830090, -0.522329, -0.217693
0.614545, 0.341045, 0.645220, 0.263676
0.614607, 0.119009, 0.787550, 0.120901
0.615050, 0.440142, -0.337796, -0.584466
0.615084, 0.257715, 0.731842, 0.238596
0.615269, 0.931463, -0.530878, -0.088667
0.615972, 0.191697, 0.766767, 0.187612
0.616132, 0.354328, 0.647580, 0.282208
0.616233, 0.501593, -0.402042, -0.564293
0.616451, 0.852938, -0.522764, -0.189191
0.616672, 0.178506, 0.772475, 0.175865
0.616990, 0.453653, -0.357519, -0.588024
0.617044, 0.515746, -0.411793, -0.555295
0.617125, 0.677943, -0.486499, -0.400093
0.617166, 0.873180, -0.523564, -0.163459
0.617407, 0.627415, -0.469083, -0.454872
0.617567, 0.716369, -0.496517, -0.356229
0.617647, 0.010955, 0.803463, 0.011293
0.617677, 0.796825, -0.513208, -0.259524
0.617859, 0.154355, 0.781614, 0.153687
0.617938, 1.000000, -0.529430, 0.000000
0.617976, 0.776307, -0.509076, -0.284717
0.618026, 0.943794, -0.528514, -0.072919
0.618030, 0.978292, -0.529059, -0.028177
0.618031, 0.213921, 0.758826, 0.205097
0.618126, 0.641320, -0.473218, -0.440281
0.618155, 0.245989, 0.741340, 0.228835
0.618214, 0.378083, 0.558125, 0.228576
0.618253, 0.537753, -0.425265, -0.539324
0.618266, 0.140961, 0.786006, 0.141108
0.618370, 0.166328, 0.778285, 0.164396
0.618641, 0.885444, -0.523253, -0.148037
0.618911, 0.557555, -0.435956, -0.523015
0.619062, 0.420073, -0.316497, -0.596385
0.619143, 0.278840, 0.718929, 0.248178
0.619341, 0.818668, -0.514489, -0.232636
0.619360, 0.489513, -0.390654, -0.574244
0.619726, 0.364712, 0.561370, 0.204671
0.619956, 0.084568, 0.799612, 0.085923
0.620544, 0.202063, 0.766250, 0.194468
0.620662, 0.096435, 0.798267, 0.097568
0.620706, 0.071534, 0.802275, 0.072775
0.620871, 0.058295, 0.803917, 0.059431
0.620966, 0.692079, -0.486116, -0.385118
0.621095, 0.465056, -0.368148, -0.588450
0.621112, 0.409707, -0.315855, -0.613221
0.621114, 0.044870, 0.805292, 0.045807
0.621266, 0.898116, -0.520877, -0.131973
0.621313, 0.300491, 0.700470, 0.255592
0.621414, 0.659586, -0.475997, -0.421745
0.621423, 0.031778, 0.806424, 0.032460
0.621573, 0.598535, -0.453152, -0.485880
0.621740, 0.130246, 0.792051, 0.130102
0.622168, 0.477653, -0.379182, -0.583338
0.622386, 0.584236, -0.446040, -0.500203
0.622576, 0.233888, 0.751677, 0.217807
0.622645, 0.726693, -0.493056, -0.345319
0.622697, 0.704553, -0.487689, -0.371344
0.622823, 0.862785, -0.515800, -0.177379
0.623029, 0.841539, -0.513037, -0.204359
0.623092, 0.324423, 0.674002, 0.258699
0.623190, 0.763957, -0.500331, -0.300709
0.623228, 0.752048, -0.498146, -0.315252
0.623335, 0.108756, 0.798581, 0.109118
0.623422, 0.910632, -0.519497, -0.116079
0.623636, 0.397524, -0.252424, -0.568826
0.623924, 0.431367, -0.331944, -0.602990
0.624043, 0.610726, -0.455707, -0.474628
0.624207, 0.267169, 0.730816, 0.238049
0.624304, 0.569863, -0.437439, -0.514712
0.624336, 0.786264, -0.503193, -0.273648
0.624545, 0.000000, 0.810754, 0.000000
0.624565, 0.311717, 0.689330, 0.255093
0.624763, 0.989042, -0.520597, -0.014280
0.624953, 0.526459, -0.412871, -0.552438
0.624957, 0.670328, -0.475446, -0.410950
0.625008, 0.807118, -0.505795, -0.247898
0.625031, 0.347826, 0.626219, 0.239643
0.625296, 0.547469, -0.424945, -0.535253
0.625354, 0.020387, 0.811084, 0.020707
0.625436, 0.507164, -0.400023, -0.567302
0.625661, 0.222590, 0.760125, 0.208077
0.625744, 0.968221, -0.518790, -0.041414
0.625793, 0.922569, -0.517192, -0.100772
0.625998, 0.956645, -0.518068, -0.056490
0.626031, 0.444782, -0.345711, -0.601120
0.626131, 0.739072, -0.491750, -0.331389
0.626250, 0.335561, 0.660672, 0.256162
0.626443, 0.830150, -0.507360, -0.219216
0.626504, 0.288684, 0.714006, 0.246655
0.626612, 0.185462, 0.778327, 0.178130
0.626663, 0.120271, 0.798799, 0.119449
0.627087, 0.385406, -0.418105, -0.756840
0.627436, 0.648738, -0.465805, -0.435533
0.627722, 0.255661, 0.741211, 0.228906
0.627765, 0.634038, -0.460626, -0.451709
0.627805, 0.149336, 0.792262, 0.146137
0.627843, 0.934641, -0.515003, -0.085189
0.627909, 0.621943, -0.455968, -0.464442
0.628386, 0.875604, -0.509714, -0.161451
0.628831, 0.682789, -0.474731, -0.398013
0.628910, 0.495450, -0.389281, -0.577943
0.628986, 0.174057, 0.784865, 0.167540
0.629179, 0.372087, 0.044448, -0.308331
0.629689, 0.457135, -0.356849, -0.600199
0.629749, 0.715849, -0.482310, -0.359898
0.629779, 0.852102, -0.505982, -0.191778
0.629814, 0.888361, -0.509385, -0.145253
0.630089, 0.161605, 0.790152, 0.156356
0.630180, 0.243631, 0.750842, 0.219960
0.630290, 0.195796, 0.777034, 0.184986
0.630292, 0.774172, -0.493855, -0.289647
0.630532, 0.358743, 0.846647, 0.470592
0.630589, 0.946640, -0.512335, -0.069714
0.630855, 0.208893, 0.771264, 0.195118
0.631133, 0.420183, -0.315150, -0.611694
0.631146, 0.516777, -0.402176, -0.563965
0.631205, 1.000000, -0.512477, 0.000000
0.631217, 0.592034, -0.440793, -0.496412
0.631229, 0.796566, -0.496468, -0.262016
0.631384, 0.558425, -0.425235, -0.528699
0.631507, 0.077247, 0.812073, 0.076982
0.631519, 0.536763, -0.413585, -0.547897
0.631580, 0.138151, 0.799108, 0.134906
0.631624, 0.817546, -0.499099, -0.235791
0.631672, 0.052275, 0.815209, 0.052322
0.631713, 0.010308, 0.817610, 0.010382
0.631810, 0.978215, -0.511425, -0.028497
0.631845, 0.277085, 0.726561, 0.236876
0.631896, 0.089472, 0.810441, 0.088838
0.631905, 0.064585, 0.814172, 0.064479
0.632112, 0.483341, -0.378165, -0.588294
0.632122, 0.039846, 0.816432, 0.039913
0.632459, 0.577763, -0.433371, -0.510995
0.632529, 0.695478, -0.473883, -0.384387
0.632542, 0.406489, -0.290536, -0.607584
0.632573, 0.300459, 0.703688, 0.243862
0.633114, 0.470387, -0.367028, -0.596695
0.633185, 0.902050, -0.506156, -0.127816
0.633295, 0.101384, 0.809488, 0.100049
0.633397, 0.660636, -0.463058, -0.424327
0.633589, 0.322748, 0.676115, 0.244501
0.633819, 0.749529, -0.484727, -0.320378
0.633976, 0.604189, -0.442964, -0.485272
0.634191, 0.029414, 0.819329, 0.029367
0.634278, 0.434643, -0.331913, -0.612849
0.634443, 0.728288, -0.479655, -0.346205
0.634753, 0.864936, -0.501044, -0.175872
0.635150, 0.761400, -0.485408, -0.306125
0.635791, 0.393781, -0.294766, -0.633754
0.635874, 0.113612, 0.809375, 0.111053
0.635937, 0.345859, 0.585676, 0.181972
0.636046, 0.127488, 0.805822, 0.123989
0.636119, 0.219554, 0.769492, 0.200299
0.636201, 0.231795, 0.762260, 0.208523
0.636265, 0.640329, -0.453441, -0.447665
0.636313, 0.913750, -0.503293, -0.112882
0.636544, 0.840670, -0.496122, -0.207148
0.636815, 0.706496, -0.471728, -0.372618
0.636847, 0.785084, -0.487759, -0.277288
0.637105, 0.673064, -0.462628, -0.411470
0.637280, 0.265493, 0.739116, 0.227498
0.637300, 0.311507, 0.691711, 0.240584
0.637318, 0.505001, -0.389900, -0.576975
0.637396, 0.965235, -0.503771, -0.045600
0.637486, 0.828286, -0.493098, -0.222950
0.637561, 0.615889, -0.443661, -0.474456
0.637888, 0.447113, -0.343733, -0.612432
0.638107, 0.989013, -0.503503, -0.014425
0.638162, 0.926465, -0.501649, -0.096406
0.638188, 0.547326, -0.413416, -0.542228
0.638249, 0.289155, 0.718245, 0.236176
0.638268, 0.333943, 0.665192, 0.242682
0.638288, 0.380538, -0.224403, -0.584151
0.638335, 0.000000, 0.824474, 0.000000
0.638346, 0.526447, -0.402135, -0.560495
0.638389, 0.567191, -0.422859, -0.523848
0.638615, 0.806834, -0.488874, -0.250271
0.638908, 0.184843, 0.788875, 0.172551
0.638974, 0.150484, 0.801869, 0.143706
0.639534, 0.878702, -0.496047, -0.158521
0.639709, 0.739222, -0.475740, -0.334195
0.639729, 0.020387, 0.825441, 0.020175
0.639909, 0.253631, 0.749578, 0.219148
0.640059, 0.892379, -0.496539, -0.140852
0.640099, 0.171939, 0.794964, 0.161567
0.640309, 0.939425, -0.499280, -0.079529
0.640363, 0.367711, -0.424020, -0.799805
0.640475, 0.628378, -0.444949, -0.462146
0.640622, 0.585221, -0.428491, -0.507102
0.640757, 0.651367, -0.451971, -0.436882
0.640812, 0.685687, -0.461834, -0.397980
0.640869, 0.492896, -0.379301, -0.588306
0.640957, 0.198688, 0.784049, 0.182378
0.641023, 0.953578, -0.499228, -0.061027
0.641166, 0.459460, -0.353515, -0.609613
0.641740, 0.853284, -0.491092, -0.191602
0.641769, 0.413230, -0.305557, -0.626037
0.641880, 0.242320, 0.758948, 0.211487
0.642008, 0.426296, -0.321332, -0.624218
0.642161, 0.772558, -0.479040, -0.293742
0.642163, 0.718342, -0.468155, -0.359793
0.642508, 0.160609, 0.801211, 0.151202
0.642539, 0.044635, 0.826278, 0.043807
0.642787, 0.069650, 0.824037, 0.068027
0.642976, 0.355778, 0.284519, -0.107326
0.642999, 0.082354, 0.822265, 0.080161
0.643264, 0.056698, 0.826158, 0.055451
0.643597, 0.140658, 0.809173, 0.133688
0.643674, 0.278312, 0.729983, 0.226661
0.643700, 0.596506, -0.429927, -0.496921
0.643721, 0.480763, -0.368822, -0.598740
0.643842, 0.514867, -0.390865, -0.573282
0.643996, 0.210597, 0.780075, 0.189739
0.644205, 0.977051, -0.495654, -0.030242
0.644218, 0.094358, 0.821211, 0.091297
0.644235, 0.795729, -0.480319, -0.265140
0.644405, 1.000000, -0.495516, 0.000000
0.644494, 0.300355, 0.703745, 0.228074
0.644610, 0.817729, -0.482862, -0.237319
0.644834, 0.536679, -0.402065, -0.555201
0.644949, 0.401151, -0.291976, -0.633322
0.645223, 0.556731, -0.411513, -0.536983
0.645322, 0.751232, -0.471143, -0.320556
0.645362, 0.663326, -0.450303, -0.424752
0.645460, 0.470389, -0.359974, -0.606779
0.645462, 0.697110, -0.459309, -0.385807
0.645589, 0.010363, 0.831336, 0.010176
0.645605, 0.322603, 0.680853, 0.233348
0.645746, 0.106281, 0.820120, 0.102064
0.645971, 0.033608, 0.830971, 0.032823
0.645973, 0.865771, -0.486972, -0.175921
0.646470, 0.438407, -0.332325, -0.624708
0.646521, 0.903905, -0.489280, -0.126345
0.646564, 0.575255, -0.418411, -0.519559
0.646577, 0.118763, 0.817816, 0.113308
0.646945, 0.223652, 0.774543, 0.196911
0.646946, 0.607687, -0.430758, -0.486521
0.647289, 0.130311, 0.815270, 0.123489
0.647417, 0.388367, -0.268223, -0.630231
0.647548, 0.730007, -0.464247, -0.346917
0.647690, 0.640319, -0.440931, -0.451415
0.647869, 0.831358, -0.480356, -0.220311
0.647897, 0.343595, 0.925607, 0.505302
0.648073, 0.917373, -0.488566, -0.108894
0.648200, 0.762167, -0.469613, -0.307587
0.648658, 0.782591, -0.472752, -0.282350
0.648972, 0.268690, 0.741438, 0.218856
0.649006, 0.676366, -0.449828, -0.410890
0.649068, 0.502276, -0.379217, -0.586591
0.649561, 0.843531, -0.480120, -0.205042
0.649628, 0.312511, 0.693885, 0.228263
0.649717, 0.889580, -0.483868, -0.145227
0.649963, 0.965822, -0.487801, -0.045161
0.650029, 0.619280, -0.431557, -0.475258
0.650041, 0.450830, -0.341777, -0.621979
0.650050, 0.930673, -0.486589, -0.091499
0.650160, 0.708571, -0.456469, -0.373321
0.650165, 0.376029, -0.264052, -0.646206
0.650181, 0.190243, 0.795061, 0.171748
0.650378, 0.177425, 0.800994, 0.161885
0.650446, 0.877105, -0.481955, -0.161544
0.650556, 0.257962, 0.751521, 0.213037
0.650686, 0.288790, 0.724635, 0.226107
0.650762, 0.332734, 0.572643, 0.132552
0.650798, 0.234841, 0.769379, 0.201051
0.650862, 0.525175, -0.390709, -0.568535
0.650924, 0.988113, -0.487034, -0.015718
0.651397, 0.943953, -0.485324, -0.074049
0.651757, 0.419238, -0.311272, -0.637198
0.651951, 0.806952, -0.472402, -0.252113
0.651954, 0.546393, -0.400366, -0.549885
0.652006, 0.000000, 0.837866, 0.000000
0.652087, 0.022278, 0.837410, 0.021496
0.652421, 0.151232, 0.813265, 0.139863
0.652574, 0.586621, -0.416941, -0.510537
0.652656, 0.364055, -0.215823, -0.617755
0.652689, 0.489301, -0.368271, -0.598882
0.652714, 0.164914, 0.808124, 0.150964
0.652787, 0.565322, -0.408052, -0.532068
0.652789, 0.742140, -0.460429, -0.333236
0.652921, 0.652778, -0.438857, -0.439059
0.653169, 0.246786, 0.761867, 0.205670
0.653325, 0.202826, 0.790950, 0.179196
0.653451, 0.061790, 0.835141, 0.059147
0.653635, 0.075516, 0.833304, 0.072029
0.653674, 0.046865, 0.837045, 0.044956
0.653788, 0.955673, -0.482688, -0.058668
0.653915, 0.687522, -0.447002, -0.399158
0.654136, 0.629917, -0.430561, -0.464995
0.654177, 0.462969, -0.349061, -0.618226
0.654335, 0.856078, -0.475294, -0.189297
0.654622, 0.408153, -0.298324, -0.643356
0.654870, 0.719946, -0.453340, -0.360688
0.655184, 0.429714, -0.320709, -0.636974
0.655186, 0.087916, 0.832637, 0.083257
0.655444, 0.351827, -0.480950, -0.897833
0.655638, 0.793117, -0.465697, -0.270182
0.655764, 0.770943, -0.461791, -0.297977
0.655780, 0.512971, -0.379937, -0.581760
0.655804, 0.820738, -0.469246, -0.234984
0.655859, 0.301560, 0.694122, 0.205145
0.656070, 0.598217, -0.417649, -0.499792
0.656194, 0.666925, -0.438875, -0.423610
0.656233, 0.214998, 0.785781, 0.185851
0.656299, 0.138958, 0.820605, 0.128286
0.656336, 0.100519, 0.831048, 0.094512
0.656832, 0.395614, -0.282384, -0.647431
0.656877, 0.476482, -0.356842, -0.611048
0.657140, 1.000000, -0.479248, 0.000000
0.657334, 0.277941, 0.732624, 0.211460
0.657396, 0.113058, 0.828966, 0.105494
0.657410, 0.976022, -0.478571, -0.031812
0.657919, 0.535376, -0.389564, -0.563009
0.658139, 0.754707, -0.456253, -0.318749
0.658163, 0.125674, 0.826196, 0.116352
0.658196, 0.033908, 0.842451, 0.032264
0.658280, 0.909669, -0.474716, -0.119601
0.658285, 0.698997, -0.444615, -0.386635
0.658426, 0.897005, -0.473548, -0.136232
0.658529, 0.010968, 0.843738, 0.010476
0.658653, 0.868443, -0.470922, -0.173623
0.658693, 0.441381, -0.329427, -0.634551
0.659055, 0.324292, 0.681942, 0.219192
0.659288, 0.576013, -0.405948, -0.524070
0.659339, 0.833913, -0.466259, -0.218448
0.659356, 0.610051, -0.418282, -0.488326
0.659397, 0.227010, 0.779934, 0.191141
0.659490, 0.640901, -0.427872, -0.454307
0.659627, 0.555424, -0.397110, -0.544735
0.659798, 0.922855, -0.473717, -0.102330
0.659957, 0.732060, -0.449598, -0.346929
0.660006, 0.384011, -0.267970, -0.652930
0.660380, 0.500331, -0.369017, -0.594915
0.660390, 0.883030, -0.469666, -0.154637
0.660857, 0.782053, -0.457203, -0.284826
0.660903, 0.338535, 0.290223, -0.147670
0.661023, 0.183090, 0.806410, 0.161474
0.661026, 0.313283, 0.723103, 0.244323
0.661259, 0.265583, 0.749013, 0.206709
0.661686, 0.936445, -0.471779, -0.084417
0.661948, 0.291952, 0.727100, 0.218448
0.662173, 0.846616, -0.464312, -0.202416
0.662315, 0.195228, 0.801189, 0.169356
0.662331, 0.677900, -0.434623, -0.412459
0.662333, 0.453152, -0.336693, -0.630681
0.662732, 0.372635, -0.250493, -0.654328
0.662795, 0.171237, 0.813367, 0.151783
0.662967, 0.055475, 0.844689, 0.052079
0.663116, 0.523611, -0.379105, -0.576340
0.663233, 0.800412, -0.457079, -0.261943
0.663266, 0.158101, 0.819313, 0.141465
0.663350, 0.988152, -0.470949, -0.015773
0.663402, 0.253398, 0.760813, 0.200068
0.663438, 0.621421, -0.417548, -0.477267
0.663481, 0.418006, -0.306221, -0.649900
0.663666, 0.069685, 0.843390, 0.065109
0.663682, 0.710332, -0.440664, -0.374208
0.663798, 0.659518, -0.428102, -0.434185
0.663960, 0.949634, -0.469225, -0.067002
0.663985, 0.240109, 0.772406, 0.194276
0.664095, 0.487987, -0.358776, -0.607086
0.664240, 0.963832, -0.469479, -0.048152
0.664433, 0.587708, -0.405044, -0.513926
0.664537, 0.811822, -0.457156, -0.247589
0.664731, 0.361009, -0.242026, -0.663694
0.664776, 0.021787, 0.849350, 0.020446
0.665220, 0.744389, -0.445577, -0.332791
0.665266, 0.764061, -0.448953, -0.308249
0.665341, 0.000000, 0.850394, 0.000000
0.665458, 0.146065, 0.825798, 0.131098
0.665514, 0.465512, -0.343432, -0.624789
0.665545, 0.403772, -0.291159, -0.656953
0.665705, 0.545090, -0.386723, -0.557483
0.665864, 0.649433, -0.422892, -0.446247
0.666077, 0.081621, 0.843694, 0.075540
0.666163, 0.206713, 0.797193, 0.174551
0.666165, 0.565524, -0.394808, -0.537450
0.666262, 0.043314, 0.849094, 0.040445
0.666587, 0.348599, -0.122750, -0.563103
0.666706, 0.094613, 0.841570, 0.087022
0.666812, 0.430365, -0.315792, -0.647289
0.666841, 0.689247, -0.432097, -0.400185
0.667007, 0.859844, -0.459477, -0.185670
0.667102, 0.721631, -0.438871, -0.361181
0.667549, 0.511438, -0.368993, -0.589425
0.667610, 0.282328, 0.727758, 0.198993
0.667907, 0.133081, 0.832194, 0.119686
0.667983, 0.632585, -0.415887, -0.466226
0.667995, 0.599858, -0.405528, -0.502280
0.668018, 0.823738, -0.454154, -0.232656
0.668188, 0.107257, 0.839908, 0.097734
0.668239, 0.303975, 0.658403, 0.156068
0.668728, 0.874581, -0.458419, -0.166454
0.668872, 0.119907, 0.837039, 0.108381
0.669021, 0.217780, 0.791688, 0.179546
0.669580, 0.476665, -0.347705, -0.619299
0.669611, 0.902173, -0.459476, -0.130201
0.669624, 0.889269, -0.458348, -0.147185
0.669677, 0.391789, -0.277060, -0.664597
0.669765, 0.976513, -0.462553, -0.031367
0.669793, 0.774937, -0.444959, -0.295227
0.669820, 0.330030, 0.234547, -0.225777
0.669914, 1.000000, -0.462688, 0.000000
0.669999, 0.914868, -0.459818, -0.113429
0.670050, 0.789620, -0.446807, -0.276622
0.670166, 0.668713, -0.423061, -0.425128
0.670352, 0.229782, 0.783645, 0.184787
0.670557, 0.442358, -0.323454, -0.643651
0.670797, 0.533970, -0.376929, -0.570454
0.671009, 0.700717, -0.429750, -0.387416
0.671165, 0.271810, 0.744623, 0.197906
0.671199, 0.835674, -0.451415, -0.217547
0.671267, 0.928014, -0.459124, -0.096080
0.671322, 0.031574, 0.854716, 0.029178
0.671609, 0.576830, -0.393546, -0.527946
0.671720, 0.010436, 0.856024, 0.009674
0.671837, 0.317517, 0.868416, 0.383900
0.671906, 0.611647, -0.405139, -0.490756
0.671986, 0.499334, -0.358798, -0.602287
0.672078, 0.733991, -0.435106, -0.346884
0.672299, 0.754481, -0.438644, -0.321498
0.672455, 0.188766, 0.811480, 0.159726
0.672519, 0.063821, 0.852281, 0.058472
0.673079, 0.380460, -0.262997, -0.670319
0.673438, 0.555034, -0.383308, -0.550983
0.673516, 0.410877, -0.295800, -0.662705
0.673548, 0.178039, 0.817995, 0.151852
0.673734, 0.941319, -0.456274, -0.078432
0.673833, 0.165242, 0.824246, 0.142543
0.673936, 0.260368, 0.757391, 0.192276
0.673940, 0.847226, -0.449167, -0.202806
0.673997, 0.454290, -0.329938, -0.638451
0.674208, 0.643232, -0.411798, -0.455860
0.674390, 0.293075, 0.734874, 0.211920
0.674697, 0.247786, 0.769951, 0.188183
0.674812, 0.802008, -0.442566, -0.261465
0.675062, 0.341165, -0.264053, -0.725847
0.675129, 0.368674, -0.247682, -0.673380
0.675155, 0.954512, -0.455025, -0.060885
0.675283, 0.522110, -0.367257, -0.583619
0.675467, 0.052438, 0.856437, 0.047846
0.675620, 0.152945, 0.831056, 0.132656
0.675687, 0.199372, 0.807474, 0.164585
0.675800, 0.680039, -0.419187, -0.413144
0.675927, 0.988781, -0.454519, -0.015032
0.675966, 0.355758, -0.234396, -0.678046
0.675994, 0.421572, -0.304294, -0.660023
0.675999, 0.589341, -0.393325, -0.516279
0.676060, 0.487770, -0.349100, -0.614300
0.676594, 0.623176, -0.403442, -0.479375
0.676693, 0.656957, -0.412448, -0.440526
0.676965, 0.088622, 0.851772, 0.079640
0.677172, 0.813942, -0.441340, -0.246490
0.677209, 0.075331, 0.854573, 0.067975
0.677391, 0.712382, -0.424529, -0.374634
0.677396, 0.966367, -0.452546, -0.045093
0.677525, 0.140338, 0.837426, 0.122270
0.677705, 0.465541, -0.334690, -0.632808
0.678257, 0.020121, 0.861766, 0.018295
0.678328, 0.857656, -0.444228, -0.189466
0.678464, 0.236555, 0.781711, 0.181139
0.678473, 0.869021, -0.445471, -0.174647
0.678483, 0.399349, -0.282722, -0.671976
0.678565, 0.723730, -0.425151, -0.360782
0.678657, 0.101158, 0.850367, 0.089959
0.678725, 0.765774, -0.432564, -0.308398
0.678881, 0.743755, -0.428499, -0.336006
0.678887, 0.565791, -0.381916, -0.542167
0.678968, 0.544303, -0.373474, -0.564012
0.679025, 0.000000, 0.862871, 0.000000
0.679294, 0.781043, -0.434019, -0.288971
0.679307, 0.041125, 0.861151, 0.037237
0.679310, 0.432666, -0.311284, -0.656533
0.679389, 0.127156, 0.843469, 0.111188
0.679507, 0.305326, 0.649576, 0.135106
0.679513, 0.510139, -0.357685, -0.596648
0.679620, 0.881809, -0.445138, -0.157888
0.679772, 0.210642, 0.802564, 0.168044
0.679784, 0.114190, 0.847817, 0.100518
0.679797, 0.281570, 0.720324, 0.175007
0.679891, 0.690769, -0.416726, -0.401232
0.680098, 0.601525, -0.392895, -0.504459
0.680444, 0.825946, -0.438493, -0.231259
0.680817, 0.894642, -0.444345, -0.140920
0.680864, 0.222864, 0.794041, 0.173672
0.681118, 0.907123, -0.444819, -0.124362
0.681570, 0.327497, -0.334230, -0.816793
0.681585, 0.634064, -0.400867, -0.468453
0.681588, 0.919684, -0.444956, -0.107654
0.681810, 0.669767, -0.409726, -0.426878
0.682129, 0.476405, -0.337749, -0.627000
0.682682, 0.978619, -0.445546, -0.028731
0.682784, 0.444003, -0.317194, -0.651803
0.682836, 0.932557, -0.444219, -0.090553
0.683048, 0.702173, -0.415276, -0.388025
0.683073, 1.000000, -0.445413, 0.000000
0.683146, 0.578653, -0.382034, -0.530168
0.683198, 0.532497, -0.364358, -0.577309
0.683202, 0.792779, -0.430849, -0.274576
0.683346, 0.388225, -0.269866, -0.680663
0.683444, 0.315623, 0.445195, -0.050989
0.683622, 0.837876, -0.435676, -0.216028
0.683779, 0.173866, 0.826978, 0.144032
0.683932, 0.063620, 0.862517, 0.056601
0.683942, 0.269290, 0.749729, 0.183961
0.684159, 0.498408, -0.347798, -0.609488
0.684335, 0.188235, 0.819623, 0.152697
0.684442, 0.029783, 0.866555, 0.026662
0.684460, 0.613587, -0.391759, -0.492458
0.684935, 0.409896, -0.289727, -0.673500
0.685266, 0.256092, 0.763820, 0.179306
0.685267, 0.754115, -0.422321, -0.324106
0.685346, 0.646794, -0.399905, -0.454768
0.685501, 0.350767, -0.220235, -0.683037
0.685635, 0.160817, 0.834831, 0.134120
0.685641, 0.338490, -0.221632, -0.699518
0.685698, 0.732822, -0.418022, -0.350823
0.685775, 0.009717, 0.868736, 0.008698
0.685796, 0.377030, -0.257155, -0.686110
0.685855, 0.945826, -0.440644, -0.072861
0.685894, 0.294660, 0.764082, 0.228753
0.686139, 0.364186, -0.241415, -0.687691
0.686403, 0.455160, -0.321910, -0.646263
0.687066, 0.554793, -0.369443, -0.556697
0.687132, 0.804855, -0.427321, -0.259456
0.687246, 0.849296, -0.432154, -0.201412
0.687342, 0.083546, 0.861643, 0.073140
0.687465, 0.520325, -0.354992, -0.590887
0.687485, 0.148055, 0.841911, 0.124284
0.687600, 0.243746, 0.777801, 0.174977
0.687652, 0.773693, -0.422263, -0.299537
0.687665, 0.051539, 0.867324, 0.045568
0.687675, 0.421578, -0.297760, -0.669451
0.687692, 0.200529, 0.813685, 0.157959
0.687762, 0.591010, -0.381140, -0.518387
0.688106, 0.487014, -0.338533, -0.621409
0.688129, 0.957351, -0.437991, -0.057445
0.688526, 0.659131, -0.399224, -0.441071
0.689089, 0.134943, 0.848292, 0.113960
0.689372, 0.989991, -0.436830, -0.013500
0.689412, 0.682258, -0.403469, -0.413654
0.689422, 0.095058, 0.860832, 0.082245
0.689675, 0.230029, 0.791668, 0.169386
0.689703, 0.862030, -0.429927, -0.184757
0.689730, 0.720048, -0.410783, -0.367541
0.689832, 0.816928, -0.425461, -0.244159
0.690054, 0.107784, 0.857963, 0.092427
0.690133, 0.625301, -0.388646, -0.480801
0.690141, 0.969056, -0.435721, -0.041737
0.690165, 0.568190, -0.370996, -0.543772
0.690305, 0.874475, -0.430620, -0.168448
0.690382, 0.282933, 0.717130, 0.160186
0.690420, 0.465989, -0.325276, -0.640326
0.690894, 0.121388, 0.854253, 0.103017
0.691026, 0.397929, -0.276409, -0.684583
0.691135, 0.073346, 0.866951, 0.063810
0.691317, 0.433499, -0.304177, -0.664722
0.691393, 0.215478, 0.804675, 0.162222
0.691506, 0.542671, -0.360236, -0.570632
0.691543, 0.886856, -0.430024, -0.152102
0.691690, 0.709210, -0.406031, -0.381063
0.691768, 0.508273, -0.345570, -0.604186
0.691991, 0.039818, 0.872382, 0.034873
0.692019, 0.742255, -0.411842, -0.340155
0.692139, 0.603419, -0.380135, -0.506080
0.692326, 0.019118, 0.874299, 0.016751
0.692444, 0.899254, -0.429529, -0.135569
0.692450, 0.694800, -0.402424, -0.399075
0.692627, 0.305797, 0.371114, -0.149621
0.692642, 0.763445, -0.414502, -0.313439
0.692706, 0.911558, -0.429913, -0.119120
0.692809, 0.784806, -0.417354, -0.286065
0.692953, 0.671150, -0.396692, -0.427744
0.693047, 0.829019, -0.422621, -0.228678
0.693153, 0.924042, -0.430004, -0.102402
0.693185, 0.181148, 0.828986, 0.143518
0.693228, 0.000000, 0.875643, 0.000000
0.693539, 0.319349, -0.226094, -0.739366
0.693896, 0.637241, -0.387454, -0.468041
0.694201, 0.936856, -0.429423, -0.085253
0.694551, 0.331054, -0.181228, -0.682227
0.695052, 0.476157, -0.327022, -0.634457
0.695066, 0.580344, -0.369786, -0.532388
0.695121, 0.445368, -0.309334, -0.658959
0.695301, 0.168829, 0.837194, 0.134905
0.695311, 0.530158, -0.351489, -0.584674
0.695348, 0.273512, 0.737351, 0.162649
0.696028, 0.061089, 0.873262, 0.052590
0.696052, 0.410289, -0.284330, -0.682616
0.696055, 0.262280, 0.757785, 0.168037
0.696065, 0.358160, -0.234133, -0.701453
0.696078, 0.344783, -0.213906, -0.698709
0.696172, 0.980788, -0.427739, -0.025982
0.696412, 0.372204, -0.249879, -0.699252
0.696510, 0.796085, -0.414263, -0.272075
0.696524, 0.840966, -0.419343, -0.213328
0.696691, 0.386010, -0.263235, -0.694876
0.696828, 0.496478, -0.335461, -0.617327
0.696848, 0.615715, -0.378377, -0.493652
0.696998, 0.650356, -0.387065, -0.453455
0.697029, 1.000000, -0.426848, 0.000000
0.697302, 0.028629, 0.877811, 0.024759
0.697497, 0.204395, 0.815798, 0.153014
0.697702, 0.250792, 0.771235, 0.164818
0.697707, 0.156580, 0.845151, 0.125685
0.697726, 0.292831, 0.858997, 0.310895
0.697959, 0.729408, -0.402309, -0.357417
0.698396, 0.751979, -0.405467, -0.328946
0.698426, 0.191566, 0.825516, 0.146047
0.698617, 0.559781, -0.359098, -0.555465
0.698898, 0.238203, 0.786194, 0.162830
0.699143, 0.853530, -0.417159, -0.196974
0.699198, 0.144596, 0.851671, 0.117002
0.699222, 0.457110, -0.313217, -0.652456
0.699250, 0.422768, -0.291601, -0.677461
0.699463, 0.592838, -0.368795, -0.520010
0.699571, 0.085117, 0.871524, 0.071803
0.699587, 0.949592, -0.422794, -0.068267
0.699593, 0.808288, -0.411784, -0.256574
0.699709, 0.517528, -0.342021, -0.598870
0.700215, 0.048631, 0.878371, 0.041525
0.700278, 0.774691, -0.406397, -0.300134
0.700452, 0.010841, 0.881584, 0.009325
0.700509, 0.485727, -0.327063, -0.628796
0.700514, 0.224886, 0.799849, 0.158151
0.700520, 0.132742, 0.857444, 0.108124
0.700736, 0.098204, 0.869116, 0.081941
0.700871, 0.866448, -0.415888, -0.179911
0.701010, 0.662595, -0.385101, -0.439801
0.701015, 0.960967, -0.421050, -0.052895
0.701067, 0.110503, 0.865649, 0.091400
0.701396, 0.549965, -0.352758, -0.566850
0.701543, 0.702916, -0.392847, -0.390885
0.701972, 0.688104, -0.389505, -0.409275
0.702380, 0.879101, -0.415212, -0.163239
0.702492, 0.820447, -0.409497, -0.241015
0.702530, 0.399088, -0.271875, -0.693917
0.702576, 0.121636, 0.863048, 0.099283
0.702613, 0.716942, -0.394182, -0.373728
0.702757, 0.676576, -0.385996, -0.423294
0.702782, 0.971764, -0.418790, -0.038290
0.702906, 0.071768, 0.876912, 0.060309
0.702976, 0.570332, -0.357958, -0.545716
0.703254, 0.628135, -0.374321, -0.481125
0.703297, 0.435191, -0.297060, -0.671673
0.703624, 0.891282, -0.414514, -0.147043
0.703818, 0.312719, -0.275722, -0.811155
0.703933, 0.990193, -0.417605, -0.013312
0.704021, 0.282807, 0.803596, 0.229647
0.704082, 0.504918, -0.332457, -0.612794
0.704096, 0.468468, -0.315382, -0.645786
0.704107, 0.605160, -0.367095, -0.507503
0.704192, 0.903347, -0.414379, -0.130822
0.704260, 0.915486, -0.414921, -0.114470
0.704380, 0.538665, -0.345599, -0.579637
0.704417, 0.178572, 0.837041, 0.135433
0.704521, 0.740171, -0.395868, -0.344952
0.704609, 0.300871, -0.313172, -0.860175
0.704662, 0.927592, -0.414997, -0.098155
0.704683, 0.212972, 0.811922, 0.150746
0.704936, 0.762323, -0.398775, -0.316771
0.705108, 0.641789, -0.375431, -0.465503
0.705166, 0.036508, 0.883928, 0.030803
0.705260, 0.337223, -0.212094, -0.718392
0.705425, 0.324453, -0.206741, -0.729585
0.705488, 0.939518, -0.414380, -0.082056
0.705772, 0.832616, -0.406500, -0.225312
0.705975, 0.786534, -0.400884, -0.285725
0.706164, 0.364586, -0.239593, -0.711874
0.706214, 0.350882, -0.225566, -0.715652
0.706838, 0.000000, 0.887269, 0.000000
0.706952, 0.165928, 0.845940, 0.126969
0.706996, 0.582512, -0.357365, -0.533714
0.707044, 0.270357, 0.729392, 0.136652
0.707102, 0.377919, -0.251912, -0.707991
0.707240, 0.412183, -0.279105, -0.689897
0.707382, 0.447348, -0.301228, -0.664965
0.707423, 0.022261, 0.887213, 0.018643
0.707552, 0.526755, -0.337907, -0.592882
0.707669, 0.058493, 0.883257, 0.048626
0.708576, 0.617008, -0.365154, -0.495194
0.708616, 0.199481, 0.824485, 0.142602
0.708719, 0.845178, -0.403910, -0.208974
0.708741, 0.258526, 0.763984, 0.153789
0.708897, 0.799280, -0.398779, -0.269535
0.709248, 0.246665, 0.776365, 0.151007
0.709315, 0.653934, -0.373270, -0.452121
0.709520, 0.479006, -0.315861, -0.639264
0.709813, 0.389943, -0.260943, -0.704787
0.709974, 0.153316, 0.854686, 0.117695
0.710047, 0.234020, 0.792377, 0.150567
0.710281, 0.492191, -0.321135, -0.627532
0.710502, 0.729012, -0.386489, -0.360038
0.710779, 0.857897, -0.402374, -0.192231
0.710815, 0.424938, -0.285276, -0.683763
0.711049, 0.980615, -0.408018, -0.026390
0.711055, 0.750478, -0.389171, -0.332837
0.711067, 0.695162, -0.379713, -0.402404
0.711230, 0.141536, 0.861096, 0.109737
0.711243, 0.080650, 0.881605, 0.065696
0.711269, 1.000000, -0.408081, 0.000000
0.711352, 0.594676, -0.356043, -0.521485
0.711573, 0.092499, 0.879025, 0.074672
0.711721, 0.667826, -0.373355, -0.435888
0.711757, 0.187587, 0.834811, 0.135299
0.711823, 0.772927, -0.391442, -0.304082
0.711911, 0.559567, -0.344846, -0.560283
0.711914, 0.459223, -0.303979, -0.657776
0.711926, 0.514403, -0.328730, -0.606823
0.712008, 0.811825, -0.396178, -0.253440
0.712193, 0.870719, -0.401470, -0.175162
0.712394, 0.291678, 0.061914, -0.501839
0.712442, 0.957173, -0.405904, -0.058352
0.712574, 0.046157, 0.888909, 0.037945
0.712583, 0.104778, 0.876106, 0.083600
0.712584, 0.707935, -0.380155, -0.386787
0.712864, 0.129161, 0.867522, 0.100797
0.712962, 0.221443, 0.806342, 0.145652
0.713542, 0.116251, 0.872913, 0.091584
0.713684, 0.010984, 0.892641, 0.009061
0.714076, 0.635524, -0.363264, -0.474902
0.714154, 0.547524, -0.338504, -0.573856
0.714193, 0.681140, -0.373102, -0.420235
0.714312, 0.968748, -0.403375, -0.042598
0.714348, 0.572226, -0.346107, -0.547246
0.714394, 0.946326, -0.402819, -0.073129
0.714686, 0.402479, -0.267759, -0.701424
0.714706, 0.883748, -0.399417, -0.157944
0.714806, 0.067765, 0.887183, 0.054854
0.714943, 0.305990, -0.116585, -0.674941
0.715085, 0.824197, -0.393532, -0.237464
0.715148, 0.719433, -0.378843, -0.372719
0.715369, 0.437559, -0.289503, -0.677149
0.715728, 0.908189, -0.399466, -0.124976
0.715742, 0.502632, -0.320319, -0.619896
0.715791, 0.342799, -0.213290, -0.726246
0.715811, 0.895822, -0.398756, -0.141744
0.715818, 0.920655, -0.399925, -0.108077
0.715878, 0.329979, -0.193690, -0.723188
0.716075, 0.279162, 0.663871, 0.079194
0.716091, 0.356753, -0.228987, -0.724419
0.716282, 0.032865, 0.893451, 0.026769
0.716307, 0.933217, -0.399869, -0.091048
0.716397, 0.174987, 0.845629, 0.126185
0.716464, 0.605343, -0.353070, -0.510720
0.716484, 0.317378, -0.155708, -0.701985
0.716507, 0.208546, 0.819606, 0.139334
0.716777, 0.535418, -0.331591, -0.587392
0.717202, 0.369646, -0.240643, -0.720887
0.717269, 0.761748, -0.382839, -0.319248
0.717375, 0.782275, -0.385453, -0.292644
0.717720, 0.626307, -0.356822, -0.486694
0.717731, 0.738728, -0.378982, -0.348962
0.717769, 0.470320, -0.304374, -0.651060
0.718054, 0.836770, -0.390897, -0.221064
0.718455, 0.989519, -0.398468, -0.014324
0.718611, 0.162509, 0.854531, 0.118611
0.718644, 0.645736, -0.360164, -0.463851
0.718782, 0.585564, -0.344988, -0.533628
0.718906, 0.415092, -0.273449, -0.695978
0.719076, 0.266772, 0.842277, 0.230103
0.719165, 0.792946, -0.384515, -0.278953
0.719429, 0.522800, -0.324339, -0.601289
0.719516, 0.381798, -0.249679, -0.717150
0.719760, 0.449701, -0.292529, -0.669769
0.720184, 0.056072, 0.893632, 0.044722
0.720326, 0.658543, -0.360972, -0.448945
0.720331, 0.000000, 0.898259, 0.000000
0.720337, 0.243135, 0.781756, 0.138960
0.720417, 0.615625, -0.351001, -0.499704
0.720777, 0.849506, -0.388559, -0.204358
0.720928, 0.482892, -0.307118, -0.641018
0.720934, 0.021486, 0.898180, 0.017212
0.721150, 0.254614, 0.746456, 0.116725
0.721164, 0.196056, 0.832014, 0.131543
0.721273, 0.690930, -0.366096, -0.409364
0.721440, 0.230203, 0.797271, 0.137372
0.721861, 0.804427, -0.382451, -0.264265
0.722417, 0.862097, -0.387452, -0.187613
0.722451, 0.427632, -0.278419, -0.688943
0.722588, 0.137036, 0.870360, 0.101767
0.722698, 0.149659, 0.864106, 0.109256
0.722709, 0.298241, -0.183448, -0.761047
0.722777, 0.393763, -0.256775, -0.712866
0.722835, 0.076463, 0.891362, 0.059887
0.723214, 0.493982, -0.309579, -0.631400
0.723252, 0.087523, 0.889049, 0.067864
0.723256, 0.671343, -0.360017, -0.433999
0.723316, 0.750289, -0.373553, -0.334971
0.723326, 0.874883, -0.387086, -0.170418
0.723377, 0.702473, -0.365580, -0.395405
0.723489, 0.099731, 0.885583, 0.076587
0.723860, 0.123283, 0.877168, 0.092575
0.724337, 0.043615, 0.898522, 0.034469
0.724383, 0.564666, -0.332846, -0.558663
0.724502, 0.509394, -0.314305, -0.616678
0.724559, 0.977787, -0.390403, -0.030453
0.724764, 0.816326, -0.380013, -0.248906
0.724784, 0.596561, -0.341133, -0.522846
0.724802, 0.184248, 0.842829, 0.124639
0.724908, 0.460956, -0.293650, -0.662681
0.724926, 0.217484, 0.812364, 0.132940
0.725005, 0.553854, -0.328889, -0.570631
0.725155, 0.964424, -0.389186, -0.048760
0.725161, 1.000000, -0.389860, 0.000000
0.725199, 0.727652, -0.367464, -0.363954
0.725271, 0.286946, -0.309772, -0.903864
0.725367, 0.714327, -0.365146, -0.380911
0.725422, 0.772610, -0.373747, -0.306238
0.725453, 0.348549, -0.218854, -0.736843
0.725470, 0.111567, 0.882966, 0.084062
0.725471, 0.576644, -0.335012, -0.545546
0.725520, 0.952885, -0.388454, -0.064567
0.726280, 0.940358, -0.387097, -0.081735
0.726538, 0.334860, -0.205613, -0.742621
0.726984, 0.914069, -0.384879, -0.117613
0.727012, 0.926946, -0.385388, -0.100052
0.727085, 0.542645, -0.323092, -0.583267
0.727221, 0.323041, -0.194866, -0.747551
0.727236, 0.010569, 0.903487, 0.008321
0.727239, 0.406060, -0.262103, -0.707876
0.727283, 0.901454, -0.383939, -0.134838
0.727287, 0.361207, -0.229461, -0.733626
0.727355, 0.888611, -0.383208, -0.152323
0.727564, 0.828557, -0.377631, -0.232973
0.727670, 0.440295, -0.281182, -0.681734
0.727672, 0.635415, -0.347169, -0.478348
0.727722, 0.309696, -0.186720, -0.756535
0.728084, 0.066095, 0.897711, 0.051006
0.728302, 0.682232, -0.355910, -0.421615
0.728574, 0.275174, 0.057027, -0.547783
0.728789, 0.172485, 0.853082, 0.116908
0.728835, 0.530762, -0.317334, -0.596342
0.728850, 0.205058, 0.826012, 0.127436
0.729052, 0.031975, 0.903622, 0.024877
0.729274, 0.373248, -0.238226, -0.729416
0.729332, 0.762100, -0.367459, -0.320557
0.729707, 0.609442, -0.338651, -0.509206
0.729722, 0.648772, -0.347549, -0.462735
0.729791, 0.160998, 0.861161, 0.111242
0.729859, 0.784102, -0.369538, -0.291883
0.729987, 0.474076, -0.294938, -0.653089
0.730272, 0.841032, -0.375251, -0.216555
0.730376, 0.739355, -0.362821, -0.349976
0.730501, 0.518453, -0.311394, -0.609588
0.730521, 0.622616, -0.340760, -0.493922
0.730565, 0.239147, 0.777163, 0.117290
0.730901, 0.418348, -0.266816, -0.701152
0.731253, 0.262906, 0.679425, 0.055788
0.731619, 0.990206, -0.381156, -0.013488
0.731684, 0.661371, -0.347717, -0.447856
0.731877, 0.500399, -0.303529, -0.628323
0.731899, 0.795993, -0.368406, -0.276569
0.732019, 0.385302, -0.245457, -0.724568
0.732236, 0.586517, -0.330003, -0.536245
0.732380, 0.054429, 0.903166, 0.041509
0.732754, 0.129677, 0.879874, 0.092732
0.732874, 0.450616, -0.281790, -0.675651
0.733044, 0.853518, -0.372808, -0.200100
0.733121, 0.226984, 0.799660, 0.122283
0.733544, 0.694078, -0.351455, -0.407775
0.733605, 0.250487, 0.866757, 0.217671
0.733665, 0.877928, -0.373375, -0.166971
0.733799, 0.486536, -0.296401, -0.642977
0.733902, 0.431096, -0.271411, -0.692697
0.734019, 0.092618, 0.895056, 0.068493
0.734030, 0.000000, 0.908941, 0.000000
0.734035, 0.865417, -0.372374, -0.184088
0.734081, 0.141870, 0.874605, 0.098932
0.734112, 0.192350, 0.839116, 0.119636
0.734218, 0.297220, -0.154930, -0.748866
0.734503, 0.020904, 0.908714, 0.015922
0.734554, 0.078602, 0.899518, 0.058646
0.734567, 0.808002, -0.366282, -0.261012
0.735411, 0.340727, -0.208132, -0.749141
0.735447, 0.397605, -0.251308, -0.718875
0.735578, 0.750956, -0.357786, -0.335780
0.735701, 0.572609, -0.322417, -0.553012
0.735758, 0.706501, -0.350855, -0.392643
0.736002, 0.105256, 0.892223, 0.076128
0.736048, 0.600772, -0.329182, -0.520885
0.736166, 0.969532, -0.374735, -0.041974
0.736193, 0.463261, -0.284533, -0.665783
0.736262, 0.719074, -0.352252, -0.376816
0.736285, 0.673607, -0.344390, -0.433723
0.736326, 0.152902, 0.869426, 0.103538
0.736747, 0.042788, 0.908035, 0.032250
0.736865, 0.560647, -0.317793, -0.566640
0.737052, 0.352144, -0.217712, -0.746244
0.737137, 0.981253, -0.373474, -0.025836
0.737157, 0.214696, 0.815580, 0.118793
0.737266, 0.820254, -0.364043, -0.245030
0.737302, 0.118385, 0.887826, 0.084041
0.737302, 0.946888, -0.372729, -0.073182
0.737315, 0.933888, -0.372043, -0.091006
0.737473, 0.317560, -0.182567, -0.755429
0.737543, 0.285215, -0.124645, -0.737302
0.737937, 0.958329, -0.372087, -0.057436
0.737982, 0.920778, -0.370560, -0.109001
0.738060, 0.549299, -0.313191, -0.579445
0.738128, 0.180310, 0.850653, 0.113015
0.738569, 0.774299, -0.356937, -0.305754
0.738665, 0.908610, -0.369089, -0.125700
0.738780, 0.896184, -0.368623, -0.142810
0.738786, 0.730600, -0.350765, -0.362466
0.739176, 0.536879, -0.308252, -0.593195
0.739211, 0.363663, -0.225785, -0.742454
0.739225, 0.510614, -0.299747, -0.620739
0.739320, 0.640964, -0.334358, -0.474258
0.739497, 1.000000, -0.370550, 0.000000
0.739660, 0.328959, -0.194570, -0.755966
0.739778, 0.066308, 0.906135, 0.048722
0.739826, 0.628604, -0.331033, -0.488987
0.739848, 0.410564, -0.255776, -0.712202
0.739883, 0.832737, -0.361825, -0.228620
0.740294, 0.762798, -0.353228, -0.321013
0.740408, 0.524196, -0.302970, -0.607018
0.740523, 0.272877, -0.269617, -0.899189
0.740716, 0.202209, 0.831088, 0.115837
0.740870, 0.306725, -0.166915, -0.757626
0.741017, 0.010314, 0.913981, 0.007693
0.741131, 0.166871, 0.862232, 0.106198
0.741157, 0.614385, -0.326360, -0.506224
0.741278, 0.375181, -0.232866, -0.737445
0.741487, 0.238205, 0.796374, 0.122657
0.741625, 0.684539, -0.339735, -0.421186
0.741714, 0.885205, -0.363152, -0.157639
0.741785, 0.652723, -0.333625, -0.460363
0.741837, 0.439687, -0.269080, -0.689457
0.741879, 0.787017, -0.354287, -0.289579
0.742069, 0.031365, 0.913462, 0.023149
0.742158, 0.424390, -0.261346, -0.702546
0.742372, 0.591555, -0.319562, -0.533013
0.742444, 0.475659, -0.283786, -0.656832
0.742519, 0.845437, -0.359423, -0.211748
0.742558, 0.497718, -0.291921, -0.635194
0.743130, 0.260329, 0.095194, -0.544464
0.743402, 0.664757, -0.333863, -0.445842
0.743532, 0.131676, 0.885101, 0.088706
0.743676, 0.742376, -0.346050, -0.347905
0.743949, 0.086486, 0.903588, 0.061459
0.744036, 0.386785, -0.238683, -0.731869
0.744170, 0.451879, -0.272439, -0.679804
0.744335, 0.054198, 0.911835, 0.039280
0.744388, 0.799293, -0.352450, -0.273672
0.744412, 0.580171, -0.314463, -0.546778
0.744436, 0.225861, 0.799384, 0.107462
0.744474, 0.871595, -0.358994, -0.176536
0.745219, 0.697838, -0.337423, -0.405081
0.745657, 0.858404, -0.356551, -0.194608
0.745984, 0.487457, -0.284766, -0.646565
0.746216, 0.340339, -0.203480, -0.758910
0.746407, 0.098000, 0.901360, 0.067867
0.746574, 0.989545, -0.361157, -0.014477
0.746660, 0.248636, 0.657156, -0.001315
0.746726, 0.295107, -0.155820, -0.767813
0.746777, 0.143930, 0.879867, 0.093003
0.746983, 0.811544, -0.350338, -0.257655
0.747080, 0.398233, -0.243359, -0.725605
0.747225, 0.189640, 0.844450, 0.107421
0.747246, 0.464176, -0.274721, -0.669642
0.747405, 0.155692, 0.872440, 0.097762
0.747410, 0.975181, -0.359630, -0.034360
0.747621, 0.710709, -0.336483, -0.389250
0.747670, 0.567965, -0.307610, -0.561432
0.747737, 0.110769, 0.897247, 0.075104
0.747745, 0.603234, -0.316030, -0.520771
0.747788, 0.941014, -0.358368, -0.081613
0.747862, 0.000000, 0.919191, 0.000000
0.748003, 0.075966, 0.909398, 0.053440
0.748168, 0.020519, 0.918777, 0.014746
0.748230, 0.352514, -0.212475, -0.754991
0.748346, 0.927558, -0.357009, -0.100164
0.748559, 0.753910, -0.341274, -0.333609
0.748656, 0.721905, -0.336815, -0.375072
0.748988, 0.213491, 0.813413, 0.101852
0.749041, 0.042345, 0.916902, 0.030257
0.749217, 0.318127, -0.182567, -0.769440
0.749487, 0.543384, -0.298936, -0.589248
0.749552, 0.823858, -0.348195, -0.241462
0.749557, 0.283019, -0.139639, -0.769774
0.749781, 0.556157, -0.302132, -0.575314
0.749808, 0.175956, 0.857610, 0.102403
0.749991, 0.963873, -0.356057, -0.050064
0.750067, 0.903420, -0.353953, -0.133577
0.750167, 0.674586, -0.327157, -0.434825
0.750255, 0.636573, -0.320008, -0.481479
0.750256, 0.622986, -0.317332, -0.497983
0.750260, 0.915829, -0.353886, -0.116384
0.750325, 0.952857, -0.355480, -0.065343
0.750355, 0.122482, 0.893287, 0.080638
0.750575, 0.530422, -0.294016, -0.603586
0.750592, 0.517478, -0.290112, -0.617445
0.750882, 0.364808, -0.219882, -0.750208
0.750989, 0.766832, -0.339787, -0.317088
0.751049, 0.408686, -0.246042, -0.719697
0.751094, 0.506038, -0.285965, -0.629603
0.751264, 0.778877, -0.341108, -0.301484
0.751698, 0.419748, -0.251157, -0.711093
0.751797, 0.201797, 0.831544, 0.103528
0.751823, 0.734297, -0.334538, -0.359617
0.752053, 0.432660, -0.256889, -0.700444
0.752059, 0.836103, -0.346058, -0.225276
0.752238, 0.270176, -0.124922, -0.773847
0.752327, 0.892208, -0.349552, -0.148822
0.752425, 0.064529, 0.915188, 0.044746
0.752736, 0.647544, -0.319127, -0.468704
0.752740, 0.329263, -0.191787, -0.769372
0.752838, 0.306532, -0.170320, -0.775986
0.752895, 0.688573, -0.326220, -0.418003
0.753209, 0.376875, -0.226277, -0.744173
0.753219, 0.235940, 0.947578, 0.260382
0.753275, 0.660135, -0.320761, -0.453317
0.753463, 0.590982, -0.306476, -0.536335
0.753520, 0.880455, -0.347595, -0.165130
0.753625, 1.000000, -0.351898, 0.000000
0.754374, 0.791085, -0.338348, -0.285655
0.754515, 0.848219, -0.343692, -0.209024
0.754735, 0.444592, -0.259748, -0.691076
0.754742, 0.163504, 0.869367, 0.095148
0.754971, 0.010218, 0.924015, 0.007155
0.755001, 0.481473, -0.273691, -0.655896
0.755040, 0.611963, -0.309300, -0.512158
0.755203, 0.030957, 0.922799, 0.021497
0.755450, 0.135826, 0.888745, 0.084387
0.755745, 0.258376, -0.241980, -0.907636
0.755759, 0.868117, -0.343700, -0.182147
0.755890, 0.223561, 0.853894, 0.145832
0.755931, 0.087822, 0.910806, 0.058608
0.755982, 0.470886, -0.268929, -0.666585
0.756001, 0.456172, -0.263307, -0.680838
0.756218, 0.578961, -0.300452, -0.550865
0.756243, 0.495786, -0.277247, -0.641682
0.756299, 0.981479, -0.347818, -0.025747
0.756358, 0.388969, -0.231267, -0.737654
0.756772, 0.702499, -0.323476, -0.401006
0.756811, 0.052974, 0.920551, 0.036191
0.756924, 0.803242, -0.336312, -0.269774
0.757250, 0.341959, -0.200221, -0.767544
0.757338, 0.745743, -0.328853, -0.345454
0.757391, 0.102084, 0.906235, 0.066285
0.757641, 0.934558, -0.344636, -0.090840
0.758757, 0.293497, -0.154869, -0.783746
0.758976, 0.246370, -0.200487, -0.877010
0.758992, 0.184148, 0.851351, 0.095608
0.759036, 0.149757, 0.881037, 0.087656
0.759337, 0.858754, -0.337924, -0.195022
0.759392, 0.815490, -0.334275, -0.253637
0.759526, 0.567584, -0.293934, -0.564754
0.759568, 0.354699, -0.208134, -0.762363
0.759610, 0.631240, -0.307590, -0.489828
0.759921, 0.725464, -0.322717, -0.372005
0.760172, 0.400507, -0.234591, -0.731008
0.760262, 0.075488, 0.917276, 0.049788
0.760324, 0.195725, 0.838943, 0.094553
0.760536, 0.600606, -0.300281, -0.526707
0.760561, 0.547419, -0.287724, -0.587800
0.760606, 0.946403, -0.341376, -0.074594
0.760675, 0.535288, -0.284366, -0.601237
0.760692, 0.969882, -0.341724, -0.041928
0.760725, 0.757918, -0.325996, -0.330012
0.760812, 0.279959, -0.138283, -0.785707
0.760827, 0.113767, 0.903035, 0.071113
0.760856, 0.679724, -0.314643, -0.430293
0.761130, 0.714153, -0.319750, -0.386962
0.761208, 0.909785, -0.339299, -0.125411
0.761379, 0.522065, -0.279929, -0.615907
0.761425, 0.210305, 0.812436, 0.083466
0.761541, 0.991018, -0.341037, -0.012519
0.761556, 0.041508, 0.925456, 0.027900
0.761632, 0.923135, -0.339062, -0.106879
0.761678, 0.318357, -0.178924, -0.781208
0.761727, 0.000000, 0.928921, 0.000000
0.761926, 0.667405, -0.311294, -0.445919
0.761977, 0.020529, 0.928308, 0.013781
0.761997, 0.827766, -0.331979, -0.237373
0.762103, 0.771230, -0.325802, -0.312714
0.762313, 0.125580, 0.897525, 0.076216
0.762434, 0.509469, -0.275066, -0.629507
0.762574, 0.171927, 0.863934, 0.090653
0.762608, 0.413012, -0.238759, -0.722086
0.762670, 0.557670, -0.287904, -0.576737
0.762749, 0.367476, -0.214399, -0.756529
0.762762, 0.425488, -0.244286, -0.711514
0.763199, 0.898442, -0.335495, -0.140986
0.763432, 0.305364, -0.166336, -0.786625
0.763623, 0.619979, -0.300575, -0.504310
0.763926, 0.693576, -0.312901, -0.413272
0.763937, 0.958250, -0.337600, -0.058265
0.764155, 0.654192, -0.306289, -0.462764
0.764229, 0.783157, -0.324470, -0.297280
0.764397, 0.642081, -0.303684, -0.477412
0.764503, 0.840064, -0.329835, -0.221056
0.764564, 0.486689, -0.265795, -0.653940
0.764568, 0.437966, -0.247967, -0.701246
0.764638, 0.331457, -0.188400, -0.778377
0.764667, 0.463158, -0.257605, -0.677395
0.764847, 0.268421, -0.119930, -0.785874
0.764857, 0.063605, 0.923319, 0.041260
0.764970, 0.886501, -0.332640, -0.157610
0.765155, 0.379788, -0.219873, -0.749418
0.765199, 0.736989, -0.317498, -0.357892
0.765292, 0.588274, -0.291974, -0.542204
0.765364, 0.874899, -0.331218, -0.173531
0.765456, 0.233955, 0.368546, -0.327303
0.765947, 0.094763, 0.913931, 0.058962
0.766363, 0.221919, 0.891085, 0.171707
0.766519, 0.139279, 0.891046, 0.079084
0.767048, 0.795179, -0.322047, -0.281617
0.767213, 0.159884, 0.875554, 0.084535
0.767656, 0.450815, -0.250138, -0.690596
0.768115, 0.851762, -0.325832, -0.205370
0.768153, 0.256909, -0.081807, -0.765554
0.768289, 0.344679, -0.196238, -0.774247
0.768321, 0.475502, -0.258277, -0.666554
0.768438, 0.498316, -0.265428, -0.643230
0.768470, 1.000000, -0.331545, 0.000000
0.768824, 0.030605, 0.931833, 0.019750
0.768859, 0.609389, -0.292116, -0.517998
0.768875, 0.935309, -0.329540, -0.090233
0.768879, 0.576360, -0.285185, -0.557014
0.768943, 0.010859, 0.933402, 0.007067
0.769033, 0.392004, -0.223454, -0.742310
0.769039, 0.979966, -0.330786, -0.028023
0.769246, 0.083772, 0.919914, 0.051954
0.769336, 0.052113, 0.928663, 0.033235
0.769439, 0.807318, -0.320110, -0.265621
0.769695, 0.287268, -0.147326, -0.796801
0.770256, 0.704390, -0.306462, -0.400551
0.770483, 0.749060, -0.312255, -0.342976
0.770615, 0.202147, 0.825003, 0.076475
0.770676, 0.245852, -0.059134, -0.758488
0.770788, 0.357784, -0.203251, -0.767917
0.770853, 0.865176, -0.322851, -0.187083
0.770992, 0.105703, 0.911754, 0.062319
0.771162, 0.725631, -0.308197, -0.373359
0.771257, 0.914808, -0.325854, -0.118923
0.771261, 0.685162, -0.302205, -0.424938
0.771316, 0.630039, -0.293108, -0.493643
0.771329, 0.529842, -0.271118, -0.609996
0.771417, 0.542753, -0.274295, -0.595647
0.771477, 0.179614, 0.854539, 0.080446
0.771587, 0.763238, -0.312377, -0.324352
0.771633, 0.190073, 0.847111, 0.084275
0.771852, 0.819437, -0.318052, -0.249549
0.772106, 0.404493, -0.226968, -0.733700
0.772512, 0.297708, -0.157446, -0.797889
0.772638, 0.673301, -0.298725, -0.440246
0.772866, 0.947349, -0.325056, -0.073708
0.773036, 0.128853, 0.899975, 0.071385
0.773075, 0.597793, -0.284729, -0.532654
0.773123, 0.149378, 0.885339, 0.077336
0.773342, 0.565250, -0.277439, -0.570658
0.773395, 0.311266, -0.169066, -0.794340
0.773531, 0.072312, 0.926009, 0.044114
0.773571, 0.968515, -0.324629, -0.044112
0.773646, 0.518280, -0.265503, -0.623304
0.773682, 0.416668, -0.230983, -0.724008
0.773939, 0.116966, 0.907465, 0.066390
0.773959, 0.040636, 0.933405, 0.025445
0.773976, 0.323432, -0.178311, -0.789635
0.774114, 0.661470, -0.295033, -0.455382
0.774255, 0.428945, -0.235540, -0.713308
0.774283, 0.553808, -0.273694, -0.583820
0.774385, 0.276604, -0.135023, -0.803016
0.774397, 0.831910, -0.315743, -0.232885
0.774492, 0.775205, -0.309943, -0.308923
0.774535, 0.714793, -0.302462, -0.387912
0.774731, 0.371047, -0.208276, -0.761171
0.774778, 0.903417, -0.320196, -0.134779
0.774833, 0.214066, 0.928891, 0.193223
0.775180, 0.000000, 0.937648, 0.000000
0.775230, 0.507975, -0.260988, -0.634977
0.775230, 0.463961, -0.247467, -0.680451
0.775488, 0.925003, -0.320585, -0.104934
0.775554, 0.892133, -0.318910, -0.150606
0.775731, 0.989962, -0.322126, -0.014092
0.775994, 0.169133, 0.868783, 0.078663
0.776037, 0.487603, -0.254202, -0.656717
0.776280, 0.649686, -0.290308, -0.470238
0.776298, 0.022051, 0.937421, 0.013625
0.776453, 0.441420, -0.238303, -0.702655
0.776779, 0.619354, -0.284384, -0.507498
0.776841, 0.335685, -0.185545, -0.785383
0.776923, 0.878609, -0.315969, -0.169271
0.777158, 0.787241, -0.307724, -0.293223
0.777179, 0.383103, -0.212689, -0.753425
0.777319, 0.738317, -0.301872, -0.357766
0.777363, 0.639506, -0.287314, -0.483130
0.777483, 0.843871, -0.312764, -0.217007
0.777505, 0.585547, -0.277020, -0.548222
0.777628, 0.237521, -0.144529, -0.860102
0.777668, 0.225873, 0.027673, -0.693087
0.777761, 0.695023, -0.295322, -0.413349
0.777776, 0.264579, -0.122605, -0.808507
0.778097, 0.094261, 0.920434, 0.053821
0.778119, 0.060807, 0.931865, 0.036367
0.778321, 0.957958, -0.318382, -0.059089
0.779557, 0.348554, -0.192088, -0.779388
0.779658, 0.799395, -0.305699, -0.277297
0.779689, 0.856374, -0.310743, -0.200051
0.779996, 0.139059, 0.895365, 0.069893
0.780123, 0.756073, -0.300183, -0.334680
0.780158, 0.453351, -0.238992, -0.692554
0.780552, 0.476455, -0.246121, -0.669666
0.781134, 0.396162, -0.215751, -0.744813
0.781150, 0.936136, -0.313204, -0.089603
0.781220, 0.252233, -0.115187, -0.818634
0.781281, 0.158269, 0.879858, 0.072815
0.781403, 0.536453, -0.261538, -0.605315
0.781684, 0.607859, -0.276307, -0.522320
0.781730, 0.361820, -0.198224, -0.771687
0.781840, 0.082153, 0.927085, 0.046754
0.781961, 0.573442, -0.269176, -0.563140
0.782039, 0.498967, -0.251172, -0.646663
0.782100, 0.811239, -0.303570, -0.261594
0.782141, 0.011017, 0.941603, 0.006605
0.782183, 0.048477, 0.936963, 0.028577
0.782244, 0.979087, -0.313187, -0.029446
0.782287, 0.205682, 0.990572, 0.235562
0.782337, 0.287700, -0.145297, -0.810025
0.782390, 0.681871, -0.287652, -0.430976
0.782399, 0.193855, 0.842211, 0.071324
0.782609, 1.000000, -0.312768, 0.000000
0.782697, 0.727431, -0.293391, -0.372490
0.782871, 0.302176, -0.157739, -0.805959
0.783283, 0.912709, -0.309422, -0.122429
0.783545, 0.033940, 0.940414, 0.019923
0.783670, 0.181170, 0.845284, 0.059846
0.783764, 0.868437, -0.306127, -0.183796
0.783773, 0.105245, 0.917628, 0.056160
0.783938, 0.823821, -0.302261, -0.244757
0.784008, 0.524974, -0.255864, -0.619037
0.784341, 0.668778, -0.283284, -0.447899
0.784484, 0.629961, -0.276788, -0.495961
0.784540, 0.407470, -0.217677, -0.736752
0.784564, 0.547999, -0.260628, -0.593006
0.784604, 0.315801, -0.167586, -0.801488
0.784605, 0.419602, -0.222501, -0.725875
0.784667, 0.127416, 0.904774, 0.063570
0.784753, 0.704898, -0.287795, -0.401871
0.784919, 0.767480, -0.295158, -0.320191
0.785050, 0.596155, -0.270092, -0.537136
0.785735, 0.431967, -0.226101, -0.714976
0.785746, 0.887989, -0.304694, -0.156915
0.785862, 0.746866, -0.291682, -0.347618
0.785902, 0.116453, 0.912331, 0.059620
0.785972, 0.946951, -0.307233, -0.074674
0.786067, 0.716548, -0.287524, -0.386893
0.786205, 0.560686, -0.261527, -0.578875
0.786331, 0.274558, -0.131993, -0.816600
0.786461, 0.655759, -0.278592, -0.464514
0.786552, 0.070625, 0.933489, 0.039250
0.786726, 0.327576, -0.174587, -0.796831
0.786808, 0.465765, -0.236412, -0.682362
0.786900, 0.512125, -0.249408, -0.633779
0.786970, 0.778906, -0.293750, -0.305342
0.787171, 0.836433, -0.298878, -0.227801
0.787173, 0.968443, -0.306271, -0.044481
0.787261, 0.375206, -0.201029, -0.764712
0.787574, 0.147601, 0.888981, 0.064766
0.787709, 0.241943, -0.088428, -0.811257
0.787862, 0.923918, -0.303944, -0.107065
0.787991, 0.900402, -0.302509, -0.139856
0.788113, 0.488401, -0.241739, -0.659425
0.788267, 0.217013, 0.001830, -0.739436
0.788326, 0.387634, -0.205957, -0.755209
0.788403, 0.168942, 0.865889, 0.063141
0.788485, 0.000000, 0.945586, 0.000000
0.788837, 0.229672, -0.078483, -0.815785
0.788899, 0.339706, -0.180861, -0.790918
0.788920, 0.443467, -0.227080, -0.705230
0.789085, 0.022360, 0.944887, 0.012637
0.789182, 0.618344, -0.269048, -0.511049
0.789437, 0.642636, -0.272732, -0.481222
0.789481, 0.583973, -0.262358, -0.552224
0.789482, 0.691973, -0.279982, -0.419140
0.789543, 0.989479, -0.303554, -0.014868
0.789771, 0.791774, -0.291332, -0.288446
0.789939, 0.261892, -0.118061, -0.821337
0.790010, 0.848403, -0.296254, -0.211862
0.790116, 0.092065, 0.926799, 0.047713
0.790443, 0.058074, 0.939218, 0.031787
0.790652, 0.352465, -0.186932, -0.783356
0.791220, 0.736598, -0.283451, -0.361744
0.791342, 0.877791, -0.296510, -0.171429
0.791789, 0.957606, -0.300000, -0.059924
0.792167, 0.859251, -0.293940, -0.196973
0.792248, 0.294837, -0.148625, -0.816501
0.792479, 0.455102, -0.227351, -0.694977
0.792514, 0.364821, -0.191966, -0.775255
0.792668, 0.536859, -0.248898, -0.607710
0.792784, 0.803153, -0.288483, -0.273542
0.792811, 0.203617, 0.679528, -0.081709
0.792873, 0.758027, -0.283714, -0.333776
0.792920, 0.044666, 0.943564, 0.024377
0.792964, 0.477852, -0.233644, -0.671811
0.793193, 0.678399, -0.273331, -0.436933
0.793392, 0.934888, -0.296727, -0.091876
0.793507, 0.136326, 0.900477, 0.059419
0.793620, 0.308573, -0.158340, -0.811542
0.793758, 0.190769, 0.947497, 0.162494
0.793865, 0.500927, -0.238904, -0.647567
0.793873, 0.571568, -0.254792, -0.567928
0.793923, 0.815921, -0.288107, -0.256374
0.794342, 0.606494, -0.260714, -0.526439
0.794639, 0.156924, 0.883182, 0.061635
0.794803, 0.081088, 0.933516, 0.041428
0.794875, 0.522565, -0.243119, -0.624218
0.794883, 0.398253, -0.204931, -0.749140
0.795020, 0.250563, -0.103887, -0.825743
0.795022, 0.282668, -0.137693, -0.823075
0.795167, 0.010971, 0.948997, 0.005964
0.795176, 0.911992, -0.293427, -0.124114
0.795621, 0.422864, -0.213597, -0.727047
0.795653, 0.665124, -0.268292, -0.454047
0.795753, 0.725375, -0.275967, -0.376668
0.795758, 0.101362, 0.924188, 0.048530
0.795790, 0.828951, -0.286720, -0.238831
0.795803, 0.550132, -0.248215, -0.593451
0.795926, 0.411088, -0.208972, -0.738238
0.795946, 0.629998, -0.262602, -0.497875
0.796086, 0.978835, -0.294611, -0.030003
0.796439, 0.178901, 0.851419, 0.050243
0.796467, 1.000000, -0.294220, 0.000000
0.796610, 0.033085, 0.947647, 0.017564
0.796631, 0.594783, -0.255752, -0.540657
0.796784, 0.112818, 0.917895, 0.051705
0.797116, 0.712893, -0.272809, -0.393262
0.797288, 0.125046, 0.909581, 0.054289
0.797369, 0.890294, -0.289113, -0.154467
0.797465, 0.701246, -0.270934, -0.408409
0.797499, 0.320592, -0.164204, -0.807781
0.797910, 0.783081, -0.279547, -0.300892
0.798183, 0.770183, -0.277980, -0.318255
0.798217, 0.433407, -0.214751, -0.717820
0.798245, 0.652310, -0.263229, -0.470729
0.798352, 0.384237, -0.196149, -0.762619
0.798635, 0.068141, 0.940045, 0.034181
0.798663, 0.867927, -0.285683, -0.185440
0.798664, 0.945691, -0.289990, -0.076877
0.798706, 0.467244, -0.224647, -0.684516
0.798926, 0.270323, -0.125797, -0.829943
0.799268, 0.332420, -0.170115, -0.801627
0.799381, 0.237699, -0.094973, -0.836133
0.799507, 0.746664, -0.273666, -0.349502
0.799544, 0.225199, -0.104916, -0.860648
0.799574, 0.561266, -0.246062, -0.581254
0.799804, 0.842801, -0.282162, -0.220045
0.800056, 0.490098, -0.229405, -0.660796
0.800250, 0.345539, -0.176620, -0.793308
0.800297, 0.511257, -0.234375, -0.637933
0.800564, 0.923385, -0.286839, -0.108466
0.800593, 0.212972, -0.202359, -0.971080
0.800689, 0.968250, -0.287960, -0.045036
0.800737, 0.372677, -0.189251, -0.772957
0.800911, 0.167101, 0.856859, 0.039925
0.801012, 0.617424, -0.254369, -0.514345
0.801057, 0.688216, -0.264539, -0.425503
0.801152, 0.581770, -0.248048, -0.557293
0.801152, 0.144866, 0.890608, 0.050558
0.801237, 0.444653, -0.215378, -0.707876
0.801796, 0.000000, 0.952763, 0.000000
0.801860, 0.901808, -0.283993, -0.138819
0.802088, 0.055189, 0.945588, 0.027372
0.802138, 0.358512, -0.181689, -0.784732
0.802159, 0.021567, 0.951900, 0.010938
0.802370, 0.640334, -0.256200, -0.486169
0.802488, 0.531447, -0.236437, -0.615687
0.802589, 0.301563, -0.149297, -0.821423
0.803313, 0.258728, -0.114157, -0.836484
0.803330, 0.989019, -0.284919, -0.015618
0.803659, 0.794572, -0.272935, -0.286031
0.803754, 0.199693, 0.167865, -0.609782
0.803925, 0.854738, -0.277869, -0.204259
0.804043, 0.956514, -0.283198, -0.061786
0.804170, 0.091675, 0.932328, 0.041076
0.804191, 0.735358, -0.266064, -0.364694
0.804206, 0.674898, -0.258680, -0.442832
0.804223, 0.879626, -0.279195, -0.169800
0.804236, 0.807958, -0.273534, -0.268169
0.804318, 0.456328, -0.215732, -0.697166
0.804648, 0.757690, -0.268075, -0.335580
0.804788, 0.290315, -0.140204, -0.828301
0.805169, 0.479339, -0.221153, -0.673693
0.805203, 0.543062, -0.235748, -0.602993
0.805380, 0.043786, 0.949890, 0.021395
0.805459, 0.820899, -0.272945, -0.250638
0.806111, 0.405610, -0.197630, -0.747080
0.806143, 0.078387, 0.939130, 0.035808
0.806181, 0.934369, -0.279506, -0.093182
0.806196, 0.187764, 0.818905, 0.025474
0.806545, 0.419977, -0.202229, -0.733989
0.806656, 0.833896, -0.272347, -0.232945
0.806685, 0.312720, -0.154312, -0.818177
0.806717, 0.392610, -0.192268, -0.758838
0.807028, 0.605170, -0.244804, -0.529811
0.807127, 0.593005, -0.242737, -0.544725
0.807225, 0.500629, -0.224192, -0.651308
0.807277, 0.105535, 0.925250, 0.043385
0.807286, 0.661948, -0.253099, -0.459898
0.807427, 0.133074, 0.905476, 0.048628
0.807431, 0.722462, -0.260432, -0.382086
0.807434, 0.570867, -0.238560, -0.571425
0.807473, 0.155196, 0.886817, 0.051245
0.807569, 0.246464, -0.101153, -0.841903
0.807848, 0.278269, -0.129918, -0.835473
0.808106, 0.520741, -0.227744, -0.629124
0.808126, 0.119216, 0.915669, 0.045228
0.808150, 0.628298, -0.247173, -0.502042
0.808315, 0.780766, -0.265354, -0.305019
0.808331, 0.913247, -0.275635, -0.123070
0.808528, 0.010517, 0.955824, 0.005067
0.808727, 0.710045, -0.257268, -0.398353
0.809391, 0.697789, -0.254929, -0.414280
0.809432, 0.554725, -0.233145, -0.590520
0.809434, 0.176240, 0.954559, 0.138424
0.809485, 0.432854, -0.203505, -0.722628
0.809495, 0.031975, 0.954081, 0.015036
0.809952, 0.338919, -0.166397, -0.803144
0.810013, 0.891688, -0.272083, -0.153380
0.810087, 1.000000, -0.275918, 0.000000
0.810396, 0.325436, -0.159184, -0.812637
0.810472, 0.867940, -0.269912, -0.186480
0.810497, 0.468369, -0.212624, -0.686541
0.810503, 0.978237, -0.275251, -0.031083
0.810555, 0.064908, 0.946076, 0.028858
0.810591, 0.380196, -0.184173, -0.770964
0.810778, 0.650024, -0.246934, -0.475214
0.810785, 0.221532, -0.056020, -0.827173
0.810963, 0.768786, -0.260823, -0.321556
0.811082, 0.233345, -0.079216, -0.838019
0.811091, 0.366344, -0.178120, -0.782664
0.811611, 0.351967, -0.171400, -0.794303
0.811622, 0.944864, -0.272345, -0.078502
0.812340, 0.208416, -0.065119, -0.851525
0.812378, 0.266422, -0.119014, -0.843254
0.812579, 0.684535, -0.249109, -0.431623
0.812907, 0.616671, -0.239410, -0.516898
0.812939, 0.445148, -0.203724, -0.711374
0.813056, 0.745446, -0.255472, -0.352503
0.813081, 0.489922, -0.215253, -0.664482
0.813288, 0.164318, 0.852997, 0.021849
0.813425, 0.966572, -0.270543, -0.047695
0.813522, 0.582498, -0.233272, -0.558669
0.813634, 0.844061, -0.263630, -0.219544
0.814077, 0.532576, -0.223383, -0.616992
0.814101, 0.924739, -0.268465, -0.107213
0.814201, 0.300857, -0.142630, -0.829690
0.814230, 0.510389, -0.218601, -0.642169
0.814265, 0.145643, 0.884793, 0.033478
0.814808, 0.802446, -0.258721, -0.276583
0.815328, 0.054207, 0.951486, 0.023288
0.815342, 0.638281, -0.239567, -0.490674
0.815362, 0.000000, 0.959284, 0.000000
0.815486, 0.020759, 0.958241, 0.009179
0.815494, 0.903136, -0.265425, -0.137737
0.815572, 0.671587, -0.243720, -0.448750
0.815610, 0.456729, -0.204178, -0.700041
0.815762, 0.815452, -0.258432, -0.258888
0.815878, 0.732403, -0.250397, -0.370072
0.815895, 0.857189, -0.261838, -0.201861
0.815905, 0.955276, -0.266762, -0.063842
0.816000, 0.412258, -0.190743, -0.744070
0.816003, 0.196228, -0.190966, -0.991298
0.816064, 0.757091, -0.252421, -0.337076
0.816105, 0.086007, 0.938782, 0.033630
0.816262, 0.255103, -0.108445, -0.849653
0.816282, 0.829096, -0.258793, -0.240271
0.816308, 0.789824, -0.255535, -0.293725
0.816332, 0.287717, -0.133203, -0.837813
0.816386, 0.564139, -0.226537, -0.580530
0.816494, 0.098121, 0.931915, 0.036099
0.816547, 0.880871, -0.262563, -0.168973
0.816786, 0.989946, -0.266630, -0.014403
0.816985, 0.398442, -0.185252, -0.757222
0.817465, 0.042400, 0.955387, 0.018153
0.817483, 0.073607, 0.945021, 0.029408
0.817643, 0.544436, -0.221541, -0.604082
0.817814, 0.595358, -0.230119, -0.543833
0.817814, 0.314824, -0.148579, -0.823551
0.817898, 0.478628, -0.207303, -0.677684
0.818440, 0.111374, 0.922981, 0.036802
0.818596, 0.424944, -0.192181, -0.732792
0.819014, 0.184204, 0.171421, -0.637462
0.819142, 0.124193, 0.912814, 0.037437
0.819289, 0.718958, -0.244378, -0.387956
0.819510, 0.242042, -0.096393, -0.855356
0.819782, 0.659423, -0.236669, -0.464526
0.819813, 0.135179, 0.900738, 0.034899
0.820058, 0.935972, -0.260730, -0.091527
0.820187, 0.333955, -0.156771, -0.811795
0.820221, 0.606487, -0.228886, -0.530716
0.820222, 0.387323, -0.178473, -0.768483
0.820332, 0.706510, -0.241599, -0.404241
0.820387, 0.274689, -0.122498, -0.846558
0.820600, 0.777265, -0.248652, -0.311134
0.820624, 0.521559, -0.213684, -0.631000
0.820738, 0.694032, -0.239621, -0.420396
0.820831, 0.373545, -0.172915, -0.780779
0.821094, 0.359627, -0.167270, -0.792481
0.821118, 0.500065, -0.208684, -0.655276
0.821145, 0.216993, -0.068108, -0.854951
0.821149, 0.627309, -0.230634, -0.504911
0.821584, 0.574741, -0.222098, -0.568798
0.821618, 0.914983, -0.257632, -0.121360
0.821722, 0.345832, -0.161011, -0.803669
0.821846, 0.437749, -0.192642, -0.721105
0.821882, 0.171223, 0.904851, 0.077571
0.822279, 0.010454, 0.961943, 0.004302
0.822412, 0.156499, 0.907082, 0.058276
0.822487, 0.465863, -0.199287, -0.692228
0.822557, 0.030803, 0.959777, 0.012410
0.822574, 0.870706, -0.253357, -0.183368
0.822941, 0.892455, -0.254555, -0.153188
0.823365, 0.228510, -0.085636, -0.862844
0.823379, 0.647351, -0.230602, -0.480442
0.823481, 0.555001, -0.216566, -0.592853
0.824080, 0.981202, -0.256479, -0.026999
0.824182, 0.971171, -0.256049, -0.041366
0.824243, 1.000000, -0.256469, 0.000000
0.824398, 0.680948, -0.233417, -0.437828
0.824515, 0.765852, -0.241910, -0.326219
0.824918, 0.324678, -0.148831, -0.820819
0.824977, 0.305446, -0.139128, -0.833375
0.825143, 0.064017, 0.951483, 0.023328
0.825186, 0.205094, -0.050093, -0.853649
0.825386, 0.836574, -0.247145, -0.230914
0.825390, 0.451109, -0.192570, -0.708539
0.825484, 0.617253, -0.223819, -0.518040
0.825728, 0.848758, -0.247591, -0.214140
0.825740, 0.947095, -0.253163, -0.075846
0.825815, 0.533746, -0.210027, -0.618052
0.825818, 0.404428, -0.179027, -0.754574
0.825830, 0.740766, -0.238049, -0.360149
0.826007, 0.489214, -0.200864, -0.668098
0.826131, 0.586603, -0.218471, -0.555367
0.826319, 0.797622, -0.242599, -0.284047
0.826337, 0.294171, -0.132006, -0.840846
0.826377, 0.752204, -0.238359, -0.344922
0.826401, 0.264047, -0.112453, -0.855230
0.826485, 0.809888, -0.243442, -0.267448
0.826592, 0.822930, -0.244333, -0.249636
0.826595, 0.959095, -0.252221, -0.058685
0.827340, 0.728124, -0.234678, -0.376828
0.827428, 0.510721, -0.203787, -0.644738
0.827455, 0.144345, 0.884998, 0.020159
0.827509, 0.090991, 0.938425, 0.028459
0.827578, 0.860997, -0.245836, -0.197237
0.827713, 0.669634, -0.227690, -0.452491
0.827731, 0.078065, 0.945767, 0.025954
0.827735, 0.926814, -0.249937, -0.104945
0.827782, 0.251979, -0.103045, -0.860353
0.827817, 0.051689, 0.956605, 0.018660
0.828057, 0.282072, -0.123909, -0.848309
0.828072, 0.416370, -0.180457, -0.743901
0.828278, 0.104017, 0.929087, 0.028789
0.828459, 0.193330, -0.054774, -0.873739
0.828517, 0.904629, -0.247678, -0.136413
0.828968, 0.000000, 0.964894, 0.000000
0.828977, 0.635618, -0.221893, -0.495719
0.829377, 0.020827, 0.963813, 0.007651
0.829387, 0.785178, -0.237398, -0.301202
0.829428, 0.476396, -0.194283, -0.682706
0.829763, 0.040770, 0.960220, 0.014628
0.829902, 0.881615, -0.244234, -0.168791
0.829919, 0.117573, 0.919299, 0.029095
0.829929, 0.566213, -0.210737, -0.580695
0.830334, 0.598561, -0.215096, -0.541552
0.830509, 0.179862, -0.159384, -0.989138
0.830693, 0.380468, -0.166723, -0.778520
0.830711, 0.545087, -0.206315, -0.605834
0.830730, 0.428334, -0.181156, -0.732964
0.830827, 0.366524, -0.161736, -0.790696
0.830870, 0.238412, -0.091011, -0.866334
0.831154, 0.352302, -0.156102, -0.802693
0.831422, 0.393749, -0.170391, -0.766775
0.831469, 0.714099, -0.227758, -0.395645
0.831652, 0.314193, -0.139332, -0.831262
0.831734, 0.130700, 0.896014, 0.015944
0.831738, 0.989689, -0.246225, -0.014868
0.831771, 0.701723, -0.225992, -0.411661
0.831996, 0.689727, -0.224424, -0.427246
0.832104, 0.337807, -0.149525, -0.814501
0.832140, 0.216057, -0.070431, -0.870071
0.832203, 0.657252, -0.220523, -0.469003
0.832350, 0.166183, 0.535090, -0.304079
0.832726, 0.523038, -0.200056, -0.631714
0.832913, 0.463152, -0.187532, -0.697674
0.833550, 0.440299, -0.181386, -0.721644
0.833813, 0.939120, -0.242143, -0.087671
0.834019, 0.609993, -0.212129, -0.528106
0.834282, 0.774359, -0.229552, -0.315820
0.834621, 0.577863, -0.206859, -0.567531
0.834721, 0.916536, -0.239785, -0.119895
0.834820, 0.499898, -0.193238, -0.658182
0.835187, 0.272992, -0.114641, -0.857551
0.835455, 0.154248, 1.002192, 0.143923
0.835544, 0.894222, -0.237359, -0.151518
0.835635, 0.623658, -0.211896, -0.511403
0.835752, 0.965790, -0.240068, -0.049363
0.835769, 0.646487, -0.214564, -0.482828
0.835957, 0.761013, -0.226325, -0.334153
0.835994, 0.010544, 0.967024, 0.003518
0.836410, 0.870429, -0.234389, -0.184779
0.836484, 0.031390, 0.964517, 0.010088
0.836516, 0.556709, -0.201322, -0.593112
0.836599, 0.227207, -0.079749, -0.872940
0.836936, 0.830169, -0.230758, -0.240584
0.836954, 0.843070, -0.231713, -0.222837
0.837026, 0.301040, -0.129305, -0.842689
0.837027, 0.451943, -0.180565, -0.710387
0.837054, 0.325617, -0.140753, -0.825676
0.837058, 0.406264, -0.168805, -0.756640
0.837202, 0.069974, 0.951691, 0.019727
0.837437, 0.486640, -0.187660, -0.673322
0.837533, 0.817072, -0.228902, -0.258556
0.837571, 0.057608, 0.957211, 0.017046
0.837634, 0.856036, -0.231679, -0.204901
0.837647, 0.977594, -0.237922, -0.032409
0.837684, 0.287742, -0.122028, -0.851071
0.837741, 0.724879, -0.220367, -0.381893
0.837761, 0.203494, -0.056262, -0.874148
0.837985, 0.804410, -0.227181, -0.275738
0.838009, 0.792697, -0.226122, -0.291553
0.838035, 0.679156, -0.215336, -0.441425
0.838185, 0.737426, -0.221018, -0.365479
0.838218, 0.534750, -0.195712, -0.619191
0.838253, 1.000000, -0.237447, 0.000000
0.838260, 0.248270, -0.097053, -0.869876
0.838464, 0.748547, -0.221757, -0.350906
0.838537, 0.083486, 0.944498, 0.020994
0.838591, 0.952680, -0.236055, -0.068393
0.838807, 0.096134, 0.935728, 0.021355
0.838928, 0.667144, -0.212909, -0.457042
0.838989, 0.589606, -0.203203, -0.553974
0.839035, 0.188941, -0.040040, -0.873517
0.839365, 0.141982, 0.940925, 0.063617
0.839417, 0.260246, -0.104945, -0.866224
0.839589, 0.512769, -0.190234, -0.644587
0.839862, 0.108928, 0.924903, 0.019719
0.840068, 0.418770, -0.169284, -0.745240
0.840605, 0.929005, -0.232412, -0.102477
0.840845, 0.474366, -0.181390, -0.687341
0.840849, 0.359861, -0.150848, -0.799878
0.840976, 0.373386, -0.155257, -0.788090
0.841185, 0.044330, 0.962725, 0.012660
0.841275, 0.634503, -0.206129, -0.498664
0.841545, 0.346702, -0.145570, -0.811182
0.841607, 0.905956, -0.229725, -0.135316
0.841727, 0.386242, -0.158558, -0.776723
0.841800, 0.175752, -0.121048, -0.969425
0.842078, 0.121080, 0.910661, 0.013905
0.842276, 0.883990, -0.227315, -0.166282
0.842495, 0.000000, 0.969434, 0.000000
0.842800, 0.313041, -0.131128, -0.837332
0.842851, 0.692539, -0.210435, -0.424693
0.842889, 0.568862, -0.195467, -0.579572
0.843013, 0.021293, 0.968152, 0.006066
0.843019, 0.430315, -0.169225, -0.734373
0.843048, 0.704803, -0.211439, -0.408881
0.843147, 0.601407, -0.199642, -0.540112
0.843253, 0.546676, -0.191687, -0.606055
0.843731, 0.215732, -0.068642, -0.880918
0.843961, 0.237899, -0.087575, -0.877479
0.844388, 0.783061, -0.216647, -0.305108
0.844760, 0.716150, -0.210283, -0.394249
0.844813, 0.334476, -0.138372, -0.822237
0.844817, 0.163335, -0.092794, -0.949677
0.844855, 0.131315, 0.898842, 0.008356
0.844931, 0.463473, -0.174692, -0.699851
0.844990, 0.988584, -0.228401, -0.016616
0.845045, 0.397623, -0.158730, -0.767032
0.845377, 0.524456, -0.185551, -0.632206
0.845406, 0.769232, -0.214252, -0.324000
0.845421, 0.614109, -0.198399, -0.524690
0.845749, 0.441687, -0.169084, -0.723254
0.845889, 0.657294, -0.202723, -0.470136
0.846094, 0.941983, -0.225562, -0.084147
0.846458, 0.965355, -0.225418, -0.050288
0.846563, 0.279437, -0.112610, -0.860899
0.846602, 0.493448, -0.178716, -0.667582
0.846853, 0.645681, -0.200231, -0.485070
0.847375, 0.918587, -0.222466, -0.117685
0.847557, 0.268651, -0.106228, -0.867268
0.847594, 0.580591, -0.191365, -0.566132
0.847693, 0.862706, -0.218353, -0.196429
0.847843, 0.505086, -0.179411, -0.654751
0.847891, 0.196173, -0.047930, -0.883106
0.847965, 0.836418, -0.216072, -0.232874
0.848150, 0.874713, -0.218447, -0.179604
0.848240, 0.292467, -0.118082, -0.853930
0.848324, 0.849438, -0.216524, -0.214907
0.848330, 0.730492, -0.206701, -0.375448
0.848354, 0.151294, 0.467505, -0.400072
0.848372, 0.756396, -0.209126, -0.341443
0.848378, 0.823179, -0.214507, -0.251105
0.848567, 0.453271, -0.168648, -0.711601
0.848610, 0.810029, -0.213150, -0.269070
0.848751, 0.076501, 0.949429, 0.014446
0.848768, 0.559062, -0.186915, -0.592175
0.848773, 0.895117, -0.219166, -0.151121
0.848803, 0.410296, -0.158432, -0.755716
0.848901, 0.033335, 0.967315, 0.007932
0.849161, 0.302871, -0.122245, -0.847383
0.849237, 0.064167, 0.956332, 0.013220
0.849273, 0.625364, -0.194887, -0.511143
0.849341, 0.052947, 0.961230, 0.011639
0.849350, 0.796237, -0.210921, -0.287713
0.849471, 0.670674, -0.199554, -0.453614
0.849474, 0.010790, 0.970908, 0.002675
0.849486, 0.250641, -0.094488, -0.876924
0.849708, 0.322114, -0.129783, -0.833789
0.849739, 0.227523, -0.078222, -0.884842
0.850107, 0.089133, 0.940607, 0.013189
0.850114, 0.682898, -0.200010, -0.438087
0.850188, 0.101484, 0.931836, 0.013462
0.850325, 0.481736, -0.172376, -0.681241
0.850520, 0.536548, -0.181419, -0.618889
0.851289, 0.366776, -0.143952, -0.797377
0.851298, 0.743752, -0.204037, -0.358462
0.851303, 0.977242, -0.219816, -0.033273
0.851345, 0.184638, -0.027415, -0.876968
0.851605, 0.206386, -0.059813, -0.888946
0.851655, 1.000000, -0.219394, 0.000000
0.851854, 0.592330, -0.187635, -0.552390
0.851907, 0.954090, -0.218156, -0.066940
0.852216, 0.114332, 0.904431, -0.005634
0.852238, 0.354843, -0.139391, -0.808168
0.852362, 0.379437, -0.146730, -0.786121
0.852848, 0.139594, 0.908360, 0.023890
0.853041, 0.422181, -0.157072, -0.744924
0.853146, 0.931187, -0.215255, -0.100004
0.853482, 0.515519, -0.174648, -0.643755
0.853589, 0.343263, -0.134432, -0.818433
0.854014, 0.908037, -0.212691, -0.133122
0.854070, 0.172365, -0.014590, -0.878168
0.854196, 0.470342, -0.165951, -0.694374
0.854343, 0.696245, -0.195682, -0.421085
0.854460, 0.636859, -0.189519, -0.497154
0.854795, 0.777406, -0.202040, -0.313644
0.854868, 0.260789, -0.097963, -0.875665
0.855029, 0.389895, -0.147056, -0.777160
0.855082, 0.604789, -0.185128, -0.537446
0.855338, 0.548842, -0.177471, -0.605056
0.855532, 0.707884, -0.195219, -0.406145
0.855563, 0.720410, -0.196275, -0.389684
0.855698, 0.434064, -0.156998, -0.733368
0.855742, 0.043464, 0.965902, 0.008161
0.855841, 0.000000, 0.972779, 0.000000
0.855876, 0.022279, 0.970989, 0.004357
0.855959, 0.571583, -0.179879, -0.578107
0.856118, 0.239724, -0.084925, -0.885689
0.856418, 0.217692, -0.069324, -0.892352
0.856482, 0.310628, -0.120310, -0.845126
0.856492, 0.125987, 0.987002, 0.082679
0.856586, 0.884314, -0.207438, -0.166746
0.857196, 0.285181, -0.109072, -0.862836
0.857301, 0.331141, -0.127237, -0.829665
0.857621, 0.160648, -0.068452, -0.945321
0.857653, 0.402338, -0.147700, -0.765810
0.857704, 0.650067, -0.186710, -0.480705
0.857712, 0.765392, -0.197125, -0.330093
0.857954, 0.446530, -0.157232, -0.720739
0.858118, 0.498846, -0.166592, -0.663425
0.858274, 0.527072, -0.170850, -0.631240
0.858283, 0.988682, -0.210212, -0.016608
0.858326, 0.661895, -0.187131, -0.465787
0.858362, 0.616516, -0.182353, -0.523289
0.858620, 0.788311, -0.197617, -0.299168
0.858802, 0.830047, -0.200587, -0.242441
0.858805, 0.857094, -0.202506, -0.205022
0.858852, 0.459344, -0.158766, -0.707200
0.858952, 0.966094, -0.208510, -0.049628
0.859046, 0.843379, -0.201185, -0.224036
0.859049, 0.870531, -0.203049, -0.186249
0.859096, 0.943334, -0.207696, -0.082797
0.859096, 0.803487, -0.198065, -0.278577
0.859473, 0.733917, -0.192135, -0.372093
0.859722, 0.816362, -0.198271, -0.261217
0.859896, 0.069334, 0.954321, 0.008329
0.859903, 0.273542, -0.101881, -0.871388
0.859912, 0.488517, -0.162825, -0.675361
0.860047, 0.920401, -0.205039, -0.115822
0.860377, 0.195196, -0.050982, -0.899366
0.860411, 0.561517, -0.173051, -0.590574
0.860636, 0.583219, -0.175597, -0.564671
0.860832, 0.081567, 0.944853, 0.005681
0.860886, 0.897654, -0.202447, -0.148278
0.860930, 0.674527, -0.184919, -0.449754
0.861000, 0.753435, -0.191742, -0.346460
0.861184, 0.297592, -0.111814, -0.856396
0.861513, 0.148998, -0.124843, -1.011073
0.861534, 0.055853, 0.961013, 0.006597
0.861565, 0.413391, -0.146363, -0.755925
0.861591, 0.105078, 0.915539, -0.008002
0.861716, 0.686819, -0.185025, -0.433957
0.862009, 0.093748, 0.936647, 0.004727
0.862038, 0.373565, -0.136136, -0.794391
0.862487, 0.628285, -0.178371, -0.508959
0.862523, 0.011197, 0.973454, 0.001704
0.862533, 0.033068, 0.969611, 0.004553
0.862567, 0.250440, -0.088472, -0.885151
0.862726, 0.229616, -0.076113, -0.893765
0.862857, 0.508048, -0.162591, -0.653592
0.862876, 0.319811, -0.118919, -0.840650
0.862926, 0.538893, -0.167033, -0.618084
0.863046, 0.181925, -0.038172, -0.900899
0.863534, 0.362421, -0.131720, -0.804986
0.863746, 0.476815, -0.156523, -0.688972
0.864121, 0.207071, -0.059765, -0.900817
0.864139, 0.595542, -0.172677, -0.549924
0.864506, 0.136719, 0.373053, -0.520452
0.864510, 0.351543, -0.127750, -0.814892
0.864942, 0.977629, -0.201051, -0.032987
0.865125, 1.000000, -0.200983, 0.000000
0.865305, 0.955093, -0.199719, -0.066010
0.865368, 0.340256, -0.123612, -0.824842
0.865407, 0.115127, 0.942639, 0.023552
0.865658, 0.426711, -0.145068, -0.743267
0.866065, 0.932561, -0.197456, -0.098727
0.866184, 0.394576, -0.137481, -0.775470
0.866274, 0.742971, -0.183700, -0.360681
0.866302, 0.641129, -0.174763, -0.493085
0.866325, 0.724104, -0.182046, -0.385490
0.866717, 0.775823, -0.185555, -0.316667
0.866777, 0.909588, -0.195040, -0.131706
0.866831, 0.170381, -0.023089, -0.899194
0.866940, 0.712111, -0.180297, -0.401457
0.867031, 0.700051, -0.179130, -0.417154
0.867086, 0.518878, -0.159278, -0.641869
0.867190, 0.383069, -0.133773, -0.786738
0.867195, 0.440098, -0.146115, -0.729564
0.867199, 0.262868, -0.092563, -0.881118
0.867309, 0.550791, -0.163345, -0.604532
0.867680, 0.796661, -0.185727, -0.288468
0.867749, 0.607652, -0.169474, -0.535313
0.867988, 0.466413, -0.150027, -0.701336
0.868174, 0.285834, -0.102195, -0.867423
0.868184, 0.219359, -0.067608, -0.900737
0.868632, 0.044729, 0.966637, 0.003889
0.868684, 0.888548, -0.190842, -0.161582
0.868715, 0.308110, -0.110286, -0.851767
0.868951, 0.000000, 0.974821, 0.000000
0.869167, 0.022255, 0.972793, 0.002082
0.869259, 0.877534, -0.189449, -0.177272
0.869319, 0.574095, -0.163671, -0.576380
0.869400, 0.823601, -0.185343, -0.251954
0.869449, 0.850544, -0.187207, -0.214853
0.869474, 0.653797, -0.171864, -0.477267
0.869510, 0.452497, -0.145913, -0.716847
0.869639, 0.239469, -0.079148, -0.894233
0.869666, 0.864167, -0.187896, -0.195968
0.869750, 0.836816, -0.185837, -0.233876
0.870006, 0.763882, -0.180258, -0.333159
0.870051, 0.125642, 0.770892, -0.137056
0.870305, 0.328698, -0.115953, -0.836011
0.870436, 0.158543, -0.010060, -0.899390
0.870510, 0.064494, 0.957381, 0.003142
0.870664, 0.665508, -0.171385, -0.462401
0.871087, 0.619636, -0.166477, -0.520687
0.871257, 0.497247, -0.151263, -0.667236
0.871266, 0.562887, -0.160004, -0.590399
0.871297, 0.809550, -0.181716, -0.271306
0.871391, 0.530295, -0.155767, -0.629219
0.871607, 0.485193, -0.149036, -0.680998
0.871679, 0.189845, -0.044957, -0.908628
0.871810, 0.988864, -0.191652, -0.016495
0.872052, 0.404242, -0.133843, -0.767278
0.872122, 0.966631, -0.190541, -0.049302
0.872162, 0.416800, -0.136329, -0.754608
0.872220, 0.076203, 0.944846, -0.003982
0.872342, 0.944370, -0.189386, -0.081935
0.872389, 0.785643, -0.178538, -0.303930
0.872627, 0.689401, -0.170782, -0.431459
0.872637, 0.677449, -0.169802, -0.447069
0.872843, 0.274758, -0.094492, -0.876627
0.872901, 0.921817, -0.187237, -0.114553
0.872920, 0.088328, 0.941380, -0.000723
0.873146, 0.586466, -0.160384, -0.562043
0.873424, 0.101965, 0.918527, -0.015463
0.873660, 0.733004, -0.172837, -0.374269
0.874094, 0.200431, -0.053003, -0.909366
0.874149, 0.371240, -0.124302, -0.799588
0.874194, 0.297172, -0.102265, -0.861916
0.874215, 0.147034, -0.056555, -0.958542
0.874360, 0.899001, -0.183622, -0.147180
0.874569, 0.251954, -0.083260, -0.890715
0.874610, 0.632398, -0.163195, -0.504903
0.874648, 0.751720, -0.172976, -0.349644
0.875558, 0.033714, 0.970118, 0.000919
0.875565, 0.509123, -0.147993, -0.654553
0.875636, 0.011160, 0.974707, 0.000504
0.875692, 0.542073, -0.152122, -0.615893
0.876005, 0.054682, 0.960079, -0.001402
0.876022, 0.360197, -0.119850, -0.810196
0.876060, 0.318468, -0.108035, -0.846209
0.876117, 0.434441, -0.135579, -0.737114
0.876371, 0.349149, -0.116692, -0.820150
0.876648, 0.598725, -0.157298, -0.547329
0.876655, 0.179129, -0.035387, -0.913079
0.876685, 0.212764, -0.060890, -0.908400
0.876790, 0.227854, -0.069816, -0.903200
0.876961, 0.136381, -0.102871, -1.013419
0.877045, 0.338176, -0.113096, -0.829950
0.877565, 0.391348, -0.125582, -0.781358
0.877688, 0.114619, 0.967526, 0.044139
0.877700, 0.720010, -0.166423, -0.391783
0.877887, 0.460815, -0.138157, -0.709171
0.878015, 0.474483, -0.140164, -0.694340
0.878412, 0.645402, -0.159471, -0.488754
0.878611, 0.977874, -0.182155, -0.032938
0.878728, 1.000000, -0.182302, 0.000000
0.878830, 0.707761, -0.164006, -0.408054
0.878851, 0.955768, -0.180968, -0.065602
0.879116, 0.798191, -0.169988, -0.287156
0.879209, 0.933697, -0.179225, -0.097831
0.879393, 0.911006, -0.177438, -0.130456
0.879469, 0.167100, -0.023950, -0.914141
0.879683, 0.554188, -0.148718, -0.601899
0.879754, 0.264149, -0.085706, -0.886166
0.879828, 0.521134, -0.144572, -0.641184
0.879845, 0.858074, -0.173105, -0.205036
0.880021, 0.844142, -0.171943, -0.224405
0.880064, 0.819010, -0.170107, -0.258859
0.880068, 0.445958, -0.133348, -0.725593
0.880068, 0.872381, -0.173805, -0.185142
0.880100, 0.773807, -0.167153, -0.320576
0.880289, 0.424685, -0.129395, -0.747950
0.880437, 0.611043, -0.153714, -0.532335
0.880481, 0.286368, -0.093851, -0.871900
0.880731, 0.379695, -0.119938, -0.793290
0.880945, 0.830852, -0.169659, -0.242643
0.880994, 0.696889, -0.160242, -0.422365
0.881118, 0.886429, -0.173356, -0.165531
0.881180, 0.741619, -0.163305, -0.363468
0.881511, 0.240880, -0.074290, -0.899874
0.881783, 0.307988, -0.100183, -0.856372
0.881840, 0.658220, -0.156100, -0.472656
0.881854, 0.567246, -0.147496, -0.586378
0.881917, 0.761099, -0.163707, -0.337610
0.882065, 0.000000, 0.975524, 0.000000
0.882140, 0.487907, -0.137452, -0.679926
0.882158, 0.022511, 0.973051, -0.000486
0.882454, 0.044527, 0.966271, -0.001497
0.882571, 0.578635, -0.147843, -0.572743
0.882653, 0.066931, 0.956382, -0.002344
0.882671, 0.411219, -0.124431, -0.762490
0.883051, 0.623408, -0.151517, -0.517067
0.883107, 0.669843, -0.155386, -0.457820
0.883146, 0.127253, -0.146366, -1.066011
0.883610, 0.154913, -0.008149, -0.911358
0.883643, 0.683399, -0.155695, -0.440140
0.883702, 0.092039, 0.951606, 0.005143
0.883996, 0.329123, -0.104600, -0.839804
0.884066, 0.533253, -0.141002, -0.627423
0.884109, 0.499991, -0.136845, -0.666537
0.884286, 0.190437, -0.043908, -0.918786
0.884297, 0.079062, 0.928799, -0.024645
0.884317, 0.786086, -0.162198, -0.304359
0.885332, 0.809507, -0.162233, -0.272362
0.885437, 0.399946, -0.119450, -0.774467
0.885460, 0.989001, -0.172890, -0.016476
0.885655, 0.966924, -0.171918, -0.049380
0.885740, 0.104597, 1.018779, 0.082713
0.885775, 0.203682, -0.052145, -0.916898
0.885866, 0.945082, -0.170591, -0.081607
0.885869, 0.275798, -0.086299, -0.881146
0.885937, 0.923094, -0.169033, -0.113502
0.885941, 0.728765, -0.155945, -0.380872
0.886049, 0.590423, -0.144660, -0.558555
0.886304, 0.899419, -0.167040, -0.147560
0.886381, 0.217900, -0.060237, -0.912523
0.886447, 0.636487, -0.148270, -0.500733
0.886682, 0.253542, -0.077134, -0.895417
0.887145, 0.366618, -0.110916, -0.807296
0.887309, 0.297675, -0.092669, -0.866003
0.887368, 0.454755, -0.126743, -0.717048
0.887698, 0.141819, 0.014569, -0.901652
0.887926, 0.354131, -0.107372, -0.818923
0.888063, 0.342066, -0.104379, -0.829739
0.888118, 0.545592, -0.137504, -0.613172
0.888214, 0.512160, -0.133585, -0.652917
0.888426, 0.435188, -0.122562, -0.738305
0.888652, 0.011267, 0.974361, -0.000932
0.888734, 0.467115, -0.127037, -0.703703
0.888836, 0.033626, 0.969327, -0.003231
0.888870, 0.177047, -0.033916, -0.923949
0.888871, 0.319215, -0.097764, -0.849488
0.888909, 0.230721, -0.065729, -0.908420
0.889089, 0.056408, 0.954898, -0.010937
0.889175, 0.602427, -0.141837, -0.543964
0.889274, 0.750810, -0.152954, -0.351925
0.889422, 0.715620, -0.150370, -0.398589
0.889980, 0.117725, -0.086352, -1.015853
0.889996, 0.850788, -0.158386, -0.215882
0.890079, 0.864674, -0.159156, -0.196532
0.890367, 0.650077, -0.144290, -0.483756
0.890417, 0.388706, -0.112303, -0.786593
0.890514, 0.478864, -0.126656, -0.690947
0.890646, 0.420316, -0.117751, -0.754584
0.890953, 0.836870, -0.156118, -0.235161
0.891187, 0.878262, -0.158597, -0.177709
0.891223, 0.558477, -0.135058, -0.597968
0.891311, 0.798409, -0.153203, -0.287893
0.891470, 0.912058, -0.160576, -0.129821
0.891685, 0.165793, -0.025569, -0.926689
0.892026, 0.765516, -0.150043, -0.332204
0.892168, 0.822444, -0.153479, -0.255072
0.892229, 0.703611, -0.145758, -0.414568
0.892264, 0.691619, -0.144814, -0.430004
0.892299, 0.978110, -0.163229, -0.032963
0.892389, 0.524475, -0.130075, -0.638962
0.892444, 1.000000, -0.163445, 0.000000
0.892516, 0.265559, -0.078207, -0.890351
0.892577, 0.955984, -0.161895, -0.065960
0.892658, 0.934517, -0.160433, -0.097461
0.892703, 0.377518, -0.107875, -0.797978
0.893009, 0.676296, -0.142824, -0.450307
0.893051, 0.614857, -0.137985, -0.528717
0.893235, 0.287213, -0.084988, -0.875667
0.893694, 0.737732, -0.146015, -0.369510
0.893714, 0.570861, -0.133197, -0.583169
0.893741, 0.243423, -0.068948, -0.904121
0.893742, 0.776091, -0.148426, -0.318287
0.893944, 0.491374, -0.124333, -0.677244
0.894312, 0.445452, -0.117742, -0.728443
0.894506, 0.890253, -0.154750, -0.161076
0.894614, 0.626795, -0.136954, -0.513837
0.894670, 0.131051, 0.039871, -0.889043
0.894764, 0.309163, -0.090203, -0.859230
0.894965, 0.662866, -0.139285, -0.467888
0.895023, 0.408002, -0.111121, -0.768087
0.895118, 0.000000, 0.974752, 0.000000
0.895157, 0.082964, 0.878380, -0.078823
0.895167, 0.068872, 0.958213, -0.004547
0.895260, 0.022479, 0.971854, -0.003337
0.895291, 0.094755, 1.180397, 0.231682
0.895348, 0.045218, 0.962834, -0.008340
0.895407, 0.152445, -0.014738, -0.928949
0.895740, 0.582441, -0.131751, -0.569194
0.895978, 0.332244, -0.095068, -0.840231
0.896208, 0.787797, -0.145635, -0.302408
0.896230, 0.184982, -0.038365, -0.928000
0.896292, 0.196258, -0.045235, -0.925476
0.896452, 0.536964, -0.126537, -0.624599
0.896633, 0.208763, -0.051821, -0.921615
0.896860, 0.503469, -0.122384, -0.663727
0.897380, 0.108166, -0.061640, -1.000866
0.897665, 0.809410, -0.145060, -0.273428
0.897711, 0.640205, -0.133967, -0.496929
0.897781, 0.428885, -0.111537, -0.746633
0.897836, 0.221138, -0.057287, -0.917156
0.898006, 0.724354, -0.139340, -0.387636
0.898757, 0.357354, -0.098028, -0.818268
0.898838, 0.457786, -0.114472, -0.715743
0.898943, 0.594153, -0.128737, -0.554979
0.898981, 0.276917, -0.077638, -0.884904
0.899055, 0.396209, -0.104991, -0.780752
0.899157, 0.902165, -0.148880, -0.144398
0.899166, 0.924053, -0.150430, -0.112981
0.899184, 0.344825, -0.095008, -0.829930
0.899217, 0.989146, -0.153943, -0.016480
0.899235, 0.967248, -0.153116, -0.049483
0.899259, 0.255516, -0.070349, -0.899179
0.899650, 0.757635, -0.139033, -0.343144
0.899774, 0.944975, -0.151112, -0.082590
0.900011, 0.549792, -0.123483, -0.609589
0.900100, 0.298812, -0.083178, -0.868948
0.900205, 0.369211, -0.098985, -0.807506
0.900434, 0.321864, -0.088740, -0.850175
0.900561, 0.857650, -0.143854, -0.206961
0.900741, 0.515763, -0.119157, -0.649820
0.900753, 0.469785, -0.113868, -0.702638
0.900857, 0.685498, -0.132919, -0.438474
0.900946, 0.845131, -0.142467, -0.224242
0.901093, 0.233772, -0.061131, -0.912461
0.901121, 0.870761, -0.143841, -0.188657
0.901385, 0.606107, -0.126616, -0.540308
0.901406, 0.142276, -0.007913, -0.933597
0.901697, 0.011219, 0.972087, -0.002766
0.901761, 0.056976, 0.948552, -0.021040
0.901768, 0.033889, 0.966573, -0.008009
0.901797, 0.832028, -0.140564, -0.242536
0.901919, 0.711236, -0.133247, -0.405263
0.902131, 0.162539, -0.022283, -0.934368
0.902175, 0.120537, 0.046990, -0.893591
0.902318, 0.745807, -0.134725, -0.359269
0.902684, 0.482126, -0.113158, -0.688955
0.902727, 0.651874, -0.128283, -0.482484
0.903135, 0.417553, -0.104165, -0.759438
0.903298, 0.438420, -0.106973, -0.737205
0.903309, 0.562390, -0.120588, -0.594667
0.903496, 0.383663, -0.098397, -0.793960
0.903588, 0.174691, -0.030512, -0.934571
0.903783, 0.914017, -0.143052, -0.127702
0.904294, 0.672965, -0.127642, -0.455401
0.904343, 0.796580, -0.134786, -0.290914
0.904399, 0.882743, -0.140011, -0.172145
0.904736, 0.698030, -0.128554, -0.422438
0.904744, 0.528322, -0.115640, -0.635378
0.904858, 0.820175, -0.135588, -0.259075
0.905076, 0.076290, 0.892661, -0.071472
0.905222, 0.630424, -0.123473, -0.509695
0.905607, 0.098915, 0.076085, -0.873244
0.905704, 0.266634, -0.069805, -0.894168
0.905960, 0.781646, -0.131790, -0.311443
0.906012, 0.494576, -0.110703, -0.675086
0.906031, 0.618569, -0.121620, -0.524978
0.906033, 0.288615, -0.075857, -0.878469
0.906045, 0.978399, -0.144194, -0.032986
0.906051, 0.956312, -0.143095, -0.066250
0.906075, 0.768771, -0.130810, -0.328551
0.906163, 0.574492, -0.118078, -0.580129
0.906203, 0.733257, -0.128729, -0.376317
0.906284, 1.000000, -0.144413, 0.000000
0.906474, 0.245973, -0.062656, -0.907673
0.906670, 0.933616, -0.140687, -0.099797
0.907168, 0.310920, -0.080559, -0.861059
0.907525, 0.406089, -0.097873, -0.772020
0.907621, 0.199283, -0.042997, -0.930691
0.907768, 0.131825, -0.002423, -0.939108
0.907913, 0.186772, -0.036467, -0.934701
0.907931, 0.449100, -0.103286, -0.726249
0.908094, 0.211670, -0.048505, -0.926067
0.908120, 0.045381, 0.955053, -0.018558
0.908196, 0.000000, 0.972314, 0.000000
0.908225, 0.022478, 0.969481, -0.005965
0.908233, 0.894645, -0.135363, -0.155653
0.908373, 0.334663, -0.084677, -0.840820
0.908400, 0.087477, 0.875441, -0.081052
0.908501, 0.541145, -0.112278, -0.620390
0.908806, 0.586060, -0.115687, -0.566056
0.908901, 0.661951, -0.120841, -0.469941
0.909152, 0.224120, -0.053146, -0.920697
0.909330, 0.506994, -0.108096, -0.661057
0.909428, 0.153015, -0.015227, -0.939551
0.909878, 0.066168, 0.970667, 0.001715
0.909939, 0.348059, -0.085837, -0.829157
0.909969, 0.809116, -0.127692, -0.274317
0.909982, 0.110224, 0.067580, -0.883379
0.910382, 0.720467, -0.122334, -0.393544
0.910432, 0.427810, -0.097833, -0.749665
0.910444, 0.640940, -0.117400, -0.496650
0.910486, 0.360425, -0.087562, -0.817725
0.910928, 0.373180, -0.089297, -0.805484
0.911008, 0.460553, -0.101213, -0.714100
0.911278, 0.755716, -0.122984, -0.346531
0.911425, 0.394688, -0.092167, -0.784294
0.911505, 0.685174, -0.118784, -0.439878
0.911565, 0.863609, -0.128511, -0.199230
0.911655, 0.322633, -0.079308, -0.852199
0.911767, 0.597540, -0.112786, -0.551912
0.911809, 0.277923, -0.068691, -0.888037
0.912052, 0.840950, -0.126538, -0.230779
0.912132, 0.553937, -0.108924, -0.605254
0.912366, 0.473213, -0.101086, -0.700098
0.912422, 0.907146, -0.130176, -0.138111
0.912540, 0.301003, -0.073834, -0.870513
0.912634, 0.256516, -0.062134, -0.903164
0.912818, 0.852463, -0.126074, -0.214825
0.912843, 0.967672, -0.134164, -0.049538
0.913005, 0.519528, -0.104917, -0.646718
0.913113, 0.989309, -0.134773, -0.016512
0.913147, 0.608870, -0.111798, -0.537651
0.913192, 0.945273, -0.132222, -0.083079
0.913363, 0.236870, -0.055532, -0.915412
0.913386, 0.165595, -0.023451, -0.941887
0.913808, 0.921580, -0.129315, -0.117557
0.914102, 0.707767, -0.116615, -0.410553
0.914122, 0.874378, -0.125492, -0.184332
0.914322, 0.829143, -0.122643, -0.247145
0.914637, 0.742753, -0.117712, -0.364102
0.914644, 0.033692, 0.960245, -0.015069
0.914754, 0.011183, 0.967389, -0.005229
0.914856, 0.485477, -0.099499, -0.686499
0.914949, 0.142813, -0.007896, -0.942797
0.915282, 0.121108, 0.003706, -0.943691
0.915553, 0.416078, -0.090836, -0.762815
0.915701, 0.055801, 0.950831, -0.022405
0.915767, 0.566560, -0.105416, -0.590146
0.915893, 0.799205, -0.118750, -0.287851
0.915962, 0.788016, -0.118218, -0.303391
0.916072, 0.651000, -0.110694, -0.484255
0.916129, 0.438936, -0.093019, -0.738494
0.916274, 0.628000, -0.109055, -0.513797
0.916438, 0.672862, -0.111523, -0.456251
0.916671, 0.384779, -0.085398, -0.795010
0.916827, 0.532348, -0.101435, -0.631860
0.917071, 0.098406, -0.129604, -1.089186
0.917594, 0.886259, -0.121380, -0.168048
0.917676, 0.775865, -0.115243, -0.319961
0.917840, 0.695982, -0.110953, -0.426286
0.917996, 0.178284, -0.029655, -0.942417
0.918004, 0.498062, -0.097038, -0.672340
0.918056, 0.076929, 0.828157, -0.137248
0.918355, 0.289769, -0.066653, -0.880767
0.918582, 0.729970, -0.111669, -0.381330
0.918611, 0.818540, -0.115992, -0.261869
0.918941, 0.267408, -0.060837, -0.897618
0.918971, 0.578790, -0.102302, -0.575368
0.919078, 0.191352, -0.035366, -0.939026
0.919142, 0.203752, -0.040507, -0.934297
0.919331, 0.933975, -0.122697, -0.100270
0.919357, 0.956801, -0.124394, -0.066416
0.919603, 0.215927, -0.044897, -0.928883
0.919633, 0.764442, -0.111970, -0.335461
0.919908, 0.978742, -0.124946, -0.033046
0.920107, 0.404398, -0.084548, -0.775634
0.920189, 0.340271, -0.074979, -0.838556
0.920263, 1.000000, -0.125207, 0.000000
0.920357, 0.313685, -0.070011, -0.861912
0.920408, 0.227918, -0.048591, -0.922832
0.920539, 0.617012, -0.102816, -0.527759
0.920584, 0.545157, -0.097883, -0.616847
0.920585, 0.131601, -0.000298, -0.945358
0.920607, 0.246796, -0.054200, -0.911734
0.920855, 0.450385, -0.089065, -0.726633
0.921111, 0.328074, -0.072008, -0.849596
0.921191, 0.044519, 0.939044, -0.035917
0.921209, 0.898486, -0.117112, -0.151226
0.921284, 0.022270, 0.967212, -0.006925
0.921294, 0.000000, 0.967848, 0.000000
0.921546, 0.352622, -0.075752, -0.827221
0.921589, 0.510748, -0.093920, -0.657888
0.921843, 0.087483, -0.046582, -1.011057
0.921859, 0.464075, -0.089333, -0.711481
0.921876, 0.590907, -0.099462, -0.560605
0.921925, 0.364404, -0.077196, -0.815973
0.922146, 0.661203, -0.103289, -0.471518
0.922354, 0.426745, -0.084842, -0.752356
0.922400, 0.110076, 0.000010, -0.956725
0.922555, 0.638831, -0.101523, -0.500321
0.922605, 0.154258, -0.016176, -0.948890
0.922920, 0.717442, -0.105151, -0.398149
0.922940, 0.375381, -0.077786, -0.805267
0.923332, 0.683801, -0.102925, -0.442366
0.923356, 0.751957, -0.106197, -0.352272
0.923520, 0.838835, -0.109994, -0.234107
0.923590, 0.862722, -0.111225, -0.201183
0.923832, 0.066644, 1.036248, 0.065394
0.923934, 0.911232, -0.114147, -0.133367
0.923956, 0.807914, -0.107812, -0.276312
0.924073, 0.166899, -0.022764, -0.947982
0.924126, 0.301419, -0.064475, -0.872730
0.924309, 0.278846, -0.059645, -0.890565
0.924321, 0.557872, -0.094213, -0.601765
0.924345, 0.476419, -0.087666, -0.697823
0.924383, 0.850001, -0.109283, -0.218628
0.924403, 0.603717, -0.097065, -0.544855
0.925023, 0.523442, -0.090829, -0.643198
0.925272, 0.393644, -0.077842, -0.787256
0.925723, 0.875743, -0.109034, -0.183367
0.925877, 0.257051, -0.053393, -0.906479
0.926528, 0.968128, -0.114968, -0.049696
0.926690, 0.946061, -0.113022, -0.082961
0.926763, 0.488928, -0.085964, -0.683653
0.926857, 0.923278, -0.110868, -0.116331
0.927032, 0.739330, -0.100550, -0.369261
0.927193, 0.705776, -0.098812, -0.413786
0.927201, 0.989524, -0.115318, -0.016555
0.927407, 0.237263, -0.047357, -0.919577
0.927604, 0.795585, -0.102178, -0.293420
0.927623, 0.142116, -0.009129, -0.952274
0.927773, 0.828493, -0.103504, -0.248694
0.927827, 0.033102, 0.936361, -0.037962
0.927835, 0.414618, -0.077617, -0.765902
0.927929, 0.011102, 0.960300, -0.007686
0.928010, 0.437561, -0.079827, -0.741248
0.928417, 0.570364, -0.089953, -0.586804
0.928481, 0.120196, 0.006316, -0.948976
0.928604, 0.784084, -0.100304, -0.309137
0.928711, 0.649270, -0.094019, -0.487267
0.928782, 0.627424, -0.092776, -0.515139
0.928862, 0.055524, 1.083330, 0.108412
0.928900, 0.536348, -0.087079, -0.628058
0.928924, 0.671702, -0.094849, -0.458297
0.929141, 0.100059, 0.040290, -0.923816
0.929814, 0.501663, -0.083411, -0.669065
0.930029, 0.889025, -0.103643, -0.165038
0.930170, 0.185809, -0.029446, -0.945689
0.930507, 0.198216, -0.033819, -0.940984
0.930550, 0.210744, -0.037911, -0.935251
0.930584, 0.772627, -0.097055, -0.324702
0.930799, 0.223554, -0.041613, -0.928599
0.930835, 0.694419, -0.093363, -0.428797
0.931069, 0.289499, -0.056590, -0.883748
0.931167, 0.727010, -0.094342, -0.385783
0.931199, 0.383466, -0.070552, -0.798222
0.931471, 0.457180, -0.077837, -0.719835
0.931522, 0.322485, -0.061909, -0.856023
0.931768, 0.582032, -0.086451, -0.572636
0.931921, 0.935554, -0.104543, -0.098935
0.931981, 0.269063, -0.051847, -0.899336
0.931995, 0.817162, -0.096927, -0.264174
0.932007, 0.335258, -0.063411, -0.844674
0.932346, 0.347306, -0.064815, -0.833624
0.932351, 0.077251, -0.103854, -1.074704
0.932384, 0.174780, -0.024421, -0.950028
0.932497, 0.615672, -0.087353, -0.530268
0.932570, 0.761082, -0.093816, -0.340308
0.932594, 0.957287, -0.105572, -0.066732
0.932737, 0.549162, -0.083227, -0.612845
0.932795, 0.130241, -0.002091, -0.954573
0.932976, 0.310972, -0.058793, -0.866166
0.933215, 0.403275, -0.070702, -0.778392
0.933306, 0.089096, 0.027060, -0.942080
0.933428, 0.359516, -0.065405, -0.822129
0.933721, 0.514619, -0.079717, -0.654091
0.933870, 0.044102, 1.010022, 0.035091
0.933877, 0.900495, -0.098897, -0.149355
0.933892, 0.979143, -0.105448, -0.033193
0.934072, 0.593738, -0.084184, -0.558155
0.934143, 0.446789, -0.073908, -0.731724
0.934280, 0.371101, -0.066006, -0.810945
0.934296, 0.425185, -0.071766, -0.755302
0.934408, 1.000000, -0.105810, 0.000000
0.934424, 0.468249, -0.075415, -0.707653
0.934432, 0.000000, 0.962063, 0.000000
0.934507, 0.161435, -0.018353, -0.954174
0.934618, 0.022106, 0.959315, -0.011599
0.934918, 0.659958, -0.086344, -0.473757
0.935058, 0.246600, -0.044801, -0.915771
0.935219, 0.854479, -0.094235, -0.213557
0.935376, 0.682486, -0.086725, -0.444517
0.935401, 0.637593, -0.084682, -0.502650
0.935479, 0.748865, -0.089302, -0.356784
0.935504, 0.867201, -0.094477, -0.195934
0.935581, 0.840744, -0.092997, -0.232378
0.936069, 0.149597, -0.012676, -0.956599
0.936158, 0.299512, -0.054221, -0.876355
0.936211, 0.110909, 0.014224, -0.948716
0.936219, 0.715360, -0.086986, -0.401519
0.936316, 0.480240, -0.074175, -0.694227
0.936317, 0.912759, -0.096149, -0.132036
0.936386, 0.804905, -0.090270, -0.281279
0.936457, 0.605195, -0.081715, -0.543702
0.936590, 0.561971, -0.079224, -0.597443
0.936914, 0.527286, -0.076712, -0.639267
0.937088, 0.879973, -0.092746, -0.177975
0.937356, 0.065998, 0.202661, -0.770521
0.937457, 0.258652, -0.045754, -0.907987
0.937576, 0.279592, -0.049632, -0.892623
0.938462, 0.232986, -0.039543, -0.925119
0.938589, 0.492564, -0.072419, -0.680282
0.939115, 0.392033, -0.063397, -0.790539
0.939567, 0.924609, -0.092310, -0.115347
0.939651, 0.736481, -0.083087, -0.373459
0.939788, 0.792964, -0.085006, -0.297558
0.939943, 0.827443, -0.086109, -0.250545
0.940259, 0.968922, -0.095511, -0.049547
0.940554, 0.413653, -0.063956, -0.768306
0.940589, 0.704466, -0.080613, -0.415962
0.940890, 0.136790, -0.006228, -0.959754
0.940954, 0.434978, -0.065368, -0.745360
0.940988, 0.540218, -0.072528, -0.623938
0.941078, 0.947076, -0.092235, -0.082738
0.941100, 0.218750, -0.034609, -0.934086
0.941185, 0.032890, 0.923566, -0.048013
0.941199, 0.011536, 0.947608, -0.012706
0.941256, 0.625447, -0.076509, -0.518523
0.941385, 0.505367, -0.069969, -0.665591
0.941419, 0.648710, -0.077291, -0.488702
0.941455, 0.781481, -0.082249, -0.313200
0.941457, 0.670434, -0.078107, -0.460450
0.941572, 0.989255, -0.095446, -0.017533
0.941603, 0.205657, -0.030979, -0.941060
0.941683, 0.099282, 0.020777, -0.948031
0.941740, 0.574499, -0.073455, -0.582266
0.941948, 0.054822, 0.679223, -0.295797
0.941994, 0.193204, -0.027317, -0.946909
0.942754, 0.122087, 0.001309, -0.959913
0.942994, 0.329691, -0.052601, -0.851507
0.943345, 0.770102, -0.079197, -0.328569
0.943445, 0.181796, -0.023312, -0.951844
0.943455, 0.693225, -0.076309, -0.430780
0.943542, 0.342381, -0.053637, -0.839902
0.943736, 0.379681, -0.057448, -0.803737
0.943786, 0.457714, -0.063951, -0.720214
0.943789, 0.936092, -0.086982, -0.099010
0.943864, 0.317482, -0.050249, -0.862457
0.944129, 0.890085, -0.083021, -0.164184
0.944187, 0.814571, -0.079619, -0.268474
0.944196, 0.086091, 0.051416, -0.921370
0.944238, 0.724833, -0.076403, -0.389257
0.944251, 0.354862, -0.054377, -0.828172
0.944586, 0.169683, -0.019026, -0.956183
0.944679, 0.586540, -0.070322, -0.567501
0.944850, 0.553010, -0.068460, -0.608650
0.945014, 0.758387, -0.076468, -0.344360
0.945166, 0.291585, -0.045577, -0.884388
0.945217, 0.958627, -0.087286, -0.065799
0.945647, 0.367277, -0.054316, -0.816224
0.945701, 0.267719, -0.041446, -0.903123
0.945743, 0.445378, -0.060860, -0.734187
0.945860, 0.613434, -0.069991, -0.533746
0.945873, 0.305418, -0.046902, -0.873068
0.945906, 0.903221, -0.081385, -0.146189
0.945932, 0.518554, -0.065326, -0.650360
0.945951, 0.470575, -0.062367, -0.706098
0.945997, 0.401681, -0.057133, -0.781329
0.946293, 0.043436, 1.040325, 0.066838
0.946309, 0.848805, -0.077929, -0.221694
0.946490, 0.599297, -0.068589, -0.551598
0.946526, 0.861835, -0.078160, -0.203698
0.946626, 0.157405, -0.014296, -0.959987
0.946749, 0.074391, 0.038307, -0.936582
0.946885, 0.875168, -0.078245, -0.185194
0.947126, 0.241203, -0.035761, -0.921850
0.947172, 0.424380, -0.057721, -0.757512
0.947214, 0.681248, -0.070818, -0.446554
0.947322, 0.000000, 0.955609, 0.000000
0.947325, 0.253617, -0.037901, -0.913576
0.947442, 0.746263, -0.072703, -0.360671
0.947653, 0.637696, -0.068654, -0.502973
0.947706, 0.836236, -0.075374, -0.238836
0.947971, 0.483180, -0.060828, -0.691828
0.948001, 0.659077, -0.069009, -0.475652
0.948285, 0.023398, 0.949626, -0.017018
0.948350, 0.145109, -0.009462, -0.962648
0.948420, 1.000000, -0.086769, 0.000000
0.948440, 0.978486, -0.084913, -0.035367
0.948519, 0.279743, -0.041161, -0.894276
0.948714, 0.530943, -0.062614, -0.635799
0.948834, 0.565300, -0.064103, -0.593924
0.948879, 0.110041, 0.005763, -0.962096
0.949048, 0.916171, -0.077599, -0.128055
0.949113, 0.802578, -0.072195, -0.284821
0.949179, 0.227521, -0.031841, -0.930798
0.950037, 0.495955, -0.059147, -0.677116
0.950259, 0.714106, -0.067815, -0.403554
0.951473, 0.063030, -0.048345, -1.023675
0.951601, 0.388775, -0.050236, -0.795309
0.951781, 0.213424, -0.027499, -0.939467
0.951786, 0.130832, -0.003482, -0.964920
0.952294, 0.790554, -0.067335, -0.301291
0.952421, 0.823099, -0.068207, -0.257148
0.952501, 0.509101, -0.056917, -0.661792
0.952758, 0.734113, -0.065030, -0.377250
0.952935, 0.928297, -0.072680, -0.111006
0.952966, 0.626772, -0.061303, -0.517007
0.952973, 0.412206, -0.050571, -0.770803
0.953076, 0.096550, 0.009376, -0.963056
0.953102, 0.543961, -0.057872, -0.620272
0.953132, 0.200572, -0.024077, -0.946442
0.953756, 0.703230, -0.062726, -0.417988
0.953806, 0.011643, 0.922532, -0.025907
0.954176, 0.669349, -0.061147, -0.462532
0.954351, 0.336689, -0.042934, -0.846100
0.954410, 0.779349, -0.064017, -0.316430
0.954532, 0.435512, -0.050443, -0.746058
0.954630, 0.648495, -0.059875, -0.489449
0.954765, 0.324263, -0.041320, -0.857513
0.954826, 0.941061, -0.070992, -0.092802
0.954863, 0.966996, -0.074187, -0.054142
0.954920, 0.189092, -0.020707, -0.952122
0.954961, 0.952812, -0.072278, -0.075774
0.955019, 0.578691, -0.056914, -0.577737
0.955039, 0.349494, -0.043475, -0.834110
0.955239, 0.050776, 0.127764, -0.846520
0.955410, 0.035880, 0.978852, 0.008970
0.955510, 0.449665, -0.050211, -0.730433
0.955549, 0.462108, -0.050887, -0.716562
0.955680, 0.691616, -0.059773, -0.433232
0.955712, 0.767669, -0.061860, -0.332175
0.955724, 0.177020, -0.017521, -0.957119
0.955774, 0.989675, -0.075712, -0.017733
0.956031, 0.882683, -0.065335, -0.175472
0.956104, 0.362166, -0.043525, -0.822027
0.956173, 0.375887, -0.044541, -0.808531
0.956219, 0.895271, -0.065708, -0.157991
0.956257, 0.312209, -0.038756, -0.868338
0.956317, 0.083743, 0.017609, -0.957022
0.956350, 0.299230, -0.037287, -0.879518
0.956591, 0.591689, -0.055423, -0.561889
0.956614, 0.120026, 0.000936, -0.966427
0.956951, 0.604917, -0.055418, -0.545218
0.957006, 0.164858, -0.014001, -0.961434
0.957096, 0.261126, -0.032023, -0.909650
0.957102, 0.616632, -0.055599, -0.530151
0.957179, 0.755883, -0.059485, -0.347963
0.957389, 0.812026, -0.060761, -0.272280
0.957501, 0.868839, -0.062554, -0.194625
0.957608, 0.855714, -0.061872, -0.212627
0.957635, 0.554915, -0.052725, -0.607272
0.957768, 0.399770, -0.044638, -0.784215
0.957776, 0.474419, -0.048981, -0.702610
0.957823, 0.287150, -0.034705, -0.889588
0.957901, 0.723773, -0.057680, -0.391133
0.957962, 0.908082, -0.063820, -0.140082
0.958179, 0.273441, -0.032809, -0.900546
0.958285, 0.843285, -0.060410, -0.229511
0.958292, 0.247903, -0.029360, -0.919255
0.958363, 0.522787, -0.050508, -0.645772
0.958573, 0.152395, -0.010227, -0.964988
0.958586, 0.235172, -0.027288, -0.927765
0.958877, 0.422930, -0.044911, -0.759601
0.958926, 0.679782, -0.055084, -0.448903
0.959056, 0.139482, -0.006245, -0.967119
0.959184, 0.743982, -0.056399, -0.363967
0.959538, 0.831119, -0.058217, -0.246185
0.959540, 0.486832, -0.047529, -0.688328
0.959669, 0.567410, -0.050645, -0.591817
0.959927, 0.221796, -0.024391, -0.936212
0.960059, 0.535434, -0.048955, -0.630657
0.960127, 0.000000, 0.938971, 0.000000
0.960571, 0.636950, -0.051717, -0.504535
0.960620, 0.023299, 1.034797, 0.071130
0.960893, 0.106751, 0.006424, -0.965865
0.961014, 0.071777, 0.024976, -0.949922
0.961321, 0.499288, -0.045981, -0.673805
0.961571, 0.659449, -0.051019, -0.475523
0.961904, 0.799231, -0.054030, -0.289939
0.961922, 0.979499, -0.065664, -0.035302
0.962144, 0.921024, -0.058370, -0.122048
0.962592, 1.000000, -0.067433, 0.000000
0.963035, 0.511821, -0.044437, -0.658919
0.963167, 0.207972, -0.020376, -0.944638
0.963779, 0.388366, -0.037636, -0.796168
0.964438, 0.711605, -0.048481, -0.407688
0.964770, 0.059958, 0.011261, -0.961677
0.965121, 0.409828, -0.037451, -0.774051
0.965132, 0.093786, 0.011257, -0.963680
0.965341, 0.442578, -0.038822, -0.738261
0.965705, 0.788279, -0.048406, -0.304920
0.965728, 0.342920, -0.032741, -0.841460
0.965755, 0.330631, -0.031833, -0.852891
0.965903, 0.046422, -0.106756, -1.077122
0.965922, 0.932632, -0.053600, -0.106231
0.966177, 0.698859, -0.045818, -0.424367
0.966264, 0.957995, -0.055902, -0.069622
0.966358, 0.196791, -0.016944, -0.950932
0.966358, 0.011215, 0.932821, 0.014703
0.966362, 0.625515, -0.043827, -0.519106
0.966453, 0.130098, -0.002692, -0.970264
0.966473, 0.455333, -0.038117, -0.724141
0.966736, 0.775994, -0.046693, -0.321590
0.966807, 0.945339, -0.053419, -0.088097
0.966942, 0.184328, -0.014595, -0.956725
0.966975, 0.735688, -0.045489, -0.375372
0.967087, 0.354724, -0.032213, -0.830307
0.967090, 0.586229, -0.041867, -0.568824
0.967113, 0.821080, -0.047114, -0.260191
0.967167, 0.366916, -0.032884, -0.818314
0.967180, 0.318955, -0.029668, -0.863573
0.967209, 0.546101, -0.040533, -0.617912
0.967242, 0.647390, -0.043219, -0.491309
0.967404, 0.969640, -0.055747, -0.051867
0.967509, 0.306500, -0.028420, -0.874574
0.967606, 0.888421, -0.048428, -0.167987
0.967615, 0.034158, 0.360348, -0.606215
0.967635, 0.875517, -0.047894, -0.185772
0.967664, 0.599504, -0.041477, -0.552088
0.967695, 0.671211, -0.043159, -0.460445
0.967774, 0.431672, -0.035621, -0.750304
0.967797, 0.171640, -0.011979, -0.961807
0.967865, 0.763368, -0.044848, -0.338585
0.968015, 0.685997, -0.043036, -0.441103
0.968034, 0.466794, -0.036803, -0.711321
0.968314, 0.900966, -0.047901, -0.150586
0.968319, 0.294096, -0.026725, -0.885163
0.968344, 0.378360, -0.032363, -0.806738
0.968378, 0.117004, 0.001111, -0.970728
0.968438, 0.612791, -0.040819, -0.535304
0.968459, 0.574126, -0.039776, -0.583603
0.968477, 0.861877, -0.046227, -0.204554
0.968511, 0.280920, -0.025451, -0.895929
0.968512, 0.254861, -0.022988, -0.915727
0.968735, 0.267602, -0.024076, -0.906364
0.968817, 0.081692, 0.015362, -0.959845
0.968828, 0.158604, -0.009126, -0.966081
0.968951, 0.723562, -0.042532, -0.391581
0.969029, 0.750275, -0.042942, -0.355998
0.969064, 0.559705, -0.038633, -0.601514
0.969098, 0.808287, -0.044000, -0.277688
0.969099, 0.848521, -0.044936, -0.222819
0.969172, 0.144794, -0.006101, -0.969256
0.969373, 0.241674, -0.021022, -0.924997
0.969614, 0.479060, -0.035432, -0.697344
0.969808, 0.531793, -0.036924, -0.635353
0.969849, 0.228844, -0.019303, -0.933348
0.969854, 0.835151, -0.043486, -0.241023
0.969858, 0.913432, -0.046128, -0.133098
0.970438, 0.419806, -0.032180, -0.763347
0.970489, 0.398772, -0.031172, -0.785969
0.970753, 0.215928, -0.017252, -0.941226
0.970775, 0.989149, -0.054229, -0.020206
0.971101, 0.491781, -0.034122, -0.682634
0.971218, 0.519525, -0.034828, -0.649781
0.972473, 0.505038, -0.032903, -0.667091
0.973156, 0.000000, 0.980632, 0.000000
0.973194, 0.103851, 0.004293, -0.970614
0.973407, 0.635530, -0.034848, -0.506476
0.973432, 0.021821, 0.815007, -0.141201
0.973821, 0.658304, -0.034739, -0.477220
0.975151, 0.069069, 0.020038, -0.952006
0.976193, 1.000000, -0.048743, 0.000000
0.976357, 0.798068, -0.033555, -0.292138
0.976501, 0.447985, -0.026507, -0.732641
0.976504, 0.055917, 0.030168, -0.935444
0.976634, 0.978260, -0.042949, -0.039900
0.976714, 0.923994, -0.036226, -0.118722
0.976807, 0.337031, -0.021925, -0.847283
0.976865, 0.705182, -0.031416, -0.415967
0.977296, 0.205591, -0.012339, -0.948024
0.977579, 0.784671, -0.031609, -0.310135
0.977709, 0.386472, -0.023101, -0.799066
0.977726, 0.937667, -0.035677, -0.100104
0.977925, 0.192227, -0.010639, -0.954801
0.978038, 0.951400, -0.036372, -0.080646
0.978043, 0.093138, 0.006018, -0.969448
0.978043, 0.043443, -0.036273, -0.992933
0.978046, 0.717005, -0.029994, -0.400463
0.978149, 0.692602, -0.029486, -0.432426
0.978175, 0.679365, -0.029256, -0.449597
0.978185, 0.137537, -0.003278, -0.972273
0.978282, 0.593809, -0.027763, -0.559444
0.978373, 0.743622, -0.029915, -0.365141
0.978379, 0.622004, -0.028120, -0.523930
0.978416, 0.771332, -0.030234, -0.328025
0.978445, 0.347901, -0.020845, -0.837022
0.978486, 0.178950, -0.008912, -0.960692
0.978497, 0.326231, -0.019819, -0.857579
0.978506, 0.124937, -0.001002, -0.973400
0.978520, 0.607453, -0.027695, -0.542308
0.978598, 0.964621, -0.037134, -0.061487
0.978612, 0.540130, -0.026317, -0.625570
0.978650, 0.411120, -0.022962, -0.773202
0.978668, 0.553091, -0.026517, -0.609892
0.978678, 0.360097, -0.021112, -0.825332
0.978690, 0.882119, -0.031724, -0.176900
0.978726, 0.314097, -0.019016, -0.868629
0.978776, 0.868617, -0.031278, -0.195462
0.978782, 0.826400, -0.030532, -0.253491
0.978838, 0.567125, -0.026564, -0.592547
0.978894, 0.437536, -0.023507, -0.744625
0.978907, 0.580772, -0.026731, -0.575673
0.978934, 0.812985, -0.030084, -0.271694
0.978986, 0.730850, -0.028880, -0.382003
0.979040, 0.301435, -0.018091, -0.879690
0.979073, 0.757796, -0.029123, -0.346112
0.979117, 0.372715, -0.021161, -0.813005
0.979122, 0.458833, -0.023832, -0.720569
0.979129, 0.895577, -0.031440, -0.158341
0.979131, 0.165515, -0.007058, -0.965713
0.979140, 0.288197, -0.017291, -0.890809
0.979214, 0.274814, -0.016458, -0.901562
0.979327, 0.151699, -0.005186, -0.969707
0.979411, 0.261341, -0.015477, -0.911906
0.979451, 0.854819, -0.030015, -0.214403
0.979452, 0.011609, 0.960252, 0.109747
0.979534, 0.248016, -0.014499, -0.921548
0.979653, 0.667410, -0.027109, -0.465264
0.979653, 0.031375, -0.045482, -0.995558
0.979679, 0.647530, -0.026803, -0.491050
0.979807, 0.909222, -0.030855, -0.139443
0.979810, 0.470975, -0.023349, -0.706893
0.979910, 0.840913, -0.029103, -0.233437
0.979981, 0.080930, 0.009271, -0.964685
0.980157, 0.112429, 0.001379, -0.973308
0.980200, 0.425444, -0.021707, -0.757902
0.980220, 0.234291, -0.013061, -0.930924
0.980490, 0.220450, -0.011838, -0.939663
0.980859, 0.484061, -0.022432, -0.691992
0.980966, 0.526509, -0.023169, -0.642002
0.981170, 0.398809, -0.019888, -0.786268
0.981193, 0.512468, -0.022618, -0.658657
0.981705, 0.497795, -0.021722, -0.676051
0.984734, 0.634974, -0.020004, -0.507301
0.985921, 0.987310, -0.030002, -0.027061
0.986045, 0.000000, 1.351250, 0.000000
0.987634, 0.062734, 0.010145, -0.955445
0.988067, 0.102723, 0.002156, -0.973291
0.988096, 0.022404, -0.153850, -1.099070
0.988252, 0.657773, -0.015585, -0.478243
0.988328, 1.000000, -0.029988, 0.000000
0.988400, 0.792066, -0.016418, -0.300298
0.988401, 0.805050, -0.016526, -0.282739
0.988524, 0.930667, -0.018292, -0.110692
0.988629, 0.973044, -0.021462, -0.050737
0.988738, 0.917440, -0.017496, -0.128818
0.988753, 0.337172, -0.010624, -0.848041
0.988754, 0.199267, -0.005829, -0.951965
0.988792, 0.049944, 0.022120, -0.937781
0.988821, 0.613911, -0.014472, -0.534407
0.988837, 0.698227, -0.015120, -0.425488
0.988846, 0.447949, -0.012583, -0.733575
0.988905, 0.944416, -0.018274, -0.091572
0.988966, 0.710849, -0.015044, -0.408880
0.988988, 0.212327, -0.006354, -0.944866
0.989037, 0.778681, -0.015417, -0.318316
0.989039, 0.684992, -0.014755, -0.442903
0.989055, 0.378729, -0.011188, -0.807324
0.989064, 0.074889, 0.005327, -0.964496
0.989159, 0.185932, -0.004925, -0.958426
0.989162, 0.724030, -0.014862, -0.391357
0.989166, 0.600669, -0.013917, -0.551186
0.989197, 0.751136, -0.015001, -0.355264
0.989228, 0.560358, -0.013466, -0.601264
0.989235, 0.144455, -0.002196, -0.972263
0.989252, 0.958419, -0.018655, -0.071943
0.989378, 0.130951, -0.001057, -0.974293
0.989422, 0.546987, -0.013096, -0.617597
0.989423, 0.587448, -0.013470, -0.567742
0.989430, 0.875272, -0.015699, -0.186681
0.989431, 0.765028, -0.014767, -0.336634
0.989434, 0.573894, -0.013335, -0.584598
0.989479, 0.172363, -0.004015, -0.964073
0.989501, 0.833055, -0.015171, -0.244477
0.989535, 0.351107, -0.010161, -0.834882
0.989539, 0.419476, -0.011395, -0.764622
0.989553, 0.888998, -0.015704, -0.167846
0.989561, 0.737713, -0.014404, -0.373142
0.989565, 0.323266, -0.009555, -0.860754
0.989589, 0.861520, -0.015303, -0.205499
0.989607, 0.819120, -0.014907, -0.263497
0.989655, 0.295723, -0.008790, -0.884798
0.989656, 0.309478, -0.009140, -0.872993
0.989659, 0.158480, -0.003083, -0.968780
0.989663, 0.282044, -0.008408, -0.896086
0.989713, 0.268401, -0.007967, -0.906843
0.989717, 0.364904, -0.010262, -0.821319
0.989843, 0.089252, 0.003397, -0.970269
0.989858, 0.254700, -0.007429, -0.917112
0.989875, 0.533755, -0.012399, -0.633504
0.989914, 0.902991, -0.015392, -0.148618
0.989943, 0.847431, -0.014647, -0.224760
0.989957, 0.391612, -0.010500, -0.794099
0.989987, 0.036508, 0.012840, -0.941932
0.989993, 0.671687, -0.013374, -0.460196
0.989993, 0.240935, -0.006867, -0.926818
0.990070, 0.461862, -0.011373, -0.717985
0.990166, 0.117252, 0.000282, -0.974891
0.990176, 0.433956, -0.010900, -0.748840
0.990323, 0.406156, -0.010337, -0.778688
0.990335, 0.226755, -0.006130, -0.936157
0.990410, 0.475928, -0.011153, -0.701840
0.990529, 0.626488, -0.012357, -0.518225
0.990627, 0.505006, -0.011204, -0.667733
0.990660, 0.519424, -0.011309, -0.650661
0.990892, 0.490294, -0.010745, -0.685072
0.991263, 0.644506, -0.011507, -0.495195
0.991507, 0.009728, 0.213842, -0.730817
1.000000, 0.000000, 0.000000, 0.000000
1.000000, 0.015532, 0.000000, -0.936810
1.000000, 0.028850, 0.000000, -0.857300
1.000000, 0.042949, 0.000000, -0.929628
1.000000, 0.056291, 0.000000, -0.953927
1.000000, 0.069044, 0.000000, -0.962123
1.000000, 0.082503, 0.000000, -0.968419
1.000000, 0.096534, 0.000000, -0.972988
1.000000, 0.109755, 0.000000, -0.975060
1.000000, 0.124015, 0.000000, -0.975350
1.000000, 0.137778, 0.000000, -0.973942
1.000000, 0.151462, 0.000000, -0.971124
1.000000, 0.165363, 0.000000, -0.966953
1.000000, 0.179123, 0.000000, -0.961721
1.000000, 0.192679, 0.000000, -0.955607
1.000000, 0.206020, 0.000000, -0.948756
1.000000, 0.219510, 0.000000, -0.940997
1.000000, 0.233742, 0.000000, -0.931887
1.000000, 0.247716, 0.000000, -0.922388
1.000000, 0.261565, 0.000000, -0.912324
1.000000, 0.275318, 0.000000, -0.901766
1.000000, 0.289054, 0.000000, -0.890678
1.000000, 0.302820, 0.000000, -0.879069
1.000000, 0.316639, 0.000000, -0.866946
1.000000, 0.330474, 0.000000, -0.854379
1.000000, 0.343940, 0.000000, -0.841861
1.000000, 0.357765, 0.000000, -0.828331
1.000000, 0.371624, 0.000000, -0.814543
1.000000, 0.385056, 0.000000, -0.801063
1.000000, 0.398969, 0.000000, -0.786456
1.000000, 0.413133, 0.000000, -0.771447
1.000000, 0.426906, 0.000000, -0.756743
1.000000, 0.441120, 0.000000, -0.741057
1.000000, 0.454635, 0.000000, -0.726195
1.000000, 0.468755, 0.000000, -0.709888
1.000000, 0.483042, 0.000000, -0.693360
1.000000, 0.497614, 0.000000, -0.676289
1.000000, 0.512011, 0.000000, -0.659410
1.000000, 0.526367, 0.000000, -0.642251
1.000000, 0.540182, 0.000000, -0.625755
1.000000, 0.553712, 0.000000, -0.609365
1.000000, 0.567155, 0.000000, -0.592903
1.000000, 0.580727, 0.000000, -0.576028
1.000000, 0.594305, 0.000000, -0.559054
1.000000, 0.607788, 0.000000, -0.542153
1.000000, 0.621199, 0.000000, -0.525304
1.000000, 0.635694, 0.000000, -0.506396
1.000000, 0.650763, 0.000000, -0.486805
1.000000, 0.663986, 0.000000, -0.470436
1.000000, 0.677907, 0.000000, -0.451933
1.000000, 0.691215, 0.000000, -0.434684
1.000000, 0.704361, 0.000000, -0.417472
1.000000, 0.717586, 0.000000, -0.399975
1.000000, 0.730985, 0.000000, -0.382192
1.000000, 0.744658, 0.000000, -0.363889
1.000000, 0.758202, 0.000000, -0.345861
1.000000, 0.771928, 0.000000, -0.327390
1.000000, 0.785479, 0.000000, -0.309207
1.000000, 0.798750, 0.000000, -0.291408
1.000000, 0.812090, 0.000000, -0.273331
1.000000, 0.826103, 0.000000, -0.253988
1.000000, 0.840085, 0.000000, -0.234926
1.000000, 0.854292, 0.000000, -0.215409
1.000000, 0.868258, 0.000000, -0.196379
1.000000, 0.882118, 0.000000, -0.177450
1.000000, 0.896062, 0.000000, -0.158337
1.000000, 0.910254, 0.000000, -0.138833
1.000000, 0.923822, 0.000000, -0.120508
1.000000, 0.937238, 0.000000, -0.102225
1.000000, 0.950773, 0.000000, -0.083687
1.000000, 0.964301, 0.000000, -0.065199
1.000000, 0.976971, 0.000000, -0.047617
1.000000, 0.988540, 0.000000, -0.029695
1.000000, 1.000000, 0.000000, 0.000000
