0.000000, 0.000000, 0.000000, 0.000000
0.000000, 0.010755, 0.000000, 0.016488
0.000000, 0.021597, 0.000000, 0.027804
0.000000, 0.033448, 0.000000, 0.038293
0.000000, 0.045500, 0.000000, 0.048090
0.000000, 0.057899, 0.000000, 0.057771
0.000000, 0.070478, 0.000000, 0.067386
0.000000, 0.083276, 0.000000, 0.077064
0.000000, 0.096279, 0.000000, 0.086863
0.000000, 0.109343, 0.000000, 0.096695
0.000000, 0.122354, 0.000000, 0.106487
0.000000, 0.135251, 0.000000, 0.116175
0.000000, 0.148125, 0.000000, 0.125846
0.000000, 0.160994, 0.000000, 0.135502
0.000000, 0.173929, 0.000000, 0.145212
0.000000, 0.186917, 0.000000, 0.154965
0.000000, 0.199955, 0.000000, 0.164751
0.000000, 0.213057, 0.000000, 0.174581
0.000000, 0.226249, 0.000000, 0.184474
0.000000, 0.239548, 0.000000, 0.194455
0.000000, 0.252916, 0.000000, 0.204489
0.000000, 0.266310, 0.000000, 0.214532
0.000000, 0.279730, 0.000000, 0.224583
0.000000, 0.293210, 0.000000, 0.234678
0.000000, 0.306746, 0.000000, 0.244848
0.000000, 0.320139, 0.000000, 0.254879
0.000000, 0.333464, 0.000000, 0.264837
0.000000, 0.346801, 0.000000, 0.274790
0.000000, 0.360197, 0.000000, 0.284767
0.000000, 0.373712, 0.000000, 0.294828
0.000000, 0.387310, 0.000000, 0.304947
0.000000, 0.400954, 0.000000, 0.315089
0.000000, 0.414644, 0.000000, 0.325247
0.000000, 0.428410, 0.000000, 0.335441
0.000000, 0.442304, 0.000000, 0.345726
0.000000, 0.456306, 0.000000, 0.356239
0.000000, 0.469470, 0.000000, 0.365987
0.000000, 0.482296, 0.000000, 0.375383
0.000000, 0.495090, 0.000000, 0.384734
0.000000, 0.507721, 0.000000, 0.393914
0.000000, 0.520000, 0.000000, 0.402784
0.000000, 0.531685, 0.000000, 0.411299
0.000000, 0.542741, 0.000000, 0.419627
0.000000, 0.554654, 0.000000, 0.428593
0.000000, 0.567726, 0.000000, 0.438246
0.000000, 0.581396, 0.000000, 0.448239
0.000000, 0.595347, 0.000000, 0.458443
0.000000, 0.609204, 0.000000, 0.468550
0.000000, 0.622924, 0.000000, 0.478447
0.000000, 0.637031, 0.000000, 0.488717
0.000000, 0.651128, 0.000000, 0.498975
0.000000, 0.664928, 0.000000, 0.509028
0.000000, 0.678431, 0.000000, 0.518613
0.000000, 0.692643, 0.000000, 0.528934
0.000000, 0.706570, 0.000000, 0.538898
0.000000, 0.720639, 0.000000, 0.548832
0.000000, 0.735083, 0.000000, 0.559130
0.000000, 0.749533, 0.000000, 0.569226
0.000000, 0.764823, 0.000000, 0.580422
0.000000, 0.778977, 0.000000, 0.590363
0.000000, 0.793123, 0.000000, 0.600478
0.000000, 0.806711, 0.000000, 0.609798
0.000000, 0.821308, 0.000000, 0.619898
0.000000, 0.836489, 0.000000, 0.630519
0.000000, 0.851557, 0.000000, 0.641308
0.000000, 0.865590, 0.000000, 0.650939
0.000000, 0.879696, 0.000000, 0.660613
0.000000, 0.893469, 0.000000, 0.669902
0.000000, 0.906920, 0.000000, 0.678649
0.000000, 0.920080, 0.000000, 0.686550
0.000000, 0.933351, 0.000000, 0.693063
0.000000, 0.945699, 0.000000, 0.697912
0.000000, 0.959562, 0.000000, 0.690555
0.000000, 0.972602, 0.000000, 0.645034
0.000000, 0.985200, 0.000000, 0.642668
0.000000, 1.000000, 0.000000, 0.000000
0.008688, 0.756863, 0.006280, 0.574585
0.009154, 0.828561, 0.006489, 0.625097
0.009174, 0.989329, 0.005822, 0.696987
0.009439, 0.844117, 0.006663, 0.636081
0.009857, 0.952306, 0.015594, 0.723432
0.009887, 0.813458, 0.007039, 0.614489
0.009940, 0.449389, 0.007637, 0.351034
0.009973, 0.742105, 0.007235, 0.564138
0.009980, 0.728090, 0.007266, 0.554195
0.010035, 0.588108, 0.007519, 0.452937
0.010039, 0.629506, 0.007461, 0.483096
0.010131, 0.435276, 0.007804, 0.340557
0.010174, 0.573633, 0.007643, 0.442350
0.010277, 0.643845, 0.007617, 0.493543
0.010306, 0.685295, 0.007575, 0.523557
0.010309, 0.602226, 0.007704, 0.463261
0.010314, 0.559073, 0.007769, 0.431725
0.010322, 0.421445, 0.007972, 0.330298
0.010435, 0.407752, 0.008081, 0.320133
0.010478, 0.544421, 0.007914, 0.421052
0.010507, 0.394106, 0.008158, 0.309992
0.010587, 0.380470, 0.008242, 0.299851
0.010596, 0.786793, 0.007604, 0.595888
0.010617, 0.615959, 0.007914, 0.473283
0.010656, 0.299872, 0.008446, 0.239664
0.010727, 0.366865, 0.008375, 0.289726
0.010731, 0.286343, 0.008536, 0.229529
0.010740, 0.713560, 0.007843, 0.543793
0.010755, 0.529944, 0.008145, 0.410535
0.010814, 0.272913, 0.008634, 0.219466
0.010838, 0.259492, 0.008688, 0.209404
0.010842, 0.246054, 0.008729, 0.199321
0.010847, 0.873188, 0.007594, 0.656104
0.010873, 0.772022, 0.007829, 0.585417
0.010895, 0.658173, 0.008055, 0.504033
0.010909, 0.232671, 0.008824, 0.189277
0.010924, 0.353373, 0.008553, 0.279676
0.010932, 0.313487, 0.008637, 0.249875
0.010970, 0.699525, 0.008038, 0.533802
0.011014, 0.340062, 0.008648, 0.269747
0.011039, 0.326795, 0.008694, 0.259834
0.011049, 0.219432, 0.008984, 0.179342
0.011120, 0.102757, 0.009906, 0.091598
0.011166, 0.206315, 0.009130, 0.169496
0.011166, 0.887183, 0.007800, 0.665788
0.011169, 0.089484, 0.010176, 0.081563
0.011182, 0.516151, 0.008492, 0.400506
0.011216, 0.115915, 0.009813, 0.101525
0.011248, 0.193275, 0.009255, 0.159703
0.011284, 0.858792, 0.007931, 0.646221
0.011303, 0.463716, 0.008665, 0.361729
0.011309, 0.180291, 0.009371, 0.149949
0.011314, 0.502733, 0.008613, 0.390606
0.011361, 0.000000, 0.017166, 0.000000
0.011383, 0.167337, 0.009507, 0.140215
0.011395, 0.927071, 0.009497, 0.695520
0.011400, 0.025016, 0.013569, 0.029712
0.011421, 0.076389, 0.010707, 0.071605
0.011422, 0.128820, 0.009847, 0.111245
0.011462, 0.141660, 0.009761, 0.120911
0.011462, 0.489552, 0.008746, 0.380863
0.011488, 0.154447, 0.009681, 0.130527
0.011504, 0.900785, 0.008077, 0.675338
0.011553, 0.671386, 0.008515, 0.513552
0.011638, 0.799668, 0.008319, 0.604894
0.011641, 0.063534, 0.011314, 0.061705
0.011722, 0.964908, 0.020948, 0.749597
0.011725, 0.050873, 0.011950, 0.051749
0.011731, 0.476511, 0.008971, 0.371220
0.011836, 0.914050, 0.008638, 0.685068
0.011937, 0.037990, 0.012958, 0.041182
0.013129, 0.940476, 0.014763, 0.709464
0.013423, 1.000000, -1.237689, 0.000000
0.013695, 0.976980, 0.148772, 0.891318
0.013912, 0.011588, 0.018496, 0.015413
0.018511, 0.762079, 0.013361, 0.578116
0.018733, 0.834890, 0.013255, 0.629257
0.019000, 0.820561, 0.013501, 0.619307
0.019327, 0.749279, 0.013996, 0.569067
0.019666, 0.580823, 0.014755, 0.447730
0.019772, 0.565959, 0.014874, 0.436836
0.019906, 0.635517, 0.014778, 0.487499
0.019943, 0.455847, 0.015307, 0.355845
0.019996, 0.781212, 0.014363, 0.591720
0.020028, 0.551339, 0.015109, 0.426173
0.020069, 0.721987, 0.014631, 0.549768
0.020129, 0.441956, 0.015489, 0.345532
0.020225, 0.595053, 0.015135, 0.458138
0.020397, 0.650407, 0.015102, 0.498414
0.020564, 0.428236, 0.015864, 0.335341
0.020629, 0.537115, 0.015604, 0.415775
0.020773, 0.847362, 0.014639, 0.637798
0.020839, 0.414618, 0.016116, 0.325222
0.020906, 0.953495, -0.011790, 0.683252
0.020926, 0.735403, 0.015203, 0.559244
0.020983, 0.988156, -0.752347, -0.124277
0.020983, 0.401036, 0.016269, 0.315125
0.020996, 0.608904, 0.015672, 0.468258
0.021018, 0.691622, 0.015422, 0.527987
0.021083, 0.387442, 0.016390, 0.305012
0.021244, 0.373812, 0.016560, 0.294865
0.021324, 0.306327, 0.016872, 0.244462
0.021395, 0.622483, 0.015930, 0.478165
0.021423, 0.292850, 0.017010, 0.234365
0.021567, 0.360174, 0.016859, 0.284706
0.021597, 0.706791, 0.015794, 0.538845
0.021599, 0.252554, 0.017350, 0.204144
0.021608, 0.279494, 0.017218, 0.224360
0.021639, 0.266078, 0.017310, 0.214297
0.021641, 0.678769, 0.015932, 0.518930
0.021656, 0.807122, 0.015450, 0.610049
0.021693, 0.239075, 0.017504, 0.194022
0.021727, 0.523626, 0.016477, 0.405910
0.021984, 0.225802, 0.017826, 0.184056
0.021994, 0.346645, 0.017244, 0.274622
0.022032, 0.320098, 0.017378, 0.254794
0.022033, 0.096041, 0.019766, 0.086180
0.022108, 0.869552, 0.015468, 0.653364
0.022112, 0.333394, 0.017388, 0.264738
0.022227, 0.109432, 0.019561, 0.096367
0.022232, 0.510196, 0.016901, 0.396015
0.022256, 0.212669, 0.018143, 0.174191
0.022362, 0.882083, 0.015567, 0.662033
0.022442, 0.082708, 0.020619, 0.075976
0.022444, 0.199625, 0.018404, 0.164386
0.022593, 0.186653, 0.018646, 0.154630
0.022621, 0.496995, 0.017239, 0.386304
0.022685, 0.173717, 0.018859, 0.144895
0.022755, 0.122316, 0.019717, 0.106116
0.022842, 0.160761, 0.019147, 0.135136
0.022848, 0.895125, 0.015793, 0.670887
0.022909, 0.019962, 0.026533, 0.023096
0.022914, 0.135173, 0.019602, 0.115838
0.022945, 0.483786, 0.017528, 0.376587
0.022989, 0.069554, 0.021747, 0.065761
0.023054, 0.147861, 0.019508, 0.125409
0.023084, 0.663903, 0.017040, 0.508112
0.023110, 0.932703, 0.012042, 0.692452
0.023363, 0.044539, 0.023957, 0.045618
0.023423, 0.908235, 0.016040, 0.679613
0.023431, 0.858340, 0.016456, 0.645421
0.023467, 0.470539, 0.017972, 0.366854
0.023482, 0.000000, 0.029657, 0.000000
0.023557, 0.056983, 0.023089, 0.055796
0.023673, 0.031552, 0.025723, 0.034257
0.023951, 0.921073, 0.015552, 0.687348
0.024027, 0.793457, 0.017206, 0.600528
0.024135, 0.966550, 0.100206, 0.798223
0.025585, 0.770566, 0.018428, 0.584142
0.026125, 1.000000, -0.833925, 0.000000
0.027882, 0.943287, -0.004242, 0.680615
0.028382, 0.978141, -0.743015, -0.042523
0.028751, 0.573234, 0.021600, 0.442114
0.028758, 0.827535, 0.020392, 0.624136
0.028905, 0.641131, 0.021430, 0.491423
0.029266, 0.010583, 0.033834, 0.012280
0.029374, 0.717129, 0.021432, 0.546213
0.029393, 0.558311, 0.022139, 0.431129
0.029830, 0.587587, 0.022354, 0.452658
0.029924, 0.460455, 0.022935, 0.358987
0.030176, 0.744560, 0.021879, 0.565784
0.030193, 0.697217, 0.022129, 0.531984
0.030212, 0.757335, 0.021833, 0.574792
0.030411, 0.544088, 0.022968, 0.420747
0.030536, 0.447655, 0.023459, 0.349509
0.030952, 0.601433, 0.023136, 0.462801
0.030958, 0.434639, 0.023845, 0.339946
0.031312, 0.421372, 0.024179, 0.330146
0.031384, 0.838958, 0.022182, 0.632260
0.031443, 0.816047, 0.022371, 0.616079
0.031467, 0.672928, 0.023184, 0.514525
0.031514, 0.407984, 0.024398, 0.320220
0.031614, 0.394521, 0.024539, 0.310216
0.031709, 0.380984, 0.024678, 0.300142
0.031932, 0.312452, 0.025221, 0.248957
0.031942, 0.367348, 0.024928, 0.289983
0.031994, 0.615125, 0.023853, 0.472782
0.032170, 0.299102, 0.025496, 0.238976
0.032184, 0.781412, 0.023120, 0.591964
0.032192, 0.730053, 0.023420, 0.555495
0.032251, 0.531138, 0.024422, 0.411328
0.032259, 0.653574, 0.023863, 0.500582
0.032267, 0.259066, 0.025859, 0.208949
0.032329, 0.245449, 0.026021, 0.198714
0.032443, 0.628630, 0.024112, 0.482320
0.032464, 0.272669, 0.025914, 0.219172
0.032473, 0.353619, 0.025414, 0.279747
0.032486, 0.285973, 0.025837, 0.229151
0.032804, 0.232141, 0.026527, 0.188719
0.032833, 0.102823, 0.029017, 0.090918
0.032978, 0.517855, 0.025032, 0.401558
0.033071, 0.089464, 0.029794, 0.080620
0.033169, 0.956539, 0.154909, 0.842398
0.033175, 0.326760, 0.026122, 0.259716
0.033214, 0.339973, 0.026072, 0.269572
0.033253, 0.219004, 0.027025, 0.178844
0.033579, 0.205944, 0.027439, 0.169015
0.033641, 0.989681, -0.703810, -0.016423
0.033689, 0.803171, 0.024058, 0.607163
0.033698, 0.504898, 0.025639, 0.392027
0.033704, 0.075817, 0.031085, 0.069943
0.033844, 0.192997, 0.027822, 0.159265
0.033850, 0.850742, 0.023838, 0.640430
0.033982, 0.115732, 0.029558, 0.100769
0.033990, 0.876169, 0.023754, 0.658077
0.034014, 0.180094, 0.028149, 0.149538
0.034057, 0.491897, 0.025971, 0.382424
0.034078, 0.167176, 0.028414, 0.139789
0.034209, 0.889151, 0.023818, 0.667069
0.034275, 0.128659, 0.029428, 0.110618
0.034319, 0.154125, 0.028860, 0.129919
0.034333, 0.037545, 0.034975, 0.038325
0.034390, 0.685167, 0.025270, 0.523298
0.034609, 0.479104, 0.026451, 0.372951
0.034673, 0.863680, 0.024321, 0.649414
0.034690, 0.902517, 0.024111, 0.676363
0.034716, 0.141145, 0.029477, 0.120082
0.035177, 0.062927, 0.033329, 0.059639
0.035289, 0.916320, 0.023715, 0.685171
0.035529, 0.050400, 0.034751, 0.049339
0.035536, 0.023007, 0.037948, 0.024542
0.035810, 0.930744, 0.023065, 0.694321
0.035848, 0.707378, 0.026214, 0.539213
0.036954, 0.000000, 0.041286, 0.000000
0.037469, 0.767806, 0.027010, 0.582314
0.037647, 0.969873, -0.779195, -0.086406
0.038010, 0.565763, 0.028592, 0.436530
0.038117, 0.663112, 0.028140, 0.507371
0.038137, 0.467914, 0.029201, 0.364606
0.038190, 0.791648, 0.027361, 0.599164
0.038938, 0.579540, 0.029214, 0.446596
0.039389, 1.000000, -0.728386, 0.000000
0.039599, 0.641909, 0.029359, 0.492042
0.039645, 0.551100, 0.029896, 0.425738
0.039900, 0.740986, 0.028949, 0.563175
0.040186, 0.945065, 0.201021, 0.877647
0.040654, 0.828031, 0.028826, 0.624570
0.040730, 0.593299, 0.030482, 0.456649
0.040992, 0.454587, 0.031459, 0.354697
0.041173, 0.719425, 0.030025, 0.547835
0.041613, 0.441460, 0.032013, 0.345010
0.041901, 0.318399, 0.033040, 0.253323
0.041930, 0.428301, 0.032336, 0.335263
0.042043, 0.754121, 0.030415, 0.572696
0.042144, 0.415032, 0.032582, 0.325414
0.042165, 0.606515, 0.031475, 0.466248
0.042248, 0.401686, 0.032745, 0.315496
0.042285, 0.388279, 0.032860, 0.305522
0.042354, 0.374785, 0.033002, 0.295474
0.042568, 0.696064, 0.031202, 0.531001
0.042630, 0.361134, 0.033311, 0.285306
0.042706, 0.813888, 0.030403, 0.614667
0.042723, 0.983412, -0.703327, -0.007381
0.042759, 0.011337, 0.045332, 0.011997
0.042773, 0.251806, 0.034340, 0.203371
0.042839, 0.538773, 0.032391, 0.416851
0.042890, 0.265573, 0.034294, 0.213737
0.043014, 0.304870, 0.034030, 0.243191
0.043407, 0.347276, 0.034021, 0.274990
0.043476, 0.238477, 0.035060, 0.193359
0.043477, 0.279207, 0.034634, 0.224001
0.043547, 0.619259, 0.032425, 0.475477
0.043571, 0.841440, 0.030769, 0.633758
0.043607, 0.292227, 0.034620, 0.233773
0.043626, 0.525438, 0.033063, 0.407039
0.043685, 0.082801, 0.039371, 0.074691
0.043704, 0.096710, 0.038675, 0.085636
0.043845, 0.674712, 0.032289, 0.515737
0.044151, 0.225323, 0.035773, 0.183464
0.044216, 0.778826, 0.031783, 0.590072
0.044260, 0.031801, 0.044480, 0.031916
0.044272, 0.630976, 0.032891, 0.483991
0.044589, 0.333365, 0.035064, 0.264674
0.044611, 0.212221, 0.036330, 0.173588
0.044771, 0.108651, 0.039006, 0.094779
0.044809, 0.512783, 0.034040, 0.397758
0.045066, 0.199283, 0.036903, 0.163826
0.045146, 0.499736, 0.034375, 0.388128
0.045177, 0.855222, 0.031776, 0.643289
0.045229, 0.959289, -0.648228, 0.029900
0.045348, 0.186455, 0.037359, 0.154137
0.045376, 0.160642, 0.037918, 0.134587
0.045422, 0.122216, 0.039074, 0.105271
0.045454, 0.173596, 0.037697, 0.144407
0.045593, 0.881963, 0.031772, 0.661754
0.045739, 0.868832, 0.032037, 0.652730
0.045753, 0.147340, 0.038564, 0.124464
0.045761, 0.486819, 0.034923, 0.378593
0.045799, 0.730481, 0.033311, 0.555616
0.045869, 0.069786, 0.042219, 0.064290
0.045878, 0.895212, 0.031845, 0.670853
0.045923, 0.652222, 0.033977, 0.499452
0.046320, 0.908621, 0.031107, 0.679144
0.046587, 0.134180, 0.039644, 0.114396
0.046828, 0.801884, 0.033454, 0.606317
0.046851, 0.922167, 0.034868, 0.692286
0.046898, 0.044136, 0.045496, 0.042831
0.047626, 0.558652, 0.035868, 0.431239
0.047670, 0.056904, 0.044901, 0.053658
0.048104, 0.474832, 0.036789, 0.369744
0.048259, 0.707962, 0.035281, 0.539516
0.048608, 0.935307, 0.151245, 0.815735
0.048676, 0.685846, 0.035762, 0.523693
0.048726, 0.571570, 0.036619, 0.440802
0.049373, 0.766029, 0.035604, 0.580944
0.049728, 0.584687, 0.037284, 0.450437
0.050075, 0.021033, 0.050454, 0.021157
0.050100, 0.973351, -0.742546, -0.050865
0.050259, 0.000000, 0.051940, 0.000000
0.050343, 0.462170, 0.038584, 0.360322
0.050896, 1.000000, -0.713076, 0.000000
0.051096, 0.743163, 0.037049, 0.564616
0.051212, 0.789550, 0.036703, 0.597524
0.051231, 0.663338, 0.037817, 0.507466
0.051460, 0.322749, 0.040516, 0.256395
0.051565, 0.822705, 0.036622, 0.620715
0.052033, 0.448765, 0.039976, 0.350391
0.052151, 0.598362, 0.039008, 0.460509
0.052287, 0.640231, 0.038784, 0.490801
0.052509, 0.948996, -0.521521, 0.143896
0.052573, 0.435467, 0.040488, 0.340526
0.052828, 0.422205, 0.040785, 0.330685
0.052881, 0.547354, 0.039904, 0.422900
0.052965, 0.408929, 0.040992, 0.320824
0.053012, 0.395650, 0.041133, 0.310948
0.053014, 0.382374, 0.041241, 0.301062
0.053053, 0.258077, 0.042483, 0.207920
0.053064, 0.369078, 0.041389, 0.291147
0.053233, 0.090870, 0.047094, 0.080455
0.053243, 0.309924, 0.042041, 0.246750
0.053421, 0.355746, 0.041780, 0.281186
0.053598, 0.271946, 0.042749, 0.218349
0.053687, 0.834183, 0.038011, 0.628867
0.053718, 0.719552, 0.039166, 0.547739
0.053882, 0.611588, 0.040204, 0.470188
0.053943, 0.532940, 0.040819, 0.412442
0.053988, 0.244883, 0.043417, 0.198024
0.054604, 0.342427, 0.042821, 0.271203
0.054894, 0.231732, 0.044342, 0.188129
0.054947, 0.114929, 0.047358, 0.099180
0.054950, 0.285526, 0.043681, 0.228599
0.054978, 0.987604, -0.694945, -0.000282
0.055114, 0.754801, 0.039851, 0.572866
0.055238, 0.847316, 0.038945, 0.637994
0.055395, 0.297437, 0.043884, 0.237451
0.055398, 0.625771, 0.041210, 0.480320
0.055488, 0.697163, 0.040668, 0.531814
0.055495, 0.218466, 0.045038, 0.178107
0.055737, 0.078590, 0.050079, 0.070643
0.055980, 0.811959, 0.039869, 0.613102
0.056015, 0.520770, 0.042497, 0.403643
0.056099, 0.507433, 0.042655, 0.393765
0.056183, 0.032552, 0.054419, 0.031462
0.056185, 0.205497, 0.045828, 0.168299
0.056358, 0.860899, 0.039506, 0.647317
0.056397, 0.154093, 0.047195, 0.129251
0.056629, 0.494164, 0.043158, 0.383970
0.056664, 0.675696, 0.041722, 0.516381
0.056665, 0.777245, 0.040737, 0.588723
0.056731, 0.192722, 0.046526, 0.158625
0.056812, 0.167141, 0.047183, 0.139195
0.056889, 0.180016, 0.046934, 0.148987
0.056937, 0.874367, 0.039656, 0.656528
0.057078, 0.140325, 0.048189, 0.118700
0.057112, 0.010890, 0.056879, 0.010852
0.057153, 0.887542, 0.039775, 0.665721
0.057196, 0.102279, 0.049915, 0.089348
0.057316, 0.962887, -0.738456, -0.060397
0.057572, 0.900696, 0.038865, 0.673735
0.057955, 0.561433, 0.043617, 0.433173
0.058139, 0.731632, 0.042270, 0.556328
0.058153, 0.913787, 0.047548, 0.691405
0.058439, 0.066489, 0.053371, 0.060724
0.058517, 0.481734, 0.044696, 0.374791
0.058641, 0.330842, 0.046092, 0.262453
0.058858, 0.126606, 0.050209, 0.108174
0.058910, 0.651386, 0.043594, 0.498853
0.059031, 0.043962, 0.055767, 0.041488
0.059330, 0.926577, 0.161049, 0.811441
0.059526, 0.574961, 0.044686, 0.443040
0.059617, 0.799669, 0.042601, 0.604451
0.060330, 0.588172, 0.045177, 0.452668
0.060339, 0.055260, 0.055871, 0.051131
0.060504, 0.469201, 0.046313, 0.365479
0.061135, 0.708683, 0.044684, 0.539964
0.061155, 0.939360, -0.454544, 0.198088
0.061998, 0.456195, 0.047567, 0.355840
0.062376, 0.976468, -0.700713, -0.016099
0.062471, 0.765961, 0.045039, 0.580668
0.062518, 0.686824, 0.045923, 0.524352
0.062726, 0.317219, 0.049430, 0.252109
0.062741, 0.539927, 0.047422, 0.417574
0.063019, 0.442813, 0.048464, 0.345898
0.063053, 0.637475, 0.046786, 0.488694
0.063145, 1.000000, -0.704239, 0.000000
0.063159, 0.743365, 0.045788, 0.564630
0.063208, 0.264164, 0.050487, 0.212324
0.063215, 0.665324, 0.046644, 0.508853
0.063474, 0.429465, 0.048931, 0.335982
0.063705, 0.416193, 0.049229, 0.326118
0.063827, 0.402989, 0.049444, 0.316290
0.063852, 0.601559, 0.047696, 0.462419
0.063882, 0.389868, 0.049608, 0.306511
0.063897, 0.376835, 0.049744, 0.296782
0.063897, 0.000000, 0.062595, 0.000000
0.063945, 0.824533, 0.045336, 0.621814
0.064023, 0.363919, 0.049967, 0.287122
0.064036, 0.022458, 0.061628, 0.021586
0.064281, 0.787558, 0.046083, 0.595901
0.064296, 0.089170, 0.056618, 0.078599
0.064332, 0.278429, 0.051217, 0.223180
0.064513, 0.251374, 0.051737, 0.202740
0.064576, 0.351010, 0.050527, 0.277448
0.064646, 0.615476, 0.048155, 0.472487
0.064825, 0.952710, -0.724676, -0.058921
0.065277, 0.838721, 0.046032, 0.631512
0.065470, 0.304186, 0.051769, 0.242435
0.065476, 0.238466, 0.052725, 0.193023
0.065487, 0.552009, 0.049391, 0.426438
0.065946, 0.113229, 0.056714, 0.097522
0.066029, 0.224880, 0.053399, 0.182726
0.066102, 0.720737, 0.048178, 0.548509
0.066584, 0.852652, 0.046705, 0.641086
0.066820, 0.515008, 0.050732, 0.399267
0.067114, 0.211652, 0.054532, 0.172703
0.067130, 0.148124, 0.056208, 0.124293
0.067132, 0.501145, 0.051090, 0.389015
0.067599, 0.338640, 0.053028, 0.268184
0.067657, 0.866323, 0.047443, 0.650716
0.067663, 0.810512, 0.048198, 0.611973
0.067683, 0.528676, 0.051253, 0.409216
0.067822, 0.075763, 0.060468, 0.067583
0.067861, 0.754804, 0.049056, 0.572683
0.067882, 0.626148, 0.050462, 0.480236
0.068015, 0.160839, 0.056533, 0.134026
0.068032, 0.198882, 0.055551, 0.163010
0.068115, 0.290936, 0.054052, 0.232567
0.068351, 0.173746, 0.056442, 0.143893
0.068373, 0.879687, 0.048360, 0.660518
0.068536, 0.186307, 0.056263, 0.153454
0.068583, 0.134706, 0.057881, 0.113894
0.068638, 0.988423, -0.693246, -0.006500
0.068710, 0.698150, 0.050333, 0.532328
0.068866, 0.892755, 0.046621, 0.667636
0.068923, 0.034741, 0.064627, 0.032519
0.068967, 0.565192, 0.051879, 0.435986
0.069026, 0.488480, 0.052649, 0.379654
0.069520, 0.905658, 0.061812, 0.691549
0.069809, 0.965859, -0.696916, -0.025409
0.069934, 0.656279, 0.051678, 0.502070
0.069975, 0.100482, 0.060726, 0.087270
0.070081, 0.776365, 0.050388, 0.587982
0.070180, 0.676576, 0.051656, 0.516874
0.070549, 0.918290, 0.155320, 0.790344
0.070562, 0.577856, 0.052944, 0.445130
0.070656, 0.011941, 0.067407, 0.011397
0.070708, 0.325900, 0.055600, 0.258535
0.070824, 0.732313, 0.051474, 0.556668
0.070893, 0.589946, 0.053072, 0.453953
0.071004, 0.476042, 0.054276, 0.370436
0.071247, 0.048322, 0.065468, 0.044374
0.071669, 0.062417, 0.064652, 0.056286
0.071974, 0.644883, 0.053302, 0.493750
0.071979, 0.930685, -0.610877, 0.028728
0.072224, 0.797431, 0.051631, 0.602709
0.072385, 0.463247, 0.055456, 0.360954
0.072816, 0.123181, 0.061919, 0.104887
0.072902, 0.269612, 0.058082, 0.216161
0.073350, 0.450057, 0.056323, 0.351154
0.073399, 0.943020, -0.676334, -0.023192
0.073695, 0.608968, 0.054961, 0.467707
0.073802, 0.710462, 0.053911, 0.541081
0.073976, 0.436749, 0.056938, 0.341263
0.074118, 0.541907, 0.055974, 0.418787
0.074389, 0.423423, 0.057390, 0.331347
0.074635, 0.313345, 0.058879, 0.249232
0.074646, 0.410221, 0.057728, 0.321521
0.074825, 0.397176, 0.058006, 0.311800
0.074936, 0.384286, 0.058232, 0.302181
0.075085, 0.371673, 0.058489, 0.292761
0.075227, 0.359123, 0.058742, 0.283364
0.075387, 0.257516, 0.060257, 0.207020
0.075570, 0.819865, 0.053726, 0.618398
0.075596, 0.087380, 0.066173, 0.076534
0.075616, 0.743777, 0.054796, 0.564691
0.075727, 0.832282, 0.053740, 0.627171
0.075924, 0.977546, -0.690909, -0.015165
0.075984, 0.765519, 0.054776, 0.580213
0.076076, 0.231781, 0.061305, 0.187677
0.076179, 0.687625, 0.055923, 0.524647
0.076196, 1.000000, -0.692466, 0.000000
0.076332, 0.245503, 0.061248, 0.198028
0.076485, 0.346785, 0.059870, 0.274126
0.076736, 0.633303, 0.056964, 0.485393
0.076896, 0.845412, 0.054583, 0.636502
0.076974, 0.280277, 0.061181, 0.224281
0.076983, 0.000000, 0.072466, 0.000000
0.077043, 0.666499, 0.056816, 0.509460
0.077073, 0.507598, 0.058571, 0.393602
0.077346, 0.555877, 0.058271, 0.429051
0.077378, 0.300348, 0.061210, 0.239408
0.077390, 0.955821, -0.697979, -0.038811
0.077415, 0.218140, 0.062682, 0.177381
0.077666, 0.597492, 0.058052, 0.459374
0.077694, 0.024429, 0.072072, 0.022639
0.077971, 0.521276, 0.059123, 0.403766
0.078006, 0.785926, 0.055937, 0.594603
0.078085, 0.142740, 0.065378, 0.119728
0.078160, 0.858708, 0.055755, 0.646155
0.078306, 0.110704, 0.067084, 0.094933
0.079050, 0.722253, 0.057586, 0.549451
0.079101, 0.204886, 0.064358, 0.167329
0.079176, 0.620020, 0.058938, 0.475844
0.079256, 0.871952, 0.056068, 0.654958
0.079274, 0.154284, 0.065983, 0.128696
0.079458, 0.167244, 0.065711, 0.138657
0.079488, 0.074715, 0.070167, 0.065930
0.079489, 0.494803, 0.060544, 0.384148
0.079827, 0.333788, 0.062633, 0.264281
0.079937, 0.806656, 0.056980, 0.608954
0.080103, 0.885014, 0.050976, 0.658571
0.080138, 0.192322, 0.065527, 0.157776
0.080343, 0.179881, 0.066055, 0.148317
0.080352, 0.569436, 0.060386, 0.438969
0.080422, 0.755183, 0.058110, 0.572681
0.080437, 0.038439, 0.073425, 0.035042
0.080830, 0.897863, 0.078623, 0.694882
0.081327, 0.700524, 0.059532, 0.533862
0.081607, 0.532581, 0.061744, 0.411981
0.081686, 0.583013, 0.061209, 0.448685
0.081734, 0.482631, 0.062391, 0.375164
0.081845, 0.910543, 0.099985, 0.720365
0.081876, 0.653904, 0.060523, 0.500226
0.082404, 0.052322, 0.074060, 0.046972
0.082431, 0.132258, 0.069392, 0.111481
0.082479, 0.988856, -0.685773, -0.007509
0.082640, 0.098077, 0.071317, 0.084683
0.082852, 0.289462, 0.065682, 0.231093
0.083100, 0.470066, 0.063579, 0.365882
0.083195, 0.011221, 0.076903, 0.010354
0.083255, 0.922948, -0.768516, -0.140564
0.083513, 0.966910, -0.684359, -0.021561
0.083683, 0.322694, 0.065847, 0.256088
0.083829, 0.457023, 0.064282, 0.356206
0.083835, 0.734161, 0.060893, 0.557840
0.083917, 0.774125, 0.060357, 0.586207
0.084064, 0.267123, 0.066999, 0.214188
0.084170, 0.676919, 0.061925, 0.516866
0.084280, 0.063516, 0.074792, 0.056327
0.084580, 0.443750, 0.065009, 0.346348
0.084828, 0.934893, -0.649040, -0.009012
0.084931, 0.430583, 0.065433, 0.336570
0.085200, 0.546606, 0.064296, 0.422224
0.085250, 0.641909, 0.063176, 0.491615
0.085368, 0.417291, 0.065927, 0.326679
0.085489, 0.946264, -0.688179, -0.041684
0.085536, 0.607960, 0.063814, 0.467018
0.085727, 0.404198, 0.066364, 0.316940
0.085974, 0.391271, 0.066714, 0.307302
0.086025, 0.239297, 0.069102, 0.193178
0.086062, 0.796016, 0.061532, 0.601499
0.086310, 0.120769, 0.073137, 0.102433
0.086335, 0.309721, 0.068096, 0.246225
0.086375, 0.378797, 0.067186, 0.298005
0.086377, 0.366326, 0.067344, 0.288669
0.086883, 0.354159, 0.067893, 0.279541
0.086920, 0.225632, 0.070137, 0.182864
0.086941, 0.712171, 0.063474, 0.542149
0.087167, 0.815348, 0.061945, 0.614911
0.087287, 0.513717, 0.066238, 0.397888
0.087535, 0.826641, 0.061926, 0.622834
0.087560, 0.253949, 0.070059, 0.204303
0.087646, 0.085184, 0.076129, 0.073991
0.087734, 0.341604, 0.068704, 0.270032
0.087782, 0.838782, 0.061599, 0.631056
0.088276, 0.691007, 0.064749, 0.526950
0.088341, 0.746889, 0.063962, 0.566763
0.088603, 0.594991, 0.066254, 0.457445
0.088612, 0.629060, 0.065831, 0.482258
0.088843, 0.851524, 0.061307, 0.639098
0.088954, 0.211739, 0.072100, 0.172279
0.089202, 0.501562, 0.067839, 0.388927
0.089318, 0.663814, 0.065891, 0.507379
0.089489, 0.559745, 0.067361, 0.431743
0.089667, 1.000000, -0.682055, 0.000000
0.089718, 0.978104, -0.681825, -0.015330
0.089736, 0.277839, 0.071311, 0.222204
0.089865, 0.159263, 0.074378, 0.132098
0.090038, 0.864480, 0.058636, 0.644828
0.090101, 0.144620, 0.075101, 0.120745
0.090304, 0.020661, 0.081903, 0.018717
0.090415, 0.000000, 0.082563, 0.000000
0.090458, 0.761588, 0.065263, 0.577273
0.090610, 0.031595, 0.081636, 0.028401
0.090851, 0.108405, 0.077440, 0.092459
0.090979, 0.297959, 0.071932, 0.237303
0.091138, 0.877452, 0.053902, 0.648911
0.091276, 0.956126, -0.680403, -0.030525
0.091289, 0.784956, 0.065458, 0.593677
0.091348, 0.172447, 0.075150, 0.142229
0.091468, 0.198116, 0.074493, 0.161889
0.091755, 0.571777, 0.068888, 0.440359
0.091846, 0.045107, 0.081927, 0.040173
0.091959, 0.724097, 0.066938, 0.550511
0.092072, 0.890353, 0.117445, 0.720915
0.092203, 0.524063, 0.069852, 0.405555
0.092305, 0.185600, 0.075544, 0.152342
0.092485, 0.072484, 0.080840, 0.063322
0.092595, 0.489150, 0.070586, 0.379827
0.092629, 0.617238, 0.068972, 0.473641
0.092760, 0.583490, 0.069498, 0.448937
0.092968, 0.903204, -0.028956, 0.577393
0.093085, 0.537858, 0.070351, 0.415694
0.094080, 0.476829, 0.071879, 0.370746
0.094128, 0.651036, 0.069620, 0.498126
0.094210, 0.331883, 0.073885, 0.262583
0.094295, 0.916192, -0.819003, -0.202001
0.094429, 0.805705, 0.067329, 0.608090
0.094575, 0.463781, 0.072417, 0.361066
0.094849, 0.131929, 0.079622, 0.110873
0.094942, 0.702333, 0.069464, 0.535035
0.095003, 0.682474, 0.069792, 0.520622
0.095033, 0.450606, 0.072936, 0.351295
0.095056, 0.319179, 0.074773, 0.253134
0.095182, 0.095817, 0.081616, 0.082166
0.095498, 0.265309, 0.076120, 0.212705
0.095823, 0.437250, 0.073714, 0.341372
0.095865, 0.424301, 0.073918, 0.331754
0.095877, 0.058389, 0.084433, 0.051367
0.095952, 0.737230, 0.069620, 0.559747
0.095974, 0.245027, 0.076877, 0.197247
0.096049, 0.929305, -0.652795, -0.024385
0.096254, 0.772945, 0.069219, 0.585038
0.096400, 0.988975, -0.676717, -0.007567
0.096450, 0.410991, 0.074541, 0.321824
0.096809, 0.397762, 0.074991, 0.311941
0.097064, 0.967283, -0.676108, -0.022401
0.097140, 0.287407, 0.076957, 0.229207
0.097153, 0.550939, 0.073247, 0.425238
0.097213, 0.604248, 0.072546, 0.464007
0.097218, 0.232661, 0.078143, 0.187838
0.097332, 0.942667, -0.679764, -0.044006
0.097339, 0.010676, 0.087658, 0.009615
0.097501, 0.346581, 0.076247, 0.273626
0.097517, 0.638228, 0.072304, 0.488764
0.097529, 0.372432, 0.075901, 0.293015
0.097656, 0.385288, 0.075827, 0.302652
0.097805, 0.671400, 0.072011, 0.512588
0.097830, 0.359824, 0.076315, 0.283573
0.097909, 0.219870, 0.079017, 0.178145
0.098768, 0.510906, 0.074984, 0.395740
0.098857, 0.119128, 0.083375, 0.100539
0.098948, 0.306663, 0.078027, 0.243650
0.098999, 0.830781, 0.070216, 0.625664
0.099062, 0.817579, 0.070424, 0.616314
0.099151, 0.750960, 0.071696, 0.569449
0.099580, 0.152540, 0.082490, 0.126562
0.099627, 0.843862, 0.070979, 0.635339
0.099817, 0.082909, 0.086099, 0.071481
0.099903, 0.795619, 0.071406, 0.600935
0.100066, 0.713873, 0.073001, 0.543098
0.100397, 0.205750, 0.081373, 0.167333
0.100791, 0.856886, 0.072344, 0.645211
0.101077, 0.498248, 0.076918, 0.386438
0.101103, 0.591706, 0.075625, 0.454833
0.101495, 0.625995, 0.075433, 0.479850
0.101751, 0.254612, 0.081309, 0.204524
0.101802, 0.036006, 0.089895, 0.031735
0.101945, 0.164686, 0.084003, 0.135970
0.102040, 0.869841, 0.085828, 0.667351
0.102370, 0.530140, 0.077442, 0.409784
0.102424, 0.692867, 0.075078, 0.528083
0.102513, 0.659544, 0.075670, 0.504056
0.102610, 0.564261, 0.077158, 0.434870
0.102812, 0.276114, 0.081679, 0.220699
0.103028, 0.177982, 0.084439, 0.146220
0.103051, 0.577627, 0.077277, 0.444491
0.103158, 0.022743, 0.091698, 0.020183
0.103171, 0.882704, 0.207097, 0.795791
0.103195, 0.106478, 0.087519, 0.090320
0.103268, 1.000000, -0.672423, 0.000000
0.103442, 0.955379, -0.671428, -0.030431
0.103582, 0.977973, -0.672140, -0.015362
0.103743, 0.141444, 0.086371, 0.117883
0.103764, 0.727745, 0.075455, 0.552953
0.103881, 0.783877, 0.074470, 0.592541
0.103901, 0.047666, 0.091094, 0.041719
0.104014, 0.069224, 0.090157, 0.059939
0.104077, 0.762449, 0.075019, 0.577346
0.104138, 0.895492, -0.251245, 0.340390
0.104172, 0.000000, 0.092975, 0.000000
0.104331, 0.191548, 0.084987, 0.156474
0.105010, 0.908287, -0.759048, -0.153744
0.105154, 0.613432, 0.078334, 0.470625
0.105188, 0.484060, 0.080233, 0.375882
0.105278, 0.296492, 0.083188, 0.235890
0.105334, 0.470575, 0.080562, 0.366045
0.105666, 0.338837, 0.082773, 0.267782
0.105779, 0.457214, 0.081084, 0.356112
0.105959, 0.541360, 0.080003, 0.418031
0.105994, 0.326226, 0.083260, 0.258390
0.106085, 0.444019, 0.081500, 0.346293
0.106354, 0.519579, 0.080579, 0.401843
0.106491, 0.646942, 0.078805, 0.494893
0.106527, 0.921327, -0.678606, -0.063847
0.106753, 0.418026, 0.082384, 0.326935
0.106952, 0.314789, 0.084170, 0.249654
0.107113, 0.681018, 0.078699, 0.519406
0.107190, 0.404095, 0.082903, 0.316469
0.107192, 0.430472, 0.082535, 0.336177
0.107463, 0.093501, 0.091626, 0.079687
0.107569, 0.128853, 0.089892, 0.107752
0.107611, 0.741095, 0.078004, 0.562443
0.107619, 0.241519, 0.086204, 0.194343
0.107976, 0.352510, 0.084343, 0.278000
0.107980, 0.807183, 0.076859, 0.608868
0.108254, 0.216037, 0.087323, 0.174897
0.108373, 0.264770, 0.086335, 0.212096
0.108465, 0.378532, 0.084297, 0.297436
0.108511, 0.934093, -0.662305, -0.039838
0.108592, 0.229111, 0.087298, 0.184936
0.108866, 0.552807, 0.082025, 0.426401
0.108869, 0.365866, 0.084824, 0.288001
0.108909, 0.391798, 0.084443, 0.307368
0.108946, 0.703597, 0.079644, 0.535553
0.109098, 0.772821, 0.078428, 0.584648
0.109365, 0.600711, 0.081674, 0.461378
0.109371, 0.822266, 0.077400, 0.619229
0.109829, 0.057309, 0.095333, 0.049675
0.110091, 0.945232, -0.668643, -0.039727
0.110154, 0.988889, -0.667466, -0.007702
0.110233, 0.836061, 0.078009, 0.629090
0.110353, 0.966319, -0.667315, -0.023448
0.110359, 0.634709, 0.081871, 0.486032
0.110515, 0.011183, 0.097574, 0.009853
0.110672, 0.668867, 0.081527, 0.510661
0.111078, 0.718263, 0.080929, 0.545971
0.111239, 0.285932, 0.088120, 0.227941
0.111395, 0.495514, 0.084778, 0.384215
0.111424, 0.849280, 0.076695, 0.636364
0.111434, 0.080182, 0.095399, 0.068583
0.111442, 0.153534, 0.092037, 0.126974
0.111559, 0.202178, 0.090334, 0.164206
0.111572, 0.508160, 0.084743, 0.393626
0.111683, 0.116774, 0.093836, 0.098136
0.111971, 0.753633, 0.080905, 0.571235
0.111975, 0.587322, 0.083834, 0.451592
0.112334, 0.793757, 0.080317, 0.599494
0.112395, 0.032006, 0.098273, 0.027922
0.112806, 0.862282, 0.088484, 0.656535
0.113014, 0.167837, 0.092743, 0.137978
0.113494, 0.305429, 0.089444, 0.242413
0.113521, 0.574335, 0.085197, 0.442105
0.113947, 0.622038, 0.084738, 0.476777
0.114010, 0.251562, 0.091018, 0.201793
0.114164, 0.875159, 0.169814, 0.743019
0.114605, 0.181193, 0.093557, 0.148247
0.114693, 0.530502, 0.086717, 0.409770
0.115061, 0.655867, 0.084980, 0.501193
0.115310, 0.887932, -0.616138, -0.037283
0.115340, 0.103939, 0.097355, 0.087702
0.115418, 0.691211, 0.084601, 0.526590
0.115787, 0.138917, 0.095956, 0.115209
0.115837, 0.043742, 0.100538, 0.037879
0.115910, 0.563173, 0.087159, 0.433885
0.115929, 0.731164, 0.084202, 0.555075
0.116173, 0.332224, 0.091037, 0.262536
0.116203, 0.900715, -0.657024, -0.063619
0.116230, 0.275165, 0.092305, 0.219789
0.116372, 0.410984, 0.089853, 0.321397
0.116505, 0.475139, 0.088958, 0.369040
0.116639, 0.462734, 0.089255, 0.359862
0.116716, 0.067531, 0.100184, 0.057886
0.116816, 0.913687, -0.675770, -0.074018
0.116818, 1.000000, -0.663044, 0.000000
0.116943, 0.437064, 0.089898, 0.340856
0.117025, 0.977480, -0.662852, -0.015711
0.117042, 0.781508, 0.083966, 0.590903
0.117101, 0.449899, 0.089811, 0.350356
0.117261, 0.954886, -0.662076, -0.031149
0.117430, 0.345018, 0.091789, 0.272117
0.117516, 0.021030, 0.102587, 0.018329
0.117648, 0.609402, 0.087703, 0.467580
0.117694, 0.000000, 0.103060, 0.000000
0.118185, 0.318453, 0.092840, 0.252082
0.118426, 0.540913, 0.089348, 0.417257
0.118468, 0.814790, 0.084481, 0.614176
0.118469, 0.212669, 0.095527, 0.172037
0.118592, 0.486548, 0.090339, 0.377299
0.118698, 0.927475, -0.659116, -0.048449
0.118722, 0.192401, 0.096406, 0.156618
0.118733, 0.766386, 0.085501, 0.580094
0.118736, 0.358300, 0.092568, 0.282054
0.118863, 0.710096, 0.086759, 0.540047
0.118941, 0.679166, 0.087425, 0.517997
0.119016, 0.423228, 0.091705, 0.330528
0.119044, 0.384520, 0.092359, 0.301669
0.119201, 0.225222, 0.095827, 0.181727
0.119262, 0.643614, 0.088306, 0.492339
0.119358, 0.520457, 0.090428, 0.402479
0.119460, 0.295229, 0.094348, 0.234706
0.119541, 0.090726, 0.101266, 0.076786
0.119726, 0.238298, 0.095891, 0.191663
0.119790, 0.262537, 0.095310, 0.209958
0.119965, 0.398876, 0.092821, 0.312325
0.120064, 0.371940, 0.093393, 0.292338
0.120115, 0.743181, 0.086970, 0.563425
0.120325, 0.828593, 0.086213, 0.624481
0.120406, 0.551937, 0.090675, 0.425377
0.120719, 0.127101, 0.100611, 0.105959
0.120866, 0.801554, 0.086261, 0.604697
0.120992, 0.596264, 0.090409, 0.457921
0.121892, 0.841835, 0.082905, 0.629606
0.122019, 0.941372, -0.659311, -0.041421
0.122298, 0.054478, 0.105021, 0.046691
0.122325, 0.665382, 0.090131, 0.507782
0.122512, 0.147340, 0.100995, 0.121562
0.122648, 0.499580, 0.093192, 0.386772
0.122672, 0.630685, 0.091054, 0.482891
0.122937, 0.159760, 0.100944, 0.131339
0.123307, 0.698999, 0.090210, 0.531966
0.123437, 0.854811, 0.103557, 0.658626
0.123446, 0.583347, 0.092455, 0.448432
0.123546, 0.078121, 0.104992, 0.066305
0.123556, 0.755716, 0.089180, 0.572235
0.123631, 0.988685, -0.658273, -0.007899
0.123667, 0.965981, -0.658217, -0.023811
0.123755, 0.722079, 0.090086, 0.548609
0.123919, 0.114216, 0.103704, 0.095556
0.124087, 0.510434, 0.094119, 0.394813
0.124566, 0.010517, 0.108148, 0.009117
0.124576, 0.032253, 0.107624, 0.027791
0.124898, 0.172537, 0.102047, 0.141191
0.124982, 0.867651, 0.117433, 0.676503
0.125199, 0.203338, 0.101193, 0.164783
0.125540, 0.307998, 0.098852, 0.244230
0.125612, 0.284721, 0.099403, 0.226667
0.125775, 0.571005, 0.094401, 0.439344
0.126051, 0.789916, 0.090190, 0.596434
0.126082, 0.250033, 0.100516, 0.200227
0.126312, 0.326601, 0.099058, 0.258148
0.126335, 0.617904, 0.093999, 0.473557
0.126432, 0.880382, -0.742372, -0.174751
0.127129, 0.100993, 0.106708, 0.084703
0.127211, 0.411323, 0.098209, 0.321562
0.127356, 0.775533, 0.091445, 0.586092
0.127498, 0.892970, -0.624459, -0.044669
0.127717, 0.431537, 0.098241, 0.336551
0.127915, 0.338541, 0.100102, 0.267173
0.128031, 0.652758, 0.094589, 0.498696
0.128072, 0.918199, -0.656089, -0.058843
0.128155, 0.455713, 0.098196, 0.354603
0.128162, 0.905556, -0.658206, -0.070334
0.128276, 0.467684, 0.098085, 0.363473
0.128295, 0.184037, 0.104326, 0.149937
0.128332, 0.531259, 0.097025, 0.410290
0.128422, 0.272475, 0.101858, 0.217274
0.128570, 0.389868, 0.099625, 0.305507
0.128658, 0.443151, 0.098790, 0.345262
0.128874, 0.065084, 0.109621, 0.055263
0.129093, 0.479637, 0.098504, 0.372305
0.129168, 0.734426, 0.093737, 0.557247
0.129215, 0.351056, 0.100885, 0.276570
0.129398, 0.558571, 0.097323, 0.430150
0.129414, 0.363803, 0.100762, 0.286023
0.129423, 0.216614, 0.104135, 0.174820
0.129484, 0.676387, 0.095168, 0.515540
0.129501, 0.809088, 0.092164, 0.609716
0.129512, 0.042954, 0.110964, 0.036706
0.129553, 0.953516, -0.653830, -0.032390
0.129734, 0.604984, 0.096751, 0.464051
0.129964, 0.688107, 0.095312, 0.524151
0.130192, 0.821601, 0.091487, 0.617597
0.130236, 1.000000, -0.653799, 0.000000
0.130274, 0.136699, 0.107666, 0.113000
0.130438, 0.977281, -0.653604, -0.015904
0.130470, 0.229274, 0.104620, 0.184498
0.130498, 0.544667, 0.098393, 0.419942
0.130528, 0.931645, -0.652249, -0.047049
0.130642, 0.709657, 0.095310, 0.539300
0.130663, 0.491937, 0.099470, 0.381302
0.131257, 0.639359, 0.097239, 0.489009
0.131293, 0.021315, 0.112975, 0.018301
0.131327, 0.260437, 0.104399, 0.208026
0.131564, 0.377705, 0.102145, 0.296316
0.131603, 0.000000, 0.113532, 0.000000
0.131619, 0.298083, 0.103818, 0.236633
0.132161, 0.834502, 0.084808, 0.618999
0.132197, 0.088160, 0.111321, 0.074135
0.132205, 0.747908, 0.095609, 0.566669
0.132746, 0.519172, 0.100585, 0.401392
0.132830, 0.317209, 0.104353, 0.251012
0.132836, 0.241014, 0.106143, 0.193349
0.132981, 0.592129, 0.099401, 0.454610
0.133160, 0.194971, 0.107797, 0.158167
0.133169, 0.123799, 0.110638, 0.102828
0.133183, 0.762497, 0.095952, 0.576881
0.133258, 0.421661, 0.102641, 0.329032
0.133430, 0.150524, 0.109575, 0.123681
0.133501, 0.400755, 0.103265, 0.313652
0.133931, 0.847384, 0.128089, 0.670470
0.134111, 0.665761, 0.098790, 0.507866
0.134748, 0.163831, 0.110112, 0.134009
0.134974, 0.626406, 0.100236, 0.479535
0.135177, 0.720893, 0.098343, 0.547147
0.135348, 0.075821, 0.114137, 0.063839
0.135380, 0.505679, 0.102832, 0.391465
0.135516, 0.579720, 0.101522, 0.445507
0.135618, 0.053027, 0.115210, 0.044936
0.135653, 0.860203, 0.024948, 0.570137
0.135681, 0.799017, 0.096653, 0.602269
0.135859, 0.110606, 0.113108, 0.092012
0.136143, 0.942785, -0.649511, -0.040356
0.136424, 0.965458, -0.649426, -0.024259
0.136791, 0.698502, 0.100057, 0.531367
0.137000, 0.988580, -0.649073, -0.008013
0.137311, 0.872948, -0.778678, -0.222988
0.137419, 0.785110, 0.098410, 0.592763
0.137475, 0.567161, 0.103218, 0.436276
0.137537, 0.288989, 0.108624, 0.229567
0.137649, 0.207174, 0.110941, 0.167376
0.137858, 0.032251, 0.117725, 0.027465
0.137926, 0.329401, 0.108058, 0.260072
0.138213, 0.175704, 0.112429, 0.143110
0.138457, 0.010779, 0.118598, 0.009213
0.138534, 0.613486, 0.103122, 0.470046
0.138769, 0.277921, 0.109828, 0.221120
0.138866, 0.885587, -0.630525, -0.064103
0.138967, 0.773228, 0.099828, 0.584346
0.139116, 0.922053, -0.646952, -0.054836
0.139173, 0.098129, 0.116254, 0.081869
0.139244, 0.448223, 0.106745, 0.348680
0.139253, 0.342421, 0.108831, 0.269858
0.139535, 0.656430, 0.102966, 0.500997
0.139630, 0.367689, 0.108584, 0.288722
0.139721, 0.434029, 0.107350, 0.338067
0.139756, 0.897936, -0.645183, -0.070928
0.139907, 0.538381, 0.105599, 0.415235
0.140061, 0.307731, 0.110210, 0.243751
0.140089, 0.472379, 0.106933, 0.366506
0.140102, 0.388998, 0.108541, 0.304660
0.140103, 0.910219, -0.646522, -0.063672
0.140207, 0.460151, 0.107252, 0.357477
0.140288, 0.813197, 0.097967, 0.610520
0.140325, 0.410956, 0.108319, 0.321126
0.140361, 0.552707, 0.105635, 0.425570
0.140432, 0.730660, 0.101920, 0.553996
0.140555, 0.252828, 0.111936, 0.202188
0.140781, 0.678059, 0.103426, 0.516638
0.140836, 0.645402, 0.104142, 0.492951
0.140918, 0.219513, 0.113101, 0.176669
0.140921, 0.355416, 0.109798, 0.279418
0.141287, 0.266207, 0.112121, 0.212250
0.141375, 0.483839, 0.107689, 0.374918
0.141393, 0.063119, 0.119211, 0.053094
0.141594, 0.495641, 0.107635, 0.383627
0.141962, 0.600618, 0.105924, 0.460626
0.141972, 0.741708, 0.102785, 0.561972
0.141982, 0.526990, 0.107403, 0.406941
0.142070, 0.826468, 0.096389, 0.617609
0.142227, 0.187043, 0.115194, 0.151731
0.142668, 0.142313, 0.117098, 0.116809
0.142730, 0.230858, 0.114169, 0.185247
0.142896, 0.954287, -0.644642, -0.032053
0.142935, 0.710117, 0.104259, 0.539521
0.143575, 1.000000, -0.644586, 0.000000
0.143590, 0.131431, 0.118444, 0.108373
0.143601, 0.754140, 0.103645, 0.570805
0.143744, 0.976958, -0.644439, -0.016200
0.143749, 0.042759, 0.121830, 0.036132
0.144146, 0.839559, 0.188663, 0.717754
0.144176, 0.633684, 0.106860, 0.484447
0.144276, 0.932023, -0.643257, -0.047626
0.144435, 0.156031, 0.118023, 0.127549
0.144455, 0.688496, 0.105872, 0.524017
0.144625, 0.241941, 0.115354, 0.193666
0.144861, 0.514313, 0.109796, 0.397485
0.145118, 0.378438, 0.112642, 0.296743
0.145125, 0.021720, 0.123414, 0.018423
0.145326, 0.085203, 0.121410, 0.071049
0.145353, 0.000000, 0.123869, 0.000000
0.145356, 0.118662, 0.120169, 0.098013
0.145421, 0.587918, 0.108761, 0.451337
0.145807, 0.318807, 0.114403, 0.251901
0.145929, 0.422333, 0.112411, 0.329523
0.146044, 0.298203, 0.115097, 0.236425
0.146071, 0.852537, -0.116045, 0.415116
0.146435, 0.199098, 0.118121, 0.160902
0.146623, 0.792444, 0.104784, 0.597559
0.146777, 0.399433, 0.113469, 0.312301
0.146810, 0.667254, 0.108084, 0.508714
0.146832, 0.073407, 0.123055, 0.061396
0.147464, 0.575597, 0.110539, 0.442326
0.147487, 0.562464, 0.110801, 0.432645
0.147509, 0.765272, 0.106130, 0.578481
0.147577, 0.621424, 0.109645, 0.475542
0.147933, 0.865474, -0.765315, -0.221500
0.148040, 0.167685, 0.120443, 0.136520
0.148360, 0.805027, 0.105666, 0.606291
0.148478, 0.720936, 0.108004, 0.547032
0.148693, 0.442352, 0.114062, 0.344118
0.148808, 0.332226, 0.116420, 0.261896
0.148889, 0.107493, 0.123426, 0.088990
0.149570, 0.965636, -0.640277, -0.024220
0.149668, 0.285545, 0.118181, 0.226671
0.149679, 0.878420, -0.634865, -0.081524
0.149688, 0.053041, 0.125984, 0.044513
0.149697, 0.503322, 0.113623, 0.389150
0.149728, 0.943344, -0.639965, -0.039974
0.149925, 0.545295, 0.112985, 0.420073
0.149974, 0.700256, 0.109611, 0.532272
0.150196, 0.988193, -0.639939, -0.008320
0.150232, 0.778364, 0.107640, 0.587443
0.150490, 0.211454, 0.120931, 0.170293
0.150522, 0.344668, 0.117460, 0.271170
0.150584, 0.095516, 0.125164, 0.079259
0.150891, 0.918580, -0.638516, -0.057277
0.150908, 0.608820, 0.112398, 0.466391
0.151007, 0.654317, 0.111428, 0.499141
0.151043, 0.366780, 0.117446, 0.287870
0.151073, 0.467254, 0.115360, 0.362439
0.151359, 0.891486, -0.636233, -0.074831
0.151447, 0.273516, 0.119929, 0.217619
0.151664, 0.904476, -0.638294, -0.067694
0.151733, 0.032675, 0.128227, 0.027530
0.151783, 0.818473, 0.114003, 0.622172
0.151959, 0.260399, 0.120656, 0.207611
0.151995, 0.179082, 0.123165, 0.145254
0.152148, 0.011007, 0.128893, 0.009301
0.152201, 0.454175, 0.116514, 0.352853
0.152500, 0.733042, 0.110594, 0.555507
0.152538, 0.410434, 0.117675, 0.320401
0.152811, 0.355981, 0.118987, 0.279604
0.152920, 0.478822, 0.116550, 0.371010
0.153077, 0.534418, 0.115575, 0.412038
0.153101, 0.147837, 0.125135, 0.120814
0.153102, 0.490502, 0.116440, 0.379585
0.153166, 0.388130, 0.118650, 0.303846
0.153483, 0.223539, 0.122904, 0.179458
0.153537, 0.642146, 0.113591, 0.490411
0.153645, 0.431818, 0.118093, 0.336314
0.153988, 0.677681, 0.113095, 0.516049
0.154026, 0.248411, 0.122604, 0.198439
0.154045, 0.831556, 0.238637, 0.753413
0.154111, 0.745106, 0.111436, 0.564037
0.154241, 0.308671, 0.121255, 0.244182
0.154293, 0.595887, 0.115210, 0.456999
0.154375, 0.522368, 0.116784, 0.403112
0.154850, 0.125381, 0.127340, 0.103010
0.154910, 0.063896, 0.129553, 0.053295
0.155263, 0.190837, 0.125292, 0.154201
0.155314, 0.554802, 0.116841, 0.426964
0.155456, 0.235318, 0.124080, 0.188375
0.156212, 0.844550, -0.351574, 0.165843
0.156256, 0.711196, 0.113888, 0.539867
0.156354, 0.932133, -0.635131, -0.047851
0.156396, 0.953799, -0.635318, -0.032577
0.156715, 1.000000, -0.635523, 0.000000
0.156789, 0.630013, 0.116281, 0.481627
0.156990, 0.137172, 0.128681, 0.112360
0.157003, 0.323015, 0.123041, 0.254885
0.157030, 0.756521, 0.113219, 0.572012
0.157196, 0.787556, 0.112176, 0.593559
0.157216, 0.690826, 0.115111, 0.525297
0.157539, 0.976732, -0.634920, -0.016432
0.157575, 0.077024, 0.131311, 0.064037
0.157607, 0.159115, 0.128306, 0.129542
0.157624, 0.294984, 0.124171, 0.233662
0.157888, 0.582499, 0.118207, 0.447288
0.157909, 0.568807, 0.118522, 0.437300
0.158210, 0.376191, 0.122769, 0.294759
0.158217, 0.043457, 0.132850, 0.036371
0.158231, 0.857509, -0.682364, -0.150708
0.158339, 0.664012, 0.116594, 0.506019
0.158686, 0.510509, 0.120280, 0.394310
0.158854, 0.022101, 0.133772, 0.018557
0.158948, 0.000000, 0.134040, 0.000000
0.159002, 0.799247, 0.112958, 0.601640
0.159188, 0.420921, 0.122539, 0.328033
0.159296, 0.203533, 0.128047, 0.163875
0.159533, 0.088343, 0.132301, 0.073109
0.159678, 0.114398, 0.131428, 0.094017
0.159885, 0.768568, 0.114950, 0.580455
0.159979, 0.398725, 0.123680, 0.311653
0.160042, 0.617805, 0.118980, 0.472774
0.160168, 0.870503, -0.643789, -0.103980
0.160293, 0.336527, 0.125293, 0.265019
0.160529, 0.443535, 0.123133, 0.344948
0.160892, 0.723315, 0.116918, 0.548349
0.161015, 0.101794, 0.133093, 0.083988
0.161159, 0.811127, 0.118830, 0.614695
0.161393, 0.463188, 0.123314, 0.359308
0.161508, 0.170653, 0.130959, 0.138418
0.161710, 0.281689, 0.127773, 0.223638
0.161855, 0.883600, -0.627119, -0.078873
0.162055, 0.964129, -0.631474, -0.025363
0.162234, 0.498279, 0.123203, 0.385180
0.162341, 0.921957, -0.630615, -0.055134
0.162390, 0.910106, -0.630504, -0.063482
0.162581, 0.268369, 0.128737, 0.213383
0.162765, 0.651106, 0.120180, 0.496718
0.162861, 0.349364, 0.126975, 0.274590
0.163086, 0.989495, -0.630947, -0.007433
0.163107, 0.605633, 0.121540, 0.463902
0.163325, 0.544134, 0.123034, 0.418833
0.163473, 0.216471, 0.130964, 0.173764
0.163544, 0.362991, 0.127160, 0.284728
0.163571, 0.054503, 0.136607, 0.045371
0.163586, 0.943407, -0.630252, -0.040045
0.163677, 0.897009, -0.629900, -0.073216
0.163799, 0.701546, 0.119616, 0.532765
0.163873, 0.255064, 0.130117, 0.203240
0.163941, 0.823748, 0.222581, 0.723300
0.164113, 0.474950, 0.125168, 0.368060
0.164362, 0.735674, 0.119075, 0.557031
0.164755, 0.531169, 0.124414, 0.409380
0.164854, 0.409271, 0.127158, 0.319333
0.164907, 0.778929, 0.118352, 0.587626
0.165287, 0.683361, 0.121170, 0.519657
0.165357, 0.182382, 0.133571, 0.147411
0.165367, 0.148190, 0.134797, 0.120731
0.165431, 0.315216, 0.129699, 0.248676
0.165433, 0.486325, 0.125943, 0.376498
0.165568, 0.033393, 0.138687, 0.027885
0.165585, 0.241894, 0.131838, 0.193151
0.165629, 0.010798, 0.139003, 0.009033
0.165701, 0.387218, 0.128308, 0.302881
0.165761, 0.558034, 0.124504, 0.428777
0.166043, 0.638705, 0.122904, 0.487720
0.166158, 0.593576, 0.124070, 0.455009
0.166231, 0.836455, -0.570218, -0.065032
0.166245, 0.228364, 0.132767, 0.182807
0.166483, 0.432386, 0.127904, 0.336491
0.166515, 0.127791, 0.136403, 0.104543
0.166565, 0.671359, 0.122421, 0.511036
0.166590, 0.302372, 0.130920, 0.238956
0.166654, 0.067388, 0.138418, 0.055801
0.166656, 0.453745, 0.127549, 0.352287
0.166835, 0.518726, 0.126253, 0.400199
0.166933, 0.747430, 0.120577, 0.565269
0.167334, 0.194410, 0.134604, 0.156541
0.168405, 0.849184, -0.606990, -0.088448
0.168533, 0.571737, 0.126249, 0.438672
0.168897, 0.713690, 0.122972, 0.541268
0.169020, 0.328028, 0.132174, 0.258260
0.169284, 0.791191, 0.122092, 0.597093
0.169313, 0.626464, 0.125619, 0.478798
0.169750, 0.759267, 0.122227, 0.573520
0.169822, 0.932687, -0.625742, -0.047676
0.169874, 0.080167, 0.140657, 0.066206
0.169896, 0.290560, 0.133884, 0.230104
0.169915, 0.374920, 0.131804, 0.293534
0.169933, 0.582580, 0.127067, 0.446644
0.170112, 0.160694, 0.138050, 0.130370
0.170329, 0.980671, -0.625783, -0.013701
0.170464, 0.861851, -0.633758, -0.107777
0.170548, 1.000000, -0.625733, 0.000000
0.170708, 0.954275, -0.625374, -0.032401
0.170960, 0.970099, -0.625260, -0.021196
0.171060, 0.093133, 0.140996, 0.076580
0.171145, 0.659609, 0.126103, 0.502580
0.171295, 0.208366, 0.137322, 0.167276
0.171408, 0.505474, 0.129980, 0.390295
0.171428, 0.117889, 0.140458, 0.096418
0.171475, 0.803397, 0.129234, 0.611561
0.171508, 0.421472, 0.131999, 0.328320
0.171822, 0.137767, 0.140174, 0.112258
0.171871, 0.106074, 0.141333, 0.087042
0.172079, 0.021492, 0.143685, 0.017883
0.172192, 0.692965, 0.125967, 0.526472
0.172362, 0.340391, 0.134454, 0.267473
0.172472, 0.874330, -0.623674, -0.089834
0.172510, 0.045042, 0.143501, 0.037342
0.172619, 0.000000, 0.144303, 0.000000
0.172633, 0.614217, 0.128366, 0.469808
0.173008, 0.276084, 0.136520, 0.218757
0.173162, 0.467103, 0.132264, 0.362228
0.173217, 0.725945, 0.125726, 0.549834
0.173300, 0.262060, 0.137240, 0.208265
0.173417, 0.442823, 0.132932, 0.344019
0.173493, 0.397295, 0.133977, 0.310031
0.173710, 0.815692, 0.205494, 0.692543
0.173782, 0.920422, -0.622599, -0.056413
0.173815, 0.770390, 0.124754, 0.581145
0.174006, 0.886282, -0.621031, -0.079642
0.174027, 0.908410, -0.622276, -0.064874
0.174073, 0.352713, 0.135447, 0.276626
0.174408, 0.173130, 0.140977, 0.139939
0.175094, 0.647394, 0.129332, 0.493724
0.175134, 0.550012, 0.131793, 0.423024
0.175355, 0.537963, 0.132245, 0.414208
0.175357, 0.363806, 0.136201, 0.284976
0.175439, 0.248962, 0.139336, 0.198294
0.175487, 0.493922, 0.133414, 0.381978
0.175633, 0.602075, 0.130873, 0.460853
0.175658, 0.409605, 0.135374, 0.319210
0.175910, 0.308695, 0.138014, 0.243551
0.175941, 0.058045, 0.145864, 0.047957
0.176137, 0.897265, -0.620752, -0.073016
0.176223, 0.828278, -0.615586, -0.122690
0.176248, 0.678842, 0.129274, 0.516071
0.176412, 0.235034, 0.140481, 0.187593
0.176516, 0.563225, 0.132489, 0.432577
0.176738, 0.738073, 0.127873, 0.558301
0.176964, 0.526008, 0.133723, 0.405361
0.177054, 0.704771, 0.129159, 0.534754
0.177079, 0.480193, 0.134938, 0.371820
0.177128, 0.221088, 0.141521, 0.176944
0.177605, 0.942749, -0.620503, -0.040662
0.177663, 0.150273, 0.144286, 0.121926
0.177692, 0.197940, 0.142562, 0.158929
0.177846, 0.782259, 0.127111, 0.589199
0.177858, 0.989397, -0.620603, -0.007531
0.178004, 0.320549, 0.139369, 0.252510
0.178018, 0.384504, 0.137807, 0.300522
0.178219, 0.031969, 0.148105, 0.026469
0.178326, 0.185379, 0.143474, 0.149186
0.178375, 0.513892, 0.135049, 0.396365
0.178392, 0.455917, 0.136427, 0.353631
0.178501, 0.071124, 0.147290, 0.058499
0.178514, 0.840937, -0.611198, -0.106224
0.178633, 0.635123, 0.132254, 0.484764
0.179311, 0.590046, 0.133894, 0.451982
0.179373, 0.010805, 0.149331, 0.008962
0.179519, 0.963271, -0.619271, -0.026100
0.179588, 0.750021, 0.129512, 0.566624
0.180024, 0.431572, 0.138227, 0.335535
0.180030, 0.285581, 0.141775, 0.225872
0.180146, 0.667692, 0.132461, 0.508102
0.180676, 0.126613, 0.147379, 0.103093
0.180734, 0.853627, -0.614092, -0.101516
0.181110, 0.298159, 0.142297, 0.235411
0.181197, 0.576921, 0.135658, 0.442498
0.181248, 0.085212, 0.149186, 0.069940
0.181347, 0.794772, 0.130172, 0.598876
0.181759, 0.716593, 0.132211, 0.543022
0.181814, 0.622952, 0.134914, 0.475848
0.181894, 0.332839, 0.142110, 0.261762
0.182374, 0.098768, 0.149531, 0.080767
0.182503, 0.162935, 0.147576, 0.131661
0.182667, 0.930652, -0.616791, -0.049309
0.182692, 0.112981, 0.149460, 0.092225
0.182727, 0.268474, 0.144395, 0.212892
0.182874, 0.372129, 0.141821, 0.291120
0.182939, 0.866310, -0.616901, -0.096572
0.182977, 0.687188, 0.133936, 0.521854
0.183082, 0.761597, 0.131585, 0.574601
0.183451, 0.976774, -0.616584, -0.016525
0.183475, 0.209346, 0.146787, 0.167653
0.183698, 0.418860, 0.141354, 0.326044
0.183704, 0.807263, 0.182919, 0.655991
0.184061, 0.656184, 0.135657, 0.499755
0.184268, 0.139786, 0.149638, 0.113340
0.184350, 1.000000, -0.616102, 0.000000
0.184501, 0.041257, 0.152660, 0.034010
0.184593, 0.345369, 0.143873, 0.271120
0.184616, 0.467958, 0.140866, 0.362403
0.184724, 0.445216, 0.141481, 0.345540
0.185024, 0.952322, -0.615320, -0.033929
0.185256, 0.917246, -0.614656, -0.058859
0.185286, 0.610718, 0.137799, 0.466877
0.185302, 0.878922, -0.613855, -0.085952
0.185378, 0.404611, 0.142912, 0.315230
0.185499, 0.256678, 0.146920, 0.203870
0.185608, 0.503917, 0.140773, 0.388973
0.185810, 0.728675, 0.134770, 0.551474
0.185919, 0.021592, 0.154099, 0.017825
0.186032, 0.819779, -0.639709, -0.159657
0.186098, 0.697436, 0.135918, 0.529178
0.186234, 0.243248, 0.147832, 0.193530
0.186264, 0.000000, 0.154575, 0.000000
0.186394, 0.357950, 0.144859, 0.280363
0.186570, 0.051912, 0.154019, 0.042688
0.186644, 0.392931, 0.144218, 0.306610
0.186667, 0.904485, -0.613452, -0.067964
0.186676, 0.490851, 0.141907, 0.379356
0.186754, 0.554582, 0.140326, 0.425928
0.186829, 0.542628, 0.140709, 0.417274
0.186839, 0.773450, 0.133646, 0.582590
0.187121, 0.566597, 0.140292, 0.434682
0.187213, 0.891037, -0.612661, -0.077399
0.187223, 0.310719, 0.146703, 0.244772
0.187280, 0.174497, 0.150838, 0.140475
0.187462, 0.644121, 0.138489, 0.490966
0.187625, 0.230222, 0.149357, 0.183574
0.187709, 0.530609, 0.141679, 0.408481
0.188184, 0.598769, 0.140271, 0.458162
0.188309, 0.277585, 0.148523, 0.219741
0.188316, 0.196174, 0.150933, 0.157278
0.188468, 0.832434, -0.603863, -0.112507
0.188589, 0.517951, 0.142664, 0.399202
0.188770, 0.063464, 0.155421, 0.052053
0.189254, 0.740780, 0.136907, 0.559978
0.189478, 0.676193, 0.139017, 0.513893
0.189546, 0.076191, 0.155505, 0.062293
0.189625, 0.478674, 0.144396, 0.370192
0.189766, 0.153388, 0.153532, 0.123944
0.190060, 0.323203, 0.148544, 0.254085
0.190329, 0.785720, 0.136073, 0.591505
0.190770, 0.988338, -0.611677, -0.008318
0.190784, 0.845140, -0.609715, -0.110726
0.190823, 0.218454, 0.152225, 0.174457
0.190922, 0.381220, 0.147782, 0.297741
0.190923, 0.708286, 0.139089, 0.536832
0.190937, 0.456264, 0.145909, 0.353519
0.191005, 0.585915, 0.142714, 0.448776
0.191097, 0.965681, -0.611262, -0.024471
0.191125, 0.184584, 0.153477, 0.148184
0.191229, 0.631682, 0.141606, 0.481872
0.191589, 0.436487, 0.146924, 0.338913
0.191648, 0.940458, -0.610761, -0.042460
0.191700, 0.289818, 0.150825, 0.228962
0.192445, 0.129861, 0.156240, 0.105210
0.192484, 0.105041, 0.157094, 0.085494
0.192529, 0.752680, 0.138933, 0.568333
0.192556, 0.090541, 0.157496, 0.073827
0.192656, 0.031954, 0.159058, 0.026276
0.193047, 0.857928, -0.607288, -0.100442
0.193089, 0.011047, 0.159640, 0.009096
0.193171, 0.425721, 0.148363, 0.330798
0.193368, 0.798360, 0.184119, 0.643319
0.193418, 0.118190, 0.157450, 0.095972
0.193437, 0.665201, 0.142239, 0.505903
0.194229, 0.619486, 0.144166, 0.472991
0.194335, 0.368807, 0.150702, 0.288334
0.194380, 0.335681, 0.151550, 0.263376
0.194451, 0.926503, -0.608488, -0.052430
0.194511, 0.412440, 0.149681, 0.320809
0.194541, 0.301363, 0.152694, 0.237610
0.194822, 0.719678, 0.141521, 0.544798
0.194973, 0.574692, 0.145952, 0.440468
0.195338, 0.686836, 0.142948, 0.521309
0.195348, 0.870912, -0.607095, -0.092337
0.195373, 0.266238, 0.154286, 0.210864
0.195646, 0.205597, 0.156331, 0.164348
0.195730, 0.166057, 0.157807, 0.133743
0.195833, 0.810954, -0.654345, -0.187665
0.196010, 0.764585, 0.141028, 0.576613
0.196042, 0.251991, 0.155129, 0.199861
0.196065, 0.143356, 0.158583, 0.115736
0.196595, 0.653633, 0.144899, 0.497508
0.196723, 0.346867, 0.153036, 0.271690
0.196781, 0.912389, -0.606566, -0.062513
0.196997, 0.954443, -0.606973, -0.032531
0.197074, 0.977247, -0.607265, -0.016255
0.197112, 0.466478, 0.150317, 0.360878
0.197407, 0.400108, 0.152272, 0.311701
0.197417, 0.499712, 0.149759, 0.385541
0.197422, 0.043623, 0.162498, 0.035758
0.197590, 1.000000, -0.606934, 0.000000
0.197651, 0.898337, -0.605656, -0.072535
0.197877, 0.239442, 0.157033, 0.190339
0.198087, 0.511523, 0.149964, 0.394225
0.198115, 0.607048, 0.147400, 0.463924
0.198117, 0.357770, 0.153855, 0.279901
0.198188, 0.561798, 0.148702, 0.431009
0.198189, 0.549298, 0.149045, 0.421909
0.198227, 0.823541, -0.598980, -0.121345
0.198260, 0.884211, -0.604988, -0.082523
0.198444, 0.446555, 0.151933, 0.346336
0.198521, 0.731600, 0.143716, 0.553052
0.198735, 0.536950, 0.149789, 0.412885
0.198737, 0.698097, 0.145053, 0.529247
0.198899, 0.487926, 0.151165, 0.376778
0.199016, 0.313918, 0.155804, 0.246994
0.199374, 0.524632, 0.150602, 0.403865
0.199380, 0.641204, 0.147308, 0.488458
0.199477, 0.776710, 0.144580, 0.586529
0.199718, 0.079806, 0.163159, 0.064953
0.199730, 0.000000, 0.164714, 0.000000
0.199913, 0.022173, 0.164651, 0.018185
0.199938, 0.594765, 0.149092, 0.454952
0.200058, 0.055350, 0.164241, 0.045245
0.200059, 0.279107, 0.157520, 0.220496
0.200106, 0.388596, 0.154625, 0.303020
0.200327, 0.227174, 0.159297, 0.180843
0.200333, 0.192149, 0.160398, 0.153796
0.200685, 0.836119, -0.601437, -0.116366
0.200801, 0.067086, 0.164468, 0.054715
0.201933, 0.743751, 0.145477, 0.561240
0.201941, 0.178035, 0.162187, 0.142862
0.201946, 0.476037, 0.153748, 0.367868
0.201973, 0.326564, 0.157710, 0.256424
0.202242, 0.098288, 0.164694, 0.079780
0.202264, 0.155520, 0.163057, 0.125165
0.202397, 0.675463, 0.148456, 0.512991
0.202538, 0.789248, 0.189949, 0.635626
0.203029, 0.848562, -0.600944, -0.108325
0.203183, 0.133515, 0.164381, 0.107767
0.203507, 0.214979, 0.162147, 0.171366
0.203621, 0.376412, 0.157613, 0.293777
0.203712, 0.945030, -0.602156, -0.039322
0.203712, 0.420427, 0.156479, 0.326505
0.203805, 0.628349, 0.150958, 0.479111
0.203810, 0.291701, 0.160070, 0.229971
0.203973, 0.434452, 0.156345, 0.336981
0.204019, 0.966006, -0.602233, -0.024327
0.204037, 0.988807, -0.602314, -0.008012
0.204062, 0.710114, 0.148484, 0.537604
0.204134, 0.582214, 0.152552, 0.445700
0.204611, 0.933841, -0.601474, -0.047335
0.204702, 0.109859, 0.166290, 0.088967
0.204802, 0.457226, 0.156497, 0.354119
0.205240, 0.860827, -0.599294, -0.099156
0.205315, 0.259470, 0.162099, 0.205318
0.205378, 0.755746, 0.146970, 0.569033
0.205398, 0.801921, -0.653404, -0.200250
0.205471, 0.122045, 0.166430, 0.098576
0.205992, 0.664044, 0.151443, 0.504698
0.206101, 0.920738, -0.600261, -0.056720
0.206139, 0.034172, 0.169255, 0.027934
0.206317, 0.616073, 0.153189, 0.470215
0.206498, 0.011449, 0.169731, 0.009370
0.206863, 0.087900, 0.168436, 0.071308
0.206921, 0.408175, 0.159316, 0.317457
0.207123, 0.304019, 0.162253, 0.239167
0.207291, 0.570427, 0.155248, 0.437081
0.207351, 0.686704, 0.151675, 0.520822
0.207388, 0.721896, 0.150431, 0.545787
0.207408, 0.872722, -0.598442, -0.091106
0.207447, 0.201806, 0.165608, 0.161067
0.207650, 0.364434, 0.161020, 0.284707
0.207930, 0.814599, -0.595382, -0.131596
0.207933, 0.339231, 0.161969, 0.265839
0.208026, 0.907044, -0.598577, -0.066523
0.208233, 0.651458, 0.153466, 0.495530
0.208555, 0.248061, 0.165038, 0.196619
0.208701, 0.270364, 0.164488, 0.213645
0.208741, 0.767631, 0.150075, 0.578366
0.208745, 0.166712, 0.167750, 0.133769
0.208793, 0.145178, 0.168342, 0.116788
0.208922, 0.894417, -0.597700, -0.075559
0.209035, 0.556750, 0.156919, 0.427025
0.209099, 0.351436, 0.162473, 0.274888
0.209515, 0.506826, 0.158674, 0.390453
0.209592, 0.543873, 0.157705, 0.417621
0.209739, 0.494913, 0.159177, 0.381707
0.209941, 0.235952, 0.166403, 0.187222
0.210012, 0.519030, 0.158711, 0.399401
0.210140, 0.046694, 0.172124, 0.038074
0.210142, 0.396351, 0.162080, 0.308534
0.210277, 0.699340, 0.153373, 0.529762
0.210427, 0.977786, -0.597883, -0.015927
0.210438, 0.827218, -0.594185, -0.122799
0.210656, 0.531725, 0.158860, 0.408747
0.210663, 0.638525, 0.155655, 0.486152
0.210695, 0.602796, 0.156814, 0.460464
0.210725, 0.883460, -0.596071, -0.083375
0.210789, 0.316304, 0.164717, 0.248336
0.210797, 0.445279, 0.161212, 0.344777
0.210822, 0.073716, 0.171819, 0.059816
0.210896, 0.734595, 0.152458, 0.554604
0.210977, 0.955214, -0.597098, -0.032099
0.211049, 0.482598, 0.160507, 0.372619
0.211103, 1.000000, -0.597417, 0.000000
0.211276, 0.188161, 0.169021, 0.150400
0.211451, 0.590706, 0.157703, 0.451581
0.211513, 0.468060, 0.161238, 0.361840
0.211742, 0.780147, 0.188174, 0.620281
0.212459, 0.282631, 0.167040, 0.222885
0.212788, 0.384421, 0.164412, 0.299531
0.212918, 0.000000, 0.174592, 0.000000
0.212958, 0.426827, 0.163358, 0.331057
0.212959, 0.023520, 0.174493, 0.019184
0.213023, 0.223950, 0.169267, 0.178026
0.213045, 0.059896, 0.173919, 0.048669
0.213062, 0.839739, -0.593317, -0.114601
0.213265, 0.328386, 0.166290, 0.257401
0.214604, 0.133775, 0.173198, 0.107665
0.214626, 0.746930, 0.155314, 0.563852
0.214657, 0.792747, -0.641150, -0.201562
0.214758, 0.098602, 0.174291, 0.079724
0.215358, 0.674865, 0.157898, 0.512122
0.215448, 0.211225, 0.171442, 0.168050
0.215512, 0.155712, 0.173212, 0.124879
0.215518, 0.852129, -0.592092, -0.105939
0.215792, 0.176635, 0.172843, 0.141274
0.216084, 0.295314, 0.169466, 0.232415
0.216198, 0.929096, -0.593274, -0.050886
0.216314, 0.111745, 0.175064, 0.090121
0.216319, 0.942812, -0.593265, -0.041047
0.216428, 0.372093, 0.167550, 0.290245
0.216508, 0.625490, 0.160370, 0.476616
0.216518, 0.415393, 0.166412, 0.322538
0.217082, 0.712254, 0.157879, 0.538773
0.217138, 0.967081, -0.593048, -0.023643
0.217189, 0.455659, 0.165748, 0.352246
0.217334, 0.915224, -0.592244, -0.060838
0.217337, 0.259127, 0.171476, 0.204815
0.217340, 0.084308, 0.176492, 0.068174
0.217391, 0.805524, -0.590511, -0.140439
0.217403, 0.613487, 0.161411, 0.467931
0.217473, 0.661571, 0.159922, 0.502639
0.217521, 0.578976, 0.162567, 0.442934
0.217573, 0.988929, -0.592759, -0.007953
0.217763, 0.122744, 0.175845, 0.098795
0.217789, 0.565349, 0.163199, 0.433083
0.217914, 0.864354, -0.590650, -0.097151
0.218375, 0.758488, 0.161454, 0.575705
0.218491, 0.436312, 0.167356, 0.338072
0.218499, 0.687914, 0.159672, 0.521153
0.219037, 0.725134, 0.158978, 0.547924
0.219164, 0.036041, 0.178899, 0.029280
0.219199, 0.198472, 0.174778, 0.158126
0.219235, 0.011346, 0.179274, 0.009231
0.219383, 0.358951, 0.170170, 0.280290
0.219561, 0.648651, 0.161876, 0.493277
0.219798, 0.308007, 0.171932, 0.241886
0.219857, 0.551139, 0.165129, 0.422568
0.219990, 0.901212, -0.590034, -0.070912
0.220037, 0.818264, -0.587360, -0.129770
0.220040, 0.404012, 0.169399, 0.313947
0.220180, 0.245168, 0.173946, 0.193894
0.220188, 0.346228, 0.171178, 0.270767
0.220600, 0.272443, 0.173561, 0.214834
0.220845, 0.876209, -0.588941, -0.088845
0.220878, 0.476817, 0.167987, 0.367875
0.220887, 0.770940, 0.195214, 0.613777
0.220914, 0.700609, 0.160961, 0.530105
0.221260, 0.501720, 0.167641, 0.386384
0.221278, 0.513898, 0.167308, 0.395335
0.221545, 0.636090, 0.163724, 0.484109
0.221588, 0.144104, 0.178233, 0.115591
0.221648, 0.526431, 0.167217, 0.404503
0.221671, 0.489646, 0.168280, 0.377451
0.221699, 0.592302, 0.165250, 0.452492
0.221852, 0.070034, 0.180234, 0.056618
0.221885, 0.539384, 0.167040, 0.414047
0.221977, 0.048986, 0.180974, 0.039743
0.222006, 0.889158, -0.588271, -0.079564
0.222081, 0.334930, 0.172961, 0.262225
0.222181, 0.233729, 0.176035, 0.185275
0.222527, 0.165676, 0.178320, 0.132484
0.222722, 0.830856, -0.586278, -0.121174
0.222806, 0.392472, 0.171838, 0.305281
0.222877, 0.320763, 0.173894, 0.251387
0.223263, 0.738264, 0.162458, 0.558019
0.223552, 0.956139, -0.588328, -0.031548
0.223803, 0.603994, 0.166391, 0.460758
0.223923, 0.783520, -0.634594, -0.208792
0.224111, 0.186335, 0.178920, 0.148549
0.224143, 0.978058, -0.588161, -0.015787
0.224269, 0.285733, 0.176013, 0.224865
0.224360, 0.464527, 0.170896, 0.358560
0.224753, 1.000000, -0.587793, 0.000000
0.224819, 0.220149, 0.178284, 0.174543
0.224917, 0.445912, 0.171983, 0.345071
0.225066, 0.380437, 0.173917, 0.296254
0.225097, 0.022549, 0.183522, 0.018287
0.225180, 0.424681, 0.172745, 0.329228
0.225503, 0.843541, -0.584720, -0.112269
0.225923, 0.105174, 0.182484, 0.084614
0.226131, 0.000000, 0.184470, 0.000000
0.226536, 0.092370, 0.183247, 0.074391
0.226609, 0.796324, -0.582843, -0.146417
0.227028, 0.131804, 0.182766, 0.105757
0.227379, 0.059506, 0.184849, 0.048129
0.227388, 0.668690, 0.166886, 0.507372
0.227412, 0.935024, -0.585395, -0.046770
0.227553, 0.922398, -0.585117, -0.055845
0.227702, 0.208605, 0.180984, 0.165682
0.227947, 0.558731, 0.170922, 0.427865
0.227961, 0.299142, 0.178498, 0.234996
0.227971, 0.680787, 0.166857, 0.515914
0.228103, 0.856065, -0.583331, -0.103426
0.228134, 0.749254, 0.167220, 0.567170
0.228149, 0.367195, 0.176632, 0.286215
0.228237, 0.252351, 0.179953, 0.199173
0.228290, 0.079792, 0.184930, 0.064326
0.228293, 0.617751, 0.169280, 0.470666
0.228334, 0.571505, 0.170864, 0.437305
0.228361, 0.909024, -0.584284, -0.065459
0.228716, 0.154394, 0.183393, 0.123463
0.228755, 0.946805, -0.584425, -0.038300
0.229212, 0.412847, 0.176129, 0.320281
0.229222, 0.655800, 0.168664, 0.498034
0.229334, 0.118771, 0.184815, 0.095355
0.229349, 0.717974, 0.166146, 0.541816
0.229373, 0.809166, -0.580978, -0.137028
0.229640, 0.263739, 0.180763, 0.207918
0.229699, 0.175258, 0.183517, 0.139735
0.230161, 0.583451, 0.171843, 0.445940
0.230379, 0.693389, 0.168117, 0.524750
0.230488, 0.628833, 0.170492, 0.478499
0.230527, 0.761870, 0.180915, 0.585097
0.230569, 0.966839, -0.583538, -0.023898
0.230586, 0.706758, 0.167693, 0.534124
0.230627, 0.729927, 0.166039, 0.549628
0.230818, 0.868433, -0.581746, -0.094617
0.230827, 0.032846, 0.187709, 0.026573
0.231097, 0.642659, 0.170475, 0.488479
0.231207, 0.353559, 0.179395, 0.275956
0.231223, 0.989431, -0.583104, -0.007620
0.231512, 0.196336, 0.184240, 0.156035
0.231558, 0.434682, 0.177309, 0.336504
0.231614, 0.455268, 0.176765, 0.351782
0.231954, 0.312830, 0.181108, 0.245175
0.232263, 0.821745, -0.579156, -0.127956
0.232272, 0.472720, 0.176684, 0.364511
0.232342, 0.228978, 0.183818, 0.181131
0.232364, 0.327736, 0.180983, 0.256410
0.232372, 0.011002, 0.189127, 0.008904
0.232473, 0.534093, 0.175081, 0.409811
0.232614, 0.881481, -0.580812, -0.085324
0.232664, 0.276089, 0.182725, 0.217249
0.232678, 0.483976, 0.176680, 0.372846
0.232703, 0.520574, 0.175666, 0.399907
0.232796, 0.508125, 0.176101, 0.390740
0.232893, 0.341403, 0.181075, 0.266825
0.232927, 0.401158, 0.179317, 0.311518
0.232974, 0.774060, -0.613091, -0.200911
0.233095, 0.496124, 0.176668, 0.381865
0.233099, 0.894905, -0.580683, -0.075683
0.233164, 0.547661, 0.175137, 0.419603
0.233183, 0.044376, 0.189436, 0.035858
0.233717, 0.595834, 0.174069, 0.454827
0.233996, 0.142403, 0.187807, 0.113919
0.234373, 0.241362, 0.185239, 0.190815
0.234841, 0.834582, -0.577963, -0.118959
0.234971, 0.389314, 0.181217, 0.302621
0.235312, 0.608558, 0.174795, 0.463916
0.235824, 0.787131, -0.578059, -0.155522
0.235976, 0.070123, 0.190968, 0.056449
0.235991, 0.288607, 0.184879, 0.226637
0.236230, 0.376685, 0.182505, 0.293069
0.236342, 0.164196, 0.188961, 0.130923
0.236898, 0.108780, 0.190702, 0.087190
0.237136, 0.096775, 0.191129, 0.077637
0.237395, 0.422606, 0.182057, 0.327314
0.237433, 0.979074, -0.578767, -0.015109
0.237553, 0.185025, 0.189247, 0.147101
0.237622, 0.739767, 0.167709, 0.553250
0.237934, 0.847557, -0.576107, -0.109759
0.238181, 0.561895, 0.178418, 0.429844
0.238401, 0.021661, 0.193543, 0.017485
0.238404, 0.955941, -0.577783, -0.031806
0.238404, 0.218138, 0.188944, 0.172737
0.238415, 0.444385, 0.182219, 0.343513
0.238506, 0.800001, -0.573795, -0.143380
0.238686, 0.129629, 0.191699, 0.103713
0.238767, 0.055646, 0.193385, 0.044823
0.238773, 1.000000, -0.577825, 0.000000
0.238813, 0.083850, 0.192923, 0.067388
0.238901, 0.917517, -0.576950, -0.059518
0.238952, 0.929982, -0.577166, -0.050544
0.238956, 0.675134, 0.174971, 0.511431
0.239037, 0.905172, -0.576500, -0.068396
0.239139, 0.662529, 0.175618, 0.502466
0.239192, 0.362550, 0.185149, 0.282353
0.239390, 0.300671, 0.187091, 0.235650
0.239399, 0.206665, 0.189926, 0.163746
0.239544, 0.464201, 0.182501, 0.358189
0.239562, 0.000000, 0.194537, 0.000000
0.239665, 0.942451, -0.576655, -0.041549
0.239812, 0.253236, 0.188968, 0.199659
0.240102, 0.753286, 0.163607, 0.553857
0.240181, 0.574672, 0.179483, 0.439076
0.240316, 0.687617, 0.175410, 0.520212
0.240467, 0.649148, 0.177086, 0.492827
0.240741, 0.860100, -0.574542, -0.100859
0.241018, 0.635161, 0.178015, 0.482804
0.241105, 0.726000, 0.175989, 0.548990
0.241265, 0.266036, 0.189630, 0.209330
0.241281, 0.621767, 0.178748, 0.473332
0.241294, 0.700543, 0.175494, 0.529257
0.241632, 0.812338, -0.572418, -0.135140
0.241639, 0.713739, 0.175143, 0.538564
0.241742, 0.152670, 0.193452, 0.121770
0.241785, 0.410763, 0.185784, 0.318460
0.242434, 0.322397, 0.188878, 0.252134
0.242750, 0.586727, 0.180961, 0.447694
0.242767, 0.527191, 0.182978, 0.404436
0.242890, 0.872815, -0.573387, -0.091777
0.242893, 0.118475, 0.195092, 0.094751
0.243029, 0.033311, 0.196950, 0.026843
0.243032, 0.968567, -0.574685, -0.022724
0.243055, 0.231233, 0.192056, 0.182626
0.243225, 0.764869, -0.641218, -0.243272
0.243295, 0.174159, 0.193946, 0.138467
0.243304, 0.335391, 0.189188, 0.261953
0.243392, 0.540569, 0.183024, 0.414226
0.243668, 0.310977, 0.190069, 0.243342
0.244008, 0.348845, 0.189312, 0.272047
0.244029, 0.885943, -0.572870, -0.082360
0.244062, 0.488481, 0.185149, 0.375940
0.244080, 0.513399, 0.184391, 0.394274
0.244103, 0.475940, 0.185578, 0.366726
0.244172, 0.195446, 0.193924, 0.154929
0.244183, 0.825366, -0.570960, -0.125808
0.244290, 0.777607, -0.563750, -0.154603
0.244311, 0.432583, 0.186979, 0.334491
0.244595, 0.501159, 0.185160, 0.385262
0.244598, 0.279071, 0.191780, 0.219151
0.245129, 0.454328, 0.186961, 0.350622
0.245301, 0.598849, 0.182411, 0.456356
0.245336, 0.990341, -0.573057, -0.006988
0.245499, 0.398649, 0.188968, 0.309321
0.245554, 0.553216, 0.184189, 0.423309
0.245975, 0.010806, 0.199358, 0.008706
0.246022, 0.140269, 0.196957, 0.111870
0.246213, 0.065751, 0.198843, 0.052800
0.246283, 0.373466, 0.190191, 0.290273
0.246352, 0.386727, 0.189942, 0.300338
0.246375, 0.610785, 0.182788, 0.464970
0.246566, 0.044622, 0.199468, 0.035889
0.246685, 0.838544, -0.569743, -0.116486
0.247405, 0.897429, -0.570579, -0.074137
0.247697, 0.791054, -0.568444, -0.151709
0.248173, 0.092351, 0.199693, 0.073919
0.248259, 0.104975, 0.199450, 0.083925
0.248325, 0.291376, 0.194255, 0.228385
0.248504, 0.745613, 0.128646, 0.507686
0.248508, 0.243545, 0.195876, 0.191921
0.249387, 0.077846, 0.200844, 0.062335
0.249648, 0.566554, 0.186780, 0.432898
0.249930, 0.421055, 0.191670, 0.325921
0.249942, 0.669169, 0.183267, 0.506857
0.250014, 0.162710, 0.199526, 0.129417
0.250077, 0.655936, 0.183834, 0.497352
0.250183, 0.910587, -0.568691, -0.064675
0.250192, 0.360055, 0.193594, 0.280143
0.250293, 0.923202, -0.569021, -0.055584
0.250404, 0.733512, 0.214160, 0.586068
0.250526, 0.851755, -0.567361, -0.107098
0.250533, 0.948354, -0.569112, -0.037393
0.250566, 0.681889, 0.183354, 0.516031
0.250617, 0.219368, 0.198186, 0.173247
0.250690, 0.207848, 0.198606, 0.164380
0.250854, 0.935700, -0.568757, -0.046555
0.250855, 0.980774, -0.569163, -0.013927
0.250989, 0.256932, 0.197397, 0.202124
0.251010, 0.642497, 0.185039, 0.487715
0.251065, 0.802553, -0.565192, -0.142162
0.251132, 0.184769, 0.199687, 0.146535
0.251311, 0.442426, 0.191946, 0.341540
0.251359, 0.022110, 0.203268, 0.017769
0.251756, 0.959725, -0.568377, -0.029173
0.251757, 0.127824, 0.201679, 0.101944
0.252031, 0.629415, 0.186296, 0.478324
0.252128, 0.707369, 0.185039, 0.535605
0.252235, 0.694447, 0.184384, 0.525232
0.252542, 0.055382, 0.203769, 0.044421
0.252542, 0.579123, 0.188478, 0.441913
0.252570, 0.465881, 0.192229, 0.358982
0.252648, 0.269934, 0.198183, 0.211909
0.252820, 0.720925, 0.188015, 0.548246
0.252847, 0.302140, 0.197368, 0.236392
0.252979, 0.520459, 0.190749, 0.399032
0.253155, 0.000000, 0.204792, 0.000000
0.253202, 0.815843, -0.564379, -0.133002
0.253211, 0.864233, -0.565856, -0.098199
0.253484, 1.000000, -0.567276, 0.000000
0.253588, 0.533603, 0.190788, 0.408678
0.253734, 0.231567, 0.200223, 0.182560
0.253895, 0.327078, 0.197456, 0.255279
0.254003, 0.408738, 0.195095, 0.316562
0.254136, 0.756435, -0.636994, -0.252959
0.254345, 0.150938, 0.203059, 0.120043
0.254471, 0.877620, -0.565334, -0.088584
0.254482, 0.314967, 0.198238, 0.246069
0.254565, 0.115153, 0.203953, 0.091815
0.254618, 0.339525, 0.197655, 0.264674
0.254653, 0.480036, 0.193380, 0.369434
0.254735, 0.769141, -0.567604, -0.172700
0.254988, 0.617709, 0.188871, 0.469705
0.255088, 0.781965, -0.558956, -0.154505
0.255181, 0.493223, 0.193344, 0.379104
0.255402, 0.591400, 0.190143, 0.450690
0.255452, 0.546172, 0.191767, 0.417835
0.255647, 0.970979, -0.565547, -0.021038
0.255686, 0.033681, 0.206492, 0.027034
0.255798, 0.829394, -0.562919, -0.123298
0.255942, 0.196923, 0.202840, 0.155699
0.255981, 0.173438, 0.203623, 0.137520
0.256106, 0.506193, 0.193515, 0.388394
0.256458, 0.383382, 0.197667, 0.297458
0.256463, 0.452970, 0.195492, 0.349177
0.256634, 0.371081, 0.198151, 0.288203
0.256932, 0.282983, 0.201090, 0.221744
0.256990, 0.603979, 0.190824, 0.459660
0.257095, 0.890242, -0.563638, -0.079515
0.257444, 0.432031, 0.197032, 0.333882
0.257752, 0.350655, 0.199673, 0.272912
0.257755, 0.138233, 0.205885, 0.109936
0.257779, 0.087993, 0.207035, 0.070263
0.257973, 0.396406, 0.198503, 0.307275
0.258043, 0.558661, 0.193265, 0.426860
0.258280, 0.067740, 0.207973, 0.054212
0.258341, 0.842504, -0.561575, -0.113969
0.259411, 0.011069, 0.209466, 0.008879
0.259635, 0.742580, -0.356929, 0.010349
0.259684, 0.100945, 0.208205, 0.080485
0.259756, 0.902937, -0.561914, -0.070376
0.260101, 0.045062, 0.209649, 0.036094
0.260207, 0.662537, 0.190838, 0.501535
0.260411, 0.990330, -0.562318, -0.007020
0.260686, 0.249513, 0.204958, 0.196073
0.261019, 0.675974, 0.190387, 0.510645
0.261142, 0.649682, 0.192097, 0.492382
0.261328, 0.792317, -0.557922, -0.150355
0.261465, 0.916212, -0.560861, -0.060787
0.261843, 0.928828, -0.560916, -0.051664
0.261886, 0.571395, 0.195697, 0.436081
0.261901, 0.419973, 0.200737, 0.324709
0.261944, 0.805932, -0.557783, -0.140273
0.262138, 0.237779, 0.206570, 0.187178
0.262248, 0.941927, -0.560731, -0.042165
0.262276, 0.293240, 0.204879, 0.229402
0.262405, 0.210679, 0.207535, 0.166272
0.262438, 0.636972, 0.193556, 0.483238
0.262476, 0.262275, 0.205959, 0.205797
0.262489, 0.714323, 0.169335, 0.517212
0.262731, 0.223358, 0.207293, 0.175935
0.262766, 0.687674, 0.190749, 0.518478
0.262981, 0.729251, 0.270649, 0.625467
0.262991, 0.515211, 0.198405, 0.394889
0.263123, 0.954358, -0.560155, -0.033146
0.263180, 0.361849, 0.203429, 0.281113
0.263391, 0.701388, 0.186954, 0.524644
0.263500, 0.471662, 0.200225, 0.362840
0.263555, 0.855504, -0.558304, -0.104749
0.263569, 0.161173, 0.209756, 0.127760
0.263851, 0.078727, 0.211783, 0.062797
0.263946, 0.185797, 0.209358, 0.146908
0.264035, 0.274800, 0.206717, 0.215252
0.264123, 0.527425, 0.198836, 0.403801
0.264267, 0.022484, 0.212968, 0.017997
0.264290, 0.820009, -0.556643, -0.130345
0.264304, 0.124856, 0.211081, 0.099213
0.264342, 0.305895, 0.206032, 0.238895
0.264487, 0.869549, -0.558029, -0.094635
0.264676, 0.458871, 0.201567, 0.353436
0.264707, 0.624691, 0.195700, 0.474332
0.264771, 0.443505, 0.202144, 0.342076
0.265028, 0.979905, -0.559025, -0.014603
0.265037, 0.583813, 0.197569, 0.444985
0.265120, 0.777803, -0.553205, -0.159391
0.265131, 0.112084, 0.212101, 0.089183
0.265313, 0.057308, 0.213338, 0.045785
0.265376, 0.318621, 0.206439, 0.248506
0.265483, 0.330781, 0.206165, 0.257708
0.265523, 0.965944, -0.558447, -0.024746
0.265594, 0.485147, 0.201391, 0.372795
0.265620, 0.539229, 0.199532, 0.412360
0.265889, 0.764536, -0.563983, -0.180906
0.265916, 0.408205, 0.204135, 0.315807
0.266053, 0.611324, 0.197196, 0.464631
0.266291, 0.752599, -0.512584, -0.138796
0.266342, 0.148667, 0.212211, 0.117931
0.266372, 0.198866, 0.210781, 0.156929
0.266555, 0.497690, 0.201689, 0.381990
0.266581, 0.882970, -0.556807, -0.084969
0.266673, 0.000000, 0.215000, 0.000000
0.266850, 0.173471, 0.211930, 0.137262
0.267299, 0.375229, 0.206155, 0.291039
0.267364, 0.387243, 0.205804, 0.299991
0.267374, 0.597090, 0.198742, 0.454392
0.267532, 0.342397, 0.207357, 0.266389
0.267717, 0.551460, 0.200645, 0.421186
0.267774, 0.832940, -0.554583, -0.121115
0.268457, 1.000000, -0.556669, 0.000000
0.268476, 0.034246, 0.216112, 0.027384
0.268583, 0.136161, 0.214141, 0.108034
0.269257, 0.091732, 0.215726, 0.073038
0.269445, 0.430741, 0.206104, 0.332503
0.269669, 0.895696, -0.554778, -0.075796
0.269983, 0.844367, -0.553266, -0.112926
0.270196, 0.669511, 0.198454, 0.506682
0.270810, 0.563281, 0.202506, 0.429675
0.271002, 0.739310, -0.703833, -0.343943
0.271224, 0.507974, 0.204780, 0.389288
0.271385, 0.353724, 0.209914, 0.274762
0.271411, 0.069305, 0.217830, 0.055259
0.271519, 0.909004, -0.553652, -0.066171
0.271549, 0.398518, 0.208623, 0.308286
0.271571, 0.657055, 0.199292, 0.497082
0.271574, 0.721000, 0.196927, 0.540682
0.271763, 0.284091, 0.212486, 0.222255
0.272090, 0.797948, -0.550452, -0.146546
0.272326, 0.811422, -0.550587, -0.136718
0.272497, 0.256496, 0.213753, 0.201052
0.272684, 0.243905, 0.214446, 0.191573
0.272701, 0.046874, 0.219064, 0.037401
0.272722, 0.693701, 0.199598, 0.524133
0.272758, 0.230680, 0.214709, 0.181253
0.272810, 0.011280, 0.219530, 0.009011
0.272861, 0.934651, -0.553148, -0.047568
0.272878, 0.644948, 0.200801, 0.488472
0.273198, 0.921903, -0.552657, -0.056827
0.273254, 0.103512, 0.218424, 0.082243
0.273765, 0.269862, 0.214388, 0.211294
0.273822, 0.217673, 0.215992, 0.171298
0.273823, 0.785488, -0.548233, -0.155021
0.273978, 0.948532, -0.552423, -0.037474
0.274084, 0.297027, 0.213805, 0.231957
0.274205, 0.418443, 0.210047, 0.323135
0.274238, 0.862273, -0.550877, -0.100117
0.274336, 0.708513, 0.312355, 0.646666
0.274373, 0.451809, 0.209049, 0.347831
0.274473, 0.680408, 0.203163, 0.516480
0.274561, 0.520417, 0.206864, 0.398357
0.274589, 0.632867, 0.202579, 0.479818
0.274759, 0.465101, 0.208934, 0.357713
0.274786, 0.574317, 0.205007, 0.437496
0.274863, 0.366078, 0.212132, 0.283882
0.274880, 0.477177, 0.208567, 0.366525
0.275342, 0.974238, -0.551696, -0.018769
0.275446, 0.988686, -0.551774, -0.008243
0.275697, 0.205998, 0.217766, 0.162237
0.275708, 0.309844, 0.214583, 0.241554
0.275902, 0.116943, 0.220233, 0.092810
0.275924, 0.876188, -0.549989, -0.090072
0.276016, 0.619980, 0.204151, 0.470511
0.276075, 0.825055, -0.548381, -0.127052
0.276144, 0.192493, 0.218446, 0.151748
0.276192, 0.772458, -0.548133, -0.166575
0.276391, 0.531965, 0.207808, 0.406728
0.276424, 0.960622, -0.550670, -0.028685
0.276455, 0.166700, 0.219381, 0.131713
0.276498, 0.180387, 0.219155, 0.142420
0.276539, 0.322418, 0.214818, 0.251033
0.276582, 0.154842, 0.219844, 0.122500
0.276635, 0.082064, 0.221362, 0.065227
0.276744, 0.586023, 0.205973, 0.445838
0.276957, 0.607485, 0.205350, 0.461495
0.276962, 0.023043, 0.222525, 0.018378
0.277362, 0.490068, 0.209989, 0.375943
0.277385, 0.544201, 0.208079, 0.415575
0.277554, 0.439966, 0.211874, 0.339026
0.277703, 0.128765, 0.221176, 0.101994
0.277860, 0.334415, 0.215453, 0.260053
0.277992, 0.748755, -0.553352, -0.191028
0.278127, 0.059224, 0.222941, 0.047145
0.278157, 0.850816, -0.547570, -0.108468
0.278199, 0.730828, -0.568668, -0.222833
0.278221, 0.760011, -0.539884, -0.169351
0.278545, 0.142362, 0.221624, 0.112689
0.278710, 0.378662, 0.214655, 0.293197
0.279320, 0.389563, 0.214750, 0.301306
0.279358, 0.596499, 0.207497, 0.453347
0.279421, 0.888342, -0.547717, -0.081316
0.279695, 0.407336, 0.214520, 0.314645
0.280182, 0.000000, 0.225244, 0.000000
0.280342, 0.556646, 0.209789, 0.424491
0.280387, 0.500762, 0.211845, 0.383648
0.280463, 0.036530, 0.225029, 0.029104
0.280499, 0.346290, 0.217055, 0.268879
0.280691, 0.666743, 0.204369, 0.502543
0.281307, 0.902113, -0.546635, -0.071342
0.281326, 0.837179, -0.545092, -0.118445
0.281922, 0.094733, 0.225261, 0.075190
0.282140, 0.428111, 0.215690, 0.330032
0.282149, 0.699607, 0.108891, 0.430442
0.282638, 0.803852, -0.543105, -0.142586
0.282735, 1.000000, -0.546691, 0.000000
0.282819, 0.940993, -0.545935, -0.043043
0.283219, 0.653823, 0.208006, 0.494489
0.283327, 0.250430, 0.222317, 0.196216
0.283341, 0.277273, 0.221456, 0.216649
0.283381, 0.815634, -0.542822, -0.134043
0.283424, 0.237129, 0.222617, 0.185869
0.283480, 0.263615, 0.221939, 0.206194
0.283550, 0.719551, -0.421204, -0.089248
0.283725, 0.072198, 0.227037, 0.057367
0.283761, 0.513304, 0.213915, 0.392730
0.283848, 0.914873, -0.544898, -0.062082
0.283910, 0.289260, 0.221501, 0.225734
0.283978, 0.358654, 0.219336, 0.278106
0.284157, 0.791564, -0.541398, -0.151319
0.284398, 0.224401, 0.223783, 0.176118
0.284468, 0.687424, 0.233050, 0.543854
0.284502, 0.869416, -0.543584, -0.095150
0.284740, 0.641426, 0.209593, 0.485524
0.284768, 0.927867, -0.544614, -0.052646
0.285073, 0.108092, 0.227246, 0.085610
0.285134, 0.566735, 0.212969, 0.431710
0.285329, 0.049089, 0.228515, 0.039031
0.285345, 0.459184, 0.216998, 0.352853
0.285666, 0.980198, -0.544308, -0.014459
0.285707, 0.628002, 0.210860, 0.475828
0.285825, 0.740534, -0.538965, -0.188975
0.285962, 0.301974, 0.222696, 0.235350
0.286165, 0.011905, 0.229347, 0.009462
0.286201, 0.482221, 0.216863, 0.369865
0.286491, 0.470512, 0.217476, 0.361201
0.286550, 0.212505, 0.225849, 0.166958
0.286590, 0.397255, 0.220081, 0.306941
0.286597, 0.778955, -0.539827, -0.161095
0.286874, 0.370890, 0.221076, 0.287117
0.286915, 0.967941, -0.543395, -0.023416
0.286948, 0.199918, 0.226442, 0.157181
0.287182, 0.448557, 0.218748, 0.344952
0.287198, 0.173786, 0.227313, 0.136919
0.287259, 0.314439, 0.223233, 0.244684
0.287277, 0.953774, -0.542994, -0.033763
0.287303, 0.578730, 0.214075, 0.440279
0.287324, 0.524442, 0.216163, 0.400772
0.287462, 0.416809, 0.220053, 0.321428
0.287517, 0.187047, 0.227354, 0.147292
0.287539, 0.614666, 0.212764, 0.466180
0.287589, 0.675759, 0.205848, 0.505522
0.287643, 0.858212, -0.541018, -0.103344
0.287750, 0.536925, 0.216000, 0.409844
0.287981, 0.160632, 0.228346, 0.126730
0.288067, 0.121352, 0.229374, 0.096030
0.288121, 0.026592, 0.230725, 0.021137
0.288122, 0.766830, -0.536572, -0.168168
0.288128, 0.709436, -0.150021, 0.170911
0.288312, 0.326338, 0.223624, 0.253609
0.288815, 0.549608, 0.216261, 0.418950
0.288820, 0.826161, -0.539382, -0.126627
0.288896, 0.134551, 0.229528, 0.106278
0.288940, 0.147892, 0.229405, 0.116779
0.289358, 0.085324, 0.230871, 0.067591
0.289611, 0.880722, -0.540322, -0.087058
0.289703, 0.602651, 0.214833, 0.457400
0.290083, 0.590144, 0.215640, 0.448389
0.290200, 0.338723, 0.224655, 0.262880
0.290325, 0.894757, -0.540065, -0.076849
0.290405, 0.061929, 0.232150, 0.049142
0.290413, 0.752766, -0.537379, -0.181382
0.290492, 0.846224, -0.538897, -0.112152
0.290544, 0.437365, 0.221672, 0.336578
0.290745, 0.989873, -0.540832, -0.007404
0.290937, 0.384388, 0.223764, 0.297162
0.291290, 0.494269, 0.220212, 0.378508
0.291832, 0.729975, -0.538410, -0.200821
0.291941, 0.506232, 0.220247, 0.387238
0.292210, 0.662964, 0.214711, 0.501192
0.292685, 0.350959, 0.226096, 0.271949
0.293035, 0.038982, 0.234416, 0.030949
0.293234, 0.940603, -0.538429, -0.043425
0.293531, 0.000000, 0.234918, 0.000000
0.293590, 0.406169, 0.225097, 0.313405
0.293652, 0.257402, 0.229927, 0.201211
0.293669, 0.243808, 0.230170, 0.190656
0.293688, 0.800743, -0.535083, -0.145149
0.293730, 0.696826, 0.469743, 0.779493
0.293759, 0.098949, 0.234129, 0.078303
0.294115, 0.270557, 0.229829, 0.211181
0.294175, 0.812777, -0.534986, -0.136442
0.294261, 0.906840, -0.537424, -0.068099
0.294872, 0.230676, 0.231491, 0.180582
0.295090, 0.650067, 0.216437, 0.490932
0.295165, 0.636073, 0.217414, 0.481247
0.295360, 0.426176, 0.225659, 0.328095
0.295432, 0.558867, 0.220892, 0.425655
0.295522, 0.835273, -0.534933, -0.120222
0.295586, 0.282726, 0.230581, 0.220409
0.295646, 0.787026, -0.533280, -0.155200
0.295723, 0.075280, 0.236062, 0.059644
0.295779, 0.294370, 0.230295, 0.229182
0.296187, 0.018750, 0.236873, 0.014871
0.296198, 0.868656, -0.535184, -0.095952
0.296206, 0.929725, -0.536216, -0.051404
0.296379, 0.918269, -0.536015, -0.059779
0.296551, 0.622309, 0.218978, 0.471244
0.296771, 0.112909, 0.235956, 0.089160
0.296780, 0.719490, -0.525364, -0.199163
0.296794, 0.362869, 0.228851, 0.280798
0.296991, 0.685073, 0.169114, 0.468761
0.297047, 0.963436, -0.536114, -0.026767
0.297123, 0.483242, 0.225012, 0.370284
0.297227, 0.459739, 0.225875, 0.352859
0.297422, 0.471715, 0.225581, 0.361666
0.297474, 0.219154, 0.233920, 0.171741
0.297491, 0.571427, 0.221881, 0.434641
0.297514, 1.000000, -0.535932, 0.000000
0.297778, 0.051223, 0.237818, 0.040593
0.297896, 0.374732, 0.229268, 0.289621
0.297906, 0.307453, 0.231573, 0.239107
0.297947, 0.517224, 0.224384, 0.395222
0.298034, 0.180999, 0.235322, 0.142222
0.298193, 0.530446, 0.224003, 0.404770
0.298233, 0.194339, 0.235274, 0.152635
0.298259, 0.762544, -0.530337, -0.172869
0.298309, 0.544016, 0.223530, 0.414599
0.298313, 0.167628, 0.235949, 0.131884
0.298354, 0.207057, 0.234934, 0.162397
0.298409, 0.741101, -0.528916, -0.187783
0.298446, 0.977311, -0.535120, -0.016615
0.299100, 0.448010, 0.227711, 0.344157
0.299111, 0.393874, 0.229573, 0.303922
0.299335, 0.154025, 0.237110, 0.121306
0.299349, 0.888692, -0.533381, -0.081418
0.299475, 0.126974, 0.237884, 0.100200
0.299603, 0.330993, 0.231997, 0.256722
0.299619, 0.318801, 0.232467, 0.247589
0.299661, 0.949742, -0.534083, -0.036808
0.299752, 0.856429, -0.532431, -0.104943
0.299771, 0.608681, 0.221933, 0.461330
0.299894, 0.707100, -0.688734, -0.376959
0.299975, 0.140223, 0.237810, 0.110475
0.300015, 0.774693, -0.529607, -0.164109
0.300275, 0.674027, 0.227562, 0.516053
0.300334, 0.583271, 0.223464, 0.443070
0.301015, 0.822739, -0.530592, -0.129465
0.301104, 0.415549, 0.230442, 0.320149
0.301221, 0.009071, 0.240519, 0.007185
0.301263, 0.596228, 0.223584, 0.452357
0.301413, 0.089266, 0.239752, 0.070468
0.301457, 0.029925, 0.240727, 0.023704
0.302256, 0.344069, 0.233626, 0.266535
0.302341, 0.504007, 0.228118, 0.385327
0.302361, 0.063534, 0.241060, 0.050254
0.303103, 0.436241, 0.231080, 0.335237
0.303420, 0.878006, -0.530357, -0.089306
0.303490, 0.250842, 0.237397, 0.195736
0.303518, 0.797100, -0.527861, -0.148104
0.303541, 0.662556, 0.223524, 0.501093
0.303687, 0.845012, -0.529355, -0.113354
0.303825, 0.900168, -0.530403, -0.073115
0.304001, 0.752135, -0.526211, -0.180843
0.304396, 0.237219, 0.238451, 0.185266
0.304536, 0.492390, 0.230229, 0.376793
0.304536, 0.263855, 0.237960, 0.205781
0.304586, 0.989065, -0.531013, -0.008024
0.304945, 0.104046, 0.242510, 0.082126
0.305053, 0.383212, 0.234487, 0.295859
0.305374, 0.355557, 0.235504, 0.274953
0.305449, 0.729806, -0.523447, -0.196132
0.305535, 0.641644, 0.226098, 0.486015
0.305638, 0.809665, -0.526857, -0.139085
0.305846, 0.694457, -0.240428, 0.055813
0.306061, 0.403722, 0.234432, 0.310981
0.306127, 0.041369, 0.244196, 0.032731
0.306133, 0.629396, 0.225512, 0.475713
0.306327, 0.937500, -0.529038, -0.045825
0.306339, 0.552277, 0.229148, 0.420342
0.306352, 0.276240, 0.238981, 0.215176
0.306541, 0.300014, 0.238235, 0.233088
0.307009, 0.075593, 0.244398, 0.059695
0.307191, 0.652378, 0.227506, 0.494293
0.307437, 0.616236, 0.227159, 0.466351
0.307571, 0.564873, 0.229543, 0.429450
0.307780, 0.957456, -0.528067, -0.031202
0.307795, 0.785496, -0.524513, -0.156687
0.307842, 0.925178, -0.527884, -0.054872
0.307964, 0.118306, 0.244349, 0.093196
0.308158, 0.288355, 0.239796, 0.224163
0.308197, 0.538151, 0.231099, 0.410006
0.308222, 0.833158, -0.525864, -0.122119
0.308322, 0.479491, 0.233447, 0.367031
0.308325, 0.911913, -0.527428, -0.064600
0.308382, 0.000000, 0.246114, 0.000000
0.308429, 0.225861, 0.242001, 0.176558
0.308437, 0.716743, -0.532458, -0.217730
0.308570, 0.866360, -0.526368, -0.097906
0.308604, 0.175119, 0.243509, 0.137417
0.308641, 0.425675, 0.235748, 0.327414
0.308777, 0.369786, 0.237700, 0.285631
0.308778, 0.467146, 0.234256, 0.357940
0.308831, 0.525043, 0.232098, 0.400436
0.308843, 0.188461, 0.243305, 0.147710
0.308986, 0.969151, -0.527650, -0.022646
0.309070, 0.161331, 0.244265, 0.126741
0.309221, 0.019762, 0.246726, 0.015629
0.309410, 0.201689, 0.243526, 0.157997
0.309829, 0.764021, -0.522154, -0.172240
0.309869, 0.147060, 0.245109, 0.115575
0.310069, 0.214459, 0.243658, 0.167806
0.310101, 0.455889, 0.235664, 0.349599
0.310138, 0.684003, 0.342728, 0.628683
0.310318, 0.336156, 0.239911, 0.260241
0.310492, 0.053106, 0.247321, 0.041950
0.310511, 0.513014, 0.233826, 0.391597
0.310674, 0.576415, 0.231337, 0.437693
0.310806, 0.324038, 0.240729, 0.251147
0.311093, 0.132690, 0.246395, 0.104367
0.311301, 0.889012, -0.524831, -0.081399
0.311340, 0.704159, -0.497836, -0.194711
0.311401, 0.742562, -0.520095, -0.187573
0.311485, 0.312031, 0.241693, 0.242122
0.311520, 0.445371, 0.237049, 0.341685
0.311701, 0.589414, 0.231520, 0.447028
0.311800, 1.000000, -0.525741, 0.000000
0.312197, 0.602678, 0.231199, 0.456353
0.312311, 0.085725, 0.248124, 0.067554
0.312554, 0.854949, -0.523217, -0.106318
0.312788, 0.672506, 0.236962, 0.515210
0.312876, 0.392433, 0.240100, 0.302528
0.313081, 0.979954, -0.524705, -0.014728
0.313128, 0.821146, -0.521934, -0.130984
0.313367, 0.946117, -0.524177, -0.039578
0.313411, 0.243997, 0.245081, 0.190192
0.313662, 0.414199, 0.239769, 0.318504
0.313779, 0.775323, -0.519979, -0.164271
0.313875, 0.097125, 0.249058, 0.076451
0.314065, 0.798307, -0.520355, -0.147570
0.314287, 0.500417, 0.237150, 0.382286
0.314537, 0.031108, 0.250534, 0.024564
0.314719, 0.256296, 0.245734, 0.199563
0.314871, 0.064938, 0.250392, 0.051204
0.315342, 0.359521, 0.242924, 0.277632
0.315757, 0.009950, 0.251459, 0.007853
0.315814, 0.346788, 0.243792, 0.268149
0.316004, 0.877027, -0.521349, -0.090273
0.316300, 0.900481, -0.521546, -0.073094
0.316350, 0.843427, -0.520269, -0.114832
0.316452, 0.661223, 0.236753, 0.502795
0.316538, 0.268175, 0.246849, 0.208648
0.316654, 0.487753, 0.239331, 0.372786
0.316693, 0.637747, 0.227270, 0.475736
0.316736, 0.435883, 0.241437, 0.334679
0.316905, 0.624826, 0.234160, 0.472605
0.316997, 0.380442, 0.243476, 0.293262
0.317285, 0.109482, 0.251705, 0.086163
0.317292, 0.546051, 0.237450, 0.415330
0.317412, 0.300669, 0.246528, 0.233324
0.317434, 0.753384, -0.516610, -0.180357
0.317602, 0.733876, -0.515702, -0.194535
0.317681, 0.558719, 0.237209, 0.424525
0.317924, 0.722216, -0.520149, -0.208316
0.317936, 0.810076, -0.518204, -0.139193
0.317969, 0.233472, 0.248906, 0.182052
0.318349, 0.921382, -0.520170, -0.057774
0.318382, 0.612943, 0.235242, 0.463483
0.318404, 0.402638, 0.243854, 0.309890
0.318493, 0.648836, 0.222014, 0.477586
0.318972, 0.042697, 0.253794, 0.033676
0.318987, 0.169484, 0.251537, 0.132815
0.319005, 0.958145, -0.519927, -0.030766
0.319008, 0.279605, 0.248401, 0.217295
0.319165, 0.533215, 0.239380, 0.405945
0.319297, 0.474198, 0.241808, 0.362711
0.319408, 0.990222, -0.520194, -0.007195
0.319468, 0.182614, 0.251532, 0.142943
0.319513, 0.933671, -0.519743, -0.048785
0.319556, 0.694498, -0.711633, -0.422710
0.319579, 0.155838, 0.252245, 0.122183
0.319620, 0.121649, 0.252907, 0.095520
0.319860, 0.195776, 0.251433, 0.153063
0.319917, 0.787394, -0.515919, -0.155722
0.320304, 0.076270, 0.254417, 0.060064
0.320420, 0.709205, -0.475853, -0.175459
0.320625, 0.290124, 0.249269, 0.225204
0.320750, 0.209192, 0.251918, 0.163480
0.320826, 0.333455, 0.248005, 0.257942
0.320851, 0.831786, -0.516776, -0.123457
0.320852, 0.521182, 0.241148, 0.397153
0.320924, 0.142911, 0.253454, 0.112059
0.320987, 0.461392, 0.243615, 0.353306
0.321100, 0.865353, -0.517373, -0.098912
0.321245, 0.424958, 0.245078, 0.326238
0.321416, 0.569412, 0.239504, 0.432151
0.321974, 0.368963, 0.247684, 0.284583
0.322131, 0.969762, -0.518157, -0.022260
0.322156, 0.582082, 0.239472, 0.441255
0.322174, 0.222524, 0.252539, 0.173630
0.322279, 0.320945, 0.249502, 0.248452
0.322294, 0.765672, -0.513426, -0.171548
0.322300, 0.682139, -0.269929, 0.004652
0.322457, 0.910683, -0.517288, -0.065704
0.322620, 0.000000, 0.256808, 0.000000
0.322627, 0.020842, 0.256798, 0.016433
0.322891, 0.509032, 0.243166, 0.388223
0.322902, 0.594930, 0.239416, 0.450469
0.323050, 0.887924, -0.516444, -0.082412
0.323150, 0.054501, 0.256795, 0.042925
0.323211, 0.448693, 0.245844, 0.343982
0.324051, 0.246988, 0.253140, 0.192243
0.324124, 0.088699, 0.256985, 0.069721
0.324155, 0.132524, 0.256186, 0.103945
0.325132, 0.853673, -0.514170, -0.107542
0.325261, 0.946083, -0.515733, -0.039712
0.325267, 0.309474, 0.252174, 0.239731
0.325455, 0.669935, 0.263157, 0.526145
0.325745, 0.799327, -0.512082, -0.147216
0.325882, 0.496157, 0.245839, 0.378577
0.325899, 0.355375, 0.251082, 0.274236
0.325958, 0.390625, 0.249727, 0.300397
0.326078, 0.413826, 0.249227, 0.317961
0.326083, 0.743440, -0.509523, -0.187403
0.326162, 0.820894, -0.512515, -0.131522
0.326417, 0.259799, 0.254506, 0.201914
0.326493, 0.606156, 0.241411, 0.458222
0.326505, 0.631734, 0.246993, 0.483271
0.326597, 0.100976, 0.258562, 0.079259
0.326671, 1.000000, -0.514908, 0.000000
0.326821, 0.777891, -0.510720, -0.162875
0.327515, 0.980432, -0.514285, -0.014421
0.327539, 0.032226, 0.260271, 0.025369
0.327665, 0.066453, 0.259922, 0.052240
0.327751, 0.553616, 0.244738, 0.420246
0.328042, 0.343196, 0.253089, 0.264997
0.328045, 0.483121, 0.247960, 0.368929
0.328105, 0.657080, 0.177574, 0.432358
0.328499, 0.436437, 0.250106, 0.334519
0.328639, 0.729714, -0.510035, -0.200486
0.328653, 0.876061, -0.512227, -0.091226
0.328822, 0.841753, -0.511287, -0.116368
0.328873, 0.898314, -0.512476, -0.074883
0.328954, 0.272165, 0.256096, 0.211296
0.329068, 0.619769, 0.241778, 0.466904
0.329117, 0.541415, 0.246317, 0.411415
0.329121, 0.236220, 0.257327, 0.183883
0.329322, 0.163693, 0.259370, 0.128033
0.329356, 0.716501, -0.491155, -0.192049
0.329394, 0.378337, 0.252979, 0.291391
0.329557, 0.402360, 0.252074, 0.309096
0.329681, 0.644046, 0.283679, 0.526876
0.329710, 0.010591, 0.261965, 0.008333
0.329917, 0.702221, -0.553114, -0.265565
0.330029, 0.756049, -0.507719, -0.178909
0.330128, 0.922605, -0.511683, -0.057014
0.330191, 0.176433, 0.259805, 0.137912
0.330287, 0.810664, -0.509301, -0.139118
0.330331, 0.297459, 0.256422, 0.230512
0.330442, 0.113058, 0.261539, 0.088722
0.330618, 0.189237, 0.259769, 0.147768
0.330714, 0.958656, -0.511616, -0.030472
0.330756, 0.470315, 0.250562, 0.359535
0.330919, 0.150190, 0.260710, 0.117448
0.330972, 0.202024, 0.259613, 0.157556
0.331181, 0.529833, 0.248408, 0.403035
0.331632, 0.043998, 0.263260, 0.034601
0.332008, 0.330710, 0.256551, 0.255532
0.332245, 0.935153, -0.510710, -0.047836
0.332266, 0.215119, 0.260403, 0.167689
0.332381, 0.284625, 0.258281, 0.220643
0.332394, 0.690069, -0.421472, -0.145407
0.332674, 0.790143, -0.506877, -0.154147
0.332677, 0.079011, 0.263729, 0.062066
0.332696, 0.517509, 0.250028, 0.393958
0.332739, 0.124266, 0.262672, 0.097288
0.332747, 0.563257, 0.248056, 0.427163
0.332895, 0.457933, 0.252652, 0.350355
0.333061, 0.575485, 0.247711, 0.435954
0.333383, 0.364852, 0.256381, 0.281079
0.333447, 0.424230, 0.254336, 0.325389
0.333645, 0.864521, -0.508363, -0.099791
0.333677, 0.587880, 0.247553, 0.444799
0.334062, 0.829605, -0.507217, -0.125398
0.334311, 0.990254, -0.509391, -0.007193
0.334533, 0.908669, -0.508642, -0.067360
0.334646, 0.318660, 0.258941, 0.246357
0.334688, 0.504896, 0.251992, 0.384604
0.334690, 0.768721, -0.504728, -0.169807
0.334739, 0.678240, -0.687761, -0.422477
0.334922, 0.249618, 0.261338, 0.193978
0.334993, 0.138638, 0.264275, 0.108504
0.335515, 0.227383, 0.262401, 0.176929
0.335570, 0.886591, -0.507451, -0.083618
0.335592, 0.056436, 0.266083, 0.044325
0.335631, 0.970114, -0.508450, -0.022065
0.335810, 0.091513, 0.265661, 0.071738
0.336090, 0.021788, 0.266873, 0.017127
0.336185, 0.599377, 0.248841, 0.452944
0.336220, 0.446448, 0.255478, 0.341618
0.336431, 0.000000, 0.267171, 0.000000
0.336922, 0.632884, 0.238350, 0.467320
0.337219, 0.491799, 0.254406, 0.374919
0.337353, 0.665524, -0.084729, 0.165871
0.337363, 0.852869, -0.505348, -0.108410
0.337442, 0.947840, -0.506911, -0.038512
0.337504, 0.352076, 0.259855, 0.271296
0.337907, 0.736722, -0.502537, -0.194570
0.338143, 0.261875, 0.263307, 0.203154
0.338282, 0.611458, 0.249945, 0.461646
0.338288, 0.802719, -0.503228, -0.145142
0.338295, 0.307039, 0.262132, 0.237514
0.338462, 0.411784, 0.258388, 0.315774
0.338587, 0.386300, 0.259586, 0.297002
0.338934, 0.397847, 0.259302, 0.305447
0.339070, 0.549536, 0.253223, 0.416800
0.339134, 0.748197, -0.500598, -0.184626
0.339249, 0.104047, 0.268024, 0.081456
0.339335, 0.723144, -0.494508, -0.197905
0.339473, 0.652705, 0.528914, 0.769805
0.339660, 0.709764, -0.512068, -0.226027
0.339682, 0.781015, -0.501556, -0.161031
0.339811, 0.068853, 0.268940, 0.053974
0.339874, 0.159041, 0.267227, 0.124098
0.339911, 0.479264, 0.257008, 0.365761
0.340221, 0.817180, -0.502306, -0.134630
0.340318, 0.033363, 0.269851, 0.026190
0.340515, 0.340502, 0.262622, 0.262613
0.340582, 0.840991, -0.502781, -0.117210
0.340732, 0.273840, 0.264871, 0.212161
0.340771, 0.623360, 0.251048, 0.469936
0.340849, 0.373724, 0.261653, 0.287435
0.340924, 0.435184, 0.259481, 0.333195
0.341185, 0.170643, 0.268186, 0.133149
0.341462, 0.240051, 0.266583, 0.186492
0.341481, 1.000000, -0.504210, 0.000000
0.341634, 0.182873, 0.268265, 0.142598
0.341657, 0.875213, -0.502838, -0.092097
0.341664, 0.916703, -0.503350, -0.061509
0.341861, 0.897077, -0.503046, -0.075994
0.342019, 0.538683, 0.256003, 0.409024
0.342059, 0.980272, -0.503753, -0.014582
0.342118, 0.195137, 0.268283, 0.152015
0.342202, 0.295266, 0.265341, 0.228390
0.342280, 0.207387, 0.267919, 0.161334
0.342371, 0.697419, -0.470635, -0.196231
0.342480, 0.526508, 0.256811, 0.400036
0.342597, 0.466670, 0.259479, 0.356354
0.342779, 0.760364, -0.498665, -0.176225
0.342793, 0.128356, 0.270184, 0.100291
0.343008, 0.642014, 0.231643, 0.462585
0.343095, 0.927463, -0.502436, -0.053587
0.343263, 0.011237, 0.272181, 0.008820
0.343451, 0.959673, -0.502519, -0.029805
0.343610, 0.327969, 0.265344, 0.253048
0.343641, 0.046546, 0.272176, 0.036503
0.344149, 0.513585, 0.258589, 0.390526
0.344172, 0.148910, 0.270907, 0.116258
0.344428, 0.116165, 0.271891, 0.090864
0.344434, 0.569634, 0.256299, 0.431228
0.344501, 0.558210, 0.256814, 0.422856
0.344651, 0.581848, 0.255872, 0.440021
0.344748, 0.220002, 0.269600, 0.171043
0.345143, 0.081365, 0.273061, 0.063748
0.345191, 0.285200, 0.267876, 0.220644
0.345212, 0.793255, -0.498001, -0.152284
0.345236, 0.424165, 0.262990, 0.324715
0.345247, 0.938488, -0.501238, -0.045490
0.345547, 0.360910, 0.265503, 0.277549
0.345573, 0.685222, -0.551278, -0.288571
0.345751, 0.454887, 0.262245, 0.347481
0.345936, 0.828732, -0.498641, -0.126347
0.346068, 0.500533, 0.260567, 0.380922
0.346253, 0.863859, -0.499277, -0.100542
0.346433, 0.593838, 0.256564, 0.448517
0.346494, 0.673453, -0.352562, -0.099875
0.347037, 0.252170, 0.270446, 0.195600
0.347184, 0.315440, 0.268526, 0.243550
0.347331, 0.093217, 0.274198, 0.072880
0.347466, 0.772589, -0.495729, -0.167452
0.348008, 0.058824, 0.275335, 0.046074
0.348463, 0.885872, -0.498201, -0.084381
0.348536, 0.138203, 0.274351, 0.107847
0.348597, 0.906312, -0.498310, -0.069279
0.348626, 0.605922, 0.257336, 0.456857
0.348780, 0.659661, -0.781598, -0.542137
0.348812, 0.730157, -0.491366, -0.196552
0.348972, 0.232129, 0.272367, 0.180155
0.349030, 0.990131, -0.498747, -0.007306
0.349088, 0.806679, -0.495709, -0.142598
0.349155, 0.488151, 0.263491, 0.371911
0.349398, 0.852350, -0.496620, -0.109054
0.349472, 0.403495, 0.266939, 0.309217
0.349607, 0.022863, 0.276764, 0.017904
0.349726, 0.443705, 0.265679, 0.339122
0.349797, 0.970025, -0.498174, -0.022193
0.349860, 0.000000, 0.277180, 0.000000
0.350067, 0.716788, -0.495232, -0.211691
0.350175, 0.414535, 0.267027, 0.317369
0.350187, 0.264388, 0.272360, 0.204745
0.350330, 0.350235, 0.269699, 0.269627
0.350418, 0.391781, 0.268214, 0.300623
0.350467, 0.618583, 0.256831, 0.464607
0.350583, 0.741565, -0.492672, -0.190618
0.350601, 0.632439, 0.250606, 0.469016
0.350638, 0.949762, -0.497333, -0.037190
0.350846, 0.380541, 0.268855, 0.292120
0.351334, 0.303116, 0.271902, 0.233986
0.351453, 0.161732, 0.275952, 0.125957
0.351580, 0.037162, 0.278087, 0.029089
0.351600, 0.105624, 0.277190, 0.082468
0.351723, 0.475332, 0.265849, 0.362292
0.351820, 0.070995, 0.277836, 0.055500
0.351845, 0.840411, -0.494607, -0.117900
0.351893, 0.752746, -0.491753, -0.181966
0.352080, 0.705447, -0.482591, -0.209362
0.352216, 0.337954, 0.271462, 0.260260
0.352456, 0.175179, 0.276526, 0.136372
0.352639, 0.368829, 0.270560, 0.283248
0.352799, 0.784342, -0.492216, -0.159029
0.352937, 0.647261, -0.084405, 0.140515
0.352979, 0.547966, 0.263599, 0.415249
0.353035, 0.277002, 0.273969, 0.214132
0.353198, 0.817931, -0.493140, -0.134476
0.353231, 0.522666, 0.264864, 0.396735
0.353271, 0.187725, 0.276844, 0.146022
0.353351, 0.535328, 0.264412, 0.405988
0.353720, 0.211637, 0.276306, 0.164227
0.353821, 0.199843, 0.276933, 0.155313
0.353873, 0.917692, -0.494501, -0.060926
0.354274, 0.432662, 0.269384, 0.330644
0.354614, 0.126103, 0.279307, 0.098390
0.354767, 0.692901, -0.501750, -0.240094
0.354905, 0.874333, -0.493272, -0.092998
0.355009, 0.325388, 0.274041, 0.250758
0.355150, 0.463168, 0.268886, 0.353201
0.355197, 0.508987, 0.266905, 0.386665
0.355306, 0.243193, 0.276936, 0.188501
0.355388, 0.574396, 0.264041, 0.434107
0.355563, 0.560886, 0.264768, 0.424314
0.355666, 0.764674, -0.489502, -0.173511
0.355869, 0.896060, -0.492965, -0.076971
0.355996, 0.929157, -0.493106, -0.052473
0.356137, 1.000000, -0.493618, 0.000000
0.356187, 0.291553, 0.276092, 0.225229
0.356333, 0.049243, 0.281618, 0.038511
0.356393, 0.011137, 0.281929, 0.008712
0.356451, 0.148832, 0.280046, 0.115899
0.356557, 0.980080, -0.493255, -0.014767
0.356622, 0.587179, 0.263929, 0.442861
0.356741, 0.669302, -0.526387, -0.284612
0.357196, 0.224540, 0.278747, 0.174119
0.357263, 0.797132, -0.489520, -0.149839
0.357434, 0.959591, -0.492417, -0.029950
0.357999, 0.939656, -0.491878, -0.044731
0.358225, 0.082994, 0.282690, 0.064818
0.358247, 0.094478, 0.282418, 0.073723
0.358297, 0.828876, -0.489692, -0.126550
0.358318, 0.497237, 0.269858, 0.378159
0.358800, 0.115172, 0.282558, 0.089808
0.358867, 0.680463, -0.463253, -0.214444
0.358928, 0.599043, 0.265093, 0.451343
0.358934, 0.863142, -0.490086, -0.101327
0.359075, 0.451591, 0.272295, 0.344552
0.359213, 0.422165, 0.273524, 0.322745
0.359249, 0.724203, -0.486133, -0.203866
0.359394, 0.312947, 0.277536, 0.241057
0.359624, 0.254841, 0.279837, 0.197256
0.359815, 0.029891, 0.284355, 0.023361
0.360149, 0.359661, 0.276667, 0.276283
0.360285, 0.611786, 0.271237, 0.466239
0.360572, 0.484020, 0.271975, 0.368221
0.360704, 0.137502, 0.283442, 0.107042
0.360735, 0.060833, 0.284755, 0.047507
0.360944, 0.775595, -0.486190, -0.165733
0.360984, 0.624787, 0.243549, 0.447953
0.361113, 0.658164, -0.448769, -0.218665
0.361151, 0.851374, -0.488073, -0.110025
0.361289, 0.884524, -0.488902, -0.085595
0.361374, 0.409679, 0.275633, 0.313420
0.361378, 0.397853, 0.276151, 0.304710
0.361439, 0.637487, 0.365582, 0.576962
0.361599, 0.907821, -0.488979, -0.068350
0.361659, 0.735210, -0.483793, -0.194835
0.361773, 0.267655, 0.280995, 0.206890
0.361867, 0.347147, 0.278412, 0.266859
0.362144, 0.808971, -0.486368, -0.141295
0.362145, 0.385658, 0.277113, 0.295522
0.362731, 0.373402, 0.278054, 0.286414
0.362854, 0.158202, 0.284645, 0.123001
0.362859, 0.169914, 0.284318, 0.132003
0.363156, 0.839906, -0.486338, -0.118522
0.363326, 0.280977, 0.281571, 0.216818
0.363331, 0.000000, 0.287115, 0.000000
0.363358, 0.517341, 0.272525, 0.392383
0.363413, 0.440480, 0.275857, 0.336049
0.363413, 0.702536, -0.483336, -0.220854
0.363480, 0.235070, 0.283281, 0.182050
0.363526, 0.746544, -0.483194, -0.187099
0.363556, 0.714030, -0.480734, -0.209684
0.363611, 0.990002, -0.488188, -0.007423
0.363632, 0.072187, 0.286668, 0.056298
0.363786, 0.334587, 0.280283, 0.257355
0.364007, 0.969792, -0.487871, -0.022429
0.364065, 0.471648, 0.275120, 0.359050
0.364313, 0.757100, -0.482978, -0.179311
0.364457, 0.182001, 0.285421, 0.141358
0.364471, 0.529728, 0.272816, 0.401403
0.364472, 0.019974, 0.287846, 0.015595
0.364516, 0.948388, -0.487253, -0.038311
0.364524, 0.302942, 0.281961, 0.233549
0.364616, 0.215459, 0.284427, 0.166883
0.364666, 0.541911, 0.272387, 0.410229
0.364948, 0.103482, 0.287249, 0.080602
0.365018, 0.041306, 0.288144, 0.032247
0.365299, 0.567434, 0.271223, 0.428203
0.365303, 0.787977, -0.483353, -0.156774
0.365433, 0.193422, 0.285778, 0.150065
0.365646, 0.648360, -0.692089, -0.473690
0.365921, 0.204508, 0.285872, 0.158560
0.365955, 0.921515, -0.485943, -0.058257
0.365970, 0.553858, 0.272784, 0.418795
0.366445, 0.581018, 0.273341, 0.439895
0.366484, 0.321980, 0.282539, 0.247615
0.366799, 0.820337, -0.483350, -0.133066
0.366806, 0.689845, -0.476433, -0.226404
0.367462, 0.125174, 0.288731, 0.097363
0.368079, 0.459645, 0.278620, 0.350096
0.368180, 0.506441, 0.276603, 0.384292
0.368232, 0.429728, 0.279954, 0.328015
0.368261, 0.668805, -0.481803, -0.249141
0.368707, 0.896786, -0.483780, -0.076645
0.368717, 0.872060, -0.483309, -0.094949
0.369082, 0.492857, 0.277824, 0.374264
0.369325, 0.292449, 0.285754, 0.225347
0.369515, 0.246089, 0.287419, 0.190225
0.369580, 0.934363, -0.483376, -0.048758
0.369678, 0.592540, 0.276946, 0.449862
0.369783, 0.090841, 0.291304, 0.070790
0.369797, 0.766658, -0.479345, -0.172517
0.369858, 0.053087, 0.291774, 0.041413
0.370246, 0.605301, 0.278389, 0.460576
0.370311, 0.148988, 0.290396, 0.115720
0.370335, 0.800072, -0.480195, -0.148077
0.370643, 1.000000, -0.483112, 0.000000
0.370811, 0.010204, 0.292637, 0.007959
0.370876, 0.224804, 0.288926, 0.173888
0.370891, 0.958767, -0.482686, -0.030644
0.370967, 0.979825, -0.482805, -0.014999
0.371142, 0.417449, 0.282615, 0.318818
0.371173, 0.858943, -0.481132, -0.104678
0.371259, 0.726237, -0.477002, -0.202307
0.371278, 0.258945, 0.288373, 0.199964
0.371468, 0.832073, -0.480197, -0.124514
0.371470, 0.137019, 0.291549, 0.106472
0.371593, 0.618088, 0.472423, 0.662675
0.371864, 0.112227, 0.292224, 0.087256
0.371999, 0.354724, 0.285705, 0.272158
0.372022, 0.631003, -0.034465, 0.163877
0.372107, 0.366717, 0.285298, 0.281072
0.372263, 0.884566, -0.480817, -0.085730
0.372368, 0.079121, 0.293314, 0.061629
0.372447, 0.030894, 0.293868, 0.024089
0.372561, 0.404736, 0.284201, 0.309376
0.372645, 0.448086, 0.282393, 0.341285
0.372674, 0.480477, 0.281079, 0.365133
0.372777, 0.679342, -0.473552, -0.236096
0.372857, 0.910937, -0.480839, -0.066187
0.372881, 0.392398, 0.284871, 0.300140
0.373028, 0.271444, 0.289235, 0.209352
0.373194, 0.845912, -0.479211, -0.114319
0.373295, 0.342034, 0.287112, 0.262588
0.373345, 0.778482, -0.477396, -0.164045
0.373391, 0.379822, 0.285804, 0.290840
0.373516, 0.740088, -0.475911, -0.192089
0.373670, 0.162755, 0.292749, 0.126317
0.373785, 0.313376, 0.288464, 0.241034
0.373915, 0.519823, 0.280171, 0.393739
0.373990, 0.065503, 0.294452, 0.050991
0.374061, 0.699942, -0.473522, -0.221236
0.374576, 0.657330, -0.484970, -0.265684
0.374649, 0.175749, 0.292946, 0.136189
0.374841, 0.642803, -0.560710, -0.354539
0.375027, 0.712093, -0.473512, -0.212549
0.375055, 0.328642, 0.288836, 0.252425
0.375220, 0.282646, 0.290452, 0.217715
0.375550, 0.811971, -0.476793, -0.139469
0.375610, 0.575890, 0.275526, 0.430987
0.375963, 0.754063, -0.474485, -0.181987
0.376026, 0.532331, 0.281089, 0.402662
0.376194, 0.564315, 0.280486, 0.426592
0.376215, 0.946115, -0.478869, -0.040101
0.376548, 0.212966, 0.293653, 0.164775
0.376586, 0.468257, 0.284521, 0.356037
0.376732, 0.543136, 0.281089, 0.410453
0.376855, 0.234083, 0.293176, 0.180814
0.376914, 0.188749, 0.294672, 0.146276
0.377209, 0.000000, 0.297524, 0.000000
0.377409, 0.437240, 0.286479, 0.333217
0.377538, 0.301549, 0.291601, 0.231947
0.377734, 0.042378, 0.297621, 0.032998
0.377806, 0.200410, 0.294951, 0.155145
0.377911, 0.100656, 0.297132, 0.078261
0.377948, 0.969195, -0.477773, -0.022935
0.377994, 0.790693, -0.474273, -0.155171
0.378063, 0.989793, -0.477709, -0.007599
0.378085, 0.923105, -0.477243, -0.057221
0.378218, 0.553890, 0.281128, 0.417651
0.378353, 0.500452, 0.284276, 0.379362
0.378522, 0.020931, 0.298359, 0.016297
0.379097, 0.120034, 0.297555, 0.093191
0.379914, 0.901423, -0.475572, -0.073347
0.379929, 0.823985, -0.473947, -0.130717
0.380076, 0.689290, -0.468813, -0.229311
0.380482, 0.586432, 0.269967, 0.429807
0.380697, 0.425215, 0.289405, 0.324192
0.380736, 0.668941, -0.467633, -0.244335
0.380814, 0.599670, 0.314868, 0.484647
0.380959, 0.130991, 0.298808, 0.101645
0.381090, 0.456195, 0.288281, 0.346875
0.381195, 0.864710, -0.474033, -0.100618
0.381199, 0.511361, 0.285934, 0.387285
0.381341, 0.767414, -0.471173, -0.172401
0.381426, 0.489272, 0.287075, 0.371103
0.381489, 0.876888, -0.474142, -0.091607
0.381622, 0.253960, 0.296265, 0.195853
0.381762, 0.721644, -0.468968, -0.205845
0.382041, 0.611303, 0.203038, 0.378663
0.382131, 0.087741, 0.300570, 0.068216
0.382275, 0.143567, 0.299569, 0.111338
0.382278, 0.890485, -0.473616, -0.081495
0.382294, 0.053637, 0.300975, 0.041726
0.382330, 0.242650, 0.297093, 0.187217
0.382484, 0.837354, -0.472409, -0.120888
0.382555, 0.412368, 0.291320, 0.314631
0.382590, 0.155388, 0.299428, 0.120388
0.382629, 0.624511, -0.728088, -0.541981
0.382742, 0.934796, -0.473993, -0.048575
0.382849, 0.851527, -0.472422, -0.110393
0.383260, 0.733166, -0.468613, -0.197620
0.383324, 0.803025, -0.470891, -0.146278
0.383362, 0.266160, 0.297210, 0.205071
0.383387, 0.361684, 0.293940, 0.276936
0.383433, 0.349415, 0.294416, 0.267751
0.383601, 0.957717, -0.473515, -0.031508
0.383655, 0.373920, 0.293625, 0.286000
0.383658, 0.399479, 0.292624, 0.304993
0.383784, 0.290634, 0.296741, 0.223577
0.383815, 0.222929, 0.298840, 0.172196
0.383955, 0.322146, 0.295704, 0.247228
0.383968, 0.336447, 0.295289, 0.258027
0.384039, 0.386810, 0.293466, 0.295635
0.384436, 0.075845, 0.302296, 0.058937
0.384513, 0.649274, -0.494474, -0.289704
0.384624, 0.010853, 0.302935, 0.008442
0.384670, 0.168622, 0.300874, 0.130595
0.384780, 0.635640, -0.374300, -0.179525
0.384868, 0.745507, -0.467994, -0.188626
0.384872, 0.702262, -0.465941, -0.220108
0.384952, 1.000000, -0.472734, 0.000000
0.384962, 0.477325, 0.290264, 0.362277
0.385059, 0.780123, -0.469028, -0.163228
0.385190, 0.979239, -0.472483, -0.015478
0.385452, 0.032601, 0.303608, 0.025359
0.385478, 0.524433, 0.288457, 0.396626
0.385531, 0.064200, 0.303117, 0.049872
0.385870, 0.278015, 0.298726, 0.213982
0.385879, 0.911838, -0.471402, -0.065684
0.385942, 0.181881, 0.301183, 0.140598
0.386240, 0.109962, 0.302886, 0.085252
0.386510, 0.310267, 0.297937, 0.238152
0.386650, 0.444876, 0.293055, 0.338523
0.386682, 0.573955, 0.293922, 0.439343
0.386753, 0.679040, -0.463745, -0.237198
0.387548, 0.208998, 0.302007, 0.161456
0.387890, 0.659678, -0.461392, -0.250685
0.388382, 0.758010, -0.465771, -0.179554
0.388503, 0.562274, 0.286482, 0.421485
0.388598, 0.815733, -0.467494, -0.137055
0.388667, 0.946399, -0.469772, -0.039982
0.388904, 0.548445, 0.292245, 0.416219
0.389042, 0.465163, 0.293692, 0.353036
0.389079, 0.536326, 0.290125, 0.404668
0.389137, 0.712951, -0.463476, -0.212564
0.389641, 0.195748, 0.304055, 0.151338
0.389913, 0.096038, 0.306236, 0.074530
0.390057, 0.500505, 0.292866, 0.378867
0.390129, 0.792935, -0.465569, -0.153886
0.390264, 0.433062, 0.296158, 0.329581
0.390316, 0.594654, 0.222024, 0.380605
0.390564, 0.000000, 0.307533, 0.000000
0.390681, 0.923763, -0.468088, -0.056871
0.390871, 0.299222, 0.301728, 0.229806
0.390928, 0.044581, 0.307447, 0.034623
0.390940, 0.122593, 0.306420, 0.094989
0.391166, 0.232873, 0.303995, 0.179529
0.391745, 0.968278, -0.467778, -0.023683
0.391795, 0.828675, -0.465512, -0.127554
0.391814, 0.692144, -0.460575, -0.227808
0.392067, 0.618582, -0.449653, -0.274640
0.392072, 0.022564, 0.308461, 0.017524
0.392229, 0.420042, 0.298176, 0.319910
0.392252, 0.989310, -0.467412, -0.007981
0.392319, 0.884482, -0.466398, -0.086148
0.392443, 0.870720, -0.465999, -0.096375
0.392452, 0.513783, 0.293871, 0.388284
0.392492, 0.899212, -0.466411, -0.075174
0.392533, 0.135448, 0.307364, 0.104868
0.392632, 0.843076, -0.465220, -0.116891
0.392699, 0.857324, -0.465461, -0.106314
0.392757, 0.488062, 0.295483, 0.369748
0.392966, 0.246942, 0.304975, 0.190201
0.393497, 0.259911, 0.304896, 0.199965
0.393686, 0.583532, 0.311364, 0.458697
0.393726, 0.330823, 0.302640, 0.253355
0.393735, 0.406925, 0.299810, 0.310116
0.393745, 0.148184, 0.308068, 0.114673
0.393851, 0.770507, -0.462244, -0.170547
0.393917, 0.725027, -0.460356, -0.203863
0.394098, 0.606515, -0.085948, 0.076542
0.394120, 0.643188, -0.434617, -0.241374
0.394297, 0.453733, 0.298299, 0.344688
0.394309, 0.160627, 0.308056, 0.124161
0.394363, 0.343809, 0.302784, 0.263173
0.394571, 0.356225, 0.302469, 0.272434
0.394649, 0.393927, 0.301060, 0.300496
0.394736, 0.368565, 0.302133, 0.281642
0.394776, 0.381064, 0.301620, 0.290888
0.394874, 0.668738, -0.457015, -0.244669
0.394970, 0.218736, 0.307341, 0.168714
0.395238, 0.083563, 0.310223, 0.064785
0.395342, 0.736747, -0.460016, -0.195437
0.395480, 0.806342, -0.462159, -0.144165
0.395699, 0.173550, 0.308968, 0.134112
0.395845, 0.934903, -0.464443, -0.048615
0.395868, 0.272331, 0.306426, 0.209394
0.395873, 0.056733, 0.311222, 0.044039
0.396082, 0.069442, 0.310895, 0.053824
0.396116, 0.318535, 0.304742, 0.243973
0.396247, 0.285562, 0.306109, 0.219257
0.396297, 0.630278, -0.487899, -0.306596
0.396587, 0.186547, 0.309032, 0.143920
0.396622, 0.748578, -0.459578, -0.186803
0.396706, 0.475497, 0.298777, 0.360151
0.396810, 0.957296, -0.463842, -0.031898
0.396820, 0.782038, -0.460546, -0.162174
0.397075, 0.105150, 0.311300, 0.081433
0.397507, 0.011981, 0.312573, 0.009299
0.397534, 0.703668, -0.456989, -0.219676
0.397571, 0.524692, 0.296928, 0.395799
0.397654, 0.913035, -0.462916, -0.064951
0.398150, 0.557135, 0.305369, 0.428835
0.398353, 0.682602, -0.455567, -0.235140
0.398411, 0.034663, 0.313291, 0.026897
0.398654, 0.654435, -0.454753, -0.256458
0.398790, 0.205202, 0.310513, 0.158264
0.398829, 0.571598, 0.286524, 0.420658
0.398917, 1.000000, -0.462622, 0.000000
0.399256, 0.978161, -0.462267, -0.016325
0.399893, 0.441133, 0.302827, 0.335005
0.400029, 0.115827, 0.313200, 0.089590
0.400152, 0.308528, 0.308356, 0.236510
0.400702, 0.545071, 0.289080, 0.401318
0.400738, 0.944758, -0.460887, -0.041293
0.400767, 0.761260, -0.456919, -0.177584
0.401005, 0.506610, 0.300663, 0.382860
0.401160, 0.819618, -0.458571, -0.134528
0.401555, 0.465247, 0.303117, 0.352798
0.401572, 0.795125, -0.457345, -0.152604
0.401573, 0.595425, 0.457841, 0.606692
0.401598, 0.295939, 0.309818, 0.226950
0.401684, 0.427737, 0.304857, 0.325206
0.401725, 0.715598, -0.454558, -0.211167
0.401944, 0.534941, 0.299549, 0.402950
0.401984, 0.834552, -0.458265, -0.123441
0.402229, 0.240065, 0.311997, 0.184645
0.402481, 0.495666, 0.302141, 0.374702
0.402704, 0.849060, -0.458043, -0.112669
0.402770, 0.128104, 0.315185, 0.099040
0.402796, 0.890151, -0.458882, -0.082095
0.402921, 0.094662, 0.315867, 0.073277
0.402943, 0.876861, -0.458478, -0.091992
0.402948, 0.618178, -0.419448, -0.252423
0.402992, 0.863223, -0.458129, -0.102139
0.403117, 0.227597, 0.313051, 0.175164
0.403233, 0.000000, 0.316786, 0.000000
0.403442, 0.414357, 0.306695, 0.315218
0.403603, 0.253703, 0.312720, 0.195014
0.403633, 0.047612, 0.316932, 0.036896
0.403747, 0.926194, -0.458604, -0.055199
0.404050, 0.902752, -0.458072, -0.072700
0.404095, 0.140825, 0.315915, 0.108797
0.404399, 0.483560, 0.304059, 0.365699
0.404825, 0.694221, -0.451310, -0.226877
0.404826, 0.401132, 0.308304, 0.305417
0.404835, 0.337983, 0.310624, 0.258294
0.404852, 0.641284, -0.449624, -0.266176
0.404958, 0.325800, 0.311112, 0.249142
0.405000, 0.074489, 0.317504, 0.057641
0.405031, 0.193918, 0.315317, 0.149424
0.405096, 0.153655, 0.316420, 0.118644
0.405331, 0.024227, 0.318124, 0.018758
0.405522, 0.388110, 0.309326, 0.295707
0.405527, 0.674125, -0.449759, -0.241443
0.405611, 0.350402, 0.310895, 0.267671
0.405640, 0.583833, 0.340323, 0.477653
0.405756, 0.166422, 0.316495, 0.128369
0.405758, 0.453253, 0.306537, 0.343566
0.405798, 0.362727, 0.310571, 0.276859
0.405808, 0.375273, 0.310105, 0.286213
0.405902, 0.265959, 0.314024, 0.204195
0.405954, 0.989118, -0.457455, -0.008147
0.406067, 0.966722, -0.457387, -0.024913
0.406185, 0.727905, -0.451709, -0.202273
0.406450, 0.179749, 0.316835, 0.138606
0.406731, 0.516076, 0.304786, 0.389890
0.406998, 0.606892, -0.660136, -0.505119
0.407207, 0.563020, 0.329524, 0.450413
0.407239, 0.806447, -0.453655, -0.144415
0.407257, 0.662969, -0.448422, -0.249995
0.407266, 0.216015, 0.316487, 0.166251
0.407288, 0.278363, 0.314699, 0.213549
0.407321, 0.783682, -0.452820, -0.161229
0.407397, 0.739336, -0.451334, -0.193955
0.407593, 0.771918, -0.452391, -0.169969
0.407705, 0.751312, -0.451590, -0.185166
0.408103, 0.061307, 0.320267, 0.047470
0.408558, 0.952327, -0.455183, -0.035684
0.408970, 0.629451, -0.441009, -0.269897
0.409188, 0.085222, 0.320552, 0.065891
0.409355, 0.010724, 0.321228, 0.008296
0.409522, 0.915918, -0.454180, -0.062925
0.409550, 0.106806, 0.320651, 0.082548
0.409926, 0.706243, -0.448189, -0.218327
0.410464, 0.289414, 0.316604, 0.221709
0.410605, 0.551039, 0.274086, 0.383238
0.410725, 0.037342, 0.322448, 0.028911
0.410786, 0.937746, -0.453434, -0.046613
0.410924, 0.316434, 0.316083, 0.242057
0.411109, 0.527280, 0.309163, 0.399536
0.411118, 0.474936, 0.309611, 0.359351
0.411131, 0.205655, 0.319611, 0.158243
0.411167, 0.303538, 0.316762, 0.232396
0.411587, 0.651532, -0.444730, -0.258465
0.411743, 0.433472, 0.311996, 0.328956
0.411763, 0.684951, -0.445910, -0.233954
0.411959, 0.828191, -0.450930, -0.128426
0.411996, 0.573879, 0.400470, 0.525596
0.412291, 0.119362, 0.322323, 0.092125
0.412307, 0.445147, 0.311791, 0.337403
0.412643, 0.841658, -0.450674, -0.118399
0.412720, 1.000000, -0.452570, 0.000000
0.412770, 0.978104, -0.452451, -0.016412
0.412866, 0.247089, 0.319649, 0.189619
0.412898, 0.855799, -0.450769, -0.107865
0.413038, 0.503669, 0.309277, 0.379814
0.413067, 0.462374, 0.311508, 0.349938
0.413206, 0.420900, 0.313607, 0.319610
0.413292, 0.233852, 0.320382, 0.179585
0.413294, 0.595490, -0.345245, -0.205520
0.413375, 0.816056, -0.449451, -0.137446
0.413505, 0.490081, 0.310573, 0.370212
0.413542, 0.869468, -0.450580, -0.097685
0.413820, 0.793694, -0.448402, -0.154013
0.413900, 0.718921, -0.445885, -0.209216
0.414040, 0.760652, -0.447247, -0.178466
0.414050, 0.882373, -0.450494, -0.088071
0.414081, 0.132740, 0.323525, 0.102403
0.414436, 0.539163, 0.324274, 0.421280
0.414724, 0.894250, -0.450147, -0.079199
0.414764, 0.407908, 0.315354, 0.309998
0.414992, 0.617908, -0.459163, -0.301646
0.415355, 0.330532, 0.318818, 0.252424
0.415387, 0.146009, 0.324245, 0.112567
0.415523, 0.905908, -0.449640, -0.070480
0.415537, 0.050452, 0.325714, 0.039001
0.415812, 0.259406, 0.321643, 0.198956
0.415987, 0.394890, 0.316806, 0.300314
0.416021, 0.097062, 0.325736, 0.074984
0.416031, 0.072722, 0.325909, 0.056191
0.416132, 0.343454, 0.318810, 0.261963
0.416293, 0.185270, 0.324014, 0.142580
0.416296, 0.159060, 0.324643, 0.122552
0.416381, 0.381832, 0.317672, 0.290657
0.416384, 0.019500, 0.326410, 0.015069
0.416491, 0.000000, 0.326488, 0.000000
0.416625, 0.959511, -0.449255, -0.030347
0.416705, 0.172042, 0.324555, 0.132439
0.416772, 0.368750, 0.318450, 0.280893
0.416865, 0.356190, 0.319003, 0.271539
0.416972, 0.926577, -0.448994, -0.055049
0.417026, 0.222742, 0.323555, 0.171089
0.417125, 0.673553, -0.441506, -0.242502
0.417129, 0.639910, -0.439342, -0.266401
0.417710, 0.197035, 0.324568, 0.151432
0.417901, 0.696257, -0.442033, -0.225985
0.418016, 0.746295, -0.443919, -0.189223
0.418274, 0.271462, 0.323066, 0.207961
0.418448, 0.781201, -0.444706, -0.163415
0.418550, 0.562070, 0.156835, 0.268362
0.418588, 0.584730, -0.324689, -0.197134
0.418669, 0.732691, -0.442964, -0.199275
0.418777, 0.516482, 0.311935, 0.387941
0.419399, 0.802835, -0.444567, -0.147379
0.419565, 0.029712, 0.328725, 0.022945
0.419648, 0.989066, -0.447455, -0.008207
0.419793, 0.606592, -0.422984, -0.278137
0.419836, 0.661964, -0.439145, -0.251147
0.420193, 0.946829, -0.446828, -0.039901
0.420493, 0.296460, 0.323833, 0.226676
0.420683, 0.282696, 0.324550, 0.216390
0.420933, 0.454109, 0.317785, 0.343651
0.420991, 0.084925, 0.329216, 0.065500
0.421086, 0.969170, -0.446311, -0.023141
0.421283, 0.769922, -0.442373, -0.171878
0.421641, 0.211724, 0.327418, 0.162654
0.421679, 0.309858, 0.324378, 0.236789
0.421696, 0.110401, 0.329546, 0.085111
0.421798, 0.481547, 0.317033, 0.363570
0.421853, 0.708082, -0.439680, -0.217483
0.421887, 0.628591, -0.437879, -0.277374
0.421932, 0.062051, 0.330491, 0.047916
0.422446, 0.468669, 0.318157, 0.354176
0.422452, 0.550270, 0.405335, 0.504763
0.422689, 0.241032, 0.327157, 0.184750
0.422744, 0.848996, -0.443486, -0.113151
0.422857, 0.440431, 0.319822, 0.333532
0.422875, 0.915247, -0.444389, -0.063578
0.422939, 0.322381, 0.324763, 0.246055
0.423106, 0.527439, 0.311546, 0.392647
0.423335, 0.009512, 0.331597, 0.007341
0.423389, 0.124421, 0.330492, 0.095828
0.423390, 0.834899, -0.442698, -0.123681
0.423495, 0.427493, 0.320889, 0.324005
0.423544, 0.495030, 0.317642, 0.373294
0.423653, 0.862716, -0.443036, -0.102908
0.424057, 0.685230, -0.437120, -0.234327
0.424070, 0.040847, 0.332244, 0.031533
0.424316, 0.823273, -0.441641, -0.132345
0.424349, 0.573480, -0.253409, -0.139232
0.424401, 0.650519, -0.435237, -0.259622
0.424509, 0.507009, 0.317638, 0.381827
0.424661, 0.414775, 0.322346, 0.314628
0.424788, 0.876066, -0.442525, -0.092962
0.424791, 0.721090, -0.438045, -0.208028
0.425039, 0.811803, -0.440641, -0.140849
0.425094, 0.138154, 0.331612, 0.106354
0.425136, 0.935778, -0.443090, -0.048227
0.425276, 0.756634, -0.439052, -0.181851
0.425406, 0.252747, 0.328859, 0.193549
0.425852, 0.595564, -0.434146, -0.302394
0.426041, 0.889024, -0.441827, -0.083284
0.426145, 0.401757, 0.324024, 0.304970
0.426191, 0.336188, 0.326725, 0.256307
0.426466, 1.000000, -0.442532, 0.000000
0.426467, 0.901612, -0.441598, -0.073845
0.426585, 0.151636, 0.332490, 0.116665
0.426676, 0.791136, -0.439060, -0.156305
0.426842, 0.388321, 0.325125, 0.295023
0.426886, 0.230546, 0.330613, 0.176703
0.427008, 0.375107, 0.325726, 0.285168
0.427079, 0.539033, 0.309707, 0.396592
0.427338, 0.978981, -0.441737, -0.015794
0.427361, 0.349216, 0.326947, 0.265858
0.427408, 0.164643, 0.332784, 0.126585
0.427503, 0.177416, 0.332457, 0.136293
0.427537, 0.617254, -0.429572, -0.282264
0.427663, 0.097319, 0.334247, 0.074992
0.427993, 0.362073, 0.327014, 0.275482
0.427999, 0.202364, 0.332122, 0.155243
0.428160, 0.073850, 0.334971, 0.056944
0.428172, 0.189477, 0.332745, 0.145501
0.428508, 0.264350, 0.330941, 0.202298
0.428543, 0.743275, -0.436191, -0.191831
0.428611, 0.672910, -0.433269, -0.243534
0.428714, 0.052083, 0.335409, 0.040153
0.428737, 0.957129, -0.440396, -0.032206
0.429312, 0.019938, 0.336101, 0.015376
0.429725, 0.639154, -0.431018, -0.268357
0.430079, 0.561984, 0.742225, 0.844491
0.430230, 0.289816, 0.331339, 0.221387
0.430493, 0.000000, 0.336978, 0.000000
0.430565, 0.696924, -0.432996, -0.226075
0.430601, 0.924294, -0.438950, -0.056895
0.430761, 0.779642, -0.435791, -0.164971
0.430950, 0.219997, 0.334006, 0.168632
0.431228, 0.584340, -0.378193, -0.259148
0.431462, 0.461497, 0.325107, 0.348512
0.431496, 0.732120, -0.433618, -0.200161
0.431584, 0.302671, 0.331847, 0.230952
0.431785, 0.275788, 0.332851, 0.210713
0.431961, 0.448351, 0.326131, 0.338911
0.432328, 0.841842, -0.436327, -0.118695
0.432335, 0.661074, -0.430094, -0.252377
0.432576, 0.515931, 0.322736, 0.387587
0.432601, 0.475322, 0.325264, 0.358546
0.432670, 0.801015, -0.434933, -0.149117
0.432727, 0.086786, 0.337802, 0.066771
0.432756, 0.606200, -0.428771, -0.294048
0.432894, 0.709846, -0.431755, -0.216631
0.432978, 0.030496, 0.338650, 0.023490
0.433076, 0.488257, 0.324934, 0.367895
0.433080, 0.766514, -0.433755, -0.174809
0.433130, 0.315398, 0.332661, 0.240520
0.433161, 0.107257, 0.338200, 0.082548
0.433311, 0.434694, 0.327745, 0.328820
0.433445, 0.118840, 0.338069, 0.091384
0.433478, 0.855820, -0.435717, -0.108251
0.433600, 0.945686, -0.437037, -0.040859
0.433689, 0.989356, -0.437158, -0.008009
0.433993, 0.243061, 0.335594, 0.186004
0.434403, 0.550756, 0.256598, 0.346054
0.434448, 0.910866, -0.435913, -0.067008
0.434505, 0.328207, 0.333104, 0.249970
0.434591, 0.501750, 0.325340, 0.377610
0.434605, 0.527911, 0.312907, 0.385477
0.434659, 0.967626, -0.436431, -0.024365
0.434710, 0.627799, -0.426438, -0.276433
0.434913, 0.869246, -0.434953, -0.098234
0.434919, 0.131394, 0.338977, 0.100984
0.435161, 0.421297, 0.329776, 0.318954
0.435599, 0.826922, -0.433553, -0.129911
0.435731, 0.683849, -0.428633, -0.235853
0.435760, 0.814057, -0.432846, -0.139434
0.435966, 0.063291, 0.340697, 0.048720
0.436099, 0.408970, 0.331018, 0.309836
0.436229, 0.882694, -0.434294, -0.088191
0.436289, 0.144491, 0.339794, 0.110988
0.436655, 0.720913, -0.429371, -0.208585
0.436693, 0.395059, 0.332055, 0.299545
0.436769, 0.573068, -0.650953, -0.545814
0.436809, 0.209780, 0.338543, 0.160682
0.436823, 0.753064, -0.430571, -0.184897
0.437132, 0.010166, 0.341887, 0.007827
0.437200, 0.649744, -0.426025, -0.260875
0.437321, 0.040710, 0.341965, 0.031338
0.437400, 0.341870, 0.334835, 0.260138
0.437431, 0.896662, -0.433656, -0.077732
0.437439, 0.381210, 0.333102, 0.289198
0.437795, 0.254653, 0.338022, 0.194619
0.437976, 0.157855, 0.340880, 0.121206
0.438169, 0.368776, 0.334273, 0.280058
0.438482, 0.595027, -0.413021, -0.291357
0.438586, 0.196106, 0.340305, 0.150283
0.438612, 0.354874, 0.335070, 0.269644
0.438640, 0.170631, 0.340975, 0.130900
0.438800, 0.934153, -0.433079, -0.049572
0.438881, 0.232705, 0.339553, 0.178041
0.439167, 0.183044, 0.341037, 0.140329
0.439368, 0.539975, 0.210653, 0.288881
0.439929, 0.075575, 0.343576, 0.058130
0.439997, 0.284398, 0.338729, 0.216960
0.440298, 1.000000, -0.432363, 0.000000
0.440342, 0.789590, -0.429181, -0.157885
0.440403, 0.616623, -0.422418, -0.285500
0.440552, 0.671492, -0.424627, -0.245135
0.440621, 0.051009, 0.344236, 0.039235
0.440937, 0.978176, -0.431802, -0.016441
0.441115, 0.741358, -0.426933, -0.193669
0.441159, 0.265920, 0.340256, 0.203063
0.441607, 0.776259, -0.427804, -0.167821
0.441731, 0.098803, 0.344610, 0.075934
0.441914, 0.836534, -0.428894, -0.122798
0.441973, 0.955980, -0.430819, -0.033156
0.442019, 0.296328, 0.339878, 0.225882
0.442095, 0.455497, 0.333176, 0.343621
0.442165, 0.561683, -0.259296, -0.167535
0.442328, 0.468426, 0.332676, 0.353002
0.442379, 0.638218, -0.421653, -0.269457
0.442572, 0.020893, 0.345975, 0.016074
0.442574, 0.704444, -0.424438, -0.220961
0.442707, 0.921731, -0.430137, -0.058958
0.442791, 0.442216, 0.334320, 0.333868
0.442835, 0.693361, -0.423906, -0.229177
0.443054, 0.222973, 0.342876, 0.170538
0.443130, 0.849151, -0.428573, -0.113450
0.443347, 0.308275, 0.340365, 0.234733
0.443492, 0.481548, 0.332790, 0.362423
0.443813, 0.087406, 0.346099, 0.067129
0.443846, 0.428921, 0.335747, 0.324108
0.443872, 0.583831, -0.451630, -0.342941
0.444001, 0.802816, -0.426807, -0.148109
0.444163, 0.000000, 0.347157, 0.000000
0.444169, 0.507820, 0.331872, 0.381385
0.444212, 0.494410, 0.332929, 0.371996
0.444391, 0.762255, -0.425352, -0.178323
0.444524, 0.320716, 0.340876, 0.244060
0.444568, 0.111892, 0.346659, 0.085945
0.444583, 0.729775, -0.423957, -0.202342
0.445022, 0.519171, 0.337293, 0.394938
0.445142, 0.862006, -0.427292, -0.103838
0.445166, 0.660218, -0.420753, -0.253586
0.445366, 0.124468, 0.346806, 0.095495
0.445623, 0.909269, -0.427760, -0.068355
0.445628, 0.605524, -0.416013, -0.291728
0.445777, 0.333556, 0.341250, 0.253542
0.445853, 0.402355, 0.338475, 0.304530
0.446013, 0.244099, 0.344554, 0.186467
0.446231, 0.816453, -0.425333, -0.137928
0.446399, 0.137292, 0.347407, 0.105292
0.446472, 0.530185, 0.436698, 0.501778
0.446572, 0.715637, -0.421937, -0.212845
0.446585, 0.275849, 0.343853, 0.210293
0.446607, 0.387685, 0.339523, 0.293547
0.446608, 0.874410, -0.426528, -0.094573
0.446732, 0.944224, -0.427421, -0.042060
0.446812, 0.031593, 0.348961, 0.024278
0.446950, 0.550386, -0.177242, -0.097990
0.447254, 0.989297, -0.427225, -0.008074
0.447409, 0.415481, 0.338897, 0.313995
0.447413, 0.150424, 0.347884, 0.115287
0.447587, 0.886629, -0.426062, -0.085417
0.447600, 0.626950, -0.417436, -0.278033
0.447896, 0.362187, 0.341592, 0.274676
0.448072, 0.966532, -0.426601, -0.025249
0.448265, 0.681073, -0.419441, -0.238435
0.448283, 0.213683, 0.347000, 0.163356
0.448400, 0.202062, 0.347388, 0.154535
0.448632, 0.057362, 0.350103, 0.044056
0.448890, 0.347261, 0.342991, 0.263608
0.448903, 0.898262, -0.425110, -0.076662
0.449246, 0.572619, -0.387236, -0.291474
0.449340, 0.068645, 0.350482, 0.052698
0.449407, 0.827759, -0.423507, -0.129617
0.449592, 0.164071, 0.349404, 0.125714
0.449640, 0.375078, 0.342511, 0.284286
0.449719, 0.189280, 0.348730, 0.144824
0.449844, 0.648528, -0.416823, -0.262346
0.449990, 0.750689, -0.420814, -0.187066
0.450235, 0.255428, 0.347292, 0.194856
0.450365, 0.176352, 0.349567, 0.135001
0.450600, 0.010486, 0.351916, 0.008055
0.451056, 0.042659, 0.352083, 0.032752
0.451214, 0.594318, -0.417847, -0.306599
0.451709, 0.931233, -0.423641, -0.051895
0.451900, 0.288201, 0.347495, 0.219459
0.452086, 0.770483, -0.419896, -0.172407
0.452094, 0.233587, 0.349415, 0.178371
0.452543, 0.782517, -0.420048, -0.163498
0.452687, 0.449519, 0.341163, 0.338690
0.452755, 0.539491, 0.690454, 0.757884
0.452900, 0.462272, 0.340709, 0.348010
0.452940, 0.080333, 0.353138, 0.061634
0.452965, 0.840933, -0.420929, -0.119749
0.453095, 0.793726, -0.419989, -0.155162
0.453437, 0.615769, -0.412299, -0.286089
0.453593, 0.474924, 0.340611, 0.357216
0.453634, 0.670541, -0.415100, -0.246410
0.453846, 0.739285, -0.417611, -0.195657
0.454019, 0.978460, -0.422243, -0.016268
0.454039, 1.000000, -0.422279, 0.000000
0.454046, 0.436629, 0.342835, 0.329258
0.454068, 0.300243, 0.348669, 0.228399
0.454276, 0.093476, 0.353925, 0.071679
0.454310, 0.702928, -0.415883, -0.222559
0.454353, 0.691008, -0.415326, -0.231322
0.454370, 0.105107, 0.353877, 0.080583
0.454405, 0.561327, -0.370312, -0.287087
0.454427, 0.853941, -0.420441, -0.110096
0.454553, 0.487879, 0.340060, 0.365999
0.454570, 0.266676, 0.350157, 0.203195
0.454782, 0.424964, 0.343865, 0.320619
0.454869, 0.500989, 0.341557, 0.377439
0.454889, 0.394717, 0.345327, 0.298395
0.454900, 0.312111, 0.348744, 0.237165
0.455069, 0.918585, -0.421016, -0.061458
0.455156, 0.807286, -0.418747, -0.145056
0.455261, 0.637154, -0.412322, -0.270895
0.455338, 0.725892, -0.416073, -0.205649
0.455562, 0.954492, -0.420971, -0.034370
0.455749, 0.324326, 0.348971, 0.246288
0.455851, 0.021165, 0.355836, 0.016246
0.456128, 0.117707, 0.355109, 0.090206
0.456175, 0.513599, 0.337339, 0.382004
0.456605, 0.583100, -0.404532, -0.306219
0.456620, 0.223381, 0.353035, 0.170523
0.456724, 0.336818, 0.349158, 0.255514
0.456957, 0.356375, 0.348603, 0.270073
0.456990, 0.130395, 0.355334, 0.099829
0.457242, 0.406974, 0.346618, 0.307408
0.457306, 0.867257, -0.418475, -0.100117
0.457506, 0.526153, 0.222453, 0.275739
0.457689, 0.658633, -0.411619, -0.255320
0.457707, 0.143136, 0.355681, 0.109542
0.457714, 0.000000, 0.357216, 0.000000
0.457806, 0.714049, -0.413657, -0.214425
0.457897, 0.759588, -0.415327, -0.180706
0.458177, 0.156268, 0.355680, 0.119505
0.458323, 0.906061, -0.418323, -0.070915
0.458446, 0.604726, -0.409211, -0.295442
0.458562, 0.244493, 0.353889, 0.186412
0.458626, 0.941298, -0.418628, -0.044358
0.458711, 0.050961, 0.357709, 0.039077
0.458725, 0.879593, -0.417720, -0.090877
0.458839, 0.819603, -0.416256, -0.135901
0.459069, 0.278831, 0.352972, 0.212106
0.459167, 0.209976, 0.355139, 0.160243
0.459227, 0.383120, 0.349037, 0.289674
0.459454, 0.550300, -0.623365, -0.553377
0.459499, 0.892393, -0.417364, -0.081250
0.459735, 0.196961, 0.355945, 0.150396
0.459942, 0.032109, 0.358667, 0.024614
0.460203, 0.368085, 0.350337, 0.278478
0.460483, 0.967869, -0.417515, -0.024298
0.460489, 0.625876, -0.407966, -0.279334
0.460711, 0.062526, 0.358988, 0.047912
0.460721, 0.183503, 0.357039, 0.140181
0.460929, 0.989106, -0.417171, -0.008238
0.461496, 0.832141, -0.414733, -0.126600
0.461856, 0.170302, 0.358303, 0.130171
0.461858, 0.571732, -0.395060, -0.309604
0.462008, 0.681354, -0.409531, -0.238844
0.462224, 0.417058, 0.349780, 0.314562
0.462628, 0.256892, 0.356428, 0.195575
0.462638, 0.073833, 0.360369, 0.056555
0.462694, 0.647268, -0.407425, -0.263852
0.462943, 0.346550, 0.353365, 0.262506
0.463022, 0.772220, -0.411908, -0.171428
0.463431, 0.442782, 0.349372, 0.333287
0.463459, 0.455514, 0.348588, 0.342398
0.463679, 0.748118, -0.410817, -0.189466
0.463806, 0.798376, -0.412297, -0.151988
0.463911, 0.291532, 0.356285, 0.221554
0.463996, 0.593485, -0.403278, -0.302577
0.464056, 0.845265, -0.412959, -0.116747
0.464096, 0.468088, 0.348476, 0.351585
0.464122, 0.538283, -0.129435, -0.072498
0.464138, 0.010614, 0.361995, 0.008135
0.464386, 0.733949, -0.409789, -0.200011
0.464494, 0.086298, 0.361607, 0.066065
0.464534, 0.927151, -0.414263, -0.055106
0.464826, 0.784212, -0.411065, -0.162572
0.464826, 0.480751, 0.348871, 0.361262
0.465118, 0.695114, -0.407657, -0.228728
0.465378, 0.858443, -0.412465, -0.106914
0.465529, 0.493479, 0.345516, 0.367259
0.465594, 0.396103, 0.353146, 0.298966
0.465638, 0.668775, -0.406311, -0.248234
0.465794, 0.041948, 0.363005, 0.032124
0.465852, 0.233460, 0.359665, 0.177905
0.465957, 0.098853, 0.362569, 0.075652
0.466087, 0.303496, 0.357419, 0.230392
0.466239, 0.315068, 0.357034, 0.238971
0.466278, 0.429523, 0.352013, 0.323370
0.466658, 0.505535, 0.361144, 0.391372
0.466696, 0.110691, 0.362942, 0.084672
0.466749, 0.614728, -0.403094, -0.287967
0.466800, 0.327614, 0.356897, 0.248246
0.466850, 0.269462, 0.359153, 0.204890
0.467049, 0.560590, -0.447442, -0.374838
0.467329, 0.959280, -0.412188, -0.030809
0.467330, 0.219494, 0.360960, 0.167237
0.467389, 0.913997, -0.411807, -0.065045
0.467429, 0.707685, -0.406672, -0.219634
0.467482, 0.811042, -0.409755, -0.142537
0.467590, 0.123231, 0.363447, 0.094221
0.467648, 1.000000, -0.412316, 0.000000
0.467687, 0.721217, -0.406715, -0.209481
0.467805, 0.978112, -0.412069, -0.016569
0.468030, 0.376128, 0.355789, 0.284122
0.468099, 0.517350, 0.353785, 0.392047
0.468274, 0.635872, -0.402837, -0.272441
0.468636, 0.160326, 0.363364, 0.122382
0.468645, 0.135862, 0.363898, 0.103798
0.468947, 0.148142, 0.363866, 0.113124
0.469052, 0.021506, 0.365631, 0.016469
0.469147, 0.900050, -0.410402, -0.075609
0.469204, 0.356839, 0.357569, 0.269894
0.469278, 0.581970, -0.397467, -0.309821
0.469559, 0.948807, -0.410565, -0.038752
0.469603, 0.528187, 0.381879, 0.426915
0.469644, 0.205543, 0.363070, 0.156642
0.469713, 0.760314, -0.406792, -0.180572
0.469742, 0.872408, -0.409501, -0.096470
0.469840, 0.937838, -0.410245, -0.047053
0.469859, 0.885962, -0.409679, -0.086260
0.470051, 0.337298, 0.358911, 0.255316
0.470232, 0.407489, 0.356015, 0.307116
0.470299, 0.246994, 0.362489, 0.187938
0.470519, 0.191878, 0.364030, 0.146270
0.470532, 0.657490, -0.402172, -0.256693
0.470985, 0.823680, -0.407503, -0.133147
0.471013, 0.053978, 0.366900, 0.041310
0.471013, 0.282285, 0.361642, 0.214271
0.471153, 0.603893, -0.399209, -0.295921
0.471272, 0.000000, 0.367312, 0.000000
0.471480, 0.548537, -0.303435, -0.243522
0.472094, 0.179106, 0.365578, 0.136588
0.472537, 0.387127, 0.358635, 0.292049
0.472856, 0.065878, 0.367935, 0.050369
0.473308, 0.624593, -0.398720, -0.280987
0.473330, 0.792197, -0.404865, -0.156766
0.473391, 0.836076, -0.406078, -0.123902
0.473686, 0.032343, 0.368841, 0.024734
0.473703, 0.740594, -0.403134, -0.195356
0.474254, 0.438029, 0.357347, 0.329130
0.474256, 0.677102, -0.400358, -0.242447
0.474261, 0.366224, 0.360797, 0.276552
0.474299, 0.687705, -0.400818, -0.234649
0.474303, 0.772452, -0.403718, -0.171616
0.474327, 0.449700, 0.357258, 0.338082
0.474425, 0.988920, -0.407255, -0.008399
0.474488, 0.419372, 0.358551, 0.315611
0.474531, 0.078430, 0.369134, 0.059947
0.474622, 0.259909, 0.365194, 0.197461
0.474708, 0.571209, -0.404048, -0.329029
0.474793, 0.461609, 0.356197, 0.345931
0.475212, 0.848590, -0.404887, -0.114485
0.475305, 0.474047, 0.355937, 0.354958
0.475396, 0.646062, -0.398185, -0.265337
0.475405, 0.967909, -0.406420, -0.024322
0.475676, 0.861255, -0.404828, -0.104958
0.476076, 0.486744, 0.359293, 0.367591
0.476098, 0.091309, 0.370116, 0.069751
0.476202, 0.295600, 0.365283, 0.224205
0.476308, 0.321300, 0.364155, 0.243195
0.476375, 0.167961, 0.369084, 0.128066
0.476568, 0.591761, -0.394176, -0.304564
0.476595, 0.803802, -0.402940, -0.148217
0.476706, 0.728882, -0.400457, -0.204140
0.476707, 0.700654, -0.399439, -0.225095
0.476924, 0.346084, 0.363710, 0.261623
0.477119, 0.226172, 0.367897, 0.171951
0.477340, 0.920430, -0.404570, -0.060291
0.477341, 0.537123, -0.586626, -0.540348
0.477445, 0.498942, 0.328276, 0.344985
0.477715, 0.750892, -0.400618, -0.187852
0.477761, 0.010924, 0.372121, 0.008353
0.478028, 0.308211, 0.365957, 0.233415
0.478082, 0.103716, 0.371552, 0.079212
0.478168, 0.238702, 0.368495, 0.181435
0.478202, 0.931373, -0.404020, -0.052018
0.478317, 0.714754, -0.399025, -0.214821
0.478379, 0.116204, 0.371509, 0.088698
0.478393, 0.398355, 0.362428, 0.300051
0.478522, 0.214006, 0.369443, 0.162814
0.478578, 0.044521, 0.372440, 0.034017
0.478641, 0.511424, 0.463165, 0.488601
0.478808, 0.272513, 0.367889, 0.206786
0.478880, 0.907477, -0.403408, -0.070131
0.478979, 0.128829, 0.371696, 0.098272
0.479011, 0.559365, -0.370642, -0.308127
0.479150, 0.666752, -0.396296, -0.250249
0.479271, 0.782616, -0.400495, -0.164203
0.479848, 0.893905, -0.402447, -0.080404
0.479953, 0.200047, 0.370747, 0.152191
0.480029, 0.154788, 0.371982, 0.117968
0.480075, 0.815922, -0.400604, -0.139175
0.480203, 0.142236, 0.372340, 0.108436
0.480416, 0.955948, -0.402554, -0.033410
0.480491, 0.377399, 0.364880, 0.284526
0.480583, 0.880462, -0.401724, -0.090583
0.480606, 0.613644, -0.392999, -0.289410
0.480662, 0.429119, 0.362518, 0.322381
0.480796, 0.523995, 0.218300, 0.251348
0.481031, 0.333051, 0.367365, 0.251869
0.481133, 1.000000, -0.402426, 0.000000
0.481396, 0.634929, -0.393257, -0.273745
0.481678, 0.978121, -0.401865, -0.016603
0.482375, 0.285277, 0.369872, 0.216093
0.482378, 0.022242, 0.375542, 0.016995
0.482393, 0.187684, 0.372938, 0.142822
0.482531, 0.355554, 0.367470, 0.268427
0.482585, 0.762092, -0.397398, -0.179638
0.482668, 0.581550, -0.391772, -0.314853
0.482700, 0.251274, 0.371528, 0.190777
0.482766, 0.601585, -0.390409, -0.297964
0.482780, 0.943062, -0.400772, -0.043197
0.482934, 0.409935, 0.365175, 0.308307
0.483274, 0.057424, 0.375988, 0.043857
0.483470, 0.828398, -0.398486, -0.129900
0.483498, 0.868525, -0.399174, -0.099602
0.483536, 0.655452, -0.392678, -0.258796
0.483592, 0.547996, -0.427362, -0.377310
0.484186, 0.069708, 0.376232, 0.053182
0.484741, 0.000000, 0.377397, 0.000000
0.485126, 0.176015, 0.375353, 0.133970
0.485341, 0.690952, -0.392896, -0.232695
0.485394, 0.794612, -0.396091, -0.155286
0.485407, 0.840776, -0.397297, -0.120604
0.485509, 0.441954, 0.364886, 0.330973
0.485642, 0.624566, -0.389776, -0.281596
0.485644, 0.388641, 0.368124, 0.292547
0.485653, 0.453713, 0.366961, 0.342098
0.485790, 0.466435, 0.363558, 0.348494
0.485809, 0.083289, 0.377365, 0.063522
0.485892, 0.854268, -0.397180, -0.110423
0.485925, 0.739463, -0.394054, -0.196569
0.486056, 0.034656, 0.377913, 0.026440
0.486341, 0.479318, 0.362765, 0.357303
0.486516, 0.678463, -0.391367, -0.241888
0.486525, 0.319941, 0.371725, 0.241793
0.486657, 0.366694, 0.369921, 0.276407
0.486794, 0.725312, -0.393100, -0.207226
0.486937, 0.569391, -0.380677, -0.316507
0.487010, 0.704830, -0.392089, -0.222403
0.487105, 0.263338, 0.374302, 0.199633
0.487656, 0.773048, -0.393993, -0.171587
0.487794, 0.989774, -0.397393, -0.007772
0.487800, 0.230691, 0.375644, 0.175042
0.488186, 0.491118, 0.405512, 0.407798
0.488195, 0.095534, 0.379026, 0.072822
0.488336, 0.643805, -0.388628, -0.267557
0.488447, 0.420379, 0.368673, 0.315667
0.488558, 0.163054, 0.378159, 0.124072
0.488659, 0.297980, 0.374126, 0.225388
0.488741, 0.208221, 0.376985, 0.158117
0.488861, 0.807059, -0.394054, -0.146099
0.488862, 0.535655, -0.351328, -0.314926
0.488886, 0.966407, -0.396654, -0.025533
0.488960, 0.915425, -0.396122, -0.064236
0.489074, 0.929075, -0.395979, -0.053856
0.489118, 0.503163, -0.118259, -0.107576
0.489417, 0.343293, 0.372977, 0.259030
0.489450, 0.109316, 0.379844, 0.083307
0.489479, 0.134833, 0.379249, 0.102625
0.489824, 0.308946, 0.374644, 0.233547
0.489997, 0.901713, -0.395107, -0.074635
0.489999, 0.121710, 0.380032, 0.092704
0.490323, 0.592317, -0.385282, -0.305894
0.490477, 0.219656, 0.378118, 0.166741
0.490495, 0.048096, 0.381245, 0.036674
0.490533, 0.751316, -0.391289, -0.187976
0.490566, 0.514683, -0.555478, -0.536778
0.490767, 0.243211, 0.377570, 0.184405
0.490918, 0.275460, 0.376687, 0.208567
0.490937, 0.888357, -0.394219, -0.084767
0.490954, 0.400078, 0.371473, 0.300692
0.491286, 0.666364, -0.387531, -0.251109
0.491369, 0.012179, 0.381972, 0.009286
0.491456, 0.149346, 0.380398, 0.113582
0.491517, 0.714743, -0.389137, -0.215195
0.491553, 0.558017, -0.392066, -0.340376
0.492149, 0.196554, 0.379907, 0.149274
0.492275, 0.819855, -0.391740, -0.136510
0.492313, 0.784566, -0.390969, -0.163106
0.492328, 0.953511, -0.393821, -0.035337
0.492471, 0.606744, -0.383633, -0.294701
0.492586, 0.329795, 0.375773, 0.248860
0.492689, 0.378423, 0.373790, 0.284758
0.492753, 0.432778, 0.371222, 0.324535
0.492931, 0.875581, -0.392421, -0.094444
0.493025, 0.525755, -0.378416, -0.352955
0.493680, 0.287755, 0.378120, 0.217553
0.494200, 0.979645, -0.392665, -0.015483
0.494325, 0.074626, 0.383670, 0.056831
0.494392, 0.861802, -0.391105, -0.104898
0.494395, 0.355427, 0.376129, 0.267801
0.494592, 0.618416, -0.383020, -0.286560
0.494641, 0.579175, -0.379656, -0.313846
0.494808, 0.024825, 0.384639, 0.018924
0.495068, 0.184645, 0.382500, 0.140266
0.495079, 1.000000, -0.392038, 0.000000
0.495135, 0.545358, -0.368381, -0.329300
0.495223, 0.941603, -0.391837, -0.044430
0.495487, 0.061859, 0.384879, 0.047129
0.495529, 0.698023, -0.385590, -0.227775
0.495552, 0.762951, -0.387911, -0.179398
0.495676, 0.632011, -0.382827, -0.276605
0.495743, 0.847133, -0.389788, -0.116009
0.495796, 0.654576, -0.383615, -0.259924
0.495827, 0.833053, -0.389579, -0.126691
0.495842, 0.732487, -0.386614, -0.202140
0.495846, 0.255196, 0.381091, 0.193301
0.495950, 0.458558, 0.379006, 0.349913
0.496280, 0.472253, 0.371042, 0.352354
0.496345, 0.410604, 0.374870, 0.308114
0.496764, 0.172509, 0.383974, 0.131037
0.497121, 0.686018, -0.383995, -0.236767
0.497128, 0.445662, 0.368703, 0.328654
0.497239, 0.796818, -0.387522, -0.153972
0.497473, 0.037840, 0.386269, 0.028807
0.497623, 0.000000, 0.386361, 0.000000
0.498249, 0.101210, 0.386327, 0.077001
0.498278, 0.367460, 0.378308, 0.276405
0.498318, 0.086514, 0.386474, 0.065816
0.498371, 0.390247, 0.377365, 0.293153
0.498519, 0.233688, 0.383613, 0.177048
0.498776, 0.317800, 0.380927, 0.239809
0.498852, 0.483702, 0.356939, 0.345191
0.499183, 0.140325, 0.386327, 0.106617
0.499805, 0.496440, -0.024046, -0.026601
0.499839, 0.568415, -0.378875, -0.325512
0.499842, 0.742799, -0.384009, -0.194562
0.499871, 0.267235, 0.383591, 0.202135
0.499923, 0.207920, 0.385278, 0.157611
0.499933, 0.674645, -0.381578, -0.245359
0.499939, 0.642728, -0.380107, -0.268854
0.499996, 0.158717, 0.386458, 0.120484
0.500128, 0.920132, -0.387889, -0.060777
0.500417, 0.774807, -0.384681, -0.170647
0.500497, 0.907930, -0.387472, -0.070054
0.500557, 0.422595, 0.377389, 0.316713
0.500630, 0.809057, -0.385467, -0.144895
0.500663, 0.127568, 0.387736, 0.096955
0.500673, 0.970961, -0.387746, -0.022106
0.500688, 0.721965, -0.382667, -0.210145
0.500773, 0.931601, -0.387322, -0.052039
0.500946, 0.336747, 0.381603, 0.253656
0.501140, 0.304859, 0.383084, 0.230069
0.501502, 0.508256, -0.344053, -0.338802
0.501575, 0.114715, 0.388576, 0.087198
0.501597, 0.895228, -0.386454, -0.079708
0.501646, 0.222268, 0.386090, 0.168319
0.501687, 0.599484, -0.377024, -0.300850
0.501696, 0.587491, -0.375762, -0.308964
0.501822, 0.708206, -0.381318, -0.220417
0.501858, 0.051186, 0.389601, 0.038950
0.501870, 0.989802, -0.386957, -0.007767
0.502555, 0.960297, -0.386350, -0.030235
0.502707, 0.533283, -0.375779, -0.352000
0.502815, 0.346894, 0.382552, 0.261073
0.502816, 0.882756, -0.385278, -0.089172
0.502887, 0.280439, 0.385314, 0.211867
0.503081, 0.555985, -0.371126, -0.329946
0.503107, 0.294203, 0.384944, 0.222088
0.503205, 0.519997, -0.385660, -0.372611
0.503354, 0.246069, 0.386803, 0.186184
0.503794, 0.194381, 0.388649, 0.147378
0.503842, 0.869453, -0.384324, -0.099283
0.503854, 0.821036, -0.383245, -0.135890
0.503898, 0.008336, 0.391080, 0.006342
0.504049, 0.753928, -0.381352, -0.186408
0.504239, 0.400703, 0.381111, 0.300504
0.504378, 0.662995, -0.377726, -0.254089
0.504471, 0.380067, 0.382301, 0.285423
0.504488, 0.434046, 0.381873, 0.327078
0.504721, 0.073235, 0.391561, 0.055698
0.504722, 0.611890, -0.375146, -0.291677
0.504892, 0.786867, -0.381770, -0.161724
0.504926, 0.855750, -0.383248, -0.109683
0.505263, 0.018424, 0.392320, 0.014016
0.505482, 0.466319, 0.401245, 0.370769
0.505763, 0.949140, -0.383890, -0.038749
0.505947, 0.624911, -0.375054, -0.282325
0.506171, 0.544165, -0.371067, -0.341515
0.506209, 0.326190, 0.386018, 0.245716
0.506361, 0.149441, 0.391478, 0.113385
0.506446, 0.842462, -0.381841, -0.119771
0.506880, 0.695703, -0.377179, -0.229931
0.506924, 0.167865, 0.391445, 0.127269
0.507194, 0.181392, 0.391403, 0.137484
0.507308, 0.358206, 0.385417, 0.269263
0.507456, 0.454318, 0.354897, 0.313580
0.507474, 0.029869, 0.393837, 0.022707
0.507576, 0.093199, 0.393279, 0.070792
0.508096, 0.831577, -0.380328, -0.128019
0.508517, 0.413499, 0.383523, 0.309573
0.508519, 0.650799, -0.374177, -0.263268
0.508633, 0.765499, -0.378325, -0.177864
0.508706, 0.732029, -0.377135, -0.202913
0.508766, 0.061865, 0.394586, 0.047011
0.508769, 0.258644, 0.390372, 0.195410
0.508902, 0.980252, -0.381691, -0.015055
0.508908, 0.577489, -0.371211, -0.317807
0.509101, 1.000000, -0.381718, 0.000000
0.509194, 0.041257, 0.394840, 0.031339
0.509316, 0.799185, -0.378718, -0.152516
0.509529, 0.683708, -0.374875, -0.239003
0.509567, 0.233953, 0.391700, 0.176903
0.509664, 0.489475, -0.036009, -0.051449
0.509722, 0.214390, 0.392310, 0.162204
0.509727, 0.443765, 0.392578, 0.341281
0.509754, 0.369567, 0.386573, 0.277420
0.509911, 0.637130, -0.372796, -0.273571
0.509919, 0.476495, 0.504497, 0.478373
0.509940, 0.104385, 0.394759, 0.079219
0.510009, 0.938672, -0.380605, -0.046742
0.510311, 0.312856, 0.389458, 0.235628
0.510590, 0.136886, 0.394895, 0.103833
0.510735, 0.717260, -0.375236, -0.214065
0.511097, 0.272679, 0.391612, 0.205798
0.511561, 0.564286, -0.367032, -0.325974
0.511844, 0.390125, 0.387063, 0.292357
0.511880, 0.914340, -0.379096, -0.065305
0.511987, 0.082775, 0.396568, 0.062825
0.512252, 0.124768, 0.396352, 0.094652
0.512274, 0.926347, -0.378866, -0.056158
0.512275, 0.501710, -0.386072, -0.394298
0.512282, 0.901976, -0.378669, -0.074727
0.512386, 0.591066, -0.368459, -0.307180
0.512424, 0.202993, 0.394660, 0.153592
0.512644, 0.744061, -0.374707, -0.194070
0.512706, 0.000000, 0.397882, 0.000000
0.512816, 0.811407, -0.376532, -0.143419
0.512970, 0.672209, -0.371805, -0.247615
0.513157, 0.777369, -0.375359, -0.169081
0.513172, 0.287303, 0.392725, 0.216666
0.513329, 0.968898, -0.378408, -0.023730
0.513413, 0.425085, 0.385756, 0.317033
0.513502, 0.526242, -0.366467, -0.356556
0.513518, 0.337123, 0.390952, 0.253518
0.513696, 0.889325, -0.377353, -0.084348
0.513872, 0.513529, -0.358863, -0.359129
0.513930, 0.876776, -0.377019, -0.093898
0.513963, 0.603080, -0.368192, -0.298735
0.514525, 0.300703, 0.393037, 0.226475
0.514543, 0.863374, -0.376312, -0.104084
0.514613, 0.705318, -0.371894, -0.223079
0.514741, 0.245323, 0.395065, 0.185211
0.514756, 0.114587, 0.398279, 0.086897
0.514976, 0.349376, 0.391183, 0.262287
0.515031, 0.157954, 0.397603, 0.119612
0.515071, 0.050601, 0.399304, 0.038411
0.515355, 0.551588, -0.364860, -0.336663
0.515491, 0.404053, 0.389009, 0.302318
0.515637, 0.224231, 0.396402, 0.169423
0.516015, 0.849476, -0.374942, -0.114656
0.516022, 0.538480, -0.363233, -0.345756
0.516098, 0.957308, -0.376287, -0.032586
0.516108, 0.615560, -0.367079, -0.289568
0.516246, 0.191849, 0.397814, 0.145139
0.516327, 0.463011, 0.302131, 0.260775
0.516349, 0.989773, -0.376282, -0.007809
0.516918, 0.660439, -0.368476, -0.256524
0.516950, 0.756019, -0.371933, -0.185249
0.516955, 0.010660, 0.400934, 0.008092
0.516999, 0.171244, 0.398768, 0.129588
0.517022, 0.823343, -0.373566, -0.134445
0.517147, 0.377973, 0.391632, 0.283277
0.517255, 0.323741, 0.394049, 0.243370
0.517438, 0.789336, -0.372588, -0.160206
0.517596, 0.072030, 0.401101, 0.054663
0.517851, 0.023512, 0.401548, 0.017846
0.518191, 0.436104, 0.383841, 0.320005
0.518469, 0.627039, -0.365909, -0.281259
0.518814, 0.692827, -0.368413, -0.232583
0.518869, 0.725302, -0.369494, -0.208318
0.518941, 0.145713, 0.400872, 0.110342
0.519416, 0.836533, -0.372083, -0.124513
0.519567, 0.363585, 0.394115, 0.272683
0.519768, 0.093936, 0.402384, 0.071220
0.519837, 0.946040, -0.373472, -0.041209
0.519915, 0.648124, -0.365942, -0.265881
0.519942, 0.181801, 0.400733, 0.137478
0.520063, 0.254996, 0.398760, 0.192308
0.520097, 0.036372, 0.403029, 0.027583
0.520180, 0.483631, -0.226005, -0.253948
0.520222, 0.450054, 0.437273, 0.382729
0.520413, 0.571443, -0.361528, -0.321774
0.520502, 0.266774, 0.398741, 0.201092
0.520971, 0.583354, -0.362157, -0.313550
0.521409, 0.415381, 0.392812, 0.310346
0.521442, 0.768009, -0.368954, -0.176357
0.521600, 0.801311, -0.369735, -0.151235
0.521632, 0.211970, 0.401193, 0.160085
0.521910, 0.060875, 0.404287, 0.046151
0.521990, 0.494621, -0.372496, -0.393752
0.522080, 0.735874, -0.367510, -0.200527
0.522125, 0.279489, 0.399414, 0.210457
0.522269, 0.395549, 0.394463, 0.295888
0.522288, 0.132354, 0.403581, 0.100205
0.522293, 0.235263, 0.401042, 0.177515
0.522297, 0.681104, -0.365308, -0.241379
0.522386, 0.312599, 0.398305, 0.234969
0.522387, 0.637871, -0.363445, -0.273389
0.522480, 0.105120, 0.403931, 0.079592
0.522597, 0.978505, -0.371705, -0.016432
0.522690, 0.472987, 0.194171, 0.155990
0.522698, 0.934255, -0.371313, -0.050235
0.523087, 1.000000, -0.371395, 0.000000
0.523438, 0.909159, -0.370479, -0.069389
0.523587, 0.714287, -0.365583, -0.216688
0.523593, 0.921563, -0.370512, -0.059928
0.523650, 0.558870, -0.359023, -0.331600
0.523934, 0.896540, -0.369956, -0.079017
0.524492, 0.595470, -0.359993, -0.304679
0.524747, 0.871615, -0.368935, -0.098003
0.524904, 0.531215, -0.356627, -0.351715
0.524937, 0.507074, -0.355818, -0.369707
0.525021, 0.519136, -0.354682, -0.359261
0.525065, 0.858216, -0.368369, -0.108178
0.525077, 0.083132, 0.406268, 0.062960
0.525107, 0.813105, -0.367523, -0.142440
0.525144, 0.291894, 0.401266, 0.219601
0.525352, 0.353899, 0.398582, 0.265172
0.525399, 0.331623, 0.399657, 0.248843
0.525518, 0.384868, 0.397251, 0.287794
0.525550, 0.200324, 0.404381, 0.151246
0.525572, 0.883481, -0.368496, -0.088975
0.525659, 0.119483, 0.406357, 0.090455
0.525719, 0.966648, -0.369302, -0.025506
0.525767, 0.669257, -0.362329, -0.250338
0.525788, 0.747375, -0.365052, -0.191964
0.525897, 0.780005, -0.366017, -0.167448
0.525948, 0.342045, 0.399777, 0.256592
0.526030, 0.607438, -0.359556, -0.296075
0.526218, 0.048265, 0.407460, 0.036563
0.526448, 0.164517, 0.405826, 0.124304
0.526586, 0.426138, 0.396865, 0.318758
0.526688, 0.545516, -0.355820, -0.341158
0.526850, 0.000000, 0.408018, 0.000000
0.527080, 0.701929, -0.362680, -0.226110
0.527334, 0.302411, 0.402369, 0.227263
0.527538, 0.014356, 0.408615, 0.010878
0.527606, 0.222894, 0.405181, 0.168059
0.527683, 0.460789, 0.615646, 0.563932
0.528193, 0.846470, -0.365808, -0.117159
0.528321, 0.372218, 0.400063, 0.278615
0.528413, 0.245993, 0.405011, 0.185255
0.528527, 0.154071, 0.407681, 0.116431
0.528615, 0.619543, -0.358129, -0.287218
0.528716, 0.825309, -0.365044, -0.133243
0.528790, 0.406157, 0.399027, 0.303660
0.528845, 0.439205, 0.381272, 0.311607
0.529101, 0.656591, -0.359599, -0.260029
0.529486, 0.953865, -0.366428, -0.035301
0.529957, 0.759126, -0.362396, -0.183292
0.529995, 0.988450, -0.366254, -0.008841
0.530088, 0.071465, 0.410342, 0.054118
0.530135, 0.188756, 0.408056, 0.142457
0.530139, 0.026343, 0.410484, 0.019945
0.530160, 0.791923, -0.363259, -0.158594
0.530209, 0.175617, 0.408445, 0.132596
0.530839, 0.141916, 0.409653, 0.107247
0.530952, 0.259816, 0.406608, 0.195552
0.531031, 0.321973, 0.404207, 0.241525
0.531386, 0.725169, -0.360216, -0.208816
0.531514, 0.690541, -0.358897, -0.234711
0.531893, 0.577312, -0.353662, -0.318269
0.531902, 0.631341, -0.356238, -0.278662
0.531953, 0.484147, -0.245096, -0.282279
0.532010, 0.835423, -0.362754, -0.125621
0.532268, 0.107877, 0.411121, 0.081541
0.532275, 0.272704, 0.407172, 0.205103
0.532503, 0.037251, 0.412094, 0.028185
0.532530, 0.566741, -0.352822, -0.326171
0.532594, 0.094646, 0.411799, 0.071594
0.532602, 0.449311, 0.344181, 0.279539
0.532744, 0.497693, -0.354605, -0.381876
0.533202, 0.942413, -0.363625, -0.044090
0.533467, 0.644457, -0.355573, -0.268975
0.533580, 0.361055, 0.404301, 0.270074
0.533622, 0.211675, 0.410044, 0.159550
0.533908, 0.059187, 0.413074, 0.044772
0.534045, 0.232850, 0.409636, 0.175317
0.534095, 0.587743, -0.352644, -0.310825
0.534130, 0.129272, 0.412349, 0.097680
0.534215, 0.804150, -0.360470, -0.149402
0.534271, 0.737495, -0.358676, -0.199768
0.534313, 0.471240, -0.769287, -0.818111
0.534318, 0.394418, 0.402499, 0.293675
0.534330, 0.929520, -0.362724, -0.053967
0.534369, 0.770936, -0.359479, -0.174521
0.534486, 0.284876, 0.408119, 0.213938
0.534556, 0.865884, -0.361422, -0.102497
0.534600, 0.536381, -0.349631, -0.348246
0.534778, 0.903852, -0.362008, -0.073578
0.534807, 0.916570, -0.362162, -0.063865
0.534851, 0.679010, -0.355989, -0.243415
0.534946, 0.711347, -0.357169, -0.219324
0.535090, 0.416835, 0.405220, 0.313323
0.535108, 0.890874, -0.361585, -0.083491
0.535294, 0.554609, -0.350114, -0.335067
0.535969, 0.310849, 0.408383, 0.233183
0.536082, 0.975995, -0.361865, -0.018400
0.536321, 1.000000, -0.361765, 0.000000
0.536325, 0.524191, -0.347604, -0.357050
0.536445, 0.347574, 0.407122, 0.260168
0.536717, 0.009056, 0.415374, 0.006854
0.536779, 0.512182, -0.346618, -0.365758
0.536866, 0.599471, -0.351168, -0.302349
0.536956, 0.962832, -0.360845, -0.028473
0.537174, 0.382005, 0.406381, 0.285721
0.537229, 0.816615, -0.358607, -0.140060
0.537478, 0.431397, 0.404875, 0.322438
0.537498, 0.082399, 0.415449, 0.062273
0.537683, 0.666632, -0.353648, -0.252889
0.537776, 0.877311, -0.359412, -0.093883
0.537814, 0.334319, 0.408667, 0.250347
0.537832, 0.200724, 0.413363, 0.151216
0.537846, 0.854655, -0.358767, -0.111106
0.538226, 0.610869, -0.350769, -0.294093
0.538430, 0.749930, -0.355827, -0.190457
0.538544, 0.047067, 0.416432, 0.035569
0.538706, 0.117251, 0.415881, 0.088545
0.538848, 0.782510, -0.356494, -0.165907
0.538892, 0.297952, 0.411162, 0.223608
0.538918, 0.164900, 0.415127, 0.124363
0.539510, 0.457980, 0.260489, 0.197857
0.539860, 0.252654, 0.413140, 0.189827
0.540213, 0.242015, 0.413786, 0.181923
0.540304, 0.152097, 0.416376, 0.114709
0.540324, 0.700105, -0.352774, -0.227909
0.540578, 0.178323, 0.416004, 0.134388
0.540606, 0.221930, 0.414794, 0.166983
0.540816, 0.020521, 0.418388, 0.015510
0.540933, 0.404761, 0.403384, 0.297496
0.541082, 0.370349, 0.409141, 0.276355
0.541183, 0.622708, -0.349097, -0.285470
0.541230, 0.842577, -0.356114, -0.120389
0.541309, 0.545053, -0.345154, -0.342239
0.541440, 0.655048, -0.350245, -0.261524
0.541752, 0.190232, 0.416550, 0.143278
0.541937, 0.000000, 0.419287, 0.000000
0.542152, 0.069989, 0.419207, 0.052884
0.542248, 0.265527, 0.414657, 0.199401
0.542359, 0.719438, -0.351865, -0.213453
0.542429, 0.139326, 0.418181, 0.105076
0.542606, 0.828843, -0.354785, -0.130856
0.542609, 0.443068, 0.395281, 0.317871
0.542647, 0.794644, -0.354112, -0.156873
0.542652, 0.988443, -0.356927, -0.008871
0.542765, 0.502675, -0.344101, -0.375288
0.542826, 0.103600, 0.419087, 0.078192
0.542829, 0.762002, -0.352961, -0.181508
0.542859, 0.490326, -0.319980, -0.360835
0.542931, 0.321705, 0.412957, 0.240871
0.543444, 0.565216, -0.344685, -0.327722
0.543557, 0.032694, 0.420383, 0.024695
0.543585, 0.951090, -0.356067, -0.037526
0.543615, 0.634952, -0.347880, -0.276559
0.543759, 0.576938, -0.344938, -0.319082
0.544125, 0.478580, -0.445294, -0.496227
0.544198, 0.688879, -0.349455, -0.236400
0.544524, 0.730137, -0.350642, -0.205504
0.544807, 0.422975, 0.413537, 0.318870
0.544821, 0.937479, -0.355074, -0.047974
0.544840, 0.357297, 0.412798, 0.266937
0.545268, 0.276492, 0.416621, 0.207486
0.545619, 0.924150, -0.354289, -0.058188
0.545717, 0.392096, 0.414235, 0.294818
0.545770, 0.288517, 0.416209, 0.216205
0.545774, 0.589824, -0.344275, -0.309915
0.545780, 0.092029, 0.421413, 0.069439
0.545824, 0.898290, -0.353727, -0.077970
0.545868, 0.885474, -0.353437, -0.087753
0.545937, 0.911096, -0.353848, -0.068182
0.545968, 0.866145, -0.352914, -0.102485
0.545974, 0.057742, 0.421924, 0.043582
0.546004, 0.466752, -0.244588, -0.305850
0.546309, 0.126530, 0.421298, 0.095401
0.546392, 0.210387, 0.419418, 0.158224
0.546431, 0.532804, -0.340889, -0.351501
0.546547, 0.675768, -0.347446, -0.246416
0.546590, 0.806799, -0.351416, -0.147718
0.546677, 0.644800, -0.345886, -0.269275
0.546746, 0.741286, -0.349528, -0.197292
0.546986, 0.965224, -0.353357, -0.026683
0.547380, 0.344465, 0.415113, 0.257335
0.547425, 0.308248, 0.416836, 0.230801
0.547526, 0.232528, 0.419563, 0.174686
0.547631, 0.773275, -0.349736, -0.173137
0.548013, 0.520917, -0.339085, -0.360183
0.548585, 0.709194, -0.346978, -0.221388
0.548670, 0.554838, -0.340319, -0.335514
0.548740, 0.977741, -0.352547, -0.017105
0.549060, 0.044618, 0.424096, 0.033651
0.549070, 0.412693, 0.400178, 0.294197
0.549083, 0.818010, -0.349810, -0.139257
0.549240, 0.602372, -0.342269, -0.300813
0.549299, 0.852390, -0.350342, -0.113080
0.549391, 0.380035, 0.413861, 0.282202
0.549537, 1.000000, -0.351998, 0.000000
0.549549, 0.452661, 0.145848, 0.071776
0.549958, 0.010384, 0.425220, 0.007840
0.550145, 0.614070, -0.342135, -0.292241
0.550172, 0.080187, 0.424833, 0.060473
0.550200, 0.332565, 0.417708, 0.248502
0.550403, 0.256737, 0.420690, 0.192503
0.550424, 0.663765, -0.343998, -0.255422
0.550491, 0.113337, 0.424537, 0.085406
0.550646, 0.433546, 0.433084, 0.342159
0.550686, 0.172378, 0.423496, 0.129680
0.550747, 0.160166, 0.423834, 0.120538
0.551162, 0.510191, -0.337227, -0.369109
0.551176, 0.199047, 0.423066, 0.149574
0.551305, 0.753691, -0.346383, -0.188001
0.551350, 0.785860, -0.347303, -0.163705
0.551852, 0.838110, -0.348218, -0.124035
0.552006, 0.185318, 0.424294, 0.139377
0.552050, 0.244356, 0.422418, 0.183308
0.552297, 0.147918, 0.425218, 0.111326
0.552595, 0.367455, 0.418064, 0.274137
0.552927, 0.876346, -0.348180, -0.094877
0.552938, 0.627661, -0.340628, -0.282285
0.553167, 0.221832, 0.423936, 0.166523
0.553331, 0.021707, 0.427587, 0.016368
0.553490, 0.542768, -0.336301, -0.344656
0.553553, 0.296487, 0.421611, 0.221809
0.553641, 0.401360, 0.427087, 0.308770
0.553825, 0.497487, -0.329416, -0.373243
0.553992, 0.698805, -0.342622, -0.229363
0.554140, 0.135704, 0.426810, 0.102138
0.554405, 0.320523, 0.421333, 0.239508
0.554567, 0.485508, -0.353301, -0.407013
0.554576, 0.068189, 0.428293, 0.051404
0.554646, 0.720873, -0.342830, -0.212796
0.554808, 0.567356, -0.336524, -0.326741
0.554819, 0.580851, -0.337190, -0.316883
0.555012, 0.684805, -0.341468, -0.239945
0.555050, 0.798795, -0.344998, -0.154038
0.555193, 0.652398, -0.339895, -0.263961
0.555350, 0.101648, 0.428343, 0.076558
0.555433, 0.267865, 0.424050, 0.200607
0.555590, 0.943224, -0.347159, -0.043655
0.555936, 0.955485, -0.347021, -0.034238
0.555943, 0.000000, 0.429711, 0.000000
0.555965, 0.032981, 0.429421, 0.024852
0.556028, 0.990030, -0.346921, -0.007669
0.556251, 0.890637, -0.345783, -0.083952
0.556278, 0.826213, -0.344608, -0.133163
0.556363, 0.282368, 0.424472, 0.211414
0.556422, 0.930405, -0.346394, -0.053505
0.556426, 0.354878, 0.421155, 0.264499
0.556605, 0.473561, -0.299906, -0.364430
0.556681, 0.862046, -0.344961, -0.105824
0.556704, 0.763718, -0.342724, -0.180614
0.556755, 0.461972, -0.276719, -0.350317
0.556759, 0.443194, 0.427395, 0.340257
0.556783, 0.904117, -0.345740, -0.073669
0.556858, 0.917385, -0.345849, -0.063492
0.557327, 0.732290, -0.341211, -0.204291
0.557352, 0.422644, 0.355430, 0.250877
0.557526, 0.056368, 0.430358, 0.042455
0.557667, 0.593384, -0.335727, -0.307848
0.557933, 0.389587, 0.416486, 0.285653
0.557964, 0.744753, -0.341279, -0.195007
0.557966, 0.122639, 0.429828, 0.092267
0.558040, 0.639258, -0.337406, -0.273947
0.558395, 0.530100, -0.332111, -0.354156
0.558575, 0.212111, 0.428223, 0.159150
0.558583, 0.968075, -0.344847, -0.024552
0.558692, 0.089893, 0.430863, 0.067666
0.559107, 0.672872, -0.337944, -0.248976
0.559114, 0.309509, 0.425159, 0.231189
0.559117, 0.343027, 0.423653, 0.255739
0.559731, 0.811994, -0.341774, -0.144086
0.559776, 0.776312, -0.340842, -0.171192
0.559828, 0.847699, -0.342450, -0.116871
0.559895, 0.232338, 0.428502, 0.174121
0.559979, 0.555118, -0.332126, -0.335917
0.560080, 0.044645, 0.432173, 0.033604
0.560469, 0.617833, -0.334630, -0.289842
0.560831, 0.517883, -0.329959, -0.363404
0.561007, 0.254356, 0.428594, 0.190416
0.561037, 0.980246, -0.343246, -0.015206
0.561113, 0.710967, -0.337791, -0.220506
0.561208, 0.377380, 0.424545, 0.281712
0.561801, 0.411232, 0.478086, 0.361239
0.561992, 0.606040, -0.333124, -0.298725
0.562145, 0.167110, 0.431998, 0.125475
0.562413, 0.191308, 0.431619, 0.143545
0.562493, 0.179063, 0.431998, 0.134408
0.562572, 0.331299, 0.426740, 0.247026
0.562754, 0.202377, 0.431499, 0.151765
0.562802, 0.077456, 0.434182, 0.058288
0.562919, 0.155189, 0.432847, 0.116554
0.563127, 0.505227, -0.326078, -0.371144
0.563311, 0.012011, 0.434885, 0.009043
0.563374, 0.789081, -0.338468, -0.161583
0.563415, 0.453172, -0.460298, -0.545908
0.563485, 0.692686, -0.335348, -0.234264
0.563512, 0.661393, -0.334143, -0.257622
0.563658, 1.000000, -0.341352, 0.000000
0.563851, 0.111771, 0.434374, 0.084030
0.563935, 0.242135, 0.431168, 0.181277
0.563957, 0.432663, 0.142925, 0.042061
0.564028, 0.871196, -0.339699, -0.098962
0.564246, 0.365235, 0.426144, 0.271526
0.564420, 0.835652, -0.338770, -0.126150
0.564513, 0.543322, -0.328319, -0.344836
0.564598, 0.143342, 0.434354, 0.107668
0.564606, 0.299456, 0.429579, 0.223584
0.564759, 0.573890, -0.329512, -0.322391
0.564935, 0.273647, 0.430697, 0.204510
0.565190, 0.883342, -0.339196, -0.089718
0.565241, 0.492216, -0.328746, -0.385573
0.565514, 0.131655, 0.435135, 0.098883
0.565675, 0.628789, -0.331289, -0.281981
0.565966, 0.753431, -0.335539, -0.188662
0.566032, 0.024361, 0.436856, 0.018326
0.566072, 0.399644, 0.406162, 0.276818
0.566146, 0.479757, -0.313971, -0.381150
0.566379, 0.288227, 0.431317, 0.215251
0.566708, 0.222890, 0.433896, 0.166946
0.566848, 0.801192, -0.336299, -0.152515
0.566921, 0.320005, 0.430336, 0.238544
0.567029, 0.649028, -0.331235, -0.267106
0.567086, 0.896896, -0.337939, -0.079333
0.567131, 0.723805, -0.333809, -0.211088
0.567210, 0.856997, -0.337104, -0.109895
0.567362, 0.064944, 0.437394, 0.048816
0.567445, 0.584716, -0.328041, -0.314563
0.567480, 0.948031, -0.338288, -0.040039
0.567664, 0.739354, -0.333811, -0.199326
0.567684, 0.935831, -0.338102, -0.049440
0.567691, 0.910275, -0.337739, -0.069084
0.567816, 0.822881, -0.336155, -0.136036
0.567916, 0.100486, 0.437591, 0.075518
0.567918, 0.681630, -0.331741, -0.242755
0.568023, 0.923324, -0.337652, -0.059054
0.568290, 0.466103, -0.337637, -0.417105
0.568349, 0.563414, -0.326432, -0.330283
0.568378, 0.766778, -0.334177, -0.178655
0.568419, 0.037085, 0.438484, 0.027882
0.568476, 0.261620, 0.433737, 0.195513
0.568483, 0.960402, -0.337613, -0.030519
0.568645, 0.353151, 0.430116, 0.262720
0.568739, 0.702536, -0.331733, -0.227018
0.568923, 0.000000, 0.438746, 0.000000
0.569256, 0.051671, 0.438983, 0.038836
0.569548, 0.596139, -0.327021, -0.306260
0.569693, 0.533710, -0.323888, -0.351914
0.569768, 0.387462, 0.434528, 0.292984
0.569878, 0.421308, 0.707980, 0.593472
0.570026, 0.442840, -0.252105, -0.349890
0.570383, 0.973559, -0.336191, -0.020385
0.570649, 0.988251, -0.336111, -0.009057
0.570795, 0.088396, 0.439691, 0.066384
0.571003, 0.341720, 0.432227, 0.254160
0.571283, 0.522900, -0.322381, -0.360072
0.571508, 0.121850, 0.439849, 0.091471
0.571651, 0.779989, -0.332116, -0.168731
0.571664, 0.211792, 0.437844, 0.158556
0.571691, 0.616834, -0.326317, -0.291057
0.571950, 0.638121, -0.327060, -0.275330
0.572195, 0.670507, -0.328092, -0.251173
0.572337, 0.309513, 0.434805, 0.230665
0.572474, 0.845277, -0.332978, -0.118967
0.572871, 0.248165, 0.437561, 0.185481
0.572881, 0.551798, -0.322618, -0.339059
0.572992, 0.812162, -0.331957, -0.144292
0.573102, 0.375449, 0.431395, 0.277871
0.573254, 0.511415, -0.319995, -0.368147
0.573493, 0.174517, 0.440099, 0.130737
0.573678, 0.187296, 0.439971, 0.140271
0.573774, 0.161863, 0.440596, 0.121296
0.574022, 0.233903, 0.438865, 0.174881
0.574075, 0.199414, 0.439941, 0.149281
0.574143, 0.279125, 0.437199, 0.208209
0.574150, 0.713295, -0.328183, -0.219187
0.574340, 0.409859, 0.338711, 0.210825
0.574629, 0.865948, -0.331719, -0.103165
0.574832, 0.454873, -0.281243, -0.374295
0.574862, 0.077475, 0.442859, 0.058159
0.574930, 0.499122, -0.319284, -0.378302
0.574978, 0.148997, 0.441823, 0.111688
0.575317, 0.329743, 0.435959, 0.245307
0.575427, 0.732368, -0.327761, -0.204804
0.575706, 0.606767, -0.322973, -0.298705
0.575903, 0.692133, -0.326180, -0.235164
0.575910, 0.658798, -0.324994, -0.260134
0.575925, 0.363419, 0.434810, 0.269826
0.576213, 0.008589, 0.444210, 0.006452
0.576258, 0.135581, 0.442986, 0.101639
0.576266, 0.791449, -0.328927, -0.160115
0.576338, 0.877339, -0.330607, -0.094449
0.576350, 0.297379, 0.438197, 0.221589
0.576419, 0.832753, -0.329916, -0.128668
0.576682, 0.475008, -0.320103, -0.399180
0.576877, 0.431478, -0.660816, -0.773524
0.576919, 1.000000, -0.331708, 0.000000
0.576990, 0.573959, -0.320548, -0.322918
0.576998, 0.889675, -0.330535, -0.085044
0.576999, 0.018566, 0.444892, 0.013938
0.577012, 0.486815, -0.315244, -0.385413
0.577096, 0.758251, -0.327534, -0.185417
0.577201, 0.110459, 0.444037, 0.082824
0.578026, 0.397694, 0.463772, 0.324078
0.578028, 0.267766, 0.440451, 0.199701
0.578144, 0.902998, -0.329876, -0.074811
0.578232, 0.030621, 0.445744, 0.022984
0.578272, 0.745721, -0.326216, -0.194893
0.578584, 0.626289, -0.321699, -0.284408
0.578700, 0.541623, -0.317676, -0.346567
0.578996, 0.916089, -0.329412, -0.064747
0.579022, 0.067469, 0.445969, 0.050611
0.579030, 0.043418, 0.446188, 0.032576
0.579282, 0.056287, 0.446260, 0.042224
0.579298, 0.585598, -0.319368, -0.314453
0.579395, 0.221686, 0.443193, 0.165673
0.579425, 0.952774, -0.329416, -0.036461
0.579489, 0.801841, -0.326788, -0.152285
0.579516, 0.940673, -0.329323, -0.045808
0.579723, 0.772234, -0.325794, -0.174788
0.579771, 0.928755, -0.329004, -0.054995
0.579812, 0.097112, 0.446167, 0.072800
0.580131, 0.647597, -0.321383, -0.268605
0.580184, 0.319633, 0.439976, 0.237691
0.580205, 0.855368, -0.327432, -0.111400
0.580302, 0.965546, -0.328829, -0.026612
0.580411, 0.680882, -0.322408, -0.243737
0.580478, 0.561222, -0.317474, -0.332499
0.580598, 0.978638, -0.328718, -0.016502
0.580962, 0.255677, 0.443165, 0.190742
0.581246, 0.287124, 0.442099, 0.213838
0.581259, 0.821466, -0.326030, -0.137389
0.581342, 0.351374, 0.438760, 0.260269
0.581533, 0.722340, -0.322935, -0.212580
0.581614, 0.596787, -0.318108, -0.306262
0.581732, 0.385971, 0.434165, 0.282035
0.581781, 0.442565, -0.410883, -0.519133
0.581987, 0.465529, -0.300002, -0.390505
0.582169, 0.529950, -0.314800, -0.355507
0.582314, 0.702996, -0.321814, -0.227242
0.582423, 0.339162, 0.440898, 0.252099
0.582508, 0.420062, 0.116143, -0.008225
0.582806, 0.122728, 0.447963, 0.091912
0.583561, 0.208832, 0.446642, 0.156028
0.583673, 0.000000, 0.449908, 0.000000
0.583768, 0.242332, 0.445637, 0.180784
0.583788, 0.518328, -0.312897, -0.363890
0.584199, 0.990222, -0.326089, -0.007560
0.584235, 0.182671, 0.447688, 0.136532
0.584390, 0.307204, 0.443585, 0.228448
0.584412, 0.086265, 0.449644, 0.064622
0.584501, 0.169813, 0.448228, 0.126972
0.584523, 0.842846, -0.324046, -0.121101
0.584525, 0.669105, -0.318922, -0.252705
0.584775, 0.636039, -0.317499, -0.277404
0.584906, 0.505612, -0.311746, -0.373505
0.584922, 0.374248, 0.439775, 0.276303
0.585026, 0.196060, 0.448077, 0.146509
0.585139, 0.784331, -0.322120, -0.165762
0.585159, 0.157166, 0.449033, 0.117553
0.585179, 0.614819, -0.316290, -0.293120
0.586280, 0.407224, 0.572923, 0.435572
0.586316, 0.454122, -0.332980, -0.435752
0.586376, 0.144670, 0.450183, 0.108221
0.586432, 0.867668, -0.322999, -0.102065
0.586597, 0.550624, -0.312350, -0.340399
0.586753, 0.492690, -0.309334, -0.382547
0.586800, 0.734045, -0.319444, -0.203954
0.586906, 0.810351, -0.321487, -0.145983
0.587038, 0.275848, 0.446701, 0.205320
0.587185, 0.362796, 0.443581, 0.269465
0.587351, 0.230475, 0.448660, 0.171915
0.587530, 0.881413, -0.322444, -0.091532
0.587708, 0.132965, 0.451388, 0.099475
0.587806, 0.764400, -0.319635, -0.181008
0.587961, 0.478691, -0.306600, -0.391601
0.588045, 0.692010, -0.317186, -0.235704
0.588086, 0.104444, 0.452089, 0.078168
0.588094, 0.895165, -0.322378, -0.080988
0.588131, 0.712842, -0.317792, -0.220010
0.588478, 0.569523, -0.311893, -0.326686
0.588567, 0.023878, 0.453214, 0.017885
0.588567, 0.075412, 0.452961, 0.056476
0.588639, 0.657724, -0.315489, -0.261401
0.589269, 0.753438, -0.318197, -0.189348
0.589354, 0.831539, -0.320219, -0.129866
0.589456, 0.908600, -0.321563, -0.070650
0.589459, 0.295706, 0.447691, 0.219794
0.589503, 0.430888, -0.147405, -0.270417
0.589590, 0.329757, 0.445957, 0.244336
0.589717, 0.036620, 0.454100, 0.027425
0.589763, 0.011073, 0.454253, 0.008296
0.589952, 0.049724, 0.454081, 0.037227
0.590102, 0.580145, -0.311163, -0.318940
0.590261, 0.604788, -0.312047, -0.300699
0.590302, 0.263553, 0.449616, 0.196192
0.590452, 0.796899, -0.318457, -0.156316
0.590459, 0.062640, 0.454406, 0.046894
0.590489, 0.395409, 0.431859, 0.279974
0.590776, 0.921536, -0.320709, -0.060681
0.590850, 0.957833, -0.320955, -0.032626
0.591107, 1.000000, -0.320852, 0.000000
0.591264, 0.114857, 0.454162, 0.085875
0.591319, 0.853668, -0.319188, -0.112941
0.591340, 0.945391, -0.320498, -0.042252
0.591364, 0.538606, -0.308526, -0.349681
0.591522, 0.742794, -0.316073, -0.197404
0.591543, 0.317309, 0.448293, 0.235538
0.591565, 0.623754, -0.311997, -0.286817
0.591827, 0.217820, 0.452403, 0.162448
0.592052, 0.591684, -0.310188, -0.310477
0.592073, 0.970121, -0.320120, -0.023130
0.592145, 0.933986, -0.319892, -0.051084
0.592323, 0.679673, -0.313488, -0.245055
0.592520, 0.343809, 0.448747, 0.255756
0.592689, 0.646621, -0.311987, -0.269783
0.592852, 0.980928, -0.319465, -0.014761
0.592902, 0.251188, 0.451907, 0.186983
0.592947, 0.774729, -0.316031, -0.173267
0.593424, 0.443194, -0.274494, -0.391220
0.593538, 0.466229, -0.307259, -0.406251
0.593864, 0.383004, 0.441710, 0.278347
0.593866, 0.416731, -0.497773, -0.634985
0.594196, 0.093924, 0.456824, 0.070244
0.594355, 0.526723, -0.305615, -0.358326
0.594401, 0.559764, -0.307070, -0.334095
0.594416, 0.820241, -0.316204, -0.138635
0.594512, 0.190142, 0.454963, 0.141811
0.594606, 0.725277, -0.313267, -0.210771
0.594709, 0.355501, 0.445687, 0.260140
0.594769, 0.284896, 0.451960, 0.211664
0.594794, 0.513464, -0.304765, -0.368140
0.595195, 0.177011, 0.455824, 0.132058
0.595447, 0.204661, 0.455360, 0.152580
0.595653, 0.164245, 0.456480, 0.122574
0.596308, 0.500796, -0.302925, -0.377292
0.596450, 0.702230, -0.311383, -0.228381
0.596504, 0.634604, -0.308756, -0.278935
0.596643, 0.239366, 0.455094, 0.178168
0.596704, 0.151479, 0.457534, 0.113069
0.596873, 0.304743, 0.452580, 0.226046
0.597081, 0.370118, 0.452437, 0.276348
0.597086, 0.667588, -0.309593, -0.254351
0.597103, 0.125981, 0.458484, 0.094120
0.597110, 0.000000, 0.459604, 0.000000
0.597188, 0.487169, -0.301309, -0.386946
0.597226, 0.842206, -0.314528, -0.121842
0.597496, 0.455187, -0.294795, -0.405406
0.597648, 0.786853, -0.312941, -0.164214
0.597648, 0.862970, -0.314529, -0.105874
0.597798, 0.874380, -0.314719, -0.097123
0.598092, 0.888017, -0.314692, -0.086618
0.598386, 0.083331, 0.460037, 0.062285
0.598553, 0.138739, 0.459250, 0.103583
0.598795, 0.807918, -0.312677, -0.148189
0.598828, 0.989730, -0.315131, -0.007957
0.599008, 0.405475, -0.097156, -0.245109
0.599052, 0.272330, 0.455577, 0.202293
0.599214, 0.547597, -0.303184, -0.343473
0.599465, 0.901257, -0.313988, -0.076447
0.599548, 0.019332, 0.461282, 0.014451
0.599600, 0.714281, -0.309294, -0.219303
0.599641, 0.690068, -0.308393, -0.237499
0.599693, 0.762433, -0.310747, -0.182868
0.599711, 0.612263, -0.305426, -0.295615
0.600021, 0.227550, 0.457963, 0.169353
0.600108, 0.070526, 0.461417, 0.052704
0.600183, 0.474823, -0.300251, -0.397778
0.600230, 0.425037, -0.376149, -0.512111
0.600516, 0.043718, 0.461855, 0.032668
0.600586, 0.104226, 0.461343, 0.077844
0.600696, 0.030749, 0.462107, 0.022980
0.600783, 0.056941, 0.461943, 0.042544
0.600862, 0.571676, -0.302833, -0.325619
0.601229, 0.914299, -0.312886, -0.066402
0.601447, 0.336304, 0.453502, 0.247912
0.601473, 0.598697, -0.303580, -0.305751
0.601624, 0.735877, -0.308475, -0.203050
0.601676, 0.656923, -0.305674, -0.262410
0.601765, 0.749373, -0.308662, -0.192750
0.601801, 0.324906, 0.455374, 0.240637
0.602034, 0.951429, -0.312424, -0.037641
0.602055, 0.584533, -0.302638, -0.316334
0.602069, 0.830825, -0.310766, -0.130714
0.602356, 0.436707, -0.312593, -0.441199
0.602393, 0.393371, 0.385185, 0.225414
0.602428, 0.260130, 0.458475, 0.193213
0.602676, 0.963882, -0.312276, -0.028020
0.602883, 0.294454, 0.457456, 0.218334
0.602947, 0.927201, -0.311705, -0.056433
0.603089, 0.313547, 0.456678, 0.232207
0.603800, 0.623273, -0.302812, -0.287579
0.603912, 0.116592, 0.463279, 0.086954
0.604030, 0.215436, 0.461254, 0.160289
0.604182, 0.535681, -0.298860, -0.352285
0.604244, 0.676953, -0.304562, -0.247558
0.604245, 0.797322, -0.308266, -0.156388
0.604262, 0.775901, -0.307693, -0.172736
0.604416, 0.195584, 0.461952, 0.145555
0.604453, 0.852573, -0.309361, -0.114038
0.604479, 0.521093, -0.297992, -0.362995
0.604587, 0.644904, -0.303182, -0.271601
0.604594, 0.010080, 0.465059, 0.007535
0.604839, 1.000000, -0.310670, 0.000000
0.604909, 0.939999, -0.310555, -0.046562
0.604962, 0.347927, 0.461231, 0.261915
0.605017, 0.976731, -0.310401, -0.018052
0.605281, 0.381213, 0.431923, 0.257835
0.605539, 0.360201, 0.447048, 0.256862
0.605620, 0.248445, 0.461212, 0.184516
0.605711, 0.183406, 0.463273, 0.136524
0.605776, 0.558467, -0.298787, -0.335730
0.606350, 0.448365, -0.296504, -0.419227
0.606475, 0.170752, 0.464158, 0.127137
0.606501, 0.508764, -0.295882, -0.372021
0.606669, 0.818958, -0.307074, -0.139932
0.606692, 0.495297, -0.295040, -0.381779
0.606733, 0.281598, 0.460692, 0.208750
0.606972, 0.158474, 0.464790, 0.118026
0.607065, 0.462073, -0.291489, -0.404213
0.607492, 0.879663, -0.307627, -0.093235
0.607686, 0.723519, -0.303553, -0.212584
0.607742, 0.414693, -0.211427, -0.360962
0.608054, 0.145318, 0.465984, 0.108273
0.608082, 0.092415, 0.466978, 0.068937
0.608528, 0.634108, -0.299617, -0.279598
0.608852, 0.130826, 0.466941, 0.097511
0.609080, 0.205148, 0.465148, 0.152515
0.609164, 0.865023, -0.305960, -0.104504
0.609281, 0.893300, -0.306404, -0.082704
0.609313, 0.709134, -0.301853, -0.223493
0.609428, 0.483629, -0.292739, -0.390635
0.609447, 0.370397, 0.503316, 0.318388
0.609547, 0.236620, 0.464576, 0.175724
0.609737, 0.698874, -0.301182, -0.231231
0.609765, 0.078672, 0.468396, 0.058681
0.610260, 0.841405, -0.304833, -0.122748
0.610531, 0.064749, 0.469037, 0.048292
0.610645, 0.687068, -0.300042, -0.240103
0.610796, 0.786511, -0.303140, -0.164843
0.610889, 0.050722, 0.469348, 0.037825
0.610926, 0.666254, -0.299207, -0.255833
0.610959, 0.036856, 0.469453, 0.027486
0.611034, 0.304447, 0.462767, 0.225207
0.611076, 0.000000, 0.469920, 0.000000
0.611112, 0.766905, -0.302217, -0.179719
0.611151, 0.605431, -0.296725, -0.301200
0.611282, 0.906232, -0.305286, -0.072773
0.611343, 0.269373, 0.464567, 0.199651
0.611363, 0.402460, -0.389054, -0.551669
0.611384, 0.988643, -0.305934, -0.008830
0.611416, 0.428215, -0.280717, -0.422990
0.611471, 0.547108, -0.294049, -0.344288
0.611662, 0.472148, -0.289802, -0.398302
0.611723, 0.755982, -0.301480, -0.188064
0.611844, 0.105587, 0.469531, 0.078694
0.611873, 0.591844, -0.295645, -0.311307
0.611878, 0.022729, 0.470405, 0.016956
0.611939, 0.807823, -0.302760, -0.148543
0.612502, 0.567712, -0.294165, -0.329152
0.612649, 0.224965, 0.467096, 0.167010
0.612773, 0.578637, -0.294339, -0.321005
0.612889, 0.329957, 0.462973, 0.243701
0.613063, 0.527622, -0.291903, -0.358515
0.613251, 0.918998, -0.303995, -0.062912
0.613273, 0.954061, -0.304011, -0.035673
0.613314, 0.743876, -0.300043, -0.197378
0.613459, 0.652565, -0.296865, -0.266213
0.613668, 0.616617, -0.295294, -0.292986
0.613685, 0.317056, 0.464209, 0.234326
0.613842, 0.733115, -0.299185, -0.205469
0.614229, 0.290950, 0.465666, 0.215250
0.614240, 0.966076, -0.303691, -0.026377
0.614409, 0.389915, -0.080036, -0.251703
0.614429, 0.830090, -0.301553, -0.131575
0.614545, 0.341045, 0.461053, 0.249094
0.614607, 0.119009, 0.470939, 0.088559
0.615050, 0.440142, -0.284208, -0.420116
0.615084, 0.257715, 0.467695, 0.190967
0.615269, 0.931463, -0.302571, -0.053258
0.615972, 0.191697, 0.470392, 0.142349
0.616132, 0.354328, 0.482812, 0.280059
0.616233, 0.501593, -0.288389, -0.377683
0.616451, 0.852938, -0.300517, -0.114033
0.616672, 0.178506, 0.471305, 0.132606
0.616990, 0.453653, -0.285916, -0.412882
0.617044, 0.515746, -0.288527, -0.367492
0.617125, 0.677943, -0.294953, -0.247246
0.617166, 0.873180, -0.300060, -0.098334
0.617407, 0.627415, -0.292879, -0.285047
0.617567, 0.716369, -0.295884, -0.218272
0.617647, 0.010955, 0.474485, 0.008164
0.617677, 0.796825, -0.298260, -0.157139
0.617859, 0.154355, 0.472813, 0.114741
0.617938, 1.000000, -0.301040, 0.000000
0.617976, 0.776307, -0.297385, -0.172770
0.618026, 0.943794, -0.300916, -0.043744
0.618030, 0.978292, -0.300904, -0.016894
0.618031, 0.213921, 0.471500, 0.158755
0.618126, 0.641320, -0.292700, -0.274539
0.618155, 0.245989, 0.470368, 0.182270
0.618214, 0.378083, 0.626659, 0.442654
0.618253, 0.537753, -0.288520, -0.351306
0.618266, 0.140961, 0.473455, 0.104826
0.618370, 0.166328, 0.472923, 0.123585
0.618641, 0.885444, -0.299356, -0.088940
0.618911, 0.557555, -0.289007, -0.336927
0.619062, 0.420073, -0.280743, -0.435160
0.619143, 0.278840, 0.469759, 0.206238
0.619341, 0.818668, -0.297519, -0.140425
0.619360, 0.489513, -0.285557, -0.386635
0.619726, 0.364712, 0.329421, 0.131653
0.619956, 0.084568, 0.475684, 0.062943
0.620544, 0.202063, 0.473486, 0.149890
0.620662, 0.096435, 0.475972, 0.071745
0.620706, 0.071534, 0.476404, 0.053247
0.620871, 0.058295, 0.476582, 0.043391
0.620966, 0.692079, -0.292459, -0.236651
0.621095, 0.465056, -0.283269, -0.404624
0.621112, 0.409707, -0.315515, -0.479754
0.621114, 0.044870, 0.476795, 0.033395
0.621266, 0.898116, -0.297535, -0.079158
0.621313, 0.300491, 0.470287, 0.221841
0.621414, 0.659586, -0.291090, -0.261160
0.621423, 0.031778, 0.477055, 0.023650
0.621573, 0.598535, -0.288706, -0.306734
0.621740, 0.130246, 0.476093, 0.096801
0.622168, 0.477653, -0.282796, -0.395236
0.622386, 0.584236, -0.287520, -0.317350
0.622576, 0.233888, 0.474049, 0.173261
0.622645, 0.726693, -0.292375, -0.210594
0.622697, 0.704553, -0.291756, -0.227435
0.622823, 0.862785, -0.295876, -0.106540
0.623029, 0.841539, -0.295308, -0.122929
0.623092, 0.324423, 0.470756, 0.239419
0.623190, 0.763957, -0.293073, -0.182295
0.623228, 0.752048, -0.292870, -0.191474
0.623335, 0.108756, 0.477740, 0.080855
0.623422, 0.910632, -0.296321, -0.069533
0.623636, 0.397524, -0.213680, -0.388559
0.623924, 0.431367, -0.279128, -0.428657
0.624043, 0.610726, -0.287331, -0.297759
0.624207, 0.267169, 0.473927, 0.197537
0.624304, 0.569863, -0.285537, -0.328086
0.624336, 0.786264, -0.292941, -0.165365
0.624545, 0.000000, 0.479618, 0.000000
0.624565, 0.311717, 0.472232, 0.229946
0.624763, 0.989042, -0.295911, -0.008538
0.624953, 0.526459, -0.283205, -0.360036
0.624957, 0.670328, -0.288834, -0.253235
0.625008, 0.807118, -0.293003, -0.149428
0.625031, 0.347826, 0.474633, 0.259882
0.625296, 0.547469, -0.283769, -0.344510
0.625354, 0.020387, 0.480070, 0.015166
0.625436, 0.507164, -0.281817, -0.373943
0.625661, 0.222590, 0.476560, 0.164835
0.625744, 0.968221, -0.294974, -0.024756
0.625793, 0.922569, -0.294661, -0.060283
0.625998, 0.956645, -0.294656, -0.033763
0.626031, 0.444782, -0.278347, -0.419206
0.626131, 0.739072, -0.290169, -0.201333
0.626250, 0.335561, 0.469440, 0.244288
0.626443, 0.830150, -0.292525, -0.131788
0.626504, 0.288684, 0.474605, 0.213104
0.626612, 0.185462, 0.478275, 0.137465
0.626663, 0.120271, 0.479650, 0.089285
0.627087, 0.385406, -0.505257, -0.692788
0.627436, 0.648738, -0.286113, -0.269416
0.627722, 0.255661, 0.476893, 0.188992
0.627765, 0.634038, -0.285482, -0.280567
0.627805, 0.149336, 0.480156, 0.110816
0.627843, 0.934641, -0.293179, -0.050910
0.627909, 0.621943, -0.284810, -0.289483
0.628386, 0.875604, -0.291738, -0.096668
0.628831, 0.682789, -0.286393, -0.244024
0.628910, 0.495450, -0.278802, -0.382735
0.628986, 0.174057, 0.480371, 0.129019
0.629179, 0.372087, 0.004686, -0.192125
0.629689, 0.457135, -0.276405, -0.410593
0.629749, 0.715849, -0.286851, -0.219134
0.629779, 0.852102, -0.290556, -0.114958
0.629814, 0.888361, -0.291057, -0.086866
0.630089, 0.161605, 0.481406, 0.119795
0.630180, 0.243631, 0.479035, 0.180082
0.630290, 0.195796, 0.480773, 0.145004
0.630292, 0.774172, -0.288189, -0.174798
0.630532, 0.358743, 0.724304, 0.514939
0.630589, 0.946640, -0.291408, -0.041612
0.630855, 0.208893, 0.480780, 0.154617
0.631133, 0.420183, -0.277495, -0.441301
0.631146, 0.516777, -0.278047, -0.367175
0.631205, 1.000000, -0.291137, 0.000000
0.631217, 0.592034, -0.281207, -0.311855
0.631229, 0.796566, -0.288067, -0.157673
0.631384, 0.558425, -0.279766, -0.336755
0.631507, 0.077247, 0.484154, 0.057370
0.631519, 0.536763, -0.278832, -0.352796
0.631580, 0.138151, 0.483110, 0.102467
0.631624, 0.817546, -0.288291, -0.141582
0.631672, 0.052275, 0.484428, 0.038826
0.631713, 0.010308, 0.484654, 0.007660
0.631810, 0.978215, -0.290601, -0.016996
0.631845, 0.277085, 0.478970, 0.204430
0.631896, 0.089472, 0.484260, 0.066430
0.631905, 0.064585, 0.484556, 0.047968
0.632112, 0.483341, -0.275870, -0.391674
0.632122, 0.039846, 0.484635, 0.029583
0.632459, 0.577763, -0.279763, -0.322527
0.632529, 0.695478, -0.284025, -0.234564
0.632542, 0.406489, -0.253954, -0.429237
0.632573, 0.300459, 0.478231, 0.221162
0.633114, 0.470387, -0.274605, -0.401230
0.633185, 0.902050, -0.288743, -0.076298
0.633295, 0.101384, 0.485012, 0.075228
0.633397, 0.660636, -0.282170, -0.260798
0.633589, 0.322748, 0.480194, 0.239490
0.633819, 0.749529, -0.284730, -0.193625
0.633976, 0.604189, -0.279669, -0.302988
0.634191, 0.029414, 0.486339, 0.021836
0.634278, 0.434643, -0.272113, -0.427214
0.634443, 0.728288, -0.283731, -0.209858
0.634753, 0.864936, -0.287023, -0.105118
0.635150, 0.761400, -0.284071, -0.184611
0.635791, 0.393781, -0.319928, -0.507689
0.635874, 0.113612, 0.486734, 0.084246
0.635937, 0.345859, 0.377164, 0.152602
0.636046, 0.127488, 0.486302, 0.094455
0.636119, 0.219554, 0.484257, 0.162282
0.636201, 0.231795, 0.483853, 0.171226
0.636265, 0.640329, -0.279266, -0.276082
0.636313, 0.913750, -0.286731, -0.067280
0.636544, 0.840670, -0.285242, -0.123925
0.636815, 0.706496, -0.281224, -0.226420
0.636847, 0.785084, -0.283609, -0.166655
0.637105, 0.673064, -0.279916, -0.251673
0.637280, 0.265493, 0.483181, 0.195715
0.637300, 0.311507, 0.481809, 0.229735
0.637318, 0.505001, -0.273058, -0.376160
0.637396, 0.965235, -0.286245, -0.027143
0.637486, 0.828286, -0.284079, -0.133424
0.637561, 0.615889, -0.277456, -0.294435
0.637888, 0.447113, -0.270040, -0.418359
0.638107, 0.989013, -0.285961, -0.008584
0.638162, 0.926465, -0.285482, -0.057399
0.638188, 0.547326, -0.274324, -0.345287
0.638249, 0.289155, 0.483152, 0.213076
0.638268, 0.333943, 0.517689, 0.282188
0.638288, 0.380538, -0.185481, -0.385050
0.638335, 0.000000, 0.489589, 0.000000
0.638346, 0.526447, -0.273198, -0.360464
0.638389, 0.567191, -0.274931, -0.330576
0.638615, 0.806834, -0.282786, -0.149985
0.638908, 0.184843, 0.487328, 0.136712
0.638974, 0.150484, 0.488234, 0.111422
0.639534, 0.878702, -0.283556, -0.094500
0.639709, 0.739222, -0.280143, -0.201738
0.639729, 0.020387, 0.490543, 0.015126
0.639909, 0.253631, 0.485622, 0.187014
0.640059, 0.892379, -0.283382, -0.083893
0.640099, 0.171939, 0.488401, 0.127163
0.640309, 0.939425, -0.283912, -0.047305
0.640363, 0.367711, -0.502630, -0.712604
0.640475, 0.628378, -0.275766, -0.285252
0.640622, 0.585221, -0.273919, -0.317247
0.640757, 0.651367, -0.276282, -0.267958
0.640812, 0.685687, -0.277572, -0.242299
0.640869, 0.492896, -0.269899, -0.385141
0.640957, 0.198688, 0.488402, 0.146821
0.641023, 0.953578, -0.283688, -0.036285
0.641166, 0.459460, -0.268220, -0.409566
0.641740, 0.853284, -0.281671, -0.114312
0.641769, 0.413230, -0.262023, -0.439356
0.641880, 0.242320, 0.487505, 0.178699
0.642008, 0.426296, -0.265893, -0.433374
0.642161, 0.772558, -0.279241, -0.176368
0.642163, 0.718342, -0.277573, -0.217612
0.642508, 0.160609, 0.490438, 0.118772
0.642539, 0.044635, 0.492176, 0.033071
0.642787, 0.069650, 0.492392, 0.051615
0.642976, 0.355778, 0.148188, -0.071189
0.642999, 0.082354, 0.492397, 0.061018
0.643264, 0.056698, 0.492875, 0.042017
0.643597, 0.140658, 0.491796, 0.104081
0.643674, 0.278312, 0.487302, 0.204777
0.643700, 0.596506, -0.272088, -0.309022
0.643721, 0.480763, -0.267276, -0.394127
0.643842, 0.514867, -0.268701, -0.369263
0.643996, 0.210597, 0.490149, 0.155443
0.644205, 0.977051, -0.281445, -0.017959
0.644218, 0.094358, 0.493087, 0.069877
0.644235, 0.795729, -0.278349, -0.158693
0.644405, 1.000000, -0.281287, 0.000000
0.644494, 0.300355, 0.485278, 0.219021
0.644610, 0.817729, -0.278531, -0.141745
0.644834, 0.536679, -0.268868, -0.353278
0.644949, 0.401151, -0.273326, -0.462455
0.645223, 0.556731, -0.269476, -0.338625
0.645322, 0.751232, -0.276164, -0.192683
0.645362, 0.663326, -0.273253, -0.259149
0.645460, 0.470389, -0.265542, -0.401773
0.645462, 0.697110, -0.274448, -0.233822
0.645589, 0.010363, 0.494754, 0.007682
0.645605, 0.322603, 0.480572, 0.230650
0.645746, 0.106281, 0.493964, 0.078662
0.645971, 0.033608, 0.495107, 0.024904
0.645973, 0.865771, -0.278690, -0.104707
0.646470, 0.438407, -0.263245, -0.424882
0.646521, 0.903905, -0.278814, -0.075055
0.646564, 0.575255, -0.269131, -0.324887
0.646577, 0.118763, 0.494261, 0.087847
0.646945, 0.223652, 0.491942, 0.164929
0.646946, 0.607687, -0.270129, -0.300880
0.647289, 0.130311, 0.494481, 0.096342
0.647417, 0.388367, -0.242517, -0.443324
0.647548, 0.730007, -0.273890, -0.208925
0.647690, 0.640319, -0.270791, -0.276578
0.647869, 0.831358, -0.276320, -0.131280
0.647897, 0.343595, 0.793095, 0.558648
0.648073, 0.917373, -0.278054, -0.064629
0.648200, 0.762167, -0.274303, -0.184414
0.648658, 0.782591, -0.274678, -0.168896
0.648972, 0.268690, 0.491452, 0.197545
0.649006, 0.676366, -0.271063, -0.249559
0.649068, 0.502276, -0.264289, -0.378678
0.649561, 0.843531, -0.275611, -0.122038
0.649628, 0.312511, 0.495908, 0.235333
0.649717, 0.889580, -0.276050, -0.086211
0.649963, 0.965822, -0.276974, -0.026765
0.650029, 0.619280, -0.268295, -0.292402
0.650041, 0.450830, -0.261248, -0.416108
0.650050, 0.930673, -0.276643, -0.054249
0.650160, 0.708571, -0.271281, -0.225294
0.650165, 0.376029, -0.296724, -0.509035
0.650181, 0.190243, 0.495187, 0.140330
0.650378, 0.177425, 0.495618, 0.130913
0.650446, 0.877105, -0.275340, -0.095931
0.650556, 0.257962, 0.493134, 0.189776
0.650686, 0.288790, 0.493525, 0.213789
0.650762, 0.332734, 0.396435, 0.150506
0.650798, 0.234841, 0.494282, 0.172949
0.650862, 0.525175, -0.263960, -0.362021
0.650924, 0.988113, -0.276428, -0.009313
0.651397, 0.943953, -0.275741, -0.043880
0.651757, 0.419238, -0.258107, -0.438586
0.651951, 0.806952, -0.272889, -0.150296
0.651954, 0.546393, -0.264008, -0.346450
0.652006, 0.000000, 0.499551, 0.000000
0.652087, 0.022278, 0.499528, 0.016489
0.652421, 0.151232, 0.498042, 0.111694
0.652574, 0.586621, -0.265099, -0.316709
0.652656, 0.364055, -0.167440, -0.390915
0.652689, 0.489301, -0.261125, -0.388412
0.652714, 0.164914, 0.497790, 0.121710
0.652787, 0.565322, -0.264155, -0.332532
0.652789, 0.742140, -0.270368, -0.199895
0.652921, 0.652778, -0.267345, -0.267459
0.653169, 0.246786, 0.495521, 0.181554
0.653325, 0.202826, 0.497186, 0.149481
0.653451, 0.061790, 0.500123, 0.045691
0.653635, 0.075516, 0.500112, 0.055832
0.653674, 0.046865, 0.500421, 0.034657
0.653788, 0.955673, -0.274091, -0.034734
0.653915, 0.687522, -0.267778, -0.241342
0.654136, 0.629917, -0.265615, -0.284617
0.654177, 0.462969, -0.258794, -0.407531
0.654335, 0.856078, -0.272237, -0.112397
0.654622, 0.408153, -0.258149, -0.449389
0.654870, 0.719946, -0.268098, -0.216822
0.655184, 0.429714, -0.256349, -0.431436
0.655186, 0.087916, 0.501145, 0.064973
0.655444, 0.351827, -0.553965, -0.787647
0.655638, 0.793117, -0.269716, -0.161012
0.655764, 0.770943, -0.268853, -0.177920
0.655780, 0.512971, -0.259799, -0.371156
0.655804, 0.820738, -0.270247, -0.139728
0.655859, 0.301560, 0.487607, 0.213590
0.656070, 0.598217, -0.262942, -0.308247
0.656194, 0.666925, -0.265235, -0.256807
0.656233, 0.214998, 0.498766, 0.158253
0.656299, 0.138958, 0.500947, 0.102552
0.656336, 0.100519, 0.501740, 0.074250
0.656832, 0.395614, -0.249847, -0.452410
0.656877, 0.476482, -0.257430, -0.397858
0.657140, 1.000000, -0.271886, 0.000000
0.657334, 0.277941, 0.496064, 0.203009
0.657396, 0.113058, 0.502227, 0.083462
0.657410, 0.976022, -0.271580, -0.018814
0.657919, 0.535376, -0.259162, -0.354836
0.658139, 0.754707, -0.266730, -0.190486
0.658163, 0.125674, 0.502507, 0.092730
0.658196, 0.033908, 0.503821, 0.025056
0.658280, 0.909669, -0.270203, -0.070762
0.658285, 0.698997, -0.264883, -0.232829
0.658426, 0.897005, -0.269826, -0.080625
0.658529, 0.010968, 0.504111, 0.008108
0.658653, 0.868443, -0.269171, -0.102864
0.658693, 0.441381, -0.254462, -0.423325
0.659055, 0.324292, 0.488465, 0.229758
0.659288, 0.576013, -0.259730, -0.324879
0.659339, 0.833913, -0.267839, -0.129611
0.659356, 0.610051, -0.260931, -0.299573
0.659397, 0.227010, 0.500652, 0.166917
0.659490, 0.640901, -0.261932, -0.276527
0.659627, 0.555424, -0.258653, -0.340081
0.659798, 0.922855, -0.269323, -0.060490
0.659957, 0.732060, -0.264595, -0.207735
0.660006, 0.384011, -0.256918, -0.470812
0.660380, 0.500331, -0.255874, -0.380607
0.660390, 0.883030, -0.267967, -0.091499
0.660857, 0.782053, -0.265313, -0.169545
0.660903, 0.338535, 0.106285, -0.139686
0.661023, 0.183090, 0.503018, 0.134747
0.661026, 0.313283, 0.543483, 0.275081
0.661259, 0.265583, 0.500604, 0.194992
0.661686, 0.936445, -0.267983, -0.049859
0.661948, 0.291952, 0.503940, 0.218189
0.662173, 0.846616, -0.266156, -0.119912
0.662315, 0.195228, 0.503657, 0.143594
0.662331, 0.677900, -0.261045, -0.248801
0.662333, 0.453152, -0.252381, -0.415034
0.662732, 0.372635, -0.237544, -0.462239
0.662795, 0.171237, 0.504873, 0.126085
0.662967, 0.055475, 0.506971, 0.040937
0.663116, 0.523611, -0.254821, -0.363679
0.663233, 0.800412, -0.264120, -0.155564
0.663266, 0.158101, 0.505590, 0.116460
0.663350, 0.988152, -0.267156, -0.009309
0.663402, 0.253398, 0.502611, 0.185958
0.663438, 0.621421, -0.258296, -0.291253
0.663481, 0.418006, -0.250261, -0.440797
0.663666, 0.069685, 0.507353, 0.051413
0.663682, 0.710332, -0.261159, -0.224396
0.663798, 0.659518, -0.259265, -0.262628
0.663960, 0.949634, -0.266377, -0.039543
0.663985, 0.240109, 0.503481, 0.176278
0.664095, 0.487987, -0.252652, -0.389852
0.664240, 0.963832, -0.266408, -0.028416
0.664433, 0.587708, -0.256326, -0.316396
0.664537, 0.811822, -0.263528, -0.146857
0.664731, 0.361009, -0.293385, -0.528358
0.664776, 0.021787, 0.508639, 0.016081
0.665220, 0.744389, -0.261050, -0.198542
0.665266, 0.764061, -0.261577, -0.183507
0.665341, 0.000000, 0.509108, 0.000000
0.665458, 0.146065, 0.507466, 0.107587
0.665514, 0.465512, -0.250609, -0.406228
0.665545, 0.403772, -0.246779, -0.449833
0.665705, 0.545090, -0.253763, -0.347991
0.665864, 0.649433, -0.257306, -0.270207
0.666077, 0.081621, 0.509087, 0.060191
0.666163, 0.206713, 0.506272, 0.151910
0.666165, 0.565524, -0.254184, -0.332887
0.666262, 0.043314, 0.509498, 0.031947
0.666587, 0.348599, -0.146756, -0.392601
0.666706, 0.094613, 0.509309, 0.069744
0.666812, 0.430365, -0.248187, -0.431880
0.666841, 0.689247, -0.258079, -0.240442
0.667007, 0.859844, -0.262821, -0.109752
0.667102, 0.721631, -0.258930, -0.215925
0.667549, 0.511438, -0.251036, -0.372781
0.667610, 0.282328, 0.503368, 0.205819
0.667907, 0.133081, 0.509413, 0.097987
0.667983, 0.632585, -0.255285, -0.283076
0.667995, 0.599858, -0.254123, -0.307512
0.668018, 0.823738, -0.261156, -0.137723
0.668188, 0.107257, 0.510171, 0.079021
0.668239, 0.303975, 0.472693, 0.190868
0.668728, 0.874581, -0.261666, -0.098266
0.668872, 0.119907, 0.510386, 0.088297
0.669021, 0.217780, 0.507786, 0.159832
0.669580, 0.476665, -0.248111, -0.398311
0.669611, 0.902173, -0.261540, -0.076778
0.669624, 0.889269, -0.261212, -0.086822
0.669677, 0.391789, -0.245378, -0.460795
0.669765, 0.976513, -0.262365, -0.018482
0.669793, 0.774937, -0.258402, -0.175260
0.669820, 0.330030, 0.103239, -0.155719
0.669914, 1.000000, -0.262364, 0.000000
0.669999, 0.914868, -0.261470, -0.066858
0.670050, 0.789620, -0.258594, -0.163992
0.670166, 0.668713, -0.254781, -0.255927
0.670352, 0.229782, 0.508361, 0.168531
0.670557, 0.442358, -0.245929, -0.423312
0.670797, 0.533970, -0.249545, -0.356390
0.671009, 0.700717, -0.255345, -0.231935
0.671165, 0.271810, 0.507110, 0.198818
0.671199, 0.835674, -0.259008, -0.128549
0.671267, 0.928014, -0.260806, -0.056593
0.671322, 0.031574, 0.513227, 0.023267
0.671609, 0.576830, -0.250546, -0.324719
0.671720, 0.010436, 0.513599, 0.007693
0.671837, 0.317517, 0.697529, 0.425237
0.671906, 0.611647, -0.251635, -0.298891
0.671986, 0.499334, -0.247271, -0.381849
0.672078, 0.733991, -0.255497, -0.206626
0.672299, 0.754481, -0.256035, -0.191069
0.672455, 0.188766, 0.511039, 0.138558
0.672519, 0.063821, 0.513806, 0.047003
0.673079, 0.380460, -0.239696, -0.466414
0.673438, 0.555034, -0.248373, -0.340934
0.673516, 0.410877, -0.241978, -0.445732
0.673548, 0.178039, 0.512350, 0.130754
0.673734, 0.941319, -0.258993, -0.046158
0.673833, 0.165242, 0.512934, 0.121407
0.673936, 0.260368, 0.509882, 0.190624
0.673940, 0.847226, -0.257247, -0.119672
0.673997, 0.454290, -0.243895, -0.414764
0.674208, 0.643232, -0.250942, -0.275279
0.674390, 0.293075, 0.520237, 0.226021
0.674697, 0.247786, 0.510739, 0.181377
0.674812, 0.802008, -0.255387, -0.154620
0.675062, 0.341165, -0.219759, -0.477915
0.675129, 0.368674, -0.243097, -0.480380
0.675155, 0.954512, -0.258168, -0.035820
0.675283, 0.522110, -0.245726, -0.365261
0.675467, 0.052438, 0.516009, 0.038597
0.675620, 0.152945, 0.514625, 0.112394
0.675687, 0.199372, 0.513056, 0.146187
0.675800, 0.680039, -0.250944, -0.247608
0.675927, 0.988781, -0.257723, -0.008840
0.675966, 0.355758, -0.227762, -0.475508
0.675994, 0.421572, -0.240793, -0.438253
0.675999, 0.589341, -0.247715, -0.315586
0.676060, 0.487770, -0.243783, -0.390468
0.676594, 0.623176, -0.248524, -0.290449
0.676693, 0.656957, -0.249465, -0.264983
0.676965, 0.088622, 0.516748, 0.065189
0.677172, 0.813942, -0.254054, -0.145551
0.677209, 0.075331, 0.517059, 0.055415
0.677391, 0.712382, -0.250930, -0.223321
0.677396, 0.966367, -0.256671, -0.026513
0.677525, 0.140338, 0.516200, 0.103108
0.677705, 0.465541, -0.241626, -0.406709
0.678257, 0.020121, 0.518333, 0.014809
0.678328, 0.857656, -0.254016, -0.111597
0.678464, 0.236555, 0.514038, 0.173194
0.678473, 0.869021, -0.254325, -0.102823
0.678483, 0.399349, -0.238507, -0.454949
0.678565, 0.723730, -0.250272, -0.214629
0.678657, 0.101158, 0.517814, 0.074372
0.678725, 0.765774, -0.251567, -0.182658
0.678881, 0.743755, -0.250681, -0.199412
0.678887, 0.565791, -0.244717, -0.333197
0.678968, 0.544303, -0.243866, -0.349101
0.679025, 0.000000, 0.518891, 0.000000
0.679294, 0.781043, -0.251462, -0.170883
0.679307, 0.041125, 0.518909, 0.030251
0.679310, 0.432666, -0.238971, -0.430534
0.679389, 0.127156, 0.517817, 0.093413
0.679507, 0.305326, 0.461357, 0.172103
0.679513, 0.510139, -0.242128, -0.374238
0.679620, 0.881809, -0.253747, -0.092887
0.679772, 0.210642, 0.516014, 0.154353
0.679784, 0.114190, 0.518397, 0.083911
0.679797, 0.281570, 0.510158, 0.202762
0.679891, 0.690769, -0.248220, -0.239654
0.680098, 0.601525, -0.245101, -0.306697
0.680444, 0.825946, -0.251831, -0.136319
0.680817, 0.894642, -0.252979, -0.082846
0.680864, 0.222864, 0.516104, 0.163109
0.681118, 0.907123, -0.252977, -0.073083
0.681570, 0.327497, -0.420108, -0.691999
0.681585, 0.634064, -0.245142, -0.282471
0.681588, 0.919684, -0.252821, -0.063239
0.681810, 0.669767, -0.246158, -0.255643
0.682129, 0.476405, -0.238807, -0.398966
0.682682, 0.978619, -0.252618, -0.016868
0.682784, 0.444003, -0.236969, -0.422560
0.682836, 0.932557, -0.252176, -0.053163
0.683048, 0.702173, -0.246160, -0.231085
0.683073, 1.000000, -0.252480, 0.000000
0.683146, 0.578653, -0.241970, -0.323775
0.683198, 0.532497, -0.240243, -0.357930
0.683202, 0.792779, -0.248910, -0.162019
0.683346, 0.388225, -0.233769, -0.462505
0.683444, 0.315623, 0.209017, -0.071188
0.683622, 0.837876, -0.249683, -0.127134
0.683779, 0.173866, 0.519666, 0.127398
0.683932, 0.063620, 0.522121, 0.046749
0.683942, 0.269290, 0.516132, 0.196306
0.684159, 0.498408, -0.238200, -0.382987
0.684335, 0.188235, 0.519880, 0.137893
0.684442, 0.029783, 0.522586, 0.021884
0.684460, 0.613587, -0.242266, -0.297877
0.684935, 0.409896, -0.234001, -0.447367
0.685266, 0.256092, 0.517789, 0.186820
0.685267, 0.754115, -0.246188, -0.191711
0.685346, 0.646794, -0.242735, -0.273050
0.685501, 0.350767, -0.233367, -0.492188
0.685635, 0.160817, 0.521582, 0.117889
0.685641, 0.338490, -0.273386, -0.541303
0.685698, 0.732822, -0.245154, -0.207923
0.685775, 0.009717, 0.523707, 0.007141
0.685796, 0.377030, -0.232026, -0.471192
0.685855, 0.945826, -0.249984, -0.042739
0.685894, 0.294660, 0.545321, 0.243767
0.686139, 0.364186, -0.230352, -0.479533
0.686403, 0.455160, -0.234801, -0.414652
0.687066, 0.554793, -0.238242, -0.341698
0.687132, 0.804855, -0.246215, -0.152786
0.687246, 0.849296, -0.247222, -0.118351
0.687342, 0.083546, 0.524240, 0.061320
0.687465, 0.520325, -0.236613, -0.367066
0.687485, 0.148055, 0.523198, 0.108529
0.687600, 0.243746, 0.520361, 0.178133
0.687652, 0.773693, -0.244891, -0.176733
0.687665, 0.051539, 0.524800, 0.037837
0.687675, 0.421578, -0.232427, -0.438969
0.687692, 0.200529, 0.521496, 0.146619
0.687762, 0.591010, -0.238949, -0.314757
0.688106, 0.487014, -0.234804, -0.391443
0.688129, 0.957351, -0.248400, -0.033680
0.688526, 0.659131, -0.240730, -0.263864
0.689089, 0.134943, 0.524597, 0.098906
0.689372, 0.989991, -0.247610, -0.007911
0.689412, 0.682258, -0.240811, -0.246449
0.689422, 0.095058, 0.525659, 0.069733
0.689675, 0.230029, 0.522117, 0.167947
0.689703, 0.862030, -0.245566, -0.108450
0.689730, 0.720048, -0.241786, -0.217844
0.689832, 0.816928, -0.244567, -0.143570
0.690054, 0.107784, 0.525880, 0.079039
0.690133, 0.625301, -0.238380, -0.289291
0.690141, 0.969056, -0.247045, -0.024459
0.690165, 0.568190, -0.236356, -0.331816
0.690305, 0.874475, -0.245560, -0.098824
0.690382, 0.282933, 0.524322, 0.210017
0.690420, 0.465989, -0.232292, -0.406951
0.690894, 0.121388, 0.526006, 0.088939
0.691026, 0.397929, -0.228820, -0.456102
0.691135, 0.073346, 0.527132, 0.053802
0.691317, 0.433499, -0.230269, -0.430533
0.691393, 0.215478, 0.524056, 0.157444
0.691506, 0.542671, -0.234433, -0.350749
0.691543, 0.886856, -0.244894, -0.089178
0.691690, 0.709210, -0.239786, -0.225968
0.691768, 0.508273, -0.232946, -0.376069
0.691991, 0.039818, 0.527989, 0.029209
0.692019, 0.742255, -0.240697, -0.200957
0.692139, 0.603419, -0.236112, -0.305691
0.692326, 0.019118, 0.528448, 0.014028
0.692444, 0.899254, -0.244347, -0.079445
0.692450, 0.694800, -0.238898, -0.237049
0.692627, 0.305797, 0.189678, -0.104834
0.692642, 0.763445, -0.240877, -0.184781
0.692706, 0.911558, -0.244334, -0.069782
0.692809, 0.784806, -0.241328, -0.168360
0.692953, 0.671150, -0.237736, -0.254912
0.693047, 0.829019, -0.242408, -0.134263
0.693153, 0.924042, -0.244177, -0.059968
0.693185, 0.181148, 0.526245, 0.132440
0.693228, 0.000000, 0.529232, 0.000000
0.693539, 0.319349, -0.205390, -0.494456
0.693896, 0.637241, -0.235945, -0.280478
0.694201, 0.936856, -0.243661, -0.049904
0.694551, 0.331054, -0.203256, -0.484400
0.695052, 0.476157, -0.229252, -0.399681
0.695066, 0.580344, -0.233097, -0.322951
0.695121, 0.445368, -0.227970, -0.422102
0.695301, 0.168829, 0.528141, 0.123435
0.695311, 0.530158, -0.231143, -0.360135
0.695348, 0.273512, 0.524439, 0.199185
0.696028, 0.061089, 0.530830, 0.044773
0.696052, 0.410289, -0.225762, -0.447454
0.696055, 0.262280, 0.524166, 0.189936
0.696065, 0.358160, -0.223387, -0.484843
0.696078, 0.344783, -0.220668, -0.492318
0.696172, 0.980788, -0.242453, -0.015202
0.696412, 0.372204, -0.223850, -0.474883
0.696510, 0.796085, -0.238923, -0.159832
0.696524, 0.840966, -0.240046, -0.125059
0.696691, 0.386010, -0.224372, -0.465150
0.696828, 0.496478, -0.228689, -0.384827
0.696848, 0.615715, -0.233027, -0.296726
0.696998, 0.650356, -0.234028, -0.270728
0.697029, 1.000000, -0.241907, 0.000000
0.697302, 0.028629, 0.531807, 0.020977
0.697497, 0.204395, 0.528414, 0.149108
0.697702, 0.250792, 0.527883, 0.183429
0.697707, 0.156580, 0.530345, 0.114498
0.697726, 0.292831, 0.693487, 0.383657
0.697959, 0.729408, -0.235887, -0.211016
0.698396, 0.751979, -0.236194, -0.193746
0.698426, 0.191566, 0.529770, 0.139857
0.698617, 0.559781, -0.229656, -0.338238
0.698898, 0.238203, 0.528140, 0.173280
0.699143, 0.853530, -0.238374, -0.115345
0.699198, 0.144596, 0.531592, 0.105716
0.699222, 0.457110, -0.225422, -0.413736
0.699250, 0.422768, -0.223994, -0.438640
0.699463, 0.592838, -0.230205, -0.313782
0.699571, 0.085117, 0.533106, 0.062316
0.699587, 0.949592, -0.239761, -0.039909
0.699593, 0.808288, -0.236908, -0.150489
0.699709, 0.517528, -0.227388, -0.369577
0.700215, 0.048631, 0.533794, 0.035603
0.700278, 0.774691, -0.235380, -0.176349
0.700452, 0.010841, 0.534315, 0.007943
0.700509, 0.485727, -0.225533, -0.392814
0.700514, 0.224886, 0.530138, 0.163927
0.700520, 0.132742, 0.532725, 0.097038
0.700736, 0.098204, 0.533721, 0.071860
0.700871, 0.866448, -0.237320, -0.105281
0.701010, 0.662595, -0.231364, -0.261616
0.701015, 0.960967, -0.238725, -0.030918
0.701067, 0.110503, 0.533601, 0.080814
0.701396, 0.549965, -0.227310, -0.345732
0.701543, 0.702916, -0.232247, -0.231167
0.701972, 0.688104, -0.231540, -0.242485
0.702380, 0.879101, -0.236558, -0.095454
0.702492, 0.820447, -0.235071, -0.141172
0.702530, 0.399088, -0.220667, -0.455983
0.702576, 0.121636, 0.534443, 0.088903
0.702613, 0.716942, -0.231902, -0.220578
0.702757, 0.676576, -0.230455, -0.251094
0.702782, 0.971764, -0.237402, -0.022372
0.702906, 0.071768, 0.535528, 0.052503
0.702976, 0.570332, -0.226776, -0.330603
0.703254, 0.628135, -0.228627, -0.287667
0.703297, 0.435191, -0.221558, -0.429853
0.703624, 0.891282, -0.235882, -0.085940
0.703818, 0.312719, -0.268721, -0.570341
0.703933, 0.990193, -0.236671, -0.007776
0.704021, 0.282807, 0.537461, 0.212194
0.704082, 0.504918, -0.223645, -0.378973
0.704096, 0.468468, -0.222259, -0.405640
0.704107, 0.605160, -0.227106, -0.304728
0.704192, 0.903347, -0.235583, -0.076437
0.704260, 0.915486, -0.235697, -0.066868
0.704380, 0.538665, -0.224689, -0.354208
0.704417, 0.178572, 0.534430, 0.130259
0.704521, 0.740171, -0.231227, -0.202997
0.704609, 0.300871, -0.405589, -0.715763
0.704662, 0.927592, -0.235559, -0.057321
0.704683, 0.212972, 0.533395, 0.155090
0.704936, 0.762323, -0.231553, -0.186030
0.705108, 0.641789, -0.227609, -0.277411
0.705166, 0.036508, 0.537494, 0.026707
0.705260, 0.337223, -0.217690, -0.502004
0.705425, 0.324453, -0.227582, -0.521621
0.705488, 0.939518, -0.235067, -0.047905
0.705772, 0.832616, -0.232882, -0.131799
0.705975, 0.786534, -0.231500, -0.167477
0.706164, 0.364586, -0.216466, -0.480824
0.706214, 0.350882, -0.215931, -0.490684
0.706838, 0.000000, 0.538990, 0.000000
0.706952, 0.165928, 0.536572, 0.121017
0.706996, 0.582512, -0.224181, -0.321704
0.707044, 0.270357, 0.525090, 0.189206
0.707102, 0.377919, -0.216382, -0.471352
0.707240, 0.412183, -0.217725, -0.446655
0.707382, 0.447348, -0.219048, -0.421220
0.707423, 0.022261, 0.539431, 0.016285
0.707552, 0.526755, -0.221869, -0.363066
0.707669, 0.058493, 0.539158, 0.042757
0.708576, 0.617008, -0.224140, -0.296044
0.708616, 0.199481, 0.536645, 0.145221
0.708719, 0.845178, -0.230953, -0.122092
0.708741, 0.258526, 0.542028, 0.195035
0.708897, 0.799280, -0.229664, -0.157742
0.709248, 0.246665, 0.533129, 0.177003
0.709315, 0.653934, -0.224847, -0.268457
0.709520, 0.479006, -0.218619, -0.398109
0.709813, 0.389943, -0.214941, -0.462869
0.709974, 0.153316, 0.539191, 0.111813
0.710047, 0.234020, 0.536981, 0.170619
0.710281, 0.492191, -0.218546, -0.388500
0.710502, 0.729012, -0.226338, -0.211681
0.710779, 0.857897, -0.229703, -0.112220
0.710815, 0.424938, -0.215604, -0.437548
0.711049, 0.980615, -0.231253, -0.015392
0.711055, 0.750478, -0.226546, -0.195290
0.711067, 0.695162, -0.224870, -0.237438
0.711230, 0.141536, 0.540206, 0.103198
0.711243, 0.080650, 0.541338, 0.058880
0.711269, 1.000000, -0.231262, 0.000000
0.711352, 0.594676, -0.221336, -0.312837
0.711573, 0.092499, 0.541558, 0.067527
0.711721, 0.667826, -0.223444, -0.258044
0.711757, 0.187587, 0.539342, 0.136548
0.711823, 0.772927, -0.226611, -0.178074
0.711911, 0.559567, -0.219751, -0.338977
0.711914, 0.459223, -0.216164, -0.412758
0.711926, 0.514403, -0.218131, -0.372262
0.712008, 0.811825, -0.227621, -0.148109
0.712193, 0.870719, -0.228910, -0.102211
0.712394, 0.291678, 0.028020, -0.292263
0.712442, 0.957173, -0.230128, -0.034019
0.712574, 0.046157, 0.542702, 0.033702
0.712583, 0.104778, 0.541998, 0.076447
0.712584, 0.707935, -0.224083, -0.227761
0.712864, 0.129161, 0.541670, 0.094172
0.712962, 0.221443, 0.538863, 0.160776
0.713542, 0.116251, 0.542396, 0.084768
0.713684, 0.010984, 0.543787, 0.008024
0.714076, 0.635524, -0.220552, -0.282306
0.714154, 0.547524, -0.217655, -0.347968
0.714193, 0.681140, -0.222024, -0.248115
0.714312, 0.968748, -0.228669, -0.024828
0.714348, 0.572226, -0.218321, -0.329627
0.714394, 0.946326, -0.228439, -0.042613
0.714686, 0.402479, -0.211881, -0.453991
0.714706, 0.883748, -0.227387, -0.092080
0.714806, 0.067765, 0.544081, 0.049444
0.714943, 0.305990, -0.178970, -0.494384
0.715085, 0.824197, -0.225628, -0.138601
0.715148, 0.719433, -0.222412, -0.219023
0.715369, 0.437559, -0.212738, -0.428556
0.715728, 0.908189, -0.226989, -0.072829
0.715742, 0.502632, -0.214857, -0.381033
0.715791, 0.342799, -0.208283, -0.496484
0.715811, 0.895822, -0.226777, -0.082606
0.715818, 0.920655, -0.227084, -0.062971
0.715878, 0.329979, -0.206604, -0.504633
0.716075, 0.279162, 0.489765, 0.157224
0.716091, 0.356753, -0.208874, -0.486756
0.716282, 0.032865, 0.545534, 0.023986
0.716307, 0.933217, -0.226886, -0.053035
0.716397, 0.174987, 0.543110, 0.127319
0.716464, 0.605343, -0.217812, -0.305024
0.716484, 0.317378, -0.196035, -0.504114
0.716507, 0.208546, 0.541911, 0.151493
0.716777, 0.535418, -0.215258, -0.356977
0.717202, 0.369646, -0.208665, -0.477664
0.717269, 0.761748, -0.222120, -0.186809
0.717375, 0.782275, -0.222613, -0.171008
0.717720, 0.626307, -0.217535, -0.289381
0.717731, 0.738728, -0.221183, -0.204538
0.717769, 0.470320, -0.212236, -0.404869
0.718054, 0.836770, -0.223699, -0.128893
0.718455, 0.989519, -0.225832, -0.008343
0.718611, 0.162509, 0.544951, 0.118216
0.718644, 0.645736, -0.217427, -0.274799
0.718782, 0.585564, -0.215360, -0.319760
0.718906, 0.415092, -0.209291, -0.445043
0.719076, 0.266772, 0.600479, 0.251710
0.719165, 0.792946, -0.221576, -0.162841
0.719429, 0.522800, -0.212837, -0.366378
0.719516, 0.381798, -0.207517, -0.469104
0.719760, 0.449701, -0.209964, -0.419910
0.720184, 0.056072, 0.548154, 0.040874
0.720326, 0.658543, -0.216622, -0.265305
0.720331, 0.000000, 0.548577, 0.000000
0.720337, 0.243135, 0.549613, 0.182483
0.720417, 0.615625, -0.215082, -0.297363
0.720777, 0.849506, -0.221963, -0.119033
0.720928, 0.482892, -0.210354, -0.395811
0.720934, 0.021486, 0.549024, 0.015668
0.721150, 0.254614, 0.522731, 0.164060
0.721164, 0.196056, 0.545724, 0.142340
0.721273, 0.690930, -0.216854, -0.240820
0.721440, 0.230203, 0.543642, 0.165904
0.721861, 0.804427, -0.219895, -0.154080
0.722417, 0.862097, -0.221005, -0.109216
0.722451, 0.427632, -0.207162, -0.436076
0.722588, 0.137036, 0.548406, 0.099667
0.722698, 0.149659, 0.548116, 0.108798
0.722709, 0.298241, -0.211515, -0.538376
0.722777, 0.393763, -0.205640, -0.460668
0.722835, 0.076463, 0.549634, 0.055675
0.723214, 0.493982, -0.209018, -0.387708
0.723252, 0.087523, 0.549962, 0.063727
0.723256, 0.671343, -0.214812, -0.255766
0.723316, 0.750289, -0.217246, -0.195834
0.723326, 0.874883, -0.220571, -0.099189
0.723377, 0.702473, -0.215620, -0.232149
0.723489, 0.099731, 0.549917, 0.072594
0.723860, 0.123283, 0.549511, 0.089653
0.724337, 0.043615, 0.551099, 0.031761
0.724383, 0.564666, -0.210560, -0.335630
0.724502, 0.509394, -0.208545, -0.376348
0.724559, 0.977787, -0.221297, -0.017718
0.724764, 0.816326, -0.218036, -0.144957
0.724784, 0.596561, -0.211209, -0.311795
0.724802, 0.184248, 0.548703, 0.133725
0.724908, 0.460956, -0.206570, -0.411904
0.724926, 0.217484, 0.547638, 0.157681
0.725005, 0.553854, -0.209739, -0.343673
0.725155, 0.964424, -0.220651, -0.028362
0.725161, 1.000000, -0.220967, 0.000000
0.725199, 0.727652, -0.214990, -0.213048
0.725271, 0.286946, -0.356105, -0.693861
0.725367, 0.714327, -0.214493, -0.223236
0.725422, 0.772610, -0.216182, -0.178660
0.725453, 0.348549, -0.201715, -0.492958
0.725470, 0.111567, 0.551164, 0.081159
0.725471, 0.576644, -0.210054, -0.326645
0.725520, 0.952885, -0.220266, -0.037547
0.726280, 0.940358, -0.219577, -0.047520
0.726538, 0.334860, -0.200469, -0.502989
0.726984, 0.914069, -0.218614, -0.068382
0.727012, 0.926946, -0.218763, -0.058166
0.727085, 0.542645, -0.207791, -0.352015
0.727221, 0.323041, -0.199744, -0.511664
0.727236, 0.010569, 0.553451, 0.007697
0.727239, 0.406060, -0.202855, -0.451970
0.727283, 0.901454, -0.218240, -0.078393
0.727287, 0.361207, -0.200935, -0.484033
0.727355, 0.888611, -0.218027, -0.088559
0.727564, 0.828557, -0.216261, -0.135544
0.727670, 0.440295, -0.203773, -0.427042
0.727672, 0.635415, -0.210329, -0.282937
0.727722, 0.309696, -0.202542, -0.524750
0.728084, 0.066095, 0.553637, 0.048085
0.728302, 0.682232, -0.211333, -0.247722
0.728574, 0.275174, -0.023758, -0.368845
0.728789, 0.172485, 0.552005, 0.125147
0.728835, 0.530762, -0.206062, -0.360818
0.728850, 0.205058, 0.550725, 0.148509
0.729052, 0.031975, 0.554689, 0.023269
0.729274, 0.373248, -0.199987, -0.475493
0.729332, 0.762100, -0.212997, -0.186946
0.729707, 0.609442, -0.207875, -0.302304
0.729722, 0.648772, -0.209178, -0.272947
0.729791, 0.160998, 0.552900, 0.116809
0.729859, 0.784102, -0.213186, -0.169988
0.729987, 0.474076, -0.203259, -0.402483
0.730272, 0.841032, -0.214544, -0.125894
0.730376, 0.739355, -0.211497, -0.204374
0.730501, 0.518453, -0.204354, -0.369861
0.730521, 0.622616, -0.207643, -0.292439
0.730565, 0.239147, 0.547526, 0.169756
0.730901, 0.418348, -0.200623, -0.443200
0.731253, 0.262906, 0.490441, 0.134001
0.731619, 0.990206, -0.216059, -0.007837
0.731684, 0.661371, -0.208083, -0.263530
0.731877, 0.500399, -0.202697, -0.383141
0.731899, 0.795993, -0.212035, -0.160907
0.732019, 0.385302, -0.198466, -0.466942
0.732236, 0.586517, -0.205258, -0.319502
0.732380, 0.054429, 0.556847, 0.039565
0.732754, 0.129677, 0.555713, 0.094093
0.732874, 0.450616, -0.200344, -0.419831
0.733044, 0.853518, -0.212807, -0.116231
0.733121, 0.226984, 0.553775, 0.164921
0.733544, 0.694078, -0.207671, -0.238881
0.733605, 0.250487, 0.629751, 0.258063
0.733665, 0.877928, -0.212676, -0.096972
0.733799, 0.486536, -0.200913, -0.393620
0.733902, 0.431096, -0.198851, -0.433991
0.734019, 0.092618, 0.557438, 0.067250
0.734030, 0.000000, 0.558312, 0.000000
0.734035, 0.865417, -0.212281, -0.106893
0.734081, 0.141870, 0.556478, 0.102891
0.734112, 0.192350, 0.555065, 0.139265
0.734218, 0.297220, -0.205659, -0.542527
0.734503, 0.020904, 0.558661, 0.015196
0.734554, 0.078602, 0.558085, 0.057086
0.734567, 0.808002, -0.210354, -0.151694
0.735411, 0.340727, -0.194209, -0.499048
0.735447, 0.397605, -0.196439, -0.458227
0.735578, 0.750956, -0.207857, -0.195640
0.735701, 0.572609, -0.202256, -0.330053
0.735758, 0.706501, -0.206416, -0.229586
0.736002, 0.105256, 0.558808, 0.076391
0.736048, 0.600772, -0.202851, -0.309039
0.736166, 0.969532, -0.212487, -0.024372
0.736193, 0.463261, -0.198293, -0.410647
0.736262, 0.719074, -0.206425, -0.220054
0.736285, 0.673607, -0.204957, -0.254439
0.736326, 0.152902, 0.557627, 0.110772
0.736747, 0.042788, 0.559946, 0.031069
0.736865, 0.560647, -0.201003, -0.338977
0.737052, 0.352144, -0.193466, -0.490899
0.737137, 0.981253, -0.211758, -0.015001
0.737157, 0.214696, 0.555842, 0.154681
0.737266, 0.820254, -0.208650, -0.142267
0.737302, 0.118385, 0.559294, 0.085845
0.737302, 0.946888, -0.211415, -0.042469
0.737315, 0.933888, -0.211150, -0.052813
0.737473, 0.317560, -0.191870, -0.515740
0.737543, 0.285215, -0.152058, -0.500180
0.737937, 0.958329, -0.211017, -0.033335
0.737982, 0.920778, -0.210428, -0.063250
0.738060, 0.549299, -0.199749, -0.347443
0.738128, 0.180310, 0.558345, 0.130482
0.738569, 0.774299, -0.206225, -0.177765
0.738665, 0.908610, -0.209717, -0.072928
0.738780, 0.896184, -0.209598, -0.082844
0.738786, 0.730600, -0.204828, -0.211326
0.739176, 0.536879, -0.198505, -0.356653
0.739211, 0.363663, -0.192380, -0.482807
0.739225, 0.510614, -0.197576, -0.375933
0.739320, 0.640964, -0.201689, -0.279174
0.739497, 1.000000, -0.210104, 0.000000
0.739660, 0.328959, -0.190584, -0.507532
0.739778, 0.066308, 0.561978, 0.048106
0.739826, 0.628604, -0.200825, -0.288318
0.739848, 0.410564, -0.193708, -0.449073
0.739883, 0.832737, -0.207011, -0.132632
0.740294, 0.762798, -0.204571, -0.186670
0.740408, 0.524196, -0.197142, -0.365996
0.740523, 0.272877, -0.311173, -0.670925
0.740716, 0.202209, 0.559235, 0.146107
0.740870, 0.306725, -0.190732, -0.525486
0.741017, 0.010314, 0.563257, 0.007487
0.741131, 0.166871, 0.560958, 0.120744
0.741157, 0.614385, -0.199429, -0.299072
0.741278, 0.375181, -0.191341, -0.474672
0.741487, 0.238205, 0.558974, 0.172590
0.741625, 0.684539, -0.201251, -0.246386
0.741714, 0.885205, -0.206727, -0.091414
0.741785, 0.652723, -0.200113, -0.270327
0.741837, 0.439687, -0.193253, -0.427935
0.741879, 0.787017, -0.204153, -0.168137
0.742069, 0.031365, 0.563987, 0.022757
0.742158, 0.424390, -0.192494, -0.439107
0.742372, 0.591555, -0.197744, -0.316056
0.742444, 0.475659, -0.194086, -0.401835
0.742519, 0.845437, -0.205333, -0.122773
0.742558, 0.497718, -0.194724, -0.385648
0.743130, 0.260329, -0.033888, -0.400766
0.743402, 0.664757, -0.199206, -0.261255
0.743532, 0.131676, 0.563442, 0.095308
0.743676, 0.742376, -0.201365, -0.202400
0.743949, 0.086486, 0.564585, 0.062655
0.744036, 0.386785, -0.189775, -0.466457
0.744170, 0.451879, -0.191998, -0.419264
0.744335, 0.054198, 0.565345, 0.039284
0.744388, 0.799293, -0.202630, -0.158743
0.744412, 0.580171, -0.195941, -0.324747
0.744436, 0.225861, 0.569489, 0.171303
0.744474, 0.871595, -0.204515, -0.102297
0.745219, 0.697838, -0.198894, -0.236405
0.745657, 0.858404, -0.203396, -0.112755
0.745984, 0.487457, -0.191792, -0.393207
0.746216, 0.340339, -0.186326, -0.499721
0.746407, 0.098000, 0.566254, 0.070947
0.746574, 0.989545, -0.204812, -0.008395
0.746660, 0.248636, 0.435834, 0.057205
0.746726, 0.295107, -0.179801, -0.527631
0.746777, 0.143930, 0.565452, 0.104061
0.746983, 0.811544, -0.201001, -0.149318
0.747080, 0.398233, -0.187955, -0.458290
0.747225, 0.189640, 0.564568, 0.137079
0.747246, 0.464176, -0.190090, -0.410303
0.747405, 0.155692, 0.565408, 0.112479
0.747410, 0.975181, -0.203988, -0.019919
0.747621, 0.710709, -0.197491, -0.226762
0.747670, 0.567965, -0.193107, -0.333929
0.747737, 0.110769, 0.566984, 0.080148
0.747745, 0.603234, -0.194061, -0.307560
0.747788, 0.941014, -0.203387, -0.047288
0.747862, 0.000000, 0.568141, 0.000000
0.748003, 0.075966, 0.567692, 0.054999
0.748168, 0.020519, 0.568358, 0.014866
0.748230, 0.352514, -0.185335, -0.491057
0.748346, 0.927558, -0.202721, -0.058031
0.748559, 0.753910, -0.197962, -0.193707
0.748656, 0.721905, -0.197014, -0.218248
0.748988, 0.213491, 0.563727, 0.152889
0.749041, 0.042345, 0.568650, 0.030656
0.749217, 0.318127, -0.183410, -0.515847
0.749487, 0.543384, -0.190972, -0.352199
0.749552, 0.823858, -0.199400, -0.139823
0.749557, 0.283019, -0.194110, -0.553236
0.749781, 0.556157, -0.191188, -0.342831
0.749808, 0.175956, 0.566597, 0.126876
0.749991, 0.963873, -0.201995, -0.029011
0.750067, 0.903420, -0.201185, -0.077343
0.750167, 0.674586, -0.194302, -0.253992
0.750255, 0.636573, -0.193097, -0.282594
0.750256, 0.622986, -0.192782, -0.292915
0.750260, 0.915829, -0.201043, -0.067400
0.750325, 0.952857, -0.201676, -0.037850
0.750355, 0.122482, 0.568337, 0.088508
0.750575, 0.530422, -0.189721, -0.361749
0.750592, 0.517478, -0.189323, -0.371334
0.750882, 0.364808, -0.183894, -0.482406
0.750989, 0.766832, -0.196502, -0.183882
0.751049, 0.408686, -0.185361, -0.450748
0.751094, 0.506038, -0.188600, -0.379798
0.751264, 0.778877, -0.196783, -0.174736
0.751698, 0.419748, -0.185255, -0.442717
0.751797, 0.201797, 0.567122, 0.145508
0.751823, 0.734297, -0.194969, -0.208900
0.752053, 0.432660, -0.185496, -0.433513
0.752059, 0.836103, -0.197854, -0.130365
0.752238, 0.270176, -0.158709, -0.529405
0.752327, 0.892208, -0.198901, -0.086150
0.752425, 0.064529, 0.570988, 0.046675
0.752736, 0.647544, -0.191563, -0.274477
0.752740, 0.329263, -0.181244, -0.508044
0.752838, 0.306532, -0.179143, -0.523076
0.752895, 0.688573, -0.192738, -0.243634
0.753209, 0.376875, -0.182653, -0.473854
0.753219, 0.235940, 0.757768, 0.361904
0.753275, 0.660135, -0.191519, -0.265009
0.753463, 0.590982, -0.189343, -0.316848
0.753520, 0.880455, -0.197892, -0.095546
0.753625, 1.000000, -0.199637, 0.000000
0.754374, 0.791085, -0.194727, -0.165376
0.754515, 0.848219, -0.196256, -0.120914
0.754735, 0.444592, -0.183915, -0.424934
0.754742, 0.163504, 0.570570, 0.117922
0.754971, 0.010218, 0.573170, 0.007392
0.755001, 0.481473, -0.184889, -0.397941
0.755040, 0.611963, -0.188823, -0.301317
0.755203, 0.030957, 0.573318, 0.022389
0.755450, 0.135826, 0.571837, 0.098020
0.755745, 0.258376, -0.239949, -0.621986
0.755759, 0.868117, -0.195885, -0.105344
0.755890, 0.223561, 0.576495, 0.167767
0.755931, 0.087822, 0.573105, 0.063438
0.755982, 0.470886, -0.183771, -0.405608
0.756001, 0.456172, -0.183332, -0.416475
0.756218, 0.578961, -0.186914, -0.325905
0.756243, 0.495786, -0.184351, -0.387341
0.756299, 0.981479, -0.197345, -0.014909
0.756358, 0.388969, -0.180783, -0.465257
0.756772, 0.702499, -0.190180, -0.233192
0.756811, 0.052974, 0.574182, 0.038279
0.756924, 0.803242, -0.193148, -0.156050
0.757250, 0.341959, -0.178416, -0.499064
0.757338, 0.745743, -0.191034, -0.200264
0.757391, 0.102084, 0.573882, 0.073692
0.757641, 0.934558, -0.195722, -0.052568
0.758757, 0.293497, -0.176421, -0.534696
0.758976, 0.246370, -0.350404, -0.740763
0.758992, 0.184148, 0.571766, 0.131589
0.759036, 0.149757, 0.573934, 0.107916
0.759337, 0.858754, -0.192769, -0.112722
0.759392, 0.815490, -0.191617, -0.146612
0.759526, 0.567584, -0.184092, -0.334498
0.759568, 0.354699, -0.177199, -0.490016
0.759610, 0.631240, -0.185862, -0.286933
0.759921, 0.725464, -0.188417, -0.215789
0.760172, 0.400507, -0.178382, -0.457060
0.760262, 0.075488, 0.576361, 0.054484
0.760324, 0.195725, 0.576831, 0.144155
0.760536, 0.600606, -0.184291, -0.309930
0.760561, 0.547419, -0.182727, -0.349508
0.760606, 0.946403, -0.193805, -0.043152
0.760675, 0.535288, -0.182278, -0.358482
0.760692, 0.969882, -0.193961, -0.024270
0.760725, 0.757918, -0.188809, -0.191047
0.760812, 0.279959, -0.171099, -0.541010
0.760827, 0.113767, 0.576143, 0.082039
0.760856, 0.679724, -0.186331, -0.250488
0.761130, 0.714153, -0.187276, -0.224582
0.761208, 0.909785, -0.192848, -0.072505
0.761379, 0.522065, -0.181392, -0.368351
0.761425, 0.210305, 0.573805, 0.151695
0.761541, 0.991018, -0.193546, -0.007248
0.761556, 0.041508, 0.577470, 0.029956
0.761632, 0.923135, -0.192625, -0.061806
0.761678, 0.318357, -0.174275, -0.516111
0.761727, 0.000000, 0.578045, 0.000000
0.761926, 0.667405, -0.185176, -0.259851
0.761977, 0.020529, 0.578133, 0.014822
0.761997, 0.827766, -0.189980, -0.137125
0.762103, 0.771230, -0.188153, -0.180873
0.762313, 0.125580, 0.576624, 0.090455
0.762434, 0.509469, -0.180164, -0.377549
0.762574, 0.171927, 0.575927, 0.123808
0.762608, 0.413012, -0.177005, -0.448078
0.762670, 0.557670, -0.181401, -0.341904
0.762749, 0.367476, -0.175343, -0.480976
0.762762, 0.425488, -0.177309, -0.439042
0.763199, 0.898442, -0.190864, -0.081489
0.763432, 0.305364, -0.172823, -0.525728
0.763623, 0.619979, -0.182516, -0.295552
0.763926, 0.693576, -0.184359, -0.240060
0.763937, 0.958250, -0.191632, -0.033702
0.764155, 0.654192, -0.183112, -0.269905
0.764229, 0.783157, -0.186942, -0.171802
0.764397, 0.642081, -0.182471, -0.278847
0.764503, 0.840064, -0.188467, -0.127629
0.764564, 0.486689, -0.177893, -0.394384
0.764568, 0.437966, -0.176400, -0.430086
0.764638, 0.331457, -0.172692, -0.507034
0.764667, 0.463158, -0.177064, -0.411556
0.764847, 0.268421, -0.175391, -0.556940
0.764857, 0.063605, 0.579790, 0.045863
0.764970, 0.886501, -0.189335, -0.091044
0.765155, 0.379788, -0.174016, -0.472216
0.765199, 0.736989, -0.184752, -0.207201
0.765292, 0.588274, -0.180335, -0.319287
0.765364, 0.874899, -0.188695, -0.100219
0.765456, 0.233955, 0.226665, -0.176196
0.765947, 0.094763, 0.580095, 0.068272
0.766363, 0.221919, 0.629256, 0.212557
0.766519, 0.139279, 0.579544, 0.100215
0.767048, 0.795179, -0.185145, -0.162606
0.767213, 0.159884, 0.579344, 0.114921
0.767656, 0.450815, -0.174527, -0.420858
0.768115, 0.851762, -0.185976, -0.118520
0.768153, 0.256909, -0.162765, -0.555430
0.768289, 0.344679, -0.170508, -0.497643
0.768321, 0.475502, -0.174733, -0.402671
0.768438, 0.498316, -0.175364, -0.386014
0.768470, 1.000000, -0.188268, 0.000000
0.768824, 0.030605, 0.582949, 0.022057
0.768859, 0.609389, -0.178215, -0.303610
0.768875, 0.935309, -0.187240, -0.052152
0.768879, 0.576360, -0.177312, -0.328341
0.768943, 0.010859, 0.583091, 0.007829
0.769033, 0.392004, -0.171576, -0.463513
0.769039, 0.979966, -0.187813, -0.016206
0.769246, 0.083772, 0.582555, 0.060315
0.769336, 0.052113, 0.583014, 0.037538
0.769439, 0.807318, -0.183677, -0.153270
0.769695, 0.287268, -0.166957, -0.538060
0.770256, 0.704390, -0.179866, -0.232107
0.770483, 0.749060, -0.181132, -0.198220
0.770615, 0.202147, 0.600119, 0.164509
0.770676, 0.245852, -0.102225, -0.505257
0.770788, 0.357784, -0.169139, -0.488288
0.770853, 0.865176, -0.184084, -0.107942
0.770992, 0.105703, 0.583508, 0.076042
0.771162, 0.725631, -0.179792, -0.215994
0.771257, 0.914808, -0.185245, -0.068680
0.771261, 0.685162, -0.178457, -0.246593
0.771316, 0.630039, -0.176951, -0.288259
0.771329, 0.529842, -0.174063, -0.362757
0.771417, 0.542753, -0.174344, -0.353167
0.771477, 0.179614, 0.582326, 0.129519
0.771587, 0.763238, -0.180627, -0.187297
0.771633, 0.190073, 0.575531, 0.130345
0.771852, 0.819437, -0.182188, -0.143919
0.772106, 0.404493, -0.169718, -0.454571
0.772512, 0.297708, -0.165416, -0.530832
0.772638, 0.673301, -0.177122, -0.255675
0.772866, 0.947349, -0.184663, -0.042591
0.773036, 0.128853, 0.584140, 0.092553
0.773075, 0.597793, -0.174699, -0.312423
0.773123, 0.149378, 0.583804, 0.107245
0.773342, 0.565250, -0.173541, -0.336578
0.773395, 0.311266, -0.165509, -0.521504
0.773531, 0.072312, 0.585810, 0.052021
0.773571, 0.968515, -0.184400, -0.025504
0.773646, 0.518280, -0.171992, -0.371369
0.773682, 0.416668, -0.168940, -0.445792
0.773939, 0.116966, 0.585090, 0.084027
0.773959, 0.040636, 0.586246, 0.029235
0.773976, 0.323432, -0.165593, -0.512994
0.774114, 0.661470, -0.175692, -0.264691
0.774255, 0.428945, -0.168898, -0.436884
0.774283, 0.553808, -0.172466, -0.345005
0.774385, 0.276604, -0.164184, -0.546904
0.774397, 0.831910, -0.180592, -0.134252
0.774492, 0.775205, -0.178778, -0.178213
0.774535, 0.714793, -0.176933, -0.224398
0.774731, 0.371047, -0.166699, -0.478852
0.774778, 0.903417, -0.182178, -0.077794
0.774833, 0.214066, 0.657838, 0.230943
0.775180, 0.000000, 0.587561, 0.000000
0.775230, 0.507975, -0.170533, -0.379073
0.775230, 0.463961, -0.169239, -0.411369
0.775488, 0.925003, -0.182224, -0.060590
0.775554, 0.892133, -0.181518, -0.086892
0.775731, 0.989962, -0.182984, -0.008150
0.775994, 0.169133, 0.585214, 0.121210
0.776037, 0.487603, -0.169319, -0.394033
0.776280, 0.649686, -0.173659, -0.273550
0.776298, 0.022051, 0.588307, 0.015865
0.776453, 0.441420, -0.167659, -0.427897
0.776779, 0.619354, -0.172447, -0.296359
0.776841, 0.335685, -0.163949, -0.504342
0.776923, 0.878609, -0.180012, -0.097612
0.777158, 0.787241, -0.177102, -0.169022
0.777179, 0.383103, -0.165300, -0.470247
0.777319, 0.738317, -0.175483, -0.206562
0.777363, 0.639506, -0.172602, -0.281327
0.777483, 0.843871, -0.178650, -0.125038
0.777505, 0.585547, -0.171038, -0.321779
0.777628, 0.237521, -0.200491, -0.614286
0.777668, 0.225873, -0.078501, -0.497525
0.777761, 0.695023, -0.173738, -0.239295
0.777776, 0.264579, -0.160017, -0.554248
0.778097, 0.094261, 0.588797, 0.067709
0.778119, 0.060807, 0.589210, 0.043700
0.778321, 0.957958, -0.180894, -0.034136
0.779557, 0.348554, -0.162412, -0.495212
0.779658, 0.799395, -0.175584, -0.159737
0.779689, 0.856374, -0.177316, -0.115265
0.779996, 0.139059, 0.588986, 0.099697
0.780123, 0.756073, -0.173783, -0.192987
0.780158, 0.453351, -0.165259, -0.419302
0.780552, 0.476455, -0.165645, -0.402420
0.781134, 0.396162, -0.162785, -0.460867
0.781150, 0.936136, -0.178077, -0.051732
0.781220, 0.252233, -0.163694, -0.569403
0.781281, 0.158269, 0.589261, 0.113311
0.781403, 0.536453, -0.166664, -0.358189
0.781684, 0.607859, -0.168420, -0.305142
0.781730, 0.361820, -0.161262, -0.485745
0.781840, 0.082153, 0.591417, 0.058954
0.781961, 0.573442, -0.167255, -0.330779
0.782039, 0.498967, -0.165178, -0.385941
0.782100, 0.811239, -0.174063, -0.150616
0.782141, 0.011017, 0.592422, 0.007916
0.782183, 0.048477, 0.592099, 0.034805
0.782244, 0.979087, -0.177991, -0.017013
0.782287, 0.205682, 0.741140, 0.300203
0.782337, 0.287700, -0.158343, -0.538842
0.782390, 0.681871, -0.169897, -0.249502
0.782399, 0.193855, 0.575031, 0.124465
0.782609, 1.000000, -0.177792, 0.000000
0.782697, 0.727431, -0.170942, -0.214916
0.782871, 0.302176, -0.158422, -0.528532
0.783283, 0.912709, -0.176037, -0.070619
0.783545, 0.033940, 0.593413, 0.024370
0.783670, 0.181170, 0.591620, 0.130871
0.783764, 0.868437, -0.174541, -0.105870
0.783773, 0.105245, 0.592399, 0.075447
0.783938, 0.823821, -0.173039, -0.140881
0.784008, 0.524974, -0.164456, -0.366917
0.784341, 0.668778, -0.168077, -0.259506
0.784484, 0.629961, -0.166856, -0.288629
0.784540, 0.407470, -0.160641, -0.452858
0.784564, 0.547999, -0.164583, -0.349713
0.784604, 0.315801, -0.157626, -0.518845
0.784605, 0.419602, -0.160920, -0.443931
0.784667, 0.127416, 0.592390, 0.091247
0.784753, 0.704898, -0.168728, -0.232126
0.784919, 0.767480, -0.170446, -0.184395
0.785050, 0.596155, -0.165572, -0.314049
0.785735, 0.431967, -0.160460, -0.435009
0.785746, 0.887989, -0.173555, -0.090422
0.785862, 0.746866, -0.169155, -0.200280
0.785902, 0.116453, 0.593531, 0.083400
0.785972, 0.946951, -0.174713, -0.043110
0.786067, 0.716548, -0.167995, -0.223243
0.786205, 0.560686, -0.163702, -0.340393
0.786331, 0.274558, -0.154767, -0.547997
0.786461, 0.655759, -0.166098, -0.269386
0.786552, 0.070625, 0.595064, 0.050639
0.786726, 0.327576, -0.156492, -0.510528
0.786808, 0.465765, -0.160633, -0.410361
0.786900, 0.512125, -0.161874, -0.376364
0.786970, 0.778906, -0.169268, -0.175733
0.787171, 0.836433, -0.170880, -0.131080
0.787173, 0.968443, -0.174163, -0.025695
0.787261, 0.375206, -0.157639, -0.476289
0.787574, 0.147601, 0.594076, 0.105583
0.787709, 0.241943, -0.151110, -0.569531
0.787862, 0.923918, -0.172895, -0.061752
0.787991, 0.900402, -0.172219, -0.080603
0.788113, 0.488401, -0.160291, -0.393803
0.788267, 0.217013, -0.128451, -0.560779
0.788326, 0.387634, -0.157226, -0.467300
0.788403, 0.168942, 0.594123, 0.120955
0.788485, 0.000000, 0.596929, 0.000000
0.788837, 0.229672, -0.151556, -0.579648
0.788899, 0.339706, -0.155308, -0.501893
0.788920, 0.443467, -0.158445, -0.426786
0.789085, 0.022360, 0.597303, 0.016033
0.789182, 0.618344, -0.162998, -0.297537
0.789437, 0.642636, -0.163421, -0.279281
0.789481, 0.583973, -0.161800, -0.323095
0.789482, 0.691973, -0.164736, -0.242070
0.789543, 0.989479, -0.172653, -0.008593
0.789771, 0.791774, -0.167504, -0.165896
0.789939, 0.261892, -0.152220, -0.557568
0.790010, 0.848403, -0.169184, -0.121875
0.790116, 0.092065, 0.597255, 0.065919
0.790443, 0.058074, 0.597937, 0.041603
0.790652, 0.352465, -0.154427, -0.492746
0.791220, 0.736598, -0.164716, -0.208275
0.791342, 0.877791, -0.169008, -0.098689
0.791789, 0.957606, -0.170656, -0.034593
0.792167, 0.859251, -0.167749, -0.113322
0.792248, 0.294837, -0.151317, -0.533894
0.792479, 0.455102, -0.156123, -0.418404
0.792514, 0.364821, -0.153431, -0.483846
0.792668, 0.536859, -0.158185, -0.358253
0.792784, 0.803153, -0.165583, -0.157240
0.792811, 0.203617, 0.459114, 0.013136
0.792873, 0.758027, -0.164101, -0.191984
0.792920, 0.044666, 0.599677, 0.031979
0.792964, 0.477852, -0.156361, -0.401679
0.793193, 0.678399, -0.161506, -0.252435
0.793392, 0.934888, -0.168854, -0.052999
0.793507, 0.136326, 0.598478, 0.097382
0.793620, 0.308573, -0.150785, -0.524118
0.793758, 0.190769, 0.666795, 0.205703
0.793865, 0.500927, -0.156294, -0.384719
0.793873, 0.571568, -0.158201, -0.332585
0.793923, 0.815921, -0.165093, -0.147349
0.794342, 0.606494, -0.158755, -0.306568
0.794639, 0.156924, 0.598531, 0.111825
0.794803, 0.081088, 0.600558, 0.057992
0.794875, 0.522565, -0.156134, -0.368865
0.794883, 0.398253, -0.152708, -0.459821
0.795020, 0.250563, -0.146507, -0.564095
0.795022, 0.282668, -0.148879, -0.542644
0.795167, 0.010971, 0.601579, 0.007855
0.795176, 0.911992, -0.167067, -0.071523
0.795621, 0.422864, -0.152841, -0.441873
0.795653, 0.665124, -0.159264, -0.262530
0.795753, 0.725375, -0.160793, -0.216828
0.795758, 0.101362, 0.601001, 0.072450
0.795790, 0.828951, -0.164060, -0.137247
0.795803, 0.550132, -0.156215, -0.348642
0.795926, 0.411088, -0.152341, -0.450645
0.795946, 0.629998, -0.158115, -0.288956
0.796086, 0.978835, -0.167652, -0.017325
0.796439, 0.178901, 0.593398, 0.121660
0.796467, 1.000000, -0.167476, 0.000000
0.796610, 0.033085, 0.602577, 0.023672
0.796631, 0.594783, -0.156622, -0.315198
0.796784, 0.112818, 0.601423, 0.080576
0.797116, 0.712893, -0.159459, -0.226458
0.797288, 0.125046, 0.601417, 0.089266
0.797369, 0.890294, -0.164757, -0.088922
0.797465, 0.701246, -0.158887, -0.235334
0.797499, 0.320592, -0.148382, -0.515725
0.797910, 0.783081, -0.160936, -0.172848
0.798183, 0.770183, -0.160392, -0.182848
0.798217, 0.433407, -0.151164, -0.434142
0.798245, 0.652310, -0.156993, -0.272367
0.798352, 0.384237, -0.149750, -0.470111
0.798635, 0.068141, 0.603606, 0.048701
0.798663, 0.867927, -0.162984, -0.106643
0.798664, 0.945691, -0.165096, -0.044355
0.798706, 0.467244, -0.151784, -0.409648
0.798926, 0.270323, -0.145686, -0.551590
0.799268, 0.332420, -0.147482, -0.507355
0.799381, 0.237699, -0.145361, -0.575811
0.799507, 0.746664, -0.158617, -0.200847
0.799544, 0.225199, -0.155719, -0.595874
0.799574, 0.561266, -0.153619, -0.340428
0.799804, 0.842801, -0.161262, -0.126427
0.800056, 0.490098, -0.151355, -0.392855
0.800250, 0.345539, -0.147163, -0.497930
0.800297, 0.511257, -0.151732, -0.377310
0.800564, 0.923385, -0.163321, -0.062510
0.800593, 0.212972, -0.236676, -0.686838
0.800689, 0.968250, -0.163976, -0.026005
0.800737, 0.372677, -0.147595, -0.478322
0.800911, 0.167101, 0.604098, 0.120512
0.801012, 0.617424, -0.153955, -0.298611
0.801057, 0.688216, -0.155726, -0.245245
0.801152, 0.581770, -0.152921, -0.325181
0.801152, 0.144866, 0.603703, 0.103259
0.801237, 0.444653, -0.149232, -0.426055
0.801796, 0.000000, 0.606233, 0.000000
0.801860, 0.901808, -0.161808, -0.079924
0.802088, 0.055189, 0.606074, 0.039410
0.802138, 0.358512, -0.146159, -0.488611
0.802159, 0.021567, 0.606465, 0.015410
0.802370, 0.640334, -0.153486, -0.281418
0.802488, 0.531447, -0.150535, -0.362315
0.802589, 0.301563, -0.144063, -0.529407
0.803313, 0.258728, -0.141947, -0.559768
0.803330, 0.989019, -0.162315, -0.009024
0.803659, 0.794572, -0.156839, -0.164157
0.803754, 0.199693, 0.051549, -0.405623
0.803925, 0.854738, -0.158672, -0.117338
0.804043, 0.956514, -0.161317, -0.035657
0.804170, 0.091675, 0.607140, 0.065385
0.804191, 0.735358, -0.154600, -0.209528
0.804206, 0.674898, -0.152929, -0.255368
0.804223, 0.879626, -0.159222, -0.097642
0.804236, 0.807958, -0.156903, -0.153904
0.804318, 0.456328, -0.147257, -0.417657
0.804648, 0.757690, -0.155003, -0.192623
0.804788, 0.290315, -0.142139, -0.537646
0.805169, 0.479339, -0.147256, -0.400950
0.805203, 0.543062, -0.148758, -0.353758
0.805380, 0.043786, 0.608414, 0.031242
0.805459, 0.820899, -0.156330, -0.143842
0.806111, 0.405610, -0.144633, -0.454894
0.806143, 0.078387, 0.608511, 0.055885
0.806181, 0.934369, -0.159229, -0.053722
0.806196, 0.187764, 0.630913, 0.162857
0.806545, 0.419977, -0.144718, -0.444524
0.806656, 0.833896, -0.155792, -0.133704
0.806685, 0.312720, -0.141450, -0.521582
0.806717, 0.392610, -0.143812, -0.464291
0.807028, 0.605170, -0.148914, -0.307643
0.807127, 0.593005, -0.148585, -0.316830
0.807225, 0.500629, -0.146257, -0.385365
0.807277, 0.105535, 0.609047, 0.075209
0.807286, 0.661948, -0.150286, -0.265341
0.807427, 0.133074, 0.608238, 0.094728
0.807431, 0.722462, -0.151766, -0.219494
0.807434, 0.570867, -0.147848, -0.333421
0.807473, 0.155196, 0.607291, 0.109907
0.807569, 0.246464, -0.138797, -0.568887
0.807848, 0.278269, -0.139535, -0.546293
0.808106, 0.520741, -0.146061, -0.370477
0.808126, 0.119216, 0.609195, 0.084829
0.808150, 0.628298, -0.148746, -0.290613
0.808315, 0.780766, -0.152802, -0.174948
0.808331, 0.913247, -0.157100, -0.070874
0.808528, 0.010517, 0.610937, 0.007502
0.808727, 0.710045, -0.150403, -0.228934
0.809391, 0.697789, -0.149560, -0.238245
0.809432, 0.554725, -0.145880, -0.345330
0.809434, 0.176240, 0.645735, 0.162359
0.809485, 0.432854, -0.142894, -0.435293
0.809495, 0.031975, 0.611590, 0.022797
0.809952, 0.338919, -0.139904, -0.503103
0.810013, 0.891688, -0.155167, -0.088221
0.810087, 1.000000, -0.157329, 0.000000
0.810396, 0.325436, -0.139182, -0.512782
0.810472, 0.867940, -0.154062, -0.107125
0.810497, 0.468369, -0.142952, -0.409039
0.810503, 0.978237, -0.156907, -0.017949
0.810555, 0.064908, 0.611920, 0.046234
0.810591, 0.380196, -0.140577, -0.473260
0.810778, 0.650024, -0.147245, -0.274308
0.810785, 0.221532, -0.130222, -0.581047
0.810963, 0.768786, -0.150473, -0.184349
0.811082, 0.233345, -0.133597, -0.575956
0.811091, 0.366344, -0.139823, -0.483278
0.811611, 0.351967, -0.139058, -0.493736
0.811622, 0.944864, -0.155263, -0.045281
0.812340, 0.208416, -0.121968, -0.583271
0.812378, 0.266422, -0.135872, -0.554834
0.812579, 0.684535, -0.146725, -0.248318
0.812907, 0.616671, -0.144754, -0.299318
0.812939, 0.445148, -0.140612, -0.426335
0.813056, 0.745446, -0.148076, -0.202164
0.813081, 0.489922, -0.141599, -0.393445
0.813288, 0.164318, 0.619883, 0.125691
0.813425, 0.966572, -0.154311, -0.027540
0.813522, 0.582498, -0.143491, -0.324918
0.813634, 0.844061, -0.150716, -0.125964
0.814077, 0.532576, -0.141827, -0.361869
0.814101, 0.924739, -0.153059, -0.061763
0.814201, 0.300857, -0.135669, -0.530481
0.814230, 0.510389, -0.141214, -0.378353
0.814265, 0.145643, 0.612507, 0.103193
0.814808, 0.802446, -0.148513, -0.158505
0.815328, 0.054207, 0.615393, 0.038569
0.815342, 0.638281, -0.143461, -0.283294
0.815362, 0.000000, 0.615734, 0.000000
0.815486, 0.020759, 0.615773, 0.014777
0.815494, 0.903136, -0.151393, -0.079252
0.815572, 0.671587, -0.144137, -0.258279
0.815610, 0.456729, -0.138842, -0.417726
0.815762, 0.815452, -0.148126, -0.148382
0.815878, 0.732403, -0.145523, -0.212207
0.815895, 0.857189, -0.149577, -0.115853
0.815905, 0.955276, -0.152194, -0.036846
0.816000, 0.412258, -0.137418, -0.450129
0.816003, 0.196228, -0.278925, -0.751266
0.816064, 0.757091, -0.145950, -0.193178
0.816105, 0.086007, 0.615424, 0.061150
0.816262, 0.255103, -0.132740, -0.562981
0.816282, 0.829096, -0.148134, -0.137747
0.816308, 0.789824, -0.146938, -0.168282
0.816332, 0.287717, -0.133702, -0.539812
0.816386, 0.564139, -0.140762, -0.338379
0.816494, 0.098121, 0.615558, 0.069677
0.816547, 0.880871, -0.149840, -0.097087
0.816786, 0.989946, -0.152194, -0.008326
0.816985, 0.398442, -0.136336, -0.460202
0.817465, 0.042400, 0.616825, 0.030149
0.817483, 0.073607, 0.616553, 0.052312
0.817643, 0.544436, -0.139412, -0.353198
0.817814, 0.595358, -0.140505, -0.315410
0.817814, 0.314824, -0.133460, -0.520599
0.817898, 0.478628, -0.137674, -0.401774
0.818440, 0.111374, 0.616840, 0.079215
0.818596, 0.424944, -0.135822, -0.441010
0.819014, 0.184204, 0.067457, -0.411905
0.819142, 0.124193, 0.616541, 0.087962
0.819289, 0.718958, -0.142473, -0.222467
0.819510, 0.242042, -0.129844, -0.572120
0.819782, 0.659423, -0.140525, -0.267433
0.819813, 0.135179, 0.616687, 0.095738
0.820058, 0.935972, -0.148759, -0.052762
0.820187, 0.333955, -0.132263, -0.506888
0.820221, 0.606487, -0.138949, -0.307209
0.820222, 0.387323, -0.133673, -0.468420
0.820332, 0.706510, -0.141317, -0.231919
0.820387, 0.274689, -0.130366, -0.549174
0.820600, 0.777265, -0.143235, -0.178128
0.820624, 0.521559, -0.136645, -0.370266
0.820738, 0.694032, -0.140663, -0.241356
0.820831, 0.373545, -0.132874, -0.478446
0.821094, 0.359627, -0.132308, -0.488483
0.821118, 0.500065, -0.135791, -0.386190
0.821145, 0.216993, -0.128465, -0.590284
0.821149, 0.627309, -0.138665, -0.291508
0.821584, 0.574741, -0.137035, -0.330588
0.821618, 0.914983, -0.147027, -0.069870
0.821722, 0.345832, -0.131468, -0.498404
0.821846, 0.437749, -0.133719, -0.431769
0.821882, 0.171223, 0.698938, 0.206319
0.822279, 0.010454, 0.620552, 0.007428
0.822412, 0.156499, 0.622102, 0.114395
0.822487, 0.465863, -0.133889, -0.411141
0.822557, 0.030803, 0.620674, 0.021877
0.822574, 0.870706, -0.144706, -0.105267
0.822941, 0.892455, -0.145311, -0.088057
0.823365, 0.228510, -0.127488, -0.582448
0.823379, 0.647351, -0.137503, -0.276700
0.823481, 0.555001, -0.135226, -0.345519
0.824080, 0.981202, -0.146543, -0.015602
0.824182, 0.971171, -0.146286, -0.023899
0.824243, 1.000000, -0.146584, 0.000000
0.824398, 0.680948, -0.137542, -0.251419
0.824515, 0.765852, -0.139628, -0.186711
0.824918, 0.324678, -0.128580, -0.513830
0.824977, 0.305446, -0.127953, -0.527377
0.825143, 0.064017, 0.622226, 0.045418
0.825186, 0.205094, -0.134436, -0.608164
0.825386, 0.836574, -0.141419, -0.132304
0.825390, 0.451109, -0.131406, -0.422145
0.825484, 0.617253, -0.135108, -0.299162
0.825728, 0.848758, -0.141574, -0.122764
0.825740, 0.947095, -0.144596, -0.043762
0.825815, 0.533746, -0.132981, -0.361348
0.825818, 0.404428, -0.129930, -0.456033
0.825830, 0.740766, -0.138051, -0.206153
0.826007, 0.489214, -0.131819, -0.394183
0.826131, 0.586603, -0.133854, -0.321919
0.826319, 0.797622, -0.139356, -0.162550
0.826337, 0.294171, -0.126648, -0.535486
0.826377, 0.752204, -0.137906, -0.197375
0.826401, 0.264047, -0.125714, -0.556936
0.826485, 0.809888, -0.139637, -0.153084
0.826592, 0.822930, -0.139971, -0.142946
0.826595, 0.959095, -0.144144, -0.033892
0.827340, 0.728124, -0.136480, -0.215745
0.827428, 0.510721, -0.131269, -0.378487
0.827455, 0.144345, 0.623749, 0.103753
0.827509, 0.090991, 0.623337, 0.064518
0.827578, 0.860997, -0.140507, -0.113134
0.827713, 0.669634, -0.134637, -0.259915
0.827731, 0.078065, 0.623736, 0.055314
0.827735, 0.926814, -0.142733, -0.060464
0.827782, 0.251979, -0.124328, -0.565392
0.827817, 0.051689, 0.624082, 0.036641
0.828057, 0.282072, -0.125033, -0.544059
0.828072, 0.416370, -0.128552, -0.447429
0.828278, 0.104017, 0.623388, 0.073340
0.828459, 0.193330, -0.115486, -0.600374
0.828517, 0.904629, -0.141450, -0.078472
0.828968, 0.000000, 0.625246, 0.000000
0.828977, 0.635618, -0.132861, -0.285526
0.829377, 0.020827, 0.625483, 0.014768
0.829387, 0.785178, -0.136593, -0.172268
0.829428, 0.476396, -0.128937, -0.403633
0.829763, 0.040770, 0.625429, 0.028888
0.829902, 0.881615, -0.139524, -0.096928
0.829919, 0.117573, 0.625544, 0.084213
0.829929, 0.566213, -0.130562, -0.337328
0.830334, 0.598561, -0.130924, -0.313146
0.830509, 0.179862, -0.278070, -0.772279
0.830693, 0.380468, -0.125797, -0.473799
0.830711, 0.545087, -0.129526, -0.353090
0.830730, 0.428334, -0.126869, -0.438836
0.830827, 0.366524, -0.125341, -0.483840
0.830870, 0.238412, -0.121790, -0.575239
0.831154, 0.352302, -0.124744, -0.494129
0.831422, 0.393749, -0.125597, -0.464251
0.831469, 0.714099, -0.132906, -0.226521
0.831652, 0.314193, -0.123334, -0.521295
0.831734, 0.130700, 0.622839, 0.090091
0.831738, 0.989689, -0.140925, -0.008604
0.831771, 0.701723, -0.132302, -0.235816
0.831996, 0.689727, -0.131830, -0.244898
0.832104, 0.337807, -0.123662, -0.504537
0.832140, 0.216057, -0.120832, -0.591604
0.832203, 0.657252, -0.130918, -0.269443
0.832350, 0.166183, 0.323868, -0.178293
0.832726, 0.523038, -0.127512, -0.369453
0.832913, 0.463152, -0.126029, -0.413440
0.833550, 0.440299, -0.125042, -0.430184
0.833813, 0.939120, -0.138430, -0.050569
0.834019, 0.609993, -0.128366, -0.304729
0.834282, 0.774359, -0.132300, -0.180533
0.834621, 0.577863, -0.127244, -0.328799
0.834721, 0.916536, -0.137059, -0.069036
0.834820, 0.499898, -0.125420, -0.386554
0.835187, 0.272992, -0.119665, -0.550945
0.835455, 0.154248, 0.765402, 0.249133
0.835544, 0.894222, -0.135655, -0.087081
0.835635, 0.623658, -0.127427, -0.294552
0.835752, 0.965790, -0.137452, -0.028543
0.835769, 0.646487, -0.127854, -0.277480
0.835957, 0.761013, -0.130717, -0.190959
0.835994, 0.010544, 0.630110, 0.007462
0.836410, 0.870429, -0.134007, -0.106007
0.836484, 0.031390, 0.630426, 0.022200
0.836516, 0.556709, -0.125349, -0.344575
0.836599, 0.227207, -0.117297, -0.583262
0.836936, 0.830169, -0.132162, -0.137681
0.836954, 0.843070, -0.132600, -0.127606
0.837026, 0.301040, -0.119087, -0.530932
0.837027, 0.451943, -0.122687, -0.421705
0.837054, 0.325617, -0.119690, -0.513245
0.837058, 0.406264, -0.121695, -0.455245
0.837202, 0.069974, 0.630444, 0.049450
0.837437, 0.486640, -0.123145, -0.396325
0.837533, 0.817072, -0.131238, -0.147873
0.837571, 0.057608, 0.630756, 0.040713
0.837634, 0.856036, -0.132515, -0.117427
0.837647, 0.977594, -0.136277, -0.018746
0.837684, 0.287742, -0.118234, -0.540339
0.837741, 0.724879, -0.128225, -0.218365
0.837761, 0.203494, -0.114690, -0.598802
0.837985, 0.804410, -0.130414, -0.157624
0.838009, 0.792697, -0.129984, -0.166618
0.838035, 0.679156, -0.126857, -0.252954
0.838185, 0.737426, -0.128238, -0.208885
0.838218, 0.534750, -0.123593, -0.360905
0.838253, 1.000000, -0.136098, 0.000000
0.838260, 0.248270, -0.116724, -0.568389
0.838464, 0.748547, -0.128375, -0.200505
0.838537, 0.083486, 0.631181, 0.058971
0.838591, 0.952680, -0.135127, -0.039506
0.838807, 0.096134, 0.631131, 0.067985
0.838928, 0.667144, -0.125909, -0.262081
0.838989, 0.589606, -0.124159, -0.320163
0.839035, 0.188941, -0.119745, -0.615443
0.839365, 0.141982, 0.647085, 0.116579
0.839417, 0.260246, -0.116234, -0.559950
0.839589, 0.512769, -0.122086, -0.377162
0.839862, 0.108928, 0.630643, 0.075876
0.840068, 0.418770, -0.119732, -0.446181
0.840605, 0.929005, -0.132984, -0.059078
0.840845, 0.474366, -0.120301, -0.405347
0.840849, 0.359861, -0.117768, -0.488797
0.840976, 0.373386, -0.117987, -0.478997
0.841185, 0.044330, 0.633513, 0.031316
0.841275, 0.634503, -0.123355, -0.286631
0.841545, 0.346702, -0.116951, -0.498344
0.841607, 0.905956, -0.131403, -0.077851
0.841727, 0.386242, -0.117738, -0.469756
0.841800, 0.175752, -0.149669, -0.657192
0.842078, 0.121080, 0.636181, 0.088747
0.842276, 0.883990, -0.130005, -0.095478
0.842495, 0.000000, 0.634681, 0.000000
0.842800, 0.313041, -0.115182, -0.522425
0.842851, 0.692539, -0.123444, -0.242995
0.842889, 0.568862, -0.120731, -0.335658
0.843013, 0.021293, 0.635037, 0.015042
0.843019, 0.430315, -0.117773, -0.437793
0.843048, 0.704803, -0.123624, -0.233802
0.843147, 0.601407, -0.121220, -0.311457
0.843253, 0.546676, -0.120005, -0.352164
0.843731, 0.215732, -0.111592, -0.591291
0.843961, 0.237899, -0.112324, -0.575882
0.844388, 0.783061, -0.124705, -0.174227
0.844760, 0.716150, -0.122590, -0.225281
0.844813, 0.334476, -0.114253, -0.507188
0.844817, 0.163335, -0.218181, -0.733549
0.844855, 0.131315, 0.634334, 0.092750
0.844931, 0.463473, -0.116984, -0.413347
0.844990, 0.988584, -0.131106, -0.009631
0.845045, 0.397623, -0.115533, -0.461570
0.845377, 0.524456, -0.117934, -0.368639
0.845406, 0.769232, -0.123572, -0.184961
0.845421, 0.614109, -0.119735, -0.302013
0.845749, 0.441687, -0.115957, -0.429475
0.845889, 0.657294, -0.120234, -0.269499
0.846094, 0.941983, -0.129241, -0.048589
0.846458, 0.965355, -0.129363, -0.029113
0.846563, 0.279437, -0.111596, -0.546525
0.846602, 0.493448, -0.116373, -0.391511
0.846853, 0.645681, -0.119255, -0.278285
0.847375, 0.918587, -0.127399, -0.067804
0.847557, 0.268651, -0.110584, -0.554145
0.847594, 0.580591, -0.117379, -0.327059
0.847693, 0.862706, -0.124959, -0.112581
0.847843, 0.505086, -0.115676, -0.382980
0.847891, 0.196173, -0.108046, -0.604904
0.847965, 0.836418, -0.123762, -0.133215
0.848150, 0.874713, -0.125016, -0.103046
0.848240, 0.292467, -0.110724, -0.537345
0.848324, 0.849438, -0.123952, -0.123038
0.848330, 0.730492, -0.120088, -0.214348
0.848354, 0.151294, 0.294227, -0.230293
0.848372, 0.756396, -0.120883, -0.194866
0.848378, 0.823179, -0.122967, -0.143529
0.848567, 0.453271, -0.114062, -0.420966
0.848610, 0.810029, -0.122320, -0.153699
0.848751, 0.076501, 0.638309, 0.053856
0.848768, 0.559062, -0.116042, -0.343066
0.848773, 0.895117, -0.125446, -0.086862
0.848803, 0.410296, -0.113004, -0.452402
0.848901, 0.033335, 0.639009, 0.023472
0.849161, 0.302871, -0.110299, -0.529873
0.849237, 0.064167, 0.638849, 0.045205
0.849273, 0.625364, -0.117009, -0.293688
0.849341, 0.052947, 0.638951, 0.037257
0.849350, 0.796237, -0.121217, -0.164263
0.849471, 0.670674, -0.117805, -0.259640
0.849474, 0.010790, 0.639500, 0.007604
0.849486, 0.250641, -0.108714, -0.566991
0.849708, 0.322114, -0.110382, -0.516207
0.849739, 0.227523, -0.107872, -0.583371
0.850107, 0.089133, 0.639165, 0.062800
0.850114, 0.682898, -0.117625, -0.250538
0.850188, 0.101484, 0.638992, 0.071679
0.850325, 0.481736, -0.113323, -0.400166
0.850520, 0.536548, -0.114248, -0.359736
0.851289, 0.366776, -0.110234, -0.484067
0.851298, 0.743752, -0.118216, -0.204528
0.851303, 0.977242, -0.126288, -0.019281
0.851345, 0.184638, -0.104178, -0.612115
0.851605, 0.206386, -0.106018, -0.598142
0.851655, 1.000000, -0.126167, 0.000000
0.851854, 0.592330, -0.114349, -0.318404
0.851907, 0.954090, -0.125219, -0.038722
0.852216, 0.114332, 0.634597, 0.074894
0.852238, 0.354843, -0.109274, -0.492712
0.852362, 0.379437, -0.109700, -0.474848
0.852848, 0.139594, 0.678128, 0.140356
0.853041, 0.422181, -0.110094, -0.443838
0.853146, 0.931187, -0.123453, -0.057716
0.853482, 0.515519, -0.111593, -0.375349
0.853589, 0.343263, -0.108020, -0.501074
0.854014, 0.908037, -0.121877, -0.076635
0.854070, 0.172365, -0.102388, -0.621276
0.854196, 0.470342, -0.110167, -0.408547
0.854343, 0.696245, -0.114615, -0.240509
0.854460, 0.636859, -0.113211, -0.285111
0.854795, 0.777406, -0.116395, -0.178907
0.854868, 0.260789, -0.105130, -0.560082
0.855029, 0.389895, -0.107956, -0.467395
0.855082, 0.604789, -0.112113, -0.309172
0.855338, 0.548842, -0.110801, -0.350676
0.855532, 0.707884, -0.113996, -0.231827
0.855563, 0.720410, -0.114268, -0.222337
0.855698, 0.434064, -0.108347, -0.435219
0.855742, 0.043464, 0.643710, 0.030627
0.855841, 0.000000, 0.643989, 0.000000
0.855876, 0.022279, 0.643950, 0.015677
0.855959, 0.571583, -0.110784, -0.333887
0.856118, 0.239724, -0.103666, -0.574914
0.856418, 0.217692, -0.102896, -0.590392
0.856482, 0.310628, -0.105150, -0.524512
0.856492, 0.125987, 0.700263, 0.145746
0.856586, 0.884314, -0.118832, -0.095759
0.857196, 0.285181, -0.104025, -0.542644
0.857301, 0.331141, -0.105022, -0.509855
0.857621, 0.160648, -0.118646, -0.648797
0.857653, 0.402338, -0.106257, -0.458376
0.857704, 0.650067, -0.110958, -0.275246
0.857712, 0.765392, -0.113778, -0.188220
0.857954, 0.446530, -0.106889, -0.426099
0.858118, 0.498846, -0.107746, -0.387647
0.858274, 0.527072, -0.108189, -0.366956
0.858283, 0.988682, -0.121120, -0.009651
0.858326, 0.661895, -0.110753, -0.266453
0.858362, 0.616516, -0.109824, -0.300497
0.858620, 0.788311, -0.113693, -0.170636
0.858802, 0.830047, -0.114991, -0.138546
0.858805, 0.857094, -0.115994, -0.117412
0.858852, 0.459344, -0.106452, -0.416705
0.858952, 0.966094, -0.120038, -0.028788
0.859046, 0.843379, -0.115275, -0.128157
0.859049, 0.870531, -0.116312, -0.106804
0.859096, 0.943334, -0.119349, -0.047887
0.859096, 0.803487, -0.113769, -0.158971
0.859473, 0.733917, -0.111516, -0.212139
0.859722, 0.816362, -0.113767, -0.149147
0.859896, 0.069334, 0.646072, 0.048714
0.859903, 0.273542, -0.101800, -0.551108
0.859912, 0.488517, -0.106204, -0.395306
0.860047, 0.920401, -0.117686, -0.066802
0.860377, 0.195196, -0.099539, -0.606450
0.860411, 0.561517, -0.107155, -0.341329
0.860636, 0.583219, -0.107441, -0.325390
0.860832, 0.081567, 0.646715, 0.057336
0.860886, 0.897654, -0.116079, -0.085286
0.860930, 0.674527, -0.108985, -0.256987
0.861000, 0.753435, -0.110888, -0.197468
0.861184, 0.297592, -0.101416, -0.533879
0.861513, 0.148998, -0.233602, -0.772805
0.861534, 0.055853, 0.647316, 0.039011
0.861565, 0.413391, -0.103579, -0.450508
0.861591, 0.105078, 0.644002, 0.071152
0.861716, 0.686819, -0.108646, -0.247770
0.862009, 0.093748, 0.647975, 0.066507
0.862038, 0.373565, -0.102425, -0.479331
0.862487, 0.628285, -0.106863, -0.291757
0.862523, 0.011197, 0.648525, 0.007856
0.862533, 0.033068, 0.648462, 0.023168
0.862567, 0.250440, -0.099324, -0.567621
0.862726, 0.229616, -0.098675, -0.582174
0.862857, 0.508048, -0.104301, -0.380859
0.862876, 0.319811, -0.100682, -0.518066
0.862926, 0.538893, -0.104867, -0.358300
0.863046, 0.181925, -0.097396, -0.615818
0.863534, 0.362421, -0.101093, -0.487417
0.863746, 0.476815, -0.103087, -0.403950
0.864121, 0.207071, -0.097125, -0.598238
0.864139, 0.595542, -0.104972, -0.316251
0.864506, 0.136719, 0.201308, -0.344999
0.864510, 0.351543, -0.100146, -0.495258
0.864942, 0.977629, -0.115982, -0.019171
0.865125, 1.000000, -0.116064, 0.000000
0.865305, 0.955093, -0.115037, -0.038270
0.865368, 0.340256, -0.099282, -0.503405
0.865407, 0.115127, 0.666147, 0.097739
0.865658, 0.426711, -0.100775, -0.440852
0.866065, 0.932561, -0.113562, -0.057069
0.866184, 0.394576, -0.099755, -0.464135
0.866274, 0.742971, -0.106426, -0.205472
0.866302, 0.641129, -0.104153, -0.282194
0.866325, 0.724104, -0.105872, -0.219675
0.866717, 0.775823, -0.106944, -0.180450
0.866777, 0.909588, -0.112009, -0.075898
0.866831, 0.170381, -0.094759, -0.624254
0.866940, 0.712111, -0.105147, -0.228835
0.867031, 0.700051, -0.104782, -0.237884
0.867086, 0.518878, -0.101307, -0.373018
0.867190, 0.383069, -0.098775, -0.472435
0.867195, 0.440098, -0.099863, -0.431068
0.867199, 0.262868, -0.096271, -0.558863
0.867309, 0.550791, -0.101730, -0.349540
0.867680, 0.796661, -0.106779, -0.164476
0.867749, 0.607652, -0.102414, -0.307275
0.867988, 0.466413, -0.099727, -0.411769
0.868174, 0.285834, -0.096087, -0.542550
0.868184, 0.219359, -0.094504, -0.589537
0.868632, 0.044729, 0.652646, 0.031479
0.868684, 0.888548, -0.109510, -0.092873
0.868715, 0.308110, -0.096173, -0.526635
0.868951, 0.000000, 0.653063, 0.000000
0.869167, 0.022255, 0.653163, 0.015598
0.869259, 0.877534, -0.108654, -0.101744
0.869319, 0.574095, -0.100545, -0.332077
0.869400, 0.823601, -0.106346, -0.143853
0.869449, 0.850544, -0.107330, -0.122949
0.869474, 0.653797, -0.101942, -0.272769
0.869510, 0.452497, -0.098353, -0.422075
0.869639, 0.239469, -0.093973, -0.575550
0.869666, 0.864167, -0.107729, -0.112296
0.869750, 0.836816, -0.106570, -0.133659
0.870006, 0.763882, -0.104066, -0.189739
0.870051, 0.125642, 0.548164, -0.011324
0.870305, 0.328698, -0.095416, -0.511791
0.870436, 0.158543, -0.095928, -0.636640
0.870510, 0.064494, 0.654791, 0.046466
0.870664, 0.665508, -0.101257, -0.264031
0.871087, 0.619636, -0.100056, -0.298384
0.871257, 0.497247, -0.097767, -0.389027
0.871266, 0.562887, -0.098895, -0.340562
0.871297, 0.809550, -0.104367, -0.154751
0.871391, 0.530295, -0.098242, -0.364700
0.871607, 0.485193, -0.097309, -0.397971
0.871679, 0.189845, -0.091235, -0.610161
0.871810, 0.988864, -0.110940, -0.009618
0.872052, 0.404242, -0.095562, -0.457187
0.872122, 0.966631, -0.110129, -0.028680
0.872162, 0.416800, -0.095708, -0.448053
0.872220, 0.076203, 0.649994, 0.048751
0.872342, 0.944370, -0.109209, -0.047495
0.872389, 0.785643, -0.102786, -0.173166
0.872627, 0.689401, -0.100167, -0.245996
0.872637, 0.677449, -0.099938, -0.255042
0.872843, 0.274758, -0.092462, -0.550591
0.872901, 0.921817, -0.107761, -0.066174
0.872920, 0.088328, 0.664913, 0.071735
0.873146, 0.586466, -0.097881, -0.323151
0.873424, 0.101965, 0.652172, 0.068529
0.873660, 0.733004, -0.100319, -0.213096
0.874094, 0.200431, -0.089774, -0.602766
0.874149, 0.371240, -0.093392, -0.481117
0.874194, 0.297172, -0.091960, -0.534665
0.874215, 0.147034, -0.107140, -0.659227
0.874360, 0.899001, -0.105524, -0.084748
0.874569, 0.251954, -0.090705, -0.566767
0.874610, 0.632398, -0.097552, -0.288872
0.874648, 0.751720, -0.100053, -0.199036
0.875558, 0.033714, 0.657424, 0.023523
0.875565, 0.509123, -0.094746, -0.380533
0.875636, 0.011160, 0.657532, 0.007785
0.875692, 0.542073, -0.095165, -0.356073
0.876005, 0.054682, 0.656642, 0.037292
0.876022, 0.360197, -0.091797, -0.489096
0.876060, 0.318468, -0.091010, -0.519350
0.876117, 0.434441, -0.093059, -0.435266
0.876371, 0.349149, -0.091327, -0.497030
0.876648, 0.598725, -0.095404, -0.314100
0.876655, 0.179129, -0.087403, -0.617871
0.876685, 0.212764, -0.088251, -0.594251
0.876790, 0.227854, -0.088540, -0.583694
0.876961, 0.136381, -0.157616, -0.718292
0.877045, 0.338176, -0.090635, -0.505013
0.877565, 0.391348, -0.091250, -0.466769
0.877688, 0.114619, 0.696740, 0.122661
0.877700, 0.720010, -0.096860, -0.223038
0.877887, 0.460815, -0.092176, -0.416026
0.878015, 0.474483, -0.092332, -0.406144
0.878412, 0.645402, -0.094843, -0.279214
0.878611, 0.977874, -0.105615, -0.019217
0.878728, 1.000000, -0.105833, 0.000000
0.878830, 0.707761, -0.095726, -0.232350
0.878851, 0.955768, -0.104684, -0.038149
0.879116, 0.798191, -0.097754, -0.163632
0.879209, 0.933697, -0.103429, -0.056677
0.879393, 0.911006, -0.102165, -0.075293
0.879469, 0.167100, -0.085092, -0.626382
0.879683, 0.554188, -0.092314, -0.347161
0.879754, 0.264149, -0.087231, -0.558275
0.879828, 0.521134, -0.091700, -0.371730
0.879845, 0.858074, -0.099341, -0.117426
0.880021, 0.844142, -0.098660, -0.128310
0.880064, 0.819010, -0.097682, -0.147692
0.880068, 0.445958, -0.090287, -0.426920
0.880068, 0.872381, -0.099790, -0.106224
0.880100, 0.773807, -0.096371, -0.182464
0.880289, 0.424685, -0.089751, -0.442349
0.880437, 0.611043, -0.092685, -0.304952
0.880481, 0.286368, -0.087157, -0.542471
0.880731, 0.379695, -0.088687, -0.475247
0.880945, 0.830852, -0.097383, -0.138568
0.880994, 0.696889, -0.093777, -0.240528
0.881118, 0.886429, -0.099629, -0.095173
0.881180, 0.741619, -0.094630, -0.206802
0.881511, 0.240880, -0.085467, -0.574791
0.881783, 0.307988, -0.086630, -0.527046
0.881840, 0.658220, -0.092412, -0.269674
0.881854, 0.567246, -0.090860, -0.337508
0.881917, 0.761099, -0.094555, -0.192097
0.882065, 0.000000, 0.662173, 0.000000
0.882140, 0.487907, -0.089432, -0.396351
0.882158, 0.022511, 0.662142, 0.015725
0.882454, 0.044527, 0.662183, 0.031222
0.882571, 0.578635, -0.090523, -0.329162
0.882653, 0.066931, 0.665662, 0.050517
0.882671, 0.411219, -0.087778, -0.452375
0.883051, 0.623408, -0.090872, -0.295769
0.883107, 0.669843, -0.091643, -0.260993
0.883146, 0.127253, -0.206641, -0.776345
0.883610, 0.154913, -0.081607, -0.634670
0.883643, 0.683399, -0.091446, -0.250723
0.883702, 0.092039, 0.701638, 0.103271
0.883996, 0.329123, -0.085389, -0.511829
0.884066, 0.533253, -0.088655, -0.362807
0.884109, 0.499991, -0.088147, -0.387550
0.884286, 0.190437, -0.082354, -0.610341
0.884297, 0.079062, 0.647654, 0.039731
0.884317, 0.786086, -0.093388, -0.173260
0.885332, 0.809507, -0.093235, -0.155254
0.885437, 0.399946, -0.085538, -0.460670
0.885460, 0.989001, -0.100660, -0.009652
0.885655, 0.966924, -0.099863, -0.028837
0.885740, 0.104597, 0.721298, 0.134159
0.885775, 0.203682, -0.081618, -0.601251
0.885866, 0.945082, -0.098790, -0.047450
0.885869, 0.275798, -0.083036, -0.550115
0.885937, 0.923094, -0.097605, -0.065711
0.885941, 0.728765, -0.090590, -0.216645
0.886049, 0.590423, -0.088027, -0.320424
0.886304, 0.899419, -0.096191, -0.085058
0.886381, 0.217900, -0.081486, -0.591173
0.886447, 0.636487, -0.088448, -0.285998
0.886682, 0.253542, -0.082008, -0.565955
0.887145, 0.366618, -0.083734, -0.484961
0.887309, 0.297675, -0.082396, -0.534496
0.887368, 0.454755, -0.084919, -0.420487
0.887698, 0.141819, -0.079567, -0.644896
0.887926, 0.354131, -0.082936, -0.493929
0.888063, 0.342066, -0.082627, -0.502611
0.888118, 0.545592, -0.085743, -0.353708
0.888214, 0.512160, -0.085199, -0.378569
0.888426, 0.435188, -0.083824, -0.434819
0.888652, 0.011267, 0.666352, 0.007779
0.888734, 0.467115, -0.084081, -0.411465
0.888836, 0.033626, 0.666578, 0.023408
0.888870, 0.177047, -0.078810, -0.619776
0.888871, 0.319215, -0.081643, -0.519098
0.888909, 0.230721, -0.079948, -0.582193
0.889089, 0.056408, 0.665218, 0.037812
0.889175, 0.602427, -0.085807, -0.311538
0.889274, 0.750810, -0.088498, -0.200124
0.889422, 0.715620, -0.087597, -0.226702
0.889980, 0.117725, -0.147354, -0.727735
0.889996, 0.850788, -0.090961, -0.123529
0.890079, 0.864674, -0.091452, -0.112675
0.890367, 0.650077, -0.085637, -0.275910
0.890417, 0.388706, -0.081647, -0.468903
0.890514, 0.478864, -0.082925, -0.402932
0.890646, 0.420316, -0.081965, -0.445903
0.890953, 0.836870, -0.089659, -0.134349
0.891187, 0.878262, -0.091220, -0.102101
0.891223, 0.558477, -0.083553, -0.344181
0.891311, 0.798409, -0.088126, -0.163935
0.891470, 0.912058, -0.092710, -0.075062
0.891685, 0.165793, -0.076561, -0.627527
0.892026, 0.765516, -0.086623, -0.188925
0.892168, 0.822444, -0.088178, -0.145516
0.892229, 0.703611, -0.085145, -0.235793
0.892264, 0.691619, -0.084846, -0.244666
0.892299, 0.978110, -0.095230, -0.019330
0.892389, 0.524475, -0.082195, -0.369500
0.892444, 1.000000, -0.095516, 0.000000
0.892516, 0.265559, -0.078021, -0.557527
0.892577, 0.955984, -0.094137, -0.038510
0.892658, 0.934517, -0.092966, -0.056631
0.892703, 0.377518, -0.079778, -0.477074
0.893009, 0.676296, -0.084050, -0.256376
0.893051, 0.614857, -0.083001, -0.302306
0.893235, 0.287213, -0.077890, -0.542091
0.893694, 0.737732, -0.084676, -0.210052
0.893714, 0.570861, -0.081824, -0.335027
0.893741, 0.243423, -0.076719, -0.573250
0.893742, 0.776091, -0.085581, -0.181048
0.893944, 0.491374, -0.080513, -0.393799
0.894312, 0.445452, -0.079588, -0.427574
0.894506, 0.890253, -0.089160, -0.092772
0.894614, 0.626795, -0.081979, -0.293445
0.894670, 0.131051, -0.058895, -0.637238
0.894764, 0.309163, -0.077146, -0.526348
0.894965, 0.662866, -0.082307, -0.266526
0.895023, 0.408002, -0.078514, -0.454972
0.895118, 0.000000, 0.671303, 0.000000
0.895157, 0.082964, 0.630147, 0.016961
0.895167, 0.068872, 0.677858, 0.055579
0.895260, 0.022479, 0.671298, 0.015736
0.895291, 0.094755, 0.877801, 0.275411
0.895348, 0.045218, 0.670729, 0.031275
0.895407, 0.152445, -0.073643, -0.637043
0.895740, 0.582441, -0.080441, -0.326470
0.895978, 0.332244, -0.076629, -0.509754
0.896208, 0.787797, -0.083874, -0.172088
0.896230, 0.184982, -0.073754, -0.614262
0.896292, 0.196258, -0.073940, -0.606327
0.896452, 0.536964, -0.079269, -0.360307
0.896633, 0.208763, -0.073955, -0.597637
0.896860, 0.503469, -0.078474, -0.384948
0.897380, 0.108166, -0.149197, -0.740782
0.897665, 0.809410, -0.083407, -0.155784
0.897711, 0.640205, -0.079767, -0.283402
0.897781, 0.428885, -0.076736, -0.439681
0.897836, 0.221138, -0.073343, -0.589008
0.898006, 0.724354, -0.081016, -0.220299
0.898757, 0.357354, -0.074972, -0.491709
0.898838, 0.457786, -0.076367, -0.418682
0.898943, 0.594153, -0.078138, -0.317792
0.898981, 0.276917, -0.073535, -0.549570
0.899055, 0.396209, -0.075333, -0.463606
0.899157, 0.902165, -0.085997, -0.083427
0.899166, 0.924053, -0.087195, -0.065593
0.899184, 0.344825, -0.074476, -0.500837
0.899217, 0.989146, -0.090282, -0.009714
0.899235, 0.967248, -0.089495, -0.029045
0.899259, 0.255516, -0.072959, -0.564760
0.899650, 0.757635, -0.080366, -0.195036
0.899774, 0.944975, -0.087959, -0.048210
0.900011, 0.549792, -0.076723, -0.350856
0.900100, 0.298812, -0.073082, -0.533919
0.900205, 0.369211, -0.074091, -0.483247
0.900434, 0.321864, -0.073191, -0.517290
0.900561, 0.857650, -0.082726, -0.118569
0.900741, 0.515763, -0.075687, -0.375917
0.900753, 0.469785, -0.075081, -0.409878
0.900857, 0.685498, -0.077999, -0.249380
0.900946, 0.845131, -0.081897, -0.128250
0.901093, 0.233772, -0.071248, -0.580195
0.901121, 0.870761, -0.082801, -0.108323
0.901385, 0.606107, -0.076424, -0.308937
0.901406, 0.142276, -0.067935, -0.642914
0.901697, 0.011219, 0.674943, 0.007550
0.901761, 0.056976, 0.673385, 0.037489
0.901768, 0.033889, 0.675434, 0.023563
0.901797, 0.832028, -0.080795, -0.138484
0.901919, 0.711236, -0.077691, -0.230288
0.902131, 0.162539, -0.069119, -0.630134
0.902175, 0.120537, -0.060939, -0.652260
0.902318, 0.745807, -0.078022, -0.204126
0.902684, 0.482126, -0.073783, -0.400823
0.902727, 0.651874, -0.076061, -0.274823
0.903135, 0.417553, -0.072578, -0.448068
0.903298, 0.438420, -0.072723, -0.432746
0.903309, 0.562390, -0.074368, -0.341577
0.903496, 0.383663, -0.071842, -0.472721
0.903588, 0.174691, -0.068338, -0.621693
0.903783, 0.914017, -0.082889, -0.074046
0.904294, 0.672965, -0.075173, -0.259069
0.904343, 0.796580, -0.077591, -0.165580
0.904399, 0.882743, -0.080731, -0.099088
0.904736, 0.698030, -0.075184, -0.240078
0.904744, 0.528322, -0.072796, -0.366667
0.904858, 0.820175, -0.077964, -0.147736
0.905076, 0.076290, 0.649449, 0.025009
0.905222, 0.630424, -0.073761, -0.290707
0.905607, 0.098915, -0.020923, -0.624614
0.905704, 0.266634, -0.068486, -0.557007
0.905960, 0.781646, -0.075964, -0.177098
0.906012, 0.494576, -0.071418, -0.391687
0.906031, 0.618569, -0.073002, -0.299694
0.906033, 0.288615, -0.068597, -0.541359
0.906045, 0.978399, -0.084771, -0.019471
0.906051, 0.956312, -0.083718, -0.038873
0.906075, 0.768771, -0.075506, -0.186732
0.906163, 0.574492, -0.072337, -0.332642
0.906203, 0.733257, -0.074715, -0.213739
0.906284, 1.000000, -0.085098, 0.000000
0.906474, 0.245973, -0.067587, -0.571671
0.906670, 0.933616, -0.081899, -0.058189
0.907168, 0.310920, -0.068103, -0.525365
0.907525, 0.406089, -0.069147, -0.456496
0.907621, 0.199283, -0.065953, -0.604645
0.907768, 0.131825, -0.066054, -0.652987
0.907913, 0.186772, -0.065520, -0.613497
0.907931, 0.449100, -0.069380, -0.425007
0.908094, 0.211670, -0.065835, -0.595915
0.908120, 0.045381, 0.677639, 0.029438
0.908196, 0.000000, 0.680673, 0.000000
0.908225, 0.022478, 0.680799, 0.016163
0.908233, 0.894645, -0.078237, -0.089872
0.908373, 0.334663, -0.067546, -0.508177
0.908400, 0.087477, 0.631221, 0.017242
0.908501, 0.541145, -0.070083, -0.357206
0.908806, 0.586060, -0.070450, -0.324072
0.908901, 0.661951, -0.071401, -0.267386
0.909152, 0.224120, -0.065289, -0.587130
0.909330, 0.506994, -0.069053, -0.382576
0.909428, 0.153015, -0.063727, -0.636778
0.909878, 0.066168, 0.709210, 0.074580
0.909939, 0.348059, -0.066589, -0.498652
0.909969, 0.809116, -0.073470, -0.156250
0.909982, 0.110224, -0.026059, -0.630081
0.910382, 0.720467, -0.071182, -0.223473
0.910432, 0.427810, -0.067246, -0.440682
0.910444, 0.640940, -0.069847, -0.282915
0.910486, 0.360425, -0.066351, -0.489724
0.910928, 0.373180, -0.066182, -0.480431
0.911008, 0.460553, -0.067213, -0.416729
0.911278, 0.755716, -0.071114, -0.196816
0.911425, 0.394688, -0.066097, -0.464876
0.911505, 0.685174, -0.069698, -0.249963
0.911565, 0.863609, -0.074033, -0.114315
0.911655, 0.322633, -0.064980, -0.517034
0.911767, 0.597540, -0.068301, -0.315517
0.911809, 0.277923, -0.064232, -0.549093
0.912052, 0.840950, -0.072803, -0.131934
0.912132, 0.553937, -0.067456, -0.347762
0.912366, 0.473213, -0.066341, -0.407462
0.912422, 0.907146, -0.075491, -0.080066
0.912540, 0.301003, -0.064036, -0.532629
0.912634, 0.256516, -0.063312, -0.564362
0.912818, 0.852463, -0.072582, -0.123032
0.912843, 0.967672, -0.079018, -0.029269
0.913005, 0.519528, -0.066403, -0.373369
0.913113, 0.989309, -0.079765, -0.009811
0.913147, 0.608870, -0.067356, -0.306998
0.913192, 0.945273, -0.077415, -0.048731
0.913363, 0.236870, -0.062471, -0.578168
0.913386, 0.165595, -0.061229, -0.628198
0.913808, 0.921580, -0.075273, -0.068462
0.914102, 0.707767, -0.068042, -0.233118
0.914122, 0.874378, -0.072400, -0.106014
0.914322, 0.829143, -0.070564, -0.141079
0.914637, 0.742753, -0.068205, -0.206711
0.914644, 0.033692, 0.683221, 0.022517
0.914754, 0.011183, 0.683032, 0.007096
0.914856, 0.485477, -0.064605, -0.398511
0.914949, 0.142813, -0.059971, -0.644289
0.915282, 0.121108, -0.056670, -0.656367
0.915553, 0.416078, -0.063274, -0.449349
0.915701, 0.055801, 0.692071, 0.045201
0.915767, 0.566560, -0.064812, -0.338431
0.915893, 0.799205, -0.068379, -0.163827
0.915962, 0.788016, -0.068123, -0.172524
0.916072, 0.651000, -0.065620, -0.275554
0.916129, 0.438936, -0.063108, -0.432668
0.916274, 0.628000, -0.065188, -0.292828
0.916438, 0.672862, -0.065661, -0.259310
0.916671, 0.384779, -0.062067, -0.472121
0.916827, 0.532348, -0.063635, -0.363943
0.917071, 0.098406, -0.178941, -0.796022
0.917594, 0.886259, -0.070181, -0.096939
0.917676, 0.775865, -0.066483, -0.181807
0.917840, 0.695982, -0.064918, -0.242056
0.917996, 0.178284, -0.058218, -0.619578
0.918004, 0.498062, -0.062359, -0.389290
0.918056, 0.076929, 0.594335, -0.033951
0.918355, 0.289769, -0.059631, -0.540713
0.918582, 0.729970, -0.064852, -0.216428
0.918611, 0.818540, -0.066753, -0.149284
0.918941, 0.267408, -0.058905, -0.556755
0.918971, 0.578790, -0.062489, -0.329395
0.919078, 0.191352, -0.057666, -0.610478
0.919142, 0.203752, -0.057817, -0.601759
0.919331, 0.933975, -0.071787, -0.058715
0.919357, 0.956801, -0.073310, -0.039217
0.919603, 0.215927, -0.057672, -0.593136
0.919633, 0.764442, -0.064680, -0.190504
0.919908, 0.978742, -0.074154, -0.019669
0.920107, 0.404398, -0.059740, -0.457956
0.920189, 0.340271, -0.058955, -0.504680
0.920263, 1.000000, -0.074548, 0.000000
0.920357, 0.313685, -0.058492, -0.523738
0.920408, 0.227918, -0.057265, -0.584582
0.920539, 0.617012, -0.061713, -0.300956
0.920584, 0.545157, -0.060906, -0.354533
0.920585, 0.131601, -0.054985, -0.651184
0.920607, 0.246796, -0.057395, -0.571241
0.920855, 0.450385, -0.059692, -0.424423
0.921111, 0.328074, -0.058117, -0.513414
0.921191, 0.044519, 0.681661, 0.023447
0.921209, 0.898486, -0.067918, -0.087564
0.921284, 0.022270, 0.691703, 0.017649
0.921294, 0.000000, 0.690596, 0.000000
0.921546, 0.352622, -0.058089, -0.495675
0.921589, 0.510748, -0.059772, -0.379986
0.921843, 0.087483, -0.103755, -0.729455
0.921859, 0.464075, -0.059079, -0.414369
0.921876, 0.590907, -0.060390, -0.320448
0.921925, 0.364404, -0.057938, -0.487088
0.922146, 0.661203, -0.061019, -0.268040
0.922354, 0.426745, -0.058300, -0.441652
0.922400, 0.110076, -0.072476, -0.685091
0.922555, 0.638831, -0.060433, -0.284798
0.922605, 0.154258, -0.054574, -0.636344
0.922920, 0.717442, -0.061219, -0.225937
0.922940, 0.375381, -0.057299, -0.479034
0.923332, 0.683801, -0.060406, -0.251201
0.923356, 0.751957, -0.061451, -0.199949
0.923520, 0.838835, -0.063351, -0.133840
0.923590, 0.862722, -0.064175, -0.115509
0.923832, 0.066644, 0.789099, 0.148605
0.923934, 0.911232, -0.066453, -0.077586
0.923956, 0.807914, -0.062080, -0.157362
0.924073, 0.166899, -0.053729, -0.627495
0.924126, 0.301419, -0.055565, -0.532447
0.924309, 0.278846, -0.055153, -0.548640
0.924321, 0.557872, -0.058181, -0.345182
0.924345, 0.476419, -0.057330, -0.405351
0.924383, 0.850001, -0.062990, -0.125233
0.924403, 0.603717, -0.058587, -0.310991
0.925023, 0.523442, -0.057286, -0.370659
0.925272, 0.393644, -0.055760, -0.465783
0.925723, 0.875743, -0.063035, -0.105598
0.925877, 0.257051, -0.053726, -0.564089
0.926528, 0.968128, -0.068347, -0.029605
0.926690, 0.946061, -0.066639, -0.048963
0.926763, 0.488928, -0.055617, -0.396129
0.926857, 0.923278, -0.064841, -0.068026
0.927032, 0.739330, -0.058300, -0.209512
0.927193, 0.705776, -0.057673, -0.234791
0.927201, 0.989524, -0.069034, -0.009938
0.927407, 0.237263, -0.052353, -0.578003
0.927604, 0.795585, -0.058872, -0.166901
0.927623, 0.142116, -0.050822, -0.644598
0.927773, 0.828493, -0.059602, -0.141950
0.927827, 0.033102, 0.683507, 0.013559
0.927835, 0.414618, -0.054070, -0.450601
0.927929, 0.011102, 0.690328, 0.006455
0.928010, 0.437561, -0.054160, -0.433773
0.928417, 0.570364, -0.055166, -0.335987
0.928481, 0.120196, -0.052410, -0.662330
0.928604, 0.784084, -0.057839, -0.175690
0.928711, 0.649270, -0.055755, -0.277075
0.928782, 0.627424, -0.055448, -0.293356
0.928862, 0.055524, 0.815145, 0.159751
0.928900, 0.536348, -0.054451, -0.361146
0.928924, 0.671702, -0.055850, -0.260291
0.929141, 0.100059, -0.039120, -0.663712
0.929814, 0.501663, -0.053417, -0.386732
0.930029, 0.889025, -0.060112, -0.095431
0.930170, 0.185809, -0.049688, -0.614367
0.930507, 0.198216, -0.049617, -0.605638
0.930550, 0.210744, -0.049754, -0.596830
0.930584, 0.772627, -0.056026, -0.184405
0.930799, 0.223554, -0.049741, -0.587773
0.930835, 0.694419, -0.054638, -0.243323
0.931069, 0.289499, -0.050352, -0.541093
0.931167, 0.727010, -0.054822, -0.218832
0.931199, 0.383466, -0.051232, -0.473176
0.931471, 0.457180, -0.051733, -0.419357
0.931522, 0.322485, -0.050372, -0.517307
0.931768, 0.582032, -0.052702, -0.327377
0.931921, 0.935554, -0.061543, -0.058259
0.931981, 0.269063, -0.049440, -0.555506
0.931995, 0.817162, -0.055826, -0.150593
0.932007, 0.335258, -0.050149, -0.508129
0.932346, 0.347306, -0.050026, -0.499457
0.932351, 0.077251, -0.187635, -0.827382
0.932384, 0.174780, -0.047956, -0.622016
0.932497, 0.615672, -0.052445, -0.302180
0.932570, 0.761082, -0.054228, -0.193159
0.932594, 0.957287, -0.062752, -0.039707
0.932737, 0.549162, -0.051633, -0.351698
0.932795, 0.130241, -0.047574, -0.653392
0.932976, 0.310972, -0.049176, -0.525530
0.933215, 0.403275, -0.049935, -0.458935
0.933306, 0.089096, -0.062912, -0.697748
0.933428, 0.359516, -0.049344, -0.490599
0.933721, 0.514619, -0.050559, -0.377178
0.933870, 0.044102, 0.742029, 0.074245
0.933877, 0.900495, -0.057568, -0.086737
0.933892, 0.979143, -0.063310, -0.019964
0.934072, 0.593738, -0.051032, -0.318672
0.934143, 0.446789, -0.049633, -0.427080
0.934280, 0.371101, -0.048824, -0.482201
0.934296, 0.425185, -0.049327, -0.442929
0.934408, 1.000000, -0.063800, 0.000000
0.934424, 0.468249, -0.049601, -0.411252
0.934432, 0.000000, 0.702378, 0.000000
0.934507, 0.161435, -0.046271, -0.631376
0.934618, 0.022106, 0.702753, 0.018654
0.934918, 0.659958, -0.051020, -0.269141
0.935058, 0.246600, -0.046958, -0.571598
0.935219, 0.854479, -0.054390, -0.122467
0.935376, 0.682486, -0.050908, -0.252277
0.935401, 0.637593, -0.050414, -0.285924
0.935479, 0.748865, -0.051705, -0.202413
0.935504, 0.867201, -0.054628, -0.112698
0.935581, 0.840744, -0.053609, -0.132907
0.936069, 0.149597, -0.044995, -0.639548
0.936158, 0.299512, -0.046728, -0.533813
0.936211, 0.110909, -0.041035, -0.663009
0.936219, 0.715360, -0.050662, -0.227710
0.936316, 0.480240, -0.048278, -0.402498
0.936317, 0.912759, -0.056225, -0.077097
0.936386, 0.804905, -0.052007, -0.160108
0.936457, 0.605195, -0.049275, -0.310044
0.936590, 0.561971, -0.048789, -0.342232
0.936914, 0.527286, -0.048233, -0.367854
0.937088, 0.879973, -0.053774, -0.102759
0.937356, 0.065998, 0.075323, -0.572848
0.937457, 0.258652, -0.045352, -0.562989
0.937576, 0.279592, -0.045491, -0.548132
0.938462, 0.232986, -0.044344, -0.581178
0.938589, 0.492564, -0.046664, -0.393500
0.939115, 0.392033, -0.045423, -0.467098
0.939567, 0.924609, -0.054285, -0.067778
0.939651, 0.736481, -0.048201, -0.211793
0.939788, 0.792964, -0.049002, -0.169188
0.939943, 0.827443, -0.049627, -0.143033
0.940259, 0.968922, -0.057420, -0.029820
0.940554, 0.413653, -0.044539, -0.451469
0.940589, 0.704466, -0.047060, -0.235888
0.940890, 0.136790, -0.041375, -0.648329
0.940954, 0.434978, -0.044413, -0.435854
0.940988, 0.540218, -0.045220, -0.358290
0.941078, 0.947076, -0.054853, -0.049219
0.941100, 0.218750, -0.042294, -0.591305
0.941185, 0.032890, 0.691868, 0.012968
0.941199, 0.011536, 0.694374, 0.004654
0.941256, 0.625447, -0.045752, -0.295113
0.941385, 0.505367, -0.044645, -0.384119
0.941419, 0.648710, -0.045832, -0.277709
0.941455, 0.781481, -0.047450, -0.177923
0.941457, 0.670434, -0.046003, -0.261370
0.941572, 0.989255, -0.057930, -0.010654
0.941603, 0.205657, -0.041789, -0.600546
0.941683, 0.099282, -0.036818, -0.670714
0.941740, 0.574499, -0.044929, -0.332961
0.941948, 0.054822, 0.487842, -0.171114
0.941994, 0.193204, -0.041370, -0.609327
0.942754, 0.122087, -0.039207, -0.657980
0.942994, 0.329691, -0.042015, -0.512385
0.943345, 0.770102, -0.045737, -0.186521
0.943445, 0.181796, -0.040206, -0.617304
0.943455, 0.693225, -0.044666, -0.244316
0.943542, 0.342381, -0.041720, -0.503230
0.943736, 0.379681, -0.041886, -0.476235
0.943786, 0.457714, -0.042443, -0.419054
0.943789, 0.936092, -0.051522, -0.058634
0.943864, 0.317482, -0.041265, -0.521141
0.944129, 0.890085, -0.048321, -0.095205
0.944187, 0.814571, -0.045883, -0.152993
0.944196, 0.086091, -0.018303, -0.663859
0.944238, 0.724833, -0.044415, -0.220690
0.944251, 0.354862, -0.041301, -0.494216
0.944586, 0.169683, -0.039257, -0.625766
0.944679, 0.586540, -0.042759, -0.324059
0.944850, 0.553010, -0.042359, -0.348854
0.945014, 0.758387, -0.044220, -0.195372
0.945166, 0.291585, -0.040072, -0.539582
0.945217, 0.958627, -0.052397, -0.039518
0.945647, 0.367277, -0.040365, -0.485208
0.945701, 0.267719, -0.039469, -0.556688
0.945743, 0.445378, -0.040880, -0.428186
0.945860, 0.613434, -0.042053, -0.304000
0.945873, 0.305418, -0.039680, -0.529750
0.945906, 0.903221, -0.047572, -0.085209
0.945932, 0.518554, -0.041285, -0.374456
0.945951, 0.470575, -0.040918, -0.409788
0.945997, 0.401681, -0.040369, -0.460187
0.946293, 0.043436, 0.780333, 0.105718
0.946309, 0.848805, -0.045007, -0.127073
0.946490, 0.599297, -0.041458, -0.314557
0.946526, 0.861835, -0.045224, -0.117121
0.946626, 0.157405, -0.037676, -0.634299
0.946749, 0.074391, -0.017956, -0.673431
0.946885, 0.875168, -0.045389, -0.106884
0.947126, 0.241203, -0.038187, -0.575505
0.947172, 0.424380, -0.039666, -0.443737
0.947214, 0.681248, -0.041581, -0.253314
0.947322, 0.000000, 0.717015, 0.000000
0.947325, 0.253617, -0.038165, -0.566760
0.947442, 0.746263, -0.042114, -0.204533
0.947653, 0.637696, -0.040863, -0.285933
0.947706, 0.836236, -0.043486, -0.136579
0.947971, 0.483180, -0.039480, -0.400544
0.948001, 0.659077, -0.040781, -0.270060
0.948285, 0.023398, 0.720147, 0.024807
0.948350, 0.145109, -0.036319, -0.642737
0.948420, 1.000000, -0.053052, 0.000000
0.948440, 0.978486, -0.051672, -0.021536
0.948519, 0.279743, -0.037521, -0.548050
0.948714, 0.530943, -0.039252, -0.365370
0.948834, 0.565300, -0.039394, -0.339840
0.948879, 0.110041, -0.035733, -0.667125
0.949048, 0.916171, -0.045636, -0.075150
0.949113, 0.802578, -0.041619, -0.162101
0.949179, 0.227521, -0.036577, -0.585157
0.950037, 0.495955, -0.037996, -0.391128
0.950259, 0.714106, -0.039507, -0.228754
0.951473, 0.063030, -0.092622, -0.758696
0.951601, 0.388775, -0.036101, -0.469733
0.951781, 0.213424, -0.034581, -0.595162
0.951786, 0.130832, -0.033812, -0.652863
0.952294, 0.790554, -0.038840, -0.171277
0.952421, 0.823099, -0.039333, -0.146740
0.952501, 0.509101, -0.036205, -0.381425
0.952758, 0.734113, -0.037743, -0.213849
0.952935, 0.928297, -0.043066, -0.065679
0.952966, 0.626772, -0.036631, -0.294071
0.952973, 0.412206, -0.035227, -0.452544
0.953076, 0.096550, -0.034828, -0.678521
0.953102, 0.543961, -0.035979, -0.355742
0.953132, 0.200572, -0.033499, -0.604261
0.953756, 0.703230, -0.036629, -0.236932
0.953806, 0.011643, 0.690725, -0.001114
0.954176, 0.669349, -0.036022, -0.262426
0.954351, 0.336689, -0.033688, -0.507243
0.954410, 0.779349, -0.036954, -0.179723
0.954532, 0.435512, -0.034216, -0.435699
0.954630, 0.648495, -0.035504, -0.277980
0.954765, 0.324263, -0.033296, -0.516216
0.954826, 0.941061, -0.042423, -0.055423
0.954863, 0.966996, -0.045119, -0.032943
0.954920, 0.189092, -0.032121, -0.612316
0.954961, 0.952812, -0.043505, -0.045613
0.955019, 0.578691, -0.034727, -0.329986
0.955039, 0.349494, -0.033267, -0.497989
0.955239, 0.050776, 0.053204, -0.619564
0.955410, 0.035880, 0.758002, 0.075869
0.955510, 0.449665, -0.033565, -0.425301
0.955549, 0.462108, -0.033617, -0.416230
0.955680, 0.691616, -0.035000, -0.245612
0.955712, 0.767669, -0.035746, -0.188521
0.955724, 0.177020, -0.031440, -0.620756
0.955774, 0.989675, -0.046651, -0.010925
0.956031, 0.882683, -0.038020, -0.101624
0.956104, 0.362166, -0.032564, -0.488872
0.956173, 0.375887, -0.032604, -0.478986
0.956219, 0.895271, -0.038392, -0.091962
0.956257, 0.312209, -0.032115, -0.524880
0.956317, 0.083743, -0.033741, -0.688611
0.956350, 0.299230, -0.031959, -0.534230
0.956591, 0.591689, -0.033611, -0.320503
0.956614, 0.120026, -0.030412, -0.660475
0.956951, 0.604917, -0.033410, -0.310616
0.957006, 0.164858, -0.030419, -0.629202
0.957096, 0.261126, -0.031140, -0.561457
0.957102, 0.616632, -0.033353, -0.301739
0.957179, 0.755883, -0.034419, -0.197362
0.957389, 0.812026, -0.035041, -0.155156
0.957501, 0.868839, -0.036287, -0.112218
0.957608, 0.855714, -0.035805, -0.122155
0.957635, 0.554915, -0.032574, -0.347748
0.957768, 0.399770, -0.031563, -0.461647
0.957776, 0.474419, -0.032000, -0.407153
0.957823, 0.287150, -0.030793, -0.542827
0.957901, 0.723773, -0.033542, -0.221664
0.957962, 0.908082, -0.037498, -0.082069
0.958179, 0.273441, -0.030443, -0.552693
0.958285, 0.843285, -0.034905, -0.131489
0.958292, 0.247903, -0.030178, -0.570893
0.958363, 0.522787, -0.031815, -0.371330
0.958573, 0.152395, -0.029199, -0.637820
0.958586, 0.235172, -0.029869, -0.579895
0.958877, 0.422930, -0.030863, -0.444678
0.958926, 0.679782, -0.032354, -0.254558
0.959056, 0.139482, -0.028744, -0.646778
0.959184, 0.743982, -0.032687, -0.206346
0.959538, 0.831119, -0.033604, -0.140716
0.959540, 0.486832, -0.030729, -0.397984
0.959669, 0.567410, -0.031073, -0.338382
0.959927, 0.221796, -0.028802, -0.589294
0.960059, 0.535434, -0.030587, -0.361992
0.960127, 0.000000, 0.734983, 0.000000
0.960571, 0.636950, -0.030788, -0.286701
0.960620, 0.023299, 0.806551, 0.100309
0.960893, 0.106751, -0.027132, -0.669520
0.961014, 0.071777, -0.033510, -0.699996
0.961321, 0.499288, -0.029438, -0.388764
0.961571, 0.659449, -0.030147, -0.269855
0.961904, 0.799231, -0.031169, -0.164973
0.961922, 0.979499, -0.040509, -0.021785
0.962144, 0.921024, -0.034569, -0.072119
0.962592, 1.000000, -0.041773, 0.000000
0.963035, 0.511821, -0.028189, -0.379417
0.963167, 0.207972, -0.026383, -0.599144
0.963779, 0.388366, -0.027006, -0.469830
0.964438, 0.711605, -0.028264, -0.231000
0.964770, 0.059958, -0.044632, -0.721824
0.965121, 0.409828, -0.026117, -0.454363
0.965132, 0.093786, -0.023670, -0.678096
0.965341, 0.442578, -0.026099, -0.430240
0.965705, 0.788279, -0.027938, -0.173300
0.965728, 0.342920, -0.025332, -0.502966
0.965755, 0.330631, -0.025247, -0.511812
0.965903, 0.046422, -0.159944, -0.844934
0.965922, 0.932632, -0.032012, -0.063350
0.966177, 0.698859, -0.026786, -0.240477
0.966264, 0.957995, -0.034039, -0.042398
0.966358, 0.196791, -0.024027, -0.607087
0.966358, 0.011215, 0.709866, 0.031548
0.966362, 0.625515, -0.026199, -0.295175
0.966453, 0.130098, -0.023464, -0.653613
0.966473, 0.455333, -0.025306, -0.420928
0.966736, 0.775994, -0.026970, -0.182580
0.966807, 0.945339, -0.032222, -0.053107
0.966942, 0.184328, -0.023529, -0.615862
0.966975, 0.735688, -0.026401, -0.212729
0.967087, 0.354724, -0.024386, -0.494484
0.967090, 0.586229, -0.025451, -0.324533
0.967113, 0.821080, -0.027197, -0.148509
0.967167, 0.366916, -0.024385, -0.485626
0.967180, 0.318955, -0.024138, -0.520217
0.967209, 0.546101, -0.025157, -0.354102
0.967242, 0.647390, -0.025638, -0.278970
0.967404, 0.969640, -0.034311, -0.031938
0.967509, 0.306500, -0.023833, -0.529188
0.967606, 0.888421, -0.028306, -0.097700
0.967615, 0.034158, 0.235721, -0.453975
0.967635, 0.875517, -0.027880, -0.107490
0.967664, 0.599504, -0.025061, -0.314588
0.967695, 0.671211, -0.025414, -0.261125
0.967774, 0.431672, -0.024218, -0.438200
0.967797, 0.171640, -0.022836, -0.624739
0.967865, 0.763368, -0.025933, -0.192067
0.968015, 0.685997, -0.025239, -0.250026
0.968034, 0.466794, -0.024178, -0.412568
0.968314, 0.900966, -0.028145, -0.088124
0.968319, 0.294096, -0.023174, -0.538074
0.968344, 0.378360, -0.023559, -0.477205
0.968378, 0.117004, -0.022017, -0.662504
0.968438, 0.612791, -0.024522, -0.304671
0.968459, 0.574126, -0.024321, -0.333359
0.968477, 0.861877, -0.026823, -0.117832
0.968511, 0.280920, -0.022965, -0.547493
0.968512, 0.254861, -0.022824, -0.566051
0.968735, 0.267602, -0.022734, -0.557027
0.968817, 0.081692, -0.020901, -0.686229
0.968828, 0.158604, -0.022018, -0.633815
0.968951, 0.723562, -0.024739, -0.221878
0.969029, 0.750275, -0.024870, -0.201824
0.969064, 0.559705, -0.023799, -0.344137
0.969098, 0.808287, -0.025392, -0.158202
0.969099, 0.848521, -0.026012, -0.127892
0.969172, 0.144794, -0.021679, -0.643416
0.969373, 0.241674, -0.022127, -0.575376
0.969614, 0.479060, -0.023033, -0.403563
0.969808, 0.531793, -0.023110, -0.364742
0.969849, 0.228844, -0.021711, -0.584368
0.969854, 0.835151, -0.025133, -0.137936
0.969858, 0.913432, -0.027287, -0.078496
0.970438, 0.419806, -0.022168, -0.446928
0.970489, 0.398772, -0.022051, -0.462455
0.970753, 0.215928, -0.020990, -0.593498
0.970775, 0.989149, -0.033859, -0.012606
0.971101, 0.491781, -0.021956, -0.394191
0.971218, 0.519525, -0.021969, -0.373631
0.972473, 0.505038, -0.020962, -0.384394
0.973156, 0.000000, 0.821628, 0.000000
0.973194, 0.103851, -0.018591, -0.671513
0.973407, 0.635530, -0.020757, -0.287762
0.973432, 0.021821, 0.641843, -0.062314
0.973821, 0.658304, -0.020535, -0.270797
0.975151, 0.069069, -0.012744, -0.690853
0.976193, 1.000000, -0.030247, 0.000000
0.976357, 0.798068, -0.019369, -0.166214
0.976501, 0.447985, -0.017713, -0.426310
0.976504, 0.055917, -0.007169, -0.694870
0.976634, 0.978260, -0.026779, -0.024895
0.976714, 0.923994, -0.021629, -0.070693
0.976807, 0.337031, -0.017114, -0.507012
0.976865, 0.705182, -0.018345, -0.235705
0.977296, 0.205591, -0.016255, -0.601157
0.977579, 0.784671, -0.018254, -0.176216
0.977709, 0.386472, -0.016616, -0.471452
0.977726, 0.937667, -0.021517, -0.060279
0.977925, 0.192227, -0.015746, -0.610482
0.978038, 0.951400, -0.022207, -0.049211
0.978043, 0.093138, -0.015173, -0.678749
0.978043, 0.043443, -0.052272, -0.749189
0.978046, 0.717005, -0.017470, -0.226902
0.978149, 0.692602, -0.017268, -0.245081
0.978175, 0.679365, -0.017191, -0.254904
0.978185, 0.137537, -0.015311, -0.648413
0.978282, 0.593809, -0.016816, -0.318874
0.978373, 0.743622, -0.017345, -0.206968
0.978379, 0.622004, -0.016835, -0.297928
0.978416, 0.771332, -0.017476, -0.186188
0.978445, 0.347901, -0.015939, -0.499130
0.978486, 0.178950, -0.015287, -0.619729
0.978497, 0.326231, -0.015835, -0.514974
0.978506, 0.124937, -0.015021, -0.656995
0.978520, 0.607453, -0.016676, -0.308733
0.978598, 0.964621, -0.022954, -0.038010
0.978612, 0.540130, -0.016396, -0.358659
0.978650, 0.411120, -0.015988, -0.453436
0.978668, 0.553091, -0.016395, -0.349119
0.978678, 0.360097, -0.015808, -0.490405
0.978690, 0.882119, -0.018538, -0.102773
0.978726, 0.314097, -0.015628, -0.523795
0.978776, 0.868617, -0.018199, -0.112958
0.978782, 0.826400, -0.017638, -0.144852
0.978838, 0.567125, -0.016300, -0.338646
0.978894, 0.437536, -0.015885, -0.434174
0.978907, 0.580772, -0.016290, -0.328532
0.978934, 0.812985, -0.017368, -0.154904
0.978986, 0.730850, -0.016779, -0.216464
0.979040, 0.301435, -0.015355, -0.532897
0.979073, 0.757796, -0.016857, -0.196301
0.979117, 0.372715, -0.015525, -0.481392
0.979122, 0.458833, -0.015767, -0.418373
0.979129, 0.895577, -0.018475, -0.092592
0.979131, 0.165515, -0.014770, -0.629055
0.979140, 0.288197, -0.015237, -0.542380
0.979214, 0.274814, -0.015136, -0.551934
0.979327, 0.151699, -0.014570, -0.638621
0.979411, 0.261341, -0.014947, -0.561553
0.979451, 0.854819, -0.017408, -0.123360
0.979452, 0.011609, 0.747573, 0.116745
0.979534, 0.248016, -0.014810, -0.571011
0.979653, 0.667410, -0.015983, -0.263897
0.979653, 0.031375, -0.065070, -0.771596
0.979679, 0.647530, -0.015899, -0.278771
0.979807, 0.909222, -0.018263, -0.082209
0.979810, 0.470975, -0.015284, -0.409520
0.979910, 0.840913, -0.016840, -0.133824
0.979981, 0.080930, -0.013338, -0.686646
0.980157, 0.112429, -0.013808, -0.665612
0.980200, 0.425444, -0.014866, -0.443023
0.980220, 0.234291, -0.014265, -0.580755
0.980490, 0.220450, -0.014020, -0.590549
0.980859, 0.484061, -0.014526, -0.399978
0.980966, 0.526509, -0.014556, -0.368711
0.981170, 0.398809, -0.014068, -0.462413
0.981193, 0.512468, -0.014343, -0.379016
0.981705, 0.497795, -0.013919, -0.389887
0.984734, 0.634974, -0.011916, -0.288186
0.985921, 0.987310, -0.018730, -0.016904
0.986045, 0.000000, 1.189522, 0.000000
0.987634, 0.062734, -0.009231, -0.701897
0.988067, 0.102723, -0.008301, -0.672670
0.988096, 0.022404, -0.162556, -0.897145
0.988252, 0.657773, -0.009216, -0.271314
0.988328, 1.000000, -0.017976, 0.000000
0.988400, 0.792066, -0.009479, -0.170780
0.988401, 0.805050, -0.009540, -0.161050
0.988524, 0.930667, -0.010997, -0.066449
0.988629, 0.973044, -0.013405, -0.031726
0.988738, 0.917440, -0.010413, -0.076479
0.988753, 0.337172, -0.008304, -0.507300
0.988754, 0.199267, -0.008035, -0.605485
0.988792, 0.049944, -0.004534, -0.709981
0.988821, 0.613911, -0.008693, -0.304032
0.988837, 0.698227, -0.008842, -0.241074
0.988846, 0.447949, -0.008415, -0.426733
0.988905, 0.944416, -0.011127, -0.055742
0.988966, 0.710849, -0.008772, -0.231642
0.988988, 0.212327, -0.007896, -0.596292
0.989037, 0.778681, -0.008907, -0.180793
0.989039, 0.684992, -0.008656, -0.251002
0.989055, 0.378729, -0.008147, -0.477152
0.989064, 0.074889, -0.008575, -0.692998
0.989159, 0.185932, -0.007718, -0.614829
0.989162, 0.724030, -0.008644, -0.221729
0.989166, 0.600669, -0.008405, -0.313915
0.989197, 0.751136, -0.008690, -0.201426
0.989228, 0.560358, -0.008292, -0.343811
0.989235, 0.144455, -0.007570, -0.643763
0.989252, 0.958419, -0.011517, -0.044456
0.989378, 0.130951, -0.007437, -0.653126
0.989422, 0.546987, -0.008124, -0.353704
0.989423, 0.587448, -0.008184, -0.323730
0.989430, 0.875272, -0.009153, -0.108215
0.989431, 0.765028, -0.008541, -0.191005
0.989434, 0.573894, -0.008155, -0.333790
0.989479, 0.172363, -0.007461, -0.624302
0.989501, 0.833055, -0.008770, -0.139935
0.989535, 0.351107, -0.007750, -0.497309
0.989539, 0.419476, -0.007849, -0.447444
0.989553, 0.888998, -0.009204, -0.097904
0.989561, 0.737713, -0.008359, -0.211464
0.989565, 0.323266, -0.007682, -0.517226
0.989589, 0.861520, -0.008888, -0.118525
0.989607, 0.819120, -0.008608, -0.150421
0.989655, 0.295723, -0.007569, -0.536937
0.989656, 0.309478, -0.007591, -0.527091
0.989659, 0.158480, -0.007302, -0.633981
0.989663, 0.282044, -0.007540, -0.546719
0.989713, 0.268401, -0.007479, -0.556450
0.989717, 0.364904, -0.007637, -0.487268
0.989843, 0.089252, -0.007197, -0.681983
0.989858, 0.254700, -0.007350, -0.566208
0.989875, 0.533755, -0.007753, -0.363414
0.989914, 0.902991, -0.009083, -0.087372
0.989943, 0.847431, -0.008483, -0.129095
0.989957, 0.391612, -0.007496, -0.467769
0.989987, 0.036508, -0.017669, -0.740613
0.989993, 0.671687, -0.007875, -0.260912
0.989993, 0.240935, -0.007227, -0.575974
0.990070, 0.461862, -0.007512, -0.416555
0.990166, 0.117252, -0.006854, -0.662551
0.990176, 0.433956, -0.007390, -0.436833
0.990323, 0.406156, -0.007239, -0.457047
0.990335, 0.226755, -0.006956, -0.586027
0.990410, 0.475928, -0.007272, -0.406157
0.990529, 0.626488, -0.007383, -0.294548
0.990627, 0.505006, -0.007141, -0.384595
0.990660, 0.519424, -0.007135, -0.373978
0.990892, 0.490294, -0.006923, -0.395492
0.991263, 0.644506, -0.006833, -0.281124
0.991507, 0.009728, 0.082796, -0.636421
1.000000, 0.000000, 0.000000, 0.000000
1.000000, 0.015532, 0.000000, -0.703893
1.000000, 0.028850, 0.000000, -0.658146
1.000000, 0.042949, 0.000000, -0.697456
1.000000, 0.056291, 0.000000, -0.700999
1.000000, 0.069044, 0.000000, -0.694265
1.000000, 0.082503, 0.000000, -0.685462
1.000000, 0.096534, 0.000000, -0.676373
1.000000, 0.109755, 0.000000, -0.667670
1.000000, 0.124015, 0.000000, -0.657715
1.000000, 0.137778, 0.000000, -0.648315
1.000000, 0.151462, 0.000000, -0.638885
1.000000, 0.165363, 0.000000, -0.629188
1.000000, 0.179123, 0.000000, -0.619608
1.000000, 0.192679, 0.000000, -0.610158
1.000000, 0.206020, 0.000000, -0.600847
1.000000, 0.219510, 0.000000, -0.591332
1.000000, 0.233742, 0.000000, -0.581118
1.000000, 0.247716, 0.000000, -0.571250
1.000000, 0.261565, 0.000000, -0.561426
1.000000, 0.275318, 0.000000, -0.551654
1.000000, 0.289054, 0.000000, -0.541857
1.000000, 0.302820, 0.000000, -0.532010
1.000000, 0.316639, 0.000000, -0.522097
1.000000, 0.330474, 0.000000, -0.512152
1.000000, 0.343940, 0.000000, -0.502525
1.000000, 0.357765, 0.000000, -0.492380
1.000000, 0.371624, 0.000000, -0.482290
1.000000, 0.385056, 0.000000, -0.472639
1.000000, 0.398969, 0.000000, -0.462391
1.000000, 0.413133, 0.000000, -0.452063
1.000000, 0.426906, 0.000000, -0.442114
1.000000, 0.441120, 0.000000, -0.431670
1.000000, 0.454635, 0.000000, -0.421911
1.000000, 0.468755, 0.000000, -0.411346
1.000000, 0.483042, 0.000000, -0.400767
1.000000, 0.497614, 0.000000, -0.389971
1.000000, 0.512011, 0.000000, -0.379415
1.000000, 0.526367, 0.000000, -0.368796
1.000000, 0.540182, 0.000000, -0.358680
1.000000, 0.553712, 0.000000, -0.348713
1.000000, 0.567155, 0.000000, -0.338779
1.000000, 0.580727, 0.000000, -0.328671
1.000000, 0.594305, 0.000000, -0.318571
1.000000, 0.607788, 0.000000, -0.308576
1.000000, 0.621199, 0.000000, -0.298672
1.000000, 0.635694, 0.000000, -0.287633
1.000000, 0.650763, 0.000000, -0.276275
1.000000, 0.663986, 0.000000, -0.266812
1.000000, 0.677907, 0.000000, -0.256196
1.000000, 0.691215, 0.000000, -0.246328
1.000000, 0.704361, 0.000000, -0.236526
1.000000, 0.717586, 0.000000, -0.226605
1.000000, 0.730985, 0.000000, -0.216562
1.000000, 0.744658, 0.000000, -0.206269
1.000000, 0.758202, 0.000000, -0.196165
1.000000, 0.771928, 0.000000, -0.185852
1.000000, 0.785479, 0.000000, -0.175730
1.000000, 0.798750, 0.000000, -0.165853
1.000000, 0.812090, 0.000000, -0.155855
1.000000, 0.826103, 0.000000, -0.145192
1.000000, 0.840085, 0.000000, -0.134703
1.000000, 0.854292, 0.000000, -0.123993
1.000000, 0.868258, 0.000000, -0.113564
1.000000, 0.882118, 0.000000, -0.103205
1.000000, 0.896062, 0.000000, -0.092750
1.000000, 0.910254, 0.000000, -0.082067
1.000000, 0.923822, 0.000000, -0.071971
1.000000, 0.937238, 0.000000, -0.061809
1.000000, 0.950773, 0.000000, -0.051303
1.000000, 0.964301, 0.000000, -0.040450
1.000000, 0.976971, 0.000000, -0.029544
1.000000, 0.988540, 0.000000, -0.017796
1.000000, 1.000000, 0.000000, 0.000000
