0.000000, 0.000000, 0.000000, 0.000000
0.000000, 0.010755, 0.000000, 0.021104
0.000000, 0.021597, 0.000000, 0.034720
0.000000, 0.033448, 0.000000, 0.047478
0.000000, 0.045500, 0.000000, 0.059612
0.000000, 0.057899, 0.000000, 0.071780
0.000000, 0.070478, 0.000000, 0.083995
0.000000, 0.083276, 0.000000, 0.096381
0.000000, 0.096279, 0.000000, 0.108983
0.000000, 0.109343, 0.000000, 0.121663
0.000000, 0.122354, 0.000000, 0.134313
0.000000, 0.135251, 0.000000, 0.146835
0.000000, 0.148125, 0.000000, 0.159337
0.000000, 0.160994, 0.000000, 0.171815
0.000000, 0.173929, 0.000000, 0.184360
0.000000, 0.186917, 0.000000, 0.196952
0.000000, 0.199955, 0.000000, 0.209579
0.000000, 0.213057, 0.000000, 0.222254
0.000000, 0.226249, 0.000000, 0.235001
0.000000, 0.239548, 0.000000, 0.247851
0.000000, 0.252916, 0.000000, 0.260758
0.000000, 0.266310, 0.000000, 0.273665
0.000000, 0.279730, 0.000000, 0.286572
0.000000, 0.293210, 0.000000, 0.299523
0.000000, 0.306746, 0.000000, 0.312559
0.000000, 0.320139, 0.000000, 0.325403
0.000000, 0.333464, 0.000000, 0.338141
0.000000, 0.346801, 0.000000, 0.350858
0.000000, 0.360197, 0.000000, 0.363591
0.000000, 0.373712, 0.000000, 0.376419
0.000000, 0.387310, 0.000000, 0.389303
0.000000, 0.400954, 0.000000, 0.402202
0.000000, 0.414644, 0.000000, 0.415102
0.000000, 0.428410, 0.000000, 0.428028
0.000000, 0.442304, 0.000000, 0.441052
0.000000, 0.456306, 0.000000, 0.454343
0.000000, 0.469470, 0.000000, 0.466645
0.000000, 0.482296, 0.000000, 0.478481
0.000000, 0.495090, 0.000000, 0.490240
0.000000, 0.507721, 0.000000, 0.501760
0.000000, 0.520000, 0.000000, 0.512870
0.000000, 0.531685, 0.000000, 0.523516
0.000000, 0.542741, 0.000000, 0.533921
0.000000, 0.554654, 0.000000, 0.545107
0.000000, 0.567726, 0.000000, 0.557123
0.000000, 0.581396, 0.000000, 0.569529
0.000000, 0.595347, 0.000000, 0.582160
0.000000, 0.609204, 0.000000, 0.594634
0.000000, 0.622924, 0.000000, 0.606810
0.000000, 0.637031, 0.000000, 0.619402
0.000000, 0.651128, 0.000000, 0.631934
0.000000, 0.664928, 0.000000, 0.644172
0.000000, 0.678431, 0.000000, 0.655794
0.000000, 0.692643, 0.000000, 0.668257
0.000000, 0.706570, 0.000000, 0.680237
0.000000, 0.720639, 0.000000, 0.692125
0.000000, 0.735083, 0.000000, 0.704385
0.000000, 0.749533, 0.000000, 0.716339
0.000000, 0.764823, 0.000000, 0.729516
0.000000, 0.778977, 0.000000, 0.741139
0.000000, 0.793123, 0.000000, 0.752884
0.000000, 0.806711, 0.000000, 0.763627
0.000000, 0.821308, 0.000000, 0.775181
0.000000, 0.836489, 0.000000, 0.787217
0.000000, 0.851557, 0.000000, 0.799318
0.000000, 0.865590, 0.000000, 0.810004
0.000000, 0.879696, 0.000000, 0.820605
0.000000, 0.893469, 0.000000, 0.830629
0.000000, 0.906920, 0.000000, 0.839857
0.000000, 0.920080, 0.000000, 0.847857
0.000000, 0.933351, 0.000000, 0.853777
0.000000, 0.945699, 0.000000, 0.857796
0.000000, 0.959562, 0.000000, 0.845645
0.000000, 0.972602, 0.000000, 0.782454
0.000000, 0.985200, 0.000000, 0.773190
0.000000, 1.000000, 0.000000, 0.000000
0.008688, 0.756863, 0.007342, 0.722640
0.009154, 0.828561, 0.007304, 0.781064
0.009174, 0.989329, 0.025799, 0.865347
0.009439, 0.844117, 0.007419, 0.793449
0.009857, 0.952306, 0.018236, 0.890220
0.009887, 0.813458, 0.007996, 0.768976
0.009940, 0.449389, 0.009575, 0.447761
0.009973, 0.742105, 0.008511, 0.710300
0.009980, 0.728090, 0.008595, 0.698491
0.010035, 0.588108, 0.009238, 0.575335
0.010039, 0.629506, 0.009086, 0.612482
0.010131, 0.435276, 0.009798, 0.434505
0.010174, 0.573633, 0.009415, 0.562222
0.010277, 0.643845, 0.009243, 0.625269
0.010306, 0.685295, 0.009088, 0.661737
0.010309, 0.602226, 0.009438, 0.588088
0.010314, 0.559073, 0.009595, 0.549025
0.010322, 0.421445, 0.010022, 0.421505
0.010435, 0.407752, 0.010171, 0.408604
0.010478, 0.544421, 0.009797, 0.535738
0.010507, 0.394106, 0.010279, 0.395718
0.010587, 0.380470, 0.010397, 0.382813
0.010596, 0.786793, 0.008768, 0.747536
0.010617, 0.615959, 0.009667, 0.600431
0.010656, 0.299872, 0.010700, 0.305914
0.010727, 0.366865, 0.010574, 0.369912
0.010731, 0.286343, 0.010818, 0.292918
0.010740, 0.713560, 0.009323, 0.686070
0.010755, 0.529944, 0.010105, 0.522610
0.010814, 0.272913, 0.010947, 0.280003
0.010838, 0.259492, 0.011017, 0.267076
0.010842, 0.246054, 0.011070, 0.254111
0.010847, 0.873188, 0.008276, 0.815664
0.010873, 0.772022, 0.009089, 0.735341
0.010895, 0.658173, 0.009739, 0.638061
0.010909, 0.232671, 0.011190, 0.241187
0.010924, 0.353373, 0.010808, 0.357093
0.010932, 0.313487, 0.010936, 0.318995
0.010970, 0.699525, 0.009600, 0.674082
0.011014, 0.340062, 0.010937, 0.344413
0.011039, 0.326795, 0.011002, 0.331738
0.011049, 0.219432, 0.011391, 0.228392
0.011120, 0.102757, 0.012426, 0.115101
0.011166, 0.206315, 0.011573, 0.215701
0.011166, 0.887183, 0.008396, 0.826234
0.011169, 0.089484, 0.012730, 0.102176
0.011182, 0.516151, 0.010559, 0.510053
0.011216, 0.115915, 0.012339, 0.127913
0.011248, 0.193275, 0.011726, 0.203070
0.011284, 0.858792, 0.008742, 0.804757
0.011303, 0.463716, 0.010847, 0.461271
0.011309, 0.180291, 0.011864, 0.190482
0.011314, 0.502733, 0.010729, 0.497630
0.011361, 0.000000, 0.021929, 0.000000
0.011383, 0.167337, 0.012026, 0.177911
0.011395, 0.927071, 0.010215, 0.858480
0.011400, 0.025016, 0.016794, 0.036776
0.011421, 0.076389, 0.013354, 0.089397
0.011422, 0.128820, 0.012406, 0.140472
0.011462, 0.141660, 0.012318, 0.152965
0.011462, 0.489552, 0.010914, 0.485382
0.011488, 0.154447, 0.012234, 0.165393
0.011504, 0.900785, 0.008587, 0.836560
0.011553, 0.671386, 0.010257, 0.649625
0.011638, 0.799668, 0.009524, 0.757947
0.011641, 0.063534, 0.014067, 0.076765
0.011722, 0.964908, 0.023000, 0.920554
0.011725, 0.050873, 0.014815, 0.064165
0.011731, 0.476511, 0.011214, 0.473240
0.011836, 0.914050, 0.009119, 0.847047
0.011937, 0.037990, 0.016032, 0.050942
0.013129, 0.940476, 0.016761, 0.874432
0.013423, 1.000000, -1.531676, 0.000000
0.013695, 0.976980, 0.184947, 1.100096
0.013912, 0.011588, 0.023044, 0.019204
0.018511, 0.762079, 0.015592, 0.726741
0.018733, 0.834890, 0.014876, 0.785699
0.019000, 0.820561, 0.015287, 0.774414
0.019327, 0.749279, 0.016423, 0.716086
0.019666, 0.580823, 0.018153, 0.568889
0.019772, 0.565959, 0.018348, 0.555371
0.019906, 0.635517, 0.017969, 0.617877
0.019943, 0.455847, 0.019178, 0.453839
0.019996, 0.781212, 0.016612, 0.742629
0.020028, 0.551339, 0.018685, 0.542102
0.020069, 0.721987, 0.017348, 0.693181
0.020129, 0.441956, 0.019435, 0.440798
0.020225, 0.595053, 0.018569, 0.581764
0.020397, 0.650407, 0.018295, 0.631211
0.020564, 0.428236, 0.019932, 0.427891
0.020629, 0.537115, 0.019341, 0.529127
0.020773, 0.847362, 0.016291, 0.795275
0.020839, 0.414618, 0.020274, 0.415057
0.020906, 0.953495, -0.019703, 0.837043
0.020926, 0.735403, 0.017935, 0.704450
0.020983, 0.988156, -0.918612, -0.152337
0.020983, 0.401036, 0.020490, 0.402234
0.020996, 0.608904, 0.019172, 0.594244
0.021018, 0.691622, 0.018467, 0.667061
0.021083, 0.387442, 0.020664, 0.389374
0.021244, 0.373812, 0.020899, 0.376455
0.021324, 0.306327, 0.021370, 0.312058
0.021395, 0.622483, 0.019429, 0.606428
0.021423, 0.292850, 0.021554, 0.299118
0.021567, 0.360174, 0.021296, 0.363504
0.021597, 0.706791, 0.018824, 0.680112
0.021599, 0.252554, 0.022002, 0.260316
0.021608, 0.279494, 0.021826, 0.286283
0.021639, 0.266078, 0.021948, 0.273363
0.021641, 0.678769, 0.019153, 0.656124
0.021656, 0.807122, 0.017629, 0.763804
0.021693, 0.239075, 0.022198, 0.247296
0.021727, 0.523626, 0.020467, 0.516786
0.021984, 0.225802, 0.022605, 0.234469
0.021994, 0.346645, 0.021798, 0.350633
0.022032, 0.320098, 0.021998, 0.325286
0.022033, 0.096041, 0.024783, 0.108192
0.022108, 0.869552, 0.016920, 0.812524
0.022112, 0.333394, 0.021997, 0.338004
0.022227, 0.109432, 0.024586, 0.121319
0.022232, 0.510196, 0.021033, 0.504389
0.022256, 0.212669, 0.023002, 0.221762
0.022362, 0.882083, 0.016842, 0.821994
0.022442, 0.082708, 0.025783, 0.095086
0.022444, 0.199625, 0.023325, 0.209123
0.022593, 0.186653, 0.023619, 0.196541
0.022621, 0.496995, 0.021491, 0.492200
0.022685, 0.173717, 0.023873, 0.183978
0.022755, 0.122316, 0.024832, 0.133901
0.022842, 0.160761, 0.024214, 0.171378
0.022848, 0.895125, 0.016869, 0.831533
0.022909, 0.019962, 0.032837, 0.028571
0.022914, 0.135173, 0.024729, 0.146455
0.022945, 0.483786, 0.021889, 0.479982
0.022989, 0.069554, 0.027113, 0.082026
0.023054, 0.147861, 0.024643, 0.158817
0.023084, 0.663903, 0.020570, 0.643003
0.023110, 0.932703, 0.011578, 0.853494
0.023363, 0.044539, 0.029703, 0.056546
0.023423, 0.908235, 0.016906, 0.840810
0.023431, 0.858340, 0.018166, 0.803731
0.023467, 0.470539, 0.022479, 0.467720
0.023482, 0.000000, 0.036961, 0.000000
0.023557, 0.056983, 0.028706, 0.069371
0.023673, 0.031552, 0.031829, 0.042381
0.023951, 0.921073, 0.016136, 0.848880
0.024027, 0.793457, 0.019777, 0.752815
0.024135, 0.966550, 0.123970, 0.983568
0.025585, 0.770566, 0.021423, 0.733747
0.026125, 1.000000, -1.024608, 0.000000
0.027882, 0.943287, -0.010694, 0.835858
0.028382, 0.978141, -0.909951, -0.047917
0.028751, 0.573234, 0.026613, 0.561872
0.028758, 0.827535, 0.022985, 0.779784
0.028905, 0.641131, 0.026027, 0.622615
0.029266, 0.010583, 0.041856, 0.015202
0.029374, 0.717129, 0.025451, 0.688862
0.029393, 0.558311, 0.027349, 0.548219
0.029830, 0.587587, 0.027466, 0.574930
0.029924, 0.460455, 0.028721, 0.457759
0.030176, 0.744560, 0.025721, 0.712120
0.030193, 0.697217, 0.026455, 0.671799
0.030212, 0.757335, 0.025527, 0.722739
0.030411, 0.544088, 0.028439, 0.535280
0.030536, 0.447655, 0.029417, 0.445786
0.030952, 0.601433, 0.028348, 0.587454
0.030958, 0.434639, 0.029939, 0.433688
0.031312, 0.421372, 0.030397, 0.421272
0.031384, 0.838958, 0.024811, 0.788918
0.031443, 0.816047, 0.025395, 0.770586
0.031467, 0.672928, 0.027917, 0.650710
0.031514, 0.407984, 0.030708, 0.408678
0.031614, 0.394521, 0.030920, 0.395968
0.031709, 0.380984, 0.031126, 0.383150
0.031932, 0.312452, 0.031936, 0.317802
0.031942, 0.367348, 0.031471, 0.370210
0.031994, 0.615125, 0.029141, 0.599740
0.032170, 0.299102, 0.032301, 0.305020
0.032184, 0.781412, 0.026732, 0.742792
0.032192, 0.730053, 0.027682, 0.699900
0.032251, 0.531138, 0.030300, 0.523512
0.032259, 0.653574, 0.028886, 0.633762
0.032267, 0.259066, 0.032792, 0.266492
0.032329, 0.245449, 0.033001, 0.253337
0.032443, 0.628630, 0.029370, 0.611449
0.032464, 0.272669, 0.032855, 0.279621
0.032473, 0.353619, 0.032113, 0.357155
0.032486, 0.285973, 0.032747, 0.292425
0.032804, 0.232141, 0.033643, 0.240482
0.032833, 0.102823, 0.036462, 0.114394
0.032978, 0.517855, 0.031118, 0.511286
0.033071, 0.089464, 0.037349, 0.101158
0.033169, 0.956539, 0.191126, 1.040653
0.033175, 0.326760, 0.033055, 0.331566
0.033214, 0.339973, 0.032970, 0.344163
0.033253, 0.219004, 0.034272, 0.227772
0.033579, 0.205944, 0.034788, 0.215112
0.033641, 0.989681, -0.861478, -0.018799
0.033689, 0.803171, 0.027507, 0.760340
0.033698, 0.504898, 0.031930, 0.499336
0.033704, 0.075817, 0.038860, 0.087488
0.033844, 0.192997, 0.035261, 0.202547
0.033850, 0.850742, 0.026439, 0.798019
0.033982, 0.115732, 0.037220, 0.127092
0.033990, 0.876169, 0.025805, 0.817478
0.034014, 0.180094, 0.035655, 0.190007
0.034057, 0.491897, 0.032400, 0.487274
0.034078, 0.167176, 0.035965, 0.177431
0.034209, 0.889151, 0.025561, 0.827222
0.034275, 0.128659, 0.037120, 0.139795
0.034319, 0.154125, 0.036495, 0.164699
0.034333, 0.037545, 0.043361, 0.047517
0.034390, 0.685167, 0.030320, 0.661293
0.034609, 0.479104, 0.033051, 0.475353
0.034673, 0.863680, 0.026701, 0.807961
0.034690, 0.902517, 0.025568, 0.837205
0.034716, 0.141145, 0.037234, 0.152008
0.035177, 0.062927, 0.041558, 0.074385
0.035289, 0.916320, 0.024695, 0.846413
0.035529, 0.050400, 0.043213, 0.061358
0.035536, 0.023007, 0.046956, 0.030365
0.035810, 0.930744, 0.022401, 0.854746
0.035848, 0.707378, 0.031234, 0.680420
0.036954, 0.000000, 0.051167, 0.000000
0.037469, 0.767806, 0.031428, 0.731466
0.037647, 0.969873, -0.954110, -0.098729
0.038010, 0.565763, 0.035274, 0.554880
0.038117, 0.663112, 0.033977, 0.641966
0.038137, 0.467914, 0.036535, 0.464821
0.038190, 0.791648, 0.031469, 0.751049
0.038938, 0.579540, 0.035951, 0.567358
0.039389, 1.000000, -0.893977, 0.000000
0.039599, 0.641909, 0.035642, 0.623276
0.039645, 0.551100, 0.036975, 0.541449
0.039900, 0.740986, 0.034068, 0.708905
0.040186, 0.945065, 0.242776, 1.081027
0.040654, 0.828031, 0.032464, 0.780066
0.040730, 0.593299, 0.037411, 0.579778
0.040992, 0.454587, 0.039417, 0.452313
0.041173, 0.719425, 0.035620, 0.690664
0.041613, 0.441460, 0.040167, 0.440069
0.041901, 0.318399, 0.041827, 0.323386
0.041930, 0.428301, 0.040624, 0.427729
0.042043, 0.754121, 0.035597, 0.720112
0.042144, 0.415032, 0.040983, 0.415243
0.042165, 0.606515, 0.038525, 0.591605
0.042248, 0.401686, 0.041235, 0.402653
0.042285, 0.388279, 0.041424, 0.389976
0.042354, 0.374785, 0.041644, 0.377190
0.042568, 0.696064, 0.037308, 0.670481
0.042630, 0.361134, 0.042072, 0.364233
0.042706, 0.813888, 0.034538, 0.768770
0.042723, 0.983412, -0.863317, -0.006734
0.042759, 0.011337, 0.056114, 0.014856
0.042773, 0.251806, 0.043554, 0.259329
0.042839, 0.538773, 0.040138, 0.530351
0.042890, 0.265573, 0.043488, 0.272644
0.043014, 0.304870, 0.043105, 0.310415
0.043407, 0.347276, 0.043005, 0.351073
0.043476, 0.238477, 0.044472, 0.246460
0.043477, 0.279207, 0.043907, 0.285817
0.043547, 0.619259, 0.039577, 0.602944
0.043571, 0.841440, 0.034340, 0.790335
0.043607, 0.292227, 0.043872, 0.298348
0.043626, 0.525438, 0.041054, 0.518089
0.043685, 0.082801, 0.049342, 0.093672
0.043704, 0.096710, 0.048592, 0.107709
0.043845, 0.674712, 0.038857, 0.652050
0.044151, 0.225323, 0.045375, 0.233735
0.044216, 0.778826, 0.036781, 0.740399
0.044260, 0.031801, 0.055196, 0.039600
0.044272, 0.630976, 0.040038, 0.613380
0.044589, 0.333365, 0.044357, 0.337897
0.044611, 0.212221, 0.046075, 0.221026
0.044771, 0.108651, 0.049100, 0.119465
0.044809, 0.512783, 0.042344, 0.506466
0.045066, 0.199283, 0.046789, 0.208457
0.045146, 0.499736, 0.042837, 0.494388
0.045177, 0.855222, 0.035111, 0.800917
0.045229, 0.959289, -0.792676, 0.046889
0.045348, 0.186455, 0.047348, 0.195975
0.045376, 0.160642, 0.047992, 0.170775
0.045422, 0.122216, 0.049278, 0.132982
0.045454, 0.173596, 0.047749, 0.183436
0.045593, 0.881963, 0.034342, 0.821154
0.045739, 0.868832, 0.035021, 0.811315
0.045753, 0.147340, 0.048761, 0.157723
0.045761, 0.486819, 0.043593, 0.482406
0.045799, 0.730481, 0.039358, 0.699861
0.045869, 0.069786, 0.052801, 0.080437
0.045878, 0.895212, 0.034042, 0.830985
0.045923, 0.652222, 0.041140, 0.632254
0.046320, 0.908621, 0.032507, 0.839477
0.046587, 0.134180, 0.050068, 0.144748
0.046828, 0.801884, 0.038254, 0.759121
0.046851, 0.922167, 0.035103, 0.852436
0.046898, 0.044136, 0.056623, 0.053309
0.047626, 0.558652, 0.044302, 0.548243
0.047670, 0.056904, 0.056032, 0.066971
0.048104, 0.474832, 0.045988, 0.471259
0.048259, 0.707962, 0.042016, 0.680626
0.048608, 0.935307, 0.177945, 1.003122
0.048676, 0.685846, 0.042894, 0.661607
0.048726, 0.571570, 0.045124, 0.560115
0.049373, 0.766029, 0.041445, 0.729655
0.049728, 0.584687, 0.045830, 0.572045
0.050075, 0.021033, 0.062583, 0.026241
0.050100, 0.973351, -0.913629, -0.059440
0.050259, 0.000000, 0.064427, 0.000000
0.050343, 0.462170, 0.048303, 0.459374
0.050896, 1.000000, -0.876554, 0.000000
0.051096, 0.743163, 0.043550, 0.710433
0.051212, 0.789550, 0.042240, 0.748892
0.051231, 0.663338, 0.045650, 0.641943
0.051460, 0.322749, 0.051282, 0.327284
0.051565, 0.822705, 0.041363, 0.775428
0.052033, 0.448765, 0.050117, 0.446827
0.052151, 0.598362, 0.047815, 0.584467
0.052287, 0.640231, 0.047099, 0.621644
0.052509, 0.948996, -0.632460, 0.193505
0.052573, 0.435467, 0.050829, 0.434350
0.052828, 0.422205, 0.051266, 0.421887
0.052881, 0.547354, 0.049377, 0.537826
0.052965, 0.408929, 0.051588, 0.409381
0.053012, 0.395650, 0.051822, 0.396840
0.053014, 0.382374, 0.052011, 0.384269
0.053053, 0.258077, 0.053883, 0.265173
0.053064, 0.369078, 0.052248, 0.371645
0.053233, 0.090870, 0.059171, 0.101161
0.053243, 0.309924, 0.053243, 0.314944
0.053421, 0.355746, 0.052787, 0.358945
0.053598, 0.271946, 0.054206, 0.278554
0.053687, 0.834183, 0.042605, 0.784576
0.053718, 0.719552, 0.046450, 0.690365
0.053882, 0.611588, 0.049141, 0.596375
0.053943, 0.532940, 0.050622, 0.524778
0.053988, 0.244883, 0.055077, 0.252464
0.054604, 0.342427, 0.054145, 0.346201
0.054894, 0.231732, 0.056254, 0.239749
0.054947, 0.114929, 0.059712, 0.125212
0.054950, 0.285526, 0.055368, 0.291697
0.054978, 0.987604, -0.854367, 0.001924
0.055114, 0.754801, 0.046614, 0.720075
0.055238, 0.847316, 0.043245, 0.794738
0.055395, 0.297437, 0.055603, 0.303037
0.055398, 0.625771, 0.050214, 0.608797
0.055488, 0.697163, 0.048596, 0.671287
0.055495, 0.218466, 0.057135, 0.226862
0.055737, 0.078590, 0.062826, 0.088663
0.055980, 0.811959, 0.045315, 0.766656
0.056015, 0.520770, 0.052798, 0.513768
0.056099, 0.507433, 0.053095, 0.501398
0.056183, 0.032552, 0.067711, 0.039138
0.056185, 0.205497, 0.058128, 0.214243
0.056358, 0.860899, 0.043389, 0.804999
0.056397, 0.154093, 0.059734, 0.163951
0.056629, 0.494164, 0.053817, 0.489105
0.056664, 0.675696, 0.050181, 0.652674
0.056665, 0.777245, 0.047164, 0.738569
0.056731, 0.192722, 0.058996, 0.201791
0.056812, 0.167141, 0.059767, 0.176765
0.056889, 0.180016, 0.059488, 0.189380
0.056937, 0.874367, 0.043013, 0.815010
0.057078, 0.140325, 0.060929, 0.150361
0.057112, 0.010890, 0.070629, 0.013476
0.057153, 0.887542, 0.042647, 0.824960
0.057196, 0.102279, 0.062853, 0.112611
0.057316, 0.962887, -0.911483, -0.071896
0.057572, 0.900696, 0.040589, 0.832962
0.057955, 0.561433, 0.053838, 0.550560
0.058139, 0.731632, 0.049903, 0.700498
0.058153, 0.913787, 0.049536, 0.852014
0.058439, 0.066489, 0.066854, 0.076081
0.058517, 0.481734, 0.055821, 0.477555
0.058641, 0.330842, 0.058316, 0.335011
0.058858, 0.126606, 0.063410, 0.136821
0.058910, 0.651386, 0.052781, 0.631384
0.059031, 0.043962, 0.069576, 0.051755
0.059330, 0.926577, 0.191772, 1.001602
0.059526, 0.574961, 0.055023, 0.562783
0.059617, 0.799669, 0.048748, 0.756662
0.060330, 0.588172, 0.055487, 0.574686
0.060339, 0.055260, 0.069865, 0.063940
0.060504, 0.469201, 0.057929, 0.465817
0.061135, 0.708683, 0.053186, 0.680959
0.061155, 0.939360, -0.545851, 0.266179
0.061998, 0.456195, 0.059584, 0.453650
0.062376, 0.976468, -0.862155, -0.015601
0.062471, 0.765961, 0.052410, 0.729052
0.062518, 0.686824, 0.055041, 0.662201
0.062726, 0.317219, 0.062584, 0.321784
0.062741, 0.539927, 0.058743, 0.531111
0.063019, 0.442813, 0.060795, 0.441085
0.063053, 0.637475, 0.056839, 0.618933
0.063145, 1.000000, -0.867861, 0.000000
0.063159, 0.743365, 0.053798, 0.710216
0.063208, 0.264164, 0.064037, 0.270830
0.063215, 0.665324, 0.056258, 0.643465
0.063474, 0.429465, 0.061462, 0.428538
0.063705, 0.416193, 0.061912, 0.416040
0.063827, 0.402989, 0.062254, 0.403570
0.063852, 0.601559, 0.058419, 0.586682
0.063882, 0.389868, 0.062527, 0.391146
0.063897, 0.376835, 0.062759, 0.378771
0.063897, 0.000000, 0.077886, 0.000000
0.063945, 0.824533, 0.051092, 0.776294
0.064023, 0.363919, 0.063098, 0.366470
0.064036, 0.022458, 0.076735, 0.026870
0.064281, 0.787558, 0.053059, 0.746694
0.064296, 0.089170, 0.071225, 0.098924
0.064332, 0.278429, 0.064940, 0.284752
0.064513, 0.251374, 0.065636, 0.258529
0.064576, 0.351010, 0.063857, 0.354136
0.064646, 0.615476, 0.058809, 0.599052
0.064825, 0.952710, -0.896509, -0.070057
0.065277, 0.838721, 0.051374, 0.787123
0.065470, 0.304186, 0.065583, 0.309408
0.065476, 0.238466, 0.066898, 0.246047
0.065487, 0.552009, 0.061059, 0.542127
0.065946, 0.113229, 0.071569, 0.123191
0.066029, 0.224880, 0.067755, 0.232812
0.066102, 0.720737, 0.057093, 0.691054
0.066584, 0.852652, 0.051569, 0.797685
0.066820, 0.515008, 0.063075, 0.508200
0.067114, 0.211652, 0.069187, 0.219926
0.067130, 0.148124, 0.071146, 0.157620
0.067132, 0.501145, 0.063643, 0.495351
0.067599, 0.338640, 0.067066, 0.342307
0.067657, 0.866323, 0.051839, 0.808251
0.067663, 0.810512, 0.054785, 0.765022
0.067683, 0.528676, 0.063595, 0.520630
0.067822, 0.075763, 0.075964, 0.084919
0.067861, 0.754804, 0.057356, 0.719578
0.067882, 0.626148, 0.061470, 0.608509
0.068015, 0.160839, 0.071614, 0.170153
0.068032, 0.198882, 0.070467, 0.207458
0.068115, 0.290936, 0.068509, 0.296775
0.068351, 0.173746, 0.071544, 0.182856
0.068373, 0.879687, 0.052451, 0.819073
0.068536, 0.186307, 0.071349, 0.195163
0.068583, 0.134706, 0.073197, 0.144247
0.068638, 0.988423, -0.854705, -0.006472
0.068710, 0.698150, 0.060104, 0.671670
0.068866, 0.892755, 0.049292, 0.826020
0.068923, 0.034741, 0.080700, 0.040587
0.068967, 0.565192, 0.063986, 0.553952
0.069026, 0.488480, 0.065693, 0.483582
0.069520, 0.905658, 0.067269, 0.853939
0.069809, 0.965859, -0.858484, -0.025966
0.069934, 0.656279, 0.062480, 0.635114
0.069975, 0.100482, 0.076551, 0.110082
0.070081, 0.776365, 0.058321, 0.737366
0.070180, 0.676576, 0.062091, 0.653044
0.070549, 0.918290, 0.188899, 0.981578
0.070562, 0.577856, 0.065148, 0.565265
0.070656, 0.011941, 0.084020, 0.014202
0.070708, 0.325900, 0.070367, 0.329979
0.070824, 0.732313, 0.060727, 0.700634
0.070893, 0.589946, 0.065153, 0.576165
0.071004, 0.476042, 0.067827, 0.471972
0.071247, 0.048322, 0.081963, 0.055535
0.071669, 0.062417, 0.081106, 0.070606
0.071974, 0.644883, 0.064630, 0.624959
0.071979, 0.930685, -0.741472, 0.056096
0.072224, 0.797431, 0.059111, 0.754290
0.072385, 0.463247, 0.069405, 0.460017
0.072816, 0.123181, 0.078253, 0.132706
0.072902, 0.269612, 0.073664, 0.275728
0.073350, 0.450057, 0.070594, 0.447645
0.073399, 0.943020, -0.836494, -0.023794
0.073695, 0.608968, 0.067203, 0.593059
0.073802, 0.710462, 0.064100, 0.682034
0.073976, 0.436749, 0.071462, 0.435142
0.074118, 0.541907, 0.069302, 0.532494
0.074389, 0.423423, 0.072124, 0.422590
0.074635, 0.313345, 0.074563, 0.318084
0.074646, 0.410221, 0.072635, 0.410137
0.074825, 0.397176, 0.073066, 0.397802
0.074936, 0.384286, 0.073426, 0.385581
0.075085, 0.371673, 0.073819, 0.373601
0.075227, 0.359123, 0.074202, 0.361637
0.075387, 0.257516, 0.076445, 0.264004
0.075570, 0.819865, 0.060704, 0.772038
0.075596, 0.087380, 0.083348, 0.096423
0.075616, 0.743777, 0.064343, 0.709984
0.075727, 0.832282, 0.060242, 0.781915
0.075924, 0.977546, -0.852675, -0.015583
0.075984, 0.765519, 0.063707, 0.728157
0.076076, 0.231781, 0.077798, 0.239178
0.076179, 0.687625, 0.066988, 0.662292
0.076196, 1.000000, -0.854934, 0.000000
0.076332, 0.245503, 0.077717, 0.252468
0.076485, 0.346785, 0.075686, 0.349860
0.076736, 0.633303, 0.069260, 0.614685
0.076896, 0.845412, 0.060657, 0.792304
0.076974, 0.280277, 0.077574, 0.286130
0.076983, 0.000000, 0.090472, 0.000000
0.077043, 0.666499, 0.068482, 0.643948
0.077073, 0.507598, 0.072893, 0.501005
0.077346, 0.555877, 0.071974, 0.545223
0.077378, 0.300348, 0.077558, 0.305507
0.077390, 0.955821, -0.861272, -0.042039
0.077415, 0.218140, 0.079549, 0.225954
0.077666, 0.597492, 0.071148, 0.582751
0.077694, 0.024429, 0.090069, 0.028277
0.077971, 0.521276, 0.073434, 0.513712
0.078006, 0.785926, 0.064406, 0.744774
0.078085, 0.142740, 0.082773, 0.151809
0.078160, 0.858708, 0.061472, 0.803028
0.078306, 0.110704, 0.084727, 0.119984
0.079050, 0.722253, 0.068167, 0.691871
0.079101, 0.204886, 0.081672, 0.213038
0.079176, 0.620020, 0.071878, 0.602967
0.079256, 0.871952, 0.061238, 0.812641
0.079274, 0.154284, 0.083603, 0.163351
0.079458, 0.167244, 0.083311, 0.176168
0.079488, 0.074715, 0.088280, 0.082948
0.079489, 0.494803, 0.075477, 0.489125
0.079827, 0.333788, 0.079238, 0.337289
0.079937, 0.806656, 0.064869, 0.761150
0.080103, 0.885014, 0.053394, 0.814845
0.080138, 0.192322, 0.083142, 0.200759
0.080343, 0.179881, 0.083787, 0.188597
0.080352, 0.569436, 0.074403, 0.557490
0.080422, 0.755183, 0.067892, 0.719223
0.080437, 0.038439, 0.091975, 0.043865
0.080830, 0.897863, 0.087166, 0.858614
0.081327, 0.700524, 0.071004, 0.673232
0.081607, 0.532581, 0.076555, 0.523928
0.081686, 0.583013, 0.075228, 0.569494
0.081734, 0.482631, 0.077900, 0.477820
0.081845, 0.910543, 0.122365, 0.898507
0.081876, 0.653904, 0.073193, 0.632661
0.082404, 0.052322, 0.092971, 0.058937
0.082431, 0.132258, 0.087816, 0.141242
0.082479, 0.988856, -0.847304, -0.007829
0.082640, 0.098077, 0.090002, 0.106906
0.082852, 0.289462, 0.083260, 0.294843
0.083100, 0.470066, 0.079503, 0.466132
0.083195, 0.011221, 0.096168, 0.012940
0.083255, 0.922948, -0.947731, -0.163224
0.083513, 0.966910, -0.845176, -0.022072
0.083683, 0.322694, 0.083353, 0.326815
0.083829, 0.457023, 0.080503, 0.453935
0.083835, 0.734161, 0.071742, 0.701673
0.083917, 0.774125, 0.069878, 0.734865
0.084064, 0.267123, 0.084989, 0.273191
0.084170, 0.676919, 0.074400, 0.652752
0.084280, 0.063516, 0.094045, 0.070803
0.084580, 0.443750, 0.081531, 0.441491
0.084828, 0.934893, -0.798211, 0.000071
0.084931, 0.430583, 0.082173, 0.429132
0.085200, 0.546606, 0.079536, 0.536642
0.085250, 0.641909, 0.076631, 0.622123
0.085368, 0.417291, 0.082898, 0.416611
0.085489, 0.946264, -0.851220, -0.045969
0.085536, 0.607960, 0.078019, 0.592028
0.085727, 0.404198, 0.083545, 0.404267
0.085974, 0.391271, 0.084076, 0.392036
0.086025, 0.239297, 0.087706, 0.246251
0.086062, 0.796016, 0.070431, 0.752396
0.086310, 0.120769, 0.092513, 0.129669
0.086335, 0.309721, 0.086252, 0.314193
0.086375, 0.378797, 0.084752, 0.380220
0.086377, 0.366326, 0.085028, 0.368345
0.086883, 0.354159, 0.085790, 0.356717
0.086920, 0.225632, 0.089031, 0.233012
0.086941, 0.712171, 0.075386, 0.682980
0.087167, 0.815348, 0.070103, 0.767592
0.087287, 0.513717, 0.082354, 0.506246
0.087535, 0.826641, 0.069556, 0.776484
0.087560, 0.253949, 0.088902, 0.260525
0.087646, 0.085184, 0.095998, 0.093301
0.087734, 0.341604, 0.086882, 0.344588
0.087782, 0.838782, 0.068574, 0.785612
0.088276, 0.691007, 0.077445, 0.664781
0.088341, 0.746889, 0.074954, 0.712038
0.088603, 0.594991, 0.081221, 0.580194
0.088612, 0.629060, 0.080096, 0.610642
0.088843, 0.851524, 0.067509, 0.794353
0.088954, 0.211739, 0.091526, 0.219419
0.089202, 0.501562, 0.084487, 0.495007
0.089318, 0.663814, 0.079449, 0.641177
0.089489, 0.559745, 0.083136, 0.548406
0.089667, 1.000000, -0.843731, 0.000000
0.089718, 0.978104, -0.843300, -0.016186
0.089736, 0.277839, 0.090436, 0.283453
0.089865, 0.159263, 0.094301, 0.167769
0.090038, 0.864480, 0.063219, 0.799888
0.090101, 0.144620, 0.095152, 0.153181
0.090304, 0.020661, 0.102647, 0.023438
0.090415, 0.000000, 0.103423, 0.000000
0.090458, 0.761588, 0.075969, 0.724256
0.090610, 0.031595, 0.102401, 0.035597
0.090851, 0.108405, 0.097893, 0.116924
0.090979, 0.297959, 0.091159, 0.302768
0.091138, 0.877452, 0.055125, 0.802092
0.091276, 0.956126, -0.840825, -0.031773
0.091289, 0.784956, 0.075337, 0.743211
0.091348, 0.172447, 0.095333, 0.180797
0.091468, 0.198116, 0.094557, 0.206073
0.091755, 0.571777, 0.084836, 0.559047
0.091846, 0.045107, 0.102945, 0.050440
0.091959, 0.724097, 0.079141, 0.692765
0.092072, 0.890353, 0.133619, 0.890447
0.092203, 0.524063, 0.086709, 0.515768
0.092305, 0.185600, 0.095872, 0.193802
0.092485, 0.072484, 0.101878, 0.079771
0.092595, 0.489150, 0.088048, 0.483559
0.092629, 0.617238, 0.084139, 0.600017
0.092760, 0.583490, 0.085394, 0.569633
0.092968, 0.903204, -0.033816, 0.726261
0.093085, 0.537858, 0.087141, 0.528398
0.094080, 0.476829, 0.089799, 0.472138
0.094128, 0.651036, 0.084225, 0.629851
0.094210, 0.331883, 0.093484, 0.335047
0.094295, 0.916192, -1.013198, -0.241084
0.094429, 0.805705, 0.076591, 0.759537
0.094575, 0.463781, 0.090613, 0.459954
0.094849, 0.131929, 0.100856, 0.140561
0.094942, 0.702333, 0.082749, 0.674276
0.095003, 0.682474, 0.083685, 0.657006
0.095033, 0.450606, 0.091398, 0.447638
0.095056, 0.319179, 0.094670, 0.322984
0.095182, 0.095817, 0.103103, 0.103803
0.095498, 0.265309, 0.096578, 0.271283
0.095823, 0.437250, 0.092503, 0.435106
0.095865, 0.424301, 0.092878, 0.422948
0.095877, 0.058389, 0.106324, 0.064639
0.095952, 0.737230, 0.081879, 0.703541
0.095974, 0.245027, 0.097581, 0.251464
0.096049, 0.929305, -0.803838, -0.018614
0.096254, 0.772945, 0.080124, 0.733048
0.096400, 0.988975, -0.837818, -0.007999
0.096450, 0.410991, 0.093775, 0.410370
0.096809, 0.397762, 0.094450, 0.397837
0.097064, 0.967283, -0.836888, -0.023719
0.097140, 0.287407, 0.097572, 0.292400
0.097153, 0.550939, 0.090524, 0.540209
0.097213, 0.604248, 0.088750, 0.588106
0.097218, 0.232661, 0.099207, 0.239396
0.097332, 0.942667, -0.841742, -0.048437
0.097339, 0.010676, 0.109995, 0.012053
0.097501, 0.346581, 0.096387, 0.349108
0.097517, 0.638228, 0.087754, 0.618389
0.097529, 0.372432, 0.095783, 0.373790
0.097656, 0.385288, 0.095597, 0.386038
0.097805, 0.671400, 0.086622, 0.647261
0.097830, 0.359824, 0.096391, 0.361775
0.097909, 0.219870, 0.100326, 0.226958
0.098768, 0.510906, 0.093254, 0.503425
0.098857, 0.119128, 0.105539, 0.127324
0.098948, 0.306663, 0.098852, 0.310858
0.098999, 0.830781, 0.078549, 0.779038
0.099062, 0.817579, 0.079488, 0.768593
0.099151, 0.750960, 0.083819, 0.714811
0.099580, 0.152540, 0.104607, 0.160703
0.099627, 0.843862, 0.078712, 0.789767
0.099817, 0.082909, 0.108712, 0.090226
0.099903, 0.795619, 0.081652, 0.751141
0.100066, 0.713873, 0.086598, 0.683721
0.100397, 0.205750, 0.103319, 0.213076
0.100791, 0.856886, 0.079137, 0.800233
0.101077, 0.498248, 0.095825, 0.491755
0.101103, 0.591706, 0.092754, 0.576752
0.101495, 0.625995, 0.091816, 0.607428
0.101751, 0.254612, 0.103197, 0.260791
0.101802, 0.036006, 0.113050, 0.039870
0.101945, 0.164686, 0.106582, 0.172792
0.102040, 0.869841, 0.093608, 0.824932
0.102370, 0.530140, 0.096031, 0.520909
0.102424, 0.692867, 0.089693, 0.665747
0.102513, 0.659544, 0.091311, 0.636832
0.102610, 0.564261, 0.095129, 0.552072
0.102812, 0.276114, 0.103607, 0.281506
0.103028, 0.177982, 0.107178, 0.185961
0.103051, 0.577627, 0.095041, 0.563962
0.103158, 0.022743, 0.115272, 0.025344
0.103171, 0.882704, 0.244495, 0.984267
0.103195, 0.106478, 0.110732, 0.114288
0.103268, 1.000000, -0.833399, 0.000000
0.103442, 0.955379, -0.831195, -0.032009
0.103582, 0.977973, -0.832914, -0.016395
0.103743, 0.141444, 0.109516, 0.149607
0.103764, 0.727745, 0.089029, 0.695266
0.103881, 0.783877, 0.085673, 0.741358
0.103901, 0.047666, 0.114731, 0.052492
0.104014, 0.069224, 0.113770, 0.075587
0.104077, 0.762449, 0.087235, 0.723818
0.104138, 0.895492, -0.301844, 0.441158
0.104172, 0.000000, 0.116835, 0.000000
0.104331, 0.191548, 0.107903, 0.199133
0.105010, 0.908287, -0.943904, -0.185144
0.105154, 0.613432, 0.095618, 0.596068
0.105188, 0.484060, 0.100137, 0.478473
0.105278, 0.296492, 0.105442, 0.300924
0.105334, 0.470575, 0.100712, 0.466113
0.105666, 0.338837, 0.104693, 0.341632
0.105779, 0.457214, 0.101522, 0.453604
0.105959, 0.541360, 0.099021, 0.531122
0.105994, 0.326226, 0.105383, 0.329654
0.106085, 0.444019, 0.102191, 0.441219
0.106354, 0.519579, 0.100079, 0.510950
0.106491, 0.646942, 0.095405, 0.625628
0.106527, 0.921327, -0.837169, -0.067486
0.106753, 0.418026, 0.103569, 0.416751
0.106952, 0.314789, 0.106599, 0.318498
0.107113, 0.681018, 0.094357, 0.655210
0.107190, 0.404095, 0.104354, 0.403494
0.107192, 0.430472, 0.103633, 0.428433
0.107463, 0.093501, 0.115880, 0.100751
0.107569, 0.128853, 0.113911, 0.136611
0.107611, 0.741095, 0.091515, 0.706285
0.107619, 0.241519, 0.109447, 0.247731
0.107976, 0.352510, 0.106587, 0.354632
0.107980, 0.807183, 0.087210, 0.759735
0.108254, 0.216037, 0.110893, 0.222787
0.108373, 0.264770, 0.109559, 0.270481
0.108465, 0.378532, 0.106329, 0.379339
0.108511, 0.934093, -0.819894, -0.041509
0.108592, 0.229111, 0.110855, 0.235671
0.108866, 0.552807, 0.101323, 0.541471
0.108869, 0.365866, 0.107096, 0.367348
0.108909, 0.391798, 0.106401, 0.391942
0.108946, 0.703597, 0.094784, 0.674465
0.109098, 0.772821, 0.090697, 0.732040
0.109365, 0.600711, 0.099961, 0.584642
0.109371, 0.822266, 0.086944, 0.771257
0.109829, 0.057309, 0.120287, 0.062614
0.110091, 0.945232, -0.828788, -0.043150
0.110154, 0.988889, -0.827941, -0.008267
0.110233, 0.836061, 0.086914, 0.782273
0.110353, 0.966319, -0.827529, -0.025227
0.110359, 0.634709, 0.099414, 0.614762
0.110515, 0.011183, 0.122782, 0.012383
0.110672, 0.668867, 0.098087, 0.644588
0.111078, 0.718263, 0.095803, 0.686758
0.111239, 0.285932, 0.111749, 0.290750
0.111395, 0.495514, 0.105641, 0.488833
0.111424, 0.849280, 0.084091, 0.789656
0.111434, 0.080182, 0.120589, 0.086637
0.111442, 0.153534, 0.116794, 0.161298
0.111559, 0.202178, 0.114721, 0.209063
0.111572, 0.508160, 0.105410, 0.500612
0.111683, 0.116774, 0.118879, 0.124344
0.111971, 0.753633, 0.094377, 0.716376
0.111975, 0.587322, 0.102882, 0.572554
0.112334, 0.793757, 0.091813, 0.748888
0.112395, 0.032006, 0.123809, 0.035133
0.112806, 0.862282, 0.097713, 0.813259
0.113014, 0.167837, 0.117738, 0.175413
0.113494, 0.305429, 0.113334, 0.309224
0.113521, 0.574335, 0.104817, 0.560822
0.113947, 0.622038, 0.103201, 0.603394
0.114010, 0.251562, 0.115546, 0.257267
0.114164, 0.875159, 0.204700, 0.926327
0.114605, 0.181193, 0.118806, 0.188593
0.114693, 0.530502, 0.107502, 0.520694
0.115061, 0.655867, 0.102603, 0.633035
0.115310, 0.887932, -0.749467, -0.021476
0.115340, 0.103939, 0.123292, 0.111039
0.115418, 0.691211, 0.101067, 0.663559
0.115787, 0.138917, 0.121702, 0.146202
0.115837, 0.043742, 0.126826, 0.047723
0.115910, 0.563173, 0.107448, 0.550612
0.115929, 0.731164, 0.099150, 0.697312
0.116173, 0.332224, 0.115190, 0.334877
0.116203, 0.900715, -0.819040, -0.073929
0.116230, 0.275165, 0.117106, 0.280307
0.116372, 0.410984, 0.113027, 0.409644
0.116505, 0.475139, 0.111133, 0.469715
0.116639, 0.462734, 0.111671, 0.458178
0.116716, 0.067531, 0.126617, 0.073085
0.116816, 0.913687, -0.836197, -0.081471
0.116818, 1.000000, -0.823244, 0.000000
0.116943, 0.437064, 0.112795, 0.434232
0.117025, 0.977480, -0.822859, -0.016965
0.117042, 0.781508, 0.096576, 0.738840
0.117101, 0.449899, 0.112530, 0.446206
0.117261, 0.954886, -0.821332, -0.033442
0.117430, 0.345018, 0.116051, 0.347072
0.117516, 0.021030, 0.129304, 0.023068
0.117648, 0.609402, 0.107108, 0.592061
0.117694, 0.000000, 0.129848, 0.000000
0.118185, 0.318453, 0.117562, 0.321538
0.118426, 0.540913, 0.110572, 0.529939
0.118468, 0.814790, 0.095329, 0.765101
0.118469, 0.212669, 0.121334, 0.219111
0.118592, 0.486548, 0.112696, 0.480046
0.118698, 0.927475, -0.816415, -0.051465
0.118722, 0.192401, 0.122452, 0.199340
0.118733, 0.766386, 0.099097, 0.726335
0.118736, 0.358300, 0.116933, 0.359706
0.118863, 0.710096, 0.102958, 0.679455
0.118941, 0.679166, 0.104820, 0.653157
0.119016, 0.423228, 0.115220, 0.421166
0.119044, 0.384520, 0.116441, 0.384622
0.119201, 0.225222, 0.121708, 0.231539
0.119262, 0.643614, 0.106949, 0.622195
0.119358, 0.520457, 0.112262, 0.511526
0.119460, 0.295229, 0.119609, 0.299364
0.119541, 0.090726, 0.128192, 0.097143
0.119726, 0.238298, 0.121771, 0.244278
0.119790, 0.262537, 0.120968, 0.267705
0.119965, 0.398876, 0.116882, 0.398121
0.120064, 0.371940, 0.117858, 0.372768
0.120115, 0.743181, 0.101882, 0.706922
0.120325, 0.828593, 0.096585, 0.776653
0.120406, 0.551937, 0.111998, 0.539978
0.120719, 0.127101, 0.127602, 0.134409
0.120866, 0.801554, 0.098093, 0.754297
0.120992, 0.596264, 0.110717, 0.580134
0.121892, 0.841835, 0.090974, 0.781134
0.122019, 0.941372, -0.818295, -0.045137
0.122298, 0.054478, 0.132703, 0.058923
0.122325, 0.665382, 0.108505, 0.640775
0.122512, 0.147340, 0.128173, 0.154369
0.122648, 0.499580, 0.116045, 0.491844
0.122672, 0.630685, 0.110627, 0.610622
0.122937, 0.159760, 0.128167, 0.166919
0.123307, 0.698999, 0.107446, 0.669697
0.123437, 0.854811, 0.115786, 0.815982
0.123446, 0.583347, 0.113517, 0.568407
0.123546, 0.078121, 0.132880, 0.083834
0.123556, 0.755716, 0.103863, 0.717010
0.123631, 0.988685, -0.817970, -0.008589
0.123667, 0.965981, -0.817644, -0.025904
0.123755, 0.722079, 0.106389, 0.689383
0.123919, 0.114216, 0.131486, 0.121128
0.124087, 0.510434, 0.117015, 0.501868
0.124566, 0.010517, 0.136434, 0.011482
0.124576, 0.032253, 0.135874, 0.035032
0.124898, 0.172537, 0.129612, 0.179560
0.124982, 0.867651, 0.141443, 0.846342
0.125199, 0.203338, 0.128556, 0.209815
0.125540, 0.307998, 0.125248, 0.311495
0.125612, 0.284721, 0.126075, 0.289059
0.125775, 0.571005, 0.116179, 0.557149
0.126051, 0.789916, 0.103188, 0.744633
0.126082, 0.250033, 0.127622, 0.255229
0.126312, 0.326601, 0.125383, 0.329228
0.126335, 0.617904, 0.114541, 0.599143
0.126432, 0.880382, -0.922111, -0.207263
0.127129, 0.100993, 0.135233, 0.107284
0.127211, 0.411323, 0.123521, 0.409739
0.127356, 0.775533, 0.105449, 0.732780
0.127498, 0.892970, -0.769028, -0.039703
0.127717, 0.431537, 0.123319, 0.428670
0.127915, 0.338541, 0.126613, 0.340712
0.128031, 0.652758, 0.114239, 0.629634
0.128072, 0.918199, -0.813148, -0.063630
0.128155, 0.455713, 0.122938, 0.451418
0.128162, 0.905556, -0.817481, -0.078876
0.128276, 0.467684, 0.122626, 0.462570
0.128295, 0.184037, 0.132538, 0.190781
0.128332, 0.531259, 0.120228, 0.521097
0.128422, 0.272475, 0.129245, 0.277031
0.128570, 0.389868, 0.125541, 0.389399
0.128658, 0.443151, 0.123854, 0.439646
0.128874, 0.065084, 0.138713, 0.069839
0.129093, 0.479637, 0.122967, 0.473647
0.129168, 0.734426, 0.110123, 0.699296
0.129215, 0.351056, 0.127499, 0.352659
0.129398, 0.558571, 0.120039, 0.545708
0.129414, 0.363803, 0.127231, 0.364670
0.129423, 0.216614, 0.132294, 0.222676
0.129484, 0.676387, 0.114151, 0.649852
0.129501, 0.809088, 0.104268, 0.759439
0.129512, 0.042954, 0.140253, 0.046321
0.129553, 0.953516, -0.812401, -0.035246
0.129734, 0.604984, 0.118229, 0.587430
0.129964, 0.688107, 0.113884, 0.660135
0.130192, 0.821601, 0.102767, 0.768263
0.130236, 1.000000, -0.813129, 0.000000
0.130274, 0.136699, 0.136663, 0.143460
0.130438, 0.977281, -0.812755, -0.017376
0.130470, 0.229274, 0.132893, 0.235076
0.130498, 0.544667, 0.121653, 0.533043
0.130528, 0.931645, -0.809808, -0.051158
0.130642, 0.709657, 0.113051, 0.678109
0.130663, 0.491937, 0.123972, 0.484898
0.131257, 0.639359, 0.117840, 0.617804
0.131293, 0.021315, 0.142714, 0.023077
0.131327, 0.260437, 0.132522, 0.265192
0.131564, 0.377705, 0.128841, 0.377715
0.131603, 0.000000, 0.143378, 0.000000
0.131619, 0.298083, 0.131603, 0.301757
0.132161, 0.834502, 0.092595, 0.767828
0.132197, 0.088160, 0.141079, 0.093860
0.132205, 0.747908, 0.111650, 0.710128
0.132746, 0.519172, 0.124864, 0.509937
0.132830, 0.317209, 0.132158, 0.320101
0.132836, 0.241014, 0.134807, 0.246410
0.132981, 0.592129, 0.121793, 0.575772
0.133160, 0.194971, 0.136972, 0.201333
0.133169, 0.123799, 0.140418, 0.130476
0.133183, 0.762497, 0.111291, 0.721889
0.133258, 0.421661, 0.128963, 0.419108
0.133430, 0.150524, 0.139144, 0.157128
0.133501, 0.400755, 0.130000, 0.399666
0.133931, 0.847384, 0.145092, 0.830214
0.134111, 0.665761, 0.118842, 0.640478
0.134748, 0.163831, 0.139873, 0.170362
0.134974, 0.626406, 0.121851, 0.606179
0.135177, 0.720893, 0.116125, 0.687167
0.135348, 0.075821, 0.144598, 0.080773
0.135380, 0.505679, 0.127901, 0.497520
0.135516, 0.579720, 0.124698, 0.564520
0.135618, 0.053027, 0.145800, 0.056776
0.135653, 0.860203, 0.029342, 0.717717
0.135681, 0.799017, 0.109896, 0.750629
0.135859, 0.110606, 0.143484, 0.116653
0.136143, 0.942785, -0.807482, -0.044317
0.136424, 0.965458, -0.807978, -0.026654
0.136791, 0.698502, 0.119089, 0.668448
0.137000, 0.988580, -0.807864, -0.008811
0.137311, 0.872948, -0.966224, -0.265455
0.137419, 0.785110, 0.112737, 0.739779
0.137475, 0.567161, 0.127086, 0.553099
0.137537, 0.288989, 0.137750, 0.292695
0.137649, 0.207174, 0.140975, 0.213133
0.137858, 0.032251, 0.148913, 0.034677
0.137926, 0.329401, 0.136755, 0.331605
0.138213, 0.175704, 0.142854, 0.182028
0.138457, 0.010779, 0.149939, 0.011624
0.138534, 0.613486, 0.125731, 0.594511
0.138769, 0.277921, 0.139338, 0.281898
0.138866, 0.885587, -0.778977, -0.065364
0.138967, 0.773228, 0.115081, 0.730106
0.139116, 0.922053, -0.803569, -0.060029
0.139173, 0.098129, 0.147467, 0.103750
0.139244, 0.448223, 0.133738, 0.443796
0.139253, 0.342421, 0.137621, 0.344048
0.139535, 0.656430, 0.124168, 0.632012
0.139630, 0.367689, 0.137066, 0.368009
0.139721, 0.434029, 0.134701, 0.430423
0.139756, 0.897936, -0.800575, -0.077884
0.139907, 0.538381, 0.130672, 0.527008
0.140061, 0.307731, 0.139641, 0.310782
0.140089, 0.472379, 0.133591, 0.466179
0.140102, 0.388998, 0.136773, 0.388204
0.140103, 0.910219, -0.802800, -0.070024
0.140207, 0.460151, 0.134187, 0.454843
0.140288, 0.813197, 0.110098, 0.759250
0.140325, 0.410956, 0.136228, 0.409039
0.140361, 0.552707, 0.130401, 0.539807
0.140432, 0.730660, 0.119825, 0.694938
0.140555, 0.252828, 0.142135, 0.257699
0.140781, 0.678059, 0.123897, 0.650734
0.140836, 0.645402, 0.125963, 0.622258
0.140918, 0.219513, 0.143708, 0.225027
0.140921, 0.355416, 0.138723, 0.356185
0.141287, 0.266207, 0.142311, 0.270557
0.141375, 0.483839, 0.134336, 0.476699
0.141393, 0.063119, 0.151024, 0.067155
0.141594, 0.495641, 0.134056, 0.487591
0.141962, 0.600618, 0.129507, 0.582903
0.141972, 0.741708, 0.120246, 0.704153
0.141982, 0.526990, 0.133139, 0.516659
0.142070, 0.826468, 0.105020, 0.764681
0.142227, 0.187043, 0.146393, 0.193076
0.142668, 0.142313, 0.148743, 0.148375
0.142730, 0.230858, 0.145042, 0.236002
0.142896, 0.954287, -0.802370, -0.035316
0.142935, 0.710117, 0.123519, 0.677821
0.143575, 1.000000, -0.802943, 0.000000
0.143590, 0.131431, 0.150439, 0.137605
0.143601, 0.754140, 0.120540, 0.714284
0.143744, 0.976958, -0.802634, -0.017892
0.143749, 0.042759, 0.154266, 0.045664
0.144146, 0.839559, 0.216499, 0.885745
0.144176, 0.633684, 0.129625, 0.611851
0.144276, 0.932023, -0.800086, -0.052488
0.144435, 0.156031, 0.149955, 0.162110
0.144455, 0.688496, 0.126374, 0.659384
0.144625, 0.241941, 0.146516, 0.246770
0.144861, 0.514313, 0.136365, 0.504828
0.145118, 0.378438, 0.142063, 0.378125
0.145125, 0.021720, 0.156197, 0.023267
0.145326, 0.085203, 0.153995, 0.089995
0.145353, 0.000000, 0.156738, 0.000000
0.145356, 0.118662, 0.152567, 0.124356
0.145421, 0.587918, 0.133320, 0.571424
0.145807, 0.318807, 0.144869, 0.321125
0.145929, 0.422333, 0.141210, 0.419571
0.146044, 0.298203, 0.145901, 0.301395
0.146071, 0.852537, -0.138349, 0.533192
0.146435, 0.199098, 0.150127, 0.204824
0.146623, 0.792444, 0.119410, 0.744560
0.146777, 0.399433, 0.142846, 0.397794
0.146810, 0.667254, 0.129870, 0.641011
0.146832, 0.073407, 0.156044, 0.077733
0.147464, 0.575597, 0.135830, 0.560298
0.147487, 0.562464, 0.136501, 0.548370
0.147509, 0.765272, 0.122717, 0.722860
0.147577, 0.621424, 0.133388, 0.600930
0.147933, 0.865474, -0.953542, -0.266885
0.148040, 0.167685, 0.153066, 0.173593
0.148360, 0.805027, 0.119350, 0.754070
0.148478, 0.720936, 0.127375, 0.686377
0.148693, 0.442352, 0.142980, 0.437915
0.148808, 0.332226, 0.147306, 0.333823
0.148889, 0.107493, 0.156708, 0.112872
0.149570, 0.965636, -0.797833, -0.026868
0.149668, 0.285545, 0.149896, 0.288926
0.149679, 0.878420, -0.784449, -0.086340
0.149688, 0.053041, 0.159683, 0.056310
0.149697, 0.503322, 0.141335, 0.494325
0.149728, 0.943344, -0.796915, -0.044311
0.149925, 0.545295, 0.139608, 0.532767
0.149974, 0.700256, 0.130261, 0.668928
0.150196, 0.988193, -0.797718, -0.009239
0.150232, 0.778364, 0.123573, 0.732874
0.150490, 0.211454, 0.153698, 0.216846
0.150522, 0.344668, 0.148503, 0.345600
0.150584, 0.095516, 0.158878, 0.100479
0.150891, 0.918580, -0.794201, -0.063337
0.150908, 0.608820, 0.137124, 0.589685
0.151007, 0.654317, 0.134373, 0.629358
0.151043, 0.366780, 0.148247, 0.366802
0.151073, 0.467254, 0.144188, 0.460894
0.151359, 0.891486, -0.790343, -0.082786
0.151447, 0.273516, 0.152191, 0.277367
0.151664, 0.904476, -0.793253, -0.074842
0.151733, 0.032675, 0.162474, 0.034807
0.151783, 0.818473, 0.126240, 0.770205
0.151959, 0.260399, 0.153184, 0.264576
0.151995, 0.179082, 0.156552, 0.184774
0.152148, 0.011007, 0.163244, 0.011752
0.152201, 0.454175, 0.145852, 0.448845
0.152500, 0.733042, 0.129736, 0.696053
0.152538, 0.410434, 0.147981, 0.407954
0.152811, 0.355981, 0.150315, 0.356289
0.152920, 0.478822, 0.145455, 0.471600
0.153077, 0.534418, 0.143059, 0.522730
0.153101, 0.147837, 0.159035, 0.153522
0.153102, 0.490502, 0.145092, 0.482319
0.153166, 0.388130, 0.149510, 0.387027
0.153483, 0.223539, 0.156184, 0.228569
0.153537, 0.642146, 0.137418, 0.618744
0.153645, 0.431818, 0.148191, 0.428019
0.153988, 0.677681, 0.135390, 0.649488
0.154026, 0.248411, 0.155713, 0.252837
0.154045, 0.831556, 0.281788, 0.933937
0.154111, 0.745106, 0.130007, 0.705845
0.154241, 0.308671, 0.153628, 0.311227
0.154293, 0.595887, 0.140940, 0.578112
0.154375, 0.522368, 0.144834, 0.511615
0.154850, 0.125381, 0.161777, 0.130769
0.154910, 0.063896, 0.164334, 0.067472
0.155263, 0.190837, 0.159266, 0.196225
0.155314, 0.554802, 0.144107, 0.541152
0.155456, 0.235318, 0.157644, 0.239966
0.156212, 0.844550, -0.414019, 0.240903
0.156256, 0.711196, 0.134737, 0.677565
0.156354, 0.932133, -0.791114, -0.053231
0.156396, 0.953799, -0.792015, -0.036277
0.156715, 1.000000, -0.792825, 0.000000
0.156789, 0.630013, 0.141094, 0.608006
0.156990, 0.137172, 0.163550, 0.142733
0.157003, 0.323015, 0.155768, 0.324836
0.157030, 0.756521, 0.131338, 0.714830
0.157196, 0.787556, 0.127931, 0.739196
0.157216, 0.690826, 0.137181, 0.660333
0.157539, 0.976732, -0.792016, -0.018335
0.157575, 0.077024, 0.166687, 0.081144
0.157607, 0.159115, 0.163106, 0.164684
0.157624, 0.294984, 0.157429, 0.297791
0.157888, 0.582499, 0.144991, 0.566108
0.157909, 0.568807, 0.145776, 0.553828
0.158210, 0.376191, 0.154845, 0.375451
0.158217, 0.043457, 0.168488, 0.046022
0.158231, 0.857509, -0.856204, -0.184080
0.158339, 0.664012, 0.140139, 0.637322
0.158686, 0.510509, 0.149425, 0.500563
0.158854, 0.022101, 0.169576, 0.023466
0.158948, 0.000000, 0.169882, 0.000000
0.159002, 0.799247, 0.127733, 0.747939
0.159188, 0.420921, 0.153929, 0.417488
0.159296, 0.203533, 0.162768, 0.208600
0.159533, 0.088343, 0.167998, 0.092679
0.159678, 0.114398, 0.166988, 0.119319
0.159885, 0.768568, 0.132484, 0.724263
0.159979, 0.398725, 0.155693, 0.396814
0.160042, 0.617805, 0.144782, 0.597148
0.160168, 0.870503, -0.796719, -0.114760
0.160293, 0.336527, 0.158486, 0.337695
0.160529, 0.443535, 0.154299, 0.438771
0.160892, 0.723315, 0.137606, 0.687238
0.161015, 0.101794, 0.169089, 0.106550
0.161159, 0.811127, 0.132874, 0.761898
0.161393, 0.463188, 0.154173, 0.456781
0.161508, 0.170653, 0.166503, 0.176033
0.161710, 0.281689, 0.162099, 0.284988
0.161855, 0.883600, -0.779030, -0.087062
0.162055, 0.964129, -0.787948, -0.028376
0.162234, 0.498279, 0.153319, 0.489116
0.162341, 0.921957, -0.785635, -0.061539
0.162390, 0.910106, -0.784893, -0.070720
0.162581, 0.268369, 0.163405, 0.271884
0.162765, 0.651106, 0.144949, 0.625978
0.162861, 0.349364, 0.160475, 0.349828
0.163086, 0.989495, -0.787642, -0.008333
0.163107, 0.605633, 0.148299, 0.586239
0.163325, 0.544134, 0.151997, 0.530875
0.163473, 0.216471, 0.166462, 0.221245
0.163544, 0.362991, 0.160548, 0.362680
0.163571, 0.054503, 0.173392, 0.057456
0.163586, 0.943407, -0.786071, -0.044820
0.163677, 0.897009, -0.783666, -0.081698
0.163799, 0.701546, 0.141937, 0.668825
0.163873, 0.255064, 0.165234, 0.258923
0.163941, 0.823748, 0.269854, 0.904941
0.164113, 0.474950, 0.156247, 0.467691
0.164362, 0.735674, 0.139360, 0.697111
0.164755, 0.531169, 0.154032, 0.519140
0.164854, 0.409271, 0.159906, 0.406442
0.164907, 0.778929, 0.135579, 0.732011
0.165287, 0.683361, 0.144684, 0.653254
0.165357, 0.182382, 0.169837, 0.187531
0.165367, 0.148190, 0.171398, 0.153441
0.165431, 0.315216, 0.164266, 0.316850
0.165433, 0.486325, 0.156971, 0.478212
0.165568, 0.033393, 0.175983, 0.035293
0.165585, 0.241894, 0.167488, 0.246026
0.165629, 0.010798, 0.176305, 0.011427
0.165701, 0.387218, 0.161671, 0.385633
0.165761, 0.558034, 0.153422, 0.543076
0.166043, 0.638705, 0.148714, 0.615008
0.166158, 0.593576, 0.151778, 0.575270
0.166231, 0.836455, -0.684474, -0.044549
0.166245, 0.228364, 0.168723, 0.232801
0.166483, 0.432386, 0.160457, 0.428025
0.166515, 0.127791, 0.173397, 0.132760
0.166565, 0.671359, 0.146734, 0.642947
0.166590, 0.302372, 0.165929, 0.304471
0.166654, 0.067388, 0.175759, 0.070698
0.166656, 0.453745, 0.159632, 0.447878
0.166835, 0.518726, 0.156614, 0.507700
0.166933, 0.747430, 0.140324, 0.706435
0.167334, 0.194410, 0.171140, 0.199200
0.168405, 0.849184, -0.759577, -0.103104
0.168533, 0.571737, 0.155151, 0.555163
0.168897, 0.713690, 0.145183, 0.678518
0.169020, 0.328028, 0.167270, 0.329000
0.169284, 0.791191, 0.138865, 0.742346
0.169313, 0.626464, 0.152458, 0.604092
0.169750, 0.759267, 0.141372, 0.715664
0.169822, 0.932687, -0.780640, -0.053536
0.169874, 0.080167, 0.178727, 0.083951
0.169896, 0.290560, 0.169785, 0.293170
0.169915, 0.374920, 0.166244, 0.373750
0.169933, 0.582580, 0.155798, 0.564895
0.170112, 0.160694, 0.175568, 0.165756
0.170329, 0.980671, -0.781756, -0.015425
0.170464, 0.861851, -0.786957, -0.121639
0.170548, 1.000000, -0.781792, 0.000000
0.170708, 0.954275, -0.780871, -0.036449
0.170960, 0.970099, -0.781048, -0.023862
0.171060, 0.093133, 0.179184, 0.097135
0.171145, 0.659609, 0.151637, 0.632630
0.171295, 0.208366, 0.174580, 0.212918
0.171408, 0.505474, 0.161545, 0.495282
0.171428, 0.117889, 0.178575, 0.122412
0.171475, 0.803397, 0.145779, 0.758286
0.171508, 0.421472, 0.165775, 0.417662
0.171822, 0.137767, 0.178251, 0.142619
0.171871, 0.106074, 0.179680, 0.110475
0.172079, 0.021492, 0.182372, 0.022633
0.172192, 0.692965, 0.149830, 0.660966
0.172362, 0.340391, 0.170014, 0.340666
0.172472, 0.874330, -0.774661, -0.099887
0.172510, 0.045042, 0.182228, 0.047294
0.172619, 0.000000, 0.183141, 0.000000
0.172633, 0.614217, 0.156242, 0.593059
0.173008, 0.276084, 0.173233, 0.278660
0.173162, 0.467103, 0.165232, 0.460207
0.173217, 0.725945, 0.147628, 0.688225
0.173300, 0.262060, 0.174246, 0.265282
0.173417, 0.442823, 0.166556, 0.437363
0.173493, 0.397295, 0.168652, 0.394550
0.173710, 0.815692, 0.252494, 0.870903
0.173782, 0.920422, -0.776610, -0.063461
0.173815, 0.770390, 0.143396, 0.723998
0.174006, 0.886282, -0.772943, -0.089170
0.174027, 0.908410, -0.775644, -0.072861
0.174073, 0.352713, 0.171123, 0.352260
0.174408, 0.173130, 0.179306, 0.177980
0.175094, 0.647394, 0.156030, 0.621830
0.175134, 0.550012, 0.162579, 0.535735
0.175355, 0.537963, 0.163482, 0.524840
0.175357, 0.363806, 0.171930, 0.362828
0.175439, 0.248962, 0.176988, 0.252542
0.175487, 0.493922, 0.166061, 0.484826
0.175633, 0.602075, 0.159731, 0.582057
0.175658, 0.409605, 0.170205, 0.406098
0.175910, 0.308695, 0.174857, 0.310234
0.175941, 0.058045, 0.185339, 0.060777
0.176137, 0.897265, -0.773404, -0.082090
0.176223, 0.828278, -0.753815, -0.128780
0.176248, 0.678842, 0.154468, 0.648445
0.176412, 0.235034, 0.178512, 0.238866
0.176516, 0.563225, 0.163028, 0.547457
0.176738, 0.738073, 0.149287, 0.697762
0.176964, 0.526008, 0.165633, 0.513844
0.177054, 0.704771, 0.152890, 0.670418
0.177079, 0.480193, 0.168269, 0.472116
0.177128, 0.221088, 0.179891, 0.225255
0.177605, 0.942749, -0.775068, -0.045920
0.177663, 0.150273, 0.183536, 0.154972
0.177692, 0.197940, 0.181286, 0.202230
0.177846, 0.782259, 0.144981, 0.732624
0.177858, 0.989397, -0.775934, -0.008518
0.178004, 0.320549, 0.176454, 0.321610
0.178018, 0.384504, 0.173660, 0.382472
0.178219, 0.031969, 0.188124, 0.033524
0.178326, 0.185379, 0.182479, 0.189785
0.178375, 0.513892, 0.167595, 0.502650
0.178392, 0.455917, 0.170656, 0.449322
0.178501, 0.071124, 0.187190, 0.074161
0.178514, 0.840937, -0.757024, -0.116941
0.178633, 0.635123, 0.160063, 0.610893
0.179311, 0.590046, 0.163834, 0.571114
0.179373, 0.010805, 0.189645, 0.011347
0.179519, 0.963271, -0.774141, -0.029538
0.179588, 0.750021, 0.150291, 0.707078
0.180024, 0.431572, 0.173389, 0.426585
0.180030, 0.285581, 0.179824, 0.287669
0.180146, 0.667692, 0.158787, 0.638768
0.180676, 0.126613, 0.187464, 0.130939
0.180734, 0.853627, -0.763677, -0.114537
0.181110, 0.298159, 0.180377, 0.299814
0.181197, 0.576921, 0.166436, 0.559472
0.181248, 0.085212, 0.189716, 0.088734
0.181347, 0.794772, 0.146537, 0.742385
0.181759, 0.716593, 0.155696, 0.679760
0.181814, 0.622952, 0.163776, 0.599998
0.181894, 0.332839, 0.179782, 0.333323
0.182374, 0.098768, 0.190166, 0.102495
0.182503, 0.162935, 0.187745, 0.167400
0.182667, 0.930652, -0.770467, -0.055814
0.182692, 0.112981, 0.190127, 0.117102
0.182727, 0.268474, 0.183291, 0.271118
0.182874, 0.372129, 0.178893, 0.370505
0.182939, 0.866310, -0.767068, -0.108556
0.182977, 0.687188, 0.159488, 0.654899
0.183082, 0.761597, 0.151731, 0.715850
0.183451, 0.976774, -0.771277, -0.018754
0.183475, 0.209346, 0.186641, 0.213356
0.183698, 0.418860, 0.177534, 0.414566
0.183704, 0.807263, 0.229031, 0.830375
0.184061, 0.656184, 0.163143, 0.628614
0.184268, 0.139786, 0.190368, 0.144008
0.184350, 1.000000, -0.770839, 0.000000
0.184501, 0.041257, 0.194027, 0.043096
0.184593, 0.345369, 0.181854, 0.345164
0.184616, 0.467958, 0.175918, 0.460164
0.184724, 0.445216, 0.177183, 0.439053
0.185024, 0.952322, -0.769427, -0.038506
0.185256, 0.917246, -0.767512, -0.066661
0.185286, 0.610718, 0.167756, 0.589000
0.185302, 0.878922, -0.764448, -0.096835
0.185378, 0.404611, 0.179748, 0.400917
0.185499, 0.256678, 0.186580, 0.259591
0.185608, 0.503917, 0.174919, 0.493273
0.185810, 0.728675, 0.157820, 0.689256
0.185919, 0.021592, 0.195814, 0.022577
0.186032, 0.819779, -0.781101, -0.171729
0.186098, 0.697436, 0.161194, 0.663318
0.186234, 0.243248, 0.187818, 0.246386
0.186264, 0.000000, 0.196406, 0.000000
0.186394, 0.357950, 0.182930, 0.356852
0.186570, 0.051912, 0.195813, 0.054110
0.186644, 0.392931, 0.181583, 0.390026
0.186667, 0.904485, -0.765555, -0.076941
0.186676, 0.490851, 0.176658, 0.481274
0.186754, 0.554582, 0.172889, 0.538937
0.186829, 0.542628, 0.173731, 0.528276
0.186839, 0.773450, 0.152875, 0.724346
0.187121, 0.566597, 0.172443, 0.549677
0.187213, 0.891037, -0.763956, -0.087541
0.187223, 0.310719, 0.185830, 0.311657
0.187280, 0.174497, 0.191901, 0.178647
0.187462, 0.644121, 0.167098, 0.617932
0.187625, 0.230222, 0.189829, 0.233671
0.187709, 0.530609, 0.175286, 0.517392
0.188184, 0.598769, 0.171221, 0.578312
0.188309, 0.277585, 0.188460, 0.279802
0.188316, 0.196174, 0.191973, 0.200094
0.188468, 0.832434, -0.749949, -0.126414
0.188589, 0.517951, 0.176864, 0.505881
0.188770, 0.063464, 0.197665, 0.066009
0.189254, 0.740780, 0.159365, 0.698748
0.189478, 0.676193, 0.166059, 0.645119
0.189546, 0.076191, 0.197776, 0.079010
0.189625, 0.478674, 0.180051, 0.469773
0.189766, 0.153388, 0.195363, 0.157543
0.190060, 0.323203, 0.188018, 0.323457
0.190329, 0.785720, 0.153803, 0.733346
0.190770, 0.988338, -0.765737, -0.009483
0.190784, 0.845140, -0.757023, -0.124333
0.190823, 0.218454, 0.193536, 0.222014
0.190922, 0.381220, 0.186253, 0.378754
0.190923, 0.708286, 0.164175, 0.671936
0.190937, 0.456264, 0.182465, 0.448913
0.191005, 0.585915, 0.174677, 0.566779
0.191097, 0.965681, -0.765049, -0.027886
0.191125, 0.184584, 0.195252, 0.188479
0.191229, 0.631682, 0.171406, 0.606840
0.191589, 0.436487, 0.184157, 0.430586
0.191648, 0.940458, -0.763930, -0.048348
0.191700, 0.289818, 0.191268, 0.291507
0.192445, 0.129861, 0.198826, 0.133651
0.192484, 0.105041, 0.199891, 0.108531
0.192529, 0.752680, 0.160706, 0.707971
0.192556, 0.090541, 0.200404, 0.093699
0.192656, 0.031954, 0.202251, 0.033299
0.193047, 0.857928, -0.755854, -0.113656
0.193089, 0.011047, 0.202950, 0.011523
0.193171, 0.425721, 0.186176, 0.420359
0.193368, 0.798360, 0.234050, 0.818379
0.193418, 0.118190, 0.200380, 0.121888
0.193437, 0.665201, 0.170460, 0.635430
0.194229, 0.619486, 0.175031, 0.596012
0.194335, 0.368807, 0.190127, 0.366818
0.194380, 0.335681, 0.191662, 0.335195
0.194451, 0.926503, -0.760879, -0.059743
0.194511, 0.412440, 0.188091, 0.407777
0.194541, 0.301363, 0.193521, 0.302482
0.194822, 0.719678, 0.166188, 0.680888
0.194973, 0.574692, 0.179034, 0.556473
0.195338, 0.686836, 0.170033, 0.653501
0.195348, 0.870912, -0.756390, -0.104625
0.195373, 0.266238, 0.195864, 0.268427
0.195646, 0.205597, 0.198825, 0.209092
0.195730, 0.166057, 0.200824, 0.170044
0.195833, 0.810954, -0.800662, -0.207678
0.196010, 0.764585, 0.161850, 0.716809
0.196042, 0.251991, 0.197036, 0.254390
0.196065, 0.143356, 0.201821, 0.147063
0.196595, 0.653633, 0.174228, 0.625280
0.196723, 0.346867, 0.193388, 0.345704
0.196781, 0.912389, -0.758121, -0.071247
0.196997, 0.954443, -0.759934, -0.037180
0.197074, 0.977247, -0.760606, -0.018585
0.197112, 0.466478, 0.187709, 0.457967
0.197407, 0.400108, 0.191566, 0.396258
0.197417, 0.499712, 0.186134, 0.488668
0.197422, 0.043623, 0.206719, 0.045335
0.197590, 1.000000, -0.760332, 0.000000
0.197651, 0.898337, -0.756432, -0.082610
0.197877, 0.239442, 0.199548, 0.242242
0.198087, 0.511523, 0.186046, 0.499424
0.198115, 0.607048, 0.179465, 0.584884
0.198117, 0.357770, 0.194263, 0.356082
0.198188, 0.561798, 0.182849, 0.544772
0.198189, 0.549298, 0.183707, 0.533601
0.198227, 0.823541, -0.742373, -0.135589
0.198260, 0.884211, -0.754899, -0.093855
0.198444, 0.446555, 0.190182, 0.439744
0.198521, 0.731600, 0.167806, 0.690090
0.198735, 0.536950, 0.185032, 0.522470
0.198737, 0.698097, 0.171760, 0.662570
0.198899, 0.487926, 0.188201, 0.477734
0.199016, 0.313918, 0.197316, 0.314356
0.199374, 0.524632, 0.186426, 0.511315
0.199380, 0.641204, 0.177739, 0.614340
0.199477, 0.776710, 0.164586, 0.727489
0.199718, 0.079806, 0.207631, 0.082411
0.199730, 0.000000, 0.209494, 0.000000
0.199913, 0.022173, 0.209428, 0.023045
0.199938, 0.594765, 0.182036, 0.573926
0.200058, 0.055350, 0.208992, 0.057381
0.200059, 0.279107, 0.199855, 0.280649
0.200106, 0.388596, 0.194726, 0.385262
0.200327, 0.227174, 0.202498, 0.230109
0.200333, 0.192149, 0.204065, 0.195612
0.200685, 0.836119, -0.747766, -0.132005
0.200801, 0.067086, 0.209320, 0.069411
0.201933, 0.743751, 0.168799, 0.699111
0.201941, 0.178035, 0.206400, 0.181666
0.201946, 0.476037, 0.191722, 0.466561
0.201973, 0.326564, 0.199569, 0.326287
0.202242, 0.098288, 0.209659, 0.101283
0.202264, 0.155520, 0.207540, 0.159082
0.202397, 0.675463, 0.177161, 0.643276
0.202538, 0.789248, 0.242247, 0.809904
0.203029, 0.848562, -0.747734, -0.122812
0.203183, 0.133515, 0.209261, 0.136911
0.203507, 0.214979, 0.206198, 0.218009
0.203621, 0.376412, 0.198695, 0.373538
0.203712, 0.945030, -0.754188, -0.045090
0.203712, 0.420427, 0.196440, 0.414758
0.203805, 0.628349, 0.182732, 0.602920
0.203810, 0.291701, 0.202963, 0.292663
0.203973, 0.434452, 0.195964, 0.427894
0.204019, 0.966006, -0.754681, -0.027918
0.204037, 0.988807, -0.754969, -0.009202
0.204062, 0.710114, 0.174888, 0.671899
0.204134, 0.582214, 0.186738, 0.562488
0.204611, 0.933841, -0.753097, -0.054272
0.204702, 0.109859, 0.211705, 0.112967
0.204802, 0.457226, 0.195609, 0.449330
0.205240, 0.860827, -0.747012, -0.112969
0.205315, 0.259470, 0.205835, 0.261266
0.205378, 0.755746, 0.169204, 0.707377
0.205398, 0.801921, -0.799563, -0.223221
0.205471, 0.122045, 0.211892, 0.125206
0.205992, 0.664044, 0.181357, 0.633278
0.206101, 0.920738, -0.751258, -0.065021
0.206139, 0.034172, 0.215400, 0.035416
0.206317, 0.616073, 0.185999, 0.592100
0.206498, 0.011449, 0.215967, 0.011876
0.206863, 0.087900, 0.214438, 0.090504
0.206921, 0.408175, 0.200238, 0.403320
0.207123, 0.304019, 0.205590, 0.304311
0.207291, 0.570427, 0.190474, 0.551841
0.207351, 0.686704, 0.180193, 0.652143
0.207388, 0.721896, 0.176217, 0.681056
0.207408, 0.872722, -0.746779, -0.104014
0.207447, 0.201806, 0.210674, 0.204856
0.207650, 0.364434, 0.203178, 0.362006
0.207930, 0.814599, -0.738198, -0.148394
0.207933, 0.339231, 0.204768, 0.338136
0.208026, 0.907044, -0.748770, -0.076260
0.208233, 0.651458, 0.184483, 0.622288
0.208555, 0.248061, 0.209668, 0.250170
0.208701, 0.270364, 0.208772, 0.271838
0.208741, 0.767631, 0.171972, 0.717946
0.208745, 0.166712, 0.213526, 0.170043
0.208793, 0.145178, 0.214315, 0.148395
0.208922, 0.894417, -0.747185, -0.086571
0.209035, 0.556750, 0.193041, 0.539469
0.209099, 0.351436, 0.205218, 0.349570
0.209515, 0.506826, 0.196924, 0.494401
0.209592, 0.543873, 0.194479, 0.527911
0.209739, 0.494913, 0.197908, 0.483555
0.209941, 0.235952, 0.211485, 0.238176
0.210012, 0.519030, 0.196576, 0.505449
0.210140, 0.046694, 0.219131, 0.048289
0.210142, 0.396351, 0.203935, 0.392023
0.210277, 0.699340, 0.181266, 0.662341
0.210427, 0.977786, -0.749786, -0.018341
0.210438, 0.827218, -0.738479, -0.139445
0.210656, 0.531725, 0.196323, 0.516952
0.210663, 0.638525, 0.187797, 0.610987
0.210695, 0.602796, 0.190975, 0.580114
0.210725, 0.883460, -0.744745, -0.095518
0.210789, 0.316304, 0.208555, 0.315903
0.210797, 0.445279, 0.201779, 0.437494
0.210822, 0.073716, 0.218778, 0.075900
0.210896, 0.734595, 0.177405, 0.690751
0.210977, 0.955214, -0.748577, -0.036962
0.211049, 0.482598, 0.199913, 0.472230
0.211103, 1.000000, -0.749344, 0.000000
0.211276, 0.188161, 0.215094, 0.191247
0.211451, 0.590706, 0.192601, 0.569312
0.211513, 0.468060, 0.201224, 0.458793
0.211742, 0.780147, 0.240999, 0.791856
0.212459, 0.282631, 0.211890, 0.283556
0.212788, 0.384421, 0.207090, 0.380629
0.212918, 0.000000, 0.222233, 0.000000
0.212958, 0.426827, 0.204893, 0.420269
0.212959, 0.023520, 0.222121, 0.024321
0.213023, 0.223950, 0.215221, 0.226448
0.213045, 0.059896, 0.221464, 0.061743
0.213062, 0.839739, -0.738783, -0.130815
0.213265, 0.328386, 0.210378, 0.327362
0.214604, 0.133775, 0.220560, 0.136775
0.214626, 0.746930, 0.179247, 0.700606
0.214657, 0.792747, -0.783462, -0.223887
0.214758, 0.098602, 0.221984, 0.101219
0.215358, 0.674865, 0.188224, 0.641430
0.215448, 0.211225, 0.218062, 0.213714
0.215512, 0.155712, 0.220527, 0.158690
0.215518, 0.852129, -0.738170, -0.121156
0.215792, 0.176635, 0.220008, 0.179591
0.216084, 0.295314, 0.214821, 0.295626
0.216198, 0.929096, -0.743507, -0.058682
0.216314, 0.111745, 0.222967, 0.114438
0.216319, 0.942812, -0.743879, -0.047377
0.216428, 0.372093, 0.211256, 0.368845
0.216508, 0.625490, 0.194100, 0.599259
0.216518, 0.415393, 0.208962, 0.409499
0.217082, 0.712254, 0.185361, 0.672140
0.217138, 0.967081, -0.744068, -0.027316
0.217189, 0.455659, 0.207161, 0.446665
0.217334, 0.915224, -0.741831, -0.070125
0.217337, 0.259127, 0.217754, 0.260526
0.217340, 0.084308, 0.224790, 0.086526
0.217391, 0.805524, -0.732243, -0.159320
0.217403, 0.613487, 0.195962, 0.588773
0.217473, 0.661571, 0.191448, 0.630139
0.217521, 0.578976, 0.198980, 0.558526
0.217573, 0.988929, -0.743902, -0.009197
0.217763, 0.122744, 0.223963, 0.125477
0.217789, 0.565349, 0.200329, 0.546517
0.217914, 0.864354, -0.737443, -0.111500
0.218375, 0.758488, 0.185996, 0.714547
0.218491, 0.436312, 0.209653, 0.428929
0.218499, 0.687914, 0.189392, 0.651753
0.219037, 0.725134, 0.185433, 0.682324
0.219164, 0.036041, 0.227823, 0.037132
0.219199, 0.198472, 0.222393, 0.201058
0.219235, 0.011346, 0.228270, 0.011703
0.219383, 0.358951, 0.214786, 0.356227
0.219561, 0.648651, 0.194549, 0.618936
0.219798, 0.308007, 0.217785, 0.307600
0.219857, 0.551139, 0.203265, 0.533582
0.219990, 0.901212, -0.738712, -0.081767
0.220037, 0.818264, -0.730196, -0.148103
0.220040, 0.404012, 0.212945, 0.398626
0.220180, 0.245168, 0.221007, 0.246592
0.220188, 0.346228, 0.216270, 0.344179
0.220600, 0.272443, 0.220268, 0.273234
0.220845, 0.876209, -0.736195, -0.102247
0.220878, 0.476817, 0.209345, 0.466036
0.220887, 0.770940, 0.248559, 0.782607
0.220914, 0.700609, 0.189915, 0.661934
0.221260, 0.501720, 0.208134, 0.488986
0.221278, 0.513898, 0.207312, 0.500048
0.221545, 0.636090, 0.197481, 0.607912
0.221588, 0.144104, 0.226987, 0.146854
0.221648, 0.526431, 0.206756, 0.511335
0.221671, 0.489646, 0.209310, 0.477904
0.221699, 0.592302, 0.201597, 0.569915
0.221852, 0.070034, 0.229595, 0.071843
0.221885, 0.539384, 0.206047, 0.523053
0.221977, 0.048986, 0.230531, 0.050416
0.222006, 0.889158, -0.736131, -0.091754
0.222081, 0.334930, 0.218697, 0.333338
0.222181, 0.233729, 0.223771, 0.235620
0.222527, 0.165676, 0.227032, 0.168360
0.222722, 0.830856, -0.730054, -0.138754
0.222806, 0.392472, 0.216243, 0.387669
0.222877, 0.320763, 0.220088, 0.319600
0.223263, 0.738264, 0.188035, 0.693247
0.223552, 0.956139, -0.738424, -0.036556
0.223803, 0.603994, 0.202402, 0.579788
0.223923, 0.783520, -0.775573, -0.233082
0.224111, 0.186335, 0.227732, 0.188828
0.224143, 0.978058, -0.738494, -0.018304
0.224269, 0.285733, 0.223228, 0.285938
0.224360, 0.464527, 0.213310, 0.454343
0.224753, 1.000000, -0.738154, 0.000000
0.224819, 0.220149, 0.226720, 0.221922
0.224917, 0.445912, 0.215166, 0.437517
0.225066, 0.380437, 0.219094, 0.376258
0.225097, 0.022549, 0.233751, 0.023188
0.225180, 0.424681, 0.216653, 0.417685
0.225503, 0.843541, -0.729322, -0.129056
0.225923, 0.105174, 0.232498, 0.107435
0.226131, 0.000000, 0.234962, 0.000000
0.226536, 0.092370, 0.233471, 0.094431
0.226609, 0.796324, -0.722456, -0.166406
0.227028, 0.131804, 0.232823, 0.134327
0.227379, 0.059506, 0.235532, 0.061067
0.227388, 0.668690, 0.199106, 0.635019
0.227412, 0.935024, -0.734547, -0.054251
0.227553, 0.922398, -0.733843, -0.064735
0.227702, 0.208605, 0.230250, 0.210635
0.227947, 0.558731, 0.209992, 0.539714
0.227961, 0.299142, 0.226208, 0.298752
0.227971, 0.680787, 0.198225, 0.644969
0.228103, 0.856065, -0.728542, -0.119189
0.228134, 0.749254, 0.193994, 0.704750
0.228149, 0.367195, 0.222763, 0.363545
0.228237, 0.252351, 0.228577, 0.253235
0.228290, 0.079792, 0.235637, 0.081639
0.228293, 0.617751, 0.205103, 0.591437
0.228334, 0.571505, 0.209342, 0.551193
0.228361, 0.909024, -0.732393, -0.075835
0.228716, 0.154394, 0.233559, 0.156855
0.228755, 0.946805, -0.733695, -0.044481
0.229212, 0.412847, 0.221160, 0.406369
0.229222, 0.655800, 0.202057, 0.623906
0.229334, 0.118771, 0.235470, 0.121088
0.229349, 0.717974, 0.194661, 0.674920
0.229373, 0.809166, -0.722354, -0.157066
0.229640, 0.263739, 0.229493, 0.264342
0.229699, 0.175258, 0.233640, 0.177569
0.230161, 0.583451, 0.209958, 0.561584
0.230379, 0.693389, 0.198719, 0.655034
0.230488, 0.628833, 0.205913, 0.600665
0.230527, 0.761870, 0.232869, 0.748981
0.230569, 0.966839, -0.732987, -0.027786
0.230586, 0.706758, 0.197201, 0.665853
0.230627, 0.729927, 0.193838, 0.684048
0.230818, 0.868433, -0.727514, -0.109363
0.230827, 0.032846, 0.239157, 0.033701
0.231097, 0.642659, 0.205039, 0.612483
0.231207, 0.353559, 0.226489, 0.350541
0.231223, 0.989431, -0.732645, -0.008870
0.231512, 0.196336, 0.234469, 0.198324
0.231558, 0.434682, 0.222086, 0.426627
0.231614, 0.455268, 0.220849, 0.445706
0.231954, 0.312830, 0.229320, 0.311603
0.232263, 0.821745, -0.721326, -0.147133
0.232272, 0.472720, 0.220229, 0.461510
0.232342, 0.228978, 0.233696, 0.230248
0.232364, 0.327736, 0.228930, 0.325814
0.232372, 0.011002, 0.240964, 0.011290
0.232473, 0.534093, 0.216076, 0.517436
0.232614, 0.881481, -0.727152, -0.098833
0.232664, 0.276089, 0.231846, 0.276164
0.232678, 0.483976, 0.219862, 0.471837
0.232703, 0.520574, 0.217318, 0.505260
0.232796, 0.508125, 0.218314, 0.493961
0.232893, 0.341403, 0.228817, 0.338975
0.232927, 0.401158, 0.225416, 0.395286
0.232974, 0.774060, -0.749105, -0.223528
0.233095, 0.496124, 0.219435, 0.482988
0.233099, 0.894905, -0.727648, -0.087791
0.233164, 0.547661, 0.215588, 0.529395
0.233183, 0.044376, 0.241407, 0.045487
0.233717, 0.595834, 0.212000, 0.572133
0.233996, 0.142403, 0.239252, 0.144699
0.234373, 0.241362, 0.235410, 0.242564
0.234841, 0.834582, -0.720986, -0.137215
0.234971, 0.389314, 0.228062, 0.384062
0.235312, 0.608558, 0.212181, 0.582974
0.235824, 0.787131, -0.716330, -0.177525
0.235976, 0.070123, 0.243397, 0.071630
0.235991, 0.288607, 0.234421, 0.288038
0.236230, 0.376685, 0.229949, 0.372019
0.236342, 0.164196, 0.240642, 0.166324
0.236898, 0.108780, 0.243035, 0.110700
0.237136, 0.096775, 0.243588, 0.098552
0.237395, 0.422606, 0.228317, 0.414977
0.237433, 0.979074, -0.727518, -0.017627
0.237553, 0.185025, 0.240912, 0.186911
0.237622, 0.739767, 0.197040, 0.689722
0.237934, 0.847557, -0.719778, -0.127032
0.238181, 0.561895, 0.218929, 0.541649
0.238401, 0.021661, 0.246650, 0.022172
0.238404, 0.955941, -0.726109, -0.037105
0.238404, 0.218138, 0.240323, 0.219537
0.238415, 0.444385, 0.227924, 0.435189
0.238506, 0.800001, -0.713432, -0.164890
0.238686, 0.129629, 0.244271, 0.131702
0.238767, 0.055646, 0.246503, 0.056868
0.238773, 1.000000, -0.726488, 0.000000
0.238813, 0.083850, 0.245912, 0.085529
0.238901, 0.917517, -0.724179, -0.069338
0.238952, 0.929982, -0.724815, -0.058927
0.238956, 0.675134, 0.207956, 0.638819
0.239037, 0.905172, -0.723209, -0.079629
0.239139, 0.662529, 0.209678, 0.628375
0.239192, 0.362550, 0.233557, 0.358460
0.239390, 0.300671, 0.237056, 0.299419
0.239399, 0.206665, 0.241652, 0.208086
0.239544, 0.464201, 0.227690, 0.453444
0.239562, 0.000000, 0.247924, 0.000000
0.239665, 0.942451, -0.724527, -0.048490
0.239812, 0.253236, 0.240026, 0.253746
0.240102, 0.753286, 0.209802, 0.708429
0.240181, 0.574672, 0.219599, 0.552755
0.240316, 0.687617, 0.207395, 0.648814
0.240467, 0.649148, 0.212352, 0.616978
0.240741, 0.860100, -0.718740, -0.117033
0.241018, 0.635161, 0.214386, 0.605117
0.241105, 0.726000, 0.203152, 0.680106
0.241265, 0.266036, 0.240722, 0.266010
0.241281, 0.621767, 0.216085, 0.593855
0.241294, 0.700543, 0.206248, 0.658993
0.241632, 0.812338, -0.712962, -0.155956
0.241639, 0.713739, 0.204366, 0.669286
0.241742, 0.152670, 0.246440, 0.154663
0.241785, 0.410763, 0.233266, 0.403780
0.242434, 0.322397, 0.238979, 0.320245
0.242750, 0.586727, 0.220761, 0.563035
0.242767, 0.527191, 0.225997, 0.510425
0.242890, 0.872815, -0.718126, -0.106740
0.242893, 0.118475, 0.248647, 0.120299
0.243029, 0.033311, 0.251049, 0.034044
0.243032, 0.968567, -0.722629, -0.026571
0.243055, 0.231233, 0.244160, 0.232061
0.243225, 0.764869, -0.790386, -0.282542
0.243295, 0.174159, 0.246962, 0.175890
0.243304, 0.335391, 0.239144, 0.332638
0.243392, 0.540569, 0.225482, 0.522384
0.243668, 0.310977, 0.240666, 0.309097
0.244008, 0.348845, 0.239053, 0.345367
0.244029, 0.885943, -0.718179, -0.095949
0.244062, 0.488481, 0.230149, 0.475294
0.244080, 0.513399, 0.228282, 0.497893
0.244103, 0.475940, 0.231110, 0.463889
0.244172, 0.195446, 0.246818, 0.196834
0.244183, 0.825366, -0.712360, -0.145657
0.244290, 0.777607, -0.696798, -0.174647
0.244311, 0.432583, 0.234179, 0.423761
0.244595, 0.501159, 0.229697, 0.486780
0.244598, 0.279071, 0.243287, 0.278432
0.245129, 0.454328, 0.233514, 0.443844
0.245301, 0.598849, 0.221829, 0.573309
0.245336, 0.990341, -0.720857, -0.008186
0.245499, 0.398649, 0.237542, 0.392229
0.245554, 0.553216, 0.226329, 0.533366
0.245975, 0.010806, 0.254134, 0.011040
0.246022, 0.140269, 0.250970, 0.142056
0.246213, 0.065751, 0.253522, 0.066994
0.246283, 0.373466, 0.239662, 0.368284
0.246352, 0.386727, 0.239048, 0.380935
0.246375, 0.610785, 0.221575, 0.583556
0.246566, 0.044622, 0.254307, 0.045524
0.246685, 0.838544, -0.711901, -0.135238
0.247405, 0.897429, -0.716010, -0.086586
0.247697, 0.791054, -0.707080, -0.175539
0.248173, 0.092351, 0.254594, 0.093817
0.248259, 0.104975, 0.254257, 0.106530
0.248325, 0.291376, 0.246253, 0.290087
0.248504, 0.745613, 0.158602, 0.643240
0.248508, 0.243545, 0.248899, 0.243821
0.249387, 0.077846, 0.256075, 0.079096
0.249648, 0.566554, 0.228803, 0.544804
0.249930, 0.421055, 0.240330, 0.412902
0.249942, 0.669169, 0.218039, 0.632659
0.250014, 0.162710, 0.254162, 0.164354
0.250077, 0.655936, 0.219718, 0.621571
0.250183, 0.910587, -0.714290, -0.075694
0.250192, 0.360055, 0.244215, 0.355450
0.250293, 0.923202, -0.715080, -0.065097
0.250404, 0.733512, 0.239403, 0.715128
0.250526, 0.851755, -0.709991, -0.124757
0.250533, 0.948354, -0.715790, -0.043846
0.250566, 0.681889, 0.217143, 0.643270
0.250617, 0.219368, 0.252075, 0.220083
0.250690, 0.207848, 0.252699, 0.208806
0.250854, 0.935700, -0.715103, -0.054573
0.250855, 0.980774, -0.716232, -0.016344
0.250989, 0.256932, 0.250685, 0.256753
0.251010, 0.642497, 0.222116, 0.610206
0.251065, 0.802553, -0.703890, -0.164539
0.251132, 0.184769, 0.254235, 0.186110
0.251311, 0.442426, 0.240064, 0.432347
0.251359, 0.022110, 0.259160, 0.022531
0.251756, 0.959725, -0.715102, -0.034228
0.251757, 0.127824, 0.257065, 0.129421
0.252031, 0.629415, 0.224504, 0.599055
0.252128, 0.707369, 0.217471, 0.666211
0.252235, 0.694447, 0.217434, 0.653896
0.252542, 0.055382, 0.259841, 0.056350
0.252542, 0.579123, 0.230182, 0.555541
0.252570, 0.465881, 0.239656, 0.453985
0.252648, 0.269934, 0.251521, 0.269145
0.252820, 0.720925, 0.219350, 0.680362
0.252847, 0.302140, 0.250027, 0.300159
0.252979, 0.520459, 0.235779, 0.503378
0.253155, 0.000000, 0.261121, 0.000000
0.253202, 0.815843, -0.704152, -0.154482
0.253211, 0.864233, -0.708942, -0.114655
0.253484, 1.000000, -0.714062, 0.000000
0.253588, 0.533603, 0.235245, 0.515152
0.253734, 0.231567, 0.254548, 0.231882
0.253895, 0.327078, 0.249715, 0.324019
0.254003, 0.408738, 0.244936, 0.401083
0.254136, 0.756435, -0.787764, -0.297224
0.254345, 0.150938, 0.258733, 0.152416
0.254471, 0.877620, -0.709019, -0.103607
0.254482, 0.314967, 0.250914, 0.312370
0.254565, 0.115153, 0.260007, 0.116542
0.254618, 0.339525, 0.249732, 0.335863
0.254653, 0.480036, 0.240579, 0.466861
0.254735, 0.769141, -0.703021, -0.198674
0.254988, 0.617709, 0.228334, 0.588637
0.255088, 0.781965, -0.694336, -0.178082
0.255181, 0.493223, 0.240046, 0.478788
0.255402, 0.591400, 0.231481, 0.565931
0.255452, 0.546172, 0.235843, 0.526228
0.255647, 0.970979, -0.711882, -0.024733
0.255686, 0.033681, 0.263319, 0.034283
0.255798, 0.829394, -0.703467, -0.143629
0.255942, 0.196923, 0.258171, 0.197728
0.255981, 0.173438, 0.259330, 0.174621
0.256106, 0.506193, 0.239759, 0.490195
0.256458, 0.383382, 0.248797, 0.377077
0.256463, 0.452970, 0.244126, 0.441683
0.256634, 0.371081, 0.249693, 0.365450
0.256932, 0.282983, 0.255024, 0.281552
0.256990, 0.603979, 0.231534, 0.576559
0.257095, 0.890242, -0.707605, -0.093205
0.257444, 0.432031, 0.246682, 0.422621
0.257752, 0.350655, 0.252048, 0.346185
0.257755, 0.138233, 0.262409, 0.139557
0.257779, 0.087993, 0.264017, 0.089157
0.257973, 0.396406, 0.249513, 0.389350
0.258043, 0.558661, 0.237030, 0.537060
0.258280, 0.067740, 0.265252, 0.068778
0.258341, 0.842504, -0.702761, -0.133104
0.259411, 0.011069, 0.267133, 0.011258
0.259635, 0.742580, -0.419754, 0.049870
0.259684, 0.100945, 0.265494, 0.102137
0.259756, 0.902937, -0.706074, -0.082652
0.260101, 0.045062, 0.267388, 0.045777
0.260207, 0.662537, 0.227270, 0.625579
0.260411, 0.990330, -0.708174, -0.008273
0.260686, 0.249513, 0.260363, 0.248954
0.261019, 0.675974, 0.225587, 0.636029
0.261142, 0.649682, 0.229793, 0.614878
0.261328, 0.792317, -0.695005, -0.174899
0.261465, 0.916212, -0.705272, -0.071494
0.261843, 0.928828, -0.705694, -0.060812
0.261886, 0.571395, 0.239261, 0.547996
0.261901, 0.419973, 0.251648, 0.411042
0.261944, 0.805932, -0.695802, -0.163335
0.262138, 0.237779, 0.262553, 0.237660
0.262248, 0.941927, -0.705776, -0.049669
0.262276, 0.293240, 0.259661, 0.291165
0.262405, 0.210679, 0.264043, 0.211111
0.262438, 0.636972, 0.232478, 0.604080
0.262476, 0.262275, 0.261478, 0.261269
0.262489, 0.714323, 0.196065, 0.641463
0.262731, 0.223358, 0.263619, 0.223381
0.262766, 0.687674, 0.224703, 0.644625
0.262981, 0.729251, 0.361280, 0.815506
0.262991, 0.515211, 0.245343, 0.497869
0.263123, 0.954358, -0.705312, -0.039070
0.263180, 0.361849, 0.256522, 0.356390
0.263391, 0.701388, 0.216756, 0.649301
0.263500, 0.471662, 0.249321, 0.458377
0.263555, 0.855504, -0.699711, -0.122768
0.263569, 0.161173, 0.267240, 0.162178
0.263851, 0.078727, 0.270111, 0.079663
0.263946, 0.185797, 0.266563, 0.186499
0.264035, 0.274800, 0.262264, 0.273225
0.264123, 0.527425, 0.245316, 0.508718
0.264267, 0.022484, 0.271628, 0.022817
0.264290, 0.820009, -0.695616, -0.152276
0.264304, 0.124856, 0.269105, 0.125909
0.264342, 0.305895, 0.260909, 0.303136
0.264487, 0.869549, -0.700103, -0.111081
0.264676, 0.458871, 0.251432, 0.446693
0.264707, 0.624691, 0.235891, 0.593436
0.264771, 0.443505, 0.252669, 0.432593
0.265028, 0.979905, -0.704229, -0.017231
0.265037, 0.583813, 0.240780, 0.558519
0.265120, 0.777803, -0.687834, -0.184874
0.265131, 0.112084, 0.270460, 0.113172
0.265313, 0.057308, 0.272126, 0.058069
0.265376, 0.318621, 0.261194, 0.315257
0.265483, 0.330781, 0.260616, 0.326867
0.265523, 0.965944, -0.703431, -0.029203
0.265594, 0.485147, 0.250237, 0.470590
0.265620, 0.539229, 0.245594, 0.519076
0.265889, 0.764536, -0.699716, -0.210185
0.265916, 0.408205, 0.256220, 0.399810
0.266053, 0.611324, 0.238593, 0.581883
0.266291, 0.752599, -0.634530, -0.156455
0.266342, 0.148667, 0.270448, 0.149677
0.266372, 0.198866, 0.268274, 0.199209
0.266555, 0.497690, 0.250097, 0.481878
0.266581, 0.882970, -0.699291, -0.099933
0.266673, 0.000000, 0.274249, 0.000000
0.266850, 0.173471, 0.269937, 0.174230
0.267299, 0.375229, 0.259622, 0.368760
0.267364, 0.387243, 0.258878, 0.379982
0.267374, 0.597090, 0.241361, 0.569626
0.267532, 0.342397, 0.261879, 0.337765
0.267717, 0.551460, 0.246318, 0.529683
0.267774, 0.832940, -0.694093, -0.141902
0.268457, 1.000000, -0.701491, 0.000000
0.268476, 0.034246, 0.275680, 0.034720
0.268583, 0.136161, 0.272980, 0.137098
0.269257, 0.091732, 0.275160, 0.092659
0.269445, 0.430741, 0.257985, 0.420524
0.269669, 0.895696, -0.697415, -0.089335
0.269983, 0.844367, -0.693240, -0.132589
0.270196, 0.669511, 0.235187, 0.630394
0.270810, 0.563281, 0.247914, 0.539776
0.271002, 0.739310, -0.889472, -0.429196
0.271224, 0.507974, 0.253441, 0.490637
0.271385, 0.353724, 0.264844, 0.348218
0.271411, 0.069305, 0.277903, 0.070090
0.271519, 0.909004, -0.696541, -0.078103
0.271549, 0.398518, 0.262092, 0.390252
0.271571, 0.657055, 0.237580, 0.619529
0.271574, 0.721000, 0.226334, 0.666429
0.271763, 0.284091, 0.269424, 0.281974
0.272090, 0.797948, -0.686863, -0.171342
0.272326, 0.811422, -0.688011, -0.160110
0.272497, 0.256496, 0.271430, 0.255116
0.272684, 0.243905, 0.272485, 0.243114
0.272701, 0.046874, 0.279476, 0.047423
0.272722, 0.693701, 0.236780, 0.652682
0.272758, 0.230680, 0.272964, 0.230019
0.272810, 0.011280, 0.280063, 0.011423
0.272861, 0.934651, -0.696640, -0.056244
0.272878, 0.644948, 0.240269, 0.609359
0.273198, 0.921903, -0.695739, -0.067158
0.273254, 0.103512, 0.278579, 0.104332
0.273765, 0.269862, 0.272047, 0.268072
0.273822, 0.217673, 0.274737, 0.217383
0.273823, 0.785488, -0.683186, -0.181009
0.273978, 0.948532, -0.696047, -0.044349
0.274084, 0.297027, 0.270878, 0.294203
0.274205, 0.418443, 0.263273, 0.408709
0.274238, 0.862273, -0.691381, -0.117922
0.274336, 0.708513, 0.375210, 0.803480
0.274373, 0.451809, 0.260928, 0.439405
0.274473, 0.680408, 0.239020, 0.640714
0.274561, 0.520417, 0.255398, 0.501572
0.274589, 0.632867, 0.243301, 0.599125
0.274759, 0.465101, 0.260292, 0.451622
0.274786, 0.574317, 0.250264, 0.548948
0.274863, 0.366078, 0.267333, 0.359594
0.274880, 0.477177, 0.259377, 0.462495
0.275342, 0.974238, -0.695478, -0.022230
0.275446, 0.988686, -0.695642, -0.009765
0.275697, 0.205998, 0.277106, 0.205865
0.275708, 0.309844, 0.271629, 0.306292
0.275902, 0.116943, 0.280863, 0.117743
0.275924, 0.876188, -0.690986, -0.106277
0.276016, 0.619980, 0.246135, 0.588105
0.276075, 0.825055, -0.686423, -0.149289
0.276144, 0.192493, 0.278092, 0.192549
0.276192, 0.772458, -0.681874, -0.194254
0.276391, 0.531965, 0.255974, 0.511683
0.276424, 0.960622, -0.694130, -0.033985
0.276455, 0.166700, 0.279492, 0.167119
0.276498, 0.180387, 0.279109, 0.180714
0.276539, 0.322418, 0.271680, 0.318232
0.276582, 0.154842, 0.280167, 0.155425
0.276635, 0.082064, 0.282382, 0.082720
0.276744, 0.586023, 0.250688, 0.558811
0.276957, 0.607485, 0.248465, 0.577401
0.276962, 0.023043, 0.283904, 0.023294
0.277362, 0.490068, 0.260584, 0.473982
0.277385, 0.544201, 0.255668, 0.522374
0.277554, 0.439966, 0.264830, 0.428363
0.277703, 0.128765, 0.282004, 0.129386
0.277860, 0.334415, 0.272230, 0.329569
0.277992, 0.748755, -0.685583, -0.222008
0.278127, 0.059224, 0.284442, 0.059777
0.278157, 0.850816, -0.686945, -0.127861
0.278199, 0.730828, -0.698968, -0.256308
0.278221, 0.760011, -0.671456, -0.197628
0.278545, 0.142362, 0.282519, 0.142962
0.278710, 0.378662, 0.270167, 0.371175
0.279320, 0.389563, 0.269987, 0.381306
0.279358, 0.596499, 0.251790, 0.567576
0.279421, 0.888342, -0.688802, -0.096157
0.279695, 0.407336, 0.269178, 0.397954
0.280182, 0.000000, 0.287417, 0.000000
0.280342, 0.556646, 0.257033, 0.532984
0.280387, 0.500762, 0.262385, 0.483305
0.280463, 0.036530, 0.287130, 0.036893
0.280499, 0.346290, 0.273978, 0.340615
0.280691, 0.666743, 0.243324, 0.625801
0.281307, 0.902113, -0.688018, -0.084485
0.281326, 0.837179, -0.683318, -0.139621
0.281922, 0.094733, 0.287376, 0.095358
0.282140, 0.428111, 0.269964, 0.417036
0.282149, 0.699607, 0.122346, 0.534529
0.282638, 0.803852, -0.678855, -0.167587
0.282735, 1.000000, -0.689601, 0.000000
0.282819, 0.940993, -0.688188, -0.051096
0.283219, 0.653823, 0.247411, 0.615046
0.283327, 0.250430, 0.282384, 0.248859
0.283341, 0.277273, 0.280874, 0.274696
0.283381, 0.815634, -0.679344, -0.157817
0.283424, 0.237129, 0.282925, 0.235741
0.283480, 0.263615, 0.281699, 0.261470
0.283550, 0.719551, -0.522589, -0.097424
0.283725, 0.072198, 0.289704, 0.072741
0.283761, 0.513304, 0.264316, 0.494250
0.283848, 0.914873, -0.686336, -0.073636
0.283910, 0.289260, 0.280730, 0.286168
0.283978, 0.358654, 0.276541, 0.352122
0.284157, 0.791564, -0.675923, -0.177692
0.284398, 0.224401, 0.284567, 0.223382
0.284468, 0.687424, 0.271715, 0.670238
0.284502, 0.869416, -0.683140, -0.112591
0.284740, 0.641426, 0.250686, 0.604895
0.284768, 0.927867, -0.686337, -0.062490
0.285073, 0.108092, 0.289855, 0.108565
0.285134, 0.566735, 0.260226, 0.541373
0.285329, 0.049089, 0.291598, 0.049475
0.285345, 0.459184, 0.270456, 0.445205
0.285666, 0.980198, -0.686691, -0.017191
0.285707, 0.628002, 0.253323, 0.593559
0.285825, 0.740534, -0.668959, -0.220898
0.285962, 0.301974, 0.282008, 0.298272
0.286165, 0.011905, 0.292661, 0.011991
0.286201, 0.482221, 0.269341, 0.466135
0.286491, 0.470512, 0.270589, 0.455459
0.286550, 0.212505, 0.287323, 0.211745
0.286590, 0.397255, 0.276406, 0.388137
0.286597, 0.778955, -0.673040, -0.188994
0.286874, 0.370890, 0.278404, 0.363346
0.286915, 0.967941, -0.685524, -0.027843
0.286948, 0.199918, 0.288202, 0.199341
0.287182, 0.448557, 0.273020, 0.435361
0.287198, 0.173786, 0.289555, 0.173646
0.287259, 0.314439, 0.282439, 0.310017
0.287277, 0.953774, -0.684888, -0.040150
0.287303, 0.578730, 0.260776, 0.551486
0.287324, 0.524442, 0.266475, 0.503860
0.287462, 0.416809, 0.275756, 0.406160
0.287517, 0.187047, 0.289507, 0.186809
0.287539, 0.614666, 0.256626, 0.582122
0.287589, 0.675759, 0.245930, 0.630328
0.287643, 0.858212, -0.679614, -0.122337
0.287750, 0.536925, 0.265612, 0.514848
0.287981, 0.160632, 0.290984, 0.160719
0.288067, 0.121352, 0.292543, 0.121782
0.288121, 0.026592, 0.294425, 0.026785
0.288122, 0.766830, -0.668375, -0.197251
0.288128, 0.709436, -0.195184, 0.216046
0.288312, 0.326338, 0.282681, 0.321234
0.288815, 0.549608, 0.265209, 0.525792
0.288820, 0.826161, -0.676016, -0.149566
0.288896, 0.134551, 0.292649, 0.134767
0.288940, 0.147892, 0.292428, 0.148093
0.289358, 0.085324, 0.294552, 0.085684
0.289611, 0.880722, -0.679762, -0.103281
0.289703, 0.602651, 0.259983, 0.571625
0.290083, 0.590144, 0.261846, 0.560940
0.290200, 0.338723, 0.283697, 0.332851
0.290325, 0.894757, -0.679966, -0.091270
0.290405, 0.061929, 0.296244, 0.062287
0.290413, 0.752766, -0.667696, -0.212125
0.290492, 0.846224, -0.676538, -0.132768
0.290544, 0.437365, 0.277045, 0.424866
0.290745, 0.989873, -0.682574, -0.008816
0.290937, 0.384388, 0.281378, 0.375796
0.291290, 0.494269, 0.272895, 0.476507
0.291832, 0.729975, -0.668975, -0.236520
0.291941, 0.506232, 0.272359, 0.487144
0.292210, 0.662964, 0.251739, 0.619436
0.292685, 0.350959, 0.285208, 0.344180
0.293035, 0.038982, 0.299171, 0.039219
0.293234, 0.940603, -0.679221, -0.051738
0.293531, 0.000000, 0.299833, 0.000000
0.293590, 0.406169, 0.282367, 0.395978
0.293652, 0.257402, 0.291923, 0.255029
0.293669, 0.243808, 0.292414, 0.241665
0.293688, 0.800743, -0.669347, -0.171322
0.293730, 0.696826, 0.566660, 0.963685
0.293759, 0.098949, 0.298720, 0.099268
0.294115, 0.270557, 0.291572, 0.267608
0.294175, 0.812777, -0.670052, -0.161302
0.294261, 0.906840, -0.677215, -0.081036
0.294872, 0.230676, 0.294276, 0.228909
0.295090, 0.650067, 0.258669, 0.611095
0.295165, 0.636073, 0.260175, 0.599006
0.295360, 0.426176, 0.282383, 0.414174
0.295432, 0.558867, 0.270166, 0.533440
0.295522, 0.835273, -0.671321, -0.142473
0.295586, 0.282726, 0.292309, 0.279234
0.295646, 0.787026, -0.666205, -0.183011
0.295723, 0.075280, 0.301262, 0.075599
0.295779, 0.294370, 0.291734, 0.290301
0.296187, 0.018750, 0.302319, 0.018839
0.296198, 0.868656, -0.673182, -0.114021
0.296206, 0.929725, -0.676348, -0.061269
0.296379, 0.918269, -0.675837, -0.071220
0.296551, 0.622309, 0.263232, 0.587300
0.296771, 0.112909, 0.300972, 0.113018
0.296780, 0.719490, -0.650045, -0.231979
0.296794, 0.362869, 0.288345, 0.355165
0.296991, 0.685073, 0.208847, 0.593349
0.297047, 0.963436, -0.676762, -0.031938
0.297123, 0.483242, 0.279259, 0.466154
0.297227, 0.459739, 0.281349, 0.444725
0.297422, 0.471715, 0.280479, 0.455559
0.297474, 0.219154, 0.297503, 0.217680
0.297491, 0.571427, 0.270521, 0.544055
0.297514, 1.000000, -0.676713, 0.000000
0.297778, 0.051223, 0.303520, 0.051435
0.297896, 0.374732, 0.288534, 0.366173
0.297906, 0.307453, 0.293084, 0.302770
0.297947, 0.517224, 0.276800, 0.496552
0.298034, 0.180999, 0.299696, 0.180278
0.298193, 0.530446, 0.275617, 0.508115
0.298233, 0.194339, 0.299523, 0.193483
0.298259, 0.762544, -0.660747, -0.203379
0.298309, 0.544016, 0.274257, 0.519975
0.298313, 0.167628, 0.300625, 0.167178
0.298354, 0.207057, 0.298927, 0.205830
0.298409, 0.741101, -0.656922, -0.220050
0.298446, 0.977311, -0.675669, -0.019837
0.299100, 0.448010, 0.284089, 0.433916
0.299111, 0.393874, 0.288326, 0.383982
0.299335, 0.154025, 0.302221, 0.153766
0.299349, 0.888692, -0.671804, -0.096974
0.299475, 0.126974, 0.303396, 0.127013
0.299603, 0.330993, 0.293098, 0.324896
0.299619, 0.318801, 0.293967, 0.313411
0.299661, 0.949742, -0.674157, -0.043949
0.299752, 0.856429, -0.669395, -0.124757
0.299771, 0.608681, 0.267803, 0.575442
0.299894, 0.707100, -0.859519, -0.459681
0.299975, 0.140223, 0.303193, 0.140024
0.300015, 0.774693, -0.661023, -0.193585
0.300275, 0.674027, 0.254681, 0.625040
0.300334, 0.583271, 0.271560, 0.553875
0.301015, 0.822739, -0.665521, -0.153580
0.301104, 0.415549, 0.288683, 0.404114
0.301221, 0.009071, 0.306985, 0.009101
0.301263, 0.596228, 0.270723, 0.564782
0.301413, 0.089266, 0.305904, 0.089293
0.301457, 0.029925, 0.307246, 0.030025
0.302256, 0.344069, 0.294820, 0.337150
0.302341, 0.504007, 0.282023, 0.484281
0.302361, 0.063534, 0.307650, 0.063669
0.303103, 0.436241, 0.288713, 0.422735
0.303420, 0.878006, -0.667820, -0.106443
0.303490, 0.250842, 0.301464, 0.247943
0.303518, 0.797100, -0.660688, -0.175428
0.303541, 0.662556, 0.273931, 0.630278
0.303687, 0.845012, -0.665238, -0.134837
0.303825, 0.900168, -0.668630, -0.087267
0.304001, 0.752135, -0.655103, -0.212932
0.304396, 0.237219, 0.303014, 0.234707
0.304536, 0.492390, 0.285178, 0.473759
0.304536, 0.263855, 0.301979, 0.260626
0.304586, 0.989065, -0.670781, -0.009600
0.304945, 0.104046, 0.309425, 0.104070
0.305053, 0.383212, 0.294786, 0.373752
0.305374, 0.355557, 0.296869, 0.347618
0.305449, 0.729806, -0.650479, -0.231052
0.305535, 0.641644, 0.268298, 0.602160
0.305638, 0.809665, -0.660359, -0.165075
0.305846, 0.694457, -0.321059, 0.058935
0.306061, 0.403722, 0.294039, 0.392539
0.306127, 0.041369, 0.311699, 0.041458
0.306133, 0.629396, 0.270172, 0.591638
0.306327, 0.937500, -0.667906, -0.054820
0.306339, 0.552277, 0.280450, 0.526360
0.306352, 0.276240, 0.303042, 0.272442
0.306541, 0.300014, 0.301626, 0.295006
0.307009, 0.075593, 0.311927, 0.075630
0.307191, 0.652378, 0.267023, 0.609655
0.307437, 0.616236, 0.273215, 0.580621
0.307571, 0.564873, 0.280064, 0.537156
0.307780, 0.957456, -0.667012, -0.037360
0.307795, 0.785496, -0.655950, -0.185637
0.307842, 0.925178, -0.666259, -0.065638
0.307964, 0.118306, 0.311671, 0.118079
0.308158, 0.288355, 0.303833, 0.283734
0.308197, 0.538151, 0.283684, 0.513833
0.308222, 0.833158, -0.660529, -0.145358
0.308322, 0.479491, 0.289732, 0.461630
0.308325, 0.911913, -0.665404, -0.077248
0.308382, 0.000000, 0.314193, 0.000000
0.308429, 0.225861, 0.307674, 0.223637
0.308437, 0.716743, -0.657234, -0.253667
0.308570, 0.866360, -0.662619, -0.116816
0.308604, 0.175119, 0.310187, 0.174098
0.308641, 0.425675, 0.294878, 0.412848
0.308777, 0.369786, 0.299199, 0.360869
0.308778, 0.467146, 0.291301, 0.450466
0.308831, 0.525043, 0.285676, 0.502254
0.308843, 0.188461, 0.309781, 0.187125
0.308986, 0.969151, -0.666646, -0.027123
0.309070, 0.161331, 0.311288, 0.160578
0.309221, 0.019762, 0.314952, 0.019791
0.309410, 0.201689, 0.309937, 0.200152
0.309829, 0.764021, -0.651510, -0.203669
0.309869, 0.147060, 0.312461, 0.146421
0.310069, 0.214459, 0.309921, 0.212538
0.310101, 0.455889, 0.293534, 0.440160
0.310138, 0.684003, 0.367920, 0.734545
0.310318, 0.336156, 0.302898, 0.329049
0.310492, 0.053106, 0.315686, 0.053128
0.310511, 0.513014, 0.288448, 0.491455
0.310674, 0.576415, 0.281341, 0.546715
0.310806, 0.324038, 0.304226, 0.317625
0.311093, 0.132690, 0.314227, 0.132225
0.311301, 0.889012, -0.661609, -0.097335
0.311340, 0.704159, -0.622710, -0.233889
0.311401, 0.742562, -0.647111, -0.221135
0.311485, 0.312031, 0.305714, 0.306264
0.311520, 0.445371, 0.295697, 0.430358
0.311701, 0.589414, 0.280544, 0.557654
0.311800, 1.000000, -0.664451, 0.000000
0.312197, 0.602678, 0.279100, 0.568563
0.312311, 0.085725, 0.316636, 0.085564
0.312554, 0.854949, -0.658404, -0.126938
0.312788, 0.672506, 0.345412, 0.702449
0.312876, 0.392433, 0.301471, 0.381811
0.313081, 0.979954, -0.663137, -0.017665
0.313128, 0.821146, -0.655244, -0.156036
0.313367, 0.946117, -0.662198, -0.047458
0.313411, 0.243997, 0.311308, 0.240796
0.313662, 0.414199, 0.300276, 0.401605
0.313779, 0.775323, -0.649916, -0.194813
0.313875, 0.097125, 0.317775, 0.096825
0.314065, 0.798307, -0.652003, -0.175505
0.314287, 0.500417, 0.293161, 0.479936
0.314537, 0.031108, 0.319804, 0.031099
0.314719, 0.256296, 0.311921, 0.252593
0.314871, 0.064938, 0.319583, 0.064839
0.315342, 0.359521, 0.306029, 0.350687
0.315757, 0.009950, 0.320993, 0.009942
0.315814, 0.346788, 0.307476, 0.338812
0.316004, 0.877027, -0.657034, -0.108032
0.316300, 0.900481, -0.658027, -0.087585
0.316350, 0.843427, -0.654400, -0.137174
0.316452, 0.661223, 0.257696, 0.599435
0.316538, 0.268175, 0.313127, 0.264026
0.316654, 0.487753, 0.296484, 0.468241
0.316693, 0.637747, 0.273905, 0.593220
0.316736, 0.435883, 0.301488, 0.421507
0.316905, 0.624826, 0.280144, 0.586633
0.316997, 0.380442, 0.306063, 0.370131
0.317285, 0.109482, 0.321152, 0.109125
0.317292, 0.546051, 0.290764, 0.519627
0.317412, 0.300669, 0.312043, 0.295061
0.317434, 0.753384, -0.644218, -0.213568
0.317602, 0.733876, -0.641525, -0.229898
0.317681, 0.558719, 0.289594, 0.530572
0.317924, 0.722216, -0.644725, -0.244868
0.317936, 0.810076, -0.650214, -0.165925
0.317969, 0.233472, 0.316317, 0.230446
0.318349, 0.921382, -0.656896, -0.069332
0.318382, 0.612943, 0.282844, 0.576285
0.318404, 0.402638, 0.305777, 0.390772
0.318493, 0.648836, 0.271771, 0.600218
0.318972, 0.042697, 0.323983, 0.042632
0.318987, 0.169484, 0.320475, 0.168181
0.319005, 0.958145, -0.657206, -0.036966
0.319008, 0.279605, 0.314866, 0.274873
0.319165, 0.533215, 0.293912, 0.508248
0.319297, 0.474198, 0.300197, 0.455813
0.319408, 0.990222, -0.657735, -0.008647
0.319468, 0.182614, 0.320318, 0.180983
0.319513, 0.933671, -0.656642, -0.058582
0.319556, 0.694498, -0.864076, -0.492915
0.319579, 0.155838, 0.321492, 0.154714
0.319620, 0.121649, 0.322575, 0.120954
0.319860, 0.195776, 0.320030, 0.193775
0.319917, 0.787394, -0.646068, -0.185365
0.320304, 0.076270, 0.324736, 0.076050
0.320420, 0.709205, -0.593259, -0.207947
0.320625, 0.290124, 0.315738, 0.284791
0.320750, 0.209192, 0.320501, 0.206948
0.320826, 0.333455, 0.313108, 0.325891
0.320851, 0.831786, -0.649702, -0.147570
0.320852, 0.521182, 0.296784, 0.497554
0.320924, 0.142911, 0.323144, 0.141892
0.320987, 0.461392, 0.303025, 0.444221
0.321100, 0.865353, -0.651852, -0.118490
0.321245, 0.424958, 0.306413, 0.410878
0.321416, 0.569412, 0.291496, 0.539330
0.321974, 0.368963, 0.311677, 0.359163
0.322131, 0.969762, -0.655192, -0.026767
0.322156, 0.582082, 0.290445, 0.550001
0.322174, 0.222524, 0.321081, 0.219741
0.322279, 0.320945, 0.315303, 0.313952
0.322294, 0.765672, -0.641563, -0.203867
0.322300, 0.682139, -0.421495, -0.069052
0.322457, 0.910683, -0.653185, -0.078909
0.322620, 0.000000, 0.327888, 0.000000
0.322627, 0.020842, 0.327850, 0.020798
0.322891, 0.509032, 0.299943, 0.486643
0.322902, 0.594930, 0.289288, 0.560731
0.323050, 0.887924, -0.651521, -0.098899
0.323150, 0.054501, 0.327805, 0.054333
0.323211, 0.448693, 0.306338, 0.432675
0.324051, 0.246988, 0.321457, 0.243212
0.324124, 0.088699, 0.327946, 0.088259
0.324155, 0.132524, 0.326710, 0.131600
0.325132, 0.853673, -0.647571, -0.128915
0.325261, 0.946083, -0.652002, -0.047785
0.325267, 0.309474, 0.318934, 0.302928
0.325455, 0.669935, 0.111808, 0.449158
0.325745, 0.799327, -0.642346, -0.175812
0.325882, 0.496157, 0.303919, 0.474780
0.325899, 0.355375, 0.316335, 0.346131
0.325958, 0.390625, 0.313489, 0.378706
0.326078, 0.413826, 0.311999, 0.400483
0.326083, 0.743440, -0.635195, -0.222396
0.326162, 0.820894, -0.644094, -0.157374
0.326417, 0.259799, 0.322944, 0.255352
0.326493, 0.606156, 0.290599, 0.569432
0.326505, 0.631734, 0.291238, 0.594971
0.326597, 0.100976, 0.329891, 0.100316
0.326671, 1.000000, -0.651355, 0.000000
0.326821, 0.777891, -0.639312, -0.194144
0.327515, 0.980432, -0.650538, -0.017371
0.327539, 0.032226, 0.332261, 0.032100
0.327665, 0.066453, 0.331756, 0.066110
0.327751, 0.553616, 0.298887, 0.524735
0.328042, 0.343196, 0.319200, 0.334522
0.328045, 0.483121, 0.307220, 0.462946
0.328105, 0.657080, 0.273918, 0.601767
0.328499, 0.436437, 0.312113, 0.420782
0.328639, 0.729714, -0.634337, -0.237414
0.328653, 0.876061, -0.646068, -0.109595
0.328822, 0.841753, -0.643634, -0.139553
0.328873, 0.898314, -0.647052, -0.090060
0.328954, 0.272165, 0.324712, 0.267118
0.329068, 0.619769, 0.290046, 0.579538
0.329117, 0.541415, 0.301639, 0.514121
0.329121, 0.236220, 0.326933, 0.232579
0.329322, 0.163693, 0.330493, 0.162029
0.329356, 0.716501, -0.612187, -0.228512
0.329394, 0.378337, 0.317957, 0.367399
0.329557, 0.402360, 0.315962, 0.389364
0.329681, 0.644046, 0.315940, 0.628373
0.329710, 0.010591, 0.334437, 0.010544
0.329917, 0.702221, -0.678117, -0.308966
0.330029, 0.756049, -0.634155, -0.212936
0.330128, 0.922605, -0.646685, -0.068658
0.330191, 0.176433, 0.330918, 0.174512
0.330287, 0.810664, -0.639727, -0.166540
0.330331, 0.297459, 0.324572, 0.291245
0.330442, 0.113058, 0.333686, 0.112289
0.330618, 0.189237, 0.330711, 0.186958
0.330714, 0.958656, -0.647155, -0.036734
0.330756, 0.470315, 0.311055, 0.451354
0.330919, 0.150190, 0.332320, 0.148627
0.330972, 0.202024, 0.330334, 0.199315
0.331181, 0.529833, 0.304913, 0.503945
0.331632, 0.043998, 0.336085, 0.043776
0.332008, 0.330710, 0.323873, 0.322562
0.332245, 0.935153, -0.645748, -0.057653
0.332266, 0.215119, 0.331182, 0.212109
0.332381, 0.284625, 0.327204, 0.278804
0.332394, 0.690069, -0.548857, -0.194620
0.332674, 0.790143, -0.635632, -0.184354
0.332677, 0.079011, 0.336625, 0.078536
0.332696, 0.517509, 0.307669, 0.492948
0.332739, 0.124266, 0.335012, 0.123107
0.332747, 0.563257, 0.302041, 0.532536
0.332895, 0.457933, 0.314229, 0.440025
0.333061, 0.575485, 0.300630, 0.542853
0.333383, 0.364852, 0.322641, 0.354429
0.333447, 0.424230, 0.317870, 0.409354
0.333645, 0.864521, -0.641030, -0.119997
0.333677, 0.587880, 0.299354, 0.553130
0.334062, 0.829605, -0.638225, -0.150502
0.334311, 0.990254, -0.644644, -0.008682
0.334533, 0.908669, -0.642702, -0.081173
0.334646, 0.318660, 0.327186, 0.310996
0.334688, 0.504896, 0.310828, 0.481551
0.334690, 0.768721, -0.631658, -0.202765
0.334739, 0.678240, -0.756300, -0.414664
0.334922, 0.249618, 0.331772, 0.245208
0.334993, 0.138638, 0.336975, 0.137287
0.335515, 0.227383, 0.333503, 0.223707
0.335570, 0.886591, -0.640659, -0.100710
0.335592, 0.056436, 0.339672, 0.056070
0.335631, 0.970114, -0.643428, -0.026633
0.335810, 0.091513, 0.339006, 0.090756
0.336090, 0.021788, 0.340735, 0.021662
0.336185, 0.599377, 0.299740, 0.562317
0.336220, 0.446448, 0.318240, 0.429149
0.336431, 0.000000, 0.341140, 0.000000
0.336922, 0.632884, 0.288933, 0.583410
0.337219, 0.491799, 0.314538, 0.469703
0.337353, 0.665524, -0.282772, 0.038801
0.337363, 0.852869, -0.636983, -0.130437
0.337442, 0.947840, -0.641333, -0.046504
0.337504, 0.352076, 0.327378, 0.342102
0.337907, 0.736722, -0.626402, -0.231517
0.338143, 0.261875, 0.334013, 0.256692
0.338282, 0.611458, 0.299712, 0.572036
0.338288, 0.802719, -0.632081, -0.174099
0.338295, 0.307039, 0.331507, 0.299835
0.338462, 0.411784, 0.323385, 0.397270
0.338587, 0.386300, 0.325876, 0.374046
0.338934, 0.397847, 0.325081, 0.384490
0.339070, 0.549536, 0.309222, 0.519781
0.339134, 0.748197, -0.625252, -0.220265
0.339249, 0.104047, 0.341941, 0.103023
0.339335, 0.723144, -0.616515, -0.236027
0.339473, 0.652705, 0.531347, 0.839671
0.339660, 0.709764, -0.633146, -0.266015
0.339682, 0.781015, -0.628763, -0.192855
0.339811, 0.068853, 0.343259, 0.068259
0.339874, 0.159041, 0.340523, 0.156949
0.339911, 0.479264, 0.318396, 0.458435
0.340221, 0.817180, -0.631766, -0.161763
0.340318, 0.033363, 0.344509, 0.033116
0.340515, 0.340502, 0.331177, 0.331165
0.340582, 0.840991, -0.633433, -0.141063
0.340732, 0.273840, 0.335732, 0.267962
0.340771, 0.623360, 0.300110, 0.581657
0.340849, 0.373724, 0.328894, 0.362083
0.340924, 0.435184, 0.323699, 0.418621
0.341185, 0.170643, 0.341630, 0.168371
0.341462, 0.240051, 0.338571, 0.235658
0.341481, 1.000000, -0.638365, 0.000000
0.341634, 0.182873, 0.341588, 0.180300
0.341657, 0.875213, -0.634741, -0.111058
0.341664, 0.916703, -0.636475, -0.074300
0.341861, 0.897077, -0.635632, -0.091731
0.342019, 0.538683, 0.313302, 0.510302
0.342059, 0.980272, -0.637747, -0.017636
0.342118, 0.195137, 0.341442, 0.192178
0.342202, 0.295266, 0.335826, 0.288299
0.342280, 0.207387, 0.340788, 0.203929
0.342371, 0.697419, -0.592088, -0.239819
0.342480, 0.526508, 0.315167, 0.499566
0.342597, 0.466670, 0.322090, 0.446840
0.342779, 0.760364, -0.623928, -0.210801
0.342793, 0.128356, 0.344553, 0.126829
0.343008, 0.642014, 0.289900, 0.586982
0.343095, 0.927463, -0.635576, -0.064771
0.343263, 0.011237, 0.347499, 0.011151
0.343451, 0.959673, -0.636117, -0.036053
0.343610, 0.327969, 0.334940, 0.319117
0.343641, 0.046546, 0.347472, 0.046154
0.344149, 0.513585, 0.318185, 0.488068
0.344172, 0.148910, 0.345324, 0.147007
0.344428, 0.116165, 0.346855, 0.114904
0.344434, 0.569634, 0.311146, 0.536314
0.344501, 0.558210, 0.312742, 0.526486
0.344651, 0.581848, 0.309551, 0.546562
0.344748, 0.220002, 0.342751, 0.216150
0.345143, 0.081365, 0.348526, 0.080608
0.345191, 0.285200, 0.339258, 0.278514
0.345212, 0.793255, -0.625325, -0.182910
0.345236, 0.424165, 0.328511, 0.407993
0.345247, 0.938488, -0.634306, -0.055030
0.345547, 0.360910, 0.334122, 0.349629
0.345573, 0.685222, -0.659720, -0.322061
0.345751, 0.454887, 0.326083, 0.435847
0.345936, 0.828732, -0.627938, -0.152178
0.346068, 0.500533, 0.321424, 0.476410
0.346253, 0.863859, -0.630079, -0.121337
0.346433, 0.593838, 0.309248, 0.556282
0.346494, 0.673453, -0.478635, -0.154239
0.347037, 0.252170, 0.343219, 0.247019
0.347184, 0.315440, 0.339296, 0.307158
0.347331, 0.093217, 0.349884, 0.092139
0.347466, 0.772589, -0.621354, -0.200881
0.348008, 0.058824, 0.351476, 0.058242
0.348463, 0.885872, -0.629465, -0.101988
0.348536, 0.138203, 0.349786, 0.136335
0.348597, 0.906312, -0.630126, -0.083805
0.348626, 0.605922, 0.308980, 0.565732
0.348780, 0.659661, -0.907010, -0.598202
0.348812, 0.730157, -0.613279, -0.235077
0.348972, 0.232129, 0.346031, 0.227550
0.349030, 0.990131, -0.631690, -0.008853
0.349088, 0.806679, -0.623352, -0.171653
0.349155, 0.488151, 0.325698, 0.465332
0.349398, 0.852350, -0.626475, -0.131668
0.349472, 0.403495, 0.334288, 0.388728
0.349607, 0.022863, 0.353366, 0.022628
0.349726, 0.443705, 0.330868, 0.425456
0.349797, 0.970025, -0.630923, -0.026889
0.349860, 0.000000, 0.353926, 0.000000
0.350067, 0.716788, -0.615626, -0.251732
0.350175, 0.414535, 0.333912, 0.398739
0.350187, 0.264388, 0.345373, 0.258446
0.350330, 0.350235, 0.339687, 0.339594
0.350418, 0.391781, 0.336341, 0.378073
0.350467, 0.618583, 0.307875, 0.575218
0.350583, 0.741565, -0.615424, -0.228079
0.350601, 0.632439, 0.306643, 0.587749
0.350638, 0.949762, -0.629705, -0.045066
0.350846, 0.380541, 0.337571, 0.367526
0.351334, 0.303116, 0.343855, 0.295077
0.351453, 0.161732, 0.351585, 0.159175
0.351580, 0.037162, 0.355018, 0.036761
0.351600, 0.105624, 0.353608, 0.104223
0.351723, 0.475332, 0.329325, 0.453535
0.351820, 0.070995, 0.354598, 0.070139
0.351845, 0.840411, -0.623598, -0.142353
0.351893, 0.752746, -0.615265, -0.218145
0.352080, 0.705447, -0.602318, -0.251522
0.352216, 0.337954, 0.342274, 0.327856
0.352456, 0.175179, 0.352169, 0.172311
0.352639, 0.368829, 0.340120, 0.356455
0.352799, 0.784342, -0.617922, -0.191310
0.352937, 0.647261, -0.157206, 0.131965
0.352979, 0.547966, 0.321515, 0.516786
0.353035, 0.277002, 0.347108, 0.270165
0.353198, 0.817931, -0.620845, -0.162194
0.353231, 0.522666, 0.325028, 0.494851
0.353271, 0.187725, 0.352406, 0.184471
0.353351, 0.535328, 0.323515, 0.505826
0.353720, 0.211637, 0.351340, 0.207404
0.353821, 0.199843, 0.352342, 0.196177
0.353873, 0.917692, -0.625752, -0.073837
0.354274, 0.432662, 0.335945, 0.414842
0.354614, 0.126103, 0.356204, 0.124332
0.354767, 0.692901, -0.617218, -0.281078
0.354905, 0.874333, -0.623157, -0.112548
0.355009, 0.325388, 0.345903, 0.315937
0.355150, 0.463168, 0.333706, 0.442303
0.355197, 0.508987, 0.328451, 0.482694
0.355306, 0.243193, 0.351584, 0.237927
0.355388, 0.574396, 0.319684, 0.538637
0.355563, 0.560886, 0.321769, 0.527200
0.355666, 0.764674, -0.613456, -0.208524
0.355869, 0.896060, -0.623388, -0.093257
0.355996, 0.929157, -0.624257, -0.063640
0.356137, 1.000000, -0.625451, 0.000000
0.356187, 0.291553, 0.349417, 0.283991
0.356333, 0.049243, 0.359517, 0.048656
0.356393, 0.011137, 0.359950, 0.011006
0.356451, 0.148832, 0.356939, 0.146433
0.356557, 0.980080, -0.624947, -0.017926
0.356622, 0.587179, 0.318041, 0.548392
0.356741, 0.669302, -0.640661, -0.329711
0.357196, 0.224540, 0.354235, 0.219815
0.357263, 0.797132, -0.615454, -0.180677
0.357434, 0.959591, -0.623802, -0.036357
0.357999, 0.939656, -0.622920, -0.054294
0.358225, 0.082994, 0.360786, 0.081893
0.358247, 0.094478, 0.360350, 0.093139
0.358297, 0.828876, -0.617204, -0.152963
0.358318, 0.497237, 0.332759, 0.472261
0.358800, 0.115172, 0.360414, 0.113454
0.358867, 0.680463, -0.580207, -0.260486
0.358928, 0.599043, 0.317758, 0.557518
0.358934, 0.863142, -0.618957, -0.122706
0.359075, 0.451591, 0.338512, 0.431588
0.359213, 0.422165, 0.341533, 0.404927
0.359249, 0.724203, -0.606247, -0.244008
0.359394, 0.312947, 0.350634, 0.303696
0.359624, 0.254841, 0.355001, 0.248841
0.359815, 0.029891, 0.363039, 0.029506
0.360149, 0.359661, 0.348021, 0.347527
0.360285, 0.611786, 0.320701, 0.571701
0.360572, 0.484020, 0.336183, 0.460157
0.360704, 0.137502, 0.361352, 0.135206
0.360735, 0.060833, 0.363480, 0.060006
0.360944, 0.775595, -0.610250, -0.199696
0.360984, 0.624787, 0.288103, 0.551209
0.361113, 0.658164, -0.563902, -0.268187
0.361151, 0.851374, -0.616131, -0.133263
0.361289, 0.884524, -0.618149, -0.103799
0.361374, 0.409679, 0.344712, 0.393380
0.361378, 0.397853, 0.345877, 0.382659
0.361439, 0.637487, 0.251708, 0.522390
0.361599, 0.907821, -0.618814, -0.082961
0.361659, 0.735210, -0.604671, -0.233936
0.361773, 0.267655, 0.356169, 0.260883
0.361867, 0.347147, 0.350620, 0.335748
0.362144, 0.808971, -0.612297, -0.170755
0.362145, 0.385658, 0.347573, 0.371280
0.362731, 0.373402, 0.349225, 0.359992
0.362854, 0.158202, 0.362673, 0.155322
0.362859, 0.169914, 0.362100, 0.166666
0.363156, 0.839906, -0.613613, -0.143547
0.363326, 0.280977, 0.356560, 0.273283
0.363331, 0.000000, 0.366602, 0.000000
0.363358, 0.517341, 0.334528, 0.488917
0.363413, 0.440480, 0.343448, 0.420980
0.363413, 0.702536, -0.600579, -0.263452
0.363480, 0.235070, 0.359761, 0.229668
0.363526, 0.746544, -0.604729, -0.224979
0.363556, 0.714030, -0.599513, -0.251524
0.363611, 0.990002, -0.618790, -0.009027
0.363632, 0.072187, 0.365848, 0.071094
0.363786, 0.334587, 0.353395, 0.323880
0.364007, 0.969792, -0.618336, -0.027272
0.364065, 0.471648, 0.340748, 0.448866
0.364313, 0.757100, -0.605233, -0.215908
0.364457, 0.182001, 0.363362, 0.178442
0.364471, 0.529728, 0.333886, 0.499516
0.364472, 0.019974, 0.367500, 0.019693
0.364516, 0.948388, -0.617383, -0.046584
0.364524, 0.302942, 0.356462, 0.294173
0.364616, 0.215459, 0.361544, 0.210567
0.364666, 0.541911, 0.332357, 0.509899
0.364948, 0.103482, 0.366421, 0.101775
0.365018, 0.041306, 0.367835, 0.040716
0.365299, 0.567434, 0.328540, 0.530698
0.365303, 0.787977, -0.607579, -0.189346
0.365433, 0.193422, 0.363637, 0.189392
0.365646, 0.648360, -0.805528, -0.523618
0.365921, 0.204508, 0.363583, 0.200081
0.365955, 0.921515, -0.615395, -0.070822
0.365970, 0.553858, 0.331800, 0.519853
0.366445, 0.581018, 0.330667, 0.545137
0.366484, 0.321980, 0.356606, 0.311661
0.366799, 0.820337, -0.609200, -0.161130
0.366806, 0.689845, -0.592651, -0.271377
0.367462, 0.125174, 0.368193, 0.122925
0.368079, 0.459645, 0.345722, 0.437805
0.368180, 0.506441, 0.340175, 0.478907
0.368232, 0.429728, 0.349018, 0.410928
0.368261, 0.668805, -0.596827, -0.297658
0.368707, 0.896786, -0.612233, -0.093163
0.368717, 0.872060, -0.611010, -0.115305
0.369082, 0.492857, 0.342610, 0.466850
0.369325, 0.292449, 0.361502, 0.283796
0.369515, 0.246089, 0.364746, 0.239810
0.369580, 0.934363, -0.612457, -0.059339
0.369678, 0.592540, 0.333803, 0.556461
0.369783, 0.090841, 0.371702, 0.089364
0.369797, 0.766658, -0.601546, -0.208250
0.369858, 0.053087, 0.372459, 0.052277
0.370246, 0.605301, 0.334083, 0.568648
0.370311, 0.148988, 0.370068, 0.146056
0.370335, 0.800072, -0.604447, -0.179247
0.370643, 1.000000, -0.612593, 0.000000
0.370811, 0.010204, 0.373609, 0.010047
0.370876, 0.224804, 0.367063, 0.219266
0.370891, 0.958767, -0.611890, -0.037320
0.370967, 0.979825, -0.612158, -0.018270
0.371142, 0.417449, 0.352897, 0.399534
0.371173, 0.858943, -0.607974, -0.127146
0.371259, 0.726237, -0.595881, -0.243298
0.371278, 0.258945, 0.365653, 0.251985
0.371468, 0.832073, -0.605888, -0.151065
0.371470, 0.137019, 0.371655, 0.134381
0.371593, 0.618088, 0.558731, 0.803460
0.371864, 0.112227, 0.372698, 0.110125
0.371999, 0.354724, 0.359402, 0.341961
0.372022, 0.631003, -0.061284, 0.193355
0.372107, 0.366717, 0.358441, 0.353001
0.372263, 0.884566, -0.608316, -0.104255
0.372368, 0.079121, 0.374298, 0.077781
0.372447, 0.030894, 0.375169, 0.030400
0.372561, 0.404736, 0.355457, 0.387886
0.372645, 0.448086, 0.350971, 0.426839
0.372674, 0.480477, 0.347350, 0.455644
0.372777, 0.679342, -0.587599, -0.282343
0.372857, 0.910937, -0.608946, -0.080565
0.372881, 0.392398, 0.356841, 0.376508
0.373028, 0.271444, 0.366432, 0.263704
0.373194, 0.845912, -0.605214, -0.138859
0.373295, 0.342034, 0.361632, 0.330059
0.373345, 0.778482, -0.599940, -0.198408
0.373391, 0.379822, 0.358534, 0.365022
0.373516, 0.740088, -0.595725, -0.231544
0.373670, 0.162755, 0.372902, 0.159373
0.373785, 0.313376, 0.364283, 0.303243
0.373915, 0.519823, 0.343360, 0.489676
0.373990, 0.065503, 0.375795, 0.064346
0.374061, 0.699942, -0.589680, -0.265566
0.374576, 0.657330, -0.586503, -0.304492
0.374649, 0.175749, 0.372949, 0.171782
0.374841, 0.642803, -0.701875, -0.435557
0.375027, 0.712093, -0.590660, -0.255514
0.375055, 0.328642, 0.364234, 0.317368
0.375220, 0.282646, 0.367658, 0.274103
0.375550, 0.811971, -0.600926, -0.169189
0.375610, 0.575890, 0.330824, 0.531056
0.375963, 0.754063, -0.594960, -0.219817
0.376026, 0.532331, 0.343387, 0.500014
0.376194, 0.564315, 0.340198, 0.528403
0.376215, 0.946115, -0.607090, -0.048892
0.376548, 0.212966, 0.373255, 0.207707
0.376586, 0.468257, 0.352307, 0.444455
0.376732, 0.543136, 0.342376, 0.509036
0.376855, 0.234083, 0.372243, 0.227850
0.376914, 0.188749, 0.374979, 0.184451
0.377209, 0.000000, 0.379869, 0.000000
0.377409, 0.437240, 0.356557, 0.416773
0.377538, 0.301549, 0.368554, 0.291802
0.377734, 0.042378, 0.379903, 0.041629
0.377806, 0.200410, 0.375124, 0.195587
0.377911, 0.100656, 0.379023, 0.098730
0.377948, 0.969195, -0.605954, -0.027979
0.377994, 0.790693, -0.596852, -0.188103
0.378063, 0.989793, -0.605940, -0.009273
0.378085, 0.923105, -0.604780, -0.069760
0.378218, 0.553890, 0.341247, 0.517124
0.378353, 0.500452, 0.349748, 0.472261
0.378522, 0.020931, 0.380894, 0.020560
0.379097, 0.120034, 0.379421, 0.117552
0.379914, 0.901423, -0.602311, -0.089406
0.379929, 0.823985, -0.598003, -0.158859
0.380076, 0.689290, -0.583146, -0.275324
0.380482, 0.586432, 0.319384, 0.525260
0.380697, 0.425215, 0.360781, 0.405600
0.380736, 0.668941, -0.580031, -0.292869
0.380814, 0.599670, 0.376536, 0.595169
0.380959, 0.130991, 0.380929, 0.128192
0.381090, 0.456195, 0.357608, 0.433103
0.381195, 0.864710, -0.599515, -0.122537
0.381199, 0.511361, 0.350842, 0.481437
0.381341, 0.767414, -0.591847, -0.208784
0.381426, 0.489272, 0.353913, 0.462188
0.381489, 0.876888, -0.599981, -0.111613
0.381622, 0.253960, 0.375690, 0.246591
0.381762, 0.721644, -0.586116, -0.248270
0.382041, 0.611303, 0.257536, 0.483628
0.382131, 0.087741, 0.383496, 0.086036
0.382275, 0.143567, 0.381763, 0.140397
0.382278, 0.890485, -0.599677, -0.099363
0.382294, 0.053637, 0.384171, 0.052625
0.382330, 0.242650, 0.376992, 0.235762
0.382484, 0.837354, -0.596654, -0.147107
0.382555, 0.412368, 0.363794, 0.393827
0.382590, 0.155388, 0.381440, 0.151791
0.382629, 0.624511, -0.891644, -0.652068
0.382742, 0.934796, -0.600965, -0.059294
0.382849, 0.851527, -0.597157, -0.134437
0.383260, 0.733166, -0.586555, -0.238709
0.383324, 0.803025, -0.593393, -0.177710
0.383362, 0.266160, 0.376575, 0.258086
0.383387, 0.361684, 0.369325, 0.347427
0.383433, 0.349415, 0.370416, 0.336081
0.383601, 0.957717, -0.600626, -0.038483
0.383655, 0.373920, 0.368418, 0.358600
0.383658, 0.399479, 0.366026, 0.381960
0.383784, 0.290634, 0.375304, 0.281180
0.383815, 0.222929, 0.379600, 0.216885
0.383955, 0.322146, 0.373018, 0.310621
0.383968, 0.336447, 0.371981, 0.324010
0.384039, 0.386810, 0.367655, 0.370450
0.384436, 0.075845, 0.385730, 0.074316
0.384513, 0.649274, -0.615321, -0.351533
0.384624, 0.010853, 0.386724, 0.010647
0.384670, 0.168622, 0.383117, 0.164614
0.384780, 0.635640, -0.460394, -0.209957
0.384868, 0.745507, -0.586701, -0.228222
0.384872, 0.702262, -0.581023, -0.265160
0.384952, 1.000000, -0.599848, 0.000000
0.384962, 0.477325, 0.358589, 0.451389
0.385059, 0.780123, -0.590002, -0.198064
0.385190, 0.979239, -0.599481, -0.018914
0.385452, 0.032601, 0.387571, 0.031973
0.385478, 0.524433, 0.352698, 0.492088
0.385531, 0.064200, 0.386823, 0.062881
0.385870, 0.278015, 0.378154, 0.269154
0.385879, 0.911838, -0.597412, -0.080194
0.385942, 0.181881, 0.383275, 0.177164
0.386240, 0.109962, 0.386245, 0.107477
0.386510, 0.310267, 0.376190, 0.299256
0.386650, 0.444876, 0.364074, 0.422665
0.386682, 0.573955, 0.359703, 0.547075
0.386753, 0.679040, -0.576410, -0.285110
0.387548, 0.208998, 0.383871, 0.203339
0.387890, 0.659678, -0.569904, -0.298846
0.388382, 0.758010, -0.584830, -0.217693
0.388503, 0.562274, 0.345477, 0.519421
0.388598, 0.815733, -0.589852, -0.166843
0.388667, 0.946399, -0.595918, -0.048883
0.388904, 0.548445, 0.355296, 0.515051
0.389042, 0.465163, 0.363545, 0.440014
0.389079, 0.536326, 0.353591, 0.501201
0.389137, 0.712951, -0.578988, -0.256673
0.389641, 0.195748, 0.386721, 0.190606
0.389913, 0.096038, 0.390635, 0.093939
0.390057, 0.500505, 0.359924, 0.470756
0.390129, 0.792935, -0.586488, -0.187157
0.390264, 0.433062, 0.368544, 0.411612
0.390316, 0.594654, 0.246743, 0.450993
0.390564, 0.000000, 0.392610, 0.000000
0.390681, 0.923763, -0.593558, -0.069530
0.390871, 0.299222, 0.381271, 0.288730
0.390928, 0.044581, 0.392398, 0.043636
0.390940, 0.122593, 0.390647, 0.119704
0.391166, 0.232873, 0.385880, 0.225929
0.391745, 0.968278, -0.593657, -0.028977
0.391795, 0.828675, -0.587953, -0.155498
0.391814, 0.692144, -0.573841, -0.274642
0.392067, 0.618582, -0.554329, -0.328989
0.392072, 0.022564, 0.393747, 0.022085
0.392229, 0.420042, 0.371738, 0.399743
0.392252, 0.989310, -0.593271, -0.009768
0.392319, 0.884482, -0.590706, -0.105250
0.392443, 0.870720, -0.589875, -0.117701
0.392452, 0.513783, 0.359982, 0.481655
0.392492, 0.899212, -0.591048, -0.091889
0.392533, 0.135448, 0.391728, 0.132127
0.392632, 0.843076, -0.588109, -0.142621
0.392699, 0.857324, -0.588851, -0.129793
0.392757, 0.488062, 0.364018, 0.459732
0.392966, 0.246942, 0.386798, 0.239255
0.393497, 0.259911, 0.386370, 0.251443
0.393686, 0.583532, 0.390441, 0.580320
0.393726, 0.330823, 0.381325, 0.317877
0.393735, 0.406925, 0.374432, 0.387711
0.393745, 0.148184, 0.392476, 0.144458
0.393851, 0.770507, -0.581324, -0.207269
0.393917, 0.725027, -0.576207, -0.246833
0.394098, 0.606515, -0.101352, 0.107832
0.394120, 0.643188, -0.537166, -0.288538
0.394297, 0.453733, 0.369837, 0.429622
0.394309, 0.160627, 0.392290, 0.156383
0.394363, 0.343809, 0.380993, 0.329989
0.394571, 0.356225, 0.380097, 0.341417
0.394649, 0.393927, 0.376623, 0.375898
0.394736, 0.368565, 0.379137, 0.352747
0.394776, 0.381064, 0.377927, 0.364104
0.394874, 0.668738, -0.567198, -0.294064
0.394970, 0.218736, 0.390395, 0.212295
0.395238, 0.083563, 0.395768, 0.081622
0.395342, 0.736747, -0.576607, -0.236958
0.395480, 0.806342, -0.582983, -0.175705
0.395699, 0.173550, 0.393281, 0.168875
0.395845, 0.934903, -0.589229, -0.059512
0.395868, 0.272331, 0.387954, 0.263151
0.395873, 0.056733, 0.397188, 0.055483
0.396082, 0.069442, 0.396674, 0.067806
0.396116, 0.318535, 0.384379, 0.306166
0.396247, 0.285562, 0.387172, 0.275441
0.396297, 0.630278, -0.601039, -0.367575
0.396587, 0.186547, 0.393111, 0.181164
0.396622, 0.748578, -0.576859, -0.226800
0.396706, 0.475497, 0.368909, 0.448003
0.396810, 0.957296, -0.588716, -0.039072
0.396820, 0.782038, -0.579891, -0.197401
0.397075, 0.105150, 0.396974, 0.102573
0.397507, 0.011981, 0.398987, 0.011716
0.397534, 0.703668, -0.570622, -0.265657
0.397571, 0.524692, 0.362511, 0.489938
0.397654, 0.913035, -0.587016, -0.079507
0.398150, 0.557135, 0.371099, 0.530239
0.398353, 0.682602, -0.567254, -0.283803
0.398411, 0.034663, 0.399883, 0.033878
0.398654, 0.654435, -0.564156, -0.308977
0.398790, 0.205202, 0.394688, 0.199132
0.398829, 0.571598, 0.337259, 0.510066
0.398917, 1.000000, -0.587389, 0.000000
0.399256, 0.978161, -0.586892, -0.020009
0.399893, 0.441133, 0.376123, 0.417593
0.400029, 0.115827, 0.399270, 0.112809
0.400152, 0.308528, 0.389222, 0.296760
0.400702, 0.545071, 0.350604, 0.495257
0.400738, 0.944758, -0.584958, -0.050614
0.400767, 0.761260, -0.574416, -0.216056
0.401005, 0.506610, 0.368596, 0.474544
0.401160, 0.819618, -0.579172, -0.164280
0.401555, 0.465247, 0.374814, 0.438850
0.401572, 0.795125, -0.576648, -0.186139
0.401573, 0.595425, 0.641922, 0.834098
0.401598, 0.295939, 0.391469, 0.284843
0.401684, 0.427737, 0.379393, 0.405618
0.401725, 0.715598, -0.568661, -0.255966
0.401944, 0.534941, 0.364466, 0.497738
0.401984, 0.834552, -0.579338, -0.150877
0.402229, 0.240065, 0.395766, 0.232079
0.402481, 0.495666, 0.371290, 0.464819
0.402704, 0.849060, -0.579540, -0.137815
0.402770, 0.128104, 0.401701, 0.124676
0.402796, 0.890151, -0.581615, -0.100541
0.402921, 0.094662, 0.402866, 0.092261
0.402943, 0.876861, -0.580819, -0.112629
0.402948, 0.618178, -0.515196, -0.299972
0.402992, 0.863223, -0.580049, -0.125006
0.403117, 0.227597, 0.397382, 0.220201
0.403233, 0.000000, 0.404372, 0.000000
0.403442, 0.414357, 0.382402, 0.393385
0.403603, 0.253703, 0.396343, 0.245005
0.403633, 0.047612, 0.404441, 0.046452
0.403747, 0.926194, -0.581925, -0.067678
0.404050, 0.902752, -0.580871, -0.089092
0.404095, 0.140825, 0.402491, 0.136931
0.404399, 0.483560, 0.374559, 0.454006
0.404825, 0.694221, -0.563181, -0.274654
0.404826, 0.401132, 0.385091, 0.381374
0.404835, 0.337983, 0.390932, 0.323555
0.404852, 0.641284, -0.555745, -0.319606
0.404958, 0.325800, 0.392013, 0.312244
0.405000, 0.074489, 0.405036, 0.072560
0.405031, 0.193918, 0.400916, 0.187922
0.405096, 0.153655, 0.402968, 0.149301
0.405331, 0.024227, 0.406022, 0.023615
0.405522, 0.388110, 0.387019, 0.369474
0.405527, 0.674125, -0.559567, -0.291616
0.405611, 0.350402, 0.390740, 0.335077
0.405640, 0.583833, 0.394194, 0.571130
0.405756, 0.166422, 0.402872, 0.161503
0.405758, 0.453253, 0.379785, 0.427511
0.405798, 0.362727, 0.389794, 0.346374
0.405808, 0.375273, 0.388624, 0.357847
0.405902, 0.265959, 0.397630, 0.256386
0.405954, 0.989118, -0.580982, -0.010000
0.406067, 0.966722, -0.580830, -0.030571
0.406185, 0.727905, -0.566130, -0.245774
0.406450, 0.179749, 0.403108, 0.174342
0.406731, 0.516076, 0.372540, 0.482247
0.406998, 0.606892, -0.836073, -0.636872
0.407207, 0.563020, 0.402779, 0.558670
0.407239, 0.806447, -0.572660, -0.176486
0.407257, 0.662969, -0.557173, -0.301857
0.407266, 0.216015, 0.401973, 0.208962
0.407288, 0.278363, 0.398116, 0.267998
0.407321, 0.783682, -0.570633, -0.196778
0.407397, 0.739336, -0.566413, -0.235964
0.407593, 0.771918, -0.569528, -0.207281
0.407705, 0.751312, -0.567446, -0.225502
0.408103, 0.061307, 0.408650, 0.059742
0.408558, 0.952327, -0.577985, -0.043813
0.408970, 0.629451, -0.544477, -0.324123
0.409188, 0.085222, 0.408846, 0.082914
0.409355, 0.010724, 0.409986, 0.010442
0.409522, 0.915918, -0.576307, -0.077224
0.409550, 0.106806, 0.408810, 0.103863
0.409926, 0.706243, -0.560428, -0.265004
0.410464, 0.289414, 0.400139, 0.278047
0.410605, 0.551039, 0.329800, 0.470472
0.410725, 0.037342, 0.411510, 0.036378
0.410786, 0.937746, -0.575689, -0.057244
0.410924, 0.316434, 0.398538, 0.303254
0.411109, 0.527280, 0.376587, 0.493095
0.411118, 0.474936, 0.381816, 0.445938
0.411131, 0.205655, 0.406119, 0.198860
0.411167, 0.303538, 0.399851, 0.291280
0.411587, 0.651532, -0.551521, -0.311787
0.411743, 0.433472, 0.387651, 0.409513
0.411763, 0.684951, -0.556099, -0.283513
0.411959, 0.828191, -0.570163, -0.157267
0.411996, 0.573879, 0.496619, 0.658269
0.412291, 0.119362, 0.410785, 0.115869
0.412307, 0.445147, 0.386633, 0.419645
0.412643, 0.841658, -0.570292, -0.145092
0.412720, 1.000000, -0.574968, 0.000000
0.412770, 0.978104, -0.574763, -0.020169
0.412866, 0.247089, 0.405180, 0.238028
0.412898, 0.855799, -0.570827, -0.132259
0.413038, 0.503669, 0.378957, 0.469890
0.413067, 0.462374, 0.385053, 0.434590
0.413206, 0.420900, 0.390385, 0.398123
0.413292, 0.233852, 0.406437, 0.225494
0.413294, 0.595490, -0.398935, -0.219015
0.413375, 0.816056, -0.567921, -0.168282
0.413505, 0.490081, 0.381688, 0.458569
0.413542, 0.869468, -0.570946, -0.119844
0.413820, 0.793694, -0.565731, -0.188366
0.413900, 0.718921, -0.558589, -0.254504
0.414040, 0.760652, -0.562737, -0.217828
0.414050, 0.882373, -0.571137, -0.108094
0.414081, 0.132740, 0.412202, 0.128771
0.414436, 0.539163, 0.393530, 0.518605
0.414724, 0.894250, -0.570953, -0.097247
0.414764, 0.407908, 0.393276, 0.386378
0.414992, 0.617908, -0.567407, -0.364534
0.415355, 0.330532, 0.401362, 0.315886
0.415387, 0.146009, 0.412952, 0.141519
0.415523, 0.905908, -0.570540, -0.086582
0.415537, 0.050452, 0.415573, 0.049052
0.415812, 0.259406, 0.407351, 0.249590
0.415987, 0.394890, 0.395780, 0.374531
0.416021, 0.097062, 0.415353, 0.094296
0.416031, 0.072722, 0.415713, 0.070665
0.416132, 0.343454, 0.400804, 0.327603
0.416293, 0.185270, 0.412059, 0.179151
0.416296, 0.159060, 0.413273, 0.154044
0.416381, 0.381832, 0.397557, 0.362753
0.416384, 0.019500, 0.416549, 0.018955
0.416491, 0.000000, 0.416689, 0.000000
0.416625, 0.959511, -0.570703, -0.037321
0.416705, 0.172042, 0.412952, 0.166433
0.416772, 0.368750, 0.399182, 0.350803
0.416865, 0.356190, 0.400462, 0.339332
0.416972, 0.926577, -0.570066, -0.067670
0.417026, 0.222742, 0.410695, 0.214795
0.417125, 0.673553, -0.549951, -0.293940
0.417129, 0.639910, -0.544191, -0.321534
0.417710, 0.197035, 0.412504, 0.190200
0.417901, 0.696257, -0.552403, -0.274615
0.418016, 0.746295, -0.557927, -0.230932
0.418274, 0.271462, 0.408759, 0.260712
0.418448, 0.781201, -0.560676, -0.199916
0.418550, 0.562070, 0.181095, 0.324723
0.418588, 0.584730, -0.366971, -0.202708
0.418669, 0.732691, -0.555980, -0.242982
0.418777, 0.516482, 0.380814, 0.478808
0.419399, 0.802835, -0.561441, -0.180566
0.419565, 0.029712, 0.419469, 0.028849
0.419648, 0.989066, -0.568605, -0.010100
0.419793, 0.606592, -0.519014, -0.332373
0.419836, 0.661964, -0.546130, -0.304203
0.420193, 0.946829, -0.567611, -0.049093
0.420493, 0.296460, 0.408887, 0.283868
0.420683, 0.282696, 0.410255, 0.271105
0.420933, 0.454109, 0.393146, 0.426492
0.420991, 0.084925, 0.419814, 0.082333
0.421086, 0.969170, -0.567140, -0.028481
0.421283, 0.769922, -0.557310, -0.210254
0.421641, 0.211724, 0.415804, 0.204152
0.421679, 0.309858, 0.409072, 0.296337
0.421696, 0.110401, 0.420027, 0.106964
0.421798, 0.481547, 0.390030, 0.450031
0.421853, 0.708082, -0.550449, -0.264840
0.421887, 0.628591, -0.541357, -0.334647
0.421932, 0.062051, 0.421607, 0.060230
0.422446, 0.468669, 0.392443, 0.438881
0.422452, 0.550270, 0.490984, 0.619257
0.422689, 0.241032, 0.414737, 0.231699
0.422744, 0.848996, -0.561694, -0.138986
0.422857, 0.440431, 0.396570, 0.414245
0.422875, 0.915247, -0.564207, -0.078229
0.422939, 0.322381, 0.409051, 0.307729
0.423106, 0.527439, 0.379256, 0.483823
0.423335, 0.009512, 0.423144, 0.009230
0.423389, 0.124421, 0.421062, 0.120396
0.423390, 0.834899, -0.560301, -0.151864
0.423495, 0.427493, 0.398736, 0.402754
0.423544, 0.495030, 0.389535, 0.461287
0.423653, 0.862716, -0.561504, -0.126486
0.424057, 0.685230, -0.545749, -0.284910
0.424070, 0.040847, 0.423924, 0.039630
0.424316, 0.823273, -0.558634, -0.162465
0.424349, 0.573480, -0.277072, -0.130150
0.424401, 0.650519, -0.540519, -0.314457
0.424509, 0.507009, 0.388306, 0.471069
0.424661, 0.414775, 0.401315, 0.391370
0.424788, 0.876066, -0.561185, -0.114325
0.424791, 0.721090, -0.549361, -0.253796
0.425039, 0.811803, -0.556993, -0.172852
0.425094, 0.138154, 0.422352, 0.133590
0.425136, 0.935778, -0.562868, -0.059386
0.425276, 0.756634, -0.552614, -0.222464
0.425406, 0.252747, 0.416535, 0.242577
0.425852, 0.595564, -0.534505, -0.364693
0.426041, 0.889024, -0.560592, -0.102479
0.426145, 0.401757, 0.404146, 0.379593
0.426191, 0.336188, 0.410877, 0.320209
0.426466, 1.000000, -0.562528, 0.000000
0.426467, 0.901612, -0.560537, -0.090900
0.426585, 0.151636, 0.423279, 0.146499
0.426676, 0.791136, -0.554245, -0.191666
0.426842, 0.388321, 0.406288, 0.367502
0.426886, 0.230546, 0.419347, 0.221564
0.427008, 0.375107, 0.407755, 0.355504
0.427079, 0.539033, 0.377115, 0.489138
0.427338, 0.978981, -0.561488, -0.019464
0.427361, 0.349216, 0.410549, 0.331878
0.427408, 0.164643, 0.423446, 0.158921
0.427503, 0.177416, 0.422809, 0.171071
0.427537, 0.617254, -0.530439, -0.340665
0.427663, 0.097319, 0.426118, 0.094202
0.427993, 0.362073, 0.410000, 0.343622
0.427999, 0.202364, 0.421884, 0.194751
0.428160, 0.073850, 0.427191, 0.071531
0.428172, 0.189477, 0.422962, 0.182581
0.428508, 0.264350, 0.418802, 0.253367
0.428543, 0.743275, -0.548442, -0.234634
0.428611, 0.672910, -0.540206, -0.296086
0.428714, 0.052083, 0.427853, 0.050440
0.428737, 0.957129, -0.559705, -0.039696
0.429312, 0.019938, 0.428841, 0.019318
0.429725, 0.639154, -0.534481, -0.325031
0.430079, 0.561984, 0.896848, 1.028987
0.430230, 0.289816, 0.418450, 0.276976
0.430493, 0.000000, 0.429988, 0.000000
0.430565, 0.696924, -0.541721, -0.275627
0.430601, 0.924294, -0.557602, -0.070116
0.430761, 0.779642, -0.549760, -0.202334
0.430950, 0.219997, 0.423875, 0.211403
0.431228, 0.584340, -0.468469, -0.314913
0.431462, 0.461497, 0.401249, 0.431426
0.431496, 0.732120, -0.544709, -0.244792
0.431584, 0.302671, 0.418595, 0.288750
0.431785, 0.275788, 0.420811, 0.263706
0.431961, 0.448351, 0.403504, 0.419982
0.432328, 0.841842, -0.552678, -0.146037
0.432335, 0.661074, -0.535461, -0.306734
0.432576, 0.515931, 0.393029, 0.476659
0.432601, 0.475322, 0.400256, 0.443170
0.432670, 0.801015, -0.549597, -0.183175
0.432727, 0.086786, 0.430655, 0.083835
0.432756, 0.606200, -0.528457, -0.354851
0.432894, 0.709846, -0.541103, -0.264560
0.432978, 0.030496, 0.432040, 0.029497
0.433076, 0.488257, 0.398633, 0.454031
0.433080, 0.766514, -0.546676, -0.214341
0.433130, 0.315398, 0.419100, 0.300493
0.433161, 0.107257, 0.431007, 0.103629
0.433311, 0.434694, 0.406447, 0.407836
0.433445, 0.118840, 0.430691, 0.114702
0.433478, 0.855820, -0.552318, -0.133281
0.433600, 0.945686, -0.555463, -0.050395
0.433689, 0.989356, -0.555827, -0.009882
0.433993, 0.243061, 0.425228, 0.232950
0.434403, 0.550756, 0.321466, 0.436842
0.434448, 0.910866, -0.553650, -0.082619
0.434505, 0.328207, 0.419096, 0.312064
0.434591, 0.501750, 0.397898, 0.465303
0.434605, 0.527911, 0.378679, 0.472265
0.434659, 0.967626, -0.554869, -0.030061
0.434710, 0.627799, -0.528078, -0.334865
0.434913, 0.869246, -0.551691, -0.121024
0.434919, 0.131394, 0.431699, 0.126718
0.435161, 0.421297, 0.409821, 0.395875
0.435599, 0.826922, -0.548826, -0.159855
0.435731, 0.683849, -0.535581, -0.287584
0.435760, 0.814057, -0.547523, -0.171504
0.435966, 0.063291, 0.434513, 0.061158
0.436099, 0.408970, 0.412145, 0.384847
0.436229, 0.882694, -0.551162, -0.108711
0.436289, 0.144491, 0.432584, 0.139239
0.436655, 0.720913, -0.538937, -0.255191
0.436693, 0.395059, 0.414302, 0.372408
0.436769, 0.573068, -0.777975, -0.642753
0.436809, 0.209780, 0.429777, 0.201344
0.436823, 0.753064, -0.542153, -0.226709
0.437132, 0.010166, 0.436178, 0.009827
0.437200, 0.649744, -0.529681, -0.317064
0.437321, 0.040710, 0.436236, 0.039336
0.437400, 0.341870, 0.420589, 0.324398
0.437431, 0.896662, -0.550628, -0.095866
0.437439, 0.381210, 0.416403, 0.359835
0.437795, 0.254653, 0.427906, 0.243540
0.437976, 0.157855, 0.433752, 0.152003
0.438169, 0.368776, 0.418513, 0.348671
0.438482, 0.595027, -0.509573, -0.352742
0.438586, 0.196106, 0.432311, 0.188336
0.438612, 0.354874, 0.420224, 0.335960
0.438640, 0.170631, 0.433646, 0.164124
0.438800, 0.934153, -0.550433, -0.061192
0.438881, 0.232705, 0.430475, 0.222914
0.439167, 0.183044, 0.433490, 0.175894
0.439368, 0.539975, 0.250394, 0.351246
0.439929, 0.075575, 0.438064, 0.072936
0.439997, 0.284398, 0.427808, 0.271151
0.440298, 1.000000, -0.549893, 0.000000
0.440342, 0.789590, -0.542111, -0.194121
0.440403, 0.616623, -0.522256, -0.345853
0.440552, 0.671492, -0.529873, -0.298899
0.440621, 0.051009, 0.439034, 0.049230
0.440937, 0.978176, -0.549141, -0.020309
0.441115, 0.741358, -0.537141, -0.237512
0.441159, 0.265920, 0.430340, 0.253912
0.441607, 0.776259, -0.539865, -0.206252
0.441731, 0.098803, 0.439192, 0.095249
0.441914, 0.836534, -0.543366, -0.151348
0.441973, 0.955980, -0.547800, -0.040961
0.442019, 0.296328, 0.428783, 0.282090
0.442095, 0.455497, 0.411269, 0.424739
0.442165, 0.561683, -0.325378, -0.207187
0.442328, 0.468426, 0.409544, 0.435755
0.442379, 0.638218, -0.523533, -0.327534
0.442572, 0.020893, 0.441341, 0.020169
0.442574, 0.704444, -0.532006, -0.270363
0.442707, 0.921731, -0.546636, -0.072812
0.442791, 0.442216, 0.413704, 0.413124
0.442835, 0.693361, -0.530627, -0.280160
0.443054, 0.222973, 0.434892, 0.213473
0.443130, 0.849151, -0.543330, -0.139906
0.443347, 0.308275, 0.428898, 0.292942
0.443492, 0.481548, 0.408522, 0.446738
0.443813, 0.087406, 0.441131, 0.084187
0.443846, 0.428921, 0.416422, 0.401421
0.443872, 0.583831, -0.549924, -0.409842
0.444001, 0.802816, -0.539702, -0.182351
0.444163, 0.000000, 0.442872, 0.000000
0.444169, 0.507820, 0.404953, 0.468812
0.444212, 0.494410, 0.407112, 0.457497
0.444391, 0.762255, -0.536249, -0.219116
0.444524, 0.320716, 0.429000, 0.304363
0.444568, 0.111892, 0.441630, 0.107760
0.444583, 0.729775, -0.532917, -0.248146
0.445022, 0.519171, 0.410540, 0.484890
0.445142, 0.862006, -0.542062, -0.128145
0.445166, 0.660218, -0.524382, -0.309205
0.445366, 0.124468, 0.441637, 0.119702
0.445623, 0.909269, -0.543515, -0.084446
0.445628, 0.605524, -0.513865, -0.353694
0.445777, 0.333556, 0.428864, 0.315932
0.445853, 0.402355, 0.421587, 0.377838
0.446013, 0.244099, 0.436377, 0.233175
0.446231, 0.816453, -0.538369, -0.170004
0.446399, 0.137292, 0.442249, 0.131953
0.446472, 0.530185, 0.528060, 0.612046
0.446572, 0.715637, -0.529673, -0.260883
0.446585, 0.275849, 0.434469, 0.262682
0.446607, 0.387685, 0.423803, 0.364561
0.446608, 0.874410, -0.541384, -0.116775
0.446732, 0.944224, -0.543498, -0.051995
0.446812, 0.031593, 0.445084, 0.030444
0.446950, 0.550386, -0.192554, -0.090397
0.447254, 0.989297, -0.543468, -0.009986
0.447409, 0.415481, 0.421186, 0.389088
0.447413, 0.150424, 0.442678, 0.144446
0.447587, 0.886629, -0.541042, -0.105512
0.447600, 0.626950, -0.517545, -0.337970
0.447896, 0.362187, 0.427799, 0.341605
0.448072, 0.966532, -0.542631, -0.031224
0.448265, 0.681073, -0.524428, -0.291541
0.448283, 0.213683, 0.440266, 0.204396
0.448400, 0.202062, 0.441050, 0.193417
0.448632, 0.057362, 0.446419, 0.055233
0.448890, 0.347261, 0.430321, 0.328086
0.448903, 0.898262, -0.540056, -0.094745
0.449246, 0.572619, -0.478049, -0.354575
0.449340, 0.068645, 0.446844, 0.066060
0.449407, 0.827759, -0.536484, -0.159912
0.449592, 0.164071, 0.444361, 0.157435
0.449640, 0.375078, 0.428166, 0.353149
0.449719, 0.189280, 0.443012, 0.181283
0.449844, 0.648528, -0.518778, -0.319877
0.449990, 0.750689, -0.530180, -0.229973
0.450235, 0.255428, 0.439417, 0.243440
0.450365, 0.176352, 0.444325, 0.169018
0.450600, 0.010486, 0.448863, 0.010099
0.451056, 0.042659, 0.449017, 0.041052
0.451214, 0.594318, -0.514025, -0.370631
0.451709, 0.931233, -0.538669, -0.064196
0.451900, 0.288201, 0.438517, 0.273788
0.452086, 0.770483, -0.529952, -0.212272
0.452094, 0.233587, 0.442757, 0.222952
0.452543, 0.782517, -0.530632, -0.201431
0.452687, 0.449519, 0.421188, 0.418002
0.452755, 0.539491, 0.837507, 0.924644
0.452900, 0.462272, 0.419517, 0.428934
0.452940, 0.080333, 0.450092, 0.077224
0.452965, 0.840933, -0.533656, -0.147907
0.453095, 0.793726, -0.530998, -0.191279
0.453437, 0.615769, -0.510533, -0.347911
0.453593, 0.474924, 0.418099, 0.439516
0.453634, 0.670541, -0.518481, -0.301377
0.453846, 0.739285, -0.525721, -0.240555
0.454019, 0.978460, -0.537236, -0.020140
0.454039, 1.000000, -0.537331, 0.000000
0.454046, 0.436629, 0.424231, 0.406729
0.454068, 0.300243, 0.439481, 0.284705
0.454276, 0.093476, 0.450962, 0.089788
0.454310, 0.702928, -0.521632, -0.272999
0.454353, 0.691008, -0.520192, -0.283493
0.454370, 0.105107, 0.450812, 0.100936
0.454405, 0.561327, -0.451402, -0.344004
0.454427, 0.853941, -0.533396, -0.136059
0.454553, 0.487879, 0.416581, 0.450039
0.454570, 0.266676, 0.442602, 0.253618
0.454782, 0.424964, 0.426404, 0.396439
0.454869, 0.500989, 0.415680, 0.461966
0.454889, 0.394717, 0.430350, 0.369868
0.454900, 0.312111, 0.439055, 0.295438
0.455069, 0.918585, -0.535256, -0.076054
0.455156, 0.807286, -0.529946, -0.179000
0.455261, 0.637154, -0.512512, -0.330361
0.455338, 0.725892, -0.523157, -0.252701
0.455562, 0.954492, -0.535527, -0.042554
0.455749, 0.324326, 0.438781, 0.306583
0.455851, 0.021165, 0.453808, 0.020357
0.456128, 0.117707, 0.452201, 0.112949
0.456175, 0.513599, 0.411354, 0.468971
0.456605, 0.583100, -0.498674, -0.371929
0.456620, 0.223381, 0.447551, 0.213080
0.456724, 0.336818, 0.438393, 0.317811
0.456957, 0.356375, 0.436667, 0.335518
0.456990, 0.130395, 0.452291, 0.124961
0.457242, 0.406974, 0.431044, 0.380505
0.457306, 0.867257, -0.531258, -0.123833
0.457506, 0.526153, 0.297008, 0.365729
0.457689, 0.658633, -0.513440, -0.312228
0.457707, 0.143136, 0.452576, 0.137093
0.457714, 0.000000, 0.455584, 0.000000
0.457806, 0.714049, -0.519590, -0.263433
0.457897, 0.759588, -0.523893, -0.222612
0.458177, 0.156268, 0.452376, 0.149532
0.458323, 0.906061, -0.531742, -0.087793
0.458446, 0.604726, -0.505655, -0.359029
0.458562, 0.244493, 0.447989, 0.232723
0.458626, 0.941298, -0.532521, -0.054941
0.458711, 0.050961, 0.456070, 0.048939
0.458725, 0.879593, -0.530562, -0.112459
0.458839, 0.819603, -0.527278, -0.167904
0.459069, 0.278831, 0.445647, 0.264461
0.459167, 0.209976, 0.450538, 0.200253
0.459227, 0.383120, 0.435581, 0.359088
0.459454, 0.550300, -0.763601, -0.673550
0.459499, 0.892393, -0.530342, -0.100583
0.459735, 0.196961, 0.451871, 0.187995
0.459942, 0.032109, 0.457343, 0.030822
0.460203, 0.368085, 0.438091, 0.345521
0.460483, 0.967869, -0.531305, -0.030109
0.460489, 0.625876, -0.506411, -0.340695
0.460711, 0.062526, 0.457605, 0.059987
0.460721, 0.183503, 0.453538, 0.175259
0.460929, 0.989106, -0.530925, -0.010210
0.461496, 0.832141, -0.525768, -0.156547
0.461856, 0.170302, 0.455407, 0.162762
0.461858, 0.571732, -0.484614, -0.374408
0.462008, 0.681354, -0.512591, -0.292952
0.462224, 0.417058, 0.434068, 0.388668
0.462628, 0.256892, 0.450713, 0.243918
0.462638, 0.073833, 0.459276, 0.070786
0.462694, 0.647268, -0.507582, -0.322698
0.462943, 0.346550, 0.443017, 0.326002
0.463022, 0.772220, -0.520241, -0.211527
0.463431, 0.442782, 0.431410, 0.410673
0.463459, 0.455514, 0.429376, 0.421397
0.463679, 0.748118, -0.517867, -0.233510
0.463806, 0.798376, -0.521700, -0.187770
0.463911, 0.291532, 0.449233, 0.275884
0.463996, 0.593485, -0.497927, -0.368123
0.464056, 0.845265, -0.523901, -0.144489
0.464096, 0.468088, 0.428046, 0.432057
0.464122, 0.538283, -0.145424, -0.072001
0.464138, 0.010614, 0.461592, 0.010184
0.464386, 0.733949, -0.515933, -0.246338
0.464494, 0.086298, 0.460709, 0.082663
0.464534, 0.927151, -0.526940, -0.068304
0.464826, 0.784212, -0.519664, -0.200763
0.464826, 0.480751, 0.426611, 0.442596
0.465118, 0.695114, -0.511226, -0.281057
0.465378, 0.858443, -0.523609, -0.132389
0.465529, 0.493479, 0.423706, 0.451755
0.465594, 0.396103, 0.439640, 0.369814
0.465638, 0.668775, -0.507862, -0.304395
0.465794, 0.041948, 0.462803, 0.040201
0.465852, 0.233460, 0.455519, 0.221962
0.465957, 0.098853, 0.461803, 0.094634
0.466087, 0.303496, 0.450113, 0.286636
0.466239, 0.315068, 0.449099, 0.297128
0.466278, 0.429523, 0.435719, 0.398791
0.466658, 0.505535, 0.434442, 0.473458
0.466696, 0.110691, 0.462155, 0.105900
0.466749, 0.614728, -0.499644, -0.351292
0.466800, 0.327614, 0.448329, 0.308443
0.466850, 0.269462, 0.453639, 0.255265
0.467049, 0.560590, -0.547041, -0.453431
0.467329, 0.959280, -0.524591, -0.038218
0.467330, 0.219494, 0.457536, 0.208710
0.467389, 0.913997, -0.523731, -0.080650
0.467429, 0.707685, -0.510785, -0.270232
0.467482, 0.811042, -0.518973, -0.176304
0.467590, 0.123231, 0.462606, 0.117809
0.467648, 1.000000, -0.524891, 0.000000
0.467687, 0.721217, -0.511562, -0.257995
0.467805, 0.978112, -0.524533, -0.020556
0.468030, 0.376128, 0.444174, 0.351838
0.468099, 0.517350, 0.429242, 0.478648
0.468274, 0.635872, -0.501239, -0.333279
0.468636, 0.160326, 0.461935, 0.152922
0.468645, 0.135862, 0.462974, 0.129739
0.468947, 0.148142, 0.462771, 0.141375
0.469052, 0.021506, 0.466170, 0.020605
0.469147, 0.900050, -0.521795, -0.093757
0.469204, 0.356839, 0.447536, 0.334605
0.469278, 0.581970, -0.489616, -0.376617
0.469559, 0.948807, -0.522510, -0.048086
0.469603, 0.528187, 0.093056, 0.150632
0.469644, 0.205543, 0.460552, 0.195506
0.469713, 0.760314, -0.513473, -0.222942
0.469742, 0.872408, -0.520215, -0.119579
0.469840, 0.937838, -0.522027, -0.058384
0.469859, 0.885962, -0.520675, -0.106951
0.470051, 0.337298, 0.450276, 0.316880
0.470232, 0.407489, 0.442232, 0.379201
0.470299, 0.246994, 0.458588, 0.234230
0.470519, 0.191878, 0.462089, 0.182609
0.470532, 0.657490, -0.502120, -0.314815
0.470985, 0.823680, -0.516576, -0.164863
0.471013, 0.053978, 0.467645, 0.051661
0.471013, 0.282285, 0.456211, 0.266657
0.471153, 0.603893, -0.494126, -0.361004
0.471272, 0.000000, 0.468321, 0.000000
0.471480, 0.548537, -0.387033, -0.309810
0.472094, 0.179106, 0.464320, 0.170535
0.472537, 0.387127, 0.446851, 0.361045
0.472856, 0.065878, 0.468857, 0.062973
0.473308, 0.624593, -0.495422, -0.343734
0.473330, 0.792197, -0.512306, -0.193956
0.473391, 0.836076, -0.515143, -0.153532
0.473686, 0.032343, 0.470173, 0.030925
0.473703, 0.740594, -0.508128, -0.241127
0.474254, 0.438029, 0.441266, 0.404882
0.474256, 0.677102, -0.501286, -0.298058
0.474261, 0.366224, 0.450867, 0.342340
0.474299, 0.687705, -0.502513, -0.288701
0.474303, 0.772452, -0.510188, -0.212186
0.474327, 0.449700, 0.439859, 0.415131
0.474425, 0.988920, -0.518528, -0.010431
0.474488, 0.419372, 0.444295, 0.388937
0.474531, 0.078430, 0.470274, 0.074923
0.474622, 0.259909, 0.461460, 0.245820
0.474708, 0.571209, -0.495915, -0.399179
0.474793, 0.461609, 0.437681, 0.424443
0.475212, 0.848590, -0.513962, -0.141957
0.475305, 0.474047, 0.436342, 0.435082
0.475396, 0.646062, -0.496523, -0.325433
0.475405, 0.967909, -0.517437, -0.030209
0.475676, 0.861255, -0.514173, -0.130193
0.476076, 0.486744, 0.435306, 0.446011
0.476098, 0.091309, 0.471364, 0.087152
0.476202, 0.295600, 0.460125, 0.278603
0.476308, 0.321300, 0.457508, 0.301795
0.476375, 0.167961, 0.468948, 0.159839
0.476568, 0.591761, -0.487038, -0.371525
0.476595, 0.803802, -0.510336, -0.183563
0.476706, 0.728882, -0.504318, -0.251957
0.476707, 0.700654, -0.501612, -0.277349
0.476924, 0.346084, 0.455614, 0.324140
0.477119, 0.226172, 0.465967, 0.214265
0.477340, 0.920430, -0.514770, -0.074876
0.477341, 0.537123, -0.623717, -0.563530
0.477445, 0.498942, 0.418736, 0.440281
0.477715, 0.750892, -0.505506, -0.232156
0.477761, 0.010924, 0.474357, 0.010440
0.478028, 0.308211, 0.460371, 0.289789
0.478082, 0.103716, 0.473047, 0.098936
0.478168, 0.238702, 0.466317, 0.225940
0.478202, 0.931373, -0.514187, -0.064621
0.478317, 0.714754, -0.501881, -0.264992
0.478379, 0.116204, 0.472842, 0.110768
0.478393, 0.398355, 0.450560, 0.370165
0.478522, 0.214006, 0.468257, 0.202911
0.478578, 0.044521, 0.474680, 0.042505
0.478641, 0.511424, 0.551434, 0.584447
0.478808, 0.272513, 0.464304, 0.257133
0.478880, 0.907477, -0.513172, -0.087101
0.478979, 0.128829, 0.472871, 0.122691
0.479011, 0.559365, -0.460270, -0.379658
0.479150, 0.666752, -0.495731, -0.307724
0.479271, 0.782616, -0.506592, -0.203274
0.479848, 0.893905, -0.511784, -0.099857
0.479953, 0.200047, 0.470263, 0.189720
0.480029, 0.154788, 0.472822, 0.147200
0.480075, 0.815922, -0.507791, -0.172534
0.480203, 0.142236, 0.473462, 0.135326
0.480416, 0.955948, -0.512523, -0.041524
0.480491, 0.377399, 0.455031, 0.351500
0.480583, 0.880462, -0.510672, -0.112487
0.480606, 0.613644, -0.487729, -0.354236
0.480662, 0.429119, 0.448128, 0.396377
0.480796, 0.523995, 0.016938, 0.059505
0.481031, 0.333051, 0.460786, 0.312072
0.481133, 1.000000, -0.512513, 0.000000
0.481396, 0.634929, -0.489817, -0.335866
0.481678, 0.978121, -0.511765, -0.020641
0.482375, 0.285277, 0.466211, 0.268415
0.482378, 0.022242, 0.478657, 0.021230
0.482393, 0.187684, 0.473305, 0.178035
0.482531, 0.355554, 0.459594, 0.332020
0.482585, 0.762092, -0.502003, -0.222312
0.482668, 0.581550, -0.482974, -0.383801
0.482700, 0.251274, 0.469632, 0.237297
0.482766, 0.601585, -0.483628, -0.364484
0.482780, 0.943062, -0.510228, -0.053704
0.482934, 0.409935, 0.452904, 0.379597
0.483274, 0.057424, 0.479063, 0.054763
0.483470, 0.828398, -0.505521, -0.161189
0.483498, 0.868525, -0.507277, -0.123720
0.483536, 0.655452, -0.490627, -0.318232
0.483592, 0.547996, -0.504733, -0.440097
0.484186, 0.069708, 0.479264, 0.066397
0.484741, 0.000000, 0.481028, 0.000000
0.485126, 0.176015, 0.476602, 0.166982
0.485341, 0.690952, -0.493118, -0.286987
0.485394, 0.794612, -0.501543, -0.192528
0.485407, 0.840776, -0.504344, -0.149751
0.485509, 0.441954, 0.449889, 0.406156
0.485642, 0.624566, -0.484857, -0.345473
0.485644, 0.388641, 0.458096, 0.360702
0.485653, 0.453713, 0.450031, 0.417964
0.485790, 0.466435, 0.445604, 0.426176
0.485809, 0.083289, 0.480572, 0.079278
0.485892, 0.854268, -0.504501, -0.137165
0.485925, 0.739463, -0.496964, -0.243152
0.486056, 0.034656, 0.481586, 0.033009
0.486341, 0.479318, 0.444817, 0.437775
0.486516, 0.678463, -0.490535, -0.298152
0.486525, 0.319941, 0.466812, 0.299559
0.486657, 0.366694, 0.461828, 0.341357
0.486794, 0.725312, -0.495170, -0.256184
0.486937, 0.569391, -0.470280, -0.387532
0.487010, 0.704830, -0.492910, -0.274642
0.487105, 0.263338, 0.472575, 0.248017
0.487656, 0.773048, -0.498223, -0.212633
0.487794, 0.989774, -0.506173, -0.009672
0.487800, 0.230691, 0.475432, 0.217744
0.488186, 0.491118, 0.453017, 0.455963
0.488195, 0.095534, 0.482513, 0.090846
0.488336, 0.643805, -0.484961, -0.329024
0.488447, 0.420379, 0.456130, 0.387790
0.488558, 0.163054, 0.480388, 0.154615
0.488659, 0.297980, 0.470859, 0.279491
0.488741, 0.208221, 0.477797, 0.196814
0.488861, 0.807059, -0.499427, -0.181315
0.488862, 0.535655, -0.433978, -0.387089
0.488886, 0.966407, -0.505193, -0.031772
0.488960, 0.915425, -0.504158, -0.079904
0.489074, 0.929075, -0.504104, -0.067005
0.489118, 0.503163, 0.301491, 0.315337
0.489417, 0.343293, 0.467002, 0.320263
0.489450, 0.109316, 0.483386, 0.103894
0.489479, 0.134833, 0.482232, 0.127938
0.489824, 0.308946, 0.470952, 0.289369
0.489997, 0.901713, -0.502721, -0.092840
0.489999, 0.121710, 0.483444, 0.115586
0.490323, 0.592317, -0.476645, -0.374306
0.490477, 0.219656, 0.478865, 0.207409
0.490495, 0.048096, 0.485740, 0.045756
0.490533, 0.751316, -0.494063, -0.232828
0.490566, 0.514683, -0.351020, -0.327221
0.490767, 0.243211, 0.477390, 0.229170
0.490918, 0.275460, 0.475009, 0.258817
0.490937, 0.888357, -0.501428, -0.105440
0.490954, 0.400078, 0.461171, 0.369942
0.491286, 0.666364, -0.485163, -0.309528
0.491369, 0.012179, 0.486752, 0.011588
0.491456, 0.149346, 0.483426, 0.141522
0.491517, 0.714743, -0.489820, -0.266116
0.491553, 0.558017, -0.477955, -0.411277
0.492149, 0.196554, 0.481753, 0.185777
0.492275, 0.819855, -0.496895, -0.169573
0.492313, 0.784566, -0.494890, -0.202364
0.492328, 0.953511, -0.501567, -0.043994
0.492471, 0.606744, -0.476131, -0.361525
0.492586, 0.329795, 0.471188, 0.307793
0.492689, 0.378423, 0.465629, 0.350914
0.492753, 0.432778, 0.457923, 0.397721
0.492931, 0.875581, -0.498976, -0.117489
0.493025, 0.525755, -0.484905, -0.452031
0.493680, 0.287755, 0.476213, 0.269691
0.494200, 0.979645, -0.500231, -0.019284
0.494325, 0.074626, 0.488564, 0.070857
0.494392, 0.861802, -0.497078, -0.130486
0.494395, 0.355427, 0.470040, 0.330508
0.494592, 0.618416, -0.476340, -0.352046
0.494641, 0.579175, -0.469233, -0.384381
0.494808, 0.024825, 0.490091, 0.023603
0.495068, 0.184645, 0.485296, 0.174544
0.495079, 1.000000, -0.499483, 0.000000
0.495135, 0.545358, -0.452628, -0.402240
0.495223, 0.941603, -0.499022, -0.055331
0.495487, 0.061859, 0.490201, 0.058758
0.495529, 0.698023, -0.484632, -0.281594
0.495552, 0.762951, -0.490344, -0.222503
0.495676, 0.632011, -0.477174, -0.340327
0.495743, 0.847133, -0.495129, -0.144290
0.495796, 0.654576, -0.479689, -0.320409
0.495827, 0.833053, -0.494558, -0.157519
0.495842, 0.732487, -0.487545, -0.250387
0.495846, 0.255196, 0.481285, 0.239905
0.495950, 0.458558, 0.461633, 0.424102
0.496280, 0.472253, 0.453522, 0.429416
0.496345, 0.410604, 0.464282, 0.378226
0.496764, 0.172509, 0.487436, 0.163073
0.497121, 0.686018, -0.482040, -0.292571
0.497128, 0.445662, 0.455844, 0.404199
0.497239, 0.796818, -0.490992, -0.191262
0.497473, 0.037840, 0.492077, 0.035912
0.497623, 0.000000, 0.492294, 0.000000
0.498249, 0.101210, 0.491601, 0.095928
0.498278, 0.367460, 0.471837, 0.340561
0.498318, 0.086514, 0.491964, 0.082006
0.498371, 0.390247, 0.468964, 0.360440
0.498519, 0.233688, 0.485192, 0.219844
0.498776, 0.317800, 0.478122, 0.296484
0.498852, 0.483702, 0.469094, 0.453956
0.499183, 0.140325, 0.490984, 0.132722
0.499805, 0.496440, -0.252791, -0.256084
0.499839, 0.568415, -0.466340, -0.397526
0.499842, 0.742799, -0.484763, -0.241273
0.499871, 0.267235, 0.483847, 0.250561
0.499923, 0.207920, 0.488098, 0.195858
0.499933, 0.674645, -0.478466, -0.303115
0.499939, 0.642728, -0.474689, -0.331389
0.499996, 0.158717, 0.490819, 0.149919
0.500128, 0.920132, -0.493890, -0.075722
0.500417, 0.774807, -0.486774, -0.211914
0.500497, 0.907930, -0.493238, -0.087276
0.500557, 0.422595, 0.466069, 0.387837
0.500630, 0.809057, -0.488815, -0.180151
0.500663, 0.127568, 0.492985, 0.120701
0.500673, 0.970961, -0.494022, -0.027553
0.500688, 0.721965, -0.482243, -0.260388
0.500773, 0.931601, -0.493271, -0.064852
0.500946, 0.336747, 0.477827, 0.313086
0.501140, 0.304859, 0.481448, 0.284560
0.501502, 0.508256, -0.508558, -0.501717
0.501575, 0.114715, 0.494248, 0.108565
0.501597, 0.895228, -0.491808, -0.099306
0.501646, 0.222268, 0.488657, 0.209007
0.501687, 0.599484, -0.467665, -0.369479
0.501696, 0.587491, -0.465263, -0.379149
0.501822, 0.708206, -0.479939, -0.272968
0.501858, 0.051186, 0.496217, 0.048523
0.501870, 0.989802, -0.493070, -0.009683
0.502555, 0.960297, -0.492225, -0.037695
0.502707, 0.533283, -0.466677, -0.435984
0.502815, 0.346894, 0.478321, 0.321880
0.502816, 0.882756, -0.490157, -0.111097
0.502887, 0.280439, 0.485362, 0.262314
0.503081, 0.555985, -0.456938, -0.403832
0.503107, 0.294203, 0.484242, 0.274757
0.503205, 0.519997, -0.441171, -0.424354
0.503354, 0.246069, 0.488672, 0.230887
0.503794, 0.194381, 0.492675, 0.183105
0.503842, 0.869453, -0.488744, -0.123683
0.503854, 0.821036, -0.486353, -0.169095
0.503898, 0.008336, 0.498197, 0.007903
0.504049, 0.753928, -0.481921, -0.231428
0.504239, 0.400703, 0.472503, 0.368608
0.504378, 0.662995, -0.473112, -0.313921
0.504471, 0.380067, 0.475642, 0.350815
0.504488, 0.434046, 0.468977, 0.398314
0.504721, 0.073235, 0.498478, 0.069345
0.504722, 0.611890, -0.466488, -0.358926
0.504892, 0.786867, -0.483563, -0.201056
0.504926, 0.855750, -0.487139, -0.136623
0.505263, 0.018424, 0.499749, 0.017458
0.505482, 0.466319, 0.482024, 0.442701
0.505763, 0.949140, -0.489080, -0.048328
0.505947, 0.624911, -0.467348, -0.347874
0.506171, 0.544165, -0.456039, -0.417920
0.506209, 0.326190, 0.483808, 0.303196
0.506361, 0.149441, 0.497244, 0.140973
0.506446, 0.842462, -0.485112, -0.149180
0.506880, 0.695703, -0.474252, -0.284789
0.506924, 0.167865, 0.496840, 0.158168
0.507194, 0.181392, 0.496456, 0.170792
0.507308, 0.358206, 0.480986, 0.331371
0.507456, 0.454318, 0.447584, 0.394322
0.507474, 0.029869, 0.501619, 0.028273
0.507576, 0.093199, 0.500410, 0.088085
0.508096, 0.831577, -0.482982, -0.159449
0.508517, 0.413499, 0.474170, 0.378836
0.508519, 0.650799, -0.468087, -0.325247
0.508633, 0.765499, -0.478586, -0.221078
0.508706, 0.732029, -0.475883, -0.251880
0.508766, 0.061865, 0.502377, 0.058507
0.508769, 0.258644, 0.492559, 0.241968
0.508902, 0.980252, -0.486444, -0.018787
0.508908, 0.577489, -0.458733, -0.389877
0.509101, 1.000000, -0.486515, 0.000000
0.509194, 0.041257, 0.502816, 0.039006
0.509316, 0.799185, -0.480123, -0.189806
0.509529, 0.683708, -0.470827, -0.295951
0.509567, 0.233953, 0.495171, 0.219275
0.509664, 0.489475, 0.187634, 0.167747
0.509722, 0.214390, 0.496601, 0.201209
0.509727, 0.443765, 0.476217, 0.410039
0.509754, 0.369567, 0.481541, 0.340921
0.509911, 0.637130, -0.465506, -0.337682
0.509919, 0.476495, 0.573773, 0.540029
0.509940, 0.104385, 0.502108, 0.098527
0.510009, 0.938672, -0.484894, -0.058325
0.510311, 0.312856, 0.488757, 0.290797
0.510590, 0.136886, 0.501745, 0.129052
0.510735, 0.717260, -0.472903, -0.265612
0.511097, 0.272679, 0.493438, 0.254544
0.511561, 0.564286, -0.452912, -0.399966
0.511844, 0.390125, 0.480453, 0.358411
0.511880, 0.914340, -0.482797, -0.081490
0.511987, 0.082775, 0.504641, 0.078136
0.512252, 0.124768, 0.503798, 0.117642
0.512274, 0.926347, -0.482617, -0.070087
0.512275, 0.501710, -0.460215, -0.470849
0.512282, 0.901976, -0.482131, -0.093240
0.512386, 0.591066, -0.456907, -0.377913
0.512424, 0.202993, 0.499870, 0.190520
0.512644, 0.744061, -0.473346, -0.241163
0.512706, 0.000000, 0.506750, 0.000000
0.512816, 0.811407, -0.477752, -0.178641
0.512970, 0.672209, -0.466464, -0.306587
0.513157, 0.777369, -0.475303, -0.210393
0.513172, 0.287303, 0.494075, 0.267651
0.513329, 0.968898, -0.482274, -0.029626
0.513413, 0.425085, 0.475989, 0.387378
0.513502, 0.526242, -0.441117, -0.428339
0.513518, 0.337123, 0.489061, 0.312109
0.513696, 0.889325, -0.480320, -0.105250
0.513872, 0.513529, -0.448771, -0.449110
0.513930, 0.876776, -0.479717, -0.117147
0.513963, 0.603080, -0.457523, -0.368001
0.514525, 0.300703, 0.493755, 0.279491
0.514543, 0.863374, -0.478600, -0.129834
0.514613, 0.705318, -0.468248, -0.276802
0.514741, 0.245323, 0.498871, 0.229260
0.514756, 0.114587, 0.506371, 0.107983
0.514976, 0.349376, 0.488517, 0.322529
0.515031, 0.157954, 0.504702, 0.148499
0.515071, 0.050601, 0.508379, 0.047763
0.515355, 0.551588, -0.449027, -0.412661
0.515491, 0.404053, 0.481468, 0.369728
0.515637, 0.224231, 0.501319, 0.209877
0.516015, 0.849476, -0.476625, -0.143013
0.516022, 0.538480, -0.446106, -0.423563
0.516098, 0.957308, -0.479555, -0.040695
0.516108, 0.615560, -0.457147, -0.357266
0.516246, 0.191849, 0.504115, 0.179988
0.516327, 0.463011, 0.404493, 0.351223
0.516349, 0.989773, -0.479639, -0.009753
0.516918, 0.660439, -0.461764, -0.317604
0.516950, 0.756019, -0.470354, -0.230462
0.516955, 0.010660, 0.510554, 0.010064
0.516999, 0.171244, 0.505862, 0.160787
0.517022, 0.823343, -0.474337, -0.167617
0.517147, 0.377973, 0.486876, 0.347264
0.517255, 0.323741, 0.493663, 0.299720
0.517438, 0.789336, -0.472228, -0.199549
0.517596, 0.072030, 0.510440, 0.067935
0.517851, 0.023512, 0.511307, 0.022189
0.518191, 0.436104, 0.475436, 0.393126
0.518469, 0.627039, -0.456547, -0.347488
0.518814, 0.692827, -0.463399, -0.288604
0.518869, 0.725302, -0.466184, -0.258916
0.518941, 0.145713, 0.509014, 0.136940
0.519416, 0.836533, -0.472790, -0.155339
0.519567, 0.363585, 0.490946, 0.334524
0.519768, 0.093936, 0.511790, 0.088458
0.519837, 0.946040, -0.475963, -0.051486
0.519915, 0.648124, -0.457954, -0.329075
0.519942, 0.181801, 0.508022, 0.170444
0.520063, 0.254996, 0.503002, 0.237704
0.520097, 0.036372, 0.513101, 0.034279
0.520180, 0.483631, -0.396022, -0.432139
0.520222, 0.450054, 0.504538, 0.434081
0.520413, 0.571443, -0.447064, -0.395805
0.520502, 0.266774, 0.502438, 0.248373
0.520971, 0.583354, -0.448747, -0.386081
0.521409, 0.415381, 0.484644, 0.378330
0.521442, 0.768009, -0.467055, -0.219639
0.521600, 0.801311, -0.468993, -0.188546
0.521632, 0.211970, 0.507653, 0.198206
0.521910, 0.060875, 0.514530, 0.057328
0.521990, 0.494621, -0.449780, -0.477161
0.522080, 0.735874, -0.464165, -0.249472
0.522125, 0.279489, 0.502628, 0.259681
0.522269, 0.395549, 0.488637, 0.361599
0.522288, 0.132354, 0.512663, 0.124336
0.522293, 0.235263, 0.506620, 0.219541
0.522297, 0.681104, -0.459019, -0.299500
0.522386, 0.312599, 0.499462, 0.289297
0.522387, 0.637871, -0.454294, -0.338291
0.522480, 0.105120, 0.513549, 0.098810
0.522597, 0.978505, -0.473869, -0.020540
0.522690, 0.472987, 0.285289, 0.236172
0.522698, 0.934255, -0.473176, -0.062779
0.523087, 1.000000, -0.473515, 0.000000
0.523438, 0.909159, -0.471918, -0.086708
0.523587, 0.714287, -0.460896, -0.269377
0.523593, 0.921563, -0.472072, -0.074894
0.523650, 0.558870, -0.442875, -0.407513
0.523934, 0.896540, -0.471124, -0.098734
0.524492, 0.595470, -0.447195, -0.375897
0.524747, 0.871615, -0.469489, -0.122426
0.524904, 0.531215, -0.436408, -0.430073
0.524937, 0.507074, -0.432657, -0.450578
0.525021, 0.519136, -0.436515, -0.442420
0.525065, 0.858216, -0.468548, -0.135114
0.525077, 0.083132, 0.516757, 0.078152
0.525107, 0.813105, -0.466548, -0.177725
0.525144, 0.291894, 0.504223, 0.270585
0.525352, 0.353899, 0.497004, 0.325197
0.525399, 0.331623, 0.499892, 0.305753
0.525518, 0.384868, 0.492926, 0.351881
0.525550, 0.200324, 0.511975, 0.187222
0.525572, 0.883481, -0.469118, -0.111181
0.525659, 0.119483, 0.516368, 0.112209
0.525719, 0.966648, -0.470792, -0.031891
0.525767, 0.669257, -0.454774, -0.310586
0.525788, 0.747375, -0.461531, -0.239053
0.525897, 0.780005, -0.463770, -0.208757
0.525948, 0.342045, 0.499298, 0.314933
0.526030, 0.607438, -0.447562, -0.365749
0.526218, 0.048265, 0.518595, 0.045395
0.526448, 0.164517, 0.514764, 0.154021
0.526586, 0.426138, 0.487416, 0.386695
0.526688, 0.545516, -0.438050, -0.419141
0.526850, 0.000000, 0.519437, 0.000000
0.527080, 0.701929, -0.456790, -0.281073
0.527334, 0.302411, 0.504962, 0.279720
0.527538, 0.014356, 0.520165, 0.013509
0.527606, 0.222894, 0.512179, 0.207774
0.527683, 0.460789, 0.590581, 0.523227
0.528193, 0.846470, -0.465128, -0.146358
0.528321, 0.372218, 0.497265, 0.340806
0.528413, 0.245993, 0.511049, 0.228758
0.528527, 0.154071, 0.517300, 0.144253
0.528615, 0.619543, -0.446702, -0.355330
0.528716, 0.825309, -0.463726, -0.166378
0.528790, 0.406157, 0.492856, 0.369933
0.528845, 0.439205, 0.478801, 0.388995
0.529101, 0.656591, -0.450751, -0.322521
0.529486, 0.953865, -0.467123, -0.044156
0.529957, 0.759126, -0.458637, -0.228483
0.529995, 0.988450, -0.466995, -0.011060
0.530088, 0.071465, 0.521997, 0.067131
0.530135, 0.188756, 0.516884, 0.176278
0.530139, 0.026343, 0.522478, 0.024753
0.530160, 0.791923, -0.460679, -0.197902
0.530209, 0.175617, 0.517744, 0.164140
0.530839, 0.141916, 0.520013, 0.132864
0.530952, 0.259816, 0.512384, 0.241168
0.531031, 0.321973, 0.505984, 0.296629
0.531386, 0.725169, -0.454725, -0.260021
0.531514, 0.690541, -0.451629, -0.291807
0.531893, 0.577312, -0.438247, -0.392618
0.531902, 0.631341, -0.445187, -0.345247
0.531953, 0.484147, -0.384098, -0.432245
0.532010, 0.835423, -0.461080, -0.156968
0.532268, 0.107877, 0.522469, 0.101071
0.532275, 0.272704, 0.512427, 0.252673
0.532503, 0.037251, 0.524434, 0.034964
0.532530, 0.566741, -0.436322, -0.401958
0.532594, 0.094646, 0.523528, 0.088748
0.532602, 0.449311, 0.471545, 0.388349
0.532744, 0.497693, -0.427913, -0.463077
0.533202, 0.942413, -0.463538, -0.055170
0.533467, 0.644457, -0.445167, -0.333631
0.533580, 0.361055, 0.503229, 0.330350
0.533622, 0.211675, 0.518570, 0.197131
0.533908, 0.059187, 0.525524, 0.055515
0.534045, 0.232850, 0.517269, 0.216396
0.534095, 0.587743, -0.437846, -0.383938
0.534130, 0.129272, 0.523637, 0.120985
0.534215, 0.804150, -0.457499, -0.186588
0.534271, 0.737495, -0.453297, -0.248980
0.534313, 0.471240, -0.600209, -0.662373
0.534318, 0.394418, 0.498244, 0.357997
0.534330, 0.929520, -0.462324, -0.067533
0.534369, 0.770936, -0.455369, -0.217764
0.534486, 0.284876, 0.512921, 0.263262
0.534556, 0.865884, -0.459952, -0.128186
0.534600, 0.536381, -0.429556, -0.427770
0.534778, 0.903852, -0.461203, -0.092065
0.534807, 0.916570, -0.461516, -0.079918
0.534851, 0.679010, -0.447521, -0.302609
0.534946, 0.711347, -0.450409, -0.273084
0.535090, 0.416835, 0.498668, 0.380202
0.535108, 0.890874, -0.460524, -0.104457
0.535294, 0.554609, -0.432133, -0.412729
0.535969, 0.310849, 0.511699, 0.286309
0.536082, 0.975995, -0.461454, -0.023035
0.536321, 1.000000, -0.461366, 0.000000
0.536325, 0.524191, -0.426787, -0.438970
0.536445, 0.347574, 0.507630, 0.318404
0.536717, 0.009056, 0.528619, 0.008500
0.536779, 0.512182, -0.423425, -0.448115
0.536866, 0.599471, -0.436952, -0.374032
0.536956, 0.962832, -0.460102, -0.035647
0.537174, 0.382005, 0.503724, 0.348259
0.537229, 0.816615, -0.455478, -0.175043
0.537478, 0.431397, 0.496349, 0.390032
0.537498, 0.082399, 0.528218, 0.077149
0.537683, 0.666632, -0.444039, -0.314300
0.537776, 0.877311, -0.457606, -0.117473
0.537814, 0.334319, 0.510474, 0.306678
0.537832, 0.200724, 0.523038, 0.186782
0.537846, 0.854655, -0.456435, -0.138982
0.538226, 0.610869, -0.437261, -0.364224
0.538430, 0.749930, -0.450181, -0.237620
0.538544, 0.047067, 0.529803, 0.044079
0.538706, 0.117251, 0.528249, 0.109618
0.538848, 0.782510, -0.451973, -0.207208
0.538892, 0.297952, 0.515843, 0.274627
0.538918, 0.164900, 0.526272, 0.153763
0.539510, 0.457980, 0.472967, 0.392395
0.539860, 0.252654, 0.520686, 0.233814
0.540213, 0.242015, 0.521961, 0.224194
0.540304, 0.152097, 0.528121, 0.141848
0.540324, 0.700105, -0.444528, -0.283858
0.540578, 0.178323, 0.527013, 0.166048
0.540606, 0.221930, 0.524019, 0.205963
0.540816, 0.020521, 0.532362, 0.019218
0.540933, 0.404761, 0.498524, 0.362038
0.541082, 0.370349, 0.508180, 0.337132
0.541183, 0.622708, -0.436015, -0.354033
0.541230, 0.842577, -0.452890, -0.150620
0.541309, 0.545053, -0.425330, -0.421570
0.541440, 0.655048, -0.439272, -0.325017
0.541752, 0.190232, 0.527320, 0.176924
0.541937, 0.000000, 0.533514, 0.000000
0.542152, 0.069989, 0.533071, 0.065478
0.542248, 0.265527, 0.521909, 0.245290
0.542359, 0.719438, -0.444180, -0.266154
0.542429, 0.139326, 0.530656, 0.129935
0.542606, 0.828843, -0.450948, -0.163693
0.542609, 0.443068, 0.481203, 0.381219
0.542647, 0.794644, -0.449328, -0.196083
0.542652, 0.988443, -0.455219, -0.011113
0.542765, 0.502675, -0.418180, -0.458398
0.542826, 0.103600, 0.532454, 0.096756
0.542829, 0.762002, -0.446997, -0.226675
0.542859, 0.490326, -0.407637, -0.460374
0.542931, 0.321705, 0.516468, 0.295041
0.543444, 0.565216, -0.426626, -0.404755
0.543557, 0.032694, 0.534808, 0.030580
0.543585, 0.951090, -0.454043, -0.047012
0.543615, 0.634952, -0.435277, -0.343398
0.543759, 0.576938, -0.427852, -0.394519
0.544125, 0.478580, -0.446987, -0.512471
0.544198, 0.688879, -0.439958, -0.294452
0.544524, 0.730137, -0.443062, -0.256425
0.544807, 0.422975, 0.507028, 0.384976
0.544821, 0.937479, -0.452719, -0.060106
0.544840, 0.357297, 0.513519, 0.325677
0.545268, 0.276492, 0.523692, 0.254864
0.545619, 0.924150, -0.451647, -0.072905
0.545717, 0.392096, 0.511510, 0.357625
0.545770, 0.288517, 0.522494, 0.265356
0.545774, 0.589824, -0.428001, -0.383711
0.545780, 0.092029, 0.535526, 0.085900
0.545824, 0.898290, -0.450712, -0.097679
0.545868, 0.885474, -0.450189, -0.109918
0.545937, 0.911096, -0.450986, -0.085424
0.545968, 0.866145, -0.449254, -0.128342
0.545974, 0.057742, 0.536571, 0.053937
0.546004, 0.466752, -0.412661, -0.492498
0.546309, 0.126530, 0.534804, 0.117932
0.546392, 0.210387, 0.530139, 0.195048
0.546431, 0.532804, -0.419389, -0.433073
0.546547, 0.675768, -0.436892, -0.306826
0.546590, 0.806799, -0.446235, -0.184779
0.546677, 0.644800, -0.433410, -0.334736
0.546746, 0.741286, -0.442080, -0.246351
0.546986, 0.965224, -0.450653, -0.033443
0.547380, 0.344465, 0.517362, 0.314231
0.547425, 0.308248, 0.522018, 0.282723
0.547526, 0.232528, 0.529430, 0.215067
0.547631, 0.773275, -0.443298, -0.216425
0.548013, 0.520917, -0.415924, -0.443132
0.548585, 0.709194, -0.437746, -0.276173
0.548670, 0.554838, -0.420568, -0.414372
0.548740, 0.977741, -0.449682, -0.021441
0.549060, 0.044618, 0.539371, 0.041634
0.549070, 0.412693, 0.494506, 0.357889
0.549083, 0.818010, -0.444480, -0.174295
0.549240, 0.602372, -0.426463, -0.373035
0.549299, 0.852390, -0.445806, -0.141631
0.549391, 0.380035, 0.513034, 0.343413
0.549537, 1.000000, -0.449021, 0.000000
0.549549, 0.452661, -0.096317, -0.191609
0.549958, 0.010384, 0.540901, 0.009701
0.550145, 0.614070, -0.427059, -0.362767
0.550172, 0.080187, 0.539933, 0.074765
0.550200, 0.332565, 0.521349, 0.303582
0.550403, 0.256737, 0.529679, 0.236555
0.550424, 0.663765, -0.432081, -0.318029
0.550491, 0.113337, 0.539063, 0.105531
0.550646, 0.433546, 0.521534, 0.404253
0.550686, 0.172378, 0.536411, 0.159969
0.550747, 0.160166, 0.537147, 0.148748
0.551162, 0.510191, -0.411983, -0.453096
0.551176, 0.199047, 0.535033, 0.184323
0.551305, 0.753691, -0.438559, -0.234989
0.551350, 0.785860, -0.440582, -0.204797
0.551852, 0.838110, -0.442882, -0.155354
0.552006, 0.185318, 0.537021, 0.171810
0.552050, 0.244356, 0.532386, 0.225341
0.552297, 0.147918, 0.539163, 0.137394
0.552595, 0.367455, 0.518648, 0.333270
0.552927, 0.876346, -0.443441, -0.118918
0.552938, 0.627661, -0.426054, -0.350890
0.553167, 0.221832, 0.535220, 0.204906
0.553331, 0.021707, 0.543824, 0.020240
0.553490, 0.542768, -0.414825, -0.425597
0.553553, 0.296487, 0.528508, 0.271603
0.553641, 0.401360, 0.524492, 0.372006
0.553825, 0.497487, -0.405875, -0.462406
0.553992, 0.698805, -0.431957, -0.286213
0.554140, 0.135704, 0.541430, 0.126060
0.554405, 0.320523, 0.526539, 0.292613
0.554567, 0.485508, -0.410708, -0.479940
0.554576, 0.068189, 0.544401, 0.063516
0.554646, 0.720873, -0.433048, -0.265799
0.554808, 0.567356, -0.417090, -0.404477
0.554819, 0.580851, -0.418881, -0.392704
0.555012, 0.684805, -0.429949, -0.299272
0.555050, 0.798795, -0.438021, -0.192851
0.555193, 0.652398, -0.426497, -0.328709
0.555350, 0.101648, 0.543985, 0.094534
0.555433, 0.267865, 0.533182, 0.246076
0.555590, 0.943224, -0.442743, -0.054758
0.555936, 0.955485, -0.442624, -0.042948
0.555943, 0.000000, 0.546507, 0.000000
0.555965, 0.032981, 0.546067, 0.030712
0.556028, 0.990030, -0.442569, -0.009622
0.556251, 0.890637, -0.440600, -0.105284
0.556278, 0.826213, -0.438116, -0.166835
0.556363, 0.282368, 0.532830, 0.258957
0.556422, 0.930405, -0.441717, -0.067116
0.556426, 0.354878, 0.523641, 0.321922
0.556605, 0.473561, -0.393021, -0.476352
0.556681, 0.862046, -0.439177, -0.132671
0.556704, 0.763718, -0.434286, -0.225968
0.556755, 0.461972, -0.353314, -0.448009
0.556759, 0.443194, 0.369719, 0.257361
0.556783, 0.904117, -0.440691, -0.092403
0.556858, 0.917385, -0.440935, -0.079644
0.557327, 0.732290, -0.431428, -0.255364
0.557352, 0.422644, 0.444538, 0.309774
0.557526, 0.056368, 0.547079, 0.052442
0.557667, 0.593384, -0.417988, -0.382055
0.557933, 0.389587, 0.516113, 0.347526
0.557964, 0.744753, -0.431929, -0.243880
0.557966, 0.122639, 0.545452, 0.113839
0.558040, 0.639258, -0.422773, -0.341031
0.558395, 0.530100, -0.408725, -0.437148
0.558575, 0.212111, 0.540862, 0.195717
0.558583, 0.968075, -0.439901, -0.030808
0.558692, 0.089893, 0.547289, 0.083526
0.559107, 0.672872, -0.425080, -0.310540
0.559114, 0.309509, 0.531887, 0.282413
0.559117, 0.343027, 0.527530, 0.311387
0.559731, 0.811994, -0.434262, -0.180536
0.559776, 0.776312, -0.432270, -0.214330
0.559828, 0.847699, -0.435793, -0.146536
0.559895, 0.232338, 0.540343, 0.213846
0.559979, 0.555118, -0.410895, -0.415782
0.560080, 0.044645, 0.549418, 0.041498
0.560469, 0.617833, -0.418198, -0.360492
0.560831, 0.517883, -0.404863, -0.447988
0.561007, 0.254356, 0.539387, 0.233491
0.561037, 0.980246, -0.437911, -0.019086
0.561113, 0.710967, -0.426447, -0.275559
0.561208, 0.377380, 0.524347, 0.340357
0.561801, 0.411232, 0.580592, 0.429994
0.561992, 0.606040, -0.415654, -0.371326
0.562145, 0.167110, 0.547023, 0.154479
0.562413, 0.191308, 0.545819, 0.176561
0.562493, 0.179063, 0.546680, 0.165393
0.562572, 0.331299, 0.532133, 0.300880
0.562754, 0.202377, 0.545247, 0.186569
0.562802, 0.077456, 0.551591, 0.071910
0.562919, 0.155189, 0.548392, 0.143531
0.563127, 0.505227, -0.400397, -0.458512
0.563311, 0.012011, 0.552928, 0.011165
0.563374, 0.789081, -0.429601, -0.202446
0.563415, 0.453172, -0.442362, -0.553265
0.563485, 0.692686, -0.422727, -0.292636
0.563512, 0.661393, -0.419882, -0.321352
0.563658, 1.000000, -0.435542, 0.000000
0.563851, 0.111771, 0.551279, 0.103587
0.563935, 0.242135, 0.543128, 0.222319
0.563957, 0.432663, 0.206327, 0.076627
0.564028, 0.871196, -0.432667, -0.124178
0.564246, 0.365235, 0.528811, 0.329684
0.564420, 0.835652, -0.430949, -0.158216
0.564513, 0.543322, -0.405426, -0.426719
0.564598, 0.143342, 0.550564, 0.132597
0.564606, 0.299456, 0.537853, 0.272995
0.564759, 0.573890, -0.409193, -0.400013
0.564935, 0.273647, 0.540878, 0.250238
0.565190, 0.883342, -0.432189, -0.112606
0.565241, 0.492216, -0.397873, -0.471147
0.565514, 0.131655, 0.551814, 0.121806
0.565675, 0.628789, -0.414750, -0.351229
0.565966, 0.753431, -0.425036, -0.236243
0.566032, 0.024361, 0.555345, 0.022613
0.566072, 0.399644, 0.507815, 0.341094
0.566146, 0.479757, -0.390993, -0.477649
0.566379, 0.288227, 0.540697, 0.262957
0.566708, 0.222890, 0.547327, 0.204840
0.566848, 0.801192, -0.427162, -0.191210
0.566921, 0.320005, 0.537270, 0.290558
0.567029, 0.649028, -0.415718, -0.333127
0.567086, 0.896896, -0.430763, -0.099608
0.567131, 0.723805, -0.421951, -0.264112
0.567210, 0.856997, -0.429199, -0.137918
0.567362, 0.064944, 0.555739, 0.060191
0.567445, 0.584716, -0.408170, -0.390797
0.567480, 0.948031, -0.431534, -0.050283
0.567664, 0.739354, -0.422448, -0.249537
0.567684, 0.935831, -0.431257, -0.062089
0.567691, 0.910275, -0.430628, -0.086751
0.567816, 0.822881, -0.427421, -0.170633
0.567916, 0.100486, 0.555465, 0.093042
0.567918, 0.681630, -0.417819, -0.303273
0.568023, 0.923324, -0.430611, -0.074162
0.568290, 0.466103, -0.398336, -0.500829
0.568349, 0.563414, -0.404738, -0.409701
0.568378, 0.766778, -0.423691, -0.223847
0.568419, 0.037085, 0.557309, 0.034382
0.568476, 0.261620, 0.545218, 0.239235
0.568483, 0.960402, -0.430727, -0.038332
0.568645, 0.353151, 0.534111, 0.318598
0.568739, 0.702536, -0.418634, -0.283895
0.568923, 0.000000, 0.557736, 0.000000
0.569256, 0.051671, 0.557828, 0.047876
0.569548, 0.596139, -0.407673, -0.380916
0.569693, 0.533710, -0.399395, -0.435523
0.569768, 0.387462, 0.529210, 0.346869
0.569878, 0.421308, 0.849833, 0.702332
0.570026, 0.442840, -0.322192, -0.448386
0.570383, 0.973559, -0.428956, -0.025609
0.570649, 0.988251, -0.428878, -0.011378
0.570795, 0.088396, 0.558252, 0.081770
0.571003, 0.341720, 0.537707, 0.308535
0.571283, 0.522900, -0.396629, -0.445224
0.571508, 0.121850, 0.557859, 0.112577
0.571651, 0.779989, -0.421440, -0.211558
0.571664, 0.211792, 0.552619, 0.194461
0.571691, 0.616834, -0.408034, -0.362604
0.571950, 0.638121, -0.410070, -0.343439
0.572195, 0.670507, -0.412844, -0.313817
0.572337, 0.309513, 0.543350, 0.280839
0.572474, 0.845277, -0.423813, -0.149356
0.572871, 0.248165, 0.550567, 0.226933
0.572881, 0.551798, -0.399324, -0.420516
0.572992, 0.812162, -0.421929, -0.181058
0.573102, 0.375449, 0.536414, 0.338664
0.573254, 0.511415, -0.393107, -0.455190
0.573493, 0.174517, 0.556756, 0.160555
0.573678, 0.187296, 0.556186, 0.172166
0.573774, 0.161863, 0.557738, 0.149024
0.574022, 0.233903, 0.552860, 0.214101
0.574075, 0.199414, 0.555692, 0.183111
0.574143, 0.279125, 0.548349, 0.254101
0.574150, 0.713295, -0.414607, -0.274388
0.574340, 0.409859, 0.448796, 0.283826
0.574629, 0.865948, -0.422524, -0.129583
0.574832, 0.454873, -0.343062, -0.463008
0.574862, 0.077475, 0.562347, 0.071598
0.574930, 0.499122, -0.390071, -0.466165
0.574978, 0.148997, 0.559616, 0.137249
0.575317, 0.329743, 0.543138, 0.297857
0.575427, 0.732368, -0.414696, -0.256584
0.575706, 0.606767, -0.403402, -0.372130
0.575903, 0.692133, -0.411364, -0.294227
0.575910, 0.658798, -0.408511, -0.324994
0.575925, 0.363419, 0.538081, 0.325637
0.576213, 0.008589, 0.564508, 0.007949
0.576258, 0.135581, 0.561403, 0.124928
0.576266, 0.791449, -0.417689, -0.200905
0.576338, 0.877339, -0.421255, -0.118670
0.576350, 0.297379, 0.548278, 0.269818
0.576419, 0.832753, -0.419744, -0.161565
0.576682, 0.475008, -0.386810, -0.488771
0.576877, 0.431478, -0.842634, -0.988109
0.576919, 1.000000, -0.423314, 0.000000
0.576990, 0.573959, -0.398425, -0.401478
0.576998, 0.889675, -0.421311, -0.106870
0.576999, 0.018566, 0.565338, 0.017164
0.577012, 0.486815, -0.386070, -0.476545
0.577096, 0.758251, -0.415162, -0.232503
0.577201, 0.110459, 0.563248, 0.101851
0.578026, 0.397694, 0.523893, 0.343988
0.578028, 0.267766, 0.552946, 0.243710
0.578144, 0.902998, -0.420621, -0.094035
0.578232, 0.030621, 0.566348, 0.028293
0.578272, 0.745721, -0.413161, -0.244334
0.578584, 0.626289, -0.402904, -0.354862
0.578700, 0.541623, -0.392675, -0.429914
0.578996, 0.916089, -0.420123, -0.081395
0.579022, 0.067469, 0.566330, 0.062266
0.579030, 0.043418, 0.566822, 0.040090
0.579282, 0.056287, 0.566810, 0.051956
0.579298, 0.585598, -0.397756, -0.391420
0.579395, 0.221686, 0.558683, 0.202732
0.579425, 0.952774, -0.420305, -0.045843
0.579489, 0.801841, -0.415224, -0.191188
0.579516, 0.940673, -0.420154, -0.057593
0.579723, 0.772234, -0.413335, -0.219317
0.579771, 0.928755, -0.419693, -0.069143
0.579812, 0.097112, 0.566124, 0.089504
0.580131, 0.647597, -0.403566, -0.335597
0.580184, 0.319633, 0.548660, 0.288495
0.580205, 0.855368, -0.416965, -0.139985
0.580302, 0.965546, -0.419605, -0.033462
0.580411, 0.680882, -0.406253, -0.304987
0.580478, 0.561222, -0.393861, -0.413226
0.580598, 0.978638, -0.419488, -0.020750
0.580962, 0.255677, 0.556916, 0.232813
0.581246, 0.287124, 0.553671, 0.260323
0.581259, 0.821466, -0.414643, -0.172571
0.581342, 0.351374, 0.544281, 0.314531
0.581533, 0.722340, -0.408376, -0.266436
0.581614, 0.596787, -0.396910, -0.381644
0.581732, 0.385971, 0.559944, 0.363942
0.581781, 0.442565, -0.504473, -0.644050
0.581987, 0.465529, -0.365873, -0.482544
0.582169, 0.529950, -0.388317, -0.440795
0.582314, 0.702996, -0.406342, -0.284655
0.582423, 0.339162, 0.548202, 0.305269
0.582508, 0.420062, 0.218070, 0.057913
0.582806, 0.122728, 0.567847, 0.112873
0.583561, 0.208832, 0.563459, 0.190895
0.583673, 0.000000, 0.571581, 0.000000
0.583768, 0.242332, 0.560625, 0.220718
0.583788, 0.518328, -0.385179, -0.450916
0.584199, 0.990222, -0.416168, -0.009509
0.584235, 0.182671, 0.565777, 0.167242
0.584390, 0.307204, 0.553928, 0.277327
0.584412, 0.086265, 0.570592, 0.079398
0.584501, 0.169813, 0.566853, 0.155604
0.584523, 0.842846, -0.412502, -0.152209
0.584525, 0.669105, -0.401467, -0.316218
0.584775, 0.636039, -0.398246, -0.346601
0.584906, 0.505612, -0.382452, -0.462071
0.584922, 0.374248, 0.535957, 0.325410
0.585026, 0.196060, 0.565751, 0.179310
0.585139, 0.784331, -0.409002, -0.208164
0.585159, 0.157166, 0.568231, 0.144115
0.585179, 0.614819, -0.395704, -0.365851
0.586280, 0.407224, 0.480113, 0.303704
0.586316, 0.454122, -0.405265, -0.537763
0.586376, 0.144670, 0.570009, 0.132705
0.586432, 0.867668, -0.411524, -0.128348
0.586597, 0.550624, -0.386981, -0.423131
0.586753, 0.492690, -0.378977, -0.473361
0.586800, 0.734045, -0.404373, -0.255865
0.586906, 0.810351, -0.408717, -0.183440
0.587038, 0.275848, 0.559918, 0.249841
0.587185, 0.362796, 0.550372, 0.326211
0.587351, 0.230475, 0.564880, 0.209877
0.587530, 0.881413, -0.410973, -0.115128
0.587708, 0.132965, 0.571807, 0.122000
0.587806, 0.764400, -0.405424, -0.227278
0.587961, 0.478691, -0.373826, -0.483405
0.588045, 0.692010, -0.400203, -0.295339
0.588086, 0.104444, 0.573295, 0.095933
0.588094, 0.895165, -0.411036, -0.101882
0.588131, 0.712842, -0.401667, -0.275876
0.588478, 0.569523, -0.387710, -0.406773
0.588567, 0.023878, 0.575625, 0.021976
0.588567, 0.075412, 0.574868, 0.069343
0.588639, 0.657724, -0.396760, -0.327114
0.589269, 0.753438, -0.403342, -0.237724
0.589354, 0.831539, -0.407490, -0.163275
0.589456, 0.908600, -0.410136, -0.088899
0.589459, 0.295706, 0.559687, 0.266774
0.589503, 0.430888, -0.184830, -0.343444
0.589590, 0.329757, 0.554627, 0.295280
0.589717, 0.036620, 0.576660, 0.033685
0.589763, 0.011073, 0.576946, 0.010194
0.589952, 0.049724, 0.576539, 0.045716
0.590102, 0.580145, -0.387497, -0.397516
0.590261, 0.604788, -0.389987, -0.375366
0.590302, 0.263553, 0.564190, 0.238777
0.590452, 0.796899, -0.404647, -0.196451
0.590459, 0.062640, 0.576817, 0.057571
0.590489, 0.395409, 0.651508, 0.455719
0.590776, 0.921536, -0.409119, -0.076365
0.590850, 0.957833, -0.409584, -0.041062
0.591107, 1.000000, -0.409523, 0.000000
0.591264, 0.114857, 0.575630, 0.105296
0.591319, 0.853668, -0.406521, -0.142064
0.591340, 0.945391, -0.408968, -0.053178
0.591364, 0.538606, -0.381525, -0.434573
0.591522, 0.742794, -0.400400, -0.247839
0.591543, 0.317309, 0.558680, 0.285105
0.591565, 0.623754, -0.390904, -0.358464
0.591827, 0.217820, 0.570032, 0.198266
0.592052, 0.591684, -0.386996, -0.387366
0.592073, 0.970121, -0.408559, -0.029113
0.592145, 0.933986, -0.408167, -0.064297
0.592323, 0.679673, -0.395156, -0.307072
0.592520, 0.343809, 0.557160, 0.308831
0.592689, 0.646621, -0.391958, -0.337608
0.592852, 0.980928, -0.407738, -0.018581
0.592902, 0.251188, 0.567677, 0.227641
0.592947, 0.774729, -0.401144, -0.217724
0.593424, 0.443194, -0.330258, -0.480720
0.593538, 0.466229, -0.374055, -0.501660
0.593864, 0.383004, 0.520935, 0.310482
0.593866, 0.416731, -0.494859, -0.671619
0.594196, 0.093924, 0.579319, 0.086118
0.594355, 0.526723, -0.377184, -0.445123
0.594401, 0.559764, -0.381262, -0.416087
0.594416, 0.820241, -0.402231, -0.174357
0.594512, 0.190142, 0.574370, 0.173255
0.594606, 0.725277, -0.396410, -0.264588
0.594709, 0.355501, 0.550758, 0.311931
0.594769, 0.284896, 0.565551, 0.256822
0.594794, 0.513464, -0.375060, -0.456749
0.595195, 0.177011, 0.575891, 0.161411
0.595447, 0.204661, 0.574237, 0.186219
0.595653, 0.164245, 0.577120, 0.149891
0.596308, 0.500796, -0.371961, -0.467819
0.596450, 0.702230, -0.393341, -0.286542
0.596504, 0.634604, -0.387446, -0.349033
0.596643, 0.239366, 0.572168, 0.216890
0.596704, 0.151479, 0.578815, 0.138310
0.596873, 0.304743, 0.564728, 0.273535
0.597081, 0.370118, 0.562232, 0.335526
0.597086, 0.667588, -0.389875, -0.318756
0.597103, 0.125981, 0.580706, 0.115224
0.597110, 0.000000, 0.583572, 0.000000
0.597188, 0.487169, -0.368665, -0.479050
0.597226, 0.842206, -0.400468, -0.153322
0.597496, 0.455187, -0.357174, -0.499742
0.597648, 0.786853, -0.397517, -0.206488
0.597648, 0.862970, -0.400737, -0.133265
0.597798, 0.874380, -0.401120, -0.122265
0.598092, 0.888017, -0.401214, -0.109054
0.598386, 0.083331, 0.583461, 0.076311
0.598553, 0.138739, 0.581295, 0.126717
0.598795, 0.807918, -0.397570, -0.186417
0.598828, 0.989730, -0.402248, -0.010022
0.599008, 0.405475, -0.319465, -0.509993
0.599052, 0.272330, 0.570730, 0.245461
0.599214, 0.547597, -0.375765, -0.427689
0.599465, 0.901257, -0.400453, -0.096270
0.599548, 0.019332, 0.585609, 0.017718
0.599600, 0.714281, -0.391120, -0.275357
0.599641, 0.690068, -0.389207, -0.297972
0.599693, 0.762433, -0.394224, -0.229885
0.599711, 0.612263, -0.382281, -0.369641
0.600021, 0.227550, 0.576252, 0.206160
0.600108, 0.070526, 0.585368, 0.064567
0.600183, 0.474823, -0.366531, -0.492236
0.600230, 0.425037, -0.420766, -0.595947
0.600516, 0.043718, 0.586187, 0.040035
0.600586, 0.104226, 0.584688, 0.095284
0.600696, 0.030749, 0.586582, 0.028164
0.600783, 0.056941, 0.586177, 0.052125
0.600862, 0.571676, -0.376893, -0.406251
0.601229, 0.914299, -0.399165, -0.083639
0.601447, 0.336304, 0.562372, 0.297915
0.601473, 0.598697, -0.379327, -0.382121
0.601624, 0.735877, -0.390716, -0.255154
0.601676, 0.656923, -0.384601, -0.328895
0.601765, 0.749373, -0.391291, -0.242296
0.601801, 0.324906, 0.566367, 0.290230
0.602034, 0.951429, -0.398717, -0.047416
0.602055, 0.584533, -0.377397, -0.395042
0.602069, 0.830825, -0.395535, -0.164532
0.602356, 0.436707, -0.376239, -0.541964
0.602393, 0.393371, 0.419086, 0.213245
0.602428, 0.260130, 0.574987, 0.234481
0.602676, 0.963882, -0.398581, -0.035301
0.602883, 0.294454, 0.571317, 0.264050
0.602947, 0.927201, -0.397713, -0.071093
0.603089, 0.313547, 0.568750, 0.280176
0.603800, 0.623273, -0.379605, -0.359984
0.603912, 0.116592, 0.586788, 0.106333
0.604030, 0.215436, 0.580851, 0.195095
0.604182, 0.535681, -0.369767, -0.438619
0.604244, 0.676953, -0.383987, -0.310613
0.604245, 0.797322, -0.391825, -0.196804
0.604262, 0.775901, -0.390688, -0.217304
0.604416, 0.195584, 0.582628, 0.177370
0.604453, 0.852573, -0.394076, -0.143612
0.604479, 0.521093, -0.367659, -0.451434
0.604587, 0.644904, -0.381035, -0.340363
0.604594, 0.010080, 0.590289, 0.009234
0.604839, 1.000000, -0.396579, 0.000000
0.604909, 0.939999, -0.396341, -0.058669
0.604962, 0.347927, 0.572170, 0.315721
0.605017, 0.976731, -0.396209, -0.022745
0.605281, 0.381213, 0.539855, 0.315710
0.605539, 0.360201, 0.550449, 0.305651
0.605620, 0.248445, 0.578975, 0.223951
0.605711, 0.183406, 0.584718, 0.166417
0.605776, 0.558467, -0.371184, -0.418788
0.606350, 0.448365, -0.359843, -0.517986
0.606475, 0.170752, 0.586256, 0.155045
0.606501, 0.508764, -0.364239, -0.462367
0.606669, 0.818958, -0.390683, -0.176184
0.606692, 0.495297, -0.362110, -0.473899
0.606733, 0.281598, 0.576133, 0.252541
0.606972, 0.158474, 0.587449, 0.144001
0.607065, 0.462073, -0.354796, -0.500063
0.607492, 0.879663, -0.392182, -0.117470
0.607686, 0.723519, -0.384219, -0.267221
0.607742, 0.414693, -0.309921, -0.502517
0.608054, 0.145318, 0.589334, 0.132144
0.608082, 0.092415, 0.591831, 0.084269
0.608528, 0.634108, -0.376164, -0.350382
0.608852, 0.130826, 0.590946, 0.119052
0.609080, 0.205148, 0.586059, 0.185529
0.609164, 0.865023, -0.389904, -0.131671
0.609281, 0.893300, -0.390742, -0.104226
0.609313, 0.709134, -0.381678, -0.280871
0.609428, 0.483629, -0.358468, -0.484628
0.609447, 0.370397, 0.615838, 0.377799
0.609547, 0.236620, 0.583693, 0.213249
0.609737, 0.698874, -0.380524, -0.290517
0.609765, 0.078672, 0.593823, 0.071728
0.610260, 0.841405, -0.388186, -0.154637
0.610531, 0.064749, 0.594822, 0.059037
0.610645, 0.687068, -0.378719, -0.301584
0.610796, 0.786511, -0.385169, -0.207537
0.610889, 0.050722, 0.595357, 0.046249
0.610926, 0.666254, -0.376950, -0.321111
0.610959, 0.036856, 0.595597, 0.033613
0.611034, 0.304447, 0.576711, 0.271411
0.611076, 0.000000, 0.596298, 0.000000
0.611112, 0.766905, -0.383606, -0.226204
0.611151, 0.605431, -0.371281, -0.377042
0.611282, 0.906232, -0.389444, -0.091733
0.611343, 0.269373, 0.581603, 0.241499
0.611363, 0.402460, -0.412856, -0.622512
0.611384, 0.988643, -0.390545, -0.011131
0.611416, 0.428215, -0.341200, -0.524490
0.611471, 0.547108, -0.364745, -0.429483
0.611662, 0.472148, -0.353937, -0.493752
0.611723, 0.755982, -0.382434, -0.236668
0.611844, 0.105587, 0.594710, 0.096086
0.611873, 0.591844, -0.369269, -0.389443
0.611878, 0.022729, 0.596848, 0.020734
0.611939, 0.807823, -0.385057, -0.187091
0.612502, 0.567712, -0.366147, -0.411225
0.612649, 0.224965, 0.587373, 0.202703
0.612773, 0.578637, -0.366979, -0.401331
0.612889, 0.329957, 0.574931, 0.292978
0.613063, 0.527622, -0.360875, -0.446711
0.613251, 0.918998, -0.387893, -0.079319
0.613273, 0.954061, -0.388024, -0.044977
0.613314, 0.743876, -0.380352, -0.248365
0.613459, 0.652565, -0.373531, -0.334062
0.613668, 0.616617, -0.370060, -0.367085
0.613685, 0.317056, 0.577128, 0.281609
0.613842, 0.733115, -0.379004, -0.258501
0.614229, 0.290950, 0.581254, 0.259573
0.614240, 0.966076, -0.387660, -0.033259
0.614409, 0.389915, -0.087463, -0.308298
0.614429, 0.830090, -0.383871, -0.165794
0.614545, 0.341045, 0.569183, 0.296539
0.614607, 0.119009, 0.596108, 0.108032
0.615050, 0.440142, -0.344404, -0.519505
0.615084, 0.257715, 0.586108, 0.230999
0.615269, 0.931463, -0.386119, -0.067157
0.615972, 0.191697, 0.593006, 0.173012
0.616132, 0.354328, 0.599571, 0.338723
0.616233, 0.501593, -0.354780, -0.469842
0.616451, 0.852938, -0.382878, -0.143748
0.616672, 0.178506, 0.594642, 0.161258
0.616990, 0.453653, -0.347744, -0.511330
0.617044, 0.515746, -0.356000, -0.457757
0.617125, 0.677943, -0.372080, -0.310677
0.617166, 0.873180, -0.382500, -0.123985
0.617407, 0.627415, -0.367573, -0.357484
0.617567, 0.716369, -0.374425, -0.274597
0.617647, 0.010955, 0.601890, 0.009974
0.617677, 0.796825, -0.379200, -0.197990
0.617859, 0.154355, 0.597355, 0.139662
0.617938, 1.000000, -0.384323, 0.000000
0.617976, 0.776307, -0.377719, -0.217631
0.618026, 0.943794, -0.384090, -0.055171
0.618030, 0.978292, -0.384127, -0.021306
0.618031, 0.213921, 0.593266, 0.192553
0.618126, 0.641320, -0.367929, -0.344542
0.618155, 0.245989, 0.590040, 0.220516
0.618214, 0.378083, 0.759890, 0.523210
0.618253, 0.537753, -0.357500, -0.438398
0.618266, 0.140961, 0.598591, 0.127660
0.618370, 0.166328, 0.597061, 0.150315
0.618641, 0.885444, -0.381736, -0.112164
0.618911, 0.557555, -0.359296, -0.421038
0.619062, 0.420073, -0.339567, -0.538478
0.619143, 0.278840, 0.587028, 0.248667
0.619341, 0.818668, -0.378601, -0.177000
0.619360, 0.489513, -0.350495, -0.480734
0.619726, 0.364712, 0.410755, 0.156163
0.619956, 0.084568, 0.602660, 0.076755
0.620544, 0.202063, 0.596260, 0.181845
0.620662, 0.096435, 0.602777, 0.087449
0.620706, 0.071534, 0.603769, 0.064938
0.620871, 0.058295, 0.604166, 0.052931
0.620966, 0.692079, -0.369432, -0.297622
0.621095, 0.465056, -0.345747, -0.502098
0.621112, 0.409707, -0.359091, -0.570669
0.621114, 0.044870, 0.604561, 0.040744
0.621266, 0.898116, -0.379511, -0.099851
0.621313, 0.300491, 0.585811, 0.266610
0.621414, 0.659586, -0.366635, -0.328101
0.621423, 0.031778, 0.604976, 0.028857
0.621573, 0.598535, -0.361113, -0.384333
0.621740, 0.130246, 0.602134, 0.117845
0.622168, 0.477653, -0.346264, -0.491132
0.622386, 0.584236, -0.358954, -0.397379
0.622576, 0.233888, 0.595175, 0.209571
0.622645, 0.726693, -0.370310, -0.265142
0.622697, 0.704553, -0.368925, -0.286176
0.622823, 0.862785, -0.377101, -0.134382
0.623029, 0.841539, -0.376118, -0.155025
0.623092, 0.324423, 0.583982, 0.286584
0.623190, 0.763957, -0.372038, -0.229692
0.623228, 0.752048, -0.371529, -0.241200
0.623335, 0.108756, 0.604681, 0.098459
0.623422, 0.910632, -0.378076, -0.087731
0.623636, 0.397524, -0.262899, -0.488023
0.623924, 0.431367, -0.337930, -0.530534
0.624043, 0.610726, -0.359995, -0.373421
0.624207, 0.267169, 0.592811, 0.238091
0.624304, 0.569863, -0.355778, -0.410593
0.624336, 0.786264, -0.372303, -0.208447
0.624545, 0.000000, 0.608224, 0.000000
0.624565, 0.311717, 0.586991, 0.275624
0.624763, 0.989042, -0.377774, -0.010774
0.624953, 0.526459, -0.350360, -0.449356
0.624957, 0.670328, -0.364210, -0.318387
0.625008, 0.807118, -0.372724, -0.188416
0.625031, 0.347826, 0.582753, 0.306497
0.625296, 0.547469, -0.352365, -0.430621
0.625354, 0.020387, 0.608736, 0.018492
0.625436, 0.507164, -0.347394, -0.466086
0.625661, 0.222590, 0.598844, 0.199402
0.625744, 0.968221, -0.376554, -0.031240
0.625793, 0.922569, -0.376034, -0.076075
0.625998, 0.956645, -0.376125, -0.042608
0.626031, 0.444782, -0.338096, -0.519538
0.626131, 0.739072, -0.367842, -0.253632
0.626250, 0.335561, 0.582594, 0.293095
0.626443, 0.830150, -0.372441, -0.166227
0.626504, 0.288684, 0.591920, 0.256099
0.626612, 0.185462, 0.602778, 0.166682
0.626663, 0.120271, 0.606711, 0.108606
0.627087, 0.385406, -0.610759, -0.852229
0.627436, 0.648738, -0.360056, -0.338558
0.627722, 0.255661, 0.597133, 0.227814
0.627765, 0.634038, -0.358706, -0.352374
0.627805, 0.149336, 0.606454, 0.134590
0.627843, 0.934641, -0.374177, -0.064254
0.627909, 0.621943, -0.357381, -0.363395
0.628386, 0.875604, -0.371955, -0.121989
0.628831, 0.682789, -0.361574, -0.307048
0.628910, 0.495450, -0.342947, -0.476845
0.628986, 0.174057, 0.605780, 0.156445
0.629179, 0.372087, 0.002712, -0.250465
0.629689, 0.457135, -0.336963, -0.509813
0.629749, 0.715849, -0.363099, -0.276000
0.629779, 0.852102, -0.370223, -0.145061
0.629814, 0.888361, -0.371208, -0.109640
0.630089, 0.161605, 0.607513, 0.145321
0.630180, 0.243631, 0.600486, 0.217176
0.630290, 0.195796, 0.605319, 0.175520
0.630292, 0.774172, -0.366086, -0.220415
0.630532, 0.358743, 0.891004, 0.621829
0.630589, 0.946640, -0.371979, -0.052530
0.630855, 0.208893, 0.604672, 0.186967
0.631133, 0.420183, -0.332864, -0.543803
0.631146, 0.516777, -0.343552, -0.458372
0.631205, 1.000000, -0.371704, 0.000000
0.631217, 0.592034, -0.351616, -0.391088
0.631229, 0.796566, -0.366323, -0.198892
0.631384, 0.558425, -0.348133, -0.421547
0.631507, 0.077247, 0.613161, 0.069783
0.631519, 0.536763, -0.345741, -0.441032
0.631580, 0.138151, 0.610437, 0.124403
0.631624, 0.817546, -0.366911, -0.178637
0.631672, 0.052275, 0.613849, 0.047249
0.631713, 0.010308, 0.614374, 0.009331
0.631810, 0.978215, -0.370999, -0.021457
0.631845, 0.277085, 0.597942, 0.245537
0.631896, 0.089472, 0.613051, 0.080771
0.631905, 0.064585, 0.613854, 0.058356
0.632112, 0.483341, -0.338548, -0.487728
0.632122, 0.039846, 0.614215, 0.036006
0.632459, 0.577763, -0.349146, -0.404230
0.632529, 0.695478, -0.358997, -0.295361
0.632542, 0.406489, -0.310013, -0.535667
0.632573, 0.300459, 0.594944, 0.264729
0.633114, 0.470387, -0.335995, -0.499103
0.633185, 0.902050, -0.368355, -0.096327
0.633295, 0.101384, 0.613715, 0.091409
0.633397, 0.660636, -0.355583, -0.328070
0.633589, 0.322748, 0.594341, 0.284955
0.633819, 0.749529, -0.361235, -0.244137
0.633976, 0.604189, -0.350280, -0.380309
0.634191, 0.029414, 0.616373, 0.026566
0.634278, 0.434643, -0.329856, -0.529596
0.634443, 0.728288, -0.359502, -0.264509
0.634753, 0.864936, -0.365882, -0.132709
0.635150, 0.761400, -0.360647, -0.232843
0.635791, 0.393781, -0.381356, -0.623068
0.635874, 0.113612, 0.615520, 0.102258
0.635937, 0.345859, 0.469086, 0.180236
0.636046, 0.127488, 0.614621, 0.114607
0.636119, 0.219554, 0.608211, 0.195779
0.636201, 0.231795, 0.606965, 0.206343
0.636265, 0.640329, -0.351249, -0.347147
0.636313, 0.913750, -0.365882, -0.084964
0.636544, 0.840670, -0.363342, -0.156442
0.636815, 0.706496, -0.355796, -0.285300
0.636847, 0.785084, -0.360498, -0.210290
0.637105, 0.673064, -0.353187, -0.316836
0.637280, 0.265493, 0.603817, 0.235011
0.637300, 0.311507, 0.598286, 0.274416
0.637318, 0.505001, -0.336775, -0.469588
0.637396, 0.965235, -0.365419, -0.034279
0.637486, 0.828286, -0.361711, -0.168435
0.637561, 0.615889, -0.348049, -0.369911
0.637888, 0.447113, -0.328641, -0.519651
0.638107, 0.989013, -0.365084, -0.010841
0.638162, 0.926465, -0.364356, -0.072497
0.638188, 0.547326, -0.340901, -0.432315
0.638249, 0.289155, 0.601897, 0.255140
0.638268, 0.333943, 0.637533, 0.334803
0.638288, 0.380538, -0.220419, -0.477232
0.638335, 0.000000, 0.620446, 0.000000
0.638346, 0.526447, -0.338331, -0.450742
0.638389, 0.567191, -0.342706, -0.414381
0.638615, 0.806834, -0.359800, -0.189325
0.638908, 0.184843, 0.613696, 0.165217
0.638974, 0.150484, 0.616203, 0.134930
0.639534, 0.878702, -0.361582, -0.119349
0.639709, 0.739222, -0.355245, -0.254449
0.639729, 0.020387, 0.621568, 0.018381
0.639909, 0.253631, 0.607561, 0.224643
0.640059, 0.892379, -0.361468, -0.105964
0.640099, 0.171939, 0.615544, 0.153757
0.640309, 0.939425, -0.362387, -0.059754
0.640363, 0.367711, -0.611593, -0.881791
0.640475, 0.628378, -0.346455, -0.358665
0.640622, 0.585221, -0.342355, -0.398157
0.640757, 0.651367, -0.347941, -0.337223
0.640812, 0.685687, -0.350646, -0.305257
0.640869, 0.492896, -0.332159, -0.480596
0.640957, 0.198688, 0.614320, 0.177156
0.641023, 0.953578, -0.362150, -0.045836
0.641166, 0.459460, -0.327581, -0.509614
0.641740, 0.853284, -0.358950, -0.144370
0.641769, 0.413230, -0.317124, -0.545397
0.641880, 0.242320, 0.610581, 0.214768
0.642008, 0.426296, -0.321872, -0.537493
0.642161, 0.772558, -0.354764, -0.222610
0.642163, 0.718342, -0.351521, -0.274411
0.642508, 0.160609, 0.618458, 0.143614
0.642539, 0.044635, 0.623393, 0.040146
0.642787, 0.069650, 0.623346, 0.062620
0.642976, 0.355778, 0.182257, -0.099754
0.642999, 0.082354, 0.623121, 0.074001
0.643264, 0.056698, 0.624124, 0.050982
0.643597, 0.140658, 0.620880, 0.125953
0.643674, 0.278312, 0.607503, 0.244923
0.643700, 0.596506, -0.340614, -0.388177
0.643721, 0.480763, -0.328149, -0.491521
0.643842, 0.514867, -0.332188, -0.461717
0.643996, 0.210597, 0.615764, 0.187241
0.644205, 0.977051, -0.359318, -0.022690
0.644218, 0.094358, 0.623704, 0.084692
0.644235, 0.795729, -0.354020, -0.200383
0.644405, 1.000000, -0.359137, 0.000000
0.644494, 0.300355, 0.602544, 0.260599
0.644610, 0.817729, -0.354553, -0.179022
0.644834, 0.536679, -0.333694, -0.442415
0.644949, 0.401151, -0.326742, -0.570163
0.645223, 0.556731, -0.335511, -0.424577
0.645322, 0.751232, -0.350485, -0.243195
0.645362, 0.663326, -0.344565, -0.326411
0.645460, 0.470389, -0.325305, -0.500743
0.645462, 0.697110, -0.347059, -0.294793
0.645589, 0.010363, 0.626730, 0.009327
0.645605, 0.322603, 0.596385, 0.275225
0.645746, 0.106281, 0.624492, 0.095265
0.645971, 0.033608, 0.627069, 0.030211
0.645973, 0.865771, -0.355296, -0.132292
0.646470, 0.438407, -0.319956, -0.528055
0.646521, 0.903905, -0.355719, -0.094841
0.646564, 0.575255, -0.336014, -0.407823
0.646577, 0.118763, 0.624524, 0.106324
0.646945, 0.223652, 0.617090, 0.198259
0.646946, 0.607687, -0.338669, -0.378265
0.647289, 0.130311, 0.624450, 0.116533
0.647417, 0.388367, -0.291037, -0.549418
0.647548, 0.730007, -0.347170, -0.263643
0.647690, 0.640319, -0.340726, -0.348173
0.647869, 0.831358, -0.351906, -0.165858
0.647897, 0.343595, 0.979369, 0.678156
0.648073, 0.917373, -0.354839, -0.081678
0.648200, 0.762167, -0.348344, -0.232848
0.648658, 0.782591, -0.349166, -0.213311
0.648972, 0.268690, 0.613186, 0.236174
0.649006, 0.676366, -0.342235, -0.314562
0.649068, 0.502276, -0.326082, -0.473402
0.649561, 0.843531, -0.351142, -0.154204
0.649628, 0.312511, 0.614444, 0.279712
0.649717, 0.889580, -0.352111, -0.108959
0.649963, 0.965822, -0.353591, -0.033828
0.650029, 0.619280, -0.336858, -0.367894
0.650041, 0.450830, -0.318686, -0.518067
0.650050, 0.930673, -0.353097, -0.068569
0.650160, 0.708571, -0.343385, -0.284237
0.650165, 0.376029, -0.353844, -0.626989
0.650181, 0.190243, 0.622850, 0.168987
0.650378, 0.177425, 0.623972, 0.157785
0.650446, 0.877105, -0.351116, -0.121244
0.650556, 0.257962, 0.616033, 0.227064
0.650686, 0.288790, 0.614563, 0.255507
0.650762, 0.332734, 0.488638, 0.172503
0.650798, 0.234841, 0.619085, 0.207414
0.650862, 0.525175, -0.327087, -0.453383
0.650924, 0.988113, -0.352912, -0.011771
0.651397, 0.943953, -0.351977, -0.055465
0.651757, 0.419238, -0.312370, -0.544653
0.651951, 0.806952, -0.347268, -0.189906
0.651954, 0.546393, -0.328316, -0.434493
0.652006, 0.000000, 0.632616, 0.000000
0.652087, 0.022278, 0.632531, 0.019973
0.652421, 0.151232, 0.628016, 0.134752
0.652574, 0.586621, -0.331582, -0.398043
0.652656, 0.364055, -0.197874, -0.485280
0.652689, 0.489301, -0.321409, -0.485322
0.652714, 0.164914, 0.627122, 0.146703
0.652787, 0.565322, -0.329445, -0.417504
0.652789, 0.742140, -0.342999, -0.252413
0.652921, 0.652778, -0.336861, -0.337005
0.653169, 0.246786, 0.619669, 0.217287
0.653325, 0.202826, 0.624572, 0.179648
0.653451, 0.061790, 0.632887, 0.055293
0.653635, 0.075516, 0.632642, 0.067540
0.653674, 0.046865, 0.633430, 0.041949
0.653788, 0.955673, -0.349899, -0.043910
0.653915, 0.687522, -0.338443, -0.304429
0.654136, 0.629917, -0.333928, -0.358388
0.654177, 0.462969, -0.316755, -0.508254
0.654335, 0.856078, -0.346980, -0.142074
0.654622, 0.408153, -0.310706, -0.556799
0.654870, 0.719946, -0.339655, -0.273721
0.655184, 0.429714, -0.311211, -0.536560
0.655186, 0.087916, 0.633641, 0.078536
0.655444, 0.351827, -0.676447, -0.976965
0.655638, 0.793117, -0.343049, -0.203479
0.655764, 0.770943, -0.341617, -0.224806
0.655780, 0.512971, -0.321342, -0.464745
0.655804, 0.820738, -0.344087, -0.176617
0.655859, 0.301560, 0.603405, 0.251556
0.656070, 0.598217, -0.329413, -0.387749
0.656194, 0.666925, -0.334673, -0.323825
0.656233, 0.214998, 0.625723, 0.189841
0.656299, 0.138958, 0.631981, 0.123679
0.656336, 0.100519, 0.634063, 0.089685
0.656832, 0.395614, -0.300704, -0.561308
0.656877, 0.476482, -0.316120, -0.496928
0.657140, 1.000000, -0.347131, 0.000000
0.657334, 0.277941, 0.617244, 0.241267
0.657396, 0.113058, 0.634326, 0.100740
0.657410, 0.976022, -0.346716, -0.023787
0.657919, 0.535376, -0.321835, -0.445043
0.658139, 0.754707, -0.338656, -0.240679
0.658163, 0.125674, 0.634291, 0.111845
0.658196, 0.033908, 0.637687, 0.030298
0.658280, 0.909669, -0.344769, -0.089479
0.658285, 0.698997, -0.335118, -0.293885
0.658426, 0.897005, -0.344225, -0.101952
0.658529, 0.010968, 0.638137, 0.009810
0.658653, 0.868443, -0.343205, -0.130071
0.658693, 0.441381, -0.309957, -0.527303
0.659055, 0.324292, 0.611867, 0.279551
0.659288, 0.576013, -0.324513, -0.408405
0.659339, 0.833913, -0.341168, -0.163879
0.659356, 0.610051, -0.327394, -0.377145
0.659397, 0.227010, 0.627155, 0.199804
0.659490, 0.640901, -0.329730, -0.348513
0.659627, 0.555424, -0.322239, -0.427096
0.659798, 0.922855, -0.343722, -0.076499
0.659957, 0.732060, -0.335514, -0.262417
0.660006, 0.384011, -0.307258, -0.582383
0.660380, 0.500331, -0.315835, -0.476440
0.660390, 0.883030, -0.341768, -0.115715
0.660857, 0.782053, -0.337312, -0.214328
0.660903, 0.338535, 0.125411, -0.190595
0.661023, 0.183090, 0.632544, 0.161836
0.661026, 0.313283, 0.670818, 0.326051
0.661259, 0.265583, 0.624150, 0.232285
0.661686, 0.936445, -0.342058, -0.063061
0.661948, 0.291952, 0.627345, 0.260640
0.662173, 0.846616, -0.339151, -0.151646
0.662315, 0.195228, 0.632678, 0.172223
0.662331, 0.677900, -0.329746, -0.313991
0.662333, 0.453152, -0.308423, -0.517783
0.662732, 0.372635, -0.284270, -0.573210
0.662795, 0.171237, 0.635317, 0.151461
0.662967, 0.055475, 0.641295, 0.049422
0.663116, 0.523611, -0.315927, -0.456097
0.663233, 0.800412, -0.336057, -0.196711
0.663266, 0.158101, 0.636784, 0.140004
0.663350, 0.988152, -0.341063, -0.011774
0.663402, 0.253398, 0.627401, 0.221584
0.663438, 0.621421, -0.324547, -0.366972
0.663481, 0.418006, -0.302929, -0.548087
0.663666, 0.069685, 0.641540, 0.062039
0.663682, 0.710332, -0.330715, -0.283437
0.663798, 0.659518, -0.326997, -0.331321
0.663960, 0.949634, -0.340030, -0.050018
0.663985, 0.240109, 0.629484, 0.210361
0.664095, 0.487987, -0.311174, -0.487812
0.664240, 0.963832, -0.340095, -0.035942
0.664433, 0.587708, -0.320823, -0.398165
0.664537, 0.811822, -0.335457, -0.185730
0.664731, 0.361009, -0.348863, -0.650975
0.664776, 0.021787, 0.643622, 0.019413
0.665220, 0.744389, -0.331290, -0.250955
0.665266, 0.764061, -0.332308, -0.232010
0.665341, 0.000000, 0.644250, 0.000000
0.665458, 0.146065, 0.639555, 0.129355
0.665514, 0.465512, -0.307224, -0.507537
0.665545, 0.403772, -0.297866, -0.559069
0.665705, 0.545090, -0.315756, -0.437088
0.665864, 0.649433, -0.324245, -0.340845
0.666077, 0.081621, 0.643405, 0.072553
0.666163, 0.206713, 0.635109, 0.181762
0.666165, 0.565524, -0.317234, -0.418572
0.666262, 0.043314, 0.644501, 0.038543
0.666587, 0.348599, -0.167822, -0.483778
0.666706, 0.094613, 0.643368, 0.084018
0.666812, 0.430365, -0.301638, -0.538006
0.666841, 0.689247, -0.326331, -0.303640
0.667007, 0.859844, -0.335027, -0.138842
0.667102, 0.721631, -0.328158, -0.272866
0.667549, 0.511438, -0.310654, -0.467398
0.667610, 0.282328, 0.625107, 0.243388
0.667907, 0.133081, 0.642367, 0.117812
0.667983, 0.632585, -0.321190, -0.356959
0.667995, 0.599858, -0.318583, -0.387318
0.668018, 0.823738, -0.332578, -0.174226
0.668188, 0.107257, 0.644078, 0.095107
0.668239, 0.303975, 0.579758, 0.217937
0.668728, 0.874581, -0.333692, -0.124334
0.668872, 0.119907, 0.643965, 0.106195
0.669021, 0.217780, 0.636177, 0.190886
0.669580, 0.476665, -0.305002, -0.498341
0.669611, 0.902173, -0.333679, -0.097147
0.669624, 0.889269, -0.333191, -0.109857
0.669677, 0.391789, -0.294837, -0.571873
0.669765, 0.976513, -0.334935, -0.023382
0.669793, 0.774937, -0.328465, -0.221681
0.669820, 0.330030, 0.123930, -0.208579
0.669914, 1.000000, -0.334957, 0.000000
0.669999, 0.914868, -0.333645, -0.084597
0.670050, 0.789620, -0.328914, -0.207455
0.670166, 0.668713, -0.321656, -0.323126
0.670352, 0.229782, 0.635988, 0.200922
0.670557, 0.442358, -0.299956, -0.528211
0.670797, 0.533970, -0.310055, -0.447619
0.671009, 0.700717, -0.323182, -0.293071
0.671165, 0.271810, 0.630961, 0.235672
0.671199, 0.835674, -0.329965, -0.162659
0.671267, 0.928014, -0.332863, -0.071614
0.671322, 0.031574, 0.649129, 0.028036
0.671609, 0.576830, -0.313250, -0.408746
0.671720, 0.010436, 0.649668, 0.009274
0.671837, 0.317517, 0.855806, 0.505967
0.671906, 0.611647, -0.315935, -0.376767
0.671986, 0.499334, -0.305402, -0.478646
0.672078, 0.733991, -0.324086, -0.261268
0.672299, 0.754481, -0.325139, -0.241666
0.672455, 0.188766, 0.641773, 0.165738
0.672519, 0.063821, 0.649454, 0.056583
0.673079, 0.380460, -0.287380, -0.578877
0.673438, 0.555034, -0.309634, -0.428802
0.673516, 0.410877, -0.292852, -0.554921
0.673548, 0.178039, 0.643889, 0.156467
0.673734, 0.941319, -0.330581, -0.058415
0.673833, 0.165242, 0.645225, 0.145408
0.673936, 0.260368, 0.635236, 0.226088
0.673940, 0.847226, -0.327818, -0.151450
0.673997, 0.454290, -0.298436, -0.518314
0.674208, 0.643232, -0.316121, -0.347439
0.674390, 0.293075, 0.648323, 0.270869
0.674697, 0.247786, 0.637294, 0.215408
0.674812, 0.802008, -0.324999, -0.195670
0.675062, 0.341165, -0.265991, -0.597776
0.675129, 0.368674, -0.289496, -0.594506
0.675155, 0.954512, -0.329545, -0.045332
0.675283, 0.522110, -0.304793, -0.458674
0.675467, 0.052438, 0.652286, 0.046439
0.675620, 0.152945, 0.647829, 0.134653
0.675687, 0.199372, 0.643558, 0.174509
0.675800, 0.680039, -0.317147, -0.312852
0.675927, 0.988781, -0.329000, -0.011187
0.675966, 0.355758, -0.271425, -0.589787
0.675994, 0.421572, -0.292344, -0.546333
0.675999, 0.589341, -0.310260, -0.397633
0.676060, 0.487770, -0.300510, -0.489311
0.676594, 0.623176, -0.312468, -0.366430
0.676693, 0.656957, -0.314681, -0.334644
0.676965, 0.088622, 0.652496, 0.078317
0.677172, 0.813942, -0.323450, -0.184228
0.677209, 0.075331, 0.653174, 0.066597
0.677391, 0.712382, -0.317893, -0.282392
0.677396, 0.966367, -0.327646, -0.033556
0.677525, 0.140338, 0.650239, 0.123557
0.677705, 0.465541, -0.296510, -0.508944
0.678257, 0.020121, 0.655385, 0.017812
0.678328, 0.857656, -0.323776, -0.141264
0.678464, 0.236555, 0.642053, 0.205682
0.678473, 0.869021, -0.324287, -0.130167
0.678483, 0.399349, -0.287663, -0.565980
0.678565, 0.723730, -0.317295, -0.271475
0.678657, 0.101158, 0.653452, 0.089257
0.678725, 0.765774, -0.319671, -0.231156
0.678881, 0.743755, -0.318185, -0.252303
0.678887, 0.565791, -0.305612, -0.419516
0.678968, 0.544303, -0.303618, -0.439090
0.679025, 0.000000, 0.656114, 0.000000
0.679294, 0.781043, -0.319762, -0.216293
0.679307, 0.041125, 0.655926, 0.036364
0.679310, 0.432666, -0.291052, -0.537470
0.679389, 0.127156, 0.652652, 0.111952
0.679507, 0.305326, 0.557678, 0.186439
0.679513, 0.510139, -0.299784, -0.469834
0.679620, 0.881809, -0.323638, -0.117597
0.679772, 0.210642, 0.646308, 0.183732
0.679784, 0.114190, 0.653771, 0.100612
0.679797, 0.281570, 0.632091, 0.237832
0.679891, 0.690769, -0.313989, -0.302969
0.680098, 0.601525, -0.307476, -0.386763
0.680444, 0.825946, -0.320746, -0.172582
0.680817, 0.894642, -0.322711, -0.104886
0.680864, 0.222864, 0.645549, 0.193877
0.681118, 0.907123, -0.322764, -0.092525
0.681570, 0.327497, -0.482445, -0.831120
0.681585, 0.634064, -0.308604, -0.356644
0.681588, 0.919684, -0.322612, -0.080063
0.681810, 0.669767, -0.310885, -0.323083
0.682129, 0.476405, -0.293829, -0.499923
0.682682, 0.978619, -0.322462, -0.021353
0.682784, 0.444003, -0.289502, -0.528249
0.682836, 0.932557, -0.321842, -0.067310
0.683048, 0.702173, -0.311661, -0.292274
0.683073, 1.000000, -0.322304, 0.000000
0.683146, 0.578653, -0.302752, -0.408053
0.683198, 0.532497, -0.298626, -0.450112
0.683202, 0.792779, -0.316676, -0.205137
0.683346, 0.388225, -0.281252, -0.575295
0.683444, 0.315623, 0.366887, 0.007162
0.683622, 0.837876, -0.318125, -0.160988
0.683779, 0.173866, 0.652780, 0.151998
0.683932, 0.063620, 0.659502, 0.056085
0.683942, 0.269290, 0.641278, 0.231416
0.684159, 0.498408, -0.294389, -0.480725
0.684335, 0.188235, 0.652233, 0.164254
0.684442, 0.029783, 0.660467, 0.026273
0.684460, 0.613587, -0.304372, -0.375948
0.684935, 0.409896, -0.283371, -0.557725
0.685266, 0.256092, 0.644864, 0.220898
0.685267, 0.754115, -0.312680, -0.242692
0.685346, 0.646794, -0.305977, -0.344982
0.685501, 0.350767, -0.277359, -0.609826
0.685635, 0.160817, 0.655732, 0.140695
0.685641, 0.338490, -0.318056, -0.662012
0.685698, 0.732822, -0.311010, -0.263160
0.685775, 0.009717, 0.661904, 0.008574
0.685796, 0.377030, -0.278086, -0.585458
0.685855, 0.945826, -0.319067, -0.054117
0.685894, 0.294660, 0.679866, 0.293092
0.686139, 0.364186, -0.275149, -0.595310
0.686403, 0.455160, -0.287681, -0.519050
0.687066, 0.554793, -0.297182, -0.430348
0.687132, 0.804855, -0.313387, -0.193498
0.687246, 0.849296, -0.315078, -0.149894
0.687342, 0.083546, 0.661637, 0.073448
0.687465, 0.520325, -0.293602, -0.461500
0.687485, 0.148055, 0.658267, 0.129572
0.687600, 0.243746, 0.648654, 0.210518
0.687652, 0.773693, -0.311328, -0.223804
0.687665, 0.051539, 0.662913, 0.045359
0.687675, 0.421578, -0.282471, -0.548070
0.687692, 0.200529, 0.653408, 0.174287
0.687762, 0.591010, -0.299480, -0.397052
0.688106, 0.487014, -0.289638, -0.491193
0.688129, 0.957351, -0.317047, -0.042648
0.688526, 0.659131, -0.303807, -0.333566
0.689089, 0.134943, 0.660474, 0.118120
0.689372, 0.989991, -0.316055, -0.010018
0.689412, 0.682258, -0.304487, -0.311734
0.689422, 0.095058, 0.663042, 0.083430
0.689675, 0.230029, 0.651988, 0.198812
0.689703, 0.862030, -0.313035, -0.137361
0.689730, 0.720048, -0.306525, -0.275747
0.689832, 0.816928, -0.311419, -0.181858
0.690054, 0.107784, 0.662938, 0.094492
0.690133, 0.625301, -0.299912, -0.365428
0.690141, 0.969056, -0.315322, -0.030972
0.690165, 0.568190, -0.295413, -0.418280
0.690305, 0.874475, -0.313142, -0.125179
0.690382, 0.282933, 0.649711, 0.246615
0.690420, 0.465989, -0.285367, -0.510058
0.690894, 0.121388, 0.662645, 0.106242
0.691026, 0.397929, -0.276359, -0.568512
0.691135, 0.073346, 0.665347, 0.064391
0.691317, 0.433499, -0.280802, -0.538341
0.691393, 0.215478, 0.655353, 0.186523
0.691506, 0.542671, -0.291978, -0.441680
0.691543, 0.886856, -0.312360, -0.112964
0.691690, 0.709210, -0.303785, -0.286017
0.691768, 0.508273, -0.288532, -0.472710
0.691991, 0.039818, 0.666899, 0.034978
0.692019, 0.742255, -0.305542, -0.254478
0.692139, 0.603419, -0.296393, -0.385939
0.692326, 0.019118, 0.667609, 0.016801
0.692444, 0.899254, -0.311704, -0.100633
0.692450, 0.694800, -0.302363, -0.299982
0.692627, 0.305797, 0.253815, -0.123938
0.692642, 0.763445, -0.306097, -0.234051
0.692706, 0.911558, -0.311730, -0.088391
0.692809, 0.784806, -0.306957, -0.213283
0.692953, 0.671150, -0.300359, -0.322449
0.693047, 0.829019, -0.308782, -0.170099
0.693153, 0.924042, -0.311572, -0.075959
0.693185, 0.181148, 0.660135, 0.157385
0.693228, 0.000000, 0.668604, 0.000000
0.693539, 0.319349, -0.275819, -0.646663
0.693896, 0.637241, -0.297226, -0.354527
0.694201, 0.936856, -0.310954, -0.063213
0.694551, 0.331054, -0.246163, -0.607085
0.695052, 0.476157, -0.282319, -0.501563
0.695066, 0.580344, -0.291851, -0.407490
0.695121, 0.445368, -0.278882, -0.528543
0.695301, 0.168829, 0.663067, 0.146740
0.695311, 0.530158, -0.287385, -0.453384
0.695348, 0.273512, 0.649712, 0.232975
0.696028, 0.061089, 0.670028, 0.053518
0.696052, 0.410289, -0.273779, -0.558756
0.696055, 0.262280, 0.652265, 0.224149
0.696065, 0.358160, -0.266357, -0.602163
0.696078, 0.344783, -0.261624, -0.610442
0.696172, 0.980788, -0.309446, -0.019254
0.696412, 0.372204, -0.268332, -0.590823
0.696510, 0.796085, -0.304034, -0.202531
0.696524, 0.840966, -0.305876, -0.158469
0.696691, 0.386010, -0.270135, -0.579524
0.696828, 0.496478, -0.282753, -0.483638
0.696848, 0.615715, -0.292951, -0.374919
0.696998, 0.650356, -0.295188, -0.342402
0.697029, 1.000000, -0.308757, 0.000000
0.697302, 0.028629, 0.671589, 0.025087
0.697497, 0.204395, 0.661218, 0.176510
0.697702, 0.250792, 0.656287, 0.215316
0.697707, 0.156580, 0.666334, 0.136128
0.697726, 0.292831, 0.908216, 0.510556
0.697959, 0.729408, -0.299246, -0.267281
0.698396, 0.751979, -0.299997, -0.245470
0.698426, 0.191566, 0.663633, 0.165694
0.698617, 0.559781, -0.286824, -0.426554
0.698898, 0.238203, 0.658273, 0.204209
0.699143, 0.853530, -0.303830, -0.146173
0.699198, 0.144596, 0.668386, 0.125745
0.699222, 0.457110, -0.276582, -0.518767
0.699250, 0.422768, -0.272615, -0.548558
0.699463, 0.592838, -0.288705, -0.396257
0.699571, 0.085117, 0.672235, 0.074341
0.699587, 0.949592, -0.305985, -0.050561
0.699593, 0.808288, -0.301594, -0.190725
0.699709, 0.517528, -0.282209, -0.465163
0.700215, 0.048631, 0.673773, 0.042517
0.700278, 0.774691, -0.299281, -0.223490
0.700452, 0.010841, 0.674686, 0.009495
0.700509, 0.485727, -0.278360, -0.493544
0.700514, 0.224886, 0.661627, 0.193283
0.700520, 0.132742, 0.670228, 0.115463
0.700736, 0.098204, 0.672604, 0.085648
0.700871, 0.866448, -0.302540, -0.133416
0.701010, 0.662595, -0.292160, -0.331071
0.701015, 0.960967, -0.304658, -0.039168
0.701067, 0.110503, 0.672075, 0.096259
0.701396, 0.549965, -0.283530, -0.435916
0.701543, 0.702916, -0.294156, -0.292763
0.701972, 0.688104, -0.292960, -0.307031
0.702380, 0.879101, -0.301672, -0.120976
0.702492, 0.820447, -0.299367, -0.178942
0.702530, 0.399088, -0.266902, -0.569285
0.702576, 0.121636, 0.672687, 0.105776
0.702613, 0.716942, -0.293989, -0.279430
0.702757, 0.676576, -0.291345, -0.317885
0.702782, 0.971764, -0.302965, -0.028342
0.702906, 0.071768, 0.675452, 0.062601
0.702976, 0.570332, -0.283667, -0.417270
0.703254, 0.628135, -0.287831, -0.363792
0.703297, 0.435191, -0.270574, -0.538369
0.703624, 0.891282, -0.300863, -0.108918
0.703818, 0.312719, -0.324473, -0.711448
0.703933, 0.990193, -0.302038, -0.009852
0.704021, 0.282807, 0.638988, 0.222164
0.704082, 0.504918, -0.277037, -0.476860
0.704096, 0.468468, -0.273452, -0.509291
0.704107, 0.605160, -0.285256, -0.385131
0.704192, 0.903347, -0.300514, -0.096868
0.704260, 0.915486, -0.300690, -0.084737
0.704380, 0.538665, -0.279840, -0.446493
0.704417, 0.178572, 0.669890, 0.154180
0.704521, 0.740171, -0.293528, -0.257259
0.704609, 0.300871, -0.519366, -0.916870
0.704662, 0.927592, -0.300550, -0.072638
0.704683, 0.212972, 0.666373, 0.182859
0.704936, 0.762323, -0.294265, -0.235804
0.705108, 0.641789, -0.286935, -0.351002
0.705166, 0.036508, 0.678356, 0.031851
0.705260, 0.337223, -0.258260, -0.623183
0.705425, 0.324453, -0.268261, -0.645593
0.705488, 0.939518, -0.299948, -0.060706
0.705772, 0.832616, -0.296675, -0.167082
0.705975, 0.786534, -0.294498, -0.212322
0.706164, 0.364586, -0.259163, -0.598641
0.706214, 0.350882, -0.257373, -0.610110
0.706838, 0.000000, 0.680339, 0.000000
0.706952, 0.165928, 0.673155, 0.143287
0.706996, 0.582512, -0.280887, -0.406369
0.707044, 0.270357, 0.662867, 0.232638
0.707102, 0.377919, -0.260215, -0.587703
0.707240, 0.412183, -0.264440, -0.558633
0.707382, 0.447348, -0.268346, -0.528280
0.707423, 0.022261, 0.680800, 0.019407
0.707552, 0.526755, -0.275871, -0.457526
0.707669, 0.058493, 0.680060, 0.050916
0.708576, 0.617008, -0.281916, -0.374424
0.708616, 0.199481, 0.671103, 0.171228
0.708719, 0.845178, -0.294313, -0.154798
0.708741, 0.258526, 0.668475, 0.224257
0.708897, 0.799280, -0.292299, -0.200017
0.709248, 0.246665, 0.663686, 0.208005
0.709315, 0.653934, -0.283781, -0.339876
0.709520, 0.479006, -0.269634, -0.500463
0.709813, 0.389943, -0.259509, -0.577988
0.709974, 0.153316, 0.676939, 0.132377
0.710047, 0.234020, 0.668555, 0.200004
0.710281, 0.492191, -0.270214, -0.488800
0.710502, 0.729012, -0.287169, -0.268334
0.710779, 0.857897, -0.292792, -0.142285
0.710815, 0.424938, -0.262812, -0.548052
0.711049, 0.980615, -0.295089, -0.019504
0.711055, 0.750478, -0.287753, -0.247608
0.711067, 0.695162, -0.284703, -0.300858
0.711230, 0.141536, 0.678706, 0.122247
0.711243, 0.080650, 0.682184, 0.069986
0.711269, 1.000000, -0.295105, 0.000000
0.711352, 0.594676, -0.277753, -0.395477
0.711573, 0.092499, 0.682120, 0.080205
0.711721, 0.667826, -0.282342, -0.326838
0.711757, 0.187587, 0.675046, 0.161011
0.711823, 0.772927, -0.288129, -0.225819
0.711911, 0.559567, -0.274581, -0.427976
0.711914, 0.459223, -0.265581, -0.518348
0.711926, 0.514403, -0.270747, -0.469008
0.712008, 0.811825, -0.289812, -0.187829
0.712193, 0.870719, -0.291822, -0.129584
0.712394, 0.291678, 0.106764, -0.303777
0.712442, 0.957173, -0.293643, -0.043115
0.712574, 0.046157, 0.684480, 0.040083
0.712583, 0.104778, 0.682253, 0.090717
0.712584, 0.707935, -0.283951, -0.288676
0.712864, 0.129161, 0.680964, 0.111580
0.712962, 0.221443, 0.671976, 0.188700
0.713542, 0.116251, 0.682327, 0.100496
0.713684, 0.010984, 0.686049, 0.009548
0.714076, 0.635524, -0.277941, -0.357376
0.714154, 0.547524, -0.271542, -0.439186
0.714193, 0.681140, -0.280839, -0.314385
0.714312, 0.968748, -0.291765, -0.031465
0.714348, 0.572226, -0.273263, -0.416461
0.714394, 0.946326, -0.291465, -0.054012
0.714686, 0.402479, -0.256866, -0.567890
0.714706, 0.883748, -0.289972, -0.116754
0.714806, 0.067765, 0.685760, 0.058723
0.714943, 0.305990, -0.197479, -0.601953
0.715085, 0.824197, -0.287370, -0.175790
0.715148, 0.719433, -0.282041, -0.277683
0.715369, 0.437559, -0.260203, -0.537581
0.715728, 0.908189, -0.289529, -0.092331
0.715742, 0.502632, -0.266217, -0.479935
0.715791, 0.342799, -0.247624, -0.617452
0.715811, 0.895822, -0.289233, -0.104738
0.715818, 0.920655, -0.289672, -0.079828
0.715878, 0.329979, -0.243747, -0.626079
0.716075, 0.279162, 0.690430, 0.264254
0.716091, 0.356753, -0.249734, -0.606422
0.716282, 0.032865, 0.688020, 0.028500
0.716307, 0.933217, -0.289453, -0.067231
0.716397, 0.174987, 0.680251, 0.150047
0.716464, 0.605343, -0.273692, -0.385884
0.716484, 0.317378, -0.226549, -0.621661
0.716507, 0.208546, 0.676510, 0.177835
0.716777, 0.535418, -0.268113, -0.450411
0.717202, 0.369646, -0.250598, -0.595963
0.717269, 0.761748, -0.282292, -0.236953
0.717375, 0.782275, -0.283156, -0.216928
0.717720, 0.626307, -0.273927, -0.366344
0.717731, 0.738728, -0.280796, -0.259412
0.717769, 0.470320, -0.261445, -0.509111
0.718054, 0.836770, -0.284993, -0.163487
0.718455, 0.989519, -0.288135, -0.010574
0.718611, 0.162509, 0.683176, 0.139390
0.718644, 0.645736, -0.274283, -0.348069
0.718782, 0.585564, -0.270036, -0.404336
0.718906, 0.415092, -0.254672, -0.557552
0.719076, 0.266772, 0.722130, 0.275561
0.719165, 0.792946, -0.281948, -0.206587
0.719429, 0.522800, -0.264618, -0.462099
0.719516, 0.381798, -0.250227, -0.586128
0.719760, 0.449701, -0.257587, -0.527430
0.720184, 0.056072, 0.690845, 0.048466
0.720326, 0.658543, -0.273569, -0.336176
0.720331, 0.000000, 0.691816, 0.000000
0.720337, 0.243135, 0.682315, 0.212781
0.720417, 0.615625, -0.270579, -0.376417
0.720777, 0.849506, -0.282867, -0.150994
0.720928, 0.482892, -0.259792, -0.498242
0.720934, 0.021486, 0.692281, 0.018586
0.721150, 0.254614, 0.652386, 0.193470
0.721164, 0.196056, 0.681836, 0.167014
0.721273, 0.690930, -0.274522, -0.305328
0.721440, 0.230203, 0.676511, 0.193654
0.721861, 0.804427, -0.279915, -0.195497
0.722417, 0.862097, -0.281708, -0.138538
0.722451, 0.427632, -0.252936, -0.547056
0.722588, 0.137036, 0.688560, 0.117591
0.722698, 0.149659, 0.687616, 0.128237
0.722709, 0.298241, -0.255002, -0.673781
0.722777, 0.393763, -0.248909, -0.576423
0.722835, 0.076463, 0.692163, 0.065916
0.723214, 0.493982, -0.258692, -0.488451
0.723252, 0.087523, 0.692252, 0.075387
0.723256, 0.671343, -0.271568, -0.324227
0.723316, 0.750289, -0.275967, -0.248469
0.723326, 0.874883, -0.281179, -0.125801
0.723377, 0.702473, -0.273178, -0.294419
0.723489, 0.099731, 0.691809, 0.085819
0.723860, 0.123283, 0.690460, 0.105837
0.724337, 0.043615, 0.694533, 0.037623
0.724383, 0.564666, -0.263391, -0.424265
0.724502, 0.509394, -0.258804, -0.474582
0.724559, 0.977787, -0.282314, -0.022459
0.724764, 0.816326, -0.277642, -0.183939
0.724784, 0.596561, -0.265204, -0.394585
0.724802, 0.184248, 0.686118, 0.156891
0.724908, 0.460956, -0.254108, -0.518024
0.724926, 0.217484, 0.682312, 0.184162
0.725005, 0.553854, -0.261997, -0.434265
0.725155, 0.964424, -0.281480, -0.035954
0.725161, 1.000000, -0.281890, 0.000000
0.725199, 0.727652, -0.272786, -0.270289
0.725271, 0.286946, -0.468498, -0.900672
0.725367, 0.714327, -0.271952, -0.283184
0.725422, 0.772610, -0.274880, -0.226721
0.725453, 0.348549, -0.240808, -0.614460
0.725470, 0.111567, 0.692864, 0.095803
0.725471, 0.576644, -0.263162, -0.413126
0.725520, 0.952885, -0.280990, -0.047603
0.726280, 0.940358, -0.280096, -0.060253
0.726538, 0.334860, -0.238268, -0.626252
0.726984, 0.914069, -0.278812, -0.086718
0.727012, 0.926946, -0.279017, -0.073756
0.727085, 0.542645, -0.259182, -0.444668
0.727221, 0.323041, -0.236784, -0.636688
0.727236, 0.010569, 0.697592, 0.009116
0.727239, 0.406060, -0.246461, -0.566405
0.727283, 0.901454, -0.278320, -0.099428
0.727287, 0.361207, -0.240956, -0.604235
0.727355, 0.888611, -0.278017, -0.112335
0.727564, 0.828557, -0.275460, -0.172003
0.727670, 0.440295, -0.249626, -0.536502
0.727672, 0.635415, -0.265138, -0.358514
0.727722, 0.309696, -0.241520, -0.654434
0.728084, 0.066095, 0.697165, 0.056837
0.728302, 0.682232, -0.267404, -0.314183
0.728574, 0.275174, 0.014257, -0.427447
0.728789, 0.172485, 0.690746, 0.146764
0.728835, 0.530762, -0.256606, -0.455617
0.728850, 0.205058, 0.686879, 0.173467
0.729052, 0.031975, 0.698946, 0.027521
0.729274, 0.373248, -0.240789, -0.594390
0.729332, 0.762100, -0.270721, -0.237277
0.729707, 0.609442, -0.261411, -0.382856
0.729722, 0.648772, -0.264003, -0.346001
0.729791, 0.160998, 0.692534, 0.137123
0.729859, 0.784102, -0.271190, -0.215764
0.729987, 0.474076, -0.250759, -0.506827
0.730272, 0.841032, -0.273335, -0.159756
0.730376, 0.739355, -0.268530, -0.259380
0.730501, 0.518453, -0.254033, -0.466843
0.730521, 0.622616, -0.261467, -0.370516
0.730565, 0.239147, 0.679535, 0.196612
0.730901, 0.418348, -0.244584, -0.556155
0.731253, 0.262906, 0.620051, 0.164010
0.731619, 0.990206, -0.275590, -0.009936
0.731684, 0.661371, -0.262899, -0.334189
0.731877, 0.500399, -0.251265, -0.483239
0.731899, 0.795993, -0.269835, -0.204254
0.732019, 0.385302, -0.239883, -0.584512
0.732236, 0.586517, -0.257503, -0.404430
0.732380, 0.054429, 0.701211, 0.046709
0.732754, 0.129677, 0.697466, 0.110632
0.732874, 0.450616, -0.246046, -0.528065
0.733044, 0.853518, -0.271191, -0.147502
0.733121, 0.226984, 0.688098, 0.191292
0.733544, 0.694078, -0.263000, -0.303111
0.733605, 0.250487, 0.781498, 0.306236
0.733665, 0.877928, -0.271090, -0.123027
0.733799, 0.486536, -0.248471, -0.496174
0.733902, 0.431096, -0.243215, -0.545260
0.734019, 0.092618, 0.700936, 0.079215
0.734030, 0.000000, 0.703413, 0.000000
0.734035, 0.865417, -0.270576, -0.135644
0.734081, 0.141870, 0.697776, 0.120779
0.734112, 0.192350, 0.692835, 0.162537
0.734218, 0.297220, -0.242580, -0.674065
0.734503, 0.020904, 0.703759, 0.017936
0.734554, 0.078602, 0.702127, 0.067277
0.734567, 0.808002, -0.267791, -0.192574
0.735411, 0.340727, -0.231499, -0.622390
0.735447, 0.397605, -0.238320, -0.574406
0.735578, 0.750956, -0.264064, -0.248377
0.735701, 0.572609, -0.253346, -0.417692
0.735758, 0.706501, -0.261621, -0.291390
0.736002, 0.105256, 0.702103, 0.089833
0.736048, 0.600772, -0.254903, -0.391459
0.736166, 0.969532, -0.270999, -0.030902
0.736193, 0.463261, -0.244207, -0.517077
0.736262, 0.719074, -0.261822, -0.279328
0.736285, 0.673607, -0.259211, -0.322820
0.736326, 0.152902, 0.698528, 0.129797
0.736747, 0.042788, 0.705056, 0.036635
0.736865, 0.560647, -0.251406, -0.428828
0.737052, 0.352144, -0.231579, -0.613058
0.737137, 0.981253, -0.270058, -0.019019
0.737157, 0.214696, 0.691854, 0.179700
0.737266, 0.820254, -0.265704, -0.180616
0.737302, 0.118385, 0.702160, 0.100831
0.737302, 0.946888, -0.269630, -0.053859
0.737315, 0.933888, -0.269262, -0.066980
0.737473, 0.317560, -0.226722, -0.641744
0.737543, 0.285215, -0.168710, -0.614560
0.737937, 0.958329, -0.269115, -0.042271
0.737982, 0.920778, -0.268326, -0.080226
0.738060, 0.549299, -0.249475, -0.439383
0.738128, 0.180310, 0.697501, 0.152243
0.738569, 0.774299, -0.262246, -0.225726
0.738665, 0.908610, -0.267409, -0.092516
0.738780, 0.896184, -0.267249, -0.105115
0.738786, 0.730600, -0.259963, -0.268307
0.739176, 0.536879, -0.247511, -0.450844
0.739211, 0.363663, -0.231191, -0.603754
0.739225, 0.510614, -0.245405, -0.474678
0.739320, 0.640964, -0.254428, -0.354054
0.739497, 1.000000, -0.267929, 0.000000
0.739660, 0.328959, -0.226254, -0.632495
0.739778, 0.066308, 0.707037, 0.056603
0.739826, 0.628604, -0.253070, -0.365567
0.739848, 0.410564, -0.235881, -0.563754
0.739883, 0.832737, -0.263685, -0.168385
0.740294, 0.762798, -0.260029, -0.237052
0.740408, 0.524196, -0.245381, -0.462456
0.740523, 0.272877, -0.373728, -0.833874
0.740716, 0.202209, 0.696770, 0.169755
0.740870, 0.306725, -0.223750, -0.652533
0.741017, 0.010314, 0.709245, 0.008821
0.741131, 0.166871, 0.701486, 0.140929
0.741157, 0.614385, -0.250976, -0.379100
0.741278, 0.375181, -0.230794, -0.594321
0.741487, 0.238205, 0.695513, 0.201749
0.741625, 0.684539, -0.254737, -0.312746
0.741714, 0.885205, -0.263497, -0.115993
0.741785, 0.652723, -0.252699, -0.342960
0.741837, 0.439687, -0.236966, -0.538396
0.741879, 0.787017, -0.259724, -0.213525
0.742069, 0.031365, 0.709989, 0.026780
0.742158, 0.424390, -0.235231, -0.551916
0.742372, 0.591555, -0.248284, -0.400411
0.742444, 0.475659, -0.239672, -0.506620
0.742519, 0.845437, -0.261592, -0.155857
0.742558, 0.497718, -0.241392, -0.486775
0.743130, 0.260329, -0.025650, -0.494708
0.743402, 0.664757, -0.251797, -0.331553
0.743532, 0.131676, 0.706401, 0.111528
0.743676, 0.742376, -0.255723, -0.257050
0.743949, 0.086486, 0.709551, 0.073535
0.744036, 0.386785, -0.229724, -0.584772
0.744170, 0.451879, -0.236045, -0.527980
0.744335, 0.054198, 0.711272, 0.046159
0.744388, 0.799293, -0.257882, -0.201606
0.744412, 0.580171, -0.245709, -0.411327
0.744436, 0.225861, 0.705293, 0.196796
0.744474, 0.871595, -0.260668, -0.129847
0.745219, 0.697838, -0.251980, -0.300180
0.745657, 0.858404, -0.259177, -0.143140
0.745984, 0.487457, -0.237387, -0.496204
0.746216, 0.340339, -0.222347, -0.624045
0.746407, 0.098000, 0.711112, 0.083110
0.746574, 0.989545, -0.261138, -0.010644
0.746660, 0.248636, 0.550370, 0.066516
0.746726, 0.295107, -0.210624, -0.655881
0.746777, 0.143930, 0.708099, 0.121456
0.746983, 0.811544, -0.255891, -0.189643
0.747080, 0.398233, -0.228284, -0.575228
0.747225, 0.189640, 0.703870, 0.159040
0.747246, 0.464176, -0.234313, -0.517205
0.747405, 0.155692, 0.707356, 0.131101
0.747410, 0.975181, -0.260073, -0.025258
0.747621, 0.710709, -0.250399, -0.288000
0.747670, 0.567965, -0.241823, -0.422868
0.747737, 0.110769, 0.711468, 0.093760
0.747745, 0.603234, -0.243990, -0.389913
0.747788, 0.941014, -0.259304, -0.059979
0.747862, 0.000000, 0.715063, 0.000000
0.748003, 0.075966, 0.713526, 0.064477
0.748168, 0.020519, 0.715247, 0.017454
0.748230, 0.352514, -0.222142, -0.614091
0.748346, 0.927558, -0.258440, -0.073614
0.748559, 0.753910, -0.251537, -0.246075
0.748656, 0.721905, -0.249948, -0.277219
0.748988, 0.213491, 0.701038, 0.176808
0.749041, 0.042345, 0.715354, 0.035971
0.749217, 0.318127, -0.217060, -0.642846
0.749487, 0.543384, -0.238420, -0.445671
0.749552, 0.823858, -0.253924, -0.177586
0.749557, 0.283019, -0.226302, -0.685757
0.749781, 0.556157, -0.239082, -0.434026
0.749808, 0.175956, 0.707304, 0.147336
0.749991, 0.963873, -0.257520, -0.036790
0.750067, 0.903420, -0.256481, -0.098152
0.750167, 0.674586, -0.245800, -0.322507
0.750255, 0.636573, -0.243554, -0.358601
0.750256, 0.622986, -0.242854, -0.371582
0.750260, 0.915829, -0.256292, -0.085516
0.750325, 0.952857, -0.257126, -0.048007
0.750355, 0.122482, 0.712537, 0.103354
0.750575, 0.530422, -0.236451, -0.457563
0.750592, 0.517478, -0.235510, -0.469430
0.750882, 0.364808, -0.221330, -0.604111
0.750989, 0.766832, -0.249815, -0.233621
0.751049, 0.408686, -0.225811, -0.566424
0.751094, 0.506038, -0.234204, -0.479906
0.751264, 0.778877, -0.250281, -0.221999
0.751698, 0.419748, -0.226297, -0.556797
0.751797, 0.201797, 0.705603, 0.168017
0.751823, 0.734297, -0.247517, -0.265402
0.752053, 0.432660, -0.227244, -0.545689
0.752059, 0.836103, -0.252013, -0.165570
0.752238, 0.270176, -0.184742, -0.658845
0.752327, 0.892208, -0.253492, -0.109332
0.752425, 0.064529, 0.717697, 0.054640
0.752736, 0.647544, -0.241851, -0.348425
0.752740, 0.329263, -0.215568, -0.634207
0.752838, 0.306532, -0.211401, -0.651705
0.752895, 0.688573, -0.244060, -0.309457
0.753209, 0.376875, -0.220667, -0.594145
0.753219, 0.235940, 0.934463, 0.429013
0.753275, 0.660135, -0.242033, -0.336481
0.753463, 0.590982, -0.237781, -0.401694
0.753520, 0.880455, -0.252210, -0.121290
0.753625, 1.000000, -0.254472, 0.000000
0.754374, 0.791085, -0.247755, -0.210120
0.754515, 0.848219, -0.250004, -0.153548
0.754735, 0.444592, -0.225919, -0.535409
0.754742, 0.163504, 0.712765, 0.136818
0.754971, 0.010218, 0.720961, 0.008660
0.755001, 0.481473, -0.228711, -0.502404
0.755040, 0.611963, -0.237644, -0.382254
0.755203, 0.030957, 0.721011, 0.026204
0.755450, 0.135826, 0.715932, 0.114040
0.755745, 0.258376, -0.290366, -0.778646
0.755759, 0.868117, -0.249600, -0.133753
0.755890, 0.223561, 0.722367, 0.200685
0.755931, 0.087822, 0.719504, 0.074070
0.755982, 0.470886, -0.226924, -0.511862
0.756001, 0.456172, -0.225748, -0.525161
0.756218, 0.578961, -0.234427, -0.413086
0.756243, 0.495786, -0.228611, -0.489407
0.756299, 0.981479, -0.251536, -0.018906
0.756358, 0.388969, -0.219202, -0.584107
0.756772, 0.702499, -0.241038, -0.296291
0.756811, 0.052974, 0.721702, 0.044749
0.756924, 0.803242, -0.245825, -0.198273
0.757250, 0.341959, -0.213305, -0.624133
0.757338, 0.745743, -0.242654, -0.254500
0.757391, 0.102084, 0.719869, 0.085896
0.757641, 0.934558, -0.249447, -0.066684
0.758757, 0.293497, -0.206880, -0.665275
0.758976, 0.246370, -0.420016, -0.918689
0.758992, 0.184148, 0.712541, 0.151991
0.759036, 0.149757, 0.717536, 0.125159
0.759337, 0.858754, -0.245576, -0.143144
0.759392, 0.815490, -0.243943, -0.186277
0.759526, 0.567584, -0.230608, -0.423925
0.759568, 0.354699, -0.212793, -0.613686
0.759610, 0.631240, -0.234354, -0.364257
0.759921, 0.725464, -0.239104, -0.274249
0.760172, 0.400507, -0.217005, -0.574515
0.760262, 0.075488, 0.723702, 0.063536
0.760324, 0.195725, 0.717316, 0.166017
0.760536, 0.600606, -0.231703, -0.393193
0.760561, 0.547419, -0.228337, -0.442677
0.760606, 0.946403, -0.246999, -0.054737
0.760675, 0.535288, -0.227410, -0.453842
0.760692, 0.969882, -0.247180, -0.030776
0.760725, 0.757918, -0.239950, -0.242821
0.760812, 0.279959, -0.199929, -0.672974
0.760827, 0.113767, 0.722001, 0.095393
0.760856, 0.679724, -0.235825, -0.318251
0.761130, 0.714153, -0.237519, -0.285431
0.761208, 0.909785, -0.245789, -0.092019
0.761379, 0.522065, -0.225886, -0.466112
0.761425, 0.210305, 0.710984, 0.172702
0.761541, 0.991018, -0.246645, -0.009190
0.761556, 0.041508, 0.725743, 0.034967
0.761632, 0.923135, -0.245492, -0.078421
0.761678, 0.318357, -0.206730, -0.644367
0.761727, 0.000000, 0.726734, 0.000000
0.761926, 0.667405, -0.234167, -0.330117
0.761977, 0.020529, 0.726761, 0.017301
0.761997, 0.827766, -0.241916, -0.174219
0.762103, 0.771230, -0.239235, -0.229896
0.762313, 0.125580, 0.721994, 0.105030
0.762434, 0.509469, -0.223955, -0.477545
0.762574, 0.171927, 0.718230, 0.142914
0.762608, 0.413012, -0.216026, -0.563838
0.762670, 0.557670, -0.226990, -0.433262
0.762749, 0.367476, -0.211450, -0.603217
0.762762, 0.425488, -0.217018, -0.552921
0.763199, 0.898442, -0.243204, -0.103428
0.763432, 0.305364, -0.203930, -0.655539
0.763623, 0.619979, -0.229919, -0.375197
0.763926, 0.693576, -0.233550, -0.305098
0.763937, 0.958250, -0.244213, -0.042745
0.764155, 0.654192, -0.231341, -0.342874
0.764229, 0.783157, -0.237787, -0.218372
0.764397, 0.642081, -0.230311, -0.354162
0.764503, 0.840064, -0.240038, -0.162147
0.764564, 0.486689, -0.220358, -0.498419
0.764568, 0.437966, -0.216508, -0.542138
0.764638, 0.331457, -0.205868, -0.634021
0.764667, 0.463158, -0.218428, -0.519529
0.764847, 0.268421, -0.203369, -0.691030
0.764857, 0.063605, 0.728036, 0.053398
0.764970, 0.886501, -0.241257, -0.115589
0.765155, 0.379788, -0.210626, -0.592942
0.765199, 0.736989, -0.234588, -0.263403
0.765292, 0.588274, -0.226456, -0.405032
0.765364, 0.874899, -0.240407, -0.127258
0.765456, 0.233955, 0.270035, -0.244158
0.765947, 0.094763, 0.727390, 0.079310
0.766363, 0.221919, 0.787726, 0.256249
0.766519, 0.139279, 0.724611, 0.115931
0.767048, 0.795179, -0.235576, -0.206688
0.767213, 0.159884, 0.723029, 0.132570
0.767656, 0.450815, -0.214805, -0.531030
0.768115, 0.851762, -0.236880, -0.150557
0.768153, 0.256909, -0.184290, -0.685928
0.768289, 0.344679, -0.204264, -0.623278
0.768321, 0.475502, -0.216070, -0.508776
0.768438, 0.498316, -0.217668, -0.488236
0.768470, 1.000000, -0.239833, 0.000000
0.768824, 0.030605, 0.732321, 0.025661
0.768859, 0.609389, -0.224295, -0.385442
0.768875, 0.935309, -0.238551, -0.066158
0.768879, 0.576360, -0.222392, -0.416478
0.768943, 0.010859, 0.732616, 0.009116
0.769033, 0.392004, -0.208417, -0.582755
0.769039, 0.979966, -0.239276, -0.020550
0.769246, 0.083772, 0.730660, 0.070023
0.769336, 0.052113, 0.732061, 0.043640
0.769439, 0.807318, -0.233771, -0.194812
0.769695, 0.287268, -0.195804, -0.670303
0.770256, 0.704390, -0.228013, -0.295101
0.770483, 0.749060, -0.230111, -0.252037
0.770615, 0.202147, 0.743683, 0.188685
0.770676, 0.245852, -0.112205, -0.626788
0.770788, 0.357784, -0.203518, -0.612401
0.770853, 0.865176, -0.234478, -0.137095
0.770992, 0.105703, 0.730882, 0.088038
0.771162, 0.725631, -0.228176, -0.274652
0.771257, 0.914808, -0.236026, -0.087162
0.771261, 0.685162, -0.225962, -0.313475
0.771316, 0.630039, -0.223138, -0.366167
0.771329, 0.529842, -0.217080, -0.459486
0.771417, 0.542753, -0.217808, -0.447553
0.771477, 0.179614, 0.724629, 0.148457
0.771587, 0.763238, -0.229596, -0.238151
0.771633, 0.190073, 0.716259, 0.149467
0.771852, 0.819437, -0.231927, -0.182914
0.772106, 0.404493, -0.206847, -0.572161
0.772512, 0.297708, -0.194917, -0.662251
0.772638, 0.673301, -0.224103, -0.325010
0.772866, 0.947349, -0.235242, -0.054023
0.773036, 0.128853, 0.730468, 0.106859
0.773075, 0.597793, -0.219632, -0.396601
0.773123, 0.149378, 0.728837, 0.123508
0.773342, 0.565250, -0.217418, -0.426901
0.773395, 0.311266, -0.196058, -0.651520
0.773531, 0.072312, 0.734812, 0.060302
0.773571, 0.968515, -0.234882, -0.032339
0.773646, 0.518280, -0.214171, -0.470270
0.773682, 0.416668, -0.206507, -0.561628
0.773939, 0.116966, 0.732186, 0.097084
0.773959, 0.040636, 0.736022, 0.033935
0.773976, 0.323432, -0.197049, -0.641670
0.774114, 0.661470, -0.222114, -0.336452
0.774255, 0.428945, -0.207025, -0.550843
0.774283, 0.553808, -0.215784, -0.437454
0.774385, 0.276604, -0.191514, -0.680598
0.774397, 0.831910, -0.229936, -0.170611
0.774492, 0.775205, -0.227336, -0.226611
0.774535, 0.714793, -0.224426, -0.285368
0.774731, 0.371047, -0.201440, -0.601433
0.774778, 0.903417, -0.232070, -0.098744
0.774833, 0.214066, 0.814762, 0.270634
0.775180, 0.000000, 0.737882, 0.000000
0.775230, 0.507975, -0.212045, -0.479881
0.775230, 0.463961, -0.208904, -0.519722
0.775488, 0.925003, -0.232139, -0.076881
0.775554, 0.892133, -0.231239, -0.110321
0.775731, 0.989962, -0.233051, -0.010332
0.775994, 0.169133, 0.729129, 0.139156
0.776037, 0.487603, -0.209875, -0.498422
0.776280, 0.649686, -0.219353, -0.347684
0.776298, 0.022051, 0.738663, 0.018397
0.776453, 0.441420, -0.206063, -0.539986
0.776779, 0.619354, -0.217268, -0.376478
0.776841, 0.335685, -0.195992, -0.631748
0.776923, 0.878609, -0.229285, -0.123960
0.777158, 0.787241, -0.225281, -0.214924
0.777179, 0.383103, -0.200445, -0.591281
0.777319, 0.738317, -0.222840, -0.262724
0.777363, 0.639506, -0.217844, -0.357531
0.777483, 0.843871, -0.227499, -0.158892
0.777505, 0.585547, -0.214782, -0.408465
0.777628, 0.237521, -0.232467, -0.760391
0.777668, 0.225873, -0.093023, -0.627359
0.777761, 0.695023, -0.220130, -0.304311
0.777776, 0.264579, -0.185807, -0.689290
0.778097, 0.094261, 0.737491, 0.078191
0.778119, 0.060807, 0.739085, 0.050571
0.778321, 0.957958, -0.230395, -0.043292
0.779557, 0.348554, -0.195020, -0.621164
0.779658, 0.799395, -0.223414, -0.203110
0.779689, 0.856374, -0.225811, -0.146441
0.779996, 0.139059, 0.735409, 0.114533
0.780123, 0.756073, -0.220832, -0.245465
0.780158, 0.453351, -0.203627, -0.529627
0.780552, 0.476455, -0.204967, -0.508914
0.781134, 0.396162, -0.198121, -0.580218
0.781150, 0.936136, -0.226777, -0.065624
0.781220, 0.252233, -0.190786, -0.708563
0.781281, 0.158269, 0.734343, 0.129715
0.781403, 0.536453, -0.208107, -0.454105
0.781684, 0.607859, -0.211983, -0.387631
0.781730, 0.361820, -0.194457, -0.610061
0.781840, 0.082153, 0.740984, 0.068033
0.781961, 0.573442, -0.209780, -0.419850
0.782039, 0.498967, -0.205157, -0.488621
0.782100, 0.811239, -0.221525, -0.191497
0.782141, 0.011017, 0.743510, 0.009160
0.782183, 0.048477, 0.742706, 0.040228
0.782244, 0.979087, -0.226632, -0.021571
0.782287, 0.205682, 0.922541, 0.361022
0.782337, 0.287700, -0.185948, -0.672210
0.782390, 0.681871, -0.215105, -0.317336
0.782399, 0.193855, 0.715078, 0.141541
0.782609, 1.000000, -0.226346, 0.000000
0.782697, 0.727431, -0.216974, -0.273413
0.782871, 0.302176, -0.187200, -0.660410
0.783283, 0.912709, -0.224196, -0.089627
0.783545, 0.033940, 0.744477, 0.028152
0.783670, 0.181170, 0.733982, 0.147992
0.783764, 0.868437, -0.222274, -0.134485
0.783773, 0.105245, 0.741144, 0.086799
0.783938, 0.823821, -0.220262, -0.179095
0.784008, 0.524974, -0.205047, -0.465065
0.784341, 0.668778, -0.212619, -0.330047
0.784484, 0.629961, -0.210443, -0.366875
0.784540, 0.407470, -0.196077, -0.570707
0.784564, 0.547999, -0.205830, -0.443613
0.784604, 0.315801, -0.187279, -0.649287
0.784605, 0.419602, -0.196970, -0.559886
0.784667, 0.127416, 0.739977, 0.104720
0.784753, 0.704898, -0.213908, -0.295296
0.784919, 0.767480, -0.216676, -0.234561
0.785050, 0.596155, -0.208180, -0.398924
0.785735, 0.431967, -0.196938, -0.549078
0.785746, 0.887989, -0.221012, -0.114815
0.785862, 0.746866, -0.214880, -0.254811
0.785902, 0.116453, 0.741884, 0.095769
0.785972, 0.946951, -0.222438, -0.054674
0.786067, 0.716548, -0.213110, -0.284019
0.786205, 0.560686, -0.205045, -0.431992
0.786331, 0.274558, -0.180861, -0.683042
0.786461, 0.655759, -0.209918, -0.342580
0.786552, 0.070625, 0.745585, 0.058325
0.786726, 0.327576, -0.186751, -0.639695
0.786808, 0.465765, -0.198446, -0.518905
0.786900, 0.512125, -0.201486, -0.476896
0.786970, 0.778906, -0.215251, -0.223538
0.787171, 0.836433, -0.217533, -0.166608
0.787173, 0.968443, -0.221701, -0.032576
0.787261, 0.375206, -0.190889, -0.599081
0.787574, 0.147601, 0.740589, 0.120646
0.787709, 0.241943, -0.173393, -0.707015
0.787862, 0.923918, -0.220157, -0.078356
0.787991, 0.900402, -0.219305, -0.102325
0.788113, 0.488401, -0.198799, -0.498534
0.788267, 0.217013, -0.152899, -0.703686
0.788326, 0.387634, -0.191031, -0.588334
0.788403, 0.168942, 0.739203, 0.137964
0.788485, 0.000000, 0.748787, 0.000000
0.788837, 0.229672, -0.173390, -0.719040
0.788899, 0.339706, -0.186129, -0.629661
0.788920, 0.443467, -0.194944, -0.539160
0.789085, 0.022360, 0.749123, 0.018474
0.789182, 0.618344, -0.205381, -0.378194
0.789437, 0.642636, -0.206338, -0.355151
0.789481, 0.583973, -0.203203, -0.410377
0.789482, 0.691973, -0.208709, -0.307998
0.789543, 0.989479, -0.219737, -0.010891
0.789771, 0.791774, -0.213075, -0.211016
0.789939, 0.261892, -0.176938, -0.694252
0.790010, 0.848403, -0.215398, -0.154891
0.790116, 0.092065, 0.747321, 0.075668
0.790443, 0.058074, 0.749259, 0.047856
0.790652, 0.352465, -0.185843, -0.618921
0.791220, 0.736598, -0.209157, -0.265044
0.791342, 0.877791, -0.215190, -0.125347
0.791789, 0.957606, -0.217208, -0.043862
0.792167, 0.859251, -0.213563, -0.143986
0.792248, 0.294837, -0.178504, -0.667295
0.792479, 0.455102, -0.192546, -0.529015
0.792514, 0.364821, -0.185343, -0.608412
0.792668, 0.536859, -0.197600, -0.454511
0.792784, 0.803153, -0.210677, -0.199992
0.792811, 0.203617, 0.575235, 0.007561
0.792873, 0.758027, -0.208543, -0.244300
0.792920, 0.044666, 0.751554, 0.036768
0.792964, 0.477852, -0.193622, -0.508419
0.793193, 0.678399, -0.204449, -0.321201
0.793392, 0.934888, -0.214928, -0.067226
0.793507, 0.136326, 0.746337, 0.111077
0.793620, 0.308573, -0.178865, -0.656043
0.793758, 0.190769, 0.829374, 0.242910
0.793865, 0.500927, -0.194261, -0.487459
0.793873, 0.571568, -0.198433, -0.422388
0.793923, 0.815921, -0.210093, -0.187379
0.794342, 0.606494, -0.199844, -0.389695
0.794639, 0.156924, 0.744845, 0.127041
0.794803, 0.081088, 0.751543, 0.066476
0.794875, 0.522565, -0.194674, -0.467782
0.794883, 0.398253, -0.186107, -0.579627
0.795020, 0.250563, -0.169087, -0.701655
0.795022, 0.282668, -0.174802, -0.677602
0.795167, 0.010971, 0.754135, 0.009029
0.795176, 0.911992, -0.212676, -0.090770
0.795621, 0.422864, -0.187325, -0.557845
0.795653, 0.665124, -0.201431, -0.334026
0.795753, 0.725375, -0.204061, -0.275953
0.795758, 0.101362, 0.751167, 0.082836
0.795790, 0.828951, -0.208806, -0.174500
0.795803, 0.550132, -0.195473, -0.442577
0.795926, 0.411088, -0.186217, -0.568538
0.795946, 0.629998, -0.199449, -0.367482
0.796086, 0.978835, -0.213314, -0.021960
0.796439, 0.178901, 0.736018, 0.136447
0.796467, 1.000000, -0.213053, 0.000000
0.796610, 0.033085, 0.755102, 0.027164
0.796631, 0.594783, -0.196944, -0.400595
0.796784, 0.112818, 0.751054, 0.091971
0.797116, 0.712893, -0.202256, -0.288236
0.797288, 0.125046, 0.750355, 0.101740
0.797369, 0.890294, -0.209728, -0.112908
0.797465, 0.701246, -0.201410, -0.299532
0.797499, 0.320592, -0.176845, -0.646474
0.797910, 0.783081, -0.204661, -0.219925
0.798183, 0.770183, -0.203900, -0.232684
0.798217, 0.433407, -0.185709, -0.548512
0.798245, 0.652310, -0.198385, -0.346538
0.798352, 0.384237, -0.181905, -0.592216
0.798635, 0.068141, 0.755497, 0.055741
0.798663, 0.867927, -0.207464, -0.135480
0.798664, 0.945691, -0.210064, -0.056241
0.798706, 0.467244, -0.187657, -0.518458
0.798926, 0.270323, -0.170192, -0.688163
0.799268, 0.332420, -0.176499, -0.636717
0.799381, 0.237699, -0.167348, -0.715918
0.799507, 0.746664, -0.201490, -0.255651
0.799544, 0.225199, -0.179795, -0.740463
0.799574, 0.561266, -0.192495, -0.432373
0.799804, 0.842801, -0.205247, -0.160703
0.800056, 0.490098, -0.187846, -0.497732
0.800250, 0.345539, -0.176871, -0.625605
0.800297, 0.511257, -0.188913, -0.478438
0.800564, 0.923385, -0.207855, -0.079308
0.800593, 0.212972, -0.282448, -0.855464
0.800689, 0.968250, -0.208577, -0.032957
0.800737, 0.372677, -0.178791, -0.602212
0.800911, 0.167101, 0.750043, 0.136040
0.801012, 0.617424, -0.194012, -0.379777
0.801057, 0.688216, -0.197259, -0.312167
0.801152, 0.581770, -0.192050, -0.413245
0.801152, 0.144866, 0.751520, 0.117003
0.801237, 0.444653, -0.183767, -0.538722
0.801796, 0.000000, 0.759547, 0.000000
0.801860, 0.901808, -0.205939, -0.101454
0.802088, 0.055189, 0.758696, 0.045062
0.802138, 0.358512, -0.176372, -0.614603
0.802159, 0.021567, 0.759714, 0.017634
0.802370, 0.640334, -0.193785, -0.358052
0.802488, 0.531447, -0.187959, -0.459804
0.802589, 0.301563, -0.170615, -0.662827
0.803313, 0.258728, -0.165008, -0.697835
0.803330, 0.989019, -0.206404, -0.011433
0.803659, 0.794572, -0.199492, -0.208865
0.803754, 0.199693, 0.073873, -0.507658
0.803925, 0.854738, -0.201952, -0.149125
0.804043, 0.956514, -0.205176, -0.045197
0.804170, 0.091675, 0.758633, 0.074475
0.804191, 0.735358, -0.196283, -0.266730
0.804206, 0.674898, -0.193556, -0.325053
0.804223, 0.879626, -0.202646, -0.124015
0.804236, 0.807958, -0.199618, -0.195781
0.804318, 0.456328, -0.181751, -0.528513
0.804648, 0.757690, -0.196971, -0.245203
0.804788, 0.290315, -0.167613, -0.672561
0.805169, 0.479339, -0.182476, -0.507925
0.805203, 0.543062, -0.186030, -0.449176
0.805380, 0.043786, 0.761631, 0.035681
0.805459, 0.820899, -0.198917, -0.182940
0.806111, 0.405610, -0.176671, -0.574146
0.806143, 0.078387, 0.760737, 0.063666
0.806181, 0.934369, -0.202557, -0.068129
0.806196, 0.187764, 0.787795, 0.192828
0.806545, 0.419977, -0.177341, -0.561539
0.806656, 0.833896, -0.198249, -0.170002
0.806685, 0.312720, -0.168283, -0.653940
0.806717, 0.392610, -0.175137, -0.585557
0.807028, 0.605170, -0.187471, -0.391265
0.807127, 0.593005, -0.186842, -0.402852
0.807225, 0.500629, -0.181851, -0.488650
0.807277, 0.105535, 0.760086, 0.085379
0.807286, 0.661948, -0.190057, -0.337761
0.807427, 0.133074, 0.757585, 0.107278
0.807431, 0.722462, -0.192589, -0.279471
0.807434, 0.570867, -0.185498, -0.423749
0.807473, 0.155196, 0.754778, 0.123933
0.807569, 0.246464, -0.160507, -0.708589
0.807848, 0.278269, -0.163774, -0.682788
0.808106, 0.520741, -0.182136, -0.470136
0.808126, 0.119216, 0.759455, 0.096094
0.808150, 0.628298, -0.187638, -0.369786
0.808315, 0.780766, -0.194288, -0.222659
0.808331, 0.913247, -0.199866, -0.089929
0.808528, 0.010517, 0.764919, 0.008561
0.808727, 0.710045, -0.190748, -0.291504
0.809391, 0.697789, -0.189556, -0.303358
0.809432, 0.554725, -0.182700, -0.438715
0.809434, 0.176240, 0.803822, 0.190005
0.809485, 0.432854, -0.175591, -0.550358
0.809495, 0.031975, 0.765484, 0.025974
0.809952, 0.338919, -0.167926, -0.632286
0.810013, 0.891688, -0.197425, -0.112007
0.810087, 1.000000, -0.199966, 0.000000
0.810396, 0.325436, -0.166349, -0.643791
0.810472, 0.867940, -0.196041, -0.136099
0.810497, 0.468369, -0.176853, -0.518090
0.810503, 0.978237, -0.199462, -0.022739
0.810555, 0.064908, 0.765111, 0.052575
0.810591, 0.380196, -0.170720, -0.596562
0.810778, 0.650024, -0.186058, -0.349168
0.810785, 0.221532, -0.146952, -0.720729
0.810963, 0.768786, -0.191275, -0.234690
0.811082, 0.233345, -0.152823, -0.716113
0.811091, 0.366344, -0.169193, -0.608644
0.811611, 0.351967, -0.167589, -0.621203
0.811622, 0.944864, -0.197413, -0.057397
0.812340, 0.208416, -0.139547, -0.726285
0.812378, 0.266422, -0.158739, -0.692963
0.812579, 0.684535, -0.185822, -0.316196
0.812907, 0.616671, -0.182434, -0.380855
0.812939, 0.445148, -0.173231, -0.539481
0.813056, 0.745446, -0.188066, -0.257408
0.813081, 0.489922, -0.175805, -0.498861
0.813288, 0.164318, 0.768516, 0.141529
0.813425, 0.966572, -0.196119, -0.034888
0.813522, 0.582498, -0.180270, -0.413171
0.813634, 0.844061, -0.191763, -0.160130
0.814077, 0.532576, -0.177162, -0.459539
0.814101, 0.924739, -0.194655, -0.078337
0.814201, 0.300857, -0.160797, -0.664849
0.814230, 0.510389, -0.175866, -0.480115
0.814265, 0.145643, 0.760871, 0.115574
0.814808, 0.802446, -0.188902, -0.201692
0.815328, 0.054207, 0.769374, 0.043768
0.815342, 0.638281, -0.181130, -0.360626
0.815362, 0.000000, 0.770455, 0.000000
0.815486, 0.020759, 0.770400, 0.016784
0.815494, 0.903136, -0.192562, -0.100580
0.815572, 0.671587, -0.182408, -0.328898
0.815610, 0.456729, -0.171444, -0.528966
0.815762, 0.815452, -0.188433, -0.188762
0.815878, 0.732403, -0.184742, -0.270253
0.815895, 0.857189, -0.190305, -0.147230
0.815905, 0.955276, -0.193419, -0.046684
0.816000, 0.412258, -0.168198, -0.568711
0.816003, 0.196228, -0.331524, -0.931685
0.816064, 0.757091, -0.185434, -0.245959
0.816105, 0.086007, 0.768275, 0.069202
0.816262, 0.255103, -0.154343, -0.702587
0.816282, 0.829096, -0.188460, -0.175181
0.816308, 0.789824, -0.186853, -0.214185
0.816332, 0.287717, -0.157706, -0.675879
0.816386, 0.564139, -0.176503, -0.430128
0.816494, 0.098121, 0.767838, 0.078721
0.816547, 0.880871, -0.190619, -0.123300
0.816786, 0.989946, -0.193342, -0.010541
0.816985, 0.398442, -0.166363, -0.581004
0.817465, 0.042400, 0.771275, 0.034195
0.817483, 0.073607, 0.770056, 0.059211
0.817643, 0.544436, -0.174416, -0.448763
0.817814, 0.595358, -0.176755, -0.401264
0.817814, 0.314824, -0.159032, -0.653451
0.817898, 0.478628, -0.170651, -0.509320
0.818440, 0.111374, 0.768494, 0.089218
0.818596, 0.424944, -0.166709, -0.557665
0.819014, 0.184204, 0.096230, -0.512500
0.819142, 0.124193, 0.767384, 0.098922
0.819289, 0.718958, -0.180765, -0.283358
0.819510, 0.242042, -0.150064, -0.713228
0.819782, 0.659423, -0.177697, -0.340563
0.819813, 0.135179, 0.766734, 0.107427
0.820058, 0.935972, -0.189086, -0.066884
0.820187, 0.333955, -0.158645, -0.637335
0.820221, 0.606487, -0.174980, -0.390948
0.820222, 0.387323, -0.162709, -0.591108
0.820332, 0.706510, -0.179191, -0.295409
0.820387, 0.274689, -0.153019, -0.687018
0.820600, 0.777265, -0.182094, -0.226791
0.820624, 0.521559, -0.170467, -0.470186
0.820738, 0.694032, -0.178245, -0.307425
0.820831, 0.373545, -0.161183, -0.603263
0.821094, 0.359627, -0.159906, -0.615365
0.821118, 0.500065, -0.168891, -0.490059
0.821145, 0.216993, -0.146785, -0.734086
0.821149, 0.627309, -0.174935, -0.371103
0.821584, 0.574741, -0.172044, -0.420432
0.821618, 0.914983, -0.186919, -0.088627
0.821722, 0.345832, -0.158278, -0.627291
0.821846, 0.437749, -0.164570, -0.546442
0.821882, 0.171223, 0.870067, 0.244994
0.822279, 0.010454, 0.775915, 0.008408
0.822412, 0.156499, 0.772791, 0.129339
0.822487, 0.465863, -0.165634, -0.521040
0.822557, 0.030803, 0.775872, 0.024735
0.822574, 0.870706, -0.184049, -0.133717
0.822941, 0.892455, -0.184782, -0.111780
0.823365, 0.228510, -0.146789, -0.725617
0.823379, 0.647351, -0.173737, -0.352376
0.823481, 0.555001, -0.169408, -0.439252
0.824080, 0.981202, -0.186074, -0.019751
0.824182, 0.971171, -0.185762, -0.030258
0.824243, 1.000000, -0.186094, 0.000000
0.824398, 0.680948, -0.174168, -0.320274
0.824515, 0.765852, -0.177436, -0.237749
0.824918, 0.324678, -0.153806, -0.645833
0.824977, 0.305446, -0.152078, -0.661856
0.825143, 0.064017, 0.776836, 0.051188
0.825186, 0.205094, -0.151520, -0.753474
0.825386, 0.836574, -0.179885, -0.168239
0.825390, 0.451109, -0.162149, -0.534711
0.825484, 0.617253, -0.170315, -0.380851
0.825728, 0.848758, -0.180071, -0.156047
0.825740, 0.947095, -0.183674, -0.055440
0.825815, 0.533746, -0.166179, -0.459148
0.825818, 0.404428, -0.158837, -0.576269
0.825830, 0.740766, -0.175307, -0.262600
0.826007, 0.489214, -0.163704, -0.500112
0.826131, 0.586603, -0.168263, -0.409591
0.826319, 0.797622, -0.177210, -0.206894
0.826337, 0.294171, -0.149918, -0.671459
0.826377, 0.752204, -0.175187, -0.251393
0.826401, 0.264047, -0.146972, -0.696398
0.826485, 0.809888, -0.177594, -0.194797
0.826592, 0.822930, -0.178031, -0.181836
0.826595, 0.959095, -0.183030, -0.042914
0.827340, 0.728124, -0.173225, -0.274847
0.827428, 0.510721, -0.163542, -0.480612
0.827455, 0.144345, 0.772388, 0.114123
0.827509, 0.090991, 0.776940, 0.072441
0.827578, 0.860997, -0.178687, -0.143749
0.827713, 0.669634, -0.170373, -0.331104
0.827731, 0.078065, 0.777985, 0.062179
0.827735, 0.926814, -0.181365, -0.076652
0.827782, 0.251979, -0.144587, -0.706217
0.827817, 0.051689, 0.779297, 0.041263
0.828057, 0.282072, -0.147342, -0.681580
0.828072, 0.416370, -0.157576, -0.565842
0.828278, 0.104017, 0.776267, 0.082155
0.828459, 0.193330, -0.132218, -0.747897
0.828517, 0.904629, -0.179790, -0.099557
0.828968, 0.000000, 0.781290, 0.000000
0.828977, 0.635618, -0.167734, -0.363631
0.829377, 0.020827, 0.781451, 0.016632
0.829387, 0.785178, -0.173656, -0.219331
0.829428, 0.476396, -0.159818, -0.511929
0.829763, 0.040770, 0.781072, 0.032513
0.829902, 0.881615, -0.177391, -0.123074
0.829919, 0.117573, 0.777789, 0.094053
0.829929, 0.566213, -0.163792, -0.429084
0.830334, 0.598561, -0.164777, -0.398590
0.830509, 0.179862, -0.323520, -0.950321
0.830693, 0.380468, -0.152946, -0.598063
0.830711, 0.545087, -0.162100, -0.448899
0.830730, 0.428334, -0.155907, -0.555400
0.830827, 0.366524, -0.151853, -0.610211
0.830870, 0.238412, -0.140765, -0.717711
0.831154, 0.352302, -0.150545, -0.622611
0.831422, 0.393749, -0.153191, -0.586496
0.831469, 0.714099, -0.168583, -0.288618
0.831652, 0.314193, -0.147122, -0.655044
0.831734, 0.130700, 0.773646, 0.100148
0.831738, 0.989689, -0.178794, -0.010883
0.831771, 0.701723, -0.167721, -0.300473
0.831996, 0.689727, -0.167021, -0.312046
0.832104, 0.337807, -0.148621, -0.635125
0.832140, 0.216057, -0.137803, -0.736091
0.832203, 0.657252, -0.165543, -0.343269
0.832350, 0.166183, 0.420880, -0.215644
0.832726, 0.523038, -0.159147, -0.469444
0.832913, 0.463152, -0.155884, -0.524171
0.833550, 0.440299, -0.154032, -0.544851
0.833813, 0.939120, -0.175778, -0.064060
0.834019, 0.609993, -0.161731, -0.388008
0.834282, 0.774359, -0.168143, -0.229899
0.834621, 0.577863, -0.159835, -0.418423
0.834721, 0.916536, -0.174103, -0.087528
0.834820, 0.499898, -0.156036, -0.490825
0.835187, 0.272992, -0.140573, -0.690044
0.835455, 0.154248, 0.949448, 0.295562
0.835544, 0.894222, -0.172390, -0.110506
0.835635, 0.623658, -0.160733, -0.375151
0.835752, 0.965790, -0.174371, -0.036113
0.835769, 0.646487, -0.161551, -0.353505
0.835957, 0.761013, -0.166084, -0.243245
0.835994, 0.010544, 0.786751, 0.008372
0.836410, 0.870429, -0.170346, -0.134637
0.836484, 0.031390, 0.786896, 0.024871
0.836516, 0.556709, -0.157101, -0.438312
0.836599, 0.227207, -0.134749, -0.727117
0.836936, 0.830169, -0.168059, -0.175112
0.836954, 0.843070, -0.168609, -0.162233
0.837026, 0.301040, -0.141457, -0.666711
0.837027, 0.451943, -0.151474, -0.534495
0.837054, 0.325617, -0.143370, -0.645748
0.837058, 0.406264, -0.148893, -0.575713
0.837202, 0.069974, 0.785843, 0.055264
0.837437, 0.486640, -0.152916, -0.503051
0.837533, 0.817072, -0.166880, -0.188149
0.837571, 0.057608, 0.786642, 0.045538
0.837634, 0.856036, -0.168475, -0.149221
0.837647, 0.977594, -0.172835, -0.023712
0.837684, 0.287742, -0.139769, -0.677812
0.837741, 0.724879, -0.162717, -0.278255
0.837761, 0.203494, -0.130185, -0.744815
0.837985, 0.804410, -0.165819, -0.200623
0.838009, 0.792697, -0.165250, -0.212126
0.838035, 0.679156, -0.160628, -0.322355
0.838185, 0.737426, -0.162811, -0.266156
0.838218, 0.534750, -0.154503, -0.458851
0.838253, 1.000000, -0.172549, 0.000000
0.838260, 0.248270, -0.135688, -0.710401
0.838464, 0.748547, -0.163045, -0.255452
0.838537, 0.083486, 0.786069, 0.065774
0.838591, 0.952680, -0.171453, -0.050004
0.838807, 0.096134, 0.785325, 0.075674
0.838928, 0.667144, -0.159315, -0.333979
0.838989, 0.589606, -0.156148, -0.407595
0.839035, 0.188941, -0.133788, -0.762595
0.839365, 0.141982, 0.802369, 0.131448
0.839417, 0.260246, -0.135885, -0.700761
0.839589, 0.512769, -0.152180, -0.479207
0.839862, 0.108928, 0.784007, 0.084262
0.840068, 0.418770, -0.146900, -0.564713
0.840605, 0.929005, -0.168812, -0.074847
0.840845, 0.474366, -0.149113, -0.514344
0.840849, 0.359861, -0.142509, -0.616588
0.840976, 0.373386, -0.143281, -0.604744
0.841185, 0.044330, 0.790105, 0.034973
0.841275, 0.634503, -0.155734, -0.365179
0.841545, 0.346702, -0.141009, -0.628113
0.841607, 0.905956, -0.166884, -0.098726
0.841727, 0.386242, -0.143431, -0.593550
0.841800, 0.175752, -0.180244, -0.823438
0.842078, 0.121080, 0.789078, 0.098042
0.842276, 0.883990, -0.165181, -0.121191
0.842495, 0.000000, 0.791943, 0.000000
0.842800, 0.313041, -0.137460, -0.656939
0.842851, 0.692539, -0.156424, -0.309715
0.842889, 0.568862, -0.151528, -0.427195
0.843013, 0.021293, 0.792225, 0.016787
0.843019, 0.430315, -0.144849, -0.554497
0.843048, 0.704803, -0.156744, -0.297997
0.843147, 0.601407, -0.152625, -0.396653
0.843253, 0.546676, -0.150247, -0.447973
0.843731, 0.215732, -0.127614, -0.736828
0.843961, 0.237899, -0.129980, -0.719353
0.844388, 0.783061, -0.158497, -0.221871
0.844760, 0.716150, -0.155510, -0.287137
0.844813, 0.334476, -0.137294, -0.638864
0.844817, 0.163335, -0.245007, -0.897442
0.844855, 0.131315, 0.786907, 0.102754
0.844931, 0.463473, -0.144763, -0.524363
0.844990, 0.988584, -0.166110, -0.012169
0.845045, 0.397623, -0.141138, -0.583691
0.845377, 0.524456, -0.147249, -0.468660
0.845406, 0.769232, -0.157020, -0.235611
0.845421, 0.614109, -0.150923, -0.384727
0.845749, 0.441687, -0.142940, -0.544324
0.845889, 0.657294, -0.152044, -0.343471
0.846094, 0.941983, -0.163930, -0.061502
0.846458, 0.965355, -0.163932, -0.036804
0.846563, 0.279437, -0.131608, -0.685558
0.846602, 0.493448, -0.144687, -0.497269
0.846853, 0.645681, -0.150686, -0.354645
0.847375, 0.918587, -0.161680, -0.085913
0.847557, 0.268651, -0.129863, -0.694508
0.847594, 0.580591, -0.147505, -0.416422
0.847693, 0.862706, -0.158793, -0.143011
0.847843, 0.505086, -0.144065, -0.486650
0.847891, 0.196173, -0.122032, -0.752195
0.847965, 0.836418, -0.157325, -0.169396
0.848150, 0.874713, -0.158819, -0.130826
0.848240, 0.292467, -0.131244, -0.674866
0.848324, 0.849438, -0.157544, -0.156380
0.848330, 0.730492, -0.152418, -0.273194
0.848354, 0.151294, 0.384491, -0.279114
0.848372, 0.756396, -0.153548, -0.248286
0.848378, 0.823179, -0.156324, -0.182596
0.848567, 0.453271, -0.140914, -0.533884
0.848610, 0.810029, -0.155501, -0.195615
0.848751, 0.076501, 0.794285, 0.059639
0.848768, 0.559062, -0.145501, -0.436623
0.848773, 0.895117, -0.159294, -0.110181
0.848803, 0.410296, -0.138453, -0.572595
0.848901, 0.033335, 0.796483, 0.026060
0.849161, 0.302871, -0.131242, -0.666083
0.849237, 0.064167, 0.795455, 0.050126
0.849273, 0.625364, -0.147625, -0.374221
0.849341, 0.052947, 0.795925, 0.041328
0.849350, 0.796237, -0.154079, -0.209134
0.849471, 0.670674, -0.149098, -0.330967
0.849474, 0.010790, 0.797299, 0.008452
0.849486, 0.250641, -0.126677, -0.709515
0.849708, 0.322114, -0.132176, -0.649862
0.849739, 0.227523, -0.124281, -0.728313
0.850107, 0.089133, 0.794634, 0.069425
0.850114, 0.682898, -0.148974, -0.319385
0.850188, 0.101484, 0.793621, 0.079023
0.850325, 0.481736, -0.140660, -0.508126
0.850520, 0.536548, -0.142877, -0.457589
0.851289, 0.366776, -0.133707, -0.611277
0.851298, 0.743752, -0.150106, -0.260661
0.851303, 0.977242, -0.159943, -0.024362
0.851345, 0.184638, -0.116242, -0.759882
0.851605, 0.206386, -0.120688, -0.745065
0.851655, 1.000000, -0.159716, 0.000000
0.851854, 0.592330, -0.143865, -0.405550
0.851907, 0.954090, -0.158679, -0.048966
0.852216, 0.114332, 0.787477, 0.081860
0.852238, 0.354843, -0.132135, -0.621768
0.852362, 0.379437, -0.133493, -0.600126
0.852848, 0.139594, 0.852531, 0.172839
0.853041, 0.422181, -0.135238, -0.562209
0.853146, 0.931187, -0.156538, -0.073062
0.853482, 0.515519, -0.139195, -0.477221
0.853589, 0.343263, -0.130210, -0.631896
0.854014, 0.908037, -0.154648, -0.097125
0.854070, 0.172365, -0.112129, -0.769061
0.854196, 0.470342, -0.136514, -0.518623
0.854343, 0.696245, -0.145263, -0.306631
0.854460, 0.636859, -0.142964, -0.363393
0.854795, 0.777406, -0.147902, -0.227886
0.854868, 0.260789, -0.123114, -0.701828
0.855029, 0.389895, -0.131704, -0.591134
0.855082, 0.604789, -0.141215, -0.393913
0.855338, 0.548842, -0.138779, -0.446286
0.855532, 0.707884, -0.144555, -0.295563
0.855563, 0.720410, -0.144975, -0.283445
0.855698, 0.434064, -0.133411, -0.551669
0.855742, 0.043464, 0.801517, 0.033867
0.855841, 0.000000, 0.802359, 0.000000
0.855876, 0.022279, 0.802176, 0.017332
0.855959, 0.571583, -0.139106, -0.425162
0.856118, 0.239724, -0.120262, -0.719042
0.856418, 0.217692, -0.118019, -0.736722
0.856482, 0.310628, -0.125513, -0.660058
0.856492, 0.125987, 0.863535, 0.163983
0.856586, 0.884314, -0.150860, -0.121491
0.857196, 0.285181, -0.123070, -0.681545
0.857301, 0.331141, -0.126175, -0.642585
0.857621, 0.160648, -0.141244, -0.811725
0.857653, 0.402338, -0.130009, -0.580193
0.857704, 0.650067, -0.140251, -0.350889
0.857712, 0.765392, -0.144537, -0.239811
0.857954, 0.446530, -0.131930, -0.540463
0.858118, 0.498846, -0.134105, -0.492684
0.858274, 0.527072, -0.135161, -0.466793
0.858283, 0.988682, -0.153198, -0.012178
0.858326, 0.661895, -0.140097, -0.339709
0.858362, 0.616516, -0.138473, -0.382962
0.858620, 0.788311, -0.144479, -0.217303
0.858802, 0.830047, -0.146136, -0.176211
0.858805, 0.857094, -0.147350, -0.149160
0.858852, 0.459344, -0.131686, -0.528851
0.858952, 0.966094, -0.151896, -0.036353
0.859046, 0.843379, -0.146470, -0.162906
0.859049, 0.870531, -0.147704, -0.135592
0.859096, 0.943334, -0.151179, -0.060552
0.859096, 0.803487, -0.144590, -0.202364
0.859473, 0.733917, -0.141550, -0.270433
0.859722, 0.816362, -0.144588, -0.189785
0.859896, 0.069334, 0.803265, 0.053613
0.859903, 0.273542, -0.119908, -0.691619
0.859912, 0.488517, -0.131991, -0.502269
0.860047, 0.920401, -0.149190, -0.084577
0.860377, 0.195196, -0.112790, -0.755136
0.860411, 0.561517, -0.134410, -0.434596
0.860636, 0.583219, -0.135068, -0.414495
0.860832, 0.081567, 0.803190, 0.062777
0.860886, 0.897654, -0.147268, -0.108115
0.860930, 0.674527, -0.137964, -0.327673
0.861000, 0.753435, -0.140826, -0.251669
0.861184, 0.297592, -0.120565, -0.671382
0.861513, 0.148998, -0.273746, -0.954843
0.861534, 0.055853, 0.805048, 0.042804
0.861565, 0.413391, -0.127040, -0.570654
0.861591, 0.105078, 0.797978, 0.076840
0.861716, 0.686819, -0.137626, -0.315930
0.862009, 0.093748, 0.804184, 0.072975
0.862038, 0.373565, -0.124515, -0.605888
0.862487, 0.628285, -0.134868, -0.371918
0.862523, 0.011197, 0.807335, 0.008644
0.862533, 0.033068, 0.806980, 0.025449
0.862567, 0.250440, -0.115866, -0.710993
0.862726, 0.229616, -0.113980, -0.727763
0.862857, 0.508048, -0.130000, -0.484288
0.862876, 0.319811, -0.120588, -0.652631
0.862926, 0.538893, -0.131210, -0.456001
0.863046, 0.181925, -0.109531, -0.765802
0.863534, 0.362421, -0.122562, -0.615752
0.863746, 0.476815, -0.127901, -0.513106
0.864121, 0.207071, -0.110844, -0.746130
0.864139, 0.595542, -0.132120, -0.402979
0.864506, 0.136719, 0.276377, -0.413291
0.864510, 0.351543, -0.121074, -0.625275
0.864942, 0.977629, -0.146620, -0.024186
0.865125, 1.000000, -0.146655, 0.000000
0.865305, 0.955093, -0.145545, -0.048333
0.865368, 0.340256, -0.119658, -0.635130
0.865407, 0.115127, 0.826416, 0.110434
0.865658, 0.426711, -0.123951, -0.558882
0.866065, 0.932561, -0.143810, -0.072172
0.866184, 0.394576, -0.121888, -0.587474
0.866274, 0.742971, -0.135117, -0.261932
0.866302, 0.641129, -0.131574, -0.359808
0.866325, 0.724104, -0.134331, -0.280089
0.866717, 0.775823, -0.135862, -0.229884
0.866777, 0.909588, -0.141976, -0.096118
0.866831, 0.170381, -0.105693, -0.775303
0.866940, 0.712111, -0.133348, -0.291796
0.867031, 0.700051, -0.132816, -0.303351
0.867086, 0.518878, -0.126456, -0.474542
0.867190, 0.383069, -0.120385, -0.597644
0.867195, 0.440098, -0.123145, -0.546841
0.867199, 0.262868, -0.112965, -0.701040
0.867309, 0.550791, -0.127468, -0.445047
0.867680, 0.796661, -0.135677, -0.209418
0.867749, 0.607652, -0.129040, -0.391651
0.867988, 0.466413, -0.123537, -0.522926
0.868174, 0.285834, -0.113789, -0.681932
0.868184, 0.219359, -0.108642, -0.736498
0.868632, 0.044729, 0.811372, 0.034483
0.868684, 0.888548, -0.138902, -0.117750
0.868715, 0.308110, -0.114787, -0.663076
0.868951, 0.000000, 0.812418, 0.000000
0.869167, 0.022255, 0.812374, 0.017065
0.869259, 0.877534, -0.137876, -0.129084
0.869319, 0.574095, -0.126298, -0.423046
0.869400, 0.823601, -0.135112, -0.182992
0.869449, 0.850544, -0.136302, -0.156211
0.869474, 0.653797, -0.128892, -0.347845
0.869510, 0.452497, -0.121554, -0.535759
0.869639, 0.239469, -0.109134, -0.720536
0.869666, 0.864167, -0.136760, -0.142578
0.869750, 0.836816, -0.135374, -0.169933
0.870006, 0.763882, -0.132180, -0.241803
0.870051, 0.125642, 0.691115, -0.014261
0.870305, 0.328698, -0.114645, -0.645380
0.870436, 0.158543, -0.105193, -0.788277
0.870510, 0.064494, 0.813226, 0.050934
0.870664, 0.665508, -0.128118, -0.336727
0.871087, 0.619636, -0.126195, -0.380409
0.871257, 0.497247, -0.121687, -0.494634
0.871266, 0.562887, -0.124085, -0.433784
0.871297, 0.809550, -0.132603, -0.196957
0.871391, 0.530295, -0.122813, -0.464173
0.871607, 0.485193, -0.120906, -0.505807
0.871679, 0.189845, -0.103137, -0.759984
0.871810, 0.988864, -0.140038, -0.012116
0.872052, 0.404242, -0.117037, -0.579115
0.872122, 0.966631, -0.139112, -0.036164
0.872162, 0.416800, -0.117518, -0.567894
0.872220, 0.076203, 0.806484, 0.052314
0.872342, 0.944370, -0.138116, -0.059982
0.872389, 0.785643, -0.130581, -0.220559
0.872627, 0.689401, -0.126903, -0.313741
0.872637, 0.677449, -0.126535, -0.325283
0.872843, 0.274758, -0.109062, -0.691606
0.872901, 0.921817, -0.136436, -0.083700
0.872920, 0.088328, 0.823860, 0.079004
0.873146, 0.586466, -0.123100, -0.411810
0.873424, 0.101965, 0.806905, 0.073058
0.873660, 0.733004, -0.127317, -0.271705
0.874094, 0.200431, -0.102182, -0.751839
0.874149, 0.371240, -0.113535, -0.608411
0.874194, 0.297172, -0.109379, -0.672839
0.874215, 0.147034, -0.125892, -0.822568
0.874360, 0.899001, -0.133732, -0.107347
0.874569, 0.251954, -0.105993, -0.710605
0.874610, 0.632398, -0.123160, -0.368363
0.874648, 0.751720, -0.127044, -0.253717
0.875558, 0.033714, 0.816807, 0.025556
0.875565, 0.509123, -0.118123, -0.484079
0.875636, 0.011160, 0.817241, 0.008470
0.875692, 0.542073, -0.119140, -0.453389
0.876005, 0.054682, 0.815114, 0.040233
0.876022, 0.360197, -0.111298, -0.618161
0.876060, 0.318468, -0.109033, -0.654641
0.876117, 0.434441, -0.114667, -0.552211
0.876371, 0.349149, -0.110411, -0.627783
0.876648, 0.598725, -0.120121, -0.400392
0.876655, 0.179129, -0.098115, -0.768873
0.876685, 0.212764, -0.101191, -0.742356
0.876790, 0.227854, -0.102329, -0.730295
0.876961, 0.136381, -0.188227, -0.894973
0.877045, 0.338176, -0.109241, -0.637443
0.877565, 0.391348, -0.111457, -0.590990
0.877688, 0.114619, 0.870629, 0.147994
0.877700, 0.720010, -0.122869, -0.284436
0.877887, 0.460815, -0.114107, -0.528421
0.878015, 0.474483, -0.114547, -0.516136
0.878412, 0.645402, -0.119850, -0.356115
0.878611, 0.977874, -0.133223, -0.024200
0.878728, 1.000000, -0.133429, 0.000000
0.878830, 0.707761, -0.121373, -0.296346
0.878851, 0.955768, -0.132196, -0.048106
0.879116, 0.798191, -0.124177, -0.208336
0.879209, 0.933697, -0.130776, -0.071588
0.879393, 0.911006, -0.129343, -0.095262
0.879469, 0.167100, -0.094679, -0.778410
0.879683, 0.554188, -0.115733, -0.442218
0.879754, 0.264149, -0.102500, -0.700925
0.879828, 0.521134, -0.114512, -0.473107
0.879845, 0.858074, -0.126068, -0.149097
0.880021, 0.844142, -0.125258, -0.163048
0.880064, 0.819010, -0.124069, -0.187893
0.880068, 0.445958, -0.111493, -0.541962
0.880068, 0.872381, -0.126572, -0.134758
0.880100, 0.773807, -0.122409, -0.232501
0.880289, 0.424685, -0.110401, -0.561040
0.880437, 0.611043, -0.116823, -0.388834
0.880481, 0.286368, -0.103306, -0.682339
0.880731, 0.379695, -0.108049, -0.601430
0.880945, 0.830852, -0.123664, -0.176192
0.880994, 0.696889, -0.118848, -0.306809
0.881118, 0.886429, -0.126280, -0.120618
0.881180, 0.741619, -0.120117, -0.263674
0.881511, 0.240880, -0.099425, -0.720252
0.881783, 0.307988, -0.103462, -0.664046
0.881840, 0.658220, -0.116875, -0.343994
0.881854, 0.567246, -0.114070, -0.430067
0.881917, 0.761099, -0.120074, -0.244843
0.882065, 0.000000, 0.822424, 0.000000
0.882140, 0.487907, -0.111183, -0.503994
0.882158, 0.022511, 0.822211, 0.017019
0.882454, 0.044527, 0.821799, 0.033821
0.882571, 0.578635, -0.113773, -0.419530
0.882653, 0.066931, 0.825448, 0.055332
0.882671, 0.411219, -0.107688, -0.573440
0.883051, 0.623408, -0.114651, -0.377199
0.883107, 0.669843, -0.115981, -0.332938
0.883146, 0.127253, -0.244668, -0.962042
0.883610, 0.154913, -0.089940, -0.787709
0.883643, 0.683399, -0.115819, -0.319841
0.883702, 0.092039, 0.867059, 0.116113
0.883996, 0.329123, -0.102669, -0.645877
0.884066, 0.533253, -0.110882, -0.461956
0.884109, 0.499991, -0.109776, -0.493022
0.884286, 0.190437, -0.093256, -0.761006
0.884297, 0.079062, 0.801980, 0.040102
0.884317, 0.786086, -0.118623, -0.220701
0.885332, 0.809507, -0.118414, -0.197589
0.885437, 0.399946, -0.104698, -0.583693
0.885460, 0.989001, -0.126754, -0.012134
0.885655, 0.966924, -0.125875, -0.036296
0.885740, 0.104597, 0.899103, 0.161189
0.885775, 0.203682, -0.093158, -0.750823
0.885866, 0.945082, -0.124707, -0.059833
0.885869, 0.275798, -0.098061, -0.691578
0.885937, 0.923094, -0.123394, -0.083015
0.885941, 0.728765, -0.114943, -0.276288
0.886049, 0.590423, -0.110763, -0.408508
0.886304, 0.899419, -0.121789, -0.107665
0.886381, 0.217900, -0.093749, -0.739363
0.886447, 0.636487, -0.111703, -0.364806
0.886682, 0.253542, -0.095980, -0.710203
0.887145, 0.366618, -0.101709, -0.613437
0.887309, 0.297675, -0.098092, -0.673119
0.887368, 0.454755, -0.105038, -0.534099
0.887698, 0.141819, -0.085296, -0.797634
0.887926, 0.354131, -0.100426, -0.624358
0.888063, 0.342066, -0.099729, -0.634878
0.888118, 0.545592, -0.107400, -0.450555
0.888214, 0.512160, -0.106288, -0.481830
0.888426, 0.435188, -0.103335, -0.551892
0.888652, 0.011267, 0.826802, 0.008345
0.888734, 0.467115, -0.104214, -0.522906
0.888836, 0.033626, 0.826753, 0.025134
0.888870, 0.177047, -0.088554, -0.771857
0.888871, 0.319215, -0.097888, -0.654764
0.888909, 0.230721, -0.092603, -0.729157
0.889089, 0.056408, 0.824126, 0.040081
0.889175, 0.602427, -0.108085, -0.397276
0.889274, 0.750810, -0.112346, -0.255137
0.889422, 0.715620, -0.111094, -0.289172
0.889980, 0.117725, -0.170176, -0.900077
0.889996, 0.850788, -0.115410, -0.156880
0.890079, 0.864674, -0.115967, -0.142964
0.890367, 0.650077, -0.108253, -0.351996
0.890417, 0.388706, -0.099706, -0.593899
0.890514, 0.478864, -0.102971, -0.512303
0.890646, 0.420316, -0.100758, -0.565628
0.890953, 0.836870, -0.113800, -0.170752
0.891187, 0.878262, -0.115591, -0.129417
0.891223, 0.558477, -0.104807, -0.438577
0.891311, 0.798409, -0.111922, -0.208733
0.891470, 0.912058, -0.117227, -0.094876
0.891685, 0.165793, -0.085424, -0.780653
0.892026, 0.765516, -0.109989, -0.240783
0.892168, 0.822444, -0.111951, -0.185079
0.892229, 0.703611, -0.107935, -0.300816
0.892264, 0.691619, -0.107501, -0.312153
0.892299, 0.978110, -0.119814, -0.024288
0.892389, 0.524475, -0.102708, -0.470501
0.892444, 1.000000, -0.120100, 0.000000
0.892516, 0.265559, -0.091808, -0.700557
0.892577, 0.955984, -0.118617, -0.048471
0.892658, 0.934517, -0.117337, -0.071424
0.892703, 0.377518, -0.097179, -0.603945
0.893009, 0.676296, -0.106409, -0.327107
0.893051, 0.614857, -0.104660, -0.385595
0.893235, 0.287213, -0.092417, -0.682345
0.893694, 0.737732, -0.107459, -0.267867
0.893714, 0.570861, -0.102771, -0.427041
0.893741, 0.243423, -0.089436, -0.719004
0.893742, 0.776091, -0.108674, -0.230683
0.893944, 0.491374, -0.100166, -0.500945
0.894312, 0.445452, -0.098297, -0.543019
0.894506, 0.890253, -0.112872, -0.117456
0.894614, 0.626795, -0.103464, -0.374347
0.894670, 0.131051, -0.059856, -0.787528
0.894764, 0.309163, -0.092227, -0.663629
0.894965, 0.662866, -0.104124, -0.340068
0.895023, 0.408002, -0.096288, -0.576890
0.895118, 0.000000, 0.832376, 0.000000
0.895157, 0.082964, 0.777156, 0.009148
0.895167, 0.068872, 0.839541, 0.061315
0.895260, 0.022479, 0.832173, 0.016864
0.895291, 0.094755, 1.090187, 0.334598
0.895348, 0.045218, 0.830909, 0.033390
0.895407, 0.152445, -0.081330, -0.791314
0.895740, 0.582441, -0.101147, -0.416238
0.895978, 0.332244, -0.092265, -0.643721
0.896208, 0.787797, -0.106505, -0.219181
0.896230, 0.184982, -0.083375, -0.766098
0.896292, 0.196258, -0.084168, -0.757149
0.896452, 0.536964, -0.099206, -0.458987
0.896633, 0.208763, -0.084776, -0.747274
0.896860, 0.503469, -0.097797, -0.489906
0.897380, 0.108166, -0.174106, -0.917074
0.897665, 0.809410, -0.105901, -0.198258
0.897711, 0.640205, -0.100771, -0.361593
0.897781, 0.428885, -0.094501, -0.558073
0.897836, 0.221138, -0.084629, -0.737432
0.898006, 0.724354, -0.102773, -0.281006
0.898757, 0.357354, -0.090891, -0.621925
0.898838, 0.457786, -0.094523, -0.532051
0.898943, 0.594153, -0.098359, -0.405275
0.898981, 0.276917, -0.086946, -0.691401
0.899055, 0.396209, -0.092167, -0.587585
0.899157, 0.902165, -0.108727, -0.105471
0.899166, 0.924053, -0.110051, -0.082750
0.899184, 0.344825, -0.089991, -0.633016
0.899217, 0.989146, -0.113358, -0.012182
0.899235, 0.967248, -0.112518, -0.036476
0.899259, 0.255516, -0.085536, -0.709304
0.899650, 0.757635, -0.102022, -0.248626
0.899774, 0.944975, -0.110796, -0.060680
0.900011, 0.549792, -0.096163, -0.447117
0.900100, 0.298812, -0.087094, -0.672832
0.900205, 0.369211, -0.090090, -0.611651
0.900434, 0.321864, -0.087868, -0.652912
0.900561, 0.857650, -0.104875, -0.150464
0.900741, 0.515763, -0.094480, -0.478625
0.900753, 0.469785, -0.093114, -0.521118
0.900857, 0.685498, -0.098793, -0.318205
0.900946, 0.845131, -0.103874, -0.162882
0.901093, 0.233772, -0.082741, -0.727386
0.901121, 0.870761, -0.104894, -0.137319
0.901385, 0.606107, -0.096301, -0.394067
0.901406, 0.142276, -0.074663, -0.798291
0.901697, 0.011219, 0.835930, 0.007931
0.901761, 0.056976, 0.832676, 0.039057
0.901768, 0.033889, 0.836223, 0.024972
0.901797, 0.832028, -0.102520, -0.176022
0.901919, 0.711236, -0.098511, -0.293810
0.902131, 0.162539, -0.076996, -0.784149
0.902175, 0.120537, -0.062979, -0.805815
0.902318, 0.745807, -0.099025, -0.260291
0.902684, 0.482126, -0.091680, -0.509845
0.902727, 0.651874, -0.096162, -0.350695
0.903135, 0.417553, -0.089196, -0.568528
0.903298, 0.438420, -0.089728, -0.549579
0.903309, 0.562390, -0.093338, -0.435434
0.903496, 0.383663, -0.087665, -0.598853
0.903588, 0.174691, -0.076793, -0.774844
0.903783, 0.914017, -0.104642, -0.093461
0.904294, 0.672965, -0.095153, -0.330602
0.904343, 0.796580, -0.098506, -0.210818
0.904399, 0.882743, -0.102173, -0.125465
0.904736, 0.698030, -0.095281, -0.306337
0.904744, 0.528322, -0.091018, -0.467044
0.904858, 0.820175, -0.098946, -0.187898
0.905076, 0.076290, 0.799435, 0.018620
0.905222, 0.630424, -0.093122, -0.370926
0.905607, 0.098915, -0.015201, -0.772224
0.905704, 0.266634, -0.080687, -0.700415
0.905960, 0.781646, -0.096445, -0.225614
0.906012, 0.494576, -0.088905, -0.498462
0.906031, 0.618569, -0.092082, -0.382362
0.906033, 0.288615, -0.081483, -0.681879
0.906045, 0.978399, -0.106334, -0.024400
0.906051, 0.956312, -0.105225, -0.048822
0.906075, 0.768771, -0.095857, -0.237979
0.906163, 0.574492, -0.090900, -0.424160
0.906203, 0.733257, -0.094799, -0.272625
0.906284, 1.000000, -0.106663, 0.000000
0.906474, 0.245973, -0.078957, -0.717667
0.906670, 0.933616, -0.103172, -0.073271
0.907168, 0.310920, -0.081508, -0.662790
0.907525, 0.406089, -0.084793, -0.578995
0.907621, 0.199283, -0.075268, -0.755791
0.907768, 0.131825, -0.072467, -0.810085
0.907913, 0.186772, -0.074215, -0.765850
0.907931, 0.449100, -0.085769, -0.540046
0.908094, 0.211670, -0.075653, -0.745827
0.908120, 0.045381, 0.837804, 0.030547
0.908196, 0.000000, 0.842539, 0.000000
0.908225, 0.022478, 0.842545, 0.017285
0.908233, 0.894645, -0.098896, -0.113636
0.908373, 0.334663, -0.081420, -0.642110
0.908400, 0.087477, 0.787998, 0.019149
0.908501, 0.541145, -0.087759, -0.455166
0.908806, 0.586060, -0.088626, -0.413327
0.908901, 0.661951, -0.090324, -0.341243
0.909152, 0.224120, -0.075513, -0.735745
0.909330, 0.506994, -0.086109, -0.487083
0.909428, 0.153015, -0.070585, -0.791949
0.909878, 0.066168, 0.875762, 0.083567
0.909939, 0.348059, -0.080560, -0.630602
0.909969, 0.809116, -0.093249, -0.198829
0.909982, 0.110224, -0.021189, -0.778749
0.910382, 0.720467, -0.090281, -0.285108
0.910432, 0.427810, -0.082818, -0.559518
0.910444, 0.640940, -0.088246, -0.361041
0.910486, 0.360425, -0.080530, -0.619755
0.910928, 0.373180, -0.080576, -0.608423
0.911008, 0.460553, -0.083249, -0.529790
0.911278, 0.755716, -0.090267, -0.250931
0.911425, 0.394688, -0.080865, -0.589370
0.911505, 0.685174, -0.088278, -0.319007
0.911565, 0.863609, -0.093764, -0.144938
0.911655, 0.322633, -0.078061, -0.652881
0.911767, 0.597540, -0.086010, -0.402498
0.911809, 0.277923, -0.076024, -0.691246
0.912052, 0.840950, -0.092311, -0.167564
0.912132, 0.553937, -0.084591, -0.443287
0.912366, 0.473213, -0.082336, -0.518258
0.912422, 0.907146, -0.095273, -0.101056
0.912540, 0.301003, -0.076408, -0.671644
0.912634, 0.256516, -0.074318, -0.709310
0.912818, 0.852463, -0.091976, -0.156124
0.912843, 0.967672, -0.099051, -0.036660
0.913005, 0.519528, -0.082942, -0.475564
0.913113, 0.989309, -0.099813, -0.012267
0.913147, 0.608870, -0.084900, -0.391690
0.913192, 0.945273, -0.097285, -0.061207
0.913363, 0.236870, -0.072718, -0.725499
0.913386, 0.165595, -0.068451, -0.782634
0.913808, 0.921580, -0.094837, -0.086244
0.914102, 0.707767, -0.086259, -0.297467
0.914122, 0.874378, -0.091616, -0.134267
0.914322, 0.829143, -0.089500, -0.179306
0.914637, 0.742753, -0.086553, -0.263631
0.914644, 0.033692, 0.844106, 0.023200
0.914754, 0.011183, 0.844243, 0.007183
0.914856, 0.485477, -0.080329, -0.507109
0.914949, 0.142813, -0.065921, -0.800498
0.915282, 0.121108, -0.061611, -0.814050
0.915553, 0.416078, -0.077758, -0.570308
0.915701, 0.055801, 0.854410, 0.048526
0.915767, 0.566560, -0.081384, -0.431528
0.915893, 0.799205, -0.086785, -0.208545
0.915962, 0.788016, -0.086472, -0.219730
0.916072, 0.651000, -0.082958, -0.351691
0.916129, 0.438936, -0.077885, -0.549669
0.916274, 0.628000, -0.082287, -0.373698
0.916438, 0.672862, -0.083113, -0.330968
0.916671, 0.384779, -0.075780, -0.598350
0.916827, 0.532348, -0.079611, -0.463746
0.917071, 0.098406, -0.214979, -0.987437
0.917594, 0.886259, -0.088706, -0.122605
0.917676, 0.775865, -0.084392, -0.231660
0.917840, 0.695982, -0.082261, -0.308918
0.917996, 0.178284, -0.065668, -0.773200
0.918004, 0.498062, -0.077677, -0.495601
0.918056, 0.076929, 0.736752, -0.048347
0.918355, 0.289769, -0.070901, -0.681459
0.918582, 0.729970, -0.082271, -0.276097
0.918611, 0.818540, -0.084685, -0.189851
0.918941, 0.267408, -0.069468, -0.700532
0.918971, 0.578790, -0.078561, -0.420120
0.919078, 0.191352, -0.065573, -0.762939
0.919142, 0.203752, -0.066212, -0.752987
0.919331, 0.933975, -0.090249, -0.073798
0.919357, 0.956801, -0.091884, -0.049128
0.919603, 0.215927, -0.066478, -0.743084
0.919633, 0.764442, -0.082099, -0.242835
0.919908, 0.978742, -0.092693, -0.024573
0.920107, 0.404398, -0.073248, -0.580988
0.920189, 0.340271, -0.071190, -0.638144
0.920263, 1.000000, -0.093104, 0.000000
0.920357, 0.313685, -0.070093, -0.661175
0.920408, 0.227918, -0.066410, -0.733205
0.920539, 0.617012, -0.077840, -0.384056
0.920584, 0.545157, -0.076311, -0.451922
0.920585, 0.131601, -0.059910, -0.808312
0.920607, 0.246796, -0.067132, -0.717640
0.920855, 0.450385, -0.073817, -0.539487
0.921111, 0.328074, -0.069942, -0.648740
0.921191, 0.044519, 0.840871, 0.022556
0.921209, 0.898486, -0.085721, -0.110565
0.921284, 0.022270, 0.854750, 0.019239
0.921294, 0.000000, 0.853310, 0.000000
0.921546, 0.352622, -0.070381, -0.627224
0.921589, 0.510748, -0.074583, -0.483967
0.921843, 0.087483, -0.121649, -0.903876
0.921859, 0.464075, -0.073223, -0.526980
0.921876, 0.590907, -0.076006, -0.408807
0.921925, 0.364404, -0.070408, -0.616759
0.922146, 0.661203, -0.077188, -0.342133
0.922354, 0.426745, -0.071798, -0.560881
0.922400, 0.110076, -0.080556, -0.847849
0.922555, 0.638831, -0.076342, -0.363502
0.922605, 0.154258, -0.060580, -0.792150
0.922920, 0.717442, -0.077632, -0.288288
0.922940, 0.375381, -0.069817, -0.606924
0.923332, 0.683801, -0.076501, -0.320628
0.923356, 0.751957, -0.077986, -0.254961
0.923520, 0.838835, -0.080288, -0.169955
0.923590, 0.862722, -0.081223, -0.146386
0.923832, 0.066644, 0.972207, 0.173506
0.923934, 0.911232, -0.083726, -0.097772
0.923956, 0.807914, -0.078762, -0.200214
0.924073, 0.166899, -0.060197, -0.782357
0.924126, 0.301419, -0.066339, -0.671713
0.924309, 0.278846, -0.065340, -0.691048
0.924321, 0.557872, -0.072998, -0.440148
0.924345, 0.476419, -0.071191, -0.515751
0.924383, 0.850001, -0.079780, -0.158878
0.924403, 0.603717, -0.073818, -0.396827
0.925023, 0.523442, -0.071597, -0.472273
0.925272, 0.393644, -0.068223, -0.590696
0.925723, 0.875743, -0.079691, -0.133643
0.925877, 0.257051, -0.063122, -0.709380
0.926528, 0.968128, -0.085383, -0.036968
0.926690, 0.946061, -0.083518, -0.061347
0.926763, 0.488928, -0.069193, -0.504237
0.926857, 0.923278, -0.081534, -0.085543
0.927032, 0.739330, -0.073969, -0.267235
0.927193, 0.705776, -0.073105, -0.299638
0.927201, 0.989524, -0.086053, -0.012384
0.927407, 0.237263, -0.061007, -0.725760
0.927604, 0.795585, -0.074705, -0.212484
0.927623, 0.142116, -0.055951, -0.801505
0.927773, 0.828493, -0.075565, -0.180384
0.927827, 0.033102, 0.841503, 0.010627
0.927835, 0.414618, -0.066441, -0.572011
0.927929, 0.011102, 0.851362, 0.006195
0.928010, 0.437561, -0.066836, -0.551177
0.928417, 0.570364, -0.069303, -0.428552
0.928481, 0.120196, -0.056699, -0.820906
0.928604, 0.784084, -0.073403, -0.223785
0.928711, 0.649270, -0.070479, -0.353683
0.928782, 0.627424, -0.069990, -0.374428
0.928862, 0.055524, 1.008447, 0.193200
0.928900, 0.536348, -0.068159, -0.460324
0.928924, 0.671702, -0.070688, -0.332261
0.929141, 0.100059, -0.038809, -0.819771
0.929814, 0.501663, -0.066575, -0.492486
0.930029, 0.889025, -0.075873, -0.120556
0.930170, 0.185809, -0.056383, -0.767787
0.930507, 0.198216, -0.056710, -0.757842
0.930550, 0.210744, -0.057253, -0.747721
0.930584, 0.772627, -0.071102, -0.234987
0.930799, 0.223554, -0.057609, -0.737245
0.930835, 0.694419, -0.069227, -0.310568
0.931069, 0.289499, -0.059894, -0.682204
0.931167, 0.727010, -0.069534, -0.279190
0.931199, 0.383466, -0.062552, -0.599864
0.931471, 0.457180, -0.064060, -0.533284
0.931522, 0.322485, -0.060551, -0.653627
0.931768, 0.582032, -0.066280, -0.417668
0.931921, 0.935554, -0.077184, -0.073058
0.931981, 0.269063, -0.058383, -0.699384
0.931995, 0.817162, -0.070794, -0.191482
0.932007, 0.335258, -0.060504, -0.642526
0.932346, 0.347306, -0.060551, -0.631999
0.932351, 0.077251, -0.225149, -1.023196
0.932384, 0.174780, -0.054058, -0.776529
0.932497, 0.615672, -0.066144, -0.385677
0.932570, 0.761082, -0.068817, -0.246234
0.932594, 0.957287, -0.078409, -0.049600
0.932737, 0.549162, -0.064724, -0.448430
0.932795, 0.130241, -0.051894, -0.811361
0.932976, 0.310972, -0.058913, -0.663570
0.933215, 0.403275, -0.061226, -0.582366
0.933306, 0.089096, -0.068493, -0.861028
0.933428, 0.359516, -0.059914, -0.621223
0.933721, 0.514619, -0.063121, -0.480518
0.933870, 0.044102, 0.917796, 0.089018
0.933877, 0.900495, -0.072542, -0.109369
0.933892, 0.979143, -0.078834, -0.024854
0.934072, 0.593738, -0.064247, -0.406639
0.934143, 0.446789, -0.061350, -0.542922
0.934280, 0.371101, -0.059449, -0.610971
0.934296, 0.425185, -0.060740, -0.562592
0.934408, 1.000000, -0.079376, 0.000000
0.934424, 0.468249, -0.061528, -0.523207
0.934432, 0.000000, 0.866395, 0.000000
0.934507, 0.161435, -0.051710, -0.787125
0.934618, 0.022106, 0.866897, 0.020498
0.934918, 0.659958, -0.064534, -0.343580
0.935058, 0.246600, -0.054959, -0.718459
0.935219, 0.854479, -0.068838, -0.155267
0.935376, 0.682486, -0.064466, -0.322034
0.935401, 0.637593, -0.063681, -0.364993
0.935479, 0.748865, -0.065605, -0.258120
0.935504, 0.867201, -0.069067, -0.142689
0.935581, 0.840744, -0.067909, -0.168710
0.936069, 0.149597, -0.049863, -0.796285
0.936158, 0.299512, -0.055782, -0.673584
0.936211, 0.110909, -0.043327, -0.821278
0.936219, 0.715360, -0.064235, -0.290582
0.936316, 0.480240, -0.059996, -0.512287
0.936317, 0.912759, -0.070707, -0.096996
0.936386, 0.804905, -0.065970, -0.203725
0.936457, 0.605195, -0.062095, -0.395692
0.936590, 0.561971, -0.061241, -0.436489
0.936914, 0.527286, -0.060311, -0.468810
0.937088, 0.879973, -0.067892, -0.129885
0.937356, 0.065998, 0.089068, -0.718261
0.937457, 0.258652, -0.053351, -0.708365
0.937576, 0.279592, -0.053936, -0.690741
0.938462, 0.232986, -0.051604, -0.729765
0.938589, 0.492564, -0.058093, -0.501045
0.939115, 0.392033, -0.055569, -0.592497
0.939567, 0.924609, -0.068109, -0.085059
0.939651, 0.736481, -0.061144, -0.270163
0.939788, 0.792964, -0.062169, -0.215401
0.939943, 0.827443, -0.062892, -0.181717
0.940259, 0.968922, -0.071469, -0.037108
0.940554, 0.413653, -0.054728, -0.573233
0.940589, 0.704466, -0.059645, -0.301067
0.940890, 0.136790, -0.045412, -0.806160
0.940954, 0.434978, -0.054791, -0.553887
0.940988, 0.540218, -0.056631, -0.456784
0.941078, 0.947076, -0.068534, -0.061489
0.941100, 0.218750, -0.048896, -0.741621
0.941185, 0.032890, 0.849231, 0.008820
0.941199, 0.011536, 0.854032, 0.003541
0.941256, 0.625447, -0.057743, -0.376725
0.941385, 0.505367, -0.055676, -0.489300
0.941419, 0.648710, -0.057933, -0.354541
0.941455, 0.781481, -0.060207, -0.226637
0.941457, 0.670434, -0.058219, -0.333673
0.941572, 0.989255, -0.071921, -0.013229
0.941603, 0.205657, -0.047990, -0.752320
0.941683, 0.099282, -0.038102, -0.829499
0.941740, 0.574499, -0.056466, -0.424779
0.941948, 0.054822, 0.592352, -0.226754
0.941994, 0.193204, -0.047186, -0.762412
0.942754, 0.122087, -0.042470, -0.816742
0.942994, 0.329691, -0.050623, -0.647881
0.943345, 0.770102, -0.058035, -0.237693
0.943445, 0.181796, -0.045556, -0.771548
0.943455, 0.693225, -0.056586, -0.311866
0.943542, 0.342381, -0.050444, -0.636776
0.943736, 0.379681, -0.051107, -0.603786
0.943786, 0.457714, -0.052566, -0.533015
0.943789, 0.936092, -0.064464, -0.073366
0.943864, 0.317482, -0.049545, -0.658484
0.944129, 0.890085, -0.060898, -0.120107
0.944187, 0.814571, -0.058172, -0.194536
0.944196, 0.086091, -0.013744, -0.818184
0.944238, 0.724833, -0.056326, -0.281586
0.944251, 0.354862, -0.050099, -0.625803
0.944586, 0.169683, -0.044146, -0.781160
0.944679, 0.586540, -0.053798, -0.413509
0.944850, 0.553010, -0.053122, -0.444895
0.945014, 0.758387, -0.056107, -0.249071
0.945166, 0.291585, -0.047725, -0.680673
0.945217, 0.958627, -0.065257, -0.049208
0.945647, 0.367277, -0.049115, -0.614810
0.945701, 0.267719, -0.046608, -0.701075
0.945743, 0.445378, -0.050527, -0.544400
0.945860, 0.613434, -0.053027, -0.388046
0.945873, 0.305418, -0.047469, -0.668888
0.945906, 0.903221, -0.059841, -0.107267
0.945932, 0.518554, -0.051575, -0.477188
0.945951, 0.470575, -0.050778, -0.521471
0.945997, 0.401681, -0.049491, -0.584060
0.946293, 0.043436, 0.963893, 0.127886
0.946309, 0.848805, -0.056951, -0.161121
0.946490, 0.599297, -0.052218, -0.401460
0.946526, 0.861835, -0.057163, -0.148293
0.946626, 0.157405, -0.042026, -0.790804
0.946749, 0.074391, -0.013965, -0.829387
0.946885, 0.875168, -0.057295, -0.135107
0.947126, 0.241203, -0.044616, -0.723307
0.947172, 0.424380, -0.048843, -0.563732
0.947214, 0.681248, -0.052650, -0.323388
0.947322, 0.000000, 0.883186, 0.000000
0.947325, 0.253617, -0.044825, -0.713021
0.947442, 0.746263, -0.053427, -0.260841
0.947653, 0.637696, -0.051616, -0.365048
0.947706, 0.836236, -0.055068, -0.173360
0.947971, 0.483180, -0.049084, -0.509928
0.948001, 0.659077, -0.051579, -0.344799
0.948285, 0.023398, 0.886872, 0.028070
0.948350, 0.145109, -0.040161, -0.800253
0.948420, 1.000000, -0.065789, 0.000000
0.948440, 0.978486, -0.064094, -0.026714
0.948519, 0.279743, -0.044509, -0.690838
0.948714, 0.530943, -0.049107, -0.465764
0.948834, 0.565300, -0.049465, -0.433521
0.948879, 0.110041, -0.038492, -0.827028
0.949048, 0.916171, -0.057261, -0.094346
0.949113, 0.802578, -0.052779, -0.206244
0.949179, 0.227521, -0.042478, -0.734641
0.950037, 0.495955, -0.047326, -0.498145
0.950259, 0.714106, -0.050085, -0.291932
0.951473, 0.063030, -0.104693, -0.931718
0.951601, 0.388775, -0.044142, -0.595872
0.951781, 0.213424, -0.039891, -0.746325
0.951786, 0.130832, -0.036981, -0.811519
0.952294, 0.790554, -0.049263, -0.218051
0.952421, 0.823099, -0.049837, -0.186439
0.952501, 0.509101, -0.045174, -0.485979
0.952758, 0.734113, -0.047871, -0.272808
0.952935, 0.928297, -0.053879, -0.082200
0.952966, 0.626772, -0.046236, -0.375431
0.952973, 0.412206, -0.043282, -0.574681
0.953076, 0.096550, -0.037716, -0.839995
0.953102, 0.543961, -0.045080, -0.453644
0.953132, 0.200572, -0.038389, -0.756860
0.953756, 0.703230, -0.046418, -0.302421
0.953806, 0.011643, 0.846361, -0.004583
0.954176, 0.669349, -0.045583, -0.335058
0.954351, 0.336689, -0.040680, -0.641755
0.954410, 0.779349, -0.046877, -0.228919
0.954532, 0.435512, -0.042221, -0.553823
0.954630, 0.648495, -0.044877, -0.354927
0.954765, 0.324263, -0.040068, -0.652640
0.954826, 0.941061, -0.052915, -0.069139
0.954863, 0.966996, -0.055977, -0.040863
0.954920, 0.189092, -0.036580, -0.766138
0.954961, 0.952812, -0.054139, -0.056760
0.955019, 0.578691, -0.043663, -0.421074
0.955039, 0.349494, -0.040308, -0.630500
0.955239, 0.050776, 0.065028, -0.769178
0.955410, 0.035880, 0.928552, 0.084862
0.955510, 0.449665, -0.041518, -0.540899
0.955549, 0.462108, -0.041666, -0.529589
0.955680, 0.691616, -0.044335, -0.313544
0.955712, 0.767669, -0.045348, -0.240241
0.955724, 0.177020, -0.035549, -0.775771
0.955774, 0.989675, -0.057723, -0.013526
0.956031, 0.882683, -0.047923, -0.128258
0.956104, 0.362166, -0.039582, -0.619379
0.956173, 0.375887, -0.039755, -0.607272
0.956219, 0.895271, -0.048305, -0.115821
0.956257, 0.312209, -0.038511, -0.663127
0.956317, 0.083743, -0.036364, -0.850983
0.956350, 0.299230, -0.038170, -0.674385
0.956591, 0.591689, -0.042308, -0.409053
0.956614, 0.120026, -0.032962, -0.819972
0.956951, 0.604917, -0.042101, -0.396495
0.957006, 0.164858, -0.034131, -0.785351
0.957096, 0.261126, -0.036692, -0.706888
0.957102, 0.616632, -0.042068, -0.385202
0.957179, 0.755883, -0.043663, -0.251613
0.957389, 0.812026, -0.044412, -0.197264
0.957501, 0.868839, -0.045808, -0.141895
0.957608, 0.855714, -0.045257, -0.154707
0.957635, 0.554915, -0.040860, -0.443563
0.957768, 0.399770, -0.038688, -0.585950
0.957776, 0.474419, -0.039737, -0.518258
0.957823, 0.287150, -0.036632, -0.684712
0.957901, 0.723773, -0.042531, -0.282844
0.957962, 0.908082, -0.047070, -0.103091
0.958179, 0.273441, -0.036041, -0.696493
0.958285, 0.843285, -0.044161, -0.166738
0.958292, 0.247903, -0.035373, -0.718058
0.958363, 0.522787, -0.039765, -0.473305
0.958573, 0.152395, -0.032487, -0.795052
0.958586, 0.235172, -0.034819, -0.728645
0.958877, 0.422930, -0.038001, -0.564978
0.958926, 0.679782, -0.040962, -0.325001
0.959056, 0.139482, -0.031672, -0.805012
0.959184, 0.743982, -0.041460, -0.263162
0.959538, 0.831119, -0.042548, -0.178632
0.959540, 0.486832, -0.038228, -0.506787
0.959669, 0.567410, -0.039028, -0.431718
0.959927, 0.221796, -0.033372, -0.739650
0.960059, 0.535434, -0.038288, -0.461543
0.960127, 0.000000, 0.903713, 0.000000
0.960571, 0.636950, -0.038887, -0.366061
0.960620, 0.023299, 0.995881, 0.124927
0.960893, 0.106751, -0.028972, -0.829802
0.961014, 0.071777, -0.035995, -0.863311
0.961321, 0.499288, -0.036686, -0.495231
0.961571, 0.659449, -0.038128, -0.344566
0.961904, 0.799231, -0.039517, -0.209901
0.961922, 0.979499, -0.050099, -0.026941
0.962144, 0.921024, -0.043260, -0.090295
0.962592, 1.000000, -0.051741, 0.000000
0.963035, 0.511821, -0.035187, -0.483492
0.963167, 0.207972, -0.030367, -0.751136
0.963779, 0.388366, -0.033026, -0.596065
0.964438, 0.711605, -0.035825, -0.294833
0.964770, 0.059958, -0.050528, -0.889373
0.965121, 0.409828, -0.032080, -0.576988
0.965132, 0.093786, -0.024793, -0.838936
0.965341, 0.442578, -0.032249, -0.547062
0.965705, 0.788279, -0.035429, -0.220629
0.965728, 0.342920, -0.030645, -0.636669
0.965755, 0.330631, -0.030443, -0.647423
0.965903, 0.046422, -0.195616, -1.042850
0.965922, 0.932632, -0.039941, -0.079061
0.966177, 0.698859, -0.033937, -0.306984
0.966264, 0.957995, -0.042223, -0.052585
0.966358, 0.196791, -0.027494, -0.760346
0.966358, 0.011215, 0.867542, 0.036447
0.966362, 0.625515, -0.033065, -0.376862
0.966453, 0.130098, -0.025654, -0.812728
0.966473, 0.455333, -0.031335, -0.535472
0.966736, 0.775994, -0.034208, -0.232586
0.966807, 0.945339, -0.040074, -0.066049
0.966942, 0.184328, -0.026732, -0.770412
0.966975, 0.735688, -0.033482, -0.271369
0.967087, 0.354724, -0.029590, -0.626331
0.967090, 0.586229, -0.032019, -0.414179
0.967113, 0.821080, -0.034444, -0.188646
0.967167, 0.366916, -0.029675, -0.615491
0.967180, 0.318955, -0.029009, -0.657617
0.967209, 0.546101, -0.031527, -0.451601
0.967242, 0.647390, -0.032401, -0.356204
0.967404, 0.969640, -0.042457, -0.039510
0.967509, 0.306500, -0.028536, -0.668449
0.967606, 0.888421, -0.035611, -0.123078
0.967615, 0.034158, 0.278745, -0.573059
0.967635, 0.875517, -0.035139, -0.135702
0.967664, 0.599504, -0.031565, -0.401553
0.967695, 0.671211, -0.032160, -0.333415
0.967774, 0.431672, -0.029868, -0.556965
0.967797, 0.171640, -0.025743, -0.780523
0.967865, 0.763368, -0.032896, -0.244803
0.968015, 0.685997, -0.031961, -0.319216
0.968034, 0.466794, -0.029993, -0.525046
0.968314, 0.900966, -0.035330, -0.110737
0.968319, 0.294096, -0.027638, -0.679142
0.968344, 0.378360, -0.028748, -0.605163
0.968378, 0.117004, -0.023804, -0.822480
0.968438, 0.612791, -0.030919, -0.388949
0.968459, 0.574126, -0.030565, -0.425367
0.968477, 0.861877, -0.033860, -0.149045
0.968511, 0.280920, -0.027266, -0.690421
0.968512, 0.254861, -0.026836, -0.712482
0.968735, 0.267602, -0.026862, -0.701784
0.968817, 0.081692, -0.021493, -0.847524
0.968828, 0.158604, -0.024607, -0.790779
0.968951, 0.723562, -0.031366, -0.283117
0.969029, 0.750275, -0.031546, -0.257354
0.969064, 0.559705, -0.029867, -0.439010
0.969098, 0.808287, -0.032177, -0.201146
0.969099, 0.848521, -0.032879, -0.162029
0.969172, 0.144794, -0.023987, -0.801514
0.969373, 0.241674, -0.025877, -0.723491
0.969614, 0.479060, -0.028625, -0.513791
0.969808, 0.531793, -0.028917, -0.465032
0.969849, 0.228844, -0.025248, -0.734042
0.969854, 0.835151, -0.031801, -0.174991
0.969858, 0.913432, -0.034163, -0.098344
0.970438, 0.419806, -0.027282, -0.567803
0.970489, 0.398772, -0.027025, -0.587014
0.970753, 0.215928, -0.024263, -0.744692
0.970775, 0.989149, -0.041857, -0.015590
0.971101, 0.491781, -0.027335, -0.502056
0.971218, 0.519525, -0.027450, -0.476229
0.972473, 0.505038, -0.026144, -0.489765
0.973156, 0.000000, 1.011552, 0.000000
0.973194, 0.103851, -0.019874, -0.832305
0.973407, 0.635530, -0.026212, -0.367419
0.973432, 0.021821, 0.785619, -0.080829
0.973821, 0.658304, -0.025968, -0.345763
0.975151, 0.069069, -0.011618, -0.851176
0.976193, 1.000000, -0.037669, 0.000000
0.976357, 0.798068, -0.024552, -0.211472
0.976501, 0.447985, -0.021909, -0.542220
0.976504, 0.055917, -0.003482, -0.852892
0.976634, 0.978260, -0.033097, -0.030757
0.976714, 0.923994, -0.026990, -0.088260
0.976807, 0.337031, -0.020677, -0.641643
0.976865, 0.705182, -0.023245, -0.300845
0.977296, 0.205591, -0.018683, -0.753647
0.977579, 0.784671, -0.023147, -0.224364
0.977709, 0.386472, -0.020311, -0.598142
0.977726, 0.937667, -0.026764, -0.074988
0.977925, 0.192227, -0.017969, -0.764395
0.978038, 0.951400, -0.027526, -0.060994
0.978043, 0.093138, -0.016068, -0.840122
0.978043, 0.043443, -0.057873, -0.916501
0.978046, 0.717005, -0.022145, -0.289554
0.978149, 0.692602, -0.021871, -0.312859
0.978175, 0.679365, -0.021760, -0.325434
0.978185, 0.137537, -0.016853, -0.807192
0.978282, 0.593809, -0.021170, -0.407010
0.978373, 0.743622, -0.021998, -0.263953
0.978379, 0.622004, -0.021239, -0.380380
0.978416, 0.771332, -0.022164, -0.237209
0.978445, 0.347901, -0.019311, -0.632054
0.978486, 0.178950, -0.017311, -0.774973
0.978497, 0.326231, -0.019073, -0.651323
0.978506, 0.124937, -0.016363, -0.816641
0.978520, 0.607453, -0.021017, -0.394126
0.978598, 0.964621, -0.028378, -0.046989
0.978612, 0.540130, -0.020533, -0.457380
0.978650, 0.411120, -0.019643, -0.575913
0.978668, 0.553091, -0.020561, -0.445330
0.978678, 0.360097, -0.019209, -0.621400
0.978690, 0.882119, -0.023327, -0.129523
0.978726, 0.314097, -0.018756, -0.662004
0.978776, 0.868617, -0.022945, -0.142678
0.978782, 0.826400, -0.022329, -0.183894
0.978838, 0.567125, -0.020471, -0.432080
0.978894, 0.437536, -0.019611, -0.552023
0.978907, 0.580772, -0.020484, -0.419265
0.978934, 0.812985, -0.022002, -0.196871
0.978986, 0.730850, -0.021275, -0.276154
0.979040, 0.301435, -0.018356, -0.672982
0.979073, 0.757796, -0.021380, -0.250226
0.979117, 0.372715, -0.018922, -0.610363
0.979122, 0.458833, -0.019535, -0.532337
0.979129, 0.895577, -0.023192, -0.116384
0.979131, 0.165515, -0.016584, -0.785556
0.979140, 0.288197, -0.018136, -0.684372
0.979214, 0.274814, -0.017932, -0.695792
0.979327, 0.151699, -0.016206, -0.796309
0.979411, 0.261341, -0.017619, -0.707236
0.979451, 0.854819, -0.021984, -0.156117
0.979452, 0.011609, 0.910068, 0.141376
0.979534, 0.248016, -0.017364, -0.718428
0.979653, 0.667410, -0.020220, -0.336940
0.979653, 0.031375, -0.077171, -0.946426
0.979679, 0.647530, -0.020093, -0.355952
0.979807, 0.909222, -0.022862, -0.103008
0.979810, 0.470975, -0.018971, -0.521285
0.979910, 0.840913, -0.021294, -0.169638
0.979981, 0.080930, -0.013793, -0.848327
0.980157, 0.112429, -0.014876, -0.826039
0.980200, 0.425444, -0.018313, -0.563021
0.980220, 0.234291, -0.016627, -0.729897
0.980490, 0.220450, -0.016235, -0.741352
0.980859, 0.484061, -0.018065, -0.509349
0.980966, 0.526509, -0.018201, -0.470066
0.981170, 0.398809, -0.017241, -0.587015
0.981193, 0.512468, -0.017904, -0.483040
0.981705, 0.497795, -0.017343, -0.496700
0.984734, 0.634974, -0.015048, -0.367972
0.985921, 0.987310, -0.023287, -0.021012
0.986045, 0.000000, 1.477047, 0.000000
0.987634, 0.062734, -0.009916, -0.865446
0.988067, 0.102723, -0.008852, -0.833759
0.988096, 0.022404, -0.200811, -1.106889
0.988252, 0.657773, -0.011653, -0.346445
0.988328, 1.000000, -0.022905, 0.000000
0.988400, 0.792066, -0.012018, -0.217335
0.988401, 0.805050, -0.012090, -0.204781
0.988524, 0.930667, -0.013697, -0.082759
0.988629, 0.973044, -0.016579, -0.039222
0.988738, 0.917440, -0.013012, -0.095599
0.988753, 0.337172, -0.010032, -0.642067
0.988754, 0.199267, -0.009207, -0.758697
0.988792, 0.049944, -0.004059, -0.873883
0.988821, 0.613911, -0.010960, -0.388158
0.988837, 0.698227, -0.011202, -0.307743
0.988846, 0.447949, -0.010407, -0.542805
0.988905, 0.944416, -0.013809, -0.069149
0.988966, 0.710849, -0.011119, -0.295644
0.988988, 0.212327, -0.009111, -0.748062
0.989037, 0.778681, -0.011296, -0.230244
0.989039, 0.684992, -0.010961, -0.320468
0.989055, 0.378729, -0.009941, -0.605196
0.989064, 0.074889, -0.009294, -0.855842
0.989159, 0.185932, -0.008778, -0.769431
0.989162, 0.724030, -0.010960, -0.282917
0.989166, 0.600669, -0.010586, -0.400730
0.989197, 0.751136, -0.011021, -0.256816
0.989228, 0.560358, -0.010407, -0.438643
0.989235, 0.144455, -0.008376, -0.802109
0.989252, 0.958419, -0.014253, -0.054974
0.989378, 0.130951, -0.008141, -0.812479
0.989422, 0.546987, -0.010182, -0.451151
0.989423, 0.587448, -0.010297, -0.413195
0.989430, 0.875272, -0.011529, -0.136515
0.989431, 0.765028, -0.010833, -0.243401
0.989434, 0.573894, -0.010248, -0.425954
0.989479, 0.172363, -0.008416, -0.780230
0.989501, 0.833055, -0.011097, -0.177514
0.989535, 0.351107, -0.009394, -0.629893
0.989539, 0.419476, -0.009660, -0.568533
0.989553, 0.888998, -0.011568, -0.123193
0.989561, 0.737713, -0.010601, -0.269726
0.989565, 0.323266, -0.009246, -0.654114
0.989589, 0.861520, -0.011216, -0.149842
0.989607, 0.819120, -0.010903, -0.191057
0.989655, 0.295723, -0.009033, -0.677888
0.989656, 0.309478, -0.009099, -0.666038
0.989659, 0.158480, -0.008162, -0.791165
0.989663, 0.282044, -0.008957, -0.689609
0.989713, 0.268401, -0.008841, -0.701216
0.989717, 0.364904, -0.009289, -0.617612
0.989843, 0.089252, -0.007624, -0.843799
0.989858, 0.254700, -0.008643, -0.712794
0.989875, 0.533755, -0.009703, -0.463407
0.989914, 0.902991, -0.011385, -0.109606
0.989943, 0.847431, -0.010721, -0.163505
0.989957, 0.391612, -0.009174, -0.593651
0.989987, 0.036508, -0.019924, -0.910600
0.989993, 0.671687, -0.009965, -0.333151
0.989993, 0.240935, -0.008450, -0.724318
0.990070, 0.461862, -0.009310, -0.530114
0.990166, 0.117252, -0.007410, -0.822809
0.990176, 0.433956, -0.009119, -0.555368
0.990323, 0.406156, -0.008886, -0.580419
0.990335, 0.226755, -0.008081, -0.736110
0.990410, 0.475928, -0.009033, -0.517117
0.990529, 0.626488, -0.009319, -0.376081
0.990627, 0.505006, -0.008906, -0.490073
0.990660, 0.519424, -0.008915, -0.476719
0.990892, 0.490294, -0.008617, -0.503755
0.991263, 0.644506, -0.008634, -0.358971
0.991507, 0.009728, 0.076184, -0.797182
1.000000, 0.000000, 0.000000, 0.000000
1.000000, 0.015532, 0.000000, -0.842357
1.000000, 0.028850, 0.000000, -0.798080
1.000000, 0.042949, 0.000000, -0.854840
1.000000, 0.056291, 0.000000, -0.862275
1.000000, 0.069044, 0.000000, -0.855973
1.000000, 0.082503, 0.000000, -0.847037
1.000000, 0.096534, 0.000000, -0.837647
1.000000, 0.109755, 0.000000, -0.828359
1.000000, 0.124015, 0.000000, -0.817551
1.000000, 0.137778, 0.000000, -0.807204
1.000000, 0.151462, 0.000000, -0.796707
1.000000, 0.165363, 0.000000, -0.785804
1.000000, 0.179123, 0.000000, -0.774932
1.000000, 0.192679, 0.000000, -0.764119
1.000000, 0.206020, 0.000000, -0.753383
1.000000, 0.219510, 0.000000, -0.742335
1.000000, 0.233742, 0.000000, -0.730395
1.000000, 0.247716, 0.000000, -0.718784
1.000000, 0.261565, 0.000000, -0.707157
1.000000, 0.275318, 0.000000, -0.695528
1.000000, 0.289054, 0.000000, -0.683811
1.000000, 0.302820, 0.000000, -0.671978
1.000000, 0.316639, 0.000000, -0.660013
1.000000, 0.330474, 0.000000, -0.647959
1.000000, 0.343940, 0.000000, -0.636248
1.000000, 0.357765, 0.000000, -0.623863
1.000000, 0.371624, 0.000000, -0.611506
1.000000, 0.385056, 0.000000, -0.599650
1.000000, 0.398969, 0.000000, -0.587019
1.000000, 0.413133, 0.000000, -0.574250
1.000000, 0.426906, 0.000000, -0.561916
1.000000, 0.441120, 0.000000, -0.548933
1.000000, 0.454635, 0.000000, -0.536776
1.000000, 0.468755, 0.000000, -0.523581
1.000000, 0.483042, 0.000000, -0.510346
1.000000, 0.497614, 0.000000, -0.496811
1.000000, 0.512011, 0.000000, -0.483550
1.000000, 0.526367, 0.000000, -0.470182
1.000000, 0.540182, 0.000000, -0.457425
1.000000, 0.553712, 0.000000, -0.444834
1.000000, 0.567155, 0.000000, -0.432265
1.000000, 0.580727, 0.000000, -0.419455
1.000000, 0.594305, 0.000000, -0.406639
1.000000, 0.607788, 0.000000, -0.393940
1.000000, 0.621199, 0.000000, -0.381339
1.000000, 0.635694, 0.000000, -0.367270
1.000000, 0.650763, 0.000000, -0.352770
1.000000, 0.663986, 0.000000, -0.340688
1.000000, 0.677907, 0.000000, -0.327100
1.000000, 0.691215, 0.000000, -0.314466
1.000000, 0.704361, 0.000000, -0.301902
1.000000, 0.717586, 0.000000, -0.289172
1.000000, 0.730985, 0.000000, -0.276274
1.000000, 0.744658, 0.000000, -0.263040
1.000000, 0.758202, 0.000000, -0.250040
1.000000, 0.771928, 0.000000, -0.236758
1.000000, 0.785479, 0.000000, -0.223715
1.000000, 0.798750, 0.000000, -0.210977
1.000000, 0.812090, 0.000000, -0.198072
1.000000, 0.826103, 0.000000, -0.184296
1.000000, 0.840085, 0.000000, -0.170744
1.000000, 0.854292, 0.000000, -0.156897
1.000000, 0.868258, 0.000000, -0.143415
1.000000, 0.882118, 0.000000, -0.130025
1.000000, 0.896062, 0.000000, -0.116523
1.000000, 0.910254, 0.000000, -0.102756
1.000000, 0.923822, 0.000000, -0.089805
1.000000, 0.937238, 0.000000, -0.076847
1.000000, 0.950773, 0.000000, -0.063591
1.000000, 0.964301, 0.000000, -0.050109
1.000000, 0.976971, 0.000000, -0.036819
1.000000, 0.988540, 0.000000, -0.022683
1.000000, 1.000000, 0.000000, 0.000000
