0.000000, 0.000000, 0.000000, 0.000000
0.000000, 0.010755, 0.000000, 0.019374
0.000000, 0.021597, 0.000000, 0.032124
0.000000, 0.033448, 0.000000, 0.044005
0.000000, 0.045500, 0.000000, 0.055221
0.000000, 0.057899, 0.000000, 0.066406
0.000000, 0.070478, 0.000000, 0.077590
0.000000, 0.083276, 0.000000, 0.088903
0.000000, 0.096279, 0.000000, 0.100397
0.000000, 0.109343, 0.000000, 0.111953
0.000000, 0.122354, 0.000000, 0.123477
0.000000, 0.135251, 0.000000, 0.134884
0.000000, 0.148125, 0.000000, 0.146274
0.000000, 0.160994, 0.000000, 0.157645
0.000000, 0.173929, 0.000000, 0.169080
0.000000, 0.186917, 0.000000, 0.180560
0.000000, 0.199955, 0.000000, 0.192077
0.000000, 0.213057, 0.000000, 0.203640
0.000000, 0.226249, 0.000000, 0.215274
0.000000, 0.239548, 0.000000, 0.227004
0.000000, 0.252916, 0.000000, 0.238792
0.000000, 0.266310, 0.000000, 0.250584
0.000000, 0.279730, 0.000000, 0.262380
0.000000, 0.293210, 0.000000, 0.274223
0.000000, 0.306746, 0.000000, 0.286146
0.000000, 0.320139, 0.000000, 0.297901
0.000000, 0.333464, 0.000000, 0.309562
0.000000, 0.346801, 0.000000, 0.321212
0.000000, 0.360197, 0.000000, 0.332881
0.000000, 0.373712, 0.000000, 0.344642
0.000000, 0.387310, 0.000000, 0.356462
0.000000, 0.400954, 0.000000, 0.368302
0.000000, 0.414644, 0.000000, 0.380152
0.000000, 0.428410, 0.000000, 0.392033
0.000000, 0.442304, 0.000000, 0.404012
0.000000, 0.456306, 0.000000, 0.416245
0.000000, 0.469470, 0.000000, 0.427578
0.000000, 0.482296, 0.000000, 0.438490
0.000000, 0.495090, 0.000000, 0.449340
0.000000, 0.507721, 0.000000, 0.459980
0.000000, 0.520000, 0.000000, 0.470250
0.000000, 0.531685, 0.000000, 0.480100
0.000000, 0.542741, 0.000000, 0.489731
0.000000, 0.554654, 0.000000, 0.500093
0.000000, 0.567726, 0.000000, 0.511237
0.000000, 0.581396, 0.000000, 0.522756
0.000000, 0.595347, 0.000000, 0.534500
0.000000, 0.609204, 0.000000, 0.546114
0.000000, 0.622924, 0.000000, 0.557469
0.000000, 0.637031, 0.000000, 0.569230
0.000000, 0.651128, 0.000000, 0.580956
0.000000, 0.664928, 0.000000, 0.592428
0.000000, 0.678431, 0.000000, 0.603343
0.000000, 0.692643, 0.000000, 0.615072
0.000000, 0.706570, 0.000000, 0.626371
0.000000, 0.720639, 0.000000, 0.637610
0.000000, 0.735083, 0.000000, 0.649231
0.000000, 0.749533, 0.000000, 0.660593
0.000000, 0.764823, 0.000000, 0.673158
0.000000, 0.778977, 0.000000, 0.684278
0.000000, 0.793123, 0.000000, 0.695556
0.000000, 0.806711, 0.000000, 0.705911
0.000000, 0.821308, 0.000000, 0.717093
0.000000, 0.836489, 0.000000, 0.728800
0.000000, 0.851557, 0.000000, 0.740638
0.000000, 0.865590, 0.000000, 0.751152
0.000000, 0.879696, 0.000000, 0.761654
0.000000, 0.893469, 0.000000, 0.771670
0.000000, 0.906920, 0.000000, 0.781005
0.000000, 0.920080, 0.000000, 0.789273
0.000000, 0.933351, 0.000000, 0.795742
0.000000, 0.945699, 0.000000, 0.800294
0.000000, 0.959562, 0.000000, 0.789688
0.000000, 0.972602, 0.000000, 0.732145
0.000000, 0.985200, 0.000000, 0.723433
0.000000, 1.000000, 0.000000, 0.000000
0.008688, 0.756863, 0.007018, 0.666605
0.009154, 0.828561, 0.007124, 0.722823
0.009174, 0.989329, 0.028544, 0.812691
0.009439, 0.844117, 0.007279, 0.734904
0.009857, 0.952306, 0.017575, 0.830665
0.009887, 0.813458, 0.007760, 0.711098
0.009940, 0.449389, 0.008841, 0.410188
0.009973, 0.742105, 0.008110, 0.654862
0.009980, 0.728090, 0.008167, 0.643653
0.010035, 0.588108, 0.008613, 0.528158
0.010039, 0.629506, 0.008508, 0.562777
0.010131, 0.435276, 0.009040, 0.397991
0.010174, 0.573633, 0.008767, 0.515970
0.010277, 0.643845, 0.008670, 0.574731
0.010306, 0.685295, 0.008574, 0.608948
0.010309, 0.602226, 0.008812, 0.540027
0.010314, 0.559073, 0.008923, 0.503721
0.010322, 0.421445, 0.009241, 0.386038
0.010435, 0.407752, 0.009373, 0.374185
0.010478, 0.544421, 0.009101, 0.491403
0.010507, 0.394106, 0.009468, 0.362352
0.010587, 0.380470, 0.009571, 0.350509
0.010596, 0.786793, 0.008442, 0.690431
0.010617, 0.615959, 0.009038, 0.551530
0.010656, 0.299872, 0.009828, 0.280068
0.010727, 0.366865, 0.009729, 0.338677
0.010731, 0.286343, 0.009935, 0.268183
0.010740, 0.713560, 0.008836, 0.631898
0.010755, 0.529944, 0.009377, 0.479247
0.010814, 0.272913, 0.010051, 0.256377
0.010838, 0.259492, 0.010114, 0.244564
0.010842, 0.246054, 0.010162, 0.232722
0.010847, 0.873188, 0.008218, 0.756767
0.010873, 0.772022, 0.008720, 0.678739
0.010895, 0.658173, 0.009152, 0.586712
0.010909, 0.232671, 0.010271, 0.220920
0.010924, 0.353373, 0.009940, 0.326926
0.010932, 0.313487, 0.010048, 0.292037
0.010970, 0.699525, 0.009077, 0.620579
0.011014, 0.340062, 0.010056, 0.315308
0.011039, 0.326795, 0.010112, 0.303702
0.011049, 0.219432, 0.010456, 0.209241
0.011120, 0.102757, 0.011448, 0.105967
0.011166, 0.206315, 0.010623, 0.197660
0.011166, 0.887183, 0.008398, 0.767268
0.011169, 0.089484, 0.011742, 0.094183
0.011182, 0.516151, 0.009788, 0.467636
0.011216, 0.115915, 0.011358, 0.117642
0.011248, 0.193275, 0.010765, 0.186139
0.011284, 0.858792, 0.008625, 0.746001
0.011303, 0.463716, 0.010022, 0.422629
0.011309, 0.180291, 0.010894, 0.174660
0.011314, 0.502733, 0.009937, 0.456161
0.011361, 0.000000, 0.020143, 0.000000
0.011383, 0.167337, 0.011046, 0.163200
0.011395, 0.927071, 0.010234, 0.799460
0.011400, 0.025016, 0.015579, 0.034115
0.011421, 0.076389, 0.012332, 0.082520
0.011422, 0.128820, 0.011411, 0.129084
0.011462, 0.141660, 0.011323, 0.140466
0.011462, 0.489552, 0.010099, 0.444856
0.011488, 0.154447, 0.011241, 0.151791
0.011504, 0.900785, 0.008650, 0.777583
0.011553, 0.671386, 0.009657, 0.597563
0.011638, 0.799668, 0.009205, 0.700451
0.011641, 0.063534, 0.013009, 0.070969
0.011722, 0.964908, 0.023207, 0.860746
0.011725, 0.050873, 0.013720, 0.059414
0.011731, 0.476511, 0.010369, 0.433659
0.011836, 0.914050, 0.009224, 0.788085
0.011937, 0.037990, 0.014864, 0.047233
0.013129, 0.940476, 0.016329, 0.814996
0.013423, 1.000000, -1.432980, 0.000000
0.013695, 0.976980, 0.174608, 1.028733
0.013912, 0.011588, 0.021341, 0.017785
0.018511, 0.762079, 0.014919, 0.670542
0.018733, 0.834890, 0.014532, 0.727370
0.019000, 0.820561, 0.014862, 0.716399
0.019327, 0.749279, 0.015669, 0.660386
0.019666, 0.580823, 0.016914, 0.522169
0.019772, 0.565959, 0.017074, 0.509615
0.019906, 0.635517, 0.016839, 0.567823
0.019943, 0.455847, 0.017712, 0.415786
0.019996, 0.781212, 0.015969, 0.685752
0.020028, 0.551339, 0.017366, 0.497309
0.020069, 0.721987, 0.016464, 0.638641
0.020129, 0.441956, 0.017938, 0.403783
0.020225, 0.595053, 0.017325, 0.534143
0.020397, 0.650407, 0.017176, 0.580300
0.020564, 0.428236, 0.018384, 0.391913
0.020629, 0.537115, 0.017956, 0.485292
0.020773, 0.847362, 0.015988, 0.736739
0.020839, 0.414618, 0.018688, 0.380116
0.020906, 0.953495, -0.016080, 0.782177
0.020926, 0.735403, 0.017065, 0.649329
0.020983, 0.988156, -0.858141, -0.141217
0.020983, 0.401036, 0.018877, 0.368338
0.020996, 0.608904, 0.017913, 0.545767
0.021018, 0.691622, 0.017439, 0.613974
0.021083, 0.387442, 0.019027, 0.356533
0.021244, 0.373812, 0.019234, 0.344680
0.021324, 0.306327, 0.019632, 0.285691
0.021395, 0.622483, 0.018180, 0.557131
0.021423, 0.292850, 0.019796, 0.273855
0.021567, 0.360174, 0.019591, 0.332805
0.021597, 0.706791, 0.017818, 0.626285
0.021599, 0.252554, 0.020198, 0.238389
0.021608, 0.279494, 0.020042, 0.262119
0.021639, 0.266078, 0.020151, 0.250310
0.021641, 0.678769, 0.018051, 0.603681
0.021656, 0.807122, 0.017069, 0.706140
0.021693, 0.239075, 0.020376, 0.226498
0.021727, 0.523626, 0.018982, 0.473875
0.021984, 0.225802, 0.020749, 0.214787
0.021994, 0.346645, 0.020046, 0.321010
0.022032, 0.320098, 0.020215, 0.297798
0.022033, 0.096041, 0.022837, 0.099642
0.022108, 0.869552, 0.016763, 0.753722
0.022112, 0.333394, 0.020221, 0.309442
0.022227, 0.109432, 0.022634, 0.111610
0.022232, 0.510196, 0.019489, 0.462416
0.022256, 0.212669, 0.021113, 0.203189
0.022362, 0.882083, 0.016785, 0.763119
0.022442, 0.082708, 0.023785, 0.087681
0.022444, 0.199625, 0.021411, 0.191657
0.022593, 0.186653, 0.021685, 0.180180
0.022621, 0.496995, 0.019897, 0.451158
0.022685, 0.173717, 0.021922, 0.168724
0.022755, 0.122316, 0.022843, 0.123078
0.022842, 0.160761, 0.022242, 0.157236
0.022848, 0.895125, 0.016928, 0.772654
0.022909, 0.019962, 0.030455, 0.026503
0.022914, 0.135173, 0.022735, 0.134519
0.022945, 0.483786, 0.020249, 0.439884
0.022989, 0.069554, 0.025043, 0.075743
0.023054, 0.147861, 0.022645, 0.145786
0.023084, 0.663903, 0.019346, 0.591360
0.023110, 0.932703, 0.012353, 0.795344
0.023363, 0.044539, 0.027504, 0.052364
0.023423, 0.908235, 0.017088, 0.781997
0.023431, 0.858340, 0.017907, 0.745060
0.023467, 0.470539, 0.020778, 0.428579
0.023482, 0.000000, 0.034215, 0.000000
0.023557, 0.056983, 0.026546, 0.064149
0.023673, 0.031552, 0.029507, 0.039292
0.023951, 0.921073, 0.016472, 0.790228
0.024027, 0.793457, 0.019075, 0.695555
0.024135, 0.966550, 0.116644, 0.917977
0.025585, 0.770566, 0.020539, 0.677265
0.026125, 1.000000, -0.959135, 0.000000
0.027882, 0.943287, -0.007285, 0.780424
0.028382, 0.978141, -0.848780, -0.045069
0.028751, 0.573234, 0.024779, 0.515672
0.028758, 0.827535, 0.022401, 0.721677
0.028905, 0.641131, 0.024405, 0.572281
0.029266, 0.010583, 0.038826, 0.014099
0.029374, 0.717129, 0.024135, 0.634589
0.029393, 0.558311, 0.025432, 0.503003
0.029830, 0.587587, 0.025608, 0.527811
0.029924, 0.460455, 0.026533, 0.419414
0.030176, 0.744560, 0.024517, 0.656655
0.030193, 0.697217, 0.025002, 0.618474
0.030212, 0.757335, 0.024401, 0.666772
0.030411, 0.544088, 0.026416, 0.491012
0.030536, 0.447655, 0.027158, 0.408390
0.030952, 0.601433, 0.026466, 0.539469
0.030958, 0.434639, 0.027623, 0.397258
0.031312, 0.421372, 0.028028, 0.385842
0.031384, 0.838958, 0.024283, 0.730601
0.031443, 0.816047, 0.024656, 0.712764
0.031467, 0.672928, 0.026288, 0.598629
0.031514, 0.407984, 0.028299, 0.374268
0.031614, 0.394521, 0.028479, 0.362596
0.031709, 0.380984, 0.028655, 0.350833
0.031932, 0.312452, 0.029343, 0.290953
0.031942, 0.367348, 0.028959, 0.338963
0.031994, 0.615125, 0.027245, 0.550923
0.032170, 0.299102, 0.029671, 0.279257
0.032184, 0.781412, 0.025702, 0.685971
0.032192, 0.730053, 0.026313, 0.645058
0.032251, 0.531138, 0.028117, 0.480119
0.032259, 0.653574, 0.027130, 0.582730
0.032267, 0.259066, 0.030104, 0.244033
0.032329, 0.245449, 0.030292, 0.232015
0.032443, 0.628630, 0.027499, 0.561853
0.032464, 0.272669, 0.030166, 0.256032
0.032473, 0.353619, 0.029538, 0.326996
0.032486, 0.285973, 0.030073, 0.267738
0.032804, 0.232141, 0.030880, 0.220274
0.032833, 0.102823, 0.033571, 0.105263
0.032978, 0.517855, 0.028849, 0.468811
0.033071, 0.089464, 0.034420, 0.093183
0.033169, 0.956539, 0.179888, 0.970563
0.033175, 0.326760, 0.030382, 0.303554
0.033214, 0.339973, 0.030314, 0.315092
0.033253, 0.219004, 0.031456, 0.208670
0.033579, 0.205944, 0.031931, 0.197116
0.033641, 0.989681, -0.805511, -0.018534
0.033689, 0.803171, 0.026605, 0.702872
0.033698, 0.504898, 0.029576, 0.457769
0.033704, 0.075817, 0.035851, 0.080692
0.033844, 0.192997, 0.032368, 0.185651
0.033850, 0.850742, 0.025996, 0.739539
0.033982, 0.115732, 0.034241, 0.116841
0.033990, 0.876169, 0.025671, 0.758760
0.034014, 0.180094, 0.032735, 0.174211
0.034057, 0.491897, 0.029986, 0.446632
0.034078, 0.167176, 0.033027, 0.162741
0.034209, 0.889151, 0.025613, 0.768487
0.034275, 0.128659, 0.034128, 0.128423
0.034319, 0.154125, 0.033524, 0.151129
0.034333, 0.037545, 0.040150, 0.043998
0.034390, 0.685167, 0.028603, 0.608594
0.034609, 0.479104, 0.030565, 0.435636
0.034673, 0.863680, 0.026403, 0.749339
0.034690, 0.902517, 0.025822, 0.778521
0.034716, 0.141145, 0.034216, 0.139557
0.035177, 0.062927, 0.038382, 0.068690
0.035289, 0.916320, 0.025253, 0.787944
0.035529, 0.050400, 0.039958, 0.056733
0.035536, 0.023007, 0.043526, 0.028148
0.035810, 0.930744, 0.023798, 0.797083
0.035848, 0.707378, 0.029569, 0.626638
0.036954, 0.000000, 0.047420, 0.000000
0.037469, 0.767806, 0.030118, 0.675156
0.037647, 0.969873, -0.890189, -0.093738
0.038010, 0.565763, 0.032822, 0.509206
0.038117, 0.663112, 0.031952, 0.590448
0.038137, 0.467914, 0.033766, 0.425933
0.038190, 0.791648, 0.030342, 0.693952
0.038938, 0.579540, 0.033493, 0.520799
0.039389, 1.000000, -0.835122, 0.000000
0.039599, 0.641909, 0.033427, 0.572942
0.039645, 0.551100, 0.034364, 0.496751
0.039900, 0.740986, 0.032457, 0.653661
0.040186, 0.945065, 0.228876, 1.008053
0.040654, 0.828031, 0.031655, 0.722062
0.040730, 0.593299, 0.034898, 0.532357
0.040992, 0.454587, 0.036404, 0.414413
0.041173, 0.719425, 0.033796, 0.636358
0.041613, 0.441460, 0.037072, 0.403142
0.041901, 0.318399, 0.038436, 0.296068
0.041930, 0.428301, 0.037471, 0.391791
0.042043, 0.754121, 0.034010, 0.664346
0.042144, 0.415032, 0.037780, 0.380313
0.042165, 0.606515, 0.035985, 0.543377
0.042248, 0.401686, 0.037992, 0.368747
0.042285, 0.388279, 0.038146, 0.357107
0.042354, 0.374785, 0.038330, 0.345374
0.042568, 0.696064, 0.035257, 0.617294
0.042630, 0.361134, 0.038707, 0.333491
0.042706, 0.813888, 0.033521, 0.711111
0.042723, 0.983412, -0.806467, -0.007766
0.042759, 0.011337, 0.052007, 0.013767
0.042773, 0.251806, 0.039981, 0.237489
0.042839, 0.538773, 0.037268, 0.486477
0.042890, 0.265573, 0.039925, 0.249657
0.043014, 0.304870, 0.039599, 0.284198
0.043407, 0.347276, 0.039549, 0.321428
0.043476, 0.238477, 0.040819, 0.225733
0.043477, 0.279207, 0.040317, 0.261699
0.043547, 0.619259, 0.037019, 0.553958
0.043571, 0.841440, 0.033650, 0.732127
0.043607, 0.292227, 0.040294, 0.273158
0.043626, 0.525438, 0.038082, 0.475128
0.043685, 0.082801, 0.045475, 0.086305
0.043704, 0.096710, 0.044740, 0.099126
0.043845, 0.674712, 0.036602, 0.599946
0.044151, 0.225323, 0.041646, 0.214112
0.044216, 0.778826, 0.035349, 0.683772
0.044260, 0.031801, 0.051086, 0.036653
0.044272, 0.630976, 0.037500, 0.563708
0.044589, 0.333365, 0.040776, 0.309357
0.044611, 0.212221, 0.042287, 0.202507
0.044771, 0.108651, 0.045176, 0.109855
0.044809, 0.512783, 0.039244, 0.464382
0.045066, 0.199283, 0.042944, 0.191034
0.045146, 0.499736, 0.039667, 0.453223
0.045177, 0.855222, 0.034597, 0.742538
0.045229, 0.959289, -0.739460, 0.041127
0.045348, 0.186455, 0.043462, 0.179644
0.045376, 0.160642, 0.044071, 0.156654
0.045422, 0.122216, 0.045309, 0.122184
0.045454, 0.173596, 0.043838, 0.168203
0.045593, 0.881963, 0.034256, 0.762590
0.045739, 0.868832, 0.034715, 0.752814
0.045753, 0.147340, 0.044792, 0.144749
0.045761, 0.486819, 0.040334, 0.442163
0.045799, 0.730481, 0.037420, 0.645108
0.045869, 0.069786, 0.048704, 0.074182
0.045878, 0.895212, 0.034159, 0.772399
0.045923, 0.652222, 0.038634, 0.581377
0.046320, 0.908621, 0.032967, 0.781068
0.046587, 0.134180, 0.046011, 0.132913
0.046828, 0.801884, 0.036998, 0.701822
0.046851, 0.922167, 0.036080, 0.794412
0.046898, 0.044136, 0.052337, 0.049273
0.047626, 0.558652, 0.041200, 0.503075
0.047670, 0.056904, 0.051731, 0.061827
0.048104, 0.474832, 0.042521, 0.431886
0.048259, 0.707962, 0.039787, 0.626907
0.048608, 0.935307, 0.169276, 0.935368
0.048676, 0.685846, 0.040472, 0.608965
0.048726, 0.571570, 0.042012, 0.514098
0.049373, 0.766029, 0.039709, 0.673526
0.049728, 0.584687, 0.042721, 0.525190
0.050075, 0.021033, 0.057935, 0.024293
0.050100, 0.973351, -0.852559, -0.057293
0.050259, 0.000000, 0.059656, 0.000000
0.050343, 0.462170, 0.044630, 0.420936
0.050896, 1.000000, -0.817941, 0.000000
0.051096, 0.743163, 0.041515, 0.655199
0.051212, 0.789550, 0.040714, 0.692008
0.051231, 0.663338, 0.042935, 0.590491
0.051460, 0.322749, 0.047130, 0.299651
0.051565, 0.822705, 0.040271, 0.717692
0.052033, 0.448765, 0.046274, 0.409383
0.052151, 0.598362, 0.044632, 0.536761
0.052287, 0.640231, 0.044166, 0.571470
0.052509, 0.948996, -0.590615, 0.176325
0.052573, 0.435467, 0.046901, 0.397901
0.052828, 0.422205, 0.047275, 0.386439
0.052881, 0.547354, 0.045878, 0.493433
0.052965, 0.408929, 0.047545, 0.374944
0.053012, 0.395650, 0.047735, 0.363424
0.053014, 0.382374, 0.047886, 0.351885
0.053053, 0.258077, 0.049463, 0.242832
0.053064, 0.369078, 0.048081, 0.340303
0.053233, 0.090870, 0.054480, 0.093112
0.053243, 0.309924, 0.048917, 0.288355
0.053421, 0.355746, 0.048556, 0.328658
0.053598, 0.271946, 0.049768, 0.255065
0.053687, 0.834183, 0.041654, 0.726641
0.053718, 0.719552, 0.044079, 0.636164
0.053882, 0.611588, 0.045934, 0.547866
0.053943, 0.532940, 0.046985, 0.481348
0.053988, 0.244883, 0.050553, 0.231218
0.054604, 0.342427, 0.049786, 0.316981
0.054894, 0.231732, 0.051629, 0.219601
0.054947, 0.114929, 0.054906, 0.115072
0.054950, 0.285526, 0.050846, 0.267085
0.054978, 0.987604, -0.797163, 0.000732
0.055114, 0.754801, 0.044549, 0.664427
0.055238, 0.847316, 0.042497, 0.736625
0.055395, 0.297437, 0.051073, 0.277460
0.055398, 0.625771, 0.047008, 0.559469
0.055488, 0.697163, 0.045939, 0.618137
0.055495, 0.218466, 0.052435, 0.207832
0.055737, 0.078590, 0.057880, 0.081668
0.055980, 0.811959, 0.043970, 0.709233
0.056015, 0.520770, 0.048962, 0.471164
0.056099, 0.507433, 0.049192, 0.459728
0.056183, 0.032552, 0.062592, 0.036182
0.056185, 0.205497, 0.053346, 0.196309
0.056358, 0.860899, 0.042897, 0.746769
0.056397, 0.154093, 0.054853, 0.150413
0.056629, 0.494164, 0.049819, 0.448373
0.056664, 0.675696, 0.047282, 0.600608
0.056665, 0.777245, 0.045318, 0.682146
0.056731, 0.192722, 0.054145, 0.184942
0.056812, 0.167141, 0.054869, 0.162104
0.056889, 0.180016, 0.054603, 0.173615
0.056937, 0.874367, 0.042819, 0.756734
0.057078, 0.140325, 0.055970, 0.138013
0.057112, 0.010890, 0.065353, 0.012470
0.057153, 0.887542, 0.042736, 0.766670
0.057196, 0.102279, 0.057823, 0.103557
0.057316, 0.962887, -0.849667, -0.069087
0.057572, 0.900696, 0.041266, 0.775017
0.057955, 0.561433, 0.050084, 0.505265
0.058139, 0.731632, 0.047466, 0.645815
0.058153, 0.913787, 0.050474, 0.794107
0.058439, 0.066489, 0.061628, 0.070127
0.058517, 0.481734, 0.051635, 0.437719
0.058641, 0.330842, 0.053605, 0.306735
0.058858, 0.126606, 0.058272, 0.125654
0.058910, 0.651386, 0.049569, 0.580629
0.059031, 0.043962, 0.064241, 0.047790
0.059330, 0.926577, 0.182637, 0.933475
0.059526, 0.574961, 0.051247, 0.516624
0.059617, 0.799669, 0.047131, 0.699609
0.060330, 0.588172, 0.051743, 0.527698
0.060339, 0.055260, 0.064447, 0.058981
0.060504, 0.469201, 0.053546, 0.426900
0.061135, 0.708683, 0.050379, 0.627321
0.061155, 0.939360, -0.511148, 0.241957
0.061998, 0.456195, 0.055037, 0.415692
0.062376, 0.976468, -0.804052, -0.016442
0.062471, 0.765961, 0.050225, 0.673090
0.062518, 0.686824, 0.051953, 0.609621
0.062726, 0.317219, 0.057508, 0.294625
0.062741, 0.539927, 0.054553, 0.487246
0.063019, 0.442813, 0.056117, 0.404125
0.063053, 0.637475, 0.053289, 0.568996
0.063145, 1.000000, -0.808844, 0.000000
0.063159, 0.743365, 0.051297, 0.655108
0.063208, 0.264164, 0.058786, 0.248005
0.063215, 0.665324, 0.052935, 0.591997
0.063474, 0.429465, 0.056697, 0.392581
0.063705, 0.416193, 0.057078, 0.381089
0.063827, 0.402989, 0.057362, 0.369630
0.063852, 0.601559, 0.054551, 0.538885
0.063882, 0.389868, 0.057584, 0.358220
0.063897, 0.376835, 0.057770, 0.346862
0.063897, 0.000000, 0.072005, 0.000000
0.063945, 0.824533, 0.049802, 0.718731
0.064023, 0.363919, 0.058056, 0.335577
0.064036, 0.022458, 0.070911, 0.024835
0.064281, 0.787558, 0.051132, 0.690056
0.064296, 0.089170, 0.065548, 0.091021
0.064332, 0.278429, 0.059628, 0.260736
0.064513, 0.251374, 0.060245, 0.236761
0.064576, 0.351010, 0.058731, 0.324269
0.064646, 0.615476, 0.054994, 0.550428
0.064825, 0.952710, -0.834816, -0.067436
0.065277, 0.838721, 0.050341, 0.729351
0.065470, 0.304186, 0.060246, 0.283297
0.065476, 0.238466, 0.061397, 0.225356
0.065487, 0.552009, 0.056759, 0.497469
0.065946, 0.113229, 0.065788, 0.113192
0.066029, 0.224880, 0.062178, 0.213265
0.066102, 0.720737, 0.054201, 0.636928
0.066584, 0.852652, 0.050829, 0.739779
0.066820, 0.515008, 0.058472, 0.466056
0.067114, 0.211652, 0.063490, 0.201495
0.067130, 0.148124, 0.065330, 0.144620
0.067132, 0.501145, 0.058943, 0.454181
0.067599, 0.338640, 0.061661, 0.313431
0.067657, 0.866323, 0.051400, 0.750252
0.067663, 0.810512, 0.053158, 0.707829
0.067683, 0.528676, 0.059011, 0.477561
0.067822, 0.075763, 0.069946, 0.078185
0.067861, 0.754804, 0.054830, 0.664094
0.067882, 0.626148, 0.057554, 0.559282
0.068015, 0.160839, 0.065743, 0.156057
0.068032, 0.198882, 0.064666, 0.190111
0.068115, 0.290936, 0.062918, 0.271737
0.068351, 0.173746, 0.065666, 0.167651
0.068373, 0.879687, 0.052249, 0.760960
0.068536, 0.186307, 0.065479, 0.178885
0.068583, 0.134706, 0.067234, 0.132411
0.068638, 0.988423, -0.796367, -0.006784
0.068710, 0.698150, 0.056838, 0.618610
0.068866, 0.892755, 0.049792, 0.768297
0.068923, 0.034741, 0.074484, 0.037469
0.068967, 0.565192, 0.059547, 0.508461
0.069026, 0.488480, 0.060794, 0.443320
0.069520, 0.905658, 0.066999, 0.795150
0.069809, 0.965859, -0.800276, -0.026764
0.069934, 0.656279, 0.058719, 0.584211
0.069975, 0.100482, 0.070395, 0.101202
0.070081, 0.776365, 0.056048, 0.681166
0.070180, 0.676576, 0.058523, 0.601062
0.070549, 0.918290, 0.178233, 0.912228
0.070562, 0.577856, 0.060697, 0.518982
0.070656, 0.011941, 0.077611, 0.013121
0.070708, 0.325900, 0.064674, 0.302140
0.070824, 0.732313, 0.057783, 0.646075
0.070893, 0.589946, 0.060771, 0.529126
0.071004, 0.476042, 0.062723, 0.432614
0.071247, 0.048322, 0.075570, 0.051212
0.071669, 0.062417, 0.074720, 0.065049
0.071974, 0.644883, 0.060652, 0.574704
0.071979, 0.930685, -0.695214, 0.043674
0.072224, 0.797431, 0.057136, 0.697510
0.072385, 0.463247, 0.064136, 0.421596
0.072816, 0.123181, 0.071894, 0.121863
0.072902, 0.269612, 0.067628, 0.252494
0.073350, 0.450057, 0.065189, 0.410200
0.073399, 0.943020, -0.778234, -0.024510
0.073695, 0.608968, 0.062806, 0.544892
0.073802, 0.710462, 0.060750, 0.628463
0.073976, 0.436749, 0.065947, 0.398691
0.074118, 0.541907, 0.064375, 0.488585
0.074389, 0.423423, 0.066516, 0.387144
0.074635, 0.313345, 0.068509, 0.291250
0.074646, 0.410221, 0.066949, 0.375695
0.074825, 0.397176, 0.067310, 0.364361
0.074936, 0.384286, 0.067608, 0.353138
0.075085, 0.371673, 0.067939, 0.342142
0.075227, 0.359123, 0.068263, 0.331166
0.075387, 0.257516, 0.070169, 0.241775
0.075570, 0.819865, 0.059098, 0.714801
0.075596, 0.087380, 0.076668, 0.088687
0.075616, 0.743777, 0.061373, 0.655037
0.075727, 0.832282, 0.058906, 0.724452
0.075924, 0.977546, -0.794051, -0.015973
0.075984, 0.765519, 0.061070, 0.672416
0.076076, 0.231781, 0.071393, 0.219083
0.076179, 0.687625, 0.063249, 0.609832
0.076196, 1.000000, -0.796017, 0.000000
0.076332, 0.245503, 0.071327, 0.231229
0.076485, 0.346785, 0.069602, 0.320368
0.076736, 0.633303, 0.064909, 0.565120
0.076896, 0.845412, 0.059607, 0.734672
0.076974, 0.280277, 0.071229, 0.262012
0.076983, 0.000000, 0.083516, 0.000000
0.077043, 0.666499, 0.064458, 0.592568
0.077073, 0.507598, 0.067542, 0.459448
0.077346, 0.555877, 0.066934, 0.500409
0.077378, 0.300348, 0.071241, 0.279741
0.077390, 0.955821, -0.802387, -0.042159
0.077415, 0.218140, 0.072994, 0.207000
0.077666, 0.597492, 0.066417, 0.535306
0.077694, 0.024429, 0.083103, 0.026097
0.077971, 0.521276, 0.068108, 0.471206
0.078006, 0.785926, 0.062068, 0.688424
0.078085, 0.142740, 0.075999, 0.139297
0.078160, 0.858708, 0.060693, 0.745241
0.078306, 0.110704, 0.077859, 0.110225
0.079050, 0.722253, 0.064752, 0.637851
0.079101, 0.204886, 0.074940, 0.195201
0.079176, 0.620020, 0.067262, 0.554180
0.079256, 0.871952, 0.060792, 0.754801
0.079274, 0.154284, 0.076742, 0.149832
0.079458, 0.167244, 0.076459, 0.161532
0.079488, 0.074715, 0.081239, 0.076333
0.079489, 0.494803, 0.069879, 0.448482
0.079827, 0.333788, 0.072842, 0.308851
0.079937, 0.806656, 0.062893, 0.704300
0.080103, 0.885014, 0.054162, 0.757850
0.080138, 0.192322, 0.076289, 0.183986
0.080343, 0.179881, 0.076886, 0.172879
0.080352, 0.569436, 0.069276, 0.511819
0.080422, 0.755183, 0.064929, 0.663930
0.080437, 0.038439, 0.084781, 0.040446
0.080830, 0.897863, 0.085921, 0.799246
0.081327, 0.700524, 0.067188, 0.620218
0.081607, 0.532581, 0.071063, 0.480684
0.081686, 0.583013, 0.070130, 0.522991
0.081734, 0.482631, 0.072069, 0.438053
0.081845, 0.910543, 0.115338, 0.833222
0.081876, 0.653904, 0.068778, 0.582010
0.082404, 0.052322, 0.085628, 0.054293
0.082431, 0.132258, 0.080641, 0.129638
0.082479, 0.988856, -0.788601, -0.007981
0.082640, 0.098077, 0.082730, 0.098254
0.082852, 0.289462, 0.076462, 0.269991
0.083100, 0.470066, 0.073498, 0.427274
0.083195, 0.011221, 0.088711, 0.011940
0.083255, 0.922948, -0.884058, -0.157923
0.083513, 0.966910, -0.786770, -0.022661
0.083683, 0.322694, 0.076603, 0.299262
0.083829, 0.457023, 0.074369, 0.416032
0.083835, 0.734161, 0.068314, 0.647234
0.083917, 0.774125, 0.067147, 0.678987
0.084064, 0.267123, 0.078019, 0.250181
0.084170, 0.676919, 0.070142, 0.600921
0.084280, 0.063516, 0.086562, 0.065179
0.084580, 0.443750, 0.075267, 0.404570
0.084828, 0.934893, -0.744100, -0.004615
0.084931, 0.430583, 0.075811, 0.393194
0.085200, 0.546606, 0.073912, 0.492489
0.085250, 0.641909, 0.071902, 0.572157
0.085368, 0.417291, 0.076433, 0.381676
0.085489, 0.946264, -0.792013, -0.045588
0.085536, 0.607960, 0.072920, 0.544015
0.085727, 0.404198, 0.076987, 0.370328
0.085974, 0.391271, 0.077436, 0.359091
0.086025, 0.239297, 0.080485, 0.225546
0.086062, 0.796016, 0.068090, 0.695942
0.086310, 0.120769, 0.084967, 0.119054
0.086335, 0.309721, 0.079242, 0.287709
0.086375, 0.378797, 0.078022, 0.348241
0.086377, 0.366326, 0.078242, 0.337343
0.086883, 0.354159, 0.078912, 0.326677
0.086920, 0.225632, 0.081692, 0.213447
0.086941, 0.712171, 0.071489, 0.629517
0.087167, 0.815348, 0.068186, 0.710730
0.087287, 0.513717, 0.076344, 0.464349
0.087535, 0.826641, 0.067926, 0.719426
0.087560, 0.253949, 0.081595, 0.238597
0.087646, 0.085184, 0.088266, 0.085788
0.087734, 0.341604, 0.079886, 0.315559
0.087782, 0.838782, 0.067284, 0.728400
0.088276, 0.691007, 0.073179, 0.612314
0.088341, 0.746889, 0.071571, 0.657187
0.088603, 0.594991, 0.075812, 0.533004
0.088612, 0.629060, 0.075040, 0.561436
0.088843, 0.851524, 0.066608, 0.737077
0.088954, 0.211739, 0.083974, 0.201026
0.089202, 0.501562, 0.078258, 0.453965
0.089318, 0.663814, 0.074768, 0.590083
0.089489, 0.559745, 0.077345, 0.503436
0.089667, 1.000000, -0.784789, 0.000000
0.089718, 0.978104, -0.784470, -0.016371
0.089736, 0.277839, 0.083032, 0.259574
0.089865, 0.159263, 0.086543, 0.153854
0.090038, 0.864480, 0.063042, 0.742914
0.090101, 0.144620, 0.087343, 0.140532
0.090304, 0.020661, 0.094599, 0.021609
0.090415, 0.000000, 0.095338, 0.000000
0.090458, 0.761588, 0.072794, 0.668916
0.090610, 0.031595, 0.094339, 0.032806
0.090851, 0.108405, 0.089928, 0.107393
0.090979, 0.297959, 0.083728, 0.277256
0.091138, 0.877452, 0.056478, 0.746215
0.091276, 0.956126, -0.782523, -0.032379
0.091289, 0.784956, 0.072621, 0.687171
0.091348, 0.172447, 0.087476, 0.165750
0.091468, 0.198116, 0.086753, 0.188833
0.091755, 0.571777, 0.079010, 0.513340
0.091846, 0.045107, 0.094777, 0.046453
0.091959, 0.724097, 0.075225, 0.638877
0.092072, 0.890353, 0.129959, 0.829151
0.092203, 0.524063, 0.080444, 0.473189
0.092305, 0.185600, 0.087962, 0.177626
0.092485, 0.072484, 0.093692, 0.073374
0.092595, 0.489150, 0.081495, 0.443404
0.092629, 0.617238, 0.078725, 0.551537
0.092760, 0.583490, 0.079617, 0.523198
0.092968, 0.903204, -0.031811, 0.670548
0.093085, 0.537858, 0.080929, 0.484896
0.094080, 0.476829, 0.083054, 0.432866
0.094128, 0.651036, 0.079132, 0.579494
0.094210, 0.331883, 0.085934, 0.306830
0.094295, 0.916192, -0.943272, -0.229198
0.094429, 0.805705, 0.074294, 0.703064
0.094575, 0.463781, 0.083744, 0.421628
0.094849, 0.131929, 0.092585, 0.128987
0.094942, 0.702333, 0.078352, 0.621379
0.095003, 0.682474, 0.078977, 0.605059
0.095033, 0.450606, 0.084409, 0.410276
0.095056, 0.319179, 0.086995, 0.295778
0.095182, 0.095817, 0.094737, 0.095378
0.095498, 0.265309, 0.088651, 0.248443
0.095823, 0.437250, 0.085372, 0.398735
0.095865, 0.424301, 0.085666, 0.387544
0.095877, 0.058389, 0.097808, 0.059480
0.095952, 0.737230, 0.078039, 0.649201
0.095974, 0.245027, 0.089547, 0.230319
0.096049, 0.929305, -0.749245, -0.022512
0.096254, 0.772945, 0.077003, 0.677475
0.096400, 0.988975, -0.778955, -0.008080
0.096450, 0.410991, 0.086442, 0.375977
0.096809, 0.397762, 0.087016, 0.364458
0.097064, 0.967283, -0.778182, -0.023933
0.097140, 0.287407, 0.089598, 0.267772
0.097153, 0.550939, 0.084163, 0.495879
0.097213, 0.604248, 0.082924, 0.540455
0.097218, 0.232661, 0.091028, 0.219286
0.097332, 0.942667, -0.782675, -0.047982
0.097339, 0.010676, 0.101324, 0.011108
0.097501, 0.346581, 0.088642, 0.319730
0.097517, 0.638228, 0.082316, 0.568778
0.097529, 0.372432, 0.088161, 0.342375
0.097656, 0.385288, 0.088031, 0.353621
0.097805, 0.671400, 0.081617, 0.595906
0.097830, 0.359824, 0.088682, 0.331350
0.097909, 0.219870, 0.092046, 0.207916
0.098768, 0.510906, 0.086439, 0.461799
0.098857, 0.119128, 0.096906, 0.116886
0.098948, 0.306663, 0.090810, 0.284676
0.098999, 0.830781, 0.076906, 0.722280
0.099062, 0.817579, 0.077437, 0.712023
0.099151, 0.750960, 0.080137, 0.660024
0.099580, 0.152540, 0.095994, 0.147388
0.099627, 0.843862, 0.077457, 0.732868
0.099817, 0.082909, 0.099907, 0.082930
0.099903, 0.795619, 0.078984, 0.695043
0.100066, 0.713873, 0.082173, 0.630409
0.100397, 0.205750, 0.094785, 0.195232
0.100791, 0.856886, 0.078534, 0.743507
0.101077, 0.498248, 0.088747, 0.451019
0.101103, 0.591706, 0.086557, 0.529898
0.101495, 0.625995, 0.086004, 0.558553
0.101751, 0.254612, 0.094710, 0.238852
0.101802, 0.036006, 0.104046, 0.036710
0.101945, 0.164686, 0.097791, 0.158430
0.102040, 0.869841, 0.093152, 0.767861
0.102370, 0.530140, 0.089138, 0.478011
0.102424, 0.692867, 0.084805, 0.613414
0.102513, 0.659544, 0.085900, 0.586149
0.102610, 0.564261, 0.088548, 0.506937
0.102812, 0.276114, 0.095117, 0.257806
0.103028, 0.177982, 0.098328, 0.170459
0.103051, 0.577627, 0.088572, 0.518000
0.103158, 0.022743, 0.106107, 0.023341
0.103171, 0.882704, 0.234022, 0.916784
0.103195, 0.106478, 0.101690, 0.104952
0.103268, 1.000000, -0.774426, 0.000000
0.103442, 0.955379, -0.772845, -0.032404
0.103582, 0.977973, -0.774047, -0.016476
0.103743, 0.141444, 0.100500, 0.137238
0.103764, 0.727745, 0.084714, 0.641447
0.103881, 0.783877, 0.082607, 0.685662
0.103901, 0.047666, 0.105533, 0.048305
0.104014, 0.069224, 0.104576, 0.069499
0.104077, 0.762449, 0.083639, 0.668759
0.104138, 0.895492, -0.285059, 0.400903
0.104172, 0.000000, 0.107564, 0.000000
0.104331, 0.191548, 0.098987, 0.182493
0.105010, 0.908287, -0.876139, -0.174998
0.105154, 0.613432, 0.089440, 0.547963
0.105188, 0.484060, 0.092661, 0.438768
0.105278, 0.296492, 0.096841, 0.275588
0.105334, 0.470575, 0.093119, 0.427358
0.105666, 0.338837, 0.096256, 0.312890
0.105779, 0.457214, 0.093799, 0.415823
0.105959, 0.541360, 0.091997, 0.487506
0.105994, 0.326226, 0.096857, 0.301910
0.106085, 0.444019, 0.094351, 0.404411
0.106354, 0.519579, 0.092825, 0.468810
0.106491, 0.646942, 0.089606, 0.575668
0.106527, 0.921327, -0.779916, -0.068265
0.106753, 0.418026, 0.095503, 0.381887
0.106952, 0.314789, 0.097945, 0.291690
0.107113, 0.681018, 0.089054, 0.603523
0.107190, 0.404095, 0.096169, 0.369696
0.107192, 0.430472, 0.095618, 0.392641
0.107463, 0.093501, 0.106432, 0.092548
0.107569, 0.128853, 0.104554, 0.125363
0.107611, 0.741095, 0.087337, 0.652032
0.107619, 0.241519, 0.100427, 0.226914
0.107976, 0.352510, 0.098039, 0.324821
0.107980, 0.807183, 0.084718, 0.703620
0.108254, 0.216037, 0.101732, 0.204109
0.108373, 0.264770, 0.100561, 0.247723
0.108465, 0.378532, 0.097891, 0.347503
0.108511, 0.934093, -0.762300, -0.042177
0.108592, 0.229111, 0.101706, 0.215886
0.108866, 0.552807, 0.094226, 0.497133
0.108869, 0.365866, 0.098552, 0.336494
0.108909, 0.391798, 0.098007, 0.359084
0.108946, 0.703597, 0.089794, 0.621765
0.109098, 0.772821, 0.087213, 0.676789
0.109365, 0.600711, 0.093381, 0.537331
0.109371, 0.822266, 0.084917, 0.714948
0.109829, 0.057309, 0.110569, 0.057581
0.110091, 0.945232, -0.770178, -0.042985
0.110154, 0.988889, -0.769026, -0.008278
0.110233, 0.836061, 0.085250, 0.725737
0.110353, 0.966319, -0.768765, -0.025234
0.110359, 0.634709, 0.093233, 0.565518
0.110515, 0.011183, 0.112978, 0.011401
0.110672, 0.668867, 0.092413, 0.593554
0.111078, 0.718263, 0.091007, 0.633474
0.111239, 0.285932, 0.102609, 0.266280
0.111395, 0.495514, 0.097829, 0.448380
0.111424, 0.849280, 0.083223, 0.733394
0.111434, 0.080182, 0.110775, 0.079609
0.111442, 0.153534, 0.107152, 0.147914
0.111559, 0.202178, 0.105237, 0.191568
0.111572, 0.508160, 0.097699, 0.459274
0.111683, 0.116774, 0.109122, 0.114132
0.111971, 0.753633, 0.090339, 0.661786
0.111975, 0.587322, 0.095983, 0.526080
0.112334, 0.793757, 0.088834, 0.693177
0.112395, 0.032006, 0.113869, 0.032331
0.112806, 0.862282, 0.096176, 0.755808
0.113014, 0.167837, 0.108006, 0.160815
0.113494, 0.305429, 0.104109, 0.283207
0.113521, 0.574335, 0.097668, 0.515166
0.113947, 0.622038, 0.096642, 0.554908
0.114010, 0.251562, 0.106033, 0.235643
0.114164, 0.875159, 0.193433, 0.858858
0.114605, 0.181193, 0.108979, 0.172859
0.114693, 0.530502, 0.099800, 0.477901
0.115061, 0.655867, 0.096497, 0.582735
0.115310, 0.887932, -0.705044, -0.033400
0.115340, 0.103939, 0.113185, 0.101948
0.115418, 0.691211, 0.095563, 0.611538
0.115787, 0.138917, 0.111673, 0.134121
0.115837, 0.043742, 0.116588, 0.043895
0.115910, 0.563173, 0.100021, 0.505688
0.115929, 0.731164, 0.094446, 0.643621
0.116173, 0.332224, 0.105888, 0.306727
0.116203, 0.900715, -0.758573, -0.070607
0.116230, 0.275165, 0.107505, 0.256727
0.116372, 0.410984, 0.104195, 0.375392
0.116505, 0.475139, 0.102789, 0.430753
0.116639, 0.462734, 0.103212, 0.420105
0.116716, 0.067531, 0.116318, 0.067170
0.116816, 0.913687, -0.777884, -0.080668
0.116818, 1.000000, -0.764295, 0.000000
0.116943, 0.437064, 0.104109, 0.398029
0.117025, 0.977480, -0.764012, -0.016932
0.117042, 0.781508, 0.093137, 0.683560
0.117101, 0.449899, 0.103933, 0.409066
0.117261, 0.954886, -0.762865, -0.033473
0.117430, 0.345018, 0.106720, 0.317916
0.117516, 0.021030, 0.118903, 0.021227
0.117648, 0.609402, 0.100165, 0.544347
0.117694, 0.000000, 0.119423, 0.000000
0.118185, 0.318453, 0.108028, 0.294503
0.118426, 0.540913, 0.102737, 0.486506
0.118468, 0.814790, 0.092871, 0.709171
0.118469, 0.212669, 0.111303, 0.200756
0.118592, 0.486548, 0.104306, 0.440310
0.118698, 0.927475, -0.758894, -0.051801
0.118722, 0.192401, 0.112319, 0.182681
0.118733, 0.766386, 0.095182, 0.671521
0.118736, 0.358300, 0.107578, 0.329515
0.118863, 0.710096, 0.097683, 0.626672
0.118941, 0.679166, 0.098931, 0.601758
0.119016, 0.423228, 0.106277, 0.386007
0.119044, 0.384520, 0.107227, 0.352397
0.119201, 0.225222, 0.111655, 0.212119
0.119262, 0.643614, 0.100431, 0.572602
0.119358, 0.520457, 0.104148, 0.469440
0.119460, 0.295229, 0.109846, 0.274184
0.119541, 0.090726, 0.117699, 0.089216
0.119726, 0.238298, 0.111726, 0.223768
0.119790, 0.262537, 0.111025, 0.245203
0.119965, 0.398876, 0.107696, 0.364810
0.120064, 0.371940, 0.108481, 0.341512
0.120115, 0.743181, 0.097310, 0.652896
0.120325, 0.828593, 0.094481, 0.720500
0.120406, 0.551937, 0.104159, 0.495846
0.120719, 0.127101, 0.117085, 0.123322
0.120866, 0.801554, 0.095179, 0.698698
0.120992, 0.596264, 0.103400, 0.533244
0.121892, 0.841835, 0.090131, 0.725691
0.122019, 0.941372, -0.759895, -0.044845
0.122298, 0.054478, 0.121916, 0.054163
0.122325, 0.665382, 0.102199, 0.590124
0.122512, 0.147340, 0.117587, 0.141582
0.122648, 0.499580, 0.107499, 0.451246
0.122672, 0.630685, 0.103722, 0.561785
0.122937, 0.159760, 0.117566, 0.153049
0.123307, 0.698999, 0.101751, 0.617485
0.123437, 0.854811, 0.113215, 0.758256
0.123446, 0.583347, 0.105880, 0.522331
0.123546, 0.078121, 0.122011, 0.077009
0.123556, 0.755716, 0.099507, 0.662661
0.123631, 0.988685, -0.759091, -0.008538
0.123667, 0.965981, -0.758923, -0.025749
0.123755, 0.722079, 0.101191, 0.636217
0.123919, 0.114216, 0.120659, 0.111164
0.124087, 0.510434, 0.108481, 0.460534
0.124566, 0.010517, 0.125418, 0.010563
0.124576, 0.032253, 0.124867, 0.032216
0.124898, 0.172537, 0.118881, 0.164602
0.124982, 0.867651, 0.134749, 0.784289
0.125199, 0.203338, 0.117916, 0.192259
0.125540, 0.307998, 0.115059, 0.285313
0.125612, 0.284721, 0.115758, 0.264762
0.125775, 0.571005, 0.108239, 0.511866
0.126051, 0.789916, 0.099800, 0.689449
0.126082, 0.250033, 0.117110, 0.233797
0.126312, 0.326601, 0.115241, 0.301575
0.126335, 0.617904, 0.107235, 0.551077
0.126432, 0.880382, -0.856315, -0.197238
0.127129, 0.100993, 0.124115, 0.098488
0.127211, 0.411323, 0.113878, 0.375530
0.127356, 0.775533, 0.101560, 0.677978
0.127498, 0.892970, -0.717070, -0.044272
0.127717, 0.431537, 0.113799, 0.392963
0.127915, 0.338541, 0.116413, 0.312113
0.128031, 0.652758, 0.107428, 0.579717
0.128072, 0.918199, -0.755706, -0.063504
0.128155, 0.455713, 0.113591, 0.413934
0.128162, 0.905556, -0.758877, -0.077132
0.128276, 0.467684, 0.113380, 0.424225
0.128295, 0.184037, 0.121559, 0.174858
0.128332, 0.531259, 0.111640, 0.478384
0.128422, 0.272475, 0.118641, 0.253756
0.128570, 0.389868, 0.115635, 0.356828
0.128658, 0.443151, 0.114361, 0.403082
0.128874, 0.065084, 0.127372, 0.064165
0.129093, 0.479637, 0.113776, 0.434460
0.129168, 0.734426, 0.105029, 0.645800
0.129215, 0.351056, 0.117274, 0.323081
0.129398, 0.558571, 0.111716, 0.501255
0.129414, 0.363803, 0.117078, 0.334109
0.129423, 0.216614, 0.121352, 0.204023
0.129484, 0.676387, 0.107718, 0.598808
0.129501, 0.809088, 0.101478, 0.704015
0.129512, 0.042954, 0.128836, 0.042579
0.129553, 0.953516, -0.753962, -0.035020
0.129734, 0.604984, 0.110534, 0.540161
0.129964, 0.688107, 0.107676, 0.608544
0.130192, 0.821601, 0.100493, 0.712754
0.130236, 1.000000, -0.754264, 0.000000
0.130274, 0.136699, 0.125365, 0.131590
0.130438, 0.977281, -0.753983, -0.017227
0.130470, 0.229274, 0.121914, 0.215365
0.130498, 0.544667, 0.113085, 0.489493
0.130528, 0.931645, -0.751861, -0.050845
0.130642, 0.709657, 0.107289, 0.625618
0.130663, 0.491937, 0.114796, 0.444870
0.131257, 0.639359, 0.110626, 0.568643
0.131293, 0.021315, 0.131124, 0.021220
0.131327, 0.260437, 0.121624, 0.242924
0.131564, 0.377705, 0.118620, 0.346102
0.131603, 0.000000, 0.131750, 0.000000
0.131619, 0.298083, 0.120869, 0.276408
0.132161, 0.834502, 0.092048, 0.713477
0.132197, 0.088160, 0.129478, 0.086179
0.132205, 0.747908, 0.106821, 0.656263
0.132746, 0.519172, 0.115844, 0.468073
0.132830, 0.317209, 0.121436, 0.293223
0.132836, 0.241014, 0.123685, 0.225736
0.132981, 0.592129, 0.113716, 0.529307
0.133160, 0.194971, 0.125624, 0.184508
0.133169, 0.123799, 0.128812, 0.119704
0.133183, 0.762497, 0.106860, 0.667614
0.133258, 0.421661, 0.118954, 0.384187
0.133430, 0.150524, 0.127626, 0.144093
0.133501, 0.400755, 0.119799, 0.366292
0.133931, 0.847384, 0.140278, 0.771021
0.134111, 0.665761, 0.111980, 0.590035
0.134748, 0.163831, 0.128284, 0.156194
0.134974, 0.626406, 0.114215, 0.557786
0.135177, 0.720893, 0.110463, 0.634347
0.135348, 0.075821, 0.132721, 0.074179
0.135380, 0.505679, 0.118551, 0.456588
0.135516, 0.579720, 0.116289, 0.518837
0.135618, 0.053027, 0.133873, 0.052167
0.135653, 0.860203, 0.030698, 0.664591
0.135681, 0.799017, 0.106662, 0.695627
0.135859, 0.110606, 0.131644, 0.107055
0.136143, 0.942785, -0.749210, -0.043830
0.136424, 0.965458, -0.749362, -0.026347
0.136791, 0.698502, 0.112823, 0.616563
0.137000, 0.988580, -0.749093, -0.008705
0.137311, 0.872948, -0.898069, -0.252404
0.137419, 0.785110, 0.108969, 0.685092
0.137475, 0.567161, 0.118376, 0.508215
0.137537, 0.288989, 0.126489, 0.268124
0.137649, 0.207174, 0.129300, 0.195302
0.137858, 0.032251, 0.136752, 0.031870
0.137926, 0.329401, 0.125704, 0.303791
0.138213, 0.175704, 0.131011, 0.166861
0.138457, 0.010779, 0.137722, 0.010686
0.138534, 0.613486, 0.117680, 0.546901
0.138769, 0.277921, 0.127918, 0.258237
0.138866, 0.885587, -0.724924, -0.067111
0.138967, 0.773228, 0.110862, 0.675743
0.139116, 0.922053, -0.745947, -0.059477
0.139173, 0.098129, 0.135298, 0.095228
0.139244, 0.448223, 0.123528, 0.406976
0.139253, 0.342421, 0.126550, 0.315213
0.139535, 0.656430, 0.116856, 0.582145
0.139630, 0.367689, 0.126148, 0.337217
0.139721, 0.434029, 0.124327, 0.394649
0.139756, 0.897936, -0.743632, -0.077112
0.139907, 0.538381, 0.121421, 0.483976
0.140061, 0.307731, 0.128282, 0.284706
0.140089, 0.472379, 0.123562, 0.427646
0.140102, 0.388998, 0.125984, 0.355784
0.140103, 0.910219, -0.745324, -0.069179
0.140207, 0.460151, 0.124026, 0.417177
0.140288, 0.813197, 0.107549, 0.704419
0.140325, 0.410956, 0.125599, 0.374953
0.140361, 0.552707, 0.121311, 0.495874
0.140432, 0.730660, 0.114243, 0.641906
0.140555, 0.252828, 0.130427, 0.236080
0.140781, 0.678059, 0.116993, 0.599850
0.140836, 0.645402, 0.118368, 0.572980
0.140918, 0.219513, 0.131818, 0.206186
0.140921, 0.355416, 0.127619, 0.326362
0.141287, 0.266207, 0.130618, 0.247855
0.141375, 0.483839, 0.124340, 0.437379
0.141393, 0.063119, 0.138617, 0.061681
0.141594, 0.495641, 0.124175, 0.447455
0.141962, 0.600618, 0.121048, 0.536082
0.141972, 0.741708, 0.114941, 0.650785
0.141982, 0.526990, 0.123607, 0.474390
0.142070, 0.826468, 0.103890, 0.710624
0.142227, 0.187043, 0.134254, 0.176966
0.142668, 0.142313, 0.136414, 0.136076
0.142730, 0.230858, 0.133056, 0.216231
0.142896, 0.954287, -0.744003, -0.034850
0.142935, 0.710117, 0.117299, 0.625616
0.143575, 1.000000, -0.744222, 0.000000
0.143590, 0.131431, 0.137970, 0.126217
0.143601, 0.754140, 0.115580, 0.660586
0.143744, 0.976958, -0.743998, -0.017633
0.143749, 0.042759, 0.141615, 0.041954
0.144146, 0.839559, 0.206816, 0.822567
0.144176, 0.633684, 0.121634, 0.563247
0.144276, 0.932023, -0.742164, -0.051791
0.144435, 0.156031, 0.137518, 0.148645
0.144455, 0.688496, 0.119551, 0.608119
0.144625, 0.241941, 0.134426, 0.226088
0.144861, 0.514313, 0.126485, 0.463447
0.145118, 0.378438, 0.130803, 0.346540
0.145125, 0.021720, 0.143412, 0.021382
0.145326, 0.085203, 0.141288, 0.082618
0.145353, 0.000000, 0.143922, 0.000000
0.145356, 0.118662, 0.139939, 0.114095
0.145421, 0.587918, 0.124454, 0.525400
0.145807, 0.318807, 0.133125, 0.294210
0.145929, 0.422333, 0.130266, 0.384685
0.146044, 0.298203, 0.134003, 0.276121
0.146071, 0.852537, -0.125134, 0.492879
0.146435, 0.199098, 0.137681, 0.187712
0.146623, 0.792444, 0.115754, 0.690097
0.146777, 0.399433, 0.131639, 0.364642
0.146810, 0.667254, 0.122447, 0.590769
0.146832, 0.073407, 0.143177, 0.071372
0.147464, 0.575597, 0.126646, 0.515041
0.147487, 0.562464, 0.127113, 0.503925
0.147509, 0.765272, 0.118032, 0.669002
0.147577, 0.621424, 0.124986, 0.553045
0.147933, 0.865474, -0.885595, -0.253325
0.148040, 0.167685, 0.140365, 0.159150
0.148360, 0.805027, 0.116222, 0.699530
0.148478, 0.720936, 0.121248, 0.633921
0.148693, 0.442352, 0.132033, 0.401615
0.148808, 0.332226, 0.135418, 0.305871
0.148889, 0.107493, 0.143732, 0.103571
0.149570, 0.965636, -0.739375, -0.026417
0.149668, 0.285545, 0.137633, 0.264705
0.149679, 0.878420, -0.729770, -0.086683
0.149688, 0.053041, 0.146537, 0.051718
0.149697, 0.503322, 0.130999, 0.453763
0.149728, 0.943344, -0.738789, -0.043590
0.149925, 0.545295, 0.129817, 0.489435
0.149974, 0.700256, 0.123508, 0.617310
0.150196, 0.988193, -0.739116, -0.009078
0.150232, 0.778364, 0.119314, 0.678830
0.150490, 0.211454, 0.140964, 0.198714
0.150522, 0.344668, 0.136572, 0.316688
0.150584, 0.095516, 0.145731, 0.092216
0.150891, 0.918580, -0.736723, -0.062398
0.150908, 0.608820, 0.128307, 0.542552
0.151007, 0.654317, 0.126464, 0.579842
0.151043, 0.366780, 0.136443, 0.336165
0.151073, 0.467254, 0.133335, 0.422845
0.151359, 0.891486, -0.733736, -0.081639
0.151447, 0.273516, 0.139705, 0.254117
0.151664, 0.904476, -0.736150, -0.073723
0.151733, 0.032675, 0.149113, 0.031975
0.151783, 0.818473, 0.123850, 0.715802
0.151959, 0.260399, 0.140582, 0.242404
0.151995, 0.179082, 0.143558, 0.169380
0.152148, 0.011007, 0.149846, 0.010798
0.152201, 0.454175, 0.134775, 0.411725
0.152500, 0.733042, 0.123841, 0.643304
0.152538, 0.410434, 0.136443, 0.374029
0.152811, 0.355981, 0.138292, 0.326515
0.152920, 0.478822, 0.134604, 0.432756
0.153077, 0.534418, 0.132913, 0.480143
0.153101, 0.147837, 0.145828, 0.140782
0.153102, 0.490502, 0.134369, 0.442675
0.153166, 0.388130, 0.137719, 0.354769
0.153483, 0.223539, 0.143260, 0.209445
0.153537, 0.642146, 0.129123, 0.569884
0.153645, 0.431818, 0.136777, 0.392521
0.153988, 0.677681, 0.127894, 0.598933
0.154026, 0.248411, 0.142875, 0.231662
0.154045, 0.831556, 0.268193, 0.867837
0.154111, 0.745106, 0.124459, 0.652772
0.154241, 0.308671, 0.141138, 0.285163
0.154293, 0.595887, 0.131701, 0.531767
0.154375, 0.522368, 0.134437, 0.469837
0.154850, 0.125381, 0.148355, 0.119958
0.154910, 0.063896, 0.150765, 0.061953
0.155263, 0.190837, 0.146050, 0.179858
0.155314, 0.554802, 0.134122, 0.497298
0.155456, 0.235318, 0.144619, 0.219881
0.156212, 0.844550, -0.382865, 0.219499
0.156256, 0.711196, 0.128051, 0.625700
0.156354, 0.932133, -0.733311, -0.052257
0.156396, 0.953799, -0.733820, -0.035591
0.156715, 1.000000, -0.734300, 0.000000
0.156789, 0.630013, 0.132380, 0.559837
0.156990, 0.137172, 0.149962, 0.130904
0.157003, 0.323015, 0.143161, 0.297655
0.157030, 0.756521, 0.126114, 0.661550
0.157196, 0.787556, 0.123968, 0.685312
0.157216, 0.690826, 0.129886, 0.609300
0.157539, 0.976732, -0.733581, -0.017968
0.157575, 0.077024, 0.152887, 0.074484
0.157607, 0.159115, 0.149553, 0.150998
0.157624, 0.294984, 0.144582, 0.272855
0.157888, 0.582499, 0.135310, 0.520598
0.157909, 0.568807, 0.135860, 0.509141
0.158210, 0.376191, 0.142570, 0.344153
0.158217, 0.043457, 0.154582, 0.042266
0.158231, 0.857509, -0.794714, -0.176190
0.158339, 0.664012, 0.132112, 0.587504
0.158686, 0.510509, 0.138584, 0.459631
0.158854, 0.022101, 0.155606, 0.021556
0.158948, 0.000000, 0.155899, 0.000000
0.159002, 0.799247, 0.124313, 0.694014
0.159188, 0.420921, 0.142003, 0.382856
0.159296, 0.203533, 0.149271, 0.191185
0.159533, 0.088343, 0.154075, 0.085060
0.159678, 0.114398, 0.153124, 0.109467
0.159885, 0.768568, 0.127658, 0.670811
0.159979, 0.398725, 0.143485, 0.363814
0.160042, 0.617805, 0.135648, 0.549694
0.160168, 0.870503, -0.740513, -0.112710
0.160293, 0.336527, 0.145719, 0.309471
0.160529, 0.443535, 0.142511, 0.402491
0.160892, 0.723315, 0.131132, 0.635086
0.161015, 0.101794, 0.155052, 0.097766
0.161159, 0.811127, 0.130045, 0.707984
0.161393, 0.463188, 0.142550, 0.419129
0.161508, 0.170653, 0.152666, 0.161385
0.161710, 0.281689, 0.148825, 0.261130
0.161855, 0.883600, -0.723191, -0.085901
0.162055, 0.964129, -0.729711, -0.027769
0.162234, 0.498279, 0.142079, 0.449053
0.162341, 0.921957, -0.728176, -0.060311
0.162390, 0.910106, -0.727775, -0.069380
0.162581, 0.268369, 0.149984, 0.249128
0.162765, 0.651106, 0.136411, 0.576877
0.162861, 0.349364, 0.147611, 0.320625
0.163086, 0.989495, -0.729256, -0.008146
0.163107, 0.605633, 0.138757, 0.539516
0.163325, 0.544134, 0.141351, 0.487836
0.163473, 0.216471, 0.152672, 0.202762
0.163544, 0.362991, 0.147750, 0.332439
0.163571, 0.054503, 0.159037, 0.052752
0.163586, 0.943407, -0.728150, -0.043856
0.163677, 0.897009, -0.726875, -0.080091
0.163799, 0.701546, 0.134690, 0.617550
0.163873, 0.255064, 0.151626, 0.237259
0.163941, 0.823748, 0.256425, 0.840063
0.164113, 0.474950, 0.144577, 0.429238
0.164362, 0.735674, 0.133197, 0.644683
0.164755, 0.531169, 0.143095, 0.476939
0.164854, 0.409271, 0.147441, 0.372712
0.164907, 0.778929, 0.131075, 0.678563
0.165287, 0.683361, 0.136857, 0.602764
0.165357, 0.182382, 0.155726, 0.171911
0.165367, 0.148190, 0.157139, 0.140705
0.165431, 0.315216, 0.150941, 0.290365
0.165433, 0.486325, 0.145355, 0.438987
0.165568, 0.033393, 0.161428, 0.032410
0.165585, 0.241894, 0.153661, 0.225452
0.165629, 0.010798, 0.161749, 0.010496
0.165701, 0.387218, 0.148927, 0.353563
0.165761, 0.558034, 0.142854, 0.499230
0.166043, 0.638705, 0.139728, 0.566599
0.166158, 0.593576, 0.141831, 0.529296
0.166231, 0.836455, -0.636372, -0.048093
0.166245, 0.228364, 0.154766, 0.213345
0.166483, 0.432386, 0.148119, 0.392624
0.166515, 0.127791, 0.158978, 0.121775
0.166565, 0.671359, 0.138528, 0.593009
0.166590, 0.302372, 0.152416, 0.279012
0.166654, 0.067388, 0.161189, 0.064899
0.166656, 0.453745, 0.147526, 0.410948
0.166835, 0.518726, 0.145357, 0.466337
0.166933, 0.747430, 0.134521, 0.653770
0.167334, 0.194410, 0.156931, 0.182594
0.168405, 0.849184, -0.705011, -0.101263
0.168533, 0.571737, 0.144657, 0.510543
0.168897, 0.713690, 0.138134, 0.626958
0.169020, 0.328028, 0.153761, 0.301533
0.169284, 0.791191, 0.134756, 0.688820
0.169313, 0.626464, 0.143030, 0.556388
0.169750, 0.759267, 0.135973, 0.662826
0.169822, 0.932687, -0.723034, -0.052290
0.169874, 0.080167, 0.163873, 0.077044
0.169896, 0.290560, 0.155915, 0.268660
0.169915, 0.374920, 0.153066, 0.342656
0.169933, 0.582580, 0.145424, 0.519655
0.170112, 0.160694, 0.160958, 0.151980
0.170329, 0.980671, -0.723549, -0.015043
0.170464, 0.861851, -0.730778, -0.118665
0.170548, 1.000000, -0.723536, 0.000000
0.170708, 0.954275, -0.722913, -0.035563
0.170960, 0.970099, -0.722924, -0.023272
0.171060, 0.093133, 0.164289, 0.089135
0.171145, 0.659609, 0.142924, 0.583345
0.171295, 0.208366, 0.160101, 0.195156
0.171408, 0.505474, 0.149796, 0.454863
0.171428, 0.117889, 0.163714, 0.112294
0.171475, 0.803397, 0.142199, 0.704681
0.171508, 0.421472, 0.152951, 0.383102
0.171822, 0.137767, 0.163414, 0.130800
0.171871, 0.106074, 0.164725, 0.101354
0.172079, 0.021492, 0.167273, 0.020785
0.172192, 0.692965, 0.142010, 0.610276
0.172362, 0.340391, 0.156347, 0.312263
0.172472, 0.874330, -0.719039, -0.098018
0.172510, 0.045042, 0.167113, 0.043421
0.172619, 0.000000, 0.167984, 0.000000
0.172633, 0.614217, 0.146370, 0.546082
0.173008, 0.276084, 0.159031, 0.255375
0.173162, 0.467103, 0.152836, 0.422402
0.173217, 0.725945, 0.140862, 0.636410
0.173300, 0.262060, 0.159916, 0.243113
0.173417, 0.442823, 0.153843, 0.401297
0.173493, 0.397295, 0.155431, 0.361824
0.173710, 0.815692, 0.239643, 0.807663
0.173782, 0.920422, -0.719360, -0.061928
0.173815, 0.770390, 0.138387, 0.671110
0.174006, 0.886282, -0.716814, -0.087277
0.174027, 0.908410, -0.718735, -0.071165
0.174073, 0.352713, 0.157433, 0.322925
0.174408, 0.173130, 0.164387, 0.163174
0.175094, 0.647394, 0.146822, 0.573226
0.175134, 0.550012, 0.151304, 0.492506
0.175355, 0.537963, 0.151988, 0.482366
0.175357, 0.363806, 0.158240, 0.332647
0.175439, 0.248962, 0.162393, 0.231447
0.175487, 0.493922, 0.153874, 0.445215
0.175633, 0.602075, 0.149436, 0.535812
0.175658, 0.409605, 0.156953, 0.372478
0.175910, 0.308695, 0.160649, 0.284338
0.175941, 0.058045, 0.169932, 0.055788
0.176137, 0.897265, -0.716823, -0.080137
0.176223, 0.828278, -0.699148, -0.124849
0.176248, 0.678842, 0.146065, 0.598467
0.176412, 0.235034, 0.163757, 0.218923
0.176516, 0.563225, 0.151909, 0.503454
0.176738, 0.738073, 0.142879, 0.645730
0.176964, 0.526008, 0.153841, 0.472162
0.177054, 0.704771, 0.145273, 0.619445
0.177079, 0.480193, 0.155781, 0.433459
0.177128, 0.221088, 0.164992, 0.206462
0.177605, 0.942749, -0.717420, -0.044713
0.177663, 0.150273, 0.168247, 0.142111
0.177692, 0.197940, 0.166230, 0.185381
0.177846, 0.782259, 0.140482, 0.679759
0.177858, 0.989397, -0.717860, -0.008287
0.178004, 0.320549, 0.162171, 0.294787
0.178018, 0.384504, 0.159965, 0.350733
0.178219, 0.031969, 0.172502, 0.030779
0.178326, 0.185379, 0.167305, 0.173987
0.178375, 0.513892, 0.155520, 0.461780
0.178392, 0.455917, 0.157755, 0.412389
0.178501, 0.071124, 0.171620, 0.068066
0.178514, 0.840937, -0.703946, -0.115621
0.178633, 0.635123, 0.150378, 0.562982
0.179311, 0.590046, 0.153083, 0.525617
0.179373, 0.010805, 0.173909, 0.010419
0.179519, 0.963271, -0.716269, -0.028727
0.179588, 0.750021, 0.144303, 0.654866
0.180024, 0.431572, 0.160069, 0.391402
0.180030, 0.285581, 0.165120, 0.263662
0.180146, 0.667692, 0.149904, 0.589379
0.180676, 0.126613, 0.171839, 0.120103
0.180734, 0.853627, -0.708768, -0.111878
0.181110, 0.298159, 0.165678, 0.274804
0.181197, 0.576921, 0.155310, 0.514748
0.181248, 0.085212, 0.173902, 0.081420
0.181347, 0.794772, 0.143192, 0.690098
0.181759, 0.716593, 0.148340, 0.628556
0.181814, 0.622952, 0.153635, 0.552783
0.181894, 0.332839, 0.165294, 0.305562
0.182374, 0.098768, 0.174317, 0.094041
0.182503, 0.162935, 0.172105, 0.153494
0.182667, 0.930652, -0.713151, -0.054280
0.182692, 0.112981, 0.174270, 0.107422
0.182727, 0.268474, 0.168238, 0.248492
0.182874, 0.372129, 0.164708, 0.339754
0.182939, 0.866310, -0.711666, -0.105970
0.182977, 0.687188, 0.151082, 0.604800
0.183082, 0.761597, 0.146180, 0.663552
0.183451, 0.976774, -0.713386, -0.018211
0.183475, 0.209346, 0.171156, 0.195580
0.183698, 0.418860, 0.163797, 0.380348
0.183704, 0.807263, 0.216648, 0.768697
0.184061, 0.656184, 0.153766, 0.579852
0.184268, 0.139786, 0.174498, 0.132075
0.184350, 1.000000, -0.712903, 0.000000
0.184501, 0.041257, 0.177879, 0.039561
0.184593, 0.345369, 0.167270, 0.316456
0.184616, 0.467958, 0.162749, 0.422478
0.184724, 0.445216, 0.163699, 0.402957
0.185024, 0.952322, -0.711807, -0.037392
0.185256, 0.917246, -0.710556, -0.064813
0.185286, 0.610718, 0.157146, 0.542505
0.185302, 0.878922, -0.708710, -0.094436
0.185378, 0.404611, 0.165726, 0.367775
0.185499, 0.256678, 0.171218, 0.237937
0.185608, 0.503917, 0.162219, 0.453166
0.185810, 0.728675, 0.150812, 0.637850
0.185919, 0.021592, 0.179530, 0.020729
0.186032, 0.819779, -0.725946, -0.166306
0.186098, 0.697436, 0.153019, 0.612936
0.186234, 0.243248, 0.172315, 0.225840
0.186264, 0.000000, 0.180077, 0.000000
0.186394, 0.357950, 0.168335, 0.327212
0.186570, 0.051912, 0.179499, 0.049667
0.186644, 0.392931, 0.167333, 0.357749
0.186667, 0.904485, -0.708961, -0.074827
0.186676, 0.490851, 0.163684, 0.442051
0.186754, 0.554582, 0.161000, 0.495663
0.186829, 0.542628, 0.161616, 0.485726
0.186839, 0.773450, 0.147898, 0.672103
0.187121, 0.566597, 0.160769, 0.505694
0.187213, 0.891037, -0.707776, -0.085186
0.187223, 0.310719, 0.170748, 0.285701
0.187280, 0.174497, 0.175920, 0.163798
0.187462, 0.644121, 0.157233, 0.569825
0.187625, 0.230222, 0.174124, 0.214195
0.187709, 0.530609, 0.162901, 0.475605
0.188184, 0.598769, 0.160180, 0.532520
0.188309, 0.277585, 0.173018, 0.256475
0.188316, 0.196174, 0.176016, 0.183442
0.188468, 0.832434, -0.696554, -0.123754
0.188589, 0.517951, 0.164205, 0.464914
0.188770, 0.063464, 0.181176, 0.060579
0.189254, 0.740780, 0.152776, 0.647176
0.189478, 0.676193, 0.157057, 0.595669
0.189546, 0.076191, 0.181280, 0.072507
0.189625, 0.478674, 0.166696, 0.431427
0.189766, 0.153388, 0.179071, 0.144474
0.190060, 0.323203, 0.172823, 0.296551
0.190329, 0.785720, 0.149980, 0.681677
0.190770, 0.988338, -0.707984, -0.009186
0.190784, 0.845140, -0.702925, -0.121492
0.190823, 0.218454, 0.177494, 0.203525
0.190922, 0.381220, 0.171556, 0.347400
0.190923, 0.708286, 0.156237, 0.621357
0.190937, 0.456264, 0.168697, 0.412131
0.191005, 0.585915, 0.163195, 0.521757
0.191097, 0.965681, -0.707432, -0.027020
0.191125, 0.184584, 0.179001, 0.172808
0.191229, 0.631682, 0.161028, 0.559431
0.191589, 0.436487, 0.170073, 0.395203
0.191648, 0.940458, -0.706634, -0.046868
0.191700, 0.289818, 0.175648, 0.267228
0.192445, 0.129861, 0.182227, 0.122589
0.192484, 0.105041, 0.183200, 0.099570
0.192529, 0.752680, 0.154584, 0.656293
0.192556, 0.090541, 0.183663, 0.085968
0.192656, 0.031954, 0.185388, 0.030568
0.193047, 0.857928, -0.700978, -0.110614
0.193089, 0.011047, 0.186042, 0.010580
0.193171, 0.425721, 0.171842, 0.385775
0.193368, 0.798360, 0.219699, 0.755857
0.193418, 0.118190, 0.183642, 0.111808
0.193437, 0.665201, 0.160954, 0.586562
0.194229, 0.619486, 0.164187, 0.549285
0.194335, 0.368807, 0.175040, 0.336434
0.194380, 0.335681, 0.176245, 0.307358
0.194451, 0.926503, -0.703915, -0.057895
0.194511, 0.412440, 0.173495, 0.374174
0.194541, 0.301363, 0.177771, 0.277312
0.194822, 0.719678, 0.158583, 0.630118
0.194973, 0.574692, 0.167085, 0.512182
0.195338, 0.686836, 0.161169, 0.603841
0.195348, 0.870912, -0.701066, -0.101713
0.195373, 0.266238, 0.179774, 0.246074
0.195646, 0.205597, 0.182313, 0.191699
0.195730, 0.166057, 0.184078, 0.155928
0.195833, 0.810954, -0.744952, -0.200609
0.196010, 0.764585, 0.156344, 0.665193
0.196042, 0.251991, 0.180801, 0.233209
0.196065, 0.143356, 0.184975, 0.134880
0.196595, 0.653633, 0.164234, 0.577008
0.196723, 0.346867, 0.177901, 0.317032
0.196781, 0.912389, -0.701534, -0.069038
0.196997, 0.954443, -0.702589, -0.035969
0.197074, 0.977247, -0.703064, -0.017976
0.197112, 0.466478, 0.173666, 0.420575
0.197407, 0.400108, 0.176605, 0.363575
0.197417, 0.499712, 0.172599, 0.449044
0.197422, 0.043623, 0.189455, 0.041610
0.197590, 1.000000, -0.702744, 0.000000
0.197651, 0.898337, -0.700232, -0.080083
0.197877, 0.239442, 0.183063, 0.222078
0.198087, 0.511523, 0.172672, 0.459043
0.198115, 0.607048, 0.168110, 0.538892
0.198117, 0.357770, 0.178777, 0.326585
0.198188, 0.561798, 0.170443, 0.501298
0.198189, 0.549298, 0.171043, 0.490867
0.198227, 0.823541, -0.689678, -0.132554
0.198260, 0.884211, -0.699151, -0.091060
0.198444, 0.446555, 0.175752, 0.403732
0.198521, 0.731600, 0.160613, 0.639163
0.198735, 0.536950, 0.172091, 0.480498
0.198737, 0.698097, 0.163190, 0.612635
0.198899, 0.487926, 0.174373, 0.438916
0.199016, 0.313918, 0.181324, 0.288236
0.199374, 0.524632, 0.173211, 0.470120
0.199380, 0.641204, 0.167251, 0.566711
0.199477, 0.776710, 0.159984, 0.676196
0.199718, 0.079806, 0.190277, 0.075622
0.199730, 0.000000, 0.192011, 0.000000
0.199913, 0.022173, 0.191946, 0.021156
0.199938, 0.594765, 0.170281, 0.528633
0.200058, 0.055350, 0.191522, 0.052662
0.200059, 0.279107, 0.183492, 0.257303
0.200106, 0.388596, 0.179429, 0.353463
0.200327, 0.227174, 0.185733, 0.210968
0.200333, 0.192149, 0.187086, 0.179358
0.200685, 0.836119, -0.693981, -0.128418
0.200801, 0.067086, 0.191813, 0.063695
0.201933, 0.743751, 0.162100, 0.648086
0.201941, 0.178035, 0.189198, 0.166582
0.201946, 0.476037, 0.177500, 0.428592
0.201973, 0.326564, 0.183467, 0.299213
0.202242, 0.098288, 0.192118, 0.092921
0.202264, 0.155520, 0.190217, 0.145896
0.202397, 0.675463, 0.167649, 0.594296
0.202538, 0.789248, 0.226213, 0.746834
0.203029, 0.848562, -0.693515, -0.119360
0.203183, 0.133515, 0.191771, 0.125581
0.203507, 0.214979, 0.189092, 0.199887
0.203621, 0.376412, 0.182996, 0.342690
0.203712, 0.945030, -0.697151, -0.043546
0.203712, 0.420427, 0.181283, 0.380696
0.203805, 0.628349, 0.171672, 0.556021
0.203810, 0.291701, 0.186404, 0.268345
0.203973, 0.434452, 0.180980, 0.392834
0.204019, 0.966006, -0.697417, -0.026949
0.204037, 0.988807, -0.697593, -0.008879
0.204062, 0.710114, 0.166629, 0.621795
0.204134, 0.582214, 0.174459, 0.517989
0.204611, 0.933841, -0.696256, -0.052418
0.204702, 0.109859, 0.193995, 0.103636
0.204802, 0.457226, 0.180895, 0.412667
0.205240, 0.860827, -0.692232, -0.109519
0.205315, 0.259470, 0.188903, 0.239549
0.205378, 0.755746, 0.163182, 0.656451
0.205398, 0.801921, -0.744885, -0.216042
0.205471, 0.122045, 0.194169, 0.114853
0.205992, 0.664044, 0.171315, 0.584871
0.206101, 0.920738, -0.694709, -0.062808
0.206139, 0.034172, 0.197384, 0.032508
0.206317, 0.616073, 0.174475, 0.545869
0.206498, 0.011449, 0.197915, 0.010902
0.206863, 0.087900, 0.196489, 0.083041
0.206921, 0.408175, 0.184685, 0.370170
0.207123, 0.304019, 0.188881, 0.279056
0.207291, 0.570427, 0.177749, 0.508077
0.207351, 0.686704, 0.170917, 0.602935
0.207388, 0.721896, 0.168379, 0.630777
0.207408, 0.872722, -0.691610, -0.100711
0.207447, 0.201806, 0.193161, 0.187843
0.207650, 0.364434, 0.187042, 0.332104
0.207930, 0.814599, -0.685676, -0.144409
0.207933, 0.339231, 0.188333, 0.310143
0.208026, 0.907044, -0.692588, -0.073667
0.208233, 0.651458, 0.173930, 0.574481
0.208555, 0.248061, 0.192376, 0.229382
0.208701, 0.270364, 0.191645, 0.249260
0.208741, 0.767631, 0.166583, 0.667069
0.208745, 0.166712, 0.195709, 0.155947
0.208793, 0.145178, 0.196406, 0.136111
0.208922, 0.894417, -0.691353, -0.083655
0.209035, 0.556750, 0.179907, 0.496536
0.209099, 0.351436, 0.188829, 0.320669
0.209515, 0.506826, 0.182739, 0.454532
0.209592, 0.543873, 0.181031, 0.485749
0.209739, 0.494913, 0.183490, 0.444456
0.209941, 0.235952, 0.194003, 0.218393
0.210012, 0.519030, 0.182594, 0.464818
0.210140, 0.046694, 0.200779, 0.044318
0.210142, 0.396351, 0.187996, 0.359778
0.210277, 0.699340, 0.172402, 0.612834
0.210427, 0.977786, -0.692637, -0.017672
0.210438, 0.827218, -0.685395, -0.135473
0.210656, 0.531725, 0.182557, 0.475546
0.210663, 0.638525, 0.176729, 0.563827
0.210695, 0.602796, 0.178874, 0.534682
0.210725, 0.883460, -0.689289, -0.092310
0.210789, 0.316304, 0.191676, 0.289726
0.210797, 0.445279, 0.186478, 0.401781
0.210822, 0.073716, 0.200451, 0.069647
0.210896, 0.734595, 0.170113, 0.640376
0.210977, 0.955214, -0.691628, -0.035616
0.211049, 0.482598, 0.185192, 0.433960
0.211103, 1.000000, -0.692163, 0.000000
0.211276, 0.188161, 0.197178, 0.175378
0.211451, 0.590706, 0.180144, 0.524545
0.211513, 0.468060, 0.186228, 0.421509
0.211742, 0.780147, 0.223712, 0.728702
0.212459, 0.282631, 0.194564, 0.260030
0.212788, 0.384421, 0.190808, 0.349297
0.212918, 0.000000, 0.203632, 0.000000
0.212958, 0.426827, 0.189167, 0.385876
0.212959, 0.023520, 0.203525, 0.022325
0.213023, 0.223950, 0.197388, 0.207648
0.213045, 0.059896, 0.202904, 0.056661
0.213062, 0.839739, -0.685001, -0.126719
0.213265, 0.328386, 0.193427, 0.300273
0.214604, 0.133775, 0.202104, 0.125464
0.214626, 0.746930, 0.172679, 0.650350
0.214657, 0.792747, -0.731149, -0.217885
0.214758, 0.098602, 0.203379, 0.092865
0.215358, 0.674865, 0.178227, 0.592944
0.215448, 0.211225, 0.199957, 0.195983
0.215512, 0.155712, 0.202104, 0.145554
0.215518, 0.852129, -0.683969, -0.117211
0.215792, 0.176635, 0.201659, 0.164708
0.216084, 0.295314, 0.197323, 0.271129
0.216198, 0.929096, -0.687081, -0.056505
0.216314, 0.111745, 0.204287, 0.104989
0.216319, 0.942812, -0.687243, -0.045597
0.216428, 0.372093, 0.194552, 0.338470
0.216508, 0.625490, 0.182370, 0.552883
0.216518, 0.415393, 0.192819, 0.375964
0.217082, 0.712254, 0.176917, 0.622599
0.217138, 0.967081, -0.687199, -0.026275
0.217189, 0.455659, 0.191584, 0.410342
0.217334, 0.915224, -0.685712, -0.067543
0.217337, 0.259127, 0.199841, 0.238917
0.217340, 0.084308, 0.205943, 0.079394
0.217391, 0.805524, -0.680099, -0.154564
0.217403, 0.613487, 0.183835, 0.543006
0.217473, 0.661571, 0.180885, 0.582232
0.217521, 0.578976, 0.185908, 0.514551
0.217573, 0.988929, -0.686953, -0.008842
0.217763, 0.122744, 0.205206, 0.115110
0.217789, 0.565349, 0.186902, 0.503297
0.217914, 0.864354, -0.682788, -0.107663
0.218375, 0.758488, 0.179649, 0.663959
0.218491, 0.436312, 0.193676, 0.393939
0.218499, 0.687914, 0.179800, 0.602954
0.219037, 0.725134, 0.177610, 0.632630
0.219164, 0.036041, 0.208722, 0.034081
0.219199, 0.198472, 0.203889, 0.184390
0.219235, 0.011346, 0.209140, 0.010743
0.219383, 0.358951, 0.197704, 0.326872
0.219561, 0.648651, 0.183448, 0.571630
0.219798, 0.308007, 0.200119, 0.282150
0.219857, 0.551139, 0.189382, 0.491229
0.219990, 0.901212, -0.682995, -0.078743
0.220037, 0.818264, -0.677622, -0.143506
0.220040, 0.404012, 0.196392, 0.365961
0.220180, 0.245168, 0.202773, 0.226148
0.220188, 0.346228, 0.198976, 0.315787
0.220600, 0.272443, 0.202211, 0.250594
0.220845, 0.876209, -0.681211, -0.098577
0.220878, 0.476817, 0.193880, 0.428344
0.220887, 0.770940, 0.230277, 0.719646
0.220914, 0.700609, 0.180797, 0.612855
0.221260, 0.501720, 0.193108, 0.449668
0.221278, 0.513898, 0.192529, 0.459963
0.221545, 0.636090, 0.185872, 0.561223
0.221588, 0.144104, 0.207996, 0.134711
0.221648, 0.526431, 0.192214, 0.470487
0.221671, 0.489646, 0.194027, 0.439374
0.221699, 0.592302, 0.188665, 0.525348
0.221852, 0.070034, 0.210329, 0.065927
0.221885, 0.539384, 0.191777, 0.481429
0.221977, 0.048986, 0.211184, 0.046269
0.222006, 0.889158, -0.680786, -0.088360
0.222081, 0.334930, 0.201132, 0.305827
0.222181, 0.233729, 0.205261, 0.216088
0.222527, 0.165676, 0.208073, 0.154428
0.222722, 0.830856, -0.676881, -0.134171
0.222806, 0.392472, 0.199332, 0.355877
0.222877, 0.320763, 0.202317, 0.293199
0.223263, 0.738264, 0.180917, 0.643616
0.223552, 0.956139, -0.681863, -0.035109
0.223803, 0.603994, 0.189693, 0.534696
0.223923, 0.783520, -0.724739, -0.227328
0.224111, 0.186335, 0.208752, 0.173192
0.224143, 0.978058, -0.681796, -0.017574
0.224269, 0.285733, 0.204998, 0.262277
0.224360, 0.464527, 0.197400, 0.417543
0.224753, 1.000000, -0.681426, 0.000000
0.224819, 0.220149, 0.207922, 0.203539
0.224917, 0.445912, 0.198896, 0.401959
0.225066, 0.380437, 0.201856, 0.345374
0.225097, 0.022549, 0.214140, 0.021284
0.225180, 0.424681, 0.200033, 0.383618
0.225503, 0.843541, -0.675620, -0.124525
0.225923, 0.105174, 0.212992, 0.098571
0.226131, 0.000000, 0.215248, 0.000000
0.226536, 0.092370, 0.213877, 0.086647
0.226609, 0.796324, -0.671081, -0.161235
0.227028, 0.131804, 0.213317, 0.123232
0.227379, 0.059506, 0.215749, 0.056041
0.227388, 0.668690, 0.188459, 0.587235
0.227412, 0.935024, -0.678379, -0.052078
0.227553, 0.922398, -0.677896, -0.062164
0.227702, 0.208605, 0.211118, 0.193193
0.227947, 0.558731, 0.195837, 0.497126
0.227961, 0.299142, 0.207814, 0.274068
0.227971, 0.680787, 0.188042, 0.596789
0.228103, 0.856065, -0.674439, -0.114838
0.228134, 0.749254, 0.186595, 0.654404
0.228149, 0.367195, 0.205127, 0.333683
0.228237, 0.252351, 0.209750, 0.232277
0.228290, 0.079792, 0.215850, 0.074914
0.228293, 0.617751, 0.192610, 0.545818
0.228334, 0.571505, 0.195498, 0.507898
0.228361, 0.909024, -0.676744, -0.072849
0.228716, 0.154394, 0.214027, 0.143891
0.228755, 0.946805, -0.677422, -0.042670
0.229212, 0.412847, 0.204078, 0.373204
0.229222, 0.655800, 0.190847, 0.576685
0.229334, 0.118771, 0.215723, 0.111096
0.229349, 0.717974, 0.186031, 0.625681
0.229373, 0.809166, -0.670312, -0.151849
0.229640, 0.263739, 0.210643, 0.242477
0.229699, 0.175258, 0.214142, 0.162884
0.230161, 0.583451, 0.196345, 0.517701
0.230379, 0.693389, 0.189011, 0.606572
0.230488, 0.628833, 0.193684, 0.554621
0.230527, 0.761870, 0.213810, 0.686553
0.230569, 0.966839, -0.676578, -0.026639
0.230586, 0.706758, 0.188081, 0.617018
0.230627, 0.729927, 0.185620, 0.634456
0.230818, 0.868433, -0.673036, -0.105198
0.230827, 0.032846, 0.219071, 0.030933
0.231097, 0.642659, 0.193271, 0.565867
0.231207, 0.353559, 0.208452, 0.321730
0.231223, 0.989431, -0.676167, -0.008498
0.231512, 0.196336, 0.214951, 0.181917
0.231558, 0.434682, 0.205180, 0.391961
0.231614, 0.455268, 0.204285, 0.409627
0.231954, 0.312830, 0.210761, 0.285904
0.232263, 0.821745, -0.668729, -0.141964
0.232272, 0.472720, 0.203942, 0.424297
0.232342, 0.228978, 0.214353, 0.211203
0.232364, 0.327736, 0.210506, 0.298978
0.232372, 0.011002, 0.220725, 0.010364
0.232473, 0.534093, 0.201065, 0.476375
0.232614, 0.881481, -0.672321, -0.094957
0.232664, 0.276089, 0.212867, 0.253345
0.232678, 0.483976, 0.203764, 0.433896
0.232703, 0.520574, 0.201984, 0.465013
0.232796, 0.508125, 0.202702, 0.454483
0.232893, 0.341403, 0.210503, 0.311094
0.232927, 0.401158, 0.207895, 0.363006
0.232974, 0.774060, -0.700855, -0.219126
0.233095, 0.496124, 0.203554, 0.444272
0.233099, 0.894905, -0.672471, -0.084280
0.233164, 0.547661, 0.200866, 0.487571
0.233183, 0.044376, 0.221118, 0.041748
0.233717, 0.595834, 0.198573, 0.527723
0.233996, 0.142403, 0.219213, 0.132752
0.234373, 0.241362, 0.215971, 0.222507
0.234841, 0.834582, -0.667859, -0.132161
0.234971, 0.389314, 0.210222, 0.352664
0.235312, 0.608558, 0.199074, 0.537998
0.235824, 0.787131, -0.665560, -0.171719
0.235976, 0.070123, 0.222935, 0.065736
0.235991, 0.288607, 0.215304, 0.264271
0.236230, 0.376685, 0.211844, 0.341566
0.236342, 0.164196, 0.220529, 0.152588
0.236898, 0.108780, 0.222628, 0.101573
0.237136, 0.096775, 0.223125, 0.090432
0.237395, 0.422606, 0.210811, 0.381251
0.237433, 0.979074, -0.671291, -0.016869
0.237553, 0.185025, 0.220825, 0.171469
0.237622, 0.739767, 0.188032, 0.639148
0.237934, 0.847557, -0.666209, -0.122122
0.238181, 0.561895, 0.204301, 0.499162
0.238401, 0.021661, 0.225916, 0.020353
0.238404, 0.955941, -0.670073, -0.035511
0.238404, 0.218138, 0.220385, 0.201394
0.238415, 0.444385, 0.210714, 0.399973
0.238506, 0.800001, -0.661996, -0.159100
0.238686, 0.129629, 0.223785, 0.120840
0.238767, 0.055646, 0.225770, 0.052192
0.238773, 1.000000, -0.670270, 0.000000
0.238813, 0.083850, 0.225238, 0.078487
0.238901, 0.917517, -0.668703, -0.066411
0.238952, 0.929982, -0.669121, -0.056417
0.238956, 0.675134, 0.197234, 0.591351
0.239037, 0.905172, -0.667996, -0.076296
0.239139, 0.662529, 0.198399, 0.581324
0.239192, 0.362550, 0.215046, 0.329092
0.239390, 0.300671, 0.217801, 0.274751
0.239399, 0.206665, 0.221566, 0.190895
0.239544, 0.464201, 0.210761, 0.416910
0.239562, 0.000000, 0.227080, 0.000000
0.239665, 0.942451, -0.668691, -0.046398
0.239812, 0.253236, 0.220263, 0.232797
0.240102, 0.753286, 0.192474, 0.649067
0.240181, 0.574672, 0.205222, 0.509640
0.240316, 0.687617, 0.197236, 0.601066
0.240467, 0.649148, 0.200480, 0.570467
0.240741, 0.860100, -0.664813, -0.112348
0.241018, 0.635161, 0.201955, 0.559175
0.241105, 0.726000, 0.195583, 0.632174
0.241265, 0.266036, 0.220968, 0.244065
0.241281, 0.621767, 0.203164, 0.548482
0.241294, 0.700543, 0.196760, 0.611017
0.241632, 0.812338, -0.660976, -0.150206
0.241639, 0.713739, 0.195678, 0.621158
0.241742, 0.152670, 0.225809, 0.141903
0.241785, 0.410763, 0.215261, 0.370948
0.242434, 0.322397, 0.219721, 0.293926
0.242750, 0.586727, 0.206610, 0.519381
0.242767, 0.527191, 0.210221, 0.470017
0.242890, 0.872815, -0.663853, -0.102338
0.242893, 0.118475, 0.227770, 0.110385
0.243029, 0.033311, 0.229930, 0.031250
0.243032, 0.968567, -0.666671, -0.025399
0.243055, 0.231233, 0.223961, 0.212908
0.243225, 0.764869, -0.737366, -0.272058
0.243295, 0.174159, 0.226341, 0.161377
0.243304, 0.335391, 0.219973, 0.305341
0.243392, 0.540569, 0.210004, 0.481213
0.243668, 0.310977, 0.221191, 0.283679
0.244008, 0.348845, 0.219999, 0.317069
0.244029, 0.885943, -0.663574, -0.091906
0.244062, 0.488481, 0.213416, 0.437282
0.244080, 0.513399, 0.212102, 0.458341
0.244103, 0.475940, 0.214114, 0.426677
0.244172, 0.195446, 0.226267, 0.180589
0.244183, 0.825366, -0.659821, -0.140020
0.244290, 0.777607, -0.648189, -0.169789
0.244311, 0.432583, 0.216364, 0.389463
0.244595, 0.501159, 0.213206, 0.447987
0.244598, 0.279071, 0.223397, 0.255494
0.245129, 0.454328, 0.216036, 0.408086
0.245301, 0.598849, 0.207940, 0.529146
0.245336, 0.990341, -0.664909, -0.007817
0.245499, 0.398649, 0.219084, 0.360315
0.245554, 0.553216, 0.211064, 0.491547
0.245975, 0.010806, 0.232749, 0.010134
0.246022, 0.140269, 0.229932, 0.130348
0.246213, 0.065751, 0.232183, 0.061486
0.246283, 0.373466, 0.220781, 0.338216
0.246352, 0.386727, 0.220349, 0.349893
0.246375, 0.610785, 0.208039, 0.538873
0.246566, 0.044622, 0.232901, 0.041786
0.246685, 0.838544, -0.658889, -0.129804
0.247405, 0.897429, -0.661243, -0.082827
0.247697, 0.791054, -0.655988, -0.168864
0.248173, 0.092351, 0.233179, 0.086097
0.248259, 0.104975, 0.232885, 0.097761
0.248325, 0.291376, 0.226200, 0.266229
0.248504, 0.745613, 0.147826, 0.591466
0.248508, 0.243545, 0.228365, 0.223727
0.249387, 0.077846, 0.234526, 0.072593
0.249648, 0.566554, 0.213700, 0.502384
0.249930, 0.421055, 0.221926, 0.379481
0.249942, 0.669169, 0.206700, 0.585860
0.250014, 0.162710, 0.232902, 0.150810
0.250077, 0.655936, 0.207795, 0.575219
0.250183, 0.910587, -0.659354, -0.072326
0.250192, 0.360055, 0.224859, 0.326416
0.250293, 0.923202, -0.659911, -0.062178
0.250404, 0.733512, 0.235506, 0.670906
0.250526, 0.851755, -0.656614, -0.119523
0.250533, 0.948354, -0.660289, -0.041852
0.250566, 0.681889, 0.206351, 0.596094
0.250617, 0.219368, 0.231170, 0.201943
0.250690, 0.207848, 0.231700, 0.191596
0.250854, 0.935700, -0.659768, -0.052100
0.250855, 0.980774, -0.660521, -0.015594
0.250989, 0.256932, 0.230071, 0.235613
0.251010, 0.642497, 0.209596, 0.564377
0.251065, 0.802553, -0.652593, -0.158220
0.251132, 0.184769, 0.233031, 0.170773
0.251311, 0.442426, 0.221952, 0.397510
0.251359, 0.022110, 0.237341, 0.020684
0.251756, 0.959725, -0.659545, -0.032660
0.251757, 0.127824, 0.235483, 0.118766
0.252031, 0.629415, 0.211423, 0.553777
0.252128, 0.707369, 0.207616, 0.618173
0.252235, 0.694447, 0.207115, 0.606370
0.252542, 0.055382, 0.237958, 0.051723
0.252542, 0.579123, 0.215316, 0.512567
0.252570, 0.465881, 0.221916, 0.417610
0.252648, 0.269934, 0.230911, 0.247007
0.252820, 0.720925, 0.210359, 0.632189
0.252847, 0.302140, 0.229744, 0.275520
0.252979, 0.520459, 0.219240, 0.463626
0.253155, 0.000000, 0.239131, 0.000000
0.253202, 0.815843, -0.652226, -0.148264
0.253211, 0.864233, -0.655252, -0.109705
0.253484, 1.000000, -0.658428, 0.000000
0.253588, 0.533603, 0.219010, 0.474652
0.253734, 0.231567, 0.233494, 0.212789
0.253895, 0.327078, 0.229646, 0.297488
0.254003, 0.408738, 0.226042, 0.368596
0.254136, 0.756435, -0.733428, -0.284163
0.254345, 0.150938, 0.237059, 0.139868
0.254471, 0.877620, -0.654980, -0.099040
0.254482, 0.314967, 0.230655, 0.286769
0.254565, 0.115153, 0.238156, 0.106954
0.254618, 0.339525, 0.229766, 0.308403
0.254653, 0.480036, 0.223002, 0.429613
0.254735, 0.769141, -0.653715, -0.191786
0.254988, 0.617709, 0.214683, 0.543965
0.255088, 0.781965, -0.644500, -0.171545
0.255181, 0.493223, 0.222728, 0.440724
0.255402, 0.591400, 0.216876, 0.522453
0.255452, 0.546172, 0.219847, 0.485074
0.255647, 0.970979, -0.656419, -0.023576
0.255686, 0.033681, 0.241137, 0.031472
0.255798, 0.829394, -0.651044, -0.137619
0.255942, 0.196923, 0.236679, 0.181449
0.255981, 0.173438, 0.237665, 0.160246
0.256106, 0.506193, 0.222687, 0.451373
0.256458, 0.383382, 0.229325, 0.346436
0.256463, 0.452970, 0.225876, 0.406244
0.256634, 0.371081, 0.230024, 0.335704
0.256932, 0.282983, 0.234212, 0.258437
0.256990, 0.603979, 0.217293, 0.532561
0.257095, 0.890242, -0.653343, -0.088991
0.257444, 0.432031, 0.227959, 0.388580
0.257752, 0.350655, 0.232001, 0.317944
0.257755, 0.138233, 0.240394, 0.128077
0.257779, 0.087993, 0.241791, 0.081831
0.257973, 0.396406, 0.230134, 0.357794
0.258043, 0.558661, 0.221258, 0.495306
0.258280, 0.067740, 0.242902, 0.063130
0.258341, 0.842504, -0.649928, -0.127353
0.259411, 0.011069, 0.244622, 0.010336
0.259635, 0.742580, -0.402740, 0.027165
0.259684, 0.100945, 0.243155, 0.093743
0.259756, 0.902937, -0.651637, -0.078834
0.260101, 0.045062, 0.244854, 0.042023
0.260207, 0.662537, 0.215346, 0.579502
0.260411, 0.990330, -0.652838, -0.007876
0.260686, 0.249513, 0.238922, 0.228504
0.261019, 0.675974, 0.214328, 0.589632
0.261142, 0.649682, 0.217235, 0.569247
0.261328, 0.792317, -0.644292, -0.167760
0.261465, 0.916212, -0.650657, -0.068139
0.261843, 0.928828, -0.650884, -0.057933
0.261886, 0.571395, 0.223691, 0.505701
0.261901, 0.419973, 0.232404, 0.377913
0.261944, 0.805932, -0.644549, -0.156556
0.262138, 0.237779, 0.240870, 0.218134
0.262248, 0.941927, -0.650814, -0.047298
0.262276, 0.293240, 0.238547, 0.267313
0.262405, 0.210679, 0.242115, 0.193757
0.262438, 0.636972, 0.219315, 0.558951
0.262476, 0.262275, 0.240018, 0.239827
0.262489, 0.714323, 0.187874, 0.595347
0.262731, 0.223358, 0.241780, 0.205023
0.262766, 0.687674, 0.214145, 0.598161
0.262981, 0.729251, 0.322588, 0.738130
0.262991, 0.515211, 0.228092, 0.458678
0.263123, 0.954358, -0.650265, -0.037192
0.263180, 0.361849, 0.236239, 0.327408
0.263391, 0.701388, 0.208145, 0.603771
0.263500, 0.471662, 0.231005, 0.421867
0.263555, 0.855504, -0.646616, -0.117239
0.263569, 0.161173, 0.244874, 0.148847
0.263851, 0.078727, 0.247358, 0.073126
0.263946, 0.185797, 0.244332, 0.171170
0.264035, 0.274800, 0.240817, 0.250827
0.264123, 0.527425, 0.228323, 0.468851
0.264267, 0.022484, 0.248732, 0.020949
0.264290, 0.820009, -0.643788, -0.145693
0.264304, 0.124856, 0.246496, 0.115565
0.264342, 0.305895, 0.239789, 0.278343
0.264487, 0.869549, -0.646633, -0.105990
0.264676, 0.458871, 0.232764, 0.411022
0.264707, 0.624691, 0.222131, 0.548867
0.264771, 0.443505, 0.233678, 0.397929
0.265028, 0.979905, -0.649111, -0.016394
0.265037, 0.583813, 0.225475, 0.515722
0.265120, 0.777803, -0.638232, -0.177577
0.265131, 0.112084, 0.247712, 0.103876
0.265313, 0.057308, 0.249187, 0.053308
0.265376, 0.318621, 0.240152, 0.289511
0.265483, 0.330781, 0.239724, 0.300207
0.265523, 0.965944, -0.648408, -0.027782
0.265594, 0.485147, 0.232097, 0.433275
0.265620, 0.539229, 0.228849, 0.478593
0.265889, 0.764536, -0.650102, -0.201867
0.265916, 0.408205, 0.236488, 0.367565
0.266053, 0.611324, 0.224245, 0.537905
0.266291, 0.752599, -0.589709, -0.152144
0.266342, 0.148667, 0.247778, 0.137382
0.266372, 0.198866, 0.245949, 0.182846
0.266555, 0.497690, 0.232198, 0.443817
0.266581, 0.882970, -0.645548, -0.095251
0.266673, 0.000000, 0.251122, 0.000000
0.266850, 0.173471, 0.247382, 0.159917
0.267299, 0.375229, 0.239244, 0.338872
0.267364, 0.387243, 0.238691, 0.349241
0.267374, 0.597090, 0.226420, 0.526307
0.267532, 0.342397, 0.240994, 0.310270
0.267717, 0.551460, 0.229823, 0.488606
0.267774, 0.832940, -0.641878, -0.135550
0.268457, 1.000000, -0.646484, 0.000000
0.268476, 0.034246, 0.252432, 0.031878
0.268583, 0.136161, 0.250065, 0.125841
0.269257, 0.091732, 0.251983, 0.085058
0.269445, 0.430741, 0.238432, 0.386805
0.269669, 0.895696, -0.643507, -0.085053
0.269983, 0.844367, -0.640713, -0.126507
0.270196, 0.669511, 0.223401, 0.584698
0.270810, 0.563281, 0.231633, 0.498187
0.271002, 0.739310, -0.819598, -0.398271
0.271224, 0.507974, 0.235527, 0.452089
0.271385, 0.353724, 0.243841, 0.319949
0.271411, 0.069305, 0.254468, 0.064344
0.271519, 0.909004, -0.642451, -0.074303
0.271549, 0.398518, 0.241803, 0.358789
0.271571, 0.657055, 0.225034, 0.574155
0.271574, 0.721000, 0.217364, 0.619967
0.271763, 0.284091, 0.247466, 0.258925
0.272090, 0.797948, -0.636179, -0.163888
0.272326, 0.811422, -0.636768, -0.152996
0.272497, 0.256496, 0.249131, 0.234234
0.272684, 0.243905, 0.250023, 0.223200
0.272701, 0.046874, 0.255903, 0.043541
0.272722, 0.693701, 0.224900, 0.605214
0.272758, 0.230680, 0.250394, 0.211170
0.272810, 0.011280, 0.256437, 0.010489
0.272861, 0.934651, -0.642206, -0.053457
0.272878, 0.644948, 0.227121, 0.564435
0.273198, 0.921903, -0.641505, -0.063848
0.273254, 0.103512, 0.255128, 0.095777
0.273765, 0.269862, 0.249782, 0.246153
0.273822, 0.217673, 0.251957, 0.199566
0.273823, 0.785488, -0.633197, -0.173258
0.273978, 0.948532, -0.641512, -0.042132
0.274084, 0.297027, 0.248899, 0.270195
0.274205, 0.418443, 0.243164, 0.375918
0.274238, 0.862273, -0.638464, -0.112319
0.274336, 0.708513, 0.356673, 0.748337
0.274373, 0.451809, 0.241486, 0.404404
0.274473, 0.680408, 0.227883, 0.595131
0.274561, 0.520417, 0.237632, 0.462393
0.274589, 0.632867, 0.229546, 0.554684
0.274759, 0.465101, 0.241118, 0.415773
0.274786, 0.574317, 0.234164, 0.506956
0.274863, 0.366078, 0.246270, 0.330487
0.274880, 0.477177, 0.240476, 0.425899
0.275342, 0.974238, -0.640828, -0.021109
0.275446, 0.988686, -0.640949, -0.009272
0.275697, 0.205998, 0.254078, 0.188996
0.275708, 0.309844, 0.249693, 0.281339
0.275902, 0.116943, 0.257237, 0.108089
0.275924, 0.876188, -0.637765, -0.101131
0.276016, 0.619980, 0.231762, 0.544194
0.276075, 0.825055, -0.634745, -0.142397
0.276144, 0.192493, 0.254927, 0.176769
0.276192, 0.772458, -0.632578, -0.186108
0.276391, 0.531965, 0.238439, 0.471913
0.276424, 0.960622, -0.639612, -0.032267
0.276455, 0.166700, 0.256115, 0.153420
0.276498, 0.180387, 0.255809, 0.165901
0.276539, 0.322418, 0.249849, 0.292346
0.276582, 0.154842, 0.256695, 0.142685
0.276635, 0.082064, 0.258585, 0.075946
0.276744, 0.586023, 0.234917, 0.516348
0.276957, 0.607485, 0.233530, 0.534018
0.276962, 0.023043, 0.259950, 0.021390
0.277362, 0.490068, 0.241850, 0.436660
0.277385, 0.544201, 0.238450, 0.481977
0.277554, 0.439966, 0.244930, 0.394200
0.277703, 0.128765, 0.258311, 0.118783
0.277860, 0.334415, 0.250467, 0.302809
0.277992, 0.748755, -0.637458, -0.213227
0.278127, 0.059224, 0.260449, 0.054886
0.278157, 0.850816, -0.634502, -0.121740
0.278199, 0.730828, -0.653626, -0.248582
0.278221, 0.760011, -0.622905, -0.189188
0.278545, 0.142362, 0.258813, 0.131247
0.278710, 0.378662, 0.249035, 0.341232
0.279320, 0.389563, 0.249002, 0.350610
0.279358, 0.596499, 0.236309, 0.524751
0.279421, 0.888342, -0.635440, -0.091394
0.279695, 0.407336, 0.248486, 0.366027
0.280182, 0.000000, 0.263153, 0.000000
0.280342, 0.556646, 0.240066, 0.492045
0.280387, 0.500762, 0.243751, 0.445429
0.280463, 0.036530, 0.262898, 0.033878
0.280499, 0.346290, 0.252198, 0.313024
0.280691, 0.666743, 0.230853, 0.580443
0.281307, 0.902113, -0.634453, -0.080239
0.281326, 0.837179, -0.631398, -0.132946
0.281922, 0.094733, 0.263160, 0.087552
0.282140, 0.428111, 0.249516, 0.383756
0.282149, 0.699607, 0.117823, 0.494715
0.282638, 0.803852, -0.628208, -0.159847
0.282735, 1.000000, -0.635219, 0.000000
0.282819, 0.940993, -0.634127, -0.048465
0.283219, 0.653823, 0.234501, 0.570460
0.283327, 0.250430, 0.259156, 0.228543
0.283341, 0.277273, 0.257954, 0.252313
0.283381, 0.815634, -0.628258, -0.150382
0.283424, 0.237129, 0.259578, 0.216486
0.283480, 0.263615, 0.258617, 0.240147
0.283550, 0.719551, -0.490849, -0.101935
0.283725, 0.072198, 0.265263, 0.066791
0.283761, 0.513304, 0.245835, 0.455745
0.283848, 0.914873, -0.632670, -0.069877
0.283910, 0.289260, 0.257910, 0.262876
0.283978, 0.358654, 0.254698, 0.323685
0.284157, 0.791564, -0.625870, -0.169572
0.284398, 0.224401, 0.261013, 0.205129
0.284468, 0.687424, 0.260947, 0.625270
0.284502, 0.869416, -0.630433, -0.106984
0.284740, 0.641426, 0.237034, 0.560674
0.284768, 0.927867, -0.632508, -0.059276
0.285073, 0.108092, 0.265456, 0.099683
0.285134, 0.566735, 0.243380, 0.500104
0.285329, 0.049089, 0.266988, 0.045433
0.285345, 0.459184, 0.250485, 0.409987
0.285666, 0.980198, -0.632494, -0.016293
0.285707, 0.628002, 0.238977, 0.549805
0.285825, 0.740534, -0.621311, -0.211392
0.285962, 0.301974, 0.259190, 0.274038
0.286165, 0.011905, 0.267954, 0.011012
0.286201, 0.482221, 0.249880, 0.429510
0.286491, 0.470512, 0.250817, 0.419559
0.286550, 0.212505, 0.263483, 0.194447
0.286590, 0.397255, 0.255050, 0.357026
0.286597, 0.778955, -0.623651, -0.180473
0.286874, 0.370890, 0.256561, 0.334089
0.286915, 0.967941, -0.631428, -0.026387
0.286948, 0.199918, 0.264232, 0.183054
0.287182, 0.448557, 0.252688, 0.400861
0.287198, 0.173786, 0.265363, 0.159450
0.287259, 0.314439, 0.259696, 0.284870
0.287277, 0.953774, -0.630901, -0.038048
0.287303, 0.578730, 0.244273, 0.509744
0.287324, 0.524442, 0.248130, 0.464843
0.287462, 0.416809, 0.254723, 0.373743
0.287517, 0.187047, 0.265367, 0.171539
0.287539, 0.614666, 0.241600, 0.538920
0.287589, 0.675759, 0.233364, 0.584712
0.287643, 0.858212, -0.627320, -0.116224
0.287750, 0.536925, 0.247632, 0.475177
0.287981, 0.160632, 0.266623, 0.147580
0.288067, 0.121352, 0.267937, 0.111821
0.288121, 0.026592, 0.269570, 0.024599
0.288122, 0.766830, -0.619587, -0.188357
0.288128, 0.709436, -0.185295, 0.190801
0.288312, 0.326338, 0.260030, 0.295221
0.288815, 0.549608, 0.247593, 0.485509
0.288820, 0.826161, -0.624721, -0.142275
0.288896, 0.134551, 0.268073, 0.123751
0.288940, 0.147892, 0.267904, 0.135987
0.289358, 0.085324, 0.269725, 0.078685
0.289611, 0.880722, -0.626983, -0.098005
0.289703, 0.602651, 0.244347, 0.528977
0.290083, 0.590144, 0.245674, 0.518814
0.290200, 0.338723, 0.261092, 0.305959
0.290325, 0.894757, -0.626929, -0.086556
0.290405, 0.061929, 0.271246, 0.057202
0.290413, 0.752766, -0.619833, -0.202970
0.290492, 0.846224, -0.624673, -0.126137
0.290544, 0.437365, 0.256246, 0.391160
0.290745, 0.989873, -0.628582, -0.008348
0.290937, 0.384388, 0.259486, 0.345658
0.291290, 0.494269, 0.253454, 0.439306
0.291832, 0.729975, -0.620877, -0.225350
0.291941, 0.506232, 0.253220, 0.449277
0.292210, 0.662964, 0.239646, 0.575643
0.292685, 0.350959, 0.262620, 0.316444
0.293035, 0.038982, 0.273909, 0.036021
0.293234, 0.940603, -0.625641, -0.048984
0.293531, 0.000000, 0.274503, 0.000000
0.293590, 0.406169, 0.260704, 0.364391
0.293652, 0.257402, 0.267971, 0.234284
0.293669, 0.243808, 0.268338, 0.221995
0.293688, 0.800743, -0.619163, -0.163049
0.293730, 0.696826, 0.538149, 0.901108
0.293759, 0.098949, 0.273547, 0.091162
0.294115, 0.270557, 0.267748, 0.245869
0.294175, 0.812777, -0.619425, -0.153377
0.294261, 0.906840, -0.624131, -0.076772
0.294872, 0.230676, 0.269965, 0.210267
0.295090, 0.650067, 0.245034, 0.567022
0.295165, 0.636073, 0.245947, 0.555472
0.295360, 0.426176, 0.261025, 0.381303
0.295432, 0.558867, 0.252563, 0.492928
0.295522, 0.835273, -0.619971, -0.135289
0.295586, 0.282726, 0.268522, 0.256585
0.295646, 0.787026, -0.616676, -0.174274
0.295723, 0.075280, 0.275840, 0.069431
0.295779, 0.294370, 0.268087, 0.266780
0.296187, 0.018750, 0.276785, 0.017305
0.296198, 0.868656, -0.620970, -0.108108
0.296206, 0.929725, -0.623033, -0.057996
0.296379, 0.918269, -0.622679, -0.067431
0.296551, 0.622309, 0.248262, 0.544261
0.296771, 0.112909, 0.275645, 0.103796
0.296780, 0.719490, -0.601943, -0.219659
0.296794, 0.362869, 0.265659, 0.326644
0.296991, 0.685073, 0.195624, 0.547031
0.297047, 0.963436, -0.623167, -0.030214
0.297123, 0.483242, 0.259178, 0.429757
0.297227, 0.459739, 0.260655, 0.409762
0.297422, 0.471715, 0.260077, 0.419869
0.297474, 0.219154, 0.272864, 0.199958
0.297491, 0.571427, 0.253298, 0.503043
0.297514, 1.000000, -0.623039, 0.000000
0.297778, 0.051223, 0.277894, 0.047243
0.297896, 0.374732, 0.265983, 0.336840
0.297906, 0.307453, 0.269447, 0.278289
0.297947, 0.517224, 0.257662, 0.458248
0.298034, 0.180999, 0.274691, 0.165585
0.298193, 0.530446, 0.256890, 0.469122
0.298233, 0.194339, 0.274585, 0.177717
0.298259, 0.762544, -0.612469, -0.193929
0.298309, 0.544016, 0.255983, 0.480298
0.298313, 0.167628, 0.275486, 0.153549
0.298354, 0.207057, 0.274110, 0.189072
0.298409, 0.741101, -0.609923, -0.210306
0.298446, 0.977311, -0.622086, -0.018761
0.299100, 0.448010, 0.262990, 0.399727
0.299111, 0.393874, 0.266054, 0.353351
0.299335, 0.154025, 0.276896, 0.141229
0.299349, 0.888692, -0.619289, -0.091833
0.299475, 0.126974, 0.277887, 0.116653
0.299603, 0.330993, 0.269690, 0.298713
0.299619, 0.318801, 0.270369, 0.288117
0.299661, 0.949742, -0.620786, -0.041563
0.299752, 0.856429, -0.617627, -0.118267
0.299771, 0.608681, 0.252080, 0.533027
0.299894, 0.707100, -0.804015, -0.438432
0.299975, 0.140223, 0.277748, 0.128609
0.300015, 0.774693, -0.612159, -0.184318
0.300275, 0.674027, 0.245125, 0.583535
0.300334, 0.583271, 0.254696, 0.512469
0.301015, 0.822739, -0.614781, -0.145768
0.301104, 0.415549, 0.266712, 0.372052
0.301221, 0.009071, 0.281054, 0.008360
0.301263, 0.596228, 0.254382, 0.522896
0.301413, 0.089266, 0.280122, 0.082019
0.301457, 0.029925, 0.281298, 0.027582
0.302256, 0.344069, 0.271424, 0.310058
0.302341, 0.504007, 0.262243, 0.446844
0.302361, 0.063534, 0.281685, 0.058485
0.303103, 0.436241, 0.267083, 0.389391
0.303420, 0.878006, -0.615699, -0.100766
0.303490, 0.250842, 0.276705, 0.227835
0.303518, 0.797100, -0.610975, -0.166652
0.303541, 0.662556, 0.259333, 0.584912
0.303687, 0.845012, -0.613927, -0.127788
0.303825, 0.900168, -0.616101, -0.082551
0.304001, 0.752135, -0.607487, -0.202973
0.304396, 0.237219, 0.278034, 0.215657
0.304536, 0.492390, 0.264929, 0.437038
0.304536, 0.263855, 0.277270, 0.239515
0.304586, 0.989065, -0.617453, -0.009069
0.304945, 0.104046, 0.283356, 0.095594
0.305053, 0.383212, 0.271889, 0.343952
0.305374, 0.355557, 0.273452, 0.319768
0.305449, 0.729806, -0.603637, -0.220081
0.305535, 0.641644, 0.254358, 0.559321
0.305638, 0.809665, -0.610237, -0.156647
0.305846, 0.694457, -0.295354, 0.052024
0.306061, 0.403722, 0.271501, 0.361389
0.306127, 0.041369, 0.285372, 0.038086
0.306133, 0.629396, 0.255279, 0.548882
0.306327, 0.937500, -0.614980, -0.051794
0.306339, 0.552277, 0.262097, 0.486576
0.306352, 0.276240, 0.278349, 0.250415
0.306541, 0.300014, 0.277254, 0.271212
0.307009, 0.075593, 0.285603, 0.069475
0.307191, 0.652378, 0.253944, 0.566939
0.307437, 0.616236, 0.257615, 0.538340
0.307571, 0.564873, 0.262146, 0.496846
0.307780, 0.957456, -0.614003, -0.035281
0.307795, 0.785496, -0.606853, -0.176340
0.307842, 0.925178, -0.613550, -0.062019
0.307964, 0.118306, 0.285456, 0.108471
0.308158, 0.288355, 0.279182, 0.260836
0.308197, 0.538151, 0.264724, 0.474797
0.308222, 0.833158, -0.609733, -0.137719
0.308322, 0.479491, 0.268901, 0.425776
0.308325, 0.911913, -0.612891, -0.073003
0.308382, 0.000000, 0.287636, 0.000000
0.308429, 0.225861, 0.282246, 0.205499
0.308437, 0.716743, -0.612950, -0.244005
0.308570, 0.866360, -0.610987, -0.110530
0.308604, 0.175119, 0.284286, 0.159949
0.308641, 0.425675, 0.272641, 0.380292
0.308777, 0.369786, 0.275794, 0.332074
0.308778, 0.467146, 0.270100, 0.415352
0.308831, 0.525043, 0.266227, 0.463900
0.308843, 0.188461, 0.283978, 0.171926
0.308986, 0.969151, -0.613598, -0.025610
0.309070, 0.161331, 0.285235, 0.147523
0.309221, 0.019762, 0.288340, 0.018184
0.309410, 0.201689, 0.284180, 0.183902
0.309829, 0.764021, -0.603447, -0.193685
0.309869, 0.147060, 0.286263, 0.134518
0.310069, 0.214459, 0.284245, 0.195302
0.310101, 0.455889, 0.271953, 0.405757
0.310138, 0.684003, 0.356715, 0.691812
0.310318, 0.336156, 0.278799, 0.302666
0.310492, 0.053106, 0.289029, 0.048812
0.310511, 0.513014, 0.268513, 0.453788
0.310674, 0.576415, 0.263778, 0.506044
0.310806, 0.324038, 0.279892, 0.292121
0.311093, 0.132690, 0.287828, 0.121473
0.311301, 0.889012, -0.609631, -0.091989
0.311340, 0.704159, -0.575703, -0.220314
0.311401, 0.742562, -0.600259, -0.210667
0.311485, 0.312031, 0.281142, 0.281645
0.311520, 0.445371, 0.273760, 0.396644
0.311701, 0.589414, 0.263519, 0.516516
0.311800, 1.000000, -0.611478, 0.000000
0.312197, 0.602678, 0.262673, 0.526970
0.312311, 0.085725, 0.289939, 0.078611
0.312554, 0.854949, -0.607215, -0.120070
0.312788, 0.672506, 0.320260, 0.646506
0.312876, 0.392433, 0.278224, 0.351536
0.313081, 0.979954, -0.610269, -0.016668
0.313128, 0.821146, -0.605016, -0.147781
0.313367, 0.946117, -0.609531, -0.044786
0.313411, 0.243997, 0.285707, 0.221321
0.313662, 0.414199, 0.277466, 0.369931
0.313779, 0.775323, -0.601440, -0.184971
0.313875, 0.097125, 0.291006, 0.088962
0.314065, 0.798307, -0.602611, -0.166375
0.314287, 0.500417, 0.272620, 0.443070
0.314537, 0.031108, 0.292789, 0.028576
0.314719, 0.256296, 0.286365, 0.232197
0.314871, 0.064938, 0.292612, 0.059576
0.315342, 0.359521, 0.281980, 0.322733
0.315757, 0.009950, 0.293873, 0.009135
0.315814, 0.346788, 0.283157, 0.311755
0.316004, 0.877027, -0.605502, -0.102061
0.316300, 0.900481, -0.606078, -0.082687
0.316350, 0.843427, -0.603659, -0.129723
0.316452, 0.661223, 0.248158, 0.560314
0.316538, 0.268175, 0.287568, 0.242743
0.316654, 0.487753, 0.275423, 0.432161
0.316693, 0.637747, 0.258720, 0.550336
0.316736, 0.435883, 0.278983, 0.388497
0.316905, 0.624826, 0.264811, 0.544683
0.316997, 0.380442, 0.282304, 0.340768
0.317285, 0.109482, 0.294108, 0.100267
0.317292, 0.546051, 0.271673, 0.480559
0.317412, 0.300669, 0.286871, 0.271371
0.317434, 0.753384, -0.596873, -0.202964
0.317602, 0.733876, -0.595074, -0.218687
0.317681, 0.558719, 0.270993, 0.490948
0.317924, 0.722216, -0.599425, -0.233877
0.317936, 0.810076, -0.600535, -0.157100
0.317969, 0.233472, 0.290239, 0.211825
0.318349, 0.921382, -0.604758, -0.065403
0.318382, 0.612943, 0.266756, 0.534685
0.318404, 0.402638, 0.282382, 0.359938
0.318493, 0.648836, 0.256129, 0.556103
0.318972, 0.042697, 0.296616, 0.039176
0.318987, 0.169484, 0.293695, 0.154552
0.319005, 0.958145, -0.604763, -0.034849
0.319008, 0.279605, 0.289269, 0.252762
0.319165, 0.533215, 0.274248, 0.469860
0.319297, 0.474198, 0.278579, 0.420581
0.319408, 0.990222, -0.605166, -0.008151
0.319468, 0.182614, 0.293617, 0.166329
0.319513, 0.933671, -0.604398, -0.055244
0.319556, 0.694498, -0.808736, -0.469557
0.319579, 0.155838, 0.294575, 0.142175
0.319620, 0.121649, 0.295457, 0.111145
0.319860, 0.195776, 0.293424, 0.178096
0.319917, 0.787394, -0.597302, -0.175650
0.320304, 0.076270, 0.297334, 0.069883
0.320420, 0.709205, -0.549747, -0.197574
0.320625, 0.290124, 0.290171, 0.261923
0.320750, 0.209192, 0.293924, 0.190215
0.320826, 0.333455, 0.288206, 0.299872
0.320851, 0.831786, -0.599467, -0.139515
0.320852, 0.521182, 0.276603, 0.459824
0.320924, 0.142911, 0.296039, 0.130392
0.320987, 0.461392, 0.280939, 0.409777
0.321100, 0.865353, -0.600806, -0.111887
0.321245, 0.424958, 0.283369, 0.378691
0.321416, 0.569412, 0.273203, 0.499419
0.321974, 0.368963, 0.287341, 0.330672
0.322131, 0.969762, -0.602813, -0.025224
0.322156, 0.582082, 0.272703, 0.509634
0.322174, 0.222524, 0.294548, 0.202001
0.322279, 0.320945, 0.290092, 0.288858
0.322294, 0.765672, -0.593784, -0.193366
0.322300, 0.682139, -0.382392, -0.060337
0.322457, 0.910683, -0.601378, -0.074410
0.322620, 0.000000, 0.300168, 0.000000
0.322627, 0.020842, 0.300143, 0.019114
0.322891, 0.509032, 0.279234, 0.449606
0.322902, 0.594930, 0.272142, 0.519942
0.323050, 0.887924, -0.600117, -0.093300
0.323150, 0.054501, 0.300124, 0.049934
0.323211, 0.448693, 0.283768, 0.399042
0.324051, 0.246988, 0.295065, 0.223623
0.324124, 0.088699, 0.300304, 0.081111
0.324155, 0.132524, 0.299272, 0.120940
0.325132, 0.853673, -0.596974, -0.121693
0.325261, 0.946083, -0.599933, -0.045015
0.325267, 0.309474, 0.293322, 0.278714
0.325455, 0.669935, 0.127184, 0.435371
0.325745, 0.799327, -0.593354, -0.166310
0.325882, 0.496157, 0.282624, 0.438533
0.325899, 0.355375, 0.291468, 0.318658
0.325958, 0.390625, 0.289349, 0.348858
0.326078, 0.413826, 0.288362, 0.369096
0.326083, 0.743440, -0.588585, -0.211110
0.326162, 0.820894, -0.594408, -0.148710
0.326417, 0.259799, 0.296540, 0.234831
0.326493, 0.606156, 0.273918, 0.528472
0.326505, 0.631734, 0.276542, 0.553881
0.326597, 0.100976, 0.302116, 0.092200
0.326671, 1.000000, -0.599160, 0.000000
0.326821, 0.777891, -0.591168, -0.183847
0.327515, 0.980432, -0.598419, -0.016355
0.327539, 0.032226, 0.304194, 0.029505
0.327665, 0.066453, 0.303764, 0.060763
0.327751, 0.553616, 0.279651, 0.485771
0.328042, 0.343196, 0.293960, 0.307942
0.328045, 0.483121, 0.285383, 0.427475
0.328105, 0.657080, 0.243341, 0.542698
0.328499, 0.436437, 0.288909, 0.388060
0.328639, 0.729714, -0.588537, -0.225675
0.328653, 0.876061, -0.595157, -0.103336
0.328822, 0.841753, -0.593484, -0.131712
0.328873, 0.898314, -0.595758, -0.084866
0.328954, 0.272165, 0.298275, 0.245700
0.329068, 0.619769, 0.274009, 0.538314
0.329117, 0.541415, 0.281837, 0.475745
0.329121, 0.236220, 0.300023, 0.213868
0.329322, 0.163693, 0.302864, 0.148940
0.329356, 0.716501, -0.567441, -0.216758
0.329394, 0.378337, 0.293305, 0.338418
0.329557, 0.402360, 0.291845, 0.358819
0.329681, 0.644046, 0.305698, 0.591018
0.329710, 0.010591, 0.306180, 0.009691
0.329917, 0.702221, -0.632645, -0.295311
0.330029, 0.756049, -0.587059, -0.201823
0.330128, 0.922605, -0.595130, -0.064654
0.330191, 0.176433, 0.303312, 0.160427
0.330287, 0.810664, -0.590531, -0.157340
0.330331, 0.297459, 0.298393, 0.267976
0.330442, 0.113058, 0.305603, 0.103210
0.330618, 0.189237, 0.303194, 0.171882
0.330714, 0.958656, -0.595310, -0.034572
0.330756, 0.470315, 0.288668, 0.416678
0.330919, 0.150190, 0.304485, 0.136622
0.330972, 0.202024, 0.302925, 0.183256
0.331181, 0.529833, 0.284563, 0.466185
0.331632, 0.043998, 0.307699, 0.040241
0.332008, 0.330710, 0.298130, 0.296933
0.332245, 0.935153, -0.594137, -0.054268
0.332266, 0.215119, 0.303776, 0.195035
0.332381, 0.284625, 0.300690, 0.256512
0.332394, 0.690069, -0.505546, -0.181898
0.332674, 0.790143, -0.587237, -0.174268
0.332677, 0.079011, 0.308229, 0.072191
0.332696, 0.517509, 0.286776, 0.455841
0.332739, 0.124266, 0.306866, 0.113163
0.332747, 0.563257, 0.283034, 0.493390
0.332895, 0.457933, 0.291351, 0.406125
0.333061, 0.575485, 0.282186, 0.503260
0.333383, 0.364852, 0.297445, 0.326451
0.333447, 0.424230, 0.294027, 0.377493
0.333645, 0.864521, -0.590591, -0.113094
0.333677, 0.587880, 0.281515, 0.513148
0.334062, 0.829605, -0.588629, -0.141993
0.334311, 0.990254, -0.592866, -0.008166
0.334533, 0.908669, -0.591531, -0.076415
0.334646, 0.318660, 0.301050, 0.286274
0.334688, 0.504896, 0.289376, 0.445152
0.334690, 0.768721, -0.584160, -0.191843
0.334739, 0.678240, -0.716577, -0.404583
0.334922, 0.249618, 0.304580, 0.225548
0.334993, 0.138638, 0.308706, 0.126207
0.335515, 0.227383, 0.306002, 0.205742
0.335570, 0.886591, -0.589895, -0.094836
0.335592, 0.056436, 0.310995, 0.051546
0.335631, 0.970114, -0.591760, -0.025050
0.335810, 0.091513, 0.310446, 0.083432
0.336090, 0.021788, 0.311941, 0.019915
0.336185, 0.599377, 0.282459, 0.522135
0.336220, 0.446448, 0.294845, 0.396034
0.336431, 0.000000, 0.312302, 0.000000
0.336922, 0.632884, 0.273390, 0.542243
0.337219, 0.491799, 0.292493, 0.434065
0.337353, 0.665524, -0.224768, 0.068986
0.337363, 0.852869, -0.586974, -0.122900
0.337442, 0.947840, -0.589899, -0.043732
0.337504, 0.352076, 0.301652, 0.315087
0.337907, 0.736722, -0.580484, -0.219485
0.338143, 0.261875, 0.306752, 0.236165
0.338282, 0.611458, 0.283111, 0.531700
0.338288, 0.802719, -0.583480, -0.164318
0.338295, 0.307039, 0.304901, 0.275997
0.338462, 0.411784, 0.298925, 0.366335
0.338587, 0.386300, 0.300786, 0.344734
0.338934, 0.397847, 0.300247, 0.354450
0.339070, 0.549536, 0.289345, 0.481485
0.339134, 0.748197, -0.578809, -0.208508
0.339249, 0.104047, 0.313171, 0.094722
0.339335, 0.723144, -0.571320, -0.223555
0.339473, 0.652705, 0.533122, 0.814937
0.339660, 0.709764, -0.588752, -0.253259
0.339682, 0.781015, -0.580979, -0.182180
0.339811, 0.068853, 0.314309, 0.062759
0.339874, 0.159041, 0.312052, 0.144315
0.339911, 0.479264, 0.295789, 0.423553
0.340221, 0.817180, -0.582800, -0.152537
0.340318, 0.033363, 0.315411, 0.030449
0.340515, 0.340502, 0.305016, 0.305005
0.340582, 0.840991, -0.583847, -0.132899
0.340732, 0.273840, 0.308450, 0.246587
0.340771, 0.623360, 0.283874, 0.540892
0.340849, 0.373724, 0.303383, 0.333664
0.340924, 0.435184, 0.299694, 0.386293
0.341185, 0.170643, 0.313121, 0.154831
0.341462, 0.240051, 0.310764, 0.216799
0.341481, 1.000000, -0.586968, 0.000000
0.341634, 0.182873, 0.313146, 0.165813
0.341657, 0.875213, -0.584489, -0.104519
0.341664, 0.916703, -0.585592, -0.069861
0.341861, 0.897077, -0.585024, -0.086283
0.342019, 0.538683, 0.292840, 0.472595
0.342059, 0.980272, -0.586415, -0.016571
0.342118, 0.195137, 0.313086, 0.176752
0.342202, 0.295266, 0.308759, 0.265381
0.342280, 0.207387, 0.312568, 0.187573
0.342371, 0.697419, -0.548202, -0.226364
0.342480, 0.526508, 0.294169, 0.462421
0.342597, 0.466670, 0.298932, 0.412744
0.342779, 0.760364, -0.577077, -0.199273
0.342793, 0.128356, 0.315631, 0.116620
0.343008, 0.642014, 0.270087, 0.541297
0.343095, 0.927463, -0.584647, -0.060881
0.343263, 0.011237, 0.318142, 0.010253
0.343451, 0.959673, -0.584947, -0.033874
0.343610, 0.327969, 0.308336, 0.293897
0.343641, 0.046546, 0.318132, 0.042439
0.344149, 0.513585, 0.296595, 0.451594
0.344172, 0.148910, 0.316408, 0.135185
0.344428, 0.116165, 0.317690, 0.105658
0.344434, 0.569634, 0.292028, 0.497504
0.344501, 0.558210, 0.293056, 0.488100
0.344651, 0.581848, 0.291052, 0.507347
0.344748, 0.220002, 0.314450, 0.198842
0.345143, 0.081365, 0.319140, 0.074122
0.345191, 0.285200, 0.311816, 0.256373
0.345212, 0.793255, -0.577330, -0.172522
0.345236, 0.424165, 0.303953, 0.376466
0.345247, 0.938488, -0.583368, -0.051703
0.345547, 0.360910, 0.308033, 0.322182
0.345573, 0.685222, -0.617460, -0.309042
0.345751, 0.454887, 0.302384, 0.402523
0.345936, 0.828732, -0.578910, -0.143319
0.346068, 0.500533, 0.299242, 0.440641
0.346253, 0.863859, -0.580273, -0.114150
0.346433, 0.593838, 0.291312, 0.516765
0.346494, 0.673453, -0.436004, -0.139711
0.347037, 0.252170, 0.315146, 0.227320
0.347184, 0.315440, 0.312200, 0.282872
0.347331, 0.093217, 0.320423, 0.084732
0.347466, 0.772589, -0.574180, -0.189605
0.348008, 0.058824, 0.321816, 0.053562
0.348463, 0.885872, -0.579369, -0.095870
0.348536, 0.138203, 0.320465, 0.125386
0.348597, 0.906312, -0.579741, -0.078743
0.348626, 0.605922, 0.291625, 0.525957
0.348780, 0.659661, -0.862187, -0.580348
0.348812, 0.730157, -0.567960, -0.222290
0.348972, 0.232129, 0.317565, 0.209383
0.349030, 0.990131, -0.580722, -0.008311
0.349088, 0.806679, -0.575091, -0.161716
0.349155, 0.488151, 0.302915, 0.430301
0.349398, 0.852350, -0.577067, -0.123844
0.349472, 0.403495, 0.308921, 0.358587
0.349607, 0.022863, 0.323513, 0.020811
0.349726, 0.443705, 0.306591, 0.392880
0.349797, 0.970025, -0.580036, -0.025243
0.349860, 0.000000, 0.324016, 0.000000
0.350067, 0.716788, -0.571160, -0.238625
0.350175, 0.414535, 0.308791, 0.367933
0.350187, 0.264388, 0.317246, 0.237893
0.350330, 0.350235, 0.313042, 0.312957
0.350418, 0.391781, 0.310614, 0.348687
0.350467, 0.618583, 0.290753, 0.534764
0.350583, 0.741565, -0.569677, -0.215593
0.350601, 0.632439, 0.282907, 0.539456
0.350638, 0.949762, -0.578983, -0.042305
0.350846, 0.380541, 0.311559, 0.338887
0.351334, 0.303116, 0.316265, 0.271749
0.351453, 0.161732, 0.322222, 0.146419
0.351580, 0.037162, 0.325044, 0.033810
0.351600, 0.105624, 0.323876, 0.095862
0.351723, 0.475332, 0.305961, 0.419275
0.351820, 0.070995, 0.324706, 0.064511
0.351845, 0.840411, -0.574570, -0.133896
0.351893, 0.752746, -0.569063, -0.205984
0.352080, 0.705447, -0.558301, -0.237804
0.352216, 0.337954, 0.315263, 0.302106
0.352456, 0.175179, 0.322825, 0.158516
0.352639, 0.368829, 0.313729, 0.328632
0.352799, 0.784342, -0.570556, -0.180307
0.352937, 0.647261, -0.133112, 0.130959
0.352979, 0.547966, 0.301041, 0.479206
0.353035, 0.277002, 0.318974, 0.248741
0.353198, 0.817931, -0.572446, -0.152649
0.353231, 0.522666, 0.303394, 0.458329
0.353271, 0.187725, 0.323117, 0.169720
0.353351, 0.535328, 0.302434, 0.468768
0.353720, 0.211637, 0.322303, 0.190852
0.353821, 0.199843, 0.323136, 0.180506
0.353873, 0.917692, -0.575517, -0.069312
0.354274, 0.432662, 0.311085, 0.383060
0.354614, 0.126103, 0.326307, 0.114367
0.354767, 0.692901, -0.574369, -0.267325
0.354905, 0.874333, -0.573601, -0.105731
0.355009, 0.325388, 0.318442, 0.291099
0.355150, 0.463168, 0.309749, 0.408816
0.355197, 0.508987, 0.306160, 0.446874
0.355306, 0.243193, 0.322775, 0.219008
0.355388, 0.574396, 0.300465, 0.500252
0.355563, 0.560886, 0.301839, 0.489278
0.355666, 0.764674, -0.566922, -0.196644
0.355869, 0.896060, -0.573533, -0.087556
0.355996, 0.929157, -0.574018, -0.059717
0.356137, 1.000000, -0.574872, 0.000000
0.356187, 0.291553, 0.321268, 0.261555
0.356333, 0.049243, 0.329174, 0.044757
0.356393, 0.011137, 0.329550, 0.010124
0.356451, 0.148832, 0.327073, 0.134712
0.356557, 0.980080, -0.574425, -0.016813
0.356622, 0.587179, 0.299725, 0.509921
0.356741, 0.669302, -0.599785, -0.315892
0.357196, 0.224540, 0.325056, 0.202313
0.357263, 0.797132, -0.567856, -0.170076
0.357434, 0.959591, -0.573410, -0.034099
0.357999, 0.939656, -0.572690, -0.050927
0.358225, 0.082994, 0.330388, 0.075334
0.358247, 0.094478, 0.330026, 0.085681
0.358297, 0.828876, -0.568768, -0.143802
0.358318, 0.497237, 0.309865, 0.437124
0.358800, 0.115172, 0.330137, 0.104375
0.358867, 0.680463, -0.538071, -0.246082
0.358928, 0.599043, 0.300339, 0.519128
0.358934, 0.863142, -0.569814, -0.115240
0.359075, 0.451591, 0.313951, 0.398856
0.359213, 0.422165, 0.316071, 0.373902
0.359249, 0.724203, -0.561633, -0.230608
0.359394, 0.312947, 0.322656, 0.279821
0.359624, 0.254841, 0.326031, 0.229117
0.359815, 0.029891, 0.332386, 0.027145
0.360149, 0.359661, 0.320923, 0.320471
0.360285, 0.611786, 0.305226, 0.534290
0.360572, 0.484020, 0.312675, 0.425768
0.360704, 0.137502, 0.331080, 0.124398
0.360735, 0.060833, 0.332825, 0.055206
0.360944, 0.775595, -0.563520, -0.188062
0.360984, 0.624787, 0.267405, 0.507430
0.361113, 0.658164, -0.517830, -0.247744
0.361151, 0.851374, -0.567339, -0.125146
0.361289, 0.884524, -0.568759, -0.097411
0.361374, 0.409679, 0.318768, 0.363165
0.361378, 0.397853, 0.319613, 0.353167
0.361439, 0.637487, 0.335363, 0.582871
0.361599, 0.907821, -0.569114, -0.077819
0.361659, 0.735210, -0.559561, -0.220737
0.361773, 0.267655, 0.327237, 0.240258
0.361867, 0.347147, 0.323139, 0.309570
0.362144, 0.808971, -0.564573, -0.160550
0.362145, 0.385658, 0.320959, 0.342586
0.362731, 0.373402, 0.322274, 0.332095
0.362854, 0.158202, 0.332386, 0.142927
0.362859, 0.169914, 0.331928, 0.153377
0.363156, 0.839906, -0.565169, -0.134810
0.363326, 0.280977, 0.327744, 0.251733
0.363331, 0.000000, 0.335634, 0.000000
0.363358, 0.517341, 0.312226, 0.453066
0.363413, 0.440480, 0.318297, 0.389023
0.363413, 0.702536, -0.557273, -0.249311
0.363480, 0.235070, 0.330233, 0.211455
0.363526, 0.746544, -0.559233, -0.212115
0.363556, 0.714030, -0.555464, -0.237524
0.363611, 0.990002, -0.568650, -0.008459
0.363632, 0.072187, 0.335026, 0.065414
0.363786, 0.334587, 0.325515, 0.298584
0.364007, 0.969792, -0.568257, -0.025558
0.364065, 0.471648, 0.316611, 0.415236
0.364313, 0.757100, -0.559338, -0.203411
0.364457, 0.182001, 0.333152, 0.164234
0.364471, 0.529728, 0.312100, 0.463196
0.364472, 0.019974, 0.336471, 0.018119
0.364516, 0.948388, -0.567455, -0.043656
0.364524, 0.302942, 0.327918, 0.271074
0.364616, 0.215459, 0.331724, 0.193848
0.364666, 0.541911, 0.311153, 0.473120
0.364948, 0.103482, 0.335629, 0.093651
0.365018, 0.041306, 0.336798, 0.037464
0.365299, 0.567434, 0.308745, 0.493186
0.365303, 0.787977, -0.560641, -0.178094
0.365433, 0.193422, 0.333482, 0.174332
0.365646, 0.648360, -0.780559, -0.523492
0.365921, 0.204508, 0.333510, 0.184188
0.365955, 0.921515, -0.565779, -0.066379
0.365970, 0.553858, 0.311146, 0.482708
0.366445, 0.581018, 0.310683, 0.506365
0.366484, 0.321980, 0.328309, 0.287295
0.366799, 0.820337, -0.561396, -0.151345
0.366806, 0.689845, -0.549912, -0.256491
0.367462, 0.125174, 0.337310, 0.113123
0.368079, 0.459645, 0.320943, 0.404937
0.368180, 0.506441, 0.317200, 0.443750
0.368232, 0.429728, 0.323251, 0.379724
0.368261, 0.668805, -0.554535, -0.281404
0.368707, 0.896786, -0.563063, -0.087327
0.368717, 0.872060, -0.562222, -0.108136
0.369082, 0.492857, 0.319032, 0.432362
0.369325, 0.292449, 0.332446, 0.261527
0.369515, 0.246089, 0.334931, 0.220872
0.369580, 0.934363, -0.562934, -0.055586
0.369678, 0.592540, 0.313983, 0.517139
0.369783, 0.090841, 0.340426, 0.082240
0.369797, 0.766658, -0.555530, -0.195941
0.369858, 0.053087, 0.341044, 0.048108
0.370246, 0.605301, 0.315926, 0.529966
0.370311, 0.148988, 0.339138, 0.134432
0.370335, 0.800072, -0.557368, -0.168398
0.370643, 1.000000, -0.562851, 0.000000
0.370811, 0.010204, 0.342071, 0.009246
0.370876, 0.224804, 0.336879, 0.201921
0.370891, 0.958767, -0.562274, -0.034947
0.370967, 0.979825, -0.562468, -0.017107
0.371142, 0.417449, 0.326590, 0.369131
0.371173, 0.858943, -0.559555, -0.119232
0.371259, 0.726237, -0.551557, -0.229387
0.371278, 0.258945, 0.335897, 0.232135
0.371468, 0.832073, -0.558043, -0.141750
0.371470, 0.137019, 0.340542, 0.123686
0.371593, 0.618088, 0.542714, 0.766364
0.371864, 0.112227, 0.341414, 0.101358
0.371999, 0.354724, 0.331417, 0.315503
0.372022, 0.631003, -0.004995, 0.227848
0.372107, 0.366717, 0.330731, 0.325767
0.372263, 0.884566, -0.559536, -0.097703
0.372368, 0.079121, 0.342787, 0.071587
0.372447, 0.030894, 0.343507, 0.027979
0.372561, 0.404736, 0.328698, 0.358279
0.372645, 0.448086, 0.325556, 0.394760
0.372674, 0.480477, 0.323113, 0.421892
0.372777, 0.679342, -0.545871, -0.267138
0.372857, 0.910937, -0.559844, -0.075465
0.372881, 0.392398, 0.329730, 0.347670
0.373028, 0.271444, 0.336751, 0.242983
0.373194, 0.845912, -0.557164, -0.130217
0.373295, 0.342034, 0.333271, 0.304464
0.373345, 0.778482, -0.553661, -0.186490
0.373391, 0.379822, 0.331060, 0.336978
0.373516, 0.740088, -0.550851, -0.218036
0.373670, 0.162755, 0.341811, 0.146717
0.373785, 0.313376, 0.335294, 0.279594
0.373915, 0.519823, 0.320742, 0.454206
0.373990, 0.065503, 0.344136, 0.059225
0.374061, 0.699942, -0.546704, -0.250666
0.374576, 0.657330, -0.550445, -0.292886
0.374649, 0.175749, 0.341940, 0.158161
0.374841, 0.642803, -0.657133, -0.414720
0.375027, 0.712093, -0.547130, -0.240969
0.375055, 0.328642, 0.335477, 0.292713
0.375220, 0.282646, 0.338016, 0.252628
0.375550, 0.811971, -0.553774, -0.158773
0.375610, 0.575890, 0.312800, 0.495474
0.375963, 0.754063, -0.549667, -0.206767
0.376026, 0.532331, 0.321289, 0.464160
0.376194, 0.564315, 0.319457, 0.491147
0.376215, 0.946115, -0.557846, -0.045758
0.376548, 0.212966, 0.342485, 0.191305
0.376586, 0.468257, 0.327402, 0.411451
0.376732, 0.543136, 0.320824, 0.472850
0.376855, 0.234083, 0.341732, 0.209895
0.376914, 0.188749, 0.343882, 0.169855
0.377209, 0.000000, 0.347801, 0.000000
0.377409, 0.437240, 0.330511, 0.385435
0.377538, 0.301549, 0.339087, 0.269044
0.377734, 0.042378, 0.347869, 0.038321
0.377806, 0.200410, 0.344105, 0.180132
0.377911, 0.100656, 0.347184, 0.090889
0.377948, 0.969195, -0.556691, -0.026178
0.377994, 0.790693, -0.550425, -0.176594
0.378063, 0.989793, -0.556647, -0.008675
0.378085, 0.923105, -0.555839, -0.065292
0.378218, 0.553890, 0.320331, 0.480767
0.378353, 0.500452, 0.326071, 0.437819
0.378522, 0.020931, 0.348755, 0.018926
0.379097, 0.120034, 0.347612, 0.108224
0.379914, 0.901423, -0.553729, -0.083689
0.379929, 0.823985, -0.550778, -0.148941
0.380076, 0.689290, -0.540942, -0.259840
0.380482, 0.586432, 0.305229, 0.493054
0.380697, 0.425215, 0.334163, 0.375042
0.380736, 0.668941, -0.538664, -0.276500
0.380814, 0.599670, 0.355540, 0.555016
0.380959, 0.130991, 0.349036, 0.118032
0.381090, 0.456195, 0.332030, 0.400891
0.381195, 0.864710, -0.551539, -0.114758
0.381199, 0.511361, 0.327540, 0.446657
0.381341, 0.767414, -0.546312, -0.196120
0.381426, 0.489272, 0.329620, 0.428377
0.381489, 0.876888, -0.551821, -0.104503
0.381622, 0.253960, 0.345110, 0.227259
0.381762, 0.721644, -0.542387, -0.233733
0.382041, 0.611303, 0.251366, 0.457724
0.382131, 0.087741, 0.351247, 0.079212
0.382275, 0.143567, 0.349861, 0.129280
0.382278, 0.890485, -0.551378, -0.092999
0.382294, 0.053637, 0.351791, 0.048450
0.382330, 0.242650, 0.346194, 0.217256
0.382484, 0.837354, -0.549268, -0.137828
0.382555, 0.412368, 0.336669, 0.364063
0.382590, 0.155388, 0.349627, 0.139781
0.382629, 0.624511, -0.844253, -0.625836
0.382742, 0.934796, -0.552194, -0.055462
0.382849, 0.851527, -0.549513, -0.125908
0.383260, 0.733166, -0.542382, -0.224549
0.383324, 0.803025, -0.546872, -0.166651
0.383362, 0.266160, 0.346062, 0.237906
0.383387, 0.361684, 0.340768, 0.320790
0.383433, 0.349415, 0.341555, 0.310231
0.383601, 0.957717, -0.551761, -0.035985
0.383655, 0.373920, 0.340159, 0.331201
0.383658, 0.399479, 0.338460, 0.352995
0.383784, 0.290634, 0.345190, 0.259287
0.383815, 0.222929, 0.348419, 0.199838
0.383955, 0.322146, 0.343519, 0.286585
0.383968, 0.336447, 0.342790, 0.299021
0.384039, 0.386810, 0.339708, 0.342257
0.384436, 0.075845, 0.353275, 0.068428
0.384513, 0.649274, -0.574619, -0.334046
0.384624, 0.010853, 0.354102, 0.009802
0.384670, 0.168622, 0.351240, 0.151613
0.384780, 0.635640, -0.422534, -0.193761
0.384868, 0.745507, -0.542089, -0.214494
0.384872, 0.702262, -0.538292, -0.249809
0.384952, 1.000000, -0.550955, 0.000000
0.384962, 0.477325, 0.333631, 0.418271
0.385059, 0.780123, -0.544220, -0.185861
0.385190, 0.979239, -0.550636, -0.017681
0.385452, 0.032601, 0.354886, 0.029440
0.385478, 0.524433, 0.329868, 0.457004
0.385531, 0.064200, 0.354255, 0.057900
0.385870, 0.278015, 0.347663, 0.248177
0.385879, 0.911838, -0.549052, -0.075005
0.385942, 0.181881, 0.351483, 0.163198
0.386240, 0.109962, 0.353853, 0.098974
0.386510, 0.310267, 0.346281, 0.276076
0.386650, 0.444876, 0.337792, 0.391230
0.386682, 0.573955, 0.335000, 0.505908
0.386753, 0.679040, -0.534944, -0.268984
0.387548, 0.208998, 0.352233, 0.187364
0.387890, 0.659678, -0.530115, -0.282669
0.388382, 0.758010, -0.539936, -0.204377
0.388503, 0.562274, 0.325524, 0.484187
0.388598, 0.815733, -0.543273, -0.156297
0.388667, 0.946399, -0.547418, -0.045687
0.388904, 0.548445, 0.333303, 0.479016
0.389042, 0.465163, 0.337906, 0.407652
0.389079, 0.536326, 0.331260, 0.465892
0.389137, 0.712951, -0.535913, -0.241509
0.389641, 0.195748, 0.354744, 0.175625
0.389913, 0.096038, 0.357829, 0.086516
0.390057, 0.500505, 0.335757, 0.436841
0.390129, 0.792935, -0.540595, -0.175417
0.390264, 0.433062, 0.341657, 0.380938
0.390316, 0.594654, 0.245493, 0.431837
0.390564, 0.000000, 0.359491, 0.000000
0.390681, 0.923763, -0.545355, -0.064986
0.390871, 0.299222, 0.350832, 0.266379
0.390928, 0.044581, 0.359339, 0.040187
0.390940, 0.122593, 0.357938, 0.110257
0.391166, 0.232873, 0.354304, 0.208259
0.391745, 0.968278, -0.545223, -0.027073
0.391795, 0.828675, -0.541251, -0.145562
0.391814, 0.692144, -0.531854, -0.258643
0.392067, 0.618582, -0.512212, -0.306735
0.392072, 0.022564, 0.360551, 0.020340
0.392229, 0.420042, 0.344307, 0.369850
0.392252, 0.989310, -0.544833, -0.009125
0.392319, 0.884482, -0.543055, -0.098411
0.392443, 0.870720, -0.542436, -0.110075
0.392452, 0.513783, 0.336368, 0.447341
0.392492, 0.899212, -0.543221, -0.085895
0.392533, 0.135448, 0.358984, 0.121713
0.392632, 0.843076, -0.541159, -0.133449
0.392699, 0.857324, -0.541647, -0.121407
0.392757, 0.488062, 0.339165, 0.426459
0.392966, 0.246942, 0.355291, 0.220594
0.393497, 0.259911, 0.355043, 0.231877
0.393686, 0.583532, 0.356727, 0.529893
0.393726, 0.330823, 0.351370, 0.293480
0.393735, 0.406925, 0.346503, 0.358614
0.393745, 0.148184, 0.359736, 0.133084
0.393851, 0.770507, -0.536276, -0.194350
0.393917, 0.725027, -0.532812, -0.231918
0.394098, 0.606515, -0.085598, 0.105339
0.394120, 0.643188, -0.497963, -0.270996
0.394297, 0.453733, 0.343491, 0.398017
0.394309, 0.160627, 0.359639, 0.144084
0.394363, 0.343809, 0.351292, 0.304759
0.394571, 0.356225, 0.350688, 0.315402
0.394649, 0.393927, 0.348246, 0.347584
0.394736, 0.368565, 0.350043, 0.325968
0.394776, 0.381064, 0.349179, 0.336570
0.394874, 0.668738, -0.526580, -0.277240
0.394970, 0.218736, 0.358335, 0.195700
0.395238, 0.083563, 0.362511, 0.075187
0.395342, 0.736747, -0.532799, -0.222475
0.395480, 0.806342, -0.537005, -0.164505
0.395699, 0.173550, 0.360626, 0.155614
0.395845, 0.934903, -0.541244, -0.055588
0.395868, 0.272331, 0.356656, 0.242744
0.395873, 0.056733, 0.363746, 0.051108
0.396082, 0.069442, 0.363315, 0.062462
0.396116, 0.318535, 0.354002, 0.282634
0.396247, 0.285562, 0.356103, 0.254131
0.396297, 0.630278, -0.562759, -0.349767
0.396587, 0.186547, 0.360576, 0.166965
0.396622, 0.748578, -0.532663, -0.212782
0.396706, 0.475497, 0.343332, 0.415469
0.396810, 0.957296, -0.540658, -0.036484
0.396820, 0.782038, -0.534635, -0.184947
0.397075, 0.105150, 0.363691, 0.094498
0.397507, 0.011981, 0.365358, 0.010791
0.397534, 0.703668, -0.528286, -0.249780
0.397571, 0.524692, 0.339314, 0.455532
0.397654, 0.913035, -0.539336, -0.074267
0.398150, 0.557135, 0.348192, 0.493328
0.398353, 0.682602, -0.525950, -0.267166
0.398411, 0.034663, 0.366190, 0.031210
0.398654, 0.654435, -0.524394, -0.291500
0.398790, 0.205202, 0.362164, 0.183571
0.398829, 0.571598, 0.323977, 0.481627
0.398917, 1.000000, -0.539344, 0.000000
0.399256, 0.978161, -0.538905, -0.018678
0.399893, 0.441133, 0.349020, 0.386842
0.400029, 0.115827, 0.365849, 0.103945
0.400152, 0.308528, 0.358341, 0.273967
0.400702, 0.545071, 0.329179, 0.461109
0.400738, 0.944758, -0.537211, -0.047246
0.400767, 0.761260, -0.529995, -0.202482
0.401005, 0.506610, 0.344293, 0.440916
0.401160, 0.819618, -0.533171, -0.153656
0.401555, 0.465247, 0.348583, 0.406982
0.401572, 0.795125, -0.531285, -0.174209
0.401573, 0.595425, 0.555559, 0.730676
0.401598, 0.295939, 0.360232, 0.262925
0.401684, 0.427737, 0.351712, 0.375630
0.401725, 0.715598, -0.525967, -0.240370
0.401944, 0.534941, 0.341742, 0.463289
0.401984, 0.834552, -0.533076, -0.141053
0.402229, 0.240065, 0.363505, 0.214058
0.402481, 0.495666, 0.346388, 0.431684
0.402704, 0.849060, -0.533046, -0.128790
0.402770, 0.128104, 0.368125, 0.114896
0.402796, 0.890151, -0.534504, -0.093895
0.402921, 0.094662, 0.369064, 0.085014
0.402943, 0.876861, -0.533900, -0.105201
0.402948, 0.618178, -0.480108, -0.283807
0.402992, 0.863223, -0.533337, -0.116785
0.403117, 0.227597, 0.364869, 0.203083
0.403233, 0.000000, 0.370291, 0.000000
0.403442, 0.414357, 0.354171, 0.364188
0.403603, 0.253703, 0.364186, 0.226032
0.403633, 0.047612, 0.370403, 0.042802
0.403747, 0.926194, -0.534489, -0.063167
0.404050, 0.902752, -0.533692, -0.083176
0.404095, 0.140825, 0.368912, 0.126204
0.404399, 0.483560, 0.349007, 0.421462
0.404825, 0.694221, -0.521553, -0.258106
0.404826, 0.401132, 0.356352, 0.352961
0.404835, 0.337983, 0.360428, 0.298956
0.404852, 0.641284, -0.517113, -0.301618
0.404958, 0.325800, 0.361216, 0.288430
0.405000, 0.074489, 0.371010, 0.066865
0.405031, 0.193918, 0.367823, 0.173271
0.405096, 0.153655, 0.369423, 0.137617
0.405331, 0.024227, 0.371825, 0.021760
0.405522, 0.388110, 0.357840, 0.341836
0.405527, 0.674125, -0.518951, -0.274348
0.405611, 0.350402, 0.360490, 0.309709
0.405640, 0.583833, 0.393108, 0.554619
0.405756, 0.166422, 0.369419, 0.148882
0.405758, 0.453253, 0.352860, 0.396386
0.405798, 0.362727, 0.359858, 0.320248
0.405808, 0.375273, 0.359040, 0.330966
0.405902, 0.265959, 0.365531, 0.236604
0.405954, 0.989118, -0.533390, -0.009328
0.406067, 0.966722, -0.533280, -0.028521
0.406185, 0.727905, -0.523142, -0.230507
0.406450, 0.179749, 0.369724, 0.160738
0.406731, 0.516076, 0.348521, 0.448567
0.406998, 0.606892, -0.771932, -0.589975
0.407207, 0.563020, 0.376895, 0.519037
0.407239, 0.806447, -0.527310, -0.165015
0.407257, 0.662969, -0.517219, -0.284185
0.407266, 0.216015, 0.368987, 0.192731
0.407288, 0.278363, 0.366142, 0.247384
0.407321, 0.783682, -0.525881, -0.184116
0.407397, 0.739336, -0.523057, -0.221158
0.407593, 0.771918, -0.525118, -0.194024
0.407705, 0.751312, -0.523684, -0.211236
0.408103, 0.061307, 0.374286, 0.055059
0.408558, 0.952327, -0.530686, -0.040864
0.408970, 0.629451, -0.507146, -0.306097
0.409188, 0.085222, 0.374538, 0.076422
0.409355, 0.010724, 0.375458, 0.009623
0.409522, 0.915918, -0.529332, -0.072044
0.409550, 0.106806, 0.374580, 0.095737
0.409926, 0.706243, -0.518469, -0.248693
0.410464, 0.289414, 0.368173, 0.256748
0.410605, 0.551039, 0.310514, 0.438816
0.410725, 0.037342, 0.376871, 0.033529
0.410786, 0.937746, -0.528613, -0.053386
0.410924, 0.316434, 0.367117, 0.280173
0.411109, 0.527280, 0.352958, 0.459205
0.411118, 0.474936, 0.355584, 0.414058
0.411131, 0.205655, 0.372716, 0.183429
0.411167, 0.303538, 0.368124, 0.269048
0.411587, 0.651532, -0.512347, -0.293562
0.411743, 0.433472, 0.359663, 0.379600
0.411763, 0.684951, -0.515157, -0.266307
0.411959, 0.828191, -0.524587, -0.146891
0.411996, 0.573879, 0.460810, 0.608059
0.412291, 0.119362, 0.376457, 0.106823
0.412307, 0.445147, 0.359071, 0.389177
0.412643, 0.841658, -0.524504, -0.135469
0.412720, 1.000000, -0.527785, 0.000000
0.412770, 0.978104, -0.527618, -0.018803
0.412866, 0.247089, 0.372285, 0.219682
0.412898, 0.855799, -0.524812, -0.123450
0.413038, 0.503669, 0.354075, 0.436999
0.413067, 0.462374, 0.358176, 0.403352
0.413206, 0.420900, 0.361862, 0.368919
0.413292, 0.233852, 0.373297, 0.208083
0.413294, 0.595490, -0.378007, -0.213922
0.413375, 0.816056, -0.522690, -0.157197
0.413505, 0.490081, 0.356085, 0.426196
0.413542, 0.869468, -0.524762, -0.111829
0.413820, 0.793694, -0.521061, -0.176057
0.413900, 0.718921, -0.516282, -0.238563
0.414040, 0.760652, -0.518994, -0.203814
0.414050, 0.882373, -0.524805, -0.100843
0.414081, 0.132740, 0.377810, 0.118732
0.414436, 0.539163, 0.369774, 0.483826
0.414724, 0.894250, -0.524522, -0.090704
0.414764, 0.407908, 0.364215, 0.357923
0.414992, 0.617908, -0.528162, -0.343078
0.415355, 0.330532, 0.369997, 0.292008
0.415387, 0.146009, 0.378573, 0.130503
0.415523, 0.905908, -0.524038, -0.080736
0.415537, 0.050452, 0.380637, 0.045220
0.415812, 0.259406, 0.374440, 0.230428
0.415987, 0.394890, 0.366218, 0.346837
0.416021, 0.097062, 0.380553, 0.086941
0.416031, 0.072722, 0.380816, 0.065150
0.416132, 0.343454, 0.369728, 0.302944
0.416293, 0.185270, 0.378019, 0.165257
0.416296, 0.159060, 0.378949, 0.142068
0.416381, 0.381832, 0.367548, 0.335801
0.416384, 0.019500, 0.381493, 0.017473
0.416491, 0.000000, 0.381606, 0.000000
0.416625, 0.959511, -0.523889, -0.034781
0.416705, 0.172042, 0.378745, 0.153512
0.416772, 0.368750, 0.368757, 0.324625
0.416865, 0.356190, 0.369675, 0.313909
0.416972, 0.926577, -0.523446, -0.063080
0.417026, 0.222742, 0.377110, 0.198223
0.417125, 0.673553, -0.509766, -0.276080
0.417129, 0.639910, -0.505903, -0.302732
0.417710, 0.197035, 0.378538, 0.175482
0.417901, 0.696257, -0.511193, -0.257570
0.418016, 0.746295, -0.514838, -0.216096
0.418274, 0.271462, 0.375909, 0.240777
0.418448, 0.781201, -0.516579, -0.186833
0.418550, 0.562070, 0.171726, 0.302779
0.418588, 0.584730, -0.347607, -0.197735
0.418669, 0.732691, -0.513384, -0.227483
0.418777, 0.516482, 0.356490, 0.445849
0.419399, 0.802835, -0.516860, -0.168618
0.419565, 0.029712, 0.384184, 0.026599
0.419648, 0.989066, -0.521881, -0.009409
0.419793, 0.606592, -0.484600, -0.314365
0.419836, 0.661964, -0.506630, -0.285830
0.420193, 0.946829, -0.521056, -0.045742
0.420493, 0.296460, 0.376399, 0.262308
0.420683, 0.282696, 0.377456, 0.250458
0.420933, 0.454109, 0.365556, 0.395964
0.420991, 0.084925, 0.384626, 0.075925
0.421086, 0.969170, -0.520542, -0.026532
0.421283, 0.769922, -0.513667, -0.196506
0.421641, 0.211724, 0.381714, 0.188423
0.421679, 0.309858, 0.376793, 0.273923
0.421696, 0.110401, 0.384917, 0.098651
0.421798, 0.481547, 0.363687, 0.418400
0.421853, 0.708082, -0.508923, -0.248127
0.421887, 0.628591, -0.503721, -0.315130
0.421932, 0.062051, 0.386198, 0.055542
0.422446, 0.468669, 0.365449, 0.407796
0.422452, 0.550270, 0.463563, 0.580496
0.422689, 0.241032, 0.381054, 0.213936
0.422744, 0.848996, -0.516372, -0.129617
0.422857, 0.440431, 0.368319, 0.384437
0.422875, 0.915247, -0.518072, -0.072889
0.422939, 0.322381, 0.376999, 0.284549
0.423106, 0.527439, 0.355518, 0.450870
0.423335, 0.009512, 0.387548, 0.008510
0.423389, 0.124421, 0.385939, 0.111056
0.423390, 0.834899, -0.515265, -0.141655
0.423495, 0.427493, 0.369939, 0.373603
0.423544, 0.495030, 0.363823, 0.429252
0.423653, 0.862716, -0.516028, -0.117920
0.424057, 0.685230, -0.505272, -0.267162
0.424070, 0.040847, 0.388286, 0.036547
0.424316, 0.823273, -0.513878, -0.151563
0.424349, 0.573480, -0.285413, -0.151313
0.424401, 0.650519, -0.501785, -0.295493
0.424509, 0.507009, 0.363252, 0.438721
0.424661, 0.414775, 0.371979, 0.362908
0.424788, 0.876066, -0.515590, -0.106553
0.424791, 0.721090, -0.507473, -0.237549
0.425039, 0.811803, -0.512535, -0.161280
0.425094, 0.138154, 0.387186, 0.123242
0.425136, 0.935778, -0.516700, -0.055310
0.425276, 0.756634, -0.509566, -0.207918
0.425406, 0.252747, 0.382865, 0.224053
0.425852, 0.595564, -0.498943, -0.344061
0.426041, 0.889024, -0.514916, -0.095485
0.426145, 0.401757, 0.374263, 0.351869
0.426191, 0.336188, 0.378971, 0.296249
0.426466, 1.000000, -0.516225, 0.000000
0.426467, 0.901612, -0.514759, -0.084679
0.426585, 0.151636, 0.388121, 0.135172
0.426676, 0.791136, -0.510342, -0.178912
0.426842, 0.388321, 0.375897, 0.340520
0.426886, 0.230546, 0.385193, 0.204595
0.427008, 0.375107, 0.376929, 0.329268
0.427079, 0.539033, 0.353177, 0.455329
0.427338, 0.978981, -0.515280, -0.018121
0.427361, 0.349216, 0.378940, 0.307169
0.427408, 0.164643, 0.388365, 0.146651
0.427503, 0.177416, 0.387877, 0.157882
0.427537, 0.617254, -0.493861, -0.320746
0.427663, 0.097319, 0.390459, 0.086900
0.427993, 0.362073, 0.378719, 0.318169
0.427999, 0.202364, 0.387247, 0.179786
0.428160, 0.073850, 0.391373, 0.065984
0.428172, 0.189477, 0.388114, 0.168528
0.428508, 0.264350, 0.385115, 0.234101
0.428543, 0.743275, -0.505977, -0.219318
0.428611, 0.672910, -0.500479, -0.277663
0.428714, 0.052083, 0.391931, 0.046528
0.428737, 0.957129, -0.513677, -0.036953
0.429312, 0.019938, 0.392791, 0.017818
0.429725, 0.639154, -0.496553, -0.305447
0.430079, 0.561984, 0.853794, 0.974151
0.430230, 0.289816, 0.385171, 0.256059
0.430493, 0.000000, 0.393832, 0.000000
0.430565, 0.696924, -0.501016, -0.258090
0.430601, 0.924294, -0.511871, -0.065279
0.430761, 0.779642, -0.506370, -0.188855
0.430950, 0.219997, 0.389257, 0.195230
0.431228, 0.584340, -0.433600, -0.293614
0.431462, 0.461497, 0.373548, 0.401065
0.431496, 0.732120, -0.502760, -0.228835
0.431584, 0.302671, 0.385524, 0.267033
0.431785, 0.275788, 0.387144, 0.243747
0.431961, 0.448351, 0.375181, 0.390207
0.432328, 0.841842, -0.508055, -0.136083
0.432335, 0.661074, -0.496450, -0.287712
0.432576, 0.515931, 0.368411, 0.444665
0.432601, 0.475322, 0.373190, 0.412320
0.432670, 0.801015, -0.505808, -0.170834
0.432727, 0.086786, 0.394610, 0.077352
0.432756, 0.606200, -0.492682, -0.334331
0.432894, 0.709846, -0.500009, -0.247505
0.432978, 0.030496, 0.395745, 0.027214
0.433076, 0.488257, 0.372247, 0.422760
0.433080, 0.766514, -0.503758, -0.200094
0.433130, 0.315398, 0.386222, 0.277998
0.433161, 0.107257, 0.395007, 0.095625
0.433311, 0.434694, 0.377475, 0.378741
0.433445, 0.118840, 0.394780, 0.105852
0.433478, 0.855820, -0.507543, -0.124153
0.433600, 0.945686, -0.509774, -0.046899
0.433689, 0.989356, -0.510014, -0.009195
0.433993, 0.243061, 0.390790, 0.215235
0.434403, 0.550756, 0.293894, 0.399080
0.434448, 0.910866, -0.508286, -0.076903
0.434505, 0.328207, 0.386469, 0.288813
0.434591, 0.501750, 0.372184, 0.433644
0.434605, 0.527911, 0.356059, 0.441390
0.434659, 0.967626, -0.509150, -0.027971
0.434710, 0.627799, -0.490942, -0.314676
0.434913, 0.869246, -0.506816, -0.112699
0.434919, 0.131394, 0.395770, 0.116957
0.435161, 0.421297, 0.380214, 0.367494
0.435599, 0.826922, -0.504664, -0.148954
0.435731, 0.683849, -0.495650, -0.269280
0.435760, 0.814057, -0.503646, -0.159843
0.435966, 0.063291, 0.398076, 0.056434
0.436099, 0.408970, 0.382010, 0.357113
0.436229, 0.882694, -0.506195, -0.101204
0.436289, 0.144491, 0.396653, 0.128531
0.436655, 0.720913, -0.497629, -0.238518
0.436693, 0.395059, 0.383613, 0.345403
0.436769, 0.573068, -0.742270, -0.618779
0.436809, 0.209780, 0.394612, 0.185977
0.436823, 0.753064, -0.499818, -0.211647
0.437132, 0.010166, 0.399535, 0.009067
0.437200, 0.649744, -0.491424, -0.297414
0.437321, 0.040710, 0.399609, 0.036298
0.437400, 0.341870, 0.388154, 0.300397
0.437431, 0.896662, -0.505582, -0.089223
0.437439, 0.381210, 0.385195, 0.333598
0.437795, 0.254653, 0.393427, 0.225111
0.437976, 0.157855, 0.397821, 0.140339
0.438169, 0.368776, 0.386855, 0.323147
0.438482, 0.595027, -0.474291, -0.331267
0.438586, 0.196106, 0.396811, 0.173950
0.438612, 0.354874, 0.388113, 0.311242
0.438640, 0.170631, 0.397822, 0.151548
0.438800, 0.934153, -0.505158, -0.056924
0.438881, 0.232705, 0.395514, 0.205989
0.439167, 0.183044, 0.397783, 0.162442
0.439368, 0.539975, 0.237450, 0.329415
0.439929, 0.075575, 0.401384, 0.067318
0.439997, 0.284398, 0.393778, 0.250799
0.440298, 1.000000, -0.504498, 0.000000
0.440342, 0.789590, -0.499013, -0.180966
0.440403, 0.616623, -0.485952, -0.325040
0.440552, 0.671492, -0.490691, -0.279889
0.440621, 0.051009, 0.402214, 0.045437
0.440937, 0.978176, -0.503822, -0.018886
0.441115, 0.741358, -0.495391, -0.221716
0.441159, 0.265920, 0.395841, 0.234790
0.441607, 0.776259, -0.497168, -0.192317
0.441731, 0.098803, 0.402504, 0.087926
0.441914, 0.836534, -0.499444, -0.140913
0.441973, 0.955980, -0.502631, -0.038089
0.442019, 0.296328, 0.394889, 0.261018
0.442095, 0.455497, 0.382858, 0.395140
0.442165, 0.561683, -0.301129, -0.193298
0.442328, 0.468426, 0.381775, 0.405674
0.442379, 0.638218, -0.486052, -0.307230
0.442572, 0.020893, 0.404290, 0.018615
0.442574, 0.704444, -0.491566, -0.252696
0.442707, 0.921731, -0.501701, -0.067720
0.442791, 0.442216, 0.384644, 0.384113
0.442835, 0.693361, -0.490620, -0.261982
0.443054, 0.222973, 0.399484, 0.197283
0.443130, 0.849151, -0.499250, -0.130222
0.443347, 0.308275, 0.395216, 0.271154
0.443492, 0.481548, 0.381395, 0.416240
0.443813, 0.087406, 0.404258, 0.077720
0.443846, 0.428921, 0.386725, 0.373044
0.443872, 0.583831, -0.516704, -0.388937
0.444001, 0.802816, -0.496530, -0.169874
0.444163, 0.000000, 0.405685, 0.000000
0.444169, 0.507820, 0.379273, 0.437497
0.444212, 0.494410, 0.380789, 0.426727
0.444391, 0.762255, -0.494070, -0.204338
0.444524, 0.320716, 0.395553, 0.281830
0.444568, 0.111892, 0.404816, 0.099496
0.444583, 0.729775, -0.491713, -0.231651
0.445022, 0.519171, 0.385172, 0.452960
0.445142, 0.862006, -0.497927, -0.119232
0.445166, 0.660218, -0.485909, -0.289550
0.445366, 0.124468, 0.404898, 0.110537
0.445623, 0.909269, -0.498882, -0.078528
0.445628, 0.605524, -0.478299, -0.332212
0.445777, 0.333556, 0.395698, 0.292663
0.445853, 0.402355, 0.390698, 0.350798
0.446013, 0.244099, 0.401132, 0.215602
0.446231, 0.816453, -0.495066, -0.158283
0.446399, 0.137292, 0.405529, 0.121865
0.446472, 0.530185, 0.496611, 0.573174
0.446572, 0.715637, -0.489039, -0.243616
0.446585, 0.275849, 0.399827, 0.243024
0.446607, 0.387685, 0.392332, 0.338298
0.446608, 0.874410, -0.497177, -0.108623
0.446732, 0.944224, -0.498676, -0.048334
0.446812, 0.031593, 0.407748, 0.028106
0.446950, 0.550386, -0.187627, -0.094456
0.447254, 0.989297, -0.498551, -0.009281
0.447409, 0.415481, 0.390753, 0.361481
0.447413, 0.150424, 0.406003, 0.133421
0.447587, 0.886629, -0.496753, -0.098126
0.447600, 0.626950, -0.480846, -0.317029
0.447896, 0.362187, 0.395388, 0.316760
0.448072, 0.966532, -0.497803, -0.029020
0.448265, 0.681073, -0.485165, -0.272605
0.448283, 0.213683, 0.404356, 0.188930
0.448400, 0.202062, 0.404950, 0.178754
0.448632, 0.057362, 0.409026, 0.050997
0.448890, 0.347261, 0.397374, 0.304106
0.448903, 0.898262, -0.495747, -0.088090
0.449246, 0.572619, -0.444549, -0.331961
0.449340, 0.068645, 0.409443, 0.060998
0.449407, 0.827759, -0.493144, -0.148816
0.449592, 0.164071, 0.407660, 0.145454
0.449640, 0.375078, 0.396087, 0.327661
0.449719, 0.189280, 0.406638, 0.167529
0.449844, 0.648528, -0.481043, -0.299561
0.449990, 0.750689, -0.488633, -0.214415
0.450235, 0.255428, 0.404116, 0.225196
0.450365, 0.176352, 0.407733, 0.156178
0.450600, 0.010486, 0.411208, 0.009324
0.451056, 0.042659, 0.411377, 0.037908
0.451214, 0.594318, -0.479605, -0.348828
0.451709, 0.931233, -0.494257, -0.059658
0.451900, 0.288201, 0.403802, 0.253458
0.452086, 0.770483, -0.488004, -0.197756
0.452094, 0.233587, 0.406902, 0.206192
0.452543, 0.782517, -0.488413, -0.187594
0.452687, 0.449519, 0.392077, 0.389171
0.452755, 0.539491, 0.787646, 0.867053
0.452900, 0.462272, 0.391047, 0.399633
0.452940, 0.080333, 0.412481, 0.071324
0.452965, 0.840933, -0.490347, -0.137564
0.453095, 0.793726, -0.488555, -0.178083
0.453437, 0.615769, -0.474630, -0.326296
0.453593, 0.474924, 0.390330, 0.409857
0.453634, 0.670541, -0.479902, -0.281772
0.453846, 0.739285, -0.484713, -0.224278
0.454019, 0.978460, -0.492785, -0.018709
0.454039, 1.000000, -0.492853, 0.000000
0.454046, 0.436629, 0.394443, 0.378483
0.454068, 0.300243, 0.404923, 0.263677
0.454276, 0.093476, 0.413336, 0.082938
0.454310, 0.702928, -0.481815, -0.254843
0.454353, 0.691008, -0.480822, -0.264765
0.454370, 0.105107, 0.413242, 0.093239
0.454405, 0.561327, -0.423510, -0.325601
0.454427, 0.853941, -0.489952, -0.126510
0.454553, 0.487879, 0.389399, 0.419903
0.454570, 0.266676, 0.407242, 0.234723
0.454782, 0.424964, 0.396045, 0.368719
0.454869, 0.500989, 0.389695, 0.431894
0.454889, 0.394717, 0.398719, 0.343557
0.454900, 0.312111, 0.404761, 0.273709
0.455069, 0.918585, -0.491160, -0.070665
0.455156, 0.807286, -0.487355, -0.166565
0.455261, 0.637154, -0.475541, -0.309363
0.455338, 0.725892, -0.482633, -0.235673
0.455562, 0.954492, -0.491257, -0.039528
0.455749, 0.324326, 0.404760, 0.284140
0.455851, 0.021165, 0.415765, 0.018800
0.456128, 0.117707, 0.414595, 0.104355
0.456175, 0.513599, 0.385060, 0.437586
0.456605, 0.583100, -0.464534, -0.348954
0.456620, 0.223381, 0.411216, 0.197086
0.456724, 0.336818, 0.404682, 0.294668
0.456957, 0.356375, 0.403552, 0.311279
0.456990, 0.130395, 0.414760, 0.115471
0.457242, 0.406974, 0.399787, 0.353696
0.457306, 0.867257, -0.487831, -0.115092
0.457506, 0.526153, 0.274947, 0.337615
0.457689, 0.658633, -0.475553, -0.291950
0.457707, 0.143136, 0.415093, 0.126695
0.457714, 0.000000, 0.417388, 0.000000
0.457806, 0.714049, -0.479581, -0.245713
0.457897, 0.759588, -0.482553, -0.207337
0.458177, 0.156268, 0.414999, 0.138207
0.458323, 0.906061, -0.487976, -0.081558
0.458446, 0.604726, -0.470599, -0.336870
0.458562, 0.244493, 0.411906, 0.215356
0.458626, 0.941298, -0.488512, -0.051026
0.458711, 0.050961, 0.417895, 0.045209
0.458725, 0.879593, -0.487077, -0.104495
0.458839, 0.819603, -0.484685, -0.156145
0.459069, 0.278831, 0.410272, 0.244889
0.459167, 0.209976, 0.413820, 0.185211
0.459227, 0.383120, 0.403292, 0.333523
0.459454, 0.550300, -0.712713, -0.630565
0.459499, 0.892393, -0.486772, -0.093443
0.459735, 0.196961, 0.414909, 0.173850
0.459942, 0.032109, 0.419036, 0.028474
0.460203, 0.368085, 0.405209, 0.320766
0.460483, 0.967869, -0.487307, -0.027957
0.460489, 0.625876, -0.470201, -0.319035
0.460711, 0.062526, 0.419343, 0.055423
0.460721, 0.183503, 0.416316, 0.162055
0.460929, 0.989106, -0.486932, -0.009479
0.461496, 0.832141, -0.483111, -0.145521
0.461856, 0.170302, 0.417918, 0.150490
0.461858, 0.571732, -0.452769, -0.352282
0.462008, 0.681354, -0.473951, -0.273495
0.462224, 0.417058, 0.403017, 0.361616
0.462628, 0.256892, 0.414627, 0.225828
0.462638, 0.073833, 0.420916, 0.065411
0.462694, 0.647268, -0.470416, -0.301734
0.462943, 0.346550, 0.409251, 0.302499
0.463022, 0.772220, -0.478891, -0.196850
0.463431, 0.442782, 0.401550, 0.382640
0.463459, 0.455514, 0.400185, 0.392909
0.463679, 0.748118, -0.477152, -0.217444
0.463806, 0.798376, -0.479806, -0.174630
0.463911, 0.291532, 0.413843, 0.255633
0.463996, 0.593485, -0.463575, -0.345196
0.464056, 0.845265, -0.481225, -0.134253
0.464096, 0.468088, 0.399523, 0.403180
0.464122, 0.538283, -0.144097, -0.077112
0.464138, 0.010614, 0.422931, 0.009410
0.464386, 0.733949, -0.475657, -0.229474
0.464494, 0.086298, 0.422292, 0.076397
0.464534, 0.927151, -0.483406, -0.063414
0.464826, 0.784212, -0.478142, -0.186754
0.464826, 0.480751, 0.399009, 0.413581
0.465118, 0.695114, -0.472235, -0.262140
0.465378, 0.858443, -0.480811, -0.122978
0.465529, 0.493479, 0.396039, 0.421610
0.465594, 0.396103, 0.407545, 0.343862
0.465638, 0.668775, -0.469897, -0.284223
0.465794, 0.041948, 0.424076, 0.037150
0.465852, 0.233460, 0.418735, 0.205458
0.465957, 0.098853, 0.423354, 0.087473
0.466087, 0.303496, 0.414902, 0.265717
0.466239, 0.315068, 0.414204, 0.275530
0.466278, 0.429523, 0.405081, 0.371407
0.466658, 0.505535, 0.410109, 0.445677
0.466696, 0.110691, 0.423734, 0.097895
0.466749, 0.614728, -0.464250, -0.328937
0.466800, 0.327614, 0.413762, 0.286127
0.466850, 0.269462, 0.417552, 0.236459
0.467049, 0.560590, -0.511894, -0.426537
0.467329, 0.959280, -0.481116, -0.035468
0.467330, 0.219494, 0.420421, 0.193161
0.467389, 0.913997, -0.480501, -0.074865
0.467429, 0.707685, -0.471467, -0.251875
0.467482, 0.811042, -0.477077, -0.163867
0.467590, 0.123231, 0.424231, 0.108921
0.467648, 1.000000, -0.481334, 0.000000
0.467687, 0.721217, -0.471852, -0.240342
0.467805, 0.978112, -0.481023, -0.019076
0.468030, 0.376128, 0.411176, 0.326953
0.468099, 0.517350, 0.390336, 0.435346
0.468274, 0.635872, -0.464828, -0.311604
0.468636, 0.160326, 0.423866, 0.141434
0.468645, 0.135862, 0.424657, 0.119971
0.468947, 0.148142, 0.424545, 0.130743
0.469052, 0.021506, 0.427153, 0.019043
0.469147, 0.900050, -0.478792, -0.087030
0.469204, 0.356839, 0.413771, 0.310750
0.469278, 0.581970, -0.456390, -0.353347
0.469559, 0.948807, -0.479216, -0.044619
0.469603, 0.528187, 0.152785, 0.205259
0.469644, 0.205543, 0.423044, 0.180930
0.469713, 0.760314, -0.472795, -0.207417
0.469742, 0.872408, -0.477532, -0.111022
0.469840, 0.937838, -0.478808, -0.054176
0.469859, 0.885962, -0.477852, -0.099284
0.470051, 0.337298, 0.415823, 0.294118
0.470232, 0.407489, 0.410405, 0.352924
0.470299, 0.246994, 0.421784, 0.216930
0.470519, 0.191878, 0.424314, 0.168970
0.470532, 0.657490, -0.464844, -0.293940
0.470985, 0.823680, -0.474672, -0.153153
0.471013, 0.053978, 0.428569, 0.047757
0.471013, 0.282285, 0.420174, 0.247150
0.471153, 0.603893, -0.459457, -0.338046
0.471272, 0.000000, 0.429123, 0.000000
0.471480, 0.548537, -0.355138, -0.284739
0.472094, 0.179106, 0.426247, 0.157790
0.472537, 0.387127, 0.414062, 0.335800
0.472856, 0.065878, 0.429726, 0.058222
0.473308, 0.624593, -0.459754, -0.321390
0.473330, 0.792197, -0.471154, -0.180255
0.473391, 0.836076, -0.473190, -0.142572
0.473686, 0.032343, 0.430860, 0.028590
0.473703, 0.740594, -0.468199, -0.224376
0.474254, 0.438029, 0.410752, 0.377576
0.474256, 0.677102, -0.463409, -0.277944
0.474261, 0.366224, 0.417176, 0.318178
0.474299, 0.687705, -0.464245, -0.269105
0.474303, 0.772452, -0.469502, -0.197268
0.474327, 0.449700, 0.409994, 0.387447
0.474425, 0.988920, -0.475459, -0.009675
0.474488, 0.419372, 0.412831, 0.362349
0.474531, 0.078430, 0.431076, 0.069282
0.474622, 0.259909, 0.424669, 0.227792
0.474708, 0.571209, -0.463044, -0.374838
0.474793, 0.461609, 0.408471, 0.396401
0.475212, 0.848590, -0.471959, -0.131779
0.475305, 0.474047, 0.407824, 0.406675
0.475396, 0.646062, -0.459947, -0.303858
0.475405, 0.967909, -0.474472, -0.028018
0.475676, 0.861255, -0.472028, -0.120835
0.476076, 0.486744, 0.408685, 0.418445
0.476098, 0.091309, 0.432144, 0.080600
0.476202, 0.295600, 0.424086, 0.258418
0.476308, 0.321300, 0.422211, 0.280126
0.476375, 0.167961, 0.430419, 0.147916
0.476568, 0.591761, -0.453267, -0.347923
0.476595, 0.803802, -0.469139, -0.170511
0.476706, 0.728882, -0.464883, -0.234465
0.476707, 0.700654, -0.463032, -0.258327
0.476924, 0.346084, 0.421066, 0.301121
0.477119, 0.226172, 0.428332, 0.198450
0.477340, 0.920430, -0.472168, -0.069451
0.477341, 0.537123, -0.619880, -0.565009
0.477445, 0.498942, 0.384215, 0.403857
0.477715, 0.750892, -0.465534, -0.215891
0.477761, 0.010924, 0.434696, 0.009653
0.478028, 0.308211, 0.424585, 0.268918
0.478082, 0.103716, 0.433753, 0.091517
0.478168, 0.238702, 0.428837, 0.209332
0.478202, 0.931373, -0.471579, -0.059930
0.478317, 0.714754, -0.462924, -0.246672
0.478379, 0.116204, 0.433634, 0.102470
0.478393, 0.398355, 0.417973, 0.344653
0.478522, 0.214006, 0.430293, 0.187919
0.478578, 0.044521, 0.435030, 0.039308
0.478641, 0.511424, 0.540861, 0.570954
0.478808, 0.272513, 0.427538, 0.238414
0.478880, 0.907477, -0.470757, -0.080789
0.478979, 0.128829, 0.433750, 0.113516
0.479011, 0.559365, -0.428082, -0.354586
0.479150, 0.666752, -0.458486, -0.286931
0.479271, 0.782616, -0.465980, -0.188865
0.479848, 0.893905, -0.469556, -0.092623
0.479953, 0.200047, 0.431979, 0.175677
0.480029, 0.154788, 0.433889, 0.136233
0.480075, 0.815922, -0.466612, -0.160186
0.480203, 0.142236, 0.434392, 0.125232
0.480416, 0.955948, -0.469960, -0.038500
0.480491, 0.377399, 0.421463, 0.327029
0.480583, 0.880462, -0.468620, -0.104344
0.480606, 0.613644, -0.452887, -0.331131
0.480662, 0.429119, 0.416906, 0.369716
0.480796, 0.523995, 0.134746, 0.173588
0.481031, 0.333051, 0.425581, 0.289896
0.481133, 1.000000, -0.469886, 0.000000
0.481396, 0.634929, -0.453991, -0.313553
0.481678, 0.978121, -0.469213, -0.019135
0.482375, 0.285277, 0.429559, 0.249010
0.482378, 0.022242, 0.438666, 0.019636
0.482393, 0.187684, 0.434659, 0.164857
0.482531, 0.355554, 0.425081, 0.308701
0.482585, 0.762092, -0.462054, -0.206592
0.482668, 0.581550, -0.449947, -0.359513
0.482700, 0.251274, 0.432121, 0.219984
0.482766, 0.601585, -0.449493, -0.340829
0.482780, 0.943062, -0.467869, -0.049786
0.482934, 0.409935, 0.420652, 0.353800
0.483274, 0.057424, 0.439109, 0.050661
0.483470, 0.828398, -0.464343, -0.149582
0.483498, 0.868525, -0.465569, -0.114750
0.483536, 0.655452, -0.454029, -0.296740
0.483592, 0.547996, -0.477662, -0.418733
0.484186, 0.069708, 0.439341, 0.061428
0.484741, 0.000000, 0.440838, 0.000000
0.485126, 0.176015, 0.437585, 0.154629
0.485341, 0.690952, -0.455314, -0.267185
0.485394, 0.794612, -0.461100, -0.178744
0.485407, 0.840776, -0.463115, -0.138922
0.485509, 0.441954, 0.419193, 0.379318
0.485642, 0.624566, -0.449684, -0.322546
0.485644, 0.388641, 0.424759, 0.335929
0.485653, 0.453713, 0.420133, 0.390896
0.485790, 0.466435, 0.416376, 0.398662
0.485809, 0.083289, 0.440601, 0.073359
0.485892, 0.854268, -0.463125, -0.127220
0.485925, 0.739463, -0.457780, -0.226019
0.486056, 0.034656, 0.441389, 0.030538
0.486341, 0.479318, 0.416291, 0.409870
0.486516, 0.678463, -0.453229, -0.277667
0.486525, 0.319941, 0.430897, 0.278278
0.486657, 0.366694, 0.427530, 0.317637
0.486794, 0.725312, -0.456394, -0.238209
0.486937, 0.569391, -0.437983, -0.362534
0.487010, 0.704830, -0.454754, -0.255522
0.487105, 0.263338, 0.435079, 0.230058
0.487656, 0.773048, -0.458341, -0.197464
0.487794, 0.989774, -0.464037, -0.008962
0.487800, 0.230691, 0.437190, 0.201841
0.488186, 0.491118, 0.436618, 0.439305
0.488195, 0.095534, 0.442457, 0.084081
0.488336, 0.643805, -0.449062, -0.306804
0.488447, 0.420379, 0.424176, 0.361858
0.488558, 0.163054, 0.440961, 0.143186
0.488659, 0.297980, 0.434167, 0.259506
0.488741, 0.208221, 0.439070, 0.182379
0.488861, 0.807059, -0.458952, -0.168252
0.488862, 0.535655, -0.405127, -0.362375
0.488886, 0.966407, -0.463156, -0.029441
0.488960, 0.915425, -0.462372, -0.074057
0.489074, 0.929075, -0.462262, -0.062096
0.489118, 0.503163, 0.190155, 0.202781
0.489417, 0.343293, 0.431700, 0.297824
0.489450, 0.109316, 0.443334, 0.096174
0.489479, 0.134833, 0.442448, 0.118454
0.489824, 0.308946, 0.434506, 0.268794
0.489997, 0.901713, -0.461117, -0.086048
0.489999, 0.121710, 0.443467, 0.107010
0.490323, 0.592317, -0.443276, -0.349949
0.490477, 0.219656, 0.440216, 0.192263
0.490495, 0.048096, 0.445242, 0.042345
0.490533, 0.751316, -0.454843, -0.216279
0.490566, 0.514683, -0.458011, -0.436314
0.490767, 0.243211, 0.439206, 0.212537
0.490918, 0.275460, 0.437579, 0.240216
0.490937, 0.888357, -0.460003, -0.097728
0.490954, 0.400078, 0.428124, 0.344923
0.491286, 0.666364, -0.448523, -0.288266
0.491369, 0.012179, 0.446131, 0.010723
0.491456, 0.149346, 0.443661, 0.131067
0.491517, 0.714743, -0.451621, -0.247413
0.491553, 0.558017, -0.447178, -0.386384
0.492149, 0.196554, 0.442595, 0.172163
0.492275, 0.819855, -0.456445, -0.157282
0.492313, 0.784566, -0.455056, -0.187816
0.492328, 0.953511, -0.459838, -0.040757
0.492471, 0.606744, -0.442090, -0.337562
0.492586, 0.329795, 0.435260, 0.286171
0.492689, 0.378423, 0.431527, 0.326892
0.492753, 0.432778, 0.426479, 0.371586
0.492931, 0.875581, -0.457824, -0.108892
0.493025, 0.525755, -0.448366, -0.418401
0.493680, 0.287755, 0.438957, 0.250439
0.494200, 0.979645, -0.458553, -0.017862
0.494325, 0.074626, 0.447946, 0.065597
0.494392, 0.861802, -0.456179, -0.120942
0.494395, 0.355427, 0.434927, 0.307637
0.494592, 0.618416, -0.441829, -0.328460
0.494641, 0.579175, -0.436679, -0.359305
0.494808, 0.024825, 0.449219, 0.021847
0.495068, 0.184645, 0.445739, 0.161760
0.495079, 1.000000, -0.457847, 0.000000
0.495135, 0.545358, -0.422339, -0.376400
0.495223, 0.941603, -0.457516, -0.051253
0.495487, 0.061859, 0.449406, 0.054397
0.495529, 0.698023, -0.447162, -0.261848
0.495552, 0.762951, -0.451173, -0.206548
0.495676, 0.632011, -0.442102, -0.317273
0.495743, 0.847133, -0.454508, -0.133745
0.495796, 0.654576, -0.443721, -0.298401
0.495827, 0.833053, -0.454120, -0.146036
0.495842, 0.732487, -0.449116, -0.232591
0.495846, 0.255196, 0.443043, 0.222643
0.495950, 0.458558, 0.432142, 0.397927
0.496280, 0.472253, 0.424415, 0.402438
0.496345, 0.410604, 0.431538, 0.353060
0.496764, 0.172509, 0.447585, 0.151121
0.497121, 0.686018, -0.445036, -0.272127
0.497128, 0.445662, 0.424863, 0.377773
0.497239, 0.796818, -0.451263, -0.177404
0.497473, 0.037840, 0.451078, 0.033248
0.497623, 0.000000, 0.451236, 0.000000
0.498249, 0.101210, 0.450884, 0.088843
0.498278, 0.367460, 0.437018, 0.317267
0.498318, 0.086514, 0.451140, 0.075943
0.498371, 0.390247, 0.435142, 0.336161
0.498519, 0.233688, 0.446314, 0.203966
0.498776, 0.317800, 0.441456, 0.275703
0.498852, 0.483702, 0.433007, 0.419200
0.499183, 0.140325, 0.450590, 0.122970
0.499805, 0.496440, -0.215738, -0.218740
0.499839, 0.568415, -0.434712, -0.371967
0.499842, 0.742799, -0.446325, -0.223997
0.499871, 0.267235, 0.445667, 0.232675
0.499923, 0.207920, 0.448632, 0.181640
0.499933, 0.674645, -0.441981, -0.281976
0.499939, 0.642728, -0.439377, -0.308651
0.499996, 0.158717, 0.450587, 0.138936
0.500128, 0.920132, -0.452857, -0.070127
0.500417, 0.774807, -0.447658, -0.196594
0.500497, 0.907930, -0.452313, -0.080830
0.500557, 0.422595, 0.433813, 0.362476
0.500630, 0.809057, -0.449074, -0.167023
0.500663, 0.127568, 0.452336, 0.111828
0.500673, 0.970961, -0.452833, -0.025511
0.500688, 0.721965, -0.444376, -0.241848
0.500773, 0.931601, -0.452241, -0.060052
0.500946, 0.336747, 0.441703, 0.291391
0.501140, 0.304859, 0.444246, 0.264552
0.501502, 0.508256, -0.440205, -0.433969
0.501575, 0.114715, 0.453409, 0.100578
0.501597, 0.895228, -0.451061, -0.091971
0.501646, 0.222268, 0.449356, 0.193909
0.501687, 0.599484, -0.434344, -0.344800
0.501696, 0.587491, -0.432528, -0.353999
0.501822, 0.708206, -0.442524, -0.253606
0.501858, 0.051186, 0.454924, 0.044938
0.501870, 0.989802, -0.451937, -0.008965
0.502555, 0.960297, -0.451193, -0.034898
0.502707, 0.533283, -0.435144, -0.407163
0.502815, 0.346894, 0.442478, 0.299750
0.502816, 0.882756, -0.449613, -0.102892
0.502887, 0.280439, 0.447358, 0.243736
0.503081, 0.555985, -0.425975, -0.377555
0.503107, 0.294203, 0.446617, 0.255400
0.503205, 0.519997, -0.420388, -0.405057
0.503354, 0.246069, 0.449766, 0.214353
0.503794, 0.194381, 0.452706, 0.169826
0.503842, 0.869453, -0.448402, -0.114554
0.503854, 0.821036, -0.446653, -0.156707
0.503898, 0.008336, 0.456695, 0.007318
0.504049, 0.753928, -0.443479, -0.214732
0.504239, 0.400703, 0.438954, 0.344201
0.504378, 0.662995, -0.437271, -0.292025
0.504471, 0.380067, 0.441091, 0.327233
0.504488, 0.434046, 0.437291, 0.372861
0.504721, 0.073235, 0.457099, 0.064242
0.504722, 0.611890, -0.432708, -0.334603
0.504892, 0.786867, -0.444494, -0.186418
0.504926, 0.855750, -0.447031, -0.126547
0.505263, 0.018424, 0.458132, 0.016169
0.505482, 0.466319, 0.454505, 0.418659
0.505763, 0.949140, -0.448315, -0.044734
0.505947, 0.624911, -0.433053, -0.324075
0.506171, 0.544165, -0.425809, -0.391054
0.506209, 0.326190, 0.447030, 0.282222
0.506361, 0.149441, 0.456463, 0.130694
0.506446, 0.842462, -0.445275, -0.138184
0.506880, 0.695703, -0.437492, -0.264578
0.506924, 0.167865, 0.456256, 0.146670
0.507194, 0.181392, 0.456053, 0.158412
0.507308, 0.358206, 0.445370, 0.308881
0.507456, 0.454318, 0.415727, 0.367159
0.507474, 0.029869, 0.459873, 0.026191
0.507576, 0.093199, 0.458984, 0.081627
0.508096, 0.831577, -0.443410, -0.147699
0.508517, 0.413499, 0.441145, 0.354208
0.508519, 0.650799, -0.432891, -0.302578
0.508633, 0.765499, -0.440188, -0.205008
0.508706, 0.732029, -0.438238, -0.233735
0.508766, 0.061865, 0.460656, 0.054211
0.508769, 0.258644, 0.453625, 0.224809
0.508902, 0.980252, -0.445825, -0.017385
0.508908, 0.577489, -0.426830, -0.364043
0.509101, 1.000000, -0.445876, 0.000000
0.509194, 0.041257, 0.461004, 0.036140
0.509316, 0.799185, -0.441142, -0.175894
0.509529, 0.683708, -0.434571, -0.274989
0.509567, 0.233953, 0.455610, 0.203615
0.509664, 0.489475, 0.108928, 0.090788
0.509722, 0.214390, 0.456632, 0.186765
0.509727, 0.443765, 0.445115, 0.384781
0.509754, 0.369567, 0.446295, 0.318021
0.509911, 0.637130, -0.430896, -0.314294
0.509919, 0.476495, 0.556212, 0.525468
0.509940, 0.104385, 0.460621, 0.091324
0.510009, 0.938672, -0.444479, -0.053975
0.510311, 0.312856, 0.451313, 0.270649
0.510590, 0.136886, 0.460526, 0.119660
0.510735, 0.717260, -0.435754, -0.246535
0.511097, 0.272679, 0.454741, 0.236629
0.511561, 0.564286, -0.421750, -0.373474
0.511844, 0.390125, 0.446080, 0.334766
0.511880, 0.914340, -0.442635, -0.075413
0.511987, 0.082775, 0.462844, 0.072422
0.512252, 0.124768, 0.462324, 0.109079
0.512274, 0.926347, -0.442420, -0.064855
0.512275, 0.501710, -0.434452, -0.444142
0.512282, 0.901976, -0.442079, -0.086291
0.512386, 0.591066, -0.424411, -0.352374
0.512424, 0.202993, 0.459508, 0.176842
0.512644, 0.744061, -0.435663, -0.223667
0.512706, 0.000000, 0.464589, 0.000000
0.512816, 0.811407, -0.438788, -0.165476
0.512970, 0.672209, -0.430771, -0.284891
0.513157, 0.777369, -0.436959, -0.194992
0.513172, 0.287303, 0.455674, 0.248975
0.513329, 0.968898, -0.441994, -0.027409
0.513413, 0.425085, 0.443498, 0.362698
0.513502, 0.526242, -0.414136, -0.402486
0.513518, 0.337123, 0.452314, 0.290858
0.513696, 0.889325, -0.440477, -0.097403
0.513872, 0.513529, -0.417050, -0.417358
0.513930, 0.876776, -0.440002, -0.108423
0.513963, 0.603080, -0.424534, -0.342891
0.514525, 0.300703, 0.455698, 0.260121
0.514543, 0.863374, -0.439070, -0.120176
0.514613, 0.705318, -0.431661, -0.256924
0.514741, 0.245323, 0.459263, 0.213032
0.514756, 0.114587, 0.464630, 0.100132
0.514976, 0.349376, 0.452192, 0.300751
0.515031, 0.157954, 0.463454, 0.137770
0.515071, 0.050601, 0.466163, 0.044274
0.515355, 0.551588, -0.418738, -0.385581
0.515491, 0.404053, 0.447679, 0.345773
0.515637, 0.224231, 0.461178, 0.194943
0.516015, 0.849476, -0.437358, -0.132379
0.516022, 0.538480, -0.416560, -0.396006
0.516098, 0.957308, -0.439508, -0.037644
0.516108, 0.615560, -0.423713, -0.332614
0.516246, 0.191849, 0.463301, 0.167085
0.516327, 0.463011, 0.368315, 0.319723
0.516349, 0.989773, -0.439545, -0.009022
0.516918, 0.660439, -0.426668, -0.295143
0.516950, 0.756019, -0.432679, -0.213622
0.516955, 0.010660, 0.468113, 0.009328
0.516999, 0.171244, 0.464665, 0.149217
0.517022, 0.823343, -0.435495, -0.155193
0.517147, 0.377973, 0.451697, 0.324350
0.517255, 0.323741, 0.456237, 0.279253
0.517438, 0.789336, -0.433940, -0.184849
0.517596, 0.072030, 0.468153, 0.062990
0.517851, 0.023512, 0.468817, 0.020569
0.518191, 0.436104, 0.443569, 0.368517
0.518469, 0.627039, -0.422758, -0.323280
0.518814, 0.692827, -0.427399, -0.267882
0.518869, 0.725302, -0.429328, -0.240119
0.518941, 0.145713, 0.467343, 0.127066
0.519416, 0.836533, -0.433926, -0.143777
0.519567, 0.363585, 0.455015, 0.312319
0.519768, 0.093936, 0.469515, 0.082044
0.519837, 0.946040, -0.436219, -0.047617
0.519915, 0.648124, -0.423437, -0.305866
0.519942, 0.181801, 0.466799, 0.158242
0.520063, 0.254996, 0.463309, 0.221038
0.520097, 0.036372, 0.470501, 0.031784
0.520180, 0.483631, -0.357764, -0.390681
0.520222, 0.450054, 0.475157, 0.410946
0.520413, 0.571443, -0.415847, -0.369107
0.520502, 0.266774, 0.463033, 0.231052
0.520971, 0.583354, -0.416980, -0.359836
0.521409, 0.415381, 0.451284, 0.354334
0.521442, 0.768009, -0.429434, -0.203477
0.521600, 0.801311, -0.430796, -0.174577
0.521632, 0.211970, 0.466884, 0.184146
0.521910, 0.060875, 0.471890, 0.053167
0.521990, 0.494621, -0.421206, -0.446167
0.522080, 0.735874, -0.427251, -0.231249
0.522125, 0.279489, 0.463504, 0.241694
0.522269, 0.395549, 0.454164, 0.338298
0.522288, 0.132354, 0.470604, 0.115380
0.522293, 0.235263, 0.466310, 0.204086
0.522297, 0.681104, -0.423571, -0.278010
0.522386, 0.312599, 0.461383, 0.269568
0.522387, 0.637871, -0.420292, -0.314471
0.522480, 0.105120, 0.471219, 0.091666
0.522597, 0.978505, -0.434228, -0.018992
0.522690, 0.472987, 0.244184, 0.199322
0.522698, 0.934255, -0.433681, -0.058054
0.523087, 1.000000, -0.433887, 0.000000
0.523438, 0.909159, -0.432615, -0.080188
0.523587, 0.714287, -0.424612, -0.249799
0.523593, 0.921563, -0.432706, -0.069257
0.523650, 0.558870, -0.412462, -0.380218
0.523934, 0.896540, -0.431943, -0.091312
0.524492, 0.595470, -0.415007, -0.349985
0.524747, 0.871615, -0.430589, -0.113239
0.524904, 0.531215, -0.407814, -0.402038
0.524937, 0.507074, -0.405767, -0.422104
0.525021, 0.519136, -0.407708, -0.413091
0.525065, 0.858216, -0.429821, -0.124986
0.525077, 0.083132, 0.474060, 0.072505
0.525107, 0.813105, -0.428392, -0.164491
0.525144, 0.291894, 0.465309, 0.252024
0.525352, 0.353899, 0.460405, 0.303656
0.525399, 0.331623, 0.462364, 0.285209
0.525518, 0.384868, 0.457756, 0.329107
0.525550, 0.200324, 0.470733, 0.173955
0.525572, 0.883481, -0.430167, -0.102823
0.525659, 0.119483, 0.473927, 0.104138
0.525719, 0.966648, -0.431412, -0.029483
0.525767, 0.669257, -0.419880, -0.288322
0.525788, 0.747375, -0.424613, -0.221481
0.525897, 0.780005, -0.426220, -0.193296
0.525948, 0.342045, 0.462159, 0.293941
0.526030, 0.607438, -0.414923, -0.340308
0.526218, 0.048265, 0.475606, 0.042110
0.526448, 0.164517, 0.472864, 0.143030
0.526586, 0.426138, 0.454431, 0.362592
0.526688, 0.545516, -0.408428, -0.391187
0.526850, 0.000000, 0.476322, 0.000000
0.527080, 0.701929, -0.421028, -0.260659
0.527334, 0.302411, 0.466283, 0.260679
0.527538, 0.014356, 0.477003, 0.012530
0.527606, 0.222894, 0.471280, 0.193176
0.527683, 0.460789, 0.574618, 0.513345
0.528193, 0.846470, -0.426754, -0.135376
0.528321, 0.372218, 0.461386, 0.318663
0.528413, 0.245993, 0.470649, 0.212819
0.528527, 0.154071, 0.475112, 0.133963
0.528615, 0.619543, -0.413700, -0.330360
0.528716, 0.825309, -0.425657, -0.153930
0.528790, 0.406157, 0.458806, 0.346701
0.528845, 0.439205, 0.447350, 0.365455
0.529101, 0.656591, -0.416437, -0.299452
0.529486, 0.953865, -0.428052, -0.040814
0.529957, 0.759126, -0.421743, -0.211581
0.529995, 0.988450, -0.427891, -0.010222
0.530088, 0.071465, 0.478846, 0.062301
0.530135, 0.188756, 0.475133, 0.163813
0.530139, 0.026343, 0.479154, 0.022966
0.530160, 0.791923, -0.423200, -0.183161
0.530209, 0.175617, 0.475758, 0.152500
0.530839, 0.141916, 0.477512, 0.123389
0.530952, 0.259816, 0.472187, 0.224510
0.531031, 0.321973, 0.467816, 0.276751
0.531386, 0.725169, -0.418658, -0.240924
0.531514, 0.690541, -0.416447, -0.270600
0.531893, 0.577312, -0.407202, -0.365593
0.531902, 0.631341, -0.411907, -0.320744
0.531953, 0.484147, -0.340706, -0.384590
0.532010, 0.835423, -0.423110, -0.145174
0.532268, 0.107877, 0.479504, 0.093835
0.532275, 0.272704, 0.472531, 0.235354
0.532503, 0.037251, 0.480987, 0.032447
0.532530, 0.566741, -0.405826, -0.374491
0.532594, 0.094646, 0.480392, 0.082391
0.532602, 0.449311, 0.446669, 0.370720
0.532744, 0.497693, -0.402123, -0.434181
0.533202, 0.942413, -0.424771, -0.050986
0.533467, 0.644457, -0.411515, -0.309765
0.533580, 0.361055, 0.466602, 0.308883
0.533622, 0.211675, 0.477055, 0.183333
0.533908, 0.059187, 0.482059, 0.051530
0.534045, 0.232850, 0.476209, 0.201355
0.534095, 0.587743, -0.406425, -0.357264
0.534130, 0.129272, 0.480753, 0.112367
0.534215, 0.804150, -0.420119, -0.172617
0.534271, 0.737495, -0.417114, -0.230589
0.534313, 0.471240, -0.645161, -0.701845
0.534318, 0.394418, 0.463265, 0.335350
0.534330, 0.929520, -0.423689, -0.062411
0.534369, 0.770936, -0.418548, -0.201555
0.534486, 0.284876, 0.473299, 0.245357
0.534556, 0.865884, -0.421826, -0.118502
0.534600, 0.536381, -0.400787, -0.399158
0.534778, 0.903852, -0.422754, -0.085087
0.534807, 0.916570, -0.422989, -0.073857
0.534851, 0.679010, -0.412860, -0.280632
0.534946, 0.711347, -0.414892, -0.253044
0.535090, 0.416835, 0.465298, 0.357263
0.535108, 0.890874, -0.422193, -0.096546
0.535294, 0.554609, -0.402337, -0.384644
0.535969, 0.310849, 0.472878, 0.267149
0.536082, 0.975995, -0.422790, -0.021283
0.536321, 1.000000, -0.422693, 0.000000
0.536325, 0.524191, -0.398596, -0.409703
0.536445, 0.347574, 0.470268, 0.297616
0.536717, 0.009056, 0.484823, 0.007889
0.536779, 0.512182, -0.396263, -0.418772
0.536866, 0.599471, -0.405156, -0.347772
0.536956, 0.962832, -0.421570, -0.032935
0.537174, 0.382005, 0.468035, 0.326227
0.537229, 0.816615, -0.418113, -0.161880
0.537478, 0.431397, 0.462608, 0.365671
0.537498, 0.082399, 0.484673, 0.071642
0.537683, 0.666632, -0.409892, -0.291522
0.537776, 0.877311, -0.419582, -0.108571
0.537814, 0.334319, 0.472477, 0.286507
0.537832, 0.200724, 0.481045, 0.173729
0.537846, 0.854655, -0.418659, -0.128470
0.538226, 0.610869, -0.405070, -0.338456
0.538430, 0.749930, -0.414027, -0.219953
0.538544, 0.047067, 0.485980, 0.040926
0.538706, 0.117251, 0.484931, 0.101833
0.538848, 0.782510, -0.415253, -0.191695
0.538892, 0.297952, 0.476410, 0.256207
0.538918, 0.164900, 0.483567, 0.142939
0.539510, 0.457980, 0.461121, 0.387301
0.539860, 0.252654, 0.479808, 0.217795
0.540213, 0.242015, 0.480775, 0.208777
0.540304, 0.152097, 0.485148, 0.131851
0.540324, 0.700105, -0.409625, -0.262994
0.540578, 0.178323, 0.484417, 0.154414
0.540606, 0.221930, 0.482318, 0.191710
0.540816, 0.020521, 0.488299, 0.017844
0.540933, 0.404761, 0.463923, 0.339447
0.541082, 0.370349, 0.471714, 0.315674
0.541183, 0.622708, -0.403528, -0.328751
0.541230, 0.842577, -0.415481, -0.139218
0.541309, 0.545053, -0.396275, -0.392847
0.541440, 0.655048, -0.405711, -0.301474
0.541752, 0.190232, 0.484873, 0.164581
0.541937, 0.000000, 0.489352, 0.000000
0.542152, 0.069989, 0.489097, 0.060822
0.542248, 0.265527, 0.481248, 0.228637
0.542359, 0.719438, -0.408946, -0.246447
0.542429, 0.139326, 0.487369, 0.120777
0.542606, 0.828843, -0.413810, -0.151313
0.542609, 0.443068, 0.430656, 0.339637
0.542647, 0.794644, -0.412657, -0.181330
0.542652, 0.988443, -0.417045, -0.010264
0.542765, 0.502675, -0.391947, -0.428615
0.542826, 0.103600, 0.488732, 0.089903
0.542829, 0.762002, -0.410902, -0.209719
0.542859, 0.490326, -0.378720, -0.426798
0.542931, 0.321705, 0.477731, 0.275635
0.543444, 0.565216, -0.396626, -0.376683
0.543557, 0.032694, 0.490582, 0.028403
0.543585, 0.951090, -0.416005, -0.043422
0.543615, 0.634952, -0.402486, -0.318676
0.543759, 0.576938, -0.397337, -0.366940
0.544125, 0.478580, -0.437863, -0.497576
0.544198, 0.688879, -0.405585, -0.272807
0.544524, 0.730137, -0.407726, -0.237353
0.544807, 0.422975, 0.474157, 0.362856
0.544821, 0.937479, -0.414817, -0.055514
0.544840, 0.357297, 0.476277, 0.304896
0.545268, 0.276492, 0.483209, 0.237741
0.545619, 0.924150, -0.413867, -0.067335
0.545717, 0.392096, 0.476159, 0.335800
0.545770, 0.288517, 0.482408, 0.247633
0.545774, 0.589824, -0.397023, -0.356632
0.545780, 0.092029, 0.491502, 0.079826
0.545824, 0.898290, -0.413107, -0.090224
0.545868, 0.885474, -0.412694, -0.101536
0.545937, 0.911096, -0.413305, -0.078900
0.545968, 0.866145, -0.411952, -0.118569
0.545974, 0.057742, 0.492288, 0.050111
0.546004, 0.466752, -0.393413, -0.465996
0.546309, 0.126530, 0.491095, 0.109636
0.546392, 0.210387, 0.487830, 0.181598
0.546431, 0.532804, -0.391131, -0.403608
0.546547, 0.675768, -0.403000, -0.284325
0.546590, 0.806799, -0.409671, -0.170812
0.546677, 0.644800, -0.400471, -0.310456
0.546746, 0.741286, -0.406634, -0.227947
0.546986, 0.965224, -0.412864, -0.030882
0.547380, 0.344465, 0.479403, 0.294052
0.547425, 0.308248, 0.482548, 0.264111
0.547526, 0.232528, 0.487577, 0.200370
0.547631, 0.773275, -0.407328, -0.200141
0.548013, 0.520917, -0.388453, -0.413260
0.548585, 0.709194, -0.403138, -0.255674
0.548670, 0.554838, -0.391286, -0.385636
0.548740, 0.977741, -0.411950, -0.019798
0.549060, 0.044618, 0.494839, 0.038687
0.549070, 0.412693, 0.460301, 0.335712
0.549083, 0.818010, -0.407934, -0.161074
0.549240, 0.602372, -0.395152, -0.346424
0.549299, 0.852390, -0.408866, -0.130839
0.549391, 0.380035, 0.476767, 0.322039
0.549537, 1.000000, -0.411328, 0.000000
0.549549, 0.452661, 0.056568, -0.030253
0.549958, 0.010384, 0.496200, 0.009014
0.550145, 0.614070, -0.395352, -0.336712
0.550172, 0.080187, 0.495522, 0.069497
0.550200, 0.332565, 0.482741, 0.284004
0.550403, 0.256737, 0.488334, 0.220605
0.550424, 0.663765, -0.398773, -0.294717
0.550491, 0.113337, 0.494940, 0.098125
0.550646, 0.433546, 0.492097, 0.385133
0.550686, 0.172378, 0.493096, 0.148877
0.550747, 0.160166, 0.493634, 0.138405
0.551162, 0.510191, -0.385303, -0.422788
0.551176, 0.199047, 0.492207, 0.171636
0.551305, 0.753691, -0.403189, -0.217323
0.551350, 0.785860, -0.404667, -0.189312
0.551852, 0.838110, -0.406281, -0.143517
0.552006, 0.185318, 0.493841, 0.159957
0.552050, 0.244356, 0.490591, 0.210103
0.552297, 0.147918, 0.495371, 0.127833
0.552595, 0.367455, 0.481669, 0.312547
0.552927, 0.876346, -0.406527, -0.109817
0.552938, 0.627661, -0.394020, -0.325458
0.553167, 0.221832, 0.492789, 0.190950
0.553331, 0.021707, 0.498921, 0.018812
0.553490, 0.542768, -0.386323, -0.396145
0.553553, 0.296487, 0.488315, 0.253762
0.553641, 0.401360, 0.489483, 0.350407
0.553825, 0.497487, -0.379388, -0.430930
0.553992, 0.698805, -0.397936, -0.264932
0.554140, 0.135704, 0.497346, 0.117283
0.554405, 0.320523, 0.487242, 0.273724
0.554567, 0.485508, -0.388093, -0.451216
0.554576, 0.068189, 0.499594, 0.059057
0.554646, 0.720873, -0.398570, -0.245910
0.554808, 0.567356, -0.387483, -0.375980
0.554819, 0.580851, -0.388699, -0.364826
0.555012, 0.684805, -0.396334, -0.277093
0.555050, 0.798795, -0.402154, -0.178201
0.555193, 0.652398, -0.393810, -0.304598
0.555350, 0.101648, 0.499421, 0.087928
0.555433, 0.267865, 0.491896, 0.229693
0.555590, 0.943224, -0.405619, -0.050547
0.555936, 0.955485, -0.405484, -0.039644
0.555943, 0.000000, 0.501392, 0.000000
0.555965, 0.032981, 0.501019, 0.028554
0.556028, 0.990030, -0.405401, -0.008880
0.556251, 0.890637, -0.403828, -0.097198
0.556278, 0.826213, -0.401983, -0.154104
0.556363, 0.282368, 0.491978, 0.241902
0.556422, 0.930405, -0.404703, -0.061953
0.556426, 0.354878, 0.485835, 0.301783
0.556605, 0.473561, -0.367627, -0.443595
0.556681, 0.862046, -0.402686, -0.122503
0.556704, 0.763718, -0.399100, -0.208882
0.556755, 0.461972, -0.317145, -0.403546
0.556759, 0.443194, 0.349072, 0.246657
0.556783, 0.904117, -0.403848, -0.085299
0.556858, 0.917385, -0.404024, -0.073518
0.557327, 0.732290, -0.396889, -0.236167
0.557352, 0.422644, 0.412197, 0.289307
0.557526, 0.056368, 0.502027, 0.048768
0.557667, 0.593384, -0.387441, -0.354671
0.557933, 0.389587, 0.479991, 0.326215
0.557964, 0.744753, -0.397167, -0.225489
0.557966, 0.122639, 0.500954, 0.105929
0.558040, 0.639258, -0.390642, -0.316076
0.558395, 0.530100, -0.381072, -0.406989
0.558575, 0.212111, 0.497883, 0.182437
0.558583, 0.968075, -0.402965, -0.028433
0.558692, 0.089893, 0.502409, 0.077701
0.559107, 0.672872, -0.392037, -0.287530
0.559114, 0.309509, 0.491932, 0.264190
0.559117, 0.343027, 0.489046, 0.291805
0.559731, 0.811994, -0.398555, -0.166755
0.559776, 0.776312, -0.397082, -0.198053
0.559828, 0.847699, -0.399666, -0.135301
0.559895, 0.232338, 0.497796, 0.199473
0.559979, 0.555118, -0.382071, -0.386528
0.560080, 0.044645, 0.504158, 0.038595
0.560469, 0.617833, -0.386910, -0.334276
0.560831, 0.517883, -0.377959, -0.417281
0.561007, 0.254356, 0.497399, 0.217977
0.561037, 0.980246, -0.401119, -0.017613
0.561113, 0.710967, -0.392598, -0.254886
0.561208, 0.377380, 0.487840, 0.319992
0.561801, 0.411232, 0.544367, 0.407013
0.561992, 0.606040, -0.384858, -0.344429
0.562145, 0.167110, 0.502922, 0.143904
0.562413, 0.191308, 0.502146, 0.164558
0.562493, 0.179063, 0.502763, 0.154113
0.562572, 0.331299, 0.492965, 0.281902
0.562754, 0.202377, 0.501809, 0.173936
0.562802, 0.077456, 0.506324, 0.066913
0.562919, 0.155189, 0.504050, 0.133687
0.563127, 0.505227, -0.374109, -0.427099
0.563311, 0.012011, 0.507353, 0.010385
0.563374, 0.789081, -0.394476, -0.187003
0.563415, 0.453172, -0.453027, -0.554076
0.563485, 0.692686, -0.389455, -0.270742
0.563512, 0.661393, -0.387427, -0.297532
0.563658, 1.000000, -0.398928, 0.000000
0.563851, 0.111771, 0.506280, 0.096427
0.563935, 0.242135, 0.500624, 0.207527
0.563957, 0.432663, 0.178995, 0.060700
0.564028, 0.871196, -0.396630, -0.114612
0.564246, 0.365235, 0.491229, 0.309554
0.564420, 0.835652, -0.395292, -0.146067
0.564513, 0.543322, -0.377338, -0.396755
0.564598, 0.143342, 0.505931, 0.123497
0.564606, 0.299456, 0.497252, 0.255431
0.564759, 0.573890, -0.379768, -0.371396
0.564935, 0.273647, 0.499302, 0.233872
0.565190, 0.883342, -0.396122, -0.103918
0.565241, 0.492216, -0.372952, -0.439763
0.565514, 0.131655, 0.506964, 0.113432
0.565675, 0.628789, -0.383387, -0.325444
0.565966, 0.753431, -0.390661, -0.218291
0.566032, 0.024361, 0.509611, 0.021040
0.566072, 0.399644, 0.471436, 0.319381
0.566146, 0.479757, -0.365987, -0.445000
0.566379, 0.288227, 0.499578, 0.245969
0.566708, 0.222890, 0.504151, 0.191159
0.566848, 0.801192, -0.392098, -0.176566
0.566921, 0.320005, 0.497422, 0.272216
0.567029, 0.649028, -0.383813, -0.308467
0.567086, 0.896896, -0.394738, -0.091906
0.567131, 0.723805, -0.388219, -0.244149
0.567210, 0.856997, -0.393522, -0.127286
0.567362, 0.064944, 0.510103, 0.056023
0.567445, 0.584716, -0.378445, -0.362601
0.567480, 0.948031, -0.395298, -0.046388
0.567664, 0.739354, -0.388457, -0.230607
0.567684, 0.935831, -0.395063, -0.057281
0.567691, 0.910275, -0.394561, -0.080038
0.567816, 0.822881, -0.392143, -0.157524
0.567916, 0.100486, 0.510080, 0.086634
0.567918, 0.681630, -0.385094, -0.280575
0.568023, 0.923324, -0.394503, -0.068420
0.568290, 0.466103, -0.375289, -0.468735
0.568349, 0.563414, -0.375924, -0.380450
0.568378, 0.766778, -0.389254, -0.206773
0.568419, 0.037085, 0.511460, 0.031999
0.568476, 0.261620, 0.503070, 0.223579
0.568483, 0.960402, -0.394534, -0.035361
0.568645, 0.353151, 0.495818, 0.299166
0.568739, 0.702536, -0.385475, -0.262511
0.568923, 0.000000, 0.511811, 0.000000
0.569256, 0.051671, 0.511987, 0.044565
0.569548, 0.596139, -0.377629, -0.353226
0.569693, 0.533710, -0.371981, -0.404927
0.569768, 0.387462, 0.494494, 0.328159
0.569878, 0.421308, 0.799237, 0.664684
0.570026, 0.442840, -0.313158, -0.428353
0.570383, 0.973559, -0.392891, -0.023622
0.570649, 0.988251, -0.392809, -0.010495
0.570795, 0.088396, 0.512587, 0.076146
0.571003, 0.341720, 0.498729, 0.289582
0.571283, 0.522900, -0.369813, -0.414126
0.571508, 0.121850, 0.512489, 0.104881
0.571651, 0.779989, -0.387024, -0.195353
0.571664, 0.211792, 0.508887, 0.181507
0.571691, 0.616834, -0.377398, -0.335961
0.571950, 0.638121, -0.378779, -0.317996
0.572195, 0.670507, -0.380675, -0.290322
0.572337, 0.309513, 0.502821, 0.263158
0.572474, 0.845277, -0.388640, -0.137820
0.572871, 0.248165, 0.507762, 0.212087
0.572881, 0.551798, -0.371210, -0.390537
0.572992, 0.812162, -0.387168, -0.167119
0.573102, 0.375449, 0.498483, 0.318075
0.573254, 0.511415, -0.366923, -0.423535
0.573493, 0.174517, 0.512108, 0.149750
0.573678, 0.187296, 0.511772, 0.160629
0.573774, 0.161863, 0.512852, 0.138962
0.574022, 0.233903, 0.509581, 0.200025
0.574075, 0.199414, 0.511525, 0.170897
0.574143, 0.279125, 0.506521, 0.237796
0.574150, 0.713295, -0.381564, -0.253588
0.574340, 0.409859, 0.410810, 0.260390
0.574629, 0.865948, -0.387319, -0.119543
0.574832, 0.454873, -0.322728, -0.432130
0.574862, 0.077475, 0.516318, 0.066692
0.574930, 0.499122, -0.364742, -0.434129
0.574978, 0.148997, 0.514436, 0.127967
0.575317, 0.329743, 0.503401, 0.279515
0.575427, 0.732368, -0.381368, -0.237037
0.575706, 0.606767, -0.373315, -0.344793
0.575903, 0.692133, -0.378896, -0.272005
0.575910, 0.658798, -0.376872, -0.300677
0.575925, 0.363419, 0.500261, 0.306422
0.576213, 0.008589, 0.518103, 0.007401
0.576258, 0.135581, 0.515939, 0.116464
0.576266, 0.791449, -0.383446, -0.185447
0.576338, 0.877339, -0.386089, -0.109458
0.576350, 0.297379, 0.507068, 0.252808
0.576419, 0.832753, -0.384984, -0.149075
0.576682, 0.475008, -0.362906, -0.455879
0.576877, 0.431478, -0.782764, -0.915403
0.576919, 1.000000, -0.387687, 0.000000
0.576990, 0.573959, -0.369597, -0.372382
0.576998, 0.889675, -0.386077, -0.098566
0.576999, 0.018566, 0.518881, 0.015985
0.577012, 0.486815, -0.361305, -0.443807
0.577096, 0.758251, -0.381464, -0.214690
0.577201, 0.110459, 0.517405, 0.094925
0.578026, 0.397694, 0.500570, 0.336452
0.578028, 0.267766, 0.510529, 0.228068
0.578144, 0.902998, -0.385379, -0.086717
0.578232, 0.030621, 0.519840, 0.026355
0.578272, 0.745721, -0.379769, -0.225641
0.578584, 0.626289, -0.372357, -0.328535
0.578700, 0.541623, -0.365271, -0.399231
0.578996, 0.916089, -0.384879, -0.075056
0.579022, 0.067469, 0.519960, 0.058017
0.579030, 0.043418, 0.520315, 0.037348
0.579282, 0.056287, 0.520350, 0.048406
0.579298, 0.585598, -0.368607, -0.362829
0.579395, 0.221686, 0.514783, 0.189443
0.579425, 0.952774, -0.384966, -0.042268
0.579489, 0.801841, -0.381071, -0.176427
0.579516, 0.940673, -0.384844, -0.053104
0.579723, 0.772234, -0.379615, -0.202447
0.579771, 0.928755, -0.384446, -0.063755
0.579812, 0.097112, 0.519971, 0.083426
0.580131, 0.647597, -0.372490, -0.310483
0.580184, 0.319633, 0.508274, 0.270768
0.580205, 0.855368, -0.382264, -0.129114
0.580302, 0.965546, -0.384303, -0.030851
0.580411, 0.680882, -0.374343, -0.281942
0.580478, 0.561222, -0.365705, -0.383365
0.580598, 0.978638, -0.384185, -0.019131
0.580962, 0.255677, 0.513940, 0.217847
0.581246, 0.287124, 0.511821, 0.243931
0.581259, 0.821466, -0.380370, -0.159206
0.581342, 0.351374, 0.505555, 0.295892
0.581533, 0.722340, -0.375649, -0.246094
0.581614, 0.596787, -0.367491, -0.353568
0.581732, 0.385971, 0.515509, 0.336707
0.581781, 0.442565, -0.472282, -0.599543
0.581987, 0.465529, -0.343326, -0.449724
0.582169, 0.529950, -0.361588, -0.409444
0.582314, 0.702996, -0.374051, -0.263000
0.582423, 0.339162, 0.508635, 0.286907
0.582508, 0.420062, 0.186645, 0.040492
0.582806, 0.122728, 0.521801, 0.105269
0.583561, 0.208832, 0.518992, 0.178392
0.583673, 0.000000, 0.524671, 0.000000
0.583768, 0.242332, 0.517089, 0.206495
0.583788, 0.518328, -0.359064, -0.419011
0.584199, 0.990222, -0.381127, -0.008766
0.584235, 0.182671, 0.520670, 0.156186
0.584390, 0.307204, 0.512805, 0.260253
0.584412, 0.086265, 0.524051, 0.074028
0.584501, 0.169813, 0.521481, 0.145280
0.584523, 0.842846, -0.378238, -0.140376
0.584525, 0.669105, -0.370106, -0.292325
0.584775, 0.636039, -0.367777, -0.320665
0.584906, 0.505612, -0.357050, -0.429655
0.584922, 0.374248, 0.500857, 0.308767
0.585026, 0.196060, 0.520884, 0.167533
0.585139, 0.784331, -0.375488, -0.192072
0.585159, 0.157166, 0.522588, 0.134526
0.585179, 0.614819, -0.365890, -0.338661
0.586280, 0.407224, 0.513503, 0.352430
0.586316, 0.454122, -0.380262, -0.501081
0.586376, 0.144670, 0.524080, 0.123859
0.586432, 0.867668, -0.377183, -0.118338
0.586597, 0.550624, -0.359552, -0.392521
0.586753, 0.492690, -0.354250, -0.440321
0.586800, 0.734045, -0.371782, -0.236218
0.586906, 0.810351, -0.374996, -0.169202
0.587038, 0.275848, 0.517372, 0.234152
0.587185, 0.362796, 0.511479, 0.306934
0.587351, 0.230475, 0.520810, 0.196352
0.587530, 0.881413, -0.376607, -0.106136
0.587708, 0.132965, 0.525611, 0.113857
0.587806, 0.764400, -0.372390, -0.209729
0.587961, 0.478691, -0.350095, -0.450022
0.588045, 0.692010, -0.368529, -0.272838
0.588086, 0.104444, 0.526711, 0.089496
0.588094, 0.895165, -0.376602, -0.093917
0.588131, 0.712842, -0.369566, -0.254760
0.588478, 0.569523, -0.359630, -0.377016
0.588567, 0.023878, 0.528451, 0.020489
0.588567, 0.075412, 0.527952, 0.064675
0.588639, 0.657724, -0.365937, -0.302396
0.589269, 0.753438, -0.370590, -0.219383
0.589354, 0.831539, -0.373702, -0.150561
0.589456, 0.908600, -0.375717, -0.081939
0.589459, 0.295706, 0.517844, 0.250362
0.589503, 0.430888, -0.173431, -0.318095
0.589590, 0.329757, 0.514484, 0.277738
0.589717, 0.036620, 0.529441, 0.031411
0.589763, 0.011073, 0.529664, 0.009504
0.589952, 0.049724, 0.529373, 0.042634
0.590102, 0.580145, -0.359113, -0.368251
0.590261, 0.604788, -0.360785, -0.347448
0.590302, 0.263553, 0.521037, 0.223754
0.590452, 0.796899, -0.371356, -0.181195
0.590459, 0.062640, 0.529690, 0.053698
0.590489, 0.395409, 0.574292, 0.395687
0.590776, 0.921536, -0.374749, -0.070381
0.590850, 0.957833, -0.375108, -0.037842
0.591107, 1.000000, -0.375020, 0.000000
0.591264, 0.114857, 0.528986, 0.098276
0.591319, 0.853668, -0.372661, -0.130968
0.591340, 0.945391, -0.374558, -0.049008
0.591364, 0.538606, -0.354815, -0.403193
0.591522, 0.742794, -0.367996, -0.228720
0.591543, 0.317309, 0.517740, 0.267966
0.591565, 0.623754, -0.361191, -0.331600
0.591827, 0.217820, 0.525363, 0.185509
0.592052, 0.591684, -0.358320, -0.358658
0.592073, 0.970121, -0.374151, -0.026829
0.592145, 0.933986, -0.373839, -0.059254
0.592323, 0.679673, -0.364048, -0.283674
0.592520, 0.343809, 0.517392, 0.290738
0.592689, 0.646621, -0.361684, -0.312101
0.592852, 0.980928, -0.373391, -0.017123
0.592902, 0.251188, 0.523978, 0.213278
0.592947, 0.774729, -0.368328, -0.200836
0.593424, 0.443194, -0.311637, -0.448861
0.593538, 0.466229, -0.350676, -0.467046
0.593864, 0.383004, 0.491994, 0.300003
0.593866, 0.416731, -0.487938, -0.649101
0.594196, 0.093924, 0.532238, 0.080380
0.594355, 0.526723, -0.351126, -0.413086
0.594401, 0.559764, -0.353852, -0.385615
0.594416, 0.820241, -0.368941, -0.160756
0.594512, 0.190142, 0.528852, 0.162013
0.594606, 0.725277, -0.364521, -0.244199
0.594709, 0.355501, 0.512362, 0.294410
0.594769, 0.284896, 0.523026, 0.241053
0.594794, 0.513464, -0.349634, -0.424132
0.595195, 0.177011, 0.530053, 0.150900
0.595447, 0.204661, 0.529022, 0.174233
0.595653, 0.164245, 0.531004, 0.140093
0.596308, 0.500796, -0.347185, -0.434606
0.596450, 0.702230, -0.362002, -0.264538
0.596504, 0.634604, -0.357722, -0.322682
0.596643, 0.239366, 0.527902, 0.203208
0.596704, 0.151479, 0.532402, 0.129248
0.596873, 0.304743, 0.523012, 0.257111
0.597081, 0.370118, 0.522537, 0.315676
0.597086, 0.667588, -0.359346, -0.294458
0.597103, 0.125981, 0.533833, 0.107627
0.597110, 0.000000, 0.535823, 0.000000
0.597188, 0.487169, -0.344668, -0.445336
0.597226, 0.842206, -0.367162, -0.141322
0.597496, 0.455187, -0.335630, -0.465655
0.597648, 0.786853, -0.364865, -0.190406
0.597648, 0.862970, -0.367288, -0.122815
0.597798, 0.874380, -0.367578, -0.112670
0.598092, 0.888017, -0.367605, -0.100488
0.598386, 0.083331, 0.536016, 0.071249
0.598553, 0.138739, 0.534545, 0.118407
0.598795, 0.807918, -0.364740, -0.171859
0.598828, 0.989730, -0.368342, -0.009233
0.599008, 0.405475, -0.249236, -0.423067
0.599052, 0.272330, 0.527513, 0.230375
0.599214, 0.547597, -0.349059, -0.396415
0.599465, 0.901257, -0.366849, -0.088699
0.599548, 0.019332, 0.537734, 0.016537
0.599600, 0.714281, -0.359771, -0.254116
0.599641, 0.690068, -0.358354, -0.275099
0.599693, 0.762433, -0.362065, -0.212015
0.599711, 0.612263, -0.353393, -0.341863
0.600021, 0.227550, 0.531454, 0.193148
0.600108, 0.070526, 0.537699, 0.060286
0.600183, 0.474823, -0.343129, -0.457771
0.600230, 0.425037, -0.402693, -0.562459
0.600516, 0.043718, 0.538332, 0.037373
0.600586, 0.104226, 0.537332, 0.089005
0.600696, 0.030749, 0.538662, 0.026291
0.600783, 0.056941, 0.538377, 0.048666
0.600862, 0.571676, -0.349383, -0.376160
0.601229, 0.914299, -0.365618, -0.077052
0.601447, 0.336304, 0.522409, 0.280998
0.601473, 0.598697, -0.350953, -0.353502
0.601624, 0.735877, -0.359120, -0.235374
0.601676, 0.656923, -0.354634, -0.303811
0.601765, 0.749373, -0.359496, -0.223470
0.601801, 0.324906, 0.525417, 0.273309
0.602034, 0.951429, -0.365139, -0.043679
0.602055, 0.584533, -0.349509, -0.365604
0.602069, 0.830825, -0.362699, -0.151635
0.602356, 0.436707, -0.353842, -0.504997
0.602393, 0.393371, 0.394975, 0.207169
0.602428, 0.260130, 0.531161, 0.220043
0.602676, 0.963882, -0.364993, -0.032517
0.602883, 0.294454, 0.528881, 0.248260
0.602947, 0.927201, -0.364258, -0.065489
0.603089, 0.313547, 0.527253, 0.263756
0.603800, 0.623273, -0.350648, -0.332749
0.603912, 0.116592, 0.539418, 0.099375
0.604030, 0.215436, 0.535489, 0.182790
0.604182, 0.535681, -0.343780, -0.406575
0.604244, 0.676953, -0.353716, -0.286766
0.604245, 0.797322, -0.359528, -0.181404
0.604262, 0.775901, -0.358667, -0.200339
0.604416, 0.195584, 0.536715, 0.166077
0.604453, 0.852573, -0.361217, -0.132322
0.604479, 0.521093, -0.342298, -0.418703
0.604587, 0.644904, -0.351538, -0.314434
0.604594, 0.010080, 0.542083, 0.008620
0.604839, 1.000000, -0.363137, 0.000000
0.604909, 0.939999, -0.362963, -0.054039
0.604962, 0.347927, 0.531801, 0.297729
0.605017, 0.976731, -0.362808, -0.020950
0.605281, 0.381213, 0.497159, 0.292680
0.605539, 0.360201, 0.512652, 0.289247
0.605620, 0.248445, 0.534590, 0.210143
0.605711, 0.183406, 0.538444, 0.155792
0.605776, 0.558467, -0.344397, -0.387816
0.606350, 0.448365, -0.337744, -0.481986
0.606475, 0.170752, 0.539669, 0.145110
0.606501, 0.508764, -0.339505, -0.429001
0.606669, 0.818958, -0.358314, -0.162354
0.606692, 0.495297, -0.338021, -0.439976
0.606733, 0.281598, 0.532977, 0.237387
0.606972, 0.158474, 0.540590, 0.134739
0.607065, 0.462073, -0.332601, -0.465097
0.607492, 0.879663, -0.359338, -0.108207
0.607686, 0.723519, -0.353261, -0.246471
0.607742, 0.414693, -0.280215, -0.455926
0.608054, 0.145318, 0.542155, 0.123622
0.608082, 0.092415, 0.543897, 0.078767
0.608528, 0.634108, -0.347214, -0.323693
0.608852, 0.130826, 0.543459, 0.111352
0.609080, 0.205148, 0.540151, 0.173871
0.609164, 0.865023, -0.357316, -0.121288
0.609281, 0.893300, -0.357962, -0.095995
0.609313, 0.709134, -0.351097, -0.259095
0.609428, 0.483629, -0.335025, -0.450091
0.609447, 0.370397, 0.581562, 0.364319
0.609547, 0.236620, 0.538722, 0.200108
0.609737, 0.698874, -0.350171, -0.268031
0.609765, 0.078672, 0.545643, 0.067046
0.610260, 0.841405, -0.355868, -0.142456
0.610531, 0.064749, 0.546478, 0.055179
0.610645, 0.687068, -0.348670, -0.278281
0.610796, 0.786511, -0.353482, -0.191260
0.610889, 0.050722, 0.546905, 0.043223
0.610926, 0.666254, -0.347359, -0.296411
0.610959, 0.036856, 0.547078, 0.031411
0.611034, 0.304447, 0.534461, 0.255650
0.611076, 0.000000, 0.547675, 0.000000
0.611112, 0.766905, -0.352218, -0.208495
0.611151, 0.605431, -0.343268, -0.348524
0.611282, 0.906232, -0.356718, -0.084478
0.611343, 0.269373, 0.537749, 0.227014
0.611363, 0.402460, -0.402766, -0.594007
0.611384, 0.988643, -0.357602, -0.010250
0.611416, 0.428215, -0.321156, -0.488354
0.611471, 0.547108, -0.338674, -0.397720
0.611662, 0.472148, -0.331221, -0.458746
0.611723, 0.755982, -0.351246, -0.218161
0.611844, 0.105587, 0.546702, 0.089865
0.611873, 0.591844, -0.341706, -0.360109
0.611878, 0.022729, 0.548208, 0.019376
0.611939, 0.807823, -0.353212, -0.172378
0.612502, 0.567712, -0.339396, -0.380512
0.612649, 0.224965, 0.541884, 0.190192
0.612773, 0.578637, -0.339885, -0.371220
0.612889, 0.329957, 0.533814, 0.276387
0.613063, 0.527622, -0.335636, -0.413926
0.613251, 0.918998, -0.355254, -0.073038
0.613273, 0.954061, -0.355321, -0.041414
0.613314, 0.743876, -0.349450, -0.228959
0.613459, 0.652565, -0.344416, -0.308407
0.613668, 0.616617, -0.341881, -0.339168
0.613685, 0.317056, 0.535501, 0.265655
0.613842, 0.733115, -0.348325, -0.238325
0.614229, 0.290950, 0.538234, 0.244407
0.614240, 0.966076, -0.354969, -0.030624
0.614409, 0.389915, -0.083240, -0.284827
0.614429, 0.830090, -0.351969, -0.152719
0.614545, 0.341045, 0.529822, 0.280932
0.614607, 0.119009, 0.548157, 0.101084
0.615050, 0.440142, -0.323786, -0.483509
0.615084, 0.257715, 0.541643, 0.217133
0.615269, 0.931463, -0.353606, -0.061834
0.615972, 0.191697, 0.546396, 0.162205
0.616132, 0.354328, 0.557565, 0.319469
0.616233, 0.501593, -0.330781, -0.435729
0.616451, 0.852938, -0.350917, -0.132383
0.616672, 0.178506, 0.547680, 0.151139
0.616990, 0.453653, -0.326120, -0.475338
0.617044, 0.515746, -0.331430, -0.424241
0.617125, 0.677943, -0.342651, -0.286622
0.617166, 0.873180, -0.350476, -0.114168
0.617407, 0.627415, -0.339339, -0.330136
0.617567, 0.716369, -0.344291, -0.253177
0.617647, 0.010955, 0.552898, 0.009325
0.617677, 0.796825, -0.347897, -0.182392
0.617859, 0.154355, 0.549812, 0.130832
0.617938, 1.000000, -0.351890, 0.000000
0.617976, 0.776307, -0.346702, -0.200515
0.618026, 0.943794, -0.351714, -0.050793
0.618030, 0.978292, -0.351720, -0.019615
0.618031, 0.213921, 0.547161, 0.180724
0.618126, 0.641320, -0.339407, -0.318071
0.618155, 0.245989, 0.545009, 0.207254
0.618214, 0.378083, 0.734974, 0.518846
0.618253, 0.537753, -0.332119, -0.405908
0.618266, 0.140961, 0.550759, 0.119554
0.618370, 0.166328, 0.549737, 0.140867
0.618641, 0.885444, -0.349717, -0.103272
0.618911, 0.557555, -0.333239, -0.389555
0.619062, 0.420073, -0.319793, -0.501256
0.619143, 0.278840, 0.543270, 0.234144
0.619341, 0.818668, -0.347194, -0.163019
0.619360, 0.489513, -0.327166, -0.445961
0.619726, 0.364712, 0.373733, 0.141411
0.619956, 0.084568, 0.553943, 0.071830
0.620544, 0.202063, 0.549693, 0.170647
0.620662, 0.096435, 0.554159, 0.081856
0.620706, 0.071534, 0.554876, 0.060767
0.620871, 0.058295, 0.555163, 0.049525
0.620966, 0.692079, -0.339989, -0.274457
0.621095, 0.465056, -0.323652, -0.466272
0.621112, 0.409707, -0.343634, -0.536657
0.621114, 0.044870, 0.555469, 0.038119
0.621266, 0.898116, -0.347632, -0.091923
0.621313, 0.300491, 0.543029, 0.251485
0.621414, 0.659586, -0.337889, -0.302732
0.621423, 0.031778, 0.555811, 0.026997
0.621573, 0.598535, -0.333922, -0.355104
0.621740, 0.130246, 0.553925, 0.110380
0.622168, 0.477653, -0.323608, -0.455751
0.622386, 0.584236, -0.332230, -0.367282
0.622576, 0.233888, 0.549517, 0.196981
0.622645, 0.726693, -0.340361, -0.244365
0.622697, 0.704553, -0.339354, -0.263834
0.622823, 0.862785, -0.345558, -0.123722
0.623029, 0.841539, -0.344770, -0.142742
0.623092, 0.324423, 0.542495, 0.270936
0.623190, 0.763957, -0.341575, -0.211602
0.623228, 0.752048, -0.341220, -0.222234
0.623335, 0.108756, 0.556060, 0.092206
0.623422, 0.910632, -0.346268, -0.080756
0.623636, 0.397524, -0.244249, -0.449668
0.623924, 0.431367, -0.317708, -0.493419
0.624043, 0.610726, -0.332616, -0.344865
0.624207, 0.267169, 0.548356, 0.224217
0.624304, 0.569863, -0.329608, -0.379609
0.624336, 0.786264, -0.341627, -0.191986
0.624545, 0.000000, 0.558798, 0.000000
0.624565, 0.311717, 0.544712, 0.260354
0.624763, 0.989042, -0.345890, -0.009916
0.624953, 0.526459, -0.325741, -0.416038
0.624957, 0.670328, -0.335467, -0.293656
0.625008, 0.807118, -0.341861, -0.173506
0.625031, 0.347826, 0.544054, 0.291876
0.625296, 0.547469, -0.326998, -0.398380
0.625354, 0.020387, 0.559295, 0.017306
0.625436, 0.507164, -0.323559, -0.431826
0.625661, 0.222590, 0.552669, 0.187405
0.625744, 0.968221, -0.344782, -0.028752
0.625793, 0.922569, -0.344362, -0.070019
0.625998, 0.956645, -0.344399, -0.039215
0.626031, 0.444782, -0.317280, -0.482803
0.626131, 0.739072, -0.337947, -0.233687
0.626250, 0.335561, 0.541131, 0.276807
0.626443, 0.830150, -0.341456, -0.153045
0.626504, 0.288684, 0.548349, 0.241564
0.626612, 0.185462, 0.555474, 0.156452
0.626663, 0.120271, 0.558098, 0.101766
0.627087, 0.385406, -0.586967, -0.807252
0.627436, 0.648738, -0.331959, -0.312345
0.627722, 0.255661, 0.552070, 0.214519
0.627765, 0.634038, -0.330962, -0.325187
0.627805, 0.149336, 0.558269, 0.126216
0.627843, 0.934641, -0.342643, -0.059135
0.627909, 0.621943, -0.329954, -0.335442
0.628386, 0.875604, -0.340780, -0.112283
0.628831, 0.682789, -0.332842, -0.283085
0.628910, 0.495450, -0.319760, -0.441899
0.628986, 0.174057, 0.558076, 0.146837
0.629179, 0.372087, 0.004362, -0.226759
0.629689, 0.457135, -0.315613, -0.473297
0.629749, 0.715849, -0.333826, -0.254330
0.629779, 0.852102, -0.339295, -0.133527
0.629814, 0.888361, -0.340041, -0.100906
0.630089, 0.161605, 0.559478, 0.136364
0.630180, 0.243631, 0.554860, 0.204444
0.630290, 0.195796, 0.558097, 0.164896
0.630292, 0.774172, -0.335999, -0.202978
0.630532, 0.358743, 0.833676, 0.587892
0.630589, 0.946640, -0.340603, -0.048340
0.630855, 0.208893, 0.557805, 0.175746
0.631133, 0.420183, -0.313925, -0.506386
0.631146, 0.516777, -0.319601, -0.424338
0.631205, 1.000000, -0.340318, 0.000000
0.631217, 0.592034, -0.325189, -0.361197
0.631229, 0.796566, -0.336042, -0.183120
0.631384, 0.558425, -0.322729, -0.389697
0.631507, 0.077247, 0.563699, 0.065386
0.631519, 0.536763, -0.321076, -0.407997
0.631580, 0.138151, 0.561823, 0.116683
0.631624, 0.817546, -0.336445, -0.164448
0.631672, 0.052275, 0.564178, 0.044260
0.631713, 0.010308, 0.564551, 0.008737
0.631810, 0.978215, -0.339681, -0.019744
0.631845, 0.277085, 0.553657, 0.231655
0.631896, 0.089472, 0.563706, 0.075697
0.631905, 0.064585, 0.564254, 0.054674
0.632112, 0.483341, -0.316025, -0.452110
0.632122, 0.039846, 0.564466, 0.033726
0.632459, 0.577763, -0.323204, -0.373453
0.632529, 0.695478, -0.330284, -0.272210
0.632542, 0.406489, -0.290547, -0.496452
0.632573, 0.300459, 0.551862, 0.250231
0.633114, 0.470387, -0.314115, -0.462911
0.633185, 0.902050, -0.337380, -0.088641
0.633295, 0.101384, 0.564444, 0.085695
0.633397, 0.660636, -0.327616, -0.302513
0.633589, 0.322748, 0.552782, 0.270253
0.633819, 0.749529, -0.331746, -0.224840
0.633976, 0.604189, -0.323687, -0.351083
0.634191, 0.029414, 0.566450, 0.024889
0.634278, 0.434643, -0.309842, -0.492078
0.634443, 0.728288, -0.330362, -0.243652
0.634753, 0.864936, -0.335243, -0.122127
0.635150, 0.761400, -0.331096, -0.214403
0.635791, 0.393781, -0.364398, -0.584962
0.635874, 0.113612, 0.566272, 0.095918
0.635937, 0.345859, 0.433604, 0.169919
0.636046, 0.127488, 0.565601, 0.107524
0.636119, 0.219554, 0.561456, 0.184252
0.636201, 0.231795, 0.560647, 0.194311
0.636265, 0.640329, -0.323921, -0.320179
0.636313, 0.913750, -0.335073, -0.078174
0.636544, 0.840670, -0.333033, -0.143975
0.636815, 0.706496, -0.327187, -0.262847
0.636847, 0.785084, -0.330766, -0.193588
0.637105, 0.673064, -0.325211, -0.292042
0.637280, 0.265493, 0.558807, 0.221741
0.637300, 0.311507, 0.555498, 0.259689
0.637318, 0.505001, -0.313579, -0.434734
0.637396, 0.965235, -0.334576, -0.031537
0.637486, 0.828286, -0.331602, -0.155013
0.637561, 0.615889, -0.321381, -0.341327
0.637888, 0.447113, -0.308076, -0.482345
0.638107, 0.989013, -0.334256, -0.009974
0.638162, 0.926465, -0.333644, -0.066698
0.638188, 0.547326, -0.316233, -0.399621
0.638249, 0.289155, 0.557924, 0.241116
0.638268, 0.333943, 0.595233, 0.318796
0.638288, 0.380538, -0.206356, -0.440760
0.638335, 0.000000, 0.570215, 0.000000
0.638346, 0.526447, -0.314383, -0.416926
0.638389, 0.567191, -0.317426, -0.382810
0.638615, 0.806834, -0.329969, -0.174252
0.638908, 0.184843, 0.565762, 0.155337
0.638974, 0.150484, 0.567450, 0.126721
0.639534, 0.878702, -0.331244, -0.109810
0.639709, 0.739222, -0.326319, -0.234304
0.639729, 0.020387, 0.571284, 0.017231
0.639909, 0.253631, 0.561951, 0.211911
0.640059, 0.892379, -0.331091, -0.097489
0.640099, 0.171939, 0.567237, 0.144520
0.640309, 0.939425, -0.331822, -0.054971
0.640363, 0.367711, -0.574217, -0.820823
0.640475, 0.628378, -0.319673, -0.330814
0.640622, 0.585221, -0.316686, -0.367593
0.640757, 0.651367, -0.320670, -0.310891
0.640812, 0.685687, -0.322685, -0.281266
0.640869, 0.492896, -0.309612, -0.445026
0.640957, 0.198688, 0.566675, 0.166701
0.641023, 0.953578, -0.331584, -0.042166
0.641166, 0.459460, -0.306526, -0.472603
0.641740, 0.853284, -0.328936, -0.132835
0.641769, 0.413230, -0.298243, -0.506551
0.641880, 0.242320, 0.564434, 0.202530
0.642008, 0.426296, -0.302548, -0.499299
0.642161, 0.772558, -0.325582, -0.204905
0.642163, 0.718342, -0.323101, -0.252718
0.642508, 0.160609, 0.569765, 0.134981
0.642539, 0.044635, 0.573070, 0.037652
0.642787, 0.069650, 0.573174, 0.058750
0.642976, 0.355778, 0.167807, -0.089709
0.642999, 0.082354, 0.573070, 0.069440
0.643264, 0.056698, 0.573813, 0.047827
0.643597, 0.140658, 0.571675, 0.118329
0.643674, 0.278312, 0.562912, 0.231580
0.643700, 0.596506, -0.314828, -0.358220
0.643721, 0.480763, -0.306238, -0.455285
0.643842, 0.514867, -0.308937, -0.427101
0.643996, 0.210597, 0.568358, 0.176349
0.644205, 0.977051, -0.328974, -0.020871
0.644218, 0.094358, 0.573735, 0.079498
0.644235, 0.795729, -0.324726, -0.184403
0.644405, 1.000000, -0.328799, 0.000000
0.644494, 0.300355, 0.559447, 0.247069
0.644610, 0.817729, -0.325079, -0.164723
0.644834, 0.536679, -0.309736, -0.408918
0.644949, 0.401151, -0.309597, -0.531747
0.645223, 0.556731, -0.310939, -0.392188
0.645322, 0.751232, -0.321817, -0.223863
0.645362, 0.663326, -0.317362, -0.300797
0.645460, 0.470389, -0.303919, -0.463981
0.645462, 0.697110, -0.319223, -0.271524
0.645589, 0.010363, 0.576104, 0.008747
0.645605, 0.322603, 0.553975, 0.260662
0.645746, 0.106281, 0.574603, 0.089458
0.645971, 0.033608, 0.576466, 0.028345
0.645973, 0.865771, -0.325522, -0.121697
0.646470, 0.438407, -0.300124, -0.490010
0.646521, 0.903905, -0.325785, -0.087236
0.646564, 0.575255, -0.310979, -0.376489
0.646577, 0.118763, 0.574787, 0.099875
0.646945, 0.223652, 0.570012, 0.186930
0.646946, 0.607687, -0.312801, -0.348926
0.647289, 0.130311, 0.574877, 0.109501
0.647417, 0.388367, -0.273969, -0.509805
0.647548, 0.730007, -0.318962, -0.242716
0.647690, 0.640319, -0.314152, -0.320947
0.647869, 0.831358, -0.322575, -0.152583
0.647897, 0.343595, 0.916934, 0.641818
0.648073, 0.917373, -0.324940, -0.075123
0.648200, 0.762167, -0.319752, -0.214295
0.648658, 0.782591, -0.320353, -0.196284
0.648972, 0.268690, 0.567937, 0.223344
0.649006, 0.676366, -0.315024, -0.289772
0.649068, 0.502276, -0.303555, -0.437957
0.649561, 0.843531, -0.321814, -0.141851
0.649628, 0.312511, 0.571128, 0.265372
0.649717, 0.889580, -0.322517, -0.100214
0.649963, 0.965822, -0.323735, -0.031111
0.650029, 0.619280, -0.310908, -0.339225
0.650041, 0.450830, -0.298373, -0.480300
0.650050, 0.930673, -0.323316, -0.063061
0.650160, 0.708571, -0.315695, -0.261710
0.650165, 0.376029, -0.335567, -0.584888
0.650181, 0.190243, 0.574542, 0.159170
0.650378, 0.177425, 0.575310, 0.148547
0.650446, 0.877105, -0.321646, -0.111514
0.650556, 0.257962, 0.570226, 0.214635
0.650686, 0.288790, 0.569831, 0.241741
0.650762, 0.332734, 0.453347, 0.164651
0.650798, 0.234841, 0.572294, 0.195806
0.650862, 0.525175, -0.303837, -0.419056
0.650924, 0.988113, -0.323102, -0.010825
0.651397, 0.943953, -0.322275, -0.051008
0.651757, 0.419238, -0.293661, -0.505646
0.651951, 0.806952, -0.318444, -0.174703
0.651954, 0.546393, -0.304442, -0.401305
0.652006, 0.000000, 0.581603, 0.000000
0.652087, 0.022278, 0.581548, 0.018753
0.652421, 0.151232, 0.578587, 0.126792
0.652574, 0.586621, -0.306604, -0.367237
0.652656, 0.364055, -0.187996, -0.450380
0.652689, 0.489301, -0.299560, -0.449108
0.652714, 0.164914, 0.578024, 0.138104
0.652787, 0.565322, -0.305059, -0.385395
0.652789, 0.742140, -0.314999, -0.232301
0.652921, 0.652778, -0.310376, -0.310509
0.653169, 0.246786, 0.573282, 0.205349
0.653325, 0.202826, 0.576501, 0.169390
0.653451, 0.061790, 0.582056, 0.051940
0.653635, 0.075516, 0.581935, 0.063457
0.653674, 0.046865, 0.582479, 0.039401
0.653788, 0.955673, -0.320358, -0.040378
0.653915, 0.687522, -0.311375, -0.280334
0.654136, 0.629917, -0.308008, -0.330326
0.654177, 0.462969, -0.296056, -0.470790
0.654335, 0.856078, -0.317937, -0.130667
0.654622, 0.408153, -0.292956, -0.517561
0.654870, 0.719946, -0.312131, -0.251947
0.655184, 0.429714, -0.292087, -0.497740
0.655186, 0.087916, 0.582992, 0.073818
0.655444, 0.351827, -0.633521, -0.907896
0.655638, 0.793117, -0.314653, -0.187178
0.655764, 0.770943, -0.313488, -0.206821
0.655780, 0.512971, -0.298768, -0.429600
0.655804, 0.820738, -0.315443, -0.162446
0.655859, 0.301560, 0.561115, 0.239660
0.656070, 0.598217, -0.304358, -0.357581
0.656194, 0.666925, -0.308150, -0.298251
0.656233, 0.214998, 0.577953, 0.179177
0.656299, 0.138958, 0.582100, 0.116391
0.656336, 0.100519, 0.583527, 0.084328
0.656832, 0.395614, -0.283301, -0.521176
0.656877, 0.476482, -0.294973, -0.459947
0.657140, 1.000000, -0.317800, 0.000000
0.657334, 0.277941, 0.572489, 0.228864
0.657396, 0.113058, 0.583927, 0.094759
0.657410, 0.976022, -0.317430, -0.021872
0.657919, 0.535376, -0.298636, -0.411042
0.658139, 0.754707, -0.310888, -0.221432
0.658163, 0.125674, 0.584070, 0.105245
0.658196, 0.033908, 0.586414, 0.028472
0.658280, 0.909669, -0.315732, -0.082275
0.658285, 0.698997, -0.308167, -0.270535
0.658426, 0.897005, -0.315264, -0.093744
0.658529, 0.010968, 0.586788, 0.009216
0.658653, 0.868443, -0.314417, -0.119606
0.658693, 0.441381, -0.290405, -0.488751
0.659055, 0.324292, 0.567583, 0.264040
0.659288, 0.576013, -0.300223, -0.376761
0.659339, 0.833913, -0.312698, -0.150705
0.659356, 0.610051, -0.302267, -0.347659
0.659397, 0.227010, 0.579712, 0.188795
0.659490, 0.640901, -0.303941, -0.321081
0.659627, 0.555424, -0.298537, -0.394203
0.659798, 0.922855, -0.314740, -0.070335
0.659957, 0.732060, -0.308192, -0.241464
0.660006, 0.384011, -0.290769, -0.541920
0.660380, 0.500331, -0.293945, -0.440482
0.660390, 0.883030, -0.313053, -0.106396
0.660857, 0.782053, -0.309449, -0.197132
0.660903, 0.338535, 0.108684, -0.179973
0.661023, 0.183090, 0.583555, 0.152634
0.661026, 0.313283, 0.625097, 0.310172
0.661259, 0.265583, 0.578324, 0.220086
0.661686, 0.936445, -0.313193, -0.057977
0.661948, 0.291952, 0.581826, 0.246715
0.662173, 0.846616, -0.310792, -0.139439
0.662315, 0.195228, 0.583991, 0.162552
0.662331, 0.677900, -0.303452, -0.289075
0.662333, 0.453152, -0.288488, -0.479542
0.662732, 0.372635, -0.268763, -0.532559
0.662795, 0.171237, 0.585911, 0.142831
0.662967, 0.055475, 0.589903, 0.046480
0.663116, 0.523611, -0.293387, -0.421275
0.663233, 0.800412, -0.308180, -0.180898
0.663266, 0.158101, 0.587006, 0.131972
0.663350, 0.988152, -0.312250, -0.010825
0.663402, 0.253398, 0.580966, 0.209888
0.663438, 0.621421, -0.299432, -0.338142
0.663481, 0.418006, -0.284735, -0.508497
0.663666, 0.069685, 0.590237, 0.058361
0.663682, 0.710332, -0.303979, -0.260826
0.663798, 0.659518, -0.301143, -0.305090
0.663960, 0.949634, -0.311323, -0.045982
0.663985, 0.240109, 0.582440, 0.199103
0.664095, 0.487987, -0.289921, -0.451096
0.664240, 0.963832, -0.311371, -0.033043
0.664433, 0.587708, -0.296554, -0.367119
0.664537, 0.811822, -0.307562, -0.170785
0.664731, 0.361009, -0.331180, -0.607023
0.664776, 0.021787, 0.591945, 0.018258
0.665220, 0.744389, -0.304191, -0.230847
0.665266, 0.764061, -0.304971, -0.213388
0.665341, 0.000000, 0.592508, 0.000000
0.665458, 0.146065, 0.589374, 0.121922
0.665514, 0.465512, -0.286907, -0.469702
0.665545, 0.403772, -0.280345, -0.518778
0.665705, 0.545090, -0.292706, -0.403405
0.665864, 0.649433, -0.298732, -0.313881
0.666077, 0.081621, 0.592101, 0.068289
0.666163, 0.206713, 0.586636, 0.171773
0.666165, 0.565524, -0.293643, -0.386100
0.666262, 0.043314, 0.592846, 0.036260
0.666587, 0.348599, -0.164000, -0.452541
0.666706, 0.094613, 0.592209, 0.079104
0.666812, 0.430365, -0.282926, -0.498658
0.666841, 0.689247, -0.300162, -0.279454
0.667007, 0.859844, -0.306954, -0.127644
0.667102, 0.721631, -0.301509, -0.251036
0.667549, 0.511438, -0.288753, -0.431771
0.667610, 0.282328, 0.580394, 0.231509
0.667907, 0.133081, 0.591798, 0.111039
0.667983, 0.632585, -0.296143, -0.328782
0.667995, 0.599858, -0.294250, -0.356963
0.668018, 0.823738, -0.304857, -0.160182
0.668188, 0.107257, 0.593032, 0.089588
0.668239, 0.303975, 0.541325, 0.210726
0.668728, 0.874581, -0.305671, -0.114294
0.668872, 0.119907, 0.593101, 0.100070
0.669021, 0.217780, 0.588013, 0.180576
0.669580, 0.476665, -0.284435, -0.460864
0.669611, 0.902173, -0.305587, -0.089298
0.669624, 0.889269, -0.305172, -0.100983
0.669677, 0.391789, -0.278227, -0.531142
0.669765, 0.976513, -0.306641, -0.021493
0.669793, 0.774937, -0.301357, -0.203841
0.669820, 0.330030, 0.113896, -0.189892
0.669914, 1.000000, -0.306652, 0.000000
0.669999, 0.914868, -0.305528, -0.077761
0.670050, 0.789620, -0.301677, -0.190743
0.670166, 0.668713, -0.296083, -0.297426
0.670352, 0.229782, 0.588263, 0.190248
0.670557, 0.442358, -0.280836, -0.489160
0.670797, 0.533970, -0.287624, -0.413139
0.671009, 0.700717, -0.297128, -0.269646
0.671165, 0.271810, 0.585258, 0.223882
0.671199, 0.835674, -0.302404, -0.149528
0.671267, 0.928014, -0.304783, -0.065823
0.671322, 0.031574, 0.597143, 0.026392
0.671609, 0.576830, -0.289702, -0.376832
0.671720, 0.010436, 0.597606, 0.008728
0.671837, 0.317517, 0.801448, 0.481957
0.671906, 0.611647, -0.291592, -0.347097
0.671986, 0.499334, -0.284141, -0.442225
0.672078, 0.733991, -0.297642, -0.240295
0.672299, 0.754481, -0.298446, -0.222229
0.672455, 0.188766, 0.592466, 0.156642
0.672519, 0.063821, 0.597628, 0.053291
0.673079, 0.380460, -0.271441, -0.537589
0.673438, 0.555034, -0.286762, -0.395493
0.673516, 0.410877, -0.275263, -0.514500
0.673548, 0.178039, 0.594202, 0.147843
0.673734, 0.941319, -0.302676, -0.053689
0.673833, 0.165242, 0.595158, 0.137328
0.673936, 0.260368, 0.588791, 0.214662
0.673940, 0.847226, -0.300391, -0.139210
0.673997, 0.454290, -0.278954, -0.479629
0.674208, 0.643232, -0.291292, -0.319871
0.674390, 0.293075, 0.600964, 0.255984
0.674697, 0.247786, 0.590284, 0.204417
0.674812, 0.802008, -0.298010, -0.179873
0.675062, 0.341165, -0.246036, -0.549017
0.675129, 0.368674, -0.274415, -0.552933
0.675155, 0.954512, -0.301718, -0.041664
0.675283, 0.522110, -0.282976, -0.423387
0.675467, 0.052438, 0.600210, 0.043749
0.675620, 0.152945, 0.597342, 0.127148
0.675687, 0.199372, 0.594464, 0.165109
0.675800, 0.680039, -0.291782, -0.287863
0.675927, 0.988781, -0.301206, -0.010282
0.675966, 0.355758, -0.257246, -0.548001
0.675994, 0.421572, -0.274340, -0.506193
0.675999, 0.589341, -0.286688, -0.366410
0.676060, 0.487770, -0.279856, -0.452148
0.676594, 0.623176, -0.288194, -0.337433
0.676693, 0.656957, -0.289777, -0.307996
0.676965, 0.088622, 0.600733, 0.073837
0.677172, 0.813942, -0.296523, -0.169336
0.677209, 0.075331, 0.601228, 0.062777
0.677391, 0.712382, -0.292131, -0.259727
0.677396, 0.966367, -0.299972, -0.030839
0.677525, 0.140338, 0.599365, 0.116652
0.677705, 0.465541, -0.276751, -0.470631
0.678257, 0.020121, 0.602988, 0.016783
0.678328, 0.857656, -0.296649, -0.129830
0.678464, 0.236555, 0.594355, 0.195145
0.678473, 0.869021, -0.297069, -0.119626
0.678483, 0.399349, -0.270884, -0.524984
0.678565, 0.723730, -0.291475, -0.249647
0.678657, 0.101158, 0.601788, 0.084197
0.678725, 0.765774, -0.293332, -0.212505
0.678881, 0.743755, -0.292128, -0.231976
0.678887, 0.565791, -0.282793, -0.386723
0.678968, 0.544303, -0.281367, -0.404980
0.679025, 0.000000, 0.603649, 0.000000
0.679294, 0.781043, -0.293315, -0.198819
0.679307, 0.041125, 0.603570, 0.034273
0.679310, 0.432666, -0.272687, -0.497622
0.679389, 0.127156, 0.601415, 0.105685
0.679507, 0.305326, 0.525356, 0.186089
0.679513, 0.510139, -0.278572, -0.433747
0.679620, 0.881809, -0.296434, -0.108069
0.679772, 0.210642, 0.597460, 0.174099
0.679784, 0.114190, 0.602270, 0.094955
0.679797, 0.281570, 0.587727, 0.227337
0.679891, 0.690769, -0.288748, -0.278692
0.680098, 0.601525, -0.283895, -0.356241
0.680444, 0.825946, -0.293985, -0.158611
0.680817, 0.894642, -0.295555, -0.096385
0.680864, 0.222864, 0.597174, 0.183864
0.681118, 0.907123, -0.295577, -0.085024
0.681570, 0.327497, -0.472569, -0.791387
0.681585, 0.634064, -0.284456, -0.328293
0.681588, 0.919684, -0.295415, -0.073571
0.681810, 0.669767, -0.286114, -0.297247
0.682129, 0.476405, -0.273883, -0.461976
0.682682, 0.978619, -0.295224, -0.019622
0.682784, 0.444003, -0.270811, -0.488738
0.682836, 0.932557, -0.294685, -0.061850
0.683048, 0.702173, -0.286484, -0.268789
0.683073, 1.000000, -0.295072, 0.000000
0.683146, 0.578653, -0.279888, -0.375972
0.683198, 0.532497, -0.276957, -0.415189
0.683202, 0.792779, -0.290411, -0.188533
0.683346, 0.388225, -0.265155, -0.533648
0.683444, 0.315623, 0.280363, -0.048286
0.683622, 0.837876, -0.291529, -0.147937
0.683779, 0.173866, 0.602547, 0.143837
0.683932, 0.063620, 0.607082, 0.052913
0.683942, 0.269290, 0.594970, 0.220181
0.684159, 0.498408, -0.273799, -0.443849
0.684335, 0.188235, 0.602422, 0.155572
0.684442, 0.029783, 0.607796, 0.024778
0.684460, 0.613587, -0.280825, -0.346138
0.684935, 0.409896, -0.266269, -0.516752
0.685266, 0.256092, 0.598030, 0.210267
0.685267, 0.754115, -0.286983, -0.223078
0.685346, 0.646794, -0.281855, -0.317450
0.685501, 0.350767, -0.263346, -0.567031
0.685635, 0.160817, 0.605022, 0.133116
0.685641, 0.338490, -0.307191, -0.621469
0.685698, 0.732822, -0.285609, -0.241924
0.685775, 0.009717, 0.609106, 0.008085
0.685796, 0.377030, -0.262695, -0.543393
0.685855, 0.945826, -0.292131, -0.049724
0.685894, 0.294660, 0.630450, 0.276912
0.686139, 0.364186, -0.260396, -0.552808
0.686403, 0.455160, -0.268716, -0.479904
0.687066, 0.554793, -0.275143, -0.396656
0.687132, 0.804855, -0.287329, -0.177809
0.687246, 0.849296, -0.288694, -0.137727
0.687342, 0.083546, 0.609292, 0.069351
0.687465, 0.520325, -0.272528, -0.425745
0.687485, 0.148055, 0.607127, 0.122564
0.687600, 0.243746, 0.601034, 0.200203
0.687652, 0.773693, -0.285610, -0.205678
0.687665, 0.051539, 0.610206, 0.042810
0.687675, 0.421578, -0.264934, -0.507415
0.687692, 0.200529, 0.603906, 0.165260
0.687762, 0.591010, -0.276634, -0.365668
0.688106, 0.487014, -0.269632, -0.453586
0.688129, 0.957351, -0.290277, -0.039185
0.688526, 0.659131, -0.279695, -0.306855
0.689089, 0.134943, 0.608954, 0.111709
0.689372, 0.989991, -0.289358, -0.009204
0.689412, 0.682258, -0.280066, -0.286682
0.689422, 0.095058, 0.610760, 0.078823
0.689675, 0.230029, 0.603655, 0.188964
0.689703, 0.862030, -0.286787, -0.126205
0.689730, 0.720048, -0.281584, -0.253488
0.689832, 0.816928, -0.285465, -0.167095
0.690054, 0.107784, 0.610838, 0.089310
0.690133, 0.625301, -0.276521, -0.336307
0.690141, 0.969056, -0.288693, -0.028457
0.690165, 0.568190, -0.273241, -0.385358
0.690305, 0.874475, -0.286838, -0.115007
0.690382, 0.282933, 0.604611, 0.236126
0.690420, 0.465989, -0.266196, -0.471288
0.690894, 0.121388, 0.610772, 0.100460
0.691026, 0.397929, -0.260019, -0.526793
0.691135, 0.073346, 0.612681, 0.060824
0.691317, 0.433499, -0.262910, -0.498026
0.691393, 0.215478, 0.606305, 0.177182
0.691506, 0.542671, -0.270527, -0.407138
0.691543, 0.886856, -0.286088, -0.103781
0.691690, 0.709210, -0.279155, -0.262937
0.691768, 0.508273, -0.268056, -0.436141
0.691991, 0.039818, 0.613893, 0.033030
0.692019, 0.742255, -0.280502, -0.233879
0.692139, 0.603419, -0.273571, -0.355284
0.692326, 0.019118, 0.614487, 0.015865
0.692444, 0.899254, -0.285463, -0.092452
0.692450, 0.694800, -0.277980, -0.275808
0.692627, 0.305797, 0.224973, -0.120320
0.692642, 0.763445, -0.280865, -0.215074
0.692706, 0.911558, -0.285465, -0.081204
0.692809, 0.784806, -0.281527, -0.195969
0.692953, 0.671150, -0.276373, -0.296535
0.693047, 0.829019, -0.282995, -0.156274
0.693153, 0.924042, -0.285300, -0.069782
0.693185, 0.181148, 0.609758, 0.149244
0.693228, 0.000000, 0.615401, 0.000000
0.693539, 0.319349, -0.242295, -0.581281
0.693896, 0.637241, -0.273876, -0.326167
0.694201, 0.936856, -0.284715, -0.058071
0.694551, 0.331054, -0.229984, -0.559767
0.695052, 0.476157, -0.263031, -0.463152
0.695066, 0.580344, -0.269715, -0.375241
0.695121, 0.445368, -0.260692, -0.488610
0.695301, 0.168829, 0.612210, 0.139117
0.695311, 0.530158, -0.266493, -0.417985
0.695348, 0.273512, 0.603445, 0.222339
0.696028, 0.061089, 0.616984, 0.050584
0.696052, 0.410289, -0.257053, -0.517268
0.696055, 0.262280, 0.605598, 0.214023
0.696065, 0.358160, -0.252278, -0.559035
0.696078, 0.344783, -0.248373, -0.567053
0.696172, 0.980788, -0.283313, -0.017688
0.696412, 0.372204, -0.253454, -0.548014
0.696510, 0.796085, -0.278782, -0.186063
0.696524, 0.840966, -0.280283, -0.145573
0.696691, 0.386010, -0.254578, -0.537138
0.696828, 0.496478, -0.262915, -0.446266
0.696848, 0.615715, -0.270201, -0.345002
0.696998, 0.650356, -0.271829, -0.314919
0.697029, 1.000000, -0.282678, 0.000000
0.697302, 0.028629, 0.618268, 0.023706
0.697497, 0.204395, 0.611529, 0.167732
0.697702, 0.250792, 0.608741, 0.205308
0.697707, 0.156580, 0.614995, 0.129045
0.697726, 0.292831, 0.830081, 0.466693
0.697959, 0.729408, -0.274805, -0.245623
0.698396, 0.751979, -0.275333, -0.225542
0.698426, 0.191566, 0.613422, 0.157377
0.698617, 0.559781, -0.265389, -0.392905
0.698898, 0.238203, 0.610107, 0.194602
0.699143, 0.853530, -0.278368, -0.134268
0.699198, 0.144596, 0.616661, 0.119170
0.699222, 0.457110, -0.258156, -0.479246
0.699250, 0.422768, -0.255490, -0.507446
0.699463, 0.592838, -0.266594, -0.364742
0.699571, 0.085117, 0.619319, 0.070338
0.699587, 0.949592, -0.280156, -0.046443
0.699593, 0.808288, -0.276486, -0.175198
0.699709, 0.517528, -0.261921, -0.428898
0.700215, 0.048631, 0.620427, 0.040205
0.700278, 0.774691, -0.274532, -0.205312
0.700452, 0.010841, 0.621148, 0.008974
0.700509, 0.485727, -0.259053, -0.455471
0.700514, 0.224886, 0.612739, 0.184066
0.700520, 0.132742, 0.618166, 0.109401
0.700736, 0.098204, 0.619843, 0.081076
0.700871, 0.866448, -0.277157, -0.122548
0.701010, 0.662595, -0.268892, -0.304406
0.701015, 0.960967, -0.278940, -0.035979
0.701067, 0.110503, 0.619527, 0.091152
0.701396, 0.549965, -0.262504, -0.401573
0.701543, 0.702916, -0.270338, -0.269068
0.701972, 0.688104, -0.269372, -0.282217
0.702380, 0.879101, -0.276317, -0.111115
0.702492, 0.820447, -0.274393, -0.164360
0.702530, 0.399088, -0.250929, -0.527084
0.702576, 0.121636, 0.620295, 0.100223
0.702613, 0.716942, -0.270065, -0.256775
0.702757, 0.676576, -0.267994, -0.292219
0.702782, 0.971764, -0.277389, -0.026033
0.702906, 0.071768, 0.622207, 0.059245
0.702976, 0.570332, -0.262269, -0.384196
0.703254, 0.628135, -0.265293, -0.334617
0.703297, 0.435191, -0.253138, -0.497645
0.703624, 0.891282, -0.275549, -0.100038
0.703818, 0.312719, -0.306514, -0.660179
0.703933, 0.990193, -0.276536, -0.009049
0.704021, 0.282807, 0.599433, 0.218281
0.704082, 0.504918, -0.257358, -0.439746
0.704096, 0.468468, -0.254882, -0.470178
0.704107, 0.605160, -0.263212, -0.354358
0.704192, 0.903347, -0.275211, -0.088970
0.704260, 0.915486, -0.275355, -0.077829
0.704380, 0.538665, -0.259276, -0.411372
0.704417, 0.178572, 0.619008, 0.146504
0.704521, 0.740171, -0.269465, -0.236349
0.704609, 0.300871, -0.485801, -0.849341
0.704662, 0.927592, -0.275209, -0.066715
0.704683, 0.212972, 0.616811, 0.174136
0.704936, 0.762323, -0.269996, -0.216608
0.705108, 0.641789, -0.264296, -0.322767
0.705166, 0.036508, 0.624685, 0.030139
0.705260, 0.337223, -0.245435, -0.578889
0.705425, 0.324453, -0.256349, -0.601166
0.705488, 0.939518, -0.274645, -0.055755
0.705772, 0.832616, -0.271879, -0.153453
0.705975, 0.786534, -0.270075, -0.195015
0.706164, 0.364586, -0.244937, -0.555069
0.706214, 0.350882, -0.243831, -0.566115
0.706838, 0.000000, 0.626468, 0.000000
0.706952, 0.165928, 0.621755, 0.136125
0.706996, 0.582512, -0.259489, -0.374007
0.707044, 0.270357, 0.615213, 0.221701
0.707102, 0.377919, -0.245364, -0.544513
0.707240, 0.412183, -0.248083, -0.516750
0.707382, 0.447348, -0.250658, -0.487981
0.707423, 0.022261, 0.626935, 0.018371
0.707552, 0.526755, -0.255804, -0.421602
0.707669, 0.058493, 0.626436, 0.048217
0.708576, 0.617008, -0.259957, -0.344384
0.708616, 0.199481, 0.620865, 0.163045
0.708719, 0.845178, -0.269670, -0.142159
0.708741, 0.258526, 0.620715, 0.214303
0.708897, 0.799280, -0.267995, -0.183692
0.709248, 0.246665, 0.615895, 0.198908
0.709315, 0.653934, -0.261245, -0.312442
0.709520, 0.479006, -0.251016, -0.461739
0.709813, 0.389943, -0.244196, -0.535098
0.709974, 0.153316, 0.625018, 0.125760
0.710047, 0.234020, 0.619877, 0.191013
0.710281, 0.492191, -0.251247, -0.450784
0.710502, 0.729012, -0.263694, -0.246497
0.710779, 0.857897, -0.268240, -0.130662
0.710815, 0.424938, -0.246102, -0.506580
0.711049, 0.980615, -0.270182, -0.017913
0.711055, 0.750478, -0.264086, -0.227426
0.711067, 0.695162, -0.261696, -0.276444
0.711230, 0.141536, 0.626416, 0.116098
0.711243, 0.080650, 0.628679, 0.066340
0.711269, 1.000000, -0.270194, 0.000000
0.711352, 0.594676, -0.256400, -0.363841
0.711573, 0.092499, 0.628775, 0.076056
0.711721, 0.667826, -0.259772, -0.300386
0.711757, 0.187587, 0.624242, 0.153304
0.711823, 0.772927, -0.264298, -0.207388
0.711911, 0.559567, -0.253999, -0.393999
0.711914, 0.459223, -0.247714, -0.478491
0.711926, 0.514403, -0.251265, -0.432235
0.712008, 0.811825, -0.265660, -0.172483
0.712193, 0.870719, -0.267328, -0.119000
0.712394, 0.291678, 0.077306, -0.298108
0.712442, 0.957173, -0.268864, -0.039596
0.712574, 0.046157, 0.630527, 0.037982
0.712583, 0.104778, 0.629090, 0.086067
0.712584, 0.707935, -0.260896, -0.265210
0.712864, 0.129161, 0.628303, 0.105950
0.712962, 0.221443, 0.622595, 0.180148
0.713542, 0.116251, 0.629353, 0.095393
0.713684, 0.010984, 0.631878, 0.009045
0.714076, 0.635524, -0.256051, -0.328551
0.714154, 0.547524, -0.251376, -0.404386
0.714193, 0.681140, -0.258259, -0.288881
0.714312, 0.968748, -0.267147, -0.028896
0.714348, 0.572226, -0.252569, -0.383263
0.714394, 0.946326, -0.266879, -0.049601
0.714686, 0.402479, -0.241198, -0.525281
0.714706, 0.883748, -0.265593, -0.107210
0.714806, 0.067765, 0.631918, 0.055685
0.714943, 0.305990, -0.193397, -0.563169
0.715085, 0.824197, -0.263376, -0.161414
0.715148, 0.719433, -0.259047, -0.255070
0.715369, 0.437559, -0.243239, -0.496531
0.715728, 0.908189, -0.265150, -0.084785
0.715742, 0.502632, -0.247271, -0.442366
0.715791, 0.342799, -0.234863, -0.572835
0.715811, 0.895822, -0.264895, -0.096176
0.715818, 0.920655, -0.265267, -0.073305
0.715878, 0.329979, -0.232052, -0.581499
0.716075, 0.279162, 0.632850, 0.243067
0.716091, 0.356753, -0.236181, -0.562100
0.716282, 0.032865, 0.633801, 0.027019
0.716307, 0.933217, -0.265051, -0.061737
0.716397, 0.174987, 0.628826, 0.142897
0.716464, 0.605343, -0.252489, -0.354884
0.716484, 0.317378, -0.217652, -0.578837
0.716507, 0.208546, 0.626428, 0.169737
0.716777, 0.535418, -0.248397, -0.414792
0.717202, 0.369646, -0.236450, -0.551988
0.717269, 0.761748, -0.258999, -0.217592
0.717375, 0.782275, -0.259683, -0.199188
0.717720, 0.626307, -0.252446, -0.336795
0.717731, 0.738728, -0.257765, -0.238239
0.717769, 0.470320, -0.243534, -0.469655
0.718054, 0.836770, -0.261158, -0.150109
0.718455, 0.989519, -0.263823, -0.009711
0.718611, 0.162509, 0.631240, 0.132706
0.718644, 0.645736, -0.252556, -0.319903
0.718782, 0.585564, -0.249371, -0.371947
0.718906, 0.415092, -0.238685, -0.515317
0.719076, 0.266772, 0.669448, 0.260881
0.719165, 0.792946, -0.258525, -0.189681
0.719429, 0.522800, -0.245374, -0.425639
0.719516, 0.381798, -0.235608, -0.542475
0.719760, 0.449701, -0.240427, -0.486833
0.720184, 0.056072, 0.636623, 0.045996
0.720326, 0.658543, -0.251765, -0.308911
0.720331, 0.000000, 0.637316, 0.000000
0.720337, 0.243135, 0.633181, 0.203407
0.720417, 0.615625, -0.249474, -0.346073
0.720777, 0.849506, -0.259169, -0.138630
0.720928, 0.482892, -0.241686, -0.459388
0.720934, 0.021486, 0.637788, 0.017636
0.721150, 0.254614, 0.607379, 0.187436
0.721164, 0.196056, 0.631088, 0.159438
0.721273, 0.690930, -0.252348, -0.280472
0.721440, 0.230203, 0.627534, 0.185476
0.721861, 0.804427, -0.256611, -0.179483
0.722417, 0.862097, -0.258076, -0.127192
0.722451, 0.427632, -0.236652, -0.505271
0.722588, 0.137036, 0.635715, 0.111906
0.722698, 0.149659, 0.635117, 0.122106
0.722709, 0.298241, -0.240229, -0.623187
0.722777, 0.393763, -0.233909, -0.533097
0.722835, 0.076463, 0.638089, 0.062608
0.723214, 0.493982, -0.240410, -0.450171
0.723252, 0.087523, 0.638321, 0.071634
0.723256, 0.671343, -0.249797, -0.297865
0.723316, 0.750289, -0.253253, -0.228142
0.723326, 0.874883, -0.257574, -0.115502
0.723377, 0.702473, -0.251016, -0.270409
0.723489, 0.099731, 0.638089, 0.081577
0.723860, 0.123283, 0.637228, 0.100685
0.724337, 0.043615, 0.640028, 0.035724
0.724383, 0.564666, -0.243512, -0.390352
0.724502, 0.509394, -0.240197, -0.437184
0.724559, 0.977787, -0.258503, -0.020623
0.724764, 0.816326, -0.254482, -0.168860
0.724784, 0.596561, -0.244740, -0.362831
0.724802, 0.184248, 0.634784, 0.149773
0.724908, 0.460956, -0.236860, -0.477851
0.724926, 0.217484, 0.632445, 0.176254
0.725005, 0.553854, -0.242387, -0.399631
0.725155, 0.964424, -0.257745, -0.033013
0.725161, 1.000000, -0.258115, 0.000000
0.725199, 0.727652, -0.250473, -0.248195
0.725271, 0.286946, -0.439459, -0.834874
0.725367, 0.714327, -0.249799, -0.260055
0.725422, 0.772610, -0.252134, -0.208145
0.725453, 0.348549, -0.227910, -0.569406
0.725470, 0.111567, 0.639297, 0.091139
0.725471, 0.576644, -0.243120, -0.380001
0.725520, 0.952885, -0.257297, -0.043708
0.726280, 0.940358, -0.256486, -0.055321
0.726538, 0.334860, -0.226031, -0.580685
0.726984, 0.914069, -0.255339, -0.079617
0.727012, 0.926946, -0.255516, -0.067718
0.727085, 0.542645, -0.239952, -0.409270
0.727221, 0.323041, -0.224945, -0.590552
0.727236, 0.010569, 0.642800, 0.008657
0.727239, 0.406060, -0.231164, -0.523425
0.727283, 0.901454, -0.254900, -0.091283
0.727287, 0.361207, -0.227517, -0.559500
0.727355, 0.888611, -0.254641, -0.103129
0.727564, 0.828557, -0.252443, -0.157894
0.727670, 0.440295, -0.233164, -0.495161
0.727672, 0.635415, -0.244217, -0.329448
0.727722, 0.309696, -0.228716, -0.606283
0.728084, 0.066095, 0.642717, 0.054029
0.728302, 0.682232, -0.245861, -0.288565
0.728574, 0.275174, 0.009816, -0.394350
0.728789, 0.172485, 0.638831, 0.140129
0.728835, 0.530762, -0.237755, -0.419429
0.728850, 0.205058, 0.636330, 0.166001
0.729052, 0.031975, 0.644145, 0.026153
0.729274, 0.373248, -0.226885, -0.549994
0.729332, 0.762100, -0.248368, -0.217823
0.729707, 0.609442, -0.241063, -0.351915
0.729722, 0.648772, -0.243030, -0.317879
0.729791, 0.160998, 0.640169, 0.130849
0.729859, 0.784102, -0.248692, -0.198060
0.729987, 0.474076, -0.233403, -0.467223
0.730272, 0.841032, -0.250463, -0.146648
0.730376, 0.739355, -0.246485, -0.238130
0.730501, 0.518453, -0.235572, -0.429854
0.730521, 0.622616, -0.240961, -0.340499
0.730565, 0.239147, 0.631458, 0.189351
0.730901, 0.418348, -0.229006, -0.513607
0.731253, 0.262906, 0.585578, 0.168198
0.731619, 0.990206, -0.252356, -0.009123
0.731684, 0.661371, -0.241891, -0.306967
0.731877, 0.500399, -0.233324, -0.445122
0.731899, 0.795993, -0.247398, -0.187482
0.732019, 0.385302, -0.225582, -0.540470
0.732236, 0.586517, -0.237733, -0.371848
0.732380, 0.054429, 0.646442, 0.044429
0.732754, 0.129677, 0.644058, 0.105469
0.732874, 0.450616, -0.229529, -0.487087
0.733044, 0.853518, -0.248465, -0.135392
0.733121, 0.226984, 0.638670, 0.183728
0.733544, 0.694078, -0.241708, -0.278328
0.733605, 0.250487, 0.720986, 0.285883
0.733665, 0.877928, -0.248334, -0.112935
0.733799, 0.486536, -0.230994, -0.457169
0.733902, 0.431096, -0.227350, -0.503236
0.734019, 0.092618, 0.646659, 0.075439
0.734030, 0.000000, 0.648305, 0.000000
0.734035, 0.865417, -0.247874, -0.124508
0.734081, 0.141870, 0.644651, 0.115245
0.734112, 0.192350, 0.641588, 0.155600
0.734218, 0.297220, -0.233095, -0.627752
0.734503, 0.020904, 0.648666, 0.017062
0.734554, 0.078602, 0.647583, 0.064051
0.734567, 0.808002, -0.245479, -0.176750
0.735411, 0.340727, -0.219262, -0.576599
0.735447, 0.397605, -0.223686, -0.530748
0.735578, 0.750956, -0.242313, -0.227988
0.735701, 0.572609, -0.234068, -0.384090
0.735758, 0.706501, -0.240347, -0.267528
0.736002, 0.105256, 0.647991, 0.085627
0.736048, 0.600772, -0.235145, -0.359796
0.736166, 0.969532, -0.248164, -0.028371
0.736193, 0.463261, -0.227497, -0.476691
0.736262, 0.719074, -0.240447, -0.256432
0.736285, 0.673607, -0.238381, -0.296450
0.736326, 0.152902, 0.645671, 0.123973
0.736747, 0.042788, 0.650008, 0.034868
0.736865, 0.560647, -0.232441, -0.394404
0.737052, 0.352144, -0.218860, -0.567555
0.737137, 0.981253, -0.247304, -0.017462
0.737157, 0.214696, 0.641625, 0.172479
0.737266, 0.820254, -0.243526, -0.165766
0.737302, 0.118385, 0.648298, 0.096172
0.737302, 0.946888, -0.246915, -0.049444
0.737315, 0.933888, -0.246591, -0.061489
0.737473, 0.317560, -0.215730, -0.595244
0.737543, 0.285215, -0.162053, -0.569900
0.737937, 0.958329, -0.246443, -0.038807
0.737982, 0.920778, -0.245744, -0.073647
0.738060, 0.549299, -0.230817, -0.404186
0.738128, 0.180310, 0.645634, 0.145756
0.738569, 0.774299, -0.240528, -0.207168
0.738665, 0.908610, -0.244913, -0.084925
0.738780, 0.896184, -0.244776, -0.096485
0.738786, 0.730600, -0.238663, -0.246284
0.739176, 0.536879, -0.229183, -0.414817
0.739211, 0.363663, -0.218046, -0.558561
0.739225, 0.510614, -0.227659, -0.436996
0.739320, 0.640964, -0.234268, -0.325211
0.739497, 1.000000, -0.245359, 0.000000
0.739660, 0.328959, -0.214743, -0.586188
0.739778, 0.066308, 0.652103, 0.053933
0.739826, 0.628604, -0.233136, -0.335828
0.739848, 0.410564, -0.220980, -0.520522
0.739883, 0.832737, -0.241640, -0.154536
0.740294, 0.762798, -0.238546, -0.217559
0.740408, 0.524196, -0.227404, -0.425595
0.740523, 0.272877, -0.359134, -0.780208
0.740716, 0.202209, 0.645824, 0.162893
0.740870, 0.306725, -0.214128, -0.606309
0.741017, 0.010314, 0.653856, 0.008399
0.741131, 0.166871, 0.648981, 0.134891
0.741157, 0.614385, -0.231355, -0.348313
0.741278, 0.375181, -0.217258, -0.549484
0.741487, 0.238205, 0.646061, 0.193959
0.741625, 0.684539, -0.234170, -0.287131
0.741714, 0.885205, -0.241374, -0.106467
0.741785, 0.652723, -0.232560, -0.314960
0.741837, 0.439687, -0.221226, -0.496559
0.741879, 0.787017, -0.238160, -0.195953
0.742069, 0.031365, 0.654626, 0.025514
0.742158, 0.424390, -0.219980, -0.509279
0.742372, 0.591555, -0.229127, -0.367999
0.742444, 0.475659, -0.222973, -0.466759
0.742519, 0.845437, -0.239697, -0.143037
0.742558, 0.497718, -0.224148, -0.448214
0.743130, 0.260329, -0.018195, -0.447562
0.743402, 0.664757, -0.231621, -0.304434
0.743532, 0.131676, 0.652664, 0.106588
0.743676, 0.742376, -0.234698, -0.235911
0.743949, 0.086486, 0.654774, 0.070160
0.744036, 0.386785, -0.215856, -0.540310
0.744170, 0.451879, -0.220079, -0.486724
0.744335, 0.054198, 0.656007, 0.044012
0.744388, 0.799293, -0.236425, -0.185005
0.744412, 0.580171, -0.226889, -0.378079
0.744436, 0.225861, 0.655734, 0.189985
0.744474, 0.871595, -0.238793, -0.119168
0.745219, 0.697838, -0.231534, -0.275542
0.745657, 0.858404, -0.237456, -0.131363
0.745984, 0.487457, -0.220596, -0.456950
0.746216, 0.340339, -0.210460, -0.577745
0.746407, 0.098000, 0.656463, 0.079376
0.746574, 0.989545, -0.239152, -0.009772
0.746660, 0.248636, 0.512011, 0.068944
0.746726, 0.295107, -0.200796, -0.608165
0.746777, 0.143930, 0.654621, 0.116240
0.746983, 0.811544, -0.234560, -0.174019
0.747080, 0.398233, -0.214138, -0.531166
0.747225, 0.189640, 0.652227, 0.152758
0.747246, 0.464176, -0.218180, -0.476556
0.747405, 0.155692, 0.654262, 0.125569
0.747410, 0.975181, -0.238182, -0.023187
0.747621, 0.710709, -0.229993, -0.264328
0.747670, 0.567965, -0.223446, -0.388731
0.747737, 0.110769, 0.657051, 0.089614
0.747745, 0.603234, -0.225016, -0.358230
0.747788, 0.941014, -0.237485, -0.055057
0.747862, 0.000000, 0.659372, 0.000000
0.748003, 0.075966, 0.658409, 0.061552
0.748168, 0.020519, 0.659582, 0.016649
0.748230, 0.352514, -0.209786, -0.568118
0.748346, 0.927558, -0.236703, -0.067570
0.748559, 0.753910, -0.230793, -0.225805
0.748656, 0.721905, -0.229509, -0.254413
0.748988, 0.213491, 0.650468, 0.170142
0.749041, 0.042345, 0.659800, 0.034322
0.749217, 0.318127, -0.206366, -0.595815
0.749487, 0.543384, -0.220628, -0.409852
0.749552, 0.823858, -0.232721, -0.162950
0.749557, 0.283019, -0.217635, -0.638092
0.749781, 0.556157, -0.221065, -0.399046
0.749808, 0.175956, 0.654941, 0.141403
0.749991, 0.963873, -0.235848, -0.033772
0.750067, 0.903420, -0.234919, -0.090082
0.750167, 0.674586, -0.226014, -0.296047
0.750255, 0.636573, -0.224268, -0.329297
0.750256, 0.622986, -0.223758, -0.341275
0.750260, 0.915829, -0.234743, -0.078489
0.750325, 0.952857, -0.235485, -0.044067
0.750355, 0.122482, 0.658329, 0.098881
0.750575, 0.530422, -0.218987, -0.420879
0.750592, 0.517478, -0.218315, -0.431913
0.750882, 0.364808, -0.208573, -0.558490
0.750989, 0.766832, -0.229151, -0.214359
0.751049, 0.408686, -0.211496, -0.522729
0.751094, 0.506038, -0.217288, -0.441656
0.751264, 0.778877, -0.229529, -0.203691
0.751698, 0.419748, -0.211662, -0.513628
0.751797, 0.201797, 0.654450, 0.161723
0.751823, 0.734297, -0.227202, -0.243538
0.752053, 0.432660, -0.212243, -0.503165
0.752059, 0.836103, -0.230940, -0.151921
0.752238, 0.270176, -0.176389, -0.610345
0.752327, 0.892208, -0.232211, -0.100341
0.752425, 0.064529, 0.662242, 0.052200
0.752736, 0.647544, -0.222597, -0.319894
0.752740, 0.329263, -0.204393, -0.587272
0.752838, 0.306532, -0.201111, -0.603928
0.752895, 0.688573, -0.224308, -0.284018
0.753209, 0.376875, -0.207547, -0.548927
0.753219, 0.235940, 0.872650, 0.409611
0.753275, 0.660135, -0.222658, -0.308888
0.753463, 0.590982, -0.219411, -0.369056
0.753520, 0.880455, -0.231042, -0.111305
0.753625, 1.000000, -0.233067, 0.000000
0.754374, 0.791085, -0.227168, -0.192780
0.754515, 0.848219, -0.229080, -0.140892
0.754735, 0.444592, -0.210721, -0.493446
0.754742, 0.163504, 0.659765, 0.131369
0.754971, 0.010218, 0.665003, 0.008270
0.755001, 0.481473, -0.212591, -0.462562
0.755040, 0.611963, -0.219055, -0.351076
0.755203, 0.030957, 0.665116, 0.025036
0.755450, 0.135826, 0.661934, 0.109322
0.755745, 0.258376, -0.275990, -0.723015
0.755759, 0.868117, -0.228674, -0.122733
0.755890, 0.223561, 0.667372, 0.189429
0.755931, 0.087822, 0.664304, 0.070861
0.755982, 0.470886, -0.211113, -0.471373
0.756001, 0.456172, -0.210310, -0.483812
0.756218, 0.578961, -0.216449, -0.379567
0.756243, 0.495786, -0.212240, -0.450417
0.756299, 0.981479, -0.230382, -0.017355
0.756358, 0.388969, -0.205788, -0.539307
0.756772, 0.702499, -0.221433, -0.271886
0.756811, 0.052974, 0.665937, 0.042781
0.756924, 0.803242, -0.225359, -0.181904
0.757250, 0.341959, -0.201698, -0.577399
0.757338, 0.745743, -0.222677, -0.233497
0.757391, 0.102084, 0.664925, 0.082251
0.757641, 0.934558, -0.228484, -0.061206
0.758757, 0.293497, -0.197695, -0.617176
0.758976, 0.246370, -0.395936, -0.852571
0.758992, 0.184148, 0.660329, 0.146252
0.759036, 0.149757, 0.663902, 0.120189
0.759337, 0.858754, -0.225009, -0.131341
0.759392, 0.815490, -0.223600, -0.170894
0.759526, 0.567584, -0.213048, -0.389556
0.759568, 0.354699, -0.200752, -0.567325
0.759610, 0.631240, -0.215828, -0.334428
0.759921, 0.725464, -0.219520, -0.251618
0.760172, 0.400507, -0.203385, -0.530126
0.760262, 0.075488, 0.668127, 0.060821
0.760324, 0.195725, 0.665825, 0.160358
0.760536, 0.600606, -0.213682, -0.361123
0.760561, 0.547419, -0.211200, -0.406915
0.760606, 0.946403, -0.226239, -0.050240
0.760675, 0.535288, -0.210505, -0.417272
0.760692, 0.969882, -0.226406, -0.028251
0.760725, 0.757918, -0.220138, -0.222761
0.760812, 0.279959, -0.191250, -0.624242
0.760827, 0.113767, 0.667222, 0.091465
0.760856, 0.679724, -0.216790, -0.292052
0.761130, 0.714153, -0.218127, -0.261880
0.761208, 0.909785, -0.225141, -0.084446
0.761379, 0.522065, -0.209282, -0.428658
0.761425, 0.210305, 0.660507, 0.167174
0.761541, 0.991018, -0.225916, -0.008436
0.761556, 0.041508, 0.669702, 0.033455
0.761632, 0.923135, -0.224867, -0.071972
0.761678, 0.318357, -0.196269, -0.596635
0.761727, 0.000000, 0.670493, 0.000000
0.761926, 0.667405, -0.215353, -0.302961
0.761977, 0.020529, 0.670556, 0.016553
0.761997, 0.827766, -0.221712, -0.159829
0.762103, 0.771230, -0.219426, -0.210894
0.762313, 0.125580, 0.667499, 0.100785
0.762434, 0.509469, -0.207674, -0.439268
0.762574, 0.171927, 0.665413, 0.137608
0.762608, 0.413012, -0.202140, -0.519990
0.762670, 0.557670, -0.209815, -0.398161
0.762749, 0.367476, -0.199056, -0.557247
0.762762, 0.425488, -0.202778, -0.509711
0.763199, 0.898442, -0.222796, -0.094913
0.763432, 0.305364, -0.194182, -0.607415
0.763623, 0.619979, -0.211838, -0.344479
0.763926, 0.693576, -0.214600, -0.279934
0.763937, 0.958250, -0.223689, -0.039234
0.764155, 0.654192, -0.212851, -0.314684
0.764229, 0.783157, -0.218053, -0.200314
0.764397, 0.642081, -0.212000, -0.325080
0.764503, 0.840064, -0.219965, -0.148753
0.764564, 0.486689, -0.204687, -0.458666
0.764568, 0.437966, -0.202022, -0.499543
0.764638, 0.331457, -0.194948, -0.586589
0.764667, 0.463158, -0.203304, -0.478364
0.764847, 0.268421, -0.195656, -0.642136
0.764857, 0.063605, 0.672112, 0.051158
0.764970, 0.886501, -0.221017, -0.106063
0.765155, 0.379788, -0.197908, -0.547423
0.765199, 0.736989, -0.215311, -0.241630
0.765292, 0.588274, -0.208963, -0.372015
0.765364, 0.874899, -0.220255, -0.116764
0.765456, 0.233955, 0.257005, -0.214079
0.765947, 0.094763, 0.671995, 0.076078
0.766363, 0.221919, 0.728480, 0.241381
0.766519, 0.139279, 0.670414, 0.111472
0.767048, 0.795179, -0.215988, -0.189588
0.767213, 0.159884, 0.669592, 0.127679
0.767656, 0.450815, -0.200157, -0.489067
0.768115, 0.851762, -0.217057, -0.138122
0.768153, 0.256909, -0.178941, -0.638324
0.768289, 0.344679, -0.192938, -0.576178
0.768321, 0.475502, -0.200872, -0.468252
0.768438, 0.498316, -0.201987, -0.449115
0.768470, 1.000000, -0.219703, 0.000000
0.768824, 0.030605, 0.675914, 0.024594
0.768859, 0.609389, -0.206746, -0.353883
0.768875, 0.935309, -0.218528, -0.060720
0.768879, 0.576360, -0.205332, -0.382553
0.768943, 0.010859, 0.676127, 0.008733
0.769033, 0.392004, -0.195477, -0.537675
0.769039, 0.979966, -0.219185, -0.018863
0.769246, 0.083772, 0.674927, 0.067189
0.769336, 0.052113, 0.675833, 0.041841
0.769439, 0.807318, -0.214301, -0.178692
0.769695, 0.287268, -0.186995, -0.621342
0.770256, 0.704390, -0.209441, -0.270708
0.770483, 0.749060, -0.211145, -0.231175
0.770615, 0.202147, 0.692501, 0.183626
0.770676, 0.245852, -0.111036, -0.582410
0.770788, 0.357784, -0.191799, -0.565729
0.770853, 0.865176, -0.214844, -0.125777
0.770992, 0.105703, 0.675588, 0.084604
0.771162, 0.725631, -0.209476, -0.251924
0.771257, 0.914808, -0.216217, -0.079985
0.771261, 0.685162, -0.207675, -0.287590
0.771316, 0.630039, -0.205487, -0.336083
0.771329, 0.529842, -0.200976, -0.422360
0.771417, 0.542753, -0.201481, -0.411292
0.771477, 0.179614, 0.672096, 0.143493
0.771587, 0.763238, -0.210613, -0.218429
0.771633, 0.190073, 0.664115, 0.144245
0.771852, 0.819437, -0.212582, -0.167779
0.772106, 0.404493, -0.193679, -0.527601
0.772512, 0.297708, -0.185678, -0.613419
0.772638, 0.673301, -0.206041, -0.298184
0.772866, 0.947349, -0.215502, -0.049583
0.773036, 0.128853, 0.675772, 0.102850
0.773075, 0.597793, -0.202552, -0.364146
0.773123, 0.149378, 0.674848, 0.119050
0.773342, 0.565250, -0.200847, -0.392142
0.773395, 0.311266, -0.186261, -0.603059
0.773531, 0.072312, 0.678728, 0.057906
0.773571, 0.968515, -0.215176, -0.029684
0.773646, 0.518280, -0.198430, -0.432333
0.773682, 0.416668, -0.193076, -0.517649
0.773939, 0.116966, 0.677110, 0.093401
0.773959, 0.040636, 0.679529, 0.032562
0.773976, 0.323432, -0.186763, -0.593574
0.774114, 0.661470, -0.204293, -0.308698
0.774255, 0.428945, -0.193296, -0.507506
0.774283, 0.553808, -0.199465, -0.401898
0.774385, 0.276604, -0.183449, -0.631259
0.774397, 0.831910, -0.210734, -0.156495
0.774492, 0.775205, -0.208497, -0.207835
0.774535, 0.714793, -0.206087, -0.261745
0.774731, 0.371047, -0.189426, -0.555193
0.774778, 0.903417, -0.212613, -0.090608
0.774833, 0.214066, 0.755762, 0.256985
0.775180, 0.000000, 0.681147, 0.000000
0.775230, 0.507975, -0.196598, -0.441237
0.775230, 0.463961, -0.194377, -0.478350
0.775488, 0.925003, -0.212663, -0.070554
0.775554, 0.892133, -0.211853, -0.101222
0.775731, 0.989962, -0.213505, -0.009484
0.775994, 0.169133, 0.675843, 0.134388
0.776037, 0.487603, -0.194884, -0.458468
0.776280, 0.649686, -0.201837, -0.319021
0.776298, 0.022051, 0.681941, 0.017663
0.776453, 0.441420, -0.192140, -0.497285
0.776779, 0.619354, -0.200164, -0.345542
0.776841, 0.335685, -0.185319, -0.583972
0.776923, 0.878609, -0.210080, -0.113727
0.777158, 0.787241, -0.206573, -0.197109
0.777179, 0.383103, -0.188160, -0.545517
0.777319, 0.738317, -0.204515, -0.240947
0.777363, 0.639506, -0.200526, -0.328078
0.777483, 0.843871, -0.208480, -0.145745
0.777505, 0.585547, -0.198189, -0.375052
0.777628, 0.237521, -0.223292, -0.707044
0.777668, 0.225873, -0.084914, -0.574661
0.777761, 0.695023, -0.202248, -0.279128
0.777776, 0.264579, -0.178347, -0.639475
0.778097, 0.094261, 0.681700, 0.075239
0.778119, 0.060807, 0.682667, 0.048604
0.778321, 0.957958, -0.211073, -0.039735
0.779557, 0.348554, -0.183978, -0.573790
0.779658, 0.799395, -0.204828, -0.186272
0.779689, 0.856374, -0.206921, -0.134332
0.779996, 0.139059, 0.680877, 0.110538
0.780123, 0.756073, -0.202600, -0.225106
0.780158, 0.453351, -0.189631, -0.487521
0.780552, 0.476455, -0.190484, -0.468175
0.781134, 0.396162, -0.185634, -0.534973
0.781150, 0.936136, -0.207772, -0.060227
0.781220, 0.252233, -0.182841, -0.657214
0.781281, 0.158269, 0.680568, 0.125438
0.781403, 0.536453, -0.192553, -0.417233
0.781684, 0.607859, -0.195388, -0.355786
0.781730, 0.361820, -0.183053, -0.563174
0.781840, 0.082153, 0.684826, 0.065486
0.781961, 0.573442, -0.193683, -0.385527
0.782039, 0.498967, -0.190313, -0.449255
0.782100, 0.811239, -0.203071, -0.175621
0.782141, 0.011017, 0.686557, 0.008804
0.782183, 0.048477, 0.686006, 0.038687
0.782244, 0.979087, -0.207643, -0.019800
0.782287, 0.205682, 0.860701, 0.345747
0.782337, 0.287700, -0.177460, -0.622676
0.782390, 0.681871, -0.197703, -0.291064
0.782399, 0.193855, 0.663377, 0.137265
0.782609, 1.000000, -0.207390, 0.000000
0.782697, 0.727431, -0.199175, -0.250727
0.782871, 0.302176, -0.178071, -0.611240
0.783283, 0.912709, -0.205410, -0.082242
0.783545, 0.033940, 0.687583, 0.027082
0.783670, 0.181170, 0.681793, 0.144053
0.783764, 0.868437, -0.203673, -0.123368
0.783773, 0.105245, 0.685479, 0.083692
0.783938, 0.823821, -0.201890, -0.164251
0.784008, 0.524974, -0.189857, -0.427355
0.784341, 0.668778, -0.195498, -0.302735
0.784484, 0.629961, -0.193778, -0.336628
0.784540, 0.407470, -0.183453, -0.525941
0.784564, 0.547999, -0.190302, -0.407476
0.784604, 0.315801, -0.177638, -0.600480
0.784605, 0.419602, -0.184032, -0.515771
0.784667, 0.127416, 0.684947, 0.101114
0.784753, 0.704898, -0.196474, -0.270809
0.784919, 0.767480, -0.198746, -0.215089
0.785050, 0.596155, -0.191979, -0.366168
0.785735, 0.431967, -0.183756, -0.505611
0.785746, 0.887989, -0.202510, -0.105337
0.785862, 0.746866, -0.197171, -0.233651
0.785902, 0.116453, 0.686482, 0.092438
0.785972, 0.946951, -0.203811, -0.050180
0.786067, 0.716548, -0.195681, -0.260451
0.786205, 0.560686, -0.189434, -0.396707
0.786331, 0.274558, -0.173043, -0.632984
0.786461, 0.655759, -0.193102, -0.314251
0.786552, 0.070625, 0.689061, 0.056197
0.786726, 0.327576, -0.176733, -0.591225
0.786808, 0.465765, -0.184567, -0.477392
0.786900, 0.512125, -0.186711, -0.438293
0.786970, 0.778906, -0.197402, -0.204976
0.787171, 0.836433, -0.199372, -0.152804
0.787173, 0.968443, -0.203143, -0.029902
0.787261, 0.375206, -0.179310, -0.552624
0.787574, 0.147601, 0.686238, 0.116782
0.787709, 0.241943, -0.167828, -0.656881
0.787862, 0.923918, -0.201716, -0.071904
0.787991, 0.900402, -0.200942, -0.093884
0.788113, 0.488401, -0.184542, -0.458391
0.788267, 0.217013, -0.157469, -0.662546
0.788326, 0.387634, -0.179140, -0.542451
0.788403, 0.168942, 0.685695, 0.133731
0.788485, 0.000000, 0.691605, 0.000000
0.788837, 0.229672, -0.170075, -0.670285
0.788899, 0.339706, -0.175758, -0.581585
0.788920, 0.443467, -0.181674, -0.496268
0.789085, 0.022360, 0.691977, 0.017796
0.789182, 0.618344, -0.189202, -0.347021
0.789437, 0.642636, -0.189896, -0.325796
0.789481, 0.583973, -0.187491, -0.376700
0.789482, 0.691973, -0.191760, -0.282443
0.789543, 0.989479, -0.201355, -0.009998
0.789771, 0.791774, -0.195372, -0.193490
0.789939, 0.261892, -0.169779, -0.643729
0.790010, 0.848403, -0.197400, -0.142061
0.790116, 0.092065, 0.691140, 0.073043
0.790443, 0.058074, 0.692416, 0.046140
0.790652, 0.352465, -0.175116, -0.571323
0.791220, 0.736598, -0.191957, -0.243012
0.791342, 0.877791, -0.197189, -0.114986
0.791789, 0.957606, -0.199037, -0.040259
0.792167, 0.859251, -0.195714, -0.132068
0.792248, 0.294837, -0.169936, -0.617519
0.792479, 0.455102, -0.179228, -0.486727
0.792514, 0.364821, -0.174310, -0.561312
0.792668, 0.536859, -0.182794, -0.417463
0.792784, 0.803153, -0.193148, -0.183381
0.792811, 0.203617, 0.521543, 0.000816
0.792873, 0.758027, -0.191315, -0.223986
0.792920, 0.044666, 0.694478, 0.035458
0.792964, 0.477852, -0.179872, -0.467521
0.793193, 0.678399, -0.187920, -0.294551
0.793392, 0.934888, -0.196948, -0.061696
0.793507, 0.136326, 0.691428, 0.107614
0.793620, 0.308573, -0.169788, -0.606651
0.793758, 0.190769, 0.771867, 0.233723
0.793865, 0.500927, -0.180139, -0.448013
0.793873, 0.571568, -0.183200, -0.387749
0.793923, 0.815921, -0.192590, -0.171823
0.794342, 0.606494, -0.184186, -0.357572
0.794639, 0.156924, 0.690795, 0.123352
0.794803, 0.081088, 0.694997, 0.064215
0.794875, 0.522565, -0.180247, -0.429739
0.794883, 0.398253, -0.174254, -0.534099
0.795020, 0.250563, -0.162882, -0.650966
0.795022, 0.282668, -0.166822, -0.627355
0.795167, 0.010971, 0.696765, 0.008709
0.795176, 0.911992, -0.194884, -0.083288
0.795621, 0.422864, -0.174902, -0.513639
0.795653, 0.665124, -0.185226, -0.306327
0.795753, 0.725375, -0.187329, -0.253006
0.795758, 0.101362, 0.695091, 0.080134
0.795790, 0.828951, -0.191391, -0.160020
0.795803, 0.550132, -0.180677, -0.406383
0.795926, 0.411088, -0.174097, -0.523661
0.795946, 0.629998, -0.183638, -0.337101
0.796086, 0.978835, -0.195487, -0.020159
0.796439, 0.178901, 0.683488, 0.133108
0.796467, 1.000000, -0.195260, 0.000000
0.796610, 0.033085, 0.697794, 0.026224
0.796631, 0.594783, -0.181606, -0.367606
0.796784, 0.112818, 0.695291, 0.089057
0.797116, 0.712893, -0.185724, -0.264264
0.797288, 0.125046, 0.694974, 0.098601
0.797369, 0.890294, -0.192193, -0.103583
0.797465, 0.701246, -0.185002, -0.274629
0.797499, 0.320592, -0.167460, -0.597364
0.797910, 0.783081, -0.187682, -0.201633
0.798183, 0.770183, -0.187019, -0.213324
0.798217, 0.433407, -0.173191, -0.504851
0.798245, 0.652310, -0.182502, -0.317811
0.798352, 0.384237, -0.170597, -0.545875
0.798635, 0.068141, 0.698585, 0.053887
0.798663, 0.867927, -0.190130, -0.124269
0.798664, 0.945691, -0.192514, -0.051620
0.798706, 0.467244, -0.174465, -0.476781
0.798926, 0.270323, -0.162854, -0.637426
0.799268, 0.332420, -0.166779, -0.588006
0.799381, 0.237699, -0.160983, -0.663912
0.799507, 0.746664, -0.184882, -0.234367
0.799544, 0.225199, -0.171386, -0.685536
0.799574, 0.561266, -0.177803, -0.396910
0.799804, 0.842801, -0.188119, -0.147377
0.800056, 0.490098, -0.174314, -0.457476
0.800250, 0.345539, -0.166766, -0.577412
0.800297, 0.511257, -0.175034, -0.439557
0.800564, 0.923385, -0.190479, -0.072777
0.800593, 0.212972, -0.261093, -0.786772
0.800689, 0.968250, -0.191166, -0.030254
0.800737, 0.372677, -0.167908, -0.555249
0.800911, 0.167101, 0.696499, 0.132608
0.801012, 0.617424, -0.178716, -0.348380
0.801057, 0.688216, -0.181253, -0.286210
0.801152, 0.581770, -0.177199, -0.379237
0.801152, 0.144866, 0.696873, 0.113770
0.801237, 0.444653, -0.171181, -0.495645
0.801796, 0.000000, 0.701959, 0.000000
0.801860, 0.901808, -0.188728, -0.093082
0.802088, 0.055189, 0.701485, 0.043585
0.802138, 0.358512, -0.165956, -0.566932
0.802159, 0.021567, 0.702171, 0.017049
0.802370, 0.640334, -0.178344, -0.328377
0.802488, 0.531447, -0.173909, -0.422260
0.802589, 0.301563, -0.162087, -0.612849
0.803313, 0.258728, -0.158304, -0.646638
0.803330, 0.989019, -0.189192, -0.010496
0.803659, 0.794572, -0.182918, -0.191486
0.803754, 0.199693, 0.060154, -0.473465
0.803925, 0.854738, -0.185092, -0.136764
0.804043, 0.956514, -0.188057, -0.041487
0.804170, 0.091675, 0.702092, 0.072190
0.804191, 0.735358, -0.180148, -0.244513
0.804206, 0.674898, -0.177921, -0.298031
0.804223, 0.879626, -0.185718, -0.113759
0.804236, 0.807958, -0.183008, -0.179500
0.804318, 0.456328, -0.169112, -0.486067
0.804648, 0.757690, -0.180699, -0.224772
0.804788, 0.290315, -0.159591, -0.622123
0.805169, 0.479339, -0.169457, -0.466879
0.805203, 0.543062, -0.171994, -0.412393
0.805380, 0.043786, 0.704189, 0.034532
0.805459, 0.820899, -0.182347, -0.167737
0.806111, 0.405610, -0.165226, -0.528717
0.806143, 0.078387, 0.703849, 0.061703
0.806181, 0.934369, -0.185649, -0.062526
0.806196, 0.187764, 0.727527, 0.181435
0.806545, 0.419977, -0.165591, -0.516889
0.806656, 0.833896, -0.181721, -0.155885
0.806685, 0.312720, -0.159494, -0.604206
0.806717, 0.392610, -0.164038, -0.539430
0.807028, 0.605170, -0.172772, -0.358920
0.807127, 0.593005, -0.172287, -0.369598
0.807225, 0.500629, -0.168600, -0.448945
0.807277, 0.105535, 0.703876, 0.082913
0.807286, 0.661948, -0.174773, -0.309686
0.807427, 0.133074, 0.702288, 0.104342
0.807431, 0.722462, -0.176803, -0.256178
0.807434, 0.570867, -0.171234, -0.388868
0.807473, 0.155196, 0.700471, 0.120823
0.807569, 0.246464, -0.154393, -0.656877
0.807848, 0.278269, -0.156317, -0.631862
0.808106, 0.520741, -0.168626, -0.431766
0.808126, 0.119216, 0.703686, 0.093436
0.808150, 0.628298, -0.172758, -0.339130
0.808315, 0.780766, -0.178179, -0.204111
0.808331, 0.913247, -0.183183, -0.082518
0.808528, 0.010517, 0.707161, 0.008289
0.808727, 0.710045, -0.175164, -0.267209
0.809391, 0.697789, -0.174124, -0.278083
0.809432, 0.554725, -0.168795, -0.402679
0.809434, 0.176240, 0.746601, 0.182904
0.809485, 0.432854, -0.163733, -0.506378
0.809495, 0.031975, 0.707807, 0.025170
0.809952, 0.338919, -0.158433, -0.583496
0.810013, 0.891688, -0.180947, -0.102755
0.810087, 1.000000, -0.183322, 0.000000
0.810396, 0.325436, -0.157286, -0.594418
0.810472, 0.867940, -0.179681, -0.124828
0.810497, 0.468369, -0.164365, -0.476262
0.810503, 0.978237, -0.182849, -0.020876
0.810555, 0.064908, 0.707839, 0.051003
0.810591, 0.380196, -0.160122, -0.549709
0.810778, 0.650024, -0.171163, -0.320152
0.810785, 0.221532, -0.143590, -0.669931
0.810963, 0.768786, -0.175442, -0.215119
0.811082, 0.233345, -0.148125, -0.664730
0.811091, 0.366344, -0.158976, -0.561091
0.811611, 0.351967, -0.157789, -0.572951
0.811622, 0.944864, -0.180963, -0.052684
0.812340, 0.208416, -0.136080, -0.674469
0.812378, 0.266422, -0.151877, -0.641514
0.812579, 0.684535, -0.170757, -0.289854
0.812907, 0.616671, -0.168040, -0.349288
0.812939, 0.445148, -0.161328, -0.496164
0.813056, 0.745446, -0.172573, -0.235938
0.813081, 0.489922, -0.163107, -0.458347
0.813288, 0.164318, 0.714070, 0.138045
0.813425, 0.966572, -0.179800, -0.032029
0.813522, 0.582498, -0.166300, -0.379055
0.813634, 0.844061, -0.175777, -0.146838
0.814077, 0.532576, -0.163883, -0.421886
0.814101, 0.924739, -0.178426, -0.071890
0.814201, 0.300857, -0.152692, -0.614404
0.814230, 0.510389, -0.162921, -0.440943
0.814265, 0.145643, 0.706275, 0.113059
0.814808, 0.802446, -0.173199, -0.184893
0.815328, 0.054207, 0.711812, 0.042505
0.815342, 0.638281, -0.166695, -0.330657
0.815362, 0.000000, 0.712496, 0.000000
0.815486, 0.020759, 0.712494, 0.016292
0.815494, 0.903136, -0.176505, -0.092283
0.815572, 0.671587, -0.167681, -0.301498
0.815610, 0.456729, -0.159483, -0.486321
0.815762, 0.815452, -0.172752, -0.173053
0.815878, 0.732403, -0.169562, -0.247696
0.815895, 0.857189, -0.174437, -0.135022
0.815905, 0.955276, -0.177329, -0.042857
0.816000, 0.412258, -0.157141, -0.523448
0.816003, 0.196228, -0.315802, -0.866835
0.816064, 0.757091, -0.170123, -0.225438
0.816105, 0.086007, 0.711341, 0.067311
0.816262, 0.255103, -0.148041, -0.650684
0.816282, 0.829096, -0.172763, -0.160617
0.816308, 0.789824, -0.171345, -0.196331
0.816332, 0.287717, -0.150130, -0.624907
0.816386, 0.564139, -0.162973, -0.394686
0.816494, 0.098121, 0.711231, 0.076648
0.816547, 0.880871, -0.174721, -0.113101
0.816786, 0.989946, -0.177281, -0.009679
0.816985, 0.398442, -0.155662, -0.534960
0.817465, 0.042400, 0.713513, 0.033217
0.817483, 0.073607, 0.712811, 0.057585
0.817643, 0.544436, -0.161222, -0.411885
0.817814, 0.595358, -0.162952, -0.368045
0.817814, 0.314824, -0.150596, -0.603411
0.817898, 0.478628, -0.158451, -0.468005
0.818440, 0.111374, 0.712279, 0.087010
0.818596, 0.424944, -0.155535, -0.513065
0.819014, 0.184204, 0.080460, -0.478572
0.819142, 0.124193, 0.711628, 0.096581
0.819289, 0.718958, -0.165959, -0.259697
0.819510, 0.242042, -0.144413, -0.660915
0.819782, 0.659423, -0.163411, -0.312193
0.819813, 0.135179, 0.711431, 0.105021
0.820058, 0.935972, -0.173350, -0.061390
0.820187, 0.333955, -0.149724, -0.588022
0.820221, 0.606487, -0.161234, -0.358526
0.820222, 0.387323, -0.152430, -0.544388
0.820332, 0.706510, -0.164563, -0.270744
0.820387, 0.274689, -0.146039, -0.635478
0.820600, 0.777265, -0.167006, -0.207862
0.820624, 0.521559, -0.157788, -0.431673
0.820738, 0.694032, -0.163747, -0.281766
0.820831, 0.373545, -0.151259, -0.555810
0.821094, 0.359627, -0.150338, -0.567213
0.821118, 0.500065, -0.156557, -0.450081
0.821145, 0.216993, -0.142105, -0.681075
0.821149, 0.627309, -0.161053, -0.340257
0.821584, 0.574741, -0.158760, -0.385693
0.821618, 0.914983, -0.171358, -0.081329
0.821722, 0.345832, -0.149096, -0.578469
0.821846, 0.437749, -0.153336, -0.502530
0.821882, 0.171223, 0.807133, 0.232904
0.822279, 0.010454, 0.717805, 0.008177
0.822412, 0.156499, 0.717553, 0.126098
0.822487, 0.465863, -0.153938, -0.478847
0.822557, 0.030803, 0.717864, 0.024069
0.822574, 0.870706, -0.168715, -0.122645
0.822941, 0.892455, -0.169391, -0.102549
0.823365, 0.228510, -0.141478, -0.672563
0.823379, 0.647351, -0.159831, -0.323024
0.823481, 0.555001, -0.156490, -0.403043
0.824080, 0.981202, -0.170645, -0.018137
0.824182, 0.971171, -0.170355, -0.027784
0.824243, 1.000000, -0.170673, 0.000000
0.824398, 0.680948, -0.160056, -0.293538
0.824515, 0.765852, -0.162765, -0.217895
0.824918, 0.324678, -0.145358, -0.595970
0.824977, 0.305446, -0.144197, -0.611219
0.825143, 0.064017, 0.719224, 0.049897
0.825186, 0.205094, -0.147658, -0.700295
0.825386, 0.836574, -0.164907, -0.154252
0.825390, 0.451109, -0.150885, -0.491537
0.825484, 0.617253, -0.156858, -0.349198
0.825728, 0.848758, -0.165076, -0.143092
0.825740, 0.947095, -0.168425, -0.050896
0.825815, 0.533746, -0.153692, -0.421408
0.825818, 0.404428, -0.148483, -0.530361
0.825830, 0.740766, -0.160875, -0.240649
0.826007, 0.489214, -0.151859, -0.459356
0.826131, 0.586603, -0.155176, -0.375662
0.826319, 0.797622, -0.162495, -0.189637
0.826337, 0.294171, -0.142446, -0.620354
0.826377, 0.752204, -0.160734, -0.230382
0.826401, 0.264047, -0.140557, -0.644310
0.826485, 0.809888, -0.162830, -0.178563
0.826592, 0.822930, -0.163219, -0.166699
0.826595, 0.959095, -0.167855, -0.039404
0.827340, 0.728124, -0.159005, -0.251867
0.827428, 0.510721, -0.151475, -0.441255
0.827455, 0.144345, 0.718020, 0.112632
0.827509, 0.090991, 0.719933, 0.070764
0.827578, 0.860997, -0.163810, -0.131832
0.827713, 0.669634, -0.156620, -0.303466
0.827731, 0.078065, 0.720639, 0.060700
0.827735, 0.926814, -0.166293, -0.070352
0.827782, 0.251979, -0.138662, -0.653749
0.827817, 0.051689, 0.721426, 0.040238
0.828057, 0.282072, -0.140325, -0.629997
0.828072, 0.416370, -0.147108, -0.520563
0.828278, 0.104017, 0.719687, 0.080381
0.828459, 0.193330, -0.127298, -0.692725
0.828517, 0.904629, -0.164837, -0.091351
0.828968, 0.000000, 0.723007, 0.000000
0.828977, 0.635618, -0.154369, -0.333339
0.829377, 0.020827, 0.723220, 0.016219
0.829387, 0.785178, -0.159257, -0.201016
0.829428, 0.476396, -0.148391, -0.470291
0.829763, 0.040770, 0.723020, 0.031715
0.829902, 0.881615, -0.162628, -0.112897
0.829919, 0.117573, 0.721583, 0.092105
0.829929, 0.566213, -0.151201, -0.393602
0.830334, 0.598561, -0.151872, -0.365497
0.830509, 0.179862, -0.311873, -0.887853
0.830693, 0.380468, -0.143363, -0.550721
0.830711, 0.545087, -0.149812, -0.411890
0.830730, 0.428334, -0.145368, -0.510764
0.830827, 0.366524, -0.142590, -0.562147
0.830870, 0.238412, -0.135432, -0.664764
0.831154, 0.352302, -0.141637, -0.573833
0.831422, 0.393749, -0.143365, -0.539849
0.831469, 0.714099, -0.154792, -0.264477
0.831652, 0.314193, -0.139235, -0.604548
0.831734, 0.130700, 0.718313, 0.098523
0.831738, 0.989689, -0.164016, -0.009997
0.831771, 0.701723, -0.154044, -0.275343
0.831996, 0.689727, -0.153448, -0.285956
0.832104, 0.337807, -0.140119, -0.585642
0.832140, 0.216057, -0.133522, -0.682739
0.832203, 0.657252, -0.152235, -0.314611
0.832350, 0.166183, 0.381300, -0.203748
0.832726, 0.523038, -0.147275, -0.430863
0.832913, 0.463152, -0.144886, -0.481629
0.833550, 0.440299, -0.143450, -0.500880
0.833813, 0.939120, -0.161206, -0.058809
0.834019, 0.609993, -0.148988, -0.355731
0.834282, 0.774359, -0.154226, -0.210685
0.834621, 0.577863, -0.147456, -0.383735
0.834721, 0.916536, -0.159654, -0.080330
0.834820, 0.499898, -0.144618, -0.450649
0.835187, 0.272992, -0.134095, -0.637896
0.835455, 0.154248, 0.883560, 0.282323
0.835544, 0.894222, -0.158066, -0.101387
0.835635, 0.623658, -0.147986, -0.343893
0.835752, 0.965790, -0.159964, -0.033167
0.835769, 0.646487, -0.148615, -0.323998
0.835957, 0.761013, -0.152363, -0.222897
0.835994, 0.010544, 0.728344, 0.008181
0.836410, 0.870429, -0.156183, -0.123490
0.836484, 0.031390, 0.728602, 0.024321
0.836516, 0.556709, -0.145090, -0.402066
0.836599, 0.227207, -0.130073, -0.673769
0.836936, 0.830169, -0.154084, -0.160537
0.836954, 0.843070, -0.154584, -0.148749
0.837026, 0.301040, -0.134162, -0.615520
0.837027, 0.451943, -0.140912, -0.491187
0.837054, 0.325617, -0.135395, -0.595591
0.837058, 0.406264, -0.139128, -0.529654
0.837202, 0.069974, 0.728151, 0.054120
0.837437, 0.486640, -0.141856, -0.461959
0.837533, 0.817072, -0.153011, -0.172466
0.837571, 0.057608, 0.728690, 0.044572
0.837634, 0.856036, -0.154465, -0.136840
0.837647, 0.977594, -0.158569, -0.021780
0.837684, 0.287742, -0.132891, -0.626098
0.837741, 0.724879, -0.149370, -0.254959
0.837761, 0.203494, -0.126538, -0.691018
0.837985, 0.804410, -0.152050, -0.183881
0.838009, 0.792697, -0.151543, -0.194408
0.838035, 0.679156, -0.147615, -0.295388
0.838185, 0.737426, -0.149420, -0.243874
0.838218, 0.534750, -0.142866, -0.421018
0.838253, 1.000000, -0.158326, 0.000000
0.838260, 0.248270, -0.130149, -0.657410
0.838464, 0.748547, -0.149605, -0.234070
0.838537, 0.083486, 0.728694, 0.064485
0.838591, 0.952680, -0.157279, -0.045919
0.838807, 0.096134, 0.728332, 0.074275
0.838928, 0.667144, -0.146459, -0.306051
0.838989, 0.589606, -0.143970, -0.373728
0.839035, 0.188941, -0.131138, -0.708873
0.839365, 0.141982, 0.745139, 0.127823
0.839417, 0.260246, -0.129948, -0.648063
0.839589, 0.512769, -0.140913, -0.439840
0.839862, 0.108928, 0.727513, 0.082872
0.840068, 0.418770, -0.137077, -0.519323
0.840605, 0.929005, -0.154836, -0.068709
0.840845, 0.474366, -0.138450, -0.472404
0.840849, 0.359861, -0.133892, -0.567964
0.840976, 0.373386, -0.134380, -0.556818
0.841185, 0.044330, 0.731877, 0.034260
0.841275, 0.634503, -0.143322, -0.334695
0.841545, 0.346702, -0.132724, -0.578817
0.841607, 0.905956, -0.153047, -0.090599
0.841727, 0.386242, -0.134309, -0.546296
0.841800, 0.175752, -0.169661, -0.760886
0.842078, 0.121080, 0.732840, 0.096455
0.842276, 0.883990, -0.151468, -0.111179
0.842495, 0.000000, 0.733391, 0.000000
0.842800, 0.313041, -0.130057, -0.606078
0.842851, 0.692539, -0.143697, -0.283775
0.842889, 0.568862, -0.139846, -0.391763
0.843013, 0.021293, 0.733730, 0.016451
0.843019, 0.430315, -0.135001, -0.509747
0.843048, 0.704803, -0.143949, -0.273032
0.843147, 0.601407, -0.140645, -0.363628
0.843253, 0.546676, -0.138828, -0.410929
0.843731, 0.215732, -0.123493, -0.682916
0.843961, 0.237899, -0.124974, -0.665888
0.844388, 0.783061, -0.145369, -0.203318
0.844760, 0.716150, -0.142780, -0.263073
0.844813, 0.334476, -0.129446, -0.588905
0.844817, 0.163335, -0.240306, -0.840331
0.844855, 0.131315, 0.731323, 0.101489
0.844931, 0.463473, -0.134518, -0.481667
0.844990, 0.988584, -0.152454, -0.011182
0.845045, 0.397623, -0.131979, -0.537002
0.845377, 0.524456, -0.136237, -0.430032
0.845406, 0.769232, -0.144035, -0.215889
0.845421, 0.614109, -0.139001, -0.352644
0.845749, 0.441687, -0.133073, -0.500230
0.845889, 0.657294, -0.139814, -0.314735
0.846094, 0.941983, -0.150398, -0.056476
0.846458, 0.965355, -0.150446, -0.033811
0.846563, 0.279437, -0.125282, -0.633256
0.846602, 0.493448, -0.134140, -0.456502
0.846853, 0.645681, -0.138618, -0.324991
0.847375, 0.918587, -0.148310, -0.078863
0.847557, 0.268651, -0.123893, -0.641805
0.847594, 0.580591, -0.136051, -0.381804
0.847693, 0.862706, -0.145609, -0.131158
0.847843, 0.505086, -0.133454, -0.446654
0.847891, 0.196173, -0.118869, -0.697897
0.847965, 0.836418, -0.144256, -0.155302
0.848150, 0.874713, -0.145643, -0.120007
0.848240, 0.292467, -0.124607, -0.622999
0.848324, 0.849438, -0.144458, -0.143392
0.848330, 0.730492, -0.139901, -0.250291
0.848354, 0.151294, 0.349471, -0.261018
0.848372, 0.756396, -0.140878, -0.227487
0.848378, 0.823179, -0.143341, -0.167377
0.848567, 0.453271, -0.131046, -0.490479
0.848610, 0.810029, -0.142593, -0.179287
0.848751, 0.076501, 0.736618, 0.058702
0.848768, 0.559062, -0.134346, -0.400414
0.848773, 0.895117, -0.146097, -0.101100
0.848803, 0.410296, -0.129281, -0.526568
0.848901, 0.033335, 0.738003, 0.025610
0.849161, 0.302871, -0.124360, -0.614614
0.849237, 0.064167, 0.737459, 0.049299
0.849273, 0.625364, -0.135901, -0.342965
0.849341, 0.052947, 0.737722, 0.040635
0.849350, 0.796237, -0.141303, -0.191656
0.849471, 0.670674, -0.137047, -0.303244
0.849474, 0.010790, 0.738654, 0.008301
0.849486, 0.250641, -0.121347, -0.656181
0.849708, 0.322114, -0.124841, -0.599208
0.849739, 0.227523, -0.119771, -0.674365
0.850107, 0.089133, 0.737288, 0.068400
0.850114, 0.682898, -0.136887, -0.292616
0.850188, 0.101484, 0.736731, 0.077972
0.850325, 0.481736, -0.130511, -0.466533
0.850520, 0.536548, -0.132089, -0.419759
0.851289, 0.366776, -0.125473, -0.562776
0.851298, 0.743752, -0.137747, -0.238807
0.851303, 0.977242, -0.146815, -0.022385
0.851345, 0.184638, -0.113983, -0.705647
0.851605, 0.206386, -0.117051, -0.690665
0.851655, 1.000000, -0.146631, 0.000000
0.851854, 0.592330, -0.132619, -0.371765
0.851907, 0.954090, -0.145627, -0.044979
0.852216, 0.114332, 0.731577, 0.081370
0.852238, 0.354843, -0.124188, -0.572627
0.852362, 0.379437, -0.125069, -0.552287
0.852848, 0.139594, 0.790988, 0.165380
0.853041, 0.422181, -0.126117, -0.516813
0.853146, 0.931187, -0.143634, -0.067088
0.853482, 0.515519, -0.128846, -0.437878
0.853589, 0.343263, -0.122571, -0.582147
0.854014, 0.908037, -0.141869, -0.089146
0.854070, 0.172365, -0.111010, -0.715149
0.854196, 0.470342, -0.126767, -0.476237
0.854343, 0.696245, -0.133429, -0.280908
0.854460, 0.636859, -0.131551, -0.332991
0.854795, 0.777406, -0.135665, -0.208807
0.854868, 0.260789, -0.117622, -0.648622
0.855029, 0.389895, -0.123238, -0.543819
0.855082, 0.604789, -0.130103, -0.361039
0.855338, 0.548842, -0.128205, -0.409288
0.855532, 0.707884, -0.132744, -0.270761
0.855563, 0.720410, -0.133094, -0.259660
0.855698, 0.434064, -0.124268, -0.506953
0.855742, 0.043464, 0.743059, 0.033359
0.855841, 0.000000, 0.743595, 0.000000
0.855876, 0.022279, 0.743491, 0.017074
0.855959, 0.571583, -0.128353, -0.389801
0.856118, 0.239724, -0.115467, -0.665170
0.856418, 0.217692, -0.113999, -0.682310
0.856482, 0.310628, -0.118736, -0.608725
0.856492, 0.125987, 0.802760, 0.158321
0.856586, 0.884314, -0.138375, -0.111468
0.857196, 0.285181, -0.116957, -0.629150
0.857301, 0.331141, -0.118971, -0.592168
0.857621, 0.160648, -0.134080, -0.750994
0.857653, 0.402338, -0.121477, -0.533543
0.857704, 0.650067, -0.128995, -0.321495
0.857712, 0.765392, -0.132598, -0.219715
0.857954, 0.446530, -0.122745, -0.496495
0.858118, 0.498846, -0.124263, -0.452148
0.858274, 0.527072, -0.125016, -0.428199
0.858283, 0.988682, -0.140690, -0.011195
0.858326, 0.661895, -0.128807, -0.311232
0.858362, 0.616516, -0.127514, -0.350952
0.858620, 0.788311, -0.132514, -0.199120
0.858802, 0.830047, -0.134010, -0.161534
0.858805, 0.857094, -0.135133, -0.136790
0.858852, 0.459344, -0.122384, -0.485689
0.858952, 0.966094, -0.139472, -0.033410
0.859046, 0.843379, -0.134320, -0.149365
0.859049, 0.870531, -0.135470, -0.124376
0.859096, 0.943334, -0.138766, -0.055622
0.859096, 0.803487, -0.132603, -0.185455
0.859473, 0.733917, -0.129917, -0.247734
0.859722, 0.816362, -0.132594, -0.173949
0.859896, 0.069334, 0.745263, 0.052952
0.859903, 0.273542, -0.114211, -0.638705
0.859912, 0.488517, -0.122391, -0.461013
0.860047, 0.920401, -0.136905, -0.077656
0.860377, 0.195196, -0.109668, -0.700135
0.860411, 0.561517, -0.124080, -0.398472
0.860636, 0.583219, -0.124555, -0.379949
0.860832, 0.081567, 0.745619, 0.062183
0.860886, 0.897654, -0.135109, -0.099223
0.860930, 0.674527, -0.126798, -0.300183
0.861000, 0.753435, -0.129215, -0.230556
0.861184, 0.297592, -0.114290, -0.619378
0.861513, 0.148998, -0.262788, -0.889811
0.861534, 0.055853, 0.746786, 0.042337
0.861565, 0.413391, -0.118561, -0.524582
0.861591, 0.105078, 0.741714, 0.076728
0.861716, 0.686819, -0.126446, -0.289413
0.862009, 0.093748, 0.746808, 0.072192
0.862038, 0.373565, -0.116713, -0.557544
0.862487, 0.628285, -0.124137, -0.340783
0.862523, 0.011197, 0.748517, 0.008537
0.862533, 0.033068, 0.748328, 0.025156
0.862567, 0.250440, -0.110918, -0.657221
0.862726, 0.229616, -0.109682, -0.673402
0.862857, 0.508048, -0.120377, -0.444337
0.862876, 0.319811, -0.113878, -0.601560
0.862926, 0.538893, -0.121273, -0.418199
0.863046, 0.181925, -0.106943, -0.710500
0.863534, 0.362421, -0.115038, -0.566781
0.863746, 0.476815, -0.118696, -0.471028
0.864121, 0.207071, -0.107357, -0.691204
0.864139, 0.595542, -0.121767, -0.369332
0.864506, 0.136719, 0.250481, -0.384641
0.864510, 0.351543, -0.113800, -0.575720
0.864942, 0.977629, -0.134675, -0.022235
0.865125, 1.000000, -0.134732, 0.000000
0.865305, 0.955093, -0.133650, -0.044417
0.865368, 0.340256, -0.112644, -0.584988
0.865407, 0.115127, 0.767746, 0.107708
0.865658, 0.426711, -0.115517, -0.513552
0.866065, 0.932561, -0.132016, -0.066292
0.866184, 0.394576, -0.113963, -0.540240
0.866274, 0.742971, -0.123996, -0.239939
0.866302, 0.641129, -0.121048, -0.329645
0.866325, 0.724104, -0.123315, -0.256563
0.866717, 0.775823, -0.124630, -0.210619
0.866777, 0.909588, -0.130294, -0.088243
0.866831, 0.170381, -0.103701, -0.719825
0.866940, 0.712111, -0.122443, -0.267283
0.867031, 0.700051, -0.121987, -0.277869
0.867086, 0.518878, -0.117011, -0.435293
0.867190, 0.383069, -0.112699, -0.549743
0.867195, 0.440098, -0.114622, -0.502324
0.867199, 0.262868, -0.107808, -0.647547
0.867309, 0.550791, -0.117733, -0.408062
0.867680, 0.796661, -0.124441, -0.191901
0.867749, 0.607652, -0.118866, -0.358896
0.867988, 0.466413, -0.114733, -0.480097
0.868174, 0.285834, -0.108079, -0.629272
0.868184, 0.219359, -0.104810, -0.681702
0.868632, 0.044729, 0.752795, 0.034148
0.868684, 0.888548, -0.127445, -0.108058
0.868715, 0.308110, -0.108591, -0.611346
0.868951, 0.000000, 0.753502, 0.000000
0.869167, 0.022255, 0.753544, 0.016910
0.869259, 0.877534, -0.126488, -0.118431
0.869319, 0.574095, -0.116511, -0.387776
0.869400, 0.823601, -0.123915, -0.167736
0.869449, 0.850544, -0.125016, -0.143247
0.869474, 0.653797, -0.118530, -0.318654
0.869510, 0.452497, -0.113018, -0.491997
0.869639, 0.239469, -0.104717, -0.666220
0.869666, 0.864167, -0.125448, -0.130777
0.869750, 0.836816, -0.124157, -0.155793
0.870006, 0.763882, -0.121268, -0.221514
0.870051, 0.125642, 0.640614, -0.009406
0.870305, 0.328698, -0.108090, -0.594577
0.870436, 0.158543, -0.104248, -0.733082
0.870510, 0.064494, 0.754926, 0.050435
0.870664, 0.665508, -0.117777, -0.308451
0.871087, 0.619636, -0.116189, -0.348548
0.871257, 0.497247, -0.112755, -0.453851
0.871266, 0.562887, -0.114533, -0.397656
0.871297, 0.809550, -0.121618, -0.180504
0.871391, 0.530295, -0.113559, -0.425684
0.871607, 0.485193, -0.112125, -0.464195
0.871679, 0.189845, -0.100404, -0.704512
0.871810, 0.988864, -0.128701, -0.011145
0.872052, 0.404242, -0.109301, -0.532355
0.872122, 0.966631, -0.127816, -0.033253
0.872162, 0.416800, -0.109612, -0.521884
0.872220, 0.076203, 0.749032, 0.052382
0.872342, 0.944370, -0.126847, -0.055122
0.872389, 0.785643, -0.119779, -0.202085
0.872627, 0.689401, -0.116584, -0.287373
0.872637, 0.677449, -0.116282, -0.297951
0.872843, 0.274758, -0.103800, -0.638397
0.872901, 0.921817, -0.125258, -0.076875
0.872920, 0.088328, 0.765677, 0.077984
0.873146, 0.586466, -0.113496, -0.377413
0.873424, 0.101965, 0.750659, 0.073557
0.873660, 0.733004, -0.116859, -0.248873
0.874094, 0.200431, -0.099103, -0.696454
0.874149, 0.371240, -0.106419, -0.559743
0.874194, 0.297172, -0.103656, -0.620505
0.874215, 0.147034, -0.121103, -0.762799
0.874360, 0.899001, -0.122737, -0.098543
0.874569, 0.251954, -0.101371, -0.656540
0.874610, 0.632398, -0.113340, -0.337469
0.874648, 0.751720, -0.116575, -0.232408
0.875558, 0.033714, 0.758061, 0.025415
0.875565, 0.509123, -0.109364, -0.444054
0.875636, 0.011160, 0.758310, 0.008416
0.875692, 0.542073, -0.110086, -0.415704
0.876005, 0.054682, 0.756837, 0.040158
0.876022, 0.360197, -0.104460, -0.568866
0.876060, 0.318468, -0.102949, -0.603232
0.876117, 0.434441, -0.106769, -0.507234
0.876371, 0.349149, -0.103775, -0.577904
0.876648, 0.598725, -0.110688, -0.366892
0.876655, 0.179129, -0.095876, -0.713086
0.876685, 0.212764, -0.097752, -0.687132
0.876790, 0.227854, -0.098436, -0.675442
0.876961, 0.136381, -0.179553, -0.830840
0.877045, 0.338176, -0.102832, -0.586987
0.877565, 0.391348, -0.104226, -0.543389
0.877688, 0.114619, 0.808289, 0.141864
0.877700, 0.720010, -0.112803, -0.260519
0.877887, 0.460815, -0.106009, -0.485104
0.878015, 0.474483, -0.106307, -0.473706
0.878412, 0.645402, -0.110244, -0.326211
0.878611, 0.977874, -0.122469, -0.022263
0.878728, 1.000000, -0.122683, 0.000000
0.878830, 0.707761, -0.111457, -0.271422
0.878851, 0.955768, -0.121476, -0.044233
0.879116, 0.798191, -0.113902, -0.190906
0.879209, 0.933697, -0.120118, -0.065783
0.879393, 0.911006, -0.118751, -0.087484
0.879469, 0.167100, -0.092959, -0.722424
0.879683, 0.554188, -0.106865, -0.405379
0.879754, 0.264149, -0.097746, -0.647149
0.879828, 0.521134, -0.105937, -0.433886
0.879845, 0.858074, -0.115655, -0.136751
0.880021, 0.844142, -0.114898, -0.149504
0.880064, 0.819010, -0.113799, -0.172218
0.880068, 0.445958, -0.103704, -0.497666
0.880068, 0.872381, -0.116136, -0.123637
0.880100, 0.773807, -0.112296, -0.212994
0.880289, 0.424685, -0.102882, -0.515414
0.880437, 0.611043, -0.107593, -0.356250
0.880481, 0.286368, -0.098074, -0.629413
0.880731, 0.379695, -0.101167, -0.553121
0.880945, 0.830852, -0.113432, -0.161522
0.880994, 0.696889, -0.109164, -0.281000
0.881118, 0.886429, -0.115894, -0.110703
0.881180, 0.741619, -0.110237, -0.241510
0.881511, 0.240880, -0.095310, -0.665642
0.881783, 0.307988, -0.097843, -0.612033
0.881840, 0.658220, -0.107464, -0.315080
0.881854, 0.567246, -0.105258, -0.394171
0.881917, 0.761099, -0.110170, -0.224282
0.882065, 0.000000, 0.763411, 0.000000
0.882140, 0.487907, -0.103080, -0.462425
0.882158, 0.022511, 0.763300, 0.016971
0.882454, 0.044527, 0.763150, 0.033710
0.882571, 0.578635, -0.104928, -0.384466
0.882653, 0.066931, 0.766903, 0.054849
0.882671, 0.411219, -0.100484, -0.526949
0.883051, 0.623408, -0.105542, -0.345551
0.883107, 0.669843, -0.106605, -0.304939
0.883146, 0.127253, -0.232680, -0.894089
0.883610, 0.154913, -0.088771, -0.731531
0.883643, 0.683399, -0.106417, -0.292932
0.883702, 0.092039, 0.806746, 0.113226
0.883996, 0.329123, -0.096762, -0.594831
0.884066, 0.533253, -0.102502, -0.423565
0.884109, 0.499991, -0.101689, -0.452257
0.884286, 0.190437, -0.090693, -0.705075
0.884297, 0.079062, 0.745614, 0.041535
0.884317, 0.786086, -0.108816, -0.202203
0.885332, 0.809507, -0.108618, -0.181080
0.885437, 0.399946, -0.097804, -0.536489
0.885460, 0.989001, -0.116599, -0.011171
0.885655, 0.966924, -0.115746, -0.033396
0.885740, 0.104597, 0.835695, 0.154659
0.885775, 0.203682, -0.090210, -0.695098
0.885866, 0.945082, -0.114611, -0.055015
0.885869, 0.275798, -0.093269, -0.638105
0.885937, 0.923094, -0.113346, -0.076278
0.885941, 0.728765, -0.105511, -0.253045
0.886049, 0.590423, -0.102096, -0.374310
0.886304, 0.899419, -0.111814, -0.098858
0.886381, 0.217900, -0.090397, -0.683960
0.886447, 0.636487, -0.102779, -0.334161
0.886682, 0.253542, -0.091716, -0.655880
0.887145, 0.366618, -0.095371, -0.564293
0.887309, 0.297675, -0.092914, -0.620535
0.887368, 0.454755, -0.097620, -0.490308
0.887698, 0.141819, -0.085261, -0.741848
0.887926, 0.354131, -0.094315, -0.574529
0.888063, 0.342066, -0.093811, -0.584414
0.888118, 0.545592, -0.099211, -0.413025
0.888214, 0.512160, -0.098376, -0.441884
0.888426, 0.435188, -0.096195, -0.506830
0.888652, 0.011267, 0.767833, 0.008355
0.888734, 0.467115, -0.096758, -0.479911
0.888836, 0.033626, 0.767957, 0.025154
0.888870, 0.177047, -0.086484, -0.715556
0.888871, 0.319215, -0.092387, -0.603144
0.888909, 0.230721, -0.088971, -0.674040
0.889089, 0.056408, 0.765978, 0.040398
0.889175, 0.602427, -0.099576, -0.363970
0.889274, 0.750810, -0.103096, -0.233690
0.889422, 0.715620, -0.102003, -0.264831
0.889980, 0.117725, -0.162450, -0.835821
0.889996, 0.850788, -0.105886, -0.143875
0.890079, 0.864674, -0.106416, -0.131156
0.890367, 0.650077, -0.099559, -0.322394
0.890417, 0.388706, -0.093246, -0.545971
0.890514, 0.478864, -0.095519, -0.470071
0.890646, 0.420316, -0.093925, -0.519594
0.890953, 0.836870, -0.104400, -0.156555
0.891187, 0.878262, -0.106095, -0.118770
0.891223, 0.558477, -0.096749, -0.401970
0.891311, 0.798409, -0.102668, -0.191261
0.891470, 0.912058, -0.107675, -0.087160
0.891685, 0.165793, -0.083751, -0.724115
0.892026, 0.765516, -0.100918, -0.220561
0.892168, 0.822444, -0.102698, -0.169649
0.892229, 0.703611, -0.099126, -0.275484
0.892264, 0.691619, -0.098753, -0.285868
0.892299, 0.978110, -0.110250, -0.022362
0.892389, 0.524475, -0.094988, -0.431395
0.892444, 1.000000, -0.110541, 0.000000
0.892516, 0.265559, -0.087482, -0.646542
0.892577, 0.955984, -0.109087, -0.044598
0.892658, 0.934517, -0.107845, -0.065667
0.892703, 0.377518, -0.090995, -0.555342
0.893009, 0.676296, -0.097789, -0.299567
0.893051, 0.614857, -0.096371, -0.353222
0.893235, 0.287213, -0.087687, -0.629192
0.893694, 0.737732, -0.098629, -0.245329
0.893714, 0.570861, -0.094811, -0.391335
0.893741, 0.243423, -0.085637, -0.664167
0.893742, 0.776091, -0.099703, -0.211325
0.893944, 0.491374, -0.092832, -0.459534
0.894312, 0.445452, -0.091421, -0.498537
0.894506, 0.890253, -0.103633, -0.107838
0.894614, 0.626795, -0.095228, -0.342888
0.894670, 0.131051, -0.061398, -0.732596
0.894764, 0.309163, -0.087171, -0.611434
0.894965, 0.662866, -0.095725, -0.311442
0.895023, 0.408002, -0.089861, -0.530049
0.895118, 0.000000, 0.773316, 0.000000
0.895157, 0.082964, 0.724074, 0.014114
0.895167, 0.068872, 0.780506, 0.060575
0.895260, 0.022479, 0.773228, 0.016923
0.895291, 0.094755, 1.012554, 0.314517
0.895348, 0.045218, 0.772335, 0.033568
0.895407, 0.152445, -0.080180, -0.734552
0.895740, 0.582441, -0.093262, -0.381385
0.895978, 0.332244, -0.086895, -0.592634
0.896208, 0.787797, -0.097708, -0.200812
0.896230, 0.184982, -0.081154, -0.709686
0.896292, 0.196258, -0.081618, -0.700951
0.896452, 0.536964, -0.091680, -0.420750
0.896633, 0.208763, -0.081899, -0.691352
0.896860, 0.503469, -0.090561, -0.449307
0.897380, 0.108166, -0.165314, -0.851196
0.897665, 0.809410, -0.097150, -0.181690
0.897711, 0.640205, -0.092705, -0.331173
0.897781, 0.428885, -0.088014, -0.512502
0.897836, 0.221138, -0.081471, -0.681806
0.898006, 0.724354, -0.094349, -0.257343
0.898757, 0.357354, -0.085307, -0.572120
0.898838, 0.457786, -0.087819, -0.488321
0.898943, 0.594153, -0.090643, -0.371290
0.898981, 0.276917, -0.082643, -0.637705
0.899055, 0.396209, -0.086116, -0.539989
0.899157, 0.902165, -0.099873, -0.096885
0.899166, 0.924053, -0.101151, -0.076072
0.899184, 0.344825, -0.084602, -0.582527
0.899217, 0.989146, -0.104393, -0.011225
0.899235, 0.967248, -0.103565, -0.033590
0.899259, 0.255516, -0.081660, -0.654769
0.899650, 0.757635, -0.093618, -0.227726
0.899774, 0.944975, -0.101909, -0.055832
0.900011, 0.549792, -0.088804, -0.409789
0.900100, 0.298812, -0.082450, -0.620066
0.900205, 0.369211, -0.084431, -0.562476
0.900434, 0.321864, -0.082874, -0.601240
0.900561, 0.857650, -0.096247, -0.138026
0.900741, 0.515763, -0.087420, -0.438863
0.900753, 0.469785, -0.086428, -0.478172
0.900857, 0.685498, -0.090768, -0.291395
0.900946, 0.845131, -0.095315, -0.149375
0.901093, 0.233772, -0.079384, -0.672060
0.901121, 0.870761, -0.096287, -0.126015
0.901385, 0.606107, -0.088703, -0.360979
0.901406, 0.142276, -0.073828, -0.741198
0.901697, 0.011219, 0.777017, 0.008026
0.901761, 0.056976, 0.774660, 0.039740
0.901768, 0.033889, 0.777452, 0.025159
0.901797, 0.832028, -0.094062, -0.161380
0.901919, 0.711236, -0.090458, -0.269053
0.902131, 0.162539, -0.075548, -0.727228
0.902175, 0.120537, -0.064395, -0.750103
0.902318, 0.745807, -0.090880, -0.238389
0.902684, 0.482126, -0.085018, -0.467719
0.902727, 0.651874, -0.088432, -0.321163
0.903135, 0.417553, -0.083156, -0.522190
0.903298, 0.438420, -0.083492, -0.504564
0.903309, 0.562390, -0.086139, -0.399014
0.903496, 0.383663, -0.082014, -0.550471
0.903588, 0.174691, -0.074988, -0.718029
0.903783, 0.914017, -0.096172, -0.085902
0.904294, 0.672965, -0.087452, -0.302743
0.904343, 0.796580, -0.090373, -0.193169
0.904399, 0.882743, -0.093820, -0.115184
0.904736, 0.698030, -0.087517, -0.280517
0.904744, 0.528322, -0.084151, -0.428154
0.904858, 0.820175, -0.090780, -0.172230
0.905076, 0.076290, 0.744830, 0.022436
0.905222, 0.630424, -0.085696, -0.339718
0.905607, 0.098915, -0.013190, -0.712567
0.905704, 0.266634, -0.076834, -0.646173
0.905960, 0.781646, -0.088486, -0.206687
0.906012, 0.494576, -0.082371, -0.457168
0.906031, 0.618569, -0.084774, -0.350213
0.906033, 0.288615, -0.077266, -0.628553
0.906045, 0.978399, -0.097961, -0.022489
0.906051, 0.956312, -0.096863, -0.044958
0.906075, 0.768771, -0.087954, -0.217988
0.906163, 0.574492, -0.083839, -0.388626
0.906203, 0.733257, -0.087017, -0.249664
0.906284, 1.000000, -0.098297, 0.000000
0.906474, 0.245973, -0.075517, -0.662632
0.906670, 0.933616, -0.094894, -0.067405
0.907168, 0.310920, -0.076995, -0.610477
0.907525, 0.406089, -0.079136, -0.531905
0.907621, 0.199283, -0.072884, -0.699342
0.907768, 0.131825, -0.071821, -0.752567
0.907913, 0.186772, -0.072156, -0.709120
0.907931, 0.449100, -0.079733, -0.495679
0.908094, 0.211670, -0.072988, -0.689681
0.908120, 0.045381, 0.779587, 0.031252
0.908196, 0.000000, 0.783478, 0.000000
0.908225, 0.022478, 0.783568, 0.017395
0.908233, 0.894645, -0.090850, -0.104378
0.908373, 0.334663, -0.076635, -0.590975
0.908400, 0.087477, 0.735308, 0.024458
0.908501, 0.541145, -0.081078, -0.417184
0.908806, 0.586060, -0.081698, -0.378653
0.908901, 0.661951, -0.083039, -0.312483
0.909152, 0.224120, -0.072603, -0.679935
0.909330, 0.506994, -0.079714, -0.446633
0.909428, 0.153015, -0.069478, -0.734683
0.909878, 0.066168, 0.815168, 0.081637
0.909939, 0.348059, -0.075688, -0.580146
0.909969, 0.809116, -0.085554, -0.182216
0.909982, 0.110224, -0.024251, -0.724108
0.910382, 0.720467, -0.082887, -0.261077
0.910432, 0.427810, -0.077130, -0.513752
0.910444, 0.640940, -0.081178, -0.330634
0.910486, 0.360425, -0.075539, -0.569968
0.910928, 0.373180, -0.075466, -0.559355
0.911008, 0.460553, -0.077318, -0.486147
0.911278, 0.755716, -0.082835, -0.229822
0.911425, 0.394688, -0.075556, -0.541549
0.911505, 0.685174, -0.081107, -0.292105
0.911565, 0.863609, -0.086079, -0.132997
0.911655, 0.322633, -0.073599, -0.601078
0.911767, 0.597540, -0.079248, -0.368691
0.911809, 0.277923, -0.072222, -0.637356
0.912052, 0.840950, -0.084715, -0.153665
0.912132, 0.553937, -0.078097, -0.406224
0.912366, 0.473213, -0.076395, -0.475452
0.912422, 0.907146, -0.087572, -0.092883
0.912540, 0.301003, -0.072287, -0.618772
0.912634, 0.256516, -0.070902, -0.654539
0.912818, 0.852463, -0.084423, -0.143217
0.912843, 0.967672, -0.091275, -0.033795
0.913005, 0.519528, -0.076721, -0.435978
0.913113, 0.989309, -0.092045, -0.011317
0.913147, 0.608870, -0.078189, -0.358758
0.913192, 0.945273, -0.089562, -0.056361
0.913363, 0.236870, -0.069679, -0.670010
0.913386, 0.165595, -0.067029, -0.725394
0.913808, 0.921580, -0.087225, -0.079327
0.914102, 0.707767, -0.079214, -0.272381
0.914122, 0.874378, -0.084132, -0.123253
0.914322, 0.829143, -0.082128, -0.164392
0.914637, 0.742753, -0.079439, -0.241429
0.914644, 0.033692, 0.785576, 0.023708
0.914754, 0.011183, 0.785514, 0.007400
0.914856, 0.485477, -0.074467, -0.465118
0.914949, 0.142813, -0.065164, -0.742988
0.915282, 0.121108, -0.061266, -0.756239
0.915553, 0.416078, -0.072493, -0.523755
0.915701, 0.055801, 0.795307, 0.048364
0.915767, 0.566560, -0.075088, -0.395383
0.915893, 0.799205, -0.079627, -0.191095
0.915962, 0.788016, -0.079339, -0.201309
0.916072, 0.651000, -0.076290, -0.322046
0.916129, 0.438936, -0.072462, -0.504563
0.916274, 0.628000, -0.075729, -0.342230
0.916438, 0.672862, -0.076386, -0.303051
0.916671, 0.384779, -0.070875, -0.549891
0.916827, 0.532348, -0.073583, -0.425057
0.917071, 0.098406, -0.205565, -0.919824
0.917594, 0.886259, -0.081492, -0.112603
0.917676, 0.775865, -0.077435, -0.212207
0.917840, 0.695982, -0.075561, -0.282856
0.917996, 0.178284, -0.063989, -0.716033
0.918004, 0.498062, -0.071946, -0.454461
0.918056, 0.076929, 0.687284, -0.039337
0.918355, 0.289769, -0.067198, -0.627984
0.918582, 0.729970, -0.075523, -0.252825
0.918611, 0.818540, -0.077707, -0.174021
0.918941, 0.267408, -0.066115, -0.646080
0.918971, 0.578790, -0.072442, -0.384876
0.919078, 0.191352, -0.063618, -0.706018
0.919142, 0.203752, -0.063994, -0.696368
0.919331, 0.933975, -0.083073, -0.067937
0.919357, 0.956801, -0.084676, -0.045284
0.919603, 0.215927, -0.064028, -0.686799
0.919633, 0.764442, -0.075336, -0.222416
0.919908, 0.978742, -0.085514, -0.022677
0.920107, 0.404398, -0.068365, -0.533672
0.920189, 0.340271, -0.066947, -0.587122
0.920263, 1.000000, -0.085929, 0.000000
0.920357, 0.313685, -0.066169, -0.608790
0.920408, 0.227918, -0.063759, -0.677282
0.920539, 0.617012, -0.071664, -0.351728
0.920584, 0.545157, -0.070483, -0.414142
0.920585, 0.131601, -0.059488, -0.750569
0.920607, 0.246796, -0.064165, -0.662368
0.920855, 0.450385, -0.068610, -0.495085
0.921111, 0.328074, -0.065884, -0.597072
0.921191, 0.044519, 0.783380, 0.024131
0.921209, 0.898486, -0.078791, -0.101607
0.921284, 0.022270, 0.795616, 0.019228
0.921294, 0.000000, 0.794277, 0.000000
0.921546, 0.352622, -0.066075, -0.576865
0.921589, 0.510748, -0.069022, -0.443696
0.921843, 0.087483, -0.116399, -0.840150
0.921859, 0.464075, -0.067984, -0.483485
0.921876, 0.590907, -0.070048, -0.374464
0.921925, 0.364404, -0.066003, -0.567060
0.922146, 0.661203, -0.070962, -0.313272
0.922354, 0.426745, -0.066868, -0.514944
0.922400, 0.110076, -0.079640, -0.788944
0.922555, 0.638831, -0.070232, -0.332863
0.922605, 0.154258, -0.059550, -0.734504
0.922920, 0.717442, -0.071280, -0.263972
0.922940, 0.375381, -0.065363, -0.557854
0.923332, 0.683801, -0.070290, -0.293570
0.923356, 0.751957, -0.071571, -0.233497
0.923520, 0.838835, -0.073694, -0.155864
0.923590, 0.862722, -0.074584, -0.134344
0.923832, 0.066644, 0.908203, 0.168249
0.923934, 0.911232, -0.077006, -0.089917
0.923956, 0.807914, -0.072272, -0.183491
0.924073, 0.166899, -0.058873, -0.724846
0.924126, 0.301419, -0.062742, -0.618698
0.924309, 0.278846, -0.062040, -0.637001
0.924321, 0.557872, -0.067377, -0.403284
0.924345, 0.476419, -0.066037, -0.473074
0.924383, 0.850001, -0.073243, -0.145753
0.924403, 0.603717, -0.067996, -0.363447
0.925023, 0.523442, -0.066207, -0.432890
0.925272, 0.393644, -0.063740, -0.542687
0.925723, 0.875743, -0.073205, -0.122710
0.925877, 0.257051, -0.060191, -0.654410
0.926528, 0.968128, -0.078789, -0.034120
0.926690, 0.946061, -0.076970, -0.056544
0.926763, 0.488928, -0.064125, -0.462412
0.926857, 0.923278, -0.075045, -0.078734
0.927032, 0.739330, -0.067895, -0.244715
0.927193, 0.705776, -0.067138, -0.274352
0.927201, 0.989524, -0.079484, -0.011441
0.927407, 0.237263, -0.058423, -0.670031
0.927604, 0.795585, -0.068548, -0.194693
0.927623, 0.142116, -0.055251, -0.743607
0.927773, 0.828493, -0.069351, -0.165386
0.927827, 0.033102, 0.784425, 0.012597
0.927835, 0.414618, -0.061945, -0.525266
0.927929, 0.011102, 0.792954, 0.006533
0.928010, 0.437561, -0.062184, -0.505899
0.928417, 0.570364, -0.063928, -0.392598
0.928481, 0.120196, -0.056591, -0.762906
0.928604, 0.784084, -0.067354, -0.205014
0.928711, 0.649270, -0.064817, -0.323848
0.928782, 0.627424, -0.064412, -0.342874
0.928862, 0.055524, 0.938088, 0.181872
0.928900, 0.536348, -0.062981, -0.421857
0.928924, 0.671702, -0.064968, -0.304215
0.929141, 0.100059, -0.040250, -0.762807
0.929814, 0.501663, -0.061646, -0.451540
0.930029, 0.889025, -0.069738, -0.110767
0.930170, 0.185809, -0.054761, -0.710502
0.930507, 0.198216, -0.054866, -0.700851
0.930550, 0.210744, -0.055192, -0.691075
0.930584, 0.772627, -0.065246, -0.215245
0.930799, 0.223554, -0.055346, -0.680991
0.930835, 0.694419, -0.063591, -0.284350
0.931069, 0.289499, -0.056751, -0.628546
0.931167, 0.727010, -0.063835, -0.255644
0.931199, 0.383466, -0.058502, -0.551202
0.931471, 0.457180, -0.059502, -0.489285
0.931522, 0.322485, -0.057070, -0.601579
0.931768, 0.582032, -0.061107, -0.382578
0.931921, 0.935554, -0.071114, -0.067315
0.931981, 0.269063, -0.055526, -0.644824
0.931995, 0.817162, -0.064969, -0.175523
0.932007, 0.335258, -0.056921, -0.591138
0.932346, 0.347306, -0.056873, -0.581257
0.932351, 0.077251, -0.212930, -0.952135
0.932384, 0.174780, -0.052692, -0.718970
0.932497, 0.615672, -0.060898, -0.353188
0.932570, 0.761082, -0.063153, -0.225520
0.932594, 0.957287, -0.072349, -0.045772
0.932737, 0.549162, -0.059766, -0.410888
0.932795, 0.130241, -0.051521, -0.753268
0.932976, 0.310972, -0.055621, -0.610930
0.933215, 0.403275, -0.057143, -0.534875
0.933306, 0.089096, -0.067956, -0.801787
0.933428, 0.359516, -0.056187, -0.571153
0.933721, 0.514619, -0.058399, -0.440475
0.933870, 0.044102, 0.854087, 0.084449
0.933877, 0.900495, -0.066716, -0.100558
0.933892, 0.979143, -0.072847, -0.022970
0.934072, 0.593738, -0.059202, -0.372436
0.934143, 0.446789, -0.057034, -0.498210
0.934280, 0.371101, -0.055674, -0.561557
0.934296, 0.425185, -0.056571, -0.516473
0.934408, 1.000000, -0.073383, 0.000000
0.934424, 0.468249, -0.057102, -0.479936
0.934432, 0.000000, 0.807298, 0.000000
0.934507, 0.161435, -0.050641, -0.729288
0.934618, 0.022106, 0.807817, 0.020534
0.934918, 0.659958, -0.059330, -0.314578
0.935058, 0.246600, -0.052511, -0.662949
0.935219, 0.854479, -0.063213, -0.142472
0.935376, 0.682486, -0.059233, -0.294841
0.935401, 0.637593, -0.058586, -0.334205
0.935479, 0.748865, -0.060213, -0.236380
0.935504, 0.867201, -0.063445, -0.130994
0.935581, 0.840744, -0.062342, -0.154739
0.936069, 0.149597, -0.049059, -0.738256
0.936158, 0.299512, -0.052759, -0.620350
0.936211, 0.110909, -0.043696, -0.763331
0.936219, 0.715360, -0.058982, -0.266057
0.936316, 0.480240, -0.055631, -0.469821
0.936317, 0.912759, -0.065078, -0.089257
0.936386, 0.804905, -0.060538, -0.186699
0.936457, 0.605195, -0.057193, -0.362375
0.936590, 0.561971, -0.056513, -0.399884
0.936914, 0.527286, -0.055757, -0.429664
0.937088, 0.879973, -0.062397, -0.119313
0.937356, 0.065998, 0.085573, -0.662798
0.937457, 0.258652, -0.050840, -0.653303
0.937576, 0.279592, -0.051191, -0.636563
0.938462, 0.232986, -0.049452, -0.673716
0.938589, 0.492564, -0.053820, -0.459416
0.939115, 0.392033, -0.051920, -0.544281
0.939567, 0.924609, -0.062742, -0.078348
0.939651, 0.736481, -0.056127, -0.247386
0.939788, 0.792964, -0.057049, -0.197360
0.939943, 0.827443, -0.057729, -0.166619
0.940259, 0.968922, -0.066053, -0.034299
0.940554, 0.413653, -0.051025, -0.526335
0.940589, 0.704466, -0.054779, -0.275645
0.940890, 0.136790, -0.044917, -0.747904
0.940954, 0.434978, -0.050984, -0.508356
0.940988, 0.540218, -0.052316, -0.418566
0.941078, 0.947076, -0.063239, -0.056741
0.941100, 0.218750, -0.047019, -0.685054
0.941185, 0.032890, 0.792583, 0.011165
0.941199, 0.011536, 0.796351, 0.004180
0.941256, 0.625447, -0.053145, -0.344955
0.941385, 0.505367, -0.051539, -0.448556
0.941419, 0.648710, -0.053279, -0.324611
0.941455, 0.781481, -0.055249, -0.207620
0.941457, 0.670434, -0.053510, -0.305492
0.941572, 0.989255, -0.066551, -0.012241
0.941603, 0.205657, -0.046312, -0.695347
0.941683, 0.099282, -0.038933, -0.771676
0.941740, 0.574499, -0.052076, -0.389099
0.941948, 0.054822, 0.556427, -0.203628
0.941994, 0.193204, -0.045701, -0.705093
0.942754, 0.122087, -0.042303, -0.758378
0.942994, 0.329691, -0.047657, -0.596079
0.943345, 0.770102, -0.053258, -0.217717
0.943445, 0.181796, -0.044280, -0.713933
0.943455, 0.693225, -0.051981, -0.285524
0.943542, 0.342381, -0.047405, -0.585651
0.943736, 0.379681, -0.047813, -0.554786
0.943786, 0.457714, -0.048821, -0.488985
0.943789, 0.936092, -0.059449, -0.067657
0.943864, 0.317482, -0.046724, -0.606043
0.944129, 0.890085, -0.056005, -0.110408
0.944187, 0.814571, -0.053390, -0.178319
0.944196, 0.086091, -0.016888, -0.762414
0.944238, 0.724833, -0.051712, -0.257825
0.944251, 0.354862, -0.047006, -0.575364
0.944586, 0.169683, -0.043085, -0.723274
0.944679, 0.586540, -0.049588, -0.378732
0.944850, 0.553010, -0.049042, -0.407606
0.945014, 0.758387, -0.051493, -0.228110
0.945166, 0.291585, -0.045192, -0.626964
0.945217, 0.958627, -0.060296, -0.045471
0.945647, 0.367277, -0.046012, -0.565072
0.945701, 0.267719, -0.044326, -0.646287
0.945743, 0.445378, -0.046974, -0.499534
0.945860, 0.613434, -0.048826, -0.355338
0.945873, 0.305418, -0.044848, -0.615831
0.945906, 0.903221, -0.055072, -0.098685
0.945932, 0.518554, -0.047702, -0.437363
0.945951, 0.470575, -0.047116, -0.478287
0.945997, 0.401681, -0.046193, -0.536384
0.946293, 0.043436, 0.898174, 0.121237
0.946309, 0.848805, -0.052301, -0.147836
0.946490, 0.599297, -0.048106, -0.367657
0.946526, 0.861835, -0.052515, -0.136135
0.946626, 0.157405, -0.041198, -0.732672
0.946749, 0.074391, -0.016869, -0.773217
0.946885, 0.875168, -0.052661, -0.124106
0.947126, 0.241203, -0.042667, -0.667446
0.947172, 0.424380, -0.045491, -0.517470
0.947214, 0.681248, -0.048378, -0.296067
0.947322, 0.000000, 0.823820, 0.000000
0.947325, 0.253617, -0.042749, -0.657634
0.947442, 0.746263, -0.049039, -0.238863
0.947653, 0.637696, -0.047486, -0.334236
0.947706, 0.836236, -0.050559, -0.159006
0.947971, 0.483180, -0.045503, -0.467601
0.948001, 0.659077, -0.047421, -0.315674
0.948285, 0.023398, 0.827521, 0.027904
0.948350, 0.145109, -0.039560, -0.741927
0.948420, 1.000000, -0.060921, 0.000000
0.948440, 0.978486, -0.059330, -0.024729
0.948519, 0.279743, -0.042232, -0.636559
0.948714, 0.530943, -0.045387, -0.426820
0.948834, 0.565300, -0.045639, -0.397127
0.948879, 0.110041, -0.038493, -0.768456
0.949048, 0.916171, -0.052748, -0.086889
0.949113, 0.802578, -0.048438, -0.189010
0.949179, 0.227521, -0.040750, -0.678268
0.950037, 0.495955, -0.043835, -0.456703
0.950259, 0.714106, -0.045991, -0.267283
0.951473, 0.063030, -0.102488, -0.870343
0.951601, 0.388775, -0.041254, -0.547366
0.951781, 0.213424, -0.038403, -0.689456
0.951786, 0.130832, -0.036652, -0.753001
0.952294, 0.790554, -0.045211, -0.199789
0.952421, 0.823099, -0.045749, -0.170942
0.952501, 0.509101, -0.041806, -0.445461
0.952758, 0.734113, -0.043945, -0.249797
0.952935, 0.928297, -0.049690, -0.075796
0.952966, 0.626772, -0.042551, -0.343752
0.952973, 0.412206, -0.040354, -0.527626
0.953076, 0.096550, -0.037646, -0.781077
0.953102, 0.543961, -0.041635, -0.415642
0.953132, 0.200572, -0.037087, -0.699588
0.953756, 0.703230, -0.042633, -0.276874
0.953806, 0.011643, 0.790318, -0.003079
0.954176, 0.669349, -0.041898, -0.306745
0.954351, 0.336689, -0.038253, -0.590268
0.954410, 0.779349, -0.043021, -0.209711
0.954532, 0.435512, -0.039283, -0.508240
0.954630, 0.648495, -0.041272, -0.324947
0.954765, 0.324263, -0.037743, -0.600489
0.954826, 0.941061, -0.048861, -0.063838
0.954863, 0.966996, -0.051811, -0.037824
0.954920, 0.189092, -0.035457, -0.708537
0.954961, 0.952812, -0.050041, -0.052465
0.955019, 0.578691, -0.040259, -0.385665
0.955039, 0.349494, -0.037840, -0.579714
0.955239, 0.050776, 0.060207, -0.714845
0.955410, 0.035880, 0.867343, 0.082549
0.955510, 0.449665, -0.038584, -0.496249
0.955549, 0.462108, -0.038684, -0.485770
0.955680, 0.691616, -0.040729, -0.287049
0.955712, 0.767669, -0.041619, -0.220049
0.955724, 0.177020, -0.034591, -0.717874
0.955774, 0.989675, -0.053505, -0.012535
0.956031, 0.882683, -0.044071, -0.117881
0.956104, 0.362166, -0.037100, -0.569300
0.956173, 0.375887, -0.037204, -0.557986
0.956219, 0.895271, -0.044452, -0.106534
0.956257, 0.312209, -0.036340, -0.610347
0.956317, 0.083743, -0.036416, -0.792023
0.956350, 0.299230, -0.036092, -0.620958
0.956591, 0.591689, -0.038988, -0.374614
0.956614, 0.120026, -0.032838, -0.761320
0.956951, 0.604917, -0.038778, -0.363079
0.957006, 0.164858, -0.033350, -0.727191
0.957096, 0.261126, -0.034934, -0.651728
0.957102, 0.616632, -0.038729, -0.352713
0.957179, 0.755883, -0.040075, -0.230434
0.957389, 0.812026, -0.040766, -0.180824
0.957501, 0.868839, -0.042103, -0.130324
0.957608, 0.855714, -0.041578, -0.142008
0.957635, 0.554915, -0.037717, -0.406351
0.957768, 0.399770, -0.036113, -0.538100
0.957776, 0.474419, -0.036859, -0.475278
0.957823, 0.287150, -0.034708, -0.630703
0.957901, 0.723773, -0.039050, -0.258968
0.957962, 0.908082, -0.043354, -0.094920
0.958179, 0.273441, -0.034232, -0.641855
0.958285, 0.843285, -0.040558, -0.152983
0.958292, 0.247903, -0.033769, -0.662349
0.958363, 0.522787, -0.036770, -0.433756
0.958573, 0.152395, -0.031891, -0.736664
0.958586, 0.235172, -0.033336, -0.672449
0.958877, 0.422930, -0.035393, -0.518589
0.958926, 0.679782, -0.037641, -0.297533
0.959056, 0.139482, -0.031258, -0.746457
0.959184, 0.743982, -0.038058, -0.240984
0.959538, 0.831119, -0.039067, -0.163832
0.959540, 0.486832, -0.035428, -0.464667
0.959669, 0.567410, -0.036004, -0.395450
0.959927, 0.221796, -0.032052, -0.682973
0.960059, 0.535434, -0.035378, -0.422912
0.960127, 0.000000, 0.844287, 0.000000
0.960571, 0.636950, -0.035777, -0.335149
0.960620, 0.023299, 0.929175, 0.117555
0.960893, 0.106751, -0.029102, -0.771104
0.961014, 0.071777, -0.036115, -0.804327
0.961321, 0.499288, -0.033971, -0.453987
0.961571, 0.659449, -0.035055, -0.315446
0.961904, 0.799231, -0.036271, -0.192359
0.961922, 0.979499, -0.046447, -0.024977
0.962144, 0.921024, -0.039893, -0.083247
0.962592, 1.000000, -0.047964, 0.000000
0.963035, 0.511821, -0.032557, -0.443148
0.963167, 0.207972, -0.029268, -0.693979
0.963779, 0.388366, -0.030862, -0.547508
0.964438, 0.711605, -0.032899, -0.269925
0.964770, 0.059958, -0.049383, -0.829132
0.965121, 0.409828, -0.029914, -0.529742
0.965132, 0.093786, -0.025169, -0.780294
0.965341, 0.442578, -0.029985, -0.501950
0.965705, 0.788279, -0.032517, -0.202148
0.965728, 0.342920, -0.028791, -0.585446
0.965755, 0.330631, -0.028647, -0.595533
0.965903, 0.046422, -0.184538, -0.972721
0.965922, 0.932632, -0.036877, -0.072987
0.966177, 0.698859, -0.031173, -0.281038
0.966264, 0.957995, -0.039085, -0.048679
0.966358, 0.196791, -0.026581, -0.702831
0.966358, 0.011215, 0.810776, 0.034907
0.966362, 0.625515, -0.030432, -0.345053
0.966453, 0.130098, -0.025427, -0.753981
0.966473, 0.455333, -0.029105, -0.491204
0.966736, 0.775994, -0.031396, -0.213060
0.966807, 0.945339, -0.037051, -0.061065
0.966942, 0.184328, -0.025943, -0.712561
0.966975, 0.735688, -0.030737, -0.248479
0.967087, 0.354724, -0.027758, -0.575761
0.967090, 0.586229, -0.029514, -0.379317
0.967113, 0.821080, -0.031624, -0.172977
0.967167, 0.366916, -0.027797, -0.565626
0.967180, 0.318955, -0.027343, -0.605106
0.967209, 0.546101, -0.029115, -0.413745
0.967242, 0.647390, -0.029800, -0.326109
0.967404, 0.969640, -0.039350, -0.036623
0.967509, 0.306500, -0.026948, -0.615300
0.967606, 0.888421, -0.032772, -0.113198
0.967615, 0.034158, 0.260841, -0.532129
0.967635, 0.875517, -0.032316, -0.124709
0.967664, 0.599504, -0.029079, -0.367717
0.967695, 0.671211, -0.029559, -0.305229
0.967774, 0.431672, -0.027796, -0.511134
0.967797, 0.171640, -0.025089, -0.722372
0.967865, 0.763368, -0.030193, -0.224212
0.968015, 0.685997, -0.029366, -0.292230
0.968034, 0.466794, -0.027834, -0.481546
0.968314, 0.900966, -0.032541, -0.101945
0.968319, 0.294096, -0.026152, -0.625382
0.968344, 0.378360, -0.026893, -0.555981
0.968378, 0.117004, -0.023742, -0.763640
0.968438, 0.612791, -0.028470, -0.356143
0.968459, 0.574126, -0.028188, -0.389602
0.968477, 0.861877, -0.031122, -0.136873
0.968511, 0.280920, -0.025859, -0.636043
0.968512, 0.254861, -0.025578, -0.656971
0.968735, 0.267602, -0.025538, -0.646808
0.968817, 0.081692, -0.022047, -0.788982
0.968828, 0.158604, -0.024095, -0.732367
0.968951, 0.723562, -0.028799, -0.259216
0.969029, 0.750275, -0.028956, -0.235674
0.969064, 0.559705, -0.027563, -0.402152
0.969098, 0.808287, -0.029537, -0.184379
0.969099, 0.848521, -0.030206, -0.148710
0.969172, 0.144794, -0.023618, -0.742888
0.969373, 0.241674, -0.024733, -0.667453
0.969614, 0.479060, -0.026541, -0.471131
0.969808, 0.531793, -0.026724, -0.426116
0.969849, 0.228844, -0.024202, -0.677530
0.969854, 0.835151, -0.029206, -0.160529
0.969858, 0.913432, -0.031498, -0.090643
0.970438, 0.419806, -0.025416, -0.521194
0.970489, 0.398772, -0.025228, -0.539059
0.970753, 0.215928, -0.023332, -0.687733
0.970775, 0.989149, -0.038838, -0.014463
0.971101, 0.491781, -0.025323, -0.460281
0.971218, 0.519525, -0.025385, -0.436439
0.972473, 0.505038, -0.024199, -0.448928
0.973156, 0.000000, 0.946555, 0.000000
0.973194, 0.103851, -0.019950, -0.773401
0.973407, 0.635530, -0.024117, -0.336389
0.973432, 0.021821, 0.733847, -0.074061
0.973821, 0.658304, -0.023876, -0.316543
0.975151, 0.069069, -0.012645, -0.793210
0.976193, 1.000000, -0.034881, 0.000000
0.976357, 0.798068, -0.022537, -0.193800
0.976501, 0.447985, -0.020360, -0.497439
0.976504, 0.055917, -0.005316, -0.795974
0.976634, 0.978260, -0.030709, -0.028541
0.976714, 0.923994, -0.024919, -0.081464
0.976807, 0.337031, -0.019438, -0.590082
0.976865, 0.705182, -0.021350, -0.275428
0.977296, 0.205591, -0.018020, -0.696304
0.977579, 0.784671, -0.021246, -0.205563
0.977709, 0.386472, -0.018985, -0.549408
0.977726, 0.937667, -0.024744, -0.069321
0.977925, 0.192227, -0.017397, -0.706666
0.978038, 0.951400, -0.025489, -0.056480
0.978043, 0.093138, -0.016216, -0.781208
0.978043, 0.043443, -0.055875, -0.856103
0.978046, 0.717005, -0.020335, -0.265103
0.978149, 0.692602, -0.020093, -0.286419
0.978175, 0.679365, -0.019997, -0.297929
0.978185, 0.137537, -0.016641, -0.748402
0.978282, 0.593809, -0.019508, -0.372723
0.978373, 0.743622, -0.020194, -0.241706
0.978379, 0.622004, -0.019551, -0.348274
0.978416, 0.771332, -0.020343, -0.217286
0.978445, 0.347901, -0.018128, -0.581091
0.978486, 0.178950, -0.016830, -0.716905
0.978497, 0.326231, -0.017958, -0.599162
0.978506, 0.124937, -0.016252, -0.757742
0.978520, 0.607453, -0.019356, -0.360890
0.978598, 0.964621, -0.026314, -0.043573
0.978612, 0.540130, -0.018968, -0.419056
0.978650, 0.411120, -0.018314, -0.528711
0.978668, 0.553091, -0.018981, -0.407960
0.978678, 0.360097, -0.018006, -0.571121
0.978690, 0.882119, -0.021466, -0.119107
0.978726, 0.314097, -0.017691, -0.609201
0.978776, 0.868617, -0.021099, -0.131094
0.978782, 0.826400, -0.020504, -0.168654
0.978838, 0.567125, -0.018885, -0.395768
0.978894, 0.437536, -0.018241, -0.506523
0.978907, 0.580772, -0.018886, -0.383984
0.978934, 0.812985, -0.020199, -0.180486
0.978986, 0.730850, -0.019533, -0.252855
0.979040, 0.301435, -0.017349, -0.619539
0.979073, 0.757796, -0.019624, -0.229171
0.979117, 0.372715, -0.017711, -0.560807
0.979122, 0.458833, -0.018139, -0.488278
0.979129, 0.895577, -0.021361, -0.107133
0.979131, 0.165515, -0.016197, -0.727194
0.979140, 0.288197, -0.017178, -0.630289
0.979214, 0.274814, -0.017025, -0.641092
0.979327, 0.151699, -0.015910, -0.737701
0.979411, 0.261341, -0.016771, -0.651945
0.979451, 0.854819, -0.020204, -0.143341
0.979452, 0.011609, 0.850682, 0.131826
0.979534, 0.248016, -0.016574, -0.662588
0.979653, 0.667410, -0.018587, -0.308462
0.979653, 0.031375, -0.073157, -0.884026
0.979679, 0.647530, -0.018480, -0.325876
0.979807, 0.909222, -0.021080, -0.094938
0.979810, 0.470975, -0.017601, -0.478045
0.979910, 0.840913, -0.019561, -0.155663
0.979981, 0.080930, -0.014094, -0.789571
0.980157, 0.112429, -0.014867, -0.767080
0.980200, 0.425444, -0.017053, -0.516727
0.980220, 0.234291, -0.015919, -0.673525
0.980490, 0.220450, -0.015597, -0.684484
0.980859, 0.484061, -0.016745, -0.467005
0.980966, 0.526509, -0.016826, -0.430743
0.981170, 0.398809, -0.016094, -0.539036
0.981193, 0.512468, -0.016566, -0.442708
0.981705, 0.497795, -0.016060, -0.455316
0.984734, 0.634974, -0.013845, -0.336891
0.985921, 0.987310, -0.021581, -0.019474
0.986045, 0.000000, 1.381138, 0.000000
0.987634, 0.062734, -0.010073, -0.806602
0.988067, 0.102723, -0.008900, -0.774749
0.988096, 0.022404, -0.188403, -1.034161
0.988252, 0.657773, -0.010715, -0.317159
0.988328, 1.000000, -0.021060, 0.000000
0.988400, 0.792066, -0.011031, -0.199157
0.988401, 0.805050, -0.011098, -0.187707
0.988524, 0.930667, -0.012657, -0.076470
0.988629, 0.973044, -0.015382, -0.036396
0.988738, 0.917440, -0.012007, -0.088198
0.988753, 0.337172, -0.009431, -0.590450
0.988754, 0.199267, -0.008895, -0.701139
0.988792, 0.049944, -0.004745, -0.815450
0.988821, 0.613911, -0.010092, -0.355407
0.988837, 0.698227, -0.010290, -0.281732
0.988846, 0.447949, -0.009672, -0.497958
0.988905, 0.944416, -0.012782, -0.064010
0.988966, 0.710849, -0.010211, -0.270668
0.988988, 0.212327, -0.008770, -0.690906
0.989037, 0.778681, -0.010368, -0.210935
0.989039, 0.684992, -0.010071, -0.293373
0.989055, 0.378729, -0.009300, -0.555969
0.989064, 0.074889, -0.009330, -0.796859
0.989159, 0.185932, -0.008514, -0.711506
0.989162, 0.724030, -0.010063, -0.259034
0.989166, 0.600669, -0.009753, -0.366947
0.989197, 0.751136, -0.010117, -0.235190
0.989228, 0.560358, -0.009604, -0.401795
0.989235, 0.144455, -0.008246, -0.743358
0.989252, 0.958419, -0.013212, -0.050973
0.989378, 0.130951, -0.008063, -0.753575
0.989422, 0.546987, -0.009402, -0.413308
0.989423, 0.587448, -0.009491, -0.378397
0.989430, 0.875272, -0.010605, -0.125492
0.989431, 0.765028, -0.009943, -0.222942
0.989434, 0.573894, -0.009451, -0.390124
0.989479, 0.172363, -0.008199, -0.721979
0.989501, 0.833055, -0.010192, -0.162848
0.989535, 0.351107, -0.008817, -0.579045
0.989539, 0.419476, -0.008999, -0.521835
0.989553, 0.888998, -0.010650, -0.113356
0.989561, 0.737713, -0.009732, -0.246981
0.989565, 0.323266, -0.008709, -0.601759
0.989589, 0.861520, -0.010310, -0.137633
0.989607, 0.819120, -0.010010, -0.175194
0.989655, 0.295723, -0.008544, -0.624146
0.989656, 0.309478, -0.008588, -0.612975
0.989659, 0.158480, -0.007991, -0.732635
0.989663, 0.282044, -0.008492, -0.635220
0.989713, 0.268401, -0.008404, -0.646212
0.989717, 0.364904, -0.008704, -0.567560
0.989843, 0.089252, -0.007706, -0.784814
0.989858, 0.254700, -0.008237, -0.657207
0.989875, 0.533755, -0.008967, -0.424597
0.989914, 0.902991, -0.010493, -0.100974
0.989943, 0.847431, -0.009850, -0.150082
0.989957, 0.391612, -0.008570, -0.545204
0.989987, 0.036508, -0.019751, -0.850725
0.989993, 0.671687, -0.009159, -0.304982
0.989993, 0.240935, -0.008077, -0.668180
0.990070, 0.461862, -0.008644, -0.486202
0.990166, 0.117252, -0.007391, -0.763813
0.990176, 0.433956, -0.008484, -0.509610
0.990323, 0.406156, -0.008289, -0.532885
0.990335, 0.226755, -0.007750, -0.679445
0.990410, 0.475928, -0.008378, -0.474175
0.990529, 0.626488, -0.008576, -0.344327
0.990627, 0.505006, -0.008243, -0.449190
0.990660, 0.519424, -0.008245, -0.436869
0.990892, 0.490294, -0.007984, -0.461824
0.991263, 0.644506, -0.007942, -0.328637
0.991507, 0.009728, 0.070125, -0.746297
1.000000, 0.000000, 0.000000, 0.000000
1.000000, 0.015532, 0.000000, -0.788972
1.000000, 0.028850, 0.000000, -0.747082
1.000000, 0.042949, 0.000000, -0.798219
1.000000, 0.056291, 0.000000, -0.804104
1.000000, 0.069044, 0.000000, -0.797410
1.000000, 0.082503, 0.000000, -0.788237
1.000000, 0.096534, 0.000000, -0.778665
1.000000, 0.109755, 0.000000, -0.769335
1.000000, 0.124015, 0.000000, -0.758574
1.000000, 0.137778, 0.000000, -0.748348
1.000000, 0.151462, 0.000000, -0.738036
1.000000, 0.165363, 0.000000, -0.727384
1.000000, 0.179123, 0.000000, -0.716815
1.000000, 0.192679, 0.000000, -0.706351
1.000000, 0.206020, 0.000000, -0.696003
1.000000, 0.219510, 0.000000, -0.685393
1.000000, 0.233742, 0.000000, -0.673967
1.000000, 0.247716, 0.000000, -0.662894
1.000000, 0.261565, 0.000000, -0.651838
1.000000, 0.275318, 0.000000, -0.640812
1.000000, 0.289054, 0.000000, -0.629730
1.000000, 0.302820, 0.000000, -0.618566
1.000000, 0.316639, 0.000000, -0.607302
1.000000, 0.330474, 0.000000, -0.595978
1.000000, 0.343940, 0.000000, -0.584997
1.000000, 0.357765, 0.000000, -0.573404
1.000000, 0.371624, 0.000000, -0.561856
1.000000, 0.385056, 0.000000, -0.550794
1.000000, 0.398969, 0.000000, -0.539026
1.000000, 0.413133, 0.000000, -0.527148
1.000000, 0.426906, 0.000000, -0.515690
1.000000, 0.441120, 0.000000, -0.503645
1.000000, 0.454635, 0.000000, -0.492377
1.000000, 0.468755, 0.000000, -0.480162
1.000000, 0.483042, 0.000000, -0.467921
1.000000, 0.497614, 0.000000, -0.455414
1.000000, 0.512011, 0.000000, -0.443173
1.000000, 0.526367, 0.000000, -0.430845
1.000000, 0.540182, 0.000000, -0.419089
1.000000, 0.553712, 0.000000, -0.407495
1.000000, 0.567155, 0.000000, -0.395930
1.000000, 0.580727, 0.000000, -0.384152
1.000000, 0.594305, 0.000000, -0.372375
1.000000, 0.607788, 0.000000, -0.360713
1.000000, 0.621199, 0.000000, -0.349148
1.000000, 0.635694, 0.000000, -0.336246
1.000000, 0.650763, 0.000000, -0.322957
1.000000, 0.663986, 0.000000, -0.311887
1.000000, 0.677907, 0.000000, -0.299448
1.000000, 0.691215, 0.000000, -0.287886
1.000000, 0.704361, 0.000000, -0.276392
1.000000, 0.717586, 0.000000, -0.264753
1.000000, 0.730985, 0.000000, -0.252965
1.000000, 0.744658, 0.000000, -0.240876
1.000000, 0.758202, 0.000000, -0.229004
1.000000, 0.771928, 0.000000, -0.216881
1.000000, 0.785479, 0.000000, -0.204978
1.000000, 0.798750, 0.000000, -0.193358
1.000000, 0.812090, 0.000000, -0.181591
1.000000, 0.826103, 0.000000, -0.169034
1.000000, 0.840085, 0.000000, -0.156682
1.000000, 0.854292, 0.000000, -0.144066
1.000000, 0.868258, 0.000000, -0.131783
1.000000, 0.882118, 0.000000, -0.119586
1.000000, 0.896062, 0.000000, -0.107286
1.000000, 0.910254, 0.000000, -0.094738
1.000000, 0.923822, 0.000000, -0.082918
1.000000, 0.937238, 0.000000, -0.071068
1.000000, 0.950773, 0.000000, -0.058902
1.000000, 0.964301, 0.000000, -0.046454
1.000000, 0.976971, 0.000000, -0.034088
1.000000, 0.988540, 0.000000, -0.020855
1.000000, 1.000000, 0.000000, 0.000000
