0.000000, 0.000000, 0.000000, 0.000000
0.000000, 0.010755, 0.000000, 0.030452
0.000000, 0.021597, 0.000000, 0.049470
0.000000, 0.033448, 0.000000, 0.068563
0.000000, 0.045500, 0.000000, 0.087645
0.000000, 0.057899, 0.000000, 0.107298
0.000000, 0.070478, 0.000000, 0.127268
0.000000, 0.083276, 0.000000, 0.147612
0.000000, 0.096279, 0.000000, 0.168331
0.000000, 0.109343, 0.000000, 0.189154
0.000000, 0.122354, 0.000000, 0.209884
0.000000, 0.135251, 0.000000, 0.230349
0.000000, 0.148125, 0.000000, 0.250722
0.000000, 0.160994, 0.000000, 0.270995
0.000000, 0.173929, 0.000000, 0.291309
0.000000, 0.186917, 0.000000, 0.311631
0.000000, 0.199955, 0.000000, 0.331939
0.000000, 0.213057, 0.000000, 0.352248
0.000000, 0.226249, 0.000000, 0.372593
0.000000, 0.239548, 0.000000, 0.393018
0.000000, 0.252916, 0.000000, 0.413444
0.000000, 0.266310, 0.000000, 0.433775
0.000000, 0.279730, 0.000000, 0.454001
0.000000, 0.293210, 0.000000, 0.474190
0.000000, 0.306746, 0.000000, 0.494393
0.000000, 0.320139, 0.000000, 0.514176
0.000000, 0.333464, 0.000000, 0.533664
0.000000, 0.346801, 0.000000, 0.552985
0.000000, 0.360197, 0.000000, 0.572184
0.000000, 0.373712, 0.000000, 0.591368
0.000000, 0.387310, 0.000000, 0.610470
0.000000, 0.400954, 0.000000, 0.629411
0.000000, 0.414644, 0.000000, 0.648162
0.000000, 0.428410, 0.000000, 0.666744
0.000000, 0.442304, 0.000000, 0.685242
0.000000, 0.456306, 0.000000, 0.703873
0.000000, 0.469470, 0.000000, 0.720878
0.000000, 0.482296, 0.000000, 0.737008
0.000000, 0.495090, 0.000000, 0.752795
0.000000, 0.507721, 0.000000, 0.768018
0.000000, 0.520000, 0.000000, 0.782446
0.000000, 0.531685, 0.000000, 0.795998
0.000000, 0.542741, 0.000000, 0.809076
0.000000, 0.554654, 0.000000, 0.822854
0.000000, 0.567726, 0.000000, 0.837298
0.000000, 0.581396, 0.000000, 0.851798
0.000000, 0.595347, 0.000000, 0.866095
0.000000, 0.609204, 0.000000, 0.879716
0.000000, 0.622924, 0.000000, 0.892498
0.000000, 0.637031, 0.000000, 0.905132
0.000000, 0.651128, 0.000000, 0.917057
0.000000, 0.664928, 0.000000, 0.928010
0.000000, 0.678431, 0.000000, 0.937744
0.000000, 0.692643, 0.000000, 0.947358
0.000000, 0.706570, 0.000000, 0.955726
0.000000, 0.720639, 0.000000, 0.963099
0.000000, 0.735083, 0.000000, 0.969598
0.000000, 0.749533, 0.000000, 0.974739
0.000000, 0.764823, 0.000000, 0.978773
0.000000, 0.778977, 0.000000, 0.980811
0.000000, 0.793123, 0.000000, 0.981140
0.000000, 0.806711, 0.000000, 0.979758
0.000000, 0.821308, 0.000000, 0.976193
0.000000, 0.836489, 0.000000, 0.969685
0.000000, 0.851557, 0.000000, 0.959559
0.000000, 0.865590, 0.000000, 0.947351
0.000000, 0.879696, 0.000000, 0.931308
0.000000, 0.893469, 0.000000, 0.911509
0.000000, 0.906920, 0.000000, 0.887485
0.000000, 0.920080, 0.000000, 0.857857
0.000000, 0.933351, 0.000000, 0.818836
0.000000, 0.945699, 0.000000, 0.780040
0.000000, 0.959562, 0.000000, 0.729237
0.000000, 0.972602, 0.000000, 0.643736
0.000000, 0.985200, 0.000000, 0.642392
0.000000, 1.000000, 0.000000, 0.000000
0.008688, 0.756863, 0.002231, 0.976518
0.009154, 0.828561, -0.004030, 0.972606
0.009174, 0.989329, -0.259397, 0.467544
0.009439, 0.844117, -0.006242, 0.964037
0.009857, 0.952306, -0.039888, 0.757885
0.009887, 0.813458, -0.002555, 0.977698
0.009940, 0.449389, 0.013200, 0.694604
0.009973, 0.742105, 0.003584, 0.971838
0.009980, 0.728090, 0.004491, 0.966198
0.010035, 0.588108, 0.010306, 0.858216
0.010039, 0.629506, 0.008998, 0.897986
0.010131, 0.435276, 0.013683, 0.675904
0.010174, 0.573633, 0.010847, 0.843125
0.010277, 0.643845, 0.008677, 0.910493
0.010306, 0.685295, 0.006922, 0.942077
0.010309, 0.602226, 0.010160, 0.872385
0.010314, 0.559073, 0.011379, 0.827464
0.010322, 0.421445, 0.014160, 0.657328
0.010435, 0.407752, 0.014523, 0.638681
0.010478, 0.544421, 0.011927, 0.811250
0.010507, 0.394106, 0.014821, 0.619856
0.010587, 0.380470, 0.015126, 0.600816
0.010596, 0.786793, 0.000209, 0.980662
0.010617, 0.615959, 0.010007, 0.885589
0.010656, 0.299872, 0.016212, 0.484080
0.010727, 0.366865, 0.015511, 0.581606
0.010731, 0.286343, 0.016473, 0.463883
0.010740, 0.713560, 0.005668, 0.959035
0.010755, 0.529944, 0.012591, 0.794824
0.010814, 0.272913, 0.016744, 0.443698
0.010838, 0.259492, 0.016919, 0.423390
0.010842, 0.246054, 0.017060, 0.402922
0.010847, 0.873188, -0.012488, 0.938111
0.010873, 0.772022, 0.001508, 0.979472
0.010895, 0.658173, 0.008599, 0.922278
0.010909, 0.232671, 0.017299, 0.382424
0.010924, 0.353373, 0.015975, 0.562355
0.010932, 0.313487, 0.016479, 0.504284
0.010970, 0.699525, 0.006603, 0.951121
0.011014, 0.340062, 0.016279, 0.543164
0.011039, 0.326795, 0.016480, 0.523842
0.011049, 0.219432, 0.017655, 0.362045
0.011120, 0.102757, 0.019140, 0.178466
0.011166, 0.206315, 0.017974, 0.341750
0.011166, 0.887183, -0.016473, 0.919599
0.011169, 0.089484, 0.019483, 0.157265
0.011182, 0.516151, 0.013455, 0.778709
0.011216, 0.115915, 0.019096, 0.199459
0.011248, 0.193275, 0.018240, 0.321476
0.011284, 0.858792, -0.009945, 0.952685
0.011303, 0.463716, 0.014744, 0.713382
0.011309, 0.180291, 0.018473, 0.301198
0.011314, 0.502733, 0.013930, 0.762475
0.011361, 0.000000, 0.031612, 0.000000
0.011383, 0.167337, 0.018733, 0.280880
0.011395, 0.927071, -0.032729, 0.837737
0.011400, 0.025016, 0.024035, 0.052624
0.011421, 0.076389, 0.020263, 0.136316
0.011422, 0.128820, 0.019260, 0.219994
0.011462, 0.141660, 0.019162, 0.240370
0.011462, 0.489552, 0.014408, 0.746189
0.011488, 0.154447, 0.019052, 0.260583
0.011504, 0.900785, -0.021450, 0.896798
0.011553, 0.671386, 0.008458, 0.932268
0.011638, 0.799668, -0.001307, 0.979942
0.011641, 0.063534, 0.021114, 0.115683
0.011722, 0.964908, -0.083039, 0.680364
0.011725, 0.050873, 0.021939, 0.095294
0.011731, 0.476511, 0.015028, 0.729783
0.011836, 0.914050, -0.027976, 0.868936
0.011937, 0.037990, 0.023362, 0.074318
0.013129, 0.940476, -0.041831, 0.802629
0.013423, 1.000000, -0.748073, 0.000000
0.013695, 0.976980, -0.074724, 0.676135
0.013912, 0.011588, 0.032640, 0.027185
0.018511, 0.762079, 0.004126, 0.976718
0.018733, 0.834890, -0.009561, 0.968146
0.019000, 0.820561, -0.006260, 0.974215
0.019327, 0.749279, 0.006101, 0.973332
0.019666, 0.580823, 0.020570, 0.850556
0.019772, 0.565959, 0.021462, 0.834760
0.019906, 0.635517, 0.017371, 0.902914
0.019943, 0.455847, 0.026257, 0.702926
0.019996, 0.781212, 0.001318, 0.979133
0.020028, 0.551339, 0.022480, 0.818769
0.020069, 0.721987, 0.009749, 0.962546
0.020129, 0.441956, 0.026969, 0.684649
0.020225, 0.595053, 0.020332, 0.865069
0.020397, 0.650407, 0.016681, 0.915564
0.020564, 0.428236, 0.027994, 0.666315
0.020629, 0.537115, 0.023854, 0.802698
0.020773, 0.847362, -0.014421, 0.959959
0.020839, 0.414618, 0.028790, 0.647871
0.020906, 0.953495, -0.120132, 0.709379
0.020926, 0.735403, 0.008431, 0.968251
0.020983, 0.988156, -0.645332, 0.060666
0.020983, 0.401036, 0.029394, 0.629245
0.020996, 0.608904, 0.020217, 0.878613
0.021018, 0.691622, 0.013466, 0.945416
0.021083, 0.387442, 0.029923, 0.610374
0.021244, 0.373812, 0.030527, 0.591234
0.021324, 0.306327, 0.032294, 0.493495
0.021395, 0.622483, 0.019651, 0.891334
0.021423, 0.292850, 0.032742, 0.473448
0.021567, 0.360174, 0.031356, 0.571873
0.021597, 0.706791, 0.012232, 0.954463
0.021599, 0.252554, 0.033850, 0.412667
0.021608, 0.279494, 0.033311, 0.453447
0.021639, 0.266078, 0.033639, 0.433208
0.021641, 0.678769, 0.015186, 0.936960
0.021656, 0.807122, -0.003940, 0.977144
0.021693, 0.239075, 0.034264, 0.392072
0.021727, 0.523626, 0.025790, 0.787039
0.021984, 0.225802, 0.034991, 0.371690
0.021994, 0.346645, 0.032333, 0.552471
0.022032, 0.320098, 0.033049, 0.513849
0.022033, 0.096041, 0.038128, 0.167403
0.022108, 0.869552, -0.024187, 0.938790
0.022112, 0.333394, 0.032845, 0.533295
0.022227, 0.109432, 0.038013, 0.188858
0.022232, 0.510196, 0.027019, 0.771028
0.022256, 0.212669, 0.035687, 0.351417
0.022362, 0.882083, -0.030634, 0.922704
0.022442, 0.082708, 0.039410, 0.146012
0.022444, 0.199625, 0.036254, 0.331179
0.022593, 0.186653, 0.036759, 0.310960
0.022621, 0.496995, 0.028093, 0.754995
0.022685, 0.173717, 0.037182, 0.290706
0.022755, 0.122316, 0.038525, 0.209405
0.022842, 0.160761, 0.037721, 0.270330
0.022848, 0.895125, -0.039065, 0.901834
0.022909, 0.019962, 0.047296, 0.041120
0.022914, 0.135173, 0.038452, 0.229862
0.022945, 0.483786, 0.029075, 0.738648
0.022989, 0.069554, 0.041098, 0.124768
0.023054, 0.147861, 0.038369, 0.249961
0.023084, 0.663903, 0.017636, 0.925933
0.023110, 0.932703, -0.073989, 0.810849
0.023363, 0.044539, 0.044035, 0.083914
0.023423, 0.908235, -0.049429, 0.876149
0.023431, 0.858340, -0.020590, 0.949874
0.023467, 0.470539, 0.030304, 0.721975
0.023482, 0.000000, 0.052765, 0.000000
0.023557, 0.056983, 0.043084, 0.104356
0.023673, 0.031552, 0.046508, 0.061917
0.023951, 0.921073, -0.059547, 0.847938
0.024027, 0.793457, -0.001130, 0.978386
0.024135, 0.966550, -0.107956, 0.711924
0.025585, 0.770566, 0.003958, 0.977116
0.026125, 1.000000, -0.655658, 0.000000
0.027882, 0.943287, -0.131966, 0.739292
0.028382, 0.978141, -0.638313, 0.173034
0.028751, 0.573234, 0.030680, 0.841884
0.028758, 0.827535, -0.012359, 0.968417
0.028905, 0.641131, 0.024700, 0.906756
0.029266, 0.010583, 0.060200, 0.021862
0.029374, 0.717129, 0.014929, 0.958783
0.029393, 0.558311, 0.032495, 0.825671
0.029830, 0.587587, 0.030638, 0.856778
0.029924, 0.460455, 0.039169, 0.707988
0.030176, 0.744560, 0.010367, 0.970114
0.030193, 0.697217, 0.018527, 0.947703
0.030212, 0.757335, 0.007604, 0.973650
0.030411, 0.544088, 0.034673, 0.809840
0.030536, 0.447655, 0.040616, 0.691303
0.030952, 0.601433, 0.030515, 0.870553
0.030958, 0.434639, 0.041819, 0.674228
0.031312, 0.421372, 0.042929, 0.656500
0.031384, 0.838958, -0.018546, 0.960969
0.031443, 0.816047, -0.009058, 0.972050
0.031467, 0.672928, 0.022817, 0.931477
0.031514, 0.407984, 0.043821, 0.638319
0.031614, 0.394521, 0.044551, 0.619781
0.031709, 0.380984, 0.045254, 0.600902
0.031932, 0.312452, 0.048133, 0.502166
0.031942, 0.367348, 0.046141, 0.581660
0.031994, 0.615125, 0.030158, 0.883559
0.032170, 0.299102, 0.048946, 0.482432
0.032184, 0.781412, 0.001802, 0.976426
0.032192, 0.730053, 0.013917, 0.964304
0.032251, 0.531138, 0.037736, 0.795047
0.032259, 0.653574, 0.025975, 0.916769
0.032267, 0.259066, 0.050357, 0.422282
0.032329, 0.245449, 0.050861, 0.401534
0.032443, 0.628630, 0.029137, 0.895515
0.032464, 0.272669, 0.050249, 0.442883
0.032473, 0.353619, 0.047449, 0.562073
0.032486, 0.285973, 0.049862, 0.462871
0.032804, 0.232141, 0.052009, 0.381162
0.032833, 0.102823, 0.056360, 0.177825
0.032978, 0.517855, 0.039542, 0.779438
0.033071, 0.089464, 0.057447, 0.156287
0.033169, 0.956539, -0.124810, 0.744783
0.033175, 0.326760, 0.049505, 0.523245
0.033214, 0.339973, 0.049061, 0.542420
0.033253, 0.219004, 0.053117, 0.360940
0.033579, 0.205944, 0.054032, 0.340724
0.033641, 0.989681, -0.685324, 0.056981
0.033689, 0.803171, -0.005070, 0.974410
0.033698, 0.504898, 0.041316, 0.763882
0.033704, 0.075817, 0.059375, 0.134113
0.033844, 0.192997, 0.054855, 0.320591
0.033850, 0.850742, -0.026316, 0.950989
0.033982, 0.115732, 0.057746, 0.198525
0.033990, 0.876169, -0.043244, 0.922854
0.034014, 0.180094, 0.055532, 0.300434
0.034057, 0.491897, 0.042631, 0.747920
0.034078, 0.167176, 0.056049, 0.280160
0.034209, 0.889151, -0.054759, 0.902306
0.034275, 0.128659, 0.057730, 0.219189
0.034319, 0.154125, 0.056877, 0.259580
0.034333, 0.037545, 0.064384, 0.070547
0.034390, 0.685167, 0.023035, 0.939469
0.034609, 0.479104, 0.044155, 0.731876
0.034673, 0.863680, -0.035175, 0.937813
0.034690, 0.902517, -0.069719, 0.875588
0.034716, 0.141145, 0.057991, 0.239020
0.035177, 0.062927, 0.063039, 0.113061
0.035289, 0.916320, -0.089370, 0.840975
0.035529, 0.050400, 0.064959, 0.092317
0.035536, 0.023007, 0.068824, 0.044487
0.035810, 0.930744, -0.134373, 0.776566
0.035848, 0.707378, 0.020093, 0.952572
0.036954, 0.000000, 0.074284, 0.000000
0.037469, 0.767806, 0.006207, 0.973701
0.037647, 0.969873, -0.680608, 0.177822
0.038010, 0.565763, 0.041289, 0.832980
0.038117, 0.663112, 0.029209, 0.923242
0.038137, 0.467914, 0.049405, 0.717351
0.038190, 0.791648, -0.001617, 0.974225
0.038938, 0.579540, 0.040854, 0.847422
0.039389, 1.000000, -0.722935, 0.000000
0.039599, 0.641909, 0.033575, 0.906156
0.039645, 0.551100, 0.044500, 0.816746
0.039900, 0.740986, 0.014289, 0.966485
0.040186, 0.945065, -0.097546, 0.804584
0.040654, 0.828031, -0.018473, 0.962547
0.040730, 0.593299, 0.041131, 0.861244
0.040992, 0.454587, 0.054016, 0.699959
0.041173, 0.719425, 0.020171, 0.957543
0.041613, 0.441460, 0.055726, 0.682804
0.041901, 0.318399, 0.062869, 0.510534
0.041930, 0.428301, 0.057012, 0.665315
0.042043, 0.754121, 0.011148, 0.969751
0.042144, 0.415032, 0.058139, 0.647418
0.042165, 0.606515, 0.040882, 0.873936
0.042248, 0.401686, 0.059087, 0.629181
0.042285, 0.388279, 0.059915, 0.610632
0.042354, 0.374785, 0.060759, 0.591743
0.042568, 0.696064, 0.026168, 0.944682
0.042630, 0.361134, 0.061884, 0.572423
0.042706, 0.813888, -0.012040, 0.967505
0.042723, 0.983412, -0.722840, 0.080346
0.042759, 0.011337, 0.082338, 0.021782
0.042773, 0.251806, 0.067012, 0.410840
0.042839, 0.538773, 0.049319, 0.802850
0.042890, 0.265573, 0.066650, 0.431773
0.043014, 0.304870, 0.065159, 0.490550
0.043407, 0.347276, 0.063736, 0.552617
0.043476, 0.238477, 0.068650, 0.390504
0.043477, 0.279207, 0.067000, 0.452366
0.043547, 0.619259, 0.040417, 0.885616
0.043571, 0.841440, -0.028460, 0.952176
0.043607, 0.292227, 0.066641, 0.471860
0.043626, 0.525438, 0.051535, 0.787406
0.043685, 0.082801, 0.075873, 0.144493
0.043704, 0.096710, 0.075115, 0.167247
0.043845, 0.674712, 0.031316, 0.930658
0.044151, 0.225323, 0.070244, 0.370315
0.044216, 0.778826, 0.002969, 0.972194
0.044260, 0.031801, 0.082298, 0.059029
0.044272, 0.630976, 0.039316, 0.895976
0.044589, 0.333365, 0.066195, 0.532617
0.044611, 0.212221, 0.071499, 0.350079
0.044771, 0.108651, 0.076162, 0.186334
0.044809, 0.512783, 0.054149, 0.772436
0.045066, 0.199283, 0.072749, 0.330000
0.045146, 0.499736, 0.055755, 0.756664
0.045177, 0.855222, -0.040087, 0.938792
0.045229, 0.959289, -0.619632, 0.279165
0.045348, 0.186455, 0.073729, 0.310001
0.045376, 0.160642, 0.074843, 0.269451
0.045422, 0.122216, 0.076653, 0.208289
0.045454, 0.173596, 0.074429, 0.289851
0.045593, 0.881963, -0.066896, 0.902545
0.045739, 0.868832, -0.052965, 0.922280
0.045753, 0.147340, 0.076033, 0.248370
0.045761, 0.486819, 0.057656, 0.740724
0.045799, 0.730481, 0.019359, 0.961055
0.045869, 0.069786, 0.080786, 0.123287
0.045878, 0.895212, -0.083988, 0.877627
0.045923, 0.652222, 0.037078, 0.913485
0.046320, 0.908621, -0.107039, 0.844440
0.046587, 0.134180, 0.078008, 0.227375
0.046828, 0.801884, -0.007305, 0.968781
0.046851, 0.922167, -0.147587, 0.790826
0.046898, 0.044136, 0.085401, 0.080397
0.047626, 0.558652, 0.052518, 0.824207
0.047670, 0.056904, 0.085213, 0.101907
0.048104, 0.474832, 0.061652, 0.725549
0.048259, 0.707962, 0.026534, 0.949997
0.048608, 0.935307, -0.122994, 0.804687
0.048676, 0.685846, 0.032222, 0.937060
0.048726, 0.571570, 0.052075, 0.838073
0.049373, 0.766029, 0.008354, 0.969189
0.049728, 0.584687, 0.051323, 0.851586
0.050075, 0.021033, 0.093226, 0.039033
0.050100, 0.973351, -0.750388, 0.105599
0.050259, 0.000000, 0.095316, 0.000000
0.050343, 0.462170, 0.065631, 0.709165
0.050896, 1.000000, -0.767512, 0.000000
0.051096, 0.743163, 0.017133, 0.963698
0.051212, 0.789550, -0.001930, 0.968597
0.051231, 0.663338, 0.038956, 0.920961
0.051460, 0.322749, 0.076924, 0.516163
0.051565, 0.822705, -0.021008, 0.958384
0.052033, 0.448765, 0.069009, 0.691669
0.052151, 0.598362, 0.051667, 0.864955
0.052287, 0.640231, 0.044513, 0.902649
0.052509, 0.948996, -0.546244, 0.381004
0.052573, 0.435467, 0.070849, 0.674125
0.052828, 0.422205, 0.072269, 0.656402
0.052881, 0.547354, 0.059719, 0.811113
0.052965, 0.408929, 0.073490, 0.638420
0.053012, 0.395650, 0.074544, 0.620198
0.053014, 0.382374, 0.075493, 0.601752
0.053053, 0.258077, 0.082758, 0.419821
0.053064, 0.369078, 0.076472, 0.583051
0.053233, 0.090870, 0.091490, 0.156899
0.053243, 0.309924, 0.080306, 0.497187
0.053421, 0.355746, 0.077861, 0.564058
0.053598, 0.271946, 0.082904, 0.440762
0.053687, 0.834183, -0.030619, 0.949782
0.053718, 0.719552, 0.025888, 0.954001
0.053882, 0.611588, 0.051097, 0.877334
0.053943, 0.532940, 0.062710, 0.794906
0.053988, 0.244883, 0.084891, 0.399803
0.054604, 0.342427, 0.080435, 0.544809
0.054894, 0.231732, 0.086976, 0.379694
0.054947, 0.114929, 0.092893, 0.195844
0.054950, 0.285526, 0.084291, 0.461201
0.054978, 0.987604, -0.774330, 0.052256
0.055114, 0.754801, 0.013805, 0.965035
0.055238, 0.847316, -0.043111, 0.937484
0.055395, 0.297437, 0.084275, 0.478758
0.055398, 0.625771, 0.049948, 0.889728
0.055488, 0.697163, 0.033411, 0.942149
0.055495, 0.218466, 0.088581, 0.359242
0.055737, 0.078590, 0.096839, 0.136902
0.055980, 0.811959, -0.015757, 0.960426
0.056015, 0.520770, 0.066625, 0.780822
0.056099, 0.507433, 0.068303, 0.764928
0.056183, 0.032552, 0.102124, 0.058961
0.056185, 0.205497, 0.090325, 0.339145
0.056358, 0.860899, -0.058332, 0.921100
0.056397, 0.154093, 0.093233, 0.258490
0.056629, 0.494164, 0.070451, 0.748784
0.056664, 0.675696, 0.039874, 0.928447
0.056665, 0.777245, 0.003896, 0.966521
0.056731, 0.192722, 0.091840, 0.319255
0.056812, 0.167141, 0.093253, 0.279120
0.056889, 0.180016, 0.092734, 0.299378
0.056937, 0.874367, -0.076286, 0.900334
0.057078, 0.140325, 0.095078, 0.236566
0.057112, 0.010890, 0.105583, 0.020097
0.057153, 0.887542, -0.095719, 0.876264
0.057196, 0.102279, 0.097586, 0.175522
0.057316, 0.962887, -0.764829, 0.131024
0.057572, 0.900696, -0.124858, 0.840630
0.057955, 0.561433, 0.063320, 0.825770
0.058139, 0.731632, 0.023595, 0.957342
0.058153, 0.913787, -0.164465, 0.792707
0.058439, 0.066489, 0.102692, 0.116931
0.058517, 0.481734, 0.074172, 0.733237
0.058641, 0.330842, 0.087126, 0.527666
0.058858, 0.126606, 0.098867, 0.214705
0.058910, 0.651386, 0.047417, 0.910245
0.059031, 0.043962, 0.105805, 0.078642
0.059330, 0.926577, -0.154913, 0.795200
0.059526, 0.574961, 0.062882, 0.839770
0.059617, 0.799669, -0.009061, 0.961977
0.060330, 0.588172, 0.061480, 0.853065
0.060339, 0.055260, 0.106903, 0.097822
0.060504, 0.469201, 0.078061, 0.717201
0.061135, 0.708683, 0.032913, 0.946460
0.061155, 0.939360, -0.520987, 0.427015
0.061998, 0.456195, 0.081387, 0.700395
0.062376, 0.976468, -0.787750, 0.087485
0.062471, 0.765961, 0.009800, 0.963136
0.062518, 0.686824, 0.040555, 0.933951
0.062726, 0.317219, 0.094078, 0.507337
0.062741, 0.539927, 0.071832, 0.801731
0.063019, 0.442813, 0.084122, 0.682851
0.063053, 0.637475, 0.053992, 0.897981
0.063145, 1.000000, -0.813427, 0.000000
0.063159, 0.743365, 0.020458, 0.958912
0.063208, 0.264164, 0.098174, 0.428452
0.063215, 0.665324, 0.047157, 0.919488
0.063474, 0.429465, 0.086066, 0.665150
0.063705, 0.416193, 0.087655, 0.647319
0.063827, 0.402989, 0.089037, 0.629336
0.063852, 0.601559, 0.062445, 0.865551
0.063882, 0.389868, 0.090267, 0.611237
0.063897, 0.376835, 0.091385, 0.593036
0.063897, 0.000000, 0.117175, 0.000000
0.063945, 0.824533, -0.029499, 0.947657
0.064023, 0.363919, 0.092607, 0.574779
0.064036, 0.022458, 0.116075, 0.040546
0.064281, 0.787558, -0.002451, 0.961389
0.064296, 0.089170, 0.110414, 0.153654
0.064332, 0.278429, 0.099091, 0.450141
0.064513, 0.251374, 0.100994, 0.409122
0.064576, 0.351010, 0.094407, 0.556301
0.064646, 0.615476, 0.060379, 0.878266
0.064825, 0.952710, -0.767824, 0.157103
0.065277, 0.838721, -0.043859, 0.935482
0.065470, 0.304186, 0.099115, 0.488248
0.065476, 0.238466, 0.103276, 0.389439
0.065487, 0.552009, 0.073042, 0.814746
0.065946, 0.113229, 0.111518, 0.192792
0.066029, 0.224880, 0.104921, 0.368499
0.066102, 0.720737, 0.030804, 0.950060
0.066584, 0.852652, -0.061226, 0.919014
0.066820, 0.515008, 0.080159, 0.772523
0.067114, 0.211652, 0.107417, 0.348033
0.067130, 0.148124, 0.111142, 0.248331
0.067132, 0.501145, 0.082461, 0.755906
0.067599, 0.338640, 0.099778, 0.538330
0.067657, 0.866323, -0.082040, 0.897763
0.067663, 0.810512, -0.019778, 0.952028
0.067683, 0.528676, 0.079160, 0.788131
0.067822, 0.075763, 0.117462, 0.131370
0.067861, 0.754804, 0.016123, 0.959032
0.067882, 0.626148, 0.060814, 0.886980
0.068015, 0.160839, 0.111847, 0.268485
0.068032, 0.198882, 0.109639, 0.328179
0.068115, 0.290936, 0.104059, 0.468662
0.068351, 0.173746, 0.111647, 0.288861
0.068373, 0.879687, -0.105013, 0.872852
0.068536, 0.186307, 0.111201, 0.308553
0.068583, 0.134706, 0.114319, 0.226788
0.068638, 0.988423, -0.824392, 0.035116
0.068710, 0.698150, 0.040463, 0.938300
0.068866, 0.892755, -0.141144, 0.833155
0.068923, 0.034741, 0.123119, 0.061787
0.068967, 0.565192, 0.074523, 0.828189
0.069026, 0.488480, 0.086493, 0.740225
0.069520, 0.905658, -0.172077, 0.797490
0.069809, 0.965859, -0.795736, 0.114310
0.069934, 0.656279, 0.054659, 0.910775
0.069975, 0.100482, 0.119108, 0.171739
0.070081, 0.776365, 0.003911, 0.958793
0.070180, 0.676576, 0.048591, 0.925002
0.070549, 0.918290, -0.187240, 0.778100
0.070562, 0.577856, 0.073797, 0.840887
0.070656, 0.011941, 0.127435, 0.021470
0.070708, 0.325900, 0.105332, 0.519494
0.070824, 0.732313, 0.027643, 0.952208
0.070893, 0.589946, 0.071670, 0.852906
0.071004, 0.476042, 0.090615, 0.724508
0.071247, 0.048322, 0.125837, 0.085127
0.071669, 0.062417, 0.125085, 0.108826
0.071974, 0.644883, 0.059422, 0.901420
0.071979, 0.930685, -0.596358, 0.366208
0.072224, 0.797431, -0.011094, 0.953384
0.072385, 0.463247, 0.094027, 0.708162
0.072816, 0.123181, 0.122177, 0.208227
0.072902, 0.269612, 0.112729, 0.435752
0.073350, 0.450057, 0.096923, 0.691059
0.073399, 0.943020, -0.765111, 0.181130
0.073695, 0.608968, 0.070105, 0.870226
0.073802, 0.710462, 0.038261, 0.942412
0.073976, 0.436749, 0.099350, 0.673575
0.074118, 0.541907, 0.084251, 0.801820
0.074389, 0.423423, 0.101437, 0.655821
0.074635, 0.313345, 0.112219, 0.501159
0.074646, 0.410221, 0.103246, 0.638012
0.074825, 0.397176, 0.104874, 0.620186
0.074936, 0.384286, 0.106336, 0.602353
0.075085, 0.371673, 0.107777, 0.584708
0.075227, 0.359123, 0.109152, 0.566939
0.075387, 0.257516, 0.117411, 0.417355
0.075570, 0.819865, -0.032439, 0.939508
0.075596, 0.087380, 0.129532, 0.149984
0.075616, 0.743777, 0.023313, 0.952806
0.075727, 0.832282, -0.046137, 0.929463
0.075924, 0.977546, -0.837361, 0.061844
0.075984, 0.765519, 0.010644, 0.955174
0.076076, 0.231781, 0.120300, 0.378330
0.076179, 0.687625, 0.048507, 0.929590
0.076196, 1.000000, -0.849548, 0.000000
0.076332, 0.245503, 0.119763, 0.399241
0.076485, 0.346785, 0.112092, 0.549243
0.076736, 0.633303, 0.066476, 0.890797
0.076896, 0.845412, -0.064402, 0.913679
0.076974, 0.280277, 0.118271, 0.451782
0.076983, 0.000000, 0.137786, 0.000000
0.077043, 0.666499, 0.056529, 0.915921
0.077073, 0.507598, 0.093506, 0.762032
0.077346, 0.555877, 0.085185, 0.816533
0.077378, 0.300348, 0.117357, 0.481726
0.077390, 0.955821, -0.801954, 0.133227
0.077415, 0.218140, 0.123376, 0.357407
0.077666, 0.597492, 0.076564, 0.858621
0.077694, 0.024429, 0.137796, 0.043117
0.077971, 0.521276, 0.092291, 0.778057
0.078006, 0.785926, -0.003734, 0.951806
0.078085, 0.142740, 0.129415, 0.238999
0.078160, 0.858708, -0.086661, 0.892808
0.078306, 0.110704, 0.132221, 0.187815
0.079050, 0.722253, 0.035084, 0.944799
0.079101, 0.204886, 0.126992, 0.336901
0.079176, 0.620020, 0.072195, 0.878959
0.079256, 0.871952, -0.112835, 0.866718
0.079274, 0.154284, 0.130711, 0.257552
0.079458, 0.167244, 0.130166, 0.278104
0.079488, 0.074715, 0.136958, 0.128643
0.079489, 0.494803, 0.098463, 0.746309
0.079827, 0.333788, 0.118126, 0.530107
0.079937, 0.806656, -0.021942, 0.942920
0.080103, 0.885014, -0.156439, 0.821978
0.080138, 0.192322, 0.129542, 0.317363
0.080343, 0.179881, 0.130760, 0.297971
0.080352, 0.569436, 0.085540, 0.830211
0.080422, 0.755183, 0.017557, 0.951695
0.080437, 0.038439, 0.141506, 0.067292
0.080830, 0.897863, -0.173426, 0.802954
0.081327, 0.700524, 0.046057, 0.934433
0.081607, 0.532581, 0.094446, 0.790228
0.081686, 0.583013, 0.083873, 0.843431
0.081734, 0.482631, 0.103141, 0.731124
0.081845, 0.910543, -0.252779, 0.720743
0.081876, 0.653904, 0.064182, 0.905270
0.082404, 0.052322, 0.143670, 0.090872
0.082431, 0.132258, 0.137314, 0.222018
0.082479, 0.988856, -0.861389, 0.027337
0.082640, 0.098077, 0.140334, 0.166912
0.082852, 0.289462, 0.126506, 0.465021
0.083100, 0.470066, 0.106780, 0.715319
0.083195, 0.011221, 0.147289, 0.019736
0.083255, 0.922948, -0.706035, 0.264796
0.083513, 0.966910, -0.844654, 0.083307
0.083683, 0.322694, 0.124886, 0.513993
0.083829, 0.457023, 0.109635, 0.698672
0.083835, 0.734161, 0.030391, 0.945900
0.083917, 0.774125, 0.004328, 0.949098
0.084064, 0.267123, 0.130131, 0.431401
0.084170, 0.676919, 0.057370, 0.920096
0.084280, 0.063516, 0.145802, 0.109590
0.084580, 0.443750, 0.112494, 0.681442
0.084828, 0.934893, -0.773168, 0.188315
0.084931, 0.430583, 0.114752, 0.664145
0.085200, 0.546606, 0.095669, 0.805057
0.085250, 0.641909, 0.070679, 0.895166
0.085368, 0.417291, 0.117070, 0.646392
0.085489, 0.946264, -0.809627, 0.143810
0.085536, 0.607960, 0.081126, 0.866438
0.085727, 0.404198, 0.119197, 0.628692
0.085974, 0.391271, 0.121085, 0.610976
0.086025, 0.239297, 0.135380, 0.389208
0.086062, 0.796016, -0.014660, 0.941698
0.086310, 0.120769, 0.144652, 0.203464
0.086335, 0.309721, 0.129976, 0.494584
0.086375, 0.378797, 0.123087, 0.593678
0.086377, 0.366326, 0.124461, 0.576169
0.086883, 0.354159, 0.126471, 0.558840
0.086920, 0.225632, 0.137880, 0.368344
0.086941, 0.712171, 0.043079, 0.936960
0.087167, 0.815348, -0.035753, 0.929482
0.087287, 0.513717, 0.104547, 0.767243
0.087535, 0.826641, -0.050387, 0.919357
0.087560, 0.253949, 0.136666, 0.411527
0.087646, 0.085184, 0.149540, 0.145309
0.087734, 0.341604, 0.128959, 0.540606
0.087782, 0.838782, -0.068393, 0.905275
0.088276, 0.691007, 0.053829, 0.926422
0.088341, 0.746889, 0.023670, 0.945586
0.088603, 0.594991, 0.087570, 0.853459
0.088612, 0.629060, 0.077546, 0.883731
0.088843, 0.851524, -0.091110, 0.885382
0.088954, 0.211739, 0.142162, 0.346814
0.089202, 0.501562, 0.109086, 0.752610
0.089318, 0.663814, 0.065780, 0.909568
0.089489, 0.559745, 0.097390, 0.818093
0.089667, 1.000000, -0.880936, 0.000000
0.089718, 0.978104, -0.871992, 0.048251
0.089736, 0.277839, 0.137954, 0.447097
0.089865, 0.159263, 0.147473, 0.264545
0.090038, 0.864480, -0.120836, 0.857258
0.090101, 0.144620, 0.148880, 0.241165
0.090304, 0.020661, 0.158190, 0.035959
0.090415, 0.000000, 0.159048, 0.000000
0.090458, 0.761588, 0.013303, 0.944889
0.090610, 0.031595, 0.158128, 0.054760
0.090851, 0.108405, 0.153012, 0.183062
0.090979, 0.297959, 0.138020, 0.476823
0.091138, 0.877452, -0.168762, 0.810213
0.091276, 0.956126, -0.847601, 0.101674
0.091289, 0.784956, -0.006141, 0.940566
0.091348, 0.172447, 0.148939, 0.285352
0.091468, 0.198116, 0.147235, 0.325602
0.091755, 0.571777, 0.096828, 0.829744
0.091846, 0.045107, 0.159505, 0.077885
0.091959, 0.724097, 0.038454, 0.938328
0.092072, 0.890353, -0.172429, 0.806218
0.092203, 0.524063, 0.108217, 0.778405
0.092305, 0.185600, 0.149560, 0.306075
0.092485, 0.072484, 0.158621, 0.123987
0.092595, 0.489150, 0.115448, 0.737233
0.092629, 0.617238, 0.084699, 0.872464
0.092760, 0.583490, 0.094776, 0.841186
0.092968, 0.903204, -0.356009, 0.620249
0.093085, 0.537858, 0.106272, 0.793702
0.094080, 0.476829, 0.119492, 0.721954
0.094128, 0.651036, 0.074077, 0.898788
0.094210, 0.331883, 0.139403, 0.525769
0.094295, 0.916192, -0.783643, 0.191878
0.094429, 0.805705, -0.029266, 0.927477
0.094575, 0.463781, 0.122358, 0.705550
0.094849, 0.131929, 0.157908, 0.220977
0.094942, 0.702333, 0.051493, 0.928594
0.095003, 0.682474, 0.061483, 0.918505
0.095033, 0.450606, 0.125113, 0.688718
0.095056, 0.319179, 0.142017, 0.507455
0.095182, 0.095817, 0.161070, 0.162175
0.095498, 0.265309, 0.147923, 0.427959
0.095823, 0.437250, 0.128246, 0.671302
0.095865, 0.424301, 0.130258, 0.654270
0.095877, 0.058389, 0.165382, 0.100231
0.095952, 0.737230, 0.031283, 0.938925
0.095974, 0.245027, 0.150381, 0.397012
0.096049, 0.929305, -0.786196, 0.184010
0.096254, 0.772945, 0.003652, 0.938873
0.096400, 0.988975, -0.891684, 0.021495
0.096450, 0.410991, 0.132957, 0.636364
0.096809, 0.397762, 0.135268, 0.618344
0.097064, 0.967283, -0.877755, 0.065507
0.097140, 0.287407, 0.148296, 0.460547
0.097153, 0.550939, 0.107631, 0.806927
0.097213, 0.604248, 0.092917, 0.859383
0.097218, 0.232661, 0.153389, 0.378054
0.097332, 0.942667, -0.840227, 0.124525
0.097339, 0.010676, 0.169957, 0.018517
0.097501, 0.346581, 0.142591, 0.546640
0.097517, 0.638228, 0.081490, 0.887882
0.097529, 0.372432, 0.139558, 0.583239
0.097656, 0.385288, 0.138110, 0.601152
0.097805, 0.671400, 0.068162, 0.910692
0.097830, 0.359824, 0.141526, 0.565473
0.097909, 0.219870, 0.155584, 0.358463
0.098768, 0.510906, 0.118581, 0.761826
0.098857, 0.119128, 0.165222, 0.199746
0.098948, 0.306663, 0.149088, 0.488753
0.098999, 0.830781, -0.069610, 0.896628
0.099062, 0.817579, -0.048657, 0.911629
0.099151, 0.750960, 0.021616, 0.937968
0.099580, 0.152540, 0.163724, 0.253136
0.099627, 0.843862, -0.093591, 0.877121
0.099817, 0.082909, 0.169798, 0.140701
0.099903, 0.795619, -0.020824, 0.926814
0.100066, 0.713873, 0.047104, 0.930094
0.100397, 0.205750, 0.160685, 0.336465
0.100791, 0.856886, -0.128363, 0.845373
0.101077, 0.498248, 0.123976, 0.746571
0.101103, 0.591706, 0.100437, 0.846635
0.101495, 0.625995, 0.089180, 0.876718
0.101751, 0.254612, 0.158576, 0.411338
0.101802, 0.036006, 0.175569, 0.061629
0.101945, 0.164686, 0.166687, 0.272403
0.102040, 0.869841, -0.174826, 0.801611
0.102370, 0.530140, 0.118409, 0.782828
0.102424, 0.692867, 0.060012, 0.920152
0.102513, 0.659544, 0.076404, 0.901041
0.102610, 0.564261, 0.109908, 0.819373
0.102812, 0.276114, 0.158083, 0.443436
0.103028, 0.177982, 0.167390, 0.293362
0.103051, 0.577627, 0.106562, 0.832452
0.103158, 0.022743, 0.178905, 0.039117
0.103171, 0.882704, -0.174783, 0.801891
0.103195, 0.106478, 0.173349, 0.178981
0.103268, 1.000000, -0.906450, 0.000000
0.103442, 0.955379, -0.875699, 0.083909
0.103582, 0.977973, -0.899743, 0.038652
0.103743, 0.141444, 0.171561, 0.235417
0.103764, 0.727745, 0.039195, 0.931559
0.103881, 0.783877, -0.009511, 0.927736
0.103901, 0.047666, 0.178642, 0.081376
0.104014, 0.069224, 0.177615, 0.117642
0.104077, 0.762449, 0.012005, 0.933262
0.104138, 0.895492, -0.477361, 0.497710
0.104172, 0.000000, 0.181082, 0.000000
0.104331, 0.191548, 0.168215, 0.314260
0.105010, 0.908287, -0.800165, 0.177949
0.105154, 0.613432, 0.096823, 0.864853
0.105188, 0.484060, 0.131834, 0.728658
0.105278, 0.296492, 0.159644, 0.473164
0.105334, 0.470575, 0.134692, 0.712283
0.105666, 0.338837, 0.155449, 0.534859
0.105779, 0.457214, 0.137782, 0.695400
0.105959, 0.541360, 0.119582, 0.794352
0.105994, 0.326226, 0.157449, 0.516806
0.106085, 0.444019, 0.140560, 0.678448
0.106354, 0.519579, 0.125429, 0.769840
0.106491, 0.646942, 0.084656, 0.890628
0.106527, 0.921327, -0.792456, 0.183831
0.106753, 0.418026, 0.145833, 0.644255
0.106952, 0.314789, 0.160130, 0.499844
0.107113, 0.681018, 0.068748, 0.911569
0.107190, 0.404095, 0.148593, 0.625376
0.107192, 0.430472, 0.144345, 0.660588
0.107463, 0.093501, 0.181423, 0.157513
0.107569, 0.128853, 0.178486, 0.214565
0.107611, 0.741095, 0.029661, 0.930508
0.107619, 0.241519, 0.168802, 0.390688
0.107976, 0.352510, 0.157046, 0.554050
0.107980, 0.807183, -0.041906, 0.907591
0.108254, 0.216037, 0.172110, 0.351527
0.108373, 0.264770, 0.167786, 0.426070
0.108465, 0.378532, 0.154168, 0.590358
0.108511, 0.934093, -0.852215, 0.121742
0.108592, 0.229111, 0.171527, 0.371769
0.108866, 0.552807, 0.119607, 0.805781
0.108869, 0.365866, 0.156533, 0.572754
0.108909, 0.391798, 0.152853, 0.608588
0.108946, 0.703597, 0.056651, 0.920844
0.109098, 0.772821, 0.000466, 0.925769
0.109365, 0.600711, 0.105015, 0.852288
0.109371, 0.822266, -0.068231, 0.888589
0.109829, 0.057309, 0.187874, 0.097355
0.110091, 0.945232, -0.873350, 0.096541
0.110154, 0.988889, -0.915511, 0.017240
0.110233, 0.836061, -0.094737, 0.867987
0.110353, 0.966319, -0.902353, 0.054164
0.110359, 0.634709, 0.092712, 0.880015
0.110515, 0.011183, 0.190923, 0.019126
0.110672, 0.668867, 0.077044, 0.902904
0.111078, 0.718263, 0.047646, 0.924080
0.111239, 0.285932, 0.169845, 0.457186
0.111395, 0.495514, 0.136873, 0.740961
0.111424, 0.849280, -0.135908, 0.831187
0.111434, 0.080182, 0.188747, 0.135205
0.111442, 0.153534, 0.182915, 0.253966
0.111559, 0.202178, 0.178532, 0.329749
0.111572, 0.508160, 0.134134, 0.755887
0.111683, 0.116774, 0.186358, 0.195043
0.111971, 0.753633, 0.018839, 0.926560
0.111975, 0.587322, 0.112031, 0.839120
0.112334, 0.793757, -0.026558, 0.911522
0.112395, 0.032006, 0.193021, 0.054448
0.112806, 0.862282, -0.175079, 0.796224
0.113014, 0.167837, 0.184150, 0.276380
0.113494, 0.305429, 0.170895, 0.485269
0.113521, 0.574335, 0.117836, 0.826189
0.113947, 0.622038, 0.100797, 0.868594
0.114010, 0.251562, 0.177674, 0.405243
0.114164, 0.875159, -0.198685, 0.772243
0.114605, 0.181193, 0.185513, 0.297261
0.114693, 0.530502, 0.132016, 0.779916
0.115061, 0.655867, 0.086312, 0.892605
0.115310, 0.887932, -0.609453, 0.362081
0.115340, 0.103939, 0.193344, 0.173911
0.115418, 0.691211, 0.066908, 0.911627
0.115787, 0.138917, 0.190752, 0.229788
0.115837, 0.043742, 0.198150, 0.074132
0.115910, 0.563173, 0.123782, 0.814300
0.115929, 0.731164, 0.038669, 0.922679
0.116173, 0.332224, 0.171500, 0.523812
0.116203, 0.900715, -0.796047, 0.182154
0.116230, 0.275165, 0.178658, 0.440793
0.116372, 0.410984, 0.159923, 0.632997
0.116505, 0.475139, 0.147628, 0.715176
0.116639, 0.462734, 0.150453, 0.699842
0.116716, 0.067531, 0.198266, 0.113919
0.116816, 0.913687, -0.808021, 0.170607
0.116818, 1.000000, -0.926932, 0.000000
0.116943, 0.437064, 0.155986, 0.667285
0.117025, 0.977480, -0.921064, 0.031459
0.117042, 0.781508, -0.013229, 0.912610
0.117101, 0.449899, 0.153669, 0.683635
0.117261, 0.954886, -0.902350, 0.066444
0.117430, 0.345018, 0.171602, 0.541908
0.117516, 0.021030, 0.201790, 0.035746
0.117648, 0.609402, 0.108953, 0.856668
0.117694, 0.000000, 0.202415, 0.000000
0.118185, 0.318453, 0.176186, 0.503568
0.118426, 0.540913, 0.133177, 0.790001
0.118468, 0.814790, -0.065029, 0.881648
0.118469, 0.212669, 0.188421, 0.345319
0.118592, 0.486548, 0.147616, 0.728292
0.118698, 0.927475, -0.861447, 0.116727
0.118722, 0.192401, 0.190889, 0.314149
0.118733, 0.766386, 0.004530, 0.917017
0.118736, 0.358300, 0.171572, 0.560491
0.118863, 0.710096, 0.055507, 0.916069
0.118941, 0.679166, 0.075841, 0.903894
0.119016, 0.423228, 0.161295, 0.648859
0.119044, 0.384520, 0.167980, 0.596860
0.119201, 0.225222, 0.188457, 0.364809
0.119262, 0.643614, 0.095123, 0.882341
0.119358, 0.520457, 0.139933, 0.767706
0.119460, 0.295229, 0.181069, 0.469807
0.119541, 0.090726, 0.201041, 0.151903
0.119726, 0.238298, 0.187926, 0.384718
0.119790, 0.262537, 0.185341, 0.421104
0.119965, 0.398876, 0.166867, 0.616153
0.120064, 0.371940, 0.171430, 0.579511
0.120115, 0.743181, 0.028511, 0.919510
0.120325, 0.828593, -0.094420, 0.858723
0.120406, 0.551937, 0.131936, 0.801066
0.120719, 0.127101, 0.200188, 0.211038
0.120866, 0.801554, -0.044328, 0.892372
0.120992, 0.596264, 0.117035, 0.843850
0.121892, 0.841835, -0.143199, 0.815382
0.122019, 0.941372, -0.891451, 0.084704
0.122298, 0.054478, 0.207879, 0.091756
0.122325, 0.665382, 0.085764, 0.894350
0.122512, 0.147340, 0.200870, 0.242689
0.122648, 0.499580, 0.149251, 0.742567
0.122672, 0.630685, 0.103760, 0.871337
0.122937, 0.159760, 0.200677, 0.262650
0.123307, 0.698999, 0.064869, 0.909318
0.123437, 0.854811, -0.170128, 0.793651
0.123446, 0.583347, 0.124192, 0.831102
0.123546, 0.078121, 0.208463, 0.130925
0.123556, 0.755716, 0.015426, 0.914360
0.123631, 0.988685, -0.934089, 0.013934
0.123667, 0.965981, -0.922452, 0.043664
0.123755, 0.722079, 0.047104, 0.914788
0.123919, 0.114216, 0.206418, 0.189938
0.124087, 0.510434, 0.148060, 0.754771
0.124566, 0.010517, 0.213261, 0.017800
0.124576, 0.032253, 0.212695, 0.054440
0.124898, 0.172537, 0.202656, 0.282652
0.124982, 0.867651, -0.249710, 0.712444
0.125199, 0.203338, 0.200004, 0.330429
0.125540, 0.307998, 0.188499, 0.487772
0.125612, 0.284721, 0.191588, 0.453588
0.125775, 0.571005, 0.130915, 0.818478
0.126051, 0.789916, -0.030242, 0.894267
0.126082, 0.250033, 0.196276, 0.401405
0.126312, 0.326601, 0.187044, 0.514415
0.126335, 0.617904, 0.112470, 0.859765
0.126432, 0.880382, -0.716606, 0.250126
0.127129, 0.100993, 0.212336, 0.167973
0.127211, 0.411323, 0.174421, 0.631636
0.127356, 0.775533, -0.009657, 0.902461
0.127498, 0.892970, -0.779885, 0.195508
0.127717, 0.431537, 0.171114, 0.657948
0.127915, 0.338541, 0.187677, 0.531413
0.128031, 0.652758, 0.096125, 0.883603
0.128072, 0.918199, -0.859409, 0.120112
0.128155, 0.455713, 0.166485, 0.688827
0.128162, 0.905556, -0.825010, 0.152777
0.128276, 0.467684, 0.163854, 0.703636
0.128295, 0.184037, 0.206899, 0.300294
0.128332, 0.531259, 0.146718, 0.777033
0.128422, 0.272475, 0.197277, 0.434915
0.128570, 0.389868, 0.180227, 0.602543
0.128658, 0.443151, 0.169896, 0.672831
0.128874, 0.065084, 0.217727, 0.108957
0.129093, 0.479637, 0.161942, 0.717962
0.129168, 0.734426, 0.036574, 0.910845
0.129215, 0.351056, 0.187655, 0.548988
0.129398, 0.558571, 0.138869, 0.804886
0.129414, 0.363803, 0.185847, 0.566615
0.129423, 0.216614, 0.205222, 0.350430
0.129484, 0.676387, 0.082788, 0.895587
0.129501, 0.809088, -0.069448, 0.865990
0.129512, 0.042954, 0.219946, 0.072105
0.129553, 0.953516, -0.919579, 0.055127
0.129734, 0.604984, 0.121026, 0.847627
0.129964, 0.688107, 0.074886, 0.900504
0.130192, 0.821601, -0.095906, 0.846811
0.130236, 1.000000, -0.943133, 0.000000
0.130274, 0.136699, 0.214452, 0.225311
0.130438, 0.977281, -0.938193, 0.024963
0.130470, 0.229274, 0.205513, 0.369774
0.130498, 0.544667, 0.144757, 0.790341
0.130528, 0.931645, -0.891289, 0.088246
0.130642, 0.709657, 0.058939, 0.906569
0.130663, 0.491937, 0.160637, 0.732078
0.131257, 0.639359, 0.105489, 0.873097
0.131293, 0.021315, 0.223663, 0.035857
0.131327, 0.260437, 0.203095, 0.416482
0.131564, 0.377705, 0.186480, 0.585329
0.131603, 0.000000, 0.224555, 0.000000
0.131619, 0.298083, 0.198840, 0.472469
0.132161, 0.834502, -0.150520, 0.798132
0.132197, 0.088160, 0.221688, 0.146795
0.132205, 0.747908, 0.022162, 0.906104
0.132746, 0.519172, 0.155278, 0.762574
0.132830, 0.317209, 0.197956, 0.500103
0.132836, 0.241014, 0.207807, 0.387304
0.132981, 0.592129, 0.129371, 0.835155
0.133160, 0.194971, 0.213425, 0.316749
0.133169, 0.123799, 0.220572, 0.204712
0.133183, 0.762497, 0.004281, 0.900464
0.133258, 0.421661, 0.180391, 0.643822
0.133430, 0.150524, 0.218122, 0.246880
0.133501, 0.400755, 0.184970, 0.616507
0.133931, 0.847384, -0.163108, 0.790927
0.134111, 0.665761, 0.091938, 0.887263
0.134748, 0.163831, 0.218970, 0.267799
0.134974, 0.626406, 0.114912, 0.861942
0.135177, 0.720893, 0.049848, 0.904233
0.135348, 0.075821, 0.227273, 0.126183
0.135380, 0.505679, 0.162259, 0.746767
0.135516, 0.579720, 0.136826, 0.822934
0.135618, 0.053027, 0.229054, 0.088520
0.135653, 0.860203, -0.326998, 0.624249
0.135681, 0.799017, -0.056789, 0.866767
0.135859, 0.110606, 0.225469, 0.182769
0.136143, 0.942785, -0.915833, 0.063163
0.136424, 0.965458, -0.937820, 0.035114
0.136791, 0.698502, 0.069393, 0.898624
0.137000, 0.988580, -0.948679, 0.011026
0.137311, 0.872948, -0.778804, 0.182210
0.137419, 0.785110, -0.033224, 0.878369
0.137475, 0.567161, 0.143706, 0.810341
0.137537, 0.288989, 0.208847, 0.458179
0.137649, 0.207174, 0.219121, 0.335081
0.137858, 0.032251, 0.233920, 0.053989
0.137926, 0.329401, 0.203516, 0.516808
0.138213, 0.175704, 0.223295, 0.286121
0.138457, 0.010779, 0.235317, 0.018065
0.138534, 0.613486, 0.124149, 0.850313
0.138769, 0.277921, 0.212151, 0.441606
0.138866, 0.885587, -0.774563, 0.195391
0.138967, 0.773228, -0.014722, 0.885530
0.139116, 0.922053, -0.889848, 0.089786
0.139173, 0.098129, 0.231907, 0.162399
0.139244, 0.448223, 0.182199, 0.676513
0.139253, 0.342421, 0.203348, 0.535138
0.139535, 0.656430, 0.100894, 0.878638
0.139630, 0.367689, 0.199497, 0.570217
0.139721, 0.434029, 0.186103, 0.658322
0.139756, 0.897936, -0.839371, 0.134640
0.139907, 0.538381, 0.156776, 0.780667
0.140061, 0.307731, 0.209966, 0.485350
0.140089, 0.472379, 0.177141, 0.705911
0.140102, 0.388998, 0.196149, 0.599224
0.140103, 0.910219, -0.866261, 0.111358
0.140207, 0.460151, 0.180443, 0.691028
0.140288, 0.813197, -0.092660, 0.836758
0.140325, 0.410956, 0.192047, 0.628643
0.140361, 0.552707, 0.152107, 0.794991
0.140432, 0.730660, 0.039992, 0.898810
0.140555, 0.252828, 0.218258, 0.404293
0.140781, 0.678059, 0.086439, 0.888279
0.140836, 0.645402, 0.108472, 0.871289
0.140918, 0.219513, 0.222726, 0.353510
0.140921, 0.355416, 0.203443, 0.552813
0.141287, 0.266207, 0.217559, 0.424039
0.141375, 0.483839, 0.175550, 0.719156
0.141393, 0.063119, 0.237567, 0.104823
0.141594, 0.495641, 0.172398, 0.732845
0.141962, 0.600618, 0.133170, 0.838301
0.141972, 0.741708, 0.027112, 0.895522
0.141982, 0.526990, 0.162878, 0.768024
0.142070, 0.826468, -0.152762, 0.783995
0.142227, 0.187043, 0.228415, 0.303371
0.142668, 0.142313, 0.233464, 0.232877
0.142730, 0.230858, 0.224137, 0.370500
0.142896, 0.954287, -0.936442, 0.042005
0.142935, 0.710117, 0.060463, 0.895467
0.143575, 1.000000, -0.955812, 0.000000
0.143590, 0.131431, 0.236368, 0.215856
0.143601, 0.754140, 0.010529, 0.889325
0.143744, 0.976958, -0.951453, 0.019576
0.143749, 0.042759, 0.242693, 0.071180
0.144146, 0.839559, -0.152634, 0.789373
0.144176, 0.633684, 0.117475, 0.861762
0.144276, 0.932023, -0.912953, 0.067389
0.144435, 0.156031, 0.235028, 0.254500
0.144455, 0.688496, 0.079769, 0.889203
0.144625, 0.241941, 0.225699, 0.387087
0.144861, 0.514313, 0.170252, 0.753130
0.145118, 0.378438, 0.205132, 0.584076
0.145125, 0.021720, 0.245611, 0.036210
0.145326, 0.085203, 0.242355, 0.140696
0.145353, 0.000000, 0.246359, 0.000000
0.145356, 0.118662, 0.239845, 0.194849
0.145421, 0.587918, 0.142062, 0.825926
0.145807, 0.318807, 0.216604, 0.500295
0.145929, 0.422333, 0.196922, 0.642308
0.146044, 0.298203, 0.220212, 0.470608
0.146071, 0.852537, -0.414232, 0.524760
0.146435, 0.199098, 0.233704, 0.321626
0.146623, 0.792444, -0.056432, 0.852566
0.146777, 0.399433, 0.203051, 0.611794
0.146810, 0.667254, 0.097082, 0.879126
0.146832, 0.073407, 0.245695, 0.121447
0.147464, 0.575597, 0.149470, 0.814053
0.147487, 0.562464, 0.155170, 0.801685
0.147509, 0.765272, -0.007677, 0.877432
0.147577, 0.621424, 0.126769, 0.851343
0.147933, 0.865474, -0.799140, 0.154802
0.148040, 0.167685, 0.239557, 0.272484
0.148360, 0.805027, -0.086048, 0.830713
0.148478, 0.720936, 0.049991, 0.890343
0.148693, 0.442352, 0.195577, 0.666753
0.148808, 0.332226, 0.218691, 0.518860
0.148889, 0.107493, 0.246590, 0.176721
0.149570, 0.965636, -0.950689, 0.026821
0.149668, 0.285545, 0.227392, 0.451389
0.149679, 0.878420, -0.780114, 0.182341
0.149688, 0.053041, 0.251526, 0.087862
0.149697, 0.503322, 0.179288, 0.739062
0.149728, 0.943344, -0.933023, 0.047356
0.149925, 0.545295, 0.164483, 0.783840
0.149974, 0.700256, 0.070834, 0.887149
0.150196, 0.988193, -0.959810, 0.008754
0.150232, 0.778364, -0.032157, 0.861773
0.150490, 0.211454, 0.238606, 0.340213
0.150522, 0.344668, 0.218932, 0.536032
0.150584, 0.095516, 0.250147, 0.157185
0.150891, 0.918580, -0.902786, 0.075067
0.150908, 0.608820, 0.136124, 0.840199
0.151007, 0.654317, 0.108399, 0.869622
0.151043, 0.366780, 0.215558, 0.566862
0.151073, 0.467254, 0.191877, 0.696643
0.151359, 0.891486, -0.851034, 0.117258
0.151447, 0.273516, 0.231907, 0.433636
0.151664, 0.904476, -0.875407, 0.098144
0.151733, 0.032675, 0.255942, 0.054246
0.151783, 0.818473, -0.153199, 0.770641
0.151959, 0.260399, 0.234511, 0.414007
0.151995, 0.179082, 0.244591, 0.289917
0.152148, 0.011007, 0.256990, 0.018288
0.152201, 0.454175, 0.196879, 0.680604
0.152500, 0.733042, 0.035460, 0.884081
0.152538, 0.410434, 0.208271, 0.625028
0.152811, 0.355981, 0.220075, 0.551371
0.152920, 0.478822, 0.190700, 0.709937
0.153077, 0.534418, 0.171936, 0.771533
0.153101, 0.147837, 0.249571, 0.240737
0.153102, 0.490502, 0.187286, 0.723371
0.153166, 0.388130, 0.214135, 0.595540
0.153483, 0.223539, 0.241729, 0.358285
0.153537, 0.642146, 0.117979, 0.861173
0.153645, 0.431818, 0.204577, 0.652383
0.153988, 0.677681, 0.091722, 0.877612
0.154026, 0.248411, 0.239287, 0.395783
0.154045, 0.831556, -0.144301, 0.784024
0.154111, 0.745106, 0.018923, 0.878092
0.154241, 0.308671, 0.230631, 0.484587
0.154293, 0.595887, 0.145597, 0.828240
0.154375, 0.522368, 0.177830, 0.758339
0.154850, 0.125381, 0.254367, 0.204812
0.154910, 0.063896, 0.259026, 0.105338
0.155263, 0.190837, 0.248305, 0.307723
0.155314, 0.554802, 0.165932, 0.791031
0.155456, 0.235318, 0.243190, 0.375813
0.156212, 0.844550, -0.494062, 0.431951
0.156256, 0.711196, 0.060499, 0.881721
0.156354, 0.932133, -0.927460, 0.052077
0.156396, 0.953799, -0.948587, 0.032028
0.156715, 1.000000, -0.965358, 0.000000
0.156789, 0.630013, 0.127807, 0.851592
0.156990, 0.137172, 0.256977, 0.223648
0.157003, 0.323015, 0.232168, 0.504586
0.157030, 0.756521, 0.000160, 0.867415
0.157196, 0.787556, -0.061595, 0.833503
0.157216, 0.690826, 0.081076, 0.878300
0.157539, 0.976732, -0.961972, 0.014630
0.157575, 0.077024, 0.262822, 0.126794
0.157607, 0.159115, 0.255620, 0.258150
0.157624, 0.294984, 0.237743, 0.464039
0.157888, 0.582499, 0.155369, 0.815288
0.157909, 0.568807, 0.162014, 0.803146
0.158210, 0.376191, 0.223519, 0.578226
0.158217, 0.043457, 0.265727, 0.071775
0.158231, 0.857509, -0.789864, 0.154828
0.158339, 0.664012, 0.104513, 0.868643
0.158686, 0.510509, 0.186802, 0.743998
0.158854, 0.022101, 0.267333, 0.036544
0.158948, 0.000000, 0.267743, 0.000000
0.159002, 0.799247, -0.093309, 0.809340
0.159188, 0.420921, 0.214416, 0.636921
0.159296, 0.203533, 0.253085, 0.326846
0.159533, 0.088343, 0.264782, 0.144843
0.159678, 0.114398, 0.262855, 0.186728
0.159885, 0.768568, -0.023612, 0.852108
0.159979, 0.398725, 0.220921, 0.608168
0.160042, 0.617805, 0.137566, 0.841392
0.160168, 0.870503, -0.788366, 0.164384
0.160293, 0.336527, 0.234432, 0.523180
0.160529, 0.443535, 0.210147, 0.665335
0.160892, 0.723315, 0.046042, 0.875229
0.161015, 0.101794, 0.266410, 0.166641
0.161159, 0.811127, -0.151622, 0.758664
0.161393, 0.463188, 0.205507, 0.688785
0.161508, 0.170653, 0.260503, 0.275810
0.161710, 0.281689, 0.246043, 0.444269
0.161855, 0.883600, -0.850931, 0.109314
0.162055, 0.964129, -0.959177, 0.021127
0.162234, 0.498279, 0.195066, 0.729189
0.162341, 0.921957, -0.921105, 0.055213
0.162390, 0.910106, -0.903669, 0.068791
0.162581, 0.268369, 0.249301, 0.424263
0.162765, 0.651106, 0.116476, 0.859250
0.162861, 0.349364, 0.235557, 0.540586
0.163086, 0.989495, -0.968302, 0.005677
0.163107, 0.605633, 0.147067, 0.830766
0.163325, 0.544134, 0.178381, 0.776950
0.163473, 0.216471, 0.258008, 0.346261
0.163544, 0.362991, 0.233671, 0.559105
0.163571, 0.054503, 0.273692, 0.089662
0.163586, 0.943407, -0.945846, 0.034288
0.163677, 0.897009, -0.880356, 0.086207
0.163799, 0.701546, 0.071196, 0.872954
0.163873, 0.255064, 0.253239, 0.404338
0.163941, 0.823748, -0.144927, 0.767976
0.164113, 0.474950, 0.205087, 0.702036
0.164362, 0.735674, 0.028271, 0.866774
0.164755, 0.531169, 0.185262, 0.763477
0.164854, 0.409271, 0.224765, 0.620641
0.164907, 0.778929, -0.052048, 0.827889
0.165287, 0.683361, 0.089970, 0.868642
0.165357, 0.182382, 0.265185, 0.293638
0.165367, 0.148190, 0.269041, 0.240234
0.165431, 0.315216, 0.245624, 0.491714
0.165433, 0.486325, 0.202816, 0.714825
0.165568, 0.033393, 0.277824, 0.055015
0.165585, 0.241894, 0.257748, 0.384398
0.165629, 0.010798, 0.278195, 0.017790
0.165701, 0.387218, 0.231237, 0.591428
0.165761, 0.558034, 0.174520, 0.788914
0.166043, 0.638705, 0.127386, 0.850294
0.166158, 0.593576, 0.156401, 0.819652
0.166231, 0.836455, -0.562635, 0.349799
0.166245, 0.228364, 0.260666, 0.363963
0.166483, 0.432386, 0.220722, 0.649663
0.166515, 0.127791, 0.272731, 0.207697
0.166565, 0.671359, 0.101420, 0.864198
0.166590, 0.302372, 0.249592, 0.473120
0.166654, 0.067388, 0.277396, 0.110353
0.166656, 0.453745, 0.214745, 0.675885
0.166835, 0.518726, 0.192457, 0.749745
0.166933, 0.747430, 0.008605, 0.856419
0.167334, 0.194410, 0.266591, 0.311754
0.168405, 0.849184, -0.772282, 0.160894
0.168533, 0.571737, 0.170334, 0.799833
0.168897, 0.713690, 0.056806, 0.866354
0.169020, 0.328028, 0.248377, 0.509224
0.169284, 0.791191, -0.089147, 0.796487
0.169313, 0.626464, 0.137982, 0.840775
0.169750, 0.759267, -0.015240, 0.841339
0.169822, 0.932687, -0.940451, 0.037012
0.169874, 0.080167, 0.282142, 0.131121
0.169896, 0.290560, 0.256621, 0.455771
0.169915, 0.374920, 0.239782, 0.573900
0.169933, 0.582580, 0.165723, 0.808371
0.170112, 0.160694, 0.275128, 0.259361
0.170329, 0.980671, -0.970295, 0.008627
0.170464, 0.861851, -0.793932, 0.147047
0.170548, 1.000000, -0.972853, 0.000000
0.170708, 0.954275, -0.958839, 0.021963
0.170960, 0.970099, -0.967238, 0.013532
0.171060, 0.093133, 0.282607, 0.151705
0.171145, 0.659609, 0.113280, 0.855932
0.171295, 0.208366, 0.271064, 0.332838
0.171408, 0.505474, 0.202517, 0.733685
0.171428, 0.117889, 0.281194, 0.191354
0.171475, 0.803397, -0.150942, 0.743229
0.171508, 0.421472, 0.230163, 0.634590
0.171822, 0.137767, 0.280148, 0.223030
0.171871, 0.106074, 0.283229, 0.172640
0.172079, 0.021492, 0.288040, 0.035243
0.172192, 0.692965, 0.081148, 0.863038
0.172362, 0.340391, 0.250624, 0.525846
0.172472, 0.874330, -0.845850, 0.103427
0.172510, 0.045042, 0.287899, 0.073736
0.172619, 0.000000, 0.289243, 0.000000
0.172633, 0.614217, 0.148435, 0.830612
0.173008, 0.276084, 0.263373, 0.433543
0.173162, 0.467103, 0.218269, 0.689990
0.173217, 0.725945, 0.039048, 0.857183
0.173300, 0.262060, 0.266258, 0.413202
0.173417, 0.442823, 0.226334, 0.660452
0.173493, 0.397295, 0.239092, 0.602478
0.173710, 0.815692, -0.149438, 0.746723
0.173782, 0.920422, -0.930444, 0.042155
0.173815, 0.770390, -0.044417, 0.818426
0.174006, 0.886282, -0.874862, 0.081230
0.174027, 0.908410, -0.914920, 0.052630
0.174073, 0.352713, 0.250363, 0.542417
0.174408, 0.173130, 0.280415, 0.278278
0.175094, 0.647394, 0.125189, 0.847413
0.175134, 0.550012, 0.186889, 0.777357
0.175355, 0.537963, 0.192817, 0.765713
0.175357, 0.363806, 0.249699, 0.557391
0.175439, 0.248962, 0.271606, 0.393559
0.175487, 0.493922, 0.211372, 0.719770
0.175633, 0.602075, 0.158420, 0.820197
0.175658, 0.409605, 0.238705, 0.617942
0.175910, 0.308695, 0.262003, 0.480582
0.175941, 0.058045, 0.292932, 0.094809
0.176137, 0.897265, -0.898825, 0.062314
0.176223, 0.828278, -0.621535, 0.276694
0.176248, 0.678842, 0.096806, 0.856547
0.176412, 0.235034, 0.275137, 0.372526
0.176516, 0.563225, 0.181451, 0.788606
0.176738, 0.738073, 0.018039, 0.845243
0.176964, 0.526008, 0.199835, 0.753004
0.177054, 0.704771, 0.067000, 0.856834
0.177079, 0.480193, 0.218257, 0.703758
0.177128, 0.221088, 0.278342, 0.351513
0.177605, 0.942749, -0.954455, 0.023731
0.177663, 0.150273, 0.288050, 0.242179
0.177692, 0.197940, 0.282119, 0.315858
0.177846, 0.782259, -0.079469, 0.789419
0.177858, 0.989397, -0.974911, 0.003793
0.178004, 0.320549, 0.262769, 0.497153
0.178018, 0.384504, 0.248406, 0.584756
0.178219, 0.031969, 0.297404, 0.052226
0.178326, 0.185379, 0.284715, 0.296475
0.178375, 0.513892, 0.206527, 0.739792
0.178392, 0.455917, 0.228249, 0.674719
0.178501, 0.071124, 0.295718, 0.115684
0.178514, 0.840937, -0.756712, 0.163270
0.178633, 0.635123, 0.136780, 0.838544
0.179311, 0.590046, 0.168606, 0.808983
0.179373, 0.010805, 0.299780, 0.017661
0.179519, 0.963271, -0.967946, 0.012866
0.179588, 0.750021, -0.006457, 0.830019
0.180024, 0.431572, 0.237982, 0.644614
0.180030, 0.285581, 0.272156, 0.446333
0.180146, 0.667692, 0.108725, 0.849989
0.180676, 0.126613, 0.295044, 0.204470
0.180734, 0.853627, -0.797992, 0.130066
0.181110, 0.298159, 0.271460, 0.464385
0.181197, 0.576921, 0.177817, 0.797655
0.181248, 0.085212, 0.299681, 0.138478
0.181347, 0.794772, -0.149188, 0.727888
0.181759, 0.716593, 0.049688, 0.847463
0.181814, 0.622952, 0.147873, 0.829384
0.181894, 0.332839, 0.265813, 0.513772
0.182374, 0.098768, 0.300029, 0.159911
0.182503, 0.162935, 0.294098, 0.261378
0.182667, 0.930652, -0.947068, 0.026414
0.182692, 0.112981, 0.299691, 0.182787
0.182727, 0.268474, 0.279222, 0.421103
0.182874, 0.372129, 0.258015, 0.567010
0.182939, 0.866310, -0.844446, 0.092932
0.182977, 0.687188, 0.088234, 0.849747
0.183082, 0.761597, -0.036282, 0.807924
0.183451, 0.976774, -0.974474, 0.006659
0.183475, 0.209346, 0.289612, 0.332695
0.183698, 0.418860, 0.246439, 0.627646
0.183704, 0.807263, -0.156993, 0.720758
0.184061, 0.656184, 0.120873, 0.842686
0.184268, 0.139786, 0.299183, 0.224786
0.184350, 1.000000, -0.977654, 0.000000
0.184501, 0.041257, 0.306896, 0.067132
0.184593, 0.345369, 0.266818, 0.530537
0.184616, 0.467958, 0.231404, 0.686659
0.184724, 0.445216, 0.239447, 0.659779
0.185024, 0.952322, -0.964367, 0.014485
0.185256, 0.917246, -0.935145, 0.031956
0.185286, 0.610718, 0.158927, 0.819381
0.185302, 0.878922, -0.876148, 0.068864
0.185378, 0.404611, 0.252690, 0.608815
0.185499, 0.256678, 0.285389, 0.403342
0.185608, 0.503917, 0.218362, 0.726235
0.185810, 0.728675, 0.028486, 0.835001
0.185919, 0.021592, 0.309730, 0.035129
0.186032, 0.819779, -0.657309, 0.225701
0.186098, 0.697436, 0.075356, 0.845468
0.186234, 0.243248, 0.288592, 0.383186
0.186264, 0.000000, 0.310681, 0.000000
0.186394, 0.357950, 0.266255, 0.547031
0.186570, 0.051912, 0.309726, 0.084295
0.186644, 0.392931, 0.257637, 0.593570
0.186667, 0.904485, -0.920503, 0.039538
0.186676, 0.490851, 0.224941, 0.711748
0.186754, 0.554582, 0.195246, 0.775169
0.186829, 0.542628, 0.201535, 0.764287
0.186839, 0.773450, -0.071933, 0.779006
0.187121, 0.566597, 0.188831, 0.785346
0.187213, 0.891037, -0.900994, 0.050878
0.187223, 0.310719, 0.277808, 0.481140
0.187280, 0.174497, 0.299983, 0.278641
0.187462, 0.644121, 0.133170, 0.835030
0.187625, 0.230222, 0.292824, 0.363616
0.187709, 0.530609, 0.208335, 0.752376
0.188184, 0.598769, 0.169218, 0.809457
0.188309, 0.277585, 0.285942, 0.433581
0.188316, 0.196174, 0.298742, 0.311833
0.188468, 0.832434, -0.742183, 0.162805
0.188589, 0.517951, 0.215187, 0.739380
0.188770, 0.063464, 0.312663, 0.102865
0.189254, 0.740780, 0.002997, 0.818658
0.189478, 0.676193, 0.101279, 0.841261
0.189546, 0.076191, 0.312600, 0.123128
0.189625, 0.478674, 0.233116, 0.696947
0.189766, 0.153388, 0.306474, 0.245677
0.190060, 0.323203, 0.279198, 0.498076
0.190329, 0.785720, -0.140802, 0.718667
0.190770, 0.988338, -0.978314, 0.002368
0.190784, 0.845140, -0.798639, 0.115077
0.190823, 0.218454, 0.299508, 0.345478
0.190922, 0.381220, 0.266465, 0.577044
0.190923, 0.708286, 0.058969, 0.836087
0.190937, 0.456264, 0.243073, 0.670676
0.191005, 0.585915, 0.179862, 0.798331
0.191097, 0.965681, -0.972841, 0.007274
0.191125, 0.184584, 0.304589, 0.293671
0.191229, 0.631682, 0.145653, 0.826172
0.191589, 0.436487, 0.250723, 0.646879
0.191648, 0.940458, -0.959256, 0.014766
0.191700, 0.289818, 0.288606, 0.450676
0.192445, 0.129861, 0.312904, 0.208340
0.192484, 0.105041, 0.315351, 0.169115
0.192529, 0.752680, -0.027500, 0.796861
0.192556, 0.090541, 0.316632, 0.146042
0.192656, 0.031954, 0.320127, 0.051811
0.193047, 0.857928, -0.840200, 0.083726
0.193089, 0.011047, 0.321232, 0.017918
0.193171, 0.425721, 0.256203, 0.633065
0.193368, 0.798360, -0.154311, 0.704206
0.193418, 0.118190, 0.315785, 0.189964
0.193437, 0.665201, 0.114029, 0.835158
0.194229, 0.619486, 0.157321, 0.817456
0.194335, 0.368807, 0.274315, 0.559663
0.194380, 0.335681, 0.282478, 0.514469
0.194451, 0.926503, -0.949252, 0.018274
0.194511, 0.412440, 0.262072, 0.616013
0.194541, 0.301363, 0.290397, 0.466605
0.194822, 0.719678, 0.038710, 0.824288
0.194973, 0.574692, 0.190206, 0.787087
0.195338, 0.686836, 0.088226, 0.833932
0.195348, 0.870912, -0.873333, 0.059345
0.195373, 0.266238, 0.298310, 0.415643
0.195646, 0.205597, 0.308618, 0.325184
0.195730, 0.166057, 0.314363, 0.264807
0.195833, 0.810954, -0.678589, 0.187741
0.196010, 0.764585, -0.064195, 0.767667
0.196042, 0.251991, 0.301681, 0.394393
0.196065, 0.143356, 0.317053, 0.229081
0.196595, 0.653633, 0.126964, 0.829129
0.196723, 0.346867, 0.283029, 0.529203
0.196781, 0.912389, -0.936635, 0.022702
0.196997, 0.954443, -0.969186, 0.007531
0.197074, 0.977247, -0.977496, 0.003284
0.197112, 0.466478, 0.246416, 0.680071
0.197407, 0.400108, 0.269580, 0.599731
0.197417, 0.499712, 0.232712, 0.716477
0.197422, 0.043623, 0.327256, 0.070526
0.197590, 1.000000, -0.980261, 0.000000
0.197651, 0.898337, -0.920488, 0.030038
0.197877, 0.239442, 0.306756, 0.375765
0.198087, 0.511523, 0.227902, 0.728342
0.198115, 0.607048, 0.169393, 0.807213
0.198117, 0.357770, 0.282251, 0.543739
0.198188, 0.561798, 0.200752, 0.774649
0.198189, 0.549298, 0.208125, 0.764021
0.198227, 0.823541, -0.729864, 0.158536
0.198260, 0.884211, -0.900290, 0.040489
0.198444, 0.446555, 0.255503, 0.656725
0.198521, 0.731600, 0.013197, 0.807763
0.198735, 0.536950, 0.215489, 0.752604
0.198737, 0.698097, 0.071836, 0.827031
0.198899, 0.487926, 0.239547, 0.703236
0.199016, 0.313918, 0.294088, 0.483418
0.199374, 0.524632, 0.222605, 0.740661
0.199380, 0.641204, 0.140283, 0.822418
0.199477, 0.776710, -0.131230, 0.709375
0.199718, 0.079806, 0.328266, 0.128261
0.199730, 0.000000, 0.331753, 0.000000
0.199913, 0.022173, 0.331620, 0.035808
0.199938, 0.594765, 0.179926, 0.798080
0.200058, 0.055350, 0.330802, 0.089250
0.200059, 0.279107, 0.302698, 0.433401
0.200106, 0.388596, 0.276490, 0.584090
0.200327, 0.227174, 0.312440, 0.357055
0.200333, 0.192149, 0.317714, 0.304074
0.200685, 0.836119, -0.794636, 0.103037
0.200801, 0.067086, 0.331247, 0.108004
0.201933, 0.743751, -0.018296, 0.785438
0.201941, 0.178035, 0.322303, 0.282427
0.201946, 0.476037, 0.247977, 0.688860
0.201973, 0.326564, 0.295324, 0.500333
0.202242, 0.098288, 0.331135, 0.157625
0.202264, 0.155520, 0.325417, 0.247451
0.202397, 0.675463, 0.102547, 0.825066
0.202538, 0.789248, -0.145184, 0.694190
0.203029, 0.848562, -0.832809, 0.075462
0.203183, 0.133515, 0.329205, 0.213005
0.203507, 0.214979, 0.319147, 0.338225
0.203621, 0.376412, 0.284602, 0.567126
0.203712, 0.945030, -0.965492, 0.006018
0.203712, 0.420427, 0.271025, 0.622965
0.203805, 0.628349, 0.154152, 0.813116
0.203810, 0.291701, 0.305596, 0.450757
0.203973, 0.434452, 0.266500, 0.640018
0.204019, 0.966006, -0.975295, 0.002669
0.204037, 0.988807, -0.980225, 0.000720
0.204062, 0.710114, 0.050196, 0.813107
0.204134, 0.582214, 0.191874, 0.786328
0.204611, 0.933841, -0.958556, 0.007902
0.204702, 0.109859, 0.333949, 0.175684
0.204802, 0.457226, 0.258904, 0.666777
0.205240, 0.860827, -0.865066, 0.052281
0.205315, 0.259470, 0.314062, 0.403739
0.205378, 0.755746, -0.057063, 0.754703
0.205398, 0.801921, -0.682633, 0.165703
0.205471, 0.122045, 0.333827, 0.194718
0.205992, 0.664044, 0.116944, 0.820154
0.206101, 0.920738, -0.948592, 0.010606
0.206139, 0.034172, 0.341194, 0.055011
0.206317, 0.616073, 0.166422, 0.805206
0.206498, 0.011449, 0.342138, 0.018437
0.206863, 0.087900, 0.338950, 0.140721
0.206921, 0.408175, 0.279152, 0.606899
0.207123, 0.304019, 0.307658, 0.467449
0.207291, 0.570427, 0.202298, 0.775460
0.207351, 0.686704, 0.086546, 0.816745
0.207388, 0.721896, 0.025058, 0.797637
0.207408, 0.872722, -0.889320, 0.036292
0.207447, 0.201806, 0.327142, 0.317743
0.207650, 0.364434, 0.293337, 0.550167
0.207930, 0.814599, -0.721247, 0.149464
0.207933, 0.339231, 0.300504, 0.516339
0.208026, 0.907044, -0.936272, 0.013651
0.208233, 0.651458, 0.132092, 0.815764
0.208555, 0.248061, 0.321135, 0.386663
0.208701, 0.270364, 0.317073, 0.419149
0.208741, 0.767631, -0.121028, 0.699648
0.208745, 0.166712, 0.334099, 0.264044
0.208793, 0.145178, 0.336569, 0.230560
0.208922, 0.894417, -0.922484, 0.018418
0.209035, 0.556750, 0.212746, 0.763540
0.209099, 0.351436, 0.298827, 0.532382
0.209515, 0.506826, 0.241757, 0.717912
0.209592, 0.543873, 0.221245, 0.752428
0.209739, 0.494913, 0.247874, 0.705718
0.209941, 0.235952, 0.325218, 0.368384
0.210012, 0.519030, 0.235864, 0.729578
0.210140, 0.046694, 0.347081, 0.074986
0.210142, 0.396351, 0.287067, 0.590911
0.210277, 0.699340, 0.065504, 0.807636
0.210427, 0.977786, -0.978794, 0.000299
0.210438, 0.827218, -0.788700, 0.091943
0.210656, 0.531725, 0.229357, 0.741077
0.210663, 0.638525, 0.146777, 0.809898
0.210695, 0.602796, 0.180154, 0.794315
0.210725, 0.883460, -0.908851, 0.022651
0.210789, 0.316304, 0.309995, 0.483787
0.210797, 0.445279, 0.270560, 0.650175
0.210822, 0.073716, 0.346176, 0.117916
0.210896, 0.734595, -0.007805, 0.774817
0.210977, 0.955214, -0.971673, 0.001077
0.211049, 0.482598, 0.255053, 0.692160
0.211103, 1.000000, -0.981109, 0.000000
0.211276, 0.188161, 0.335020, 0.296529
0.211451, 0.590706, 0.190479, 0.786362
0.211513, 0.468060, 0.262051, 0.676063
0.211742, 0.780147, -0.138025, 0.681484
0.212459, 0.282631, 0.320017, 0.436064
0.212788, 0.384421, 0.294221, 0.574787
0.212918, 0.000000, 0.352179, 0.000000
0.212958, 0.426827, 0.280099, 0.627508
0.212959, 0.023520, 0.351954, 0.037724
0.213023, 0.223950, 0.332056, 0.350211
0.213045, 0.059896, 0.350648, 0.095849
0.213062, 0.839739, -0.826817, 0.064921
0.213265, 0.328386, 0.310499, 0.499906
0.214604, 0.133775, 0.346948, 0.212282
0.214626, 0.746930, -0.049432, 0.741627
0.214657, 0.792747, -0.673379, 0.155714
0.214758, 0.098602, 0.350658, 0.157166
0.215358, 0.674865, 0.102141, 0.807004
0.215448, 0.211225, 0.337632, 0.330601
0.215512, 0.155712, 0.345678, 0.246113
0.215518, 0.852129, -0.859447, 0.041966
0.215792, 0.176635, 0.343483, 0.278296
0.216084, 0.295314, 0.322426, 0.453314
0.216198, 0.929096, -0.957523, 0.000917
0.216314, 0.111745, 0.351682, 0.177577
0.216319, 0.942812, -0.966095, -0.000679
0.216428, 0.372093, 0.302761, 0.557735
0.216508, 0.625490, 0.162059, 0.799417
0.216518, 0.415393, 0.288609, 0.612435
0.217082, 0.712254, 0.035890, 0.785073
0.217138, 0.967081, -0.976223, -0.001452
0.217189, 0.455659, 0.273713, 0.659418
0.217334, 0.915224, -0.946910, 0.002722
0.217337, 0.259127, 0.331915, 0.401177
0.217340, 0.084308, 0.355466, 0.134271
0.217391, 0.805524, -0.713266, 0.138793
0.217403, 0.613487, 0.174061, 0.793531
0.217473, 0.661571, 0.120079, 0.804955
0.217521, 0.578976, 0.203425, 0.773936
0.217573, 0.988929, -0.980341, -0.000668
0.217763, 0.122744, 0.352798, 0.194640
0.217789, 0.565349, 0.213667, 0.764207
0.217914, 0.864354, -0.884508, 0.025920
0.218375, 0.758488, -0.109133, 0.690251
0.218491, 0.436312, 0.283145, 0.636851
0.218499, 0.687914, 0.081337, 0.798384
0.219037, 0.725134, 0.004964, 0.766538
0.219164, 0.036041, 0.361006, 0.057554
0.219199, 0.198472, 0.345390, 0.310920
0.219235, 0.011346, 0.361823, 0.018133
0.219383, 0.358951, 0.310558, 0.539573
0.219561, 0.648651, 0.136689, 0.801494
0.219798, 0.308007, 0.324678, 0.470199
0.219857, 0.551139, 0.225184, 0.751764
0.219990, 0.901212, -0.934565, 0.003771
0.220037, 0.818264, -0.781033, 0.081580
0.220040, 0.404012, 0.296994, 0.597126
0.220180, 0.245168, 0.338535, 0.379949
0.220188, 0.346228, 0.315329, 0.522503
0.220600, 0.272443, 0.333857, 0.419660
0.220845, 0.876209, -0.904918, 0.013266
0.220878, 0.476817, 0.268322, 0.681085
0.220887, 0.770940, -0.128552, 0.670331
0.220914, 0.700609, 0.057084, 0.786773
0.221260, 0.501720, 0.256120, 0.706648
0.221278, 0.513898, 0.249433, 0.718400
0.221545, 0.636090, 0.151949, 0.796866
0.221588, 0.144104, 0.356454, 0.227504
0.221648, 0.526431, 0.242448, 0.729703
0.221671, 0.489646, 0.262825, 0.694244
0.221699, 0.592302, 0.195062, 0.778659
0.221852, 0.070034, 0.363398, 0.111365
0.221885, 0.539384, 0.234533, 0.740864
0.221977, 0.048986, 0.365209, 0.078127
0.222006, 0.889158, -0.922160, 0.005653
0.222081, 0.334930, 0.321023, 0.506761
0.222181, 0.233729, 0.343964, 0.363143
0.222527, 0.165676, 0.355141, 0.260565
0.222722, 0.830856, -0.819506, 0.054769
0.222806, 0.392472, 0.304450, 0.581765
0.222877, 0.320763, 0.325738, 0.486990
0.223263, 0.738264, -0.039689, 0.730913
0.223552, 0.956139, -0.972274, -0.003990
0.223803, 0.603994, 0.185915, 0.782864
0.223923, 0.783520, -0.663880, 0.144972
0.224111, 0.186335, 0.354639, 0.291825
0.224143, 0.978058, -0.978331, -0.002348
0.224269, 0.285733, 0.336223, 0.437853
0.224360, 0.464527, 0.277810, 0.666041
0.224753, 1.000000, -0.980279, 0.000000
0.224819, 0.220149, 0.349926, 0.342163
0.224917, 0.445912, 0.286677, 0.645372
0.225066, 0.380437, 0.311367, 0.565782
0.225097, 0.022549, 0.370513, 0.035888
0.225180, 0.424681, 0.295623, 0.620370
0.225503, 0.843541, -0.852883, 0.031752
0.225923, 0.105174, 0.367013, 0.166417
0.226131, 0.000000, 0.372504, 0.000000
0.226536, 0.092370, 0.368965, 0.146261
0.226609, 0.796324, -0.703483, 0.128987
0.227028, 0.131804, 0.366255, 0.207880
0.227379, 0.059506, 0.372996, 0.094534
0.227388, 0.668690, 0.108720, 0.789454
0.227412, 0.935024, -0.962001, -0.006330
0.227553, 0.922398, -0.953972, -0.006121
0.227702, 0.208605, 0.356442, 0.324721
0.227947, 0.558731, 0.225993, 0.751746
0.227961, 0.299142, 0.338344, 0.455958
0.227971, 0.680787, 0.089213, 0.784763
0.228103, 0.856065, -0.878559, 0.015825
0.228134, 0.749254, -0.095205, 0.681839
0.228149, 0.367195, 0.319601, 0.547670
0.228237, 0.252351, 0.348942, 0.388882
0.228290, 0.079792, 0.372739, 0.126388
0.228293, 0.617751, 0.173772, 0.783911
0.228334, 0.571505, 0.216255, 0.760427
0.228361, 0.909024, -0.943583, -0.005337
0.228716, 0.154394, 0.366046, 0.242477
0.228755, 0.946805, -0.967979, -0.006676
0.229212, 0.412847, 0.305068, 0.604577
0.229222, 0.655800, 0.127472, 0.788512
0.229334, 0.118771, 0.371049, 0.187326
0.229349, 0.717974, 0.011263, 0.750650
0.229373, 0.809166, -0.771777, 0.072022
0.229640, 0.263739, 0.348738, 0.405213
0.229699, 0.175258, 0.364646, 0.274171
0.230161, 0.583451, 0.207403, 0.766306
0.230379, 0.693389, 0.064516, 0.772841
0.230488, 0.628833, 0.162262, 0.784600
0.230527, 0.761870, -0.129242, 0.647110
0.230569, 0.966839, -0.975113, -0.005167
0.230586, 0.706758, 0.035962, 0.760482
0.230627, 0.729927, -0.027253, 0.724185
0.230818, 0.868433, -0.899367, 0.003998
0.230827, 0.032846, 0.379051, 0.052115
0.231097, 0.642659, 0.145259, 0.785842
0.231207, 0.353559, 0.327909, 0.528981
0.231223, 0.989431, -0.978854, -0.001853
0.231512, 0.196336, 0.364081, 0.305665
0.231558, 0.434682, 0.299058, 0.629493
0.231614, 0.455268, 0.290051, 0.652809
0.231954, 0.312830, 0.340382, 0.473820
0.232263, 0.821745, -0.810815, 0.044718
0.232272, 0.472720, 0.282357, 0.671115
0.232342, 0.228978, 0.359472, 0.353891
0.232364, 0.327736, 0.336917, 0.494017
0.232372, 0.011002, 0.382054, 0.017450
0.232473, 0.534093, 0.246856, 0.729300
0.232614, 0.881481, -0.916828, -0.003441
0.232664, 0.276089, 0.350370, 0.422219
0.232678, 0.483976, 0.276979, 0.682587
0.232703, 0.520574, 0.255834, 0.717559
0.232796, 0.508125, 0.263543, 0.706171
0.232893, 0.341403, 0.333838, 0.512450
0.232927, 0.401158, 0.314026, 0.588991
0.232974, 0.774060, -0.645952, 0.141884
0.233095, 0.496124, 0.270760, 0.694520
0.233099, 0.894905, -0.931497, -0.007357
0.233164, 0.547661, 0.238029, 0.739541
0.233183, 0.044376, 0.382517, 0.070303
0.233717, 0.595834, 0.197823, 0.769466
0.233996, 0.142403, 0.375678, 0.223464
0.234373, 0.241362, 0.360507, 0.372097
0.234841, 0.834582, -0.844313, 0.022655
0.234971, 0.389314, 0.320911, 0.573594
0.235312, 0.608558, 0.185697, 0.773168
0.235824, 0.787131, -0.693116, 0.118830
0.235976, 0.070123, 0.385209, 0.110677
0.235991, 0.288607, 0.352098, 0.439053
0.236230, 0.376685, 0.326902, 0.557147
0.236342, 0.164196, 0.376312, 0.256462
0.236898, 0.108780, 0.383409, 0.171007
0.237136, 0.096775, 0.384739, 0.152259
0.237395, 0.422606, 0.310963, 0.612914
0.237433, 0.979074, -0.976491, -0.004498
0.237553, 0.185025, 0.374996, 0.287774
0.237622, 0.739767, -0.081208, 0.672861
0.237934, 0.847557, -0.871302, 0.006016
0.238181, 0.561895, 0.230576, 0.745756
0.238401, 0.021661, 0.391019, 0.034221
0.238404, 0.955941, -0.970568, -0.009225
0.238404, 0.218138, 0.370685, 0.337038
0.238415, 0.444385, 0.302589, 0.637459
0.238506, 0.800001, -0.761532, 0.062634
0.238686, 0.129629, 0.384244, 0.203199
0.238767, 0.055646, 0.390409, 0.087807
0.238773, 1.000000, -0.977824, 0.000000
0.238813, 0.083850, 0.388842, 0.132081
0.238901, 0.917517, -0.950753, -0.013795
0.238952, 0.929982, -0.958616, -0.013038
0.238956, 0.675134, 0.093420, 0.766785
0.239037, 0.905172, -0.941345, -0.013877
0.239139, 0.662529, 0.115207, 0.771665
0.239192, 0.362550, 0.335450, 0.537978
0.239390, 0.300671, 0.353774, 0.454942
0.239399, 0.206665, 0.373980, 0.319687
0.239544, 0.464201, 0.294341, 0.658625
0.239562, 0.000000, 0.393111, 0.000000
0.239665, 0.942451, -0.964922, -0.012053
0.239812, 0.253236, 0.365791, 0.388031
0.240102, 0.753286, -0.145482, 0.607976
0.240181, 0.574672, 0.221015, 0.752029
0.240316, 0.687617, 0.067762, 0.755469
0.240467, 0.649148, 0.135804, 0.772328
0.240741, 0.860100, -0.892424, -0.005482
0.241018, 0.635161, 0.155450, 0.772000
0.241105, 0.726000, -0.043562, 0.689849
0.241265, 0.266036, 0.364952, 0.405960
0.241281, 0.621767, 0.172267, 0.769941
0.241294, 0.700543, 0.036922, 0.739623
0.241632, 0.812338, -0.800569, 0.035258
0.241639, 0.713739, -0.000105, 0.718071
0.241742, 0.152670, 0.386142, 0.238235
0.241785, 0.410763, 0.321053, 0.597180
0.242434, 0.322397, 0.352151, 0.484033
0.242750, 0.586727, 0.211310, 0.756064
0.242767, 0.527191, 0.259953, 0.716427
0.242890, 0.872815, -0.909596, -0.012584
0.242893, 0.118475, 0.391705, 0.185472
0.243029, 0.033311, 0.397902, 0.052498
0.243032, 0.968567, -0.973212, -0.007945
0.243055, 0.231233, 0.374874, 0.355276
0.243225, 0.764869, -0.654847, 0.111072
0.243295, 0.174159, 0.385231, 0.270508
0.243304, 0.335391, 0.349520, 0.501247
0.243392, 0.540569, 0.250753, 0.726546
0.243668, 0.310977, 0.356946, 0.467993
0.244008, 0.348845, 0.346259, 0.518769
0.244029, 0.885943, -0.924239, -0.016344
0.244062, 0.488481, 0.285755, 0.680802
0.244080, 0.513399, 0.270371, 0.703810
0.244103, 0.475940, 0.292856, 0.668353
0.244172, 0.195446, 0.383018, 0.302212
0.244183, 0.825366, -0.834700, 0.013150
0.244290, 0.777607, -0.676506, 0.114315
0.244311, 0.432583, 0.314651, 0.621370
0.244595, 0.501159, 0.278644, 0.692486
0.244598, 0.279071, 0.366601, 0.423619
0.245129, 0.454328, 0.305206, 0.645036
0.245301, 0.598849, 0.200080, 0.758611
0.245336, 0.990341, -0.975777, -0.002742
0.245499, 0.398649, 0.330416, 0.581129
0.245554, 0.553216, 0.242497, 0.733913
0.245975, 0.010806, 0.402948, 0.017011
0.246022, 0.140269, 0.394001, 0.218646
0.246213, 0.065751, 0.401268, 0.103250
0.246283, 0.373466, 0.340782, 0.549402
0.246352, 0.386727, 0.336064, 0.566140
0.246375, 0.610785, 0.186995, 0.761172
0.246566, 0.044622, 0.402909, 0.070135
0.246685, 0.838544, -0.861931, -0.002182
0.247405, 0.897429, -0.935187, -0.020404
0.247697, 0.791054, -0.752016, 0.051834
0.248173, 0.092351, 0.402183, 0.144526
0.248259, 0.104975, 0.401130, 0.164072
0.248325, 0.291376, 0.368712, 0.439856
0.248504, 0.745613, -0.165476, 0.568003
0.248508, 0.243545, 0.380289, 0.372062
0.249387, 0.077846, 0.404943, 0.121791
0.249648, 0.566554, 0.233486, 0.738696
0.249930, 0.421055, 0.326249, 0.605799
0.249942, 0.669169, 0.098509, 0.748834
0.250014, 0.162710, 0.397277, 0.252393
0.250077, 0.655936, 0.122516, 0.754833
0.250183, 0.910587, -0.945142, -0.021873
0.250192, 0.360055, 0.350473, 0.531004
0.250293, 0.923202, -0.953267, -0.020189
0.250404, 0.733512, -0.053607, 0.673029
0.250526, 0.851755, -0.884848, -0.015251
0.250533, 0.948354, -0.965224, -0.015132
0.250566, 0.681889, 0.071963, 0.738139
0.250617, 0.219368, 0.388245, 0.336439
0.250690, 0.207848, 0.390564, 0.319534
0.250854, 0.935700, -0.959775, -0.018225
0.250855, 0.980774, -0.973274, -0.006045
0.250989, 0.256932, 0.380963, 0.390807
0.251010, 0.642497, 0.144248, 0.756769
0.251065, 0.802553, -0.788900, 0.025782
0.251132, 0.184769, 0.395381, 0.285302
0.251311, 0.442426, 0.317846, 0.628977
0.251359, 0.022110, 0.410810, 0.034665
0.251756, 0.959725, -0.968662, -0.012396
0.251757, 0.127824, 0.404276, 0.198951
0.252031, 0.629415, 0.163427, 0.756221
0.252128, 0.707369, 0.003678, 0.699539
0.252235, 0.694447, 0.041134, 0.720982
0.252542, 0.055382, 0.411423, 0.086694
0.252542, 0.579123, 0.223001, 0.742511
0.252570, 0.465881, 0.306955, 0.653262
0.252648, 0.269934, 0.380128, 0.408726
0.252820, 0.720925, -0.046339, 0.665542
0.252847, 0.302140, 0.372032, 0.453424
0.252979, 0.520459, 0.273163, 0.703532
0.253155, 0.000000, 0.413997, 0.000000
0.253202, 0.815843, -0.823652, 0.004321
0.253211, 0.864233, -0.901928, -0.022498
0.253484, 1.000000, -0.973638, 0.000000
0.253588, 0.533603, 0.263786, 0.713351
0.253734, 0.231567, 0.390341, 0.353611
0.253895, 0.327078, 0.366161, 0.486824
0.254003, 0.408738, 0.336429, 0.589600
0.254136, 0.756435, -0.667031, 0.078294
0.254345, 0.150938, 0.405237, 0.233875
0.254471, 0.877620, -0.916896, -0.025671
0.254482, 0.314967, 0.370590, 0.470385
0.254565, 0.115153, 0.409582, 0.179108
0.254618, 0.339525, 0.363175, 0.503053
0.254653, 0.480036, 0.300913, 0.666240
0.254735, 0.769141, -0.672210, 0.096300
0.254988, 0.617709, 0.179584, 0.751399
0.255088, 0.781965, -0.737032, 0.047421
0.255181, 0.493223, 0.293329, 0.678391
0.255402, 0.591400, 0.211242, 0.744559
0.255452, 0.546172, 0.254902, 0.720748
0.255647, 0.970979, -0.970054, -0.009964
0.255686, 0.033681, 0.417271, 0.052695
0.255798, 0.829394, -0.852102, -0.011579
0.255942, 0.196923, 0.400103, 0.302350
0.255981, 0.173438, 0.404252, 0.267477
0.256106, 0.506193, 0.285770, 0.689258
0.256458, 0.383382, 0.349792, 0.557981
0.256463, 0.452970, 0.317984, 0.637612
0.256634, 0.371081, 0.354693, 0.542610
0.256932, 0.282983, 0.382890, 0.425959
0.256990, 0.603979, 0.197202, 0.746384
0.257095, 0.890242, -0.928896, -0.028489
0.257444, 0.432031, 0.329652, 0.614718
0.257752, 0.350655, 0.363499, 0.516390
0.257755, 0.138233, 0.411855, 0.214045
0.257779, 0.087993, 0.417057, 0.136957
0.257973, 0.396406, 0.346402, 0.573314
0.258043, 0.558661, 0.245502, 0.726279
0.258280, 0.067740, 0.419640, 0.105640
0.258341, 0.842504, -0.874570, -0.022290
0.259411, 0.011069, 0.423469, 0.017286
0.259635, 0.742580, -0.428371, 0.283729
0.259684, 0.100945, 0.418845, 0.156783
0.259756, 0.902937, -0.938562, -0.029287
0.260101, 0.045062, 0.423494, 0.070265
0.260207, 0.662537, 0.105011, 0.731847
0.260411, 0.990330, -0.970839, -0.003693
0.260686, 0.249513, 0.396320, 0.377818
0.261019, 0.675974, 0.074307, 0.718028
0.261142, 0.649682, 0.129183, 0.737127
0.261328, 0.792317, -0.776793, 0.014318
0.261465, 0.916212, -0.946941, -0.027919
0.261843, 0.928828, -0.953803, -0.025010
0.261886, 0.571395, 0.234931, 0.729161
0.261901, 0.419973, 0.340473, 0.598975
0.261944, 0.805932, -0.810985, -0.003906
0.262138, 0.237779, 0.401330, 0.360970
0.262248, 0.941927, -0.959459, -0.021362
0.262276, 0.293240, 0.387522, 0.438693
0.262405, 0.210679, 0.407289, 0.321591
0.262438, 0.636972, 0.150627, 0.739035
0.262476, 0.262275, 0.395880, 0.395545
0.262489, 0.714323, -0.056478, 0.633396
0.262731, 0.223358, 0.404991, 0.339799
0.262766, 0.687674, 0.040828, 0.697315
0.262981, 0.729251, -0.112814, 0.582833
0.262991, 0.515211, 0.284894, 0.691777
0.263123, 0.954358, -0.963482, -0.017485
0.263180, 0.361849, 0.366391, 0.528624
0.263391, 0.701388, -0.012769, 0.660313
0.263500, 0.471662, 0.314552, 0.652625
0.263555, 0.855504, -0.893602, -0.032902
0.263569, 0.161173, 0.417457, 0.247949
0.263851, 0.078727, 0.426853, 0.122137
0.263946, 0.185797, 0.414011, 0.284597
0.264035, 0.274800, 0.394815, 0.412613
0.264123, 0.527425, 0.276310, 0.700287
0.264267, 0.022484, 0.430446, 0.034979
0.264290, 0.820009, -0.841080, -0.020138
0.264304, 0.124856, 0.423112, 0.192826
0.264342, 0.305895, 0.386625, 0.455229
0.264487, 0.869549, -0.909165, -0.035168
0.264676, 0.458871, 0.323203, 0.639313
0.264707, 0.624691, 0.169471, 0.737270
0.264771, 0.443505, 0.331772, 0.623321
0.265028, 0.979905, -0.968113, -0.008120
0.265037, 0.583813, 0.222695, 0.730735
0.265120, 0.777803, -0.744547, 0.023616
0.265131, 0.112084, 0.425986, 0.173367
0.265313, 0.057308, 0.430636, 0.089002
0.265376, 0.318621, 0.384118, 0.471965
0.265483, 0.330781, 0.380332, 0.487988
0.265523, 0.965944, -0.965528, -0.013818
0.265594, 0.485147, 0.308020, 0.664082
0.265620, 0.539229, 0.267520, 0.707263
0.265889, 0.764536, -0.688939, 0.061384
0.265916, 0.408205, 0.350552, 0.583614
0.266053, 0.611324, 0.188761, 0.735410
0.266291, 0.752599, -0.668200, 0.065383
0.266342, 0.148667, 0.423419, 0.228765
0.266372, 0.198866, 0.415123, 0.303387
0.266555, 0.497690, 0.300404, 0.674595
0.266581, 0.882970, -0.921967, -0.036837
0.266673, 0.000000, 0.434677, 0.000000
0.266850, 0.173471, 0.420417, 0.265851
0.267299, 0.375229, 0.366352, 0.543658
0.267364, 0.387243, 0.361473, 0.558165
0.267374, 0.597090, 0.207646, 0.731676
0.267532, 0.342397, 0.379007, 0.502335
0.267717, 0.551460, 0.257811, 0.712935
0.267774, 0.832940, -0.864031, -0.032056
0.268457, 1.000000, -0.967943, 0.000000
0.268476, 0.034246, 0.436692, 0.053169
0.268583, 0.136161, 0.428303, 0.209538
0.269257, 0.091732, 0.434273, 0.141806
0.269445, 0.430741, 0.343501, 0.607166
0.269669, 0.895696, -0.931696, -0.037514
0.269983, 0.844367, -0.880627, -0.038451
0.270196, 0.669511, 0.080454, 0.702208
0.270810, 0.563281, 0.247784, 0.716094
0.271002, 0.739310, -0.632631, 0.068758
0.271224, 0.507974, 0.296880, 0.679670
0.271385, 0.353724, 0.379801, 0.515320
0.271411, 0.069305, 0.439366, 0.107218
0.271519, 0.909004, -0.940116, -0.035544
0.271549, 0.398518, 0.361524, 0.569679
0.271571, 0.657055, 0.108212, 0.711222
0.271574, 0.721000, -0.099345, 0.575680
0.271763, 0.284091, 0.403238, 0.423630
0.272090, 0.797948, -0.803422, -0.017335
0.272326, 0.811422, -0.830746, -0.028713
0.272497, 0.256496, 0.411323, 0.384849
0.272684, 0.243905, 0.414988, 0.367343
0.272701, 0.046874, 0.442392, 0.072513
0.272722, 0.693701, 0.006324, 0.655838
0.272758, 0.230680, 0.417782, 0.348164
0.272810, 0.011280, 0.443773, 0.017470
0.272861, 0.934651, -0.952911, -0.028000
0.272878, 0.644948, 0.131983, 0.716523
0.273198, 0.921903, -0.946820, -0.032566
0.273254, 0.103512, 0.439013, 0.159425
0.273765, 0.269862, 0.409768, 0.403317
0.273822, 0.217673, 0.422325, 0.329409
0.273823, 0.785488, -0.776147, -0.007553
0.273978, 0.948532, -0.957560, -0.023013
0.274084, 0.297027, 0.402569, 0.440478
0.274205, 0.418443, 0.354996, 0.591129
0.274238, 0.862273, -0.901816, -0.044941
0.274336, 0.708513, -0.005219, 0.658613
0.274373, 0.451809, 0.337056, 0.626392
0.274473, 0.680408, 0.045665, 0.676022
0.274561, 0.520417, 0.289455, 0.686473
0.274589, 0.632867, 0.153466, 0.718616
0.274759, 0.465101, 0.329398, 0.639359
0.274786, 0.574317, 0.237411, 0.716235
0.274863, 0.366078, 0.379316, 0.529291
0.274880, 0.477177, 0.321778, 0.650567
0.275342, 0.974238, -0.962950, -0.011990
0.275446, 0.988686, -0.964503, -0.005296
0.275697, 0.205998, 0.427467, 0.312133
0.275708, 0.309844, 0.400686, 0.457037
0.275902, 0.116943, 0.441786, 0.179663
0.275924, 0.876188, -0.914954, -0.045471
0.276016, 0.619980, 0.174941, 0.719526
0.276075, 0.825055, -0.855484, -0.041649
0.276144, 0.192493, 0.430624, 0.292268
0.276192, 0.772458, -0.745775, 0.003209
0.276391, 0.531965, 0.280730, 0.692778
0.276424, 0.960622, -0.959796, -0.018440
0.276455, 0.166700, 0.435584, 0.254186
0.276498, 0.180387, 0.433589, 0.274576
0.276539, 0.322418, 0.397642, 0.473331
0.276582, 0.154842, 0.437740, 0.236570
0.276635, 0.082064, 0.445801, 0.126280
0.276744, 0.586023, 0.224081, 0.717342
0.276957, 0.607485, 0.194326, 0.719284
0.276962, 0.023043, 0.449691, 0.035571
0.277362, 0.490068, 0.315080, 0.660264
0.277385, 0.544201, 0.269990, 0.699285
0.277554, 0.439966, 0.347125, 0.612476
0.277703, 0.128765, 0.442701, 0.197179
0.277860, 0.334415, 0.395188, 0.488426
0.277992, 0.748755, -0.661695, 0.053695
0.278127, 0.059224, 0.449801, 0.091239
0.278157, 0.850816, -0.889552, -0.049033
0.278199, 0.730828, -0.597784, 0.081296
0.278221, 0.760011, -0.708124, 0.021334
0.278545, 0.142362, 0.442447, 0.217626
0.278710, 0.378662, 0.378741, 0.542949
0.279320, 0.389563, 0.374612, 0.555548
0.279358, 0.596499, 0.210510, 0.715466
0.279421, 0.888342, -0.924194, -0.046068
0.279695, 0.407336, 0.366712, 0.575953
0.280182, 0.000000, 0.455329, 0.000000
0.280342, 0.556646, 0.258865, 0.702588
0.280387, 0.500762, 0.309620, 0.666777
0.280463, 0.036530, 0.454563, 0.056283
0.280499, 0.346290, 0.394134, 0.502506
0.280691, 0.666743, 0.073653, 0.676834
0.281307, 0.902113, -0.933059, -0.043425
0.281326, 0.837179, -0.873444, -0.051281
0.281922, 0.094733, 0.453065, 0.145280
0.282140, 0.428111, 0.358529, 0.597385
0.282149, 0.699607, -0.046512, 0.595738
0.282638, 0.803852, -0.823152, -0.041925
0.282735, 1.000000, -0.961383, 0.000000
0.282819, 0.940993, -0.951147, -0.029200
0.283219, 0.653823, 0.103879, 0.685818
0.283327, 0.250430, 0.428291, 0.373879
0.283341, 0.277273, 0.420889, 0.410856
0.283381, 0.815634, -0.843508, -0.049072
0.283424, 0.237129, 0.431381, 0.354851
0.283480, 0.263615, 0.424821, 0.391974
0.283550, 0.719551, -0.424559, 0.226786
0.283725, 0.072198, 0.457608, 0.110800
0.283761, 0.513304, 0.302049, 0.673527
0.283848, 0.914873, -0.939359, -0.040427
0.283910, 0.289260, 0.418125, 0.426971
0.283978, 0.358654, 0.393631, 0.516572
0.284157, 0.791564, -0.800545, -0.036429
0.284398, 0.224401, 0.435875, 0.336702
0.284468, 0.687424, -0.009734, 0.614900
0.284502, 0.869416, -0.907612, -0.053952
0.284740, 0.641426, 0.130893, 0.693293
0.284768, 0.927867, -0.945282, -0.035456
0.285073, 0.108092, 0.456139, 0.165155
0.285134, 0.566735, 0.249187, 0.701061
0.285329, 0.049089, 0.461230, 0.075326
0.285345, 0.459184, 0.343268, 0.626726
0.285666, 0.980198, -0.958597, -0.010405
0.285707, 0.628002, 0.157716, 0.699455
0.285825, 0.740534, -0.650876, 0.043570
0.285962, 0.301974, 0.416942, 0.443393
0.286165, 0.011905, 0.463451, 0.018262
0.286201, 0.482221, 0.328180, 0.647035
0.286491, 0.470512, 0.336755, 0.636491
0.286550, 0.212505, 0.441744, 0.319319
0.286590, 0.397255, 0.379463, 0.561147
0.286597, 0.778955, -0.775226, -0.029901
0.286874, 0.370890, 0.391933, 0.530109
0.286915, 0.967941, -0.956306, -0.016917
0.286948, 0.199918, 0.444773, 0.300967
0.287182, 0.448557, 0.351784, 0.615302
0.287198, 0.173786, 0.450031, 0.262820
0.287259, 0.314439, 0.414418, 0.459276
0.287277, 0.953774, -0.953062, -0.024337
0.287303, 0.578730, 0.234909, 0.701600
0.287324, 0.524442, 0.294503, 0.677807
0.287462, 0.416809, 0.370426, 0.582381
0.287517, 0.187047, 0.448441, 0.282374
0.287539, 0.614666, 0.181194, 0.700855
0.287589, 0.675759, 0.031499, 0.636146
0.287643, 0.858212, -0.896879, -0.058451
0.287750, 0.536925, 0.282842, 0.684797
0.287981, 0.160632, 0.453593, 0.243418
0.288067, 0.121352, 0.459438, 0.184934
0.288121, 0.026592, 0.466060, 0.040755
0.288122, 0.766830, -0.746503, -0.018976
0.288128, 0.709436, -0.243351, 0.388447
0.288312, 0.326338, 0.411542, 0.474263
0.288815, 0.549608, 0.270191, 0.689932
0.288820, 0.826161, -0.860121, -0.059176
0.288896, 0.134551, 0.458525, 0.204420
0.288940, 0.147892, 0.457060, 0.224432
0.289358, 0.085324, 0.464473, 0.130194
0.289611, 0.880722, -0.915852, -0.055340
0.289703, 0.602651, 0.200702, 0.699416
0.290083, 0.590144, 0.219576, 0.699157
0.290200, 0.338723, 0.409299, 0.489278
0.290325, 0.894757, -0.925401, -0.051461
0.290405, 0.061929, 0.468034, 0.094649
0.290413, 0.752766, -0.710673, -0.005475
0.290492, 0.846224, -0.884365, -0.061923
0.290544, 0.437365, 0.361939, 0.602086
0.290745, 0.989873, -0.956758, -0.005574
0.290937, 0.384388, 0.390622, 0.544238
0.291290, 0.494269, 0.323168, 0.652971
0.291832, 0.729975, -0.651773, 0.020004
0.291941, 0.506232, 0.313693, 0.661296
0.292210, 0.662964, 0.067849, 0.648855
0.292685, 0.350959, 0.407462, 0.503426
0.293035, 0.038982, 0.473253, 0.059565
0.293234, 0.940603, -0.946029, -0.032866
0.293531, 0.000000, 0.474685, 0.000000
0.293590, 0.406169, 0.382776, 0.567583
0.293652, 0.257402, 0.440708, 0.380798
0.293669, 0.243808, 0.444004, 0.361652
0.293688, 0.800743, -0.823500, -0.059172
0.293730, 0.696826, -0.016833, 0.597955
0.293759, 0.098949, 0.470324, 0.150536
0.294115, 0.270557, 0.437474, 0.398540
0.294175, 0.812777, -0.842704, -0.064284
0.294261, 0.906840, -0.930967, -0.048979
0.294872, 0.230676, 0.449083, 0.343084
0.295090, 0.650067, 0.100292, 0.659460
0.295165, 0.636073, 0.133626, 0.673090
0.295360, 0.426176, 0.373546, 0.587822
0.295432, 0.558867, 0.261823, 0.685926
0.295522, 0.835273, -0.871894, -0.067701
0.295586, 0.282726, 0.435799, 0.414551
0.295646, 0.787026, -0.799684, -0.054981
0.295723, 0.075280, 0.475351, 0.114625
0.295779, 0.294370, 0.432278, 0.429954
0.296187, 0.018750, 0.478426, 0.028579
0.296198, 0.868656, -0.904424, -0.063772
0.296206, 0.929725, -0.940488, -0.039211
0.296379, 0.918269, -0.935632, -0.044837
0.296551, 0.622309, 0.162606, 0.680056
0.296771, 0.112909, 0.472864, 0.171103
0.296780, 0.719490, -0.626602, 0.021548
0.296794, 0.362869, 0.407383, 0.516142
0.296991, 0.685073, 0.004542, 0.606750
0.297047, 0.963436, -0.950000, -0.021281
0.297123, 0.483242, 0.336434, 0.639539
0.297227, 0.459739, 0.353873, 0.619173
0.297422, 0.471715, 0.345504, 0.629623
0.297474, 0.219154, 0.455701, 0.326337
0.297491, 0.571427, 0.246305, 0.686413
0.297514, 1.000000, -0.953150, 0.000000
0.297778, 0.051223, 0.479651, 0.077947
0.297896, 0.374732, 0.403239, 0.529610
0.297906, 0.307453, 0.430767, 0.446530
0.297947, 0.517224, 0.307577, 0.663218
0.298034, 0.180999, 0.464366, 0.271385
0.298193, 0.530446, 0.294741, 0.670543
0.298233, 0.194339, 0.462404, 0.290837
0.298259, 0.762544, -0.748785, -0.039707
0.298309, 0.544016, 0.280297, 0.676912
0.298313, 0.167628, 0.467348, 0.251932
0.298354, 0.207057, 0.459612, 0.308869
0.298409, 0.741101, -0.681219, -0.001758
0.298446, 0.977311, -0.951258, -0.013429
0.299100, 0.448010, 0.363606, 0.607089
0.299111, 0.393874, 0.395214, 0.550899
0.299335, 0.154025, 0.471272, 0.231898
0.299349, 0.888692, -0.918095, -0.059438
0.299475, 0.126974, 0.475565, 0.191911
0.299603, 0.330993, 0.424111, 0.475869
0.299619, 0.318801, 0.428837, 0.460485
0.299661, 0.949742, -0.945394, -0.029635
0.299752, 0.856429, -0.893157, -0.069676
0.299771, 0.608681, 0.187377, 0.679980
0.299894, 0.707100, -0.540546, 0.076344
0.299975, 0.140223, 0.474044, 0.211326
0.300015, 0.774693, -0.778039, -0.054450
0.300275, 0.674027, 0.014704, 0.599153
0.300334, 0.583271, 0.229621, 0.683366
0.301015, 0.822739, -0.856929, -0.074188
0.301104, 0.415549, 0.385669, 0.573498
0.301221, 0.009071, 0.485692, 0.013800
0.301263, 0.596228, 0.208793, 0.680664
0.301413, 0.089266, 0.481732, 0.135028
0.301457, 0.029925, 0.485898, 0.045454
0.302256, 0.344069, 0.422174, 0.491093
0.302341, 0.504007, 0.322643, 0.650433
0.302361, 0.063534, 0.485581, 0.096298
0.303103, 0.436241, 0.375175, 0.593139
0.303420, 0.878006, -0.909277, -0.065991
0.303490, 0.250842, 0.455655, 0.368766
0.303518, 0.797100, -0.821284, -0.073639
0.303541, 0.662556, 0.041748, 0.605216
0.303687, 0.845012, -0.881588, -0.075351
0.303825, 0.900168, -0.923079, -0.057153
0.304001, 0.752135, -0.729612, -0.041667
0.304396, 0.237219, 0.460586, 0.349777
0.304536, 0.492390, 0.334491, 0.640410
0.304536, 0.263855, 0.453655, 0.386474
0.304586, 0.989065, -0.948679, -0.006845
0.304945, 0.104046, 0.486418, 0.157061
0.305053, 0.383212, 0.407437, 0.536025
0.305374, 0.355557, 0.420879, 0.503517
0.305449, 0.729806, -0.659575, -0.004872
0.305535, 0.641644, 0.110999, 0.642267
0.305638, 0.809665, -0.840248, -0.079043
0.305846, 0.694457, -0.298576, 0.286571
0.306061, 0.403722, 0.397519, 0.557873
0.306127, 0.041369, 0.492577, 0.062640
0.306133, 0.629396, 0.140589, 0.653632
0.306327, 0.937500, -0.937860, -0.038598
0.306339, 0.552277, 0.273009, 0.670086
0.306352, 0.276240, 0.452308, 0.402569
0.306541, 0.300014, 0.444424, 0.433661
0.307009, 0.075593, 0.491731, 0.114152
0.307191, 0.652378, 0.074512, 0.618241
0.307437, 0.616236, 0.169065, 0.661067
0.307571, 0.564873, 0.256631, 0.671245
0.307780, 0.957456, -0.942204, -0.027039
0.307795, 0.785496, -0.803299, -0.075505
0.307842, 0.925178, -0.932629, -0.046010
0.307964, 0.118306, 0.488758, 0.177854
0.308158, 0.288355, 0.450477, 0.417798
0.308197, 0.538151, 0.290677, 0.662914
0.308222, 0.833158, -0.868615, -0.081501
0.308322, 0.479491, 0.348176, 0.627332
0.308325, 0.911913, -0.926826, -0.053394
0.308382, 0.000000, 0.496944, 0.000000
0.308429, 0.225861, 0.469367, 0.333111
0.308437, 0.716743, -0.614026, 0.018032
0.308570, 0.866360, -0.898801, -0.073907
0.308604, 0.175119, 0.480708, 0.260923
0.308641, 0.425675, 0.387269, 0.579292
0.308777, 0.369786, 0.418308, 0.518754
0.308778, 0.467146, 0.358419, 0.617091
0.308831, 0.525043, 0.305601, 0.656307
0.308843, 0.188461, 0.478344, 0.280030
0.308986, 0.969151, -0.943851, -0.019779
0.309070, 0.161331, 0.484080, 0.240950
0.309221, 0.019762, 0.497978, 0.029867
0.309410, 0.201689, 0.476681, 0.298965
0.309829, 0.764021, -0.763283, -0.066734
0.309869, 0.147060, 0.487361, 0.219892
0.310069, 0.214459, 0.474507, 0.316740
0.310101, 0.455889, 0.368087, 0.606531
0.310138, 0.684003, -0.104441, 0.463517
0.310318, 0.336156, 0.435309, 0.477896
0.310492, 0.053106, 0.498344, 0.080095
0.310511, 0.513014, 0.318990, 0.648073
0.310674, 0.576415, 0.239599, 0.667165
0.310806, 0.324038, 0.440945, 0.462763
0.311093, 0.132690, 0.491478, 0.198700
0.311301, 0.889012, -0.913181, -0.066499
0.311340, 0.704159, -0.605435, 0.001455
0.311401, 0.742562, -0.712509, -0.047241
0.311485, 0.312031, 0.446529, 0.447432
0.311520, 0.445371, 0.376979, 0.596056
0.311701, 0.589414, 0.218027, 0.663768
0.311800, 1.000000, -0.944326, 0.000000
0.312197, 0.602678, 0.193945, 0.658597
0.312311, 0.085725, 0.498365, 0.128813
0.312554, 0.854949, -0.888384, -0.080890
0.312788, 0.672506, 0.028928, 0.587753
0.312876, 0.392433, 0.411271, 0.542157
0.313081, 0.979954, -0.942445, -0.013302
0.313128, 0.821146, -0.854813, -0.088350
0.313367, 0.946117, -0.936245, -0.035325
0.313411, 0.243997, 0.471136, 0.356701
0.313662, 0.414199, 0.399346, 0.564355
0.313779, 0.775323, -0.787744, -0.080532
0.313875, 0.097125, 0.499424, 0.145577
0.314065, 0.798307, -0.825489, -0.089329
0.314287, 0.500417, 0.333636, 0.636772
0.314537, 0.031108, 0.505238, 0.046827
0.314719, 0.256296, 0.469337, 0.372986
0.314871, 0.064938, 0.503836, 0.097548
0.315342, 0.359521, 0.430861, 0.503616
0.315757, 0.009950, 0.507284, 0.014981
0.315814, 0.346788, 0.437423, 0.488476
0.316004, 0.877027, -0.903420, -0.074694
0.316300, 0.900481, -0.916996, -0.063293
0.316350, 0.843427, -0.877198, -0.087390
0.316452, 0.661223, 0.025823, 0.567587
0.316538, 0.268175, 0.468299, 0.388506
0.316654, 0.487753, 0.347062, 0.626103
0.316693, 0.637747, 0.104708, 0.613694
0.316736, 0.435883, 0.388316, 0.583737
0.316905, 0.624826, 0.138939, 0.629257
0.316997, 0.380442, 0.422152, 0.526540
0.317285, 0.109482, 0.503874, 0.163730
0.317292, 0.546051, 0.283672, 0.653977
0.317412, 0.300669, 0.458252, 0.430625
0.317434, 0.753384, -0.745861, -0.073288
0.317602, 0.733876, -0.695930, -0.051145
0.317681, 0.558719, 0.266278, 0.655733
0.317924, 0.722216, -0.663045, -0.035679
0.317936, 0.810076, -0.841117, -0.094216
0.317969, 0.233472, 0.480396, 0.341108
0.318349, 0.921382, -0.924964, -0.052250
0.318382, 0.612943, 0.166735, 0.637410
0.318404, 0.402638, 0.411301, 0.549803
0.318493, 0.648836, 0.058426, 0.580229
0.318972, 0.042697, 0.511424, 0.064063
0.318987, 0.169484, 0.496738, 0.250928
0.319005, 0.958145, -0.935100, -0.028837
0.319008, 0.279605, 0.467864, 0.402835
0.319165, 0.533215, 0.300422, 0.647676
0.319297, 0.474198, 0.360973, 0.614047
0.319408, 0.990222, -0.938871, -0.006807
0.319468, 0.182614, 0.494664, 0.269536
0.319513, 0.933671, -0.928781, -0.044905
0.319556, 0.694498, -0.601690, -0.021974
0.319579, 0.155838, 0.499912, 0.231082
0.319620, 0.121649, 0.504966, 0.181185
0.319860, 0.195776, 0.492313, 0.288094
0.319917, 0.787394, -0.810082, -0.095097
0.320304, 0.076270, 0.511270, 0.114110
0.320420, 0.709205, -0.609419, -0.004240
0.320625, 0.290124, 0.466265, 0.415924
0.320750, 0.209192, 0.490846, 0.306940
0.320826, 0.333455, 0.449360, 0.470189
0.320851, 0.831786, -0.864854, -0.094403
0.320852, 0.521182, 0.315244, 0.640875
0.320924, 0.142911, 0.503830, 0.212061
0.320987, 0.461392, 0.372927, 0.602724
0.321100, 0.865353, -0.893127, -0.083308
0.321245, 0.424958, 0.399932, 0.570098
0.321416, 0.569412, 0.249543, 0.649839
0.321974, 0.368963, 0.433854, 0.511252
0.322131, 0.969762, -0.935186, -0.021226
0.322156, 0.582082, 0.227598, 0.646223
0.322174, 0.222524, 0.489212, 0.324954
0.322279, 0.320945, 0.456419, 0.454224
0.322294, 0.765672, -0.774539, -0.091601
0.322300, 0.682139, -0.412771, 0.135246
0.322457, 0.910683, -0.918288, -0.060237
0.322620, 0.000000, 0.518011, 0.000000
0.322627, 0.020842, 0.517801, 0.031204
0.322891, 0.509032, 0.329670, 0.632799
0.322902, 0.594930, 0.202416, 0.639456
0.323050, 0.887924, -0.906639, -0.073563
0.323150, 0.054501, 0.516860, 0.081453
0.323211, 0.448693, 0.384678, 0.590439
0.324051, 0.246988, 0.484867, 0.357850
0.324124, 0.088699, 0.515398, 0.132142
0.324155, 0.132524, 0.510232, 0.196530
0.325132, 0.853673, -0.882780, -0.091232
0.325261, 0.946083, -0.928537, -0.038287
0.325267, 0.309474, 0.464803, 0.438754
0.325455, 0.669935, -0.111653, 0.414170
0.325745, 0.799327, -0.827461, -0.104539
0.325882, 0.496157, 0.344751, 0.622483
0.325899, 0.355375, 0.445159, 0.493727
0.325958, 0.390625, 0.426153, 0.532446
0.326078, 0.413826, 0.412057, 0.556303
0.326083, 0.743440, -0.731153, -0.083767
0.326162, 0.820894, -0.852657, -0.102482
0.326417, 0.259799, 0.483966, 0.374168
0.326493, 0.606156, 0.175615, 0.623861
0.326505, 0.631734, 0.105460, 0.590947
0.326597, 0.100976, 0.517521, 0.149898
0.326671, 1.000000, -0.933921, 0.000000
0.326821, 0.777891, -0.796723, -0.102928
0.327515, 0.980432, -0.932476, -0.014282
0.327539, 0.032226, 0.524302, 0.048054
0.327665, 0.066453, 0.522330, 0.098884
0.327751, 0.553616, 0.274376, 0.639937
0.328042, 0.343196, 0.453553, 0.478527
0.328045, 0.483121, 0.358947, 0.612322
0.328105, 0.657080, 0.042584, 0.558633
0.328499, 0.436437, 0.398471, 0.575542
0.328639, 0.729714, -0.699805, -0.075546
0.328653, 0.876061, -0.896576, -0.083001
0.328822, 0.841753, -0.871654, -0.098609
0.328873, 0.898314, -0.908731, -0.070584
0.328954, 0.272165, 0.483301, 0.389682
0.329068, 0.619769, 0.139059, 0.603170
0.329117, 0.541415, 0.292227, 0.636627
0.329121, 0.236220, 0.494880, 0.341811
0.329322, 0.163693, 0.512290, 0.240609
0.329356, 0.716501, -0.663534, -0.059374
0.329394, 0.378337, 0.437034, 0.517658
0.329557, 0.402360, 0.422805, 0.542464
0.329681, 0.644046, 0.043726, 0.541806
0.329710, 0.010591, 0.527872, 0.015785
0.329917, 0.702221, -0.611462, -0.029422
0.330029, 0.756049, -0.759888, -0.100191
0.330128, 0.922605, -0.917920, -0.055668
0.330191, 0.176433, 0.511159, 0.258630
0.330287, 0.810664, -0.840543, -0.108429
0.330331, 0.297459, 0.476006, 0.421766
0.330442, 0.113058, 0.522497, 0.167356
0.330618, 0.189237, 0.508865, 0.276524
0.330714, 0.958656, -0.927128, -0.030604
0.330756, 0.470315, 0.372547, 0.601018
0.330919, 0.150190, 0.516673, 0.220863
0.330972, 0.202024, 0.506248, 0.294266
0.331181, 0.529833, 0.308087, 0.631078
0.331632, 0.043998, 0.529866, 0.065397
0.332008, 0.330710, 0.463997, 0.461868
0.332245, 0.935153, -0.920799, -0.047592
0.332266, 0.215119, 0.505158, 0.312257
0.332381, 0.284625, 0.483308, 0.404581
0.332394, 0.690069, -0.573532, -0.013195
0.332674, 0.790143, -0.815255, -0.113071
0.332677, 0.079011, 0.529174, 0.117125
0.332696, 0.517509, 0.324170, 0.625165
0.332739, 0.124266, 0.523401, 0.183186
0.332747, 0.563257, 0.258361, 0.631391
0.332895, 0.457933, 0.384958, 0.589928
0.333061, 0.575485, 0.236349, 0.627822
0.333383, 0.364852, 0.448738, 0.500572
0.333447, 0.424230, 0.411893, 0.561083
0.333645, 0.864521, -0.886618, -0.092116
0.333677, 0.587880, 0.211310, 0.620784
0.334062, 0.829605, -0.858895, -0.107253
0.334311, 0.990254, -0.928024, -0.007418
0.334533, 0.908669, -0.909877, -0.066429
0.334646, 0.318660, 0.472521, 0.446158
0.334688, 0.504896, 0.339814, 0.617468
0.334690, 0.768721, -0.784185, -0.113261
0.334739, 0.678240, -0.571386, -0.035786
0.334922, 0.249618, 0.498684, 0.358139
0.334993, 0.138638, 0.524916, 0.203765
0.335515, 0.227383, 0.505963, 0.327968
0.335570, 0.886591, -0.898761, -0.080905
0.335592, 0.056436, 0.534840, 0.083558
0.335631, 0.970114, -0.925497, -0.022722
0.335810, 0.091513, 0.531925, 0.135092
0.336090, 0.021788, 0.537463, 0.032295
0.336185, 0.599377, 0.183172, 0.606144
0.336220, 0.446448, 0.397177, 0.577966
0.336431, 0.000000, 0.538243, 0.000000
0.336922, 0.632884, 0.072929, 0.543302
0.337219, 0.491799, 0.355516, 0.608122
0.337353, 0.665524, -0.352312, 0.148236
0.337363, 0.852869, -0.876715, -0.100583
0.337442, 0.947840, -0.920238, -0.039849
0.337504, 0.352076, 0.460064, 0.484074
0.337907, 0.736722, -0.725298, -0.103352
0.338143, 0.261875, 0.498746, 0.373128
0.338282, 0.611458, 0.148894, 0.586501
0.338288, 0.802719, -0.830274, -0.118862
0.338295, 0.307039, 0.482082, 0.430509
0.338462, 0.411784, 0.425295, 0.545802
0.338587, 0.386300, 0.442102, 0.520692
0.338934, 0.397847, 0.435092, 0.532002
0.339070, 0.549536, 0.280519, 0.621966
0.339134, 0.748197, -0.749629, -0.112991
0.339249, 0.104047, 0.535406, 0.152928
0.339335, 0.723144, -0.695131, -0.094733
0.339473, 0.652705, 0.020380, 0.505403
0.339660, 0.709764, -0.658215, -0.077691
0.339682, 0.781015, -0.802825, -0.121786
0.339811, 0.068853, 0.539634, 0.101486
0.339874, 0.159041, 0.527645, 0.231870
0.339911, 0.479264, 0.369854, 0.598021
0.340221, 0.817180, -0.845157, -0.117252
0.340318, 0.033363, 0.542924, 0.049268
0.340515, 0.340502, 0.469328, 0.469317
0.340582, 0.840991, -0.866188, -0.108392
0.340732, 0.273840, 0.497869, 0.387697
0.340771, 0.623360, 0.102040, 0.553018
0.340849, 0.373724, 0.451895, 0.506033
0.340924, 0.435184, 0.410133, 0.564983
0.341185, 0.170643, 0.527657, 0.248153
0.341462, 0.240051, 0.510320, 0.343339
0.341481, 1.000000, -0.922709, 0.000000
0.341634, 0.182873, 0.525706, 0.265234
0.341657, 0.875213, -0.888721, -0.091004
0.341664, 0.916703, -0.907867, -0.063757
0.341861, 0.897077, -0.899878, -0.077328
0.342019, 0.538683, 0.296978, 0.616895
0.342059, 0.980272, -0.921454, -0.015599
0.342118, 0.195137, 0.523395, 0.282094
0.342202, 0.295266, 0.491575, 0.414225
0.342280, 0.207387, 0.520279, 0.298819
0.342371, 0.697419, -0.623856, -0.065650
0.342480, 0.526508, 0.315051, 0.614791
0.342597, 0.466670, 0.383935, 0.587306
0.342779, 0.760364, -0.772269, -0.123808
0.342793, 0.128356, 0.537196, 0.187636
0.343008, 0.642014, 0.059279, 0.531738
0.343095, 0.927463, -0.910409, -0.056340
0.343263, 0.011237, 0.547744, 0.016580
0.343451, 0.959673, -0.917798, -0.031952
0.343610, 0.327969, 0.478960, 0.453185
0.343641, 0.046546, 0.547054, 0.068537
0.344149, 0.513585, 0.332707, 0.609167
0.344172, 0.148910, 0.536039, 0.216867
0.344428, 0.116165, 0.541898, 0.169963
0.344434, 0.569634, 0.242244, 0.606976
0.344501, 0.558210, 0.264477, 0.611072
0.344651, 0.581848, 0.215824, 0.599190
0.344748, 0.220002, 0.520636, 0.315518
0.345143, 0.081365, 0.546973, 0.119427
0.345191, 0.285200, 0.499260, 0.400450
0.345212, 0.793255, -0.817984, -0.128009
0.345236, 0.424165, 0.422418, 0.552101
0.345247, 0.938488, -0.912118, -0.048639
0.345547, 0.360910, 0.464213, 0.489508
0.345573, 0.685222, -0.582528, -0.047682
0.345751, 0.454887, 0.397084, 0.576121
0.345936, 0.828732, -0.853612, -0.117895
0.346068, 0.500533, 0.349641, 0.602093
0.346253, 0.863859, -0.879277, -0.100387
0.346433, 0.593838, 0.185130, 0.584041
0.346494, 0.673453, -0.536841, -0.020640
0.347037, 0.252170, 0.513828, 0.357621
0.347184, 0.315440, 0.489169, 0.436811
0.347331, 0.093217, 0.548128, 0.136321
0.347466, 0.772589, -0.791392, -0.132143
0.348008, 0.058824, 0.552569, 0.086236
0.348463, 0.885872, -0.890208, -0.087734
0.348536, 0.138203, 0.543873, 0.200862
0.348597, 0.906312, -0.899078, -0.073634
0.348626, 0.605922, 0.147622, 0.561229
0.348780, 0.659661, -0.520270, -0.038021
0.348812, 0.730157, -0.718824, -0.121178
0.348972, 0.232129, 0.522526, 0.330428
0.349030, 0.990131, -0.916443, -0.008094
0.349088, 0.806679, -0.831786, -0.128898
0.349155, 0.488151, 0.365127, 0.592759
0.349398, 0.852350, -0.870031, -0.109139
0.349472, 0.403495, 0.441452, 0.530308
0.349607, 0.022863, 0.556587, 0.033515
0.349726, 0.443705, 0.410008, 0.564390
0.349797, 0.970025, -0.914391, -0.024497
0.349860, 0.000000, 0.557621, 0.000000
0.350067, 0.716788, -0.689940, -0.113589
0.350175, 0.414535, 0.434073, 0.539876
0.350187, 0.264388, 0.513521, 0.372275
0.350330, 0.350235, 0.475354, 0.475211
0.350418, 0.391781, 0.450450, 0.518576
0.350467, 0.618583, 0.094817, 0.524149
0.350583, 0.741565, -0.742296, -0.131015
0.350601, 0.632439, 0.080134, 0.528908
0.350638, 0.949762, -0.910442, -0.041090
0.350846, 0.380541, 0.458127, 0.507011
0.351334, 0.303116, 0.499436, 0.420019
0.351453, 0.161732, 0.543436, 0.233473
0.351580, 0.037162, 0.558708, 0.054379
0.351600, 0.105624, 0.552670, 0.153663
0.351723, 0.475332, 0.380708, 0.583305
0.351820, 0.070995, 0.556570, 0.103615
0.351845, 0.840411, -0.860212, -0.117160
0.351893, 0.752746, -0.761873, -0.136321
0.352080, 0.705447, -0.662940, -0.105884
0.352216, 0.337954, 0.483930, 0.460432
0.352456, 0.175179, 0.542262, 0.252105
0.352639, 0.368829, 0.467179, 0.493833
0.352799, 0.784342, -0.806021, -0.137995
0.352937, 0.647261, -0.240477, 0.209688
0.352979, 0.547966, 0.280208, 0.597555
0.353035, 0.277002, 0.512217, 0.387120
0.353198, 0.817931, -0.841107, -0.128592
0.353231, 0.522666, 0.321825, 0.598361
0.353271, 0.187725, 0.540474, 0.269261
0.353351, 0.535328, 0.301976, 0.598609
0.353720, 0.211637, 0.534405, 0.301501
0.353821, 0.199843, 0.538114, 0.285643
0.353873, 0.917692, -0.899189, -0.067138
0.354274, 0.432662, 0.423055, 0.551847
0.354614, 0.126103, 0.554696, 0.182692
0.354767, 0.692901, -0.630163, -0.095875
0.354905, 0.874333, -0.879848, -0.098695
0.355009, 0.325388, 0.493611, 0.444768
0.355150, 0.463168, 0.395284, 0.572532
0.355197, 0.508987, 0.341590, 0.592981
0.355306, 0.243193, 0.527498, 0.343084
0.355388, 0.574396, 0.224871, 0.579744
0.355563, 0.560886, 0.254216, 0.587749
0.355666, 0.764674, -0.780185, -0.143315
0.355869, 0.896060, -0.889710, -0.084051
0.355996, 0.929157, -0.901003, -0.058706
0.356137, 1.000000, -0.910778, 0.000000
0.356187, 0.291553, 0.510509, 0.404033
0.356333, 0.049243, 0.565096, 0.071757
0.356393, 0.011137, 0.566551, 0.016246
0.356451, 0.148832, 0.553051, 0.214470
0.356557, 0.980080, -0.909647, -0.016863
0.356622, 0.587179, 0.191957, 0.564571
0.356741, 0.669302, -0.542770, -0.047444
0.357196, 0.224540, 0.535729, 0.317950
0.357263, 0.797132, -0.819344, -0.139965
0.357434, 0.959591, -0.906514, -0.034166
0.357999, 0.939656, -0.902205, -0.050787
0.358225, 0.082994, 0.565193, 0.120459
0.358247, 0.094478, 0.563625, 0.136938
0.358297, 0.828876, -0.847940, -0.127801
0.358318, 0.497237, 0.357633, 0.585178
0.358800, 0.115172, 0.561997, 0.166447
0.358867, 0.680463, -0.597692, -0.088161
0.358928, 0.599043, 0.151840, 0.538761
0.358934, 0.863142, -0.870990, -0.108292
0.359075, 0.451591, 0.409290, 0.561294
0.359213, 0.422165, 0.435784, 0.539315
0.359249, 0.724203, -0.712712, -0.138507
0.359394, 0.312947, 0.504491, 0.428036
0.359624, 0.254841, 0.529099, 0.356718
0.359815, 0.029891, 0.570987, 0.043448
0.360149, 0.359661, 0.480530, 0.479731
0.360285, 0.611786, 0.097371, 0.501311
0.360572, 0.484020, 0.375177, 0.577499
0.360704, 0.137502, 0.560910, 0.197776
0.360735, 0.060833, 0.570465, 0.088223
0.360944, 0.775595, -0.794087, -0.148853
0.360984, 0.624787, 0.091478, 0.510545
0.361113, 0.658164, -0.543547, -0.072311
0.361151, 0.851374, -0.862404, -0.117284
0.361289, 0.884524, -0.880564, -0.094657
0.361374, 0.409679, 0.447575, 0.527068
0.361378, 0.397853, 0.456548, 0.516627
0.361439, 0.637487, -0.172309, 0.249368
0.361599, 0.907821, -0.889939, -0.077257
0.361659, 0.735210, -0.734656, -0.147687
0.361773, 0.267655, 0.527006, 0.372164
0.361867, 0.347147, 0.489627, 0.465376
0.362144, 0.808971, -0.829170, -0.140323
0.362145, 0.385658, 0.465885, 0.504592
0.362731, 0.373402, 0.474662, 0.492243
0.362854, 0.158202, 0.560036, 0.226301
0.362859, 0.169914, 0.557363, 0.242428
0.363156, 0.839906, -0.853453, -0.125446
0.363326, 0.280977, 0.523383, 0.387968
0.363331, 0.000000, 0.576686, 0.000000
0.363358, 0.517341, 0.330470, 0.582226
0.363413, 0.440480, 0.422903, 0.549540
0.363413, 0.702536, -0.667609, -0.130871
0.363480, 0.235070, 0.540779, 0.329859
0.363526, 0.746544, -0.753735, -0.153364
0.363556, 0.714030, -0.694643, -0.141384
0.363611, 0.990002, -0.904162, -0.008740
0.363632, 0.072187, 0.573296, 0.104311
0.363786, 0.334587, 0.498768, 0.450636
0.364007, 0.969792, -0.902482, -0.026293
0.364065, 0.471648, 0.391009, 0.567586
0.364313, 0.757100, -0.769458, -0.155114
0.364457, 0.182001, 0.557145, 0.258757
0.364471, 0.529728, 0.309786, 0.579809
0.364472, 0.019974, 0.577849, 0.028944
0.364516, 0.948388, -0.898725, -0.044852
0.364524, 0.302942, 0.515450, 0.414016
0.364616, 0.215459, 0.547851, 0.303562
0.364666, 0.541911, 0.287357, 0.576618
0.364948, 0.103482, 0.571808, 0.148919
0.365018, 0.041306, 0.577799, 0.059764
0.365299, 0.567434, 0.232456, 0.560927
0.365303, 0.787977, -0.807088, -0.150934
0.365433, 0.193422, 0.555380, 0.273974
0.365646, 0.648360, -0.517301, -0.068923
0.365921, 0.204508, 0.553035, 0.288709
0.365955, 0.921515, -0.890967, -0.067769
0.365970, 0.553858, 0.262850, 0.568947
0.366445, 0.581018, 0.193602, 0.541492
0.366484, 0.321980, 0.508198, 0.434957
0.366799, 0.820337, -0.836773, -0.138837
0.366806, 0.689845, -0.638171, -0.125593
0.367462, 0.125174, 0.572397, 0.179243
0.368079, 0.459645, 0.406406, 0.556879
0.368180, 0.506441, 0.347420, 0.573813
0.368232, 0.429728, 0.436205, 0.537376
0.368261, 0.668805, -0.570688, -0.092620
0.368707, 0.896786, -0.880387, -0.088598
0.368717, 0.872060, -0.869102, -0.107226
0.369082, 0.492857, 0.366782, 0.569657
0.369325, 0.292449, 0.525783, 0.399342
0.369515, 0.246089, 0.544609, 0.341915
0.369580, 0.934363, -0.891245, -0.057842
0.369678, 0.592540, 0.147373, 0.507823
0.369783, 0.090841, 0.580757, 0.130471
0.369797, 0.766658, -0.781345, -0.161204
0.369858, 0.053087, 0.584266, 0.076468
0.370246, 0.605301, 0.102475, 0.481209
0.370311, 0.148988, 0.572052, 0.212039
0.370335, 0.800072, -0.817364, -0.151466
0.370643, 1.000000, -0.898197, 0.000000
0.370811, 0.010204, 0.587023, 0.014719
0.370876, 0.224804, 0.553340, 0.314027
0.370891, 0.958767, -0.894894, -0.036854
0.370967, 0.979825, -0.897149, -0.018119
0.371142, 0.417449, 0.449216, 0.525439
0.371173, 0.858943, -0.860328, -0.117975
0.371259, 0.726237, -0.721609, -0.161520
0.371278, 0.258945, 0.542162, 0.357586
0.371468, 0.832073, -0.842993, -0.135786
0.371470, 0.137019, 0.575960, 0.195222
0.371593, 0.618088, 0.092799, 0.481368
0.371864, 0.112227, 0.580258, 0.160332
0.371999, 0.354724, 0.495819, 0.467361
0.372022, 0.631003, -0.316738, 0.081072
0.372107, 0.366717, 0.488216, 0.479341
0.372263, 0.884566, -0.872187, -0.099549
0.372368, 0.079121, 0.585425, 0.113466
0.372447, 0.030894, 0.589094, 0.044427
0.372561, 0.404736, 0.461014, 0.514013
0.372645, 0.448086, 0.421380, 0.545379
0.372674, 0.480477, 0.383878, 0.560858
0.372777, 0.679342, -0.615610, -0.127332
0.372857, 0.910937, -0.881914, -0.078520
0.372881, 0.392398, 0.470920, 0.503048
0.373028, 0.271444, 0.539325, 0.372381
0.373194, 0.845912, -0.851127, -0.128177
0.373295, 0.342034, 0.504899, 0.453392
0.373345, 0.778482, -0.794357, -0.162038
0.373391, 0.379822, 0.480589, 0.491191
0.373516, 0.740088, -0.744619, -0.167116
0.373670, 0.162755, 0.574026, 0.230365
0.373785, 0.313376, 0.521060, 0.421604
0.373915, 0.519823, 0.325748, 0.564545
0.373990, 0.065503, 0.588475, 0.093845
0.374061, 0.699942, -0.670695, -0.153429
0.374576, 0.657330, -0.537740, -0.086762
0.374649, 0.175749, 0.571842, 0.247674
0.374841, 0.642803, -0.513148, -0.085012
0.375027, 0.712093, -0.696518, -0.162212
0.375055, 0.328642, 0.514350, 0.437944
0.375220, 0.282646, 0.537117, 0.384993
0.375550, 0.811971, -0.825302, -0.150177
0.375610, 0.575890, 0.195993, 0.521161
0.375963, 0.754063, -0.764418, -0.170738
0.376026, 0.532331, 0.302324, 0.557857
0.376194, 0.564315, 0.228635, 0.534924
0.376215, 0.946115, -0.888267, -0.049002
0.376548, 0.212966, 0.564554, 0.296839
0.376586, 0.468257, 0.400582, 0.551253
0.376732, 0.543136, 0.279612, 0.551361
0.376855, 0.234083, 0.558044, 0.324083
0.376914, 0.188749, 0.572271, 0.264792
0.377209, 0.000000, 0.596473, 0.000000
0.377409, 0.437240, 0.435243, 0.533716
0.377538, 0.301549, 0.531153, 0.406203
0.377734, 0.042378, 0.595703, 0.060630
0.377806, 0.200410, 0.570001, 0.280005
0.377911, 0.100656, 0.590590, 0.143296
0.377948, 0.969195, -0.890095, -0.028305
0.377994, 0.790693, -0.805066, -0.162502
0.378063, 0.989793, -0.891257, -0.009429
0.378085, 0.923105, -0.881224, -0.069699
0.378218, 0.553890, 0.253612, 0.540186
0.378353, 0.500452, 0.357157, 0.557378
0.378522, 0.020931, 0.597785, 0.029959
0.379097, 0.120034, 0.589266, 0.170197
0.379914, 0.901423, -0.872758, -0.088864
0.379929, 0.823985, -0.832059, -0.146571
0.380076, 0.689290, -0.650322, -0.157802
0.380482, 0.586432, 0.154507, 0.488097
0.380697, 0.425215, 0.449168, 0.522466
0.380736, 0.668941, -0.597334, -0.136833
0.380814, 0.599670, 0.132620, 0.485162
0.380959, 0.130991, 0.590149, 0.185105
0.381090, 0.456195, 0.417036, 0.540504
0.381195, 0.864710, -0.856055, -0.118947
0.381199, 0.511361, 0.338973, 0.552447
0.381341, 0.767414, -0.779465, -0.174163
0.381426, 0.489272, 0.374172, 0.551233
0.381489, 0.876888, -0.861662, -0.109544
0.381622, 0.253960, 0.556824, 0.347317
0.381762, 0.721644, -0.716046, -0.177847
0.382041, 0.611303, 0.036426, 0.394262
0.382131, 0.087741, 0.598327, 0.124643
0.382275, 0.143567, 0.589617, 0.202284
0.382278, 0.890485, -0.866620, -0.098902
0.382294, 0.053637, 0.601577, 0.076376
0.382330, 0.242650, 0.562012, 0.333046
0.382484, 0.837354, -0.839471, -0.139563
0.382555, 0.412368, 0.462424, 0.511535
0.382590, 0.155388, 0.587358, 0.218293
0.382629, 0.624511, -0.448154, -0.071434
0.382742, 0.934796, -0.880001, -0.060390
0.382849, 0.851527, -0.847729, -0.129775
0.383260, 0.733166, -0.734363, -0.181174
0.383324, 0.803025, -0.813639, -0.161273
0.383362, 0.266160, 0.554122, 0.361666
0.383387, 0.361684, 0.502671, 0.466922
0.383433, 0.349415, 0.510895, 0.454859
0.383601, 0.957717, -0.883372, -0.039612
0.383655, 0.373920, 0.494221, 0.478187
0.383658, 0.399479, 0.474415, 0.500460
0.383784, 0.290634, 0.543750, 0.390626
0.383815, 0.222929, 0.570783, 0.307486
0.383955, 0.322146, 0.527621, 0.425909
0.383968, 0.336447, 0.519486, 0.441239
0.384039, 0.386810, 0.484935, 0.489511
0.384436, 0.075845, 0.602447, 0.107580
0.384513, 0.649274, -0.540463, -0.116392
0.384624, 0.010853, 0.606488, 0.015465
0.384670, 0.168622, 0.587519, 0.235842
0.384780, 0.635640, -0.468866, -0.066401
0.384868, 0.745507, -0.751690, -0.182580
0.384872, 0.702262, -0.681876, -0.176916
0.384952, 1.000000, -0.885096, 0.000000
0.384962, 0.477325, 0.391682, 0.543514
0.385059, 0.780123, -0.791770, -0.173381
0.385190, 0.979239, -0.884117, -0.019626
0.385452, 0.032601, 0.607425, 0.046339
0.385478, 0.524433, 0.312825, 0.540743
0.385531, 0.064200, 0.604807, 0.091037
0.385870, 0.278015, 0.552041, 0.374860
0.385879, 0.911838, -0.871062, -0.081731
0.385942, 0.181881, 0.585212, 0.253075
0.386240, 0.109962, 0.600167, 0.155045
0.386510, 0.310267, 0.536836, 0.411540
0.386650, 0.444876, 0.432322, 0.528217
0.386682, 0.573955, 0.183277, 0.488128
0.386753, 0.679040, -0.630487, -0.163130
0.387548, 0.208998, 0.580044, 0.288348
0.387890, 0.659678, -0.576464, -0.140832
0.388382, 0.758010, -0.766597, -0.184660
0.388503, 0.562274, 0.218248, 0.501770
0.388598, 0.815733, -0.820635, -0.157854
0.388667, 0.946399, -0.876928, -0.050973
0.388904, 0.548445, 0.256300, 0.517148
0.389042, 0.465163, 0.409417, 0.534548
0.389079, 0.536326, 0.285183, 0.526509
0.389137, 0.712951, -0.702463, -0.187413
0.389641, 0.195748, 0.587104, 0.270585
0.389913, 0.096038, 0.607979, 0.135285
0.390057, 0.500505, 0.356709, 0.538099
0.390129, 0.792935, -0.801244, -0.172290
0.390264, 0.433062, 0.447316, 0.517799
0.390316, 0.594654, 0.086231, 0.415840
0.390564, 0.000000, 0.615303, 0.000000
0.390681, 0.923763, -0.870157, -0.072334
0.390871, 0.299222, 0.547596, 0.396981
0.390928, 0.044581, 0.614029, 0.063001
0.390940, 0.122593, 0.605179, 0.171832
0.391166, 0.232873, 0.576567, 0.317582
0.391745, 0.968278, -0.877199, -0.030566
0.391795, 0.828675, -0.827469, -0.151393
0.391814, 0.692144, -0.664514, -0.184916
0.392067, 0.618582, -0.468890, -0.109431
0.392072, 0.022564, 0.616729, 0.031891
0.392229, 0.420042, 0.461928, 0.507752
0.392252, 0.989310, -0.877929, -0.010360
0.392319, 0.884482, -0.855940, -0.107766
0.392443, 0.870720, -0.849969, -0.119449
0.392452, 0.513783, 0.332412, 0.531519
0.392492, 0.899212, -0.861192, -0.095049
0.392533, 0.135448, 0.605019, 0.189108
0.392632, 0.843076, -0.835679, -0.141442
0.392699, 0.857324, -0.843336, -0.130471
0.392757, 0.488062, 0.376953, 0.533668
0.392966, 0.246942, 0.573635, 0.334435
0.393497, 0.259911, 0.568762, 0.349792
0.393686, 0.583532, 0.117039, 0.425675
0.393726, 0.330823, 0.532879, 0.429408
0.393735, 0.406925, 0.475532, 0.497249
0.393745, 0.148184, 0.604157, 0.206251
0.393851, 0.770507, -0.778229, -0.186113
0.393917, 0.725027, -0.722308, -0.196800
0.394098, 0.606515, -0.173806, 0.154887
0.394120, 0.643188, -0.536039, -0.135679
0.394297, 0.453733, 0.425255, 0.523174
0.394309, 0.160627, 0.601806, 0.222748
0.394363, 0.343809, 0.525462, 0.442227
0.394571, 0.356225, 0.517235, 0.454080
0.394649, 0.393927, 0.487787, 0.486610
0.394736, 0.368565, 0.508345, 0.465239
0.394776, 0.381064, 0.498552, 0.475966
0.394874, 0.668738, -0.613014, -0.173693
0.394970, 0.218736, 0.586385, 0.298459
0.395238, 0.083563, 0.616530, 0.117230
0.395342, 0.736747, -0.738401, -0.197463
0.395480, 0.806342, -0.809170, -0.168873
0.395699, 0.173550, 0.600824, 0.239702
0.395845, 0.934903, -0.867935, -0.063052
0.395868, 0.272331, 0.566368, 0.363622
0.395873, 0.056733, 0.620486, 0.079753
0.396082, 0.069442, 0.618851, 0.097434
0.396116, 0.318535, 0.542644, 0.415220
0.396247, 0.285562, 0.560451, 0.378788
0.396297, 0.630278, -0.475165, -0.098192
0.396587, 0.186547, 0.597869, 0.256367
0.396622, 0.748578, -0.753043, -0.196491
0.396706, 0.475497, 0.397120, 0.526628
0.396810, 0.957296, -0.870779, -0.041804
0.396820, 0.782038, -0.788017, -0.183465
0.397075, 0.105150, 0.616176, 0.146868
0.397507, 0.011981, 0.624523, 0.016870
0.397534, 0.703668, -0.688335, -0.199844
0.397571, 0.524692, 0.306758, 0.515339
0.397654, 0.913035, -0.860882, -0.084037
0.398150, 0.557135, 0.216709, 0.476670
0.398353, 0.682602, -0.647553, -0.192075
0.398411, 0.034663, 0.625435, 0.048664
0.398654, 0.654435, -0.577130, -0.165777
0.398790, 0.205202, 0.595718, 0.279988
0.398829, 0.571598, 0.156912, 0.438102
0.398917, 1.000000, -0.871735, 0.000000
0.399256, 0.978161, -0.870590, -0.021593
0.399893, 0.441133, 0.443343, 0.511251
0.400029, 0.115827, 0.618233, 0.160973
0.400152, 0.308528, 0.552844, 0.402285
0.400702, 0.545071, 0.250374, 0.487085
0.400738, 0.944758, -0.865063, -0.054589
0.400767, 0.761260, -0.765830, -0.196934
0.401005, 0.506610, 0.342552, 0.516160
0.401160, 0.819618, -0.814972, -0.163770
0.401555, 0.465247, 0.411873, 0.516838
0.401572, 0.795125, -0.796490, -0.180384
0.401573, 0.595425, -0.017099, 0.282473
0.401598, 0.295939, 0.561247, 0.387780
0.401684, 0.427737, 0.459400, 0.502342
0.401725, 0.715598, -0.707835, -0.207380
0.401944, 0.534941, 0.277807, 0.495994
0.401984, 0.834552, -0.823625, -0.153245
0.402229, 0.240065, 0.587399, 0.322324
0.402481, 0.495666, 0.363281, 0.516558
0.402704, 0.849060, -0.831063, -0.142137
0.402770, 0.128104, 0.620229, 0.177238
0.402796, 0.890151, -0.848856, -0.106582
0.402921, 0.094662, 0.625790, 0.131653
0.402943, 0.876861, -0.843606, -0.118590
0.402948, 0.618178, -0.483104, -0.135784
0.402992, 0.863223, -0.837705, -0.130468
0.403117, 0.227597, 0.593234, 0.306685
0.403233, 0.000000, 0.632532, 0.000000
0.403442, 0.414357, 0.474723, 0.492698
0.403603, 0.253703, 0.583707, 0.338312
0.403633, 0.047612, 0.631469, 0.066450
0.403747, 0.926194, -0.858536, -0.073162
0.404050, 0.902752, -0.851842, -0.095458
0.404095, 0.140825, 0.619436, 0.194089
0.404399, 0.483560, 0.384454, 0.514661
0.404825, 0.694221, -0.673204, -0.209896
0.404826, 0.401132, 0.488684, 0.482611
0.404835, 0.337983, 0.539417, 0.429500
0.404852, 0.641284, -0.547912, -0.166508
0.404958, 0.325800, 0.547458, 0.417445
0.405000, 0.074489, 0.630597, 0.103554
0.405031, 0.193918, 0.606900, 0.263577
0.405096, 0.153655, 0.617964, 0.211075
0.405331, 0.024227, 0.634642, 0.033784
0.405522, 0.388110, 0.501182, 0.472496
0.405527, 0.674125, -0.633757, -0.202349
0.405611, 0.350402, 0.531661, 0.440779
0.405640, 0.583833, 0.165974, 0.449538
0.405756, 0.166422, 0.615474, 0.227681
0.405758, 0.453253, 0.430302, 0.508501
0.405798, 0.362727, 0.522678, 0.451748
0.405808, 0.375273, 0.512569, 0.462271
0.405902, 0.265959, 0.580790, 0.351553
0.405954, 0.989118, -0.864492, -0.011004
0.406067, 0.966722, -0.863152, -0.033493
0.406185, 0.727905, -0.724820, -0.212910
0.406450, 0.179749, 0.613075, 0.244950
0.406731, 0.516076, 0.318619, 0.498582
0.406998, 0.606892, -0.453617, -0.131821
0.407207, 0.563020, 0.183716, 0.438367
0.407239, 0.806447, -0.801415, -0.177156
0.407257, 0.662969, -0.608876, -0.196977
0.407266, 0.216015, 0.602575, 0.290805
0.407288, 0.278363, 0.576556, 0.365155
0.407321, 0.783682, -0.783503, -0.191727
0.407397, 0.739336, -0.738763, -0.211712
0.407593, 0.771918, -0.772997, -0.198328
0.407705, 0.751312, -0.752291, -0.207944
0.408103, 0.061307, 0.636836, 0.085096
0.408558, 0.952327, -0.858491, -0.048306
0.408970, 0.629451, -0.508248, -0.151347
0.409188, 0.085222, 0.635227, 0.117845
0.409355, 0.010724, 0.640576, 0.014905
0.409522, 0.915918, -0.850292, -0.084450
0.409550, 0.106806, 0.632916, 0.147265
0.409926, 0.706243, -0.693658, -0.219707
0.410464, 0.289414, 0.574400, 0.375904
0.410605, 0.551039, 0.215085, 0.445446
0.410725, 0.037342, 0.642248, 0.051785
0.410786, 0.937746, -0.853882, -0.063233
0.410924, 0.316434, 0.559541, 0.404331
0.411109, 0.527280, 0.286325, 0.477527
0.411118, 0.474936, 0.397963, 0.503173
0.411131, 0.205655, 0.610931, 0.276538
0.411167, 0.303538, 0.567478, 0.390775
0.411587, 0.651532, -0.583979, -0.196425
0.411743, 0.433472, 0.457462, 0.493284
0.411763, 0.684951, -0.657936, -0.219211
0.411959, 0.828191, -0.812157, -0.163908
0.411996, 0.573879, 0.147635, 0.410904
0.412291, 0.119362, 0.634143, 0.163672
0.412307, 0.445147, 0.442792, 0.496897
0.412643, 0.841658, -0.819019, -0.153339
0.412720, 1.000000, -0.857917, 0.000000
0.412770, 0.978104, -0.857127, -0.022529
0.412866, 0.247089, 0.597163, 0.326442
0.412898, 0.855799, -0.825771, -0.141347
0.413038, 0.503669, 0.342907, 0.492178
0.413067, 0.462374, 0.418341, 0.499579
0.413206, 0.420900, 0.473072, 0.485743
0.413292, 0.233852, 0.603125, 0.310480
0.413294, 0.595490, -0.404922, -0.117014
0.413375, 0.816056, -0.803478, -0.174273
0.413505, 0.490081, 0.370279, 0.496503
0.413542, 0.869468, -0.831128, -0.129468
0.413820, 0.793694, -0.787417, -0.190551
0.413900, 0.718921, -0.711399, -0.224146
0.414040, 0.760652, -0.759009, -0.210243
0.414050, 0.882373, -0.835670, -0.117751
0.414081, 0.132740, 0.634345, 0.181268
0.414436, 0.539163, 0.245328, 0.450468
0.414724, 0.894250, -0.839051, -0.106751
0.414764, 0.407908, 0.488152, 0.476867
0.414992, 0.617908, -0.480444, -0.151515
0.415355, 0.330532, 0.554757, 0.415402
0.415387, 0.146009, 0.633171, 0.198552
0.415523, 0.905908, -0.841704, -0.095768
0.415537, 0.050452, 0.647402, 0.069529
0.415812, 0.259406, 0.595438, 0.339623
0.415987, 0.394890, 0.502231, 0.467466
0.416021, 0.097062, 0.643379, 0.133112
0.416031, 0.072722, 0.646091, 0.099982
0.416132, 0.343454, 0.546245, 0.426798
0.416293, 0.185270, 0.623988, 0.249218
0.416296, 0.159060, 0.631221, 0.215507
0.416381, 0.381832, 0.515078, 0.458167
0.416384, 0.019500, 0.649975, 0.026910
0.416491, 0.000000, 0.650403, 0.000000
0.416625, 0.959511, -0.851097, -0.042034
0.416705, 0.172042, 0.628141, 0.232128
0.416772, 0.368750, 0.526995, 0.447929
0.416865, 0.356190, 0.537268, 0.437421
0.416972, 0.926577, -0.845678, -0.075606
0.417026, 0.222742, 0.612039, 0.295580
0.417125, 0.673553, -0.638267, -0.225370
0.417129, 0.639910, -0.559126, -0.198491
0.417710, 0.197035, 0.621719, 0.263583
0.417901, 0.696257, -0.678054, -0.231274
0.418016, 0.746295, -0.742544, -0.220777
0.418274, 0.271462, 0.592240, 0.351968
0.418448, 0.781201, -0.774589, -0.202223
0.418550, 0.562070, 0.127124, 0.361756
0.418588, 0.584730, -0.248479, 0.011407
0.418669, 0.732691, -0.727314, -0.226604
0.418777, 0.516482, 0.306966, 0.468016
0.419399, 0.802835, -0.789989, -0.188093
0.419565, 0.029712, 0.653947, 0.040791
0.419648, 0.989066, -0.850488, -0.011481
0.419793, 0.606592, -0.442053, -0.138204
0.419836, 0.661964, -0.615394, -0.224347
0.420193, 0.946829, -0.846181, -0.055525
0.420493, 0.296460, 0.581248, 0.377947
0.420683, 0.282696, 0.589132, 0.363084
0.420933, 0.454109, 0.431753, 0.486465
0.420991, 0.084925, 0.650889, 0.115946
0.421086, 0.969170, -0.847922, -0.032358
0.421283, 0.769922, -0.763437, -0.211462
0.421641, 0.211724, 0.622011, 0.280522
0.421679, 0.309858, 0.574555, 0.391029
0.421696, 0.110401, 0.648320, 0.150106
0.421798, 0.481547, 0.384365, 0.482933
0.421853, 0.708082, -0.695217, -0.236374
0.421887, 0.628591, -0.530775, -0.195132
0.421932, 0.062051, 0.655371, 0.084860
0.422446, 0.468669, 0.407808, 0.484063
0.422452, 0.550270, 0.181100, 0.390680
0.422689, 0.241032, 0.611266, 0.315178
0.422744, 0.848996, -0.813949, -0.151882
0.422857, 0.440431, 0.451917, 0.480906
0.422875, 0.915247, -0.836908, -0.088359
0.422939, 0.322381, 0.567582, 0.402508
0.423106, 0.527439, 0.269812, 0.441822
0.423335, 0.009512, 0.659582, 0.013040
0.423389, 0.124421, 0.647868, 0.168368
0.423390, 0.834899, -0.806354, -0.164617
0.423495, 0.427493, 0.469519, 0.476103
0.423544, 0.495030, 0.355235, 0.473221
0.423653, 0.862716, -0.819082, -0.139778
0.424057, 0.685230, -0.660499, -0.240032
0.424070, 0.040847, 0.659949, 0.055806
0.424316, 0.823273, -0.799130, -0.175006
0.424349, 0.573480, -0.048258, 0.183087
0.424401, 0.650519, -0.592422, -0.226228
0.424509, 0.507009, 0.325872, 0.462018
0.424661, 0.414775, 0.485601, 0.469316
0.424788, 0.876066, -0.823244, -0.127598
0.424791, 0.721090, -0.711400, -0.237279
0.425039, 0.811803, -0.791457, -0.184914
0.425094, 0.138154, 0.647577, 0.186101
0.425136, 0.935778, -0.839177, -0.067794
0.425276, 0.756634, -0.749152, -0.222653
0.425406, 0.252747, 0.609214, 0.327496
0.425852, 0.595564, -0.419852, -0.143780
0.426041, 0.889024, -0.826469, -0.115415
0.426145, 0.401757, 0.501210, 0.461012
0.426191, 0.336188, 0.560865, 0.412996
0.426466, 1.000000, -0.843616, 0.000000
0.426467, 0.901612, -0.829726, -0.103044
0.426585, 0.151636, 0.646329, 0.203279
0.426676, 0.791136, -0.776495, -0.201493
0.426842, 0.388321, 0.515998, 0.452542
0.426886, 0.230546, 0.620645, 0.301100
0.427008, 0.375107, 0.529095, 0.443666
0.427079, 0.539033, 0.225921, 0.410418
0.427338, 0.978981, -0.841918, -0.022471
0.427361, 0.349216, 0.551686, 0.423274
0.427408, 0.164643, 0.643935, 0.219828
0.427503, 0.177416, 0.640229, 0.235913
0.427537, 0.617254, -0.503869, -0.195168
0.427663, 0.097319, 0.658559, 0.131691
0.427993, 0.362073, 0.541405, 0.432941
0.427999, 0.202364, 0.632621, 0.266740
0.428160, 0.073850, 0.662340, 0.100180
0.428172, 0.189477, 0.637503, 0.250865
0.428508, 0.264350, 0.607336, 0.339107
0.428543, 0.743275, -0.734417, -0.232640
0.428611, 0.672910, -0.640025, -0.245644
0.428714, 0.052083, 0.664867, 0.070730
0.428737, 0.957129, -0.838243, -0.045906
0.429312, 0.019938, 0.667618, 0.027136
0.429725, 0.639154, -0.569454, -0.229491
0.430079, 0.561984, 0.181115, 0.391173
0.430230, 0.289816, 0.595208, 0.365342
0.430493, 0.000000, 0.669488, 0.000000
0.430565, 0.696924, -0.678176, -0.249547
0.430601, 0.924294, -0.831216, -0.080758
0.430761, 0.779642, -0.765089, -0.212642
0.430950, 0.219997, 0.629885, 0.287010
0.431228, 0.584340, -0.401946, -0.152234
0.431462, 0.461497, 0.419359, 0.468936
0.431496, 0.732120, -0.721414, -0.240724
0.431584, 0.302671, 0.588818, 0.377642
0.431785, 0.275788, 0.604671, 0.349757
0.431961, 0.448351, 0.441288, 0.468345
0.432328, 0.841842, -0.801885, -0.162838
0.432335, 0.661074, -0.618870, -0.248544
0.432576, 0.515931, 0.289803, 0.427708
0.432601, 0.475322, 0.392498, 0.463084
0.432670, 0.801015, -0.778586, -0.198007
0.432727, 0.086786, 0.665995, 0.116879
0.432756, 0.606200, -0.473325, -0.190261
0.432894, 0.709846, -0.695034, -0.250261
0.432978, 0.030496, 0.671883, 0.041243
0.433076, 0.488257, 0.364400, 0.455585
0.433080, 0.766514, -0.753090, -0.223322
0.433130, 0.315398, 0.582106, 0.388991
0.433161, 0.107257, 0.664093, 0.144009
0.433311, 0.434694, 0.462418, 0.464694
0.433445, 0.118840, 0.661996, 0.159093
0.433478, 0.855820, -0.807025, -0.150297
0.433600, 0.945686, -0.832058, -0.058677
0.433689, 0.989356, -0.835576, -0.011570
0.433993, 0.243061, 0.623502, 0.312594
0.434403, 0.550756, 0.185344, 0.376775
0.434448, 0.910866, -0.824073, -0.095604
0.434505, 0.328207, 0.574189, 0.399783
0.434591, 0.501750, 0.328683, 0.439790
0.434605, 0.527911, 0.243605, 0.397978
0.434659, 0.967626, -0.833508, -0.035160
0.434710, 0.627799, -0.544368, -0.230028
0.434913, 0.869246, -0.810924, -0.137887
0.434919, 0.131394, 0.661498, 0.175142
0.435161, 0.421297, 0.481415, 0.458553
0.435599, 0.826922, -0.791467, -0.177871
0.435731, 0.683849, -0.658376, -0.257994
0.435760, 0.814057, -0.783918, -0.189361
0.435966, 0.063291, 0.673573, 0.085149
0.436099, 0.408970, 0.497673, 0.452951
0.436229, 0.882694, -0.814344, -0.124965
0.436289, 0.144491, 0.660426, 0.191730
0.436655, 0.720913, -0.706897, -0.251083
0.436693, 0.395059, 0.514539, 0.445961
0.436769, 0.573068, -0.394191, -0.175924
0.436809, 0.209780, 0.640669, 0.272599
0.436823, 0.753064, -0.739088, -0.234920
0.437132, 0.010166, 0.678171, 0.013721
0.437200, 0.649744, -0.597997, -0.253039
0.437321, 0.040710, 0.677468, 0.054770
0.437400, 0.341870, 0.566128, 0.409210
0.437431, 0.896662, -0.817418, -0.111073
0.437439, 0.381210, 0.530077, 0.437552
0.437795, 0.254653, 0.622173, 0.323762
0.437976, 0.157855, 0.659205, 0.208324
0.438169, 0.368776, 0.542655, 0.428474
0.438482, 0.595027, -0.442475, -0.186488
0.438586, 0.196106, 0.647921, 0.255517
0.438612, 0.354874, 0.555933, 0.418351
0.438640, 0.170631, 0.656229, 0.224211
0.438800, 0.934153, -0.824546, -0.071882
0.438881, 0.232705, 0.633764, 0.298584
0.439167, 0.183044, 0.652978, 0.239358
0.439368, 0.539975, 0.164321, 0.330232
0.439929, 0.075575, 0.677488, 0.101095
0.439997, 0.284398, 0.608388, 0.354091
0.440298, 1.000000, -0.828650, 0.000000
0.440342, 0.789590, -0.765098, -0.211881
0.440403, 0.616623, -0.519929, -0.232397
0.440552, 0.671492, -0.638793, -0.265037
0.440621, 0.051009, 0.680745, 0.068318
0.440937, 0.978176, -0.827266, -0.024101
0.441115, 0.741358, -0.725660, -0.245550
0.441159, 0.265920, 0.620190, 0.334291
0.441607, 0.776259, -0.754679, -0.223047
0.441731, 0.098803, 0.676619, 0.131456
0.441914, 0.836534, -0.790149, -0.172318
0.441973, 0.955980, -0.824090, -0.048626
0.442019, 0.296328, 0.603081, 0.364715
0.442095, 0.455497, 0.428127, 0.450277
0.442165, 0.561683, -0.220943, -0.032940
0.442328, 0.468426, 0.402723, 0.445860
0.442379, 0.638218, -0.575988, -0.257330
0.442572, 0.020893, 0.685338, 0.028000
0.442574, 0.704444, -0.685413, -0.263861
0.442707, 0.921731, -0.818046, -0.085914
0.442791, 0.442216, 0.451538, 0.450582
0.442835, 0.693361, -0.670888, -0.266735
0.443054, 0.222973, 0.642761, 0.285630
0.443130, 0.849151, -0.795042, -0.160740
0.443347, 0.308275, 0.596431, 0.375310
0.443492, 0.481548, 0.372128, 0.435130
0.443813, 0.087406, 0.680535, 0.116154
0.443846, 0.428921, 0.472689, 0.448078
0.443872, 0.583831, -0.405816, -0.176348
0.444001, 0.802816, -0.770435, -0.203387
0.444163, 0.000000, 0.687754, 0.000000
0.444169, 0.507820, 0.297064, 0.402576
0.444212, 0.494410, 0.338007, 0.421168
0.444391, 0.762255, -0.741870, -0.235223
0.444524, 0.320716, 0.588702, 0.385750
0.444568, 0.111892, 0.678105, 0.148039
0.444583, 0.729775, -0.712528, -0.255215
0.445022, 0.519171, 0.255351, 0.378181
0.445142, 0.862006, -0.798107, -0.148816
0.445166, 0.660218, -0.620159, -0.271283
0.445366, 0.124468, 0.676128, 0.163982
0.445623, 0.909269, -0.812047, -0.099935
0.445628, 0.605524, -0.493001, -0.231391
0.445777, 0.333556, 0.579733, 0.395682
0.445853, 0.402355, 0.510065, 0.438403
0.446013, 0.244099, 0.636538, 0.308167
0.446231, 0.816453, -0.776123, -0.192914
0.446399, 0.137292, 0.674815, 0.180127
0.446472, 0.530185, 0.209442, 0.347367
0.446572, 0.715637, -0.696775, -0.264156
0.446585, 0.275849, 0.620214, 0.341672
0.446607, 0.387685, 0.528253, 0.431310
0.446608, 0.874410, -0.801099, -0.136756
0.446732, 0.944224, -0.817709, -0.062114
0.446812, 0.031593, 0.690262, 0.042034
0.446950, 0.550386, -0.002743, 0.158657
0.447254, 0.989297, -0.820729, -0.012008
0.447409, 0.415481, 0.493246, 0.440630
0.447413, 0.150424, 0.672803, 0.196457
0.447587, 0.886629, -0.803971, -0.124367
0.447600, 0.626950, -0.553395, -0.260821
0.447896, 0.362187, 0.555824, 0.415038
0.448072, 0.966532, -0.818771, -0.037479
0.448265, 0.681073, -0.652849, -0.276206
0.448283, 0.213683, 0.652615, 0.272730
0.448400, 0.202062, 0.657353, 0.259101
0.448632, 0.057362, 0.690659, 0.076057
0.448890, 0.347261, 0.570570, 0.403773
0.448903, 0.898262, -0.805634, -0.112478
0.449246, 0.572619, -0.375289, -0.172797
0.449340, 0.068645, 0.690374, 0.090809
0.449407, 0.827759, -0.779275, -0.183965
0.449592, 0.164071, 0.671853, 0.212839
0.449640, 0.375078, 0.543372, 0.420664
0.449719, 0.189280, 0.663612, 0.243407
0.449844, 0.648528, -0.599791, -0.276627
0.449990, 0.750689, -0.728415, -0.247553
0.450235, 0.255428, 0.635307, 0.318321
0.450365, 0.176352, 0.668802, 0.227654
0.450600, 0.010486, 0.696043, 0.013925
0.451056, 0.042659, 0.695308, 0.056431
0.451214, 0.594318, -0.465380, -0.230702
0.451709, 0.931233, -0.810127, -0.077239
0.451900, 0.288201, 0.617963, 0.350593
0.452086, 0.770483, -0.742368, -0.234979
0.452094, 0.233587, 0.648361, 0.293660
0.452543, 0.782517, -0.750489, -0.225589
0.452687, 0.449519, 0.436831, 0.431587
0.452755, 0.539491, 0.199351, 0.338942
0.452900, 0.462272, 0.410224, 0.425739
0.452940, 0.080333, 0.693696, 0.105666
0.452965, 0.840933, -0.781591, -0.172996
0.453095, 0.793726, -0.757180, -0.216483
0.453437, 0.615769, -0.530789, -0.265351
0.453593, 0.474924, 0.380018, 0.415358
0.453634, 0.670541, -0.636756, -0.284952
0.453846, 0.739285, -0.715978, -0.258158
0.454019, 0.978460, -0.812814, -0.024490
0.454039, 1.000000, -0.813367, 0.000000
0.454046, 0.436629, 0.460314, 0.431563
0.454068, 0.300243, 0.611894, 0.360434
0.454276, 0.093476, 0.693416, 0.122498
0.454310, 0.702928, -0.679070, -0.277903
0.454353, 0.691008, -0.664709, -0.282269
0.454370, 0.105107, 0.691698, 0.137453
0.454405, 0.561327, -0.356633, -0.180452
0.454427, 0.853941, -0.785869, -0.160464
0.454553, 0.487879, 0.343148, 0.398501
0.454570, 0.266676, 0.633730, 0.327716
0.454782, 0.424964, 0.480084, 0.430913
0.454869, 0.500989, 0.300208, 0.376937
0.454889, 0.394717, 0.523414, 0.424380
0.454900, 0.312111, 0.604071, 0.370524
0.455069, 0.918585, -0.803984, -0.091791
0.455156, 0.807286, -0.763170, -0.205788
0.455261, 0.637154, -0.579555, -0.283021
0.455338, 0.725892, -0.702784, -0.267684
0.455562, 0.954492, -0.809101, -0.051765
0.455749, 0.324326, 0.595400, 0.380160
0.455851, 0.021165, 0.702800, 0.027906
0.456128, 0.117707, 0.691553, 0.153206
0.456175, 0.513599, 0.248230, 0.343934
0.456605, 0.583100, -0.435607, -0.227608
0.456620, 0.223381, 0.658086, 0.280257
0.456724, 0.336818, 0.585604, 0.389098
0.456957, 0.356375, 0.567512, 0.402383
0.456990, 0.130395, 0.689463, 0.168927
0.457242, 0.406974, 0.507487, 0.424648
0.457306, 0.867257, -0.787594, -0.147754
0.457506, 0.526153, 0.197265, 0.311817
0.457689, 0.658633, -0.618143, -0.291475
0.457707, 0.143136, 0.687461, 0.184680
0.457714, 0.000000, 0.705542, 0.000000
0.457806, 0.714049, -0.689519, -0.276645
0.457897, 0.759588, -0.729804, -0.247440
0.458177, 0.156268, 0.684293, 0.200751
0.458323, 0.906061, -0.797482, -0.106315
0.458446, 0.604726, -0.506246, -0.266463
0.458562, 0.244493, 0.650001, 0.302393
0.458626, 0.941298, -0.804045, -0.067041
0.458711, 0.050961, 0.704521, 0.066740
0.458725, 0.879593, -0.790110, -0.135154
0.458839, 0.819603, -0.766112, -0.196329
0.459069, 0.278831, 0.630856, 0.337202
0.459167, 0.209976, 0.666598, 0.264048
0.459227, 0.383120, 0.539380, 0.414208
0.459454, 0.550300, -0.356587, -0.209852
0.459499, 0.892393, -0.792898, -0.121557
0.459735, 0.196961, 0.672514, 0.248831
0.459942, 0.032109, 0.707323, 0.042012
0.460203, 0.368085, 0.557296, 0.406053
0.460483, 0.967869, -0.804962, -0.036963
0.460489, 0.625876, -0.558444, -0.288159
0.460711, 0.062526, 0.705743, 0.081580
0.460721, 0.183503, 0.678660, 0.232749
0.460929, 0.989106, -0.805273, -0.012571
0.461496, 0.832141, -0.769609, -0.185253
0.461856, 0.170302, 0.684630, 0.216670
0.461858, 0.571732, -0.402365, -0.221156
0.462008, 0.681354, -0.649862, -0.294160
0.462224, 0.417058, 0.493225, 0.418736
0.462628, 0.256892, 0.647450, 0.313198
0.462638, 0.073833, 0.706993, 0.095940
0.462694, 0.647268, -0.599404, -0.298639
0.462943, 0.346550, 0.581147, 0.390322
0.463022, 0.772220, -0.734774, -0.241120
0.463431, 0.442782, 0.446951, 0.412846
0.463459, 0.455514, 0.419441, 0.406290
0.463679, 0.748118, -0.716620, -0.260159
0.463806, 0.798376, -0.750422, -0.218549
0.463911, 0.291532, 0.627060, 0.345765
0.463996, 0.593485, -0.481144, -0.268451
0.464056, 0.845265, -0.772325, -0.173119
0.464096, 0.468088, 0.387716, 0.394343
0.464122, 0.538283, -0.147513, -0.029919
0.464138, 0.010614, 0.713743, 0.013852
0.464386, 0.733949, -0.704381, -0.270727
0.464494, 0.086298, 0.707543, 0.111687
0.464534, 0.927151, -0.795253, -0.083951
0.464826, 0.784212, -0.741074, -0.231898
0.464826, 0.480751, 0.350497, 0.376981
0.465118, 0.695114, -0.665446, -0.293394
0.465378, 0.858443, -0.776200, -0.159790
0.465529, 0.493479, 0.305770, 0.352425
0.465594, 0.396103, 0.524905, 0.410519
0.465638, 0.668775, -0.632184, -0.302080
0.465794, 0.041948, 0.714422, 0.054456
0.465852, 0.233460, 0.663491, 0.286959
0.465957, 0.098853, 0.707439, 0.127408
0.466087, 0.303496, 0.620214, 0.354688
0.466239, 0.315068, 0.611323, 0.364245
0.466278, 0.429523, 0.471895, 0.411234
0.466658, 0.505535, 0.252816, 0.317797
0.466696, 0.110691, 0.706122, 0.142182
0.466749, 0.614728, -0.537510, -0.295124
0.466800, 0.327614, 0.601276, 0.373562
0.466850, 0.269462, 0.644309, 0.323248
0.467049, 0.560590, -0.367223, -0.212703
0.467329, 0.959280, -0.795941, -0.047445
0.467330, 0.219494, 0.671591, 0.271185
0.467389, 0.913997, -0.789223, -0.099371
0.467429, 0.707685, -0.677843, -0.289435
0.467482, 0.811042, -0.753541, -0.208704
0.467590, 0.123231, 0.704489, 0.157642
0.467648, 1.000000, -0.797860, 0.000000
0.467687, 0.721217, -0.690807, -0.282073
0.467805, 0.978112, -0.796990, -0.025572
0.468030, 0.376128, 0.551734, 0.400770
0.468099, 0.517350, 0.215570, 0.297513
0.468274, 0.635872, -0.580297, -0.306589
0.468636, 0.160326, 0.695646, 0.202550
0.468645, 0.135862, 0.702544, 0.172878
0.468947, 0.148142, 0.699719, 0.187801
0.469052, 0.021506, 0.719879, 0.027862
0.469147, 0.900050, -0.784269, -0.115480
0.469204, 0.356839, 0.574446, 0.390128
0.469278, 0.581970, -0.452931, -0.267294
0.469559, 0.948807, -0.792442, -0.059845
0.469603, 0.528187, 0.057238, 0.149362
0.469644, 0.205543, 0.680307, 0.254658
0.469713, 0.760314, -0.721045, -0.255265
0.469742, 0.872408, -0.776156, -0.146247
0.469840, 0.937838, -0.790631, -0.072596
0.469859, 0.885962, -0.779917, -0.131359
0.470051, 0.337298, 0.594748, 0.377449
0.470232, 0.407489, 0.508985, 0.405631
0.470299, 0.246994, 0.660945, 0.298865
0.470519, 0.191878, 0.686813, 0.238881
0.470532, 0.657490, -0.615179, -0.310731
0.470985, 0.823680, -0.756218, -0.197943
0.471013, 0.053978, 0.720164, 0.069513
0.471013, 0.282285, 0.639866, 0.332775
0.471153, 0.603893, -0.515165, -0.297323
0.471272, 0.000000, 0.723121, 0.000000
0.471480, 0.548537, -0.315877, -0.188384
0.472094, 0.179106, 0.693442, 0.223585
0.472537, 0.387127, 0.539068, 0.398613
0.472856, 0.065878, 0.720797, 0.084511
0.473308, 0.624593, -0.560326, -0.312717
0.473330, 0.792197, -0.737791, -0.229660
0.473391, 0.836076, -0.759214, -0.186256
0.473686, 0.032343, 0.724948, 0.041555
0.473703, 0.740594, -0.703069, -0.273566
0.474254, 0.438029, 0.452380, 0.392519
0.474256, 0.677102, -0.640309, -0.310729
0.474261, 0.366224, 0.566570, 0.389329
0.474299, 0.687705, -0.652653, -0.306325
0.474303, 0.772452, -0.725284, -0.248097
0.474327, 0.449700, 0.425670, 0.384916
0.474425, 0.988920, -0.789642, -0.013123
0.474488, 0.419372, 0.488997, 0.398115
0.474531, 0.078430, 0.721401, 0.100183
0.474622, 0.259909, 0.657672, 0.309312
0.474708, 0.571209, -0.425935, -0.266589
0.474793, 0.461609, 0.393968, 0.372080
0.475212, 0.848590, -0.761998, -0.173793
0.475305, 0.474047, 0.355493, 0.353394
0.475396, 0.646062, -0.597264, -0.318668
0.475405, 0.967909, -0.787544, -0.037993
0.475676, 0.861255, -0.765982, -0.160252
0.476076, 0.486744, 0.307921, 0.325788
0.476098, 0.091309, 0.721257, 0.116160
0.476202, 0.295600, 0.634960, 0.340461
0.476308, 0.321300, 0.613813, 0.360639
0.476375, 0.167961, 0.702468, 0.209121
0.476568, 0.591761, -0.489548, -0.300080
0.476595, 0.803802, -0.741155, -0.220218
0.476706, 0.728882, -0.691412, -0.284666
0.476707, 0.700654, -0.665414, -0.302773
0.476924, 0.346084, 0.590362, 0.376046
0.477119, 0.226172, 0.678780, 0.273775
0.477340, 0.920430, -0.779148, -0.093861
0.477341, 0.537123, -0.319291, -0.219163
0.477445, 0.498942, 0.248013, 0.284169
0.477715, 0.750892, -0.707718, -0.268409
0.477761, 0.010924, 0.731238, 0.013988
0.478028, 0.308211, 0.626289, 0.349282
0.478082, 0.103716, 0.721718, 0.131228
0.478168, 0.238702, 0.673493, 0.286123
0.478202, 0.931373, -0.779954, -0.081329
0.478317, 0.714754, -0.678105, -0.295541
0.478379, 0.116204, 0.719302, 0.146556
0.478393, 0.398355, 0.523826, 0.392067
0.478522, 0.214006, 0.686316, 0.260070
0.478578, 0.044521, 0.730446, 0.056763
0.478641, 0.511424, 0.222597, 0.276586
0.478808, 0.272513, 0.653655, 0.318518
0.478880, 0.907477, -0.775037, -0.109148
0.478979, 0.128829, 0.716869, 0.161784
0.479011, 0.559365, -0.391335, -0.258206
0.479150, 0.666752, -0.625652, -0.320237
0.479271, 0.782616, -0.727127, -0.241800
0.479848, 0.893905, -0.770784, -0.124951
0.479953, 0.200047, 0.693981, 0.244250
0.480029, 0.154788, 0.710958, 0.192475
0.480075, 0.815922, -0.743370, -0.209843
0.480203, 0.142236, 0.714771, 0.177511
0.480416, 0.955948, -0.780414, -0.052592
0.480491, 0.377399, 0.554787, 0.385530
0.480583, 0.880462, -0.766576, -0.140395
0.480606, 0.613644, -0.541009, -0.322751
0.480662, 0.429119, 0.468865, 0.383795
0.480796, 0.523995, -0.178900, -0.110540
0.481031, 0.333051, 0.606051, 0.363948
0.481133, 1.000000, -0.782089, 0.000000
0.481396, 0.634929, -0.579559, -0.328484
0.481678, 0.978121, -0.780737, -0.026222
0.482375, 0.285277, 0.647817, 0.327514
0.482378, 0.022242, 0.736867, 0.028282
0.482393, 0.187684, 0.701815, 0.229510
0.482531, 0.355554, 0.582849, 0.374720
0.482585, 0.762092, -0.711284, -0.262339
0.482668, 0.581550, -0.468210, -0.305204
0.482700, 0.251274, 0.670867, 0.296084
0.482766, 0.601585, -0.517520, -0.322447
0.482780, 0.943062, -0.776351, -0.068156
0.482934, 0.409935, 0.504569, 0.384281
0.483274, 0.057424, 0.735299, 0.072639
0.483470, 0.828398, -0.745517, -0.198393
0.483498, 0.868525, -0.759662, -0.154663
0.483536, 0.655452, -0.609411, -0.328892
0.483592, 0.547996, -0.355881, -0.248764
0.484186, 0.069708, 0.734405, 0.087919
0.484741, 0.000000, 0.740404, 0.000000
0.485126, 0.176015, 0.709548, 0.215332
0.485341, 0.690952, -0.650441, -0.316417
0.485394, 0.794612, -0.727541, -0.233752
0.485407, 0.840776, -0.748290, -0.185927
0.485509, 0.441954, 0.435918, 0.363839
0.485642, 0.624566, -0.562229, -0.334639
0.485644, 0.388641, 0.539796, 0.380377
0.485653, 0.453713, 0.404243, 0.351266
0.485790, 0.466435, 0.363240, 0.330984
0.485809, 0.083289, 0.734555, 0.104559
0.485892, 0.854268, -0.752497, -0.171312
0.485925, 0.739463, -0.692589, -0.283722
0.486056, 0.034656, 0.740296, 0.043736
0.486341, 0.479318, 0.313933, 0.302147
0.486516, 0.678463, -0.636554, -0.324342
0.486525, 0.319941, 0.622206, 0.350434
0.486657, 0.366694, 0.571046, 0.374344
0.486794, 0.725312, -0.681157, -0.295432
0.486937, 0.569391, -0.438185, -0.301868
0.487010, 0.704830, -0.663069, -0.309985
0.487105, 0.263338, 0.667331, 0.304770
0.487656, 0.773048, -0.713551, -0.255584
0.487794, 0.989774, -0.773755, -0.012415
0.487800, 0.230691, 0.687436, 0.272988
0.488186, 0.491118, 0.253300, 0.258253
0.488195, 0.095534, 0.735419, 0.119234
0.488336, 0.643805, -0.592025, -0.337862
0.488447, 0.420379, 0.483268, 0.370978
0.488558, 0.163054, 0.718157, 0.199332
0.488659, 0.297980, 0.643087, 0.332805
0.488741, 0.208221, 0.699744, 0.249210
0.488861, 0.807059, -0.730531, -0.222848
0.488862, 0.535655, -0.312662, -0.234546
0.488886, 0.966407, -0.771721, -0.040740
0.488960, 0.915425, -0.764990, -0.101803
0.489074, 0.929075, -0.766837, -0.085630
0.489118, 0.503163, 0.193673, 0.216774
0.489417, 0.343293, 0.600223, 0.361208
0.489450, 0.109316, 0.734311, 0.135738
0.489479, 0.134833, 0.727617, 0.166216
0.489824, 0.308946, 0.634582, 0.339869
0.489997, 0.901713, -0.760931, -0.118175
0.489999, 0.121710, 0.731982, 0.150515
0.490323, 0.592317, -0.500443, -0.332512
0.490477, 0.219656, 0.696190, 0.260298
0.490495, 0.048096, 0.745038, 0.060227
0.490533, 0.751316, -0.697207, -0.276818
0.490566, 0.514683, -0.180246, -0.140560
0.490767, 0.243211, 0.683356, 0.283574
0.490918, 0.275460, 0.662337, 0.312806
0.490937, 0.888357, -0.756819, -0.133992
0.490954, 0.400078, 0.521136, 0.371590
0.491286, 0.666364, -0.620416, -0.334844
0.491369, 0.012179, 0.747965, 0.015289
0.491456, 0.149346, 0.725693, 0.182579
0.491517, 0.714743, -0.668711, -0.307089
0.491553, 0.558017, -0.409337, -0.299246
0.492149, 0.196554, 0.708785, 0.235216
0.492275, 0.819855, -0.732450, -0.211047
0.492313, 0.784566, -0.715752, -0.247095
0.492328, 0.953511, -0.766099, -0.056664
0.492471, 0.606744, -0.531764, -0.344231
0.492586, 0.329795, 0.616394, 0.350693
0.492689, 0.378423, 0.556361, 0.368847
0.492753, 0.432778, 0.453273, 0.354167
0.492931, 0.875581, -0.751118, -0.149296
0.493025, 0.525755, -0.279288, -0.224493
0.493680, 0.287755, 0.655254, 0.320992
0.494200, 0.979645, -0.765811, -0.024949
0.494325, 0.074626, 0.746152, 0.092595
0.494392, 0.861802, -0.745486, -0.165509
0.494395, 0.355427, 0.588083, 0.360542
0.494592, 0.618416, -0.552081, -0.348908
0.494641, 0.579175, -0.472582, -0.333091
0.494808, 0.024825, 0.752125, 0.030983
0.495068, 0.184645, 0.717161, 0.221079
0.495079, 1.000000, -0.765147, 0.000000
0.495135, 0.545358, -0.369467, -0.285872
0.495223, 0.941603, -0.761739, -0.071425
0.495487, 0.061859, 0.749698, 0.076780
0.495529, 0.698023, -0.651026, -0.322097
0.495552, 0.762951, -0.700075, -0.269605
0.495676, 0.632011, -0.573677, -0.350340
0.495743, 0.847133, -0.739174, -0.182564
0.495796, 0.654576, -0.604276, -0.344902
0.495827, 0.833053, -0.734247, -0.198200
0.495842, 0.732487, -0.679381, -0.296650
0.495846, 0.255196, 0.680765, 0.291611
0.495950, 0.458558, 0.374892, 0.312719
0.496280, 0.472253, 0.317308, 0.277068
0.496345, 0.410604, 0.500184, 0.358916
0.496764, 0.172509, 0.723833, 0.207072
0.497121, 0.686018, -0.638551, -0.331086
0.497128, 0.445662, 0.413524, 0.328220
0.497239, 0.796818, -0.716817, -0.237325
0.497473, 0.037840, 0.754119, 0.046917
0.497623, 0.000000, 0.755495, 0.000000
0.498249, 0.101210, 0.746337, 0.124150
0.498278, 0.367460, 0.573545, 0.359282
0.498318, 0.086514, 0.749071, 0.106416
0.498371, 0.390247, 0.537834, 0.360205
0.498519, 0.233688, 0.696535, 0.270024
0.498776, 0.317800, 0.632224, 0.337311
0.498852, 0.483702, 0.250774, 0.225338
0.499183, 0.140325, 0.737313, 0.169835
0.499805, 0.496440, 0.118232, 0.112918
0.499839, 0.568415, -0.449904, -0.336603
0.499842, 0.742799, -0.683151, -0.290563
0.499871, 0.267235, 0.675985, 0.299534
0.499923, 0.207920, 0.711622, 0.243604
0.499933, 0.674645, -0.625306, -0.340317
0.499939, 0.642728, -0.587645, -0.353975
0.499996, 0.158717, 0.732247, 0.190506
0.500128, 0.920132, -0.752458, -0.098061
0.500417, 0.774807, -0.702333, -0.261075
0.500497, 0.907930, -0.749852, -0.112860
0.500557, 0.422595, 0.471821, 0.343170
0.500630, 0.809057, -0.719179, -0.226009
0.500663, 0.127568, 0.742850, 0.154709
0.500673, 0.970961, -0.757306, -0.035910
0.500688, 0.721965, -0.667472, -0.308863
0.500773, 0.931601, -0.753115, -0.084254
0.500946, 0.336747, 0.613281, 0.345315
0.501140, 0.304859, 0.646147, 0.326907
0.501502, 0.508256, -0.245191, -0.233859
0.501575, 0.114715, 0.747231, 0.139432
0.501597, 0.895228, -0.745924, -0.128316
0.501646, 0.222268, 0.705860, 0.257196
0.501687, 0.599484, -0.519054, -0.358088
0.501696, 0.587491, -0.495672, -0.354336
0.501822, 0.708206, -0.655504, -0.320468
0.501858, 0.051186, 0.758638, 0.062932
0.501870, 0.989802, -0.756555, -0.012661
0.502555, 0.960297, -0.754350, -0.049228
0.502707, 0.533283, -0.341095, -0.290043
0.502815, 0.346894, 0.602003, 0.347273
0.502816, 0.882756, -0.741521, -0.143427
0.502887, 0.280439, 0.668361, 0.307877
0.503081, 0.555985, -0.418711, -0.331015
0.503107, 0.294203, 0.657196, 0.318076
0.503205, 0.519997, -0.278426, -0.250185
0.503354, 0.246069, 0.693466, 0.278624
0.503794, 0.194381, 0.722170, 0.227719
0.503842, 0.869453, -0.736931, -0.159353
0.503854, 0.821036, -0.720454, -0.214419
0.503898, 0.008336, 0.763224, 0.010279
0.504049, 0.753928, -0.686578, -0.283088
0.504239, 0.400703, 0.517471, 0.347168
0.504378, 0.662995, -0.610263, -0.351153
0.504471, 0.380067, 0.554975, 0.350961
0.504488, 0.434046, 0.439218, 0.322803
0.504721, 0.073235, 0.759250, 0.089348
0.504722, 0.611890, -0.541658, -0.365684
0.504892, 0.786867, -0.704310, -0.251225
0.504926, 0.855750, -0.731652, -0.175646
0.505263, 0.018424, 0.765086, 0.022597
0.505482, 0.466319, 0.324191, 0.258726
0.505763, 0.949140, -0.749373, -0.063323
0.505947, 0.624911, -0.561157, -0.365937
0.506171, 0.544165, -0.386883, -0.323814
0.506209, 0.326190, 0.627739, 0.334373
0.506361, 0.149441, 0.742645, 0.177913
0.506446, 0.842462, -0.725622, -0.191436
0.506880, 0.695703, -0.641022, -0.333729
0.506924, 0.167865, 0.736608, 0.198125
0.507194, 0.181392, 0.731409, 0.212585
0.507308, 0.358206, 0.588239, 0.344289
0.507456, 0.454318, 0.364582, 0.276236
0.507474, 0.029869, 0.767114, 0.036486
0.507576, 0.093199, 0.758925, 0.112695
0.508096, 0.831577, -0.719817, -0.204333
0.508517, 0.413499, 0.487824, 0.331242
0.508519, 0.650799, -0.594426, -0.361616
0.508633, 0.765499, -0.688976, -0.274704
0.508706, 0.732029, -0.668076, -0.306153
0.508766, 0.061865, 0.765588, 0.075114
0.508769, 0.258644, 0.689656, 0.285965
0.508902, 0.980252, -0.747588, -0.024778
0.508908, 0.577489, -0.477679, -0.364514
0.509101, 1.000000, -0.747957, 0.000000
0.509194, 0.041257, 0.767981, 0.050162
0.509316, 0.799185, -0.705311, -0.240384
0.509529, 0.683708, -0.628400, -0.344320
0.509567, 0.233953, 0.706816, 0.263799
0.509664, 0.489475, 0.037561, 0.005292
0.509722, 0.214390, 0.718086, 0.245100
0.509727, 0.443765, 0.401538, 0.292234
0.509754, 0.369567, 0.572007, 0.342529
0.509911, 0.637130, -0.576906, -0.368300
0.509919, 0.476495, 0.301674, 0.245082
0.509940, 0.104385, 0.759160, 0.125381
0.510009, 0.938672, -0.742885, -0.076747
0.510311, 0.312856, 0.644063, 0.322991
0.510590, 0.136886, 0.751429, 0.162509
0.510735, 0.717260, -0.655600, -0.320138
0.511097, 0.272679, 0.681072, 0.295678
0.511561, 0.564286, -0.448859, -0.361643
0.511844, 0.390125, 0.536773, 0.337152
0.511880, 0.914340, -0.737189, -0.107081
0.511987, 0.082775, 0.765900, 0.099595
0.512252, 0.124768, 0.756955, 0.148327
0.512274, 0.926347, -0.738483, -0.092314
0.512275, 0.501710, -0.247968, -0.265948
0.512282, 0.901976, -0.734530, -0.122328
0.512386, 0.591066, -0.506099, -0.376547
0.512424, 0.202993, 0.726731, 0.232474
0.512644, 0.744061, -0.672375, -0.297657
0.512706, 0.000000, 0.774507, 0.000000
0.512816, 0.811407, -0.706991, -0.228578
0.512970, 0.672209, -0.615007, -0.354926
0.513157, 0.777369, -0.690838, -0.265153
0.513172, 0.287303, 0.670296, 0.304317
0.513329, 0.968898, -0.741585, -0.039228
0.513413, 0.425085, 0.453487, 0.307624
0.513502, 0.526242, -0.335272, -0.313957
0.513518, 0.337123, 0.618127, 0.330460
0.513696, 0.889325, -0.730095, -0.138042
0.513872, 0.513529, -0.280300, -0.280874
0.513930, 0.876776, -0.726980, -0.153248
0.513963, 0.603080, -0.526449, -0.379755
0.514525, 0.300703, 0.658932, 0.312113
0.514543, 0.863374, -0.722711, -0.169457
0.514613, 0.705318, -0.643102, -0.332771
0.514741, 0.245323, 0.704014, 0.270684
0.514756, 0.114587, 0.762435, 0.136008
0.514976, 0.349376, 0.602871, 0.332771
0.515031, 0.157954, 0.749122, 0.184327
0.515071, 0.050601, 0.774484, 0.060824
0.515355, 0.551588, -0.420377, -0.360396
0.515491, 0.404053, 0.505929, 0.322752
0.515637, 0.224231, 0.718202, 0.251196
0.516015, 0.849476, -0.716892, -0.186333
0.516022, 0.538480, -0.383276, -0.345948
0.516098, 0.957308, -0.737280, -0.054043
0.516108, 0.615560, -0.545753, -0.382355
0.516246, 0.191849, 0.736049, 0.219402
0.516327, 0.463011, 0.288618, 0.200214
0.516349, 0.989773, -0.738588, -0.012971
0.516918, 0.660439, -0.600674, -0.365836
0.516950, 0.756019, -0.675423, -0.288664
0.516955, 0.010660, 0.779338, 0.012833
0.516999, 0.171244, 0.746012, 0.197805
0.517022, 0.823343, -0.706671, -0.216842
0.517147, 0.377973, 0.557607, 0.329571
0.517255, 0.323741, 0.635801, 0.321055
0.517438, 0.789336, -0.692345, -0.254604
0.517596, 0.072030, 0.774746, 0.085951
0.517851, 0.023512, 0.779975, 0.028219
0.518191, 0.436104, 0.413041, 0.277266
0.518469, 0.627039, -0.560841, -0.382632
0.518814, 0.692827, -0.629745, -0.345924
0.518869, 0.725302, -0.654265, -0.318930
0.518941, 0.145713, 0.757801, 0.169603
0.519416, 0.836533, -0.708673, -0.202546
0.519567, 0.363585, 0.581958, 0.326900
0.519768, 0.093936, 0.773180, 0.111086
0.519837, 0.946040, -0.731626, -0.068596
0.519915, 0.648124, -0.585701, -0.375513
0.519942, 0.181801, 0.744455, 0.207522
0.520063, 0.254996, 0.701688, 0.274959
0.520097, 0.036372, 0.781616, 0.043410
0.520180, 0.483631, -0.120735, -0.178912
0.520222, 0.450054, 0.357149, 0.240564
0.520413, 0.571443, -0.469754, -0.385467
0.520502, 0.266774, 0.692852, 0.283606
0.520971, 0.583354, -0.492966, -0.390090
0.521409, 0.415381, 0.472458, 0.297817
0.521442, 0.768009, -0.677397, -0.279006
0.521600, 0.801311, -0.692920, -0.243331
0.521632, 0.211970, 0.730930, 0.236319
0.521910, 0.060875, 0.781265, 0.072211
0.521990, 0.494621, -0.217760, -0.263500
0.522080, 0.735874, -0.658420, -0.311326
0.522125, 0.279489, 0.683458, 0.291570
0.522269, 0.395549, 0.521187, 0.313283
0.522288, 0.132354, 0.765844, 0.153911
0.522293, 0.235263, 0.717420, 0.256988
0.522297, 0.681104, -0.616949, -0.357573
0.522386, 0.312599, 0.650809, 0.310282
0.522387, 0.637871, -0.572822, -0.383494
0.522480, 0.105120, 0.773296, 0.123365
0.522597, 0.978505, -0.730601, -0.027514
0.522690, 0.472987, 0.181781, 0.102473
0.522698, 0.934255, -0.726767, -0.083794
0.523087, 1.000000, -0.730416, 0.000000
0.523438, 0.909159, -0.722099, -0.115456
0.523587, 0.714287, -0.642241, -0.331934
0.523593, 0.921563, -0.723870, -0.099911
0.523650, 0.558870, -0.444418, -0.386206
0.523934, 0.896540, -0.719232, -0.131280
0.524492, 0.595470, -0.514154, -0.397294
0.524747, 0.871615, -0.712713, -0.162152
0.524904, 0.531215, -0.372915, -0.362411
0.524937, 0.507074, -0.284966, -0.314919
0.525021, 0.519136, -0.332370, -0.342196
0.525065, 0.858216, -0.708673, -0.178539
0.525077, 0.083132, 0.781102, 0.097637
0.525107, 0.813105, -0.693949, -0.231484
0.525144, 0.291894, 0.673785, 0.296301
0.525352, 0.353899, 0.597671, 0.318101
0.525399, 0.331623, 0.629200, 0.314027
0.525518, 0.384868, 0.542453, 0.311959
0.525550, 0.200324, 0.740934, 0.223198
0.525572, 0.883481, -0.714434, -0.147779
0.525659, 0.119483, 0.773590, 0.138676
0.525719, 0.966648, -0.725953, -0.042826
0.525767, 0.669257, -0.603745, -0.368979
0.525788, 0.747375, -0.661610, -0.302328
0.525897, 0.780005, -0.678697, -0.268561
0.525948, 0.342045, 0.615115, 0.315459
0.526030, 0.607438, -0.531769, -0.397788
0.526218, 0.048265, 0.787735, 0.056890
0.526448, 0.164517, 0.758574, 0.186909
0.526586, 0.426138, 0.431432, 0.265598
0.526688, 0.545516, -0.414767, -0.383558
0.526850, 0.000000, 0.790876, 0.000000
0.527080, 0.701929, -0.630283, -0.345101
0.527334, 0.302411, 0.664456, 0.300180
0.527538, 0.014356, 0.791608, 0.016968
0.527606, 0.222894, 0.729865, 0.242871
0.527683, 0.460789, 0.331369, 0.220178
0.528193, 0.846470, -0.701529, -0.193543
0.528321, 0.372218, 0.566173, 0.310912
0.528413, 0.245993, 0.715006, 0.261934
0.528527, 0.154071, 0.764995, 0.175193
0.528615, 0.619543, -0.547639, -0.398199
0.528716, 0.825309, -0.694059, -0.218686
0.528790, 0.406157, 0.490113, 0.288604
0.528845, 0.439205, 0.380122, 0.231920
0.529101, 0.656591, -0.589253, -0.380208
0.529486, 0.953865, -0.720233, -0.059509
0.529957, 0.759126, -0.663922, -0.292598
0.529995, 0.988450, -0.721372, -0.014932
0.530088, 0.071465, 0.789349, 0.083297
0.530135, 0.188756, 0.751323, 0.209732
0.530139, 0.026343, 0.794129, 0.030905
0.530160, 0.791923, -0.679641, -0.257423
0.530209, 0.175617, 0.757744, 0.196630
0.530839, 0.141916, 0.771850, 0.161483
0.530952, 0.259816, 0.706445, 0.270395
0.531031, 0.321973, 0.643432, 0.304061
0.531386, 0.725169, -0.642508, -0.327245
0.531514, 0.690541, -0.617683, -0.357939
0.531893, 0.577312, -0.483940, -0.409025
0.531902, 0.631341, -0.560650, -0.397368
0.531953, 0.484147, -0.222646, -0.303043
0.532010, 0.835423, -0.693517, -0.207888
0.532268, 0.107877, 0.783590, 0.124054
0.532275, 0.272704, 0.696200, 0.277953
0.532503, 0.037251, 0.795935, 0.043454
0.532530, 0.566741, -0.464410, -0.407933
0.532594, 0.094646, 0.787571, 0.109164
0.532602, 0.449311, 0.303257, 0.166365
0.532744, 0.497693, -0.264356, -0.323045
0.533202, 0.942413, -0.714466, -0.074567
0.533467, 0.644457, -0.574280, -0.392294
0.533580, 0.361055, 0.585633, 0.304145
0.533622, 0.211675, 0.742177, 0.229223
0.533908, 0.059187, 0.795275, 0.068643
0.534045, 0.232850, 0.728950, 0.247213
0.534095, 0.587743, -0.501008, -0.412591
0.534130, 0.129272, 0.779722, 0.146890
0.534215, 0.804150, -0.679889, -0.245196
0.534271, 0.737495, -0.647640, -0.317099
0.534313, 0.471240, -0.152518, -0.252111
0.534318, 0.394418, 0.515566, 0.286172
0.534330, 0.929520, -0.711589, -0.091251
0.534369, 0.770936, -0.665201, -0.282308
0.534486, 0.284876, 0.686323, 0.283825
0.534556, 0.865884, -0.699089, -0.171623
0.534600, 0.536381, -0.398681, -0.395727
0.534778, 0.903852, -0.707050, -0.124086
0.534807, 0.916570, -0.709058, -0.107885
0.534851, 0.679010, -0.605627, -0.369820
0.534946, 0.711347, -0.630068, -0.342448
0.535090, 0.416835, 0.452418, 0.257969
0.535108, 0.890874, -0.704251, -0.140544
0.535294, 0.554609, -0.440851, -0.408913
0.535969, 0.310849, 0.658916, 0.294245
0.536082, 0.975995, -0.713549, -0.031290
0.536321, 1.000000, -0.713767, 0.000000
0.536325, 0.524191, -0.366693, -0.386855
0.536445, 0.347574, 0.608115, 0.300602
0.536717, 0.009056, 0.802398, 0.010527
0.536779, 0.512182, -0.329969, -0.370949
0.536866, 0.599471, -0.518095, -0.415015
0.536956, 0.962832, -0.711114, -0.048456
0.537174, 0.382005, 0.542924, 0.289091
0.537229, 0.816615, -0.681241, -0.231871
0.537478, 0.431397, 0.386010, 0.210996
0.537498, 0.082399, 0.795337, 0.094421
0.537683, 0.666632, -0.592866, -0.381489
0.537776, 0.877311, -0.698128, -0.158130
0.537814, 0.334319, 0.628400, 0.297657
0.537832, 0.200724, 0.752204, 0.217027
0.537846, 0.854655, -0.692141, -0.186310
0.538226, 0.610869, -0.532870, -0.413313
0.538430, 0.749930, -0.650209, -0.306723
0.538544, 0.047067, 0.801889, 0.054177
0.538706, 0.117251, 0.788329, 0.132568
0.538848, 0.782510, -0.665625, -0.271647
0.538892, 0.297952, 0.674924, 0.285342
0.538918, 0.164900, 0.771305, 0.182074
0.539510, 0.457980, 0.168260, 0.040219
0.539860, 0.252654, 0.718579, 0.258317
0.540213, 0.242015, 0.727228, 0.250227
0.540304, 0.152097, 0.777897, 0.168618
0.540324, 0.700105, -0.617313, -0.356319
0.540578, 0.178323, 0.766698, 0.194528
0.540606, 0.221930, 0.741761, 0.233842
0.540816, 0.020521, 0.806773, 0.023586
0.540933, 0.404761, 0.479737, 0.256203
0.541082, 0.370349, 0.565891, 0.287152
0.541183, 0.622708, -0.546034, -0.411971
0.541230, 0.842577, -0.684732, -0.202041
0.541309, 0.545053, -0.424060, -0.417872
0.541440, 0.655048, -0.579509, -0.393194
0.541752, 0.190232, 0.761627, 0.205259
0.541937, 0.000000, 0.808601, 0.000000
0.542152, 0.069989, 0.803193, 0.079628
0.542248, 0.265527, 0.709372, 0.264828
0.542359, 0.719438, -0.628270, -0.339656
0.542429, 0.139326, 0.784878, 0.154722
0.542606, 0.828843, -0.678783, -0.219097
0.542609, 0.443068, 0.375187, 0.210745
0.542647, 0.794644, -0.666712, -0.259496
0.542652, 0.988443, -0.705124, -0.015211
0.542765, 0.502675, -0.309179, -0.375830
0.542826, 0.103600, 0.796479, 0.116632
0.542829, 0.762002, -0.651733, -0.296039
0.542859, 0.490326, -0.263645, -0.351152
0.542931, 0.321705, 0.647234, 0.288680
0.543444, 0.565216, -0.463871, -0.427950
0.543557, 0.032694, 0.809198, 0.037285
0.543585, 0.951090, -0.702083, -0.064271
0.543615, 0.634952, -0.558166, -0.408054
0.543759, 0.576938, -0.483554, -0.428868
0.544125, 0.478580, -0.209340, -0.317812
0.544198, 0.688879, -0.605656, -0.369009
0.544524, 0.730137, -0.632645, -0.330357
0.544807, 0.422975, 0.408763, 0.208404
0.544821, 0.937479, -0.699178, -0.082169
0.544840, 0.357297, 0.590349, 0.284899
0.545268, 0.276492, 0.700590, 0.268072
0.545619, 0.924150, -0.696420, -0.099611
0.545717, 0.392096, 0.511041, 0.259569
0.545770, 0.288517, 0.688524, 0.274226
0.545774, 0.589824, -0.502127, -0.429515
0.545780, 0.092029, 0.802508, 0.103344
0.545824, 0.898290, -0.692107, -0.133111
0.545868, 0.885474, -0.689511, -0.149500
0.545937, 0.911096, -0.694083, -0.116600
0.545968, 0.866145, -0.684970, -0.174043
0.545974, 0.057742, 0.809054, 0.065342
0.546004, 0.466752, -0.183533, -0.315437
0.546309, 0.126530, 0.793469, 0.140117
0.546392, 0.210387, 0.754120, 0.220441
0.546431, 0.532804, -0.398874, -0.421437
0.546547, 0.675768, -0.593642, -0.381836
0.546590, 0.806799, -0.666609, -0.246734
0.546677, 0.644800, -0.566198, -0.405150
0.546746, 0.741286, -0.636989, -0.320222
0.546986, 0.965224, -0.698148, -0.045936
0.547380, 0.344465, 0.612844, 0.283071
0.547425, 0.308248, 0.666092, 0.279424
0.547526, 0.232528, 0.739983, 0.237528
0.547631, 0.773275, -0.651726, -0.285826
0.548013, 0.520917, -0.370200, -0.415131
0.548585, 0.709194, -0.615786, -0.353461
0.548670, 0.554838, -0.445968, -0.435787
0.548740, 0.977741, -0.697247, -0.029488
0.549060, 0.044618, 0.813884, 0.050282
0.549070, 0.412693, 0.440957, 0.217123
0.549083, 0.818010, -0.667594, -0.234244
0.549240, 0.602372, -0.517905, -0.430409
0.549299, 0.852390, -0.677615, -0.192137
0.549391, 0.380035, 0.539067, 0.262460
0.549537, 1.000000, -0.696613, 0.000000
0.549549, 0.452661, -0.048001, -0.199542
0.549958, 0.010384, 0.817615, 0.011723
0.550145, 0.614070, -0.531666, -0.426466
0.550172, 0.080187, 0.809825, 0.089470
0.550200, 0.332565, 0.632364, 0.279434
0.550403, 0.256737, 0.722321, 0.252343
0.550424, 0.663765, -0.580487, -0.394587
0.550491, 0.113337, 0.801932, 0.124993
0.550646, 0.433546, 0.351506, 0.159346
0.550686, 0.172378, 0.779154, 0.184016
0.550747, 0.160166, 0.784892, 0.172329
0.551162, 0.510191, -0.346229, -0.414101
0.551176, 0.199047, 0.765012, 0.208129
0.551305, 0.753691, -0.638417, -0.309308
0.551350, 0.785860, -0.652847, -0.273088
0.551852, 0.838110, -0.670522, -0.210566
0.552006, 0.185318, 0.773842, 0.195273
0.552050, 0.244356, 0.734122, 0.242787
0.552297, 0.147918, 0.791529, 0.159705
0.552595, 0.367455, 0.566464, 0.264811
0.552927, 0.876346, -0.678927, -0.162646
0.552938, 0.627661, -0.545043, -0.422177
0.553167, 0.221832, 0.751978, 0.225399
0.553331, 0.021707, 0.820828, 0.024284
0.553490, 0.542768, -0.423567, -0.441293
0.553553, 0.296487, 0.682878, 0.268778
0.553641, 0.401360, 0.471907, 0.222572
0.553825, 0.497487, -0.311551, -0.404945
0.553992, 0.698805, -0.603832, -0.366907
0.554140, 0.135704, 0.798135, 0.146851
0.554405, 0.320523, 0.650980, 0.272680
0.554567, 0.485508, -0.271175, -0.385699
0.554576, 0.068189, 0.817104, 0.075538
0.554646, 0.720873, -0.616966, -0.345670
0.554808, 0.567356, -0.467429, -0.446730
0.554819, 0.580851, -0.487462, -0.444535
0.555012, 0.684805, -0.593186, -0.380493
0.555050, 0.798795, -0.653847, -0.259411
0.555193, 0.652398, -0.567052, -0.407518
0.555350, 0.101648, 0.810423, 0.111290
0.555433, 0.267865, 0.715091, 0.254233
0.555590, 0.943224, -0.685780, -0.075679
0.555936, 0.955485, -0.686431, -0.059422
0.555943, 0.000000, 0.824560, 0.000000
0.555965, 0.032981, 0.822928, 0.036623
0.556028, 0.990030, -0.687460, -0.013353
0.556251, 0.890637, -0.677234, -0.144845
0.556278, 0.826213, -0.661440, -0.226528
0.556363, 0.282368, 0.700015, 0.259601
0.556422, 0.930405, -0.683275, -0.092718
0.556426, 0.354878, 0.591256, 0.263619
0.556605, 0.473561, -0.230957, -0.368500
0.556681, 0.862046, -0.670659, -0.181753
0.556704, 0.763718, -0.637214, -0.300635
0.556755, 0.461972, -0.172191, -0.327713
0.556759, 0.443194, 0.113836, -0.063156
0.556783, 0.904117, -0.679120, -0.127378
0.556858, 0.917385, -0.680914, -0.109951
0.557327, 0.732290, -0.620592, -0.335285
0.557352, 0.422644, 0.378202, 0.157780
0.557526, 0.056368, 0.821891, 0.062205
0.557667, 0.593384, -0.503245, -0.444369
0.557933, 0.389587, 0.503575, 0.228571
0.557964, 0.744753, -0.626762, -0.322348
0.557966, 0.122639, 0.806682, 0.132331
0.558040, 0.639258, -0.553059, -0.419541
0.558395, 0.530100, -0.399393, -0.446190
0.558575, 0.212111, 0.763010, 0.214152
0.558583, 0.968075, -0.683203, -0.042783
0.558692, 0.089893, 0.816734, 0.098094
0.559107, 0.672872, -0.580561, -0.393952
0.559114, 0.309509, 0.667480, 0.264795
0.559117, 0.343027, 0.613579, 0.263110
0.559731, 0.811994, -0.652736, -0.245078
0.559776, 0.776312, -0.639266, -0.287571
0.559828, 0.847699, -0.663218, -0.200746
0.559895, 0.232338, 0.749151, 0.228180
0.559979, 0.555118, -0.447128, -0.455159
0.560080, 0.044645, 0.825974, 0.049081
0.560469, 0.617833, -0.530190, -0.435806
0.560831, 0.517883, -0.374668, -0.445681
0.561007, 0.254356, 0.731033, 0.241376
0.561037, 0.980246, -0.680745, -0.026560
0.561113, 0.710967, -0.604596, -0.359511
0.561208, 0.377380, 0.535092, 0.235521
0.561801, 0.411232, 0.413223, 0.166976
0.561992, 0.606040, -0.516356, -0.443785
0.562145, 0.167110, 0.792354, 0.173612
0.562413, 0.191308, 0.779425, 0.194842
0.562493, 0.179063, 0.786484, 0.184112
0.562572, 0.331299, 0.633945, 0.259712
0.562754, 0.202377, 0.772693, 0.203823
0.562802, 0.077456, 0.824025, 0.083977
0.562919, 0.155189, 0.798671, 0.162224
0.563127, 0.505227, -0.345172, -0.440932
0.563311, 0.012011, 0.832165, 0.013160
0.563374, 0.789081, -0.640054, -0.273990
0.563415, 0.453172, -0.166112, -0.347736
0.563485, 0.692686, -0.590639, -0.378999
0.563512, 0.661393, -0.567855, -0.407189
0.563658, 1.000000, -0.677615, 0.000000
0.563851, 0.111771, 0.816210, 0.119399
0.563935, 0.242135, 0.743858, 0.231469
0.563957, 0.432663, 0.226139, 0.020154
0.564028, 0.871196, -0.663416, -0.171611
0.564246, 0.365235, 0.563683, 0.240156
0.564420, 0.835652, -0.654129, -0.217145
0.564513, 0.543322, -0.427318, -0.462311
0.564598, 0.143342, 0.805410, 0.150284
0.564606, 0.299456, 0.682354, 0.255781
0.564759, 0.573890, -0.475303, -0.460255
0.564935, 0.273647, 0.713715, 0.247319
0.565190, 0.883342, -0.664593, -0.156024
0.565241, 0.492216, -0.311574, -0.432399
0.565514, 0.131655, 0.810832, 0.138694
0.565675, 0.628789, -0.537826, -0.433998
0.565966, 0.753431, -0.622085, -0.316587
0.566032, 0.024361, 0.834551, 0.026488
0.566072, 0.399644, 0.453780, 0.182057
0.566146, 0.479757, -0.274371, -0.417206
0.566379, 0.288227, 0.697179, 0.250768
0.566708, 0.222890, 0.761389, 0.216365
0.566848, 0.801192, -0.640557, -0.260713
0.566921, 0.320005, 0.652479, 0.254044
0.567029, 0.649028, -0.554866, -0.420035
0.567086, 0.896896, -0.664481, -0.138532
0.567131, 0.723805, -0.605816, -0.349675
0.567210, 0.856997, -0.656147, -0.190689
0.567362, 0.064944, 0.830958, 0.069896
0.567445, 0.584716, -0.488735, -0.460273
0.567480, 0.948031, -0.670341, -0.070288
0.567664, 0.739354, -0.613222, -0.333049
0.567684, 0.935831, -0.669069, -0.086696
0.567691, 0.910275, -0.665824, -0.120882
0.567816, 0.822881, -0.646481, -0.234185
0.567916, 0.100486, 0.823767, 0.106701
0.567918, 0.681630, -0.578947, -0.392411
0.568023, 0.923324, -0.667065, -0.103490
0.568290, 0.466103, -0.230465, -0.399239
0.568349, 0.563414, -0.459200, -0.467350
0.568378, 0.766778, -0.625283, -0.302260
0.568419, 0.037085, 0.836017, 0.039994
0.568476, 0.261620, 0.728083, 0.238227
0.568483, 0.960402, -0.669891, -0.053666
0.568645, 0.353151, 0.588663, 0.239086
0.568739, 0.702536, -0.591696, -0.372630
0.568923, 0.000000, 0.838014, 0.000000
0.569256, 0.051671, 0.835141, 0.055504
0.569548, 0.596139, -0.501480, -0.457671
0.569693, 0.533710, -0.411239, -0.470576
0.569768, 0.387462, 0.492363, 0.195351
0.569878, 0.421308, 0.397657, 0.160863
0.570026, 0.442840, -0.176561, -0.384525
0.570383, 0.973559, -0.667870, -0.035942
0.570649, 0.988251, -0.668043, -0.015972
0.570795, 0.088396, 0.829579, 0.093667
0.571003, 0.341720, 0.612185, 0.241157
0.571283, 0.522900, -0.390812, -0.470684
0.571508, 0.121850, 0.820566, 0.126971
0.571651, 0.779989, -0.626825, -0.288000
0.571664, 0.211792, 0.773230, 0.204897
0.571691, 0.616834, -0.522085, -0.447786
0.571950, 0.638121, -0.541711, -0.432863
0.572195, 0.670507, -0.567085, -0.405686
0.572337, 0.309513, 0.668960, 0.245866
0.572474, 0.845277, -0.646522, -0.207031
0.572871, 0.248165, 0.743740, 0.226970
0.572881, 0.551798, -0.441238, -0.476025
0.572992, 0.812162, -0.636596, -0.249174
0.573102, 0.375449, 0.526234, 0.204976
0.573254, 0.511415, -0.367418, -0.469512
0.573493, 0.174517, 0.798476, 0.174280
0.573678, 0.187296, 0.791203, 0.184776
0.573774, 0.161863, 0.805363, 0.163235
0.574022, 0.233903, 0.757317, 0.217708
0.574075, 0.199414, 0.783689, 0.194155
0.574143, 0.279125, 0.710805, 0.238784
0.574150, 0.713295, -0.592446, -0.364609
0.574340, 0.409859, 0.412364, 0.144700
0.574629, 0.865948, -0.648575, -0.180695
0.574832, 0.454873, -0.203865, -0.401217
0.574862, 0.077475, 0.836367, 0.081522
0.574930, 0.499122, -0.340233, -0.465414
0.574978, 0.148997, 0.812651, 0.151149
0.575317, 0.329743, 0.634309, 0.238047
0.575427, 0.732368, -0.601062, -0.344612
0.575706, 0.606767, -0.509581, -0.458410
0.575903, 0.692133, -0.578132, -0.387490
0.575910, 0.658798, -0.555135, -0.418881
0.575925, 0.363419, 0.557541, 0.212946
0.576213, 0.008589, 0.845887, 0.009134
0.576258, 0.135581, 0.819649, 0.138317
0.576266, 0.791449, -0.625398, -0.275817
0.576338, 0.877339, -0.648609, -0.166024
0.576350, 0.297379, 0.687257, 0.239589
0.576419, 0.832753, -0.638398, -0.224122
0.576682, 0.475008, -0.277100, -0.444749
0.576877, 0.431478, -0.177186, -0.408802
0.576919, 1.000000, -0.660162, 0.000000
0.576990, 0.573959, -0.471235, -0.476247
0.576998, 0.889675, -0.650337, -0.149781
0.576999, 0.018566, 0.846557, 0.019632
0.577012, 0.486815, -0.311488, -0.460255
0.577096, 0.758251, -0.611612, -0.315988
0.577201, 0.110459, 0.829754, 0.113973
0.578026, 0.397694, 0.428093, 0.135075
0.578028, 0.267766, 0.725694, 0.230781
0.578144, 0.902998, -0.651000, -0.132136
0.578232, 0.030621, 0.847037, 0.032247
0.578272, 0.745721, -0.604494, -0.330938
0.578584, 0.626289, -0.526079, -0.447546
0.578700, 0.541623, -0.425436, -0.486523
0.578996, 0.916089, -0.651603, -0.114597
0.579022, 0.067469, 0.842649, 0.070396
0.579030, 0.043418, 0.846449, 0.045538
0.579282, 0.056287, 0.844908, 0.058898
0.579298, 0.585598, -0.484380, -0.474011
0.579395, 0.221686, 0.770931, 0.205720
0.579425, 0.952774, -0.654625, -0.064755
0.579489, 0.801841, -0.625065, -0.264127
0.579516, 0.940673, -0.653662, -0.081264
0.579723, 0.772234, -0.614044, -0.300419
0.579771, 0.928755, -0.652088, -0.097501
0.579812, 0.097112, 0.836393, 0.100053
0.580131, 0.647597, -0.542883, -0.431913
0.580184, 0.319633, 0.651567, 0.232101
0.580205, 0.855368, -0.639046, -0.195793
0.580302, 0.965546, -0.654219, -0.047321
0.580411, 0.680882, -0.566393, -0.401435
0.580478, 0.561222, -0.453377, -0.485133
0.580598, 0.978638, -0.654425, -0.029363
0.580962, 0.255677, 0.740235, 0.222723
0.581246, 0.287124, 0.702332, 0.231693
0.581259, 0.821466, -0.629061, -0.239898
0.581342, 0.351374, 0.583739, 0.211795
0.581533, 0.722340, -0.589280, -0.358777
0.581614, 0.596787, -0.495532, -0.470556
0.581732, 0.385971, 0.472142, 0.154344
0.581781, 0.442565, -0.166275, -0.393510
0.581987, 0.465529, -0.256092, -0.447771
0.582169, 0.529950, -0.405909, -0.492047
0.582314, 0.702996, -0.578079, -0.380153
0.582423, 0.339162, 0.611509, 0.218905
0.582508, 0.420062, 0.048279, -0.204235
0.582806, 0.122728, 0.830885, 0.123788
0.583561, 0.208832, 0.783864, 0.194204
0.583673, 0.000000, 0.854122, 0.000000
0.583768, 0.242332, 0.755039, 0.213617
0.583788, 0.518328, -0.385491, -0.493413
0.584199, 0.990222, -0.649811, -0.013495
0.584235, 0.182671, 0.802395, 0.174736
0.584390, 0.307204, 0.672322, 0.227405
0.584412, 0.086265, 0.843734, 0.088180
0.584501, 0.169813, 0.810249, 0.164331
0.584523, 0.842846, -0.630545, -0.213158
0.584525, 0.669105, -0.554554, -0.415567
0.584775, 0.636039, -0.529553, -0.445177
0.584906, 0.505612, -0.361049, -0.491793
0.584922, 0.374248, 0.511514, 0.170069
0.585026, 0.196060, 0.794204, 0.184226
0.585139, 0.784331, -0.612072, -0.287728
0.585159, 0.157166, 0.817615, 0.153501
0.585179, 0.614819, -0.510990, -0.462172
0.586280, 0.407224, 0.354094, 0.072999
0.586316, 0.454122, -0.223926, -0.440845
0.586376, 0.144670, 0.824770, 0.142159
0.586432, 0.867668, -0.633553, -0.180853
0.586597, 0.550624, -0.437487, -0.496738
0.586753, 0.492690, -0.334555, -0.489499
0.586800, 0.734045, -0.589227, -0.348249
0.586906, 0.810351, -0.618503, -0.255727
0.587038, 0.275848, 0.718548, 0.222237
0.587185, 0.362796, 0.544453, 0.181576
0.587351, 0.230475, 0.768142, 0.204216
0.587530, 0.881413, -0.634763, -0.162671
0.587708, 0.132965, 0.831239, 0.131279
0.587806, 0.764400, -0.601343, -0.313045
0.587961, 0.478691, -0.301871, -0.481734
0.588045, 0.692010, -0.565632, -0.394911
0.588086, 0.104444, 0.842163, 0.104724
0.588094, 0.895165, -0.636525, -0.144214
0.588131, 0.712842, -0.577187, -0.372707
0.588478, 0.569523, -0.461105, -0.492334
0.588567, 0.023878, 0.858068, 0.024473
0.588567, 0.075412, 0.850670, 0.076423
0.588639, 0.657724, -0.542856, -0.429211
0.589269, 0.753438, -0.595021, -0.326729
0.589354, 0.831539, -0.621456, -0.229110
0.589456, 0.908600, -0.636717, -0.126150
0.589459, 0.295706, 0.690549, 0.220557
0.589503, 0.430888, -0.123047, -0.382335
0.589590, 0.329757, 0.628451, 0.210252
0.589717, 0.036620, 0.858259, 0.037344
0.589763, 0.011073, 0.860110, 0.011345
0.589952, 0.049724, 0.856696, 0.050588
0.590102, 0.580145, -0.472624, -0.489036
0.590261, 0.604788, -0.497976, -0.474068
0.590302, 0.263553, 0.734900, 0.215371
0.590452, 0.796899, -0.609687, -0.273851
0.590459, 0.062640, 0.855143, 0.063415
0.590489, 0.395409, 0.452520, 0.138431
0.590776, 0.921536, -0.636381, -0.108589
0.590850, 0.957833, -0.639434, -0.058544
0.591107, 1.000000, -0.640244, 0.000000
0.591264, 0.114857, 0.841462, 0.113393
0.591319, 0.853668, -0.624224, -0.200504
0.591340, 0.945391, -0.637888, -0.075770
0.591364, 0.538606, -0.418939, -0.505924
0.591522, 0.742794, -0.587622, -0.340235
0.591543, 0.317309, 0.652664, 0.212457
0.591565, 0.623754, -0.513935, -0.460910
0.591827, 0.217820, 0.781896, 0.193251
0.592052, 0.591684, -0.483852, -0.484463
0.592073, 0.970121, -0.638423, -0.041551
0.592145, 0.933986, -0.635986, -0.091595
0.592323, 0.679673, -0.553665, -0.410143
0.592520, 0.343809, 0.592185, 0.191145
0.592689, 0.646621, -0.530928, -0.442192
0.592852, 0.980928, -0.637457, -0.026549
0.592902, 0.251188, 0.749934, 0.208306
0.592947, 0.774729, -0.598981, -0.302353
0.593424, 0.443194, -0.201033, -0.447329
0.593538, 0.466229, -0.275087, -0.484161
0.593864, 0.383004, 0.458624, 0.117619
0.593866, 0.416731, -0.147286, -0.431790
0.594196, 0.093924, 0.851298, 0.092900
0.594355, 0.526723, -0.400741, -0.512121
0.594401, 0.559764, -0.446805, -0.503845
0.594416, 0.820241, -0.611914, -0.245181
0.594512, 0.190142, 0.805042, 0.173619
0.594606, 0.725277, -0.576063, -0.361951
0.594709, 0.355501, 0.558148, 0.172338
0.594769, 0.284896, 0.707087, 0.212819
0.594794, 0.513464, -0.378778, -0.512718
0.595195, 0.177011, 0.814301, 0.163650
0.595447, 0.204661, 0.794923, 0.182632
0.595653, 0.164245, 0.822345, 0.153694
0.596308, 0.500796, -0.356247, -0.513376
0.596450, 0.702230, -0.562559, -0.388770
0.596504, 0.634604, -0.518564, -0.455809
0.596643, 0.239366, 0.764073, 0.199610
0.596704, 0.151479, 0.830131, 0.142944
0.596873, 0.304743, 0.674593, 0.207229
0.597081, 0.370118, 0.495625, 0.129245
0.597086, 0.667588, -0.541384, -0.425402
0.597103, 0.125981, 0.842703, 0.121107
0.597110, 0.000000, 0.867635, 0.000000
0.597188, 0.487169, -0.328670, -0.509628
0.597226, 0.842206, -0.613754, -0.217015
0.597496, 0.455187, -0.248850, -0.482244
0.597648, 0.786853, -0.597543, -0.288896
0.597648, 0.862970, -0.617611, -0.189363
0.597798, 0.874380, -0.619865, -0.174012
0.598092, 0.888017, -0.621735, -0.155500
0.598386, 0.083331, 0.858175, 0.081753
0.598553, 0.138739, 0.838138, 0.131507
0.598795, 0.807918, -0.602790, -0.262407
0.598828, 0.989730, -0.629592, -0.014376
0.599008, 0.405475, -0.004236, -0.305410
0.599052, 0.272330, 0.725527, 0.206140
0.599214, 0.547597, -0.429341, -0.514413
0.599465, 0.901257, -0.622088, -0.137575
0.599548, 0.019332, 0.869417, 0.019187
0.599600, 0.714281, -0.565162, -0.376955
0.599641, 0.690068, -0.552141, -0.403569
0.599693, 0.762433, -0.586205, -0.320067
0.599711, 0.612263, -0.497692, -0.477033
0.600021, 0.227550, 0.777457, 0.191188
0.600108, 0.070526, 0.862954, 0.069151
0.600183, 0.474823, -0.302964, -0.508847
0.600230, 0.425037, -0.154885, -0.439240
0.600516, 0.043718, 0.868010, 0.043149
0.600586, 0.104226, 0.854001, 0.100427
0.600696, 0.030749, 0.869731, 0.030360
0.600783, 0.056941, 0.866216, 0.055980
0.600862, 0.571676, -0.457482, -0.505535
0.601229, 0.914299, -0.621501, -0.119814
0.601447, 0.336304, 0.603758, 0.177878
0.601473, 0.598697, -0.484200, -0.488774
0.601624, 0.735877, -0.572882, -0.352814
0.601676, 0.656923, -0.529676, -0.438781
0.601765, 0.749373, -0.578311, -0.336743
0.601801, 0.324906, 0.630911, 0.186827
0.602034, 0.951429, -0.623309, -0.068129
0.602055, 0.584533, -0.470068, -0.498952
0.602069, 0.830825, -0.604792, -0.233299
0.602356, 0.436707, -0.201132, -0.471349
0.602393, 0.393371, 0.306162, -0.018262
0.602428, 0.260130, 0.742278, 0.199946
0.602676, 0.963882, -0.623687, -0.050789
0.602883, 0.294454, 0.691266, 0.199265
0.602947, 0.927201, -0.620352, -0.102060
0.603089, 0.313547, 0.655167, 0.191868
0.603800, 0.623273, -0.503372, -0.471317
0.603912, 0.116592, 0.852082, 0.110321
0.604030, 0.215436, 0.790798, 0.181643
0.604182, 0.535681, -0.412226, -0.524988
0.604244, 0.676953, -0.539789, -0.420197
0.604245, 0.797322, -0.592501, -0.277657
0.604262, 0.775901, -0.585477, -0.304962
0.604416, 0.195584, 0.807529, 0.170137
0.604453, 0.852573, -0.606561, -0.204781
0.604479, 0.521093, -0.391295, -0.528490
0.604587, 0.644904, -0.518829, -0.452419
0.604594, 0.010080, 0.874889, 0.009925
0.604839, 1.000000, -0.621345, 0.000000
0.604909, 0.939999, -0.619262, -0.084392
0.604962, 0.347927, 0.564007, 0.150597
0.605017, 0.976731, -0.620545, -0.032772
0.605281, 0.381213, 0.485417, 0.126592
0.605539, 0.360201, 0.522953, 0.128672
0.605620, 0.248445, 0.757311, 0.193228
0.605711, 0.183406, 0.817461, 0.161295
0.605776, 0.558467, -0.440080, -0.518013
0.606350, 0.448365, -0.242253, -0.500516
0.606475, 0.170752, 0.826515, 0.152125
0.606501, 0.508764, -0.371891, -0.532556
0.606669, 0.818958, -0.595712, -0.250192
0.606692, 0.495297, -0.348551, -0.531579
0.606733, 0.281598, 0.712158, 0.195315
0.606972, 0.158474, 0.834315, 0.142931
0.607065, 0.462073, -0.278805, -0.516374
0.607492, 0.879663, -0.607795, -0.168511
0.607686, 0.723519, -0.560270, -0.370141
0.607742, 0.414693, -0.114217, -0.427099
0.608054, 0.145318, 0.842557, 0.132279
0.608082, 0.092415, 0.864549, 0.087400
0.608528, 0.634108, -0.507315, -0.465214
0.608852, 0.130826, 0.850575, 0.120210
0.609080, 0.205148, 0.802520, 0.172026
0.609164, 0.865023, -0.602535, -0.188799
0.609281, 0.893300, -0.607283, -0.149939
0.609313, 0.709134, -0.551531, -0.387551
0.609428, 0.483629, -0.327604, -0.533999
0.609447, 0.370397, 0.460476, 0.077046
0.609547, 0.236620, 0.772043, 0.185094
0.609737, 0.698874, -0.545853, -0.399338
0.609765, 0.078672, 0.869985, 0.074474
0.610260, 0.841405, -0.596370, -0.221079
0.610531, 0.064749, 0.873984, 0.061491
0.610645, 0.687068, -0.538570, -0.412927
0.610796, 0.786511, -0.580811, -0.293618
0.610889, 0.050722, 0.876879, 0.048349
0.610926, 0.666254, -0.526366, -0.435293
0.610959, 0.036856, 0.878846, 0.035217
0.611034, 0.304447, 0.670205, 0.181386
0.611076, 0.000000, 0.881468, 0.000000
0.611112, 0.766905, -0.573546, -0.318640
0.611151, 0.605431, -0.482664, -0.492086
0.611282, 0.906232, -0.606677, -0.132272
0.611343, 0.269373, 0.730743, 0.188995
0.611363, 0.402460, -0.125990, -0.461593
0.611384, 0.988643, -0.612397, -0.016114
0.611416, 0.428215, -0.184959, -0.483344
0.611471, 0.547108, -0.424035, -0.529994
0.611662, 0.472148, -0.305294, -0.533872
0.611723, 0.755982, -0.568812, -0.332521
0.611844, 0.105587, 0.863508, 0.097772
0.611873, 0.591844, -0.470219, -0.503217
0.611878, 0.022729, 0.881385, 0.021674
0.611939, 0.807823, -0.585600, -0.266239
0.612502, 0.567712, -0.446562, -0.520309
0.612649, 0.224965, 0.785645, 0.178032
0.612773, 0.578637, -0.457376, -0.513558
0.612889, 0.329957, 0.607874, 0.155212
0.613063, 0.527622, -0.399043, -0.539474
0.613251, 0.918998, -0.605519, -0.114638
0.613273, 0.954061, -0.607782, -0.065159
0.613314, 0.743876, -0.562278, -0.348067
0.613459, 0.652565, -0.515277, -0.450858
0.613668, 0.616617, -0.489671, -0.484815
0.613685, 0.317056, 0.640410, 0.166514
0.613842, 0.733115, -0.557055, -0.361349
0.614229, 0.290950, 0.694799, 0.180924
0.614240, 0.966076, -0.607702, -0.048219
0.614409, 0.389915, 0.016245, -0.331813
0.614429, 0.830090, -0.588329, -0.237319
0.614545, 0.341045, 0.573639, 0.135577
0.614607, 0.119009, 0.860069, 0.108110
0.615050, 0.440142, -0.228939, -0.514397
0.615084, 0.257715, 0.747518, 0.183338
0.615269, 0.931463, -0.603728, -0.097260
0.615972, 0.191697, 0.817539, 0.158934
0.616132, 0.354328, 0.513348, 0.094207
0.616233, 0.501593, -0.360331, -0.548525
0.616451, 0.852938, -0.590688, -0.206777
0.616672, 0.178506, 0.828065, 0.150535
0.616990, 0.453653, -0.267006, -0.533989
0.617044, 0.515746, -0.381388, -0.547855
0.617125, 0.677943, -0.526541, -0.426461
0.617166, 0.873180, -0.592997, -0.178990
0.617407, 0.627415, -0.494409, -0.477938
0.617567, 0.716369, -0.545283, -0.382953
0.617647, 0.010955, 0.887213, 0.010286
0.617677, 0.796825, -0.575084, -0.282316
0.617859, 0.154355, 0.844747, 0.133702
0.617938, 1.000000, -0.603275, 0.000000
0.617976, 0.776307, -0.568160, -0.309032
0.618026, 0.943794, -0.601511, -0.080073
0.618030, 0.978292, -0.602765, -0.030966
0.618031, 0.213921, 0.798958, 0.168075
0.618126, 0.641320, -0.503179, -0.465007
0.618155, 0.245989, 0.763337, 0.177783
0.618214, 0.378083, 0.338752, -0.032136
0.618253, 0.537753, -0.410302, -0.542592
0.618266, 0.140961, 0.852729, 0.123695
0.618370, 0.166328, 0.837600, 0.141502
0.618641, 0.885444, -0.593409, -0.162288
0.618911, 0.557555, -0.432056, -0.533047
0.619062, 0.420073, -0.175376, -0.498292
0.619143, 0.278840, 0.715077, 0.176006
0.619341, 0.818668, -0.578802, -0.253829
0.619360, 0.489513, -0.340804, -0.553655
0.619726, 0.364712, 0.487977, 0.080166
0.619956, 0.084568, 0.877338, 0.076964
0.620544, 0.202063, 0.811206, 0.160703
0.620662, 0.096435, 0.874098, 0.086899
0.620706, 0.071534, 0.881622, 0.065321
0.620871, 0.058295, 0.884701, 0.053510
0.620966, 0.692079, -0.529666, -0.412725
0.621095, 0.465056, -0.295486, -0.550718
0.621112, 0.409707, -0.139548, -0.481689
0.621114, 0.044870, 0.887193, 0.041328
0.621266, 0.898116, -0.591450, -0.144893
0.621313, 0.300491, 0.672668, 0.162737
0.621414, 0.659586, -0.511339, -0.448478
0.621423, 0.031778, 0.889122, 0.029303
0.621573, 0.598535, -0.468436, -0.506391
0.621740, 0.130246, 0.860874, 0.113850
0.622168, 0.477653, -0.320421, -0.557027
0.622386, 0.584236, -0.455674, -0.518488
0.622576, 0.233888, 0.779067, 0.169881
0.622645, 0.726693, -0.543730, -0.372820
0.622697, 0.704553, -0.533909, -0.399229
0.622823, 0.862785, -0.583830, -0.194449
0.623029, 0.841539, -0.579256, -0.223705
0.623092, 0.324423, 0.611001, 0.134746
0.623190, 0.763957, -0.557246, -0.326577
0.623228, 0.752048, -0.553164, -0.341726
0.623335, 0.108756, 0.871800, 0.096146
0.623422, 0.910632, -0.590470, -0.127581
0.623636, 0.397524, -0.093153, -0.457311
0.623924, 0.431367, -0.217605, -0.530773
0.624043, 0.610726, -0.475951, -0.497892
0.624207, 0.267169, 0.733556, 0.170007
0.624304, 0.569863, -0.441084, -0.530705
0.624336, 0.786264, -0.563172, -0.298109
0.624545, 0.000000, 0.893928, 0.000000
0.624565, 0.311717, 0.643450, 0.145666
0.624763, 0.989042, -0.593471, -0.015729
0.624953, 0.526459, -0.393257, -0.555114
0.624957, 0.670328, -0.513763, -0.439046
0.625008, 0.807118, -0.568279, -0.270729
0.625031, 0.347826, 0.516916, 0.074025
0.625296, 0.547469, -0.417909, -0.545823
0.625354, 0.020387, 0.893880, 0.018560
0.625436, 0.507164, -0.368056, -0.561979
0.625661, 0.222590, 0.792889, 0.163907
0.625744, 0.968221, -0.591287, -0.045627
0.625793, 0.922569, -0.588382, -0.110889
0.625998, 0.956645, -0.590304, -0.062237
0.626031, 0.444782, -0.254021, -0.549447
0.626131, 0.739072, -0.544497, -0.359037
0.626250, 0.335561, 0.569127, 0.105659
0.626443, 0.830150, -0.572166, -0.240038
0.626504, 0.288684, 0.694211, 0.159118
0.626612, 0.185462, 0.828497, 0.147142
0.626663, 0.120271, 0.869105, 0.103924
0.627087, 0.385406, -0.104569, -0.489846
0.627436, 0.648738, -0.498549, -0.463471
0.627722, 0.255661, 0.750985, 0.165778
0.627765, 0.634038, -0.488993, -0.478660
0.627805, 0.149336, 0.854696, 0.124378
0.627843, 0.934641, -0.586336, -0.093836
0.627909, 0.621943, -0.480567, -0.490393
0.628386, 0.875604, -0.578004, -0.177485
0.628831, 0.682789, -0.516122, -0.427267
0.628910, 0.495450, -0.350353, -0.568990
0.628986, 0.174057, 0.838810, 0.139047
0.629179, 0.372087, 0.148367, -0.248030
0.629689, 0.457135, -0.283420, -0.565080
0.629749, 0.715849, -0.530656, -0.388988
0.629779, 0.852102, -0.572360, -0.210561
0.629814, 0.888361, -0.578356, -0.159847
0.630089, 0.161605, 0.848245, 0.130945
0.630180, 0.243631, 0.768140, 0.162380
0.630290, 0.195796, 0.821410, 0.148894
0.630292, 0.774172, -0.551738, -0.315809
0.630532, 0.358743, 0.507791, 0.081502
0.630589, 0.946640, -0.583712, -0.076872
0.630855, 0.208893, 0.809157, 0.153908
0.631133, 0.420183, -0.194085, -0.536420
0.631146, 0.516777, -0.379485, -0.567016
0.631205, 1.000000, -0.584502, 0.000000
0.631217, 0.592034, -0.455258, -0.519742
0.631229, 0.796566, -0.557148, -0.286485
0.631384, 0.558425, -0.425354, -0.545315
0.631507, 0.077247, 0.889309, 0.067424
0.631519, 0.536763, -0.402438, -0.558171
0.631580, 0.138151, 0.863956, 0.114609
0.631624, 0.817546, -0.562085, -0.258380
0.631672, 0.052275, 0.895314, 0.046127
0.631713, 0.010308, 0.899987, 0.009210
0.631810, 0.978215, -0.583238, -0.031453
0.631845, 0.277085, 0.714531, 0.154555
0.631896, 0.089472, 0.885792, 0.077396
0.631905, 0.064585, 0.892969, 0.056632
0.632112, 0.483341, -0.331423, -0.574851
0.632122, 0.039846, 0.897523, 0.035244
0.632459, 0.577763, -0.442289, -0.532290
0.632529, 0.695478, -0.518092, -0.414467
0.632542, 0.406489, -0.153711, -0.518993
0.632573, 0.300459, 0.664339, 0.137941
0.633114, 0.470387, -0.309576, -0.575511
0.633185, 0.902050, -0.575437, -0.140887
0.633295, 0.101384, 0.882554, 0.086428
0.633397, 0.660636, -0.499163, -0.454291
0.633589, 0.322748, 0.600458, 0.106354
0.633819, 0.749529, -0.538747, -0.348714
0.633976, 0.604189, -0.462227, -0.511277
0.634191, 0.029414, 0.900759, 0.025814
0.634278, 0.434643, -0.236279, -0.561038
0.634443, 0.728288, -0.530108, -0.375706
0.634753, 0.864936, -0.567832, -0.193579
0.635150, 0.761400, -0.541116, -0.333881
0.635791, 0.393781, -0.112469, -0.501493
0.635874, 0.113612, 0.879428, 0.094672
0.635937, 0.345859, 0.513853, 0.052828
0.636046, 0.127488, 0.872695, 0.104944
0.636119, 0.219554, 0.799255, 0.151634
0.636201, 0.231795, 0.784270, 0.153407
0.636265, 0.640329, -0.484251, -0.477559
0.636313, 0.913750, -0.572728, -0.124583
0.636544, 0.840670, -0.560790, -0.227772
0.636815, 0.706496, -0.518076, -0.403345
0.636847, 0.785084, -0.546531, -0.303425
0.637105, 0.673064, -0.501791, -0.442529
0.637280, 0.265493, 0.734074, 0.149829
0.637300, 0.311507, 0.627946, 0.111783
0.637318, 0.505001, -0.362114, -0.578861
0.637396, 0.965235, -0.574587, -0.050411
0.637486, 0.828286, -0.556523, -0.245030
0.637561, 0.615889, -0.467221, -0.502919
0.637888, 0.447113, -0.266670, -0.577471
0.638107, 0.989013, -0.574498, -0.015953
0.638162, 0.926465, -0.571340, -0.106501
0.638188, 0.547326, -0.409818, -0.559144
0.638249, 0.289155, 0.685669, 0.134449
0.638268, 0.333943, 0.541109, 0.058008
0.638288, 0.380538, -0.079807, -0.491632
0.638335, 0.000000, 0.906138, 0.000000
0.638346, 0.526447, -0.387934, -0.571462
0.638389, 0.567191, -0.428517, -0.545587
0.638615, 0.806834, -0.550007, -0.274621
0.638908, 0.184843, 0.835262, 0.136598
0.638974, 0.150484, 0.861267, 0.118280
0.639534, 0.878702, -0.563163, -0.174893
0.639709, 0.739222, -0.527748, -0.364017
0.639729, 0.020387, 0.906591, 0.017528
0.639909, 0.253631, 0.752993, 0.147932
0.640059, 0.892379, -0.564401, -0.155528
0.640099, 0.171939, 0.846436, 0.129548
0.640309, 0.939425, -0.569065, -0.087942
0.640363, 0.367711, -0.039756, -0.463874
0.640475, 0.628378, -0.472537, -0.492472
0.640622, 0.585221, -0.441835, -0.532956
0.640757, 0.651367, -0.485972, -0.468492
0.640812, 0.685687, -0.503817, -0.429863
0.640869, 0.492896, -0.344921, -0.586986
0.640957, 0.198688, 0.823044, 0.140219
0.641023, 0.953578, -0.569340, -0.067516
0.641166, 0.459460, -0.291841, -0.588163
0.641740, 0.853284, -0.556152, -0.211188
0.641769, 0.413230, -0.190057, -0.559489
0.641880, 0.242320, 0.770174, 0.146311
0.642008, 0.426296, -0.224239, -0.573891
0.642161, 0.772558, -0.535744, -0.321607
0.642163, 0.718342, -0.516510, -0.391100
0.642508, 0.160609, 0.856207, 0.121785
0.642539, 0.044635, 0.905653, 0.037726
0.642787, 0.069650, 0.900648, 0.058130
0.642976, 0.355778, 0.270163, -0.169630
0.642999, 0.082354, 0.896991, 0.068141
0.643264, 0.056698, 0.904237, 0.047493
0.643597, 0.140658, 0.870498, 0.109398
0.643674, 0.278312, 0.706183, 0.131367
0.643700, 0.596506, -0.447767, -0.525418
0.643721, 0.480763, -0.327131, -0.593284
0.643842, 0.514867, -0.371875, -0.583206
0.643996, 0.210597, 0.811415, 0.140869
0.644205, 0.977051, -0.565690, -0.033498
0.644218, 0.094358, 0.893678, 0.076923
0.644235, 0.795729, -0.539665, -0.291180
0.644405, 1.000000, -0.565640, 0.000000
0.644494, 0.300355, 0.652684, 0.109112
0.644610, 0.817729, -0.544479, -0.261178
0.644834, 0.536679, -0.395255, -0.572708
0.644949, 0.401151, -0.159098, -0.551843
0.645223, 0.556731, -0.414011, -0.559434
0.645322, 0.751232, -0.524625, -0.350486
0.645362, 0.663326, -0.487329, -0.457730
0.645460, 0.470389, -0.311039, -0.596632
0.645462, 0.697110, -0.503556, -0.418447
0.645589, 0.010363, 0.912005, 0.008753
0.645605, 0.322603, 0.578761, 0.067683
0.645746, 0.106281, 0.889897, 0.085037
0.645971, 0.033608, 0.910611, 0.028068
0.645973, 0.865771, -0.552415, -0.194299
0.646470, 0.438407, -0.254128, -0.591902
0.646521, 0.903905, -0.556866, -0.139824
0.646564, 0.575255, -0.428892, -0.546120
0.646577, 0.118763, 0.884544, 0.093489
0.646945, 0.223652, 0.796246, 0.139514
0.646946, 0.607687, -0.452616, -0.517246
0.647289, 0.130311, 0.878793, 0.100781
0.647417, 0.388367, -0.120582, -0.536294
0.647548, 0.730007, -0.514305, -0.378548
0.647690, 0.640319, -0.472234, -0.484387
0.647869, 0.831358, -0.542869, -0.242986
0.647897, 0.343595, 0.528740, 0.055217
0.648073, 0.917373, -0.556547, -0.120603
0.648200, 0.762167, -0.524406, -0.337089
0.648658, 0.782591, -0.530130, -0.310144
0.648972, 0.268690, 0.722755, 0.126622
0.649006, 0.676366, -0.489743, -0.444642
0.649068, 0.502276, -0.354758, -0.594902
0.649561, 0.843531, -0.543480, -0.226406
0.649628, 0.312511, 0.597820, 0.066377
0.649717, 0.889580, -0.550267, -0.160794
0.649963, 0.965822, -0.556818, -0.050104
0.650029, 0.619280, -0.457164, -0.507809
0.650041, 0.450830, -0.279065, -0.602934
0.650050, 0.930673, -0.554752, -0.101434
0.650160, 0.708571, -0.502720, -0.406464
0.650165, 0.376029, -0.078559, -0.516719
0.650181, 0.190243, 0.834663, 0.128617
0.650378, 0.177425, 0.846714, 0.123792
0.650446, 0.877105, -0.547522, -0.178783
0.650556, 0.257962, 0.742831, 0.129129
0.650686, 0.288790, 0.675369, 0.106200
0.650762, 0.332734, 0.513651, 0.012784
0.650798, 0.234841, 0.780485, 0.133845
0.650862, 0.525175, -0.379750, -0.585740
0.650924, 0.988113, -0.556143, -0.017442
0.651397, 0.943953, -0.553660, -0.082139
0.651757, 0.419238, -0.216360, -0.592156
0.651951, 0.806952, -0.532145, -0.277824
0.651954, 0.546393, -0.399914, -0.573153
0.652006, 0.000000, 0.917681, 0.000000
0.652087, 0.022278, 0.916769, 0.018085
0.652421, 0.151232, 0.868624, 0.109723
0.652574, 0.586621, -0.432433, -0.540896
0.652656, 0.364055, -0.069782, -0.527762
0.652689, 0.489301, -0.337029, -0.603957
0.652714, 0.164914, 0.858247, 0.116315
0.652787, 0.565322, -0.415649, -0.559356
0.652789, 0.742140, -0.512023, -0.364890
0.652921, 0.652778, -0.473427, -0.473664
0.653169, 0.246786, 0.761413, 0.128165
0.653325, 0.202826, 0.822270, 0.128725
0.653451, 0.061790, 0.911040, 0.049248
0.653635, 0.075516, 0.907263, 0.059632
0.653674, 0.046865, 0.914532, 0.037565
0.653788, 0.955673, -0.550954, -0.065135
0.653915, 0.687522, -0.489112, -0.433705
0.654136, 0.629917, -0.459374, -0.499277
0.654177, 0.462969, -0.299682, -0.610901
0.654335, 0.856078, -0.538965, -0.209472
0.654622, 0.408153, -0.191696, -0.589094
0.654870, 0.719946, -0.501319, -0.394086
0.655184, 0.429714, -0.241584, -0.606487
0.655186, 0.087916, 0.904187, 0.068157
0.655444, 0.351827, -0.037693, -0.507581
0.655638, 0.793117, -0.523583, -0.297747
0.655764, 0.770943, -0.517063, -0.327708
0.655780, 0.512971, -0.364144, -0.597840
0.655804, 0.820738, -0.529868, -0.259551
0.655859, 0.301560, 0.630846, 0.073361
0.656070, 0.598217, -0.437355, -0.532539
0.656194, 0.666925, -0.476740, -0.459059
0.656233, 0.214998, 0.808147, 0.127359
0.656299, 0.138958, 0.879067, 0.100542
0.656336, 0.100519, 0.899854, 0.076481
0.656832, 0.395614, -0.160739, -0.580529
0.656877, 0.476482, -0.319072, -0.613112
0.657140, 1.000000, -0.547480, 0.000000
0.657334, 0.277941, 0.696224, 0.102178
0.657396, 0.113058, 0.894617, 0.084337
0.657410, 0.976022, -0.546614, -0.035358
0.657919, 0.535376, -0.385493, -0.586386
0.658139, 0.754707, -0.509206, -0.350188
0.658163, 0.125674, 0.888266, 0.091784
0.658196, 0.033908, 0.920216, 0.026666
0.658280, 0.909669, -0.540903, -0.132804
0.658285, 0.698997, -0.488754, -0.421621
0.658426, 0.897005, -0.539139, -0.151222
0.658529, 0.010968, 0.922488, 0.008691
0.658653, 0.868443, -0.534849, -0.192487
0.658693, 0.441381, -0.264769, -0.617049
0.659055, 0.324292, 0.569774, 0.042964
0.659288, 0.576013, -0.418539, -0.555400
0.659339, 0.833913, -0.527594, -0.241775
0.659356, 0.610051, -0.441848, -0.523008
0.659397, 0.227010, 0.791777, 0.123070
0.659490, 0.640901, -0.459701, -0.490330
0.659627, 0.555424, -0.402052, -0.573067
0.659798, 0.922855, -0.540209, -0.113713
0.659957, 0.732060, -0.499170, -0.380373
0.660006, 0.384011, -0.130981, -0.572849
0.660380, 0.500331, -0.347885, -0.609318
0.660390, 0.883030, -0.534209, -0.171655
0.660857, 0.782053, -0.513291, -0.314099
0.660903, 0.338535, 0.266071, -0.224767
0.661023, 0.183090, 0.845226, 0.116218
0.661026, 0.313283, 0.569644, 0.024655
0.661259, 0.265583, 0.720950, 0.103383
0.661686, 0.936445, -0.538403, -0.093884
0.661948, 0.291952, 0.653256, 0.073507
0.662173, 0.846616, -0.526292, -0.224367
0.662315, 0.195228, 0.832677, 0.117665
0.662331, 0.677900, -0.474642, -0.448975
0.662333, 0.453152, -0.284632, -0.624221
0.662732, 0.372635, -0.095174, -0.557696
0.662795, 0.171237, 0.857077, 0.110536
0.662967, 0.055475, 0.919675, 0.042228
0.663116, 0.523611, -0.370917, -0.599279
0.663233, 0.800412, -0.514877, -0.289512
0.663266, 0.158101, 0.868512, 0.105030
0.663350, 0.988152, -0.538156, -0.017560
0.663402, 0.253398, 0.745306, 0.107442
0.663438, 0.621421, -0.444515, -0.513706
0.663481, 0.418006, -0.221727, -0.617842
0.663666, 0.069685, 0.916339, 0.052382
0.663682, 0.710332, -0.486531, -0.409600
0.663798, 0.659518, -0.464292, -0.471340
0.663960, 0.949634, -0.535811, -0.074576
0.663985, 0.240109, 0.769546, 0.112494
0.664095, 0.487987, -0.331776, -0.618988
0.664240, 0.963832, -0.536319, -0.053610
0.664433, 0.587708, -0.422177, -0.548321
0.664537, 0.811822, -0.515920, -0.273973
0.664731, 0.361009, -0.049294, -0.531593
0.664776, 0.021787, 0.926687, 0.016562
0.665220, 0.744389, -0.496516, -0.366045
0.665266, 0.764061, -0.502453, -0.339767
0.665341, 0.000000, 0.928096, 0.000000
0.665458, 0.146065, 0.878939, 0.098023
0.665514, 0.465512, -0.302495, -0.627627
0.665545, 0.403772, -0.191945, -0.612937
0.665705, 0.545090, -0.388585, -0.586341
0.665864, 0.649433, -0.456848, -0.483904
0.666077, 0.081621, 0.914115, 0.059845
0.666163, 0.206713, 0.819313, 0.114275
0.666165, 0.565524, -0.404619, -0.569845
0.666262, 0.043314, 0.924724, 0.032558
0.666587, 0.348599, -0.008033, -0.508502
0.666706, 0.094613, 0.909299, 0.068195
0.666812, 0.430365, -0.246546, -0.628919
0.666841, 0.689247, -0.474106, -0.437155
0.667007, 0.859844, -0.521705, -0.206212
0.667102, 0.721631, -0.486347, -0.396431
0.667549, 0.511438, -0.356180, -0.611271
0.667610, 0.282328, 0.671032, 0.069332
0.667907, 0.133081, 0.889155, 0.090001
0.667983, 0.632585, -0.445862, -0.504180
0.667995, 0.599858, -0.426681, -0.538766
0.668018, 0.823738, -0.513538, -0.257924
0.668188, 0.107257, 0.904305, 0.075367
0.668239, 0.303975, 0.584440, 0.013500
0.668728, 0.874581, -0.521300, -0.185086
0.668872, 0.119907, 0.897828, 0.082370
0.669021, 0.217780, 0.804289, 0.110522
0.669580, 0.476665, -0.316150, -0.630071
0.669611, 0.902173, -0.523667, -0.144965
0.669624, 0.889269, -0.521902, -0.163807
0.669677, 0.391789, -0.166831, -0.612179
0.669765, 0.976513, -0.528677, -0.034972
0.669793, 0.774937, -0.499302, -0.326223
0.669820, 0.330030, 0.266498, -0.250126
0.669914, 1.000000, -0.528928, 0.000000
0.669999, 0.914868, -0.524465, -0.126347
0.670050, 0.789620, -0.502732, -0.306096
0.670166, 0.668713, -0.461067, -0.463464
0.670352, 0.229782, 0.785189, 0.105778
0.670557, 0.442358, -0.267623, -0.637133
0.670797, 0.533970, -0.375242, -0.599283
0.671009, 0.700717, -0.473566, -0.424551
0.671165, 0.271810, 0.697633, 0.075784
0.671199, 0.835674, -0.511356, -0.241573
0.671267, 0.928014, -0.524064, -0.107088
0.671322, 0.031574, 0.930325, 0.023136
0.671609, 0.576830, -0.407914, -0.563582
0.671720, 0.010436, 0.932511, 0.007694
0.671837, 0.317517, 0.568346, 0.021806
0.671906, 0.611647, -0.429823, -0.529002
0.671986, 0.499334, -0.341200, -0.622806
0.672078, 0.733991, -0.484038, -0.381957
0.672299, 0.754481, -0.490279, -0.354792
0.672455, 0.188766, 0.841704, 0.105635
0.672519, 0.063821, 0.924234, 0.045697
0.673079, 0.380460, -0.141082, -0.608406
0.673438, 0.555034, -0.390378, -0.584535
0.673516, 0.410877, -0.213226, -0.635582
0.673548, 0.178039, 0.853730, 0.102506
0.673734, 0.941319, -0.521169, -0.087493
0.673833, 0.165242, 0.866207, 0.098762
0.673936, 0.260368, 0.721724, 0.079531
0.673940, 0.847226, -0.509590, -0.225514
0.673997, 0.454290, -0.285498, -0.641652
0.674208, 0.643232, -0.444358, -0.495397
0.674390, 0.293075, 0.622731, 0.027888
0.674697, 0.247786, 0.749733, 0.089160
0.674812, 0.802008, -0.499154, -0.289979
0.675062, 0.341165, -0.054939, -0.580174
0.675129, 0.368674, -0.110788, -0.598182
0.675155, 0.954512, -0.519986, -0.067949
0.675283, 0.522110, -0.361529, -0.611883
0.675467, 0.052438, 0.929296, 0.037194
0.675620, 0.152945, 0.877772, 0.093133
0.675687, 0.199372, 0.829076, 0.102459
0.675800, 0.680039, -0.459178, -0.452183
0.675927, 0.988781, -0.519724, -0.016786
0.675966, 0.355758, -0.070049, -0.576685
0.675994, 0.421572, -0.234774, -0.644538
0.675999, 0.589341, -0.411991, -0.554397
0.676060, 0.487770, -0.326715, -0.633253
0.676594, 0.623176, -0.431258, -0.519212
0.676693, 0.656957, -0.447936, -0.480456
0.676965, 0.088622, 0.918280, 0.060200
0.677172, 0.813942, -0.498726, -0.273750
0.677209, 0.075331, 0.923635, 0.051821
0.677391, 0.712382, -0.469832, -0.412074
0.677396, 0.966367, -0.517353, -0.050358
0.677525, 0.140338, 0.888570, 0.086794
0.677705, 0.465541, -0.299830, -0.644077
0.678257, 0.020121, 0.936642, 0.014136
0.678328, 0.857656, -0.504678, -0.211041
0.678464, 0.236555, 0.769618, 0.088564
0.678473, 0.869021, -0.506625, -0.194613
0.678483, 0.399349, -0.192011, -0.639547
0.678565, 0.723730, -0.472088, -0.397593
0.678657, 0.101158, 0.913486, 0.066689
0.678725, 0.765774, -0.484916, -0.341342
0.678881, 0.743755, -0.478149, -0.371147
0.678887, 0.565791, -0.393443, -0.578997
0.678968, 0.544303, -0.377471, -0.598022
0.679025, 0.000000, 0.938035, 0.000000
0.679294, 0.781043, -0.487987, -0.320335
0.679307, 0.041125, 0.934377, 0.028616
0.679310, 0.432666, -0.253806, -0.651727
0.679389, 0.127156, 0.898717, 0.079683
0.679507, 0.305326, 0.569246, -0.012177
0.679513, 0.510139, -0.347629, -0.623978
0.679620, 0.881809, -0.506842, -0.176071
0.679772, 0.210642, 0.812921, 0.095425
0.679784, 0.114190, 0.907031, 0.073069
0.679797, 0.281570, 0.646335, 0.027399
0.679891, 0.690769, -0.458405, -0.440467
0.680098, 0.601525, -0.415254, -0.544463
0.680444, 0.825946, -0.496430, -0.257254
0.680817, 0.894642, -0.506484, -0.157278
0.680864, 0.222864, 0.793453, 0.091080
0.681118, 0.907123, -0.507454, -0.138864
0.681570, 0.327497, -0.000749, -0.545021
0.681585, 0.634064, -0.431316, -0.509594
0.681588, 0.919684, -0.507978, -0.120259
0.681810, 0.669767, -0.447534, -0.467399
0.682129, 0.476405, -0.311333, -0.645404
0.682682, 0.978619, -0.509580, -0.032129
0.682784, 0.444003, -0.270442, -0.656289
0.682836, 0.932557, -0.507476, -0.101209
0.683048, 0.702173, -0.458628, -0.427083
0.683073, 1.000000, -0.509510, 0.000000
0.683146, 0.578653, -0.398092, -0.569612
0.683198, 0.532497, -0.364624, -0.610997
0.683202, 0.792779, -0.485547, -0.304974
0.683346, 0.388225, -0.170975, -0.642677
0.683444, 0.315623, 0.327135, -0.228877
0.683622, 0.837876, -0.494078, -0.240671
0.683779, 0.173866, 0.860040, 0.091388
0.683932, 0.063620, 0.931859, 0.042184
0.683942, 0.269290, 0.687391, 0.045342
0.684159, 0.498408, -0.333563, -0.636013
0.684335, 0.188235, 0.843421, 0.091542
0.684442, 0.029783, 0.939624, 0.020124
0.684460, 0.613587, -0.417398, -0.534019
0.684935, 0.409896, -0.215978, -0.657481
0.685266, 0.256092, 0.719819, 0.056914
0.685267, 0.754115, -0.472626, -0.359026
0.685346, 0.646794, -0.433096, -0.496631
0.685501, 0.350767, -0.060400, -0.588638
0.685635, 0.160817, 0.873631, 0.086692
0.685641, 0.338490, -0.014854, -0.558951
0.685698, 0.732822, -0.465614, -0.387856
0.685775, 0.009717, 0.942403, 0.006554
0.685796, 0.377030, -0.146596, -0.638489
0.685855, 0.945826, -0.503714, -0.081506
0.685894, 0.294660, 0.612915, 0.005770
0.686139, 0.364186, -0.112005, -0.622809
0.686403, 0.455160, -0.284543, -0.658707
0.687066, 0.554793, -0.378329, -0.595052
0.687132, 0.804855, -0.482626, -0.288729
0.687246, 0.849296, -0.490826, -0.224718
0.687342, 0.083546, 0.926470, 0.052903
0.687465, 0.520325, -0.351242, -0.624012
0.687485, 0.148055, 0.885948, 0.081772
0.687600, 0.243746, 0.748212, 0.065222
0.687652, 0.773693, -0.474482, -0.332599
0.687665, 0.051539, 0.937516, 0.033654
0.687675, 0.421578, -0.236548, -0.664435
0.687692, 0.200529, 0.826880, 0.086871
0.687762, 0.591010, -0.401062, -0.559974
0.688106, 0.487014, -0.319911, -0.646641
0.688129, 0.957351, -0.500881, -0.064297
0.688526, 0.659131, -0.434806, -0.483264
0.689089, 0.134943, 0.897197, 0.076179
0.689372, 0.989991, -0.499817, -0.015120
0.689412, 0.682258, -0.443162, -0.454956
0.689422, 0.095058, 0.922339, 0.058106
0.689675, 0.230029, 0.775770, 0.071584
0.689703, 0.862030, -0.488975, -0.206384
0.689730, 0.720048, -0.456253, -0.406206
0.689832, 0.816928, -0.481426, -0.272085
0.690054, 0.107784, 0.915806, 0.064070
0.690133, 0.625301, -0.417156, -0.523869
0.690141, 0.969056, -0.498442, -0.046743
0.690165, 0.568190, -0.384522, -0.584506
0.690305, 0.874475, -0.490304, -0.188257
0.690382, 0.282933, 0.617113, -0.013576
0.690420, 0.465989, -0.296188, -0.659719
0.690894, 0.121388, 0.907614, 0.069851
0.691026, 0.397929, -0.195798, -0.664794
0.691135, 0.073346, 0.932800, 0.045702
0.691317, 0.433499, -0.254496, -0.669789
0.691393, 0.215478, 0.802130, 0.076495
0.691506, 0.542671, -0.365624, -0.609006
0.691543, 0.886856, -0.490148, -0.170108
0.691690, 0.709210, -0.449832, -0.420934
0.691768, 0.508273, -0.337758, -0.636635
0.691991, 0.039818, 0.942847, 0.025358
0.692019, 0.742255, -0.460030, -0.377092
0.692139, 0.603419, -0.403479, -0.549303
0.692326, 0.019118, 0.946139, 0.012177
0.692444, 0.899254, -0.490048, -0.151717
0.692450, 0.694800, -0.443984, -0.440108
0.692627, 0.305797, 0.346704, -0.236418
0.692642, 0.763445, -0.465068, -0.348198
0.692706, 0.911558, -0.490869, -0.133365
0.692809, 0.784806, -0.470086, -0.318340
0.692953, 0.671150, -0.434303, -0.470257
0.693047, 0.829019, -0.479052, -0.255206
0.693153, 0.924042, -0.491303, -0.114693
0.693185, 0.181148, 0.852242, 0.081080
0.693228, 0.000000, 0.947666, 0.000000
0.693539, 0.319349, 0.005430, -0.574212
0.693896, 0.637241, -0.418511, -0.511826
0.694201, 0.936856, -0.490934, -0.095527
0.694551, 0.331054, -0.010033, -0.579581
0.695052, 0.476157, -0.305168, -0.659967
0.695066, 0.580344, -0.387226, -0.575433
0.695121, 0.445368, -0.269762, -0.672662
0.695301, 0.168829, 0.866974, 0.078542
0.695311, 0.530158, -0.352990, -0.622599
0.695348, 0.273512, 0.639565, -0.011348
0.696028, 0.061089, 0.939886, 0.036983
0.696052, 0.410289, -0.219302, -0.677259
0.696055, 0.262280, 0.687675, 0.020251
0.696065, 0.358160, -0.112316, -0.646636
0.696078, 0.344783, -0.072943, -0.625829
0.696172, 0.980788, -0.489519, -0.029139
0.696412, 0.372204, -0.146085, -0.660926
0.696510, 0.796085, -0.467577, -0.303281
0.696524, 0.840966, -0.476105, -0.238415
0.696691, 0.386010, -0.175311, -0.670632
0.696828, 0.496478, -0.323845, -0.649361
0.696848, 0.615715, -0.404730, -0.538196
0.696998, 0.650356, -0.420676, -0.497545
0.697029, 1.000000, -0.488571, 0.000000
0.697302, 0.028629, 0.947924, 0.017609
0.697497, 0.204395, 0.818226, 0.071022
0.697702, 0.250792, 0.718413, 0.032355
0.697707, 0.156580, 0.880213, 0.074279
0.697726, 0.292831, 0.583516, -0.033917
0.697959, 0.729408, -0.448278, -0.396329
0.698396, 0.751979, -0.454126, -0.365613
0.698426, 0.191566, 0.837839, 0.073129
0.698617, 0.559781, -0.370965, -0.598124
0.698898, 0.238203, 0.750146, 0.045348
0.699143, 0.853530, -0.474327, -0.220392
0.699198, 0.144596, 0.892110, 0.070894
0.699222, 0.457110, -0.282553, -0.673631
0.699250, 0.422768, -0.238530, -0.682511
0.699463, 0.592838, -0.389765, -0.564792
0.699571, 0.085117, 0.932360, 0.048389
0.699587, 0.949592, -0.483672, -0.076591
0.699593, 0.808288, -0.465719, -0.286440
0.699709, 0.517528, -0.339597, -0.636402
0.700215, 0.048631, 0.945732, 0.028810
0.700278, 0.774691, -0.457224, -0.334370
0.700452, 0.010841, 0.951741, 0.006552
0.700509, 0.485727, -0.311595, -0.659835
0.700514, 0.224886, 0.778526, 0.054003
0.700520, 0.132742, 0.902611, 0.066815
0.700736, 0.098204, 0.926141, 0.053843
0.700871, 0.866448, -0.473480, -0.201486
0.701010, 0.662595, -0.420812, -0.484139
0.701015, 0.960967, -0.481815, -0.059362
0.701067, 0.110503, 0.918877, 0.058837
0.701396, 0.549965, -0.361780, -0.609370
0.701543, 0.702916, -0.434939, -0.432670
0.701972, 0.688104, -0.429337, -0.452224
0.702380, 0.879101, -0.473236, -0.182937
0.702492, 0.820447, -0.463968, -0.269432
0.702530, 0.399088, -0.201542, -0.686256
0.702576, 0.121636, 0.911755, 0.061859
0.702613, 0.716942, -0.438114, -0.414444
0.702757, 0.676576, -0.423986, -0.467163
0.702782, 0.971764, -0.479348, -0.042994
0.702906, 0.071768, 0.939673, 0.040433
0.702976, 0.570332, -0.373204, -0.590418
0.703254, 0.628135, -0.403363, -0.527008
0.703297, 0.435191, -0.254765, -0.686040
0.703624, 0.891282, -0.472903, -0.164888
0.703818, 0.312719, -0.010755, -0.615706
0.703933, 0.990193, -0.478106, -0.014951
0.704021, 0.282807, 0.627101, -0.016729
0.704082, 0.504918, -0.325995, -0.649731
0.704096, 0.468468, -0.292612, -0.673605
0.704107, 0.605160, -0.391159, -0.553673
0.704192, 0.903347, -0.473148, -0.146772
0.704260, 0.915486, -0.474103, -0.128472
0.704380, 0.538665, -0.351340, -0.621888
0.704417, 0.178572, 0.854777, 0.067095
0.704521, 0.740171, -0.442485, -0.383576
0.704609, 0.300871, 0.091494, -0.518906
0.704662, 0.927592, -0.474482, -0.110198
0.704683, 0.212972, 0.799664, 0.054524
0.704936, 0.762323, -0.447802, -0.352966
0.705108, 0.641789, -0.407152, -0.511426
0.705166, 0.036508, 0.951277, 0.020900
0.705260, 0.337223, -0.064825, -0.641560
0.705425, 0.324453, -0.018079, -0.612066
0.705488, 0.939518, -0.474019, -0.092159
0.705772, 0.832616, -0.461336, -0.252212
0.705975, 0.786534, -0.452104, -0.318998
0.706164, 0.364586, -0.136517, -0.676826
0.706214, 0.350882, -0.103605, -0.663248
0.706838, 0.000000, 0.955851, 0.000000
0.706952, 0.165928, 0.870674, 0.065425
0.706996, 0.582512, -0.376068, -0.580101
0.707044, 0.270357, 0.632693, -0.037434
0.707102, 0.377919, -0.165068, -0.687604
0.707240, 0.412183, -0.222840, -0.694945
0.707382, 0.447348, -0.268140, -0.687079
0.707423, 0.022261, 0.954971, 0.012448
0.707552, 0.526755, -0.340120, -0.634731
0.707669, 0.058493, 0.946966, 0.031923
0.708576, 0.617008, -0.391836, -0.542348
0.708616, 0.199481, 0.821805, 0.054847
0.708719, 0.845178, -0.459107, -0.234204
0.708741, 0.258526, 0.668476, -0.020228
0.708897, 0.799280, -0.450704, -0.301368
0.709248, 0.246665, 0.711687, 0.005938
0.709315, 0.653934, -0.407036, -0.498314
0.709520, 0.479006, -0.299804, -0.672785
0.709813, 0.389943, -0.188095, -0.697123
0.709974, 0.153316, 0.884912, 0.061499
0.710047, 0.234020, 0.748062, 0.024058
0.710281, 0.492191, -0.310934, -0.664480
0.710502, 0.729012, -0.431169, -0.400562
0.710779, 0.857897, -0.457989, -0.215640
0.710815, 0.424938, -0.240064, -0.698305
0.711049, 0.980615, -0.467214, -0.029678
0.711055, 0.750478, -0.436212, -0.371048
0.711067, 0.695162, -0.419890, -0.446153
0.711230, 0.141536, 0.897117, 0.059454
0.711243, 0.080650, 0.939741, 0.041140
0.711269, 1.000000, -0.467337, 0.000000
0.711352, 0.594676, -0.377820, -0.569245
0.711573, 0.092499, 0.933806, 0.045640
0.711721, 0.667826, -0.409348, -0.481731
0.711757, 0.187587, 0.840315, 0.055104
0.711823, 0.772927, -0.440659, -0.339655
0.711911, 0.559567, -0.357665, -0.606755
0.711914, 0.459223, -0.278973, -0.686608
0.711926, 0.514403, -0.327344, -0.648462
0.712008, 0.811825, -0.448645, -0.283776
0.712193, 0.870719, -0.457484, -0.196639
0.712394, 0.291678, 0.175347, -0.456045
0.712442, 0.957173, -0.464661, -0.065630
0.712574, 0.046157, 0.953019, 0.024379
0.712583, 0.104778, 0.926751, 0.049551
0.712584, 0.707935, -0.421964, -0.429640
0.712864, 0.129161, 0.908575, 0.055909
0.712962, 0.221443, 0.774672, 0.030500
0.713542, 0.116251, 0.919049, 0.052358
0.713684, 0.010984, 0.959200, 0.005858
0.714076, 0.635524, -0.393551, -0.522757
0.714154, 0.547524, -0.348087, -0.620097
0.714193, 0.681140, -0.411004, -0.465558
0.714312, 0.968748, -0.461881, -0.047933
0.714348, 0.572226, -0.362466, -0.595063
0.714394, 0.946326, -0.461058, -0.082275
0.714686, 0.402479, -0.208805, -0.706516
0.714706, 0.883748, -0.455655, -0.177458
0.714806, 0.067765, 0.946930, 0.033937
0.714943, 0.305990, 0.025542, -0.606856
0.715085, 0.824197, -0.446426, -0.266230
0.715148, 0.719433, -0.421874, -0.414789
0.715369, 0.437559, -0.254208, -0.700190
0.715728, 0.908189, -0.456468, -0.140535
0.715742, 0.502632, -0.315336, -0.661046
0.715791, 0.342799, -0.094558, -0.679586
0.715811, 0.895822, -0.455306, -0.159338
0.715818, 0.920655, -0.457300, -0.121574
0.715878, 0.329979, -0.058980, -0.661476
0.716075, 0.279162, 0.490197, -0.163934
0.716091, 0.356753, -0.127857, -0.693952
0.716282, 0.032865, 0.957885, 0.016870
0.716307, 0.933217, -0.457505, -0.102452
0.716397, 0.174987, 0.857476, 0.051795
0.716464, 0.605343, -0.377279, -0.559684
0.716484, 0.317378, -0.011819, -0.631946
0.716507, 0.208546, 0.800035, 0.035215
0.716777, 0.535418, -0.337820, -0.633333
0.717202, 0.369646, -0.154530, -0.704047
0.717269, 0.761748, -0.430281, -0.356739
0.717375, 0.782275, -0.434773, -0.327492
0.717720, 0.626307, -0.385239, -0.535532
0.717731, 0.738728, -0.423982, -0.389252
0.717769, 0.470320, -0.286481, -0.686003
0.718054, 0.836770, -0.444137, -0.248128
0.718455, 0.989519, -0.456423, -0.016127
0.718611, 0.162509, 0.874035, 0.051942
0.718644, 0.645736, -0.392105, -0.512104
0.718782, 0.585564, -0.364816, -0.582976
0.718906, 0.415092, -0.225880, -0.711129
0.719076, 0.266772, 0.646204, -0.039690
0.719165, 0.792946, -0.434483, -0.312489
0.719429, 0.522800, -0.326888, -0.646665
0.719516, 0.381798, -0.176888, -0.712355
0.719760, 0.449701, -0.265456, -0.699640
0.720184, 0.056072, 0.953723, 0.026747
0.720326, 0.658543, -0.394934, -0.496750
0.720331, 0.000000, 0.962975, 0.000000
0.720337, 0.243135, 0.696875, -0.026890
0.720417, 0.615625, -0.377319, -0.549368
0.720777, 0.849506, -0.442122, -0.229616
0.720928, 0.482892, -0.295358, -0.680301
0.720934, 0.021486, 0.962027, 0.010432
0.721150, 0.254614, 0.661044, -0.048368
0.721164, 0.196056, 0.820803, 0.034919
0.721273, 0.690930, -0.404840, -0.454911
0.721440, 0.230203, 0.742603, 0.000105
0.721861, 0.804427, -0.432929, -0.296387
0.722417, 0.862097, -0.441415, -0.210960
0.722451, 0.427632, -0.240352, -0.712101
0.722588, 0.137036, 0.902558, 0.048239
0.722698, 0.149659, 0.889119, 0.048175
0.722709, 0.298241, 0.023272, -0.630051
0.722777, 0.393763, -0.196053, -0.718908
0.722835, 0.076463, 0.946308, 0.034097
0.723214, 0.493982, -0.302667, -0.673812
0.723252, 0.087523, 0.940734, 0.037475
0.723256, 0.671343, -0.395772, -0.481390
0.723316, 0.750289, -0.419111, -0.374483
0.723326, 0.874883, -0.441456, -0.191735
0.723377, 0.702473, -0.405671, -0.440182
0.723489, 0.099731, 0.933326, 0.041030
0.723860, 0.123283, 0.915532, 0.045863
0.724337, 0.043615, 0.959206, 0.020215
0.724383, 0.564666, -0.347765, -0.608753
0.724502, 0.509394, -0.313207, -0.662088
0.724559, 0.977787, -0.447219, -0.034324
0.724764, 0.816326, -0.430913, -0.279493
0.724784, 0.596561, -0.363464, -0.573614
0.724802, 0.184248, 0.840197, 0.036195
0.724908, 0.460956, -0.273588, -0.698451
0.724926, 0.217484, 0.770344, 0.006994
0.725005, 0.553854, -0.341045, -0.620364
0.725155, 0.964424, -0.445758, -0.054963
0.725161, 1.000000, -0.446661, 0.000000
0.725199, 0.727652, -0.410389, -0.406329
0.725271, 0.286946, 0.035721, -0.630224
0.725367, 0.714327, -0.406509, -0.424749
0.725422, 0.772610, -0.421137, -0.343084
0.725453, 0.348549, -0.117936, -0.708846
0.725470, 0.111567, 0.925361, 0.042321
0.725471, 0.576644, -0.352925, -0.596295
0.725520, 0.952885, -0.444849, -0.072780
0.726280, 0.940358, -0.443156, -0.092135
0.726538, 0.334860, -0.087564, -0.698954
0.726984, 0.914069, -0.440118, -0.132531
0.727012, 0.926946, -0.440974, -0.112776
0.727085, 0.542645, -0.332361, -0.632860
0.727221, 0.323041, -0.058902, -0.686862
0.727236, 0.010569, 0.965878, 0.004828
0.727239, 0.406060, -0.212722, -0.724085
0.727283, 0.901454, -0.438731, -0.151900
0.727287, 0.361207, -0.143955, -0.719902
0.727355, 0.888611, -0.437537, -0.171552
0.727564, 0.828557, -0.428897, -0.261888
0.727670, 0.440295, -0.252113, -0.712610
0.727672, 0.635415, -0.376889, -0.528670
0.727722, 0.309696, -0.017290, -0.662952
0.728084, 0.066095, 0.953019, 0.027974
0.728302, 0.682232, -0.392833, -0.468866
0.728574, 0.275174, 0.215997, -0.459832
0.728789, 0.172485, 0.857127, 0.034889
0.728835, 0.530762, -0.323394, -0.645492
0.728850, 0.205058, 0.796553, 0.013209
0.729052, 0.031975, 0.963972, 0.014032
0.729274, 0.373248, -0.165552, -0.727294
0.729332, 0.762100, -0.413384, -0.359145
0.729707, 0.609442, -0.363591, -0.560843
0.729722, 0.648772, -0.379401, -0.512682
0.729791, 0.160998, 0.873686, 0.037892
0.729859, 0.784102, -0.417287, -0.327527
0.729987, 0.474076, -0.281818, -0.694295
0.730272, 0.841032, -0.426811, -0.243670
0.730376, 0.739355, -0.406398, -0.391540
0.730501, 0.518453, -0.313976, -0.658046
0.730521, 0.622616, -0.368158, -0.545327
0.730565, 0.239147, 0.685897, -0.055142
0.730901, 0.418348, -0.226851, -0.725406
0.731253, 0.262906, 0.519343, -0.177495
0.731619, 0.990206, -0.436759, -0.015222
0.731684, 0.661371, -0.381391, -0.497261
0.731877, 0.500399, -0.300497, -0.674976
0.731899, 0.795993, -0.416789, -0.310664
0.732019, 0.385302, -0.184444, -0.732869
0.732236, 0.586517, -0.350244, -0.588645
0.732380, 0.054429, 0.959187, 0.022047
0.732754, 0.129677, 0.910123, 0.038204
0.732874, 0.450616, -0.259240, -0.712188
0.733044, 0.853518, -0.424596, -0.225362
0.733121, 0.226984, 0.729515, -0.030555
0.733544, 0.694078, -0.389479, -0.454643
0.733605, 0.250487, 0.673536, -0.052613
0.733665, 0.877928, -0.426093, -0.188214
0.733799, 0.486536, -0.288716, -0.688030
0.733902, 0.431096, -0.239782, -0.723651
0.734019, 0.092618, 0.940590, 0.032702
0.734030, 0.000000, 0.969185, 0.000000
0.734035, 0.865417, -0.424568, -0.207442
0.734081, 0.141870, 0.896978, 0.036026
0.734112, 0.192350, 0.817972, 0.013023
0.734218, 0.297220, 0.017857, -0.653315
0.734503, 0.020904, 0.968077, 0.008466
0.734554, 0.078602, 0.949137, 0.028952
0.734567, 0.808002, -0.415124, -0.293514
0.735411, 0.340727, -0.109208, -0.725249
0.735447, 0.397605, -0.200949, -0.736573
0.735578, 0.750956, -0.401855, -0.376404
0.735701, 0.572609, -0.339614, -0.606059
0.735758, 0.706501, -0.390180, -0.438526
0.736002, 0.105256, 0.931930, 0.033346
0.736048, 0.600772, -0.352281, -0.573913
0.736166, 0.969532, -0.429362, -0.047392
0.736193, 0.463261, -0.268424, -0.707085
0.736262, 0.719074, -0.392962, -0.421378
0.736285, 0.673607, -0.379470, -0.482829
0.736326, 0.152902, 0.883039, 0.031635
0.736747, 0.042788, 0.964396, 0.016607
0.736865, 0.560647, -0.332249, -0.619689
0.737052, 0.352144, -0.132502, -0.735111
0.737137, 0.981253, -0.427980, -0.029176
0.737157, 0.214696, 0.758859, -0.021825
0.737266, 0.820254, -0.413272, -0.275831
0.737302, 0.118385, 0.921264, 0.033870
0.737302, 0.946888, -0.426926, -0.082640
0.737315, 0.933888, -0.425951, -0.102757
0.737473, 0.317560, -0.057300, -0.707351
0.737543, 0.285215, 0.038139, -0.652325
0.737937, 0.958329, -0.426291, -0.064868
0.737982, 0.920778, -0.424025, -0.123058
0.738060, 0.549299, -0.324915, -0.632345
0.738128, 0.180310, 0.838929, 0.015663
0.738569, 0.774299, -0.402654, -0.343479
0.738665, 0.908610, -0.422089, -0.141890
0.738780, 0.896184, -0.421253, -0.161163
0.738786, 0.730600, -0.392412, -0.405947
0.739176, 0.536879, -0.316857, -0.645717
0.739211, 0.363663, -0.152670, -0.742426
0.739225, 0.510614, -0.300980, -0.671093
0.739320, 0.640964, -0.364393, -0.526219
0.739497, 1.000000, -0.424690, 0.000000
0.739660, 0.328959, -0.087079, -0.725221
0.739778, 0.066308, 0.956665, 0.022975
0.739826, 0.628604, -0.359061, -0.541740
0.739848, 0.410564, -0.215486, -0.738696
0.739883, 0.832737, -0.411382, -0.257610
0.740294, 0.762798, -0.397736, -0.360485
0.740408, 0.524196, -0.308253, -0.658992
0.740523, 0.272877, 0.052872, -0.650923
0.740716, 0.202209, 0.790537, -0.009353
0.740870, 0.306725, -0.032071, -0.700985
0.741017, 0.010314, 0.971553, 0.003832
0.741131, 0.166871, 0.860374, 0.018777
0.741157, 0.614385, -0.351842, -0.559808
0.741278, 0.375181, -0.170241, -0.746785
0.741487, 0.238205, 0.674476, -0.079977
0.741625, 0.684539, -0.375772, -0.470005
0.741714, 0.885205, -0.414753, -0.177956
0.741785, 0.652723, -0.365318, -0.511923
0.741837, 0.439687, -0.244434, -0.727251
0.741879, 0.787017, -0.400528, -0.325739
0.742069, 0.031365, 0.969089, 0.011181
0.742158, 0.424390, -0.229434, -0.735612
0.742372, 0.591555, -0.340807, -0.587475
0.742444, 0.475659, -0.273810, -0.703155
0.742519, 0.845437, -0.409211, -0.238808
0.742558, 0.497718, -0.289530, -0.685027
0.743130, 0.260329, 0.255821, -0.457492
0.743402, 0.664757, -0.367162, -0.496695
0.743532, 0.131676, 0.907391, 0.026988
0.743676, 0.742376, -0.388248, -0.390393
0.743949, 0.086486, 0.946472, 0.025322
0.744036, 0.386785, -0.185771, -0.749795
0.744170, 0.451879, -0.253621, -0.721771
0.744335, 0.054198, 0.963106, 0.017680
0.744388, 0.799293, -0.399199, -0.308173
0.744412, 0.580171, -0.333342, -0.601738
0.744436, 0.225861, 0.709291, -0.065073
0.744474, 0.871595, -0.409671, -0.199305
0.745219, 0.697838, -0.374725, -0.452993
0.745657, 0.858404, -0.406460, -0.219669
0.745984, 0.487457, -0.279549, -0.696111
0.746216, 0.340339, -0.114288, -0.746459
0.746407, 0.098000, 0.938576, 0.024779
0.746574, 0.989545, -0.413982, -0.016370
0.746660, 0.248636, 0.515888, -0.217020
0.746726, 0.295107, -0.006327, -0.697828
0.746777, 0.143930, 0.891773, 0.020446
0.746983, 0.811544, -0.397486, -0.290428
0.747080, 0.398233, -0.199092, -0.751023
0.747225, 0.189640, 0.810819, -0.011326
0.747246, 0.464176, -0.261558, -0.715628
0.747405, 0.155692, 0.874723, 0.015112
0.747410, 0.975181, -0.412182, -0.038859
0.747621, 0.710709, -0.374974, -0.436010
0.747670, 0.567965, -0.323945, -0.617061
0.747737, 0.110769, 0.928147, 0.024353
0.747745, 0.603234, -0.339343, -0.575960
0.747788, 0.941014, -0.410499, -0.092298
0.747862, 0.000000, 0.974302, 0.000000
0.748003, 0.075966, 0.953661, 0.021209
0.748168, 0.020519, 0.973003, 0.006487
0.748230, 0.352514, -0.136230, -0.754478
0.748346, 0.927558, -0.408743, -0.113264
0.748559, 0.753910, -0.383866, -0.375002
0.748656, 0.721905, -0.376372, -0.420619
0.748988, 0.213491, 0.734620, -0.060388
0.749041, 0.042345, 0.968427, 0.012982
0.749217, 0.318127, -0.071609, -0.737433
0.749487, 0.543384, -0.309757, -0.644727
0.749552, 0.823858, -0.395672, -0.272427
0.749557, 0.283019, 0.032136, -0.678271
0.749781, 0.556157, -0.315881, -0.631215
0.749808, 0.175956, 0.838044, -0.002275
0.749991, 0.963873, -0.408060, -0.056638
0.750067, 0.903420, -0.404790, -0.151020
0.750167, 0.674586, -0.361179, -0.485711
0.750255, 0.636573, -0.348738, -0.535439
0.750256, 0.622986, -0.343876, -0.552717
0.750260, 0.915829, -0.404976, -0.131614
0.750325, 0.952857, -0.407345, -0.073928
0.750355, 0.122482, 0.916589, 0.021319
0.750575, 0.530422, -0.301739, -0.658751
0.750592, 0.517478, -0.294435, -0.671736
0.750882, 0.364808, -0.155298, -0.760332
0.750989, 0.766832, -0.383118, -0.356875
0.751049, 0.408686, -0.209325, -0.751722
0.751094, 0.506038, -0.287130, -0.683007
0.751264, 0.778877, -0.385349, -0.339544
0.751698, 0.419748, -0.220379, -0.747471
0.751797, 0.201797, 0.774290, -0.037783
0.751823, 0.734297, -0.374919, -0.403922
0.752053, 0.432660, -0.232037, -0.740821
0.752059, 0.836103, -0.393800, -0.254382
0.752238, 0.270176, 0.050082, -0.678774
0.752327, 0.892208, -0.399518, -0.168289
0.752425, 0.064529, 0.960472, 0.016767
0.752736, 0.647544, -0.349288, -0.522250
0.752740, 0.329263, -0.096881, -0.753066
0.752838, 0.306532, -0.048016, -0.733720
0.752895, 0.688573, -0.361653, -0.467814
0.753209, 0.376875, -0.171541, -0.762988
0.753219, 0.235940, 0.653467, -0.110966
0.753275, 0.660135, -0.352619, -0.505913
0.753463, 0.590982, -0.327415, -0.592938
0.753520, 0.880455, -0.397023, -0.186715
0.753625, 1.000000, -0.403420, 0.000000
0.754374, 0.791085, -0.382993, -0.322098
0.754515, 0.848219, -0.391589, -0.236207
0.754735, 0.444592, -0.240641, -0.735720
0.754742, 0.163504, 0.857219, -0.001717
0.754971, 0.010218, 0.976045, 0.002825
0.755001, 0.481473, -0.267933, -0.707572
0.755040, 0.611963, -0.333834, -0.568258
0.755203, 0.030957, 0.973054, 0.008220
0.755450, 0.135826, 0.899610, 0.012118
0.755745, 0.258376, 0.065173, -0.677204
0.755759, 0.868117, -0.392257, -0.205978
0.755890, 0.223561, 0.722216, -0.066743
0.755931, 0.087822, 0.946993, 0.017602
0.755982, 0.470886, -0.259914, -0.717027
0.756001, 0.456172, -0.248992, -0.728545
0.756218, 0.578961, -0.319075, -0.608221
0.756243, 0.495786, -0.276078, -0.695582
0.756299, 0.981479, -0.398733, -0.029153
0.756358, 0.388969, -0.185644, -0.764457
0.756772, 0.702499, -0.360038, -0.449706
0.756811, 0.052974, 0.966520, 0.012649
0.756924, 0.803242, -0.381360, -0.304489
0.757250, 0.341959, -0.121632, -0.766967
0.757338, 0.745743, -0.369533, -0.388727
0.757391, 0.102084, 0.935469, 0.016329
0.757641, 0.934558, -0.394750, -0.102860
0.758757, 0.293497, -0.023349, -0.733352
0.758976, 0.246370, 0.191576, -0.559794
0.758992, 0.184148, 0.809010, -0.031209
0.759036, 0.149757, 0.877840, 0.000755
0.759337, 0.858754, -0.385430, -0.220608
0.759392, 0.815490, -0.379659, -0.286528
0.759526, 0.567584, -0.310308, -0.622868
0.759568, 0.354699, -0.141563, -0.772816
0.759610, 0.631240, -0.334885, -0.545518
0.759921, 0.725464, -0.361215, -0.418208
0.760172, 0.400507, -0.196931, -0.764760
0.760262, 0.075488, 0.955435, 0.014035
0.760324, 0.195725, 0.777537, -0.050617
0.760536, 0.600606, -0.322694, -0.584241
0.760561, 0.547419, -0.299898, -0.646000
0.760606, 0.946403, -0.391189, -0.084507
0.760675, 0.535288, -0.293809, -0.659127
0.760692, 0.969882, -0.391722, -0.047496
0.760725, 0.757918, -0.367210, -0.371851
0.760812, 0.279959, 0.015319, -0.713538
0.760827, 0.113767, 0.924025, 0.011877
0.760856, 0.679724, -0.348237, -0.481971
0.761130, 0.714153, -0.356989, -0.434718
0.761208, 0.909785, -0.388259, -0.142017
0.761379, 0.522065, -0.286214, -0.673331
0.761425, 0.210305, 0.714224, -0.097880
0.761541, 0.991018, -0.391011, -0.014182
0.761556, 0.041508, 0.971559, 0.009027
0.761632, 0.923135, -0.388230, -0.121059
0.761678, 0.318357, -0.081632, -0.764376
0.761727, 0.000000, 0.978155, 0.000000
0.761926, 0.667405, -0.343294, -0.498956
0.761977, 0.020529, 0.976625, 0.004454
0.761997, 0.827766, -0.377602, -0.268378
0.762103, 0.771230, -0.367838, -0.352708
0.762313, 0.125580, 0.910355, 0.007554
0.762434, 0.509469, -0.278264, -0.686386
0.762574, 0.171927, 0.833654, -0.023819
0.762608, 0.413012, -0.208125, -0.761450
0.762670, 0.557670, -0.302308, -0.635514
0.762749, 0.367476, -0.158709, -0.776866
0.762762, 0.425488, -0.219261, -0.754645
0.763199, 0.898442, -0.383689, -0.159676
0.763432, 0.305364, -0.055986, -0.757640
0.763623, 0.619979, -0.325947, -0.561347
0.763926, 0.693576, -0.347726, -0.463789
0.763937, 0.958250, -0.386975, -0.066032
0.764155, 0.654192, -0.336411, -0.517307
0.764229, 0.783157, -0.367038, -0.335612
0.764397, 0.642081, -0.332199, -0.532999
0.764503, 0.840064, -0.375663, -0.250118
0.764564, 0.486689, -0.262940, -0.709269
0.764568, 0.437966, -0.228487, -0.748279
0.764638, 0.331457, -0.106253, -0.776090
0.764667, 0.463158, -0.247395, -0.729510
0.764847, 0.268421, 0.048663, -0.699184
0.764857, 0.063605, 0.962603, 0.010486
0.764970, 0.886501, -0.380202, -0.178511
0.765155, 0.379788, -0.172958, -0.777374
0.765199, 0.736989, -0.356342, -0.403044
0.765292, 0.588274, -0.312108, -0.601005
0.765364, 0.874899, -0.378298, -0.196524
0.765456, 0.233955, 0.398808, -0.372216
0.765947, 0.094763, 0.941124, 0.009654
0.766363, 0.221919, 0.683704, -0.113918
0.766519, 0.139279, 0.889734, -0.004384
0.767048, 0.795179, -0.364965, -0.318249
0.767213, 0.159884, 0.853446, -0.021077
0.767656, 0.450815, -0.236080, -0.741501
0.768115, 0.851762, -0.371535, -0.232562
0.768153, 0.256909, 0.071546, -0.693996
0.768289, 0.344679, -0.127744, -0.784857
0.768321, 0.475502, -0.252537, -0.721673
0.768438, 0.498316, -0.266209, -0.700810
0.768470, 1.000000, -0.380155, 0.000000
0.768824, 0.030605, 0.975820, 0.004961
0.768859, 0.609389, -0.315576, -0.576461
0.768875, 0.935309, -0.377532, -0.102312
0.768879, 0.576360, -0.303101, -0.616784
0.768943, 0.010859, 0.979105, 0.001871
0.769033, 0.392004, -0.184915, -0.777605
0.769039, 0.979966, -0.379265, -0.031778
0.769246, 0.083772, 0.950007, 0.008342
0.769336, 0.052113, 0.968609, 0.007408
0.769439, 0.807318, -0.363373, -0.300432
0.769695, 0.287268, -0.021509, -0.753541
0.770256, 0.704390, -0.341653, -0.450441
0.770483, 0.749060, -0.351364, -0.386878
0.770615, 0.202147, 0.715768, -0.115289
0.770676, 0.245852, 0.093619, -0.685302
0.770788, 0.357784, -0.145638, -0.788375
0.770853, 0.865176, -0.368554, -0.211999
0.770992, 0.105703, 0.929923, 0.003071
0.771162, 0.725631, -0.345239, -0.420577
0.771257, 0.914808, -0.373025, -0.134846
0.771261, 0.685162, -0.335295, -0.477185
0.771316, 0.630039, -0.319436, -0.551120
0.771329, 0.529842, -0.279806, -0.670142
0.771417, 0.542753, -0.285774, -0.656133
0.771477, 0.179614, 0.800517, -0.056925
0.771587, 0.763238, -0.352399, -0.366238
0.771633, 0.190073, 0.772747, -0.072930
0.771852, 0.819437, -0.361578, -0.282476
0.772106, 0.404493, -0.195592, -0.774897
0.772512, 0.297708, -0.048541, -0.771595
0.772638, 0.673301, -0.330353, -0.493949
0.772866, 0.947349, -0.372547, -0.083619
0.773036, 0.128853, 0.901230, -0.007714
0.773075, 0.597793, -0.306158, -0.592371
0.773123, 0.149378, 0.868032, -0.022100
0.773342, 0.565250, -0.293314, -0.631502
0.773395, 0.311266, -0.075840, -0.783186
0.773531, 0.072312, 0.957668, 0.005792
0.773571, 0.968515, -0.372172, -0.050044
0.773646, 0.518280, -0.271653, -0.683519
0.773682, 0.416668, -0.205374, -0.769497
0.773939, 0.116966, 0.917034, -0.002680
0.773959, 0.040636, 0.973421, 0.004857
0.773976, 0.323432, -0.096827, -0.789541
0.774114, 0.661470, -0.325138, -0.510473
0.774255, 0.428945, -0.215001, -0.762145
0.774283, 0.553808, -0.287446, -0.644965
0.774385, 0.276604, -0.000384, -0.751439
0.774397, 0.831910, -0.359449, -0.263806
0.774492, 0.775205, -0.350364, -0.349182
0.774535, 0.714793, -0.338099, -0.436893
0.774731, 0.371047, -0.160905, -0.790874
0.774778, 0.903417, -0.366368, -0.152873
0.774833, 0.214066, 0.699338, -0.115555
0.775180, 0.000000, 0.980491, 0.000000
0.775230, 0.507975, -0.264761, -0.695023
0.775230, 0.463961, -0.239143, -0.736144
0.775488, 0.925003, -0.367173, -0.119053
0.775554, 0.892133, -0.364706, -0.170813
0.775731, 0.989962, -0.369374, -0.015991
0.775994, 0.169133, 0.823468, -0.049449
0.776037, 0.487603, -0.252806, -0.715440
0.776280, 0.649686, -0.318799, -0.526711
0.776298, 0.022051, 0.978608, 0.002294
0.776453, 0.441420, -0.222803, -0.754967
0.776779, 0.619354, -0.308846, -0.566506
0.776841, 0.335685, -0.116140, -0.796714
0.776923, 0.878609, -0.361072, -0.191994
0.777158, 0.787241, -0.348506, -0.331748
0.777179, 0.383103, -0.172833, -0.789531
0.777319, 0.738317, -0.339137, -0.403750
0.777363, 0.639506, -0.314427, -0.540648
0.777483, 0.843871, -0.356494, -0.245999
0.777505, 0.585547, -0.296277, -0.609201
0.777628, 0.237521, 0.102183, -0.693690
0.777668, 0.225873, 0.264924, -0.531227
0.777761, 0.695023, -0.328680, -0.465114
0.777776, 0.264579, 0.029736, -0.739313
0.778097, 0.094261, 0.939483, -0.001014
0.778119, 0.060807, 0.964502, 0.003410
0.778321, 0.957958, -0.364991, -0.067072
0.779557, 0.348554, -0.133446, -0.800620
0.779658, 0.799395, -0.346808, -0.313996
0.779689, 0.856374, -0.354576, -0.226899
0.779996, 0.139059, 0.880552, -0.025264
0.780123, 0.756073, -0.338385, -0.378254
0.780158, 0.453351, -0.228136, -0.748218
0.780552, 0.476455, -0.242135, -0.728501
0.781134, 0.396162, -0.183698, -0.787566
0.781150, 0.936136, -0.358868, -0.101730
0.781220, 0.252233, 0.066210, -0.720409
0.781281, 0.158269, 0.841510, -0.047295
0.781403, 0.536453, -0.271882, -0.667762
0.781684, 0.607859, -0.298815, -0.582785
0.781730, 0.361820, -0.148912, -0.801170
0.781840, 0.082153, 0.949721, -0.000962
0.781961, 0.573442, -0.286322, -0.625320
0.782039, 0.498967, -0.253157, -0.707842
0.782100, 0.811239, -0.344923, -0.296445
0.782141, 0.011017, 0.980595, 0.000694
0.782183, 0.048477, 0.970685, 0.001865
0.782244, 0.979087, -0.359115, -0.033437
0.782287, 0.205682, 0.711797, -0.120769
0.782337, 0.287700, -0.035451, -0.784026
0.782390, 0.681871, -0.319136, -0.484787
0.782399, 0.193855, 0.746060, -0.106305
0.782609, 1.000000, -0.358655, 0.000000
0.782697, 0.727431, -0.329041, -0.420474
0.782871, 0.302176, -0.064135, -0.795773
0.783283, 0.912709, -0.354233, -0.139005
0.783545, 0.033940, 0.976104, 0.001247
0.783670, 0.181170, 0.767104, -0.100310
0.783764, 0.868437, -0.349650, -0.208607
0.783773, 0.105245, 0.926434, -0.009899
0.783938, 0.823821, -0.343933, -0.277544
0.784008, 0.524974, -0.263814, -0.681797
0.784341, 0.668778, -0.313170, -0.503392
0.784484, 0.629961, -0.302106, -0.555195
0.784540, 0.407470, -0.191397, -0.784276
0.784564, 0.547999, -0.273248, -0.656118
0.784604, 0.315801, -0.087973, -0.804776
0.784605, 0.419602, -0.201018, -0.776551
0.784667, 0.127416, 0.895993, -0.023526
0.784753, 0.704898, -0.321214, -0.453067
0.784919, 0.767480, -0.333423, -0.362348
0.785050, 0.596155, -0.290690, -0.598801
0.785735, 0.431967, -0.209279, -0.768727
0.785746, 0.887989, -0.348432, -0.178178
0.785862, 0.746866, -0.328367, -0.393016
0.785902, 0.116453, 0.911779, -0.017285
0.785972, 0.946951, -0.352141, -0.084828
0.786067, 0.716548, -0.321792, -0.436642
0.786205, 0.560686, -0.276403, -0.642115
0.786331, 0.274558, -0.010857, -0.779772
0.786461, 0.655759, -0.306817, -0.521600
0.786552, 0.070625, 0.957430, -0.002675
0.786726, 0.327576, -0.105750, -0.810349
0.786808, 0.465765, -0.230274, -0.741783
0.786900, 0.512125, -0.254741, -0.696813
0.786970, 0.778906, -0.332427, -0.345818
0.787171, 0.836433, -0.340534, -0.258509
0.787173, 0.968443, -0.351146, -0.050532
0.787261, 0.375206, -0.161338, -0.803011
0.787574, 0.147601, 0.856046, -0.048134
0.787709, 0.241943, 0.089214, -0.716438
0.787862, 0.923918, -0.348137, -0.121626
0.787991, 0.900402, -0.346159, -0.158858
0.788113, 0.488401, -0.241678, -0.721396
0.788267, 0.217013, 0.238150, -0.581150
0.788326, 0.387634, -0.172508, -0.798456
0.788403, 0.168942, 0.798770, -0.085168
0.788485, 0.000000, 0.981339, 0.000000
0.788837, 0.229672, 0.120944, -0.698291
0.788899, 0.339706, -0.121748, -0.813460
0.788920, 0.443467, -0.214603, -0.762098
0.789085, 0.022360, 0.979046, -0.000210
0.789182, 0.618344, -0.292487, -0.571810
0.789437, 0.642636, -0.299170, -0.539939
0.789481, 0.583973, -0.280944, -0.615204
0.789482, 0.691973, -0.311611, -0.472429
0.789543, 0.989479, -0.348083, -0.016893
0.789771, 0.791774, -0.330313, -0.326975
0.789939, 0.261892, 0.015017, -0.772583
0.790010, 0.848403, -0.337919, -0.240562
0.790116, 0.092065, 0.937879, -0.011794
0.790443, 0.058074, 0.964996, -0.003170
0.790652, 0.352465, -0.136566, -0.813708
0.791220, 0.736598, -0.318610, -0.409095
0.791342, 0.877791, -0.338913, -0.194759
0.791789, 0.957606, -0.343924, -0.068109
0.792167, 0.859251, -0.335573, -0.223755
0.792248, 0.294837, -0.056658, -0.809079
0.792479, 0.455102, -0.218915, -0.754640
0.792514, 0.364821, -0.149183, -0.812180
0.792668, 0.536859, -0.259414, -0.672411
0.792784, 0.803153, -0.327580, -0.310321
0.792811, 0.203617, 0.535814, -0.302390
0.792873, 0.758027, -0.320118, -0.377968
0.792920, 0.044666, 0.971705, -0.002508
0.792964, 0.477852, -0.231409, -0.734136
0.793193, 0.678399, -0.303213, -0.492231
0.793392, 0.934888, -0.339995, -0.104431
0.793507, 0.136326, 0.872548, -0.046352
0.793620, 0.308573, -0.079908, -0.817203
0.793758, 0.190769, 0.737970, -0.124780
0.793865, 0.500927, -0.242190, -0.711680
0.793873, 0.571568, -0.271257, -0.632119
0.793923, 0.815921, -0.327649, -0.291008
0.794342, 0.606494, -0.282233, -0.588784
0.794639, 0.156924, 0.824444, -0.076672
0.794803, 0.081088, 0.947215, -0.011391
0.794875, 0.522565, -0.250938, -0.689247
0.794883, 0.398253, -0.178007, -0.798459
0.795020, 0.250563, 0.036782, -0.769145
0.795022, 0.282668, -0.036086, -0.806428
0.795167, 0.010971, 0.980595, -0.000635
0.795176, 0.911992, -0.335946, -0.141084
0.795621, 0.422864, -0.195865, -0.782453
0.795653, 0.665124, -0.296559, -0.511107
0.795753, 0.725375, -0.309603, -0.425969
0.795758, 0.101362, 0.924857, -0.022048
0.795790, 0.828951, -0.326531, -0.271257
0.795803, 0.550132, -0.261054, -0.658578
0.795926, 0.411088, -0.187086, -0.791128
0.795946, 0.629998, -0.286963, -0.558517
0.796086, 0.978835, -0.337815, -0.034112
0.796439, 0.178901, 0.756411, -0.124543
0.796467, 1.000000, -0.337381, 0.000000
0.796610, 0.033085, 0.975674, -0.002813
0.796631, 0.594783, -0.275556, -0.604092
0.796784, 0.112818, 0.909288, -0.030291
0.797116, 0.712893, -0.305273, -0.444461
0.797288, 0.125046, 0.888985, -0.041833
0.797369, 0.890294, -0.330706, -0.175613
0.797465, 0.701246, -0.302376, -0.461224
0.797499, 0.320592, -0.097599, -0.824935
0.797910, 0.783081, -0.316679, -0.341332
0.798183, 0.770183, -0.314318, -0.360846
0.798217, 0.433407, -0.200983, -0.776080
0.798245, 0.652310, -0.289876, -0.529466
0.798352, 0.384237, -0.164468, -0.809276
0.798635, 0.068141, 0.956365, -0.010713
0.798663, 0.867927, -0.326381, -0.210824
0.798664, 0.945691, -0.332367, -0.087427
0.798706, 0.467244, -0.220298, -0.747303
0.798926, 0.270323, -0.014617, -0.803910
0.799268, 0.332420, -0.112322, -0.826987
0.799381, 0.237699, 0.068155, -0.756264
0.799507, 0.746664, -0.308305, -0.395934
0.799544, 0.225199, 0.100110, -0.737577
0.799574, 0.561266, -0.260690, -0.646734
0.799804, 0.842801, -0.321775, -0.250115
0.800056, 0.490098, -0.230653, -0.725706
0.800250, 0.345539, -0.127094, -0.826024
0.800297, 0.511257, -0.240113, -0.703794
0.800564, 0.923385, -0.328554, -0.123360
0.800593, 0.212972, 0.126614, -0.719160
0.800689, 0.968250, -0.330142, -0.051222
0.800737, 0.372677, -0.153461, -0.816979
0.800911, 0.167101, 0.771223, -0.125080
0.801012, 0.617424, -0.276786, -0.576705
0.801057, 0.688216, -0.294377, -0.480322
0.801152, 0.581770, -0.265744, -0.622124
0.801152, 0.144866, 0.842315, -0.075045
0.801237, 0.444653, -0.205382, -0.768759
0.801796, 0.000000, 0.980600, 0.000000
0.801860, 0.901808, -0.325032, -0.157893
0.802088, 0.055189, 0.964350, -0.009271
0.802138, 0.358512, -0.139783, -0.824140
0.802159, 0.021567, 0.978163, -0.002929
0.802370, 0.640334, -0.281145, -0.546570
0.802488, 0.531447, -0.246098, -0.682243
0.802589, 0.301563, -0.072262, -0.829273
0.803313, 0.258728, 0.006156, -0.801245
0.803330, 0.989019, -0.326688, -0.017763
0.803659, 0.794572, -0.309717, -0.324837
0.803754, 0.199693, 0.325970, -0.527502
0.803925, 0.854738, -0.317196, -0.232309
0.804043, 0.956514, -0.324636, -0.070296
0.804170, 0.091675, 0.931589, -0.026290
0.804191, 0.735358, -0.299197, -0.413150
0.804206, 0.674898, -0.286913, -0.499576
0.804223, 0.879626, -0.319214, -0.193163
0.804236, 0.807958, -0.310888, -0.304688
0.804318, 0.456328, -0.209254, -0.760324
0.804648, 0.757690, -0.302627, -0.380620
0.804788, 0.290315, -0.055445, -0.828826
0.805169, 0.479339, -0.220309, -0.739074
0.805203, 0.543062, -0.247427, -0.669930
0.805380, 0.043786, 0.969950, -0.007977
0.805459, 0.820899, -0.310665, -0.284913
0.806111, 0.405610, -0.176102, -0.802398
0.806143, 0.078387, 0.945002, -0.020504
0.806181, 0.934369, -0.320255, -0.106027
0.806196, 0.187764, 0.610496, -0.258975
0.806545, 0.419977, -0.185545, -0.792401
0.806656, 0.833896, -0.310384, -0.264918
0.806685, 0.312720, -0.088438, -0.836997
0.806717, 0.392610, -0.166240, -0.811227
0.807028, 0.605170, -0.265300, -0.593894
0.807127, 0.593005, -0.261666, -0.609709
0.807225, 0.500629, -0.228019, -0.718225
0.807277, 0.105535, 0.911542, -0.039500
0.807286, 0.661948, -0.279748, -0.518486
0.807427, 0.133074, 0.862652, -0.068874
0.807431, 0.722462, -0.292178, -0.432722
0.807434, 0.570867, -0.254413, -0.637763
0.807473, 0.155196, 0.801721, -0.110787
0.807569, 0.246464, 0.030100, -0.795275
0.807848, 0.278269, -0.036944, -0.827996
0.808106, 0.520741, -0.235478, -0.696638
0.808126, 0.119216, 0.887870, -0.054573
0.808150, 0.628298, -0.270257, -0.564274
0.808315, 0.780766, -0.300620, -0.346429
0.808331, 0.913247, -0.315604, -0.140060
0.808528, 0.010517, 0.978953, -0.002038
0.808727, 0.710045, -0.287899, -0.450874
0.809391, 0.697789, -0.284493, -0.468544
0.809432, 0.554725, -0.246580, -0.657844
0.809434, 0.176240, 0.752605, -0.138296
0.809485, 0.432854, -0.191133, -0.784055
0.809495, 0.031975, 0.973704, -0.006988
0.809952, 0.338919, -0.117809, -0.838055
0.810013, 0.891688, -0.311279, -0.174580
0.810087, 1.000000, -0.316355, 0.000000
0.810396, 0.325436, -0.103396, -0.841169
0.810472, 0.867940, -0.308412, -0.212249
0.810497, 0.468369, -0.209708, -0.752383
0.810503, 0.978237, -0.315580, -0.035376
0.810555, 0.064908, 0.954482, -0.018489
0.810591, 0.380196, -0.154609, -0.821522
0.810778, 0.650024, -0.272035, -0.535475
0.810785, 0.221532, 0.100793, -0.753008
0.810963, 0.768786, -0.295020, -0.365174
0.811082, 0.233345, 0.061867, -0.780598
0.811091, 0.366344, -0.143072, -0.829082
0.811611, 0.351967, -0.130058, -0.835665
0.811622, 0.944864, -0.312113, -0.089361
0.812340, 0.208416, 0.121870, -0.744825
0.812378, 0.266422, -0.018798, -0.828543
0.812579, 0.684535, -0.277152, -0.487891
0.812907, 0.616671, -0.260780, -0.580734
0.812939, 0.445148, -0.195235, -0.775454
0.813056, 0.745446, -0.287919, -0.400003
0.813081, 0.489922, -0.217153, -0.732189
0.813288, 0.164318, 0.750332, -0.157732
0.813425, 0.966572, -0.310129, -0.054297
0.813522, 0.582498, -0.250418, -0.625213
0.813634, 0.844061, -0.300749, -0.249899
0.814077, 0.532576, -0.233179, -0.685508
0.814101, 0.924739, -0.307509, -0.122067
0.814201, 0.300857, -0.073359, -0.845892
0.814230, 0.510389, -0.224510, -0.710681
0.814265, 0.145643, 0.812081, -0.113722
0.814808, 0.802446, -0.293957, -0.314576
0.815328, 0.054207, 0.960412, -0.017180
0.815342, 0.638281, -0.263019, -0.552679
0.815362, 0.000000, 0.978015, 0.000000
0.815486, 0.020759, 0.975474, -0.005811
0.815494, 0.903136, -0.303809, -0.156844
0.815572, 0.671587, -0.270279, -0.506942
0.815610, 0.456729, -0.198968, -0.766087
0.815762, 0.815452, -0.294055, -0.294577
0.815878, 0.732403, -0.281577, -0.419810
0.815895, 0.857189, -0.298999, -0.229853
0.815905, 0.955276, -0.305747, -0.072695
0.816000, 0.412258, -0.173620, -0.804134
0.816003, 0.196228, 0.151614, -0.724724
0.816064, 0.757091, -0.285077, -0.382850
0.816105, 0.086007, 0.930518, -0.035878
0.816262, 0.255103, -0.000333, -0.826744
0.816282, 0.829096, -0.294865, -0.273489
0.816308, 0.789824, -0.289911, -0.334006
0.816332, 0.287717, -0.055807, -0.846173
0.816386, 0.564139, -0.241107, -0.648467
0.816494, 0.098121, 0.914077, -0.046349
0.816547, 0.880871, -0.300248, -0.192436
0.816786, 0.989946, -0.305662, -0.016396
0.816985, 0.398442, -0.163983, -0.814809
0.817465, 0.042400, 0.966876, -0.013473
0.817483, 0.073607, 0.943220, -0.028789
0.817643, 0.544436, -0.233151, -0.672922
0.817814, 0.595358, -0.248616, -0.610039
0.817814, 0.314824, -0.090536, -0.850745
0.817898, 0.478628, -0.207155, -0.745871
0.818440, 0.111374, 0.890008, -0.063640
0.818596, 0.424944, -0.179178, -0.795759
0.819014, 0.184204, 0.331920, -0.551558
0.819142, 0.124193, 0.864578, -0.080991
0.819289, 0.718958, -0.274135, -0.439949
0.819510, 0.242042, 0.023384, -0.820083
0.819782, 0.659423, -0.261651, -0.524563
0.819813, 0.135179, 0.832837, -0.104933
0.820058, 0.935972, -0.298721, -0.104247
0.820187, 0.333955, -0.110466, -0.849980
0.820221, 0.606487, -0.248494, -0.596310
0.820222, 0.387323, -0.154232, -0.824592
0.820332, 0.706510, -0.270315, -0.458115
0.820387, 0.274689, -0.037703, -0.847623
0.820600, 0.777265, -0.281687, -0.353841
0.820624, 0.521559, -0.221606, -0.700697
0.820738, 0.694032, -0.267343, -0.476042
0.820831, 0.373545, -0.143904, -0.833457
0.821094, 0.359627, -0.132923, -0.840986
0.821118, 0.500065, -0.212855, -0.724903
0.821145, 0.216993, 0.091603, -0.777322
0.821149, 0.627309, -0.252409, -0.568642
0.821584, 0.574741, -0.237855, -0.636875
0.821618, 0.914983, -0.294996, -0.138252
0.821722, 0.345832, -0.120995, -0.847539
0.821846, 0.437749, -0.183509, -0.786709
0.821882, 0.171223, 0.652925, -0.247160
0.822279, 0.010454, 0.975217, -0.003666
0.822412, 0.156499, 0.776967, -0.145258
0.822487, 0.465863, -0.196797, -0.760654
0.822557, 0.030803, 0.969913, -0.011376
0.822574, 0.870706, -0.289576, -0.208935
0.822941, 0.892455, -0.291244, -0.174543
0.823365, 0.228510, 0.049021, -0.811486
0.823379, 0.647351, -0.254080, -0.542250
0.823481, 0.555001, -0.229528, -0.662170
0.824080, 0.981202, -0.293984, -0.030751
0.824182, 0.971171, -0.293472, -0.047117
0.824243, 1.000000, -0.293974, 0.000000
0.824398, 0.680948, -0.259641, -0.495551
0.824515, 0.765852, -0.273659, -0.371011
0.824918, 0.324678, -0.099749, -0.857061
0.824977, 0.305446, -0.079497, -0.859702
0.825143, 0.064017, 0.947418, -0.029948
0.825186, 0.205094, 0.122826, -0.761196
0.825386, 0.836574, -0.281815, -0.263091
0.825390, 0.451109, -0.187035, -0.776429
0.825484, 0.617253, -0.244157, -0.583227
0.825728, 0.848758, -0.282593, -0.244022
0.825740, 0.947095, -0.290088, -0.086412
0.825815, 0.533746, -0.219842, -0.688414
0.825818, 0.404428, -0.161541, -0.816229
0.825830, 0.740766, -0.268211, -0.409211
0.826007, 0.489214, -0.203210, -0.738380
0.826131, 0.586603, -0.235398, -0.623219
0.826319, 0.797622, -0.275575, -0.323417
0.826337, 0.294171, -0.066085, -0.861117
0.826377, 0.752204, -0.269090, -0.392145
0.826401, 0.264047, -0.023544, -0.852062
0.826485, 0.809888, -0.276905, -0.304608
0.826592, 0.822930, -0.278279, -0.284392
0.826595, 0.959095, -0.289036, -0.066860
0.827340, 0.728124, -0.263819, -0.427955
0.827428, 0.510721, -0.209928, -0.715615
0.827455, 0.144345, 0.789631, -0.146268
0.827509, 0.090991, 0.913875, -0.054894
0.827578, 0.860997, -0.280828, -0.224821
0.827713, 0.669634, -0.252583, -0.511944
0.827731, 0.078065, 0.930849, -0.042950
0.827735, 0.926814, -0.286263, -0.119591
0.827782, 0.251979, -0.004261, -0.846735
0.827817, 0.051689, 0.955808, -0.024472
0.828057, 0.282072, -0.050890, -0.861493
0.828072, 0.416370, -0.166738, -0.808261
0.828278, 0.104017, 0.890808, -0.071949
0.828459, 0.193330, 0.137406, -0.759232
0.828517, 0.904629, -0.283497, -0.155479
0.828968, 0.000000, 0.973318, 0.000000
0.828977, 0.635618, -0.243683, -0.559367
0.829377, 0.020827, 0.970263, -0.009346
0.829387, 0.785178, -0.269289, -0.342949
0.829428, 0.476396, -0.194373, -0.753172
0.829763, 0.040770, 0.961859, -0.019419
0.829902, 0.881615, -0.279307, -0.192429
0.829919, 0.117573, 0.861728, -0.094029
0.829929, 0.566213, -0.224906, -0.650324
0.830334, 0.598561, -0.233056, -0.608949
0.830509, 0.179862, 0.192586, -0.710499
0.830693, 0.380468, -0.142668, -0.836524
0.830711, 0.545087, -0.217641, -0.676572
0.830730, 0.428334, -0.170879, -0.799690
0.830827, 0.366524, -0.132913, -0.845113
0.830870, 0.238412, 0.019231, -0.840301
0.831154, 0.352302, -0.121963, -0.852850
0.831422, 0.393749, -0.150675, -0.827957
0.831469, 0.714099, -0.255365, -0.449167
0.831652, 0.314193, -0.088214, -0.866214
0.831734, 0.130700, 0.815608, -0.132539
0.831738, 0.989689, -0.282168, -0.016938
0.831771, 0.701723, -0.252728, -0.467017
0.831996, 0.689727, -0.250292, -0.484336
0.832104, 0.337807, -0.109780, -0.859944
0.832140, 0.216057, 0.066795, -0.814385
0.832203, 0.657252, -0.243861, -0.530427
0.832350, 0.166183, 0.509713, -0.400693
0.832726, 0.523038, -0.208165, -0.703367
0.832913, 0.463152, -0.185219, -0.768120
0.833550, 0.440299, -0.174251, -0.790391
0.833813, 0.939120, -0.277382, -0.099929
0.834019, 0.609993, -0.230971, -0.594878
0.834282, 0.774359, -0.260068, -0.359655
0.834621, 0.577863, -0.222149, -0.636992
0.834721, 0.916536, -0.274536, -0.136690
0.834820, 0.499898, -0.197689, -0.730257
0.835187, 0.272992, -0.040008, -0.869097
0.835455, 0.154248, 0.717076, -0.210155
0.835544, 0.894222, -0.271576, -0.172788
0.835635, 0.623658, -0.231908, -0.576980
0.835752, 0.965790, -0.275054, -0.056256
0.835769, 0.646487, -0.236582, -0.545850
0.835957, 0.761013, -0.255934, -0.380417
0.835994, 0.010544, 0.969183, -0.005564
0.836410, 0.870429, -0.267904, -0.210763
0.836484, 0.031390, 0.962653, -0.017454
0.836516, 0.556709, -0.213959, -0.664109
0.836599, 0.227207, 0.036417, -0.839744
0.836936, 0.830169, -0.263028, -0.274356
0.836954, 0.843070, -0.264389, -0.254153
0.837026, 0.301040, -0.073891, -0.873717
0.837027, 0.451943, -0.176281, -0.780920
0.837054, 0.325617, -0.097768, -0.868600
0.837058, 0.406264, -0.153725, -0.821772
0.837202, 0.069974, 0.931758, -0.046596
0.837437, 0.486640, -0.189946, -0.745625
0.837533, 0.817072, -0.260609, -0.294817
0.837571, 0.057608, 0.944416, -0.036047
0.837634, 0.856036, -0.264588, -0.233726
0.837647, 0.977594, -0.272612, -0.036935
0.837684, 0.287742, -0.059255, -0.874731
0.837741, 0.724879, -0.247685, -0.434120
0.837761, 0.203494, 0.093538, -0.803702
0.837985, 0.804410, -0.258327, -0.314356
0.838009, 0.792697, -0.256792, -0.332305
0.838035, 0.679156, -0.239627, -0.500423
0.838185, 0.737426, -0.248996, -0.415749
0.838218, 0.534750, -0.205403, -0.691363
0.838253, 1.000000, -0.272055, 0.000000
0.838260, 0.248270, -0.005091, -0.862780
0.838464, 0.748547, -0.250301, -0.399385
0.838537, 0.083486, 0.912889, -0.062240
0.838591, 0.952680, -0.270426, -0.077962
0.838807, 0.096134, 0.890671, -0.079965
0.838928, 0.667144, -0.236200, -0.517738
0.838989, 0.589606, -0.219483, -0.623041
0.839035, 0.188941, 0.135224, -0.774925
0.839365, 0.141982, 0.787416, -0.156165
0.839417, 0.260246, -0.024341, -0.871224
0.839589, 0.512769, -0.196739, -0.717414
0.839862, 0.108928, 0.864405, -0.100648
0.840068, 0.418770, -0.157871, -0.813025
0.840605, 0.929005, -0.266140, -0.116851
0.840845, 0.474366, -0.181671, -0.759885
0.840849, 0.359861, -0.122655, -0.856105
0.840976, 0.373386, -0.131558, -0.847886
0.841185, 0.044330, 0.952190, -0.028777
0.841275, 0.634503, -0.226515, -0.563574
0.841545, 0.346702, -0.112863, -0.863683
0.841607, 0.905956, -0.262921, -0.154345
0.841727, 0.386242, -0.138875, -0.839572
0.841800, 0.175752, 0.138290, -0.782011
0.842078, 0.121080, 0.818520, -0.140721
0.842276, 0.883990, -0.259975, -0.189723
0.842495, 0.000000, 0.966279, 0.000000
0.842800, 0.313041, -0.084873, -0.877451
0.842851, 0.692539, -0.234984, -0.482145
0.842889, 0.568862, -0.209214, -0.650620
0.843013, 0.021293, 0.962459, -0.013613
0.843019, 0.430315, -0.160867, -0.804242
0.843048, 0.704803, -0.236734, -0.464535
0.843147, 0.601407, -0.216786, -0.608590
0.843253, 0.546676, -0.202770, -0.678418
0.843731, 0.215732, 0.052681, -0.840785
0.843961, 0.237899, 0.008486, -0.865253
0.844388, 0.783061, -0.245788, -0.347876
0.844760, 0.716150, -0.236004, -0.448274
0.844813, 0.334476, -0.102108, -0.871869
0.844817, 0.163335, 0.246058, -0.679520
0.844855, 0.131315, 0.792302, -0.162256
0.844931, 0.463473, -0.173249, -0.772700
0.844990, 0.988584, -0.261617, -0.018936
0.845045, 0.397623, -0.142831, -0.832950
0.845377, 0.524456, -0.193654, -0.705652
0.845406, 0.769232, -0.242632, -0.369295
0.845421, 0.614109, -0.216533, -0.592155
0.845749, 0.441687, -0.163449, -0.794806
0.845889, 0.657294, -0.224406, -0.532645
0.846094, 0.941983, -0.258315, -0.095954
0.846458, 0.965355, -0.258170, -0.057326
0.846563, 0.279437, -0.050435, -0.884942
0.846602, 0.493448, -0.182318, -0.741510
0.846853, 0.645681, -0.220906, -0.549115
0.847375, 0.918587, -0.254660, -0.134248
0.847557, 0.268651, -0.037913, -0.884746
0.847594, 0.580591, -0.206058, -0.636846
0.847693, 0.862706, -0.249469, -0.224214
0.847843, 0.505086, -0.184779, -0.728868
0.847891, 0.196173, 0.095103, -0.817580
0.847965, 0.836418, -0.246439, -0.265804
0.848150, 0.874713, -0.249723, -0.205007
0.848240, 0.292467, -0.064196, -0.886545
0.848324, 0.849438, -0.247184, -0.245318
0.848330, 0.730492, -0.232659, -0.427370
0.848354, 0.151294, 0.478582, -0.455222
0.848372, 0.756396, -0.236397, -0.389095
0.848378, 0.823179, -0.244391, -0.286594
0.848567, 0.453271, -0.165530, -0.784560
0.848610, 0.810029, -0.242554, -0.307057
0.848751, 0.076501, 0.910624, -0.068287
0.848768, 0.559062, -0.199204, -0.664525
0.848773, 0.895117, -0.250734, -0.172462
0.848803, 0.410296, -0.146304, -0.824537
0.848901, 0.033335, 0.952951, -0.025031
0.849161, 0.302871, -0.074088, -0.885803
0.849237, 0.064167, 0.926149, -0.054393
0.849273, 0.625364, -0.213619, -0.577760
0.849341, 0.052947, 0.938096, -0.042574
0.849350, 0.796237, -0.239682, -0.328278
0.849471, 0.670674, -0.221732, -0.514630
0.849474, 0.010790, 0.960647, -0.007836
0.849486, 0.250641, -0.014641, -0.881755
0.849708, 0.322114, -0.090350, -0.880781
0.849739, 0.227523, 0.021968, -0.867043
0.850107, 0.089133, 0.886232, -0.090010
0.850114, 0.682898, -0.222918, -0.497448
0.850188, 0.101484, 0.862620, -0.109369
0.850325, 0.481736, -0.174221, -0.755626
0.850520, 0.536548, -0.190955, -0.692590
0.851289, 0.366776, -0.120753, -0.858787
0.851298, 0.743752, -0.230196, -0.408384
0.851303, 0.977242, -0.251737, -0.037930
0.851345, 0.184638, 0.127039, -0.797258
0.851605, 0.206386, 0.061799, -0.846578
0.851655, 1.000000, -0.251225, 0.000000
0.851854, 0.592330, -0.203160, -0.622553
0.851907, 0.954090, -0.249812, -0.076332
0.852216, 0.114332, 0.810533, -0.156343
0.852238, 0.354843, -0.112754, -0.866867
0.852362, 0.379437, -0.127439, -0.850653
0.852848, 0.139594, 0.674893, -0.271965
0.853041, 0.422181, -0.148158, -0.816176
0.853146, 0.931187, -0.246417, -0.114080
0.853482, 0.515519, -0.181424, -0.718509
0.853589, 0.343263, -0.104354, -0.874282
0.854014, 0.908037, -0.243383, -0.151925
0.854070, 0.172365, 0.149012, -0.785873
0.854196, 0.470342, -0.166110, -0.769121
0.854343, 0.696245, -0.218820, -0.478751
0.854460, 0.636859, -0.208611, -0.562869
0.854795, 0.777406, -0.229104, -0.357863
0.854868, 0.260789, -0.029379, -0.892274
0.855029, 0.389895, -0.130960, -0.844322
0.855082, 0.604789, -0.201507, -0.606737
0.855338, 0.548842, -0.188251, -0.678724
0.855532, 0.707884, -0.218845, -0.462109
0.855563, 0.720410, -0.220568, -0.443661
0.855698, 0.434064, -0.150771, -0.806310
0.855742, 0.043464, 0.939951, -0.038581
0.855841, 0.000000, 0.956660, 0.000000
0.855876, 0.022279, 0.952278, -0.018953
0.855959, 0.571583, -0.193056, -0.650377
0.856118, 0.239724, -0.002237, -0.886318
0.856418, 0.217692, 0.033190, -0.870419
0.856482, 0.310628, -0.078928, -0.890451
0.856492, 0.125987, 0.798704, -0.163420
0.856586, 0.884314, -0.237209, -0.190396
0.857196, 0.285181, -0.056274, -0.896346
0.857301, 0.331141, -0.094107, -0.882998
0.857621, 0.160648, 0.156252, -0.786951
0.857653, 0.402338, -0.135035, -0.835584
0.857704, 0.650067, -0.206389, -0.545026
0.857712, 0.765392, -0.223175, -0.376577
0.857954, 0.446530, -0.153530, -0.795034
0.858118, 0.498846, -0.171103, -0.739100
0.858274, 0.527072, -0.178965, -0.706263
0.858283, 0.988682, -0.240617, -0.018928
0.858326, 0.661895, -0.207541, -0.528606
0.858362, 0.616516, -0.199400, -0.591651
0.858620, 0.788311, -0.224405, -0.341543
0.858802, 0.830047, -0.228683, -0.276924
0.858805, 0.857094, -0.231289, -0.234185
0.858852, 0.459344, -0.157319, -0.782323
0.858952, 0.966094, -0.238670, -0.056580
0.859046, 0.843379, -0.229585, -0.255911
0.859049, 0.870531, -0.232062, -0.212724
0.859096, 0.943334, -0.237740, -0.094441
0.859096, 0.803487, -0.225282, -0.318131
0.859473, 0.733917, -0.216477, -0.424051
0.859722, 0.816362, -0.225788, -0.298361
0.859896, 0.069334, 0.906119, -0.074296
0.859903, 0.273542, -0.044373, -0.899656
0.859912, 0.488517, -0.165889, -0.751308
0.860047, 0.920401, -0.234638, -0.132176
0.860377, 0.195196, 0.072676, -0.851795
0.860411, 0.561517, -0.184898, -0.663989
0.860636, 0.583219, -0.189525, -0.636454
0.860832, 0.081567, 0.882610, -0.096809
0.860886, 0.897654, -0.231574, -0.169301
0.860930, 0.674527, -0.205792, -0.510992
0.861000, 0.753435, -0.216710, -0.395185
0.861184, 0.297592, -0.066998, -0.898175
0.861513, 0.148998, 0.218397, -0.730165
0.861534, 0.055853, 0.921297, -0.058245
0.861565, 0.413391, -0.136559, -0.827951
0.861591, 0.105078, 0.816379, -0.157096
0.861716, 0.686819, -0.206525, -0.493462
0.862009, 0.093748, 0.855307, -0.121716
0.862038, 0.373565, -0.117230, -0.860402
0.862487, 0.628285, -0.195896, -0.576325
0.862523, 0.011197, 0.949598, -0.010683
0.862533, 0.033068, 0.940365, -0.032682
0.862567, 0.250440, -0.018739, -0.899376
0.862726, 0.229616, 0.008620, -0.890634
0.862857, 0.508048, -0.168308, -0.729783
0.862876, 0.319811, -0.083701, -0.892187
0.862926, 0.538893, -0.176334, -0.693131
0.863046, 0.181925, 0.103095, -0.832360
0.863534, 0.362421, -0.110181, -0.869059
0.863746, 0.476815, -0.157977, -0.765363
0.864121, 0.207071, 0.045229, -0.873721
0.864139, 0.595542, -0.187397, -0.620894
0.864506, 0.136719, 0.442182, -0.510710
0.864510, 0.351543, -0.103404, -0.876669
0.864942, 0.977629, -0.230067, -0.037603
0.865125, 1.000000, -0.229956, 0.000000
0.865305, 0.955093, -0.228553, -0.075279
0.865368, 0.340256, -0.096109, -0.883845
0.865407, 0.115127, 0.790448, -0.180352
0.865658, 0.426711, -0.138338, -0.817479
0.866065, 0.932561, -0.225936, -0.112650
0.866184, 0.394576, -0.124359, -0.846130
0.866274, 0.742971, -0.207326, -0.411430
0.866302, 0.641129, -0.192764, -0.559171
0.866325, 0.724104, -0.204810, -0.439394
0.866717, 0.775823, -0.210408, -0.361619
0.866777, 0.909588, -0.223117, -0.150368
0.866831, 0.170381, 0.130982, -0.814259
0.866940, 0.712111, -0.202384, -0.457359
0.867031, 0.700051, -0.200584, -0.474953
0.867086, 0.518878, -0.166196, -0.718279
0.867190, 0.383069, -0.118262, -0.855875
0.867195, 0.440098, -0.141895, -0.805064
0.867199, 0.262868, -0.033785, -0.907018
0.867309, 0.550791, -0.173676, -0.679369
0.867680, 0.796661, -0.211125, -0.329587
0.867749, 0.607652, -0.184836, -0.605361
0.867988, 0.466413, -0.150032, -0.778133
0.868174, 0.285834, -0.055517, -0.906747
0.868184, 0.219359, 0.020545, -0.892092
0.868632, 0.044729, 0.923867, -0.051282
0.868684, 0.888548, -0.218215, -0.184577
0.868715, 0.308110, -0.072950, -0.901109
0.868951, 0.000000, 0.944360, 0.000000
0.869167, 0.022255, 0.939040, -0.024407
0.869259, 0.877534, -0.216552, -0.202545
0.869319, 0.574095, -0.176092, -0.649687
0.869400, 0.823601, -0.211211, -0.287973
0.869449, 0.850544, -0.213727, -0.245560
0.869474, 0.653797, -0.190300, -0.541925
0.869510, 0.452497, -0.143827, -0.793387
0.869639, 0.239469, -0.007605, -0.904878
0.869666, 0.864167, -0.214665, -0.223956
0.869750, 0.836816, -0.211981, -0.267323
0.870006, 0.763882, -0.204087, -0.380411
0.870051, 0.125642, 0.613119, -0.348779
0.870305, 0.328698, -0.086383, -0.893209
0.870436, 0.158543, 0.153882, -0.800262
0.870510, 0.064494, 0.896225, -0.083007
0.870664, 0.665508, -0.190381, -0.525535
0.871087, 0.619636, -0.182390, -0.589673
0.871257, 0.497247, -0.155514, -0.744652
0.871266, 0.562887, -0.171254, -0.664781
0.871297, 0.809550, -0.206834, -0.310103
0.871391, 0.530295, -0.163790, -0.705644
0.871607, 0.485193, -0.151736, -0.758531
0.871679, 0.189845, 0.069106, -0.867875
0.871810, 0.988864, -0.219166, -0.018794
0.872052, 0.404242, -0.123562, -0.840507
0.872122, 0.966631, -0.217930, -0.056201
0.872162, 0.416800, -0.128434, -0.829186
0.872220, 0.076203, 0.871115, -0.108866
0.872342, 0.944370, -0.216639, -0.093463
0.872389, 0.785643, -0.202706, -0.347284
0.872627, 0.689401, -0.190839, -0.491191
0.872637, 0.677449, -0.189211, -0.508600
0.872843, 0.274758, -0.045096, -0.912403
0.872901, 0.921817, -0.214169, -0.130756
0.872920, 0.088328, 0.841773, -0.137337
0.873146, 0.586466, -0.173517, -0.634609
0.873424, 0.101965, 0.792664, -0.184503
0.873660, 0.733004, -0.194801, -0.427022
0.874094, 0.200431, 0.046124, -0.885536
0.874149, 0.371240, -0.107339, -0.868302
0.874194, 0.297172, -0.062990, -0.908904
0.874215, 0.147034, 0.150749, -0.810460
0.874360, 0.899001, -0.209976, -0.168113
0.874569, 0.251954, -0.023235, -0.913799
0.874610, 0.632398, -0.179594, -0.572623
0.874648, 0.751720, -0.195535, -0.399222
0.875558, 0.033714, 0.924165, -0.042556
0.875565, 0.509123, -0.153529, -0.732221
0.875636, 0.011160, 0.935446, -0.013538
0.875692, 0.542073, -0.161127, -0.692127
0.876005, 0.054682, 0.901658, -0.074001
0.876022, 0.360197, -0.100672, -0.877212
0.876060, 0.318468, -0.077034, -0.901942
0.876117, 0.434441, -0.131059, -0.813804
0.876371, 0.349149, -0.094831, -0.884808
0.876648, 0.598725, -0.171064, -0.618978
0.876655, 0.179129, 0.084485, -0.862783
0.876685, 0.212764, 0.023906, -0.900915
0.876790, 0.227854, 0.003565, -0.909669
0.876961, 0.136381, 0.182204, -0.782526
0.877045, 0.338176, -0.088406, -0.891973
0.877565, 0.391348, -0.113444, -0.854010
0.877688, 0.114619, 0.722233, -0.248144
0.877700, 0.720010, -0.187164, -0.446898
0.877887, 0.460815, -0.137656, -0.787281
0.878015, 0.474483, -0.141465, -0.772684
0.878412, 0.645402, -0.176228, -0.555070
0.878611, 0.977874, -0.208223, -0.037533
0.878728, 1.000000, -0.208344, 0.000000
0.878830, 0.707761, -0.184016, -0.465231
0.878851, 0.955768, -0.206914, -0.074801
0.879116, 0.798191, -0.193284, -0.328327
0.879209, 0.933697, -0.204944, -0.111632
0.879393, 0.911006, -0.202896, -0.148971
0.879469, 0.167100, 0.109375, -0.846153
0.879683, 0.554188, -0.158603, -0.677713
0.879754, 0.264149, -0.035102, -0.919445
0.879828, 0.521134, -0.151273, -0.718889
0.879845, 0.858074, -0.197692, -0.234436
0.880021, 0.844142, -0.196221, -0.256625
0.880064, 0.819010, -0.193789, -0.296041
0.880068, 0.445958, -0.130838, -0.803541
0.880068, 0.872381, -0.198607, -0.211646
0.880100, 0.773807, -0.189537, -0.366397
0.880289, 0.424685, -0.123631, -0.824678
0.880437, 0.611043, -0.167983, -0.602942
0.880481, 0.286368, -0.053136, -0.916703
0.880731, 0.379695, -0.105901, -0.864865
0.880945, 0.830852, -0.193452, -0.277510
0.880994, 0.696889, -0.179407, -0.481366
0.881118, 0.886429, -0.198162, -0.189170
0.881180, 0.741619, -0.184351, -0.415061
0.881511, 0.240880, -0.012696, -0.919347
0.881783, 0.307988, -0.067739, -0.910345
0.881840, 0.658220, -0.173154, -0.537443
0.881854, 0.567246, -0.158333, -0.661373
0.881917, 0.761099, -0.185335, -0.385784
0.882065, 0.000000, 0.928698, 0.000000
0.882140, 0.487907, -0.140425, -0.758785
0.882158, 0.022511, 0.922443, -0.031152
0.882454, 0.044527, 0.903776, -0.064965
0.882571, 0.578635, -0.159524, -0.646818
0.882653, 0.066931, 0.867156, -0.110000
0.882671, 0.411219, -0.116599, -0.838431
0.883051, 0.623408, -0.166314, -0.586420
0.883107, 0.669843, -0.172890, -0.521031
0.883146, 0.127253, 0.197748, -0.771576
0.883610, 0.154913, 0.138631, -0.824751
0.883643, 0.683399, -0.173814, -0.501353
0.883702, 0.092039, 0.785330, -0.193951
0.883996, 0.329123, -0.079246, -0.901224
0.884066, 0.533253, -0.148712, -0.704960
0.884109, 0.499991, -0.141159, -0.745425
0.884286, 0.190437, 0.052711, -0.893067
0.884297, 0.079062, 0.836623, -0.142036
0.884317, 0.786086, -0.184197, -0.348039
0.885332, 0.809507, -0.184671, -0.311555
0.885437, 0.399946, -0.109938, -0.849692
0.885460, 0.989001, -0.197457, -0.018760
0.885655, 0.966924, -0.196418, -0.056266
0.885740, 0.104597, 0.770168, -0.205304
0.885775, 0.203682, 0.031274, -0.907208
0.885866, 0.945082, -0.194968, -0.093070
0.885869, 0.275798, -0.043901, -0.923211
0.885937, 0.923094, -0.193227, -0.129559
0.885941, 0.728765, -0.175688, -0.434866
0.886049, 0.590423, -0.156907, -0.631765
0.886304, 0.899419, -0.190948, -0.168585
0.886381, 0.217900, 0.012007, -0.916891
0.886447, 0.636487, -0.163467, -0.568671
0.886682, 0.253542, -0.025478, -0.925891
0.887145, 0.366618, -0.095206, -0.877983
0.887309, 0.297675, -0.058856, -0.918028
0.887368, 0.454755, -0.125761, -0.796330
0.887698, 0.141819, 0.171795, -0.798411
0.887926, 0.354131, -0.089120, -0.887381
0.888063, 0.342066, -0.083363, -0.895548
0.888118, 0.545592, -0.146091, -0.690320
0.888214, 0.512160, -0.139080, -0.731879
0.888426, 0.435188, -0.118986, -0.816959
0.888652, 0.011267, 0.917744, -0.017129
0.888734, 0.467115, -0.127642, -0.783406
0.888836, 0.033626, 0.904014, -0.053331
0.888870, 0.177047, 0.070389, -0.885777
0.888871, 0.319215, -0.071037, -0.909345
0.888909, 0.230721, -0.003577, -0.924798
0.889089, 0.056408, 0.873054, -0.098171
0.889175, 0.602427, -0.154595, -0.616139
0.889274, 0.750810, -0.172932, -0.402208
0.889422, 0.715620, -0.169017, -0.454950
0.889980, 0.117725, 0.238135, -0.735121
0.889996, 0.850788, -0.180807, -0.246965
0.890079, 0.864674, -0.181791, -0.224773
0.890367, 0.650077, -0.159744, -0.550123
0.890417, 0.388706, -0.101434, -0.861352
0.890514, 0.478864, -0.128637, -0.770899
0.890646, 0.420316, -0.112100, -0.832584
0.890953, 0.836870, -0.178079, -0.269069
0.891187, 0.878262, -0.181223, -0.203187
0.891223, 0.558477, -0.144483, -0.674429
0.891311, 0.798409, -0.174226, -0.329396
0.891470, 0.912058, -0.183522, -0.148253
0.891685, 0.165793, 0.086905, -0.875990
0.892026, 0.765516, -0.169999, -0.379884
0.892168, 0.822444, -0.174897, -0.291886
0.892229, 0.703611, -0.163464, -0.473021
0.892264, 0.691619, -0.162011, -0.490345
0.892299, 0.978110, -0.186325, -0.037530
0.892389, 0.524475, -0.136578, -0.717790
0.892444, 1.000000, -0.186499, 0.000000
0.892516, 0.265559, -0.035010, -0.930083
0.892577, 0.955984, -0.184894, -0.075173
0.892658, 0.934517, -0.183299, -0.111185
0.892703, 0.377518, -0.095292, -0.871587
0.893009, 0.676296, -0.159217, -0.513067
0.893051, 0.614857, -0.151107, -0.599732
0.893235, 0.287213, -0.050045, -0.925577
0.893694, 0.737732, -0.164771, -0.422239
0.893714, 0.570861, -0.143352, -0.658782
0.893741, 0.243423, -0.016778, -0.931868
0.893742, 0.776091, -0.168386, -0.364085
0.893944, 0.491374, -0.127635, -0.757421
0.894312, 0.445452, -0.115776, -0.808319
0.894506, 0.890253, -0.176843, -0.184108
0.894614, 0.626795, -0.150581, -0.583497
0.894670, 0.131051, 0.187487, -0.787908
0.894764, 0.309163, -0.062518, -0.917646
0.894965, 0.662866, -0.154756, -0.532722
0.895023, 0.408002, -0.103981, -0.845737
0.895118, 0.000000, 0.909307, 0.000000
0.895157, 0.082964, 0.783269, -0.194222
0.895167, 0.068872, 0.832264, -0.141496
0.895260, 0.022479, 0.901669, -0.038821
0.895291, 0.094755, 0.794826, -0.182750
0.895348, 0.045218, 0.878513, -0.082678
0.895407, 0.152445, 0.109667, -0.860116
0.895740, 0.582441, -0.142531, -0.643874
0.895978, 0.332244, -0.073690, -0.905607
0.896208, 0.787797, -0.165446, -0.346035
0.896230, 0.184982, 0.049214, -0.907111
0.896292, 0.196258, 0.032996, -0.917128
0.896452, 0.536964, -0.133899, -0.703075
0.896633, 0.208763, 0.017417, -0.925256
0.896860, 0.503469, -0.126813, -0.743875
0.897380, 0.108166, 0.276983, -0.699007
0.897665, 0.809410, -0.165136, -0.312964
0.897711, 0.640205, -0.147936, -0.565016
0.897781, 0.428885, -0.107608, -0.826227
0.897836, 0.221138, 0.003550, -0.931648
0.898006, 0.724354, -0.156896, -0.442848
0.898757, 0.357354, -0.082627, -0.889691
0.898838, 0.457786, -0.114124, -0.796488
0.898943, 0.594153, -0.139959, -0.628675
0.898981, 0.276917, -0.041661, -0.932417
0.899055, 0.396209, -0.096448, -0.857866
0.899157, 0.902165, -0.170106, -0.164966
0.899166, 0.924053, -0.171827, -0.128939
0.899184, 0.344825, -0.077129, -0.898913
0.899217, 0.989146, -0.175506, -0.018741
0.899235, 0.967248, -0.174684, -0.056333
0.899259, 0.255516, -0.026674, -0.936450
0.899650, 0.757635, -0.157374, -0.392474
0.899774, 0.944975, -0.172507, -0.094143
0.900011, 0.549792, -0.131611, -0.687462
0.900100, 0.298812, -0.054404, -0.925397
0.900205, 0.369211, -0.086047, -0.881227
0.900434, 0.321864, -0.066065, -0.913896
0.900561, 0.857650, -0.164250, -0.236815
0.900741, 0.515763, -0.124553, -0.729827
0.900753, 0.469785, -0.114873, -0.783705
0.900857, 0.685498, -0.148537, -0.500118
0.900946, 0.845131, -0.162575, -0.256647
0.901093, 0.233772, -0.009117, -0.937638
0.901121, 0.870761, -0.164300, -0.215799
0.901385, 0.606107, -0.138286, -0.612833
0.901406, 0.142276, 0.120851, -0.853960
0.901697, 0.011219, 0.895742, -0.021201
0.901761, 0.056976, 0.839366, -0.125561
0.901768, 0.033889, 0.879230, -0.066682
0.901797, 0.832028, -0.160283, -0.277637
0.901919, 0.711236, -0.149689, -0.462846
0.902131, 0.162539, 0.079825, -0.889586
0.902175, 0.120537, 0.195733, -0.782714
0.902318, 0.745807, -0.152241, -0.410841
0.902684, 0.482126, -0.115420, -0.770147
0.902727, 0.651874, -0.142152, -0.549236
0.903135, 0.417553, -0.099093, -0.839044
0.903298, 0.438420, -0.104570, -0.817980
0.903309, 0.562390, -0.129355, -0.671765
0.903496, 0.383663, -0.088443, -0.870346
0.903588, 0.174691, 0.057467, -0.907896
0.903783, 0.914017, -0.163383, -0.145798
0.904294, 0.672965, -0.142221, -0.519155
0.904343, 0.796580, -0.153267, -0.333042
0.904399, 0.882743, -0.159947, -0.196844
0.904736, 0.698030, -0.144060, -0.482258
0.904744, 0.528322, -0.121865, -0.715044
0.904858, 0.820175, -0.154484, -0.296622
0.905076, 0.076290, 0.771280, -0.201897
0.905222, 0.630424, -0.136000, -0.579432
0.905607, 0.098915, 0.316755, -0.660234
0.905704, 0.266634, -0.033402, -0.939375
0.905960, 0.781646, -0.149628, -0.356502
0.906012, 0.494576, -0.114074, -0.756334
0.906031, 0.618569, -0.133442, -0.596281
0.906033, 0.288615, -0.046356, -0.932922
0.906045, 0.978399, -0.164284, -0.037504
0.906051, 0.956312, -0.163185, -0.075437
0.906075, 0.768771, -0.148295, -0.376003
0.906163, 0.574492, -0.127383, -0.656317
0.906203, 0.733257, -0.145187, -0.430256
0.906284, 1.000000, -0.164423, 0.000000
0.906474, 0.245973, -0.019199, -0.942661
0.906670, 0.933616, -0.160569, -0.113802
0.907168, 0.310920, -0.057264, -0.923279
0.907525, 0.406089, -0.091634, -0.851345
0.907621, 0.199283, 0.022693, -0.932819
0.907768, 0.131825, 0.132770, -0.845398
0.907913, 0.186772, 0.037312, -0.924850
0.907931, 0.449100, -0.102267, -0.807884
0.908094, 0.211670, 0.009671, -0.938912
0.908120, 0.045381, 0.846822, -0.104528
0.908196, 0.000000, 0.885385, 0.000000
0.908225, 0.022478, 0.876294, -0.048014
0.908233, 0.894645, -0.154620, -0.177896
0.908373, 0.334663, -0.066900, -0.909553
0.908400, 0.087477, 0.644971, -0.330800
0.908501, 0.541145, -0.119218, -0.699491
0.908806, 0.586060, -0.125432, -0.641247
0.908901, 0.661951, -0.134291, -0.535523
0.909152, 0.224120, -0.001971, -0.943257
0.909330, 0.506994, -0.112420, -0.742159
0.909428, 0.153015, 0.086697, -0.888465
0.909878, 0.066168, 0.797263, -0.168463
0.909939, 0.348059, -0.070893, -0.900961
0.909969, 0.809116, -0.145364, -0.314135
0.909982, 0.110224, 0.198044, -0.780992
0.910382, 0.720467, -0.137686, -0.449845
0.910432, 0.427810, -0.094522, -0.830807
0.910444, 0.640940, -0.129746, -0.565241
0.910486, 0.360425, -0.074868, -0.891852
0.910928, 0.373180, -0.078729, -0.881648
0.911008, 0.460553, -0.101404, -0.796213
0.911278, 0.755716, -0.139190, -0.396562
0.911425, 0.394688, -0.084764, -0.863100
0.911505, 0.685174, -0.132759, -0.502026
0.911565, 0.863609, -0.146736, -0.227992
0.911655, 0.322633, -0.059842, -0.918628
0.911767, 0.597540, -0.122860, -0.626016
0.911809, 0.277923, -0.038397, -0.940015
0.912052, 0.840950, -0.144354, -0.264238
0.912132, 0.553937, -0.116451, -0.683611
0.912366, 0.473213, -0.102475, -0.782330
0.912422, 0.907146, -0.148636, -0.157727
0.912540, 0.301003, -0.049808, -0.930945
0.912634, 0.256516, -0.025674, -0.945897
0.912818, 0.852463, -0.143897, -0.245919
0.912843, 0.967672, -0.152766, -0.056317
0.913005, 0.519528, -0.110043, -0.727508
0.913113, 0.989309, -0.153270, -0.018738
0.913147, 0.608870, -0.122299, -0.610494
0.913192, 0.945273, -0.150729, -0.094619
0.913363, 0.236870, -0.012505, -0.947961
0.913386, 0.165595, 0.060445, -0.912572
0.913808, 0.921580, -0.147566, -0.134116
0.914102, 0.707767, -0.130950, -0.469134
0.914122, 0.874378, -0.143311, -0.210872
0.914322, 0.829143, -0.139816, -0.283036
0.914637, 0.742753, -0.132979, -0.416592
0.914644, 0.033692, 0.849052, -0.082274
0.914754, 0.011183, 0.868442, -0.026388
0.914856, 0.485477, -0.101919, -0.768766
0.914949, 0.142813, 0.096967, -0.881671
0.915282, 0.121108, 0.143066, -0.836369
0.915553, 0.416078, -0.086476, -0.843895
0.915701, 0.055801, 0.800072, -0.153922
0.915767, 0.566560, -0.113403, -0.667617
0.915893, 0.799205, -0.135071, -0.329684
0.915962, 0.788016, -0.134314, -0.347452
0.916072, 0.651000, -0.122698, -0.551695
0.916129, 0.438936, -0.091161, -0.820707
0.916274, 0.628000, -0.120069, -0.584403
0.916438, 0.672862, -0.124303, -0.520495
0.916671, 0.384779, -0.077253, -0.873480
0.916827, 0.532348, -0.107236, -0.712148
0.917071, 0.098406, 0.155470, -0.820742
0.917594, 0.886259, -0.138611, -0.192146
0.917676, 0.775865, -0.130763, -0.366397
0.917840, 0.695982, -0.124306, -0.486939
0.917996, 0.178284, 0.039445, -0.931092
0.918004, 0.498062, -0.100374, -0.754495
0.918056, 0.076929, 0.657941, -0.312083
0.918355, 0.289769, -0.041906, -0.938916
0.918582, 0.729970, -0.125905, -0.436209
0.918611, 0.818540, -0.132139, -0.299963
0.918941, 0.267408, -0.030573, -0.947282
0.918971, 0.578790, -0.110658, -0.651827
0.919078, 0.191352, 0.024876, -0.940801
0.919142, 0.203752, 0.013155, -0.946576
0.919331, 0.933975, -0.139868, -0.114254
0.919357, 0.956801, -0.141591, -0.075524
0.919603, 0.215927, 0.002791, -0.950478
0.919633, 0.764442, -0.126875, -0.384103
0.919908, 0.978742, -0.141983, -0.037490
0.920107, 0.404398, -0.079181, -0.856411
0.920189, 0.340271, -0.060676, -0.910549
0.920263, 1.000000, -0.142113, 0.000000
0.920357, 0.313685, -0.050989, -0.927756
0.920408, 0.227918, -0.006324, -0.952704
0.920539, 0.617012, -0.112826, -0.599943
0.920584, 0.545157, -0.104226, -0.696455
0.920585, 0.131601, 0.108331, -0.871827
0.920607, 0.246796, -0.018637, -0.952344
0.920855, 0.450385, -0.088417, -0.809570
0.921111, 0.328074, -0.055819, -0.919137
0.921191, 0.044519, 0.804175, -0.132877
0.921209, 0.898486, -0.133697, -0.172787
0.921284, 0.022270, 0.846079, -0.057969
0.921294, 0.000000, 0.855912, 0.000000
0.921546, 0.352622, -0.063691, -0.901774
0.921589, 0.510748, -0.098028, -0.739767
0.921843, 0.087483, 0.212968, -0.759155
0.921859, 0.464075, -0.089889, -0.794590
0.921876, 0.590907, -0.108127, -0.635931
0.921925, 0.364404, -0.066929, -0.892485
0.922146, 0.661203, -0.114817, -0.537706
0.922354, 0.426745, -0.082016, -0.834754
0.922400, 0.110076, 0.159930, -0.817556
0.922555, 0.638831, -0.112162, -0.569723
0.922605, 0.154258, 0.065227, -0.913196
0.922920, 0.717442, -0.118309, -0.455329
0.922940, 0.375381, -0.069167, -0.883438
0.923332, 0.683801, -0.115029, -0.505132
0.923356, 0.751957, -0.120141, -0.403304
0.923520, 0.838835, -0.125455, -0.268129
0.923590, 0.862722, -0.126962, -0.230273
0.923832, 0.066644, 0.739635, -0.220867
0.923934, 0.911232, -0.130234, -0.152224
0.923956, 0.807914, -0.122721, -0.316557
0.924073, 0.166899, 0.047577, -0.928498
0.924126, 0.301419, -0.044130, -0.935915
0.924309, 0.278846, -0.034477, -0.946224
0.924321, 0.557872, -0.100974, -0.680536
0.924345, 0.476419, -0.089196, -0.781027
0.924383, 0.850001, -0.124699, -0.250340
0.924403, 0.603717, -0.106036, -0.618842
0.925023, 0.523442, -0.095577, -0.724601
0.925272, 0.393644, -0.071721, -0.867720
0.925723, 0.875743, -0.124475, -0.209773
0.925877, 0.257051, -0.023346, -0.953577
0.926528, 0.968128, -0.130567, -0.056376
0.926690, 0.946061, -0.128606, -0.094356
0.926763, 0.488928, -0.088372, -0.766749
0.926857, 0.923278, -0.126380, -0.132619
0.927032, 0.739330, -0.113549, -0.422675
0.927193, 0.705776, -0.110945, -0.473072
0.927201, 0.989524, -0.130682, -0.018727
0.927407, 0.237263, -0.012417, -0.957428
0.927604, 0.795585, -0.116184, -0.336187
0.927623, 0.142116, 0.075774, -0.904523
0.927773, 0.828493, -0.117982, -0.284916
0.927827, 0.033102, 0.803530, -0.108395
0.927835, 0.414618, -0.073901, -0.848220
0.927929, 0.011102, 0.834915, -0.032514
0.928010, 0.437561, -0.078244, -0.824578
0.928417, 0.570364, -0.096979, -0.664626
0.928481, 0.120196, 0.113967, -0.864709
0.928604, 0.784084, -0.113923, -0.354175
0.928711, 0.649270, -0.104196, -0.555417
0.928782, 0.627424, -0.102173, -0.586310
0.928862, 0.055524, 0.789181, -0.155406
0.928900, 0.536348, -0.092334, -0.708821
0.928924, 0.671702, -0.105724, -0.523114
0.929141, 0.100059, 0.173912, -0.798770
0.929814, 0.501663, -0.086573, -0.751902
0.930029, 0.889025, -0.118292, -0.188662
0.930170, 0.185809, 0.023761, -0.948720
0.930507, 0.198216, 0.013384, -0.954483
0.930550, 0.210744, 0.004197, -0.957946
0.930584, 0.772627, -0.110095, -0.371982
0.930799, 0.223554, -0.004243, -0.959705
0.930835, 0.694419, -0.104598, -0.490056
0.931069, 0.289499, -0.036092, -0.944619
0.931167, 0.727010, -0.106336, -0.441486
0.931199, 0.383466, -0.063916, -0.878370
0.931471, 0.457180, -0.077941, -0.803744
0.931522, 0.322485, -0.047349, -0.926174
0.931768, 0.582032, -0.093674, -0.649416
0.931921, 0.935554, -0.118990, -0.112592
0.931981, 0.269063, -0.027429, -0.953155
0.931995, 0.817162, -0.110403, -0.302706
0.932007, 0.335258, -0.050861, -0.917649
0.932346, 0.347306, -0.053992, -0.908897
0.932351, 0.077251, 0.218434, -0.744206
0.932384, 0.174780, 0.032458, -0.944048
0.932497, 0.615672, -0.095847, -0.603103
0.932570, 0.761082, -0.106274, -0.389811
0.932594, 0.957287, -0.119870, -0.075732
0.932737, 0.549162, -0.088861, -0.692802
0.932795, 0.130241, 0.086374, -0.893287
0.932976, 0.310972, -0.042755, -0.933744
0.933215, 0.403275, -0.066261, -0.860488
0.933306, 0.089096, 0.194562, -0.771560
0.933428, 0.359516, -0.056311, -0.899513
0.933721, 0.514619, -0.083480, -0.736520
0.933870, 0.044102, 0.792207, -0.129541
0.933877, 0.900495, -0.112817, -0.170577
0.933892, 0.979143, -0.119389, -0.037535
0.934072, 0.593738, -0.091647, -0.633729
0.934143, 0.446789, -0.073231, -0.815760
0.934280, 0.371101, -0.058383, -0.890015
0.934296, 0.425185, -0.069370, -0.838752
0.934408, 1.000000, -0.119553, 0.000000
0.934424, 0.468249, -0.076313, -0.791735
0.934432, 0.000000, 0.819988, 0.000000
0.934507, 0.161435, 0.043933, -0.935542
0.934618, 0.022106, 0.805308, -0.073490
0.934918, 0.659958, -0.095976, -0.540523
0.935058, 0.246600, -0.016351, -0.960520
0.935219, 0.854479, -0.107525, -0.244548
0.935376, 0.682486, -0.096923, -0.507812
0.935401, 0.637593, -0.093559, -0.572677
0.935479, 0.748865, -0.100999, -0.408618
0.935504, 0.867201, -0.107820, -0.224247
0.935581, 0.840744, -0.106064, -0.266209
0.936069, 0.149597, 0.055545, -0.925091
0.936158, 0.299512, -0.037139, -0.941293
0.936211, 0.110909, 0.113039, -0.861351
0.936219, 0.715360, -0.097857, -0.459384
0.936316, 0.480240, -0.075826, -0.778221
0.936317, 0.912759, -0.109591, -0.150606
0.936386, 0.804905, -0.102727, -0.322363
0.936457, 0.605195, -0.089346, -0.617985
0.936590, 0.561971, -0.085124, -0.676433
0.936914, 0.527286, -0.080960, -0.721082
0.937088, 0.879973, -0.105834, -0.203542
0.937356, 0.065998, 0.368467, -0.584572
0.937457, 0.258652, -0.021247, -0.958765
0.937576, 0.279592, -0.029418, -0.951470
0.938462, 0.232986, -0.009328, -0.963941
0.938589, 0.492564, -0.074741, -0.764036
0.939115, 0.392033, -0.058401, -0.872319
0.939567, 0.924609, -0.105086, -0.131363
0.939651, 0.736481, -0.093804, -0.427634
0.939788, 0.792964, -0.096637, -0.341045
0.939943, 0.827443, -0.098141, -0.287107
0.940259, 0.968922, -0.108077, -0.056029
0.940554, 0.413653, -0.060925, -0.851728
0.940589, 0.704466, -0.090512, -0.475768
0.940890, 0.136790, 0.064952, -0.914938
0.940954, 0.434978, -0.063986, -0.829673
0.940988, 0.540218, -0.077114, -0.704999
0.941078, 0.947076, -0.104692, -0.093902
0.941100, 0.218750, -0.001968, -0.965536
0.941185, 0.032890, 0.756270, -0.132368
0.941199, 0.011536, 0.791852, -0.043581
0.941256, 0.625447, -0.084229, -0.590396
0.941385, 0.505367, -0.072873, -0.748945
0.941419, 0.648710, -0.085672, -0.557321
0.941455, 0.781481, -0.093398, -0.358962
0.941457, 0.670434, -0.087058, -0.525786
0.941572, 0.989255, -0.107608, -0.019740
0.941603, 0.205657, 0.005342, -0.964254
0.941683, 0.099282, 0.121572, -0.844862
0.941740, 0.574499, -0.079384, -0.660221
0.941948, 0.054822, 0.567488, -0.370580
0.941994, 0.193204, 0.012983, -0.961237
0.942754, 0.122087, 0.081653, -0.894363
0.942994, 0.329691, -0.041520, -0.924790
0.943345, 0.770102, -0.089821, -0.376547
0.943445, 0.181796, 0.020150, -0.957570
0.943455, 0.693225, -0.085492, -0.492513
0.943542, 0.342381, -0.044162, -0.915675
0.943736, 0.379681, -0.051776, -0.884746
0.943786, 0.457714, -0.064140, -0.804994
0.943789, 0.936092, -0.098841, -0.112521
0.943864, 0.317482, -0.037812, -0.933189
0.944129, 0.890085, -0.094686, -0.187618
0.944187, 0.814571, -0.090672, -0.307730
0.944196, 0.086091, 0.151169, -0.804020
0.944238, 0.724833, -0.086102, -0.445618
0.944251, 0.354862, -0.046373, -0.906068
0.944586, 0.169683, 0.028493, -0.951576
0.944679, 0.586540, -0.076376, -0.644259
0.944850, 0.553010, -0.073273, -0.688797
0.945014, 0.758387, -0.086603, -0.394585
0.945166, 0.291585, -0.029897, -0.948492
0.945217, 0.958627, -0.098790, -0.074458
0.945647, 0.367277, -0.047744, -0.895990
0.945701, 0.267719, -0.022045, -0.959209
0.945743, 0.445378, -0.060294, -0.819024
0.945860, 0.613434, -0.076762, -0.607306
0.945873, 0.305418, -0.033366, -0.941113
0.945906, 0.903221, -0.092754, -0.166851
0.945932, 0.518554, -0.068634, -0.733206
0.945951, 0.470575, -0.063270, -0.790877
0.945997, 0.401681, -0.053516, -0.864468
0.946293, 0.043436, 0.732692, -0.177174
0.946309, 0.848805, -0.088891, -0.253940
0.946490, 0.599297, -0.074860, -0.626931
0.946526, 0.861835, -0.089174, -0.233200
0.946626, 0.157405, 0.036865, -0.944117
0.946749, 0.074391, 0.158859, -0.784579
0.946885, 0.875168, -0.089268, -0.211858
0.947126, 0.241203, -0.011850, -0.966886
0.947172, 0.424380, -0.055807, -0.841940
0.947214, 0.681248, -0.079138, -0.510305
0.947322, 0.000000, 0.777457, 0.000000
0.947325, 0.253617, -0.016591, -0.964267
0.947442, 0.746263, -0.082206, -0.413191
0.947653, 0.637696, -0.075873, -0.573314
0.947706, 0.836236, -0.085938, -0.273678
0.947971, 0.483180, -0.062356, -0.776422
0.948001, 0.659077, -0.076710, -0.542902
0.948285, 0.023398, 0.754129, -0.095895
0.948350, 0.145109, 0.046161, -0.934016
0.948420, 1.000000, -0.097407, 0.000000
0.948440, 0.978486, -0.095643, -0.039809
0.948519, 0.279743, -0.024747, -0.955126
0.948714, 0.530943, -0.066262, -0.717927
0.948834, 0.565300, -0.069009, -0.673073
0.948879, 0.110041, 0.088019, -0.880284
0.949048, 0.916171, -0.088327, -0.145908
0.949113, 0.802578, -0.082143, -0.326519
0.949179, 0.227521, -0.006008, -0.969361
0.950037, 0.495955, -0.061224, -0.761346
0.950259, 0.714106, -0.076287, -0.461881
0.951473, 0.063030, 0.157639, -0.769751
0.951601, 0.388775, -0.046105, -0.877873
0.951781, 0.213424, 0.000153, -0.970562
0.951786, 0.130832, 0.056144, -0.919871
0.952294, 0.790554, -0.076534, -0.345421
0.952421, 0.823099, -0.077716, -0.294764
0.952501, 0.509101, -0.059455, -0.745485
0.952758, 0.734113, -0.073401, -0.432095
0.952935, 0.928297, -0.082573, -0.126206
0.952966, 0.626772, -0.067541, -0.588978
0.952973, 0.412206, -0.048156, -0.855108
0.953076, 0.096550, 0.099598, -0.856896
0.953102, 0.543961, -0.061690, -0.701547
0.953132, 0.200572, 0.005969, -0.969599
0.953756, 0.703230, -0.070423, -0.478232
0.953806, 0.011643, 0.738351, -0.059128
0.954176, 0.669349, -0.068149, -0.528326
0.954351, 0.336689, -0.034870, -0.922057
0.954410, 0.779349, -0.072684, -0.362767
0.954532, 0.435512, -0.049461, -0.831298
0.954630, 0.648495, -0.066377, -0.558403
0.954765, 0.324263, -0.032132, -0.931083
0.954826, 0.941061, -0.080461, -0.105212
0.954863, 0.966996, -0.083560, -0.060974
0.954920, 0.189092, 0.011193, -0.967607
0.954961, 0.952812, -0.081723, -0.085675
0.955019, 0.578691, -0.061641, -0.655708
0.955039, 0.349494, -0.036676, -0.912287
0.955239, 0.050776, 0.269501, -0.642236
0.955410, 0.035880, 0.679969, -0.203279
0.955510, 0.449665, -0.049991, -0.815899
0.955549, 0.462108, -0.051273, -0.801988
0.955680, 0.691616, -0.066953, -0.495440
0.955712, 0.767669, -0.070144, -0.380776
0.955724, 0.177020, 0.017364, -0.963310
0.955774, 0.989675, -0.084736, -0.019826
0.956031, 0.882683, -0.074509, -0.200617
0.956104, 0.362166, -0.037906, -0.902095
0.956173, 0.375887, -0.039939, -0.890222
0.956219, 0.895271, -0.074886, -0.180417
0.956257, 0.312209, -0.028682, -0.939389
0.956317, 0.083743, 0.117112, -0.824069
0.956350, 0.299230, -0.025834, -0.947285
0.956591, 0.591689, -0.060331, -0.638456
0.956614, 0.120026, 0.060436, -0.909046
0.956951, 0.604917, -0.060618, -0.620182
0.957006, 0.164858, 0.023796, -0.957379
0.957096, 0.261126, -0.015930, -0.965076
0.957102, 0.616632, -0.061063, -0.603584
0.957179, 0.755883, -0.067354, -0.398805
0.957389, 0.812026, -0.069182, -0.312174
0.957501, 0.868839, -0.071357, -0.222736
0.957608, 0.855714, -0.070577, -0.243509
0.957635, 0.554915, -0.056511, -0.687734
0.957768, 0.399770, -0.041776, -0.868086
0.957776, 0.474419, -0.049898, -0.787936
0.957823, 0.287150, -0.022287, -0.954099
0.957901, 0.723773, -0.064995, -0.447898
0.957962, 0.908082, -0.072651, -0.159709
0.958179, 0.273441, -0.018816, -0.960634
0.958285, 0.843285, -0.068892, -0.262973
0.958292, 0.247903, -0.011793, -0.969413
0.958363, 0.522787, -0.053231, -0.728846
0.958573, 0.152395, 0.030590, -0.949298
0.958586, 0.235172, -0.007774, -0.972108
0.958877, 0.422930, -0.043422, -0.844741
0.958926, 0.679782, -0.061544, -0.513099
0.959056, 0.139482, 0.039509, -0.937118
0.959184, 0.743982, -0.063756, -0.417050
0.959538, 0.831119, -0.066359, -0.282177
0.959540, 0.486832, -0.048909, -0.773356
0.959669, 0.567410, -0.054601, -0.671101
0.959927, 0.221796, -0.003225, -0.973944
0.960059, 0.535434, -0.051966, -0.712845
0.960127, 0.000000, 0.718905, 0.000000
0.960571, 0.636950, -0.057154, -0.575279
0.960620, 0.023299, 0.730857, -0.094640
0.960893, 0.106751, 0.067718, -0.890509
0.961014, 0.071777, 0.129448, -0.791007
0.961321, 0.499288, -0.047751, -0.758367
0.961571, 0.659449, -0.056726, -0.542964
0.961904, 0.799231, -0.061458, -0.332467
0.961922, 0.979499, -0.073457, -0.039480
0.962144, 0.921024, -0.066318, -0.138835
0.962592, 1.000000, -0.074996, 0.000000
0.963035, 0.511821, -0.046540, -0.742845
0.963167, 0.207972, 0.001465, -0.974921
0.963779, 0.388366, -0.034611, -0.879551
0.964438, 0.711605, -0.054512, -0.466705
0.964770, 0.059958, 0.131938, -0.764196
0.965121, 0.409828, -0.035625, -0.858932
0.965132, 0.093786, 0.073628, -0.868544
0.965341, 0.442578, -0.038435, -0.824148
0.965705, 0.788279, -0.055007, -0.349665
0.965728, 0.342920, -0.027176, -0.919408
0.965755, 0.330631, -0.025417, -0.928686
0.965903, 0.046422, 0.145649, -0.733233
0.965922, 0.932632, -0.060751, -0.120514
0.966177, 0.698859, -0.051396, -0.485559
0.966264, 0.957995, -0.062917, -0.078367
0.966358, 0.196791, 0.004981, -0.974601
0.966358, 0.011215, 0.695750, -0.054242
0.966362, 0.625515, -0.048277, -0.591525
0.966453, 0.130098, 0.038198, -0.931522
0.966473, 0.455333, -0.038227, -0.810095
0.966736, 0.775994, -0.052994, -0.368757
0.966807, 0.945339, -0.060349, -0.099576
0.966942, 0.184328, 0.009464, -0.971596
0.966975, 0.735688, -0.051359, -0.430083
0.967087, 0.354724, -0.027603, -0.910121
0.967090, 0.586229, -0.045494, -0.646240
0.967113, 0.821080, -0.053671, -0.298313
0.967167, 0.366916, -0.028995, -0.899705
0.967180, 0.318955, -0.022695, -0.937130
0.967209, 0.546101, -0.043281, -0.699404
0.967242, 0.647390, -0.047907, -0.560647
0.967404, 0.969640, -0.062420, -0.058075
0.967509, 0.306500, -0.020570, -0.945302
0.967606, 0.888421, -0.055186, -0.191908
0.967615, 0.034158, 0.375330, -0.485657
0.967635, 0.875517, -0.054610, -0.212476
0.967664, 0.599504, -0.045297, -0.627920
0.967695, 0.671211, -0.048127, -0.526152
0.967774, 0.431672, -0.034853, -0.836117
0.967797, 0.171640, 0.014281, -0.966745
0.967865, 0.763368, -0.050826, -0.388186
0.968015, 0.685997, -0.048150, -0.504430
0.968034, 0.466794, -0.037297, -0.797193
0.968314, 0.900966, -0.054530, -0.171768
0.968319, 0.294096, -0.018071, -0.952738
0.968344, 0.378360, -0.029232, -0.889443
0.968378, 0.117004, 0.045218, -0.915287
0.968438, 0.612791, -0.044786, -0.609460
0.968459, 0.574126, -0.043013, -0.662368
0.968477, 0.861877, -0.052720, -0.234177
0.968511, 0.280920, -0.015704, -0.959647
0.968512, 0.254861, -0.010626, -0.970207
0.968735, 0.267602, -0.013142, -0.965645
0.968817, 0.081692, 0.079568, -0.843070
0.968828, 0.158604, 0.019519, -0.959612
0.968951, 0.723562, -0.047926, -0.448490
0.969029, 0.750275, -0.048585, -0.408052
0.969064, 0.559705, -0.041516, -0.681784
0.969098, 0.808287, -0.050082, -0.318430
0.969099, 0.848521, -0.051242, -0.255261
0.969172, 0.144794, 0.026214, -0.948838
0.969373, 0.241674, -0.007537, -0.974034
0.969614, 0.479060, -0.036279, -0.782962
0.969808, 0.531793, -0.039144, -0.718087
0.969849, 0.228844, -0.004474, -0.976433
0.969854, 0.835151, -0.049570, -0.276249
0.969858, 0.913432, -0.052427, -0.151510
0.970438, 0.419806, -0.031040, -0.848902
0.970489, 0.398772, -0.029167, -0.870440
0.970753, 0.215928, -0.001182, -0.977538
0.970775, 0.989149, -0.060085, -0.022383
0.971101, 0.491781, -0.035278, -0.767818
0.971218, 0.519525, -0.036668, -0.733417
0.972473, 0.505038, -0.034334, -0.751651
0.973156, 0.000000, 0.661547, 0.000000
0.973194, 0.103851, 0.047277, -0.897208
0.973407, 0.635530, -0.038503, -0.577591
0.973432, 0.021821, 0.567049, -0.238776
0.973821, 0.658304, -0.038621, -0.544976
0.975151, 0.069069, 0.078032, -0.813303
0.976193, 1.000000, -0.053651, 0.000000
0.976357, 0.798068, -0.038158, -0.335046
0.976501, 0.447985, -0.026413, -0.818907
0.976504, 0.055917, 0.092772, -0.767192
0.976634, 0.978260, -0.047653, -0.044270
0.976714, 0.923994, -0.041064, -0.134782
0.976807, 0.337031, -0.017960, -0.924975
0.976865, 0.705182, -0.035284, -0.476128
0.977296, 0.205591, 0.001360, -0.978900
0.977579, 0.784671, -0.035903, -0.355681
0.977709, 0.386472, -0.021190, -0.882920
0.977726, 0.937667, -0.040305, -0.113222
0.977925, 0.192227, 0.004307, -0.977176
0.978038, 0.951400, -0.040891, -0.090732
0.978043, 0.093138, 0.045810, -0.880027
0.978043, 0.043443, 0.074153, -0.751930
0.978046, 0.717005, -0.033761, -0.458596
0.978149, 0.692602, -0.033036, -0.494709
0.978175, 0.679365, -0.032688, -0.514035
0.978185, 0.137537, 0.020963, -0.946614
0.978282, 0.593809, -0.030261, -0.636124
0.978373, 0.743622, -0.033814, -0.418495
0.978379, 0.622004, -0.030944, -0.597001
0.978416, 0.771332, -0.034293, -0.376154
0.978445, 0.347901, -0.017614, -0.916541
0.978486, 0.178950, 0.007449, -0.973567
0.978497, 0.326231, -0.015643, -0.933346
0.978506, 0.124937, 0.026111, -0.932885
0.978520, 0.607453, -0.030333, -0.617296
0.978598, 0.964621, -0.041487, -0.068707
0.978612, 0.540130, -0.028010, -0.707784
0.978650, 0.411120, -0.021890, -0.858679
0.978668, 0.553091, -0.028409, -0.690957
0.978678, 0.360097, -0.018379, -0.906508
0.978690, 0.882119, -0.036147, -0.202156
0.978726, 0.314097, -0.014299, -0.941871
0.978776, 0.868617, -0.035657, -0.223631
0.978782, 0.826400, -0.034786, -0.290615
0.978838, 0.567125, -0.028643, -0.672219
0.978894, 0.437536, -0.023155, -0.830877
0.978907, 0.580772, -0.028989, -0.653873
0.978934, 0.812985, -0.034249, -0.311563
0.978986, 0.730850, -0.032581, -0.437666
0.979040, 0.301435, -0.012796, -0.949951
0.979073, 0.757796, -0.032981, -0.396811
0.979117, 0.372715, -0.018930, -0.895624
0.979122, 0.458833, -0.023989, -0.806850
0.979129, 0.895577, -0.035786, -0.180664
0.979131, 0.165515, 0.010833, -0.967789
0.979140, 0.288197, -0.011293, -0.957508
0.979214, 0.274814, -0.009679, -0.964167
0.979327, 0.151699, 0.014925, -0.959132
0.979411, 0.261341, -0.007888, -0.969830
0.979451, 0.854819, -0.034222, -0.245522
0.979452, 0.011609, 0.630497, -0.079240
0.979534, 0.248016, -0.005995, -0.974251
0.979653, 0.667410, -0.030206, -0.531627
0.979653, 0.031375, 0.107002, -0.688365
0.979679, 0.647530, -0.029716, -0.560471
0.979807, 0.909222, -0.035061, -0.158763
0.979810, 0.470975, -0.023749, -0.792975
0.979910, 0.840913, -0.033174, -0.267494
0.979981, 0.080930, 0.051574, -0.852372
0.980157, 0.112429, 0.029934, -0.916085
0.980200, 0.425444, -0.021077, -0.843942
0.980220, 0.234291, -0.003790, -0.977588
0.980490, 0.220450, -0.001509, -0.979420
0.980859, 0.484061, -0.023053, -0.777697
0.980966, 0.526509, -0.024481, -0.725330
0.981170, 0.398809, -0.018617, -0.871121
0.981193, 0.512468, -0.023700, -0.742944
0.981705, 0.497795, -0.022546, -0.761175
0.984734, 0.634974, -0.022102, -0.578603
0.985921, 0.987310, -0.032942, -0.029707
0.986045, 0.000000, 0.734587, 0.000000
0.987634, 0.062734, 0.043916, -0.804109
0.988067, 0.102723, 0.021169, -0.903190
0.988096, 0.022404, 0.057164, -0.671476
0.988252, 0.657773, -0.017322, -0.546224
0.988328, 1.000000, -0.032869, 0.000000
0.988400, 0.792066, -0.018659, -0.344412
0.988401, 0.805050, -0.018802, -0.324255
0.988524, 0.930667, -0.020678, -0.125316
0.988629, 0.973044, -0.023750, -0.056138
0.988738, 0.917440, -0.019845, -0.146356
0.988753, 0.337172, -0.008693, -0.926024
0.988754, 0.199267, 0.001281, -0.980085
0.988792, 0.049944, 0.056101, -0.751881
0.988821, 0.613911, -0.015883, -0.608658
0.988837, 0.698227, -0.016960, -0.486943
0.988846, 0.447949, -0.012530, -0.820082
0.988905, 0.944416, -0.020553, -0.103114
0.988966, 0.710849, -0.016916, -0.468172
0.988988, 0.212327, -0.000155, -0.980802
0.989037, 0.778681, -0.017500, -0.365060
0.989039, 0.684992, -0.016506, -0.506575
0.989055, 0.378729, -0.010108, -0.890727
0.989064, 0.074889, 0.030744, -0.842403
0.989159, 0.185932, 0.002772, -0.977647
0.989162, 0.724030, -0.016748, -0.448317
0.989166, 0.600669, -0.015205, -0.627150
0.989197, 0.751136, -0.016973, -0.407270
0.989228, 0.560358, -0.014476, -0.681761
0.989235, 0.144455, 0.008960, -0.955760
0.989252, 0.958419, -0.020832, -0.080396
0.989378, 0.130951, 0.011502, -0.942859
0.989422, 0.546987, -0.013991, -0.699360
0.989423, 0.587448, -0.014645, -0.645306
0.989430, 0.875272, -0.017890, -0.213434
0.989431, 0.765028, -0.016737, -0.386011
0.989434, 0.573894, -0.014420, -0.663691
0.989479, 0.172363, 0.004415, -0.973098
0.989501, 0.833055, -0.017288, -0.280217
0.989535, 0.351107, -0.008624, -0.915013
0.989539, 0.419476, -0.010995, -0.850633
0.989553, 0.888998, -0.017881, -0.191616
0.989561, 0.737713, -0.016266, -0.427627
0.989565, 0.323266, -0.007472, -0.936221
0.989589, 0.861520, -0.017445, -0.235208
0.989607, 0.819120, -0.016976, -0.302127
0.989655, 0.295723, -0.006047, -0.953956
0.989656, 0.309478, -0.006751, -0.945530
0.989659, 0.158480, 0.006320, -0.965976
0.989663, 0.282044, -0.005283, -0.961393
0.989713, 0.268401, -0.004438, -0.967778
0.989717, 0.364904, -0.009014, -0.903254
0.989843, 0.089252, 0.022291, -0.878056
0.989858, 0.254700, -0.003495, -0.973064
0.989875, 0.533755, -0.013153, -0.716386
0.989914, 0.902991, -0.017499, -0.169322
0.989943, 0.847431, -0.016697, -0.257465
0.989957, 0.391612, -0.009723, -0.878603
0.989987, 0.036508, 0.064370, -0.694316
0.989993, 0.671687, -0.014915, -0.526014
0.989993, 0.240935, -0.002478, -0.977112
0.990070, 0.461862, -0.011467, -0.804400
0.990166, 0.117252, 0.013752, -0.926360
0.990176, 0.433956, -0.010700, -0.835236
0.990323, 0.406156, -0.009791, -0.864133
0.990335, 0.226755, -0.001327, -0.979846
0.990410, 0.475928, -0.011386, -0.787951
0.990529, 0.626488, -0.013619, -0.590757
0.990627, 0.505006, -0.011687, -0.752587
0.990660, 0.519424, -0.011903, -0.734613
0.990892, 0.490294, -0.011095, -0.770665
0.991263, 0.644506, -0.012746, -0.565158
0.991507, 0.009728, 0.283855, -0.431385
1.000000, 0.000000, 0.000000, 0.000000
1.000000, 0.015532, 0.000000, -0.675255
1.000000, 0.028850, 0.000000, -0.653798
1.000000, 0.042949, 0.000000, -0.739422
1.000000, 0.056291, 0.000000, -0.791932
1.000000, 0.069044, 0.000000, -0.830084
1.000000, 0.082503, 0.000000, -0.865306
1.000000, 0.096534, 0.000000, -0.894793
1.000000, 0.109755, 0.000000, -0.916853
1.000000, 0.124015, 0.000000, -0.936690
1.000000, 0.137778, 0.000000, -0.951190
1.000000, 0.151462, 0.000000, -0.962308
1.000000, 0.165363, 0.000000, -0.970696
1.000000, 0.179123, 0.000000, -0.976384
1.000000, 0.192679, 0.000000, -0.979792
1.000000, 0.206020, 0.000000, -0.981269
1.000000, 0.219510, 0.000000, -0.981069
1.000000, 0.233742, 0.000000, -0.979115
1.000000, 0.247716, 0.000000, -0.975696
1.000000, 0.261565, 0.000000, -0.970973
1.000000, 0.275318, 0.000000, -0.965091
1.000000, 0.289054, 0.000000, -0.958121
1.000000, 0.302820, 0.000000, -0.950126
1.000000, 0.316639, 0.000000, -0.941160
1.000000, 0.330474, 0.000000, -0.931316
1.000000, 0.343940, 0.000000, -0.921045
1.000000, 0.357765, 0.000000, -0.909522
1.000000, 0.371624, 0.000000, -0.897366
1.000000, 0.385056, 0.000000, -0.885135
1.000000, 0.398969, 0.000000, -0.871558
1.000000, 0.413133, 0.000000, -0.857289
1.000000, 0.426906, 0.000000, -0.843046
1.000000, 0.441120, 0.000000, -0.827591
1.000000, 0.454635, 0.000000, -0.812732
1.000000, 0.468755, 0.000000, -0.796216
1.000000, 0.483042, 0.000000, -0.779265
1.000000, 0.497614, 0.000000, -0.761553
1.000000, 0.512011, 0.000000, -0.743862
1.000000, 0.526367, 0.000000, -0.725712
1.000000, 0.540182, 0.000000, -0.708123
1.000000, 0.553712, 0.000000, -0.690521
1.000000, 0.567155, 0.000000, -0.672727
1.000000, 0.580727, 0.000000, -0.654373
1.000000, 0.594305, 0.000000, -0.635810
1.000000, 0.607788, 0.000000, -0.617231
1.000000, 0.621199, 0.000000, -0.598623
1.000000, 0.635694, 0.000000, -0.577647
1.000000, 0.650763, 0.000000, -0.555807
1.000000, 0.663986, 0.000000, -0.537502
1.000000, 0.677907, 0.000000, -0.516735
1.000000, 0.691215, 0.000000, -0.497323
1.000000, 0.704361, 0.000000, -0.477898
1.000000, 0.717586, 0.000000, -0.458098
1.000000, 0.730985, 0.000000, -0.437923
1.000000, 0.744658, 0.000000, -0.417106
1.000000, 0.758202, 0.000000, -0.396556
1.000000, 0.771928, 0.000000, -0.375452
1.000000, 0.785479, 0.000000, -0.354635
1.000000, 0.798750, 0.000000, -0.334218
1.000000, 0.812090, 0.000000, -0.313443
1.000000, 0.826103, 0.000000, -0.291171
1.000000, 0.840085, 0.000000, -0.269188
1.000000, 0.854292, 0.000000, -0.246643
1.000000, 0.868258, 0.000000, -0.224631
1.000000, 0.882118, 0.000000, -0.202708
1.000000, 0.896062, 0.000000, -0.180546
1.000000, 0.910254, 0.000000, -0.157906
1.000000, 0.923822, 0.000000, -0.136620
1.000000, 0.937238, 0.000000, -0.115359
1.000000, 0.950773, 0.000000, -0.093806
1.000000, 0.964301, 0.000000, -0.072402
1.000000, 0.976971, 0.000000, -0.052365
1.000000, 0.988540, 0.000000, -0.032542
1.000000, 1.000000, 0.000000, 0.000000
