0.000000, 0.000000, 0.000000, 0.000000
0.000000, 0.010755, 0.000000, 0.023061
0.000000, 0.021597, 0.000000, 0.037681
0.000000, 0.033448, 0.000000, 0.051494
0.000000, 0.045500, 0.000000, 0.064751
0.000000, 0.057899, 0.000000, 0.078132
0.000000, 0.070478, 0.000000, 0.091618
0.000000, 0.083276, 0.000000, 0.105324
0.000000, 0.096279, 0.000000, 0.119286
0.000000, 0.109343, 0.000000, 0.133340
0.000000, 0.122354, 0.000000, 0.147362
0.000000, 0.135251, 0.000000, 0.161240
0.000000, 0.148125, 0.000000, 0.175091
0.000000, 0.160994, 0.000000, 0.188911
0.000000, 0.173929, 0.000000, 0.202800
0.000000, 0.186917, 0.000000, 0.216734
0.000000, 0.199955, 0.000000, 0.230702
0.000000, 0.213057, 0.000000, 0.244716
0.000000, 0.226249, 0.000000, 0.258804
0.000000, 0.239548, 0.000000, 0.272997
0.000000, 0.252916, 0.000000, 0.287247
0.000000, 0.266310, 0.000000, 0.301491
0.000000, 0.279730, 0.000000, 0.315724
0.000000, 0.293210, 0.000000, 0.330000
0.000000, 0.306746, 0.000000, 0.344359
0.000000, 0.320139, 0.000000, 0.358499
0.000000, 0.333464, 0.000000, 0.372511
0.000000, 0.346801, 0.000000, 0.386492
0.000000, 0.360197, 0.000000, 0.400480
0.000000, 0.373712, 0.000000, 0.414560
0.000000, 0.387310, 0.000000, 0.428691
0.000000, 0.400954, 0.000000, 0.442825
0.000000, 0.414644, 0.000000, 0.456947
0.000000, 0.428410, 0.000000, 0.471084
0.000000, 0.442304, 0.000000, 0.485311
0.000000, 0.456306, 0.000000, 0.499814
0.000000, 0.469470, 0.000000, 0.513221
0.000000, 0.482296, 0.000000, 0.526104
0.000000, 0.495090, 0.000000, 0.538886
0.000000, 0.507721, 0.000000, 0.551392
0.000000, 0.520000, 0.000000, 0.563434
0.000000, 0.531685, 0.000000, 0.574957
0.000000, 0.542741, 0.000000, 0.586211
0.000000, 0.554654, 0.000000, 0.598291
0.000000, 0.567726, 0.000000, 0.611245
0.000000, 0.581396, 0.000000, 0.624592
0.000000, 0.595347, 0.000000, 0.638152
0.000000, 0.609204, 0.000000, 0.651510
0.000000, 0.622924, 0.000000, 0.664517
0.000000, 0.637031, 0.000000, 0.677931
0.000000, 0.651128, 0.000000, 0.691242
0.000000, 0.664928, 0.000000, 0.704199
0.000000, 0.678431, 0.000000, 0.716465
0.000000, 0.692643, 0.000000, 0.729571
0.000000, 0.706570, 0.000000, 0.742118
0.000000, 0.720639, 0.000000, 0.754516
0.000000, 0.735083, 0.000000, 0.767242
0.000000, 0.749533, 0.000000, 0.779585
0.000000, 0.764823, 0.000000, 0.793107
0.000000, 0.778977, 0.000000, 0.804956
0.000000, 0.793123, 0.000000, 0.816843
0.000000, 0.806711, 0.000000, 0.827635
0.000000, 0.821308, 0.000000, 0.839144
0.000000, 0.836489, 0.000000, 0.851007
0.000000, 0.851557, 0.000000, 0.862780
0.000000, 0.865590, 0.000000, 0.873041
0.000000, 0.879696, 0.000000, 0.883062
0.000000, 0.893469, 0.000000, 0.892349
0.000000, 0.906920, 0.000000, 0.900642
0.000000, 0.920080, 0.000000, 0.907437
0.000000, 0.933351, 0.000000, 0.911676
0.000000, 0.945699, 0.000000, 0.914197
0.000000, 0.959562, 0.000000, 0.899484
0.000000, 0.972602, 0.000000, 0.829367
0.000000, 0.985200, 0.000000, 0.818478
0.000000, 1.000000, 0.000000, 0.000000
0.008688, 0.756863, 0.007512, 0.786041
0.009154, 0.828561, 0.007171, 0.844921
0.009174, 0.989329, 0.022722, 0.914285
0.009439, 0.844117, 0.007190, 0.857045
0.009857, 0.952306, 0.018130, 0.948224
0.009887, 0.813458, 0.007935, 0.832940
0.009940, 0.449389, 0.010412, 0.492629
0.009973, 0.742105, 0.008761, 0.773331
0.009980, 0.728090, 0.008896, 0.761105
0.010035, 0.588108, 0.009886, 0.630817
0.010039, 0.629506, 0.009652, 0.670542
0.010131, 0.435276, 0.010667, 0.478157
0.010174, 0.573633, 0.010098, 0.616727
0.010277, 0.643845, 0.009790, 0.684144
0.010306, 0.685295, 0.009529, 0.722695
0.010309, 0.602226, 0.010077, 0.644487
0.010314, 0.559073, 0.010312, 0.602518
0.010322, 0.421445, 0.010922, 0.463947
0.010435, 0.407752, 0.011094, 0.449832
0.010478, 0.544421, 0.010549, 0.588182
0.010507, 0.394106, 0.011222, 0.435718
0.010587, 0.380470, 0.011359, 0.421570
0.010596, 0.786793, 0.008846, 0.811410
0.010617, 0.615959, 0.010296, 0.657686
0.010656, 0.299872, 0.011732, 0.337039
0.010727, 0.366865, 0.011561, 0.407416
0.010731, 0.286343, 0.011867, 0.322719
0.010740, 0.713560, 0.009693, 0.748179
0.010755, 0.529944, 0.010899, 0.573991
0.010814, 0.272913, 0.012012, 0.308480
0.010838, 0.259492, 0.012093, 0.294220
0.010842, 0.246054, 0.012154, 0.279910
0.010847, 0.873188, 0.007796, 0.878353
0.010873, 0.772022, 0.009235, 0.799025
0.010895, 0.658173, 0.010282, 0.697709
0.010909, 0.232671, 0.012288, 0.265637
0.010924, 0.353373, 0.011824, 0.393339
0.010932, 0.313487, 0.011985, 0.351443
0.010970, 0.699525, 0.010025, 0.735649
0.011014, 0.340062, 0.011973, 0.379404
0.011039, 0.326795, 0.012051, 0.365466
0.011049, 0.219432, 0.012511, 0.251500
0.011120, 0.102757, 0.013597, 0.126076
0.011166, 0.206315, 0.012711, 0.237471
0.011166, 0.887183, 0.007766, 0.888260
0.011169, 0.089484, 0.013912, 0.111755
0.011182, 0.516151, 0.011409, 0.560389
0.011216, 0.115915, 0.013517, 0.140276
0.011248, 0.193275, 0.012878, 0.223503
0.011284, 0.858792, 0.008365, 0.867965
0.011303, 0.463716, 0.011781, 0.507362
0.011309, 0.180291, 0.013029, 0.209576
0.011314, 0.502733, 0.011610, 0.546912
0.011361, 0.000000, 0.023952, 0.000000
0.011383, 0.167337, 0.013204, 0.195663
0.011395, 0.927071, 0.009313, 0.917999
0.011400, 0.025016, 0.018193, 0.039836
0.011421, 0.076389, 0.014570, 0.097609
0.011422, 0.128820, 0.013601, 0.154194
0.011462, 0.141660, 0.013513, 0.168036
0.011462, 0.489552, 0.011825, 0.533605
0.011488, 0.154447, 0.013427, 0.181802
0.011504, 0.900785, 0.007782, 0.897789
0.011553, 0.671386, 0.010793, 0.709931
0.011638, 0.799668, 0.009534, 0.821898
0.011641, 0.063534, 0.015321, 0.083648
0.011722, 0.964908, 0.021186, 0.976875
0.011725, 0.050873, 0.016104, 0.069764
0.011731, 0.476511, 0.012165, 0.520397
0.011836, 0.914050, 0.008154, 0.907391
0.011937, 0.037990, 0.017393, 0.055264
0.013129, 0.940476, 0.016299, 0.933536
0.013423, 1.000000, -1.619074, 0.000000
0.013695, 0.976980, 0.192042, 1.165652
0.013912, 0.011588, 0.024980, 0.020816
0.018511, 0.762079, 0.015924, 0.790193
0.018733, 0.834890, 0.014556, 0.849405
0.019000, 0.820561, 0.015114, 0.838275
0.019327, 0.749279, 0.016865, 0.779253
0.019666, 0.580823, 0.019447, 0.623881
0.019772, 0.565959, 0.019700, 0.609340
0.019906, 0.635517, 0.019063, 0.676270
0.019943, 0.455847, 0.020842, 0.499252
0.019996, 0.781212, 0.016809, 0.806373
0.020028, 0.551339, 0.020102, 0.595034
0.020069, 0.721987, 0.017995, 0.755550
0.020129, 0.441956, 0.021146, 0.485022
0.020225, 0.595053, 0.019848, 0.637697
0.020397, 0.650407, 0.019348, 0.690430
0.020564, 0.428236, 0.021709, 0.470921
0.020629, 0.537115, 0.020846, 0.581016
0.020773, 0.847362, 0.015777, 0.858722
0.020839, 0.414618, 0.022103, 0.456885
0.020906, 0.953495, -0.025747, 0.889597
0.020926, 0.735403, 0.018513, 0.767232
0.020983, 0.988156, -0.975064, -0.160796
0.020983, 0.401036, 0.022358, 0.442847
0.020996, 0.608904, 0.020444, 0.651056
0.021018, 0.691622, 0.019331, 0.728256
0.021083, 0.387442, 0.022566, 0.428756
0.021244, 0.373812, 0.022841, 0.414588
0.021324, 0.306327, 0.023426, 0.343801
0.021395, 0.622483, 0.020666, 0.664067
0.021423, 0.292850, 0.023638, 0.329547
0.021567, 0.360174, 0.023291, 0.400373
0.021597, 0.706791, 0.019619, 0.741921
0.021599, 0.252554, 0.024154, 0.286756
0.021608, 0.279494, 0.023946, 0.315401
0.021639, 0.266078, 0.024088, 0.301153
0.021641, 0.678769, 0.020120, 0.716754
0.021656, 0.807122, 0.017581, 0.827687
0.021693, 0.239075, 0.024374, 0.272383
0.021727, 0.523626, 0.022095, 0.567659
0.021984, 0.225802, 0.024825, 0.258215
0.021994, 0.346645, 0.023857, 0.386235
0.022032, 0.320098, 0.024102, 0.358362
0.022033, 0.096041, 0.027113, 0.118461
0.022108, 0.869552, 0.016031, 0.875254
0.022112, 0.333394, 0.024088, 0.372352
0.022227, 0.109432, 0.026927, 0.132999
0.022232, 0.510196, 0.022740, 0.554223
0.022256, 0.212669, 0.025263, 0.244173
0.022362, 0.882083, 0.015731, 0.884171
0.022442, 0.082708, 0.028171, 0.103956
0.022444, 0.199625, 0.025618, 0.230201
0.022593, 0.186653, 0.025940, 0.216285
0.022621, 0.496995, 0.023268, 0.540995
0.022685, 0.173717, 0.026214, 0.202386
0.022755, 0.122316, 0.027219, 0.146938
0.022842, 0.160761, 0.026583, 0.188440
0.022848, 0.895125, 0.015501, 0.893002
0.022909, 0.019962, 0.035590, 0.030960
0.022914, 0.135173, 0.027124, 0.160844
0.022945, 0.483786, 0.023729, 0.527716
0.022989, 0.069554, 0.029579, 0.089522
0.023054, 0.147861, 0.027044, 0.174534
0.023084, 0.663903, 0.021687, 0.702904
0.023110, 0.932703, 0.009060, 0.911684
0.023363, 0.044539, 0.032291, 0.061474
0.023423, 0.908235, 0.015283, 0.901449
0.023431, 0.858340, 0.017416, 0.866836
0.023467, 0.470539, 0.024398, 0.514371
0.023482, 0.000000, 0.040101, 0.000000
0.023557, 0.056983, 0.031265, 0.075570
0.023673, 0.031552, 0.034540, 0.045987
0.023951, 0.921073, 0.014254, 0.908559
0.024027, 0.793457, 0.019880, 0.816636
0.024135, 0.966550, 0.127696, 1.045199
0.025585, 0.770566, 0.021793, 0.797294
0.026125, 1.000000, -1.083808, 0.000000
0.027882, 0.943287, -0.017344, 0.889350
0.028382, 0.978141, -0.969213, -0.049523
0.028751, 0.573234, 0.028545, 0.616298
0.028758, 0.827535, 0.022600, 0.843444
0.028905, 0.641131, 0.027584, 0.681257
0.029266, 0.010583, 0.045354, 0.016476
0.029374, 0.717129, 0.026436, 0.750983
0.029393, 0.558311, 0.029396, 0.601593
0.029830, 0.587587, 0.029394, 0.630321
0.029924, 0.460455, 0.031203, 0.503495
0.030176, 0.744560, 0.026459, 0.775077
0.030193, 0.697217, 0.027649, 0.733155
0.030212, 0.757335, 0.026119, 0.785992
0.030411, 0.544088, 0.030625, 0.587628
0.030536, 0.447655, 0.031993, 0.490438
0.030952, 0.601433, 0.030268, 0.643739
0.030958, 0.434639, 0.032593, 0.477229
0.031312, 0.421372, 0.033123, 0.463660
0.031384, 0.838958, 0.024172, 0.852351
0.031443, 0.816047, 0.025176, 0.834308
0.031467, 0.672928, 0.029367, 0.710979
0.031514, 0.407984, 0.033492, 0.449881
0.031614, 0.394521, 0.033752, 0.435962
0.031709, 0.380984, 0.034004, 0.421914
0.031932, 0.312452, 0.035001, 0.350112
0.031942, 0.367348, 0.034407, 0.407717
0.031994, 0.615125, 0.031039, 0.656871
0.032170, 0.299102, 0.035417, 0.336038
0.032184, 0.781412, 0.027039, 0.806407
0.032192, 0.730053, 0.028626, 0.762425
0.032251, 0.531138, 0.032681, 0.574901
0.032259, 0.653574, 0.030528, 0.693059
0.032267, 0.259066, 0.035994, 0.293567
0.032329, 0.245449, 0.036233, 0.279049
0.032443, 0.628630, 0.031205, 0.669357
0.032464, 0.272669, 0.036052, 0.308047
0.032473, 0.353619, 0.035133, 0.393383
0.032486, 0.285973, 0.035920, 0.322162
0.032804, 0.232141, 0.036946, 0.264855
0.032833, 0.102823, 0.039931, 0.125375
0.032978, 0.517855, 0.033615, 0.561663
0.033071, 0.089464, 0.040859, 0.110731
0.033169, 0.956539, 0.197401, 1.106777
0.033175, 0.326760, 0.036207, 0.365256
0.033214, 0.339973, 0.036093, 0.379107
0.033253, 0.219004, 0.037641, 0.250816
0.033579, 0.205944, 0.038211, 0.236826
0.033641, 0.989681, -0.913922, -0.017064
0.033689, 0.803171, 0.027490, 0.824057
0.033698, 0.504898, 0.034541, 0.548704
0.033704, 0.075817, 0.042455, 0.095623
0.033844, 0.192997, 0.038729, 0.222936
0.033850, 0.850742, 0.025490, 0.861123
0.033982, 0.115732, 0.040797, 0.139437
0.033990, 0.876169, 0.024206, 0.879623
0.034014, 0.180094, 0.039159, 0.209068
0.034057, 0.491897, 0.035096, 0.535605
0.034078, 0.167176, 0.039493, 0.195156
0.034209, 0.889151, 0.023547, 0.888645
0.034275, 0.128659, 0.040715, 0.153501
0.034319, 0.154125, 0.040065, 0.181067
0.034333, 0.037545, 0.047147, 0.051665
0.034390, 0.685167, 0.031794, 0.722097
0.034609, 0.479104, 0.035846, 0.522642
0.034673, 0.863680, 0.025407, 0.870622
0.034690, 0.902517, 0.023039, 0.897688
0.034716, 0.141145, 0.040860, 0.167021
0.035177, 0.062927, 0.045343, 0.081178
0.035289, 0.916320, 0.021360, 0.905516
0.035529, 0.050400, 0.047075, 0.066849
0.035536, 0.023007, 0.050969, 0.032958
0.035810, 0.930744, 0.017099, 0.911141
0.035848, 0.707378, 0.032545, 0.742119
0.036954, 0.000000, 0.055514, 0.000000
0.037469, 0.767806, 0.031997, 0.794816
0.037647, 0.969873, -1.016973, -0.102016
0.038010, 0.565763, 0.037874, 0.608726
0.038117, 0.663112, 0.035829, 0.701692
0.038137, 0.467914, 0.039664, 0.511166
0.038190, 0.791648, 0.031651, 0.814650
0.038938, 0.579540, 0.038523, 0.622140
0.039389, 1.000000, -0.950318, 0.000000
0.039599, 0.641909, 0.037761, 0.681880
0.039645, 0.551100, 0.039780, 0.594244
0.039900, 0.740986, 0.035081, 0.771635
0.040186, 0.945065, 0.252995, 1.152436
0.040654, 0.828031, 0.031886, 0.843477
0.040730, 0.593299, 0.040000, 0.635456
0.040992, 0.454587, 0.042842, 0.497530
0.041173, 0.719425, 0.036963, 0.752730
0.041613, 0.441460, 0.043703, 0.484170
0.041901, 0.318399, 0.045831, 0.356247
0.041930, 0.428301, 0.044244, 0.470692
0.042043, 0.754121, 0.036455, 0.783131
0.042144, 0.415032, 0.044677, 0.457040
0.042165, 0.606515, 0.041098, 0.648107
0.042248, 0.401686, 0.044991, 0.443262
0.042285, 0.388279, 0.045234, 0.429375
0.042354, 0.374785, 0.045509, 0.415357
0.042568, 0.696064, 0.038999, 0.731653
0.042630, 0.361134, 0.046011, 0.401140
0.042706, 0.813888, 0.034262, 0.832270
0.042723, 0.983412, -0.917350, -0.003469
0.042759, 0.011337, 0.060918, 0.016129
0.042773, 0.251806, 0.047816, 0.285657
0.042839, 0.538773, 0.043249, 0.582246
0.042890, 0.265573, 0.047729, 0.300346
0.043014, 0.304870, 0.047254, 0.341969
0.043407, 0.347276, 0.047063, 0.386686
0.043476, 0.238477, 0.048834, 0.271454
0.043477, 0.279207, 0.048171, 0.314869
0.043547, 0.619259, 0.042123, 0.660207
0.043571, 0.841440, 0.033358, 0.853419
0.043607, 0.292227, 0.048115, 0.328677
0.043626, 0.525438, 0.044307, 0.568982
0.043685, 0.082801, 0.053974, 0.102511
0.043704, 0.096710, 0.053213, 0.118027
0.043845, 0.674712, 0.040853, 0.712277
0.044151, 0.225323, 0.049835, 0.257403
0.044216, 0.778826, 0.037235, 0.803775
0.044260, 0.031801, 0.060050, 0.043081
0.044272, 0.630976, 0.042517, 0.671320
0.044589, 0.333365, 0.048572, 0.372203
0.044611, 0.212221, 0.050609, 0.243364
0.044771, 0.108651, 0.053813, 0.131032
0.044809, 0.512783, 0.045765, 0.556388
0.045066, 0.199283, 0.051396, 0.229475
0.045146, 0.499736, 0.046363, 0.543287
0.045177, 0.855222, 0.033675, 0.863569
0.045229, 0.959289, -0.848426, 0.052128
0.045348, 0.186455, 0.052009, 0.215678
0.045376, 0.160642, 0.052702, 0.187809
0.045422, 0.122216, 0.054048, 0.145991
0.045454, 0.173596, 0.052445, 0.201813
0.045593, 0.881963, 0.031958, 0.882633
0.045739, 0.868832, 0.033108, 0.873428
0.045753, 0.147340, 0.053531, 0.173369
0.045761, 0.486819, 0.047241, 0.530271
0.045799, 0.730481, 0.040684, 0.762207
0.045869, 0.069786, 0.057700, 0.087922
0.045878, 0.895212, 0.031170, 0.891713
0.045923, 0.652222, 0.043486, 0.691347
0.046320, 0.908621, 0.028954, 0.899141
0.046587, 0.134180, 0.054943, 0.159014
0.046828, 0.801884, 0.038228, 0.822561
0.046851, 0.922167, 0.030710, 0.910755
0.046898, 0.044136, 0.061716, 0.058105
0.047626, 0.558652, 0.047612, 0.601524
0.047670, 0.056904, 0.061162, 0.073109
0.048104, 0.474832, 0.049892, 0.518139
0.048259, 0.707962, 0.043756, 0.742185
0.048608, 0.935307, 0.184554, 1.071943
0.048676, 0.685846, 0.044962, 0.722276
0.048726, 0.571570, 0.048405, 0.614296
0.049373, 0.766029, 0.042211, 0.792754
0.049728, 0.584687, 0.049063, 0.627105
0.050075, 0.021033, 0.068071, 0.028539
0.050100, 0.973351, -0.971742, -0.057886
0.050259, 0.000000, 0.070033, 0.000000
0.050343, 0.462170, 0.052462, 0.505190
0.050896, 1.000000, -0.933939, 0.000000
0.051096, 0.743163, 0.044789, 0.773032
0.051212, 0.789550, 0.042505, 0.812196
0.051231, 0.663338, 0.048124, 0.701539
0.051460, 0.322749, 0.056181, 0.360512
0.051565, 0.822705, 0.040750, 0.838597
0.052033, 0.448765, 0.054494, 0.491504
0.052151, 0.598362, 0.051069, 0.640398
0.052287, 0.640231, 0.049911, 0.680035
0.052509, 0.948996, -0.681025, 0.207065
0.052573, 0.435467, 0.055326, 0.477886
0.052828, 0.422205, 0.055856, 0.464269
0.052881, 0.547354, 0.053143, 0.590258
0.052965, 0.408929, 0.056258, 0.450592
0.053012, 0.395650, 0.056562, 0.436863
0.053014, 0.382374, 0.056814, 0.423089
0.053053, 0.258077, 0.059149, 0.292094
0.053064, 0.369078, 0.057114, 0.409245
0.053233, 0.090870, 0.064800, 0.110832
0.053243, 0.309924, 0.058357, 0.346930
0.053421, 0.355746, 0.057743, 0.395304
0.053598, 0.271946, 0.059483, 0.306847
0.053687, 0.834183, 0.041589, 0.847485
0.053718, 0.719552, 0.048184, 0.752238
0.053882, 0.611588, 0.052360, 0.653115
0.053943, 0.532940, 0.054580, 0.576161
0.053988, 0.244883, 0.060476, 0.278074
0.054604, 0.342427, 0.059266, 0.381302
0.054894, 0.231732, 0.061782, 0.264040
0.054947, 0.114929, 0.065487, 0.137424
0.054950, 0.285526, 0.060735, 0.321329
0.054978, 0.987604, -0.910664, 0.004071
0.055114, 0.754801, 0.047705, 0.782853
0.055238, 0.847316, 0.041726, 0.857260
0.055395, 0.297437, 0.060970, 0.333818
0.055398, 0.625771, 0.053364, 0.666347
0.055488, 0.697163, 0.050764, 0.732328
0.055495, 0.218466, 0.062759, 0.249811
0.055737, 0.078590, 0.068757, 0.097057
0.055980, 0.811959, 0.044969, 0.829805
0.056015, 0.520770, 0.057006, 0.564237
0.056099, 0.507433, 0.057413, 0.550836
0.056183, 0.032552, 0.073796, 0.042648
0.056185, 0.205497, 0.063856, 0.235873
0.056358, 0.860899, 0.041285, 0.866988
0.056397, 0.154093, 0.065598, 0.180278
0.056629, 0.494164, 0.058274, 0.537494
0.056664, 0.675696, 0.052729, 0.712784
0.056665, 0.777245, 0.047760, 0.801645
0.056731, 0.192722, 0.064811, 0.222114
0.056812, 0.167141, 0.065649, 0.194449
0.056889, 0.180016, 0.065350, 0.208397
0.056937, 0.874367, 0.040273, 0.876336
0.057078, 0.140325, 0.066891, 0.165248
0.057112, 0.010890, 0.076867, 0.014664
0.057153, 0.887542, 0.039307, 0.885562
0.057196, 0.102279, 0.068896, 0.123504
0.057316, 0.962887, -0.970380, -0.069761
0.057572, 0.900696, 0.036164, 0.892255
0.057955, 0.561433, 0.057829, 0.603945
0.058139, 0.731632, 0.051538, 0.762656
0.058153, 0.913787, 0.044218, 0.910121
0.058439, 0.066489, 0.073112, 0.083211
0.058517, 0.481734, 0.060517, 0.524934
0.058641, 0.330842, 0.063865, 0.368991
0.058858, 0.126606, 0.069587, 0.150277
0.058910, 0.651386, 0.055786, 0.690286
0.059031, 0.043962, 0.075939, 0.056483
0.059330, 0.926577, 0.196218, 1.069142
0.059526, 0.574961, 0.058985, 0.617076
0.059617, 0.799669, 0.048742, 0.819754
0.060330, 0.588172, 0.059360, 0.629843
0.060339, 0.055260, 0.076344, 0.069870
0.060504, 0.469201, 0.062875, 0.512154
0.061135, 0.708683, 0.055356, 0.742329
0.061155, 0.939360, -0.592094, 0.282885
0.061998, 0.456195, 0.064744, 0.498894
0.062376, 0.976468, -0.919704, -0.012788
0.062471, 0.765961, 0.053350, 0.791844
0.062518, 0.686824, 0.057654, 0.722703
0.062726, 0.317219, 0.068576, 0.354436
0.062741, 0.539927, 0.063276, 0.582938
0.063019, 0.442813, 0.066132, 0.485188
0.063053, 0.637475, 0.060252, 0.677030
0.063145, 1.000000, -0.926539, 0.000000
0.063159, 0.743365, 0.055299, 0.772565
0.063208, 0.264164, 0.070287, 0.298324
0.063215, 0.665324, 0.059261, 0.702990
0.063474, 0.429465, 0.066927, 0.471488
0.063705, 0.416193, 0.067481, 0.457828
0.063827, 0.402989, 0.067914, 0.444187
0.063852, 0.601559, 0.062354, 0.642654
0.063882, 0.389868, 0.068269, 0.430582
0.063897, 0.376835, 0.068574, 0.417020
0.063897, 0.000000, 0.084861, 0.000000
0.063945, 0.824533, 0.050206, 0.839018
0.064023, 0.363919, 0.068992, 0.403527
0.064036, 0.022458, 0.083665, 0.029289
0.064281, 0.787558, 0.053408, 0.809630
0.064296, 0.089170, 0.078043, 0.108423
0.064332, 0.278429, 0.071252, 0.313667
0.064513, 0.251374, 0.072064, 0.284757
0.064576, 0.351010, 0.069868, 0.389987
0.064646, 0.615476, 0.062616, 0.655854
0.064825, 0.952710, -0.954839, -0.066225
0.065277, 0.838721, 0.049906, 0.849488
0.065470, 0.304186, 0.071897, 0.340815
0.065476, 0.238466, 0.073467, 0.270985
0.065487, 0.552009, 0.065666, 0.594800
0.065946, 0.113229, 0.078519, 0.135232
0.066029, 0.224880, 0.074423, 0.256376
0.066102, 0.720737, 0.059174, 0.752722
0.066584, 0.852652, 0.049438, 0.859543
0.066820, 0.515008, 0.068141, 0.558130
0.067114, 0.211652, 0.076007, 0.242148
0.067130, 0.148124, 0.078137, 0.173295
0.067132, 0.501145, 0.068858, 0.544202
0.067599, 0.338640, 0.073421, 0.376985
0.067657, 0.866323, 0.049002, 0.869487
0.067663, 0.810512, 0.054359, 0.827784
0.067683, 0.528676, 0.068593, 0.571573
0.067822, 0.075763, 0.083188, 0.093001
0.067861, 0.754804, 0.058664, 0.782046
0.067882, 0.626148, 0.065310, 0.665886
0.068015, 0.160839, 0.078668, 0.187152
0.068032, 0.198882, 0.077420, 0.228378
0.068115, 0.290936, 0.075138, 0.326903
0.068351, 0.173746, 0.078601, 0.201193
0.068373, 0.879687, 0.048927, 0.879624
0.068536, 0.186307, 0.078390, 0.214794
0.068583, 0.134706, 0.080367, 0.158513
0.068638, 0.988423, -0.913196, -0.005261
0.068710, 0.698150, 0.062742, 0.732499
0.068866, 0.892755, 0.044299, 0.885023
0.068923, 0.034741, 0.088126, 0.044308
0.068967, 0.565192, 0.068685, 0.607500
0.069026, 0.488480, 0.071167, 0.531413
0.069520, 0.905658, 0.062401, 0.912959
0.069809, 0.965859, -0.916679, -0.022566
0.069934, 0.656279, 0.065952, 0.694068
0.069975, 0.100482, 0.083951, 0.120766
0.070081, 0.776365, 0.059030, 0.800053
0.070180, 0.676576, 0.065205, 0.712959
0.070549, 0.918290, 0.192704, 1.049098
0.070562, 0.577856, 0.069801, 0.619639
0.070656, 0.011941, 0.091654, 0.015487
0.070708, 0.325900, 0.077078, 0.363428
0.070824, 0.732313, 0.062668, 0.762521
0.070893, 0.589946, 0.069671, 0.631321
0.071004, 0.476042, 0.073567, 0.518781
0.071247, 0.048322, 0.089618, 0.060709
0.071669, 0.062417, 0.088765, 0.077268
0.071974, 0.644883, 0.068394, 0.683295
0.071979, 0.930685, -0.795484, 0.065612
0.072224, 0.797431, 0.059123, 0.816962
0.072385, 0.463247, 0.075365, 0.505762
0.072816, 0.123181, 0.085900, 0.145768
0.072902, 0.269612, 0.080843, 0.303700
0.073350, 0.450057, 0.076742, 0.492277
0.073399, 0.943020, -0.893184, -0.017499
0.073695, 0.608968, 0.071625, 0.649346
0.073802, 0.710462, 0.066643, 0.743191
0.073976, 0.436749, 0.077769, 0.478635
0.074118, 0.541907, 0.074620, 0.584325
0.074389, 0.423423, 0.078567, 0.464928
0.074635, 0.313345, 0.081714, 0.350337
0.074646, 0.410221, 0.079197, 0.451315
0.074825, 0.397176, 0.079735, 0.437818
0.074936, 0.384286, 0.080191, 0.424435
0.075085, 0.371673, 0.080679, 0.411305
0.075227, 0.359123, 0.081152, 0.398183
0.075387, 0.257516, 0.083921, 0.290774
0.075570, 0.819865, 0.059792, 0.834355
0.075596, 0.087380, 0.091375, 0.105723
0.075616, 0.743777, 0.066089, 0.772014
0.075727, 0.832282, 0.058754, 0.843957
0.075924, 0.977546, -0.911811, -0.013447
0.075984, 0.765519, 0.064803, 0.790542
0.076076, 0.231781, 0.085451, 0.263393
0.076179, 0.687625, 0.070126, 0.722546
0.076196, 1.000000, -0.914559, 0.000000
0.076332, 0.245503, 0.085340, 0.278053
0.076485, 0.346785, 0.082826, 0.385252
0.076736, 0.633303, 0.073464, 0.672326
0.076896, 0.845412, 0.058460, 0.853876
0.076974, 0.280277, 0.085109, 0.315152
0.076983, 0.000000, 0.098772, 0.000000
0.077043, 0.666499, 0.072091, 0.703266
0.077073, 0.507598, 0.078806, 0.550251
0.077346, 0.555877, 0.077349, 0.598010
0.077378, 0.300348, 0.085037, 0.336489
0.077390, 0.955821, -0.920074, -0.038274
0.077415, 0.218140, 0.087391, 0.248800
0.077666, 0.597492, 0.075977, 0.638283
0.077694, 0.024429, 0.098400, 0.030880
0.077971, 0.521276, 0.079266, 0.563999
0.078006, 0.785926, 0.064816, 0.807231
0.078085, 0.142740, 0.090917, 0.166891
0.078160, 0.858708, 0.058507, 0.864012
0.078306, 0.110704, 0.092987, 0.131733
0.079050, 0.722253, 0.070569, 0.753263
0.079101, 0.204886, 0.089738, 0.234542
0.079176, 0.620020, 0.076437, 0.659833
0.079256, 0.871952, 0.057382, 0.872845
0.079274, 0.154284, 0.091850, 0.179651
0.079458, 0.167244, 0.091542, 0.193816
0.079488, 0.074715, 0.096739, 0.090893
0.079489, 0.494803, 0.081709, 0.537349
0.079827, 0.333788, 0.086765, 0.371433
0.079937, 0.806656, 0.064462, 0.823454
0.080103, 0.885014, 0.047540, 0.873108
0.080138, 0.192322, 0.091360, 0.220983
0.080343, 0.179881, 0.092071, 0.207549
0.080352, 0.569436, 0.079798, 0.611168
0.080422, 0.755183, 0.069379, 0.781313
0.080437, 0.038439, 0.100598, 0.047958
0.080830, 0.897863, 0.083534, 0.919123
0.081327, 0.700524, 0.074031, 0.733860
0.081607, 0.532581, 0.082521, 0.575006
0.081686, 0.583013, 0.080517, 0.624034
0.081734, 0.482631, 0.084433, 0.525056
0.081845, 0.910543, 0.122330, 0.962488
0.081876, 0.653904, 0.077275, 0.691276
0.082404, 0.052322, 0.101785, 0.064504
0.082431, 0.132258, 0.096445, 0.155223
0.082479, 0.988856, -0.907196, -0.006898
0.082640, 0.098077, 0.098748, 0.117315
0.082852, 0.289462, 0.091322, 0.324733
0.083100, 0.470066, 0.086271, 0.512339
0.083195, 0.011221, 0.105089, 0.014133
0.083255, 0.922948, -1.012458, -0.164147
0.083513, 0.966910, -0.904592, -0.019180
0.083683, 0.322694, 0.091312, 0.359907
0.083829, 0.457023, 0.087457, 0.499061
0.083835, 0.734161, 0.073926, 0.763239
0.083917, 0.774125, 0.070732, 0.797046
0.084064, 0.267123, 0.093281, 0.300885
0.084170, 0.676919, 0.078091, 0.712384
0.084280, 0.063516, 0.103035, 0.077554
0.084580, 0.443750, 0.088671, 0.485495
0.084828, 0.934893, -0.852852, 0.009043
0.084931, 0.430583, 0.089461, 0.472011
0.085200, 0.546606, 0.085576, 0.588684
0.085250, 0.641909, 0.081113, 0.680071
0.085368, 0.417291, 0.090338, 0.458335
0.085489, 0.946264, -0.910864, -0.042375
0.085536, 0.607960, 0.083142, 0.648077
0.085727, 0.404198, 0.091125, 0.444838
0.085974, 0.391271, 0.091780, 0.431454
0.086025, 0.239297, 0.096327, 0.271188
0.086062, 0.796016, 0.070409, 0.814501
0.086310, 0.120769, 0.101589, 0.142453
0.086335, 0.309721, 0.094536, 0.346016
0.086375, 0.378797, 0.092587, 0.418511
0.086377, 0.366326, 0.092953, 0.405494
0.086883, 0.354159, 0.093846, 0.392735
0.086920, 0.225632, 0.097806, 0.256585
0.086941, 0.712171, 0.078283, 0.743851
0.087167, 0.815348, 0.069178, 0.829425
0.087287, 0.513717, 0.088965, 0.555827
0.087535, 0.826641, 0.068037, 0.838060
0.087560, 0.253949, 0.097610, 0.286923
0.087646, 0.085184, 0.105294, 0.102335
0.087734, 0.341604, 0.095098, 0.379417
0.087782, 0.838782, 0.066383, 0.846825
0.088276, 0.691007, 0.080955, 0.724881
0.088341, 0.746889, 0.076822, 0.773720
0.088603, 0.594991, 0.086749, 0.635393
0.088612, 0.629060, 0.085005, 0.667836
0.088843, 0.851524, 0.064562, 0.855056
0.088954, 0.211739, 0.100567, 0.241583
0.089202, 0.501562, 0.091390, 0.543637
0.089318, 0.663814, 0.083656, 0.700108
0.089489, 0.559745, 0.089284, 0.601297
0.089667, 1.000000, -0.904348, 0.000000
0.089718, 0.978104, -0.903664, -0.014501
0.089736, 0.277839, 0.099230, 0.312177
0.089865, 0.159263, 0.103624, 0.184542
0.090038, 0.864480, 0.059187, 0.859689
0.090101, 0.144620, 0.104542, 0.168425
0.090304, 0.020661, 0.112299, 0.025627
0.090415, 0.000000, 0.113109, 0.000000
0.090458, 0.761588, 0.077328, 0.786076
0.090610, 0.031595, 0.112077, 0.038941
0.090851, 0.108405, 0.107475, 0.128395
0.090979, 0.297959, 0.099958, 0.333432
0.091138, 0.877452, 0.049025, 0.859984
0.091276, 0.956126, -0.900313, -0.028133
0.091289, 0.784956, 0.075762, 0.805116
0.091348, 0.172447, 0.104768, 0.198934
0.091468, 0.198116, 0.103912, 0.226849
0.091755, 0.571777, 0.090948, 0.612698
0.091846, 0.045107, 0.112758, 0.055222
0.091959, 0.724097, 0.081823, 0.753824
0.092072, 0.890353, 0.133097, 0.954029
0.092203, 0.524063, 0.093550, 0.566076
0.092305, 0.185600, 0.105363, 0.213300
0.092485, 0.072484, 0.111722, 0.087460
0.092595, 0.489150, 0.095360, 0.531190
0.092629, 0.617238, 0.089495, 0.656470
0.092760, 0.583490, 0.091378, 0.624033
0.092968, 0.903204, -0.043502, 0.780575
0.093085, 0.537858, 0.093855, 0.579701
0.094080, 0.476829, 0.097372, 0.518776
0.094128, 0.651036, 0.088943, 0.688066
0.094210, 0.331883, 0.102368, 0.368905
0.094295, 0.916192, -1.083246, -0.247149
0.094429, 0.805705, 0.076011, 0.821133
0.094575, 0.463781, 0.098373, 0.505525
0.094849, 0.131929, 0.110805, 0.154504
0.094942, 0.702333, 0.086169, 0.734594
0.095003, 0.682474, 0.087671, 0.716585
0.095033, 0.450606, 0.099338, 0.492114
0.095056, 0.319179, 0.103723, 0.355648
0.095182, 0.095817, 0.113169, 0.113939
0.095498, 0.265309, 0.106009, 0.298761
0.095823, 0.437250, 0.100647, 0.478450
0.095865, 0.424301, 0.101155, 0.465183
0.095877, 0.058389, 0.116565, 0.070835
0.095952, 0.737230, 0.084213, 0.764770
0.095974, 0.245027, 0.107164, 0.276918
0.096049, 0.929305, -0.858905, -0.009773
0.096254, 0.772945, 0.081071, 0.794714
0.096400, 0.988975, -0.898790, -0.007227
0.096450, 0.410991, 0.102229, 0.451439
0.096809, 0.397762, 0.103055, 0.437731
0.097064, 0.967283, -0.897504, -0.021442
0.097140, 0.287407, 0.107028, 0.322005
0.097153, 0.550939, 0.097323, 0.592375
0.097213, 0.604248, 0.094623, 0.643703
0.097218, 0.232661, 0.108979, 0.263612
0.097332, 0.942667, -0.902219, -0.045255
0.097339, 0.010676, 0.120403, 0.013183
0.097501, 0.346581, 0.105473, 0.384327
0.097517, 0.638228, 0.092929, 0.675878
0.097529, 0.372432, 0.104669, 0.411395
0.097656, 0.385288, 0.104387, 0.424811
0.097805, 0.671400, 0.091010, 0.706307
0.097830, 0.359824, 0.105405, 0.398222
0.097909, 0.219870, 0.110232, 0.249893
0.098768, 0.510906, 0.100757, 0.552657
0.098857, 0.119128, 0.115927, 0.139892
0.098948, 0.306663, 0.108359, 0.342304
0.098999, 0.830781, 0.076361, 0.839726
0.099062, 0.817579, 0.078144, 0.829692
0.099151, 0.750960, 0.085687, 0.776155
0.099580, 0.152540, 0.114961, 0.176746
0.099627, 0.843862, 0.075611, 0.849890
0.099817, 0.082909, 0.119308, 0.098999
0.099903, 0.795619, 0.081508, 0.812566
0.100066, 0.713873, 0.089813, 0.744231
0.100397, 0.205750, 0.113542, 0.234573
0.100791, 0.856886, 0.074540, 0.859136
0.101077, 0.498248, 0.103675, 0.539996
0.101103, 0.591706, 0.099101, 0.631517
0.101495, 0.625995, 0.097469, 0.664182
0.101751, 0.254612, 0.113309, 0.287186
0.101802, 0.036006, 0.123877, 0.043661
0.101945, 0.164686, 0.117144, 0.190097
0.102040, 0.869841, 0.087325, 0.882427
0.102370, 0.530140, 0.103519, 0.571509
0.102424, 0.692867, 0.093643, 0.725510
0.102513, 0.659544, 0.096204, 0.695233
0.102610, 0.564261, 0.102073, 0.605055
0.102812, 0.276114, 0.113690, 0.309999
0.103028, 0.177982, 0.117803, 0.204638
0.103051, 0.577627, 0.101774, 0.617800
0.103158, 0.022743, 0.126290, 0.027746
0.103171, 0.882704, 0.246548, 1.050263
0.103195, 0.106478, 0.121614, 0.125525
0.103268, 1.000000, -0.894909, 0.000000
0.103442, 0.955379, -0.891538, -0.028841
0.103582, 0.977973, -0.894216, -0.014987
0.103743, 0.141444, 0.120358, 0.164507
0.103764, 0.727745, 0.091849, 0.756002
0.103881, 0.783877, 0.086093, 0.802656
0.103901, 0.047666, 0.125796, 0.057522
0.104014, 0.069224, 0.124835, 0.082904
0.104077, 0.762449, 0.088677, 0.785075
0.104138, 0.895492, -0.326128, 0.480682
0.104172, 0.000000, 0.127971, 0.000000
0.104331, 0.191548, 0.118595, 0.219180
0.105010, 0.908287, -1.011623, -0.188812
0.105154, 0.613432, 0.101749, 0.652042
0.105188, 0.484060, 0.108492, 0.525551
0.105278, 0.296492, 0.115626, 0.331357
0.105334, 0.470575, 0.109254, 0.512125
0.105666, 0.338837, 0.114603, 0.376088
0.105779, 0.457214, 0.110266, 0.498516
0.105959, 0.541360, 0.106581, 0.582476
0.105994, 0.326226, 0.115424, 0.362932
0.106085, 0.444019, 0.111117, 0.485028
0.106354, 0.519579, 0.108015, 0.560707
0.106491, 0.646942, 0.100806, 0.683335
0.106527, 0.921327, -0.894893, -0.061143
0.106753, 0.418026, 0.112840, 0.458332
0.106952, 0.314789, 0.116813, 0.350670
0.107113, 0.681018, 0.098833, 0.714386
0.107190, 0.404095, 0.113807, 0.443845
0.107192, 0.430472, 0.112805, 0.471078
0.107463, 0.093501, 0.127253, 0.110619
0.107569, 0.128853, 0.125168, 0.150154
0.107611, 0.741095, 0.093876, 0.767128
0.107619, 0.241519, 0.120210, 0.272780
0.107976, 0.352510, 0.116596, 0.390338
0.107980, 0.807183, 0.086265, 0.820525
0.108254, 0.216037, 0.121855, 0.245275
0.108373, 0.264770, 0.120264, 0.297843
0.108465, 0.378532, 0.116147, 0.417409
0.108511, 0.934093, -0.879429, -0.037077
0.108592, 0.229111, 0.121787, 0.259484
0.108866, 0.552807, 0.108883, 0.593572
0.108869, 0.365866, 0.117068, 0.404271
0.108909, 0.391798, 0.116130, 0.431200
0.108946, 0.703597, 0.098595, 0.734369
0.109098, 0.772821, 0.091645, 0.793088
0.109365, 0.600711, 0.106606, 0.639795
0.109371, 0.822266, 0.084977, 0.831555
0.109829, 0.057309, 0.131986, 0.068663
0.110091, 0.945232, -0.889601, -0.040105
0.110154, 0.988889, -0.889774, -0.007631
0.110233, 0.836061, 0.084076, 0.842138
0.110353, 0.966319, -0.888990, -0.023309
0.110359, 0.634709, 0.105312, 0.671765
0.110515, 0.011183, 0.134572, 0.013560
0.110672, 0.668867, 0.103062, 0.703170
0.111078, 0.718263, 0.099145, 0.746996
0.111239, 0.285932, 0.122587, 0.320145
0.111395, 0.495514, 0.114313, 0.536711
0.111424, 0.849280, 0.079715, 0.848346
0.111434, 0.080182, 0.132403, 0.095089
0.111442, 0.153534, 0.128385, 0.177417
0.111559, 0.202178, 0.126083, 0.230129
0.111572, 0.508160, 0.113903, 0.549463
0.111683, 0.116774, 0.130621, 0.136636
0.111971, 0.753633, 0.096239, 0.777185
0.111975, 0.587322, 0.109967, 0.626843
0.112334, 0.793757, 0.091581, 0.809630
0.112395, 0.032006, 0.135774, 0.038499
0.112806, 0.862282, 0.093283, 0.872257
0.113014, 0.167837, 0.129426, 0.192995
0.113494, 0.305429, 0.124238, 0.340449
0.113521, 0.574335, 0.112267, 0.614263
0.113947, 0.622038, 0.109600, 0.659642
0.114010, 0.251562, 0.126882, 0.283271
0.114164, 0.875159, 0.211022, 0.996233
0.114605, 0.181193, 0.130598, 0.207540
0.114693, 0.530502, 0.115854, 0.571110
0.115061, 0.655867, 0.108143, 0.690924
0.115310, 0.887932, -0.790662, 0.000829
0.115340, 0.103939, 0.135459, 0.121977
0.115418, 0.691211, 0.105499, 0.722835
0.115787, 0.138917, 0.133765, 0.160746
0.115837, 0.043742, 0.139155, 0.052324
0.115910, 0.563173, 0.115275, 0.603276
0.115929, 0.731164, 0.102069, 0.757634
0.116173, 0.332224, 0.126128, 0.368613
0.116203, 0.900715, -0.882014, -0.072942
0.116230, 0.275165, 0.128510, 0.308634
0.116372, 0.410984, 0.123199, 0.450489
0.116505, 0.475139, 0.120495, 0.515909
0.116639, 0.462734, 0.121218, 0.503374
0.116716, 0.067531, 0.139021, 0.080197
0.116816, 0.913687, -0.895250, -0.076476
0.116818, 1.000000, -0.885491, 0.000000
0.116943, 0.437064, 0.122705, 0.477309
0.117025, 0.977480, -0.884904, -0.015789
0.117042, 0.781508, 0.096989, 0.799422
0.117101, 0.449899, 0.122287, 0.490347
0.117261, 0.954886, -0.882649, -0.030939
0.117430, 0.345018, 0.126992, 0.381985
0.117516, 0.021030, 0.141827, 0.025279
0.117648, 0.609402, 0.114015, 0.647523
0.117694, 0.000000, 0.142393, 0.000000
0.118185, 0.318453, 0.128803, 0.353956
0.118426, 0.540913, 0.118997, 0.581014
0.118468, 0.814790, 0.093611, 0.824981
0.118469, 0.212669, 0.133340, 0.241200
0.118592, 0.486548, 0.122052, 0.527094
0.118698, 0.927475, -0.876116, -0.047105
0.118722, 0.192401, 0.134600, 0.219395
0.118733, 0.766386, 0.100350, 0.786873
0.118736, 0.358300, 0.127868, 0.395830
0.118863, 0.710096, 0.106793, 0.739173
0.118941, 0.679166, 0.109779, 0.711887
0.119016, 0.423228, 0.125474, 0.463043
0.119044, 0.384520, 0.127138, 0.423115
0.119201, 0.225222, 0.133724, 0.254903
0.119262, 0.643614, 0.113029, 0.679397
0.119358, 0.520457, 0.121119, 0.561146
0.119460, 0.295229, 0.131167, 0.329584
0.119541, 0.090726, 0.140827, 0.106679
0.119726, 0.238298, 0.133759, 0.268944
0.119790, 0.262537, 0.132798, 0.294746
0.119965, 0.398876, 0.127503, 0.437869
0.120064, 0.371940, 0.128779, 0.410131
0.120115, 0.743181, 0.104328, 0.767239
0.120325, 0.828593, 0.093907, 0.836037
0.120406, 0.551937, 0.120344, 0.591778
0.120719, 0.127101, 0.140256, 0.147753
0.120866, 0.801554, 0.097219, 0.814345
0.120992, 0.596264, 0.118129, 0.634751
0.121892, 0.841835, 0.086120, 0.838763
0.122019, 0.941372, -0.879532, -0.042337
0.122298, 0.054478, 0.145697, 0.064644
0.122325, 0.665382, 0.114057, 0.698842
0.122512, 0.147340, 0.140900, 0.169762
0.122648, 0.499580, 0.125501, 0.539821
0.122672, 0.630685, 0.117237, 0.667087
0.122937, 0.159760, 0.140905, 0.183616
0.123307, 0.698999, 0.111831, 0.728928
0.123437, 0.854811, 0.112019, 0.875128
0.123446, 0.583347, 0.121378, 0.622185
0.123546, 0.078121, 0.145972, 0.092041
0.123556, 0.755716, 0.105707, 0.777258
0.123631, 0.988685, -0.880475, -0.008069
0.123667, 0.965981, -0.879778, -0.024325
0.123755, 0.722079, 0.109823, 0.749178
0.123919, 0.114216, 0.144520, 0.133115
0.124087, 0.510434, 0.126392, 0.550640
0.124566, 0.010517, 0.149701, 0.012585
0.124576, 0.032253, 0.149136, 0.038416
0.124898, 0.172537, 0.142495, 0.197564
0.124982, 0.867651, 0.143642, 0.911539
0.125199, 0.203338, 0.141300, 0.230939
0.125540, 0.307998, 0.137282, 0.342888
0.125612, 0.284721, 0.138307, 0.318223
0.125775, 0.571005, 0.124464, 0.610098
0.126051, 0.789916, 0.102981, 0.804543
0.126082, 0.250033, 0.140150, 0.280987
0.126312, 0.326601, 0.137318, 0.362354
0.126335, 0.617904, 0.121689, 0.654838
0.126432, 0.880382, -0.986790, -0.208781
0.127129, 0.100993, 0.148620, 0.117863
0.127211, 0.411323, 0.134618, 0.450494
0.127356, 0.775533, 0.106168, 0.792789
0.127498, 0.892970, -0.822253, -0.029175
0.127717, 0.431537, 0.134197, 0.471138
0.127915, 0.338541, 0.138586, 0.374945
0.128031, 0.652758, 0.120425, 0.686980
0.128072, 0.918199, -0.872713, -0.059182
0.128155, 0.455713, 0.133510, 0.495898
0.128162, 0.905556, -0.878241, -0.075805
0.128276, 0.467684, 0.133026, 0.508016
0.128295, 0.184037, 0.145708, 0.209940
0.128332, 0.531259, 0.129517, 0.571330
0.128422, 0.272475, 0.141841, 0.304974
0.128570, 0.389868, 0.137018, 0.428261
0.128658, 0.443151, 0.134649, 0.483083
0.128874, 0.065084, 0.152378, 0.076661
0.129093, 0.479637, 0.133241, 0.520027
0.129168, 0.734426, 0.113073, 0.759053
0.129215, 0.351056, 0.139467, 0.388037
0.129398, 0.558571, 0.128829, 0.597767
0.129414, 0.363803, 0.139078, 0.401193
0.129423, 0.216614, 0.145381, 0.245107
0.129484, 0.676387, 0.119584, 0.708090
0.129501, 0.809088, 0.102679, 0.818718
0.129512, 0.042954, 0.154011, 0.050817
0.129553, 0.953516, -0.874326, -0.033179
0.129734, 0.604984, 0.125910, 0.642319
0.129964, 0.688107, 0.118877, 0.718767
0.130192, 0.821601, 0.100235, 0.827113
0.130236, 1.000000, -0.875960, 0.000000
0.130274, 0.136699, 0.150253, 0.157742
0.130438, 0.977281, -0.875405, -0.016436
0.130470, 0.229274, 0.146006, 0.258771
0.130498, 0.544667, 0.130817, 0.584150
0.130528, 0.931645, -0.870811, -0.048102
0.130642, 0.709657, 0.117186, 0.737316
0.130663, 0.491937, 0.134159, 0.532200
0.131257, 0.639359, 0.124594, 0.674433
0.131293, 0.021315, 0.156681, 0.025308
0.131327, 0.260437, 0.145490, 0.291934
0.131564, 0.377705, 0.140723, 0.415455
0.131603, 0.000000, 0.157388, 0.000000
0.131619, 0.298083, 0.144300, 0.332152
0.132161, 0.834502, 0.087369, 0.824451
0.132197, 0.088160, 0.155054, 0.103097
0.132205, 0.747908, 0.113927, 0.769855
0.132746, 0.519172, 0.134701, 0.559227
0.132830, 0.317209, 0.144796, 0.352299
0.132836, 0.241014, 0.148073, 0.271251
0.132981, 0.592129, 0.129995, 0.629837
0.133160, 0.194971, 0.150572, 0.221570
0.133169, 0.123799, 0.154385, 0.143434
0.133183, 0.762497, 0.112742, 0.781597
0.133258, 0.421661, 0.140436, 0.460655
0.133430, 0.150524, 0.152990, 0.172809
0.133501, 0.400755, 0.141776, 0.439437
0.133931, 0.847384, 0.143437, 0.890886
0.134111, 0.665761, 0.124825, 0.698143
0.134748, 0.163831, 0.153792, 0.187406
0.134974, 0.626406, 0.129183, 0.662057
0.135177, 0.720893, 0.119835, 0.746399
0.135348, 0.075821, 0.158909, 0.088700
0.135380, 0.505679, 0.138186, 0.545782
0.135516, 0.579720, 0.133369, 0.617778
0.135618, 0.053027, 0.160177, 0.062315
0.135653, 0.860203, 0.024835, 0.775533
0.135681, 0.799017, 0.108851, 0.809671
0.135859, 0.110606, 0.157740, 0.128197
0.136143, 0.942785, -0.869339, -0.042098
0.136424, 0.965458, -0.870622, -0.025375
0.136791, 0.698502, 0.123843, 0.727092
0.137000, 0.988580, -0.870891, -0.008402
0.137311, 0.872948, -1.034956, -0.271419
0.137419, 0.785110, 0.112629, 0.798968
0.137475, 0.567161, 0.136189, 0.605529
0.137537, 0.288989, 0.151089, 0.322157
0.137649, 0.207174, 0.154952, 0.234569
0.137858, 0.032251, 0.163576, 0.038048
0.137926, 0.329401, 0.149746, 0.364890
0.138213, 0.175704, 0.157067, 0.200269
0.138457, 0.010779, 0.164664, 0.012750
0.138534, 0.613486, 0.133634, 0.649611
0.138769, 0.277921, 0.152889, 0.310279
0.138866, 0.885587, -0.833427, -0.056485
0.138967, 0.773228, 0.115779, 0.789354
0.139116, 0.922053, -0.864311, -0.056836
0.139173, 0.098129, 0.162124, 0.113997
0.139244, 0.448223, 0.145315, 0.487471
0.139253, 0.342421, 0.150597, 0.378526
0.139535, 0.656430, 0.130703, 0.689095
0.139630, 0.367689, 0.149786, 0.404768
0.139721, 0.434029, 0.146534, 0.472913
0.139756, 0.897936, -0.860247, -0.074057
0.139907, 0.538381, 0.140604, 0.577489
0.140061, 0.307731, 0.153049, 0.342016
0.140089, 0.472379, 0.144835, 0.511770
0.140102, 0.388998, 0.149269, 0.426848
0.140103, 0.910219, -0.862989, -0.066448
0.140207, 0.460151, 0.145647, 0.499463
0.140288, 0.813197, 0.107458, 0.817145
0.140325, 0.410956, 0.148452, 0.449599
0.140361, 0.552707, 0.140037, 0.591230
0.140432, 0.730660, 0.123099, 0.754039
0.140555, 0.252828, 0.156076, 0.283651
0.140781, 0.678059, 0.129623, 0.708578
0.140836, 0.645402, 0.132946, 0.678823
0.140918, 0.219513, 0.157923, 0.247666
0.140921, 0.355416, 0.151701, 0.391812
0.141287, 0.266207, 0.156208, 0.297795
0.141375, 0.483839, 0.145475, 0.523154
0.141393, 0.063119, 0.165979, 0.073735
0.141594, 0.495641, 0.144989, 0.534939
0.141962, 0.600618, 0.137972, 0.637204
0.141972, 0.741708, 0.122903, 0.763269
0.141982, 0.526990, 0.143461, 0.566312
0.142070, 0.826468, 0.099382, 0.820153
0.142227, 0.187043, 0.160948, 0.212445
0.142668, 0.142313, 0.163570, 0.163165
0.142730, 0.230858, 0.159352, 0.259749
0.142896, 0.954287, -0.864891, -0.033775
0.142935, 0.710117, 0.127863, 0.736447
0.143575, 1.000000, -0.866224, 0.000000
0.143590, 0.131431, 0.165441, 0.151299
0.143601, 0.754140, 0.122434, 0.773327
0.143744, 0.976958, -0.865746, -0.017163
0.143749, 0.042759, 0.169522, 0.050122
0.144146, 0.839559, 0.217555, 0.948411
0.144176, 0.633684, 0.137157, 0.667768
0.144276, 0.932023, -0.861753, -0.050164
0.144435, 0.156031, 0.164899, 0.178300
0.144455, 0.688496, 0.131766, 0.717395
0.144625, 0.241941, 0.160930, 0.271598
0.144861, 0.514313, 0.147158, 0.553506
0.145118, 0.378438, 0.155139, 0.415786
0.145125, 0.021720, 0.171614, 0.025530
0.145326, 0.085203, 0.169305, 0.098863
0.145353, 0.000000, 0.172191, 0.000000
0.145356, 0.118662, 0.167767, 0.136691
0.145421, 0.587918, 0.142340, 0.624906
0.145807, 0.318807, 0.158701, 0.353331
0.145929, 0.422333, 0.153739, 0.461021
0.146044, 0.298203, 0.159968, 0.331667
0.146071, 0.852537, -0.152776, 0.580291
0.146435, 0.199098, 0.165035, 0.225386
0.146623, 0.792444, 0.118491, 0.802820
0.146777, 0.399433, 0.155778, 0.437255
0.146810, 0.667254, 0.136244, 0.698230
0.146832, 0.073407, 0.171553, 0.085378
0.147464, 0.575597, 0.145314, 0.612993
0.147487, 0.562464, 0.146340, 0.600245
0.147509, 0.765272, 0.123848, 0.781575
0.147577, 0.621424, 0.141491, 0.656145
0.147933, 0.865474, -1.023387, -0.274468
0.148040, 0.167685, 0.168316, 0.190954
0.148360, 0.805027, 0.117136, 0.811604
0.148478, 0.720936, 0.131247, 0.744896
0.148693, 0.442352, 0.155415, 0.480954
0.148808, 0.332226, 0.161268, 0.367237
0.148889, 0.107493, 0.172334, 0.124052
0.149570, 0.965636, -0.860900, -0.025903
0.149668, 0.285545, 0.164425, 0.317945
0.149679, 0.878420, -0.839996, -0.079083
0.149688, 0.053041, 0.175536, 0.061829
0.149697, 0.503322, 0.152707, 0.542081
0.149728, 0.943344, -0.859285, -0.042647
0.149925, 0.545295, 0.150035, 0.583466
0.149974, 0.700256, 0.135233, 0.726981
0.150196, 0.988193, -0.861130, -0.008922
0.150232, 0.778364, 0.123701, 0.791189
0.150490, 0.211454, 0.168930, 0.238623
0.150522, 0.344668, 0.162475, 0.380130
0.150584, 0.095516, 0.174716, 0.110409
0.150891, 0.918580, -0.855327, -0.060741
0.150908, 0.608820, 0.145804, 0.644154
0.151007, 0.654317, 0.141427, 0.685913
0.151043, 0.366780, 0.161995, 0.403339
0.151073, 0.467254, 0.156376, 0.505881
0.151359, 0.891486, -0.849800, -0.079172
0.151447, 0.273516, 0.167011, 0.305232
0.151664, 0.904476, -0.853551, -0.071718
0.151733, 0.032675, 0.178590, 0.038209
0.151783, 0.818473, 0.121712, 0.826008
0.151959, 0.260399, 0.168170, 0.291162
0.151995, 0.179082, 0.172139, 0.203272
0.152148, 0.011007, 0.179404, 0.012896
0.152201, 0.454175, 0.158364, 0.492787
0.152500, 0.733042, 0.132944, 0.754460
0.152538, 0.410434, 0.161241, 0.448275
0.152811, 0.355981, 0.164356, 0.391816
0.152920, 0.478822, 0.157563, 0.517454
0.153077, 0.534418, 0.153960, 0.572619
0.153101, 0.147837, 0.174912, 0.168834
0.153102, 0.490502, 0.156978, 0.529051
0.153166, 0.388130, 0.163157, 0.425432
0.153483, 0.223539, 0.171625, 0.251525
0.153537, 0.642146, 0.145041, 0.674704
0.153645, 0.431818, 0.161205, 0.470123
0.153988, 0.677681, 0.141535, 0.706745
0.154026, 0.248411, 0.171003, 0.278234
0.154045, 0.831556, 0.287303, 1.000248
0.154111, 0.745106, 0.132453, 0.764187
0.154241, 0.308671, 0.168362, 0.342410
0.154293, 0.595887, 0.150208, 0.631784
0.154375, 0.522368, 0.156111, 0.560637
0.154850, 0.125381, 0.177930, 0.143759
0.154910, 0.063896, 0.180695, 0.074103
0.155263, 0.190837, 0.175104, 0.215883
0.155314, 0.554802, 0.154633, 0.592334
0.155456, 0.235318, 0.173182, 0.264064
0.156212, 0.844550, -0.439504, 0.276094
0.156256, 0.711196, 0.139249, 0.735495
0.156354, 0.932133, -0.853208, -0.051473
0.156396, 0.953799, -0.854938, -0.035151
0.156715, 1.000000, -0.856429, 0.000000
0.156789, 0.630013, 0.149311, 0.663308
0.156990, 0.137172, 0.179894, 0.156946
0.157003, 0.323015, 0.170598, 0.357320
0.157030, 0.756521, 0.132977, 0.772912
0.157196, 0.787556, 0.127047, 0.796625
0.157216, 0.690826, 0.142785, 0.717796
0.157539, 0.976732, -0.855480, -0.017812
0.157575, 0.077024, 0.183324, 0.089146
0.157607, 0.159115, 0.179386, 0.181128
0.157624, 0.294984, 0.172622, 0.327634
0.157888, 0.582499, 0.154868, 0.618918
0.157909, 0.568807, 0.156063, 0.605823
0.158210, 0.376191, 0.169098, 0.412725
0.158217, 0.043457, 0.185263, 0.050534
0.158231, 0.857509, -0.922511, -0.188754
0.158339, 0.664012, 0.147036, 0.693929
0.158686, 0.510509, 0.161276, 0.548646
0.158854, 0.022101, 0.186429, 0.025759
0.158948, 0.000000, 0.186750, 0.000000
0.159002, 0.799247, 0.125630, 0.804715
0.159188, 0.420921, 0.167576, 0.458581
0.159296, 0.203533, 0.178925, 0.229506
0.159533, 0.088343, 0.184777, 0.101832
0.159678, 0.114398, 0.183680, 0.131155
0.159885, 0.768568, 0.133157, 0.781957
0.159979, 0.398725, 0.169769, 0.436039
0.160042, 0.617805, 0.153593, 0.651754
0.160168, 0.870503, -0.853987, -0.109889
0.160293, 0.336527, 0.173457, 0.371390
0.160529, 0.443535, 0.167663, 0.481719
0.160892, 0.723315, 0.141459, 0.745044
0.161015, 0.101794, 0.185998, 0.117101
0.161159, 0.811127, 0.129355, 0.817832
0.161393, 0.463188, 0.167233, 0.501256
0.161508, 0.170653, 0.183111, 0.193624
0.161710, 0.281689, 0.177827, 0.313547
0.161855, 0.883600, -0.837809, -0.083314
0.162055, 0.964129, -0.851272, -0.027651
0.162234, 0.498279, 0.165702, 0.536232
0.162341, 0.921957, -0.847387, -0.059728
0.162390, 0.910106, -0.845930, -0.068458
0.162581, 0.268369, 0.179342, 0.299137
0.162765, 0.651106, 0.152556, 0.681919
0.162861, 0.349364, 0.175513, 0.384655
0.163086, 0.989495, -0.851331, -0.008140
0.163107, 0.605633, 0.157691, 0.640122
0.163325, 0.544134, 0.163316, 0.581130
0.163473, 0.216471, 0.182944, 0.243418
0.163544, 0.362991, 0.175459, 0.398710
0.163571, 0.054503, 0.190708, 0.063106
0.163586, 0.943407, -0.848824, -0.043673
0.163677, 0.897009, -0.844014, -0.079140
0.163799, 0.701546, 0.147102, 0.726163
0.163873, 0.255064, 0.181422, 0.284878
0.163941, 0.823748, 0.276922, 0.971768
0.164113, 0.474950, 0.169276, 0.513031
0.164362, 0.735674, 0.142416, 0.754745
0.164755, 0.531169, 0.165789, 0.568509
0.164854, 0.409271, 0.174223, 0.446477
0.164907, 0.778929, 0.135262, 0.789030
0.165287, 0.683361, 0.150855, 0.710101
0.165357, 0.182382, 0.186759, 0.206282
0.165367, 0.148190, 0.188538, 0.168735
0.165431, 0.315216, 0.179960, 0.348493
0.165433, 0.486325, 0.169852, 0.524389
0.165568, 0.033393, 0.193545, 0.038755
0.165585, 0.241894, 0.183965, 0.270685
0.165629, 0.010798, 0.193868, 0.012544
0.165701, 0.387218, 0.176412, 0.423763
0.165761, 0.558034, 0.164503, 0.594127
0.166043, 0.638705, 0.156969, 0.670312
0.166158, 0.593576, 0.161746, 0.628398
0.166231, 0.836455, -0.727225, -0.027501
0.166245, 0.228364, 0.185383, 0.256128
0.166483, 0.432386, 0.174503, 0.469948
0.166515, 0.127791, 0.190746, 0.145952
0.166565, 0.671359, 0.153540, 0.699398
0.166590, 0.302372, 0.181881, 0.334905
0.166654, 0.067388, 0.193329, 0.077662
0.166656, 0.453745, 0.173286, 0.491512
0.166835, 0.518726, 0.168831, 0.556168
0.166933, 0.747430, 0.142527, 0.763842
0.167334, 0.194410, 0.188160, 0.219128
0.168405, 0.849184, -0.818080, -0.100684
0.168533, 0.571737, 0.165979, 0.606950
0.168897, 0.713690, 0.149692, 0.735727
0.169020, 0.328028, 0.183136, 0.361780
0.169284, 0.791191, 0.137328, 0.798609
0.169313, 0.626464, 0.161351, 0.658728
0.169750, 0.759267, 0.142604, 0.772698
0.169822, 0.932687, -0.843104, -0.052364
0.169874, 0.080167, 0.196634, 0.092245
0.169896, 0.290560, 0.186192, 0.322476
0.169915, 0.374920, 0.181540, 0.410739
0.169933, 0.582580, 0.166349, 0.617264
0.170112, 0.160694, 0.193116, 0.182292
0.170329, 0.980671, -0.845483, -0.015146
0.170464, 0.861851, -0.845674, -0.119023
0.170548, 1.000000, -0.845627, 0.000000
0.170708, 0.954275, -0.844108, -0.035748
0.170960, 0.970099, -0.844644, -0.023426
0.171060, 0.093133, 0.197133, 0.106740
0.171145, 0.659609, 0.159140, 0.688477
0.171295, 0.208366, 0.191898, 0.234218
0.171408, 0.505474, 0.174406, 0.542700
0.171428, 0.117889, 0.196464, 0.134559
0.171475, 0.803397, 0.142871, 0.813792
0.171508, 0.421472, 0.180431, 0.458603
0.171822, 0.137767, 0.196096, 0.156805
0.171871, 0.106074, 0.197691, 0.121425
0.172079, 0.021492, 0.200592, 0.024851
0.172192, 0.692965, 0.155618, 0.717659
0.172362, 0.340391, 0.186020, 0.374525
0.172472, 0.874330, -0.832924, -0.096341
0.172510, 0.045042, 0.200465, 0.051943
0.172619, 0.000000, 0.201430, 0.000000
0.172633, 0.614217, 0.165771, 0.646990
0.173008, 0.276084, 0.190072, 0.306514
0.173162, 0.467103, 0.179107, 0.504764
0.173217, 0.725945, 0.151348, 0.745224
0.173300, 0.262060, 0.191273, 0.291815
0.173417, 0.442823, 0.180955, 0.479986
0.173493, 0.397295, 0.183891, 0.433395
0.173710, 0.815692, 0.258196, 0.935297
0.173782, 0.920422, -0.838597, -0.062187
0.173815, 0.770390, 0.143574, 0.780429
0.174006, 0.886282, -0.832786, -0.086812
0.174027, 0.908410, -0.836950, -0.071239
0.174073, 0.352713, 0.187106, 0.387197
0.174408, 0.173130, 0.197207, 0.195744
0.175094, 0.647394, 0.164237, 0.677055
0.175134, 0.550012, 0.174461, 0.586046
0.175355, 0.537963, 0.175734, 0.574376
0.175357, 0.363806, 0.187866, 0.398738
0.175439, 0.248962, 0.194358, 0.277798
0.175487, 0.493922, 0.179489, 0.531334
0.175633, 0.602075, 0.169873, 0.635273
0.175658, 0.409605, 0.185413, 0.445948
0.175910, 0.308695, 0.191606, 0.341152
0.175941, 0.058045, 0.203926, 0.066767
0.176137, 0.897265, -0.834126, -0.080308
0.176223, 0.828278, -0.812388, -0.128348
0.176248, 0.678842, 0.161136, 0.704579
0.176412, 0.235034, 0.196105, 0.262751
0.176516, 0.563225, 0.174578, 0.598527
0.176738, 0.738073, 0.152103, 0.754472
0.176964, 0.526008, 0.178329, 0.562540
0.177054, 0.704771, 0.158031, 0.726995
0.177079, 0.480193, 0.182140, 0.517574
0.177128, 0.221088, 0.197686, 0.247772
0.177605, 0.942749, -0.838053, -0.045228
0.177663, 0.150273, 0.201910, 0.170402
0.177692, 0.197940, 0.199312, 0.222430
0.177846, 0.782259, 0.143890, 0.788275
0.177858, 0.989397, -0.839806, -0.008410
0.178004, 0.320549, 0.193249, 0.353606
0.178018, 0.384504, 0.189503, 0.420164
0.178219, 0.031969, 0.206975, 0.036818
0.178326, 0.185379, 0.200667, 0.208730
0.178375, 0.513892, 0.180715, 0.550475
0.178392, 0.455917, 0.185172, 0.492876
0.178501, 0.071124, 0.205967, 0.081477
0.178514, 0.840937, -0.809782, -0.109625
0.178633, 0.635123, 0.168962, 0.665479
0.179311, 0.590046, 0.174611, 0.623576
0.179373, 0.010805, 0.208634, 0.012460
0.179519, 0.963271, -0.837698, -0.029177
0.179588, 0.750021, 0.152102, 0.763417
0.180024, 0.431572, 0.188540, 0.468176
0.180030, 0.285581, 0.197227, 0.316354
0.180146, 0.667692, 0.166139, 0.694388
0.180676, 0.126613, 0.206264, 0.143939
0.180734, 0.853627, -0.821902, -0.112283
0.181110, 0.298159, 0.197734, 0.329675
0.181197, 0.576921, 0.177782, 0.611173
0.181248, 0.085212, 0.208779, 0.097510
0.181347, 0.794772, 0.143250, 0.796441
0.181759, 0.716593, 0.160069, 0.736106
0.181814, 0.622952, 0.173342, 0.653935
0.181894, 0.332839, 0.196769, 0.366400
0.182374, 0.098768, 0.209260, 0.112638
0.182503, 0.162935, 0.206524, 0.184076
0.182667, 0.930652, -0.833068, -0.055109
0.182692, 0.112981, 0.209220, 0.128715
0.182727, 0.268474, 0.201152, 0.298164
0.182874, 0.372129, 0.195359, 0.407039
0.182939, 0.866310, -0.825516, -0.105991
0.182977, 0.687188, 0.165799, 0.710806
0.183082, 0.761597, 0.152436, 0.771629
0.183451, 0.976774, -0.835090, -0.018586
0.183475, 0.209346, 0.205157, 0.234651
0.183698, 0.418860, 0.193233, 0.455046
0.183704, 0.807263, 0.232943, 0.891874
0.184061, 0.656184, 0.171204, 0.683680
0.184268, 0.139786, 0.209450, 0.158319
0.184350, 1.000000, -0.834786, 0.000000
0.184501, 0.041257, 0.213513, 0.047337
0.184593, 0.345369, 0.198900, 0.379330
0.184616, 0.467958, 0.190632, 0.504498
0.184724, 0.445216, 0.192421, 0.481632
0.185024, 0.952322, -0.832778, -0.038152
0.185256, 0.917246, -0.829552, -0.065843
0.185286, 0.610718, 0.177996, 0.642245
0.185302, 0.878922, -0.824003, -0.094924
0.185378, 0.404611, 0.195855, 0.440170
0.185499, 0.256678, 0.204838, 0.285482
0.185608, 0.503917, 0.188795, 0.540210
0.185810, 0.728675, 0.161280, 0.745283
0.185919, 0.021592, 0.215466, 0.024794
0.186032, 0.819779, -0.840469, -0.173028
0.186098, 0.697436, 0.166895, 0.719186
0.186234, 0.243248, 0.206279, 0.270963
0.186264, 0.000000, 0.216114, 0.000000
0.186394, 0.357950, 0.199934, 0.392089
0.186570, 0.051912, 0.215496, 0.059441
0.186644, 0.392931, 0.198014, 0.428288
0.186667, 0.904485, -0.826942, -0.075932
0.186676, 0.490851, 0.190955, 0.527257
0.186754, 0.554582, 0.185319, 0.589131
0.186829, 0.542628, 0.186551, 0.577740
0.186839, 0.773450, 0.152252, 0.779331
0.187121, 0.566597, 0.184482, 0.600562
0.187213, 0.891037, -0.824565, -0.086274
0.187223, 0.310719, 0.203591, 0.342606
0.187280, 0.174497, 0.211071, 0.196443
0.187462, 0.644121, 0.175879, 0.672423
0.187625, 0.230222, 0.208561, 0.256977
0.187709, 0.530609, 0.188532, 0.566063
0.188184, 0.598769, 0.182088, 0.630876
0.188309, 0.277585, 0.206754, 0.307660
0.188316, 0.196174, 0.211075, 0.220041
0.188468, 0.832434, -0.804543, -0.121895
0.188589, 0.517951, 0.190542, 0.553691
0.188770, 0.063464, 0.217555, 0.072522
0.189254, 0.740780, 0.161779, 0.754358
0.189478, 0.676193, 0.173137, 0.700400
0.189546, 0.076191, 0.217666, 0.086811
0.189625, 0.478674, 0.194873, 0.514782
0.189766, 0.153388, 0.214935, 0.173209
0.190060, 0.323203, 0.205864, 0.355506
0.190329, 0.785720, 0.150883, 0.786646
0.190770, 0.988338, -0.829663, -0.009446
0.190784, 0.845140, -0.813441, -0.121174
0.190823, 0.218454, 0.212695, 0.244142
0.190922, 0.381220, 0.203256, 0.415939
0.190923, 0.708286, 0.169149, 0.727553
0.190937, 0.456264, 0.197932, 0.492203
0.191005, 0.585915, 0.186193, 0.618583
0.191097, 0.965681, -0.828726, -0.027764
0.191125, 0.184584, 0.214726, 0.207250
0.191229, 0.631682, 0.180930, 0.660691
0.191589, 0.436487, 0.200121, 0.472320
0.191648, 0.940458, -0.826982, -0.048074
0.191700, 0.289818, 0.209730, 0.320475
0.192445, 0.129861, 0.218793, 0.146912
0.192484, 0.105041, 0.219994, 0.119273
0.192529, 0.752680, 0.161967, 0.763037
0.192556, 0.090541, 0.220582, 0.102969
0.192656, 0.031954, 0.222601, 0.036575
0.193047, 0.857928, -0.814247, -0.111930
0.193089, 0.011047, 0.223357, 0.012655
0.193171, 0.425721, 0.202497, 0.461190
0.193368, 0.798360, 0.238801, 0.879547
0.193418, 0.118190, 0.220527, 0.133970
0.193437, 0.665201, 0.178267, 0.690218
0.194229, 0.619486, 0.185248, 0.649237
0.194335, 0.368807, 0.207642, 0.402873
0.194380, 0.335681, 0.209715, 0.368308
0.194451, 0.926503, -0.823438, -0.059437
0.194511, 0.412440, 0.204796, 0.447497
0.194541, 0.301363, 0.212096, 0.332485
0.194822, 0.719678, 0.170283, 0.736203
0.194973, 0.574692, 0.191190, 0.607517
0.195338, 0.686836, 0.176525, 0.708590
0.195348, 0.870912, -0.815631, -0.103208
0.195373, 0.266238, 0.214954, 0.295116
0.195646, 0.205597, 0.218571, 0.229907
0.195730, 0.166057, 0.220921, 0.186952
0.195833, 0.810954, -0.862252, -0.212260
0.196010, 0.764585, 0.161719, 0.771065
0.196042, 0.251991, 0.216342, 0.279695
0.196065, 0.143356, 0.222068, 0.161660
0.196595, 0.653633, 0.182772, 0.679578
0.196723, 0.346867, 0.211471, 0.379775
0.196781, 0.912389, -0.820072, -0.070880
0.196997, 0.954443, -0.823394, -0.037131
0.197074, 0.977247, -0.824448, -0.018574
0.197112, 0.466478, 0.203389, 0.501873
0.197407, 0.400108, 0.208761, 0.434918
0.197417, 0.499712, 0.200932, 0.534968
0.197422, 0.043623, 0.227549, 0.049800
0.197590, 1.000000, -0.824294, 0.000000
0.197651, 0.898337, -0.817664, -0.082088
0.197877, 0.239442, 0.219181, 0.266339
0.198087, 0.511523, 0.200540, 0.546511
0.198115, 0.607048, 0.190410, 0.637395
0.198117, 0.357770, 0.212291, 0.391098
0.198188, 0.561798, 0.195658, 0.594974
0.198189, 0.549298, 0.196968, 0.583079
0.198227, 0.823541, -0.795927, -0.131086
0.198260, 0.884211, -0.815266, -0.093079
0.198444, 0.446555, 0.206450, 0.482121
0.198521, 0.731600, 0.170856, 0.744978
0.198735, 0.536950, 0.198749, 0.571179
0.198737, 0.698097, 0.177496, 0.717538
0.198899, 0.487926, 0.203437, 0.523162
0.199016, 0.313918, 0.216125, 0.345451
0.199374, 0.524632, 0.200588, 0.559224
0.199380, 0.641204, 0.187046, 0.668104
0.199477, 0.776710, 0.162231, 0.780140
0.199718, 0.079806, 0.228554, 0.090548
0.199730, 0.000000, 0.230593, 0.000000
0.199913, 0.022173, 0.230525, 0.025309
0.199938, 0.594765, 0.193608, 0.625786
0.200058, 0.055350, 0.230066, 0.063037
0.200059, 0.279107, 0.219227, 0.308492
0.200106, 0.388596, 0.212370, 0.422903
0.200327, 0.227174, 0.222495, 0.252990
0.200333, 0.192149, 0.224394, 0.215062
0.200685, 0.836119, -0.804307, -0.129970
0.200801, 0.067086, 0.230435, 0.076261
0.201933, 0.743751, 0.170653, 0.753445
0.201941, 0.178035, 0.227021, 0.199717
0.201946, 0.476037, 0.207502, 0.511046
0.201973, 0.326564, 0.218453, 0.358481
0.202242, 0.098288, 0.230793, 0.111302
0.202264, 0.155520, 0.228341, 0.174869
0.202397, 0.675463, 0.184489, 0.697709
0.202538, 0.789248, 0.248005, 0.870887
0.203029, 0.848562, -0.805220, -0.121177
0.203183, 0.133515, 0.230293, 0.150481
0.203507, 0.214979, 0.226629, 0.239672
0.203621, 0.376412, 0.216866, 0.410076
0.203712, 0.945030, -0.817406, -0.045190
0.203712, 0.420427, 0.213717, 0.454931
0.203805, 0.628349, 0.192857, 0.656005
0.203810, 0.291701, 0.222519, 0.321633
0.203973, 0.434452, 0.212944, 0.469177
0.204019, 0.966006, -0.818357, -0.028012
0.204037, 0.988807, -0.818874, -0.009241
0.204062, 0.710114, 0.179703, 0.726479
0.204134, 0.582214, 0.199044, 0.613540
0.204611, 0.933841, -0.815972, -0.054374
0.204702, 0.109859, 0.233029, 0.124141
0.204802, 0.457226, 0.212093, 0.492367
0.205240, 0.860827, -0.805864, -0.112164
0.205315, 0.259470, 0.225939, 0.287178
0.205378, 0.755746, 0.169570, 0.760842
0.205398, 0.801921, -0.860444, -0.228255
0.205471, 0.122045, 0.233219, 0.137602
0.205992, 0.664044, 0.189484, 0.687262
0.206101, 0.920738, -0.813643, -0.065120
0.206139, 0.034172, 0.237141, 0.038901
0.206317, 0.616073, 0.196840, 0.644590
0.206498, 0.011449, 0.237754, 0.013042
0.206863, 0.087900, 0.236070, 0.099443
0.206921, 0.408175, 0.218044, 0.442447
0.207123, 0.304019, 0.225275, 0.334364
0.207291, 0.570427, 0.203420, 0.602148
0.207351, 0.686704, 0.186796, 0.706375
0.207388, 0.721896, 0.180001, 0.735264
0.207408, 0.872722, -0.806476, -0.103546
0.207447, 0.201806, 0.231618, 0.225193
0.207650, 0.364434, 0.221916, 0.397437
0.207930, 0.814599, -0.792024, -0.145288
0.207933, 0.339231, 0.223980, 0.371369
0.208026, 0.907044, -0.810552, -0.076358
0.208233, 0.651458, 0.193444, 0.675837
0.208555, 0.248061, 0.230232, 0.274975
0.208701, 0.270364, 0.229071, 0.298752
0.208741, 0.767631, 0.170290, 0.769993
0.208745, 0.166712, 0.234902, 0.186907
0.208793, 0.145178, 0.235834, 0.163096
0.208922, 0.894417, -0.808331, -0.086604
0.209035, 0.556750, 0.206629, 0.588957
0.209099, 0.351436, 0.224316, 0.383845
0.209515, 0.506826, 0.212315, 0.540813
0.209592, 0.543873, 0.208589, 0.576640
0.209739, 0.494913, 0.213687, 0.529160
0.209941, 0.235952, 0.232309, 0.261793
0.210012, 0.519030, 0.211597, 0.552640
0.210140, 0.046694, 0.241272, 0.053045
0.210142, 0.396351, 0.222255, 0.430107
0.210277, 0.699340, 0.186906, 0.716410
0.210427, 0.977786, -0.813575, -0.018472
0.210438, 0.827218, -0.794120, -0.137588
0.210656, 0.531725, 0.210938, 0.564916
0.210663, 0.638525, 0.197584, 0.664025
0.210695, 0.602796, 0.202641, 0.631826
0.210725, 0.883460, -0.805260, -0.095517
0.210789, 0.316304, 0.228387, 0.347018
0.210797, 0.445279, 0.219018, 0.479443
0.210822, 0.073716, 0.240878, 0.083388
0.210896, 0.734595, 0.179912, 0.744387
0.210977, 0.955214, -0.812021, -0.037217
0.211049, 0.482598, 0.216152, 0.516940
0.211103, 1.000000, -0.813235, 0.000000
0.211276, 0.188161, 0.236546, 0.210215
0.211451, 0.590706, 0.204873, 0.620436
0.211513, 0.468060, 0.217911, 0.502443
0.211742, 0.780147, 0.248156, 0.853013
0.212459, 0.282631, 0.232377, 0.311569
0.212788, 0.384421, 0.225876, 0.417663
0.212918, 0.000000, 0.244681, 0.000000
0.212958, 0.426827, 0.222753, 0.460740
0.212959, 0.023520, 0.244561, 0.026711
0.213023, 0.223950, 0.236490, 0.248892
0.213045, 0.059896, 0.243849, 0.067828
0.213062, 0.839739, -0.796052, -0.130004
0.213265, 0.328386, 0.230237, 0.359523
0.214604, 0.133775, 0.242751, 0.150307
0.214626, 0.746930, 0.180095, 0.753242
0.214657, 0.792747, -0.842212, -0.228040
0.214758, 0.098602, 0.244396, 0.111218
0.215358, 0.674865, 0.195744, 0.694950
0.215448, 0.211225, 0.239688, 0.234885
0.215512, 0.155712, 0.242646, 0.174397
0.215518, 0.852129, -0.796425, -0.120780
0.215792, 0.176635, 0.242000, 0.197380
0.216084, 0.295314, 0.235461, 0.324759
0.216198, 0.929096, -0.806202, -0.059161
0.216314, 0.111745, 0.245453, 0.125742
0.216319, 0.942812, -0.806996, -0.047817
0.216428, 0.372093, 0.230597, 0.404767
0.216508, 0.625490, 0.204796, 0.651532
0.216518, 0.415393, 0.227374, 0.448986
0.217082, 0.712254, 0.189799, 0.725518
0.217138, 0.967081, -0.807671, -0.027605
0.217189, 0.455659, 0.224602, 0.489223
0.217334, 0.915224, -0.803995, -0.070648
0.217337, 0.259127, 0.239013, 0.286274
0.217340, 0.084308, 0.247505, 0.095061
0.217391, 0.805524, -0.785806, -0.157132
0.217403, 0.613487, 0.207340, 0.640557
0.217473, 0.661571, 0.199916, 0.683303
0.217521, 0.578976, 0.212056, 0.608803
0.217573, 0.988929, -0.807697, -0.009305
0.217763, 0.122744, 0.246528, 0.137877
0.217789, 0.565349, 0.214020, 0.596105
0.217914, 0.864354, -0.796775, -0.111657
0.218375, 0.758488, 0.185149, 0.766092
0.218491, 0.436312, 0.227706, 0.470013
0.218499, 0.687914, 0.195958, 0.705134
0.219037, 0.725134, 0.188547, 0.735234
0.219164, 0.036041, 0.250869, 0.040783
0.219199, 0.198472, 0.244523, 0.220960
0.219235, 0.011346, 0.251355, 0.012852
0.219383, 0.358951, 0.234636, 0.390967
0.219561, 0.648651, 0.203916, 0.671686
0.219798, 0.308007, 0.238566, 0.337830
0.219857, 0.551139, 0.217665, 0.582316
0.219990, 0.901212, -0.800252, -0.082389
0.220037, 0.818264, -0.785373, -0.146932
0.220040, 0.404012, 0.231901, 0.437113
0.220180, 0.245168, 0.242693, 0.270959
0.220188, 0.346228, 0.236434, 0.377808
0.220600, 0.272443, 0.241651, 0.300181
0.220845, 0.876209, -0.796340, -0.102739
0.220878, 0.476817, 0.226441, 0.510023
0.220887, 0.770940, 0.257500, 0.844292
0.220914, 0.700609, 0.195412, 0.715095
0.221260, 0.501720, 0.224456, 0.534672
0.221278, 0.513898, 0.223215, 0.546520
0.221545, 0.636090, 0.207690, 0.660202
0.221588, 0.144104, 0.249803, 0.161367
0.221648, 0.526431, 0.222226, 0.558570
0.221671, 0.489646, 0.226057, 0.522765
0.221699, 0.592302, 0.214217, 0.620598
0.221852, 0.070034, 0.252824, 0.078921
0.221885, 0.539384, 0.221029, 0.571048
0.221977, 0.048986, 0.253867, 0.055377
0.222006, 0.889158, -0.797066, -0.092440
0.222081, 0.334930, 0.239231, 0.365942
0.222181, 0.233729, 0.245813, 0.258904
0.222527, 0.165676, 0.249773, 0.185003
0.222722, 0.830856, -0.786667, -0.138390
0.222806, 0.392472, 0.235684, 0.425155
0.222877, 0.320763, 0.240932, 0.350920
0.223263, 0.738264, 0.189352, 0.745066
0.223552, 0.956139, -0.801779, -0.037055
0.223803, 0.603994, 0.214516, 0.630841
0.223923, 0.783520, -0.832023, -0.236258
0.224111, 0.186335, 0.250454, 0.207495
0.224143, 0.978058, -0.802140, -0.018566
0.224269, 0.285733, 0.244761, 0.314066
0.224360, 0.464527, 0.231019, 0.497343
0.224753, 1.000000, -0.801889, 0.000000
0.224819, 0.220149, 0.249143, 0.243842
0.224917, 0.445912, 0.233447, 0.479165
0.225066, 0.380437, 0.238986, 0.412701
0.225097, 0.022549, 0.257413, 0.025464
0.225180, 0.424681, 0.235514, 0.457693
0.225503, 0.843541, -0.787185, -0.129353
0.225923, 0.105174, 0.255986, 0.118033
0.226131, 0.000000, 0.258750, 0.000000
0.226536, 0.092370, 0.257076, 0.103739
0.226609, 0.796324, -0.775540, -0.164992
0.227028, 0.131804, 0.256274, 0.147583
0.227379, 0.059506, 0.259389, 0.067075
0.227388, 0.668690, 0.207177, 0.687540
0.227412, 0.935024, -0.797345, -0.055036
0.227553, 0.922398, -0.796231, -0.065617
0.227702, 0.208605, 0.253099, 0.231432
0.227947, 0.558731, 0.224491, 0.588504
0.227961, 0.299142, 0.247875, 0.328056
0.227971, 0.680787, 0.205367, 0.697544
0.228103, 0.856065, -0.787367, -0.119875
0.228134, 0.749254, 0.194325, 0.756060
0.228149, 0.367195, 0.243192, 0.398810
0.228237, 0.252351, 0.250935, 0.278181
0.228290, 0.079792, 0.259485, 0.089678
0.228293, 0.617751, 0.216590, 0.642730
0.228334, 0.571505, 0.223265, 0.600612
0.228361, 0.909024, -0.794257, -0.076808
0.228716, 0.154394, 0.257005, 0.172336
0.228755, 0.946805, -0.796783, -0.045189
0.229212, 0.412847, 0.240634, 0.445344
0.229222, 0.655800, 0.211098, 0.676100
0.229334, 0.118771, 0.259228, 0.133026
0.229349, 0.717974, 0.198465, 0.727109
0.229373, 0.809166, -0.776906, -0.156467
0.229640, 0.263739, 0.251838, 0.290349
0.229699, 0.175258, 0.257004, 0.195093
0.230161, 0.583451, 0.223378, 0.611468
0.230379, 0.693389, 0.204781, 0.707389
0.230488, 0.628833, 0.216799, 0.652161
0.230527, 0.761870, 0.244297, 0.811756
0.230569, 0.966839, -0.796414, -0.028267
0.230586, 0.706758, 0.202035, 0.718068
0.230627, 0.729927, 0.196471, 0.735921
0.230818, 0.868433, -0.787241, -0.110396
0.230827, 0.032846, 0.263388, 0.037010
0.231097, 0.642659, 0.215030, 0.664284
0.231207, 0.353559, 0.247460, 0.384589
0.231223, 0.989431, -0.796250, -0.009035
0.231512, 0.196336, 0.257809, 0.217887
0.231558, 0.434682, 0.241168, 0.467234
0.231614, 0.455268, 0.239351, 0.487849
0.231954, 0.312830, 0.251114, 0.342067
0.232263, 0.821745, -0.777373, -0.147394
0.232272, 0.472720, 0.238240, 0.504857
0.232342, 0.228978, 0.256738, 0.252928
0.232364, 0.327736, 0.250493, 0.357588
0.232372, 0.011002, 0.265383, 0.012397
0.232473, 0.534093, 0.231866, 0.564693
0.232614, 0.881481, -0.787665, -0.100029
0.232664, 0.276089, 0.254295, 0.303274
0.232678, 0.483976, 0.237531, 0.515945
0.232703, 0.520574, 0.233662, 0.551715
0.232796, 0.508125, 0.235137, 0.539646
0.232893, 0.341403, 0.250175, 0.371947
0.232927, 0.401158, 0.245471, 0.433244
0.232974, 0.774060, -0.801932, -0.224434
0.233095, 0.496124, 0.236712, 0.527891
0.233099, 0.894905, -0.788865, -0.089017
0.233164, 0.547661, 0.230844, 0.577365
0.233183, 0.044376, 0.265876, 0.049954
0.233717, 0.595834, 0.224904, 0.622341
0.233996, 0.142403, 0.263323, 0.158960
0.234373, 0.241362, 0.258523, 0.266427
0.234841, 0.834582, -0.778251, -0.138026
0.234971, 0.389314, 0.248566, 0.421013
0.235312, 0.608558, 0.224421, 0.633557
0.235824, 0.787131, -0.768839, -0.176862
0.235976, 0.070123, 0.268060, 0.078671
0.235991, 0.288607, 0.256979, 0.316241
0.236230, 0.376685, 0.250845, 0.407899
0.236342, 0.164196, 0.264760, 0.182708
0.236898, 0.108780, 0.267598, 0.121598
0.237136, 0.096775, 0.268230, 0.108249
0.237395, 0.422606, 0.248169, 0.454499
0.237433, 0.979074, -0.790956, -0.017994
0.237553, 0.185025, 0.264953, 0.205317
0.237622, 0.739767, 0.199679, 0.741809
0.237934, 0.847557, -0.778125, -0.128329
0.238181, 0.561895, 0.233775, 0.590111
0.238401, 0.021661, 0.271661, 0.024344
0.238404, 0.955941, -0.789240, -0.037874
0.238404, 0.218138, 0.264097, 0.241132
0.238415, 0.444385, 0.247235, 0.476323
0.238506, 0.800001, -0.767369, -0.164935
0.238686, 0.129629, 0.268897, 0.144664
0.238767, 0.055646, 0.271500, 0.062452
0.238773, 1.000000, -0.789980, 0.000000
0.238813, 0.083850, 0.270821, 0.093938
0.238901, 0.917517, -0.786274, -0.070648
0.238952, 0.929982, -0.787319, -0.060093
0.238956, 0.675134, 0.215506, 0.690365
0.239037, 0.905172, -0.784829, -0.081064
0.239139, 0.662529, 0.218289, 0.679862
0.239192, 0.362550, 0.255011, 0.393091
0.239390, 0.300671, 0.259719, 0.328653
0.239399, 0.206665, 0.265636, 0.228557
0.239544, 0.464201, 0.246476, 0.495981
0.239562, 0.000000, 0.273070, 0.000000
0.239665, 0.942451, -0.787352, -0.049507
0.239812, 0.253236, 0.263478, 0.278640
0.240102, 0.753286, 0.221243, 0.769766
0.240181, 0.574672, 0.233900, 0.601711
0.240316, 0.687617, 0.213778, 0.700157
0.240467, 0.649148, 0.222017, 0.668210
0.240741, 0.860100, -0.777953, -0.118612
0.241018, 0.635161, 0.225070, 0.656061
0.241105, 0.726000, 0.205190, 0.730232
0.241265, 0.266036, 0.264116, 0.292065
0.241281, 0.621767, 0.227664, 0.644461
0.241294, 0.700543, 0.211298, 0.710025
0.241632, 0.812338, -0.768320, -0.156781
0.241639, 0.713739, 0.207995, 0.719971
0.241742, 0.152670, 0.271197, 0.169877
0.241785, 0.410763, 0.253774, 0.442273
0.242434, 0.322397, 0.261530, 0.351371
0.242750, 0.586727, 0.234526, 0.612359
0.242767, 0.527191, 0.242649, 0.556858
0.242890, 0.872815, -0.778129, -0.108481
0.242893, 0.118475, 0.273758, 0.132126
0.243029, 0.033311, 0.276520, 0.037380
0.243032, 0.968567, -0.785850, -0.027185
0.243055, 0.231233, 0.268202, 0.254832
0.243225, 0.764869, -0.844970, -0.286662
0.243295, 0.174159, 0.271665, 0.193182
0.243304, 0.335391, 0.261519, 0.364881
0.243392, 0.540569, 0.241580, 0.569527
0.243668, 0.310977, 0.263530, 0.339178
0.244008, 0.348845, 0.261211, 0.378748
0.244029, 0.885943, -0.778884, -0.097713
0.244062, 0.488481, 0.248404, 0.519315
0.244080, 0.513399, 0.245581, 0.543467
0.244103, 0.475940, 0.249811, 0.507080
0.244172, 0.195446, 0.271385, 0.216174
0.244183, 0.825366, -0.769017, -0.147074
0.244290, 0.777607, -0.747505, -0.173499
0.244311, 0.432583, 0.254271, 0.463840
0.244595, 0.501159, 0.247510, 0.531589
0.244598, 0.279071, 0.266785, 0.305632
0.245129, 0.454328, 0.253000, 0.485484
0.245301, 0.598849, 0.234989, 0.622934
0.245336, 0.990341, -0.784185, -0.008392
0.245499, 0.398649, 0.258658, 0.429673
0.245554, 0.553216, 0.241950, 0.581056
0.245975, 0.010806, 0.279929, 0.012120
0.246022, 0.140269, 0.276237, 0.156013
0.246213, 0.065751, 0.279239, 0.073566
0.246283, 0.373466, 0.261455, 0.403658
0.246352, 0.386727, 0.260532, 0.417400
0.246375, 0.610785, 0.234027, 0.633501
0.246566, 0.044622, 0.280116, 0.049984
0.246685, 0.838544, -0.769650, -0.137045
0.247405, 0.897429, -0.777215, -0.088424
0.247697, 0.791054, -0.760572, -0.176464
0.248173, 0.092351, 0.280381, 0.103025
0.248259, 0.104975, 0.279978, 0.116990
0.248325, 0.291376, 0.269885, 0.318340
0.248504, 0.745613, 0.164286, 0.697672
0.248508, 0.243545, 0.273291, 0.267679
0.249387, 0.077846, 0.282036, 0.086851
0.249648, 0.566554, 0.243932, 0.592909
0.249930, 0.421055, 0.261175, 0.451964
0.249942, 0.669169, 0.226112, 0.683250
0.250014, 0.162710, 0.279650, 0.180483
0.250077, 0.655936, 0.228922, 0.672100
0.250183, 0.910587, -0.775972, -0.077480
0.250192, 0.360055, 0.266641, 0.389626
0.250293, 0.923202, -0.777186, -0.066686
0.250404, 0.733512, 0.236918, 0.760672
0.250526, 0.851755, -0.768690, -0.126936
0.250533, 0.948354, -0.778534, -0.044980
0.250566, 0.681889, 0.224086, 0.693790
0.250617, 0.219368, 0.276988, 0.241639
0.250690, 0.207848, 0.277759, 0.229267
0.250854, 0.935700, -0.777552, -0.055963
0.250855, 0.980774, -0.779389, -0.016784
0.250989, 0.256932, 0.275119, 0.281825
0.251010, 0.642497, 0.232406, 0.660519
0.251065, 0.802553, -0.758491, -0.165954
0.251132, 0.184769, 0.279602, 0.204359
0.251311, 0.442426, 0.260368, 0.472933
0.251359, 0.022110, 0.285473, 0.024733
0.251756, 0.959725, -0.778015, -0.035137
0.251757, 0.127824, 0.283002, 0.142117
0.252031, 0.629415, 0.235794, 0.649070
0.252128, 0.707369, 0.221947, 0.716319
0.252235, 0.694447, 0.223237, 0.704220
0.252542, 0.055382, 0.286217, 0.061867
0.252542, 0.579123, 0.244740, 0.604014
0.252570, 0.465881, 0.259266, 0.496182
0.252648, 0.269934, 0.275898, 0.295378
0.252820, 0.720925, 0.221025, 0.728817
0.252847, 0.302140, 0.273871, 0.329293
0.252979, 0.520459, 0.253295, 0.548982
0.253155, 0.000000, 0.287642, 0.000000
0.253202, 0.815843, -0.760114, -0.156471
0.253211, 0.864233, -0.768398, -0.116979
0.253484, 1.000000, -0.777215, 0.000000
0.253588, 0.533603, 0.252198, 0.561448
0.253734, 0.231567, 0.279595, 0.254546
0.253895, 0.327078, 0.273170, 0.355324
0.254003, 0.408738, 0.266440, 0.439082
0.254136, 0.756435, -0.843182, -0.303556
0.254345, 0.150938, 0.284737, 0.167354
0.254471, 0.877620, -0.769208, -0.105927
0.254482, 0.314967, 0.274660, 0.342605
0.254565, 0.115153, 0.286285, 0.127966
0.254618, 0.339525, 0.272988, 0.368222
0.254653, 0.480036, 0.259816, 0.509935
0.254735, 0.769141, -0.753567, -0.198830
0.254988, 0.617709, 0.240532, 0.638181
0.255088, 0.781965, -0.746686, -0.179086
0.255181, 0.493223, 0.258813, 0.522684
0.255402, 0.591400, 0.245414, 0.614685
0.255452, 0.546172, 0.252280, 0.573077
0.255647, 0.970979, -0.774829, -0.025442
0.255686, 0.033681, 0.290064, 0.037634
0.255798, 0.829394, -0.760594, -0.146029
0.255942, 0.196923, 0.283848, 0.217077
0.255981, 0.173438, 0.285273, 0.191722
0.256106, 0.506193, 0.258065, 0.534835
0.256458, 0.383382, 0.271170, 0.413010
0.256463, 0.452970, 0.264447, 0.482847
0.256634, 0.371081, 0.272388, 0.400382
0.256932, 0.282983, 0.279576, 0.308902
0.256990, 0.603979, 0.244717, 0.625605
0.257095, 0.890242, -0.768367, -0.095527
0.257444, 0.432031, 0.267752, 0.462277
0.257752, 0.350655, 0.275321, 0.379411
0.257755, 0.138233, 0.288844, 0.153223
0.257779, 0.087993, 0.290778, 0.097886
0.257973, 0.396406, 0.271664, 0.426286
0.258043, 0.558661, 0.252940, 0.584363
0.258280, 0.067740, 0.292177, 0.075507
0.258341, 0.842504, -0.760846, -0.135762
0.259411, 0.011069, 0.294278, 0.012357
0.259635, 0.742580, -0.434686, 0.082192
0.259684, 0.100945, 0.292375, 0.112134
0.259756, 0.902937, -0.767308, -0.084891
0.260101, 0.045062, 0.294550, 0.050248
0.260207, 0.662537, 0.235878, 0.675188
0.260411, 0.990330, -0.771121, -0.008530
0.260686, 0.249513, 0.285792, 0.273182
0.261019, 0.675974, 0.232865, 0.685447
0.261142, 0.649682, 0.239564, 0.664395
0.261328, 0.792317, -0.748944, -0.177183
0.261465, 0.916212, -0.766929, -0.073545
0.261843, 0.928828, -0.767719, -0.062611
0.261886, 0.571395, 0.254605, 0.595620
0.261901, 0.419973, 0.273417, 0.449661
0.261944, 0.805932, -0.750979, -0.165869
0.262138, 0.237779, 0.288313, 0.260801
0.262248, 0.941927, -0.768109, -0.051182
0.262276, 0.293240, 0.284510, 0.319341
0.262405, 0.210679, 0.290190, 0.231705
0.262438, 0.636972, 0.243331, 0.653387
0.262476, 0.262275, 0.286878, 0.286646
0.262489, 0.714323, 0.199533, 0.690251
0.262731, 0.223358, 0.289618, 0.245152
0.262766, 0.687674, 0.230487, 0.693435
0.262981, 0.729251, 0.394982, 0.895385
0.262991, 0.515211, 0.263636, 0.542728
0.263123, 0.954358, -0.767854, -0.040290
0.263180, 0.361849, 0.279978, 0.390412
0.263391, 0.701388, 0.219316, 0.696045
0.263500, 0.471662, 0.269444, 0.500557
0.263555, 0.855504, -0.758596, -0.125726
0.263569, 0.161173, 0.294045, 0.178024
0.263851, 0.078727, 0.297509, 0.087445
0.263946, 0.185797, 0.293144, 0.204704
0.264035, 0.274800, 0.287590, 0.299707
0.264123, 0.527425, 0.263100, 0.554188
0.264267, 0.022484, 0.299231, 0.025040
0.264290, 0.820009, -0.752063, -0.155244
0.264304, 0.124856, 0.296272, 0.138216
0.264342, 0.305895, 0.285697, 0.332385
0.264487, 0.869549, -0.759751, -0.113966
0.264676, 0.458871, 0.272104, 0.487988
0.264707, 0.624691, 0.247747, 0.642392
0.264771, 0.443505, 0.273885, 0.472826
0.265028, 0.979905, -0.766998, -0.017789
0.265037, 0.583813, 0.255478, 0.606406
0.265120, 0.777803, -0.740052, -0.186837
0.265131, 0.112084, 0.297813, 0.124233
0.265313, 0.057308, 0.299762, 0.063736
0.265376, 0.318621, 0.285814, 0.345594
0.265483, 0.330781, 0.284988, 0.358245
0.265523, 0.965944, -0.766057, -0.030151
0.265594, 0.485147, 0.269960, 0.513552
0.265620, 0.539229, 0.262869, 0.565069
0.265889, 0.764536, -0.750564, -0.211882
0.265916, 0.408205, 0.278641, 0.437424
0.266053, 0.611324, 0.251475, 0.630481
0.266291, 0.752599, -0.683536, -0.157169
0.266342, 0.148667, 0.297641, 0.164291
0.266372, 0.198866, 0.294928, 0.218626
0.266555, 0.497690, 0.269355, 0.525565
0.266581, 0.882970, -0.759574, -0.102759
0.266673, 0.000000, 0.302131, 0.000000
0.266850, 0.173471, 0.296937, 0.191229
0.267299, 0.375229, 0.283071, 0.403762
0.267364, 0.387243, 0.282009, 0.415930
0.267374, 0.597090, 0.255266, 0.617773
0.267532, 0.342397, 0.286160, 0.370076
0.267717, 0.551460, 0.263043, 0.576135
0.267774, 0.832940, -0.751511, -0.145177
0.268457, 1.000000, -0.764223, 0.000000
0.268476, 0.034246, 0.303701, 0.038103
0.268583, 0.136161, 0.300490, 0.150478
0.269257, 0.091732, 0.303052, 0.101701
0.269445, 0.430741, 0.279956, 0.459691
0.269669, 0.895696, -0.758175, -0.092071
0.269983, 0.844367, -0.751401, -0.135993
0.270196, 0.669511, 0.242862, 0.678783
0.270810, 0.563281, 0.264096, 0.586553
0.271002, 0.739310, -0.957051, -0.450386
0.271224, 0.507974, 0.272511, 0.534704
0.271385, 0.353724, 0.289172, 0.381375
0.271411, 0.069305, 0.306123, 0.076922
0.271519, 0.909004, -0.757734, -0.080620
0.271549, 0.398518, 0.285226, 0.426954
0.271571, 0.657055, 0.246665, 0.668073
0.271574, 0.721000, 0.234994, 0.719965
0.271763, 0.284091, 0.295294, 0.309169
0.272090, 0.797948, -0.741482, -0.174675
0.272326, 0.811422, -0.743796, -0.163625
0.272497, 0.256496, 0.297831, 0.279797
0.272684, 0.243905, 0.299132, 0.266666
0.272701, 0.046874, 0.307878, 0.052040
0.272722, 0.693701, 0.243967, 0.702530
0.272758, 0.230680, 0.299792, 0.252329
0.272810, 0.011280, 0.308542, 0.012534
0.272861, 0.934651, -0.758524, -0.058165
0.272878, 0.644948, 0.250468, 0.657792
0.273198, 0.921903, -0.757279, -0.069413
0.273254, 0.103512, 0.306781, 0.114502
0.273765, 0.269862, 0.298344, 0.293949
0.273822, 0.217673, 0.301862, 0.238481
0.273823, 0.785488, -0.736606, -0.184248
0.273978, 0.948532, -0.758180, -0.045909
0.274084, 0.297027, 0.296701, 0.322492
0.274205, 0.418443, 0.285988, 0.446823
0.274238, 0.862273, -0.750511, -0.121389
0.274336, 0.708513, 0.382017, 0.854176
0.274373, 0.451809, 0.282502, 0.479859
0.274473, 0.680408, 0.245003, 0.688035
0.274561, 0.520417, 0.274047, 0.546154
0.274589, 0.632867, 0.254565, 0.647348
0.274759, 0.465101, 0.281388, 0.492947
0.274786, 0.574317, 0.265913, 0.595886
0.274863, 0.366078, 0.291627, 0.393660
0.274880, 0.477177, 0.279997, 0.504577
0.275342, 0.974238, -0.757890, -0.023032
0.275446, 0.988686, -0.758135, -0.010120
0.275697, 0.205998, 0.304565, 0.225848
0.275708, 0.309844, 0.297326, 0.335657
0.275902, 0.116943, 0.309253, 0.129212
0.275924, 0.876188, -0.750783, -0.109619
0.276016, 0.619980, 0.258492, 0.636073
0.276075, 0.825055, -0.743276, -0.153156
0.276144, 0.192493, 0.305756, 0.211250
0.276192, 0.772458, -0.733775, -0.197170
0.276391, 0.531965, 0.274123, 0.556752
0.276424, 0.960622, -0.756363, -0.035218
0.276455, 0.166700, 0.307480, 0.183368
0.276498, 0.180387, 0.306969, 0.198277
0.276539, 0.322418, 0.297177, 0.348656
0.276582, 0.154842, 0.308297, 0.170543
0.276635, 0.082064, 0.311020, 0.090768
0.276744, 0.586023, 0.265629, 0.605992
0.276957, 0.607485, 0.261827, 0.625088
0.276962, 0.023043, 0.312772, 0.025556
0.277362, 0.490068, 0.280803, 0.516738
0.277385, 0.544201, 0.273202, 0.567959
0.277554, 0.439966, 0.287049, 0.467894
0.277703, 0.128765, 0.310453, 0.141975
0.277860, 0.334415, 0.297564, 0.360975
0.277992, 0.748755, -0.733434, -0.222903
0.278127, 0.059224, 0.313335, 0.065589
0.278157, 0.850816, -0.745403, -0.131694
0.278199, 0.730828, -0.743516, -0.255984
0.278221, 0.760011, -0.722900, -0.201256
0.278545, 0.142362, 0.310956, 0.156864
0.278710, 0.378662, 0.294421, 0.406133
0.279320, 0.389563, 0.293972, 0.417088
0.279358, 0.596499, 0.266048, 0.614846
0.279421, 0.888342, -0.749049, -0.099413
0.279695, 0.407336, 0.292653, 0.435074
0.280182, 0.000000, 0.316659, 0.000000
0.280342, 0.556646, 0.273964, 0.578917
0.280387, 0.500762, 0.282289, 0.526533
0.280463, 0.036530, 0.316324, 0.040476
0.280499, 0.346290, 0.299240, 0.372938
0.280691, 0.666743, 0.251593, 0.673603
0.281307, 0.902113, -0.748731, -0.087481
0.281326, 0.837179, -0.740936, -0.143758
0.281922, 0.094733, 0.316499, 0.104625
0.282140, 0.428111, 0.292918, 0.455574
0.282149, 0.699607, 0.125512, 0.579971
0.282638, 0.803852, -0.734061, -0.171861
0.282735, 1.000000, -0.751872, 0.000000
0.282819, 0.940993, -0.749895, -0.053046
0.283219, 0.653823, 0.256580, 0.662335
0.283327, 0.250430, 0.309893, 0.272832
0.283341, 0.277273, 0.307890, 0.301058
0.283381, 0.815634, -0.735475, -0.162200
0.283424, 0.237129, 0.310635, 0.258481
0.283480, 0.263615, 0.308974, 0.286609
0.283550, 0.719551, -0.542211, -0.073760
0.283725, 0.072198, 0.319120, 0.079804
0.283761, 0.513304, 0.283788, 0.537988
0.283848, 0.914873, -0.747370, -0.076372
0.283910, 0.289260, 0.307562, 0.313577
0.283978, 0.358654, 0.301768, 0.385362
0.284157, 0.791564, -0.730086, -0.182008
0.284398, 0.224401, 0.312573, 0.244951
0.284468, 0.687424, 0.273475, 0.713059
0.284502, 0.869416, -0.742435, -0.116447
0.284740, 0.641426, 0.261125, 0.652160
0.284768, 0.927867, -0.747697, -0.064864
0.285073, 0.108092, 0.319178, 0.119103
0.285134, 0.566735, 0.276680, 0.587368
0.285329, 0.049089, 0.321235, 0.054272
0.285345, 0.459184, 0.292458, 0.485711
0.285666, 0.980198, -0.748784, -0.017874
0.285707, 0.628002, 0.265050, 0.640744
0.285825, 0.740534, -0.718135, -0.224467
0.285962, 0.301974, 0.308762, 0.326748
0.286165, 0.011905, 0.322431, 0.013153
0.286201, 0.482221, 0.290417, 0.508033
0.286491, 0.470512, 0.292192, 0.496634
0.286550, 0.212505, 0.315711, 0.232191
0.286590, 0.397255, 0.300710, 0.424291
0.286597, 0.778955, -0.725939, -0.193228
0.286874, 0.370890, 0.303519, 0.397469
0.286915, 0.967941, -0.747487, -0.028953
0.286948, 0.199918, 0.316788, 0.218603
0.287182, 0.448557, 0.295561, 0.475102
0.287198, 0.173786, 0.318486, 0.190451
0.287259, 0.314439, 0.309026, 0.339525
0.287277, 0.953774, -0.746670, -0.041753
0.287303, 0.578730, 0.276484, 0.597710
0.287324, 0.524442, 0.285532, 0.547962
0.287462, 0.416809, 0.299479, 0.443711
0.287517, 0.187047, 0.318339, 0.204876
0.287539, 0.614666, 0.269549, 0.629045
0.287589, 0.675759, 0.253848, 0.677968
0.287643, 0.858212, -0.738303, -0.126553
0.287750, 0.536925, 0.283993, 0.559500
0.287981, 0.160632, 0.320151, 0.176279
0.288067, 0.121352, 0.322091, 0.133590
0.288121, 0.026592, 0.324367, 0.029378
0.288122, 0.766830, -0.720424, -0.201725
0.288128, 0.709436, -0.191379, 0.261852
0.288312, 0.326338, 0.309078, 0.351717
0.288815, 0.549608, 0.282880, 0.570901
0.288820, 0.826161, -0.732851, -0.154266
0.288896, 0.134551, 0.322133, 0.147822
0.288940, 0.147892, 0.321822, 0.162434
0.289358, 0.085324, 0.324412, 0.093984
0.289611, 0.880722, -0.739447, -0.107104
0.289703, 0.602651, 0.273941, 0.618206
0.290083, 0.590144, 0.276786, 0.607247
0.290200, 0.338723, 0.309947, 0.364313
0.290325, 0.894757, -0.740164, -0.094761
0.290405, 0.061929, 0.326331, 0.068317
0.290413, 0.752766, -0.717444, -0.215642
0.290492, 0.846224, -0.734550, -0.137315
0.290544, 0.437365, 0.300237, 0.463732
0.290745, 0.989873, -0.744529, -0.009180
0.290937, 0.384388, 0.306407, 0.410844
0.291290, 0.494269, 0.293698, 0.518854
0.291832, 0.729975, -0.719814, -0.243152
0.291941, 0.506232, 0.292600, 0.530093
0.292210, 0.662964, 0.259104, 0.664951
0.292685, 0.350959, 0.311336, 0.376563
0.293035, 0.038982, 0.329591, 0.043011
0.293234, 0.940603, -0.740562, -0.053895
0.293531, 0.000000, 0.330346, 0.000000
0.293590, 0.406169, 0.306893, 0.432563
0.293652, 0.257402, 0.320237, 0.279447
0.293669, 0.243808, 0.320943, 0.264841
0.293688, 0.800743, -0.724316, -0.176463
0.293730, 0.696826, 0.577023, 1.014975
0.293759, 0.098949, 0.328975, 0.108873
0.294115, 0.270557, 0.319667, 0.293169
0.294175, 0.812777, -0.725921, -0.166464
0.294261, 0.906840, -0.737692, -0.084301
0.294872, 0.230676, 0.323141, 0.250888
0.295090, 0.650067, 0.268113, 0.657211
0.295165, 0.636073, 0.271066, 0.645237
0.295360, 0.426176, 0.306324, 0.452099
0.295432, 0.558867, 0.287458, 0.578462
0.295522, 0.835273, -0.728633, -0.147470
0.295586, 0.282726, 0.320290, 0.305831
0.295646, 0.787026, -0.720003, -0.188235
0.295723, 0.075280, 0.331840, 0.082908
0.295779, 0.294370, 0.319482, 0.317898
0.296187, 0.018750, 0.333072, 0.020658
0.296198, 0.868656, -0.732165, -0.118407
0.296206, 0.929725, -0.737349, -0.063844
0.296379, 0.918269, -0.736558, -0.074178
0.296551, 0.622309, 0.275498, 0.633444
0.296771, 0.112909, 0.331389, 0.123938
0.296780, 0.719490, -0.705043, -0.244108
0.296794, 0.362869, 0.314467, 0.388380
0.296991, 0.685073, 0.221510, 0.645791
0.297047, 0.963436, -0.738303, -0.033318
0.297123, 0.483242, 0.300905, 0.507601
0.297227, 0.459739, 0.304062, 0.484763
0.297422, 0.471715, 0.302678, 0.496316
0.297474, 0.219154, 0.326800, 0.238578
0.297491, 0.571427, 0.287000, 0.589319
0.297514, 1.000000, -0.738421, 0.000000
0.297778, 0.051223, 0.334364, 0.056400
0.297896, 0.374732, 0.314386, 0.400269
0.297906, 0.307453, 0.320733, 0.331446
0.297947, 0.517224, 0.296735, 0.539729
0.298034, 0.180999, 0.329563, 0.197634
0.298193, 0.530446, 0.294808, 0.551869
0.298233, 0.194339, 0.329265, 0.212095
0.298259, 0.762544, -0.712246, -0.208508
0.298309, 0.544016, 0.292624, 0.564270
0.298313, 0.167628, 0.330691, 0.183285
0.298354, 0.207057, 0.328480, 0.225601
0.298409, 0.741101, -0.705811, -0.224356
0.298446, 0.977311, -0.737264, -0.020706
0.299100, 0.448010, 0.307418, 0.473143
0.299111, 0.393874, 0.313658, 0.419473
0.299335, 0.154025, 0.332545, 0.168586
0.299349, 0.888692, -0.731507, -0.100952
0.299475, 0.126974, 0.334000, 0.139271
0.299603, 0.330993, 0.320311, 0.355482
0.299619, 0.318801, 0.321489, 0.342996
0.299661, 0.949742, -0.735420, -0.045875
0.299752, 0.856429, -0.727728, -0.129584
0.299771, 0.608681, 0.281327, 0.621210
0.299894, 0.707100, -0.901731, -0.460932
0.299975, 0.140223, 0.333692, 0.153523
0.300015, 0.774693, -0.713783, -0.199105
0.300275, 0.674027, 0.257465, 0.666275
0.300334, 0.583271, 0.287208, 0.599210
0.301015, 0.822739, -0.721977, -0.159080
0.301104, 0.415549, 0.313410, 0.441102
0.301221, 0.009071, 0.338212, 0.009980
0.301263, 0.596228, 0.285332, 0.610271
0.301413, 0.089266, 0.336891, 0.097902
0.301457, 0.029925, 0.338489, 0.032918
0.302256, 0.344069, 0.321907, 0.368731
0.302341, 0.504007, 0.302886, 0.526566
0.302361, 0.063534, 0.338884, 0.069805
0.303103, 0.436241, 0.312781, 0.461034
0.303420, 0.878006, -0.726997, -0.110868
0.303490, 0.250842, 0.330748, 0.271576
0.303518, 0.797100, -0.715328, -0.181328
0.303541, 0.662556, 0.282617, 0.676024
0.303687, 0.845012, -0.722921, -0.140105
0.303825, 0.900168, -0.728576, -0.091034
0.304001, 0.752135, -0.705567, -0.218356
0.304396, 0.237219, 0.332625, 0.257117
0.304536, 0.492390, 0.306763, 0.515337
0.304536, 0.263855, 0.331132, 0.285407
0.304586, 0.989065, -0.732190, -0.010040
0.304945, 0.104046, 0.340735, 0.114093
0.305053, 0.383212, 0.320917, 0.408274
0.305374, 0.355557, 0.323871, 0.380010
0.305449, 0.729806, -0.699583, -0.237177
0.305535, 0.641644, 0.278332, 0.647053
0.305638, 0.809665, -0.715893, -0.171019
0.305846, 0.694457, -0.346381, 0.072696
0.306061, 0.403722, 0.319530, 0.428497
0.306127, 0.041369, 0.343387, 0.045446
0.306133, 0.629396, 0.281710, 0.636805
0.306327, 0.937500, -0.728691, -0.057319
0.306339, 0.552277, 0.298532, 0.570406
0.306352, 0.276240, 0.332101, 0.298262
0.306541, 0.300014, 0.330160, 0.322839
0.307009, 0.075593, 0.343576, 0.082908
0.307191, 0.652378, 0.275669, 0.654032
0.307437, 0.616236, 0.286036, 0.625671
0.307571, 0.564873, 0.297274, 0.581483
0.307780, 0.957456, -0.728032, -0.039099
0.307795, 0.785496, -0.709636, -0.191861
0.307842, 0.925178, -0.726725, -0.068623
0.307964, 0.118306, 0.343127, 0.129432
0.308158, 0.288355, 0.332765, 0.310538
0.308197, 0.538151, 0.302775, 0.557263
0.308222, 0.833158, -0.717478, -0.151097
0.308322, 0.479491, 0.312167, 0.502305
0.308325, 0.911913, -0.725535, -0.080729
0.308382, 0.000000, 0.346168, 0.000000
0.308429, 0.225861, 0.337861, 0.244970
0.308437, 0.716743, -0.699761, -0.254654
0.308570, 0.866360, -0.721156, -0.121774
0.308604, 0.175119, 0.341124, 0.190782
0.308641, 0.425675, 0.319730, 0.450239
0.308777, 0.369786, 0.326036, 0.394260
0.308778, 0.467146, 0.314362, 0.490426
0.308831, 0.525043, 0.305619, 0.545126
0.308843, 0.188461, 0.340559, 0.205036
0.308986, 0.969151, -0.727763, -0.028393
0.309070, 0.161331, 0.342449, 0.175979
0.309221, 0.019762, 0.346989, 0.021692
0.309410, 0.201689, 0.340610, 0.219287
0.309829, 0.764021, -0.703311, -0.209947
0.309869, 0.147060, 0.343831, 0.160469
0.310069, 0.214459, 0.340445, 0.232815
0.310101, 0.455889, 0.317197, 0.479398
0.310138, 0.684003, 0.365506, 0.770012
0.310318, 0.336156, 0.330839, 0.359767
0.310492, 0.053106, 0.347754, 0.058231
0.310511, 0.513014, 0.309180, 0.533701
0.310674, 0.576415, 0.297713, 0.591059
0.310806, 0.324038, 0.332534, 0.347355
0.311093, 0.132690, 0.345871, 0.144917
0.311301, 0.889012, -0.720926, -0.101703
0.311340, 0.704159, -0.674236, -0.245260
0.311401, 0.742562, -0.696558, -0.227004
0.311485, 0.312031, 0.334384, 0.334994
0.311520, 0.445371, 0.319916, 0.468885
0.311701, 0.589414, 0.295836, 0.602118
0.311800, 1.000000, -0.725568, 0.000000
0.312197, 0.602678, 0.293220, 0.613111
0.312311, 0.085725, 0.348714, 0.093777
0.312554, 0.854949, -0.716327, -0.132389
0.312788, 0.672506, 0.363830, 0.757955
0.312876, 0.392433, 0.327862, 0.416747
0.313081, 0.979954, -0.724135, -0.018516
0.313128, 0.821146, -0.711391, -0.162285
0.313367, 0.946117, -0.722850, -0.049729
0.313411, 0.243997, 0.341604, 0.263650
0.313662, 0.414199, 0.325902, 0.438005
0.313779, 0.775323, -0.702738, -0.201486
0.313875, 0.097125, 0.349920, 0.106108
0.314065, 0.798307, -0.706633, -0.182154
0.314287, 0.500417, 0.314785, 0.521377
0.314537, 0.031108, 0.352313, 0.034079
0.314719, 0.256296, 0.342094, 0.276496
0.314871, 0.064938, 0.352010, 0.071054
0.315342, 0.359521, 0.333684, 0.383089
0.315757, 0.009950, 0.353634, 0.010895
0.315814, 0.346788, 0.335557, 0.370224
0.316004, 0.877027, -0.715759, -0.112947
0.316300, 0.900481, -0.717526, -0.091696
0.316350, 0.843427, -0.711684, -0.143104
0.316452, 0.661223, 0.263570, 0.640975
0.316538, 0.268175, 0.343230, 0.288934
0.316654, 0.487753, 0.318923, 0.508918
0.316693, 0.637747, 0.284614, 0.637362
0.316736, 0.435883, 0.326440, 0.459225
0.316905, 0.624826, 0.291799, 0.630446
0.316997, 0.380442, 0.333157, 0.404038
0.317285, 0.109482, 0.353604, 0.119576
0.317292, 0.546051, 0.309607, 0.562693
0.317412, 0.300669, 0.341476, 0.322694
0.317434, 0.753384, -0.695032, -0.220390
0.317602, 0.733876, -0.690572, -0.236690
0.317681, 0.558719, 0.307511, 0.573966
0.317924, 0.722216, -0.690863, -0.249828
0.317936, 0.810076, -0.705580, -0.172639
0.317969, 0.233472, 0.347220, 0.252293
0.318349, 0.921382, -0.716845, -0.072695
0.318382, 0.612943, 0.295900, 0.620185
0.318404, 0.402638, 0.332184, 0.426223
0.318493, 0.648836, 0.282003, 0.644787
0.318972, 0.042697, 0.356904, 0.046711
0.318987, 0.169484, 0.352461, 0.184222
0.319005, 0.958145, -0.717747, -0.038807
0.319008, 0.279605, 0.344936, 0.300708
0.319165, 0.533215, 0.313704, 0.550753
0.319297, 0.474198, 0.323492, 0.495647
0.319408, 0.990222, -0.718490, -0.009081
0.319468, 0.182614, 0.352165, 0.198220
0.319513, 0.933671, -0.716817, -0.061463
0.319556, 0.694498, -0.913331, -0.503766
0.319579, 0.155838, 0.353684, 0.169480
0.319620, 0.121649, 0.355089, 0.132520
0.319860, 0.195776, 0.351718, 0.212204
0.319917, 0.787394, -0.699821, -0.192504
0.320304, 0.076270, 0.357661, 0.083325
0.320420, 0.709205, -0.640063, -0.214931
0.320625, 0.290124, 0.345698, 0.311471
0.320750, 0.209192, 0.352098, 0.226595
0.320826, 0.333455, 0.341963, 0.356105
0.320851, 0.831786, -0.706272, -0.154011
0.320852, 0.521182, 0.317428, 0.539495
0.320924, 0.142911, 0.355592, 0.155439
0.320987, 0.461392, 0.327057, 0.483268
0.321100, 0.865353, -0.709945, -0.123978
0.321245, 0.424958, 0.332104, 0.447682
0.321416, 0.569412, 0.308618, 0.582645
0.321974, 0.368963, 0.339534, 0.392071
0.322131, 0.969762, -0.715730, -0.028120
0.322156, 0.582082, 0.306479, 0.593435
0.322174, 0.222524, 0.352562, 0.240545
0.322279, 0.320945, 0.344616, 0.343121
0.322294, 0.765672, -0.693555, -0.211249
0.322300, 0.682139, -0.460838, -0.071853
0.322457, 0.910683, -0.712721, -0.082789
0.322620, 0.000000, 0.361243, 0.000000
0.322627, 0.020842, 0.361186, 0.022784
0.322891, 0.509032, 0.321435, 0.527956
0.322902, 0.594930, 0.304130, 0.604191
0.323050, 0.887924, -0.710366, -0.103674
0.323150, 0.054501, 0.361084, 0.059522
0.323211, 0.448693, 0.331103, 0.470885
0.324051, 0.246988, 0.352647, 0.266138
0.324124, 0.088699, 0.361136, 0.096684
0.324155, 0.132524, 0.359576, 0.144151
0.325132, 0.853673, -0.705049, -0.134949
0.325261, 0.946083, -0.712134, -0.050229
0.325267, 0.309474, 0.348791, 0.331088
0.325455, 0.669935, 0.103575, 0.476026
0.325745, 0.799327, -0.696864, -0.183218
0.325882, 0.496157, 0.326319, 0.515336
0.325899, 0.355375, 0.344924, 0.377891
0.325958, 0.390625, 0.340857, 0.413013
0.326078, 0.413826, 0.338481, 0.436387
0.326083, 0.743440, -0.685144, -0.229989
0.326162, 0.820894, -0.699929, -0.164373
0.326417, 0.259799, 0.354068, 0.279329
0.326493, 0.606156, 0.304322, 0.612530
0.326505, 0.631734, 0.301291, 0.636925
0.326597, 0.100976, 0.363216, 0.109875
0.326671, 1.000000, -0.711784, 0.000000
0.326821, 0.777891, -0.692266, -0.201845
0.327515, 0.980432, -0.710875, -0.018279
0.327539, 0.032226, 0.366018, 0.035159
0.327665, 0.066453, 0.365390, 0.072409
0.327751, 0.553616, 0.317422, 0.567194
0.328042, 0.343196, 0.348330, 0.365282
0.328045, 0.483121, 0.330478, 0.502767
0.328105, 0.657080, 0.294600, 0.656776
0.328499, 0.436437, 0.337750, 0.457987
0.328639, 0.729714, -0.682560, -0.244742
0.328653, 0.876061, -0.704290, -0.114987
0.328822, 0.841753, -0.700468, -0.146115
0.328873, 0.898314, -0.705978, -0.094602
0.328954, 0.272165, 0.355789, 0.292098
0.329068, 0.619769, 0.302465, 0.622415
0.329117, 0.541415, 0.321146, 0.556163
0.329121, 0.236220, 0.358779, 0.254469
0.329322, 0.163693, 0.363493, 0.177405
0.329356, 0.716501, -0.659948, -0.236635
0.329394, 0.378337, 0.346033, 0.400739
0.329557, 0.402360, 0.343128, 0.424345
0.329681, 0.644046, 0.321193, 0.666410
0.329710, 0.010591, 0.368425, 0.011548
0.329917, 0.702221, -0.722033, -0.314622
0.330029, 0.756049, -0.685260, -0.220922
0.330128, 0.922605, -0.706150, -0.072216
0.330191, 0.176433, 0.363844, 0.191046
0.330287, 0.810664, -0.694862, -0.173991
0.330331, 0.297459, 0.355165, 0.318303
0.330442, 0.113058, 0.367355, 0.122970
0.330618, 0.189237, 0.363483, 0.204642
0.330714, 0.958656, -0.707166, -0.038678
0.330756, 0.470315, 0.335146, 0.490379
0.330919, 0.150190, 0.365605, 0.162736
0.330972, 0.202024, 0.362928, 0.218138
0.331181, 0.529833, 0.325313, 0.545475
0.331632, 0.043998, 0.370212, 0.047941
0.332008, 0.330710, 0.353681, 0.352231
0.332245, 0.935153, -0.705381, -0.060686
0.332266, 0.215119, 0.363711, 0.232096
0.332381, 0.284625, 0.358278, 0.304747
0.332394, 0.690069, -0.594682, -0.203561
0.332674, 0.790143, -0.689400, -0.192352
0.332677, 0.079011, 0.370720, 0.086003
0.332696, 0.517509, 0.328985, 0.533951
0.332739, 0.124266, 0.368730, 0.134798
0.332747, 0.563257, 0.319852, 0.574765
0.332895, 0.457933, 0.339079, 0.478273
0.333061, 0.575485, 0.317349, 0.585208
0.333383, 0.364852, 0.351472, 0.386645
0.333447, 0.424230, 0.344377, 0.445608
0.333645, 0.864521, -0.698638, -0.125990
0.333677, 0.587880, 0.314874, 0.595475
0.334062, 0.829605, -0.694301, -0.157665
0.334311, 0.990254, -0.704685, -0.009152
0.334533, 0.908669, -0.701665, -0.085423
0.334646, 0.318660, 0.357546, 0.339637
0.334688, 0.504896, 0.333056, 0.521935
0.334690, 0.768721, -0.683831, -0.211135
0.334739, 0.678240, -0.799907, -0.422630
0.334922, 0.249618, 0.363862, 0.268150
0.334993, 0.138638, 0.370801, 0.150301
0.335515, 0.227383, 0.366077, 0.244704
0.335570, 0.886591, -0.698954, -0.105915
0.335592, 0.056436, 0.374127, 0.061392
0.335631, 0.970114, -0.703326, -0.028074
0.335810, 0.091513, 0.373274, 0.099367
0.336090, 0.021788, 0.375358, 0.023718
0.336185, 0.599377, 0.314012, 0.604320
0.336220, 0.446448, 0.343850, 0.466573
0.336431, 0.000000, 0.375818, 0.000000
0.336922, 0.632884, 0.301340, 0.626786
0.337219, 0.491799, 0.337702, 0.509384
0.337353, 0.665524, -0.329319, 0.025785
0.337363, 0.852869, -0.693997, -0.137005
0.337442, 0.947840, -0.700909, -0.049035
0.337504, 0.352076, 0.356938, 0.373230
0.337907, 0.736722, -0.675573, -0.239994
0.338143, 0.261875, 0.366100, 0.280600
0.338282, 0.611458, 0.312426, 0.613480
0.338288, 0.802719, -0.686543, -0.182210
0.338295, 0.307039, 0.362495, 0.327460
0.338462, 0.411784, 0.350745, 0.432502
0.338587, 0.386300, 0.354301, 0.407603
0.338934, 0.397847, 0.353061, 0.418799
0.339070, 0.549536, 0.328308, 0.561214
0.339134, 0.748197, -0.675671, -0.229065
0.339249, 0.104047, 0.376433, 0.112773
0.339335, 0.723144, -0.664884, -0.245067
0.339473, 0.652705, 0.532944, 0.873427
0.339660, 0.709764, -0.678556, -0.273368
0.339682, 0.781015, -0.681766, -0.201454
0.339811, 0.068853, 0.378022, 0.074722
0.339874, 0.159041, 0.374521, 0.171761
0.339911, 0.479264, 0.342421, 0.497378
0.340221, 0.817180, -0.687005, -0.169608
0.340318, 0.033363, 0.379485, 0.036252
0.340515, 0.340502, 0.361337, 0.361326
0.340582, 0.840991, -0.689833, -0.148179
0.340732, 0.273840, 0.367758, 0.292810
0.340771, 0.623360, 0.310966, 0.622182
0.340849, 0.373724, 0.357944, 0.394668
0.340924, 0.435184, 0.350142, 0.455184
0.341185, 0.170643, 0.375632, 0.184228
0.341462, 0.240051, 0.371423, 0.257642
0.341481, 1.000000, -0.698059, 0.000000
0.341634, 0.182873, 0.375461, 0.197255
0.341657, 0.875213, -0.692404, -0.116915
0.341664, 0.916703, -0.695278, -0.078359
0.341861, 0.897077, -0.693949, -0.096673
0.342019, 0.538683, 0.333305, 0.551239
0.342059, 0.980272, -0.697360, -0.018622
0.342118, 0.195137, 0.375161, 0.210217
0.342202, 0.295266, 0.367435, 0.314865
0.342280, 0.207387, 0.374294, 0.223040
0.342371, 0.697419, -0.638409, -0.249466
0.342480, 0.526508, 0.336147, 0.540154
0.342597, 0.466670, 0.346967, 0.485012
0.342779, 0.760364, -0.675327, -0.219842
0.342793, 0.128356, 0.379171, 0.138803
0.343008, 0.642014, 0.305072, 0.633392
0.343095, 0.927463, -0.694528, -0.068351
0.343263, 0.011237, 0.382789, 0.012206
0.343451, 0.959673, -0.695514, -0.038076
0.343610, 0.327969, 0.365721, 0.348217
0.343641, 0.046546, 0.382722, 0.050517
0.344149, 0.513585, 0.340164, 0.528126
0.344172, 0.148910, 0.379875, 0.160859
0.344428, 0.116165, 0.381787, 0.125749
0.344434, 0.569634, 0.328448, 0.577500
0.344501, 0.558210, 0.331143, 0.567577
0.344651, 0.581848, 0.325654, 0.587783
0.344748, 0.220002, 0.376287, 0.236343
0.345143, 0.081365, 0.383783, 0.088219
0.345191, 0.285200, 0.371371, 0.304187
0.345212, 0.793255, -0.679025, -0.191643
0.345236, 0.424165, 0.355730, 0.443687
0.345247, 0.938488, -0.693356, -0.058115
0.345547, 0.360910, 0.363963, 0.381122
0.345573, 0.685222, -0.702256, -0.329366
0.345751, 0.454887, 0.351768, 0.473235
0.345936, 0.828732, -0.683579, -0.159941
0.346068, 0.500533, 0.344379, 0.515873
0.346253, 0.863859, -0.687158, -0.127811
0.346433, 0.593838, 0.324068, 0.597261
0.346494, 0.673453, -0.521192, -0.162819
0.347037, 0.252170, 0.376296, 0.269924
0.347184, 0.315440, 0.370748, 0.335194
0.347331, 0.093217, 0.385208, 0.100827
0.347466, 0.772589, -0.673634, -0.210141
0.348008, 0.058824, 0.387090, 0.063734
0.348463, 0.885872, -0.687168, -0.107596
0.348536, 0.138203, 0.384843, 0.149158
0.348597, 0.906312, -0.688360, -0.088490
0.348626, 0.605922, 0.322392, 0.606310
0.348780, 0.659661, -0.952083, -0.610877
0.348812, 0.730157, -0.662209, -0.244895
0.348972, 0.232129, 0.379684, 0.248701
0.349030, 0.990131, -0.690974, -0.009364
0.349088, 0.806679, -0.677744, -0.180257
0.349155, 0.488151, 0.349566, 0.504085
0.349398, 0.852350, -0.682998, -0.138730
0.349472, 0.403495, 0.362714, 0.422960
0.349607, 0.022863, 0.389238, 0.024761
0.349726, 0.443705, 0.357371, 0.462051
0.349797, 0.970025, -0.690092, -0.028437
0.349860, 0.000000, 0.389872, 0.000000
0.350067, 0.716788, -0.662576, -0.260951
0.350175, 0.414535, 0.361883, 0.433623
0.350187, 0.264388, 0.378424, 0.282296
0.350330, 0.350235, 0.370251, 0.370150
0.350418, 0.391781, 0.365335, 0.411519
0.350467, 0.618583, 0.320269, 0.615882
0.350583, 0.741565, -0.665127, -0.237816
0.350601, 0.632439, 0.315650, 0.626432
0.350638, 0.949762, -0.688631, -0.047666
0.350846, 0.380541, 0.367046, 0.400194
0.351334, 0.303116, 0.375975, 0.322017
0.351453, 0.161732, 0.386613, 0.174086
0.351580, 0.037162, 0.391025, 0.040221
0.351600, 0.105624, 0.389224, 0.114017
0.351723, 0.475332, 0.354115, 0.491572
0.351820, 0.070995, 0.390465, 0.076737
0.351845, 0.840411, -0.679545, -0.149971
0.351893, 0.752746, -0.665966, -0.227975
0.352080, 0.705447, -0.649036, -0.261735
0.352216, 0.337954, 0.373385, 0.357434
0.352456, 0.175179, 0.387123, 0.188418
0.352639, 0.368829, 0.370169, 0.388246
0.352799, 0.784342, -0.670866, -0.200708
0.352937, 0.647261, -0.174585, 0.144817
0.352979, 0.547966, 0.340913, 0.556954
0.353035, 0.277002, 0.380068, 0.294972
0.353198, 0.817931, -0.675702, -0.170660
0.353231, 0.522666, 0.346587, 0.534498
0.353271, 0.187725, 0.387241, 0.201680
0.353351, 0.535328, 0.344031, 0.545748
0.353720, 0.211637, 0.385765, 0.226683
0.353821, 0.199843, 0.387020, 0.214439
0.353873, 0.917692, -0.683973, -0.078095
0.354274, 0.432662, 0.363268, 0.450581
0.354614, 0.126103, 0.391968, 0.135988
0.354767, 0.692901, -0.661147, -0.289927
0.354905, 0.874333, -0.680204, -0.118860
0.355009, 0.325388, 0.377648, 0.344495
0.355150, 0.463168, 0.359384, 0.479568
0.355197, 0.508987, 0.351114, 0.521799
0.355306, 0.243193, 0.385557, 0.259891
0.355388, 0.574396, 0.336409, 0.578615
0.355563, 0.560886, 0.340016, 0.567286
0.355666, 0.764674, -0.664993, -0.218481
0.355869, 0.896060, -0.681018, -0.098601
0.355996, 0.929157, -0.682582, -0.067357
0.356137, 1.000000, -0.684368, 0.000000
0.356187, 0.291553, 0.382265, 0.309896
0.356333, 0.049243, 0.395947, 0.053224
0.356393, 0.011137, 0.396469, 0.012039
0.356451, 0.148832, 0.392598, 0.160127
0.356557, 0.980080, -0.683789, -0.018990
0.356622, 0.587179, 0.333265, 0.588058
0.356741, 0.669302, -0.679847, -0.336241
0.357196, 0.224540, 0.388751, 0.240158
0.357263, 0.797132, -0.669053, -0.190006
0.357434, 0.959591, -0.682460, -0.038514
0.357999, 0.939656, -0.681315, -0.057506
0.358225, 0.082994, 0.397230, 0.089568
0.358247, 0.094478, 0.396685, 0.101864
0.358297, 0.828876, -0.672391, -0.161284
0.358318, 0.497237, 0.356343, 0.510728
0.358800, 0.115172, 0.396648, 0.124067
0.358867, 0.680463, -0.624245, -0.271037
0.358928, 0.599043, 0.331418, 0.596602
0.358934, 0.863142, -0.675457, -0.129647
0.359075, 0.451591, 0.365062, 0.468076
0.359213, 0.422165, 0.369671, 0.439831
0.359249, 0.724203, -0.654257, -0.254453
0.359394, 0.312947, 0.383084, 0.331158
0.359624, 0.254841, 0.389073, 0.271683
0.359815, 0.029891, 0.399851, 0.032271
0.360149, 0.359661, 0.378939, 0.378394
0.360285, 0.611786, 0.331619, 0.609208
0.360572, 0.484020, 0.360778, 0.497982
0.360704, 0.137502, 0.397519, 0.147827
0.360735, 0.060833, 0.400261, 0.065623
0.360944, 0.775595, -0.662436, -0.209790
0.360984, 0.624787, 0.325056, 0.616147
0.361113, 0.658164, -0.612843, -0.286061
0.361151, 0.851374, -0.672116, -0.140807
0.361289, 0.884524, -0.675200, -0.109824
0.361374, 0.409679, 0.373588, 0.427450
0.361378, 0.397853, 0.375305, 0.416014
0.361439, 0.637487, 0.220401, 0.519522
0.361599, 0.907821, -0.676431, -0.087858
0.361659, 0.735210, -0.653867, -0.244744
0.361773, 0.267655, 0.390100, 0.284724
0.361867, 0.347147, 0.382116, 0.365662
0.362144, 0.808971, -0.666380, -0.179970
0.362145, 0.385658, 0.377581, 0.403817
0.362731, 0.373402, 0.379783, 0.391699
0.362854, 0.158202, 0.398786, 0.169771
0.362859, 0.169914, 0.398032, 0.182146
0.363156, 0.839906, -0.669068, -0.151647
0.363326, 0.280977, 0.390249, 0.298144
0.363331, 0.000000, 0.403793, 0.000000
0.363358, 0.517341, 0.356755, 0.527611
0.363413, 0.440480, 0.370843, 0.456652
0.363413, 0.702536, -0.646283, -0.273991
0.363480, 0.235070, 0.394604, 0.250777
0.363526, 0.746544, -0.654747, -0.235765
0.363556, 0.714030, -0.646803, -0.262614
0.363611, 0.990002, -0.677274, -0.009578
0.363632, 0.072187, 0.402807, 0.077734
0.363786, 0.334587, 0.385485, 0.352828
0.364007, 0.969792, -0.676728, -0.028930
0.364065, 0.471648, 0.366291, 0.485954
0.364313, 0.757100, -0.656057, -0.226609
0.364457, 0.182001, 0.399286, 0.194972
0.364471, 0.529728, 0.355075, 0.538369
0.364472, 0.019974, 0.404760, 0.021534
0.364516, 0.948388, -0.675542, -0.049416
0.364524, 0.302942, 0.389634, 0.320728
0.364616, 0.215459, 0.396844, 0.229974
0.364666, 0.541911, 0.352418, 0.548882
0.364948, 0.103482, 0.403284, 0.111262
0.365018, 0.041306, 0.405089, 0.044519
0.365299, 0.567434, 0.346363, 0.570030
0.365303, 0.787977, -0.660394, -0.199395
0.365433, 0.193422, 0.399440, 0.206898
0.365646, 0.648360, -0.841656, -0.530034
0.365921, 0.204508, 0.399232, 0.218536
0.365955, 0.921515, -0.673067, -0.075108
0.365970, 0.553858, 0.350586, 0.558668
0.366445, 0.581018, 0.346482, 0.583755
0.366484, 0.321980, 0.389302, 0.339578
0.366799, 0.820337, -0.663662, -0.170154
0.366806, 0.689845, -0.637541, -0.282645
0.367462, 0.125174, 0.405109, 0.134356
0.368079, 0.459645, 0.372208, 0.474129
0.368180, 0.506441, 0.363375, 0.516917
0.368232, 0.429728, 0.377258, 0.445781
0.368261, 0.668805, -0.638489, -0.307849
0.368707, 0.896786, -0.669235, -0.098777
0.368717, 0.872060, -0.667332, -0.122134
0.369082, 0.492857, 0.366879, 0.504385
0.369325, 0.292449, 0.395347, 0.309395
0.369515, 0.246089, 0.399835, 0.261694
0.369580, 0.934363, -0.670136, -0.062992
0.369678, 0.592540, 0.348156, 0.594486
0.369783, 0.090841, 0.409160, 0.097674
0.369797, 0.766658, -0.652899, -0.219124
0.369858, 0.053087, 0.410143, 0.057143
0.370246, 0.605301, 0.344316, 0.603801
0.370311, 0.148988, 0.406963, 0.159588
0.370335, 0.800072, -0.657769, -0.189182
0.370643, 1.000000, -0.670693, 0.000000
0.370811, 0.010204, 0.411466, 0.010984
0.370876, 0.224804, 0.402719, 0.239346
0.370891, 0.958767, -0.669791, -0.039644
0.370967, 0.979825, -0.670188, -0.019412
0.371142, 0.417449, 0.381946, 0.433565
0.371173, 0.858943, -0.663763, -0.134685
0.371259, 0.726237, -0.644094, -0.254888
0.371278, 0.258945, 0.400578, 0.274880
0.371468, 0.832073, -0.660664, -0.159821
0.371470, 0.137019, 0.408804, 0.146833
0.371593, 0.618088, 0.541606, 0.811786
0.371864, 0.112227, 0.410114, 0.120340
0.371999, 0.354724, 0.391322, 0.372023
0.372022, 0.631003, -0.183473, 0.097629
0.372107, 0.366717, 0.389885, 0.383867
0.372263, 0.884566, -0.664801, -0.110573
0.372368, 0.079121, 0.412053, 0.085004
0.372447, 0.030894, 0.413164, 0.033227
0.372561, 0.404736, 0.385231, 0.421125
0.372645, 0.448086, 0.378377, 0.462350
0.372674, 0.480477, 0.372624, 0.492489
0.372777, 0.679342, -0.630926, -0.293625
0.372857, 0.910937, -0.666027, -0.085530
0.372881, 0.392398, 0.387219, 0.408986
0.373028, 0.271444, 0.401168, 0.287556
0.373194, 0.845912, -0.660450, -0.147079
0.373295, 0.342034, 0.394136, 0.359199
0.373345, 0.778482, -0.651951, -0.209179
0.373391, 0.379822, 0.389512, 0.396694
0.373516, 0.740088, -0.645123, -0.243193
0.373670, 0.162755, 0.409927, 0.174079
0.373785, 0.313376, 0.397825, 0.330295
0.373915, 0.519823, 0.365563, 0.527504
0.373990, 0.065503, 0.413746, 0.070317
0.374061, 0.699942, -0.635468, -0.277472
0.374576, 0.657330, -0.629301, -0.317701
0.374649, 0.175749, 0.409822, 0.187593
0.374841, 0.642803, -0.721276, -0.426294
0.375027, 0.712093, -0.637598, -0.267499
0.375055, 0.328642, 0.397341, 0.345487
0.375220, 0.282646, 0.402245, 0.298770
0.375550, 0.811971, -0.654643, -0.178937
0.375610, 0.575890, 0.348604, 0.570165
0.375963, 0.754063, -0.645303, -0.231385
0.376026, 0.532331, 0.364488, 0.537837
0.376194, 0.564315, 0.356635, 0.564895
0.376215, 0.946115, -0.664566, -0.051982
0.376548, 0.212966, 0.409650, 0.226678
0.376586, 0.468257, 0.378581, 0.480581
0.376732, 0.543136, 0.362431, 0.546878
0.376855, 0.234083, 0.408206, 0.248577
0.376914, 0.188749, 0.411888, 0.201364
0.377209, 0.000000, 0.418351, 0.000000
0.377409, 0.437240, 0.384835, 0.451488
0.377538, 0.301549, 0.402752, 0.317848
0.377734, 0.042378, 0.418324, 0.045485
0.377806, 0.200410, 0.411878, 0.213474
0.377911, 0.100656, 0.417114, 0.107855
0.377948, 0.969195, -0.663540, -0.029762
0.377994, 0.790693, -0.649389, -0.198763
0.378063, 0.989793, -0.663587, -0.009866
0.378085, 0.923105, -0.661809, -0.074160
0.378218, 0.553890, 0.360465, 0.555109
0.378353, 0.500452, 0.373685, 0.509290
0.378522, 0.020931, 0.419454, 0.022465
0.379097, 0.120034, 0.417429, 0.128397
0.379914, 0.901423, -0.658799, -0.095025
0.379929, 0.823985, -0.652069, -0.168303
0.380076, 0.689290, -0.627827, -0.287728
0.380482, 0.586432, 0.337021, 0.564843
0.380697, 0.425215, 0.389916, 0.439526
0.380736, 0.668941, -0.622289, -0.304891
0.380814, 0.599670, 0.411925, 0.653848
0.380959, 0.130991, 0.419002, 0.139992
0.381090, 0.456195, 0.384874, 0.468440
0.381195, 0.864710, -0.654984, -0.130106
0.381199, 0.511361, 0.373904, 0.518458
0.381341, 0.767414, -0.642919, -0.220348
0.381426, 0.489272, 0.378814, 0.498665
0.381489, 0.876888, -0.655784, -0.118563
0.381622, 0.253960, 0.411574, 0.268819
0.381762, 0.721644, -0.633840, -0.260805
0.382041, 0.611303, 0.253549, 0.503482
0.382131, 0.087741, 0.422097, 0.093970
0.382275, 0.143567, 0.419802, 0.153298
0.382278, 0.890485, -0.655776, -0.105623
0.382294, 0.053637, 0.422985, 0.057484
0.382330, 0.242650, 0.413214, 0.257067
0.382484, 0.837354, -0.651135, -0.156050
0.382555, 0.412368, 0.393734, 0.426978
0.382590, 0.155388, 0.419330, 0.165718
0.382629, 0.624511, -0.895172, -0.630062
0.382742, 0.934796, -0.657909, -0.063103
0.382849, 0.851527, -0.652123, -0.142720
0.383260, 0.733166, -0.635182, -0.251181
0.383324, 0.803025, -0.646360, -0.188176
0.383362, 0.266160, 0.412280, 0.281242
0.383387, 0.361684, 0.401723, 0.377490
0.383433, 0.349415, 0.403331, 0.365337
0.383601, 0.957717, -0.657777, -0.040979
0.383655, 0.373920, 0.400292, 0.389427
0.383658, 0.399479, 0.396693, 0.414329
0.383784, 0.290634, 0.410328, 0.306214
0.383815, 0.222929, 0.416396, 0.236537
0.383955, 0.322146, 0.407000, 0.337963
0.383968, 0.336447, 0.405439, 0.352359
0.384039, 0.386810, 0.398964, 0.402060
0.384436, 0.075845, 0.424592, 0.081160
0.384513, 0.649274, -0.648512, -0.356687
0.384624, 0.010853, 0.425851, 0.011630
0.384670, 0.168622, 0.421022, 0.179665
0.384780, 0.635640, -0.511701, -0.234943
0.384868, 0.745507, -0.636240, -0.240576
0.384872, 0.702262, -0.627007, -0.278089
0.384952, 1.000000, -0.657099, 0.000000
0.384962, 0.477325, 0.384509, 0.487237
0.385059, 0.780123, -0.641711, -0.209444
0.385190, 0.979239, -0.656666, -0.020149
0.385452, 0.032601, 0.426763, 0.034920
0.385478, 0.524433, 0.374593, 0.528888
0.385531, 0.064200, 0.425839, 0.068671
0.385870, 0.278015, 0.413722, 0.293164
0.385879, 0.911838, -0.653777, -0.085354
0.385942, 0.181881, 0.421015, 0.193315
0.386240, 0.109962, 0.424954, 0.117348
0.386510, 0.310267, 0.410766, 0.325655
0.386650, 0.444876, 0.392300, 0.457160
0.386682, 0.573955, 0.369217, 0.576533
0.386753, 0.679040, -0.619981, -0.298041
0.387548, 0.208998, 0.421276, 0.221758
0.387890, 0.659678, -0.611595, -0.311962
0.388382, 0.758010, -0.635097, -0.229962
0.388503, 0.562274, 0.365361, 0.557901
0.388598, 0.815733, -0.643177, -0.177007
0.388667, 0.946399, -0.652654, -0.052096
0.388904, 0.548445, 0.374013, 0.550836
0.389042, 0.465163, 0.390507, 0.475155
0.389079, 0.536326, 0.374384, 0.537780
0.389137, 0.712951, -0.625881, -0.269882
0.389641, 0.195748, 0.424595, 0.207884
0.389913, 0.096038, 0.429864, 0.102549
0.390057, 0.500505, 0.384096, 0.506787
0.390129, 0.792935, -0.638670, -0.198351
0.390264, 0.433062, 0.397678, 0.445353
0.390316, 0.594654, 0.238325, 0.464403
0.390564, 0.000000, 0.432320, 0.000000
0.390681, 0.923763, -0.649861, -0.074092
0.390871, 0.299222, 0.416551, 0.314181
0.390928, 0.044581, 0.432014, 0.047641
0.390940, 0.122593, 0.429691, 0.130648
0.391166, 0.232873, 0.423049, 0.246228
0.391745, 0.968278, -0.650405, -0.030902
0.391795, 0.828675, -0.641655, -0.165196
0.391814, 0.692144, -0.618828, -0.288222
0.392067, 0.618582, -0.600083, -0.350396
0.392072, 0.022564, 0.433542, 0.024112
0.392229, 0.420042, 0.401745, 0.432746
0.392252, 0.989310, -0.650053, -0.010420
0.392319, 0.884482, -0.646110, -0.112068
0.392443, 0.870720, -0.644916, -0.125277
0.392452, 0.513783, 0.383007, 0.517697
0.392492, 0.899212, -0.646775, -0.097892
0.392533, 0.135448, 0.430769, 0.144178
0.392632, 0.843076, -0.642295, -0.151646
0.392699, 0.857324, -0.643493, -0.138091
0.392757, 0.488062, 0.389309, 0.495270
0.392966, 0.246942, 0.423778, 0.260645
0.393497, 0.259911, 0.423033, 0.273828
0.393686, 0.583532, 0.392604, 0.602606
0.393726, 0.330823, 0.415668, 0.345464
0.393735, 0.406925, 0.405253, 0.419952
0.393745, 0.148184, 0.431462, 0.157608
0.393851, 0.770507, -0.632157, -0.219463
0.393917, 0.725027, -0.623998, -0.260275
0.394098, 0.606515, -0.192677, 0.038517
0.394120, 0.643188, -0.579959, -0.305051
0.394297, 0.453733, 0.397777, 0.463964
0.394309, 0.160627, 0.431120, 0.170589
0.394363, 0.343809, 0.414867, 0.358427
0.394571, 0.356225, 0.413458, 0.370654
0.394649, 0.393927, 0.408184, 0.407384
0.394736, 0.368565, 0.411949, 0.382742
0.394776, 0.381064, 0.410137, 0.394839
0.394874, 0.668738, -0.609838, -0.307910
0.394970, 0.218736, 0.428209, 0.231359
0.395238, 0.083563, 0.435550, 0.089079
0.395342, 0.736747, -0.625230, -0.250234
0.395480, 0.806342, -0.635575, -0.186587
0.395699, 0.173550, 0.432051, 0.184168
0.395845, 0.934903, -0.645385, -0.063487
0.395868, 0.272331, 0.424461, 0.286433
0.395873, 0.056733, 0.437235, 0.060554
0.396082, 0.069442, 0.436603, 0.074001
0.396116, 0.318535, 0.419346, 0.332816
0.396247, 0.285562, 0.423291, 0.299708
0.396297, 0.630278, -0.634697, -0.376440
0.396587, 0.186547, 0.431673, 0.197520
0.396622, 0.748578, -0.626271, -0.239857
0.396706, 0.475497, 0.395346, 0.482904
0.396810, 0.957296, -0.645048, -0.041705
0.396820, 0.782038, -0.631246, -0.209333
0.397075, 0.105150, 0.436730, 0.111920
0.397507, 0.011981, 0.439290, 0.012788
0.397534, 0.703668, -0.616606, -0.279678
0.397571, 0.524692, 0.384459, 0.525523
0.397654, 0.913035, -0.642712, -0.084808
0.398150, 0.557135, 0.387478, 0.563622
0.398353, 0.682602, -0.611261, -0.297974
0.398411, 0.034663, 0.440251, 0.036972
0.398654, 0.654435, -0.604912, -0.322748
0.398790, 0.205202, 0.433120, 0.217010
0.398829, 0.571598, 0.365051, 0.556456
0.398917, 1.000000, -0.643775, 0.000000
0.399256, 0.978161, -0.643201, -0.021368
0.399893, 0.441133, 0.405158, 0.451067
0.400029, 0.115827, 0.439154, 0.123053
0.400152, 0.308528, 0.424857, 0.322567
0.400702, 0.545071, 0.371380, 0.531523
0.400738, 0.944758, -0.640922, -0.054054
0.400767, 0.761260, -0.624467, -0.228968
0.401005, 0.506610, 0.392327, 0.509623
0.401160, 0.819618, -0.632064, -0.174770
0.401555, 0.465247, 0.402150, 0.473046
0.401572, 0.795125, -0.628441, -0.197782
0.401573, 0.595425, 0.667700, 0.879837
0.401598, 0.295939, 0.427646, 0.309699
0.401684, 0.427737, 0.409368, 0.438401
0.401725, 0.715598, -0.615556, -0.270141
0.401944, 0.534941, 0.385196, 0.532735
0.401984, 0.834552, -0.632741, -0.160655
0.402229, 0.240065, 0.433640, 0.252680
0.402481, 0.495666, 0.396123, 0.499670
0.402704, 0.849060, -0.633387, -0.146856
0.402770, 0.128104, 0.441726, 0.135962
0.402796, 0.890151, -0.636543, -0.107275
0.402921, 0.094662, 0.443254, 0.100636
0.402943, 0.876861, -0.635424, -0.120135
0.402948, 0.618178, -0.546488, -0.308404
0.402992, 0.863223, -0.634296, -0.133283
0.403117, 0.227597, 0.435639, 0.239791
0.403233, 0.000000, 0.445204, 0.000000
0.403442, 0.414357, 0.413278, 0.425437
0.403603, 0.253703, 0.433981, 0.266644
0.403633, 0.047612, 0.445194, 0.050675
0.403747, 0.926194, -0.637468, -0.072290
0.404050, 0.902752, -0.635981, -0.095116
0.404095, 0.140825, 0.442471, 0.149296
0.404399, 0.483560, 0.400507, 0.488461
0.404825, 0.694221, -0.608254, -0.289402
0.404826, 0.401132, 0.416799, 0.412687
0.404835, 0.337983, 0.425728, 0.351173
0.404852, 0.641284, -0.594796, -0.333622
0.404958, 0.325800, 0.427314, 0.339055
0.405000, 0.074489, 0.445729, 0.079142
0.405031, 0.193918, 0.440067, 0.204737
0.405096, 0.153655, 0.442853, 0.162753
0.405331, 0.024227, 0.446983, 0.025761
0.405522, 0.388110, 0.419473, 0.400055
0.405527, 0.674125, -0.602753, -0.306546
0.405611, 0.350402, 0.425057, 0.363458
0.405640, 0.583833, 0.447129, 0.643444
0.405756, 0.166422, 0.442591, 0.176019
0.405758, 0.453253, 0.408188, 0.461026
0.405798, 0.362727, 0.423558, 0.375503
0.405808, 0.375273, 0.421771, 0.387707
0.405902, 0.265959, 0.435080, 0.278883
0.405954, 0.989118, -0.636894, -0.010693
0.406067, 0.966722, -0.636668, -0.032680
0.406185, 0.727905, -0.613834, -0.260025
0.406450, 0.179749, 0.442672, 0.189964
0.406731, 0.516076, 0.395242, 0.516708
0.406998, 0.606892, -0.886731, -0.665785
0.407207, 0.563020, 0.416722, 0.589273
0.407239, 0.806447, -0.624698, -0.187858
0.407257, 0.662969, -0.599102, -0.316803
0.407266, 0.216015, 0.440846, 0.227529
0.407288, 0.278363, 0.435293, 0.291380
0.407321, 0.783682, -0.621615, -0.209173
0.407397, 0.739336, -0.614861, -0.249978
0.407593, 0.771918, -0.619902, -0.220157
0.407705, 0.751312, -0.616652, -0.239157
0.408103, 0.061307, 0.449762, 0.065151
0.408558, 0.952327, -0.633519, -0.046856
0.408970, 0.629451, -0.583106, -0.339347
0.409188, 0.085222, 0.449842, 0.090406
0.409355, 0.010724, 0.451336, 0.011389
0.409522, 0.915918, -0.631311, -0.082549
0.409550, 0.106806, 0.449656, 0.113229
0.409926, 0.706243, -0.606418, -0.279994
0.410464, 0.289414, 0.437178, 0.302130
0.410605, 0.551039, 0.350173, 0.505935
0.410725, 0.037342, 0.452975, 0.039669
0.410786, 0.937746, -0.630929, -0.061230
0.410924, 0.316434, 0.434629, 0.329210
0.411109, 0.527280, 0.397680, 0.526679
0.411118, 0.474936, 0.408619, 0.479615
0.411131, 0.205655, 0.445539, 0.216508
0.411167, 0.303538, 0.436449, 0.316342
0.411587, 0.651532, -0.592156, -0.327029
0.411743, 0.433472, 0.417659, 0.441864
0.411763, 0.684951, -0.600262, -0.298955
0.411959, 0.828191, -0.622814, -0.167721
0.411996, 0.573879, 0.505640, 0.684546
0.412291, 0.119362, 0.451705, 0.126281
0.412307, 0.445147, 0.415839, 0.452388
0.412643, 0.841658, -0.623356, -0.154846
0.412720, 1.000000, -0.630459, 0.000000
0.412770, 0.978104, -0.630201, -0.021588
0.412866, 0.247089, 0.443691, 0.258892
0.412898, 0.855799, -0.624301, -0.141229
0.413038, 0.503669, 0.403161, 0.503844
0.413067, 0.462374, 0.412958, 0.467805
0.413206, 0.420900, 0.421290, 0.429857
0.413292, 0.233852, 0.445337, 0.245325
0.413294, 0.595490, -0.411877, -0.213049
0.413375, 0.816056, -0.620040, -0.179423
0.413505, 0.490081, 0.407165, 0.492290
0.413542, 0.869468, -0.624742, -0.128042
0.413820, 0.793694, -0.616883, -0.200618
0.413900, 0.718921, -0.605442, -0.269507
0.414040, 0.760652, -0.612240, -0.231507
0.414050, 0.882373, -0.625210, -0.115537
0.414081, 0.132740, 0.453147, 0.140309
0.414436, 0.539163, 0.411567, 0.550039
0.414724, 0.894250, -0.625234, -0.103987
0.414764, 0.407908, 0.425064, 0.417429
0.414992, 0.617908, -0.601195, -0.376641
0.415355, 0.330532, 0.437166, 0.342590
0.415387, 0.146009, 0.453827, 0.154163
0.415523, 0.905908, -0.624986, -0.092624
0.415537, 0.050452, 0.457363, 0.053468
0.415812, 0.259406, 0.445758, 0.271313
0.415987, 0.394890, 0.428400, 0.404880
0.416021, 0.097062, 0.456887, 0.102759
0.416031, 0.072722, 0.457417, 0.077017
0.416132, 0.343454, 0.436082, 0.355079
0.416293, 0.185270, 0.452333, 0.195042
0.416296, 0.159060, 0.454020, 0.167775
0.416381, 0.381832, 0.430946, 0.392423
0.416384, 0.019500, 0.458510, 0.020664
0.416491, 0.000000, 0.458684, 0.000000
0.416625, 0.959511, -0.625755, -0.039969
0.416705, 0.172042, 0.453494, 0.181227
0.416772, 0.368750, 0.433289, 0.379743
0.416865, 0.356190, 0.435195, 0.367541
0.416972, 0.926577, -0.624772, -0.072436
0.417026, 0.222742, 0.450184, 0.233665
0.417125, 0.673553, -0.592996, -0.309953
0.417129, 0.639910, -0.583837, -0.337542
0.417710, 0.197035, 0.452619, 0.207009
0.417901, 0.696257, -0.597434, -0.290413
0.418016, 0.746295, -0.606440, -0.245367
0.418274, 0.271462, 0.446963, 0.283237
0.418448, 0.781201, -0.611030, -0.212941
0.418550, 0.562070, 0.196179, 0.355220
0.418588, 0.584730, -0.378902, -0.197199
0.418669, 0.732691, -0.603626, -0.257915
0.418777, 0.516482, 0.403912, 0.512421
0.419399, 0.802835, -0.612702, -0.192613
0.419565, 0.029712, 0.461688, 0.031439
0.419648, 0.989066, -0.623610, -0.010823
0.419793, 0.606592, -0.554844, -0.348285
0.419836, 0.661964, -0.587995, -0.320467
0.420193, 0.946829, -0.622350, -0.052592
0.420493, 0.296460, 0.446385, 0.308093
0.420683, 0.282696, 0.448263, 0.294358
0.420933, 0.454109, 0.421925, 0.458846
0.420991, 0.084925, 0.461826, 0.089698
0.421086, 0.969170, -0.621990, -0.030520
0.421283, 0.769922, -0.606989, -0.223915
0.421641, 0.211724, 0.455947, 0.222052
0.421679, 0.309858, 0.446153, 0.321433
0.421696, 0.110401, 0.461874, 0.116507
0.421798, 0.481547, 0.416416, 0.482856
0.421853, 0.708082, -0.596295, -0.280682
0.421887, 0.628591, -0.578807, -0.350094
0.421932, 0.062051, 0.463925, 0.065620
0.422446, 0.468669, 0.420021, 0.471441
0.422452, 0.550270, 0.507517, 0.649482
0.422689, 0.241032, 0.454169, 0.251831
0.422744, 0.848996, -0.614400, -0.148627
0.422857, 0.440431, 0.426462, 0.446033
0.422875, 0.915247, -0.618339, -0.083801
0.422939, 0.322381, 0.445696, 0.333592
0.423106, 0.527439, 0.401702, 0.517501
0.423335, 0.009512, 0.465730, 0.010058
0.423389, 0.124421, 0.462875, 0.131103
0.423390, 0.834899, -0.612535, -0.162335
0.423495, 0.427493, 0.429595, 0.434044
0.423544, 0.495030, 0.414586, 0.494040
0.423653, 0.862716, -0.614520, -0.135342
0.424057, 0.685230, -0.589749, -0.301394
0.424070, 0.040847, 0.466542, 0.043174
0.424316, 0.823273, -0.610424, -0.173618
0.424349, 0.573480, -0.281850, -0.119322
0.424401, 0.650519, -0.581224, -0.331186
0.424509, 0.507009, 0.411953, 0.503599
0.424661, 0.414775, 0.433088, 0.422080
0.424788, 0.876066, -0.614452, -0.122395
0.424791, 0.721090, -0.596034, -0.269483
0.425039, 0.811803, -0.608306, -0.184658
0.425094, 0.138154, 0.464160, 0.145432
0.425136, 0.935778, -0.617151, -0.063660
0.425276, 0.756634, -0.601422, -0.236897
0.425406, 0.252747, 0.455835, 0.263507
0.425852, 0.595564, -0.570680, -0.382706
0.426041, 0.889024, -0.614056, -0.109769
0.426145, 0.401757, 0.436828, 0.409648
0.426191, 0.336188, 0.447121, 0.346793
0.426466, 1.000000, -0.617094, 0.000000
0.426467, 0.901612, -0.614204, -0.097402
0.426585, 0.151636, 0.465011, 0.159439
0.426676, 0.791136, -0.604645, -0.204584
0.426842, 0.388321, 0.439841, 0.396908
0.426886, 0.230546, 0.459396, 0.240785
0.427008, 0.375107, 0.442078, 0.384244
0.427079, 0.539033, 0.400011, 0.524103
0.427338, 0.978981, -0.615940, -0.020879
0.427361, 0.349216, 0.446233, 0.359173
0.427408, 0.164643, 0.465020, 0.172922
0.427503, 0.177416, 0.464137, 0.186102
0.427537, 0.617254, -0.567499, -0.357483
0.427663, 0.097319, 0.468639, 0.102570
0.427993, 0.362073, 0.445070, 0.371606
0.427999, 0.202364, 0.462709, 0.211757
0.428160, 0.073850, 0.469954, 0.077892
0.428172, 0.189477, 0.464116, 0.198571
0.428508, 0.264350, 0.457992, 0.275058
0.428543, 0.743275, -0.596361, -0.249781
0.428611, 0.672910, -0.583053, -0.313125
0.428714, 0.052083, 0.470782, 0.054931
0.428737, 0.957129, -0.613922, -0.042588
0.429312, 0.019938, 0.471950, 0.021040
0.429725, 0.639154, -0.573857, -0.342144
0.430079, 0.561984, 0.932859, 1.079032
0.430230, 0.289816, 0.456868, 0.300386
0.430493, 0.000000, 0.473225, 0.000000
0.430565, 0.696924, -0.586512, -0.292376
0.430601, 0.924294, -0.611366, -0.075209
0.430761, 0.779642, -0.599447, -0.215989
0.430950, 0.219997, 0.464532, 0.229717
0.431228, 0.584340, -0.492321, -0.322306
0.431462, 0.461497, 0.429629, 0.463044
0.431496, 0.732120, -0.591847, -0.260528
0.431584, 0.302671, 0.456608, 0.312971
0.431785, 0.275788, 0.459837, 0.286095
0.431961, 0.448351, 0.433017, 0.451264
0.432328, 0.841842, -0.604596, -0.156377
0.432335, 0.661074, -0.577164, -0.324202
0.432576, 0.515931, 0.415171, 0.507785
0.432601, 0.475322, 0.427354, 0.474876
0.432670, 0.801015, -0.600081, -0.195829
0.432727, 0.086786, 0.473647, 0.091256
0.432756, 0.606200, -0.564374, -0.372214
0.432894, 0.709846, -0.586751, -0.281128
0.432978, 0.030496, 0.475426, 0.032114
0.433076, 0.488257, 0.424405, 0.485754
0.433080, 0.766514, -0.595636, -0.228727
0.433130, 0.315398, 0.456703, 0.325482
0.433161, 0.107257, 0.473884, 0.112779
0.433311, 0.434694, 0.437094, 0.438632
0.433445, 0.118840, 0.473423, 0.124812
0.433478, 0.855820, -0.604553, -0.142809
0.433600, 0.945686, -0.609285, -0.054095
0.433689, 0.989356, -0.609867, -0.010611
0.433993, 0.243061, 0.465462, 0.252913
0.434403, 0.550756, 0.351203, 0.479258
0.434448, 0.910866, -0.606947, -0.088651
0.434505, 0.328207, 0.456212, 0.337786
0.434591, 0.501750, 0.422222, 0.496871
0.434605, 0.527911, 0.398250, 0.501884
0.434659, 0.967626, -0.608784, -0.032278
0.434710, 0.627799, -0.566347, -0.352550
0.434913, 0.869246, -0.604162, -0.129751
0.434919, 0.131394, 0.474402, 0.137853
0.435161, 0.421297, 0.441528, 0.426089
0.435599, 0.826922, -0.600091, -0.171172
0.435731, 0.683849, -0.579222, -0.305031
0.435760, 0.814057, -0.598315, -0.183572
0.435966, 0.063291, 0.478014, 0.066563
0.436099, 0.408970, 0.444769, 0.414547
0.436229, 0.882694, -0.603841, -0.116609
0.436289, 0.144491, 0.475231, 0.151436
0.436655, 0.720913, -0.585184, -0.271649
0.436693, 0.395059, 0.447894, 0.401517
0.436769, 0.573068, -0.839111, -0.689317
0.436809, 0.209780, 0.471128, 0.218724
0.436823, 0.753064, -0.590255, -0.241892
0.437132, 0.010166, 0.479973, 0.010698
0.437200, 0.649744, -0.570232, -0.335039
0.437321, 0.040710, 0.479994, 0.042812
0.437400, 0.341870, 0.457231, 0.350789
0.437431, 0.896662, -0.603497, -0.102878
0.437439, 0.381210, 0.450894, 0.388279
0.437795, 0.254653, 0.468055, 0.264228
0.437976, 0.157855, 0.476323, 0.165260
0.438169, 0.368776, 0.453755, 0.376452
0.438482, 0.595027, -0.542601, -0.368984
0.438586, 0.196106, 0.474142, 0.204618
0.438612, 0.354874, 0.456255, 0.363002
0.438640, 0.170631, 0.476019, 0.178399
0.438800, 0.934153, -0.603765, -0.065725
0.438881, 0.232705, 0.471384, 0.241971
0.439167, 0.183044, 0.475649, 0.191140
0.439368, 0.539975, 0.262866, 0.374503
0.439929, 0.075575, 0.481813, 0.079351
0.439997, 0.284398, 0.467093, 0.293834
0.440298, 1.000000, -0.603490, 0.000000
0.440342, 0.789590, -0.591729, -0.207673
0.440403, 0.616623, -0.559224, -0.363990
0.440552, 0.671492, -0.572384, -0.316961
0.440621, 0.051009, 0.482997, 0.053565
0.440937, 0.978176, -0.602645, -0.021829
0.441115, 0.741358, -0.584411, -0.253427
0.441159, 0.265920, 0.470374, 0.275294
0.441607, 0.776259, -0.588844, -0.220553
0.441731, 0.098803, 0.482886, 0.103597
0.441914, 0.836534, -0.594516, -0.162292
0.441973, 0.955980, -0.601100, -0.044027
0.442019, 0.296328, 0.467740, 0.305478
0.442095, 0.455497, 0.440355, 0.455272
0.442165, 0.561683, -0.321789, -0.191093
0.442328, 0.468426, 0.437402, 0.466429
0.442379, 0.638218, -0.562925, -0.346069
0.442572, 0.020893, 0.485603, 0.021945
0.442574, 0.704444, -0.576978, -0.287768
0.442707, 0.921731, -0.599543, -0.078232
0.442791, 0.442216, 0.443979, 0.443337
0.442835, 0.693361, -0.574805, -0.297900
0.443054, 0.222973, 0.476389, 0.231694
0.443130, 0.849151, -0.594786, -0.150100
0.443347, 0.308275, 0.467438, 0.317038
0.443492, 0.481548, 0.435026, 0.477350
0.443813, 0.087406, 0.485068, 0.091558
0.443846, 0.428921, 0.447819, 0.431211
0.443872, 0.583831, -0.585855, -0.430737
0.444001, 0.802816, -0.589622, -0.195326
0.444163, 0.000000, 0.487297, 0.000000
0.444169, 0.507820, 0.428461, 0.499190
0.444212, 0.494410, 0.432078, 0.487881
0.444391, 0.762255, -0.584443, -0.234242
0.444524, 0.320716, 0.467074, 0.329177
0.444568, 0.111892, 0.485417, 0.117161
0.444583, 0.729775, -0.579383, -0.264736
0.445022, 0.519171, 0.432701, 0.515052
0.445142, 0.862006, -0.593703, -0.137572
0.445166, 0.660218, -0.565827, -0.327825
0.445366, 0.124468, 0.485286, 0.130118
0.445623, 0.909269, -0.596031, -0.090753
0.445628, 0.605524, -0.549515, -0.372216
0.445777, 0.333556, 0.466395, 0.341437
0.445853, 0.402355, 0.455062, 0.406629
0.446013, 0.244099, 0.477468, 0.252852
0.446231, 0.816453, -0.588632, -0.182283
0.446399, 0.137292, 0.485822, 0.143401
0.446472, 0.530185, 0.551437, 0.644485
0.446572, 0.715637, -0.575215, -0.278148
0.446585, 0.275849, 0.474521, 0.284553
0.446607, 0.387685, 0.458305, 0.392726
0.446608, 0.874410, -0.593207, -0.125427
0.446732, 0.944224, -0.596388, -0.055913
0.446812, 0.031593, 0.489665, 0.033110
0.446950, 0.550386, -0.189179, -0.076154
0.447254, 0.989297, -0.596546, -0.010743
0.447409, 0.415481, 0.453754, 0.418217
0.447413, 0.150424, 0.486133, 0.156939
0.447587, 0.886629, -0.593043, -0.113372
0.447600, 0.626950, -0.555722, -0.356998
0.447896, 0.362187, 0.463912, 0.368518
0.448072, 0.966532, -0.595589, -0.033588
0.448265, 0.681073, -0.567529, -0.310009
0.448283, 0.213683, 0.482399, 0.221781
0.448400, 0.202062, 0.483496, 0.209926
0.448632, 0.057362, 0.491027, 0.060057
0.448890, 0.347261, 0.467325, 0.354191
0.448903, 0.898262, -0.592159, -0.101849
0.449246, 0.572619, -0.506372, -0.369667
0.449340, 0.068645, 0.491435, 0.071820
0.449407, 0.827759, -0.586936, -0.171606
0.449592, 0.164071, 0.487757, 0.170975
0.449640, 0.375078, 0.463584, 0.380547
0.449719, 0.189280, 0.485866, 0.196784
0.449844, 0.648528, -0.559104, -0.339059
0.449990, 0.750689, -0.577525, -0.245923
0.450235, 0.255428, 0.480432, 0.263778
0.450365, 0.176352, 0.487516, 0.183508
0.450600, 0.010486, 0.493819, 0.010982
0.451056, 0.042659, 0.493933, 0.044631
0.451214, 0.594318, -0.548368, -0.389615
0.451709, 0.931233, -0.591064, -0.069071
0.451900, 0.288201, 0.478451, 0.296262
0.452086, 0.770483, -0.578114, -0.227329
0.452094, 0.233587, 0.484625, 0.241692
0.452543, 0.782517, -0.579282, -0.215852
0.452687, 0.449519, 0.450971, 0.447444
0.452755, 0.539491, 0.870416, 0.966990
0.452900, 0.462272, 0.448049, 0.458478
0.452940, 0.080333, 0.494891, 0.083925
0.452965, 0.840933, -0.584234, -0.158886
0.453095, 0.793726, -0.580057, -0.205094
0.453437, 0.615769, -0.547552, -0.367558
0.453593, 0.474924, 0.445266, 0.468986
0.453634, 0.670541, -0.560611, -0.320497
0.453846, 0.739285, -0.572291, -0.257228
0.454019, 0.978460, -0.589803, -0.021685
0.454039, 1.000000, -0.589938, 0.000000
0.454046, 0.436629, 0.455215, 0.435836
0.454068, 0.300243, 0.479045, 0.307841
0.454276, 0.093476, 0.495739, 0.097559
0.454310, 0.702928, -0.566081, -0.291212
0.454353, 0.691008, -0.563832, -0.302122
0.454370, 0.105107, 0.495486, 0.109660
0.454405, 0.561327, -0.483024, -0.364029
0.454427, 0.853941, -0.584244, -0.146231
0.454553, 0.487879, 0.442331, 0.479389
0.454570, 0.266676, 0.483531, 0.274580
0.454782, 0.424964, 0.458422, 0.425243
0.454869, 0.500989, 0.439466, 0.490736
0.454889, 0.394717, 0.464706, 0.397751
0.454900, 0.312111, 0.478132, 0.319254
0.455069, 0.918585, -0.587250, -0.081848
0.455156, 0.807286, -0.579362, -0.192107
0.455261, 0.637154, -0.551705, -0.350151
0.455338, 0.725892, -0.568935, -0.270051
0.455562, 0.954492, -0.587855, -0.045820
0.455749, 0.324326, 0.477338, 0.331076
0.455851, 0.021165, 0.499205, 0.022126
0.456128, 0.117707, 0.496860, 0.122674
0.456175, 0.513599, 0.434300, 0.498125
0.456605, 0.583100, -0.531224, -0.390896
0.456620, 0.223381, 0.490048, 0.230952
0.456724, 0.336818, 0.476367, 0.342942
0.456957, 0.356375, 0.473572, 0.361631
0.456990, 0.130395, 0.496807, 0.135687
0.457242, 0.406974, 0.464579, 0.408625
0.457306, 0.867257, -0.582206, -0.133189
0.457506, 0.526153, 0.317102, 0.393204
0.457689, 0.658633, -0.554509, -0.331929
0.457707, 0.143136, 0.496976, 0.148827
0.457714, 0.000000, 0.501163, 0.000000
0.457806, 0.714049, -0.564578, -0.281436
0.457897, 0.759588, -0.571255, -0.238489
0.458177, 0.156268, 0.496580, 0.162294
0.458323, 0.906061, -0.583314, -0.094508
0.458446, 0.604726, -0.541317, -0.379004
0.458562, 0.244493, 0.489970, 0.252030
0.458626, 0.941298, -0.584524, -0.059174
0.458711, 0.050961, 0.501582, 0.053169
0.458725, 0.879593, -0.581666, -0.121009
0.458839, 0.819603, -0.576867, -0.180388
0.459069, 0.278831, 0.486411, 0.286057
0.459167, 0.209976, 0.493588, 0.217077
0.459227, 0.383120, 0.470897, 0.386223
0.459454, 0.550300, -0.797948, -0.698328
0.459499, 0.892393, -0.581621, -0.108266
0.459735, 0.196961, 0.495307, 0.203840
0.459942, 0.032109, 0.503032, 0.033485
0.460203, 0.368085, 0.474435, 0.371980
0.460483, 0.967869, -0.583366, -0.032442
0.460489, 0.625876, -0.544470, -0.361070
0.460711, 0.062526, 0.503193, 0.065158
0.460721, 0.183503, 0.497372, 0.190071
0.460929, 0.989106, -0.583001, -0.011004
0.461496, 0.832141, -0.575573, -0.168313
0.461856, 0.170302, 0.499636, 0.176542
0.461858, 0.571732, -0.517019, -0.394965
0.462008, 0.681354, -0.555286, -0.312389
0.462224, 0.417058, 0.466942, 0.416674
0.462628, 0.256892, 0.492533, 0.263931
0.462638, 0.073833, 0.504946, 0.076867
0.462694, 0.647268, -0.547586, -0.343028
0.462943, 0.346550, 0.480785, 0.351298
0.463022, 0.772220, -0.567868, -0.226949
0.463431, 0.442782, 0.461974, 0.439011
0.463459, 0.455514, 0.458644, 0.449809
0.463679, 0.748118, -0.564391, -0.250234
0.463806, 0.798376, -0.570288, -0.201696
0.463911, 0.291532, 0.489792, 0.298072
0.463996, 0.593485, -0.532342, -0.388636
0.464056, 0.845265, -0.573865, -0.155471
0.464096, 0.468088, 0.455939, 0.460382
0.464122, 0.538283, -0.154723, -0.073454
0.464138, 0.010614, 0.507697, 0.011063
0.464386, 0.733949, -0.561713, -0.263795
0.464494, 0.086298, 0.506404, 0.089743
0.464534, 0.927151, -0.578369, -0.073605
0.464826, 0.784212, -0.567664, -0.215564
0.464826, 0.480751, 0.452853, 0.470558
0.465118, 0.695114, -0.554746, -0.300250
0.465378, 0.858443, -0.573820, -0.142516
0.465529, 0.493479, 0.448977, 0.480047
0.465594, 0.396103, 0.474263, 0.396960
0.465638, 0.668775, -0.549521, -0.324467
0.465794, 0.041948, 0.508961, 0.043651
0.465852, 0.233460, 0.498382, 0.240270
0.465957, 0.098853, 0.507493, 0.102713
0.466087, 0.303496, 0.490260, 0.309435
0.466239, 0.315068, 0.488696, 0.320578
0.466278, 0.429523, 0.467593, 0.426701
0.466658, 0.505535, 0.456614, 0.499836
0.466696, 0.110691, 0.507765, 0.114919
0.466749, 0.614728, -0.536494, -0.372286
0.466800, 0.327614, 0.487328, 0.332559
0.466850, 0.269462, 0.495277, 0.275951
0.467049, 0.560590, -0.575927, -0.472270
0.467329, 0.959280, -0.576063, -0.041214
0.467330, 0.219494, 0.500917, 0.225996
0.467389, 0.913997, -0.574767, -0.086928
0.467429, 0.707685, -0.554994, -0.289047
0.467482, 0.811042, -0.567738, -0.189581
0.467590, 0.123231, 0.508104, 0.127812
0.467648, 1.000000, -0.576493, 0.000000
0.467687, 0.721217, -0.556512, -0.276238
0.467805, 0.978112, -0.576074, -0.022171
0.468030, 0.376128, 0.480314, 0.378112
0.468099, 0.517350, 0.465444, 0.520207
0.468274, 0.635872, -0.540151, -0.354285
0.468636, 0.160326, 0.506880, 0.165795
0.468645, 0.135862, 0.508344, 0.140712
0.468947, 0.148142, 0.507972, 0.153303
0.469052, 0.021506, 0.512677, 0.022371
0.469147, 0.900050, -0.572512, -0.101057
0.469204, 0.356839, 0.484989, 0.360010
0.469278, 0.581970, -0.522995, -0.397873
0.469559, 0.948807, -0.573758, -0.051866
0.469603, 0.528187, 0.060466, 0.124224
0.469644, 0.205543, 0.504500, 0.211724
0.469713, 0.760314, -0.560220, -0.239290
0.469742, 0.872408, -0.570415, -0.128840
0.469840, 0.937838, -0.573158, -0.062970
0.469859, 0.885962, -0.571113, -0.115261
0.470051, 0.337298, 0.488918, 0.341318
0.470232, 0.407489, 0.476101, 0.406315
0.470299, 0.246994, 0.501297, 0.253315
0.470519, 0.191878, 0.506457, 0.197812
0.470532, 0.657490, -0.542779, -0.335563
0.470985, 0.823680, -0.565506, -0.177443
0.471013, 0.053978, 0.514174, 0.056064
0.471013, 0.282285, 0.497590, 0.287987
0.471153, 0.603893, -0.529826, -0.382460
0.471272, 0.000000, 0.515041, 0.000000
0.471480, 0.548537, -0.419116, -0.333569
0.472094, 0.179106, 0.509122, 0.184754
0.472537, 0.387127, 0.482368, 0.387383
0.472856, 0.065878, 0.515421, 0.068327
0.473308, 0.624593, -0.533208, -0.365323
0.473330, 0.792197, -0.560057, -0.208589
0.473391, 0.836076, -0.564259, -0.165358
0.473686, 0.032343, 0.517006, 0.033556
0.473703, 0.740594, -0.553751, -0.258706
0.474254, 0.438029, 0.472413, 0.432122
0.474256, 0.677102, -0.543251, -0.318473
0.474261, 0.366224, 0.487935, 0.367822
0.474299, 0.687705, -0.545182, -0.308729
0.474303, 0.772452, -0.557167, -0.228036
0.474327, 0.449700, 0.469766, 0.442381
0.474425, 0.988920, -0.569590, -0.011260
0.474488, 0.419372, 0.477240, 0.415944
0.474531, 0.078430, 0.516877, 0.081269
0.474622, 0.259909, 0.503966, 0.265594
0.474708, 0.571209, -0.527033, -0.419907
0.474793, 0.461609, 0.466217, 0.451556
0.475212, 0.848590, -0.563249, -0.152981
0.475305, 0.474047, 0.463338, 0.461943
0.475396, 0.646062, -0.536149, -0.346837
0.475405, 0.967909, -0.568366, -0.032609
0.475676, 0.861255, -0.563715, -0.140350
0.476076, 0.486744, 0.459663, 0.471522
0.476098, 0.091309, 0.517949, 0.094511
0.476202, 0.295600, 0.501244, 0.300487
0.476308, 0.321300, 0.497334, 0.325073
0.476375, 0.167961, 0.514342, 0.173129
0.476568, 0.591761, -0.521484, -0.393593
0.476595, 0.803802, -0.558295, -0.197581
0.476706, 0.728882, -0.549217, -0.270287
0.476707, 0.700654, -0.544983, -0.297013
0.476924, 0.346084, 0.494078, 0.348594
0.477119, 0.226172, 0.509826, 0.231721
0.477340, 0.920430, -0.565153, -0.080808
0.477341, 0.537123, -0.627125, -0.560449
0.477445, 0.498942, 0.448637, 0.472504
0.477715, 0.750892, -0.551386, -0.249363
0.477761, 0.010924, 0.521597, 0.011327
0.478028, 0.308211, 0.500972, 0.312288
0.478082, 0.103716, 0.519667, 0.107254
0.478168, 0.238702, 0.509848, 0.244203
0.478202, 0.931373, -0.564623, -0.069761
0.478317, 0.714754, -0.545985, -0.284092
0.478379, 0.116204, 0.519309, 0.120061
0.478393, 0.398355, 0.485376, 0.396370
0.478522, 0.214006, 0.512604, 0.219479
0.478578, 0.044521, 0.521879, 0.046099
0.478641, 0.511424, 0.570108, 0.606688
0.478808, 0.272513, 0.506579, 0.277535
0.478880, 0.907477, -0.563290, -0.094003
0.478979, 0.128829, 0.519173, 0.132953
0.479011, 0.559365, -0.492088, -0.402802
0.479150, 0.666752, -0.536807, -0.328828
0.479271, 0.782616, -0.553660, -0.218698
0.479848, 0.893905, -0.561626, -0.107763
0.479953, 0.200047, 0.515104, 0.205267
0.480029, 0.154788, 0.518760, 0.159423
0.480075, 0.815922, -0.555876, -0.185875
0.480203, 0.142236, 0.519632, 0.146591
0.480416, 0.955948, -0.562987, -0.044848
0.480491, 0.377399, 0.491545, 0.376950
0.480583, 0.880462, -0.560246, -0.121377
0.480606, 0.613644, -0.524377, -0.376610
0.480662, 0.429119, 0.480247, 0.422939
0.480796, 0.523995, -0.101429, -0.054322
0.481031, 0.333051, 0.500207, 0.335666
0.481133, 1.000000, -0.563092, 0.000000
0.481396, 0.634929, -0.528388, -0.358015
0.481678, 0.978121, -0.562251, -0.022298
0.482375, 0.285277, 0.508142, 0.289434
0.482378, 0.022242, 0.526267, 0.023021
0.482393, 0.187684, 0.518655, 0.192633
0.482531, 0.355554, 0.497705, 0.356525
0.482585, 0.762092, -0.548071, -0.239087
0.482668, 0.581550, -0.516009, -0.406194
0.482700, 0.251274, 0.513010, 0.256218
0.482766, 0.601585, -0.519098, -0.387202
0.482780, 0.943062, -0.560433, -0.058013
0.482934, 0.409935, 0.486835, 0.405668
0.483274, 0.057424, 0.526574, 0.059362
0.483470, 0.828398, -0.553743, -0.173793
0.483498, 0.868525, -0.556405, -0.133522
0.483536, 0.655452, -0.530745, -0.340003
0.483592, 0.547996, -0.529281, -0.457684
0.484186, 0.069708, 0.526711, 0.071962
0.484741, 0.000000, 0.528869, 0.000000
0.485126, 0.176015, 0.522460, 0.180668
0.485341, 0.690952, -0.535517, -0.307552
0.485394, 0.794612, -0.548604, -0.207410
0.485407, 0.840776, -0.552739, -0.161553
0.485509, 0.441954, 0.480653, 0.432219
0.485642, 0.624566, -0.522439, -0.368168
0.485644, 0.388641, 0.493902, 0.386089
0.485653, 0.453713, 0.479391, 0.443873
0.485790, 0.466435, 0.473346, 0.451826
0.485809, 0.083289, 0.528027, 0.085897
0.485892, 0.854268, -0.553164, -0.148031
0.485925, 0.739463, -0.541860, -0.261352
0.486056, 0.034656, 0.529416, 0.035776
0.486341, 0.479318, 0.470456, 0.462655
0.486516, 0.678463, -0.532110, -0.319317
0.486525, 0.319941, 0.507236, 0.322218
0.486657, 0.366694, 0.499338, 0.366008
0.486794, 0.725312, -0.539374, -0.275190
0.486937, 0.569391, -0.502601, -0.410962
0.487010, 0.704830, -0.536031, -0.294686
0.487105, 0.263338, 0.515739, 0.267518
0.487656, 0.773048, -0.544406, -0.228946
0.487794, 0.989774, -0.556203, -0.010456
0.487800, 0.230691, 0.519870, 0.235158
0.488186, 0.491118, 0.465145, 0.468408
0.488195, 0.095534, 0.530018, 0.098397
0.488336, 0.643805, -0.524056, -0.351498
0.488447, 0.420379, 0.489162, 0.413487
0.488558, 0.163054, 0.526803, 0.167274
0.488659, 0.297980, 0.512559, 0.300923
0.488741, 0.208221, 0.523022, 0.212684
0.488861, 0.807059, -0.546676, -0.195494
0.488862, 0.535655, -0.464153, -0.412218
0.488886, 0.966407, -0.555094, -0.034348
0.488960, 0.915425, -0.553624, -0.086344
0.489074, 0.929075, -0.553687, -0.072421
0.489118, 0.503163, 0.380346, 0.395673
0.489417, 0.343293, 0.506184, 0.343818
0.489450, 0.109316, 0.530827, 0.112495
0.489479, 0.134833, 0.529233, 0.138478
0.489824, 0.308946, 0.512152, 0.311309
0.489997, 0.901713, -0.551924, -0.100320
0.489999, 0.121710, 0.530734, 0.125127
0.490323, 0.592317, -0.511035, -0.397725
0.490477, 0.219656, 0.523870, 0.223998
0.490495, 0.048096, 0.533887, 0.049567
0.490533, 0.751316, -0.539218, -0.250547
0.490566, 0.514683, -0.279096, -0.252744
0.490767, 0.243211, 0.521586, 0.247284
0.490918, 0.275460, 0.517886, 0.278878
0.490937, 0.888357, -0.550366, -0.113926
0.490954, 0.400078, 0.496131, 0.395130
0.491286, 0.666364, -0.525767, -0.331459
0.491369, 0.012179, 0.535077, 0.012556
0.491456, 0.149346, 0.530313, 0.153107
0.491517, 0.714743, -0.533238, -0.285905
0.491553, 0.558017, -0.507365, -0.433516
0.492149, 0.196554, 0.527563, 0.200742
0.492275, 0.819855, -0.544257, -0.182987
0.492313, 0.784566, -0.541192, -0.218114
0.492328, 0.953511, -0.551101, -0.047578
0.492471, 0.606744, -0.512010, -0.385144
0.492586, 0.329795, 0.511336, 0.330570
0.492689, 0.378423, 0.502454, 0.375480
0.492753, 0.432778, 0.489702, 0.423031
0.492931, 0.875581, -0.547546, -0.126952
0.493025, 0.525755, -0.512348, -0.475930
0.493680, 0.287755, 0.518673, 0.290326
0.494200, 0.979645, -0.549748, -0.020862
0.494325, 0.074626, 0.536771, 0.076716
0.494392, 0.861802, -0.545283, -0.140983
0.494395, 0.355427, 0.508618, 0.354210
0.494592, 0.618416, -0.513196, -0.375616
0.494641, 0.579175, -0.502416, -0.408455
0.494808, 0.024825, 0.538691, 0.025564
0.495068, 0.184645, 0.531654, 0.188597
0.495079, 1.000000, -0.548963, 0.000000
0.495135, 0.545358, -0.482642, -0.426830
0.495223, 0.941603, -0.548279, -0.059850
0.495487, 0.061859, 0.538646, 0.063615
0.495529, 0.698023, -0.526951, -0.302417
0.495552, 0.762951, -0.535649, -0.239725
0.495676, 0.632011, -0.515139, -0.363683
0.495743, 0.847133, -0.542924, -0.155877
0.495796, 0.654576, -0.519322, -0.343081
0.495827, 0.833053, -0.542038, -0.170110
0.495842, 0.732487, -0.531572, -0.269420
0.495846, 0.255196, 0.525342, 0.258560
0.495950, 0.458558, 0.490068, 0.448496
0.496280, 0.472253, 0.479959, 0.453255
0.496345, 0.410604, 0.498344, 0.403060
0.496764, 0.172509, 0.534229, 0.176227
0.497121, 0.686018, -0.523605, -0.314041
0.497128, 0.445662, 0.486146, 0.428946
0.497239, 0.796818, -0.537338, -0.206367
0.497473, 0.037840, 0.540805, 0.038879
0.497623, 0.000000, 0.541112, 0.000000
0.498249, 0.101210, 0.539816, 0.103787
0.498278, 0.367460, 0.509683, 0.364397
0.498318, 0.086514, 0.540359, 0.088738
0.498371, 0.390247, 0.504946, 0.384812
0.498519, 0.233688, 0.530242, 0.237077
0.498776, 0.317800, 0.519270, 0.318353
0.498852, 0.483702, 0.493142, 0.476381
0.499183, 0.140325, 0.538619, 0.143489
0.499805, 0.496440, -0.209586, -0.213233
0.499839, 0.568415, -0.497906, -0.421700
0.499842, 0.742799, -0.528993, -0.259876
0.499871, 0.267235, 0.527617, 0.269756
0.499923, 0.207920, 0.534105, 0.211370
0.499933, 0.674645, -0.519233, -0.325251
0.499939, 0.642728, -0.513338, -0.354756
0.499996, 0.158717, 0.538147, 0.162010
0.500128, 0.920132, -0.542544, -0.081929
0.500417, 0.774807, -0.532201, -0.228567
0.500497, 0.907930, -0.541723, -0.094422
0.500557, 0.422595, 0.498926, 0.412294
0.500630, 0.809057, -0.535312, -0.194528
0.500663, 0.127568, 0.540982, 0.130504
0.500673, 0.970961, -0.542985, -0.029825
0.500688, 0.721965, -0.525513, -0.280232
0.500773, 0.931601, -0.541965, -0.070184
0.500946, 0.336747, 0.517903, 0.335640
0.501140, 0.304859, 0.523444, 0.305700
0.501502, 0.508256, -0.575211, -0.567627
0.501575, 0.114715, 0.542530, 0.117396
0.501597, 0.895228, -0.540039, -0.107435
0.501646, 0.222268, 0.534307, 0.225404
0.501687, 0.599484, -0.502689, -0.393984
0.501696, 0.587491, -0.499207, -0.403858
0.501822, 0.708206, -0.522470, -0.293607
0.501858, 0.051186, 0.545247, 0.052502
0.501870, 0.989802, -0.541983, -0.010484
0.502555, 0.960297, -0.540996, -0.040810
0.502707, 0.533283, -0.494244, -0.460245
0.502815, 0.346894, 0.517791, 0.344694
0.502816, 0.882756, -0.538103, -0.120190
0.502887, 0.280439, 0.528687, 0.282103
0.503081, 0.555985, -0.487700, -0.428882
0.503107, 0.294203, 0.526897, 0.295265
0.503205, 0.519997, -0.462010, -0.443379
0.503354, 0.246069, 0.533555, 0.248701
0.503794, 0.194381, 0.539365, 0.197589
0.503842, 0.869453, -0.536391, -0.133790
0.503854, 0.821036, -0.532926, -0.182724
0.503898, 0.008336, 0.547511, 0.008553
0.504049, 0.753928, -0.526345, -0.249525
0.504239, 0.400703, 0.507622, 0.392599
0.504378, 0.662995, -0.512958, -0.336827
0.504471, 0.380067, 0.512637, 0.374472
0.504488, 0.434046, 0.500543, 0.422284
0.504721, 0.073235, 0.547537, 0.074995
0.504722, 0.611890, -0.502578, -0.383512
0.504892, 0.786867, -0.529100, -0.217063
0.504926, 0.855750, -0.534441, -0.147771
0.505263, 0.018424, 0.549186, 0.018887
0.505482, 0.466319, 0.508028, 0.464464
0.505763, 0.949140, -0.537528, -0.052336
0.505947, 0.624911, -0.504446, -0.372207
0.506171, 0.544165, -0.484995, -0.442775
0.506209, 0.326190, 0.524781, 0.324987
0.506361, 0.149441, 0.545235, 0.152255
0.506446, 0.842462, -0.532024, -0.161338
0.506880, 0.695703, -0.515866, -0.306324
0.506924, 0.167865, 0.544465, 0.170746
0.507194, 0.181392, 0.543750, 0.184299
0.507308, 0.358206, 0.519793, 0.354226
0.507456, 0.454318, 0.477061, 0.418069
0.507474, 0.029869, 0.551190, 0.030579
0.507576, 0.093199, 0.549445, 0.095214
0.508096, 0.831577, -0.529514, -0.172433
0.508517, 0.413499, 0.508012, 0.402452
0.508519, 0.650799, -0.506980, -0.348916
0.508633, 0.765499, -0.523140, -0.238612
0.508706, 0.732029, -0.519137, -0.271501
0.508766, 0.061865, 0.551853, 0.063254
0.508769, 0.258644, 0.537236, 0.260290
0.508902, 0.980252, -0.534777, -0.020356
0.508908, 0.577489, -0.491459, -0.415213
0.509101, 1.000000, -0.534877, 0.000000
0.509194, 0.041257, 0.552444, 0.042176
0.509316, 0.799185, -0.525707, -0.205104
0.509529, 0.683708, -0.511667, -0.318223
0.509567, 0.233953, 0.540913, 0.236121
0.509664, 0.489475, 0.241796, 0.219787
0.509722, 0.214390, 0.543047, 0.216828
0.509727, 0.443765, 0.506574, 0.433272
0.509754, 0.369567, 0.519534, 0.363908
0.509911, 0.637130, -0.503389, -0.361921
0.509919, 0.476495, 0.591470, 0.554067
0.509940, 0.104385, 0.551156, 0.106461
0.510009, 0.938672, -0.532924, -0.063185
0.510311, 0.312856, 0.530733, 0.311790
0.510590, 0.136886, 0.550301, 0.139349
0.510735, 0.717260, -0.515376, -0.286171
0.511097, 0.272679, 0.537593, 0.273536
0.511561, 0.564286, -0.484476, -0.425840
0.511844, 0.390125, 0.516694, 0.381601
0.511880, 0.914340, -0.530460, -0.088274
0.511987, 0.082775, 0.554127, 0.084431
0.512252, 0.124768, 0.552714, 0.127035
0.512274, 0.926347, -0.530363, -0.075934
0.512275, 0.501710, -0.485835, -0.497625
0.512282, 0.901976, -0.529623, -0.100994
0.512386, 0.591066, -0.491028, -0.403567
0.512424, 0.202993, 0.546870, 0.205318
0.512644, 0.744061, -0.516841, -0.260202
0.512706, 0.000000, 0.556799, 0.000000
0.512816, 0.811407, -0.523445, -0.193182
0.512970, 0.672209, -0.506479, -0.329602
0.513157, 0.777369, -0.519960, -0.227299
0.513172, 0.287303, 0.537603, 0.287280
0.513329, 0.968898, -0.530213, -0.032110
0.513413, 0.425085, 0.508461, 0.410332
0.513502, 0.526242, -0.466904, -0.452751
0.513518, 0.337123, 0.529595, 0.333829
0.513696, 0.889325, -0.527523, -0.114004
0.513872, 0.513529, -0.477831, -0.478206
0.513930, 0.876776, -0.526717, -0.126870
0.513963, 0.603080, -0.492640, -0.393530
0.514525, 0.300703, 0.536623, 0.299705
0.514543, 0.863374, -0.525319, -0.140590
0.514613, 0.705318, -0.509926, -0.298206
0.514741, 0.245323, 0.544466, 0.246580
0.514756, 0.114587, 0.555642, 0.116593
0.514976, 0.349376, 0.528228, 0.344575
0.515031, 0.157954, 0.553128, 0.160191
0.515071, 0.050601, 0.558435, 0.051606
0.515355, 0.551588, -0.478997, -0.438722
0.515491, 0.404053, 0.516356, 0.392648
0.515637, 0.224231, 0.547797, 0.225904
0.516015, 0.849476, -0.522965, -0.154847
0.516022, 0.538480, -0.474591, -0.449622
0.516098, 0.957308, -0.527215, -0.044118
0.516108, 0.615560, -0.493227, -0.382664
0.516246, 0.191849, 0.551720, 0.193939
0.516327, 0.463011, 0.435533, 0.376543
0.516349, 0.989773, -0.527383, -0.010575
0.516918, 0.660439, -0.500905, -0.341391
0.516950, 0.756019, -0.514024, -0.248902
0.516955, 0.010660, 0.560912, 0.010875
0.516999, 0.171244, 0.554107, 0.173346
0.517022, 0.823343, -0.520005, -0.181402
0.517147, 0.377973, 0.524311, 0.369788
0.517255, 0.323741, 0.535251, 0.320730
0.517438, 0.789336, -0.516970, -0.215768
0.517596, 0.072030, 0.560507, 0.073366
0.517851, 0.023512, 0.561711, 0.023972
0.518191, 0.436104, 0.506061, 0.414903
0.518469, 0.627039, -0.493405, -0.372695
0.518814, 0.692827, -0.504235, -0.310895
0.518869, 0.725302, -0.508526, -0.279358
0.518941, 0.145713, 0.557990, 0.147689
0.519416, 0.836533, -0.518593, -0.168211
0.519567, 0.363585, 0.529651, 0.356550
0.519768, 0.093936, 0.561752, 0.095481
0.519837, 0.946040, -0.523260, -0.055832
0.519915, 0.648124, -0.496191, -0.353566
0.519942, 0.181801, 0.556175, 0.183629
0.520063, 0.254996, 0.548491, 0.255337
0.520097, 0.036372, 0.563611, 0.037021
0.520180, 0.483631, -0.420046, -0.460045
0.520222, 0.450054, 0.534226, 0.456165
0.520413, 0.571443, -0.479247, -0.422484
0.520502, 0.266774, 0.547388, 0.266599
0.520971, 0.583354, -0.481976, -0.412588
0.521409, 0.415381, 0.518279, 0.400560
0.521442, 0.768009, -0.510833, -0.237440
0.521600, 0.801311, -0.513759, -0.204032
0.521632, 0.211970, 0.554950, 0.213268
0.521910, 0.060875, 0.565024, 0.061889
0.521990, 0.494621, -0.473379, -0.503709
0.522080, 0.735874, -0.506751, -0.269399
0.522125, 0.279489, 0.547017, 0.278480
0.522269, 0.395549, 0.524420, 0.383792
0.522288, 0.132354, 0.562160, 0.134083
0.522293, 0.235263, 0.553085, 0.235971
0.522297, 0.681104, -0.499055, -0.322586
0.522386, 0.312599, 0.541968, 0.309551
0.522387, 0.637871, -0.491754, -0.363371
0.522480, 0.105120, 0.563517, 0.106612
0.522597, 0.978505, -0.521097, -0.022283
0.522690, 0.472987, 0.324868, 0.270532
0.522698, 0.934255, -0.520161, -0.068089
0.523087, 1.000000, -0.520736, 0.000000
0.523438, 0.909159, -0.518602, -0.094030
0.523587, 0.714287, -0.502461, -0.290676
0.523593, 0.921563, -0.518870, -0.081228
0.523650, 0.558870, -0.473678, -0.434517
0.523934, 0.896540, -0.517622, -0.107062
0.524492, 0.595470, -0.481434, -0.402497
0.524747, 0.871615, -0.515558, -0.132721
0.524904, 0.531215, -0.464016, -0.457000
0.524937, 0.507074, -0.456759, -0.476612
0.525021, 0.519136, -0.463370, -0.469913
0.525065, 0.858216, -0.514351, -0.146454
0.525077, 0.083132, 0.567229, 0.084319
0.525107, 0.813105, -0.511383, -0.192452
0.525144, 0.291894, 0.548078, 0.289786
0.525352, 0.353899, 0.536644, 0.346549
0.525399, 0.331623, 0.541237, 0.326487
0.525518, 0.384868, 0.529848, 0.373731
0.525550, 0.200324, 0.559913, 0.201428
0.525572, 0.883481, -0.515302, -0.120561
0.525659, 0.119483, 0.566369, 0.120985
0.525719, 0.966648, -0.517714, -0.034604
0.525767, 0.669257, -0.493996, -0.334462
0.525788, 0.747375, -0.504295, -0.258374
0.525897, 0.780005, -0.507620, -0.225875
0.525948, 0.342045, 0.539879, 0.335913
0.526030, 0.607438, -0.482711, -0.392139
0.526218, 0.048265, 0.569509, 0.048987
0.526448, 0.164517, 0.563819, 0.165880
0.526586, 0.426138, 0.519928, 0.408385
0.526688, 0.545516, -0.467494, -0.446552
0.526850, 0.000000, 0.570545, 0.000000
0.527080, 0.701929, -0.497598, -0.303252
0.527334, 0.302411, 0.548297, 0.299259
0.527538, 0.014356, 0.571318, 0.014581
0.527606, 0.222894, 0.559436, 0.223280
0.527683, 0.460789, 0.624279, 0.549591
0.528193, 0.846470, -0.510466, -0.158658
0.528321, 0.372218, 0.535365, 0.362212
0.528413, 0.245993, 0.557402, 0.245544
0.528527, 0.154071, 0.566756, 0.155359
0.528615, 0.619543, -0.482666, -0.381523
0.528716, 0.825309, -0.508568, -0.180283
0.528790, 0.406157, 0.527386, 0.391297
0.528845, 0.439205, 0.507438, 0.407979
0.529101, 0.656591, -0.489085, -0.347186
0.529486, 0.953865, -0.513676, -0.047927
0.529957, 0.759126, -0.501535, -0.247165
0.529995, 0.988450, -0.513619, -0.012006
0.530088, 0.071465, 0.573013, 0.072391
0.530135, 0.188756, 0.565498, 0.189612
0.530139, 0.026343, 0.573799, 0.026705
0.530160, 0.791923, -0.504581, -0.214300
0.530209, 0.175617, 0.566768, 0.176629
0.530839, 0.141916, 0.569905, 0.143093
0.530952, 0.259816, 0.558243, 0.258557
0.531031, 0.321973, 0.548203, 0.316663
0.531386, 0.725169, -0.496268, -0.280980
0.531514, 0.690541, -0.491635, -0.314842
0.531893, 0.577312, -0.470781, -0.420256
0.531902, 0.631341, -0.481831, -0.371216
0.531953, 0.484147, -0.420152, -0.473506
0.532010, 0.835423, -0.505890, -0.170185
0.532268, 0.107877, 0.573107, 0.108915
0.532275, 0.272704, 0.557679, 0.270606
0.532503, 0.037251, 0.575873, 0.037706
0.532530, 0.566741, -0.467846, -0.429793
0.532594, 0.094646, 0.574425, 0.095646
0.532602, 0.449311, 0.480687, 0.388574
0.532744, 0.497693, -0.450659, -0.489612
0.533202, 0.942413, -0.509720, -0.059898
0.533467, 0.644457, -0.482566, -0.359132
0.533580, 0.361055, 0.542439, 0.351148
0.533622, 0.211675, 0.566619, 0.211750
0.533908, 0.059187, 0.576927, 0.059848
0.534045, 0.232850, 0.564512, 0.232216
0.534095, 0.587743, -0.471200, -0.411512
0.534130, 0.129272, 0.574041, 0.130283
0.534215, 0.804150, -0.501408, -0.202195
0.534271, 0.737495, -0.495154, -0.269264
0.534313, 0.471240, -0.569030, -0.637847
0.534318, 0.394418, 0.534280, 0.379031
0.534330, 0.929520, -0.508324, -0.073321
0.534369, 0.770936, -0.498336, -0.235772
0.534486, 0.284876, 0.557599, 0.281653
0.534556, 0.865884, -0.505130, -0.139089
0.534600, 0.536381, -0.457961, -0.455984
0.534778, 0.903852, -0.506911, -0.099941
0.534807, 0.916570, -0.507354, -0.086762
0.534851, 0.679010, -0.486772, -0.326450
0.534946, 0.711347, -0.491156, -0.295049
0.535090, 0.416835, 0.531435, 0.400268
0.535108, 0.890874, -0.506048, -0.113381
0.535294, 0.554609, -0.462488, -0.441000
0.535969, 0.310849, 0.554843, 0.305626
0.536082, 0.975995, -0.507572, -0.025018
0.536321, 1.000000, -0.507503, 0.000000
0.536325, 0.524191, -0.453908, -0.467404
0.536445, 0.347574, 0.548044, 0.338699
0.536717, 0.009056, 0.580471, 0.009165
0.536779, 0.512182, -0.448778, -0.476126
0.536866, 0.599471, -0.471156, -0.401496
0.536956, 0.962832, -0.506056, -0.038719
0.537174, 0.382005, 0.540892, 0.368826
0.537229, 0.816615, -0.499478, -0.189797
0.537478, 0.431397, 0.528398, 0.410649
0.537498, 0.082399, 0.579614, 0.083109
0.537683, 0.666632, -0.482501, -0.338945
0.537776, 0.877311, -0.502727, -0.127518
0.537814, 0.334319, 0.552000, 0.326574
0.537832, 0.200724, 0.571729, 0.200602
0.537846, 0.854655, -0.501159, -0.150823
0.538226, 0.610869, -0.472254, -0.391401
0.538430, 0.749930, -0.492181, -0.257214
0.538544, 0.047067, 0.581633, 0.047497
0.538706, 0.117251, 0.579207, 0.118004
0.538848, 0.782510, -0.494958, -0.224523
0.538892, 0.297952, 0.559930, 0.293265
0.538918, 0.164900, 0.576163, 0.165315
0.539510, 0.457980, 0.424844, 0.335772
0.539860, 0.252654, 0.567343, 0.250427
0.540213, 0.242015, 0.569140, 0.240248
0.540304, 0.152097, 0.578420, 0.152535
0.540324, 0.700105, -0.484455, -0.306738
0.540578, 0.178323, 0.576634, 0.178409
0.540606, 0.221930, 0.572078, 0.220908
0.540816, 0.020521, 0.584500, 0.020707
0.540933, 0.404761, 0.533574, 0.382472
0.541082, 0.370349, 0.546635, 0.357354
0.541183, 0.622708, -0.471700, -0.380953
0.541230, 0.842577, -0.497129, -0.163467
0.541309, 0.545053, -0.454681, -0.450519
0.541440, 0.655048, -0.476896, -0.350462
0.541752, 0.190232, 0.576623, 0.189982
0.541937, 0.000000, 0.585769, 0.000000
0.542152, 0.069989, 0.584987, 0.070503
0.542248, 0.265527, 0.568044, 0.262395
0.542359, 0.719438, -0.484778, -0.287911
0.542429, 0.139326, 0.581401, 0.139733
0.542606, 0.828843, -0.494790, -0.177630
0.542609, 0.443068, 0.549455, 0.438624
0.542647, 0.794644, -0.492379, -0.212615
0.542652, 0.988443, -0.500784, -0.012078
0.542765, 0.502675, -0.442338, -0.486885
0.542826, 0.103600, 0.583932, 0.104126
0.542829, 0.762002, -0.489085, -0.245572
0.542859, 0.490326, -0.432968, -0.491386
0.542931, 0.321705, 0.559089, 0.314223
0.543444, 0.565216, -0.457870, -0.433653
0.543557, 0.032694, 0.587107, 0.032932
0.543585, 0.951090, -0.499417, -0.051089
0.543615, 0.634952, -0.471629, -0.369937
0.543759, 0.576938, -0.460085, -0.423178
0.544125, 0.478580, -0.457843, -0.530381
0.544198, 0.688879, -0.479142, -0.318176
0.544524, 0.730137, -0.483928, -0.277563
0.544807, 0.422975, 0.538232, 0.403086
0.544821, 0.937479, -0.497908, -0.065320
0.544840, 0.357297, 0.553225, 0.345395
0.545268, 0.276492, 0.569341, 0.272255
0.545619, 0.924150, -0.496663, -0.079228
0.545717, 0.392096, 0.547337, 0.377001
0.545770, 0.288517, 0.567436, 0.283237
0.545774, 0.589824, -0.461183, -0.412146
0.545780, 0.092029, 0.587392, 0.092425
0.545824, 0.898290, -0.495448, -0.106135
0.545868, 0.885474, -0.494750, -0.119417
0.545937, 0.911096, -0.495850, -0.092828
0.545968, 0.866145, -0.493511, -0.139404
0.545974, 0.057742, 0.588867, 0.058058
0.546004, 0.466752, -0.410802, -0.499234
0.546309, 0.126530, 0.586106, 0.126798
0.546392, 0.210387, 0.578991, 0.209119
0.546431, 0.532804, -0.447445, -0.462601
0.546547, 0.675768, -0.475328, -0.331421
0.546590, 0.806799, -0.489273, -0.200488
0.546677, 0.644800, -0.470192, -0.360991
0.546746, 0.741286, -0.483219, -0.266822
0.546986, 0.965224, -0.495761, -0.036357
0.547380, 0.344465, 0.558269, 0.333562
0.547425, 0.308248, 0.565736, 0.301175
0.547526, 0.232528, 0.577433, 0.230297
0.547631, 0.773275, -0.485375, -0.234657
0.548013, 0.520917, -0.442600, -0.472735
0.548585, 0.709194, -0.477536, -0.298834
0.548670, 0.554838, -0.450780, -0.443919
0.548740, 0.977741, -0.494738, -0.023312
0.549060, 0.044618, 0.591977, 0.044805
0.549070, 0.412693, 0.528748, 0.377489
0.549083, 0.818010, -0.487585, -0.189205
0.549240, 0.602372, -0.460446, -0.401297
0.549299, 0.852390, -0.489582, -0.153849
0.549391, 0.380035, 0.550555, 0.362837
0.549537, 1.000000, -0.494041, 0.000000
0.549549, 0.452661, -0.207762, -0.313285
0.549958, 0.010384, 0.593738, 0.010442
0.550145, 0.614070, -0.461803, -0.390633
0.550172, 0.080187, 0.592272, 0.080410
0.550200, 0.332565, 0.563326, 0.322480
0.550403, 0.256737, 0.576655, 0.252847
0.550424, 0.663765, -0.469685, -0.343483
0.550491, 0.113337, 0.590905, 0.113433
0.550646, 0.433546, 0.543839, 0.413969
0.550686, 0.172378, 0.586840, 0.171657
0.550747, 0.160166, 0.587921, 0.159679
0.551162, 0.510191, -0.437434, -0.482966
0.551176, 0.199047, 0.584581, 0.197584
0.551305, 0.753691, -0.479774, -0.254743
0.551350, 0.785860, -0.482725, -0.222205
0.551852, 0.838110, -0.486189, -0.168749
0.552006, 0.185318, 0.587135, 0.184234
0.552050, 0.244356, 0.580075, 0.240965
0.552297, 0.147918, 0.590352, 0.147514
0.552595, 0.367455, 0.557421, 0.352302
0.552927, 0.876346, -0.487307, -0.129257
0.552938, 0.627661, -0.461531, -0.378334
0.553167, 0.221832, 0.583981, 0.219336
0.553331, 0.021707, 0.596872, 0.021772
0.553490, 0.542768, -0.443817, -0.455747
0.553553, 0.296487, 0.573239, 0.289283
0.553641, 0.401360, 0.558635, 0.389835
0.553825, 0.497487, -0.430358, -0.492969
0.553992, 0.698805, -0.470974, -0.309757
0.554140, 0.135704, 0.593044, 0.135357
0.554405, 0.320523, 0.569565, 0.310908
0.554567, 0.485508, -0.431309, -0.507992
0.554576, 0.068189, 0.597221, 0.068280
0.554646, 0.720873, -0.472886, -0.287930
0.554808, 0.567356, -0.448257, -0.434292
0.554819, 0.580851, -0.451106, -0.422123
0.555012, 0.684805, -0.468301, -0.323728
0.555050, 0.798795, -0.480226, -0.209379
0.555193, 0.652398, -0.463249, -0.355034
0.555350, 0.101648, 0.596370, 0.101563
0.555433, 0.267865, 0.579794, 0.262589
0.555590, 0.943224, -0.487056, -0.059562
0.555936, 0.955485, -0.486975, -0.046719
0.555943, 0.000000, 0.599797, 0.000000
0.555965, 0.032981, 0.599256, 0.033022
0.556028, 0.990030, -0.486984, -0.010469
0.556251, 0.890637, -0.484363, -0.114490
0.556278, 0.826213, -0.480822, -0.181252
0.556363, 0.282368, 0.578580, 0.275927
0.556422, 0.930405, -0.485876, -0.073004
0.556426, 0.354878, 0.563693, 0.340530
0.556605, 0.473561, -0.413780, -0.506069
0.556681, 0.862046, -0.482499, -0.144229
0.556704, 0.763718, -0.475415, -0.245158
0.556755, 0.461972, -0.388436, -0.493288
0.556759, 0.443194, 0.397580, 0.273161
0.556783, 0.904117, -0.484582, -0.100498
0.556858, 0.917385, -0.484942, -0.086628
0.557327, 0.732290, -0.471488, -0.276809
0.557352, 0.422644, 0.477312, 0.328095
0.557526, 0.056368, 0.600208, 0.056364
0.557667, 0.593384, -0.451026, -0.411243
0.557933, 0.389587, 0.552572, 0.365979
0.557964, 0.744753, -0.472386, -0.264481
0.557966, 0.122639, 0.597615, 0.122211
0.558040, 0.639258, -0.458668, -0.368198
0.558395, 0.530100, -0.436407, -0.467884
0.558575, 0.212111, 0.590328, 0.209411
0.558583, 0.968075, -0.484037, -0.033524
0.558692, 0.089893, 0.600078, 0.089716
0.559107, 0.672872, -0.462627, -0.335894
0.559114, 0.309509, 0.575877, 0.300089
0.559117, 0.343027, 0.568761, 0.329687
0.559731, 0.811994, -0.476392, -0.196143
0.559776, 0.776312, -0.473528, -0.232675
0.559828, 0.847699, -0.478627, -0.159308
0.559895, 0.232338, 0.588990, 0.228515
0.559979, 0.555118, -0.440893, -0.446305
0.560080, 0.044645, 0.602808, 0.044591
0.560469, 0.617833, -0.452722, -0.388845
0.560831, 0.517883, -0.431290, -0.479048
0.561007, 0.254356, 0.586982, 0.249119
0.561037, 0.980246, -0.481889, -0.020772
0.561113, 0.710967, -0.465482, -0.298594
0.561208, 0.377380, 0.562006, 0.358404
0.561801, 0.411232, 0.613519, 0.446812
0.561992, 0.606040, -0.449364, -0.400291
0.562145, 0.167110, 0.598310, 0.165505
0.562413, 0.191308, 0.596325, 0.188978
0.562493, 0.179063, 0.597619, 0.177107
0.562572, 0.331299, 0.574454, 0.318725
0.562754, 0.202377, 0.595331, 0.199582
0.562802, 0.077456, 0.604857, 0.077206
0.562919, 0.155189, 0.600065, 0.153821
0.563127, 0.505227, -0.425584, -0.489944
0.563311, 0.012011, 0.606708, 0.011995
0.563374, 0.789081, -0.470904, -0.219913
0.563415, 0.453172, -0.434813, -0.557677
0.563485, 0.692686, -0.460874, -0.316961
0.563512, 0.661393, -0.456618, -0.347589
0.563658, 1.000000, -0.479321, 0.000000
0.563851, 0.111771, 0.604052, 0.111133
0.563935, 0.242135, 0.591502, 0.237258
0.563957, 0.432663, 0.221780, 0.078262
0.564028, 0.871196, -0.475518, -0.135092
0.564246, 0.365235, 0.567771, 0.347458
0.564420, 0.835652, -0.473181, -0.172037
0.564513, 0.543322, -0.434305, -0.457884
0.564598, 0.143342, 0.602665, 0.142119
0.564606, 0.299456, 0.582735, 0.290005
0.564759, 0.573890, -0.440579, -0.430415
0.564935, 0.273647, 0.587534, 0.266426
0.565190, 0.883342, -0.475122, -0.122527
0.565241, 0.492216, -0.421077, -0.502227
0.565514, 0.131655, 0.604259, 0.130587
0.565675, 0.628789, -0.449666, -0.379357
0.565966, 0.753431, -0.465176, -0.256465
0.566032, 0.024361, 0.609283, 0.024284
0.566072, 0.399644, 0.543068, 0.358513
0.566146, 0.479757, -0.413349, -0.509315
0.566379, 0.288227, 0.586424, 0.279505
0.566708, 0.222890, 0.596754, 0.218733
0.566848, 0.801192, -0.468497, -0.207825
0.566921, 0.320005, 0.580627, 0.307866
0.567029, 0.649028, -0.451643, -0.360240
0.567086, 0.896896, -0.473698, -0.108417
0.567131, 0.723805, -0.461044, -0.286492
0.567210, 0.856997, -0.471574, -0.150051
0.567362, 0.064944, 0.609458, 0.064597
0.567445, 0.584716, -0.440245, -0.421011
0.567480, 0.948031, -0.474838, -0.054747
0.567664, 0.739354, -0.462013, -0.270829
0.567684, 0.935831, -0.474488, -0.067597
0.567691, 0.910275, -0.473653, -0.094436
0.567816, 0.822881, -0.469147, -0.185545
0.567916, 0.100486, 0.608721, 0.099780
0.567918, 0.681630, -0.455216, -0.328485
0.568023, 0.923324, -0.473715, -0.080739
0.568290, 0.466103, -0.417532, -0.531049
0.568349, 0.563414, -0.435191, -0.440687
0.568378, 0.766778, -0.464035, -0.243141
0.568419, 0.037085, 0.611348, 0.036902
0.568476, 0.261620, 0.592729, 0.254757
0.568483, 0.960402, -0.473998, -0.041740
0.568645, 0.353151, 0.574429, 0.336030
0.568739, 0.702536, -0.456825, -0.307784
0.568923, 0.000000, 0.611895, 0.000000
0.569256, 0.051671, 0.611815, 0.051373
0.569548, 0.596139, -0.440432, -0.410811
0.569693, 0.533710, -0.427328, -0.467333
0.569768, 0.387462, 0.565303, 0.363508
0.569878, 0.421308, 0.894916, 0.731739
0.570026, 0.442840, -0.341870, -0.481562
0.570383, 0.973559, -0.472092, -0.027892
0.570649, 0.988251, -0.472027, -0.012392
0.570795, 0.088396, 0.611878, 0.087679
0.571003, 0.341720, 0.579165, 0.325713
0.571283, 0.522900, -0.423517, -0.477328
0.571508, 0.121850, 0.610933, 0.120610
0.571651, 0.779989, -0.461881, -0.229933
0.571664, 0.211792, 0.602793, 0.207594
0.571691, 0.616834, -0.441956, -0.391668
0.571950, 0.638121, -0.445159, -0.371414
0.572195, 0.670507, -0.449479, -0.339907
0.572337, 0.309513, 0.587670, 0.297507
0.572474, 0.845277, -0.465553, -0.162534
0.572871, 0.248165, 0.599031, 0.241665
0.572881, 0.551798, -0.428730, -0.452195
0.572992, 0.812162, -0.463004, -0.196933
0.573102, 0.375449, 0.574055, 0.355247
0.573254, 0.511415, -0.418861, -0.487609
0.573493, 0.174517, 0.608481, 0.171648
0.573678, 0.187296, 0.607478, 0.183952
0.573774, 0.161863, 0.609874, 0.159392
0.574022, 0.233903, 0.602117, 0.228162
0.574075, 0.199414, 0.606523, 0.195522
0.574143, 0.279125, 0.594976, 0.269885
0.574150, 0.713295, -0.452830, -0.297741
0.574340, 0.409859, 0.481644, 0.298963
0.574629, 0.865948, -0.464406, -0.141082
0.574832, 0.454873, -0.363438, -0.496244
0.574862, 0.077475, 0.616416, 0.076738
0.574930, 0.499122, -0.414397, -0.498661
0.574978, 0.148997, 0.612206, 0.146836
0.575317, 0.329743, 0.585786, 0.314584
0.575427, 0.732368, -0.453466, -0.278627
0.575706, 0.606767, -0.436548, -0.401931
0.575903, 0.692133, -0.448674, -0.319088
0.575910, 0.658798, -0.444388, -0.351969
0.575925, 0.363419, 0.577283, 0.342257
0.576213, 0.008589, 0.619176, 0.008525
0.576258, 0.135581, 0.614435, 0.133690
0.576266, 0.791449, -0.458034, -0.218494
0.576338, 0.877339, -0.463140, -0.129233
0.576350, 0.297379, 0.593633, 0.285910
0.576419, 0.832753, -0.460946, -0.175837
0.576682, 0.475008, -0.408198, -0.521108
0.576877, 0.431478, -0.875860, -1.036986
0.576919, 1.000000, -0.465953, 0.000000
0.576990, 0.573959, -0.429375, -0.432756
0.576998, 0.889675, -0.463316, -0.116398
0.576999, 0.018566, 0.620053, 0.018402
0.577012, 0.486815, -0.409199, -0.509386
0.577096, 0.758251, -0.454612, -0.252686
0.577201, 0.110459, 0.616906, 0.109054
0.578026, 0.397694, 0.554439, 0.355331
0.578028, 0.267766, 0.600451, 0.258888
0.578144, 0.902998, -0.462680, -0.102441
0.578232, 0.030621, 0.621099, 0.030325
0.578272, 0.745721, -0.452146, -0.265485
0.578584, 0.626289, -0.436997, -0.383821
0.578700, 0.541623, -0.421116, -0.462347
0.578996, 0.916089, -0.462220, -0.088684
0.579022, 0.067469, 0.620809, 0.066703
0.579030, 0.043418, 0.621540, 0.042958
0.579282, 0.056287, 0.621433, 0.055666
0.579298, 0.585598, -0.429408, -0.422394
0.579395, 0.221686, 0.608783, 0.215985
0.579425, 0.952774, -0.462582, -0.049957
0.579489, 0.801841, -0.455546, -0.208027
0.579516, 0.940673, -0.462377, -0.062758
0.579723, 0.772234, -0.452940, -0.238493
0.579771, 0.928755, -0.461821, -0.075343
0.579812, 0.097112, 0.620202, 0.095821
0.580131, 0.647597, -0.438664, -0.363443
0.580184, 0.319633, 0.592265, 0.304671
0.580205, 0.855368, -0.458221, -0.152449
0.580302, 0.965546, -0.461852, -0.036468
0.580411, 0.680882, -0.442806, -0.330766
0.580478, 0.561222, -0.423769, -0.445209
0.580598, 0.978638, -0.461747, -0.022616
0.580962, 0.255677, 0.605279, 0.247385
0.581246, 0.287124, 0.599949, 0.275835
0.581259, 0.821466, -0.455228, -0.187854
0.581342, 0.351374, 0.584663, 0.330551
0.581533, 0.722340, -0.446378, -0.289401
0.581614, 0.596787, -0.429169, -0.412270
0.581732, 0.385971, 0.598433, 0.381539
0.581781, 0.442565, -0.525529, -0.680120
0.581987, 0.465529, -0.386811, -0.515995
0.582169, 0.529950, -0.415677, -0.473783
0.582314, 0.702996, -0.443627, -0.309020
0.582423, 0.339162, 0.590022, 0.321390
0.582508, 0.420062, 0.215720, 0.038631
0.582806, 0.122728, 0.621604, 0.120709
0.583561, 0.208832, 0.614365, 0.203369
0.583673, 0.000000, 0.626785, 0.000000
0.583768, 0.242332, 0.609860, 0.234624
0.583788, 0.518328, -0.411475, -0.484262
0.584199, 0.990222, -0.458128, -0.010367
0.584235, 0.182671, 0.617810, 0.178399
0.584390, 0.307204, 0.598672, 0.292984
0.584412, 0.086265, 0.625140, 0.084959
0.584501, 0.169813, 0.619350, 0.166069
0.584523, 0.842846, -0.453196, -0.165784
0.584525, 0.669105, -0.437260, -0.342932
0.584775, 0.636039, -0.432498, -0.375338
0.584906, 0.505612, -0.407487, -0.495646
0.584922, 0.374248, 0.572649, 0.339699
0.585026, 0.196060, 0.617297, 0.191106
0.585139, 0.784331, -0.448478, -0.226525
0.585159, 0.157166, 0.621173, 0.153870
0.585179, 0.614819, -0.428833, -0.395789
0.586280, 0.407224, 0.472643, 0.277578
0.586316, 0.454122, -0.425144, -0.571864
0.586376, 0.144670, 0.623399, 0.141726
0.586432, 0.867668, -0.452425, -0.139861
0.586597, 0.550624, -0.415904, -0.455926
0.586753, 0.492690, -0.402742, -0.507248
0.586800, 0.734045, -0.442363, -0.278142
0.586906, 0.810351, -0.448611, -0.199742
0.587038, 0.275848, 0.607178, 0.264671
0.587185, 0.362796, 0.589776, 0.341811
0.587351, 0.230475, 0.614898, 0.223120
0.587530, 0.881413, -0.451954, -0.125481
0.587708, 0.132965, 0.625604, 0.130321
0.587806, 0.764400, -0.444200, -0.247272
0.587961, 0.478691, -0.396064, -0.517393
0.588045, 0.692010, -0.436680, -0.320670
0.588086, 0.104444, 0.627760, 0.102550
0.588094, 0.895165, -0.452142, -0.111060
0.588131, 0.712842, -0.438881, -0.299747
0.588478, 0.569523, -0.417912, -0.439016
0.588567, 0.023878, 0.631088, 0.023519
0.588567, 0.075412, 0.629870, 0.074161
0.588639, 0.657724, -0.431806, -0.354734
0.589269, 0.753438, -0.441703, -0.258603
0.589354, 0.831539, -0.447583, -0.177872
0.589456, 0.908600, -0.451264, -0.096927
0.589459, 0.295706, 0.605491, 0.281845
0.589503, 0.430888, -0.194780, -0.370301
0.589590, 0.329757, 0.597277, 0.310562
0.589717, 0.036620, 0.632142, 0.036037
0.589763, 0.011073, 0.632536, 0.010910
0.589952, 0.049724, 0.631926, 0.048902
0.590102, 0.580145, -0.418330, -0.429422
0.590261, 0.604788, -0.422292, -0.406107
0.590302, 0.263553, 0.612388, 0.253040
0.590452, 0.796899, -0.443965, -0.213919
0.590459, 0.062640, 0.632109, 0.061566
0.590489, 0.395409, 0.706207, 0.489554
0.590776, 0.921536, -0.450220, -0.083274
0.590850, 0.957833, -0.450867, -0.044784
0.591107, 1.000000, -0.450859, 0.000000
0.591264, 0.114857, 0.630066, 0.112470
0.591319, 0.853668, -0.446807, -0.154833
0.591340, 0.945391, -0.450157, -0.057996
0.591364, 0.538606, -0.409367, -0.468099
0.591522, 0.742794, -0.438280, -0.269593
0.591543, 0.317309, 0.602645, 0.300278
0.591565, 0.623754, -0.424155, -0.388249
0.591827, 0.217820, 0.620893, 0.210757
0.592052, 0.591684, -0.418453, -0.418862
0.592073, 0.970121, -0.449775, -0.031754
0.592145, 0.933986, -0.449244, -0.070124
0.592323, 0.679673, -0.430860, -0.333404
0.592520, 0.343809, 0.598549, 0.323952
0.592689, 0.646621, -0.426241, -0.366093
0.592852, 0.980928, -0.448888, -0.020269
0.592902, 0.251188, 0.616744, 0.241348
0.592947, 0.774729, -0.439764, -0.237029
0.593424, 0.443194, -0.345972, -0.512536
0.593538, 0.466229, -0.394934, -0.536215
0.593864, 0.383004, 0.552794, 0.319934
0.593866, 0.416731, -0.516322, -0.712221
0.594196, 0.093924, 0.634368, 0.091984
0.594355, 0.526723, -0.403995, -0.479213
0.594401, 0.559764, -0.410565, -0.449119
0.594416, 0.820241, -0.441696, -0.189986
0.594512, 0.190142, 0.626638, 0.184385
0.594606, 0.725277, -0.433541, -0.287754
0.594709, 0.355501, 0.590274, 0.326138
0.594769, 0.284896, 0.612341, 0.271301
0.594794, 0.513464, -0.400718, -0.491160
0.595195, 0.177011, 0.628706, 0.171870
0.595447, 0.204661, 0.625903, 0.197976
0.595653, 0.164245, 0.630410, 0.159686
0.596308, 0.500796, -0.396455, -0.502584
0.596450, 0.702230, -0.429601, -0.311460
0.596504, 0.634604, -0.420944, -0.378430
0.596643, 0.239366, 0.622069, 0.229966
0.596704, 0.151479, 0.632583, 0.147401
0.596873, 0.304743, 0.609875, 0.288114
0.597081, 0.370118, 0.601316, 0.350521
0.597086, 0.667588, -0.424789, -0.346095
0.597103, 0.125981, 0.635255, 0.122902
0.597110, 0.000000, 0.639652, 0.000000
0.597188, 0.487169, -0.391814, -0.514027
0.597226, 0.842206, -0.440064, -0.167149
0.597496, 0.455187, -0.376239, -0.534071
0.597648, 0.786853, -0.436044, -0.224928
0.597648, 0.862970, -0.440592, -0.145324
0.597798, 0.874380, -0.441129, -0.133346
0.598092, 0.888017, -0.441345, -0.118953
0.598386, 0.083331, 0.638954, 0.081468
0.598553, 0.138739, 0.635566, 0.135067
0.598795, 0.807918, -0.436439, -0.203154
0.598828, 0.989730, -0.442887, -0.010935
0.599008, 0.405475, -0.341586, -0.552357
0.599052, 0.272330, 0.618575, 0.259367
0.599214, 0.547597, -0.404026, -0.461511
0.599465, 0.901257, -0.440618, -0.105029
0.599548, 0.019332, 0.641806, 0.018928
0.599600, 0.714281, -0.427540, -0.299499
0.599641, 0.690068, -0.424792, -0.323859
0.599693, 0.762433, -0.432008, -0.250336
0.599711, 0.612263, -0.414482, -0.400491
0.600021, 0.227550, 0.626942, 0.218624
0.600108, 0.070526, 0.641171, 0.068926
0.600183, 0.474823, -0.388375, -0.527542
0.600230, 0.425037, -0.440213, -0.634194
0.600516, 0.043718, 0.642306, 0.042752
0.600586, 0.104226, 0.639933, 0.101634
0.600696, 0.030749, 0.642806, 0.030077
0.600783, 0.056941, 0.642186, 0.055652
0.600862, 0.571676, -0.406711, -0.439210
0.601229, 0.914299, -0.439300, -0.091267
0.601447, 0.336304, 0.604065, 0.311704
0.601473, 0.598697, -0.410706, -0.413798
0.601624, 0.735877, -0.427636, -0.277727
0.601676, 0.656923, -0.418759, -0.357116
0.601765, 0.749373, -0.428559, -0.263825
0.601801, 0.324906, 0.609688, 0.304483
0.602034, 0.951429, -0.438947, -0.051749
0.602055, 0.584533, -0.407937, -0.427470
0.602069, 0.830825, -0.434539, -0.179402
0.602356, 0.436707, -0.395787, -0.579240
0.602393, 0.393371, 0.447917, 0.220281
0.602428, 0.260130, 0.623781, 0.247852
0.602676, 0.963882, -0.438835, -0.038531
0.602883, 0.294454, 0.617465, 0.278017
0.602947, 0.927201, -0.437764, -0.077588
0.603089, 0.313547, 0.613103, 0.294213
0.603800, 0.623273, -0.412118, -0.390402
0.603912, 0.116592, 0.641930, 0.113322
0.604030, 0.215436, 0.632355, 0.206892
0.604182, 0.535681, -0.396994, -0.473217
0.604244, 0.676953, -0.418774, -0.337592
0.604245, 0.797322, -0.430023, -0.214524
0.604262, 0.775901, -0.428426, -0.236782
0.604416, 0.195584, 0.635124, 0.188332
0.604453, 0.852573, -0.433209, -0.156660
0.604479, 0.521093, -0.393749, -0.486493
0.604587, 0.644904, -0.414504, -0.369493
0.604594, 0.010080, 0.646837, 0.009860
0.604839, 1.000000, -0.436680, 0.000000
0.604909, 0.939999, -0.436324, -0.064040
0.604962, 0.347927, 0.613175, 0.329611
0.605017, 0.976731, -0.436254, -0.024829
0.605281, 0.381213, 0.595666, 0.347592
0.605539, 0.360201, 0.589230, 0.318500
0.605620, 0.248445, 0.628630, 0.236786
0.605711, 0.183406, 0.637806, 0.176774
0.605776, 0.558467, -0.399942, -0.452640
0.606350, 0.448365, -0.379453, -0.554504
0.606475, 0.170752, 0.639874, 0.164780
0.606501, 0.508764, -0.389267, -0.497900
0.606669, 0.818958, -0.429090, -0.192139
0.606692, 0.495297, -0.385957, -0.509712
0.606733, 0.281598, 0.623434, 0.266054
0.606972, 0.158474, 0.641530, 0.153121
0.607065, 0.462073, -0.375279, -0.536084
0.607492, 0.879663, -0.431403, -0.128203
0.607686, 0.723519, -0.420314, -0.290918
0.607742, 0.414693, -0.322413, -0.535516
0.608054, 0.145318, 0.643923, 0.140564
0.608082, 0.092415, 0.647749, 0.089791
0.608528, 0.634108, -0.408890, -0.380356
0.608852, 0.130826, 0.646036, 0.126690
0.609080, 0.205148, 0.638302, 0.196673
0.609164, 0.865023, -0.428774, -0.143699
0.609281, 0.893300, -0.429930, -0.113774
0.609313, 0.709134, -0.417207, -0.305702
0.609428, 0.483629, -0.381192, -0.520849
0.609447, 0.370397, 0.638140, 0.374887
0.609547, 0.236620, 0.634209, 0.225481
0.609737, 0.698874, -0.415687, -0.316119
0.609765, 0.078672, 0.650089, 0.076427
0.610260, 0.841405, -0.426645, -0.168728
0.610531, 0.064749, 0.651343, 0.062913
0.610645, 0.687068, -0.413411, -0.328075
0.610796, 0.786511, -0.422605, -0.226287
0.610889, 0.050722, 0.652058, 0.049295
0.610926, 0.666254, -0.410866, -0.349080
0.610959, 0.036856, 0.652418, 0.035832
0.611034, 0.304447, 0.622027, 0.284734
0.611076, 0.000000, 0.653277, 0.000000
0.611112, 0.766905, -0.420563, -0.246566
0.611151, 0.605431, -0.402484, -0.408860
0.611282, 0.906232, -0.428604, -0.100157
0.611343, 0.269373, 0.629953, 0.254447
0.611363, 0.402460, -0.425354, -0.657319
0.611384, 0.988643, -0.430059, -0.012156
0.611416, 0.428215, -0.356374, -0.559226
0.611471, 0.547108, -0.392510, -0.464174
0.611662, 0.472148, -0.375534, -0.530298
0.611723, 0.755982, -0.419082, -0.257928
0.611844, 0.105587, 0.650586, 0.102276
0.611873, 0.591844, -0.399715, -0.422046
0.611878, 0.022729, 0.653825, 0.022101
0.611939, 0.807823, -0.422805, -0.204080
0.612502, 0.567712, -0.395188, -0.445086
0.612649, 0.224965, 0.638678, 0.214394
0.612773, 0.578637, -0.396649, -0.434673
0.612889, 0.329957, 0.617817, 0.306198
0.613063, 0.527622, -0.387217, -0.482235
0.613251, 0.918998, -0.426981, -0.086620
0.613273, 0.954061, -0.427238, -0.049122
0.613314, 0.743876, -0.416577, -0.270632
0.613459, 0.652565, -0.406738, -0.363061
0.613668, 0.616617, -0.401671, -0.398378
0.613685, 0.317056, 0.621068, 0.294521
0.613842, 0.733115, -0.414887, -0.281627
0.614229, 0.290950, 0.627859, 0.272562
0.614240, 0.966076, -0.426868, -0.036327
0.614409, 0.389915, -0.105232, -0.349386
0.614429, 0.830090, -0.421799, -0.180926
0.614545, 0.341045, 0.609266, 0.307866
0.614607, 0.119009, 0.651790, 0.114893
0.615050, 0.440142, -0.361962, -0.555755
0.615084, 0.257715, 0.635398, 0.243440
0.615269, 0.931463, -0.425081, -0.073348
0.615972, 0.191697, 0.646196, 0.183293
0.616132, 0.354328, 0.640723, 0.352305
0.616233, 0.501593, -0.379003, -0.506371
0.616451, 0.852938, -0.420974, -0.156928
0.616672, 0.178506, 0.648439, 0.170950
0.616990, 0.453653, -0.367393, -0.548449
0.617044, 0.515746, -0.381316, -0.493958
0.617125, 0.677943, -0.405990, -0.338054
0.617166, 0.873180, -0.420748, -0.135388
0.617407, 0.627415, -0.399452, -0.388287
0.617567, 0.716369, -0.409542, -0.299128
0.617647, 0.010955, 0.659240, 0.010624
0.617677, 0.796825, -0.416264, -0.216016
0.617859, 0.154355, 0.652134, 0.148209
0.617938, 1.000000, -0.423243, 0.000000
0.617976, 0.776307, -0.414327, -0.237377
0.618026, 0.943794, -0.422910, -0.060269
0.618030, 0.978292, -0.423010, -0.023276
0.618031, 0.213921, 0.645403, 0.203561
0.618126, 0.641320, -0.400348, -0.374467
0.618155, 0.245989, 0.640215, 0.232475
0.618214, 0.378083, 0.741565, 0.480096
0.618253, 0.537753, -0.384379, -0.473926
0.618266, 0.140961, 0.653860, 0.135546
0.618370, 0.166328, 0.651422, 0.159393
0.618641, 0.885444, -0.420017, -0.122503
0.618911, 0.557555, -0.387416, -0.455760
0.619062, 0.420073, -0.355378, -0.575483
0.619143, 0.278840, 0.634752, 0.261145
0.619341, 0.818668, -0.415906, -0.193194
0.619360, 0.489513, -0.373633, -0.517793
0.619726, 0.364712, 0.462262, 0.180687
0.619956, 0.084568, 0.659413, 0.081618
0.620544, 0.202063, 0.649128, 0.192314
0.620662, 0.096435, 0.659333, 0.092950
0.620706, 0.071534, 0.660795, 0.069060
0.620871, 0.058295, 0.661384, 0.056305
0.620966, 0.692079, -0.403533, -0.324094
0.621095, 0.465056, -0.366613, -0.539661
0.621112, 0.409707, -0.373257, -0.607352
0.621114, 0.044870, 0.661932, 0.043349
0.621266, 0.898116, -0.417664, -0.109080
0.621313, 0.300491, 0.631523, 0.278939
0.621414, 0.659586, -0.399564, -0.356926
0.621423, 0.031778, 0.662462, 0.030705
0.621573, 0.598535, -0.391369, -0.417068
0.621740, 0.130246, 0.657918, 0.125096
0.622168, 0.477653, -0.368321, -0.528663
0.622386, 0.584236, -0.388430, -0.430960
0.622576, 0.233888, 0.646267, 0.220934
0.622645, 0.726693, -0.405324, -0.289014
0.622697, 0.704553, -0.403301, -0.311766
0.622823, 0.862785, -0.414752, -0.146777
0.623029, 0.841539, -0.413457, -0.169289
0.623092, 0.324423, 0.626981, 0.298355
0.623190, 0.763957, -0.407932, -0.250572
0.623228, 0.752048, -0.407159, -0.263060
0.623335, 0.108756, 0.661119, 0.104559
0.623422, 0.910632, -0.416176, -0.095859
0.623636, 0.397524, -0.282270, -0.531329
0.623924, 0.431367, -0.355384, -0.568510
0.624043, 0.610726, -0.390693, -0.405553
0.624207, 0.267169, 0.641566, 0.250013
0.624304, 0.569863, -0.384366, -0.445039
0.624336, 0.786264, -0.408588, -0.227492
0.624545, 0.000000, 0.666015, 0.000000
0.624565, 0.311717, 0.631521, 0.287540
0.624763, 0.989042, -0.416049, -0.011774
0.624953, 0.526459, -0.376193, -0.485772
0.624957, 0.670328, -0.397286, -0.346585
0.625008, 0.807118, -0.409346, -0.205700
0.625031, 0.347826, 0.620212, 0.314801
0.625296, 0.547469, -0.379582, -0.466201
0.625354, 0.020387, 0.666526, 0.019664
0.625436, 0.507164, -0.371838, -0.503210
0.625661, 0.222590, 0.650728, 0.210276
0.625744, 0.968221, -0.414687, -0.034143
0.625793, 0.922569, -0.413999, -0.083139
0.625998, 0.956645, -0.414196, -0.046569
0.626031, 0.444782, -0.356862, -0.557644
0.626131, 0.739072, -0.402905, -0.276612
0.626250, 0.335561, 0.625338, 0.305397
0.626443, 0.830150, -0.409314, -0.181539
0.626504, 0.288684, 0.638848, 0.268014
0.626612, 0.185462, 0.656698, 0.176232
0.626663, 0.120271, 0.663006, 0.115219
0.627087, 0.385406, -0.604412, -0.871626
0.627436, 0.648738, -0.392150, -0.368360
0.627722, 0.255661, 0.646841, 0.239300
0.627765, 0.634038, -0.390198, -0.383190
0.627805, 0.149336, 0.661902, 0.142558
0.627843, 0.934641, -0.412000, -0.070230
0.627909, 0.621943, -0.388344, -0.394999
0.628386, 0.875604, -0.409223, -0.133300
0.628831, 0.682789, -0.394794, -0.334469
0.628910, 0.495450, -0.366377, -0.514573
0.628986, 0.174057, 0.660307, 0.165432
0.629179, 0.372087, 0.002861, -0.276977
0.629689, 0.457135, -0.356980, -0.548259
0.629749, 0.715849, -0.397259, -0.300924
0.629779, 0.852102, -0.407119, -0.158487
0.629814, 0.888361, -0.408505, -0.119825
0.630089, 0.161605, 0.662590, 0.153748
0.630180, 0.243631, 0.651120, 0.228281
0.630290, 0.195796, 0.658887, 0.185262
0.630292, 0.774172, -0.401624, -0.240603
0.630532, 0.358743, 0.940432, 0.642925
0.630589, 0.946640, -0.409629, -0.057424
0.630855, 0.208893, 0.657549, 0.197129
0.631133, 0.420183, -0.348576, -0.581948
0.631146, 0.516777, -0.368519, -0.495600
0.631205, 1.000000, -0.409396, 0.000000
0.631217, 0.592034, -0.380995, -0.424680
0.631229, 0.796566, -0.402218, -0.217192
0.631384, 0.558425, -0.375715, -0.456971
0.631507, 0.077247, 0.670698, 0.074045
0.631519, 0.536763, -0.371998, -0.477470
0.631580, 0.138151, 0.666473, 0.131736
0.631624, 0.817546, -0.403128, -0.195129
0.631672, 0.052275, 0.671758, 0.050159
0.631713, 0.010308, 0.672555, 0.009913
0.631810, 0.978215, -0.408606, -0.023458
0.631845, 0.277085, 0.645923, 0.256892
0.631896, 0.089472, 0.670371, 0.085673
0.631905, 0.064585, 0.671620, 0.061932
0.632112, 0.483341, -0.360926, -0.526026
0.632122, 0.039846, 0.672256, 0.038229
0.632459, 0.577763, -0.377730, -0.438695
0.632529, 0.695478, -0.392339, -0.321943
0.632542, 0.406489, -0.326299, -0.575926
0.632573, 0.300459, 0.640539, 0.275840
0.633114, 0.470387, -0.357216, -0.537719
0.633185, 0.902050, -0.405461, -0.105303
0.633295, 0.101384, 0.670849, 0.096897
0.633397, 0.660636, -0.387703, -0.357260
0.633589, 0.322748, 0.636678, 0.294852
0.633819, 0.749529, -0.395925, -0.266452
0.633976, 0.604189, -0.380070, -0.413304
0.634191, 0.029414, 0.674617, 0.028195
0.634278, 0.434643, -0.347547, -0.568544
0.634443, 0.728288, -0.393628, -0.288572
0.634753, 0.864936, -0.402489, -0.145051
0.635150, 0.761400, -0.395492, -0.254200
0.635791, 0.393781, -0.387031, -0.654386
0.635874, 0.113612, 0.672490, 0.108288
0.635937, 0.345859, 0.510056, 0.190765
0.636046, 0.127488, 0.671196, 0.121314
0.636119, 0.219554, 0.660603, 0.205944
0.636201, 0.231795, 0.658551, 0.216788
0.636265, 0.640329, -0.382410, -0.377869
0.636313, 0.913750, -0.402819, -0.092902
0.636544, 0.840670, -0.399476, -0.170972
0.636815, 0.706496, -0.389135, -0.311157
0.636847, 0.785084, -0.395699, -0.229683
0.637105, 0.673064, -0.385472, -0.345252
0.637280, 0.265493, 0.652891, 0.245895
0.637300, 0.311507, 0.642968, 0.285242
0.637318, 0.505001, -0.360684, -0.507670
0.637396, 0.965235, -0.402460, -0.037487
0.637486, 0.828286, -0.397565, -0.184072
0.637561, 0.615889, -0.378132, -0.402325
0.637888, 0.447113, -0.347636, -0.558978
0.638107, 0.989013, -0.402117, -0.011856
0.638162, 0.926465, -0.401204, -0.079281
0.638188, 0.547326, -0.367504, -0.468679
0.638249, 0.289155, 0.648859, 0.266015
0.638268, 0.333943, 0.676905, 0.342395
0.638288, 0.380538, -0.236835, -0.520793
0.638335, 0.000000, 0.679034, 0.000000
0.638346, 0.526447, -0.363667, -0.488076
0.638389, 0.567191, -0.370410, -0.449736
0.638615, 0.806834, -0.395232, -0.206866
0.638908, 0.184843, 0.668134, 0.174159
0.638974, 0.150484, 0.672127, 0.142547
0.639534, 0.878702, -0.397881, -0.130496
0.639709, 0.739222, -0.389219, -0.277757
0.639729, 0.020387, 0.680188, 0.019490
0.639909, 0.253631, 0.657618, 0.235182
0.640059, 0.892379, -0.397851, -0.115875
0.640099, 0.171939, 0.670615, 0.162182
0.640309, 0.939425, -0.399077, -0.065355
0.640363, 0.367711, -0.636471, -0.935142
0.640475, 0.628378, -0.376859, -0.390371
0.640622, 0.585221, -0.370848, -0.432604
0.640757, 0.651367, -0.379198, -0.367338
0.640812, 0.685687, -0.383058, -0.332844
0.640869, 0.492896, -0.355074, -0.519339
0.640957, 0.198688, 0.668110, 0.186441
0.641023, 0.953578, -0.398854, -0.050135
0.641166, 0.459460, -0.347719, -0.549132
0.641740, 0.853284, -0.394786, -0.157839
0.641769, 0.413230, -0.332996, -0.585489
0.641880, 0.242320, 0.661539, 0.225016
0.642008, 0.426296, -0.338740, -0.577257
0.642161, 0.772558, -0.389261, -0.243178
0.642163, 0.718342, -0.384757, -0.299473
0.642508, 0.160609, 0.674110, 0.151504
0.642539, 0.044635, 0.681971, 0.042529
0.642787, 0.069650, 0.681626, 0.066300
0.642976, 0.355778, 0.208247, -0.103336
0.642999, 0.082354, 0.681176, 0.078322
0.643264, 0.056698, 0.682625, 0.053984
0.643597, 0.140658, 0.677393, 0.132994
0.643674, 0.278312, 0.655362, 0.255164
0.643700, 0.596506, -0.369453, -0.422088
0.643721, 0.480763, -0.350046, -0.530821
0.643842, 0.514867, -0.356540, -0.499886
0.643996, 0.210597, 0.668950, 0.196708
0.644205, 0.977051, -0.395776, -0.024822
0.644218, 0.094358, 0.681564, 0.089583
0.644235, 0.795729, -0.388777, -0.218991
0.644405, 1.000000, -0.395594, 0.000000
0.644494, 0.300355, 0.647547, 0.269955
0.644610, 0.817729, -0.389626, -0.195700
0.644834, 0.536679, -0.359372, -0.479692
0.644949, 0.401151, -0.338844, -0.608049
0.645223, 0.556731, -0.362291, -0.460861
0.645322, 0.751232, -0.384256, -0.265630
0.645362, 0.663326, -0.375901, -0.355814
0.645460, 0.470389, -0.346323, -0.540436
0.645462, 0.697110, -0.379451, -0.321635
0.645589, 0.010363, 0.685696, 0.009881
0.645605, 0.322603, 0.639827, 0.285053
0.645746, 0.106281, 0.682141, 0.100690
0.645971, 0.033608, 0.685964, 0.031985
0.645973, 0.865771, -0.390895, -0.144683
0.646470, 0.438407, -0.338096, -0.568298
0.646521, 0.903905, -0.391610, -0.103751
0.646564, 0.575255, -0.363676, -0.443145
0.646577, 0.118763, 0.681869, 0.112307
0.646945, 0.223652, 0.669496, 0.207836
0.646946, 0.607687, -0.367794, -0.411610
0.647289, 0.130311, 0.681470, 0.123010
0.647417, 0.388367, -0.305913, -0.591611
0.647548, 0.730007, -0.380264, -0.287894
0.647690, 0.640319, -0.371090, -0.379329
0.647869, 0.831358, -0.386871, -0.181368
0.647897, 0.343595, 1.028401, 0.695589
0.648073, 0.917373, -0.390715, -0.089363
0.648200, 0.762167, -0.382102, -0.254419
0.648658, 0.782591, -0.383299, -0.233142
0.648972, 0.268690, 0.662020, 0.246021
0.649006, 0.676366, -0.373726, -0.343109
0.649068, 0.502276, -0.349400, -0.512420
0.649561, 0.843531, -0.386148, -0.168651
0.649628, 0.312511, 0.659393, 0.289731
0.649717, 0.889580, -0.387569, -0.119208
0.649963, 0.965822, -0.389469, -0.037017
0.650029, 0.619280, -0.366257, -0.400599
0.650041, 0.450830, -0.337959, -0.558525
0.650050, 0.930673, -0.388856, -0.075032
0.650160, 0.708571, -0.375721, -0.310299
0.650165, 0.376029, -0.363962, -0.665951
0.650181, 0.190243, 0.677396, 0.177543
0.650378, 0.177425, 0.679175, 0.165936
0.650446, 0.877105, -0.386394, -0.132643
0.650556, 0.257962, 0.665839, 0.236765
0.650686, 0.288790, 0.661986, 0.265651
0.650762, 0.332734, 0.529518, 0.180298
0.650798, 0.234841, 0.670743, 0.216893
0.650862, 0.525175, -0.351799, -0.491559
0.650924, 0.988113, -0.388742, -0.012881
0.651397, 0.943953, -0.387657, -0.060696
0.651757, 0.419238, -0.328654, -0.585552
0.651951, 0.806952, -0.381538, -0.207658
0.651954, 0.546393, -0.354196, -0.471694
0.652006, 0.000000, 0.691961, 0.000000
0.652087, 0.022278, 0.691821, 0.021119
0.652421, 0.151232, 0.684490, 0.141880
0.652574, 0.586621, -0.359424, -0.432970
0.652656, 0.364055, -0.206707, -0.524413
0.652689, 0.489301, -0.343680, -0.525044
0.652714, 0.164914, 0.682992, 0.154315
0.652787, 0.565322, -0.356261, -0.453710
0.652789, 0.742140, -0.375950, -0.275783
0.652921, 0.652778, -0.367291, -0.367449
0.653169, 0.246786, 0.670430, 0.226705
0.653325, 0.202826, 0.678492, 0.188353
0.653451, 0.061790, 0.691846, 0.058415
0.653635, 0.075516, 0.691371, 0.071328
0.653674, 0.046865, 0.692597, 0.044327
0.653788, 0.955673, -0.385398, -0.048057
0.653915, 0.687522, -0.369892, -0.332264
0.654136, 0.629917, -0.363454, -0.390518
0.654177, 0.462969, -0.336991, -0.548843
0.654335, 0.856078, -0.381694, -0.155436
0.654622, 0.408153, -0.325283, -0.597418
0.654870, 0.719946, -0.371902, -0.298980
0.655184, 0.429714, -0.328528, -0.577763
0.655186, 0.087916, 0.692192, 0.082879
0.655444, 0.351827, -0.711123, -1.043120
0.655638, 0.793117, -0.376757, -0.222515
0.655764, 0.770943, -0.374899, -0.245774
0.655780, 0.512971, -0.345096, -0.503774
0.655804, 0.820738, -0.378209, -0.193195
0.655859, 0.301560, 0.646798, 0.258325
0.656070, 0.598217, -0.357542, -0.422095
0.656194, 0.666925, -0.365312, -0.353309
0.656233, 0.214998, 0.678927, 0.198651
0.656299, 0.138958, 0.689101, 0.130198
0.656336, 0.100519, 0.692366, 0.094577
0.656832, 0.395614, -0.315069, -0.603208
0.656877, 0.476482, -0.337337, -0.537370
0.657140, 1.000000, -0.382399, 0.000000
0.657334, 0.277941, 0.664737, 0.249847
0.657396, 0.113058, 0.692337, 0.106157
0.657410, 0.976022, -0.381925, -0.026037
0.657919, 0.535376, -0.346806, -0.483143
0.658139, 0.754707, -0.371426, -0.263101
0.658163, 0.125674, 0.691948, 0.117770
0.658196, 0.033908, 0.697215, 0.031988
0.658280, 0.909669, -0.379614, -0.097943
0.658285, 0.698997, -0.366544, -0.320934
0.658426, 0.897005, -0.378955, -0.111591
0.658529, 0.010968, 0.697792, 0.010362
0.658653, 0.868443, -0.377658, -0.142349
0.658693, 0.441381, -0.328301, -0.568696
0.659055, 0.324292, 0.650821, 0.283753
0.659288, 0.576013, -0.351462, -0.444295
0.659339, 0.833913, -0.375140, -0.179315
0.659356, 0.610051, -0.355792, -0.410843
0.659397, 0.227010, 0.679563, 0.208595
0.659490, 0.640901, -0.359265, -0.380046
0.659627, 0.555424, -0.348181, -0.464213
0.659798, 0.922855, -0.378527, -0.083746
0.659957, 0.732060, -0.367623, -0.286791
0.660006, 0.384011, -0.318833, -0.622981
0.660380, 0.500331, -0.338593, -0.516286
0.660390, 0.883030, -0.376176, -0.126660
0.660857, 0.782053, -0.370350, -0.234421
0.660903, 0.338535, 0.176402, -0.172537
0.661023, 0.183090, 0.687802, 0.169631
0.661026, 0.313283, 0.717109, 0.336387
0.661259, 0.265583, 0.673313, 0.241054
0.661686, 0.936445, -0.376743, -0.069042
0.661948, 0.291952, 0.675073, 0.270353
0.662173, 0.846616, -0.373036, -0.165965
0.662315, 0.195228, 0.687292, 0.180247
0.662331, 0.677900, -0.360247, -0.342816
0.662333, 0.453152, -0.327699, -0.559269
0.662732, 0.372635, -0.296124, -0.615486
0.662795, 0.171237, 0.691238, 0.158810
0.662967, 0.055475, 0.700818, 0.052105
0.663116, 0.523611, -0.339987, -0.495080
0.663233, 0.800412, -0.369200, -0.215219
0.663266, 0.158101, 0.693356, 0.146923
0.663350, 0.988152, -0.375716, -0.012892
0.663402, 0.253398, 0.677643, 0.230144
0.663438, 0.621421, -0.353102, -0.400045
0.663481, 0.418006, -0.318973, -0.590061
0.663666, 0.069685, 0.700867, 0.065374
0.663682, 0.710332, -0.361998, -0.309706
0.663798, 0.659518, -0.356824, -0.361606
0.663960, 0.949634, -0.374538, -0.054767
0.663985, 0.240109, 0.680875, 0.218873
0.664095, 0.487987, -0.332970, -0.528382
0.664240, 0.963832, -0.374631, -0.039355
0.664433, 0.587708, -0.347970, -0.433552
0.664537, 0.811822, -0.368671, -0.203239
0.664731, 0.361009, -0.358541, -0.692402
0.664776, 0.021787, 0.703567, 0.020467
0.665220, 0.744389, -0.363232, -0.274405
0.665266, 0.764061, -0.364641, -0.253763
0.665341, 0.000000, 0.704281, 0.000000
0.665458, 0.146065, 0.696754, 0.135782
0.665514, 0.465512, -0.327386, -0.548958
0.665545, 0.403772, -0.312767, -0.601548
0.665705, 0.545090, -0.340842, -0.475094
0.665864, 0.649433, -0.353587, -0.371951
0.666077, 0.081621, 0.702613, 0.076378
0.666163, 0.206713, 0.689080, 0.189753
0.666165, 0.565524, -0.343288, -0.455420
0.666262, 0.043314, 0.704340, 0.040611
0.666587, 0.348599, -0.162234, -0.511340
0.666706, 0.094613, 0.702295, 0.088395
0.666812, 0.430365, -0.318868, -0.580252
0.666841, 0.689247, -0.356798, -0.331698
0.667007, 0.859844, -0.368614, -0.151998
0.667102, 0.721631, -0.359430, -0.298281
0.667549, 0.511438, -0.333798, -0.507212
0.667610, 0.282328, 0.671780, 0.250583
0.667907, 0.133081, 0.700168, 0.123687
0.667983, 0.632585, -0.349822, -0.389397
0.667995, 0.599858, -0.345997, -0.422051
0.668018, 0.823738, -0.365637, -0.190703
0.668188, 0.107257, 0.702730, 0.099970
0.668239, 0.303975, 0.618709, 0.219296
0.668728, 0.874581, -0.367261, -0.136140
0.668872, 0.119907, 0.702259, 0.111539
0.669021, 0.217780, 0.689416, 0.198875
0.669580, 0.476665, -0.325842, -0.539703
0.669611, 0.902173, -0.367397, -0.106386
0.669624, 0.889269, -0.366794, -0.120301
0.669677, 0.391789, -0.308029, -0.614260
0.669765, 0.976513, -0.368968, -0.025608
0.669793, 0.774937, -0.360595, -0.242561
0.669820, 0.330030, 0.148221, -0.218835
0.669914, 1.000000, -0.369009, 0.000000
0.669999, 0.914868, -0.367413, -0.092649
0.670050, 0.789620, -0.361267, -0.227036
0.670166, 0.668713, -0.351270, -0.352895
0.670352, 0.229782, 0.688307, 0.208913
0.670557, 0.442358, -0.318177, -0.570598
0.670797, 0.533970, -0.334297, -0.486498
0.671009, 0.700717, -0.353618, -0.320312
0.671165, 0.271810, 0.679296, 0.243281
0.671199, 0.835674, -0.362880, -0.178087
0.671267, 0.928014, -0.366609, -0.078438
0.671322, 0.031574, 0.709325, 0.029508
0.671609, 0.576830, -0.339478, -0.445140
0.671720, 0.010436, 0.709985, 0.009765
0.671837, 0.317517, 0.907350, 0.520933
0.671906, 0.611647, -0.343536, -0.410844
0.671986, 0.499334, -0.327622, -0.519272
0.672078, 0.733991, -0.355212, -0.285749
0.672299, 0.754481, -0.356678, -0.264391
0.672455, 0.188766, 0.697013, 0.173038
0.672519, 0.063821, 0.709301, 0.059502
0.673079, 0.380460, -0.299778, -0.621936
0.673438, 0.555034, -0.334772, -0.466624
0.673516, 0.410877, -0.308357, -0.598076
0.673548, 0.178039, 0.699768, 0.163453
0.673734, 0.941319, -0.364133, -0.063989
0.673833, 0.165242, 0.701790, 0.152051
0.673936, 0.260368, 0.684849, 0.233691
0.673940, 0.847226, -0.360614, -0.165846
0.673997, 0.454290, -0.317528, -0.560692
0.674208, 0.643232, -0.344649, -0.379296
0.674390, 0.293075, 0.697477, 0.280974
0.674697, 0.247786, 0.687979, 0.222941
0.674812, 0.802008, -0.357119, -0.214213
0.675062, 0.341165, -0.292134, -0.658654
0.675129, 0.368674, -0.299709, -0.636741
0.675155, 0.954512, -0.363014, -0.049659
0.675283, 0.522110, -0.328171, -0.498409
0.675467, 0.052438, 0.712448, 0.048813
0.675620, 0.152945, 0.705069, 0.140866
0.675687, 0.199372, 0.698210, 0.181800
0.675800, 0.680039, -0.346638, -0.341886
0.675927, 0.988781, -0.362445, -0.012256
0.675966, 0.355758, -0.281396, -0.633093
0.675994, 0.421572, -0.308795, -0.589597
0.675999, 0.589341, -0.336723, -0.433395
0.676060, 0.487770, -0.321849, -0.530685
0.676594, 0.623176, -0.340150, -0.399853
0.676693, 0.656957, -0.343439, -0.365522
0.676965, 0.088622, 0.712018, 0.082197
0.677172, 0.813942, -0.355544, -0.201727
0.677209, 0.075331, 0.713013, 0.069924
0.677391, 0.712382, -0.348091, -0.308827
0.677396, 0.966367, -0.360940, -0.036762
0.677525, 0.140338, 0.708108, 0.129310
0.677705, 0.465541, -0.316314, -0.551251
0.678257, 0.020121, 0.715990, 0.018716
0.678328, 0.857656, -0.356248, -0.154730
0.678464, 0.236555, 0.693829, 0.213005
0.678473, 0.869021, -0.356895, -0.142583
0.678483, 0.399349, -0.301868, -0.609493
0.678565, 0.723730, -0.347641, -0.296970
0.678657, 0.101158, 0.712713, 0.093584
0.678725, 0.765774, -0.350864, -0.253016
0.678881, 0.743755, -0.348932, -0.276087
0.678887, 0.565791, -0.330908, -0.456931
0.678968, 0.544303, -0.327930, -0.477809
0.679025, 0.000000, 0.716805, 0.000000
0.679294, 0.781043, -0.351158, -0.236797
0.679307, 0.041125, 0.716407, 0.038192
0.679310, 0.432666, -0.308375, -0.580820
0.679389, 0.127156, 0.711099, 0.117197
0.679507, 0.305326, 0.591114, 0.181427
0.679513, 0.510139, -0.322294, -0.510403
0.679620, 0.881809, -0.356262, -0.128827
0.679772, 0.210642, 0.700212, 0.190826
0.679784, 0.114190, 0.712682, 0.105388
0.679797, 0.281570, 0.677027, 0.242084
0.679891, 0.690769, -0.343432, -0.331242
0.680098, 0.601525, -0.334132, -0.421854
0.680444, 0.825946, -0.352691, -0.189020
0.680817, 0.894642, -0.355305, -0.114913
0.680864, 0.222864, 0.698507, 0.201009
0.681118, 0.907123, -0.355419, -0.101375
0.681570, 0.327497, -0.471347, -0.855887
0.681585, 0.634064, -0.336284, -0.389431
0.681588, 0.919684, -0.355300, -0.087726
0.681810, 0.669767, -0.339618, -0.353110
0.682129, 0.476405, -0.314208, -0.542137
0.682682, 0.978619, -0.355244, -0.023397
0.682784, 0.444003, -0.307625, -0.571600
0.682836, 0.932557, -0.354499, -0.073758
0.683048, 0.702173, -0.341123, -0.319680
0.683073, 1.000000, -0.355084, 0.000000
0.683146, 0.578653, -0.328317, -0.444819
0.683198, 0.532497, -0.322123, -0.489703
0.683202, 0.792779, -0.347914, -0.224652
0.683346, 0.388225, -0.294502, -0.619443
0.683444, 0.315623, 0.468801, 0.071654
0.683622, 0.837876, -0.349917, -0.176361
0.683779, 0.173866, 0.709143, 0.158345
0.683932, 0.063620, 0.719868, 0.058798
0.683942, 0.269290, 0.690541, 0.238608
0.684159, 0.498408, -0.316025, -0.522125
0.684335, 0.188235, 0.707751, 0.170800
0.684442, 0.029783, 0.721282, 0.027562
0.684460, 0.613587, -0.331154, -0.410342
0.684935, 0.409896, -0.298619, -0.601864
0.685266, 0.256092, 0.694413, 0.227071
0.685267, 0.754115, -0.343070, -0.265696
0.685346, 0.646794, -0.333769, -0.376918
0.685501, 0.350767, -0.285982, -0.653175
0.685635, 0.160817, 0.712864, 0.146639
0.685641, 0.338490, -0.318615, -0.698341
0.685698, 0.732822, -0.340939, -0.288028
0.685775, 0.009717, 0.722881, 0.008995
0.685796, 0.377030, -0.290045, -0.629651
0.685855, 0.945826, -0.351473, -0.059308
0.685894, 0.294660, 0.730727, 0.304005
0.686139, 0.364186, -0.285914, -0.639582
0.686403, 0.455160, -0.306504, -0.562331
0.687066, 0.554793, -0.321496, -0.468816
0.687132, 0.804855, -0.344433, -0.211965
0.687246, 0.849296, -0.346653, -0.164241
0.687342, 0.083546, 0.721710, 0.076881
0.687465, 0.520325, -0.316255, -0.501974
0.687485, 0.148055, 0.716105, 0.135118
0.687600, 0.243746, 0.699726, 0.216969
0.687652, 0.773693, -0.341844, -0.245102
0.687665, 0.051539, 0.723630, 0.047523
0.687675, 0.421578, -0.298711, -0.592299
0.687692, 0.200529, 0.708172, 0.180812
0.687762, 0.591010, -0.325218, -0.433164
0.688106, 0.487014, -0.310432, -0.533336
0.688129, 0.957351, -0.349263, -0.046741
0.688526, 0.659131, -0.331709, -0.364627
0.689089, 0.134943, 0.718946, 0.123238
0.689372, 0.989991, -0.348196, -0.010980
0.689412, 0.682258, -0.332938, -0.340952
0.689422, 0.095058, 0.722896, 0.087229
0.689675, 0.230029, 0.704337, 0.205197
0.689703, 0.862030, -0.344481, -0.150530
0.689730, 0.720048, -0.335843, -0.301805
0.689832, 0.816928, -0.342387, -0.199253
0.690054, 0.107784, 0.722434, 0.098714
0.690133, 0.625301, -0.326671, -0.399151
0.690141, 0.969056, -0.347376, -0.033947
0.690165, 0.568190, -0.320100, -0.456025
0.690305, 0.874475, -0.344685, -0.137190
0.690382, 0.282933, 0.692535, 0.247902
0.690420, 0.465989, -0.304776, -0.553225
0.690894, 0.121388, 0.721697, 0.110890
0.691026, 0.397929, -0.290533, -0.613376
0.691135, 0.073346, 0.725815, 0.067354
0.691317, 0.433499, -0.297913, -0.582605
0.691393, 0.215478, 0.708972, 0.192780
0.691506, 0.542671, -0.315480, -0.481078
0.691543, 0.886856, -0.343891, -0.123813
0.691690, 0.709210, -0.332678, -0.313027
0.691768, 0.508273, -0.310341, -0.514044
0.691991, 0.039818, 0.727951, 0.036611
0.692019, 0.742255, -0.335110, -0.278652
0.692139, 0.603419, -0.322273, -0.421337
0.692326, 0.019118, 0.728851, 0.017587
0.692444, 0.899254, -0.343222, -0.110304
0.692450, 0.694800, -0.330871, -0.328236
0.692627, 0.305797, 0.293887, -0.122820
0.692642, 0.763445, -0.335999, -0.256358
0.692706, 0.911558, -0.343298, -0.096889
0.692809, 0.784806, -0.337190, -0.233663
0.692953, 0.671150, -0.328231, -0.352663
0.693047, 0.829019, -0.339595, -0.186407
0.693153, 0.924042, -0.343166, -0.083267
0.693185, 0.181148, 0.716250, 0.163300
0.693228, 0.000000, 0.729940, 0.000000
0.693539, 0.319349, -0.308733, -0.717802
0.693896, 0.637241, -0.324071, -0.387459
0.694201, 0.936856, -0.342524, -0.069298
0.694551, 0.331054, -0.258092, -0.656504
0.695052, 0.476157, -0.302178, -0.544605
0.695066, 0.580344, -0.316691, -0.444617
0.695121, 0.445368, -0.296752, -0.572748
0.695301, 0.168829, 0.719971, 0.152345
0.695311, 0.530158, -0.310087, -0.493696
0.695348, 0.273512, 0.698308, 0.238846
0.696028, 0.061089, 0.730942, 0.055918
0.696052, 0.410289, -0.288981, -0.603907
0.696055, 0.262280, 0.700546, 0.228664
0.696065, 0.358160, -0.276407, -0.647249
0.696078, 0.344783, -0.270168, -0.655304
0.696172, 0.980788, -0.340914, -0.021109
0.696412, 0.372204, -0.279980, -0.636185
0.696510, 0.796085, -0.334104, -0.221940
0.696524, 0.840966, -0.336497, -0.173700
0.696691, 0.386010, -0.283123, -0.624922
0.696828, 0.496478, -0.303683, -0.525833
0.696848, 0.615715, -0.318904, -0.409582
0.696998, 0.650356, -0.322173, -0.374400
0.697029, 1.000000, -0.340162, 0.000000
0.697302, 0.028629, 0.732964, 0.026225
0.697497, 0.204395, 0.715770, 0.182333
0.697702, 0.250792, 0.706552, 0.220690
0.697707, 0.156580, 0.723996, 0.141366
0.697726, 0.292831, 0.963186, 0.524528
0.697959, 0.729408, -0.328048, -0.292703
0.698396, 0.751979, -0.329185, -0.268904
0.698426, 0.191566, 0.719127, 0.171363
0.698617, 0.559781, -0.310623, -0.465185
0.698898, 0.238203, 0.709738, 0.209626
0.699143, 0.853530, -0.334330, -0.160244
0.699198, 0.144596, 0.726706, 0.130671
0.699222, 0.457110, -0.295102, -0.562841
0.699250, 0.422768, -0.288742, -0.593710
0.699463, 0.592838, -0.313696, -0.432670
0.699571, 0.085117, 0.732742, 0.077526
0.699587, 0.949592, -0.337077, -0.055438
0.699593, 0.808288, -0.331541, -0.209047
0.699709, 0.517528, -0.304064, -0.506404
0.700215, 0.048631, 0.735047, 0.044388
0.700278, 0.774691, -0.328676, -0.244906
0.700452, 0.010841, 0.736295, 0.009920
0.700509, 0.485727, -0.298532, -0.536464
0.700514, 0.224886, 0.714389, 0.198734
0.700520, 0.132742, 0.729125, 0.120050
0.700736, 0.098204, 0.732773, 0.089231
0.700871, 0.866448, -0.332975, -0.146271
0.701010, 0.662595, -0.319155, -0.362193
0.701015, 0.960967, -0.335623, -0.042947
0.701067, 0.110503, 0.731848, 0.100211
0.701396, 0.549965, -0.306742, -0.475296
0.701543, 0.702916, -0.322080, -0.320538
0.701972, 0.688104, -0.320515, -0.336076
0.702380, 0.879101, -0.332099, -0.132646
0.702492, 0.820447, -0.329198, -0.196169
0.702530, 0.399088, -0.281043, -0.615119
0.702576, 0.121636, 0.732093, 0.109989
0.702613, 0.716942, -0.322124, -0.306024
0.702757, 0.676576, -0.318549, -0.347901
0.702782, 0.971764, -0.333766, -0.031078
0.702906, 0.071768, 0.736401, 0.065256
0.702976, 0.570332, -0.307593, -0.455376
0.703254, 0.628135, -0.313692, -0.397719
0.703297, 0.435191, -0.287499, -0.583478
0.703624, 0.891282, -0.331266, -0.119433
0.703818, 0.312719, -0.337814, -0.764848
0.703933, 0.990193, -0.332757, -0.010803
0.704021, 0.282807, 0.694839, 0.235217
0.704082, 0.504918, -0.298033, -0.519000
0.704096, 0.468468, -0.292481, -0.553210
0.704107, 0.605160, -0.310328, -0.420807
0.704192, 0.903347, -0.330926, -0.106223
0.704260, 0.915486, -0.331159, -0.092923
0.704380, 0.538665, -0.302389, -0.486709
0.704417, 0.178572, 0.726332, 0.159350
0.704521, 0.740171, -0.321958, -0.281857
0.704609, 0.300871, -0.522106, -0.960317
0.704662, 0.927592, -0.331042, -0.079657
0.704683, 0.212972, 0.720222, 0.188066
0.704936, 0.762323, -0.323045, -0.258423
0.705108, 0.641789, -0.313042, -0.383910
0.705166, 0.036508, 0.739979, 0.033212
0.705260, 0.337223, -0.266239, -0.669039
0.705425, 0.324453, -0.274226, -0.690675
0.705488, 0.939518, -0.330408, -0.066575
0.705772, 0.832616, -0.326332, -0.183200
0.705975, 0.786534, -0.323562, -0.232748
0.706164, 0.364586, -0.270154, -0.645014
0.706214, 0.350882, -0.266992, -0.656413
0.706838, 0.000000, 0.742233, 0.000000
0.706952, 0.165928, 0.730441, 0.148177
0.706996, 0.582512, -0.304986, -0.443785
0.707044, 0.270357, 0.705016, 0.230805
0.707102, 0.377919, -0.272482, -0.634162
0.707240, 0.412183, -0.279581, -0.604629
0.707382, 0.447348, -0.285948, -0.573252
0.707423, 0.022261, 0.742650, 0.020220
0.707552, 0.526755, -0.297708, -0.498601
0.707669, 0.058493, 0.741463, 0.053016
0.708576, 0.617008, -0.307028, -0.409355
0.708616, 0.199481, 0.726065, 0.176183
0.708719, 0.845178, -0.323825, -0.169758
0.708741, 0.258526, 0.719854, 0.230450
0.708897, 0.799280, -0.321272, -0.219306
0.709248, 0.246665, 0.713674, 0.211785
0.709315, 0.653934, -0.309883, -0.371929
0.709520, 0.479006, -0.289024, -0.544212
0.709813, 0.389943, -0.272826, -0.624594
0.709974, 0.153316, 0.735036, 0.136914
0.710047, 0.234020, 0.720256, 0.204384
0.710281, 0.492191, -0.290256, -0.531930
0.710502, 0.729012, -0.314861, -0.294033
0.710779, 0.857897, -0.322227, -0.156052
0.710815, 0.424938, -0.278809, -0.593988
0.711049, 0.980615, -0.325095, -0.021392
0.711055, 0.750478, -0.315778, -0.271397
0.711067, 0.695162, -0.311649, -0.329512
0.711230, 0.141536, 0.737455, 0.126536
0.711243, 0.080650, 0.743203, 0.072737
0.711269, 1.000000, -0.325117, 0.000000
0.711352, 0.594676, -0.301959, -0.432173
0.711573, 0.092499, 0.742815, 0.083290
0.711721, 0.667826, -0.308597, -0.357810
0.711757, 0.187587, 0.730922, 0.165737
0.711823, 0.772927, -0.316447, -0.247579
0.711911, 0.559567, -0.297497, -0.467152
0.711914, 0.459223, -0.283739, -0.563132
0.711926, 0.514403, -0.291770, -0.510997
0.712008, 0.811825, -0.318649, -0.205983
0.712193, 0.870719, -0.321212, -0.142128
0.712394, 0.291678, 0.115325, -0.337165
0.712442, 0.957173, -0.323486, -0.047292
0.712574, 0.046157, 0.746256, 0.041690
0.712583, 0.104778, 0.742572, 0.094113
0.712584, 0.707935, -0.311035, -0.316258
0.712864, 0.129161, 0.740329, 0.115547
0.712962, 0.221443, 0.724965, 0.193070
0.713542, 0.116251, 0.742250, 0.104147
0.713684, 0.010984, 0.748172, 0.009935
0.714076, 0.635524, -0.303164, -0.391023
0.714154, 0.547524, -0.293845, -0.479246
0.714193, 0.681140, -0.307204, -0.344303
0.714312, 0.968748, -0.321421, -0.034514
0.714348, 0.572226, -0.296478, -0.454856
0.714394, 0.946326, -0.321074, -0.059250
0.714686, 0.402479, -0.271135, -0.614692
0.714706, 0.883748, -0.319250, -0.128073
0.714806, 0.067765, 0.747215, 0.060990
0.714943, 0.305990, -0.196381, -0.642464
0.715085, 0.824197, -0.316059, -0.192811
0.715148, 0.719433, -0.309123, -0.304303
0.715369, 0.437559, -0.276909, -0.583419
0.715728, 0.908189, -0.318848, -0.101286
0.715742, 0.502632, -0.286482, -0.522771
0.715791, 0.342799, -0.256389, -0.664549
0.715811, 0.895822, -0.318485, -0.114897
0.715818, 0.920655, -0.319039, -0.087571
0.715878, 0.329979, -0.250646, -0.672509
0.716075, 0.279162, 0.703952, 0.234403
0.716091, 0.356753, -0.260035, -0.653781
0.716282, 0.032865, 0.750097, 0.029614
0.716307, 0.933217, -0.318832, -0.073755
0.716397, 0.174987, 0.737052, 0.154408
0.716464, 0.605343, -0.297858, -0.421949
0.716484, 0.317378, -0.229748, -0.665594
0.716507, 0.208546, 0.730675, 0.182076
0.716777, 0.535418, -0.289760, -0.491348
0.717202, 0.369646, -0.262119, -0.643434
0.717269, 0.761748, -0.309934, -0.259818
0.717375, 0.782275, -0.311092, -0.237904
0.717720, 0.626307, -0.298611, -0.400828
0.717731, 0.738728, -0.308025, -0.284382
0.717769, 0.470320, -0.279976, -0.553730
0.718054, 0.836770, -0.313530, -0.179341
0.718455, 0.989519, -0.317432, -0.011600
0.718611, 0.162509, 0.740835, 0.143555
0.718644, 0.645736, -0.299415, -0.381023
0.718782, 0.585564, -0.293394, -0.441928
0.718906, 0.415092, -0.269770, -0.604356
0.719076, 0.266772, 0.792970, 0.301071
0.719165, 0.792946, -0.309866, -0.226595
0.719429, 0.522800, -0.285571, -0.503925
0.719516, 0.381798, -0.262787, -0.633701
0.719760, 0.449701, -0.274873, -0.573070
0.720184, 0.056072, 0.752726, 0.050262
0.720326, 0.658543, -0.298889, -0.368131
0.720331, 0.000000, 0.754206, 0.000000
0.720337, 0.243135, 0.733054, 0.216133
0.720417, 0.615625, -0.294748, -0.411805
0.720777, 0.849506, -0.311270, -0.165659
0.720928, 0.482892, -0.278820, -0.542401
0.720934, 0.021486, 0.754625, 0.019282
0.721150, 0.254614, 0.696930, 0.191433
0.721164, 0.196056, 0.737046, 0.170987
0.721273, 0.690930, -0.300491, -0.334557
0.721440, 0.230203, 0.728345, 0.196916
0.721861, 0.804427, -0.307732, -0.214466
0.722417, 0.862097, -0.310061, -0.152004
0.722451, 0.427632, -0.268771, -0.593706
0.722588, 0.137036, 0.747747, 0.121245
0.722698, 0.149659, 0.746131, 0.132054
0.722709, 0.298241, -0.264288, -0.726069
0.722777, 0.393763, -0.262376, -0.624065
0.722835, 0.076463, 0.753651, 0.068252
0.723214, 0.493982, -0.278142, -0.532127
0.723252, 0.087523, 0.753442, 0.077989
0.723256, 0.671343, -0.296947, -0.355183
0.723316, 0.750289, -0.302883, -0.272485
0.723326, 0.874883, -0.309522, -0.138030
0.723377, 0.702473, -0.299205, -0.322691
0.723489, 0.099731, 0.752599, 0.088713
0.723860, 0.123283, 0.750328, 0.109217
0.724337, 0.043615, 0.756743, 0.038984
0.724383, 0.564666, -0.285647, -0.463551
0.724502, 0.509394, -0.278886, -0.517435
0.724559, 0.977787, -0.311009, -0.024642
0.724764, 0.816326, -0.305326, -0.201818
0.724784, 0.596561, -0.288470, -0.431559
0.724802, 0.184248, 0.742264, 0.160665
0.724908, 0.460956, -0.271810, -0.563465
0.724926, 0.217484, 0.735483, 0.187445
0.725005, 0.553854, -0.283822, -0.474317
0.725155, 0.964424, -0.310081, -0.039450
0.725161, 1.000000, -0.310546, 0.000000
0.725199, 0.727652, -0.299127, -0.296365
0.725271, 0.286946, -0.467650, -0.944028
0.725367, 0.714327, -0.298038, -0.310456
0.725422, 0.772610, -0.301930, -0.248706
0.725453, 0.348549, -0.250420, -0.662754
0.725470, 0.111567, 0.753260, 0.098873
0.725471, 0.576644, -0.285748, -0.451590
0.725520, 0.952885, -0.309534, -0.052234
0.726280, 0.940358, -0.308533, -0.066117
0.726538, 0.334860, -0.246609, -0.674652
0.726984, 0.914069, -0.307059, -0.095159
0.727012, 0.926946, -0.307312, -0.080936
0.727085, 0.542645, -0.280449, -0.485544
0.727221, 0.323041, -0.244227, -0.685314
0.727236, 0.010569, 0.760187, 0.009442
0.727239, 0.406060, -0.260730, -0.614085
0.727283, 0.901454, -0.306485, -0.109109
0.727287, 0.361207, -0.251726, -0.652682
0.727355, 0.888611, -0.306111, -0.123274
0.727564, 0.828557, -0.303008, -0.188746
0.727670, 0.440295, -0.266056, -0.583003
0.727672, 0.635415, -0.289283, -0.392552
0.727722, 0.309696, -0.249452, -0.704785
0.728084, 0.066095, 0.759073, 0.058765
0.728302, 0.682232, -0.292596, -0.344326
0.728574, 0.275174, -0.000629, -0.487172
0.728789, 0.172485, 0.747777, 0.150272
0.728835, 0.530762, -0.277301, -0.497330
0.728850, 0.205058, 0.741224, 0.176674
0.729052, 0.031975, 0.761461, 0.028472
0.729274, 0.373248, -0.252567, -0.642897
0.729332, 0.762100, -0.297268, -0.260303
0.729707, 0.609442, -0.284686, -0.418993
0.729722, 0.648772, -0.288313, -0.378996
0.729791, 0.160998, 0.750387, 0.140585
0.729859, 0.784102, -0.297990, -0.236744
0.729987, 0.474076, -0.268903, -0.551894
0.730272, 0.841032, -0.300741, -0.175323
0.730376, 0.739355, -0.294617, -0.284500
0.730501, 0.518453, -0.274134, -0.509395
0.730521, 0.622616, -0.285041, -0.405640
0.730565, 0.239147, 0.729350, 0.197838
0.730901, 0.418348, -0.259566, -0.603703
0.731253, 0.262906, 0.649044, 0.146890
0.731619, 0.990206, -0.303597, -0.010904
0.731684, 0.661371, -0.287344, -0.366182
0.731877, 0.500399, -0.270527, -0.526937
0.731899, 0.795993, -0.296602, -0.224145
0.732019, 0.385302, -0.252565, -0.633039
0.732236, 0.586517, -0.279911, -0.442387
0.732380, 0.054429, 0.763495, 0.048237
0.732754, 0.129677, 0.757185, 0.113692
0.732874, 0.450616, -0.262832, -0.574422
0.733044, 0.853518, -0.298450, -0.161892
0.733121, 0.226984, 0.739720, 0.193146
0.733544, 0.694078, -0.287979, -0.332330
0.733605, 0.250487, 0.842423, 0.319364
0.733665, 0.877928, -0.298428, -0.135028
0.733799, 0.486536, -0.267002, -0.540765
0.733902, 0.431096, -0.258879, -0.592521
0.734019, 0.092618, 0.762227, 0.081605
0.734030, 0.000000, 0.766251, 0.000000
0.734035, 0.865417, -0.297830, -0.148883
0.734081, 0.141870, 0.756862, 0.123879
0.734112, 0.192350, 0.748243, 0.165467
0.734218, 0.297220, -0.243031, -0.718625
0.734503, 0.020904, 0.766541, 0.018520
0.734554, 0.078602, 0.763883, 0.069352
0.734567, 0.808002, -0.294449, -0.211358
0.735411, 0.340727, -0.240420, -0.671633
0.735447, 0.397605, -0.251812, -0.622895
0.735578, 0.750956, -0.289860, -0.272520
0.735701, 0.572609, -0.275063, -0.456789
0.735758, 0.706501, -0.286649, -0.319563
0.736002, 0.105256, 0.762967, 0.092372
0.736048, 0.600772, -0.277443, -0.428452
0.736166, 0.969532, -0.298523, -0.033915
0.736193, 0.463261, -0.261502, -0.563004
0.736262, 0.719074, -0.287034, -0.306386
0.736285, 0.673607, -0.283537, -0.353877
0.736326, 0.152902, 0.756974, 0.132847
0.736747, 0.042788, 0.767652, 0.037792
0.736865, 0.560647, -0.272646, -0.468816
0.737052, 0.352144, -0.241543, -0.662444
0.737137, 0.981253, -0.297490, -0.020873
0.737157, 0.214696, 0.745058, 0.181857
0.737266, 0.820254, -0.292239, -0.198258
0.737302, 0.118385, 0.762497, 0.103536
0.737302, 0.946888, -0.297002, -0.059116
0.737315, 0.933888, -0.296570, -0.073519
0.737473, 0.317560, -0.233228, -0.690844
0.737543, 0.285215, -0.175065, -0.666305
0.737937, 0.958329, -0.296441, -0.046396
0.737982, 0.920778, -0.295516, -0.088060
0.738060, 0.549299, -0.270241, -0.480202
0.738128, 0.180310, 0.753891, 0.155007
0.738569, 0.774299, -0.288097, -0.247739
0.738665, 0.908610, -0.294482, -0.101554
0.738780, 0.896184, -0.294278, -0.115387
0.738786, 0.730600, -0.285142, -0.294365
0.739176, 0.536879, -0.267762, -0.492547
0.739211, 0.363663, -0.242096, -0.653222
0.739225, 0.510614, -0.264661, -0.518080
0.739320, 0.640964, -0.277765, -0.387935
0.739497, 1.000000, -0.295141, 0.000000
0.739660, 0.328959, -0.234002, -0.682011
0.739778, 0.066308, 0.769250, 0.058263
0.739826, 0.628604, -0.276057, -0.400459
0.739848, 0.410564, -0.250099, -0.612148
0.739883, 0.832737, -0.290091, -0.184851
0.740294, 0.762798, -0.285560, -0.260166
0.740408, 0.524196, -0.265088, -0.505042
0.740523, 0.272877, -0.379026, -0.885857
0.740716, 0.202209, 0.751176, 0.171929
0.740870, 0.306725, -0.227772, -0.700394
0.741017, 0.010314, 0.772260, 0.009091
0.741131, 0.166871, 0.758935, 0.143591
0.741157, 0.614385, -0.273491, -0.415171
0.741278, 0.375181, -0.242554, -0.643766
0.741487, 0.238205, 0.747686, 0.204365
0.741625, 0.684539, -0.278828, -0.342972
0.741714, 0.885205, -0.290093, -0.127334
0.741785, 0.652723, -0.276099, -0.375910
0.741837, 0.439687, -0.252809, -0.585759
0.741879, 0.787017, -0.285435, -0.234391
0.742069, 0.031365, 0.772890, 0.027571
0.742158, 0.424390, -0.250207, -0.599946
0.742372, 0.591555, -0.270077, -0.438287
0.742444, 0.475659, -0.257244, -0.552208
0.742519, 0.845437, -0.287848, -0.171109
0.742558, 0.497718, -0.259924, -0.531110
0.743130, 0.260329, -0.026728, -0.543065
0.743402, 0.664757, -0.275322, -0.363513
0.743532, 0.131676, 0.766149, 0.114051
0.743676, 0.742376, -0.280635, -0.282100
0.743949, 0.086486, 0.771263, 0.075486
0.744036, 0.386785, -0.242257, -0.634158
0.744170, 0.451879, -0.252403, -0.574894
0.744335, 0.054198, 0.773876, 0.047451
0.744388, 0.799293, -0.283506, -0.221336
0.744412, 0.580171, -0.267017, -0.450135
0.744436, 0.225861, 0.755509, 0.196252
0.744474, 0.871595, -0.286948, -0.142561
0.745219, 0.697838, -0.276007, -0.329299
0.745657, 0.858404, -0.285250, -0.157161
0.745984, 0.487457, -0.255289, -0.541281
0.746216, 0.340339, -0.231246, -0.674263
0.746407, 0.098000, 0.772446, 0.085138
0.746574, 0.989545, -0.287651, -0.011684
0.746660, 0.248636, 0.591492, 0.059178
0.746726, 0.295107, -0.216137, -0.706694
0.746777, 0.143930, 0.767149, 0.123830
0.746983, 0.811544, -0.281401, -0.208226
0.747080, 0.398233, -0.241495, -0.624490
0.747225, 0.189640, 0.759245, 0.160809
0.747246, 0.464176, -0.251117, -0.563640
0.747405, 0.155692, 0.765622, 0.133421
0.747410, 0.975181, -0.286469, -0.027727
0.747621, 0.710709, -0.274446, -0.316016
0.747670, 0.567965, -0.262518, -0.462673
0.747737, 0.110769, 0.772288, 0.095895
0.747745, 0.603234, -0.265691, -0.427038
0.747788, 0.941014, -0.285597, -0.065849
0.747862, 0.000000, 0.778288, 0.000000
0.748003, 0.075966, 0.775661, 0.066121
0.748168, 0.020519, 0.778407, 0.017927
0.748230, 0.352514, -0.232067, -0.664406
0.748346, 0.927558, -0.284624, -0.080819
0.748559, 0.753910, -0.276168, -0.270129
0.748656, 0.721905, -0.274088, -0.304233
0.748988, 0.213491, 0.754104, 0.177852
0.749041, 0.042345, 0.778273, 0.036930
0.749217, 0.318127, -0.223876, -0.693189
0.749487, 0.543384, -0.258201, -0.487295
0.749552, 0.823858, -0.279313, -0.195008
0.749557, 0.283019, -0.227875, -0.733901
0.749781, 0.556157, -0.259254, -0.474759
0.749808, 0.175956, 0.763973, 0.149265
0.749991, 0.963873, -0.283648, -0.040389
0.750067, 0.903420, -0.282430, -0.107772
0.750167, 0.674586, -0.268943, -0.353755
0.750255, 0.636573, -0.265877, -0.393086
0.750256, 0.622986, -0.264857, -0.407192
0.750260, 0.915829, -0.282241, -0.093893
0.750325, 0.952857, -0.283212, -0.052707
0.750355, 0.122482, 0.772832, 0.105486
0.750575, 0.530422, -0.255720, -0.500113
0.750592, 0.517478, -0.254317, -0.512843
0.750882, 0.364808, -0.232166, -0.654459
0.750989, 0.766832, -0.274398, -0.256503
0.751049, 0.408686, -0.239543, -0.615573
0.751094, 0.506038, -0.252552, -0.524074
0.751264, 0.778877, -0.275009, -0.243759
0.751698, 0.419748, -0.240646, -0.605560
0.751797, 0.201797, 0.759771, 0.169116
0.751823, 0.734297, -0.271565, -0.291334
0.752053, 0.432660, -0.242264, -0.593924
0.752059, 0.836103, -0.277275, -0.181827
0.752238, 0.270176, -0.187914, -0.709876
0.752327, 0.892208, -0.279090, -0.120052
0.752425, 0.064529, 0.780237, 0.055958
0.752736, 0.647544, -0.264216, -0.382053
0.752740, 0.329263, -0.223510, -0.685013
0.752838, 0.306532, -0.217665, -0.702810
0.752895, 0.688573, -0.267241, -0.339544
0.753209, 0.376875, -0.232312, -0.644403
0.753219, 0.235940, 0.992845, 0.436979
0.753275, 0.660135, -0.264617, -0.369044
0.753463, 0.590982, -0.258704, -0.439924
0.753520, 0.880455, -0.277659, -0.133194
0.753625, 1.000000, -0.280287, 0.000000
0.754374, 0.791085, -0.272328, -0.230750
0.754515, 0.848219, -0.275112, -0.168630
0.754735, 0.444592, -0.241423, -0.583226
0.754742, 0.163504, 0.770389, 0.138516
0.754971, 0.010218, 0.784333, 0.008875
0.755001, 0.481473, -0.245854, -0.548227
0.755040, 0.611963, -0.258992, -0.418877
0.755203, 0.030957, 0.784237, 0.026834
0.755450, 0.135826, 0.775504, 0.115902
0.755745, 0.258376, -0.301158, -0.838502
0.755759, 0.868117, -0.274742, -0.146892
0.755890, 0.223561, 0.778968, 0.205446
0.755931, 0.087822, 0.781382, 0.075638
0.755982, 0.470886, -0.243574, -0.558336
0.756001, 0.456172, -0.241741, -0.572448
0.756218, 0.578961, -0.254804, -0.452308
0.756243, 0.495786, -0.246252, -0.534408
0.756299, 0.981479, -0.277049, -0.020758
0.756358, 0.388969, -0.231561, -0.634244
0.756772, 0.702499, -0.264118, -0.325202
0.756811, 0.052974, 0.784604, 0.045768
0.756924, 0.803242, -0.270288, -0.217764
0.757250, 0.341959, -0.222335, -0.675293
0.757338, 0.745743, -0.266356, -0.279446
0.757391, 0.102084, 0.781182, 0.087539
0.757641, 0.934558, -0.274709, -0.073222
0.758757, 0.293497, -0.211134, -0.715993
0.758976, 0.246370, -0.427006, -0.975471
0.758992, 0.184148, 0.768459, 0.153129
0.759036, 0.149757, 0.776175, 0.126718
0.759337, 0.858754, -0.270275, -0.157220
0.759392, 0.815490, -0.268291, -0.204606
0.759526, 0.567584, -0.250417, -0.464107
0.759568, 0.354699, -0.222775, -0.664865
0.759610, 0.631240, -0.255780, -0.399401
0.759921, 0.725464, -0.262264, -0.301111
0.760172, 0.400507, -0.229941, -0.624501
0.760262, 0.075488, 0.786061, 0.064807
0.760324, 0.195725, 0.771072, 0.165671
0.760536, 0.600606, -0.252324, -0.430857
0.760561, 0.547419, -0.247475, -0.484375
0.760606, 0.946403, -0.272025, -0.060106
0.760675, 0.535288, -0.246158, -0.496405
0.760692, 0.969882, -0.272233, -0.033792
0.760725, 0.757918, -0.263502, -0.266673
0.760812, 0.279959, -0.203468, -0.724260
0.760827, 0.113767, 0.782803, 0.096948
0.760856, 0.679724, -0.258134, -0.349259
0.761130, 0.714153, -0.260406, -0.313369
0.761208, 0.909785, -0.270652, -0.101059
0.761379, 0.522065, -0.244149, -0.509614
0.761425, 0.210305, 0.764194, 0.172736
0.761541, 0.991018, -0.271647, -0.010090
0.761556, 0.041508, 0.788939, 0.035713
0.761632, 0.923135, -0.270341, -0.086120
0.761678, 0.318357, -0.213775, -0.696008
0.761727, 0.000000, 0.790281, 0.000000
0.761926, 0.667405, -0.256152, -0.362231
0.761977, 0.020529, 0.790232, 0.017666
0.761997, 0.827766, -0.266126, -0.191375
0.762103, 0.771230, -0.262828, -0.252508
0.762313, 0.125580, 0.782183, 0.106547
0.762434, 0.509469, -0.241714, -0.521914
0.762574, 0.171927, 0.774995, 0.143805
0.762608, 0.413012, -0.229571, -0.613480
0.762670, 0.557670, -0.246282, -0.474271
0.762749, 0.367476, -0.222269, -0.654364
0.762762, 0.425488, -0.231204, -0.602034
0.763199, 0.898442, -0.267766, -0.113593
0.763432, 0.305364, -0.209664, -0.707130
0.763623, 0.619979, -0.250761, -0.411372
0.763926, 0.693576, -0.255832, -0.334926
0.763937, 0.958250, -0.268962, -0.046939
0.764155, 0.654192, -0.252878, -0.376186
0.764229, 0.783157, -0.261327, -0.239877
0.764397, 0.642081, -0.251569, -0.388493
0.764503, 0.840064, -0.264117, -0.178126
0.764564, 0.486689, -0.237154, -0.544326
0.764568, 0.437966, -0.231222, -0.590758
0.764638, 0.331457, -0.213991, -0.685871
0.764667, 0.463158, -0.234275, -0.566825
0.764847, 0.268421, -0.204879, -0.741565
0.764857, 0.063605, 0.790815, 0.054386
0.764970, 0.886501, -0.265604, -0.126963
0.765155, 0.379788, -0.222175, -0.643914
0.765199, 0.736989, -0.257436, -0.289281
0.765292, 0.588274, -0.246386, -0.443784
0.765364, 0.874899, -0.264633, -0.139785
0.765456, 0.233955, 0.298907, -0.266313
0.765947, 0.094763, 0.789101, 0.080551
0.766363, 0.221919, 0.846353, 0.262318
0.766519, 0.139279, 0.783934, 0.117087
0.767048, 0.795179, -0.258978, -0.227068
0.767213, 0.159884, 0.780786, 0.133377
0.767656, 0.450815, -0.229952, -0.579141
0.768115, 0.851762, -0.260681, -0.165401
0.768153, 0.256909, -0.181275, -0.733151
0.768289, 0.344679, -0.213380, -0.675269
0.768321, 0.475502, -0.232214, -0.555518
0.768438, 0.498316, -0.234656, -0.533563
0.768470, 1.000000, -0.264117, 0.000000
0.768824, 0.030605, 0.795814, 0.026118
0.768859, 0.609389, -0.244461, -0.422600
0.768875, 0.935309, -0.262685, -0.072658
0.768879, 0.576360, -0.241738, -0.456264
0.768943, 0.010859, 0.796269, 0.009285
0.769033, 0.392004, -0.220575, -0.633564
0.769039, 0.979966, -0.263510, -0.022567
0.769246, 0.083772, 0.792847, 0.071088
0.769336, 0.052113, 0.795193, 0.044384
0.769439, 0.807318, -0.257065, -0.214038
0.769695, 0.287268, -0.200116, -0.722487
0.770256, 0.704390, -0.249906, -0.324063
0.770483, 0.749060, -0.252637, -0.276866
0.770615, 0.202147, 0.794484, 0.185075
0.770676, 0.245852, -0.109544, -0.675420
0.770788, 0.357784, -0.213516, -0.664322
0.770853, 0.865176, -0.258073, -0.150613
0.770992, 0.105703, 0.792115, 0.089075
0.771162, 0.725631, -0.250306, -0.301673
0.771257, 0.914808, -0.259888, -0.095738
0.771261, 0.685162, -0.247437, -0.344174
0.771316, 0.630039, -0.243565, -0.401679
0.771329, 0.529842, -0.234920, -0.502767
0.771417, 0.542753, -0.236031, -0.489912
0.771477, 0.179614, 0.780235, 0.148138
0.771587, 0.763238, -0.252189, -0.261639
0.771633, 0.190073, 0.771697, 0.149656
0.771852, 0.819437, -0.255098, -0.200978
0.772106, 0.404493, -0.219575, -0.622661
0.772512, 0.297708, -0.200281, -0.714858
0.772638, 0.673301, -0.245256, -0.356803
0.772866, 0.947349, -0.259045, -0.059331
0.773036, 0.128853, 0.790431, 0.107729
0.773075, 0.597793, -0.239182, -0.434792
0.773123, 0.149378, 0.787345, 0.124068
0.773342, 0.565250, -0.236131, -0.467648
0.773395, 0.311266, -0.202558, -0.704209
0.773531, 0.072312, 0.797435, 0.061131
0.773571, 0.968515, -0.258651, -0.035513
0.773646, 0.518280, -0.231491, -0.514438
0.773682, 0.416668, -0.219786, -0.611686
0.773939, 0.116966, 0.792850, 0.097988
0.773959, 0.040636, 0.799432, 0.034460
0.773976, 0.323432, -0.204520, -0.694357
0.774114, 0.661470, -0.242927, -0.369323
0.774255, 0.428945, -0.220863, -0.600352
0.774283, 0.553808, -0.234115, -0.479080
0.774385, 0.276604, -0.194603, -0.732825
0.774397, 0.831910, -0.252962, -0.187468
0.774492, 0.775205, -0.249796, -0.248995
0.774535, 0.714793, -0.246092, -0.313450
0.774731, 0.371047, -0.212197, -0.653269
0.774778, 0.903417, -0.255499, -0.108469
0.774833, 0.214066, 0.879601, 0.281802
0.775180, 0.000000, 0.801667, 0.000000
0.775230, 0.507975, -0.228927, -0.524811
0.775230, 0.463961, -0.224195, -0.567416
0.775488, 0.925003, -0.255609, -0.084447
0.775554, 0.892133, -0.254571, -0.121195
0.775731, 0.989962, -0.256632, -0.011345
0.775994, 0.169133, 0.785980, 0.139102
0.776037, 0.487603, -0.226010, -0.544718
0.776280, 0.649686, -0.239749, -0.381610
0.776298, 0.022051, 0.802367, 0.018660
0.776453, 0.441420, -0.220351, -0.588965
0.776779, 0.619354, -0.237005, -0.412991
0.776841, 0.335685, -0.204363, -0.684525
0.776923, 0.878609, -0.252384, -0.136191
0.777158, 0.787241, -0.247618, -0.236177
0.777179, 0.383103, -0.211830, -0.642873
0.777319, 0.738317, -0.244576, -0.288652
0.777363, 0.639506, -0.237953, -0.392364
0.777483, 0.843871, -0.250328, -0.174600
0.777505, 0.585547, -0.233693, -0.447759
0.777628, 0.237521, -0.237486, -0.817709
0.777668, 0.225873, -0.092382, -0.679330
0.777761, 0.695023, -0.241181, -0.334227
0.777776, 0.264579, -0.187906, -0.741725
0.778097, 0.094261, 0.799292, 0.078916
0.778119, 0.060807, 0.802103, 0.051182
0.778321, 0.957958, -0.253700, -0.047547
0.779557, 0.348554, -0.204235, -0.673898
0.779658, 0.799395, -0.245636, -0.223213
0.779689, 0.856374, -0.248504, -0.160916
0.779996, 0.139059, 0.794605, 0.114783
0.780123, 0.756073, -0.242518, -0.269734
0.780158, 0.453351, -0.218217, -0.578115
0.780552, 0.476455, -0.220421, -0.556070
0.781134, 0.396162, -0.210074, -0.631537
0.781150, 0.936136, -0.249689, -0.072081
0.781220, 0.252233, -0.193228, -0.762483
0.781281, 0.158269, 0.791946, 0.129413
0.781403, 0.536453, -0.225436, -0.497230
0.781684, 0.607859, -0.231066, -0.425202
0.781730, 0.361820, -0.204461, -0.662602
0.781840, 0.082153, 0.803311, 0.068631
0.781961, 0.573442, -0.228045, -0.460195
0.782039, 0.498967, -0.221299, -0.534398
0.782100, 0.811239, -0.243619, -0.210461
0.782141, 0.011017, 0.807357, 0.009270
0.782183, 0.048477, 0.806067, 0.040665
0.782244, 0.979087, -0.249543, -0.023690
0.782287, 0.205682, 0.980297, 0.363917
0.782337, 0.287700, -0.190396, -0.725548
0.782390, 0.681871, -0.235540, -0.348538
0.782399, 0.193855, 0.769746, 0.140421
0.782609, 1.000000, -0.249217, 0.000000
0.782697, 0.727431, -0.238058, -0.300430
0.782871, 0.302176, -0.192936, -0.713907
0.783283, 0.912709, -0.246827, -0.098461
0.783545, 0.033940, 0.808121, 0.028442
0.783670, 0.181170, 0.788182, 0.145566
0.783764, 0.868437, -0.244637, -0.147780
0.783773, 0.105245, 0.802396, 0.087220
0.783938, 0.823821, -0.242284, -0.196835
0.784008, 0.524974, -0.221861, -0.509118
0.784341, 0.668778, -0.232663, -0.362460
0.784484, 0.629961, -0.229752, -0.402655
0.784540, 0.407470, -0.208444, -0.621718
0.784564, 0.547999, -0.223247, -0.485973
0.784604, 0.315801, -0.194115, -0.702892
0.784605, 0.419602, -0.209903, -0.610332
0.784667, 0.127416, 0.799922, 0.104872
0.784753, 0.704898, -0.234480, -0.324430
0.784919, 0.767480, -0.238039, -0.257797
0.785050, 0.596155, -0.226737, -0.437544
0.785735, 0.431967, -0.210357, -0.598959
0.785746, 0.887989, -0.243279, -0.126154
0.785862, 0.746866, -0.235920, -0.280041
0.785902, 0.116453, 0.802507, 0.096008
0.785972, 0.946951, -0.244901, -0.060053
0.786067, 0.716548, -0.233721, -0.312083
0.786205, 0.560686, -0.222667, -0.473433
0.786331, 0.274558, -0.184225, -0.736616
0.786461, 0.655759, -0.229545, -0.376175
0.786552, 0.070625, 0.808349, 0.058726
0.786726, 0.327576, -0.194428, -0.693330
0.786808, 0.465765, -0.213138, -0.566928
0.786900, 0.512125, -0.217721, -0.521936
0.786970, 0.778906, -0.236548, -0.245701
0.787171, 0.836433, -0.239325, -0.183116
0.787173, 0.968443, -0.244088, -0.035776
0.787261, 0.375206, -0.201506, -0.651532
0.787574, 0.147601, 0.798918, 0.120088
0.787709, 0.241943, -0.172359, -0.758733
0.787862, 0.923918, -0.242382, -0.086079
0.787991, 0.900402, -0.241418, -0.112426
0.788113, 0.488401, -0.214201, -0.545194
0.788267, 0.217013, -0.126144, -0.730770
0.788326, 0.387634, -0.202269, -0.640375
0.788403, 0.168942, 0.795600, 0.136699
0.788485, 0.000000, 0.812734, 0.000000
0.788837, 0.229672, -0.168330, -0.767679
0.788899, 0.339706, -0.194594, -0.683229
0.788920, 0.443467, -0.208666, -0.588561
0.789085, 0.022360, 0.812965, 0.018613
0.789182, 0.618344, -0.224064, -0.415055
0.789437, 0.642636, -0.225466, -0.389942
0.789481, 0.583973, -0.221127, -0.450064
0.789482, 0.691973, -0.228661, -0.338397
0.789543, 0.989479, -0.241915, -0.011960
0.789771, 0.791774, -0.234232, -0.231957
0.789939, 0.261892, -0.179134, -0.747894
0.790010, 0.848403, -0.237014, -0.170242
0.790116, 0.092065, 0.809219, 0.075872
0.790443, 0.058074, 0.812436, 0.048124
0.790652, 0.352465, -0.195068, -0.672289
0.791220, 0.736598, -0.229568, -0.291321
0.791342, 0.877791, -0.236846, -0.137748
0.791789, 0.957606, -0.239127, -0.048177
0.792167, 0.859251, -0.235015, -0.158250
0.792248, 0.294837, -0.183723, -0.721575
0.792479, 0.455102, -0.206514, -0.577892
0.792514, 0.364821, -0.195231, -0.661513
0.792668, 0.536859, -0.214132, -0.497946
0.792784, 0.803153, -0.231651, -0.219852
0.792811, 0.203617, 0.642360, 0.019475
0.792873, 0.758027, -0.229049, -0.268552
0.792920, 0.044666, 0.815071, 0.036960
0.792964, 0.477852, -0.208364, -0.555914
0.793193, 0.678399, -0.223855, -0.352889
0.793392, 0.934888, -0.236606, -0.073848
0.793507, 0.136326, 0.805494, 0.110423
0.793620, 0.308573, -0.185150, -0.710388
0.793758, 0.190769, 0.887741, 0.244574
0.793865, 0.500927, -0.209684, -0.533466
0.793873, 0.571568, -0.215730, -0.463180
0.793923, 0.815921, -0.231064, -0.205987
0.794342, 0.606494, -0.217865, -0.427668
0.794639, 0.156924, 0.802266, 0.125712
0.794803, 0.081088, 0.813913, 0.066572
0.794875, 0.522565, -0.210658, -0.512315
0.794883, 0.398253, -0.197602, -0.631556
0.795020, 0.250563, -0.169927, -0.755156
0.795022, 0.282668, -0.179036, -0.732069
0.795167, 0.010971, 0.818100, 0.009073
0.795176, 0.911992, -0.234111, -0.099730
0.795621, 0.422864, -0.199871, -0.608612
0.795653, 0.665124, -0.220401, -0.366940
0.795753, 0.725375, -0.223885, -0.303323
0.795758, 0.101362, 0.812540, 0.082671
0.795790, 0.828951, -0.229695, -0.191828
0.795803, 0.550132, -0.212112, -0.485107
0.795926, 0.411088, -0.198237, -0.619919
0.795946, 0.629998, -0.217784, -0.403481
0.796086, 0.978835, -0.234823, -0.024119
0.796439, 0.178901, 0.790643, 0.133482
0.796467, 1.000000, -0.234524, 0.000000
0.796610, 0.033085, 0.818849, 0.027248
0.796631, 0.594783, -0.214528, -0.439561
0.796784, 0.112818, 0.811748, 0.091581
0.797116, 0.712893, -0.221802, -0.316813
0.797288, 0.125046, 0.810248, 0.101089
0.797369, 0.890294, -0.230836, -0.124075
0.797465, 0.701246, -0.220769, -0.329203
0.797499, 0.320592, -0.183935, -0.700956
0.797910, 0.783081, -0.224937, -0.241795
0.798183, 0.770183, -0.224028, -0.255821
0.798217, 0.433407, -0.198551, -0.598821
0.798245, 0.652310, -0.216920, -0.380651
0.798352, 0.384237, -0.192589, -0.644914
0.798635, 0.068141, 0.818356, 0.055740
0.798663, 0.867927, -0.228310, -0.148907
0.798664, 0.945691, -0.231231, -0.061778
0.798706, 0.467244, -0.201689, -0.566825
0.798926, 0.270323, -0.173387, -0.742838
0.799268, 0.332420, -0.184318, -0.691094
0.799381, 0.237699, -0.168555, -0.771026
0.799507, 0.746664, -0.221234, -0.281071
0.799544, 0.225199, -0.184654, -0.800164
0.799574, 0.561266, -0.209114, -0.474128
0.799804, 0.842801, -0.225814, -0.176662
0.800056, 0.490098, -0.202526, -0.544659
0.800250, 0.345539, -0.185460, -0.679724
0.800297, 0.511257, -0.204197, -0.523921
0.800564, 0.923385, -0.228799, -0.087134
0.800593, 0.212972, -0.304384, -0.933003
0.800689, 0.968250, -0.229582, -0.036197
0.800737, 0.372677, -0.188830, -0.655476
0.800911, 0.167101, 0.805432, 0.132940
0.801012, 0.617424, -0.211689, -0.416966
0.801057, 0.688216, -0.216098, -0.343081
0.801152, 0.581770, -0.208999, -0.453389
0.801152, 0.144866, 0.809517, 0.115223
0.801237, 0.444653, -0.196865, -0.588520
0.801796, 0.000000, 0.823575, 0.000000
0.801860, 0.901808, -0.226670, -0.111484
0.802088, 0.055189, 0.821969, 0.045020
0.802138, 0.358512, -0.185631, -0.668438
0.802159, 0.021567, 0.823633, 0.017635
0.802370, 0.640334, -0.211752, -0.393278
0.802488, 0.531447, -0.203630, -0.503871
0.802589, 0.301563, -0.176361, -0.717897
0.803313, 0.258728, -0.167234, -0.752730
0.803330, 0.989019, -0.227172, -0.012555
0.803659, 0.794572, -0.219314, -0.229663
0.803754, 0.199693, 0.095254, -0.542481
0.803925, 0.854738, -0.222214, -0.163935
0.804043, 0.956514, -0.225826, -0.049644
0.804170, 0.091675, 0.820447, 0.074026
0.804191, 0.735358, -0.215435, -0.293264
0.804206, 0.674898, -0.211909, -0.357219
0.804223, 0.879626, -0.223016, -0.136304
0.804236, 0.807958, -0.219508, -0.215272
0.804318, 0.456328, -0.195078, -0.577736
0.804648, 0.757690, -0.216347, -0.269627
0.804788, 0.290315, -0.172503, -0.727850
0.805169, 0.479339, -0.196494, -0.555734
0.805203, 0.543062, -0.201788, -0.492437
0.805380, 0.043786, 0.825187, 0.035607
0.805459, 0.820899, -0.218784, -0.201148
0.806111, 0.405610, -0.187978, -0.626245
0.806143, 0.078387, 0.823152, 0.063323
0.806181, 0.934369, -0.222944, -0.074845
0.806196, 0.187764, 0.843913, 0.191751
0.806545, 0.419977, -0.189208, -0.612935
0.806656, 0.833896, -0.218086, -0.186915
0.806685, 0.312720, -0.174758, -0.709172
0.806717, 0.392610, -0.185859, -0.638284
0.807028, 0.605170, -0.204403, -0.429571
0.807127, 0.593005, -0.203535, -0.442189
0.807225, 0.500629, -0.196357, -0.535079
0.807277, 0.105535, 0.821053, 0.084505
0.807286, 0.661948, -0.207945, -0.371162
0.807427, 0.133074, 0.816732, 0.105780
0.807431, 0.722462, -0.211291, -0.307285
0.807434, 0.570867, -0.201718, -0.464921
0.807473, 0.155196, 0.812217, 0.121825
0.807569, 0.246464, -0.161718, -0.763660
0.807848, 0.278269, -0.167743, -0.738315
0.808106, 0.520741, -0.197121, -0.515148
0.808126, 0.119216, 0.819476, 0.094806
0.808150, 0.628298, -0.204902, -0.406168
0.808315, 0.780766, -0.213526, -0.244856
0.808331, 0.913247, -0.219968, -0.098813
0.808528, 0.010517, 0.828924, 0.008534
0.808727, 0.710045, -0.209174, -0.320500
0.809391, 0.697789, -0.207760, -0.333505
0.809432, 0.554725, -0.198408, -0.481189
0.809434, 0.176240, 0.866303, 0.194016
0.809485, 0.432854, -0.187783, -0.601167
0.809495, 0.031975, 0.829259, 0.025852
0.809952, 0.338919, -0.175890, -0.687148
0.810013, 0.891688, -0.217265, -0.123098
0.810087, 1.000000, -0.220052, 0.000000
0.810396, 0.325436, -0.173537, -0.699022
0.810472, 0.867940, -0.215719, -0.149610
0.810497, 0.468369, -0.190193, -0.566772
0.810503, 0.978237, -0.219508, -0.024973
0.810555, 0.064908, 0.828026, 0.052193
0.810591, 0.380196, -0.180736, -0.649999
0.810778, 0.650024, -0.203444, -0.383674
0.810785, 0.221532, -0.142989, -0.772582
0.810963, 0.768786, -0.210158, -0.258109
0.811082, 0.233345, -0.151445, -0.769754
0.811091, 0.366344, -0.178544, -0.662657
0.811611, 0.351967, -0.176205, -0.675758
0.811622, 0.944864, -0.217252, -0.063049
0.812340, 0.208416, -0.136784, -0.780304
0.812378, 0.266422, -0.161807, -0.748809
0.812579, 0.684535, -0.203549, -0.347603
0.812907, 0.616671, -0.199083, -0.418308
0.812939, 0.445148, -0.185662, -0.589695
0.813056, 0.745446, -0.206489, -0.283086
0.813081, 0.489922, -0.189614, -0.546208
0.813288, 0.164318, 0.822714, 0.136419
0.813425, 0.966572, -0.215808, -0.038315
0.813522, 0.582498, -0.196239, -0.453526
0.813634, 0.844061, -0.210965, -0.176065
0.814077, 0.532576, -0.192002, -0.503824
0.814101, 0.924739, -0.214219, -0.086069
0.814201, 0.300857, -0.166382, -0.720750
0.814230, 0.510389, -0.190145, -0.526048
0.814265, 0.145643, 0.817824, 0.112136
0.814808, 0.802446, -0.207699, -0.221820
0.815328, 0.054207, 0.832607, 0.043356
0.815342, 0.638281, -0.197934, -0.396256
0.815362, 0.000000, 0.834479, 0.000000
0.815486, 0.020759, 0.834312, 0.016644
0.815494, 0.903136, -0.211903, -0.110530
0.815572, 0.671587, -0.199691, -0.361550
0.815610, 0.456729, -0.184099, -0.578546
0.815762, 0.815452, -0.207227, -0.207591
0.815878, 0.732403, -0.202761, -0.297225
0.815895, 0.857189, -0.209382, -0.161871
0.815905, 0.955276, -0.212828, -0.051274
0.816000, 0.412258, -0.179295, -0.620852
0.816003, 0.196228, -0.334997, -0.992624
0.816064, 0.757091, -0.203671, -0.270518
0.816105, 0.086007, 0.830208, 0.068285
0.816262, 0.255103, -0.156524, -0.758637
0.816282, 0.829096, -0.207296, -0.192643
0.816308, 0.789824, -0.205395, -0.235573
0.816332, 0.287717, -0.162400, -0.732052
0.816386, 0.564139, -0.191863, -0.471991
0.816494, 0.098121, 0.829071, 0.077482
0.816547, 0.880871, -0.209753, -0.135533
0.816786, 0.989946, -0.212723, -0.011574
0.816985, 0.398442, -0.176877, -0.633879
0.817465, 0.042400, 0.834809, 0.033858
0.817483, 0.073607, 0.832539, 0.058458
0.817643, 0.544436, -0.189259, -0.492227
0.817814, 0.595358, -0.192615, -0.440630
0.817814, 0.314824, -0.165443, -0.709355
0.817898, 0.478628, -0.183819, -0.557561
0.818440, 0.111374, 0.828794, 0.087466
0.818596, 0.424944, -0.178130, -0.609221
0.819014, 0.184204, 0.116223, -0.550493
0.819142, 0.124193, 0.826726, 0.096701
0.819289, 0.718958, -0.198304, -0.311642
0.819510, 0.242042, -0.151177, -0.769331
0.819782, 0.659423, -0.194421, -0.374361
0.819813, 0.135179, 0.825070, 0.104656
0.820058, 0.935972, -0.208060, -0.073476
0.820187, 0.333955, -0.166088, -0.692911
0.820221, 0.606487, -0.190838, -0.429420
0.820222, 0.387323, -0.172624, -0.644650
0.820332, 0.706510, -0.196483, -0.324876
0.820387, 0.274689, -0.156792, -0.743537
0.820600, 0.777265, -0.200112, -0.249469
0.820624, 0.521559, -0.184562, -0.515465
0.820738, 0.694032, -0.195344, -0.338062
0.820831, 0.373545, -0.170491, -0.657447
0.821094, 0.359627, -0.168582, -0.670123
0.821118, 0.500065, -0.182421, -0.536925
0.821145, 0.216993, -0.145905, -0.789914
0.821149, 0.627309, -0.191052, -0.407772
0.821584, 0.574741, -0.187202, -0.461541
0.821618, 0.914983, -0.205671, -0.097383
0.821722, 0.345832, -0.166280, -0.682578
0.821846, 0.437749, -0.176244, -0.597377
0.821882, 0.171223, 0.928735, 0.244564
0.822279, 0.010454, 0.839865, 0.008305
0.822412, 0.156499, 0.832323, 0.128578
0.822487, 0.465863, -0.178138, -0.570247
0.822557, 0.030803, 0.839592, 0.024403
0.822574, 0.870706, -0.202497, -0.147003
0.822941, 0.892455, -0.203316, -0.122858
0.823365, 0.228510, -0.147395, -0.782332
0.823379, 0.647351, -0.189971, -0.387329
0.823481, 0.555001, -0.184023, -0.482017
0.824080, 0.981202, -0.204692, -0.021688
0.824182, 0.971171, -0.204352, -0.033226
0.824243, 1.000000, -0.204701, 0.000000
0.824398, 0.680948, -0.190770, -0.352185
0.824515, 0.765852, -0.194935, -0.261536
0.824918, 0.324678, -0.160618, -0.701926
0.824977, 0.305446, -0.157835, -0.718385
0.825143, 0.064017, 0.839602, 0.050294
0.825186, 0.205094, -0.148213, -0.807875
0.825386, 0.836574, -0.197869, -0.185021
0.825390, 0.451109, -0.174032, -0.584953
0.825484, 0.617253, -0.185899, -0.418471
0.825728, 0.848758, -0.198091, -0.171594
0.825740, 0.947095, -0.202067, -0.060893
0.825815, 0.533746, -0.180164, -0.503626
0.825818, 0.404428, -0.169153, -0.629185
0.825830, 0.740766, -0.192464, -0.288880
0.826007, 0.489214, -0.176612, -0.547852
0.826131, 0.586603, -0.183269, -0.449812
0.826319, 0.797622, -0.194821, -0.227589
0.826337, 0.294171, -0.154973, -0.728252
0.826377, 0.752204, -0.192398, -0.276560
0.826401, 0.264047, -0.149986, -0.753359
0.826485, 0.809888, -0.195284, -0.214271
0.826592, 0.822930, -0.195799, -0.199997
0.826595, 0.959095, -0.201336, -0.047127
0.827340, 0.728124, -0.190100, -0.302348
0.827428, 0.510721, -0.176886, -0.526867
0.827455, 0.144345, 0.828422, 0.109041
0.827509, 0.090991, 0.838354, 0.070805
0.827578, 0.860997, -0.196578, -0.158054
0.827713, 0.669634, -0.186519, -0.364082
0.827731, 0.078065, 0.840074, 0.060878
0.827735, 0.926814, -0.199534, -0.084213
0.827782, 0.251979, -0.146722, -0.763218
0.827817, 0.051689, 0.842456, 0.040513
0.828057, 0.282072, -0.151623, -0.738615
0.828072, 0.416370, -0.168195, -0.618203
0.828278, 0.104017, 0.836739, 0.079955
0.828459, 0.193330, -0.132895, -0.807222
0.828517, 0.904629, -0.197803, -0.109408
0.828968, 0.000000, 0.845212, 0.000000
0.828977, 0.635618, -0.183296, -0.399697
0.829377, 0.020827, 0.845247, 0.016332
0.829387, 0.785178, -0.190869, -0.241296
0.829428, 0.476396, -0.172159, -0.560635
0.829763, 0.040770, 0.844501, 0.031904
0.829902, 0.881615, -0.195160, -0.135293
0.829919, 0.117573, 0.837367, 0.091387
0.829929, 0.566213, -0.178117, -0.471080
0.830334, 0.598561, -0.179639, -0.437884
0.830509, 0.179862, -0.324024, -1.009984
0.830693, 0.380468, -0.162114, -0.652372
0.830711, 0.545087, -0.175950, -0.492605
0.830730, 0.428334, -0.166770, -0.607176
0.830827, 0.366524, -0.160456, -0.665145
0.830870, 0.238412, -0.141880, -0.774815
0.831154, 0.352302, -0.158521, -0.678131
0.831422, 0.393749, -0.162828, -0.640196
0.831469, 0.714099, -0.184913, -0.317502
0.831652, 0.314193, -0.153248, -0.711778
0.831734, 0.130700, 0.831170, 0.095875
0.831738, 0.989689, -0.196623, -0.011948
0.831771, 0.701723, -0.183881, -0.330522
0.831996, 0.689727, -0.183024, -0.343225
0.832104, 0.337807, -0.155905, -0.691203
0.832140, 0.216057, -0.136821, -0.792581
0.832203, 0.657252, -0.181125, -0.377453
0.832350, 0.166183, 0.462854, -0.233365
0.832726, 0.523038, -0.172381, -0.514899
0.832913, 0.463152, -0.167640, -0.573854
0.833550, 0.440299, -0.165097, -0.596002
0.833813, 0.939120, -0.193350, -0.070364
0.834019, 0.609993, -0.176465, -0.426386
0.834282, 0.774359, -0.184763, -0.252944
0.834621, 0.577863, -0.173989, -0.459552
0.834721, 0.916536, -0.191516, -0.096171
0.834820, 0.499898, -0.168589, -0.538028
0.835187, 0.272992, -0.144215, -0.747628
0.835455, 0.154248, 1.012295, 0.297634
0.835544, 0.894222, -0.189640, -0.121457
0.835635, 0.623658, -0.175535, -0.412364
0.835752, 0.965790, -0.191748, -0.039649
0.835769, 0.646487, -0.176661, -0.388691
0.835957, 0.761013, -0.182445, -0.267645
0.835994, 0.010544, 0.850543, 0.008186
0.836410, 0.870429, -0.187386, -0.148027
0.836484, 0.031390, 0.850413, 0.024275
0.836516, 0.556709, -0.170720, -0.481207
0.836599, 0.227207, -0.134892, -0.784340
0.836936, 0.830169, -0.184834, -0.192615
0.836954, 0.843070, -0.185457, -0.178426
0.837026, 0.301040, -0.146760, -0.724034
0.837027, 0.451943, -0.162659, -0.585015
0.837054, 0.325617, -0.149944, -0.702450
0.837058, 0.406264, -0.158687, -0.628961
0.837202, 0.069974, 0.848089, 0.053739
0.837437, 0.486640, -0.164970, -0.551257
0.837533, 0.817072, -0.183511, -0.206979
0.837571, 0.057608, 0.849415, 0.044343
0.837634, 0.856036, -0.185320, -0.164091
0.837647, 0.977594, -0.190045, -0.026032
0.837684, 0.287742, -0.144321, -0.735405
0.837741, 0.724879, -0.178552, -0.306155
0.837761, 0.203494, -0.128325, -0.801498
0.837985, 0.804410, -0.182312, -0.220723
0.838009, 0.792697, -0.181651, -0.233392
0.838035, 0.679156, -0.175944, -0.354582
0.838185, 0.737426, -0.178730, -0.292859
0.838218, 0.534750, -0.167564, -0.503524
0.838253, 1.000000, -0.189707, 0.000000
0.838260, 0.248270, -0.137671, -0.768207
0.838464, 0.748547, -0.179045, -0.281087
0.838537, 0.083486, 0.847579, 0.063765
0.838591, 0.952680, -0.188547, -0.054911
0.838807, 0.096134, 0.846044, 0.073168
0.838928, 0.667144, -0.174409, -0.367335
0.838989, 0.589606, -0.170137, -0.447815
0.839035, 0.188941, -0.129565, -0.817821
0.839365, 0.141982, 0.863971, 0.131309
0.839417, 0.260246, -0.138719, -0.758695
0.839589, 0.512769, -0.164675, -0.525571
0.839862, 0.108928, 0.843600, 0.080974
0.840068, 0.418770, -0.156935, -0.617359
0.840605, 0.929005, -0.185660, -0.082219
0.840845, 0.474366, -0.160637, -0.563481
0.840849, 0.359861, -0.150442, -0.672212
0.840976, 0.373386, -0.151732, -0.659772
0.841185, 0.044330, 0.853235, 0.033996
0.841275, 0.634503, -0.170194, -0.401519
0.841545, 0.346702, -0.148375, -0.684300
0.841607, 0.905956, -0.183554, -0.108488
0.841727, 0.386242, -0.152310, -0.647991
0.841800, 0.175752, -0.186415, -0.889877
0.842078, 0.121080, 0.847871, 0.094304
0.842276, 0.883990, -0.181691, -0.133221
0.842495, 0.000000, 0.855658, 0.000000
0.842800, 0.313041, -0.143270, -0.714288
0.842851, 0.692539, -0.171444, -0.340750
0.842889, 0.568862, -0.164849, -0.469212
0.843013, 0.021293, 0.855790, 0.016305
0.843019, 0.430315, -0.155060, -0.606550
0.843048, 0.704803, -0.171877, -0.327885
0.843147, 0.601407, -0.166448, -0.435931
0.843253, 0.546676, -0.163145, -0.491803
0.843731, 0.215732, -0.127088, -0.794502
0.843961, 0.237899, -0.131248, -0.777487
0.844388, 0.783061, -0.174194, -0.244145
0.844760, 0.716150, -0.170596, -0.315963
0.844813, 0.334476, -0.144029, -0.695648
0.844817, 0.163335, -0.241815, -0.954896
0.844855, 0.131315, 0.843618, 0.097166
0.844931, 0.463473, -0.155748, -0.574334
0.844990, 0.988584, -0.182581, -0.013355
0.845045, 0.397623, -0.150238, -0.637661
0.845377, 0.524456, -0.159551, -0.514258
0.845406, 0.769232, -0.172520, -0.259282
0.845421, 0.614109, -0.164735, -0.422933
0.845749, 0.441687, -0.153306, -0.595748
0.845889, 0.657294, -0.166376, -0.377795
0.846094, 0.941983, -0.180246, -0.067540
0.846458, 0.965355, -0.180197, -0.040399
0.846563, 0.279437, -0.135593, -0.743813
0.846602, 0.493448, -0.156253, -0.545205
0.846853, 0.645681, -0.164790, -0.390043
0.847375, 0.918587, -0.177792, -0.094384
0.847557, 0.268651, -0.133220, -0.752939
0.847594, 0.580591, -0.160630, -0.457543
0.847693, 0.862706, -0.174651, -0.157256
0.847843, 0.505086, -0.155791, -0.533762
0.847891, 0.196173, -0.119814, -0.809476
0.847965, 0.836418, -0.173021, -0.186334
0.848150, 0.874713, -0.174674, -0.143830
0.848240, 0.292467, -0.135907, -0.733000
0.848324, 0.849438, -0.173273, -0.171990
0.848330, 0.730492, -0.167288, -0.300654
0.848354, 0.151294, 0.418118, -0.306671
0.848372, 0.756396, -0.168651, -0.273246
0.848378, 0.823179, -0.171903, -0.200884
0.848567, 0.453271, -0.151406, -0.584630
0.848610, 0.810029, -0.170972, -0.215233
0.848751, 0.076501, 0.855810, 0.057315
0.848768, 0.559062, -0.158176, -0.479548
0.848773, 0.895117, -0.175187, -0.121095
0.848803, 0.410296, -0.147748, -0.625986
0.848901, 0.033335, 0.859687, 0.025157
0.849161, 0.302871, -0.136413, -0.724028
0.849237, 0.064167, 0.857629, 0.048268
0.849273, 0.625364, -0.161254, -0.411488
0.849341, 0.052947, 0.858547, 0.039837
0.849350, 0.796237, -0.169375, -0.230131
0.849471, 0.670674, -0.163262, -0.364118
0.849474, 0.010790, 0.860822, 0.008170
0.849486, 0.250641, -0.128902, -0.768141
0.849708, 0.322114, -0.138215, -0.707289
0.849739, 0.227523, -0.124901, -0.786789
0.850107, 0.089133, 0.855365, 0.066504
0.850114, 0.682898, -0.163218, -0.351416
0.850188, 0.101484, 0.853521, 0.075551
0.850325, 0.481736, -0.151706, -0.556982
0.850520, 0.536548, -0.155012, -0.502337
0.851289, 0.366776, -0.141457, -0.667010
0.851298, 0.743752, -0.164815, -0.286881
0.851303, 0.977242, -0.175777, -0.026736
0.851345, 0.184638, -0.112439, -0.816363
0.851605, 0.206386, -0.119651, -0.803180
0.851655, 1.000000, -0.175497, 0.000000
0.851854, 0.592330, -0.156810, -0.445739
0.851907, 0.954090, -0.174418, -0.053756
0.852216, 0.114332, 0.844896, 0.076186
0.852238, 0.354843, -0.139413, -0.678072
0.852362, 0.379437, -0.141631, -0.655284
0.852848, 0.139594, 0.906585, 0.164897
0.853041, 0.422181, -0.144634, -0.615034
0.853146, 0.931187, -0.172091, -0.080241
0.853482, 0.515519, -0.150711, -0.523659
0.853589, 0.343263, -0.136998, -0.688735
0.854014, 0.908037, -0.170041, -0.106716
0.854070, 0.172365, -0.106636, -0.824610
0.854196, 0.470342, -0.147040, -0.568355
0.854343, 0.696245, -0.159245, -0.337442
0.854460, 0.636859, -0.156276, -0.399688
0.854795, 0.777406, -0.162528, -0.250807
0.854868, 0.260789, -0.125954, -0.760772
0.855029, 0.389895, -0.140041, -0.645849
0.855082, 0.604789, -0.154060, -0.433072
0.855338, 0.548842, -0.150747, -0.490133
0.855532, 0.707884, -0.158539, -0.325289
0.855563, 0.720410, -0.159070, -0.311968
0.855698, 0.434064, -0.142964, -0.603838
0.855742, 0.043464, 0.864280, 0.032504
0.855841, 0.000000, 0.865756, 0.000000
0.855876, 0.022279, 0.865406, 0.016634
0.855959, 0.571583, -0.151394, -0.467167
0.856118, 0.239724, -0.121817, -0.778092
0.856418, 0.217692, -0.118047, -0.795546
0.856482, 0.310628, -0.130868, -0.718158
0.856492, 0.125987, 0.929820, 0.167423
0.856586, 0.884314, -0.165890, -0.133543
0.857196, 0.285181, -0.127223, -0.740298
0.857301, 0.331141, -0.132357, -0.700041
0.857621, 0.160648, -0.142840, -0.875014
0.857653, 0.402338, -0.138583, -0.634309
0.857704, 0.650067, -0.153425, -0.386020
0.857712, 0.765392, -0.158785, -0.263950
0.857954, 0.446530, -0.141654, -0.591889
0.858118, 0.498846, -0.144957, -0.540462
0.858274, 0.527072, -0.146525, -0.512435
0.858283, 0.988682, -0.168278, -0.013358
0.858326, 0.661895, -0.153348, -0.373769
0.858362, 0.616516, -0.151188, -0.421137
0.858620, 0.788311, -0.158796, -0.239157
0.858802, 0.830047, -0.160694, -0.193861
0.858805, 0.857094, -0.162041, -0.164037
0.858852, 0.459344, -0.141650, -0.579445
0.858952, 0.966094, -0.166875, -0.039889
0.859046, 0.843379, -0.161070, -0.179190
0.859049, 0.870531, -0.162424, -0.149080
0.859096, 0.943334, -0.166143, -0.066476
0.859096, 0.803487, -0.158953, -0.222693
0.859473, 0.733917, -0.155380, -0.297675
0.859722, 0.816362, -0.158973, -0.208828
0.859896, 0.069334, 0.864829, 0.051102
0.859903, 0.273542, -0.123419, -0.750715
0.859912, 0.488517, -0.142506, -0.550840
0.860047, 0.920401, -0.163992, -0.092897
0.860377, 0.195196, -0.111215, -0.813758
0.860411, 0.561517, -0.146170, -0.477486
0.860636, 0.583219, -0.147135, -0.455593
0.860832, 0.081567, 0.863764, 0.059403
0.860886, 0.897654, -0.161912, -0.118807
0.860930, 0.674527, -0.151105, -0.360583
0.861000, 0.753435, -0.154666, -0.277025
0.861184, 0.297592, -0.125232, -0.730059
0.861513, 0.148998, -0.274426, -1.017619
0.861534, 0.055853, 0.867098, 0.040703
0.861565, 0.413391, -0.135697, -0.624255
0.861591, 0.105078, 0.856085, 0.071396
0.861716, 0.686819, -0.150816, -0.347696
0.862009, 0.093748, 0.864188, 0.069198
0.862038, 0.373565, -0.132002, -0.661672
0.862487, 0.628285, -0.147363, -0.409094
0.862523, 0.011197, 0.870483, 0.008248
0.862533, 0.033068, 0.869766, 0.024239
0.862567, 0.250440, -0.118083, -0.770452
0.862726, 0.229616, -0.114936, -0.787192
0.862857, 0.508048, -0.140676, -0.531460
0.862876, 0.319811, -0.126145, -0.710720
0.862926, 0.538893, -0.142412, -0.500790
0.863046, 0.181925, -0.106975, -0.824190
0.863534, 0.362421, -0.129625, -0.672128
0.863746, 0.476815, -0.137907, -0.562590
0.864121, 0.207071, -0.110249, -0.805328
0.864139, 0.595542, -0.144057, -0.443062
0.864506, 0.136719, 0.297039, -0.454990
0.864510, 0.351543, -0.127736, -0.682180
0.864942, 0.977629, -0.161019, -0.026529
0.865125, 1.000000, -0.161027, 0.000000
0.865305, 0.955093, -0.159884, -0.053038
0.865368, 0.340256, -0.125893, -0.692545
0.865407, 0.115127, 0.886989, 0.107553
0.865658, 0.426711, -0.132710, -0.611784
0.866065, 0.932561, -0.158021, -0.079240
0.866184, 0.394576, -0.129786, -0.642275
0.866274, 0.742971, -0.148357, -0.288347
0.866302, 0.641129, -0.143873, -0.395864
0.866325, 0.724104, -0.147411, -0.308327
0.866717, 0.775823, -0.149285, -0.253042
0.866777, 0.909588, -0.156049, -0.105587
0.866831, 0.170381, -0.102000, -0.833215
0.866940, 0.712111, -0.146274, -0.321206
0.867031, 0.700051, -0.145626, -0.333908
0.867086, 0.518878, -0.137002, -0.520967
0.867190, 0.383069, -0.127911, -0.653097
0.867195, 0.440098, -0.132126, -0.598926
0.867199, 0.262868, -0.115843, -0.760657
0.867309, 0.550791, -0.138507, -0.488941
0.867680, 0.796661, -0.149134, -0.230486
0.867749, 0.607652, -0.140818, -0.430722
0.867988, 0.466413, -0.133035, -0.573245
0.868174, 0.285834, -0.117765, -0.741209
0.868184, 0.219359, -0.108988, -0.796188
0.868632, 0.044729, 0.873626, 0.032671
0.868684, 0.888548, -0.152694, -0.129408
0.868715, 0.308110, -0.119697, -0.721782
0.868951, 0.000000, 0.875385, 0.000000
0.869167, 0.022255, 0.875149, 0.016156
0.869259, 0.877534, -0.151583, -0.141900
0.869319, 0.574095, -0.137502, -0.465006
0.869400, 0.823601, -0.148552, -0.201349
0.869449, 0.850544, -0.149869, -0.171811
0.869474, 0.653797, -0.141036, -0.382775
0.869510, 0.452497, -0.130657, -0.587079
0.869639, 0.239469, -0.110716, -0.780433
0.869666, 0.864167, -0.150368, -0.156778
0.869750, 0.836816, -0.148848, -0.186947
0.870006, 0.763882, -0.145205, -0.266191
0.870051, 0.125642, 0.738352, -0.029930
0.870305, 0.328698, -0.120290, -0.703432
0.870436, 0.158543, -0.099523, -0.844847
0.870510, 0.064494, 0.874594, 0.048157
0.870664, 0.665508, -0.140269, -0.370587
0.871087, 0.619636, -0.137822, -0.418456
0.871257, 0.497247, -0.131542, -0.542769
0.871266, 0.562887, -0.134976, -0.476729
0.871297, 0.809550, -0.145774, -0.216753
0.871391, 0.530295, -0.133212, -0.509777
0.871607, 0.485193, -0.130516, -0.554847
0.871679, 0.189845, -0.101465, -0.819287
0.871810, 0.988864, -0.153697, -0.013282
0.872052, 0.404242, -0.124869, -0.633527
0.872122, 0.966631, -0.152725, -0.039660
0.872162, 0.416800, -0.125651, -0.621556
0.872220, 0.076203, 0.866782, 0.048508
0.872342, 0.944370, -0.151694, -0.065823
0.872389, 0.785643, -0.143504, -0.242779
0.872627, 0.689401, -0.139087, -0.345357
0.872637, 0.677449, -0.138613, -0.358036
0.872843, 0.274758, -0.112440, -0.751323
0.872901, 0.921817, -0.149902, -0.091907
0.872920, 0.088328, 0.883570, 0.074708
0.873146, 0.586466, -0.134146, -0.452789
0.873424, 0.101965, 0.864944, 0.067210
0.873660, 0.733004, -0.139753, -0.299133
0.874094, 0.200431, -0.101365, -0.811615
0.874149, 0.371240, -0.120375, -0.664678
0.874194, 0.297172, -0.113691, -0.732092
0.874215, 0.147034, -0.124644, -0.884113
0.874360, 0.899001, -0.146971, -0.117938
0.874569, 0.251954, -0.108248, -0.770718
0.874610, 0.632398, -0.134612, -0.405297
0.874648, 0.751720, -0.139524, -0.279330
0.875558, 0.033714, 0.879046, 0.023986
0.875565, 0.509123, -0.127856, -0.531407
0.875636, 0.011160, 0.879891, 0.007966
0.875692, 0.542073, -0.129375, -0.498115
0.876005, 0.054682, 0.876457, 0.037482
0.876022, 0.360197, -0.117732, -0.675027
0.876060, 0.318468, -0.114103, -0.713283
0.876117, 0.434441, -0.122959, -0.604858
0.876371, 0.349149, -0.116499, -0.685174
0.876648, 0.598725, -0.131015, -0.440353
0.876655, 0.179129, -0.095738, -0.828165
0.876685, 0.212764, -0.101249, -0.802532
0.876790, 0.227854, -0.103292, -0.790603
0.876961, 0.136381, -0.189926, -0.959805
0.877045, 0.338176, -0.114953, -0.695338
0.877565, 0.391348, -0.118654, -0.646286
0.877688, 0.114619, 0.931701, 0.145573
0.877700, 0.720010, -0.134817, -0.313159
0.877887, 0.460815, -0.122818, -0.579339
0.878015, 0.474483, -0.123502, -0.566105
0.878412, 0.645402, -0.131090, -0.391902
0.878611, 0.977874, -0.146176, -0.026526
0.878728, 1.000000, -0.146368, 0.000000
0.878830, 0.707761, -0.133120, -0.326265
0.878851, 0.955768, -0.145112, -0.052761
0.879116, 0.798191, -0.136486, -0.229312
0.879209, 0.933697, -0.143614, -0.078567
0.879393, 0.911006, -0.142098, -0.104617
0.879469, 0.167100, -0.091413, -0.837392
0.879683, 0.554188, -0.125813, -0.486007
0.879754, 0.264149, -0.105286, -0.761147
0.879828, 0.521134, -0.124108, -0.519569
0.879845, 0.858074, -0.138591, -0.163961
0.880021, 0.844142, -0.137708, -0.179353
0.880064, 0.819010, -0.136391, -0.206763
0.880068, 0.445958, -0.119769, -0.593934
0.880068, 0.872381, -0.139129, -0.148144
0.880100, 0.773807, -0.134495, -0.255969
0.880289, 0.424685, -0.118223, -0.614393
0.880437, 0.611043, -0.127525, -0.427748
0.880481, 0.286368, -0.107027, -0.742139
0.880731, 0.379695, -0.114778, -0.657444
0.880945, 0.830852, -0.135952, -0.193854
0.880994, 0.696889, -0.130299, -0.337783
0.881118, 0.886429, -0.138782, -0.132551
0.881180, 0.741619, -0.131880, -0.290316
0.881511, 0.240880, -0.101079, -0.780803
0.881783, 0.307988, -0.107967, -0.723263
0.881840, 0.658220, -0.127922, -0.378629
0.881854, 0.567246, -0.124139, -0.472793
0.881917, 0.761099, -0.131895, -0.269574
0.882065, 0.000000, 0.884835, 0.000000
0.882140, 0.487907, -0.120077, -0.553059
0.882158, 0.022511, 0.884405, 0.015865
0.882454, 0.044527, 0.883406, 0.031543
0.882571, 0.578635, -0.123924, -0.461309
0.882653, 0.066931, 0.886227, 0.051987
0.882671, 0.411219, -0.115066, -0.627695
0.883051, 0.623408, -0.125251, -0.415035
0.883107, 0.669843, -0.127013, -0.366502
0.883146, 0.127253, -0.250726, -1.031542
0.883610, 0.154913, -0.085731, -0.846300
0.883643, 0.683399, -0.126911, -0.352119
0.883702, 0.092039, 0.927167, 0.112110
0.883996, 0.329123, -0.107808, -0.704384
0.884066, 0.533253, -0.120320, -0.507513
0.884109, 0.499991, -0.118720, -0.541217
0.884286, 0.190437, -0.091984, -0.821255
0.884297, 0.079062, 0.860615, 0.034613
0.884317, 0.786086, -0.130359, -0.242966
0.885332, 0.809507, -0.130161, -0.217467
0.885437, 0.399946, -0.111658, -0.638686
0.885460, 0.989001, -0.138976, -0.013291
0.885655, 0.966924, -0.138071, -0.039777
0.885740, 0.104597, 0.963298, 0.161535
0.885775, 0.203682, -0.092749, -0.811428
0.885866, 0.945082, -0.136865, -0.065623
0.885869, 0.275798, -0.101240, -0.751848
0.885937, 0.923094, -0.135494, -0.091118
0.885941, 0.728765, -0.126153, -0.304222
0.886049, 0.590423, -0.120751, -0.449306
0.886304, 0.899419, -0.133797, -0.118262
0.886381, 0.217900, -0.094182, -0.800157
0.886447, 0.636487, -0.122125, -0.401482
0.886682, 0.253542, -0.098201, -0.770895
0.887145, 0.366618, -0.107769, -0.670317
0.887309, 0.297675, -0.102063, -0.732867
0.887368, 0.454755, -0.112991, -0.585592
0.887698, 0.141819, -0.079253, -0.854905
0.887926, 0.354131, -0.106120, -0.681875
0.888063, 0.342066, -0.105084, -0.692959
0.888118, 0.545592, -0.116677, -0.495159
0.888214, 0.512160, -0.115106, -0.529143
0.888426, 0.435188, -0.110857, -0.604732
0.888652, 0.011267, 0.888818, 0.007710
0.888734, 0.467115, -0.112288, -0.573556
0.888836, 0.033626, 0.888324, 0.023211
0.888870, 0.177047, -0.086535, -0.832060
0.888871, 0.319215, -0.102527, -0.713822
0.888909, 0.230721, -0.093726, -0.790118
0.889089, 0.056408, 0.884474, 0.036452
0.889175, 0.602427, -0.117930, -0.437055
0.889274, 0.750810, -0.123374, -0.280936
0.889422, 0.715620, -0.121880, -0.318417
0.889980, 0.117725, -0.174640, -0.968255
0.889996, 0.850788, -0.126859, -0.172543
0.890079, 0.864674, -0.127456, -0.157183
0.890367, 0.650077, -0.118439, -0.387460
0.890417, 0.388706, -0.106132, -0.649657
0.890514, 0.478864, -0.111112, -0.562140
0.890646, 0.420316, -0.107844, -0.619489
0.890953, 0.836870, -0.125094, -0.187852
0.891187, 0.878262, -0.127019, -0.142235
0.891223, 0.558477, -0.113988, -0.482147
0.891311, 0.798409, -0.123009, -0.229773
0.891470, 0.912058, -0.128726, -0.104158
0.891685, 0.165793, -0.082742, -0.840668
0.892026, 0.765516, -0.120823, -0.265121
0.892168, 0.822444, -0.123057, -0.203665
0.892229, 0.703611, -0.118365, -0.331242
0.892264, 0.691619, -0.117838, -0.343712
0.892299, 0.978110, -0.131320, -0.026597
0.892389, 0.524475, -0.111372, -0.516897
0.892444, 1.000000, -0.131592, 0.000000
0.892516, 0.265559, -0.094457, -0.761309
0.892577, 0.955984, -0.130087, -0.053122
0.892658, 0.934517, -0.128762, -0.078344
0.892703, 0.377518, -0.103224, -0.660380
0.893009, 0.676296, -0.116566, -0.360150
0.893051, 0.614857, -0.114287, -0.424302
0.893235, 0.287213, -0.095858, -0.742613
0.893694, 0.737732, -0.117968, -0.294973
0.893714, 0.570861, -0.111885, -0.469592
0.893741, 0.243423, -0.091146, -0.780129
0.893742, 0.776091, -0.119400, -0.253987
0.893944, 0.491374, -0.108246, -0.549904
0.894312, 0.445452, -0.105614, -0.595291
0.894506, 0.890253, -0.123992, -0.129034
0.894614, 0.626795, -0.113061, -0.411994
0.894670, 0.131051, -0.052415, -0.843818
0.894764, 0.309163, -0.096346, -0.723246
0.894965, 0.662866, -0.113994, -0.374395
0.895023, 0.408002, -0.102861, -0.631610
0.895118, 0.000000, 0.894097, 0.000000
0.895157, 0.082964, 0.831566, -0.000622
0.895167, 0.068872, 0.900016, 0.057761
0.895260, 0.022479, 0.893650, 0.015462
0.895291, 0.094755, 1.166460, 0.346843
0.895348, 0.045218, 0.891660, 0.030509
0.895407, 0.152445, -0.077783, -0.850976
0.895740, 0.582441, -0.110214, -0.457819
0.895978, 0.332244, -0.097016, -0.702461
0.896208, 0.787797, -0.117035, -0.241302
0.896230, 0.184982, -0.082104, -0.827019
0.896292, 0.196258, -0.083567, -0.818304
0.896452, 0.536964, -0.107705, -0.504426
0.896633, 0.208763, -0.084848, -0.808592
0.896860, 0.503469, -0.105830, -0.537985
0.897380, 0.108166, -0.177968, -0.984868
0.897665, 0.809410, -0.116395, -0.218217
0.897711, 0.640205, -0.110202, -0.398033
0.897781, 0.428885, -0.101299, -0.611511
0.897836, 0.221138, -0.085319, -0.798862
0.898006, 0.724354, -0.112781, -0.309459
0.898757, 0.357354, -0.096152, -0.679560
0.898838, 0.457786, -0.101735, -0.583552
0.898943, 0.594153, -0.107267, -0.445866
0.898981, 0.276917, -0.089886, -0.752147
0.899055, 0.396209, -0.098266, -0.643099
0.899157, 0.902165, -0.119384, -0.115804
0.899166, 0.924053, -0.120762, -0.090781
0.899184, 0.344825, -0.094924, -0.691277
0.899217, 0.989146, -0.124128, -0.013328
0.899235, 0.967248, -0.123285, -0.039938
0.899259, 0.255516, -0.087689, -0.770508
0.899650, 0.757635, -0.112051, -0.273782
0.899774, 0.944975, -0.121489, -0.066505
0.900011, 0.549792, -0.104523, -0.491540
0.900100, 0.298812, -0.090720, -0.732974
0.900205, 0.369211, -0.095551, -0.668713
0.900434, 0.321864, -0.092152, -0.712207
0.900561, 0.857650, -0.115251, -0.165448
0.900741, 0.515763, -0.102375, -0.525791
0.900753, 0.469785, -0.100377, -0.571786
0.900857, 0.685498, -0.108267, -0.350399
0.900946, 0.845131, -0.114161, -0.179156
0.901093, 0.233772, -0.083999, -0.788929
0.901121, 0.870761, -0.115248, -0.150935
0.901385, 0.606107, -0.105106, -0.433625
0.901406, 0.142276, -0.070849, -0.858071
0.901697, 0.011219, 0.897150, 0.007145
0.901761, 0.056976, 0.891949, 0.034567
0.901768, 0.033889, 0.896998, 0.022661
0.901797, 0.832028, -0.112678, -0.193666
0.901919, 0.711236, -0.108059, -0.323569
0.902131, 0.162539, -0.074478, -0.844761
0.902175, 0.120537, -0.054642, -0.861504
0.902318, 0.745807, -0.108730, -0.286648
0.902684, 0.482126, -0.098981, -0.559630
0.902727, 0.651874, -0.105225, -0.386103
0.903135, 0.417553, -0.095454, -0.622801
0.903298, 0.438420, -0.096332, -0.602476
0.903309, 0.562390, -0.101559, -0.478835
0.903496, 0.383663, -0.093261, -0.655185
0.903588, 0.174691, -0.075102, -0.835967
0.903783, 0.914017, -0.114835, -0.102552
0.904294, 0.672965, -0.104223, -0.364042
0.904343, 0.796580, -0.108250, -0.232083
0.904399, 0.882743, -0.112224, -0.137845
0.904736, 0.698030, -0.104470, -0.337363
0.904744, 0.528322, -0.098746, -0.513247
0.904858, 0.820175, -0.108747, -0.206780
0.905076, 0.076290, 0.854895, 0.010012
0.905222, 0.630424, -0.101788, -0.408303
0.905607, 0.098915, -0.014298, -0.835417
0.905704, 0.266634, -0.083129, -0.761647
0.905960, 0.781646, -0.105966, -0.248414
0.906012, 0.494576, -0.096125, -0.547349
0.906031, 0.618569, -0.100582, -0.420840
0.906033, 0.288615, -0.084621, -0.742537
0.906045, 0.978399, -0.116386, -0.026689
0.906051, 0.956312, -0.115275, -0.053459
0.906075, 0.768771, -0.105300, -0.262055
0.906163, 0.574492, -0.099000, -0.466555
0.906203, 0.733257, -0.104056, -0.300253
0.906284, 1.000000, -0.116698, 0.000000
0.906474, 0.245973, -0.080659, -0.779308
0.906670, 0.933616, -0.113126, -0.080320
0.907168, 0.310920, -0.085247, -0.722708
0.907525, 0.406089, -0.090579, -0.634070
0.907621, 0.199283, -0.074973, -0.817594
0.907768, 0.131825, -0.068251, -0.869761
0.907913, 0.186772, -0.073286, -0.827491
0.907931, 0.449100, -0.092228, -0.592283
0.908094, 0.211670, -0.075943, -0.807735
0.908120, 0.045381, 0.897313, 0.026789
0.908196, 0.000000, 0.903418, 0.000000
0.908225, 0.022478, 0.903210, 0.015663
0.908233, 0.894645, -0.108578, -0.124781
0.908373, 0.334663, -0.085706, -0.701058
0.908400, 0.087477, 0.840593, 0.007722
0.908501, 0.541145, -0.095325, -0.500358
0.908806, 0.586060, -0.096605, -0.454739
0.908901, 0.661951, -0.098887, -0.375754
0.909152, 0.224120, -0.076340, -0.797694
0.909330, 0.506994, -0.093229, -0.535049
0.909428, 0.153015, -0.067777, -0.852704
0.909878, 0.066168, 0.936585, 0.080599
0.909939, 0.348059, -0.085075, -0.688961
0.909969, 0.809116, -0.102477, -0.218853
0.909982, 0.110224, -0.012491, -0.834241
0.910382, 0.720467, -0.099060, -0.314016
0.910432, 0.427810, -0.088784, -0.613248
0.910444, 0.640940, -0.096515, -0.397492
0.910486, 0.360425, -0.085281, -0.677501
0.910928, 0.373180, -0.085560, -0.665490
0.911008, 0.460553, -0.089655, -0.581267
0.911278, 0.755716, -0.099134, -0.276353
0.911425, 0.394688, -0.086219, -0.645212
0.911505, 0.685174, -0.096745, -0.351327
0.911565, 0.863609, -0.103007, -0.159327
0.911655, 0.322633, -0.081921, -0.712446
0.911767, 0.597540, -0.093829, -0.442916
0.911809, 0.277923, -0.078684, -0.752400
0.912052, 0.840950, -0.101438, -0.184318
0.912132, 0.553937, -0.091985, -0.487446
0.912366, 0.473213, -0.088813, -0.568832
0.912422, 0.907146, -0.104538, -0.110889
0.912540, 0.301003, -0.079691, -0.732085
0.912634, 0.256516, -0.076295, -0.771002
0.912818, 0.852463, -0.101057, -0.171679
0.912843, 0.967672, -0.108381, -0.040092
0.913005, 0.519528, -0.089916, -0.522578
0.913113, 0.989309, -0.109118, -0.013402
0.913147, 0.608870, -0.092687, -0.431095
0.913192, 0.945273, -0.106563, -0.067025
0.913363, 0.236870, -0.074018, -0.787522
0.913386, 0.165595, -0.066534, -0.844085
0.913808, 0.921580, -0.103990, -0.094560
0.914102, 0.707767, -0.094610, -0.327635
0.914122, 0.874378, -0.100620, -0.147536
0.914322, 0.829143, -0.098351, -0.197286
0.914637, 0.742753, -0.095028, -0.290362
0.914644, 0.033692, 0.903820, 0.020377
0.914754, 0.011183, 0.904482, 0.006209
0.914856, 0.485477, -0.086775, -0.556802
0.914949, 0.142813, -0.062679, -0.861126
0.915282, 0.121108, -0.057649, -0.874176
0.915553, 0.416078, -0.083214, -0.624889
0.915701, 0.055801, 0.913428, 0.044177
0.915767, 0.566560, -0.088589, -0.474647
0.915893, 0.799205, -0.095363, -0.229580
0.915962, 0.788016, -0.095011, -0.241930
0.916072, 0.651000, -0.090779, -0.387257
0.916129, 0.438936, -0.083638, -0.602738
0.916274, 0.628000, -0.089937, -0.411401
0.916438, 0.672862, -0.091039, -0.364496
0.916671, 0.384779, -0.080660, -0.654869
0.916827, 0.532348, -0.086412, -0.509762
0.917071, 0.098406, -0.218117, -1.054717
0.917594, 0.886259, -0.097385, -0.134651
0.917676, 0.775865, -0.092712, -0.255103
0.917840, 0.695982, -0.090188, -0.340251
0.917996, 0.178284, -0.064540, -0.835231
0.918004, 0.498062, -0.084030, -0.544368
0.918056, 0.076929, 0.787862, -0.061139
0.918355, 0.289769, -0.073706, -0.742448
0.918582, 0.729970, -0.090296, -0.304110
0.918611, 0.818540, -0.093059, -0.208937
0.918941, 0.267408, -0.071651, -0.762189
0.918971, 0.578790, -0.085596, -0.462213
0.919078, 0.191352, -0.065062, -0.825224
0.919142, 0.203752, -0.066227, -0.815370
0.919331, 0.933975, -0.098869, -0.080835
0.919357, 0.956801, -0.100529, -0.053733
0.919603, 0.215927, -0.066972, -0.805497
0.919633, 0.764442, -0.090177, -0.267437
0.919908, 0.978742, -0.101285, -0.026838
0.920107, 0.404398, -0.078244, -0.636384
0.920189, 0.340271, -0.075060, -0.697130
0.920263, 1.000000, -0.101675, 0.000000
0.920357, 0.313685, -0.073398, -0.721343
0.920408, 0.227918, -0.067338, -0.795579
0.920539, 0.617012, -0.085025, -0.422772
0.920584, 0.545157, -0.082926, -0.496920
0.920585, 0.131601, -0.056371, -0.868855
0.920607, 0.246796, -0.068677, -0.779779
0.920855, 0.450385, -0.079398, -0.591829
0.921111, 0.328074, -0.073523, -0.708309
0.921191, 0.044519, 0.898441, 0.017401
0.921209, 0.898486, -0.094057, -0.121348
0.921284, 0.022270, 0.914602, 0.017556
0.921294, 0.000000, 0.913157, 0.000000
0.921546, 0.352622, -0.074425, -0.685615
0.921589, 0.510748, -0.080791, -0.531776
0.921843, 0.087483, -0.122185, -0.968439
0.921859, 0.464075, -0.078900, -0.578348
0.921876, 0.590907, -0.082884, -0.449866
0.921925, 0.364404, -0.074646, -0.674530
0.922146, 0.661203, -0.084508, -0.376785
0.922354, 0.426745, -0.076971, -0.614860
0.922400, 0.110076, -0.076412, -0.907833
0.922555, 0.638831, -0.083489, -0.400246
0.922605, 0.154258, -0.058381, -0.853764
0.922920, 0.717442, -0.085174, -0.317550
0.922940, 0.375381, -0.074189, -0.664093
0.923332, 0.683801, -0.083835, -0.353150
0.923356, 0.751957, -0.085638, -0.280818
0.923520, 0.838835, -0.088211, -0.186945
0.923590, 0.862722, -0.089205, -0.160899
0.923832, 0.066644, 1.035735, 0.173484
0.923934, 0.911232, -0.091805, -0.107219
0.923956, 0.807914, -0.086545, -0.220380
0.924073, 0.166899, -0.058689, -0.844437
0.924126, 0.301419, -0.069233, -0.732440
0.924309, 0.278846, -0.067695, -0.752541
0.924321, 0.557872, -0.079410, -0.484112
0.924345, 0.476419, -0.076828, -0.566235
0.924383, 0.850001, -0.087639, -0.174701
0.924403, 0.603717, -0.080567, -0.436774
0.925023, 0.523442, -0.077654, -0.519098
0.925272, 0.393644, -0.072748, -0.646828
0.925723, 0.875743, -0.087491, -0.146815
0.925877, 0.257051, -0.064868, -0.771480
0.926528, 0.968128, -0.093272, -0.040369
0.926690, 0.946061, -0.091370, -0.067103
0.926763, 0.488928, -0.074781, -0.553793
0.926857, 0.923278, -0.089329, -0.093723
0.927032, 0.739330, -0.081203, -0.294359
0.927193, 0.705776, -0.080178, -0.330062
0.927201, 0.989524, -0.093884, -0.013505
0.927407, 0.237263, -0.062176, -0.788269
0.927604, 0.795585, -0.082082, -0.233936
0.927623, 0.142116, -0.053347, -0.862946
0.927773, 0.828493, -0.083026, -0.198473
0.927827, 0.033102, 0.898757, 0.006078
0.927835, 0.414618, -0.071101, -0.626865
0.927929, 0.011102, 0.910470, 0.005078
0.928010, 0.437561, -0.071771, -0.604490
0.928417, 0.570364, -0.075466, -0.471482
0.928481, 0.120196, -0.052694, -0.881061
0.928604, 0.784084, -0.080643, -0.246418
0.928711, 0.649270, -0.077119, -0.389492
0.928782, 0.627424, -0.076498, -0.412254
0.928862, 0.055524, 1.076350, 0.198200
0.928900, 0.536348, -0.074015, -0.506122
0.928924, 0.671702, -0.077428, -0.365958
0.929141, 0.100059, -0.032839, -0.877831
0.929814, 0.501663, -0.072053, -0.541076
0.930029, 0.889025, -0.083251, -0.132343
0.930170, 0.185809, -0.055820, -0.830501
0.930507, 0.198216, -0.056610, -0.820668
0.930550, 0.210744, -0.057580, -0.810561
0.930584, 0.772627, -0.078105, -0.258787
0.930799, 0.223554, -0.058341, -0.800023
0.930835, 0.694419, -0.075895, -0.342102
0.931069, 0.289499, -0.062295, -0.743519
0.931167, 0.727010, -0.076310, -0.307544
0.931199, 0.383466, -0.066587, -0.656690
0.931471, 0.457180, -0.068979, -0.585240
0.931522, 0.322485, -0.063591, -0.713638
0.931768, 0.582032, -0.072236, -0.459607
0.931921, 0.935554, -0.084464, -0.079945
0.931981, 0.269063, -0.060302, -0.761347
0.931995, 0.817162, -0.077784, -0.210730
0.932007, 0.335258, -0.063748, -0.701957
0.932346, 0.347306, -0.063980, -0.690843
0.932351, 0.077251, -0.229100, -1.090775
0.932384, 0.174780, -0.053106, -0.839174
0.932497, 0.615672, -0.072246, -0.424599
0.932570, 0.761082, -0.075580, -0.271201
0.932594, 0.957287, -0.085657, -0.054175
0.932737, 0.549162, -0.070364, -0.493187
0.932795, 0.130241, -0.048854, -0.872473
0.932976, 0.310972, -0.061680, -0.724099
0.933215, 0.403275, -0.065404, -0.638019
0.933306, 0.089096, -0.063320, -0.919666
0.933428, 0.359516, -0.063479, -0.679441
0.933721, 0.514619, -0.068407, -0.528108
0.933870, 0.044102, 0.980073, 0.089216
0.933877, 0.900495, -0.079544, -0.119972
0.933892, 0.979143, -0.085964, -0.027095
0.934072, 0.593738, -0.070076, -0.447557
0.934143, 0.446789, -0.065970, -0.595657
0.934280, 0.371101, -0.063139, -0.668561
0.934296, 0.425185, -0.065113, -0.616823
0.934408, 1.000000, -0.086490, 0.000000
0.934424, 0.468249, -0.066347, -0.574381
0.934432, 0.000000, 0.925073, 0.000000
0.934507, 0.161435, -0.050271, -0.849568
0.934618, 0.022106, 0.925394, 0.018394
0.934918, 0.659958, -0.070650, -0.378416
0.935058, 0.246600, -0.056268, -0.781036
0.935219, 0.854479, -0.075601, -0.170695
0.935376, 0.682486, -0.070644, -0.354730
0.935401, 0.637593, -0.069641, -0.401930
0.935479, 0.748865, -0.072035, -0.284319
0.935504, 0.867201, -0.075826, -0.156785
0.935581, 0.840744, -0.074599, -0.185560
0.936069, 0.149597, -0.047964, -0.858441
0.936158, 0.299512, -0.058213, -0.734632
0.936211, 0.110909, -0.039248, -0.881277
0.936219, 0.715360, -0.070471, -0.320107
0.936316, 0.480240, -0.064787, -0.562583
0.936317, 0.912759, -0.077469, -0.106298
0.936386, 0.804905, -0.072483, -0.224263
0.936457, 0.605195, -0.067781, -0.435584
0.936590, 0.561971, -0.066647, -0.480181
0.936914, 0.527286, -0.065441, -0.515397
0.937088, 0.879973, -0.074499, -0.142622
0.937356, 0.065998, 0.102089, -0.768470
0.937457, 0.258652, -0.054900, -0.770731
0.937576, 0.279592, -0.055927, -0.752524
0.938462, 0.232986, -0.052526, -0.792659
0.938589, 0.492564, -0.062819, -0.550420
0.939115, 0.392033, -0.059252, -0.648922
0.939567, 0.924609, -0.074548, -0.093112
0.939651, 0.736481, -0.067119, -0.297606
0.939788, 0.792964, -0.068303, -0.237163
0.939943, 0.827443, -0.069093, -0.199931
0.940259, 0.968922, -0.077916, -0.040448
0.940554, 0.413653, -0.058568, -0.628310
0.940589, 0.704466, -0.065414, -0.331665
0.940890, 0.136790, -0.043146, -0.868058
0.940954, 0.434978, -0.058825, -0.607524
0.940988, 0.540218, -0.061521, -0.502326
0.941078, 0.947076, -0.074862, -0.067163
0.941100, 0.218750, -0.049427, -0.804744
0.941185, 0.032890, 0.905103, 0.003743
0.941199, 0.011536, 0.911665, 0.002136
0.941256, 0.625447, -0.063107, -0.414820
0.941385, 0.505367, -0.060288, -0.537696
0.941419, 0.648710, -0.063392, -0.390476
0.941455, 0.781481, -0.066141, -0.249574
0.941457, 0.670434, -0.063767, -0.367545
0.941572, 0.989255, -0.078276, -0.014396
0.941603, 0.205657, -0.048163, -0.815522
0.941683, 0.099282, -0.033478, -0.888700
0.941740, 0.574499, -0.061510, -0.467415
0.941948, 0.054822, 0.634645, -0.247092
0.941994, 0.193204, -0.046998, -0.825607
0.942754, 0.122087, -0.039658, -0.878044
0.942994, 0.329691, -0.053276, -0.707780
0.943345, 0.770102, -0.063745, -0.261783
0.943445, 0.181796, -0.045033, -0.834699
0.943455, 0.693225, -0.062035, -0.343561
0.943542, 0.342381, -0.053251, -0.696062
0.943736, 0.379681, -0.054376, -0.661024
0.943786, 0.457714, -0.056613, -0.585046
0.943789, 0.936092, -0.070467, -0.080201
0.943864, 0.317482, -0.051977, -0.718950
0.944129, 0.890085, -0.066779, -0.131786
0.944187, 0.814571, -0.063910, -0.214102
0.944196, 0.086091, -0.006784, -0.874635
0.944238, 0.724833, -0.061810, -0.310208
0.944251, 0.354862, -0.053037, -0.684449
0.944586, 0.169683, -0.043252, -0.844174
0.944679, 0.586540, -0.058653, -0.455108
0.944850, 0.553010, -0.057772, -0.489386
0.945014, 0.758387, -0.061617, -0.274344
0.945166, 0.291585, -0.049698, -0.742197
0.945217, 0.958627, -0.071165, -0.053659
0.945647, 0.367277, -0.052133, -0.672787
0.945701, 0.267719, -0.048144, -0.763389
0.945743, 0.445378, -0.054330, -0.597344
0.945860, 0.613434, -0.057913, -0.427241
0.945873, 0.305418, -0.049637, -0.729893
0.945906, 0.903221, -0.065569, -0.117590
0.945932, 0.518554, -0.055921, -0.524562
0.945951, 0.470575, -0.054772, -0.572586
0.945997, 0.401681, -0.052865, -0.639967
0.946293, 0.043436, 1.027815, 0.130375
0.946309, 0.848805, -0.062539, -0.177144
0.946490, 0.599297, -0.056979, -0.441931
0.946526, 0.861835, -0.062750, -0.162952
0.946626, 0.157405, -0.040771, -0.853625
0.946749, 0.074391, -0.008453, -0.886799
0.946885, 0.875168, -0.062866, -0.148365
0.947126, 0.241203, -0.045601, -0.786273
0.947172, 0.424380, -0.052361, -0.618170
0.947214, 0.681248, -0.057693, -0.356248
0.947322, 0.000000, 0.940660, 0.000000
0.947325, 0.253617, -0.046057, -0.775732
0.947442, 0.746263, -0.058660, -0.287334
0.947653, 0.637696, -0.056448, -0.402028
0.947706, 0.836236, -0.060484, -0.190679
0.947971, 0.483180, -0.053024, -0.560104
0.948001, 0.659077, -0.056467, -0.379792
0.948285, 0.023398, 0.943506, 0.025094
0.948350, 0.145109, -0.038533, -0.862779
0.948420, 1.000000, -0.071512, 0.000000
0.948440, 0.978486, -0.069726, -0.029059
0.948519, 0.279743, -0.046177, -0.752825
0.948714, 0.530943, -0.053306, -0.512147
0.948834, 0.565300, -0.053847, -0.476991
0.948879, 0.110041, -0.035566, -0.887983
0.949048, 0.916171, -0.062674, -0.103301
0.949113, 0.802578, -0.057983, -0.227039
0.949179, 0.227521, -0.043149, -0.797867
0.950037, 0.495955, -0.051197, -0.547342
0.950259, 0.714106, -0.054945, -0.321620
0.951473, 0.063030, -0.104993, -0.994228
0.951601, 0.388775, -0.047050, -0.652652
0.951781, 0.213424, -0.040236, -0.809753
0.951786, 0.130832, -0.034970, -0.873606
0.952294, 0.790554, -0.054118, -0.240086
0.952421, 0.823099, -0.054744, -0.205139
0.952501, 0.509101, -0.048936, -0.534145
0.952758, 0.734113, -0.052544, -0.300540
0.952935, 0.928297, -0.058893, -0.089873
0.952966, 0.626772, -0.050536, -0.413432
0.952973, 0.412206, -0.046317, -0.629973
0.953076, 0.096550, -0.034796, -0.900539
0.953102, 0.543961, -0.048992, -0.498962
0.953132, 0.200572, -0.038443, -0.820372
0.953756, 0.703230, -0.050905, -0.333181
0.953806, 0.011643, 0.901602, -0.006944
0.954176, 0.669349, -0.049925, -0.369099
0.954351, 0.336689, -0.042900, -0.701441
0.954410, 0.779349, -0.051492, -0.252093
0.954532, 0.435512, -0.045339, -0.607566
0.954630, 0.648495, -0.049105, -0.390934
0.954765, 0.324263, -0.042125, -0.712930
0.954826, 0.941061, -0.057752, -0.075466
0.954863, 0.966996, -0.060903, -0.044456
0.954920, 0.189092, -0.036377, -0.829672
0.954961, 0.952812, -0.059011, -0.061867
0.955019, 0.578691, -0.047579, -0.463416
0.955039, 0.349494, -0.042634, -0.689536
0.955239, 0.050776, 0.074801, -0.821042
0.955410, 0.035880, 0.989195, 0.084985
0.955510, 0.449665, -0.044671, -0.593640
0.955549, 0.462108, -0.044902, -0.581425
0.955680, 0.691616, -0.048601, -0.345432
0.955712, 0.767669, -0.049805, -0.264599
0.955724, 0.177020, -0.035062, -0.839228
0.955774, 0.989675, -0.062659, -0.014684
0.956031, 0.882683, -0.052553, -0.140757
0.956104, 0.362166, -0.041979, -0.677741
0.956173, 0.375887, -0.042276, -0.664855
0.956219, 0.895271, -0.052933, -0.126996
0.956257, 0.312209, -0.040361, -0.723976
0.956317, 0.083743, -0.033038, -0.910562
0.956350, 0.299230, -0.039856, -0.735777
0.956591, 0.591689, -0.046143, -0.450274
0.956614, 0.120026, -0.030782, -0.881707
0.956951, 0.604917, -0.045957, -0.436528
0.957006, 0.164858, -0.033358, -0.848661
0.957096, 0.261126, -0.037824, -0.769570
0.957102, 0.616632, -0.045954, -0.424153
0.957179, 0.755883, -0.047946, -0.277156
0.957389, 0.812026, -0.048787, -0.217103
0.957501, 0.868839, -0.050262, -0.155844
0.957608, 0.855714, -0.049679, -0.170022
0.957635, 0.554915, -0.044446, -0.487984
0.957768, 0.399770, -0.041321, -0.642083
0.957776, 0.474419, -0.042888, -0.569179
0.957823, 0.287150, -0.038110, -0.746576
0.957901, 0.723773, -0.046670, -0.311613
0.957962, 0.908082, -0.051528, -0.112909
0.958179, 0.273441, -0.037324, -0.758830
0.958285, 0.843285, -0.048491, -0.183334
0.958292, 0.247903, -0.036275, -0.781089
0.958363, 0.522787, -0.043136, -0.520389
0.958573, 0.152395, -0.031425, -0.858129
0.958586, 0.235172, -0.035510, -0.791935
0.958877, 0.422930, -0.040737, -0.619590
0.958926, 0.679782, -0.044884, -0.358046
0.959056, 0.139482, -0.030257, -0.867696
0.959184, 0.743982, -0.045517, -0.289904
0.959538, 0.831119, -0.046729, -0.196491
0.959540, 0.486832, -0.041318, -0.556759
0.959669, 0.567410, -0.042495, -0.475058
0.959927, 0.221796, -0.033822, -0.803161
0.960059, 0.535434, -0.041581, -0.507589
0.960127, 0.000000, 0.959030, 0.000000
0.960571, 0.636950, -0.042526, -0.403168
0.960620, 0.023299, 1.057388, 0.127612
0.960893, 0.106751, -0.026516, -0.890887
0.961014, 0.071777, -0.032285, -0.921743
0.961321, 0.499288, -0.039705, -0.544229
0.961571, 0.659449, -0.041741, -0.379564
0.961904, 0.799231, -0.043409, -0.231073
0.961922, 0.979499, -0.054373, -0.029238
0.962144, 0.921024, -0.047290, -0.098744
0.962592, 1.000000, -0.056121, 0.000000
0.963035, 0.511821, -0.038132, -0.531482
0.963167, 0.207972, -0.030561, -0.814830
0.963779, 0.388366, -0.035208, -0.652940
0.964438, 0.711605, -0.039297, -0.324837
0.964770, 0.059958, -0.048095, -0.948176
0.965121, 0.409828, -0.034324, -0.632516
0.965132, 0.093786, -0.022116, -0.899220
0.965341, 0.442578, -0.034672, -0.600324
0.965705, 0.788279, -0.038916, -0.242931
0.965728, 0.342920, -0.032370, -0.696167
0.965755, 0.330631, -0.032063, -0.707537
0.965903, 0.046422, -0.200294, -1.107937
0.965922, 0.932632, -0.043596, -0.086318
0.966177, 0.698859, -0.037211, -0.338226
0.966264, 0.957995, -0.045930, -0.057200
0.966358, 0.196791, -0.027494, -0.824132
0.966358, 0.011215, 0.922830, 0.036835
0.966362, 0.625515, -0.036137, -0.415026
0.966453, 0.130098, -0.024265, -0.875254
0.966473, 0.455333, -0.033746, -0.587821
0.966736, 0.775994, -0.037572, -0.256148
0.966807, 0.945339, -0.043665, -0.071973
0.966942, 0.184328, -0.026519, -0.834175
0.966975, 0.735688, -0.036750, -0.298966
0.967087, 0.354724, -0.031336, -0.685212
0.967090, 0.586229, -0.034910, -0.455900
0.967113, 0.821080, -0.037830, -0.207558
0.967167, 0.366916, -0.031506, -0.673686
0.967180, 0.318955, -0.030464, -0.718295
0.967209, 0.546101, -0.034271, -0.496770
0.967242, 0.647390, -0.035452, -0.392354
0.967404, 0.969640, -0.046098, -0.042895
0.967509, 0.306500, -0.029866, -0.729679
0.967606, 0.888421, -0.039019, -0.134971
0.967615, 0.034158, 0.303791, -0.607689
0.967635, 0.875517, -0.038531, -0.148950
0.967664, 0.599504, -0.034444, -0.442083
0.967695, 0.671211, -0.035226, -0.367313
0.967774, 0.431672, -0.032064, -0.611003
0.967797, 0.171640, -0.025307, -0.844182
0.967865, 0.763368, -0.036125, -0.269644
0.968015, 0.685997, -0.035029, -0.351693
0.968034, 0.466794, -0.032346, -0.576557
0.968314, 0.900966, -0.038676, -0.121305
0.968319, 0.294096, -0.028821, -0.740881
0.968344, 0.378360, -0.030591, -0.662683
0.968378, 0.117004, -0.022170, -0.884459
0.968438, 0.612791, -0.033768, -0.428279
0.968459, 0.574126, -0.033296, -0.468134
0.968477, 0.861877, -0.037151, -0.163722
0.968511, 0.280920, -0.028315, -0.752646
0.968512, 0.254861, -0.027607, -0.775496
0.968735, 0.267602, -0.027768, -0.764446
0.968817, 0.081692, -0.018654, -0.906916
0.968828, 0.158604, -0.023940, -0.854239
0.968951, 0.723562, -0.034416, -0.311922
0.969029, 0.750275, -0.034635, -0.283502
0.969064, 0.559705, -0.032501, -0.483036
0.969098, 0.808287, -0.035342, -0.221383
0.969099, 0.848521, -0.036090, -0.178098
0.969172, 0.144794, -0.023046, -0.864629
0.969373, 0.241674, -0.026479, -0.786822
0.969614, 0.479060, -0.030915, -0.564378
0.969808, 0.531793, -0.031396, -0.511413
0.969849, 0.228844, -0.025688, -0.797612
0.969854, 0.835151, -0.034917, -0.192443
0.969858, 0.913432, -0.037353, -0.107582
0.970438, 0.419806, -0.029236, -0.622673
0.970489, 0.398772, -0.028862, -0.643291
0.970753, 0.215928, -0.024530, -0.808436
0.970775, 0.989149, -0.045338, -0.016890
0.971101, 0.491781, -0.029564, -0.551660
0.971218, 0.519525, -0.029770, -0.523603
0.972473, 0.505038, -0.028315, -0.538321
0.973156, 0.000000, 1.067743, 0.000000
0.973194, 0.103851, -0.018208, -0.893678
0.973407, 0.635530, -0.028663, -0.404672
0.973432, 0.021821, 0.836061, -0.088387
0.973821, 0.658304, -0.028427, -0.380887
0.975151, 0.069069, -0.008763, -0.909342
0.976193, 1.000000, -0.040855, 0.000000
0.976357, 0.798068, -0.026967, -0.232802
0.976501, 0.447985, -0.023573, -0.595141
0.976504, 0.055917, -0.000054, -0.909214
0.976634, 0.978260, -0.035858, -0.033318
0.976714, 0.923994, -0.029462, -0.096385
0.976807, 0.337031, -0.021818, -0.701490
0.976865, 0.705182, -0.025491, -0.331459
0.977296, 0.205591, -0.018776, -0.817557
0.977579, 0.784671, -0.025423, -0.247055
0.977709, 0.386472, -0.021646, -0.655231
0.977726, 0.937667, -0.029163, -0.081728
0.977925, 0.192227, -0.017916, -0.828343
0.978038, 0.951400, -0.029929, -0.066322
0.978043, 0.093138, -0.014508, -0.900908
0.978043, 0.043443, -0.059590, -0.976502
0.978046, 0.717005, -0.024293, -0.319018
0.978149, 0.692602, -0.023974, -0.344691
0.978175, 0.679365, -0.023842, -0.358531
0.978185, 0.137537, -0.016086, -0.870252
0.978282, 0.593809, -0.023093, -0.448072
0.978373, 0.743622, -0.024148, -0.290782
0.978379, 0.622004, -0.023208, -0.418897
0.978416, 0.771332, -0.024341, -0.261249
0.978445, 0.347901, -0.020426, -0.691343
0.978486, 0.178950, -0.017109, -0.838870
0.978497, 0.326231, -0.020070, -0.711726
0.978506, 0.124937, -0.015404, -0.879225
0.978520, 0.607453, -0.022945, -0.433964
0.978598, 0.964621, -0.030790, -0.050980
0.978612, 0.540130, -0.022308, -0.503093
0.978650, 0.411120, -0.021020, -0.631422
0.978668, 0.553091, -0.022362, -0.489951
0.978678, 0.360097, -0.020369, -0.680030
0.978690, 0.882119, -0.025561, -0.142065
0.978726, 0.314097, -0.019674, -0.722977
0.978776, 0.868617, -0.025162, -0.156640
0.978782, 0.826400, -0.024520, -0.202287
0.978838, 0.567125, -0.022288, -0.475485
0.978894, 0.437536, -0.021069, -0.605724
0.978907, 0.580772, -0.022325, -0.461479
0.978934, 0.812985, -0.024165, -0.216649
0.978986, 0.730850, -0.023348, -0.304244
0.979040, 0.301435, -0.019186, -0.734504
0.979073, 0.757796, -0.023475, -0.275627
0.979117, 0.372715, -0.020115, -0.668281
0.979122, 0.458833, -0.021048, -0.584476
0.979129, 0.895577, -0.025388, -0.127507
0.979131, 0.165515, -0.016228, -0.849306
0.979140, 0.288197, -0.018879, -0.746415
0.979214, 0.274814, -0.018585, -0.758307
0.979327, 0.151699, -0.015676, -0.859791
0.979411, 0.261341, -0.018172, -0.770168
0.979451, 0.854819, -0.024122, -0.171526
0.979452, 0.011609, 0.968398, 0.150299
0.979534, 0.248016, -0.017814, -0.781709
0.979653, 0.667410, -0.022143, -0.371187
0.979653, 0.031375, -0.079783, -1.006236
0.979679, 0.647530, -0.021984, -0.392087
0.979807, 0.909222, -0.024994, -0.112690
0.979810, 0.470975, -0.020470, -0.572524
0.979910, 0.840913, -0.023376, -0.186499
0.979981, 0.080930, -0.012080, -0.908151
0.980157, 0.112429, -0.013788, -0.888032
0.980200, 0.425444, -0.019640, -0.617572
0.980220, 0.234291, -0.016957, -0.793473
0.980490, 0.220450, -0.016447, -0.805146
0.980859, 0.484061, -0.019521, -0.559598
0.980966, 0.526509, -0.019751, -0.516918
0.981170, 0.398809, -0.018412, -0.643334
0.981193, 0.512468, -0.019404, -0.531035
0.981705, 0.497795, -0.018767, -0.545878
0.984734, 0.634974, -0.016454, -0.405291
0.985921, 0.987310, -0.025228, -0.022762
0.986045, 0.000000, 1.555232, 0.000000
0.987634, 0.062734, -0.008532, -0.923643
0.988067, 0.102723, -0.008079, -0.895262
0.988096, 0.022404, -0.209646, -1.172119
0.988252, 0.657773, -0.012756, -0.381652
0.988328, 1.000000, -0.024991, 0.000000
0.988400, 0.792066, -0.013200, -0.239275
0.988401, 0.805050, -0.013279, -0.225390
0.988524, 0.930667, -0.014933, -0.090246
0.988629, 0.973044, -0.017957, -0.042474
0.988738, 0.917440, -0.014211, -0.104454
0.988753, 0.337172, -0.010583, -0.701985
0.988754, 0.199267, -0.009222, -0.822704
0.988792, 0.049944, -0.001793, -0.930091
0.988821, 0.613911, -0.011970, -0.427434
0.988837, 0.698227, -0.012282, -0.339069
0.988846, 0.447949, -0.011197, -0.595809
0.988905, 0.944416, -0.015022, -0.075220
0.988966, 0.710849, -0.012196, -0.325737
0.988988, 0.212327, -0.009195, -0.811988
0.989037, 0.778681, -0.012406, -0.253547
0.989039, 0.684992, -0.012012, -0.353081
0.989055, 0.378729, -0.010577, -0.662796
0.989064, 0.074889, -0.008352, -0.915338
0.989159, 0.185932, -0.008720, -0.833438
0.989162, 0.724030, -0.012026, -0.311705
0.989166, 0.600669, -0.011553, -0.441209
0.989197, 0.751136, -0.012100, -0.282902
0.989228, 0.560358, -0.011325, -0.482670
0.989235, 0.144455, -0.008051, -0.865475
0.989252, 0.958419, -0.015467, -0.059647
0.989378, 0.130951, -0.007716, -0.875395
0.989422, 0.546987, -0.011069, -0.496320
0.989423, 0.587448, -0.011227, -0.454855
0.989430, 0.875272, -0.012639, -0.149792
0.989431, 0.765028, -0.011896, -0.268086
0.989434, 0.573894, -0.011164, -0.468809
0.989479, 0.172363, -0.008281, -0.844141
0.989501, 0.833055, -0.012185, -0.195211
0.989535, 0.351107, -0.009939, -0.689086
0.989539, 0.419476, -0.010352, -0.623522
0.989553, 0.888998, -0.012669, -0.135027
0.989561, 0.737713, -0.011635, -0.297153
0.989565, 0.323266, -0.009722, -0.714709
0.989589, 0.861520, -0.012304, -0.164561
0.989607, 0.819120, -0.011973, -0.210202
0.989655, 0.295723, -0.009426, -0.739677
0.989656, 0.309478, -0.009533, -0.727255
0.989659, 0.158480, -0.007944, -0.854869
0.989663, 0.282044, -0.009306, -0.751913
0.989713, 0.268401, -0.009144, -0.763975
0.989717, 0.364904, -0.009857, -0.676032
0.989843, 0.089252, -0.006840, -0.904425
0.989858, 0.254700, -0.008893, -0.775949
0.989875, 0.533755, -0.010537, -0.509681
0.989914, 0.902991, -0.012454, -0.119967
0.989943, 0.847431, -0.011767, -0.179696
0.989957, 0.391612, -0.009786, -0.650459
0.989987, 0.036508, -0.018203, -0.966309
0.989993, 0.671687, -0.010915, -0.367037
0.989993, 0.240935, -0.008645, -0.787802
0.990070, 0.461862, -0.010033, -0.582101
0.990166, 0.117252, -0.006902, -0.885138
0.990176, 0.433956, -0.009793, -0.609356
0.990323, 0.406156, -0.009502, -0.636285
0.990335, 0.226755, -0.008214, -0.799858
0.990410, 0.475928, -0.009752, -0.568036
0.990529, 0.626488, -0.010185, -0.414191
0.990627, 0.505006, -0.009645, -0.538696
0.990660, 0.519424, -0.009668, -0.524176
0.990892, 0.490294, -0.009318, -0.553551
0.991263, 0.644506, -0.009445, -0.395413
0.991507, 0.009728, 0.093889, -0.836277
1.000000, 0.000000, 0.000000, 0.000000
1.000000, 0.015532, 0.000000, -0.897917
1.000000, 0.028850, 0.000000, -0.847967
1.000000, 0.042949, 0.000000, -0.910281
1.000000, 0.056291, 0.000000, -0.920067
1.000000, 0.069044, 0.000000, -0.914964
1.000000, 0.082503, 0.000000, -0.907169
1.000000, 0.096534, 0.000000, -0.898841
1.000000, 0.109755, 0.000000, -0.890343
1.000000, 0.124015, 0.000000, -0.880250
1.000000, 0.137778, 0.000000, -0.870417
1.000000, 0.151462, 0.000000, -0.860302
1.000000, 0.165363, 0.000000, -0.849664
1.000000, 0.179123, 0.000000, -0.838940
1.000000, 0.192679, 0.000000, -0.828172
1.000000, 0.206020, 0.000000, -0.817393
1.000000, 0.219510, 0.000000, -0.806216
1.000000, 0.233742, 0.000000, -0.794050
1.000000, 0.247716, 0.000000, -0.782142
1.000000, 0.261565, 0.000000, -0.770148
1.000000, 0.275318, 0.000000, -0.758090
1.000000, 0.289054, 0.000000, -0.745882
1.000000, 0.302820, 0.000000, -0.733501
1.000000, 0.316639, 0.000000, -0.720931
1.000000, 0.330474, 0.000000, -0.708220
1.000000, 0.343940, 0.000000, -0.695829
1.000000, 0.357765, 0.000000, -0.682686
1.000000, 0.371624, 0.000000, -0.669533
1.000000, 0.385056, 0.000000, -0.656880
1.000000, 0.398969, 0.000000, -0.643363
1.000000, 0.413133, 0.000000, -0.629665
1.000000, 0.426906, 0.000000, -0.616405
1.000000, 0.441120, 0.000000, -0.602418
1.000000, 0.454635, 0.000000, -0.589296
1.000000, 0.468755, 0.000000, -0.575027
1.000000, 0.483042, 0.000000, -0.560693
1.000000, 0.497614, 0.000000, -0.546010
1.000000, 0.512011, 0.000000, -0.531603
1.000000, 0.526367, 0.000000, -0.517057
1.000000, 0.540182, 0.000000, -0.503160
1.000000, 0.553712, 0.000000, -0.489426
1.000000, 0.567155, 0.000000, -0.475703
1.000000, 0.580727, 0.000000, -0.461701
1.000000, 0.594305, 0.000000, -0.447679
1.000000, 0.607788, 0.000000, -0.433773
1.000000, 0.621199, 0.000000, -0.419961
1.000000, 0.635694, 0.000000, -0.404525
1.000000, 0.650763, 0.000000, -0.388598
1.000000, 0.663986, 0.000000, -0.375322
1.000000, 0.677907, 0.000000, -0.360373
1.000000, 0.691215, 0.000000, -0.346468
1.000000, 0.704361, 0.000000, -0.332630
1.000000, 0.717586, 0.000000, -0.318601
1.000000, 0.730985, 0.000000, -0.304376
1.000000, 0.744658, 0.000000, -0.289772
1.000000, 0.758202, 0.000000, -0.275419
1.000000, 0.771928, 0.000000, -0.260745
1.000000, 0.785479, 0.000000, -0.246328
1.000000, 0.798750, 0.000000, -0.232242
1.000000, 0.812090, 0.000000, -0.217964
1.000000, 0.826103, 0.000000, -0.202715
1.000000, 0.840085, 0.000000, -0.187708
1.000000, 0.854292, 0.000000, -0.172368
1.000000, 0.868258, 0.000000, -0.157429
1.000000, 0.882118, 0.000000, -0.142588
1.000000, 0.896062, 0.000000, -0.127620
1.000000, 0.910254, 0.000000, -0.112360
1.000000, 0.923822, 0.000000, -0.098019
1.000000, 0.937238, 0.000000, -0.083694
1.000000, 0.950773, 0.000000, -0.069093
1.000000, 0.964301, 0.000000, -0.054338
1.000000, 0.976971, 0.000000, -0.039933
1.000000, 0.988540, 0.000000, -0.024751
1.000000, 1.000000, 0.000000, 0.000000
