0.000000, 0.000000, 0.000000, 0.000000
0.000000, 0.010755, 0.000000, 0.035257
0.000000, 0.021597, 0.000000, 0.060488
0.000000, 0.033448, 0.000000, 0.088418
0.000000, 0.045500, 0.000000, 0.116821
0.000000, 0.057899, 0.000000, 0.146057
0.000000, 0.070478, 0.000000, 0.175628
0.000000, 0.083276, 0.000000, 0.205606
0.000000, 0.096279, 0.000000, 0.235982
0.000000, 0.109343, 0.000000, 0.266348
0.000000, 0.122354, 0.000000, 0.296406
0.000000, 0.135251, 0.000000, 0.325902
0.000000, 0.148125, 0.000000, 0.355085
0.000000, 0.160994, 0.000000, 0.383935
0.000000, 0.173929, 0.000000, 0.412647
0.000000, 0.186917, 0.000000, 0.441155
0.000000, 0.199955, 0.000000, 0.469408
0.000000, 0.213057, 0.000000, 0.497405
0.000000, 0.226249, 0.000000, 0.525170
0.000000, 0.239548, 0.000000, 0.552733
0.000000, 0.252916, 0.000000, 0.579961
0.000000, 0.266310, 0.000000, 0.606697
0.000000, 0.279730, 0.000000, 0.632905
0.000000, 0.293210, 0.000000, 0.658645
0.000000, 0.306746, 0.000000, 0.683950
0.000000, 0.320139, 0.000000, 0.708255
0.000000, 0.333464, 0.000000, 0.731705
0.000000, 0.346801, 0.000000, 0.754437
0.000000, 0.360197, 0.000000, 0.776477
0.000000, 0.373712, 0.000000, 0.797914
0.000000, 0.387310, 0.000000, 0.818630
0.000000, 0.400954, 0.000000, 0.838505
0.000000, 0.414644, 0.000000, 0.857473
0.000000, 0.428410, 0.000000, 0.875519
0.000000, 0.442304, 0.000000, 0.892670
0.000000, 0.456306, 0.000000, 0.909042
0.000000, 0.469470, 0.000000, 0.923108
0.000000, 0.482296, 0.000000, 0.935625
0.000000, 0.495090, 0.000000, 0.947028
0.000000, 0.507721, 0.000000, 0.957147
0.000000, 0.520000, 0.000000, 0.965829
0.000000, 0.531685, 0.000000, 0.972984
0.000000, 0.542741, 0.000000, 0.979223
0.000000, 0.554654, 0.000000, 0.984746
0.000000, 0.567726, 0.000000, 0.989252
0.000000, 0.581396, 0.000000, 0.992297
0.000000, 0.595347, 0.000000, 0.993624
0.000000, 0.609204, 0.000000, 0.993104
0.000000, 0.622924, 0.000000, 0.990762
0.000000, 0.637031, 0.000000, 0.986325
0.000000, 0.651128, 0.000000, 0.979762
0.000000, 0.664928, 0.000000, 0.971135
0.000000, 0.678431, 0.000000, 0.960904
0.000000, 0.692643, 0.000000, 0.947518
0.000000, 0.706570, 0.000000, 0.932211
0.000000, 0.720639, 0.000000, 0.914561
0.000000, 0.735083, 0.000000, 0.893551
0.000000, 0.749533, 0.000000, 0.870243
0.000000, 0.764823, 0.000000, 0.841060
0.000000, 0.778977, 0.000000, 0.812200
0.000000, 0.793123, 0.000000, 0.779790
0.000000, 0.806711, 0.000000, 0.747274
0.000000, 0.821308, 0.000000, 0.709078
0.000000, 0.836489, 0.000000, 0.665568
0.000000, 0.851557, 0.000000, 0.617861
0.000000, 0.865590, 0.000000, 0.572308
0.000000, 0.879696, 0.000000, 0.523556
0.000000, 0.893469, 0.000000, 0.473552
0.000000, 0.906920, 0.000000, 0.422497
0.000000, 0.920080, 0.000000, 0.370685
0.000000, 0.933351, 0.000000, 0.315699
0.000000, 0.945699, 0.000000, 0.265374
0.000000, 0.959562, 0.000000, 0.203270
0.000000, 0.972602, 0.000000, 0.145129
0.000000, 0.985200, 0.000000, 0.093580
0.000000, 1.000000, 0.000000, 0.000000
0.008688, 0.756863, -0.016131, 0.856066
0.009154, 0.828561, -0.026539, 0.687455
0.009174, 0.989329, -0.057924, 0.067762
0.009439, 0.844117, -0.029528, 0.640704
0.009857, 0.952306, -0.046623, 0.234578
0.009887, 0.813458, -0.026489, 0.729034
0.009940, 0.449389, 0.011462, 0.900748
0.009973, 0.742105, -0.016487, 0.881532
0.009980, 0.728090, -0.014562, 0.903195
0.010035, 0.588108, 0.001030, 0.992443
0.010039, 0.629506, -0.003053, 0.988336
0.010131, 0.435276, 0.012544, 0.883875
0.010174, 0.573633, 0.002345, 0.990015
0.010277, 0.643845, -0.004700, 0.982799
0.010306, 0.685295, -0.009577, 0.954054
0.010309, 0.602226, -0.000306, 0.992901
0.010314, 0.559073, 0.003656, 0.985724
0.010322, 0.421445, 0.013597, 0.866245
0.010435, 0.407752, 0.014527, 0.847760
0.010478, 0.544421, 0.004959, 0.979647
0.010507, 0.394106, 0.015374, 0.828361
0.010587, 0.380470, 0.016212, 0.808046
0.010596, 0.786793, -0.024097, 0.793928
0.010617, 0.615959, -0.001741, 0.991485
0.010656, 0.299872, 0.019986, 0.670948
0.010727, 0.366865, 0.017121, 0.786891
0.010731, 0.286343, 0.020652, 0.645425
0.010740, 0.713560, -0.013773, 0.923004
0.010755, 0.529944, 0.006294, 0.972002
0.010814, 0.272913, 0.021312, 0.619481
0.010838, 0.259492, 0.021833, 0.592973
0.010842, 0.246054, 0.022291, 0.565878
0.010847, 0.873188, -0.038510, 0.545876
0.010873, 0.772022, -0.022553, 0.825947
0.010895, 0.658173, -0.006687, 0.974898
0.010909, 0.232671, 0.022857, 0.538387
0.010924, 0.353373, 0.018107, 0.765076
0.010932, 0.313487, 0.019944, 0.696002
0.010970, 0.699525, -0.012117, 0.939507
0.011014, 0.340062, 0.018899, 0.742767
0.011039, 0.326795, 0.019552, 0.719776
0.011049, 0.219432, 0.023562, 0.510732
0.011120, 0.102757, 0.026620, 0.250879
0.011166, 0.206315, 0.024201, 0.482898
0.011166, 0.887183, -0.041963, 0.495973
0.011169, 0.089484, 0.027027, 0.219937
0.011182, 0.516151, 0.007812, 0.963062
0.011216, 0.115915, 0.026568, 0.281365
0.011248, 0.193275, 0.024750, 0.454827
0.011284, 0.858792, -0.037658, 0.594072
0.011303, 0.463716, 0.012039, 0.916635
0.011309, 0.180291, 0.025238, 0.426506
0.011314, 0.502733, 0.009030, 0.953001
0.011361, 0.000000, 0.036686, 0.000000
0.011383, 0.167337, 0.025741, 0.397906
0.011395, 0.927071, -0.049463, 0.340925
0.011400, 0.025016, 0.030529, 0.066980
0.011421, 0.076389, 0.027957, 0.189244
0.011422, 0.128820, 0.026761, 0.311025
0.011462, 0.141660, 0.026555, 0.340282
0.011462, 0.489552, 0.010217, 0.941869
0.011488, 0.154447, 0.026303, 0.369129
0.011504, 0.900785, -0.045500, 0.445043
0.011553, 0.671386, -0.008897, 0.965702
0.011638, 0.799668, -0.028818, 0.763563
0.011641, 0.063534, 0.028862, 0.158927
0.011722, 0.964908, -0.058253, 0.178064
0.011725, 0.050873, 0.029552, 0.128950
0.011731, 0.476511, 0.011488, 0.929674
0.011836, 0.914050, -0.049053, 0.393270
0.011937, 0.037990, 0.030765, 0.098247
0.013129, 0.940476, -0.059608, 0.285194
0.013423, 1.000000, -0.086486, 0.000000
0.013695, 0.976980, -0.073438, 0.123330
0.013912, 0.011588, 0.039674, 0.033005
0.018511, 0.762079, -0.035621, 0.844562
0.018733, 0.834890, -0.055944, 0.667668
0.019000, 0.820561, -0.052668, 0.708181
0.019327, 0.749279, -0.033720, 0.867813
0.019666, 0.580823, 0.003227, 0.990285
0.019772, 0.565959, 0.005825, 0.986859
0.019906, 0.635517, -0.007458, 0.984754
0.019943, 0.455847, 0.022142, 0.907228
0.019996, 0.781212, -0.043987, 0.804616
0.020028, 0.551339, 0.008387, 0.981605
0.020069, 0.721987, -0.027726, 0.909951
0.020129, 0.441956, 0.024086, 0.891176
0.020225, 0.595053, 0.000659, 0.991547
0.020397, 0.650407, -0.010886, 0.977771
0.020564, 0.428236, 0.026266, 0.874182
0.020629, 0.537115, 0.011033, 0.974740
0.020773, 0.847362, -0.065969, 0.629579
0.020839, 0.414618, 0.028208, 0.856297
0.020906, 0.953495, -0.098984, 0.227232
0.020926, 0.735403, -0.032712, 0.890163
0.020983, 0.988156, -0.114036, 0.064208
0.020983, 0.401036, 0.029929, 0.837490
0.020996, 0.608904, -0.002127, 0.990854
0.021018, 0.691622, -0.021239, 0.946059
0.021083, 0.387442, 0.031537, 0.817727
0.021244, 0.373812, 0.033191, 0.796999
0.021324, 0.306327, 0.039460, 0.682262
0.021395, 0.622483, -0.005097, 0.988377
0.021423, 0.292850, 0.040715, 0.657165
0.021567, 0.360174, 0.035066, 0.775379
0.021597, 0.706791, -0.025784, 0.929268
0.021599, 0.252554, 0.043962, 0.578501
0.021608, 0.279494, 0.042083, 0.631682
0.021639, 0.266078, 0.043115, 0.605484
0.021641, 0.678769, -0.018463, 0.957664
0.021656, 0.807122, -0.055720, 0.742352
0.021693, 0.239075, 0.045033, 0.551071
0.021727, 0.523626, 0.013926, 0.966676
0.021984, 0.225802, 0.046476, 0.523582
0.021994, 0.346645, 0.037087, 0.753107
0.022032, 0.320098, 0.039597, 0.707204
0.022033, 0.096041, 0.052989, 0.234877
0.022108, 0.869552, -0.077404, 0.555272
0.022112, 0.333394, 0.038542, 0.730566
0.022227, 0.109432, 0.052890, 0.266035
0.022232, 0.510196, 0.016475, 0.957372
0.022256, 0.212669, 0.047847, 0.495938
0.022362, 0.882083, -0.082357, 0.510903
0.022442, 0.082708, 0.054589, 0.203708
0.022444, 0.199625, 0.049011, 0.468067
0.022593, 0.186653, 0.050057, 0.439970
0.022621, 0.496995, 0.018912, 0.946976
0.022685, 0.173717, 0.050950, 0.411593
0.022755, 0.122316, 0.053569, 0.295731
0.022842, 0.160761, 0.051960, 0.382830
0.022848, 0.895125, -0.088455, 0.462994
0.022909, 0.019962, 0.060805, 0.052884
0.022914, 0.135173, 0.053360, 0.325146
0.022945, 0.483786, 0.021278, 0.935367
0.022989, 0.069554, 0.056581, 0.172700
0.023054, 0.147861, 0.053078, 0.353881
0.023084, 0.663903, -0.015819, 0.968978
0.023110, 0.932703, -0.102010, 0.314797
0.023363, 0.044539, 0.059279, 0.113268
0.023423, 0.908235, -0.095102, 0.413084
0.023431, 0.858340, -0.078184, 0.593254
0.023467, 0.470539, 0.023825, 0.922548
0.023482, 0.000000, 0.065149, 0.000000
0.023557, 0.056983, 0.058782, 0.142945
0.023673, 0.031552, 0.061389, 0.081822
0.023951, 0.921073, -0.101658, 0.362431
0.024027, 0.793457, -0.057060, 0.774853
0.024135, 0.966550, -0.119133, 0.167231
0.025585, 0.770566, -0.052355, 0.825466
0.026125, 1.000000, -0.140975, 0.000000
0.027882, 0.943287, -0.126927, 0.268228
0.028382, 0.978141, -0.144864, 0.110475
0.028751, 0.573234, 0.006679, 0.986804
0.028758, 0.827535, -0.082835, 0.685355
0.028905, 0.641131, -0.012389, 0.980219
0.029266, 0.010583, 0.077486, 0.028047
0.029374, 0.717129, -0.038971, 0.913598
0.029393, 0.558311, 0.010621, 0.982287
0.029830, 0.587587, 0.003017, 0.988803
0.029924, 0.460455, 0.032465, 0.910285
0.030176, 0.744560, -0.050818, 0.871899
0.030193, 0.697217, -0.032479, 0.937268
0.030212, 0.757335, -0.056319, 0.849339
0.030411, 0.544088, 0.014567, 0.976157
0.030536, 0.447655, 0.035521, 0.895946
0.030952, 0.601433, -0.000950, 0.988845
0.030958, 0.434639, 0.038382, 0.880468
0.031312, 0.421372, 0.041181, 0.863641
0.031384, 0.838958, -0.095638, 0.650161
0.031443, 0.816047, -0.085090, 0.716088
0.031467, 0.672928, -0.024848, 0.959592
0.031514, 0.407984, 0.043752, 0.845667
0.031614, 0.394521, 0.046118, 0.826640
0.031709, 0.380984, 0.048404, 0.806578
0.031932, 0.312452, 0.058294, 0.692243
0.031942, 0.367348, 0.050841, 0.785457
0.031994, 0.615125, -0.005301, 0.987070
0.032170, 0.299102, 0.060362, 0.667774
0.032184, 0.781412, -0.070950, 0.799101
0.032192, 0.730053, -0.048135, 0.894125
0.032251, 0.531138, 0.018771, 0.968985
0.032259, 0.653574, -0.018413, 0.972623
0.032267, 0.259066, 0.064973, 0.590620
0.032329, 0.245449, 0.066458, 0.563198
0.032443, 0.628630, -0.009724, 0.983867
0.032464, 0.272669, 0.063935, 0.617442
0.032473, 0.353619, 0.053715, 0.763297
0.032486, 0.285973, 0.062496, 0.643074
0.032804, 0.232141, 0.068719, 0.535897
0.032833, 0.102823, 0.078475, 0.250136
0.032978, 0.517855, 0.022558, 0.960520
0.033071, 0.089464, 0.079873, 0.218926
0.033169, 0.956539, -0.156617, 0.208095
0.033175, 0.326760, 0.058687, 0.717709
0.033214, 0.339973, 0.056910, 0.740453
0.033253, 0.219004, 0.070880, 0.508485
0.033579, 0.205944, 0.072738, 0.480803
0.033641, 0.989681, -0.172672, 0.051552
0.033689, 0.803171, -0.084810, 0.747869
0.033698, 0.504898, 0.026292, 0.950993
0.033704, 0.075817, 0.082245, 0.186722
0.033844, 0.192997, 0.074419, 0.452975
0.033850, 0.850742, -0.109044, 0.612773
0.033982, 0.115732, 0.080388, 0.280023
0.033990, 0.876169, -0.122180, 0.527647
0.034014, 0.180094, 0.075848, 0.424882
0.034057, 0.491897, 0.029733, 0.940273
0.034078, 0.167176, 0.077000, 0.396415
0.034209, 0.889151, -0.129341, 0.480976
0.034275, 0.128659, 0.080229, 0.309716
0.034319, 0.154125, 0.078519, 0.367313
0.034333, 0.037545, 0.086885, 0.095171
0.034390, 0.685167, -0.032087, 0.947969
0.034609, 0.479104, 0.033257, 0.928516
0.034673, 0.863680, -0.118371, 0.570113
0.034690, 0.902517, -0.137695, 0.430617
0.034716, 0.141145, 0.080368, 0.338063
0.035177, 0.062927, 0.086835, 0.156220
0.035289, 0.916320, -0.146791, 0.376310
0.035529, 0.050400, 0.088761, 0.126306
0.035536, 0.023007, 0.091454, 0.059077
0.035810, 0.930744, -0.156177, 0.318171
0.035848, 0.707378, -0.043102, 0.923408
0.036954, 0.000000, 0.096802, 0.000000
0.037469, 0.767806, -0.075389, 0.825243
0.037647, 0.969873, -0.183065, 0.145200
0.038010, 0.565763, 0.011270, 0.982153
0.038117, 0.663112, -0.025809, 0.964337
0.038137, 0.467914, 0.039424, 0.916564
0.038190, 0.791648, -0.089811, 0.773010
0.038938, 0.579540, 0.006766, 0.984902
0.039389, 1.000000, -0.201895, 0.000000
0.039599, 0.641909, -0.017719, 0.975801
0.039645, 0.551100, 0.016636, 0.976511
0.039900, 0.740986, -0.065611, 0.873219
0.040186, 0.945065, -0.182633, 0.255225
0.040654, 0.828031, -0.117246, 0.677226
0.040730, 0.593299, 0.001877, 0.985575
0.040992, 0.454587, 0.045772, 0.901646
0.041173, 0.719425, -0.056068, 0.905046
0.041613, 0.441460, 0.049773, 0.886522
0.041901, 0.318399, 0.075428, 0.701520
0.041930, 0.428301, 0.053372, 0.870384
0.042043, 0.754121, -0.076666, 0.848833
0.042144, 0.415032, 0.056776, 0.853140
0.042165, 0.606515, -0.003411, 0.984557
0.042248, 0.401686, 0.059939, 0.834865
0.042285, 0.388279, 0.062903, 0.815593
0.042354, 0.374785, 0.065809, 0.795295
0.042568, 0.696064, -0.045440, 0.933130
0.042630, 0.361134, 0.068963, 0.773858
0.042706, 0.813888, -0.114249, 0.714796
0.042723, 0.983412, -0.212032, 0.079897
0.042759, 0.011337, 0.109739, 0.028946
0.042773, 0.251806, 0.087019, 0.574804
0.042839, 0.538773, 0.022187, 0.969897
0.042890, 0.265573, 0.085390, 0.602227
0.043014, 0.304870, 0.079687, 0.676894
0.043407, 0.347276, 0.072902, 0.751194
0.043476, 0.238477, 0.090195, 0.547729
0.043477, 0.279207, 0.084580, 0.628748
0.043547, 0.619259, -0.009072, 0.981885
0.043571, 0.841440, -0.134404, 0.636355
0.043607, 0.292227, 0.082839, 0.653489
0.043626, 0.525438, 0.027174, 0.962213
0.043685, 0.082801, 0.105572, 0.202087
0.043704, 0.096710, 0.104733, 0.235023
0.043845, 0.674712, -0.035672, 0.952683
0.044151, 0.225323, 0.093256, 0.520535
0.044216, 0.778826, -0.095937, 0.798387
0.044260, 0.031801, 0.111647, 0.080048
0.044272, 0.630976, -0.014545, 0.978128
0.044589, 0.333365, 0.077526, 0.727672
0.044611, 0.212221, 0.095816, 0.493000
0.044771, 0.108651, 0.106204, 0.262532
0.044809, 0.512783, 0.032202, 0.953557
0.045066, 0.199283, 0.098300, 0.465414
0.045146, 0.499736, 0.036735, 0.943645
0.045177, 0.855222, -0.148529, 0.592202
0.045229, 0.959289, -0.212125, 0.189801
0.045348, 0.186455, 0.100349, 0.437711
0.045376, 0.160642, 0.103084, 0.380935
0.045422, 0.122216, 0.106730, 0.294037
0.045454, 0.173596, 0.101949, 0.409592
0.045593, 0.881963, -0.167538, 0.500806
0.045739, 0.868832, -0.159467, 0.546565
0.045753, 0.147340, 0.105216, 0.351123
0.045761, 0.486819, 0.041365, 0.932558
0.045799, 0.730481, -0.068931, 0.886625
0.045869, 0.069786, 0.112048, 0.171473
0.045878, 0.895212, -0.177155, 0.452221
0.045923, 0.652222, -0.025691, 0.967491
0.046320, 0.908621, -0.187427, 0.400854
0.046587, 0.134180, 0.108353, 0.321270
0.046828, 0.801884, -0.117078, 0.742749
0.046851, 0.922167, -0.197964, 0.346610
0.046898, 0.044136, 0.117126, 0.110207
0.047626, 0.558652, 0.016872, 0.976339
0.047670, 0.056904, 0.117651, 0.140788
0.048104, 0.474832, 0.047301, 0.920719
0.048259, 0.707962, -0.058830, 0.915956
0.048608, 0.935307, -0.213427, 0.291490
0.048676, 0.685846, -0.046063, 0.940036
0.048726, 0.571570, 0.011712, 0.979520
0.049373, 0.766029, -0.098256, 0.821655
0.049728, 0.584687, 0.006006, 0.981164
0.050075, 0.021033, 0.126549, 0.052860
0.050100, 0.973351, -0.239962, 0.123799
0.050259, 0.000000, 0.128087, 0.000000
0.050343, 0.462170, 0.053613, 0.907178
0.050896, 1.000000, -0.247716, 0.000000
0.051096, 0.743163, -0.085733, 0.862714
0.051212, 0.789550, -0.118975, 0.769520
0.051231, 0.663338, -0.035147, 0.957364
0.051460, 0.322749, 0.091680, 0.707105
0.051565, 0.822705, -0.144877, 0.685064
0.052033, 0.448765, 0.059762, 0.892037
0.052151, 0.598362, -0.000531, 0.980393
0.052287, 0.640231, -0.022537, 0.970225
0.052509, 0.948996, -0.238437, 0.231014
0.052573, 0.435467, 0.064564, 0.876328
0.052828, 0.422205, 0.068897, 0.859744
0.052881, 0.547354, 0.023585, 0.969867
0.052965, 0.408929, 0.072945, 0.842197
0.053012, 0.395650, 0.076724, 0.823723
0.053014, 0.382374, 0.080284, 0.804354
0.053053, 0.258077, 0.106770, 0.585651
0.053064, 0.369078, 0.083773, 0.784061
0.053233, 0.090870, 0.127672, 0.220179
0.053243, 0.309924, 0.097494, 0.683835
0.053421, 0.355746, 0.087628, 0.762786
0.053598, 0.271946, 0.105449, 0.612785
0.053687, 0.834183, -0.159713, 0.650143
0.053718, 0.719552, -0.073460, 0.897235
0.053882, 0.611588, -0.007621, 0.978146
0.053943, 0.532940, 0.030199, 0.962492
0.053988, 0.244883, 0.110857, 0.559189
0.054604, 0.342427, 0.092768, 0.740514
0.054894, 0.231732, 0.114833, 0.532291
0.054947, 0.114929, 0.129586, 0.276152
0.054950, 0.285526, 0.105559, 0.638740
0.054978, 0.987604, -0.265160, 0.057087
0.055114, 0.754801, -0.101196, 0.839093
0.055238, 0.847316, -0.174919, 0.609222
0.055395, 0.297437, 0.103992, 0.660751
0.055398, 0.625771, -0.015588, 0.974080
0.055488, 0.697163, -0.060397, 0.923779
0.055495, 0.218466, 0.118135, 0.504661
0.055737, 0.078590, 0.134962, 0.191389
0.055980, 0.811959, -0.148374, 0.710861
0.056015, 0.520770, 0.036572, 0.954614
0.056099, 0.507433, 0.042229, 0.945480
0.056183, 0.032552, 0.140222, 0.080827
0.056185, 0.205497, 0.121529, 0.477228
0.056358, 0.860899, -0.189644, 0.564932
0.056397, 0.154093, 0.128759, 0.365084
0.056629, 0.494164, 0.048009, 0.934953
0.056664, 0.675696, -0.047199, 0.944167
0.056665, 0.777245, -0.121772, 0.792950
0.056731, 0.192722, 0.124534, 0.449848
0.056812, 0.167141, 0.128103, 0.394034
0.056889, 0.180016, 0.126614, 0.422298
0.056937, 0.874367, -0.202639, 0.519028
0.057078, 0.140325, 0.131915, 0.334096
0.057112, 0.010890, 0.143871, 0.027268
0.057153, 0.887542, -0.214018, 0.472221
0.057196, 0.102279, 0.136306, 0.247023
0.057316, 0.962887, -0.266401, 0.167529
0.057572, 0.900696, -0.225980, 0.423281
0.057955, 0.561433, 0.018762, 0.972504
0.058139, 0.731632, -0.088722, 0.876212
0.058153, 0.913787, -0.238276, 0.372377
0.058439, 0.066489, 0.142835, 0.162774
0.058517, 0.481734, 0.054576, 0.923438
0.058641, 0.330842, 0.102443, 0.719762
0.058858, 0.126606, 0.137667, 0.303018
0.058910, 0.651386, -0.032932, 0.960316
0.059031, 0.043962, 0.146226, 0.108517
0.059330, 0.926577, -0.252548, 0.320539
0.059526, 0.574961, 0.012183, 0.974886
0.059617, 0.799669, -0.147433, 0.738787
0.060330, 0.588172, 0.005079, 0.975976
0.060339, 0.055260, 0.148394, 0.135704
0.060504, 0.469201, 0.061448, 0.910708
0.061135, 0.708683, -0.075327, 0.906083
0.061155, 0.939360, -0.269126, 0.266609
0.061998, 0.456195, 0.068103, 0.896716
0.062376, 0.976468, -0.293540, 0.105250
0.062471, 0.765961, -0.124480, 0.811531
0.062518, 0.686824, -0.060469, 0.929622
0.062726, 0.317219, 0.112914, 0.694788
0.062741, 0.539927, 0.031411, 0.961881
0.063019, 0.442813, 0.074393, 0.881429
0.063053, 0.637475, -0.025887, 0.964744
0.063145, 1.000000, -0.301254, 0.000000
0.063159, 0.743365, -0.106431, 0.852968
0.063208, 0.264164, 0.125800, 0.595750
0.063215, 0.665324, -0.045288, 0.947974
0.063474, 0.429465, 0.079913, 0.865349
0.063705, 0.416193, 0.084978, 0.848435
0.063827, 0.402989, 0.089707, 0.830672
0.063852, 0.601559, -0.002895, 0.973803
0.063882, 0.389868, 0.094136, 0.812118
0.063897, 0.376835, 0.098303, 0.792822
0.063897, 0.000000, 0.160518, 0.000000
0.063945, 0.824533, -0.181110, 0.669035
0.064023, 0.363919, 0.102433, 0.772838
0.064036, 0.022458, 0.159946, 0.055656
0.064281, 0.787558, -0.147879, 0.763227
0.064296, 0.089170, 0.154283, 0.215551
0.064332, 0.278429, 0.124983, 0.623458
0.064513, 0.251374, 0.131018, 0.570357
0.064576, 0.351010, 0.107097, 0.751963
0.064646, 0.615476, -0.011625, 0.971200
0.064825, 0.952710, -0.292791, 0.207633
0.065277, 0.838721, -0.198463, 0.626960
0.065470, 0.304186, 0.121089, 0.671047
0.065476, 0.238466, 0.135511, 0.544234
0.065487, 0.552009, 0.026250, 0.965526
0.065946, 0.113229, 0.155688, 0.271598
0.066029, 0.224880, 0.139184, 0.516177
0.066102, 0.720737, -0.091770, 0.885847
0.066584, 0.852652, -0.215926, 0.582745
0.066820, 0.515008, 0.046195, 0.945789
0.067114, 0.211652, 0.143856, 0.488400
0.067130, 0.148124, 0.153829, 0.350290
0.067132, 0.501145, 0.053246, 0.935766
0.067599, 0.338640, 0.115650, 0.730686
0.067657, 0.866323, -0.232636, 0.537059
0.067663, 0.810512, -0.177939, 0.703341
0.067683, 0.528676, 0.039751, 0.953584
0.067822, 0.075763, 0.164027, 0.183631
0.067861, 0.754804, -0.124917, 0.828287
0.067882, 0.626148, -0.019821, 0.965904
0.068015, 0.160839, 0.154038, 0.378522
0.068032, 0.198882, 0.148049, 0.461224
0.068115, 0.290936, 0.129256, 0.646308
0.068351, 0.173746, 0.152860, 0.406919
0.068373, 0.879687, -0.247901, 0.490536
0.068536, 0.186307, 0.151258, 0.434186
0.068583, 0.134706, 0.158897, 0.319815
0.068638, 0.988423, -0.322823, 0.050890
0.068710, 0.698150, -0.075950, 0.912631
0.068866, 0.892755, -0.261967, 0.443266
0.068923, 0.034741, 0.170733, 0.085401
0.068967, 0.565192, 0.019743, 0.967510
0.069026, 0.488480, 0.060868, 0.924667
0.069520, 0.905658, -0.276200, 0.394547
0.069809, 0.965859, -0.320302, 0.148549
0.069934, 0.656279, -0.042977, 0.949460
0.069975, 0.100482, 0.166509, 0.241418
0.070081, 0.776365, -0.150229, 0.782538
0.070180, 0.676576, -0.059610, 0.933325
0.070549, 0.918290, -0.291296, 0.344896
0.070562, 0.577856, 0.012245, 0.968879
0.070656, 0.011941, 0.176046, 0.029492
0.070708, 0.325900, 0.124623, 0.707945
0.070824, 0.732313, -0.109215, 0.864234
0.070893, 0.589946, 0.004396, 0.969507
0.071004, 0.476042, 0.068568, 0.912658
0.071247, 0.048322, 0.175183, 0.118178
0.071669, 0.062417, 0.174565, 0.151687
0.071974, 0.644883, -0.035359, 0.954821
0.071979, 0.930685, -0.307330, 0.294453
0.072224, 0.797431, -0.176381, 0.731935
0.072385, 0.463247, 0.075925, 0.899587
0.072816, 0.123181, 0.170287, 0.293319
0.072902, 0.269612, 0.143555, 0.603796
0.073350, 0.450057, 0.082999, 0.885232
0.073399, 0.943020, -0.322198, 0.242901
0.073695, 0.608968, -0.008910, 0.966052
0.073802, 0.710462, -0.093183, 0.892908
0.073976, 0.436749, 0.089644, 0.869841
0.074118, 0.541907, 0.035375, 0.956291
0.074389, 0.423423, 0.095876, 0.853479
0.074635, 0.313345, 0.135191, 0.685181
0.074646, 0.410221, 0.101675, 0.836354
0.074825, 0.397176, 0.107114, 0.818528
0.074936, 0.384286, 0.112201, 0.800060
0.075085, 0.371673, 0.117055, 0.781181
0.075227, 0.359123, 0.121697, 0.761621
0.075387, 0.257516, 0.151329, 0.579650
0.075570, 0.819865, -0.209006, 0.670271
0.075596, 0.087380, 0.181224, 0.210250
0.075616, 0.743777, -0.128231, 0.840665
0.075727, 0.832282, -0.223073, 0.634909
0.075924, 0.977546, -0.350545, 0.096268
0.075984, 0.765519, -0.151517, 0.799264
0.076076, 0.231781, 0.158624, 0.528169
0.076179, 0.687625, -0.074835, 0.917512
0.076196, 1.000000, -0.355417, 0.000000
0.076332, 0.245503, 0.156079, 0.555820
0.076485, 0.346785, 0.127914, 0.741375
0.076736, 0.633303, -0.028550, 0.956560
0.076896, 0.845412, -0.241036, 0.594290
0.076974, 0.280277, 0.148736, 0.623602
0.076983, 0.000000, 0.190931, 0.000000
0.077043, 0.666499, -0.056699, 0.936031
0.077073, 0.507598, 0.057144, 0.935180
0.077346, 0.555877, 0.027766, 0.959468
0.077378, 0.300348, 0.143926, 0.660947
0.077390, 0.955821, -0.346234, 0.187064
0.077415, 0.218140, 0.164357, 0.499959
0.077666, 0.597492, -0.000976, 0.964537
0.077694, 0.024429, 0.191696, 0.059642
0.077971, 0.521276, 0.049698, 0.943517
0.078006, 0.785926, -0.177805, 0.753010
0.078085, 0.142740, 0.179418, 0.336517
0.078160, 0.858708, -0.259735, 0.550976
0.078306, 0.110704, 0.184704, 0.264098
0.079050, 0.722253, -0.112025, 0.871322
0.079101, 0.204886, 0.170701, 0.472010
0.079176, 0.620020, -0.018779, 0.959346
0.079256, 0.871952, -0.278008, 0.505957
0.079274, 0.154284, 0.180446, 0.362478
0.079458, 0.167244, 0.178698, 0.391134
0.079488, 0.074715, 0.191685, 0.179918
0.079489, 0.494803, 0.066143, 0.924320
0.079827, 0.333788, 0.137827, 0.718537
0.079937, 0.806656, -0.205877, 0.700917
0.080103, 0.885014, -0.295194, 0.459858
0.080138, 0.192322, 0.175488, 0.445241
0.080343, 0.179881, 0.178376, 0.418566
0.080352, 0.569436, 0.019205, 0.960754
0.080422, 0.755183, -0.148869, 0.815005
0.080437, 0.038439, 0.197490, 0.093456
0.080830, 0.897863, -0.311413, 0.412800
0.081327, 0.700524, -0.093072, 0.898000
0.081607, 0.532581, 0.044718, 0.947362
0.081686, 0.583013, 0.009739, 0.961541
0.081734, 0.482631, 0.074813, 0.913024
0.081845, 0.910543, -0.328056, 0.364487
0.081876, 0.653904, -0.048932, 0.940916
0.082404, 0.052322, 0.200892, 0.126541
0.082431, 0.132258, 0.190937, 0.312319
0.082479, 0.988856, -0.379484, 0.046760
0.082640, 0.098077, 0.196381, 0.234264
0.082852, 0.289462, 0.157260, 0.639205
0.083100, 0.470066, 0.082980, 0.900887
0.083195, 0.011221, 0.205143, 0.027279
0.083255, 0.922948, -0.345331, 0.315550
0.083513, 0.966910, -0.377141, 0.138055
0.083683, 0.322694, 0.148196, 0.698670
0.083829, 0.457023, 0.090719, 0.887561
0.083835, 0.734161, -0.131903, 0.847936
0.083917, 0.774125, -0.177576, 0.772519
0.084064, 0.267123, 0.165901, 0.596414
0.084170, 0.676919, -0.072663, 0.920299
0.084280, 0.063516, 0.204166, 0.152978
0.084580, 0.443750, 0.098448, 0.872906
0.084828, 0.934893, -0.362083, 0.267320
0.084931, 0.430583, 0.105494, 0.857536
0.085200, 0.546606, 0.036827, 0.951028
0.085250, 0.641909, -0.040106, 0.944936
0.085368, 0.417291, 0.112483, 0.840940
0.085489, 0.946264, -0.372960, 0.221205
0.085536, 0.607960, -0.010567, 0.956908
0.085727, 0.404198, 0.119071, 0.823686
0.085974, 0.391271, 0.125226, 0.805777
0.086025, 0.239297, 0.177209, 0.541188
0.086062, 0.796016, -0.208627, 0.720060
0.086310, 0.120769, 0.201704, 0.285914
0.086335, 0.309721, 0.157219, 0.674831
0.086375, 0.378797, 0.131208, 0.787634
0.086377, 0.366326, 0.136403, 0.768840
0.086883, 0.354159, 0.142060, 0.749577
0.086920, 0.225632, 0.182486, 0.513352
0.086941, 0.712171, -0.112507, 0.877113
0.087167, 0.815348, -0.235662, 0.669119
0.087287, 0.513717, 0.060260, 0.932804
0.087535, 0.826641, -0.250749, 0.637276
0.087560, 0.253949, 0.176463, 0.570160
0.087646, 0.085184, 0.209544, 0.203529
0.087734, 0.341604, 0.148283, 0.728723
0.087782, 0.838782, -0.266534, 0.601651
0.088276, 0.691007, -0.091233, 0.901713
0.088341, 0.746889, -0.154024, 0.821299
0.088603, 0.594991, 0.000033, 0.955979
0.088612, 0.629060, -0.029859, 0.947892
0.088843, 0.851524, -0.285676, 0.561432
0.088954, 0.211739, 0.190053, 0.484187
0.089202, 0.501562, 0.069487, 0.923403
0.089318, 0.663814, -0.064043, 0.926276
0.089489, 0.559745, 0.028559, 0.951954
0.089667, 1.000000, -0.409407, 0.000000
0.089718, 0.978104, -0.405921, 0.089568
0.089736, 0.277839, 0.173673, 0.615323
0.089865, 0.159263, 0.203086, 0.371372
0.090038, 0.864480, -0.305676, 0.518420
0.090101, 0.144620, 0.206166, 0.338690
0.090304, 0.020661, 0.221350, 0.049903
0.090415, 0.000000, 0.222196, 0.000000
0.090458, 0.761588, -0.176171, 0.790542
0.090610, 0.031595, 0.221494, 0.076139
0.090851, 0.108405, 0.213930, 0.256901
0.090979, 0.297959, 0.169545, 0.652142
0.091138, 0.877452, -0.325346, 0.473615
0.091276, 0.956126, -0.402228, 0.177914
0.091289, 0.784956, -0.207191, 0.739481
0.091348, 0.172447, 0.203840, 0.400068
0.091468, 0.198116, 0.198580, 0.455161
0.091755, 0.571777, 0.019618, 0.952493
0.091846, 0.045107, 0.223642, 0.108498
0.091959, 0.724097, -0.133058, 0.854450
0.092072, 0.890353, -0.344034, 0.427562
0.092203, 0.524063, 0.056005, 0.935659
0.092305, 0.185600, 0.203230, 0.428444
0.092485, 0.072484, 0.222520, 0.173334
0.092595, 0.489150, 0.079971, 0.911832
0.092629, 0.617238, -0.020377, 0.948284
0.092760, 0.583490, 0.009917, 0.952618
0.092968, 0.903204, -0.361922, 0.380208
0.093085, 0.537858, 0.046402, 0.941695
0.094080, 0.476829, 0.089098, 0.900545
0.094128, 0.651036, -0.054430, 0.930582
0.094210, 0.331883, 0.162842, 0.709898
0.094295, 0.916192, -0.380691, 0.330621
0.094429, 0.805705, -0.242317, 0.685085
0.094575, 0.463781, 0.097691, 0.888116
0.094849, 0.131929, 0.219513, 0.310042
0.094942, 0.702333, -0.111746, 0.880842
0.095003, 0.682474, -0.088765, 0.903496
0.095033, 0.450606, 0.106068, 0.874495
0.095056, 0.319179, 0.169212, 0.688170
0.095182, 0.095817, 0.225659, 0.227241
0.095498, 0.265309, 0.188624, 0.589819
0.095823, 0.437250, 0.114670, 0.859391
0.095865, 0.424301, 0.121968, 0.844163
0.095877, 0.058389, 0.232135, 0.139833
0.095952, 0.737230, -0.155504, 0.828591
0.095974, 0.245027, 0.195635, 0.549699
0.096049, 0.929305, -0.400037, 0.279207
0.096254, 0.772945, -0.202539, 0.759658
0.096400, 0.988975, -0.434394, 0.044108
0.096450, 0.410991, 0.129852, 0.827146
0.096809, 0.397762, 0.137177, 0.809393
0.097064, 0.967283, -0.430315, 0.130236
0.097140, 0.287407, 0.184419, 0.630588
0.097153, 0.550939, 0.037619, 0.943264
0.097213, 0.604248, -0.009077, 0.947036
0.097218, 0.232661, 0.201685, 0.524590
0.097332, 0.942667, -0.416461, 0.226745
0.097339, 0.010676, 0.238320, 0.025695
0.097501, 0.346581, 0.162151, 0.732815
0.097517, 0.638228, -0.043125, 0.934714
0.097529, 0.372432, 0.150579, 0.772917
0.097656, 0.385288, 0.144585, 0.791639
0.097805, 0.671400, -0.079065, 0.911001
0.097830, 0.359824, 0.156842, 0.753630
0.097909, 0.219870, 0.206631, 0.498482
0.098768, 0.510906, 0.069425, 0.923077
0.098857, 0.119128, 0.230532, 0.280032
0.098948, 0.306663, 0.180774, 0.664771
0.098999, 0.830781, -0.289055, 0.610473
0.099062, 0.817579, -0.270807, 0.647426
0.099151, 0.750960, -0.179252, 0.799623
0.099580, 0.152540, 0.225953, 0.354574
0.099627, 0.843862, -0.309123, 0.570942
0.099817, 0.082909, 0.238314, 0.196825
0.099903, 0.795619, -0.242205, 0.702449
0.100066, 0.713873, -0.132350, 0.859394
0.100397, 0.205750, 0.215529, 0.468646
0.100791, 0.856886, -0.330781, 0.528880
0.101077, 0.498248, 0.080232, 0.912923
0.101103, 0.591706, 0.002364, 0.944846
0.101495, 0.625995, -0.032274, 0.936297
0.101751, 0.254612, 0.204251, 0.567182
0.101802, 0.036006, 0.246873, 0.085851
0.101945, 0.164686, 0.228802, 0.381045
0.102040, 0.869841, -0.352534, 0.485208
0.102370, 0.530140, 0.056679, 0.930806
0.102424, 0.692867, -0.109237, 0.883282
0.102513, 0.659544, -0.069635, 0.915396
0.102610, 0.564261, 0.027694, 0.941897
0.102812, 0.276114, 0.199010, 0.607858
0.103028, 0.177982, 0.228236, 0.409763
0.103051, 0.577627, 0.015672, 0.943058
0.103158, 0.022743, 0.251594, 0.054420
0.103171, 0.882704, -0.373452, 0.440480
0.103195, 0.106478, 0.242546, 0.250612
0.103268, 1.000000, -0.461731, 0.000000
0.103442, 0.955379, -0.447946, 0.173167
0.103582, 0.977973, -0.459264, 0.085787
0.103743, 0.141444, 0.237702, 0.329541
0.103764, 0.727745, -0.156072, 0.833650
0.103881, 0.783877, -0.234944, 0.724455
0.103901, 0.047666, 0.251295, 0.113463
0.104014, 0.069224, 0.249573, 0.164258
0.104077, 0.762449, -0.204395, 0.770681
0.104138, 0.895492, -0.393101, 0.394865
0.104172, 0.000000, 0.254468, 0.000000
0.104331, 0.191548, 0.227606, 0.438107
0.105010, 0.908287, -0.411464, 0.348155
0.105154, 0.613432, -0.020353, 0.936879
0.105188, 0.484060, 0.093588, 0.899054
0.105278, 0.296492, 0.196001, 0.644137
0.105334, 0.470575, 0.103156, 0.887487
0.105666, 0.338837, 0.178922, 0.717030
0.105779, 0.457214, 0.112760, 0.874499
0.105959, 0.541360, 0.048726, 0.932566
0.105994, 0.326226, 0.185036, 0.696092
0.106085, 0.444019, 0.121817, 0.860645
0.106354, 0.519579, 0.067347, 0.922165
0.106491, 0.646942, -0.057984, 0.919674
0.106527, 0.921327, -0.431169, 0.298932
0.106753, 0.418026, 0.138827, 0.830247
0.106952, 0.314789, 0.191594, 0.675841
0.107113, 0.681018, -0.099483, 0.890452
0.107190, 0.404095, 0.147571, 0.812217
0.107192, 0.430472, 0.131688, 0.844784
0.107463, 0.093501, 0.254472, 0.220261
0.107569, 0.128853, 0.248379, 0.300222
0.107611, 0.741095, -0.181092, 0.805718
0.107619, 0.241519, 0.219957, 0.539233
0.107976, 0.352510, 0.176113, 0.737782
0.107980, 0.807183, -0.279347, 0.661540
0.108254, 0.216037, 0.229030, 0.487576
0.108373, 0.264770, 0.213682, 0.584619
0.108465, 0.378532, 0.163503, 0.776545
0.108511, 0.934093, -0.450525, 0.249702
0.108592, 0.229111, 0.225881, 0.514283
0.108866, 0.552807, 0.039437, 0.933619
0.108869, 0.365866, 0.170765, 0.757810
0.108909, 0.391798, 0.156839, 0.794951
0.108946, 0.703597, -0.131061, 0.861584
0.109098, 0.772821, -0.230306, 0.741374
0.109365, 0.600711, -0.008030, 0.935406
0.109371, 0.822266, -0.306060, 0.619141
0.109829, 0.057309, 0.264467, 0.135769
0.110091, 0.945232, -0.465481, 0.207065
0.110154, 0.988889, -0.486210, 0.042229
0.110233, 0.836061, -0.329558, 0.578534
0.110353, 0.966319, -0.479886, 0.127744
0.110359, 0.634709, -0.046121, 0.922297
0.110515, 0.011183, 0.268885, 0.026582
0.110672, 0.668867, -0.087613, 0.897644
0.111078, 0.718263, -0.154289, 0.838047
0.111239, 0.285932, 0.211067, 0.622924
0.111395, 0.495514, 0.089691, 0.902915
0.111424, 0.849280, -0.353168, 0.537121
0.111434, 0.080182, 0.265203, 0.188772
0.111442, 0.153534, 0.252155, 0.354528
0.111559, 0.202178, 0.239830, 0.457944
0.111572, 0.508160, 0.079469, 0.911344
0.111683, 0.116774, 0.260167, 0.272637
0.111971, 0.753633, -0.207292, 0.776177
0.111975, 0.587322, 0.005732, 0.934245
0.112334, 0.793757, -0.269751, 0.688107
0.112395, 0.032006, 0.272139, 0.075840
0.112806, 0.862282, -0.376949, 0.494443
0.113014, 0.167837, 0.252190, 0.385205
0.113494, 0.305429, 0.207019, 0.656508
0.113521, 0.574335, 0.019209, 0.932628
0.113947, 0.622038, -0.033031, 0.924001
0.114010, 0.251562, 0.229178, 0.556748
0.114164, 0.875159, -0.400154, 0.450765
0.114605, 0.181193, 0.252256, 0.413522
0.114693, 0.530502, 0.061933, 0.920309
0.115061, 0.655867, -0.074766, 0.902844
0.115310, 0.887932, -0.421879, 0.406484
0.115340, 0.103939, 0.270749, 0.242861
0.115418, 0.691211, -0.122231, 0.867863
0.115787, 0.138917, 0.264526, 0.320726
0.115837, 0.043742, 0.279513, 0.103299
0.115910, 0.563173, 0.030791, 0.928955
0.115929, 0.731164, -0.180697, 0.810602
0.116173, 0.332224, 0.199266, 0.700862
0.116203, 0.900715, -0.441801, 0.361495
0.116230, 0.275165, 0.224654, 0.601267
0.116372, 0.410984, 0.155229, 0.815287
0.116505, 0.475139, 0.109899, 0.882930
0.116639, 0.462734, 0.119548, 0.871790
0.116716, 0.067531, 0.279101, 0.158815
0.116816, 0.913687, -0.459642, 0.315301
0.116818, 1.000000, -0.511613, 0.000000
0.116943, 0.437064, 0.138470, 0.845645
0.117025, 0.977480, -0.508341, 0.083264
0.117042, 0.781508, -0.261440, 0.709543
0.117101, 0.449899, 0.129486, 0.858996
0.117261, 0.954886, -0.498807, 0.166429
0.117430, 0.345018, 0.194878, 0.720861
0.117516, 0.021030, 0.284747, 0.049725
0.117648, 0.609402, -0.019607, 0.924042
0.117694, 0.000000, 0.285518, 0.000000
0.118185, 0.318453, 0.209198, 0.676759
0.118426, 0.540913, 0.053720, 0.920819
0.118468, 0.814790, -0.319004, 0.625098
0.118469, 0.212669, 0.251066, 0.477526
0.118592, 0.486548, 0.102596, 0.890343
0.118698, 0.927475, -0.480356, 0.264043
0.118722, 0.192401, 0.257802, 0.435776
0.118733, 0.766386, -0.240749, 0.740293
0.118736, 0.358300, 0.189789, 0.740780
0.118863, 0.710096, -0.153690, 0.838581
0.118941, 0.679166, -0.109444, 0.876208
0.119016, 0.423228, 0.150326, 0.828523
0.119044, 0.384520, 0.175121, 0.778791
0.119201, 0.225222, 0.248632, 0.503108
0.119262, 0.643614, -0.062049, 0.906079
0.119358, 0.520457, 0.073199, 0.911324
0.119460, 0.295229, 0.222093, 0.636106
0.119541, 0.090726, 0.282226, 0.211861
0.119726, 0.238298, 0.245188, 0.529014
0.119790, 0.262537, 0.236253, 0.575646
0.119965, 0.398876, 0.167536, 0.797525
0.120064, 0.371940, 0.184016, 0.760465
0.120115, 0.743181, -0.206312, 0.783379
0.120325, 0.828593, -0.346850, 0.583950
0.120406, 0.551937, 0.043280, 0.922017
0.120719, 0.127101, 0.278591, 0.294207
0.120866, 0.801554, -0.303507, 0.655502
0.120992, 0.596264, -0.005039, 0.923138
0.121892, 0.841835, -0.373118, 0.543048
0.122019, 0.941372, -0.505476, 0.211719
0.122298, 0.054478, 0.293279, 0.127798
0.122325, 0.665382, -0.093428, 0.885079
0.122512, 0.147340, 0.277561, 0.337856
0.122648, 0.499580, 0.094309, 0.896058
0.122672, 0.630685, -0.047392, 0.909276
0.122937, 0.159760, 0.275730, 0.365172
0.123307, 0.698999, -0.143205, 0.846955
0.123437, 0.854811, -0.398827, 0.501435
0.123446, 0.583347, 0.009566, 0.921723
0.123546, 0.078121, 0.293247, 0.182366
0.123556, 0.755716, -0.233052, 0.754065
0.123631, 0.988685, -0.534673, 0.040776
0.123667, 0.965981, -0.527167, 0.122408
0.123755, 0.722079, -0.179292, 0.813149
0.123919, 0.114216, 0.288320, 0.264607
0.124087, 0.510434, 0.085253, 0.901405
0.124566, 0.010517, 0.301261, 0.024729
0.124576, 0.032253, 0.300517, 0.075750
0.124898, 0.172537, 0.276622, 0.392173
0.124982, 0.867651, -0.423992, 0.458896
0.125199, 0.203338, 0.268012, 0.456466
0.125540, 0.307998, 0.226855, 0.655741
0.125612, 0.284721, 0.237853, 0.614561
0.125775, 0.571005, 0.023508, 0.919046
0.126051, 0.789916, -0.296431, 0.675116
0.126082, 0.250033, 0.253167, 0.549086
0.126312, 0.326601, 0.218749, 0.686501
0.126335, 0.617904, -0.032721, 0.910457
0.126432, 0.880382, -0.448060, 0.415752
0.127129, 0.100993, 0.297556, 0.233866
0.127211, 0.411323, 0.168248, 0.808522
0.127356, 0.775533, -0.274443, 0.706076
0.127498, 0.892970, -0.469682, 0.372798
0.127717, 0.431537, 0.154228, 0.831611
0.127915, 0.338541, 0.214904, 0.705154
0.128031, 0.652758, -0.080819, 0.887519
0.128072, 0.918199, -0.503365, 0.286683
0.128155, 0.455713, 0.135608, 0.856292
0.128162, 0.905556, -0.488836, 0.329790
0.128276, 0.467684, 0.125720, 0.867072
0.128295, 0.184037, 0.280524, 0.415523
0.128332, 0.531259, 0.066513, 0.907414
0.128422, 0.272475, 0.248385, 0.590703
0.128570, 0.389868, 0.184761, 0.780048
0.128658, 0.443151, 0.146184, 0.843419
0.128874, 0.065084, 0.306989, 0.151589
0.129093, 0.479637, 0.116053, 0.876224
0.129168, 0.734426, -0.208217, 0.783933
0.129215, 0.351056, 0.209824, 0.724050
0.129398, 0.558571, 0.037719, 0.913647
0.129414, 0.363803, 0.202502, 0.742918
0.129423, 0.216614, 0.272221, 0.482111
0.129484, 0.676387, -0.116256, 0.864024
0.129501, 0.809088, -0.338600, 0.621132
0.129512, 0.042954, 0.310840, 0.100295
0.129553, 0.953516, -0.540526, 0.163004
0.129734, 0.604984, -0.017403, 0.910518
0.129964, 0.688107, -0.134971, 0.850122
0.130192, 0.821601, -0.362460, 0.586475
0.130236, 1.000000, -0.558648, 0.000000
0.130274, 0.136699, 0.297355, 0.313014
0.130438, 0.977281, -0.555261, 0.079535
0.130470, 0.229274, 0.269802, 0.507194
0.130498, 0.544667, 0.053284, 0.909479
0.130528, 0.931645, -0.525413, 0.238008
0.130642, 0.709657, -0.169560, 0.821004
0.130663, 0.491937, 0.106113, 0.883806
0.131257, 0.639359, -0.064411, 0.892355
0.131293, 0.021315, 0.316260, 0.049794
0.131327, 0.260437, 0.258983, 0.566845
0.131564, 0.377705, 0.196853, 0.761387
0.131603, 0.000000, 0.317538, 0.000000
0.131619, 0.298083, 0.242328, 0.635558
0.132161, 0.834502, -0.390657, 0.546961
0.132197, 0.088160, 0.311475, 0.204078
0.132205, 0.747908, -0.236650, 0.754423
0.132746, 0.519172, 0.080703, 0.897662
0.132830, 0.317209, 0.234595, 0.667648
0.132836, 0.241014, 0.269942, 0.529314
0.132981, 0.592129, -0.001915, 0.909277
0.133160, 0.194971, 0.287295, 0.436740
0.133169, 0.123799, 0.307102, 0.284237
0.133183, 0.762497, -0.264441, 0.723553
0.133258, 0.421661, 0.167976, 0.816173
0.133430, 0.150524, 0.300774, 0.342307
0.133501, 0.400755, 0.183652, 0.791058
0.133931, 0.847384, -0.418241, 0.506397
0.134111, 0.665761, -0.104608, 0.867607
0.134748, 0.163831, 0.300059, 0.370645
0.134974, 0.626406, -0.048409, 0.894692
0.135177, 0.720893, -0.195219, 0.796311
0.135348, 0.075821, 0.320049, 0.175288
0.135380, 0.505679, 0.095700, 0.887942
0.135516, 0.579720, 0.013278, 0.907501
0.135618, 0.053027, 0.323611, 0.122988
0.135653, 0.860203, -0.445241, 0.464865
0.135681, 0.799017, -0.336185, 0.635849
0.135859, 0.110606, 0.315200, 0.253755
0.136143, 0.942785, -0.554380, 0.195001
0.136424, 0.965458, -0.570435, 0.117821
0.136791, 0.698502, -0.159836, 0.826100
0.137000, 0.988580, -0.580435, 0.038907
0.137311, 0.872948, -0.471260, 0.422711
0.137419, 0.785110, -0.314950, 0.665692
0.137475, 0.567161, 0.028727, 0.905144
0.137537, 0.288989, 0.257321, 0.616426
0.137649, 0.207174, 0.292362, 0.460166
0.137858, 0.032251, 0.330930, 0.074925
0.137926, 0.329401, 0.236145, 0.684763
0.138213, 0.175704, 0.303966, 0.394865
0.138457, 0.010779, 0.333023, 0.025043
0.138534, 0.613486, -0.032034, 0.895669
0.138769, 0.277921, 0.264921, 0.595894
0.138866, 0.885587, -0.495833, 0.380394
0.138967, 0.773228, -0.296327, 0.689901
0.139116, 0.922053, -0.544462, 0.261523
0.139173, 0.098129, 0.325187, 0.225295
0.139244, 0.448223, 0.152736, 0.839467
0.139253, 0.342421, 0.230464, 0.704599
0.139535, 0.656430, -0.094868, 0.867630
0.139630, 0.367689, 0.214853, 0.741907
0.139721, 0.434029, 0.165243, 0.824630
0.139756, 0.897936, -0.516599, 0.339539
0.139907, 0.538381, 0.063009, 0.897187
0.140061, 0.307731, 0.251940, 0.647831
0.140089, 0.472379, 0.131810, 0.860059
0.140102, 0.388998, 0.200588, 0.770887
0.140103, 0.910219, -0.534030, 0.299188
0.140207, 0.460151, 0.143069, 0.849612
0.140288, 0.813197, -0.374359, 0.590848
0.140325, 0.410956, 0.184435, 0.798449
0.140361, 0.552707, 0.046575, 0.900039
0.140432, 0.730660, -0.220977, 0.770867
0.140555, 0.252828, 0.279939, 0.548910
0.140781, 0.678059, -0.131099, 0.844193
0.140836, 0.645402, -0.078996, 0.874461
0.140918, 0.219513, 0.294308, 0.483607
0.140921, 0.355416, 0.224853, 0.723028
0.141287, 0.266207, 0.275144, 0.573427
0.141375, 0.483839, 0.121845, 0.867502
0.141393, 0.063119, 0.335319, 0.145416
0.141594, 0.495641, 0.110173, 0.875217
0.141962, 0.600618, -0.015450, 0.895294
0.141972, 0.741708, -0.243874, 0.748291
0.141982, 0.526990, 0.076426, 0.890968
0.142070, 0.826468, -0.404007, 0.551647
0.142227, 0.187043, 0.308731, 0.417256
0.142668, 0.142313, 0.322724, 0.321872
0.142730, 0.230858, 0.293369, 0.505205
0.142896, 0.954287, -0.585492, 0.151431
0.142935, 0.710117, -0.188471, 0.799041
0.143575, 1.000000, -0.603075, 0.000000
0.143590, 0.131431, 0.328054, 0.298439
0.143601, 0.754140, -0.270333, 0.721095
0.143744, 0.976958, -0.599362, 0.076115
0.143749, 0.042759, 0.343277, 0.098667
0.144146, 0.839559, -0.434105, 0.510997
0.144176, 0.633684, -0.063638, 0.877256
0.144276, 0.932023, -0.571727, 0.223590
0.144435, 0.156031, 0.322964, 0.351135
0.144455, 0.688496, -0.152738, 0.825783
0.144625, 0.241941, 0.292412, 0.525957
0.144861, 0.514313, 0.091889, 0.882221
0.145118, 0.378438, 0.215006, 0.753212
0.145125, 0.021720, 0.347688, 0.050125
0.145326, 0.085203, 0.340775, 0.194849
0.145353, 0.000000, 0.348850, 0.000000
0.145356, 0.118662, 0.334395, 0.269527
0.145421, 0.587918, 0.001128, 0.893402
0.145807, 0.318807, 0.255244, 0.662881
0.145929, 0.422333, 0.181635, 0.807046
0.146044, 0.298203, 0.267437, 0.628269
0.146071, 0.852537, -0.463233, 0.469823
0.146435, 0.199098, 0.313228, 0.440599
0.146623, 0.792444, -0.350483, 0.630897
0.146777, 0.399433, 0.201294, 0.779134
0.146810, 0.667254, -0.119458, 0.845533
0.146832, 0.073407, 0.346273, 0.168169
0.147464, 0.575597, 0.017587, 0.892066
0.147487, 0.562464, 0.035069, 0.892070
0.147509, 0.765272, -0.299417, 0.690973
0.147577, 0.621424, -0.047200, 0.878978
0.147933, 0.865474, -0.491406, 0.428061
0.148040, 0.167685, 0.327198, 0.374883
0.148360, 0.805027, -0.379515, 0.596292
0.148478, 0.720936, -0.216429, 0.772286
0.148693, 0.442352, 0.167127, 0.825249
0.148808, 0.332226, 0.251858, 0.682495
0.148889, 0.107493, 0.344876, 0.244253
0.149570, 0.965636, -0.613266, 0.110615
0.149668, 0.285545, 0.280602, 0.604075
0.149679, 0.878420, -0.518175, 0.385908
0.149688, 0.053041, 0.355516, 0.121584
0.149697, 0.503322, 0.106710, 0.871140
0.149728, 0.943344, -0.598787, 0.181853
0.149925, 0.545295, 0.057234, 0.886678
0.149974, 0.700256, -0.180829, 0.800444
0.150196, 0.988193, -0.623200, 0.037939
0.150232, 0.778364, -0.331185, 0.656890
0.150490, 0.211454, 0.316762, 0.464026
0.150522, 0.344668, 0.246430, 0.700501
0.150584, 0.095516, 0.350921, 0.217225
0.150891, 0.918580, -0.578344, 0.259426
0.150908, 0.608820, -0.029915, 0.879634
0.151007, 0.654317, -0.101762, 0.850691
0.151043, 0.366780, 0.231637, 0.732603
0.151073, 0.467254, 0.145601, 0.845280
0.151359, 0.891486, -0.543590, 0.343222
0.151447, 0.273516, 0.290199, 0.581920
0.151664, 0.904476, -0.562653, 0.302506
0.151733, 0.032675, 0.362264, 0.074974
0.151783, 0.818473, -0.414963, 0.554535
0.151959, 0.260399, 0.297799, 0.557613
0.151995, 0.179082, 0.331816, 0.397511
0.152148, 0.011007, 0.364018, 0.025263
0.152201, 0.454175, 0.159236, 0.833134
0.152500, 0.733042, -0.246309, 0.744037
0.152538, 0.410434, 0.199208, 0.787651
0.152811, 0.355981, 0.242083, 0.715697
0.152920, 0.478822, 0.135048, 0.852227
0.153077, 0.534418, 0.071517, 0.880148
0.153101, 0.147837, 0.343839, 0.331054
0.153102, 0.490502, 0.122698, 0.859851
0.153166, 0.388130, 0.218311, 0.759899
0.153483, 0.223539, 0.317699, 0.486668
0.153537, 0.642146, -0.083841, 0.856298
0.153645, 0.431818, 0.181712, 0.810227
0.153988, 0.677681, -0.145442, 0.821664
0.154026, 0.248411, 0.307502, 0.534220
0.154045, 0.831556, -0.446746, 0.514665
0.154111, 0.745106, -0.273106, 0.718471
0.154241, 0.308671, 0.275291, 0.641369
0.154293, 0.595887, -0.011949, 0.878952
0.154375, 0.522368, 0.086704, 0.874561
0.154850, 0.125381, 0.353640, 0.282090
0.154910, 0.063896, 0.365619, 0.145491
0.155263, 0.190837, 0.334284, 0.420452
0.155314, 0.554802, 0.045803, 0.881172
0.155456, 0.235318, 0.316290, 0.508545
0.156212, 0.844550, -0.477789, 0.474183
0.156256, 0.711196, -0.210192, 0.772748
0.156354, 0.932133, -0.609267, 0.211214
0.156396, 0.953799, -0.627828, 0.143969
0.156715, 1.000000, -0.644263, 0.000000
0.156789, 0.630013, -0.066239, 0.859336
0.156990, 0.137172, 0.355522, 0.307332
0.157003, 0.323015, 0.270781, 0.662908
0.157030, 0.756521, -0.301691, 0.690140
0.157196, 0.787556, -0.365928, 0.621339
0.157216, 0.690826, -0.173127, 0.799693
0.157539, 0.976732, -0.642513, 0.072079
0.157575, 0.077024, 0.370155, 0.174877
0.157607, 0.159115, 0.350163, 0.353828
0.157624, 0.294984, 0.289153, 0.616077
0.157888, 0.582499, 0.006754, 0.876648
0.157909, 0.568807, 0.026362, 0.877967
0.158210, 0.376191, 0.234368, 0.740084
0.158217, 0.043457, 0.375843, 0.098993
0.158231, 0.857509, -0.507642, 0.433367
0.158339, 0.664012, -0.125638, 0.828576
0.158686, 0.510509, 0.102655, 0.864383
0.158854, 0.022101, 0.378592, 0.050368
0.158948, 0.000000, 0.379333, 0.000000
0.159002, 0.799247, -0.394569, 0.589275
0.159188, 0.420921, 0.197501, 0.793475
0.159296, 0.203533, 0.337542, 0.444561
0.159533, 0.088343, 0.371969, 0.199519
0.159678, 0.114398, 0.366684, 0.256876
0.159885, 0.768568, -0.332640, 0.658593
0.159979, 0.398725, 0.218003, 0.767522
0.160042, 0.617805, -0.048285, 0.861089
0.160168, 0.870503, -0.536249, 0.392156
0.160293, 0.336527, 0.266767, 0.681831
0.160529, 0.443535, 0.177117, 0.815142
0.160892, 0.723315, -0.241486, 0.744060
0.161015, 0.101794, 0.372983, 0.229247
0.161159, 0.811127, -0.424611, 0.554737
0.161393, 0.463188, 0.157942, 0.831185
0.161508, 0.170653, 0.354579, 0.376776
0.161710, 0.281689, 0.304036, 0.590954
0.161855, 0.883600, -0.562832, 0.350874
0.162055, 0.964129, -0.651100, 0.108920
0.162234, 0.498279, 0.118999, 0.853970
0.162341, 0.921957, -0.617075, 0.236012
0.162390, 0.910106, -0.602606, 0.271400
0.162581, 0.268369, 0.313073, 0.566583
0.162765, 0.651106, -0.106777, 0.832872
0.162861, 0.349364, 0.261364, 0.699109
0.163086, 0.989495, -0.663049, 0.031668
0.163107, 0.605633, -0.030096, 0.861821
0.163325, 0.544134, 0.061237, 0.868919
0.163473, 0.216471, 0.340456, 0.468554
0.163544, 0.362991, 0.252010, 0.717915
0.163571, 0.054503, 0.386680, 0.123416
0.163586, 0.943407, -0.641403, 0.170089
0.163677, 0.897009, -0.588335, 0.308483
0.163799, 0.701546, -0.202558, 0.772268
0.163873, 0.255064, 0.322562, 0.541692
0.163941, 0.823748, -0.457916, 0.515997
0.164113, 0.474950, 0.147040, 0.837189
0.164362, 0.735674, -0.272949, 0.715102
0.164755, 0.531169, 0.078718, 0.864158
0.164854, 0.409271, 0.214427, 0.775434
0.164907, 0.778929, -0.365529, 0.625160
0.165287, 0.683361, -0.168784, 0.793907
0.165357, 0.182382, 0.358333, 0.399627
0.165367, 0.148190, 0.370077, 0.328362
0.165431, 0.315216, 0.289498, 0.644589
0.165433, 0.486325, 0.134744, 0.843262
0.165568, 0.033393, 0.393186, 0.075641
0.165585, 0.241894, 0.332473, 0.516273
0.165629, 0.010798, 0.394130, 0.024460
0.165701, 0.387218, 0.234951, 0.748255
0.165761, 0.558034, 0.042256, 0.866790
0.166043, 0.638705, -0.087467, 0.837285
0.166158, 0.593576, -0.011877, 0.861269
0.166231, 0.836455, -0.489831, 0.477144
0.166245, 0.228364, 0.340367, 0.490330
0.166483, 0.432386, 0.193961, 0.798404
0.166515, 0.127791, 0.378471, 0.284474
0.166565, 0.671359, -0.147538, 0.805628
0.166590, 0.302372, 0.299752, 0.622878
0.166654, 0.067388, 0.391196, 0.151687
0.166656, 0.453745, 0.172276, 0.817785
0.166835, 0.518726, 0.095630, 0.857490
0.166933, 0.747430, -0.302459, 0.687428
0.167334, 0.194410, 0.357412, 0.422985
0.168405, 0.849184, -0.520808, 0.437898
0.168533, 0.571737, 0.021999, 0.862150
0.168897, 0.713690, -0.234904, 0.743332
0.169020, 0.328028, 0.286318, 0.662277
0.169284, 0.791191, -0.402408, 0.586981
0.169313, 0.626464, -0.068222, 0.840186
0.169750, 0.759267, -0.333690, 0.657252
0.169822, 0.932687, -0.649941, 0.196295
0.169874, 0.080167, 0.396902, 0.179870
0.169896, 0.290560, 0.312876, 0.601238
0.169915, 0.374920, 0.250911, 0.728787
0.169933, 0.582580, 0.004865, 0.858135
0.170112, 0.160694, 0.375920, 0.353067
0.170329, 0.980671, -0.682587, 0.056214
0.170464, 0.861851, -0.550320, 0.398718
0.170548, 1.000000, -0.685972, 0.000000
0.170708, 0.954275, -0.670696, 0.132781
0.170960, 0.970099, -0.680464, 0.086861
0.171060, 0.093133, 0.396286, 0.207848
0.171145, 0.659609, -0.130042, 0.809354
0.171295, 0.208366, 0.359457, 0.449203
0.171408, 0.505474, 0.114643, 0.846065
0.171428, 0.117889, 0.391412, 0.261684
0.171475, 0.803397, -0.434254, 0.552380
0.171508, 0.421472, 0.209937, 0.782325
0.171822, 0.137767, 0.386991, 0.304320
0.171871, 0.106074, 0.395738, 0.236235
0.172079, 0.021492, 0.407868, 0.048320
0.172192, 0.692965, -0.197093, 0.767416
0.172362, 0.340391, 0.282230, 0.678415
0.172472, 0.874330, -0.578031, 0.360124
0.172510, 0.045042, 0.406915, 0.101084
0.172619, 0.000000, 0.409751, 0.000000
0.172633, 0.614217, -0.048843, 0.841655
0.173008, 0.276084, 0.327095, 0.573859
0.173162, 0.467103, 0.162155, 0.821119
0.173217, 0.725945, -0.268003, 0.713593
0.173300, 0.262060, 0.335876, 0.549160
0.173417, 0.442823, 0.189788, 0.800934
0.173493, 0.397295, 0.235635, 0.753281
0.173710, 0.815692, -0.466492, 0.516503
0.173782, 0.920422, -0.648856, 0.227313
0.173815, 0.770390, -0.366714, 0.624640
0.174006, 0.886282, -0.601960, 0.324006
0.174027, 0.908410, -0.634162, 0.261232
0.174073, 0.352713, 0.275056, 0.694770
0.174408, 0.173130, 0.380349, 0.377256
0.175094, 0.647394, -0.110693, 0.813375
0.175134, 0.550012, 0.053503, 0.852491
0.175355, 0.537963, 0.071203, 0.850774
0.175357, 0.363806, 0.267686, 0.709127
0.175439, 0.248962, 0.347127, 0.524276
0.175487, 0.493922, 0.131071, 0.835203
0.175633, 0.602075, -0.029379, 0.842332
0.175658, 0.409605, 0.226300, 0.765232
0.175910, 0.308695, 0.310808, 0.627019
0.175941, 0.058045, 0.413402, 0.129773
0.176137, 0.897265, -0.624815, 0.289962
0.176223, 0.828278, -0.499757, 0.478505
0.176248, 0.678842, -0.173346, 0.777669
0.176412, 0.235034, 0.356384, 0.497905
0.176516, 0.563225, 0.033481, 0.850347
0.176738, 0.738073, -0.300756, 0.683890
0.176964, 0.526008, 0.088810, 0.845891
0.177054, 0.704771, -0.228792, 0.739949
0.177079, 0.480193, 0.149166, 0.825315
0.177128, 0.221088, 0.364889, 0.471255
0.177605, 0.942749, -0.680862, 0.160362
0.177663, 0.150273, 0.395285, 0.328800
0.177692, 0.197940, 0.376612, 0.425637
0.177846, 0.782259, -0.402614, 0.588778
0.177858, 0.989397, -0.705549, 0.029771
0.178004, 0.320549, 0.305638, 0.644397
0.178018, 0.384504, 0.252797, 0.733799
0.178219, 0.031969, 0.420730, 0.071404
0.178326, 0.185379, 0.383174, 0.400261
0.178375, 0.513892, 0.106319, 0.840112
0.178392, 0.455917, 0.179367, 0.806456
0.178501, 0.071124, 0.416461, 0.158124
0.178514, 0.840937, -0.531942, 0.440348
0.178633, 0.635123, -0.090527, 0.816893
0.179311, 0.590046, -0.010363, 0.840557
0.179373, 0.010805, 0.424540, 0.024138
0.179519, 0.963271, -0.700792, 0.101848
0.179588, 0.750021, -0.333078, 0.654203
0.180024, 0.431572, 0.208011, 0.783408
0.180030, 0.285581, 0.333222, 0.585864
0.180146, 0.667692, -0.155423, 0.782822
0.180676, 0.126613, 0.408973, 0.277999
0.180734, 0.853627, -0.562979, 0.402026
0.181110, 0.298159, 0.326571, 0.606151
0.181197, 0.576921, 0.011005, 0.840915
0.181248, 0.085212, 0.420718, 0.188834
0.181347, 0.794772, -0.439092, 0.551378
0.181759, 0.716593, -0.261976, 0.710710
0.181814, 0.622952, -0.070060, 0.819691
0.181894, 0.332839, 0.302149, 0.660234
0.182374, 0.098768, 0.419645, 0.217729
0.182503, 0.162935, 0.400656, 0.353185
0.182667, 0.930652, -0.683512, 0.189302
0.182692, 0.112981, 0.417337, 0.248529
0.182727, 0.268474, 0.348766, 0.554870
0.182874, 0.372129, 0.270294, 0.713708
0.182939, 0.866310, -0.592573, 0.363823
0.182977, 0.687188, -0.199389, 0.752596
0.183082, 0.761597, -0.366659, 0.622387
0.183451, 0.976774, -0.717940, 0.063023
0.183475, 0.209346, 0.382870, 0.445521
0.183698, 0.418860, 0.225188, 0.766928
0.183704, 0.807263, -0.473086, 0.515711
0.184061, 0.656184, -0.136364, 0.787174
0.184268, 0.139786, 0.412302, 0.304561
0.184350, 1.000000, -0.724080, 0.000000
0.184501, 0.041257, 0.433604, 0.091505
0.184593, 0.345369, 0.295843, 0.676218
0.184616, 0.467958, 0.169480, 0.807811
0.184724, 0.445216, 0.196928, 0.790314
0.185024, 0.952322, -0.708808, 0.128461
0.185256, 0.917246, -0.676455, 0.222766
0.185286, 0.610718, -0.049520, 0.820702
0.185302, 0.878922, -0.620845, 0.325890
0.185378, 0.404611, 0.241971, 0.749996
0.185499, 0.256678, 0.360901, 0.532373
0.185608, 0.503917, 0.122945, 0.826287
0.185810, 0.728675, -0.296085, 0.680570
0.185919, 0.021592, 0.438290, 0.047851
0.186032, 0.819779, -0.506694, 0.479267
0.186098, 0.697436, -0.226159, 0.731201
0.186234, 0.243248, 0.370075, 0.507636
0.186264, 0.000000, 0.439834, 0.000000
0.186394, 0.357950, 0.287567, 0.691877
0.186570, 0.051912, 0.436972, 0.114708
0.186644, 0.392931, 0.255055, 0.735638
0.186667, 0.904485, -0.663400, 0.255330
0.186676, 0.490851, 0.141070, 0.818829
0.186754, 0.554582, 0.047743, 0.834458
0.186829, 0.542628, 0.066412, 0.833974
0.186839, 0.773450, -0.402600, 0.587855
0.187121, 0.566597, 0.027963, 0.832790
0.187213, 0.891037, -0.645749, 0.290456
0.187223, 0.310719, 0.327296, 0.621867
0.187280, 0.174497, 0.405703, 0.374719
0.187462, 0.644121, -0.115316, 0.791923
0.187625, 0.230222, 0.379954, 0.482942
0.187709, 0.530609, 0.084863, 0.831020
0.188184, 0.598769, -0.029067, 0.821397
0.188309, 0.277585, 0.352665, 0.567189
0.188316, 0.196174, 0.398326, 0.417364
0.188468, 0.832434, -0.540244, 0.441894
0.188589, 0.517951, 0.103860, 0.826749
0.188770, 0.063464, 0.440407, 0.139826
0.189254, 0.740780, -0.330580, 0.649927
0.189478, 0.676193, -0.184123, 0.752927
0.189546, 0.076191, 0.439355, 0.167264
0.189625, 0.478674, 0.158987, 0.808193
0.189766, 0.153388, 0.419192, 0.331019
0.190060, 0.323203, 0.322031, 0.638814
0.190329, 0.785720, -0.439172, 0.551789
0.190770, 0.988338, -0.739450, 0.030375
0.190784, 0.845140, -0.572565, 0.404495
0.190823, 0.218454, 0.392418, 0.459311
0.190922, 0.381220, 0.271707, 0.717467
0.190923, 0.708286, -0.258017, 0.703497
0.190937, 0.456264, 0.188638, 0.791542
0.191005, 0.585915, -0.006842, 0.821374
0.191097, 0.965681, -0.732785, 0.089295
0.191125, 0.184584, 0.409102, 0.393245
0.191229, 0.631682, -0.093631, 0.794938
0.191589, 0.436487, 0.213072, 0.774670
0.191648, 0.940458, -0.716413, 0.154538
0.191700, 0.289818, 0.349915, 0.585358
0.192445, 0.129861, 0.432484, 0.281205
0.192484, 0.105041, 0.439708, 0.228797
0.192529, 0.752680, -0.365210, 0.618527
0.192556, 0.090541, 0.443386, 0.197841
0.192656, 0.031954, 0.452414, 0.070302
0.193047, 0.857928, -0.603526, 0.367157
0.193089, 0.011047, 0.454498, 0.024316
0.193171, 0.425721, 0.227040, 0.763022
0.193368, 0.798360, -0.476063, 0.515097
0.193418, 0.118190, 0.438339, 0.256532
0.193437, 0.665201, -0.165179, 0.757555
0.194229, 0.619486, -0.071657, 0.797999
0.194335, 0.368807, 0.287939, 0.698711
0.194380, 0.335681, 0.318122, 0.653600
0.194451, 0.926503, -0.710064, 0.188211
0.194511, 0.412440, 0.243295, 0.748476
0.194541, 0.301363, 0.346068, 0.601921
0.194822, 0.719678, -0.290893, 0.675337
0.194973, 0.574692, 0.012112, 0.817547
0.195338, 0.686836, -0.215551, 0.725612
0.195348, 0.870912, -0.633196, 0.329652
0.195373, 0.266238, 0.372195, 0.542872
0.195646, 0.205597, 0.407988, 0.432095
0.195730, 0.166057, 0.426521, 0.354573
0.195833, 0.810954, -0.511118, 0.479089
0.196010, 0.764585, -0.401374, 0.585191
0.196042, 0.251991, 0.382469, 0.517381
0.196065, 0.143356, 0.435422, 0.307955
0.196595, 0.653633, -0.143762, 0.763466
0.196723, 0.346867, 0.311615, 0.667209
0.196781, 0.912389, -0.700262, 0.221480
0.196997, 0.954443, -0.741007, 0.114782
0.197074, 0.977247, -0.752396, 0.057245
0.197112, 0.466478, 0.179829, 0.790617
0.197407, 0.400108, 0.259658, 0.732439
0.197417, 0.499712, 0.133285, 0.807535
0.197422, 0.043623, 0.461712, 0.095422
0.197590, 1.000000, -0.757851, 0.000000
0.197651, 0.898337, -0.683200, 0.256050
0.197877, 0.239442, 0.393551, 0.494020
0.198087, 0.511523, 0.115882, 0.810613
0.198115, 0.607048, -0.049694, 0.798177
0.198117, 0.357770, 0.303453, 0.680677
0.198188, 0.561798, 0.033948, 0.814359
0.198189, 0.549298, 0.055269, 0.815434
0.198227, 0.823541, -0.545382, 0.442999
0.198260, 0.884211, -0.663232, 0.290927
0.198444, 0.446555, 0.206297, 0.774723
0.198521, 0.731600, -0.326035, 0.645026
0.198735, 0.536950, 0.075745, 0.814235
0.198737, 0.698097, -0.246504, 0.701207
0.198899, 0.487926, 0.151051, 0.800224
0.199016, 0.313918, 0.343112, 0.617900
0.199374, 0.524632, 0.095662, 0.811643
0.199380, 0.641204, -0.120046, 0.769780
0.199477, 0.776710, -0.438187, 0.550190
0.199718, 0.079806, 0.460423, 0.173120
0.199730, 0.000000, 0.469139, 0.000000
0.199913, 0.022173, 0.468703, 0.048402
0.199938, 0.594765, -0.026831, 0.801072
0.200058, 0.055350, 0.465830, 0.120468
0.200059, 0.279107, 0.371259, 0.561368
0.200106, 0.388596, 0.274972, 0.716731
0.200327, 0.227174, 0.405345, 0.470310
0.200333, 0.192149, 0.423751, 0.403923
0.200685, 0.836119, -0.578775, 0.406713
0.200801, 0.067086, 0.465653, 0.145734
0.201933, 0.743751, -0.362198, 0.613397
0.201941, 0.178035, 0.433623, 0.375681
0.201946, 0.476037, 0.169537, 0.789679
0.201973, 0.326564, 0.336868, 0.634172
0.202242, 0.098288, 0.462033, 0.212071
0.202264, 0.155520, 0.443665, 0.330549
0.202397, 0.675463, -0.199182, 0.724639
0.202538, 0.789248, -0.475744, 0.514490
0.203029, 0.848562, -0.610283, 0.371213
0.203183, 0.133515, 0.453499, 0.285328
0.203507, 0.214979, 0.417956, 0.445735
0.203621, 0.376412, 0.291819, 0.698730
0.203712, 0.945030, -0.750668, 0.133166
0.203712, 0.420427, 0.243016, 0.745643
0.203805, 0.628349, -0.096858, 0.771574
0.203810, 0.291701, 0.368080, 0.579174
0.203973, 0.434452, 0.226089, 0.757877
0.204019, 0.966006, -0.765060, 0.082030
0.204037, 0.988807, -0.772723, 0.026958
0.204062, 0.710114, -0.283445, 0.669270
0.204134, 0.582214, -0.004785, 0.798192
0.204611, 0.933841, -0.742940, 0.159443
0.204702, 0.109859, 0.464041, 0.235678
0.204802, 0.457226, 0.196924, 0.774187
0.205240, 0.860827, -0.639534, 0.336973
0.205315, 0.259470, 0.393822, 0.524393
0.205378, 0.755746, -0.399188, 0.580578
0.205398, 0.801921, -0.512769, 0.478229
0.205471, 0.122045, 0.461836, 0.260783
0.205992, 0.664044, -0.177469, 0.730623
0.206101, 0.920738, -0.732535, 0.189856
0.206139, 0.034172, 0.481421, 0.074030
0.206317, 0.616073, -0.073151, 0.775673
0.206498, 0.011449, 0.483422, 0.024824
0.206863, 0.087900, 0.474019, 0.188942
0.206921, 0.408175, 0.260440, 0.730040
0.207123, 0.304019, 0.363597, 0.595864
0.207291, 0.570427, 0.016320, 0.795916
0.207351, 0.686704, -0.232157, 0.697547
0.207388, 0.721896, -0.318163, 0.640738
0.207408, 0.872722, -0.666501, 0.304067
0.207447, 0.201806, 0.432579, 0.418908
0.207650, 0.364434, 0.309067, 0.679918
0.207930, 0.814599, -0.548497, 0.442570
0.207933, 0.339231, 0.333879, 0.646745
0.208026, 0.907044, -0.720902, 0.220248
0.208233, 0.651458, -0.151230, 0.739893
0.208555, 0.248061, 0.407176, 0.502644
0.208701, 0.270364, 0.392029, 0.540675
0.208741, 0.767631, -0.435795, 0.546981
0.208745, 0.166712, 0.452021, 0.350282
0.208793, 0.145178, 0.460717, 0.307093
0.208922, 0.894417, -0.705100, 0.249255
0.209035, 0.556750, 0.041322, 0.795535
0.209099, 0.351436, 0.323822, 0.661853
0.209515, 0.506826, 0.126415, 0.791246
0.209592, 0.543873, 0.064228, 0.795706
0.209739, 0.494913, 0.145131, 0.786991
0.209941, 0.235952, 0.417438, 0.480328
0.210012, 0.519030, 0.106724, 0.793241
0.210140, 0.046694, 0.488760, 0.100620
0.210142, 0.396351, 0.277434, 0.714109
0.210277, 0.699340, -0.267037, 0.671370
0.210427, 0.977786, -0.784564, 0.051556
0.210438, 0.827218, -0.583018, 0.407096
0.210656, 0.531725, 0.085342, 0.793669
0.210663, 0.638525, -0.124633, 0.747614
0.210695, 0.602796, -0.048566, 0.775230
0.210725, 0.883460, -0.692749, 0.272676
0.210789, 0.316304, 0.358760, 0.611251
0.210797, 0.445279, 0.217440, 0.757478
0.210822, 0.073716, 0.485376, 0.158028
0.210896, 0.734595, -0.356403, 0.608496
0.210977, 0.955214, -0.775315, 0.103781
0.211049, 0.482598, 0.164440, 0.779808
0.211103, 1.000000, -0.790159, 0.000000
0.211276, 0.188161, 0.446810, 0.390841
0.211451, 0.590706, -0.024075, 0.780197
0.211513, 0.468060, 0.186236, 0.771577
0.211742, 0.780147, -0.474004, 0.512260
0.212459, 0.282631, 0.389019, 0.558002
0.212788, 0.384421, 0.293796, 0.698087
0.212918, 0.000000, 0.497275, 0.000000
0.212958, 0.426827, 0.243308, 0.739804
0.212959, 0.023520, 0.496657, 0.050566
0.213023, 0.223950, 0.430389, 0.456841
0.213045, 0.059896, 0.492611, 0.128268
0.213062, 0.839739, -0.616273, 0.371838
0.213265, 0.328386, 0.351467, 0.626437
0.214604, 0.133775, 0.476809, 0.281928
0.214626, 0.746930, -0.395424, 0.574863
0.214657, 0.792747, -0.511757, 0.476815
0.214758, 0.098602, 0.488248, 0.209583
0.215358, 0.674865, -0.214933, 0.694542
0.215448, 0.211225, 0.442313, 0.432080
0.215512, 0.155712, 0.469989, 0.325539
0.215518, 0.852129, -0.647269, 0.338017
0.215792, 0.176635, 0.461181, 0.366442
0.216084, 0.295314, 0.384570, 0.575130
0.216198, 0.929096, -0.765227, 0.159318
0.216314, 0.111745, 0.487384, 0.236205
0.216319, 0.942812, -0.778425, 0.128130
0.216428, 0.372093, 0.311547, 0.679941
0.216508, 0.625490, -0.101018, 0.746266
0.216518, 0.415393, 0.260911, 0.725184
0.217082, 0.712254, -0.310659, 0.632926
0.217138, 0.967081, -0.795634, 0.073187
0.217189, 0.455659, 0.207481, 0.755717
0.217334, 0.915224, -0.752378, 0.189760
0.217337, 0.259127, 0.414621, 0.515587
0.217340, 0.084308, 0.496725, 0.178995
0.217391, 0.805524, -0.549064, 0.441318
0.217403, 0.613487, -0.075289, 0.753743
0.217473, 0.661571, -0.185900, 0.706331
0.217521, 0.578976, -0.003170, 0.773147
0.217573, 0.988929, -0.803919, 0.024491
0.217763, 0.122744, 0.486803, 0.258309
0.217789, 0.565349, 0.023335, 0.777077
0.217914, 0.864354, -0.676253, 0.304996
0.218375, 0.758488, -0.432572, 0.541530
0.218491, 0.436312, 0.235155, 0.740283
0.218499, 0.687914, -0.250869, 0.668343
0.219037, 0.725134, -0.347043, 0.605067
0.219164, 0.036041, 0.508433, 0.076775
0.219199, 0.198472, 0.456357, 0.406203
0.219235, 0.011346, 0.510396, 0.024202
0.219383, 0.358951, 0.329166, 0.660900
0.219561, 0.648651, -0.157486, 0.716350
0.219798, 0.308007, 0.379342, 0.591130
0.219857, 0.551139, 0.050270, 0.776094
0.219990, 0.901212, -0.740717, 0.217812
0.220037, 0.818264, -0.585075, 0.406220
0.220040, 0.404012, 0.278381, 0.710010
0.220180, 0.245168, 0.429245, 0.489613
0.220188, 0.346228, 0.343452, 0.644022
0.220600, 0.272443, 0.410044, 0.535110
0.220845, 0.876209, -0.704218, 0.272669
0.220878, 0.476817, 0.178209, 0.761999
0.220887, 0.770940, -0.470419, 0.508956
0.220914, 0.700609, -0.286702, 0.642420
0.221260, 0.501720, 0.138075, 0.770534
0.221278, 0.513898, 0.117438, 0.773147
0.221545, 0.636090, -0.129817, 0.724810
0.221588, 0.144104, 0.486833, 0.300023
0.221648, 0.526431, 0.095491, 0.773904
0.221671, 0.489646, 0.158039, 0.766043
0.221699, 0.592302, -0.032870, 0.758015
0.221852, 0.070034, 0.508959, 0.148063
0.221885, 0.539384, 0.071787, 0.773465
0.221977, 0.048986, 0.513256, 0.103965
0.222006, 0.889158, -0.727532, 0.241866
0.222081, 0.334930, 0.357353, 0.627171
0.222181, 0.233729, 0.440608, 0.468570
0.222527, 0.165676, 0.479368, 0.342028
0.222722, 0.830856, -0.619474, 0.371584
0.222806, 0.392472, 0.295182, 0.695049
0.222877, 0.320763, 0.372148, 0.606693
0.223263, 0.738264, -0.389533, 0.569200
0.223552, 0.956139, -0.803588, 0.093650
0.223803, 0.603994, -0.058801, 0.746418
0.223923, 0.783520, -0.509109, 0.473989
0.224111, 0.186335, 0.472129, 0.380780
0.224143, 0.978058, -0.815139, 0.046628
0.224269, 0.285733, 0.405229, 0.553361
0.224360, 0.464527, 0.198663, 0.750318
0.224753, 1.000000, -0.820086, 0.000000
0.224819, 0.220149, 0.453859, 0.442555
0.224917, 0.445912, 0.226245, 0.738184
0.225066, 0.380437, 0.311859, 0.679581
0.225097, 0.022549, 0.521986, 0.047692
0.225180, 0.424681, 0.256193, 0.721849
0.225503, 0.843541, -0.652674, 0.337541
0.225923, 0.105174, 0.508897, 0.219896
0.226131, 0.000000, 0.524982, 0.000000
0.226536, 0.092370, 0.513627, 0.193458
0.226609, 0.796324, -0.547213, 0.439340
0.227028, 0.131804, 0.502456, 0.273436
0.227379, 0.059506, 0.522841, 0.125193
0.227388, 0.668690, -0.215235, 0.672858
0.227412, 0.935024, -0.795515, 0.135652
0.227553, 0.922398, -0.783203, 0.162157
0.227702, 0.208605, 0.466181, 0.419997
0.227947, 0.558731, 0.033725, 0.758586
0.227961, 0.299142, 0.399300, 0.570715
0.227971, 0.680787, -0.246461, 0.654602
0.228103, 0.856065, -0.683494, 0.304556
0.228134, 0.749254, -0.427984, 0.534534
0.228149, 0.367195, 0.330579, 0.661044
0.228237, 0.252351, 0.437843, 0.496086
0.228290, 0.079792, 0.520374, 0.167109
0.228293, 0.617751, -0.093438, 0.725752
0.228334, 0.571505, 0.007153, 0.753595
0.228361, 0.909024, -0.769044, 0.189818
0.228716, 0.154394, 0.496496, 0.317292
0.228755, 0.946805, -0.808431, 0.109784
0.229212, 0.412847, 0.275480, 0.706374
0.229222, 0.655800, -0.185169, 0.684683
0.229334, 0.118771, 0.511548, 0.246385
0.229349, 0.717974, -0.346392, 0.590633
0.229373, 0.809166, -0.584580, 0.404666
0.229640, 0.263739, 0.431549, 0.513928
0.229699, 0.175258, 0.488430, 0.356947
0.230161, 0.583451, -0.018771, 0.744434
0.230379, 0.693389, -0.282782, 0.629227
0.230488, 0.628833, -0.120868, 0.710811
0.230527, 0.761870, -0.466841, 0.502666
0.230569, 0.966839, -0.824124, 0.067447
0.230586, 0.706758, -0.318653, 0.606782
0.230627, 0.729927, -0.380881, 0.565250
0.230818, 0.868433, -0.712505, 0.272606
0.230827, 0.032846, 0.533044, 0.068940
0.231097, 0.642659, -0.154885, 0.695166
0.231207, 0.353559, 0.349537, 0.641452
0.231223, 0.989431, -0.832751, 0.021279
0.231512, 0.196336, 0.480286, 0.395285
0.231558, 0.434682, 0.247060, 0.720605
0.231614, 0.455268, 0.216584, 0.733996
0.231954, 0.312830, 0.392464, 0.586884
0.232263, 0.821745, -0.620271, 0.370380
0.232272, 0.472720, 0.189364, 0.741790
0.232342, 0.228978, 0.461400, 0.453269
0.232364, 0.327736, 0.378386, 0.607047
0.232372, 0.011002, 0.537832, 0.023058
0.232473, 0.534093, 0.080740, 0.753528
0.232614, 0.881481, -0.738188, 0.241931
0.232664, 0.276089, 0.426423, 0.531236
0.232678, 0.483976, 0.170848, 0.745631
0.232703, 0.520574, 0.106139, 0.753131
0.232796, 0.508125, 0.128862, 0.751644
0.232893, 0.341403, 0.364831, 0.624521
0.232927, 0.401158, 0.294128, 0.690839
0.232974, 0.774060, -0.503959, 0.470782
0.233095, 0.496124, 0.150139, 0.748628
0.233099, 0.894905, -0.760075, 0.213157
0.233164, 0.547661, 0.054680, 0.750605
0.233183, 0.044376, 0.536949, 0.092712
0.233717, 0.595834, -0.047843, 0.729426
0.233996, 0.142403, 0.512016, 0.291662
0.234373, 0.241362, 0.456486, 0.473397
0.234841, 0.834582, -0.654171, 0.337517
0.234971, 0.389314, 0.311340, 0.676734
0.235312, 0.608558, -0.077863, 0.716766
0.235824, 0.787131, -0.543893, 0.435855
0.235976, 0.070123, 0.538084, 0.145490
0.235991, 0.288607, 0.420762, 0.547603
0.236230, 0.376685, 0.328423, 0.662025
0.236342, 0.164196, 0.506627, 0.332656
0.236898, 0.108780, 0.529753, 0.223805
0.237136, 0.096775, 0.533757, 0.199553
0.237395, 0.422606, 0.268732, 0.703123
0.237433, 0.979074, -0.842317, 0.040470
0.237553, 0.185025, 0.497953, 0.371107
0.237622, 0.739767, -0.420938, 0.527474
0.237934, 0.847557, -0.687814, 0.303562
0.238181, 0.561895, 0.024034, 0.736340
0.238401, 0.021661, 0.549662, 0.045005
0.238404, 0.955941, -0.833797, 0.084974
0.238404, 0.218138, 0.479336, 0.430309
0.238415, 0.444385, 0.237210, 0.716889
0.238506, 0.800001, -0.581970, 0.402236
0.238686, 0.129629, 0.526226, 0.264654
0.238767, 0.055646, 0.546502, 0.115263
0.238773, 1.000000, -0.848263, 0.000000
0.238813, 0.083850, 0.541200, 0.173041
0.238901, 0.917517, -0.801030, 0.159531
0.238952, 0.929982, -0.814182, 0.135028
0.238956, 0.675134, -0.247374, 0.633802
0.239037, 0.905172, -0.786355, 0.183865
0.239139, 0.662529, -0.214708, 0.650644
0.239192, 0.362550, 0.348769, 0.642802
0.239390, 0.300671, 0.414711, 0.562265
0.239399, 0.206665, 0.488273, 0.409226
0.239544, 0.464201, 0.206638, 0.726082
0.239562, 0.000000, 0.552758, 0.000000
0.239665, 0.942451, -0.826986, 0.110002
0.239812, 0.253236, 0.456464, 0.488921
0.240102, 0.753286, -0.463057, 0.494192
0.240181, 0.574672, -0.004121, 0.726799
0.240316, 0.687617, -0.282758, 0.611530
0.240467, 0.649148, -0.181720, 0.664022
0.240741, 0.860100, -0.718007, 0.272159
0.241018, 0.635161, -0.146910, 0.678438
0.241105, 0.726000, -0.389323, 0.543816
0.241265, 0.266036, 0.448405, 0.508258
0.241281, 0.621767, -0.114350, 0.691101
0.241294, 0.700543, -0.319607, 0.588029
0.241632, 0.812338, -0.618390, 0.368574
0.241639, 0.713739, -0.356582, 0.564452
0.241742, 0.152670, 0.522479, 0.308142
0.241785, 0.410763, 0.288862, 0.687296
0.242434, 0.322397, 0.397253, 0.589515
0.242750, 0.586727, -0.032217, 0.714574
0.242767, 0.527191, 0.093398, 0.733662
0.242890, 0.872815, -0.744928, 0.242738
0.242893, 0.118475, 0.538464, 0.241076
0.243029, 0.033311, 0.558296, 0.068743
0.243032, 0.968567, -0.849178, 0.058411
0.243055, 0.231233, 0.478284, 0.449710
0.243225, 0.764869, -0.500599, 0.462437
0.243295, 0.174159, 0.514484, 0.347822
0.243304, 0.335391, 0.384440, 0.605480
0.243392, 0.540569, 0.066435, 0.730838
0.243668, 0.310977, 0.410726, 0.572677
0.244008, 0.348845, 0.370217, 0.621256
0.244029, 0.885943, -0.768414, 0.215107
0.244062, 0.488481, 0.166509, 0.727192
0.244080, 0.513399, 0.120197, 0.731078
0.244103, 0.475940, 0.188659, 0.723224
0.244172, 0.195446, 0.503826, 0.386240
0.244183, 0.825366, -0.653576, 0.336372
0.244290, 0.777607, -0.536766, 0.433581
0.244311, 0.432583, 0.259104, 0.700165
0.244595, 0.501159, 0.143358, 0.728824
0.244598, 0.279071, 0.442311, 0.525549
0.245129, 0.454328, 0.225440, 0.711912
0.245301, 0.598849, -0.061905, 0.700504
0.245336, 0.990341, -0.859994, 0.017485
0.245499, 0.398649, 0.308898, 0.671615
0.245554, 0.553216, 0.039864, 0.723348
0.245975, 0.010806, 0.565833, 0.022224
0.246022, 0.140269, 0.535952, 0.282347
0.246213, 0.065751, 0.559818, 0.134568
0.246283, 0.373466, 0.343224, 0.646022
0.246352, 0.386727, 0.325902, 0.659345
0.246375, 0.610785, -0.091415, 0.688394
0.246566, 0.044622, 0.564119, 0.091445
0.246685, 0.838544, -0.687261, 0.304186
0.247405, 0.897429, -0.792301, 0.187706
0.247697, 0.791054, -0.578606, 0.397763
0.248173, 0.092351, 0.557356, 0.187640
0.248259, 0.104975, 0.553579, 0.212616
0.248325, 0.291376, 0.436496, 0.540367
0.248504, 0.745613, -0.458176, 0.485892
0.248508, 0.243545, 0.478192, 0.466189
0.249387, 0.077846, 0.563150, 0.158136
0.249648, 0.566554, 0.009234, 0.709275
0.249930, 0.421055, 0.280144, 0.683448
0.249942, 0.669169, -0.246659, 0.612540
0.250014, 0.162710, 0.533268, 0.323115
0.250077, 0.655936, -0.211162, 0.630156
0.250183, 0.910587, -0.814490, 0.159576
0.250192, 0.360055, 0.364038, 0.626639
0.250293, 0.923202, -0.828764, 0.136513
0.250404, 0.733512, -0.427847, 0.503698
0.250526, 0.851755, -0.721623, 0.270306
0.250533, 0.948354, -0.851148, 0.091060
0.250566, 0.681889, -0.282631, 0.592054
0.250617, 0.219368, 0.499556, 0.424052
0.250690, 0.207848, 0.507578, 0.404130
0.250854, 0.935700, -0.841891, 0.113323
0.250855, 0.980774, -0.867717, 0.033532
0.250989, 0.256932, 0.471404, 0.485781
0.251010, 0.642497, -0.176625, 0.644324
0.251065, 0.802553, -0.614186, 0.365846
0.251132, 0.184769, 0.523016, 0.362959
0.251311, 0.442426, 0.248093, 0.695304
0.251359, 0.022110, 0.576007, 0.045069
0.251756, 0.959725, -0.860558, 0.070285
0.251757, 0.127824, 0.552331, 0.256007
0.252031, 0.629415, -0.143869, 0.656234
0.252128, 0.707369, -0.356726, 0.546025
0.252235, 0.694447, -0.320359, 0.567452
0.252542, 0.055382, 0.574317, 0.112414
0.252542, 0.579123, -0.020994, 0.696112
0.252570, 0.465881, 0.209140, 0.704584
0.252648, 0.269934, 0.462706, 0.504470
0.252820, 0.720925, -0.396374, 0.520022
0.252847, 0.302140, 0.432331, 0.551173
0.252979, 0.520459, 0.107075, 0.713634
0.253155, 0.000000, 0.580560, 0.000000
0.253202, 0.815843, -0.650063, 0.334957
0.253211, 0.864233, -0.749985, 0.241494
0.253484, 1.000000, -0.875023, 0.000000
0.253588, 0.533603, 0.079823, 0.710881
0.253734, 0.231567, 0.495939, 0.442372
0.253895, 0.327078, 0.407117, 0.583156
0.254003, 0.408738, 0.301704, 0.667977
0.254136, 0.756435, -0.499229, 0.449435
0.254345, 0.150938, 0.546951, 0.298870
0.254471, 0.877620, -0.775131, 0.214515
0.254482, 0.314967, 0.421192, 0.566858
0.254565, 0.115153, 0.562224, 0.230364
0.254618, 0.339525, 0.393676, 0.597641
0.254653, 0.480036, 0.184483, 0.705566
0.254735, 0.769141, -0.535160, 0.422616
0.254988, 0.617709, -0.116932, 0.660341
0.255088, 0.781965, -0.569964, 0.396757
0.255181, 0.493223, 0.160086, 0.707508
0.255402, 0.591400, -0.052060, 0.681276
0.255452, 0.546172, 0.052405, 0.703910
0.255647, 0.970979, -0.872936, 0.048829
0.255686, 0.033681, 0.583933, 0.068205
0.255798, 0.829394, -0.685683, 0.302845
0.255942, 0.196923, 0.523810, 0.381566
0.255981, 0.173438, 0.538135, 0.339570
0.256106, 0.506193, 0.135653, 0.707297
0.256458, 0.383382, 0.340014, 0.642364
0.256463, 0.452970, 0.233224, 0.692185
0.256634, 0.371081, 0.356788, 0.630055
0.256932, 0.282983, 0.457044, 0.519964
0.256990, 0.603979, -0.083947, 0.667630
0.257095, 0.890242, -0.799755, 0.187308
0.257444, 0.432031, 0.267965, 0.679061
0.257752, 0.350655, 0.383982, 0.606795
0.257755, 0.138233, 0.559075, 0.273309
0.257779, 0.087993, 0.577348, 0.176236
0.257973, 0.396406, 0.322846, 0.651976
0.258043, 0.558661, 0.023590, 0.693626
0.258280, 0.067740, 0.583633, 0.136085
0.258341, 0.842504, -0.718258, 0.272393
0.259411, 0.011069, 0.592970, 0.022298
0.259635, 0.742580, -0.470842, 0.460342
0.259684, 0.100945, 0.577251, 0.201016
0.259756, 0.902937, -0.821812, 0.161328
0.260101, 0.045062, 0.591168, 0.090460
0.260207, 0.662537, -0.242440, 0.593296
0.260411, 0.990330, -0.885837, 0.015577
0.260686, 0.249513, 0.492819, 0.465808
0.261019, 0.675974, -0.281625, 0.571438
0.261142, 0.649682, -0.208069, 0.607949
0.261328, 0.792317, -0.608905, 0.360470
0.261465, 0.916212, -0.840768, 0.136742
0.261843, 0.928828, -0.854448, 0.115211
0.261886, 0.571395, -0.008279, 0.678261
0.261901, 0.419973, 0.290181, 0.664088
0.261944, 0.805932, -0.643694, 0.333349
0.262138, 0.237779, 0.505019, 0.446123
0.262248, 0.941927, -0.866372, 0.093333
0.262276, 0.293240, 0.454467, 0.529248
0.262405, 0.210679, 0.525911, 0.401066
0.262438, 0.636972, -0.174977, 0.620037
0.262476, 0.262275, 0.484500, 0.484013
0.262489, 0.714323, -0.394603, 0.503937
0.262731, 0.223358, 0.517004, 0.421961
0.262766, 0.687674, -0.317804, 0.548196
0.262981, 0.729251, -0.439118, 0.475755
0.262991, 0.515211, 0.116754, 0.692944
0.263123, 0.954358, -0.876640, 0.072581
0.263180, 0.361849, 0.375608, 0.611954
0.263391, 0.701388, -0.358496, 0.523744
0.263500, 0.471662, 0.202463, 0.686784
0.263555, 0.855504, -0.752962, 0.238853
0.263569, 0.161173, 0.558671, 0.313063
0.263851, 0.078727, 0.591441, 0.156350
0.263946, 0.185797, 0.545050, 0.356965
0.264035, 0.274800, 0.475150, 0.501158
0.264123, 0.527425, 0.090575, 0.689083
0.264267, 0.022484, 0.601811, 0.044909
0.264290, 0.820009, -0.680895, 0.301810
0.264304, 0.124856, 0.576977, 0.245130
0.264342, 0.305895, 0.443947, 0.544199
0.264487, 0.869549, -0.779750, 0.212429
0.264676, 0.458871, 0.225972, 0.680216
0.264707, 0.624691, -0.144549, 0.627663
0.264771, 0.443505, 0.253121, 0.673271
0.265028, 0.979905, -0.890960, 0.031311
0.265037, 0.583813, -0.040334, 0.662760
0.265120, 0.777803, -0.578558, 0.378434
0.265131, 0.112084, 0.583810, 0.220646
0.265313, 0.057308, 0.599168, 0.113949
0.265376, 0.318621, 0.431162, 0.559501
0.265483, 0.330781, 0.417097, 0.574302
0.265523, 0.965944, -0.886995, 0.052799
0.265594, 0.485147, 0.177201, 0.685905
0.265620, 0.539229, 0.064282, 0.683060
0.265889, 0.764536, -0.544196, 0.401234
0.265916, 0.408205, 0.311400, 0.649372
0.266053, 0.611324, -0.110430, 0.637678
0.266291, 0.752599, -0.511802, 0.422896
0.266342, 0.148667, 0.570199, 0.288747
0.266372, 0.198866, 0.540701, 0.378125
0.266555, 0.497690, 0.152500, 0.685510
0.266581, 0.882970, -0.805251, 0.185917
0.266673, 0.000000, 0.607710, 0.000000
0.266850, 0.173471, 0.557696, 0.333451
0.267299, 0.375229, 0.361413, 0.619550
0.267364, 0.387243, 0.344301, 0.630327
0.267374, 0.597090, -0.074901, 0.646932
0.267532, 0.342397, 0.405250, 0.585267
0.267717, 0.551460, 0.035794, 0.674046
0.267774, 0.832940, -0.715752, 0.270513
0.268457, 1.000000, -0.898856, 0.000000
0.268476, 0.034246, 0.609283, 0.067942
0.268583, 0.136161, 0.580231, 0.264569
0.269257, 0.091732, 0.598745, 0.180189
0.269445, 0.430741, 0.277076, 0.658360
0.269669, 0.895696, -0.828833, 0.160309
0.269983, 0.844367, -0.743129, 0.245782
0.270196, 0.669511, -0.276210, 0.554534
0.270810, 0.563281, 0.006362, 0.661110
0.271002, 0.739310, -0.482573, 0.433787
0.271224, 0.507974, 0.131692, 0.676024
0.271385, 0.353724, 0.394874, 0.592605
0.271411, 0.069305, 0.608893, 0.136245
0.271519, 0.909004, -0.848644, 0.136967
0.271549, 0.398518, 0.330829, 0.633327
0.271571, 0.657055, -0.242289, 0.568475
0.271574, 0.721000, -0.430224, 0.465336
0.271763, 0.284091, 0.477080, 0.506898
0.272090, 0.797948, -0.643199, 0.323410
0.272326, 0.811422, -0.675927, 0.298929
0.272497, 0.256496, 0.504819, 0.466148
0.272684, 0.243905, 0.516565, 0.447002
0.272701, 0.046874, 0.615508, 0.092146
0.272722, 0.693701, -0.351277, 0.509084
0.272758, 0.230680, 0.527508, 0.425961
0.272810, 0.011280, 0.619451, 0.022226
0.272861, 0.934651, -0.877056, 0.096153
0.272878, 0.644948, -0.209744, 0.580942
0.273198, 0.921903, -0.865666, 0.115099
0.273254, 0.103512, 0.602295, 0.201376
0.273765, 0.269862, 0.494077, 0.484648
0.273822, 0.217673, 0.539672, 0.404268
0.273823, 0.785488, -0.614871, 0.341500
0.273978, 0.948532, -0.889440, 0.074572
0.274084, 0.297027, 0.466491, 0.521932
0.274205, 0.418443, 0.300537, 0.642970
0.274238, 0.862273, -0.783717, 0.207931
0.274336, 0.708513, -0.398154, 0.479138
0.274373, 0.451809, 0.242645, 0.659776
0.274473, 0.680408, -0.314713, 0.525405
0.274561, 0.520417, 0.104206, 0.667345
0.274589, 0.632867, -0.178052, 0.591041
0.274759, 0.465101, 0.217751, 0.663496
0.274786, 0.574317, -0.022912, 0.644684
0.274863, 0.366078, 0.381551, 0.600248
0.274880, 0.477177, 0.194570, 0.666176
0.275342, 0.974238, -0.904500, 0.036630
0.275446, 0.988686, -0.907984, 0.016097
0.275697, 0.205998, 0.551596, 0.383711
0.275708, 0.309844, 0.454175, 0.536584
0.275902, 0.116943, 0.602418, 0.225705
0.275924, 0.876188, -0.810006, 0.182503
0.276016, 0.619980, -0.144106, 0.601659
0.276075, 0.825055, -0.713377, 0.266517
0.276144, 0.192493, 0.561667, 0.360580
0.276192, 0.772458, -0.584952, 0.359118
0.276391, 0.531965, 0.077798, 0.660575
0.276424, 0.960622, -0.900449, 0.055590
0.276455, 0.166700, 0.578526, 0.315751
0.276498, 0.180387, 0.570549, 0.339787
0.276539, 0.322418, 0.440317, 0.550991
0.276582, 0.154842, 0.585546, 0.294659
0.276635, 0.082064, 0.615094, 0.159374
0.276744, 0.586023, -0.053737, 0.631342
0.276957, 0.607485, -0.111075, 0.611897
0.276962, 0.023043, 0.626750, 0.045056
0.277362, 0.490068, 0.168846, 0.662795
0.277385, 0.544201, 0.049079, 0.654124
0.277554, 0.439966, 0.265162, 0.648877
0.277703, 0.128765, 0.600259, 0.246716
0.277860, 0.334415, 0.426922, 0.563215
0.277992, 0.748755, -0.522508, 0.396706
0.278127, 0.059224, 0.623585, 0.115201
0.278157, 0.850816, -0.769329, 0.219525
0.278199, 0.730828, -0.470894, 0.428145
0.278221, 0.760011, -0.554644, 0.375613
0.278545, 0.142362, 0.595664, 0.271234
0.278710, 0.378662, 0.366813, 0.606114
0.279320, 0.389563, 0.350765, 0.614181
0.279358, 0.596499, -0.083475, 0.615618
0.279421, 0.888342, -0.833854, 0.158256
0.279695, 0.407336, 0.322497, 0.626676
0.280182, 0.000000, 0.634432, 0.000000
0.280342, 0.556646, 0.017925, 0.641212
0.280387, 0.500762, 0.146537, 0.656597
0.280463, 0.036530, 0.632134, 0.070992
0.280499, 0.346290, 0.414251, 0.572614
0.280691, 0.666743, -0.283146, 0.527783
0.281307, 0.902113, -0.855039, 0.135534
0.281326, 0.837179, -0.748013, 0.235079
0.281922, 0.094733, 0.621843, 0.181880
0.282140, 0.428111, 0.288471, 0.634847
0.282149, 0.699607, -0.384420, 0.470650
0.282638, 0.803852, -0.676149, 0.287899
0.282735, 1.000000, -0.918585, 0.000000
0.282819, 0.940993, -0.896823, 0.078804
0.283219, 0.653823, -0.248629, 0.538914
0.283327, 0.250430, 0.526761, 0.447286
0.283341, 0.277273, 0.500037, 0.485366
0.283381, 0.815634, -0.704900, 0.266155
0.283424, 0.237129, 0.538672, 0.427000
0.283480, 0.263615, 0.514144, 0.466139
0.283550, 0.719551, -0.446966, 0.432281
0.283725, 0.072198, 0.631648, 0.138809
0.283761, 0.513304, 0.118587, 0.647883
0.283848, 0.914873, -0.873729, 0.114131
0.283910, 0.289260, 0.487956, 0.500897
0.283978, 0.358654, 0.400564, 0.580166
0.284157, 0.791564, -0.648790, 0.304733
0.284398, 0.224401, 0.551147, 0.406589
0.284468, 0.687424, -0.351325, 0.483858
0.284502, 0.869416, -0.812478, 0.178936
0.284740, 0.641426, -0.214405, 0.551204
0.284768, 0.927867, -0.888030, 0.095543
0.285073, 0.108092, 0.622552, 0.205591
0.285134, 0.566735, -0.010431, 0.623135
0.285329, 0.049089, 0.639352, 0.094361
0.285345, 0.459184, 0.232216, 0.641215
0.285666, 0.980198, -0.920245, 0.025486
0.285707, 0.628002, -0.176794, 0.565184
0.285825, 0.740534, -0.512914, 0.388713
0.285962, 0.301974, 0.476137, 0.514842
0.286165, 0.011905, 0.644744, 0.022912
0.286201, 0.482221, 0.185379, 0.643517
0.286491, 0.470512, 0.209774, 0.641430
0.286550, 0.212505, 0.564354, 0.386104
0.286590, 0.397255, 0.343720, 0.608359
0.286597, 0.778955, -0.620673, 0.319988
0.286874, 0.370890, 0.385373, 0.587126
0.286915, 0.967941, -0.917816, 0.040968
0.286948, 0.199918, 0.574319, 0.365277
0.287182, 0.448557, 0.253296, 0.634423
0.287198, 0.173786, 0.592704, 0.321488
0.287259, 0.314439, 0.462746, 0.528391
0.287277, 0.953774, -0.911013, 0.059016
0.287303, 0.578730, -0.042995, 0.609049
0.287324, 0.524442, 0.092078, 0.637121
0.287462, 0.416809, 0.311186, 0.619352
0.287517, 0.187047, 0.584848, 0.343834
0.287539, 0.614666, -0.140971, 0.575151
0.287589, 0.675759, -0.320776, 0.492976
0.287643, 0.858212, -0.797804, 0.190617
0.287750, 0.536925, 0.062477, 0.631973
0.287981, 0.160632, 0.602306, 0.298455
0.288067, 0.121352, 0.622951, 0.228721
0.288121, 0.026592, 0.647503, 0.050988
0.288122, 0.766830, -0.590984, 0.337160
0.288128, 0.709436, -0.424448, 0.435976
0.288312, 0.326338, 0.448945, 0.540729
0.288815, 0.549608, 0.031189, 0.623642
0.288820, 0.826161, -0.736845, 0.237454
0.288896, 0.134551, 0.617771, 0.251971
0.288940, 0.147892, 0.611382, 0.275737
0.289358, 0.085324, 0.637966, 0.161809
0.289611, 0.880722, -0.837573, 0.154646
0.289703, 0.602651, -0.109586, 0.581515
0.290083, 0.590144, -0.075532, 0.592205
0.290200, 0.338723, 0.434559, 0.551572
0.290325, 0.894757, -0.858407, 0.134272
0.290405, 0.061929, 0.646314, 0.117760
0.290413, 0.752766, -0.556092, 0.354528
0.290492, 0.846224, -0.779841, 0.203584
0.290544, 0.437365, 0.275499, 0.623760
0.290745, 0.989873, -0.928283, 0.012506
0.290937, 0.384388, 0.367629, 0.591829
0.291290, 0.494269, 0.159840, 0.632882
0.291832, 0.729975, -0.492497, 0.389518
0.291941, 0.506232, 0.132911, 0.630167
0.292210, 0.662964, -0.288744, 0.498477
0.292685, 0.350959, 0.419981, 0.560334
0.293035, 0.038982, 0.655644, 0.074010
0.293234, 0.940603, -0.910295, 0.071381
0.293531, 0.000000, 0.659103, 0.000000
0.293590, 0.406169, 0.333131, 0.602374
0.293652, 0.257402, 0.534892, 0.447354
0.293669, 0.243808, 0.547881, 0.427677
0.293688, 0.800743, -0.687062, 0.266738
0.293730, 0.696826, -0.395227, 0.439967
0.293759, 0.098949, 0.642271, 0.185582
0.294115, 0.270557, 0.521812, 0.464888
0.294175, 0.812777, -0.716135, 0.246225
0.294261, 0.906840, -0.878620, 0.113354
0.294872, 0.230676, 0.561784, 0.407254
0.295090, 0.650067, -0.253590, 0.508440
0.295165, 0.636073, -0.211887, 0.527174
0.295360, 0.426176, 0.298335, 0.609908
0.295432, 0.558867, 0.002994, 0.601305
0.295522, 0.835273, -0.766099, 0.209726
0.295586, 0.282726, 0.510400, 0.479317
0.295646, 0.787026, -0.656614, 0.283778
0.295723, 0.075280, 0.653324, 0.141423
0.295779, 0.294370, 0.497264, 0.493864
0.296187, 0.018750, 0.663497, 0.035389
0.296198, 0.868656, -0.828142, 0.161010
0.296206, 0.929725, -0.904795, 0.082769
0.296379, 0.918269, -0.893802, 0.096712
0.296551, 0.622309, -0.172888, 0.540250
0.296771, 0.112909, 0.641744, 0.209678
0.296780, 0.719490, -0.469553, 0.392500
0.296794, 0.362869, 0.406042, 0.565080
0.296991, 0.685073, -0.364454, 0.449223
0.297047, 0.963436, -0.928202, 0.041989
0.297123, 0.483242, 0.183816, 0.620083
0.297227, 0.459739, 0.233743, 0.617429
0.297422, 0.471715, 0.209029, 0.618901
0.297474, 0.219154, 0.575939, 0.387558
0.297491, 0.571427, -0.031346, 0.587190
0.297514, 1.000000, -0.937079, 0.000000
0.297778, 0.051223, 0.662277, 0.096146
0.297896, 0.374732, 0.388479, 0.573159
0.297906, 0.307453, 0.483902, 0.506977
0.297947, 0.517224, 0.105347, 0.613641
0.298034, 0.180999, 0.605997, 0.326403
0.298193, 0.530446, 0.073465, 0.608669
0.298233, 0.194339, 0.597092, 0.348071
0.298259, 0.762544, -0.596538, 0.316617
0.298309, 0.544016, 0.039822, 0.602337
0.298313, 0.167628, 0.615477, 0.304050
0.298354, 0.207057, 0.587073, 0.367924
0.298409, 0.741101, -0.536437, 0.351715
0.298446, 0.977311, -0.935122, 0.025596
0.299100, 0.448010, 0.257635, 0.610730
0.299111, 0.393874, 0.357760, 0.585032
0.299335, 0.154025, 0.625845, 0.280526
0.299349, 0.888692, -0.862293, 0.129947
0.299475, 0.126974, 0.640700, 0.233528
0.299603, 0.330993, 0.454874, 0.530657
0.299619, 0.318801, 0.471250, 0.517586
0.299661, 0.949742, -0.923530, 0.056563
0.299752, 0.856429, -0.811988, 0.171992
0.299771, 0.608681, -0.136810, 0.546346
0.299894, 0.707100, -0.437021, 0.403902
0.299975, 0.140223, 0.634384, 0.256318
0.300015, 0.774693, -0.632039, 0.292190
0.300275, 0.674027, -0.335308, 0.456508
0.300334, 0.583271, -0.065637, 0.569762
0.301015, 0.822739, -0.748166, 0.216714
0.301104, 0.415549, 0.320429, 0.594106
0.301221, 0.009071, 0.672868, 0.017054
0.301263, 0.596228, -0.102780, 0.555038
0.301413, 0.089266, 0.658478, 0.165187
0.301457, 0.029925, 0.672245, 0.055895
0.302256, 0.344069, 0.438941, 0.539857
0.302341, 0.504007, 0.135933, 0.606270
0.302361, 0.063534, 0.667949, 0.117977
0.303103, 0.436241, 0.282212, 0.599126
0.303420, 0.878006, -0.851958, 0.137686
0.303490, 0.250842, 0.555017, 0.428152
0.303518, 0.797100, -0.693784, 0.248776
0.303541, 0.662556, -0.304338, 0.463899
0.303687, 0.845012, -0.796499, 0.180570
0.303825, 0.900168, -0.882740, 0.110048
0.304001, 0.752135, -0.577280, 0.317772
0.304396, 0.237219, 0.569700, 0.408137
0.304536, 0.492390, 0.162464, 0.602805
0.304536, 0.263855, 0.543056, 0.444863
0.304586, 0.989065, -0.943741, 0.011501
0.304945, 0.104046, 0.660558, 0.190564
0.305053, 0.383212, 0.379658, 0.567680
0.305374, 0.355557, 0.424665, 0.545649
0.305449, 0.729806, -0.515242, 0.349977
0.305535, 0.641644, -0.241727, 0.487929
0.305638, 0.809665, -0.726344, 0.225387
0.305846, 0.694457, -0.407527, 0.406186
0.306061, 0.403722, 0.344695, 0.578788
0.306127, 0.041369, 0.679510, 0.076493
0.306133, 0.629396, -0.205042, 0.502543
0.306327, 0.937500, -0.923108, 0.065186
0.306339, 0.552277, 0.013686, 0.576486
0.306352, 0.276240, 0.531618, 0.458871
0.306541, 0.300014, 0.503304, 0.487555
0.307009, 0.075593, 0.673426, 0.138749
0.307191, 0.652378, -0.277629, 0.467428
0.307437, 0.616236, -0.167003, 0.515006
0.307571, 0.564873, -0.020896, 0.564517
0.307780, 0.957456, -0.937384, 0.043255
0.307795, 0.785496, -0.671898, 0.255884
0.307842, 0.925178, -0.914062, 0.077661
0.307964, 0.118306, 0.659212, 0.214349
0.308158, 0.288355, 0.519545, 0.471740
0.308197, 0.538151, 0.049763, 0.579693
0.308222, 0.833158, -0.779814, 0.187514
0.308322, 0.479491, 0.191685, 0.594967
0.308325, 0.911913, -0.901075, 0.091757
0.308382, 0.000000, 0.686964, 0.000000
0.308429, 0.225861, 0.586358, 0.387924
0.308437, 0.716743, -0.480815, 0.361889
0.308570, 0.866360, -0.840398, 0.144229
0.308604, 0.175119, 0.627294, 0.309529
0.308641, 0.425675, 0.304496, 0.584270
0.308777, 0.369786, 0.404667, 0.551712
0.308778, 0.467146, 0.218885, 0.593573
0.308831, 0.525043, 0.082874, 0.584096
0.308843, 0.188461, 0.618002, 0.330656
0.308986, 0.969151, -0.943404, 0.030923
0.309070, 0.161331, 0.637579, 0.286836
0.309221, 0.019762, 0.687847, 0.036339
0.309410, 0.201689, 0.608838, 0.350880
0.309829, 0.764021, -0.619248, 0.282942
0.309869, 0.147060, 0.647406, 0.262528
0.310069, 0.214459, 0.598827, 0.369442
0.310101, 0.455889, 0.243245, 0.589409
0.310138, 0.684003, -0.381667, 0.409670
0.310318, 0.336156, 0.458194, 0.520571
0.310492, 0.053106, 0.685146, 0.097103
0.310511, 0.513014, 0.112121, 0.584147
0.310674, 0.576415, -0.055310, 0.546482
0.310806, 0.324038, 0.476018, 0.507970
0.311093, 0.132690, 0.657607, 0.237594
0.311301, 0.889012, -0.877215, 0.113504
0.311340, 0.704159, -0.446774, 0.373258
0.311401, 0.742562, -0.562082, 0.312113
0.311485, 0.312031, 0.493177, 0.494497
0.311520, 0.445371, 0.266029, 0.584558
0.311701, 0.589414, -0.093255, 0.531496
0.311800, 1.000000, -0.952029, 0.000000
0.312197, 0.602678, -0.131909, 0.516280
0.312311, 0.085725, 0.679422, 0.155275
0.312554, 0.854949, -0.826018, 0.151688
0.312788, 0.672506, -0.349360, 0.419261
0.312876, 0.392433, 0.368466, 0.559930
0.313081, 0.979954, -0.950813, 0.019080
0.313128, 0.821146, -0.761697, 0.193532
0.313367, 0.946117, -0.935910, 0.051678
0.313411, 0.243997, 0.575670, 0.408785
0.313662, 0.414199, 0.328901, 0.569809
0.313779, 0.775323, -0.655055, 0.255925
0.313875, 0.097125, 0.677977, 0.174691
0.314065, 0.798307, -0.712243, 0.222029
0.314287, 0.500417, 0.141712, 0.578212
0.314537, 0.031108, 0.696042, 0.056549
0.314719, 0.256296, 0.564490, 0.423791
0.314871, 0.064938, 0.690083, 0.117435
0.315342, 0.359521, 0.426557, 0.533139
0.315757, 0.009950, 0.699570, 0.018130
0.315814, 0.346788, 0.447056, 0.521866
0.316004, 0.877027, -0.865396, 0.120454
0.316300, 0.900481, -0.896910, 0.094972
0.316350, 0.843427, -0.809933, 0.159176
0.316452, 0.661223, -0.318982, 0.424956
0.316538, 0.268175, 0.553712, 0.437071
0.316654, 0.487753, 0.171664, 0.574853
0.316693, 0.637747, -0.244744, 0.458326
0.316736, 0.435883, 0.286590, 0.571273
0.316905, 0.624826, -0.204897, 0.475043
0.316997, 0.380442, 0.392422, 0.545263
0.317285, 0.109482, 0.679760, 0.194865
0.317292, 0.546051, 0.023701, 0.550820
0.317412, 0.300669, 0.514574, 0.474131
0.317434, 0.753384, -0.601972, 0.278836
0.317602, 0.733876, -0.546737, 0.307321
0.317681, 0.558719, -0.011212, 0.540974
0.317924, 0.722216, -0.512767, 0.324932
0.317936, 0.810076, -0.744122, 0.197970
0.317969, 0.233472, 0.592652, 0.389776
0.318349, 0.921382, -0.921352, 0.071766
0.318382, 0.612943, -0.170191, 0.485415
0.318404, 0.402638, 0.352733, 0.555309
0.318493, 0.648836, -0.282386, 0.436825
0.318972, 0.042697, 0.702435, 0.076803
0.318987, 0.169484, 0.648038, 0.293404
0.319005, 0.958145, -0.948782, 0.036876
0.319008, 0.279605, 0.543229, 0.448103
0.319165, 0.533215, 0.056858, 0.553249
0.319297, 0.474198, 0.203088, 0.569889
0.319408, 0.990222, -0.958432, 0.008540
0.319468, 0.182614, 0.638997, 0.313502
0.319513, 0.933671, -0.933132, 0.059060
0.319556, 0.694498, -0.429767, 0.362927
0.319579, 0.155838, 0.658045, 0.271108
0.319620, 0.121649, 0.677170, 0.214514
0.319860, 0.195776, 0.629244, 0.333338
0.319917, 0.787394, -0.694154, 0.223605
0.320304, 0.076270, 0.696892, 0.136010
0.320420, 0.709205, -0.477071, 0.337065
0.320625, 0.290124, 0.532008, 0.458337
0.320750, 0.209192, 0.619438, 0.352477
0.320826, 0.333455, 0.471877, 0.502400
0.320851, 0.831786, -0.793320, 0.164445
0.320852, 0.521182, 0.087437, 0.554629
0.320924, 0.142911, 0.667989, 0.249213
0.320987, 0.461392, 0.232026, 0.565947
0.321100, 0.865353, -0.853286, 0.125604
0.321245, 0.424958, 0.310345, 0.558783
0.321416, 0.569412, -0.044590, 0.521631
0.321974, 0.368963, 0.415527, 0.528971
0.322131, 0.969762, -0.955922, 0.025585
0.322156, 0.582082, -0.081917, 0.507854
0.322174, 0.222524, 0.609020, 0.370189
0.322279, 0.320945, 0.491742, 0.488524
0.322294, 0.765672, -0.642399, 0.247630
0.322300, 0.682139, -0.395046, 0.374042
0.322457, 0.910683, -0.914283, 0.078117
0.322620, 0.000000, 0.712778, 0.000000
0.322627, 0.020842, 0.712044, 0.037222
0.322891, 0.509032, 0.117679, 0.554131
0.322902, 0.594930, -0.120814, 0.492344
0.323050, 0.887924, -0.888195, 0.099342
0.323150, 0.054501, 0.707410, 0.096914
0.323211, 0.448693, 0.260101, 0.559771
0.324051, 0.246988, 0.586911, 0.401699
0.324124, 0.088699, 0.699070, 0.156404
0.324155, 0.132524, 0.679327, 0.230317
0.325132, 0.853673, -0.838369, 0.131718
0.325261, 0.946083, -0.946670, 0.044154
0.325267, 0.309474, 0.510948, 0.472797
0.325455, 0.669935, -0.360611, 0.382557
0.325745, 0.799327, -0.730311, 0.193882
0.325882, 0.496157, 0.149166, 0.550508
0.325899, 0.355375, 0.441331, 0.512531
0.325958, 0.390625, 0.379598, 0.535223
0.326078, 0.413826, 0.334040, 0.545034
0.326083, 0.743440, -0.587218, 0.269798
0.326162, 0.820894, -0.777817, 0.166659
0.326417, 0.259799, 0.575596, 0.415288
0.326493, 0.606156, -0.158392, 0.468514
0.326505, 0.631734, -0.238711, 0.435360
0.326597, 0.100976, 0.698308, 0.176250
0.326671, 1.000000, -0.965181, 0.000000
0.326821, 0.777891, -0.680133, 0.219602
0.327515, 0.980432, -0.963493, 0.015254
0.327539, 0.032226, 0.719037, 0.056897
0.327665, 0.066453, 0.712039, 0.116760
0.327751, 0.553616, -0.003921, 0.516263
0.328042, 0.343196, 0.462999, 0.499607
0.328045, 0.483121, 0.180702, 0.547954
0.328105, 0.657080, -0.322846, 0.393523
0.328499, 0.436437, 0.287820, 0.546331
0.328639, 0.729714, -0.551552, 0.281554
0.328653, 0.876061, -0.877222, 0.103225
0.328822, 0.841753, -0.821269, 0.138407
0.328873, 0.898314, -0.906623, 0.082269
0.328954, 0.272165, 0.564051, 0.427202
0.329068, 0.619769, -0.203521, 0.443283
0.329117, 0.541415, 0.028819, 0.521045
0.329121, 0.236220, 0.605017, 0.382162
0.329322, 0.163693, 0.668152, 0.277106
0.329356, 0.716501, -0.513366, 0.299551
0.329394, 0.378337, 0.403503, 0.521738
0.329557, 0.402360, 0.358662, 0.533818
0.329681, 0.644046, -0.282837, 0.407695
0.329710, 0.010591, 0.724507, 0.018685
0.329917, 0.702221, -0.470425, 0.318615
0.330029, 0.756049, -0.627736, 0.240601
0.330128, 0.922605, -0.933208, 0.059960
0.330191, 0.176433, 0.660271, 0.296046
0.330287, 0.810664, -0.761006, 0.170301
0.330331, 0.297459, 0.532921, 0.453511
0.330442, 0.113058, 0.700253, 0.194860
0.330618, 0.189237, 0.650614, 0.314756
0.330714, 0.958656, -0.958600, 0.030803
0.330756, 0.470315, 0.210874, 0.542929
0.330919, 0.150190, 0.679385, 0.254860
0.330972, 0.202024, 0.640238, 0.333155
0.331181, 0.529833, 0.059118, 0.522451
0.331632, 0.043998, 0.724407, 0.076861
0.332008, 0.330710, 0.485846, 0.482723
0.332245, 0.935153, -0.944903, 0.048296
0.332266, 0.215119, 0.630335, 0.350380
0.332381, 0.284625, 0.552221, 0.437043
0.332394, 0.690069, -0.436030, 0.329537
0.332674, 0.790143, -0.717650, 0.189544
0.332677, 0.079011, 0.717457, 0.136784
0.332696, 0.517509, 0.091475, 0.524814
0.332739, 0.124266, 0.697404, 0.212222
0.332747, 0.563257, -0.036341, 0.493865
0.332895, 0.457933, 0.239827, 0.538391
0.333061, 0.575485, -0.072596, 0.481653
0.333383, 0.364852, 0.430291, 0.506308
0.333447, 0.424230, 0.314736, 0.532976
0.333645, 0.864521, -0.864770, 0.107013
0.333677, 0.587880, -0.110445, 0.467021
0.334062, 0.829605, -0.804169, 0.141494
0.334311, 0.990254, -0.970246, 0.006816
0.334533, 0.908669, -0.922747, 0.067460
0.334646, 0.318660, 0.506650, 0.468019
0.334688, 0.504896, 0.123806, 0.524951
0.334690, 0.768721, -0.667409, 0.211740
0.334739, 0.678240, -0.401776, 0.340154
0.334922, 0.249618, 0.597926, 0.393046
0.334993, 0.138638, 0.693476, 0.234075
0.335515, 0.227383, 0.622385, 0.363762
0.335570, 0.886591, -0.898000, 0.084450
0.335592, 0.056436, 0.728483, 0.097445
0.335631, 0.970114, -0.966474, 0.020627
0.335810, 0.091513, 0.717667, 0.156824
0.336090, 0.021788, 0.735537, 0.037703
0.336185, 0.599377, -0.148327, 0.446178
0.336220, 0.446448, 0.266426, 0.530367
0.336431, 0.000000, 0.737027, 0.000000
0.336922, 0.632884, -0.256492, 0.399901
0.337219, 0.491799, 0.156692, 0.522811
0.337353, 0.665524, -0.364274, 0.350462
0.337363, 0.852869, -0.849513, 0.112041
0.337442, 0.947840, -0.957296, 0.035285
0.337504, 0.352076, 0.455485, 0.490697
0.337907, 0.736722, -0.585164, 0.246146
0.338143, 0.261875, 0.587354, 0.404019
0.338282, 0.611458, -0.188883, 0.424454
0.338288, 0.802719, -0.753140, 0.161846
0.338295, 0.307039, 0.527354, 0.451811
0.338462, 0.411784, 0.342688, 0.519191
0.338587, 0.386300, 0.393379, 0.508698
0.338934, 0.397847, 0.371129, 0.513214
0.339070, 0.549536, -0.001057, 0.486692
0.339134, 0.748197, -0.618957, 0.226599
0.339249, 0.104047, 0.718018, 0.175903
0.339335, 0.723144, -0.547987, 0.259705
0.339473, 0.652705, -0.325227, 0.362695
0.339660, 0.709764, -0.508361, 0.278296
0.339682, 0.781015, -0.704408, 0.184112
0.339811, 0.068853, 0.731926, 0.117428
0.339874, 0.159041, 0.687212, 0.262614
0.339911, 0.479264, 0.187430, 0.519035
0.340221, 0.817180, -0.786079, 0.142207
0.340318, 0.033363, 0.741019, 0.057108
0.340515, 0.340502, 0.476918, 0.476898
0.340582, 0.840991, -0.831976, 0.118052
0.340732, 0.273840, 0.575382, 0.414401
0.340771, 0.623360, -0.230502, 0.400505
0.340849, 0.373724, 0.418640, 0.498067
0.340924, 0.435184, 0.292048, 0.518548
0.341185, 0.170643, 0.681118, 0.278967
0.341462, 0.240051, 0.616757, 0.373780
0.341481, 1.000000, -0.975559, 0.000000
0.341634, 0.182873, 0.672056, 0.296538
0.341657, 0.875213, -0.887757, 0.085643
0.341664, 0.916703, -0.936464, 0.053925
0.341861, 0.897077, -0.916048, 0.068143
0.342019, 0.538683, 0.027381, 0.486144
0.342059, 0.980272, -0.973672, 0.012107
0.342118, 0.195137, 0.662151, 0.313482
0.342202, 0.295266, 0.548009, 0.434792
0.342280, 0.207387, 0.651090, 0.330436
0.342371, 0.697419, -0.474296, 0.287166
0.342480, 0.526508, 0.061622, 0.492931
0.342597, 0.466670, 0.218163, 0.514496
0.342779, 0.760364, -0.656240, 0.201539
0.342793, 0.128356, 0.711259, 0.213284
0.343008, 0.642014, -0.294659, 0.366434
0.343095, 0.927463, -0.947031, 0.045332
0.343263, 0.011237, 0.748048, 0.019163
0.343451, 0.959673, -0.967729, 0.024265
0.343610, 0.327969, 0.499906, 0.462121
0.343641, 0.046546, 0.744258, 0.078930
0.344149, 0.513585, 0.096211, 0.495479
0.344172, 0.148910, 0.701142, 0.244292
0.344428, 0.116165, 0.721148, 0.193024
0.344434, 0.569634, -0.065823, 0.452642
0.344501, 0.558210, -0.031239, 0.463163
0.344651, 0.581848, -0.103345, 0.439381
0.344748, 0.220002, 0.642268, 0.344746
0.345143, 0.081365, 0.737466, 0.136411
0.345191, 0.285200, 0.565046, 0.420537
0.345212, 0.793255, -0.739634, 0.157123
0.345236, 0.424165, 0.317531, 0.507470
0.345247, 0.938488, -0.956541, 0.036585
0.345547, 0.360910, 0.445266, 0.482370
0.345573, 0.685222, -0.440498, 0.294771
0.345751, 0.454887, 0.246357, 0.507870
0.345936, 0.828732, -0.814521, 0.119823
0.346068, 0.500533, 0.130495, 0.496300
0.346253, 0.863859, -0.874896, 0.088469
0.346433, 0.593838, -0.142571, 0.420145
0.346494, 0.673453, -0.403960, 0.309239
0.347037, 0.252170, 0.609566, 0.381974
0.347184, 0.315440, 0.522761, 0.446040
0.347331, 0.093217, 0.735706, 0.155039
0.347466, 0.772589, -0.693065, 0.175053
0.348008, 0.058824, 0.748694, 0.098389
0.348463, 0.885872, -0.907191, 0.068749
0.348536, 0.138203, 0.714497, 0.225197
0.348597, 0.906312, -0.930913, 0.054416
0.348626, 0.605922, -0.183861, 0.398008
0.348780, 0.659661, -0.361977, 0.321539
0.348812, 0.730157, -0.581367, 0.223918
0.348972, 0.232129, 0.634613, 0.355703
0.349030, 0.990131, -0.979323, 0.005278
0.349088, 0.806679, -0.773184, 0.134848
0.349155, 0.488151, 0.161807, 0.492620
0.349398, 0.852350, -0.859398, 0.092723
0.349472, 0.403495, 0.363116, 0.493467
0.349607, 0.022863, 0.757877, 0.038251
0.349726, 0.443705, 0.272745, 0.498639
0.349797, 0.970025, -0.975241, 0.015949
0.349860, 0.000000, 0.759724, 0.000000
0.350067, 0.716788, -0.544298, 0.236973
0.350175, 0.414535, 0.339644, 0.494769
0.350187, 0.264388, 0.597947, 0.391890
0.350330, 0.350235, 0.466815, 0.466603
0.350418, 0.391781, 0.387430, 0.487451
0.350467, 0.618583, -0.227512, 0.375105
0.350583, 0.741565, -0.615802, 0.203705
0.350601, 0.632439, -0.273331, 0.354866
0.350638, 0.949762, -0.966762, 0.026530
0.350846, 0.380541, 0.410479, 0.482229
0.351334, 0.303116, 0.545282, 0.429013
0.351453, 0.161732, 0.702637, 0.258286
0.351580, 0.037162, 0.758942, 0.061805
0.351600, 0.105624, 0.736924, 0.172767
0.351723, 0.475332, 0.194428, 0.489714
0.351820, 0.070995, 0.750934, 0.117303
0.351845, 0.840411, -0.841154, 0.098679
0.351893, 0.752746, -0.647575, 0.186992
0.352080, 0.705447, -0.512986, 0.246743
0.352216, 0.337954, 0.489809, 0.455342
0.352456, 0.175179, 0.693830, 0.276737
0.352639, 0.368829, 0.434267, 0.473384
0.352799, 0.784342, -0.727314, 0.149458
0.352937, 0.647261, -0.326937, 0.325997
0.352979, 0.547966, -0.008149, 0.446534
0.353035, 0.277002, 0.584348, 0.401654
0.353198, 0.817931, -0.800269, 0.115903
0.353231, 0.522666, 0.065365, 0.464536
0.353271, 0.187725, 0.684243, 0.293565
0.353351, 0.535328, 0.028615, 0.455386
0.353720, 0.211637, 0.662043, 0.325087
0.353821, 0.199843, 0.673839, 0.309299
0.353873, 0.917692, -0.945340, 0.042120
0.354274, 0.432662, 0.298986, 0.487734
0.354614, 0.126103, 0.731275, 0.202974
0.354767, 0.692901, -0.478140, 0.255160
0.354905, 0.874333, -0.896560, 0.068156
0.355009, 0.325388, 0.513096, 0.441498
0.355150, 0.463168, 0.224440, 0.483462
0.355197, 0.508987, 0.102830, 0.467001
0.355306, 0.243193, 0.629765, 0.361686
0.355388, 0.574396, -0.090910, 0.413641
0.355563, 0.560886, -0.049297, 0.426888
0.355666, 0.764674, -0.682739, 0.163633
0.355869, 0.896060, -0.924459, 0.052906
0.355996, 0.929157, -0.956173, 0.034162
0.356137, 1.000000, -0.983400, 0.000000
0.356187, 0.291553, 0.566855, 0.411069
0.356333, 0.049243, 0.764576, 0.080705
0.356393, 0.011137, 0.769835, 0.018303
0.356451, 0.148832, 0.719352, 0.235848
0.356557, 0.980080, -0.981418, 0.009062
0.356622, 0.587179, -0.132790, 0.395181
0.356741, 0.669302, -0.405352, 0.281533
0.357196, 0.224540, 0.653175, 0.337529
0.357263, 0.797132, -0.760679, 0.126840
0.357434, 0.959591, -0.975214, 0.018188
0.357999, 0.939656, -0.964527, 0.027337
0.358225, 0.082994, 0.757615, 0.134243
0.358247, 0.094478, 0.752611, 0.152444
0.358297, 0.828876, -0.825771, 0.096674
0.358318, 0.497237, 0.133399, 0.464051
0.358800, 0.115172, 0.743672, 0.183953
0.358867, 0.680463, -0.444688, 0.259345
0.358928, 0.599043, -0.173965, 0.372875
0.358934, 0.863142, -0.883322, 0.070186
0.359075, 0.451591, 0.252714, 0.475267
0.359213, 0.422165, 0.323484, 0.475406
0.359249, 0.724203, -0.577906, 0.201457
0.359394, 0.312947, 0.536978, 0.425020
0.359624, 0.254841, 0.620443, 0.369484
0.359815, 0.029891, 0.773717, 0.048598
0.360149, 0.359661, 0.455234, 0.454051
0.360285, 0.611786, -0.217863, 0.351517
0.360572, 0.484020, 0.168574, 0.463490
0.360704, 0.137502, 0.732994, 0.216492
0.360735, 0.060833, 0.768641, 0.098240
0.360944, 0.775595, -0.715195, 0.139401
0.360984, 0.624787, -0.262421, 0.330811
0.361113, 0.658164, -0.375094, 0.282883
0.361151, 0.851374, -0.866799, 0.074604
0.361289, 0.884524, -0.913849, 0.053713
0.361374, 0.409679, 0.352063, 0.468797
0.361378, 0.397853, 0.377971, 0.466236
0.361439, 0.637487, -0.306419, 0.311551
0.361599, 0.907821, -0.940083, 0.040520
0.361659, 0.735210, -0.611941, 0.181285
0.361773, 0.267655, 0.605925, 0.380147
0.361867, 0.347147, 0.479551, 0.443958
0.362144, 0.808971, -0.790236, 0.105745
0.362145, 0.385658, 0.404331, 0.461185
0.362731, 0.373402, 0.429567, 0.455393
0.362854, 0.158202, 0.721702, 0.244699
0.362859, 0.169914, 0.712354, 0.260965
0.363156, 0.839906, -0.849154, 0.079491
0.363326, 0.280977, 0.588915, 0.391205
0.363331, 0.000000, 0.781516, 0.000000
0.363358, 0.517341, 0.074026, 0.438496
0.363413, 0.440480, 0.279889, 0.465627
0.363413, 0.702536, -0.519478, 0.216221
0.363480, 0.235070, 0.648734, 0.342774
0.363526, 0.746544, -0.644876, 0.163287
0.363556, 0.714030, -0.554085, 0.200953
0.363611, 0.990002, -0.985960, 0.003780
0.363632, 0.072187, 0.769378, 0.115338
0.363786, 0.334587, 0.503487, 0.432902
0.364007, 0.969792, -0.981750, 0.011454
0.364065, 0.471648, 0.200000, 0.458118
0.364313, 0.757100, -0.673113, 0.149992
0.364457, 0.182001, 0.704542, 0.275884
0.364471, 0.529728, 0.036269, 0.426281
0.364472, 0.019974, 0.782282, 0.032155
0.364516, 0.948388, -0.972694, 0.019638
0.364524, 0.302942, 0.556837, 0.408347
0.364616, 0.215459, 0.671808, 0.318651
0.364666, 0.541911, -0.000822, 0.415768
0.364948, 0.103482, 0.758639, 0.163127
0.365018, 0.041306, 0.780035, 0.066112
0.365299, 0.567434, -0.079456, 0.389396
0.365303, 0.787977, -0.748036, 0.117809
0.365433, 0.193422, 0.695146, 0.290118
0.365646, 0.648360, -0.348707, 0.281281
0.365921, 0.204508, 0.684917, 0.303601
0.365955, 0.921515, -0.954725, 0.029838
0.365970, 0.553858, -0.038032, 0.401085
0.366445, 0.581018, -0.124134, 0.370280
0.366484, 0.321980, 0.527342, 0.420055
0.366799, 0.820337, -0.816477, 0.087597
0.366806, 0.689845, -0.485151, 0.222091
0.367462, 0.125174, 0.750619, 0.194036
0.368079, 0.459645, 0.230232, 0.450672
0.368180, 0.506441, 0.102752, 0.431429
0.368232, 0.429728, 0.305621, 0.454197
0.368261, 0.668805, -0.420142, 0.244809
0.368707, 0.896786, -0.932185, 0.038505
0.368717, 0.872060, -0.901946, 0.051157
0.369082, 0.492857, 0.140293, 0.435985
0.369325, 0.292449, 0.577298, 0.392478
0.369515, 0.246089, 0.641992, 0.347711
0.369580, 0.934363, -0.966108, 0.021966
0.369678, 0.592540, -0.165642, 0.345323
0.369783, 0.090841, 0.772367, 0.141726
0.369797, 0.766658, -0.702548, 0.126817
0.369858, 0.053087, 0.785339, 0.083587
0.370246, 0.605301, -0.209073, 0.326621
0.370311, 0.148988, 0.738949, 0.226327
0.370335, 0.800072, -0.778680, 0.096425
0.370643, 1.000000, -0.988892, 0.000000
0.370811, 0.010204, 0.792951, 0.016130
0.370876, 0.224804, 0.669070, 0.322768
0.370891, 0.958767, -0.980121, 0.012717
0.370967, 0.979825, -0.986859, 0.006120
0.371142, 0.417449, 0.334974, 0.446996
0.371173, 0.858943, -0.884673, 0.054990
0.371259, 0.726237, -0.598276, 0.165358
0.371278, 0.258945, 0.627272, 0.358751
0.371468, 0.832073, -0.841423, 0.070519
0.371470, 0.137019, 0.748888, 0.208747
0.371593, 0.618088, -0.254259, 0.304054
0.371864, 0.112227, 0.764431, 0.172611
0.371999, 0.354724, 0.470569, 0.428787
0.372022, 0.631003, -0.299304, 0.284808
0.372107, 0.366717, 0.446831, 0.433781
0.372263, 0.884566, -0.919721, 0.040174
0.372368, 0.079121, 0.780885, 0.122904
0.372447, 0.030894, 0.793840, 0.048390
0.372561, 0.404736, 0.364645, 0.442569
0.372645, 0.448086, 0.259213, 0.441252
0.372674, 0.480477, 0.172643, 0.431378
0.372777, 0.679342, -0.460246, 0.216983
0.372857, 0.910937, -0.948190, 0.028400
0.372881, 0.392398, 0.392610, 0.439841
0.373028, 0.271444, 0.611673, 0.368406
0.373194, 0.845912, -0.865802, 0.059059
0.373295, 0.342034, 0.495612, 0.420055
0.373345, 0.778482, -0.733763, 0.108265
0.373391, 0.379822, 0.419851, 0.435440
0.373516, 0.740088, -0.638588, 0.144559
0.373670, 0.162755, 0.733193, 0.242523
0.373785, 0.313376, 0.547034, 0.401392
0.373915, 0.519823, 0.059593, 0.405453
0.373990, 0.065503, 0.787577, 0.101619
0.374061, 0.699942, -0.525256, 0.187411
0.374576, 0.657330, -0.391562, 0.240112
0.374649, 0.175749, 0.723087, 0.258872
0.374841, 0.642803, -0.342920, 0.257882
0.375027, 0.712093, -0.562447, 0.170702
0.375055, 0.328642, 0.521288, 0.409305
0.375220, 0.282646, 0.597240, 0.375321
0.375550, 0.811971, -0.806773, 0.077025
0.375610, 0.575890, -0.117152, 0.345996
0.375963, 0.754063, -0.677487, 0.123670
0.376026, 0.532331, 0.020295, 0.389156
0.376194, 0.564315, -0.080105, 0.357437
0.376215, 0.946115, -0.975429, 0.014022
0.376548, 0.212966, 0.688869, 0.302645
0.376586, 0.468257, 0.204443, 0.425244
0.376732, 0.543136, -0.013511, 0.377355
0.376855, 0.234083, 0.664799, 0.325977
0.376914, 0.188749, 0.714439, 0.273063
0.377209, 0.000000, 0.803502, 0.000000
0.377409, 0.437240, 0.285903, 0.430637
0.377538, 0.301549, 0.569424, 0.386698
0.377734, 0.042378, 0.799602, 0.065252
0.377806, 0.200410, 0.703732, 0.286560
0.377911, 0.100656, 0.779574, 0.152546
0.377948, 0.969195, -0.985946, 0.007242
0.377994, 0.790693, -0.764883, 0.087766
0.378063, 0.989793, -0.990313, 0.002339
0.378085, 0.923105, -0.960483, 0.019631
0.378218, 0.553890, -0.048649, 0.362005
0.378353, 0.500452, 0.113076, 0.404902
0.378522, 0.020931, 0.804261, 0.032280
0.379097, 0.120034, 0.770503, 0.179738
0.379914, 0.901423, -0.941544, 0.025013
0.379929, 0.823985, -0.832338, 0.060937
0.380076, 0.689290, -0.500505, 0.182136
0.380482, 0.586432, -0.158215, 0.316769
0.380697, 0.425215, 0.315744, 0.423560
0.380736, 0.668941, -0.437600, 0.204830
0.380814, 0.599670, -0.203452, 0.298002
0.380959, 0.130991, 0.766199, 0.193793
0.381090, 0.456195, 0.235514, 0.416896
0.381195, 0.864710, -0.897991, 0.037922
0.381199, 0.511361, 0.078440, 0.389136
0.381341, 0.767414, -0.714934, 0.099045
0.381426, 0.489272, 0.143722, 0.402414
0.381489, 0.876888, -0.914255, 0.032329
0.381622, 0.253960, 0.643985, 0.339845
0.381762, 0.721644, -0.597086, 0.141137
0.382041, 0.611303, -0.245163, 0.277420
0.382131, 0.087741, 0.792043, 0.131727
0.382275, 0.143567, 0.759375, 0.210265
0.382278, 0.890485, -0.930805, 0.026127
0.382294, 0.053637, 0.804013, 0.081187
0.382330, 0.242650, 0.659781, 0.327967
0.382484, 0.837354, -0.856973, 0.048918
0.382555, 0.412368, 0.347184, 0.419451
0.382590, 0.155388, 0.750628, 0.225639
0.382629, 0.624511, -0.291772, 0.257276
0.382742, 0.934796, -0.970259, 0.013207
0.382849, 0.851527, -0.879670, 0.041380
0.383260, 0.733166, -0.630208, 0.125750
0.383324, 0.803025, -0.794417, 0.067915
0.383362, 0.266160, 0.628709, 0.348786
0.383387, 0.361684, 0.461238, 0.408732
0.383433, 0.349415, 0.486277, 0.404046
0.383601, 0.957717, -0.982967, 0.007566
0.383655, 0.373920, 0.435539, 0.411959
0.383658, 0.399479, 0.377954, 0.416281
0.383784, 0.290634, 0.591839, 0.368332
0.383815, 0.222929, 0.685764, 0.305558
0.383955, 0.322146, 0.538316, 0.389341
0.383968, 0.336447, 0.511760, 0.397016
0.384039, 0.386810, 0.406958, 0.413692
0.384436, 0.075845, 0.799915, 0.113418
0.384513, 0.649274, -0.378457, 0.217877
0.384624, 0.010853, 0.814211, 0.016430
0.384670, 0.168622, 0.742626, 0.240936
0.384780, 0.635640, -0.332725, 0.234225
0.384868, 0.745507, -0.664099, 0.109833
0.384872, 0.702262, -0.545151, 0.152940
0.384952, 1.000000, -0.992177, 0.000000
0.384962, 0.477325, 0.175653, 0.398112
0.385059, 0.780123, -0.747173, 0.080669
0.385190, 0.979239, -0.990054, 0.003317
0.385452, 0.032601, 0.813525, 0.048992
0.385478, 0.524433, 0.035014, 0.365893
0.385531, 0.064200, 0.805332, 0.096011
0.385870, 0.278015, 0.613226, 0.355116
0.385879, 0.911838, -0.953224, 0.016420
0.385942, 0.181881, 0.731604, 0.256352
0.386240, 0.109962, 0.786016, 0.161605
0.386510, 0.310267, 0.561091, 0.377820
0.386650, 0.444876, 0.263686, 0.404776
0.386682, 0.573955, -0.123362, 0.311464
0.386753, 0.679040, -0.477163, 0.173932
0.387548, 0.208998, 0.705776, 0.286085
0.387890, 0.659678, -0.417032, 0.193271
0.388382, 0.758010, -0.698317, 0.090368
0.388503, 0.562274, -0.086888, 0.319213
0.388598, 0.815733, -0.822253, 0.050201
0.388667, 0.946399, -0.978405, 0.007176
0.388904, 0.548445, -0.042493, 0.332984
0.389042, 0.465163, 0.208042, 0.391896
0.389079, 0.536326, -0.004830, 0.344253
0.389137, 0.712951, -0.580633, 0.129690
0.389641, 0.195748, 0.722717, 0.268752
0.389913, 0.096038, 0.799215, 0.139993
0.390057, 0.500505, 0.105142, 0.370019
0.390129, 0.792935, -0.778345, 0.060696
0.390264, 0.433062, 0.294213, 0.397986
0.390316, 0.594654, -0.198235, 0.271594
0.390564, 0.000000, 0.823774, 0.000000
0.390681, 0.923763, -0.964089, 0.009801
0.390871, 0.299222, 0.582843, 0.362897
0.390928, 0.044581, 0.818830, 0.065702
0.390940, 0.122593, 0.785452, 0.176037
0.391166, 0.232873, 0.681267, 0.306977
0.391745, 0.968278, -0.988077, 0.003112
0.391795, 0.828675, -0.847000, 0.037859
0.391814, 0.692144, -0.523016, 0.144064
0.392067, 0.618582, -0.284242, 0.232612
0.392072, 0.022564, 0.824423, 0.033255
0.392229, 0.420042, 0.327442, 0.394936
0.392252, 0.989310, -0.992500, 0.000952
0.392319, 0.884482, -0.926998, 0.016922
0.392443, 0.870720, -0.910287, 0.020710
0.392452, 0.513783, 0.063213, 0.353087
0.392492, 0.899212, -0.942982, 0.013086
0.392533, 0.135448, 0.778708, 0.191958
0.392632, 0.843076, -0.870929, 0.030217
0.392699, 0.857324, -0.892221, 0.024826
0.392757, 0.488062, 0.139975, 0.369558
0.392966, 0.246942, 0.664477, 0.318045
0.393497, 0.259911, 0.646511, 0.328825
0.393686, 0.583532, -0.164020, 0.274886
0.393726, 0.330823, 0.527372, 0.375785
0.393735, 0.406925, 0.360200, 0.392192
0.393745, 0.148184, 0.770943, 0.207673
0.393851, 0.770507, -0.732051, 0.067876
0.393917, 0.725027, -0.618714, 0.105040
0.394098, 0.606515, -0.244869, 0.241831
0.394120, 0.643188, -0.370963, 0.193727
0.394297, 0.453733, 0.237082, 0.381220
0.394309, 0.160627, 0.761221, 0.222691
0.394363, 0.343809, 0.501907, 0.379791
0.394571, 0.356225, 0.476406, 0.383692
0.394649, 0.393927, 0.391620, 0.389888
0.394736, 0.368565, 0.449774, 0.386432
0.394776, 0.381064, 0.421882, 0.388649
0.394874, 0.668738, -0.454859, 0.160963
0.394970, 0.218736, 0.702566, 0.287903
0.395238, 0.083563, 0.812215, 0.120091
0.395342, 0.736747, -0.651083, 0.090806
0.395480, 0.806342, -0.808282, 0.042350
0.395699, 0.173550, 0.751660, 0.237097
0.395845, 0.934903, -0.972616, 0.004772
0.395868, 0.272331, 0.630001, 0.335215
0.395873, 0.056733, 0.823231, 0.081887
0.396082, 0.069442, 0.818703, 0.099998
0.396116, 0.318535, 0.552015, 0.365629
0.396247, 0.285562, 0.609392, 0.344789
0.396297, 0.630278, -0.330396, 0.202428
0.396587, 0.186547, 0.739554, 0.251403
0.396622, 0.748578, -0.682048, 0.077864
0.396706, 0.475497, 0.174861, 0.365100
0.396810, 0.957296, -0.984539, 0.002074
0.396820, 0.782038, -0.759564, 0.053868
0.397075, 0.105150, 0.803975, 0.148929
0.397507, 0.011981, 0.833257, 0.017354
0.397534, 0.703668, -0.562962, 0.115184
0.397571, 0.524692, 0.025088, 0.327848
0.397654, 0.913035, -0.956581, 0.006000
0.398150, 0.557135, -0.080689, 0.292693
0.398353, 0.682602, -0.501652, 0.134859
0.398411, 0.034663, 0.832165, 0.049800
0.398654, 0.654435, -0.413754, 0.164744
0.398790, 0.205202, 0.722331, 0.269400
0.398829, 0.571598, -0.129665, 0.272833
0.398917, 1.000000, -0.993427, 0.000000
0.399256, 0.978161, -0.991146, 0.000522
0.399893, 0.441133, 0.270374, 0.370408
0.400029, 0.115827, 0.801447, 0.161351
0.400152, 0.308528, 0.572289, 0.352316
0.400702, 0.545071, -0.043739, 0.297560
0.400738, 0.944758, -0.978768, 0.000940
0.400767, 0.761260, -0.715608, 0.058723
0.401005, 0.506610, 0.078373, 0.331779
0.401160, 0.819618, -0.835445, 0.026042
0.401555, 0.465247, 0.201075, 0.355611
0.401572, 0.795125, -0.789537, 0.036333
0.401573, 0.595425, -0.215965, 0.230833
0.401598, 0.295939, 0.595481, 0.342569
0.401684, 0.427737, 0.305464, 0.368790
0.401725, 0.715598, -0.600359, 0.092980
0.401944, 0.534941, -0.011730, 0.303958
0.401984, 0.834552, -0.860938, 0.018732
0.402229, 0.240065, 0.682253, 0.299289
0.402481, 0.495666, 0.110696, 0.335170
0.402704, 0.849060, -0.883459, 0.013158
0.402770, 0.128104, 0.797298, 0.175367
0.402796, 0.890151, -0.935378, 0.004433
0.402921, 0.094662, 0.817599, 0.131702
0.402943, 0.876861, -0.920459, 0.006307
0.402948, 0.618178, -0.297855, 0.195393
0.402992, 0.863223, -0.903323, 0.009138
0.403117, 0.227597, 0.699608, 0.286769
0.403233, 0.000000, 0.841721, 0.000000
0.403442, 0.414357, 0.340367, 0.366876
0.403603, 0.253703, 0.664299, 0.309019
0.403633, 0.047612, 0.836295, 0.066980
0.403747, 0.926194, -0.967433, -0.000060
0.404050, 0.902752, -0.948154, 0.001516
0.404095, 0.140825, 0.789470, 0.190309
0.404399, 0.483560, 0.145934, 0.337263
0.404825, 0.694221, -0.543065, 0.103897
0.404826, 0.401132, 0.373865, 0.364917
0.404835, 0.337983, 0.517763, 0.356703
0.404852, 0.641284, -0.378548, 0.160722
0.404958, 0.325800, 0.542341, 0.352127
0.405000, 0.074489, 0.829162, 0.103622
0.405031, 0.193918, 0.741460, 0.250655
0.405096, 0.153655, 0.780465, 0.205196
0.405331, 0.024227, 0.842847, 0.034032
0.405522, 0.388110, 0.406072, 0.363838
0.405527, 0.674125, -0.483767, 0.121927
0.405611, 0.350402, 0.491808, 0.358419
0.405640, 0.583833, -0.180444, 0.232419
0.405756, 0.166422, 0.769797, 0.219469
0.405758, 0.453253, 0.234499, 0.349658
0.405798, 0.362727, 0.465026, 0.360855
0.405808, 0.375273, 0.436364, 0.362414
0.405902, 0.265959, 0.647502, 0.315102
0.405954, 0.989118, -0.992786, -0.000479
0.406067, 0.966722, -0.988168, -0.001229
0.406185, 0.727905, -0.637215, 0.070507
0.406450, 0.179749, 0.757911, 0.233790
0.406731, 0.516076, 0.043192, 0.305675
0.406998, 0.606892, -0.264241, 0.196363
0.407207, 0.563020, -0.109554, 0.254616
0.407239, 0.806447, -0.813982, 0.020623
0.407257, 0.662969, -0.451286, 0.129061
0.407266, 0.216015, 0.718084, 0.270458
0.407288, 0.278363, 0.628806, 0.321597
0.407321, 0.783682, -0.769175, 0.030562
0.407397, 0.739336, -0.667564, 0.058103
0.407593, 0.771918, -0.744177, 0.036646
0.407705, 0.751312, -0.696927, 0.049105
0.408103, 0.061307, 0.838784, 0.084479
0.408558, 0.952327, -0.982553, -0.002894
0.408970, 0.629451, -0.344432, 0.161709
0.409188, 0.085222, 0.830293, 0.116119
0.409355, 0.010724, 0.849756, 0.014825
0.409522, 0.915918, -0.959859, -0.004028
0.409550, 0.106806, 0.819559, 0.144021
0.409926, 0.706243, -0.582105, 0.078531
0.410464, 0.289414, 0.612300, 0.323482
0.410605, 0.551039, -0.072665, 0.257676
0.410725, 0.037342, 0.848844, 0.051224
0.410786, 0.937746, -0.974947, -0.004594
0.410924, 0.316434, 0.563100, 0.336325
0.411109, 0.527280, 0.003599, 0.281265
0.411118, 0.474936, 0.167327, 0.322206
0.411131, 0.205655, 0.734325, 0.255733
0.411167, 0.303538, 0.587344, 0.329641
0.411587, 0.651532, -0.419968, 0.127772
0.411743, 0.433472, 0.286866, 0.339744
0.411763, 0.684951, -0.522878, 0.092714
0.411959, 0.828191, -0.853730, 0.004852
0.411996, 0.573879, -0.153469, 0.223475
0.412291, 0.119362, 0.814914, 0.158019
0.412307, 0.445147, 0.254194, 0.334007
0.412643, 0.841658, -0.874959, 0.000423
0.412720, 1.000000, -0.992855, 0.000000
0.412770, 0.978104, -0.990629, -0.002282
0.412866, 0.247089, 0.681387, 0.290426
0.412898, 0.855799, -0.895258, -0.002524
0.413038, 0.503669, 0.076864, 0.295864
0.413067, 0.462374, 0.203769, 0.323540
0.413206, 0.420900, 0.320962, 0.339665
0.413292, 0.233852, 0.700487, 0.279071
0.413294, 0.595490, -0.232423, 0.189020
0.413375, 0.816056, -0.833647, 0.005973
0.413505, 0.490081, 0.118461, 0.304362
0.413542, 0.869468, -0.913059, -0.005300
0.413820, 0.793694, -0.792478, 0.013064
0.413900, 0.718921, -0.619777, 0.057862
0.414040, 0.760652, -0.722697, 0.028832
0.414050, 0.882373, -0.928130, -0.006921
0.414081, 0.132740, 0.807894, 0.173002
0.414436, 0.539163, -0.037847, 0.258182
0.414724, 0.894250, -0.940606, -0.008141
0.414764, 0.407908, 0.355179, 0.338533
0.414992, 0.617908, -0.313021, 0.154899
0.415355, 0.330532, 0.536634, 0.332716
0.415387, 0.146009, 0.798834, 0.187552
0.415523, 0.905908, -0.951426, -0.009003
0.415537, 0.050452, 0.851615, 0.067698
0.415812, 0.259406, 0.665177, 0.295061
0.415987, 0.394890, 0.388716, 0.337498
0.416021, 0.097062, 0.833565, 0.127864
0.416031, 0.072722, 0.844842, 0.096808
0.416132, 0.343454, 0.509659, 0.334646
0.416293, 0.185270, 0.762669, 0.229541
0.416296, 0.159060, 0.788624, 0.201635
0.416381, 0.381832, 0.421153, 0.337437
0.416384, 0.019500, 0.858586, 0.026289
0.416491, 0.000000, 0.859713, 0.000000
0.416625, 0.959511, -0.984764, -0.005745
0.416705, 0.172042, 0.776617, 0.215249
0.416772, 0.368750, 0.452640, 0.336490
0.416865, 0.356190, 0.481404, 0.334818
0.416972, 0.926577, -0.967462, -0.008993
0.417026, 0.222742, 0.718565, 0.264379
0.417125, 0.673553, -0.494337, 0.087466
0.417129, 0.639910, -0.388979, 0.122616
0.417710, 0.197035, 0.750850, 0.239934
0.417901, 0.696257, -0.561150, 0.065468
0.418016, 0.746295, -0.691797, 0.027710
0.418274, 0.271462, 0.647401, 0.299280
0.418448, 0.781201, -0.769467, 0.008847
0.418550, 0.562070, -0.119842, 0.216108
0.418588, 0.584730, -0.201262, 0.184693
0.418669, 0.732691, -0.658904, 0.035505
0.418777, 0.516482, 0.031188, 0.266326
0.419399, 0.802835, -0.811829, -0.000708
0.419565, 0.029712, 0.861415, 0.039299
0.419648, 0.989066, -0.991335, -0.001862
0.419793, 0.606592, -0.280421, 0.152605
0.419836, 0.661964, -0.461801, 0.091451
0.420193, 0.946829, -0.978942, -0.008569
0.420493, 0.296460, 0.605200, 0.309433
0.420683, 0.282696, 0.629835, 0.301685
0.420933, 0.454109, 0.223323, 0.304204
0.420991, 0.084925, 0.845400, 0.110281
0.421086, 0.969170, -0.987358, -0.005386
0.421283, 0.769922, -0.746883, 0.008409
0.421641, 0.211724, 0.737012, 0.248629
0.421679, 0.309858, 0.580248, 0.312618
0.421696, 0.110401, 0.832289, 0.141186
0.421798, 0.481547, 0.139671, 0.284887
0.421853, 0.708082, -0.597116, 0.044868
0.421887, 0.628591, -0.357478, 0.120241
0.421932, 0.062051, 0.856598, 0.080781
0.422446, 0.468669, 0.178197, 0.290941
0.422452, 0.550270, -0.083523, 0.217740
0.422689, 0.241032, 0.697905, 0.271599
0.422744, 0.848996, -0.887131, -0.015040
0.422857, 0.440431, 0.262494, 0.305350
0.422875, 0.915247, -0.958708, -0.014382
0.422939, 0.322381, 0.555930, 0.314871
0.423106, 0.527439, -0.008258, 0.241512
0.423335, 0.009512, 0.868557, 0.012453
0.423389, 0.124421, 0.824786, 0.156494
0.423390, 0.834899, -0.866680, -0.014416
0.423495, 0.427493, 0.299276, 0.309008
0.423544, 0.495030, 0.095724, 0.269157
0.423653, 0.862716, -0.905378, -0.017251
0.424057, 0.685230, -0.535189, 0.057435
0.424070, 0.040847, 0.865529, 0.052941
0.424316, 0.823273, -0.848598, -0.014172
0.424349, 0.573480, -0.168351, 0.179256
0.424401, 0.650519, -0.430927, 0.089044
0.424509, 0.507009, 0.056795, 0.256160
0.424661, 0.414775, 0.334278, 0.310233
0.424788, 0.876066, -0.921323, -0.018689
0.424791, 0.721090, -0.633467, 0.028208
0.425039, 0.811803, -0.829403, -0.013370
0.425094, 0.138154, 0.816418, 0.170796
0.425136, 0.935778, -0.972242, -0.013009
0.425276, 0.756634, -0.719631, 0.005891
0.425406, 0.252747, 0.682192, 0.275720
0.425852, 0.595564, -0.249902, 0.144830
0.426041, 0.889024, -0.935112, -0.019480
0.426145, 0.401757, 0.369104, 0.309838
0.426191, 0.336188, 0.527498, 0.311098
0.426466, 1.000000, -0.990544, 0.000000
0.426467, 0.901612, -0.947011, -0.018865
0.426585, 0.151636, 0.806485, 0.184235
0.426676, 0.791136, -0.792132, -0.010587
0.426842, 0.388321, 0.404083, 0.310685
0.426886, 0.230546, 0.716207, 0.257655
0.427008, 0.375107, 0.437522, 0.312007
0.427079, 0.539033, -0.050618, 0.215370
0.427338, 0.978981, -0.988351, -0.004969
0.427361, 0.349216, 0.498905, 0.310753
0.427408, 0.164643, 0.795231, 0.197150
0.427503, 0.177416, 0.782195, 0.209780
0.427537, 0.617254, -0.326515, 0.113861
0.427663, 0.097319, 0.847475, 0.121770
0.427993, 0.362073, 0.468726, 0.309450
0.427999, 0.202364, 0.754083, 0.232620
0.428160, 0.073850, 0.859809, 0.093197
0.428172, 0.189477, 0.769713, 0.220664
0.428508, 0.264350, 0.665639, 0.277917
0.428543, 0.743275, -0.690643, 0.005014
0.428611, 0.672910, -0.503379, 0.054579
0.428714, 0.052083, 0.867968, 0.066020
0.428737, 0.957129, -0.981788, -0.010683
0.429312, 0.019938, 0.875596, 0.025421
0.429725, 0.639154, -0.400679, 0.083504
0.430079, 0.561984, -0.134138, 0.174468
0.430230, 0.289816, 0.622052, 0.288450
0.430493, 0.000000, 0.878137, 0.000000
0.430565, 0.696924, -0.573372, 0.030372
0.430601, 0.924294, -0.964066, -0.018445
0.430761, 0.779642, -0.770865, -0.015002
0.430950, 0.219997, 0.734018, 0.243755
0.431228, 0.584340, -0.217333, 0.139979
0.431462, 0.461497, 0.194380, 0.267821
0.431496, 0.732120, -0.665415, 0.004526
0.431584, 0.302671, 0.598283, 0.291177
0.431785, 0.275788, 0.648081, 0.279229
0.431961, 0.448351, 0.234022, 0.274099
0.432328, 0.841842, -0.877669, -0.028027
0.432335, 0.661074, -0.471423, 0.054702
0.432576, 0.515931, 0.019716, 0.221233
0.432601, 0.475322, 0.149748, 0.254440
0.432670, 0.801015, -0.811953, -0.024061
0.432727, 0.086786, 0.858571, 0.106838
0.432756, 0.606200, -0.295471, 0.109327
0.432894, 0.709846, -0.609836, 0.014495
0.432978, 0.030496, 0.878375, 0.038001
0.433076, 0.488257, 0.108739, 0.243552
0.433080, 0.766514, -0.744492, -0.015012
0.433130, 0.315398, 0.573186, 0.291702
0.433161, 0.107257, 0.847803, 0.130240
0.433311, 0.434694, 0.274180, 0.277553
0.433445, 0.118840, 0.840115, 0.143056
0.433478, 0.855820, -0.896615, -0.029628
0.433600, 0.945686, -0.975761, -0.015190
0.433689, 0.989356, -0.988102, -0.003122
0.433993, 0.243061, 0.703045, 0.256115
0.434403, 0.550756, -0.099236, 0.174494
0.434448, 0.910866, -0.953489, -0.023973
0.434505, 0.328207, 0.546758, 0.292202
0.434591, 0.501750, 0.063948, 0.227522
0.434605, 0.527911, -0.021437, 0.202139
0.434659, 0.967626, -0.983820, -0.009549
0.434710, 0.627799, -0.369430, 0.079845
0.434913, 0.869246, -0.912942, -0.030500
0.434919, 0.131394, 0.832492, 0.155598
0.435161, 0.421297, 0.312104, 0.278306
0.435599, 0.826922, -0.855702, -0.032077
0.435731, 0.683849, -0.540950, 0.025867
0.435760, 0.814057, -0.835106, -0.031851
0.435966, 0.063291, 0.873181, 0.077291
0.436099, 0.408970, 0.346691, 0.280714
0.436229, 0.882694, -0.927558, -0.030421
0.436289, 0.144491, 0.823066, 0.168267
0.436655, 0.720913, -0.640570, -0.001779
0.436693, 0.395059, 0.384590, 0.283610
0.436769, 0.573068, -0.184207, 0.134508
0.436809, 0.209780, 0.752342, 0.227855
0.436823, 0.753064, -0.716804, -0.017902
0.437132, 0.010166, 0.886064, 0.012491
0.437200, 0.649744, -0.441368, 0.050656
0.437321, 0.040710, 0.881914, 0.049648
0.437400, 0.341870, 0.516523, 0.286904
0.437431, 0.896662, -0.940925, -0.029162
0.437439, 0.381210, 0.421172, 0.285231
0.437795, 0.254653, 0.687108, 0.257341
0.437976, 0.157855, 0.812428, 0.180030
0.438169, 0.368776, 0.452113, 0.284410
0.438482, 0.595027, -0.264359, 0.102235
0.438586, 0.196106, 0.771100, 0.214283
0.438612, 0.354874, 0.486392, 0.284824
0.438640, 0.170631, 0.800140, 0.191690
0.438800, 0.934153, -0.968218, -0.021187
0.438881, 0.232705, 0.721951, 0.241941
0.439167, 0.183044, 0.787016, 0.202293
0.439368, 0.539975, -0.067241, 0.171214
0.439929, 0.075575, 0.872910, 0.090174
0.439997, 0.284398, 0.636337, 0.268205
0.440298, 1.000000, -0.986504, 0.000000
0.440342, 0.789590, -0.792513, -0.035506
0.440403, 0.616623, -0.339279, 0.072507
0.440552, 0.671492, -0.509482, 0.021551
0.440621, 0.051009, 0.882713, 0.061120
0.440937, 0.978176, -0.984245, -0.007741
0.441115, 0.741358, -0.692126, -0.022858
0.441159, 0.265920, 0.670048, 0.257503
0.441607, 0.776259, -0.767105, -0.035395
0.441731, 0.098803, 0.862716, 0.115411
0.441914, 0.836534, -0.870016, -0.042033
0.441973, 0.955980, -0.977589, -0.015920
0.442019, 0.296328, 0.614337, 0.268601
0.442095, 0.455497, 0.205486, 0.238382
0.442165, 0.561683, -0.149740, 0.129998
0.442328, 0.468426, 0.164658, 0.228733
0.442379, 0.638218, -0.410657, 0.045054
0.442572, 0.020893, 0.891857, 0.024990
0.442574, 0.704444, -0.602053, -0.007649
0.442707, 0.921731, -0.959390, -0.027117
0.442791, 0.442216, 0.246257, 0.244845
0.442835, 0.693361, -0.572421, -0.000274
0.443054, 0.222973, 0.739004, 0.229367
0.443130, 0.849151, -0.887359, -0.042545
0.443347, 0.308275, 0.590784, 0.269430
0.443492, 0.481548, 0.121060, 0.214697
0.443813, 0.087406, 0.871036, 0.101741
0.443846, 0.428921, 0.285859, 0.249449
0.443872, 0.583831, -0.232310, 0.096620
0.444001, 0.802816, -0.816732, -0.043882
0.444163, 0.000000, 0.894939, 0.000000
0.444169, 0.507820, 0.035386, 0.190208
0.444212, 0.494410, 0.078907, 0.201961
0.444391, 0.762255, -0.739228, -0.037333
0.444524, 0.320716, 0.564637, 0.268995
0.444568, 0.111892, 0.857362, 0.127829
0.444583, 0.729775, -0.666465, -0.025671
0.445022, 0.519171, -0.002692, 0.176001
0.445142, 0.862006, -0.903120, -0.043255
0.445166, 0.660218, -0.480262, 0.017464
0.445366, 0.124468, 0.848713, 0.140291
0.445623, 0.909269, -0.949485, -0.033039
0.445628, 0.605524, -0.308172, 0.067634
0.445777, 0.333556, 0.536508, 0.268037
0.445853, 0.402355, 0.361721, 0.256118
0.446013, 0.244099, 0.709007, 0.238003
0.446231, 0.816453, -0.839611, -0.048690
0.446399, 0.137292, 0.839506, 0.152281
0.446472, 0.530185, -0.041247, 0.158373
0.446572, 0.715637, -0.632872, -0.023615
0.446585, 0.275849, 0.655046, 0.252957
0.446607, 0.387685, 0.402239, 0.259796
0.446608, 0.874410, -0.916954, -0.042635
0.446732, 0.944224, -0.970976, -0.021832
0.446812, 0.031593, 0.894868, 0.036766
0.446950, 0.550386, -0.114197, 0.128308
0.447254, 0.989297, -0.983332, -0.004408
0.447409, 0.415481, 0.324098, 0.246459
0.447413, 0.150424, 0.828580, 0.164117
0.447587, 0.886629, -0.929171, -0.040773
0.447600, 0.626950, -0.380017, 0.040050
0.447896, 0.362187, 0.468128, 0.261892
0.448072, 0.966532, -0.978890, -0.013684
0.448265, 0.681073, -0.542480, -0.006897
0.448283, 0.213683, 0.755711, 0.215375
0.448400, 0.202062, 0.771442, 0.206825
0.448632, 0.057362, 0.889881, 0.065902
0.448890, 0.347261, 0.504575, 0.260676
0.448903, 0.898262, -0.939354, -0.038952
0.449246, 0.572619, -0.199802, 0.090854
0.449340, 0.068645, 0.886358, 0.078189
0.449407, 0.827759, -0.856872, -0.052828
0.449592, 0.164071, 0.817021, 0.174186
0.449640, 0.375078, 0.434150, 0.253875
0.449719, 0.189280, 0.788562, 0.195179
0.449844, 0.648528, -0.449060, 0.013832
0.449990, 0.750689, -0.716174, -0.045676
0.450235, 0.255428, 0.692620, 0.237123
0.450365, 0.176352, 0.804312, 0.183983
0.450600, 0.010486, 0.902083, 0.012023
0.451056, 0.042659, 0.897394, 0.048470
0.451214, 0.594318, -0.277008, 0.060558
0.451709, 0.931233, -0.962228, -0.029463
0.451900, 0.288201, 0.633382, 0.246687
0.452086, 0.770483, -0.757804, -0.055231
0.452094, 0.233587, 0.729094, 0.222510
0.452543, 0.782517, -0.781004, -0.056911
0.452687, 0.449519, 0.216884, 0.209082
0.452755, 0.539491, -0.081326, 0.122812
0.452900, 0.462272, 0.175685, 0.198822
0.452940, 0.080333, 0.885001, 0.089281
0.452965, 0.840933, -0.875148, -0.056790
0.453095, 0.793726, -0.801427, -0.058907
0.453437, 0.615769, -0.350201, 0.031617
0.453593, 0.474924, 0.133990, 0.186749
0.453634, 0.670541, -0.516713, -0.014732
0.453846, 0.739285, -0.692098, -0.050572
0.454019, 0.978460, -0.979016, -0.010027
0.454039, 1.000000, -0.980889, 0.000000
0.454046, 0.436629, 0.256430, 0.213793
0.454068, 0.300243, 0.609845, 0.245556
0.454276, 0.093476, 0.879153, 0.102349
0.454310, 0.702928, -0.604803, -0.036877
0.454353, 0.691008, -0.573392, -0.029675
0.454370, 0.105107, 0.872003, 0.114162
0.454405, 0.561327, -0.166218, 0.085885
0.454427, 0.853941, -0.891704, -0.055895
0.454553, 0.487879, 0.090180, 0.172764
0.454570, 0.266676, 0.674871, 0.234329
0.454782, 0.424964, 0.291983, 0.219317
0.454869, 0.500989, 0.046612, 0.160318
0.454889, 0.394717, 0.380020, 0.234397
0.454900, 0.312111, 0.585076, 0.246049
0.455069, 0.918585, -0.952985, -0.036452
0.455156, 0.807286, -0.824591, -0.062609
0.455261, 0.637154, -0.419249, 0.006612
0.455338, 0.725892, -0.661733, -0.049123
0.455562, 0.954492, -0.971685, -0.021503
0.455749, 0.324326, 0.558054, 0.244830
0.455851, 0.021165, 0.907124, 0.023584
0.456128, 0.117707, 0.864863, 0.125445
0.456175, 0.513599, 0.003611, 0.143608
0.456605, 0.583100, -0.245131, 0.054478
0.456620, 0.223381, 0.747297, 0.209712
0.456724, 0.336818, 0.529400, 0.243115
0.456957, 0.356375, 0.481273, 0.239681
0.456990, 0.130395, 0.855379, 0.136755
0.457242, 0.406974, 0.343671, 0.221529
0.457306, 0.867257, -0.906504, -0.055955
0.457506, 0.526153, -0.038464, 0.125004
0.457689, 0.658633, -0.485431, -0.017510
0.457707, 0.143136, 0.844940, 0.147783
0.457714, 0.000000, 0.910455, 0.000000
0.457806, 0.714049, -0.634165, -0.050355
0.457897, 0.759588, -0.736811, -0.064446
0.458177, 0.156268, 0.832424, 0.158939
0.458323, 0.906061, -0.942545, -0.043872
0.458446, 0.604726, -0.319118, 0.026999
0.458562, 0.244493, 0.715112, 0.217836
0.458626, 0.941298, -0.964613, -0.028711
0.458711, 0.050961, 0.903219, 0.055429
0.458725, 0.879593, -0.919057, -0.053752
0.458839, 0.819603, -0.843772, -0.067809
0.459069, 0.278831, 0.654021, 0.230865
0.459167, 0.209976, 0.768266, 0.197850
0.459227, 0.383120, 0.410706, 0.226958
0.459454, 0.550300, -0.132794, 0.081290
0.459499, 0.892393, -0.930757, -0.050034
0.459735, 0.196961, 0.786327, 0.188400
0.459942, 0.032109, 0.909438, 0.034741
0.460203, 0.368085, 0.450911, 0.229489
0.460483, 0.967869, -0.973650, -0.016473
0.460489, 0.625876, -0.388634, 0.001140
0.460711, 0.062526, 0.901090, 0.066979
0.460721, 0.183503, 0.804073, 0.177536
0.460929, 0.989106, -0.976945, -0.005698
0.461496, 0.832141, -0.861584, -0.069404
0.461856, 0.170302, 0.820471, 0.166274
0.461858, 0.571732, -0.212268, 0.048911
0.462008, 0.681354, -0.552019, -0.044292
0.462224, 0.417058, 0.311397, 0.201373
0.462628, 0.256892, 0.695662, 0.216492
0.462638, 0.073833, 0.898260, 0.077683
0.462694, 0.647268, -0.455632, -0.023064
0.462943, 0.346550, 0.505374, 0.227036
0.463022, 0.772220, -0.762546, -0.076614
0.463431, 0.442782, 0.230885, 0.180239
0.463459, 0.455514, 0.189539, 0.169914
0.463679, 0.748118, -0.713880, -0.073853
0.463806, 0.798376, -0.809346, -0.077169
0.463911, 0.291532, 0.629717, 0.223382
0.463996, 0.593485, -0.287939, 0.019727
0.464056, 0.845265, -0.878506, -0.070189
0.464096, 0.468088, 0.147244, 0.157200
0.464122, 0.538283, -0.093838, 0.080105
0.464138, 0.010614, 0.917084, 0.011258
0.464386, 0.733949, -0.683130, -0.072327
0.464494, 0.086298, 0.893633, 0.089279
0.464534, 0.927151, -0.954301, -0.038547
0.464826, 0.784212, -0.784711, -0.079347
0.464826, 0.480751, 0.104222, 0.144086
0.465118, 0.695114, -0.589917, -0.059903
0.465378, 0.858443, -0.894129, -0.067600
0.465529, 0.493479, 0.060947, 0.130775
0.465594, 0.396103, 0.371432, 0.203241
0.465638, 0.668775, -0.519588, -0.046657
0.465794, 0.041948, 0.913471, 0.043830
0.465852, 0.233460, 0.736773, 0.200820
0.465957, 0.098853, 0.887497, 0.100451
0.466087, 0.303496, 0.605027, 0.220923
0.466239, 0.315068, 0.579606, 0.221379
0.466278, 0.429523, 0.270873, 0.181097
0.466658, 0.505535, 0.019862, 0.115873
0.466696, 0.110691, 0.879986, 0.111010
0.466749, 0.614728, -0.359456, -0.009191
0.466800, 0.327614, 0.550759, 0.219806
0.466850, 0.269462, 0.674063, 0.212761
0.467049, 0.560590, -0.179835, 0.043194
0.467329, 0.959280, -0.967248, -0.023120
0.467330, 0.219494, 0.759288, 0.191649
0.467389, 0.913997, -0.944348, -0.046858
0.467429, 0.707685, -0.622444, -0.070953
0.467482, 0.811042, -0.829444, -0.081917
0.467590, 0.123231, 0.871091, 0.121629
0.467648, 1.000000, -0.973828, 0.000000
0.467687, 0.721217, -0.654962, -0.076357
0.467805, 0.978112, -0.971824, -0.012586
0.468030, 0.376128, 0.426716, 0.205554
0.468099, 0.517350, -0.019637, 0.098429
0.468274, 0.635872, -0.426035, -0.031353
0.468636, 0.160326, 0.836585, 0.151232
0.468645, 0.135862, 0.861008, 0.131447
0.468947, 0.148142, 0.849636, 0.141400
0.469052, 0.021506, 0.921191, 0.022127
0.469147, 0.900050, -0.933144, -0.054847
0.469204, 0.356839, 0.477782, 0.208543
0.469278, 0.581970, -0.255107, 0.013917
0.469559, 0.948807, -0.962282, -0.029804
0.469603, 0.528187, -0.062610, 0.074636
0.469644, 0.205543, 0.780983, 0.180410
0.469713, 0.760314, -0.739652, -0.087821
0.469742, 0.872408, -0.907844, -0.067329
0.469840, 0.937838, -0.957141, -0.036064
0.469859, 0.885962, -0.920787, -0.061782
0.470051, 0.337298, 0.527337, 0.211360
0.470232, 0.407489, 0.335628, 0.183393
0.470299, 0.246994, 0.716089, 0.199279
0.470519, 0.191878, 0.800205, 0.171032
0.470532, 0.657490, -0.491006, -0.053269
0.470985, 0.823680, -0.847569, -0.084612
0.471013, 0.053978, 0.914979, 0.054341
0.471013, 0.282285, 0.650286, 0.208529
0.471153, 0.603893, -0.328615, -0.012714
0.471272, 0.000000, 0.924881, 0.000000
0.471480, 0.548537, -0.142967, 0.041103
0.472094, 0.179106, 0.817470, 0.160751
0.472537, 0.387127, 0.394193, 0.188161
0.472856, 0.065878, 0.911896, 0.065292
0.473308, 0.624593, -0.395367, -0.036859
0.473330, 0.792197, -0.798028, -0.094248
0.473391, 0.836076, -0.863950, -0.084386
0.473686, 0.032343, 0.923632, 0.032175
0.473703, 0.740594, -0.699491, -0.094040
0.474254, 0.438029, 0.238125, 0.149353
0.474256, 0.677102, -0.547146, -0.074832
0.474261, 0.366224, 0.451761, 0.192812
0.474299, 0.687705, -0.574868, -0.079415
0.474303, 0.772452, -0.763083, -0.097399
0.474327, 0.449700, 0.200130, 0.139411
0.474425, 0.988920, -0.969183, -0.006977
0.474488, 0.419372, 0.296992, 0.162829
0.474531, 0.078430, 0.907535, 0.076229
0.474622, 0.259909, 0.694340, 0.195963
0.474708, 0.571209, -0.224643, 0.006808
0.474793, 0.461609, 0.159942, 0.127066
0.475212, 0.848590, -0.879062, -0.082705
0.475305, 0.474047, 0.116992, 0.113779
0.475396, 0.646062, -0.461048, -0.058910
0.475405, 0.967909, -0.965184, -0.020245
0.475676, 0.861255, -0.893408, -0.078137
0.476076, 0.486744, 0.072567, 0.099967
0.476098, 0.091309, 0.901573, 0.087210
0.476202, 0.295600, 0.622782, 0.197917
0.476308, 0.321300, 0.565180, 0.198412
0.476375, 0.167961, 0.833762, 0.148012
0.476568, 0.591761, -0.294419, -0.018843
0.476595, 0.803802, -0.816515, -0.097240
0.476706, 0.728882, -0.674499, -0.098422
0.476707, 0.700654, -0.608504, -0.090999
0.476924, 0.346084, 0.503979, 0.192100
0.477119, 0.226172, 0.753716, 0.180046
0.477340, 0.920430, -0.943243, -0.049859
0.477341, 0.537123, -0.109997, 0.032917
0.477445, 0.498942, 0.029935, 0.084830
0.477715, 0.750892, -0.721181, -0.102900
0.477761, 0.010924, 0.930975, 0.010591
0.478028, 0.308211, 0.595399, 0.195328
0.478082, 0.103716, 0.895208, 0.096594
0.478168, 0.238702, 0.733335, 0.182876
0.478202, 0.931373, -0.949011, -0.044114
0.478317, 0.714754, -0.642657, -0.098603
0.478379, 0.116204, 0.885951, 0.106989
0.478393, 0.398355, 0.358251, 0.164672
0.478522, 0.214006, 0.773335, 0.171984
0.478578, 0.044521, 0.925357, 0.042748
0.478641, 0.511424, -0.011097, 0.068182
0.478808, 0.272513, 0.671077, 0.190512
0.478880, 0.907477, -0.933762, -0.058238
0.478979, 0.128829, 0.875786, 0.116682
0.479011, 0.559365, -0.189018, 0.004612
0.479150, 0.666752, -0.521681, -0.082318
0.479271, 0.782616, -0.780870, -0.104676
0.479848, 0.893905, -0.922747, -0.066512
0.479953, 0.200047, 0.794564, 0.162999
0.480029, 0.154788, 0.851080, 0.134898
0.480075, 0.815922, -0.833959, -0.099645
0.480203, 0.142236, 0.864154, 0.125636
0.480416, 0.955948, -0.958284, -0.029442
0.480491, 0.377399, 0.418127, 0.170470
0.480583, 0.880462, -0.910665, -0.074106
0.480606, 0.613644, -0.367653, -0.050785
0.480662, 0.429119, 0.262285, 0.136543
0.480796, 0.523995, -0.064640, 0.036673
0.481031, 0.333051, 0.535674, 0.184153
0.481133, 1.000000, -0.965406, 0.000000
0.481396, 0.634929, -0.432688, -0.069207
0.481678, 0.978121, -0.963156, -0.014907
0.482375, 0.285277, 0.645731, 0.185758
0.482378, 0.022242, 0.934207, 0.020911
0.482393, 0.187684, 0.812882, 0.152991
0.482531, 0.355554, 0.477253, 0.173874
0.482585, 0.762092, -0.743169, -0.112520
0.482668, 0.581550, -0.266822, -0.029153
0.482700, 0.251274, 0.712549, 0.178689
0.482766, 0.601585, -0.331420, -0.047390
0.482780, 0.943062, -0.951861, -0.038774
0.482934, 0.409935, 0.320543, 0.143571
0.483274, 0.057424, 0.925316, 0.053017
0.483470, 0.828398, -0.850373, -0.100221
0.483498, 0.868525, -0.897574, -0.083037
0.483536, 0.655452, -0.492886, -0.088126
0.483592, 0.547996, -0.154758, 0.001441
0.484186, 0.069708, 0.920531, 0.063663
0.484741, 0.000000, 0.938113, 0.000000
0.485126, 0.176015, 0.829601, 0.142743
0.485341, 0.690952, -0.587205, -0.108375
0.485394, 0.794612, -0.799899, -0.113614
0.485407, 0.840776, -0.865549, -0.097960
0.485509, 0.441954, 0.216430, 0.109440
0.485642, 0.624566, -0.404535, -0.074084
0.485644, 0.388641, 0.383238, 0.149744
0.485653, 0.453713, 0.177408, 0.098354
0.485790, 0.466435, 0.134197, 0.085584
0.485809, 0.083289, 0.914812, 0.074417
0.485892, 0.854268, -0.881166, -0.092577
0.485925, 0.739463, -0.698264, -0.119489
0.486056, 0.034656, 0.934776, 0.031624
0.486341, 0.479318, 0.088899, 0.070703
0.486516, 0.678463, -0.556236, -0.107555
0.486525, 0.319941, 0.567253, 0.174406
0.486657, 0.366694, 0.445660, 0.158883
0.486794, 0.725312, -0.668032, -0.119654
0.486937, 0.569391, -0.230473, -0.031038
0.487010, 0.704830, -0.621426, -0.116723
0.487105, 0.263338, 0.690687, 0.173125
0.487656, 0.773048, -0.762845, -0.121158
0.487794, 0.989774, -0.960169, -0.007519
0.487800, 0.230691, 0.750356, 0.164363
0.488186, 0.491118, 0.045160, 0.053072
0.488195, 0.095534, 0.909170, 0.083010
0.488336, 0.643805, -0.462491, -0.094275
0.488447, 0.420379, 0.284152, 0.118730
0.488558, 0.163054, 0.847409, 0.130776
0.488659, 0.297980, 0.618094, 0.171541
0.488741, 0.208221, 0.786743, 0.154169
0.488861, 0.807059, -0.818300, -0.114861
0.488862, 0.535655, -0.118696, -0.004002
0.488886, 0.966407, -0.955874, -0.024571
0.488960, 0.915425, -0.933030, -0.060103
0.489074, 0.929075, -0.940814, -0.051207
0.489118, 0.503163, 0.005292, 0.040365
0.489417, 0.343293, 0.507901, 0.161092
0.489450, 0.109316, 0.900213, 0.092825
0.489479, 0.134833, 0.877986, 0.111587
0.489824, 0.308946, 0.592913, 0.168166
0.489997, 0.901713, -0.922870, -0.069753
0.489999, 0.121710, 0.890428, 0.101660
0.490323, 0.592317, -0.308203, -0.062862
0.490477, 0.219656, 0.769667, 0.155822
0.490495, 0.048096, 0.935006, 0.042203
0.490533, 0.751316, -0.721900, -0.128017
0.490566, 0.514683, -0.045194, 0.012375
0.490767, 0.243211, 0.729282, 0.162337
0.490918, 0.275460, 0.666721, 0.166666
0.490937, 0.888357, -0.911771, -0.078789
0.490954, 0.400078, 0.345521, 0.126183
0.491286, 0.666364, -0.526096, -0.113961
0.491369, 0.012179, 0.943291, 0.010712
0.491456, 0.149346, 0.864577, 0.119221
0.491517, 0.714743, -0.645119, -0.129045
0.491553, 0.558017, -0.196962, -0.035366
0.492149, 0.196554, 0.805602, 0.143987
0.492275, 0.819855, -0.835342, -0.115449
0.492313, 0.784566, -0.781747, -0.126275
0.492328, 0.953511, -0.949203, -0.035173
0.492471, 0.606744, -0.355380, -0.081883
0.492586, 0.329795, 0.541505, 0.156928
0.492689, 0.378423, 0.409089, 0.135236
0.492753, 0.432778, 0.241025, 0.094732
0.492931, 0.875581, -0.899290, -0.088227
0.493025, 0.525755, -0.088405, -0.007323
0.493680, 0.287755, 0.640697, 0.161600
0.494200, 0.979645, -0.954336, -0.015835
0.494325, 0.074626, 0.926512, 0.062676
0.494392, 0.861802, -0.884887, -0.097620
0.494395, 0.355427, 0.473150, 0.142194
0.494592, 0.618416, -0.392228, -0.096284
0.494641, 0.579175, -0.269410, -0.064857
0.494808, 0.024825, 0.944802, 0.021252
0.495068, 0.184645, 0.823664, 0.134446
0.495079, 1.000000, -0.955111, 0.000000
0.495135, 0.545358, -0.157153, -0.033811
0.495223, 0.941603, -0.942677, -0.045061
0.495487, 0.061859, 0.933885, 0.051896
0.495529, 0.698023, -0.607138, -0.135307
0.495552, 0.762951, -0.743346, -0.136355
0.495676, 0.632011, -0.433044, -0.108503
0.495743, 0.847133, -0.868163, -0.107209
0.495796, 0.654576, -0.496526, -0.121061
0.495827, 0.833053, -0.851299, -0.114032
0.495842, 0.732487, -0.683786, -0.139363
0.495846, 0.255196, 0.707870, 0.154870
0.495950, 0.458558, 0.152286, 0.059770
0.496280, 0.472253, 0.105184, 0.044796
0.496345, 0.410604, 0.309157, 0.101820
0.496764, 0.172509, 0.840464, 0.126297
0.497121, 0.686018, -0.578403, -0.135906
0.497128, 0.445662, 0.194598, 0.068399
0.497239, 0.796818, -0.799911, -0.131248
0.497473, 0.037840, 0.943786, 0.031529
0.497623, 0.000000, 0.948848, 0.000000
0.498249, 0.101210, 0.912815, 0.080386
0.498278, 0.367460, 0.438093, 0.126494
0.498318, 0.086514, 0.922816, 0.069555
0.498371, 0.390247, 0.370801, 0.111265
0.498519, 0.233688, 0.748267, 0.146533
0.498776, 0.317800, 0.570006, 0.144995
0.498852, 0.483702, 0.063797, 0.024111
0.499183, 0.140325, 0.878826, 0.105499
0.499805, 0.496440, 0.015277, 0.006857
0.499839, 0.568415, -0.238789, -0.071984
0.499842, 0.742799, -0.704523, -0.147107
0.499871, 0.267235, 0.684255, 0.148076
0.499923, 0.207920, 0.791652, 0.136858
0.499933, 0.674645, -0.550690, -0.139362
0.499939, 0.642728, -0.465670, -0.126341
0.499996, 0.158717, 0.859021, 0.115298
0.500128, 0.920132, -0.927945, -0.063524
0.500417, 0.774807, -0.763213, -0.142689
0.500497, 0.907930, -0.920082, -0.072773
0.500557, 0.422595, 0.267741, 0.078777
0.500630, 0.809057, -0.816845, -0.131072
0.500663, 0.127568, 0.892404, 0.096224
0.500673, 0.970961, -0.947537, -0.023767
0.500688, 0.721965, -0.661622, -0.149536
0.500773, 0.931601, -0.933449, -0.055308
0.500946, 0.336747, 0.520957, 0.133290
0.501140, 0.304859, 0.600765, 0.141942
0.501502, 0.508256, -0.035898, -0.018040
0.501575, 0.114715, 0.904423, 0.087152
0.501597, 0.895228, -0.910182, -0.082735
0.501646, 0.222268, 0.768841, 0.138761
0.501687, 0.599484, -0.339051, -0.103191
0.501696, 0.587491, -0.302010, -0.094907
0.501822, 0.708206, -0.631618, -0.151501
0.501858, 0.051186, 0.943228, 0.040747
0.501870, 0.989802, -0.949128, -0.008523
0.502555, 0.960297, -0.943403, -0.032987
0.502707, 0.533283, -0.123480, -0.047190
0.502815, 0.346894, 0.493160, 0.124258
0.502816, 0.882756, -0.899300, -0.092393
0.502887, 0.280439, 0.656275, 0.141627
0.503081, 0.555985, -0.200302, -0.070646
0.503107, 0.294203, 0.625426, 0.139462
0.503205, 0.519997, -0.077758, -0.034434
0.503354, 0.246069, 0.726362, 0.139689
0.503794, 0.194381, 0.813584, 0.126162
0.503842, 0.869453, -0.886722, -0.102162
0.503854, 0.821036, -0.831698, -0.130312
0.503898, 0.008336, 0.953842, 0.006659
0.504049, 0.753928, -0.725159, -0.153356
0.504239, 0.400703, 0.334305, 0.085261
0.504378, 0.662995, -0.522107, -0.146815
0.504471, 0.380067, 0.397238, 0.099902
0.504488, 0.434046, 0.227055, 0.055980
0.504721, 0.073235, 0.935411, 0.055924
0.504722, 0.611890, -0.379316, -0.122210
0.504892, 0.786867, -0.781702, -0.145905
0.504926, 0.855750, -0.872323, -0.112072
0.505263, 0.018424, 0.954234, 0.014306
0.505482, 0.466319, 0.116852, 0.020341
0.505763, 0.949140, -0.937107, -0.043283
0.505947, 0.624911, -0.417882, -0.132853
0.506171, 0.544165, -0.163412, -0.069682
0.506209, 0.326190, 0.546640, 0.123741
0.506361, 0.149441, 0.873133, 0.102875
0.506446, 0.842462, -0.856858, -0.121907
0.506880, 0.695703, -0.603377, -0.161107
0.506924, 0.167865, 0.851252, 0.111310
0.507194, 0.181392, 0.833472, 0.116854
0.507308, 0.358206, 0.459075, 0.105023
0.507456, 0.454318, 0.156205, 0.026152
0.507474, 0.029869, 0.953817, 0.022819
0.507576, 0.093199, 0.924929, 0.068116
0.508096, 0.831577, -0.842880, -0.130166
0.508517, 0.413499, 0.290508, 0.061539
0.508519, 0.650799, -0.491505, -0.153409
0.508633, 0.765499, -0.744911, -0.158929
0.508706, 0.732029, -0.682114, -0.165387
0.508766, 0.061865, 0.943880, 0.045974
0.508769, 0.258644, 0.702192, 0.130177
0.508902, 0.980252, -0.942158, -0.017466
0.508908, 0.577489, -0.275407, -0.108603
0.509101, 1.000000, -0.943457, 0.000000
0.509194, 0.041257, 0.951820, 0.030859
0.509316, 0.799185, -0.798669, -0.148206
0.509529, 0.683708, -0.575323, -0.165243
0.509567, 0.233953, 0.749856, 0.126753
0.509664, 0.489475, 0.026185, -0.021396
0.509722, 0.214390, 0.783970, 0.123015
0.509727, 0.443765, 0.189584, 0.029238
0.509754, 0.369567, 0.425259, 0.092287
0.509911, 0.637130, -0.454645, -0.150874
0.509919, 0.476495, 0.078085, -0.003764
0.509940, 0.104385, 0.918151, 0.073811
0.510009, 0.938672, -0.929330, -0.053785
0.510311, 0.312856, 0.579079, 0.117874
0.510590, 0.136886, 0.888932, 0.091780
0.510735, 0.717260, -0.651366, -0.170644
0.511097, 0.272679, 0.672649, 0.124602
0.511561, 0.564286, -0.234580, -0.105522
0.511844, 0.390125, 0.361977, 0.071404
0.511880, 0.914340, -0.915261, -0.075053
0.511987, 0.082775, 0.934693, 0.058638
0.512252, 0.124768, 0.901937, 0.083703
0.512274, 0.926347, -0.921545, -0.065294
0.512275, 0.501710, -0.022564, -0.050595
0.512282, 0.901976, -0.907015, -0.085285
0.512386, 0.591066, -0.321005, -0.130877
0.512424, 0.202993, 0.803209, 0.116015
0.512644, 0.744061, -0.704977, -0.171295
0.512706, 0.000000, 0.961073, 0.000000
0.512816, 0.811407, -0.814361, -0.146857
0.512970, 0.672209, -0.547816, -0.171138
0.513157, 0.777369, -0.763325, -0.162823
0.513172, 0.287303, 0.639649, 0.117614
0.513329, 0.968898, -0.936301, -0.028229
0.513413, 0.425085, 0.248547, 0.035375
0.513502, 0.526242, -0.107993, -0.075429
0.513518, 0.337123, 0.514584, 0.099536
0.513696, 0.889325, -0.896580, -0.096411
0.513872, 0.513529, -0.063309, -0.064300
0.513930, 0.876776, -0.886226, -0.106046
0.513963, 0.603080, -0.357898, -0.142518
0.514525, 0.300703, 0.607909, 0.111586
0.514543, 0.863374, -0.873550, -0.116513
0.514613, 0.705318, -0.625449, -0.178925
0.514741, 0.245323, 0.728804, 0.118245
0.514756, 0.114587, 0.912501, 0.075721
0.514976, 0.349376, 0.480406, 0.090232
0.515031, 0.157954, 0.867289, 0.096964
0.515071, 0.050601, 0.953055, 0.035344
0.515355, 0.551588, -0.196066, -0.106874
0.515491, 0.404053, 0.315000, 0.048056
0.515637, 0.224231, 0.768178, 0.114926
0.516015, 0.849476, -0.858439, -0.127772
0.516022, 0.538480, -0.152779, -0.096857
0.516098, 0.957308, -0.930747, -0.039505
0.516108, 0.615560, -0.396459, -0.157312
0.516246, 0.191849, 0.821445, 0.107269
0.516327, 0.463011, 0.116976, -0.012426
0.516349, 0.989773, -0.936365, -0.009543
0.516918, 0.660439, -0.519051, -0.177932
0.516950, 0.756019, -0.725757, -0.176066
0.516955, 0.010660, 0.963645, 0.007390
0.516999, 0.171244, 0.850994, 0.099735
0.517022, 0.823343, -0.827420, -0.145954
0.517147, 0.377973, 0.394807, 0.063779
0.517255, 0.323741, 0.548759, 0.096451
0.517438, 0.789336, -0.780349, -0.164185
0.517596, 0.072030, 0.944844, 0.048166
0.517851, 0.023512, 0.962595, 0.016096
0.518191, 0.436104, 0.207124, 0.009001
0.518469, 0.627039, -0.430018, -0.169344
0.518814, 0.692827, -0.597541, -0.187782
0.518869, 0.725302, -0.667100, -0.186557
0.518941, 0.145713, 0.883380, 0.086971
0.519416, 0.836533, -0.841816, -0.140387
0.519567, 0.363585, 0.436268, 0.067027
0.519768, 0.093936, 0.932102, 0.059828
0.519837, 0.946040, -0.923625, -0.051070
0.519915, 0.648124, -0.488025, -0.181979
0.519942, 0.181801, 0.837265, 0.099205
0.520063, 0.254996, 0.709336, 0.107324
0.520097, 0.036372, 0.961058, 0.024241
0.520180, 0.483631, 0.031550, -0.054047
0.520222, 0.450054, 0.157590, -0.011652
0.520413, 0.571443, -0.264414, -0.139738
0.520502, 0.266774, 0.684429, 0.105185
0.520971, 0.583354, -0.302269, -0.150484
0.521409, 0.415381, 0.273065, 0.018910
0.521442, 0.768009, -0.744772, -0.179645
0.521600, 0.801311, -0.795543, -0.164500
0.521632, 0.211970, 0.790312, 0.102497
0.521910, 0.060875, 0.953079, 0.039229
0.521990, 0.494621, -0.009551, -0.077646
0.522080, 0.735874, -0.687236, -0.190492
0.522125, 0.279489, 0.655856, 0.099261
0.522269, 0.395549, 0.336319, 0.034306
0.522288, 0.132354, 0.899412, 0.077557
0.522293, 0.235263, 0.748421, 0.103197
0.522297, 0.681104, -0.570580, -0.194943
0.522386, 0.312599, 0.575532, 0.087935
0.522387, 0.637871, -0.461598, -0.185290
0.522480, 0.105120, 0.924763, 0.064345
0.522597, 0.978505, -0.929438, -0.020971
0.522690, 0.472987, 0.071043, -0.045523
0.522698, 0.934255, -0.916186, -0.063164
0.523087, 1.000000, -0.930446, 0.000000
0.523438, 0.909159, -0.902184, -0.086478
0.523587, 0.714287, -0.643998, -0.197657
0.523593, 0.921563, -0.909122, -0.075338
0.523650, 0.558870, -0.226527, -0.140108
0.523934, 0.896540, -0.893481, -0.097878
0.524492, 0.595470, -0.341878, -0.170097
0.524747, 0.871615, -0.873287, -0.119418
0.524904, 0.531215, -0.135059, -0.119192
0.524937, 0.507074, -0.052996, -0.098343
0.525021, 0.519136, -0.093656, -0.108684
0.525065, 0.858216, -0.860644, -0.130585
0.525077, 0.083132, 0.942385, 0.050521
0.525107, 0.813105, -0.809526, -0.162059
0.525144, 0.291894, 0.625972, 0.088669
0.525352, 0.353899, 0.460853, 0.057578
0.525399, 0.331623, 0.523567, 0.070698
0.525518, 0.384868, 0.367205, 0.033069
0.525550, 0.200324, 0.810324, 0.094771
0.525572, 0.883481, -0.882343, -0.110329
0.525659, 0.119483, 0.913809, 0.068382
0.525719, 0.966648, -0.924167, -0.033029
0.525767, 0.669257, -0.542577, -0.201577
0.525788, 0.747375, -0.707569, -0.194653
0.525897, 0.780005, -0.761928, -0.181679
0.525948, 0.342045, 0.494348, 0.063075
0.526030, 0.607438, -0.377408, -0.180535
0.526218, 0.048265, 0.961044, 0.029740
0.526448, 0.164517, 0.863029, 0.085019
0.526586, 0.426138, 0.232131, -0.008736
0.526688, 0.545516, -0.184927, -0.138245
0.526850, 0.000000, 0.970474, 0.000000
0.527080, 0.701929, -0.617429, -0.205716
0.527334, 0.302411, 0.599427, 0.079831
0.527538, 0.014356, 0.970150, 0.008864
0.527606, 0.222894, 0.771666, 0.093602
0.527683, 0.460789, 0.110429, -0.048181
0.528193, 0.846470, -0.846372, -0.142737
0.528321, 0.372218, 0.403994, 0.034961
0.528413, 0.245993, 0.727301, 0.091656
0.528527, 0.154071, 0.877189, 0.079086
0.528615, 0.619543, -0.413628, -0.194714
0.528716, 0.825309, -0.822207, -0.158676
0.528790, 0.406157, 0.296177, 0.003787
0.528845, 0.439205, 0.185292, -0.029162
0.529101, 0.656591, -0.511717, -0.207283
0.529486, 0.953865, -0.917011, -0.046724
0.529957, 0.759126, -0.726386, -0.197287
0.529995, 0.988450, -0.923021, -0.011815
0.530088, 0.071465, 0.952450, 0.040866
0.530135, 0.188756, 0.829428, 0.085895
0.530139, 0.026343, 0.969775, 0.015588
0.530160, 0.791923, -0.777538, -0.181473
0.530209, 0.175617, 0.848830, 0.082704
0.530839, 0.141916, 0.892388, 0.072147
0.530952, 0.259816, 0.697916, 0.083952
0.531031, 0.321973, 0.546859, 0.061080
0.531386, 0.725169, -0.664279, -0.211194
0.531514, 0.690541, -0.592212, -0.216092
0.531893, 0.577312, -0.290882, -0.180204
0.531902, 0.631341, -0.446960, -0.207970
0.531953, 0.484147, 0.014913, -0.100809
0.532010, 0.835423, -0.831461, -0.155288
0.532268, 0.107877, 0.927130, 0.057444
0.532275, 0.272704, 0.668950, 0.078122
0.532503, 0.037251, 0.968251, 0.021314
0.532530, 0.566741, -0.258170, -0.174505
0.532594, 0.094646, 0.938321, 0.050807
0.532602, 0.449311, 0.145329, -0.052472
0.532744, 0.497693, -0.029412, -0.116759
0.533202, 0.942413, -0.909390, -0.059493
0.533467, 0.644457, -0.482013, -0.216223
0.533580, 0.361055, 0.433617, 0.027630
0.533622, 0.211675, 0.791957, 0.081883
0.533908, 0.059187, 0.960683, 0.032683
0.534045, 0.232850, 0.752820, 0.080956
0.534095, 0.587743, -0.323735, -0.193284
0.534130, 0.129272, 0.907486, 0.064086
0.534215, 0.804150, -0.791784, -0.179844
0.534271, 0.737495, -0.686669, -0.212493
0.534313, 0.471240, 0.058226, -0.089692
0.534318, 0.394418, 0.328970, -0.002953
0.534330, 0.929520, -0.902872, -0.072927
0.534369, 0.770936, -0.743593, -0.199051
0.534486, 0.284876, 0.639873, 0.069478
0.534556, 0.865884, -0.859840, -0.133044
0.534600, 0.536381, -0.161278, -0.156835
0.534778, 0.903852, -0.888381, -0.098410
0.534807, 0.916570, -0.895788, -0.086033
0.534851, 0.679010, -0.566059, -0.223645
0.534946, 0.711347, -0.636014, -0.221021
0.535090, 0.416835, 0.254593, -0.026674
0.535108, 0.890874, -0.879353, -0.110834
0.535294, 0.554609, -0.221138, -0.173599
0.535969, 0.310849, 0.573782, 0.053721
0.536082, 0.975995, -0.915641, -0.025459
0.536321, 1.000000, -0.917161, 0.000000
0.536325, 0.524191, -0.121776, -0.152087
0.536445, 0.347574, 0.471576, 0.029947
0.536717, 0.009056, 0.975898, 0.004954
0.536779, 0.512182, -0.082265, -0.143687
0.536866, 0.599471, -0.359977, -0.208289
0.536956, 0.962832, -0.911616, -0.039540
0.537174, 0.382005, 0.366139, -0.000341
0.537229, 0.816615, -0.805758, -0.174950
0.537478, 0.431397, 0.202205, -0.049686
0.537498, 0.082399, 0.949128, 0.041956
0.537683, 0.666632, -0.537145, -0.229441
0.537776, 0.877311, -0.866769, -0.125269
0.537814, 0.334319, 0.508555, 0.034339
0.537832, 0.200724, 0.811084, 0.074964
0.537846, 0.854655, -0.846679, -0.145728
0.538226, 0.610869, -0.392621, -0.216858
0.538430, 0.749930, -0.707195, -0.215702
0.538544, 0.047067, 0.968238, 0.024489
0.538706, 0.117251, 0.921253, 0.055218
0.538848, 0.782510, -0.758608, -0.199642
0.538892, 0.297952, 0.605687, 0.052485
0.538918, 0.164900, 0.865784, 0.068198
0.539510, 0.457980, 0.102270, -0.088658
0.539860, 0.252654, 0.711604, 0.066904
0.540213, 0.242015, 0.733878, 0.068242
0.540304, 0.152097, 0.882946, 0.063880
0.540324, 0.700105, -0.611763, -0.233915
0.540578, 0.178323, 0.846843, 0.068278
0.540606, 0.221930, 0.773301, 0.069759
0.540816, 0.020521, 0.976710, 0.010389
0.540933, 0.404761, 0.288557, -0.034058
0.541082, 0.370349, 0.399077, -0.002306
0.541183, 0.622708, -0.426550, -0.229951
0.541230, 0.842577, -0.831794, -0.159256
0.541309, 0.545053, -0.195389, -0.186147
0.541440, 0.655048, -0.509621, -0.237698
0.541752, 0.190232, 0.828489, 0.067893
0.541937, 0.000000, 0.979023, 0.000000
0.542152, 0.069989, 0.959142, 0.033314
0.542248, 0.265527, 0.682483, 0.057814
0.542359, 0.719438, -0.650126, -0.233896
0.542429, 0.139326, 0.898929, 0.058186
0.542606, 0.828843, -0.815841, -0.172130
0.542609, 0.443068, 0.154414, -0.080859
0.542647, 0.794644, -0.773528, -0.197103
0.542652, 0.988443, -0.909649, -0.012804
0.542765, 0.502675, -0.056410, -0.155452
0.542826, 0.103600, 0.935184, 0.046442
0.542829, 0.762002, -0.724958, -0.216928
0.542859, 0.490326, -0.015647, -0.144126
0.542931, 0.321705, 0.540583, 0.029107
0.543444, 0.565216, -0.260567, -0.207364
0.543557, 0.032694, 0.975448, 0.015671
0.543585, 0.951090, -0.901610, -0.053875
0.543615, 0.634952, -0.459182, -0.239239
0.543759, 0.576938, -0.297175, -0.216426
0.544125, 0.478580, 0.021850, -0.136075
0.544198, 0.688879, -0.587253, -0.243705
0.544524, 0.730137, -0.669398, -0.234223
0.544807, 0.422975, 0.222481, -0.065672
0.544821, 0.937479, -0.895470, -0.069060
0.544840, 0.357297, 0.435900, -0.002901
0.545268, 0.276492, 0.655719, 0.046567
0.545619, 0.924150, -0.888654, -0.083711
0.545717, 0.392096, 0.325252, -0.037167
0.545770, 0.288517, 0.626214, 0.040497
0.545774, 0.589824, -0.335610, -0.228425
0.545780, 0.092029, 0.945731, 0.039909
0.545824, 0.898290, -0.873892, -0.110914
0.545868, 0.885474, -0.864994, -0.123755
0.545937, 0.911096, -0.881487, -0.097686
0.545968, 0.866145, -0.849708, -0.142696
0.545974, 0.057742, 0.967111, 0.026276
0.546004, 0.466752, 0.060105, -0.127373
0.546309, 0.126530, 0.914253, 0.050506
0.546392, 0.210387, 0.794114, 0.059392
0.546431, 0.532804, -0.159316, -0.192967
0.546547, 0.675768, -0.558028, -0.249760
0.546590, 0.806799, -0.786477, -0.193743
0.546677, 0.644800, -0.484921, -0.249361
0.546746, 0.741286, -0.688428, -0.233235
0.546986, 0.965224, -0.901191, -0.039239
0.547380, 0.344465, 0.472418, 0.000592
0.547425, 0.308248, 0.574330, 0.025190
0.547526, 0.232528, 0.751761, 0.054535
0.547631, 0.773275, -0.739663, -0.217911
0.548013, 0.520917, -0.121327, -0.188417
0.548585, 0.709194, -0.628255, -0.248676
0.548670, 0.554838, -0.231757, -0.216614
0.548740, 0.977741, -0.902042, -0.025342
0.549060, 0.044618, 0.973991, 0.019512
0.549070, 0.412693, 0.252936, -0.068935
0.549083, 0.818010, -0.798190, -0.188025
0.549240, 0.602372, -0.373257, -0.244419
0.549299, 0.852390, -0.834385, -0.158395
0.549391, 0.380035, 0.360743, -0.036900
0.549537, 1.000000, -0.902618, 0.000000
0.549549, 0.452661, 0.107710, -0.119611
0.549958, 0.010384, 0.982336, 0.004485
0.550145, 0.614070, -0.405534, -0.250847
0.550172, 0.080187, 0.955757, 0.032587
0.550200, 0.332565, 0.504876, 0.000964
0.550403, 0.256737, 0.699655, 0.042845
0.550424, 0.663765, -0.530495, -0.259276
0.550491, 0.113337, 0.928733, 0.042771
0.550646, 0.433546, 0.177824, -0.097741
0.550686, 0.172378, 0.856683, 0.052774
0.550747, 0.160166, 0.874136, 0.051558
0.551162, 0.510191, -0.089628, -0.190409
0.551176, 0.199047, 0.814104, 0.052950
0.551305, 0.753691, -0.707078, -0.235266
0.551350, 0.785860, -0.755246, -0.215202
0.551852, 0.838110, -0.817915, -0.173919
0.552006, 0.185318, 0.836745, 0.051077
0.552050, 0.244356, 0.726387, 0.043152
0.552297, 0.147918, 0.890524, 0.048099
0.552595, 0.367455, 0.397564, -0.035016
0.552927, 0.876346, -0.851378, -0.138040
0.552938, 0.627661, -0.442416, -0.262173
0.553167, 0.221832, 0.771956, 0.046192
0.553331, 0.021707, 0.982160, 0.008718
0.553490, 0.542768, -0.196803, -0.223131
0.553553, 0.296487, 0.601934, 0.016793
0.553641, 0.401360, 0.286014, -0.072162
0.553825, 0.497487, -0.050726, -0.188374
0.553992, 0.698805, -0.605901, -0.261986
0.554140, 0.135704, 0.905728, 0.043988
0.554405, 0.320523, 0.536167, -0.001263
0.554567, 0.485508, -0.012196, -0.179434
0.554576, 0.068189, 0.964983, 0.025538
0.554646, 0.720873, -0.648466, -0.256415
0.554808, 0.567356, -0.273713, -0.243038
0.554819, 0.580851, -0.313774, -0.250337
0.555012, 0.684805, -0.576574, -0.267113
0.555050, 0.798795, -0.769989, -0.210472
0.555193, 0.652398, -0.503860, -0.270562
0.555350, 0.101648, 0.940820, 0.035004
0.555433, 0.267865, 0.672178, 0.026960
0.555590, 0.943224, -0.885641, -0.066568
0.555936, 0.955485, -0.889058, -0.052411
0.555943, 0.000000, 0.985256, 0.000000
0.555965, 0.032981, 0.980570, 0.012448
0.556028, 0.990030, -0.894348, -0.011924
0.556251, 0.890637, -0.857856, -0.125749
0.556278, 0.826213, -0.801293, -0.189174
0.556363, 0.282368, 0.636151, 0.017017
0.556422, 0.930405, -0.879653, -0.081588
0.556426, 0.354878, 0.433087, -0.035688
0.556605, 0.473561, 0.025354, -0.173535
0.556681, 0.862046, -0.835829, -0.155677
0.556704, 0.763718, -0.719453, -0.237434
0.556755, 0.461972, 0.064559, -0.159772
0.556759, 0.443194, 0.133158, -0.133031
0.556783, 0.904117, -0.865916, -0.111340
0.556858, 0.917385, -0.872993, -0.096592
0.557327, 0.732290, -0.667624, -0.256067
0.557352, 0.422644, 0.207789, -0.108523
0.557526, 0.056368, 0.972146, 0.020269
0.557667, 0.593384, -0.350762, -0.263874
0.557933, 0.389587, 0.320434, -0.074114
0.557964, 0.744753, -0.688588, -0.250580
0.557966, 0.122639, 0.921020, 0.037392
0.558040, 0.639258, -0.472120, -0.276431
0.558395, 0.530100, -0.159547, -0.229254
0.558575, 0.212111, 0.789542, 0.037290
0.558583, 0.968075, -0.888476, -0.038287
0.558692, 0.089893, 0.951386, 0.029470
0.559107, 0.672872, -0.550116, -0.277985
0.559114, 0.309509, 0.563391, -0.006482
0.559117, 0.343027, 0.466829, -0.032666
0.559731, 0.811994, -0.782208, -0.205526
0.559776, 0.776312, -0.735947, -0.233422
0.559828, 0.847699, -0.819825, -0.172707
0.559895, 0.232338, 0.749199, 0.029723
0.559979, 0.555118, -0.239848, -0.251726
0.560080, 0.044645, 0.978013, 0.015344
0.560469, 0.617833, -0.418152, -0.279428
0.560831, 0.517883, -0.123011, -0.228385
0.561007, 0.254356, 0.700981, 0.019814
0.561037, 0.980246, -0.887599, -0.023986
0.561113, 0.710967, -0.627273, -0.272021
0.561208, 0.377380, 0.357047, -0.071832
0.561801, 0.411232, 0.242275, -0.110480
0.561992, 0.606040, -0.387024, -0.280124
0.562145, 0.167110, 0.864805, 0.035815
0.562413, 0.191308, 0.826351, 0.034249
0.562493, 0.179063, 0.846378, 0.034694
0.562572, 0.331299, 0.498662, -0.033349
0.562754, 0.202377, 0.806759, 0.031945
0.562802, 0.077456, 0.961451, 0.023234
0.562919, 0.155189, 0.881818, 0.034702
0.563127, 0.505227, -0.084462, -0.225905
0.563311, 0.012011, 0.987226, 0.003855
0.563374, 0.789081, -0.750548, -0.228893
0.563415, 0.453172, 0.088051, -0.171996
0.563485, 0.692686, -0.590733, -0.282901
0.563512, 0.661393, -0.524083, -0.289237
0.563658, 1.000000, -0.885556, 0.000000
0.563851, 0.111771, 0.933166, 0.029563
0.563935, 0.242135, 0.727090, 0.018329
0.563957, 0.432663, 0.162191, -0.144918
0.564028, 0.871196, -0.835674, -0.152041
0.564246, 0.365235, 0.392961, -0.069005
0.564420, 0.835652, -0.803541, -0.188887
0.564513, 0.543322, -0.206212, -0.258121
0.564598, 0.143342, 0.897570, 0.032094
0.564606, 0.299456, 0.586768, -0.014379
0.564759, 0.573890, -0.298302, -0.276034
0.564935, 0.273647, 0.653268, 0.001124
0.565190, 0.883342, -0.843351, -0.139577
0.565241, 0.492216, -0.044268, -0.221606
0.565514, 0.131655, 0.911882, 0.030348
0.565675, 0.628789, -0.446660, -0.294188
0.565966, 0.753431, -0.697765, -0.258459
0.566032, 0.024361, 0.986026, 0.007224
0.566072, 0.399644, 0.276999, -0.111721
0.566146, 0.479757, -0.004784, -0.212819
0.566379, 0.288227, 0.615662, -0.010451
0.566708, 0.222890, 0.766515, 0.019184
0.566848, 0.801192, -0.763191, -0.223111
0.566921, 0.320005, 0.527899, -0.035798
0.567029, 0.649028, -0.495183, -0.297620
0.567086, 0.896896, -0.849965, -0.125612
0.567131, 0.723805, -0.647961, -0.277183
0.567210, 0.856997, -0.820646, -0.169811
0.567362, 0.064944, 0.970506, 0.017539
0.567445, 0.584716, -0.330251, -0.288209
0.567480, 0.948031, -0.872956, -0.064724
0.567664, 0.739354, -0.674000, -0.269627
0.567684, 0.935831, -0.868630, -0.079639
0.567691, 0.910275, -0.856935, -0.110330
0.567816, 0.822881, -0.787173, -0.204443
0.567916, 0.100486, 0.944449, 0.023723
0.567918, 0.681630, -0.566813, -0.294878
0.568023, 0.923324, -0.862881, -0.094938
0.568290, 0.466103, 0.038460, -0.205406
0.568349, 0.563414, -0.269284, -0.281321
0.568378, 0.766778, -0.715973, -0.252561
0.568419, 0.037085, 0.983264, 0.010035
0.568476, 0.261620, 0.680627, -0.000566
0.568483, 0.960402, -0.875002, -0.049674
0.568645, 0.353151, 0.426593, -0.071425
0.568739, 0.702536, -0.608179, -0.289774
0.568923, 0.000000, 0.989331, 0.000000
0.569256, 0.051671, 0.977724, 0.013436
0.569548, 0.596139, -0.362383, -0.297769
0.569693, 0.533710, -0.180723, -0.268522
0.569768, 0.387462, 0.313813, -0.110608
0.569878, 0.421308, 0.195427, -0.151309
0.570026, 0.442840, 0.116782, -0.181740
0.570383, 0.973559, -0.875052, -0.033588
0.570649, 0.988251, -0.876416, -0.014939
0.570795, 0.088396, 0.955050, 0.019837
0.571003, 0.341720, 0.459683, -0.066995
0.571283, 0.522900, -0.147760, -0.265865
0.571508, 0.121850, 0.923512, 0.022637
0.571651, 0.779989, -0.731910, -0.246961
0.571664, 0.211792, 0.786911, 0.012474
0.571691, 0.616834, -0.417335, -0.308096
0.571950, 0.638121, -0.469485, -0.309754
0.572195, 0.670507, -0.542409, -0.306625
0.572337, 0.309513, 0.553206, -0.042941
0.572474, 0.845277, -0.804599, -0.186821
0.572871, 0.248165, 0.709608, -0.004410
0.572881, 0.551798, -0.237098, -0.288598
0.572992, 0.812162, -0.770391, -0.220407
0.573102, 0.375449, 0.349993, -0.108162
0.573254, 0.511415, -0.113145, -0.263723
0.573493, 0.174517, 0.852439, 0.017783
0.573678, 0.187296, 0.831329, 0.015592
0.573774, 0.161863, 0.871915, 0.019160
0.574022, 0.233903, 0.740766, -0.000576
0.574075, 0.199414, 0.809680, 0.012060
0.574143, 0.279125, 0.633683, -0.025205
0.574150, 0.713295, -0.625523, -0.294696
0.574340, 0.409859, 0.230431, -0.152396
0.574629, 0.865948, -0.819861, -0.166074
0.574832, 0.454873, 0.068932, -0.214689
0.574862, 0.077475, 0.963816, 0.015198
0.574930, 0.499122, -0.075566, -0.259394
0.574978, 0.148997, 0.890091, 0.018509
0.575317, 0.329743, 0.491766, -0.069077
0.575427, 0.732368, -0.657722, -0.286675
0.575706, 0.606767, -0.391894, -0.316513
0.575903, 0.692133, -0.585188, -0.307450
0.575910, 0.658798, -0.516135, -0.316620
0.575925, 0.363419, 0.386079, -0.103960
0.576213, 0.008589, 0.990831, 0.001831
0.576258, 0.135581, 0.907604, 0.017662
0.576266, 0.791449, -0.742645, -0.243288
0.576338, 0.877339, -0.826353, -0.154300
0.576350, 0.297379, 0.583635, -0.044437
0.576419, 0.832753, -0.788654, -0.203483
0.576682, 0.475008, 0.000178, -0.243202
0.576877, 0.431478, 0.148975, -0.190760
0.576919, 1.000000, -0.869084, 0.000000
0.576990, 0.573959, -0.303691, -0.311085
0.576998, 0.889675, -0.833960, -0.140096
0.576999, 0.018566, 0.989821, 0.003641
0.577012, 0.486815, -0.038289, -0.255582
0.577096, 0.758251, -0.697094, -0.271513
0.577201, 0.110459, 0.935894, 0.016403
0.578026, 0.397694, 0.268345, -0.150084
0.578028, 0.267766, 0.659962, -0.027397
0.578144, 0.902998, -0.840479, -0.124707
0.578232, 0.030621, 0.987365, 0.005650
0.578272, 0.745721, -0.677263, -0.282195
0.578584, 0.626289, -0.440830, -0.325403
0.578700, 0.541623, -0.210969, -0.301202
0.578996, 0.916089, -0.846120, -0.108881
0.579022, 0.067469, 0.970989, 0.010988
0.579030, 0.043418, 0.983148, 0.007574
0.579282, 0.056287, 0.977419, 0.009551
0.579298, 0.585598, -0.336548, -0.321239
0.579395, 0.221686, 0.764265, -0.006190
0.579425, 0.952774, -0.859166, -0.062124
0.579489, 0.801841, -0.752296, -0.237694
0.579516, 0.940673, -0.855531, -0.077750
0.579723, 0.772234, -0.714714, -0.264363
0.579771, 0.928755, -0.850715, -0.093157
0.579812, 0.097112, 0.948676, 0.012983
0.580131, 0.647597, -0.490665, -0.327933
0.580184, 0.319633, 0.517211, -0.073308
0.580205, 0.855368, -0.805038, -0.182491
0.580302, 0.965546, -0.860950, -0.045575
0.580411, 0.680882, -0.561258, -0.320444
0.580478, 0.561222, -0.268711, -0.315648
0.580598, 0.978638, -0.862671, -0.028350
0.580962, 0.255677, 0.687609, -0.026969
0.581246, 0.287124, 0.607755, -0.048629
0.581259, 0.821466, -0.772240, -0.220016
0.581342, 0.351374, 0.418773, -0.108610
0.581533, 0.722340, -0.637262, -0.302830
0.581614, 0.596787, -0.367031, -0.330223
0.581732, 0.385971, 0.303970, -0.148712
0.581781, 0.442565, 0.103493, -0.223409
0.581987, 0.465529, 0.026354, -0.251058
0.582169, 0.529950, -0.177249, -0.304396
0.582314, 0.702996, -0.602739, -0.314594
0.582423, 0.339162, 0.455800, -0.099195
0.582508, 0.420062, 0.182523, -0.195242
0.582806, 0.122728, 0.922617, 0.010211
0.583561, 0.208832, 0.788521, -0.009439
0.583673, 0.000000, 0.992457, 0.000000
0.583768, 0.242332, 0.717062, -0.026191
0.583788, 0.518328, -0.143094, -0.302096
0.584199, 0.990222, -0.858868, -0.013173
0.584235, 0.182671, 0.836644, -0.001305
0.584390, 0.307204, 0.549287, -0.074713
0.584412, 0.086265, 0.958089, 0.008963
0.584501, 0.169813, 0.857845, 0.001312
0.584523, 0.842846, -0.789315, -0.200217
0.584525, 0.669105, -0.535910, -0.332573
0.584775, 0.636039, -0.463566, -0.339652
0.584906, 0.505612, -0.104318, -0.296494
0.584922, 0.374248, 0.339677, -0.145475
0.585026, 0.196060, 0.812426, -0.007076
0.585139, 0.784331, -0.725806, -0.260776
0.585159, 0.157166, 0.877203, 0.003201
0.585179, 0.614819, -0.413160, -0.341322
0.586280, 0.407224, 0.223464, -0.191338
0.586316, 0.454122, 0.059457, -0.253077
0.586376, 0.144670, 0.894777, 0.003701
0.586432, 0.867668, -0.807516, -0.172994
0.586597, 0.550624, -0.241742, -0.329167
0.586753, 0.492690, -0.065474, -0.292345
0.586800, 0.734045, -0.652907, -0.303638
0.586906, 0.810351, -0.754524, -0.237531
0.587038, 0.275848, 0.632771, -0.056134
0.587185, 0.362796, 0.374858, -0.139570
0.587351, 0.230475, 0.741737, -0.027261
0.587530, 0.881413, -0.815818, -0.156964
0.587708, 0.132965, 0.909952, 0.003718
0.587806, 0.764400, -0.697119, -0.281860
0.587961, 0.478691, -0.022355, -0.284172
0.588045, 0.692010, -0.579491, -0.330433
0.588086, 0.104444, 0.941835, 0.005544
0.588094, 0.895165, -0.823656, -0.140040
0.588131, 0.712842, -0.616983, -0.319556
0.588478, 0.569523, -0.295632, -0.341694
0.588567, 0.023878, 0.990450, 0.002187
0.588567, 0.075412, 0.966405, 0.005313
0.588639, 0.657724, -0.510884, -0.344326
0.589269, 0.753438, -0.680422, -0.292987
0.589354, 0.831539, -0.773519, -0.217201
0.589456, 0.908600, -0.829221, -0.123542
0.589459, 0.295706, 0.577106, -0.078878
0.589503, 0.430888, 0.134485, -0.235235
0.589590, 0.329757, 0.477235, -0.111990
0.589717, 0.036620, 0.986885, 0.002850
0.589763, 0.011073, 0.992682, 0.000956
0.589952, 0.049724, 0.981615, 0.003692
0.590102, 0.580145, -0.324950, -0.349143
0.590261, 0.604788, -0.388651, -0.353443
0.590302, 0.263553, 0.661923, -0.054971
0.590452, 0.796899, -0.735762, -0.255210
0.590459, 0.062640, 0.974833, 0.003820
0.590489, 0.395409, 0.259551, -0.190512
0.590776, 0.921536, -0.833386, -0.107123
0.590850, 0.957833, -0.845206, -0.058189
0.591107, 1.000000, -0.849475, 0.000000
0.591264, 0.114857, 0.930812, 0.001543
0.591319, 0.853668, -0.790755, -0.193458
0.591340, 0.945391, -0.841267, -0.075210
0.591364, 0.538606, -0.208359, -0.336650
0.591522, 0.742794, -0.662915, -0.304732
0.591543, 0.317309, 0.512859, -0.103962
0.591565, 0.623754, -0.434279, -0.356294
0.591827, 0.217820, 0.766351, -0.030243
0.592052, 0.591684, -0.355711, -0.356597
0.592073, 0.970121, -0.845973, -0.041450
0.592145, 0.933986, -0.836575, -0.090938
0.592323, 0.679673, -0.554028, -0.344234
0.592520, 0.343809, 0.430018, -0.135417
0.592689, 0.646621, -0.486029, -0.355840
0.592852, 0.980928, -0.846010, -0.026600
0.592902, 0.251188, 0.690546, -0.052358
0.592947, 0.774729, -0.706268, -0.279514
0.593424, 0.443194, 0.088348, -0.264523
0.593538, 0.466229, 0.011726, -0.290553
0.593864, 0.383004, 0.298176, -0.186362
0.593866, 0.416731, 0.179129, -0.231445
0.594196, 0.093924, 0.951357, 0.000212
0.594355, 0.526723, -0.175666, -0.339601
0.594401, 0.559764, -0.270880, -0.354964
0.594416, 0.820241, -0.756890, -0.234665
0.594512, 0.190142, 0.819704, -0.022014
0.594606, 0.725277, -0.633494, -0.322483
0.594709, 0.355501, 0.389654, -0.156036
0.594769, 0.284896, 0.602375, -0.083083
0.594794, 0.513464, -0.135877, -0.332715
0.595195, 0.177011, 0.842734, -0.018237
0.595447, 0.204661, 0.791603, -0.030345
0.595653, 0.164245, 0.863658, -0.014635
0.596308, 0.500796, -0.098830, -0.328943
0.596450, 0.702230, -0.593426, -0.339979
0.596504, 0.634604, -0.458645, -0.366443
0.596643, 0.239366, 0.715822, -0.053822
0.596704, 0.151479, 0.882895, -0.012222
0.596873, 0.304743, 0.544303, -0.107857
0.597081, 0.370118, 0.337919, -0.180824
0.597086, 0.667588, -0.528251, -0.358369
0.597103, 0.125981, 0.916993, -0.007150
0.597110, 0.000000, 0.993519, 0.000000
0.597188, 0.487169, -0.057122, -0.321105
0.597226, 0.842206, -0.773999, -0.212060
0.597496, 0.455187, 0.043978, -0.292034
0.597648, 0.786853, -0.716806, -0.273433
0.597648, 0.862970, -0.790072, -0.187075
0.597798, 0.874380, -0.798268, -0.172640
0.598092, 0.888017, -0.806493, -0.155170
0.598386, 0.083331, 0.960067, -0.002208
0.598553, 0.138739, 0.900360, -0.011485
0.598795, 0.807918, -0.739350, -0.252682
0.598828, 0.989730, -0.838493, -0.014618
0.599008, 0.405475, 0.212063, -0.234154
0.599052, 0.272330, 0.632086, -0.084587
0.599214, 0.547597, -0.237873, -0.363274
0.599465, 0.901257, -0.812179, -0.138360
0.599548, 0.019332, 0.991761, -0.000258
0.599600, 0.714281, -0.612009, -0.337990
0.599641, 0.690068, -0.569878, -0.352864
0.599693, 0.762433, -0.683913, -0.299635
0.599711, 0.612263, -0.406726, -0.376316
0.600021, 0.227550, 0.740659, -0.052970
0.600108, 0.070526, 0.969503, -0.002512
0.600183, 0.474823, -0.021229, -0.320125
0.600230, 0.425037, 0.142194, -0.265011
0.600516, 0.043718, 0.984306, -0.001062
0.600586, 0.104226, 0.940778, -0.006994
0.600696, 0.030749, 0.988958, -0.000830
0.600783, 0.056941, 0.977900, -0.001895
0.600862, 0.571676, -0.305172, -0.375954
0.601229, 0.914299, -0.816292, -0.121482
0.601447, 0.336304, 0.443258, -0.154611
0.601473, 0.598697, -0.373959, -0.380681
0.601624, 0.735877, -0.644490, -0.325008
0.601676, 0.656923, -0.505035, -0.371768
0.601765, 0.749373, -0.664046, -0.314168
0.601801, 0.324906, 0.478570, -0.143631
0.602034, 0.951429, -0.827747, -0.069749
0.602055, 0.584533, -0.338232, -0.380798
0.602069, 0.830825, -0.758278, -0.229753
0.602356, 0.436707, 0.100201, -0.287159
0.602393, 0.393371, 0.250165, -0.229379
0.602428, 0.260130, 0.660979, -0.082656
0.602676, 0.963882, -0.830171, -0.052213
0.602883, 0.294454, 0.567763, -0.115222
0.602947, 0.927201, -0.819079, -0.104278
0.603089, 0.313547, 0.511655, -0.134394
0.603800, 0.623273, -0.431910, -0.384782
0.603912, 0.116592, 0.926793, -0.012721
0.604030, 0.215436, 0.764388, -0.054160
0.604182, 0.535681, -0.206944, -0.372848
0.604244, 0.676953, -0.543155, -0.368119
0.604245, 0.797322, -0.721876, -0.270084
0.604262, 0.775901, -0.696816, -0.292549
0.604416, 0.195584, 0.804627, -0.043017
0.604453, 0.852573, -0.773714, -0.205214
0.604479, 0.521093, -0.164884, -0.366379
0.604587, 0.644904, -0.479005, -0.381501
0.604594, 0.010080, 0.992929, -0.000428
0.604839, 1.000000, -0.830076, 0.000000
0.604909, 0.939999, -0.821181, -0.086818
0.604962, 0.347927, 0.401593, -0.180402
0.605017, 0.976731, -0.828349, -0.033878
0.605281, 0.381213, 0.288677, -0.223019
0.605539, 0.360201, 0.360010, -0.196417
0.605620, 0.248445, 0.687604, -0.080847
0.605711, 0.183406, 0.826869, -0.039296
0.605776, 0.558467, -0.270538, -0.385330
0.606350, 0.448365, 0.057507, -0.313991
0.606475, 0.170752, 0.848767, -0.034740
0.606501, 0.508764, -0.130405, -0.365555
0.606669, 0.818958, -0.741641, -0.248129
0.606692, 0.495297, -0.090101, -0.357114
0.606733, 0.281598, 0.600123, -0.112587
0.606972, 0.158474, 0.868745, -0.030069
0.607065, 0.462073, 0.013115, -0.330329
0.607492, 0.879663, -0.789063, -0.171984
0.607686, 0.723519, -0.620881, -0.344178
0.607742, 0.414693, 0.168788, -0.277669
0.608054, 0.145318, 0.888252, -0.026536
0.608082, 0.092415, 0.950818, -0.012054
0.608528, 0.634108, -0.455195, -0.393365
0.608852, 0.130826, 0.907920, -0.022961
0.609080, 0.205148, 0.782894, -0.057703
0.609164, 0.865023, -0.776739, -0.192701
0.609281, 0.893300, -0.794414, -0.154494
0.609313, 0.709134, -0.596670, -0.357550
0.609428, 0.483629, -0.056840, -0.356853
0.609447, 0.370397, 0.320146, -0.222958
0.609547, 0.236620, 0.712720, -0.081880
0.609737, 0.698874, -0.579176, -0.365203
0.609765, 0.078672, 0.962191, -0.010583
0.610260, 0.841405, -0.757365, -0.223968
0.610531, 0.064749, 0.972066, -0.008674
0.610645, 0.687068, -0.558166, -0.374455
0.610796, 0.786511, -0.702599, -0.289078
0.610889, 0.050722, 0.980096, -0.006515
0.610926, 0.666254, -0.519437, -0.385940
0.610959, 0.036856, 0.986104, -0.004590
0.611034, 0.304447, 0.530026, -0.148097
0.611076, 0.000000, 0.992752, 0.000000
0.611112, 0.766905, -0.678576, -0.310213
0.611151, 0.605431, -0.389708, -0.403565
0.611282, 0.906232, -0.798513, -0.137378
0.611343, 0.269373, 0.628640, -0.114237
0.611363, 0.402460, 0.206148, -0.273587
0.611384, 0.988643, -0.820479, -0.016943
0.611416, 0.428215, 0.118298, -0.307553
0.611471, 0.547108, -0.241576, -0.397481
0.611662, 0.472148, -0.023188, -0.354291
0.611723, 0.755982, -0.663855, -0.321550
0.611844, 0.105587, 0.936918, -0.018786
0.611873, 0.591844, -0.357293, -0.405868
0.611878, 0.022729, 0.990220, -0.003071
0.611939, 0.807823, -0.724280, -0.266422
0.612502, 0.567712, -0.296903, -0.405430
0.612649, 0.224965, 0.737640, -0.078779
0.612773, 0.578637, -0.325166, -0.407814
0.612889, 0.329957, 0.449274, -0.182881
0.613063, 0.527622, -0.188834, -0.394791
0.613251, 0.918998, -0.801466, -0.119993
0.613273, 0.954061, -0.812083, -0.068730
0.613314, 0.743876, -0.645897, -0.334830
0.613459, 0.652565, -0.491412, -0.396876
0.613668, 0.616617, -0.415099, -0.407945
0.613685, 0.317056, 0.488672, -0.171167
0.613842, 0.733115, -0.630120, -0.345551
0.614229, 0.290950, 0.565792, -0.143568
0.614240, 0.966076, -0.813677, -0.050977
0.614409, 0.389915, 0.245548, -0.266699
0.614429, 0.830090, -0.742583, -0.241687
0.614545, 0.341045, 0.411583, -0.202795
0.614607, 0.119009, 0.920878, -0.025836
0.615050, 0.440142, 0.075536, -0.333654
0.615084, 0.257715, 0.655832, -0.112766
0.615269, 0.931463, -0.802981, -0.102565
0.615972, 0.191697, 0.805423, -0.063045
0.616132, 0.354328, 0.365371, -0.224119
0.616233, 0.501593, -0.115361, -0.390064
0.616451, 0.852938, -0.758568, -0.213801
0.616672, 0.178506, 0.829824, -0.056370
0.616990, 0.453653, 0.030306, -0.354104
0.617044, 0.515746, -0.156958, -0.400496
0.617125, 0.677943, -0.537859, -0.391307
0.617166, 0.873180, -0.771254, -0.187020
0.617407, 0.627415, -0.438110, -0.413904
0.617567, 0.716369, -0.601752, -0.365095
0.617647, 0.010955, 0.991239, -0.002016
0.617677, 0.796825, -0.706228, -0.285034
0.617859, 0.154355, 0.870314, -0.045124
0.617938, 1.000000, -0.810895, 0.000000
0.617976, 0.776307, -0.682854, -0.308612
0.618026, 0.943794, -0.803365, -0.085059
0.618030, 0.978292, -0.809610, -0.033033
0.618031, 0.213921, 0.757808, -0.083154
0.618126, 0.641320, -0.467385, -0.411353
0.618155, 0.245989, 0.682867, -0.109250
0.618214, 0.378083, 0.281378, -0.263463
0.618253, 0.537753, -0.219385, -0.413458
0.618266, 0.140961, 0.890351, -0.039275
0.618370, 0.166328, 0.850300, -0.052532
0.618641, 0.885444, -0.777116, -0.170738
0.618911, 0.557555, -0.271634, -0.420158
0.619062, 0.420073, 0.136653, -0.323245
0.619143, 0.278840, 0.594878, -0.144051
0.619341, 0.818668, -0.725920, -0.260518
0.619360, 0.489513, -0.081783, -0.391528
0.619726, 0.364712, 0.325380, -0.250539
0.619956, 0.084568, 0.954791, -0.020340
0.620544, 0.202063, 0.781381, -0.079018
0.620662, 0.096435, 0.943525, -0.024952
0.620706, 0.071534, 0.965010, -0.017154
0.620871, 0.058295, 0.973829, -0.013617
0.620966, 0.692079, -0.560101, -0.389100
0.621095, 0.465056, -0.008855, -0.377699
0.621112, 0.409707, 0.169482, -0.317072
0.621114, 0.044870, 0.980870, -0.010253
0.621266, 0.898116, -0.779989, -0.153932
0.621313, 0.300491, 0.529651, -0.174323
0.621414, 0.659586, -0.501427, -0.409236
0.621423, 0.031778, 0.985953, -0.007248
0.621573, 0.598535, -0.372768, -0.428609
0.621740, 0.130246, 0.903746, -0.039311
0.622168, 0.477653, -0.048016, -0.391296
0.622386, 0.584236, -0.339098, -0.431477
0.622576, 0.233888, 0.708152, -0.110338
0.622645, 0.726693, -0.613005, -0.364065
0.622697, 0.704553, -0.579051, -0.382278
0.622823, 0.862785, -0.756882, -0.205053
0.623029, 0.841539, -0.740963, -0.234101
0.623092, 0.324423, 0.453582, -0.208456
0.623190, 0.763957, -0.662345, -0.328234
0.623228, 0.752048, -0.647258, -0.340251
0.623335, 0.108756, 0.929564, -0.032177
0.623422, 0.910632, -0.783101, -0.136527
0.623636, 0.397524, 0.207556, -0.309444
0.623924, 0.431367, 0.094246, -0.353065
0.624043, 0.610726, -0.399986, -0.432257
0.624207, 0.267169, 0.621427, -0.146240
0.624304, 0.569863, -0.303886, -0.435666
0.624336, 0.786264, -0.687014, -0.304516
0.624545, 0.000000, 0.990245, 0.000000
0.624565, 0.311717, 0.491650, -0.197578
0.624763, 0.989042, -0.800082, -0.017049
0.624953, 0.526459, -0.190660, -0.427569
0.624957, 0.670328, -0.519378, -0.409860
0.625008, 0.807118, -0.707853, -0.280150
0.625031, 0.347826, 0.374770, -0.245266
0.625296, 0.547469, -0.247480, -0.435136
0.625354, 0.020387, 0.988043, -0.005449
0.625436, 0.507164, -0.137431, -0.420316
0.625661, 0.222590, 0.732400, -0.106030
0.625744, 0.968221, -0.796201, -0.049536
0.625793, 0.922569, -0.784370, -0.119606
0.625998, 0.956645, -0.793726, -0.067607
0.626031, 0.444782, 0.049027, -0.374362
0.626131, 0.739072, -0.627176, -0.357368
0.626250, 0.335561, 0.413709, -0.233298
0.626443, 0.830150, -0.727120, -0.251996
0.626504, 0.288684, 0.558239, -0.176211
0.626612, 0.185462, 0.810168, -0.079406
0.626663, 0.120271, 0.914343, -0.041049
0.627087, 0.385406, 0.244255, -0.304531
0.627436, 0.648738, -0.477929, -0.426443
0.627722, 0.255661, 0.648476, -0.143471
0.627765, 0.634038, -0.448214, -0.433022
0.627805, 0.149336, 0.872706, -0.057920
0.627843, 0.934641, -0.785126, -0.101902
0.627909, 0.621943, -0.423409, -0.437844
0.628386, 0.875604, -0.756979, -0.190557
0.628831, 0.682789, -0.538623, -0.408478
0.628910, 0.495450, -0.105651, -0.423724
0.628986, 0.174057, 0.830032, -0.075693
0.629179, 0.372087, 0.286860, -0.292977
0.629689, 0.457135, 0.007752, -0.397664
0.629749, 0.715849, -0.590558, -0.383765
0.629779, 0.852102, -0.739814, -0.224717
0.629814, 0.888361, -0.762593, -0.172705
0.630089, 0.161605, 0.851428, -0.069065
0.630180, 0.243631, 0.677114, -0.136691
0.630290, 0.195796, 0.786682, -0.094764
0.630292, 0.774172, -0.666622, -0.325140
0.630532, 0.358743, 0.330518, -0.279009
0.630589, 0.946640, -0.784665, -0.084071
0.630855, 0.208893, 0.758433, -0.106602
0.631133, 0.420183, 0.122788, -0.363909
0.631146, 0.516777, -0.167372, -0.441118
0.631205, 1.000000, -0.790339, 0.000000
0.631217, 0.592034, -0.357148, -0.451880
0.631229, 0.796566, -0.689625, -0.299352
0.631384, 0.558425, -0.276527, -0.452548
0.631507, 0.077247, 0.956819, -0.027339
0.631519, 0.536763, -0.220577, -0.448633
0.631580, 0.138151, 0.887477, -0.056989
0.631624, 0.817546, -0.709174, -0.273114
0.631672, 0.052275, 0.973869, -0.017871
0.631713, 0.010308, 0.987710, -0.003323
0.631810, 0.978215, -0.788261, -0.034589
0.631845, 0.277085, 0.585275, -0.177775
0.631896, 0.089472, 0.945874, -0.032927
0.631905, 0.064585, 0.966150, -0.022697
0.632112, 0.483341, -0.072419, -0.425428
0.632122, 0.039846, 0.979876, -0.013512
0.632459, 0.577763, -0.323633, -0.455812
0.632529, 0.695478, -0.556840, -0.405221
0.632542, 0.406489, 0.166016, -0.351550
0.632573, 0.300459, 0.515726, -0.207956
0.633114, 0.470387, -0.035130, -0.419237
0.633185, 0.902050, -0.764374, -0.153838
0.633295, 0.101384, 0.933233, -0.039772
0.633397, 0.660636, -0.496733, -0.430912
0.633589, 0.322748, 0.444900, -0.239906
0.633819, 0.749529, -0.633001, -0.356743
0.633976, 0.604189, -0.383606, -0.455685
0.634191, 0.029414, 0.982804, -0.010639
0.634278, 0.434643, 0.073037, -0.390272
0.634443, 0.728288, -0.604128, -0.378999
0.634753, 0.864936, -0.741424, -0.209880
0.635150, 0.761400, -0.646087, -0.345262
0.635791, 0.393781, 0.204278, -0.345741
0.635874, 0.113612, 0.917816, -0.049200
0.635937, 0.345859, 0.366022, -0.279009
0.636046, 0.127488, 0.900136, -0.056769
0.636119, 0.219554, 0.729593, -0.127425
0.636201, 0.231795, 0.700222, -0.140443
0.636265, 0.640329, -0.457065, -0.447231
0.636313, 0.913750, -0.764946, -0.137195
0.636544, 0.840670, -0.721997, -0.245725
0.636815, 0.706496, -0.570333, -0.402583
0.636847, 0.785084, -0.670823, -0.319304
0.637105, 0.673064, -0.516134, -0.429251
0.637280, 0.265493, 0.611348, -0.179069
0.637300, 0.311507, 0.475347, -0.236493
0.637318, 0.505001, -0.137738, -0.453049
0.637396, 0.965235, -0.777418, -0.056081
0.637486, 0.828286, -0.710479, -0.263825
0.637561, 0.615889, -0.407474, -0.459930
0.637888, 0.447113, 0.031389, -0.413996
0.638107, 0.989013, -0.778995, -0.017783
0.638162, 0.926465, -0.766776, -0.118022
0.638188, 0.547326, -0.249478, -0.468174
0.638249, 0.289155, 0.542230, -0.210838
0.638268, 0.333943, 0.401991, -0.269864
0.638288, 0.380538, 0.245615, -0.336009
0.638335, 0.000000, 0.985754, 0.000000
0.638346, 0.526447, -0.196093, -0.464130
0.638389, 0.567191, -0.298530, -0.470238
0.638615, 0.806834, -0.690191, -0.293402
0.638908, 0.184843, 0.801692, -0.103132
0.638974, 0.150484, 0.863701, -0.076285
0.639534, 0.878702, -0.742562, -0.192458
0.639709, 0.739222, -0.613508, -0.374984
0.639729, 0.020387, 0.983033, -0.008509
0.639909, 0.253631, 0.640353, -0.172847
0.640059, 0.892379, -0.749110, -0.171962
0.640099, 0.171939, 0.825582, -0.094353
0.640309, 0.939425, -0.767076, -0.098096
0.640363, 0.367711, 0.285984, -0.324807
0.640475, 0.628378, -0.431572, -0.460861
0.640622, 0.585221, -0.340556, -0.474249
0.640757, 0.651367, -0.475537, -0.449872
0.640812, 0.685687, -0.534394, -0.426056
0.640869, 0.492896, -0.105998, -0.456929
0.640957, 0.198688, 0.771416, -0.119216
0.641023, 0.953578, -0.769936, -0.075533
0.641166, 0.459460, -0.008950, -0.434889
0.641740, 0.853284, -0.723693, -0.231413
0.641769, 0.413230, 0.133179, -0.390396
0.641880, 0.242320, 0.667751, -0.164880
0.642008, 0.426296, 0.091324, -0.406027
0.642161, 0.772558, -0.650813, -0.340294
0.642163, 0.718342, -0.582646, -0.399470
0.642508, 0.160609, 0.844020, -0.089676
0.642539, 0.044635, 0.973316, -0.020236
0.642787, 0.069650, 0.957581, -0.032660
0.642976, 0.355778, 0.322445, -0.316426
0.642999, 0.082354, 0.946991, -0.039479
0.643264, 0.056698, 0.966173, -0.026616
0.643597, 0.140658, 0.875866, -0.076444
0.643674, 0.278312, 0.567021, -0.212685
0.643700, 0.596506, -0.364884, -0.478841
0.643721, 0.480763, -0.073653, -0.458048
0.643842, 0.514867, -0.167323, -0.475010
0.643996, 0.210597, 0.742310, -0.136879
0.644205, 0.977051, -0.768443, -0.037771
0.644218, 0.094358, 0.934737, -0.047417
0.644235, 0.795729, -0.672301, -0.313286
0.644405, 1.000000, -0.769092, 0.000000
0.644494, 0.300355, 0.500046, -0.243954
0.644610, 0.817729, -0.691850, -0.284185
0.644834, 0.536679, -0.224242, -0.483503
0.644949, 0.401151, 0.168580, -0.385983
0.645223, 0.556731, -0.273534, -0.486472
0.645322, 0.751232, -0.622363, -0.368978
0.645362, 0.663326, -0.493825, -0.450407
0.645460, 0.470389, -0.044736, -0.456062
0.645462, 0.697110, -0.548437, -0.423850
0.645589, 0.010363, 0.982085, -0.004841
0.645605, 0.322603, 0.428349, -0.277956
0.645746, 0.106281, 0.920710, -0.056456
0.645971, 0.033608, 0.976264, -0.016297
0.645973, 0.865771, -0.725422, -0.215645
0.646470, 0.438407, 0.049875, -0.432423
0.646521, 0.903905, -0.744667, -0.156911
0.646564, 0.575255, -0.317260, -0.489080
0.646577, 0.118763, 0.904907, -0.065338
0.646945, 0.223652, 0.708618, -0.157323
0.646946, 0.607687, -0.387438, -0.482311
0.647289, 0.130311, 0.888488, -0.074535
0.647417, 0.388367, 0.207439, -0.377474
0.647548, 0.730007, -0.593108, -0.395018
0.647690, 0.640319, -0.450907, -0.468753
0.647869, 0.831358, -0.698347, -0.267808
0.647897, 0.343595, 0.356105, -0.315286
0.648073, 0.917373, -0.748000, -0.136018
0.648200, 0.762167, -0.631737, -0.359491
0.648658, 0.782591, -0.653406, -0.334694
0.648972, 0.268690, 0.587591, -0.215788
0.649006, 0.676366, -0.512837, -0.446723
0.649068, 0.502276, -0.135734, -0.484238
0.649561, 0.843531, -0.705535, -0.251201
0.649628, 0.312511, 0.454681, -0.276203
0.649717, 0.889580, -0.732638, -0.181140
0.649963, 0.965822, -0.757330, -0.057133
0.650029, 0.619280, -0.409523, -0.483882
0.650041, 0.450830, 0.009159, -0.454578
0.650050, 0.930673, -0.749116, -0.115113
0.650160, 0.708571, -0.561024, -0.420224
0.650165, 0.376029, 0.244612, -0.369743
0.650181, 0.190243, 0.780407, -0.130424
0.650378, 0.177425, 0.806150, -0.118579
0.650446, 0.877105, -0.724879, -0.200998
0.650556, 0.257962, 0.615657, -0.206481
0.650686, 0.288790, 0.526556, -0.247265
0.650762, 0.332734, 0.387702, -0.308913
0.650798, 0.234841, 0.676420, -0.179547
0.650862, 0.525175, -0.196473, -0.496541
0.650924, 0.988113, -0.758016, -0.019922
0.651397, 0.943953, -0.750461, -0.093599
0.651757, 0.419238, 0.103425, -0.429146
0.651951, 0.806952, -0.672487, -0.305300
0.651954, 0.546393, -0.249291, -0.502419
0.652006, 0.000000, 0.979229, 0.000000
0.652087, 0.022278, 0.976502, -0.012343
0.652421, 0.151232, 0.851913, -0.099057
0.652574, 0.586621, -0.341495, -0.500479
0.652656, 0.364055, 0.280907, -0.361022
0.652689, 0.489301, -0.101905, -0.488030
0.652714, 0.164914, 0.827628, -0.111446
0.652787, 0.565322, -0.293895, -0.504227
0.652789, 0.742140, -0.602811, -0.388331
0.652921, 0.652778, -0.470124, -0.470469
0.653169, 0.246786, 0.642489, -0.199856
0.653325, 0.202826, 0.750056, -0.149783
0.653451, 0.061790, 0.957264, -0.035855
0.653635, 0.075516, 0.946723, -0.044503
0.653674, 0.046865, 0.966208, -0.027061
0.653788, 0.955673, -0.749233, -0.074657
0.653915, 0.687522, -0.526290, -0.445117
0.654136, 0.629917, -0.427998, -0.486576
0.654177, 0.462969, -0.029367, -0.476279
0.654335, 0.856078, -0.706751, -0.235656
0.654622, 0.408153, 0.135393, -0.425708
0.654870, 0.719946, -0.571994, -0.415271
0.655184, 0.429714, 0.067537, -0.450909
0.655186, 0.087916, 0.934203, -0.054256
0.655444, 0.351827, 0.317379, -0.352366
0.655638, 0.793117, -0.654644, -0.327744
0.655764, 0.770943, -0.632048, -0.356964
0.655780, 0.512971, -0.166694, -0.506066
0.655804, 0.820738, -0.678667, -0.289228
0.655859, 0.301560, 0.480032, -0.280154
0.656070, 0.598217, -0.364950, -0.504509
0.656194, 0.666925, -0.491946, -0.466021
0.656233, 0.214998, 0.718856, -0.169490
0.656299, 0.138958, 0.868404, -0.094726
0.656336, 0.100519, 0.920073, -0.064541
0.656832, 0.395614, 0.172685, -0.417624
0.656877, 0.476482, -0.069214, -0.492849
0.657140, 1.000000, -0.748112, 0.000000
0.657334, 0.277941, 0.549574, -0.251623
0.657396, 0.113058, 0.904296, -0.075075
0.657410, 0.976022, -0.746373, -0.040824
0.657919, 0.535376, -0.223240, -0.516011
0.658139, 0.754707, -0.611386, -0.379846
0.658163, 0.125674, 0.886604, -0.086419
0.658196, 0.033908, 0.969310, -0.021085
0.658280, 0.909669, -0.728312, -0.152443
0.658285, 0.698997, -0.539324, -0.441031
0.658426, 0.897005, -0.722642, -0.173279
0.658529, 0.010968, 0.974901, -0.006751
0.658653, 0.868443, -0.707404, -0.219111
0.658693, 0.441381, 0.029506, -0.472489
0.659055, 0.324292, 0.402980, -0.323555
0.659288, 0.576013, -0.316959, -0.517291
0.659339, 0.833913, -0.683622, -0.272685
0.659356, 0.610051, -0.387481, -0.506508
0.659397, 0.227010, 0.685789, -0.191446
0.659490, 0.640901, -0.445006, -0.489952
0.659627, 0.555424, -0.270930, -0.520746
0.659798, 0.922855, -0.730755, -0.131168
0.659957, 0.732060, -0.582104, -0.408658
0.660006, 0.384011, 0.205997, -0.412989
0.660380, 0.500331, -0.135599, -0.513954
0.660390, 0.883030, -0.712319, -0.196877
0.660857, 0.782053, -0.636674, -0.347675
0.660903, 0.338535, 0.353624, -0.350982
0.661023, 0.183090, 0.784137, -0.145140
0.661026, 0.313283, 0.435380, -0.313773
0.661259, 0.265583, 0.579774, -0.246472
0.661686, 0.936445, -0.731455, -0.108878
0.661948, 0.291952, 0.500697, -0.285124
0.662173, 0.846616, -0.688639, -0.255341
0.662315, 0.195228, 0.756946, -0.161056
0.662331, 0.677900, -0.504211, -0.466590
0.662333, 0.453152, -0.007388, -0.492792
0.662732, 0.372635, 0.239117, -0.406483
0.662795, 0.171237, 0.805813, -0.136449
0.662967, 0.055475, 0.955162, -0.037907
0.663116, 0.523611, -0.195383, -0.527229
0.663233, 0.800412, -0.650667, -0.324538
0.663266, 0.158101, 0.829914, -0.123868
0.663350, 0.988152, -0.736994, -0.020507
0.663402, 0.253398, 0.611061, -0.235811
0.663438, 0.621421, -0.407282, -0.508764
0.663481, 0.418006, 0.094834, -0.464663
0.663666, 0.069685, 0.944621, -0.048574
0.663682, 0.710332, -0.549771, -0.437211
0.663798, 0.659518, -0.473837, -0.484168
0.663960, 0.949634, -0.730681, -0.086969
0.663985, 0.240109, 0.646295, -0.219418
0.664095, 0.487987, -0.104455, -0.518708
0.664240, 0.963832, -0.733252, -0.062620
0.664433, 0.587708, -0.340511, -0.525201
0.664537, 0.811822, -0.658802, -0.309177
0.664731, 0.361009, 0.274097, -0.396574
0.664776, 0.021787, 0.968718, -0.015191
0.665220, 0.744389, -0.590782, -0.400476
0.665266, 0.764061, -0.612532, -0.375804
0.665341, 0.000000, 0.971008, 0.000000
0.665458, 0.146065, 0.848562, -0.115887
0.665514, 0.465512, -0.044417, -0.510470
0.665545, 0.403772, 0.136501, -0.455301
0.665705, 0.545090, -0.246897, -0.535127
0.665864, 0.649433, -0.455584, -0.495257
0.666077, 0.081621, 0.932171, -0.059955
0.666163, 0.206713, 0.726493, -0.182852
0.666165, 0.565524, -0.292962, -0.534357
0.666262, 0.043314, 0.959694, -0.031008
0.666587, 0.348599, 0.311806, -0.384357
0.666706, 0.094613, 0.918519, -0.071242
0.666812, 0.430365, 0.055317, -0.486802
0.666841, 0.689247, -0.516951, -0.462821
0.667007, 0.859844, -0.689447, -0.237677
0.667102, 0.721631, -0.560881, -0.429426
0.667549, 0.511438, -0.166310, -0.535867
0.667610, 0.282328, 0.521385, -0.288453
0.667907, 0.133081, 0.866868, -0.107278
0.667983, 0.632585, -0.424937, -0.510466
0.667995, 0.599858, -0.363692, -0.527863
0.668018, 0.823738, -0.663054, -0.294338
0.668188, 0.107257, 0.902518, -0.083770
0.668239, 0.303975, 0.453962, -0.322734
0.668728, 0.874581, -0.694576, -0.214824
0.668872, 0.119907, 0.885237, -0.096244
0.669021, 0.217780, 0.696422, -0.203433
0.669580, 0.476665, -0.077095, -0.528061
0.669611, 0.902173, -0.706462, -0.169498
0.669624, 0.889269, -0.700451, -0.191115
0.669677, 0.391789, 0.169262, -0.454010
0.669765, 0.976513, -0.725233, -0.041244
0.669793, 0.774937, -0.617643, -0.366047
0.669820, 0.330030, 0.367908, -0.367231
0.669914, 1.000000, -0.726186, 0.000000
0.669999, 0.914868, -0.710658, -0.148114
0.670050, 0.789620, -0.631268, -0.346014
0.670166, 0.668713, -0.483225, -0.486742
0.670352, 0.229782, 0.664456, -0.222552
0.670557, 0.442358, 0.017382, -0.508186
0.670797, 0.533970, -0.221186, -0.546914
0.671009, 0.700717, -0.528903, -0.457135
0.671165, 0.271810, 0.547441, -0.283636
0.671199, 0.835674, -0.666885, -0.278416
0.671267, 0.928014, -0.713029, -0.126019
0.671322, 0.031574, 0.961027, -0.024272
0.671609, 0.576830, -0.315950, -0.543466
0.671720, 0.010436, 0.965834, -0.008013
0.671837, 0.317517, 0.405146, -0.354394
0.671906, 0.611647, -0.384423, -0.529731
0.671986, 0.499334, -0.137255, -0.543825
0.672078, 0.733991, -0.570262, -0.421161
0.672299, 0.754481, -0.593234, -0.395749
0.672455, 0.188766, 0.759012, -0.175393
0.672519, 0.063821, 0.941994, -0.050833
0.673079, 0.380460, 0.200770, -0.450468
0.673438, 0.555034, -0.268952, -0.551962
0.673516, 0.410877, 0.106594, -0.487645
0.673548, 0.178039, 0.780293, -0.165039
0.673734, 0.941319, -0.711985, -0.103558
0.673833, 0.165242, 0.805250, -0.150938
0.673936, 0.260368, 0.576349, -0.275107
0.673940, 0.847226, -0.670492, -0.262080
0.673997, 0.454290, -0.018857, -0.526880
0.674208, 0.643232, -0.439078, -0.513904
0.674390, 0.293075, 0.478367, -0.325209
0.674697, 0.247786, 0.610545, -0.258664
0.674812, 0.802008, -0.635295, -0.332261
0.675062, 0.341165, 0.323657, -0.401095
0.675129, 0.368674, 0.235371, -0.441260
0.675155, 0.954512, -0.712592, -0.080683
0.675283, 0.522110, -0.193794, -0.556745
0.675467, 0.052438, 0.947302, -0.043217
0.675620, 0.152945, 0.826038, -0.140350
0.675687, 0.199372, 0.731381, -0.195646
0.675800, 0.680039, -0.495076, -0.484826
0.675927, 0.988781, -0.714994, -0.020010
0.675966, 0.355758, 0.275441, -0.425699
0.675994, 0.421572, 0.072381, -0.505905
0.675999, 0.589341, -0.339885, -0.548118
0.676060, 0.487770, -0.109258, -0.550282
0.676594, 0.623176, -0.402730, -0.531600
0.676693, 0.656957, -0.459373, -0.507046
0.676965, 0.088622, 0.915887, -0.076677
0.677172, 0.813942, -0.641712, -0.316219
0.677209, 0.075331, 0.928660, -0.064618
0.677391, 0.712382, -0.537377, -0.452853
0.677396, 0.966367, -0.710857, -0.060063
0.677525, 0.140338, 0.845458, -0.129812
0.677705, 0.465541, -0.051864, -0.544120
0.678257, 0.020121, 0.958714, -0.017147
0.678328, 0.857656, -0.669461, -0.247970
0.678464, 0.236555, 0.635420, -0.252745
0.678473, 0.869021, -0.675862, -0.229176
0.678483, 0.399349, 0.136496, -0.490175
0.678565, 0.723730, -0.550144, -0.441234
0.678657, 0.101158, 0.900111, -0.090720
0.678725, 0.765774, -0.596497, -0.387394
0.678881, 0.743755, -0.572959, -0.416761
0.678887, 0.565791, -0.290932, -0.561559
0.678968, 0.544303, -0.244670, -0.565435
0.679025, 0.000000, 0.960534, 0.000000
0.679294, 0.781043, -0.610301, -0.366581
0.679307, 0.041125, 0.950256, -0.035576
0.679310, 0.432666, 0.037695, -0.525551
0.679389, 0.127156, 0.864144, -0.118546
0.679507, 0.305326, 0.431952, -0.359916
0.679513, 0.510139, -0.165946, -0.565271
0.679620, 0.881809, -0.680474, -0.208287
0.679772, 0.210642, 0.699256, -0.220302
0.679784, 0.114190, 0.882247, -0.105485
0.679797, 0.281570, 0.504945, -0.323982
0.679891, 0.690769, -0.506087, -0.479820
0.680098, 0.601525, -0.361418, -0.550444
0.680444, 0.825946, -0.645573, -0.300132
0.680817, 0.894642, -0.684162, -0.186973
0.680864, 0.222864, 0.667471, -0.239849
0.681118, 0.907123, -0.688786, -0.165511
0.681570, 0.327497, 0.357868, -0.401135
0.681585, 0.634064, -0.418132, -0.532817
0.681588, 0.919684, -0.692269, -0.143689
0.681810, 0.669767, -0.474132, -0.503256
0.682129, 0.476405, -0.082757, -0.561401
0.682682, 0.978619, -0.702320, -0.038677
0.682784, 0.444003, 0.003435, -0.544247
0.682836, 0.932557, -0.694105, -0.121329
0.683048, 0.702173, -0.517905, -0.471734
0.683073, 1.000000, -0.702735, 0.000000
0.683146, 0.578653, -0.316067, -0.566385
0.683198, 0.532497, -0.218299, -0.575654
0.683202, 0.792779, -0.615196, -0.353002
0.683346, 0.388225, 0.165033, -0.492136
0.683444, 0.315623, 0.392996, -0.388563
0.683622, 0.837876, -0.648686, -0.283330
0.683779, 0.173866, 0.776245, -0.180559
0.683932, 0.063620, 0.931793, -0.059304
0.683942, 0.269290, 0.535108, -0.317068
0.684159, 0.498408, -0.138715, -0.574202
0.684335, 0.188235, 0.744971, -0.200630
0.684442, 0.029783, 0.950617, -0.027385
0.684460, 0.613587, -0.380952, -0.551614
0.684935, 0.409896, 0.098512, -0.520891
0.685266, 0.256092, 0.571180, -0.300650
0.685267, 0.754115, -0.575624, -0.409911
0.685346, 0.646794, -0.435992, -0.529080
0.685501, 0.350767, 0.277869, -0.448959
0.685635, 0.160817, 0.799474, -0.168052
0.685641, 0.338490, 0.316774, -0.431148
0.685698, 0.732822, -0.552003, -0.438373
0.685775, 0.009717, 0.953959, -0.009083
0.685796, 0.377030, 0.196102, -0.485915
0.685855, 0.945826, -0.691664, -0.098297
0.685894, 0.294660, 0.455061, -0.362845
0.686139, 0.364186, 0.235167, -0.469995
0.686403, 0.455160, -0.029111, -0.561570
0.687066, 0.554793, -0.266046, -0.581366
0.687132, 0.804855, -0.619162, -0.338006
0.687246, 0.849296, -0.650078, -0.266954
0.687342, 0.083546, 0.910777, -0.082268
0.687465, 0.520325, -0.190909, -0.585287
0.687485, 0.148055, 0.820773, -0.155480
0.687600, 0.243746, 0.602142, -0.287916
0.687652, 0.773693, -0.591387, -0.384845
0.687665, 0.051539, 0.936593, -0.049956
0.687675, 0.421578, 0.062134, -0.540003
0.687692, 0.200529, 0.712378, -0.224660
0.687762, 0.591010, -0.338001, -0.570059
0.688106, 0.487014, -0.112032, -0.580775
0.688129, 0.957351, -0.689797, -0.077866
0.688526, 0.659131, -0.452259, -0.523251
0.689089, 0.134943, 0.840866, -0.142387
0.689372, 0.989991, -0.690734, -0.018385
0.689412, 0.682258, -0.484418, -0.501701
0.689422, 0.095058, 0.895998, -0.096979
0.689675, 0.230029, 0.635847, -0.272802
0.689703, 0.862030, -0.653083, -0.247054
0.689730, 0.720048, -0.532109, -0.458905
0.689832, 0.816928, -0.624338, -0.321176
0.690054, 0.107784, 0.879618, -0.112043
0.690133, 0.625301, -0.397436, -0.553598
0.690141, 0.969056, -0.688036, -0.056831
0.690165, 0.568190, -0.292799, -0.584066
0.690305, 0.874475, -0.658753, -0.225990
0.690382, 0.282933, 0.483746, -0.357865
0.690420, 0.465989, -0.059747, -0.578154
0.690894, 0.121388, 0.860061, -0.128602
0.691026, 0.397929, 0.127581, -0.526426
0.691135, 0.073346, 0.916556, -0.074906
0.691317, 0.433499, 0.026099, -0.560170
0.691393, 0.215478, 0.670753, -0.255297
0.691506, 0.542671, -0.239992, -0.593103
0.691543, 0.886856, -0.662417, -0.205077
0.691690, 0.709210, -0.516822, -0.474541
0.691768, 0.508273, -0.163668, -0.594295
0.691991, 0.039818, 0.938844, -0.040470
0.692019, 0.742255, -0.554099, -0.432959
0.692139, 0.603419, -0.358336, -0.571403
0.692326, 0.019118, 0.945810, -0.019513
0.692444, 0.899254, -0.665894, -0.183624
0.692450, 0.694800, -0.497840, -0.492174
0.692627, 0.305797, 0.409357, -0.401895
0.692642, 0.763445, -0.574665, -0.404289
0.692706, 0.911558, -0.669984, -0.161800
0.692809, 0.784806, -0.593858, -0.373143
0.692953, 0.671150, -0.465462, -0.518125
0.693047, 0.829019, -0.627613, -0.303972
0.693153, 0.924042, -0.673024, -0.139450
0.693185, 0.181148, 0.748061, -0.210193
0.693228, 0.000000, 0.947072, 0.000000
0.693539, 0.319349, 0.365229, -0.426511
0.693896, 0.637241, -0.413875, -0.550460
0.694201, 0.936856, -0.674700, -0.116459
0.694551, 0.331054, 0.327136, -0.448189
0.695052, 0.476157, -0.087697, -0.594409
0.695066, 0.580344, -0.314548, -0.588844
0.695121, 0.445368, -0.008511, -0.578917
0.695301, 0.168829, 0.771089, -0.197083
0.695311, 0.530158, -0.212785, -0.602769
0.695348, 0.273512, 0.503910, -0.357663
0.696028, 0.061089, 0.921107, -0.065786
0.696052, 0.410289, 0.086619, -0.553658
0.696055, 0.262280, 0.535961, -0.341189
0.696065, 0.358160, 0.240576, -0.492654
0.696078, 0.344783, 0.281611, -0.473572
0.696172, 0.980788, -0.677708, -0.035766
0.696412, 0.372204, 0.197554, -0.512367
0.696510, 0.796085, -0.597724, -0.359008
0.696524, 0.840966, -0.629515, -0.286443
0.696691, 0.386010, 0.156435, -0.530007
0.696828, 0.496478, -0.137386, -0.604498
0.696848, 0.615715, -0.376512, -0.571606
0.696998, 0.650356, -0.431412, -0.543938
0.697029, 1.000000, -0.676904, 0.000000
0.697302, 0.028629, 0.938035, -0.030713
0.697497, 0.204395, 0.688449, -0.253805
0.697702, 0.250792, 0.566173, -0.327233
0.697707, 0.156580, 0.791541, -0.185285
0.697726, 0.292831, 0.441270, -0.396417
0.697959, 0.729408, -0.532276, -0.456319
0.698396, 0.751979, -0.555348, -0.426141
0.698426, 0.191566, 0.717536, -0.236324
0.698617, 0.559781, -0.273921, -0.603860
0.698898, 0.238203, 0.599253, -0.309998
0.699143, 0.853530, -0.632560, -0.266677
0.699198, 0.144596, 0.811766, -0.171405
0.699222, 0.457110, -0.041449, -0.596520
0.699250, 0.422768, 0.049324, -0.573672
0.699463, 0.592838, -0.335403, -0.590634
0.699571, 0.085117, 0.895417, -0.096630
0.699587, 0.949592, -0.667550, -0.094186
0.699593, 0.808288, -0.602296, -0.342157
0.699709, 0.517528, -0.185118, -0.612975
0.700215, 0.048631, 0.925049, -0.054520
0.700278, 0.774691, -0.573833, -0.394881
0.700452, 0.010841, 0.938690, -0.012045
0.700509, 0.485727, -0.113010, -0.610878
0.700514, 0.224886, 0.632250, -0.292929
0.700520, 0.132742, 0.830032, -0.157799
0.700736, 0.098204, 0.878922, -0.113949
0.700871, 0.866448, -0.636346, -0.245246
0.701010, 0.662595, -0.445379, -0.538077
0.701015, 0.960967, -0.666612, -0.073183
0.701067, 0.110503, 0.862863, -0.129634
0.701396, 0.549965, -0.253149, -0.612158
0.701543, 0.702916, -0.497330, -0.494016
0.701972, 0.688104, -0.478371, -0.511887
0.702380, 0.879101, -0.639894, -0.223585
0.702492, 0.820447, -0.606388, -0.324460
0.702530, 0.399088, 0.112509, -0.561197
0.702576, 0.121636, 0.844695, -0.146377
0.702613, 0.716942, -0.512420, -0.477793
0.702757, 0.676576, -0.462658, -0.525870
0.702782, 0.971764, -0.664484, -0.053203
0.702906, 0.071768, 0.904613, -0.083605
0.702976, 0.570332, -0.292551, -0.608340
0.703254, 0.628135, -0.391948, -0.572705
0.703297, 0.435191, 0.013079, -0.594037
0.703624, 0.891282, -0.642934, -0.202297
0.703818, 0.312719, 0.369512, -0.447973
0.703933, 0.990193, -0.663685, -0.018522
0.704021, 0.282807, 0.461325, -0.398910
0.704082, 0.504918, -0.157513, -0.622353
0.704096, 0.468468, -0.072147, -0.614018
0.704107, 0.605160, -0.354021, -0.591123
0.704192, 0.903347, -0.646403, -0.180620
0.704260, 0.915486, -0.650340, -0.158415
0.704380, 0.538665, -0.229564, -0.620864
0.704417, 0.178572, 0.737016, -0.230753
0.704521, 0.740171, -0.534806, -0.448728
0.704609, 0.300871, 0.404913, -0.430948
0.704662, 0.927592, -0.652976, -0.136128
0.704683, 0.212972, 0.656154, -0.284502
0.704936, 0.762323, -0.555841, -0.417500
0.705108, 0.641789, -0.411320, -0.563809
0.705166, 0.036508, 0.925764, -0.042912
0.705260, 0.337223, 0.291717, -0.490879
0.705425, 0.324453, 0.331069, -0.471903
0.705488, 0.939518, -0.654155, -0.114105
0.705772, 0.832616, -0.608864, -0.306255
0.705975, 0.786534, -0.575278, -0.381531
0.706164, 0.364586, 0.208055, -0.532015
0.706214, 0.350882, 0.249012, -0.513669
0.706838, 0.000000, 0.931988, 0.000000
0.706952, 0.165928, 0.760072, -0.216381
0.706996, 0.582512, -0.313021, -0.609938
0.707044, 0.270357, 0.493497, -0.387095
0.707102, 0.377919, 0.168042, -0.551281
0.707240, 0.412183, 0.071802, -0.586790
0.707382, 0.447348, -0.020796, -0.612280
0.707423, 0.022261, 0.928021, -0.026892
0.707552, 0.526755, -0.204650, -0.629426
0.707669, 0.058493, 0.909349, -0.071411
0.708576, 0.617008, -0.370197, -0.589900
0.708616, 0.199481, 0.682613, -0.272882
0.708719, 0.845178, -0.611323, -0.286471
0.708741, 0.258526, 0.525281, -0.371705
0.708897, 0.799280, -0.580672, -0.363593
0.709248, 0.246665, 0.558243, -0.352639
0.709315, 0.653934, -0.424823, -0.558331
0.709520, 0.479006, -0.099390, -0.630680
0.709813, 0.389943, 0.130927, -0.572538
0.709974, 0.153316, 0.779965, -0.203750
0.710047, 0.234020, 0.591905, -0.333211
0.710281, 0.492191, -0.129859, -0.635148
0.710502, 0.729012, -0.515143, -0.470392
0.710779, 0.857897, -0.614707, -0.265308
0.710815, 0.424938, 0.034844, -0.606754
0.711049, 0.980615, -0.649640, -0.037112
0.711055, 0.750478, -0.535657, -0.440496
0.711067, 0.695162, -0.476356, -0.514800
0.711230, 0.141536, 0.800040, -0.188208
0.711243, 0.080650, 0.885605, -0.102813
0.711269, 1.000000, -0.650167, 0.000000
0.711352, 0.594676, -0.331576, -0.610379
0.711573, 0.092499, 0.871639, -0.119375
0.711721, 0.667826, -0.441314, -0.547202
0.711757, 0.187587, 0.705701, -0.260309
0.711823, 0.772927, -0.554838, -0.407615
0.711911, 0.559567, -0.268606, -0.629627
0.711914, 0.459223, -0.052469, -0.629497
0.711926, 0.514403, -0.178693, -0.639860
0.712008, 0.811825, -0.584642, -0.345290
0.712193, 0.870719, -0.618427, -0.243122
0.712394, 0.291678, 0.420229, -0.439548
0.712442, 0.957173, -0.644609, -0.082084
0.712574, 0.046157, 0.911463, -0.058858
0.712583, 0.104778, 0.855169, -0.137313
0.712584, 0.707935, -0.489372, -0.500611
0.712864, 0.129161, 0.818440, -0.172845
0.712962, 0.221443, 0.620383, -0.319631
0.713542, 0.116251, 0.837488, -0.155232
0.713684, 0.010984, 0.922851, -0.014074
0.714076, 0.635524, -0.394084, -0.582781
0.714154, 0.547524, -0.245072, -0.638275
0.714193, 0.681140, -0.455624, -0.535451
0.714312, 0.968748, -0.642178, -0.060161
0.714348, 0.572226, -0.290809, -0.628402
0.714394, 0.946326, -0.638784, -0.103059
0.714686, 0.402479, 0.091608, -0.598598
0.714706, 0.883748, -0.619837, -0.220554
0.714806, 0.067765, 0.892889, -0.088926
0.714943, 0.305990, 0.372149, -0.471168
0.715085, 0.824197, -0.587783, -0.326496
0.715148, 0.719433, -0.498617, -0.488260
0.715369, 0.437559, -0.000685, -0.627092
0.715728, 0.908189, -0.626865, -0.175596
0.715742, 0.502632, -0.153652, -0.648261
0.715791, 0.342799, 0.260036, -0.531113
0.715811, 0.895822, -0.622492, -0.198688
0.715818, 0.920655, -0.630411, -0.152198
0.715878, 0.329979, 0.298086, -0.512381
0.716075, 0.279162, 0.451537, -0.428952
0.716091, 0.356753, 0.218389, -0.551224
0.716282, 0.032865, 0.913329, -0.043199
0.716307, 0.933217, -0.632602, -0.128481
0.716397, 0.174987, 0.725728, -0.250873
0.716464, 0.605343, -0.345676, -0.611459
0.716484, 0.317378, 0.335510, -0.494639
0.716507, 0.208546, 0.647408, -0.306578
0.716777, 0.535418, -0.220919, -0.646844
0.717202, 0.369646, 0.180142, -0.570725
0.717269, 0.761748, -0.536689, -0.429372
0.717375, 0.782275, -0.553720, -0.397456
0.717720, 0.626307, -0.377071, -0.596396
0.717731, 0.738728, -0.514781, -0.464028
0.717769, 0.470320, -0.080929, -0.647576
0.718054, 0.836770, -0.590306, -0.306522
0.718455, 0.989519, -0.636109, -0.020322
0.718611, 0.162509, 0.748711, -0.234526
0.718644, 0.645736, -0.404269, -0.579561
0.718782, 0.585564, -0.311876, -0.628783
0.718906, 0.415092, 0.054456, -0.620746
0.719076, 0.266772, 0.482939, -0.416206
0.719165, 0.792946, -0.559093, -0.381541
0.719429, 0.522800, -0.195357, -0.654692
0.719516, 0.381798, 0.143610, -0.591212
0.719760, 0.449701, -0.033014, -0.644532
0.720184, 0.056072, 0.894486, -0.077315
0.720326, 0.658543, -0.419740, -0.568541
0.720331, 0.000000, 0.914887, 0.000000
0.720337, 0.243135, 0.548488, -0.377385
0.720417, 0.615625, -0.358838, -0.609596
0.720777, 0.849506, -0.592582, -0.285470
0.720928, 0.482892, -0.110168, -0.657664
0.720934, 0.021486, 0.910889, -0.029626
0.721150, 0.254614, 0.514510, -0.400459
0.721164, 0.196056, 0.669593, -0.297050
0.721273, 0.690930, -0.458898, -0.532126
0.721440, 0.230203, 0.582094, -0.357267
0.721861, 0.804427, -0.562966, -0.364459
0.722417, 0.862097, -0.595971, -0.263552
0.722451, 0.427632, 0.019682, -0.638973
0.722588, 0.137036, 0.790455, -0.201055
0.722698, 0.149659, 0.767113, -0.221704
0.722709, 0.298241, 0.382779, -0.481712
0.722777, 0.393763, 0.107740, -0.612480
0.722835, 0.076463, 0.873516, -0.108635
0.723214, 0.493982, -0.134828, -0.663976
0.723252, 0.087523, 0.860688, -0.125756
0.723256, 0.671343, -0.432866, -0.558019
0.723316, 0.750289, -0.517389, -0.452213
0.723326, 0.874883, -0.599946, -0.240476
0.723377, 0.702473, -0.469326, -0.519800
0.723489, 0.099731, 0.845759, -0.144183
0.723860, 0.123283, 0.811127, -0.181390
0.724337, 0.043615, 0.896949, -0.062089
0.724383, 0.564666, -0.272582, -0.650179
0.724502, 0.509394, -0.167799, -0.666783
0.724559, 0.977787, -0.623889, -0.043568
0.724764, 0.816326, -0.566048, -0.346160
0.724784, 0.596561, -0.325846, -0.631269
0.724802, 0.184248, 0.691206, -0.284264
0.724908, 0.460956, -0.061647, -0.661353
0.724926, 0.217484, 0.609462, -0.343744
0.725005, 0.553854, -0.252944, -0.656295
0.725155, 0.964424, -0.621158, -0.069799
0.725161, 1.000000, -0.623648, 0.000000
0.725199, 0.727652, -0.493134, -0.487207
0.725271, 0.286946, 0.412357, -0.470062
0.725367, 0.714327, -0.479392, -0.506076
0.725422, 0.772610, -0.533121, -0.419304
0.725453, 0.348549, 0.229830, -0.567598
0.725470, 0.111567, 0.826182, -0.165503
0.725471, 0.576644, -0.292879, -0.645522
0.725520, 0.952885, -0.618874, -0.092358
0.726280, 0.940358, -0.615305, -0.116911
0.726538, 0.334860, 0.268483, -0.551462
0.726984, 0.914069, -0.607463, -0.167905
0.727012, 0.926946, -0.610767, -0.143113
0.727085, 0.542645, -0.231697, -0.664505
0.727221, 0.323041, 0.301650, -0.535710
0.727236, 0.010569, 0.904443, -0.015387
0.727239, 0.406060, 0.071425, -0.635373
0.727283, 0.901454, -0.603038, -0.192117
0.727287, 0.361207, 0.191946, -0.589222
0.727355, 0.888611, -0.598593, -0.216577
0.727564, 0.828557, -0.568817, -0.326579
0.727670, 0.440295, -0.014716, -0.659369
0.727672, 0.635415, -0.380887, -0.602337
0.727722, 0.309696, 0.340394, -0.516027
0.728084, 0.066095, 0.875249, -0.097958
0.728302, 0.682232, -0.439984, -0.551118
0.728574, 0.275174, 0.441350, -0.458984
0.728789, 0.172485, 0.710090, -0.273004
0.728835, 0.530762, -0.209047, -0.671556
0.728850, 0.205058, 0.634114, -0.330997
0.729052, 0.031975, 0.895702, -0.047341
0.729274, 0.373248, 0.156412, -0.608973
0.729332, 0.762100, -0.518372, -0.439209
0.729707, 0.609442, -0.342063, -0.628944
0.729722, 0.648772, -0.396844, -0.591425
0.729791, 0.160998, 0.732738, -0.254685
0.729859, 0.784102, -0.534916, -0.404132
0.729987, 0.474076, -0.092977, -0.676505
0.730272, 0.841032, -0.571031, -0.305786
0.730376, 0.739355, -0.496803, -0.475101
0.730501, 0.518453, -0.185141, -0.677575
0.730521, 0.622616, -0.360501, -0.618552
0.730565, 0.239147, 0.540736, -0.398638
0.730901, 0.418348, 0.037546, -0.654079
0.731253, 0.262906, 0.472217, -0.444634
0.731619, 0.990206, -0.610699, -0.019484
0.731684, 0.661371, -0.410782, -0.580006
0.731877, 0.500399, -0.149043, -0.682456
0.731899, 0.795993, -0.540209, -0.385716
0.732019, 0.385302, 0.121178, -0.629204
0.732236, 0.586517, -0.304819, -0.650357
0.732380, 0.054429, 0.877653, -0.083573
0.732754, 0.129677, 0.786087, -0.206311
0.732874, 0.450616, -0.040849, -0.676247
0.733044, 0.853518, -0.572499, -0.284440
0.733121, 0.226984, 0.569129, -0.382769
0.733544, 0.694078, -0.446716, -0.541950
0.733605, 0.250487, 0.503342, -0.428169
0.733665, 0.877928, -0.581568, -0.238993
0.733799, 0.486536, -0.119943, -0.686318
0.733902, 0.431096, 0.004288, -0.669522
0.734019, 0.092618, 0.838249, -0.146009
0.734030, 0.000000, 0.895112, 0.000000
0.734035, 0.865417, -0.576125, -0.262773
0.734081, 0.141870, 0.762383, -0.229563
0.734112, 0.192350, 0.655041, -0.321140
0.734218, 0.297220, 0.366491, -0.514361
0.734503, 0.020904, 0.891263, -0.032519
0.734554, 0.078602, 0.852924, -0.123974
0.734567, 0.808002, -0.543722, -0.366886
0.735411, 0.340727, 0.238861, -0.585396
0.735447, 0.397605, 0.086132, -0.649674
0.735578, 0.750956, -0.499161, -0.462007
0.735701, 0.572609, -0.279969, -0.665119
0.735758, 0.706501, -0.456963, -0.527625
0.736002, 0.105256, 0.817898, -0.169995
0.736048, 0.600772, -0.323809, -0.645481
0.736166, 0.969532, -0.600230, -0.060882
0.736193, 0.463261, -0.070761, -0.687944
0.736262, 0.719074, -0.468894, -0.510436
0.736285, 0.673607, -0.420126, -0.571080
0.736326, 0.152902, 0.737328, -0.253497
0.736747, 0.042788, 0.878601, -0.067875
0.736865, 0.560647, -0.259372, -0.673954
0.737052, 0.352144, 0.204945, -0.605279
0.737137, 0.981253, -0.598955, -0.037530
0.737157, 0.214696, 0.593788, -0.370248
0.737266, 0.820254, -0.546640, -0.347018
0.737302, 0.118385, 0.796428, -0.194228
0.737302, 0.946888, -0.595134, -0.106132
0.737315, 0.933888, -0.592417, -0.131905
0.737473, 0.317560, 0.302158, -0.557092
0.737543, 0.285215, 0.395834, -0.503221
0.737937, 0.958329, -0.595394, -0.083430
0.737982, 0.920778, -0.588037, -0.157876
0.738060, 0.549299, -0.239370, -0.681664
0.738128, 0.180310, 0.675749, -0.307531
0.738569, 0.774299, -0.513123, -0.426820
0.738665, 0.908610, -0.583312, -0.181860
0.738780, 0.896184, -0.579679, -0.206190
0.738786, 0.730600, -0.476144, -0.495928
0.739176, 0.536879, -0.217114, -0.688829
0.739211, 0.363663, 0.171239, -0.625282
0.739225, 0.510614, -0.168554, -0.696144
0.739320, 0.640964, -0.376462, -0.612327
0.739497, 1.000000, -0.594996, 0.000000
0.739660, 0.328959, 0.266462, -0.580754
0.739778, 0.066308, 0.856420, -0.108618
0.739826, 0.628604, -0.359831, -0.625728
0.739848, 0.410564, 0.050403, -0.671112
0.739883, 0.832737, -0.549176, -0.326102
0.740294, 0.762798, -0.501399, -0.447049
0.740408, 0.524196, -0.193769, -0.695272
0.740523, 0.272877, 0.426298, -0.489617
0.740716, 0.202209, 0.618750, -0.355050
0.740870, 0.306725, 0.328179, -0.549604
0.741017, 0.010314, 0.883253, -0.016903
0.741131, 0.166871, 0.699675, -0.289019
0.741157, 0.614385, -0.338990, -0.641138
0.741278, 0.375181, 0.138671, -0.643537
0.741487, 0.238205, 0.522551, -0.426929
0.741625, 0.684539, -0.425663, -0.563286
0.741714, 0.885205, -0.569005, -0.228172
0.741785, 0.652723, -0.388630, -0.602436
0.741837, 0.439687, -0.019692, -0.692654
0.741879, 0.787017, -0.516979, -0.407996
0.742069, 0.031365, 0.875424, -0.051883
0.742158, 0.424390, 0.015802, -0.685601
0.742372, 0.591555, -0.305227, -0.662338
0.742444, 0.475659, -0.098324, -0.703722
0.742519, 0.845437, -0.550899, -0.304071
0.742558, 0.497718, -0.143179, -0.704317
0.743130, 0.260329, 0.457420, -0.473835
0.743402, 0.664757, -0.401196, -0.590180
0.743532, 0.131676, 0.763452, -0.228102
0.743676, 0.742376, -0.479118, -0.482257
0.743949, 0.086486, 0.828570, -0.147457
0.744036, 0.386785, 0.106373, -0.662115
0.744170, 0.451879, -0.047582, -0.702363
0.744335, 0.054198, 0.858300, -0.091904
0.744388, 0.799293, -0.521022, -0.388496
0.744412, 0.580171, -0.286076, -0.673919
0.744436, 0.225861, 0.550261, -0.410833
0.744474, 0.871595, -0.559086, -0.255543
0.745219, 0.697838, -0.434953, -0.549255
0.745657, 0.858404, -0.551387, -0.281282
0.745984, 0.487457, -0.122678, -0.711550
0.746216, 0.340339, 0.226123, -0.615098
0.746407, 0.098000, 0.809614, -0.171267
0.746574, 0.989545, -0.580781, -0.021245
0.746660, 0.248636, 0.483549, -0.461303
0.746726, 0.295107, 0.351840, -0.547003
0.746777, 0.143930, 0.735123, -0.256883
0.746983, 0.811544, -0.524094, -0.368404
0.747080, 0.398233, 0.075330, -0.679613
0.747225, 0.189640, 0.636393, -0.346657
0.747246, 0.464176, -0.075105, -0.712158
0.747405, 0.155692, 0.710821, -0.280791
0.747410, 0.975181, -0.577908, -0.050493
0.747621, 0.710709, -0.444385, -0.533529
0.747670, 0.567965, -0.264892, -0.687298
0.747737, 0.110769, 0.789337, -0.196318
0.747745, 0.603234, -0.317695, -0.660508
0.747788, 0.941014, -0.573131, -0.119766
0.747862, 0.000000, 0.872592, 0.000000
0.748003, 0.075966, 0.832670, -0.133211
0.748168, 0.020519, 0.868973, -0.035680
0.748230, 0.352514, 0.190648, -0.636288
0.748346, 0.927558, -0.569193, -0.146906
0.748559, 0.753910, -0.480889, -0.467958
0.748656, 0.721905, -0.453415, -0.518041
0.748988, 0.213491, 0.573681, -0.398290
0.749041, 0.042345, 0.858330, -0.074206
0.749217, 0.318127, 0.282939, -0.591428
0.749487, 0.543384, -0.224105, -0.704051
0.749552, 0.823858, -0.526594, -0.347574
0.749557, 0.283019, 0.381196, -0.533931
0.749781, 0.556157, -0.244752, -0.697843
0.749808, 0.175956, 0.662977, -0.325278
0.749991, 0.963873, -0.571884, -0.073723
0.750067, 0.903420, -0.559932, -0.195583
0.750167, 0.674586, -0.403897, -0.585549
0.750255, 0.636573, -0.359479, -0.630964
0.750256, 0.622986, -0.341908, -0.645158
0.750260, 0.915829, -0.562433, -0.170780
0.750325, 0.952857, -0.570130, -0.096201
0.750355, 0.122482, 0.766208, -0.222335
0.750575, 0.530422, -0.201655, -0.711532
0.750592, 0.517478, -0.178781, -0.715901
0.750882, 0.364808, 0.155715, -0.657578
0.750989, 0.766832, -0.486869, -0.448592
0.751049, 0.408686, 0.047033, -0.696954
0.751094, 0.506038, -0.157786, -0.719542
0.751264, 0.778877, -0.495298, -0.428506
0.751698, 0.419748, 0.020497, -0.705566
0.751797, 0.201797, 0.597654, -0.381729
0.751823, 0.734297, -0.459582, -0.501936
0.752053, 0.432660, -0.008379, -0.712804
0.752059, 0.836103, -0.528610, -0.326331
0.752238, 0.270176, 0.412614, -0.518049
0.752327, 0.892208, -0.550925, -0.218225
0.752425, 0.064529, 0.835802, -0.116614
0.752736, 0.647544, -0.369968, -0.621666
0.752740, 0.329263, 0.247487, -0.617612
0.752838, 0.306532, 0.309392, -0.583339
0.752895, 0.688573, -0.414966, -0.569875
0.753209, 0.376875, 0.122834, -0.676025
0.753219, 0.235940, 0.505619, -0.454497
0.753275, 0.660135, -0.383919, -0.607237
0.753463, 0.590982, -0.295503, -0.679109
0.753520, 0.880455, -0.545093, -0.241845
0.753625, 1.000000, -0.566831, 0.000000
0.754374, 0.791085, -0.498141, -0.409420
0.754515, 0.848219, -0.529699, -0.304581
0.754735, 0.444592, -0.035201, -0.723246
0.754742, 0.163504, 0.680066, -0.311316
0.754971, 0.010218, 0.859181, -0.018693
0.755001, 0.481473, -0.110674, -0.729535
0.755040, 0.611963, -0.322831, -0.662462
0.755203, 0.030957, 0.852664, -0.056781
0.755450, 0.135826, 0.733226, -0.257002
0.755745, 0.258376, 0.438983, -0.505547
0.755759, 0.868117, -0.535993, -0.266886
0.755890, 0.223561, 0.533339, -0.436611
0.755931, 0.087822, 0.804936, -0.164052
0.755982, 0.470886, -0.090196, -0.731175
0.756001, 0.456172, -0.059930, -0.728987
0.756218, 0.578961, -0.275996, -0.692633
0.756243, 0.495786, -0.137945, -0.730919
0.756299, 0.981479, -0.560251, -0.038187
0.756358, 0.388969, 0.090318, -0.694797
0.756772, 0.702499, -0.423233, -0.554082
0.756811, 0.052974, 0.836839, -0.098774
0.756924, 0.803242, -0.501275, -0.389370
0.757250, 0.341959, 0.207499, -0.647015
0.757338, 0.745743, -0.460227, -0.488246
0.757391, 0.102084, 0.783725, -0.193483
0.757641, 0.934558, -0.551652, -0.134646
0.758757, 0.293497, 0.335701, -0.578194
0.758976, 0.246370, 0.465666, -0.490880
0.758992, 0.184148, 0.625441, -0.362873
0.759036, 0.149757, 0.699467, -0.292136
0.759337, 0.858754, -0.524843, -0.286378
0.759392, 0.815490, -0.503875, -0.368450
0.759526, 0.567584, -0.256891, -0.705868
0.759568, 0.354699, 0.171951, -0.668630
0.759610, 0.631240, -0.342561, -0.648222
0.759921, 0.725464, -0.439333, -0.522499
0.760172, 0.400507, 0.060098, -0.712854
0.760262, 0.075488, 0.810305, -0.145046
0.760324, 0.195725, 0.594913, -0.390407
0.760536, 0.600606, -0.302550, -0.680506
0.760561, 0.547419, -0.225141, -0.720178
0.760606, 0.946403, -0.548199, -0.110979
0.760675, 0.535288, -0.205463, -0.726627
0.760692, 0.969882, -0.550438, -0.062422
0.760725, 0.757918, -0.463991, -0.470766
0.760812, 0.279959, 0.369563, -0.560062
0.760827, 0.113767, 0.759416, -0.221830
0.760856, 0.679724, -0.395153, -0.590070
0.761130, 0.714153, -0.427539, -0.540970
0.761208, 0.909785, -0.539430, -0.185937
0.761379, 0.522065, -0.182959, -0.733380
0.761425, 0.210305, 0.556311, -0.423565
0.761541, 0.991018, -0.550161, -0.018655
0.761556, 0.041508, 0.835925, -0.079837
0.761632, 0.923135, -0.541533, -0.158805
0.761678, 0.318357, 0.263756, -0.626035
0.761727, 0.000000, 0.847226, 0.000000
0.761926, 0.667405, -0.380878, -0.607540
0.761977, 0.020529, 0.843772, -0.039613
0.761997, 0.827766, -0.505584, -0.346946
0.762103, 0.771230, -0.471213, -0.449156
0.762313, 0.125580, 0.737449, -0.248214
0.762434, 0.509469, -0.161256, -0.739342
0.762574, 0.171927, 0.645676, -0.345412
0.762608, 0.413012, 0.030085, -0.726529
0.762670, 0.557670, -0.239908, -0.717245
0.762749, 0.367476, 0.136721, -0.690561
0.762762, 0.425488, 0.002715, -0.733284
0.763199, 0.898442, -0.531455, -0.209218
0.763432, 0.305364, 0.296060, -0.610525
0.763623, 0.619979, -0.324513, -0.665417
0.763926, 0.693576, -0.404568, -0.573771
0.763937, 0.958250, -0.543530, -0.086970
0.764155, 0.654192, -0.363769, -0.626768
0.764229, 0.783157, -0.475604, -0.429798
0.764397, 0.642081, -0.350032, -0.641553
0.764503, 0.840064, -0.507077, -0.324946
0.764564, 0.486689, -0.120577, -0.747590
0.764568, 0.437966, -0.024346, -0.742083
0.764638, 0.331457, 0.225533, -0.652469
0.764667, 0.463158, -0.075814, -0.747781
0.764847, 0.268421, 0.393788, -0.549879
0.764857, 0.063605, 0.812861, -0.125860
0.764970, 0.886501, -0.524573, -0.233811
0.765155, 0.379788, 0.104791, -0.708150
0.765199, 0.736989, -0.440533, -0.508669
0.765292, 0.588274, -0.281696, -0.697926
0.765364, 0.874899, -0.519587, -0.257124
0.765456, 0.233955, 0.486034, -0.483185
0.765947, 0.094763, 0.776233, -0.190396
0.766363, 0.221919, 0.515900, -0.460699
0.766519, 0.139279, 0.704062, -0.284383
0.767048, 0.795179, -0.478121, -0.410080
0.767213, 0.159884, 0.661740, -0.329659
0.767656, 0.450815, -0.051360, -0.751899
0.768115, 0.851762, -0.505194, -0.303858
0.768153, 0.256909, 0.418777, -0.536777
0.768289, 0.344679, 0.187227, -0.678908
0.768321, 0.475502, -0.099472, -0.755350
0.768438, 0.498316, -0.140779, -0.752766
0.768470, 1.000000, -0.535573, 0.000000
0.768824, 0.030605, 0.826594, -0.061978
0.768859, 0.609389, -0.305930, -0.682857
0.768875, 0.935309, -0.528818, -0.135206
0.768879, 0.576360, -0.262303, -0.712824
0.768943, 0.010859, 0.832264, -0.021960
0.769033, 0.392004, 0.073271, -0.727289
0.769039, 0.979966, -0.534050, -0.042069
0.769246, 0.083772, 0.783151, -0.171517
0.769336, 0.052113, 0.813039, -0.106238
0.769439, 0.807318, -0.480824, -0.389220
0.769695, 0.287268, 0.334276, -0.597174
0.770256, 0.704390, -0.405210, -0.563792
0.770483, 0.749060, -0.441177, -0.492981
0.770615, 0.202147, 0.557144, -0.429098
0.770676, 0.245852, 0.443564, -0.521539
0.770788, 0.357784, 0.152031, -0.700208
0.770853, 0.865176, -0.504753, -0.278348
0.770992, 0.105703, 0.750522, -0.220341
0.771162, 0.725631, -0.421748, -0.531603
0.771257, 0.914808, -0.520010, -0.178132
0.771261, 0.685162, -0.386062, -0.592655
0.771316, 0.630039, -0.328141, -0.663676
0.771329, 0.529842, -0.192273, -0.746478
0.771417, 0.542753, -0.212103, -0.739789
0.771477, 0.179614, 0.609037, -0.382056
0.771587, 0.763238, -0.449324, -0.469504
0.771633, 0.190073, 0.584243, -0.405444
0.771852, 0.819437, -0.482813, -0.367807
0.772106, 0.404493, 0.043319, -0.742723
0.772512, 0.297708, 0.301851, -0.622446
0.772638, 0.673301, -0.372638, -0.610595
0.772866, 0.947349, -0.523336, -0.110900
0.773036, 0.128853, 0.708771, -0.273739
0.773075, 0.597793, -0.287171, -0.699564
0.773123, 0.149378, 0.670350, -0.318896
0.773342, 0.565250, -0.243522, -0.727688
0.773395, 0.311266, 0.264946, -0.646335
0.773531, 0.072312, 0.786494, -0.152108
0.773571, 0.968515, -0.524066, -0.066455
0.773646, 0.518280, -0.172961, -0.755333
0.773682, 0.416668, 0.016499, -0.752769
0.773939, 0.116966, 0.727282, -0.248859
0.773959, 0.040636, 0.811408, -0.085199
0.773976, 0.323432, 0.233258, -0.665571
0.774114, 0.661470, -0.358763, -0.628000
0.774255, 0.428945, -0.009386, -0.759240
0.774283, 0.553808, -0.226803, -0.737171
0.774385, 0.276604, 0.354647, -0.590782
0.774397, 0.831910, -0.484044, -0.345161
0.774492, 0.775205, -0.452223, -0.450508
0.774535, 0.714793, -0.407594, -0.551610
0.774731, 0.371047, 0.116618, -0.723017
0.774778, 0.903417, -0.509389, -0.202323
0.774833, 0.214066, 0.518054, -0.465739
0.775180, 0.000000, 0.820233, 0.000000
0.775230, 0.507975, -0.155452, -0.761718
0.775230, 0.463961, -0.077958, -0.768250
0.775488, 0.925003, -0.513637, -0.157938
0.775554, 0.892133, -0.505255, -0.225814
0.775731, 0.989962, -0.520882, -0.021276
0.775994, 0.169133, 0.622496, -0.368831
0.776037, 0.487603, -0.120471, -0.768183
0.776280, 0.649686, -0.343812, -0.645381
0.776298, 0.022051, 0.814297, -0.046944
0.776453, 0.441420, -0.034986, -0.767454
0.776779, 0.619354, -0.309650, -0.681922
0.776841, 0.335685, 0.198992, -0.689157
0.776923, 0.878609, -0.497882, -0.253761
0.777158, 0.787241, -0.454922, -0.430510
0.777179, 0.383103, 0.087192, -0.739001
0.777319, 0.738317, -0.421638, -0.515831
0.777363, 0.639506, -0.331584, -0.659273
0.777483, 0.843871, -0.483689, -0.323423
0.777505, 0.585547, -0.267305, -0.716704
0.777628, 0.237521, 0.451489, -0.522951
0.777668, 0.225873, 0.481605, -0.498278
0.777761, 0.695023, -0.385670, -0.584301
0.777776, 0.264579, 0.380172, -0.577387
0.778097, 0.094261, 0.750610, -0.205352
0.778119, 0.060807, 0.787533, -0.131602
0.778321, 0.957958, -0.513917, -0.089348
0.779557, 0.348554, 0.164636, -0.711283
0.779658, 0.799395, -0.457420, -0.409654
0.779689, 0.856374, -0.484433, -0.299516
0.779996, 0.139059, 0.674775, -0.309034
0.780123, 0.756073, -0.429485, -0.487592
0.780158, 0.453351, -0.058406, -0.776681
0.780552, 0.476455, -0.100211, -0.777583
0.781134, 0.396162, 0.055513, -0.757280
0.781150, 0.936136, -0.503738, -0.135674
0.781220, 0.252233, 0.405599, -0.562406
0.781281, 0.158269, 0.633741, -0.355393
0.781403, 0.536453, -0.197020, -0.758441
0.781684, 0.607859, -0.290925, -0.700068
0.781730, 0.361820, 0.131250, -0.730530
0.781840, 0.082153, 0.757795, -0.182678
0.781961, 0.573442, -0.247822, -0.733014
0.782039, 0.498967, -0.138007, -0.775804
0.782100, 0.811239, -0.459201, -0.388674
0.782141, 0.011017, 0.804443, -0.024345
0.782183, 0.048477, 0.788272, -0.107534
0.782244, 0.979087, -0.506629, -0.044695
0.782287, 0.205682, 0.522600, -0.465937
0.782337, 0.287700, 0.311651, -0.631373
0.782390, 0.681871, -0.367055, -0.607859
0.782399, 0.193855, 0.551082, -0.439447
0.782609, 1.000000, -0.506316, 0.000000
0.782697, 0.727431, -0.404646, -0.537858
0.782871, 0.302176, 0.273748, -0.656636
0.783283, 0.912709, -0.494511, -0.185281
0.783545, 0.033940, 0.793549, -0.075892
0.783670, 0.181170, 0.577787, -0.413524
0.783764, 0.868437, -0.480725, -0.276741
0.783773, 0.105245, 0.723492, -0.237634
0.783938, 0.823821, -0.461944, -0.365457
0.784008, 0.524974, -0.178030, -0.768590
0.784341, 0.668778, -0.352124, -0.628265
0.784484, 0.629961, -0.312729, -0.678457
0.784540, 0.407470, 0.030270, -0.770977
0.784564, 0.547999, -0.211691, -0.755829
0.784604, 0.315801, 0.237407, -0.681519
0.784605, 0.419602, 0.005454, -0.776758
0.784667, 0.127416, 0.685042, -0.290692
0.784753, 0.704898, -0.383485, -0.575430
0.784919, 0.767480, -0.428633, -0.470773
0.785050, 0.596155, -0.273516, -0.716155
0.785735, 0.431967, -0.019077, -0.783215
0.785746, 0.887989, -0.482917, -0.237351
0.785862, 0.746866, -0.413360, -0.507558
0.785902, 0.116453, 0.700794, -0.267037
0.785972, 0.946951, -0.495631, -0.113594
0.786067, 0.716548, -0.390721, -0.557954
0.786205, 0.560686, -0.227687, -0.748950
0.786331, 0.274558, 0.338255, -0.618394
0.786461, 0.655759, -0.336691, -0.647990
0.786552, 0.070625, 0.759357, -0.161487
0.786726, 0.327576, 0.206181, -0.702865
0.786808, 0.465765, -0.081179, -0.789354
0.786900, 0.512125, -0.157154, -0.778991
0.786970, 0.778906, -0.432028, -0.451537
0.787171, 0.836433, -0.461173, -0.342112
0.787173, 0.968443, -0.495425, -0.067767
0.787261, 0.375206, 0.096379, -0.755231
0.787574, 0.147601, 0.640782, -0.343326
0.787709, 0.241943, 0.419151, -0.558210
0.787862, 0.923918, -0.487739, -0.162774
0.787991, 0.900402, -0.481919, -0.212202
0.788113, 0.488401, -0.119299, -0.788625
0.788267, 0.217013, 0.481033, -0.505902
0.788326, 0.387634, 0.068982, -0.766910
0.788403, 0.168942, 0.594225, -0.395560
0.788485, 0.000000, 0.791096, 0.000000
0.788837, 0.229672, 0.448023, -0.535204
0.788899, 0.339706, 0.175015, -0.723162
0.788920, 0.443467, -0.041248, -0.791760
0.789085, 0.022360, 0.786013, -0.051753
0.789182, 0.618344, -0.294593, -0.697158
0.789437, 0.642636, -0.319836, -0.668068
0.789481, 0.583973, -0.254640, -0.733234
0.789482, 0.691973, -0.365403, -0.599154
0.789543, 0.989479, -0.491719, -0.022693
0.789771, 0.791774, -0.434242, -0.429383
0.789939, 0.261892, 0.363839, -0.603885
0.790010, 0.848403, -0.460808, -0.319647
0.790116, 0.092065, 0.725990, -0.216042
0.790443, 0.058074, 0.761898, -0.135871
0.790652, 0.352465, 0.143852, -0.741443
0.791220, 0.736598, -0.397195, -0.528975
0.791342, 0.877791, -0.468386, -0.260135
0.791789, 0.957606, -0.485151, -0.091604
0.792167, 0.859251, -0.460248, -0.298351
0.792248, 0.294837, 0.277284, -0.668370
0.792479, 0.455102, -0.062498, -0.799353
0.792514, 0.364821, 0.114623, -0.757676
0.792668, 0.536859, -0.190577, -0.774590
0.792784, 0.803153, -0.434678, -0.409569
0.792811, 0.203617, 0.503686, -0.486906
0.792873, 0.758027, -0.408540, -0.492796
0.792920, 0.044666, 0.766383, -0.105872
0.792964, 0.477852, -0.101147, -0.798743
0.793193, 0.678399, -0.348245, -0.622522
0.793392, 0.934888, -0.477851, -0.140408
0.793507, 0.136326, 0.648063, -0.327645
0.793620, 0.308573, 0.241993, -0.693007
0.793758, 0.190769, 0.532096, -0.459193
0.793865, 0.500927, -0.137583, -0.794144
0.793873, 0.571568, -0.235325, -0.749968
0.793923, 0.815921, -0.438801, -0.385524
0.794342, 0.606494, -0.275836, -0.716227
0.794639, 0.156924, 0.604885, -0.379950
0.794803, 0.081088, 0.728910, -0.195205
0.794875, 0.522565, -0.169025, -0.786030
0.794883, 0.398253, 0.043187, -0.787296
0.795020, 0.250563, 0.382435, -0.594448
0.795022, 0.282668, 0.302511, -0.654850
0.795167, 0.010971, 0.774694, -0.026343
0.795176, 0.911992, -0.469688, -0.189573
0.795621, 0.422864, -0.005013, -0.799466
0.795653, 0.665124, -0.332936, -0.643752
0.795753, 0.725375, -0.381448, -0.550804
0.795758, 0.101362, 0.700300, -0.245823
0.795790, 0.828951, -0.441120, -0.360831
0.795803, 0.550132, -0.206091, -0.769761
0.795926, 0.411088, 0.017685, -0.795614
0.795946, 0.629998, -0.298924, -0.690510
0.796086, 0.978835, -0.477335, -0.046007
0.796439, 0.178901, 0.552907, -0.437115
0.796467, 1.000000, -0.477023, 0.000000
0.796610, 0.033085, 0.763791, -0.080205
0.796631, 0.594783, -0.260405, -0.731062
0.796784, 0.112818, 0.680246, -0.275732
0.797116, 0.712893, -0.370114, -0.572540
0.797288, 0.125046, 0.658731, -0.306793
0.797369, 0.890294, -0.459582, -0.235887
0.797465, 0.701246, -0.360603, -0.591432
0.797499, 0.320592, 0.208586, -0.719110
0.797910, 0.783081, -0.414198, -0.450081
0.798183, 0.770183, -0.406426, -0.474162
0.798217, 0.433407, -0.025384, -0.807177
0.798245, 0.652310, -0.317617, -0.664053
0.798352, 0.384237, 0.069359, -0.785600
0.798635, 0.068141, 0.733054, -0.167563
0.798663, 0.867927, -0.449879, -0.282736
0.798664, 0.945691, -0.468382, -0.118027
0.798706, 0.467244, -0.083147, -0.809686
0.798926, 0.270323, 0.325829, -0.642443
0.799268, 0.332420, 0.179507, -0.738306
0.799381, 0.237699, 0.405494, -0.578678
0.799507, 0.746664, -0.389674, -0.517231
0.799544, 0.225199, 0.435852, -0.552156
0.799574, 0.561266, -0.217509, -0.765878
0.799804, 0.842801, -0.438482, -0.334544
0.800056, 0.490098, -0.119126, -0.807266
0.800250, 0.345539, 0.149150, -0.755611
0.800297, 0.511257, -0.150234, -0.799501
0.800564, 0.923385, -0.460939, -0.166447
0.800593, 0.212972, 0.463247, -0.527115
0.800689, 0.968250, -0.466478, -0.069287
0.800737, 0.372677, 0.090931, -0.782050
0.800911, 0.167101, 0.568033, -0.418165
0.801012, 0.617424, -0.279907, -0.711021
0.801057, 0.688216, -0.344678, -0.614441
0.801152, 0.581770, -0.240868, -0.749378
0.801152, 0.144866, 0.612771, -0.363244
0.801237, 0.444653, -0.045509, -0.814183
0.801796, 0.000000, 0.759599, 0.000000
0.801860, 0.901808, -0.453606, -0.212887
0.802088, 0.055189, 0.736209, -0.138318
0.802138, 0.358512, 0.119373, -0.772747
0.802159, 0.021567, 0.755115, -0.054022
0.802370, 0.640334, -0.300887, -0.683786
0.802488, 0.531447, -0.177250, -0.791419
0.802589, 0.301563, 0.245395, -0.703705
0.803313, 0.258728, 0.345895, -0.631230
0.803330, 0.989019, -0.462090, -0.024060
0.803659, 0.794572, -0.409410, -0.431405
0.803754, 0.199693, 0.487469, -0.503748
0.803925, 0.854738, -0.435041, -0.312049
0.804043, 0.956514, -0.458454, -0.095270
0.804170, 0.091675, 0.692126, -0.233140
0.804191, 0.735358, -0.373975, -0.539749
0.804206, 0.674898, -0.329039, -0.637031
0.804223, 0.879626, -0.442384, -0.260305
0.804236, 0.807958, -0.414985, -0.405970
0.804318, 0.456328, -0.065082, -0.819711
0.804648, 0.757690, -0.387363, -0.500867
0.804788, 0.290315, 0.268414, -0.691079
0.805169, 0.479339, -0.101346, -0.818030
0.805203, 0.543062, -0.190687, -0.787196
0.805380, 0.043786, 0.736600, -0.111722
0.805459, 0.820899, -0.418388, -0.380967
0.806111, 0.405610, 0.023573, -0.812794
0.806143, 0.078387, 0.704053, -0.201450
0.806181, 0.934369, -0.450614, -0.143645
0.806196, 0.187764, 0.509203, -0.480675
0.806545, 0.419977, -0.002818, -0.818923
0.806656, 0.833896, -0.421405, -0.355400
0.806685, 0.312720, 0.213868, -0.729570
0.806717, 0.392610, 0.047726, -0.807427
0.807028, 0.605170, -0.260572, -0.731120
0.807127, 0.593005, -0.247532, -0.744624
0.807225, 0.500629, -0.131980, -0.814192
0.807277, 0.105535, 0.665008, -0.273199
0.807286, 0.661948, -0.313677, -0.658756
0.807427, 0.133074, 0.619249, -0.344817
0.807431, 0.722462, -0.359856, -0.564121
0.807434, 0.570867, -0.222375, -0.767124
0.807473, 0.155196, 0.576449, -0.401891
0.807569, 0.246464, 0.367014, -0.617080
0.807848, 0.278269, 0.291485, -0.677978
0.808106, 0.520741, -0.159456, -0.805466
0.808126, 0.119216, 0.641086, -0.310316
0.808150, 0.628298, -0.282061, -0.704858
0.808315, 0.780766, -0.393391, -0.460017
0.808331, 0.913247, -0.442117, -0.189763
0.808528, 0.010517, 0.741767, -0.027319
0.808727, 0.710045, -0.349035, -0.585653
0.809391, 0.697789, -0.339035, -0.605961
0.809432, 0.554725, -0.201746, -0.783575
0.809434, 0.176240, 0.526956, -0.459400
0.809485, 0.432854, -0.025554, -0.826867
0.809495, 0.031975, 0.732248, -0.083543
0.809952, 0.338919, 0.152890, -0.769434
0.810013, 0.891688, -0.433541, -0.236395
0.810087, 1.000000, -0.447768, 0.000000
0.810396, 0.325436, 0.181060, -0.754654
0.810472, 0.867940, -0.425883, -0.286785
0.810497, 0.468369, -0.083585, -0.828445
0.810503, 0.978237, -0.446419, -0.048096
0.810555, 0.064908, 0.706076, -0.170827
0.810591, 0.380196, 0.068930, -0.807318
0.810778, 0.650024, -0.298445, -0.678399
0.810785, 0.221532, 0.419588, -0.571112
0.810963, 0.768786, -0.382231, -0.484278
0.811082, 0.233345, 0.391003, -0.597774
0.811091, 0.366344, 0.095519, -0.798077
0.811611, 0.351967, 0.124142, -0.786351
0.811622, 0.944864, -0.440231, -0.121514
0.812340, 0.208416, 0.446814, -0.544476
0.812378, 0.266422, 0.311080, -0.667265
0.812579, 0.684535, -0.324023, -0.629133
0.812907, 0.616671, -0.265021, -0.723680
0.812939, 0.445148, -0.046352, -0.833823
0.813056, 0.745446, -0.364774, -0.527748
0.813081, 0.489922, -0.114461, -0.826744
0.813288, 0.164318, 0.542641, -0.437287
0.813425, 0.966572, -0.438581, -0.073969
0.813522, 0.582498, -0.229370, -0.762664
0.813634, 0.844061, -0.411076, -0.337329
0.814077, 0.532576, -0.171123, -0.805827
0.814101, 0.924739, -0.432124, -0.166023
0.814201, 0.300857, 0.229507, -0.729442
0.814230, 0.510389, -0.142227, -0.819384
0.814265, 0.145643, 0.577822, -0.390485
0.814808, 0.802446, -0.391723, -0.421689
0.815328, 0.054207, 0.702692, -0.146254
0.815342, 0.638281, -0.281921, -0.698519
0.815362, 0.000000, 0.724753, 0.000000
0.815486, 0.020759, 0.721116, -0.056082
0.815494, 0.903136, -0.424857, -0.213229
0.815572, 0.671587, -0.309465, -0.651451
0.815610, 0.456729, -0.064906, -0.837755
0.815762, 0.815452, -0.395443, -0.396198
0.815878, 0.732403, -0.351826, -0.552648
0.815895, 0.857189, -0.411350, -0.311208
0.815905, 0.955276, -0.432051, -0.099166
0.816000, 0.412258, 0.007785, -0.833200
0.816003, 0.196228, 0.465928, -0.523654
0.816064, 0.757091, -0.365906, -0.508034
0.816105, 0.086007, 0.668386, -0.233296
0.816262, 0.255103, 0.329743, -0.654781
0.816282, 0.829096, -0.399904, -0.368872
0.816308, 0.789824, -0.382808, -0.446902
0.816332, 0.287717, 0.255225, -0.713743
0.816386, 0.564139, -0.206704, -0.783276
0.816494, 0.098121, 0.651316, -0.266749
0.816547, 0.880871, -0.416997, -0.261300
0.816786, 0.989946, -0.432714, -0.022374
0.816985, 0.398442, 0.031692, -0.829519
0.817465, 0.042400, 0.706051, -0.115753
0.817483, 0.073607, 0.679214, -0.201187
0.817643, 0.544436, -0.182899, -0.801502
0.817814, 0.595358, -0.238227, -0.753483
0.817814, 0.314824, 0.194015, -0.757102
0.817898, 0.478628, -0.096918, -0.837250
0.818440, 0.111374, 0.626197, -0.305793
0.818596, 0.424944, -0.014138, -0.840870
0.819014, 0.184204, 0.485235, -0.500483
0.819142, 0.124193, 0.603671, -0.341659
0.819289, 0.718958, -0.337343, -0.577906
0.819510, 0.242042, 0.353121, -0.635927
0.819782, 0.659423, -0.293546, -0.672592
0.819813, 0.135179, 0.582606, -0.372977
0.820058, 0.935972, -0.420864, -0.142302
0.820187, 0.333955, 0.151583, -0.785318
0.820221, 0.606487, -0.246401, -0.743157
0.820222, 0.387323, 0.049952, -0.829756
0.820332, 0.706510, -0.327354, -0.599489
0.820387, 0.274689, 0.277479, -0.700748
0.820600, 0.777265, -0.368508, -0.473385
0.820624, 0.521559, -0.153022, -0.821297
0.820738, 0.694032, -0.318071, -0.620118
0.820831, 0.373545, 0.074610, -0.822314
0.821094, 0.359627, 0.100327, -0.812245
0.821118, 0.500065, -0.125129, -0.833757
0.821145, 0.216993, 0.406706, -0.584743
0.821149, 0.627309, -0.264573, -0.717963
0.821584, 0.574741, -0.213407, -0.778878
0.821618, 0.914983, -0.413972, -0.188706
0.821722, 0.345832, 0.126310, -0.800953
0.821846, 0.437749, -0.035241, -0.847845
0.821882, 0.171223, 0.505800, -0.473315
0.822279, 0.010454, 0.705089, -0.029281
0.822412, 0.156499, 0.534460, -0.435404
0.822487, 0.465863, -0.077677, -0.846961
0.822557, 0.030803, 0.698009, -0.086432
0.822574, 0.870706, -0.401044, -0.284468
0.822941, 0.892455, -0.406344, -0.238076
0.823365, 0.228510, 0.375432, -0.615836
0.823379, 0.647351, -0.278609, -0.693009
0.823481, 0.555001, -0.190145, -0.799466
0.824080, 0.981202, -0.416150, -0.042087
0.824182, 0.971171, -0.415303, -0.064498
0.824243, 1.000000, -0.416337, 0.000000
0.824398, 0.680948, -0.303005, -0.643747
0.824515, 0.765852, -0.354898, -0.496331
0.824918, 0.324678, 0.165404, -0.784038
0.824977, 0.305446, 0.204210, -0.759262
0.825143, 0.064017, 0.667276, -0.182066
0.825186, 0.205094, 0.423997, -0.565706
0.825386, 0.836574, -0.384310, -0.357145
0.825390, 0.451109, -0.055599, -0.853297
0.825484, 0.617253, -0.250071, -0.734769
0.825728, 0.848758, -0.387815, -0.331919
0.825740, 0.947095, -0.409597, -0.118332
0.825815, 0.533746, -0.164206, -0.819253
0.825818, 0.404428, 0.017361, -0.847446
0.825830, 0.740766, -0.339165, -0.543864
0.826007, 0.489214, -0.108827, -0.844955
0.826131, 0.586603, -0.220714, -0.771236
0.826319, 0.797622, -0.366786, -0.436267
0.826337, 0.294171, 0.225807, -0.745622
0.826377, 0.752204, -0.344486, -0.523200
0.826401, 0.264047, 0.290309, -0.694793
0.826485, 0.809888, -0.371726, -0.411944
0.826592, 0.822930, -0.376662, -0.385527
0.826595, 0.959095, -0.408766, -0.091674
0.827340, 0.728124, -0.329019, -0.567048
0.827428, 0.510721, -0.135475, -0.836354
0.827455, 0.144345, 0.544553, -0.412200
0.827509, 0.090991, 0.630567, -0.261685
0.827578, 0.860997, -0.387666, -0.306621
0.827713, 0.669634, -0.289563, -0.663439
0.827731, 0.078065, 0.645376, -0.224787
0.827735, 0.926814, -0.402841, -0.163798
0.827782, 0.251979, 0.313870, -0.674900
0.827817, 0.051689, 0.670270, -0.149014
0.828057, 0.282072, 0.248412, -0.730088
0.828072, 0.416370, -0.002732, -0.854778
0.828278, 0.104017, 0.610065, -0.300062
0.828459, 0.193330, 0.441671, -0.543999
0.828517, 0.904629, -0.397106, -0.212846
0.828968, 0.000000, 0.687099, 0.000000
0.828977, 0.635618, -0.261188, -0.713728
0.829377, 0.020827, 0.682608, -0.060532
0.829387, 0.785178, -0.355257, -0.462243
0.829428, 0.476396, -0.090640, -0.854118
0.829763, 0.040770, 0.672610, -0.118843
0.829902, 0.881615, -0.388643, -0.263230
0.829919, 0.117573, 0.584799, -0.341124
0.829929, 0.566213, -0.196273, -0.796092
0.830334, 0.598561, -0.227333, -0.761844
0.830509, 0.179862, 0.465118, -0.513966
0.830693, 0.380468, 0.056204, -0.844522
0.830711, 0.545087, -0.173118, -0.815958
0.830730, 0.428334, -0.021757, -0.861036
0.830827, 0.366524, 0.080508, -0.835635
0.830870, 0.238412, 0.337447, -0.653835
0.831154, 0.352302, 0.106000, -0.824802
0.831422, 0.393749, 0.033469, -0.852582
0.831469, 0.714099, -0.313348, -0.593903
0.831652, 0.314193, 0.177915, -0.784604
0.831734, 0.130700, 0.557536, -0.381804
0.831738, 0.989689, -0.399613, -0.023258
0.831771, 0.701723, -0.305086, -0.614893
0.831996, 0.689727, -0.296927, -0.634846
0.832104, 0.337807, 0.131729, -0.812966
0.832140, 0.216057, 0.383170, -0.607025
0.832203, 0.657252, -0.273669, -0.685662
0.832350, 0.166183, 0.488420, -0.481459
0.832726, 0.523038, -0.146954, -0.834979
0.832913, 0.463152, -0.071899, -0.862352
0.833550, 0.440299, -0.039604, -0.865845
0.833813, 0.939120, -0.391249, -0.137290
0.834019, 0.609993, -0.233121, -0.751440
0.834282, 0.774359, -0.340489, -0.485065
0.834621, 0.577863, -0.203012, -0.788981
0.834721, 0.916536, -0.385760, -0.187760
0.834820, 0.499898, -0.118339, -0.851395
0.835187, 0.272992, 0.256032, -0.729519
0.835455, 0.154248, 0.503452, -0.454900
0.835544, 0.894222, -0.379562, -0.237211
0.835635, 0.623658, -0.242532, -0.735302
0.835752, 0.965790, -0.389204, -0.077417
0.835769, 0.646487, -0.260300, -0.703835
0.835957, 0.761013, -0.331132, -0.511788
0.835994, 0.010544, 0.665787, -0.031677
0.836410, 0.870429, -0.371615, -0.289040
0.836484, 0.031390, 0.657548, -0.094597
0.836516, 0.556709, -0.180300, -0.811901
0.836599, 0.227207, 0.349257, -0.642002
0.836936, 0.830169, -0.358057, -0.374471
0.836954, 0.843070, -0.362345, -0.347507
0.837026, 0.301040, 0.196559, -0.777564
0.837027, 0.451943, -0.055831, -0.869936
0.837054, 0.325617, 0.148901, -0.809274
0.837058, 0.406264, 0.011249, -0.866342
0.837202, 0.069974, 0.626504, -0.211184
0.837437, 0.486640, -0.100952, -0.860833
0.837533, 0.817072, -0.352109, -0.401724
0.837571, 0.057608, 0.637662, -0.174374
0.837634, 0.856036, -0.364876, -0.320205
0.837647, 0.977594, -0.385914, -0.050830
0.837684, 0.287742, 0.221808, -0.759072
0.837741, 0.724879, -0.308615, -0.578461
0.837761, 0.203494, 0.396675, -0.589379
0.837985, 0.804410, -0.346233, -0.427528
0.838009, 0.792697, -0.341343, -0.450928
0.838035, 0.679156, -0.280122, -0.655822
0.838185, 0.737426, -0.314753, -0.556347
0.838218, 0.534750, -0.155922, -0.832551
0.838253, 1.000000, -0.385317, 0.000000
0.838260, 0.248270, 0.301349, -0.689971
0.838464, 0.748547, -0.320132, -0.536293
0.838537, 0.083486, 0.607731, -0.253322
0.838591, 0.952680, -0.382223, -0.107346
0.838807, 0.096134, 0.590672, -0.291780
0.838928, 0.667144, -0.270588, -0.675408
0.838989, 0.589606, -0.209074, -0.780174
0.839035, 0.188941, 0.424103, -0.555423
0.839365, 0.141982, 0.515590, -0.427596
0.839417, 0.260246, 0.274277, -0.715660
0.839589, 0.512769, -0.130680, -0.849607
0.839862, 0.108928, 0.569393, -0.331359
0.840068, 0.418770, -0.008429, -0.873844
0.840605, 0.929005, -0.374885, -0.160946
0.840845, 0.474366, -0.084468, -0.869778
0.840849, 0.359861, 0.084773, -0.848275
0.840976, 0.373386, 0.061993, -0.857781
0.841185, 0.044330, 0.635885, -0.136562
0.841275, 0.634503, -0.243418, -0.725125
0.841545, 0.346702, 0.106853, -0.838614
0.841607, 0.905956, -0.368742, -0.212579
0.841727, 0.386242, 0.040885, -0.865990
0.841800, 0.175752, 0.443682, -0.526390
0.842078, 0.121080, 0.543959, -0.371197
0.842276, 0.883990, -0.362471, -0.261141
0.842495, 0.000000, 0.647018, 0.000000
0.842800, 0.313041, 0.165296, -0.805098
0.842851, 0.692539, -0.280831, -0.637159
0.842889, 0.568862, -0.185917, -0.806270
0.843013, 0.021293, 0.641782, -0.066188
0.843019, 0.430315, -0.025302, -0.879300
0.843048, 0.704803, -0.287818, -0.616660
0.843147, 0.601407, -0.214405, -0.769893
0.843253, 0.546676, -0.164099, -0.827857
0.843731, 0.215732, 0.357002, -0.630835
0.843961, 0.237899, 0.311249, -0.680437
0.844388, 0.783061, -0.324704, -0.472795
0.844760, 0.716150, -0.291325, -0.597997
0.844813, 0.334476, 0.125087, -0.832733
0.844817, 0.163335, 0.459885, -0.498376
0.844855, 0.131315, 0.518468, -0.406279
0.844931, 0.463473, -0.069640, -0.878242
0.844990, 0.988584, -0.370435, -0.026127
0.845045, 0.397623, 0.021926, -0.875894
0.845377, 0.524456, -0.139486, -0.847992
0.845406, 0.769232, -0.316872, -0.500541
0.845421, 0.614109, -0.221902, -0.755754
0.845749, 0.441687, -0.040917, -0.882906
0.845889, 0.657294, -0.253182, -0.695101
0.846094, 0.941983, -0.364562, -0.132447
0.846458, 0.965355, -0.365237, -0.079178
0.846563, 0.279437, 0.223746, -0.763512
0.846602, 0.493448, -0.104729, -0.868673
0.846853, 0.645681, -0.243687, -0.713115
0.847375, 0.918587, -0.358175, -0.185382
0.847557, 0.268651, 0.242837, -0.747129
0.847594, 0.580591, -0.191422, -0.798036
0.847693, 0.862706, -0.345320, -0.308801
0.847843, 0.505086, -0.117168, -0.863641
0.847891, 0.196173, 0.386707, -0.591882
0.847965, 0.836418, -0.337081, -0.365115
0.848150, 0.874713, -0.347285, -0.282739
0.848240, 0.292467, 0.196463, -0.786933
0.848324, 0.849438, -0.340238, -0.337523
0.848330, 0.730492, -0.292503, -0.573993
0.848354, 0.151294, 0.472542, -0.470936
0.848372, 0.756396, -0.305266, -0.526475
0.848378, 0.823179, -0.331919, -0.393075
0.848567, 0.453271, -0.055784, -0.885111
0.848610, 0.810029, -0.326827, -0.420342
0.848751, 0.076501, 0.584852, -0.243554
0.848768, 0.559062, -0.170899, -0.821639
0.848773, 0.895117, -0.350843, -0.238145
0.848803, 0.410296, 0.002270, -0.884998
0.848901, 0.033335, 0.618691, -0.106642
0.849161, 0.302871, 0.175930, -0.803410
0.849237, 0.064167, 0.595554, -0.204984
0.849273, 0.625364, -0.225442, -0.743778
0.849341, 0.052947, 0.605264, -0.169458
0.849350, 0.796237, -0.320036, -0.448500
0.849471, 0.670674, -0.256404, -0.676951
0.849474, 0.010790, 0.624368, -0.034556
0.849486, 0.250641, 0.274394, -0.717581
0.849708, 0.322114, 0.141480, -0.828099
0.849739, 0.227523, 0.319780, -0.669783
0.850107, 0.089133, 0.565432, -0.284987
0.850114, 0.682898, -0.262977, -0.657809
0.850188, 0.101484, 0.549113, -0.323760
0.850325, 0.481736, -0.089511, -0.878521
0.850520, 0.536548, -0.147825, -0.843704
0.851289, 0.366776, 0.066057, -0.870425
0.851298, 0.743752, -0.293672, -0.551467
0.851303, 0.977242, -0.356246, -0.052432
0.851345, 0.184638, 0.400617, -0.568904
0.851605, 0.206386, 0.357168, -0.624700
0.851655, 1.000000, -0.355653, 0.000000
0.851854, 0.592330, -0.196411, -0.788157
0.851907, 0.954090, -0.353065, -0.105574
0.852216, 0.114332, 0.524212, -0.366862
0.852238, 0.354843, 0.084151, -0.863600
0.852362, 0.379437, 0.045910, -0.879375
0.852848, 0.139594, 0.480414, -0.444746
0.853041, 0.422181, -0.014724, -0.892666
0.853146, 0.931187, -0.347280, -0.157852
0.853482, 0.515519, -0.124604, -0.862855
0.853589, 0.343263, 0.101678, -0.856250
0.854014, 0.908037, -0.341677, -0.210282
0.854070, 0.172365, 0.416911, -0.541041
0.854196, 0.470342, -0.074912, -0.887490
0.854343, 0.696245, -0.263719, -0.637895
0.854460, 0.636859, -0.226459, -0.731296
0.854795, 0.777406, -0.301820, -0.488348
0.854868, 0.260789, 0.245309, -0.746771
0.855029, 0.389895, 0.029615, -0.887914
0.855082, 0.604789, -0.202280, -0.775383
0.855338, 0.548842, -0.155236, -0.837357
0.855532, 0.707884, -0.267998, -0.618581
0.855563, 0.720410, -0.274400, -0.596299
0.855698, 0.434064, -0.030324, -0.896430
0.855742, 0.043464, 0.590826, -0.143151
0.855841, 0.000000, 0.604782, 0.000000
0.855876, 0.022279, 0.601041, -0.073592
0.855959, 0.571583, -0.174618, -0.815158
0.856118, 0.239724, 0.282133, -0.708603
0.856418, 0.217692, 0.323904, -0.660784
0.856482, 0.310628, 0.153363, -0.826233
0.856492, 0.125987, 0.492016, -0.409459
0.856586, 0.884314, -0.331102, -0.263644
0.857196, 0.285181, 0.196498, -0.792232
0.857301, 0.331141, 0.118013, -0.850856
0.857621, 0.160648, 0.428722, -0.514740
0.857653, 0.402338, 0.011161, -0.895702
0.857704, 0.650067, -0.230467, -0.713962
0.857712, 0.765392, -0.291086, -0.513126
0.857954, 0.446530, -0.045738, -0.898069
0.858118, 0.498846, -0.104494, -0.878440
0.858274, 0.527072, -0.132412, -0.859057
0.858283, 0.988682, -0.340444, -0.026214
0.858326, 0.661895, -0.236931, -0.696309
0.858362, 0.616516, -0.206690, -0.762546
0.858620, 0.788311, -0.298376, -0.468044
0.858802, 0.830047, -0.312193, -0.382027
0.858805, 0.857094, -0.319746, -0.323915
0.858852, 0.459344, -0.060702, -0.896380
0.858952, 0.966094, -0.337456, -0.078415
0.859046, 0.843379, -0.315514, -0.353581
0.859049, 0.870531, -0.322483, -0.294559
0.859096, 0.943334, -0.335492, -0.130895
0.859096, 0.803487, -0.302785, -0.437276
0.859473, 0.733917, -0.273798, -0.573459
0.859722, 0.816362, -0.305917, -0.411024
0.859896, 0.069334, 0.557133, -0.232095
0.859903, 0.273542, 0.213111, -0.778388
0.859912, 0.488517, -0.092645, -0.886068
0.860047, 0.920401, -0.330160, -0.183316
0.860377, 0.195196, 0.356769, -0.613913
0.860411, 0.561517, -0.161421, -0.829334
0.860636, 0.583219, -0.178760, -0.805991
0.860832, 0.081567, 0.540368, -0.273415
0.860886, 0.897654, -0.324418, -0.234870
0.860930, 0.674527, -0.240284, -0.677677
0.861000, 0.753435, -0.279609, -0.537623
0.861184, 0.297592, 0.169261, -0.817328
0.861513, 0.148998, 0.438121, -0.487684
0.861534, 0.055853, 0.563192, -0.188493
0.861565, 0.413391, -0.004017, -0.903051
0.861591, 0.105078, 0.508337, -0.351422
0.861716, 0.686819, -0.245887, -0.657847
0.862009, 0.093748, 0.521788, -0.314752
0.862038, 0.373565, 0.049916, -0.890527
0.862487, 0.628285, -0.209204, -0.749193
0.862523, 0.011197, 0.581988, -0.038080
0.862533, 0.033068, 0.574484, -0.112326
0.862567, 0.250440, 0.250011, -0.741423
0.862726, 0.229616, 0.287056, -0.699729
0.862857, 0.508048, -0.110985, -0.877462
0.862876, 0.319811, 0.130584, -0.847863
0.862926, 0.538893, -0.139398, -0.853432
0.863046, 0.181925, 0.374526, -0.584097
0.863534, 0.362421, 0.065097, -0.886174
0.863746, 0.476815, -0.078565, -0.895707
0.864121, 0.207071, 0.325608, -0.650153
0.864139, 0.595542, -0.183944, -0.793821
0.864506, 0.136719, 0.449976, -0.455731
0.864510, 0.351543, 0.080300, -0.880028
0.864942, 0.977629, -0.325264, -0.052156
0.865125, 1.000000, -0.325178, 0.000000
0.865305, 0.955093, -0.322800, -0.104489
0.865368, 0.340256, 0.096479, -0.872089
0.865407, 0.115127, 0.481033, -0.389148
0.865658, 0.426711, -0.021153, -0.909198
0.866065, 0.932561, -0.318384, -0.156466
0.866184, 0.394576, 0.019264, -0.905076
0.866274, 0.742971, -0.265080, -0.559657
0.866302, 0.641129, -0.211972, -0.733022
0.866325, 0.724104, -0.256598, -0.594628
0.866717, 0.775823, -0.277294, -0.496000
0.866777, 0.909588, -0.313359, -0.208994
0.866831, 0.170381, 0.384949, -0.559303
0.866940, 0.712111, -0.249876, -0.616814
0.867031, 0.700051, -0.243771, -0.638017
0.867086, 0.518878, -0.118093, -0.873760
0.867190, 0.383069, 0.033996, -0.902460
0.867195, 0.440098, -0.036872, -0.910082
0.867199, 0.262868, 0.219145, -0.773037
0.867309, 0.550791, -0.145537, -0.846077
0.867680, 0.796661, -0.282771, -0.454199
0.867749, 0.607652, -0.187963, -0.780902
0.867988, 0.466413, -0.065748, -0.904418
0.868174, 0.285834, 0.178850, -0.812176
0.868184, 0.219359, 0.293505, -0.686771
0.868632, 0.044729, 0.547543, -0.155803
0.868684, 0.888548, -0.305088, -0.256692
0.868715, 0.308110, 0.142426, -0.843412
0.868951, 0.000000, 0.561190, 0.000000
0.869167, 0.022255, 0.556684, -0.077826
0.869259, 0.877534, -0.301785, -0.281587
0.869319, 0.574095, -0.161960, -0.822815
0.869400, 0.823601, -0.287707, -0.398759
0.869449, 0.850544, -0.294945, -0.340915
0.869474, 0.653797, -0.214759, -0.715715
0.869510, 0.452497, -0.050178, -0.910321
0.869639, 0.239469, 0.255410, -0.732164
0.869666, 0.864167, -0.297823, -0.311207
0.869750, 0.836816, -0.290741, -0.370760
0.870006, 0.763882, -0.266290, -0.521030
0.870051, 0.125642, 0.450225, -0.429820
0.870305, 0.328698, 0.109145, -0.868791
0.870436, 0.158543, 0.395307, -0.531700
0.870510, 0.064494, 0.526168, -0.225862
0.870664, 0.665508, -0.219497, -0.697947
0.871087, 0.619636, -0.191429, -0.766911
0.871257, 0.497247, -0.095245, -0.892557
0.871266, 0.562887, -0.151203, -0.836780
0.871297, 0.809550, -0.279509, -0.428913
0.871391, 0.530295, -0.124639, -0.868367
0.871607, 0.485193, -0.083408, -0.899716
0.871679, 0.189845, 0.337477, -0.620412
0.871810, 0.988864, -0.309644, -0.026096
0.872052, 0.404242, 0.005501, -0.915056
0.872122, 0.966631, -0.307766, -0.078094
0.872162, 0.416800, -0.009584, -0.916674
0.872220, 0.076203, 0.508619, -0.268002
0.872342, 0.944370, -0.305502, -0.129950
0.872389, 0.785643, -0.269392, -0.478443
0.872627, 0.689401, -0.228772, -0.659123
0.872637, 0.677449, -0.222673, -0.679402
0.872843, 0.274758, 0.189807, -0.802606
0.872901, 0.921817, -0.301315, -0.181981
0.872920, 0.088328, 0.492431, -0.310283
0.873146, 0.586466, -0.166328, -0.811385
0.873424, 0.101965, 0.473345, -0.357128
0.873660, 0.733004, -0.246881, -0.581430
0.874094, 0.200431, 0.312873, -0.651869
0.874149, 0.371240, 0.046273, -0.906341
0.874194, 0.297172, 0.152500, -0.837906
0.874215, 0.147034, 0.403330, -0.503721
0.874360, 0.899001, -0.294304, -0.234202
0.874569, 0.251954, 0.224029, -0.765703
0.874610, 0.632398, -0.194369, -0.750880
0.874648, 0.751720, -0.252571, -0.546392
0.875558, 0.033714, 0.529894, -0.120981
0.875565, 0.509123, -0.102874, -0.888652
0.875636, 0.011160, 0.537118, -0.040092
0.875692, 0.542073, -0.130438, -0.861328
0.876005, 0.054682, 0.515028, -0.195905
0.876022, 0.360197, 0.059608, -0.902636
0.876060, 0.318468, 0.118235, -0.866699
0.876117, 0.434441, -0.029526, -0.920810
0.876371, 0.349149, 0.074134, -0.895604
0.876648, 0.598725, -0.170288, -0.798482
0.876655, 0.179129, 0.342535, -0.600144
0.876685, 0.212764, 0.285422, -0.686152
0.876790, 0.227854, 0.259971, -0.720349
0.876961, 0.136381, 0.411794, -0.474965
0.877045, 0.338176, 0.088789, -0.887577
0.877565, 0.391348, 0.019926, -0.918639
0.877688, 0.114619, 0.441700, -0.405246
0.877700, 0.720010, -0.233891, -0.607312
0.877887, 0.460815, -0.056560, -0.916649
0.878015, 0.474483, -0.069612, -0.911354
0.878412, 0.645402, -0.196183, -0.733645
0.878611, 0.977874, -0.293859, -0.052168
0.878728, 1.000000, -0.294023, 0.000000
0.878830, 0.707761, -0.226506, -0.630063
0.878851, 0.955768, -0.291832, -0.104079
0.879116, 0.798191, -0.259481, -0.454636
0.879209, 0.933697, -0.288589, -0.155489
0.879393, 0.911006, -0.284945, -0.207730
0.879469, 0.167100, 0.354570, -0.571112
0.879683, 0.554188, -0.135760, -0.852408
0.879754, 0.264149, 0.195222, -0.795992
0.879828, 0.521134, -0.109813, -0.883098
0.879845, 0.858074, -0.273841, -0.326824
0.880021, 0.844142, -0.270282, -0.357495
0.880064, 0.819010, -0.263615, -0.411379
0.880068, 0.445958, -0.041044, -0.923167
0.880068, 0.872381, -0.276470, -0.295228
0.880100, 0.773807, -0.249795, -0.505098
0.880289, 0.424685, -0.018705, -0.926122
0.880437, 0.611043, -0.173113, -0.784536
0.880481, 0.286368, 0.160137, -0.832425
0.880731, 0.379695, 0.032934, -0.918417
0.880945, 0.830852, -0.264850, -0.386282
0.880994, 0.696889, -0.217763, -0.650158
0.881118, 0.886429, -0.276959, -0.264019
0.881180, 0.741619, -0.236061, -0.568331
0.881511, 0.240880, 0.228531, -0.755479
0.881783, 0.307988, 0.126797, -0.863026
0.881840, 0.658220, -0.197678, -0.715458
0.881854, 0.567246, -0.142753, -0.839906
0.881917, 0.761099, -0.241763, -0.530816
0.882065, 0.000000, 0.515195, 0.000000
0.882140, 0.487907, -0.079764, -0.908250
0.882158, 0.022511, 0.511172, -0.083022
0.882454, 0.044527, 0.499347, -0.163857
0.882571, 0.578635, -0.149650, -0.827407
0.882653, 0.066931, 0.481195, -0.245497
0.882671, 0.411219, -0.003983, -0.928389
0.883051, 0.623408, -0.176764, -0.768807
0.883107, 0.669843, -0.201432, -0.697290
0.883146, 0.127253, 0.405656, -0.454890
0.883610, 0.154913, 0.361848, -0.541925
0.883643, 0.683399, -0.207015, -0.674663
0.883702, 0.092039, 0.451280, -0.336312
0.883996, 0.329123, 0.094946, -0.888906
0.884066, 0.533253, -0.115761, -0.876026
0.884109, 0.499991, -0.088928, -0.902510
0.884286, 0.190437, 0.303310, -0.643400
0.884297, 0.079062, 0.463165, -0.290554
0.884317, 0.786086, -0.245222, -0.481737
0.885332, 0.809507, -0.249875, -0.433142
0.885437, 0.399946, 0.008131, -0.929921
0.885460, 0.989001, -0.278299, -0.026079
0.885655, 0.966924, -0.276820, -0.078298
0.885740, 0.104597, 0.428114, -0.382284
0.885775, 0.203682, 0.278505, -0.678966
0.885866, 0.945082, -0.274547, -0.129673
0.885869, 0.275798, 0.167690, -0.824476
0.885937, 0.923094, -0.271658, -0.180781
0.885941, 0.728765, -0.222065, -0.594536
0.886049, 0.590423, -0.153012, -0.815181
0.886304, 0.899419, -0.267612, -0.235551
0.886381, 0.217900, 0.254575, -0.713917
0.886447, 0.636487, -0.179060, -0.751427
0.886682, 0.253542, 0.199174, -0.787793
0.887145, 0.366618, 0.045797, -0.920103
0.887309, 0.297675, 0.134433, -0.857975
0.887368, 0.454755, -0.047617, -0.927790
0.887698, 0.141819, 0.369278, -0.508106
0.887926, 0.354131, 0.060215, -0.913763
0.888063, 0.342066, 0.074875, -0.905300
0.888118, 0.545592, -0.120959, -0.867252
0.888214, 0.512160, -0.095952, -0.897111
0.888426, 0.435188, -0.028954, -0.933583
0.888652, 0.011267, 0.490407, -0.042636
0.888734, 0.467115, -0.058297, -0.924500
0.888836, 0.033626, 0.482359, -0.127038
0.888870, 0.177047, 0.312109, -0.614487
0.888871, 0.319215, 0.103383, -0.885454
0.888909, 0.230721, 0.229095, -0.746134
0.889089, 0.056408, 0.466973, -0.212449
0.889175, 0.602427, -0.156179, -0.801487
0.889274, 0.750810, -0.223707, -0.553788
0.889422, 0.715620, -0.210469, -0.620374
0.889980, 0.117725, 0.396408, -0.432908
0.889996, 0.850788, -0.249888, -0.345259
0.890079, 0.864674, -0.252501, -0.314371
0.890367, 0.650077, -0.179979, -0.732584
0.890417, 0.388706, 0.019247, -0.932775
0.890514, 0.478864, -0.067545, -0.920504
0.890646, 0.420316, -0.013801, -0.937056
0.890953, 0.836870, -0.244680, -0.375944
0.891187, 0.878262, -0.252748, -0.284298
0.891223, 0.558477, -0.126501, -0.855938
0.891311, 0.798409, -0.234229, -0.458095
0.891470, 0.912058, -0.257613, -0.207217
0.891685, 0.165793, 0.321144, -0.587294
0.892026, 0.765516, -0.222985, -0.525324
0.892168, 0.822444, -0.238582, -0.407409
0.892229, 0.703611, -0.200577, -0.643250
0.892264, 0.691619, -0.195647, -0.664182
0.892299, 0.978110, -0.262216, -0.052193
0.892389, 0.524475, -0.101848, -0.890242
0.892444, 1.000000, -0.262349, 0.000000
0.892516, 0.265559, 0.171545, -0.817494
0.892577, 0.955984, -0.260187, -0.104719
0.892658, 0.934517, -0.257733, -0.155150
0.892703, 0.377518, 0.030713, -0.931473
0.893009, 0.676296, -0.187823, -0.691220
0.893051, 0.614857, -0.157859, -0.786599
0.893235, 0.287213, 0.140665, -0.851935
0.893694, 0.737732, -0.210537, -0.580411
0.893714, 0.570861, -0.131578, -0.843602
0.893741, 0.243423, 0.200656, -0.779084
0.893742, 0.776091, -0.222789, -0.504805
0.893944, 0.491374, -0.075745, -0.916109
0.894312, 0.445452, -0.036897, -0.936930
0.894506, 0.890253, -0.247348, -0.257754
0.894614, 0.626795, -0.161798, -0.770265
0.894670, 0.131051, 0.362257, -0.483684
0.894764, 0.309163, 0.109985, -0.882099
0.894965, 0.662866, -0.178576, -0.714503
0.895023, 0.408002, -0.001631, -0.941046
0.895118, 0.000000, 0.467343, 0.000000
0.895157, 0.082964, 0.420968, -0.316856
0.895167, 0.068872, 0.433975, -0.264022
0.895260, 0.022479, 0.463133, -0.087135
0.895291, 0.094755, 0.406666, -0.359429
0.895348, 0.045218, 0.451778, -0.174646
0.895407, 0.152445, 0.329598, -0.552619
0.895740, 0.582441, -0.136099, -0.830950
0.895978, 0.332244, 0.080386, -0.906854
0.896208, 0.787797, -0.220935, -0.481196
0.896230, 0.184982, 0.279934, -0.647451
0.896292, 0.196258, 0.263300, -0.677116
0.896452, 0.536964, -0.106846, -0.881739
0.896633, 0.208763, 0.244250, -0.708438
0.896860, 0.503469, -0.082997, -0.910171
0.897380, 0.108166, 0.383526, -0.409837
0.897665, 0.809410, -0.223686, -0.436821
0.897711, 0.640205, -0.163761, -0.751473
0.897781, 0.428885, -0.021313, -0.943240
0.897836, 0.221138, 0.223768, -0.738600
0.898006, 0.724354, -0.197655, -0.607374
0.898757, 0.357354, 0.049991, -0.928297
0.898838, 0.457786, -0.046027, -0.937004
0.898943, 0.594153, -0.138618, -0.817851
0.898981, 0.276917, 0.145827, -0.844478
0.899055, 0.396209, 0.009519, -0.943481
0.899157, 0.902165, -0.238376, -0.231023
0.899166, 0.924053, -0.241263, -0.180227
0.899184, 0.344825, 0.063652, -0.920466
0.899217, 0.989146, -0.246431, -0.026034
0.899235, 0.967248, -0.245428, -0.078391
0.899259, 0.255516, 0.173577, -0.809505
0.899650, 0.757635, -0.205215, -0.543256
0.899774, 0.944975, -0.242349, -0.131291
0.900011, 0.549792, -0.111537, -0.871205
0.900100, 0.298812, 0.116513, -0.876406
0.900205, 0.369211, 0.036672, -0.936008
0.900434, 0.321864, 0.088585, -0.902562
0.900561, 0.857650, -0.227668, -0.332066
0.900741, 0.515763, -0.088724, -0.903402
0.900753, 0.469785, -0.054916, -0.933454
0.900857, 0.685498, -0.178060, -0.678148
0.900946, 0.845131, -0.224309, -0.359768
0.901093, 0.233772, 0.199335, -0.770145
0.901121, 0.870761, -0.228666, -0.302638
0.901385, 0.606107, -0.141612, -0.803119
0.901406, 0.142276, 0.324922, -0.529281
0.901697, 0.011219, 0.441503, -0.044564
0.901761, 0.056976, 0.419611, -0.224531
0.901768, 0.033889, 0.433813, -0.134225
0.901797, 0.832028, -0.219854, -0.388933
0.901919, 0.711236, -0.185746, -0.633153
0.902131, 0.162539, 0.295122, -0.592246
0.902175, 0.120537, 0.350989, -0.458570
0.902318, 0.745807, -0.196351, -0.567587
0.902684, 0.482126, -0.063349, -0.928428
0.902727, 0.651874, -0.161100, -0.735565
0.903135, 0.417553, -0.010721, -0.949002
0.903298, 0.438420, -0.028819, -0.946543
0.903309, 0.562390, -0.115463, -0.859485
0.903496, 0.383663, 0.020633, -0.944936
0.903588, 0.174691, 0.274090, -0.629380
0.903783, 0.914017, -0.229149, -0.204095
0.904294, 0.672965, -0.167221, -0.701510
0.904343, 0.796580, -0.206097, -0.464962
0.904399, 0.882743, -0.223278, -0.276165
0.904736, 0.698030, -0.175884, -0.657656
0.904744, 0.528322, -0.093501, -0.895071
0.904858, 0.820175, -0.210674, -0.415384
0.905076, 0.076290, 0.390820, -0.301828
0.905222, 0.630424, -0.147846, -0.769626
0.905607, 0.098915, 0.365049, -0.386549
0.905704, 0.266634, 0.148184, -0.836868
0.905960, 0.781646, -0.199122, -0.496773
0.906012, 0.494576, -0.070183, -0.922980
0.906031, 0.618569, -0.141175, -0.787794
0.906033, 0.288615, 0.121046, -0.870284
0.906045, 0.978399, -0.230224, -0.052087
0.906051, 0.956312, -0.228910, -0.105064
0.906075, 0.768771, -0.195409, -0.522777
0.906163, 0.574492, -0.118852, -0.846914
0.906203, 0.733257, -0.184922, -0.593201
0.906284, 1.000000, -0.230160, 0.000000
0.906474, 0.245973, 0.172610, -0.801528
0.906670, 0.933616, -0.225269, -0.158956
0.907168, 0.310920, 0.093946, -0.899045
0.907525, 0.406089, -0.000720, -0.952747
0.907621, 0.199283, 0.230420, -0.700393
0.907768, 0.131825, 0.317718, -0.503707
0.907913, 0.186772, 0.246042, -0.668053
0.907931, 0.449100, -0.036231, -0.947423
0.908094, 0.211670, 0.213200, -0.730945
0.908120, 0.045381, 0.403367, -0.183461
0.908196, 0.000000, 0.417311, 0.000000
0.908225, 0.022478, 0.413524, -0.091267
0.908233, 0.894645, -0.216313, -0.249592
0.908373, 0.334663, 0.067172, -0.923131
0.908400, 0.087477, 0.366623, -0.346911
0.908501, 0.541145, -0.097657, -0.884938
0.908806, 0.586060, -0.121591, -0.833864
0.908901, 0.661951, -0.155141, -0.721749
0.909152, 0.224120, 0.194902, -0.760468
0.909330, 0.506994, -0.076031, -0.916146
0.909428, 0.153015, 0.285517, -0.573097
0.909878, 0.066168, 0.381077, -0.266738
0.909939, 0.348059, 0.052605, -0.934361
0.909969, 0.809116, -0.197086, -0.439949
0.909982, 0.110224, 0.336246, -0.432223
0.910382, 0.720467, -0.172969, -0.618802
0.910432, 0.427810, -0.018856, -0.954367
0.910444, 0.640940, -0.144325, -0.755790
0.910486, 0.360425, 0.040223, -0.942210
0.910928, 0.373180, 0.027975, -0.948496
0.911008, 0.460553, -0.043499, -0.945451
0.911278, 0.755716, -0.181420, -0.550670
0.911425, 0.394688, 0.008722, -0.954867
0.911505, 0.685174, -0.159282, -0.683117
0.911565, 0.863609, -0.203835, -0.320464
0.911655, 0.322633, 0.076889, -0.915763
0.911767, 0.597540, -0.123292, -0.820107
0.911809, 0.277923, 0.125247, -0.861807
0.912052, 0.840950, -0.198909, -0.371294
0.912132, 0.553937, -0.100985, -0.873448
0.912366, 0.473213, -0.051754, -0.940357
0.912422, 0.907146, -0.208205, -0.221163
0.912540, 0.301003, 0.098735, -0.893575
0.912634, 0.256516, 0.148543, -0.828120
0.912818, 0.852463, -0.199172, -0.345752
0.912843, 0.967672, -0.213676, -0.078229
0.913005, 0.519528, -0.080712, -0.908067
0.913113, 0.989309, -0.213985, -0.025946
0.913147, 0.608870, -0.126570, -0.804894
0.913192, 0.945273, -0.211110, -0.131913
0.913363, 0.236870, 0.170277, -0.792439
0.913386, 0.165595, 0.257640, -0.616433
0.913808, 0.921580, -0.206780, -0.187705
0.914102, 0.707767, -0.162054, -0.643627
0.914122, 0.874378, -0.199645, -0.296446
0.914322, 0.829143, -0.191671, -0.397594
0.914637, 0.742753, -0.171233, -0.577249
0.914644, 0.033692, 0.383952, -0.139613
0.914754, 0.011183, 0.390532, -0.046513
0.914856, 0.485477, -0.058386, -0.934931
0.914949, 0.142813, 0.280591, -0.547851
0.915282, 0.121108, 0.304972, -0.476517
0.915553, 0.416078, -0.009126, -0.959557
0.915701, 0.055801, 0.366425, -0.230172
0.915767, 0.566560, -0.103354, -0.860910
0.915893, 0.799205, -0.182130, -0.461866
0.915962, 0.788016, -0.179713, -0.485990
0.916072, 0.651000, -0.139254, -0.742201
0.916129, 0.438936, -0.026144, -0.956531
0.916274, 0.628000, -0.130073, -0.778397
0.916438, 0.672862, -0.146442, -0.706230
0.916671, 0.384779, 0.015969, -0.957299
0.916827, 0.532348, -0.084471, -0.898461
0.917071, 0.098406, 0.323024, -0.396785
0.917594, 0.886259, -0.193566, -0.270088
0.917676, 0.775865, -0.173419, -0.511703
0.917840, 0.695982, -0.151523, -0.666298
0.917996, 0.178284, 0.229059, -0.658072
0.918004, 0.498062, -0.064004, -0.928337
0.918056, 0.076929, 0.339848, -0.315764
0.918355, 0.289769, 0.103240, -0.885613
0.918582, 0.729970, -0.160039, -0.603100
0.918611, 0.818540, -0.180202, -0.421380
0.918941, 0.267408, 0.125790, -0.853417
0.918971, 0.578790, -0.105247, -0.847544
0.919078, 0.191352, 0.210950, -0.693957
0.919142, 0.203752, 0.196464, -0.725255
0.919331, 0.933975, -0.195742, -0.159563
0.919357, 0.956801, -0.197764, -0.105002
0.919603, 0.215927, 0.181435, -0.754585
0.919633, 0.764442, -0.166721, -0.535536
0.919908, 0.978742, -0.197736, -0.051870
0.920107, 0.404398, -0.000173, -0.963031
0.920189, 0.340271, 0.053099, -0.938489
0.920263, 1.000000, -0.197443, 0.000000
0.920357, 0.313685, 0.077410, -0.915482
0.920408, 0.227918, 0.166118, -0.782005
0.920539, 0.617012, -0.119351, -0.796234
0.920584, 0.545157, -0.087318, -0.887519
0.920585, 0.131601, 0.274848, -0.517821
0.920607, 0.246796, 0.144935, -0.819777
0.920855, 0.450385, -0.032469, -0.956334
0.921111, 0.328074, 0.063424, -0.929692
0.921191, 0.044519, 0.352160, -0.187862
0.921209, 0.898486, -0.187000, -0.242716
0.921284, 0.022270, 0.361719, -0.094567
0.921294, 0.000000, 0.365226, 0.000000
0.921546, 0.352622, 0.041316, -0.947862
0.921589, 0.510748, -0.068444, -0.920529
0.921843, 0.087483, 0.315745, -0.360420
0.921859, 0.464075, -0.040850, -0.951209
0.921876, 0.590907, -0.106806, -0.833239
0.921925, 0.364404, 0.031172, -0.954351
0.922146, 0.661203, -0.132830, -0.727712
0.922354, 0.426745, -0.016211, -0.963493
0.922400, 0.110076, 0.291562, -0.445305
0.922555, 0.638831, -0.124425, -0.764066
0.922605, 0.154258, 0.242903, -0.593281
0.922920, 0.717442, -0.148323, -0.628096
0.922940, 0.375381, 0.021815, -0.959546
0.923332, 0.683801, -0.137945, -0.689513
0.923356, 0.751957, -0.156194, -0.561337
0.923520, 0.838835, -0.172811, -0.377569
0.923590, 0.862722, -0.176340, -0.324383
0.923832, 0.066644, 0.325814, -0.279964
0.923934, 0.911232, -0.182272, -0.213501
0.923956, 0.807914, -0.166445, -0.444756
0.924073, 0.166899, 0.224602, -0.632456
0.924126, 0.301419, 0.084767, -0.905704
0.924309, 0.278846, 0.105934, -0.876446
0.924321, 0.557872, -0.089254, -0.875410
0.924345, 0.476419, -0.046962, -0.946246
0.924383, 0.850001, -0.172519, -0.352702
0.924403, 0.603717, -0.108567, -0.816932
0.925023, 0.523442, -0.072067, -0.911245
0.925272, 0.393644, 0.007256, -0.965820
0.925723, 0.875743, -0.173432, -0.295429
0.925877, 0.257051, 0.124946, -0.843501
0.926528, 0.968128, -0.181471, -0.078002
0.926690, 0.946061, -0.179394, -0.131314
0.926763, 0.488928, -0.052547, -0.939741
0.926857, 0.923278, -0.176755, -0.185585
0.927032, 0.739330, -0.145875, -0.587078
0.927193, 0.705776, -0.137191, -0.651064
0.927201, 0.989524, -0.180870, -0.025752
0.927407, 0.237263, 0.141763, -0.808717
0.927604, 0.795585, -0.156421, -0.472028
0.927623, 0.142116, 0.240044, -0.560891
0.927773, 0.828493, -0.161754, -0.401279
0.927827, 0.033102, 0.330905, -0.143189
0.927835, 0.414618, -0.007392, -0.968554
0.927929, 0.011102, 0.337216, -0.048288
0.928010, 0.437561, -0.022100, -0.964955
0.928417, 0.570364, -0.089832, -0.862531
0.928481, 0.120196, 0.259206, -0.486961
0.928604, 0.784084, -0.152169, -0.496578
0.928711, 0.649270, -0.118071, -0.749519
0.928782, 0.627424, -0.110819, -0.783854
0.928862, 0.055524, 0.313684, -0.238288
0.928900, 0.536348, -0.074511, -0.900631
0.928924, 0.671702, -0.124568, -0.712131
0.929141, 0.100059, 0.276342, -0.415229
0.929814, 0.501663, -0.057026, -0.932051
0.930029, 0.889025, -0.165187, -0.265538
0.930170, 0.185809, 0.187519, -0.691414
0.930507, 0.198216, 0.174166, -0.723932
0.930550, 0.210744, 0.161529, -0.754370
0.930584, 0.772627, -0.145808, -0.520768
0.930799, 0.223554, 0.148261, -0.783551
0.930835, 0.694419, -0.127484, -0.672679
0.931069, 0.289499, 0.086883, -0.897234
0.931167, 0.727010, -0.134891, -0.611882
0.931199, 0.383466, 0.013333, -0.968146
0.931471, 0.457180, -0.032612, -0.960060
0.931522, 0.322485, 0.058722, -0.934166
0.931768, 0.582032, -0.090200, -0.849252
0.931921, 0.935554, -0.165988, -0.156994
0.931981, 0.269063, 0.103480, -0.869270
0.931995, 0.817162, -0.150541, -0.426312
0.932007, 0.335258, 0.048274, -0.945049
0.932346, 0.347306, 0.038846, -0.953581
0.932351, 0.077251, 0.282943, -0.329041
0.932384, 0.174780, 0.192512, -0.663543
0.932497, 0.615672, -0.101269, -0.802724
0.932570, 0.761082, -0.139424, -0.544754
0.932594, 0.957287, -0.166448, -0.104913
0.932737, 0.549162, -0.076026, -0.888773
0.932795, 0.130241, 0.234473, -0.526399
0.932976, 0.310972, 0.066577, -0.924311
0.933215, 0.403275, 0.000048, -0.972161
0.933306, 0.089096, 0.269964, -0.377045
0.933428, 0.359516, 0.029301, -0.961116
0.933721, 0.514619, -0.060031, -0.923203
0.933870, 0.044102, 0.300389, -0.193520
0.933877, 0.900495, -0.157674, -0.239785
0.933892, 0.979143, -0.164747, -0.051558
0.934072, 0.593738, -0.091414, -0.834553
0.934143, 0.446789, -0.025595, -0.965756
0.934280, 0.371101, 0.020837, -0.966596
0.934296, 0.425185, -0.013298, -0.971461
0.934408, 1.000000, -0.164155, 0.000000
0.934424, 0.468249, -0.037129, -0.956338
0.934432, 0.000000, 0.310969, 0.000000
0.934507, 0.161435, 0.199033, -0.626649
0.934618, 0.022106, 0.306734, -0.098049
0.934918, 0.659958, -0.110970, -0.733727
0.935058, 0.246600, 0.118333, -0.833646
0.935219, 0.854479, -0.148951, -0.345092
0.935376, 0.682486, -0.116210, -0.695078
0.935401, 0.637593, -0.103754, -0.770401
0.935479, 0.748865, -0.131078, -0.569895
0.935504, 0.867201, -0.149904, -0.316351
0.935581, 0.840744, -0.146197, -0.375610
0.936069, 0.149597, 0.205383, -0.592057
0.936158, 0.299512, 0.072253, -0.914111
0.936211, 0.110909, 0.239803, -0.460829
0.936219, 0.715360, -0.122562, -0.635381
0.936316, 0.480240, -0.042006, -0.950354
0.936317, 0.912759, -0.153157, -0.211222
0.936386, 0.804905, -0.139144, -0.453862
0.936457, 0.605195, -0.092008, -0.819188
0.936590, 0.561971, -0.076681, -0.875665
0.936914, 0.527286, -0.062573, -0.912939
0.937088, 0.879973, -0.147528, -0.286913
0.937356, 0.065998, 0.271388, -0.287552
0.937457, 0.258652, 0.103682, -0.857064
0.937576, 0.279592, 0.086387, -0.889414
0.938462, 0.232986, 0.123522, -0.810531
0.938589, 0.492564, -0.046192, -0.943118
0.939115, 0.392033, 0.006442, -0.974857
0.939567, 0.924609, -0.146621, -0.183628
0.939651, 0.736481, -0.120298, -0.595190
0.939788, 0.792964, -0.129953, -0.479802
0.939943, 0.827443, -0.134519, -0.405123
0.940259, 0.968922, -0.148846, -0.076980
0.940554, 0.413653, -0.005949, -0.976411
0.940589, 0.704466, -0.111918, -0.656576
0.940890, 0.136790, 0.201041, -0.555054
0.940954, 0.434978, -0.017227, -0.973083
0.940988, 0.540218, -0.063594, -0.901467
0.941078, 0.947076, -0.145178, -0.130146
0.941100, 0.218750, 0.129946, -0.782449
0.941185, 0.032890, 0.274748, -0.148096
0.941199, 0.011536, 0.281656, -0.052418
0.941256, 0.625447, -0.091096, -0.791070
0.941385, 0.505367, -0.049547, -0.934468
0.941419, 0.648710, -0.097167, -0.754288
0.941455, 0.781481, -0.124609, -0.504331
0.941457, 0.670434, -0.102520, -0.717610
0.941572, 0.989255, -0.146932, -0.026813
0.941603, 0.205657, 0.139830, -0.752622
0.941683, 0.099282, 0.228846, -0.422392
0.941740, 0.574499, -0.074828, -0.862156
0.941948, 0.054822, 0.259914, -0.244135
0.941994, 0.193204, 0.149380, -0.721989
0.942754, 0.122087, 0.206593, -0.506086
0.942994, 0.329691, 0.043803, -0.948503
0.943345, 0.770102, -0.118818, -0.528199
0.943445, 0.181796, 0.155070, -0.693069
0.943455, 0.693225, -0.104183, -0.677720
0.943542, 0.342381, 0.035211, -0.958110
0.943736, 0.379681, 0.012786, -0.975112
0.943786, 0.457714, -0.027328, -0.966191
0.943789, 0.936092, -0.137398, -0.156520
0.943864, 0.317482, 0.051148, -0.938477
0.944129, 0.890085, -0.132109, -0.264277
0.944187, 0.814571, -0.123510, -0.434166
0.944196, 0.086091, 0.228723, -0.373115
0.944238, 0.724833, -0.109101, -0.618900
0.944251, 0.354862, 0.027077, -0.965877
0.944586, 0.169683, 0.161826, -0.660188
0.944679, 0.586540, -0.074781, -0.847503
0.944850, 0.553010, -0.063877, -0.888835
0.945014, 0.758387, -0.113452, -0.552414
0.945166, 0.291585, 0.067233, -0.911354
0.945217, 0.958627, -0.136076, -0.102483
0.945647, 0.367277, 0.019143, -0.972301
0.945701, 0.267719, 0.083335, -0.878053
0.945743, 0.445378, -0.020830, -0.972102
0.945860, 0.613434, -0.080795, -0.810125
0.945873, 0.305418, 0.057141, -0.927707
0.945906, 0.903221, -0.129462, -0.234479
0.945932, 0.518554, -0.050762, -0.924860
0.945951, 0.470575, -0.031708, -0.960573
0.945997, 0.401681, 0.000541, -0.979565
0.946293, 0.043436, 0.247883, -0.197490
0.946309, 0.848805, -0.122879, -0.358762
0.946490, 0.599297, -0.076041, -0.830595
0.946526, 0.861835, -0.123768, -0.329375
0.946626, 0.157405, 0.165475, -0.625393
0.946749, 0.074391, 0.226590, -0.328168
0.946885, 0.875168, -0.124283, -0.299000
0.947126, 0.241203, 0.100065, -0.833313
0.947172, 0.424380, -0.010527, -0.978543
0.947214, 0.681248, -0.094825, -0.699940
0.947322, 0.000000, 0.256405, 0.000000
0.947325, 0.253617, 0.090655, -0.855913
0.947442, 0.746263, -0.106515, -0.577184
0.947653, 0.637696, -0.084305, -0.773436
0.947706, 0.836236, -0.118247, -0.386676
0.947971, 0.483180, -0.035583, -0.953650
0.948001, 0.659077, -0.088711, -0.738769
0.948285, 0.023398, 0.248004, -0.108328
0.948350, 0.145109, 0.169558, -0.588618
0.948420, 1.000000, -0.131259, 0.000000
0.948440, 0.978486, -0.130149, -0.054030
0.948519, 0.279743, 0.070849, -0.897878
0.948714, 0.530943, -0.052357, -0.914004
0.948834, 0.565300, -0.063049, -0.875785
0.948879, 0.110041, 0.193433, -0.467973
0.949048, 0.916171, -0.123119, -0.204314
0.949113, 0.802578, -0.111168, -0.460527
0.949179, 0.227521, 0.105800, -0.807675
0.950037, 0.495955, -0.038939, -0.945310
0.950259, 0.714106, -0.095532, -0.640286
0.951473, 0.063030, 0.213840, -0.284134
0.951601, 0.388775, 0.006445, -0.981150
0.951781, 0.213424, 0.110012, -0.778627
0.951786, 0.130832, 0.168216, -0.543229
0.952294, 0.790554, -0.102817, -0.486708
0.952421, 0.823099, -0.106337, -0.416543
0.952501, 0.509101, -0.041511, -0.935508
0.952758, 0.734113, -0.094001, -0.602321
0.952935, 0.928297, -0.114690, -0.175813
0.952966, 0.626772, -0.073432, -0.791676
0.952973, 0.412206, -0.004311, -0.982759
0.953076, 0.096550, 0.186455, -0.420236
0.953102, 0.543961, -0.051909, -0.901789
0.953132, 0.200572, 0.115632, -0.749011
0.953756, 0.703230, -0.087046, -0.661246
0.953806, 0.011643, 0.227406, -0.055315
0.954176, 0.669349, -0.080228, -0.722473
0.954351, 0.336689, 0.031095, -0.960665
0.954410, 0.779349, -0.096896, -0.510453
0.954532, 0.435512, -0.013626, -0.979274
0.954630, 0.648495, -0.075356, -0.757661
0.954765, 0.324263, 0.037302, -0.951270
0.954826, 0.941061, -0.111139, -0.145509
0.954863, 0.966996, -0.113627, -0.082885
0.954920, 0.189092, 0.118723, -0.721143
0.954961, 0.952812, -0.112223, -0.117640
0.955019, 0.578691, -0.059028, -0.860848
0.955039, 0.349494, 0.024188, -0.969078
0.955239, 0.050776, 0.204445, -0.234040
0.955410, 0.035880, 0.211130, -0.167960
0.955510, 0.449665, -0.018698, -0.974711
0.955549, 0.462108, -0.023216, -0.969059
0.955680, 0.691616, -0.081505, -0.682824
0.955712, 0.767669, -0.092676, -0.534809
0.955724, 0.177020, 0.124475, -0.689153
0.955774, 0.989675, -0.113210, -0.026351
0.956031, 0.882683, -0.103804, -0.283061
0.956104, 0.362166, 0.017636, -0.975772
0.956173, 0.375887, 0.011425, -0.980594
0.956219, 0.895271, -0.104408, -0.253996
0.956257, 0.312209, 0.042281, -0.941056
0.956317, 0.083743, 0.181175, -0.371922
0.956350, 0.299230, 0.049078, -0.927285
0.956591, 0.591689, -0.060058, -0.844193
0.956614, 0.120026, 0.158206, -0.508947
0.956951, 0.604917, -0.062559, -0.825620
0.957006, 0.164858, 0.128640, -0.655366
0.957096, 0.261126, 0.069413, -0.875091
0.957102, 0.616632, -0.064905, -0.808127
0.957179, 0.755883, -0.088116, -0.558951
0.957389, 0.812026, -0.094150, -0.441113
0.957501, 0.868839, -0.099191, -0.314768
0.957608, 0.855714, -0.097787, -0.344384
0.957635, 0.554915, -0.049757, -0.890863
0.957768, 0.399770, 0.000931, -0.985009
0.957776, 0.474419, -0.026217, -0.962958
0.957823, 0.287150, 0.053809, -0.913512
0.957901, 0.723773, -0.082319, -0.623142
0.957962, 0.908082, -0.101200, -0.224059
0.958179, 0.273441, 0.060744, -0.894712
0.958285, 0.843285, -0.095076, -0.372030
0.958292, 0.247903, 0.074879, -0.853013
0.958363, 0.522787, -0.040421, -0.924896
0.958573, 0.152395, 0.131597, -0.618746
0.958586, 0.235172, 0.081697, -0.829202
0.958877, 0.422930, -0.007939, -0.983788
0.958926, 0.679782, -0.073671, -0.704744
0.959056, 0.139482, 0.137844, -0.577599
0.959184, 0.743982, -0.082502, -0.583148
0.959538, 0.831119, -0.091152, -0.399193
0.959540, 0.486832, -0.029000, -0.955353
0.959669, 0.567410, -0.050418, -0.876211
0.959927, 0.221796, 0.086579, -0.802576
0.960059, 0.535434, -0.042104, -0.912634
0.960127, 0.000000, 0.201103, 0.000000
0.960571, 0.636950, -0.063498, -0.777623
0.960620, 0.023299, 0.193601, -0.112402
0.960893, 0.106751, 0.150101, -0.463192
0.961014, 0.071777, 0.168374, -0.326132
0.961321, 0.499288, -0.031305, -0.946462
0.961571, 0.659449, -0.065715, -0.740674
0.961904, 0.799231, -0.083044, -0.469434
0.961922, 0.979499, -0.097898, -0.052552
0.962144, 0.921024, -0.092069, -0.193731
0.962592, 1.000000, -0.097701, 0.000000
0.963035, 0.511821, -0.033240, -0.936198
0.963167, 0.207972, 0.086794, -0.773019
0.963779, 0.388366, 0.004678, -0.986306
0.964438, 0.711605, -0.068082, -0.647675
0.964770, 0.059958, 0.158048, -0.278652
0.965121, 0.409828, -0.002697, -0.987552
0.965132, 0.093786, 0.140208, -0.415915
0.965341, 0.442578, -0.012762, -0.980632
0.965705, 0.788279, -0.073808, -0.493199
0.965728, 0.342920, 0.020839, -0.969815
0.965755, 0.330631, 0.025597, -0.961359
0.965903, 0.046422, 0.159430, -0.220653
0.965922, 0.932632, -0.083890, -0.167008
0.966177, 0.698859, -0.063190, -0.671551
0.966264, 0.957995, -0.085306, -0.106295
0.966358, 0.196791, 0.084681, -0.747426
0.966358, 0.011215, 0.172062, -0.056245
0.966362, 0.625515, -0.052414, -0.796377
0.966453, 0.130098, 0.117559, -0.549175
0.966473, 0.455333, -0.015943, -0.975690
0.966736, 0.775994, -0.070478, -0.519195
0.966807, 0.945339, -0.082662, -0.136651
0.966942, 0.184328, 0.089292, -0.715337
0.966975, 0.735688, -0.065921, -0.600703
0.967087, 0.354724, 0.015780, -0.976831
0.967090, 0.586229, -0.044660, -0.853587
0.967113, 0.821080, -0.073397, -0.422181
0.967167, 0.366916, 0.011491, -0.982045
0.967180, 0.318955, 0.028965, -0.952294
0.967209, 0.546101, -0.036879, -0.902791
0.967242, 0.647390, -0.054350, -0.761814
0.967404, 0.969640, -0.083321, -0.077538
0.967509, 0.306500, 0.033515, -0.940378
0.967606, 0.888421, -0.076907, -0.270645
0.967615, 0.034158, 0.157177, -0.166284
0.967635, 0.875517, -0.076004, -0.300270
0.967664, 0.599504, -0.046183, -0.835201
0.967695, 0.671211, -0.056872, -0.721399
0.967774, 0.431672, -0.008868, -0.984738
0.967797, 0.171640, 0.093051, -0.680647
0.967865, 0.763368, -0.066920, -0.545380
0.968015, 0.685997, -0.058180, -0.695070
0.968034, 0.466794, -0.018163, -0.970247
0.968314, 0.900966, -0.075967, -0.241476
0.968319, 0.294096, 0.037544, -0.926859
0.968344, 0.378360, 0.007266, -0.985893
0.968378, 0.117004, 0.116936, -0.504703
0.968438, 0.612791, -0.047255, -0.815998
0.968459, 0.574126, -0.040664, -0.869422
0.968477, 0.861877, -0.073175, -0.331387
0.968511, 0.280920, 0.042577, -0.910178
0.968512, 0.254861, 0.053460, -0.870456
0.968735, 0.267602, 0.047689, -0.890985
0.968817, 0.081692, 0.130604, -0.369992
0.968828, 0.158604, 0.096145, -0.642811
0.968951, 0.723562, -0.060720, -0.624659
0.969029, 0.750275, -0.063245, -0.571867
0.969064, 0.559705, -0.037320, -0.887520
0.969098, 0.808287, -0.068044, -0.450283
0.969099, 0.848521, -0.070858, -0.361463
0.969172, 0.144794, 0.101407, -0.599637
0.969373, 0.241674, 0.057499, -0.847379
0.969614, 0.479060, -0.020192, -0.963148
0.969808, 0.531793, -0.031305, -0.918653
0.969849, 0.228844, 0.062015, -0.822682
0.969854, 0.835151, -0.068217, -0.391232
0.969858, 0.913432, -0.072859, -0.211967
0.970438, 0.419806, -0.005028, -0.987970
0.970489, 0.398772, 0.000862, -0.989350
0.970753, 0.215928, 0.065479, -0.795295
0.970775, 0.989149, -0.077248, -0.028678
0.971101, 0.491781, -0.021986, -0.954483
0.971218, 0.519525, -0.027513, -0.930777
0.972473, 0.505038, -0.023602, -0.944103
0.973156, 0.000000, 0.143589, 0.000000
0.973194, 0.103851, 0.104228, -0.458360
0.973407, 0.635530, -0.042710, -0.781634
0.973432, 0.021821, 0.135683, -0.110503
0.973821, 0.658304, -0.044721, -0.744218
0.975151, 0.069069, 0.108628, -0.320691
0.976193, 1.000000, -0.066067, 0.000000
0.976357, 0.798068, -0.051516, -0.473482
0.976501, 0.447985, -0.009880, -0.981208
0.976504, 0.055917, 0.107461, -0.266394
0.976634, 0.978260, -0.061491, -0.057155
0.976714, 0.923994, -0.056761, -0.187339
0.976807, 0.337031, 0.015457, -0.969864
0.976865, 0.705182, -0.043763, -0.660390
0.977296, 0.205591, 0.054364, -0.773010
0.977579, 0.784671, -0.048052, -0.501781
0.977709, 0.386472, 0.003336, -0.990178
0.977726, 0.937667, -0.055245, -0.155812
0.977925, 0.192227, 0.057144, -0.740400
0.978038, 0.951400, -0.055307, -0.123034
0.978043, 0.093138, 0.088801, -0.419535
0.978043, 0.043443, 0.104992, -0.212912
0.978046, 0.717005, -0.042492, -0.638145
0.978149, 0.692602, -0.040315, -0.683733
0.978175, 0.679365, -0.039158, -0.707500
0.978185, 0.137537, 0.074120, -0.579803
0.978282, 0.593809, -0.030415, -0.844666
0.978373, 0.743622, -0.043762, -0.586026
0.978379, 0.622004, -0.033353, -0.803512
0.978416, 0.771332, -0.045452, -0.529562
0.978445, 0.347901, 0.011786, -0.977069
0.978486, 0.178950, 0.059902, -0.705460
0.978497, 0.326231, 0.017080, -0.962210
0.978506, 0.124937, 0.077115, -0.537380
0.978520, 0.607453, -0.031602, -0.825245
0.978598, 0.964621, -0.055013, -0.091203
0.978612, 0.540130, -0.023227, -0.911285
0.978650, 0.411120, -0.001888, -0.991163
0.978668, 0.553091, -0.024917, -0.896825
0.978678, 0.360097, 0.008895, -0.982969
0.978690, 0.882119, -0.050317, -0.285415
0.978726, 0.314097, 0.019980, -0.951600
0.978776, 0.868617, -0.049547, -0.316377
0.978782, 0.826400, -0.047690, -0.411675
0.978838, 0.567125, -0.026475, -0.879847
0.978894, 0.437536, -0.006911, -0.985645
0.978907, 0.580772, -0.028035, -0.862365
0.978934, 0.812985, -0.046640, -0.440998
0.978986, 0.730850, -0.041634, -0.611155
0.979040, 0.301435, 0.022936, -0.938745
0.979073, 0.757796, -0.043234, -0.557293
0.979117, 0.372715, 0.005953, -0.987454
0.979122, 0.458833, -0.010600, -0.976769
0.979129, 0.895577, -0.049817, -0.254245
0.979131, 0.165515, 0.062279, -0.667597
0.979140, 0.288197, 0.026286, -0.923158
0.979214, 0.274814, 0.029779, -0.905181
0.979327, 0.151699, 0.065952, -0.625823
0.979411, 0.261341, 0.033152, -0.884716
0.979451, 0.854819, -0.047403, -0.347752
0.979452, 0.011609, 0.112038, -0.063052
0.979534, 0.248016, 0.036683, -0.862190
0.979653, 0.667410, -0.035512, -0.728763
0.979653, 0.031375, 0.101565, -0.158758
0.979679, 0.647530, -0.033757, -0.762621
0.979807, 0.909222, -0.048698, -0.222302
0.979810, 0.470975, -0.012173, -0.970201
0.979910, 0.840913, -0.045750, -0.379035
0.979981, 0.080930, 0.084447, -0.371336
0.980157, 0.112429, 0.074795, -0.492905
0.980200, 0.425444, -0.004324, -0.989192
0.980220, 0.234291, 0.039223, -0.836573
0.980490, 0.220450, 0.042549, -0.808017
0.980859, 0.484061, -0.013443, -0.961887
0.980966, 0.526509, -0.019019, -0.925737
0.981170, 0.398809, 0.000552, -0.991917
0.981193, 0.512468, -0.017010, -0.939052
0.981705, 0.497795, -0.014689, -0.951696
0.984734, 0.634974, -0.024515, -0.783500
0.985921, 0.987310, -0.040122, -0.036152
0.986045, 0.000000, 0.089131, 0.000000
0.987634, 0.062734, 0.055438, -0.297754
0.988067, 0.102723, 0.046625, -0.457630
0.988096, 0.022404, 0.063469, -0.120311
0.988252, 0.657773, -0.020017, -0.746443
0.988328, 1.000000, -0.037976, 0.000000
0.988400, 0.792066, -0.025091, -0.486558
0.988401, 0.805050, -0.025490, -0.458748
0.988524, 0.930667, -0.028376, -0.172940
0.988629, 0.973044, -0.030285, -0.071745
0.988738, 0.917440, -0.027440, -0.203820
0.988753, 0.337172, 0.007501, -0.971987
0.988754, 0.199267, 0.027947, -0.760934
0.988792, 0.049944, 0.052513, -0.243695
0.988821, 0.613911, -0.016792, -0.816636
0.988837, 0.698227, -0.020849, -0.674469
0.988846, 0.447949, -0.004661, -0.983224
0.988905, 0.944416, -0.027826, -0.140279
0.988966, 0.710849, -0.021140, -0.650778
0.988988, 0.212327, 0.025232, -0.791930
0.989037, 0.778681, -0.023319, -0.514771
0.989039, 0.684992, -0.019927, -0.698817
0.989055, 0.378729, 0.002509, -0.990428
0.989064, 0.074889, 0.046976, -0.348356
0.989159, 0.185932, 0.029057, -0.726961
0.989162, 0.724030, -0.021247, -0.625312
0.989166, 0.600669, -0.015560, -0.836129
0.989197, 0.751136, -0.022121, -0.571496
0.989228, 0.560358, -0.013058, -0.889392
0.989235, 0.144455, 0.035473, -0.604873
0.989252, 0.958419, -0.027564, -0.106882
0.989378, 0.130951, 0.037119, -0.559915
0.989422, 0.546987, -0.011981, -0.905007
0.989423, 0.587448, -0.014442, -0.854592
0.989430, 0.875272, -0.024855, -0.301613
0.989431, 0.765028, -0.022070, -0.543092
0.989434, 0.573894, -0.013634, -0.872543
0.989479, 0.172363, 0.030323, -0.689812
0.989501, 0.833055, -0.023756, -0.397109
0.989535, 0.351107, 0.005472, -0.980178
0.989539, 0.419476, -0.001836, -0.991513
0.989553, 0.888998, -0.024859, -0.269966
0.989561, 0.737713, -0.020931, -0.598375
0.989565, 0.323266, 0.008569, -0.961752
0.989589, 0.861520, -0.024182, -0.332983
0.989607, 0.819120, -0.023182, -0.427928
0.989655, 0.295723, 0.011963, -0.934558
0.989656, 0.309478, 0.010203, -0.949289
0.989659, 0.158480, 0.031945, -0.649041
0.989663, 0.282044, 0.013756, -0.917565
0.989713, 0.268401, 0.015536, -0.898240
0.989717, 0.364904, 0.003811, -0.986339
0.989843, 0.089252, 0.041689, -0.406640
0.989858, 0.254700, 0.017183, -0.876346
0.989875, 0.533755, -0.010598, -0.919306
0.989914, 0.902991, -0.024292, -0.237435
0.989943, 0.847431, -0.023059, -0.364821
0.989957, 0.391612, 0.000920, -0.992592
0.989987, 0.036508, 0.049524, -0.185024
0.989993, 0.671687, -0.017635, -0.722466
0.989993, 0.240935, 0.018875, -0.851829
0.990070, 0.461862, -0.005217, -0.976727
0.990166, 0.117252, 0.036452, -0.512035
0.990176, 0.433956, -0.002977, -0.988204
0.990323, 0.406156, -0.000471, -0.992998
0.990335, 0.226755, 0.020179, -0.823790
0.990410, 0.475928, -0.006138, -0.968501
0.990529, 0.626488, -0.014843, -0.797218
0.990627, 0.505006, -0.008014, -0.946641
0.990660, 0.519424, -0.008924, -0.933642
0.990892, 0.490294, -0.006838, -0.958497
0.991263, 0.644506, -0.014383, -0.768449
0.991507, 0.009728, 0.054668, -0.062761
1.000000, 0.000000, 0.000000, 0.000000
1.000000, 0.015532, 0.000000, -0.096472
1.000000, 0.028850, 0.000000, -0.152195
1.000000, 0.042949, 0.000000, -0.215080
1.000000, 0.056291, 0.000000, -0.272101
1.000000, 0.069044, 0.000000, -0.324892
1.000000, 0.082503, 0.000000, -0.380775
1.000000, 0.096534, 0.000000, -0.436250
1.000000, 0.109755, 0.000000, -0.485160
1.000000, 0.124015, 0.000000, -0.537472
1.000000, 0.137778, 0.000000, -0.584168
1.000000, 0.151462, 0.000000, -0.628216
1.000000, 0.165363, 0.000000, -0.670592
1.000000, 0.179123, 0.000000, -0.709633
1.000000, 0.192679, 0.000000, -0.745416
1.000000, 0.206020, 0.000000, -0.778050
1.000000, 0.219510, 0.000000, -0.808769
1.000000, 0.233742, 0.000000, -0.838768
1.000000, 0.247716, 0.000000, -0.864919
1.000000, 0.261565, 0.000000, -0.888276
1.000000, 0.275318, 0.000000, -0.908915
1.000000, 0.289054, 0.000000, -0.927114
1.000000, 0.302820, 0.000000, -0.942980
1.000000, 0.316639, 0.000000, -0.956595
1.000000, 0.330474, 0.000000, -0.967968
1.000000, 0.343940, 0.000000, -0.976874
1.000000, 0.357765, 0.000000, -0.984194
1.000000, 0.371624, 0.000000, -0.989328
1.000000, 0.385056, 0.000000, -0.992317
1.000000, 0.398969, 0.000000, -0.993611
1.000000, 0.413133, 0.000000, -0.992943
1.000000, 0.426906, 0.000000, -0.990576
1.000000, 0.441120, 0.000000, -0.986310
1.000000, 0.454635, 0.000000, -0.980764
1.000000, 0.468755, 0.000000, -0.973200
1.000000, 0.483042, 0.000000, -0.963984
1.000000, 0.497614, 0.000000, -0.952967
1.000000, 0.512011, 0.000000, -0.940710
1.000000, 0.526367, 0.000000, -0.926995
1.000000, 0.540182, 0.000000, -0.912694
1.000000, 0.553712, 0.000000, -0.897491
1.000000, 0.567155, 0.000000, -0.881274
1.000000, 0.580727, 0.000000, -0.863727
1.000000, 0.594305, 0.000000, -0.845200
1.000000, 0.607788, 0.000000, -0.825939
1.000000, 0.621199, 0.000000, -0.805987
1.000000, 0.635694, 0.000000, -0.782769
1.000000, 0.650763, 0.000000, -0.757762
1.000000, 0.663986, 0.000000, -0.736274
1.000000, 0.677907, 0.000000, -0.711335
1.000000, 0.691215, 0.000000, -0.687519
1.000000, 0.704361, 0.000000, -0.663222
1.000000, 0.717586, 0.000000, -0.638022
1.000000, 0.730985, 0.000000, -0.611932
1.000000, 0.744658, 0.000000, -0.584620
1.000000, 0.758202, 0.000000, -0.557315
1.000000, 0.771928, 0.000000, -0.528943
1.000000, 0.785479, 0.000000, -0.500652
1.000000, 0.798750, 0.000000, -0.472618
1.000000, 0.812090, 0.000000, -0.443803
1.000000, 0.826103, 0.000000, -0.412597
1.000000, 0.840085, 0.000000, -0.381514
1.000000, 0.854292, 0.000000, -0.349364
1.000000, 0.868258, 0.000000, -0.317736
1.000000, 0.882118, 0.000000, -0.285999
1.000000, 0.896062, 0.000000, -0.253689
1.000000, 0.910254, 0.000000, -0.220488
1.000000, 0.923822, 0.000000, -0.189172
1.000000, 0.937238, 0.000000, -0.157779
1.000000, 0.950773, 0.000000, -0.125772
1.000000, 0.964301, 0.000000, -0.093748
1.000000, 0.976971, 0.000000, -0.064147
1.000000, 0.988540, 0.000000, -0.037566
1.000000, 1.000000, 0.000000, 0.000000
